ID,名称
1,"ミス！修正しろ！"
2,"ダンジョン視界抑制用"
3,"アイテムポップアップ抑制用"
4,"???"
5,"???"
6,"アイテム汎用1"
7,"アイテム汎用2"
8,"アイテム汎用3"
9,"拡張選択肢"
10,"汎用0"
11,"汎用1"
12,"汎用2"
13,"汎用3"
14,"汎用4"
15,"汎用5"
16,"汎用6"
17,"汎用7"
18,"汎用8"
19,"マップギミック用"
20,"戦闘会話時フラグ"
21,"マップID"
22,"ポケット魔王城：X座標"
23,"ポケット魔王城：Y座標"
24,"戦闘時会話：アイテム所持数"
25,"戦闘会話時フラグ2"
26,"誘惑時ダメージ"
27,"ルカHP"
28,"リレミト用マップID取得"
29,"敵1のID"
30,"敵2のID"
31,"敵3のID"
32,"敵4のID"
33,"敵5のID"
34,"敵6のID"
35,"???"
36,"???"
37,"比較用HP"
38,"比較用最大HP"
39,"ルカ最大HP"
40,"???"
41,"難易度：HP"
42,"難易度：攻撃"
43,"難易度：防御"
44,"難易度：素早さ"
45,"難易度：即死耐性"
46,"難易度：経験値"
47,"難易度：ゴールド"
48,"難易度：MP"
49,"難易度：職業経験値"
50,"???"
51,"友好度増減用敵ID"
52,"戦闘後、味方友好度アップ値"
53,"野営用：X座標"
54,"野営用：Y座標"
55,"累計メダル交換枚数"
56,"パーティ上限数追加"
57,"ID1000以上移動用"
58,"装備選択ID"
59,"累計大きなメダル交換枚数"
60,"ポケット魔王城BGM"
61,"おねだり通常/死亡判定用"
62,"???"
63,"???"
64,"???"
65,"難易度：最大HPに加算"
66,"難易度：最大MPに加算"
67,"難易度：攻撃力に加算"
68,"難易度：防御力に加算"
69,"難易度：魔力に加算"
70,"難易度：精神力に加算"
71,"難易度：素早さに加算"
72,"難易度：器用さに加算"
73,"難易度：経験値に加算"
74,"難易度：職業経験値に加算"
75,"難易度：獲得ゴールドに加算"
76,"???"
77,"???"
78,"???"
79,"???"
80,"???"
81,"サバイバル1勝ち抜き数"
82,"サバイバル1勝ち抜き記録"
83,"サバイバル1商品獲得用"
84,"チャレンジターン"
85,"チャレンジダメージ"
86,"チャレンジ記録ダメージ"
87,"チャレンジ賞品"
88,"???"
89,"???"
90,"???"
91,"???"
92,"カスタム：敵のHP"
93,"カスタム：敵の攻撃力"
94,"カスタム：敵の防御力"
95,"カスタム：敵の素早さ"
96,"カスタム：経験値"
97,"カスタム：職業経験値"
98,"カスタム：ゴールド"
99,"カスタム：敵のHP自動減少"
100,"スキル使用者ID"
101,"スキル対象者ID"
102,"現在の歩数"
103,"現在の所持金"
104,"使用スキルID"
105,"使用スキル成否判定"
106,"スキル対象者友好度"
107,"立ち上がったエネミーのID"
108,"スキル使用者LV"
109,"スキル対象者LV"
110,"カジノコイン"
111,"前の戦闘ターン数"
112,"敵から誘惑・会話用"
113,"Hシーンでの敵ID"
114,"数値入力桁数"
115,"???"
116,"???"
117,"???"
118,"???"
119,"???"
120,"???"
121,"混沌の迷宮現在階層"
122,"混沌の迷宮最高階層"
123,"混沌迷宮の種類"
124,"前章混沌の迷宮"
125,"階段パターン"
126,"イベントパターン1"
127,"ボス階層判定用"
128,"イベントパターン2"
129,"イベント選択用"
130,"一言セリフ用"
131,"黒のアリス階層"
132,"混沌・森"
133,"混沌・丘"
134,"混沌・海"
135,"混沌・砂漠"
136,"混沌・洞窟"
137,"混沌・塔"
138,"混沌・町"
139,"混沌・カオス"
140,"レア宝箱出現率1"
141,"レア宝箱出現率2"
142,"レア宝箱出現率3"
143,"レア宝箱出現率4"
144,"レア宝箱出現率5"
145,"レア宝箱出現率6"
146,"???"
147,"???"
148,"イベントパターンレア"
149,"混沌の迷宮敵レベル"
150,"混沌の迷宮レア値"
151,"混沌の試練ランク"
152,"混沌の迷宮レア値*10"
153,"イベント選択用レア"
154,"???"
155,"修羅の迷宮現在階層"
156,"修羅の迷宮最高階層"
157,"修羅迷宮ボーナスポイント"
158,"旧・混沌の迷宮到達階層"
159,"旧・修羅の迷宮到達階層"
160,"???"
161,"???"
162,"???"
163,"???"
164,"???"
165,"???"
166,"???"
167,"???"
168,"???"
169,"???"
170,"???"
171,"???"
172,"???"
173,"???"
174,"???"
175,"???"
176,"???"
177,"???"
178,"???"
179,"???"
180,"???"
181,"???"
182,"???"
183,"???"
184,"???"
185,"???"
186,"???"
187,"???"
188,"???"
189,"???"
190,"???"
191,"???"
192,"???"
193,"???"
194,"???"
195,"???"
196,"???"
197,"???"
198,"???"
199,"???"
200,"秘武器所持数"
201,"秘防具所持数"
202,"ロゴスマギア使用回数"
203,"???"
204,"???"
205,"???"
206,"???"
207,"???"
208,"???"
209,"???"
210,"???"
211,"???"
212,"???"
213,"???"
214,"???"
215,"???"
216,"???"
217,"???"
218,"???"
219,"???"
220,"???"
221,"???"
222,"???"
223,"???"
224,"???"
225,"???"
226,"???"
227,"???"
228,"???"
229,"???"
230,"???"
231,"???"
232,"???"
233,"???"
234,"???"
235,"???"
236,"???"
237,"???"
238,"???"
239,"???"
240,"???"
241,"???"
242,"???"
243,"???"
244,"???"
245,"???"
246,"???"
247,"???"
248,"???"
249,"???"
250,"???"
251,"???"
252,"???"
253,"???"
254,"???"
255,"???"
256,"???"
257,"???"
258,"???"
259,"???"
260,"???"
261,"???"
262,"???"
263,"???"
264,"???"
265,"???"
266,"???"
267,"???"
268,"???"
269,"???"
270,"???"
271,"???"
272,"???"
273,"???"
274,"???"
275,"???"
276,"???"
277,"???"
278,"???"
279,"???"
280,"???"
281,"???"
282,"???"
283,"???"
284,"???"
285,"???"
286,"???"
287,"???"
288,"???"
289,"???"
290,"???"
291,"???"
292,"???"
293,"???"
294,"???"
295,"???"
296,"???"
297,"???"
298,"???"
299,"???"
300,"???"
301,"???"
302,"???"
303,"???"
304,"???"
305,"???"
306,"???"
307,"???"
308,"???"
309,"???"
310,"???"
311,"???"
312,"???"
313,"???"
314,"???"
315,"???"
316,"???"
317,"???"
318,"???"
319,"???"
320,"???"
321,"???"
322,"???"
323,"???"
324,"???"
325,"???"
326,"???"
327,"???"
328,"???"
329,"???"
330,"???"
331,"???"
332,"???"
333,"???"
334,"???"
335,"???"
336,"???"
337,"???"
338,"???"
339,"???"
340,"???"
341,"???"
342,"???"
343,"???"
344,"???"
345,"???"
346,"???"
347,"???"
348,"???"
349,"???"
350,"???"
351,"???"
352,"???"
353,"???"
354,"???"
355,"???"
356,"???"
357,"???"
358,"???"
359,"???"
360,"???"
361,"???"
362,"???"
363,"???"
364,"???"
365,"???"
366,"???"
367,"???"
368,"???"
369,"???"
370,"???"
371,"???"
372,"???"
373,"???"
374,"???"
375,"???"
376,"???"
377,"???"
378,"???"
379,"???"
380,"???"
381,"???"
382,"???"
383,"???"
384,"???"
385,"???"
386,"???"
387,"???"
388,"???"
389,"???"
390,"???"
391,"???"
392,"???"
393,"???"
394,"???"
395,"???"
396,"???"
397,"???"
398,"???"
399,"???"
400,"???"
401,"???"
402,"???"
403,"???"
404,"???"
405,"???"
406,"???"
407,"???"
408,"???"
409,"???"
410,"???"
411,"???"
412,"???"
413,"???"
414,"???"
415,"???"
416,"???"
417,"???"
418,"???"
419,"???"
420,"???"
421,"???"
422,"???"
423,"???"
424,"???"
425,"???"
426,"???"
427,"???"
428,"???"
429,"???"
430,"???"
431,"???"
432,"???"
433,"???"
434,"???"
435,"???"
436,"???"
437,"???"
438,"???"
439,"???"
440,"???"
441,"???"
442,"???"
443,"???"
444,"???"
445,"???"
446,"???"
447,"???"
448,"???"
449,"???"
450,"???"
451,"???"
452,"???"
453,"???"
454,"???"
455,"???"
456,"???"
457,"???"
458,"???"
459,"???"
460,"???"
461,"???"
462,"???"
463,"???"
464,"???"
465,"???"
466,"???"
467,"???"
468,"???"
469,"???"
470,"???"
471,"???"
472,"???"
473,"???"
474,"???"
475,"???"
476,"???"
477,"???"
478,"???"
479,"???"
480,"???"
481,"???"
482,"???"
483,"???"
484,"???"
485,"???"
486,"???"
487,"???"
488,"???"
489,"???"
490,"???"
491,"???"
492,"???"
493,"???"
494,"???"
495,"???"
496,"???"
497,"???"
498,"???"
499,"???"
500,"???"
501,"???"
502,"???"
503,"???"
504,"???"
505,"???"
506,"???"
507,"???"
508,"???"
509,"???"
510,"???"
511,"???"
512,"???"
513,"???"
514,"???"
515,"???"
516,"???"
517,"???"
518,"???"
519,"???"
520,"???"
521,"???"
522,"???"
523,"???"
524,"???"
525,"???"
526,"???"
527,"???"
528,"???"
529,"???"
530,"???"
531,"???"
532,"???"
533,"???"
534,"???"
535,"???"
536,"???"
537,"???"
538,"???"
539,"???"
540,"???"
541,"???"
542,"???"
543,"???"
544,"???"
545,"???"
546,"???"
547,"???"
548,"???"
549,"???"
550,"???"
551,"???"
552,"???"
553,"???"
554,"???"
555,"???"
556,"???"
557,"???"
558,"???"
559,"???"
560,"???"
561,"???"
562,"???"
563,"???"
564,"???"
565,"???"
566,"???"
567,"???"
568,"???"
569,"???"
570,"???"
571,"???"
572,"???"
573,"???"
574,"???"
575,"???"
576,"???"
577,"???"
578,"???"
579,"???"
580,"???"
581,"???"
582,"???"
583,"???"
584,"???"
585,"???"
586,"???"
587,"???"
588,"???"
589,"???"
590,"???"
591,"???"
592,"???"
593,"???"
594,"???"
595,"???"
596,"???"
597,"???"
598,"???"
599,"???"
600,"???"
601,"ルドマン結婚イベント"
602,"泉の精イベント"
603,"魚捕まえイベント"
604,"コロシアムイベント"
605,"ケンカ仲裁イベント"
606,"ルビーの涙イベント"
607,"大ボスイベント"
608,"探偵イベント"
609,"???"
610,"???"
611,"???"
612,"???"
613,"???"
614,"???"
615,"???"
616,"???"
617,"???"
618,"???"
619,"???"
620,"???"
621,"???"
622,"???"
623,"???"
624,"???"
625,"???"
626,"???"
627,"???"
628,"???"
629,"???"
630,"???"
631,"???"
632,"???"
633,"???"
634,"???"
635,"???"
636,"???"
637,"???"
638,"???"
639,"???"
640,"???"
641,"???"
642,"???"
643,"???"
644,"???"
645,"???"
646,"???"
647,"???"
648,"???"
649,"???"
650,"???"
651,"???"
652,"???"
653,"???"
654,"???"
655,"???"
656,"???"
657,"???"
658,"???"
659,"???"
660,"???"
661,"???"
662,"???"
663,"???"
664,"???"
665,"???"
666,"???"
667,"???"
668,"???"
669,"???"
670,"???"
671,"???"
672,"???"
673,"???"
674,"???"
675,"???"
676,"???"
677,"???"
678,"???"
679,"???"
680,"???"
681,"???"
682,"???"
683,"???"
684,"???"
685,"???"
686,"???"
687,"???"
688,"???"
689,"???"
690,"???"
691,"???"
692,"???"
693,"???"
694,"???"
695,"???"
696,"???"
697,"???"
698,"???"
699,"???"
700,"???"
701,"コロシアムランク"
702,"コロシアム汎用"
703,"妖魔限定"
704,"亜人限定"
705,"サキュバス限定"
706,"ヴァンパイア限定"
707,"人魚限定"
708,"エルフ限定"
709,"フェアリー限定"
710,"スライム限定"
711,"魔獣限定"
712,"妖狐限定"
713,"ラミア限定"
714,"スキュラ限定"
715,"ハーピー限定"
716,"ドラゴン限定"
717,"陸棲種限定"
718,"海棲種限定"
719,"虫限定"
720,"植物限定"
721,"ゾンビ限定"
722,"ゴースト限定"
723,"人形限定"
724,"キメラ限定"
725,"天使限定"
726,"人間限定"
727,"アポトーシス限定"
728,"ロイド限定"
729,"???"
730,"???"
731,"???"
732,"???"
733,"???"
734,"???"
735,"???"
736,"???"
737,"???"
738,"???"
739,"???"
740,"???"
741,"???"
742,"???"
743,"???"
744,"???"
745,"???"
746,"???"
747,"???"
748,"???"
749,"???"
750,"???"
751,"???"
752,"???"
753,"???"
754,"???"
755,"???"
756,"???"
757,"???"
758,"???"
759,"???"
760,"???"
761,"???"
762,"???"
763,"???"
764,"???"
765,"???"
766,"???"
767,"???"
768,"???"
769,"???"
770,"???"
771,"???"
772,"???"
773,"???"
774,"???"
775,"???"
776,"???"
777,"???"
778,"???"
779,"???"
780,"???"
781,"???"
782,"???"
783,"???"
784,"???"
785,"???"
786,"???"
787,"???"
788,"???"
789,"???"
790,"???"
791,"???"
792,"???"
793,"???"
794,"???"
795,"???"
796,"???"
797,"???"
798,"???"
799,"???"
800,"???"
801,"BF：マリー"
802,"BF：エリィ"
803,"BF：ステラ"
804,"BF：ドン・ダリア"
805,"BF：バニィちゃん"
806,"BF：ルイズ"
807,"BF：メイリン"
808,"BF：ケイト"
809,"BF：エリッサ"
810,"BF：フィーズ"
811,"BF：ナイチンゲール"
812,"BF：テレサ"
813,"BF：マリア"
814,"BF：ジャスカ"
815,"BF：ナイア"
816,"BF：サラ"
817,"BF：サラーン"
818,"BF：メロディ"
819,"BF：ウィッチ"
820,"BF：オーラン"
821,"BF：ジーナ"
822,"BF：ミリオ"
823,"BF：ララ"
824,"BF：ジュリア"
825,"BF：さつき"
826,"BF：弥生"
827,"BF：ルーファ"
828,"BF：まりん"
829,"BF：アウグスタ"
830,"BF：マグダ"
831,"BF：アレリア"
832,"BF：オフィリア"
833,"BF：オーロラ"
834,"BF：アリアドネ"
835,"BF：クレスタ"
836,"BF：グロリア"
837,"BF：ショウキ"
838,"BF：ルリ"
839,"BF：スイキ"
840,"BF：フィフィ"
841,"BF：エメラ"
842,"BF：マヤ"
843,"BF：メル"
844,"BF：イヨ"
845,"BF：ジーン"
846,"BF：フウキ"
847,"BF：マイン"
848,"BF：ナドカ"
849,"BF：コトハ"
850,"BF：サンディ"
851,"BF：オリビア"
852,"BF：ミラ"
853,"BF：カンナ"
854,"BF：マリー2回目"
855,"BF：ノア"
856,"BF：コンスタンツェ"
857,"BF：レミナ"
858,"BF：魅凪"
859,"BF："
860,"???"
861,"???"
862,"???"
863,"???"
864,"???"
865,"???"
866,"???"
867,"???"
868,"???"
869,"???"
870,"???"
871,"???"
872,"???"
873,"???"
874,"???"
875,"???"
876,"???"
877,"???"
878,"???"
879,"???"
880,"???"
881,"???"
882,"???"
883,"???"
884,"???"
885,"???"
886,"???"
887,"???"
888,"???"
889,"???"
890,"???"
891,"???"
892,"???"
893,"???"
894,"???"
895,"???"
896,"???"
897,"???"
898,"???"
899,"???"
900,"???"
901,"前章時の周回数"
902,"現在の難易度"
903,"クリアした最高難度"
904,"バトルファック勝利数"
905,"バトルファック敗北数"
906,"クリア難度確定用"
907,"倒したBF数"
908,"一時難易度調整用"
909,"中章時の周回数"
910,"うさぎポイント"
911,"終章時の周回数"
912,"総合周回数"
913,"???"
914,"???"
915,"???"
916,"???"
917,"???"
918,"???"
919,"???"
920,"???"
921,"???"
922,"???"
923,"???"
924,"???"
925,"???"
926,"???"
927,"???"
928,"???"
929,"???"
930,"???"
931,"???"
932,"???"
933,"???"
934,"???"
935,"???"
936,"???"
937,"???"
938,"???"
939,"???"
940,"???"
941,"???"
942,"???"
943,"???"
944,"???"
945,"???"
946,"???"
947,"???"
948,"???"
949,"???"
950,"???"
951,"???"
952,"???"
953,"???"
954,"???"
955,"???"
956,"???"
957,"???"
958,"???"
959,"???"
960,"???"
961,"???"
962,"???"
963,"???"
964,"???"
965,"???"
966,"???"
967,"???"
968,"???"
969,"???"
970,"???"
971,"???"
972,"???"
973,"???"
974,"???"
975,"???"
976,"???"
977,"???"
978,"???"
979,"???"
980,"???"
981,"???"
982,"???"
983,"???"
984,"???"
985,"???"
986,"???"
987,"???"
988,"???"
989,"???"
990,"???"
991,"???"
992,"???"
993,"???"
994,"???"
995,"???"
996,"???"
997,"???"
998,"???"
999,"???"
1000,"???"
1001,"総合イベント進行度"
1002,"ゲームオーバー復帰位置"
1003,"イリアスベルクイベント"
1004,"名も無きスラムイベント"
1005,"ヴァンパイア商人イベント"
1006,"商人救出イベント"
1007,"パピの鍛冶屋"
1008,"フリーダム判定用"
1009,"ポルノフウサギイベント"
1010,"ミトラソニアセリフ"
1011,"ハーピーの集落イベント"
1012,"タルタロス第1村人"
1013,"ヌルコイベント"
1014,"ロストルムイベント"
1015,"ミダス黄金イベント"
1016,"ナタリアポートイベント"
1017,"ナメクジタワーイベント"
1018,"エンリカイベント"
1019,"イリアスポートイベント"
1020,"レムズ海岸イベント"
1021,"アモス山イベント"
1022,"古代神殿イベント"
1023,"北のお化け屋敷イベント"
1024,"モンテカルロイベント"
1025,"エルカ話"
1026,"人形遣いの塔イベント"
1027,"ルビアナイベント"
1028,"サバサイベント"
1029,"魔女狩りの村イベント"
1030,"サキイベント"
1031,"サルーンイベント"
1032,"消えゆく世界イベント"
1033,"ファーザーイベント"
1034,"ラダイト滅亡"
1035,"ルビアナ会話用"
1036,"犬娘の悟り"
1037,"羊をめぐる冒険"
1038,"スカトロ大尉"
1039,"消えゆく世界幻視用"
1040,"データ解析イベント"
1041,"ラミ空飛び"
1042,"きつねとかむろ"
1043,"アミラを探せ"
1044,"リザ絵画"
1045,"サボテンイベント"
1046,"ラダイトリリィ"
1047,"ルシア精霊"
1048,"パンツ先生パンツ数"
1049,"白兎アドバイス"
1050,"海軍イベント"
1051,"海賊イベント"
1052,"グランドノアイベント"
1053,"海軍物資補給"
1054,"ミノタウロスイベント"
1055,"ヤマタイイベント"
1056,"プランセクトイベント"
1057,"猫神社"
1058,"狐神社"
1059,"狸神社"
1060,"蛇神社"
1061,"プランセクト結果"
1062,"エスタイベント"
1063,"グランゴルド進軍イベント"
1064,"オリハルコンイベント"
1065,"サキュバスの村イベント"
1066,"貴婦人の村イベント"
1067,"幽霊船イベント"
1068,"北の海底神殿イベント"
1069,"500年前異世界イベント"
1070,"妖精の島イベント"
1071,"マーメイドイベント"
1072,"アラクネイベント"
1073,"ヴァンパイアイベント"
1074,"世界樹イベント"
1075,"イリアス神殿白兎"
1076,"雪の大陸イベント"
1077,"ミカルシ復活イベント"
1078,"魔法少女イベント"
1079,"女王撃破後相手判定用"
1080,"洞窟のエル"
1081,"レッドオーブ探し"
1082,"ゴルド王イベント"
1083,"エルイベント"
1084,"アルラウネ譲位"
1085,"シルクドゥクロワ仲間"
1086,"吸血鬼パブイベント"
1087,"ゴルド王イベント話した人数"
1088,"ミカルシ観光イベント"
1089,"グロリア海賊団イベント"
1090,"メダル王イベント"
1091,"吸血鬼化イベント"
1092,"ミカエラちゃん破壊イベント"
1093,"アリクイイベント"
1094,"旧）プロメス転種イベント"
1095,"魚イベント用"
1096,"サイコソルジャーイベント"
1097,"カズヤ召喚習得イベント"
1098,"ループイベント"
1099,"ループ現在時刻"
1100,"ループ回数"
1101,"ループ後悔フラグ"
1102,"ループアイテムフラグ"
1103,"ループプロメスフラグ"
1104,"ループセクシー対決"
1105,"ループクロムフラグ"
1106,"ループ後台詞汎用"
1107,"魔断の手袋フラグ"
1108,"モリガン毛髪フラグ"
1109,"村長毛髪フラグ"
1110,"ウィッチ毛髪フラグ"
1111,"サキュプリ家フェイズ"
1112,"サキュバス毛髪の数"
1113,"お茶会メンバー1"
1114,"お茶会メンバー2"
1115,"お茶会メンバー3"
1116,"お茶会メンバー人数"
1117,"黒アリス機嫌"
1118,"時空解析座標1"
1119,"時空解析座標2"
1120,"毛髪アミラ用"
1121,"ループヌルコフラグ"
1122,"夏祭りフラグ"
1123,"バーニー弓イベント"
1124,"サキ竜宮イベント"
1125,"ナメクジ尖剣イベント"
1126,"白念エキスイベント"
1127,"ルーラールーラー取得"
1128,"???"
1129,"???"
1130,"???"
1131,"???"
1132,"???"
1133,"???"
1134,"???"
1135,"???"
1136,"コックローチイベント"
1137,"たぬきの里イベント"
1138,"エルフの里イベント"
1139,"ヘルゴンドのほこらイベント"
1140,"大いなる決断イベント"
1141,"天界ルート進行度"
1142,"魔界ルート進行度"
1143,"混沌ルート進行度"
1144,"アルマエルマ帰郷"
1145,"サバサ王復活イベント"
1146,"天界グランゴルド独房"
1147,"伝説の鍛冶屋イベント"
1148,"魔王人形破壊数"
1149,"ラファエラ依頼"
1150,"サラサ空賊団イベント"
1151,"妖精の島モスイベント"
1152,"魔界ヤマタイ襲撃"
1153,"魔界グランドノア襲撃"
1154,"魔界グランゴルド襲撃"
1155,"天界グランドノア黒アリス"
1156,"天界サバサ黒アリス"
1157,"魔界サキュバスの村解放"
1158,"魔界プランセクト村イベント"
1159,"魔界フィノアハーピーイベント"
1160,"魔界ロザイベント"
1161,"魔界モンテカルロイベント"
1162,"邪神城初来訪フラグ"
1163,"イリアス神殿初来訪フラグ"
1164,"サムに話し掛けた数"
1165,"攻城戦の展開"
1166,"天界ミトラ封印城取得数"
1167,"天界智の同盟研究所"
1168,"グロチェック"
1169,"魔界サン・イリアイベント"
1170,"魔界罪人の封牢イベント"
1171,"天界グランドノア脱出イベント"
1172,"天界グランゴルド市街戦"
1173,"占領魔王城"
1174,"天界黒の屋敷フラグ"
1175,"ウリエラ依頼"
1176,"メタサン依頼"
1177,"ガブリエラ依頼"
1178,"サリエラ依頼"
1179,"玉藻依頼"
1180,"華音依頼"
1181,"禍撫依頼"
1182,"蛭蟲依頼"
1183,"天界グランドノア優勝宝箱"
1184,"???"
1185,"???"
1186,"???"
1187,"???"
1188,"???"
1189,"???"
1190,"???"
1191,"???"
1192,"???"
1193,"???"
1194,"???"
1195,"???"
1196,"???"
1197,"???"
1198,"???"
1199,"???"
1200,"???"
1201,"コラボ：C1"
1202,"コラボ：C2"
1203,"コラボ：C3"
1204,"コラボ：C4"
1205,"コラボ：C5"
1206,"コラボ：C6"
1207,"コラボ：C7"
1208,"コラボ：C8"
1209,"コラボ：C9"
1210,"コラボ：C10"
1211,"コラボ：C11"
1212,"コラボ：C12"
1213,"魔剣三姉妹イベント"
1214,"ミュスカイベント"
1215,"ミュゼットイベント"
1216,"魔城イベント"
1217,"妲己イベント"
1218,"エストイベント"
1219,"特殊淫技習得イベント"
1220,"アマビエ強化イベント"
1221,"カズヤの部屋チェック"
1222,"カズヤループ"
1223,"4体ランパス"
1224,"バーでの妖狐連戦"
1225,"ループ迷宮"
1226,"コラボアヘ男"
1227,"イズモ村戦闘"
1228,"崩壊魔城到達階層"
1229,"宝箱所得数"
1230,"カサンドラ復活イベント"
1231,"妖術師習得イベント"
1232,"夏祭り同伴者"
1233,"パイパイイベント"
1234,"???"
1235,"???"
1236,"???"
1237,"???"
1238,"???"
1239,"???"
1240,"???"
1241,"???"
1242,"???"
1243,"???"
1244,"???"
1245,"???"
1246,"???"
1247,"???"
1248,"???"
1249,"???"
1250,"???"
1251,"???"
1252,"???"
1253,"???"
1254,"???"
1255,"???"
1256,"???"
1257,"???"
1258,"???"
1259,"???"
1260,"???"
1261,"???"
1262,"???"
1263,"???"
1264,"???"
1265,"???"
1266,"???"
1267,"???"
1268,"???"
1269,"???"
1270,"???"
1271,"???"
1272,"???"
1273,"???"
1274,"???"
1275,"???"
1276,"???"
1277,"???"
1278,"???"
1279,"???"
1280,"???"
1281,"???"
1282,"???"
1283,"???"
1284,"???"
1285,"???"
1286,"???"
1287,"???"
1288,"???"
1289,"???"
1290,"???"
1291,"???"
1292,"???"
1293,"???"
1294,"???"
1295,"???"
1296,"???"
1297,"???"
1298,"???"
1299,"???"
1300,"???"
1301,"混沌グランゴルドイベント"
1302,"混沌グランドノアイベント"
1303,"混沌魔導学園イベント"
1304,"混沌サバサイベント"
1305,"混沌サン・イリアイベント"
1306,"混沌グランドールイベント"
1307,"混沌ヤマタイイベント"
1308,"混沌レミナイベント"
1309,"混沌ハーピーイベント"
1310,"混沌スノウヘブンイベント"
1311,"混沌イリアス神殿イベント"
1312,"混沌邪神城イベント"
1313,"呪われし海底神殿イベント"
1314,"アンゴルモアイベント"
1315,"混沌妖精の島イベント"
1316,"ノーライフキングイベント"
1317,"混沌デミウルゴスイベント"
1318,"ゲシュタルトイベント"
1319,"強欲パピイベント"
1320,"ゲシュタルト、女王撃破数"
1321,"闇の塔モンスター速度"
1322,"混沌グランゴルド情報収集"
1323,"四大国イベントクリア数"
1324,"???"
1325,"七つの大罪イベント"
1326,"傲慢イベント"
1327,"混沌鍛冶屋イベント"
1328,"嫉妬イベント"
1329,"憤怒イベント"
1330,"怠惰イベント"
1331,"暴食イベント"
1332,"色欲イベント"
1333,"影紬復帰イベント"
1334,"全てを識る者イベント"
1335,"エキドナイベント"
1336,"名状しがたきものイベント"
1337,"ダークフェニックスイベント"
1338,"侵蝕デミウルゴスイベント"
1339,"星喰いイベント"
1340,"管理者の塔ヌルコイベント"
1341,"混沌接触回数"
1342,"黒のアリスイベント"
1343,"ソニア復活イベント"
1344,"白兎復活イベント"
1345,"虚竜イベント"
1346,"エデン合一イベント"
1347,"イリアス強化イベント"
1348,"最終決戦"
1349,"六祖連れ出し"
1350,"ミトラ石版残り数"
1351,"ミトラ秘石取得数"
1352,"ワールドドロウン本"
1353,"アリス強化イベント"
1354,"見つけた親方の数"
1355,"四精・黄龍イベント"
1356,"流浪ハインリヒ会話"
1357,"十六の破滅事象撃破数"
1358,"神官ノアイベント"
1359,"精霊仲間にした数"
1360,"四精霊の数"
1361,"サバサ戦コズミックウーマン"
1362,"北の勇者イベント"
1363,"ヴァニラ、イリアスの霊薬イベント"
1364,"ヴァニラ、カオスドリンクイベント"
1365,"ヴァニラ、世界樹の葉イベント"
1366,"ヴァニラ、秘薬三種イベント"
1367,"ヴァニラ、カンフルワクチンイベント"
1368,"ヴァニラ、空の秘石イベント"
1369,"ヴァニラ、上位魔石イベント"
1370,"ヴァニラ、魔水銀イベント"
1371,"光の塔9Fトラップ回数"
1372,"混沌パイパイイベント"
1373,"グランベリア悪夢イベント"
1374,"快楽を極めし者イベント"
1375,"コズミックウーマンイベント"
1376,"大罪の殿堂ワープ"
1377,"中央タルタロスワープ"
1378,"ルルイエワープ"
1379,"ウツボ娘イベント"
1380,"怪盗イベント"
1381,"ジェサイアイベント"
1382,"狐華イベント"
1383,"ラザロ：アンゴルモア"
1384,"ラザロ：シンギュラリティ"
1385,"ラザロ：マガツオオミカミ"
1386,"ラザロ：ワールドドロウン"
1387,"ラザロ：コスモス"
1388,"ラザロ：ノーライフキング"
1389,"ラザロ：バアル・ゼブブ"
1390,"ラザロ：七つの大罪"
1391,"ラザロ：全てを識る者"
1392,"ラザロ：エキドナ"
1393,"ラザロ：ダークフェニックス"
1394,"ラザロ：次元侵蝕者"
1395,"ラザロ：クトゥルフ"
1396,"ラザロ：星喰い"
1397,"ラザロ：虚竜"
1398,"ラザロ：三闘神"
1399,"イリアス神殿改装イベント"
1400,"ピラミッドワープ"
1401,"ルシフィナ指輪イベント"
1402,"指輪誰に渡したか"
1403,"カレンイベント"
1404,"職無き者イベント"
1405,"ワイティエル会議イベント"
1406,"???"
1407,"???"
1408,"???"
1409,"???"
1410,"???"
1411,"???"
1412,"???"
1413,"???"
1414,"???"
1415,"???"
1416,"???"
1417,"???"
1418,"???"
1419,"???"
1420,"???"
1421,"???"
1422,"???"
1423,"???"
1424,"???"
1425,"???"
1426,"???"
1427,"???"
1428,"???"
1429,"???"
1430,"???"
1431,"???"
1432,"???"
1433,"???"
1434,"???"
1435,"???"
1436,"???"
1437,"???"
1438,"???"
1439,"???"
1440,"???"
1441,"???"
1442,"???"
1443,"???"
1444,"???"
1445,"???"
1446,"???"
1447,"???"
1448,"???"
1449,"???"
1450,"???"
1451,"???"
1452,"???"
1453,"???"
1454,"???"
1455,"???"
1456,"???"
1457,"???"
1458,"???"
1459,"???"
1460,"???"
1461,"???"
1462,"???"
1463,"???"
1464,"???"
1465,"???"
1466,"???"
1467,"???"
1468,"???"
1469,"???"
1470,"???"
1471,"???"
1472,"???"
1473,"???"
1474,"???"
1475,"???"
1476,"???"
1477,"???"
1478,"???"
1479,"???"
1480,"???"
1481,"???"
1482,"???"
1483,"???"
1484,"???"
1485,"???"
1486,"???"
1487,"???"
1488,"???"
1489,"???"
1490,"???"
1491,"???"
1492,"???"
1493,"???"
1494,"???"
1495,"???"
1496,"???"
1497,"???"
1498,"???"
1499,"???"
1500,"???"
1501,"???"
1502,"???"
1503,"???"
1504,"???"
1505,"???"
1506,"???"
1507,"???"
1508,"???"
1509,"???"
1510,"???"
1511,"???"
1512,"???"
1513,"???"
1514,"???"
1515,"???"
1516,"???"
1517,"???"
1518,"???"
1519,"???"
1520,"???"
1521,"???"
1522,"???"
1523,"???"
1524,"???"
1525,"???"
1526,"???"
1527,"???"
1528,"???"
1529,"???"
1530,"???"
1531,"???"
1532,"???"
1533,"???"
1534,"???"
1535,"???"
1536,"???"
1537,"???"
1538,"???"
1539,"???"
1540,"???"
1541,"???"
1542,"???"
1543,"???"
1544,"???"
1545,"???"
1546,"???"
1547,"???"
1548,"???"
1549,"???"
1550,"???"
1551,"???"
1552,"???"
1553,"???"
1554,"???"
1555,"???"
1556,"???"
1557,"???"
1558,"???"
1559,"???"
1560,"???"
1561,"???"
1562,"???"
1563,"???"
1564,"???"
1565,"???"
1566,"???"
1567,"???"
1568,"???"
1569,"???"
1570,"???"
1571,"???"
1572,"???"
1573,"???"
1574,"???"
1575,"???"
1576,"???"
1577,"???"
1578,"???"
1579,"???"
1580,"???"
1581,"???"
1582,"???"
1583,"???"
1584,"???"
1585,"???"
1586,"???"
1587,"???"
1588,"???"
1589,"???"
1590,"???"
1591,"???"
1592,"???"
1593,"???"
1594,"???"
1595,"???"
1596,"???"
1597,"???"
1598,"???"
1599,"???"
1600,"???"
1601,"???"
1602,"???"
1603,"???"
1604,"???"
1605,"???"
1606,"???"
1607,"???"
1608,"???"
1609,"???"
1610,"???"
1611,"???"
1612,"???"
1613,"???"
1614,"???"
1615,"???"
1616,"???"
1617,"???"
1618,"???"
1619,"???"
1620,"???"
1621,"???"
1622,"???"
1623,"???"
1624,"???"
1625,"???"
1626,"???"
1627,"???"
1628,"???"
1629,"???"
1630,"???"
1631,"???"
1632,"???"
1633,"???"
1634,"???"
1635,"???"
1636,"???"
1637,"???"
1638,"???"
1639,"???"
1640,"???"
1641,"???"
1642,"???"
1643,"???"
1644,"???"
1645,"???"
1646,"???"
1647,"???"
1648,"???"
1649,"???"
1650,"???"
1651,"???"
1652,"???"
1653,"???"
1654,"???"
1655,"???"
1656,"???"
1657,"???"
1658,"???"
1659,"???"
1660,"???"
1661,"???"
1662,"???"
1663,"???"
1664,"???"
1665,"???"
1666,"???"
1667,"???"
1668,"???"
1669,"???"
1670,"???"
1671,"???"
1672,"???"
1673,"???"
1674,"???"
1675,"???"
1676,"???"
1677,"???"
1678,"???"
1679,"???"
1680,"???"
1681,"???"
1682,"???"
1683,"???"
1684,"???"
1685,"???"
1686,"???"
1687,"???"
1688,"???"
1689,"???"
1690,"???"
1691,"???"
1692,"???"
1693,"???"
1694,"???"
1695,"???"
1696,"???"
1697,"???"
1698,"???"
1699,"???"
1700,"???"
1701,"???"
1702,"???"
1703,"???"
1704,"???"
1705,"???"
1706,"???"
1707,"???"
1708,"???"
1709,"???"
1710,"???"
1711,"???"
1712,"???"
1713,"???"
1714,"???"
1715,"???"
1716,"???"
1717,"???"
1718,"???"
1719,"???"
1720,"???"
1721,"???"
1722,"???"
1723,"???"
1724,"???"
1725,"???"
1726,"???"
1727,"???"
1728,"???"
1729,"???"
1730,"???"
1731,"???"
1732,"???"
1733,"???"
1734,"???"
1735,"???"
1736,"???"
1737,"???"
1738,"???"
1739,"???"
1740,"???"
1741,"???"
1742,"???"
1743,"???"
1744,"???"
1745,"???"
1746,"???"
1747,"???"
1748,"???"
1749,"???"
1750,"???"
1751,"???"
1752,"???"
1753,"???"
1754,"???"
1755,"???"
1756,"???"
1757,"???"
1758,"???"
1759,"???"
1760,"???"
1761,"???"
1762,"???"
1763,"???"
1764,"???"
1765,"???"
1766,"???"
1767,"???"
1768,"???"
1769,"???"
1770,"???"
1771,"???"
1772,"???"
1773,"???"
1774,"???"
1775,"???"
1776,"???"
1777,"???"
1778,"???"
1779,"???"
1780,"???"
1781,"???"
1782,"???"
1783,"???"
1784,"???"
1785,"???"
1786,"???"
1787,"???"
1788,"???"
1789,"???"
1790,"???"
1791,"???"
1792,"???"
1793,"???"
1794,"???"
1795,"???"
1796,"???"
1797,"???"
1798,"???"
1799,"???"
1800,"???"
1801,"???"
1802,"???"
1803,"???"
1804,"???"
1805,"???"
1806,"???"
1807,"???"
1808,"???"
1809,"???"
1810,"???"
1811,"???"
1812,"???"
1813,"???"
1814,"???"
1815,"???"
1816,"???"
1817,"???"
1818,"???"
1819,"???"
1820,"???"
1821,"???"
1822,"???"
1823,"???"
1824,"???"
1825,"???"
1826,"???"
1827,"???"
1828,"???"
1829,"???"
1830,"???"
1831,"???"
1832,"???"
1833,"???"
1834,"???"
1835,"???"
1836,"???"
1837,"???"
1838,"???"
1839,"???"
1840,"???"
1841,"???"
1842,"???"
1843,"???"
1844,"???"
1845,"???"
1846,"???"
1847,"???"
1848,"???"
1849,"???"
1850,"???"
1851,"???"
1852,"???"
1853,"???"
1854,"???"
1855,"???"
1856,"???"
1857,"???"
1858,"???"
1859,"???"
1860,"???"
1861,"???"
1862,"???"
1863,"???"
1864,"???"
1865,"???"
1866,"???"
1867,"???"
1868,"???"
1869,"???"
1870,"???"
1871,"???"
1872,"???"
1873,"???"
1874,"???"
1875,"???"
1876,"???"
1877,"???"
1878,"???"
1879,"???"
1880,"???"
1881,"???"
1882,"???"
1883,"???"
1884,"???"
1885,"???"
1886,"???"
1887,"???"
1888,"???"
1889,"???"
1890,"???"
1891,"???"
1892,"???"
1893,"???"
1894,"???"
1895,"???"
1896,"???"
1897,"???"
1898,"???"
1899,"???"
1900,"???"
1901,"???"
1902,"???"
1903,"???"
1904,"???"
1905,"???"
1906,"???"
1907,"???"
1908,"???"
1909,"???"
1910,"???"
1911,"???"
1912,"???"
1913,"???"
1914,"???"
1915,"???"
1916,"???"
1917,"???"
1918,"???"
1919,"???"
1920,"???"
1921,"???"
1922,"???"
1923,"???"
1924,"???"
1925,"???"
1926,"???"
1927,"???"
1928,"???"
1929,"???"
1930,"???"
1931,"???"
1932,"???"
1933,"???"
1934,"???"
1935,"???"
1936,"???"
1937,"???"
1938,"???"
1939,"???"
1940,"???"
1941,"???"
1942,"???"
1943,"???"
1944,"???"
1945,"???"
1946,"???"
1947,"???"
1948,"???"
1949,"???"
1950,"???"
1951,"???"
1952,"???"
1953,"???"
1954,"???"
1955,"???"
1956,"???"
1957,"???"
1958,"???"
1959,"???"
1960,"???"
1961,"???"
1962,"???"
1963,"???"
1964,"???"
1965,"???"
1966,"???"
1967,"???"
1968,"???"
1969,"???"
1970,"???"
1971,"???"
1972,"???"
1973,"???"
1974,"???"
1975,"???"
1976,"???"
1977,"???"
1978,"???"
1979,"???"
1980,"???"
1981,"???"
1982,"???"
1983,"???"
1984,"???"
1985,"???"
1986,"???"
1987,"???"
1988,"???"
1989,"???"
1990,"???"
1991,"???"
1992,"???"
1993,"???"
1994,"???"
1995,"???"
1996,"???"
1997,"???"
1998,"???"
1999,"???"
2000,"???"
2001,"敵：友好度"
2002,"敵：友好度"
2003,"敵：友好度"
2004,"敵：友好度"
2005,"敵：友好度"
2006,"敵：友好度"
2007,"敵：友好度"
2008,"敵：友好度"
2009,"敵：友好度"
2010,"敵：友好度"
2011,"敵：友好度"
2012,"敵：友好度"
2013,"敵：友好度"
2014,"敵：友好度"
2015,"敵：友好度"
2016,"敵：友好度"
2017,"敵：友好度"
2018,"敵：友好度"
2019,"敵：友好度"
2020,"敵：友好度"
2021,"敵：友好度"
2022,"敵：友好度"
2023,"敵：友好度"
2024,"敵：友好度"
2025,"敵：友好度"
2026,"敵：友好度"
2027,"敵：友好度"
2028,"敵：友好度"
2029,"敵：友好度"
2030,"敵：友好度"
2031,"敵：友好度"
2032,"敵：友好度"
2033,"敵：友好度"
2034,"敵：友好度"
2035,"敵：友好度"
2036,"敵：友好度"
2037,"敵：友好度"
2038,"敵：友好度"
2039,"敵：友好度"
2040,"敵：友好度"
2041,"敵：友好度"
2042,"敵：友好度"
2043,"敵：友好度"
2044,"敵：友好度"
2045,"敵：友好度"
2046,"敵：友好度"
2047,"敵：友好度"
2048,"敵：友好度"
2049,"敵：友好度"
2050,"敵：友好度"
2051,"敵：友好度"
2052,"敵：友好度"
2053,"敵：友好度"
2054,"敵：友好度"
2055,"敵：友好度"
2056,"敵：友好度"
2057,"敵：友好度"
2058,"敵：友好度"
2059,"敵：友好度"
2060,"敵：友好度"
2061,"敵：友好度"
2062,"敵：友好度"
2063,"敵：友好度"
2064,"敵：友好度"
2065,"敵：友好度"
2066,"敵：友好度"
2067,"敵：友好度"
2068,"敵：友好度"
2069,"敵：友好度"
2070,"敵：友好度"
2071,"敵：友好度"
2072,"敵：友好度"
2073,"敵：友好度"
2074,"敵：友好度"
2075,"敵：友好度"
2076,"敵：友好度"
2077,"敵：友好度"
2078,"敵：友好度"
2079,"敵：友好度"
2080,"敵：友好度"
2081,"敵：友好度"
2082,"敵：友好度"
2083,"敵：友好度"
2084,"敵：友好度"
2085,"敵：友好度"
2086,"敵：友好度"
2087,"敵：友好度"
2088,"敵：友好度"
2089,"敵：友好度"
2090,"敵：友好度"
2091,"敵：友好度"
2092,"敵：友好度"
2093,"敵：友好度"
2094,"敵：友好度"
2095,"敵：友好度"
2096,"敵：友好度"
2097,"敵：友好度"
2098,"敵：友好度"
2099,"敵：友好度"
2100,"敵：友好度"
2101,"敵：友好度"
2102,"敵：友好度"
2103,"敵：友好度"
2104,"敵：友好度"
2105,"敵：友好度"
2106,"敵：友好度"
2107,"敵：友好度"
2108,"敵：友好度"
2109,"敵：友好度"
2110,"敵：友好度"
2111,"敵：友好度"
2112,"敵：友好度"
2113,"敵：友好度"
2114,"敵：友好度"
2115,"敵：友好度"
2116,"敵：友好度"
2117,"敵：友好度"
2118,"敵：友好度"
2119,"敵：友好度"
2120,"敵：友好度"
2121,"敵：友好度"
2122,"敵：友好度"
2123,"敵：友好度"
2124,"敵：友好度"
2125,"敵：友好度"
2126,"敵：友好度"
2127,"敵：友好度"
2128,"敵：友好度"
2129,"敵：友好度"
2130,"敵：友好度"
2131,"敵：友好度"
2132,"敵：友好度"
2133,"敵：友好度"
2134,"敵：友好度"
2135,"敵：友好度"
2136,"敵：友好度"
2137,"敵：友好度"
2138,"敵：友好度"
2139,"敵：友好度"
2140,"敵：友好度"
2141,"敵：友好度"
2142,"敵：友好度"
2143,"敵：友好度"
2144,"敵：友好度"
2145,"敵：友好度"
2146,"敵：友好度"
2147,"敵：友好度"
2148,"敵：友好度"
2149,"敵：友好度"
2150,"敵：友好度"
2151,"敵：友好度"
2152,"敵：友好度"
2153,"敵：友好度"
2154,"敵：友好度"
2155,"敵：友好度"
2156,"敵：友好度"
2157,"敵：友好度"
2158,"敵：友好度"
2159,"敵：友好度"
2160,"敵：友好度"
2161,"敵：友好度"
2162,"敵：友好度"
2163,"敵：友好度"
2164,"敵：友好度"
2165,"敵：友好度"
2166,"敵：友好度"
2167,"敵：友好度"
2168,"敵：友好度"
2169,"敵：友好度"
2170,"敵：友好度"
2171,"敵：友好度"
2172,"敵：友好度"
2173,"敵：友好度"
2174,"敵：友好度"
2175,"敵：友好度"
2176,"敵：友好度"
2177,"敵：友好度"
2178,"敵：友好度"
2179,"敵：友好度"
2180,"敵：友好度"
2181,"敵：友好度"
2182,"敵：友好度"
2183,"敵：友好度"
2184,"敵：友好度"
2185,"敵：友好度"
2186,"敵：友好度"
2187,"敵：友好度"
2188,"敵：友好度"
2189,"敵：友好度"
2190,"敵：友好度"
2191,"敵：友好度"
2192,"敵：友好度"
2193,"敵：友好度"
2194,"敵：友好度"
2195,"敵：友好度"
2196,"敵：友好度"
2197,"敵：友好度"
2198,"敵：友好度"
2199,"敵：友好度"
2200,"敵：友好度"
2201,"敵：友好度"
2202,"敵：友好度"
2203,"敵：友好度"
2204,"敵：友好度"
2205,"敵：友好度"
2206,"敵：友好度"
2207,"敵：友好度"
2208,"敵：友好度"
2209,"敵：友好度"
2210,"敵：友好度"
2211,"敵：友好度"
2212,"敵：友好度"
2213,"敵：友好度"
2214,"敵：友好度"
2215,"敵：友好度"
2216,"敵：友好度"
2217,"敵：友好度"
2218,"敵：友好度"
2219,"敵：友好度"
2220,"敵：友好度"
2221,"敵：友好度"
2222,"敵：友好度"
2223,"敵：友好度"
2224,"敵：友好度"
2225,"敵：友好度"
2226,"敵：友好度"
2227,"敵：友好度"
2228,"敵：友好度"
2229,"敵：友好度"
2230,"敵：友好度"
2231,"敵：友好度"
2232,"敵：友好度"
2233,"敵：友好度"
2234,"敵：友好度"
2235,"敵：友好度"
2236,"敵：友好度"
2237,"敵：友好度"
2238,"敵：友好度"
2239,"敵：友好度"
2240,"敵：友好度"
2241,"敵：友好度"
2242,"敵：友好度"
2243,"敵：友好度"
2244,"敵：友好度"
2245,"敵：友好度"
2246,"敵：友好度"
2247,"敵：友好度"
2248,"敵：友好度"
2249,"敵：友好度"
2250,"敵：友好度"
2251,"敵：友好度"
2252,"敵：友好度"
2253,"敵：友好度"
2254,"敵：友好度"
2255,"敵：友好度"
2256,"敵：友好度"
2257,"敵：友好度"
2258,"敵：友好度"
2259,"敵：友好度"
2260,"敵：友好度"
2261,"敵：友好度"
2262,"敵：友好度"
2263,"敵：友好度"
2264,"敵：友好度"
2265,"敵：友好度"
2266,"敵：友好度"
2267,"敵：友好度"
2268,"敵：友好度"
2269,"敵：友好度"
2270,"敵：友好度"
2271,"敵：友好度"
2272,"敵：友好度"
2273,"敵：友好度"
2274,"敵：友好度"
2275,"敵：友好度"
2276,"敵：友好度"
2277,"敵：友好度"
2278,"敵：友好度"
2279,"敵：友好度"
2280,"敵：友好度"
2281,"敵：友好度"
2282,"敵：友好度"
2283,"敵：友好度"
2284,"敵：友好度"
2285,"敵：友好度"
2286,"敵：友好度"
2287,"敵：友好度"
2288,"敵：友好度"
2289,"敵：友好度"
2290,"敵：友好度"
2291,"敵：友好度"
2292,"敵：友好度"
2293,"敵：友好度"
2294,"敵：友好度"
2295,"敵：友好度"
2296,"敵：友好度"
2297,"敵：友好度"
2298,"敵：友好度"
2299,"敵：友好度"
2300,"敵：友好度"
2301,"敵：友好度"
2302,"敵：友好度"
2303,"敵：友好度"
2304,"敵：友好度"
2305,"敵：友好度"
2306,"敵：友好度"
2307,"敵：友好度"
2308,"敵：友好度"
2309,"敵：友好度"
2310,"敵：友好度"
2311,"敵：友好度"
2312,"敵：友好度"
2313,"敵：友好度"
2314,"敵：友好度"
2315,"敵：友好度"
2316,"敵：友好度"
2317,"敵：友好度"
2318,"敵：友好度"
2319,"敵：友好度"
2320,"敵：友好度"
2321,"敵：友好度"
2322,"敵：友好度"
2323,"敵：友好度"
2324,"敵：友好度"
2325,"敵：友好度"
2326,"敵：友好度"
2327,"敵：友好度"
2328,"敵：友好度"
2329,"敵：友好度"
2330,"敵：友好度"
2331,"敵：友好度"
2332,"敵：友好度"
2333,"敵：友好度"
2334,"敵：友好度"
2335,"敵：友好度"
2336,"敵：友好度"
2337,"敵：友好度"
2338,"敵：友好度"
2339,"敵：友好度"
2340,"敵：友好度"
2341,"敵：友好度"
2342,"敵：友好度"
2343,"敵：友好度"
2344,"敵：友好度"
2345,"敵：友好度"
2346,"敵：友好度"
2347,"敵：友好度"
2348,"敵：友好度"
2349,"敵：友好度"
2350,"敵：友好度"
2351,"敵：友好度"
2352,"敵：友好度"
2353,"敵：友好度"
2354,"敵：友好度"
2355,"敵：友好度"
2356,"敵：友好度"
2357,"敵：友好度"
2358,"敵：友好度"
2359,"敵：友好度"
2360,"敵：友好度"
2361,"敵：友好度"
2362,"敵：友好度"
2363,"敵：友好度"
2364,"敵：友好度"
2365,"敵：友好度"
2366,"敵：友好度"
2367,"敵：友好度"
2368,"敵：友好度"
2369,"敵：友好度"
2370,"敵：友好度"
2371,"敵：友好度"
2372,"敵：友好度"
2373,"敵：友好度"
2374,"敵：友好度"
2375,"敵：友好度"
2376,"敵：友好度"
2377,"敵：友好度"
2378,"敵：友好度"
2379,"敵：友好度"
2380,"敵：友好度"
2381,"敵：友好度"
2382,"敵：友好度"
2383,"敵：友好度"
2384,"敵：友好度"
2385,"敵：友好度"
2386,"敵：友好度"
2387,"敵：友好度"
2388,"敵：友好度"
2389,"敵：友好度"
2390,"敵：友好度"
2391,"敵：友好度"
2392,"敵：友好度"
2393,"敵：友好度"
2394,"敵：友好度"
2395,"敵：友好度"
2396,"敵：友好度"
2397,"敵：友好度"
2398,"敵：友好度"
2399,"敵：友好度"
2400,"敵：友好度"
2401,"敵：友好度"
2402,"敵：友好度"
2403,"敵：友好度"
2404,"敵：友好度"
2405,"敵：友好度"
2406,"敵：友好度"
2407,"敵：友好度"
2408,"敵：友好度"
2409,"敵：友好度"
2410,"敵：友好度"
2411,"敵：友好度"
2412,"敵：友好度"
2413,"敵：友好度"
2414,"敵：友好度"
2415,"敵：友好度"
2416,"敵：友好度"
2417,"敵：友好度"
2418,"敵：友好度"
2419,"敵：友好度"
2420,"敵：友好度"
2421,"敵：友好度"
2422,"敵：友好度"
2423,"敵：友好度"
2424,"敵：友好度"
2425,"敵：友好度"
2426,"敵：友好度"
2427,"敵：友好度"
2428,"敵：友好度"
2429,"敵：友好度"
2430,"敵：友好度"
2431,"敵：友好度"
2432,"敵：友好度"
2433,"敵：友好度"
2434,"敵：友好度"
2435,"敵：友好度"
2436,"敵：友好度"
2437,"敵：友好度"
2438,"敵：友好度"
2439,"敵：友好度"
2440,"敵：友好度"
2441,"敵：友好度"
2442,"敵：友好度"
2443,"敵：友好度"
2444,"敵：友好度"
2445,"敵：友好度"
2446,"敵：友好度"
2447,"敵：友好度"
2448,"敵：友好度"
2449,"敵：友好度"
2450,"敵：友好度"
2451,"敵：友好度"
2452,"敵：友好度"
2453,"敵：友好度"
2454,"敵：友好度"
2455,"敵：友好度"
2456,"敵：友好度"
2457,"敵：友好度"
2458,"敵：友好度"
2459,"敵：友好度"
2460,"敵：友好度"
2461,"敵：友好度"
2462,"敵：友好度"
2463,"敵：友好度"
2464,"敵：友好度"
2465,"敵：友好度"
2466,"敵：友好度"
2467,"敵：友好度"
2468,"敵：友好度"
2469,"敵：友好度"
2470,"敵：友好度"
2471,"敵：友好度"
2472,"敵：友好度"
2473,"敵：友好度"
2474,"敵：友好度"
2475,"敵：友好度"
2476,"敵：友好度"
2477,"敵：友好度"
2478,"敵：友好度"
2479,"敵：友好度"
2480,"敵：友好度"
2481,"敵：友好度"
2482,"敵：友好度"
2483,"敵：友好度"
2484,"敵：友好度"
2485,"敵：友好度"
2486,"敵：友好度"
2487,"敵：友好度"
2488,"敵：友好度"
2489,"敵：友好度"
2490,"敵：友好度"
2491,"敵：友好度"
2492,"敵：友好度"
2493,"敵：友好度"
2494,"敵：友好度"
2495,"敵：友好度"
2496,"敵：友好度"
2497,"敵：友好度"
2498,"敵：友好度"
2499,"敵：友好度"
2500,"敵：友好度"
2501,"敵：友好度"
2502,"敵：友好度"
2503,"敵：友好度"
2504,"敵：友好度"
2505,"敵：友好度"
2506,"敵：友好度"
2507,"敵：友好度"
2508,"敵：友好度"
2509,"敵：友好度"
2510,"敵：友好度"
2511,"敵：友好度"
2512,"敵：友好度"
2513,"敵：友好度"
2514,"敵：友好度"
2515,"敵：友好度"
2516,"敵：友好度"
2517,"敵：友好度"
2518,"敵：友好度"
2519,"敵：友好度"
2520,"敵：友好度"
2521,"敵：友好度"
2522,"敵：友好度"
2523,"敵：友好度"
2524,"敵：友好度"
2525,"敵：友好度"
2526,"敵：友好度"
2527,"敵：友好度"
2528,"敵：友好度"
2529,"敵：友好度"
2530,"敵：友好度"
2531,"敵：友好度"
2532,"敵：友好度"
2533,"敵：友好度"
2534,"敵：友好度"
2535,"敵：友好度"
2536,"敵：友好度"
2537,"敵：友好度"
2538,"敵：友好度"
2539,"敵：友好度"
2540,"敵：友好度"
2541,"敵：友好度"
2542,"敵：友好度"
2543,"敵：友好度"
2544,"敵：友好度"
2545,"敵：友好度"
2546,"敵：友好度"
2547,"敵：友好度"
2548,"敵：友好度"
2549,"敵：友好度"
2550,"敵：友好度"
2551,"敵：友好度"
2552,"敵：友好度"
2553,"敵：友好度"
2554,"敵：友好度"
2555,"敵：友好度"
2556,"敵：友好度"
2557,"敵：友好度"
2558,"敵：友好度"
2559,"敵：友好度"
2560,"敵：友好度"
2561,"敵：友好度"
2562,"敵：友好度"
2563,"敵：友好度"
2564,"敵：友好度"
2565,"敵：友好度"
2566,"敵：友好度"
2567,"敵：友好度"
2568,"敵：友好度"
2569,"敵：友好度"
2570,"敵：友好度"
2571,"敵：友好度"
2572,"敵：友好度"
2573,"敵：友好度"
2574,"敵：友好度"
2575,"敵：友好度"
2576,"敵：友好度"
2577,"敵：友好度"
2578,"敵：友好度"
2579,"敵：友好度"
2580,"敵：友好度"
2581,"敵：友好度"
2582,"敵：友好度"
2583,"敵：友好度"
2584,"敵：友好度"
2585,"敵：友好度"
2586,"敵：友好度"
2587,"敵：友好度"
2588,"敵：友好度"
2589,"敵：友好度"
2590,"敵：友好度"
2591,"敵：友好度"
2592,"敵：友好度"
2593,"敵：友好度"
2594,"敵：友好度"
2595,"敵：友好度"
2596,"敵：友好度"
2597,"敵：友好度"
2598,"敵：友好度"
2599,"敵：友好度"
2600,"敵：友好度"
2601,"敵：友好度"
2602,"敵：友好度"
2603,"敵：友好度"
2604,"敵：友好度"
2605,"敵：友好度"
2606,"敵：友好度"
2607,"敵：友好度"
2608,"敵：友好度"
2609,"敵：友好度"
2610,"敵：友好度"
2611,"敵：友好度"
2612,"敵：友好度"
2613,"敵：友好度"
2614,"敵：友好度"
2615,"敵：友好度"
2616,"敵：友好度"
2617,"敵：友好度"
2618,"敵：友好度"
2619,"敵：友好度"
2620,"敵：友好度"
2621,"敵：友好度"
2622,"敵：友好度"
2623,"敵：友好度"
2624,"敵：友好度"
2625,"敵：友好度"
2626,"敵：友好度"
2627,"敵：友好度"
2628,"敵：友好度"
2629,"敵：友好度"
2630,"敵：友好度"
2631,"敵：友好度"
2632,"敵：友好度"
2633,"敵：友好度"
2634,"敵：友好度"
2635,"敵：友好度"
2636,"敵：友好度"
2637,"敵：友好度"
2638,"敵：友好度"
2639,"敵：友好度"
2640,"敵：友好度"
2641,"敵：友好度"
2642,"敵：友好度"
2643,"敵：友好度"
2644,"敵：友好度"
2645,"敵：友好度"
2646,"敵：友好度"
2647,"敵：友好度"
2648,"敵：友好度"
2649,"敵：友好度"
2650,"敵：友好度"
2651,"敵：友好度"
2652,"敵：友好度"
2653,"敵：友好度"
2654,"敵：友好度"
2655,"敵：友好度"
2656,"敵：友好度"
2657,"敵：友好度"
2658,"敵：友好度"
2659,"敵：友好度"
2660,"敵：友好度"
2661,"敵：友好度"
2662,"敵：友好度"
2663,"敵：友好度"
2664,"敵：友好度"
2665,"敵：友好度"
2666,"敵：友好度"
2667,"敵：友好度"
2668,"敵：友好度"
2669,"敵：友好度"
2670,"敵：友好度"
2671,"敵：友好度"
2672,"敵：友好度"
2673,"敵：友好度"
2674,"敵：友好度"
2675,"敵：友好度"
2676,"敵：友好度"
2677,"敵：友好度"
2678,"敵：友好度"
2679,"敵：友好度"
2680,"敵：友好度"
2681,"敵：友好度"
2682,"敵：友好度"
2683,"敵：友好度"
2684,"敵：友好度"
2685,"敵：友好度"
2686,"敵：友好度"
2687,"敵：友好度"
2688,"敵：友好度"
2689,"敵：友好度"
2690,"敵：友好度"
2691,"敵：友好度"
2692,"敵：友好度"
2693,"敵：友好度"
2694,"敵：友好度"
2695,"敵：友好度"
2696,"敵：友好度"
2697,"敵：友好度"
2698,"敵：友好度"
2699,"敵：友好度"
2700,"敵：友好度"
2701,"敵：友好度"
2702,"敵：友好度"
2703,"敵：友好度"
2704,"敵：友好度"
2705,"敵：友好度"
2706,"敵：友好度"
2707,"敵：友好度"
2708,"敵：友好度"
2709,"敵：友好度"
2710,"敵：友好度"
2711,"敵：友好度"
2712,"敵：友好度"
2713,"敵：友好度"
2714,"敵：友好度"
2715,"敵：友好度"
2716,"敵：友好度"
2717,"敵：友好度"
2718,"敵：友好度"
2719,"敵：友好度"
2720,"敵：友好度"
2721,"敵：友好度"
2722,"敵：友好度"
2723,"敵：友好度"
2724,"敵：友好度"
2725,"敵：友好度"
2726,"敵：友好度"
2727,"敵：友好度"
2728,"敵：友好度"
2729,"敵：友好度"
2730,"敵：友好度"
2731,"敵：友好度"
2732,"敵：友好度"
2733,"敵：友好度"
2734,"敵：友好度"
2735,"敵：友好度"
2736,"敵：友好度"
2737,"敵：友好度"
2738,"敵：友好度"
2739,"敵：友好度"
2740,"敵：友好度"
2741,"敵：友好度"
2742,"敵：友好度"
2743,"敵：友好度"
2744,"敵：友好度"
2745,"敵：友好度"
2746,"敵：友好度"
2747,"敵：友好度"
2748,"敵：友好度"
2749,"敵：友好度"
2750,"敵：友好度"
2751,"敵：友好度"
2752,"敵：友好度"
2753,"敵：友好度"
2754,"敵：友好度"
2755,"敵：友好度"
2756,"敵：友好度"
2757,"敵：友好度"
2758,"敵：友好度"
2759,"敵：友好度"
2760,"敵：友好度"
2761,"敵：友好度"
2762,"敵：友好度"
2763,"敵：友好度"
2764,"敵：友好度"
2765,"敵：友好度"
2766,"敵：友好度"
2767,"敵：友好度"
2768,"敵：友好度"
2769,"敵：友好度"
2770,"敵：友好度"
2771,"敵：友好度"
2772,"敵：友好度"
2773,"敵：友好度"
2774,"敵：友好度"
2775,"敵：友好度"
2776,"敵：友好度"
2777,"敵：友好度"
2778,"敵：友好度"
2779,"敵：友好度"
2780,"敵：友好度"
2781,"敵：友好度"
2782,"敵：友好度"
2783,"敵：友好度"
2784,"敵：友好度"
2785,"敵：友好度"
2786,"敵：友好度"
2787,"敵：友好度"
2788,"敵：友好度"
2789,"敵：友好度"
2790,"敵：友好度"
2791,"敵：友好度"
2792,"敵：友好度"
2793,"敵：友好度"
2794,"敵：友好度"
2795,"敵：友好度"
2796,"敵：友好度"
2797,"敵：友好度"
2798,"敵：友好度"
2799,"敵：友好度"
2800,"敵：友好度"
2801,"敵：友好度"
2802,"敵：友好度"
2803,"敵：友好度"
2804,"敵：友好度"
2805,"敵：友好度"
2806,"敵：友好度"
2807,"敵：友好度"
2808,"敵：友好度"
2809,"敵：友好度"
2810,"敵：友好度"
2811,"敵：友好度"
2812,"敵：友好度"
2813,"敵：友好度"
2814,"敵：友好度"
2815,"敵：友好度"
2816,"敵：友好度"
2817,"敵：友好度"
2818,"敵：友好度"
2819,"敵：友好度"
2820,"敵：友好度"
2821,"敵：友好度"
2822,"敵：友好度"
2823,"敵：友好度"
2824,"敵：友好度"
2825,"敵：友好度"
2826,"敵：友好度"
2827,"敵：友好度"
2828,"敵：友好度"
2829,"敵：友好度"
2830,"敵：友好度"
2831,"敵：友好度"
2832,"敵：友好度"
2833,"敵：友好度"
2834,"敵：友好度"
2835,"敵：友好度"
2836,"敵：友好度"
2837,"敵：友好度"
2838,"敵：友好度"
2839,"敵：友好度"
2840,"敵：友好度"
2841,"敵：友好度"
2842,"敵：友好度"
2843,"敵：友好度"
2844,"敵：友好度"
2845,"敵：友好度"
2846,"敵：友好度"
2847,"敵：友好度"
2848,"敵：友好度"
2849,"敵：友好度"
2850,"敵：友好度"
2851,"敵：友好度"
2852,"敵：友好度"
2853,"敵：友好度"
2854,"敵：友好度"
2855,"敵：友好度"
2856,"敵：友好度"
2857,"敵：友好度"
2858,"敵：友好度"
2859,"敵：友好度"
2860,"敵：友好度"
2861,"敵：友好度"
2862,"敵：友好度"
2863,"敵：友好度"
2864,"敵：友好度"
2865,"敵：友好度"
2866,"敵：友好度"
2867,"敵：友好度"
2868,"敵：友好度"
2869,"敵：友好度"
2870,"敵：友好度"
2871,"敵：友好度"
2872,"敵：友好度"
2873,"敵：友好度"
2874,"敵：友好度"
2875,"敵：友好度"
2876,"敵：友好度"
2877,"敵：友好度"
2878,"敵：友好度"
2879,"敵：友好度"
2880,"敵：友好度"
2881,"敵：友好度"
2882,"敵：友好度"
2883,"敵：友好度"
2884,"敵：友好度"
2885,"敵：友好度"
2886,"敵：友好度"
2887,"敵：友好度"
2888,"敵：友好度"
2889,"敵：友好度"
2890,"敵：友好度"
2891,"敵：友好度"
2892,"敵：友好度"
2893,"敵：友好度"
2894,"敵：友好度"
2895,"敵：友好度"
2896,"敵：友好度"
2897,"敵：友好度"
2898,"敵：友好度"
2899,"敵：友好度"
2900,"敵：友好度"
2901,"敵：友好度"
2902,"敵：友好度"
2903,"敵：友好度"
2904,"敵：友好度"
2905,"敵：友好度"
2906,"敵：友好度"
2907,"敵：友好度"
2908,"敵：友好度"
2909,"敵：友好度"
2910,"敵：友好度"
2911,"敵：友好度"
2912,"敵：友好度"
2913,"敵：友好度"
2914,"敵：友好度"
2915,"敵：友好度"
2916,"敵：友好度"
2917,"敵：友好度"
2918,"敵：友好度"
2919,"敵：友好度"
2920,"敵：友好度"
2921,"敵：友好度"
2922,"敵：友好度"
2923,"敵：友好度"
2924,"敵：友好度"
2925,"敵：友好度"
2926,"敵：友好度"
2927,"敵：友好度"
2928,"敵：友好度"
2929,"敵：友好度"
2930,"敵：友好度"
2931,"敵：友好度"
2932,"敵：友好度"
2933,"敵：友好度"
2934,"敵：友好度"
2935,"敵：友好度"
2936,"敵：友好度"
2937,"敵：友好度"
2938,"敵：友好度"
2939,"敵：友好度"
2940,"敵：友好度"
2941,"敵：友好度"
2942,"敵：友好度"
2943,"敵：友好度"
2944,"敵：友好度"
2945,"敵：友好度"
2946,"敵：友好度"
2947,"敵：友好度"
2948,"敵：友好度"
2949,"敵：友好度"
2950,"敵：友好度"
2951,"敵：友好度"
2952,"敵：友好度"
2953,"敵：友好度"
2954,"敵：友好度"
2955,"敵：友好度"
2956,"敵：友好度"
2957,"敵：友好度"
2958,"敵：友好度"
2959,"敵：友好度"
2960,"敵：友好度"
2961,"敵：友好度"
2962,"敵：友好度"
2963,"敵：友好度"
2964,"敵：友好度"
2965,"敵：友好度"
2966,"敵：友好度"
2967,"敵：友好度"
2968,"敵：友好度"
2969,"敵：友好度"
2970,"敵：友好度"
2971,"敵：友好度"
2972,"敵：友好度"
2973,"敵：友好度"
2974,"敵：友好度"
2975,"敵：友好度"
2976,"敵：友好度"
2977,"敵：友好度"
2978,"敵：友好度"
2979,"敵：友好度"
2980,"敵：友好度"
2981,"敵：友好度"
2982,"敵：友好度"
2983,"敵：友好度"
2984,"敵：友好度"
2985,"敵：友好度"
2986,"敵：友好度"
2987,"敵：友好度"
2988,"敵：友好度"
2989,"敵：友好度"
2990,"敵：友好度"
2991,"敵：友好度"
2992,"敵：友好度"
2993,"敵：友好度"
2994,"敵：友好度"
2995,"敵：友好度"
2996,"敵：友好度"
2997,"敵：友好度"
2998,"敵：友好度"
2999,"敵：友好度"
3000,"敵：友好度"
3001,"味方：好感度"
3002,"味方：好感度"
3003,"味方：好感度"
3004,"味方：好感度"
3005,"味方：好感度"
3006,"味方：好感度"
3007,"味方：好感度"
3008,"味方：好感度"
3009,"味方：好感度"
3010,"味方：好感度"
3011,"味方：好感度"
3012,"味方：好感度"
3013,"味方：好感度"
3014,"味方：好感度"
3015,"味方：好感度"
3016,"味方：好感度"
3017,"味方：好感度"
3018,"味方：好感度"
3019,"味方：好感度"
3020,"味方：好感度"
3021,"味方：好感度"
3022,"味方：好感度"
3023,"味方：好感度"
3024,"味方：好感度"
3025,"味方：好感度"
3026,"味方：好感度"
3027,"味方：好感度"
3028,"味方：好感度"
3029,"味方：好感度"
3030,"味方：好感度"
3031,"味方：好感度"
3032,"味方：好感度"
3033,"味方：好感度"
3034,"味方：好感度"
3035,"味方：好感度"
3036,"味方：好感度"
3037,"味方：好感度"
3038,"味方：好感度"
3039,"味方：好感度"
3040,"味方：好感度"
3041,"味方：好感度"
3042,"味方：好感度"
3043,"味方：好感度"
3044,"味方：好感度"
3045,"味方：好感度"
3046,"味方：好感度"
3047,"味方：好感度"
3048,"味方：好感度"
3049,"味方：好感度"
3050,"味方：好感度"
3051,"味方：好感度"
3052,"味方：好感度"
3053,"味方：好感度"
3054,"味方：好感度"
3055,"味方：好感度"
3056,"味方：好感度"
3057,"味方：好感度"
3058,"味方：好感度"
3059,"味方：好感度"
3060,"味方：好感度"
3061,"味方：好感度"
3062,"味方：好感度"
3063,"味方：好感度"
3064,"味方：好感度"
3065,"味方：好感度"
3066,"味方：好感度"
3067,"味方：好感度"
3068,"味方：好感度"
3069,"味方：好感度"
3070,"味方：好感度"
3071,"味方：好感度"
3072,"味方：好感度"
3073,"味方：好感度"
3074,"味方：好感度"
3075,"味方：好感度"
3076,"味方：好感度"
3077,"味方：好感度"
3078,"味方：好感度"
3079,"味方：好感度"
3080,"味方：好感度"
3081,"味方：好感度"
3082,"味方：好感度"
3083,"味方：好感度"
3084,"味方：好感度"
3085,"味方：好感度"
3086,"味方：好感度"
3087,"味方：好感度"
3088,"味方：好感度"
3089,"味方：好感度"
3090,"味方：好感度"
3091,"味方：好感度"
3092,"味方：好感度"
3093,"味方：好感度"
3094,"味方：好感度"
3095,"味方：好感度"
3096,"味方：好感度"
3097,"味方：好感度"
3098,"味方：好感度"
3099,"味方：好感度"
3100,"味方：好感度"
3101,"味方：好感度"
3102,"味方：好感度"
3103,"味方：好感度"
3104,"味方：好感度"
3105,"味方：好感度"
3106,"味方：好感度"
3107,"味方：好感度"
3108,"味方：好感度"
3109,"味方：好感度"
3110,"味方：好感度"
3111,"味方：好感度"
3112,"味方：好感度"
3113,"味方：好感度"
3114,"味方：好感度"
3115,"味方：好感度"
3116,"味方：好感度"
3117,"味方：好感度"
3118,"味方：好感度"
3119,"味方：好感度"
3120,"味方：好感度"
3121,"味方：好感度"
3122,"味方：好感度"
3123,"味方：好感度"
3124,"味方：好感度"
3125,"味方：好感度"
3126,"味方：好感度"
3127,"味方：好感度"
3128,"味方：好感度"
3129,"味方：好感度"
3130,"味方：好感度"
3131,"味方：好感度"
3132,"味方：好感度"
3133,"味方：好感度"
3134,"味方：好感度"
3135,"味方：好感度"
3136,"味方：好感度"
3137,"味方：好感度"
3138,"味方：好感度"
3139,"味方：好感度"
3140,"味方：好感度"
3141,"味方：好感度"
3142,"味方：好感度"
3143,"味方：好感度"
3144,"味方：好感度"
3145,"味方：好感度"
3146,"味方：好感度"
3147,"味方：好感度"
3148,"味方：好感度"
3149,"味方：好感度"
3150,"味方：好感度"
3151,"味方：好感度"
3152,"味方：好感度"
3153,"味方：好感度"
3154,"味方：好感度"
3155,"味方：好感度"
3156,"味方：好感度"
3157,"味方：好感度"
3158,"味方：好感度"
3159,"味方：好感度"
3160,"味方：好感度"
3161,"味方：好感度"
3162,"味方：好感度"
3163,"味方：好感度"
3164,"味方：好感度"
3165,"味方：好感度"
3166,"味方：好感度"
3167,"味方：好感度"
3168,"味方：好感度"
3169,"味方：好感度"
3170,"味方：好感度"
3171,"味方：好感度"
3172,"味方：好感度"
3173,"味方：好感度"
3174,"味方：好感度"
3175,"味方：好感度"
3176,"味方：好感度"
3177,"味方：好感度"
3178,"味方：好感度"
3179,"味方：好感度"
3180,"味方：好感度"
3181,"味方：好感度"
3182,"味方：好感度"
3183,"味方：好感度"
3184,"味方：好感度"
3185,"味方：好感度"
3186,"味方：好感度"
3187,"味方：好感度"
3188,"味方：好感度"
3189,"味方：好感度"
3190,"味方：好感度"
3191,"味方：好感度"
3192,"味方：好感度"
3193,"味方：好感度"
3194,"味方：好感度"
3195,"味方：好感度"
3196,"味方：好感度"
3197,"味方：好感度"
3198,"味方：好感度"
3199,"味方：好感度"
3200,"味方：好感度"
3201,"味方：好感度"
3202,"味方：好感度"
3203,"味方：好感度"
3204,"味方：好感度"
3205,"味方：好感度"
3206,"味方：好感度"
3207,"味方：好感度"
3208,"味方：好感度"
3209,"味方：好感度"
3210,"味方：好感度"
3211,"味方：好感度"
3212,"味方：好感度"
3213,"味方：好感度"
3214,"味方：好感度"
3215,"味方：好感度"
3216,"味方：好感度"
3217,"味方：好感度"
3218,"味方：好感度"
3219,"味方：好感度"
3220,"味方：好感度"
3221,"味方：好感度"
3222,"味方：好感度"
3223,"味方：好感度"
3224,"味方：好感度"
3225,"味方：好感度"
3226,"味方：好感度"
3227,"味方：好感度"
3228,"味方：好感度"
3229,"味方：好感度"
3230,"味方：好感度"
3231,"味方：好感度"
3232,"味方：好感度"
3233,"味方：好感度"
3234,"味方：好感度"
3235,"味方：好感度"
3236,"味方：好感度"
3237,"味方：好感度"
3238,"味方：好感度"
3239,"味方：好感度"
3240,"味方：好感度"
3241,"味方：好感度"
3242,"味方：好感度"
3243,"味方：好感度"
3244,"味方：好感度"
3245,"味方：好感度"
3246,"味方：好感度"
3247,"味方：好感度"
3248,"味方：好感度"
3249,"味方：好感度"
3250,"味方：好感度"
3251,"味方：好感度"
3252,"味方：好感度"
3253,"味方：好感度"
3254,"味方：好感度"
3255,"味方：好感度"
3256,"味方：好感度"
3257,"味方：好感度"
3258,"味方：好感度"
3259,"味方：好感度"
3260,"味方：好感度"
3261,"味方：好感度"
3262,"味方：好感度"
3263,"味方：好感度"
3264,"味方：好感度"
3265,"味方：好感度"
3266,"味方：好感度"
3267,"味方：好感度"
3268,"味方：好感度"
3269,"味方：好感度"
3270,"味方：好感度"
3271,"味方：好感度"
3272,"味方：好感度"
3273,"味方：好感度"
3274,"味方：好感度"
3275,"味方：好感度"
3276,"味方：好感度"
3277,"味方：好感度"
3278,"味方：好感度"
3279,"味方：好感度"
3280,"味方：好感度"
3281,"味方：好感度"
3282,"味方：好感度"
3283,"味方：好感度"
3284,"味方：好感度"
3285,"味方：好感度"
3286,"味方：好感度"
3287,"味方：好感度"
3288,"味方：好感度"
3289,"味方：好感度"
3290,"味方：好感度"
3291,"味方：好感度"
3292,"味方：好感度"
3293,"味方：好感度"
3294,"味方：好感度"
3295,"味方：好感度"
3296,"味方：好感度"
3297,"味方：好感度"
3298,"味方：好感度"
3299,"味方：好感度"
3300,"味方：好感度"
3301,"味方：好感度"
3302,"味方：好感度"
3303,"味方：好感度"
3304,"味方：好感度"
3305,"味方：好感度"
3306,"味方：好感度"
3307,"味方：好感度"
3308,"味方：好感度"
3309,"味方：好感度"
3310,"味方：好感度"
3311,"味方：好感度"
3312,"味方：好感度"
3313,"味方：好感度"
3314,"味方：好感度"
3315,"味方：好感度"
3316,"味方：好感度"
3317,"味方：好感度"
3318,"味方：好感度"
3319,"味方：好感度"
3320,"味方：好感度"
3321,"味方：好感度"
3322,"味方：好感度"
3323,"味方：好感度"
3324,"味方：好感度"
3325,"味方：好感度"
3326,"味方：好感度"
3327,"味方：好感度"
3328,"味方：好感度"
3329,"味方：好感度"
3330,"味方：好感度"
3331,"味方：好感度"
3332,"味方：好感度"
3333,"味方：好感度"
3334,"味方：好感度"
3335,"味方：好感度"
3336,"味方：好感度"
3337,"味方：好感度"
3338,"味方：好感度"
3339,"味方：好感度"
3340,"味方：好感度"
3341,"味方：好感度"
3342,"味方：好感度"
3343,"味方：好感度"
3344,"味方：好感度"
3345,"味方：好感度"
3346,"味方：好感度"
3347,"味方：好感度"
3348,"味方：好感度"
3349,"味方：好感度"
3350,"味方：好感度"
3351,"味方：好感度"
3352,"味方：好感度"
3353,"味方：好感度"
3354,"味方：好感度"
3355,"味方：好感度"
3356,"味方：好感度"
3357,"味方：好感度"
3358,"味方：好感度"
3359,"味方：好感度"
3360,"味方：好感度"
3361,"味方：好感度"
3362,"味方：好感度"
3363,"味方：好感度"
3364,"味方：好感度"
3365,"味方：好感度"
3366,"味方：好感度"
3367,"味方：好感度"
3368,"味方：好感度"
3369,"味方：好感度"
3370,"味方：好感度"
3371,"味方：好感度"
3372,"味方：好感度"
3373,"味方：好感度"
3374,"味方：好感度"
3375,"味方：好感度"
3376,"味方：好感度"
3377,"味方：好感度"
3378,"味方：好感度"
3379,"味方：好感度"
3380,"味方：好感度"
3381,"味方：好感度"
3382,"味方：好感度"
3383,"味方：好感度"
3384,"味方：好感度"
3385,"味方：好感度"
3386,"味方：好感度"
3387,"味方：好感度"
3388,"味方：好感度"
3389,"味方：好感度"
3390,"味方：好感度"
3391,"味方：好感度"
3392,"味方：好感度"
3393,"味方：好感度"
3394,"味方：好感度"
3395,"味方：好感度"
3396,"味方：好感度"
3397,"味方：好感度"
3398,"味方：好感度"
3399,"味方：好感度"
3400,"味方：好感度"
3401,"味方：好感度"
3402,"味方：好感度"
3403,"味方：好感度"
3404,"味方：好感度"
3405,"味方：好感度"
3406,"味方：好感度"
3407,"味方：好感度"
3408,"味方：好感度"
3409,"味方：好感度"
3410,"味方：好感度"
3411,"味方：好感度"
3412,"味方：好感度"
3413,"味方：好感度"
3414,"味方：好感度"
3415,"味方：好感度"
3416,"味方：好感度"
3417,"味方：好感度"
3418,"味方：好感度"
3419,"味方：好感度"
3420,"味方：好感度"
3421,"味方：好感度"
3422,"味方：好感度"
3423,"味方：好感度"
3424,"味方：好感度"
3425,"味方：好感度"
3426,"味方：好感度"
3427,"味方：好感度"
3428,"味方：好感度"
3429,"味方：好感度"
3430,"味方：好感度"
3431,"味方：好感度"
3432,"味方：好感度"
3433,"味方：好感度"
3434,"味方：好感度"
3435,"味方：好感度"
3436,"味方：好感度"
3437,"味方：好感度"
3438,"味方：好感度"
3439,"味方：好感度"
3440,"味方：好感度"
3441,"味方：好感度"
3442,"味方：好感度"
3443,"味方：好感度"
3444,"味方：好感度"
3445,"味方：好感度"
3446,"味方：好感度"
3447,"味方：好感度"
3448,"味方：好感度"
3449,"味方：好感度"
3450,"味方：好感度"
3451,"味方：好感度"
3452,"味方：好感度"
3453,"味方：好感度"
3454,"味方：好感度"
3455,"味方：好感度"
3456,"味方：好感度"
3457,"味方：好感度"
3458,"味方：好感度"
3459,"味方：好感度"
3460,"味方：好感度"
3461,"味方：好感度"
3462,"味方：好感度"
3463,"味方：好感度"
3464,"味方：好感度"
3465,"味方：好感度"
3466,"味方：好感度"
3467,"味方：好感度"
3468,"味方：好感度"
3469,"味方：好感度"
3470,"味方：好感度"
3471,"味方：好感度"
3472,"味方：好感度"
3473,"味方：好感度"
3474,"味方：好感度"
3475,"味方：好感度"
3476,"味方：好感度"
3477,"味方：好感度"
3478,"味方：好感度"
3479,"味方：好感度"
3480,"味方：好感度"
3481,"味方：好感度"
3482,"味方：好感度"
3483,"味方：好感度"
3484,"味方：好感度"
3485,"味方：好感度"
3486,"味方：好感度"
3487,"味方：好感度"
3488,"味方：好感度"
3489,"味方：好感度"
3490,"味方：好感度"
3491,"味方：好感度"
3492,"味方：好感度"
3493,"味方：好感度"
3494,"味方：好感度"
3495,"味方：好感度"
3496,"味方：好感度"
3497,"味方：好感度"
3498,"味方：好感度"
3499,"味方：好感度"
3500,"味方：好感度"
3501,"味方：好感度"
3502,"味方：好感度"
3503,"味方：好感度"
3504,"味方：好感度"
3505,"味方：好感度"
3506,"味方：好感度"
3507,"味方：好感度"
3508,"味方：好感度"
3509,"味方：好感度"
3510,"味方：好感度"
3511,"味方：好感度"
3512,"味方：好感度"
3513,"味方：好感度"
3514,"味方：好感度"
3515,"味方：好感度"
3516,"味方：好感度"
3517,"味方：好感度"
3518,"味方：好感度"
3519,"味方：好感度"
3520,"味方：好感度"
3521,"味方：好感度"
3522,"味方：好感度"
3523,"味方：好感度"
3524,"味方：好感度"
3525,"味方：好感度"
3526,"味方：好感度"
3527,"味方：好感度"
3528,"味方：好感度"
3529,"味方：好感度"
3530,"味方：好感度"
3531,"味方：好感度"
3532,"味方：好感度"
3533,"味方：好感度"
3534,"味方：好感度"
3535,"味方：好感度"
3536,"味方：好感度"
3537,"味方：好感度"
3538,"味方：好感度"
3539,"味方：好感度"
3540,"味方：好感度"
3541,"味方：好感度"
3542,"味方：好感度"
3543,"味方：好感度"
3544,"味方：好感度"
3545,"味方：好感度"
3546,"味方：好感度"
3547,"味方：好感度"
3548,"味方：好感度"
3549,"味方：好感度"
3550,"味方：好感度"
3551,"味方：好感度"
3552,"味方：好感度"
3553,"味方：好感度"
3554,"味方：好感度"
3555,"味方：好感度"
3556,"味方：好感度"
3557,"味方：好感度"
3558,"味方：好感度"
3559,"味方：好感度"
3560,"味方：好感度"
3561,"味方：好感度"
3562,"味方：好感度"
3563,"味方：好感度"
3564,"味方：好感度"
3565,"味方：好感度"
3566,"味方：好感度"
3567,"味方：好感度"
3568,"味方：好感度"
3569,"味方：好感度"
3570,"味方：好感度"
3571,"味方：好感度"
3572,"味方：好感度"
3573,"味方：好感度"
3574,"味方：好感度"
3575,"味方：好感度"
3576,"味方：好感度"
3577,"味方：好感度"
3578,"味方：好感度"
3579,"味方：好感度"
3580,"味方：好感度"
3581,"味方：好感度"
3582,"味方：好感度"
3583,"味方：好感度"
3584,"味方：好感度"
3585,"味方：好感度"
3586,"味方：好感度"
3587,"味方：好感度"
3588,"味方：好感度"
3589,"味方：好感度"
3590,"味方：好感度"
3591,"味方：好感度"
3592,"味方：好感度"
3593,"味方：好感度"
3594,"味方：好感度"
3595,"味方：好感度"
3596,"味方：好感度"
3597,"味方：好感度"
3598,"味方：好感度"
3599,"味方：好感度"
3600,"味方：好感度"
3601,"味方：好感度"
3602,"味方：好感度"
3603,"味方：好感度"
3604,"味方：好感度"
3605,"味方：好感度"
3606,"味方：好感度"
3607,"味方：好感度"
3608,"味方：好感度"
3609,"味方：好感度"
3610,"味方：好感度"
3611,"味方：好感度"
3612,"味方：好感度"
3613,"味方：好感度"
3614,"味方：好感度"
3615,"味方：好感度"
3616,"味方：好感度"
3617,"味方：好感度"
3618,"味方：好感度"
3619,"味方：好感度"
3620,"味方：好感度"
3621,"味方：好感度"
3622,"味方：好感度"
3623,"味方：好感度"
3624,"味方：好感度"
3625,"味方：好感度"
3626,"味方：好感度"
3627,"味方：好感度"
3628,"味方：好感度"
3629,"味方：好感度"
3630,"味方：好感度"
3631,"味方：好感度"
3632,"味方：好感度"
3633,"味方：好感度"
3634,"味方：好感度"
3635,"味方：好感度"
3636,"味方：好感度"
3637,"味方：好感度"
3638,"味方：好感度"
3639,"味方：好感度"
3640,"味方：好感度"
3641,"味方：好感度"
3642,"味方：好感度"
3643,"味方：好感度"
3644,"味方：好感度"
3645,"味方：好感度"
3646,"味方：好感度"
3647,"味方：好感度"
3648,"味方：好感度"
3649,"味方：好感度"
3650,"味方：好感度"
3651,"味方：好感度"
3652,"味方：好感度"
3653,"味方：好感度"
3654,"味方：好感度"
3655,"味方：好感度"
3656,"味方：好感度"
3657,"味方：好感度"
3658,"味方：好感度"
3659,"味方：好感度"
3660,"味方：好感度"
3661,"味方：好感度"
3662,"味方：好感度"
3663,"味方：好感度"
3664,"味方：好感度"
3665,"味方：好感度"
3666,"味方：好感度"
3667,"味方：好感度"
3668,"味方：好感度"
3669,"味方：好感度"
3670,"味方：好感度"
3671,"味方：好感度"
3672,"味方：好感度"
3673,"味方：好感度"
3674,"味方：好感度"
3675,"味方：好感度"
3676,"味方：好感度"
3677,"味方：好感度"
3678,"味方：好感度"
3679,"味方：好感度"
3680,"味方：好感度"
3681,"味方：好感度"
3682,"味方：好感度"
3683,"味方：好感度"
3684,"味方：好感度"
3685,"味方：好感度"
3686,"味方：好感度"
3687,"味方：好感度"
3688,"味方：好感度"
3689,"味方：好感度"
3690,"味方：好感度"
3691,"味方：好感度"
3692,"味方：好感度"
3693,"味方：好感度"
3694,"味方：好感度"
3695,"味方：好感度"
3696,"味方：好感度"
3697,"味方：好感度"
3698,"味方：好感度"
3699,"味方：好感度"
3700,"味方：好感度"
3701,"味方：好感度"
3702,"味方：好感度"
3703,"味方：好感度"
3704,"味方：好感度"
3705,"味方：好感度"
3706,"味方：好感度"
3707,"味方：好感度"
3708,"味方：好感度"
3709,"味方：好感度"
3710,"味方：好感度"
3711,"味方：好感度"
3712,"味方：好感度"
3713,"味方：好感度"
3714,"味方：好感度"
3715,"味方：好感度"
3716,"味方：好感度"
3717,"味方：好感度"
3718,"味方：好感度"
3719,"味方：好感度"
3720,"味方：好感度"
3721,"味方：好感度"
3722,"味方：好感度"
3723,"味方：好感度"
3724,"味方：好感度"
3725,"味方：好感度"
3726,"味方：好感度"
3727,"味方：好感度"
3728,"味方：好感度"
3729,"味方：好感度"
3730,"味方：好感度"
3731,"味方：好感度"
3732,"味方：好感度"
3733,"味方：好感度"
3734,"味方：好感度"
3735,"味方：好感度"
3736,"味方：好感度"
3737,"味方：好感度"
3738,"味方：好感度"
3739,"味方：好感度"
3740,"味方：好感度"
3741,"味方：好感度"
3742,"味方：好感度"
3743,"味方：好感度"
3744,"味方：好感度"
3745,"味方：好感度"
3746,"味方：好感度"
3747,"味方：好感度"
3748,"味方：好感度"
3749,"味方：好感度"
3750,"味方：好感度"
3751,"味方：好感度"
3752,"味方：好感度"
3753,"味方：好感度"
3754,"味方：好感度"
3755,"味方：好感度"
3756,"味方：好感度"
3757,"味方：好感度"
3758,"味方：好感度"
3759,"味方：好感度"
3760,"味方：好感度"
3761,"味方：好感度"
3762,"味方：好感度"
3763,"味方：好感度"
3764,"味方：好感度"
3765,"味方：好感度"
3766,"味方：好感度"
3767,"味方：好感度"
3768,"味方：好感度"
3769,"味方：好感度"
3770,"味方：好感度"
3771,"味方：好感度"
3772,"味方：好感度"
3773,"味方：好感度"
3774,"味方：好感度"
3775,"味方：好感度"
3776,"味方：好感度"
3777,"味方：好感度"
3778,"味方：好感度"
3779,"味方：好感度"
3780,"味方：好感度"
3781,"味方：好感度"
3782,"味方：好感度"
3783,"味方：好感度"
3784,"味方：好感度"
3785,"味方：好感度"
3786,"味方：好感度"
3787,"味方：好感度"
3788,"味方：好感度"
3789,"味方：好感度"
3790,"味方：好感度"
3791,"味方：好感度"
3792,"味方：好感度"
3793,"味方：好感度"
3794,"味方：好感度"
3795,"味方：好感度"
3796,"味方：好感度"
3797,"味方：好感度"
3798,"味方：好感度"
3799,"味方：好感度"
3800,"味方：好感度"
3801,"味方：好感度"
3802,"味方：好感度"
3803,"味方：好感度"
3804,"味方：好感度"
3805,"味方：好感度"
3806,"味方：好感度"
3807,"味方：好感度"
3808,"味方：好感度"
3809,"味方：好感度"
3810,"味方：好感度"
3811,"味方：好感度"
3812,"味方：好感度"
3813,"味方：好感度"
3814,"味方：好感度"
3815,"味方：好感度"
3816,"味方：好感度"
3817,"味方：好感度"
3818,"味方：好感度"
3819,"味方：好感度"
3820,"味方：好感度"
3821,"味方：好感度"
3822,"味方：好感度"
3823,"味方：好感度"
3824,"味方：好感度"
3825,"味方：好感度"
3826,"味方：好感度"
3827,"味方：好感度"
3828,"味方：好感度"
3829,"味方：好感度"
3830,"味方：好感度"
3831,"味方：好感度"
3832,"味方：好感度"
3833,"味方：好感度"
3834,"味方：好感度"
3835,"味方：好感度"
3836,"味方：好感度"
3837,"味方：好感度"
3838,"味方：好感度"
3839,"味方：好感度"
3840,"味方：好感度"
3841,"味方：好感度"
3842,"味方：好感度"
3843,"味方：好感度"
3844,"味方：好感度"
3845,"味方：好感度"
3846,"味方：好感度"
3847,"味方：好感度"
3848,"味方：好感度"
3849,"味方：好感度"
3850,"味方：好感度"
3851,"味方：好感度"
3852,"味方：好感度"
3853,"味方：好感度"
3854,"味方：好感度"
3855,"味方：好感度"
3856,"味方：好感度"
3857,"味方：好感度"
3858,"味方：好感度"
3859,"味方：好感度"
3860,"味方：好感度"
3861,"味方：好感度"
3862,"味方：好感度"
3863,"味方：好感度"
3864,"味方：好感度"
3865,"味方：好感度"
3866,"味方：好感度"
3867,"味方：好感度"
3868,"味方：好感度"
3869,"味方：好感度"
3870,"味方：好感度"
3871,"味方：好感度"
3872,"味方：好感度"
3873,"味方：好感度"
3874,"味方：好感度"
3875,"味方：好感度"
3876,"味方：好感度"
3877,"味方：好感度"
3878,"味方：好感度"
3879,"味方：好感度"
3880,"味方：好感度"
3881,"味方：好感度"
3882,"味方：好感度"
3883,"味方：好感度"
3884,"味方：好感度"
3885,"味方：好感度"
3886,"味方：好感度"
3887,"味方：好感度"
3888,"味方：好感度"
3889,"味方：好感度"
3890,"味方：好感度"
3891,"味方：好感度"
3892,"味方：好感度"
3893,"味方：好感度"
3894,"味方：好感度"
3895,"味方：好感度"
3896,"味方：好感度"
3897,"味方：好感度"
3898,"味方：好感度"
3899,"味方：好感度"
3900,"味方：好感度"
3901,"味方：好感度"
3902,"味方：好感度"
3903,"味方：好感度"
3904,"味方：好感度"
3905,"味方：好感度"
3906,"味方：好感度"
3907,"味方：好感度"
3908,"味方：好感度"
3909,"味方：好感度"
3910,"味方：好感度"
3911,"味方：好感度"
3912,"味方：好感度"
3913,"味方：好感度"
3914,"味方：好感度"
3915,"味方：好感度"
3916,"味方：好感度"
3917,"味方：好感度"
3918,"味方：好感度"
3919,"味方：好感度"
3920,"味方：好感度"
3921,"味方：好感度"
3922,"味方：好感度"
3923,"味方：好感度"
3924,"味方：好感度"
3925,"味方：好感度"
3926,"味方：好感度"
3927,"味方：好感度"
3928,"味方：好感度"
3929,"味方：好感度"
3930,"味方：好感度"
3931,"味方：好感度"
3932,"味方：好感度"
3933,"味方：好感度"
3934,"味方：好感度"
3935,"味方：好感度"
3936,"味方：好感度"
3937,"味方：好感度"
3938,"味方：好感度"
3939,"味方：好感度"
3940,"味方：好感度"
3941,"味方：好感度"
3942,"味方：好感度"
3943,"味方：好感度"
3944,"味方：好感度"
3945,"味方：好感度"
3946,"味方：好感度"
3947,"味方：好感度"
3948,"味方：好感度"
3949,"味方：好感度"
3950,"味方：好感度"
3951,"味方：好感度"
3952,"味方：好感度"
3953,"味方：好感度"
3954,"味方：好感度"
3955,"味方：好感度"
3956,"味方：好感度"
3957,"味方：好感度"
3958,"味方：好感度"
3959,"味方：好感度"
3960,"味方：好感度"
3961,"味方：好感度"
3962,"味方：好感度"
3963,"味方：好感度"
3964,"味方：好感度"
3965,"味方：好感度"
3966,"味方：好感度"
3967,"味方：好感度"
3968,"味方：好感度"
3969,"味方：好感度"
3970,"味方：好感度"
3971,"味方：好感度"
3972,"味方：好感度"
3973,"味方：好感度"
3974,"味方：好感度"
3975,"味方：好感度"
3976,"味方：好感度"
3977,"味方：好感度"
3978,"味方：好感度"
3979,"味方：好感度"
3980,"味方：好感度"
3981,"味方：好感度"
3982,"味方：好感度"
3983,"味方：好感度"
3984,"味方：好感度"
3985,"味方：好感度"
3986,"味方：好感度"
3987,"味方：好感度"
3988,"味方：好感度"
3989,"味方：好感度"
3990,"味方：好感度"
3991,"味方：好感度"
3992,"味方：好感度"
3993,"味方：好感度"
3994,"味方：好感度"
3995,"味方：好感度"
3996,"味方：好感度"
3997,"味方：好感度"
3998,"味方：好感度"
3999,"味方：好感度"
4000,"味方：好感度"
4001,"味方：プレゼント用"
4002,"味方：プレゼント用"
4003,"味方：プレゼント用"
4004,"味方：プレゼント用"
4005,"味方：プレゼント用"
4006,"味方：プレゼント用"
4007,"味方：プレゼント用"
4008,"味方：プレゼント用"
4009,"味方：プレゼント用"
4010,"味方：プレゼント用"
4011,"味方：プレゼント用"
4012,"味方：プレゼント用"
4013,"味方：プレゼント用"
4014,"味方：プレゼント用"
4015,"味方：プレゼント用"
4016,"味方：プレゼント用"
4017,"味方：プレゼント用"
4018,"味方：プレゼント用"
4019,"味方：プレゼント用"
4020,"味方：プレゼント用"
4021,"味方：プレゼント用"
4022,"味方：プレゼント用"
4023,"味方：プレゼント用"
4024,"味方：プレゼント用"
4025,"味方：プレゼント用"
4026,"味方：プレゼント用"
4027,"味方：プレゼント用"
4028,"味方：プレゼント用"
4029,"味方：プレゼント用"
4030,"味方：プレゼント用"
4031,"味方：プレゼント用"
4032,"味方：プレゼント用"
4033,"味方：プレゼント用"
4034,"味方：プレゼント用"
4035,"味方：プレゼント用"
4036,"味方：プレゼント用"
4037,"味方：プレゼント用"
4038,"味方：プレゼント用"
4039,"味方：プレゼント用"
4040,"味方：プレゼント用"
4041,"味方：プレゼント用"
4042,"味方：プレゼント用"
4043,"味方：プレゼント用"
4044,"味方：プレゼント用"
4045,"味方：プレゼント用"
4046,"味方：プレゼント用"
4047,"味方：プレゼント用"
4048,"味方：プレゼント用"
4049,"味方：プレゼント用"
4050,"味方：プレゼント用"
4051,"味方：プレゼント用"
4052,"味方：プレゼント用"
4053,"味方：プレゼント用"
4054,"味方：プレゼント用"
4055,"味方：プレゼント用"
4056,"味方：プレゼント用"
4057,"味方：プレゼント用"
4058,"味方：プレゼント用"
4059,"味方：プレゼント用"
4060,"味方：プレゼント用"
4061,"味方：プレゼント用"
4062,"味方：プレゼント用"
4063,"味方：プレゼント用"
4064,"味方：プレゼント用"
4065,"味方：プレゼント用"
4066,"味方：プレゼント用"
4067,"味方：プレゼント用"
4068,"味方：プレゼント用"
4069,"味方：プレゼント用"
4070,"味方：プレゼント用"
4071,"味方：プレゼント用"
4072,"味方：プレゼント用"
4073,"味方：プレゼント用"
4074,"味方：プレゼント用"
4075,"味方：プレゼント用"
4076,"味方：プレゼント用"
4077,"味方：プレゼント用"
4078,"味方：プレゼント用"
4079,"味方：プレゼント用"
4080,"味方：プレゼント用"
4081,"味方：プレゼント用"
4082,"味方：プレゼント用"
4083,"味方：プレゼント用"
4084,"味方：プレゼント用"
4085,"味方：プレゼント用"
4086,"味方：プレゼント用"
4087,"味方：プレゼント用"
4088,"味方：プレゼント用"
4089,"味方：プレゼント用"
4090,"味方：プレゼント用"
4091,"味方：プレゼント用"
4092,"味方：プレゼント用"
4093,"味方：プレゼント用"
4094,"味方：プレゼント用"
4095,"味方：プレゼント用"
4096,"味方：プレゼント用"
4097,"味方：プレゼント用"
4098,"味方：プレゼント用"
4099,"味方：プレゼント用"
4100,"味方：プレゼント用"
4101,"味方：プレゼント用"
4102,"味方：プレゼント用"
4103,"味方：プレゼント用"
4104,"味方：プレゼント用"
4105,"味方：プレゼント用"
4106,"味方：プレゼント用"
4107,"味方：プレゼント用"
4108,"味方：プレゼント用"
4109,"味方：プレゼント用"
4110,"味方：プレゼント用"
4111,"味方：プレゼント用"
4112,"味方：プレゼント用"
4113,"味方：プレゼント用"
4114,"味方：プレゼント用"
4115,"味方：プレゼント用"
4116,"味方：プレゼント用"
4117,"味方：プレゼント用"
4118,"味方：プレゼント用"
4119,"味方：プレゼント用"
4120,"味方：プレゼント用"
4121,"味方：プレゼント用"
4122,"味方：プレゼント用"
4123,"味方：プレゼント用"
4124,"味方：プレゼント用"
4125,"味方：プレゼント用"
4126,"味方：プレゼント用"
4127,"味方：プレゼント用"
4128,"味方：プレゼント用"
4129,"味方：プレゼント用"
4130,"味方：プレゼント用"
4131,"味方：プレゼント用"
4132,"味方：プレゼント用"
4133,"味方：プレゼント用"
4134,"味方：プレゼント用"
4135,"味方：プレゼント用"
4136,"味方：プレゼント用"
4137,"味方：プレゼント用"
4138,"味方：プレゼント用"
4139,"味方：プレゼント用"
4140,"味方：プレゼント用"
4141,"味方：プレゼント用"
4142,"味方：プレゼント用"
4143,"味方：プレゼント用"
4144,"味方：プレゼント用"
4145,"味方：プレゼント用"
4146,"味方：プレゼント用"
4147,"味方：プレゼント用"
4148,"味方：プレゼント用"
4149,"味方：プレゼント用"
4150,"味方：プレゼント用"
4151,"味方：プレゼント用"
4152,"味方：プレゼント用"
4153,"味方：プレゼント用"
4154,"味方：プレゼント用"
4155,"味方：プレゼント用"
4156,"味方：プレゼント用"
4157,"味方：プレゼント用"
4158,"味方：プレゼント用"
4159,"味方：プレゼント用"
4160,"味方：プレゼント用"
4161,"味方：プレゼント用"
4162,"味方：プレゼント用"
4163,"味方：プレゼント用"
4164,"味方：プレゼント用"
4165,"味方：プレゼント用"
4166,"味方：プレゼント用"
4167,"味方：プレゼント用"
4168,"味方：プレゼント用"
4169,"味方：プレゼント用"
4170,"味方：プレゼント用"
4171,"味方：プレゼント用"
4172,"味方：プレゼント用"
4173,"味方：プレゼント用"
4174,"味方：プレゼント用"
4175,"味方：プレゼント用"
4176,"味方：プレゼント用"
4177,"味方：プレゼント用"
4178,"味方：プレゼント用"
4179,"味方：プレゼント用"
4180,"味方：プレゼント用"
4181,"味方：プレゼント用"
4182,"味方：プレゼント用"
4183,"味方：プレゼント用"
4184,"味方：プレゼント用"
4185,"味方：プレゼント用"
4186,"味方：プレゼント用"
4187,"味方：プレゼント用"
4188,"味方：プレゼント用"
4189,"味方：プレゼント用"
4190,"味方：プレゼント用"
4191,"味方：プレゼント用"
4192,"味方：プレゼント用"
4193,"味方：プレゼント用"
4194,"味方：プレゼント用"
4195,"味方：プレゼント用"
4196,"味方：プレゼント用"
4197,"味方：プレゼント用"
4198,"味方：プレゼント用"
4199,"味方：プレゼント用"
4200,"味方：プレゼント用"
4201,"味方：プレゼント用"
4202,"味方：プレゼント用"
4203,"味方：プレゼント用"
4204,"味方：プレゼント用"
4205,"味方：プレゼント用"
4206,"味方：プレゼント用"
4207,"味方：プレゼント用"
4208,"味方：プレゼント用"
4209,"味方：プレゼント用"
4210,"味方：プレゼント用"
4211,"味方：プレゼント用"
4212,"味方：プレゼント用"
4213,"味方：プレゼント用"
4214,"味方：プレゼント用"
4215,"味方：プレゼント用"
4216,"味方：プレゼント用"
4217,"味方：プレゼント用"
4218,"味方：プレゼント用"
4219,"味方：プレゼント用"
4220,"味方：プレゼント用"
4221,"味方：プレゼント用"
4222,"味方：プレゼント用"
4223,"味方：プレゼント用"
4224,"味方：プレゼント用"
4225,"味方：プレゼント用"
4226,"味方：プレゼント用"
4227,"味方：プレゼント用"
4228,"味方：プレゼント用"
4229,"味方：プレゼント用"
4230,"味方：プレゼント用"
4231,"味方：プレゼント用"
4232,"味方：プレゼント用"
4233,"味方：プレゼント用"
4234,"味方：プレゼント用"
4235,"味方：プレゼント用"
4236,"味方：プレゼント用"
4237,"味方：プレゼント用"
4238,"味方：プレゼント用"
4239,"味方：プレゼント用"
4240,"味方：プレゼント用"
4241,"味方：プレゼント用"
4242,"味方：プレゼント用"
4243,"味方：プレゼント用"
4244,"味方：プレゼント用"
4245,"味方：プレゼント用"
4246,"味方：プレゼント用"
4247,"味方：プレゼント用"
4248,"味方：プレゼント用"
4249,"味方：プレゼント用"
4250,"味方：プレゼント用"
4251,"味方：プレゼント用"
4252,"味方：プレゼント用"
4253,"味方：プレゼント用"
4254,"味方：プレゼント用"
4255,"味方：プレゼント用"
4256,"味方：プレゼント用"
4257,"味方：プレゼント用"
4258,"味方：プレゼント用"
4259,"味方：プレゼント用"
4260,"味方：プレゼント用"
4261,"味方：プレゼント用"
4262,"味方：プレゼント用"
4263,"味方：プレゼント用"
4264,"味方：プレゼント用"
4265,"味方：プレゼント用"
4266,"味方：プレゼント用"
4267,"味方：プレゼント用"
4268,"味方：プレゼント用"
4269,"味方：プレゼント用"
4270,"味方：プレゼント用"
4271,"味方：プレゼント用"
4272,"味方：プレゼント用"
4273,"味方：プレゼント用"
4274,"味方：プレゼント用"
4275,"味方：プレゼント用"
4276,"味方：プレゼント用"
4277,"味方：プレゼント用"
4278,"味方：プレゼント用"
4279,"味方：プレゼント用"
4280,"味方：プレゼント用"
4281,"味方：プレゼント用"
4282,"味方：プレゼント用"
4283,"味方：プレゼント用"
4284,"味方：プレゼント用"
4285,"味方：プレゼント用"
4286,"味方：プレゼント用"
4287,"味方：プレゼント用"
4288,"味方：プレゼント用"
4289,"味方：プレゼント用"
4290,"味方：プレゼント用"
4291,"味方：プレゼント用"
4292,"味方：プレゼント用"
4293,"味方：プレゼント用"
4294,"味方：プレゼント用"
4295,"味方：プレゼント用"
4296,"味方：プレゼント用"
4297,"味方：プレゼント用"
4298,"味方：プレゼント用"
4299,"味方：プレゼント用"
4300,"味方：プレゼント用"
4301,"味方：プレゼント用"
4302,"味方：プレゼント用"
4303,"味方：プレゼント用"
4304,"味方：プレゼント用"
4305,"味方：プレゼント用"
4306,"味方：プレゼント用"
4307,"味方：プレゼント用"
4308,"味方：プレゼント用"
4309,"味方：プレゼント用"
4310,"味方：プレゼント用"
4311,"味方：プレゼント用"
4312,"味方：プレゼント用"
4313,"味方：プレゼント用"
4314,"味方：プレゼント用"
4315,"味方：プレゼント用"
4316,"味方：プレゼント用"
4317,"味方：プレゼント用"
4318,"味方：プレゼント用"
4319,"味方：プレゼント用"
4320,"味方：プレゼント用"
4321,"味方：プレゼント用"
4322,"味方：プレゼント用"
4323,"味方：プレゼント用"
4324,"味方：プレゼント用"
4325,"味方：プレゼント用"
4326,"味方：プレゼント用"
4327,"味方：プレゼント用"
4328,"味方：プレゼント用"
4329,"味方：プレゼント用"
4330,"味方：プレゼント用"
4331,"味方：プレゼント用"
4332,"味方：プレゼント用"
4333,"味方：プレゼント用"
4334,"味方：プレゼント用"
4335,"味方：プレゼント用"
4336,"味方：プレゼント用"
4337,"味方：プレゼント用"
4338,"味方：プレゼント用"
4339,"味方：プレゼント用"
4340,"味方：プレゼント用"
4341,"味方：プレゼント用"
4342,"味方：プレゼント用"
4343,"味方：プレゼント用"
4344,"味方：プレゼント用"
4345,"味方：プレゼント用"
4346,"味方：プレゼント用"
4347,"味方：プレゼント用"
4348,"味方：プレゼント用"
4349,"味方：プレゼント用"
4350,"味方：プレゼント用"
4351,"味方：プレゼント用"
4352,"味方：プレゼント用"
4353,"味方：プレゼント用"
4354,"味方：プレゼント用"
4355,"味方：プレゼント用"
4356,"味方：プレゼント用"
4357,"味方：プレゼント用"
4358,"味方：プレゼント用"
4359,"味方：プレゼント用"
4360,"味方：プレゼント用"
4361,"味方：プレゼント用"
4362,"味方：プレゼント用"
4363,"味方：プレゼント用"
4364,"味方：プレゼント用"
4365,"味方：プレゼント用"
4366,"味方：プレゼント用"
4367,"味方：プレゼント用"
4368,"味方：プレゼント用"
4369,"味方：プレゼント用"
4370,"味方：プレゼント用"
4371,"味方：プレゼント用"
4372,"味方：プレゼント用"
4373,"味方：プレゼント用"
4374,"味方：プレゼント用"
4375,"味方：プレゼント用"
4376,"味方：プレゼント用"
4377,"味方：プレゼント用"
4378,"味方：プレゼント用"
4379,"味方：プレゼント用"
4380,"味方：プレゼント用"
4381,"味方：プレゼント用"
4382,"味方：プレゼント用"
4383,"味方：プレゼント用"
4384,"味方：プレゼント用"
4385,"味方：プレゼント用"
4386,"味方：プレゼント用"
4387,"味方：プレゼント用"
4388,"味方：プレゼント用"
4389,"味方：プレゼント用"
4390,"味方：プレゼント用"
4391,"味方：プレゼント用"
4392,"味方：プレゼント用"
4393,"味方：プレゼント用"
4394,"味方：プレゼント用"
4395,"味方：プレゼント用"
4396,"味方：プレゼント用"
4397,"味方：プレゼント用"
4398,"味方：プレゼント用"
4399,"味方：プレゼント用"
4400,"味方：プレゼント用"
4401,"味方：プレゼント用"
4402,"味方：プレゼント用"
4403,"味方：プレゼント用"
4404,"味方：プレゼント用"
4405,"味方：プレゼント用"
4406,"味方：プレゼント用"
4407,"味方：プレゼント用"
4408,"味方：プレゼント用"
4409,"味方：プレゼント用"
4410,"味方：プレゼント用"
4411,"味方：プレゼント用"
4412,"味方：プレゼント用"
4413,"味方：プレゼント用"
4414,"味方：プレゼント用"
4415,"味方：プレゼント用"
4416,"味方：プレゼント用"
4417,"味方：プレゼント用"
4418,"味方：プレゼント用"
4419,"味方：プレゼント用"
4420,"味方：プレゼント用"
4421,"味方：プレゼント用"
4422,"味方：プレゼント用"
4423,"味方：プレゼント用"
4424,"味方：プレゼント用"
4425,"味方：プレゼント用"
4426,"味方：プレゼント用"
4427,"味方：プレゼント用"
4428,"味方：プレゼント用"
4429,"味方：プレゼント用"
4430,"味方：プレゼント用"
4431,"味方：プレゼント用"
4432,"味方：プレゼント用"
4433,"味方：プレゼント用"
4434,"味方：プレゼント用"
4435,"味方：プレゼント用"
4436,"味方：プレゼント用"
4437,"味方：プレゼント用"
4438,"味方：プレゼント用"
4439,"味方：プレゼント用"
4440,"味方：プレゼント用"
4441,"味方：プレゼント用"
4442,"味方：プレゼント用"
4443,"味方：プレゼント用"
4444,"味方：プレゼント用"
4445,"味方：プレゼント用"
4446,"味方：プレゼント用"
4447,"味方：プレゼント用"
4448,"味方：プレゼント用"
4449,"味方：プレゼント用"
4450,"味方：プレゼント用"
4451,"味方：プレゼント用"
4452,"味方：プレゼント用"
4453,"味方：プレゼント用"
4454,"味方：プレゼント用"
4455,"味方：プレゼント用"
4456,"味方：プレゼント用"
4457,"味方：プレゼント用"
4458,"味方：プレゼント用"
4459,"味方：プレゼント用"
4460,"味方：プレゼント用"
4461,"味方：プレゼント用"
4462,"味方：プレゼント用"
4463,"味方：プレゼント用"
4464,"味方：プレゼント用"
4465,"味方：プレゼント用"
4466,"味方：プレゼント用"
4467,"味方：プレゼント用"
4468,"味方：プレゼント用"
4469,"味方：プレゼント用"
4470,"味方：プレゼント用"
4471,"味方：プレゼント用"
4472,"味方：プレゼント用"
4473,"味方：プレゼント用"
4474,"味方：プレゼント用"
4475,"味方：プレゼント用"
4476,"味方：プレゼント用"
4477,"味方：プレゼント用"
4478,"味方：プレゼント用"
4479,"味方：プレゼント用"
4480,"味方：プレゼント用"
4481,"味方：プレゼント用"
4482,"味方：プレゼント用"
4483,"味方：プレゼント用"
4484,"味方：プレゼント用"
4485,"味方：プレゼント用"
4486,"味方：プレゼント用"
4487,"味方：プレゼント用"
4488,"味方：プレゼント用"
4489,"味方：プレゼント用"
4490,"味方：プレゼント用"
4491,"味方：プレゼント用"
4492,"味方：プレゼント用"
4493,"味方：プレゼント用"
4494,"味方：プレゼント用"
4495,"味方：プレゼント用"
4496,"味方：プレゼント用"
4497,"味方：プレゼント用"
4498,"味方：プレゼント用"
4499,"味方：プレゼント用"
4500,"味方：プレゼント用"
4501,"味方：プレゼント用"
4502,"味方：プレゼント用"
4503,"味方：プレゼント用"
4504,"味方：プレゼント用"
4505,"味方：プレゼント用"
4506,"味方：プレゼント用"
4507,"味方：プレゼント用"
4508,"味方：プレゼント用"
4509,"味方：プレゼント用"
4510,"味方：プレゼント用"
4511,"味方：プレゼント用"
4512,"味方：プレゼント用"
4513,"味方：プレゼント用"
4514,"味方：プレゼント用"
4515,"味方：プレゼント用"
4516,"味方：プレゼント用"
4517,"味方：プレゼント用"
4518,"味方：プレゼント用"
4519,"味方：プレゼント用"
4520,"味方：プレゼント用"
4521,"味方：プレゼント用"
4522,"味方：プレゼント用"
4523,"味方：プレゼント用"
4524,"味方：プレゼント用"
4525,"味方：プレゼント用"
4526,"味方：プレゼント用"
4527,"味方：プレゼント用"
4528,"味方：プレゼント用"
4529,"味方：プレゼント用"
4530,"味方：プレゼント用"
4531,"味方：プレゼント用"
4532,"味方：プレゼント用"
4533,"味方：プレゼント用"
4534,"味方：プレゼント用"
4535,"味方：プレゼント用"
4536,"味方：プレゼント用"
4537,"味方：プレゼント用"
4538,"味方：プレゼント用"
4539,"味方：プレゼント用"
4540,"味方：プレゼント用"
4541,"味方：プレゼント用"
4542,"味方：プレゼント用"
4543,"味方：プレゼント用"
4544,"味方：プレゼント用"
4545,"味方：プレゼント用"
4546,"味方：プレゼント用"
4547,"味方：プレゼント用"
4548,"味方：プレゼント用"
4549,"味方：プレゼント用"
4550,"味方：プレゼント用"
4551,"味方：プレゼント用"
4552,"味方：プレゼント用"
4553,"味方：プレゼント用"
4554,"味方：プレゼント用"
4555,"味方：プレゼント用"
4556,"味方：プレゼント用"
4557,"味方：プレゼント用"
4558,"味方：プレゼント用"
4559,"味方：プレゼント用"
4560,"味方：プレゼント用"
4561,"味方：プレゼント用"
4562,"味方：プレゼント用"
4563,"味方：プレゼント用"
4564,"味方：プレゼント用"
4565,"味方：プレゼント用"
4566,"味方：プレゼント用"
4567,"味方：プレゼント用"
4568,"味方：プレゼント用"
4569,"味方：プレゼント用"
4570,"味方：プレゼント用"
4571,"味方：プレゼント用"
4572,"味方：プレゼント用"
4573,"味方：プレゼント用"
4574,"味方：プレゼント用"
4575,"味方：プレゼント用"
4576,"味方：プレゼント用"
4577,"味方：プレゼント用"
4578,"味方：プレゼント用"
4579,"味方：プレゼント用"
4580,"味方：プレゼント用"
4581,"味方：プレゼント用"
4582,"味方：プレゼント用"
4583,"味方：プレゼント用"
4584,"味方：プレゼント用"
4585,"味方：プレゼント用"
4586,"味方：プレゼント用"
4587,"味方：プレゼント用"
4588,"味方：プレゼント用"
4589,"味方：プレゼント用"
4590,"味方：プレゼント用"
4591,"味方：プレゼント用"
4592,"味方：プレゼント用"
4593,"味方：プレゼント用"
4594,"味方：プレゼント用"
4595,"味方：プレゼント用"
4596,"味方：プレゼント用"
4597,"味方：プレゼント用"
4598,"味方：プレゼント用"
4599,"味方：プレゼント用"
4600,"味方：プレゼント用"
4601,"味方：プレゼント用"
4602,"味方：プレゼント用"
4603,"味方：プレゼント用"
4604,"味方：プレゼント用"
4605,"味方：プレゼント用"
4606,"味方：プレゼント用"
4607,"味方：プレゼント用"
4608,"味方：プレゼント用"
4609,"味方：プレゼント用"
4610,"味方：プレゼント用"
4611,"味方：プレゼント用"
4612,"味方：プレゼント用"
4613,"味方：プレゼント用"
4614,"味方：プレゼント用"
4615,"味方：プレゼント用"
4616,"味方：プレゼント用"
4617,"味方：プレゼント用"
4618,"味方：プレゼント用"
4619,"味方：プレゼント用"
4620,"味方：プレゼント用"
4621,"味方：プレゼント用"
4622,"味方：プレゼント用"
4623,"味方：プレゼント用"
4624,"味方：プレゼント用"
4625,"味方：プレゼント用"
4626,"味方：プレゼント用"
4627,"味方：プレゼント用"
4628,"味方：プレゼント用"
4629,"味方：プレゼント用"
4630,"味方：プレゼント用"
4631,"味方：プレゼント用"
4632,"味方：プレゼント用"
4633,"味方：プレゼント用"
4634,"味方：プレゼント用"
4635,"味方：プレゼント用"
4636,"味方：プレゼント用"
4637,"味方：プレゼント用"
4638,"味方：プレゼント用"
4639,"味方：プレゼント用"
4640,"味方：プレゼント用"
4641,"味方：プレゼント用"
4642,"味方：プレゼント用"
4643,"味方：プレゼント用"
4644,"味方：プレゼント用"
4645,"味方：プレゼント用"
4646,"味方：プレゼント用"
4647,"味方：プレゼント用"
4648,"味方：プレゼント用"
4649,"味方：プレゼント用"
4650,"味方：プレゼント用"
4651,"味方：プレゼント用"
4652,"味方：プレゼント用"
4653,"味方：プレゼント用"
4654,"味方：プレゼント用"
4655,"味方：プレゼント用"
4656,"味方：プレゼント用"
4657,"味方：プレゼント用"
4658,"味方：プレゼント用"
4659,"味方：プレゼント用"
4660,"味方：プレゼント用"
4661,"味方：プレゼント用"
4662,"味方：プレゼント用"
4663,"味方：プレゼント用"
4664,"味方：プレゼント用"
4665,"味方：プレゼント用"
4666,"味方：プレゼント用"
4667,"味方：プレゼント用"
4668,"味方：プレゼント用"
4669,"味方：プレゼント用"
4670,"味方：プレゼント用"
4671,"味方：プレゼント用"
4672,"味方：プレゼント用"
4673,"味方：プレゼント用"
4674,"味方：プレゼント用"
4675,"味方：プレゼント用"
4676,"味方：プレゼント用"
4677,"味方：プレゼント用"
4678,"味方：プレゼント用"
4679,"味方：プレゼント用"
4680,"味方：プレゼント用"
4681,"味方：プレゼント用"
4682,"味方：プレゼント用"
4683,"味方：プレゼント用"
4684,"味方：プレゼント用"
4685,"味方：プレゼント用"
4686,"味方：プレゼント用"
4687,"味方：プレゼント用"
4688,"味方：プレゼント用"
4689,"味方：プレゼント用"
4690,"味方：プレゼント用"
4691,"味方：プレゼント用"
4692,"味方：プレゼント用"
4693,"味方：プレゼント用"
4694,"味方：プレゼント用"
4695,"味方：プレゼント用"
4696,"味方：プレゼント用"
4697,"味方：プレゼント用"
4698,"味方：プレゼント用"
4699,"味方：プレゼント用"
4700,"味方：プレゼント用"
4701,"味方：プレゼント用"
4702,"味方：プレゼント用"
4703,"味方：プレゼント用"
4704,"味方：プレゼント用"
4705,"味方：プレゼント用"
4706,"味方：プレゼント用"
4707,"味方：プレゼント用"
4708,"味方：プレゼント用"
4709,"味方：プレゼント用"
4710,"味方：プレゼント用"
4711,"味方：プレゼント用"
4712,"味方：プレゼント用"
4713,"味方：プレゼント用"
4714,"味方：プレゼント用"
4715,"味方：プレゼント用"
4716,"味方：プレゼント用"
4717,"味方：プレゼント用"
4718,"味方：プレゼント用"
4719,"味方：プレゼント用"
4720,"味方：プレゼント用"
4721,"味方：プレゼント用"
4722,"味方：プレゼント用"
4723,"味方：プレゼント用"
4724,"味方：プレゼント用"
4725,"味方：プレゼント用"
4726,"味方：プレゼント用"
4727,"味方：プレゼント用"
4728,"味方：プレゼント用"
4729,"味方：プレゼント用"
4730,"味方：プレゼント用"
4731,"味方：プレゼント用"
4732,"味方：プレゼント用"
4733,"味方：プレゼント用"
4734,"味方：プレゼント用"
4735,"味方：プレゼント用"
4736,"味方：プレゼント用"
4737,"味方：プレゼント用"
4738,"味方：プレゼント用"
4739,"味方：プレゼント用"
4740,"味方：プレゼント用"
4741,"味方：プレゼント用"
4742,"味方：プレゼント用"
4743,"味方：プレゼント用"
4744,"味方：プレゼント用"
4745,"味方：プレゼント用"
4746,"味方：プレゼント用"
4747,"味方：プレゼント用"
4748,"味方：プレゼント用"
4749,"味方：プレゼント用"
4750,"味方：プレゼント用"
4751,"味方：プレゼント用"
4752,"味方：プレゼント用"
4753,"味方：プレゼント用"
4754,"味方：プレゼント用"
4755,"味方：プレゼント用"
4756,"味方：プレゼント用"
4757,"味方：プレゼント用"
4758,"味方：プレゼント用"
4759,"味方：プレゼント用"
4760,"味方：プレゼント用"
4761,"味方：プレゼント用"
4762,"味方：プレゼント用"
4763,"味方：プレゼント用"
4764,"味方：プレゼント用"
4765,"味方：プレゼント用"
4766,"味方：プレゼント用"
4767,"味方：プレゼント用"
4768,"味方：プレゼント用"
4769,"味方：プレゼント用"
4770,"味方：プレゼント用"
4771,"味方：プレゼント用"
4772,"味方：プレゼント用"
4773,"味方：プレゼント用"
4774,"味方：プレゼント用"
4775,"味方：プレゼント用"
4776,"味方：プレゼント用"
4777,"味方：プレゼント用"
4778,"味方：プレゼント用"
4779,"味方：プレゼント用"
4780,"味方：プレゼント用"
4781,"味方：プレゼント用"
4782,"味方：プレゼント用"
4783,"味方：プレゼント用"
4784,"味方：プレゼント用"
4785,"味方：プレゼント用"
4786,"味方：プレゼント用"
4787,"味方：プレゼント用"
4788,"味方：プレゼント用"
4789,"味方：プレゼント用"
4790,"味方：プレゼント用"
4791,"味方：プレゼント用"
4792,"味方：プレゼント用"
4793,"味方：プレゼント用"
4794,"味方：プレゼント用"
4795,"味方：プレゼント用"
4796,"味方：プレゼント用"
4797,"味方：プレゼント用"
4798,"味方：プレゼント用"
4799,"味方：プレゼント用"
4800,"味方：プレゼント用"
4801,"味方：プレゼント用"
4802,"味方：プレゼント用"
4803,"味方：プレゼント用"
4804,"味方：プレゼント用"
4805,"味方：プレゼント用"
4806,"味方：プレゼント用"
4807,"味方：プレゼント用"
4808,"味方：プレゼント用"
4809,"味方：プレゼント用"
4810,"味方：プレゼント用"
4811,"味方：プレゼント用"
4812,"味方：プレゼント用"
4813,"味方：プレゼント用"
4814,"味方：プレゼント用"
4815,"味方：プレゼント用"
4816,"味方：プレゼント用"
4817,"味方：プレゼント用"
4818,"味方：プレゼント用"
4819,"味方：プレゼント用"
4820,"味方：プレゼント用"
4821,"味方：プレゼント用"
4822,"味方：プレゼント用"
4823,"味方：プレゼント用"
4824,"味方：プレゼント用"
4825,"味方：プレゼント用"
4826,"味方：プレゼント用"
4827,"味方：プレゼント用"
4828,"味方：プレゼント用"
4829,"味方：プレゼント用"
4830,"味方：プレゼント用"
4831,"味方：プレゼント用"
4832,"味方：プレゼント用"
4833,"味方：プレゼント用"
4834,"味方：プレゼント用"
4835,"味方：プレゼント用"
4836,"味方：プレゼント用"
4837,"味方：プレゼント用"
4838,"味方：プレゼント用"
4839,"味方：プレゼント用"
4840,"味方：プレゼント用"
4841,"味方：プレゼント用"
4842,"味方：プレゼント用"
4843,"味方：プレゼント用"
4844,"味方：プレゼント用"
4845,"味方：プレゼント用"
4846,"味方：プレゼント用"
4847,"味方：プレゼント用"
4848,"味方：プレゼント用"
4849,"味方：プレゼント用"
4850,"味方：プレゼント用"
4851,"味方：プレゼント用"
4852,"味方：プレゼント用"
4853,"味方：プレゼント用"
4854,"味方：プレゼント用"
4855,"味方：プレゼント用"
4856,"味方：プレゼント用"
4857,"味方：プレゼント用"
4858,"味方：プレゼント用"
4859,"味方：プレゼント用"
4860,"味方：プレゼント用"
4861,"味方：プレゼント用"
4862,"味方：プレゼント用"
4863,"味方：プレゼント用"
4864,"味方：プレゼント用"
4865,"味方：プレゼント用"
4866,"味方：プレゼント用"
4867,"味方：プレゼント用"
4868,"味方：プレゼント用"
4869,"味方：プレゼント用"
4870,"味方：プレゼント用"
4871,"味方：プレゼント用"
4872,"味方：プレゼント用"
4873,"味方：プレゼント用"
4874,"味方：プレゼント用"
4875,"味方：プレゼント用"
4876,"味方：プレゼント用"
4877,"味方：プレゼント用"
4878,"味方：プレゼント用"
4879,"味方：プレゼント用"
4880,"味方：プレゼント用"
4881,"味方：プレゼント用"
4882,"味方：プレゼント用"
4883,"味方：プレゼント用"
4884,"味方：プレゼント用"
4885,"味方：プレゼント用"
4886,"味方：プレゼント用"
4887,"味方：プレゼント用"
4888,"味方：プレゼント用"
4889,"味方：プレゼント用"
4890,"味方：プレゼント用"
4891,"味方：プレゼント用"
4892,"味方：プレゼント用"
4893,"味方：プレゼント用"
4894,"味方：プレゼント用"
4895,"味方：プレゼント用"
4896,"味方：プレゼント用"
4897,"味方：プレゼント用"
4898,"味方：プレゼント用"
4899,"味方：プレゼント用"
4900,"味方：プレゼント用"
4901,"味方：プレゼント用"
4902,"味方：プレゼント用"
4903,"味方：プレゼント用"
4904,"味方：プレゼント用"
4905,"味方：プレゼント用"
4906,"味方：プレゼント用"
4907,"味方：プレゼント用"
4908,"味方：プレゼント用"
4909,"味方：プレゼント用"
4910,"味方：プレゼント用"
4911,"味方：プレゼント用"
4912,"味方：プレゼント用"
4913,"味方：プレゼント用"
4914,"味方：プレゼント用"
4915,"味方：プレゼント用"
4916,"味方：プレゼント用"
4917,"味方：プレゼント用"
4918,"味方：プレゼント用"
4919,"味方：プレゼント用"
4920,"味方：プレゼント用"
4921,"味方：プレゼント用"
4922,"味方：プレゼント用"
4923,"味方：プレゼント用"
4924,"味方：プレゼント用"
4925,"味方：プレゼント用"
4926,"味方：プレゼント用"
4927,"味方：プレゼント用"
4928,"味方：プレゼント用"
4929,"味方：プレゼント用"
4930,"味方：プレゼント用"
4931,"味方：プレゼント用"
4932,"味方：プレゼント用"
4933,"味方：プレゼント用"
4934,"味方：プレゼント用"
4935,"味方：プレゼント用"
4936,"味方：プレゼント用"
4937,"味方：プレゼント用"
4938,"味方：プレゼント用"
4939,"味方：プレゼント用"
4940,"味方：プレゼント用"
4941,"味方：プレゼント用"
4942,"味方：プレゼント用"
4943,"味方：プレゼント用"
4944,"味方：プレゼント用"
4945,"味方：プレゼント用"
4946,"味方：プレゼント用"
4947,"味方：プレゼント用"
4948,"味方：プレゼント用"
4949,"味方：プレゼント用"
4950,"味方：プレゼント用"
4951,"味方：プレゼント用"
4952,"味方：プレゼント用"
4953,"味方：プレゼント用"
4954,"味方：プレゼント用"
4955,"味方：プレゼント用"
4956,"味方：プレゼント用"
4957,"味方：プレゼント用"
4958,"味方：プレゼント用"
4959,"味方：プレゼント用"
4960,"味方：プレゼント用"
4961,"味方：プレゼント用"
4962,"味方：プレゼント用"
4963,"味方：プレゼント用"
4964,"味方：プレゼント用"
4965,"味方：プレゼント用"
4966,"味方：プレゼント用"
4967,"味方：プレゼント用"
4968,"味方：プレゼント用"
4969,"味方：プレゼント用"
4970,"味方：プレゼント用"
4971,"味方：プレゼント用"
4972,"味方：プレゼント用"
4973,"味方：プレゼント用"
4974,"味方：プレゼント用"
4975,"味方：プレゼント用"
4976,"味方：プレゼント用"
4977,"味方：プレゼント用"
4978,"味方：プレゼント用"
4979,"味方：プレゼント用"
4980,"味方：プレゼント用"
4981,"味方：プレゼント用"
4982,"味方：プレゼント用"
4983,"味方：プレゼント用"
4984,"味方：プレゼント用"
4985,"味方：プレゼント用"
4986,"味方：プレゼント用"
4987,"味方：プレゼント用"
4988,"味方：プレゼント用"
4989,"味方：プレゼント用"
4990,"味方：プレゼント用"
4991,"味方：プレゼント用"
4992,"味方：プレゼント用"
4993,"味方：プレゼント用"
4994,"味方：プレゼント用"
4995,"味方：プレゼント用"
4996,"味方：プレゼント用"
4997,"味方：プレゼント用"
4998,"味方：プレゼント用"
4999,"味方：プレゼント用"
5000,"味方：プレゼント用"
5001,"???"
5002,"???"
5003,"???"
5004,"???"
5005,"???"
5006,"???"
5007,"???"
5008,"???"
5009,"???"
5010,"???"
5011,"???"
5012,"???"
5013,"???"
5014,"???"
5015,"???"
5016,"???"
5017,"???"
5018,"???"
5019,"???"
5020,"???"
5021,"???"
5022,"???"
5023,"???"
5024,"???"
5025,"???"
5026,"???"
5027,"???"
5028,"???"
5029,"???"
5030,"???"
5031,"???"
5032,"???"
5033,"???"
5034,"???"
5035,"???"
5036,"???"
5037,"???"
5038,"???"
5039,"???"
5040,"???"
5041,"???"
5042,"???"
5043,"???"
5044,"???"
5045,"???"
5046,"???"
5047,"???"
5048,"???"
5049,"???"
5050,"???"
5051,"???"
5052,"???"
5053,"???"
5054,"???"
5055,"???"
5056,"???"
5057,"???"
5058,"???"
5059,"???"
5060,"???"
5061,"???"
5062,"???"
5063,"???"
5064,"???"
5065,"???"
5066,"???"
5067,"???"
5068,"???"
5069,"???"
5070,"???"
5071,"???"
5072,"???"
5073,"???"
5074,"???"
5075,"???"
5076,"???"
5077,"???"
5078,"???"
5079,"???"
5080,"???"
5081,"???"
5082,"???"
5083,"???"
5084,"???"
5085,"???"
5086,"???"
5087,"???"
5088,"???"
5089,"???"
5090,"???"
5091,"???"
5092,"???"
5093,"???"
5094,"???"
5095,"???"
5096,"???"
5097,"???"
5098,"???"
5099,"???"
5100,"???"
5101,"???"
5102,"???"
5103,"???"
5104,"???"
5105,"???"
5106,"???"
5107,"???"
5108,"???"
5109,"???"
5110,"???"
5111,"???"
5112,"???"
5113,"???"
5114,"???"
5115,"???"
5116,"???"
5117,"???"
5118,"???"
5119,"???"
5120,"???"
5121,"???"
5122,"???"
5123,"???"
5124,"???"
5125,"???"
5126,"???"
5127,"???"
5128,"???"
5129,"???"
5130,"???"
5131,"???"
5132,"???"
5133,"???"
5134,"???"
5135,"???"
5136,"???"
5137,"???"
5138,"???"
5139,"???"
5140,"???"
5141,"???"
5142,"???"
5143,"???"
5144,"???"
5145,"???"
5146,"???"
5147,"???"
5148,"???"
5149,"???"
5150,"???"
5151,"???"
5152,"???"
5153,"???"
5154,"???"
5155,"???"
5156,"???"
5157,"???"
5158,"???"
5159,"???"
5160,"???"
5161,"???"
5162,"???"
5163,"???"
5164,"???"
5165,"???"
5166,"???"
5167,"???"
5168,"???"
5169,"???"
5170,"???"
5171,"???"
5172,"???"
5173,"???"
5174,"???"
5175,"???"
5176,"???"
5177,"???"
5178,"???"
5179,"???"
5180,"???"
5181,"???"
5182,"???"
5183,"???"
5184,"???"
5185,"???"
5186,"???"
5187,"???"
5188,"???"
5189,"???"
5190,"???"
5191,"???"
5192,"???"
5193,"???"
5194,"???"
5195,"???"
5196,"???"
5197,"???"
5198,"???"
5199,"???"
5200,"???"
5201,"???"
5202,"???"
5203,"???"
5204,"???"
5205,"???"
5206,"???"
5207,"???"
5208,"???"
5209,"???"
5210,"???"
5211,"???"
5212,"???"
5213,"???"
5214,"???"
5215,"???"
5216,"???"
5217,"???"
5218,"???"
5219,"???"
5220,"???"
5221,"???"
5222,"???"
5223,"???"
5224,"???"
5225,"???"
5226,"???"
5227,"???"
5228,"???"
5229,"???"
5230,"???"
5231,"???"
5232,"???"
5233,"???"
5234,"???"
5235,"???"
5236,"???"
5237,"???"
5238,"???"
5239,"???"
5240,"???"
5241,"???"
5242,"???"
5243,"???"
5244,"???"
5245,"???"
5246,"???"
5247,"???"
5248,"???"
5249,"???"
5250,"???"
5251,"???"
5252,"???"
5253,"???"
5254,"???"
5255,"???"
5256,"???"
5257,"???"
5258,"???"
5259,"???"
5260,"???"
5261,"???"
5262,"???"
5263,"???"
5264,"???"
5265,"???"
5266,"???"
5267,"???"
5268,"???"
5269,"???"
5270,"???"
5271,"???"
5272,"???"
5273,"???"
5274,"???"
5275,"???"
5276,"???"
5277,"???"
5278,"???"
5279,"???"
5280,"???"
5281,"???"
5282,"???"
5283,"???"
5284,"???"
5285,"???"
5286,"???"
5287,"???"
5288,"???"
5289,"???"
5290,"???"
5291,"???"
5292,"???"
5293,"???"
5294,"???"
5295,"???"
5296,"???"
5297,"???"
5298,"???"
5299,"???"
5300,"???"
5301,"???"
5302,"???"
5303,"???"
5304,"???"
5305,"???"
5306,"???"
5307,"???"
5308,"???"
5309,"???"
5310,"???"
5311,"???"
5312,"???"
5313,"???"
5314,"???"
5315,"???"
5316,"???"
5317,"???"
5318,"???"
5319,"???"
5320,"???"
5321,"???"
5322,"???"
5323,"???"
5324,"???"
5325,"???"
5326,"???"
5327,"???"
5328,"???"
5329,"???"
5330,"???"
5331,"???"
5332,"???"
5333,"???"
5334,"???"
5335,"???"
5336,"???"
5337,"???"
5338,"???"
5339,"???"
5340,"???"
5341,"???"
5342,"???"
5343,"???"
5344,"???"
5345,"???"
5346,"???"
5347,"???"
5348,"???"
5349,"???"
5350,"???"
5351,"???"
5352,"???"
5353,"???"
5354,"???"
5355,"???"
5356,"???"
5357,"???"
5358,"???"
5359,"???"
5360,"???"
5361,"???"
5362,"???"
5363,"???"
5364,"???"
5365,"???"
5366,"???"
5367,"???"
5368,"???"
5369,"???"
5370,"???"
5371,"???"
5372,"???"
5373,"???"
5374,"???"
5375,"???"
5376,"???"
5377,"???"
5378,"???"
5379,"???"
5380,"???"
5381,"???"
5382,"???"
5383,"???"
5384,"???"
5385,"???"
5386,"???"
5387,"???"
5388,"???"
5389,"???"
5390,"???"
5391,"???"
5392,"???"
5393,"???"
5394,"???"
5395,"???"
5396,"???"
5397,"???"
5398,"???"
5399,"???"
5400,"???"
5401,"???"
5402,"???"
5403,"???"
5404,"???"
5405,"???"
5406,"???"
5407,"???"
5408,"???"
5409,"???"
5410,"???"
5411,"???"
5412,"???"
5413,"???"
5414,"???"
5415,"???"
5416,"???"
5417,"???"
5418,"???"
5419,"???"
5420,"???"
5421,"???"
5422,"???"
5423,"???"
5424,"???"
5425,"???"
5426,"???"
5427,"???"
5428,"???"
5429,"???"
5430,"???"
5431,"???"
5432,"???"
5433,"???"
5434,"???"
5435,"???"
5436,"???"
5437,"???"
5438,"???"
5439,"???"
5440,"???"
5441,"???"
5442,"???"
5443,"???"
5444,"???"
5445,"???"
5446,"???"
5447,"???"
5448,"???"
5449,"???"
5450,"???"
5451,"???"
5452,"???"
5453,"???"
5454,"???"
5455,"???"
5456,"???"
5457,"???"
5458,"???"
5459,"???"
5460,"???"
5461,"???"
5462,"???"
5463,"???"
5464,"???"
5465,"???"
5466,"???"
5467,"???"
5468,"???"
5469,"???"
5470,"???"
5471,"???"
5472,"???"
5473,"???"
5474,"???"
5475,"???"
5476,"???"
5477,"???"
5478,"???"
5479,"???"
5480,"???"
5481,"???"
5482,"???"
5483,"???"
5484,"???"
5485,"???"
5486,"???"
5487,"???"
5488,"???"
5489,"???"
5490,"???"
5491,"???"
5492,"???"
5493,"???"
5494,"???"
5495,"???"
5496,"???"
5497,"???"
5498,"???"
5499,"???"
5500,"???"
5501,"???"
5502,"???"
5503,"???"
5504,"???"
5505,"???"
5506,"???"
5507,"???"
5508,"???"
5509,"???"
5510,"???"
5511,"???"
5512,"???"
5513,"???"
5514,"???"
5515,"???"
5516,"???"
5517,"???"
5518,"???"
5519,"???"
5520,"???"
5521,"???"
5522,"???"
5523,"???"
5524,"???"
5525,"???"
5526,"???"
5527,"???"
5528,"???"
5529,"???"
5530,"???"
5531,"???"
5532,"???"
5533,"???"
5534,"???"
5535,"???"
5536,"???"
5537,"???"
5538,"???"
5539,"???"
5540,"???"
5541,"???"
5542,"???"
5543,"???"
5544,"???"
5545,"???"
5546,"???"
5547,"???"
5548,"???"
5549,"???"
5550,"???"
5551,"???"
5552,"???"
5553,"???"
5554,"???"
5555,"???"
5556,"???"
5557,"???"
5558,"???"
5559,"???"
5560,"???"
5561,"???"
5562,"???"
5563,"???"
5564,"???"
5565,"???"
5566,"???"
5567,"???"
5568,"???"
5569,"???"
5570,"???"
5571,"???"
5572,"???"
5573,"???"
5574,"???"
5575,"???"
5576,"???"
5577,"???"
5578,"???"
5579,"???"
5580,"???"
5581,"???"
5582,"???"
5583,"???"
5584,"???"
5585,"???"
5586,"???"
5587,"???"
5588,"???"
5589,"???"
5590,"???"
5591,"???"
5592,"???"
5593,"???"
5594,"???"
5595,"???"
5596,"???"
5597,"???"
5598,"???"
5599,"???"
5600,"???"
5601,"???"
5602,"???"
5603,"???"
5604,"???"
5605,"???"
5606,"???"
5607,"???"
5608,"???"
5609,"???"
5610,"???"
5611,"???"
5612,"???"
5613,"???"
5614,"???"
5615,"???"
5616,"???"
5617,"???"
5618,"???"
5619,"???"
5620,"???"
5621,"???"
5622,"???"
5623,"???"
5624,"???"
5625,"???"
5626,"???"
5627,"???"
5628,"???"
5629,"???"
5630,"???"
5631,"???"
5632,"???"
5633,"???"
5634,"???"
5635,"???"
5636,"???"
5637,"???"
5638,"???"
5639,"???"
5640,"???"
5641,"???"
5642,"???"
5643,"???"
5644,"???"
5645,"???"
5646,"???"
5647,"???"
5648,"???"
5649,"???"
5650,"???"
5651,"???"
5652,"???"
5653,"???"
5654,"???"
5655,"???"
5656,"???"
5657,"???"
5658,"???"
5659,"???"
5660,"???"
5661,"???"
5662,"???"
5663,"???"
5664,"???"
5665,"???"
5666,"???"
5667,"???"
5668,"???"
5669,"???"
5670,"???"
5671,"???"
5672,"???"
5673,"???"
5674,"???"
5675,"???"
5676,"???"
5677,"???"
5678,"???"
5679,"???"
5680,"???"
5681,"???"
5682,"???"
5683,"???"
5684,"???"
5685,"???"
5686,"???"
5687,"???"
5688,"???"
5689,"???"
5690,"???"
5691,"???"
5692,"???"
5693,"???"
5694,"???"
5695,"???"
5696,"???"
5697,"???"
5698,"???"
5699,"???"
5700,"???"
5701,"???"
5702,"???"
5703,"???"
5704,"???"
5705,"???"
5706,"???"
5707,"???"
5708,"???"
5709,"???"
5710,"???"
5711,"???"
5712,"???"
5713,"???"
5714,"???"
5715,"???"
5716,"???"
5717,"???"
5718,"???"
5719,"???"
5720,"???"
5721,"???"
5722,"???"
5723,"???"
5724,"???"
5725,"???"
5726,"???"
5727,"???"
5728,"???"
5729,"???"
5730,"???"
5731,"???"
5732,"???"
5733,"???"
5734,"???"
5735,"???"
5736,"???"
5737,"???"
5738,"???"
5739,"???"
5740,"???"
5741,"???"
5742,"???"
5743,"???"
5744,"???"
5745,"???"
5746,"???"
5747,"???"
5748,"???"
5749,"???"
5750,"???"
5751,"???"
5752,"???"
5753,"???"
5754,"???"
5755,"???"
5756,"???"
5757,"???"
5758,"???"
5759,"???"
5760,"???"
5761,"???"
5762,"???"
5763,"???"
5764,"???"
5765,"???"
5766,"???"
5767,"???"
5768,"???"
5769,"???"
5770,"???"
5771,"???"
5772,"???"
5773,"???"
5774,"???"
5775,"???"
5776,"???"
5777,"???"
5778,"???"
5779,"???"
5780,"???"
5781,"???"
5782,"???"
5783,"???"
5784,"???"
5785,"???"
5786,"???"
5787,"???"
5788,"???"
5789,"???"
5790,"???"
5791,"???"
5792,"???"
5793,"???"
5794,"???"
5795,"???"
5796,"???"
5797,"???"
5798,"???"
5799,"???"
5800,"???"
5801,"???"
5802,"???"
5803,"???"
5804,"???"
5805,"???"
5806,"???"
5807,"???"
5808,"???"
5809,"???"
5810,"???"
5811,"???"
5812,"???"
5813,"???"
5814,"???"
5815,"???"
5816,"???"
5817,"???"
5818,"???"
5819,"???"
5820,"???"
5821,"???"
5822,"???"
5823,"???"
5824,"???"
5825,"???"
5826,"???"
5827,"???"
5828,"???"
5829,"???"
5830,"???"
5831,"???"
5832,"???"
5833,"???"
5834,"???"
5835,"???"
5836,"???"
5837,"???"
5838,"???"
5839,"???"
5840,"???"
5841,"???"
5842,"???"
5843,"???"
5844,"???"
5845,"???"
5846,"???"
5847,"???"
5848,"???"
5849,"???"
5850,"???"
5851,"???"
5852,"???"
5853,"???"
5854,"???"
5855,"???"
5856,"???"
5857,"???"
5858,"???"
5859,"???"
5860,"???"
5861,"???"
5862,"???"
5863,"???"
5864,"???"
5865,"???"
5866,"???"
5867,"???"
5868,"???"
5869,"???"
5870,"???"
5871,"???"
5872,"???"
5873,"???"
5874,"???"
5875,"???"
5876,"???"
5877,"???"
5878,"???"
5879,"???"
5880,"???"
5881,"???"
5882,"???"
5883,"???"
5884,"???"
5885,"???"
5886,"???"
5887,"???"
5888,"???"
5889,"???"
5890,"???"
5891,"???"
5892,"???"
5893,"???"
5894,"???"
5895,"???"
5896,"???"
5897,"???"
5898,"???"
5899,"???"
5900,"???"
5901,"???"
5902,"???"
5903,"???"
5904,"???"
5905,"???"
5906,"???"
5907,"???"
5908,"???"
5909,"???"
5910,"???"
5911,"???"
5912,"???"
5913,"???"
5914,"???"
5915,"???"
5916,"???"
5917,"???"
5918,"???"
5919,"???"
5920,"???"
5921,"???"
5922,"???"
5923,"???"
5924,"???"
5925,"???"
5926,"???"
5927,"???"
5928,"???"
5929,"???"
5930,"???"
5931,"???"
5932,"???"
5933,"???"
5934,"???"
5935,"???"
5936,"???"
5937,"???"
5938,"???"
5939,"???"
5940,"???"
5941,"???"
5942,"???"
5943,"???"
5944,"???"
5945,"???"
5946,"???"
5947,"???"
5948,"???"
5949,"???"
5950,"???"
5951,"???"
5952,"???"
5953,"???"
5954,"???"
5955,"???"
5956,"???"
5957,"???"
5958,"???"
5959,"???"
5960,"???"
5961,"???"
5962,"???"
5963,"???"
5964,"???"
5965,"???"
5966,"???"
5967,"???"
5968,"???"
5969,"???"
5970,"???"
5971,"???"
5972,"???"
5973,"???"
5974,"???"
5975,"???"
5976,"???"
5977,"???"
5978,"???"
5979,"???"
5980,"???"
5981,"???"
5982,"???"
5983,"???"
5984,"???"
5985,"???"
5986,"???"
5987,"???"
5988,"???"
5989,"???"
5990,"???"
5991,"???"
5992,"???"
5993,"???"
5994,"???"
5995,"???"
5996,"???"
5997,"???"
5998,"???"
5999,"???"
6000,"???"
6001,"???"
6002,"???"
6003,"???"
6004,"???"
6005,"???"
6006,"???"
6007,"???"
6008,"???"
6009,"???"
6010,"???"
6011,"???"
6012,"???"
6013,"???"
6014,"???"
6015,"???"
6016,"???"
6017,"???"
6018,"???"
6019,"???"
6020,"???"
6021,"???"
6022,"???"
6023,"???"
6024,"???"
6025,"???"
6026,"???"
6027,"???"
6028,"???"
6029,"???"
6030,"???"
6031,"???"
6032,"???"
6033,"???"
6034,"???"
6035,"???"
6036,"???"
6037,"???"
6038,"???"
6039,"???"
6040,"???"
6041,"???"
6042,"???"
6043,"???"
6044,"???"
6045,"???"
6046,"???"
6047,"???"
6048,"???"
6049,"???"
6050,"???"
6051,"???"
6052,"???"
6053,"???"
6054,"???"
6055,"???"
6056,"???"
6057,"???"
6058,"???"
6059,"???"
6060,"???"
6061,"???"
6062,"???"
6063,"???"
6064,"???"
6065,"???"
6066,"???"
6067,"???"
6068,"???"
6069,"???"
6070,"???"
6071,"???"
6072,"???"
6073,"???"
6074,"???"
6075,"???"
6076,"???"
6077,"???"
6078,"???"
6079,"???"
6080,"???"
6081,"???"
6082,"???"
6083,"???"
6084,"???"
6085,"???"
6086,"???"
6087,"???"
6088,"???"
6089,"???"
6090,"???"
6091,"???"
6092,"???"
6093,"???"
6094,"???"
6095,"???"
6096,"???"
6097,"???"
6098,"???"
6099,"???"
6100,"???"
6101,"???"
6102,"???"
6103,"???"
6104,"???"
6105,"???"
6106,"???"
6107,"???"
6108,"???"
6109,"???"
6110,"???"
6111,"???"
6112,"???"
6113,"???"
6114,"???"
6115,"???"
6116,"???"
6117,"???"
6118,"???"
6119,"???"
6120,"???"
6121,"???"
6122,"???"
6123,"???"
6124,"???"
6125,"???"
6126,"???"
6127,"???"
6128,"???"
6129,"???"
6130,"???"
6131,"???"
6132,"???"
6133,"???"
6134,"???"
6135,"???"
6136,"???"
6137,"???"
6138,"???"
6139,"???"
6140,"???"
6141,"???"
6142,"???"
6143,"???"
6144,"???"
6145,"???"
6146,"???"
6147,"???"
6148,"???"
6149,"???"
6150,"???"
6151,"???"
6152,"???"
6153,"???"
6154,"???"
6155,"???"
6156,"???"
6157,"???"
6158,"???"
6159,"???"
6160,"???"
6161,"???"
6162,"???"
6163,"???"
6164,"???"
6165,"???"
6166,"???"
6167,"???"
6168,"???"
6169,"???"
6170,"???"
6171,"???"
6172,"???"
6173,"???"
6174,"???"
6175,"???"
6176,"???"
6177,"???"
6178,"???"
6179,"???"
6180,"???"
6181,"???"
6182,"???"
6183,"???"
6184,"???"
6185,"???"
6186,"???"
6187,"???"
6188,"???"
6189,"???"
6190,"???"
6191,"???"
6192,"???"
6193,"???"
6194,"???"
6195,"???"
6196,"???"
6197,"???"
6198,"???"
6199,"???"
6200,"???"
6201,"???"
6202,"???"
6203,"???"
6204,"???"
6205,"???"
6206,"???"
6207,"???"
6208,"???"
6209,"???"
6210,"???"
6211,"???"
6212,"???"
6213,"???"
6214,"???"
6215,"???"
6216,"???"
6217,"???"
6218,"???"
6219,"???"
6220,"???"
6221,"???"
6222,"???"
6223,"???"
6224,"???"
6225,"???"
6226,"???"
6227,"???"
6228,"???"
6229,"???"
6230,"???"
6231,"???"
6232,"???"
6233,"???"
6234,"???"
6235,"???"
6236,"???"
6237,"???"
6238,"???"
6239,"???"
6240,"???"
6241,"???"
6242,"???"
6243,"???"
6244,"???"
6245,"???"
6246,"???"
6247,"???"
6248,"???"
6249,"???"
6250,"???"
6251,"???"
6252,"???"
6253,"???"
6254,"???"
6255,"???"
6256,"???"
6257,"???"
6258,"???"
6259,"???"
6260,"???"
6261,"???"
6262,"???"
6263,"???"
6264,"???"
6265,"???"
6266,"???"
6267,"???"
6268,"???"
6269,"???"
6270,"???"
6271,"???"
6272,"???"
6273,"???"
6274,"???"
6275,"???"
6276,"???"
6277,"???"
6278,"???"
6279,"???"
6280,"???"
6281,"???"
6282,"???"
6283,"???"
6284,"???"
6285,"???"
6286,"???"
6287,"???"
6288,"???"
6289,"???"
6290,"???"
6291,"???"
6292,"???"
6293,"???"
6294,"???"
6295,"???"
6296,"???"
6297,"???"
6298,"???"
6299,"???"
6300,"???"
6301,"???"
6302,"???"
6303,"???"
6304,"???"
6305,"???"
6306,"???"
6307,"???"
6308,"???"
6309,"???"
6310,"???"
6311,"???"
6312,"???"
6313,"???"
6314,"???"
6315,"???"
6316,"???"
6317,"???"
6318,"???"
6319,"???"
6320,"???"
6321,"???"
6322,"???"
6323,"???"
6324,"???"
6325,"???"
6326,"???"
6327,"???"
6328,"???"
6329,"???"
6330,"???"
6331,"???"
6332,"???"
6333,"???"
6334,"???"
6335,"???"
6336,"???"
6337,"???"
6338,"???"
6339,"???"
6340,"???"
6341,"???"
6342,"???"
6343,"???"
6344,"???"
6345,"???"
6346,"???"
6347,"???"
6348,"???"
6349,"???"
6350,"???"
6351,"???"
6352,"???"
6353,"???"
6354,"???"
6355,"???"
6356,"???"
6357,"???"
6358,"???"
6359,"???"
6360,"???"
6361,"???"
6362,"???"
6363,"???"
6364,"???"
6365,"???"
6366,"???"
6367,"???"
6368,"???"
6369,"???"
6370,"???"
6371,"???"
6372,"???"
6373,"???"
6374,"???"
6375,"???"
6376,"???"
6377,"???"
6378,"???"
6379,"???"
6380,"???"
6381,"???"
6382,"???"
6383,"???"
6384,"???"
6385,"???"
6386,"???"
6387,"???"
6388,"???"
6389,"???"
6390,"???"
6391,"???"
6392,"???"
6393,"???"
6394,"???"
6395,"???"
6396,"???"
6397,"???"
6398,"???"
6399,"???"
6400,"???"
6401,"???"
6402,"???"
6403,"???"
6404,"???"
6405,"???"
6406,"???"
6407,"???"
6408,"???"
6409,"???"
6410,"???"
6411,"???"
6412,"???"
6413,"???"
6414,"???"
6415,"???"
6416,"???"
6417,"???"
6418,"???"
6419,"???"
6420,"???"
6421,"???"
6422,"???"
6423,"???"
6424,"???"
6425,"???"
6426,"???"
6427,"???"
6428,"???"
6429,"???"
6430,"???"
6431,"???"
6432,"???"
6433,"???"
6434,"???"
6435,"???"
6436,"???"
6437,"???"
6438,"???"
6439,"???"
6440,"???"
6441,"???"
6442,"???"
6443,"???"
6444,"???"
6445,"???"
6446,"???"
6447,"???"
6448,"???"
6449,"???"
6450,"???"
6451,"???"
6452,"???"
6453,"???"
6454,"???"
6455,"???"
6456,"???"
6457,"???"
6458,"???"
6459,"???"
6460,"???"
6461,"???"
6462,"???"
6463,"???"
6464,"???"
6465,"???"
6466,"???"
6467,"???"
6468,"???"
6469,"???"
6470,"???"
6471,"???"
6472,"???"
6473,"???"
6474,"???"
6475,"???"
6476,"???"
6477,"???"
6478,"???"
6479,"???"
6480,"???"
6481,"???"
6482,"???"
6483,"???"
6484,"???"
6485,"???"
6486,"???"
6487,"???"
6488,"???"
6489,"???"
6490,"???"
6491,"???"
6492,"???"
6493,"???"
6494,"???"
6495,"???"
6496,"???"
6497,"???"
6498,"???"
6499,"???"
6500,"???"
6501,"???"
6502,"???"
6503,"???"
6504,"???"
6505,"???"
6506,"???"
6507,"???"
6508,"???"
6509,"???"
6510,"???"
6511,"???"
6512,"???"
6513,"???"
6514,"???"
6515,"???"
6516,"???"
6517,"???"
6518,"???"
6519,"???"
6520,"???"
6521,"???"
6522,"???"
6523,"???"
6524,"???"
6525,"???"
6526,"???"
6527,"???"
6528,"???"
6529,"???"
6530,"???"
6531,"???"
6532,"???"
6533,"???"
6534,"???"
6535,"???"
6536,"???"
6537,"???"
6538,"???"
6539,"???"
6540,"???"
6541,"???"
6542,"???"
6543,"???"
6544,"???"
6545,"???"
6546,"???"
6547,"???"
6548,"???"
6549,"???"
6550,"???"
6551,"???"
6552,"???"
6553,"???"
6554,"???"
6555,"???"
6556,"???"
6557,"???"
6558,"???"
6559,"???"
6560,"???"
6561,"???"
6562,"???"
6563,"???"
6564,"???"
6565,"???"
6566,"???"
6567,"???"
6568,"???"
6569,"???"
6570,"???"
6571,"???"
6572,"???"
6573,"???"
6574,"???"
6575,"???"
6576,"???"
6577,"???"
6578,"???"
6579,"???"
6580,"???"
6581,"???"
6582,"???"
6583,"???"
6584,"???"
6585,"???"
6586,"???"
6587,"???"
6588,"???"
6589,"???"
6590,"???"
6591,"???"
6592,"???"
6593,"???"
6594,"???"
6595,"???"
6596,"???"
6597,"???"
6598,"???"
6599,"???"
6600,"???"
6601,"???"
6602,"???"
6603,"???"
6604,"???"
6605,"???"
6606,"???"
6607,"???"
6608,"???"
6609,"???"
6610,"???"
6611,"???"
6612,"???"
6613,"???"
6614,"???"
6615,"???"
6616,"???"
6617,"???"
6618,"???"
6619,"???"
6620,"???"
6621,"???"
6622,"???"
6623,"???"
6624,"???"
6625,"???"
6626,"???"
6627,"???"
6628,"???"
6629,"???"
6630,"???"
6631,"???"
6632,"???"
6633,"???"
6634,"???"
6635,"???"
6636,"???"
6637,"???"
6638,"???"
6639,"???"
6640,"???"
6641,"???"
6642,"???"
6643,"???"
6644,"???"
6645,"???"
6646,"???"
6647,"???"
6648,"???"
6649,"???"
6650,"???"
6651,"???"
6652,"???"
6653,"???"
6654,"???"
6655,"???"
6656,"???"
6657,"???"
6658,"???"
6659,"???"
6660,"???"
6661,"???"
6662,"???"
6663,"???"
6664,"???"
6665,"???"
6666,"???"
6667,"???"
6668,"???"
6669,"???"
6670,"???"
6671,"???"
6672,"???"
6673,"???"
6674,"???"
6675,"???"
6676,"???"
6677,"???"
6678,"???"
6679,"???"
6680,"???"
6681,"???"
6682,"???"
6683,"???"
6684,"???"
6685,"???"
6686,"???"
6687,"???"
6688,"???"
6689,"???"
6690,"???"
6691,"???"
6692,"???"
6693,"???"
6694,"???"
6695,"???"
6696,"???"
6697,"???"
6698,"???"
6699,"???"
6700,"???"
6701,"???"
6702,"???"
6703,"???"
6704,"???"
6705,"???"
6706,"???"
6707,"???"
6708,"???"
6709,"???"
6710,"???"
6711,"???"
6712,"???"
6713,"???"
6714,"???"
6715,"???"
6716,"???"
6717,"???"
6718,"???"
6719,"???"
6720,"???"
6721,"???"
6722,"???"
6723,"???"
6724,"???"
6725,"???"
6726,"???"
6727,"???"
6728,"???"
6729,"???"
6730,"???"
6731,"???"
6732,"???"
6733,"???"
6734,"???"
6735,"???"
6736,"???"
6737,"???"
6738,"???"
6739,"???"
6740,"???"
6741,"???"
6742,"???"
6743,"???"
6744,"???"
6745,"???"
6746,"???"
6747,"???"
6748,"???"
6749,"???"
6750,"???"
6751,"???"
6752,"???"
6753,"???"
6754,"???"
6755,"???"
6756,"???"
6757,"???"
6758,"???"
6759,"???"
6760,"???"
6761,"???"
6762,"???"
6763,"???"
6764,"???"
6765,"???"
6766,"???"
6767,"???"
6768,"???"
6769,"???"
6770,"???"
6771,"???"
6772,"???"
6773,"???"
6774,"???"
6775,"???"
6776,"???"
6777,"???"
6778,"???"
6779,"???"
6780,"???"
6781,"???"
6782,"???"
6783,"???"
6784,"???"
6785,"???"
6786,"???"
6787,"???"
6788,"???"
6789,"???"
6790,"???"
6791,"???"
6792,"???"
6793,"???"
6794,"???"
6795,"???"
6796,"???"
6797,"???"
6798,"???"
6799,"???"
6800,"???"
6801,"???"
6802,"???"
6803,"???"
6804,"???"
6805,"???"
6806,"???"
6807,"???"
6808,"???"
6809,"???"
6810,"???"
6811,"???"
6812,"???"
6813,"???"
6814,"???"
6815,"???"
6816,"???"
6817,"???"
6818,"???"
6819,"???"
6820,"???"
6821,"???"
6822,"???"
6823,"???"
6824,"???"
6825,"???"
6826,"???"
6827,"???"
6828,"???"
6829,"???"
6830,"???"
6831,"???"
6832,"???"
6833,"???"
6834,"???"
6835,"???"
6836,"???"
6837,"???"
6838,"???"
6839,"???"
6840,"???"
6841,"???"
6842,"???"
6843,"???"
6844,"???"
6845,"???"
6846,"???"
6847,"???"
6848,"???"
6849,"???"
6850,"???"
6851,"???"
6852,"???"
6853,"???"
6854,"???"
6855,"???"
6856,"???"
6857,"???"
6858,"???"
6859,"???"
6860,"???"
6861,"???"
6862,"???"
6863,"???"
6864,"???"
6865,"???"
6866,"???"
6867,"???"
6868,"???"
6869,"???"
6870,"???"
6871,"???"
6872,"???"
6873,"???"
6874,"???"
6875,"???"
6876,"???"
6877,"???"
6878,"???"
6879,"???"
6880,"???"
6881,"???"
6882,"???"
6883,"???"
6884,"???"
6885,"???"
6886,"???"
6887,"???"
6888,"???"
6889,"???"
6890,"???"
6891,"???"
6892,"???"
6893,"???"
6894,"???"
6895,"???"
6896,"???"
6897,"???"
6898,"???"
6899,"???"
6900,"???"
6901,"???"
6902,"???"
6903,"???"
6904,"???"
6905,"???"
6906,"???"
6907,"???"
6908,"???"
6909,"???"
6910,"???"
6911,"???"
6912,"???"
6913,"???"
6914,"???"
6915,"???"
6916,"???"
6917,"???"
6918,"???"
6919,"???"
6920,"???"
6921,"???"
6922,"???"
6923,"???"
6924,"???"
6925,"???"
6926,"???"
6927,"???"
6928,"???"
6929,"???"
6930,"???"
6931,"???"
6932,"???"
6933,"???"
6934,"???"
6935,"???"
6936,"???"
6937,"???"
6938,"???"
6939,"???"
6940,"???"
6941,"???"
6942,"???"
6943,"???"
6944,"???"
6945,"???"
6946,"???"
6947,"???"
6948,"???"
6949,"???"
6950,"???"
6951,"???"
6952,"???"
6953,"???"
6954,"???"
6955,"???"
6956,"???"
6957,"???"
6958,"???"
6959,"???"
6960,"???"
6961,"???"
6962,"???"
6963,"???"
6964,"???"
6965,"???"
6966,"???"
6967,"???"
6968,"???"
6969,"???"
6970,"???"
6971,"???"
6972,"???"
6973,"???"
6974,"???"
6975,"???"
6976,"???"
6977,"???"
6978,"???"
6979,"???"
6980,"???"
6981,"???"
6982,"???"
6983,"???"
6984,"???"
6985,"???"
6986,"???"
6987,"???"
6988,"???"
6989,"???"
6990,"???"
6991,"???"
6992,"???"
6993,"???"
6994,"???"
6995,"???"
6996,"???"
6997,"???"
6998,"???"
6999,"???"
7000,"???"
7001,"???"
7002,"???"
7003,"???"
7004,"???"
7005,"???"
7006,"???"
7007,"???"
7008,"???"
7009,"???"
7010,"???"
7011,"???"
7012,"???"
7013,"???"
7014,"???"
7015,"???"
7016,"???"
7017,"???"
7018,"???"
7019,"???"
7020,"???"
7021,"???"
7022,"???"
7023,"???"
7024,"???"
7025,"???"
7026,"???"
7027,"???"
7028,"???"
7029,"???"
7030,"???"
7031,"???"
7032,"???"
7033,"???"
7034,"???"
7035,"???"
7036,"???"
7037,"???"
7038,"???"
7039,"???"
7040,"???"
7041,"???"
7042,"???"
7043,"???"
7044,"???"
7045,"???"
7046,"???"
7047,"???"
7048,"???"
7049,"???"
7050,"???"
7051,"???"
7052,"???"
7053,"???"
7054,"???"
7055,"???"
7056,"???"
7057,"???"
7058,"???"
7059,"???"
7060,"???"
7061,"???"
7062,"???"
7063,"???"
7064,"???"
7065,"???"
7066,"???"
7067,"???"
7068,"???"
7069,"???"
7070,"???"
7071,"???"
7072,"???"
7073,"???"
7074,"???"
7075,"???"
7076,"???"
7077,"???"
7078,"???"
7079,"???"
7080,"???"
7081,"???"
7082,"???"
7083,"???"
7084,"???"
7085,"???"
7086,"???"
7087,"???"
7088,"???"
7089,"???"
7090,"???"
7091,"???"
7092,"???"
7093,"???"
7094,"???"
7095,"???"
7096,"???"
7097,"???"
7098,"???"
7099,"???"
7100,"???"
7101,"???"
7102,"???"
7103,"???"
7104,"???"
7105,"???"
7106,"???"
7107,"???"
7108,"???"
7109,"???"
7110,"???"
7111,"???"
7112,"???"
7113,"???"
7114,"???"
7115,"???"
7116,"???"
7117,"???"
7118,"???"
7119,"???"
7120,"???"
7121,"???"
7122,"???"
7123,"???"
7124,"???"
7125,"???"
7126,"???"
7127,"???"
7128,"???"
7129,"???"
7130,"???"
7131,"???"
7132,"???"
7133,"???"
7134,"???"
7135,"???"
7136,"???"
7137,"???"
7138,"???"
7139,"???"
7140,"???"
7141,"???"
7142,"???"
7143,"???"
7144,"???"
7145,"???"
7146,"???"
7147,"???"
7148,"???"
7149,"???"
7150,"???"
7151,"???"
7152,"???"
7153,"???"
7154,"???"
7155,"???"
7156,"???"
7157,"???"
7158,"???"
7159,"???"
7160,"???"
7161,"???"
7162,"???"
7163,"???"
7164,"???"
7165,"???"
7166,"???"
7167,"???"
7168,"???"
7169,"???"
7170,"???"
7171,"???"
7172,"???"
7173,"???"
7174,"???"
7175,"???"
7176,"???"
7177,"???"
7178,"???"
7179,"???"
7180,"???"
7181,"???"
7182,"???"
7183,"???"
7184,"???"
7185,"???"
7186,"???"
7187,"???"
7188,"???"
7189,"???"
7190,"???"
7191,"???"
7192,"???"
7193,"???"
7194,"???"
7195,"???"
7196,"???"
7197,"???"
7198,"???"
7199,"???"
7200,"???"
7201,"???"
7202,"???"
7203,"???"
7204,"???"
7205,"???"
7206,"???"
7207,"???"
7208,"???"
7209,"???"
7210,"???"
7211,"???"
7212,"???"
7213,"???"
7214,"???"
7215,"???"
7216,"???"
7217,"???"
7218,"???"
7219,"???"
7220,"???"
7221,"???"
7222,"???"
7223,"???"
7224,"???"
7225,"???"
7226,"???"
7227,"???"
7228,"???"
7229,"???"
7230,"???"
7231,"???"
7232,"???"
7233,"???"
7234,"???"
7235,"???"
7236,"???"
7237,"???"
7238,"???"
7239,"???"
7240,"???"
7241,"???"
7242,"???"
7243,"???"
7244,"???"
7245,"???"
7246,"???"
7247,"???"
7248,"???"
7249,"???"
7250,"???"
7251,"???"
7252,"???"
7253,"???"
7254,"???"
7255,"???"
7256,"???"
7257,"???"
7258,"???"
7259,"???"
7260,"???"
7261,"???"
7262,"???"
7263,"???"
7264,"???"
7265,"???"
7266,"???"
7267,"???"
7268,"???"
7269,"???"
7270,"???"
7271,"???"
7272,"???"
7273,"???"
7274,"???"
7275,"???"
7276,"???"
7277,"???"
7278,"???"
7279,"???"
7280,"???"
7281,"???"
7282,"???"
7283,"???"
7284,"???"
7285,"???"
7286,"???"
7287,"???"
7288,"???"
7289,"???"
7290,"???"
7291,"???"
7292,"???"
7293,"???"
7294,"???"
7295,"???"
7296,"???"
7297,"???"
7298,"???"
7299,"???"
7300,"???"
7301,"???"
7302,"???"
7303,"???"
7304,"???"
7305,"???"
7306,"???"
7307,"???"
7308,"???"
7309,"???"
7310,"???"
7311,"???"
7312,"???"
7313,"???"
7314,"???"
7315,"???"
7316,"???"
7317,"???"
7318,"???"
7319,"???"
7320,"???"
7321,"???"
7322,"???"
7323,"???"
7324,"???"
7325,"???"
7326,"???"
7327,"???"
7328,"???"
7329,"???"
7330,"???"
7331,"???"
7332,"???"
7333,"???"
7334,"???"
7335,"???"
7336,"???"
7337,"???"
7338,"???"
7339,"???"
7340,"???"
7341,"???"
7342,"???"
7343,"???"
7344,"???"
7345,"???"
7346,"???"
7347,"???"
7348,"???"
7349,"???"
7350,"???"
7351,"???"
7352,"???"
7353,"???"
7354,"???"
7355,"???"
7356,"???"
7357,"???"
7358,"???"
7359,"???"
7360,"???"
7361,"???"
7362,"???"
7363,"???"
7364,"???"
7365,"???"
7366,"???"
7367,"???"
7368,"???"
7369,"???"
7370,"???"
7371,"???"
7372,"???"
7373,"???"
7374,"???"
7375,"???"
7376,"???"
7377,"???"
7378,"???"
7379,"???"
7380,"???"
7381,"???"
7382,"???"
7383,"???"
7384,"???"
7385,"???"
7386,"???"
7387,"???"
7388,"???"
7389,"???"
7390,"???"
7391,"???"
7392,"???"
7393,"???"
7394,"???"
7395,"???"
7396,"???"
7397,"???"
7398,"???"
7399,"???"
7400,"???"
7401,"???"
7402,"???"
7403,"???"
7404,"???"
7405,"???"
7406,"???"
7407,"???"
7408,"???"
7409,"???"
7410,"???"
7411,"???"
7412,"???"
7413,"???"
7414,"???"
7415,"???"
7416,"???"
7417,"???"
7418,"???"
7419,"???"
7420,"???"
7421,"???"
7422,"???"
7423,"???"
7424,"???"
7425,"???"
7426,"???"
7427,"???"
7428,"???"
7429,"???"
7430,"???"
7431,"???"
7432,"???"
7433,"???"
7434,"???"
7435,"???"
7436,"???"
7437,"???"
7438,"???"
7439,"???"
7440,"???"
7441,"???"
7442,"???"
7443,"???"
7444,"???"
7445,"???"
7446,"???"
7447,"???"
7448,"???"
7449,"???"
7450,"???"
7451,"???"
7452,"???"
7453,"???"
7454,"???"
7455,"???"
7456,"???"
7457,"???"
7458,"???"
7459,"???"
7460,"???"
7461,"???"
7462,"???"
7463,"???"
7464,"???"
7465,"???"
7466,"???"
7467,"???"
7468,"???"
7469,"???"
7470,"???"
7471,"???"
7472,"???"
7473,"???"
7474,"???"
7475,"???"
7476,"???"
7477,"???"
7478,"???"
7479,"???"
7480,"???"
7481,"???"
7482,"???"
7483,"???"
7484,"???"
7485,"???"
7486,"???"
7487,"???"
7488,"???"
7489,"???"
7490,"???"
7491,"???"
7492,"???"
7493,"???"
7494,"???"
7495,"???"
7496,"???"
7497,"???"
7498,"???"
7499,"???"
7500,"???"
7501,"???"
7502,"???"
7503,"???"
7504,"???"
7505,"???"
7506,"???"
7507,"???"
7508,"???"
7509,"???"
7510,"???"
7511,"???"
7512,"???"
7513,"???"
7514,"???"
7515,"???"
7516,"???"
7517,"???"
7518,"???"
7519,"???"
7520,"???"
7521,"???"
7522,"???"
7523,"???"
7524,"???"
7525,"???"
7526,"???"
7527,"???"
7528,"???"
7529,"???"
7530,"???"
7531,"???"
7532,"???"
7533,"???"
7534,"???"
7535,"???"
7536,"???"
7537,"???"
7538,"???"
7539,"???"
7540,"???"
7541,"???"
7542,"???"
7543,"???"
7544,"???"
7545,"???"
7546,"???"
7547,"???"
7548,"???"
7549,"???"
7550,"???"
7551,"???"
7552,"???"
7553,"???"
7554,"???"
7555,"???"
7556,"???"
7557,"???"
7558,"???"
7559,"???"
7560,"???"
7561,"???"
7562,"???"
7563,"???"
7564,"???"
7565,"???"
7566,"???"
7567,"???"
7568,"???"
7569,"???"
7570,"???"
7571,"???"
7572,"???"
7573,"???"
7574,"???"
7575,"???"
7576,"???"
7577,"???"
7578,"???"
7579,"???"
7580,"???"
7581,"???"
7582,"???"
7583,"???"
7584,"???"
7585,"???"
7586,"???"
7587,"???"
7588,"???"
7589,"???"
7590,"???"
7591,"???"
7592,"???"
7593,"???"
7594,"???"
7595,"???"
7596,"???"
7597,"???"
7598,"???"
7599,"???"
7600,"???"
7601,"???"
7602,"???"
7603,"???"
7604,"???"
7605,"???"
7606,"???"
7607,"???"
7608,"???"
7609,"???"
7610,"???"
7611,"???"
7612,"???"
7613,"???"
7614,"???"
7615,"???"
7616,"???"
7617,"???"
7618,"???"
7619,"???"
7620,"???"
7621,"???"
7622,"???"
7623,"???"
7624,"???"
7625,"???"
7626,"???"
7627,"???"
7628,"???"
7629,"???"
7630,"???"
7631,"???"
7632,"???"
7633,"???"
7634,"???"
7635,"???"
7636,"???"
7637,"???"
7638,"???"
7639,"???"
7640,"???"
7641,"???"
7642,"???"
7643,"???"
7644,"???"
7645,"???"
7646,"???"
7647,"???"
7648,"???"
7649,"???"
7650,"???"
7651,"???"
7652,"???"
7653,"???"
7654,"???"
7655,"???"
7656,"???"
7657,"???"
7658,"???"
7659,"???"
7660,"???"
7661,"???"
7662,"???"
7663,"???"
7664,"???"
7665,"???"
7666,"???"
7667,"???"
7668,"???"
7669,"???"
7670,"???"
7671,"???"
7672,"???"
7673,"???"
7674,"???"
7675,"???"
7676,"???"
7677,"???"
7678,"???"
7679,"???"
7680,"???"
7681,"???"
7682,"???"
7683,"???"
7684,"???"
7685,"???"
7686,"???"
7687,"???"
7688,"???"
7689,"???"
7690,"???"
7691,"???"
7692,"???"
7693,"???"
7694,"???"
7695,"???"
7696,"???"
7697,"???"
7698,"???"
7699,"???"
7700,"???"
7701,"???"
7702,"???"
7703,"???"
7704,"???"
7705,"???"
7706,"???"
7707,"???"
7708,"???"
7709,"???"
7710,"???"
7711,"???"
7712,"???"
7713,"???"
7714,"???"
7715,"???"
7716,"???"
7717,"???"
7718,"???"
7719,"???"
7720,"???"
7721,"???"
7722,"???"
7723,"???"
7724,"???"
7725,"???"
7726,"???"
7727,"???"
7728,"???"
7729,"???"
7730,"???"
7731,"???"
7732,"???"
7733,"???"
7734,"???"
7735,"???"
7736,"???"
7737,"???"
7738,"???"
7739,"???"
7740,"???"
7741,"???"
7742,"???"
7743,"???"
7744,"???"
7745,"???"
7746,"???"
7747,"???"
7748,"???"
7749,"???"
7750,"???"
7751,"???"
7752,"???"
7753,"???"
7754,"???"
7755,"???"
7756,"???"
7757,"???"
7758,"???"
7759,"???"
7760,"???"
7761,"???"
7762,"???"
7763,"???"
7764,"???"
7765,"???"
7766,"???"
7767,"???"
7768,"???"
7769,"???"
7770,"???"
7771,"???"
7772,"???"
7773,"???"
7774,"???"
7775,"???"
7776,"???"
7777,"???"
7778,"???"
7779,"???"
7780,"???"
7781,"???"
7782,"???"
7783,"???"
7784,"???"
7785,"???"
7786,"???"
7787,"???"
7788,"???"
7789,"???"
7790,"???"
7791,"???"
7792,"???"
7793,"???"
7794,"???"
7795,"???"
7796,"???"
7797,"???"
7798,"???"
7799,"???"
7800,"???"
7801,"???"
7802,"???"
7803,"???"
7804,"???"
7805,"???"
7806,"???"
7807,"???"
7808,"???"
7809,"???"
7810,"???"
7811,"???"
7812,"???"
7813,"???"
7814,"???"
7815,"???"
7816,"???"
7817,"???"
7818,"???"
7819,"???"
7820,"???"
7821,"???"
7822,"???"
7823,"???"
7824,"???"
7825,"???"
7826,"???"
7827,"???"
7828,"???"
7829,"???"
7830,"???"
7831,"???"
7832,"???"
7833,"???"
7834,"???"
7835,"???"
7836,"???"
7837,"???"
7838,"???"
7839,"???"
7840,"???"
7841,"???"
7842,"???"
7843,"???"
7844,"???"
7845,"???"
7846,"???"
7847,"???"
7848,"???"
7849,"???"
7850,"???"
7851,"???"
7852,"???"
7853,"???"
7854,"???"
7855,"???"
7856,"???"
7857,"???"
7858,"???"
7859,"???"
7860,"???"
7861,"???"
7862,"???"
7863,"???"
7864,"???"
7865,"???"
7866,"???"
7867,"???"
7868,"???"
7869,"???"
7870,"???"
7871,"???"
7872,"???"
7873,"???"
7874,"???"
7875,"???"
7876,"???"
7877,"???"
7878,"???"
7879,"???"
7880,"???"
7881,"???"
7882,"???"
7883,"???"
7884,"???"
7885,"???"
7886,"???"
7887,"???"
7888,"???"
7889,"???"
7890,"???"
7891,"???"
7892,"???"
7893,"???"
7894,"???"
7895,"???"
7896,"???"
7897,"???"
7898,"???"
7899,"???"
7900,"???"
7901,"???"
7902,"???"
7903,"???"
7904,"???"
7905,"???"
7906,"???"
7907,"???"
7908,"???"
7909,"???"
7910,"???"
7911,"???"
7912,"???"
7913,"???"
7914,"???"
7915,"???"
7916,"???"
7917,"???"
7918,"???"
7919,"???"
7920,"???"
7921,"???"
7922,"???"
7923,"???"
7924,"???"
7925,"???"
7926,"???"
7927,"???"
7928,"???"
7929,"???"
7930,"???"
7931,"???"
7932,"???"
7933,"???"
7934,"???"
7935,"???"
7936,"???"
7937,"???"
7938,"???"
7939,"???"
7940,"???"
7941,"???"
7942,"???"
7943,"???"
7944,"???"
7945,"???"
7946,"???"
7947,"???"
7948,"???"
7949,"???"
7950,"???"
7951,"???"
7952,"???"
7953,"???"
7954,"???"
7955,"???"
7956,"???"
7957,"???"
7958,"???"
7959,"???"
7960,"???"
7961,"???"
7962,"???"
7963,"???"
7964,"???"
7965,"???"
7966,"???"
7967,"???"
7968,"???"
7969,"???"
7970,"???"
7971,"???"
7972,"???"
7973,"???"
7974,"???"
7975,"???"
7976,"???"
7977,"???"
7978,"???"
7979,"???"
7980,"???"
7981,"???"
7982,"???"
7983,"???"
7984,"???"
7985,"???"
7986,"???"
7987,"???"
7988,"???"
7989,"???"
7990,"???"
7991,"???"
7992,"???"
7993,"???"
7994,"???"
7995,"???"
7996,"???"
7997,"???"
7998,"???"
7999,"???"
8000,"???"
