"产物ID","产物名称","产物种类","配方ID","合成方案","中文合成方案","中文产物名称"
"2","ダガー改","武器","3","金币：12；材料：武器 ID 1「ダガー」×1；物品 ID 163「魔葉」×1","金币：12；材料：武器 ID 1「匕首」×1；物品 ID 163「魔叶」×1","匕首改"
"7","洗礼のナイフ改","武器","63","金币：75；材料：武器 ID 6「洗礼のナイフ」×1；物品 ID 173「丈夫な蹄」×1","金币：75；材料：武器 ID 6「洗礼小刀」×1；物品 ID 173「坚固的蹄」×1","洗礼小刀改"
"9","テンプマッシャー","武器","87","金币：120；材料：武器 ID 8「メイジマッシャー」×1；物品 ID 181「淫魔の尻尾」×1","金币：120；材料：武器 ID 8「法师杀手」×1；物品 ID 181「淫魔的尾巴」×1","诱惑杀手"
"13","マインゴーシュ・エア","武器","145","金币：185；材料：武器 ID 10「マインゴーシュ」×1；物品 ID 64「緑風石」×1","金币：185；材料：武器 ID 10「格挡匕首」×1；物品 ID 64「绿风石」×1","格挡匕首・风"
"16","ミセリコルデ・スパイク","武器","178","金币：420；材料：武器 ID 14「ミセリコルデ」×1；物品 ID 191「サボテンの棘」×1","金币：420；材料：武器 ID 14「怜悯之刃」×1；物品 ID 191「仙人掌的刺」×1","怜悯之刃・棘刺"
"18","ゾーリンシェイプ・アース","武器","206","金币：500；材料：武器 ID 15「ゾーリンシェイプ」×1；物品 ID 68「橙土石」×1","金币：500；材料：武器 ID 15「佐林小刀」×1；物品 ID 68「橙土石」×1","佐林小刀・土"
"19","ゾーリンシェイプ・アクア","武器","225","金币：280；材料：武器 ID 15「ゾーリンシェイプ」×1；物品 ID 72「青水石」×1","金币：280；材料：武器 ID 15「佐林小刀」×1；物品 ID 72「青水石」×1","佐林小刀・水"
"22","ケミカルマイン","武器","287","金币：480；材料：武器 ID 10「マインゴーシュ」×1；物品 ID 217「猛毒の針」×1","金币：480；材料：武器 ID 10「格挡匕首」×1；物品 ID 217「猛毒的针」×1","化学格挡匕首"
"25","オリハルコンレッド","武器","333","金币：820；材料：武器 ID 24「オリハルコンナイフ」×1；物品 ID 52「紅炎石」×1","金币：820；材料：武器 ID 24「奥利哈钢制小刀」×1；物品 ID 52「红炎石」×1","奥利哈钢红"
"27","プリズムナイフ・アクア","武器","392","金币：1020；材料：武器 ID 26「プリズムナイフ」×1；物品 ID 73「激流青水石」×1","金币：1020；材料：武器 ID 26「棱镜小刀」×1；物品 ID 73「激流青水石」×1","棱镜小刀・水"
"28","テンプゴーシュ","武器","353","金币：1070；材料：武器 ID 13「マインゴーシュ・エア」×1；物品 ID 232「艶めかしい花びら」×1","金币：1070；材料：武器 ID 13「格挡匕首・风」×1；物品 ID 232「艳丽的花瓣」×1","诱惑格挡匕首"
"30","アサシンレイジ","武器","415","金币：1450；材料：武器 ID 23「アサシンダガー」×1；物品 ID 235「混沌の塊」×1","金币：1450；材料：武器 ID 23「刺客匕首」×1；物品 ID 235「混沌的块」×1","刺客狂怒"
"34","ホーリーテンプ","武器","459","金币：6200；材料：武器 ID 28「テンプゴーシュ」×1；物品 ID 249「奇跡の卵」×1","金币：6200；材料：武器 ID 28「诱惑格挡匕首」×1；物品 ID 249「奇迹的蛋」×1","神圣诱惑"
"35","ダークアサシン","武器","458","金币：6200；材料：武器 ID 30「アサシンレイジ」×1；物品 ID 243「禍々しい結晶」×1","金币：6200；材料：武器 ID 30「刺客狂怒」×1；物品 ID 243「不祥的结晶」×1","暗影刺客"
"36","慈悲のナイフ","武器","525","金币：7300；材料：武器 ID 22「ケミカルマイン」×1；物品 ID 256「恩寵の羽根」×1","金币：7300；材料：武器 ID 22「化学格挡匕首」×1；物品 ID 256「恩宠的羽毛」×1","慈悲之小刀"
"37","スネークウィンド","武器","526","金币：7300；材料：武器 ID 20「ウィンドナイフ」×1；物品 ID 254「強靱なる蛇尾」×1","金币：7300；材料：武器 ID 20「风之小刀」×1；物品 ID 254「坚韧的蛇尾」×1","蛇风"
"39","ドルムカーリー","武器","594","金币：8800；材料：武器 ID 29「カーリーダガー」×1；物品 ID 263「神物の破片」×1","金币：8800；材料：武器 ID 29「卷曲匕首」×1；物品 ID 263「神物碎片」×1","多尔姆卡里"
"40","ドラゴンウィンド","武器","595","金币：8800；材料：武器 ID 37「スネークウィンド」×1；物品 ID 267「極竜の牙」×1","金币：8800；材料：武器 ID 37「蛇风」×1；物品 ID 267「极龙之牙」×1","龙卷风"
"41","電磁ブレード","武器","671","金币：9200；材料：武器 ID 27「プリズムナイフ・アクア」×1；物品 ID 265「ナノ歯車」×1","金币：9200；材料：武器 ID 27「棱镜小刀・水」×1；物品 ID 265「纳米齿轮」×1","电磁刀"
"43","神々の誘惑","武器","686","金币：11000；材料：武器 ID 34「ホーリーテンプ」×1；物品 ID 256「恩寵の羽根」×1","金币：11000；材料：武器 ID 34「神圣诱惑」×1；物品 ID 256「恩宠的羽毛」×1","神明的诱惑"
"44","アサシンロード","武器","685","金币：11000；材料：武器 ID 35「ダークアサシン」×1；物品 ID 269「終蟲の甲殻」×1","金币：11000；材料：武器 ID 35「暗影刺客」×1；物品 ID 269「终虫甲壳」×1","刺客主宰"
"48","ひのきのぼう改","武器","4","金币：12；材料：武器 ID 46「ひのきのぼう」×1；物品 ID 161「ヌルヌル粘液」×1","金币：12；材料：武器 ID 46「桧木棒」×1；物品 ID 161「黏滑粘液」×1","桧木棒改"
"50","ひのきのぼう改＋","武器","12","金币：19；材料：武器 ID 48「ひのきのぼう改」×1；物品 ID 165「ネバネバ粘液」×1","金币：19；材料：武器 ID 48「桧木棒改」×1；物品 ID 165「黏糊糊粘液」×1","桧木棒改＋"
"52","アイアンソード改","武器","18","金币：35；材料：武器 ID 51「アイアンソード」×1；物品 ID 167「硬い針」×1","金币：35；材料：武器 ID 51「铁剑」×1；物品 ID 167「硬针」×1","铁剑改"
"53","カスタムソード改","武器","19","金币：38；材料：武器 ID 47「カスタムソード」×1；物品 ID 167「硬い針」×1","金币：38；材料：武器 ID 47「定制剑」×1；物品 ID 167「硬针」×1","定制剑改"
"55","闇ひのきのぼう改＋","武器","64","金币：80；材料：武器 ID 50「ひのきのぼう改＋」×1；物品 ID 79「闇石」×1","金币：80；材料：武器 ID 50「桧木棒改＋」×1；物品 ID 79「暗石」×1","暗之桧木棒改＋"
"56","アイアンソード改＋","武器","37","金币：75；材料：武器 ID 52「アイアンソード改」×1；物品 ID 172「混沌の欠片」×1","金币：75；材料：武器 ID 52「铁剑改」×1；物品 ID 172「混沌的碎片」×1","铁剑改＋"
"57","エレメントカスタム","武器","38","金币：85；材料：武器 ID 53「カスタムソード改」×1；物品 ID 51「炎石」×1；物品 ID 55「氷石」×1；物品 ID 59「雷石」×1","金币：85；材料：武器 ID 53「定制剑改」×1；物品 ID 51「炎石」×1；物品 ID 55「冰石」×1；物品 ID 59「雷石」×1","元素定制剑"
"60","淫らな誘惑の剣","武器","88","金币：160；材料：武器 ID 59「誘惑の剣」×1；物品 ID 181「淫魔の尻尾」×1","金币：160；材料：武器 ID 59「诱惑之剑」×1；物品 ID 181「淫魔的尾巴」×1","淫荡的诱惑之剑"
"62","ホーリーカスタム","武器","112","金币：240；材料：武器 ID 57「エレメントカスタム」×1；物品 ID 75「聖石」×1","金币：240；材料：武器 ID 57「元素定制剑」×1；物品 ID 75「圣石」×1","神圣定制剑"
"63","ミスリルソード・エア","武器","146","金币：250；材料：武器 ID 61「ミスリルソード」×1；物品 ID 64「緑風石」×1","金币：250；材料：武器 ID 61「秘银剑」×1；物品 ID 64「绿风石」×1","秘银剑・风"
"64","ホーリーカスタム改","武器","179","金币：500；材料：武器 ID 62「ホーリーカスタム」×1；物品 ID 198「混沌の結晶」×1","金币：500；材料：武器 ID 62「神圣定制剑」×1；物品 ID 198「混沌的结晶」×1","神圣定制剑改"
"66","ルーンブレード・アース","武器","207","金币：730；材料：武器 ID 65「ルーンブレード」×1；物品 ID 68「橙土石」×1","金币：730；材料：武器 ID 65「符文之刃」×1；物品 ID 68「橙土石」×1","符文之刃・土"
"67","ルーンブレード・アクア","武器","226","金币：420；材料：武器 ID 65「ルーンブレード」×1；物品 ID 72「青水石」×1","金币：420；材料：武器 ID 65「符文之刃」×1；物品 ID 72「青水石」×1","符文之刃・水"
"68","マジカルブレード","武器","246","金币：550；材料：武器 ID 65「ルーンブレード」×1；物品 ID 207「マジカル鱗粉」×1","金币：550；材料：武器 ID 65「符文之刃」×1；物品 ID 207「魔法鳞粉」×1","魔法之刃"
"70","ジャスティスカスタム","武器","288","金币：900；材料：武器 ID 64「ホーリーカスタム改」×1；物品 ID 76「白聖石」×1","金币：900；材料：武器 ID 64「神圣定制剑改」×1；物品 ID 76「白圣石」×1","正义定制剑"
"71","ドラゴンエンハンス","武器","334","金币：920；材料：武器 ID 69「エンハンスソード」×1；物品 ID 223「竜の牙」×1","金币：920；材料：武器 ID 69「强化剑」×1；物品 ID 223「龙的牙齿」×1","龙强化剑"
"72","フラクタルカスタム","武器","310","金币：1150；材料：武器 ID 70「ジャスティスカスタム」×1；物品 ID 80「黒闇石」×1","金币：1150；材料：武器 ID 70「正义定制剑」×1；物品 ID 80「黑暗石」×1","分形定制剑"
"75","フラクタルナイトカスタム","武器","354","金币：1650；材料：武器 ID 72「フラクタルカスタム」×1；物品 ID 224「夜の黒片」×1","金币：1650；材料：武器 ID 72「分形定制剑」×1；物品 ID 224「夜的黑片」×1","分形骑士定制剑"
"76","プリズムソード・エア","武器","393","金币：1700；材料：武器 ID 74「プリズムソード」×1；物品 ID 65「疾風緑風石」×1","金币：1700；材料：武器 ID 74「棱镜剑」×1；物品 ID 65「疾风绿风石」×1","棱镜剑・风"
"77","プリズムクラッド","武器","416","金币：1800；材料：武器 ID 74「プリズムソード」×1；物品 ID 53「赤熱紅炎石」×1","金币：1800；材料：武器 ID 74「棱镜剑」×1；物品 ID 53「赤热红炎石」×1","棱镜覆层"
"78","ハイロウナイトカスタム","武器","435","金币：2100；材料：武器 ID 75「フラクタルナイトカスタム」×1；物品 ID 241「天使の羽根」×1","金币：2100；材料：武器 ID 75「分形骑士定制剑」×1；物品 ID 241「天使的羽毛」×1","光环骑士定制剑"
"79","エンジェルエンハンス","武器","460","金币：7200；材料：武器 ID 71「ドラゴンエンハンス」×1；物品 ID 252「奇跡の羽根」×1","金币：7200；材料：武器 ID 71「龙强化剑」×1；物品 ID 252「奇迹的羽毛」×1","天使强化剑"
"80","誘惑の魔剣","武器","518","金币：8000；材料：武器 ID 60「淫らな誘惑の剣」×1；物品 ID 251「妖艶なる尻尾」×1","金币：8000；材料：武器 ID 60「淫荡的诱惑之剑」×1；物品 ID 251「妖艳的尾巴」×1","诱惑之魔剑"
"83","聖剣ハィロウナイト","武器","527","金币：9100；材料：武器 ID 78「ハイロウナイトカスタム」×1；物品 ID 256「恩寵の羽根」×1","金币：9100；材料：武器 ID 78「光环骑士定制剑」×1；物品 ID 256「恩宠的羽毛」×1","圣剑光环骑士"
"84","立ち向かう者の剣","武器","576","金币：9400；材料：武器 ID 81「抗う者の剣」×1；物品 ID 260「超力の結晶」×1","金币：9400；材料：武器 ID 81「反抗者之剑」×1；物品 ID 260「超力结晶」×1","对抗者之剑"
"85","グラディエーター・オズマ","武器","596","金币：10000；材料：武器 ID 82「グラディエーター」×1；物品 ID 264「オズマ細胞」×1","金币：10000；材料：武器 ID 82「剑斗士」×1；物品 ID 264「奥兹玛细胞」×1","剑斗士・奥兹玛"
"88","ゴールドソード改","武器","65","金币：110；材料：武器 ID 87「ゴールドソード」×1；物品 ID 173「丈夫な蹄」×1","金币：110；材料：武器 ID 87「黄金剑」×1；物品 ID 173「坚固的蹄」×1","黄金剑改"
"90","グレードソード改","武器","113","金币：250；材料：武器 ID 89「グレードソード」×1；物品 ID 182「魔獣の爪」×1","金币：250；材料：武器 ID 89「大剑」×1；物品 ID 182「魔兽之爪」×1","大剑改"
"92","オックスディフェンダー","武器","147","金币：480；材料：武器 ID 91「ディフェンダー」×1；物品 ID 189「猛牛の角」×1","金币：480；材料：武器 ID 91「防御者」×1；物品 ID 189「猛牛之角」×1","猛牛防御者"
"96","ドラゴンキラー改","武器","180","金币：700；材料：武器 ID 94「ドラゴンキラー」×1；物品 ID 197「竜の鱗」×1","金币：700；材料：武器 ID 94「屠龙者」×1；物品 ID 197「龙鳞」×1","屠龙者改"
"100","紫電稲妻の剣","武器","247","金币：550；材料：武器 ID 97「稲妻の剣」×1；物品 ID 60「黄雷石」×1","金币：550；材料：武器 ID 97「闪电之剑」×1；物品 ID 60「黄雷石」×1","紫电雷鸣之剑"
"101","吹雪の剣・霙","武器","271","金币：580；材料：武器 ID 98「吹雪の剣」×1；物品 ID 56「蒼氷石」×1","金币：580；材料：武器 ID 98「暴雪之剑」×1；物品 ID 56「苍冰石」×1","吹雪之剑・霙"
"105","アロンダイト・アーク","武器","311","金币：920；材料：武器 ID 103「アロンダイト」×1；物品 ID 80「黒闇石」×1","金币：920；材料：武器 ID 103「阿隆戴特」×1；物品 ID 80「黑暗石」×1","阿隆戴特・暗"
"108","ペルセウスの輝剣","武器","355","金币：1500；材料：武器 ID 105「アロンダイト・アーク」×1；武器 ID 107「ペルセウスの剣」×1；物品 ID 227「輝く羽根」×1","金币：1500；材料：武器 ID 105「阿隆戴特・暗」×1；武器 ID 107「珀尔修斯之剑」×1；物品 ID 227「闪耀的羽毛」×1","珀尔修斯的辉剑"
"109","オリハルコンロード","武器","417","金币：1650；材料：武器 ID 106「オリハルコンの剣」×1；物品 ID 237「真竜の牙」×1","金币：1650；材料：武器 ID 106「奥利哈钢制剑」×1；物品 ID 237「真龙的牙齿」×1","奥利哈钢主宰"
"110","フロストロード","武器","436","金币：2000；材料：武器 ID 109「オリハルコンロード」×1；物品 ID 57「凍結蒼氷石」×1","金币：2000；材料：武器 ID 109「奥利哈钢主宰」×1；物品 ID 57「冻结苍冰石」×1","霜冻主宰"
"113","ドラグネスディフェンダー","武器","461","金币：8000；材料：武器 ID 92「オックスディフェンダー」×1；物品 ID 247「覇竜の牙」×1","金币：8000；材料：武器 ID 92「猛牛防御者」×1；物品 ID 247「霸龙的牙齿」×1","龙之力防御者"
"114","ドラゴンロード","武器","514","金币：9000；材料：武器 ID 96「ドラゴンキラー改」×1；武器 ID 110「フロストロード」×1；物品 ID 247「覇竜の牙」×1","金币：9000；材料：武器 ID 96「屠龙者改」×1；武器 ID 110「霜冻主宰」×1；物品 ID 247「霸龙的牙齿」×1","龙之主宰"
"117","奇跡の騎士剣","武器","528","金币：10500；材料：武器 ID 73「奇跡の剣」×1；物品 ID 256「恩寵の羽根」×1","金币：10500；材料：武器 ID 73「奇迹之剑」×1；物品 ID 256「恩宠的羽毛」×1","奇迹骑士剑"
"119","隼の騎士剣","武器","529","金币：10500；材料：武器 ID 54「隼の剣」×1；物品 ID 260「超力の結晶」×1","金币：10500；材料：武器 ID 54「隼之剑」×1；物品 ID 260「超力结晶」×1","隼骑士剑"
"120","吹雪稲妻剣","武器","577","金币：11500；材料：武器 ID 100「紫電稲妻の剣」×1；武器 ID 101「吹雪の剣・霙」×1；物品 ID 260「超力の結晶」×1","金币：11500；材料：武器 ID 100「紫电雷鸣之剑」×1；武器 ID 101「吹雪之剑・霙」×1；物品 ID 260「超力结晶」×1","暴风雪闪电剑"
"121","ペルセウスの輝聖剣","武器","599","金币：12000；材料：武器 ID 108「ペルセウスの輝剣」×1；物品 ID 271「天空の羽根」×1","金币：12000；材料：武器 ID 108「珀尔修斯的辉剑」×1；物品 ID 271「天空之羽」×1","珀尔修斯的光辉圣剑"
"122","アロンダイト・オズマ","武器","598","金币：12000；材料：武器 ID 105「アロンダイト・アーク」×1；物品 ID 264「オズマ細胞」×1","金币：12000；材料：武器 ID 105「阿隆戴特・暗」×1；物品 ID 264「奥兹玛细胞」×1","阿隆戴特・奥兹玛"
"123","神翼・隼の剣","武器","690","金币：14000；材料：武器 ID 119「隼の騎士剣」×1；物品 ID 256「恩寵の羽根」×1","金币：14000；材料：武器 ID 119「隼骑士剑」×1；物品 ID 256「恩宠的羽毛」×1","神翼・隼之剑"
"126","クレイモア・アース","武器","208","金币：1100；材料：武器 ID 125「クレイモア」×1；物品 ID 68「橙土石」×1","金币：1100；材料：武器 ID 125「双刃大剑」×1；物品 ID 68「橙土石」×1","双刃大剑・土"
"127","クレイモア・アクア","武器","227","金币：800；材料：武器 ID 125「クレイモア」×1；物品 ID 72「青水石」×1","金币：800；材料：武器 ID 125「双刃大剑」×1；物品 ID 72「青水石」×1","双刃大剑・水"
"129","斬馬刀・雷電","武器","272","金币：1350；材料：武器 ID 128「斬馬刀」×1；物品 ID 60「黄雷石」×1","金币：1350；材料：武器 ID 128「斩马刀」×1；物品 ID 60「黄雷石」×1","斩马刀・雷电"
"131","ドラゴンバスタード","武器","335","金币：1700；材料：武器 ID 130「バスタードソード」×1；物品 ID 223「竜の牙」×1","金币：1700；材料：武器 ID 130「混种剑」×1；物品 ID 223「龙的牙齿」×1","龙混种剑"
"132","マキナバスタード","武器","356","金币：1900；材料：武器 ID 131「ドラゴンバスタード」×1；物品 ID 233「傀儡歯車」×1","金币：1900；材料：武器 ID 131「龙混种剑」×1；物品 ID 233「傀儡齿轮」×1","器械混种剑"
"133","バスタードマグナ","武器","394","金币：2100；材料：武器 ID 132「マキナバスタード」×1；物品 ID 69「土流橙土石」×1","金币：2100；材料：武器 ID 132「器械混种剑」×1；物品 ID 69「土流橙土石」×1","玛格纳混种剑"
"135","斬鉄剣・魔星","武器","462","金币：9300；材料：武器 ID 134「斬鉄剣」×1；物品 ID 243「禍々しい結晶」×1","金币：9300；材料：武器 ID 134「斩铁剑」×1；物品 ID 243「不祥的结晶」×1","斩铁剑・魔星"
"137","タイタスロード","武器","600","金币：14000；材料：武器 ID 136「巨人剣タイタス」×1；物品 ID 263「神物の破片」×1","金币：14000；材料：武器 ID 136「巨人剑泰坦」×1；物品 ID 263「神物碎片」×1","泰坦主宰"
"138","タイタスドラグネス","武器","601","金币：14000；材料：武器 ID 136「巨人剣タイタス」×1；物品 ID 267「極竜の牙」×1","金币：14000；材料：武器 ID 136「巨人剑泰坦」×1；物品 ID 267「极龙之牙」×1","泰坦龙剑"
"139","バスタードエンデ","武器","691","金币：16000；材料：武器 ID 133「バスタードマグナ」×1；物品 ID 269「終蟲の甲殻」×1","金币：16000；材料：武器 ID 133「玛格纳混种剑」×1；物品 ID 269「终虫甲壳」×1","最终混种剑"
"141","終式ゴッドスレイヤー","武器","771","金币：23000；材料：武器 ID 140「ゴッドスレイヤー」×1；物品 ID 272「黒のアリス細胞」×1","金币：23000；材料：武器 ID 140「神杀剑」×1；物品 ID 272「黑之爱丽丝细胞」×1","终式神杀剑"
"144","レイピア改","武器","5","金币：15；材料：武器 ID 143「レイピア」×1；物品 ID 163「魔葉」×1","金币：15；材料：武器 ID 143「细剑」×1；物品 ID 163「魔叶」×1","细剑改"
"146","アイアンレイピア改","武器","20","金币：35；材料：武器 ID 145「アイアンレイピア」×1；物品 ID 167「硬い針」×1","金币：35；材料：武器 ID 145「铁制细剑」×1；物品 ID 167「硬针」×1","铁制细剑改"
"148","アースレイピア","武器","66","金币：92；材料：武器 ID 147「ゴールドレイピア」×1；物品 ID 67「土石」×1","金币：92；材料：武器 ID 147「黄金细剑」×1；物品 ID 67「土石」×1","大地细剑"
"149","ラミアンレイピア","武器","89","金币：120；材料：武器 ID 148「アースレイピア」×1；物品 ID 178「ラミアの尾」×1","金币：120；材料：武器 ID 148「大地细剑」×1；物品 ID 178「拉米亚的尾巴」×1","拉米亚细剑"
"150","神秘のレイピア","武器","114","金币：150；材料：武器 ID 147「ゴールドレイピア」×1；物品 ID 75「聖石」×1","金币：150；材料：武器 ID 147「黄金细剑」×1；物品 ID 75「圣石」×1","神秘细剑"
"152","デスレイピア","武器","148","金币：310；材料：武器 ID 151「ミスリルレイピア」×1；物品 ID 186「ゾンビパウダー」×1","金币：310；材料：武器 ID 151「秘银制细剑」×1；物品 ID 186「僵尸粉」×1","死亡细剑"
"153","ラミアンレイピアX","武器","181","金币：400；材料：武器 ID 149「ラミアンレイピア」×1；物品 ID 193「魅惑の蛇尾」×1","金币：400；材料：武器 ID 149「拉米亚细剑」×1；物品 ID 193「魅惑的蛇尾」×1","拉米亚细剑X"
"155","フローラルレイピア","武器","248","金币：290；材料：武器 ID 154「クリスタルレイピア」×1；物品 ID 205「アルラウネの花」×1","金币：290；材料：武器 ID 154「水晶制细剑」×1；物品 ID 205「阿娜温的花」×1","花之细剑"
"158","ケミカルレイピア","武器","289","金币：480；材料：武器 ID 152「デスレイピア」×1；物品 ID 217「猛毒の針」×1","金币：480；材料：武器 ID 152「死亡细剑」×1；物品 ID 217「猛毒的针」×1","化学细剑"
"159","メデューサレイピア","武器","312","金币：550；材料：武器 ID 153「ラミアンレイピアX」×1；物品 ID 220「メデューサの蛇」×1","金币：550；材料：武器 ID 153「拉米亚细剑X」×1；物品 ID 220「美杜莎的蛇」×1","美杜莎细剑"
"162","プラズマレイピア","武器","357","金币：1560；材料：武器 ID 161「プリズムレイピア」×1；物品 ID 61「電光黄雷石」×1","金币：1560；材料：武器 ID 161「棱镜细剑」×1；物品 ID 61「电光黄雷石」×1","等离子细剑"
"163","プリズムレイピア・エア","武器","395","金币：1650；材料：武器 ID 161「プリズムレイピア」×1；物品 ID 65「疾風緑風石」×1","金币：1650；材料：武器 ID 161「棱镜细剑」×1；物品 ID 65「疾风绿风石」×1","棱镜细剑・风"
"164","ドラゴンハンター","武器","418","金币：1700；材料：武器 ID 158「ケミカルレイピア」×1；物品 ID 237「真竜の牙」×1","金币：1700；材料：武器 ID 158「化学细剑」×1；物品 ID 237「真龙的牙齿」×1","猎龙者"
"165","フロストレイピア","武器","437","金币：2200；材料：武器 ID 161「プリズムレイピア」×1；物品 ID 57「凍結蒼氷石」×1","金币：2200；材料：武器 ID 161「棱镜细剑」×1；物品 ID 57「冻结苍冰石」×1","霜冻细剑"
"167","聖竜のレイピア","武器","463","金币：7700；材料：武器 ID 164「ドラゴンハンター」×1；物品 ID 247「覇竜の牙」×1","金币：7700；材料：武器 ID 164「猎龙者」×1；物品 ID 247「霸龙的牙齿」×1","圣龙细剑"
"168","闇の千蛇","武器","464","金币：7700；材料：武器 ID 159「メデューサレイピア」×1；物品 ID 245「覇蛇の蛇尾」×1","金币：7700；材料：武器 ID 159「美杜莎细剑」×1；物品 ID 245「霸蛇的蛇尾」×1","暗之千蛇"
"170","千蔦万華","武器","530","金币：9800；材料：武器 ID 155「フローラルレイピア」×1；物品 ID 255「昂ぶる触手」×1","金币：9800；材料：武器 ID 155「花之细剑」×1；物品 ID 255「昂扬的触手」×1","千茑万华"
"171","サンフラワー","武器","531","金币：9800；材料：武器 ID 155「フローラルレイピア」×1；物品 ID 257「偉大なる花びら」×1","金币：9800；材料：武器 ID 155「花之细剑」×1；物品 ID 257「伟大的花瓣」×1","向日葵"
"174","千鳥","武器","602","金币：12000；材料：武器 ID 169「ライトニング」×1；物品 ID 256「恩寵の羽根」×1","金币：12000；材料：武器 ID 169「闪电」×1；物品 ID 256「恩宠的羽毛」×1","千鸟"
"175","レッドサン","武器","603","金币：12000；材料：武器 ID 171「サンフラワー」×1；物品 ID 267「極竜の牙」×1","金币：12000；材料：武器 ID 171「向日葵」×1；物品 ID 267「极龙之牙」×1","红太阳"
"178","トリニティソード","武器","396","金币：990；材料：武器 ID 177「魔導の剣」×1；物品 ID 65「疾風緑風石」×1；物品 ID 69「土流橙土石」×1；物品 ID 73「激流青水石」×1","金币：990；材料：武器 ID 177「魔导之剑」×1；物品 ID 65「疾风绿风石」×1；物品 ID 69「土流橙土石」×1；物品 ID 73「激流青水石」×1","三位一体之剑"
"186","エルフォース","武器","515","金币：9900；材料：武器 ID 181「フォースソード」×1；物品 ID 248「えるえるゼリー」×1","金币：9900；材料：武器 ID 181「力量之剑」×1；物品 ID 248「咕噜咕噜果冻」×1","精灵之力"
"187","聖白の剣","武器","605","金币：12600；材料：武器 ID 180「白の剣」×1；物品 ID 271「天空の羽根」×1","金币：12600；材料：武器 ID 180「白之剑」×1；物品 ID 271「天空之羽」×1","圣白之剑"
"188","暗黒の剣","武器","604","金币：12600；材料：武器 ID 179「黒の剣」×1；物品 ID 261「神蟲の鱗粉」×1","金币：12600；材料：武器 ID 179「黑之剑」×1；物品 ID 261「神虫鳞粉」×1","暗黑之剑"
"191","スピア改","武器","13","金币：18；材料：武器 ID 190「スピア」×1；物品 ID 164「野獣の爪」×1","金币：18；材料：武器 ID 190「矛」×1；物品 ID 164「野兽之爪」×1","矛改"
"194","ダークトライデント","武器","67","金币：140；材料：武器 ID 193「トライデント」×1；物品 ID 79「闇石」×1","金币：140；材料：武器 ID 193「三叉戟」×1；物品 ID 79「暗石」×1","暗黑三叉戟"
"195","ホーリートライデント","武器","115","金币：200；材料：武器 ID 193「トライデント」×1；物品 ID 75「聖石」×1","金币：200；材料：武器 ID 193「三叉戟」×1；物品 ID 75「圣石」×1","神圣三叉戟"
"197","ミスリルスピア改","武器","149","金币：280；材料：武器 ID 196「ミスリルスピア」×1；物品 ID 189「猛牛の角」×1","金币：280；材料：武器 ID 196「秘银矛」×1；物品 ID 189「猛牛之角」×1","秘银矛改"
"198","ミスリルスピア・アース","武器","209","金币：330；材料：武器 ID 197「ミスリルスピア改」×1；物品 ID 68「橙土石」×1","金币：330；材料：武器 ID 197「秘银矛改」×1；物品 ID 68「橙土石」×1","秘银矛・土"
"199","ミスリルスピア・アクア","武器","228","金币：250；材料：武器 ID 197「ミスリルスピア改」×1；物品 ID 72「青水石」×1","金币：250；材料：武器 ID 197「秘银矛改」×1；物品 ID 72「青水石」×1","秘银矛・水"
"201","風神雷神の槍","武器","273","金币：650；材料：武器 ID 200「ウィンドスピア」×1；物品 ID 60「黄雷石」×1","金币：650；材料：武器 ID 200「风矛」×1；物品 ID 60「黄雷石」×1","风神雷神之枪"
"203","ホーリードラグーン","武器","336","金币：1550；材料：武器 ID 202「ホーリースピア」×1；物品 ID 52「紅炎石」×1","金币：1550；材料：武器 ID 202「神圣之矛」×1；物品 ID 52「红炎石」×1","圣龙枪"
"204","ドラグーンアース","武器","397","金币：2200；材料：武器 ID 203「ホーリードラグーン」×1；物品 ID 69「土流橙土石」×1","金币：2200；材料：武器 ID 203「圣龙枪」×1；物品 ID 69「土流橙土石」×1","龙枪・大地"
"205","獣の槍","武器","419","金币：2500；材料：武器 ID 201「風神雷神の槍」×1；物品 ID 236「妖力の結晶」×1","金币：2500；材料：武器 ID 201「风神雷神之枪」×1；物品 ID 236「妖力的结晶」×1","兽枪"
"210","ヘヴィランス改","武器","90","金币：150；材料：武器 ID 209「ヘヴィランス」×1；物品 ID 173「丈夫な蹄」×1","金币：150；材料：武器 ID 209「沉重长枪」×1；物品 ID 173「坚固的蹄」×1","沉重长枪改"
"212","パルチザン改","武器","116","金币：250；材料：武器 ID 211「パルチザン」×1；物品 ID 182「魔獣の爪」×1","金币：250；材料：武器 ID 211「阔头枪」×1；物品 ID 182「魔兽之爪」×1","阔头枪改"
"214","デーモンランス改","武器","150","金币：350；材料：武器 ID 213「デーモンランス」×1；物品 ID 185「幽霊の髪」×1","金币：350；材料：武器 ID 213「恶魔长枪」×1；物品 ID 185「幽灵的头发」×1","恶魔长枪改"
"216","方天画戟改","武器","182","金币：550；材料：武器 ID 215「方天画戟」×1；物品 ID 194「鋭い牙」×1","金币：550；材料：武器 ID 215「方天画戟」×1；物品 ID 194「尖牙」×1","方天画戟改"
"217","方天画戟・烈牙","武器","210","金币：720；材料：武器 ID 216「方天画戟改」×1；物品 ID 68「橙土石」×1","金币：720；材料：武器 ID 216「方天画戟改」×1；物品 ID 68「橙土石」×1","方天画戟・烈牙"
"221","氷雪竜鱗槍","武器","274","金币：580；材料：武器 ID 220「竜鱗の槍」×1；物品 ID 56「蒼氷石」×1","金币：580；材料：武器 ID 220「龙鳞制枪」×1；物品 ID 56「苍冰石」×1","冰雪龙鳞枪"
"222","飛竜聖槍","武器","290","金币：650；材料：武器 ID 219「飛竜の槍」×1；物品 ID 76「白聖石」×1","金币：650；材料：武器 ID 219「飞龙之枪」×1；物品 ID 76「白圣石」×1","飞龙圣枪"
"223","シャドウランス","武器","313","金币：780；材料：武器 ID 202「ホーリースピア」×1；物品 ID 80「黒闇石」×1","金币：780；材料：武器 ID 202「神圣之矛」×1；物品 ID 80「黑暗石」×1","暗影长枪"
"224","赤熱シャドウランス","武器","337","金币：850；材料：武器 ID 223「シャドウランス」×1；物品 ID 52「紅炎石」×1","金币：850；材料：武器 ID 223「暗影长枪」×1；物品 ID 52「红炎石」×1","赤热暗影长枪"
"228","プリズムウィンダード","武器","398","金币：1950；材料：武器 ID 226「プリズムランス」×1；物品 ID 65「疾風緑風石」×1","金币：1950；材料：武器 ID 226「棱镜长枪」×1；物品 ID 65「疾风绿风石」×1","棱镜迎风"
"229","ロンギヌスプラズマ","武器","358","金币：2050；材料：武器 ID 227「ロンギヌス」×1；物品 ID 61「電光黄雷石」×1","金币：2050；材料：武器 ID 227「朗基努斯」×1；物品 ID 61「电光黄雷石」×1","朗基努斯等离子"
"231","ブリューナク・ヘブン","武器","438","金币：2400；材料：武器 ID 230「ブリューナク」×1；物品 ID 241「天使の羽根」×1","金币：2400；材料：武器 ID 230「布里欧纳克」×1；物品 ID 241「天使的羽毛」×1","布里欧纳克・天堂"
"233","ロンギヌスシャイン","武器","466","金币：9300；材料：武器 ID 229「ロンギヌスプラズマ」×1；物品 ID 246「覇虫の針」×1","金币：9300；材料：武器 ID 229「朗基努斯等离子」×1；物品 ID 246「霸虫的针」×1","朗基努斯闪耀"
"234","飛竜魔槍","武器","465","金币：9300；材料：武器 ID 222「飛竜聖槍」×1；物品 ID 247「覇竜の牙」×1","金币：9300；材料：武器 ID 222「飞龙圣枪」×1；物品 ID 247「霸龙的牙齿」×1","飞龙魔枪"
"235","方天画戟・千蛇","武器","532","金币：11700；材料：武器 ID 217「方天画戟・烈牙」×1；物品 ID 254「強靱なる蛇尾」×1","金币：11700；材料：武器 ID 217「方天画戟・烈牙」×1；物品 ID 254「坚韧的蛇尾」×1","方天画戟・千蛇"
"239","ブリューナク・クロス","武器","695","金币：17000；材料：武器 ID 231「ブリューナク・ヘブン」×1；物品 ID 267「極竜の牙」×1","金币：17000；材料：武器 ID 231「布里欧纳克・天堂」×1；物品 ID 267「极龙之牙」×1","布里欧纳克・十字"
"240","飛竜魔槍・黒桜","武器","694","金币：17000；材料：武器 ID 234「飛竜魔槍」×1；物品 ID 262「神々しい花びら」×1","金币：17000；材料：武器 ID 234「飞龙魔枪」×1；物品 ID 262「神圣花瓣」×1","飞龙魔枪・黑樱"
"247","同田貫・紅蓮","武器","338","金币：850；材料：武器 ID 244「同田貫」×1；物品 ID 52「紅炎石」×1","金币：850；材料：武器 ID 244「同田贯」×1；物品 ID 52「红炎石」×1","同田贯・红莲"
"260","惨華正宗","武器","467","金币：8000；材料：武器 ID 250「正宗」×1；物品 ID 243「禍々しい結晶」×1","金币：8000；材料：武器 ID 250「正宗」×1；物品 ID 243「不祥的结晶」×1","惨华正宗"
"261","雷光虎徹","武器","468","金币：8000；材料：武器 ID 248「虎徹」×1；物品 ID 249「奇跡の卵」×1","金币：8000；材料：武器 ID 248「虎彻」×1；物品 ID 249「奇迹的蛋」×1","雷光虎彻"
"264","巖流・物干し竿","武器","534","金币：10000；材料：武器 ID 253「物干し竿」×1；物品 ID 254「強靱なる蛇尾」×1","金币：10000；材料：武器 ID 253「晾衣竿」×1；物品 ID 254「坚韧的蛇尾」×1","岩流・晾衣竿"
"265","蛇鬼村雨","武器","533","金币：10000；材料：武器 ID 251「村雨」×1；物品 ID 254「強靱なる蛇尾」×1","金币：10000；材料：武器 ID 251「村雨」×1；物品 ID 254「坚韧的蛇尾」×1","蛇鬼村雨"
"275","闇吹雪・大波","武器","359","金币：1300；材料：武器 ID 274「闇吹雪」×1；物品 ID 226「大海の珊瑚」×1","金币：1300；材料：武器 ID 274「暗吹雪」×1；物品 ID 226「大海的珊瑚」×1","暗吹雪・大波"
"277","紅蓮虹刃","武器","420","金币：1600；材料：武器 ID 276「虹の刃」×1；物品 ID 53「赤熱紅炎石」×1","金币：1600；材料：武器 ID 276「虹制刃」×1；物品 ID 53「赤热红炎石」×1","红莲虹刃"
"278","極光虹刃","武器","439","金币：1650；材料：武器 ID 276「虹の刃」×1；物品 ID 57「凍結蒼氷石」×1","金币：1650；材料：武器 ID 276「虹制刃」×1；物品 ID 57「冻结苍冰石」×1","极光虹刃"
"282","霧夢","武器","519","金币：7800；材料：武器 ID 271「霧刃」×1；物品 ID 251「妖艶なる尻尾」×1","金币：7800；材料：武器 ID 271「雾刃」×1；物品 ID 251「妖艳的尾巴」×1","雾梦"
"283","流星・華王","武器","536","金币：9500；材料：武器 ID 281「流星の刃」×1；物品 ID 257「偉大なる花びら」×1","金币：9500；材料：武器 ID 281「流星制之刃」×1；物品 ID 257「伟大的花瓣」×1","流星・华王"
"284","流星・黒蛇","武器","535","金币：9500；材料：武器 ID 281「流星の刃」×1；物品 ID 254「強靱なる蛇尾」×1","金币：9500；材料：武器 ID 281「流星制之刃」×1；物品 ID 254「坚韧的蛇尾」×1","流星・黑蛇"
"286","悦夢","武器","585","金币：10500；材料：武器 ID 282「霧夢」×1；物品 ID 266「絶美の尻尾」×1","金币：10500；材料：武器 ID 282「雾梦」×1；物品 ID 266「绝美尾巴」×1","悦梦"
"287","風魔","武器","610","金币：11200；材料：武器 ID 272「一撃の刃」×1；物品 ID 263「神物の破片」×1","金币：11200；材料：武器 ID 272「一击之刃」×1；物品 ID 263「神物碎片」×1","风魔"
"288","猿飛","武器","611","金币：11200；材料：武器 ID 270「佐助の刀」×1；物品 ID 271「天空の羽根」×1","金币：11200；材料：武器 ID 270「佐助的刀」×1；物品 ID 271「天空之羽」×1","猿飞"
"291","セスタス改","武器","6","金币：18；材料：武器 ID 290「セスタス」×1；物品 ID 164「野獣の爪」×1","金币：18；材料：武器 ID 290「格斗爪」×1；物品 ID 164「野兽之爪」×1","格斗爪改"
"293","風の爪","武器","21","金币：35；材料：武器 ID 292「鉄の爪」×1；物品 ID 63「風石」×1","金币：35；材料：武器 ID 292「铁制爪」×1；物品 ID 63「风石」×1","风爪"
"295","炎の爪","武器","39","金币：72；材料：武器 ID 294「黄金の爪」×1；物品 ID 51「炎石」×1","金币：72；材料：武器 ID 294「黄金爪」×1；物品 ID 51「炎石」×1","炎爪"
"296","氷の爪","武器","40","金币：72；材料：武器 ID 294「黄金の爪」×1；物品 ID 55「氷石」×1","金币：72；材料：武器 ID 294「黄金爪」×1；物品 ID 55「冰石」×1","冰爪"
"297","雷の爪","武器","41","金币：72；材料：武器 ID 294「黄金の爪」×1；物品 ID 59「雷石」×1","金币：72；材料：武器 ID 294「黄金爪」×1；物品 ID 59「雷石」×1","雷爪"
"298","アースナックル","武器","68","金币：77；材料：武器 ID 294「黄金の爪」×1；物品 ID 67「土石」×1","金币：77；材料：武器 ID 294「黄金爪」×1；物品 ID 67「土石」×1","大地指虎"
"299","アクアナックル","武器","91","金币：77；材料：武器 ID 294「黄金の爪」×1；物品 ID 71「水石」×1","金币：77；材料：武器 ID 294「黄金爪」×1；物品 ID 71「水石」×1","水之指虎"
"301","カイザーナックル改","武器","117","金币：170；材料：武器 ID 300「カイザーナックル」×1；物品 ID 182「魔獣の爪」×1","金币：170；材料：武器 ID 300「凯撒之指虎」×1；物品 ID 182「魔兽之爪」×1","凯撒指虎改"
"303","オックスナックル","武器","151","金币：250；材料：武器 ID 302「ミスリルクロウ」×1；物品 ID 189「猛牛の角」×1","金币：250；材料：武器 ID 302「秘银之爪」×1；物品 ID 189「猛牛之角」×1","公牛指虎"
"306","ダーククロウ・バースト","武器","183","金币：550；材料：武器 ID 305「ダーククロウ」×1；物品 ID 195「魔力の結晶」×1","金币：550；材料：武器 ID 305「暗之爪」×1；物品 ID 195「魔力的结晶」×1","暗之爪・爆发"
"308","マジカルクロウ","武器","249","金币：320；材料：武器 ID 307「クリスタルクロウ」×1；物品 ID 207「マジカル鱗粉」×1","金币：320；材料：武器 ID 307「水晶之爪」×1；物品 ID 207「魔法鳞粉」×1","魔法之爪"
"310","バステトクロウ","武器","250","金币：390；材料：武器 ID 309「ビーストクロウ」×1；物品 ID 206「猫のヒゲ」×1","金币：390；材料：武器 ID 309「兽之爪」×1；物品 ID 206「猫的胡须」×1","芭丝特之爪"
"312","氷竜爪","武器","275","金币：490；材料：武器 ID 311「竜鱗の爪」×1；物品 ID 56「蒼氷石」×1","金币：490；材料：武器 ID 311「龙鳞制爪」×1；物品 ID 56「苍冰石」×1","冰龙爪"
"313","オックスロード","武器","291","金币：520；材料：武器 ID 303「オックスナックル」×1；物品 ID 213「猛牛の蹄」×1","金币：520；材料：武器 ID 303「公牛指虎」×1；物品 ID 213「猛牛的蹄」×1","公牛主宰"
"314","ネクロナックル","武器","314","金币：550；材料：武器 ID 311「竜鱗の爪」×1；物品 ID 221「ネクロパウダー」×1","金币：550；材料：武器 ID 311「龙鳞制爪」×1；物品 ID 221「死灵粉末」×1","亡灵指虎"
"317","イリスプリズム","武器","360","金币：1700；材料：武器 ID 316「プリズムクロウ」×1；物品 ID 225「イリス細胞」×1","金币：1700；材料：武器 ID 316「棱镜之爪」×1；物品 ID 225「伊莉丝细胞」×1","伊莉丝棱镜"
"318","プリズムクロウ・アクア","武器","399","金币：1800；材料：武器 ID 316「プリズムクロウ」×1；物品 ID 73「激流青水石」×1","金币：1800；材料：武器 ID 316「棱镜之爪」×1；物品 ID 73「激流青水石」×1","棱镜之爪・水"
"319","イデアプリズム","武器","440","金币：2000；材料：武器 ID 317「イリスプリズム」×1；物品 ID 240「イデア細胞」×1","金币：2000；材料：武器 ID 317「伊莉丝棱镜」×1；物品 ID 240「伊迪亚细胞」×1","伊迪亚棱镜"
"320","ベヒーモスクロウ","武器","421","金币：2500；材料：武器 ID 310「バステトクロウ」×1；物品 ID 238「狂獣の爪」×1","金币：2500；材料：武器 ID 310「芭丝特之爪」×1；物品 ID 238「狂兽的爪子」×1","贝希摩斯之爪"
"323","聖獣の爪","武器","470","金币：7600；材料：武器 ID 320「ベヒーモスクロウ」×1；物品 ID 244「覇獣の爪」×1","金币：7600；材料：武器 ID 320「贝希摩斯之爪」×1；物品 ID 244「霸兽的爪子」×1","圣兽之爪"
"324","ダークプリズム","武器","469","金币：7600；材料：武器 ID 319「イデアプリズム」×1；物品 ID 253「カオストロン」×1","金币：7600；材料：武器 ID 319「伊迪亚棱镜」×1；物品 ID 253「混沌之核」×1","暗之棱镜"
"330","格闘王・華裂","武器","537","金币：11000；材料：武器 ID 327「格闘王の拳」×1；物品 ID 257「偉大なる花びら」×1","金币：11000；材料：武器 ID 327「格斗王的拳」×1；物品 ID 257「伟大的花瓣」×1","格斗王・华裂"
"331","格闘王・深蒼","武器","538","金币：11000；材料：武器 ID 327「格闘王の拳」×1；物品 ID 259「深海の鱗」×1","金币：11000；材料：武器 ID 327「格斗王的拳」×1；物品 ID 259「深海之鳞」×1","格斗王・深苍"
"332","グラビディハンド","武器","672","金币：11500；材料：武器 ID 328「メカニックフィスト」×1；物品 ID 265「ナノ歯車」×1","金币：11500；材料：武器 ID 328「机械拳」×1；物品 ID 265「纳米齿轮」×1","重力之手"
"336","アイアンファング改","武器","22","金币：28；材料：武器 ID 335「アイアンファング」×1；物品 ID 167「硬い針」×1","金币：28；材料：武器 ID 335「铁牙」×1；物品 ID 167「硬针」×1","铁牙改"
"338","ダークファントム","武器","69","金币：102；材料：武器 ID 337「ゴールドファング」×1；物品 ID 79「闇石」×1","金币：102；材料：武器 ID 337「金牙」×1；物品 ID 79「暗石」×1","暗影牙"
"339","ホーリーファントム","武器","118","金币：142；材料：武器 ID 338「ダークファントム」×1；物品 ID 75「聖石」×1","金币：142；材料：武器 ID 338「暗影牙」×1；物品 ID 75「圣石」×1","圣影牙"
"341","デスファング","武器","152","金币：250；材料：武器 ID 340「ミスリルファング」×1；物品 ID 186「ゾンビパウダー」×1","金币：250；材料：武器 ID 340「秘银牙」×1；物品 ID 186「僵尸粉」×1","死亡之牙"
"342","デスファングクロス","武器","184","金币：300；材料：武器 ID 341「デスファング」×1；物品 ID 194「鋭い牙」×1","金币：300；材料：武器 ID 341「死亡之牙」×1；物品 ID 194「尖牙」×1","死亡之牙・十字"
"344","マジカルファング","武器","251","金币：280；材料：武器 ID 343「クリスタルファング」×1；物品 ID 207「マジカル鱗粉」×1","金币：280；材料：武器 ID 343「水晶之牙」×1；物品 ID 207「魔法鳞粉」×1","魔法之牙"
"345","アクアファング","武器","229","金币：300；材料：武器 ID 343「クリスタルファング」×1；物品 ID 72「青水石」×1","金币：300；材料：武器 ID 343「水晶之牙」×1；物品 ID 72「青水石」×1","水之牙"
"348","メデューサファング","武器","315","金币：700；材料：武器 ID 346「竜鱗の牙」×1；物品 ID 220「メデューサの蛇」×1","金币：700；材料：武器 ID 346「龙鳞制牙」×1；物品 ID 220「美杜莎的蛇」×1","美杜莎之牙"
"351","プリズムファング・アース","武器","400","金币：1500；材料：武器 ID 350「プリズムファング」×1；物品 ID 69「土流橙土石」×1","金币：1500；材料：武器 ID 350「棱镜之牙」×1；物品 ID 69「土流橙土石」×1","棱镜之牙・土"
"352","夜の牙","武器","361","金币：1800；材料：武器 ID 351「プリズムファング・アース」×1；物品 ID 224「夜の黒片」×1","金币：1800；材料：武器 ID 351「棱镜之牙・土」×1；物品 ID 224「夜的黑片」×1","夜之牙"
"355","ファング・カオストロン","武器","471","金币：6400；材料：武器 ID 353「流星の牙」×1；物品 ID 253「カオストロン」×1","金币：6400；材料：武器 ID 353「流星制之牙」×1；物品 ID 253「混沌之核」×1","混沌之牙"
"357","アポカリプス・シグマ","武器","539","金币：8000；材料：武器 ID 354「アポカリプス」×1；物品 ID 254「強靱なる蛇尾」×1","金币：8000；材料：武器 ID 354「启示录」×1；物品 ID 254「坚韧的蛇尾」×1","启示录・西格玛"
"358","西覇白虎の牙","武器","579","金币：8500；材料：武器 ID 347「白虎の牙」×1；物品 ID 267「極竜の牙」×1","金币：8500；材料：武器 ID 347「白虎之牙」×1；物品 ID 267「极龙之牙」×1","西霸白虎之牙"
"359","古代竜の牙","武器","612","金币：9200；材料：武器 ID 356「暴竜の牙」×1；物品 ID 263「神物の破片」×1","金币：9200；材料：武器 ID 356「暴龙之牙」×1；物品 ID 263「神物碎片」×1","古代龙之牙"
"360","暴竜の牙・咆吼","武器","613","金币：9200；材料：武器 ID 356「暴竜の牙」×1；物品 ID 267「極竜の牙」×1","金币：9200；材料：武器 ID 356「暴龙之牙」×1；物品 ID 267「极龙之牙」×1","暴龙之牙・咆哮"
"367","ランブルアクス","武器","42","金币：118；材料：武器 ID 366「ゴールドアクス」×1；物品 ID 172「混沌の欠片」×1","金币：118；材料：武器 ID 366「金斧」×1；物品 ID 172「混沌的碎片」×1","狂暴斧"
"368","アクアアクス","武器","92","金币：148；材料：武器 ID 366「ゴールドアクス」×1；物品 ID 71「水石」×1","金币：148；材料：武器 ID 366「金斧」×1；物品 ID 71「水石」×1","水之斧"
"370","シャインクリムゾン","武器","119","金币：240；材料：武器 ID 369「クリムゾンアクス」×1；物品 ID 75「聖石」×1","金币：240；材料：武器 ID 369「绯红之斧」×1；物品 ID 75「圣石」×1","闪耀绯红"
"373","ミノタウロスの斧","武器","153","金币：480；材料：武器 ID 370「シャインクリムゾン」×1；物品 ID 189「猛牛の角」×1","金币：480；材料：武器 ID 370「闪耀绯红」×1；物品 ID 189「猛牛之角」×1","米诺陶洛斯的斧头"
"375","ルーンアクス・アース","武器","211","金币：600；材料：武器 ID 374「ルーンアクス」×1；物品 ID 68「橙土石」×1","金币：600；材料：武器 ID 374「符文之斧」×1；物品 ID 68「橙土石」×1","符文之斧・土"
"377","混沌の魔神斧","武器","185","金币：730；材料：武器 ID 376「魔神の斧」×1；物品 ID 198「混沌の結晶」×1","金币：730；材料：武器 ID 376「魔神之斧」×1；物品 ID 198「混沌的结晶」×1","混沌魔神斧"
"381","巨人の斧・氷塊","武器","276","金币：620；材料：武器 ID 379「巨人の斧」×1；物品 ID 56「蒼氷石」×1","金币：620；材料：武器 ID 379「巨人之斧」×1；物品 ID 56「苍冰石」×1","巨人之斧・冰块"
"382","超重ミノタウロスの斧","武器","292","金币：770；材料：武器 ID 373「ミノタウロスの斧」×1；物品 ID 213「猛牛の蹄」×1","金币：770；材料：武器 ID 373「米诺陶洛斯的斧头」×1；物品 ID 213「猛牛的蹄」×1","超重米诺陶洛斯斧"
"383","シャドウアクス","武器","316","金币：850；材料：武器 ID 380「竜鱗の斧」×1；物品 ID 80「黒闇石」×1","金币：850；材料：武器 ID 380「龙鳞制斧」×1；物品 ID 80「黑暗石」×1","暗影斧"
"385","ミノタウロスブレイク","武器","362","金币：1400；材料：武器 ID 382「超重ミノタウロスの斧」×1；物品 ID 228「大一角」×1","金币：1400；材料：武器 ID 382「超重米诺陶洛斯斧」×1；物品 ID 228「大一角」×1","米诺陶洛斯粉碎"
"387","グランドプリズム","武器","401","金币：1830；材料：武器 ID 386「プリズムアクス」×1；物品 ID 69「土流橙土石」×1","金币：1830；材料：武器 ID 386「棱镜斧」×1；物品 ID 69「土流橙土石」×1","大地棱镜"
"388","妖力プリズムアクス","武器","422","金币：2100；材料：武器 ID 386「プリズムアクス」×1；物品 ID 236「妖力の結晶」×1","金币：2100；材料：武器 ID 386「棱镜斧」×1；物品 ID 236「妖力的结晶」×1","妖力棱镜斧"
"389","絶対零度グランドプリズム","武器","441","金币：2400；材料：武器 ID 387「グランドプリズム」×1；物品 ID 57「凍結蒼氷石」×1","金币：2400；材料：武器 ID 387「大地棱镜」×1；物品 ID 57「冻结苍冰石」×1","绝对零度大地棱镜"
"391","聖極光グランドメテオ","武器","473","金币：9700；材料：武器 ID 389「絶対零度グランドプリズム」×1；物品 ID 253「カオストロン」×1","金币：9700；材料：武器 ID 389「绝对零度大地棱镜」×1；物品 ID 253「混沌之核」×1","圣极光大地流星"
"392","ギガタウロスブレイク","武器","472","金币：9700；材料：武器 ID 385「ミノタウロスブレイク」×1；物品 ID 244「覇獣の爪」×1","金币：9700；材料：武器 ID 385「米诺陶洛斯粉碎」×1；物品 ID 244「霸兽的爪子」×1","巨人弥诺陶洛斯粉碎"
"395","ルーンブレイカー","武器","540","金币：12800；材料：武器 ID 375「ルーンアクス・アース」×1；物品 ID 257「偉大なる花びら」×1","金币：12800；材料：武器 ID 375「符文之斧・土」×1；物品 ID 257「伟大的花瓣」×1","符文破坏者"
"396","魔神斧ナノプラス","武器","614","金币：14800；材料：武器 ID 377「混沌の魔神斧」×1；物品 ID 265「ナノ歯車」×1","金币：14800；材料：武器 ID 377「混沌魔神斧」×1；物品 ID 265「纳米齿轮」×1","魔神斧纳米加强版"
"397","巨人の斧・氷華","武器","615","金币：14800；材料：武器 ID 381「巨人の斧・氷塊」×1；物品 ID 262「神々しい花びら」×1","金币：14800；材料：武器 ID 381「巨人之斧・冰块」×1；物品 ID 262「神圣花瓣」×1","巨人斧・冰华"
"398","ベルセルク","武器","703","金币：16500；材料：武器 ID 394「スパルタクス」×1；物品 ID 267「極竜の牙」×1","金币：16500；材料：武器 ID 394「斯巴达克斯」×1；物品 ID 267「极龙之牙」×1","狂怒战士"
"401","棍棒改","武器","7","金币：15；材料：武器 ID 400「棍棒」×1；物品 ID 161「ヌルヌル粘液」×1","金币：15；材料：武器 ID 400「棍棒」×1；物品 ID 161「黏滑粘液」×1","棍棒改"
"404","アイアンハンマー改","武器","23","金币：45；材料：武器 ID 403「アイアンハンマー」×1；物品 ID 167「硬い針」×1","金币：45；材料：武器 ID 403「铁锤」×1；物品 ID 167「硬针」×1","铁锤改"
"406","癒しの棍","武器","43","金币：105；材料：武器 ID 405「ゴールドハンマー」×1；物品 ID 169「不思議などんぐり」×1","金币：105；材料：武器 ID 405「金锤」×1；物品 ID 169「不可思议的橡果」×1","治愈之棍"
"407","アースハンマー","武器","70","金币：115；材料：武器 ID 405「ゴールドハンマー」×1；物品 ID 67「土石」×1","金币：115；材料：武器 ID 405「金锤」×1；物品 ID 67「土石」×1","大地锤"
"408","アクアハンマー","武器","93","金币：125；材料：武器 ID 405「ゴールドハンマー」×1；物品 ID 71「水石」×1","金币：125；材料：武器 ID 405「金锤」×1；物品 ID 71「水石」×1","水锤"
"410","闇ひのきの棍棒","武器","120","金币：220；材料：武器 ID 55「闇ひのきのぼう改＋」×1；物品 ID 184「キメラ細胞」×1","金币：220；材料：武器 ID 55「暗之桧木棒改＋」×1；物品 ID 184「奇美拉细胞」×1","暗柳棍棒"
"411","超癒しの棍","武器","121","金币：220；材料：武器 ID 406「癒しの棍」×1；物品 ID 75「聖石」×1","金币：220；材料：武器 ID 406「治愈之棍」×1；物品 ID 75「圣石」×1","超治愈之棍"
"413","闇ひのきの棍棒・エア","武器","154","金币：320；材料：武器 ID 410「闇ひのきの棍棒」×1；物品 ID 64「緑風石」×1","金币：320；材料：武器 ID 410「暗柳棍棒」×1；物品 ID 64「绿风石」×1","暗之木棍・风"
"414","サボテンハンマー","武器","186","金币：450；材料：武器 ID 412「ミスリルハンマー」×1；物品 ID 191「サボテンの棘」×1","金币：450；材料：武器 ID 412「秘银锤」×1；物品 ID 191「仙人掌的刺」×1","仙人掌锤"
"418","闇の棍棒・弐式エア","武器","230","金币：500；材料：武器 ID 413「闇ひのきの棍棒・エア」×1；物品 ID 203「式紙」×1","金币：500；材料：武器 ID 413「暗之木棍・风」×1；物品 ID 203「式纸」×1","暗之棍棒・二式风"
"419","混沌の魔神金槌","武器","187","金币：520；材料：武器 ID 415「魔神の金槌」×1；物品 ID 198「混沌の結晶」×1","金币：520；材料：武器 ID 415「魔神之金锤」×1；物品 ID 198「混沌的结晶」×1","混沌魔神金锤"
"421","妖棒・闇参式","武器","277","金币：650；材料：武器 ID 418「闇の棍棒・弐式エア」×1；物品 ID 210「妖怪の髪」×1","金币：650；材料：武器 ID 418「暗之棍棒・二式风」×1；物品 ID 210「妖怪的头发」×1","妖棒・暗三式"
"422","大地電塵ハンマー","武器","252","金币：780；材料：武器 ID 417「大地のハンマー」×1；物品 ID 60「黄雷石」×1","金币：780；材料：武器 ID 417「大地之锤」×1；物品 ID 60「黄雷石」×1","大地电尘锤"
"424","赤熱バーニングハンマー","武器","339","金币：1300；材料：武器 ID 423「オリハルコンのハンマー」×1；物品 ID 52「紅炎石」×1","金币：1300；材料：武器 ID 423「奥利哈钢制锤」×1；物品 ID 52「红炎石」×1","赤热燃烧锤"
"425","奇跡の棍","武器","363","金币：1400；材料：武器 ID 411「超癒しの棍」×1；物品 ID 229「精霊のどんぐり」×1","金币：1400；材料：武器 ID 411「超治愈之棍」×1；物品 ID 229「精灵的橡果」×1","奇迹之棍"
"426","金剛棒・零式","武器","364","金币：1500；材料：武器 ID 421「妖棒・闇参式」×1；物品 ID 228「大一角」×1","金币：1500；材料：武器 ID 421「妖棒・暗三式」×1；物品 ID 228「大一角」×1","金刚棒・零式"
"428","ギガントブレイカー","武器","423","金币：1700；材料：武器 ID 427「プリズムハンマー」×1；物品 ID 238「狂獣の爪」×1","金币：1700；材料：武器 ID 427「棱镜锤」×1；物品 ID 238「狂兽的爪子」×1","巨人破坏者"
"429","如意棒","武器","442","金币：1800；材料：武器 ID 426「金剛棒・零式」×1；物品 ID 241「天使の羽根」×1","金币：1800；材料：武器 ID 426「金刚棒・零式」×1；物品 ID 241「天使的羽毛」×1","如意棒"
"432","大奇跡の棍","武器","475","金币：8500；材料：武器 ID 425「奇跡の棍」×1；物品 ID 249「奇跡の卵」×1","金币：8500；材料：武器 ID 425「奇迹之棍」×1；物品 ID 249「奇迹的蛋」×1","大奇迹之棍"
"433","螺旋如意棒","武器","474","金币：8500；材料：武器 ID 429「如意棒」×1；物品 ID 250「神代紙」×1","金币：8500；材料：武器 ID 429「如意棒」×1；物品 ID 250「神代纸」×1","螺旋如意棒"
"435","世界樹のハンマー","武器","541","金币：11000；材料：武器 ID 414「サボテンハンマー」×1；物品 ID 257「偉大なる花びら」×1","金币：11000；材料：武器 ID 414「仙人掌锤」×1；物品 ID 257「伟大的花瓣」×1","世界树之锤"
"436","真・混沌魔神金槌","武器","542","金币：11000；材料：武器 ID 419「混沌の魔神金槌」×1；物品 ID 260「超力の結晶」×1","金币：11000；材料：武器 ID 419「混沌魔神金锤」×1；物品 ID 260「超力结晶」×1","真・混沌魔神金槌"
"438","竜殺しのミョルニル","武器","586","金币：12000；材料：武器 ID 431「ミョルニル」×1；物品 ID 267「極竜の牙」×1","金币：12000；材料：武器 ID 431「雷神之锤」×1；物品 ID 267「极龙之牙」×1","屠龙之锤 雷神之锤"
"439","バーバリアン","武器","616","金币：12800；材料：武器 ID 434「テルモピュライ」×1；物品 ID 265「ナノ歯車」×1","金币：12800；材料：武器 ID 434「泰尔莫皮拉伊」×1；物品 ID 265「纳米齿轮」×1","野蛮人"
"442","小悪魔の鎌","武器","14","金币：15；材料：武器 ID 441「草刈り鎌」×1；物品 ID 162「インプの尻尾」×1","金币：15；材料：武器 ID 441「割草镰」×1；物品 ID 162「小恶魔的尾巴」×1","小恶魔的镰"
"444","風切り鎌","武器","24","金币：45；材料：武器 ID 443「鉄の鎌」×1；物品 ID 63「風石」×1","金币：45；材料：武器 ID 443「铁制镰」×1；物品 ID 63「风石」×1","风切镰"
"447","デスシックル改","武器","122","金币：200；材料：武器 ID 446「デスシックル」×1；物品 ID 184「キメラ細胞」×1","金币：200；材料：武器 ID 446「死亡之镰」×1；物品 ID 184「奇美拉细胞」×1","死亡之镰改"
"449","デッドマンズシックル","武器","155","金币：450；材料：武器 ID 447「デスシックル改」×1；物品 ID 186「ゾンビパウダー」×1","金币：450；材料：武器 ID 447「死亡之镰改」×1；物品 ID 186「僵尸粉」×1","死人之刺"
"452","マジカルシックル","武器","253","金币：370；材料：武器 ID 451「ビッグシックル」×1；物品 ID 207「マジカル鱗粉」×1","金币：370；材料：武器 ID 451「巨型之刺」×1；物品 ID 207「魔法鳞粉」×1","魔法之刺"
"454","陰陽鎌","武器","278","金币：550；材料：武器 ID 453「竜鱗の鎌」×1；物品 ID 210「妖怪の髪」×1","金币：550；材料：武器 ID 453「龙鳞制镰」×1；物品 ID 210「妖怪的头发」×1","阴阳镰"
"455","破魔陰陽鎌","武器","293","金币：570；材料：武器 ID 454「陰陽鎌」×1；物品 ID 76「白聖石」×1","金币：570；材料：武器 ID 454「阴阳镰」×1；物品 ID 76「白圣石」×1","破魔阴阳镰"
"456","コキュートスシックル","武器","317","金币：590；材料：武器 ID 449「デッドマンズシックル」×1；物品 ID 221「ネクロパウダー」×1","金币：590；材料：武器 ID 449「死人之刺」×1；物品 ID 221「死灵粉末」×1","阴魂镰"
"457","クリムゾンシックル","武器","340","金币：680；材料：武器 ID 452「マジカルシックル」×1；物品 ID 52「紅炎石」×1","金币：680；材料：武器 ID 452「魔法之刺」×1；物品 ID 52「红炎石」×1","绯红镰"
"460","聖角陰陽鎌","武器","365","金币：1440；材料：武器 ID 455「破魔陰陽鎌」×1；物品 ID 228「大一角」×1","金币：1440；材料：武器 ID 455「破魔阴阳镰」×1；物品 ID 228「大一角」×1","圣角阴阳镰"
"461","エレメントシックル","武器","402","金币：1500；材料：武器 ID 459「虹の鎌」×1；物品 ID 65「疾風緑風石」×1；物品 ID 69「土流橙土石」×1；物品 ID 73「激流青水石」×1","金币：1500；材料：武器 ID 459「虹制镰」×1；物品 ID 65「疾风绿风石」×1；物品 ID 69「土流橙土石」×1；物品 ID 73「激流青水石」×1","元素镰"
"462","シャインシックル","武器","424","金币：1800；材料：武器 ID 461「エレメントシックル」×1；物品 ID 236「妖力の結晶」×1","金币：1800；材料：武器 ID 461「元素镰」×1；物品 ID 236「妖力的结晶」×1","闪光镰"
"464","六魂陰陽鎌","武器","477","金币：7100；材料：武器 ID 460「聖角陰陽鎌」×1；物品 ID 250「神代紙」×1","金币：7100；材料：武器 ID 460「圣角阴阳镰」×1；物品 ID 250「神代纸」×1","六魂阴阳镰"
"465","アーククリムゾン","武器","476","金币：7100；材料：武器 ID 457「クリムゾンシックル」×1；物品 ID 243「禍々しい結晶」×1","金币：7100；材料：武器 ID 457「绯红镰」×1；物品 ID 243「不祥的结晶」×1","弧形绯红"
"469","九魂陰陽鎌","武器","619","金币：9800；材料：武器 ID 464「六魂陰陽鎌」×1；物品 ID 267「極竜の牙」×1","金币：9800；材料：武器 ID 464「六魂阴阳镰」×1；物品 ID 267「极龙之牙」×1","九魂阴阳镰"
"470","エターナルシックル","武器","618","金币：9800；材料：武器 ID 462「シャインシックル」×1；物品 ID 263「神物の破片」×1","金币：9800；材料：武器 ID 462「闪光镰」×1；物品 ID 263「神物碎片」×1","永恒镰"
"475","風の杖","武器","25","金币：55；材料：武器 ID 474「魔導士の杖」×1；物品 ID 63「風石」×1","金币：55；材料：武器 ID 474「魔导士之杖」×1；物品 ID 63「风石」×1","风之杖"
"478","いかづちの杖","武器","44","金币：88；材料：武器 ID 477「ゴールドスタッフ」×1；物品 ID 59「雷石」×1","金币：88；材料：武器 ID 477「黄金杖」×1；物品 ID 59「雷石」×1","雷电之杖"
"479","暗闇の杖","武器","71","金币：96；材料：武器 ID 477「ゴールドスタッフ」×1；物品 ID 79「闇石」×1","金币：96；材料：武器 ID 477「黄金杖」×1；物品 ID 79「暗石」×1","黑暗之杖"
"480","さざなみの杖","武器","94","金币：128；材料：武器 ID 477「ゴールドスタッフ」×1；物品 ID 71「水石」×1","金币：128；材料：武器 ID 477「黄金杖」×1；物品 ID 71「水石」×1","波纹之杖"
"483","呪いの杖","武器","156","金币：280；材料：武器 ID 482「ミスリルスタッフ」×1；物品 ID 185「幽霊の髪」×1","金币：280；材料：武器 ID 482「秘银杖」×1；物品 ID 185「幽灵的头发」×1","诅咒之杖"
"485","ルーンスタッフ・バースト","武器","188","金币：500；材料：武器 ID 484「ルーンスタッフ」×1；物品 ID 195「魔力の結晶」×1","金币：500；材料：武器 ID 484「符文之杖」×1；物品 ID 195「魔力的结晶」×1","符文杖・爆发"
"486","ルーンスタッフ・ドグマ","武器","212","金币：600；材料：武器 ID 485「ルーンスタッフ・バースト」×1；物品 ID 199「ドグマ細胞」×1","金币：600；材料：武器 ID 485「符文杖・爆发」×1；物品 ID 199「教义细胞」×1","符文杖・教义"
"490","大奇跡の杖","武器","254","金币：550；材料：武器 ID 488「奇跡の杖」×1；物品 ID 208「マジカルエキス」×1","金币：550；材料：武器 ID 488「奇迹之杖」×1；物品 ID 208「魔法精华」×1","大奇迹之杖"
"491","超奇跡の杖","武器","294","金币：680；材料：武器 ID 490「大奇跡の杖」×1；物品 ID 216「不思議な葉っぱ」×1","金币：680；材料：武器 ID 490「大奇迹之杖」×1；物品 ID 216「不可思议的叶子」×1","超奇迹之杖"
"493","闇奇跡の杖","武器","318","金币：1200；材料：武器 ID 491「超奇跡の杖」×1；物品 ID 80「黒闇石」×1","金币：1200；材料：武器 ID 491「超奇迹之杖」×1；物品 ID 80「黑暗石」×1","暗奇迹之杖"
"495","トリニティスタッフ","武器","403","金币：1650；材料：武器 ID 494「プリズムスタッフ」×1；物品 ID 65「疾風緑風石」×1；物品 ID 69「土流橙土石」×1；物品 ID 73「激流青水石」×1","金币：1650；材料：武器 ID 494「棱镜杖」×1；物品 ID 65「疾风绿风石」×1；物品 ID 69「土流橙土石」×1；物品 ID 73「激流青水石」×1","三位一体杖"
"496","ヘブンズトリニティ","武器","443","金币：1800；材料：武器 ID 495「トリニティスタッフ」×1；物品 ID 241「天使の羽根」×1","金币：1800；材料：武器 ID 495「三位一体杖」×1；物品 ID 241「天使的羽毛」×1","天堂三位一体"
"498","カオストリニティ","武器","478","金币：7800；材料：武器 ID 496「ヘブンズトリニティ」×1；物品 ID 253「カオストロン」×1","金币：7800；材料：武器 ID 496「天堂三位一体」×1；物品 ID 253「混沌之核」×1","混沌三位一体"
"499","輝ける奇跡の杖","武器","479","金币：7800；材料：武器 ID 493「闇奇跡の杖」×1；物品 ID 249「奇跡の卵」×1","金币：7800；材料：武器 ID 493「暗奇迹之杖」×1；物品 ID 249「奇迹的蛋」×1","闪耀奇迹之杖"
"503","救世主の杖","武器","543","金币：10000；材料：武器 ID 500「救済の杖」×1；物品 ID 256「恩寵の羽根」×1","金币：10000；材料：武器 ID 500「救赎法杖」×1；物品 ID 256「恩宠的羽毛」×1","救世主之杖"
"505","銀河の杖","武器","620","金币：11200；材料：武器 ID 502「太陽の杖」×1；物品 ID 262「神々しい花びら」×1","金币：11200；材料：武器 ID 502「太阳之杖」×1；物品 ID 262「神圣花瓣」×1","银河之杖"
"507","アデプタス","武器","708","金币：12500；材料：武器 ID 503「救世主の杖」×1；物品 ID 262「神々しい花びら」×1","金币：12500；材料：武器 ID 503「救世主之杖」×1；物品 ID 262「神圣花瓣」×1","阿德普塔斯"
"510","小悪魔ロッド","武器","8","金币：18；材料：武器 ID 509「古木のロッド」×1；物品 ID 162「インプの尻尾」×1","金币：18；材料：武器 ID 509「古木法杖」×1；物品 ID 162「小恶魔的尾巴」×1","小恶魔法杖"
"512","風のロッド","武器","26","金币：48；材料：武器 ID 511「アイアンロッド」×1；物品 ID 63「風石」×1","金币：48；材料：武器 ID 511「铁法杖」×1；物品 ID 63「风石」×1","风之法杖"
"514","炎のロッド","武器","45","金币：85；材料：武器 ID 513「ゴールドロッド」×1；物品 ID 51「炎石」×1","金币：85；材料：武器 ID 513「黄金法杖」×1；物品 ID 51「炎石」×1","炎之法杖"
"515","氷のロッド","武器","46","金币：85；材料：武器 ID 513「ゴールドロッド」×1；物品 ID 55「氷石」×1","金币：85；材料：武器 ID 513「黄金法杖」×1；物品 ID 55「冰石」×1","冰之法杖"
"516","雷のロッド","武器","47","金币：85；材料：武器 ID 513「ゴールドロッド」×1；物品 ID 59「雷石」×1","金币：85；材料：武器 ID 513「黄金法杖」×1；物品 ID 59「雷石」×1","雷之法杖"
"517","癒しのロッド","武器","48","金币：95；材料：武器 ID 513「ゴールドロッド」×1；物品 ID 169「不思議などんぐり」×1","金币：95；材料：武器 ID 513「黄金法杖」×1；物品 ID 169「不可思议的橡果」×1","治愈的法杖"
"521","オックスロッド","武器","157","金币：340；材料：武器 ID 518「ストライクロッド」×1；物品 ID 189「猛牛の角」×1","金币：340；材料：武器 ID 518「打击法杖」×1；物品 ID 189「猛牛之角」×1","牛头法杖"
"523","天使のロッド・バースト","武器","189","金币：680；材料：武器 ID 522「天使のロッド」×1；物品 ID 195「魔力の結晶」×1","金币：680；材料：武器 ID 522「天使法杖」×1；物品 ID 195「魔力的结晶」×1","天使法杖・爆发"
"527","ホーリーロッド改","武器","255","金币：560；材料：武器 ID 525「ホーリーロッド」×1；物品 ID 208「マジカルエキス」×1","金币：560；材料：武器 ID 525「神圣法杖」×1；物品 ID 208「魔法精华」×1","神圣法杖改"
"528","ミノタウロスロッド","武器","295","金币：630；材料：武器 ID 521「オックスロッド」×1；物品 ID 213「猛牛の蹄」×1","金币：630；材料：武器 ID 521「牛头法杖」×1；物品 ID 213「猛牛的蹄」×1","米诺陶洛斯法杖"
"530","ホーリーロッド・ダブル","武器","296","金币：880；材料：武器 ID 527「ホーリーロッド改」×1；物品 ID 76「白聖石」×1","金币：880；材料：武器 ID 527「神圣法杖改」×1；物品 ID 76「白圣石」×1","神圣法杖・双重"
"531","ドラゴンロッド","武器","341","金币：920；材料：武器 ID 528「ミノタウロスロッド」×1；物品 ID 223「竜の牙」×1","金币：920；材料：武器 ID 528「米诺陶洛斯法杖」×1；物品 ID 223「龙的牙齿」×1","龙法杖"
"533","ホーリーソーサラー","武器","366","金币：1200；材料：武器 ID 530「ホーリーロッド・ダブル」×1；物品 ID 229「精霊のどんぐり」×1","金币：1200；材料：武器 ID 530「神圣法杖・双重」×1；物品 ID 229「精灵的橡果」×1","神圣法师"
"535","プリズムロッド・アクア","武器","404","金币：1680；材料：武器 ID 534「プリズムロッド」×1；物品 ID 73「激流青水石」×1","金币：1680；材料：武器 ID 534「棱镜法杖」×1；物品 ID 73「激流青水石」×1","棱镜法杖・水"
"536","ストライクドラグナー","武器","425","金币：1800；材料：武器 ID 531「ドラゴンロッド」×1；物品 ID 237「真竜の牙」×1","金币：1800；材料：武器 ID 531「龙法杖」×1；物品 ID 237「真龙的牙齿」×1","打击龙骑"
"538","グランウィザード","武器","444","金币：2500；材料：武器 ID 529「ウィザードロッド」×1；物品 ID 53「赤熱紅炎石」×1；物品 ID 57「凍結蒼氷石」×1；物品 ID 61「電光黄雷石」×1","金币：2500；材料：武器 ID 529「巫师法杖」×1；物品 ID 53「赤热红炎石」×1；物品 ID 57「冻结苍冰石」×1；物品 ID 61「电光黄雷石」×1","大巫师"
"540","マスタードラグナー","武器","480","金币：7800；材料：武器 ID 536「ストライクドラグナー」×1；物品 ID 247「覇竜の牙」×1","金币：7800；材料：武器 ID 536「打击龙骑」×1；物品 ID 247「霸龙的牙齿」×1","大师龙"
"541","マスターウィザード","武器","481","金币：7800；材料：武器 ID 538「グランウィザード」×1；物品 ID 253「カオストロン」×1","金币：7800；材料：武器 ID 538「大巫师」×1；物品 ID 253「混沌之核」×1","大师巫师"
"546","メシアソーサラー","武器","622","金币：12000；材料：武器 ID 533「ホーリーソーサラー」×1；物品 ID 262「神々しい花びら」×1","金币：12000；材料：武器 ID 533「神圣法师」×1；物品 ID 262「神圣花瓣」×1","救世主法师"
"551","風の弓矢","武器","27","金币：45；材料：武器 ID 550「アイアンボウ」×1；物品 ID 63「風石」×1","金币：45；材料：武器 ID 550「铁弓」×1；物品 ID 63「风石」×1","风之弓箭"
"553","炎の弓矢","武器","49","金币：88；材料：武器 ID 552「ゴールドボウ」×1；物品 ID 51「炎石」×1","金币：88；材料：武器 ID 552「金弓」×1；物品 ID 51「炎石」×1","炎之弓箭"
"554","氷の弓矢","武器","50","金币：88；材料：武器 ID 552「ゴールドボウ」×1；物品 ID 55「氷石」×1","金币：88；材料：武器 ID 552「金弓」×1；物品 ID 55「冰石」×1","冰之弓箭"
"555","雷の弓矢","武器","51","金币：88；材料：武器 ID 552「ゴールドボウ」×1；物品 ID 59「雷石」×1","金币：88；材料：武器 ID 552「金弓」×1；物品 ID 59「雷石」×1","雷之弓箭"
"557","キラーボウ改","武器","72","金币：118；材料：武器 ID 556「キラーボウ」×1；物品 ID 175「蜘蛛の糸」×1","金币：118；材料：武器 ID 556「杀手弓」×1；物品 ID 175「蜘蛛之丝」×1","杀手弓改"
"559","魅惑の弓矢","武器","123","金币：200；材料：武器 ID 558「エルフィンボウ」×1；物品 ID 181「淫魔の尻尾」×1","金币：200；材料：武器 ID 558「精灵弓」×1；物品 ID 181「淫魔的尾巴」×1","魅惑之弓箭"
"562","疾風の弓矢改","武器","158","金币：400；材料：武器 ID 561「疾風の弓矢」×1；物品 ID 188「妖精のどんぐり」×1","金币：400；材料：武器 ID 561「疾风之箭」×1；物品 ID 188「妖精的橡果」×1","疾风之弓箭改"
"564","ドグマキラー","武器","213","金币：500；材料：武器 ID 563「エイビスキラー」×1；物品 ID 199「ドグマ細胞」×1","金币：500；材料：武器 ID 563「龙鸟杀手」×1；物品 ID 199「教义细胞」×1","教条杀手"
"566","フローラルボウ","武器","256","金币：320；材料：武器 ID 565「クリスタルボウ」×1；物品 ID 205「アルラウネの花」×1","金币：320；材料：武器 ID 565「水晶弓」×1；物品 ID 205「阿娜温的花」×1","花香弓"
"568","破魔弓","武器","279","金币：490；材料：武器 ID 567「竜鱗の弓」×1；物品 ID 210「妖怪の髪」×1","金币：490；材料：武器 ID 567「龙鳞制弓」×1；物品 ID 210「妖怪的头发」×1","破魔弓"
"570","与一の弓・白金","武器","297","金币：720；材料：武器 ID 569「与一の弓」×1；物品 ID 76「白聖石」×1","金币：720；材料：武器 ID 569「与一之弓」×1；物品 ID 76「白圣石」×1","与一之弓・白金"
"571","与一の弓・入滅","武器","319","金币：750；材料：武器 ID 570「与一の弓・白金」×1；物品 ID 80「黒闇石」×1","金币：750；材料：武器 ID 570「与一之弓・白金」×1；物品 ID 80「黑暗石」×1","与一之弓・入灭"
"574","プリズムボウ・インフ","武器","367","金币：1550；材料：武器 ID 573「プリズムボウ」×1；物品 ID 222「艶めかしい尻尾」×1","金币：1550；材料：武器 ID 573「棱镜弓」×1；物品 ID 222「艳丽的尾巴」×1","棱镜弓・诱惑"
"575","イリスキラー","武器","368","金币：1800；材料：武器 ID 564「ドグマキラー」×1；物品 ID 225「イリス細胞」×1","金币：1800；材料：武器 ID 564「教条杀手」×1；物品 ID 225「伊莉丝细胞」×1","伊莉丝杀手"
"576","アクアレインボー","武器","405","金币：1900；材料：武器 ID 573「プリズムボウ」×1；物品 ID 73「激流青水石」×1","金币：1900；材料：武器 ID 573「棱镜弓」×1；物品 ID 73「激流青水石」×1","水之彩虹"
"577","イデアキラー","武器","445","金币：2200；材料：武器 ID 575「イリスキラー」×1；物品 ID 240「イデア細胞」×1","金币：2200；材料：武器 ID 575「伊莉丝杀手」×1；物品 ID 240「伊迪亚细胞」×1","伊迪亚杀手"
"579","万魔の狩人","武器","483","金币：7800；材料：武器 ID 568「破魔弓」×1；物品 ID 245「覇蛇の蛇尾」×1","金币：7800；材料：武器 ID 568「破魔弓」×1；物品 ID 245「霸蛇的蛇尾」×1","万魔猎人"
"580","カオスキラー","武器","482","金币：7800；材料：武器 ID 577「イデアキラー」×1；物品 ID 253「カオストロン」×1","金币：7800；材料：武器 ID 577「伊迪亚杀手」×1；物品 ID 253「混沌之核」×1","混沌杀手"
"582","エルフィンキュート","武器","520","金币：7900；材料：武器 ID 559「魅惑の弓矢」×1；物品 ID 251「妖艶なる尻尾」×1","金币：7900；材料：武器 ID 559「魅惑之弓箭」×1；物品 ID 251「妖艳的尾巴」×1","精灵芬芳"
"585","与一の弓・降魔","武器","544","金币：10000；材料：武器 ID 571「与一の弓・入滅」×1；物品 ID 257「偉大なる花びら」×1","金币：10000；材料：武器 ID 571「与一之弓・入灭」×1；物品 ID 257「伟大的花瓣」×1","与一之弓・降魔"
"586","エルフィンバースト","武器","545","金币：10000；材料：武器 ID 582「エルフィンキュート」×1；物品 ID 254「強靱なる蛇尾」×1","金币：10000；材料：武器 ID 582「精灵芬芳」×1；物品 ID 254「坚韧的蛇尾」×1","精灵爆发"
"587","神罰の弓","武器","624","金币：11200；材料：武器 ID 581「天罰の弓」×1；物品 ID 262「神々しい花びら」×1","金币：11200；材料：武器 ID 581「天罚之弓」×1；物品 ID 262「神圣花瓣」×1","神罚之弓"
"590","小悪魔の鞭","武器","9","金币：18；材料：武器 ID 589「いばらの鞭」×1；物品 ID 162「インプの尻尾」×1","金币：18；材料：武器 ID 589「荆棘之鞭」×1；物品 ID 162「小恶魔的尾巴」×1","小恶魔之鞭"
"595","ビーストラバー","武器","95","金币：150；材料：武器 ID 594「ビーストキラー」×1；物品 ID 181「淫魔の尻尾」×1","金币：150；材料：武器 ID 594「野兽杀手」×1；物品 ID 181「淫魔的尾巴」×1","兽行鞭"
"596","テンタクルウィップ","武器","124","金币：230；材料：武器 ID 593「ゴールドビュート」×1；物品 ID 179「あやしい触手」×1","金币：230；材料：武器 ID 593「黄金鞭」×1；物品 ID 179「诡异的触手」×1","触手鞭"
"599","テンタクルウィップX","武器","190","金币：600；材料：武器 ID 596「テンタクルウィップ」×1；物品 ID 190「スキュラの触手」×1","金币：600；材料：武器 ID 596「触手鞭」×1；物品 ID 190「斯库拉的触手」×1","触手鞭X"
"601","テンタクルウィップXX","武器","231","金币：350；材料：武器 ID 599「テンタクルウィップX」×1；物品 ID 202「巻き付く触手」×1","金币：350；材料：武器 ID 599「触手鞭X」×1；物品 ID 202「缠绕的触手」×1","触手鞭XX"
"604","蛇妖鞭","武器","280","金币：580；材料：武器 ID 601「テンタクルウィップXX」×1；物品 ID 211「魔性の蛇尾」×1","金币：580；材料：武器 ID 601「触手鞭XX」×1；物品 ID 211「魔性的蛇尾」×1","蛇妖鞭"
"606","竜妖鞭","武器","342","金币：890；材料：武器 ID 604「蛇妖鞭」×1；物品 ID 223「竜の牙」×1","金币：890；材料：武器 ID 604「蛇妖鞭」×1；物品 ID 223「龙的牙齿」×1","龙妖鞭"
"608","グレイプニル・インフ","武器","369","金币：1300；材料：武器 ID 605「グレイプニル」×1；物品 ID 222「艶めかしい尻尾」×1","金币：1300；材料：武器 ID 605「格雷普尼尔」×1；物品 ID 222「艳丽的尾巴」×1","格雷普尼尔・因夫"
"610","烈火竜鞭","武器","426","金币：1900；材料：武器 ID 606「竜妖鞭」×1；物品 ID 53「赤熱紅炎石」×1","金币：1900；材料：武器 ID 606「龙妖鞭」×1；物品 ID 53「赤热红炎石」×1","烈火龙鞭"
"612","破邪流星鞭","武器","485","金币：8500；材料：武器 ID 611「流星の鞭」×1；物品 ID 250「神代紙」×1","金币：8500；材料：武器 ID 611「流星制鞭」×1；物品 ID 250「神代纸」×1","破邪流星鞭"
"613","覇蛇流星鞭","武器","484","金币：8500；材料：武器 ID 611「流星の鞭」×1；物品 ID 245「覇蛇の蛇尾」×1","金币：8500；材料：武器 ID 611「流星制鞭」×1；物品 ID 245「霸蛇的蛇尾」×1","霸蛇流星鞭"
"614","グレイプニル・リリス","武器","521","金币：9000；材料：武器 ID 608「グレイプニル・インフ」×1；物品 ID 251「妖艶なる尻尾」×1","金币：9000；材料：武器 ID 608「格雷普尼尔・因夫」×1；物品 ID 251「妖艳的尾巴」×1","格雷普尼尔・莉莉丝"
"617","テンタクルウィップZXL","武器","546","金币：11700；材料：武器 ID 601「テンタクルウィップXX」×1；物品 ID 255「昂ぶる触手」×1","金币：11700；材料：武器 ID 601「触手鞭XX」×1；物品 ID 255「昂扬的触手」×1","触手鞭ZXL"
"620","三頭竜","武器","625","金币：13800；材料：武器 ID 602「ドラゴンテイル」×1；武器 ID 606「竜妖鞭」×1；物品 ID 264「オズマ細胞」×1","金币：13800；材料：武器 ID 602「龙尾鞭」×1；武器 ID 606「龙妖鞭」×1；物品 ID 264「奥兹玛细胞」×1","三头龙"
"624","風の竪琴","武器","28","金币：35；材料：武器 ID 623「鉄の竪琴」×1；物品 ID 63「風石」×1","金币：35；材料：武器 ID 623「铁制竖琴」×1；物品 ID 63「风石」×1","风的竖琴"
"626","エルフの竪琴","武器","52","金币：104；材料：武器 ID 625「金の竪琴」×1；物品 ID 170「涙の凝石」×1","金币：104；材料：武器 ID 625「金制竖琴」×1；物品 ID 170「泪之凝石」×1","精灵的竖琴"
"627","大地の竪琴","武器","74","金币：134；材料：武器 ID 625「金の竪琴」×1；物品 ID 67「土石」×1","金币：134；材料：武器 ID 625「金制竖琴」×1；物品 ID 67「土石」×1","大地的竖琴"
"628","水の竪琴","武器","96","金币：164；材料：武器 ID 625「金の竪琴」×1；物品 ID 71「水石」×1","金币：164；材料：武器 ID 625「金制竖琴」×1；物品 ID 71「水石」×1","水的竖琴"
"629","祝福の竪琴","武器","125","金币：184；材料：武器 ID 625「金の竪琴」×1；物品 ID 75「聖石」×1","金币：184；材料：武器 ID 625「金制竖琴」×1；物品 ID 75「圣石」×1","祝福的竖琴"
"631","奇跡の竪琴","武器","159","金币：330；材料：武器 ID 629「祝福の竪琴」×1；物品 ID 188「妖精のどんぐり」×1","金币：330；材料：武器 ID 629「祝福的竖琴」×1；物品 ID 188「妖精的橡果」×1","奇迹的竖琴"
"632","魔獣の竪琴","武器","160","金币：330；材料：武器 ID 630「ミスリルの竪琴」×1；物品 ID 189「猛牛の角」×1","金币：330；材料：武器 ID 630「秘银制竖琴」×1；物品 ID 189「猛牛之角」×1","魔兽的竖琴"
"633","ラミアの竪琴","武器","191","金币：450；材料：武器 ID 630「ミスリルの竪琴」×1；物品 ID 193「魅惑の蛇尾」×1","金币：450；材料：武器 ID 630「秘银制竖琴」×1；物品 ID 193「魅惑的蛇尾」×1","拉米亚的竖琴"
"634","スキュラの竪琴","武器","192","金币：450；材料：武器 ID 630「ミスリルの竪琴」×1；物品 ID 190「スキュラの触手」×1","金币：450；材料：武器 ID 630「秘银制竖琴」×1；物品 ID 190「斯库拉的触手」×1","斯库拉的竖琴"
"637","ねこまたのハープ","武器","257","金币：410；材料：武器 ID 632「魔獣の竪琴」×1；物品 ID 206「猫のヒゲ」×1","金币：410；材料：武器 ID 632「魔兽的竖琴」×1；物品 ID 206「猫的胡须」×1","猫又的竖琴"
"639","陰陽の竪琴","武器","281","金币：520；材料：武器 ID 638「竜鱗の竪琴」×1；物品 ID 210「妖怪の髪」×1","金币：520；材料：武器 ID 638「龙鳞制竖琴」×1；物品 ID 210「妖怪的头发」×1","阴阳的竖琴"
"640","スライムの竪琴","武器","320","金币：570；材料：武器 ID 638「竜鱗の竪琴」×1；物品 ID 218「ぐにゅぐにゅゼリー」×1","金币：570；材料：武器 ID 638「龙鳞制竖琴」×1；物品 ID 218「咕啾咕啾的果冻」×1","史莱姆的竖琴"
"641","ドラゴンの竪琴","武器","343","金币：620；材料：武器 ID 638「竜鱗の竪琴」×1；物品 ID 223「竜の牙」×1","金币：620；材料：武器 ID 638「龙鳞制竖琴」×1；物品 ID 223「龙的牙齿」×1","龙的竖琴"
"643","イリスの竪琴","武器","370","金币：950；材料：武器 ID 642「オリハルコンの竪琴」×1；物品 ID 225「イリス細胞」×1","金币：950；材料：武器 ID 642「奥利哈钢制竖琴」×1；物品 ID 225「伊莉丝细胞」×1","伊莉丝的竖琴"
"645","精霊のハープ","武器","406","金币：1550；材料：武器 ID 644「虹の竪琴」×1；物品 ID 65「疾風緑風石」×1；物品 ID 69「土流橙土石」×1；物品 ID 73「激流青水石」×1","金币：1550；材料：武器 ID 644「虹制竖琴」×1；物品 ID 65「疾风绿风石」×1；物品 ID 69「土流橙土石」×1；物品 ID 73「激流青水石」×1","精灵的竖琴"
"646","紅蓮の竪琴","武器","427","金币：1800；材料：武器 ID 644「虹の竪琴」×1；物品 ID 53「赤熱紅炎石」×1","金币：1800；材料：武器 ID 644「虹制竖琴」×1；物品 ID 53「赤热红炎石」×1","红莲的竖琴"
"647","イデアの竪琴","武器","446","金币：1950；材料：武器 ID 643「イリスの竪琴」×1；物品 ID 240「イデア細胞」×1","金币：1950；材料：武器 ID 643「伊莉丝的竖琴」×1；物品 ID 240「伊迪亚细胞」×1","伊迪亚的竖琴"
"650","堕天の竪琴","武器","486","金币：7400；材料：武器 ID 649「流星の竪琴」×1；物品 ID 252「奇跡の羽根」×1","金币：7400；材料：武器 ID 649「流星制竖琴」×1；物品 ID 252「奇迹的羽毛」×1","堕天竖琴"
"651","古代の竪琴","武器","487","金币：7400；材料：武器 ID 649「流星の竪琴」×1；物品 ID 243「禍々しい結晶」×1","金币：7400；材料：武器 ID 649「流星制竖琴」×1；物品 ID 243「不祥的结晶」×1","古代竖琴"
"654","アヌビス・スカラベ","武器","627","金币：10400；材料：武器 ID 648「アヌビスのハープ」×1；物品 ID 261「神蟲の鱗粉」×1","金币：10400；材料：武器 ID 648「阿努比斯的竖琴」×1；物品 ID 261「神虫鳞粉」×1","阿努比斯・斯克拉贝"
"655","大精霊のハープ","武器","628","金币：10400；材料：武器 ID 645「精霊のハープ」×1；物品 ID 271「天空の羽根」×1","金币：10400；材料：武器 ID 645「精灵的竖琴」×1；物品 ID 271「天空之羽」×1","大精灵之琴"
"658","おさかなブーメラン","武器","1","金币：17；材料：武器 ID 657「ブーメラン」×1；物品 ID 322「さかな」×1","金币：17；材料：武器 ID 657「回旋镖」×1；物品 ID 322「鱼」×1","鱼回旋镖"
"659","おさかなブーメラン改","武器","10","金币：20；材料：武器 ID 658「おさかなブーメラン」×1；物品 ID 160「ぷるぷるゼリー」×1","金币：20；材料：武器 ID 658「鱼回旋镖」×1；物品 ID 160「弹弹果冻」×1","鱼回旋镖改"
"663","おさかなブーメランカスタム","武器","53","金币：95；材料：武器 ID 659「おさかなブーメラン改」×1；物品 ID 169「不思議などんぐり」×1","金币：95；材料：武器 ID 659「鱼回旋镖改」×1；物品 ID 169「不可思议的橡果」×1","鱼回旋镖定制"
"664","珊瑚のブーメラン","武器","75","金币：104；材料：武器 ID 662「金のブーメラン」×1；物品 ID 171「綺麗な珊瑚」×1","金币：104；材料：武器 ID 662「金制回旋镖」×1；物品 ID 171「美丽的珊瑚」×1","珊瑚回旋镖"
"665","大自然のおさかなブーメラン","武器","97","金币：180；材料：武器 ID 663「おさかなブーメランカスタム」×1；物品 ID 63「風石」×1；物品 ID 67「土石」×1；物品 ID 71「水石」×1","金币：180；材料：武器 ID 663「鱼回旋镖定制」×1；物品 ID 63「风石」×1；物品 ID 67「土石」×1；物品 ID 71「水石」×1","大自然鱼回旋镖"
"667","大自然のおさかなブーメラン＋","武器","126","金币：270；材料：武器 ID 665「大自然のおさかなブーメラン」×1；物品 ID 177「にゅるにゅるゼリー」×1","金币：270；材料：武器 ID 665「大自然鱼回旋镖」×1；物品 ID 177「滑溜溜果冻」×1","大自然鱼回旋镖+"
"668","マキナブーメラン","武器","127","金币：250；材料：武器 ID 666「刃のブーメラン」×1；物品 ID 183「精巧な歯車」×1","金币：250；材料：武器 ID 666「刃之回旋镖」×1；物品 ID 183「精巧的齿轮」×1","器械回旋镖"
"671","大自然のおさかなブーメラン＋＋","武器","161","金币：430；材料：武器 ID 667「大自然のおさかなブーメラン＋」×1；物品 ID 188「妖精のどんぐり」×1","金币：430；材料：武器 ID 667「大自然鱼回旋镖+」×1；物品 ID 188「妖精的橡果」×1","大自然鱼回旋镖++"
"672","竜炎のブーメラン","武器","193","金币：460；材料：武器 ID 670「炎のブーメラン」×1；物品 ID 197「竜の鱗」×1","金币：460；材料：武器 ID 670「火焰回旋镖」×1；物品 ID 197「龙鳞」×1","龙炎回旋镖"
"673","マキナブーメランDX","武器","214","金币：650；材料：武器 ID 668「マキナブーメラン」×1；物品 ID 200「理知の歯車」×1","金币：650；材料：武器 ID 668「器械回旋镖」×1；物品 ID 200「理智的齿轮」×1","器械回旋镖DX"
"676","触手の大自然おさかなメラン","武器","232","金币：480；材料：武器 ID 671「大自然のおさかなブーメラン＋＋」×1；物品 ID 202「巻き付く触手」×1","金币：480；材料：武器 ID 671「大自然鱼回旋镖++」×1；物品 ID 202「缠绕的触手」×1","触手的大自然鱼回旋镖"
"677","サンダーホークアイ","武器","258","金币：510；材料：武器 ID 675「ホークアイ」×1；物品 ID 60「黄雷石」×1","金币：510；材料：武器 ID 675「鹰眼」×1；物品 ID 60「黄雷石」×1","雷鹰眼"
"680","毒触手自然おさかなメラン","武器","298","金币：780；材料：武器 ID 676「触手の大自然おさかなメラン」×1；物品 ID 217「猛毒の針」×1","金币：780；材料：武器 ID 676「触手的大自然鱼回旋镖」×1；物品 ID 217「猛毒的针」×1","毒触手自然鱼回旋镖"
"681","ライジングサン・マキナ","武器","321","金币：870；材料：武器 ID 673「マキナブーメランDX」×1；武器 ID 679「ライジングサン」×1；物品 ID 219「魔導の歯車」×1","金币：870；材料：武器 ID 673「器械回旋镖DX」×1；武器 ID 679「升阳」×1；物品 ID 219「魔导齿轮」×1","升阳・器械"
"684","森羅万象おさかなメラン","武器","371","金币：1350；材料：武器 ID 680「毒触手自然おさかなメラン」×1；物品 ID 229「精霊のどんぐり」×1","金币：1350；材料：武器 ID 680「毒触手自然鱼回旋镖」×1；物品 ID 229「精灵的橡果」×1","森罗万象鱼回旋镖"
"686","灼熱のブーメラン","武器","428","金币：1600；材料：武器 ID 672「竜炎のブーメラン」×1；物品 ID 53「赤熱紅炎石」×1","金币：1600；材料：武器 ID 672「龙炎回旋镖」×1；物品 ID 53「赤热红炎石」×1","灼热回旋镖"
"687","エンジェルおさかなメラン","武器","447","金币：1800；材料：武器 ID 684「森羅万象おさかなメラン」×1；物品 ID 241「天使の羽根」×1","金币：1800；材料：武器 ID 684「森罗万象鱼回旋镖」×1；物品 ID 241「天使的羽毛」×1","天使鱼回旋镖"
"690","彗星のブーメラン","武器","488","金币：8200；材料：武器 ID 689「流星のブーメラン」×1；物品 ID 248「えるえるゼリー」×1","金币：8200；材料：武器 ID 689「流星制回旋镖」×1；物品 ID 248「咕噜咕噜果冻」×1","彗星回旋镖"
"691","フレイムエッジ","武器","489","金币：8200；材料：武器 ID 683「スラッシュエッジ」×1；武器 ID 686「灼熱のブーメラン」×1；物品 ID 244「覇獣の爪」×1","金币：8200；材料：武器 ID 683「斩击刃」×1；武器 ID 686「灼热回旋镖」×1；物品 ID 244「霸兽的爪子」×1","火焰刃"
"694","華の彗星","武器","547","金币：11000；材料：武器 ID 690「彗星のブーメラン」×1；物品 ID 257「偉大なる花びら」×1","金币：11000；材料：武器 ID 690「彗星回旋镖」×1；物品 ID 257「伟大的花瓣」×1","华丽的彗星"
"695","ジェティルおさかなメラン","武器","548","金币：11000；材料：武器 ID 687「エンジェルおさかなメラン」×1；物品 ID 258「メルティゼリー」×1","金币：11000；材料：武器 ID 687「天使鱼回旋镖」×1；物品 ID 258「甜蜜果冻」×1","外邦人鱼回旋镖"
"697","神光のスダルサナ","武器","629","金币：13400；材料：武器 ID 692「スダルサナ」×1；物品 ID 262「神々しい花びら」×1","金币：13400；材料：武器 ID 692「善见神轮」×1；物品 ID 262「神圣花瓣」×1","神光的善见神轮"
"701","鉄の鉄球改","武器","29","金币：60；材料：武器 ID 700「鉄の鉄球」×1；物品 ID 167「硬い針」×1","金币：60；材料：武器 ID 700「铁制铁球」×1；物品 ID 167「硬针」×1","铁制铁球改"
"703","大地の鉄球","武器","76","金币：150；材料：武器 ID 702「金の鉄球」×1；物品 ID 67「土石」×1","金币：150；材料：武器 ID 702「金制铁球」×1；物品 ID 67「土石」×1","大地铁球"
"704","大地の鉄球改","武器","128","金币：200；材料：武器 ID 703「大地の鉄球」×1；物品 ID 184「キメラ細胞」×1","金币：200；材料：武器 ID 703「大地铁球」×1；物品 ID 184「奇美拉细胞」×1","大地铁球改"
"706","猛牛の鉄球","武器","162","金币：400；材料：武器 ID 705「ミスリルの鉄球」×1；物品 ID 189「猛牛の角」×1","金币：400；材料：武器 ID 705「秘银制铁球」×1；物品 ID 189「猛牛之角」×1","猛牛铁球"
"707","小鬼の鉄球","武器","194","金币：500；材料：武器 ID 706「猛牛の鉄球」×1；物品 ID 196「小鬼の角」×1","金币：500；材料：武器 ID 706「猛牛铁球」×1；物品 ID 196「小鬼之角」×1","小鬼铁球"
"709","クリスタルフレイル・アクア","武器","233","金币：430；材料：武器 ID 708「クリスタルフレイル」×1；物品 ID 72「青水石」×1","金币：430；材料：武器 ID 708「水晶铁球」×1；物品 ID 72「青水石」×1","水晶铁球・水"
"710","クリスタルフレイル・サンダー","武器","259","金币：430；材料：武器 ID 708「クリスタルフレイル」×1；物品 ID 60「黄雷石」×1","金币：430；材料：武器 ID 708「水晶铁球」×1；物品 ID 60「黄雷石」×1","水晶铁球・雷"
"712","鬼神鉄球","武器","299","金币：850；材料：武器 ID 707「小鬼の鉄球」×1；物品 ID 215「鬼の角」×1","金币：850；材料：武器 ID 707「小鬼铁球」×1；物品 ID 215「鬼之角」×1","鬼神铁球"
"713","メデューサの鉄球","武器","322","金币：1000；材料：武器 ID 711「竜鱗の鉄球」×1；物品 ID 220「メデューサの蛇」×1","金币：1000；材料：武器 ID 711「龙鳞制铁球」×1；物品 ID 220「美杜莎的蛇」×1","美杜莎铁球"
"716","獣神の鉄球","武器","429","金币：2500；材料：武器 ID 712「鬼神鉄球」×1；物品 ID 238「狂獣の爪」×1","金币：2500；材料：武器 ID 712「鬼神铁球」×1；物品 ID 238「狂兽的爪子」×1","兽神铁球"
"719","覇獣の鉄球","武器","490","金币：9900；材料：武器 ID 716「獣神の鉄球」×1；物品 ID 244「覇獣の爪」×1","金币：9900；材料：武器 ID 716「兽神铁球」×1；物品 ID 244「霸兽的爪子」×1","霸兽铁球"
"722","国崩し","武器","631","金币：15200；材料：武器 ID 720「破城鉄球」×1；物品 ID 267「極竜の牙」×1","金币：15200；材料：武器 ID 720「破城铁球」×1；物品 ID 267「极龙之牙」×1","国崩"
"723","破天鉄球","武器","630","金币：15200；材料：武器 ID 720「破城鉄球」×1；物品 ID 263「神物の破片」×1","金币：15200；材料：武器 ID 720「破城铁球」×1；物品 ID 263「神物碎片」×1","破天铁球"
"728","ゴージャス白羽扇","武器","30","金币：65；材料：武器 ID 727「白羽扇」×1；物品 ID 168「綺麗な羽根」×1","金币：65；材料：武器 ID 727「白羽扇」×1；物品 ID 168「美丽的羽毛」×1","豪华白羽扇"
"730","さざなみの扇","武器","98","金币：99；材料：武器 ID 729「金の扇」×1；物品 ID 71「水石」×1","金币：99；材料：武器 ID 729「金制扇」×1；物品 ID 71「水石」×1","涟漪扇"
"731","三尾扇","武器","99","金币：139；材料：武器 ID 729「金の扇」×1；物品 ID 174「ふわふわしっぽ」×1","金币：139；材料：武器 ID 729「金制扇」×1；物品 ID 174「蓬松尾巴」×1","三尾扇"
"732","淫魔の扇","武器","129","金币：210；材料：武器 ID 729「金の扇」×1；物品 ID 181「淫魔の尻尾」×1","金币：210；材料：武器 ID 729「金制扇」×1；物品 ID 181「淫魔的尾巴」×1","淫魔扇"
"734","ミスリルの扇改","武器","195","金币：370；材料：武器 ID 733「ミスリルの扇」×1；物品 ID 192「不思議な羽根」×1","金币：370；材料：武器 ID 733「秘银制扇」×1；物品 ID 192「不可思议的羽毛」×1","秘银制扇改"
"737","六尾扇","武器","260","金币：420；材料：武器 ID 731「三尾扇」×1；物品 ID 209「ふかふかしっぽ」×1","金币：420；材料：武器 ID 731「三尾扇」×1；物品 ID 209「蓬松的尾巴」×1","六尾扇"
"739","あやかし蛇扇","武器","282","金币：550；材料：武器 ID 738「竜鱗の扇」×1；物品 ID 211「魔性の蛇尾」×1","金币：550；材料：武器 ID 738「龙鳞制扇」×1；物品 ID 211「魔性的蛇尾」×1","妖蛇扇"
"740","暗黒扇","武器","323","金币：630；材料：武器 ID 739「あやかし蛇扇」×1；物品 ID 80「黒闇石」×1","金币：630；材料：武器 ID 739「妖蛇扇」×1；物品 ID 80「黑暗石」×1","暗黑扇"
"742","大波扇","武器","372","金币：1200；材料：武器 ID 741「オリハルコンの扇」×1；物品 ID 226「大海の珊瑚」×1","金币：1200；材料：武器 ID 741「奥利哈钢制扇」×1；物品 ID 226「大海的珊瑚」×1","大浪扇"
"744","精霊の扇","武器","407","金币：1500；材料：武器 ID 743「虹の扇」×1；物品 ID 65「疾風緑風石」×1；物品 ID 69「土流橙土石」×1；物品 ID 73「激流青水石」×1","金币：1500；材料：武器 ID 743「虹制扇」×1；物品 ID 65「疾风绿风石」×1；物品 ID 69「土流橙土石」×1；物品 ID 73「激流青水石」×1","精灵扇"
"748","九尾扇","武器","491","金币：7200；材料：武器 ID 737「六尾扇」×1；物品 ID 242「もふもふしっぽ」×1","金币：7200；材料：武器 ID 737「六尾扇」×1；物品 ID 242「毛绒绒的尾巴」×1","九尾扇"
"750","サバトの扇","武器","522","金币：8000；材料：武器 ID 732「淫魔の扇」×1；物品 ID 251「妖艶なる尻尾」×1","金币：8000；材料：武器 ID 732「淫魔扇」×1；物品 ID 251「妖艳的尾巴」×1","萨巴特扇"
"751","神霊の扇","武器","549","金币：8800；材料：武器 ID 744「精霊の扇」×1；物品 ID 256「恩寵の羽根」×1","金币：8800；材料：武器 ID 744「精灵扇」×1；物品 ID 256「恩宠的羽毛」×1","神灵扇"
"757","蛇包丁","武器","100","金币：150；材料：武器 ID 756「金の包丁」×1；物品 ID 178「ラミアの尾」×1","金币：150；材料：武器 ID 756「金制菜刀」×1；物品 ID 178「拉米亚的尾巴」×1","蛇菜刀"
"759","屍包丁","武器","163","金币：330；材料：武器 ID 758「ミスリルの包丁」×1；物品 ID 185「幽霊の髪」×1","金币：330；材料：武器 ID 758「秘银制菜刀」×1；物品 ID 185「幽灵的头发」×1","尸菜刀"
"761","式神包丁","武器","234","金币：320；材料：武器 ID 760「クリスタルの包丁」×1；物品 ID 203「式紙」×1","金币：320；材料：武器 ID 760「水晶制菜刀」×1；物品 ID 203「式纸」×1","式神菜刀"
"764","鬼神包丁","武器","300","金币：750；材料：武器 ID 763「鬼包丁」×1；物品 ID 215「鬼の角」×1","金币：750；材料：武器 ID 763「鬼菜刀」×1；物品 ID 215「鬼之角」×1","鬼神菜刀"
"767","紅蓮包丁","武器","430","金币：1600；材料：武器 ID 766「虹の包丁」×1；物品 ID 53「赤熱紅炎石」×1","金币：1600；材料：武器 ID 766「虹制菜刀」×1；物品 ID 53「赤热红炎石」×1","红莲菜刀"
"769","魔神包丁","武器","492","金币：7200；材料：武器 ID 764「鬼神包丁」×1；物品 ID 253「カオストロン」×1","金币：7200；材料：武器 ID 764「鬼神菜刀」×1；物品 ID 253「混沌之核」×1","魔神包丁"
"772","神秘の包丁","武器","550","金币：9000；材料：武器 ID 770「不思議な包丁」×1；物品 ID 256「恩寵の羽根」×1","金币：9000；材料：武器 ID 770「神奇包丁」×1；物品 ID 256「恩宠的羽毛」×1","神秘包丁"
"777","妖精のそろばん","武器","54","金币：128；材料：武器 ID 776「金のそろばん」×1；物品 ID 169「不思議などんぐり」×1","金币：128；材料：武器 ID 776「金制算盘」×1；物品 ID 169「不可思议的橡果」×1","妖精算盘"
"778","マキナのそろばん","武器","130","金币：170；材料：武器 ID 776「金のそろばん」×1；物品 ID 183「精巧な歯車」×1","金币：170；材料：武器 ID 776「金制算盘」×1；物品 ID 183「精巧的齿轮」×1","器械的算盘"
"780","マキナのそろばん改","武器","215","金币：220；材料：武器 ID 778「マキナのそろばん」×1；物品 ID 200「理知の歯車」×1","金币：220；材料：武器 ID 778「器械的算盘」×1；物品 ID 200「理智的齿轮」×1","器械的算盘改"
"783","魔法のそろばん改","武器","261","金币：240；材料：武器 ID 781「魔法のそろばん」×1；物品 ID 208「マジカルエキス」×1","金币：240；材料：武器 ID 781「魔法算盘」×1；物品 ID 208「魔法精华」×1","魔法算盘改"
"785","闇商人のそろばん","武器","324","金币：450；材料：武器 ID 784「竜鱗のそろばん」×1；物品 ID 80「黒闇石」×1","金币：450；材料：武器 ID 784「龙鳞制算盘」×1；物品 ID 80「黑暗石」×1","暗商人的算盘"
"790","守護天使のそろばん","武器","448","金币：2400；材料：武器 ID 788「正義のそろばん」×1；物品 ID 241「天使の羽根」×1","金币：2400；材料：武器 ID 788「正义算盘」×1；物品 ID 241「天使的羽毛」×1","守护天使算盘"
"791","守護神のそろばん","武器","517","金币：5300；材料：武器 ID 790「守護天使のそろばん」×1；物品 ID 249「奇跡の卵」×1","金币：5300；材料：武器 ID 790「守护天使算盘」×1；物品 ID 249「奇迹的蛋」×1","守护神算盘"
"794","闇夜のそろばん","武器","551","金币：7000；材料：武器 ID 792「魔性のそろばん」×1；物品 ID 254「強靱なる蛇尾」×1","金币：7000；材料：武器 ID 792「魔性算盘」×1；物品 ID 254「坚韧的蛇尾」×1","暗夜算盘"
"799","ダークストーカー","武器","77","金币：104；材料：武器 ID 798「金のメス」×1；物品 ID 79「闇石」×1","金币：104；材料：武器 ID 798「金制手术刀」×1；物品 ID 79「暗石」×1","暗影追踪者"
"802","サージャンブレイドα","武器","196","金币：380；材料：武器 ID 800「サージャンブレイド」×1；物品 ID 194「鋭い牙」×1","金币：380；材料：武器 ID 800「外科手术刀」×1；物品 ID 194「尖牙」×1","外科手术刀α"
"803","サージャンブレイドβ","武器","216","金币：550；材料：武器 ID 802「サージャンブレイドα」×1；物品 ID 199「ドグマ細胞」×1","金币：550；材料：武器 ID 802「外科手术刀α」×1；物品 ID 199「教义细胞」×1","外科手术刀β"
"806","マジカルメス","武器","262","金币：400；材料：武器 ID 804「クリスタルのメス」×1；物品 ID 208「マジカルエキス」×1","金币：400；材料：武器 ID 804「水晶制手术刀」×1；物品 ID 208「魔法精华」×1","魔法手术刀"
"808","サージャンブレイドγ","武器","301","金币：640；材料：武器 ID 803「サージャンブレイドβ」×1；物品 ID 217「猛毒の針」×1","金币：640；材料：武器 ID 803「外科手术刀β」×1；物品 ID 217「猛毒的针」×1","外科手术刀γ"
"812","サージャンブレイド・イリス","武器","373","金币：1600；材料：武器 ID 808「サージャンブレイドγ」×1；物品 ID 225「イリス細胞」×1","金币：1600；材料：武器 ID 808「外科手术刀γ」×1；物品 ID 225「伊莉丝细胞」×1","外科手术刀・伊莉丝"
"814","サージャンブレイド・イデア","武器","449","金币：2500；材料：武器 ID 812「サージャンブレイド・イリス」×1；物品 ID 240「イデア細胞」×1","金币：2500；材料：武器 ID 812「外科手术刀・伊莉丝」×1；物品 ID 240「伊迪亚细胞」×1","外科手术刀・伊迪亚"
"816","仙樹の医刀","武器","552","金币：9300；材料：武器 ID 810「華佗の医刀」×1；物品 ID 257「偉大なる花びら」×1","金币：9300；材料：武器 ID 810「华佗的医刀」×1；物品 ID 257「伟大的花瓣」×1","仙树的医刀"
"818","世界樹の医刀","武器","637","金币：10800；材料：武器 ID 816「仙樹の医刀」×1；物品 ID 262「神々しい花びら」×1","金币：10800；材料：武器 ID 816「仙树的医刀」×1；物品 ID 262「神圣花瓣」×1","世界树的医刀"
"819","マッドサイエンティスト","武器","638","金币：10800；材料：武器 ID 817「科学者のメス」×1；物品 ID 265「ナノ歯車」×1","金币：10800；材料：武器 ID 817「科学家的手术刀」×1；物品 ID 265「纳米齿轮」×1","疯狂科学家"
"825","黒のカード","武器","78","金币：140；材料：武器 ID 824「ゴールドカード」×1；物品 ID 79「闇石」×1","金币：140；材料：武器 ID 824「黄金卡牌」×1；物品 ID 79「暗石」×1","黑卡牌"
"826","白のカード","武器","131","金币：160；材料：武器 ID 824「ゴールドカード」×1；物品 ID 75「聖石」×1","金币：160；材料：武器 ID 824「黄金卡牌」×1；物品 ID 75「圣石」×1","白卡牌"
"828","ゾンビカード","武器","164","金币：410；材料：武器 ID 827「ミスリルカード」×1；物品 ID 186「ゾンビパウダー」×1","金币：410；材料：武器 ID 827「秘银卡牌」×1；物品 ID 186「僵尸粉」×1","僵尸卡牌"
"830","式神札","武器","235","金币：320；材料：武器 ID 829「クリスタルカード」×1；物品 ID 203「式紙」×1","金币：320；材料：武器 ID 829「水晶卡牌」×1；物品 ID 203「式纸」×1","式神符"
"833","死者のタロット","武器","325","金币：720；材料：武器 ID 832「神秘のタロット」×1；物品 ID 221「ネクロパウダー」×1","金币：720；材料：武器 ID 832「神秘塔罗」×1；物品 ID 221「死灵粉末」×1","死者塔罗"
"838","陰陽式神札","武器","493","金币：7400；材料：武器 ID 830「式神札」×1；物品 ID 250「神代紙」×1","金币：7400；材料：武器 ID 830「式神符」×1；物品 ID 250「神代纸」×1","阴阳式神札"
"840","純白のカード","武器","554","金币：9000；材料：武器 ID 826「白のカード」×1；物品 ID 258「メルティゼリー」×1","金币：9000；材料：武器 ID 826「白卡牌」×1；物品 ID 258「甜蜜果冻」×1","纯白卡牌"
"841","漆黒のカード","武器","553","金币：9000；材料：武器 ID 825「黒のカード」×1；物品 ID 254「強靱なる蛇尾」×1","金币：9000；材料：武器 ID 825「黑卡牌」×1；物品 ID 254「坚韧的蛇尾」×1","漆黑卡牌"
"847","狐皿","武器","101","金币：107；材料：武器 ID 846「金の皿」×1；物品 ID 174「ふわふわしっぽ」×1","金币：107；材料：武器 ID 846「金制盘」×1；物品 ID 174「蓬松尾巴」×1","狐盘"
"848","魅惑の皿","武器","132","金币：200；材料：武器 ID 846「金の皿」×1；物品 ID 181「淫魔の尻尾」×1","金币：200；材料：武器 ID 846「金制盘」×1；物品 ID 181「淫魔的尾巴」×1","魅惑之盘"
"850","スキュラメイドの皿","武器","197","金币：450；材料：武器 ID 849「ミスリルの皿」×1；物品 ID 190「スキュラの触手」×1","金币：450；材料：武器 ID 849「秘银制盘」×1；物品 ID 190「斯库拉的触手」×1","斯库拉女仆盘"
"852","三花皿","武器","263","金币：350；材料：武器 ID 848「魅惑の皿」×1；物品 ID 205「アルラウネの花」×1","金币：350；材料：武器 ID 848「魅惑之盘」×1；物品 ID 205「阿娜温的花」×1","三花盘"
"854","河童の皿","武器","283","金币：550；材料：武器 ID 853「竜鱗の皿」×1；物品 ID 212「河童の皿」×1","金币：550；材料：武器 ID 853「龙鳞制盘」×1；物品 ID 212「河童之盘」×1","河童之盘"
"856","メデューサの皿","武器","326","金币：810；材料：武器 ID 855「豊穣の皿」×1；物品 ID 220「メデューサの蛇」×1","金币：810；材料：武器 ID 855「丰收之盘」×1；物品 ID 220「美杜莎的蛇」×1","美杜莎盘"
"859","サロメの妖花皿","武器","374","金币：1280；材料：武器 ID 858「サロメの皿」×1；物品 ID 232「艶めかしい花びら」×1","金币：1280；材料：武器 ID 858「撒罗默之盘」×1；物品 ID 232「艳丽的花瓣」×1","撒罗默妖花盘"
"865","淫靡触手皿","武器","555","金币：9500；材料：武器 ID 850「スキュラメイドの皿」×1；物品 ID 255「昂ぶる触手」×1","金币：9500；材料：武器 ID 850「斯库拉女仆盘」×1；物品 ID 255「昂扬的触手」×1","淫靡触手盘"
"869","司教法典改","武器","102","金币：120；材料：武器 ID 868「司教法典」×1；物品 ID 176「頑丈な貝殻」×1","金币：120；材料：武器 ID 868「主教法典」×1；物品 ID 176「坚固的贝壳」×1","司教法典改"
"871","魔導辞書改","武器","133","金币：220；材料：武器 ID 870「魔導辞書」×1；物品 ID 180「貴重な羊皮紙」×1","金币：220；材料：武器 ID 870「魔导辞典」×1；物品 ID 180「珍贵的羊皮纸」×1","魔导辞典改"
"872","魔導辞書・呪言","武器","165","金币：330；材料：武器 ID 871「魔導辞書改」×1；物品 ID 185「幽霊の髪」×1","金币：330；材料：武器 ID 871「魔导辞典改」×1；物品 ID 185「幽灵的头发」×1","魔导辞典・咒言"
"873","魔導辞書・大地編","武器","217","金币：440；材料：武器 ID 872「魔導辞書・呪言」×1；物品 ID 68「橙土石」×1","金币：440；材料：武器 ID 872「魔导辞典・咒言」×1；物品 ID 68「橙土石」×1","魔导辞典・大地篇"
"875","精霊の書・弐式","武器","236","金币：300；材料：武器 ID 874「精霊の書」×1；物品 ID 203「式紙」×1","金币：300；材料：武器 ID 874「精灵之书」×1；物品 ID 203「式纸」×1","精灵之书・贰式"
"877","ヴォイニッチ・セクタ","武器","302","金币：550；材料：武器 ID 876「ヴォイニッチ写本」×1；物品 ID 214「魔虫の羽根」×1","金币：550；材料：武器 ID 876「伏尼契手稿」×1；物品 ID 214「魔虫之羽」×1","伏尼契・塞克塔"
"879","レメゲトン・フレア","武器","344","金币：920；材料：武器 ID 878「レメゲトン」×1；物品 ID 52「紅炎石」×1","金币：920；材料：武器 ID 878「雷梅格顿」×1；物品 ID 52「红炎石」×1","雷梅格顿・弗雷尔"
"881","ネクロノミコン・エレメント","武器","408","金币：1600；材料：武器 ID 880「ネクロノミコン」×1；物品 ID 65「疾風緑風石」×1；物品 ID 69「土流橙土石」×1；物品 ID 73「激流青水石」×1","金币：1600；材料：武器 ID 880「死灵之书」×1；物品 ID 65「疾风绿风石」×1；物品 ID 69「土流橙土石」×1；物品 ID 73「激流青水石」×1","死灵之书・元素"
"882","ネクロノミコン・トリニティ","武器","450","金币：1800；材料：武器 ID 881「ネクロノミコン・エレメント」×1；物品 ID 53「赤熱紅炎石」×1；物品 ID 57「凍結蒼氷石」×1；物品 ID 61「電光黄雷石」×1","金币：1800；材料：武器 ID 881「死灵之书・元素」×1；物品 ID 53「赤热红炎石」×1；物品 ID 57「冻结苍冰石」×1；物品 ID 61「电光黄雷石」×1","死灵之书・三位一体"
"884","シックスセンス","武器","494","金币：7800；材料：武器 ID 882「ネクロノミコン・トリニティ」×1；物品 ID 253「カオストロン」×1","金币：7800；材料：武器 ID 882「死灵之书・三位一体」×1；物品 ID 253「混沌之核」×1","六感"
"890","マスケット改","武器","55","金币：150；材料：武器 ID 889「マスケット」×1；物品 ID 172「混沌の欠片」×1","金币：150；材料：武器 ID 889「滑膛枪」×1；物品 ID 172「混沌的碎片」×1","滑膛枪改"
"893","マスケット改＋","武器","134","金币：340；材料：武器 ID 890「マスケット改」×1；物品 ID 183「精巧な歯車」×1","金币：340；材料：武器 ID 890「滑膛枪改」×1；物品 ID 183「精巧的齿轮」×1","滑膛枪改装版＋"
"895","ガーランド・エア","武器","166","金币：510；材料：武器 ID 894「ガーランド」×1；物品 ID 64「緑風石」×1","金币：510；材料：武器 ID 894「加兰德」×1；物品 ID 64「绿风石」×1","加兰德・风"
"898","マスケット改＋＋","武器","218","金币：730；材料：武器 ID 893「マスケット改＋」×1；物品 ID 200「理知の歯車」×1","金币：730；材料：武器 ID 893「滑膛枪改装版＋」×1；物品 ID 200「理智的齿轮」×1","滑膛枪改装版＋＋"
"902","マジカルマスケット","武器","264","金币：2000；材料：武器 ID 898「マスケット改＋＋」×1；物品 ID 208「マジカルエキス」×1","金币：2000；材料：武器 ID 898「滑膛枪改装版＋＋」×1；物品 ID 208「魔法精华」×1","魔法滑膛枪"
"903","アンギルステアー","武器","303","金币：2500；材料：武器 ID 901「ステアー」×1；物品 ID 76「白聖石」×1","金币：2500；材料：武器 ID 901「斯特尔」×1；物品 ID 76「白圣石」×1","安吉尔斯泰尔"
"905","ミラクルマスケット","武器","327","金币：4200；材料：武器 ID 902「マジカルマスケット」×1；物品 ID 219「魔導の歯車」×1","金币：4200；材料：武器 ID 902「魔法滑膛枪」×1；物品 ID 219「魔导齿轮」×1","奇迹滑膛枪"
"906","ブレイズペナルティ","武器","345","金币：4400；材料：武器 ID 904「デスペナルティ」×1；物品 ID 52「紅炎石」×1","金币：4400；材料：武器 ID 904「死亡惩罚」×1；物品 ID 52「红炎石」×1","烈焰惩罚"
"907","魔法少女のマスケット","武器","375","金币：4600；材料：武器 ID 905「ミラクルマスケット」×1；物品 ID 233「傀儡歯車」×1","金币：4600；材料：武器 ID 905「奇迹滑膛枪」×1；物品 ID 233「傀儡齿轮」×1","魔法少女的滑膛枪"
"910","魔女のマスケット","武器","451","金币：8500；材料：武器 ID 907「魔法少女のマスケット」×1；物品 ID 240「イデア細胞」×1","金币：8500；材料：武器 ID 907「魔法少女的滑膛枪」×1；物品 ID 240「伊迪亚细胞」×1","魔女的滑膛枪"
"912","禁断の魔銃","武器","512","金币：16000；材料：武器 ID 911「魔弾の射手」×1；物品 ID 253「カオストロン」×1","金币：16000；材料：武器 ID 911「魔弹射手」×1；物品 ID 253「混沌之核」×1","禁忌魔铳"
"913","ジブリール・バースト","武器","559","金币：20000；材料：武器 ID 909「ジブリール」×1；物品 ID 260「超力の結晶」×1","金币：20000；材料：武器 ID 909「吉普莉露」×1；物品 ID 260「超力结晶」×1","吉普莉露・爆发"
"914","アークドラグーン","武器","558","金币：20000；材料：武器 ID 908「リーサルドラグーン」×1；物品 ID 254「強靱なる蛇尾」×1","金币：20000；材料：武器 ID 908「致命龙骑兵」×1；物品 ID 254「坚韧的蛇尾」×1","弧光龙卷"
"917","ジブリール・ノルン","武器","643","金币：24000；材料：武器 ID 913「ジブリール・バースト」×1；物品 ID 271「天空の羽根」×1","金币：24000；材料：武器 ID 913「吉普莉露・爆发」×1；物品 ID 271「天空之羽」×1","吉普莉露・诺恩"
"920","フェザーハンド","武器","31","金币：88；材料：武器 ID 919「サキュバスハンド」×1；物品 ID 168「綺麗な羽根」×1","金币：88；材料：武器 ID 919「魅魔之手」×1；物品 ID 168「美丽的羽毛」×1","羽翼之手"
"922","テンタクルハンド","武器","135","金币：250；材料：武器 ID 919「サキュバスハンド」×1；物品 ID 179「あやしい触手」×1","金币：250；材料：武器 ID 919「魅魔之手」×1；物品 ID 179「诡异的触手」×1","触手之手"
"923","クリーチャーホール","武器","219","金币：550；材料：武器 ID 922「テンタクルハンド」×1；物品 ID 199「ドグマ細胞」×1","金币：550；材料：武器 ID 922「触手之手」×1；物品 ID 199「教义细胞」×1","生物孔"
"924","快楽の妖花","武器","265","金币：440；材料：武器 ID 923「クリーチャーホール」×1；物品 ID 205「アルラウネの花」×1","金币：440；材料：武器 ID 923「生物孔」×1；物品 ID 205「阿娜温的花」×1","快乐妖花"
"925","淫蛇掌","武器","284","金币：540；材料：武器 ID 924「快楽の妖花」×1；物品 ID 211「魔性の蛇尾」×1","金币：540；材料：武器 ID 924「快乐妖花」×1；物品 ID 211「魔性的蛇尾」×1","淫蛇掌"
"926","ゼラチナスハンド","武器","328","金币：680；材料：武器 ID 925「淫蛇掌」×1；物品 ID 218「ぐにゅぐにゅゼリー」×1","金币：680；材料：武器 ID 925「淫蛇掌」×1；物品 ID 218「咕啾咕啾的果冻」×1","粘液手"
"927","メデューサハンド","武器","346","金币：870；材料：武器 ID 926「ゼラチナスハンド」×1；物品 ID 220「メデューサの蛇」×1","金币：870；材料：武器 ID 926「粘液手」×1；物品 ID 220「美杜莎的蛇」×1","美杜莎之手"
"928","ドレインテイル","武器","376","金币：1800；材料：武器 ID 927「メデューサハンド」×1；物品 ID 232「艶めかしい花びら」×1","金币：1800；材料：武器 ID 927「美杜莎之手」×1；物品 ID 232「艳丽的花瓣」×1","吸精尾"
"929","メカニカルハンド","武器","377","金币：2400；材料：武器 ID 928「ドレインテイル」×1；物品 ID 233「傀儡歯車」×1","金币：2400；材料：武器 ID 928「吸精尾」×1；物品 ID 233「傀儡齿轮」×1","机械手"
"931","もふもふハンド","武器","495","金币：9300；材料：武器 ID 929「メカニカルハンド」×1；物品 ID 242「もふもふしっぽ」×1","金币：9300；材料：武器 ID 929「机械手」×1；物品 ID 242「毛绒绒的尾巴」×1","毛茸茸手"
"932","昇天坩堝","武器","523","金币：9800；材料：武器 ID 921「天女の乳房」×1；物品 ID 251「妖艶なる尻尾」×1","金币：9800；材料：武器 ID 921「天女的乳房」×1；物品 ID 251「妖艳的尾巴」×1","升天坩埚"
"933","イーチテンタクル","武器","560","金币：11700；材料：武器 ID 931「もふもふハンド」×1；物品 ID 255「昂ぶる触手」×1","金币：11700；材料：武器 ID 931「毛茸茸手」×1；物品 ID 255「昂扬的触手」×1","一触手"
"934","メルトメカニカル","武器","674","金币：14000；材料：武器 ID 933「イーチテンタクル」×1；物品 ID 265「ナノ歯車」×1","金币：14000；材料：武器 ID 933「一触手」×1；物品 ID 265「纳米齿轮」×1","熔化机械"
"936","神々の妖花","武器","732","金币：16000；材料：武器 ID 934「メルトメカニカル」×1；物品 ID 262「神々しい花びら」×1","金币：16000；材料：武器 ID 934「熔化机械」×1；物品 ID 262「神圣花瓣」×1","众神的妖花"
"4081","高出力電磁ブレード","武器","757","金币：12000；材料：武器 ID 41「電磁ブレード」×1；物品 ID 267「極竜の牙」×1","金币：12000；材料：武器 ID 41「电磁刀」×1；物品 ID 267「极龙之牙」×1","高输出电磁刀片"
"4085","フレイダガー・ホムラ","武器","764","金币：14500；材料：武器 ID 31「フレイダガー」×1；物品 ID 275「最後の竜牙」×1","金币：14500；材料：武器 ID 31「弗雷匕首」×1；物品 ID 275「最终之龙牙」×1","弗雷匕首・焰"
"4086","フレイヤダガー・シヴァ","武器","765","金币：14500；材料：武器 ID 32「フレイヤダガー」×1；物品 ID 284「シヴァの髪」×1","金币：14500；材料：武器 ID 32「芙蕾雅匕首」×1；物品 ID 284「湿婆的头发」×1","芙蕾雅匕首・湿婆"
"4087","月下吸血姫","武器","766","金币：14500；材料：武器 ID 4082「ムーンナイフ」×1；物品 ID 281「最後の結晶」×1","金币：14500；材料：武器 ID 4082「月之小刀」×1；物品 ID 281「最终之结晶」×1","月下吸血姬"
"4091","熱風剣ドラグネスウィンド","武器","918","金币：19500；材料：武器 ID 40「ドラゴンウィンド」×1；物品 ID 2「高級薬草」×1","金币：19500；材料：武器 ID 40「龙卷风」×1；物品 ID 2「高级药草」×1","热风剑德拉格尼斯风"
"4091","熱風剣ドラグネスウィンド","武器","2000","金币：19500；材料：武器 ID 40「ドラゴンウィンド」×1；物品 ID 821「神の涙石」×1","金币：19500；材料：武器 ID 40「龙卷风」×1；物品 ID 821「神的泪石」×1","热风剑德拉格尼斯风"
"4092","義賊の宝剣","武器","950","金币：21000；材料：武器 ID 38「トリックスターナイフ」×1；物品 ID 2「高級薬草」×1","金币：21000；材料：武器 ID 38「诡计之星小刀」×1；物品 ID 2「高级药草」×1","义贼的宝剑"
"4092","義賊の宝剣","武器","2032","金币：21000；材料：武器 ID 38「トリックスターナイフ」×1；物品 ID 829「蒼天の羽根」×1","金币：21000；材料：武器 ID 38「诡计之星小刀」×1；物品 ID 829「苍天的羽毛」×1","义贼的宝剑"
"4093","誘惑剣アシュモラ","武器","985","金币：22000；材料：武器 ID 43「神々の誘惑」×1；物品 ID 2「高級薬草」×1","金币：22000；材料：武器 ID 43「神明的诱惑」×1；物品 ID 2「高级药草」×1","诱惑剑阿什莫拉"
"4093","誘惑剣アシュモラ","武器","2067","金币：22000；材料：武器 ID 43「神々の誘惑」×1；物品 ID 836「偏在兎」×1","金币：22000；材料：武器 ID 43「神明的诱惑」×1；物品 ID 836「偏在兔」×1","诱惑剑阿什莫拉"
"4095","エンドオブアサシン","武器","1046","金币：27000；材料：武器 ID 44「アサシンロード」×1；物品 ID 2「高級薬草」×1","金币：27000；材料：武器 ID 44「刺客主宰」×1；物品 ID 2「高级药草」×1","暗杀者之终"
"4095","エンドオブアサシン","武器","2128","金币：27000；材料：武器 ID 44「アサシンロード」×1；物品 ID 843「終焉の結晶」×1","金币：27000；材料：武器 ID 44「刺客主宰」×1；物品 ID 843「终焉的结晶」×1","暗杀者之终"
"4096","夜の女王","武器","1080","金币：28800；材料：武器 ID 4087「月下吸血姫」×1；物品 ID 2「高級薬草」×1","金币：28800；材料：武器 ID 4087「月下吸血姬」×1；物品 ID 2「高级药草」×1","夜之女王"
"4096","夜の女王","武器","2162","金币：28800；材料：武器 ID 4087「月下吸血姫」×1；物品 ID 850「冥界のパウダー」×1","金币：28800；材料：武器 ID 4087「月下吸血姬」×1；物品 ID 850「冥界的粉末」×1","夜之女王"
"4098","マハーデーヴィー","武器","1112","金币：30800；材料：武器 ID 39「ドルムカーリー」×1；物品 ID 2「高級薬草」×1","金币：30800；材料：武器 ID 39「多尔姆卡里」×1；物品 ID 2「高级药草」×1","玛哈・德维"
"4098","マハーデーヴィー","武器","2194","金币：30800；材料：武器 ID 39「ドルムカーリー」×1；物品 ID 854「集合意識の甲殻」×1","金币：30800；材料：武器 ID 39「多尔姆卡里」×1；物品 ID 854「集合意识的甲壳」×1","玛哈・德维"
"4100","慈悲と裁き","武器","1145","金币：33300；材料：武器 ID 36「慈悲のナイフ」×1；武器 ID 42「裁きのナイフ」×1；物品 ID 2「高級薬草」×1","金币：33300；材料：武器 ID 36「慈悲之小刀」×1；武器 ID 42「裁决之小刀」×1；物品 ID 2「高级药草」×1","慈悲与裁决"
"4100","慈悲と裁き","武器","2227","金币：33300；材料：武器 ID 36「慈悲のナイフ」×1；武器 ID 42「裁きのナイフ」×1；物品 ID 856「不滅の黒片」×1","金币：33300；材料：武器 ID 36「慈悲之小刀」×1；武器 ID 42「裁决之小刀」×1；物品 ID 856「不灭的黑片」×1","慈悲与裁决"
"4101","炎風刃フレイ","武器","1173","金币：35200；材料：武器 ID 4085「フレイダガー・ホムラ」×1；物品 ID 2「高級薬草」×1","金币：35200；材料：武器 ID 4085「弗雷匕首・焰」×1；物品 ID 2「高级药草」×1","炎风刃弗雷"
"4101","炎風刃フレイ","武器","2255","金币：35200；材料：武器 ID 4085「フレイダガー・ホムラ」×1；物品 ID 933「カオスエメラルド」×1","金币：35200；材料：武器 ID 4085「弗雷匕首・焰」×1；物品 ID 933「混沌翡翠」×1","炎风刃弗雷"
"4102","凍水刃フレイヤ","武器","1174","金币：35200；材料：武器 ID 4086「フレイヤダガー・シヴァ」×1；物品 ID 2「高級薬草」×1","金币：35200；材料：武器 ID 4086「芙蕾雅匕首・湿婆」×1；物品 ID 2「高级药草」×1","冻水刃芙蕾雅"
"4102","凍水刃フレイヤ","武器","2256","金币：35200；材料：武器 ID 4086「フレイヤダガー・シヴァ」×1；物品 ID 932「カオストルマリン」×1","金币：35200；材料：武器 ID 4086「芙蕾雅匕首・湿婆」×1；物品 ID 932「混沌电气石」×1","冻水刃芙蕾雅"
"4103","イオンブレード","武器","1216","金币：37500；材料：武器 ID 4081「高出力電磁ブレード」×1；物品 ID 2「高級薬草」×1","金币：37500；材料：武器 ID 4081「高输出电磁刀片」×1；物品 ID 2「高级药草」×1","离子剑"
"4103","イオンブレード","武器","2389","金币：37500；材料：武器 ID 4081「高出力電磁ブレード」×1；物品 ID 866「オメガコア」×1","金币：37500；材料：武器 ID 4081「高输出电磁刀片」×1；物品 ID 866「欧米伽核心」×1","离子剑"
"4105","聖嗣刃エリヤ","武器","1270","金币：39600；材料：武器 ID 4088「エリヤのダガー」×1；物品 ID 2「高級薬草」×1","金币：39600；材料：武器 ID 4088「以利亚之匕首」×1；物品 ID 2「高级药草」×1","圣嗣刃以利亚"
"4105","聖嗣刃エリヤ","武器","2298","金币：39600；材料：武器 ID 4088「エリヤのダガー」×1；物品 ID 936「カオスダイヤモンド」×1","金币：39600；材料：武器 ID 4088「以利亚之匕首」×1；物品 ID 936「混沌钻石」×1","圣嗣刃以利亚"
"4106","凍戯刃ロキ","武器","1271","金币：39600；材料：武器 ID 4089「ロキのダガー」×1；物品 ID 2「高級薬草」×1","金币：39600；材料：武器 ID 4089「洛基之匕首」×1；物品 ID 2「高级药草」×1","冻戏刃洛基"
"4106","凍戯刃ロキ","武器","2299","金币：39600；材料：武器 ID 4089「ロキのダガー」×1；物品 ID 931「カオスアメジスト」×1","金币：39600；材料：武器 ID 4089「洛基之匕首」×1；物品 ID 931「混沌紫水晶」×1","冻戏刃洛基"
"4107","魔閃剣グラム","武器","1319","金币：44400；材料：武器 ID 4097「魔剣グラム」×1；物品 ID 2「高級薬草」×1","金币：44400；材料：武器 ID 4097「魔剑格拉墨」×1；物品 ID 2「高级药草」×1","魔闪剑格拉墨"
"4107","魔閃剣グラム","武器","2363","金币：44000；材料：武器 ID 4097「魔剣グラム」×1；物品 ID 878「カオスマター」×1；物品 ID 881「混沌水銀」×1","金币：44000；材料：武器 ID 4097「魔剑格拉墨」×1；物品 ID 878「混沌物质」×1；物品 ID 881「混沌水银」×1","魔闪剑格拉墨"
"4109","スカイクルセイダー","武器","597","金币：10000；材料：武器 ID 82「グラディエーター」×1；物品 ID 271「天空の羽根」×1","金币：10000；材料：武器 ID 82「剑斗士」×1；物品 ID 271「天空之羽」×1","天空骑士"
"4110","陰陽神剣","武器","687","金币：12000；材料：武器 ID 68「マジカルブレード」×1；物品 ID 262「神々しい花びら」×1","金币：12000；材料：武器 ID 68「魔法之刃」×1；物品 ID 262「神圣花瓣」×1","阴阳神剑"
"4111","魔剣サクバス","武器","688","金币：12000；材料：武器 ID 80「誘惑の魔剣」×1；物品 ID 262「神々しい花びら」×1","金币：12000；材料：武器 ID 80「诱惑之魔剑」×1；物品 ID 262「神圣花瓣」×1","魔剑萨库巴斯"
"4112","堕剣エンジェルハイロウ","武器","913","金币：18000；材料：武器 ID 83「聖剣ハィロウナイト」×1；物品 ID 273「ハインリヒ細胞」×1","金币：18000；材料：武器 ID 83「圣剑光环骑士」×1；物品 ID 273「海因里希细胞」×1","堕剑天使之环"
"4112","堕剣エンジェルハイロウ","武器","3386","金币：18000；材料：武器 ID 4113「廃剣エンジェルハイロウ」×1；物品 ID 877「勇者の魂」×1","金币：18000；材料：武器 ID 4113「废剑天使之环」×1；物品 ID 877「勇者的魂」×1","堕剑天使之环"
"4115","勇者の剣","武器","767","金币：17500；材料：武器 ID 84「立ち向かう者の剣」×1；武器 ID 93「血塗られた騎士剣」×1；物品 ID 273「ハインリヒ細胞」×1","金币：17500；材料：武器 ID 84「对抗者之剑」×1；武器 ID 93「血染的骑士剑」×1；物品 ID 273「海因里希细胞」×1","勇者之剑"
"4118","女神剣ゴッドハイロウ","武器","914","金币：20000；材料：武器 ID 4112「堕剣エンジェルハイロウ」×1；武器 ID 4114「記憶の剣」×1；物品 ID 289「アルファ細胞」×1；物品 ID 290「オメガ細胞」×1","金币：20000；材料：武器 ID 4112「堕剑天使之环」×1；武器 ID 4114「记忆之剑」×1；物品 ID 289「阿尔法细胞」×1；物品 ID 290「欧米伽细胞」×1","女神剑神明之环"
"4120","アークエンハンス","武器","919","金币：22000；材料：武器 ID 79「エンジェルエンハンス」×1；物品 ID 2「高級薬草」×1","金币：22000；材料：武器 ID 79「天使强化剑」×1；物品 ID 2「高级药草」×1","大强化"
"4120","アークエンハンス","武器","2001","金币：22000；材料：武器 ID 79「エンジェルエンハンス」×1；物品 ID 825「ダークマター」×1","金币：22000；材料：武器 ID 79「天使强化剑」×1；物品 ID 825「暗物质」×1","大强化"
"4121","堕剣レムルサクバス","武器","986","金币：25000；材料：武器 ID 4111「魔剣サクバス」×1；物品 ID 2「高級薬草」×1","金币：25000；材料：武器 ID 4111「魔剑萨库巴斯」×1；物品 ID 2「高级药草」×1","堕剑雷姆尔萨库巴斯"
"4121","堕剣レムルサクバス","武器","2068","金币：25000；材料：武器 ID 4111「魔剣サクバス」×1；物品 ID 836「偏在兎」×1","金币：25000；材料：武器 ID 4111「魔剑萨库巴斯」×1；物品 ID 836「偏在兔」×1","堕剑雷姆尔萨库巴斯"
"4122","陰陽五行相剋","武器","1047","金币：30000；材料：武器 ID 4110「陰陽神剣」×1；物品 ID 2「高級薬草」×1","金币：30000；材料：武器 ID 4110「阴阳神剑」×1；物品 ID 2「高级药草」×1","阴阳五行相克"
"4122","陰陽五行相剋","武器","2129","金币：30000；材料：武器 ID 4110「陰陽神剣」×1；物品 ID 845「神獣の爪」×1","金币：30000；材料：武器 ID 4110「阴阳神剑」×1；物品 ID 845「神兽的爪」×1","阴阳五行相克"
"4123","ナイトフライヤ","武器","1113","金币：35000；材料：武器 ID 85「グラディエーター・オズマ」×1；武器 ID 4109「スカイクルセイダー」×1；物品 ID 2「高級薬草」×1","金币：35000；材料：武器 ID 85「剑斗士・奥兹玛」×1；武器 ID 4109「天空骑士」×1；物品 ID 2「高级药草」×1","夜行者"
"4123","ナイトフライヤ","武器","2195","金币：35000；材料：武器 ID 85「グラディエーター・オズマ」×1；武器 ID 4109「スカイクルセイダー」×1；物品 ID 853「メギドの結晶」×1","金币：35000；材料：武器 ID 85「剑斗士・奥兹玛」×1；武器 ID 4109「天空骑士」×1；物品 ID 853「米吉多的结晶」×1","夜行者"
"4124","マスターソード","武器","1175","金币：40000；材料：武器 ID 4115「勇者の剣」×1；物品 ID 2「高級薬草」×1","金币：40000；材料：武器 ID 4115「勇者之剑」×1；物品 ID 2「高级药草」×1","大师之剑"
"4124","マスターソード","武器","2257","金币：40000；材料：武器 ID 4115「勇者の剣」×1；物品 ID 862「栄光の角」×1","金币：40000；材料：武器 ID 4115「勇者之剑」×1；物品 ID 862「荣耀的角」×1","大师之剑"
"4125","不朽剣ジークフリート","武器","1272","金币：45000；材料：武器 ID 4116「ジークフリートの剣」×1；物品 ID 2「高級薬草」×1","金币：45000；材料：武器 ID 4116「齐格弗里德之剑」×1；物品 ID 2「高级药草」×1","不朽剑齐格弗里德"
"4125","不朽剣ジークフリート","武器","2300","金币：45000；材料：武器 ID 4116「ジークフリートの剣」×1；物品 ID 871「次元浸食細胞」×1","金币：45000；材料：武器 ID 4116「齐格弗里德之剑」×1；物品 ID 871「次元浸蚀细胞」×1","不朽剑齐格弗里德"
"4126","天韻剣ヘイムダル","武器","1273","金币：45000；材料：武器 ID 4117「ヘイムダルの剣」×1；物品 ID 2「高級薬草」×1","金币：45000；材料：武器 ID 4117「海姆达尔之剑」×1；物品 ID 2「高级药草」×1","天韵剑海姆达尔"
"4126","天韻剣ヘイムダル","武器","2301","金币：45000；材料：武器 ID 4117「ヘイムダルの剣」×1；物品 ID 872「ヌル細胞」×1","金币：45000；材料：武器 ID 4117「海姆达尔之剑」×1；物品 ID 872「努尔细胞」×1","天韵剑海姆达尔"
"4127","暗黒剣エンドハイロウ","武器","1345","金币：50000；材料：武器 ID 4112「堕剣エンジェルハイロウ」×1；物品 ID 2「高級薬草」×1","金币：50000；材料：武器 ID 4112「堕剑天使之环」×1；物品 ID 2「高级药草」×1","暗黑剑终焉之翼"
"4127","暗黒剣エンドハイロウ","武器","2484","金币：60000；材料：武器 ID 4112「堕剣エンジェルハイロウ」×1；物品 ID 877「勇者の魂」×1","金币：60000；材料：武器 ID 4112「堕剑天使之环」×1；物品 ID 877「勇者的魂」×1","暗黑剑终焉之翼"
"4128","混沌剣カオスハイロウ","武器","1413","金币：80000；材料：武器 ID 4118「女神剣ゴッドハイロウ」×1；武器 ID 4127「暗黒剣エンドハイロウ」×1；物品 ID 2「高級薬草」×1","金币：80000；材料：武器 ID 4118「女神剑神明之环」×1；武器 ID 4127「暗黑剑终焉之翼」×1；物品 ID 2「高级药草」×1","混沌剑混沌之翼"
"4128","混沌剣カオスハイロウ","武器","2490","金币：99900；材料：武器 ID 4118「女神剣ゴッドハイロウ」×1；武器 ID 4127「暗黒剣エンドハイロウ」×1；物品 ID 888「アルテマコア」×1","金币：99900；材料：武器 ID 4118「女神剑神明之环」×1；武器 ID 4127「暗黑剑终焉之翼」×1；物品 ID 888「究极核心」×1","混沌剑混沌之翼"
"4130","無限破壊の剣","武器","689","金币：14000；材料：武器 ID 115「破壊の剣」×1；物品 ID 268「無限細胞」×1","金币：14000；材料：武器 ID 115「破坏之剑」×1；物品 ID 268「无限细胞」×1","无限破坏之剑"
"4135","奇跡の光剣","武器","768","金币：19000；材料：武器 ID 117「奇跡の騎士剣」×1；物品 ID 277「究極の羽根」×1","金币：19000；材料：武器 ID 117「奇迹骑士剑」×1；物品 ID 277「究极之羽」×1","奇迹之光剑"
"4136","草薙の剣・招雪招雷","武器","769","金币：19000；材料：武器 ID 102「草薙の剣」×1；武器 ID 120「吹雪稲妻剣」×1；物品 ID 284「シヴァの髪」×1","金币：19000；材料：武器 ID 102「草薙之剑」×1；武器 ID 120「暴风雪闪电剑」×1；物品 ID 284「湿婆的头发」×1","草薙之剑・招雪招雷"
"4137","はかぶさの剣","武器","770","金币：21000；材料：武器 ID 123「神翼・隼の剣」×1；武器 ID 4130「無限破壊の剣」×1；物品 ID 279「ネクストコア」×1","金币：21000；材料：武器 ID 123「神翼・隼之剑」×1；武器 ID 4130「无限破坏之剑」×1；物品 ID 279「次世代核心」×1","破隼之剑"
"4140","天軍回帰の剣","武器","902","金币：23000；材料：武器 ID 116「天軍の剣」×1；物品 ID 276「ルカ細胞」×1","金币：23000；材料：武器 ID 116「天军之剑」×1；物品 ID 276「鲁卡细胞」×1","天军回归之剑"
"4141","聖剣エクスカリバー","武器","903","金币：23000；材料：武器 ID 118「エクスカリバー」×1；物品 ID 276「ルカ細胞」×1","金币：23000；材料：武器 ID 118「断钢剑」×1；物品 ID 276「鲁卡细胞」×1","圣剑断钢剑"
"4142","アロンダイトディフェンダー","武器","920","金币：24000；材料：武器 ID 113「ドラグネスディフェンダー」×1；武器 ID 122「アロンダイト・オズマ」×1；物品 ID 2「高級薬草」×1","金币：24000；材料：武器 ID 113「龙之力防御者」×1；武器 ID 122「阿隆戴特・奥兹玛」×1；物品 ID 2「高级药草」×1","阿隆戴特防御者"
"4142","アロンダイトディフェンダー","武器","2002","金币：24000；材料：武器 ID 113「ドラグネスディフェンダー」×1；武器 ID 122「アロンダイト・オズマ」×1；物品 ID 824「黙示の羽根」×1","金币：24000；材料：武器 ID 113「龙之力防御者」×1；武器 ID 122「阿隆戴特・奥兹玛」×1；物品 ID 824「启示的羽毛」×1","阿隆戴特防御者"
"4143","エルフィンブリンガー","武器","951","金币：27500；材料：武器 ID 4131「エルフの宝剣」×1；物品 ID 2「高級薬草」×1","金币：27500；材料：武器 ID 4131「精灵的宝剑」×1；物品 ID 2「高级药草」×1","精灵之剑"
"4143","エルフィンブリンガー","武器","2033","金币：27500；材料：武器 ID 4131「エルフの宝剣」×1；物品 ID 830「究極の針」×1","金币：27500；材料：武器 ID 4131「精灵的宝剑」×1；物品 ID 830「究极的针」×1","精灵之剑"
"4145","聖剣エンジェルスター","武器","987","金币：30000；材料：武器 ID 4135「奇跡の光剣」×1；物品 ID 2「高級薬草」×1","金币：30000；材料：武器 ID 4135「奇迹之光剑」×1；物品 ID 2「高级药草」×1","圣剑天使之星"
"4145","聖剣エンジェルスター","武器","2069","金币：30000；材料：武器 ID 4135「奇跡の光剣」×1；物品 ID 836「偏在兎」×1","金币：30000；材料：武器 ID 4135「奇迹之光剑」×1；物品 ID 836「偏在兔」×1","圣剑天使之星"
"4146","魔剣ドラゴンロード","武器","1019","金币：33000；材料：武器 ID 114「ドラゴンロード」×1；物品 ID 2「高級薬草」×1","金币：33000；材料：武器 ID 114「龙之主宰」×1；物品 ID 2「高级药草」×1","魔剑龙之主宰"
"4146","魔剣ドラゴンロード","武器","2101","金币：33000；材料：武器 ID 114「ドラゴンロード」×1；物品 ID 838「魔王の蛇尾」×1","金币：33000；材料：武器 ID 114「龙之主宰」×1；物品 ID 838「魔王的蛇尾」×1","魔剑龙之主宰"
"4148","英雄剣ハインリヒ","武器","1048","金币：36500；材料：武器 ID 112「ハインリヒの剣」×1；武器 ID 4132「ハインリヒ凝結剣」×1；物品 ID 2「高級薬草」×1","金币：36500；材料：武器 ID 112「海因里希之剑」×1；武器 ID 4132「海因里希凝结剑」×1；物品 ID 2「高级药草」×1","英雄剑海因里希"
"4148","英雄剣ハインリヒ","武器","2130","金币：36500；材料：武器 ID 112「ハインリヒの剣」×1；武器 ID 4132「ハインリヒ凝結剣」×1；物品 ID 846「神威の羽根」×1","金币：36500；材料：武器 ID 112「海因里希之剑」×1；武器 ID 4132「海因里希凝结剑」×1；物品 ID 846「神威的羽毛」×1","英雄剑海因里希"
"4149","極・隼の剣","武器","1081","金币：40000；材料：武器 ID 4137「はかぶさの剣」×1；物品 ID 2「高級薬草」×1","金币：40000；材料：武器 ID 4137「破隼之剑」×1；物品 ID 2「高级药草」×1","极・隼之剑"
"4149","極・隼の剣","武器","2163","金币：40000；材料：武器 ID 4137「はかぶさの剣」×1；物品 ID 848「永遠の鱗」×1","金币：40000；材料：武器 ID 4137「破隼之剑」×1；物品 ID 848「永恒的鳞片」×1","极・隼之剑"
"4150","轟天はかぶさ","武器","1082","金币：40000；材料：武器 ID 4137「はかぶさの剣」×1；物品 ID 2「高級薬草」×1","金币：40000；材料：武器 ID 4137「破隼之剑」×1；物品 ID 2「高级药草」×1","轰天羽羽斩"
"4150","轟天はかぶさ","武器","2164","金币：40000；材料：武器 ID 4137「はかぶさの剣」×1；物品 ID 849「悪夢の胞子」×1","金币：40000；材料：武器 ID 4137「破隼之剑」×1；物品 ID 849「恶梦的孢子」×1","轰天羽羽斩"
"4151","獅子王剣","武器","1114","金币：42000；材料：武器 ID 4144「騎士王剣」×1；物品 ID 2「高級薬草」×1","金币：42000；材料：武器 ID 4144「骑士王剑」×1；物品 ID 2「高级药草」×1","狮子王剑"
"4151","獅子王剣","武器","2196","金币：42000；材料：武器 ID 4144「騎士王剣」×1；物品 ID 855「世界樹の花びら」×1","金币：42000；材料：武器 ID 4144「骑士王剑」×1；物品 ID 855「世界树的花瓣」×1","狮子王剑"
"4152","輝鏡剣ペルセウス","武器","1146","金币：45000；材料：武器 ID 121「ペルセウスの輝聖剣」×1；物品 ID 2「高級薬草」×1","金币：45000；材料：武器 ID 121「珀尔修斯的光辉圣剑」×1；物品 ID 2「高级药草」×1","辉镜剑珀尔修斯"
"4152","輝鏡剣ペルセウス","武器","2228","金币：45000；材料：武器 ID 121「ペルセウスの輝聖剣」×1；物品 ID 859「牛魔王の角」×1","金币：45000；材料：武器 ID 121「珀尔修斯的光辉圣剑」×1；物品 ID 859「牛魔王的角」×1","辉镜剑珀尔修斯"
"4154","インフィニティ","武器","1176","金币：48000；材料：武器 ID 4153「名状しがたき剣」×1；物品 ID 2「高級薬草」×1","金币：48000；材料：武器 ID 4153「不可名状之剑」×1；物品 ID 2「高级药草」×1","无限"
"4154","インフィニティ","武器","2258","金币：48000；材料：武器 ID 4153「名状しがたき剣」×1；物品 ID 935「カオスサファイア」×1","金币：48000；材料：武器 ID 4153「不可名状之剑」×1；物品 ID 935「混沌蓝宝石」×1","无限"
"4155","カンナギ","武器","1238","金币：49000；材料：武器 ID 4136「草薙の剣・招雪招雷」×1；物品 ID 2「高級薬草」×1","金币：49000；材料：武器 ID 4136「草薙之剑・招雪招雷」×1；物品 ID 2「高级药草」×1","神薙"
"4155","カンナギ","武器","2347","金币：49000；材料：武器 ID 4136「草薙の剣・招雪招雷」×1；物品 ID 867「古神の依代」×1","金币：49000；材料：武器 ID 4136「草薙之剑・招雪招雷」×1；物品 ID 867「古神的依代」×1","神薙"
"4158","黎明剣ギルガメシュ","武器","1274","金币：54000；材料：武器 ID 4138「ギルガメシュの剣」×1；物品 ID 2「高級薬草」×1","金币：54000；材料：武器 ID 4138「吉尔伽美什之剑」×1；物品 ID 2「高级药草」×1","黎明剑吉尔伽美什"
"4158","黎明剣ギルガメシュ","武器","2302","金币：54000；材料：武器 ID 4138「ギルガメシュの剣」×1；物品 ID 873「テラ甲殻」×1","金币：54000；材料：武器 ID 4138「吉尔伽美什之剑」×1；物品 ID 873「大地甲壳」×1","黎明剑吉尔伽美什"
"4159","万廻剣クロノス","武器","1275","金币：54000；材料：武器 ID 4139「クロノスの剣」×1；物品 ID 2「高級薬草」×1","金币：54000；材料：武器 ID 4139「柯罗诺斯之剑」×1；物品 ID 2「高级药草」×1","万回剑柯罗诺斯"
"4159","万廻剣クロノス","武器","2303","金币：54000；材料：武器 ID 4139「クロノスの剣」×1；物品 ID 869「エキドナの蛇尾」×1","金币：54000；材料：武器 ID 4139「柯罗诺斯之剑」×1；物品 ID 869「厄喀德那的蛇尾」×1","万回剑柯罗诺斯"
"4160","聖皇剣エクスカリバー","武器","1320","金币：60000；材料：武器 ID 4141「聖剣エクスカリバー」×1；物品 ID 2「高級薬草」×1","金币：60000；材料：武器 ID 4141「圣剑断钢剑」×1；物品 ID 2「高级药草」×1","圣皇剑断钢剑"
"4160","聖皇剣エクスカリバー","武器","2364","金币：60000；材料：武器 ID 4141「聖剣エクスカリバー」×1；物品 ID 878「カオスマター」×1；物品 ID 883「ゴッドライト」×1","金币：60000；材料：武器 ID 4141「圣剑断钢剑」×1；物品 ID 878「混沌物质」×1；物品 ID 883「神光」×1","圣皇剑断钢剑"
"4162","最終英雄剣ハインリヒ","武器","1346","金币：65000；材料：武器 ID 4148「英雄剣ハインリヒ」×1；物品 ID 2「高級薬草」×1","金币：65000；材料：武器 ID 4148「英雄剑海因里希」×1；物品 ID 2「高级药草」×1","最终英雄剑海因里希"
"4162","最終英雄剣ハインリヒ","武器","2485","金币：65000；材料：武器 ID 4148「英雄剣ハインリヒ」×1；物品 ID 877「勇者の魂」×1","金币：65000；材料：武器 ID 4148「英雄剑海因里希」×1；物品 ID 877「勇者的魂」×1","最终英雄剑海因里希"
"4163","天軍聖剣","武器","1351","金币：66000；材料：武器 ID 4148「英雄剣ハインリヒ」×1；物品 ID 2「高級薬草」×1","金币：66000；材料：武器 ID 4148「英雄剑海因里希」×1；物品 ID 2「高级药草」×1","天军圣剑"
"4163","天軍聖剣","武器","2410","金币：66000；材料：武器 ID 4140「天軍回帰の剣」×1；物品 ID 885「熾天使の羽根」×1","金币：66000；材料：武器 ID 4140「天军回归之剑」×1；物品 ID 885「炽天使的羽毛」×1","天军圣剑"
"4164","英雄剣イデア・ルカス","武器","1414","金币：66000；材料：武器 ID 4148「英雄剣ハインリヒ」×1；物品 ID 2「高級薬草」×1","金币：66000；材料：武器 ID 4148「英雄剑海因里希」×1；物品 ID 2「高级药草」×1","英雄剑伊迪亚・鲁卡斯"
"4164","英雄剣イデア・ルカス","武器","2491","金币：66000；材料：武器 ID 4148「英雄剣ハインリヒ」×1；物品 ID 888「アルテマコア」×1","金币：66000；材料：武器 ID 4148「英雄剑海因里希」×1；物品 ID 888「究极核心」×1","英雄剑伊迪亚・鲁卡斯"
"4166","斬鉄剣・凶星","武器","772","金币：23000；材料：武器 ID 135「斬鉄剣・魔星」×1；物品 ID 281「最後の結晶」×1","金币：23000；材料：武器 ID 135「斩铁剑・魔星」×1；物品 ID 281「最终之结晶」×1","斩铁剑・凶星"
"4167","グランドタイタス","武器","773","金币：24000；材料：武器 ID 137「タイタスロード」×1；武器 ID 138「タイタスドラグネス」×1；物品 ID 279「ネクストコア」×1","金币：24000；材料：武器 ID 137「泰坦主宰」×1；武器 ID 138「泰坦龙剑」×1；物品 ID 279「次世代核心」×1","大地泰坦"
"4171","聖剣マキシマムタイタス","武器","952","金币：31000；材料：武器 ID 4167「グランドタイタス」×1；物品 ID 2「高級薬草」×1","金币：31000；材料：武器 ID 4167「大地泰坦」×1；物品 ID 2「高级药草」×1","圣剑麦克斯姆泰坦"
"4171","聖剣マキシマムタイタス","武器","2034","金币：31000；材料：武器 ID 4167「グランドタイタス」×1；物品 ID 829「蒼天の羽根」×1","金币：31000；材料：武器 ID 4167「大地泰坦」×1；物品 ID 829「苍天的羽毛」×1","圣剑麦克斯姆泰坦"
"4172","斬鉄剣・星旺","武器","988","金币：35000；材料：武器 ID 4166「斬鉄剣・凶星」×1；物品 ID 2「高級薬草」×1","金币：35000；材料：武器 ID 4166「斩铁剑・凶星」×1；物品 ID 2「高级药草」×1","斩铁剑・星旺"
"4172","斬鉄剣・星旺","武器","2070","金币：35000；材料：武器 ID 4166「斬鉄剣・凶星」×1；物品 ID 836「偏在兎」×1","金币：35000；材料：武器 ID 4166「斩铁剑・凶星」×1；物品 ID 836「偏在兔」×1","斩铁剑・星旺"
"4173","魔剣バスタードオメガ","武器","1049","金币：42000；材料：武器 ID 139「バスタードエンデ」×1；物品 ID 2「高級薬草」×1","金币：42000；材料：武器 ID 139「最终混种剑」×1；物品 ID 2「高级药草」×1","魔剑混种欧米伽"
"4173","魔剣バスタードオメガ","武器","2131","金币：42000；材料：武器 ID 139「バスタードエンデ」×1；物品 ID 843「終焉の結晶」×1","金币：42000；材料：武器 ID 139「最终混种剑」×1；物品 ID 843「终焉的结晶」×1","魔剑混种欧米伽"
"4174","リベリオン","武器","1115","金币：49000；材料：武器 ID 141「終式ゴッドスレイヤー」×1；物品 ID 2「高級薬草」×1","金币：49000；材料：武器 ID 141「终式神杀剑」×1；物品 ID 2「高级药草」×1","叛乱"
"4174","リベリオン","武器","2197","金币：49000；材料：武器 ID 141「終式ゴッドスレイヤー」×1；物品 ID 853「メギドの結晶」×1","金币：49000；材料：武器 ID 141「终式神杀剑」×1；物品 ID 853「米吉多的结晶」×1","叛乱"
"4175","ドレッドノート","武器","1177","金币：56000；材料：武器 ID 156「闇のサーベル」×1；武器 ID 4186「光のサーベル」×1；物品 ID 2「高級薬草」×1","金币：56000；材料：武器 ID 156「暗之佩剑」×1；武器 ID 4186「光之佩剑」×1；物品 ID 2「高级药草」×1","恐惧号"
"4175","ドレッドノート","武器","2259","金币：56000；材料：武器 ID 156「闇のサーベル」×1；武器 ID 4186「光のサーベル」×1；物品 ID 935「カオスサファイア」×1","金币：56000；材料：武器 ID 156「暗之佩剑」×1；武器 ID 4186「光之佩剑」×1；物品 ID 935「混沌蓝宝石」×1","恐惧号"
"4176","斬鉄剣・曙光","武器","1239","金币：62000；材料：武器 ID 4172「斬鉄剣・星旺」×1；物品 ID 2「高級薬草」×1","金币：62000；材料：武器 ID 4172「斩铁剑・星旺」×1；物品 ID 2「高级药草」×1","斩铁剑・曙光"
"4176","斬鉄剣・曙光","武器","2348","金币：62000；材料：武器 ID 4172「斬鉄剣・星旺」×1；物品 ID 867「古神の依代」×1","金币：62000；材料：武器 ID 4172「斩铁剑・星旺」×1；物品 ID 867「古神的依代」×1","斩铁剑・曙光"
"4179","滅神剣シヴァ","武器","1276","金币：63000；材料：武器 ID 4168「巨剣シヴァ」×1；物品 ID 2「高級薬草」×1","金币：63000；材料：武器 ID 4168「巨剑湿婆」×1；物品 ID 2「高级药草」×1","灭神剑湿婆"
"4179","滅神剣シヴァ","武器","2304","金币：63000；材料：武器 ID 4168「巨剣シヴァ」×1；物品 ID 931「カオスアメジスト」×1","金币：63000；材料：武器 ID 4168「巨剑湿婆」×1；物品 ID 931「混沌紫水晶」×1","灭神剑湿婆"
"4180","覇業剣アレス","武器","1277","金币：63000；材料：武器 ID 4169「巨剣アレス」×1；物品 ID 2「高級薬草」×1","金币：63000；材料：武器 ID 4169「巨剑阿瑞斯」×1；物品 ID 2「高级药草」×1","霸业剑阿瑞斯"
"4180","覇業剣アレス","武器","2305","金币：63000；材料：武器 ID 4169「巨剣アレス」×1；物品 ID 930「カオスルビー」×1","金币：63000；材料：武器 ID 4169「巨剑阿瑞斯」×1；物品 ID 930「混沌红宝石」×1","霸业剑阿瑞斯"
"4181","輝熱剣レーヴァテイン","武器","1321","金币：70000；材料：武器 ID 4177「レーヴァテイン」×1；物品 ID 2「高級薬草」×1","金币：70000；材料：武器 ID 4177「莱瓦汀」×1；物品 ID 2「高级药草」×1","辉热剑莱瓦汀"
"4181","輝熱剣レーヴァテイン","武器","2365","金币：70000；材料：武器 ID 4177「レーヴァテイン」×1；物品 ID 878「カオスマター」×1；物品 ID 879「紅蓮の瞳」×1","金币：70000；材料：武器 ID 4177「莱瓦汀」×1；物品 ID 878「混沌物质」×1；物品 ID 879「红莲之瞳」×1","辉热剑莱瓦汀"
"4182","紅星剣クレオ・アドラ","武器","1415","金币：77000；材料：武器 ID 4178「紅剣アドラメレク」×1；物品 ID 2「高級薬草」×1","金币：77000；材料：武器 ID 4178「红剑阿德拉梅莱克」×1；物品 ID 2「高级药草」×1","红星剑克莱奥・阿德拉"
"4182","紅星剣クレオ・アドラ","武器","2492","金币：77000；材料：武器 ID 4178「紅剣アドラメレク」×1；物品 ID 888「アルテマコア」×1","金币：77000；材料：武器 ID 4178「红剑阿德拉梅莱克」×1；物品 ID 888「究极核心」×1","红星剑克莱奥・阿德拉"
"4183","魔神剣リベリオン","武器","1416","金币：80000；材料：武器 ID 4174「リベリオン」×1；物品 ID 2「高級薬草」×1","金币：80000；材料：武器 ID 4174「叛乱」×1；物品 ID 2「高级药草」×1","魔神剑叛逆"
"4183","魔神剣リベリオン","武器","2493","金币：80000；材料：武器 ID 4174「リベリオン」×1；物品 ID 888「アルテマコア」×1","金币：80000；材料：武器 ID 4174「叛乱」×1；物品 ID 888「究极核心」×1","魔神剑叛逆"
"4187","闇華","武器","692","金币：13000；材料：武器 ID 170「千蔦万華」×1；物品 ID 262「神々しい花びら」×1","金币：13000；材料：武器 ID 170「千茑万华」×1；物品 ID 262「神圣花瓣」×1","暗华"
"4188","インフィニティノーブル","武器","693","金币：13000；材料：武器 ID 173「ノーブルレイピア」×1；物品 ID 282「蛭蟲細胞」×1","金币：13000；材料：武器 ID 173「贵族细剑」×1；物品 ID 282「蛭虫细胞」×1","无限贵族"
"4192","闇千兎","武器","774","金币：17000；材料：武器 ID 168「闇の千蛇」×1；物品 ID 272「黒のアリス細胞」×1","金币：17000；材料：武器 ID 168「暗之千蛇」×1；物品 ID 272「黑之爱丽丝细胞」×1","暗千兔"
"4193","幻獣牙剣","武器","775","金币：17000；材料：武器 ID 4189「魔獣牙剣」×1；物品 ID 275「最後の竜牙」×1","金币：17000；材料：武器 ID 4189「魔兽牙剑」×1；物品 ID 275「最终之龙牙」×1","幻兽牙剑"
"4194","三魔轟天","武器","776","金币：18000；材料：武器 ID 169「ライトニング」×1；武器 ID 171「サンフラワー」×1；武器 ID 4185「ダイヤモンドダスト」×1；物品 ID 280「エレメントコア」×1","金币：18000；材料：武器 ID 169「闪电」×1；武器 ID 171「向日葵」×1；武器 ID 4185「钻石星尘」×1；物品 ID 280「元素核心」×1","三魔轰天"
"4197","ブラッディローズ・アリス","武器","887","金币：20000；材料：武器 ID 172「ブラッディローズ」×1；物品 ID 272「黒のアリス細胞」×1","金币：20000；材料：武器 ID 172「血腥蔷薇」×1；物品 ID 272「黑之爱丽丝细胞」×1","血腥蔷薇・爱丽丝"
"4200","ソレイユ","武器","921","金币：23000；材料：武器 ID 175「レッドサン」×1；物品 ID 2「高級薬草」×1","金币：23000；材料：武器 ID 175「红太阳」×1；物品 ID 2「高级药草」×1","曙光"
"4200","ソレイユ","武器","2003","金币：23000；材料：武器 ID 175「レッドサン」×1；物品 ID 824「黙示の羽根」×1","金币：23000；材料：武器 ID 175「红太阳」×1；物品 ID 824「启示的羽毛」×1","曙光"
"4202","闇薔薇","武器","953","金币：25000；材料：武器 ID 4187「闇華」×1；物品 ID 2「高級薬草」×1","金币：25000；材料：武器 ID 4187「暗华」×1；物品 ID 2「高级药草」×1","暗蔷薇"
"4202","闇薔薇","武器","2035","金币：25000；材料：武器 ID 4187「闇華」×1；物品 ID 831「魔界樹の花びら」×1","金币：25000；材料：武器 ID 4187「暗华」×1；物品 ID 831「魔界树的花瓣」×1","暗蔷薇"
"4203","聖竜千鳥","武器","989","金币：27500；材料：武器 ID 167「聖竜のレイピア」×1；武器 ID 174「千鳥」×1；物品 ID 2「高級薬草」×1","金币：27500；材料：武器 ID 167「圣龙细剑」×1；武器 ID 174「千鸟」×1；物品 ID 2「高级药草」×1","圣龙千鸟"
"4203","聖竜千鳥","武器","2071","金币：27500；材料：武器 ID 167「聖竜のレイピア」×1；武器 ID 174「千鳥」×1；物品 ID 836「偏在兎」×1","金币：27500；材料：武器 ID 167「圣龙细剑」×1；武器 ID 174「千鸟」×1；物品 ID 836「偏在兔」×1","圣龙千鸟"
"4204","夢牙","武器","1020","金币：30000；材料：武器 ID 4193「幻獣牙剣」×1；物品 ID 2「高級薬草」×1","金币：30000；材料：武器 ID 4193「幻兽牙剑」×1；物品 ID 2「高级药草」×1","梦牙"
"4204","夢牙","武器","2102","金币：30000；材料：武器 ID 4193「幻獣牙剣」×1；物品 ID 837「神々しい角」×1","金币：30000；材料：武器 ID 4193「幻兽牙剑」×1；物品 ID 837「神圣的角」×1","梦牙"
"4206","三魔滅天","武器","1083","金币：35000；材料：武器 ID 4194「三魔轟天」×1；物品 ID 2「高級薬草」×1","金币：35000；材料：武器 ID 4194「三魔轰天」×1；物品 ID 2「高级药草」×1","三魔灭天"
"4206","三魔滅天","武器","2165","金币：35000；材料：武器 ID 4194「三魔轟天」×1；物品 ID 849「悪夢の胞子」×1","金币：35000；材料：武器 ID 4194「三魔轰天」×1；物品 ID 849「恶梦的孢子」×1","三魔灭天"
"4208","アンファンテリブル","武器","1116","金币：38500；材料：武器 ID 4188「インフィニティノーブル」×1；物品 ID 2「高級薬草」×1","金币：38500；材料：武器 ID 4188「无限贵族」×1；物品 ID 2「高级药草」×1","不可侵犯"
"4208","アンファンテリブル","武器","2198","金币：38500；材料：武器 ID 4188「インフィニティノーブル」×1；物品 ID 855「世界樹の花びら」×1","金币：38500；材料：武器 ID 4188「无限贵族」×1；物品 ID 855「世界树的花瓣」×1","不可侵犯"
"4209","ダークドリーム","武器","1178","金币：44000；材料：武器 ID 4192「闇千兎」×1；物品 ID 2「高級薬草」×1","金币：44000；材料：武器 ID 4192「暗千兔」×1；物品 ID 2「高级药草」×1","黑暗梦境"
"4209","ダークドリーム","武器","2260","金币：44000；材料：武器 ID 4192「闇千兎」×1；物品 ID 861「災厄の結晶」×1","金币：44000；材料：武器 ID 4192「暗千兔」×1；物品 ID 861「灾厄的结晶」×1","黑暗梦境"
"4212","流炎剣メルクリウス","武器","1278","金币：49500；材料：武器 ID 4195「メルクリウス」×1；物品 ID 2「高級薬草」×1","金币：49500；材料：武器 ID 4195「墨丘利」×1；物品 ID 2「高级药草」×1","流炎剑墨丘利"
"4212","流炎剣メルクリウス","武器","2306","金币：49500；材料：武器 ID 4195「メルクリウス」×1；物品 ID 930「カオスルビー」×1","金币：49500；材料：武器 ID 4195「墨丘利」×1；物品 ID 930「混沌红宝石」×1","流炎剑墨丘利"
"4213","氷魂剣ブリュンヒルド","武器","1279","金币：49500；材料：武器 ID 4196「ブリュンヒルド」×1；物品 ID 2「高級薬草」×1","金币：49500；材料：武器 ID 4196「布伦希尔德」×1；物品 ID 2「高级药草」×1","冰魂剑布伦希尔德"
"4213","氷魂剣ブリュンヒルド","武器","2307","金币：49500；材料：武器 ID 4196「ブリュンヒルド」×1；物品 ID 931「カオスアメジスト」×1","金币：49500；材料：武器 ID 4196「布伦希尔德」×1；物品 ID 931「混沌紫水晶」×1","冰魂剑布伦希尔德"
"4214","魔皇剣ブラッディローズ","武器","1398","金币：60500；材料：武器 ID 4197「ブラッディローズ・アリス」×1；物品 ID 2「高級薬草」×1","金币：60500；材料：武器 ID 4197「血腥蔷薇・爱丽丝」×1；物品 ID 2「高级药草」×1","魔皇剑血腥蔷薇"
"4214","魔皇剣ブラッディローズ","武器","2445","金币：60500；材料：武器 ID 4197「ブラッディローズ・アリス」×1；物品 ID 884「魔王核熱結晶」×1","金币：60500；材料：武器 ID 4197「血腥蔷薇・爱丽丝」×1；物品 ID 884「魔王核热结晶」×1","魔皇剑血腥蔷薇"
"4215","邪神剣アリスフィーズ","武器","1409","金币：62000；材料：武器 ID 4198「魔剣アリスフィーズ」×1；武器 ID 4207「闇の接吻」×1；物品 ID 2「高級薬草」×1","金币：62000；材料：武器 ID 4198「魔剑爱丽丝菲兹」×1；武器 ID 4207「暗之吻」×1；物品 ID 2「高级药草」×1","邪神剑爱丽丝菲兹"
"4215","邪神剣アリスフィーズ","武器","2446","金币：62000；材料：武器 ID 4207「闇の接吻」×1；物品 ID 890「ビッグクランチの結晶」×1","金币：62000；材料：武器 ID 4207「暗之吻」×1；物品 ID 890「大收缩的结晶」×1","邪神剑爱丽丝菲兹"
"4217","三魔四精","武器","777","金币：18900；材料：武器 ID 178「トリニティソード」×1；物品 ID 280「エレメントコア」×1","金币：18900；材料：武器 ID 178「三位一体之剑」×1；物品 ID 280「元素核心」×1","三魔四精"
"4218","エンドフォース","武器","778","金币：18900；材料：武器 ID 186「エルフォース」×1；物品 ID 281「最後の結晶」×1","金币：18900；材料：武器 ID 186「精灵之力」×1；物品 ID 281「最终之结晶」×1","终焉之力"
"4222","アークフォース","武器","954","金币：30000；材料：武器 ID 4218「エンドフォース」×1；物品 ID 2「高級薬草」×1","金币：30000；材料：武器 ID 4218「终焉之力」×1；物品 ID 2「高级药草」×1","阿克福斯"
"4222","アークフォース","武器","2036","金币：30000；材料：武器 ID 4218「エンドフォース」×1；物品 ID 826「白面のしっぽ」×1","金币：30000；材料：武器 ID 4218「终焉之力」×1；物品 ID 826「白面的尾巴」×1","阿克福斯"
"4223","宝剣・三魔四精","武器","990","金币：31500；材料：武器 ID 4217「三魔四精」×1；物品 ID 2「高級薬草」×1","金币：31500；材料：武器 ID 4217「三魔四精」×1；物品 ID 2「高级药草」×1","宝剑・三魔四精"
"4223","宝剣・三魔四精","武器","2072","金币：31500；材料：武器 ID 4217「三魔四精」×1；物品 ID 834「シャインエキス」×1","金币：31500；材料：武器 ID 4217「三魔四精」×1；物品 ID 834「闪耀精华」×1","宝剑・三魔四精"
"4224","ホワイトアリア","武器","1050","金币：37800；材料：武器 ID 187「聖白の剣」×1；物品 ID 2「高級薬草」×1","金币：37800；材料：武器 ID 187「圣白之剑」×1；物品 ID 2「高级药草」×1","白之咏叹调"
"4224","ホワイトアリア","武器","2132","金币：37800；材料：武器 ID 187「聖白の剣」×1；物品 ID 846「神威の羽根」×1","金币：37800；材料：武器 ID 187「圣白之剑」×1；物品 ID 846「神威的羽毛」×1","白之咏叹调"
"4225","漆黒の魔剣","武器","1084","金币：37800；材料：武器 ID 188「暗黒の剣」×1；物品 ID 2「高級薬草」×1","金币：37800；材料：武器 ID 188「暗黑之剑」×1；物品 ID 2「高级药草」×1","漆黑魔剑"
"4225","漆黒の魔剣","武器","2166","金币：37800；材料：武器 ID 188「暗黒の剣」×1；物品 ID 850「冥界のパウダー」×1","金币：37800；材料：武器 ID 188「暗黑之剑」×1；物品 ID 850「冥界的粉末」×1","漆黑魔剑"
"4226","魔王殺し・改","武器","1117","金币：44100；材料：武器 ID 4220「魔王殺し」×1；物品 ID 2「高級薬草」×1","金币：44100；材料：武器 ID 4220「魔王杀手」×1；物品 ID 2「高级药草」×1","魔王杀手・改"
"4226","魔王殺し・改","武器","2199","金币：44100；材料：武器 ID 4220「魔王殺し」×1；物品 ID 853「メギドの結晶」×1","金币：44100；材料：武器 ID 4220「魔王杀手」×1；物品 ID 853「米吉多的结晶」×1","魔王杀手・改"
"4227","V.","武器","1179","金币：50400；材料：武器 ID 4221「忘れられた魔導王の剣」×1；物品 ID 2「高級薬草」×1","金币：50400；材料：武器 ID 4221「被遗忘的魔导王之剑」×1；物品 ID 2「高级药草」×1","V."
"4227","V.","武器","2261","金币：50400；材料：武器 ID 4221「忘れられた魔導王の剣」×1；物品 ID 865「時の歯車」×1","金币：50400；材料：武器 ID 4221「被遗忘的魔导王之剑」×1；物品 ID 865「时间的齿轮」×1","V."
"4230","滅身剣クラウ・ソラス","武器","1280","金币：56700；材料：武器 ID 183「クラウ・ソラス」×1；物品 ID 2「高級薬草」×1","金币：56700；材料：武器 ID 183「克拉乌・索拉斯」×1；物品 ID 2「高级药草」×1","灭身剑克拉乌・索拉斯"
"4230","滅身剣クラウ・ソラス","武器","2308","金币：56700；材料：武器 ID 183「クラウ・ソラス」×1；物品 ID 871「次元浸食細胞」×1","金币：56700；材料：武器 ID 183「克拉乌・索拉斯」×1；物品 ID 871「次元浸蚀细胞」×1","灭身剑克拉乌・索拉斯"
"4231","呪叫剣テュルフィング","武器","1281","金币：56700；材料：武器 ID 184「テュルフィング」×1；物品 ID 2「高級薬草」×1","金币：56700；材料：武器 ID 184「提尔锋」×1；物品 ID 2「高级药草」×1","咒叫剑提尔锋"
"4231","呪叫剣テュルフィング","武器","2309","金币：56700；材料：武器 ID 184「テュルフィング」×1；物品 ID 870「名状しがたき触手」×1","金币：56700；材料：武器 ID 184「提尔锋」×1；物品 ID 870「难以名状的触手」×1","咒叫剑提尔锋"
"4232","無詠剣エテメンアンキ","武器","1322","金币：63000；材料：武器 ID 185「エテメンアンキ」×1；物品 ID 2「高級薬草」×1","金币：63000；材料：武器 ID 185「七曜塔」×1；物品 ID 2「高级药草」×1","无咏剑七曜塔"
"4232","無詠剣エテメンアンキ","武器","2366","金币：63000；材料：武器 ID 185「エテメンアンキ」×1；物品 ID 878「カオスマター」×1；物品 ID 881「混沌水銀」×1","金币：63000；材料：武器 ID 185「七曜塔」×1；物品 ID 878「混沌物质」×1；物品 ID 881「混沌水银」×1","无咏剑七曜塔"
"4233","魔王殺し・終式","武器","1347","金币：69300；材料：武器 ID 4226「魔王殺し・改」×1；物品 ID 2「高級薬草」×1","金币：69300；材料：武器 ID 4226「魔王杀手・改」×1；物品 ID 2「高级药草」×1","魔王杀手・终式"
"4233","魔王殺し・終式","武器","2486","金币：69300；材料：武器 ID 4226「魔王殺し・改」×1；物品 ID 877「勇者の魂」×1","金币：69300；材料：武器 ID 4226「魔王杀手・改」×1；物品 ID 877「勇者的魂」×1","魔王杀手・终式"
"4236","天使兵の槍・改","武器","516","金币：8000；材料：武器 ID 4235「天使兵の槍」×1；物品 ID 246「覇虫の針」×1","金币：8000；材料：武器 ID 4235「天使兵的枪」×1；物品 ID 246「霸虫的针」×1","天使兵的枪・改"
"4238","チェンタウロ","武器","606","金币：11000；材料：武器 ID 4237「レギオン」×1；物品 ID 265「ナノ歯車」×1","金币：11000；材料：武器 ID 4237「军团」×1；物品 ID 265「纳米齿轮」×1","半人马之枪"
"4239","エンジェルハイ","武器","607","金币：11000；材料：武器 ID 4236「天使兵の槍・改」×1；物品 ID 263「神物の破片」×1","金币：11000；材料：武器 ID 4236「天使兵的枪・改」×1；物品 ID 263「神物碎片」×1","天使之枪"
"4241","エンジェルドラグーン","武器","779","金币：16500；材料：武器 ID 204「ドラグーンアース」×1；物品 ID 277「究極の羽根」×1","金币：16500；材料：武器 ID 204「龙枪・大地」×1；物品 ID 277「究极之羽」×1","天使龙枪"
"4242","ヒルコの槍","武器","780","金币：16500；材料：武器 ID 205「獣の槍」×1；物品 ID 282「蛭蟲細胞」×1","金币：16500；材料：武器 ID 205「兽枪」×1；物品 ID 282「蛭虫细胞」×1","水蛭之枪"
"4243","真・風槍シルフ","武器","883","金币：19000；材料：武器 ID 206「風槍シルフ」×1；物品 ID 280「エレメントコア」×1","金币：19000；材料：武器 ID 206「风枪希尔芙」×1；物品 ID 280「元素核心」×1","真・风枪希尔芙"
"4245","アルファケンタウリ","武器","955","金币：25000；材料：武器 ID 4238「チェンタウロ」×1；物品 ID 2「高級薬草」×1","金币：25000；材料：武器 ID 4238「半人马之枪」×1；物品 ID 2「高级药草」×1","阿尔法半人马"
"4245","アルファケンタウリ","武器","2037","金币：25000；材料：武器 ID 4238「チェンタウロ」×1；物品 ID 830「究極の針」×1","金币：25000；材料：武器 ID 4238「半人马之枪」×1；物品 ID 830「究极的针」×1","阿尔法半人马"
"4247","自作ガンランス・改","武器","1021","金币：31000；材料：武器 ID 4240「自作ガンランス」×1；物品 ID 2「高級薬草」×1","金币：31000；材料：武器 ID 4240「自制铳枪」×1；物品 ID 2「高级药草」×1","自制铳枪・改"
"4247","自作ガンランス・改","武器","2103","金币：31000；材料：武器 ID 4240「自作ガンランス」×1；物品 ID 841「ドッペル細胞Σ」×1","金币：31000；材料：武器 ID 4240「自制铳枪」×1；物品 ID 841「克隆体细胞Σ」×1","自制铳枪・改"
"4248","聖槍ドミニオン","武器","1085","金币：35000；材料：武器 ID 4239「エンジェルハイ」×1；武器 ID 4241「エンジェルドラグーン」×1；物品 ID 2「高級薬草」×1","金币：35000；材料：武器 ID 4239「天使之枪」×1；武器 ID 4241「天使龙枪」×1；物品 ID 2「高级药草」×1","圣枪多米尼翁"
"4248","聖槍ドミニオン","武器","2167","金币：35000；材料：武器 ID 4239「エンジェルハイ」×1；武器 ID 4241「エンジェルドラグーン」×1；物品 ID 848「永遠の鱗」×1","金币：35000；材料：武器 ID 4239「天使之枪」×1；武器 ID 4241「天使龙枪」×1；物品 ID 848「永恒的鳞片」×1","圣枪多米尼翁"
"4249","蝕魔蛭蟲槍","武器","1147","金币：41000；材料：武器 ID 4242「ヒルコの槍」×1；物品 ID 2「高級薬草」×1","金币：41000；材料：武器 ID 4242「水蛭之枪」×1；物品 ID 2「高级药草」×1","蚀魔蛭虫枪"
"4249","蝕魔蛭蟲槍","武器","2229","金币：41000；材料：武器 ID 4242「ヒルコの槍」×1；物品 ID 860「Q極細胞」×1","金币：41000；材料：武器 ID 4242「水蛭之枪」×1；物品 ID 860「Q极细胞」×1","蚀魔蛭虫枪"
"4250","真・絶風槍シルフ","武器","1242","金币：48000；材料：武器 ID 4243「真・風槍シルフ」×1；物品 ID 2「高級薬草」×1","金币：48000；材料：武器 ID 4243「真・风枪希尔芙」×1；物品 ID 2「高级药草」×1","真・绝风枪希尔芙"
"4250","真・絶風槍シルフ","武器","2359","金币：48000；材料：武器 ID 4243「真・風槍シルフ」×1；物品 ID 868「ハイエレメントコア」×1","金币：48000；材料：武器 ID 4243「真・风枪希尔芙」×1；物品 ID 868「高阶元素核心」×1","真・绝风枪希尔芙"
"4252","ガンランスΩ","武器","1448","金币：60500；材料：武器 ID 4247「自作ガンランス・改」×1；物品 ID 2「高級薬草」×1","金币：60500；材料：武器 ID 4247「自制铳枪・改」×1；物品 ID 2「高级药草」×1","铳枪Ω"
"4252","ガンランスΩ","武器","2411","金币：60500；材料：武器 ID 4247「自作ガンランス・改」×1；物品 ID 875「永劫の羽根」×1","金币：60500；材料：武器 ID 4247「自制铳枪・改」×1；物品 ID 875「永劫的羽根」×1","铳枪Ω"
"4256","真・戦乙女の槍","武器","781","金币：22000；材料：武器 ID 241「戦乙女の槍」×1；物品 ID 277「究極の羽根」×1","金币：22000；材料：武器 ID 241「女武神的枪」×1；物品 ID 277「究极之羽」×1","真・女武神之枪"
"4257","守護者の重槍","武器","782","金币：22000；材料：武器 ID 236「ディフェンスランス」×1；武器 ID 238「インテグラルランス」×1；物品 ID 273「ハインリヒ細胞」×1","金币：22000；材料：武器 ID 236「防御长枪」×1；武器 ID 238「整体长枪」×1；物品 ID 273「海因里希细胞」×1","守护者之重枪"
"4260","方天画戟・無双","武器","922","金币：28000；材料：武器 ID 235「方天画戟・千蛇」×1；物品 ID 2「高級薬草」×1","金币：28000；材料：武器 ID 235「方天画戟・千蛇」×1；物品 ID 2「高级药草」×1","方天画戟・无双"
"4260","方天画戟・無双","武器","2004","金币：28000；材料：武器 ID 235「方天画戟・千蛇」×1；物品 ID 825「ダークマター」×1","金币：28000；材料：武器 ID 235「方天画戟・千蛇」×1；物品 ID 825「暗物质」×1","方天画戟・无双"
"4261","ヴァルキュリア","武器","991","金币：35000；材料：武器 ID 4256「真・戦乙女の槍」×1；物品 ID 2「高級薬草」×1","金币：35000；材料：武器 ID 4256「真・女武神之枪」×1；物品 ID 2「高级药草」×1","女武神"
"4261","ヴァルキュリア","武器","2073","金币：35000；材料：武器 ID 4256「真・戦乙女の槍」×1；物品 ID 833「竜王の牙」×1","金币：35000；材料：武器 ID 4256「真・女武神之枪」×1；物品 ID 833「龙王的牙齿」×1","女武神"
"4262","聖槍ロンギヌス・ダブル","武器","1022","金币：40000；材料：武器 ID 237「聖槍ロンギヌス」×1；武器 ID 4269「侵蝕されたロンギヌス」×1；物品 ID 2「高級薬草」×1","金币：40000；材料：武器 ID 237「圣枪朗基努斯」×1；武器 ID 4269「被侵蚀的朗基努斯」×1；物品 ID 2「高级药草」×1","圣枪朗基努斯・双"
"4262","聖槍ロンギヌス・ダブル","武器","2104","金币：40000；材料：武器 ID 237「聖槍ロンギヌス」×2；物品 ID 841「ドッペル細胞Σ」×1","金币：40000；材料：武器 ID 237「圣枪朗基努斯」×2；物品 ID 841「克隆体细胞Σ」×1","圣枪朗基努斯・双"
"4264","ファランクス","武器","1051","金币：43000；材料：武器 ID 4257「守護者の重槍」×1；物品 ID 2「高級薬草」×1","金币：43000；材料：武器 ID 4257「守护者之重枪」×1；物品 ID 2「高级药草」×1","方阵"
"4264","ファランクス","武器","2133","金币：43000；材料：武器 ID 4257「守護者の重槍」×1；物品 ID 847「アンノウンセル」×1","金币：43000；材料：武器 ID 4257「守护者之重枪」×1；物品 ID 847「未知之卵」×1","方阵"
"4267","飛黒輝","武器","1086","金币：45500；材料：武器 ID 240「飛竜魔槍・黒桜」×1；物品 ID 2「高級薬草」×1","金币：45500；材料：武器 ID 240「飞龙魔枪・黑樱」×1；物品 ID 2「高级药草」×1","飞黑辉"
"4267","飛黒輝","武器","2168","金币：45500；材料：武器 ID 240「飛竜魔槍・黒桜」×1；物品 ID 849「悪夢の胞子」×1","金币：45500；材料：武器 ID 240「飞龙魔枪・黑樱」×1；物品 ID 849「恶梦的孢子」×1","飞黑辉"
"4268","クルセイダー","武器","1118","金币：49000；材料：武器 ID 239「ブリューナク・クロス」×1；物品 ID 2「高級薬草」×1","金币：49000；材料：武器 ID 239「布里欧纳克・十字」×1；物品 ID 2「高级药草」×1","十字军"
"4268","クルセイダー","武器","2200","金币：49000；材料：武器 ID 239「ブリューナク・クロス」×1；物品 ID 855「世界樹の花びら」×1","金币：49000；材料：武器 ID 239「布里欧纳克・十字」×1；物品 ID 855「世界树的花瓣」×1","十字军"
"4270","幾星槍","武器","1180","金币：57000；材料：武器 ID 4265「銀河槍」×1；物品 ID 2「高級薬草」×1","金币：57000；材料：武器 ID 4265「银河枪」×1；物品 ID 2「高级药草」×1","几星枪"
"4270","幾星槍","武器","2262","金币：57000；材料：武器 ID 4265「銀河槍」×1；物品 ID 933「カオスエメラルド」×1","金币：57000；材料：武器 ID 4265「银河枪」×1；物品 ID 933「混沌翡翠」×1","几星枪"
"4271","聖槍ロンギヌス・トリプル","武器","1256","金币：77000；材料：武器 ID 4262「聖槍ロンギヌス・ダブル」×1；物品 ID 2「高級薬草」×1","金币：77000；材料：武器 ID 4262「圣枪朗基努斯・双」×1；物品 ID 2「高级药草」×1","圣枪 朗基努斯・三重"
"4271","聖槍ロンギヌス・トリプル","武器","2412","金币：77000；材料：武器 ID 4262「聖槍ロンギヌス・ダブル」×1；武器 ID 4269「侵蝕されたロンギヌス」×1；物品 ID 875「永劫の羽根」×1","金币：77000；材料：武器 ID 4262「圣枪朗基努斯・双」×1；武器 ID 4269「被侵蚀的朗基努斯」×1；物品 ID 875「永劫的羽根」×1","圣枪 朗基努斯・三重"
"4273","蒼海矛ポセイドン","武器","1282","金币：63000；材料：武器 ID 4258「ポセイドンの矛」×1；物品 ID 2「高級薬草」×1","金币：63000；材料：武器 ID 4258「波塞冬之矛」×1；物品 ID 2「高级药草」×1","苍海矛 波塞冬"
"4273","蒼海矛ポセイドン","武器","2310","金币：63000；材料：武器 ID 4258「ポセイドンの矛」×1；物品 ID 935「カオスサファイア」×1","金币：63000；材料：武器 ID 4258「波塞冬之矛」×1；物品 ID 935「混沌蓝宝石」×1","苍海矛 波塞冬"
"4274","滅穿槍ゲイボルグ","武器","1283","金币：63000；材料：武器 ID 4259「ゲイボルグ」×1；物品 ID 2「高級薬草」×1","金币：63000；材料：武器 ID 4259「千棘刺之枪」×1；物品 ID 2「高级药草」×1","灭穿枪千棘刺之枪"
"4274","滅穿槍ゲイボルグ","武器","2311","金币：63000；材料：武器 ID 4259「ゲイボルグ」×1；物品 ID 874「包丁の破片」×1","金币：63000；材料：武器 ID 4259「千棘刺之枪」×1；物品 ID 874「菜刀的碎片」×1","灭穿枪千棘刺之枪"
"4275","覇界槍グングニル","武器","1323","金币：70000；材料：武器 ID 4266「グングニル」×1；物品 ID 2「高級薬草」×1","金币：70000；材料：武器 ID 4266「冈格尼尔」×1；物品 ID 2「高级药草」×1","霸界枪 冈格尼尔"
"4275","覇界槍グングニル","武器","2367","金币：70000；材料：武器 ID 4266「グングニル」×1；物品 ID 878「カオスマター」×1；物品 ID 883「ゴッドライト」×1","金币：70000；材料：武器 ID 4266「冈格尼尔」×1；物品 ID 878「混沌物质」×1；物品 ID 883「神光」×1","霸界枪 冈格尼尔"
"4277","天叢雲・神斬","武器","578","金币：11500；材料：武器 ID 254「天叢雲」×1；物品 ID 271「天空の羽根」×1","金币：11500；材料：武器 ID 254「天丛云」×1；物品 ID 271「天空之羽」×1","天丛云・神斩"
"4278","天誅","武器","584","金币：11500；材料：武器 ID 263「人斬り丸」×1；物品 ID 260「超力の結晶」×1","金币：11500；材料：武器 ID 263「人斩丸」×1；物品 ID 260「超力结晶」×1","天诛"
"4279","夢幻水鏡","武器","608","金币：12000；材料：武器 ID 255「夢幻」×1；物品 ID 266「絶美の尻尾」×1","金币：12000；材料：武器 ID 255「梦幻」×1；物品 ID 266「绝美尾巴」×1","梦幻水镜"
"4280","月下美人・花吹雪","武器","609","金币：12000；材料：武器 ID 256「月下美人」×1；物品 ID 262「神々しい花びら」×1","金币：12000；材料：武器 ID 256「月下美人」×1；物品 ID 262「神圣花瓣」×1","月下美人・花吹雪"
"4281","調伏千刃","武器","677","金币：13000；材料：武器 ID 262「名刀・妖魔斬り」×1；物品 ID 263「神物の破片」×1","金币：13000；材料：武器 ID 262「名刀・妖魔斩」×1；物品 ID 263「神物碎片」×1","调伏千刃"
"4282","無限日輪刀","武器","696","金币：14000；材料：武器 ID 258「日輪刀」×1；物品 ID 268「無限細胞」×1","金币：14000；材料：武器 ID 258「日轮刀」×1；物品 ID 268「无限细胞」×1","无限日轮刀"
"4283","花蛇神楽","武器","697","金币：14000；材料：武器 ID 257「花神楽」×1；物品 ID 270「億蛇の蛇尾」×1","金币：14000；材料：武器 ID 257「花神乐」×1；物品 ID 270「亿蛇尾巴」×1","花蛇神乐"
"4284","無銘四光","武器","783","金币：19000；材料：武器 ID 243「無銘の刀」×1；物品 ID 280「エレメントコア」×1","金币：19000；材料：武器 ID 243「无铭之刀」×1；物品 ID 280「元素核心」×1","无名四光"
"4285","無尽無銘","武器","784","金币：19000；材料：武器 ID 243「無銘の刀」×1；物品 ID 284「シヴァの髪」×1","金币：19000；材料：武器 ID 243「无铭之刀」×1；物品 ID 284「湿婆的头发」×1","无尽无名"
"4288","真・水刀ウンディーネ","武器","884","金币：23000；材料：武器 ID 259「水刀ウンディーネ」×1；物品 ID 280「エレメントコア」×1","金币：23000；材料：武器 ID 259「水刀温蒂妮」×1；物品 ID 280「元素核心」×1","真・水刀温蒂妮"
"4289","七星剣","武器","888","金币：23000；材料：武器 ID 264「巖流・物干し竿」×1；武器 ID 265「蛇鬼村雨」×1；武器 ID 4277「天叢雲・神斬」×1；武器 ID 4279「夢幻水鏡」×1；武器 ID 4280「月下美人・花吹雪」×1；武器 ID 4282「無限日輪刀」×1；武器 ID 4283「花蛇神楽」×1","金币：23000；材料：武器 ID 264「岩流・晾衣竿」×1；武器 ID 265「蛇鬼村雨」×1；武器 ID 4277「天丛云・神斩」×1；武器 ID 4279「梦幻水镜」×1；武器 ID 4280「月下美人・花吹雪」×1；武器 ID 4282「无限日轮刀」×1；武器 ID 4283「花蛇神乐」×1","七星剑"
"4291","無尽無銘・詠人不知","武器","923","金币：25000；材料：武器 ID 4285「無尽無銘」×1；物品 ID 2「高級薬草」×1","金币：25000；材料：武器 ID 4285「无尽无名」×1；物品 ID 2「高级药草」×1","无尽无名・咏人不知"
"4291","無尽無銘・詠人不知","武器","2005","金币：25000；材料：武器 ID 4285「無尽無銘」×1；物品 ID 825「ダークマター」×1","金币：25000；材料：武器 ID 4285「无尽无名」×1；物品 ID 825「暗物质」×1","无尽无名・咏人不知"
"4292","天剣天誅","武器","956","金币：28000；材料：武器 ID 4278「天誅」×1；物品 ID 2「高級薬草」×1","金币：28000；材料：武器 ID 4278「天诛」×1；物品 ID 2「高级药草」×1","天剑天诛"
"4292","天剣天誅","武器","2038","金币：28000；材料：武器 ID 4278「天誅」×1；物品 ID 826「白面のしっぽ」×1","金币：28000；材料：武器 ID 4278「天诛」×1；物品 ID 826「白面的尾巴」×1","天剑天诛"
"4293","五光","武器","1023","金币：34000；材料：武器 ID 4284「無銘四光」×1；物品 ID 2「高級薬草」×1","金币：34000；材料：武器 ID 4284「无名四光」×1；物品 ID 2「高级药草」×1","五光"
"4293","五光","武器","2105","金币：34000；材料：武器 ID 4284「無銘四光」×1；物品 ID 837「神々しい角」×1","金币：34000；材料：武器 ID 4284「无名四光」×1；物品 ID 837「神圣的角」×1","五光"
"4295","鍾馗","武器","1052","金币：70000；材料：武器 ID 4281「調伏千刃」×1；物品 ID 2「高級薬草」×1","金币：70000；材料：武器 ID 4281「调伏千刃」×1；物品 ID 2「高级药草」×1","钟馗"
"4295","鍾馗","武器","2134","金币：37000；材料：武器 ID 4281「調伏千刃」×1；物品 ID 843「終焉の結晶」×1","金币：37000；材料：武器 ID 4281「调伏千刃」×1；物品 ID 843「终焉的结晶」×1","钟馗"
"4297","雷切","武器","1119","金币：42000；材料：武器 ID 261「雷光虎徹」×1；物品 ID 2「高級薬草」×1","金币：42000；材料：武器 ID 261「雷光虎彻」×1；物品 ID 2「高级药草」×1","雷切"
"4297","雷切","武器","2201","金币：42000；材料：武器 ID 261「雷光虎徹」×1；物品 ID 855「世界樹の花びら」×1","金币：42000；材料：武器 ID 261「雷光虎彻」×1；物品 ID 855「世界树的花瓣」×1","雷切"
"4298","鏡水","武器","1148","金币：45000；材料：武器 ID 266「残心」×1；物品 ID 2「高級薬草」×1","金币：45000；材料：武器 ID 266「残心」×1；物品 ID 2「高级药草」×1","镜水"
"4298","鏡水","武器","2230","金币：45000；材料：武器 ID 266「残心」×1；物品 ID 858「大淫婦の尻尾」×1","金币：45000；材料：武器 ID 266「残心」×1；物品 ID 858「大淫妇的尾巴」×1","镜水"
"4299","塵桜","武器","1181","金币：48000；材料：武器 ID 260「惨華正宗」×1；物品 ID 2「高級薬草」×1","金币：48000；材料：武器 ID 260「惨华正宗」×1；物品 ID 2「高级药草」×1","尘樱"
"4299","塵桜","武器","2263","金币：48000；材料：武器 ID 260「惨華正宗」×1；物品 ID 861「災厄の結晶」×1","金币：48000；材料：武器 ID 260「惨华正宗」×1；物品 ID 861「灾厄的结晶」×1","尘樱"
"4300","邪皇七星剣","武器","1243","金币：55000；材料：武器 ID 4289「七星剣」×1；物品 ID 2「高級薬草」×1","金币：55000；材料：武器 ID 4289「七星剑」×1；物品 ID 2「高级药草」×1","邪皇七星剑"
"4300","邪皇七星剣","武器","2349","金币：55000；材料：武器 ID 4289「七星剣」×1；物品 ID 867「古神の依代」×1","金币：55000；材料：武器 ID 4289「七星剑」×1；物品 ID 867「古神的依代」×1","邪皇七星剑"
"4301","真・鏡水刀ウンディーネ","武器","1244","金币：55000；材料：武器 ID 4288「真・水刀ウンディーネ」×1；物品 ID 2「高級薬草」×1","金币：55000；材料：武器 ID 4288「真・水刀温蒂妮」×1；物品 ID 2「高级药草」×1","真・镜水刀温蒂妮"
"4301","真・鏡水刀ウンディーネ","武器","2360","金币：55000；材料：武器 ID 4288「真・水刀ウンディーネ」×1；物品 ID 868「ハイエレメントコア」×1","金币：55000；材料：武器 ID 4288「真・水刀温蒂妮」×1；物品 ID 868「高阶元素核心」×1","真・镜水刀温蒂妮"
"4303","九魂七支刀","武器","1284","金币：54000；材料：武器 ID 4286「七支刀」×1；物品 ID 2「高級薬草」×1","金币：54000；材料：武器 ID 4286「七支刀」×1；物品 ID 2「高级药草」×1","九魂七支刀"
"4303","九魂七支刀","武器","2312","金币：54000；材料：武器 ID 4286「七支刀」×1；物品 ID 936「カオスダイヤモンド」×1","金币：54000；材料：武器 ID 4286「七支刀」×1；物品 ID 936「混沌钻石」×1","九魂七支刀"
"4304","暴雄刀スサノオ","武器","1285","金币：54000；材料：武器 ID 4287「スサノオの刀」×1；物品 ID 2「高級薬草」×1","金币：54000；材料：武器 ID 4287「须佐之男的刀」×1；物品 ID 2「高级药草」×1","暴雄刀须佐之男"
"4304","暴雄刀スサノオ","武器","2313","金币：54000；材料：武器 ID 4287「スサノオの刀」×1；物品 ID 870「名状しがたき触手」×1","金币：54000；材料：武器 ID 4287「须佐之男的刀」×1；物品 ID 870「难以名状的触手」×1","暴雄刀须佐之男"
"4305","統皇刀フツノミタマ","武器","1324","金币：60000；材料：武器 ID 4296「フツノミタマ」×1；物品 ID 2「高級薬草」×1","金币：60000；材料：武器 ID 4296「普通之魂」×1；物品 ID 2「高级药草」×1","统皇刀布都御魂"
"4305","統皇刀フツノミタマ","武器","2368","金币：60000；材料：武器 ID 4296「フツノミタマ」×1；物品 ID 878「カオスマター」×1；物品 ID 881「混沌水銀」×1","金币：60000；材料：武器 ID 4296「普通之魂」×1；物品 ID 878「混沌物质」×1；物品 ID 881「混沌水银」×1","统皇刀布都御魂"
"4309","極界・流星","武器","699","金币：14000；材料：武器 ID 283「流星・華王」×1；物品 ID 282「蛭蟲細胞」×1","金币：14000；材料：武器 ID 283「流星・华王」×1；物品 ID 282「蛭虫细胞」×1","极界・流星"
"4310","斬影・聖魔","武器","698","金币：14000；材料：武器 ID 284「流星・黒蛇」×1；物品 ID 268「無限細胞」×1","金币：14000；材料：武器 ID 284「流星・黑蛇」×1；物品 ID 268「无限细胞」×1","斩影・圣魔"
"4313","闇斬魔殺","武器","786","金币：17500；材料：武器 ID 4308「即斬即殺」×1；物品 ID 273「ハインリヒ細胞」×1","金币：17500；材料：武器 ID 4308「即斩即杀」×1；物品 ID 273「海因里希细胞」×1","暗斩魔杀"
"4314","神斬天殺","武器","785","金币：17500；材料：武器 ID 4308「即斬即殺」×1；物品 ID 272「黒のアリス細胞」×1","金币：17500；材料：武器 ID 4308「即斩即杀」×1；物品 ID 272「黑之爱丽丝细胞」×1","神斩天杀"
"4318","聖魔流星","武器","924","金币：23500；材料：武器 ID 4309「極界・流星」×1；武器 ID 4310「斬影・聖魔」×1；物品 ID 2「高級薬草」×1","金币：23500；材料：武器 ID 4309「极界・流星」×1；武器 ID 4310「斩影・圣魔」×1；物品 ID 2「高级药草」×1","圣魔流星"
"4318","聖魔流星","武器","2006","金币：23500；材料：武器 ID 4309「極界・流星」×1；武器 ID 4310「斬影・聖魔」×1；物品 ID 825「ダークマター」×1","金币：23500；材料：武器 ID 4309「极界・流星」×1；武器 ID 4310「斩影・圣魔」×1；物品 ID 825「暗物质」×1","圣魔流星"
"4319","斬神斬魔","武器","957","金币：26000；材料：武器 ID 4313「闇斬魔殺」×1；武器 ID 4314「神斬天殺」×1；物品 ID 2「高級薬草」×1","金币：26000；材料：武器 ID 4313「暗斩魔杀」×1；武器 ID 4314「神斩天杀」×1；物品 ID 2「高级药草」×1","斩神斩魔"
"4319","斬神斬魔","武器","2039","金币：26000；材料：武器 ID 4313「闇斬魔殺」×1；武器 ID 4314「神斬天殺」×1；物品 ID 826「白面のしっぽ」×1","金币：26000；材料：武器 ID 4313「暗斩魔杀」×1；武器 ID 4314「神斩天杀」×1；物品 ID 826「白面的尾巴」×1","斩神斩魔"
"4320","狐影","武器","1024","金币：30000；材料：武器 ID 285「狐火」×1；物品 ID 2「高級薬草」×1","金币：30000；材料：武器 ID 285「狐火」×1；物品 ID 2「高级药草」×1","狐影"
"4320","狐影","武器","2106","金币：30000；材料：武器 ID 285「狐火」×1；物品 ID 838「魔王の蛇尾」×1","金币：30000；材料：武器 ID 285「狐火」×1；物品 ID 838「魔王的蛇尾」×1","狐影"
"4322","狂悦","武器","1053","金币：34500；材料：武器 ID 286「悦夢」×1；物品 ID 2「高級薬草」×1","金币：34500；材料：武器 ID 286「悦梦」×1；物品 ID 2「高级药草」×1","狂悦"
"4322","狂悦","武器","2135","金币：34500；材料：武器 ID 286「悦夢」×1；物品 ID 844「大淫魔の尻尾」×1","金币：34500；材料：武器 ID 286「悦梦」×1；物品 ID 844「大淫魔的尾巴」×1","狂悦"
"4323","羅刹","武器","1120","金币：39200；材料：武器 ID 288「猿飛」×1；物品 ID 2「高級薬草」×1","金币：39200；材料：武器 ID 288「猿飞」×1；物品 ID 2「高级药草」×1","罗刹"
"4323","羅刹","武器","2202","金币：39200；材料：武器 ID 288「猿飛」×1；物品 ID 853「メギドの結晶」×1","金币：39200；材料：武器 ID 288「猿飞」×1；物品 ID 853「米吉多的结晶」×1","罗刹"
"4324","修羅","武器","1149","金币：41500；材料：武器 ID 287「風魔」×1；物品 ID 2「高級薬草」×1","金币：41500；材料：武器 ID 287「风魔」×1；物品 ID 2「高级药草」×1","修罗"
"4324","修羅","武器","2231","金币：41500；材料：武器 ID 287「風魔」×1；物品 ID 856「不滅の黒片」×1","金币：41500；材料：武器 ID 287「风魔」×1；物品 ID 856「不灭的黑片」×1","修罗"
"4325","破邪・干将","武器","1182","金币：44800；材料：武器 ID 279「干将」×1；物品 ID 2「高級薬草」×1","金币：44800；材料：武器 ID 279「干将」×1；物品 ID 2「高级药草」×1","破邪・干将"
"4325","破邪・干将","武器","2264","金币：44800；材料：武器 ID 279「干将」×1；物品 ID 864「虹色の羽根」×1","金币：44800；材料：武器 ID 279「干将」×1；物品 ID 864「彩虹色的羽毛」×1","破邪・干将"
"4326","神祁・莫耶","武器","1183","金币：44800；材料：武器 ID 280「莫耶」×1；物品 ID 2「高級薬草」×1","金币：44800；材料：武器 ID 280「莫耶」×1；物品 ID 2「高级药草」×1","神祁・莫耶"
"4326","神祁・莫耶","武器","2265","金币：44800；材料：武器 ID 280「莫耶」×1；物品 ID 863「竜神の牙」×1","金币：44800；材料：武器 ID 280「莫耶」×1；物品 ID 863「龙神的牙齿」×1","神祁・莫耶"
"4328","死刻刃イザナミ","武器","1286","金币：50400；材料：武器 ID 4315「イザナギの小太刀」×1；物品 ID 2「高級薬草」×1","金币：50400；材料：武器 ID 4315「伊邪那岐的小太刀」×1；物品 ID 2「高级药草」×1","死刻刃伊邪那美"
"4328","死刻刃イザナミ","武器","2314","金币：50400；材料：武器 ID 4316「イザナミの小太刀」×1；物品 ID 937「カオスクリスタル」×1","金币：50400；材料：武器 ID 4316「伊邪那美的小太刀」×1；物品 ID 937「混沌水晶」×1","死刻刃伊邪那美"
"4329","生刻刃イザナギ","武器","1287","金币：50400；材料：武器 ID 4316「イザナミの小太刀」×1；物品 ID 2「高級薬草」×1","金币：50400；材料：武器 ID 4316「伊邪那美的小太刀」×1；物品 ID 2「高级药草」×1","生刻刃伊邪那岐"
"4329","生刻刃イザナギ","武器","2315","金币：50400；材料：武器 ID 4315「イザナギの小太刀」×1；物品 ID 936「カオスダイヤモンド」×1","金币：50400；材料：武器 ID 4315「伊邪那岐的小太刀」×1；物品 ID 936「混沌钻石」×1","生刻刃伊邪那岐"
"4333","天誅螺旋鉄甲","武器","700","金币：13000；材料：武器 ID 4332「螺旋鉄甲」×1；物品 ID 269「終蟲の甲殻」×1","金币：13000；材料：武器 ID 4332「螺旋铁甲」×1；物品 ID 269「终虫甲壳」×1","天诛螺旋铁甲"
"4334","淫魔鉄拳・夜華","武器","701","金币：13000；材料：武器 ID 326「淫魔の鉄拳」×1；物品 ID 262「神々しい花びら」×1","金币：13000；材料：武器 ID 326「淫魔的铁拳」×1；物品 ID 262「神圣花瓣」×1","淫魔铁拳・夜华"
"4338","最終獣爪","武器","789","金币：17200；材料：武器 ID 323「聖獣の爪」×1；物品 ID 281「最後の結晶」×1","金币：17200；材料：武器 ID 323「圣兽之爪」×1；物品 ID 281「最终之结晶」×1","最终兽爪"
"4339","轟拳ダークブラスト","武器","787","金币：17200；材料：武器 ID 324「ダークプリズム」×1；物品 ID 279「ネクストコア」×1","金币：17200；材料：武器 ID 324「暗之棱镜」×1；物品 ID 279「次世代核心」×1","轰拳暗爆"
"4340","冥王の拳","武器","788","金币：17200；材料：武器 ID 314「ネクロナックル」×1；物品 ID 274「ゾンビハート」×1","金币：17200；材料：武器 ID 314「亡灵指虎」×1；物品 ID 274「僵尸心脏」×1","冥王之拳"
"4341","グラビディハンド・ゼロ","武器","877","金币：18000；材料：武器 ID 332「グラビディハンド」×1；物品 ID 279「ネクストコア」×1","金币：18000；材料：武器 ID 332「重力之手」×1；物品 ID 279「次世代核心」×1","重力拳套・零"
"4344","真・炎拳サラマンダー","武器","885","金币：19800；材料：武器 ID 325「炎拳サラマンダー」×1；物品 ID 280「エレメントコア」×1","金币：19800；材料：武器 ID 325「炎拳萨拉曼达」×1；物品 ID 280「元素核心」×1","真・炎拳萨拉曼达"
"4345","魔王拳デモンズハート","武器","889","金币：19000；材料：武器 ID 322「魔手甲ヘカトンケイル」×1；物品 ID 272「黒のアリス細胞」×1","金币：19000；材料：武器 ID 322「魔手甲・赫卡顿凯尔」×1；物品 ID 272「黑之爱丽丝细胞」×1","魔王拳恶魔之心"
"4347","格闘王・不敗蒼華","武器","925","金币：22000；材料：武器 ID 330「格闘王・華裂」×1；武器 ID 331「格闘王・深蒼」×1；物品 ID 2「高級薬草」×1","金币：22000；材料：武器 ID 330「格斗王・华裂」×1；武器 ID 331「格斗王・深苍」×1；物品 ID 2「高级药草」×1","格斗王・不败苍华"
"4347","格闘王・不敗蒼華","武器","2007","金币：22000；材料：武器 ID 330「格闘王・華裂」×1；武器 ID 331「格闘王・深蒼」×1；物品 ID 825「ダークマター」×1","金币：22000；材料：武器 ID 330「格斗王・华裂」×1；武器 ID 331「格斗王・深苍」×1；物品 ID 825「暗物质」×1","格斗王・不败苍华"
"4349","七色魔爪","武器","958","金币：24500；材料：武器 ID 293「風の爪」×1；武器 ID 295「炎の爪」×1；武器 ID 296「氷の爪」×1；武器 ID 297「雷の爪」×1；武器 ID 298「アースナックル」×1；武器 ID 299「アクアナックル」×1；物品 ID 2「高級薬草」×1","金币：24500；材料：武器 ID 293「风爪」×1；武器 ID 295「炎爪」×1；武器 ID 296「冰爪」×1；武器 ID 297「雷爪」×1；武器 ID 298「大地指虎」×1；武器 ID 299「水之指虎」×1；物品 ID 2「高级药草」×1","七色魔爪"
"4349","七色魔爪","武器","2040","金币：24500；材料：武器 ID 295「炎の爪」×1；武器 ID 296「氷の爪」×1；武器 ID 297「雷の爪」×1；武器 ID 293「風の爪」×1；武器 ID 298「アースナックル」×1；武器 ID 299「アクアナックル」×1；物品 ID 830「究極の針」×1","金币：24500；材料：武器 ID 295「炎爪」×1；武器 ID 296「冰爪」×1；武器 ID 297「雷爪」×1；武器 ID 293「风爪」×1；武器 ID 298「大地指虎」×1；武器 ID 299「水之指虎」×1；物品 ID 830「究极的针」×1","七色魔爪"
"4350","最終冥王拳","武器","992","金币：27000；材料：武器 ID 4340「冥王の拳」×1；物品 ID 2「高級薬草」×1","金币：27000；材料：武器 ID 4340「冥王之拳」×1；物品 ID 2「高级药草」×1","最终冥王拳"
"4350","最終冥王拳","武器","2074","金币：27000；材料：武器 ID 4340「冥王の拳」×1；物品 ID 835「超蛭蟲細胞」×1","金币：27000；材料：武器 ID 4340「冥王之拳」×1；物品 ID 835「超蛭虫细胞」×1","最终冥王拳"
"4351","聖爪バロン","武器","1025","金币：30000；材料：武器 ID 4338「最終獣爪」×1；物品 ID 2「高級薬草」×1","金币：30000；材料：武器 ID 4338「最终兽爪」×1；物品 ID 2「高级药草」×1","圣爪巴隆"
"4351","聖爪バロン","武器","2107","金币：30000；材料：武器 ID 4338「最終獣爪」×1；物品 ID 841「ドッペル細胞Σ」×1","金币：30000；材料：武器 ID 4338「最终兽爪」×1；物品 ID 841「克隆体细胞Σ」×1","圣爪巴隆"
"4353","ヴィジランテ","武器","1054","金币：33000；材料：武器 ID 4333「天誅螺旋鉄甲」×1；物品 ID 2「高級薬草」×1","金币：33000；材料：武器 ID 4333「天诛螺旋铁甲」×1；物品 ID 2「高级药草」×1","维吉兰特"
"4353","ヴィジランテ","武器","2136","金币：33000；材料：武器 ID 4333「天誅螺旋鉄甲」×1；物品 ID 845「神獣の爪」×1","金币：33000；材料：武器 ID 4333「天诛螺旋铁甲」×1；物品 ID 845「神兽的爪」×1","维吉兰特"
"4354","ウルヴァリン","武器","1087","金币：35000；材料：武器 ID 4338「最終獣爪」×1；物品 ID 2「高級薬草」×1","金币：35000；材料：武器 ID 4338「最终兽爪」×1；物品 ID 2「高级药草」×1","狼人"
"4354","ウルヴァリン","武器","2169","金币：35000；材料：武器 ID 4338「最終獣爪」×1；物品 ID 849「悪夢の胞子」×1","金币：35000；材料：武器 ID 4338「最终兽爪」×1；物品 ID 849「恶梦的孢子」×1","狼人"
"4355","死亡遊戯","武器","1150","金币：40000；材料：武器 ID 4339「轟拳ダークブラスト」×1；物品 ID 2「高級薬草」×1","金币：40000；材料：武器 ID 4339「轰拳暗爆」×1；物品 ID 2「高级药草」×1","死亡游戏"
"4355","死亡遊戯","武器","2232","金币：40000；材料：武器 ID 4339「轟拳ダークブラスト」×1；物品 ID 859「牛魔王の角」×1","金币：40000；材料：武器 ID 4339「轰拳暗爆」×1；物品 ID 859「牛魔王的角」×1","死亡游戏"
"4356","カイザーハート","武器","1184","金币：43500；材料：武器 ID 329「キングオブハート」×1；物品 ID 2「高級薬草」×1","金币：43500；材料：武器 ID 329「红心之王」×1；物品 ID 2「高级药草」×1","凯撒之心"
"4356","カイザーハート","武器","2266","金币：43500；材料：武器 ID 329「キングオブハート」×1；物品 ID 930「カオスルビー」×1","金币：43500；材料：武器 ID 329「红心之王」×1；物品 ID 930「混沌红宝石」×1","凯撒之心"
"4357","フレデリカ兵装XIII終式","武器","1217","金币：57000；材料：武器 ID 4335「フレデリカ兵装VIII式」×1；物品 ID 2「高級薬草」×1","金币：57000；材料：武器 ID 4335「芙蕾德莉卡兵装VIII式」×1；物品 ID 2「高级药草」×1","芙蕾德莉卡兵装XIII终式"
"4357","フレデリカ兵装XIII終式","武器","2390","金币：57000；材料：武器 ID 4335「フレデリカ兵装VIII式」×1；物品 ID 866「オメガコア」×1","金币：57000；材料：武器 ID 4335「芙蕾德莉卡兵装VIII式」×1；物品 ID 866「欧米伽核心」×1","芙蕾德莉卡兵装XIII终式"
"4358","真・灼炎拳サラマンダー","武器","1245","金币：48600；材料：武器 ID 4344「真・炎拳サラマンダー」×1；物品 ID 2「高級薬草」×1","金币：48600；材料：武器 ID 4344「真・炎拳萨拉曼达」×1；物品 ID 2「高级药草」×1","真・灼炎拳萨拉曼达"
"4358","真・灼炎拳サラマンダー","武器","2361","金币：48600；材料：武器 ID 4344「真・炎拳サラマンダー」×1；物品 ID 868「ハイエレメントコア」×1","金币：48600；材料：武器 ID 4344「真・炎拳萨拉曼达」×1；物品 ID 868「高阶元素核心」×1","真・灼炎拳萨拉曼达"
"4359","グラビティハンドΩ","武器","1257","金币：59400；材料：武器 ID 4341「グラビディハンド・ゼロ」×1；物品 ID 2「高級薬草」×1","金币：59400；材料：武器 ID 4341「重力拳套・零」×1；物品 ID 2「高级药草」×1","重力之手Ω"
"4359","グラビティハンドΩ","武器","2413","金币：59400；材料：武器 ID 4341「グラビディハンド・ゼロ」×1；物品 ID 875「永劫の羽根」×1","金币：59400；材料：武器 ID 4341「重力拳套・零」×1；物品 ID 875「永劫的羽根」×1","重力之手Ω"
"4363","獄炎拳アグニ","武器","1288","金币：48600；材料：武器 ID 4342「アグニの拳」×1；物品 ID 2「高級薬草」×1","金币：48600；材料：武器 ID 4342「阿耆尼之拳」×1；物品 ID 2「高级药草」×1","狱炎拳阿耆尼"
"4363","獄炎拳アグニ","武器","2316","金币：48600；材料：武器 ID 4342「アグニの拳」×1；物品 ID 930「カオスルビー」×1","金币：48600；材料：武器 ID 4342「阿耆尼之拳」×1；物品 ID 930「混沌红宝石」×1","狱炎拳阿耆尼"
"4364","地母拳キュベレ","武器","1289","金币：48600；材料：武器 ID 4343「キュベレの拳」×1；物品 ID 2「高級薬草」×1","金币：48600；材料：武器 ID 4343「西布莉之拳」×1；物品 ID 2「高级药草」×1","地母拳西布莉"
"4364","地母拳キュベレ","武器","2317","金币：48600；材料：武器 ID 4343「キュベレの拳」×1；物品 ID 869「エキドナの蛇尾」×1","金币：48600；材料：武器 ID 4343「西布莉之拳」×1；物品 ID 869「厄喀德那的蛇尾」×1","地母拳西布莉"
"4365","邪神拳ソウルジハード","武器","1325","金币：54000；材料：武器 ID 4345「魔王拳デモンズハート」×1；物品 ID 2「高級薬草」×1","金币：54000；材料：武器 ID 4345「魔王拳恶魔之心」×1；物品 ID 2「高级药草」×1","邪神拳灵魂圣战"
"4365","邪神拳ソウルジハード","武器","2369","金币：54000；材料：武器 ID 4345「魔王拳デモンズハート」×1；物品 ID 878「カオスマター」×1；物品 ID 879「紅蓮の瞳」×1","金币：54000；材料：武器 ID 4345「魔王拳恶魔之心」×1；物品 ID 878「混沌物质」×1；物品 ID 879「红莲之瞳」×1","邪神拳灵魂圣战"
"4366","白廻爪アピロ・ラゴス","武器","1417","金币：60000；材料：武器 ID 4361「白兎の爪」×1；物品 ID 2「高級薬草」×1","金币：60000；材料：武器 ID 4361「白兔的爪」×1；物品 ID 2「高级药草」×1","白回爪阿皮洛・拉戈斯"
"4366","白廻爪アピロ・ラゴス","武器","2494","金币：60000；材料：武器 ID 4361「白兎の爪」×1；物品 ID 887「反物質」×1","金币：60000；材料：武器 ID 4361「白兔的爪」×1；物品 ID 887「反物质」×1","白回爪阿皮洛・拉戈斯"
"4369","ファング・オズマトロン","武器","702","金币：12000；材料：武器 ID 355「ファング・カオストロン」×1；物品 ID 264「オズマ細胞」×1","金币：12000；材料：武器 ID 355「混沌之牙」×1；物品 ID 264「奥兹玛细胞」×1","芬格・奥兹马特隆"
"4372","最終獣牙","武器","791","金币：14500；材料：武器 ID 4368「狂獣の牙」×1；物品 ID 281「最後の結晶」×1","金币：14500；材料：武器 ID 4368「狂兽之牙」×1；物品 ID 281「最终之结晶」×1","最终兽牙"
"4373","アポカリプス・ワンダー","武器","790","金币：14500；材料：武器 ID 357「アポカリプス・シグマ」×1；物品 ID 272「黒のアリス細胞」×1","金币：14500；材料：武器 ID 357「启示录・西格玛」×1；物品 ID 272「黑之爱丽丝细胞」×1","启示录・奇迹"
"4377","ルー・ガルー","武器","926","金币：19000；材料：武器 ID 4372「最終獣牙」×1；物品 ID 2「高級薬草」×1","金币：19000；材料：武器 ID 4372「最终兽牙」×1；物品 ID 2「高级药草」×1","鲁・加鲁"
"4377","ルー・ガルー","武器","2008","金币：19000；材料：武器 ID 4372「最終獣牙」×1；物品 ID 825「ダークマター」×1","金币：19000；材料：武器 ID 4372「最终兽牙」×1；物品 ID 825「暗物质」×1","鲁・加鲁"
"4378","神祖の牙","武器","993","金币：23000；材料：武器 ID 352「夜の牙」×1；物品 ID 2「高級薬草」×1","金币：23000；材料：武器 ID 352「夜之牙」×1；物品 ID 2「高级药草」×1","神祖之牙"
"4378","神祖の牙","武器","2075","金币：23000；材料：武器 ID 352「夜の牙」×1；物品 ID 835「超蛭蟲細胞」×1","金币：23000；材料：武器 ID 352「夜之牙」×1；物品 ID 835「超蛭虫细胞」×1","神祖之牙"
"4380","Tレックス","武器","1055","金币：28000；材料：武器 ID 359「古代竜の牙」×1；物品 ID 2「高級薬草」×1","金币：28000；材料：武器 ID 359「古代龙之牙」×1；物品 ID 2「高级药草」×1","T雷克斯"
"4380","Tレックス","武器","2137","金币：28000；材料：武器 ID 359「古代竜の牙」×1；物品 ID 845「神獣の爪」×1","金币：28000；材料：武器 ID 359「古代龙之牙」×1；物品 ID 845「神兽的爪」×1","T雷克斯"
"4382","ドラゴンクライ","武器","1121","金币：32800；材料：武器 ID 360「暴竜の牙・咆吼」×1；物品 ID 2「高級薬草」×1","金币：32800；材料：武器 ID 360「暴龙之牙・咆哮」×1；物品 ID 2「高级药草」×1","龙之咆哮"
"4382","ドラゴンクライ","武器","2203","金币：32800；材料：武器 ID 360「暴竜の牙・咆吼」×1；物品 ID 854「集合意識の甲殻」×1","金币：32800；材料：武器 ID 360「暴龙之牙・咆哮」×1；物品 ID 854「集合意识的甲壳」×1","龙之咆哮"
"4383","裂帛","武器","1185","金币：37000；材料：武器 ID 4369「ファング・オズマトロン」×1；物品 ID 2「高級薬草」×1","金币：37000；材料：武器 ID 4369「芬格・奥兹马特隆」×1；物品 ID 2「高级药草」×1","裂帛"
"4383","裂帛","武器","2267","金币：37000；材料：武器 ID 4369「ファング・オズマトロン」×1；物品 ID 863「竜神の牙」×1","金币：37000；材料：武器 ID 4369「芬格・奥兹马特隆」×1；物品 ID 863「龙神的牙齿」×1","裂帛"
"4384","四聖西覇白虎の牙","武器","1246","金币：41400；材料：武器 ID 358「西覇白虎の牙」×1；物品 ID 2「高級薬草」×1","金币：41400；材料：武器 ID 358「西霸白虎之牙」×1；物品 ID 2「高级药草」×1","四圣西霸白虎之牙"
"4384","四聖西覇白虎の牙","武器","2350","金币：41400；材料：武器 ID 358「西覇白虎の牙」×1；物品 ID 867「古神の依代」×1","金币：41400；材料：武器 ID 358「西霸白虎之牙」×1；物品 ID 867「古神的依代」×1","四圣西霸白虎之牙"
"4386","終狼牙フェンリル","武器","1290","金币：41400；材料：武器 ID 4374「フェンリルの牙」×1；物品 ID 2「高級薬草」×1","金币：41400；材料：武器 ID 4374「芬里尔之牙」×1；物品 ID 2「高级药草」×1","终狼牙芬里尔"
"4386","終狼牙フェンリル","武器","2318","金币：41400；材料：武器 ID 4374「フェンリルの牙」×1；物品 ID 872「ヌル細胞」×1","金币：41400；材料：武器 ID 4374「芬里尔之牙」×1；物品 ID 872「努尔细胞」×1","终狼牙芬里尔"
"4387","覇竜牙バハムート","武器","1291","金币：41400；材料：武器 ID 4375「バハムートの牙」×1；物品 ID 2「高級薬草」×1","金币：41400；材料：武器 ID 4375「巴哈姆特之牙」×1；物品 ID 2「高级药草」×1","霸龙牙巴哈姆特"
"4387","覇竜牙バハムート","武器","2319","金币：41400；材料：武器 ID 4375「バハムートの牙」×1；物品 ID 874「包丁の破片」×1","金币：41400；材料：武器 ID 4375「巴哈姆特之牙」×1；物品 ID 874「菜刀的碎片」×1","霸龙牙巴哈姆特"
"4389","アポカリプス・アリス","武器","1399","金币：50600；材料：武器 ID 4373「アポカリプス・ワンダー」×1；物品 ID 2「高級薬草」×1","金币：50600；材料：武器 ID 4373「启示录・奇迹」×1；物品 ID 2「高级药草」×1","启示录・爱丽丝"
"4389","アポカリプス・アリス","武器","2447","金币：50600；材料：武器 ID 4373「アポカリプス・ワンダー」×1；物品 ID 884「魔王核熱結晶」×1","金币：50600；材料：武器 ID 4373「启示录・奇迹」×1；物品 ID 884「魔王核热结晶」×1","启示录・爱丽丝"
"4393","牛魔王の斧","武器","792","金币：23200；材料：武器 ID 392「ギガタウロスブレイク」×1；物品 ID 279「ネクストコア」×1","金币：23200；材料：武器 ID 392「巨人弥诺陶洛斯粉碎」×1；物品 ID 279「次世代核心」×1","牛魔王之斧"
"4394","聖斧アトラス","武器","793","金币：23200；材料：武器 ID 391「聖極光グランドメテオ」×1；物品 ID 287「世界蛇尾」×1","金币：23200；材料：武器 ID 391「圣极光大地流星」×1；物品 ID 287「世界蛇尾」×1","圣斧阿特拉斯"
"4397","真・土斧ノーム","武器","886","金币：26500；材料：武器 ID 393「土斧ノーム」×1；物品 ID 280「エレメントコア」×1","金币：26500；材料：武器 ID 393「土斧诺姆」×1；物品 ID 280「元素核心」×1","真・土斧诺姆"
"4399","マックスブレイカー","武器","927","金币：31000；材料：武器 ID 395「ルーンブレイカー」×1；物品 ID 2「高級薬草」×1","金币：31000；材料：武器 ID 395「符文破坏者」×1；物品 ID 2「高级药草」×1","最大破坏者"
"4399","マックスブレイカー","武器","2009","金币：31000；材料：武器 ID 395「ルーンブレイカー」×1；物品 ID 821「神の涙石」×1","金币：31000；材料：武器 ID 395「符文破坏者」×1；物品 ID 821「神的泪石」×1","最大破坏者"
"4400","オメガベルセルク","武器","959","金币：34000；材料：武器 ID 398「ベルセルク」×1；物品 ID 2「高級薬草」×1","金币：34000；材料：武器 ID 398「狂怒战士」×1；物品 ID 2「高级药草」×1","欧米伽狂怒战士"
"4400","オメガベルセルク","武器","2041","金币：34000；材料：武器 ID 398「ベルセルク」×1；物品 ID 830「究極の針」×1","金币：34000；材料：武器 ID 398「狂怒战士」×1；物品 ID 830「究极的针」×1","欧米伽狂怒战士"
"4401","ナノ分解魔神斧","武器","1026","金币：40000；材料：武器 ID 396「魔神斧ナノプラス」×1；物品 ID 2「高級薬草」×1","金币：40000；材料：武器 ID 396「魔神斧纳米加强版」×1；物品 ID 2「高级药草」×1","纳米分解魔神斧"
"4401","ナノ分解魔神斧","武器","2108","金币：40000；材料：武器 ID 396「魔神斧ナノプラス」×1；物品 ID 840「超無限細胞」×1","金币：40000；材料：武器 ID 396「魔神斧纳米加强版」×1；物品 ID 840「超无限细胞」×1","纳米分解魔神斧"
"4404","聖斧アトラスクロス","武器","1056","金币：45000；材料：武器 ID 4394「聖斧アトラス」×1；物品 ID 2「高級薬草」×1","金币：45000；材料：武器 ID 4394「圣斧阿特拉斯」×1；物品 ID 2「高级药草」×1","圣斧阿特拉斯十字"
"4404","聖斧アトラスクロス","武器","2138","金币：45000；材料：武器 ID 4394「聖斧アトラス」×1；物品 ID 846「神威の羽根」×1","金币：45000；材料：武器 ID 4394「圣斧阿特拉斯」×1；物品 ID 846「神威的羽毛」×1","圣斧阿特拉斯十字"
"4405","九首牛魔羅王","武器","1088","金币：48000；材料：武器 ID 4393「牛魔王の斧」×1；物品 ID 2「高級薬草」×1","金币：48000；材料：武器 ID 4393「牛魔王之斧」×1；物品 ID 2「高级药草」×1","九首牛魔罗王"
"4405","九首牛魔羅王","武器","2170","金币：48000；材料：武器 ID 4393「牛魔王の斧」×1；物品 ID 849「悪夢の胞子」×1","金币：48000；材料：武器 ID 4393「牛魔王之斧」×1；物品 ID 849「恶梦的孢子」×1","九首牛魔罗王"
"4406","冥帝斧","武器","1151","金币：56000；材料：武器 ID 4402「冥府斧」×1；物品 ID 2「高級薬草」×1","金币：56000；材料：武器 ID 4402「冥府之斧」×1；物品 ID 2「高级药草」×1","冥帝斧"
"4406","冥帝斧","武器","2233","金币：56000；材料：武器 ID 4402「冥府斧」×1；物品 ID 859「牛魔王の角」×1","金币：56000；材料：武器 ID 4402「冥府之斧」×1；物品 ID 859「牛魔王的角」×1","冥帝斧"
"4407","巨人の遺産","武器","1186","金币：59200；材料：武器 ID 397「巨人の斧・氷華」×1；物品 ID 2「高級薬草」×1","金币：59200；材料：武器 ID 397「巨人斧・冰华」×1；物品 ID 2「高级药草」×1","巨人之遗产"
"4407","巨人の遺産","武器","2268","金币：59200；材料：武器 ID 397「巨人の斧・氷華」×1；物品 ID 865「時の歯車」×1","金币：59200；材料：武器 ID 397「巨人斧・冰华」×1；物品 ID 865「时间的齿轮」×1","巨人之遗产"
"4408","真・烈土斧ノーム","武器","1247","金币：66600；材料：武器 ID 4397「真・土斧ノーム」×1；物品 ID 2「高級薬草」×1","金币：66600；材料：武器 ID 4397「真・土斧诺姆」×1；物品 ID 2「高级药草」×1","真・烈土斧诺姆"
"4408","真・烈土斧ノーム","武器","2362","金币：66600；材料：武器 ID 4397「真・土斧ノーム」×1；物品 ID 868「ハイエレメントコア」×1","金币：66600；材料：武器 ID 4397「真・土斧诺姆」×1；物品 ID 868「高阶元素核心」×1","真・烈土斧诺姆"
"4411","征服斧イスカンダル","武器","1292","金币：66600；材料：武器 ID 4395「イスカンダルの斧」×1；物品 ID 2「高級薬草」×1","金币：66600；材料：武器 ID 4395「伊斯坎达尔之斧」×1；物品 ID 2「高级药草」×1","征服斧伊斯坎达尔"
"4411","征服斧イスカンダル","武器","2320","金币：66600；材料：武器 ID 4395「イスカンダルの斧」×1；物品 ID 874「包丁の破片」×1","金币：66600；材料：武器 ID 4395「伊斯坎达尔之斧」×1；物品 ID 874「菜刀的碎片」×1","征服斧伊斯坎达尔"
"4412","蹂躙斧グラシャラボラス","武器","1293","金币：66600；材料：武器 ID 4396「グラシャラボラスの斧」×1；物品 ID 2「高級薬草」×1","金币：66600；材料：武器 ID 4396「格剌希亚拉波斯之斧」×1；物品 ID 2「高级药草」×1","蹂躏斧格剌希亚拉波斯"
"4412","蹂躙斧グラシャラボラス","武器","2321","金币：66600；材料：武器 ID 4396「グラシャラボラスの斧」×1；物品 ID 873「テラ甲殻」×1","金币：66600；材料：武器 ID 4396「格剌希亚拉波斯之斧」×1；物品 ID 873「大地甲壳」×1","蹂躏斧格剌希亚拉波斯"
"4414","鬼神棍棒","武器","617","金币：12800；材料：武器 ID 437「鬼棍棒」×1；物品 ID 267「極竜の牙」×1","金币：12800；材料：武器 ID 437「鬼棍棒」×1；物品 ID 267「极龙之牙」×1","鬼神棍棒"
"4415","那由多螺旋如意棒","武器","704","金币：15000；材料：武器 ID 433「螺旋如意棒」×1；物品 ID 268「無限細胞」×1","金币：15000；材料：武器 ID 433「螺旋如意棒」×1；物品 ID 268「无限细胞」×1","那由多螺旋如意棒"
"4416","超奇跡の棍","武器","705","金币：15000；材料：武器 ID 432「大奇跡の棍」×1；物品 ID 256「恩寵の羽根」×1","金币：15000；材料：武器 ID 432「大奇迹之棍」×1；物品 ID 256「恩宠的羽毛」×1","超奇迹之棍"
"4420","女神の棍","武器","795","金币：20200；材料：武器 ID 4416「超奇跡の棍」×1；物品 ID 273「ハインリヒ細胞」×1","金币：20200；材料：武器 ID 4416「超奇迹之棍」×1；物品 ID 273「海因里希细胞」×1","女神之棍"
"4421","死界樹のハンマー","武器","794","金币：20200；材料：武器 ID 435「世界樹のハンマー」×1；物品 ID 274「ゾンビハート」×1","金币：20200；材料：武器 ID 435「世界树之锤」×1；物品 ID 274「僵尸心脏」×1","死界树之锤"
"4424","天魔神殺如意棒","武器","890","金币：22700；材料：武器 ID 4415「那由多螺旋如意棒」×1；物品 ID 273「ハインリヒ細胞」×1","金币：22700；材料：武器 ID 4415「那由多螺旋如意棒」×1；物品 ID 273「海因里希细胞」×1","天魔神杀如意棒"
"4426","聖棍ギルアンヘル","武器","928","金币：27000；材料：武器 ID 4420「女神の棍」×1；物品 ID 2「高級薬草」×1","金币：27000；材料：武器 ID 4420「女神之棍」×1；物品 ID 2「高级药草」×1","圣棍吉尔安赫尔"
"4426","聖棍ギルアンヘル","武器","2010","金币：27000；材料：武器 ID 4420「女神の棍」×1；物品 ID 824「黙示の羽根」×1","金币：27000；材料：武器 ID 4420「女神之棍」×1；物品 ID 824「启示的羽毛」×1","圣棍吉尔安赫尔"
"4427","ペルセポネー","武器","994","金币：32000；材料：武器 ID 4421「死界樹のハンマー」×1；物品 ID 2「高級薬草」×1","金币：32000；材料：武器 ID 4421「死界树之锤」×1；物品 ID 2「高级药草」×1","珀耳塞福涅"
"4427","ペルセポネー","武器","2076","金币：32000；材料：武器 ID 4421「死界樹のハンマー」×1；物品 ID 835「超蛭蟲細胞」×1","金币：32000；材料：武器 ID 4421「死界树之锤」×1；物品 ID 835「超蛭虫细胞」×1","珀耳塞福涅"
"4430","鬼哭","武器","1057","金币：39000；材料：武器 ID 4414「鬼神棍棒」×1；物品 ID 2「高級薬草」×1","金币：39000；材料：武器 ID 4414「鬼神棍棒」×1；物品 ID 2「高级药草」×1","鬼哭"
"4430","鬼哭","武器","2139","金币：39000；材料：武器 ID 4414「鬼神棍棒」×1；物品 ID 843「終焉の結晶」×1","金币：39000；材料：武器 ID 4414「鬼神棍棒」×1；物品 ID 843「终焉的结晶」×1","鬼哭"
"4431","虚無金槌","武器","1089","金币：41000；材料：武器 ID 436「真・混沌魔神金槌」×1；物品 ID 2「高級薬草」×1","金币：41000；材料：武器 ID 436「真・混沌魔神金槌」×1；物品 ID 2「高级药草」×1","虚无金槌"
"4431","虚無金槌","武器","2171","金币：41000；材料：武器 ID 436「真・混沌魔神金槌」×1；物品 ID 851「量子の歯車」×1","金币：41000；材料：武器 ID 436「真・混沌魔神金槌」×1；物品 ID 851「量子的齿轮」×1","虚无金槌"
"4434","クロマニヨン","武器","1187","金币：52500；材料：武器 ID 439「バーバリアン」×1；物品 ID 2「高級薬草」×1","金币：52500；材料：武器 ID 439「野蛮人」×1；物品 ID 2「高级药草」×1","克罗玛尼翁"
"4434","クロマニヨン","武器","2269","金币：52500；材料：武器 ID 439「バーバリアン」×1；物品 ID 865「時の歯車」×1","金币：52500；材料：武器 ID 439「野蛮人」×1；物品 ID 865「时间的齿轮」×1","克罗玛尼翁"
"4435","四海大聖如意棒","武器","1248","金币：54000；材料：武器 ID 4424「天魔神殺如意棒」×1；物品 ID 2「高級薬草」×1","金币：54000；材料：武器 ID 4424「天魔神杀如意棒」×1；物品 ID 2「高级药草」×1","四海大圣如意棒"
"4435","四海大聖如意棒","武器","2351","金币：54000；材料：武器 ID 4424「天魔神殺如意棒」×1；物品 ID 867「古神の依代」×1","金币：54000；材料：武器 ID 4424「天魔神杀如意棒」×1；物品 ID 867「古神的依代」×1","四海大圣如意棒"
"4438","憤怒棍ヘラクレス","武器","1294","金币：57600；材料：武器 ID 4422「ヘラクレスの棍棒」×1；物品 ID 2「高級薬草」×1","金币：57600；材料：武器 ID 4422「赫拉克勒斯之棍」×1；物品 ID 2「高级药草」×1","愤怒棍 赫拉克勒斯"
"4438","憤怒棍ヘラクレス","武器","2322","金币：57600；材料：武器 ID 4422「ヘラクレスの棍棒」×1；物品 ID 870「名状しがたき触手」×1","金币：57600；材料：武器 ID 4422「赫拉克勒斯之棍」×1；物品 ID 870「难以名状的触手」×1","愤怒棍 赫拉克勒斯"
"4439","英傑棍ダグザ","武器","1295","金币：57600；材料：武器 ID 4423「ダグザの棍棒」×1；物品 ID 2「高級薬草」×1","金币：57600；材料：武器 ID 4423「达格达之棍」×1；物品 ID 2「高级药草」×1","英杰棍达格达"
"4439","英傑棍ダグザ","武器","2323","金币：57600；材料：武器 ID 4423「ダグザの棍棒」×1；物品 ID 871「次元浸食細胞」×1","金币：57600；材料：武器 ID 4423「达格达之棍」×1；物品 ID 871「次元浸蚀细胞」×1","英杰棍达格达"
"4440","雷神のミョルニル","武器","1326","金币：65000；材料：武器 ID 438「竜殺しのミョルニル」×1；物品 ID 2「高級薬草」×1","金币：65000；材料：武器 ID 438「屠龙之锤 雷神之锤」×1；物品 ID 2「高级药草」×1","雷神之锤"
"4440","雷神のミョルニル","武器","2370","金币：65000；材料：武器 ID 438「竜殺しのミョルニル」×1；物品 ID 878「カオスマター」×1；物品 ID 880「雷土の結晶石」×1","金币：65000；材料：武器 ID 438「屠龙之锤 雷神之锤」×1；物品 ID 878「混沌物质」×1；物品 ID 880「雷土的结晶石」×1","雷神之锤"
"4442","輪廻棍エクスソニア","武器","1418","金币：70400；材料：武器 ID 4417「記憶の棍棒」×1；武器 ID 4436「輪廻の棍棒」×1；物品 ID 2「高級薬草」×1","金币：70400；材料：武器 ID 4417「记忆的棍棒」×1；武器 ID 4436「轮回之棍棒」×1；物品 ID 2「高级药草」×1","轮回棍 艾克斯索尼娅"
"4442","輪廻棍エクスソニア","武器","2495","金币：70400；材料：武器 ID 4436「輪廻の棍棒」×1；物品 ID 887「反物質」×1","金币：70400；材料：武器 ID 4436「轮回之棍棒」×1；物品 ID 887「反物质」×1","轮回棍 艾克斯索尼娅"
"4444","妖狩斬魂鎌","武器","678","金币：11000；材料：武器 ID 466「斬魂鎌」×1；物品 ID 263「神物の破片」×1","金币：11000；材料：武器 ID 466「斩魂镰」×1；物品 ID 263「神物碎片」×1","妖狩斩魂镰"
"4445","蒼魔の万鎌","武器","707","金币：11900；材料：武器 ID 467「蒼魔の鎌」×1；物品 ID 282「蛭蟲細胞」×1","金币：11900；材料：武器 ID 467「苍魔镰」×1；物品 ID 282「蛭虫细胞」×1","苍魔的万镰"
"4446","ヘルクリムゾン","武器","706","金币：11900；材料：武器 ID 465「アーククリムゾン」×1；物品 ID 269「終蟲の甲殻」×1","金币：11900；材料：武器 ID 465「弧形绯红」×1；物品 ID 269「终虫甲壳」×1","地狱绯红"
"4449","万魂陰陽鎌","武器","797","金币：15700；材料：武器 ID 469「九魂陰陽鎌」×1；物品 ID 284「シヴァの髪」×1","金币：15700；材料：武器 ID 469「九魂阴阳镰」×1；物品 ID 284「湿婆的头发」×1","万魂阴阳镰"
"4450","ジエンドシックル","武器","796","金币：15700；材料：武器 ID 456「コキュートスシックル」×1；物品 ID 274「ゾンビハート」×1","金币：15700；材料：武器 ID 456「阴魂镰」×1；物品 ID 274「僵尸心脏」×1","杰恩多刺骨镰"
"4454","滅・妖狩斬魂鎌","武器","995","金币：24500；材料：武器 ID 4444「妖狩斬魂鎌」×1；物品 ID 2「高級薬草」×1","金币：24500；材料：武器 ID 4444「妖狩斩魂镰」×1；物品 ID 2「高级药草」×1","灭・妖狩斩魂镰"
"4454","滅・妖狩斬魂鎌","武器","2077","金币：24500；材料：武器 ID 4444「妖狩斬魂鎌」×1；物品 ID 834「シャインエキス」×1","金币：24500；材料：武器 ID 4444「妖狩斩魂镰」×1；物品 ID 834「闪耀精华」×1","灭・妖狩斩魂镰"
"4455","ヘルソウル","武器","1027","金币：26500；材料：武器 ID 4446「ヘルクリムゾン」×1；物品 ID 2「高級薬草」×1","金币：26500；材料：武器 ID 4446「地狱绯红」×1；物品 ID 2「高级药草」×1","地狱灵魂"
"4455","ヘルソウル","武器","2109","金币：26500；材料：武器 ID 4446「ヘルクリムゾン」×1；物品 ID 839「冥府の髪」×1","金币：26500；材料：武器 ID 4446「地狱绯红」×1；物品 ID 839「冥府的头发」×1","地狱灵魂"
"4458","あやかし蒼魔","武器","1090","金币：32500；材料：武器 ID 4445「蒼魔の万鎌」×1；物品 ID 2「高級薬草」×1","金币：32500；材料：武器 ID 4445「苍魔的万镰」×1；物品 ID 2「高级药草」×1","妖异苍魔"
"4458","あやかし蒼魔","武器","2172","金币：32500；材料：武器 ID 4445「蒼魔の万鎌」×1；物品 ID 850「冥界のパウダー」×1","金币：32500；材料：武器 ID 4445「苍魔的万镰」×1；物品 ID 850「冥界的粉末」×1","妖异苍魔"
"4459","克己覇道","武器","1152","金币：34300；材料：武器 ID 4449「万魂陰陽鎌」×1；物品 ID 2「高級薬草」×1","金币：34300；材料：武器 ID 4449「万魂阴阳镰」×1；物品 ID 2「高级药草」×1","克己霸道"
"4459","克己覇道","武器","2234","金币：34300；材料：武器 ID 4449「万魂陰陽鎌」×1；物品 ID 856「不滅の黒片」×1","金币：34300；材料：武器 ID 4449「万魂阴阳镰」×1；物品 ID 856「不灭的黑片」×1","克己霸道"
"4462","冥獄鎌ハデス","武器","1296","金币：44100；材料：武器 ID 4451「ハデスの鎌」×1；物品 ID 2「高級薬草」×1","金币：44100；材料：武器 ID 4451「哈迪斯之镰」×1；物品 ID 2「高级药草」×1","冥狱镰哈迪斯"
"4462","冥獄鎌ハデス","武器","2324","金币：44100；材料：武器 ID 4451「ハデスの鎌」×1；物品 ID 937「カオスクリスタル」×1","金币：44100；材料：武器 ID 4451「哈迪斯之镰」×1；物品 ID 937「混沌水晶」×1","冥狱镰哈迪斯"
"4463","光獄鎌ヘル","武器","1297","金币：44100；材料：武器 ID 4452「ヘルの鎌」×1；物品 ID 2「高級薬草」×1","金币：44100；材料：武器 ID 4452「海拉之镰」×1；物品 ID 2「高级药草」×1","光狱镰海拉"
"4463","光獄鎌ヘル","武器","2325","金币：44100；材料：武器 ID 4452「ヘルの鎌」×1；物品 ID 936「カオスダイヤモンド」×1","金币：44100；材料：武器 ID 4452「海拉之镰」×1；物品 ID 936「混沌钻石」×1","光狱镰海拉"
"4464","冥府黄泉舞鎌","武器","1327","金币：49000；材料：武器 ID 468「黄泉の鎌」×1；物品 ID 2「高級薬草」×1","金币：49000；材料：武器 ID 468「黄泉之镰」×1；物品 ID 2「高级药草」×1","冥府黄泉舞镰"
"4464","冥府黄泉舞鎌","武器","2371","金币：49000；材料：武器 ID 468「黄泉の鎌」×1；物品 ID 878「カオスマター」×1；物品 ID 881「混沌水銀」×1","金币：49000；材料：武器 ID 468「黄泉之镰」×1；物品 ID 878「混沌物质」×1；物品 ID 881「混沌水银」×1","冥府黄泉舞镰"
"4466","永劫と終焉の鎌","武器","1419","金币：53900；材料：武器 ID 470「エターナルシックル」×1；武器 ID 4450「ジエンドシックル」×1；物品 ID 2「高級薬草」×1","金币：53900；材料：武器 ID 470「永恒镰」×1；武器 ID 4450「杰恩多刺骨镰」×1；物品 ID 2「高级药草」×1","永劫与终焉之镰"
"4466","永劫と終焉の鎌","武器","2496","金币：53900；材料：武器 ID 470「エターナルシックル」×1；武器 ID 4450「ジエンドシックル」×1；物品 ID 888「アルテマコア」×1","金币：53900；材料：武器 ID 470「永恒镰」×1；武器 ID 4450「杰恩多刺骨镰」×1；物品 ID 888「究极核心」×1","永劫与终焉之镰"
"4467","黒廻鎌ニフタ・テロス","武器","1420","金币：54200；材料：武器 ID 468「黄泉の鎌」×1；武器 ID 4460「死神の鎌」×1；物品 ID 2「高級薬草」×1","金币：54200；材料：武器 ID 468「黄泉之镰」×1；武器 ID 4460「死神之镰」×1；物品 ID 2「高级药草」×1","黑回镰尼菲特・泰罗斯"
"4467","黒廻鎌ニフタ・テロス","武器","2497","金币：54200；材料：武器 ID 4460「死神の鎌」×1；武器 ID 4464「冥府黄泉舞鎌」×1；物品 ID 887「反物質」×1","金币：54200；材料：武器 ID 4460「死神之镰」×1；武器 ID 4464「冥府黄泉舞镰」×1；物品 ID 887「反物质」×1","黑回镰尼菲特・泰罗斯"
"4469","シャインマーメイド","武器","709","金币：12500；材料：武器 ID 504「マーメイドの杖」×1；物品 ID 262「神々しい花びら」×1","金币：12500；材料：武器 ID 504「人鱼之杖」×1；物品 ID 262「神圣花瓣」×1","闪耀人鱼"
"4472","女神の杖","武器","799","金币：17800；材料：武器 ID 499「輝ける奇跡の杖」×1；物品 ID 273「ハインリヒ細胞」×1","金币：17800；材料：武器 ID 499「闪耀奇迹之杖」×1；物品 ID 273「海因里希细胞」×1","女神之杖"
"4473","シャイントリニティ","武器","798","金币：17800；材料：武器 ID 498「カオストリニティ」×1；物品 ID 277「究極の羽根」×1","金币：17800；材料：武器 ID 498「混沌三位一体」×1；物品 ID 277「究极之羽」×1","闪耀混沌"
"4474","デミウルゴスXX","武器","800","金币：17800；材料：武器 ID 506「デミウルゴス」×1；物品 ID 282「蛭蟲細胞」×1","金币：17800；材料：武器 ID 506「迪米乌哥斯」×1；物品 ID 282「蛭虫细胞」×1","迪米乌哥斯XX"
"4478","アルテマトリニティ","武器","929","金币：23500；材料：武器 ID 4473「シャイントリニティ」×1；物品 ID 2「高級薬草」×1","金币：23500；材料：武器 ID 4473「闪耀混沌」×1；物品 ID 2「高级药草」×1","最终合一"
"4478","アルテマトリニティ","武器","2011","金币：23500；材料：武器 ID 4473「シャイントリニティ」×1；物品 ID 824「黙示の羽根」×1","金币：23500；材料：武器 ID 4473「闪耀混沌」×1；物品 ID 824「启示的羽毛」×1","最终合一"
"4479","乙姫","武器","960","金币：25500；材料：武器 ID 4469「シャインマーメイド」×1；物品 ID 2「高級薬草」×1","金币：25500；材料：武器 ID 4469「闪耀人鱼」×1；物品 ID 2「高级药草」×1","乙姬"
"4479","乙姫","武器","2042","金币：25500；材料：武器 ID 4469「シャインマーメイド」×1；物品 ID 827「深淵の触手」×1","金币：25500；材料：武器 ID 4469「闪耀人鱼」×1；物品 ID 827「深渊的触手」×1","乙姬"
"4480","オーバーエリシクル","武器","996","金币：28000；材料：武器 ID 501「エリシクルスタッフ」×1；物品 ID 2「高級薬草」×1","金币：28000；材料：武器 ID 501「艾利西克鲁斯塔夫」×1；物品 ID 2「高级药草」×1","超艾利西克"
"4480","オーバーエリシクル","武器","2078","金币：28000；材料：武器 ID 501「エリシクルスタッフ」×1；物品 ID 832「魔海の珊瑚」×1","金币：28000；材料：武器 ID 501「艾利西克鲁斯塔夫」×1；物品 ID 832「魔海的珊瑚」×1","超艾利西克"
"4482","コスモス","武器","1058","金币：34000；材料：武器 ID 505「銀河の杖」×1；物品 ID 2「高級薬草」×1","金币：34000；材料：武器 ID 505「银河之杖」×1；物品 ID 2「高级药草」×1","宇宙神蝶"
"4482","コスモス","武器","2140","金币：34000；材料：武器 ID 505「銀河の杖」×1；物品 ID 847「アンノウンセル」×1","金币：34000；材料：武器 ID 505「银河之杖」×1；物品 ID 847「未知之卵」×1","宇宙神蝶"
"4483","デミウルゴス∞","武器","1091","金币：37000；材料：武器 ID 4474「デミウルゴスXX」×1；物品 ID 2「高級薬草」×1","金币：37000；材料：武器 ID 4474「迪米乌哥斯XX」×1；物品 ID 2「高级药草」×1","迪米乌哥斯∞"
"4483","デミウルゴス∞","武器","2173","金币：37000；材料：武器 ID 4474「デミウルゴスXX」×1；物品 ID 852「ゼロマター」×1","金币：37000；材料：武器 ID 4474「迪米乌哥斯XX」×1；物品 ID 852「零物质」×1","迪米乌哥斯∞"
"4486","オメガアデプタス","武器","1153","金币：42500；材料：武器 ID 507「アデプタス」×1；物品 ID 2「高級薬草」×1","金币：42500；材料：武器 ID 507「阿德普塔斯」×1；物品 ID 2「高级药草」×1","欧米伽适配者"
"4486","オメガアデプタス","武器","2235","金币：42500；材料：武器 ID 507「アデプタス」×1；物品 ID 858「大淫婦の尻尾」×1","金币：42500；材料：武器 ID 507「阿德普塔斯」×1；物品 ID 858「大淫妇的尾巴」×1","欧米伽适配者"
"4487","アヴェ・マリア","武器","1188","金币：45500；材料：武器 ID 4472「女神の杖」×1；物品 ID 2「高級薬草」×1","金币：45500；材料：武器 ID 4472「女神之杖」×1；物品 ID 2「高级药草」×1","圣母玛利亚"
"4487","アヴェ・マリア","武器","2270","金币：45500；材料：武器 ID 4472「女神の杖」×1；物品 ID 864「虹色の羽根」×1","金币：45500；材料：武器 ID 4472「女神之杖」×1；物品 ID 864「彩虹色的羽毛」×1","圣母玛利亚"
"4489","神鳴杖ホルス","武器","1298","金币：50400；材料：武器 ID 4475「ホルスの杖」×1；物品 ID 2「高級薬草」×1","金币：50400；材料：武器 ID 4475「荷鲁斯之杖」×1；物品 ID 2「高级药草」×1","神鸣杖荷鲁斯"
"4489","神鳴杖ホルス","武器","2326","金币：50400；材料：武器 ID 4475「ホルスの杖」×1；物品 ID 936「カオスダイヤモンド」×1","金币：50400；材料：武器 ID 4475「荷鲁斯之杖」×1；物品 ID 936「混沌钻石」×1","神鸣杖荷鲁斯"
"4490","誓刻杖トト","武器","1299","金币：50400；材料：武器 ID 4476「トトの杖」×1；物品 ID 2「高級薬草」×1","金币：50400；材料：武器 ID 4476「托特之杖」×1；物品 ID 2「高级药草」×1","誓刻杖托特"
"4490","誓刻杖トト","武器","2327","金币：50400；材料：武器 ID 4476「トトの杖」×1；物品 ID 870「名状しがたき触手」×1","金币：50400；材料：武器 ID 4476「托特之杖」×1；物品 ID 870「难以名状的触手」×1","誓刻杖托特"
"4491","神雷杖ゼウス","武器","1328","金币：56000；材料：武器 ID 4485「ゼウスの雷霆」×1；物品 ID 2「高級薬草」×1","金币：56000；材料：武器 ID 4485「宙斯之雷霆」×1；物品 ID 2「高级药草」×1","神雷杖宙斯"
"4491","神雷杖ゼウス","武器","2372","金币：56000；材料：武器 ID 4485「ゼウスの雷霆」×1；物品 ID 878「カオスマター」×1；物品 ID 880「雷土の結晶石」×1","金币：56000；材料：武器 ID 4485「宙斯之雷霆」×1；物品 ID 878「混沌物质」×1；物品 ID 880「雷土的结晶石」×1","神雷杖宙斯"
"4494","ポルターガイスト","武器","621","金币：12000；材料：武器 ID 543「ファントムロッド」×1；物品 ID 261「神蟲の鱗粉」×1","金币：12000；材料：武器 ID 543「幻影法杖」×1；物品 ID 261「神虫鳞粉」×1","波尔塔加斯特"
"4495","ハイプリンセスガード","武器","679","金币：12300；材料：武器 ID 537「プリンセスガード」×1；物品 ID 262「神々しい花びら」×1","金币：12300；材料：武器 ID 537「公主护卫」×1；物品 ID 262「神圣花瓣」×1","高阶公主护卫"
"4497","インフィニティクロニクル","武器","710","金币：13000；材料：武器 ID 542「ワールドクロニクル」×1；物品 ID 268「無限細胞」×1","金币：13000；材料：武器 ID 542「世界编年史」×1；物品 ID 268「无限细胞」×1","无限编年史"
"4498","魔女のロッド","武器","711","金币：13000；材料：武器 ID 4496「魔法少女のロッド」×1；物品 ID 282「蛭蟲細胞」×1","金币：13000；材料：武器 ID 4496「魔法少女的法杖」×1；物品 ID 282「蛭虫细胞」×1","魔女的法杖"
"4503","カオスドラグナー","武器","801","金币：17800；材料：武器 ID 540「マスタードラグナー」×1；物品 ID 272「黒のアリス細胞」×1","金币：17800；材料：武器 ID 540「大师龙」×1；物品 ID 272「黑之爱丽丝细胞」×1","混沌龙枪"
"4504","カオスウィザード","武器","802","金币：17800；材料：武器 ID 541「マスターウィザード」×1；物品 ID 283「カオスニウム」×1","金币：17800；材料：武器 ID 541「大师巫师」×1；物品 ID 283「混沌结晶」×1","混沌巫师"
"4507","アリスクロニクル","武器","891","金币：19000；材料：武器 ID 4497「インフィニティクロニクル」×1；物品 ID 272「黒のアリス細胞」×1","金币：19000；材料：武器 ID 4497「无限编年史」×1；物品 ID 272「黑之爱丽丝细胞」×1","爱丽丝编年史"
"4509","アルテマドラグナー","武器","930","金币：23000；材料：武器 ID 4503「カオスドラグナー」×1；物品 ID 2「高級薬草」×1","金币：23000；材料：武器 ID 4503「混沌龙枪」×1；物品 ID 2「高级药草」×1","究极龙骑士"
"4509","アルテマドラグナー","武器","2012","金币：23000；材料：武器 ID 4503「カオスドラグナー」×1；物品 ID 824「黙示の羽根」×1","金币：23000；材料：武器 ID 4503「混沌龙枪」×1；物品 ID 824「启示的羽毛」×1","究极龙骑士"
"4510","ゴーストファンタスティック","武器","961","金币：25000；材料：武器 ID 4494「ポルターガイスト」×1；物品 ID 2「高級薬草」×1","金币：25000；材料：武器 ID 4494「波尔塔加斯特」×1；物品 ID 2「高级药草」×1","幽灵幻想"
"4510","ゴーストファンタスティック","武器","2043","金币：25000；材料：武器 ID 4494「ポルターガイスト」×1；物品 ID 827「深淵の触手」×1","金币：25000；材料：武器 ID 4494「波尔塔加斯特」×1；物品 ID 827「深渊的触手」×1","幽灵幻想"
"4511","マスターワーム","武器","997","金币：28000；材料：武器 ID 4500「侵蝕されたロッド」×1；物品 ID 2「高級薬草」×1","金币：28000；材料：武器 ID 4500「被侵蚀的法杖」×1；物品 ID 2「高级药草」×1","大师蠕虫"
"4511","マスターワーム","武器","2079","金币：28000；材料：武器 ID 4500「侵蝕されたロッド」×1；物品 ID 835「超蛭蟲細胞」×1","金币：28000；材料：武器 ID 4500「被侵蚀的法杖」×1；物品 ID 835「超蛭虫细胞」×1","大师蠕虫"
"4512","ツインスパークル","武器","1028","金币：31000；材料：武器 ID 544「大自然のロッド」×1；物品 ID 2「高級薬草」×1","金币：31000；材料：武器 ID 544「大自然的法杖」×1；物品 ID 2「高级药草」×1","双闪烁"
"4512","ツインスパークル","武器","2110","金币：31000；材料：武器 ID 544「大自然のロッド」×1；物品 ID 840「超無限細胞」×1","金币：31000；材料：武器 ID 544「大自然的法杖」×1；物品 ID 840「超无限细胞」×1","双闪烁"
"4514","セイブザクィーン","武器","1059","金币：34000；材料：武器 ID 4495「ハイプリンセスガード」×1；物品 ID 2「高級薬草」×1","金币：34000；材料：武器 ID 4495「高阶公主护卫」×1；物品 ID 2「高级药草」×1","拯救女王"
"4514","セイブザクィーン","武器","2141","金币：34000；材料：武器 ID 4495「ハイプリンセスガード」×1；物品 ID 844「大淫魔の尻尾」×1","金币：34000；材料：武器 ID 4495「高阶公主护卫」×1；物品 ID 844「大淫魔的尾巴」×1","拯救女王"
"4516","究極魔法少女のロッド","武器","1092","金币：36000；材料：武器 ID 4498「魔女のロッド」×1；物品 ID 2「高級薬草」×1","金币：36000；材料：武器 ID 4498「魔女的法杖」×1；物品 ID 2「高级药草」×1","究极魔法少女的法杖"
"4516","究極魔法少女のロッド","武器","2174","金币：36000；材料：武器 ID 4498「魔女のロッド」×1；物品 ID 852「ゼロマター」×1","金币：36000；材料：武器 ID 4498「魔女的法杖」×1；物品 ID 852「零物质」×1","究极魔法少女的法杖"
"4517","聖杖メシアン","武器","1093","金币：36000；材料：武器 ID 546「メシアソーサラー」×1；物品 ID 2「高級薬草」×1","金币：36000；材料：武器 ID 546「救世主法师」×1；物品 ID 2「高级药草」×1","圣杖弥赛亚"
"4517","聖杖メシアン","武器","2175","金币：36000；材料：武器 ID 546「メシアソーサラー」×1；物品 ID 848「永遠の鱗」×1","金币：36000；材料：武器 ID 546「救世主法师」×1；物品 ID 848「永恒的鳞片」×1","圣杖弥赛亚"
"4518","夢真彗星","武器","1122","金币：39200；材料：武器 ID 4499「メテオロッド」×1；物品 ID 2「高級薬草」×1","金币：39200；材料：武器 ID 4499「陨石法杖」×1；物品 ID 2「高级药草」×1","梦真彗星"
"4518","夢真彗星","武器","2204","金币：39200；材料：武器 ID 4499「メテオロッド」×1；物品 ID 854「集合意識の甲殻」×1","金币：39200；材料：武器 ID 4499「陨石法杖」×1；物品 ID 854「集合意识的甲壳」×1","梦真彗星"
"4519","黙示の刻","武器","1154","金币：42000；材料：武器 ID 545「大召喚士のロッド」×1；物品 ID 2「高級薬草」×1","金币：42000；材料：武器 ID 545「大召唤士的法杖」×1；物品 ID 2「高级药草」×1","默示之刻"
"4519","黙示の刻","武器","2236","金币：42000；材料：武器 ID 545「大召喚士のロッド」×1；物品 ID 858「大淫婦の尻尾」×1","金币：42000；材料：武器 ID 545「大召唤士的法杖」×1；物品 ID 858「大淫妇的尾巴」×1","默示之刻"
"4520","アルテマウィザード","武器","1189","金币：44800；材料：武器 ID 4504「カオスウィザード」×1；物品 ID 2「高級薬草」×1","金币：44800；材料：武器 ID 4504「混沌巫师」×1；物品 ID 2「高级药草」×1","究极魔法师"
"4520","アルテマウィザード","武器","2271","金币：44800；材料：武器 ID 4504「カオスウィザード」×1；物品 ID 862「栄光の角」×1","金币：44800；材料：武器 ID 4504「混沌巫师」×1；物品 ID 862「荣耀的角」×1","究极魔法师"
"4522","創世杖ブラフマー","武器","1300","金币：50400；材料：武器 ID 4505「ブラフマーロッド」×1；物品 ID 2「高級薬草」×1","金币：50400；材料：武器 ID 4505「梵天之法杖」×1；物品 ID 2「高级药草」×1","创世杖梵天"
"4522","創世杖ブラフマー","武器","2328","金币：50400；材料：武器 ID 4505「ブラフマーロッド」×1；物品 ID 936「カオスダイヤモンド」×1","金币：50400；材料：武器 ID 4505「梵天之法杖」×1；物品 ID 936「混沌钻石」×1","创世杖梵天"
"4523","虐悪杖アーリマン","武器","1301","金币：50400；材料：武器 ID 4506「アーリマンロッド」×1；物品 ID 2「高級薬草」×1","金币：50400；材料：武器 ID 4506「阿里曼法杖」×1；物品 ID 2「高级药草」×1","虐恶杖阿里曼"
"4523","虐悪杖アーリマン","武器","2329","金币：50400；材料：武器 ID 4506「アーリマンロッド」×1；物品 ID 937「カオスクリスタル」×1","金币：50400；材料：武器 ID 4506「阿里曼法杖」×1；物品 ID 937「混沌水晶」×1","虐恶杖阿里曼"
"4525","邪皇杖カオスクロニクル","武器","1400","金币：61600；材料：武器 ID 4507「アリスクロニクル」×1；物品 ID 2「高級薬草」×1","金币：61600；材料：武器 ID 4507「爱丽丝编年史」×1；物品 ID 2「高级药草」×1","邪皇杖混沌编年史"
"4525","邪皇杖カオスクロニクル","武器","2448","金币：56000；材料：武器 ID 4507「アリスクロニクル」×1；物品 ID 884「魔王核熱結晶」×1","金币：56000；材料：武器 ID 4507「爱丽丝编年史」×1；物品 ID 884「魔王核热结晶」×1","邪皇杖混沌编年史"
"4527","堕天使の弓矢","武器","623","金币：11200；材料：武器 ID 578「流星の弓」×1；物品 ID 263「神物の破片」×1","金币：11200；材料：武器 ID 578「流星制之弓」×1；物品 ID 263「神物碎片」×1","堕天使之弓"
"4528","与一の弓・黄泉","武器","680","金币：12000；材料：武器 ID 585「与一の弓・降魔」×1；物品 ID 269「終蟲の甲殻」×1","金币：12000；材料：武器 ID 585「与一之弓・降魔」×1；物品 ID 269「终虫甲壳」×1","与一之弓・黄泉"
"4529","真・滅竜弓","武器","712","金币：12500；材料：武器 ID 584「竜殺しの弓」×1；物品 ID 269「終蟲の甲殻」×1","金币：12500；材料：武器 ID 584「屠龙之弓」×1；物品 ID 269「终虫甲壳」×1","真・灭龙弓"
"4530","無限の弓矢","武器","713","金币：12500；材料：武器 ID 584「竜殺しの弓」×1；物品 ID 282「蛭蟲細胞」×1","金币：12500；材料：武器 ID 584「屠龙之弓」×1；物品 ID 282「蛭虫细胞」×1","无限之弓箭"
"4533","全魔の狩人","武器","804","金币：17800；材料：武器 ID 579「万魔の狩人」×1；物品 ID 285「モルボルの花びら」×1","金币：17800；材料：武器 ID 579「万魔猎人」×1；物品 ID 285「魔界花的花瓣」×1","全魔猎人"
"4534","アルテマキラー","武器","803","金币：17800；材料：武器 ID 580「カオスキラー」×1；物品 ID 279「ネクストコア」×1","金币：17800；材料：武器 ID 580「混沌杀手」×1；物品 ID 279「次世代核心」×1","究极杀手"
"4537","明星の弓矢","武器","904","金币：18500；材料：武器 ID 587「神罰の弓」×1；武器 ID 4527「堕天使の弓矢」×1；物品 ID 276「ルカ細胞」×1","金币：18500；材料：武器 ID 587「神罚之弓」×1；武器 ID 4527「堕天使之弓」×1；物品 ID 276「鲁卡细胞」×1","明星之弓"
"4540","滅竜神弓","武器","931","金币：23000；材料：武器 ID 4529「真・滅竜弓」×1；物品 ID 2「高級薬草」×1","金币：23000；材料：武器 ID 4529「真・灭龙弓」×1；物品 ID 2「高级药草」×1","灭龙神弓"
"4540","滅竜神弓","武器","2013","金币：23000；材料：武器 ID 4529「真・滅竜弓」×1；物品 ID 825「ダークマター」×1","金币：23000；材料：武器 ID 4529「真・灭龙弓」×1；物品 ID 825「暗物质」×1","灭龙神弓"
"4541","エルフィンオルド","武器","998","金币：28000；材料：武器 ID 586「エルフィンバースト」×1；物品 ID 2「高級薬草」×1","金币：28000；材料：武器 ID 586「精灵爆发」×1；物品 ID 2「高级药草」×1","精灵之弓"
"4541","エルフィンオルド","武器","2080","金币：28000；材料：武器 ID 586「エルフィンバースト」×1；物品 ID 834「シャインエキス」×1","金币：28000；材料：武器 ID 586「精灵爆发」×1；物品 ID 834「闪耀精华」×1","精灵之弓"
"4543","ハンターオブハンター","武器","1060","金币：34000；材料：武器 ID 4533「全魔の狩人」×1；物品 ID 2「高級薬草」×1","金币：34000；材料：武器 ID 4533「全魔猎人」×1；物品 ID 2「高级药草」×1","猎人之猎人"
"4543","ハンターオブハンター","武器","2142","金币：34000；材料：武器 ID 4533「全魔の狩人」×1；物品 ID 847「アンノウンセル」×1","金币：34000；材料：武器 ID 4533「全魔猎人」×1；物品 ID 847「未知之卵」×1","猎人之猎人"
"4545","黄泉ノ星","武器","1123","金币：39200；材料：武器 ID 4528「与一の弓・黄泉」×1；物品 ID 2「高級薬草」×1","金币：39200；材料：武器 ID 4528「与一之弓・黄泉」×1；物品 ID 2「高级药草」×1","黄泉之星"
"4545","黄泉ノ星","武器","2205","金币：39200；材料：武器 ID 4528「与一の弓・黄泉」×1；物品 ID 853「メギドの結晶」×1","金币：39200；材料：武器 ID 4528「与一之弓・黄泉」×1；物品 ID 853「米吉多的结晶」×1","黄泉之星"
"4546","アポカリプスキラー","武器","1155","金币：42000；材料：武器 ID 4534「アルテマキラー」×1；物品 ID 2「高級薬草」×1","金币：42000；材料：武器 ID 4534「究极杀手」×1；物品 ID 2「高级药草」×1","末日杀手"
"4546","アポカリプスキラー","武器","2237","金币：42000；材料：武器 ID 4534「アルテマキラー」×1；物品 ID 857「グランエキス」×1","金币：42000；材料：武器 ID 4534「究极杀手」×1；物品 ID 857「格兰精华」×1","末日杀手"
"4547","侵蝕蛭蟲弓","武器","1190","金币：44800；材料：武器 ID 4530「無限の弓矢」×1；物品 ID 2「高級薬草」×1","金币：44800；材料：武器 ID 4530「无限之弓箭」×1；物品 ID 2「高级药草」×1","侵蚀蛭虫弓"
"4547","侵蝕蛭蟲弓","武器","2272","金币：44800；材料：武器 ID 4530「無限の弓矢」×1；物品 ID 935「カオスサファイア」×1","金币：44800；材料：武器 ID 4530「无限之弓箭」×1；物品 ID 935「混沌蓝宝石」×1","侵蚀蛭虫弓"
"4549","滅魔弓ヴィシュヌ","武器","1302","金币：50400；材料：武器 ID 4535「ヴィシュヌの弓」×1；物品 ID 2「高級薬草」×1","金币：50400；材料：武器 ID 4535「毗湿奴之弓」×1；物品 ID 2「高级药草」×1","灭魔弓毗湿奴"
"4549","滅魔弓ヴィシュヌ","武器","2330","金币：50400；材料：武器 ID 4535「ヴィシュヌの弓」×1；物品 ID 872「ヌル細胞」×1","金币：50400；材料：武器 ID 4535「毗湿奴之弓」×1；物品 ID 872「努尔细胞」×1","灭魔弓毗湿奴"
"4550","雷帝弓インドラ","武器","1303","金币：50400；材料：武器 ID 4536「インドラの弓」×1；物品 ID 2「高級薬草」×1","金币：50400；材料：武器 ID 4536「因陀罗之弓」×1；物品 ID 2「高级药草」×1","雷帝弓因陀罗"
"4550","雷帝弓インドラ","武器","2331","金币：50400；材料：武器 ID 4536「インドラの弓」×1；物品 ID 932「カオストルマリン」×1","金币：50400；材料：武器 ID 4536「因陀罗之弓」×1；物品 ID 932「混沌电气石」×1","雷帝弓因陀罗"
"4551","輝月弓アルテミス","武器","1329","金币：56000；材料：武器 ID 583「アルテミスの弓」×1；物品 ID 2「高級薬草」×1","金币：56000；材料：武器 ID 583「阿尔忒弥斯之弓」×1；物品 ID 2「高级药草」×1","辉月弓阿尔忒弥斯"
"4551","輝月弓アルテミス","武器","2373","金币：56000；材料：武器 ID 583「アルテミスの弓」×1；物品 ID 878「カオスマター」×1；物品 ID 880「雷土の結晶石」×1","金币：56000；材料：武器 ID 583「阿尔忒弥斯之弓」×1；物品 ID 878「混沌物质」×1；物品 ID 880「雷土的结晶石」×1","辉月弓阿尔忒弥斯"
"4553","明星聖弓","武器","1352","金币：61600；材料：武器 ID 4537「明星の弓矢」×1；物品 ID 2「高級薬草」×1","金币：61600；材料：武器 ID 4537「明星之弓」×1；物品 ID 2「高级药草」×1","明星圣弓"
"4553","明星聖弓","武器","2414","金币：61600；材料：武器 ID 4537「明星の弓矢」×1；物品 ID 885「熾天使の羽根」×1","金币：61600；材料：武器 ID 4537「明星之弓」×1；物品 ID 885「炽天使的羽毛」×1","明星圣弓"
"4554","創世弓イリアスハート","武器","1394","金币：62300；材料：武器 ID 4538「聖弓イリアス」×1；武器 ID 4544「イリアスハート」×1；物品 ID 2「高級薬草」×1","金币：62300；材料：武器 ID 4538「圣弓伊莉娅丝」×1；武器 ID 4544「伊莉娅丝之心」×1；物品 ID 2「高级药草」×1","创世弓伊莉娅丝之心"
"4554","創世弓イリアスハート","武器","2415","金币：62300；材料：武器 ID 4544「イリアスハート」×1；物品 ID 889「ビッグバンの結晶」×1","金币：62300；材料：武器 ID 4544「伊莉娅丝之心」×1；物品 ID 889「大爆炸的结晶」×1","创世弓伊莉娅丝之心"
"4556","烈火覇竜鞭","武器","626","金币：13800；材料：武器 ID 610「烈火竜鞭」×1；物品 ID 267「極竜の牙」×1","金币：13800；材料：武器 ID 610「烈火龙鞭」×1；物品 ID 267「极龙之牙」×1","烈火霸龙鞭"
"4557","女王の蛇鞭","武器","714","金币：15000；材料：武器 ID 615「女王の鞭」×1；物品 ID 270「億蛇の蛇尾」×1","金币：15000；材料：武器 ID 615「女王的鞭」×1；物品 ID 270「亿蛇尾巴」×1","女王蛇鞭"
"4560","六頭竜","武器","805","金币：20000；材料：武器 ID 620「三頭竜」×1；物品 ID 275「最後の竜牙」×1","金币：20000；材料：武器 ID 620「三头龙」×1；物品 ID 275「最终之龙牙」×1","六头龙"
"4561","断罪の鞭","武器","806","金币：20000；材料：武器 ID 619「ピューリタン」×1；物品 ID 281「最後の結晶」×1","金币：20000；材料：武器 ID 619「清教徒」×1；物品 ID 281「最终之结晶」×1","断罪之鞭"
"4562","コメットレイン","武器","807","金币：21000；材料：武器 ID 612「破邪流星鞭」×1；武器 ID 613「覇蛇流星鞭」×1；物品 ID 280「エレメントコア」×1","金币：21000；材料：武器 ID 612「破邪流星鞭」×1；武器 ID 613「霸蛇流星鞭」×1；物品 ID 280「元素核心」×1","彗星雨"
"4565","リリスロード","武器","892","金币：22500；材料：武器 ID 614「グレイプニル・リリス」×1；物品 ID 277「究極の羽根」×1","金币：22500；材料：武器 ID 614「格雷普尼尔・莉莉丝」×1；物品 ID 277「究极之羽」×1","莉莉丝主宰"
"4566","封神禁鞭","武器","905","金币：22700；材料：武器 ID 618「禁鞭」×1；物品 ID 284「シヴァの髪」×1","金币：22700；材料：武器 ID 618「禁鞭」×1；物品 ID 284「湿婆的头发」×1","封神禁鞭"
"4568","ルミナスレイン","武器","932","金币：26000；材料：武器 ID 4562「コメットレイン」×1；物品 ID 2「高級薬草」×1","金币：26000；材料：武器 ID 4562「彗星雨」×1；物品 ID 2「高级药草」×1","光之雨"
"4568","ルミナスレイン","武器","2014","金币：26000；材料：武器 ID 4562「コメットレイン」×1；物品 ID 823「きらきらゼリー」×1","金币：26000；材料：武器 ID 4562「彗星雨」×1；物品 ID 823「闪闪发光的果冻」×1","光之雨"
"4570","竜鞭クィーンロード","武器","962","金币：32000；材料：武器 ID 4556「烈火覇竜鞭」×1；物品 ID 2「高級薬草」×1","金币：32000；材料：武器 ID 4556「烈火霸龙鞭」×1；物品 ID 2「高级药草」×1","龙鞭女王主宰"
"4570","竜鞭クィーンロード","武器","2044","金币：32000；材料：武器 ID 4556「烈火覇竜鞭」×1；物品 ID 827「深淵の触手」×1","金币：32000；材料：武器 ID 4556「烈火霸龙鞭」×1；物品 ID 827「深渊的触手」×1","龙鞭女王主宰"
"4571","沙羅双樹","武器","1029","金币：35000；材料：武器 ID 4569「万年樹鞭」×1；物品 ID 2「高級薬草」×1","金币：35000；材料：武器 ID 4569「万年树鞭」×1；物品 ID 2「高级药草」×1","沙罗双树"
"4571","沙羅双樹","武器","2111","金币：35000；材料：武器 ID 4569「万年樹鞭」×1；物品 ID 840「超無限細胞」×1","金币：35000；材料：武器 ID 4569「万年树鞭」×1；物品 ID 840「超无限细胞」×1","沙罗双树"
"4573","聖鞭プリンシパリティ","武器","1061","金币：41000；材料：武器 ID 4561「断罪の鞭」×1；物品 ID 2「高級薬草」×1","金币：41000；材料：武器 ID 4561「断罪之鞭」×1；物品 ID 2「高级药草」×1","圣鞭普林西帕利提"
"4573","聖鞭プリンシパリティ","武器","2143","金币：41000；材料：武器 ID 4561「断罪の鞭」×1；物品 ID 846「神威の羽根」×1","金币：41000；材料：武器 ID 4561「断罪之鞭」×1；物品 ID 846「神威的羽毛」×1","圣鞭普林西帕利提"
"4574","女王の懲罰","武器","1124","金币：44800；材料：武器 ID 4557「女王の蛇鞭」×1；物品 ID 2「高級薬草」×1","金币：44800；材料：武器 ID 4557「女王蛇鞭」×1；物品 ID 2「高级药草」×1","女王的惩罚"
"4574","女王の懲罰","武器","2206","金币：44800；材料：武器 ID 4557「女王の蛇鞭」×1；物品 ID 855「世界樹の花びら」×1","金币：44800；材料：武器 ID 4557「女王蛇鞭」×1；物品 ID 855「世界树的花瓣」×1","女王的惩罚"
"4576","九頭竜","武器","1156","金币：48500；材料：武器 ID 4560「六頭竜」×1；物品 ID 2「高級薬草」×1","金币：48500；材料：武器 ID 4560「六头龙」×1；物品 ID 2「高级药草」×1","九头龙"
"4576","九頭竜","武器","2238","金币：48500；材料：武器 ID 4560「六頭竜」×1；物品 ID 858「大淫婦の尻尾」×1","金币：48500；材料：武器 ID 4560「六头龙」×1；物品 ID 858「大淫妇的尾巴」×1","九头龙"
"4578","テンタクルヘル","武器","1191","金币：51200；材料：武器 ID 617「テンタクルウィップZXL」×1；武器 ID 4577「名状しがたき触手鞭」×1；物品 ID 2「高級薬草」×1","金币：51200；材料：武器 ID 617「触手鞭ZXL」×1；武器 ID 4577「无法名状的触手鞭」×1；物品 ID 2「高级药草」×1","触手地狱"
"4578","テンタクルヘル","武器","2273","金币：51200；材料：武器 ID 617「テンタクルウィップZXL」×1；武器 ID 4577「名状しがたき触手鞭」×1；物品 ID 861「災厄の結晶」×1","金币：51200；材料：武器 ID 617「触手鞭ZXL」×1；武器 ID 4577「无法名状的触手鞭」×1；物品 ID 861「灾厄的结晶」×1","触手地狱"
"4579","太極・封神禁鞭","武器","1249","金币：57500；材料：武器 ID 4566「封神禁鞭」×1；物品 ID 2「高級薬草」×1","金币：57500；材料：武器 ID 4566「封神禁鞭」×1；物品 ID 2「高级药草」×1","太极・封神禁鞭"
"4579","太極・封神禁鞭","武器","2352","金币：57500；材料：武器 ID 4566「封神禁鞭」×1；物品 ID 867「古神の依代」×1","金币：57500；材料：武器 ID 4566「封神禁鞭」×1；物品 ID 867「古神的依代」×1","太极・封神禁鞭"
"4580","リリスナイトメア","武器","1264","金币：70400；材料：武器 ID 4564「アルテミシアの鞭」×1；物品 ID 2「高級薬草」×1","金币：70400；材料：武器 ID 4564「阿尔忒弥西亚之鞭」×1；物品 ID 2「高级药草」×1","莉莉丝梦魇"
"4580","リリスナイトメア","武器","2449","金币：70400；材料：武器 ID 4565「リリスロード」×1；物品 ID 876「虚夢の欠片」×1","金币：70400；材料：武器 ID 4565「莉莉丝主宰」×1；物品 ID 876「虚梦的碎片」×1","莉莉丝梦魇"
"4582","螺神鞭ペンテシレア","武器","1304","金币：57600；材料：武器 ID 4563「ペンテシレアの鞭」×1；物品 ID 2「高級薬草」×1","金币：57600；材料：武器 ID 4563「彭忒西勒亚之鞭」×1；物品 ID 2「高级药草」×1","螺神鞭彭忒西勒亚"
"4582","螺神鞭ペンテシレア","武器","2332","金币：57600；材料：武器 ID 4563「ペンテシレアの鞭」×1；物品 ID 870「名状しがたき触手」×1","金币：57600；材料：武器 ID 4563「彭忒西勒亚之鞭」×1；物品 ID 870「难以名状的触手」×1","螺神鞭彭忒西勒亚"
"4583","傾枷鞭アルテミシア","武器","1305","金币：57600；材料：武器 ID 4564「アルテミシアの鞭」×1；物品 ID 2「高級薬草」×1","金币：57600；材料：武器 ID 4564「阿尔忒弥西亚之鞭」×1；物品 ID 2「高级药草」×1","倾枷鞭阿尔忒弥西亚"
"4583","傾枷鞭アルテミシア","武器","2333","金币：57600；材料：武器 ID 4564「アルテミシアの鞭」×1；物品 ID 869「エキドナの蛇尾」×1","金币：57600；材料：武器 ID 4564「阿尔忒弥西亚之鞭」×1；物品 ID 869「厄喀德那的蛇尾」×1","倾枷鞭阿尔忒弥西亚"
"4584","世喰鞭ウロボロス","武器","1330","金币：64000；材料：武器 ID 616「ウロボロスの鞭」×1；物品 ID 2「高級薬草」×1","金币：64000；材料：武器 ID 616「衔尾蛇之鞭」×1；物品 ID 2「高级药草」×1","世食鞭衔尾蛇"
"4584","世喰鞭ウロボロス","武器","2374","金币：64000；材料：武器 ID 616「ウロボロスの鞭」×1；物品 ID 878「カオスマター」×1；物品 ID 882「侵蝕する触手」×1","金币：64000；材料：武器 ID 616「衔尾蛇之鞭」×1；物品 ID 878「混沌物质」×1；物品 ID 882「侵蚀的触手」×1","世食鞭衔尾蛇"
"4587","インフィの竪琴","武器","715","金币：12200；材料：武器 ID 647「イデアの竪琴」×1；物品 ID 268「無限細胞」×1","金币：12200；材料：武器 ID 647「伊迪亚的竖琴」×1；物品 ID 268「无限细胞」×1","因菲的竖琴"
"4588","至福千年の竪琴","武器","716","金币：12200；材料：武器 ID 651「古代の竪琴」×1；物品 ID 262「神々しい花びら」×1","金币：12200；材料：武器 ID 651「古代竖琴」×1；物品 ID 262「神圣花瓣」×1","至福千年的竖琴"
"4592","エレメンタルハープ","武器","809","金币：16600；材料：武器 ID 655「大精霊のハープ」×1；物品 ID 281「最後の結晶」×1","金币：16600；材料：武器 ID 655「大精灵之琴」×1；物品 ID 281「最终之结晶」×1","元素竖琴"
"4593","滅天の竪琴","武器","808","金币：16600；材料：武器 ID 650「堕天の竪琴」×1；物品 ID 273「ハインリヒ細胞」×1","金币：16600；材料：武器 ID 650「堕天竖琴」×1；物品 ID 273「海因里希细胞」×1","灭天竖琴"
"4595","レインボーハープ","武器","933","金币：22000；材料：武器 ID 4592「エレメンタルハープ」×1；物品 ID 2「高級薬草」×1","金币：22000；材料：武器 ID 4592「元素竖琴」×1；物品 ID 2「高级药草」×1","彩虹竖琴"
"4595","レインボーハープ","武器","2015","金币：22000；材料：武器 ID 4592「エレメンタルハープ」×1；物品 ID 823「きらきらゼリー」×1","金币：22000；材料：武器 ID 4592「元素竖琴」×1；物品 ID 823「闪闪发光的果冻」×1","彩虹竖琴"
"4596","バンシィ","武器","999","金币：26000；材料：武器 ID 4593「滅天の竪琴」×1；物品 ID 2「高級薬草」×1","金币：26000；材料：武器 ID 4593「灭天竖琴」×1；物品 ID 2「高级药草」×1","报丧女妖"
"4596","バンシィ","武器","2081","金币：26000；材料：武器 ID 4593「滅天の竪琴」×1；物品 ID 832「魔海の珊瑚」×1","金币：26000；材料：武器 ID 4593「灭天竖琴」×1；物品 ID 832「魔海的珊瑚」×1","报丧女妖"
"4597","ミレニアム","武器","1030","金币：29000；材料：武器 ID 4588「至福千年の竪琴」×1；物品 ID 2「高級薬草」×1","金币：29000；材料：武器 ID 4588「至福千年的竖琴」×1；物品 ID 2「高级药草」×1","千年"
"4597","ミレニアム","武器","2112","金币：29000；材料：武器 ID 4588「至福千年の竪琴」×1；物品 ID 841「ドッペル細胞Σ」×1","金币：29000；材料：武器 ID 4588「至福千年的竖琴」×1；物品 ID 841「克隆体细胞Σ」×1","千年"
"4600","オメガの竪琴","武器","1094","金币：34500；材料：武器 ID 4587「インフィの竪琴」×1；物品 ID 2「高級薬草」×1","金币：34500；材料：武器 ID 4587「因菲的竖琴」×1；物品 ID 2「高级药草」×1","欧米伽竖琴"
"4600","オメガの竪琴","武器","2176","金币：34500；材料：武器 ID 4587「インフィの竪琴」×1；物品 ID 851「量子の歯車」×1","金币：34500；材料：武器 ID 4587「因菲的竖琴」×1；物品 ID 851「量子的齿轮」×1","欧米伽竖琴"
"4601","ローレライ","武器","1125","金币：36400；材料：武器 ID 653「マーメイドの竪琴」×1；物品 ID 2「高級薬草」×1","金币：36400；材料：武器 ID 653「人鱼竖琴」×1；物品 ID 2「高级药草」×1","罗蕾莱"
"4601","ローレライ","武器","2207","金币：36400；材料：武器 ID 653「マーメイドの竪琴」×1；物品 ID 848「永遠の鱗」×1","金币：36400；材料：武器 ID 653「人鱼竖琴」×1；物品 ID 848「永恒的鳞片」×1","罗蕾莱"
"4603","冥琴アヌビス","武器","1192","金币：41600；材料：武器 ID 652「黄泉の琵琶」×1；武器 ID 654「アヌビス・スカラベ」×1；物品 ID 2「高級薬草」×1","金币：41600；材料：武器 ID 652「黄泉琵琶」×1；武器 ID 654「阿努比斯・斯克拉贝」×1；物品 ID 2「高级药草」×1","冥琴阿努比斯"
"4603","冥琴アヌビス","武器","2274","金币：41600；材料：武器 ID 652「黄泉の琵琶」×1；武器 ID 654「アヌビス・スカラベ」×1；物品 ID 931「カオスアメジスト」×1","金币：41600；材料：武器 ID 652「黄泉琵琶」×1；武器 ID 654「阿努比斯・斯克拉贝」×1；物品 ID 931「混沌紫水晶」×1","冥琴阿努比斯"
"4605","アポロン・ケイオス","武器","1331","金币：52000；材料：武器 ID 4589「アポロンのハープ」×1；物品 ID 2「高級薬草」×1","金币：52000；材料：武器 ID 4589「阿波罗的竖琴」×1；物品 ID 2「高级药草」×1","阿波罗・混沌"
"4605","アポロン・ケイオス","武器","2375","金币：52000；材料：武器 ID 4589「アポロンのハープ」×1；物品 ID 878「カオスマター」×1；物品 ID 879「紅蓮の瞳」×1","金币：52000；材料：武器 ID 4589「阿波罗的竖琴」×1；物品 ID 878「混沌物质」×1；物品 ID 879「红莲之瞳」×1","阿波罗・混沌"
"4607","メカニカルサン","武器","673","金币：14000；材料：武器 ID 673「マキナブーメランDX」×1；武器 ID 681「ライジングサン・マキナ」×1；物品 ID 265「ナノ歯車」×1","金币：14000；材料：武器 ID 673「器械回旋镖DX」×1；武器 ID 681「升阳・器械」×1；物品 ID 265「纳米齿轮」×1","机械太阳"
"4608","彗星華々","武器","717","金币：14300；材料：武器 ID 694「華の彗星」×1；物品 ID 262「神々しい花びら」×1","金币：14300；材料：武器 ID 694「华丽的彗星」×1；物品 ID 262「神圣花瓣」×1","彗星华丽"
"4609","ヒルコおさかなメラン","武器","718","金币：14300；材料：武器 ID 695「ジェティルおさかなメラン」×1；物品 ID 282「蛭蟲細胞」×1","金币：14300；材料：武器 ID 695「外邦人鱼回旋镖」×1；物品 ID 282「蛭虫细胞」×1","蛭虫鱼回旋镖"
"4613","銀河天翔","武器","810","金币：19500；材料：武器 ID 4608「彗星華々」×1；物品 ID 277「究極の羽根」×1","金币：19500；材料：武器 ID 4608「彗星华丽」×1；物品 ID 277「究极之羽」×1","银河天翔"
"4614","ラッキームーン","武器","811","金币：19500；材料：武器 ID 4610「ムーンスター」×1；物品 ID 277「究極の羽根」×1","金币：19500；材料：武器 ID 4610「月星」×1；物品 ID 277「究极之羽」×1","幸运月"
"4615","エッジエレメンツ","武器","812","金币：19500；材料：武器 ID 691「フレイムエッジ」×1；武器 ID 693「フロストエッジ」×1；武器 ID 696「プラズマエッジ」×1；物品 ID 283「カオスニウム」×1","金币：19500；材料：武器 ID 691「火焰刃」×1；武器 ID 693「霜冻之刃」×1；武器 ID 696「等离子之刃」×1；物品 ID 283「混沌结晶」×1","元素边缘"
"4616","ホーミングサン","武器","878","金币：19500；材料：武器 ID 4607「メカニカルサン」×1；物品 ID 279「ネクストコア」×1","金币：19500；材料：武器 ID 4607「机械太阳」×1；物品 ID 279「次世代核心」×1","追踪太阳"
"4619","ラストおさかなメラン","武器","813","金币：22400；材料：武器 ID 4609「ヒルコおさかなメラン」×1；物品 ID 283「カオスニウム」×1","金币：22400；材料：武器 ID 4609「蛭虫鱼回旋镖」×1；物品 ID 283「混沌结晶」×1","最后的鱼回旋镖"
"4621","奇跡の三日月","武器","934","金币：25000；材料：武器 ID 4614「ラッキームーン」×1；物品 ID 2「高級薬草」×1","金币：25000；材料：武器 ID 4614「幸运月」×1；物品 ID 2「高级药草」×1","奇迹的三日月"
"4621","奇跡の三日月","武器","2016","金币：25000；材料：武器 ID 4614「ラッキームーン」×1；物品 ID 823「きらきらゼリー」×1","金币：25000；材料：武器 ID 4614「幸运月」×1；物品 ID 823「闪闪发光的果冻」×1","奇迹的三日月"
"4623","トリニティエッジ","武器","1000","金币：31000；材料：武器 ID 4615「エッジエレメンツ」×1；物品 ID 2「高級薬草」×1","金币：31000；材料：武器 ID 4615「元素边缘」×1；物品 ID 2「高级药草」×1","三位一体之刃"
"4623","トリニティエッジ","武器","2082","金币：31000；材料：武器 ID 4615「エッジエレメンツ」×1；物品 ID 832「魔海の珊瑚」×1","金币：31000；材料：武器 ID 4615「元素边缘」×1；物品 ID 832「魔海的珊瑚」×1","三位一体之刃"
"4625","不倶戴天","武器","1062","金币：38000；材料：武器 ID 4617「ヒュプノスのブーメラン」×1；物品 ID 2「高級薬草」×1","金币：38000；材料：武器 ID 4617「修普诺斯之回旋镖」×1；物品 ID 2「高级药草」×1","不共戴天"
"4625","不倶戴天","武器","2144","金币：38000；材料：武器 ID 4616「ホーミングサン」×1；物品 ID 843「終焉の結晶」×1","金币：38000；材料：武器 ID 4616「追踪太阳」×1；物品 ID 843「终焉的结晶」×1","不共戴天"
"4626","ブーメランオブギャラクシー","武器","1126","金币：43400；材料：武器 ID 4613「銀河天翔」×1；物品 ID 2「高級薬草」×1","金币：43400；材料：武器 ID 4613「银河天翔」×1；物品 ID 2「高级药草」×1","银河飞镖"
"4626","ブーメランオブギャラクシー","武器","2208","金币：43400；材料：武器 ID 4613「銀河天翔」×1；物品 ID 852「ゼロマター」×1","金币：43400；材料：武器 ID 4613「银河天翔」×1；物品 ID 852「零物质」×1","银河飞镖"
"4627","カリ・ユガ","武器","1193","金币：49600；材料：武器 ID 697「神光のスダルサナ」×1；物品 ID 2「高級薬草」×1","金币：49600；材料：武器 ID 697「神光的善见神轮」×1；物品 ID 2「高级药草」×1","卡利・尤加"
"4627","カリ・ユガ","武器","2275","金币：49600；材料：武器 ID 697「神光のスダルサナ」×1；物品 ID 865「時の歯車」×1","金币：49600；材料：武器 ID 697「神光的善见神轮」×1；物品 ID 865「时间的齿轮」×1","卡利・尤加"
"4630","詠眠輪ヒュプノス","武器","1306","金币：55800；材料：武器 ID 4617「ヒュプノスのブーメラン」×1；物品 ID 2「高級薬草」×1","金币：55800；材料：武器 ID 4617「修普诺斯之回旋镖」×1；物品 ID 2「高级药草」×1","咏眠轮修普诺斯"
"4630","詠眠輪ヒュプノス","武器","2334","金币：55800；材料：武器 ID 4617「ヒュプノスのブーメラン」×1；物品 ID 869「エキドナの蛇尾」×1","金币：55800；材料：武器 ID 4617「修普诺斯之回旋镖」×1；物品 ID 869「厄喀德那的蛇尾」×1","咏眠轮修普诺斯"
"4631","死柱輪タナトス","武器","1307","金币：55800；材料：武器 ID 4618「タナトスのブーメラン」×1；物品 ID 2「高級薬草」×1","金币：55800；材料：武器 ID 4618「塔纳托斯之回旋镖」×1；物品 ID 2「高级药草」×1","死柱轮塔纳托斯"
"4631","死柱輪タナトス","武器","2335","金币：55800；材料：武器 ID 4618「タナトスのブーメラン」×1；物品 ID 937「カオスクリスタル」×1","金币：55800；材料：武器 ID 4618「塔纳托斯之回旋镖」×1；物品 ID 937「混沌水晶」×1","死柱轮塔纳托斯"
"4632","オサカナウェポン","武器","1332","金币：43400；材料：武器 ID 4619「ラストおさかなメラン」×1；物品 ID 2「高級薬草」×1","金币：43400；材料：武器 ID 4619「最后的鱼回旋镖」×1；物品 ID 2「高级药草」×1","鱼武器"
"4632","オサカナウェポン","武器","2376","金币：43400；材料：武器 ID 4619「ラストおさかなメラン」×1；物品 ID 878「カオスマター」×1；物品 ID 881「混沌水銀」×1","金币：43400；材料：武器 ID 4619「最后的鱼回旋镖」×1；物品 ID 878「混沌物质」×1；物品 ID 881「混沌水银」×1","鱼武器"
"4633","カナデブーメラン","武器","1374","金币：62000；材料：武器 ID 4622「アーネンエルベ」×1；物品 ID 2「高級薬草」×1","金币：62000；材料：武器 ID 4622「阿伦艾尔贝」×1；物品 ID 2「高级药草」×1","祸抚飞镖"
"4633","カナデブーメラン","武器","2450","金币：62000；材料：武器 ID 4622「アーネンエルベ」×1；物品 ID 886「根源の闇」×1","金币：62000；材料：武器 ID 4622「阿伦艾尔贝」×1；物品 ID 886「根源的黑暗」×1","祸抚飞镖"
"4635","蛇王の鉄球","武器","720","金币：16800；材料：武器 ID 713「メデューサの鉄球」×1；物品 ID 270「億蛇の蛇尾」×1","金币：16800；材料：武器 ID 713「美杜莎铁球」×1；物品 ID 270「亿蛇尾巴」×1","蛇王的铁球"
"4636","大魔王の鉄球","武器","719","金币：16800；材料：武器 ID 717「魔王の鉄球」×1；物品 ID 269「終蟲の甲殻」×1","金币：16800；材料：武器 ID 717「魔王铁球」×1；物品 ID 269「终虫甲壳」×1","大魔王的铁球"
"4639","蛇神の鉄球","武器","815","金币：23800；材料：武器 ID 4635「蛇王の鉄球」×1；物品 ID 287「世界蛇尾」×1","金币：23800；材料：武器 ID 4635「蛇王的铁球」×1；物品 ID 287「世界蛇尾」×1","蛇神的铁球"
"4640","滅天の鉄球","武器","814","金币：23800；材料：武器 ID 723「破天鉄球」×1；物品 ID 273「ハインリヒ細胞」×1","金币：23800；材料：武器 ID 723「破天铁球」×1；物品 ID 273「海因里希细胞」×1","灭天的铁球"
"4643","ジェノサイドブレイカー","武器","963","金币：36000；材料：武器 ID 719「覇獣の鉄球」×1；物品 ID 2「高級薬草」×1","金币：36000；材料：武器 ID 719「霸兽铁球」×1；物品 ID 2「高级药草」×1","灭绝破坏者"
"4643","ジェノサイドブレイカー","武器","2045","金币：36000；材料：武器 ID 719「覇獣の鉄球」×1；物品 ID 830「究極の針」×1","金币：36000；材料：武器 ID 719「霸兽铁球」×1；物品 ID 830「究极的针」×1","灭绝破坏者"
"4644","サーペンタリウス","武器","1031","金币：41000；材料：武器 ID 4639「蛇神の鉄球」×1；物品 ID 2「高級薬草」×1","金币：41000；材料：武器 ID 4639「蛇神的铁球」×1；物品 ID 2「高级药草」×1","蛇神"
"4644","サーペンタリウス","武器","2113","金币：41000；材料：武器 ID 4639「蛇神の鉄球」×1；物品 ID 838「魔王の蛇尾」×1","金币：41000；材料：武器 ID 4639「蛇神的铁球」×1；物品 ID 838「魔王的蛇尾」×1","蛇神"
"4647","天帝球","武器","1127","金币：53200；材料：武器 ID 4641「聖王球」×1；物品 ID 2「高級薬草」×1","金币：53200；材料：武器 ID 4641「圣王球」×1；物品 ID 2「高级药草」×1","天帝球"
"4647","天帝球","武器","2209","金币：53200；材料：武器 ID 4641「聖王球」×1；物品 ID 848「永遠の鱗」×1","金币：53200；材料：武器 ID 4641「圣王球」×1；物品 ID 848「永恒的鳞片」×1","天帝球"
"4649","滅神球","武器","1194","金币：61000；材料：武器 ID 4640「滅天の鉄球」×1；物品 ID 2「高級薬草」×1","金币：61000；材料：武器 ID 4640「灭天的铁球」×1；物品 ID 2「高级药草」×1","灭神球"
"4649","滅神球","武器","2276","金币：61000；材料：武器 ID 4640「滅天の鉄球」×1；物品 ID 861「災厄の結晶」×1","金币：61000；材料：武器 ID 4640「灭天的铁球」×1；物品 ID 861「灾厄的结晶」×1","灭神球"
"4651","巨蛇球ヨルムンガンド","武器","1308","金币：68400；材料：武器 ID 721「ヨルムンガンド」×1；物品 ID 2「高級薬草」×1","金币：68400；材料：武器 ID 721「耶梦加得」×1；物品 ID 2「高级药草」×1","巨蛇球耶梦加得"
"4651","巨蛇球ヨルムンガンド","武器","2336","金币：68400；材料：武器 ID 721「ヨルムンガンド」×1；物品 ID 869「エキドナの蛇尾」×1","金币：68400；材料：武器 ID 721「耶梦加得」×1；物品 ID 869「厄喀德那的蛇尾」×1","巨蛇球耶梦加得"
"4652","覇球ミドガルズオルム","武器","1333","金币：76000；材料：武器 ID 4648「ミドガルズオルム」×1；物品 ID 2「高級薬草」×1","金币：76000；材料：武器 ID 4648「尘世巨蟒」×1；物品 ID 2「高级药草」×1","霸球尘世巨蟒"
"4652","覇球ミドガルズオルム","武器","2377","金币：76000；材料：武器 ID 4648「ミドガルズオルム」×1；物品 ID 878「カオスマター」×1；物品 ID 882「侵蝕する触手」×1","金币：76000；材料：武器 ID 4648「尘世巨蟒」×1；物品 ID 878「混沌物质」×1；物品 ID 882「侵蚀的触手」×1","霸球尘世巨蟒"
"4654","邪神の鉄球","武器","1401","金币：83600；材料：武器 ID 4636「大魔王の鉄球」×1；物品 ID 2「高級薬草」×1","金币：83600；材料：武器 ID 4636「大魔王的铁球」×1；物品 ID 2「高级药草」×1","邪神铁球"
"4654","邪神の鉄球","武器","2451","金币：83600；材料：武器 ID 4636「大魔王の鉄球」×1；物品 ID 884「魔王核熱結晶」×1","金币：83600；材料：武器 ID 4636「大魔王的铁球」×1；物品 ID 884「魔王核热结晶」×1","邪神铁球"
"4658","ステージアイドル","武器","632","金币：10000；材料：武器 ID 749「ステージスター」×1；物品 ID 266「絶美の尻尾」×1","金币：10000；材料：武器 ID 749「舞台之星」×1；物品 ID 266「绝美尾巴」×1","舞台偶像"
"4659","天翔扇","武器","633","金币：10000；材料：武器 ID 4656「ハーピーの扇」×1；物品 ID 271「天空の羽根」×1","金币：10000；材料：武器 ID 4656「哈比的扇」×1；物品 ID 271「天空之羽」×1","天翔扇"
"4660","九尾華扇","武器","681","金币：11000；材料：武器 ID 748「九尾扇」×1；物品 ID 262「神々しい花びら」×1","金币：11000；材料：武器 ID 748「九尾扇」×1；物品 ID 262「神圣花瓣」×1","九尾华扇"
"4661","神霊月扇","武器","721","金币：12000；材料：武器 ID 751「神霊の扇」×1；武器 ID 752「月の扇」×1；物品 ID 268「無限細胞」×1","金币：12000；材料：武器 ID 751「神灵扇」×1；武器 ID 752「月之扇」×1；物品 ID 268「无限细胞」×1","神灵月扇"
"4662","芭蕉太陽扇","武器","722","金币：12000；材料：武器 ID 745「芭蕉扇」×1；武器 ID 4657「太陽の扇」×1；物品 ID 262「神々しい花びら」×1","金币：12000；材料：武器 ID 745「芭蕉扇」×1；武器 ID 4657「太阳的扇」×1；物品 ID 262「神圣花瓣」×1","芭蕉太阳扇"
"4666","天翔炎扇","武器","817","金币：16000；材料：武器 ID 4659「天翔扇」×1；物品 ID 284「シヴァの髪」×1","金币：16000；材料：武器 ID 4659「天翔扇」×1；物品 ID 284「湿婆的头发」×1","天翔炎扇"
"4667","九尾絶扇","武器","816","金币：16000；材料：武器 ID 4660「九尾華扇」×1；物品 ID 272「黒のアリス細胞」×1","金币：16000；材料：武器 ID 4660「九尾华扇」×1；物品 ID 272「黑之爱丽丝细胞」×1","九尾绝扇"
"4668","月と太陽","武器","818","金币：17000；材料：武器 ID 4661「神霊月扇」×1；武器 ID 4662「芭蕉太陽扇」×1；物品 ID 277「究極の羽根」×1","金币：17000；材料：武器 ID 4661「神灵月扇」×1；武器 ID 4662「芭蕉太阳扇」×1；物品 ID 277「究极之羽」×1","月亮与太阳"
"4671","サキュバスドリーム","武器","893","金币：19500；材料：武器 ID 750「サバトの扇」×1；物品 ID 272「黒のアリス細胞」×1","金币：19500；材料：武器 ID 750「萨巴特扇」×1；物品 ID 272「黑之爱丽丝细胞」×1","魅魔之梦"
"4673","シラクサ","武器","964","金币：23000；材料：武器 ID 4658「ステージアイドル」×1；物品 ID 2「高級薬草」×1","金币：23000；材料：武器 ID 4658「舞台偶像」×1；物品 ID 2「高级药草」×1","白砂"
"4673","シラクサ","武器","2046","金币：23000；材料：武器 ID 4658「ステージアイドル」×1；物品 ID 826「白面のしっぽ」×1","金币：23000；材料：武器 ID 4658「舞台偶像」×1；物品 ID 826「白面的尾巴」×1","白砂"
"4675","風林火山","武器","1063","金币：31000；材料：武器 ID 4666「天翔炎扇」×1；物品 ID 2「高級薬草」×1","金币：31000；材料：武器 ID 4666「天翔炎扇」×1；物品 ID 2「高级药草」×1","风林火山"
"4675","風林火山","武器","2145","金币：31000；材料：武器 ID 4666「天翔炎扇」×1；物品 ID 844「大淫魔の尻尾」×1","金币：31000；材料：武器 ID 4666「天翔炎扇」×1；物品 ID 844「大淫魔的尾巴」×1","风林火山"
"4676","月喰い","武器","1128","金币：35000；材料：武器 ID 4663「ガイアの扇」×1；物品 ID 2「高級薬草」×1","金币：35000；材料：武器 ID 4663「盖亚的扇」×1；物品 ID 2「高级药草」×1","月食"
"4676","月喰い","武器","2210","金币：35000；材料：武器 ID 4663「ガイアの扇」×1；物品 ID 853「メギドの結晶」×1","金币：35000；材料：武器 ID 4663「盖亚的扇」×1；物品 ID 853「米吉多的结晶」×1","月食"
"4678","月と太陽・天地明察","武器","1195","金币：40000；材料：武器 ID 4668「月と太陽」×1；物品 ID 2「高級薬草」×1","金币：40000；材料：武器 ID 4668「月亮与太阳」×1；物品 ID 2「高级药草」×1","月与太阳・天地明察"
"4678","月と太陽・天地明察","武器","2277","金币：40000；材料：武器 ID 4668「月と太陽」×1；物品 ID 934「カオストパーズ」×1","金币：40000；材料：武器 ID 4668「月亮与太阳」×1；物品 ID 934「混沌黄玉」×1","月与太阳・天地明察"
"4679","アスタロトドリーム","武器","1265","金币：50000；材料：武器 ID 4671「サキュバスドリーム」×1；物品 ID 2「高級薬草」×1","金币：50000；材料：武器 ID 4671「魅魔之梦」×1；物品 ID 2「高级药草」×1","阿斯塔洛特之梦"
"4679","アスタロトドリーム","武器","2452","金币：50000；材料：武器 ID 4671「サキュバスドリーム」×1；物品 ID 876「虚夢の欠片」×1","金币：50000；材料：武器 ID 4671「魅魔之梦」×1；物品 ID 876「虚梦的碎片」×1","阿斯塔洛特之梦"
"4681","常陽扇アマテラス","武器","1309","金币：45000；材料：武器 ID 4669「アマテラスの扇」×1；物品 ID 2「高級薬草」×1","金币：45000；材料：武器 ID 4669「天照之扇」×1；物品 ID 2「高级药草」×1","常阳扇天照"
"4681","常陽扇アマテラス","武器","2337","金币：45000；材料：武器 ID 4669「アマテラスの扇」×1；物品 ID 936「カオスダイヤモンド」×1","金币：45000；材料：武器 ID 4669「天照之扇」×1；物品 ID 936「混沌钻石」×1","常阳扇天照"
"4682","月禁扇ツクヨミ","武器","1310","金币：45000；材料：武器 ID 4670「ツクヨミの扇」×1；物品 ID 2「高級薬草」×1","金币：45000；材料：武器 ID 4670「月读之扇」×1；物品 ID 2「高级药草」×1","月禁扇月读"
"4682","月禁扇ツクヨミ","武器","2338","金币：45000；材料：武器 ID 4670「ツクヨミの扇」×1；物品 ID 937「カオスクリスタル」×1","金币：45000；材料：武器 ID 4670「月读之扇」×1；物品 ID 937「混沌水晶」×1","月禁扇月读"
"4683","白面金毛九尾扇","武器","1375","金币：50000；材料：武器 ID 1375「夢牙」×1；物品 ID 2「高級薬草」×1","金币：50000；材料：武器 ID 1375「梦牙」×1；物品 ID 2「高级药草」×1","白面金毛九尾扇"
"4683","白面金毛九尾扇","武器","2453","金币：50000；材料：武器 ID 4667「九尾絶扇」×1；物品 ID 886「根源の闇」×1","金币：50000；材料：武器 ID 4667「九尾绝扇」×1；物品 ID 886「根源的黑暗」×1","白面金毛九尾扇"
"4686","破邪包丁","武器","635","金币：10000；材料：武器 ID 761「式神包丁」×1；物品 ID 271「天空の羽根」×1","金币：10000；材料：武器 ID 761「式神菜刀」×1；物品 ID 271「天空之羽」×1","破邪菜刀"
"4687","キメラおろし","武器","634","金币：10000；材料：武器 ID 769「魔神包丁」×1；物品 ID 264「オズマ細胞」×1","金币：10000；材料：武器 ID 769「魔神包丁」×1；物品 ID 264「奥兹玛细胞」×1","奇美拉切"
"4688","五つ星","武器","723","金币：12000；材料：武器 ID 4685「三つ星」×1；物品 ID 269「終蟲の甲殻」×1","金币：12000；材料：武器 ID 4685「三星」×1；物品 ID 269「终虫甲壳」×1","五星"
"4689","マッドブッチャー","武器","724","金币：12000；材料：武器 ID 771「人斬り包丁」×1；物品 ID 282「蛭蟲細胞」×1","金币：12000；材料：武器 ID 771「斩人包丁」×1；物品 ID 282「蛭虫细胞」×1","疯狂屠夫"
"4692","那由多斬り","武器","820","金币：16000；材料：武器 ID 4686「破邪包丁」×1；物品 ID 284「シヴァの髪」×1","金币：16000；材料：武器 ID 4686「破邪菜刀」×1；物品 ID 284「湿婆的头发」×1","那由多斩"
"4693","神おろし","武器","819","金币：16000；材料：武器 ID 4687「キメラおろし」×1；物品 ID 273「ハインリヒ細胞」×1","金币：16000；材料：武器 ID 4687「奇美拉切」×1；物品 ID 273「海因里希细胞」×1","神斩"
"4696","セブンスターナイフ","武器","935","金币：22000；材料：武器 ID 4688「五つ星」×1；物品 ID 2「高級薬草」×1","金币：22000；材料：武器 ID 4688「五星」×1；物品 ID 2「高级药草」×1","七星小刀"
"4696","セブンスターナイフ","武器","2017","金币：22000；材料：武器 ID 4688「五つ星」×1；物品 ID 822「神様のどんぐり」×1","金币：22000；材料：武器 ID 4688「五星」×1；物品 ID 822「神大人的橡果」×1","七星小刀"
"4697","ブギーマン","武器","1001","金币：25000；材料：武器 ID 4689「マッドブッチャー」×1；物品 ID 2「高級薬草」×1","金币：25000；材料：武器 ID 4689「疯狂屠夫」×1；物品 ID 2「高级药草」×1","布吉曼"
"4697","ブギーマン","武器","2083","金币：25000；材料：武器 ID 4689「マッドブッチャー」×1；物品 ID 835「超蛭蟲細胞」×1","金币：25000；材料：武器 ID 4689「疯狂屠夫」×1；物品 ID 835「超蛭虫细胞」×1","布吉曼"
"4700","アルトツヴァイ","武器","1095","金币：34000；材料：武器 ID 772「神秘の包丁」×1；物品 ID 2「高級薬草」×1","金币：34000；材料：武器 ID 772「神秘包丁」×1；物品 ID 2「高级药草」×1","阿尔特茨维"
"4700","アルトツヴァイ","武器","2177","金币：34000；材料：武器 ID 772「神秘の包丁」×1；物品 ID 852「ゼロマター」×1","金币：34000；材料：武器 ID 772「神秘包丁」×1；物品 ID 852「零物质」×1","阿尔特茨维"
"4702","那由多の神おろし","武器","1157","金币：38000；材料：武器 ID 4692「那由多斬り」×1；武器 ID 4693「神おろし」×1；物品 ID 2「高級薬草」×1","金币：38000；材料：武器 ID 4692「那由多斩」×1；武器 ID 4693「神斩」×1；物品 ID 2「高级药草」×1","那由多的神斩"
"4702","那由多の神おろし","武器","2239","金币：38000；材料：武器 ID 4692「那由多斬り」×1；武器 ID 4693「神おろし」×1；物品 ID 856「不滅の黒片」×1","金币：38000；材料：武器 ID 4692「那由多斩」×1；武器 ID 4693「神斩」×1；物品 ID 856「不灭的黑片」×1","那由多的神斩"
"4704","豊伽刃ヘスティア","武器","1334","金币：50000；材料：武器 ID 4694「ヘスティアの包丁」×1；物品 ID 2「高級薬草」×1","金币：50000；材料：武器 ID 4694「赫斯提亚的菜刀」×1；物品 ID 2「高级药草」×1","丰伽刃赫斯提亚"
"4704","豊伽刃ヘスティア","武器","2378","金币：50000；材料：武器 ID 4694「ヘスティアの包丁」×1；物品 ID 878「カオスマター」×1；物品 ID 883「ゴッドライト」×1","金币：50000；材料：武器 ID 4694「赫斯提亚的菜刀」×1；物品 ID 878「混沌物质」×1；物品 ID 883「神光」×1","丰伽刃赫斯提亚"
"4706","マネーロンダリング","武器","587","金币：75000；材料：武器 ID 785「闇商人のそろばん」×1；物品 ID 259「深海の鱗」×1","金币：75000；材料：武器 ID 785「暗商人的算盘」×1；物品 ID 259「深海之鳞」×1","洗钱"
"4707","カルキュレーター","武器","636","金币：8000；材料：武器 ID 780「マキナのそろばん改」×1；物品 ID 265「ナノ歯車」×1","金币：8000；材料：武器 ID 780「器械的算盘改」×1；物品 ID 265「纳米齿轮」×1","计算器"
"4708","女神のそろばん","武器","725","金币：9300；材料：武器 ID 791「守護神のそろばん」×1；物品 ID 262「神々しい花びら」×1","金币：9300；材料：武器 ID 791「守护神算盘」×1；物品 ID 262「神圣花瓣」×1","女神的算盘"
"4711","カルキュレーター・極","武器","821","金币：13000；材料：武器 ID 4707「カルキュレーター」×1；物品 ID 278「最終歯車」×1","金币：13000；材料：武器 ID 4707「计算器」×1；物品 ID 278「最终齿轮」×1","计算灵・极"
"4712","カオスミリオネア","武器","822","金币：13000；材料：武器 ID 793「ミリオネア」×1；物品 ID 283「カオスニウム」×1","金币：13000；材料：武器 ID 793「百万富翁」×1；物品 ID 283「混沌结晶」×1","混沌百万富翁"
"4715","富岳","武器","936","金币：17000；材料：武器 ID 4711「カルキュレーター・極」×1；物品 ID 2「高級薬草」×1","金币：17000；材料：武器 ID 4711「计算灵・极」×1；物品 ID 2「高级药草」×1","富岳"
"4715","富岳","武器","2018","金币：17000；材料：武器 ID 4711「カルキュレーター・極」×1；物品 ID 821「神の涙石」×1","金币：17000；材料：武器 ID 4711「计算灵・极」×1；物品 ID 821「神的泪石」×1","富岳"
"4716","ヴァンピールリッチ","武器","1002","金币：20000；材料：武器 ID 794「闇夜のそろばん」×1；物品 ID 2「高級薬草」×1","金币：20000；材料：武器 ID 794「暗夜算盘」×1；物品 ID 2「高级药草」×1","吸血鬼贵族"
"4716","ヴァンピールリッチ","武器","2084","金币：20000；材料：武器 ID 794「闇夜のそろばん」×1；物品 ID 834「シャインエキス」×1","金币：20000；材料：武器 ID 794「暗夜算盘」×1；物品 ID 834「闪耀精华」×1","吸血鬼贵族"
"4719","タックスヘイヴン","武器","1064","金币：25000；材料：武器 ID 4706「マネーロンダリング」×1；物品 ID 2「高級薬草」×1","金币：25000；材料：武器 ID 4706「洗钱」×1；物品 ID 2「高级药草」×1","避税天堂"
"4719","タックスヘイヴン","武器","2146","金币：25000；材料：武器 ID 4706「マネーロンダリング」×1；物品 ID 845「神獣の爪」×1","金币：25000；材料：武器 ID 4706「洗钱」×1；物品 ID 845「神兽的爪」×1","避税天堂"
"4720","聖算具ソフィア","武器","1096","金币：26500；材料：武器 ID 4708「女神のそろばん」×1；物品 ID 2「高級薬草」×1","金币：26500；材料：武器 ID 4708「女神的算盘」×1；物品 ID 2「高级药草」×1","圣算具索菲亚"
"4720","聖算具ソフィア","武器","2178","金币：26500；材料：武器 ID 4708「女神のそろばん」×1；物品 ID 851「量子の歯車」×1","金币：26500；材料：武器 ID 4708「女神的算盘」×1；物品 ID 851「量子的齿轮」×1","圣算具索菲亚"
"4721","石油王","武器","1129","金币：28000；材料：武器 ID 4712「カオスミリオネア」×1；物品 ID 2「高級薬草」×1","金币：28000；材料：武器 ID 4712「混沌百万富翁」×1；物品 ID 2「高级药草」×1","石油大亨"
"4721","石油王","武器","2211","金币：28000；材料：武器 ID 4712「カオスミリオネア」×1；物品 ID 852「ゼロマター」×1","金币：28000；材料：武器 ID 4712「混沌百万富翁」×1；物品 ID 852「零物质」×1","石油大亨"
"4723","オルタナティブ","武器","1196","金币：33000；材料：武器 ID 4717「グローバルライツ」×1；物品 ID 2「高級薬草」×1","金币：33000；材料：武器 ID 4717「全球之光」×1；物品 ID 2「高级药草」×1","替代"
"4723","オルタナティブ","武器","2278","金币：33000；材料：武器 ID 4717「グローバルライツ」×1；物品 ID 864「虹色の羽根」×1","金币：33000；材料：武器 ID 4717「全球之光」×1；物品 ID 864「彩虹色的羽毛」×1","替代"
"4725","神算盤ヘルメス","武器","1335","金币：40000；材料：武器 ID 4713「ヘルメスのそろばん」×1；物品 ID 2「高級薬草」×1","金币：40000；材料：武器 ID 4713「赫尔墨斯的算盘」×1；物品 ID 2「高级药草」×1","神算盘赫尔墨斯"
"4725","神算盤ヘルメス","武器","2379","金币：40000；材料：武器 ID 4713「ヘルメスのそろばん」×1；物品 ID 878「カオスマター」×1；物品 ID 883「ゴッドライト」×1","金币：40000；材料：武器 ID 4713「赫尔墨斯的算盘」×1；物品 ID 878「混沌物质」×1；物品 ID 883「神光」×1","神算盘赫尔墨斯"
"4728","サージャンブレイド・オズマ","武器","726","金币：12000；材料：武器 ID 814「サージャンブレイド・イデア」×1；物品 ID 264「オズマ細胞」×1","金币：12000；材料：武器 ID 814「外科手术刀・伊迪亚」×1；物品 ID 264「奥兹玛细胞」×1","萨尔加姆布雷德・奥兹玛"
"4732","デッドアナトミア","武器","823","金币：17200；材料：武器 ID 813「ブレイドアナトミア」×1；物品 ID 274「ゾンビハート」×1","金币：17200；材料：武器 ID 813「解剖刀」×1；物品 ID 274「僵尸心脏」×1","死亡解剖"
"4733","求道者のメス","武器","824","金币：17200；材料：武器 ID 4727「傀儡師のメス」×1；物品 ID 286「地獄の触手」×1","金币：17200；材料：武器 ID 4727「傀儡师的手术刀」×1；物品 ID 286「地狱的触手」×1","求道者的手术刀"
"4735","サージャンブレイドΩ","武器","965","金币：24000；材料：武器 ID 4728「サージャンブレイド・オズマ」×1；物品 ID 2「高級薬草」×1","金币：24000；材料：武器 ID 4728「萨尔加姆布雷德・奥兹玛」×1；物品 ID 2「高级药草」×1","军刀Ω"
"4735","サージャンブレイドΩ","武器","2047","金币：24000；材料：武器 ID 4728「サージャンブレイド・オズマ」×1；物品 ID 828「侵蝕の粘液」×1","金币：24000；材料：武器 ID 4728「萨尔加姆布雷德・奥兹玛」×1；物品 ID 828「侵蚀的粘液」×1","军刀Ω"
"4736","ヘルヘイム","武器","1032","金币：30000；材料：武器 ID 4732「デッドアナトミア」×1；物品 ID 2「高級薬草」×1","金币：30000；材料：武器 ID 4732「死亡解剖」×1；物品 ID 2「高级药草」×1","地狱海姆"
"4736","ヘルヘイム","武器","2114","金币：30000；材料：武器 ID 4732「デッドアナトミア」×1；物品 ID 839「冥府の髪」×1","金币：30000；材料：武器 ID 4732「死亡解剖」×1；物品 ID 839「冥府的头发」×1","地狱海姆"
"4738","アウトブレイク","武器","1130","金币：37800；材料：武器 ID 819「マッドサイエンティスト」×1；物品 ID 2「高級薬草」×1","金币：37800；材料：武器 ID 819「疯狂科学家」×1；物品 ID 2「高级药草」×1","爆发"
"4738","アウトブレイク","武器","2212","金币：37800；材料：武器 ID 819「マッドサイエンティスト」×1；物品 ID 852「ゼロマター」×1","金币：37800；材料：武器 ID 819「疯狂科学家」×1；物品 ID 852「零物质」×1","爆发"
"4739","ヒポクラテスの誓い","武器","1197","金币：43200；材料：武器 ID 818「世界樹の医刀」×1；物品 ID 2「高級薬草」×1","金币：43200；材料：武器 ID 818「世界树的医刀」×1；物品 ID 2「高级药草」×1","希波克拉底誓言"
"4739","ヒポクラテスの誓い","武器","2279","金币：43200；材料：武器 ID 818「世界樹の医刀」×1；物品 ID 864「虹色の羽根」×1","金币：43200；材料：武器 ID 818「世界树的医刀」×1；物品 ID 864「彩虹色的羽毛」×1","希波克拉底誓言"
"4740","アルテイストの誇り","武器","1231","金币：59400；材料：武器 ID 4733「求道者のメス」×1；物品 ID 2「高級薬草」×1","金币：59400；材料：武器 ID 4733「求道者的手术刀」×1；物品 ID 2「高级药草」×1","阿尔泰斯特的荣耀"
"4740","アルテイストの誇り","武器","2404","金币：59400；材料：武器 ID 4733「求道者のメス」×1；物品 ID 866「オメガコア」×1","金币：59400；材料：武器 ID 4733「求道者的手术刀」×1；物品 ID 866「欧米伽核心」×1","阿尔泰斯特的荣耀"
"4742","癒水刃ブリギット","武器","1336","金币：54000；材料：武器 ID 4729「ブリギットの医刀」×1；物品 ID 2「高級薬草」×1","金币：54000；材料：武器 ID 4729「布里奇德之医刀」×1；物品 ID 2「高级药草」×1","治愈水刃布里奇德"
"4742","癒水刃ブリギット","武器","2380","金币：54000；材料：武器 ID 4729「ブリギットの医刀」×1；物品 ID 878「カオスマター」×1；物品 ID 881「混沌水銀」×1","金币：54000；材料：武器 ID 4729「布里奇德之医刀」×1；物品 ID 878「混沌物质」×1；物品 ID 881「混沌水银」×1","治愈水刃布里奇德"
"4746","ファンタジア","武器","727","金币：12200；材料：武器 ID 839「ファンタジーカード」×1；物品 ID 262「神々しい花びら」×1","金币：12200；材料：武器 ID 839「幻想卡牌」×1；物品 ID 262「神圣花瓣」×1","幻想曲"
"4747","ラストハロウィン","武器","728","金币：12200；材料：武器 ID 4744「ハロウィン」×1；物品 ID 269「終蟲の甲殻」×1","金币：12200；材料：武器 ID 4744「万圣节」×1；物品 ID 269「终虫甲壳」×1","最后的万圣节"
"4751","陰陽混沌札","武器","826","金币：16600；材料：武器 ID 838「陰陽式神札」×1；物品 ID 283「カオスニウム」×1","金币：16600；材料：武器 ID 838「阴阳式神札」×1；物品 ID 283「混沌结晶」×1","阴阳混沌札"
"4752","冥界のタロット","武器","825","金币：16600；材料：武器 ID 833「死者のタロット」×1；物品 ID 274「ゾンビハート」×1","金币：16600；材料：武器 ID 833「死者塔罗」×1；物品 ID 274「僵尸心脏」×1","冥界的塔罗"
"4754","フェアリーカーニバル","武器","937","金币：21200；材料：武器 ID 4747「ラストハロウィン」×1；物品 ID 2「高級薬草」×1","金币：21200；材料：武器 ID 4747「最后的万圣节」×1；物品 ID 2「高级药草」×1","妖精嘉年华"
"4754","フェアリーカーニバル","武器","2019","金币：21200；材料：武器 ID 4747「ラストハロウィン」×1；物品 ID 822「神様のどんぐり」×1","金币：21200；材料：武器 ID 4747「最后的万圣节」×1；物品 ID 822「神大人的橡果」×1","妖精嘉年华"
"4755","魂のデュエリスト","武器","966","金币：23500；材料：武器 ID 4755「魂のデュエリスト」×1；物品 ID 2「高級薬草」×1","金币：23500；材料：武器 ID 4755「魂之决斗者」×1；物品 ID 2「高级药草」×1","魂之决斗者"
"4755","魂のデュエリスト","武器","2048","金币：23500；材料：武器 ID 4745「デュエリストのカード」×1；物品 ID 829「蒼天の羽根」×1","金币：23500；材料：武器 ID 4745「决斗者的卡牌」×1；物品 ID 829「苍天的羽毛」×1","魂之决斗者"
"4756","太極陰陽混沌札","武器","1033","金币：28500；材料：武器 ID 4751「陰陽混沌札」×1；物品 ID 2「高級薬草」×1","金币：28500；材料：武器 ID 4751「阴阳混沌札」×1；物品 ID 2「高级药草」×1","太极阴阳混沌符"
"4756","太極陰陽混沌札","武器","2115","金币：28500；材料：武器 ID 4751「陰陽混沌札」×1；物品 ID 839「冥府の髪」×1","金币：28500；材料：武器 ID 4751「阴阳混沌札」×1；物品 ID 839「冥府的头发」×1","太极阴阳混沌符"
"4758","デッドマンズハンド","武器","1065","金币：32000；材料：武器 ID 4752「冥界のタロット」×1；物品 ID 2「高級薬草」×1","金币：32000；材料：武器 ID 4752「冥界的塔罗」×1；物品 ID 2「高级药草」×1","死人之手"
"4758","デッドマンズハンド","武器","2147","金币：32000；材料：武器 ID 4752「冥界のタロット」×1；物品 ID 843「終焉の結晶」×1","金币：32000；材料：武器 ID 4752「冥界的塔罗」×1；物品 ID 843「终焉的结晶」×1","死人之手"
"4759","ジョーカー","武器","1131","金币：36400；材料：武器 ID 836「死神のカード」×1；物品 ID 2「高級薬草」×1","金币：36400；材料：武器 ID 836「死神卡牌」×1；物品 ID 2「高级药草」×1","小丑"
"4759","ジョーカー","武器","2213","金币：36400；材料：武器 ID 836「死神のカード」×1；物品 ID 852「ゼロマター」×1","金币：36400；材料：武器 ID 836「死神卡牌」×1；物品 ID 852「零物质」×1","小丑"
"4761","ファンタジスタ","武器","1158","金币：38500；材料：武器 ID 4746「ファンタジア」×1；物品 ID 2「高級薬草」×1","金币：38500；材料：武器 ID 4746「幻想曲」×1；物品 ID 2「高级药草」×1","幻想师"
"4761","ファンタジスタ","武器","2240","金币：38500；材料：武器 ID 4746「ファンタジア」×1；物品 ID 858「大淫婦の尻尾」×1","金币：38500；材料：武器 ID 4746「幻想曲」×1；物品 ID 858「大淫妇的尾巴」×1","幻想师"
"4762","光と闇のカード","武器","1198","金币：42300；材料：武器 ID 840「純白のカード」×1；物品 ID 2「高級薬草」×1","金币：42300；材料：武器 ID 840「纯白卡牌」×1；物品 ID 2「高级药草」×1","光与暗的卡牌"
"4762","光と闇のカード","武器","2280","金币：42300；材料：武器 ID 840「純白のカード」×1；武器 ID 841「漆黒のカード」×1；物品 ID 861「災厄の結晶」×1","金币：42300；材料：武器 ID 840「纯白卡牌」×1；武器 ID 841「漆黑卡牌」×1；物品 ID 861「灾厄的结晶」×1","光与暗的卡牌"
"4764","覇禁札ラー","武器","1337","金币：52000；材料：武器 ID 4748「ラーのカード」×1；物品 ID 2「高級薬草」×1","金币：52000；材料：武器 ID 4748「拉之卡牌」×1；物品 ID 2「高级药草」×1","霸禁符拉"
"4764","覇禁札ラー","武器","2381","金币：52000；材料：武器 ID 4748「ラーのカード」×1；物品 ID 878「カオスマター」×1；物品 ID 879「紅蓮の瞳」×1","金币：52000；材料：武器 ID 4748「拉之卡牌」×1；物品 ID 878「混沌物质」×1；物品 ID 879「红莲之瞳」×1","霸禁符拉"
"4766","花鳥風月","武器","639","金币：10400；材料：武器 ID 852「三花皿」×1；物品 ID 262「神々しい花びら」×1","金币：10400；材料：武器 ID 852「三花盘」×1；物品 ID 262「神圣花瓣」×1","花鸟风月"
"4767","気高き者の皿","武器","682","金币：11000；材料：武器 ID 863「一級市民の皿」×1；物品 ID 262「神々しい花びら」×1","金币：11000；材料：武器 ID 863「一级市民的盘」×1；物品 ID 262「神圣花瓣」×1","高贵者的盘"
"4769","メカニックディッシュ改","武器","758","金币：12200；材料：武器 ID 866「メカニックディッシュ」×1；物品 ID 269「終蟲の甲殻」×1","金币：12200；材料：武器 ID 866「机械盘」×1；物品 ID 269「终虫甲壳」×1","机械盘改"
"4773","レジェンド","武器","827","金币：16600；材料：武器 ID 864「伝説の皿」×1；物品 ID 277「究極の羽根」×1","金币：16600；材料：武器 ID 864「传说之盘」×1；物品 ID 277「究极之羽」×1","传奇"
"4774","サロメの魔華皿","武器","828","金币：16600；材料：武器 ID 859「サロメの妖花皿」×1；物品 ID 285「モルボルの花びら」×1","金币：16600；材料：武器 ID 859「撒罗默妖花盘」×1；物品 ID 285「魔界花的花瓣」×1","撒罗默的魔华盘"
"4776","ハイノーブル","武器","938","金币：22000；材料：武器 ID 4767「気高き者の皿」×1；物品 ID 2「高級薬草」×1","金币：22000；材料：武器 ID 4767「高贵者的盘」×1；物品 ID 2「高级药草」×1","高贵"
"4776","ハイノーブル","武器","2020","金币：22000；材料：武器 ID 4767「気高き者の皿」×1；物品 ID 824「黙示の羽根」×1","金币：22000；材料：武器 ID 4767「高贵者的盘」×1；物品 ID 824「启示的羽毛」×1","高贵"
"4777","蛸蝕祭","武器","967","金币：24000；材料：武器 ID 865「淫靡触手皿」×1；物品 ID 2「高級薬草」×1","金币：24000；材料：武器 ID 865「淫靡触手盘」×1；物品 ID 2「高级药草」×1","章鱼吞噬祭"
"4777","蛸蝕祭","武器","2049","金币：24000；材料：武器 ID 865「淫靡触手皿」×1；物品 ID 827「深淵の触手」×1","金币：24000；材料：武器 ID 865「淫靡触手盘」×1；物品 ID 827「深渊的触手」×1","章鱼吞噬祭"
"4778","究極麗皿・雪月花","武器","1003","金币：26000；材料：武器 ID 4766「花鳥風月」×1；物品 ID 2「高級薬草」×1","金币：26000；材料：武器 ID 4766「花鸟风月」×1；物品 ID 2「高级药草」×1","究极丽盘・雪月花"
"4778","究極麗皿・雪月花","武器","2085","金币：26000；材料：武器 ID 4766「花鳥風月」×1；物品 ID 832「魔海の珊瑚」×1","金币：26000；材料：武器 ID 4766「花鸟风月」×1；物品 ID 832「魔海的珊瑚」×1","究极丽盘・雪月花"
"4779","スペリオル","武器","1034","金币：28500；材料：武器 ID 4769「メカニックディッシュ改」×1；物品 ID 2「高級薬草」×1","金币：28500；材料：武器 ID 4769「机械盘改」×1；物品 ID 2「高级药草」×1","卓越"
"4779","スペリオル","武器","2116","金币：28500；材料：武器 ID 4769「メカニックディッシュ改」×1；物品 ID 838「魔王の蛇尾」×1","金币：28500；材料：武器 ID 4769「机械盘改」×1；物品 ID 838「魔王的蛇尾」×1","卓越"
"4781","ルミナスレジェンド","武器","1097","金币：34500；材料：武器 ID 4773「レジェンド」×1；物品 ID 2「高級薬草」×1","金币：34500；材料：武器 ID 4773「传奇」×1；物品 ID 2「高级药草」×1","光辉传说"
"4781","ルミナスレジェンド","武器","2179","金币：34500；材料：武器 ID 4773「レジェンド」×1；物品 ID 848「永遠の鱗」×1","金币：34500；材料：武器 ID 4773「传奇」×1；物品 ID 848「永恒的鳞片」×1","光辉传说"
"4782","デメテル","武器","1132","金币：36400；材料：武器 ID 4768「地母神の皿」×1；物品 ID 2「高級薬草」×1","金币：36400；材料：武器 ID 4768「地母神的盘」×1；物品 ID 2「高级药草」×1","德墨忒尔"
"4782","デメテル","武器","2214","金币：36400；材料：武器 ID 4768「地母神の皿」×1；物品 ID 855「世界樹の花びら」×1","金币：36400；材料：武器 ID 4768「地母神的盘」×1；物品 ID 855「世界树的花瓣」×1","德墨忒尔"
"4783","馘華皿サロメ","武器","1159","金币：39800；材料：武器 ID 4774「サロメの魔華皿」×1；物品 ID 2「高級薬草」×1","金币：39800；材料：武器 ID 4774「撒罗默的魔华盘」×1；物品 ID 2「高级药草」×1","斩首盘撒罗默"
"4783","馘華皿サロメ","武器","2241","金币：39800；材料：武器 ID 4774「サロメの魔華皿」×1；物品 ID 858「大淫婦の尻尾」×1","金币：39800；材料：武器 ID 4774「撒罗默的魔华盘」×1；物品 ID 858「大淫妇的尾巴」×1","斩首盘撒罗默"
"4784","狂酔皿ディオニュソス","武器","1199","金币：42000；材料：武器 ID 861「ディオニュソスの皿」×1；物品 ID 2「高級薬草」×1","金币：42000；材料：武器 ID 861「狄俄尼索斯之盘」×1；物品 ID 2「高级药草」×1","狂醉盘狄俄尼索斯"
"4784","狂酔皿ディオニュソス","武器","2281","金币：42000；材料：武器 ID 861「ディオニュソスの皿」×1；物品 ID 861「災厄の結晶」×1","金币：42000；材料：武器 ID 861「狄俄尼索斯之盘」×1；物品 ID 861「灾厄的结晶」×1","狂醉盘狄俄尼索斯"
"4786","五穀皿・神農","武器","1338","金币：52000；材料：武器 ID 4770「神農の奉皿」×1；物品 ID 2「高級薬草」×1","金币：52000；材料：武器 ID 4770「神农的供盘」×1；物品 ID 2「高级药草」×1","五谷盘・神农"
"4786","五穀皿・神農","武器","2382","金币：52000；材料：武器 ID 4770「神農の奉皿」×1；物品 ID 878「カオスマター」×1；物品 ID 882「侵蝕する触手」×1","金币：52000；材料：武器 ID 4770「神农的供盘」×1；物品 ID 878「混沌物质」×1；物品 ID 882「侵蚀的触手」×1","五谷盘・神农"
"4789","白きラジエル","武器","557","金币：10000；材料：武器 ID 883「ラジエルの書」×1；物品 ID 257「偉大なる花びら」×1","金币：10000；材料：武器 ID 883「拉结尔之书」×1；物品 ID 257「伟大的花瓣」×1","白之拉结尔"
"4790","闇のヴェーダ","武器","556","金币：10000；材料：武器 ID 885「ヴェーダ」×1；物品 ID 255「昂ぶる触手」×1","金币：10000；材料：武器 ID 885「吠陀」×1；物品 ID 255「昂扬的触手」×1","暗之吠陀"
"4791","究極快楽秘本","武器","588","金币：10500；材料：武器 ID 887「快楽秘本」×1；物品 ID 266「絶美の尻尾」×1","金币：10500；材料：武器 ID 887「快乐秘本」×1；物品 ID 266「绝美尾巴」×1","究极快乐秘本"
"4793","グノーシス真書","武器","641","金币：12000；材料：武器 ID 4789「白きラジエル」×1；物品 ID 264「オズマ細胞」×1","金币：12000；材料：武器 ID 4789「白之拉结尔」×1；物品 ID 264「奥兹玛细胞」×1","格诺西丝真书"
"4794","終末のヴェーダ","武器","640","金币：12000；材料：武器 ID 4790「闇のヴェーダ」×1；物品 ID 263「神物の破片」×1","金币：12000；材料：武器 ID 4790「暗之吠陀」×1；物品 ID 263「神物碎片」×1","终末的吠陀"
"4795","アンリミテッドレコード","武器","730","金币：12500；材料：武器 ID 886「アカシックレコード」×1；物品 ID 282「蛭蟲細胞」×1","金币：12500；材料：武器 ID 886「阿卡西记录」×1；物品 ID 282「蛭虫细胞」×1","无限记录"
"4796","マスターアルケミスト","武器","729","金币：12500；材料：武器 ID 4792「アルケミスト大全」×1；物品 ID 269「終蟲の甲殻」×1","金币：12500；材料：武器 ID 4792「炼金术大全」×1；物品 ID 269「终虫甲壳」×1","大师炼金术士"
"4798","レインボーセンス","武器","830","金币：16800；材料：武器 ID 884「シックスセンス」×1；物品 ID 273「ハインリヒ細胞」×1","金币：16800；材料：武器 ID 884「六感」×1；物品 ID 273「海因里希细胞」×1","彩虹感官"
"4799","究極科学大全","武器","829","金币：16800；材料：武器 ID 4797「科学大全」×1；物品 ID 280「エレメントコア」×1","金币：16800；材料：武器 ID 4797「科学大全」×1；物品 ID 280「元素核心」×1","究极科学大全"
"4800","グノーシス・エゴ","武器","906","金币：18000；材料：武器 ID 4793「グノーシス真書」×1；物品 ID 282「蛭蟲細胞」×1","金币：18000；材料：武器 ID 4793「格诺西丝真书」×1；物品 ID 282「蛭虫细胞」×1","格诺西丝・自我"
"4802","トリスメギストス","武器","968","金币：24500；材料：武器 ID 4796「マスターアルケミスト」×1；物品 ID 2「高級薬草」×1","金币：24500；材料：武器 ID 4796「大师炼金术士」×1；物品 ID 2「高级药草」×1","三重伟大"
"4802","トリスメギストス","武器","2050","金币：24500；材料：武器 ID 4796「マスターアルケミスト」×1；物品 ID 826「白面のしっぽ」×1","金币：24500；材料：武器 ID 4796「大师炼金术士」×1；物品 ID 826「白面的尾巴」×1","三重伟大"
"4804","カーマスートラ","武器","1035","金币：30000；材料：武器 ID 4791「究極快楽秘本」×1；物品 ID 2「高級薬草」×1","金币：30000；材料：武器 ID 4791「究极快乐秘本」×1；物品 ID 2「高级药草」×1","卡玛斯特拉"
"4804","カーマスートラ","武器","2117","金币：30000；材料：武器 ID 4791「究極快楽秘本」×1；物品 ID 840「超無限細胞」×1","金币：30000；材料：武器 ID 4791「究极快乐秘本」×1；物品 ID 840「超无限细胞」×1","卡玛斯特拉"
"4805","インフィニティセンス","武器","1133","金币：39200；材料：武器 ID 4798「レインボーセンス」×1；物品 ID 2「高級薬草」×1","金币：39200；材料：武器 ID 4798「彩虹感官」×1；物品 ID 2「高级药草」×1","无限感知"
"4805","インフィニティセンス","武器","2215","金币：39200；材料：武器 ID 4798「レインボーセンス」×1；物品 ID 852「ゼロマター」×1","金币：39200；材料：武器 ID 4798「彩虹感官」×1；物品 ID 852「零物质」×1","无限感知"
"4807","第九絶滅","武器","1200","金币：44800；材料：武器 ID 4794「終末のヴェーダ」×1；物品 ID 2「高級薬草」×1","金币：44800；材料：武器 ID 4794「终末的吠陀」×1；物品 ID 2「高级药草」×1","第九绝灭"
"4807","第九絶滅","武器","2282","金币：44800；材料：武器 ID 4794「終末のヴェーダ」×1；物品 ID 865「時の歯車」×1","金币：44800；材料：武器 ID 4794「终末的吠陀」×1；物品 ID 865「时间的齿轮」×1","第九绝灭"
"4808","プリンキピア","武器","1218","金币：61600；材料：武器 ID 4799「究極科学大全」×1；物品 ID 2「高級薬草」×1","金币：61600；材料：武器 ID 4799「究极科学大全」×1；物品 ID 2「高级药草」×1","原理"
"4808","プリンキピア","武器","2391","金币：61600；材料：武器 ID 4799「究極科学大全」×1；物品 ID 866「オメガコア」×1","金币：61600；材料：武器 ID 4799「究极科学大全」×1；物品 ID 866「欧米伽核心」×1","原理"
"4809","グノーシス黙示録","武器","1258","金币：61600；材料：武器 ID 4800「グノーシス・エゴ」×1；物品 ID 2「高級薬草」×1","金币：61600；材料：武器 ID 4800「格诺西丝・自我」×1；物品 ID 2「高级药草」×1","格诺西丝默示录"
"4809","グノーシス黙示録","武器","2416","金币：61600；材料：武器 ID 4800「グノーシス・エゴ」×1；物品 ID 875「永劫の羽根」×1","金币：61600；材料：武器 ID 4800「格诺西丝・自我」×1；物品 ID 875「永劫的羽根」×1","格诺西丝默示录"
"4811","カオスレコード","武器","1339","金币：56000；材料：武器 ID 4795「アンリミテッドレコード」×1；物品 ID 2「高級薬草」×1","金币：56000；材料：武器 ID 4795「无限记录」×1；物品 ID 2「高级药草」×1","混沌记录"
"4811","カオスレコード","武器","2383","金币：56000；材料：武器 ID 4795「アンリミテッドレコード」×1；物品 ID 878「カオスマター」×1；物品 ID 882「侵蝕する触手」×1","金币：56000；材料：武器 ID 4795「无限记录」×1；物品 ID 878「混沌物质」×1；物品 ID 882「侵蚀的触手」×1","混沌记录"
"4812","邪神覇皇の書","武器","1402","金币：61600；材料：武器 ID 4801「邪神の書」×1；物品 ID 2「高級薬草」×1","金币：61600；材料：武器 ID 4801「邪神之书」×1；物品 ID 2「高级药草」×1","邪神霸皇之书"
"4812","邪神覇皇の書","武器","2454","金币：61600；材料：武器 ID 4801「邪神の書」×1；物品 ID 884「魔王核熱結晶」×1","金币：61600；材料：武器 ID 4801「邪神之书」×1；物品 ID 884「魔王核热结晶」×1","邪神霸皇之书"
"4814","狩猟竜銃","武器","642","金币：24000；材料：武器 ID 914「アークドラグーン」×1；物品 ID 265「ナノ歯車」×1","金币：24000；材料：武器 ID 914「弧光龙卷」×1；物品 ID 265「纳米齿轮」×1","狩猎龙铳"
"4816","魔女のマスケット・終式","武器","731","金币：29000；材料：武器 ID 910「魔女のマスケット」×1；物品 ID 264「オズマ細胞」×1","金币：29000；材料：武器 ID 910「魔女的滑膛枪」×1；物品 ID 264「奥兹玛细胞」×1","魔女滑膛枪・终式"
"4817","パルスライフル","武器","759","金币：32000；材料：武器 ID 915「試作パルスライフル」×1；物品 ID 269「終蟲の甲殻」×1","金币：32000；材料：武器 ID 915「试作脉冲步枪」×1；物品 ID 269「终虫甲壳」×1","脉冲步枪"
"4818","ジブリール・エンデ","武器","832","金币：36000；材料：武器 ID 917「ジブリール・ノルン」×1；物品 ID 273「ハインリヒ細胞」×1","金币：36000；材料：武器 ID 917「吉普莉露・诺恩」×1；物品 ID 273「海因里希细胞」×1","吉普莉露・终结"
"4819","絶滅竜銃","武器","831","金币：36000；材料：武器 ID 4814「狩猟竜銃」×1；物品 ID 278「最終歯車」×1","金币：36000；材料：武器 ID 4814「狩猎龙铳」×1；物品 ID 278「最终齿轮」×1","灭绝龙铳"
"4820","アルティメイトマスケット","武器","833","金币：38000；材料：武器 ID 4816「魔女のマスケット・終式」×1；物品 ID 279「ネクストコア」×1","金币：38000；材料：武器 ID 4816「魔女滑膛枪・终式」×1；物品 ID 279「次世代核心」×1","究极滑膛枪"
"4821","統合型パルスライフル","武器","879","金币：38000；材料：武器 ID 4817「パルスライフル」×1；物品 ID 279「ネクストコア」×1","金币：38000；材料：武器 ID 4817「脉冲步枪」×1；物品 ID 279「次世代核心」×1","综合型脉冲步枪"
"4824","アルテマパルサー","武器","1015","金币：57000；材料：武器 ID 4821「統合型パルスライフル」×1；物品 ID 2「高級薬草」×1","金币：57000；材料：武器 ID 4821「综合型脉冲步枪」×1；物品 ID 2「高级药草」×1","究极脉冲"
"4824","アルテマパルサー","武器","2097","金币：57000；材料：武器 ID 4821「統合型パルスライフル」×1；物品 ID 842「高次半導体」×1","金币：57000；材料：武器 ID 4821「综合型脉冲步枪」×1；物品 ID 842「高次半导体」×1","究极脉冲"
"4825","エクゼキューショナー","武器","969","金币：54000；材料：武器 ID 4819「絶滅竜銃」×1；物品 ID 2「高級薬草」×1","金币：54000；材料：武器 ID 4819「灭绝龙铳」×1；物品 ID 2「高级药草」×1","执行官"
"4825","エクゼキューショナー","武器","2051","金币：54000；材料：武器 ID 4819「絶滅竜銃」×1；物品 ID 828「侵蝕の粘液」×1","金币：54000；材料：武器 ID 4819「灭绝龙铳」×1；物品 ID 828「侵蚀的粘液」×1","执行官"
"4826","エグゼター","武器","1036","金币：61000；材料：武器 ID 4818「ジブリール・エンデ」×1；物品 ID 2「高級薬草」×1","金币：61000；材料：武器 ID 4818「吉普莉露・终结」×1；物品 ID 2「高级药草」×1","执行者"
"4826","エグゼター","武器","2118","金币：61000；材料：武器 ID 4818「ジブリール・エンデ」×1；物品 ID 837「神々しい角」×1","金币：61000；材料：武器 ID 4818「吉普莉露・终结」×1；物品 ID 837「神圣的角」×1","执行者"
"4828","メギドファイア","武器","1219","金币：85000；材料：武器 ID 4824「アルテマパルサー」×1；物品 ID 2「高級薬草」×1","金币：85000；材料：武器 ID 4824「究极脉冲」×1；物品 ID 2「高级药草」×1","灭世劫炎"
"4828","メギドファイア","武器","2392","金币：85000；材料：武器 ID 4824「アルテマパルサー」×1；物品 ID 851「量子の歯車」×1","金币：85000；材料：武器 ID 4824「究极脉冲」×1；物品 ID 851「量子的齿轮」×1","灭世劫炎"
"4829","冥府の魔銃","武器","1160","金币：75000；材料：武器 ID 912「禁断の魔銃」×1；物品 ID 2「高級薬草」×1","金币：75000；材料：武器 ID 912「禁忌魔铳」×1；物品 ID 2「高级药草」×1","冥府魔铳"
"4829","冥府の魔銃","武器","2242","金币：75000；材料：武器 ID 912「禁断の魔銃」×1；物品 ID 856「不滅の黒片」×1","金币：75000；材料：武器 ID 912「禁忌魔铳」×1；物品 ID 856「不灭的黑片」×1","冥府魔铳"
"4832","ドゥームズデイ","武器","1220","金币：94000；材料：武器 ID 4828「メギドファイア」×1；物品 ID 2「高級薬草」×1","金币：94000；材料：武器 ID 4828「灭世劫炎」×1；物品 ID 2「高级药草」×1","末日审判"
"4832","ドゥームズデイ","武器","2393","金币：94000；材料：武器 ID 4828「メギドファイア」×1；物品 ID 866「オメガコア」×1","金币：94000；材料：武器 ID 4828「灭世劫炎」×1；物品 ID 866「欧米伽核心」×1","末日审判"
"4833","傀儡炸筒・影瑠璃","武器","1232","金币：92000；材料：武器 ID 4830「影銃・傀儡月」×1；物品 ID 2「高級薬草」×1","金币：92000；材料：武器 ID 4830「影铳・傀儡月」×1；物品 ID 2「高级药草」×1","傀儡炸筒・影琉璃"
"4833","傀儡炸筒・影瑠璃","武器","2405","金币：92000；材料：武器 ID 4830「影銃・傀儡月」×1；物品 ID 866「オメガコア」×1","金币：92000；材料：武器 ID 4830「影铳・傀儡月」×1；物品 ID 866「欧米伽核心」×1","傀儡炸筒・影琉璃"
"4834","傀儡炸筒・紬舞","武器","1233","金币：92000；材料：武器 ID 4831「黒銃・紬糸」×1；物品 ID 2「高級薬草」×1","金币：92000；材料：武器 ID 4831「黑铳・织丝」×1；物品 ID 2「高级药草」×1","傀儡炸筒・䌷舞"
"4834","傀儡炸筒・紬舞","武器","2406","金币：92000；材料：武器 ID 4831「黒銃・紬糸」×1；物品 ID 866「オメガコア」×1","金币：92000；材料：武器 ID 4831「黑铳・织丝」×1；物品 ID 866「欧米伽核心」×1","傀儡炸筒・䌷舞"
"4835","禁霊銃ネピリム零式","武器","1312","金币：85000；材料：武器 ID 4823「讐霊銃ネメシス」×1；物品 ID 2「高級薬草」×1","金币：85000；材料：武器 ID 4823「仇灵铳涅墨西斯」×1；物品 ID 2「高级药草」×1","禁灵铳拿非利零式"
"4835","禁霊銃ネピリム零式","武器","2339","金币：85000；材料：武器 ID 4822「禁霊銃ネピリム」×1；物品 ID 871「次元浸食細胞」×1","金币：85000；材料：武器 ID 4822「禁灵铳拿非利」×1；物品 ID 871「次元浸蚀细胞」×1","禁灵铳拿非利零式"
"4836","讐霊銃ネメシス終式","武器","1311","金币：85000；材料：武器 ID 4822「禁霊銃ネピリム」×1；物品 ID 2「高級薬草」×1","金币：85000；材料：武器 ID 4822「禁灵铳拿非利」×1；物品 ID 2「高级药草」×1","仇灵铳涅墨西斯终式"
"4836","讐霊銃ネメシス終式","武器","2340","金币：85000；材料：武器 ID 4823「讐霊銃ネメシス」×1；物品 ID 869「エキドナの蛇尾」×1","金币：85000；材料：武器 ID 4823「仇灵铳涅墨西斯」×1；物品 ID 869「厄喀德那的蛇尾」×1","仇灵铳涅墨西斯终式"
"4837","真アルティメイトマスケット","武器","1340","金币：90000；材料：武器 ID 4820「アルティメイトマスケット」×1；物品 ID 2「高級薬草」×1","金币：90000；材料：武器 ID 4820「究极滑膛枪」×1；物品 ID 2「高级药草」×1","真究极滑膛枪"
"4837","真アルティメイトマスケット","武器","2384","金币：90000；材料：武器 ID 4820「アルティメイトマスケット」×1；物品 ID 878「カオスマター」×1；物品 ID 880「雷土の結晶石」×1","金币：90000；材料：武器 ID 4820「究极滑膛枪」×1；物品 ID 878「混沌物质」×1；物品 ID 880「雷土的结晶石」×1","真究极滑膛枪"
"4840","悪徳の栄え・ソドム","武器","835","金币：22000；材料：武器 ID 935「悪徳の栄え」×1；物品 ID 284「シヴァの髪」×1","金币：22000；材料：武器 ID 935「恶德的繁荣」×1；物品 ID 284「湿婆的头发」×1","恶德荣光・所多玛"
"4841","アフロディーテ・アリス","武器","834","金币：22000；材料：武器 ID 930「アフロディーテの唇」×1；物品 ID 272「黒のアリス細胞」×1","金币：22000；材料：武器 ID 930「阿佛洛狄忒的唇」×1；物品 ID 272「黑之爱丽丝细胞」×1","阿佛洛狄忒・爱丽丝"
"4842","エクソダスハンド","武器","894","金币：23000；材料：武器 ID 938「サイコハンド」×1；物品 ID 272「黒のアリス細胞」×1","金币：23000；材料：武器 ID 938「念动之手」×1；物品 ID 272「黑之爱丽丝细胞」×1","救赎之手"
"4843","疾風セレナーデ","武器","939","金币：28000；材料：武器 ID 936「神々の妖花」×1；物品 ID 2「高級薬草」×1","金币：28000；材料：武器 ID 936「众神的妖花」×1；物品 ID 2「高级药草」×1","疾风小夜曲"
"4843","疾風セレナーデ","武器","2021","金币：28000；材料：武器 ID 936「神々の妖花」×1；物品 ID 821「神の涙石」×1","金币：28000；材料：武器 ID 936「众神的妖花」×1；物品 ID 821「神的泪石」×1","疾风小夜曲"
"4845","くのいちの妖壺","武器","1004","金币：35000；材料：武器 ID 932「昇天坩堝」×1；物品 ID 2「高級薬草」×1","金币：35000；材料：武器 ID 932「升天坩埚」×1；物品 ID 2「高级药草」×1","女忍的妖壶"
"4845","くのいちの妖壺","武器","2086","金币：35000；材料：武器 ID 932「昇天坩堝」×1；物品 ID 834「シャインエキス」×1","金币：35000；材料：武器 ID 932「升天坩埚」×1；物品 ID 834「闪耀精华」×1","女忍的妖壶"
"4846","失楽","武器","1066","金币：42000；材料：武器 ID 4840「悪徳の栄え・ソドム」×1；物品 ID 2「高級薬草」×1","金币：42000；材料：武器 ID 4840「恶德荣光・所多玛」×1；物品 ID 2「高级药草」×1","失乐"
"4846","失楽","武器","2148","金币：42000；材料：武器 ID 4840「悪徳の栄え・ソドム」×1；物品 ID 844「大淫魔の尻尾」×1","金币：42000；材料：武器 ID 4840「恶德荣光・所多玛」×1；物品 ID 844「大淫魔的尾巴」×1","失乐"
"4847","イシスの聖膣","武器","1134","金币：49000；材料：武器 ID 937「イシスの妖膣」×1；物品 ID 2「高級薬草」×1","金币：49000；材料：武器 ID 937「伊西斯妖腔」×1；物品 ID 2「高级药草」×1","伊西丝的圣穴"
"4847","イシスの聖膣","武器","2216","金币：49000；材料：武器 ID 937「イシスの妖膣」×1；物品 ID 855「世界樹の花びら」×1","金币：49000；材料：武器 ID 937「伊西斯妖腔」×1；物品 ID 855「世界树的花瓣」×1","伊西丝的圣穴"
"4849","ディストピア","武器","1201","金币：56000；材料：武器 ID 4844「ユートピア」×1；物品 ID 2「高級薬草」×1","金币：56000；材料：武器 ID 4844「乌托邦」×1；物品 ID 2「高级药草」×1","绝望"
"4849","ディストピア","武器","2283","金币：56000；材料：武器 ID 4844「ユートピア」×1；物品 ID 865「時の歯車」×1","金币：56000；材料：武器 ID 4844「乌托邦」×1；物品 ID 865「时间的齿轮」×1","绝望"
"4850","サイコエクセント","武器","1266","金币：75000；材料：武器 ID 4842「エクソダスハンド」×1；物品 ID 2「高級薬草」×1","金币：75000；材料：武器 ID 4842「救赎之手」×1；物品 ID 2「高级药草」×1","念动超凡"
"4851","淫欲禍アフロディーテ","武器","1341","金币：70000；材料：武器 ID 4841「アフロディーテ・アリス」×1；物品 ID 2「高級薬草」×1","金币：70000；材料：武器 ID 4841「阿佛洛狄忒・爱丽丝」×1；物品 ID 2「高级药草」×1","淫欲祸阿佛洛狄忒"
"4851","淫欲禍アフロディーテ","武器","2385","金币：70000；材料：武器 ID 4841「アフロディーテ・アリス」×1；物品 ID 878「カオスマター」×1；物品 ID 882「侵蝕する触手」×1","金币：70000；材料：武器 ID 4841「阿佛洛狄忒・爱丽丝」×1；物品 ID 878「混沌物质」×1；物品 ID 882「侵蚀的触手」×1","淫欲祸阿佛洛狄忒"
"4853","絶淫拳","武器","1376","金币：77000；材料：武器 ID 4334「淫魔鉄拳・夜華」×1；物品 ID 2「高級薬草」×1","金币：77000；材料：武器 ID 4334「淫魔铁拳・夜华」×1；物品 ID 2「高级药草」×1","绝淫拳"
"4853","絶淫拳","武器","3385","金币：77000；材料：武器 ID 4334「淫魔鉄拳・夜華」×1；物品 ID 886「根源の闇」×1","金币：77000；材料：武器 ID 4334「淫魔铁拳・夜华」×1；物品 ID 886「根源的黑暗」×1","绝淫拳"
