"产物ID","产物名称","产物种类","配方ID","合成方案","中文合成方案","中文产物名称"
"2102","HPの大秘石","物品","1896","金币：3000；材料：物品 ID 92「空の大秘石」×1；物品 ID 2101「HPの秘石」×2","金币：3000；材料：物品 ID 92「空的大秘石」×1；物品 ID 2101「HP的秘石」×2","HP的大秘石"
"2103","HPの超秘石","物品","3019","金币：10000；材料：物品 ID 93「空の超秘石」×1；物品 ID 2102「HPの大秘石」×2","金币：10000；材料：物品 ID 93「空的超秘石」×1；物品 ID 2102「HP的大秘石」×2","HP的超秘石"
"2104","HPの絶秘石","物品","3334","金币：60000；材料：物品 ID 94「空の絶秘石」×1；物品 ID 2103「HPの超秘石」×2","金币：60000；材料：物品 ID 94「空的绝秘石」×1；物品 ID 2103「HP的超秘石」×2","HP的绝秘石"
"2105","HPの極秘石","物品","3361","金币：200000；材料：物品 ID 95「空の極秘石」×1；物品 ID 2104「HPの絶秘石」×2","金币：200000；材料：物品 ID 95「空的极秘石」×1；物品 ID 2104「HP的绝秘石」×2","HP的极秘石"
"2112","力の大秘石","物品","1899","金币：3000；材料：物品 ID 92「空の大秘石」×1；物品 ID 2111「力の秘石」×2","金币：3000；材料：物品 ID 92「空的大秘石」×1；物品 ID 2111「力量的秘石」×2","力量的大秘石"
"2113","力の超秘石","物品","3022","金币：10000；材料：物品 ID 93「空の超秘石」×1；物品 ID 2112「力の大秘石」×2","金币：10000；材料：物品 ID 93「空的超秘石」×1；物品 ID 2112「力量的大秘石」×2","力量的超秘石"
"2114","力の絶秘石","物品","3337","金币：60000；材料：物品 ID 94「空の絶秘石」×1；物品 ID 2113「力の超秘石」×2","金币：60000；材料：物品 ID 94「空的绝秘石」×1；物品 ID 2113「力量的超秘石」×2","力量的绝秘石"
"2115","力の極秘石","物品","3364","金币：200000；材料：物品 ID 95「空の極秘石」×1；物品 ID 2114「力の絶秘石」×2","金币：200000；材料：物品 ID 95「空的极秘石」×1；物品 ID 2114「力量的绝秘石」×2","力量的极秘石"
"2125","狙う者の極秘石","物品","3370","金币：200000；材料：物品 ID 95「空の極秘石」×1；物品 ID 2124「狙う者の絶秘石」×2","金币：200000；材料：物品 ID 95「空的极秘石」×1；物品 ID 2124「瞄准者的绝秘石」×2","瞄准者的极秘石"
"2130","会心の極秘石","物品","3371","金币：200000；材料：物品 ID 95「空の極秘石」×1；物品 ID 2129「会心の絶秘石」×2","金币：200000；材料：物品 ID 95「空的极秘石」×1；物品 ID 2129「会心的绝秘石」×2","会心的极秘石"
"2135","反撃の極秘石","物品","3372","金币：200000；材料：物品 ID 95「空の極秘石」×1；物品 ID 2134「反撃の絶秘石」×2","金币：200000；材料：物品 ID 95「空的极秘石」×1；物品 ID 2134「反击的绝秘石」×2","反击的极秘石"
"2140","魔法反撃の極秘石","物品","3373","金币：200000；材料：物品 ID 95「空の極秘石」×1；物品 ID 2139「魔法反撃の絶秘石」×2","金币：200000；材料：物品 ID 95「空的极秘石」×1；物品 ID 2139「魔法反击的绝秘石」×2","魔法反击的极秘石"
"2165","ロイド特攻の秘石","物品","1532","金币：1000；材料：物品 ID 91「空の秘石」×1；物品 ID 233「傀儡歯車」×1","金币：1000；材料：物品 ID 91「空秘石」×1；物品 ID 233「傀儡齿轮」×1","机器人特攻的秘石"
"2166","ロイド特攻の大秘石","物品","1579","金币：3000；材料：物品 ID 92「空の大秘石」×1；物品 ID 2165「ロイド特攻の秘石」×2","金币：3000；材料：物品 ID 92「空的大秘石」×1；物品 ID 2165「机器人特攻的秘石」×2","机器人特攻的大秘石"
"2189","人間特攻の秘石","物品","1507","金币：1000；材料：物品 ID 91「空の秘石」×1；物品 ID 109「魔導書のページ」×1","金币：1000；材料：物品 ID 91「空秘石」×1；物品 ID 109「魔导书的书页」×1","人类特攻的秘石"
"2190","人間特攻の大秘石","物品","1554","金币：3000；材料：物品 ID 92「空の大秘石」×1；物品 ID 2189「人間特攻の秘石」×2","金币：3000；材料：物品 ID 92「空的大秘石」×1；物品 ID 2189「人类特攻的秘石」×2","人类特攻的大秘石"
"2193","妖魔特攻の秘石","物品","1508","金币：1000；材料：物品 ID 91「空の秘石」×1；物品 ID 243「禍々しい結晶」×1","金币：1000；材料：物品 ID 91「空秘石」×1；物品 ID 243「不祥的结晶」×1","妖魔特攻的秘石"
"2194","妖魔特攻の大秘石","物品","1555","金币：3000；材料：物品 ID 92「空の大秘石」×1；物品 ID 2193「妖魔特攻の秘石」×2","金币：3000；材料：物品 ID 92「空的大秘石」×1；物品 ID 2193「妖魔特攻的秘石」×2","妖魔特攻的大秘石"
"2197","亜人特攻の秘石","物品","1509","金币：1000；材料：物品 ID 91「空の秘石」×1；物品 ID 260「超力の結晶」×1","金币：1000；材料：物品 ID 91「空秘石」×1；物品 ID 260「超力结晶」×1","亚人特攻的秘石"
"2198","亜人特攻の大秘石","物品","1556","金币：3000；材料：物品 ID 92「空の大秘石」×1；物品 ID 2197「亜人特攻の秘石」×2","金币：3000；材料：物品 ID 92「空的大秘石」×1；物品 ID 2197「亚人特攻的秘石」×2","亚人特攻的大秘石"
"2201","淫魔特攻の秘石","物品","1510","金币：1000；材料：物品 ID 91「空の秘石」×1；物品 ID 251「妖艶なる尻尾」×1","金币：1000；材料：物品 ID 91「空秘石」×1；物品 ID 251「妖艳的尾巴」×1","淫魔特攻的秘石"
"2202","淫魔特攻の大秘石","物品","1557","金币：3000；材料：物品 ID 92「空の大秘石」×1；物品 ID 2201「淫魔特攻の秘石」×2","金币：3000；材料：物品 ID 92「空的大秘石」×1；物品 ID 2201「淫魔特攻的秘石」×2","淫魔特攻的大秘石"
"2205","吸血鬼特攻の秘石","物品","1511","金币：1000；材料：物品 ID 91「空の秘石」×1；物品 ID 224「夜の黒片」×1","金币：1000；材料：物品 ID 91「空秘石」×1；物品 ID 224「夜的黑片」×1","吸血鬼特攻的秘石"
"2206","吸血鬼特攻の大秘石","物品","1558","金币：3000；材料：物品 ID 92「空の大秘石」×1；物品 ID 2205「吸血鬼特攻の秘石」×2","金币：3000；材料：物品 ID 92「空的大秘石」×1；物品 ID 2205「吸血鬼特攻的秘石」×2","吸血鬼特攻的大秘石"
"2209","人魚特攻の秘石","物品","1512","金币：1000；材料：物品 ID 91「空の秘石」×1；物品 ID 204「人魚の鱗」×1","金币：1000；材料：物品 ID 91「空秘石」×1；物品 ID 204「人鱼的鳞片」×1","人鱼特攻的秘石"
"2210","人魚特攻の大秘石","物品","1559","金币：3000；材料：物品 ID 92「空の大秘石」×1；物品 ID 2209「人魚特攻の秘石」×2","金币：3000；材料：物品 ID 92「空的大秘石」×1；物品 ID 2209「人鱼特攻的秘石」×2","人鱼特攻的大秘石"
"2213","エルフ特攻の秘石","物品","1513","金币：1000；材料：物品 ID 91「空の秘石」×1；物品 ID 230「涙の魔石」×1","金币：1000；材料：物品 ID 91「空秘石」×1；物品 ID 230「泪的魔石」×1","精灵特攻的秘石"
"2214","エルフ特攻の大秘石","物品","1560","金币：3000；材料：物品 ID 92「空の大秘石」×1；物品 ID 2213「エルフ特攻の秘石」×2","金币：3000；材料：物品 ID 92「空的大秘石」×1；物品 ID 2213「精灵特攻的秘石」×2","精灵特攻的大秘石"
"2217","妖精特攻の秘石","物品","1514","金币：1000；材料：物品 ID 91「空の秘石」×1；物品 ID 229「精霊のどんぐり」×1","金币：1000；材料：物品 ID 91「空秘石」×1；物品 ID 229「精灵的橡果」×1","妖精特攻的秘石"
"2218","妖精特攻の大秘石","物品","1561","金币：3000；材料：物品 ID 92「空の大秘石」×1；物品 ID 2217「妖精特攻の秘石」×2","金币：3000；材料：物品 ID 92「空的大秘石」×1；物品 ID 2217「妖精特攻的秘石」×2","妖精特攻的大秘石"
"2221","スライム特攻の秘石","物品","1515","金币：1000；材料：物品 ID 91「空の秘石」×1；物品 ID 218「ぐにゅぐにゅゼリー」×1","金币：1000；材料：物品 ID 91「空秘石」×1；物品 ID 218「咕啾咕啾的果冻」×1","史莱姆特攻的秘石"
"2222","スライム特攻の大秘石","物品","1562","金币：3000；材料：物品 ID 92「空の大秘石」×1；物品 ID 2221「スライム特攻の秘石」×2","金币：3000；材料：物品 ID 92「空的大秘石」×1；物品 ID 2221「史莱姆特攻的秘石」×2","史莱姆特攻的大秘石"
"2225","魔獣特攻の秘石","物品","1516","金币：1000；材料：物品 ID 91「空の秘石」×1；物品 ID 244「覇獣の爪」×1","金币：1000；材料：物品 ID 91「空秘石」×1；物品 ID 244「霸兽的爪子」×1","魔兽特攻的秘石"
"2226","魔獣特攻の大秘石","物品","1563","金币：3000；材料：物品 ID 92「空の大秘石」×1；物品 ID 2225「魔獣特攻の秘石」×2","金币：3000；材料：物品 ID 92「空的大秘石」×1；物品 ID 2225「魔兽特攻的秘石」×2","魔兽特攻的大秘石"
"2229","妖狐特攻の秘石","物品","1517","金币：1000；材料：物品 ID 91「空の秘石」×1；物品 ID 242「もふもふしっぽ」×1","金币：1000；材料：物品 ID 91「空秘石」×1；物品 ID 242「毛绒绒的尾巴」×1","妖狐特攻的秘石"
"2230","妖狐特攻の大秘石","物品","1564","金币：3000；材料：物品 ID 92「空の大秘石」×1；物品 ID 2229「妖狐特攻の秘石」×2","金币：3000；材料：物品 ID 92「空的大秘石」×1；物品 ID 2229「妖狐特攻的秘石」×2","妖狐特攻的大秘石"
"2233","ラミア特攻の秘石","物品","1518","金币：1000；材料：物品 ID 91「空の秘石」×1；物品 ID 245「覇蛇の蛇尾」×1","金币：1000；材料：物品 ID 91「空秘石」×1；物品 ID 245「霸蛇的蛇尾」×1","拉米亚特攻的秘石"
"2234","ラミア特攻の大秘石","物品","1565","金币：3000；材料：物品 ID 92「空の大秘石」×1；物品 ID 2233「ラミア特攻の秘石」×2","金币：3000；材料：物品 ID 92「空的大秘石」×1；物品 ID 2233「拉米亚特攻的秘石」×2","拉米亚特攻的大秘石"
"2237","スキュラ特攻の秘石","物品","1519","金币：1000；材料：物品 ID 91「空の秘石」×1；物品 ID 255「昂ぶる触手」×1","金币：1000；材料：物品 ID 91「空秘石」×1；物品 ID 255「昂扬的触手」×1","斯库拉特攻的秘石"
"2238","スキュラ特攻の大秘石","物品","1566","金币：3000；材料：物品 ID 92「空の大秘石」×1；物品 ID 2237「スキュラ特攻の秘石」×2","金币：3000；材料：物品 ID 92「空的大秘石」×1；物品 ID 2237「斯库拉特攻的秘石」×2","斯库拉特攻的大秘石"
"2241","ハーピー特攻の秘石","物品","1520","金币：1000；材料：物品 ID 91「空の秘石」×1；物品 ID 227「輝く羽根」×1","金币：1000；材料：物品 ID 91「空秘石」×1；物品 ID 227「闪耀的羽毛」×1","哈比特攻的秘石"
"2242","ハーピー特攻の大秘石","物品","1567","金币：3000；材料：物品 ID 92「空の大秘石」×1；物品 ID 2241「ハーピー特攻の秘石」×2","金币：3000；材料：物品 ID 92「空的大秘石」×1；物品 ID 2241「哈比特攻的秘石」×2","哈比特攻的大秘石"
"2245","竜特攻の秘石","物品","1521","金币：1000；材料：物品 ID 91「空の秘石」×1；物品 ID 247「覇竜の牙」×1","金币：1000；材料：物品 ID 91「空秘石」×1；物品 ID 247「霸龙的牙齿」×1","龙特攻的秘石"
"2246","竜特攻の大秘石","物品","1568","金币：3000；材料：物品 ID 92「空の大秘石」×1；物品 ID 2245「竜特攻の秘石」×2","金币：3000；材料：物品 ID 92「空的大秘石」×1；物品 ID 2245「龙特攻的秘石」×2","龙特攻的大秘石"
"2249","陸棲種特攻の秘石","物品","1522","金币：1000；材料：物品 ID 91「空の秘石」×1；物品 ID 194「鋭い牙」×1","金币：1000；材料：物品 ID 91「空秘石」×1；物品 ID 194「尖牙」×1","陆栖种特攻的秘石"
"2250","陸棲種特攻の大秘石","物品","1569","金币：3000；材料：物品 ID 92「空の大秘石」×1；物品 ID 2249「陸棲種特攻の秘石」×2","金币：3000；材料：物品 ID 92「空的大秘石」×1；物品 ID 2249「陆栖种特攻的秘石」×2","陆栖种特攻的大秘石"
"2253","海棲種特攻の秘石","物品","1523","金币：1000；材料：物品 ID 91「空の秘石」×1；物品 ID 226「大海の珊瑚」×1","金币：1000；材料：物品 ID 91「空秘石」×1；物品 ID 226「大海的珊瑚」×1","海栖种特攻的秘石"
"2254","海棲種特攻の大秘石","物品","1570","金币：3000；材料：物品 ID 92「空の大秘石」×1；物品 ID 2253「海棲種特攻の秘石」×2","金币：3000；材料：物品 ID 92「空的大秘石」×1；物品 ID 2253「海栖种特攻的秘石」×2","海栖种特攻的大秘石"
"2257","虫特攻の秘石","物品","1524","金币：1000；材料：物品 ID 91「空の秘石」×1；物品 ID 261「神蟲の鱗粉」×1","金币：1000；材料：物品 ID 91「空秘石」×1；物品 ID 261「神虫鳞粉」×1","虫特攻的秘石"
"2258","虫特攻の大秘石","物品","1571","金币：3000；材料：物品 ID 92「空の大秘石」×1；物品 ID 2257「虫特攻の秘石」×2","金币：3000；材料：物品 ID 92「空的大秘石」×1；物品 ID 2257「虫特攻的秘石」×2","虫特攻的大秘石"
"2261","植物特攻の秘石","物品","1525","金币：1000；材料：物品 ID 91「空の秘石」×1；物品 ID 257「偉大なる花びら」×1","金币：1000；材料：物品 ID 91「空秘石」×1；物品 ID 257「伟大的花瓣」×1","植物特攻的秘石"
"2262","植物特攻の大秘石","物品","1572","金币：3000；材料：物品 ID 92「空の大秘石」×1；物品 ID 2261「植物特攻の秘石」×2","金币：3000；材料：物品 ID 92「空的大秘石」×1；物品 ID 2261「植物特攻的秘石」×2","植物特攻的大秘石"
"2265","ゾンビ特攻の秘石","物品","1526","金币：1000；材料：物品 ID 91「空の秘石」×1；物品 ID 221「ネクロパウダー」×1","金币：1000；材料：物品 ID 91「空秘石」×1；物品 ID 221「死灵粉末」×1","僵尸特攻的秘石"
"2266","ゾンビ特攻の大秘石","物品","1573","金币：3000；材料：物品 ID 92「空の大秘石」×1；物品 ID 2265「ゾンビ特攻の秘石」×2","金币：3000；材料：物品 ID 92「空的大秘石」×1；物品 ID 2265「僵尸特攻的秘石」×2","僵尸特攻的大秘石"
"2269","ゴースト特攻の秘石","物品","1527","金币：1000；材料：物品 ID 91「空の秘石」×1；物品 ID 185「幽霊の髪」×1","金币：1000；材料：物品 ID 91「空秘石」×1；物品 ID 185「幽灵的头发」×1","幽灵特攻的秘石"
"2270","ゴースト特攻の大秘石","物品","1574","金币：3000；材料：物品 ID 92「空の大秘石」×1；物品 ID 2269「ゴースト特攻の秘石」×2","金币：3000；材料：物品 ID 92「空的大秘石」×1；物品 ID 2269「幽灵特攻的秘石」×2","幽灵特攻的大秘石"
"2273","ドール特攻の秘石","物品","1528","金币：1000；材料：物品 ID 91「空の秘石」×1；物品 ID 233「傀儡歯車」×1","金币：1000；材料：物品 ID 91「空秘石」×1；物品 ID 233「傀儡齿轮」×1","人偶特攻的秘石"
"2274","ドール特攻の大秘石","物品","1575","金币：3000；材料：物品 ID 92「空の大秘石」×1；物品 ID 2273「ドール特攻の秘石」×2","金币：3000；材料：物品 ID 92「空的大秘石」×1；物品 ID 2273「人偶特攻的秘石」×2","人偶特攻的大秘石"
"2277","キメラ特攻の秘石","物品","1529","金币：1000；材料：物品 ID 91「空の秘石」×1；物品 ID 240「イデア細胞」×1","金币：1000；材料：物品 ID 91「空秘石」×1；物品 ID 240「伊迪亚细胞」×1","奇美拉特攻的秘石"
"2278","キメラ特攻の大秘石","物品","1576","金币：3000；材料：物品 ID 92「空の大秘石」×1；物品 ID 2277「キメラ特攻の秘石」×2","金币：3000；材料：物品 ID 92「空的大秘石」×1；物品 ID 2277「奇美拉特攻的秘石」×2","奇美拉特攻的大秘石"
"2281","天使特攻の秘石","物品","1530","金币：1000；材料：物品 ID 91「空の秘石」×1；物品 ID 252「奇跡の羽根」×1","金币：1000；材料：物品 ID 91「空秘石」×1；物品 ID 252「奇迹的羽毛」×1","天使特攻的秘石"
"2282","天使特攻の大秘石","物品","1577","金币：3000；材料：物品 ID 92「空の大秘石」×1；物品 ID 2281「天使特攻の秘石」×2","金币：3000；材料：物品 ID 92「空的大秘石」×1；物品 ID 2281「天使特攻的秘石」×2","天使特攻的大秘石"
"2285","巨人特攻の秘石","物品","1531","金币：1000；材料：物品 ID 91「空の秘石」×1；物品 ID 228「大一角」×1","金币：1000；材料：物品 ID 91「空秘石」×1；物品 ID 228「大一角」×1","巨人特攻的秘石"
"2286","巨人特攻の大秘石","物品","1578","金币：3000；材料：物品 ID 92「空の大秘石」×1；物品 ID 2285「巨人特攻の秘石」×2","金币：3000；材料：物品 ID 92「空的大秘石」×1；物品 ID 2285「巨人特攻的秘石」×2","巨人特攻的大秘石"
"2289","炎をまとう者の大秘石","物品","1885","金币：3000；材料：物品 ID 92「空の大秘石」×1；物品 ID 53「赤熱紅炎石」×3","金币：3000；材料：物品 ID 92「空的大秘石」×1；物品 ID 53「赤热红炎石」×3","炎之缠身者的大秘石"
"2290","氷をまとう者の大秘石","物品","1886","金币：3000；材料：物品 ID 92「空の大秘石」×1；物品 ID 57「凍結蒼氷石」×3","金币：3000；材料：物品 ID 92「空的大秘石」×1；物品 ID 57「冻结苍冰石」×3","冰之缠身者的大秘石"
"2291","雷をまとう者の大秘石","物品","1887","金币：3000；材料：物品 ID 92「空の大秘石」×1；物品 ID 61「電光黄雷石」×3","金币：3000；材料：物品 ID 92「空的大秘石」×1；物品 ID 61「电光黄雷石」×3","雷之缠身者的大秘石"
"2292","風をまとう者の大秘石","物品","1888","金币：3000；材料：物品 ID 92「空の大秘石」×1；物品 ID 65「疾風緑風石」×3","金币：3000；材料：物品 ID 92「空的大秘石」×1；物品 ID 65「疾风绿风石」×3","风之缠身者的大秘石"
"2293","土をまとう者の大秘石","物品","1889","金币：3000；材料：物品 ID 92「空の大秘石」×1；物品 ID 69「土流橙土石」×3","金币：3000；材料：物品 ID 92「空的大秘石」×1；物品 ID 69「土流橙土石」×3","土之缠身者的大秘石"
"2294","水をまとう者の大秘石","物品","1890","金币：3000；材料：物品 ID 92「空の大秘石」×1；物品 ID 73「激流青水石」×3","金币：3000；材料：物品 ID 92「空的大秘石」×1；物品 ID 73「激流青水石」×3","水之缠身者的大秘石"
"2295","光をまとう者の大秘石","物品","1891","金币：3000；材料：物品 ID 92「空の大秘石」×1；物品 ID 77「天空白聖石」×3","金币：3000；材料：物品 ID 92「空的大秘石」×1；物品 ID 77「天空白圣石」×3","光之缠身者的大秘石"
"2296","闇をまとう者の大秘石","物品","1892","金币：3000；材料：物品 ID 92「空の大秘石」×1；物品 ID 81「輝晶黒闇石」×3","金币：3000；材料：物品 ID 92「空的大秘石」×1；物品 ID 81「辉晶黑暗石」×3","暗之缠身者的大秘石"
"2297","音波をまとう者の大秘石","物品","1893","金币：3000；材料：物品 ID 92「空の大秘石」×1；物品 ID 17「満月草」×5","金币：3000；材料：物品 ID 92「空的大秘石」×1；物品 ID 17「满月草」×5","音波缠身者的大秘石"
"2298","バイオをまとう者の大秘石","物品","1894","金币：3000；材料：物品 ID 92「空の大秘石」×1；物品 ID 13「毒消し草」×5","金币：3000；材料：物品 ID 92「空的大秘石」×1；物品 ID 13「解毒草」×5","生化缠身者的大秘石"
"2299","快楽をまとう者の大秘石","物品","1895","金币：3000；材料：物品 ID 92「空の大秘石」×1；物品 ID 266「絶美の尻尾」×5","金币：3000；材料：物品 ID 92「空的大秘石」×1；物品 ID 266「绝美尾巴」×5","快乐缠身者的大秘石"
"2301","物理強化の大秘石","物品","1923","金币：3000；材料：物品 ID 92「空の大秘石」×1；物品 ID 2300「物理強化の秘石」×2","金币：3000；材料：物品 ID 92「空的大秘石」×1；物品 ID 2300「物理强化的秘石」×2","物理强化的大秘石"
"2302","物理強化の絶秘石","物品","3152","金币：30000；材料：物品 ID 94「空の絶秘石」×1；物品 ID 2301「物理強化の大秘石」×2","金币：30000；材料：物品 ID 94「空的绝秘石」×1；物品 ID 2301「物理强化的大秘石」×2","物理强化的绝秘石"
"2310","短剣技の秘石","物品","1690","金币：1000；材料：物品 ID 91「空の秘石」×1；武器 ID 33「流星のナイフ」×1","金币：1000；材料：物品 ID 91「空秘石」×1；武器 ID 33「流星制小刀」×1","短剑技的秘石"
"2311","短剣技の大秘石","物品","1798","金币：3000；材料：物品 ID 92「空の大秘石」×1；物品 ID 2310「短剣技の秘石」×2","金币：3000；材料：物品 ID 92「空的大秘石」×1；物品 ID 2310「短剑技的秘石」×2","短剑技的大秘石"
"2312","短剣技の絶秘石","物品","3165","金币：30000；材料：物品 ID 94「空の絶秘石」×1；物品 ID 2311「短剣技の大秘石」×2","金币：30000；材料：物品 ID 94「空的绝秘石」×1；物品 ID 2311「短剑技的大秘石」×2","短剑技的绝秘石"
"2315","剣技の秘石","物品","1691","金币：1000；材料：物品 ID 91「空の秘石」×1；武器 ID 111「流星の剣」×1","金币：1000；材料：物品 ID 91「空秘石」×1；武器 ID 111「流星制之剑」×1","剑技的秘石"
"2316","剣技の大秘石","物品","1799","金币：3000；材料：物品 ID 92「空の大秘石」×1；物品 ID 2315「剣技の秘石」×2","金币：3000；材料：物品 ID 92「空的大秘石」×1；物品 ID 2315「剑技的秘石」×2","剑技的大秘石"
"2317","剣技の絶秘石","物品","3166","金币：30000；材料：物品 ID 94「空の絶秘石」×1；物品 ID 2316「剣技の大秘石」×2","金币：30000；材料：物品 ID 94「空的绝秘石」×1；物品 ID 2316「剑技的大秘石」×2","剑技的绝秘石"
"2320","尖剣技の秘石","物品","1692","金币：1000；材料：物品 ID 91「空の秘石」×1；武器 ID 166「流星のレイピア」×1","金币：1000；材料：物品 ID 91「空秘石」×1；武器 ID 166「流星制细剑」×1","尖剑技的秘石"
"2321","尖剣技の大秘石","物品","1800","金币：3000；材料：物品 ID 92「空の大秘石」×1；物品 ID 2320「尖剣技の秘石」×2","金币：3000；材料：物品 ID 92「空的大秘石」×1；物品 ID 2320「尖剑技的秘石」×2","尖剑技的大秘石"
"2322","尖剣技の絶秘石","物品","3167","金币：30000；材料：物品 ID 94「空の絶秘石」×1；物品 ID 2321「尖剣技の大秘石」×2","金币：30000；材料：物品 ID 94「空的绝秘石」×1；物品 ID 2321「尖剑技的大秘石」×2","尖剑技的绝秘石"
"2325","刀技の秘石","物品","1693","金币：1000；材料：物品 ID 91「空の秘石」×1；武器 ID 263「人斬り丸」×1","金币：1000；材料：物品 ID 91「空秘石」×1；武器 ID 263「人斩丸」×1","刀技的秘石"
"2326","刀技の大秘石","物品","1801","金币：3000；材料：物品 ID 92「空の大秘石」×1；物品 ID 2325「刀技の秘石」×2","金币：3000；材料：物品 ID 92「空的大秘石」×1；物品 ID 2325「刀技的秘石」×2","刀技的大秘石"
"2327","刀技の絶秘石","物品","3168","金币：30000；材料：物品 ID 94「空の絶秘石」×1；物品 ID 2326「刀技の大秘石」×2","金币：30000；材料：物品 ID 94「空的绝秘石」×1；物品 ID 2326「刀技的大秘石」×2","刀技的绝秘石"
"2330","槍技の秘石","物品","1694","金币：1000；材料：物品 ID 91「空の秘石」×1；武器 ID 232「流星の槍」×1","金币：1000；材料：物品 ID 91「空秘石」×1；武器 ID 232「流星制之枪」×1","枪技的秘石"
"2331","槍技の大秘石","物品","1802","金币：3000；材料：物品 ID 92「空の大秘石」×1；物品 ID 2330「槍技の秘石」×2","金币：3000；材料：物品 ID 92「空的大秘石」×1；物品 ID 2330「枪技的秘石」×2","枪技的大秘石"
"2332","槍技の絶秘石","物品","3169","金币：30000；材料：物品 ID 94「空の絶秘石」×1；物品 ID 2331「槍技の大秘石」×2","金币：30000；材料：物品 ID 94「空的绝秘石」×1；物品 ID 2331「枪技的大秘石」×2","枪技的绝秘石"
"2335","斧技の秘石","物品","1695","金币：1000；材料：物品 ID 91「空の秘石」×1；武器 ID 390「流星の斧」×1","金币：1000；材料：物品 ID 91「空秘石」×1；武器 ID 390「流星制斧」×1","斧技的秘石"
"2336","斧技の大秘石","物品","1803","金币：3000；材料：物品 ID 92「空の大秘石」×1；物品 ID 2335「斧技の秘石」×2","金币：3000；材料：物品 ID 92「空的大秘石」×1；物品 ID 2335「斧技的秘石」×2","斧技的大秘石"
"2337","斧技の絶秘石","物品","3170","金币：30000；材料：物品 ID 94「空の絶秘石」×1；物品 ID 2336「斧技の大秘石」×2","金币：30000；材料：物品 ID 94「空的绝秘石」×1；物品 ID 2336「斧技的大秘石」×2","斧技的绝秘石"
"2340","棍技の秘石","物品","1696","金币：1000；材料：物品 ID 91「空の秘石」×1；武器 ID 430「流星のハンマー」×1","金币：1000；材料：物品 ID 91「空秘石」×1；武器 ID 430「流星制锤」×1","棍技的秘石"
"2341","棍技の大秘石","物品","1804","金币：3000；材料：物品 ID 92「空の大秘石」×1；物品 ID 2340「棍技の秘石」×2","金币：3000；材料：物品 ID 92「空的大秘石」×1；物品 ID 2340「棍技的秘石」×2","棍技的大秘石"
"2342","棍技の絶秘石","物品","3171","金币：30000；材料：物品 ID 94「空の絶秘石」×1；物品 ID 2341「棍技の大秘石」×2","金币：30000；材料：物品 ID 94「空的绝秘石」×1；物品 ID 2341「棍技的大秘石」×2","棍技的绝秘石"
"2345","鎌技の秘石","物品","1697","金币：1000；材料：物品 ID 91「空の秘石」×1；武器 ID 463「流星の鎌」×1","金币：1000；材料：物品 ID 91「空秘石」×1；武器 ID 463「流星制镰」×1","镰技的秘石"
"2346","鎌技の大秘石","物品","1805","金币：3000；材料：物品 ID 92「空の大秘石」×1；物品 ID 2345「鎌技の秘石」×2","金币：3000；材料：物品 ID 92「空的大秘石」×1；物品 ID 2345「镰技的秘石」×2","镰技的大秘石"
"2347","鎌技の絶秘石","物品","3172","金币：30000；材料：物品 ID 94「空の絶秘石」×1；物品 ID 2346「鎌技の大秘石」×2","金币：30000；材料：物品 ID 94「空的绝秘石」×1；物品 ID 2346「镰技的大秘石」×2","镰技的绝秘石"
"2350","弓技の秘石","物品","1698","金币：1000；材料：物品 ID 91「空の秘石」×1；武器 ID 578「流星の弓」×1","金币：1000；材料：物品 ID 91「空秘石」×1；武器 ID 578「流星制之弓」×1","弓技的秘石"
"2351","弓技の大秘石","物品","1806","金币：3000；材料：物品 ID 92「空の大秘石」×1；物品 ID 2350「弓技の秘石」×2","金币：3000；材料：物品 ID 92「空的大秘石」×1；物品 ID 2350「弓技的秘石」×2","弓技的大秘石"
"2352","弓技の絶秘石","物品","3173","金币：30000；材料：物品 ID 94「空の絶秘石」×1；物品 ID 2351「弓技の大秘石」×2","金币：30000；材料：物品 ID 94「空的绝秘石」×1；物品 ID 2351「弓技的大秘石」×2","弓技的绝秘石"
"2355","鞭技の秘石","物品","1699","金币：1000；材料：物品 ID 91「空の秘石」×1；武器 ID 611「流星の鞭」×1","金币：1000；材料：物品 ID 91「空秘石」×1；武器 ID 611「流星制鞭」×1","鞭技的秘石"
"2356","鞭技の大秘石","物品","1807","金币：3000；材料：物品 ID 92「空の大秘石」×1；物品 ID 2355「鞭技の秘石」×2","金币：3000；材料：物品 ID 92「空的大秘石」×1；物品 ID 2355「鞭技的秘石」×2","鞭技的大秘石"
"2357","鞭技の絶秘石","物品","3174","金币：30000；材料：物品 ID 94「空の絶秘石」×1；物品 ID 2356「鞭技の大秘石」×2","金币：30000；材料：物品 ID 94「空的绝秘石」×1；物品 ID 2356「鞭技的大秘石」×2","鞭技的绝秘石"
"2360","投擲技の秘石","物品","1700","金币：1000；材料：物品 ID 91「空の秘石」×1；武器 ID 689「流星のブーメラン」×1","金币：1000；材料：物品 ID 91「空秘石」×1；武器 ID 689「流星制回旋镖」×1","投掷技的秘石"
"2361","投擲技の大秘石","物品","1808","金币：3000；材料：物品 ID 92「空の大秘石」×1；物品 ID 2360「投擲技の秘石」×2","金币：3000；材料：物品 ID 92「空的大秘石」×1；物品 ID 2360「投掷技的秘石」×2","投掷技的大秘石"
"2362","投擲技の絶秘石","物品","3175","金币：30000；材料：物品 ID 94「空の絶秘石」×1；物品 ID 2361「投擲技の大秘石」×2","金币：30000；材料：物品 ID 94「空的绝秘石」×1；物品 ID 2361「投掷技的大秘石」×2","投掷技的绝秘石"
"2365","鉄球技の秘石","物品","1701","金币：1000；材料：物品 ID 91「空の秘石」×1；武器 ID 718「流星の鉄球」×1","金币：1000；材料：物品 ID 91「空秘石」×1；武器 ID 718「流星制铁球」×1","铁球技的秘石"
"2366","鉄球技の大秘石","物品","1809","金币：3000；材料：物品 ID 92「空の大秘石」×1；物品 ID 2365「鉄球技の秘石」×2","金币：3000；材料：物品 ID 92「空的大秘石」×1；物品 ID 2365「铁球技的秘石」×2","铁球技的大秘石"
"2367","鉄球技の絶秘石","物品","3176","金币：30000；材料：物品 ID 94「空の絶秘石」×1；物品 ID 2366「鉄球技の大秘石」×2","金币：30000；材料：物品 ID 94「空的绝秘石」×1；物品 ID 2366「铁球技的大秘石」×2","铁球技的绝秘石"
"2370","扇技の秘石","物品","1702","金币：1000；材料：物品 ID 91「空の秘石」×1；武器 ID 746「流星の扇」×1","金币：1000；材料：物品 ID 91「空秘石」×1；武器 ID 746「流星制扇」×1","扇技的秘石"
"2371","扇技の大秘石","物品","1810","金币：3000；材料：物品 ID 92「空の大秘石」×1；物品 ID 2370「扇技の秘石」×2","金币：3000；材料：物品 ID 92「空的大秘石」×1；物品 ID 2370「扇技的秘石」×2","扇技的大秘石"
"2372","扇技の絶秘石","物品","3177","金币：30000；材料：物品 ID 94「空の絶秘石」×1；物品 ID 2371「扇技の大秘石」×2","金币：30000；材料：物品 ID 94「空的绝秘石」×1；物品 ID 2371「扇技的大秘石」×2","扇技的绝秘石"
"2375","銃技の秘石","物品","1703","金币：1000；材料：物品 ID 91「空の秘石」×1；武器 ID 909「ジブリール」×1","金币：1000；材料：物品 ID 91「空秘石」×1；武器 ID 909「吉普莉露」×1","铳技的秘石"
"2376","銃技の大秘石","物品","1811","金币：3000；材料：物品 ID 92「空の大秘石」×1；物品 ID 2375「銃技の秘石」×2","金币：3000；材料：物品 ID 92「空的大秘石」×1；物品 ID 2375「铳技的秘石」×2","铳技的大秘石"
"2377","銃技の絶秘石","物品","3178","金币：30000；材料：物品 ID 94「空の絶秘石」×1；物品 ID 2376「銃技の大秘石」×2","金币：30000；材料：物品 ID 94「空的绝秘石」×1；物品 ID 2376「铳技的大秘石」×2","铳技的绝秘石"
"2380","多武器技の秘石","物品","1704","金币：1000；材料：物品 ID 91「空の秘石」×1；武器 ID 111「流星の剣」×2","金币：1000；材料：物品 ID 91「空秘石」×1；武器 ID 111「流星制之剑」×2","多武器技的秘石"
"2381","多武器技の大秘石","物品","1812","金币：3000；材料：物品 ID 92「空の大秘石」×1；物品 ID 2380「多武器技の秘石」×2","金币：3000；材料：物品 ID 92「空的大秘石」×1；物品 ID 2380「多武器技的秘石」×2","多武器技的大秘石"
"2382","多武器技の絶秘石","物品","3179","金币：30000；材料：物品 ID 94「空の絶秘石」×1；物品 ID 2381「多武器技の大秘石」×2","金币：30000；材料：物品 ID 94「空的绝秘石」×1；物品 ID 2381「多武器技的大秘石」×2","多武器技的绝秘石"
"2385","格闘の秘石","物品","1705","金币：1000；材料：物品 ID 91「空の秘石」×1；武器 ID 321「流星の爪」×1","金币：1000；材料：物品 ID 91「空秘石」×1；武器 ID 321「流星制之爪」×1","格斗的秘石"
"2386","格闘の大秘石","物品","1813","金币：3000；材料：物品 ID 92「空の大秘石」×1；物品 ID 2385「格闘の秘石」×2","金币：3000；材料：物品 ID 92「空的大秘石」×1；物品 ID 2385「格斗的秘石」×2","格斗的大秘石"
"2387","格闘の絶秘石","物品","3180","金币：30000；材料：物品 ID 94「空の絶秘石」×1；物品 ID 2386「格闘の大秘石」×2","金币：30000；材料：物品 ID 94「空的绝秘石」×1；物品 ID 2386「格斗的大秘石」×2","格斗的绝秘石"
"2390","短剣技使用可能の超秘石","物品","3076","金币：10000；材料：物品 ID 93「空の超秘石」×1；防具 ID 1628「シーフの悟り・短剣編」×1","金币：10000；材料：物品 ID 93「空的超秘石」×1；防具 ID 1628「盗贼的领悟・短剑篇」×1","可以使用短剑技的超秘石"
"2391","剣技使用可能の超秘石","物品","3077","金币：10000；材料：物品 ID 93「空の超秘石」×1；防具 ID 1629「剣士の悟り」×1","金币：10000；材料：物品 ID 93「空的超秘石」×1；防具 ID 1629「剑士的领悟」×1","可以使用剑技的超秘石"
"2392","尖剣技使用可能の超秘石","物品","3078","金币：10000；材料：物品 ID 93「空の超秘石」×1；防具 ID 1630「貴族の悟り」×1","金币：10000；材料：物品 ID 93「空的超秘石」×1；防具 ID 1630「贵族的领悟」×1","可以使用尖剑技的超秘石"
"2393","刀技使用可能の超秘石","物品","3079","金币：10000；材料：物品 ID 93「空の超秘石」×1；防具 ID 1631「侍の悟り」×1","金币：10000；材料：物品 ID 93「空的超秘石」×1；防具 ID 1631「武士的领悟」×1","可以使用刀技的超秘石"
"2394","槍技使用可能の超秘石","物品","3080","金币：10000；材料：物品 ID 93「空の超秘石」×1；防具 ID 1632「竜騎士の悟り」×1","金币：10000；材料：物品 ID 93「空的超秘石」×1；防具 ID 1632「龙骑士的领悟」×1","可以使用枪技的超秘石"
"2395","斧技使用可能の超秘石","物品","3081","金币：10000；材料：物品 ID 93「空の超秘石」×1；防具 ID 1633「ミノタウロスの悟り」×1","金币：10000；材料：物品 ID 93「空的超秘石」×1；防具 ID 1633「米诺陶洛斯的领悟」×1","可以使用斧技的超秘石"
"2396","棍技使用可能の超秘石","物品","3082","金币：10000；材料：物品 ID 93「空の超秘石」×1；防具 ID 1634「鬼神の悟り」×1","金币：10000；材料：物品 ID 93「空的超秘石」×1；防具 ID 1634「鬼神的领悟」×1","可以使用棍技的超秘石"
"2397","鎌技使用可能の超秘石","物品","3083","金币：10000；材料：物品 ID 93「空の超秘石」×1；防具 ID 1635「死神の悟り」×1","金币：10000；材料：物品 ID 93「空的超秘石」×1；防具 ID 1635「死神的领悟」×1","可以使用镰技的超秘石"
"2398","弓技使用可能の超秘石","物品","3084","金币：10000；材料：物品 ID 93「空の超秘石」×1；防具 ID 1636「狩人の悟り」×1","金币：10000；材料：物品 ID 93「空的超秘石」×1；防具 ID 1636「猎人的领悟」×1","可以使用弓技的超秘石"
"2399","鞭技使用可能の超秘石","物品","3085","金币：10000；材料：物品 ID 93「空の超秘石」×1；防具 ID 1637「魔物使いの悟り」×1","金币：10000；材料：物品 ID 93「空的超秘石」×1；防具 ID 1637「魔物使的领悟」×1","可以使用鞭技的超秘石"
"2400","投擲技使用可能の超秘石","物品","3086","金币：10000；材料：物品 ID 93「空の超秘石」×1；防具 ID 1638「冒険家の悟り」×1","金币：10000；材料：物品 ID 93「空的超秘石」×1；防具 ID 1638「冒险家的领悟」×1","投掷技可用的超秘石"
"2401","鉄球技使用可能の超秘石","物品","3087","金币：10000；材料：物品 ID 93「空の超秘石」×1；防具 ID 1639「パワーファイターの悟り」×1","金币：10000；材料：物品 ID 93「空的超秘石」×1；防具 ID 1639「力量战士的领悟」×1","铁球技可用的超秘石"
"2402","扇技使用可能の超秘石","物品","3088","金币：10000；材料：物品 ID 93「空の超秘石」×1；防具 ID 1640「踊り子の悟り・扇編」×1","金币：10000；材料：物品 ID 93「空的超秘石」×1；防具 ID 1640「舞者的领悟・扇篇」×1","扇技可用的超秘石"
"2403","銃技使用可能の超秘石","物品","3089","金币：10000；材料：物品 ID 93「空の超秘石」×1；防具 ID 1641「ガンナーの悟り」×1","金币：10000；材料：物品 ID 93「空的超秘石」×1；防具 ID 1641「铳手的领悟」×1","铳技可用的超秘石"
"2404","多武器技使用可能の超秘石","物品","3090","金币：10000；材料：物品 ID 93「空の超秘石」×1；防具 ID 1642「バトルマスターの悟り」×1","金币：10000；材料：物品 ID 93「空的超秘石」×1；防具 ID 1642「战斗大师的领悟」×1","多武器技可用的超秘石"
"2405","格闘使用可能の超秘石","物品","3091","金币：10000；材料：物品 ID 93「空の超秘石」×1；防具 ID 1643「武道家の悟り」×1","金币：10000；材料：物品 ID 93「空的超秘石」×1；防具 ID 1643「武道家的领悟」×1","格斗可用的超秘石"
"2451","魔を嫌う者の大秘石","物品","3012","金币：10000；材料：物品 ID 92「空の大秘石」×1；物品 ID 2450「魔を嫌う者の秘石」×2","金币：10000；材料：物品 ID 92「空的大秘石」×1；物品 ID 2450「厌恶魔物者的秘石」×2","厌恶魔物者的大秘石"
"2456","緑を嫌う者の大秘石","物品","3013","金币：10000；材料：物品 ID 92「空の大秘石」×1；物品 ID 2455「緑を嫌う者の秘石」×2","金币：10000；材料：物品 ID 92「空的大秘石」×1；物品 ID 2455「厌恶绿色者的秘石」×2","厌恶绿色者的大秘石"
"2461","海を嫌う者の大秘石","物品","3014","金币：10000；材料：物品 ID 92「空の大秘石」×1；物品 ID 2460「海を嫌う者の秘石」×2","金币：10000；材料：物品 ID 92「空的大秘石」×1；物品 ID 2460「厌恶海洋者的秘石」×2","厌恶海洋者的大秘石"
"2466","牙を嫌う者の大秘石","物品","3015","金币：10000；材料：物品 ID 92「空の大秘石」×1；物品 ID 2465「牙を嫌う者の秘石」×2","金币：10000；材料：物品 ID 92「空的大秘石」×1；物品 ID 2465「厌恶利齿者的秘石」×2","厌恶利齿者的大秘石"
"2471","羽を嫌う者の大秘石","物品","3016","金币：10000；材料：物品 ID 92「空の大秘石」×1；物品 ID 2470「羽を嫌う者の秘石」×2","金币：10000；材料：物品 ID 92「空的大秘石」×1；物品 ID 2470「厌恶羽毛者的秘石」×2","厌恶羽毛者的大秘石"
"2476","死を嫌う者の大秘石","物品","3017","金币：10000；材料：物品 ID 92「空の大秘石」×1；物品 ID 2475「死を嫌う者の秘石」×2","金币：10000；材料：物品 ID 92「空的大秘石」×1；物品 ID 2475「厌恶死亡者的秘石」×2","厌恶死亡者的大秘石"
"2481","無を嫌う者の大秘石","物品","3018","金币：10000；材料：物品 ID 92「空の大秘石」×1；物品 ID 2480「無を嫌う者の秘石」×2","金币：10000；材料：物品 ID 92「空的大秘石」×1；物品 ID 2480「厌恶虚无者的秘石」×2","厌恶虚无者的大秘石"
"2490","SPの大秘石","物品","1898","金币：3000；材料：物品 ID 92「空の大秘石」×1；物品 ID 2489「SPの秘石」×2","金币：3000；材料：物品 ID 92「空的大秘石」×1；物品 ID 2489「SP的秘石」×2","SP的大秘石"
"2491","SPの超秘石","物品","3021","金币：10000；材料：物品 ID 93「空の超秘石」×1；物品 ID 2490「SPの大秘石」×2","金币：10000；材料：物品 ID 93「空的超秘石」×1；物品 ID 2490「SP的大秘石」×2","SP的超秘石"
"2492","SPの絶秘石","物品","3336","金币：60000；材料：物品 ID 94「空の絶秘石」×1；物品 ID 2491「SPの超秘石」×2","金币：60000；材料：物品 ID 94「空的绝秘石」×1；物品 ID 2491「SP的超秘石」×2","SP的绝秘石"
"2493","SPの極秘石","物品","3363","金币：200000；材料：物品 ID 95「空の極秘石」×1；物品 ID 2492「SPの絶秘石」×2","金币：200000；材料：物品 ID 95「空的极秘石」×1；物品 ID 2492「SP的绝秘石」×2","SP的极秘石"
"2500","素早さの大秘石","物品","1903","金币：3000；材料：物品 ID 92「空の大秘石」×1；物品 ID 2499「素早さの秘石」×2","金币：3000；材料：物品 ID 92「空的大秘石」×1；物品 ID 2499「敏捷的秘石」×2","敏捷的大秘石"
"2501","素早さの超秘石","物品","3026","金币：10000；材料：物品 ID 93「空の超秘石」×1；物品 ID 2500「素早さの大秘石」×2","金币：10000；材料：物品 ID 93「空的超秘石」×1；物品 ID 2500「敏捷的大秘石」×2","敏捷的超秘石"
"2502","素早さの絶秘石","物品","3341","金币：60000；材料：物品 ID 94「空の絶秘石」×1；物品 ID 2501「素早さの超秘石」×2","金币：60000；材料：物品 ID 94「空的绝秘石」×1；物品 ID 2501「敏捷的超秘石」×2","敏捷的绝秘石"
"2503","素早さの極秘石","物品","3368","金币：200000；材料：物品 ID 95「空の極秘石」×1；物品 ID 2502「素早さの絶秘石」×2","金币：200000；材料：物品 ID 95「空的极秘石」×1；物品 ID 2502「敏捷的绝秘石」×2","敏捷的极秘石"
"2510","器用さの大秘石","物品","1904","金币：3000；材料：物品 ID 92「空の大秘石」×1；物品 ID 2509「器用さの秘石」×2","金币：3000；材料：物品 ID 92「空的大秘石」×1；物品 ID 2509「灵巧的秘石」×2","灵巧的大秘石"
"2511","器用さの超秘石","物品","3027","金币：10000；材料：物品 ID 93「空の超秘石」×1；物品 ID 2510「器用さの大秘石」×2","金币：10000；材料：物品 ID 93「空的超秘石」×1；物品 ID 2510「灵巧的大秘石」×2","灵巧的超秘石"
"2512","器用さの絶秘石","物品","3342","金币：60000；材料：物品 ID 94「空の絶秘石」×1；物品 ID 2511「器用さの超秘石」×2","金币：60000；材料：物品 ID 94「空的绝秘石」×1；物品 ID 2511「灵巧的超秘石」×2","灵巧的绝秘石"
"2513","器用さの極秘石","物品","3369","金币：200000；材料：物品 ID 95「空の極秘石」×1；物品 ID 2512「器用さの絶秘石」×2","金币：200000；材料：物品 ID 95「空的极秘石」×1；物品 ID 2512「灵巧的绝秘石」×2","灵巧的极秘石"
"2527","即死付加の秘石","物品","1639","金币：1000；材料：物品 ID 91「空の秘石」×1；物品 ID 224「夜の黒片」×1","金币：1000；材料：物品 ID 91「空秘石」×1；物品 ID 224「夜的黑片」×1","即死附加的秘石"
"2528","即死付加の大秘石","物品","1750","金币：3000；材料：物品 ID 92「空の大秘石」×1；物品 ID 2527「即死付加の秘石」×2","金币：3000；材料：物品 ID 92「空的大秘石」×1；物品 ID 2527「即死附加的秘石」×2","即死附加的大秘石"
"2529","即死付加の超秘石","物品","3039","金币：10000；材料：物品 ID 93「空の超秘石」×1；物品 ID 2528「即死付加の大秘石」×2","金币：10000；材料：物品 ID 93「空的超秘石」×1；物品 ID 2528「即死附加的大秘石」×2","即死附加的超秘石"
"2530","即死付加の絶秘石","物品","3227","金币：30000；材料：物品 ID 94「空の絶秘石」×1；物品 ID 2529「即死付加の超秘石」×2","金币：30000；材料：物品 ID 94「空的绝秘石」×1；物品 ID 2529「即死附加的超秘石」×2","即死附加的绝秘石"
"2532","昇天付加の秘石","物品","1640","金币：1000；材料：物品 ID 91「空の秘石」×1；物品 ID 249「奇跡の卵」×1","金币：1000；材料：物品 ID 91「空秘石」×1；物品 ID 249「奇迹的蛋」×1","升天附加的秘石"
"2533","昇天付加の大秘石","物品","1751","金币：3000；材料：物品 ID 92「空の大秘石」×1；物品 ID 2532「昇天付加の秘石」×2","金币：3000；材料：物品 ID 92「空的大秘石」×1；物品 ID 2532「升天附加的秘石」×2","升天附加的大秘石"
"2534","昇天付加の超秘石","物品","3040","金币：10000；材料：物品 ID 93「空の超秘石」×1；物品 ID 2533「昇天付加の大秘石」×2","金币：10000；材料：物品 ID 93「空的超秘石」×1；物品 ID 2533「升天附加的大秘石」×2","升天附加的超秘石"
"2535","昇天付加の絶秘石","物品","3228","金币：30000；材料：物品 ID 94「空の絶秘石」×1；物品 ID 2534「昇天付加の超秘石」×2","金币：30000；材料：物品 ID 94「空的绝秘石」×1；物品 ID 2534「升天附加的超秘石」×2","升天附加的绝秘石"
"2537","絶頂付加の秘石","物品","1641","金币：1000；材料：物品 ID 91「空の秘石」×1；物品 ID 251「妖艶なる尻尾」×1","金币：1000；材料：物品 ID 91「空秘石」×1；物品 ID 251「妖艳的尾巴」×1","绝顶附加的秘石"
"2538","絶頂付加の大秘石","物品","1752","金币：3000；材料：物品 ID 92「空の大秘石」×1；物品 ID 2537「絶頂付加の秘石」×2","金币：3000；材料：物品 ID 92「空的大秘石」×1；物品 ID 2537「绝顶附加的秘石」×2","绝顶附加的大秘石"
"2539","絶頂付加の超秘石","物品","3041","金币：10000；材料：物品 ID 93「空の超秘石」×1；物品 ID 2538「絶頂付加の大秘石」×2","金币：10000；材料：物品 ID 93「空的超秘石」×1；物品 ID 2538「绝顶附加的大秘石」×2","绝顶附加的超秘石"
"2540","絶頂付加の絶秘石","物品","3229","金币：30000；材料：物品 ID 94「空の絶秘石」×1；物品 ID 2539「絶頂付加の超秘石」×2","金币：30000；材料：物品 ID 94「空的绝秘石」×1；物品 ID 2539「绝顶附加的超秘石」×2","绝顶附加的绝秘石"
"2542","毒付加の秘石","物品","1642","金币：1000；材料：物品 ID 91「空の秘石」×1；物品 ID 217「猛毒の針」×1","金币：1000；材料：物品 ID 91「空秘石」×1；物品 ID 217「猛毒的针」×1","毒附加的秘石"
"2543","毒付加の大秘石","物品","1753","金币：3000；材料：物品 ID 92「空の大秘石」×1；物品 ID 2542「毒付加の秘石」×2","金币：3000；材料：物品 ID 92「空的大秘石」×1；物品 ID 2542「毒附加的秘石」×2","毒附加的大秘石"
"2544","毒付加の超秘石","物品","3042","金币：10000；材料：物品 ID 93「空の超秘石」×1；物品 ID 2543「毒付加の大秘石」×2","金币：10000；材料：物品 ID 93「空的超秘石」×1；物品 ID 2543「毒附加的大秘石」×2","毒附加的超秘石"
"2545","毒付加の絶秘石","物品","3230","金币：30000；材料：物品 ID 94「空の絶秘石」×1；物品 ID 2544「毒付加の超秘石」×2","金币：30000；材料：物品 ID 94「空的绝秘石」×1；物品 ID 2544「毒附加的超秘石」×2","毒附加的绝秘石"
"2547","暗闇付加の秘石","物品","1643","金币：1000；材料：物品 ID 91「空の秘石」×1；物品 ID 238「狂獣の爪」×1","金币：1000；材料：物品 ID 91「空秘石」×1；物品 ID 238「狂兽的爪子」×1","黑暗附加的秘石"
"2548","暗闇付加の大秘石","物品","1754","金币：3000；材料：物品 ID 92「空の大秘石」×1；物品 ID 2547「暗闇付加の秘石」×2","金币：3000；材料：物品 ID 92「空的大秘石」×1；物品 ID 2547「黑暗附加的秘石」×2","黑暗附加的大秘石"
"2549","暗闇付加の超秘石","物品","3043","金币：10000；材料：物品 ID 93「空の超秘石」×1；物品 ID 2548「暗闇付加の大秘石」×2","金币：10000；材料：物品 ID 93「空的超秘石」×1；物品 ID 2548「黑暗附加的大秘石」×2","黑暗附加的超秘石"
"2550","暗闇付加の絶秘石","物品","3231","金币：30000；材料：物品 ID 94「空の絶秘石」×1；物品 ID 2549「暗闇付加の超秘石」×2","金币：30000；材料：物品 ID 94「空的绝秘石」×1；物品 ID 2549「黑暗附加的超秘石」×2","黑暗附加的绝秘石"
"2552","沈黙付加の秘石","物品","1644","金币：1000；材料：物品 ID 91「空の秘石」×1；物品 ID 230「涙の魔石」×1","金币：1000；材料：物品 ID 91「空秘石」×1；物品 ID 230「泪的魔石」×1","沉默附加的秘石"
"2553","沈黙付加の大秘石","物品","1755","金币：3000；材料：物品 ID 92「空の大秘石」×1；物品 ID 2552「沈黙付加の秘石」×2","金币：3000；材料：物品 ID 92「空的大秘石」×1；物品 ID 2552「沉默附加的秘石」×2","沉默附加的大秘石"
"2554","沈黙付加の超秘石","物品","3044","金币：10000；材料：物品 ID 93「空の超秘石」×1；物品 ID 2553「沈黙付加の大秘石」×2","金币：10000；材料：物品 ID 93「空的超秘石」×1；物品 ID 2553「沉默附加的大秘石」×2","沉默附加的超秘石"
"2555","沈黙付加の絶秘石","物品","3232","金币：30000；材料：物品 ID 94「空の絶秘石」×1；物品 ID 2554「沈黙付加の超秘石」×2","金币：30000；材料：物品 ID 94「空的绝秘石」×1；物品 ID 2554「沉默附加的超秘石」×2","沉默附加的绝秘石"
"2557","混乱付加の秘石","物品","1645","金币：1000；材料：物品 ID 91「空の秘石」×1；物品 ID 205「アルラウネの花」×1","金币：1000；材料：物品 ID 91「空秘石」×1；物品 ID 205「阿娜温的花」×1","混乱附加的秘石"
"2558","混乱付加の大秘石","物品","1756","金币：3000；材料：物品 ID 92「空の大秘石」×1；物品 ID 2557「混乱付加の秘石」×2","金币：3000；材料：物品 ID 92「空的大秘石」×1；物品 ID 2557「混乱附加的秘石」×2","混乱附加的大秘石"
"2559","混乱付加の超秘石","物品","3045","金币：10000；材料：物品 ID 93「空の超秘石」×1；物品 ID 2558「混乱付加の大秘石」×2","金币：10000；材料：物品 ID 93「空的超秘石」×1；物品 ID 2558「混乱附加的大秘石」×2","混乱附加的超秘石"
"2560","混乱付加の絶秘石","物品","3233","金币：30000；材料：物品 ID 94「空の絶秘石」×1；物品 ID 2559「混乱付加の超秘石」×2","金币：30000；材料：物品 ID 94「空的绝秘石」×1；物品 ID 2559「混乱附加的超秘石」×2","混乱附加的绝秘石"
"2562","睡眠付加の秘石","物品","1646","金币：1000；材料：物品 ID 91「空の秘石」×1；物品 ID 229「精霊のどんぐり」×1","金币：1000；材料：物品 ID 91「空秘石」×1；物品 ID 229「精灵的橡果」×1","睡眠附加的秘石"
"2563","睡眠付加の大秘石","物品","1757","金币：3000；材料：物品 ID 92「空の大秘石」×1；物品 ID 2562「睡眠付加の秘石」×2","金币：3000；材料：物品 ID 92「空的大秘石」×1；物品 ID 2562「睡眠附加的秘石」×2","睡眠附加的大秘石"
"2564","睡眠付加の超秘石","物品","3046","金币：10000；材料：物品 ID 93「空の超秘石」×1；物品 ID 2563「睡眠付加の大秘石」×2","金币：10000；材料：物品 ID 93「空的超秘石」×1；物品 ID 2563「睡眠附加的大秘石」×2","睡眠附加的超秘石"
"2565","睡眠付加の絶秘石","物品","3234","金币：30000；材料：物品 ID 94「空の絶秘石」×1；物品 ID 2564「睡眠付加の超秘石」×2","金币：30000；材料：物品 ID 94「空的绝秘石」×1；物品 ID 2564「睡眠附加的超秘石」×2","睡眠附加的绝秘石"
"2567","麻痺付加の秘石","物品","1647","金币：1000；材料：物品 ID 91「空の秘石」×1；物品 ID 261「神蟲の鱗粉」×1","金币：1000；材料：物品 ID 91「空秘石」×1；物品 ID 261「神虫鳞粉」×1","麻痹附加的秘石"
"2568","麻痺付加の大秘石","物品","1758","金币：3000；材料：物品 ID 92「空の大秘石」×1；物品 ID 2567「麻痺付加の秘石」×2","金币：3000；材料：物品 ID 92「空的大秘石」×1；物品 ID 2567「麻痹附加的秘石」×2","麻痹附加的大秘石"
"2569","麻痺付加の超秘石","物品","3047","金币：10000；材料：物品 ID 93「空の超秘石」×1；物品 ID 2568「麻痺付加の大秘石」×2","金币：10000；材料：物品 ID 93「空的超秘石」×1；物品 ID 2568「麻痹附加的大秘石」×2","麻痹附加的超秘石"
"2570","麻痺付加の絶秘石","物品","3235","金币：30000；材料：物品 ID 94「空の絶秘石」×1；物品 ID 2569「麻痺付加の超秘石」×2","金币：30000；材料：物品 ID 94「空的绝秘石」×1；物品 ID 2569「麻痹附加的超秘石」×2","麻痹附加的绝秘石"
"2572","バーン付加の秘石","物品","1648","金币：1000；材料：物品 ID 91「空の秘石」×1；物品 ID 53「赤熱紅炎石」×1","金币：1000；材料：物品 ID 91「空秘石」×1；物品 ID 53「赤热红炎石」×1","燃烧附加的秘石"
"2573","バーン付加の大秘石","物品","1759","金币：3000；材料：物品 ID 92「空の大秘石」×1；物品 ID 2572「バーン付加の秘石」×2","金币：3000；材料：物品 ID 92「空的大秘石」×1；物品 ID 2572「燃烧附加的秘石」×2","燃烧附加的大秘石"
"2574","バーン付加の超秘石","物品","3048","金币：10000；材料：物品 ID 93「空の超秘石」×1；物品 ID 2573「バーン付加の大秘石」×2","金币：10000；材料：物品 ID 93「空的超秘石」×1；物品 ID 2573「燃烧附加的大秘石」×2","燃烧附加的超秘石"
"2575","バーン付加の絶秘石","物品","3236","金币：30000；材料：物品 ID 94「空の絶秘石」×1；物品 ID 2574「バーン付加の超秘石」×2","金币：30000；材料：物品 ID 94「空的绝秘石」×1；物品 ID 2574「燃烧附加的超秘石」×2","燃烧附加的绝秘石"
"2577","フリーズ付加の秘石","物品","1649","金币：1000；材料：物品 ID 91「空の秘石」×1；物品 ID 57「凍結蒼氷石」×1","金币：1000；材料：物品 ID 91「空秘石」×1；物品 ID 57「冻结苍冰石」×1","冻结附加的秘石"
"2578","フリーズ付加の大秘石","物品","1760","金币：3000；材料：物品 ID 92「空の大秘石」×1；物品 ID 2577「フリーズ付加の秘石」×2","金币：3000；材料：物品 ID 92「空的大秘石」×1；物品 ID 2577「冻结附加的秘石」×2","冻结附加的大秘石"
"2579","フリーズ付加の超秘石","物品","3049","金币：10000；材料：物品 ID 93「空の超秘石」×1；物品 ID 2578「フリーズ付加の大秘石」×2","金币：10000；材料：物品 ID 93「空的超秘石」×1；物品 ID 2578「冻结附加的大秘石」×2","冻结附加的超秘石"
"2580","フリーズ付加の絶秘石","物品","3237","金币：30000；材料：物品 ID 94「空の絶秘石」×1；物品 ID 2579「フリーズ付加の超秘石」×2","金币：30000；材料：物品 ID 94「空的绝秘石」×1；物品 ID 2579「冻结附加的超秘石」×2","冻结附加的绝秘石"
"2582","ショック付加の秘石","物品","1650","金币：1000；材料：物品 ID 91「空の秘石」×1；物品 ID 61「電光黄雷石」×1","金币：1000；材料：物品 ID 91「空秘石」×1；物品 ID 61「电光黄雷石」×1","电击附加的秘石"
"2583","ショック付加の大秘石","物品","1761","金币：3000；材料：物品 ID 92「空の大秘石」×1；物品 ID 2582「ショック付加の秘石」×2","金币：3000；材料：物品 ID 92「空的大秘石」×1；物品 ID 2582「电击附加的秘石」×2","电击附加的大秘石"
"2584","ショック付加の超秘石","物品","3050","金币：10000；材料：物品 ID 93「空の超秘石」×1；物品 ID 2583「ショック付加の大秘石」×2","金币：10000；材料：物品 ID 93「空的超秘石」×1；物品 ID 2583「电击附加的大秘石」×2","电击附加的超秘石"
"2585","ショック付加の絶秘石","物品","3238","金币：30000；材料：物品 ID 94「空の絶秘石」×1；物品 ID 2584「ショック付加の超秘石」×2","金币：30000；材料：物品 ID 94「空的绝秘石」×1；物品 ID 2584「电击附加的超秘石」×2","电击附加的绝秘石"
"2587","スロウ付加の秘石","物品","1651","金币：1000；材料：物品 ID 91「空の秘石」×1；物品 ID 200「理知の歯車」×1","金币：1000；材料：物品 ID 91「空秘石」×1；物品 ID 200「理智的齿轮」×1","减速附加的秘石"
"2588","スロウ付加の大秘石","物品","1762","金币：3000；材料：物品 ID 92「空の大秘石」×1；物品 ID 2587「スロウ付加の秘石」×2","金币：3000；材料：物品 ID 92「空的大秘石」×1；物品 ID 2587「减速附加的秘石」×2","减速附加的大秘石"
"2589","スロウ付加の超秘石","物品","3051","金币：10000；材料：物品 ID 93「空の超秘石」×1；物品 ID 2588「スロウ付加の大秘石」×2","金币：10000；材料：物品 ID 93「空的超秘石」×1；物品 ID 2588「减速附加的大秘石」×2","减速附加的超秘石"
"2590","スロウ付加の絶秘石","物品","3239","金币：30000；材料：物品 ID 94「空の絶秘石」×1；物品 ID 2589「スロウ付加の超秘石」×2","金币：30000；材料：物品 ID 94「空的绝秘石」×1；物品 ID 2589「减速附加的超秘石」×2","减速附加的绝秘石"
"2592","ストップ付加の秘石","物品","1652","金币：1000；材料：物品 ID 91「空の秘石」×1；物品 ID 200「理知の歯車」×1","金币：1000；材料：物品 ID 91「空秘石」×1；物品 ID 200「理智的齿轮」×1","停止附加的秘石"
"2593","ストップ付加の大秘石","物品","1763","金币：3000；材料：物品 ID 92「空の大秘石」×1；物品 ID 2592「ストップ付加の秘石」×2","金币：3000；材料：物品 ID 92「空的大秘石」×1；物品 ID 2592「停止附加的秘石」×2","停止附加的大秘石"
"2594","ストップ付加の超秘石","物品","3052","金币：10000；材料：物品 ID 93「空の超秘石」×1；物品 ID 2593「ストップ付加の大秘石」×2","金币：10000；材料：物品 ID 93「空的超秘石」×1；物品 ID 2593「停止附加的大秘石」×2","停止附加的超秘石"
"2595","ストップ付加の絶秘石","物品","3240","金币：30000；材料：物品 ID 94「空の絶秘石」×1；物品 ID 2594「ストップ付加の超秘石」×2","金币：30000；材料：物品 ID 94「空的绝秘石」×1；物品 ID 2594「停止附加的超秘石」×2","停止附加的绝秘石"
"2597","ミニマム付加の秘石","物品","1653","金币：1000；材料：物品 ID 91「空の秘石」×1；物品 ID 229「精霊のどんぐり」×1","金币：1000；材料：物品 ID 91「空秘石」×1；物品 ID 229「精灵的橡果」×1","缩小附加的秘石"
"2598","ミニマム付加の大秘石","物品","1764","金币：3000；材料：物品 ID 92「空の大秘石」×1；物品 ID 2597「ミニマム付加の秘石」×2","金币：3000；材料：物品 ID 92「空的大秘石」×1；物品 ID 2597「缩小附加的秘石」×2","缩小附加的大秘石"
"2599","ミニマム付加の超秘石","物品","3053","金币：10000；材料：物品 ID 93「空の超秘石」×1；物品 ID 2598「ミニマム付加の大秘石」×2","金币：10000；材料：物品 ID 93「空的超秘石」×1；物品 ID 2598「缩小附加的大秘石」×2","缩小附加的超秘石"
"2600","ミニマム付加の絶秘石","物品","3241","金币：30000；材料：物品 ID 94「空の絶秘石」×1；物品 ID 2599「ミニマム付加の超秘石」×2","金币：30000；材料：物品 ID 94「空的绝秘石」×1；物品 ID 2599「缩小附加的超秘石」×2","缩小附加的绝秘石"
"2602","ゾンビ付加の秘石","物品","1654","金币：1000；材料：物品 ID 91「空の秘石」×1；物品 ID 221「ネクロパウダー」×1","金币：1000；材料：物品 ID 91「空秘石」×1；物品 ID 221「死灵粉末」×1","僵尸附加的秘石"
"2603","ゾンビ付加の大秘石","物品","1765","金币：3000；材料：物品 ID 92「空の大秘石」×1；物品 ID 2602「ゾンビ付加の秘石」×2","金币：3000；材料：物品 ID 92「空的大秘石」×1；物品 ID 2602「僵尸附加的秘石」×2","僵尸附加的大秘石"
"2604","ゾンビ付加の超秘石","物品","3054","金币：10000；材料：物品 ID 93「空の超秘石」×1；物品 ID 2603「ゾンビ付加の大秘石」×2","金币：10000；材料：物品 ID 93「空的超秘石」×1；物品 ID 2603「僵尸附加的大秘石」×2","僵尸附加的超秘石"
"2605","ゾンビ付加の絶秘石","物品","3242","金币：30000；材料：物品 ID 94「空の絶秘石」×1；物品 ID 2604「ゾンビ付加の超秘石」×2","金币：30000；材料：物品 ID 94「空的绝秘石」×1；物品 ID 2604「僵尸附加的超秘石」×2","僵尸附加的绝秘石"
"2607","石化付加の秘石","物品","1655","金币：1000；材料：物品 ID 91「空の秘石」×1；物品 ID 220「メデューサの蛇」×1","金币：1000；材料：物品 ID 91「空秘石」×1；物品 ID 220「美杜莎的蛇」×1","石化附加的秘石"
"2608","石化付加の大秘石","物品","1766","金币：3000；材料：物品 ID 92「空の大秘石」×1；物品 ID 2607「石化付加の秘石」×2","金币：3000；材料：物品 ID 92「空的大秘石」×1；物品 ID 2607「石化附加的秘石」×2","石化附加的大秘石"
"2609","石化付加の超秘石","物品","3055","金币：10000；材料：物品 ID 93「空の超秘石」×1；物品 ID 2608「石化付加の大秘石」×2","金币：10000；材料：物品 ID 93「空的超秘石」×1；物品 ID 2608「石化附加的大秘石」×2","石化附加的超秘石"
"2610","石化付加の絶秘石","物品","3243","金币：30000；材料：物品 ID 94「空の絶秘石」×1；物品 ID 2609「石化付加の超秘石」×2","金币：30000；材料：物品 ID 94「空的绝秘石」×1；物品 ID 2609「石化附加的超秘石」×2","石化附加的绝秘石"
"2612","消化付加の秘石","物品","1656","金币：1000；材料：物品 ID 91「空の秘石」×1；物品 ID 218「ぐにゅぐにゅゼリー」×1","金币：1000；材料：物品 ID 91「空秘石」×1；物品 ID 218「咕啾咕啾的果冻」×1","消化附加的秘石"
"2613","消化付加の大秘石","物品","1767","金币：3000；材料：物品 ID 92「空の大秘石」×1；物品 ID 2612「消化付加の秘石」×2","金币：3000；材料：物品 ID 92「空的大秘石」×1；物品 ID 2612「消化附加的秘石」×2","消化附加的大秘石"
"2614","消化付加の超秘石","物品","3056","金币：10000；材料：物品 ID 93「空の超秘石」×1；物品 ID 2613「消化付加の大秘石」×2","金币：10000；材料：物品 ID 93「空的超秘石」×1；物品 ID 2613「消化附加的大秘石」×2","消化附加的超秘石"
"2615","消化付加の絶秘石","物品","3244","金币：30000；材料：物品 ID 94「空の絶秘石」×1；物品 ID 2614「消化付加の超秘石」×2","金币：30000；材料：物品 ID 94「空的绝秘石」×1；物品 ID 2614「消化附加的超秘石」×2","消化附加的绝秘石"
"2617","スタン付加の秘石","物品","1657","金币：1000；材料：物品 ID 91「空の秘石」×1；物品 ID 245「覇蛇の蛇尾」×1","金币：1000；材料：物品 ID 91「空秘石」×1；物品 ID 245「霸蛇的蛇尾」×1","眩晕附加的秘石"
"2618","スタン付加の大秘石","物品","1768","金币：3000；材料：物品 ID 92「空の大秘石」×1；物品 ID 2617「スタン付加の秘石」×2","金币：3000；材料：物品 ID 92「空的大秘石」×1；物品 ID 2617「眩晕附加的秘石」×2","眩晕附加的大秘石"
"2619","スタン付加の超秘石","物品","3057","金币：10000；材料：物品 ID 93「空の超秘石」×1；物品 ID 2618「スタン付加の大秘石」×2","金币：10000；材料：物品 ID 93「空的超秘石」×1；物品 ID 2618「眩晕附加的大秘石」×2","眩晕附加的超秘石"
"2620","スタン付加の絶秘石","物品","3245","金币：30000；材料：物品 ID 94「空の絶秘石」×1；物品 ID 2619「スタン付加の超秘石」×2","金币：30000；材料：物品 ID 94「空的绝秘石」×1；物品 ID 2619「眩晕附加的超秘石」×2","眩晕附加的绝秘石"
"2622","ヌルヌル付加の秘石","物品","1658","金币：1000；材料：物品 ID 91「空の秘石」×1；物品 ID 165「ネバネバ粘液」×1","金币：1000；材料：物品 ID 91「空秘石」×1；物品 ID 165「黏糊糊粘液」×1","黏滑附加的秘石"
"2623","ヌルヌル付加の大秘石","物品","1769","金币：3000；材料：物品 ID 92「空の大秘石」×1；物品 ID 2622「ヌルヌル付加の秘石」×2","金币：3000；材料：物品 ID 92「空的大秘石」×1；物品 ID 2622「黏滑附加的秘石」×2","黏滑附加的大秘石"
"2624","ヌルヌル付加の超秘石","物品","3058","金币：10000；材料：物品 ID 93「空の超秘石」×1；物品 ID 2623「ヌルヌル付加の大秘石」×2","金币：10000；材料：物品 ID 93「空的超秘石」×1；物品 ID 2623「黏滑附加的大秘石」×2","黏滑附加的超秘石"
"2625","ヌルヌル付加の絶秘石","物品","3246","金币：30000；材料：物品 ID 94「空の絶秘石」×1；物品 ID 2624「ヌルヌル付加の超秘石」×2","金币：30000；材料：物品 ID 94「空的绝秘石」×1；物品 ID 2624「黏滑附加的超秘石」×2","黏滑附加的绝秘石"
"2627","敏感付加の秘石","物品","1659","金币：1000；材料：物品 ID 91「空の秘石」×1；物品 ID 251「妖艶なる尻尾」×1","金币：1000；材料：物品 ID 91「空秘石」×1；物品 ID 251「妖艳的尾巴」×1","敏感附加的秘石"
"2628","敏感付加の大秘石","物品","1770","金币：3000；材料：物品 ID 92「空の大秘石」×1；物品 ID 2627「敏感付加の秘石」×2","金币：3000；材料：物品 ID 92「空的大秘石」×1；物品 ID 2627「敏感附加的秘石」×2","敏感附加的大秘石"
"2629","敏感付加の超秘石","物品","3059","金币：10000；材料：物品 ID 93「空の超秘石」×1；物品 ID 2628「敏感付加の大秘石」×2","金币：10000；材料：物品 ID 93「空的超秘石」×1；物品 ID 2628「敏感附加的大秘石」×2","敏感附加的超秘石"
"2630","敏感付加の絶秘石","物品","3247","金币：30000；材料：物品 ID 94「空の絶秘石」×1；物品 ID 2629「敏感付加の超秘石」×2","金币：30000；材料：物品 ID 94「空的绝秘石」×1；物品 ID 2629「敏感附加的超秘石」×2","敏感附加的绝秘石"
"2632","恍惚付加の秘石","物品","1660","金币：1000；材料：物品 ID 91「空の秘石」×1；物品 ID 251「妖艶なる尻尾」×1","金币：1000；材料：物品 ID 91「空秘石」×1；物品 ID 251「妖艳的尾巴」×1","恍惚附加的秘石"
"2633","恍惚付加の大秘石","物品","1771","金币：3000；材料：物品 ID 92「空の大秘石」×1；物品 ID 2632「恍惚付加の秘石」×2","金币：3000；材料：物品 ID 92「空的大秘石」×1；物品 ID 2632「恍惚附加的秘石」×2","恍惚附加的大秘石"
"2634","恍惚付加の超秘石","物品","3060","金币：10000；材料：物品 ID 93「空の超秘石」×1；物品 ID 2633「恍惚付加の大秘石」×2","金币：10000；材料：物品 ID 93「空的超秘石」×1；物品 ID 2633「恍惚附加的大秘石」×2","恍惚附加的超秘石"
"2635","恍惚付加の絶秘石","物品","3248","金币：30000；材料：物品 ID 94「空の絶秘石」×1；物品 ID 2634「恍惚付加の超秘石」×2","金币：30000；材料：物品 ID 94「空的绝秘石」×1；物品 ID 2634「恍惚附加的超秘石」×2","恍惚附加的绝秘石"
"2637","誘惑付加の秘石","物品","1661","金币：1000；材料：物品 ID 91「空の秘石」×1；物品 ID 251「妖艶なる尻尾」×1","金币：1000；材料：物品 ID 91「空秘石」×1；物品 ID 251「妖艳的尾巴」×1","诱惑附加的秘石"
"2638","誘惑付加の大秘石","物品","1772","金币：3000；材料：物品 ID 92「空の大秘石」×1；物品 ID 2637「誘惑付加の秘石」×2","金币：3000；材料：物品 ID 92「空的大秘石」×1；物品 ID 2637「诱惑附加的秘石」×2","诱惑附加的大秘石"
"2639","誘惑付加の超秘石","物品","3061","金币：10000；材料：物品 ID 93「空の超秘石」×1；物品 ID 2638「誘惑付加の大秘石」×2","金币：10000；材料：物品 ID 93「空的超秘石」×1；物品 ID 2638「诱惑附加的大秘石」×2","诱惑附加的超秘石"
"2640","誘惑付加の絶秘石","物品","3249","金币：30000；材料：物品 ID 94「空の絶秘石」×1；物品 ID 2639「誘惑付加の超秘石」×2","金币：30000；材料：物品 ID 94「空的绝秘石」×1；物品 ID 2639「诱惑附加的超秘石」×2","诱惑附加的绝秘石"
"2642","失禁付加の秘石","物品","1662","金币：1000；材料：物品 ID 91「空の秘石」×1；物品 ID 251「妖艶なる尻尾」×1","金币：1000；材料：物品 ID 91「空秘石」×1；物品 ID 251「妖艳的尾巴」×1","失禁附加的秘石"
"2643","失禁付加の大秘石","物品","1773","金币：3000；材料：物品 ID 92「空の大秘石」×1；物品 ID 2642「失禁付加の秘石」×2","金币：3000；材料：物品 ID 92「空的大秘石」×1；物品 ID 2642「失禁附加的秘石」×2","失禁附加的大秘石"
"2644","失禁付加の超秘石","物品","3062","金币：10000；材料：物品 ID 93「空の超秘石」×1；物品 ID 2643「失禁付加の大秘石」×2","金币：10000；材料：物品 ID 93「空的超秘石」×1；物品 ID 2643「失禁附加的大秘石」×2","失禁附加的超秘石"
"2645","失禁付加の絶秘石","物品","3250","金币：30000；材料：物品 ID 94「空の絶秘石」×1；物品 ID 2644「失禁付加の超秘石」×2","金币：30000；材料：物品 ID 94「空的绝秘石」×1；物品 ID 2644「失禁附加的超秘石」×2","失禁附加的绝秘石"
"2647","盗賊技の秘石","物品","1706","金币：1000；材料：物品 ID 91「空の秘石」×1；武器 ID 33「流星のナイフ」×1","金币：1000；材料：物品 ID 91「空秘石」×1；武器 ID 33「流星制小刀」×1","盗贼技的秘石"
"2648","盗賊技の大秘石","物品","1814","金币：3000；材料：物品 ID 92「空の大秘石」×1；物品 ID 2647「盗賊技の秘石」×2","金币：3000；材料：物品 ID 92「空的大秘石」×1；物品 ID 2647「盗贼技的秘石」×2","盗贼技的大秘石"
"2649","盗賊技の絶秘石","物品","3181","金币：30000；材料：物品 ID 94「空の絶秘石」×1；物品 ID 2648「盗賊技の大秘石」×2","金币：30000；材料：物品 ID 94「空的绝秘石」×1；物品 ID 2648「盗贼技的大秘石」×2","盗贼技的绝秘石"
"2652","忍術の秘石","物品","1707","金币：1000；材料：物品 ID 91「空の秘石」×1；武器 ID 281「流星の刃」×1","金币：1000；材料：物品 ID 91「空秘石」×1；武器 ID 281「流星制之刃」×1","忍术的秘石"
"2653","忍術の大秘石","物品","1815","金币：3000；材料：物品 ID 92「空の大秘石」×1；物品 ID 2652「忍術の秘石」×2","金币：3000；材料：物品 ID 92「空的大秘石」×1；物品 ID 2652「忍术的秘石」×2","忍术的大秘石"
"2654","忍術の絶秘石","物品","3182","金币：30000；材料：物品 ID 94「空の絶秘石」×1；物品 ID 2653「忍術の大秘石」×2","金币：30000；材料：物品 ID 94「空的绝秘石」×1；物品 ID 2653「忍术的大秘石」×2","忍术的绝秘石"
"2657","海賊技の秘石","物品","1708","金币：1000；材料：物品 ID 91「空の秘石」×1；武器 ID 136「巨人剣タイタス」×1","金币：1000；材料：物品 ID 91「空秘石」×1；武器 ID 136「巨人剑泰坦」×1","海贼技的秘石"
"2658","海賊技の大秘石","物品","1816","金币：3000；材料：物品 ID 92「空の大秘石」×1；物品 ID 2657「海賊技の秘石」×2","金币：3000；材料：物品 ID 92「空的大秘石」×1；物品 ID 2657「海贼技的秘石」×2","海贼技的大秘石"
"2659","海賊技の絶秘石","物品","3183","金币：30000；材料：物品 ID 94「空の絶秘石」×1；物品 ID 2658「海賊技の大秘石」×2","金币：30000；材料：物品 ID 94「空的绝秘石」×1；物品 ID 2658「海贼技的大秘石」×2","海贼技的绝秘石"
"2662","ヒーロー技の秘石","物品","1709","金币：1000；材料：物品 ID 91「空の秘石」×1；武器 ID 321「流星の爪」×1","金币：1000；材料：物品 ID 91「空秘石」×1；武器 ID 321「流星制之爪」×1","英雄技的秘石"
"2663","ヒーロー技の大秘石","物品","1817","金币：3000；材料：物品 ID 92「空の大秘石」×1；物品 ID 2662「ヒーロー技の秘石」×2","金币：3000；材料：物品 ID 92「空的大秘石」×1；物品 ID 2662「英雄技的秘石」×2","英雄技的大秘石"
"2664","ヒーロー技の絶秘石","物品","3184","金币：30000；材料：物品 ID 94「空の絶秘石」×1；物品 ID 2663「ヒーロー技の大秘石」×2","金币：30000；材料：物品 ID 94「空的绝秘石」×1；物品 ID 2663「英雄技的大秘石」×2","英雄技的绝秘石"
"2667","商技の秘石","物品","1710","金币：1000；材料：物品 ID 91「空の秘石」×1；武器 ID 789「流星のそろばん」×1","金币：1000；材料：物品 ID 91「空秘石」×1；武器 ID 789「流星制算盘」×1","商技的秘石"
"2668","商技の大秘石","物品","1818","金币：3000；材料：物品 ID 92「空の大秘石」×1；物品 ID 2667「商技の秘石」×2","金币：3000；材料：物品 ID 92「空的大秘石」×1；物品 ID 2667「商技的秘石」×2","商技的大秘石"
"2669","商技の絶秘石","物品","3185","金币：30000；材料：物品 ID 94「空の絶秘石」×1；物品 ID 2668「商技の大秘石」×2","金币：30000；材料：物品 ID 94「空的绝秘石」×1；物品 ID 2668「商技的大秘石」×2","商技的绝秘石"
"2672","EXアイテムの秘石","物品","1711","金币：1000；材料：物品 ID 91「空の秘石」×1；武器 ID 789「流星のそろばん」×1","金币：1000；材料：物品 ID 91「空秘石」×1；武器 ID 789「流星制算盘」×1","EX物品的秘石"
"2673","EXアイテムの大秘石","物品","1819","金币：3000；材料：物品 ID 92「空の大秘石」×1；物品 ID 2672「EXアイテムの秘石」×2","金币：3000；材料：物品 ID 92「空的大秘石」×1；物品 ID 2672「EX物品的秘石」×2","EX物品的大秘石"
"2674","EXアイテムの絶秘石","物品","3186","金币：30000；材料：物品 ID 94「空の絶秘石」×1；物品 ID 2673「EXアイテムの大秘石」×2","金币：30000；材料：物品 ID 94「空的绝秘石」×1；物品 ID 2673「EX物品的大秘石」×2","EX物品的绝秘石"
"2677","オラクルの秘石","物品","1712","金币：1000；材料：物品 ID 91「空の秘石」×1；武器 ID 837「流星のカード」×1","金币：1000；材料：物品 ID 91「空秘石」×1；武器 ID 837「流星制卡牌」×1","神谕的秘石"
"2678","オラクルの大秘石","物品","1820","金币：3000；材料：物品 ID 92「空の大秘石」×1；物品 ID 2677「オラクルの秘石」×2","金币：3000；材料：物品 ID 92「空的大秘石」×1；物品 ID 2677「神谕的秘石」×2","神谕的大秘石"
"2679","オラクルの絶秘石","物品","3187","金币：30000；材料：物品 ID 94「空の絶秘石」×1；物品 ID 2678「オラクルの大秘石」×2","金币：30000；材料：物品 ID 94「空的绝秘石」×1；物品 ID 2678「神谕的大秘石」×2","神谕的绝秘石"
"2682","踊りの秘石","物品","1713","金币：1000；材料：物品 ID 91「空の秘石」×1；武器 ID 746「流星の扇」×1","金币：1000；材料：物品 ID 91「空秘石」×1；武器 ID 746「流星制扇」×1","舞蹈的秘石"
"2683","踊りの大秘石","物品","1821","金币：3000；材料：物品 ID 92「空の大秘石」×1；物品 ID 2682「踊りの秘石」×2","金币：3000；材料：物品 ID 92「空的大秘石」×1；物品 ID 2682「舞蹈的秘石」×2","舞蹈的大秘石"
"2684","踊りの絶秘石","物品","3188","金币：30000；材料：物品 ID 94「空の絶秘石」×1；物品 ID 2683「踊りの大秘石」×2","金币：30000；材料：物品 ID 94「空的绝秘石」×1；物品 ID 2683「舞蹈的大秘石」×2","舞蹈的绝秘石"
"2687","歌の秘石","物品","1714","金币：1000；材料：物品 ID 91「空の秘石」×1；武器 ID 649「流星の竪琴」×1","金币：1000；材料：物品 ID 91「空秘石」×1；武器 ID 649「流星制竖琴」×1","歌唱的秘石"
"2688","歌の大秘石","物品","1822","金币：3000；材料：物品 ID 92「空の大秘石」×1；物品 ID 2687「歌の秘石」×2","金币：3000；材料：物品 ID 92「空的大秘石」×1；物品 ID 2687「歌唱的秘石」×2","歌唱的大秘石"
"2689","歌の絶秘石","物品","3189","金币：30000；材料：物品 ID 94「空の絶秘石」×1；物品 ID 2688「歌の大秘石」×2","金币：30000；材料：物品 ID 94「空的绝秘石」×1；物品 ID 2688「歌唱的大秘石」×2","歌唱的绝秘石"
"2692","話術の秘石","物品","1715","金币：1000；材料：物品 ID 91「空の秘石」×1；武器 ID 689「流星のブーメラン」×1","金币：1000；材料：物品 ID 91「空秘石」×1；武器 ID 689「流星制回旋镖」×1","话术的秘石"
"2693","話術の大秘石","物品","1823","金币：3000；材料：物品 ID 92「空の大秘石」×1；物品 ID 2692「話術の秘石」×2","金币：3000；材料：物品 ID 92「空的大秘石」×1；物品 ID 2692「话术的秘石」×2","话术的大秘石"
"2694","話術の絶秘石","物品","3190","金币：30000；材料：物品 ID 94「空の絶秘石」×1；物品 ID 2693「話術の大秘石」×2","金币：30000；材料：物品 ID 94「空的绝秘石」×1；物品 ID 2693「话术的大秘石」×2","话术的绝秘石"
"2697","マキナの秘石","物品","1716","金币：1000；材料：物品 ID 91「空の秘石」×1；武器 ID 909「ジブリール」×1","金币：1000；材料：物品 ID 91「空秘石」×1；武器 ID 909「吉普莉露」×1","器械的秘石"
"2698","マキナの大秘石","物品","1824","金币：3000；材料：物品 ID 92「空の大秘石」×1；物品 ID 2697「マキナの秘石」×2","金币：3000；材料：物品 ID 92「空的大秘石」×1；物品 ID 2697「器械的秘石」×2","器械的大秘石"
"2699","マキナの絶秘石","物品","3191","金币：30000；材料：物品 ID 94「空の絶秘石」×1；物品 ID 2698「マキナの大秘石」×2","金币：30000；材料：物品 ID 94「空的绝秘石」×1；物品 ID 2698「器械的大秘石」×2","器械的绝秘石"
"2702","料理の秘石","物品","1717","金币：1000；材料：物品 ID 91「空の秘石」×1；武器 ID 768「流星の包丁」×1","金币：1000；材料：物品 ID 91「空秘石」×1；武器 ID 768「流星制菜刀」×1","料理的秘石"
"2703","料理の大秘石","物品","1825","金币：3000；材料：物品 ID 92「空の大秘石」×1；物品 ID 2702「料理の秘石」×2","金币：3000；材料：物品 ID 92「空的大秘石」×1；物品 ID 2702「料理的秘石」×2","料理的大秘石"
"2704","料理の絶秘石","物品","3192","金币：30000；材料：物品 ID 94「空の絶秘石」×1；物品 ID 2703「料理の大秘石」×2","金币：30000；材料：物品 ID 94「空的绝秘石」×1；物品 ID 2703「料理的大秘石」×2","料理的绝秘石"
"2707","医術の秘石","物品","1718","金币：1000；材料：物品 ID 91「空の秘石」×1；武器 ID 815「流星のメス」×1","金币：1000；材料：物品 ID 91「空秘石」×1；武器 ID 815「流星制手术刀」×1","医术的秘石"
"2708","医術の大秘石","物品","1826","金币：3000；材料：物品 ID 92「空の大秘石」×1；物品 ID 2707「医術の秘石」×2","金币：3000；材料：物品 ID 92「空的大秘石」×1；物品 ID 2707「医术的秘石」×2","医术的大秘石"
"2709","医術の絶秘石","物品","3193","金币：30000；材料：物品 ID 94「空の絶秘石」×1；物品 ID 2708「医術の大秘石」×2","金币：30000；材料：物品 ID 94「空的绝秘石」×1；物品 ID 2708「医术的大秘石」×2","医术的绝秘石"
"2712","御奉仕の秘石","物品","1719","金币：1000；材料：物品 ID 91「空の秘石」×1；武器 ID 862「流星の皿」×1","金币：1000；材料：物品 ID 91「空秘石」×1；武器 ID 862「流星制盘」×1","侍奉的秘石"
"2713","御奉仕の大秘石","物品","1827","金币：3000；材料：物品 ID 92「空の大秘石」×1；物品 ID 2712「御奉仕の秘石」×2","金币：3000；材料：物品 ID 92「空的大秘石」×1；物品 ID 2712「侍奉的秘石」×2","侍奉的大秘石"
"2714","御奉仕の絶秘石","物品","3194","金币：30000；材料：物品 ID 94「空の絶秘石」×1；物品 ID 2713「御奉仕の大秘石」×2","金币：30000；材料：物品 ID 94「空的绝秘石」×1；物品 ID 2713「侍奉的大秘石」×2","侍奉的绝秘石"
"2717","王技の秘石","物品","1720","金币：1000；材料：物品 ID 91「空の秘石」×1；防具 ID 269「ロイヤルクラウン」×1","金币：1000；材料：物品 ID 91「空秘石」×1；防具 ID 269「皇家王冠」×1","王技的秘石"
"2718","王技の大秘石","物品","1828","金币：3000；材料：物品 ID 92「空の大秘石」×1；物品 ID 2717「王技の秘石」×2","金币：3000；材料：物品 ID 92「空的大秘石」×1；物品 ID 2717「王技的秘石」×2","王技的大秘石"
"2719","王技の絶秘石","物品","3195","金币：30000；材料：物品 ID 94「空の絶秘石」×1；物品 ID 2718「王技の大秘石」×2","金币：30000；材料：物品 ID 94「空的绝秘石」×1；物品 ID 2718「王技的大秘石」×2","王技的绝秘石"
"2722","勇者技の秘石","物品","1721","金币：1000；材料：物品 ID 91「空の秘石」×1；武器 ID 81「抗う者の剣」×1","金币：1000；材料：物品 ID 91「空秘石」×1；武器 ID 81「反抗者之剑」×1","勇者技的秘石"
"2723","勇者技の大秘石","物品","1829","金币：3000；材料：物品 ID 92「空の大秘石」×1；物品 ID 2722「勇者技の秘石」×2","金币：3000；材料：物品 ID 92「空的大秘石」×1；物品 ID 2722「勇者技的秘石」×2","勇者技的大秘石"
"2724","勇者技の絶秘石","物品","3196","金币：30000；材料：物品 ID 94「空の絶秘石」×1；物品 ID 2723「勇者技の大秘石」×2","金币：30000；材料：物品 ID 94「空的绝秘石」×1；物品 ID 2723「勇者技的大秘石」×2","勇者技的绝秘石"
"2727","淫技の秘石","物品","1722","金币：1000；材料：物品 ID 91「空の秘石」×1；防具 ID 172「天使のレオタード」×1","金币：1000；材料：物品 ID 91「空秘石」×1；防具 ID 172「天使紧身衣」×1","淫技的秘石"
"2728","淫技の大秘石","物品","1830","金币：3000；材料：物品 ID 92「空の大秘石」×1；物品 ID 2727「淫技の秘石」×2","金币：3000；材料：物品 ID 92「空的大秘石」×1；物品 ID 2727「淫技的秘石」×2","淫技的大秘石"
"2729","淫技の絶秘石","物品","3197","金币：30000；材料：物品 ID 94「空の絶秘石」×1；物品 ID 2728「淫技の大秘石」×2","金币：30000；材料：物品 ID 94「空的绝秘石」×1；物品 ID 2728「淫技的大秘石」×2","淫技的绝秘石"
"2733","盗賊技使用可能の超秘石","物品","3354","金币：10000；材料：物品 ID 93「空の超秘石」×1；防具 ID 1652「シーフの悟り・盗賊技編」×1","金币：10000；材料：物品 ID 93「空的超秘石」×1；防具 ID 1652「盗贼的领悟・盗贼技篇」×1","可以使用盗贼技的超秘石"
"2734","忍術使用可能の超秘石","物品","3355","金币：10000；材料：物品 ID 93「空の超秘石」×1；防具 ID 1653「忍者の悟り」×1","金币：10000；材料：物品 ID 93「空的超秘石」×1；防具 ID 1653「忍者的领悟」×1","可以使用忍术的超秘石"
"2735","海賊技使用可能の超秘石","物品","3356","金币：10000；材料：物品 ID 93「空の超秘石」×1；防具 ID 1654「海賊の悟り」×1","金币：10000；材料：物品 ID 93「空的超秘石」×1；防具 ID 1654「海贼的领悟」×1","可以使用海贼技的超秘石"
"2736","商技使用可能の超秘石","物品","3357","金币：10000；材料：物品 ID 93「空の超秘石」×1；防具 ID 1655「商人の悟り」×1","金币：10000；材料：物品 ID 93「空的超秘石」×1；防具 ID 1655「商人的领悟」×1","可以使用商技的超秘石"
"2737","EXアイテム使用可能の超秘石","物品","3358","金币：10000；材料：物品 ID 93「空の超秘石」×1；防具 ID 1656「アイテム使いの悟り」×1","金币：10000；材料：物品 ID 93「空的超秘石」×1；防具 ID 1656「物品使用者的领悟」×1","可以使用EX物品的超秘石"
"2738","オラクル使用可能の超秘石","物品","3359","金币：10000；材料：物品 ID 93「空の超秘石」×1；防具 ID 1657「ギャンブラーの悟り」×1","金币：10000；材料：物品 ID 93「空的超秘石」×1；防具 ID 1657「赌徒的领悟」×1","可以使用神谕的超秘石"
"2739","踊る使用可能の超秘石","物品","3092","金币：10000；材料：物品 ID 93「空の超秘石」×1；防具 ID 1658「踊り子の悟り・踊り編」×1","金币：10000；材料：物品 ID 93「空的超秘石」×1；防具 ID 1658「舞者的领悟・舞蹈篇」×1","可以使用舞蹈的超秘石"
"2740","歌う使用可能の超秘石","物品","3093","金币：10000；材料：物品 ID 93「空の超秘石」×1；防具 ID 1659「吟遊詩人の悟り」×1","金币：10000；材料：物品 ID 93「空的超秘石」×1；防具 ID 1659「吟游诗人的领悟」×1","可以使用唱歌的超秘石"
"2741","話す使用可能の超秘石","物品","3094","金币：10000；材料：物品 ID 93「空の超秘石」×1；防具 ID 1660「話術士の悟り」×1","金币：10000；材料：物品 ID 93「空的超秘石」×1；防具 ID 1660「话术士的领悟」×1","可以使用交谈的超秘石"
"2742","マキナ使用可能の超秘石","物品","3095","金币：10000；材料：物品 ID 93「空の超秘石」×1；防具 ID 1664「技師の悟り」×1","金币：10000；材料：物品 ID 93「空的超秘石」×1；防具 ID 1664「技师的领悟」×1","可以使用器械的超秘石"
"2743","料理使用可能の超秘石","物品","3096","金币：10000；材料：物品 ID 93「空の超秘石」×1；防具 ID 1665「料理人の悟り」×1","金币：10000；材料：物品 ID 93「空的超秘石」×1；防具 ID 1665「料理人的领悟」×1","可以使用料理的超秘石"
"2744","医術使用可能の超秘石","物品","3097","金币：10000；材料：物品 ID 93「空の超秘石」×1；防具 ID 1666「医者の悟り」×1","金币：10000；材料：物品 ID 93「空的超秘石」×1；防具 ID 1666「医生的领悟」×1","可以使用医术的超秘石"
"2745","御奉仕使用可能の超秘石","物品","3098","金币：10000；材料：物品 ID 93「空の超秘石」×1；防具 ID 1667「メイドの悟り」×1","金币：10000；材料：物品 ID 93「空的超秘石」×1；防具 ID 1667「女仆的领悟」×1","可以使用侍奉的超秘石"
"2746","王技使用可能の超秘石","物品","3099","金币：10000；材料：物品 ID 93「空の超秘石」×1；防具 ID 1668「王の悟り」×1","金币：10000；材料：物品 ID 93「空的超秘石」×1；防具 ID 1668「王的领悟」×1","王技可用的超秘石"
"2747","勇者技使用可能の超秘石","物品","3100","金币：10000；材料：物品 ID 93「空の超秘石」×1；防具 ID 1669「勇者の悟り」×1","金币：10000；材料：物品 ID 93「空的超秘石」×1；防具 ID 1669「勇者的领悟」×1","勇者技可用的超秘石"
"2748","淫技使用可能の超秘石","物品","3101","金币：10000；材料：物品 ID 93「空の超秘石」×1；防具 ID 1670「娼婦の悟り」×1","金币：10000；材料：物品 ID 93「空的超秘石」×1；防具 ID 1670「娼妇的领悟」×1","淫技可用的超秘石"
"2834","MPの大秘石","物品","1897","金币：3000；材料：物品 ID 92「空の大秘石」×1；物品 ID 2833「MPの秘石」×2","金币：3000；材料：物品 ID 92「空的大秘石」×1；物品 ID 2833「MP的秘石」×2","MP的大秘石"
"2835","MPの超秘石","物品","3020","金币：10000；材料：物品 ID 93「空の超秘石」×1；物品 ID 2834「MPの大秘石」×2","金币：10000；材料：物品 ID 93「空的超秘石」×1；物品 ID 2834「MP的大秘石」×2","MP的超秘石"
"2836","MPの絶秘石","物品","3335","金币：60000；材料：物品 ID 94「空の絶秘石」×1；物品 ID 2835「MPの超秘石」×2","金币：60000；材料：物品 ID 94「空的绝秘石」×1；物品 ID 2835「MP的超秘石」×2","MP的绝秘石"
"2837","MPの極秘石","物品","3362","金币：200000；材料：物品 ID 95「空の極秘石」×1；物品 ID 2836「MPの絶秘石」×2","金币：200000；材料：物品 ID 95「空的极秘石」×1；物品 ID 2836「MP的绝秘石」×2","MP的极秘石"
"2844","魔力の大秘石","物品","1900","金币：3000；材料：物品 ID 92「空の大秘石」×1；物品 ID 2843「魔力の秘石」×2","金币：3000；材料：物品 ID 92「空的大秘石」×1；物品 ID 2843「魔力的秘石」×2","魔力的大秘石"
"2845","魔力の超秘石","物品","3024","金币：10000；材料：物品 ID 93「空の超秘石」×1；物品 ID 2844「魔力の大秘石」×2","金币：10000；材料：物品 ID 93「空的超秘石」×1；物品 ID 2844「魔力的大秘石」×2","魔力的超秘石"
"2846","魔力の絶秘石","物品","3339","金币：60000；材料：物品 ID 94「空の絶秘石」×1；物品 ID 2845「魔力の超秘石」×2","金币：60000；材料：物品 ID 94「空的绝秘石」×1；物品 ID 2845「魔力的超秘石」×2","魔力的绝秘石"
"2847","魔力の極秘石","物品","3366","金币：200000；材料：物品 ID 95「空の極秘石」×1；物品 ID 2846「魔力の絶秘石」×2","金币：200000；材料：物品 ID 95「空的极秘石」×1；物品 ID 2846「魔力的绝秘石」×2","魔力的极秘石"
"2859","快楽強化の大秘石","物品","1924","金币：3000；材料：物品 ID 92「空の大秘石」×1；物品 ID 2858「快楽強化の秘石」×2","金币：3000；材料：物品 ID 92「空的大秘石」×1；物品 ID 2858「快乐强化的秘石」×2","快乐强化的大秘石"
"2860","快楽強化の絶秘石","物品","3153","金币：30000；材料：物品 ID 94「空の絶秘石」×1；物品 ID 2859「快楽強化の大秘石」×2","金币：30000；材料：物品 ID 94「空的绝秘石」×1；物品 ID 2859「快乐强化的大秘石」×2","快乐强化的绝秘石"
"2863","炎強化の秘石","物品","1496","金币：1000；材料：物品 ID 91「空の秘石」×1；物品 ID 53「赤熱紅炎石」×1","金币：1000；材料：物品 ID 91「空秘石」×1；物品 ID 53「赤热红炎石」×1","炎强化的秘石"
"2864","炎強化の大秘石","物品","1543","金币：3000；材料：物品 ID 92「空の大秘石」×1；物品 ID 2863「炎強化の秘石」×2","金币：3000；材料：物品 ID 92「空的大秘石」×1；物品 ID 2863「炎强化的秘石」×2","炎强化的大秘石"
"2865","炎強化の絶秘石","物品","3154","金币：30000；材料：物品 ID 94「空の絶秘石」×1；物品 ID 2864「炎強化の大秘石」×2","金币：30000；材料：物品 ID 94「空的绝秘石」×1；物品 ID 2864「炎强化的大秘石」×2","炎强化的绝秘石"
"2868","氷強化の秘石","物品","1497","金币：1000；材料：物品 ID 91「空の秘石」×1；物品 ID 57「凍結蒼氷石」×1","金币：1000；材料：物品 ID 91「空秘石」×1；物品 ID 57「冻结苍冰石」×1","冰强化的秘石"
"2869","氷強化の大秘石","物品","1544","金币：3000；材料：物品 ID 92「空の大秘石」×1；物品 ID 2868「氷強化の秘石」×2","金币：3000；材料：物品 ID 92「空的大秘石」×1；物品 ID 2868「冰强化的秘石」×2","冰强化的大秘石"
"2870","氷強化の絶秘石","物品","3155","金币：30000；材料：物品 ID 94「空の絶秘石」×1；物品 ID 2869「氷強化の大秘石」×2","金币：30000；材料：物品 ID 94「空的绝秘石」×1；物品 ID 2869「冰强化的大秘石」×2","冰强化的绝秘石"
"2873","雷強化の秘石","物品","1498","金币：1000；材料：物品 ID 91「空の秘石」×1；物品 ID 61「電光黄雷石」×1","金币：1000；材料：物品 ID 91「空秘石」×1；物品 ID 61「电光黄雷石」×1","雷强化的秘石"
"2874","雷強化の大秘石","物品","1545","金币：3000；材料：物品 ID 92「空の大秘石」×1；物品 ID 2873「雷強化の秘石」×2","金币：3000；材料：物品 ID 92「空的大秘石」×1；物品 ID 2873「雷强化的秘石」×2","雷强化的大秘石"
"2875","雷強化の絶秘石","物品","3156","金币：30000；材料：物品 ID 94「空の絶秘石」×1；物品 ID 2874「雷強化の大秘石」×2","金币：30000；材料：物品 ID 94「空的绝秘石」×1；物品 ID 2874「雷强化的大秘石」×2","雷强化的绝秘石"
"2878","風強化の秘石","物品","1499","金币：1000；材料：物品 ID 91「空の秘石」×1；物品 ID 65「疾風緑風石」×1","金币：1000；材料：物品 ID 91「空秘石」×1；物品 ID 65「疾风绿风石」×1","风强化的秘石"
"2879","風強化の大秘石","物品","1546","金币：3000；材料：物品 ID 92「空の大秘石」×1；物品 ID 2878「風強化の秘石」×2","金币：3000；材料：物品 ID 92「空的大秘石」×1；物品 ID 2878「风强化的秘石」×2","风强化的大秘石"
"2880","風強化の絶秘石","物品","3157","金币：30000；材料：物品 ID 94「空の絶秘石」×1；物品 ID 2879「風強化の大秘石」×2","金币：30000；材料：物品 ID 94「空的绝秘石」×1；物品 ID 2879「风强化的大秘石」×2","风强化的绝秘石"
"2883","土強化の秘石","物品","1500","金币：1000；材料：物品 ID 91「空の秘石」×1；物品 ID 69「土流橙土石」×1","金币：1000；材料：物品 ID 91「空秘石」×1；物品 ID 69「土流橙土石」×1","土强化的秘石"
"2884","土強化の大秘石","物品","1547","金币：3000；材料：物品 ID 92「空の大秘石」×1；物品 ID 2883「土強化の秘石」×2","金币：3000；材料：物品 ID 92「空的大秘石」×1；物品 ID 2883「土强化的秘石」×2","土强化的大秘石"
"2885","土強化の絶秘石","物品","3158","金币：30000；材料：物品 ID 94「空の絶秘石」×1；物品 ID 2884「土強化の大秘石」×2","金币：30000；材料：物品 ID 94「空的绝秘石」×1；物品 ID 2884「土强化的大秘石」×2","土强化的绝秘石"
"2888","水強化の秘石","物品","1501","金币：1000；材料：物品 ID 91「空の秘石」×1；物品 ID 73「激流青水石」×1","金币：1000；材料：物品 ID 91「空秘石」×1；物品 ID 73「激流青水石」×1","水强化的秘石"
"2889","水強化の大秘石","物品","1548","金币：3000；材料：物品 ID 92「空の大秘石」×1；物品 ID 2888「水強化の秘石」×2","金币：3000；材料：物品 ID 92「空的大秘石」×1；物品 ID 2888「水强化的秘石」×2","水强化的大秘石"
"2890","水強化の絶秘石","物品","3159","金币：30000；材料：物品 ID 94「空の絶秘石」×1；物品 ID 2889「水強化の大秘石」×2","金币：30000；材料：物品 ID 94「空的绝秘石」×1；物品 ID 2889「水强化的大秘石」×2","水强化的绝秘石"
"2893","聖強化の秘石","物品","1502","金币：1000；材料：物品 ID 91「空の秘石」×1；物品 ID 77「天空白聖石」×1","金币：1000；材料：物品 ID 91「空秘石」×1；物品 ID 77「天空白圣石」×1","圣强化的秘石"
"2894","聖強化の大秘石","物品","1549","金币：3000；材料：物品 ID 92「空の大秘石」×1；物品 ID 2893「聖強化の秘石」×2","金币：3000；材料：物品 ID 92「空的大秘石」×1；物品 ID 2893「圣强化的秘石」×2","圣强化的大秘石"
"2895","聖強化の絶秘石","物品","3160","金币：30000；材料：物品 ID 94「空の絶秘石」×1；物品 ID 2894「聖強化の大秘石」×2","金币：30000；材料：物品 ID 94「空的绝秘石」×1；物品 ID 2894「圣强化的大秘石」×2","圣强化的绝秘石"
"2898","闇強化の秘石","物品","1503","金币：1000；材料：物品 ID 91「空の秘石」×1；物品 ID 81「輝晶黒闇石」×1","金币：1000；材料：物品 ID 91「空秘石」×1；物品 ID 81「辉晶黑暗石」×1","暗强化的秘石"
"2899","闇強化の大秘石","物品","1550","金币：3000；材料：物品 ID 92「空の大秘石」×1；物品 ID 2898「闇強化の秘石」×2","金币：3000；材料：物品 ID 92「空的大秘石」×1；物品 ID 2898「暗强化的秘石」×2","暗强化的大秘石"
"2900","闇強化の絶秘石","物品","3161","金币：30000；材料：物品 ID 94「空の絶秘石」×1；物品 ID 2899「闇強化の大秘石」×2","金币：30000；材料：物品 ID 94「空的绝秘石」×1；物品 ID 2899「暗强化的大秘石」×2","暗强化的绝秘石"
"2903","音波強化の秘石","物品","1504","金币：1000；材料：物品 ID 91「空の秘石」×1；物品 ID 17「満月草」×3","金币：1000；材料：物品 ID 91「空秘石」×1；物品 ID 17「满月草」×3","音波强化的秘石"
"2904","音波強化の大秘石","物品","1551","金币：3000；材料：物品 ID 92「空の大秘石」×1；物品 ID 2903「音波強化の秘石」×2","金币：3000；材料：物品 ID 92「空的大秘石」×1；物品 ID 2903「音波强化的秘石」×2","音波强化的大秘石"
"2905","音波強化の絶秘石","物品","3162","金币：30000；材料：物品 ID 94「空の絶秘石」×1；物品 ID 2904「音波強化の大秘石」×2","金币：30000；材料：物品 ID 94「空的绝秘石」×1；物品 ID 2904「音波强化的大秘石」×2","音波强化的绝秘石"
"2908","バイオ強化の秘石","物品","1505","金币：1000；材料：物品 ID 91「空の秘石」×1；物品 ID 13「毒消し草」×3","金币：1000；材料：物品 ID 91「空秘石」×1；物品 ID 13「解毒草」×3","生化强化的秘石"
"2909","バイオ強化の大秘石","物品","1552","金币：3000；材料：物品 ID 92「空の大秘石」×1；物品 ID 2908「バイオ強化の秘石」×2","金币：3000；材料：物品 ID 92「空的大秘石」×1；物品 ID 2908「生化强化的秘石」×2","生化强化的大秘石"
"2910","バイオ強化の絶秘石","物品","3163","金币：30000；材料：物品 ID 94「空の絶秘石」×1；物品 ID 2909「バイオ強化の大秘石」×2","金币：30000；材料：物品 ID 94「空的绝秘石」×1；物品 ID 2909「生化强化的大秘石」×2","生化强化的绝秘石"
"2913","回復強化の秘石","物品","1506","金币：1000；材料：物品 ID 91「空の秘石」×1；物品 ID 3「究極薬草」×1","金币：1000；材料：物品 ID 91「空秘石」×1；物品 ID 3「究极药草」×1","恢复强化的秘石"
"2914","回復強化の大秘石","物品","1553","金币：3000；材料：物品 ID 92「空の大秘石」×1；物品 ID 2913「回復強化の秘石」×2","金币：3000；材料：物品 ID 92「空的大秘石」×1；物品 ID 2913「恢复强化的秘石」×2","恢复强化的大秘石"
"2915","回復強化の絶秘石","物品","3164","金币：30000；材料：物品 ID 94「空の絶秘石」×1；物品 ID 2914「回復強化の大秘石」×2","金币：30000；材料：物品 ID 94「空的绝秘石」×1；物品 ID 2914「恢复强化的大秘石」×2","恢复强化的绝秘石"
"2918","白魔法の秘石","物品","1723","金币：1000；材料：物品 ID 91「空の秘石」×1；武器 ID 497「流星の杖」×1","金币：1000；材料：物品 ID 91「空秘石」×1；武器 ID 497「流星制杖」×1","白魔法的秘石"
"2919","白魔法の大秘石","物品","1831","金币：3000；材料：物品 ID 92「空の大秘石」×1；物品 ID 2918「白魔法の秘石」×2","金币：3000；材料：物品 ID 92「空的大秘石」×1；物品 ID 2918「白魔法的秘石」×2","白魔法的大秘石"
"2920","白魔法の絶秘石","物品","3198","金币：30000；材料：物品 ID 94「空の絶秘石」×1；物品 ID 2919「白魔法の大秘石」×2","金币：30000；材料：物品 ID 94「空的绝秘石」×1；物品 ID 2919「白魔法的大秘石」×2","白魔法的绝秘石"
"2923","黒魔法の秘石","物品","1724","金币：1000；材料：物品 ID 91「空の秘石」×1；武器 ID 539「流星のロッド」×1","金币：1000；材料：物品 ID 91「空秘石」×1；武器 ID 539「流星制法杖」×1","黑魔法的秘石"
"2924","黒魔法の大秘石","物品","1832","金币：3000；材料：物品 ID 92「空の大秘石」×1；物品 ID 2923「黒魔法の秘石」×2","金币：3000；材料：物品 ID 92「空的大秘石」×1；物品 ID 2923「黑魔法的秘石」×2","黑魔法的大秘石"
"2925","黒魔法の絶秘石","物品","3199","金币：30000；材料：物品 ID 94「空の絶秘石」×1；物品 ID 2924「黒魔法の大秘石」×2","金币：30000；材料：物品 ID 94「空的绝秘石」×1；物品 ID 2924「黑魔法的大秘石」×2","黑魔法的绝秘石"
"2928","時魔法の秘石","物品","1725","金币：1000；材料：物品 ID 91「空の秘石」×1；武器 ID 539「流星のロッド」×1","金币：1000；材料：物品 ID 91「空秘石」×1；武器 ID 539「流星制法杖」×1","时魔法的秘石"
"2929","時魔法の大秘石","物品","1833","金币：3000；材料：物品 ID 92「空の大秘石」×1；物品 ID 2928「時魔法の秘石」×2","金币：3000；材料：物品 ID 92「空的大秘石」×1；物品 ID 2928「时魔法的秘石」×2","时魔法的大秘石"
"2930","時魔法の絶秘石","物品","3200","金币：30000；材料：物品 ID 94「空の絶秘石」×1；物品 ID 2929「時魔法の大秘石」×2","金币：30000；材料：物品 ID 94「空的绝秘石」×1；物品 ID 2929「时魔法的大秘石」×2","时魔法的绝秘石"
"2933","召喚の秘石","物品","1726","金币：1000；材料：物品 ID 91「空の秘石」×1；武器 ID 539「流星のロッド」×1","金币：1000；材料：物品 ID 91「空秘石」×1；武器 ID 539「流星制法杖」×1","召唤的秘石"
"2934","召喚の大秘石","物品","1834","金币：3000；材料：物品 ID 92「空の大秘石」×1；物品 ID 2933「召喚の秘石」×2","金币：3000；材料：物品 ID 92「空的大秘石」×1；物品 ID 2933「召唤的秘石」×2","召唤的大秘石"
"2935","召喚の絶秘石","物品","3201","金币：30000；材料：物品 ID 94「空の絶秘石」×1；物品 ID 2934「召喚の大秘石」×2","金币：30000；材料：物品 ID 94「空的绝秘石」×1；物品 ID 2934「召唤的大秘石」×2","召唤的绝秘石"
"2938","聖技の秘石","物品","1727","金币：1000；材料：物品 ID 91「空の秘石」×1；物品 ID 77「天空白聖石」×1","金币：1000；材料：物品 ID 91「空秘石」×1；物品 ID 77「天空白圣石」×1","圣技的秘石"
"2939","聖技の大秘石","物品","1835","金币：3000；材料：物品 ID 92「空の大秘石」×1；物品 ID 2938「聖技の秘石」×2","金币：3000；材料：物品 ID 92「空的大秘石」×1；物品 ID 2938「圣技的秘石」×2","圣技的大秘石"
"2940","聖技の絶秘石","物品","3202","金币：30000；材料：物品 ID 94「空の絶秘石」×1；物品 ID 2939「聖技の大秘石」×2","金币：30000；材料：物品 ID 94「空的绝秘石」×1；物品 ID 2939「圣技的大秘石」×2","圣技的绝秘石"
"2943","闇技の秘石","物品","1728","金币：1000；材料：物品 ID 91「空の秘石」×1；物品 ID 81「輝晶黒闇石」×1","金币：1000；材料：物品 ID 91「空秘石」×1；物品 ID 81「辉晶黑暗石」×1","暗技的秘石"
"2944","闇技の大秘石","物品","1836","金币：3000；材料：物品 ID 92「空の大秘石」×1；物品 ID 2943「闇技の秘石」×2","金币：3000；材料：物品 ID 92「空的大秘石」×1；物品 ID 2943「暗技的秘石」×2","暗技的大秘石"
"2945","闇技の絶秘石","物品","3203","金币：30000；材料：物品 ID 94「空の絶秘石」×1；物品 ID 2944「闇技の大秘石」×2","金币：30000；材料：物品 ID 94「空的绝秘石」×1；物品 ID 2944「暗技的大秘石」×2","暗技的绝秘石"
"2948","魔法剣の秘石","物品","1729","金币：1000；材料：物品 ID 91「空の秘石」×1；武器 ID 181「フォースソード」×1","金币：1000；材料：物品 ID 91「空秘石」×1；武器 ID 181「力量之剑」×1","魔法剑的秘石"
"2949","魔法剣の大秘石","物品","1837","金币：3000；材料：物品 ID 92「空の大秘石」×1；物品 ID 2948「魔法剣の秘石」×2","金币：3000；材料：物品 ID 92「空的大秘石」×1；物品 ID 2948「魔法剑的秘石」×2","魔法剑的大秘石"
"2950","魔法剣の絶秘石","物品","3204","金币：30000；材料：物品 ID 94「空の絶秘石」×1；物品 ID 2949「魔法剣の大秘石」×2","金币：30000；材料：物品 ID 94「空的绝秘石」×1；物品 ID 2949「魔法剑的大秘石」×2","魔法剑的绝秘石"
"2953","陰陽術の秘石","物品","1730","金币：1000；材料：物品 ID 91「空の秘石」×1；武器 ID 539「流星のロッド」×1","金币：1000；材料：物品 ID 91「空秘石」×1；武器 ID 539「流星制法杖」×1","阴阳术的秘石"
"2954","陰陽術の大秘石","物品","1838","金币：3000；材料：物品 ID 92「空の大秘石」×1；物品 ID 2953「陰陽術の秘石」×2","金币：3000；材料：物品 ID 92「空的大秘石」×1；物品 ID 2953「阴阳术的秘石」×2","阴阳术的大秘石"
"2955","陰陽術の絶秘石","物品","3205","金币：30000；材料：物品 ID 94「空の絶秘石」×1；物品 ID 2954「陰陽術の大秘石」×2","金币：30000；材料：物品 ID 94「空的绝秘石」×1；物品 ID 2954「阴阳术的大秘石」×2","阴阳术的绝秘石"
"2958","魔導科学の秘石","物品","1731","金币：1000；材料：物品 ID 91「空の秘石」×1；武器 ID 4788「天魔教義」×1","金币：1000；材料：物品 ID 91「空秘石」×1；武器 ID 4788「天魔教义」×1","魔导科学的秘石"
"2959","魔導科学の大秘石","物品","1839","金币：3000；材料：物品 ID 92「空の大秘石」×1；物品 ID 2958「魔導科学の秘石」×2","金币：3000；材料：物品 ID 92「空的大秘石」×1；物品 ID 2958「魔导科学的秘石」×2","魔导科学的大秘石"
"2960","魔導科学の絶秘石","物品","3206","金币：30000；材料：物品 ID 94「空の絶秘石」×1；物品 ID 2959「魔導科学の大秘石」×2","金币：30000；材料：物品 ID 94「空的绝秘石」×1；物品 ID 2959「魔导科学的大秘石」×2","魔导科学的绝秘石"
"2963","錬金術の秘石","物品","1732","金币：1000；材料：物品 ID 91「空の秘石」×1；武器 ID 4788「天魔教義」×1","金币：1000；材料：物品 ID 91「空秘石」×1；武器 ID 4788「天魔教义」×1","炼金术的秘石"
"2964","錬金術の大秘石","物品","1840","金币：3000；材料：物品 ID 92「空の大秘石」×1；物品 ID 2963「錬金術の秘石」×2","金币：3000；材料：物品 ID 92「空的大秘石」×1；物品 ID 2963「炼金术的秘石」×2","炼金术的大秘石"
"2965","錬金術の絶秘石","物品","3207","金币：30000；材料：物品 ID 94「空の絶秘石」×1；物品 ID 2964「錬金術の大秘石」×2","金币：30000；材料：物品 ID 94「空的绝秘石」×1；物品 ID 2964「炼金术的大秘石」×2","炼金术的绝秘石"
"2968","魔本術の秘石","物品","1733","金币：1000；材料：物品 ID 91「空の秘石」×1；武器 ID 4788「天魔教義」×1","金币：1000；材料：物品 ID 91「空秘石」×1；武器 ID 4788「天魔教义」×1","魔本术的秘石"
"2969","魔本術の大秘石","物品","1841","金币：3000；材料：物品 ID 92「空の大秘石」×1；物品 ID 2968「魔本術の秘石」×2","金币：3000；材料：物品 ID 92「空的大秘石」×1；物品 ID 2968「魔本术的秘石」×2","魔本术的大秘石"
"2970","魔本術の絶秘石","物品","3208","金币：30000；材料：物品 ID 94「空の絶秘石」×1；物品 ID 2969「魔本術の大秘石」×2","金币：30000；材料：物品 ID 94「空的绝秘石」×1；物品 ID 2969「魔本术的大秘石」×2","魔本术的绝秘石"
"2973","白魔法使用可能の超秘石","物品","3102","金币：10000；材料：物品 ID 93「空の超秘石」×1；防具 ID 1644「白魔導士の悟り」×1","金币：10000；材料：物品 ID 93「空的超秘石」×1；防具 ID 1644「白魔导师的领悟」×1","可以使用白魔法的超秘石"
"2974","黒魔法使用可能の超秘石","物品","3103","金币：10000；材料：物品 ID 93「空の超秘石」×1；防具 ID 1645「黒魔導士の悟り」×1","金币：10000；材料：物品 ID 93「空的超秘石」×1；防具 ID 1645「黑魔导师的领悟」×1","可以使用黑魔法的超秘石"
"2975","時魔法使用可能の超秘石","物品","3104","金币：10000；材料：物品 ID 93「空の超秘石」×1；防具 ID 1646「時魔導士の悟り」×1","金币：10000；材料：物品 ID 93「空的超秘石」×1；防具 ID 1646「时魔导师的领悟」×1","可以使用时魔法的超秘石"
"2976","召喚使用可能の超秘石","物品","3105","金币：10000；材料：物品 ID 93「空の超秘石」×1；防具 ID 1647「召喚師の悟り」×1","金币：10000；材料：物品 ID 93「空的超秘石」×1；防具 ID 1647「召唤师的领悟」×1","可以使用召唤的超秘石"
"2977","聖技使用可能の超秘石","物品","3106","金币：10000；材料：物品 ID 93「空の超秘石」×1；防具 ID 1648「聖なる悟り」×1","金币：10000；材料：物品 ID 93「空的超秘石」×1；防具 ID 1648「神圣的领悟」×1","可以使用圣技的超秘石"
"2978","闇技使用可能の超秘石","物品","3107","金币：10000；材料：物品 ID 93「空の超秘石」×1；防具 ID 1649「闇の悟り」×1","金币：10000；材料：物品 ID 93「空的超秘石」×1；防具 ID 1649「黑暗的领悟」×1","可以使用暗技的超秘石"
"2979","魔法剣使用可能の超秘石","物品","3108","金币：10000；材料：物品 ID 93「空の超秘石」×1；防具 ID 1650「魔法剣士の悟り」×1","金币：10000；材料：物品 ID 93「空的超秘石」×1；防具 ID 1650「魔法剑士的领悟」×1","可以使用魔法剑的超秘石"
"2980","陰陽術使用可能の超秘石","物品","3109","金币：10000；材料：物品 ID 93「空の超秘石」×1；防具 ID 1651「陰陽師の悟り」×1","金币：10000；材料：物品 ID 93「空的超秘石」×1；防具 ID 1651「阴阳师的领悟」×1","可以使用阴阳术的超秘石"
"2981","魔導科学使用可能の超秘石","物品","3110","金币：10000；材料：物品 ID 93「空の超秘石」×1；防具 ID 1661「科学者の悟り」×1","金币：10000；材料：物品 ID 93「空的超秘石」×1；防具 ID 1661「科学家的领悟」×1","可以使用魔导科学的超秘石"
"2982","錬金術使用可能の超秘石","物品","3111","金币：10000；材料：物品 ID 93「空の超秘石」×1；防具 ID 1662「錬金術師の悟り」×1","金币：10000；材料：物品 ID 93「空的超秘石」×1；防具 ID 1662「炼金术师的领悟」×1","可以使用炼金术的超秘石"
"2983","魔本術使用可能の超秘石","物品","3112","金币：10000；材料：物品 ID 93「空の超秘石」×1；防具 ID 1663「魔導司書の悟り」×1","金币：10000；材料：物品 ID 93「空的超秘石」×1；防具 ID 1663「魔导司书的领悟」×1","魔本术可用的超秘石"
"3009","サイコの秘石","物品","1734","金币：1000；材料：物品 ID 91「空の秘石」×1；防具 ID 172「天使のレオタード」×1","金币：1000；材料：物品 ID 91「空秘石」×1；防具 ID 172「天使紧身衣」×1","念动的秘石"
"3010","サイコの大秘石","物品","1842","金币：3000；材料：物品 ID 92「空の大秘石」×1；物品 ID 3009「サイコの秘石」×2","金币：3000；材料：物品 ID 92「空的大秘石」×1；物品 ID 3009「念动的秘石」×2","念动的大秘石"
"3011","サイコの絶秘石","物品","3209","金币：30000；材料：物品 ID 94「空の絶秘石」×1；物品 ID 3010「サイコの大秘石」×2","金币：30000；材料：物品 ID 94「空的绝秘石」×1；物品 ID 3010「念动的大秘石」×2","念动的绝秘石"
"3019","サイコ使用可能の超秘石","物品","3113","金币：10000；材料：物品 ID 93「空の超秘石」×1；防具 ID 5215「サイコソルジャーの悟り」×1","金币：10000；材料：物品 ID 93「空的超秘石」×1；防具 ID 5215「念动战士的领悟」×1","念动可用的超秘石"
"3058","守りの大秘石","物品","1901","金币：3000；材料：物品 ID 92「空の大秘石」×1；物品 ID 3057「守りの秘石」×2","金币：3000；材料：物品 ID 92「空的大秘石」×1；物品 ID 3057「守护的秘石」×2","守护的大秘石"
"3059","守りの超秘石","物品","3023","金币：10000；材料：物品 ID 93「空の超秘石」×1；物品 ID 3058「守りの大秘石」×2","金币：10000；材料：物品 ID 93「空的超秘石」×1；物品 ID 3058「守护的大秘石」×2","守护的超秘石"
"3060","守りの絶秘石","物品","3338","金币：60000；材料：物品 ID 94「空の絶秘石」×1；物品 ID 3059「守りの超秘石」×2","金币：60000；材料：物品 ID 94「空的绝秘石」×1；物品 ID 3059「守护的超秘石」×2","守护的绝秘石"
"3061","守りの極秘石","物品","3365","金币：200000；材料：物品 ID 95「空の極秘石」×1；物品 ID 3060「守りの絶秘石」×2","金币：200000；材料：物品 ID 95「空的极秘石」×1；物品 ID 3060「守护的绝秘石」×2","守护的极秘石"
"3068","精神の大秘石","物品","1902","金币：3000；材料：物品 ID 92「空の大秘石」×1；物品 ID 3067「精神の秘石」×2","金币：3000；材料：物品 ID 92「空的大秘石」×1；物品 ID 3067「精神的秘石」×2","精神的大秘石"
"3069","精神の超秘石","物品","3025","金币：10000；材料：物品 ID 93「空の超秘石」×1；物品 ID 3068「精神の大秘石」×2","金币：10000；材料：物品 ID 93「空的超秘石」×1；物品 ID 3068「精神的大秘石」×2","精神的超秘石"
"3070","精神の絶秘石","物品","3340","金币：60000；材料：物品 ID 94「空の絶秘石」×1；物品 ID 3069「精神の超秘石」×2","金币：60000；材料：物品 ID 94「空的绝秘石」×1；物品 ID 3069「精神的超秘石」×2","精神的绝秘石"
"3071","精神の極秘石","物品","3367","金币：200000；材料：物品 ID 95「空の極秘石」×1；物品 ID 3070「精神の絶秘石」×2","金币：200000；材料：物品 ID 95「空的极秘石」×1；物品 ID 3070「精神的绝秘石」×2","精神的极秘石"
"3130","物理耐性の大秘石","物品","1912","金币：3000；材料：物品 ID 92「空の大秘石」×1；物品 ID 3129「物理耐性の秘石」×2","金币：3000；材料：物品 ID 92「空的大秘石」×1；物品 ID 3129「物理耐性的秘石」×2","物理耐性的大秘石"
"3131","物理耐性の超秘石","物品","3128","金币：10000；材料：物品 ID 93「空の超秘石」×1；物品 ID 3130「物理耐性の大秘石」×2","金币：10000；材料：物品 ID 93「空的超秘石」×1；物品 ID 3130「物理耐性的大秘石」×2","物理耐性的超秘石"
"3132","物理無効の絶秘石","物品","3140","金币：30000；材料：物品 ID 94「空の絶秘石」×1；物品 ID 3131「物理耐性の超秘石」×2","金币：30000；材料：物品 ID 94「空的绝秘石」×1；物品 ID 3131「物理耐性的超秘石」×2","物理无效的绝秘石"
"3136","快楽耐性の大秘石","物品","1913","金币：3000；材料：物品 ID 92「空の大秘石」×1；物品 ID 3135「快楽耐性の秘石」×2","金币：3000；材料：物品 ID 92「空的大秘石」×1；物品 ID 3135「快乐耐性的秘石」×2","快乐耐性的大秘石"
"3137","快楽耐性の超秘石","物品","3129","金币：10000；材料：物品 ID 93「空の超秘石」×1；物品 ID 3136「快楽耐性の大秘石」×2","金币：10000；材料：物品 ID 93「空的超秘石」×1；物品 ID 3136「快乐耐性的大秘石」×2","快乐耐性的超秘石"
"3138","快楽無効の絶秘石","物品","3141","金币：30000；材料：物品 ID 94「空の絶秘石」×1；物品 ID 3137「快楽耐性の超秘石」×2","金币：30000；材料：物品 ID 94「空的绝秘石」×1；物品 ID 3137「快乐耐性的超秘石」×2","快乐无效的绝秘石"
"3141","炎耐性の秘石","物品","1451","金币：1000；材料：物品 ID 91「空の秘石」×1；物品 ID 53「赤熱紅炎石」×1","金币：1000；材料：物品 ID 91「空秘石」×1；物品 ID 53「赤热红炎石」×1","炎耐性的秘石"
"3142","炎耐性の大秘石","物品","1533","金币：3000；材料：物品 ID 92「空の大秘石」×1；物品 ID 3141「炎耐性の秘石」×2","金币：3000；材料：物品 ID 92「空的大秘石」×1；物品 ID 3141「炎耐性的秘石」×2","炎耐性的大秘石"
"3143","炎耐性の超秘石","物品","3130","金币：10000；材料：物品 ID 93「空の超秘石」×1；物品 ID 3142「炎耐性の大秘石」×2","金币：10000；材料：物品 ID 93「空的超秘石」×1；物品 ID 3142「炎耐性的大秘石」×2","炎耐性的超秘石"
"3144","炎無効の絶秘石","物品","3142","金币：30000；材料：物品 ID 94「空の絶秘石」×1；物品 ID 3143「炎耐性の超秘石」×2","金币：30000；材料：物品 ID 94「空的绝秘石」×1；物品 ID 3143「炎耐性的超秘石」×2","炎无效的绝秘石"
"3147","氷耐性の秘石","物品","1452","金币：1000；材料：物品 ID 91「空の秘石」×1；物品 ID 57「凍結蒼氷石」×1","金币：1000；材料：物品 ID 91「空秘石」×1；物品 ID 57「冻结苍冰石」×1","冰耐性的秘石"
"3148","氷耐性の大秘石","物品","1534","金币：3000；材料：物品 ID 92「空の大秘石」×1；物品 ID 3147「氷耐性の秘石」×2","金币：3000；材料：物品 ID 92「空的大秘石」×1；物品 ID 3147「冰耐性的秘石」×2","冰耐性的大秘石"
"3149","氷耐性の超秘石","物品","3131","金币：10000；材料：物品 ID 93「空の超秘石」×1；物品 ID 3148「氷耐性の大秘石」×2","金币：10000；材料：物品 ID 93「空的超秘石」×1；物品 ID 3148「冰耐性的大秘石」×2","冰耐性的超秘石"
"3150","氷無効の絶秘石","物品","3143","金币：30000；材料：物品 ID 94「空の絶秘石」×1；物品 ID 3149「氷耐性の超秘石」×2","金币：30000；材料：物品 ID 94「空的绝秘石」×1；物品 ID 3149「冰耐性的超秘石」×2","冰无效的绝秘石"
"3153","雷耐性の秘石","物品","1453","金币：1000；材料：物品 ID 91「空の秘石」×1；物品 ID 61「電光黄雷石」×1","金币：1000；材料：物品 ID 91「空秘石」×1；物品 ID 61「电光黄雷石」×1","雷耐性的秘石"
"3154","雷耐性の大秘石","物品","1535","金币：3000；材料：物品 ID 92「空の大秘石」×1；物品 ID 3153「雷耐性の秘石」×2","金币：3000；材料：物品 ID 92「空的大秘石」×1；物品 ID 3153「雷耐性的秘石」×2","雷耐性的大秘石"
"3155","雷耐性の超秘石","物品","3132","金币：10000；材料：物品 ID 93「空の超秘石」×1；物品 ID 3154「雷耐性の大秘石」×2","金币：10000；材料：物品 ID 93「空的超秘石」×1；物品 ID 3154「雷耐性的大秘石」×2","雷耐性的超秘石"
"3156","雷無効の絶秘石","物品","3144","金币：30000；材料：物品 ID 94「空の絶秘石」×1；物品 ID 3155「雷耐性の超秘石」×2","金币：30000；材料：物品 ID 94「空的绝秘石」×1；物品 ID 3155「雷耐性的超秘石」×2","雷无效的绝秘石"
"3159","風耐性の秘石","物品","1454","金币：1000；材料：物品 ID 91「空の秘石」×1；物品 ID 65「疾風緑風石」×1","金币：1000；材料：物品 ID 91「空秘石」×1；物品 ID 65「疾风绿风石」×1","风耐性的秘石"
"3160","風耐性の大秘石","物品","1536","金币：3000；材料：物品 ID 92「空の大秘石」×1；物品 ID 3159「風耐性の秘石」×2","金币：3000；材料：物品 ID 92「空的大秘石」×1；物品 ID 3159「风耐性的秘石」×2","风耐性的大秘石"
"3161","風耐性の超秘石","物品","3133","金币：10000；材料：物品 ID 93「空の超秘石」×1；物品 ID 3160「風耐性の大秘石」×2","金币：10000；材料：物品 ID 93「空的超秘石」×1；物品 ID 3160「风耐性的大秘石」×2","风耐性的超秘石"
"3162","風無効の絶秘石","物品","3145","金币：30000；材料：物品 ID 94「空の絶秘石」×1；物品 ID 3161「風耐性の超秘石」×2","金币：30000；材料：物品 ID 94「空的绝秘石」×1；物品 ID 3161「风耐性的超秘石」×2","风无效的绝秘石"
"3165","土耐性の秘石","物品","1455","金币：1000；材料：物品 ID 91「空の秘石」×1；物品 ID 69「土流橙土石」×1","金币：1000；材料：物品 ID 91「空秘石」×1；物品 ID 69「土流橙土石」×1","土耐性的秘石"
"3166","土耐性の大秘石","物品","1537","金币：3000；材料：物品 ID 92「空の大秘石」×1；物品 ID 3165「土耐性の秘石」×2","金币：3000；材料：物品 ID 92「空的大秘石」×1；物品 ID 3165「土耐性的秘石」×2","土耐性的大秘石"
"3167","土耐性の超秘石","物品","3134","金币：10000；材料：物品 ID 93「空の超秘石」×1；物品 ID 3166「土耐性の大秘石」×2","金币：10000；材料：物品 ID 93「空的超秘石」×1；物品 ID 3166「土耐性的大秘石」×2","土耐性的超秘石"
"3168","土無効の絶秘石","物品","3146","金币：30000；材料：物品 ID 94「空の絶秘石」×1；物品 ID 3167「土耐性の超秘石」×2","金币：30000；材料：物品 ID 94「空的绝秘石」×1；物品 ID 3167「土耐性的超秘石」×2","土无效的绝秘石"
"3171","水耐性の秘石","物品","1456","金币：1000；材料：物品 ID 91「空の秘石」×1；物品 ID 73「激流青水石」×1","金币：1000；材料：物品 ID 91「空秘石」×1；物品 ID 73「激流青水石」×1","水耐性的秘石"
"3172","水耐性の大秘石","物品","1538","金币：3000；材料：物品 ID 92「空の大秘石」×1；物品 ID 3171「水耐性の秘石」×2","金币：3000；材料：物品 ID 92「空的大秘石」×1；物品 ID 3171「水耐性的秘石」×2","水耐性的大秘石"
"3173","水耐性の超秘石","物品","3135","金币：10000；材料：物品 ID 93「空の超秘石」×1；物品 ID 3172「水耐性の大秘石」×2","金币：10000；材料：物品 ID 93「空的超秘石」×1；物品 ID 3172「水耐性的大秘石」×2","水耐性的超秘石"
"3174","水無効の絶秘石","物品","3147","金币：30000；材料：物品 ID 94「空の絶秘石」×1；物品 ID 3173「水耐性の超秘石」×2","金币：30000；材料：物品 ID 94「空的绝秘石」×1；物品 ID 3173「水耐性的超秘石」×2","水无效的绝秘石"
"3177","聖耐性の秘石","物品","1457","金币：1000；材料：物品 ID 91「空の秘石」×1；物品 ID 77「天空白聖石」×1","金币：1000；材料：物品 ID 91「空秘石」×1；物品 ID 77「天空白圣石」×1","圣耐性的秘石"
"3178","聖耐性の大秘石","物品","1539","金币：3000；材料：物品 ID 92「空の大秘石」×1；物品 ID 3177「聖耐性の秘石」×2","金币：3000；材料：物品 ID 92「空的大秘石」×1；物品 ID 3177「圣耐性的秘石」×2","圣耐性的大秘石"
"3179","聖耐性の超秘石","物品","3136","金币：10000；材料：物品 ID 93「空の超秘石」×1；物品 ID 3178「聖耐性の大秘石」×2","金币：10000；材料：物品 ID 93「空的超秘石」×1；物品 ID 3178「圣耐性的大秘石」×2","圣耐性的超秘石"
"3180","聖無効の絶秘石","物品","3148","金币：30000；材料：物品 ID 94「空の絶秘石」×1；物品 ID 3179「聖耐性の超秘石」×2","金币：30000；材料：物品 ID 94「空的绝秘石」×1；物品 ID 3179「圣耐性的超秘石」×2","圣无效的绝秘石"
"3183","闇耐性の秘石","物品","1458","金币：1000；材料：物品 ID 91「空の秘石」×1；物品 ID 81「輝晶黒闇石」×1","金币：1000；材料：物品 ID 91「空秘石」×1；物品 ID 81「辉晶黑暗石」×1","暗耐性的秘石"
"3184","闇耐性の大秘石","物品","1540","金币：3000；材料：物品 ID 92「空の大秘石」×1；物品 ID 3183「闇耐性の秘石」×2","金币：3000；材料：物品 ID 92「空的大秘石」×1；物品 ID 3183「暗耐性的秘石」×2","暗耐性的大秘石"
"3185","闇耐性の超秘石","物品","3137","金币：10000；材料：物品 ID 93「空の超秘石」×1；物品 ID 3184「闇耐性の大秘石」×2","金币：10000；材料：物品 ID 93「空的超秘石」×1；物品 ID 3184「暗耐性的大秘石」×2","暗耐性的超秘石"
"3186","闇無効の絶秘石","物品","3149","金币：30000；材料：物品 ID 94「空の絶秘石」×1；物品 ID 3185「闇耐性の超秘石」×2","金币：30000；材料：物品 ID 94「空的绝秘石」×1；物品 ID 3185「暗耐性的超秘石」×2","暗无效的绝秘石"
"3189","音波耐性の秘石","物品","1459","金币：1000；材料：物品 ID 91「空の秘石」×1；物品 ID 17「満月草」×3","金币：1000；材料：物品 ID 91「空秘石」×1；物品 ID 17「满月草」×3","音波耐性的秘石"
"3190","音波耐性の大秘石","物品","1541","金币：3000；材料：物品 ID 92「空の大秘石」×1；物品 ID 3189「音波耐性の秘石」×2","金币：3000；材料：物品 ID 92「空的大秘石」×1；物品 ID 3189「音波耐性的秘石」×2","音波耐性的大秘石"
"3191","音波耐性の超秘石","物品","3138","金币：10000；材料：物品 ID 93「空の超秘石」×1；物品 ID 3190「音波耐性の大秘石」×2","金币：10000；材料：物品 ID 93「空的超秘石」×1；物品 ID 3190「音波耐性的大秘石」×2","音波耐性的超秘石"
"3192","音波無効の絶秘石","物品","3150","金币：30000；材料：物品 ID 94「空の絶秘石」×1；物品 ID 3191「音波耐性の超秘石」×2","金币：30000；材料：物品 ID 94「空的绝秘石」×1；物品 ID 3191「音波耐性的超秘石」×2","音波无效的绝秘石"
"3195","バイオ耐性の秘石","物品","1460","金币：1000；材料：物品 ID 91「空の秘石」×1；物品 ID 13「毒消し草」×3","金币：1000；材料：物品 ID 91「空秘石」×1；物品 ID 13「解毒草」×3","生化耐性的秘石"
"3196","バイオ耐性の大秘石","物品","1542","金币：3000；材料：物品 ID 92「空の大秘石」×1；物品 ID 3195「バイオ耐性の秘石」×2","金币：3000；材料：物品 ID 92「空的大秘石」×1；物品 ID 3195「生化耐性的秘石」×2","生化耐性的大秘石"
"3197","バイオ耐性の超秘石","物品","3139","金币：10000；材料：物品 ID 93「空の超秘石」×1；物品 ID 3196「バイオ耐性の大秘石」×2","金币：10000；材料：物品 ID 93「空的超秘石」×1；物品 ID 3196「生化耐性的大秘石」×2","生化耐性的超秘石"
"3198","バイオ無効の絶秘石","物品","3151","金币：30000；材料：物品 ID 94「空の絶秘石」×1；物品 ID 3197「バイオ耐性の超秘石」×2","金币：30000；材料：物品 ID 94「空的绝秘石」×1；物品 ID 3197「生化耐性的超秘石」×2","生化无效的绝秘石"
"3221","即死耐性の秘石","物品","1615","金币：1000；材料：物品 ID 91「空の秘石」×1；物品 ID 12「世界樹の葉」×1","金币：1000；材料：物品 ID 91「空秘石」×1；物品 ID 12「世界树之叶」×1","即死耐性的秘石"
"3222","即死無効の大秘石","物品","1774","金币：3000；材料：物品 ID 92「空の大秘石」×1；物品 ID 3221「即死耐性の秘石」×2","金币：3000；材料：物品 ID 92「空的大秘石」×1；物品 ID 3221「即死耐性的秘石」×2","即死无效的大秘石"
"3223","昇天耐性の秘石","物品","1616","金币：1000；材料：物品 ID 91「空の秘石」×1；物品 ID 12「世界樹の葉」×1","金币：1000；材料：物品 ID 91「空秘石」×1；物品 ID 12「世界树之叶」×1","升天耐性的秘石"
"3224","昇天無効の大秘石","物品","1775","金币：3000；材料：物品 ID 92「空の大秘石」×1；物品 ID 3223「昇天耐性の秘石」×2","金币：3000；材料：物品 ID 92「空的大秘石」×1；物品 ID 3223「升天耐性的秘石」×2","升天无效的大秘石"
"3225","絶頂耐性の秘石","物品","1617","金币：1000；材料：物品 ID 91「空の秘石」×1；物品 ID 12「世界樹の葉」×1","金币：1000；材料：物品 ID 91「空秘石」×1；物品 ID 12「世界树之叶」×1","绝顶耐性的秘石"
"3226","絶頂無効の大秘石","物品","1776","金币：3000；材料：物品 ID 92「空の大秘石」×1；物品 ID 3225「絶頂耐性の秘石」×2","金币：3000；材料：物品 ID 92「空的大秘石」×1；物品 ID 3225「绝顶耐性的秘石」×2","绝顶无效的大秘石"
"3230","毒耐性の秘石","物品","1618","金币：1000；材料：物品 ID 91「空の秘石」×1；物品 ID 13「毒消し草」×3","金币：1000；材料：物品 ID 91「空秘石」×1；物品 ID 13「解毒草」×3","中毒耐性的秘石"
"3231","毒無効の大秘石","物品","1777","金币：3000；材料：物品 ID 92「空の大秘石」×1；物品 ID 3230「毒耐性の秘石」×2","金币：3000；材料：物品 ID 92「空的大秘石」×1；物品 ID 3230「中毒耐性的秘石」×2","毒无效的大秘石"
"3232","暗闇耐性の秘石","物品","1619","金币：1000；材料：物品 ID 91「空の秘石」×1；物品 ID 14「目薬」×3","金币：1000；材料：物品 ID 91「空秘石」×1；物品 ID 14「眼药水」×3","黑暗耐性的秘石"
"3233","暗闇無効の大秘石","物品","1778","金币：3000；材料：物品 ID 92「空の大秘石」×1；物品 ID 3232「暗闇耐性の秘石」×2","金币：3000；材料：物品 ID 92「空的大秘石」×1；物品 ID 3232「黑暗耐性的秘石」×2","黑暗无效的大秘石"
"3234","沈黙耐性の秘石","物品","1620","金币：1000；材料：物品 ID 91「空の秘石」×1；物品 ID 15「山彦草」×3","金币：1000；材料：物品 ID 91「空秘石」×1；物品 ID 15「山彦草」×3","沉默耐性的秘石"
"3235","沈黙無効の大秘石","物品","1779","金币：3000；材料：物品 ID 92「空の大秘石」×1；物品 ID 3234「沈黙耐性の秘石」×2","金币：3000；材料：物品 ID 92「空的大秘石」×1；物品 ID 3234「沉默耐性的秘石」×2","沉默无效的大秘石"
"3236","混乱耐性の秘石","物品","1621","金币：1000；材料：物品 ID 91「空の秘石」×1；物品 ID 16「気付け薬」×3","金币：1000；材料：物品 ID 91「空秘石」×1；物品 ID 16「提神药」×3","混乱耐性的秘石"
"3237","混乱無効の大秘石","物品","1780","金币：3000；材料：物品 ID 92「空の大秘石」×1；物品 ID 3236「混乱耐性の秘石」×2","金币：3000；材料：物品 ID 92「空的大秘石」×1；物品 ID 3236「混乱耐性的秘石」×2","混乱无效的大秘石"
"3238","睡眠耐性の秘石","物品","1622","金币：1000；材料：物品 ID 91「空の秘石」×1；物品 ID 16「気付け薬」×3","金币：1000；材料：物品 ID 91「空秘石」×1；物品 ID 16「提神药」×3","睡眠耐性的秘石"
"3239","睡眠無効の大秘石","物品","1781","金币：3000；材料：物品 ID 92「空の大秘石」×1；物品 ID 3238「睡眠耐性の秘石」×2","金币：3000；材料：物品 ID 92「空的大秘石」×1；物品 ID 3238「睡眠耐性的秘石」×2","睡眠无效的大秘石"
"3240","麻痺耐性の秘石","物品","1623","金币：1000；材料：物品 ID 91「空の秘石」×1；物品 ID 17「満月草」×3","金币：1000；材料：物品 ID 91「空秘石」×1；物品 ID 17「满月草」×3","麻痹耐性的秘石"
"3241","麻痺無効の大秘石","物品","1782","金币：3000；材料：物品 ID 92「空の大秘石」×1；物品 ID 3240「麻痺耐性の秘石」×2","金币：3000；材料：物品 ID 92「空的大秘石」×1；物品 ID 3240「麻痹耐性的秘石」×2","麻痹无效的大秘石"
"3242","バーン耐性の秘石","物品","1624","金币：1000；材料：物品 ID 91「空の秘石」×1；物品 ID 22「万能薬」×3","金币：1000；材料：物品 ID 91「空秘石」×1；物品 ID 22「万能药」×3","燃烧耐性的秘石"
"3243","バーン無効の大秘石","物品","1783","金币：3000；材料：物品 ID 92「空の大秘石」×1；物品 ID 3242「バーン耐性の秘石」×2","金币：3000；材料：物品 ID 92「空的大秘石」×1；物品 ID 3242「燃烧耐性的秘石」×2","燃烧无效的大秘石"
"3244","フリーズ耐性の秘石","物品","1625","金币：1000；材料：物品 ID 91「空の秘石」×1；物品 ID 22「万能薬」×3","金币：1000；材料：物品 ID 91「空秘石」×1；物品 ID 22「万能药」×3","冻结耐性的秘石"
"3245","フリーズ無効の大秘石","物品","1784","金币：3000；材料：物品 ID 92「空の大秘石」×1；物品 ID 3244「フリーズ耐性の秘石」×2","金币：3000；材料：物品 ID 92「空的大秘石」×1；物品 ID 3244「冻结耐性的秘石」×2","冻结无效的大秘石"
"3246","ショック耐性の秘石","物品","1626","金币：1000；材料：物品 ID 91「空の秘石」×1；物品 ID 22「万能薬」×3","金币：1000；材料：物品 ID 91「空秘石」×1；物品 ID 22「万能药」×3","电击耐性的秘石"
"3247","ショック無効の大秘石","物品","1785","金币：3000；材料：物品 ID 92「空の大秘石」×1；物品 ID 3246「ショック耐性の秘石」×2","金币：3000；材料：物品 ID 92「空的大秘石」×1；物品 ID 3246「电击耐性的秘石」×2","电击无效的大秘石"
"3248","スロウ耐性の秘石","物品","1627","金币：1000；材料：物品 ID 91「空の秘石」×1；物品 ID 4「霊薬」×3","金币：1000；材料：物品 ID 91「空秘石」×1；物品 ID 4「灵药」×3","减速耐性的秘石"
"3249","スロウ無効の大秘石","物品","1786","金币：3000；材料：物品 ID 92「空の大秘石」×1；物品 ID 3248「スロウ耐性の秘石」×2","金币：3000；材料：物品 ID 92「空的大秘石」×1；物品 ID 3248「减速耐性的秘石」×2","减速无效的大秘石"
"3250","ストップ耐性の秘石","物品","1628","金币：1000；材料：物品 ID 91「空の秘石」×1；物品 ID 4「霊薬」×3","金币：1000；材料：物品 ID 91「空秘石」×1；物品 ID 4「灵药」×3","停止耐性的秘石"
"3251","ストップ無効の大秘石","物品","1787","金币：3000；材料：物品 ID 92「空の大秘石」×1；物品 ID 3250「ストップ耐性の秘石」×2","金币：3000；材料：物品 ID 92「空的大秘石」×1；物品 ID 3250「停止耐性的秘石」×2","停止无效的大秘石"
"3252","ミニマム耐性の秘石","物品","1629","金币：1000；材料：物品 ID 91「空の秘石」×1；物品 ID 18「打出の小槌」×3","金币：1000；材料：物品 ID 91「空秘石」×1；物品 ID 18「打出的小槌」×3","缩小耐性的秘石"
"3253","ミニマム無効の大秘石","物品","1788","金币：3000；材料：物品 ID 92「空の大秘石」×1；物品 ID 3252「ミニマム耐性の秘石」×2","金币：3000；材料：物品 ID 92「空的大秘石」×1；物品 ID 3252「缩小耐性的秘石」×2","缩小无效的大秘石"
"3254","ゾンビ耐性の秘石","物品","1630","金币：1000；材料：物品 ID 91「空の秘石」×1；物品 ID 19「聖水」×3","金币：1000；材料：物品 ID 91「空秘石」×1；物品 ID 19「圣水」×3","僵尸耐性的秘石"
"3255","ゾンビ無効の大秘石","物品","1789","金币：3000；材料：物品 ID 92「空の大秘石」×1；物品 ID 3254「ゾンビ耐性の秘石」×2","金币：3000；材料：物品 ID 92「空的大秘石」×1；物品 ID 3254「僵尸耐性的秘石」×2","僵尸无效的大秘石"
"3256","石化耐性の秘石","物品","1631","金币：1000；材料：物品 ID 91「空の秘石」×1；物品 ID 20「金の針」×3","金币：1000；材料：物品 ID 91「空秘石」×1；物品 ID 20「金针」×3","石化耐性的秘石"
"3257","石化無効の大秘石","物品","1790","金币：3000；材料：物品 ID 92「空の大秘石」×1；物品 ID 3256「石化耐性の秘石」×2","金币：3000；材料：物品 ID 92「空的大秘石」×1；物品 ID 3256「石化耐性的秘石」×2","石化无效的大秘石"
"3258","消化耐性の秘石","物品","1632","金币：1000；材料：物品 ID 91「空の秘石」×1；物品 ID 22「万能薬」×3","金币：1000；材料：物品 ID 91「空秘石」×1；物品 ID 22「万能药」×3","消化耐性的秘石"
"3259","消化無効の大秘石","物品","1791","金币：3000；材料：物品 ID 92「空の大秘石」×1；物品 ID 3258「消化耐性の秘石」×2","金币：3000；材料：物品 ID 92「空的大秘石」×1；物品 ID 3258「消化耐性的秘石」×2","消化无效的大秘石"
"3260","スタン耐性の秘石","物品","1633","金币：1000；材料：物品 ID 91「空の秘石」×1；物品 ID 8「バーストドリンク」×2","金币：1000；材料：物品 ID 91「空秘石」×1；物品 ID 8「爆发饮料」×2","眩晕耐性的秘石"
"3261","スタン無効の大秘石","物品","1792","金币：3000；材料：物品 ID 92「空の大秘石」×1；物品 ID 3260「スタン耐性の秘石」×2","金币：3000；材料：物品 ID 92「空的大秘石」×1；物品 ID 3260「眩晕耐性的秘石」×2","眩晕无效的大秘石"
"3262","ヌルヌル耐性の秘石","物品","1634","金币：1000；材料：物品 ID 91「空の秘石」×1；物品 ID 21「脱淫薬」×3","金币：1000；材料：物品 ID 91「空秘石」×1；物品 ID 21「脱淫药」×3","黏滑耐性的秘石"
"3263","ヌルヌル無効の大秘石","物品","1793","金币：3000；材料：物品 ID 92「空の大秘石」×1；物品 ID 3262「ヌルヌル耐性の秘石」×2","金币：3000；材料：物品 ID 92「空的大秘石」×1；物品 ID 3262「黏滑耐性的秘石」×2","黏滑无效的大秘石"
"3264","敏感耐性の秘石","物品","1635","金币：1000；材料：物品 ID 91「空の秘石」×1；物品 ID 21「脱淫薬」×3","金币：1000；材料：物品 ID 91「空秘石」×1；物品 ID 21「脱淫药」×3","敏感耐性的秘石"
"3265","敏感無効の大秘石","物品","1794","金币：3000；材料：物品 ID 92「空の大秘石」×1；物品 ID 3264「敏感耐性の秘石」×2","金币：3000；材料：物品 ID 92「空的大秘石」×1；物品 ID 3264「敏感耐性的秘石」×2","敏感无效的大秘石"
"3266","恍惚耐性の秘石","物品","1636","金币：1000；材料：物品 ID 91「空の秘石」×1；物品 ID 21「脱淫薬」×3","金币：1000；材料：物品 ID 91「空秘石」×1；物品 ID 21「脱淫药」×3","恍惚耐性的秘石"
"3267","恍惚無効の大秘石","物品","1795","金币：3000；材料：物品 ID 92「空の大秘石」×1；物品 ID 3266「恍惚耐性の秘石」×2","金币：3000；材料：物品 ID 92「空的大秘石」×1；物品 ID 3266「恍惚耐性的秘石」×2","恍惚无效的大秘石"
"3268","誘惑耐性の秘石","物品","1637","金币：1000；材料：物品 ID 91「空の秘石」×1；物品 ID 21「脱淫薬」×3","金币：1000；材料：物品 ID 91「空秘石」×1；物品 ID 21「脱淫药」×3","诱惑耐性的秘石"
"3269","誘惑無効の大秘石","物品","1796","金币：3000；材料：物品 ID 92「空の大秘石」×1；物品 ID 3268「誘惑耐性の秘石」×2","金币：3000；材料：物品 ID 92「空的大秘石」×1；物品 ID 3268「诱惑耐性的秘石」×2","诱惑无效的大秘石"
"3270","失禁耐性の秘石","物品","1638","金币：1000；材料：物品 ID 91「空の秘石」×1；物品 ID 21「脱淫薬」×3","金币：1000；材料：物品 ID 91「空秘石」×1；物品 ID 21「脱淫药」×3","失禁耐性的秘石"
"3271","失禁無効の大秘石","物品","1797","金币：3000；材料：物品 ID 92「空の大秘石」×1；物品 ID 3270「失禁耐性の秘石」×2","金币：3000；材料：物品 ID 92「空的大秘石」×1；物品 ID 3270「失禁耐性的秘石」×2","失禁无效的大秘石"
"3423","森強化の絶秘石","物品","3317","金币：30000；材料：物品 ID 94「空の絶秘石」×1；物品 ID 3422「森強化の大秘石」×2","金币：30000；材料：物品 ID 94「空的绝秘石」×1；物品 ID 3422「森林强化的大秘石」×2","森林强化的绝秘石"
"3427","砂漠強化の絶秘石","物品","3318","金币：30000；材料：物品 ID 94「空の絶秘石」×1；物品 ID 3426「砂漠強化の大秘石」×2","金币：30000；材料：物品 ID 94「空的绝秘石」×1；物品 ID 3426「沙漠强化的大秘石」×2","沙漠强化的绝秘石"
"3429","海強化の絶秘石","物品","3319","金币：30000；材料：物品 ID 94「空の絶秘石」×1；物品 ID 3428「海強化の大秘石」×2","金币：30000；材料：物品 ID 94「空的绝秘石」×1；物品 ID 3428「海强化的大秘石」×2","海强化的绝秘石"
"3431","深海強化の絶秘石","物品","3320","金币：30000；材料：物品 ID 94「空の絶秘石」×1；物品 ID 3430「深海強化の大秘石」×2","金币：30000；材料：物品 ID 94「空的绝秘石」×1；物品 ID 3430「深海强化的大秘石」×2","深海强化的绝秘石"
"3433","洞窟強化の絶秘石","物品","3321","金币：30000；材料：物品 ID 94「空の絶秘石」×1；物品 ID 3432「洞窟強化の大秘石」×2","金币：30000；材料：物品 ID 94「空的绝秘石」×1；物品 ID 3432「洞窟强化的大秘石」×2","洞窟强化的绝秘石"
"3437","市街強化の絶秘石","物品","3322","金币：30000；材料：物品 ID 94「空の絶秘石」×1；物品 ID 3436「市街強化の大秘石」×2","金币：30000；材料：物品 ID 94「空的绝秘石」×1；物品 ID 3436「市区强化的大秘石」×2","市区强化的绝秘石"
"3444","魔技の秘石","物品","1735","金币：1000；材料：物品 ID 91「空の秘石」×1；物品 ID 243「禍々しい結晶」×1","金币：1000；材料：物品 ID 91「空秘石」×1；物品 ID 243「不祥的结晶」×1","魔技的秘石"
"3445","魔技の大秘石","物品","1843","金币：3000；材料：物品 ID 92「空の大秘石」×1；物品 ID 3444「魔技の秘石」×2","金币：3000；材料：物品 ID 92「空的大秘石」×1；物品 ID 3444「魔技的秘石」×2","魔技的大秘石"
"3446","魔技の絶秘石","物品","3210","金币：30000；材料：物品 ID 94「空の絶秘石」×1；物品 ID 3445「魔技の大秘石」×2","金币：30000；材料：物品 ID 94「空的绝秘石」×1；物品 ID 3445「魔技的大秘石」×2","魔技的绝秘石"
"3449","海技の秘石","物品","1736","金币：1000；材料：物品 ID 91「空の秘石」×1；物品 ID 204「人魚の鱗」×1","金币：1000；材料：物品 ID 91「空秘石」×1；物品 ID 204「人鱼的鳞片」×1","海技的秘石"
"3450","海技の大秘石","物品","1844","金币：3000；材料：物品 ID 92「空の大秘石」×1；物品 ID 3449「海技の秘石」×2","金币：3000；材料：物品 ID 92「空的大秘石」×1；物品 ID 3449「海技的秘石」×2","海技的大秘石"
"3451","海技の絶秘石","物品","3211","金币：30000；材料：物品 ID 94「空の絶秘石」×1；物品 ID 3450「海技の大秘石」×2","金币：30000；材料：物品 ID 94「空的绝秘石」×1；物品 ID 3450「海技的大秘石」×2","海技的绝秘石"
"3454","粘液技の秘石","物品","1737","金币：1000；材料：物品 ID 91「空の秘石」×1；物品 ID 218「ぐにゅぐにゅゼリー」×1","金币：1000；材料：物品 ID 91「空秘石」×1；物品 ID 218「咕啾咕啾的果冻」×1","粘液技的秘石"
"3455","粘液技の大秘石","物品","1845","金币：3000；材料：物品 ID 92「空の大秘石」×1；物品 ID 3454「粘液技の秘石」×2","金币：3000；材料：物品 ID 92「空的大秘石」×1；物品 ID 3454「粘液技的秘石」×2","粘液技的大秘石"
"3456","粘液技の絶秘石","物品","3212","金币：30000；材料：物品 ID 94「空の絶秘石」×1；物品 ID 3455「粘液技の大秘石」×2","金币：30000；材料：物品 ID 94「空的绝秘石」×1；物品 ID 3455「粘液技的大秘石」×2","粘液技的绝秘石"
"3459","獣技の秘石","物品","1738","金币：1000；材料：物品 ID 91「空の秘石」×1；物品 ID 244「覇獣の爪」×1","金币：1000；材料：物品 ID 91「空秘石」×1；物品 ID 244「霸兽的爪子」×1","兽技的秘石"
"3460","獣技の大秘石","物品","1846","金币：3000；材料：物品 ID 92「空の大秘石」×1；物品 ID 3459「獣技の秘石」×2","金币：3000；材料：物品 ID 92「空的大秘石」×1；物品 ID 3459「兽技的秘石」×2","兽技的大秘石"
"3461","獣技の絶秘石","物品","3213","金币：30000；材料：物品 ID 94「空の絶秘石」×1；物品 ID 3460「獣技の大秘石」×2","金币：30000；材料：物品 ID 94「空的绝秘石」×1；物品 ID 3460「兽技的大秘石」×2","兽技的绝秘石"
"3464","蛇技の秘石","物品","1739","金币：1000；材料：物品 ID 91「空の秘石」×1；物品 ID 245「覇蛇の蛇尾」×1","金币：1000；材料：物品 ID 91「空秘石」×1；物品 ID 245「霸蛇的蛇尾」×1","蛇技的秘石"
"3465","蛇技の大秘石","物品","1847","金币：3000；材料：物品 ID 92「空の大秘石」×1；物品 ID 3464「蛇技の秘石」×2","金币：3000；材料：物品 ID 92「空的大秘石」×1；物品 ID 3464「蛇技的秘石」×2","蛇技的大秘石"
"3466","蛇技の絶秘石","物品","3214","金币：30000；材料：物品 ID 94「空の絶秘石」×1；物品 ID 3465「蛇技の大秘石」×2","金币：30000；材料：物品 ID 94「空的绝秘石」×1；物品 ID 3465「蛇技的大秘石」×2","蛇技的绝秘石"
"3469","触手技の秘石","物品","1740","金币：1000；材料：物品 ID 91「空の秘石」×1；物品 ID 255「昂ぶる触手」×1","金币：1000；材料：物品 ID 91「空秘石」×1；物品 ID 255「昂扬的触手」×1","触手技的秘石"
"3470","触手技の大秘石","物品","1848","金币：3000；材料：物品 ID 92「空の大秘石」×1；物品 ID 3469「触手技の秘石」×2","金币：3000；材料：物品 ID 92「空的大秘石」×1；物品 ID 3469「触手技的秘石」×2","触手技的大秘石"
"3471","触手技の絶秘石","物品","3215","金币：30000；材料：物品 ID 94「空の絶秘石」×1；物品 ID 3470「触手技の大秘石」×2","金币：30000；材料：物品 ID 94「空的绝秘石」×1；物品 ID 3470「触手技的大秘石」×2","触手技的绝秘石"
"3474","翼技の秘石","物品","1741","金币：1000；材料：物品 ID 91「空の秘石」×1；物品 ID 227「輝く羽根」×1","金币：1000；材料：物品 ID 91「空秘石」×1；物品 ID 227「闪耀的羽毛」×1","翼技的秘石"
"3475","翼技の大秘石","物品","1849","金币：3000；材料：物品 ID 92「空の大秘石」×1；物品 ID 3474「翼技の秘石」×2","金币：3000；材料：物品 ID 92「空的大秘石」×1；物品 ID 3474「翼技的秘石」×2","翼技的大秘石"
"3476","翼技の絶秘石","物品","3216","金币：30000；材料：物品 ID 94「空の絶秘石」×1；物品 ID 3475「翼技の大秘石」×2","金币：30000；材料：物品 ID 94「空的绝秘石」×1；物品 ID 3475「翼技的大秘石」×2","翼技的绝秘石"
"3479","虫技の秘石","物品","1742","金币：1000；材料：物品 ID 91「空の秘石」×1；物品 ID 261「神蟲の鱗粉」×1","金币：1000；材料：物品 ID 91「空秘石」×1；物品 ID 261「神虫鳞粉」×1","虫技的秘石"
"3480","虫技の大秘石","物品","1850","金币：3000；材料：物品 ID 92「空の大秘石」×1；物品 ID 3479「虫技の秘石」×2","金币：3000；材料：物品 ID 92「空的大秘石」×1；物品 ID 3479「虫技的秘石」×2","虫技的大秘石"
"3481","虫技の絶秘石","物品","3217","金币：30000；材料：物品 ID 94「空の絶秘石」×1；物品 ID 3480「虫技の大秘石」×2","金币：30000；材料：物品 ID 94「空的绝秘石」×1；物品 ID 3480「虫技的大秘石」×2","虫技的绝秘石"
"3484","植物技の秘石","物品","1743","金币：1000；材料：物品 ID 91「空の秘石」×1；物品 ID 257「偉大なる花びら」×1","金币：1000；材料：物品 ID 91「空秘石」×1；物品 ID 257「伟大的花瓣」×1","植物技的秘石"
"3485","植物技の大秘石","物品","1851","金币：3000；材料：物品 ID 92「空の大秘石」×1；物品 ID 3484「植物技の秘石」×2","金币：3000；材料：物品 ID 92「空的大秘石」×1；物品 ID 3484「植物技的秘石」×2","植物技的大秘石"
"3486","植物技の絶秘石","物品","3218","金币：30000；材料：物品 ID 94「空の絶秘石」×1；物品 ID 3485「植物技の大秘石」×2","金币：30000；材料：物品 ID 94「空的绝秘石」×1；物品 ID 3485「植物技的大秘石」×2","植物技的绝秘石"
"3489","屍技の秘石","物品","1744","金币：1000；材料：物品 ID 91「空の秘石」×1；物品 ID 221「ネクロパウダー」×1","金币：1000；材料：物品 ID 91「空秘石」×1；物品 ID 221「死灵粉末」×1","尸技的秘石"
"3490","屍技の大秘石","物品","1852","金币：3000；材料：物品 ID 92「空の大秘石」×1；物品 ID 3489「屍技の秘石」×2","金币：3000；材料：物品 ID 92「空的大秘石」×1；物品 ID 3489「尸技的秘石」×2","尸技的大秘石"
"3491","屍技の絶秘石","物品","3219","金币：30000；材料：物品 ID 94「空の絶秘石」×1；物品 ID 3490「屍技の大秘石」×2","金币：30000；材料：物品 ID 94「空的绝秘石」×1；物品 ID 3490「尸技的大秘石」×2","尸技的绝秘石"
"3494","造技の秘石","物品","1745","金币：1000；材料：物品 ID 91「空の秘石」×1；物品 ID 233「傀儡歯車」×1","金币：1000；材料：物品 ID 91「空秘石」×1；物品 ID 233「傀儡齿轮」×1","造技的秘石"
"3495","造技の大秘石","物品","1853","金币：3000；材料：物品 ID 92「空の大秘石」×1；物品 ID 3494「造技の秘石」×2","金币：3000；材料：物品 ID 92「空的大秘石」×1；物品 ID 3494「造技的秘石」×2","造技的大秘石"
"3496","造技の絶秘石","物品","3220","金币：30000；材料：物品 ID 94「空の絶秘石」×1；物品 ID 3495「造技の大秘石」×2","金币：30000；材料：物品 ID 94「空的绝秘石」×1；物品 ID 3495「造技的大秘石」×2","造技的绝秘石"
"3499","自然感応の秘石","物品","1746","金币：1000；材料：物品 ID 91「空の秘石」×1；物品 ID 229「精霊のどんぐり」×1","金币：1000；材料：物品 ID 91「空秘石」×1；物品 ID 229「精灵的橡果」×1","自然感应的秘石"
"3500","自然感応の大秘石","物品","1854","金币：3000；材料：物品 ID 92「空の大秘石」×1；物品 ID 3499「自然感応の秘石」×2","金币：3000；材料：物品 ID 92「空的大秘石」×1；物品 ID 3499「自然感应的秘石」×2","自然感应的大秘石"
"3501","自然感応の絶秘石","物品","3221","金币：30000；材料：物品 ID 94「空の絶秘石」×1；物品 ID 3500「自然感応の大秘石」×2","金币：30000；材料：物品 ID 94「空的绝秘石」×1；物品 ID 3500「自然感应的大秘石」×2","自然感应的绝秘石"
"3504","ブレスの秘石","物品","1747","金币：1000；材料：物品 ID 91「空の秘石」×1；物品 ID 247「覇竜の牙」×1","金币：1000；材料：物品 ID 91「空秘石」×1；物品 ID 247「霸龙的牙齿」×1","吐息的秘石"
"3505","ブレスの大秘石","物品","1855","金币：3000；材料：物品 ID 92「空の大秘石」×1；物品 ID 3504「ブレスの秘石」×2","金币：3000；材料：物品 ID 92「空的大秘石」×1；物品 ID 3504「吐息的秘石」×2","吐息的大秘石"
"3506","ブレスの絶秘石","物品","3222","金币：30000；材料：物品 ID 94「空の絶秘石」×1；物品 ID 3505「ブレスの大秘石」×2","金币：30000；材料：物品 ID 94「空的绝秘石」×1；物品 ID 3505「吐息的大秘石」×2","吐息的绝秘石"
"3509","特技の秘石","物品","1748","金币：1000；材料：物品 ID 91「空の秘石」×1；物品 ID 8「バーストドリンク」×1","金币：1000；材料：物品 ID 91「空秘石」×1；物品 ID 8「爆发饮料」×1","特技的秘石"
"3510","特技の大秘石","物品","1856","金币：3000；材料：物品 ID 92「空の大秘石」×1；物品 ID 3509「特技の秘石」×2","金币：3000；材料：物品 ID 92「空的大秘石」×1；物品 ID 3509「特技的秘石」×2","特技的大秘石"
"3511","特技の絶秘石","物品","3225","金币：30000；材料：物品 ID 94「空の絶秘石」×1；物品 ID 3510「特技の大秘石」×2","金币：30000；材料：物品 ID 94「空的绝秘石」×1；物品 ID 3510「特技的大秘石」×2","特技的绝秘石"
"3514","装備武器の秘石","物品","1749","金币：1000；材料：物品 ID 91「空の秘石」×1；武器 ID 539「流星のロッド」×1","金币：1000；材料：物品 ID 91「空秘石」×1；武器 ID 539「流星制法杖」×1","装备武器的秘石"
"3515","装備武器の大秘石","物品","1857","金币：3000；材料：物品 ID 92「空の大秘石」×1；物品 ID 3514「装備武器の秘石」×2","金币：3000；材料：物品 ID 92「空的大秘石」×1；物品 ID 3514「装备武器的秘石」×2","装备武器的大秘石"
"3516","装備武器の絶秘石","物品","3226","金币：30000；材料：物品 ID 94「空の絶秘石」×1；物品 ID 3515「装備武器の大秘石」×2","金币：30000；材料：物品 ID 94「空的绝秘石」×1；物品 ID 3515「装备武器的大秘石」×2","装备武器的绝秘石"
"3519","魔技使用可能の超秘石","物品","3114","金币：10000；材料：物品 ID 93「空の超秘石」×1；防具 ID 1671「妖魔の悟り・魔技編」×1","金币：10000；材料：物品 ID 93「空的超秘石」×1；防具 ID 1671「妖魔的领悟・魔技篇」×1","可以使用魔技的超秘石"
"3520","海技使用可能の超秘石","物品","3115","金币：10000；材料：物品 ID 93「空の超秘石」×1；防具 ID 1672「人魚の悟り」×1","金币：10000；材料：物品 ID 93「空的超秘石」×1；防具 ID 1672「人鱼的领悟」×1","可以使用海技的超秘石"
"3521","粘液技使用可能の超秘石","物品","3116","金币：10000；材料：物品 ID 93「空の超秘石」×1；防具 ID 1673「スライムの悟り」×1","金币：10000；材料：物品 ID 93「空的超秘石」×1；防具 ID 1673「史莱姆的领悟」×1","可以使用粘液技的超秘石"
"3522","獣技使用可能の超秘石","物品","3117","金币：10000；材料：物品 ID 93「空の超秘石」×1；防具 ID 1674「獣の悟り」×1","金币：10000；材料：物品 ID 93「空的超秘石」×1；防具 ID 1674「兽的领悟」×1","可以使用兽技的超秘石"
"3523","蛇技使用可能の超秘石","物品","3118","金币：10000；材料：物品 ID 93「空の超秘石」×1；防具 ID 1675「ラミアの悟り」×1","金币：10000；材料：物品 ID 93「空的超秘石」×1；防具 ID 1675「拉米亚的领悟」×1","可以使用蛇技的超秘石"
"3524","触手技使用可能の超秘石","物品","3119","金币：10000；材料：物品 ID 93「空の超秘石」×1；防具 ID 1676「スキュラの悟り」×1","金币：10000；材料：物品 ID 93「空的超秘石」×1；防具 ID 1676「斯库拉的领悟」×1","可以使用触手技的超秘石"
"3525","翼技使用可能の超秘石","物品","3120","金币：10000；材料：物品 ID 93「空の超秘石」×1；防具 ID 1677「ハーピーの悟り」×1","金币：10000；材料：物品 ID 93「空的超秘石」×1；防具 ID 1677「哈比的领悟」×1","可以使用翼技的超秘石"
"3526","虫技使用可能の超秘石","物品","3121","金币：10000；材料：物品 ID 93「空の超秘石」×1；防具 ID 1678「妖虫の悟り」×1","金币：10000；材料：物品 ID 93「空的超秘石」×1；防具 ID 1678「妖虫的领悟」×1","可以使用虫技的超秘石"
"3527","植物技使用可能の超秘石","物品","3122","金币：10000；材料：物品 ID 93「空の超秘石」×1；防具 ID 1679「アルラウネの悟り」×1","金币：10000；材料：物品 ID 93「空的超秘石」×1；防具 ID 1679「阿娜温的领悟」×1","可以使用植物技的超秘石"
"3528","屍技使用可能の超秘石","物品","3123","金币：10000；材料：物品 ID 93「空の超秘石」×1；防具 ID 1680「アンデッドの悟り」×1","金币：10000；材料：物品 ID 93「空的超秘石」×1；防具 ID 1680「不死族的领悟」×1","可以使用尸技的超秘石"
"3529","造技使用可能の超秘石","物品","3124","金币：10000；材料：物品 ID 93「空の超秘石」×1；防具 ID 1681「被造者の悟り」×1","金币：10000；材料：物品 ID 93「空的超秘石」×1；防具 ID 1681「被造者的领悟」×1","可以使用造技的超秘石"
"3530","自然感応使用可能の超秘石","物品","3125","金币：10000；材料：物品 ID 93「空の超秘石」×1；防具 ID 1682「フェアリーの悟り」×1","金币：10000；材料：物品 ID 93「空的超秘石」×1；防具 ID 1682「妖精的领悟」×1","可以使用自然感应的超秘石"
"3531","ブレス使用可能の超秘石","物品","3360","金币：10000；材料：物品 ID 93「空の超秘石」×1；防具 ID 1683「ドラゴンの悟り」×1","金币：10000；材料：物品 ID 93「空的超秘石」×1；防具 ID 1683「龙的领悟」×1","可以使用吐息的超秘石"
"3568","妖術の秘石","物品","1905","金币：1000；材料：物品 ID 91「空の秘石」×1；武器 ID 467「蒼魔の鎌」×1","金币：1000；材料：物品 ID 91「空秘石」×1；武器 ID 467「苍魔镰」×1","妖术的秘石"
"3569","妖術の大秘石","物品","1906","金币：3000；材料：物品 ID 92「空の大秘石」×1；物品 ID 3568「妖術の秘石」×2","金币：3000；材料：物品 ID 92「空的大秘石」×1；物品 ID 3568「妖术的秘石」×2","妖术的大秘石"
"3570","妖術の絶秘石","物品","3224","金币：30000；材料：物品 ID 94「空の絶秘石」×1；物品 ID 3569「妖術の大秘石」×2","金币：30000；材料：物品 ID 94「空的绝秘石」×1；物品 ID 3569「妖术的大秘石」×2","妖术的绝秘石"
"3575","巨技の絶秘石","物品","3223","金币：30000；材料：物品 ID 94「空の絶秘石」×1；物品 ID 3574「巨技の大秘石」×2","金币：30000；材料：物品 ID 94「空的绝秘石」×1；物品 ID 3574「巨技的大秘石」×2","巨技的绝秘石"
"3578","妖術使用可能の超秘石","物品","3127","金币：10000；材料：物品 ID 93「空の超秘石」×1；防具 ID 5216「妖術師の悟り」×1","金币：10000；材料：物品 ID 93「空的超秘石」×1；防具 ID 5216「妖术师的领悟」×1","可以使用妖术的超秘石"
"3579","巨技使用可能の超秘石","物品","3126","金币：10000；材料：物品 ID 93「空の超秘石」×1；防具 ID 5217「巨人の悟り」×1","金币：10000；材料：物品 ID 93「空的超秘石」×1；防具 ID 5217「巨人的领悟」×1","可以使用巨技的超秘石"
"3604","物理に親しむ者の超秘石","物品","3063","金币：30000；材料：物品 ID 93「空の超秘石」×1；物品 ID 3603「物理に親しむ者の秘石」×2","金币：30000；材料：物品 ID 93「空的超秘石」×1；物品 ID 3603「物理亲和者的秘石」×2","物理亲和者的超秘石"
"3609","快楽に親しむ者の超秘石","物品","3064","金币：30000；材料：物品 ID 93「空の超秘石」×1；物品 ID 3608「快楽に親しむ者の秘石」×2","金币：30000；材料：物品 ID 93「空的超秘石」×1；物品 ID 3608「快乐亲和者的秘石」×2","快乐亲和者的超秘石"
"3614","炎に親しむ者の超秘石","物品","3065","金币：15000；材料：物品 ID 93「空の超秘石」×1；物品 ID 3613「炎に親しむ者の秘石」×2","金币：15000；材料：物品 ID 93「空的超秘石」×1；物品 ID 3613「炎之亲和者的秘石」×2","炎之亲和者的超秘石"
"3619","氷に親しむ者の超秘石","物品","3066","金币：15000；材料：物品 ID 93「空の超秘石」×1；物品 ID 3618「氷に親しむ者の秘石」×2","金币：15000；材料：物品 ID 93「空的超秘石」×1；物品 ID 3618「冰之亲和者的秘石」×2","冰之亲和者的超秘石"
"3624","雷に親しむ者の超秘石","物品","3067","金币：15000；材料：物品 ID 93「空の超秘石」×1；物品 ID 3623「雷に親しむ者の秘石」×2","金币：15000；材料：物品 ID 93「空的超秘石」×1；物品 ID 3623「雷之亲和者的秘石」×2","雷之亲和者的超秘石"
"3629","風に親しむ者の超秘石","物品","3068","金币：15000；材料：物品 ID 93「空の超秘石」×1；物品 ID 3628「風に親しむ者の秘石」×2","金币：15000；材料：物品 ID 93「空的超秘石」×1；物品 ID 3628「风之亲和者的秘石」×2","风之亲和者的超秘石"
"3634","土に親しむ者の超秘石","物品","3069","金币：15000；材料：物品 ID 93「空の超秘石」×1；物品 ID 3633「土に親しむ者の秘石」×2","金币：15000；材料：物品 ID 93「空的超秘石」×1；物品 ID 3633「土之亲和者的秘石」×2","土之亲和者的超秘石"
"3639","水に親しむ者の超秘石","物品","3070","金币：15000；材料：物品 ID 93「空の超秘石」×1；物品 ID 3638「水に親しむ者の秘石」×2","金币：15000；材料：物品 ID 93「空的超秘石」×1；物品 ID 3638「水之亲和者的秘石」×2","水之亲和者的超秘石"
"3644","光に親しむ者の超秘石","物品","3071","金币：15000；材料：物品 ID 93「空の超秘石」×1；物品 ID 3643「光に親しむ者の秘石」×2","金币：15000；材料：物品 ID 93「空的超秘石」×1；物品 ID 3643「光之亲和者的秘石」×2","光之亲和者的超秘石"
"3649","闇に親しむ者の超秘石","物品","3072","金币：15000；材料：物品 ID 93「空の超秘石」×1；物品 ID 3648「闇に親しむ者の秘石」×2","金币：15000；材料：物品 ID 93「空的超秘石」×1；物品 ID 3648「暗之亲和者的秘石」×2","暗之亲和者的超秘石"
"3654","音波に親しむ者の超秘石","物品","3073","金币：15000；材料：物品 ID 93「空の超秘石」×1；物品 ID 3653「音波に親しむ者の秘石」×2","金币：15000；材料：物品 ID 93「空的超秘石」×1；物品 ID 3653「音波亲和者的秘石」×2","音波亲和者的超秘石"
"3659","バイオに親しむ者の超秘石","物品","3074","金币：15000；材料：物品 ID 93「空の超秘石」×1；物品 ID 3658「バイオに親しむ者の秘石」×2","金币：15000；材料：物品 ID 93「空的超秘石」×1；物品 ID 3658「生化亲和者的秘石」×2","生化亲和者的超秘石"
"3664","癒しに親しむ者の超秘石","物品","3075","金币：15000；材料：物品 ID 93「空の超秘石」×1；物品 ID 3663「癒しに親しむ者の秘石」×2","金币：15000；材料：物品 ID 93「空的超秘石」×1；物品 ID 3663「治愈亲和者的秘石」×2","治愈亲和者的超秘石"
"3668","銀河に親しむ者の大秘石","物品","3001","金币：6000；材料：物品 ID 92「空の大秘石」×1；物品 ID 4187「銀河強化の大秘石」×2；物品 ID 4264「銀河耐性の大秘石」×2","金币：6000；材料：物品 ID 92「空的大秘石」×1；物品 ID 4187「银河强化的大秘石」×2；物品 ID 4264「银河耐性的大秘石」×2","银河亲和者的大秘石"
"3669","銀河に親しむ者の絶秘石","物品","3343","金币：60000；材料：物品 ID 94「空の絶秘石」×1；物品 ID 3668「銀河に親しむ者の大秘石」×2","金币：60000；材料：物品 ID 94「空的绝秘石」×1；物品 ID 3668「银河亲和者的大秘石」×2","银河亲和者的绝秘石"
"3673","修羅に親しむ者の大秘石","物品","3002","金币：6000；材料：物品 ID 92「空の大秘石」×1；物品 ID 4192「修羅強化の大秘石」×2；物品 ID 4270「修羅耐性の大秘石」×2","金币：6000；材料：物品 ID 92「空的大秘石」×1；物品 ID 4192「修罗强化的大秘石」×2；物品 ID 4270「修罗耐性的大秘石」×2","修罗亲和者的大秘石"
"3674","修羅に親しむ者の絶秘石","物品","3344","金币：60000；材料：物品 ID 94「空の絶秘石」×1；物品 ID 3673「修羅に親しむ者の大秘石」×2","金币：60000；材料：物品 ID 94「空的绝秘石」×1；物品 ID 3673「修罗亲和者的大秘石」×2","修罗亲和者的绝秘石"
"3678","悪夢に親しむ者の大秘石","物品","3003","金币：6000；材料：物品 ID 92「空の大秘石」×1；物品 ID 4197「ナイトメア強化の大秘石」×2；物品 ID 4276「ナイトメア耐性の大秘石」×2","金币：6000；材料：物品 ID 92「空的大秘石」×1；物品 ID 4197「噩梦强化的大秘石」×2；物品 ID 4276「噩梦耐性的大秘石」×2","噩梦亲和者的大秘石"
"3679","悪夢に親しむ者の絶秘石","物品","3345","金币：60000；材料：物品 ID 94「空の絶秘石」×1；物品 ID 3678「悪夢に親しむ者の大秘石」×2","金币：60000；材料：物品 ID 94「空的绝秘石」×1；物品 ID 3678「噩梦亲和者的大秘石」×2","噩梦亲和者的绝秘石"
"3683","核熱に親しむ者の大秘石","物品","3004","金币：6000；材料：物品 ID 92「空の大秘石」×1；物品 ID 4202「核熱強化の大秘石」×2；物品 ID 4282「核熱耐性の大秘石」×2","金币：6000；材料：物品 ID 92「空的大秘石」×1；物品 ID 4202「核热强化的大秘石」×2；物品 ID 4282「核热耐性的大秘石」×2","核热亲和者的大秘石"
"3684","核熱に親しむ者の絶秘石","物品","3346","金币：60000；材料：物品 ID 94「空の絶秘石」×1；物品 ID 3683「核熱に親しむ者の大秘石」×2","金币：60000；材料：物品 ID 94「空的绝秘石」×1；物品 ID 3683「核热亲和者的大秘石」×2","核热亲和者的绝秘石"
"3688","量子に親しむ者の大秘石","物品","3005","金币：6000；材料：物品 ID 92「空の大秘石」×1；物品 ID 4207「量子強化の大秘石」×2；物品 ID 4288「量子耐性の大秘石」×2","金币：6000；材料：物品 ID 92「空的大秘石」×1；物品 ID 4207「量子强化的大秘石」×2；物品 ID 4288「量子耐性的大秘石」×2","量子亲和者的大秘石"
"3689","量子に親しむ者の絶秘石","物品","3347","金币：60000；材料：物品 ID 94「空の絶秘石」×1；物品 ID 3688「量子に親しむ者の大秘石」×2","金币：60000；材料：物品 ID 94「空的绝秘石」×1；物品 ID 3688「量子亲和者的大秘石」×2","量子亲和者的绝秘石"
"3693","イオンに親しむ者の大秘石","物品","3006","金币：6000；材料：物品 ID 92「空の大秘石」×1；物品 ID 4212「イオン強化の大秘石」×2；物品 ID 4294「イオン耐性の大秘石」×2","金币：6000；材料：物品 ID 92「空的大秘石」×1；物品 ID 4212「离子强化的大秘石」×2；物品 ID 4294「离子耐性的大秘石」×2","离子亲和者的大秘石"
"3694","イオンに親しむ者の絶秘石","物品","3348","金币：60000；材料：物品 ID 94「空の絶秘石」×1；物品 ID 3693「イオンに親しむ者の大秘石」×2","金币：60000；材料：物品 ID 94「空的绝秘石」×1；物品 ID 3693「离子亲和者的大秘石」×2","离子亲和者的绝秘石"
"3698","ハドロンに親しむ者の大秘石","物品","3007","金币：6000；材料：物品 ID 92「空の大秘石」×1；物品 ID 4217「ハドロン強化の大秘石」×2；物品 ID 4300「ハドロン耐性の大秘石」×2","金币：6000；材料：物品 ID 92「空的大秘石」×1；物品 ID 4217「强子强化的大秘石」×2；物品 ID 4300「强子耐性的大秘石」×2","强子亲和者的大秘石"
"3699","ハドロンに親しむ者の絶秘石","物品","3349","金币：60000；材料：物品 ID 94「空の絶秘石」×1；物品 ID 3698「ハドロンに親しむ者の大秘石」×2","金币：60000；材料：物品 ID 94「空的绝秘石」×1；物品 ID 3698「强子亲和者的大秘石」×2","强子亲和者的绝秘石"
"3703","テラに親しむ者の大秘石","物品","3008","金币：6000；材料：物品 ID 92「空の大秘石」×1；物品 ID 4222「テラ強化の大秘石」×2；物品 ID 4306「テラ耐性の大秘石」×2","金币：6000；材料：物品 ID 92「空的大秘石」×1；物品 ID 4222「大地强化的大秘石」×2；物品 ID 4306「大地耐性的大秘石」×2","大地亲和者的大秘石"
"3704","テラに親しむ者の絶秘石","物品","3350","金币：60000；材料：物品 ID 94「空の絶秘石」×1；物品 ID 3703「テラに親しむ者の大秘石」×2","金币：60000；材料：物品 ID 94「空的绝秘石」×1；物品 ID 3703「大地亲和者的大秘石」×2","大地亲和者的绝秘石"
"3708","ナノに親しむ者の大秘石","物品","3009","金币：6000；材料：物品 ID 92「空の大秘石」×1；物品 ID 4227「ナノ強化の大秘石」×2；物品 ID 4312「ナノ耐性の大秘石」×2","金币：6000；材料：物品 ID 92「空的大秘石」×1；物品 ID 4227「纳米强化的大秘石」×2；物品 ID 4312「纳米耐性的大秘石」×2","纳米亲和者的大秘石"
"3709","ナノに親しむ者の絶秘石","物品","3351","金币：60000；材料：物品 ID 94「空の絶秘石」×1；物品 ID 3708「ナノに親しむ者の大秘石」×2","金币：60000；材料：物品 ID 94「空的绝秘石」×1；物品 ID 3708「纳米亲和者的大秘石」×2","纳米亲和者的绝秘石"
"3713","永劫に親しむ者の大秘石","物品","3010","金币：6000；材料：物品 ID 92「空の大秘石」×1；物品 ID 4232「永劫強化の大秘石」×2；物品 ID 4318「永劫耐性の大秘石」×2","金币：6000；材料：物品 ID 92「空的大秘石」×1；物品 ID 4232「永劫强化的大秘石」×2；物品 ID 4318「永劫耐性的大秘石」×2","永劫亲和者的大秘石"
"3714","永劫に親しむ者の絶秘石","物品","3352","金币：60000；材料：物品 ID 94「空の絶秘石」×1；物品 ID 3713「永劫に親しむ者の大秘石」×2","金币：60000；材料：物品 ID 94「空的绝秘石」×1；物品 ID 3713「永劫亲和者的大秘石」×2","永劫亲和者的绝秘石"
"3718","終焉に親しむ者の大秘石","物品","3011","金币：6000；材料：物品 ID 92「空の大秘石」×1；物品 ID 4237「終焉強化の大秘石」×2；物品 ID 4324「終焉耐性の大秘石」×2","金币：6000；材料：物品 ID 92「空的大秘石」×1；物品 ID 4237「终焉强化的大秘石」×2；物品 ID 4324「终焉耐性的大秘石」×2","终焉亲和者的大秘石"
"3719","終焉に親しむ者の絶秘石","物品","3353","金币：60000；材料：物品 ID 94「空の絶秘石」×1；物品 ID 3718「終焉に親しむ者の大秘石」×2","金币：60000；材料：物品 ID 94「空的绝秘石」×1；物品 ID 3718「终焉亲和者的大秘石」×2","终焉亲和者的绝秘石"
"3728","剣士のための秘石","物品","1461","金币：1000；材料：物品 ID 91「空の秘石」×1；武器 ID 111「流星の剣」×1","金币：1000；材料：物品 ID 91「空秘石」×1；武器 ID 111「流星制之剑」×1","剑士的秘石"
"3729","剣士のための大秘石","物品","1580","金币：3000；材料：物品 ID 92「空の大秘石」×1；物品 ID 3728「剣士のための秘石」×2","金币：3000；材料：物品 ID 92「空的大秘石」×1；物品 ID 3728「剑士的秘石」×2","剑士的大秘石"
"3730","剣士のための絶秘石","物品","3279","金币：30000；材料：物品 ID 94「空の絶秘石」×1；物品 ID 3729「剣士のための大秘石」×2","金币：30000；材料：物品 ID 94「空的绝秘石」×1；物品 ID 3729「剑士的大秘石」×2","剑士的绝秘石"
"3734","竜騎士のための秘石","物品","1462","金币：1000；材料：物品 ID 91「空の秘石」×1；武器 ID 232「流星の槍」×1","金币：1000；材料：物品 ID 91「空秘石」×1；武器 ID 232「流星制之枪」×1","龙骑士的秘石"
"3735","竜騎士のための大秘石","物品","1581","金币：3000；材料：物品 ID 92「空の大秘石」×1；物品 ID 3734「竜騎士のための秘石」×2","金币：3000；材料：物品 ID 92「空的大秘石」×1；物品 ID 3734「龙骑士的秘石」×2","龙骑士的大秘石"
"3736","竜騎士のための絶秘石","物品","3280","金币：30000；材料：物品 ID 94「空の絶秘石」×1；物品 ID 3735「竜騎士のための大秘石」×2","金币：30000；材料：物品 ID 94「空的绝秘石」×1；物品 ID 3735「龙骑士的大秘石」×2","龙骑士的绝秘石"
"3740","フェンサーのための秘石","物品","1463","金币：1000；材料：物品 ID 91「空の秘石」×1；武器 ID 166「流星のレイピア」×1","金币：1000；材料：物品 ID 91「空秘石」×1；武器 ID 166「流星制细剑」×1","尖剑士的秘石"
"3741","フェンサーのための大秘石","物品","1582","金币：3000；材料：物品 ID 92「空の大秘石」×1；物品 ID 3740「フェンサーのための秘石」×2","金币：3000；材料：物品 ID 92「空的大秘石」×1；物品 ID 3740「尖剑士的秘石」×2","尖剑士的大秘石"
"3742","フェンサーのための絶秘石","物品","3281","金币：30000；材料：物品 ID 94「空の絶秘石」×1；物品 ID 3741「フェンサーのための大秘石」×2","金币：30000；材料：物品 ID 94「空的绝秘石」×1；物品 ID 3741「尖剑士的大秘石」×2","尖剑士的绝秘石"
"3746","重戦士のための秘石","物品","1464","金币：1000；材料：物品 ID 91「空の秘石」×1；武器 ID 390「流星の斧」×1","金币：1000；材料：物品 ID 91「空秘石」×1；武器 ID 390「流星制斧」×1","重战士的秘石"
"3747","重戦士のための大秘石","物品","1583","金币：3000；材料：物品 ID 92「空の大秘石」×1；物品 ID 3746「重戦士のための秘石」×2","金币：3000；材料：物品 ID 92「空的大秘石」×1；物品 ID 3746「重战士的秘石」×2","重战士的大秘石"
"3748","重戦士のための絶秘石","物品","3282","金币：30000；材料：物品 ID 94「空の絶秘石」×1；物品 ID 3747「重戦士のための大秘石」×2","金币：30000；材料：物品 ID 94「空的绝秘石」×1；物品 ID 3747「重战士的大秘石」×2","重战士的绝秘石"
"3752","侍のための秘石","物品","1465","金币：1000；材料：物品 ID 91「空の秘石」×1；武器 ID 262「名刀・妖魔斬り」×1","金币：1000；材料：物品 ID 91「空秘石」×1；武器 ID 262「名刀・妖魔斩」×1","武士的秘石"
"3753","侍のための大秘石","物品","1584","金币：3000；材料：物品 ID 92「空の大秘石」×1；物品 ID 3752「侍のための秘石」×2","金币：3000；材料：物品 ID 92「空的大秘石」×1；物品 ID 3752「武士的秘石」×2","武士的大秘石"
"3754","侍のための絶秘石","物品","3283","金币：30000；材料：物品 ID 94「空の絶秘石」×1；物品 ID 3753「侍のための大秘石」×2","金币：30000；材料：物品 ID 94「空的绝秘石」×1；物品 ID 3753「武士的大秘石」×2","武士的绝秘石"
"3758","武道家のための秘石","物品","1466","金币：1000；材料：物品 ID 91「空の秘石」×1；武器 ID 321「流星の爪」×1","金币：1000；材料：物品 ID 91「空秘石」×1；武器 ID 321「流星制之爪」×1","武道家的秘石"
"3759","武道家のための大秘石","物品","1585","金币：3000；材料：物品 ID 92「空の大秘石」×1；物品 ID 3758「武道家のための秘石」×2","金币：3000；材料：物品 ID 92「空的大秘石」×1；物品 ID 3758「武道家的秘石」×2","武道家的大秘石"
"3760","武道家のための絶秘石","物品","3284","金币：30000；材料：物品 ID 94「空の絶秘石」×1；物品 ID 3759「武道家のための大秘石」×2","金币：30000；材料：物品 ID 94「空的绝秘石」×1；物品 ID 3759「武道家的大秘石」×2","武道家的绝秘石"
"3764","盾騎士のための秘石","物品","1467","金币：1000；材料：物品 ID 91「空の秘石」×1；防具 ID 318「流星の盾」×1","金币：1000；材料：物品 ID 91「空秘石」×1；防具 ID 318「流星制盾」×1","盾骑士的秘石"
"3765","盾騎士のための大秘石","物品","1586","金币：3000；材料：物品 ID 92「空の大秘石」×1；物品 ID 3764「盾騎士のための秘石」×2","金币：3000；材料：物品 ID 92「空的大秘石」×1；物品 ID 3764「盾骑士的秘石」×2","盾骑士的大秘石"
"3766","盾騎士のための絶秘石","物品","3285","金币：30000；材料：物品 ID 94「空の絶秘石」×1；物品 ID 3765「盾騎士のための大秘石」×2","金币：30000；材料：物品 ID 94「空的绝秘石」×1；物品 ID 3765「盾骑士的大秘石」×2","盾骑士的绝秘石"
"3770","魔物使いのための秘石","物品","1468","金币：1000；材料：物品 ID 91「空の秘石」×1；武器 ID 611「流星の鞭」×1","金币：1000；材料：物品 ID 91「空秘石」×1；武器 ID 611「流星制鞭」×1","魔物使的秘石"
"3771","魔物使いのための大秘石","物品","1587","金币：3000；材料：物品 ID 92「空の大秘石」×1；物品 ID 3770「魔物使いのための秘石」×2","金币：3000；材料：物品 ID 92「空的大秘石」×1；物品 ID 3770「魔物使的秘石」×2","魔物使的大秘石"
"3772","魔物使いのための絶秘石","物品","3286","金币：30000；材料：物品 ID 94「空の絶秘石」×1；物品 ID 3771「魔物使いのための大秘石」×2","金币：30000；材料：物品 ID 94「空的绝秘石」×1；物品 ID 3771「魔物使的大秘石」×2","魔物使的绝秘石"
"3776","バトルマスターのための秘石","物品","1469","金币：1000；材料：物品 ID 91「空の秘石」×1；武器 ID 111「流星の剣」×2","金币：1000；材料：物品 ID 91「空秘石」×1；武器 ID 111「流星制之剑」×2","战斗大师的秘石"
"3777","バトルマスターのための大秘石","物品","1588","金币：3000；材料：物品 ID 92「空の大秘石」×1；物品 ID 3776「バトルマスターのための秘石」×2","金币：3000；材料：物品 ID 92「空的大秘石」×1；物品 ID 3776「战斗大师的秘石」×2","战斗大师的大秘石"
"3778","バトルマスターのための絶秘石","物品","3287","金币：30000；材料：物品 ID 94「空の絶秘石」×1；物品 ID 3777「バトルマスターのための大秘石」×2","金币：30000；材料：物品 ID 94「空的绝秘石」×1；物品 ID 3777「战斗大师的大秘石」×2","战斗大师的绝秘石"
"3782","黒魔道士のための秘石","物品","1470","金币：1000；材料：物品 ID 91「空の秘石」×1；武器 ID 539「流星のロッド」×1","金币：1000；材料：物品 ID 91「空秘石」×1；武器 ID 539「流星制法杖」×1","黑魔道士的秘石"
"3783","黒魔道士のための大秘石","物品","1589","金币：3000；材料：物品 ID 92「空の大秘石」×1；物品 ID 3782「黒魔道士のための秘石」×2","金币：3000；材料：物品 ID 92「空的大秘石」×1；物品 ID 3782「黑魔道士的秘石」×2","黑魔道士的大秘石"
"3784","黒魔道士のための絶秘石","物品","3288","金币：30000；材料：物品 ID 94「空の絶秘石」×1；物品 ID 3783「黒魔道士のための大秘石」×2","金币：30000；材料：物品 ID 94「空的绝秘石」×1；物品 ID 3783「黑魔道士的大秘石」×2","黑魔道士的绝秘石"
"3788","時魔道士のための秘石","物品","1471","金币：1000；材料：物品 ID 91「空の秘石」×1；武器 ID 539「流星のロッド」×1","金币：1000；材料：物品 ID 91「空秘石」×1；武器 ID 539「流星制法杖」×1","时魔道士的秘石"
"3789","時魔道士のための大秘石","物品","1590","金币：3000；材料：物品 ID 92「空の大秘石」×1；物品 ID 3788「時魔道士のための秘石」×2","金币：3000；材料：物品 ID 92「空的大秘石」×1；物品 ID 3788「时魔道士的秘石」×2","时魔道士的大秘石"
"3790","時魔道士のための絶秘石","物品","3289","金币：30000；材料：物品 ID 94「空の絶秘石」×1；物品 ID 3789「時魔道士のための大秘石」×2","金币：30000；材料：物品 ID 94「空的绝秘石」×1；物品 ID 3789「时魔道士的大秘石」×2","时魔道士的绝秘石"
"3794","白魔道士のための秘石","物品","1472","金币：1000；材料：物品 ID 91「空の秘石」×1；武器 ID 497「流星の杖」×1","金币：1000；材料：物品 ID 91「空秘石」×1；武器 ID 497「流星制杖」×1","白魔道士的秘石"
"3795","白魔道士のための大秘石","物品","1591","金币：3000；材料：物品 ID 92「空の大秘石」×1；物品 ID 3794「白魔道士のための秘石」×2","金币：3000；材料：物品 ID 92「空的大秘石」×1；物品 ID 3794「白魔道士的秘石」×2","白魔道士的大秘石"
"3796","白魔道士のための絶秘石","物品","3290","金币：30000；材料：物品 ID 94「空の絶秘石」×1；物品 ID 3795「白魔道士のための大秘石」×2","金币：30000；材料：物品 ID 94「空的绝秘石」×1；物品 ID 3795「白魔道士的大秘石」×2","白魔道士的绝秘石"
"3800","召喚士のための秘石","物品","1473","金币：1000；材料：物品 ID 91「空の秘石」×1；武器 ID 539「流星のロッド」×1","金币：1000；材料：物品 ID 91「空秘石」×1；武器 ID 539「流星制法杖」×1","召唤士的秘石"
"3801","召喚士のための大秘石","物品","1592","金币：3000；材料：物品 ID 92「空の大秘石」×1；物品 ID 3800「召喚士のための秘石」×2","金币：3000；材料：物品 ID 92「空的大秘石」×1；物品 ID 3800「召唤士的秘石」×2","召唤士的大秘石"
"3802","召喚士のための絶秘石","物品","3291","金币：30000；材料：物品 ID 94「空の絶秘石」×1；物品 ID 3801「召喚士のための大秘石」×2","金币：30000；材料：物品 ID 94「空的绝秘石」×1；物品 ID 3801「召唤士的大秘石」×2","召唤士的绝秘石"
"3806","陰陽師のための秘石","物品","1474","金币：1000；材料：物品 ID 91「空の秘石」×1；武器 ID 539「流星のロッド」×1","金币：1000；材料：物品 ID 91「空秘石」×1；武器 ID 539「流星制法杖」×1","阴阳师的秘石"
"3807","陰陽師のための大秘石","物品","1593","金币：3000；材料：物品 ID 92「空の大秘石」×1；物品 ID 3806「陰陽師のための秘石」×2","金币：3000；材料：物品 ID 92「空的大秘石」×1；物品 ID 3806「阴阳师的秘石」×2","阴阳师的大秘石"
"3808","陰陽師のための絶秘石","物品","3292","金币：30000；材料：物品 ID 94「空の絶秘石」×1；物品 ID 3807「陰陽師のための大秘石」×2","金币：30000；材料：物品 ID 94「空的绝秘石」×1；物品 ID 3807「阴阳师的大秘石」×2","阴阳师的绝秘石"
"3812","狩人のための秘石","物品","1475","金币：1000；材料：物品 ID 91「空の秘石」×1；武器 ID 578「流星の弓」×1","金币：1000；材料：物品 ID 91「空秘石」×1；武器 ID 578「流星制之弓」×1","猎人的秘石"
"3813","狩人のための大秘石","物品","1594","金币：3000；材料：物品 ID 92「空の大秘石」×1；物品 ID 3812「狩人のための秘石」×2","金币：3000；材料：物品 ID 92「空的大秘石」×1；物品 ID 3812「猎人的秘石」×2","猎人的大秘石"
"3814","狩人のための絶秘石","物品","3293","金币：30000；材料：物品 ID 94「空の絶秘石」×1；物品 ID 3813「狩人のための大秘石」×2","金币：30000；材料：物品 ID 94「空的绝秘石」×1；物品 ID 3813「猎人的大秘石」×2","猎人的绝秘石"
"3818","ガンナーのための秘石","物品","1476","金币：1000；材料：物品 ID 91「空の秘石」×1；武器 ID 909「ジブリール」×1","金币：1000；材料：物品 ID 91「空秘石」×1；武器 ID 909「吉普莉露」×1","铳手的秘石"
"3819","ガンナーのための大秘石","物品","1595","金币：3000；材料：物品 ID 92「空の大秘石」×1；物品 ID 3818「ガンナーのための秘石」×2","金币：3000；材料：物品 ID 92「空的大秘石」×1；物品 ID 3818「铳手的秘石」×2","铳手的大秘石"
"3820","ガンナーのための絶秘石","物品","3294","金币：30000；材料：物品 ID 94「空の絶秘石」×1；物品 ID 3819「ガンナーのための大秘石」×2","金币：30000；材料：物品 ID 94「空的绝秘石」×1；物品 ID 3819「铳手的大秘石」×2","铳手的绝秘石"
"3824","シーフのための秘石","物品","1477","金币：1000；材料：物品 ID 91「空の秘石」×1；武器 ID 33「流星のナイフ」×1","金币：1000；材料：物品 ID 91「空秘石」×1；武器 ID 33「流星制小刀」×1","盗贼的秘石"
"3825","シーフのための大秘石","物品","1596","金币：3000；材料：物品 ID 92「空の大秘石」×1；物品 ID 3824「シーフのための秘石」×2","金币：3000；材料：物品 ID 92「空的大秘石」×1；物品 ID 3824「盗贼的秘石」×2","盗贼的大秘石"
"3826","シーフのための絶秘石","物品","3295","金币：30000；材料：物品 ID 94「空の絶秘石」×1；物品 ID 3825「シーフのための大秘石」×2","金币：30000；材料：物品 ID 94「空的绝秘石」×1；物品 ID 3825「盗贼的大秘石」×2","盗贼的绝秘石"
"3830","忍者のための秘石","物品","1478","金币：1000；材料：物品 ID 91「空の秘石」×1；武器 ID 281「流星の刃」×1","金币：1000；材料：物品 ID 91「空秘石」×1；武器 ID 281「流星制之刃」×1","忍者的秘石"
"3831","忍者のための大秘石","物品","1597","金币：3000；材料：物品 ID 92「空の大秘石」×1；物品 ID 3830「忍者のための秘石」×2","金币：3000；材料：物品 ID 92「空的大秘石」×1；物品 ID 3830「忍者的秘石」×2","忍者的大秘石"
"3832","忍者のための絶秘石","物品","3296","金币：30000；材料：物品 ID 94「空の絶秘石」×1；物品 ID 3831「忍者のための大秘石」×2","金币：30000；材料：物品 ID 94「空的绝秘石」×1；物品 ID 3831「忍者的大秘石」×2","忍者的绝秘石"
"3836","踊り子のための秘石","物品","1479","金币：1000；材料：物品 ID 91「空の秘石」×1；武器 ID 746「流星の扇」×1","金币：1000；材料：物品 ID 91「空秘石」×1；武器 ID 746「流星制扇」×1","舞者的秘石"
"3837","踊り子のための大秘石","物品","1598","金币：3000；材料：物品 ID 92「空の大秘石」×1；物品 ID 3836「踊り子のための秘石」×2","金币：3000；材料：物品 ID 92「空的大秘石」×1；物品 ID 3836「舞者的秘石」×2","舞者的大秘石"
"3838","踊り子のための絶秘石","物品","3297","金币：30000；材料：物品 ID 94「空の絶秘石」×1；物品 ID 3837「踊り子のための大秘石」×2","金币：30000；材料：物品 ID 94「空的绝秘石」×1；物品 ID 3837「舞者的大秘石」×2","舞者的绝秘石"
"3842","吟遊詩人のための秘石","物品","1480","金币：1000；材料：物品 ID 91「空の秘石」×1；武器 ID 649「流星の竪琴」×1","金币：1000；材料：物品 ID 91「空秘石」×1；武器 ID 649「流星制竖琴」×1","吟游诗人的秘石"
"3843","吟遊詩人のための大秘石","物品","1599","金币：3000；材料：物品 ID 92「空の大秘石」×1；物品 ID 3842「吟遊詩人のための秘石」×2","金币：3000；材料：物品 ID 92「空的大秘石」×1；物品 ID 3842「吟游诗人的秘石」×2","吟游诗人的大秘石"
"3844","吟遊詩人のための絶秘石","物品","3298","金币：30000；材料：物品 ID 94「空の絶秘石」×1；物品 ID 3843「吟遊詩人のための大秘石」×2","金币：30000；材料：物品 ID 94「空的绝秘石」×1；物品 ID 3843「吟游诗人的大秘石」×2","吟游诗人的绝秘石"
"3848","娼婦のための秘石","物品","1481","金币：1000；材料：物品 ID 91「空の秘石」×1；防具 ID 172「天使のレオタード」×1","金币：1000；材料：物品 ID 91「空秘石」×1；防具 ID 172「天使紧身衣」×1","娼妇的秘石"
"3849","娼婦のための大秘石","物品","1600","金币：3000；材料：物品 ID 92「空の大秘石」×1；物品 ID 3848「娼婦のための秘石」×2","金币：3000；材料：物品 ID 92「空的大秘石」×1；物品 ID 3848「娼妇的秘石」×2","娼妇的大秘石"
"3850","娼婦のための絶秘石","物品","3299","金币：30000；材料：物品 ID 94「空の絶秘石」×1；物品 ID 3849「娼婦のための大秘石」×2","金币：30000；材料：物品 ID 94「空的绝秘石」×1；物品 ID 3849「娼妇的大秘石」×2","娼妇的绝秘石"
"3854","サイコソルジャーのための秘石","物品","1482","金币：1000；材料：物品 ID 91「空の秘石」×1；防具 ID 172「天使のレオタード」×1","金币：1000；材料：物品 ID 91「空秘石」×1；防具 ID 172「天使紧身衣」×1","念动战士的秘石"
"3855","サイコソルジャーのための大秘石","物品","1601","金币：3000；材料：物品 ID 92「空の大秘石」×1；物品 ID 3854「サイコソルジャーのための秘石」×2","金币：3000；材料：物品 ID 92「空的大秘石」×1；物品 ID 3854「念动战士的秘石」×2","念动战士的大秘石"
"3856","サイコソルジャーのための絶秘石","物品","3300","金币：30000；材料：物品 ID 94「空の絶秘石」×1；物品 ID 3855「サイコソルジャーのための大秘石」×2","金币：30000；材料：物品 ID 94「空的绝秘石」×1；物品 ID 3855「念动战士的大秘石」×2","念动战士的绝秘石"
"3860","魔導学者のための秘石","物品","1483","金币：1000；材料：物品 ID 91「空の秘石」×1；武器 ID 4788「天魔教義」×1","金币：1000；材料：物品 ID 91「空秘石」×1；武器 ID 4788「天魔教义」×1","魔导学者的秘石"
"3861","魔導学者のための大秘石","物品","1602","金币：3000；材料：物品 ID 92「空の大秘石」×1；物品 ID 3860「魔導学者のための秘石」×2","金币：3000；材料：物品 ID 92「空的大秘石」×1；物品 ID 3860「魔导学者的秘石」×2","魔导学者的大秘石"
"3862","魔導学者のための絶秘石","物品","3301","金币：30000；材料：物品 ID 94「空の絶秘石」×1；物品 ID 3861「魔導学者のための大秘石」×2","金币：30000；材料：物品 ID 94「空的绝秘石」×1；物品 ID 3861「魔导学者的大秘石」×2","魔导学者的绝秘石"
"3866","錬金術士のための秘石","物品","1484","金币：1000；材料：物品 ID 91「空の秘石」×1；武器 ID 4788「天魔教義」×1","金币：1000；材料：物品 ID 91「空秘石」×1；武器 ID 4788「天魔教义」×1","炼金术士的秘石"
"3867","錬金術士のための大秘石","物品","1603","金币：3000；材料：物品 ID 92「空の大秘石」×1；物品 ID 3866「錬金術士のための秘石」×2","金币：3000；材料：物品 ID 92「空的大秘石」×1；物品 ID 3866「炼金术士的秘石」×2","炼金术士的大秘石"
"3868","錬金術士のための絶秘石","物品","3302","金币：30000；材料：物品 ID 94「空の絶秘石」×1；物品 ID 3867「錬金術士のための大秘石」×2","金币：30000；材料：物品 ID 94「空的绝秘石」×1；物品 ID 3867「炼金术士的大秘石」×2","炼金术士的绝秘石"
"3872","魔導司書のための秘石","物品","1485","金币：1000；材料：物品 ID 91「空の秘石」×1；武器 ID 4788「天魔教義」×1","金币：1000；材料：物品 ID 91「空秘石」×1；武器 ID 4788「天魔教义」×1","魔导司书的秘石"
"3873","魔導司書のための大秘石","物品","1604","金币：3000；材料：物品 ID 92「空の大秘石」×1；物品 ID 3872「魔導司書のための秘石」×2","金币：3000；材料：物品 ID 92「空的大秘石」×1；物品 ID 3872「魔导司书的秘石」×2","魔导司书的大秘石"
"3874","魔導司書のための絶秘石","物品","3303","金币：30000；材料：物品 ID 94「空の絶秘石」×1；物品 ID 3873「魔導司書のための大秘石」×2","金币：30000；材料：物品 ID 94「空的绝秘石」×1；物品 ID 3873「魔导司书的大秘石」×2","魔导司书的绝秘石"
"3878","技師のための秘石","物品","1486","金币：1000；材料：物品 ID 91「空の秘石」×1；武器 ID 909「ジブリール」×1","金币：1000；材料：物品 ID 91「空秘石」×1；武器 ID 909「吉普莉露」×1","技师的秘石"
"3879","技師のための大秘石","物品","1605","金币：3000；材料：物品 ID 92「空の大秘石」×1；物品 ID 3878「技師のための秘石」×2","金币：3000；材料：物品 ID 92「空的大秘石」×1；物品 ID 3878「技师的秘石」×2","技师的大秘石"
"3880","技師のための絶秘石","物品","3304","金币：30000；材料：物品 ID 94「空の絶秘石」×1；物品 ID 3879「技師のための大秘石」×2","金币：30000；材料：物品 ID 94「空的绝秘石」×1；物品 ID 3879「技师的大秘石」×2","技师的绝秘石"
"3884","魔芸師のための秘石","物品","1487","金币：1000；材料：物品 ID 91「空の秘石」×1；武器 ID 463「流星の鎌」×1","金币：1000；材料：物品 ID 91「空秘石」×1；武器 ID 463「流星制镰」×1","魔艺师的秘石"
"3885","魔芸師のための大秘石","物品","1606","金币：3000；材料：物品 ID 92「空の大秘石」×1；物品 ID 3884「魔芸師のための秘石」×2","金币：3000；材料：物品 ID 92「空的大秘石」×1；物品 ID 3884「魔艺师的秘石」×2","魔艺师的大秘石"
"3886","魔芸師のための絶秘石","物品","3305","金币：30000；材料：物品 ID 94「空の絶秘石」×1；物品 ID 3885「魔芸師のための大秘石」×2","金币：30000；材料：物品 ID 94「空的绝秘石」×1；物品 ID 3885「魔艺师的大秘石」×2","魔艺师的绝秘石"
"3890","商人のための秘石","物品","1488","金币：1000；材料：物品 ID 91「空の秘石」×1；武器 ID 789「流星のそろばん」×1","金币：1000；材料：物品 ID 91「空秘石」×1；武器 ID 789「流星制算盘」×1","商人的秘石"
"3891","商人のための大秘石","物品","1607","金币：3000；材料：物品 ID 92「空の大秘石」×1；物品 ID 3890「商人のための秘石」×2","金币：3000；材料：物品 ID 92「空的大秘石」×1；物品 ID 3890「商人的秘石」×2","商人的大秘石"
"3892","商人のための絶秘石","物品","3306","金币：30000；材料：物品 ID 94「空の絶秘石」×1；物品 ID 3891「商人のための大秘石」×2","金币：30000；材料：物品 ID 94「空的绝秘石」×1；物品 ID 3891「商人的大秘石」×2","商人的绝秘石"
"3896","ギャンブラーのための秘石","物品","1489","金币：1000；材料：物品 ID 91「空の秘石」×1；武器 ID 837「流星のカード」×1","金币：1000；材料：物品 ID 91「空秘石」×1；武器 ID 837「流星制卡牌」×1","赌徒的秘石"
"3897","ギャンブラーのための大秘石","物品","1608","金币：3000；材料：物品 ID 92「空の大秘石」×1；物品 ID 3896「ギャンブラーのための秘石」×2","金币：3000；材料：物品 ID 92「空的大秘石」×1；物品 ID 3896「赌徒的秘石」×2","赌徒的大秘石"
"3898","ギャンブラーのための絶秘石","物品","3307","金币：30000；材料：物品 ID 94「空の絶秘石」×1；物品 ID 3897「ギャンブラーのための大秘石」×2","金币：30000；材料：物品 ID 94「空的绝秘石」×1；物品 ID 3897「赌徒的大秘石」×2","赌徒的绝秘石"
"3902","話術士のための秘石","物品","1490","金币：1000；材料：物品 ID 91「空の秘石」×1；武器 ID 689「流星のブーメラン」×1","金币：1000；材料：物品 ID 91「空秘石」×1；武器 ID 689「流星制回旋镖」×1","话术士的秘石"
"3903","話術士のための大秘石","物品","1609","金币：3000；材料：物品 ID 92「空の大秘石」×1；物品 ID 3902「話術士のための秘石」×2","金币：3000；材料：物品 ID 92「空的大秘石」×1；物品 ID 3902「话术士的秘石」×2","话术士的大秘石"
"3904","話術士のための絶秘石","物品","3308","金币：30000；材料：物品 ID 94「空の絶秘石」×1；物品 ID 3903「話術士のための大秘石」×2","金币：30000；材料：物品 ID 94「空的绝秘石」×1；物品 ID 3903「话术士的大秘石」×2","话术士的绝秘石"
"3908","料理人のための秘石","物品","1491","金币：1000；材料：物品 ID 91「空の秘石」×1；武器 ID 768「流星の包丁」×1","金币：1000；材料：物品 ID 91「空秘石」×1；武器 ID 768「流星制菜刀」×1","料理人的秘石"
"3909","料理人のための大秘石","物品","1610","金币：3000；材料：物品 ID 92「空の大秘石」×1；物品 ID 3908「料理人のための秘石」×2","金币：3000；材料：物品 ID 92「空的大秘石」×1；物品 ID 3908「料理人的秘石」×2","料理人的大秘石"
"3910","料理人のための絶秘石","物品","3309","金币：30000；材料：物品 ID 94「空の絶秘石」×1；物品 ID 3909「料理人のための大秘石」×2","金币：30000；材料：物品 ID 94「空的绝秘石」×1；物品 ID 3909「料理人的大秘石」×2","料理人的绝秘石"
"3914","医者のための秘石","物品","1492","金币：1000；材料：物品 ID 91「空の秘石」×1；武器 ID 815「流星のメス」×1","金币：1000；材料：物品 ID 91「空秘石」×1；武器 ID 815「流星制手术刀」×1","医生的秘石"
"3915","医者のための大秘石","物品","1611","金币：3000；材料：物品 ID 92「空の大秘石」×1；物品 ID 3914「医者のための秘石」×2","金币：3000；材料：物品 ID 92「空的大秘石」×1；物品 ID 3914「医生的秘石」×2","医生的大秘石"
"3916","医者のための絶秘石","物品","3310","金币：30000；材料：物品 ID 94「空の絶秘石」×1；物品 ID 3915「医者のための大秘石」×2","金币：30000；材料：物品 ID 94「空的绝秘石」×1；物品 ID 3915「医生的大秘石」×2","医生的绝秘石"
"3920","メイドのための秘石","物品","1493","金币：1000；材料：物品 ID 91「空の秘石」×1；武器 ID 862「流星の皿」×1","金币：1000；材料：物品 ID 91「空秘石」×1；武器 ID 862「流星制盘」×1","女仆的秘石"
"3921","メイドのための大秘石","物品","1612","金币：3000；材料：物品 ID 92「空の大秘石」×1；物品 ID 3920「メイドのための秘石」×2","金币：3000；材料：物品 ID 92「空的大秘石」×1；物品 ID 3920「女仆的秘石」×2","女仆的大秘石"
"3922","メイドのための絶秘石","物品","3311","金币：30000；材料：物品 ID 94「空の絶秘石」×1；物品 ID 3921「メイドのための大秘石」×2","金币：30000；材料：物品 ID 94「空的绝秘石」×1；物品 ID 3921「女仆的大秘石」×2","女仆的绝秘石"
"3926","海賊のための秘石","物品","1494","金币：1000；材料：物品 ID 91「空の秘石」×1；武器 ID 136「巨人剣タイタス」×1","金币：1000；材料：物品 ID 91「空秘石」×1；武器 ID 136「巨人剑泰坦」×1","海贼的秘石"
"3927","海賊のための大秘石","物品","1613","金币：3000；材料：物品 ID 92「空の大秘石」×1；物品 ID 3926「海賊のための秘石」×2","金币：3000；材料：物品 ID 92「空的大秘石」×1；物品 ID 3926「海贼的秘石」×2","海贼的大秘石"
"3928","海賊のための絶秘石","物品","3312","金币：30000；材料：物品 ID 94「空の絶秘石」×1；物品 ID 3927「海賊のための大秘石」×2","金币：30000；材料：物品 ID 94「空的绝秘石」×1；物品 ID 3927「海贼的大秘石」×2","海贼的绝秘石"
"3933","王のための大秘石","物品","1907","金币：3000；材料：物品 ID 92「空の大秘石」×1；物品 ID 3932「王のための秘石」×2","金币：3000；材料：物品 ID 92「空的大秘石」×1；物品 ID 3932「王的秘石」×2","王的大秘石"
"3934","王のための絶秘石","物品","3313","金币：30000；材料：物品 ID 94「空の絶秘石」×1；物品 ID 3933「王のための大秘石」×2","金币：30000；材料：物品 ID 94「空的绝秘石」×1；物品 ID 3933「王的大秘石」×2","王的绝秘石"
"3939","勇者のための大秘石","物品","1908","金币：3000；材料：物品 ID 92「空の大秘石」×1；物品 ID 3938「勇者のための秘石」×2","金币：3000；材料：物品 ID 92「空的大秘石」×1；物品 ID 3938「勇者的秘石」×2","勇者的大秘石"
"3945","ヒーローのための大秘石","物品","1909","金币：3000；材料：物品 ID 92「空の大秘石」×1；物品 ID 3944「ヒーローのための秘石」×2","金币：3000；材料：物品 ID 92「空的大秘石」×1；物品 ID 3944「英雄的秘石」×2","英雄的大秘石"
"3946","ヒーローのための絶秘石","物品","3314","金币：30000；材料：物品 ID 94「空の絶秘石」×1；物品 ID 3945「ヒーローのための大秘石」×2","金币：30000；材料：物品 ID 94「空的绝秘石」×1；物品 ID 3945「英雄的大秘石」×2","英雄的绝秘石"
"3951","魔法少女のための大秘石","物品","1910","金币：3000；材料：物品 ID 92「空の大秘石」×1；物品 ID 3950「魔法少女のための秘石」×2","金币：3000；材料：物品 ID 92「空的大秘石」×1；物品 ID 3950「魔法少女的秘石」×2","魔法少女的大秘石"
"3952","魔法少女のための絶秘石","物品","3315","金币：30000；材料：物品 ID 94「空の絶秘石」×1；物品 ID 3951「魔法少女のための大秘石」×2","金币：30000；材料：物品 ID 94「空的绝秘石」×1；物品 ID 3951「魔法少女的大秘石」×2","魔法少女的绝秘石"
"3956","妖術師のための秘石","物品","1495","金币：1000；材料：物品 ID 91「空の秘石」×1；武器 ID 539「流星のロッド」×1","金币：1000；材料：物品 ID 91「空秘石」×1；武器 ID 539「流星制法杖」×1","妖术师的秘石"
"3957","妖術師のための大秘石","物品","1614","金币：3000；材料：物品 ID 92「空の大秘石」×1；物品 ID 3956「妖術師のための秘石」×2","金币：3000；材料：物品 ID 92「空的大秘石」×1；物品 ID 3956「妖术师的秘石」×2","妖术师的大秘石"
"3958","妖術師のための絶秘石","物品","3316","金币：30000；材料：物品 ID 94「空の絶秘石」×1；物品 ID 3957「妖術師のための大秘石」×2","金币：30000；材料：物品 ID 94「空的绝秘石」×1；物品 ID 3957「妖术师的大秘石」×2","妖术师的绝秘石"
"3963","魔神のための大秘石","物品","1911","金币：3000；材料：物品 ID 92「空の大秘石」×1；物品 ID 3962「魔神のための秘石」×2","金币：3000；材料：物品 ID 92「空的大秘石」×1；物品 ID 3962「魔神的秘石」×2","魔神的大秘石"
"3964","魔神のための絶秘石","物品","3278","金币：30000；材料：物品 ID 94「空の絶秘石」×1；物品 ID 3963「魔神のための大秘石」×2","金币：30000；材料：物品 ID 94「空的绝秘石」×1；物品 ID 3963「魔神的大秘石」×2","魔神的绝秘石"
"3968","ワームサマナーのための秘石","物品","1663","金币：1000；材料：物品 ID 91「空の秘石」×1；物品 ID 109「魔導書のページ」×1","金币：1000；材料：物品 ID 91「空秘石」×1；物品 ID 109「魔导书的书页」×1","蠕虫召唤师的秘石"
"3969","ワームサマナーのための大秘石","物品","1858","金币：3000；材料：物品 ID 92「空の大秘石」×1；物品 ID 3968「ワームサマナーのための秘石」×2","金币：3000；材料：物品 ID 92「空的大秘石」×1；物品 ID 3968「蠕虫召唤师的秘石」×2","蠕虫召唤师的大秘石"
"3970","ワームサマナーのための絶秘石","物品","3251","金币：30000；材料：物品 ID 94「空の絶秘石」×1；物品 ID 3969「ワームサマナーのための大秘石」×2","金币：30000；材料：物品 ID 94「空的绝秘石」×1；物品 ID 3969「蠕虫召唤师的大秘石」×2","蠕虫召唤师的绝秘石"
"3974","妖魔のための秘石","物品","1664","金币：1000；材料：物品 ID 91「空の秘石」×1；物品 ID 243「禍々しい結晶」×1","金币：1000；材料：物品 ID 91「空秘石」×1；物品 ID 243「不祥的结晶」×1","妖魔的秘石"
"3975","妖魔のための大秘石","物品","1859","金币：3000；材料：物品 ID 92「空の大秘石」×1；物品 ID 3974「妖魔のための秘石」×2","金币：3000；材料：物品 ID 92「空的大秘石」×1；物品 ID 3974「妖魔的秘石」×2","妖魔的大秘石"
"3976","妖魔のための絶秘石","物品","3252","金币：30000；材料：物品 ID 94「空の絶秘石」×1；物品 ID 3975「妖魔のための大秘石」×2","金币：30000；材料：物品 ID 94「空的绝秘石」×1；物品 ID 3975「妖魔的大秘石」×2","妖魔的绝秘石"
"3980","妖怪のための秘石","物品","1665","金币：1000；材料：物品 ID 91「空の秘石」×1；物品 ID 260「超力の結晶」×1","金币：1000；材料：物品 ID 91「空秘石」×1；物品 ID 260「超力结晶」×1","妖怪的秘石"
"3981","妖怪のための大秘石","物品","1860","金币：3000；材料：物品 ID 92「空の大秘石」×1；物品 ID 3980「妖怪のための秘石」×2","金币：3000；材料：物品 ID 92「空的大秘石」×1；物品 ID 3980「妖怪的秘石」×2","妖怪的大秘石"
"3982","妖怪のための絶秘石","物品","3253","金币：30000；材料：物品 ID 94「空の絶秘石」×1；物品 ID 3981「妖怪のための大秘石」×2","金币：30000；材料：物品 ID 94「空的绝秘石」×1；物品 ID 3981「妖怪的大秘石」×2","妖怪的绝秘石"
"3986","サキュバスのための秘石","物品","1666","金币：1000；材料：物品 ID 91「空の秘石」×1；物品 ID 251「妖艶なる尻尾」×1","金币：1000；材料：物品 ID 91「空秘石」×1；物品 ID 251「妖艳的尾巴」×1","魅魔的秘石"
"3987","サキュバスのための大秘石","物品","1861","金币：3000；材料：物品 ID 92「空の大秘石」×1；物品 ID 3986「サキュバスのための秘石」×2","金币：3000；材料：物品 ID 92「空的大秘石」×1；物品 ID 3986「魅魔的秘石」×2","魅魔的大秘石"
"3988","サキュバスのための絶秘石","物品","3254","金币：30000；材料：物品 ID 94「空の絶秘石」×1；物品 ID 3987「サキュバスのための大秘石」×2","金币：30000；材料：物品 ID 94「空的绝秘石」×1；物品 ID 3987「魅魔的大秘石」×2","魅魔的绝秘石"
"3992","吸血鬼のための秘石","物品","1667","金币：1000；材料：物品 ID 91「空の秘石」×1；物品 ID 224「夜の黒片」×1","金币：1000；材料：物品 ID 91「空秘石」×1；物品 ID 224「夜的黑片」×1","吸血鬼的秘石"
"3993","吸血鬼のための大秘石","物品","1862","金币：3000；材料：物品 ID 92「空の大秘石」×1；物品 ID 3992「吸血鬼のための秘石」×2","金币：3000；材料：物品 ID 92「空的大秘石」×1；物品 ID 3992「吸血鬼的秘石」×2","吸血鬼的大秘石"
"3994","吸血鬼のための絶秘石","物品","3255","金币：30000；材料：物品 ID 94「空の絶秘石」×1；物品 ID 3993「吸血鬼のための大秘石」×2","金币：30000；材料：物品 ID 94「空的绝秘石」×1；物品 ID 3993「吸血鬼的大秘石」×2","吸血鬼的绝秘石"
"3998","人魚のための秘石","物品","1668","金币：1000；材料：物品 ID 91「空の秘石」×1；物品 ID 204「人魚の鱗」×1","金币：1000；材料：物品 ID 91「空秘石」×1；物品 ID 204「人鱼的鳞片」×1","人鱼的秘石"
"3999","人魚のための大秘石","物品","1863","金币：3000；材料：物品 ID 92「空の大秘石」×1；物品 ID 3998「人魚のための秘石」×2","金币：3000；材料：物品 ID 92「空的大秘石」×1；物品 ID 3998「人鱼的秘石」×2","人鱼的大秘石"
"4000","人魚のための絶秘石","物品","3256","金币：30000；材料：物品 ID 94「空の絶秘石」×1；物品 ID 3999「人魚のための大秘石」×2","金币：30000；材料：物品 ID 94「空的绝秘石」×1；物品 ID 3999「人鱼的大秘石」×2","人鱼的绝秘石"
"4004","エルフのための秘石","物品","1669","金币：1000；材料：物品 ID 91「空の秘石」×1；物品 ID 230「涙の魔石」×1","金币：1000；材料：物品 ID 91「空秘石」×1；物品 ID 230「泪的魔石」×1","精灵的秘石"
"4005","エルフのための大秘石","物品","1864","金币：3000；材料：物品 ID 92「空の大秘石」×1；物品 ID 4004「エルフのための秘石」×2","金币：3000；材料：物品 ID 92「空的大秘石」×1；物品 ID 4004「精灵的秘石」×2","精灵的大秘石"
"4006","エルフのための絶秘石","物品","3257","金币：30000；材料：物品 ID 94「空の絶秘石」×1；物品 ID 4005「エルフのための大秘石」×2","金币：30000；材料：物品 ID 94「空的绝秘石」×1；物品 ID 4005「精灵的大秘石」×2","精灵的绝秘石"
"4010","フェアリーのための秘石","物品","1670","金币：1000；材料：物品 ID 91「空の秘石」×1；物品 ID 229「精霊のどんぐり」×1","金币：1000；材料：物品 ID 91「空秘石」×1；物品 ID 229「精灵的橡果」×1","妖精的秘石"
"4011","フェアリーのための大秘石","物品","1865","金币：3000；材料：物品 ID 92「空の大秘石」×1；物品 ID 4010「フェアリーのための秘石」×2","金币：3000；材料：物品 ID 92「空的大秘石」×1；物品 ID 4010「妖精的秘石」×2","妖精的大秘石"
"4012","フェアリーのための絶秘石","物品","3258","金币：30000；材料：物品 ID 94「空の絶秘石」×1；物品 ID 4011「フェアリーのための大秘石」×2","金币：30000；材料：物品 ID 94「空的绝秘石」×1；物品 ID 4011「妖精的大秘石」×2","妖精的绝秘石"
"4016","スライムのための秘石","物品","1671","金币：1000；材料：物品 ID 91「空の秘石」×1；物品 ID 218「ぐにゅぐにゅゼリー」×1","金币：1000；材料：物品 ID 91「空秘石」×1；物品 ID 218「咕啾咕啾的果冻」×1","史莱姆的秘石"
"4017","スライムのための大秘石","物品","1866","金币：3000；材料：物品 ID 92「空の大秘石」×1；物品 ID 4016「スライムのための秘石」×2","金币：3000；材料：物品 ID 92「空的大秘石」×1；物品 ID 4016「史莱姆的秘石」×2","史莱姆的大秘石"
"4018","スライムのための絶秘石","物品","3259","金币：30000；材料：物品 ID 94「空の絶秘石」×1；物品 ID 4017「スライムのための大秘石」×2","金币：30000；材料：物品 ID 94「空的绝秘石」×1；物品 ID 4017「史莱姆的大秘石」×2","史莱姆的绝秘石"
"4022","魔獣のための秘石","物品","1672","金币：1000；材料：物品 ID 91「空の秘石」×1；物品 ID 244「覇獣の爪」×1","金币：1000；材料：物品 ID 91「空秘石」×1；物品 ID 244「霸兽的爪子」×1","魔兽的秘石"
"4023","魔獣のための大秘石","物品","1867","金币：3000；材料：物品 ID 92「空の大秘石」×1；物品 ID 4022「魔獣のための秘石」×2","金币：3000；材料：物品 ID 92「空的大秘石」×1；物品 ID 4022「魔兽的秘石」×2","魔兽的大秘石"
"4024","魔獣のための絶秘石","物品","3260","金币：30000；材料：物品 ID 94「空の絶秘石」×1；物品 ID 4023「魔獣のための大秘石」×2","金币：30000；材料：物品 ID 94「空的绝秘石」×1；物品 ID 4023「魔兽的大秘石」×2","魔兽的绝秘石"
"4028","妖狐のための秘石","物品","1673","金币：1000；材料：物品 ID 91「空の秘石」×1；物品 ID 242「もふもふしっぽ」×1","金币：1000；材料：物品 ID 91「空秘石」×1；物品 ID 242「毛绒绒的尾巴」×1","妖狐的秘石"
"4029","妖狐のための大秘石","物品","1868","金币：3000；材料：物品 ID 92「空の大秘石」×1；物品 ID 4028「妖狐のための秘石」×2","金币：3000；材料：物品 ID 92「空的大秘石」×1；物品 ID 4028「妖狐的秘石」×2","妖狐的大秘石"
"4030","妖狐のための絶秘石","物品","3261","金币：30000；材料：物品 ID 94「空の絶秘石」×1；物品 ID 4029「妖狐のための大秘石」×2","金币：30000；材料：物品 ID 94「空的绝秘石」×1；物品 ID 4029「妖狐的大秘石」×2","妖狐的绝秘石"
"4034","ラミアのための秘石","物品","1674","金币：1000；材料：物品 ID 91「空の秘石」×1；物品 ID 245「覇蛇の蛇尾」×1","金币：1000；材料：物品 ID 91「空秘石」×1；物品 ID 245「霸蛇的蛇尾」×1","拉米亚的秘石"
"4035","ラミアのための大秘石","物品","1869","金币：3000；材料：物品 ID 92「空の大秘石」×1；物品 ID 4034「ラミアのための秘石」×2","金币：3000；材料：物品 ID 92「空的大秘石」×1；物品 ID 4034「拉米亚的秘石」×2","拉米亚的大秘石"
"4036","ラミアのための絶秘石","物品","3262","金币：30000；材料：物品 ID 94「空の絶秘石」×1；物品 ID 4035「ラミアのための大秘石」×2","金币：30000；材料：物品 ID 94「空的绝秘石」×1；物品 ID 4035「拉米亚的大秘石」×2","拉米亚的绝秘石"
"4040","スキュラのための秘石","物品","1675","金币：1000；材料：物品 ID 91「空の秘石」×1；物品 ID 255「昂ぶる触手」×1","金币：1000；材料：物品 ID 91「空秘石」×1；物品 ID 255「昂扬的触手」×1","斯库拉的秘石"
"4041","スキュラのための大秘石","物品","1870","金币：3000；材料：物品 ID 92「空の大秘石」×1；物品 ID 4040「スキュラのための秘石」×2","金币：3000；材料：物品 ID 92「空的大秘石」×1；物品 ID 4040「斯库拉的秘石」×2","斯库拉的大秘石"
"4042","スキュラのための絶秘石","物品","3263","金币：30000；材料：物品 ID 94「空の絶秘石」×1；物品 ID 4041「スキュラのための大秘石」×2","金币：30000；材料：物品 ID 94「空的绝秘石」×1；物品 ID 4041「斯库拉的大秘石」×2","斯库拉的绝秘石"
"4046","ハーピーのための秘石","物品","1676","金币：1000；材料：物品 ID 91「空の秘石」×1；物品 ID 227「輝く羽根」×1","金币：1000；材料：物品 ID 91「空秘石」×1；物品 ID 227「闪耀的羽毛」×1","哈比的秘石"
"4047","ハーピーのための大秘石","物品","1871","金币：3000；材料：物品 ID 92「空の大秘石」×1；物品 ID 4046「ハーピーのための秘石」×2","金币：3000；材料：物品 ID 92「空的大秘石」×1；物品 ID 4046「哈比的秘石」×2","哈比的大秘石"
"4048","ハーピーのための絶秘石","物品","3264","金币：30000；材料：物品 ID 94「空の絶秘石」×1；物品 ID 4047「ハーピーのための大秘石」×2","金币：30000；材料：物品 ID 94「空的绝秘石」×1；物品 ID 4047「哈比的大秘石」×2","哈比的绝秘石"
"4052","ドラゴンのための秘石","物品","1677","金币：1000；材料：物品 ID 91「空の秘石」×1；物品 ID 247「覇竜の牙」×1","金币：1000；材料：物品 ID 91「空秘石」×1；物品 ID 247「霸龙的牙齿」×1","龙的秘石"
"4053","ドラゴンのための大秘石","物品","1872","金币：3000；材料：物品 ID 92「空の大秘石」×1；物品 ID 4052「ドラゴンのための秘石」×2","金币：3000；材料：物品 ID 92「空的大秘石」×1；物品 ID 4052「龙的秘石」×2","龙的大秘石"
"4054","ドラゴンのための絶秘石","物品","3265","金币：30000；材料：物品 ID 94「空の絶秘石」×1；物品 ID 4053「ドラゴンのための大秘石」×2","金币：30000；材料：物品 ID 94「空的绝秘石」×1；物品 ID 4053「龙的大秘石」×2","龙的绝秘石"
"4058","陸棲種のための秘石","物品","1678","金币：1000；材料：物品 ID 91「空の秘石」×1；物品 ID 194「鋭い牙」×1","金币：1000；材料：物品 ID 91「空秘石」×1；物品 ID 194「尖牙」×1","陆栖种的秘石"
"4059","陸棲種のための大秘石","物品","1873","金币：3000；材料：物品 ID 92「空の大秘石」×1；物品 ID 4058「陸棲種のための秘石」×2","金币：3000；材料：物品 ID 92「空的大秘石」×1；物品 ID 4058「陆栖种的秘石」×2","陆栖种的大秘石"
"4060","陸棲種のための絶秘石","物品","3266","金币：30000；材料：物品 ID 94「空の絶秘石」×1；物品 ID 4059「陸棲種のための大秘石」×2","金币：30000；材料：物品 ID 94「空的绝秘石」×1；物品 ID 4059「陆栖种的大秘石」×2","陆栖种的绝秘石"
"4064","海棲種のための秘石","物品","1679","金币：1000；材料：物品 ID 91「空の秘石」×1；物品 ID 226「大海の珊瑚」×1","金币：1000；材料：物品 ID 91「空秘石」×1；物品 ID 226「大海的珊瑚」×1","海栖种的秘石"
"4065","海棲種のための大秘石","物品","1874","金币：3000；材料：物品 ID 92「空の大秘石」×1；物品 ID 4064「海棲種のための秘石」×2","金币：3000；材料：物品 ID 92「空的大秘石」×1；物品 ID 4064「海栖种的秘石」×2","海栖种的大秘石"
"4066","海棲種のための絶秘石","物品","3267","金币：30000；材料：物品 ID 94「空の絶秘石」×1；物品 ID 4065「海棲種のための大秘石」×2","金币：30000；材料：物品 ID 94「空的绝秘石」×1；物品 ID 4065「海栖种的大秘石」×2","海栖种的绝秘石"
"4070","妖虫のための秘石","物品","1680","金币：1000；材料：物品 ID 91「空の秘石」×1；物品 ID 261「神蟲の鱗粉」×1","金币：1000；材料：物品 ID 91「空秘石」×1；物品 ID 261「神虫鳞粉」×1","妖虫的秘石"
"4071","妖虫のための大秘石","物品","1875","金币：3000；材料：物品 ID 92「空の大秘石」×1；物品 ID 4070「妖虫のための秘石」×2","金币：3000；材料：物品 ID 92「空的大秘石」×1；物品 ID 4070「妖虫的秘石」×2","妖虫的大秘石"
"4072","妖虫のための絶秘石","物品","3268","金币：30000；材料：物品 ID 94「空の絶秘石」×1；物品 ID 4071「妖虫のための大秘石」×2","金币：30000；材料：物品 ID 94「空的绝秘石」×1；物品 ID 4071「妖虫的大秘石」×2","妖虫的绝秘石"
"4076","アルラウネのための秘石","物品","1681","金币：1000；材料：物品 ID 91「空の秘石」×1；物品 ID 257「偉大なる花びら」×1","金币：1000；材料：物品 ID 91「空秘石」×1；物品 ID 257「伟大的花瓣」×1","阿娜温的秘石"
"4077","アルラウネのための大秘石","物品","1876","金币：3000；材料：物品 ID 92「空の大秘石」×1；物品 ID 4076「アルラウネのための秘石」×2","金币：3000；材料：物品 ID 92「空的大秘石」×1；物品 ID 4076「阿娜温的秘石」×2","阿娜温的大秘石"
"4078","アルラウネのための絶秘石","物品","3269","金币：30000；材料：物品 ID 94「空の絶秘石」×1；物品 ID 4077「アルラウネのための大秘石」×2","金币：30000；材料：物品 ID 94「空的绝秘石」×1；物品 ID 4077「阿娜温的大秘石」×2","阿娜温的绝秘石"
"4082","ゾンビのための秘石","物品","1682","金币：1000；材料：物品 ID 91「空の秘石」×1；物品 ID 221「ネクロパウダー」×1","金币：1000；材料：物品 ID 91「空秘石」×1；物品 ID 221「死灵粉末」×1","僵尸的秘石"
"4083","ゾンビのための大秘石","物品","1877","金币：3000；材料：物品 ID 92「空の大秘石」×1；物品 ID 4082「ゾンビのための秘石」×2","金币：3000；材料：物品 ID 92「空的大秘石」×1；物品 ID 4082「僵尸的秘石」×2","僵尸的大秘石"
"4084","ゾンビのための絶秘石","物品","3270","金币：30000；材料：物品 ID 94「空の絶秘石」×1；物品 ID 4083「ゾンビのための大秘石」×2","金币：30000；材料：物品 ID 94「空的绝秘石」×1；物品 ID 4083「僵尸的大秘石」×2","僵尸的绝秘石"
"4088","ゴーストのための秘石","物品","1683","金币：1000；材料：物品 ID 91「空の秘石」×1；物品 ID 185「幽霊の髪」×1","金币：1000；材料：物品 ID 91「空秘石」×1；物品 ID 185「幽灵的头发」×1","幽灵的秘石"
"4089","ゴーストのための大秘石","物品","1878","金币：3000；材料：物品 ID 92「空の大秘石」×1；物品 ID 4088「ゴーストのための秘石」×2","金币：3000；材料：物品 ID 92「空的大秘石」×1；物品 ID 4088「幽灵的秘石」×2","幽灵的大秘石"
"4090","ゴーストのための絶秘石","物品","3271","金币：30000；材料：物品 ID 94「空の絶秘石」×1；物品 ID 4089「ゴーストのための大秘石」×2","金币：30000；材料：物品 ID 94「空的绝秘石」×1；物品 ID 4089「幽灵的大秘石」×2","幽灵的绝秘石"
"4094","ドールのための秘石","物品","1684","金币：1000；材料：物品 ID 91「空の秘石」×1；物品 ID 233「傀儡歯車」×1","金币：1000；材料：物品 ID 91「空秘石」×1；物品 ID 233「傀儡齿轮」×1","人偶的秘石"
"4095","ドールのための大秘石","物品","1879","金币：3000；材料：物品 ID 92「空の大秘石」×1；物品 ID 4094「ドールのための秘石」×2","金币：3000；材料：物品 ID 92「空的大秘石」×1；物品 ID 4094「人偶的秘石」×2","人偶的大秘石"
"4096","ドールのための絶秘石","物品","3272","金币：30000；材料：物品 ID 94「空の絶秘石」×1；物品 ID 4095「ドールのための大秘石」×2","金币：30000；材料：物品 ID 94「空的绝秘石」×1；物品 ID 4095「人偶的大秘石」×2","人偶的绝秘石"
"4100","キメラのための秘石","物品","1685","金币：1000；材料：物品 ID 91「空の秘石」×1；物品 ID 240「イデア細胞」×1","金币：1000；材料：物品 ID 91「空秘石」×1；物品 ID 240「伊迪亚细胞」×1","奇美拉的秘石"
"4101","キメラのための大秘石","物品","1880","金币：3000；材料：物品 ID 92「空の大秘石」×1；物品 ID 4100「キメラのための秘石」×2","金币：3000；材料：物品 ID 92「空的大秘石」×1；物品 ID 4100「奇美拉的秘石」×2","奇美拉的大秘石"
"4102","キメラのための絶秘石","物品","3273","金币：30000；材料：物品 ID 94「空の絶秘石」×1；物品 ID 4101「キメラのための大秘石」×2","金币：30000；材料：物品 ID 94「空的绝秘石」×1；物品 ID 4101「奇美拉的大秘石」×2","奇美拉的绝秘石"
"4106","天使のための秘石","物品","1686","金币：1000；材料：物品 ID 91「空の秘石」×1；物品 ID 252「奇跡の羽根」×1","金币：1000；材料：物品 ID 91「空秘石」×1；物品 ID 252「奇迹的羽毛」×1","天使的秘石"
"4107","天使のための大秘石","物品","1881","金币：3000；材料：物品 ID 92「空の大秘石」×1；物品 ID 4106「天使のための秘石」×2","金币：3000；材料：物品 ID 92「空的大秘石」×1；物品 ID 4106「天使的秘石」×2","天使的大秘石"
"4108","天使のための絶秘石","物品","3274","金币：30000；材料：物品 ID 94「空の絶秘石」×1；物品 ID 4107「天使のための大秘石」×2","金币：30000；材料：物品 ID 94「空的绝秘石」×1；物品 ID 4107「天使的大秘石」×2","天使的绝秘石"
"4112","ロイドのための秘石","物品","1687","金币：1000；材料：物品 ID 91「空の秘石」×1；物品 ID 233「傀儡歯車」×1","金币：1000；材料：物品 ID 91「空秘石」×1；物品 ID 233「傀儡齿轮」×1","机器人的秘石"
"4113","ロイドのための大秘石","物品","1882","金币：3000；材料：物品 ID 92「空の大秘石」×1；物品 ID 4112「ロイドのための秘石」×2","金币：3000；材料：物品 ID 92「空的大秘石」×1；物品 ID 4112「机器人的秘石」×2","机器人的大秘石"
"4114","ロイドのための絶秘石","物品","3275","金币：30000；材料：物品 ID 94「空の絶秘石」×1；物品 ID 4113「ロイドのための大秘石」×2","金币：30000；材料：物品 ID 94「空的绝秘石」×1；物品 ID 4113「机器人的大秘石」×2","机器人的绝秘石"
"4118","巨人のための秘石","物品","1688","金币：1000；材料：物品 ID 91「空の秘石」×1；物品 ID 228「大一角」×1","金币：1000；材料：物品 ID 91「空秘石」×1；物品 ID 228「大一角」×1","巨人的秘石"
"4119","巨人のための大秘石","物品","1883","金币：3000；材料：物品 ID 92「空の大秘石」×1；物品 ID 4118「巨人のための秘石」×2","金币：3000；材料：物品 ID 92「空的大秘石」×1；物品 ID 4118「巨人的秘石」×2","巨人的大秘石"
"4120","巨人のための絶秘石","物品","3276","金币：30000；材料：物品 ID 94「空の絶秘石」×1；物品 ID 4119「巨人のための大秘石」×2","金币：30000；材料：物品 ID 94「空的绝秘石」×1；物品 ID 4119「巨人的大秘石」×2","巨人的绝秘石"
"4124","アポトーシスのための秘石","物品","1689","金币：1000；材料：物品 ID 91「空の秘石」×1；物品 ID 253「カオストロン」×1","金币：1000；材料：物品 ID 91「空秘石」×1；物品 ID 253「混沌之核」×1","凋零者的秘石"
"4125","アポトーシスのための大秘石","物品","1884","金币：3000；材料：物品 ID 92「空の大秘石」×1；物品 ID 4124「アポトーシスのための秘石」×2","金币：3000；材料：物品 ID 92「空的大秘石」×1；物品 ID 4124「凋零者的秘石」×2","凋零者的大秘石"
"4126","アポトーシスのための絶秘石","物品","3277","金币：30000；材料：物品 ID 94「空の絶秘石」×1；物品 ID 4125「アポトーシスのための大秘石」×2","金币：30000；材料：物品 ID 94「空的绝秘石」×1；物品 ID 4125「凋零者的大秘石」×2","凋零者的绝秘石"
"4183","無属性強化の大秘石","物品","1934","金币：3000；材料：物品 ID 92「空の大秘石」×1；物品 ID 4182「無属性強化の秘石」×2","金币：3000；材料：物品 ID 92「空的大秘石」×1；物品 ID 4182「无属性强化的秘石」×2","无属性强化的大秘石"
"4187","銀河強化の大秘石","物品","1933","金币：3000；材料：物品 ID 92「空の大秘石」×1；物品 ID 2894「聖強化の大秘石」×1；物品 ID 2899「闇強化の大秘石」×1","金币：3000；材料：物品 ID 92「空的大秘石」×1；物品 ID 2894「圣强化的大秘石」×1；物品 ID 2899「暗强化的大秘石」×1","银河强化的大秘石"
"4188","銀河強化の超秘石","物品","3028","金币：50000；材料：物品 ID 93「空の超秘石」×1；物品 ID 4187「銀河強化の大秘石」×2","金币：50000；材料：物品 ID 93「空的超秘石」×1；物品 ID 4187「银河强化的大秘石」×2","银河强化的超秘石"
"4189","銀河強化の極秘石","物品","3374","金币：300000；材料：物品 ID 95「空の極秘石」×1；物品 ID 4188「銀河強化の超秘石」×2","金币：300000；材料：物品 ID 95「空的极秘石」×1；物品 ID 4188「银河强化的超秘石」×2","银河强化的极秘石"
"4193","修羅強化の超秘石","物品","3029","金币：50000；材料：物品 ID 93「空の超秘石」×1；物品 ID 4192「修羅強化の大秘石」×2","金币：50000；材料：物品 ID 93「空的超秘石」×1；物品 ID 4192「修罗强化的大秘石」×2","修罗强化的超秘石"
"4194","修羅強化の極秘石","物品","3375","金币：300000；材料：物品 ID 95「空の極秘石」×1；物品 ID 4193「修羅強化の超秘石」×2","金币：300000；材料：物品 ID 95「空的极秘石」×1；物品 ID 4193「修罗强化的超秘石」×2","修罗强化的极秘石"
"4198","ナイトメア強化の超秘石","物品","3030","金币：50000；材料：物品 ID 93「空の超秘石」×1；物品 ID 4197「ナイトメア強化の大秘石」×2","金币：50000；材料：物品 ID 93「空的超秘石」×1；物品 ID 4197「噩梦强化的大秘石」×2","噩梦强化的超秘石"
"4199","ナイトメア強化の極秘石","物品","3376","金币：300000；材料：物品 ID 95「空の極秘石」×1；物品 ID 4198「ナイトメア強化の超秘石」×2","金币：300000；材料：物品 ID 95「空的极秘石」×1；物品 ID 4198「噩梦强化的超秘石」×2","噩梦强化的极秘石"
"4202","核熱強化の大秘石","物品","1925","金币：3000；材料：物品 ID 92「空の大秘石」×1；物品 ID 2864「炎強化の大秘石」×2","金币：3000；材料：物品 ID 92「空的大秘石」×1；物品 ID 2864「炎强化的大秘石」×2","核热强化的大秘石"
"4203","核熱強化の超秘石","物品","3031","金币：50000；材料：物品 ID 93「空の超秘石」×1；物品 ID 4202「核熱強化の大秘石」×2","金币：50000；材料：物品 ID 93「空的超秘石」×1；物品 ID 4202「核热强化的大秘石」×2","核热强化的超秘石"
"4204","核熱強化の極秘石","物品","3377","金币：300000；材料：物品 ID 95「空の極秘石」×1；物品 ID 4203「核熱強化の超秘石」×2","金币：300000；材料：物品 ID 95「空的极秘石」×1；物品 ID 4203「核热强化的超秘石」×2","核热强化的极秘石"
"4207","量子強化の大秘石","物品","1926","金币：3000；材料：物品 ID 92「空の大秘石」×1；物品 ID 2869「氷強化の大秘石」×2","金币：3000；材料：物品 ID 92「空的大秘石」×1；物品 ID 2869「冰强化的大秘石」×2","量子强化的大秘石"
"4208","量子強化の超秘石","物品","3032","金币：50000；材料：物品 ID 93「空の超秘石」×1；物品 ID 4207「量子強化の大秘石」×2","金币：50000；材料：物品 ID 93「空的超秘石」×1；物品 ID 4207「量子强化的大秘石」×2","量子强化的超秘石"
"4209","量子強化の極秘石","物品","3378","金币：300000；材料：物品 ID 95「空の極秘石」×1；物品 ID 4208「量子強化の超秘石」×2","金币：300000；材料：物品 ID 95「空的极秘石」×1；物品 ID 4208「量子强化的超秘石」×2","量子强化的极秘石"
"4212","イオン強化の大秘石","物品","1927","金币：3000；材料：物品 ID 92「空の大秘石」×1；物品 ID 2874「雷強化の大秘石」×2","金币：3000；材料：物品 ID 92「空的大秘石」×1；物品 ID 2874「雷强化的大秘石」×2","离子强化的大秘石"
"4213","イオン強化の超秘石","物品","3033","金币：50000；材料：物品 ID 93「空の超秘石」×1；物品 ID 4212「イオン強化の大秘石」×2","金币：50000；材料：物品 ID 93「空的超秘石」×1；物品 ID 4212「离子强化的大秘石」×2","离子强化的超秘石"
"4214","イオン強化の極秘石","物品","3379","金币：300000；材料：物品 ID 95「空の極秘石」×1；物品 ID 4213「イオン強化の超秘石」×2","金币：300000；材料：物品 ID 95「空的极秘石」×1；物品 ID 4213「离子强化的超秘石」×2","离子强化的极秘石"
"4217","ハドロン強化の大秘石","物品","1928","金币：3000；材料：物品 ID 92「空の大秘石」×1；物品 ID 2879「風強化の大秘石」×2","金币：3000；材料：物品 ID 92「空的大秘石」×1；物品 ID 2879「风强化的大秘石」×2","强子强化的大秘石"
"4218","ハドロン強化の超秘石","物品","3034","金币：50000；材料：物品 ID 93「空の超秘石」×1；物品 ID 4217「ハドロン強化の大秘石」×2","金币：50000；材料：物品 ID 93「空的超秘石」×1；物品 ID 4217「强子强化的大秘石」×2","强子强化的超秘石"
"4219","ハドロン強化の極秘石","物品","3380","金币：300000；材料：物品 ID 95「空の極秘石」×1；物品 ID 4218「ハドロン強化の超秘石」×2","金币：300000；材料：物品 ID 95「空的极秘石」×1；物品 ID 4218「强子强化的超秘石」×2","强子强化的极秘石"
"4222","テラ強化の大秘石","物品","1929","金币：3000；材料：物品 ID 92「空の大秘石」×1；物品 ID 2884「土強化の大秘石」×2","金币：3000；材料：物品 ID 92「空的大秘石」×1；物品 ID 2884「土强化的大秘石」×2","大地强化的大秘石"
"4223","テラ強化の超秘石","物品","3035","金币：50000；材料：物品 ID 93「空の超秘石」×1；物品 ID 4222「テラ強化の大秘石」×2","金币：50000；材料：物品 ID 93「空的超秘石」×1；物品 ID 4222「大地强化的大秘石」×2","大地强化的超秘石"
"4224","テラ強化の極秘石","物品","3381","金币：300000；材料：物品 ID 95「空の極秘石」×1；物品 ID 4223「テラ強化の超秘石」×2","金币：300000；材料：物品 ID 95「空的极秘石」×1；物品 ID 4223「大地强化的超秘石」×2","大地强化的极秘石"
"4227","ナノ強化の大秘石","物品","1930","金币：3000；材料：物品 ID 92「空の大秘石」×1；物品 ID 2889「水強化の大秘石」×2","金币：3000；材料：物品 ID 92「空的大秘石」×1；物品 ID 2889「水强化的大秘石」×2","纳米强化的大秘石"
"4228","ナノ強化の超秘石","物品","3036","金币：50000；材料：物品 ID 93「空の超秘石」×1；物品 ID 4227「ナノ強化の大秘石」×2","金币：50000；材料：物品 ID 93「空的超秘石」×1；物品 ID 4227「纳米强化的大秘石」×2","纳米强化的超秘石"
"4229","ナノ強化の極秘石","物品","3382","金币：300000；材料：物品 ID 95「空の極秘石」×1；物品 ID 4228「ナノ強化の超秘石」×2","金币：300000；材料：物品 ID 95「空的极秘石」×1；物品 ID 4228「纳米强化的超秘石」×2","纳米强化的极秘石"
"4232","永劫強化の大秘石","物品","1931","金币：3000；材料：物品 ID 92「空の大秘石」×1；物品 ID 2894「聖強化の大秘石」×2","金币：3000；材料：物品 ID 92「空的大秘石」×1；物品 ID 2894「圣强化的大秘石」×2","永劫强化的大秘石"
"4233","永劫強化の超秘石","物品","3037","金币：50000；材料：物品 ID 93「空の超秘石」×1；物品 ID 4232「永劫強化の大秘石」×2","金币：50000；材料：物品 ID 93「空的超秘石」×1；物品 ID 4232「永劫强化的大秘石」×2","永劫强化的超秘石"
"4234","永劫強化の極秘石","物品","3383","金币：300000；材料：物品 ID 95「空の極秘石」×1；物品 ID 4233「永劫強化の超秘石」×2","金币：300000；材料：物品 ID 95「空的极秘石」×1；物品 ID 4233「永劫强化的超秘石」×2","永劫强化的极秘石"
"4237","終焉強化の大秘石","物品","1932","金币：3000；材料：物品 ID 92「空の大秘石」×1；物品 ID 2899「闇強化の大秘石」×2","金币：3000；材料：物品 ID 92「空的大秘石」×1；物品 ID 2899「暗强化的大秘石」×2","终焉强化的大秘石"
"4238","終焉強化の超秘石","物品","3038","金币：50000；材料：物品 ID 93「空の超秘石」×1；物品 ID 4237「終焉強化の大秘石」×2","金币：50000；材料：物品 ID 93「空的超秘石」×1；物品 ID 4237「终焉强化的大秘石」×2","终焉强化的超秘石"
"4239","終焉強化の極秘石","物品","3384","金币：300000；材料：物品 ID 95「空の極秘石」×1；物品 ID 4238「終焉強化の超秘石」×2","金币：300000；材料：物品 ID 95「空的极秘石」×1；物品 ID 4238「终焉强化的超秘石」×2","终焉强化的极秘石"
"4264","銀河耐性の大秘石","物品","1922","金币：3000；材料：物品 ID 92「空の大秘石」×1；物品 ID 3178「聖耐性の大秘石」×1；物品 ID 3184「闇耐性の大秘石」×1","金币：3000；材料：物品 ID 92「空的大秘石」×1；物品 ID 3178「圣耐性的大秘石」×1；物品 ID 3184「暗耐性的大秘石」×1","银河耐性的大秘石"
"4265","銀河耐性の絶秘石","物品","3323","金币：50000；材料：物品 ID 94「空の絶秘石」×1；物品 ID 4264「銀河耐性の大秘石」×2","金币：50000；材料：物品 ID 94「空的绝秘石」×1；物品 ID 4264「银河耐性的大秘石」×2","银河耐性的绝秘石"
"4271","修羅耐性の絶秘石","物品","3324","金币：50000；材料：物品 ID 94「空の絶秘石」×1；物品 ID 4270「修羅耐性の大秘石」×2","金币：50000；材料：物品 ID 94「空的绝秘石」×1；物品 ID 4270「修罗耐性的大秘石」×2","修罗耐性的绝秘石"
"4277","ナイトメア耐性の絶秘石","物品","3325","金币：50000；材料：物品 ID 94「空の絶秘石」×1；物品 ID 4276「ナイトメア耐性の大秘石」×2","金币：50000；材料：物品 ID 94「空的绝秘石」×1；物品 ID 4276「噩梦耐性的大秘石」×2","噩梦耐性的绝秘石"
"4282","核熱耐性の大秘石","物品","1914","金币：3000；材料：物品 ID 92「空の大秘石」×1；物品 ID 3142「炎耐性の大秘石」×2","金币：3000；材料：物品 ID 92「空的大秘石」×1；物品 ID 3142「炎耐性的大秘石」×2","核热耐性的大秘石"
"4283","核熱耐性の絶秘石","物品","3326","金币：50000；材料：物品 ID 94「空の絶秘石」×1；物品 ID 4282「核熱耐性の大秘石」×2","金币：50000；材料：物品 ID 94「空的绝秘石」×1；物品 ID 4282「核热耐性的大秘石」×2","核热耐性的绝秘石"
"4288","量子耐性の大秘石","物品","1915","金币：3000；材料：物品 ID 92「空の大秘石」×1；物品 ID 3148「氷耐性の大秘石」×2","金币：3000；材料：物品 ID 92「空的大秘石」×1；物品 ID 3148「冰耐性的大秘石」×2","量子耐性的大秘石"
"4289","量子耐性の絶秘石","物品","3327","金币：50000；材料：物品 ID 94「空の絶秘石」×1；物品 ID 4288「量子耐性の大秘石」×2","金币：50000；材料：物品 ID 94「空的绝秘石」×1；物品 ID 4288「量子耐性的大秘石」×2","量子耐性的绝秘石"
"4294","イオン耐性の大秘石","物品","1916","金币：3000；材料：物品 ID 92「空の大秘石」×1；物品 ID 3154「雷耐性の大秘石」×2","金币：3000；材料：物品 ID 92「空的大秘石」×1；物品 ID 3154「雷耐性的大秘石」×2","离子耐性的大秘石"
"4295","イオン耐性の絶秘石","物品","3328","金币：50000；材料：物品 ID 94「空の絶秘石」×1；物品 ID 4294「イオン耐性の大秘石」×2","金币：50000；材料：物品 ID 94「空的绝秘石」×1；物品 ID 4294「离子耐性的大秘石」×2","离子耐性的绝秘石"
"4300","ハドロン耐性の大秘石","物品","1917","金币：3000；材料：物品 ID 92「空の大秘石」×1；物品 ID 3160「風耐性の大秘石」×2","金币：3000；材料：物品 ID 92「空的大秘石」×1；物品 ID 3160「风耐性的大秘石」×2","强子耐性的大秘石"
"4301","ハドロン耐性の絶秘石","物品","3329","金币：50000；材料：物品 ID 94「空の絶秘石」×1；物品 ID 4300「ハドロン耐性の大秘石」×2","金币：50000；材料：物品 ID 94「空的绝秘石」×1；物品 ID 4300「强子耐性的大秘石」×2","强子耐性的绝秘石"
"4306","テラ耐性の大秘石","物品","1918","金币：3000；材料：物品 ID 92「空の大秘石」×1；物品 ID 3166「土耐性の大秘石」×2","金币：3000；材料：物品 ID 92「空的大秘石」×1；物品 ID 3166「土耐性的大秘石」×2","大地耐性的大秘石"
"4307","テラ耐性の絶秘石","物品","3330","金币：50000；材料：物品 ID 94「空の絶秘石」×1；物品 ID 4306「テラ耐性の大秘石」×2","金币：50000；材料：物品 ID 94「空的绝秘石」×1；物品 ID 4306「大地耐性的大秘石」×2","大地耐性的绝秘石"
"4312","ナノ耐性の大秘石","物品","1919","金币：3000；材料：物品 ID 92「空の大秘石」×1；物品 ID 3172「水耐性の大秘石」×2","金币：3000；材料：物品 ID 92「空的大秘石」×1；物品 ID 3172「水耐性的大秘石」×2","纳米耐性的大秘石"
"4313","ナノ耐性の絶秘石","物品","3331","金币：50000；材料：物品 ID 94「空の絶秘石」×1；物品 ID 4312「ナノ耐性の大秘石」×2","金币：50000；材料：物品 ID 94「空的绝秘石」×1；物品 ID 4312「纳米耐性的大秘石」×2","纳米耐性的绝秘石"
"4318","永劫耐性の大秘石","物品","1920","金币：3000；材料：物品 ID 92「空の大秘石」×1；物品 ID 3178「聖耐性の大秘石」×2","金币：3000；材料：物品 ID 92「空的大秘石」×1；物品 ID 3178「圣耐性的大秘石」×2","永劫耐性的大秘石"
"4319","永劫耐性の絶秘石","物品","3332","金币：50000；材料：物品 ID 94「空の絶秘石」×1；物品 ID 4318「永劫耐性の大秘石」×2","金币：50000；材料：物品 ID 94「空的绝秘石」×1；物品 ID 4318「永劫耐性的大秘石」×2","永劫耐性的绝秘石"
"4324","終焉耐性の大秘石","物品","1921","金币：3000；材料：物品 ID 92「空の大秘石」×1；物品 ID 3184「闇耐性の大秘石」×2","金币：3000；材料：物品 ID 92「空的大秘石」×1；物品 ID 3184「暗耐性的大秘石」×2","终焉耐性的大秘石"
"4325","終焉耐性の絶秘石","物品","3333","金币：50000；材料：物品 ID 94「空の絶秘石」×1；物品 ID 4324「終焉耐性の大秘石」×2","金币：50000；材料：物品 ID 94「空的绝秘石」×1；物品 ID 4324「终焉耐性的大秘石」×2","终焉耐性的绝秘石"
