"产物ID","产物名称","产物种类","配方ID","合成方案","中文合成方案","中文产物名称"
"6","エンリカの服＋","防具","103","金币：70；材料：防具 ID 5「エンリカの服」×1；物品 ID 175「蜘蛛の糸」×1","金币：70；材料：防具 ID 5「恩里卡的服装」×1；物品 ID 175「蜘蛛之丝」×1","恩里卡的服装＋"
"9","エンリカの服＋＋","防具","167","金币：330；材料：防具 ID 6「エンリカの服＋」×1；物品 ID 187「涙の宝石」×1","金币：330；材料：防具 ID 6「恩里卡的服装＋」×1；物品 ID 187「泪之宝石」×1","恩里卡的服装＋＋"
"11","エンリカの服＋＋＋","防具","266","金币：180；材料：防具 ID 9「エンリカの服＋＋」×1；物品 ID 209「ふかふかしっぽ」×1","金币：180；材料：防具 ID 9「恩里卡的服装＋＋」×1；物品 ID 209「蓬松的尾巴」×1","恩里卡的服装＋＋＋"
"13","エンリカの服スペシャル","防具","304","金币：280；材料：防具 ID 11「エンリカの服＋＋＋」×1；物品 ID 216「不思議な葉っぱ」×1","金币：280；材料：防具 ID 11「恩里卡的服装＋＋＋」×1；物品 ID 216「不可思议的叶子」×1","恩里卡的服装特别版"
"14","エンリカ・ベイルン","防具","378","金币：450；材料：防具 ID 13「エンリカの服スペシャル」×1；物品 ID 227「輝く羽根」×1","金币：450；材料：防具 ID 13「恩里卡的服装特别版」×1；物品 ID 227「闪耀的羽毛」×1","恩里卡・贝伦"
"15","パンデモニウム","防具","452","金币：780；材料：防具 ID 14「エンリカ・ベイルン」×1；物品 ID 241「天使の羽根」×1","金币：780；材料：防具 ID 14「恩里卡・贝伦」×1；物品 ID 241「天使的羽毛」×1","万魔殿"
"21","忍びの衣改","防具","79","金币：110；材料：防具 ID 20「忍びの衣」×1；物品 ID 175「蜘蛛の糸」×1","金币：110；材料：防具 ID 20「忍者的衣服」×1；物品 ID 175「蜘蛛之丝」×1","忍者的衣服改"
"26","紅蓮武神闘衣","防具","347","金币：550；材料：防具 ID 25「武神の闘衣」×1；物品 ID 52「紅炎石」×1","金币：550；材料：防具 ID 25「武神斗衣」×1；物品 ID 52「红炎石」×1","红莲武神斗衣"
"27","天使闘衣","防具","453","金币：880；材料：防具 ID 26「紅蓮武神闘衣」×1；物品 ID 241「天使の羽根」×1","金币：880；材料：防具 ID 26「红莲武神斗衣」×1；物品 ID 241「天使的羽毛」×1","天使斗衣"
"28","覇竜闘衣","防具","497","金币：3500；材料：防具 ID 27「天使闘衣」×1；物品 ID 247「覇竜の牙」×1","金币：3500；材料：防具 ID 27「天使斗衣」×1；物品 ID 247「霸龙的牙齿」×1","霸龙斗衣"
"32","ハーピーの胸当て","防具","32","金币：35；材料：防具 ID 31「アイアンプレート」×1；物品 ID 168「綺麗な羽根」×1","金币：35；材料：防具 ID 31「铁胸甲」×1；物品 ID 168「美丽的羽毛」×1","哈比胸甲"
"34","エルフィンプレート","防具","56","金币：87；材料：防具 ID 33「ゴールドプレート」×1；物品 ID 170「涙の凝石」×1","金币：87；材料：防具 ID 33「金胸甲」×1；物品 ID 170「泪之凝石」×1","精灵胸甲"
"35","水のプレート","防具","104","金币：107；材料：防具 ID 33「ゴールドプレート」×1；物品 ID 71「水石」×1","金币：107；材料：防具 ID 33「金胸甲」×1；物品 ID 71「水石」×1","水之胸甲"
"36","祝福のプレート","防具","136","金币：137；材料：防具 ID 35「水のプレート」×1；物品 ID 75「聖石」×1","金币：137；材料：防具 ID 35「水之胸甲」×1；物品 ID 75「圣石」×1","祝福胸甲"
"38","涙石プレート","防具","168","金币：310；材料：防具 ID 37「ミスリルプレート」×1；物品 ID 187「涙の宝石」×1","金币：310；材料：防具 ID 37「秘银胸甲」×1；物品 ID 187「泪之宝石」×1","泪石胸甲"
"39","プチオーガプレート","防具","198","金币：430；材料：防具 ID 37「ミスリルプレート」×1；物品 ID 196「小鬼の角」×1","金币：430；材料：防具 ID 37「秘银胸甲」×1；物品 ID 196「小鬼之角」×1","小鬼胸甲"
"41","マーメイドプレート","防具","237","金币：250；材料：防具 ID 40「クリスタルプレート」×1；物品 ID 204「人魚の鱗」×1","金币：250；材料：防具 ID 40「水晶胸甲」×1；物品 ID 204「人鱼的鳞片」×1","人鱼胸甲"
"43","オーガプレート","防具","305","金币：450；材料：防具 ID 39「プチオーガプレート」×1；物品 ID 215「鬼の角」×1","金币：450；材料：防具 ID 39「小鬼胸甲」×1；物品 ID 215「鬼之角」×1","鬼胸甲"
"45","神秘のプレート","防具","379","金币：770；材料：防具 ID 44「オリハルコンプレート」×1；物品 ID 234「神秘の鱗」×1","金币：770；材料：防具 ID 44「奥利哈钢胸甲」×1；物品 ID 234「神秘的鳞片」×1","神秘胸甲"
"47","プリズムプレート・マグナ","防具","409","金币：1200；材料：防具 ID 46「プリズムプレート」×1；物品 ID 69「土流橙土石」×1","金币：1200；材料：防具 ID 46「棱镜胸甲」×1；物品 ID 69「土流橙土石」×1","棱镜胸甲・玛格纳"
"48","フレイムプレート","防具","431","金币：1500；材料：防具 ID 47「プリズムプレート・マグナ」×1；物品 ID 53「赤熱紅炎石」×1","金币：1500；材料：防具 ID 47「棱镜胸甲・玛格纳」×1；物品 ID 53「赤热红炎石」×1","火焰胸甲"
"50","ジャイアントプレート","防具","498","金币：5000；材料：防具 ID 43「オーガプレート」×1；物品 ID 249「奇跡の卵」×1","金币：5000；材料：防具 ID 43「鬼胸甲」×1；物品 ID 249「奇迹的蛋」×1","巨人胸甲"
"54","青銅の鎧改","防具","15","金币：16；材料：防具 ID 53「青銅の鎧」×1；物品 ID 165「ネバネバ粘液」×1","金币：16；材料：防具 ID 53「青铜铠甲」×1；物品 ID 165「黏糊糊粘液」×1","青铜铠甲改"
"57","珊瑚の鎧","防具","80","金币：88；材料：防具 ID 56「鋼鉄の鎧」×1；物品 ID 171「綺麗な珊瑚」×1","金币：88；材料：防具 ID 56「钢铁之铠」×1；物品 ID 171「美丽的珊瑚」×1","珊瑚之铠"
"58","マリンアーマー","防具","105","金币：148；材料：防具 ID 57「珊瑚の鎧」×1；物品 ID 176「頑丈な貝殻」×1","金币：148；材料：防具 ID 57「珊瑚之铠」×1；物品 ID 176「坚固的贝壳」×1","海洋铠甲"
"59","マリンアーマー極","防具","137","金币：208；材料：防具 ID 58「マリンアーマー」×1；物品 ID 179「あやしい触手」×1","金币：208；材料：防具 ID 58「海洋铠甲」×1；物品 ID 179「诡异的触手」×1","海洋铠甲极"
"61","涙石メイル","防具","169","金币：380；材料：防具 ID 60「ミスリルメイル」×1；物品 ID 187「涙の宝石」×1","金币：380；材料：防具 ID 60「秘银铠甲」×1；物品 ID 187「泪之宝石」×1","泪石铠甲"
"62","ミスリルメイル・アース","防具","220","金币：400；材料：防具 ID 60「ミスリルメイル」×1；物品 ID 68「橙土石」×1","金币：400；材料：防具 ID 60「秘银铠甲」×1；物品 ID 68「橙土石」×1","秘银铠甲・土"
"63","ミスリルメイル・アクア","防具","238","金币：200；材料：防具 ID 60「ミスリルメイル」×1；物品 ID 72「青水石」×1","金币：200；材料：防具 ID 60「秘银铠甲」×1；物品 ID 72「青水石」×1","秘银铠甲・水"
"65","魔導の鎧","防具","329","金币：550；材料：防具 ID 64「魔法の鎧」×1；物品 ID 219「魔導の歯車」×1","金币：550；材料：防具 ID 64「魔法之铠」×1；物品 ID 219「魔导齿轮」×1","魔导之铠"
"66","神機魔導の鎧","防具","380","金币：750；材料：防具 ID 65「魔導の鎧」×1；物品 ID 233「傀儡歯車」×1","金币：750；材料：防具 ID 65「魔导之铠」×1；物品 ID 233「傀儡齿轮」×1","神机魔导之铠"
"67","エンジェルクロス","防具","454","金币：1200；材料：防具 ID 66「神機魔導の鎧」×1；物品 ID 241「天使の羽根」×1","金币：1200；材料：防具 ID 66「神机魔导之铠」×1；物品 ID 241「天使的羽毛」×1","天使十字"
"72","聖堂騎士の鎧改","防具","138","金币：290；材料：防具 ID 71「聖堂騎士の鎧」×1；物品 ID 75「聖石」×1","金币：290；材料：防具 ID 71「圣堂骑士之铠」×1；物品 ID 75「圣石」×1","圣堂骑士之铠改"
"74","フォレストエルフカスタム","防具","170","金币：380；材料：防具 ID 73「フォレストガード」×1；物品 ID 187「涙の宝石」×1","金币：380；材料：防具 ID 73「森林守卫」×1；物品 ID 187「泪之宝石」×1","森精灵定制铠甲"
"77","ドラゴンメイル改","防具","199","金币：650；材料：防具 ID 75「ドラゴンメイル」×1；物品 ID 197「竜の鱗」×1","金币：650；材料：防具 ID 75「龙铠甲」×1；物品 ID 197「龙鳞」×1","龙铠甲改"
"79","クリスタルメイル改","防具","239","金币：230；材料：防具 ID 78「クリスタルメイル」×1；物品 ID 201「魔虫の表皮」×1","金币：230；材料：防具 ID 78「水晶铠甲」×1；物品 ID 201「魔虫的表皮」×1","水晶铠甲改"
"83","竜鱗の鎧・強殻","防具","306","金币：420；材料：防具 ID 81「竜鱗の鎧」×1；物品 ID 214「魔虫の羽根」×1","金币：420；材料：防具 ID 81「龙鳞制铠」×1；物品 ID 214「魔虫之羽」×1","龙鳞制铠・强壳"
"87","オリハルコンの鎧改","防具","381","金币：700；材料：防具 ID 86「オリハルコンの鎧」×1；物品 ID 231「魔虫の甲殻」×1","金币：700；材料：防具 ID 86「奥利哈钢制铠」×1；物品 ID 231「魔虫的甲壳」×1","奥利哈钢制铠改"
"89","マキシマムブレイブ","防具","382","金币：920；材料：防具 ID 88「ブレイブアーマー」×1；物品 ID 234「神秘の鱗」×1","金币：920；材料：防具 ID 88「勇气铠甲」×1；物品 ID 234「神秘的鳞片」×1","极限勇气"
"91","プリズムメイル・エア","防具","410","金币：1200；材料：防具 ID 90「プリズムメイル」×1；物品 ID 65「疾風緑風石」×1","金币：1200；材料：防具 ID 90「棱镜铠甲」×1；物品 ID 65「疾风绿风石」×1","棱镜铠甲・风"
"93","グロリアスヘブン","防具","455","金币：1700；材料：防具 ID 92「グロリアスアーマー」×1；物品 ID 241「天使の羽根」×1","金币：1700；材料：防具 ID 92「光荣铠甲」×1；物品 ID 241「天使的羽毛」×1","荣耀天堂"
"95","流星の聖鎧","防具","499","金币：4400；材料：防具 ID 94「流星の鎧」×1；物品 ID 252「奇跡の羽根」×1","金币：4400；材料：防具 ID 94「流星制之铠」×1；物品 ID 252「奇迹的羽毛」×1","流星制圣铠"
"96","流星の魔鎧","防具","500","金币：4400；材料：防具 ID 94「流星の鎧」×1；物品 ID 251「妖艶なる尻尾」×1","金币：4400；材料：防具 ID 94「流星制之铠」×1；物品 ID 251「妖艳的尾巴」×1","流星制魔铠"
"101","グレイトマキシム","防具","565","金币：6700；材料：防具 ID 85「マクシミリアン」×1；防具 ID 89「マキシマムブレイブ」×1；物品 ID 254「強靱なる蛇尾」×1","金币：6700；材料：防具 ID 85「马克西米利安式板甲」×1；防具 ID 89「极限勇气」×1；物品 ID 254「坚韧的蛇尾」×1","伟大麦克斯姆"
"102","ドラゴンメイル参式","防具","566","金币：6700；材料：防具 ID 77「ドラゴンメイル改」×1；物品 ID 247「覇竜の牙」×1","金币：6700；材料：防具 ID 77「龙铠甲改」×1；物品 ID 247「霸龙的牙齿」×1","龙铠参式"
"107","大地の甲羅","防具","81","金币：82；材料：防具 ID 106「金の甲羅」×1；物品 ID 67「土石」×1","金币：82；材料：防具 ID 106「金制甲壳」×1；物品 ID 67「土石」×1","大地的甲壳"
"109","トゲ付き甲羅","防具","200","金币：310；材料：防具 ID 108「ミスリルの甲羅」×1；物品 ID 191「サボテンの棘」×1","金币：310；材料：防具 ID 108「秘银制甲壳」×1；物品 ID 191「仙人掌的刺」×1","带刺甲壳"
"111","マジカル甲羅","防具","267","金币：220；材料：防具 ID 110「クリスタルの甲羅」×1；物品 ID 207「マジカル鱗粉」×1","金币：220；材料：防具 ID 110「水晶制甲壳」×1；物品 ID 207「魔法鳞粉」×1","魔法甲壳"
"113","河童の甲羅","防具","285","金币：380；材料：防具 ID 112「竜鱗の甲羅」×1；物品 ID 212「河童の皿」×1","金币：380；材料：防具 ID 112「龙鳞制甲壳」×1；物品 ID 212「河童之盘」×1","河童甲壳"
"114","紅蓮の甲羅","防具","348","金币：450；材料：防具 ID 113「河童の甲羅」×1；物品 ID 52「紅炎石」×1","金币：450；材料：防具 ID 113「河童甲壳」×1；物品 ID 52「红炎石」×1","红莲甲壳"
"116","神秘の甲羅","防具","383","金币：770；材料：防具 ID 115「オリハルコンの甲羅」×1；物品 ID 234「神秘の鱗」×1","金币：770；材料：防具 ID 115「奥利哈钢制甲壳」×1；物品 ID 234「神秘的鳞片」×1","神秘甲壳"
"118","灼熱の甲羅","防具","432","金币：990；材料：防具 ID 114「紅蓮の甲羅」×1；物品 ID 53「赤熱紅炎石」×1","金币：990；材料：防具 ID 114「红莲甲壳」×1；物品 ID 53「赤热红炎石」×1","灼热甲壳"
"120","悪魔の甲羅","防具","501","金币：3500；材料：防具 ID 119「流星の甲羅」×1；物品 ID 243「禍々しい結晶」×1","金币：3500；材料：防具 ID 119「流星制甲壳」×1；物品 ID 243「不祥的结晶」×1","恶魔甲壳"
"124","ハーピーローブ","防具","33","金币：25；材料：防具 ID 123「シルクのローブ」×1；物品 ID 168「綺麗な羽根」×1","金币：25；材料：防具 ID 123「丝绸长袍」×1；物品 ID 168「美丽的羽毛」×1","哈比长袍"
"125","癒しのローブ","防具","57","金币：50；材料：防具 ID 123「シルクのローブ」×1；物品 ID 169「不思議などんぐり」×1","金币：50；材料：防具 ID 123「丝绸长袍」×1；物品 ID 169「不可思议的橡果」×1","治愈长袍"
"128","緑のローブ","防具","171","金币：430；材料：防具 ID 127「黒のローブ」×1；物品 ID 64「緑風石」×1","金币：430；材料：防具 ID 127「黑色长袍」×1；物品 ID 64「绿风石」×1","绿长袍"
"129","茶のローブ","防具","82","金币：430；材料：防具 ID 127「黒のローブ」×1；物品 ID 67「土石」×1","金币：430；材料：防具 ID 127「黑色长袍」×1；物品 ID 67「土石」×1","茶长袍"
"130","青のローブ","防具","106","金币：430；材料：防具 ID 127「黒のローブ」×1；物品 ID 71「水石」×1","金币：430；材料：防具 ID 127「黑色长袍」×1；物品 ID 71「水石」×1","蓝长袍"
"131","白銀のローブ","防具","139","金币：350；材料：防具 ID 126「白のローブ」×1；物品 ID 75「聖石」×1","金币：350；材料：防具 ID 126「白长袍」×1；物品 ID 75「圣石」×1","白银长袍"
"132","白金のローブ","防具","172","金币：450；材料：防具 ID 131「白銀のローブ」×1；物品 ID 188「妖精のどんぐり」×1","金币：450；材料：防具 ID 131「白银长袍」×1；物品 ID 188「妖精的橡果」×1","白金长袍"
"133","ドグマローブ","防具","221","金币：570；材料：防具 ID 127「黒のローブ」×1；物品 ID 199「ドグマ細胞」×1","金币：570；材料：防具 ID 127「黑色长袍」×1；物品 ID 199「教义细胞」×1","教义长袍"
"134","マーメイドローブ","防具","240","金币：290；材料：防具 ID 126「白のローブ」×1；物品 ID 204「人魚の鱗」×1","金币：290；材料：防具 ID 126「白长袍」×1；物品 ID 204「人鱼的鳞片」×1","人鱼长袍"
"138","ダブルドラゴンローブ","防具","349","金币：550；材料：防具 ID 137「ドラゴンローブ」×1；物品 ID 223「竜の牙」×1","金币：550；材料：防具 ID 137「龙长袍」×1；物品 ID 223「龙的牙齿」×1","双龙长袍"
"139","吸血鬼のローブ","防具","384","金币：660；材料：防具 ID 127「黒のローブ」×1；物品 ID 224「夜の黒片」×1","金币：660；材料：防具 ID 127「黑色长袍」×1；物品 ID 224「夜的黑片」×1","吸血鬼长袍"
"140","エレメンタルローブ","防具","411","金币：680；材料：防具 ID 135「天使のローブ」×1；物品 ID 65「疾風緑風石」×1；物品 ID 69「土流橙土石」×1；物品 ID 73「激流青水石」×1","金币：680；材料：防具 ID 135「天使长袍」×1；物品 ID 65「疾风绿风石」×1；物品 ID 69「土流橙土石」×1；物品 ID 73「激流青水石」×1","元素长袍"
"141","ディジョンローブ","防具","433","金币：720；材料：防具 ID 139「吸血鬼のローブ」×1；物品 ID 235「混沌の塊」×1","金币：720；材料：防具 ID 139「吸血鬼长袍」×1；物品 ID 235「混沌的块」×1","第戎长袍"
"143","九尾のローブ","防具","503","金币：4000；材料：防具 ID 136「陰陽ローブ」×1；物品 ID 242「もふもふしっぽ」×1","金币：4000；材料：防具 ID 136「阴阳长袍」×1；物品 ID 242「毛绒绒的尾巴」×1","九尾长袍"
"150","ふわふわドレス","防具","107","金币：180；材料：防具 ID 149「パーティドレス」×1；物品 ID 174「ふわふわしっぽ」×1","金币：180；材料：防具 ID 149「派对礼服」×1；物品 ID 174「蓬松尾巴」×1","蓬松礼服"
"151","ラミアンドレス","防具","201","金币：340；材料：防具 ID 149「パーティドレス」×1；物品 ID 193「魅惑の蛇尾」×1","金币：340；材料：防具 ID 149「派对礼服」×1；物品 ID 193「魅惑的蛇尾」×1","拉米亚礼服"
"153","花のドレス","防具","268","金币：50；材料：防具 ID 152「ホワイトドレス」×1；物品 ID 205「アルラウネの花」×1","金币：50；材料：防具 ID 152「白色礼服」×1；物品 ID 205「阿娜温的花」×1","花之礼服"
"155","水の羽衣改","防具","330","金币：120；材料：防具 ID 154「水の羽衣」×1；物品 ID 218「ぐにゅぐにゅゼリー」×1","金币：120；材料：防具 ID 154「水之羽衣」×1；物品 ID 218「咕啾咕啾的果冻」×1","水之羽衣改"
"158","プリンセスティアーズ","防具","385","金币：350；材料：防具 ID 157「プリンセスドレス」×1；物品 ID 230「涙の魔石」×1","金币：350；材料：防具 ID 157「公主礼服」×1；物品 ID 230「泪的魔石」×1","公主之泪"
"160","九尾のドレス","防具","504","金币：9900；材料：防具 ID 150「ふわふわドレス」×1；物品 ID 242「もふもふしっぽ」×1","金币：9900；材料：防具 ID 150「蓬松礼服」×1；物品 ID 242「毛绒绒的尾巴」×1","九尾礼服"
"165","貝殻水着","防具","108","金币：150；材料：防具 ID 163「あぶない水着」×1；物品 ID 176「頑丈な貝殻」×1","金币：150；材料：防具 ID 163「危险泳装」×1；物品 ID 176「坚固的贝壳」×1","贝壳泳装"
"166","小悪魔バニースーツ","防具","140","金币：190；材料：防具 ID 164「バニースーツ」×1；物品 ID 181「淫魔の尻尾」×1","金币：190；材料：防具 ID 164「兔女郎装」×1；物品 ID 181「淫魔的尾巴」×1","小恶魔兔女郎套装"
"171","魔香のビスチェ","防具","386","金币：350；材料：防具 ID 170「サキュバスビスチェ」×1；物品 ID 232「艶めかしい花びら」×1","金币：350；材料：防具 ID 170「魅魔胸衣」×1；物品 ID 232「艳丽的花瓣」×1","魔香胸衣"
"178","冒険家の帽子改","防具","16","金币：8；材料：防具 ID 177「冒険家の帽子」×1；物品 ID 165「ネバネバ粘液」×1","金币：8；材料：防具 ID 177「冒险家的帽子」×1；物品 ID 165「黏糊糊粘液」×1","冒险家的帽子改"
"180","ゴージャス羽付き帽子","防具","34","金币：30；材料：防具 ID 179「羽付き帽子」×1；物品 ID 168「綺麗な羽根」×1","金币：30；材料：防具 ID 179「羽毛帽」×1；物品 ID 168「美丽的羽毛」×1","豪华羽毛帽"
"184","カウボーイハット改","防具","109","金币：60；材料：防具 ID 183「カウボーイハット」×1；物品 ID 175「蜘蛛の糸」×1","金币：60；材料：防具 ID 183「牛仔帽」×1；物品 ID 175「蜘蛛之丝」×1","牛仔帽改"
"186","ロイヤルハット・呪髪","防具","173","金币：130；材料：防具 ID 185「ロイヤルハット」×1；物品 ID 185「幽霊の髪」×1","金币：130；材料：防具 ID 185「皇家帽」×1；物品 ID 185「幽灵的头发」×1","皇家帽子・咒发"
"188","紅猫の帽子","防具","269","金币：180；材料：防具 ID 187「紅の帽子」×1；物品 ID 206「猫のヒゲ」×1","金币：180；材料：防具 ID 187「红帽子」×1；物品 ID 206「猫的胡须」×1","红猫帽子"
"190","黒頭巾改","防具","307","金币：350；材料：防具 ID 189「黒頭巾」×1；物品 ID 216「不思議な葉っぱ」×1","金币：350；材料：防具 ID 189「黑头巾」×1；物品 ID 216「不可思议的叶子」×1","黑头巾改"
"191","紅頭巾","防具","350","金币：550；材料：防具 ID 190「黒頭巾改」×1；物品 ID 52「紅炎石」×1","金币：550；材料：防具 ID 190「黑头巾改」×1；物品 ID 52「红炎石」×1","红头巾"
"195","珊瑚の兜","防具","83","金币：60；材料：防具 ID 194「アイアンヘルム」×1；物品 ID 171「綺麗な珊瑚」×1","金币：60；材料：防具 ID 194「铁头盔」×1；物品 ID 171「美丽的珊瑚」×1","珊瑚之盔"
"196","聖珊瑚の兜","防具","141","金币：110；材料：防具 ID 195「珊瑚の兜」×1；物品 ID 75「聖石」×1","金币：110；材料：防具 ID 195「珊瑚之盔」×1；物品 ID 75「圣石」×1","神圣珊瑚之盔"
"198","オックスヘルム","防具","174","金币：290；材料：防具 ID 197「ミスリルヘルム」×1；物品 ID 189「猛牛の角」×1","金币：290；材料：防具 ID 197「秘银头盔」×1；物品 ID 189「猛牛之角」×1","牛角之盔"
"199","グレイトホーン","防具","202","金币：350；材料：防具 ID 198「オックスヘルム」×1；物品 ID 196「小鬼の角」×1","金币：350；材料：防具 ID 198「牛角之盔」×1；物品 ID 196「小鬼之角」×1","巨角头盔"
"201","大海賊の兜","防具","387","金币：740；材料：防具 ID 200「パイレーツメット」×1；物品 ID 226「大海の珊瑚」×1","金币：740；材料：防具 ID 200「海贼头盔」×1；物品 ID 226「大海的珊瑚」×1","大海贼之盔"
"205","鉄仮面改","防具","142","金币：180；材料：防具 ID 204「鉄仮面」×1；物品 ID 182「魔獣の爪」×1","金币：180；材料：防具 ID 204「铁面具」×1；物品 ID 182「魔兽之爪」×1","铁面具改"
"207","アースジェネラル","防具","222","金币：390；材料：防具 ID 206「ジェネラルヘルム」×1；物品 ID 68「橙土石」×1","金币：390；材料：防具 ID 206「将军头盔」×1；物品 ID 68「橙土石」×1","大地将军"
"209","クリスタルヘルム改","防具","241","金币：180；材料：防具 ID 208「クリスタルヘルム」×1；物品 ID 201「魔虫の表皮」×1","金币：180；材料：防具 ID 208「水晶头盔」×1；物品 ID 201「魔虫的表皮」×1","水晶头盔改"
"214","鬼武者の兜","防具","308","金币：450；材料：防具 ID 212「もののふの兜」×1；物品 ID 215「鬼の角」×1","金币：450；材料：防具 ID 212「武士之盔」×1；物品 ID 215「鬼之角」×1","鬼武者之盔"
"216","レッドヘルム","防具","351","金币：500；材料：防具 ID 215「グレートヘルム」×1；物品 ID 52「紅炎石」×1","金币：500；材料：防具 ID 215「巨盔」×1；物品 ID 52「红炎石」×1","红头盔"
"218","オリハルコンの兜改","防具","388","金币：620；材料：防具 ID 217「オリハルコンの兜」×1；物品 ID 231「魔虫の甲殻」×1","金币：620；材料：防具 ID 217「奥利哈钢制头盔」×1；物品 ID 231「魔虫的甲壳」×1","奥利哈钢制头盔改"
"220","プリズムヘルム・マリン","防具","412","金币：820；材料：防具 ID 219「プリズムヘルム」×1；物品 ID 73「激流青水石」×1","金币：820；材料：防具 ID 219「棱镜头盔」×1；物品 ID 73「激流青水石」×1","棱镜头盔・海"
"222","タイガーヘブン","防具","456","金币：1300；材料：防具 ID 221「タイガーヘルム」×1；物品 ID 241「天使の羽根」×1","金币：1300；材料：防具 ID 221「虎盔」×1；物品 ID 241「天使的羽毛」×1","虎天盔"
"224","流星の聖兜","防具","506","金币：3300；材料：防具 ID 223「流星の兜」×1；物品 ID 252「奇跡の羽根」×1","金币：3300；材料：防具 ID 223「流星制头盔」×1；物品 ID 252「奇迹的羽毛」×1","流星制圣头盔"
"225","流星の魔兜","防具","507","金币：3300；材料：防具 ID 223「流星の兜」×1；物品 ID 251「妖艶なる尻尾」×1","金币：3300；材料：防具 ID 223「流星制头盔」×1；物品 ID 251「妖艳的尾巴」×1","流星制魔头盔"
"230","東覇青龍の兜","防具","581","金币：5800；材料：防具 ID 213「青龍の兜」×1；物品 ID 259「深海の鱗」×1","金币：5800；材料：防具 ID 213「青龙之盔」×1；物品 ID 259「深海之鳞」×1","东霸青龙之盔"
"231","竜虎の兜","防具","663","金币：6000；材料：防具 ID 222「タイガーヘブン」×1；物品 ID 267「極竜の牙」×1","金币：6000；材料：防具 ID 222「虎天盔」×1；物品 ID 267「极龙之牙」×1","龙虎之盔"
"232","桜花修羅兜","防具","662","金币：6000；材料：防具 ID 228「修羅の兜」×1；物品 ID 262「神々しい花びら」×1","金币：6000；材料：防具 ID 228「修罗之盔」×1；物品 ID 262「神圣花瓣」×1","樱花修罗盔"
"236","疾風のサークレット","防具","35","金币：22；材料：防具 ID 235「アイアンサークレット」×1；物品 ID 63「風石」×1","金币：22；材料：防具 ID 235「铁头环」×1；物品 ID 63「风石」×1","疾风头环"
"238","奈落のサークレット","防具","58","金币：60；材料：防具 ID 237「ゴールドサークレット」×1；物品 ID 166「混沌の石」×1","金币：60；材料：防具 ID 237「黄金头环」×1；物品 ID 166「混沌之石」×1","奈落头环"
"239","大地のサークレット","防具","84","金币：80；材料：防具 ID 237「ゴールドサークレット」×1；物品 ID 67「土石」×1","金币：80；材料：防具 ID 237「黄金头环」×1；物品 ID 67「土石」×1","大地头环"
"240","大海のサークレット","防具","110","金币：100；材料：防具 ID 237「ゴールドサークレット」×1；物品 ID 71「水石」×1","金币：100；材料：防具 ID 237「黄金头环」×1；物品 ID 71「水石」×1","大海头环"
"242","ミスリルサークレット・エア","防具","175","金币：180；材料：防具 ID 241「ミスリルサークレット」×1；物品 ID 64「緑風石」×1","金币：180；材料：防具 ID 241「秘银头环」×1；物品 ID 64「绿风石」×1","秘银头环・风"
"243","ミスリルサークレット・アース","防具","223","金币：220；材料：防具 ID 241「ミスリルサークレット」×1；物品 ID 68「橙土石」×1","金币：220；材料：防具 ID 241「秘银头环」×1；物品 ID 68「橙土石」×1","秘银头环・土"
"245","マーメイドサークレット","防具","242","金币：160；材料：防具 ID 244「クリスタルサークレット」×1；物品 ID 204「人魚の鱗」×1","金币：160；材料：防具 ID 244「水晶头环」×1；物品 ID 204「人鱼的鳞片」×1","人鱼头环"
"246","妖狐のサークレット","防具","270","金币：180；材料：防具 ID 244「クリスタルサークレット」×1；物品 ID 209「ふかふかしっぽ」×1","金币：180；材料：防具 ID 244「水晶头环」×1；物品 ID 209「蓬松的尾巴」×1","妖狐头环"
"249","ネクロサークレット","防具","331","金币：320；材料：防具 ID 247「竜鱗のサークレット」×1；物品 ID 221「ネクロパウダー」×1","金币：320；材料：防具 ID 247「龙鳞制头环」×1；物品 ID 221「死灵粉末」×1","死灵头环"
"252","エレメンタルサークレット","防具","413","金币：580；材料：防具 ID 251「虹のサークレット」×1；物品 ID 65「疾風緑風石」×1；物品 ID 69「土流橙土石」×1；物品 ID 73「激流青水石」×1","金币：580；材料：防具 ID 251「虹制头环」×1；物品 ID 65「疾风绿风石」×1；物品 ID 69「土流橙土石」×1；物品 ID 73「激流青水石」×1","元素头环"
"253","ディジョンサークレット","防具","434","金币：670；材料：防具 ID 251「虹のサークレット」×1；物品 ID 235「混沌の塊」×1","金币：670；材料：防具 ID 251「虹制头环」×1；物品 ID 235「混沌的块」×1","第戎头环"
"256","九尾の烏帽子","防具","508","金币：3700；材料：防具 ID 246「妖狐のサークレット」×1；防具 ID 248「陰陽の烏帽子」×1；物品 ID 242「もふもふしっぽ」×1","金币：3700；材料：防具 ID 246「妖狐头环」×1；防具 ID 248「阴阳乌帽子」×1；物品 ID 242「毛绒绒的尾巴」×1","九尾乌帽"
"260","安らぎのティアラ","防具","59","金币：68；材料：防具 ID 259「綺麗なティアラ」×1；物品 ID 170「涙の凝石」×1","金币：68；材料：防具 ID 259「美丽冠饰」×1；物品 ID 170「泪之凝石」×1","安宁冠饰"
"262","ホーリーティアラ","防具","143","金币：250；材料：防具 ID 261「ゴールドティアラ」×1；物品 ID 75「聖石」×1","金币：250；材料：防具 ID 261「黄金冠饰」×1；物品 ID 75「圣石」×1","神圣冠饰"
"263","ラミアンクラウン","防具","203","金币：500；材料：防具 ID 262「ホーリーティアラ」×1；物品 ID 193「魅惑の蛇尾」×1","金币：500；材料：防具 ID 262「神圣冠饰」×1；物品 ID 193「魅惑的蛇尾」×1","拉米亚王冠"
"265","マーメイドクラウン","防具","243","金币：250；材料：防具 ID 264「ヒュプノクラウン」×1；物品 ID 204「人魚の鱗」×1","金币：250；材料：防具 ID 264「催眠王冠」×1；物品 ID 204「人鱼的鳞片」×1","人鱼王冠"
"266","メデューサクラウン","防具","332","金币：300；材料：防具 ID 264「ヒュプノクラウン」×1；物品 ID 220「メデューサの蛇」×1","金币：300；材料：防具 ID 264「催眠王冠」×1；物品 ID 220「美杜莎的蛇」×1","美杜莎王冠"
"267","ティアラオブティアーズ","防具","389","金币：400；材料：防具 ID 264「ヒュプノクラウン」×1；物品 ID 230「涙の魔石」×1","金币：400；材料：防具 ID 264「催眠王冠」×1；物品 ID 230「泪的魔石」×1","泪之冠饰"
"273","木の盾改","防具","17","金币：10；材料：防具 ID 272「木の盾」×1；物品 ID 165「ネバネバ粘液」×1","金币：10；材料：防具 ID 272「木盾」×1；物品 ID 165「黏糊糊粘液」×1","改良木盾"
"275","フェザーシールド","防具","204","金币：100；材料：防具 ID 274「軽量シールド」×1；物品 ID 192「不思議な羽根」×1","金币：100；材料：防具 ID 274「轻量盾」×1；物品 ID 192「不可思议的羽毛」×1","羽盾"
"276","シャインディフレクター","防具","390","金币：350；材料：防具 ID 275「フェザーシールド」×1；物品 ID 227「輝く羽根」×1","金币：350；材料：防具 ID 275「羽盾」×1；物品 ID 227「闪耀的羽毛」×1","闪光反射盾"
"281","青銅の盾改","防具","11","金币：14；材料：防具 ID 280「青銅の盾」×1；物品 ID 161「ヌルヌル粘液」×1","金币：14；材料：防具 ID 280「青铜盾」×1；物品 ID 161「黏滑粘液」×1","青铜盾改"
"283","風の盾","防具","36","金币：28；材料：防具 ID 282「アイアンシールド」×1；物品 ID 63「風石」×1","金币：28；材料：防具 ID 282「铁盾」×1；物品 ID 63「风石」×1","风之盾"
"284","珊瑚の盾","防具","85","金币：48；材料：防具 ID 282「アイアンシールド」×1；物品 ID 171「綺麗な珊瑚」×1","金币：48；材料：防具 ID 282「铁盾」×1；物品 ID 171「美丽的珊瑚」×1","珊瑚盾"
"285","大海の盾","防具","111","金币：75；材料：防具 ID 284「珊瑚の盾」×1；物品 ID 71「水石」×1","金币：75；材料：防具 ID 284「珊瑚盾」×1；物品 ID 71「水石」×1","大海盾"
"287","ミスリルシールド・エア","防具","176","金币：190；材料：防具 ID 286「ミスリルシールド」×1；物品 ID 64「緑風石」×1","金币：190；材料：防具 ID 286「秘银盾」×1；物品 ID 64「绿风石」×1","秘银盾・风"
"288","ミスリルシールド・アース","防具","224","金币：220；材料：防具 ID 286「ミスリルシールド」×1；物品 ID 68「橙土石」×1","金币：220；材料：防具 ID 286「秘银盾」×1；物品 ID 68「橙土石」×1","秘银盾・土"
"289","ミスリルシールド・アクア","防具","244","金币：120；材料：防具 ID 286「ミスリルシールド」×1；物品 ID 72「青水石」×1","金币：120；材料：防具 ID 286「秘银盾」×1；物品 ID 72「青水石」×1","秘银盾・水"
"290","河童の盾","防具","286","金币：150；材料：防具 ID 286「ミスリルシールド」×1；物品 ID 212「河童の皿」×1","金币：150；材料：防具 ID 286「秘银盾」×1；物品 ID 212「河童之盘」×1","河童盾"
"295","フレイムシールド","防具","60","金币：58；材料：防具 ID 294「ゴールドシールド」×1；物品 ID 51「炎石」×1","金币：58；材料：防具 ID 294「金盾」×1；物品 ID 51「炎石」×1","火焰之盾"
"296","アイスシールド","防具","61","金币：58；材料：防具 ID 294「ゴールドシールド」×1；物品 ID 55「氷石」×1","金币：58；材料：防具 ID 294「金盾」×1；物品 ID 55「冰石」×1","冰霜之盾"
"297","ゴールドシールド改","防具","86","金币：65；材料：防具 ID 294「ゴールドシールド」×1；物品 ID 173「丈夫な蹄」×1","金币：65；材料：防具 ID 294「金盾」×1；物品 ID 173「坚固的蹄」×1","金盾改"
"299","聖なる盾改","防具","144","金币：150；材料：防具 ID 298「聖なる盾」×1；物品 ID 180「貴重な羊皮紙」×1","金币：150；材料：防具 ID 298「神圣之盾」×1；物品 ID 180「珍贵的羊皮纸」×1","神圣之盾改"
"301","ダークシールド改","防具","177","金币：300；材料：防具 ID 300「ダークシールド」×1；物品 ID 185「幽霊の髪」×1","金币：300；材料：防具 ID 300「黑暗之盾」×1；物品 ID 185「幽灵的头发」×1","黑暗之盾改"
"303","ドラゴンシールド改","防具","205","金币：220；材料：防具 ID 302「ドラゴンシールド」×1；物品 ID 197「竜の鱗」×1","金币：220；材料：防具 ID 302「龙之盾牌」×1；物品 ID 197「龙鳞」×1","龙之盾牌改"
"305","クリスタルの盾改","防具","245","金币：200；材料：防具 ID 304「クリスタルの盾」×1；物品 ID 201「魔虫の表皮」×1","金币：200；材料：防具 ID 304「水晶制盾」×1；物品 ID 201「魔虫的表皮」×1","水晶制盾改"
"309","竜鱗の盾・強殻","防具","309","金币：410；材料：防具 ID 307「竜鱗の盾」×1；物品 ID 214「魔虫の羽根」×1","金币：410；材料：防具 ID 307「龙鳞制盾」×1；物品 ID 214「魔虫之羽」×1","龙鳞制盾・强壳"
"311","レッドシールド","防具","352","金币：550；材料：防具 ID 310「グレートシールド」×1；物品 ID 52「紅炎石」×1","金币：550；材料：防具 ID 310「巨盾」×1；物品 ID 52「红炎石」×1","红盾"
"313","オリハルコンの盾改","防具","391","金币：730；材料：防具 ID 312「オリハルコンの盾」×1；物品 ID 231「魔虫の甲殻」×1","金币：730；材料：防具 ID 312「奥利哈钢制盾」×1；物品 ID 231「魔虫的甲壳」×1","奥利哈钢制盾改"
"315","プリズムシールド・マグナ","防具","414","金币：900；材料：防具 ID 314「プリズムシールド」×1；物品 ID 69「土流橙土石」×1","金币：900；材料：防具 ID 314「棱镜盾」×1；物品 ID 69「土流橙土石」×1","棱镜盾・玛格纳"
"317","自己増殖装甲板","防具","457","金币：1500；材料：防具 ID 316「超装甲板」×1；物品 ID 240「イデア細胞」×1","金币：1500；材料：防具 ID 316「超装甲板」×1；物品 ID 240「伊迪亚细胞」×1","自我增殖装甲板"
"319","流星の聖盾","防具","510","金币：4100；材料：防具 ID 318「流星の盾」×1；物品 ID 252「奇跡の羽根」×1","金币：4100；材料：防具 ID 318「流星制盾」×1；物品 ID 252「奇迹的羽毛」×1","流星制圣盾"
"320","流星の魔盾","防具","511","金币：4100；材料：防具 ID 318「流星の盾」×1；物品 ID 251「妖艶なる尻尾」×1","金币：4100；材料：防具 ID 318「流星制盾」×1；物品 ID 251「妖艳的尾巴」×1","流星制魔盾"
"324","スクトゥム","防具","574","金币：6500；材料：防具 ID 323「ホプリテス」×1；物品 ID 256「恩寵の羽根」×1","金币：6500；材料：防具 ID 323「霍普利特」×1；物品 ID 256「恩宠的羽毛」×1","斯库托姆"
"326","ダブルドラゴンシールド","防具","575","金币：6500；材料：防具 ID 303「ドラゴンシールド改」×1；防具 ID 309「竜鱗の盾・強殻」×1；物品 ID 247「覇竜の牙」×1","金币：6500；材料：防具 ID 303「龙之盾牌改」×1；防具 ID 309「龙鳞制盾・强壳」×1；物品 ID 247「霸龙的牙齿」×1","双龙之盾牌"
"327","北覇玄武の盾","防具","583","金币：7000；材料：防具 ID 308「玄武の盾」×1；物品 ID 254「強靱なる蛇尾」×1","金币：7000；材料：防具 ID 308「玄武之盾」×1；物品 ID 254「坚韧的蛇尾」×1","北霸玄武之盾"
"329","熾天使の盾","防具","669","金币：7800；材料：防具 ID 299「聖なる盾改」×1；防具 ID 319「流星の聖盾」×1；物品 ID 263「神物の破片」×1","金币：7800；材料：防具 ID 299「神圣之盾改」×1；防具 ID 319「流星制圣盾」×1；物品 ID 263「神物碎片」×1","炽天使之盾"
"330","アサルトシールド","防具","670","金币：7800；材料：防具 ID 306「バトルシールド」×1；物品 ID 262「神々しい花びら」×1","金币：7800；材料：防具 ID 306「战斗之盾」×1；物品 ID 262「神圣花瓣」×1","突击盾"
"331","バイオナノシールド","防具","676","金币：8000；材料：防具 ID 317「自己増殖装甲板」×1；物品 ID 264「オズマ細胞」×1；物品 ID 265「ナノ歯車」×1","金币：8000；材料：防具 ID 317「自我增殖装甲板」×1；物品 ID 264「奥兹玛细胞」×1；物品 ID 265「纳米齿轮」×1","生化纳米盾"
"385","シーフの疾風衣","防具","496","金币：2700；材料：防具 ID 8「疾風の服」×1；物品 ID 244「覇獣の爪」×1","金币：2700；材料：防具 ID 8「疾风的服装」×1；物品 ID 244「霸兽的爪子」×1","盗贼的疾风衣"
"388","パンデモニウム＋","防具","561","金币：3300；材料：防具 ID 15「パンデモニウム」×1；物品 ID 257「偉大なる花びら」×1","金币：3300；材料：防具 ID 15「万魔殿」×1；物品 ID 257「伟大的花瓣」×1","万魔殿＋"
"391","竜脈の巫女服","防具","589","金币：3800；材料：防具 ID 12「祝福の巫女服」×1；防具 ID 16「輝きの巫女服」×1；物品 ID 267「極竜の牙」×1","金币：3800；材料：防具 ID 12「祝福的巫女服」×1；防具 ID 16「光辉的巫女服」×1；物品 ID 267「极龙之牙」×1","龙脉的巫女服"
"393","神民服","防具","644","金币：4200；材料：防具 ID 386「一級市民の服」×1；物品 ID 262「神々しい花びら」×1","金币：4200；材料：防具 ID 386「一级市民的服装」×1；物品 ID 262「神圣花瓣」×1","神民服"
"394","パンデモニウム＋＋","防具","645","金币：4200；材料：防具 ID 388「パンデモニウム＋」×1；物品 ID 262「神々しい花びら」×1","金币：4200；材料：防具 ID 388「万魔殿＋」×1；物品 ID 262「神圣花瓣」×1","万魔殿＋＋"
"397","銃士のコート・改","防具","733","金币：4700；材料：防具 ID 392「銃士のコート」×1；物品 ID 269「終蟲の甲殻」×1","金币：4700；材料：防具 ID 392「铳手的长大衣」×1；物品 ID 269「终虫甲壳」×1","铳手大衣・改"
"399","医者の白衣・改","防具","837","金币：6000；材料：防具 ID 389「医者の白衣」×1；物品 ID 285「モルボルの花びら」×1","金币：6000；材料：防具 ID 389「医生的白大褂」×1；物品 ID 285「魔界花的花瓣」×1","医生白大褂・改"
"400","技師の白衣・改","防具","836","金币：6000；材料：防具 ID 390「技師の白衣」×1；物品 ID 278「最終歯車」×1","金币：6000；材料：防具 ID 390「技师的白大褂」×1；物品 ID 278「最终齿轮」×1","技师白大褂・改"
"401","輝光神服","防具","838","金币：6100；材料：防具 ID 391「竜脈の巫女服」×1；防具 ID 393「神民服」×1；防具 ID 394「パンデモニウム＋＋」×1；物品 ID 277「究極の羽根」×1","金币：6100；材料：防具 ID 391「龙脉的巫女服」×1；防具 ID 393「神民服」×1；防具 ID 394「万魔殿＋＋」×1；物品 ID 277「究极之羽」×1","辉光神服"
"402","ナイチンゲール","防具","970","金币：9000；材料：防具 ID 399「医者の白衣・改」×1；物品 ID 2「高級薬草」×1","金币：9000；材料：防具 ID 399「医生白大褂・改」×1；物品 ID 2「高级药草」×1","南丁格尔"
"402","ナイチンゲール","防具","2052","金币：9000；材料：防具 ID 399「医者の白衣・改」×1；物品 ID 829「蒼天の羽根」×1","金币：9000；材料：防具 ID 399「医生白大褂・改」×1；物品 ID 829「苍天的羽毛」×1","南丁格尔"
"403","サンタナ","防具","1005","金币：10000；材料：防具 ID 385「シーフの疾風衣」×1；物品 ID 2「高級薬草」×1","金币：10000；材料：防具 ID 385「盗贼的疾风衣」×1；物品 ID 2「高级药草」×1","桑塔纳"
"403","サンタナ","防具","2087","金币：10000；材料：防具 ID 385「シーフの疾風衣」×1；物品 ID 833「竜王の牙」×1","金币：10000；材料：防具 ID 385「盗贼的疾风衣」×1；物品 ID 833「龙王的牙齿」×1","桑塔纳"
"404","ガンスリンガーコート","防具","1067","金币：12000；材料：防具 ID 397「銃士のコート・改」×1；物品 ID 2「高級薬草」×1","金币：12000；材料：防具 ID 397「铳手大衣・改」×1；物品 ID 2「高级药草」×1","枪手大衣"
"404","ガンスリンガーコート","防具","2149","金币：12000；材料：防具 ID 397「銃士のコート・改」×1；物品 ID 847「アンノウンセル」×1","金币：12000；材料：防具 ID 397「铳手大衣・改」×1；物品 ID 847「未知之卵」×1","枪手大衣"
"405","求道者の白衣","防具","1098","金币：13000；材料：防具 ID 395「傀儡師装束」×1；物品 ID 2「高級薬草」×1","金币：13000；材料：防具 ID 395「傀儡师装束」×1；物品 ID 2「高级药草」×1","求道者白衣"
"405","求道者の白衣","防具","2180","金币：13000；材料：防具 ID 395「傀儡師装束」×1；物品 ID 848「永遠の鱗」×1","金币：13000；材料：防具 ID 395「傀儡师装束」×1；物品 ID 848「永恒的鳞片」×1","求道者白衣"
"406","求道者の黒衣","防具","1099","金币：13000；材料：防具 ID 395「傀儡師装束」×1；物品 ID 2「高級薬草」×1","金币：13000；材料：防具 ID 395「傀儡师装束」×1；物品 ID 2「高级药草」×1","求道者黑衣"
"406","求道者の黒衣","防具","2181","金币：13000；材料：防具 ID 395「傀儡師装束」×1；物品 ID 850「冥界のパウダー」×1","金币：13000；材料：防具 ID 395「傀儡师装束」×1；物品 ID 850「冥界的粉末」×1","求道者黑衣"
"407","ジャスティススーツ","防具","1161","金币：15000；材料：防具 ID 396「ヒーロースーツ」×1；物品 ID 2「高級薬草」×1","金币：15000；材料：防具 ID 396「英雄套装」×1；物品 ID 2「高级药草」×1","正义套装"
"407","ジャスティススーツ","防具","2243","金币：15000；材料：防具 ID 396「ヒーロースーツ」×1；物品 ID 860「Q極細胞」×1","金币：15000；材料：防具 ID 396「英雄套装」×1；物品 ID 860「Q极细胞」×1","正义套装"
"409","カムイ","防具","1202","金币：16000；材料：防具 ID 401「輝光神服」×1；物品 ID 2「高級薬草」×1","金币：16000；材料：防具 ID 401「辉光神服」×1；物品 ID 2「高级药草」×1","神威"
"409","カムイ","防具","2284","金币：16000；材料：防具 ID 401「輝光神服」×1；物品 ID 862「栄光の角」×1","金币：16000；材料：防具 ID 401「辉光神服」×1；物品 ID 862「荣耀的角」×1","神威"
"410","プロトコルゼロ","防具","1221","金币：20000；材料：防具 ID 400「技師の白衣・改」×1；物品 ID 2「高級薬草」×1","金币：20000；材料：防具 ID 400「技师白大褂・改」×1；物品 ID 2「高级药草」×1","零协议"
"410","プロトコルゼロ","防具","2394","金币：20000；材料：防具 ID 400「技師の白衣・改」×1；物品 ID 866「オメガコア」×1","金币：20000；材料：防具 ID 400「技师白大褂・改」×1；物品 ID 866「欧米伽核心」×1","零协议"
"411","求道者の白衣・瞑目","防具","1235","金币：21000；材料：防具 ID 405「求道者の白衣」×1；物品 ID 2「高級薬草」×1","金币：21000；材料：防具 ID 405「求道者白衣」×1；物品 ID 2「高级药草」×1","求道者的白衣・瞑目"
"411","求道者の白衣・瞑目","防具","2407","金币：21000；材料：防具 ID 405「求道者の白衣」×1；物品 ID 867「古神の依代」×1","金币：21000；材料：防具 ID 405「求道者白衣」×1；物品 ID 867「古神的依代」×1","求道者的白衣・瞑目"
"412","求道者の黒衣・紬碧","防具","1236","金币：21000；材料：防具 ID 406「求道者の黒衣」×1；物品 ID 2「高級薬草」×1","金币：21000；材料：防具 ID 406「求道者黑衣」×1；物品 ID 2「高级药草」×1","求道者的黑衣・绢碧"
"412","求道者の黒衣・紬碧","防具","2408","金币：21000；材料：防具 ID 406「求道者の黒衣」×1；物品 ID 867「古神の依代」×1","金币：21000；材料：防具 ID 406「求道者黑衣」×1；物品 ID 867「古神的依代」×1","求道者的黑衣・绢碧"
"413","ナイトメアセーター","防具","1267","金币：22000；材料：防具 ID 387「リリスのセーター」×1；物品 ID 2「高級薬草」×1","金币：22000；材料：防具 ID 387「莉莉丝的毛衣」×1；物品 ID 2「高级药草」×1","噩梦毛衣"
"413","ナイトメアセーター","防具","2455","金币：22000；材料：防具 ID 387「リリスのセーター」×1；物品 ID 876「虚夢の欠片」×1","金币：22000；材料：防具 ID 387「莉莉丝的毛衣」×1；物品 ID 876「虚梦的碎片」×1","噩梦毛衣"
"414","ブレイブフルフォース","防具","1342","金币：20000；材料：防具 ID 408「ブレイブフォース」×1；物品 ID 2「高級薬草」×1","金币：20000；材料：防具 ID 408「勇气之力」×1；物品 ID 2「高级药草」×1","勇气之力"
"414","ブレイブフルフォース","防具","2386","金币：20000；材料：防具 ID 408「ブレイブフォース」×1；物品 ID 878「カオスマター」×1；物品 ID 879「紅蓮の瞳」×1","金币：20000；材料：防具 ID 408「勇气之力」×1；物品 ID 878「混沌物质」×1；物品 ID 879「红莲之瞳」×1","勇气之力"
"415","侵蝕され尽くしたコート","防具","1377","金币：22200；材料：防具 ID 398「侵蝕されたコート」×1；物品 ID 2「高級薬草」×1","金币：22200；材料：防具 ID 398「被侵蚀的大衣」×1；物品 ID 2「高级药草」×1","被侵蚀殆尽的斗篷"
"415","侵蝕され尽くしたコート","防具","2456","金币：22200；材料：防具 ID 398「侵蝕されたコート」×1；物品 ID 886「根源の闇」×1","金币：22200；材料：防具 ID 398「被侵蚀的大衣」×1；物品 ID 886「根源的黑暗」×1","被侵蚀殆尽的斗篷"
"418","上忍の衣","防具","562","金币：4400；材料：防具 ID 21「忍びの衣改」×1；物品 ID 257「偉大なる花びら」×1","金币：4400；材料：防具 ID 21「忍者的衣服改」×1；物品 ID 257「伟大的花瓣」×1","上忍之衣"
"419","グリーンハンター","防具","563","金币：4400；材料：防具 ID 417「狩人の衣」×1；物品 ID 254「強靱なる蛇尾」×1","金币：4400；材料：防具 ID 417「猎人的衣服」×1；物品 ID 254「坚韧的蛇尾」×1","绿色猎人"
"421","熾天使の闘衣","防具","646","金币：5000；材料：防具 ID 27「天使闘衣」×1；物品 ID 262「神々しい花びら」×1","金币：5000；材料：防具 ID 27「天使斗衣」×1；物品 ID 262「神圣花瓣」×1","炽天使的斗衣"
"422","淫魔闘衣","防具","647","金币：5000；材料：防具 ID 27「天使闘衣」×1；物品 ID 266「絶美の尻尾」×1","金币：5000；材料：防具 ID 27「天使斗衣」×1；物品 ID 266「绝美尾巴」×1","淫魔斗衣"
"423","大剣豪の衣","防具","735","金币：6000；材料：防具 ID 24「師範の羽織」×1；物品 ID 267「極竜の牙」×1","金币：6000；材料：防具 ID 24「师范羽织」×1；物品 ID 267「极龙之牙」×1","大剑豪的衣"
"424","インフィニティアサルト","防具","734","金币：6000；材料：防具 ID 29「アサルトスーツ」×1；物品 ID 268「無限細胞」×1","金币：6000；材料：防具 ID 29「突击套装」×1；物品 ID 268「无限细胞」×1","无限突击"
"426","極忍龍衣","防具","839","金币：7200；材料：防具 ID 418「上忍の衣」×1；物品 ID 275「最後の竜牙」×1","金币：7200；材料：防具 ID 418「上忍之衣」×1；物品 ID 275「最终之龙牙」×1","极忍龙衣"
"427","極淫艶衣","防具","840","金币：7200；材料：防具 ID 422「淫魔闘衣」×1；物品 ID 287「世界蛇尾」×1","金币：7200；材料：防具 ID 422「淫魔斗衣」×1；物品 ID 287「世界蛇尾」×1","极淫艳衣"
"428","熾天使の闘衣・聖誅","防具","907","金币：8900；材料：防具 ID 421「熾天使の闘衣」×1；物品 ID 284「シヴァの髪」×1","金币：8900；材料：防具 ID 421「炽天使的斗衣」×1；物品 ID 284「湿婆的头发」×1","炽天使的斗衣・圣诛"
"429","影衣","防具","940","金币：9600；材料：防具 ID 426「極忍龍衣」×1；物品 ID 2「高級薬草」×1","金币：9600；材料：防具 ID 426「极忍龙衣」×1；物品 ID 2「高级药草」×1","影衣"
"429","影衣","防具","2022","金币：9600；材料：防具 ID 426「極忍龍衣」×1；物品 ID 825「ダークマター」×1","金币：9600；材料：防具 ID 426「极忍龙衣」×1；物品 ID 825「暗物质」×1","影衣"
"430","エメラルドハート","防具","1006","金币：12000；材料：防具 ID 419「グリーンハンター」×1；物品 ID 2「高級薬草」×1","金币：12000；材料：防具 ID 419「绿色猎人」×1；物品 ID 2「高级药草」×1","翡翠之心"
"430","エメラルドハート","防具","2088","金币：12000；材料：防具 ID 419「グリーンハンター」×1；物品 ID 834「シャインエキス」×1","金币：12000；材料：防具 ID 419「绿色猎人」×1；物品 ID 834「闪耀精华」×1","翡翠之心"
"431","天剣の衣","防具","1068","金币：14400；材料：防具 ID 423「大剣豪の衣」×1；物品 ID 2「高級薬草」×1","金币：14400；材料：防具 ID 423「大剑豪的衣」×1；物品 ID 2「高级药草」×1","天剑之衣"
"431","天剣の衣","防具","2150","金币：14400；材料：防具 ID 423「大剣豪の衣」×1；物品 ID 846「神威の羽根」×1","金币：14400；材料：防具 ID 423「大剑豪的衣」×1；物品 ID 846「神威的羽毛」×1","天剑之衣"
"432","アンリミテッドアサルト","防具","1135","金币：16800；材料：防具 ID 424「インフィニティアサルト」×1；物品 ID 2「高級薬草」×1","金币：16800；材料：防具 ID 424「无限突击」×1；物品 ID 2「高级药草」×1","无限突击"
"432","アンリミテッドアサルト","防具","2217","金币：16800；材料：防具 ID 424「インフィニティアサルト」×1；物品 ID 855「世界樹の花びら」×1","金币：16800；材料：防具 ID 424「无限突击」×1；物品 ID 855「世界树的花瓣」×1","无限突击"
"433","怒りのドラゴン","防具","2285","金币：19200；材料：防具 ID 28「覇竜闘衣」×1；物品 ID 863「竜神の牙」×1","金币：19200；材料：防具 ID 28「霸龙斗衣」×1；物品 ID 863「龙神的牙齿」×1","愤怒的龙"
"434","シオンの闘衣","防具","1259","金币：26000；材料：防具 ID 428「熾天使の闘衣・聖誅」×1；物品 ID 2「高級薬草」×1","金币：26000；材料：防具 ID 428「炽天使的斗衣・圣诛」×1；物品 ID 2「高级药草」×1","锡安的战斗服"
"434","シオンの闘衣","防具","2417","金币：26000；材料：防具 ID 428「熾天使の闘衣・聖誅」×1；物品 ID 875「永劫の羽根」×1","金币：26000；材料：防具 ID 428「炽天使的斗衣・圣诛」×1；物品 ID 875「永劫的羽根」×1","锡安的战斗服"
"435","神闘衣オシリス","防具","1343","金币：24000；材料：防具 ID 425「オシリスの闘衣」×1；物品 ID 2「高級薬草」×1","金币：24000；材料：防具 ID 425「奥西里斯的斗衣」×1；物品 ID 2「高级药草」×1","神斗衣奥西里斯"
"435","神闘衣オシリス","防具","2387","金币：24000；材料：防具 ID 425「オシリスの闘衣」×1；物品 ID 878「カオスマター」×1；物品 ID 880「雷土の結晶石」×1","金币：24000；材料：防具 ID 425「奥西里斯的斗衣」×1；物品 ID 878「混沌物质」×1；物品 ID 880「雷土的结晶石」×1","神斗衣奥西里斯"
"436","リリスの魔装束","防具","1378","金币：26200；材料：防具 ID 427「極淫艶衣」×1；物品 ID 2「高級薬草」×1","金币：26200；材料：防具 ID 427「极淫艳衣」×1；物品 ID 2「高级药草」×1","莉莉丝的魔装束"
"436","リリスの魔装束","防具","2457","金币：26200；材料：防具 ID 427「極淫艶衣」×1；物品 ID 886「根源の闇」×1","金币：26200；材料：防具 ID 427「极淫艳衣」×1；物品 ID 886「根源的黑暗」×1","莉莉丝的魔装束"
"438","試作複合素材プレート","防具","513","金币：5500；材料：防具 ID 46「プリズムプレート」×1；物品 ID 253「カオストロン」×1","金币：5500；材料：防具 ID 46「棱镜胸甲」×1；物品 ID 253「混沌之核」×1","试作复合材料胸甲"
"442","ワイルドタイガー","防具","590","金币：7000；材料：防具 ID 440「獣の胸当て」×1；物品 ID 260「超力の結晶」×1","金币：7000；材料：防具 ID 440「兽胸甲」×1；物品 ID 260「超力结晶」×1","狂野虎"
"445","大商人の胸当て","防具","648","金币：7700；材料：防具 ID 439「商人の胸当て」×1；物品 ID 261「神蟲の鱗粉」×1","金币：7700；材料：防具 ID 439「商人胸甲」×1；物品 ID 261「神虫鳞粉」×1","大商人胸甲"
"446","大海賊の胸当て","防具","649","金币：7700；材料：防具 ID 441「海賊の胸当て」×1；物品 ID 259「深海の鱗」×1","金币：7700；材料：防具 ID 441「海贼胸甲」×1；物品 ID 259「深海之鳞」×1","大海贼胸甲"
"447","軽複合素材プレート","防具","675","金币：7800；材料：防具 ID 438「試作複合素材プレート」×1；物品 ID 265「ナノ歯車」×1","金币：7800；材料：防具 ID 438「试作复合材料胸甲」×1；物品 ID 265「纳米齿轮」×1","轻复合材料胸甲"
"448","ネクストアーク","防具","683","金币：8000；材料：防具 ID 444「アークチェスト」×1；物品 ID 263「神物の破片」×1","金币：8000；材料：防具 ID 444「弧光胸甲」×1；物品 ID 263「神物碎片」×1","次世代弧光"
"450","神聖なる胸当て","防具","736","金币：8400；材料：防具 ID 49「流星の胸当て」×1；物品 ID 262「神々しい花びら」×1","金币：8400；材料：防具 ID 49「流星制胸甲」×1；物品 ID 262「神圣花瓣」×1","神圣胸甲"
"451","竜の胸当て","防具","737","金币：8400；材料：防具 ID 49「流星の胸当て」×1；物品 ID 267「極竜の牙」×1","金币：8400；材料：防具 ID 49「流星制胸甲」×1；物品 ID 267「极龙之牙」×1","龙之胸甲"
"454","スピードガード","防具","841","金币：12000；材料：防具 ID 443「疾風の胸当て」×1；物品 ID 277「究極の羽根」×1","金币：12000；材料：防具 ID 443「疾风胸甲」×1；物品 ID 277「究极之羽」×1","速度护甲"
"455","聖竜の胸当て","防具","842","金币：12000；材料：防具 ID 450「神聖なる胸当て」×1；防具 ID 451「竜の胸当て」×1；物品 ID 275「最後の竜牙」×1","金币：12000；材料：防具 ID 450「神圣胸甲」×1；防具 ID 451「龙之胸甲」×1；物品 ID 275「最终之龙牙」×1","圣龙胸甲"
"456","軽複合素材プレート・改","防具","880","金币：12500；材料：防具 ID 447「軽複合素材プレート」×1；物品 ID 279「ネクストコア」×1","金币：12500；材料：防具 ID 447「轻复合材料胸甲」×1；物品 ID 279「次世代核心」×1","轻复合材料胸甲・改"
"457","ヒルベルト変換装甲","防具","1016","金币：20000；材料：防具 ID 456「軽複合素材プレート・改」×1；物品 ID 2「高級薬草」×1","金币：20000；材料：防具 ID 456「轻复合材料胸甲・改」×1；物品 ID 2「高级药草」×1","希尔伯特转换装甲"
"457","ヒルベルト変換装甲","防具","2098","金币：20000；材料：防具 ID 456「軽複合素材プレート・改」×1；物品 ID 842「高次半導体」×1","金币：20000；材料：防具 ID 456「轻复合材料胸甲・改」×1；物品 ID 842「高次半导体」×1","希尔伯特转换装甲"
"459","ラストアーク","防具","941","金币：16000；材料：防具 ID 448「ネクストアーク」×1；物品 ID 2「高級薬草」×1","金币：16000；材料：防具 ID 448「次世代弧光」×1；物品 ID 2「高级药草」×1","最终弧光"
"459","ラストアーク","防具","2023","金币：16000；材料：防具 ID 448「ネクストアーク」×1；物品 ID 821「神の涙石」×1","金币：16000；材料：防具 ID 448「次世代弧光」×1；物品 ID 821「神的泪石」×1","最终弧光"
"460","ワールドトレーダー","防具","971","金币：17000；材料：防具 ID 445「大商人の胸当て」×1；物品 ID 2「高級薬草」×1","金币：17000；材料：防具 ID 445「大商人胸甲」×1；物品 ID 2「高级药草」×1","世界商人"
"460","ワールドトレーダー","防具","2053","金币：17000；材料：防具 ID 445「大商人の胸当て」×1；物品 ID 831「魔界樹の花びら」×1","金币：17000；材料：防具 ID 445「大商人胸甲」×1；物品 ID 831「魔界树的花瓣」×1","世界商人"
"461","触手装甲","防具","1007","金币：19000；材料：防具 ID 449「触手まみれの胸当て」×1；物品 ID 2「高級薬草」×1","金币：19000；材料：防具 ID 449「触手缠绕胸甲」×1；物品 ID 2「高级药草」×1","触手装甲"
"461","触手装甲","防具","2089","金币：19000；材料：防具 ID 449「触手まみれの胸当て」×1；物品 ID 835「超蛭蟲細胞」×1","金币：19000；材料：防具 ID 449「触手缠绕胸甲」×1；物品 ID 835「超蛭虫细胞」×1","触手装甲"
"462","タイドタイガー","防具","1037","金币：21000；材料：防具 ID 442「ワイルドタイガー」×1；物品 ID 2「高級薬草」×1","金币：21000；材料：防具 ID 442「狂野虎」×1；物品 ID 2「高级药草」×1","潮汐虎"
"462","タイドタイガー","防具","2119","金币：21000；材料：防具 ID 442「ワイルドタイガー」×1；物品 ID 837「神々しい角」×1","金币：21000；材料：防具 ID 442「狂野虎」×1；物品 ID 837「神圣的角」×1","潮汐虎"
"464","バッカニア","防具","1069","金币：23000；材料：防具 ID 446「大海賊の胸当て」×1；物品 ID 2「高級薬草」×1","金币：23000；材料：防具 ID 446「大海贼胸甲」×1；物品 ID 2「高级药草」×1","巴卡尼亚"
"464","バッカニア","防具","2151","金币：23000；材料：防具 ID 446「大海賊の胸当て」×1；物品 ID 845「神獣の爪」×1","金币：23000；材料：防具 ID 446「大海贼胸甲」×1；物品 ID 845「神兽的爪」×1","巴卡尼亚"
"465","ヘルメスガード","防具","1136","金币：26600；材料：防具 ID 454「スピードガード」×1；物品 ID 2「高級薬草」×1","金币：26600；材料：防具 ID 454「速度护甲」×1；物品 ID 2「高级药草」×1","赫尔墨斯护甲"
"465","ヘルメスガード","防具","2218","金币：26600；材料：防具 ID 454「スピードガード」×1；物品 ID 854「集合意識の甲殻」×1","金币：26600；材料：防具 ID 454「速度护甲」×1；物品 ID 854「集合意识的甲壳」×1","赫尔墨斯护甲"
"466","アトラス","防具","1162","金币：28000；材料：防具 ID 50「ジャイアントプレート」×1；物品 ID 2「高級薬草」×1","金币：28000；材料：防具 ID 50「巨人胸甲」×1；物品 ID 2「高级药草」×1","阿特拉斯"
"466","アトラス","防具","2244","金币：28000；材料：防具 ID 50「ジャイアントプレート」×1；物品 ID 859「牛魔王の角」×1","金币：28000；材料：防具 ID 50「巨人胸甲」×1；物品 ID 859「牛魔王的角」×1","阿特拉斯"
"467","神竜の胸当て","防具","1204","金币：31000；材料：防具 ID 455「聖竜の胸当て」×1；物品 ID 2「高級薬草」×1","金币：31000；材料：防具 ID 455「圣龙胸甲」×1；物品 ID 2「高级药草」×1","神龙胸甲"
"467","神竜の胸当て","防具","2286","金币：31000；材料：防具 ID 455「聖竜の胸当て」×1；物品 ID 863「竜神の牙」×1","金币：31000；材料：防具 ID 455「圣龙胸甲」×1；物品 ID 863「龙神的牙齿」×1","神龙胸甲"
"468","ヒルベルト増幅装甲・最終型","防具","1222","金币：38000；材料：防具 ID 457「ヒルベルト変換装甲」×1；物品 ID 2「高級薬草」×1","金币：38000；材料：防具 ID 457「希尔伯特转换装甲」×1；物品 ID 2「高级药草」×1","希尔伯特增幅装甲・最终型"
"468","ヒルベルト増幅装甲・最終型","防具","2395","金币：38000；材料：防具 ID 457「ヒルベルト変換装甲」×1；物品 ID 866「オメガコア」×1","金币：38000；材料：防具 ID 457「希尔伯特转换装甲」×1；物品 ID 866「欧米伽核心」×1","希尔伯特增幅装甲・最终型"
"471","ハイエンジェルクロス","防具","564","金币：6300；材料：防具 ID 67「エンジェルクロス」×1；物品 ID 256「恩寵の羽根」×1","金币：6300；材料：防具 ID 67「天使十字」×1；物品 ID 256「恩宠的羽毛」×1","高阶天使十字"
"475","神仙万華鎧","防具","738","金币：8600；材料：防具 ID 472「神仙の鎧」×1；物品 ID 262「神々しい花びら」×1","金币：8600；材料：防具 ID 472「神仙之铠」×1；物品 ID 262「神圣花瓣」×1","神仙万华铠"
"476","四精万華鎧","防具","843","金币：11400；材料：防具 ID 475「神仙万華鎧」×1；物品 ID 280「エレメントコア」×1","金币：11400；材料：防具 ID 475「神仙万华铠」×1；物品 ID 280「元素核心」×1","四精万华铠"
"477","ハインの黒鎧","防具","844","金币：11400；材料：防具 ID 473「黒騎士の鎧」×1；物品 ID 273「ハインリヒ細胞」×1","金币：11400；材料：防具 ID 473「黑骑士之铠」×1；物品 ID 273「海因里希细胞」×1","海因的黑铠"
"479","エレメントガード","防具","972","金币：18000；材料：防具 ID 476「四精万華鎧」×1；物品 ID 2「高級薬草」×1","金币：18000；材料：防具 ID 476「四精万华铠」×1；物品 ID 2「高级药草」×1","元素守护"
"479","エレメントガード","防具","2054","金币：18000；材料：防具 ID 476「四精万華鎧」×1；物品 ID 831「魔界樹の花びら」×1","金币：18000；材料：防具 ID 476「四精万华铠」×1；物品 ID 831「魔界树的花瓣」×1","元素守护"
"480","ハインの輝黒鎧","防具","1038","金币：21000；材料：防具 ID 477「ハインの黒鎧」×1；物品 ID 2「高級薬草」×1","金币：21000；材料：防具 ID 477「海因的黑铠」×1；物品 ID 2「高级药草」×1","海因的辉黑铠"
"480","ハインの輝黒鎧","防具","2120","金币：21000；材料：防具 ID 477「ハインの黒鎧」×1；物品 ID 841「ドッペル細胞Σ」×1","金币：21000；材料：防具 ID 477「海因的黑铠」×1；物品 ID 841「克隆体细胞Σ」×1","海因的辉黑铠"
"482","ゴッドクロス","防具","1100","金币：24500；材料：防具 ID 471「ハイエンジェルクロス」×1；物品 ID 2「高級薬草」×1","金币：24500；材料：防具 ID 471「高阶天使十字」×1；物品 ID 2「高级药草」×1","神之十字"
"482","ゴッドクロス","防具","2182","金币：24500；材料：防具 ID 471「ハイエンジェルクロス」×1；物品 ID 848「永遠の鱗」×1","金币：24500；材料：防具 ID 471「高阶天使十字」×1；物品 ID 848「永恒的鳞片」×1","神之十字"
"483","メンアットアームズ","防具","1137","金币：26600；材料：防具 ID 474「バトラーアームズ」×1；物品 ID 2「高級薬草」×1","金币：26600；材料：防具 ID 474「战士之铠」×1；物品 ID 2「高级药草」×1","武器在手"
"483","メンアットアームズ","防具","2219","金币：26600；材料：防具 ID 474「バトラーアームズ」×1；物品 ID 854「集合意識の甲殻」×1","金币：26600；材料：防具 ID 474「战士之铠」×1；物品 ID 854「集合意识的甲壳」×1","武器在手"
"486","紅星の鎧","防具","1425","金币：41800；材料：防具 ID 485「混沌の鎧」×1；物品 ID 2「高級薬草」×1","金币：41800；材料：防具 ID 485「混沌之铠」×1；物品 ID 2「高级药草」×1","红星之铠"
"486","紅星の鎧","防具","2498","金币：41800；材料：防具 ID 485「混沌の鎧」×1；物品 ID 887「反物質」×1","金币：41800；材料：防具 ID 485「混沌之铠」×1；物品 ID 887「反物质」×1","红星之铠"
"488","南覇朱雀の鎧","防具","580","金币：7200；材料：防具 ID 82「朱雀の鎧」×1；物品 ID 271「天空の羽根」×1","金币：7200；材料：防具 ID 82「朱雀之铠」×1；物品 ID 271「天空之羽」×1","南霸朱雀之铠"
"489","七色華鎧","防具","651","金币：8000；材料：防具 ID 91「プリズムメイル・エア」×1；物品 ID 262「神々しい花びら」×1","金币：8000；材料：防具 ID 91「棱镜铠甲・风」×1；物品 ID 262「神圣花瓣」×1","七色华铠"
"490","グロリアスオズマ","防具","650","金币：8000；材料：防具 ID 93「グロリアスヘブン」×1；物品 ID 264「オズマ細胞」×1","金币：8000；材料：防具 ID 93「荣耀天堂」×1；物品 ID 264「奥兹玛细胞」×1","辉煌奥兹玛"
"492","ギガントマキシム","防具","739","金币：9300；材料：防具 ID 101「グレイトマキシム」×1；物品 ID 269「終蟲の甲殻」×1","金币：9300；材料：防具 ID 101「伟大麦克斯姆」×1；物品 ID 269「终虫甲壳」×1","巨型麦克斯"
"493","増殖重装","防具","740","金币：9300；材料：防具 ID 100「無敵重装」×1；物品 ID 282「蛭蟲細胞」×1","金币：9300；材料：防具 ID 100「无敌重装」×1；物品 ID 282「蛭虫细胞」×1","增殖重装"
"493","増殖重装","防具","1203","金币：19200；材料：防具 ID 28「覇竜闘衣」×1；物品 ID 2「高級薬草」×1","金币：19200；材料：防具 ID 28「霸龙斗衣」×1；物品 ID 2「高级药草」×1","增殖重装"
"496","真・聖皇の鎧","防具","845","金币：12500；材料：防具 ID 495「聖皇の鎧」×1；物品 ID 277「究極の羽根」×1","金币：12500；材料：防具 ID 495「圣皇制铠」×1；物品 ID 277「究极之羽」×1","真・圣皇制铠"
"498","真・闇皇の鎧","防具","846","金币：12500；材料：防具 ID 497「闇皇の鎧」×1；物品 ID 281「最後の結晶」×1","金币：12500；材料：防具 ID 497「暗皇制铠」×1；物品 ID 281「最终之结晶」×1","真・暗皇制铠"
"499","バハムートメイル","防具","847","金币：13000；材料：防具 ID 102「ドラゴンメイル参式」×1；物品 ID 275「最後の竜牙」×1","金币：13000；材料：防具 ID 102「龙铠参式」×1；物品 ID 275「最终之龙牙」×1","巴哈姆特之铠"
"500","魔王の鎧","防具","895","金币：14000；材料：防具 ID 99「蛇帝衣ラミアンティーヌ」×1；物品 ID 272「黒のアリス細胞」×1","金币：14000；材料：防具 ID 99「蛇帝衣拉米亚提努」×1；物品 ID 272「黑之爱丽丝细胞」×1","魔王之铠"
"501","英雄の鎧","防具","915","金币：14000；材料：防具 ID 97「ハインリヒの鎧」×1；物品 ID 276「ルカ細胞」×1","金币：14000；材料：防具 ID 97「海因里希之铠」×1；物品 ID 276「鲁卡细胞」×1","英雄之铠"
"505","八色万華鎧","防具","942","金币：17000；材料：防具 ID 489「七色華鎧」×1；物品 ID 2「高級薬草」×1","金币：17000；材料：防具 ID 489「七色华铠」×1；物品 ID 2「高级药草」×1","八色万华铠"
"505","八色万華鎧","防具","2024","金币：17000；材料：防具 ID 489「七色華鎧」×1；物品 ID 823「きらきらゼリー」×1","金币：17000；材料：防具 ID 489「七色华铠」×1；物品 ID 823「闪闪发光的果冻」×1","八色万华铠"
"506","飛竜鎧","防具","973","金币：18500；材料：防具 ID 499「バハムートメイル」×1；物品 ID 2「高級薬草」×1","金币：18500；材料：防具 ID 499「巴哈姆特之铠」×1；物品 ID 2「高级药草」×1","飞龙铠"
"506","飛竜鎧","防具","2055","金币：18500；材料：防具 ID 499「バハムートメイル」×1；物品 ID 829「蒼天の羽根」×1","金币：18500；材料：防具 ID 499「巴哈姆特之铠」×1；物品 ID 829「苍天的羽毛」×1","飞龙铠"
"507","真・覇竜の鎧","防具","1008","金币：20000；材料：防具 ID 491「覇竜の鎧」×1；物品 ID 2「高級薬草」×1","金币：20000；材料：防具 ID 491「霸龙之铠」×1；物品 ID 2「高级药草」×1","真・霸龙之铠"
"507","真・覇竜の鎧","防具","2090","金币：20000；材料：防具 ID 491「覇竜の鎧」×1；物品 ID 833「竜王の牙」×1","金币：20000；材料：防具 ID 491「霸龙之铠」×1；物品 ID 833「龙王的牙齿」×1","真・霸龙之铠"
"510","グロリアスオメガ","防具","1070","金币：24500；材料：防具 ID 490「グロリアスオズマ」×1；物品 ID 2「高級薬草」×1","金币：24500；材料：防具 ID 490「辉煌奥兹玛」×1；物品 ID 2「高级药草」×1","辉煌欧米伽"
"510","グロリアスオメガ","防具","2152","金币：24500；材料：防具 ID 490「グロリアスオズマ」×1；物品 ID 843「終焉の結晶」×1","金币：24500；材料：防具 ID 490「辉煌奥兹玛」×1；物品 ID 843「终焉的结晶」×1","辉煌欧米伽"
"512","灰燼の王","防具","1101","金币：26000；材料：防具 ID 499「バハムートメイル」×1；物品 ID 2「高級薬草」×1","金币：26000；材料：防具 ID 499「巴哈姆特之铠」×1；物品 ID 2「高级药草」×1","灰烬之王"
"512","灰燼の王","防具","2183","金币：26000；材料：防具 ID 499「バハムートメイル」×1；物品 ID 849「悪夢の胞子」×1","金币：26000；材料：防具 ID 499「巴哈姆特之铠」×1；物品 ID 849「恶梦的孢子」×1","灰烬之王"
"514","ヘビーパワード","防具","1163","金币：30000；材料：防具 ID 492「ギガントマキシム」×1；物品 ID 2「高級薬草」×1","金币：30000；材料：防具 ID 492「巨型麦克斯」×1；物品 ID 2「高级药草」×1","重型动力"
"514","ヘビーパワード","防具","2245","金币：30000；材料：防具 ID 492「ギガントマキシム」×1；物品 ID 859「牛魔王の角」×1","金币：30000；材料：防具 ID 492「巨型麦克斯」×1；物品 ID 859「牛魔王的角」×1","重型动力"
"516","楯無","防具","1205","金币：32000；材料：防具 ID 493「増殖重装」×1；物品 ID 2「高級薬草」×1","金币：32000；材料：防具 ID 493「增殖重装」×1；物品 ID 2「高级药草」×1","楯无"
"516","楯無","防具","2287","金币：32000；材料：防具 ID 493「増殖重装」×1；物品 ID 932「カオストルマリン」×1","金币：32000；材料：防具 ID 493「增殖重装」×1；物品 ID 932「混沌电气石」×1","楯无"
"517","四聖南覇朱雀の鎧","防具","1250","金币：34000；材料：防具 ID 488「南覇朱雀の鎧」×1；物品 ID 2「高級薬草」×1","金币：34000；材料：防具 ID 488「南霸朱雀之铠」×1；物品 ID 2「高级药草」×1","四圣南霸朱雀之铠"
"517","四聖南覇朱雀の鎧","防具","2353","金币：34000；材料：防具 ID 488「南覇朱雀の鎧」×1；物品 ID 867「古神の依代」×1","金币：34000；材料：防具 ID 488「南霸朱雀之铠」×1；物品 ID 867「古神的依代」×1","四圣南霸朱雀之铠"
"518","源氏の鎧・マガツ","防具","1251","金币：34000；材料：防具 ID 98「源氏の鎧」×1；物品 ID 2「高級薬草」×1","金币：34000；材料：防具 ID 98「源氏之铠」×1；物品 ID 2「高级药草」×1","源氏之铠・祸津"
"518","源氏の鎧・マガツ","防具","2354","金币：34000；材料：防具 ID 98「源氏の鎧」×1；物品 ID 867「古神の依代」×1","金币：34000；材料：防具 ID 98「源氏之铠」×1；物品 ID 867「古神的依代」×1","源氏之铠・祸津"
"520","覇竜炎帝の鎧","防具","1313","金币：44000；材料：防具 ID 507「真・覇竜の鎧」×1；物品 ID 2「高級薬草」×1","金币：44000；材料：防具 ID 507「真・霸龙之铠」×1；物品 ID 2「高级药草」×1","霸龙炎帝之铠"
"520","覇竜炎帝の鎧","防具","2341","金币：44000；材料：防具 ID 507「真・覇竜の鎧」×1；物品 ID 873「テラ甲殻」×1","金币：44000；材料：防具 ID 507「真・霸龙之铠」×1；物品 ID 873「大地甲壳」×1","霸龙炎帝之铠"
"521","冥府黄泉桜鎧","防具","1314","金币：36000；材料：防具 ID 494「冥府の鎧」×1；防具 ID 508「黄泉の鎧」×1；物品 ID 2「高級薬草」×1","金币：36000；材料：防具 ID 494「冥府之铠」×1；防具 ID 508「黄泉之铠」×1；物品 ID 2「高级药草」×1","冥府黄泉樱铠"
"521","冥府黄泉桜鎧","防具","2342","金币：36000；材料：防具 ID 494「冥府の鎧」×1；防具 ID 508「黄泉の鎧」×1；物品 ID 872「ヌル細胞」×1","金币：36000；材料：防具 ID 494「冥府之铠」×1；防具 ID 508「黄泉之铠」×1；物品 ID 872「努尔细胞」×1","冥府黄泉樱铠"
"522","覇天鎧アテナ","防具","1344","金币：40000；材料：防具 ID 511「アテナの鎧」×1；物品 ID 2「高級薬草」×1","金币：40000；材料：防具 ID 511「雅典娜之铠」×1；物品 ID 2「高级药草」×1","霸天铠雅典娜"
"522","覇天鎧アテナ","防具","2388","金币：40000；材料：防具 ID 511「アテナの鎧」×1；物品 ID 878「カオスマター」×1；物品 ID 883「ゴッドライト」×1","金币：40000；材料：防具 ID 511「雅典娜之铠」×1；物品 ID 878「混沌物质」×1；物品 ID 883「神光」×1","霸天铠雅典娜"
"523","英雄の輝鎧","防具","1348","金币：44000；材料：防具 ID 501「英雄の鎧」×1；物品 ID 2「高級薬草」×1","金币：44000；材料：防具 ID 501「英雄之铠」×1；物品 ID 2「高级药草」×1","英雄的光辉铠"
"523","英雄の輝鎧","防具","2487","金币：44000；材料：防具 ID 501「英雄の鎧」×1；物品 ID 877「勇者の魂」×1","金币：44000；材料：防具 ID 501「英雄之铠」×1；物品 ID 877「勇者的魂」×1","英雄的光辉铠"
"524","天軍聖鎧","防具","1353","金币：48000；材料：防具 ID 504「天軍の鎧」×1；物品 ID 2「高級薬草」×1","金币：48000；材料：防具 ID 504「天军之铠」×1；物品 ID 2「高级药草」×1","天军神圣铠"
"524","天軍聖鎧","防具","2418","金币：48000；材料：防具 ID 504「天軍の鎧」×1；物品 ID 885「熾天使の羽根」×1","金币：48000；材料：防具 ID 504「天军之铠」×1；物品 ID 885「炽天使的羽毛」×1","天军神圣铠"
"525","神機装甲XIII","防具","1354","金币：47000；材料：防具 ID 493「増殖重装」×1；物品 ID 2「高級薬草」×1","金币：47000；材料：防具 ID 493「增殖重装」×1；物品 ID 2「高级药草」×1","神机装甲XIII"
"526","魔閤覇王鎧","防具","1379","金币：48000；材料：防具 ID 500「魔王の鎧」×1；物品 ID 2「高級薬草」×1","金币：48000；材料：防具 ID 500「魔王之铠」×1；物品 ID 2「高级药草」×1","魔阁霸王铠"
"526","魔閤覇王鎧","防具","2458","金币：48000；材料：防具 ID 500「魔王の鎧」×1；物品 ID 886「根源の闇」×1","金币：48000；材料：防具 ID 500「魔王之铠」×1；物品 ID 886「根源的黑暗」×1","魔阁霸王铠"
"527","魔帝衣グレゴリア","防具","1403","金币：49000；材料：防具 ID 500「魔王の鎧」×1；物品 ID 2「高級薬草」×1","金币：49000；材料：防具 ID 500「魔王之铠」×1；物品 ID 2「高级药草」×1","魔帝衣格雷戈里亚"
"527","魔帝衣グレゴリア","防具","2459","金币：49000；材料：防具 ID 500「魔王の鎧」×1；物品 ID 884「魔王核熱結晶」×1","金币：49000；材料：防具 ID 500「魔王之铠」×1；物品 ID 884「魔王核热结晶」×1","魔帝衣格雷戈里亚"
"528","邪神覇皇の鎧","防具","1410","金币：50000；材料：防具 ID 502「邪神の鎧」×1；防具 ID 513「闇の慟哭」×1；物品 ID 2「高級薬草」×1","金币：50000；材料：防具 ID 502「邪神之铠」×1；防具 ID 513「暗之恸哭」×1；物品 ID 2「高级药草」×1","邪神霸皇铠"
"528","邪神覇皇の鎧","防具","2460","金币：50000；材料：防具 ID 502「邪神の鎧」×1；防具 ID 513「闇の慟哭」×1；物品 ID 890「ビッグクランチの結晶」×1","金币：50000；材料：防具 ID 502「邪神之铠」×1；防具 ID 513「暗之恸哭」×1；物品 ID 890「大收缩的结晶」×1","邪神霸皇铠"
"529","魔神の鎧","防具","1426","金币：48000；材料：防具 ID 502「邪神の鎧」×1；物品 ID 2「高級薬草」×1","金币：48000；材料：防具 ID 502「邪神之铠」×1；物品 ID 2「高级药草」×1","魔神之铠"
"529","魔神の鎧","防具","2499","金币：48000；材料：防具 ID 502「邪神の鎧」×1；物品 ID 887「反物質」×1","金币：48000；材料：防具 ID 502「邪神之铠」×1；物品 ID 887「反物质」×1","魔神之铠"
"530","英雄の夢幻鎧","防具","1427","金币：49000；材料：防具 ID 501「英雄の鎧」×1；物品 ID 2「高級薬草」×1","金币：49000；材料：防具 ID 501「英雄之铠」×1；物品 ID 2「高级药草」×1","英雄的梦幻铠"
"530","英雄の夢幻鎧","防具","2500","金币：49000；材料：防具 ID 501「英雄の鎧」×1；物品 ID 887「反物質」×1","金币：49000；材料：防具 ID 501「英雄之铠」×1；物品 ID 887「反物质」×1","英雄的梦幻铠"
"531","混沌英雄の鎧","防具","1428","金币：50000；材料：防具 ID 501「英雄の鎧」×1；防具 ID 503「昏き鎧」×1；物品 ID 2「高級薬草」×1","金币：50000；材料：防具 ID 501「英雄之铠」×1；防具 ID 503「昏暗之铠」×1；物品 ID 2「高级药草」×1","混沌英雄之铠"
"531","混沌英雄の鎧","防具","2501","金币：50000；材料：防具 ID 501「英雄の鎧」×1；防具 ID 503「昏き鎧」×1；物品 ID 887「反物質」×1","金币：50000；材料：防具 ID 501「英雄之铠」×1；防具 ID 503「昏暗之铠」×1；物品 ID 887「反物质」×1","混沌英雄之铠"
"533","大自然の甲羅","防具","502","金币：3500；材料：防具 ID 119「流星の甲羅」×1；物品 ID 250「神代紙」×1","金币：3500；材料：防具 ID 119「流星制甲壳」×1；物品 ID 250「神代纸」×1","大自然的甲壳"
"536","百獣の甲羅","防具","652","金币：4800；材料：防具 ID 120「悪魔の甲羅」×1；物品 ID 264「オズマ細胞」×1","金币：4800；材料：防具 ID 120「恶魔甲壳」×1；物品 ID 264「奥兹玛细胞」×1","百兽的甲壳"
"537","森羅の甲羅","防具","653","金币：4800；材料：防具 ID 533「大自然の甲羅」×1；物品 ID 262「神々しい花びら」×1","金币：4800；材料：防具 ID 533「大自然的甲壳」×1；物品 ID 262「神圣花瓣」×1","森罗的甲壳"
"538","無限粘魔の甲羅","防具","741","金币：6000；材料：防具 ID 534「粘魔の甲羅」×1；物品 ID 268「無限細胞」×1","金币：6000；材料：防具 ID 534「粘魔的甲壳」×1；物品 ID 268「无限细胞」×1","无限粘魔的甲壳"
"539","神蟲の甲羅","防具","742","金币：6000；材料：防具 ID 535「剛蟲の甲羅」×1；物品 ID 269「終蟲の甲殻」×1","金币：6000；材料：防具 ID 535「刚虫的甲壳」×1；物品 ID 269「终虫甲壳」×1","神虫的甲壳"
"542","モルボルの甲羅","防具","848","金币：7700；材料：防具 ID 533「大自然の甲羅」×1；物品 ID 285「モルボルの花びら」×1","金币：7700；材料：防具 ID 533「大自然的甲壳」×1；物品 ID 285「魔界花的花瓣」×1","魔界花的甲壳"
"544","森羅万象の甲羅","防具","943","金币：10000；材料：防具 ID 537「森羅の甲羅」×1；物品 ID 2「高級薬草」×1","金币：10000；材料：防具 ID 537「森罗的甲壳」×1；物品 ID 2「高级药草」×1","森罗万象的甲壳"
"544","森羅万象の甲羅","防具","2025","金币：10000；材料：防具 ID 537「森羅の甲羅」×1；物品 ID 822「神様のどんぐり」×1","金币：10000；材料：防具 ID 537「森罗的甲壳」×1；物品 ID 822「神大人的橡果」×1","森罗万象的甲壳"
"545","ヌルヌール","防具","974","金币：10000；材料：防具 ID 538「無限粘魔の甲羅」×1；物品 ID 2「高級薬草」×1","金币：10000；材料：防具 ID 538「无限粘魔的甲壳」×1；物品 ID 2「高级药草」×1","滑溜溜"
"545","ヌルヌール","防具","2056","金币：11000；材料：防具 ID 538「無限粘魔の甲羅」×1；物品 ID 828「侵蝕の粘液」×1","金币：11000；材料：防具 ID 538「无限粘魔的甲壳」×1；物品 ID 828「侵蚀的粘液」×1","滑溜溜"
"546","マイティビートル","防具","1009","金币：12000；材料：防具 ID 539「神蟲の甲羅」×1；物品 ID 2「高級薬草」×1","金币：12000；材料：防具 ID 539「神虫的甲壳」×1；物品 ID 2「高级药草」×1","强力甲虫"
"546","マイティビートル","防具","2091","金币：12000；材料：防具 ID 539「神蟲の甲羅」×1；物品 ID 835「超蛭蟲細胞」×1","金币：12000；材料：防具 ID 539「神虫的甲壳」×1；物品 ID 835「超蛭虫细胞」×1","强力甲虫"
"549","ナノデバイス","防具","1071","金币：15000；材料：防具 ID 538「無限粘魔の甲羅」×1；物品 ID 2「高級薬草」×1","金币：15000；材料：防具 ID 538「无限粘魔的甲壳」×1；物品 ID 2「高级药草」×1","纳米设备"
"549","ナノデバイス","防具","2153","金币：15000；材料：防具 ID 538「無限粘魔の甲羅」×1；物品 ID 847「アンノウンセル」×1","金币：15000；材料：防具 ID 538「无限粘魔的甲壳」×1；物品 ID 847「未知之卵」×1","纳米设备"
"550","ガイアガーダー","防具","1102","金币：15500；材料：防具 ID 536「百獣の甲羅」×1；物品 ID 2「高級薬草」×1","金币：15500；材料：防具 ID 536「百兽的甲壳」×1；物品 ID 2「高级药草」×1","大地守护者"
"550","ガイアガーダー","防具","2184","金币：15500；材料：防具 ID 536「百獣の甲羅」×1；物品 ID 852「ゼロマター」×1","金币：15500；材料：防具 ID 536「百兽的甲壳」×1；物品 ID 852「零物质」×1","大地守护者"
"552","魔甲アルケロン","防具","1138","金币：16800；材料：防具 ID 536「百獣の甲羅」×1；物品 ID 2「高級薬草」×1","金币：16800；材料：防具 ID 536「百兽的甲壳」×1；物品 ID 2「高级药草」×1","魔甲阿尔凯隆"
"552","魔甲アルケロン","防具","2220","金币：16800；材料：防具 ID 536「百獣の甲羅」×1；物品 ID 848「永遠の鱗」×1","金币：16800；材料：防具 ID 536「百兽的甲壳」×1；物品 ID 848「永恒的鳞片」×1","魔甲阿尔凯隆"
"554","リボンズシェル","防具","1206","金币：20000；材料：防具 ID 542「モルボルの甲羅」×1；物品 ID 2「高級薬草」×1","金币：20000；材料：防具 ID 542「魔界花的甲壳」×1；物品 ID 2「高级药草」×1","缎带甲壳"
"554","リボンズシェル","防具","2288","金币：20000；材料：防具 ID 542「モルボルの甲羅」×1；物品 ID 864「虹色の羽根」×1","金币：20000；材料：防具 ID 542「魔界花的甲壳」×1；物品 ID 864「彩虹色的羽毛」×1","缎带甲壳"
"557","白聖のローブ","防具","567","金币：5000；材料：防具 ID 132「白金のローブ」×1；物品 ID 256「恩寵の羽根」×1","金币：5000；材料：防具 ID 132「白金长袍」×1；物品 ID 256「恩宠的羽毛」×1","白圣袍"
"559","熾天使のローブ","防具","654","金币：6000；材料：防具 ID 142「ローブオブロード」×1；物品 ID 262「神々しい花びら」×1","金币：6000；材料：防具 ID 142「长袍主宰」×1；物品 ID 262「神圣花瓣」×1","炽天使长袍"
"560","オーシャンローブ","防具","591","金币：5800；材料：防具 ID 134「マーメイドローブ」×1；物品 ID 259「深海の鱗」×1","金币：5800；材料：防具 ID 134「人鱼长袍」×1；物品 ID 259「深海之鳞」×1","海洋长袍"
"561","メルティロード","防具","655","金币：6000；材料：防具 ID 145「メルティローブ」×1；物品 ID 259「深海の鱗」×1","金币：6000；材料：防具 ID 145「梅尔蒂长袍」×1；物品 ID 259「深海之鳞」×1","梅尔蒂主宰"
"562","神聖なるローブ","防具","744","金币：7000；材料：防具 ID 557「白聖のローブ」×1；物品 ID 262「神々しい花びら」×1","金币：7000；材料：防具 ID 557「白圣袍」×1；物品 ID 262「神圣花瓣」×1","神圣长袍"
"563","暗黒のローブ","防具","743","金币：7000；材料：防具 ID 141「ディジョンローブ」×1；物品 ID 269「終蟲の甲殻」×1","金币：7000；材料：防具 ID 141「第戎长袍」×1；物品 ID 269「终虫甲壳」×1","暗黑长袍"
"565","神仙九尾ローブ","防具","849","金币：9000；材料：防具 ID 143「九尾のローブ」×1；物品 ID 280「エレメントコア」×1","金币：9000；材料：防具 ID 143「九尾长袍」×1；物品 ID 280「元素核心」×1","神仙九尾长袍"
"566","世界樹のローブ","防具","850","金币：9000；材料：防具 ID 146「フラワーロード」×1；物品 ID 285「モルボルの花びら」×1","金币：9000；材料：防具 ID 146「花之主宰」×1；物品 ID 285「魔界花的花瓣」×1","世界树长袍"
"567","バハムートローブ","防具","851","金币：9500；材料：防具 ID 138「ダブルドラゴンローブ」×1；物品 ID 275「最後の竜牙」×1","金币：9500；材料：防具 ID 138「双龙长袍」×1；物品 ID 275「最终之龙牙」×1","巴哈姆特长袍"
"568","メカニカルローブ","防具","881","金币：9500；材料：防具 ID 558「科学者のローブ」×1；物品 ID 279「ネクストコア」×1","金币：9500；材料：防具 ID 558「科学者长袍」×1；物品 ID 279「次世代核心」×1","机械长袍"
"569","熾天使のローブ・聖災","防具","908","金币：11000；材料：防具 ID 559「熾天使のローブ」×1；物品 ID 283「カオスニウム」×1","金币：11000；材料：防具 ID 559「炽天使长袍」×1；物品 ID 283「混沌结晶」×1","炽天使长袍・圣灾"
"570","ニライカナイ","防具","975","金币：13500；材料：防具 ID 560「オーシャンローブ」×1；物品 ID 2「高級薬草」×1","金币：13500；材料：防具 ID 560「海洋长袍」×1；物品 ID 2「高级药草」×1","龙宫"
"570","ニライカナイ","防具","2057","金币：13500；材料：防具 ID 560「オーシャンローブ」×1；物品 ID 827「深淵の触手」×1","金币：13500；材料：防具 ID 560「海洋长袍」×1；物品 ID 827「深渊的触手」×1","龙宫"
"571","魔装バハムートロード","防具","1039","金币：17500；材料：防具 ID 567「バハムートローブ」×1；物品 ID 2「高級薬草」×1","金币：17500；材料：防具 ID 567「巴哈姆特长袍」×1；物品 ID 2「高级药草」×1","魔装巴哈姆特主宰"
"571","魔装バハムートロード","防具","2121","金币：17500；材料：防具 ID 567「バハムートローブ」×1；物品 ID 838「魔王の蛇尾」×1","金币：17500；材料：防具 ID 567「巴哈姆特长袍」×1；物品 ID 838「魔王的蛇尾」×1","魔装巴哈姆特主宰"
"573","永劫のローブ","防具","1103","金币：20000；材料：防具 ID 562「神聖なるローブ」×1；物品 ID 2「高級薬草」×1","金币：20000；材料：防具 ID 562「神圣长袍」×1；物品 ID 2「高级药草」×1","永恒长袍"
"573","永劫のローブ","防具","2185","金币：20000；材料：防具 ID 562「神聖なるローブ」×1；物品 ID 848「永遠の鱗」×1","金币：20000；材料：防具 ID 562「神圣长袍」×1；物品 ID 848「永恒的鳞片」×1","永恒长袍"
"574","終焉のローブ","防具","1139","金币：20000；材料：防具 ID 563「暗黒のローブ」×1；物品 ID 2「高級薬草」×1","金币：20000；材料：防具 ID 563「暗黑长袍」×1；物品 ID 2「高级药草」×1","终结长袍"
"574","終焉のローブ","防具","2221","金币：20000；材料：防具 ID 563「暗黒のローブ」×1；物品 ID 854「集合意識の甲殻」×1","金币：20000；材料：防具 ID 563「暗黑长袍」×1；物品 ID 854「集合意识的甲壳」×1","终结长袍"
"576","プラネットガイア","防具","1207","金币：24000；材料：防具 ID 144「ガイアのローブ」×1；物品 ID 2「高級薬草」×1","金币：24000；材料：防具 ID 144「盖亚长袍」×1；物品 ID 2「高级药草」×1","行星盖亚"
"576","プラネットガイア","防具","2289","金币：24000；材料：防具 ID 144「ガイアのローブ」×1；物品 ID 934「カオストパーズ」×1","金币：24000；材料：防具 ID 144「盖亚长袍」×1；物品 ID 934「混沌黄玉」×1","行星盖亚"
"577","フィロソフィア","防具","1223","金币：30000；材料：防具 ID 568「メカニカルローブ」×1；物品 ID 2「高級薬草」×1","金币：30000；材料：防具 ID 568「机械长袍」×1；物品 ID 2「高级药草」×1","哲学"
"577","フィロソフィア","防具","2396","金币：30000；材料：防具 ID 568「メカニカルローブ」×1；物品 ID 866「オメガコア」×1","金币：30000；材料：防具 ID 568「机械长袍」×1；物品 ID 866「欧米伽核心」×1","哲学"
"578","デバイスロード","防具","1224","金币：32000；材料：防具 ID 568「メカニカルローブ」×1；物品 ID 2「高級薬草」×1","金币：32000；材料：防具 ID 568「机械长袍」×1；物品 ID 2「高级药草」×1","机械主宰"
"578","デバイスロード","防具","2397","金币：32000；材料：防具 ID 568「メカニカルローブ」×1；物品 ID 866「オメガコア」×1","金币：32000；材料：防具 ID 568「机械长袍」×1；物品 ID 866「欧米伽核心」×1","机械主宰"
"579","グノーシスローブ","防具","1260","金币：33000；材料：防具 ID 569「熾天使のローブ・聖災」×1；物品 ID 2「高級薬草」×1","金币：33000；材料：防具 ID 569「炽天使长袍・圣灾」×1；物品 ID 2「高级药草」×1","格诺西丝长袍"
"579","グノーシスローブ","防具","2419","金币：33000；材料：防具 ID 569「熾天使のローブ・聖災」×1；物品 ID 875「永劫の羽根」×1","金币：33000；材料：防具 ID 569「炽天使长袍・圣灾」×1；物品 ID 875「永劫的羽根」×1","格诺西丝长袍"
"581","聖百合のローブ","防具","1355","金币：33000；材料：防具 ID 566「世界樹のローブ」×1；物品 ID 2「高級薬草」×1","金币：33000；材料：防具 ID 566「世界树长袍」×1；物品 ID 2「高级药草」×1","圣百合之袍"
"581","聖百合のローブ","防具","2420","金币：33000；材料：防具 ID 566「世界樹のローブ」×1；物品 ID 885「熾天使の羽根」×1","金币：33000；材料：防具 ID 566「世界树长袍」×1；物品 ID 885「炽天使的羽毛」×1","圣百合之袍"
"582","九尾の魔装","防具","1380","金币：34000；材料：防具 ID 565「神仙九尾ローブ」×1；物品 ID 2「高級薬草」×1","金币：34000；材料：防具 ID 565「神仙九尾长袍」×1；物品 ID 2「高级药草」×1","九尾魔装"
"582","九尾の魔装","防具","2461","金币：34000；材料：防具 ID 565「神仙九尾ローブ」×1；物品 ID 886「根源の闇」×1","金币：34000；材料：防具 ID 565「神仙九尾长袍」×1；物品 ID 886「根源的黑暗」×1","九尾魔装"
"583","千樹華音のローブ","防具","1381","金币：33000；材料：防具 ID 566「世界樹のローブ」×1；物品 ID 2「高級薬草」×1","金币：33000；材料：防具 ID 566「世界树长袍」×1；物品 ID 2「高级药草」×1","千树华音之袍"
"583","千樹華音のローブ","防具","2462","金币：33000；材料：防具 ID 566「世界樹のローブ」×1；物品 ID 886「根源の闇」×1","金币：33000；材料：防具 ID 566「世界树长袍」×1；物品 ID 886「根源的黑暗」×1","千树华音之袍"
"584","カナデローブ","防具","1382","金币：33000；材料：防具 ID 561「メルティロード」×1；物品 ID 2「高級薬草」×1","金币：33000；材料：防具 ID 561「梅尔蒂主宰」×1；物品 ID 2「高级药草」×1","祸抚袍"
"584","カナデローブ","防具","2463","金币：33000；材料：防具 ID 561「メルティロード」×1；物品 ID 886「根源の闇」×1","金币：33000；材料：防具 ID 561「梅尔蒂主宰」×1；物品 ID 886「根源的黑暗」×1","祸抚袍"
"585","終末ワンダーランド","防具","1404","金币：35000；材料：防具 ID 1404「造技の極意書」×1；物品 ID 2「高級薬草」×1","金币：35000；材料：防具 ID 1404「造技之极意书」×1；物品 ID 2「高级药草」×1","终末仙境"
"585","終末ワンダーランド","防具","2464","金币：35000；材料：防具 ID 564「終末のローブ」×1；物品 ID 884「魔王核熱結晶」×1","金币：35000；材料：防具 ID 564「终末长袍」×1；物品 ID 884「魔王核热结晶」×1","终末仙境"
"586","永劫と終焉のローブ","防具","1429","金币：35000；材料：防具 ID 580「混沌のローブ」×1；物品 ID 2「高級薬草」×1","金币：35000；材料：防具 ID 580「混沌长袍」×1；物品 ID 2「高级药草」×1","永劫与终焉之袍"
"586","永劫と終焉のローブ","防具","2502","金币：35000；材料：防具 ID 573「永劫のローブ」×1；防具 ID 574「終焉のローブ」×1；物品 ID 887「反物質」×1","金币：35000；材料：防具 ID 573「永恒长袍」×1；防具 ID 574「终结长袍」×1；物品 ID 887「反物质」×1","永劫与终焉之袍"
"587","輪廻のローブ","防具","1430","金币：36000；材料：防具 ID 580「混沌のローブ」×1；物品 ID 2「高級薬草」×1","金币：36000；材料：防具 ID 580「混沌长袍」×1；物品 ID 2「高级药草」×1","轮回之袍"
"587","輪廻のローブ","防具","2503","金币：36000；材料：防具 ID 580「混沌のローブ」×1；物品 ID 887「反物質」×1","金币：36000；材料：防具 ID 580「混沌长袍」×1；物品 ID 887「反物质」×1","轮回之袍"
"588","神々の足跡","防具","1431","金币：36000；材料：防具 ID 580「混沌のローブ」×1；物品 ID 2「高級薬草」×1","金币：36000；材料：防具 ID 580「混沌长袍」×1；物品 ID 2「高级药草」×1","众神的足迹"
"588","神々の足跡","防具","2504","金币：36000；材料：防具 ID 580「混沌のローブ」×1；物品 ID 887「反物質」×1","金币：36000；材料：防具 ID 580「混沌长袍」×1；物品 ID 887「反物质」×1","众神的足迹"
"589","奈落の纏","防具","1432","金币：36000；材料：防具 ID 580「混沌のローブ」×1；物品 ID 2「高級薬草」×1","金币：36000；材料：防具 ID 580「混沌长袍」×1；物品 ID 2「高级药草」×1","奈落之缠"
"589","奈落の纏","防具","2505","金币：36000；材料：防具 ID 580「混沌のローブ」×1；物品 ID 887「反物質」×1","金币：36000；材料：防具 ID 580「混沌长袍」×1；物品 ID 887「反物质」×1","奈落之缠"
"594","神姫のドレス","防具","656","金币：15800；材料：防具 ID 158「プリンセスティアーズ」×1；防具 ID 593「光のドレス」×1；物品 ID 262「神々しい花びら」×1","金币：15800；材料：防具 ID 158「公主之泪」×1；防具 ID 593「光之礼服」×1；物品 ID 262「神圣花瓣」×1","神姬的礼服"
"595","炎竜姫のドレス","防具","657","金币：15800；材料：防具 ID 158「プリンセスティアーズ」×1；物品 ID 267「極竜の牙」×1","金币：15800；材料：防具 ID 158「公主之泪」×1；物品 ID 267「极龙之牙」×1","炎龙姬的礼服"
"597","凍てつく女王のドレス","防具","745","金币：16800；材料：防具 ID 155「水の羽衣改」×1；防具 ID 159「エンプレスドレス」×1；物品 ID 269「終蟲の甲殻」×1","金币：16800；材料：防具 ID 155「水之羽衣改」×1；防具 ID 159「皇后礼服」×1；物品 ID 269「终虫甲壳」×1","冰冻女王的礼服"
"599","マスタードレス","防具","852","金币：23800；材料：防具 ID 591「チャンピオンドレス」×1；物品 ID 279「ネクストコア」×1","金币：23800；材料：防具 ID 591「冠军礼服」×1；物品 ID 279「次世代核心」×1","大师礼服"
"600","大天使のドレス","防具","853","金币：23800；材料：防具 ID 598「天空のドレス」×1；物品 ID 277「究極の羽根」×1","金币：23800；材料：防具 ID 598「天空的礼服」×1；物品 ID 277「究极之羽」×1","大天使的礼服"
"601","アイドルドレス","防具","854","金币：23800；材料：防具 ID 161「マスカレード」×1；物品 ID 285「モルボルの花びら」×1","金币：23800；材料：防具 ID 161「假面舞会」×1；物品 ID 285「魔界花的花瓣」×1","偶像礼服"
"603","シンデレラ","防具","944","金币：30400；材料：防具 ID 592「灰をかぶったドレス」×1；物品 ID 2「高級薬草」×1","金币：30400；材料：防具 ID 592「披着灰烬的礼服」×1；物品 ID 2「高级药草」×1","灰姑娘"
"603","シンデレラ","防具","2026","金币：30400；材料：防具 ID 592「灰をかぶったドレス」×1；物品 ID 823「きらきらゼリー」×1","金币：30400；材料：防具 ID 592「披着灰烬的礼服」×1；物品 ID 823「闪闪发光的果冻」×1","灰姑娘"
"604","黒ノ衣","防具","976","金币：34000；材料：防具 ID 596「血を啜るドレス」×1；物品 ID 2「高級薬草」×1","金币：34000；材料：防具 ID 596「吸血礼服」×1；物品 ID 2「高级药草」×1","黑之衣"
"604","黒ノ衣","防具","2058","金币：34000；材料：防具 ID 596「血を啜るドレス」×1；物品 ID 831「魔界樹の花びら」×1","金币：34000；材料：防具 ID 596「吸血礼服」×1；物品 ID 831「魔界树的花瓣」×1","黑之衣"
"605","コノハナサクヤ","防具","1010","金币：38000；材料：防具 ID 595「炎竜姫のドレス」×1；物品 ID 2「高級薬草」×1","金币：38000；材料：防具 ID 595「炎龙姬的礼服」×1；物品 ID 2「高级药草」×1","此花咲耶"
"605","コノハナサクヤ","防具","2092","金币：38000；材料：防具 ID 595「炎竜姫のドレス」×1；物品 ID 832「魔海の珊瑚」×1","金币：38000；材料：防具 ID 595「炎龙姬的礼服」×1；物品 ID 832「魔海的珊瑚」×1","此花咲耶"
"606","ニヴルヘイム","防具","1040","金币：40000；材料：防具 ID 597「凍てつく女王のドレス」×1；物品 ID 2「高級薬草」×1","金币：40000；材料：防具 ID 597「冰冻女王的礼服」×1；物品 ID 2「高级药草」×1","尼福尔海姆"
"606","ニヴルヘイム","防具","2122","金币：40000；材料：防具 ID 597「凍てつく女王のドレス」×1；物品 ID 839「冥府の髪」×1","金币：40000；材料：防具 ID 597「冰冻女王的礼服」×1；物品 ID 839「冥府的头发」×1","尼福尔海姆"
"609","マテリアルガール","防具","1104","金币：50000；材料：防具 ID 601「アイドルドレス」×1；物品 ID 2「高級薬草」×1","金币：50000；材料：防具 ID 601「偶像礼服」×1；物品 ID 2「高级药草」×1","材料女孩"
"609","マテリアルガール","防具","2186","金币：50000；材料：防具 ID 601「アイドルドレス」×1；物品 ID 851「量子の歯車」×1","金币：50000；材料：防具 ID 601「偶像礼服」×1；物品 ID 851「量子的齿轮」×1","材料女孩"
"610","守護天使のドレス","防具","1140","金币：53200；材料：防具 ID 600「大天使のドレス」×1；物品 ID 2「高級薬草」×1","金币：53200；材料：防具 ID 600「大天使的礼服」×1；物品 ID 2「高级药草」×1","守护天使的礼服"
"610","守護天使のドレス","防具","2222","金币：53200；材料：防具 ID 600「大天使のドレス」×1；物品 ID 855「世界樹の花びら」×1","金币：53200；材料：防具 ID 600「大天使的礼服」×1；物品 ID 855「世界树的花瓣」×1","守护天使的礼服"
"611","グランドマスタードレス","防具","1164","金币：56300；材料：防具 ID 599「マスタードレス」×1；物品 ID 2「高級薬草」×1","金币：56300；材料：防具 ID 599「大师礼服」×1；物品 ID 2「高级药草」×1","至尊大师礼服"
"611","グランドマスタードレス","防具","2246","金币：56300；材料：防具 ID 599「マスタードレス」×1；物品 ID 860「Q極細胞」×1","金币：56300；材料：防具 ID 599「大师礼服」×1；物品 ID 860「Q极细胞」×1","至尊大师礼服"
"613","究極神姫のドレス","防具","1208","金币：62800；材料：防具 ID 156「レインボードレス」×1；防具 ID 594「神姫のドレス」×1；物品 ID 2「高級薬草」×1","金币：62800；材料：防具 ID 156「彩虹礼服」×1；防具 ID 594「神姬的礼服」×1；物品 ID 2「高级药草」×1","究极神姬的礼服"
"613","究極神姫のドレス","防具","2290","金币：62800；材料：防具 ID 156「レインボードレス」×1；防具 ID 594「神姫のドレス」×1；物品 ID 864「虹色の羽根」×1","金币：62800；材料：防具 ID 156「彩虹礼服」×1；防具 ID 594「神姬的礼服」×1；物品 ID 864「彩虹色的羽毛」×1","究极神姬的礼服"
"615","創世開闢女神のドレス","防具","1395","金币：83600；材料：防具 ID 602「女神のドレス」×1；防具 ID 608「創世のドレス」×1；物品 ID 2「高級薬草」×1","金币：83600；材料：防具 ID 602「女神的礼服」×1；防具 ID 608「创世之礼服」×1；物品 ID 2「高级药草」×1","创世开辟女神的礼服"
"615","創世開闢女神のドレス","防具","2421","金币：83600；材料：防具 ID 602「女神のドレス」×1；防具 ID 608「創世のドレス」×1；物品 ID 889「ビッグバンの結晶」×1","金币：83600；材料：防具 ID 602「女神的礼服」×1；防具 ID 608「创世之礼服」×1；物品 ID 889「大爆炸的结晶」×1","创世开辟女神的礼服"
"618","あぶなすぎる水着","防具","524","金币：10800；材料：防具 ID 163「あぶない水着」×1；物品 ID 251「妖艶なる尻尾」×1","金币：10800；材料：防具 ID 163「危险泳装」×1；物品 ID 251「妖艳的尾巴」×1","危险至极的泳装"
"619","大天使のレオタード","防具","568","金币：13200；材料：防具 ID 172「天使のレオタード」×1；物品 ID 256「恩寵の羽根」×1","金币：13200；材料：防具 ID 172「天使紧身衣」×1；物品 ID 256「恩宠的羽毛」×1","大天使的紧身衣"
"621","淫らなる極みの水着","防具","592","金币：15000；材料：防具 ID 618「あぶなすぎる水着」×1；物品 ID 266「絶美の尻尾」×1","金币：15000；材料：防具 ID 618「危险至极的泳装」×1；物品 ID 266「绝美尾巴」×1","淫荡至极的泳装"
"623","大淫魔のビスチェ","防具","658","金币：17000；材料：防具 ID 170「サキュバスビスチェ」×1；物品 ID 266「絶美の尻尾」×1","金币：17000；材料：防具 ID 170「魅魔胸衣」×1；物品 ID 266「绝美尾巴」×1","大淫魔的比基尼"
"625","赤竜のレオタード","防具","746","金币：18600；材料：防具 ID 620「灼熱水着」×1；防具 ID 622「竜のレオタード」×1；物品 ID 267「極竜の牙」×1","金币：18600；材料：防具 ID 620「灼热泳装」×1；防具 ID 622「龙之紧身衣」×1；物品 ID 267「极龙之牙」×1","赤龙之紧身衣"
"628","エレメンタルビスチェ","防具","855","金币：24000；材料：防具 ID 617「ミラクルビスチェ」×1；物品 ID 280「エレメントコア」×1","金币：24000；材料：防具 ID 617「奇迹比基尼」×1；物品 ID 280「元素核心」×1","元素比基尼"
"629","混沌のブラ","防具","856","金币：24000；材料：防具 ID 174「大天使のブラ」×1；物品 ID 283「カオスニウム」×1","金币：24000；材料：防具 ID 174「大天使胸衣」×1；物品 ID 283「混沌结晶」×1","混沌胸罩"
"630","女神のレオタード","防具","857","金币：30000；材料：防具 ID 619「大天使のレオタード」×1；物品 ID 277「究極の羽根」×1","金币：30000；材料：防具 ID 619「大天使的紧身衣」×1；物品 ID 277「究极之羽」×1","女神的紧身衣"
"631","リリスのビスチェ","防具","896","金币：29000；材料：防具 ID 623「大淫魔のビスチェ」×1；物品 ID 277「究極の羽根」×1","金币：29000；材料：防具 ID 623「大淫魔的比基尼」×1；物品 ID 277「究极之羽」×1","莉莉丝的比基尼"
"632","エデンの衣・聖威","防具","909","金币：29000；材料：防具 ID 624「エデンの衣」×1；物品 ID 277「究極の羽根」×1","金币：29000；材料：防具 ID 624「伊甸的衣」×1；物品 ID 277「究极之羽」×1","伊甸之衣・圣威"
"635","四精霊のビスチェ","防具","945","金币：32000；材料：防具 ID 628「エレメンタルビスチェ」×1；物品 ID 2「高級薬草」×1","金币：32000；材料：防具 ID 628「元素比基尼」×1；物品 ID 2「高级药草」×1","四精灵比基尼"
"635","四精霊のビスチェ","防具","2027","金币：32000；材料：防具 ID 628「エレメンタルビスチェ」×1；物品 ID 822「神様のどんぐり」×1","金币：32000；材料：防具 ID 628「元素比基尼」×1；物品 ID 822「神大人的橡果」×1","四精灵比基尼"
"636","エロスの化身","防具","2059","金币：36000；材料：防具 ID 621「淫らなる極みの水着」×1；物品 ID 826「白面のしっぽ」×1","金币：36000；材料：防具 ID 621「淫荡至极的泳装」×1；物品 ID 826「白面的尾巴」×1","爱欲的化身"
"638","超神乳のブラ","防具","1041","金币：44000；材料：防具 ID 174「大天使のブラ」×1；物品 ID 2「高級薬草」×1","金币：44000；材料：防具 ID 174「大天使胸衣」×1；物品 ID 2「高级药草」×1","超神乳胸罩"
"638","超神乳のブラ","防具","2123","金币：44000；材料：防具 ID 174「大天使のブラ」×1；物品 ID 838「魔王の蛇尾」×1","金币：44000；材料：防具 ID 174「大天使胸衣」×1；物品 ID 838「魔王的蛇尾」×1","超神乳胸罩"
"639","レッドロマンス","防具","1072","金币：48000；材料：防具 ID 625「赤竜のレオタード」×1；物品 ID 2「高級薬草」×1","金币：48000；材料：防具 ID 625「赤龙之紧身衣」×1；物品 ID 2「高级药草」×1","红色浪漫"
"639","レッドロマンス","防具","2154","金币：48000；材料：防具 ID 625「赤竜のレオタード」×1；物品 ID 844「大淫魔の尻尾」×1","金币：48000；材料：防具 ID 625「赤龙之紧身衣」×1；物品 ID 844「大淫魔的尾巴」×1","红色浪漫"
"640","マーベルレオタード","防具","1105","金币：51000；材料：防具 ID 630「女神のレオタード」×1；物品 ID 2「高級薬草」×1","金币：51000；材料：防具 ID 630「女神的紧身衣」×1；物品 ID 2「高级药草」×1","奇迹紧身衣"
"640","マーベルレオタード","防具","2187","金币：51000；材料：防具 ID 630「女神のレオタード」×1；物品 ID 851「量子の歯車」×1","金币：51000；材料：防具 ID 630「女神的紧身衣」×1；物品 ID 851「量子的齿轮」×1","奇迹紧身衣"
"641","ラブアンドガイア","防具","1165","金币：60000；材料：防具 ID 627「ガイアレオタード」×1；物品 ID 2「高級薬草」×1","金币：60000；材料：防具 ID 627「盖亚紧身衣」×1；物品 ID 2「高级药草」×1","爱与盖亚"
"641","ラブアンドガイア","防具","2247","金币：60000；材料：防具 ID 627「ガイアレオタード」×1；物品 ID 858「大淫婦の尻尾」×1","金币：60000；材料：防具 ID 627「盖亚紧身衣」×1；物品 ID 858「大淫妇的尾巴」×1","爱与盖亚"
"642","深き混沌のブラ","防具","1209","金币：64000；材料：防具 ID 629「混沌のブラ」×1；物品 ID 2「高級薬草」×1","金币：64000；材料：防具 ID 629「混沌胸罩」×1；物品 ID 2「高级药草」×1","深层混沌之胸罩"
"642","深き混沌のブラ","防具","2291","金币：64000；材料：防具 ID 629「混沌のブラ」×1；物品 ID 865「時の歯車」×1","金币：64000；材料：防具 ID 629「混沌胸罩」×1；物品 ID 865「时间的齿轮」×1","深层混沌之胸罩"
"643","サイボーグビキニ","防具","1225","金币：80000；材料：防具 ID 626「メカニックビキニ」×1；物品 ID 2「高級薬草」×1","金币：80000；材料：防具 ID 626「机械比基尼」×1；物品 ID 2「高级药草」×1","赛博格比基尼"
"643","サイボーグビキニ","防具","2398","金币：80000；材料：防具 ID 626「メカニックビキニ」×1；物品 ID 866「オメガコア」×1","金币：80000；材料：防具 ID 626「机械比基尼」×1；物品 ID 866「欧米伽核心」×1","赛博格比基尼"
"644","トリプルエデンの衣","防具","1261","金币：82000；材料：防具 ID 632「エデンの衣・聖威」×1；物品 ID 2「高級薬草」×1","金币：82000；材料：防具 ID 632「伊甸之衣・圣威」×1；物品 ID 2「高级药草」×1","三重伊甸之衣"
"644","トリプルエデンの衣","防具","2422","金币：82000；材料：防具 ID 632「エデンの衣・聖威」×1；物品 ID 875「永劫の羽根」×1","金币：82000；材料：防具 ID 632「伊甸之衣・圣威」×1；物品 ID 875「永劫的羽根」×1","三重伊甸之衣"
"645","ナイトメアビスチェ","防具","1268","金币：82000；材料：防具 ID 645「ナイトメアビスチェ」×1；物品 ID 2「高級薬草」×1","金币：82000；材料：防具 ID 645「夜魔胸衣」×1；物品 ID 2「高级药草」×1","夜魔胸衣"
"645","ナイトメアビスチェ","防具","2465","金币：82000；材料：防具 ID 631「リリスのビスチェ」×1；物品 ID 876「虚夢の欠片」×1","金币：82000；材料：防具 ID 631「莉莉丝的比基尼」×1；物品 ID 876「虚梦的碎片」×1","夜魔胸衣"
"646","聖衣・黙示二十七ノ明星","防具","1356","金币：85000；材料：防具 ID 634「明星の聖衣」×1；物品 ID 2「高級薬草」×1","金币：85000；材料：防具 ID 634「黎明之星的圣衣」×1；物品 ID 2「高级药草」×1","圣衣・默示二十七之星"
"646","聖衣・黙示二十七ノ明星","防具","2423","金币：85000；材料：防具 ID 634「明星の聖衣」×1；物品 ID 885「熾天使の羽根」×1","金币：85000；材料：防具 ID 634「黎明之星的圣衣」×1；物品 ID 885「炽天使的羽毛」×1","圣衣・默示二十七之星"
"647","聖母の薄衣","防具","1357","金币：84000；材料：防具 ID 645「ナイトメアビスチェ」×1；物品 ID 2「高級薬草」×1","金币：84000；材料：防具 ID 645「夜魔胸衣」×1；物品 ID 2「高级药草」×1","圣母的薄衣"
"647","聖母の薄衣","防具","2424","金币：84000；材料：防具 ID 645「ナイトメアビスチェ」×1；物品 ID 885「熾天使の羽根」×1","金币：84000；材料：防具 ID 645「夜魔胸衣」×1；物品 ID 885「炽天使的羽毛」×1","圣母的薄衣"
"648","ディーノサイド","防具","1358","金币：84000；材料：防具 ID 630「女神のレオタード」×1；物品 ID 2「高級薬草」×1","金币：84000；材料：防具 ID 630「女神的紧身衣」×1；物品 ID 2「高级药草」×1","迪诺赛德"
"648","ディーノサイド","防具","2425","金币：84000；材料：防具 ID 630「女神のレオタード」×1；物品 ID 885「熾天使の羽根」×1","金币：84000；材料：防具 ID 630「女神的紧身衣」×1；物品 ID 885「炽天使的羽毛」×1","迪诺赛德"
"649","ナノレオタード","防具","1359","金币：84000；材料：防具 ID 626「メカニックビキニ」×1；物品 ID 2「高級薬草」×1","金币：84000；材料：防具 ID 626「机械比基尼」×1；物品 ID 2「高级药草」×1","纳米紧身衣"
"649","ナノレオタード","防具","2426","金币：84000；材料：防具 ID 626「メカニックビキニ」×1；物品 ID 885「熾天使の羽根」×1","金币：84000；材料：防具 ID 626「机械比基尼」×1；物品 ID 885「炽天使的羽毛」×1","纳米紧身衣"
"650","バビロンの大淫婦","防具","1383","金币：88000；材料：防具 ID 645「ナイトメアビスチェ」×1；物品 ID 2「高級薬草」×1","金币：88000；材料：防具 ID 645「夜魔胸衣」×1；物品 ID 2「高级药草」×1","巴比伦的大淫妇"
"650","バビロンの大淫婦","防具","2466","金币：88000；材料：防具 ID 645「ナイトメアビスチェ」×1；物品 ID 886「根源の闇」×1","金币：88000；材料：防具 ID 645「夜魔胸衣」×1；物品 ID 886「根源的黑暗」×1","巴比伦的大淫妇"
"652","シーフのバンダナ","防具","505","金币：1400；材料：防具 ID 181「バンダナ」×1；物品 ID 244「覇獣の爪」×1","金币：1400；材料：防具 ID 181「头巾」×1；物品 ID 244「霸兽的爪子」×1","盗贼的头巾"
"655","ロイヤルハット・蛇髪","防具","569","金币：1700；材料：防具 ID 186「ロイヤルハット・呪髪」×1；物品 ID 254「強靱なる蛇尾」×1","金币：1700；材料：防具 ID 186「皇家帽子・咒发」×1；物品 ID 254「坚韧的蛇尾」×1","皇家帽子・蛇发"
"658","神紅帽子","防具","659","金币：2000；材料：防具 ID 188「紅猫の帽子」×1；防具 ID 191「紅頭巾」×1；物品 ID 262「神々しい花びら」×1","金币：2000；材料：防具 ID 188「红猫帽子」×1；防具 ID 191「红头巾」×1；物品 ID 262「神圣花瓣」×1","神红帽子"
"659","大海賊の帽子","防具","660","金币：2000；材料：防具 ID 657「海賊の帽子」×1；物品 ID 259「深海の鱗」×1","金币：2000；材料：防具 ID 657「海贼的帽子」×1；物品 ID 259「深海之鳞」×1","大海贼的帽子"
"661","ベテランカチューシャ","防具","747","金币：2400；材料：防具 ID 654「メイドカチューシャ」×1；物品 ID 262「神々しい花びら」×1","金币：2400；材料：防具 ID 654「女仆头巾」×1；物品 ID 262「神圣花瓣」×1","资深女仆头巾"
"662","怪盗の帽子","防具","748","金币：2400；材料：防具 ID 652「シーフのバンダナ」×1；物品 ID 270「億蛇の蛇尾」×1","金币：2400；材料：防具 ID 652「盗贼的头巾」×1；物品 ID 270「亿蛇尾巴」×1","怪盗的帽子"
"663","試作型ラプラスバイザー","防具","760","金币：2500；材料：防具 ID 656「高性能バイザー」×1；物品 ID 268「無限細胞」×1","金币：2500；材料：防具 ID 656「高性能面罩」×1；物品 ID 268「无限细胞」×1","试作型拉普拉斯护目镜"
"666","神紅龍帽","防具","858","金币：3000；材料：防具 ID 658「神紅帽子」×1；物品 ID 275「最後の竜牙」×1","金币：3000；材料：防具 ID 658「神红帽子」×1；物品 ID 275「最终之龙牙」×1","神红龙帽"
"667","ロイヤルハット・神髪","防具","859","金币：3000；材料：防具 ID 655「ロイヤルハット・蛇髪」×1；物品 ID 284「シヴァの髪」×1","金币：3000；材料：防具 ID 655「皇家帽子・蛇发」×1；物品 ID 284「湿婆的头发」×1","皇家帽子・神发"
"668","アルセーヌ","防具","946","金币：4000；材料：防具 ID 662「怪盗の帽子」×1；物品 ID 2「高級薬草」×1","金币：4000；材料：防具 ID 662「怪盗的帽子」×1；物品 ID 2「高级药草」×1","阿尔塞恩"
"668","アルセーヌ","防具","2028","金币：4000；材料：防具 ID 662「怪盗の帽子」×1；物品 ID 822「神様のどんぐり」×1","金币：4000；材料：防具 ID 662「怪盗的帽子」×1；物品 ID 822「神大人的橡果」×1","阿尔塞恩"
"669","ベレニケハット","防具","978","金币：45000；材料：防具 ID 667「ロイヤルハット・神髪」×1；物品 ID 2「高級薬草」×1","金币：45000；材料：防具 ID 667「皇家帽子・神发」×1；物品 ID 2「高级药草」×1","贝勒尼基帽"
"669","ベレニケハット","防具","2060","金币：4500；材料：防具 ID 667「ロイヤルハット・神髪」×1；物品 ID 827「深淵の触手」×1","金币：4500；材料：防具 ID 667「皇家帽子・神发」×1；物品 ID 827「深渊的触手」×1","贝勒尼基帽"
"670","アドバンスドバイザー","防具","1017","金币：5000；材料：防具 ID 663「試作型ラプラスバイザー」×1；物品 ID 2「高級薬草」×1","金币：5000；材料：防具 ID 663「试作型拉普拉斯护目镜」×1；物品 ID 2「高级药草」×1","高级护目镜"
"670","アドバンスドバイザー","防具","2099","金币：5000；材料：防具 ID 663「試作型ラプラスバイザー」×1；物品 ID 842「高次半導体」×1","金币：5000；材料：防具 ID 663「试作型拉普拉斯护目镜」×1；物品 ID 842「高次半导体」×1","高级护目镜"
"671","蒼穹の大翼","防具","1042","金币：5500；材料：防具 ID 664「天空の帽子」×1；物品 ID 2「高級薬草」×1","金币：5500；材料：防具 ID 664「天空的帽子」×1；物品 ID 2「高级药草」×1","苍穹大翼"
"671","蒼穹の大翼","防具","2124","金币：5500；材料：防具 ID 664「天空の帽子」×1；物品 ID 840「超無限細胞」×1","金币：5500；材料：防具 ID 664「天空的帽子」×1；物品 ID 840「超无限细胞」×1","苍穹大翼"
"673","クィーンロイヤル","防具","1073","金币：6000；材料：防具 ID 667「ロイヤルハット・神髪」×1；物品 ID 2「高級薬草」×1","金币：6000；材料：防具 ID 667「皇家帽子・神发」×1；物品 ID 2「高级药草」×1","皇家女王"
"673","クィーンロイヤル","防具","2155","金币：60000；材料：防具 ID 667「ロイヤルハット・神髪」×1；物品 ID 844「大淫魔の尻尾」×1","金币：60000；材料：防具 ID 667「皇家帽子・神发」×1；物品 ID 844「大淫魔的尾巴」×1","皇家女王"
"674","求道者の黒頭巾","防具","1106","金币：6800；材料：防具 ID 660「傀儡師の帽子」×1；物品 ID 2「高級薬草」×1","金币：6800；材料：防具 ID 660「傀儡师的帽子」×1；物品 ID 2「高级药草」×1","求道者黑头巾"
"674","求道者の黒頭巾","防具","2188","金币：6800；材料：防具 ID 660「傀儡師の帽子」×1；物品 ID 852「ゼロマター」×1","金币：6800；材料：防具 ID 660「傀儡师的帽子」×1；物品 ID 852「零物质」×1","求道者黑头巾"
"675","ブーストメイデン","防具","1141","金币：7000；材料：防具 ID 661「ベテランカチューシャ」×1；物品 ID 2「高級薬草」×1","金币：7000；材料：防具 ID 661「资深女仆头巾」×1；物品 ID 2「高级药草」×1","侍奉女仆"
"675","ブーストメイデン","防具","2223","金币：7000；材料：防具 ID 661「ベテランカチューシャ」×1；物品 ID 848「永遠の鱗」×1","金币：7000；材料：防具 ID 661「资深女仆头巾」×1；物品 ID 848「永恒的鳞片」×1","侍奉女仆"
"676","紅闘気","防具","1166","金币：7500；材料：防具 ID 666「神紅龍帽」×1；物品 ID 2「高級薬草」×1","金币：7500；材料：防具 ID 666「神红龙帽」×1；物品 ID 2「高级药草」×1","红斗气"
"676","紅闘気","防具","2248","金币：7500；材料：防具 ID 666「神紅龍帽」×1；物品 ID 858「大淫婦の尻尾」×1","金币：7500；材料：防具 ID 666「神红龙帽」×1；物品 ID 858「大淫妇的尾巴」×1","红斗气"
"677","パイレーツクィーン","防具","1210","金币：8000；材料：防具 ID 659「大海賊の帽子」×1；物品 ID 2「高級薬草」×1","金币：8000；材料：防具 ID 659「大海贼的帽子」×1；物品 ID 2「高级药草」×1","海盗女王"
"677","パイレーツクィーン","防具","2292","金币：8000；材料：防具 ID 659「大海賊の帽子」×1；物品 ID 935「カオスサファイア」×1","金币：8000；材料：防具 ID 659「大海贼的帽子」×1；物品 ID 935「混沌蓝宝石」×1","海盗女王"
"678","量子観測バイザー","防具","1226","金币：10000；材料：防具 ID 670「アドバンスドバイザー」×1；物品 ID 2「高級薬草」×1","金币：10000；材料：防具 ID 670「高级护目镜」×1；物品 ID 2「高级药草」×1","量子观测护目镜"
"678","量子観測バイザー","防具","2399","金币：10000；材料：防具 ID 670「アドバンスドバイザー」×1；物品 ID 866「オメガコア」×1","金币：10000；材料：防具 ID 670「高级护目镜」×1；物品 ID 866「欧米伽核心」×1","量子观测护目镜"
"679","求道者の黒頭巾・流影","防具","1237","金币：11000；材料：防具 ID 674「求道者の黒頭巾」×1；物品 ID 2「高級薬草」×1","金币：11000；材料：防具 ID 674「求道者黑头巾」×1；物品 ID 2「高级药草」×1","求道者的黑头巾・流影"
"679","求道者の黒頭巾・流影","防具","2409","金币：11000；材料：防具 ID 674「求道者の黒頭巾」×1；物品 ID 867「古神の依代」×1","金币：11000；材料：防具 ID 674「求道者黑头巾」×1；物品 ID 867「古神的依代」×1","求道者的黑头巾・流影"
"682","侵蝕され尽くした帽子","防具","1384","金币：11000；材料：防具 ID 665「侵蝕された帽子」×1；物品 ID 2「高級薬草」×1","金币：11000；材料：防具 ID 665「被侵蚀的帽子」×1；物品 ID 2「高级药草」×1","被侵蚀殆尽的帽子"
"682","侵蝕され尽くした帽子","防具","2467","金币：11000；材料：防具 ID 665「侵蝕された帽子」×1；物品 ID 886「根源の闇」×1","金币：11000；材料：防具 ID 665「被侵蚀的帽子」×1；物品 ID 886「根源的黑暗」×1","被侵蚀殆尽的帽子"
"683","永劫の白兎帽子","防具","1433","金币：11500；材料：防具 ID 680「白兎帽子」×1；物品 ID 2「高級薬草」×1","金币：11500；材料：防具 ID 680「白兔帽子」×1；物品 ID 2「高级药草」×1","永劫的白兔帽子"
"683","永劫の白兎帽子","防具","2506","金币：11500；材料：防具 ID 680「白兎帽子」×1；物品 ID 887「反物質」×1","金币：11500；材料：防具 ID 680「白兔帽子」×1；物品 ID 887「反物质」×1","永劫的白兔帽子"
"684","終焉の死神フード","防具","1434","金币：11500；材料：防具 ID 681「死神フード」×1；物品 ID 2「高級薬草」×1","金币：11500；材料：防具 ID 681「死神兜帽」×1；物品 ID 2「高级药草」×1","终焉的死神兜帽"
"684","終焉の死神フード","防具","2507","金币：11500；材料：防具 ID 681「死神フード」×1；物品 ID 887「反物質」×1","金币：11500；材料：防具 ID 681「死神兜帽」×1；物品 ID 887「反物质」×1","终焉的死神兜帽"
"689","レジスタンス","防具","661","金币：4700；材料：防具 ID 686「抗う者の兜」×1；物品 ID 263「神物の破片」×1","金币：4700；材料：防具 ID 686「反抗者之盔」×1；物品 ID 263「神物碎片」×1","反抗军"
"690","スピードスター","防具","684","金币：5400；材料：防具 ID 687「神速の兜」×1；物品 ID 261「神蟲の鱗粉」×1","金币：5400；材料：防具 ID 687「神速之盔」×1；物品 ID 261「神虫鳞粉」×1","速度之星"
"692","栄光の兜","防具","749","金币：6100；材料：防具 ID 688「武功の兜」×1；物品 ID 262「神々しい花びら」×1","金币：6100；材料：防具 ID 688「武功之盔」×1；物品 ID 262「神圣花瓣」×1","荣耀之盔"
"693","ドラゴンホーン","防具","860","金币：7800；材料：防具 ID 199「グレイトホーン」×1；物品 ID 275「最後の竜牙」×1","金币：7800；材料：防具 ID 199「巨角头盔」×1；物品 ID 275「最终之龙牙」×1","龙角"
"694","海賊神の兜","防具","861","金币：7800；材料：防具 ID 201「大海賊の兜」×1；物品 ID 286「地獄の触手」×1","金币：7800；材料：防具 ID 201「大海贼之盔」×1；物品 ID 286「地狱的触手」×1","海贼神之盔"
"698","イェニ・チェリ","防具","979","金币：12000；材料：防具 ID 689「レジスタンス」×1；物品 ID 2「高級薬草」×1","金币：12000；材料：防具 ID 689「反抗军」×1；物品 ID 2「高级药草」×1","耶尼・切里"
"698","イェニ・チェリ","防具","2061","金币：12000；材料：防具 ID 689「レジスタンス」×1；物品 ID 831「魔界樹の花びら」×1","金币：12000；材料：防具 ID 689「反抗军」×1；物品 ID 831「魔界树的花瓣」×1","耶尼・切里"
"699","螺旋竜角兜","防具","1043","金币：14500；材料：防具 ID 693「ドラゴンホーン」×1；物品 ID 2「高級薬草」×1","金币：14500；材料：防具 ID 693「龙角」×1；物品 ID 2「高级药草」×1","螺旋龙角盔"
"699","螺旋竜角兜","防具","2125","金币：14500；材料：防具 ID 693「ドラゴンホーン」×1；物品 ID 837「神々しい角」×1","金币：14500；材料：防具 ID 693「龙角」×1；物品 ID 837「神圣的角」×1","螺旋龙角盔"
"700","マスターパイレーツ","防具","1074","金币：15600；材料：防具 ID 694「海賊神の兜」×1；物品 ID 2「高級薬草」×1","金币：15600；材料：防具 ID 694「海贼神之盔」×1；物品 ID 2「高级药草」×1","海盗大师"
"700","マスターパイレーツ","防具","2156","金币：15600；材料：防具 ID 694「海賊神の兜」×1；物品 ID 845「神獣の爪」×1","金币：15600；材料：防具 ID 694「海贼神之盔」×1；物品 ID 845「神兽的爪」×1","海盗大师"
"701","ジャスティスメット","防具","1142","金币：18200；材料：防具 ID 691「ヒーローヘルメット」×1；物品 ID 2「高級薬草」×1","金币：18200；材料：防具 ID 691「英雄头盔」×1；物品 ID 2「高级药草」×1","正义头盔"
"701","ジャスティスメット","防具","2224","金币：18200；材料：防具 ID 691「ヒーローヘルメット」×1；物品 ID 854「集合意識の甲殻」×1","金币：18200；材料：防具 ID 691「英雄头盔」×1；物品 ID 854「集合意识的甲壳」×1","正义头盔"
"702","竜角神速の兜","防具","1167","金币：19400；材料：防具 ID 690「スピードスター」×1；防具 ID 693「ドラゴンホーン」×1；物品 ID 2「高級薬草」×1","金币：19400；材料：防具 ID 690「速度之星」×1；防具 ID 693「龙角」×1；物品 ID 2「高级药草」×1","龙角神速之盔"
"702","竜角神速の兜","防具","2249","金币：19400；材料：防具 ID 690「スピードスター」×1；防具 ID 693「ドラゴンホーン」×1；物品 ID 859「牛魔王の角」×1","金币：19400；材料：防具 ID 690「速度之星」×1；防具 ID 693「龙角」×1；物品 ID 859「牛魔王的角」×1","龙角神速之盔"
"703","栄輝の兜","防具","1211","金币：20800；材料：防具 ID 692「栄光の兜」×1；物品 ID 2「高級薬草」×1","金币：20800；材料：防具 ID 692「荣耀之盔」×1；物品 ID 2「高级药草」×1","荣耀之盔"
"703","栄輝の兜","防具","2293","金币：20800；材料：防具 ID 692「栄光の兜」×1；物品 ID 863「竜神の牙」×1","金币：20800；材料：防具 ID 692「荣耀之盔」×1；物品 ID 863「龙神的牙齿」×1","荣耀之盔"
"704","CHエクスコンバーター","防具","1227","金币：26000；材料：防具 ID 696「CHコンバーター」×1；物品 ID 2「高級薬草」×1","金币：26000；材料：防具 ID 696「CH转换器」×1；物品 ID 2「高级药草」×1","CH超转换器"
"704","CHエクスコンバーター","防具","2400","金币：26000；材料：防具 ID 696「CHコンバーター」×1；物品 ID 866「オメガコア」×1","金币：26000；材料：防具 ID 696「CH转换器」×1；物品 ID 866「欧米伽核心」×1","CH超转换器"
"706","紅星の兜","防具","1435","金币：28600；材料：防具 ID 705「混沌の兜」×1；物品 ID 2「高級薬草」×1","金币：28600；材料：防具 ID 705「混沌之盔」×1；物品 ID 2「高级药草」×1","红星之盔"
"706","紅星の兜","防具","2508","金币：28600；材料：防具 ID 705「混沌の兜」×1；物品 ID 887「反物質」×1","金币：28600；材料：防具 ID 705「混沌之盔」×1；物品 ID 887「反物质」×1","红星之盔"
"710","天武者の兜","防具","750","金币：7500；材料：防具 ID 214「鬼武者の兜」×1；物品 ID 262「神々しい花びら」×1","金币：7500；材料：防具 ID 214「鬼武者之盔」×1；物品 ID 262「神圣花瓣」×1","天武者之盔"
"711","神機ヘッド","防具","761","金币：7800；材料：防具 ID 229「マキナヘッド」×1；物品 ID 262「神々しい花びら」×1","金币：7800；材料：防具 ID 229「器械头盔」×1；物品 ID 262「神圣花瓣」×1","神机头盔"
"716","真・聖皇の兜","防具","862","金币：9500；材料：防具 ID 715「聖皇の兜」×1；物品 ID 277「究極の羽根」×1","金币：9500；材料：防具 ID 715「圣皇制头盔」×1；物品 ID 277「究极之羽」×1","真・圣皇制头盔"
"718","真・闇皇の兜","防具","863","金币：9500；材料：防具 ID 717「闇皇の兜」×1；物品 ID 281「最後の結晶」×1","金币：9500；材料：防具 ID 717「暗皇制头盔」×1；物品 ID 281「最终之结晶」×1","真・暗皇制头盔"
"719","セーフガード・ハイ","防具","864","金币：9800；材料：防具 ID 709「セーフガード」×1；物品 ID 283「カオスニウム」×1","金币：9800；材料：防具 ID 709「守护者」×1；物品 ID 283「混沌结晶」×1","安全卫士・高"
"720","英雄の兜","防具","916","金币：11000；材料：防具 ID 226「ハインリヒの兜」×1；物品 ID 276「ルカ細胞」×1","金币：11000；材料：防具 ID 226「海因里希之盔」×1；物品 ID 276「鲁卡细胞」×1","英雄之盔"
"725","光の竜虎","防具","947","金币：12000；材料：防具 ID 231「竜虎の兜」×1；物品 ID 2「高級薬草」×1","金币：12000；材料：防具 ID 231「龙虎之盔」×1；物品 ID 2「高级药草」×1","光之龙虎"
"725","光の竜虎","防具","2029","金币：12000；材料：防具 ID 231「竜虎の兜」×1；物品 ID 823「きらきらゼリー」×1","金币：12000；材料：防具 ID 231「龙虎之盔」×1；物品 ID 823「闪闪发光的果冻」×1","光之龙虎"
"726","桜花闇修羅兜","防具","980","金币：13500；材料：防具 ID 232「桜花修羅兜」×1；物品 ID 2「高級薬草」×1","金币：13500；材料：防具 ID 232「樱花修罗盔」×1；物品 ID 2「高级药草」×1","樱花暗修罗之盔"
"726","桜花闇修羅兜","防具","2062","金币：13500；材料：防具 ID 232「桜花修羅兜」×1；物品 ID 829「蒼天の羽根」×1","金币：13500；材料：防具 ID 232「樱花修罗盔」×1；物品 ID 829「苍天的羽毛」×1","樱花暗修罗之盔"
"727","真・覇竜の兜","防具","1011","金币：15000；材料：防具 ID 708「覇竜の兜」×1；物品 ID 2「高級薬草」×1","金币：15000；材料：防具 ID 708「霸龙之盔」×1；物品 ID 2「高级药草」×1","真・霸龙之盔"
"727","真・覇竜の兜","防具","2093","金币：15000；材料：防具 ID 708「覇竜の兜」×1；物品 ID 833「竜王の牙」×1","金币：15000；材料：防具 ID 708「霸龙之盔」×1；物品 ID 833「龙王的牙齿」×1","真・霸龙之盔"
"730","神武者の兜","防具","1075","金币：19000；材料：防具 ID 710「天武者の兜」×1；物品 ID 2「高級薬草」×1","金币：19000；材料：防具 ID 710「天武者之盔」×1；物品 ID 2「高级药草」×1","神武者之盔"
"730","神武者の兜","防具","2157","金币：19000；材料：防具 ID 710「天武者の兜」×1；物品 ID 846「神威の羽根」×1","金币：19000；材料：防具 ID 710「天武者之盔」×1；物品 ID 846「神威的羽毛」×1","神武者之盔"
"731","支配する者","防具","1107","金币：20000；材料：防具 ID 713「王者の兜」×1；物品 ID 2「高級薬草」×1","金币：20000；材料：防具 ID 713「王者之盔」×1；物品 ID 2「高级药草」×1","支配者"
"731","支配する者","防具","2189","金币：20000；材料：防具 ID 713「王者の兜」×1；物品 ID 852「ゼロマター」×1","金币：20000；材料：防具 ID 713「王者之盔」×1；物品 ID 852「零物质」×1","支配者"
"733","ハイセキュリティー","防具","1168","金币：22000；材料：防具 ID 719「セーフガード・ハイ」×1；物品 ID 2「高級薬草」×1","金币：22000；材料：防具 ID 719「安全卫士・高」×1；物品 ID 2「高级药草」×1","高安全性"
"733","ハイセキュリティー","防具","2250","金币：22000；材料：防具 ID 719「セーフガード・ハイ」×1；物品 ID 857「グランエキス」×1","金币：22000；材料：防具 ID 719「安全卫士・高」×1；物品 ID 857「格兰精华」×1","高安全性"
"734","究極超重滅兜","防具","1212","金币：24500；材料：防具 ID 722「超重滅兜」×1；物品 ID 2「高級薬草」×1","金币：24500；材料：防具 ID 722「超重灭之盔」×1；物品 ID 2「高级药草」×1","究极超重灭盔"
"734","究極超重滅兜","防具","2294","金币：24500；材料：防具 ID 722「超重滅兜」×1；物品 ID 863「竜神の牙」×1","金币：24500；材料：防具 ID 722「超重灭之盔」×1；物品 ID 863「龙神的牙齿」×1","究极超重灭盔"
"735","四聖東覇青龍の兜","防具","1252","金币：26000；材料：防具 ID 230「東覇青龍の兜」×1；物品 ID 2「高級薬草」×1","金币：26000；材料：防具 ID 230「东霸青龙之盔」×1；物品 ID 2「高级药草」×1","四圣东霸青龙之盔"
"735","四聖東覇青龍の兜","防具","2355","金币：26000；材料：防具 ID 230「東覇青龍の兜」×1；物品 ID 867「古神の依代」×1","金币：26000；材料：防具 ID 230「东霸青龙之盔」×1；物品 ID 867「古神的依代」×1","四圣东霸青龙之盔"
"736","源氏の兜・マガツ","防具","1253","金币：26500；材料：防具 ID 227「源氏の兜」×1；物品 ID 2「高級薬草」×1","金币：26500；材料：防具 ID 227「源氏之盔」×1；物品 ID 2「高级药草」×1","源氏之盔・祸津"
"736","源氏の兜・マガツ","防具","2356","金币：26000；材料：防具 ID 227「源氏の兜」×1；物品 ID 867「古神の依代」×1","金币：26000；材料：防具 ID 227「源氏之盔」×1；物品 ID 867「古神的依代」×1","源氏之盔・祸津"
"738","覇竜炎帝の兜","防具","1315","金币：27000；材料：防具 ID 727「真・覇竜の兜」×1；物品 ID 2「高級薬草」×1","金币：27000；材料：防具 ID 727「真・霸龙之盔」×1；物品 ID 2「高级药草」×1","霸龙炎帝之盔"
"738","覇竜炎帝の兜","防具","2343","金币：27000；材料：防具 ID 727「真・覇竜の兜」×1；物品 ID 873「テラ甲殻」×1","金币：27000；材料：防具 ID 727「真・霸龙之盔」×1；物品 ID 873「大地甲壳」×1","霸龙炎帝之盔"
"739","冥府黄泉神守","防具","1316","金币：27000；材料：防具 ID 714「冥府の兜」×1；防具 ID 728「黄泉の兜」×1；物品 ID 2「高級薬草」×1","金币：27000；材料：防具 ID 714「冥府之盔」×1；防具 ID 728「黄泉之盔」×1；物品 ID 2「高级药草」×1","冥府黄泉神守"
"739","冥府黄泉神守","防具","2344","金币：25000；材料：防具 ID 714「冥府の兜」×1；防具 ID 728「黄泉の兜」×1；物品 ID 872「ヌル細胞」×1","金币：25000；材料：防具 ID 714「冥府之盔」×1；防具 ID 728「黄泉之盔」×1；物品 ID 872「努尔细胞」×1","冥府黄泉神守"
"740","英雄の輝兜","防具","1349","金币：30000；材料：防具 ID 720「英雄の兜」×1；物品 ID 2「高級薬草」×1","金币：30000；材料：防具 ID 720「英雄之盔」×1；物品 ID 2「高级药草」×1","英雄的光辉盔"
"740","英雄の輝兜","防具","2488","金币：30000；材料：防具 ID 720「英雄の兜」×1；物品 ID 877「勇者の魂」×1","金币：30000；材料：防具 ID 720「英雄之盔」×1；物品 ID 877「勇者的魂」×1","英雄的光辉盔"
"741","天軍聖兜","防具","1360","金币：36000；材料：防具 ID 724「天軍の兜」×1；物品 ID 2「高級薬草」×1","金币：36000；材料：防具 ID 724「天军之盔」×1；物品 ID 2「高级药草」×1","天军圣盔"
"741","天軍聖兜","防具","2427","金币：36000；材料：防具 ID 724「天軍の兜」×1；物品 ID 885「熾天使の羽根」×1","金币：36000；材料：防具 ID 724「天军之盔」×1；物品 ID 885「炽天使的羽毛」×1","天军圣盔"
"742","最終神機ヘッドXA","防具","1361","金币：35000；材料：防具 ID 711「神機ヘッド」×1；物品 ID 2「高級薬草」×1","金币：35000；材料：防具 ID 711「神机头盔」×1；物品 ID 2「高级药草」×1","最终神机头部XA"
"742","最終神機ヘッドXA","防具","2428","金币：35000；材料：防具 ID 711「神機ヘッド」×1；物品 ID 885「熾天使の羽根」×1","金币：35000；材料：防具 ID 711「神机头盔」×1；物品 ID 885「炽天使的羽毛」×1","最终神机头部XA"
"743","魔閤覇王兜","防具","1385","金币：36000；材料：防具 ID 712「魔王の兜」×1；物品 ID 2「高級薬草」×1","金币：36000；材料：防具 ID 712「魔王之盔」×1；物品 ID 2「高级药草」×1","魔阁霸王盔"
"743","魔閤覇王兜","防具","2468","金币：36000；材料：防具 ID 712「魔王の兜」×1；物品 ID 886「根源の闇」×1","金币：36000；材料：防具 ID 712「魔王之盔」×1；物品 ID 886「根源的黑暗」×1","魔阁霸王盔"
"744","魔を統べる者の兜","防具","1405","金币：37000；材料：防具 ID 712「魔王の兜」×1；物品 ID 2「高級薬草」×1","金币：37000；材料：防具 ID 712「魔王之盔」×1；物品 ID 2「高级药草」×1","统御魔物者之盔"
"744","魔を統べる者の兜","防具","2469","金币：37000；材料：防具 ID 712「魔王の兜」×1；物品 ID 884「魔王核熱結晶」×1","金币：37000；材料：防具 ID 712「魔王之盔」×1；物品 ID 884「魔王核热结晶」×1","统御魔物者之盔"
"745","邪神覇皇の兜","防具","1411","金币：38200；材料：防具 ID 721「邪神の兜」×1；防具 ID 732「闇の咆吼」×1；物品 ID 2「高級薬草」×1","金币：38200；材料：防具 ID 721「邪神之盔」×1；防具 ID 732「暗之咆哮」×1；物品 ID 2「高级药草」×1","邪神霸皇之盔"
"745","邪神覇皇の兜","防具","2470","金币：38200；材料：防具 ID 721「邪神の兜」×1；防具 ID 732「闇の咆吼」×1；物品 ID 890「ビッグクランチの結晶」×1","金币：38200；材料：防具 ID 721「邪神之盔」×1；防具 ID 732「暗之咆哮」×1；物品 ID 890「大收缩的结晶」×1","邪神霸皇之盔"
"746","魔神の兜","防具","1436","金币：38000；材料：防具 ID 721「邪神の兜」×1；物品 ID 2「高級薬草」×1","金币：38000；材料：防具 ID 721「邪神之盔」×1；物品 ID 2「高级药草」×1","魔神之盔"
"746","魔神の兜","防具","2509","金币：38000；材料：防具 ID 721「邪神の兜」×1；物品 ID 887「反物質」×1","金币：38000；材料：防具 ID 721「邪神之盔」×1；物品 ID 887「反物质」×1","魔神之盔"
"747","英雄の夢幻兜","防具","1437","金币：38000；材料：防具 ID 720「英雄の兜」×1；物品 ID 2「高級薬草」×1","金币：38000；材料：防具 ID 720「英雄之盔」×1；物品 ID 2「高级药草」×1","英雄的梦幻盔"
"747","英雄の夢幻兜","防具","2510","金币：38000；材料：防具 ID 720「英雄の兜」×1；物品 ID 887「反物質」×1","金币：38000；材料：防具 ID 720「英雄之盔」×1；物品 ID 887「反物质」×1","英雄的梦幻盔"
"748","混沌英雄の兜","防具","1438","金币：40000；材料：防具 ID 720「英雄の兜」×1；防具 ID 723「昏き兜」×1；物品 ID 2「高級薬草」×1","金币：40000；材料：防具 ID 720「英雄之盔」×1；防具 ID 723「昏暗之盔」×1；物品 ID 2「高级药草」×1","混沌英雄之盔"
"748","混沌英雄の兜","防具","2511","金币：40000；材料：防具 ID 720「英雄の兜」×1；防具 ID 723「昏き兜」×1；物品 ID 887「反物質」×1","金币：40000；材料：防具 ID 720「英雄之盔」×1；防具 ID 723「昏暗之盔」×1；物品 ID 887「反物质」×1","混沌英雄之盔"
"751","白華のサークレット","防具","570","金币：4700；材料：防具 ID 254「流星のサークレット」×1；物品 ID 257「偉大なる花びら」×1","金币：4700；材料：防具 ID 254「流星制头环」×1；物品 ID 257「伟大的花瓣」×1","白华头环"
"752","マーメイドウィザード","防具","571","金币：4700；材料：防具 ID 245「マーメイドサークレット」×1；物品 ID 259「深海の鱗」×1","金币：4700；材料：防具 ID 245「人鱼头环」×1；物品 ID 259「深海之鳞」×1","人鱼巫师"
"754","ダブルドラゴンサークレット","防具","664","金币：5400；材料：防具 ID 255「ドラゴンサークレット」×1；物品 ID 267「極竜の牙」×1","金币：5400；材料：防具 ID 255「龙之头环」×1；物品 ID 267「极龙之牙」×1","双龙头环"
"755","神罰のサークレット","防具","665","金币：5400；材料：防具 ID 257「怒りのサークレット」×1；物品 ID 262「神々しい花びら」×1","金币：5400；材料：防具 ID 257「愤怒头环」×1；物品 ID 262「神圣花瓣」×1","神罚头环"
"756","ホーリーサークレット","防具","751","金币：6100；材料：防具 ID 751「白華のサークレット」×1；物品 ID 262「神々しい花びら」×1","金币：6100；材料：防具 ID 751「白华头环」×1；物品 ID 262「神圣花瓣」×1","圣洁头环"
"757","ダークサークレット","防具","752","金币：6100；材料：防具 ID 253「ディジョンサークレット」×1；物品 ID 267「極竜の牙」×1","金币：6100；材料：防具 ID 253「第戎头环」×1；物品 ID 267「极龙之牙」×1","暗影头环"
"761","ラストソーサラー","防具","867","金币：8000；材料：防具 ID 753「召喚士のサークレット」×1；物品 ID 281「最後の結晶」×1","金币：8000；材料：防具 ID 753「召唤士的头环」×1；物品 ID 281「最终之结晶」×1","最后的术士"
"762","四精霊のサークレット","防具","865","金币：8000；材料：防具 ID 252「エレメンタルサークレット」×1；物品 ID 280「エレメントコア」×1","金币：8000；材料：防具 ID 252「元素头环」×1；物品 ID 280「元素核心」×1","四精灵头环"
"763","冥王のサークレット","防具","866","金币：8000；材料：防具 ID 249「ネクロサークレット」×1；物品 ID 274「ゾンビハート」×1","金币：8000；材料：防具 ID 249「死灵头环」×1；物品 ID 274「僵尸心脏」×1","冥王头环"
"764","聖魔兎々","防具","897","金币：9200；材料：防具 ID 756「ホーリーサークレット」×1；防具 ID 757「ダークサークレット」×1；物品 ID 272「黒のアリス細胞」×1","金币：9200；材料：防具 ID 756「圣洁头环」×1；防具 ID 757「暗影头环」×1；物品 ID 272「黑之爱丽丝细胞」×1","圣魔兔兔"
"766","四精霊のロンド","防具","948","金币：11000；材料：防具 ID 762「四精霊のサークレット」×1；物品 ID 2「高級薬草」×1","金币：11000；材料：防具 ID 762「四精灵头环」×1；物品 ID 2「高级药草」×1","四精灵的旋律"
"766","四精霊のロンド","防具","2030","金币：11000；材料：防具 ID 762「四精霊のサークレット」×1；物品 ID 822「神様のどんぐり」×1","金币：11000；材料：防具 ID 762「四精灵头环」×1；物品 ID 822「神大人的橡果」×1","四精灵的旋律"
"768","サイ・ワーム","防具","981","金币：11500；材料：防具 ID 758「侵蝕されたサークレット」×1；物品 ID 2「高級薬草」×1","金币：11500；材料：防具 ID 758「被侵蚀的头环」×1；物品 ID 2「高级药草」×1","心灵蠕虫"
"768","サイ・ワーム","防具","2063","金币：11500；材料：防具 ID 758「侵蝕されたサークレット」×1；物品 ID 827「深淵の触手」×1","金币：11500；材料：防具 ID 758「被侵蚀的头环」×1；物品 ID 827「深渊的触手」×1","心灵蠕虫"
"769","マーメイドロード","防具","1012","金币：13000；材料：防具 ID 752「マーメイドウィザード」×1；物品 ID 2「高級薬草」×1","金币：13000；材料：防具 ID 752「人鱼巫师」×1；物品 ID 2「高级药草」×1","人鱼主宰"
"769","マーメイドロード","防具","2094","金币：13000；材料：防具 ID 752「マーメイドウィザード」×1；物品 ID 832「魔海の珊瑚」×1","金币：13000；材料：防具 ID 752「人鱼巫师」×1；物品 ID 832「魔海的珊瑚」×1","人鱼主宰"
"770","神竜のサークレット","防具","1044","金币：14200；材料：防具 ID 754「ダブルドラゴンサークレット」×1；物品 ID 2「高級薬草」×1","金币：14200；材料：防具 ID 754「双龙头环」×1；物品 ID 2「高级药草」×1","神龙头环"
"770","神竜のサークレット","防具","2126","金币：14200；材料：防具 ID 754「ダブルドラゴンサークレット」×1；物品 ID 837「神々しい角」×1","金币：14200；材料：防具 ID 754「双龙头环」×1；物品 ID 837「神圣的角」×1","神龙头环"
"773","テラソーサラー","防具","1076","金币：16200；材料：防具 ID 761「ラストソーサラー」×1；物品 ID 2「高級薬草」×1","金币：16200；材料：防具 ID 761「最后的术士」×1；物品 ID 2「高级药草」×1","大地召唤师"
"773","テラソーサラー","防具","2158","金币：16200；材料：防具 ID 761「ラストソーサラー」×1；物品 ID 844「大淫魔の尻尾」×1","金币：16200；材料：防具 ID 761「最后的术士」×1；物品 ID 844「大淫魔的尾巴」×1","大地召唤师"
"774","天罰神雷のサークレット","防具","1108","金币：17300；材料：防具 ID 755「神罰のサークレット」×1；防具 ID 767「断罪のサークレット」×1；物品 ID 2「高級薬草」×1","金币：17300；材料：防具 ID 755「神罚头环」×1；防具 ID 767「断罪头环」×1；物品 ID 2「高级药草」×1","天罚神雷头环"
"774","天罰神雷のサークレット","防具","2190","金币：17300；材料：防具 ID 755「神罰のサークレット」×1；防具 ID 767「断罪のサークレット」×1；物品 ID 848「永遠の鱗」×1","金币：17300；材料：防具 ID 755「神罚头环」×1；防具 ID 767「断罪头环」×1；物品 ID 848「永恒的鳞片」×1","天罚神雷头环"
"775","闇の法王","防具","1169","金币：20000；材料：防具 ID 757「ダークサークレット」×1；物品 ID 2「高級薬草」×1","金币：20000；材料：防具 ID 757「暗影头环」×1；物品 ID 2「高级药草」×1","暗之教皇"
"775","闇の法王","防具","2251","金币：20000；材料：防具 ID 757「ダークサークレット」×1；物品 ID 856「不滅の黒片」×1","金币：20000；材料：防具 ID 757「暗影头环」×1；物品 ID 856「不灭的黑片」×1","暗之教皇"
"776","ライトディライト","防具","1213","金币：20000；材料：防具 ID 756「ホーリーサークレット」×1；物品 ID 2「高級薬草」×1","金币：20000；材料：防具 ID 756「圣洁头环」×1；物品 ID 2「高级药草」×1","光之光辉"
"776","ライトディライト","防具","2295","金币：20000；材料：防具 ID 756「ホーリーサークレット」×1；物品 ID 864「虹色の羽根」×1","金币：20000；材料：防具 ID 756「圣洁头环」×1；物品 ID 864「彩虹色的羽毛」×1","光之光辉"
"779","サードアイ","防具","1362","金币：28600；材料：防具 ID 763「冥王のサークレット」×1；物品 ID 2「高級薬草」×1","金币：28600；材料：防具 ID 763「冥王头环」×1；物品 ID 2「高级药草」×1","第三只眼"
"779","サードアイ","防具","2429","金币：28600；材料：防具 ID 763「冥王のサークレット」×1；物品 ID 885「熾天使の羽根」×1","金币：28600；材料：防具 ID 763「冥王头环」×1；物品 ID 885「炽天使的羽毛」×1","第三只眼"
"780","上弦の月","防具","1386","金币：28600；材料：防具 ID 256「九尾の烏帽子」×1；物品 ID 2「高級薬草」×1","金币：28600；材料：防具 ID 256「九尾乌帽」×1；物品 ID 2「高级药草」×1","上弦之月"
"780","上弦の月","防具","2471","金币：28600；材料：防具 ID 256「九尾の烏帽子」×1；物品 ID 886「根源の闇」×1","金币：28600；材料：防具 ID 256「九尾乌帽」×1；物品 ID 886「根源的黑暗」×1","上弦之月"
"781","神魔兎々","防具","1406","金币：30000；材料：防具 ID 764「聖魔兎々」×1；物品 ID 2「高級薬草」×1","金币：30000；材料：防具 ID 764「圣魔兔兔」×1；物品 ID 2「高级药草」×1","神魔兔兔"
"781","神魔兎々","防具","2472","金币：30000；材料：防具 ID 764「聖魔兎々」×1；物品 ID 884「魔王核熱結晶」×1","金币：30000；材料：防具 ID 764「圣魔兔兔」×1；物品 ID 884「魔王核热结晶」×1","神魔兔兔"
"782","輪廻のサークレット","防具","1439","金币：32000；材料：防具 ID 777「混沌のサークレット」×1；物品 ID 2「高級薬草」×1","金币：32000；材料：防具 ID 777「混沌头环」×1；物品 ID 2「高级药草」×1","轮回头环"
"782","輪廻のサークレット","防具","2512","金币：32000；材料：防具 ID 777「混沌のサークレット」×1；物品 ID 887「反物質」×1","金币：32000；材料：防具 ID 777「混沌头环」×1；物品 ID 887「反物质」×1","轮回头环"
"785","ティアラオブヘブン","防具","572","金币：5900；材料：防具 ID 267「ティアラオブティアーズ」×1；物品 ID 257「偉大なる花びら」×1","金币：5900；材料：防具 ID 267「泪之冠饰」×1；物品 ID 257「伟大的花瓣」×1","天堂冠饰"
"787","闇蛇のティアラ","防具","582","金币：6400；材料：防具 ID 266「メデューサクラウン」×1；物品 ID 254「強靱なる蛇尾」×1","金币：6400；材料：防具 ID 266「美杜莎王冠」×1；物品 ID 254「坚韧的蛇尾」×1","暗蛇之冠饰"
"789","オーシャンクラウン","防具","593","金币：6700；材料：防具 ID 265「マーメイドクラウン」×1；物品 ID 259「深海の鱗」×1","金币：6700；材料：防具 ID 265「人鱼王冠」×1；物品 ID 259「深海之鳞」×1","海洋皇冠"
"790","熾天使の冠","防具","666","金币：7000；材料：防具 ID 785「ティアラオブヘブン」×1；物品 ID 263「神物の破片」×1","金币：7000；材料：防具 ID 785「天堂冠饰」×1；物品 ID 263「神物碎片」×1","炽天使之冠"
"791","天空のハーピークラウン","防具","667","金币：7000；材料：防具 ID 788「ハーピークラウン」×1；物品 ID 271「天空の羽根」×1","金币：7000；材料：防具 ID 788「哈比皇冠」×1；物品 ID 271「天空之羽」×1","天空哈比皇冠"
"794","アドバンスドギア","防具","762","金币：8000；材料：防具 ID 792「マキナギア」×1；物品 ID 268「無限細胞」×1","金币：8000；材料：防具 ID 792「器械装置」×1；物品 ID 268「无限细胞」×1","高级装置"
"796","ドラグネスクラウン","防具","868","金币：10500；材料：防具 ID 269「ロイヤルクラウン」×1；物品 ID 275「最後の竜牙」×1","金币：10500；材料：防具 ID 269「皇家王冠」×1；物品 ID 275「最终之龙牙」×1","龙女王之冠"
"797","輝光のティアラ","防具","869","金币：10500；材料：防具 ID 785「ティアラオブヘブン」×1；物品 ID 281「最後の結晶」×1","金币：10500；材料：防具 ID 785「天堂冠饰」×1；物品 ID 281「最终之结晶」×1","辉光之冠饰"
"798","淫らなる極みのティアラ","防具","898","金币：12500；材料：防具 ID 784「淫らなティアラ」×1；物品 ID 280「エレメントコア」×1","金币：12500；材料：防具 ID 784「淫荡冠饰」×1；物品 ID 280「元素核心」×1","淫极之冠饰"
"799","熾天使の冠・聖天","防具","910","金币：12500；材料：防具 ID 790「熾天使の冠」×1；物品 ID 287「世界蛇尾」×1","金币：12500；材料：防具 ID 790「炽天使之冠」×1；物品 ID 287「世界蛇尾」×1","炽天使之冠・圣天"
"803","千蛇の女王","防具","982","金币：15500；材料：防具 ID 787「闇蛇のティアラ」×1；物品 ID 2「高級薬草」×1","金币：15500；材料：防具 ID 787「暗蛇之冠饰」×1；物品 ID 2「高级药草」×1","千蛇女王"
"803","千蛇の女王","防具","2064","金币：15500；材料：防具 ID 787「闇蛇のティアラ」×1；物品 ID 828「侵蝕の粘液」×1","金币：15500；材料：防具 ID 787「暗蛇之冠饰」×1；物品 ID 828「侵蚀的粘液」×1","千蛇女王"
"804","天啓のティアラ","防具","1013","金币：17500；材料：防具 ID 795「幸運のティアラ」×1；物品 ID 2「高級薬草」×1","金币：17500；材料：防具 ID 795「幸运之冠饰」×1；物品 ID 2「高级药草」×1","天启之冠饰"
"804","天啓のティアラ","防具","2095","金币：17500；材料：防具 ID 795「幸運のティアラ」×1；物品 ID 834「シャインエキス」×1","金币：17500；材料：防具 ID 795「幸运之冠饰」×1；物品 ID 834「闪耀精华」×1","天启之冠饰"
"805","アトランティス","防具","1077","金币：21000；材料：防具 ID 789「オーシャンクラウン」×1；物品 ID 2「高級薬草」×1","金币：21000；材料：防具 ID 789「海洋皇冠」×1；物品 ID 2「高级药草」×1","亚特兰蒂斯"
"805","アトランティス","防具","2159","金币：21000；材料：防具 ID 789「オーシャンクラウン」×1；物品 ID 844「大淫魔の尻尾」×1","金币：21000；材料：防具 ID 789「海洋皇冠」×1；物品 ID 844「大淫魔的尾巴」×1","亚特兰蒂斯"
"807","フェニックスクラウン","防具","1109","金币：22300；材料：防具 ID 786「灼熱のティアラ」×1；防具 ID 791「天空のハーピークラウン」×1；物品 ID 2「高級薬草」×1","金币：22300；材料：防具 ID 786「灼热之冠饰」×1；防具 ID 791「天空哈比皇冠」×1；物品 ID 2「高级药草」×1","不死鸟之冠"
"807","フェニックスクラウン","防具","2191","金币：22300；材料：防具 ID 786「灼熱のティアラ」×1；防具 ID 791「天空のハーピークラウン」×1；物品 ID 848「永遠の鱗」×1","金币：22300；材料：防具 ID 786「灼热之冠饰」×1；防具 ID 791「天空哈比皇冠」×1；物品 ID 848「永恒的鳞片」×1","不死鸟之冠"
"808","竜姫炎皇の王冠","防具","1143","金币：24500；材料：防具 ID 796「ドラグネスクラウン」×1；物品 ID 2「高級薬草」×1","金币：24500；材料：防具 ID 796「龙女王之冠」×1；物品 ID 2「高级药草」×1","龙姬炎皇的王冠"
"808","竜姫炎皇の王冠","防具","2225","金币：24500；材料：防具 ID 796「ドラグネスクラウン」×1；物品 ID 854「集合意識の甲殻」×1","金币：24500；材料：防具 ID 796「龙女王之冠」×1；物品 ID 854「集合意识的甲壳」×1","龙姬炎皇的王冠"
"809","パンスペルミア","防具","1170","金币：26000；材料：防具 ID 270「ガイアのティアラ」×1；物品 ID 2「高級薬草」×1","金币：26000；材料：防具 ID 270「盖亚之冠饰」×1；物品 ID 2「高级药草」×1","泛种论"
"809","パンスペルミア","防具","2252","金币：26000；材料：防具 ID 270「ガイアのティアラ」×1；物品 ID 857「グランエキス」×1","金币：26000；材料：防具 ID 270「盖亚之冠饰」×1；物品 ID 857「格兰精华」×1","泛种论"
"811","花嫁のヴェール","防具","1214","金币：38000；材料：防具 ID 268「祝福のヴェール」×1；物品 ID 2「高級薬草」×1","金币：38000；材料：防具 ID 268「祝福之面纱」×1；物品 ID 2「高级药草」×1","新娘的面纱"
"811","花嫁のヴェール","防具","2296","金币：38000；材料：防具 ID 268「祝福のヴェール」×1；物品 ID 864「虹色の羽根」×1","金币：38000；材料：防具 ID 268「祝福之面纱」×1；物品 ID 864「彩虹色的羽毛」×1","新娘的面纱"
"812","熾天使の冠・聖天歓喜","防具","1262","金币：40000；材料：防具 ID 799「熾天使の冠・聖天」×1；物品 ID 2「高級薬草」×1","金币：40000；材料：防具 ID 799「炽天使之冠・圣天」×1；物品 ID 2「高级药草」×1","炽天使之冠・圣天欢喜"
"812","熾天使の冠・聖天歓喜","防具","2430","金币：40000；材料：防具 ID 799「熾天使の冠・聖天」×1；物品 ID 875「永劫の羽根」×1","金币：40000；材料：防具 ID 799「炽天使之冠・圣天」×1；物品 ID 875「永劫的羽根」×1","炽天使之冠・圣天欢喜"
"813","ナイトメアティアラ","防具","1269","金币：40000；材料：防具 ID 798「淫らなる極みのティアラ」×1；物品 ID 2「高級薬草」×1","金币：40000；材料：防具 ID 798「淫极之冠饰」×1；物品 ID 2「高级药草」×1","噩梦冠饰"
"813","ナイトメアティアラ","防具","2473","金币：40000；材料：防具 ID 798「淫らなる極みのティアラ」×1；物品 ID 876「虚夢の欠片」×1","金币：40000；材料：防具 ID 798「淫极之冠饰」×1；物品 ID 876「虚梦的碎片」×1","噩梦冠饰"
"814","聖冠・福音二十四ノ明星","防具","1363","金币：45000；材料：防具 ID 801「明星の聖冠」×1；物品 ID 2「高級薬草」×1","金币：45000；材料：防具 ID 801「黎明之星的圣冠」×1；物品 ID 2「高级药草」×1","圣冠・福音二十四之明星"
"814","聖冠・福音二十四ノ明星","防具","2431","金币：45000；材料：防具 ID 801「明星の聖冠」×1；物品 ID 885「熾天使の羽根」×1","金币：45000；材料：防具 ID 801「黎明之星的圣冠」×1；物品 ID 885「炽天使的羽毛」×1","圣冠・福音二十四之明星"
"815","聖母の魔冠","防具","1364","金币：42000；材料：防具 ID 798「淫らなる極みのティアラ」×1；物品 ID 2「高級薬草」×1","金币：42000；材料：防具 ID 798「淫极之冠饰」×1；物品 ID 2「高级药草」×1","圣母的魔冠"
"815","聖母の魔冠","防具","2432","金币：42000；材料：防具 ID 798「淫らなる極みのティアラ」×1；物品 ID 885「熾天使の羽根」×1","金币：42000；材料：防具 ID 798「淫极之冠饰」×1；物品 ID 885「炽天使的羽毛」×1","圣母的魔冠"
"816","聖百合のティアラ","防具","1365","金币：42000；材料：防具 ID 797「輝光のティアラ」×1；物品 ID 2「高級薬草」×1","金币：42000；材料：防具 ID 797「辉光之冠饰」×1；物品 ID 2「高级药草」×1","圣百合之冠饰"
"816","聖百合のティアラ","防具","2433","金币：42000；材料：防具 ID 797「輝光のティアラ」×1；物品 ID 885「熾天使の羽根」×1","金币：42000；材料：防具 ID 797「辉光之冠饰」×1；物品 ID 885「炽天使的羽毛」×1","圣百合之冠饰"
"817","シリコンギア","防具","1366","金币：42000；材料：防具 ID 794「アドバンスドギア」×1；物品 ID 2「高級薬草」×1","金币：42000；材料：防具 ID 794「高级装置」×1；物品 ID 2「高级药草」×1","硅胶装备"
"817","シリコンギア","防具","2434","金币：42000；材料：防具 ID 794「アドバンスドギア」×1；物品 ID 885「熾天使の羽根」×1","金币：42000；材料：防具 ID 794「高级装置」×1；物品 ID 885「炽天使的羽毛」×1","硅胶装备"
"818","アルカディア","防具","1387","金币：41000；材料：防具 ID 813「ナイトメアティアラ」×1；物品 ID 2「高級薬草」×1","金币：41000；材料：防具 ID 813「噩梦冠饰」×1；物品 ID 2「高级药草」×1","阿尔卡迪亚"
"818","アルカディア","防具","2474","金币：41000；材料：防具 ID 813「ナイトメアティアラ」×1；物品 ID 886「根源の闇」×1","金币：41000；材料：防具 ID 813「噩梦冠饰」×1；物品 ID 886「根源的黑暗」×1","阿尔卡迪亚"
"819","ナノクラウンジェル","防具","1388","金币：41000；材料：防具 ID 793「クラウンジェル」×1；物品 ID 2「高級薬草」×1","金币：41000；材料：防具 ID 793「皇冠果冻」×1；物品 ID 2「高级药草」×1","纳米皇冠凝胶"
"819","ナノクラウンジェル","防具","2475","金币：41000；材料：防具 ID 793「クラウンジェル」×1；物品 ID 886「根源の闇」×1","金币：41000；材料：防具 ID 793「皇冠果冻」×1；物品 ID 886「根源的黑暗」×1","纳米皇冠凝胶"
"820","世界樹の冠","防具","1389","金币：41000；材料：防具 ID 802「緑皇の冠」×1；物品 ID 2「高級薬草」×1","金币：41000；材料：防具 ID 802「绿皇之冠」×1；物品 ID 2「高级药草」×1","世界树之冠"
"820","世界樹の冠","防具","2476","金币：41000；材料：防具 ID 802「緑皇の冠」×1；物品 ID 886「根源の闇」×1","金币：41000；材料：防具 ID 802「绿皇之冠」×1；物品 ID 886「根源的黑暗」×1","世界树之冠"
"821","創世開闢女神のティアラ","防具","1396","金币：46000；材料：防具 ID 800「女神のティアラ」×1；防具 ID 806「創世のティアラ」×1；物品 ID 2「高級薬草」×1","金币：46000；材料：防具 ID 800「女神之冠饰」×1；防具 ID 806「创世之冠饰」×1；物品 ID 2「高级药草」×1","创世开辟女神之冠饰"
"821","創世開闢女神のティアラ","防具","2435","金币：46000；材料：防具 ID 800「女神のティアラ」×1；防具 ID 806「創世のティアラ」×1；物品 ID 889「ビッグバンの結晶」×1","金币：46000；材料：防具 ID 800「女神之冠饰」×1；防具 ID 806「创世之冠饰」×1；物品 ID 889「大爆炸的结晶」×1","创世开辟女神之冠饰"
"822","魔神のティアラ","防具","1440","金币：46000；材料：防具 ID 721「邪神の兜」×1；物品 ID 2「高級薬草」×1","金币：46000；材料：防具 ID 721「邪神之盔」×1；物品 ID 2「高级药草」×1","魔神之冠饰"
"822","魔神のティアラ","防具","2513","金币：46000；材料：防具 ID 721「邪神の兜」×1；物品 ID 887「反物質」×1","金币：46000；材料：防具 ID 721「邪神之盔」×1；物品 ID 887「反物质」×1","魔神之冠饰"
"824","世界樹の盾","防具","509","金币：2700；材料：防具 ID 273「木の盾改」×1；物品 ID 252「奇跡の羽根」×1","金币：2700；材料：防具 ID 273「改良木盾」×1；物品 ID 252「奇迹的羽毛」×1","世界树之盾"
"827","ライトレッドプラス","防具","753","金币：4700；材料：防具 ID 826「ライトレッド」×1；物品 ID 269「終蟲の甲殻」×1","金币：4700；材料：防具 ID 826「红光」×1；物品 ID 269「终虫甲壳」×1","红光增强版"
"828","ライトエレメント","防具","870","金币：6000；材料：防具 ID 277「マジカルシールド」×1；物品 ID 280「エレメントコア」×1","金币：6000；材料：防具 ID 277「魔法盾」×1；物品 ID 280「元素核心」×1","元素光"
"829","アークディフレクター","防具","871","金币：6000；材料：防具 ID 276「シャインディフレクター」×1；物品 ID 283「カオスニウム」×1","金币：6000；材料：防具 ID 276「闪光反射盾」×1；物品 ID 283「混沌结晶」×1","弧光反射器"
"830","サイ・フォーム","防具","899","金币：7200；材料：防具 ID 825「サイ・エンパシー」×1；物品 ID 280「エレメントコア」×1","金币：7200；材料：防具 ID 825「心灵共感」×1；物品 ID 280「元素核心」×1","心灵形态"
"831","カッサンドラ","防具","983","金币：9000；材料：防具 ID 827「ライトレッドプラス」×1；物品 ID 2「高級薬草」×1","金币：9000；材料：防具 ID 827「红光增强版」×1；物品 ID 2「高级药草」×1","卡桑德拉"
"831","カッサンドラ","防具","2065","金币：9000；材料：防具 ID 827「ライトレッドプラス」×1；物品 ID 831「魔界樹の花びら」×1","金币：9000；材料：防具 ID 827「红光增强版」×1；物品 ID 831「魔界树的花瓣」×1","卡桑德拉"
"832","ライトエレメント・プラス","防具","1078","金币：12000；材料：防具 ID 828「ライトエレメント」×1；物品 ID 2「高級薬草」×1","金币：12000；材料：防具 ID 828「元素光」×1；物品 ID 2「高级药草」×1","元素光增强版"
"832","ライトエレメント・プラス","防具","2160","金币：12000；材料：防具 ID 828「ライトエレメント」×1；物品 ID 844「大淫魔の尻尾」×1","金币：12000；材料：防具 ID 828「元素光」×1；物品 ID 844「大淫魔的尾巴」×1","元素光增强版"
"834","リフレクター","防具","1171","金币：15000；材料：防具 ID 829「アークディフレクター」×1；物品 ID 2「高級薬草」×1","金币：15000；材料：防具 ID 829「弧光反射器」×1；物品 ID 2「高级药草」×1","反射器"
"834","リフレクター","防具","2253","金币：15000；材料：防具 ID 829「アークディフレクター」×1；物品 ID 857「グランエキス」×1","金币：15000；材料：防具 ID 829「弧光反射器」×1；物品 ID 857「格兰精华」×1","反射器"
"835","マザートーラー","防具","1367","金币：22000；材料：防具 ID 828「ライトエレメント」×1；物品 ID 2「高級薬草」×1","金币：22000；材料：防具 ID 828「元素光」×1；物品 ID 2「高级药草」×1","母亲之塔"
"835","マザートーラー","防具","2436","金币：22000；材料：防具 ID 828「ライトエレメント」×1；物品 ID 885「熾天使の羽根」×1","金币：22000；材料：防具 ID 828「元素光」×1；物品 ID 885「炽天使的羽毛」×1","母亲之塔"
"836","シャーデンフロイデ","防具","1368","金币：22000；材料：防具 ID 824「世界樹の盾」×1；物品 ID 2「高級薬草」×1","金币：22000；材料：防具 ID 824「世界树之盾」×1；物品 ID 2「高级药草」×1","幸灾乐祸"
"836","シャーデンフロイデ","防具","2437","金币：22000；材料：防具 ID 824「世界樹の盾」×1；物品 ID 885「熾天使の羽根」×1","金币：22000；材料：防具 ID 824「世界树之盾」×1；物品 ID 885「炽天使的羽毛」×1","幸灾乐祸"
"837","サイ・フィールド","防具","1390","金币：20000；材料：防具 ID 830「サイ・フォーム」×1；物品 ID 2「高級薬草」×1","金币：20000；材料：防具 ID 830「心灵形态」×1；物品 ID 2「高级药草」×1","心灵领域"
"837","サイ・フィールド","防具","2477","金币：20000；材料：防具 ID 830「サイ・フォーム」×1；物品 ID 886「根源の闇」×1","金币：20000；材料：防具 ID 830「心灵形态」×1；物品 ID 886「根源的黑暗」×1","心灵领域"
"838","ユグドラシルの盾","防具","1391","金币：21000；材料：防具 ID 824「世界樹の盾」×1；物品 ID 2「高級薬草」×1","金币：21000；材料：防具 ID 824「世界树之盾」×1；物品 ID 2「高级药草」×1","世界树之盾"
"838","ユグドラシルの盾","防具","2478","金币：21000；材料：防具 ID 824「世界樹の盾」×1；物品 ID 886「根源の闇」×1","金币：21000；材料：防具 ID 824「世界树之盾」×1；物品 ID 886「根源的黑暗」×1","世界树之盾"
"841","深海水鏡","防具","573","金币：5000；材料：防具 ID 291「水鏡の盾」×1；物品 ID 259「深海の鱗」×1","金币：5000；材料：防具 ID 291「水镜盾」×1；物品 ID 259「深海之鳞」×1","深海水镜"
"844","戦神の盾","防具","668","金币：6300；材料：防具 ID 840「抗う者の盾」×1；物品 ID 263「神物の破片」×1","金币：6300；材料：防具 ID 840「反抗者之盾」×1；物品 ID 263「神物碎片」×1","战神之盾"
"846","ミスリルトリニティ","防具","754","金币：7300；材料：防具 ID 287「ミスリルシールド・エア」×1；防具 ID 288「ミスリルシールド・アース」×1；防具 ID 289「ミスリルシールド・アクア」×1","金币：7300；材料：防具 ID 287「秘银盾・风」×1；防具 ID 288「秘银盾・土」×1；防具 ID 289「秘银盾・水」×1","秘银三重奏"
"847","低出力ビームシールド","防具","763","金币：8500；材料：防具 ID 842「試作型ビームシールド」×1；物品 ID 269「終蟲の甲殻」×1","金币：8500；材料：防具 ID 842「试作型光束盾」×1；物品 ID 269「终虫甲壳」×1","低输出光束盾"
"849","ムーンエナジー","防具","872","金币：9000；材料：防具 ID 848「ムーンシールド」×1；物品 ID 280「エレメントコア」×1","金币：9000；材料：防具 ID 848「月之盾」×1；物品 ID 280「元素核心」×1","月之能量"
"850","ハイイージス","防具","873","金币：9000；材料：防具 ID 292「イージスの盾」×1；物品 ID 285「モルボルの花びら」×1","金币：9000；材料：防具 ID 292「埃癸斯之盾」×1；物品 ID 285「魔界花的花瓣」×1","高级埃癸斯"
"851","ビームシールド","防具","882","金币：10500；材料：防具 ID 847「低出力ビームシールド」×1；物品 ID 279「ネクストコア」×1","金币：10500；材料：防具 ID 847「低输出光束盾」×1；物品 ID 279「次世代核心」×1","光束盾"
"854","ミカガミトリニティ","防具","984","金币：13500；材料：防具 ID 841「深海水鏡」×1；防具 ID 846「ミスリルトリニティ」×1；物品 ID 2「高級薬草」×1","金币：13500；材料：防具 ID 841「深海水镜」×1；防具 ID 846「秘银三重奏」×1；物品 ID 2「高级药草」×1","御影神盾"
"854","ミカガミトリニティ","防具","2066","金币：16500；材料：防具 ID 841「深海水鏡」×1；防具 ID 846「ミスリルトリニティ」×1；物品 ID 828「侵蝕の粘液」×1","金币：16500；材料：防具 ID 841「深海水镜」×1；防具 ID 846「秘银三重奏」×1；物品 ID 828「侵蚀的粘液」×1","御影神盾"
"855","ルーンガード","防具","1045","金币：16500；材料：防具 ID 845「ルーンシールド」×1；物品 ID 2「高級薬草」×1","金币：16500；材料：防具 ID 845「符文盾」×1；物品 ID 2「高级药草」×1","符文守护"
"855","ルーンガード","防具","2127","金币：16500；材料：防具 ID 845「ルーンシールド」×1；物品 ID 837「神々しい角」×1","金币：16500；材料：防具 ID 845「符文盾」×1；物品 ID 837「神圣的角」×1","符文守护"
"858","毘沙門天","防具","1110","金币：20000；材料：防具 ID 844「戦神の盾」×1；物品 ID 2「高級薬草」×1","金币：20000；材料：防具 ID 844「战神之盾」×1；物品 ID 2「高级药草」×1","毗沙门天"
"858","毘沙門天","防具","2192","金币：20000；材料：防具 ID 844「戦神の盾」×1；物品 ID 849「悪夢の胞子」×1","金币：20000；材料：防具 ID 844「战神之盾」×1；物品 ID 849「恶梦的孢子」×1","毗沙门天"
"860","セカンドイージス","防具","1144","金币：21000；材料：防具 ID 850「ハイイージス」×1；物品 ID 2「高級薬草」×1","金币：21000；材料：防具 ID 850「高级埃癸斯」×1；物品 ID 2「高级药草」×1","第二埃癸斯"
"860","セカンドイージス","防具","2226","金币：21000；材料：防具 ID 850「ハイイージス」×1；物品 ID 854「集合意識の甲殻」×1","金币：21000；材料：防具 ID 850「高级埃癸斯」×1；物品 ID 854「集合意识的甲壳」×1","第二埃癸斯"
"861","メガビームシールド","防具","1228","金币：24000；材料：防具 ID 851「ビームシールド」×1；物品 ID 2「高級薬草」×1","金币：24000；材料：防具 ID 851「光束盾」×1；物品 ID 2「高级药草」×1","巨型光束盾"
"861","メガビームシールド","防具","2401","金币：24000；材料：防具 ID 851「ビームシールド」×1；物品 ID 866「オメガコア」×1","金币：24000；材料：防具 ID 851「光束盾」×1；物品 ID 866「欧米伽核心」×1","巨型光束盾"
"864","オーディガス","防具","1369","金币：30000；材料：防具 ID 849「ムーンエナジー」×1；物品 ID 2「高級薬草」×1","金币：30000；材料：防具 ID 849「月之能量」×1；物品 ID 2「高级药草」×1","奥德加斯"
"864","オーディガス","防具","2438","金币：30000；材料：防具 ID 849「ムーンエナジー」×1；物品 ID 885「熾天使の羽根」×1","金币：30000；材料：防具 ID 849「月之能量」×1；物品 ID 885「炽天使的羽毛」×1","奥德加斯"
"865","月天装","防具","1392","金币：30000；材料：防具 ID 849「ムーンエナジー」×1；物品 ID 2「高級薬草」×1","金币：30000；材料：防具 ID 849「月之能量」×1；物品 ID 2「高级药草」×1","月天装"
"865","月天装","防具","2479","金币：30000；材料：防具 ID 849「ムーンエナジー」×1；物品 ID 886「根源の闇」×1","金币：30000；材料：防具 ID 849「月之能量」×1；物品 ID 886「根源的黑暗」×1","月天装"
"866","創世開闢女神の盾","防具","1397","金币：35000；材料：防具 ID 852「女神の盾」×1；防具 ID 857「創世の盾」×1；物品 ID 2「高級薬草」×1","金币：35000；材料：防具 ID 852「女神之盾」×1；防具 ID 857「创世之盾」×1；物品 ID 2「高级药草」×1","创世开辟女神之盾"
"866","創世開闢女神の盾","防具","2439","金币：35000；材料：防具 ID 852「女神の盾」×1；防具 ID 857「創世の盾」×1；物品 ID 889「ビッグバンの結晶」×1","金币：35000；材料：防具 ID 852「女神之盾」×1；防具 ID 857「创世之盾」×1；物品 ID 889「大爆炸的结晶」×1","创世开辟女神之盾"
"867","輪廻の盾","防具","1441","金币：36000；材料：防具 ID 863「混沌の盾」×1；物品 ID 2「高級薬草」×1","金币：36000；材料：防具 ID 863「混沌之盾」×1；物品 ID 2「高级药草」×1","轮回之盾"
"867","輪廻の盾","防具","2514","金币：36000；材料：防具 ID 863「混沌の盾」×1；物品 ID 887「反物質」×1","金币：36000；材料：防具 ID 863「混沌之盾」×1；物品 ID 887「反物质」×1","轮回之盾"
"868","永劫の盾","防具","1442","金币：36000；材料：防具 ID 863「混沌の盾」×1；物品 ID 2「高級薬草」×1","金币：36000；材料：防具 ID 863「混沌之盾」×1；物品 ID 2「高级药草」×1","永劫之盾"
"868","永劫の盾","防具","2515","金币：36000；材料：防具 ID 863「混沌の盾」×1；物品 ID 887「反物質」×1","金币：36000；材料：防具 ID 863「混沌之盾」×1；物品 ID 887「反物质」×1","永劫之盾"
"869","終焉の盾","防具","1443","金币：36000；材料：防具 ID 863「混沌の盾」×1；物品 ID 2「高級薬草」×1","金币：36000；材料：防具 ID 863「混沌之盾」×1；物品 ID 2「高级药草」×1","终焉之盾"
"869","終焉の盾","防具","2516","金币：36000；材料：防具 ID 863「混沌の盾」×1；物品 ID 887「反物質」×1","金币：36000；材料：防具 ID 863「混沌之盾」×1；物品 ID 887「反物质」×1","终焉之盾"
"870","紅星の盾","防具","1444","金币：36000；材料：防具 ID 863「混沌の盾」×1；物品 ID 2「高級薬草」×1","金币：36000；材料：防具 ID 863「混沌之盾」×1；物品 ID 2「高级药草」×1","红星之盾"
"870","紅星の盾","防具","2517","金币：36000；材料：防具 ID 863「混沌の盾」×1；物品 ID 887「反物質」×1","金币：36000；材料：防具 ID 863「混沌之盾」×1；物品 ID 887「反物质」×1","红星之盾"
"875","聖盾スクトゥム","防具","755","金币：8400；材料：防具 ID 324「スクトゥム」×1；物品 ID 262「神々しい花びら」×1","金币：8400；材料：防具 ID 324「斯库托姆」×1；物品 ID 262「神圣花瓣」×1","圣盾斯库托姆"
"876","アサルトディフェクター","防具","756","金币：8400；材料：防具 ID 330「アサルトシールド」×1；物品 ID 269「終蟲の甲殻」×1","金币：8400；材料：防具 ID 330「突击盾」×1；物品 ID 269「终虫甲壳」×1","突击防御者"
"880","真・聖皇の盾","防具","874","金币：12000；材料：防具 ID 879「聖皇の盾」×1；物品 ID 277「究極の羽根」×1","金币：12000；材料：防具 ID 879「圣皇制盾」×1；物品 ID 277「究极之羽」×1","真・圣皇制盾"
"882","真・闇皇の盾","防具","875","金币：12000；材料：防具 ID 881「闇皇の盾」×1；物品 ID 281「最後の結晶」×1","金币：12000；材料：防具 ID 881「暗皇制盾」×1；物品 ID 281「最终之结晶」×1","真・暗皇制盾"
"883","三竜重甲","防具","876","金币：12400；材料：防具 ID 326「ダブルドラゴンシールド」×1；物品 ID 275「最後の竜牙」×1","金币：12400；材料：防具 ID 326「双龙之盾牌」×1；物品 ID 275「最终之龙牙」×1","三龙重甲"
"884","魔王の盾","防具","900","金币：13500；材料：防具 ID 872「失われし魔王の盾」×1；物品 ID 272「黒のアリス細胞」×1","金币：13500；材料：防具 ID 872「失落的魔王之盾」×1；物品 ID 272「黑之爱丽丝细胞」×1","魔王之盾"
"885","ミラーシールド・アリス","防具","901","金币：13000；材料：防具 ID 328「ミラーシールド」×1；物品 ID 272「黒のアリス細胞」×1","金币：13000；材料：防具 ID 328「镜盾」×1；物品 ID 272「黑之爱丽丝细胞」×1","镜盾・爱丽丝"
"886","熾天使の盾・破邪","防具","912","金币：13000；材料：防具 ID 329「熾天使の盾」×1；物品 ID 277「究極の羽根」×1","金币：13000；材料：防具 ID 329「炽天使之盾」×1；物品 ID 277「究极之羽」×1","炽天使之盾・破邪"
"887","明星回帰の盾","防具","911","金币：13300；材料：防具 ID 325「明星の盾」×1；物品 ID 276「ルカ細胞」×1","金币：13300；材料：防具 ID 325「明星之盾」×1；物品 ID 276「鲁卡细胞」×1","明星回归之盾"
"888","英雄の盾","防具","917","金币：13800；材料：防具 ID 321「ハインリヒの盾」×1；物品 ID 276「ルカ細胞」×1","金币：13800；材料：防具 ID 321「海因里希之盾」×1；物品 ID 276「鲁卡细胞」×1","英雄之盾"
"892","アンチカオスプレート","防具","1018","金币：15500；材料：防具 ID 890「試作型アンチカオスプレート」×1；物品 ID 2「高級薬草」×1","金币：15500；材料：防具 ID 890「试作型反混沌板」×1；物品 ID 2「高级药草」×1","反混沌板"
"892","アンチカオスプレート","防具","2100","金币：15500；材料：防具 ID 890「試作型アンチカオスプレート」×1；物品 ID 842「高次半導体」×1","金币：15500；材料：防具 ID 890「试作型反混沌板」×1；物品 ID 842「高次半导体」×1","反混沌板"
"894","ドラゴンエンパイア","防具","949","金币：15200；材料：防具 ID 883「三竜重甲」×1；物品 ID 2「高級薬草」×1","金币：15200；材料：防具 ID 883「三龙重甲」×1；物品 ID 2「高级药草」×1","龙之帝国"
"894","ドラゴンエンパイア","防具","2031","金币：15200；材料：防具 ID 883「三竜重甲」×1；物品 ID 821「神の涙石」×1","金币：15200；材料：防具 ID 883「三龙重甲」×1；物品 ID 821「神的泪石」×1","龙之帝国"
"895","真・覇竜の盾","防具","1014","金币：19000；材料：防具 ID 873「覇竜の盾」×1；物品 ID 2「高級薬草」×1","金币：19000；材料：防具 ID 873「霸龙之盾」×1；物品 ID 2「高级药草」×1","真・霸龙之盾"
"895","真・覇竜の盾","防具","2096","金币：19000；材料：防具 ID 873「覇竜の盾」×1；物品 ID 833「竜王の牙」×1","金币：19000；材料：防具 ID 873「霸龙之盾」×1；物品 ID 833「龙王的牙齿」×1","真・霸龙之盾"
"899","アルテマアサルト","防具","1079","金币：23000；材料：防具 ID 876「アサルトディフェクター」×1；物品 ID 2「高級薬草」×1","金币：23000；材料：防具 ID 876「突击防御者」×1；物品 ID 2「高级药草」×1","究极突击"
"899","アルテマアサルト","防具","2161","金币：23000；材料：防具 ID 876「アサルトディフェクター」×1；物品 ID 843「終焉の結晶」×1","金币：23000；材料：防具 ID 876「突击防御者」×1；物品 ID 843「终焉的结晶」×1","究极突击"
"900","ダブルキャップシールド","防具","1111","金币：24500；材料：防具 ID 874「キャプテンシールド」×1；物品 ID 2「高級薬草」×1","金币：24500；材料：防具 ID 874「盾队长」×1；物品 ID 2「高级药草」×1","双重帽盾"
"900","ダブルキャップシールド","防具","2193","金币：24500；材料：防具 ID 874「キャプテンシールド」×1；物品 ID 851「量子の歯車」×1","金币：24500；材料：防具 ID 874「盾队长」×1；物品 ID 851「量子的齿轮」×1","双重帽盾"
"902","ガーディアン","防具","1172","金币：28000；材料：防具 ID 875「聖盾スクトゥム」×1；物品 ID 2「高級薬草」×1","金币：28000；材料：防具 ID 875「圣盾斯库托姆」×1；物品 ID 2「高级药草」×1","守护者"
"902","ガーディアン","防具","2254","金币：28000；材料：防具 ID 875「聖盾スクトゥム」×1；物品 ID 857「グランエキス」×1","金币：28000；材料：防具 ID 875「圣盾斯库托姆」×1；物品 ID 857「格兰精华」×1","守护者"
"903","羅生門","防具","1215","金币：30800；材料：防具 ID 878「堅固なる城壁」×1；物品 ID 2「高級薬草」×1","金币：30800；材料：防具 ID 878「坚固之城墙」×1；物品 ID 2「高级药草」×1","罗生门"
"903","羅生門","防具","2297","金币：30800；材料：防具 ID 878「堅固なる城壁」×1；物品 ID 932「カオストルマリン」×1","金币：30800；材料：防具 ID 878「坚固之城墙」×1；物品 ID 932「混沌电气石」×1","罗生门"
"904","絶対防御の盾","防具","1229","金币：31000；材料：防具 ID 331「バイオナノシールド」×1；物品 ID 2「高級薬草」×1","金币：31000；材料：防具 ID 331「生化纳米盾」×1；物品 ID 2「高级药草」×1","绝对防御之盾"
"904","絶対防御の盾","防具","2402","金币：31000；材料：防具 ID 331「バイオナノシールド」×1；物品 ID 866「オメガコア」×1","金币：31000；材料：防具 ID 331「生化纳米盾」×1；物品 ID 866「欧米伽核心」×1","绝对防御之盾"
"905","アンチカオスプレート・最終型","防具","1230","金币：42000；材料：防具 ID 892「アンチカオスプレート」×1；物品 ID 2「高級薬草」×1","金币：42000；材料：防具 ID 892「反混沌板」×1；物品 ID 2「高级药草」×1","反混沌板・最终型"
"905","アンチカオスプレート・最終型","防具","2403","金币：42000；材料：防具 ID 892「アンチカオスプレート」×1；物品 ID 866「オメガコア」×1","金币：42000；材料：防具 ID 892「反混沌板」×1；物品 ID 866「欧米伽核心」×1","反混沌板・最终型"
"906","四聖北覇玄武の盾","防具","1254","金币：33000；材料：防具 ID 327「北覇玄武の盾」×1；物品 ID 2「高級薬草」×1","金币：33000；材料：防具 ID 327「北霸玄武之盾」×1；物品 ID 2「高级药草」×1","四圣北霸玄武之盾"
"906","四聖北覇玄武の盾","防具","2357","金币：33000；材料：防具 ID 327「北覇玄武の盾」×1；物品 ID 867「古神の依代」×1","金币：33000；材料：防具 ID 327「北霸玄武之盾」×1；物品 ID 867「古神的依代」×1","四圣北霸玄武之盾"
"907","源氏の盾・マガツ","防具","1255","金币：33000；材料：防具 ID 322「源氏の盾」×1；物品 ID 2「高級薬草」×1","金币：33000；材料：防具 ID 322「源氏之盾」×1；物品 ID 2「高级药草」×1","源氏之盾・祸津"
"907","源氏の盾・マガツ","防具","2358","金币：33000；材料：防具 ID 322「源氏の盾」×1；物品 ID 867「古神の依代」×1","金币：33000；材料：防具 ID 322「源氏之盾」×1；物品 ID 867「古神的依代」×1","源氏之盾・祸津"
"908","熾天使の盾・破邪顕正","防具","1263","金币：42000；材料：防具 ID 886「熾天使の盾・破邪」×1；物品 ID 2「高級薬草」×1","金币：42000；材料：防具 ID 886「炽天使之盾・破邪」×1；物品 ID 2「高级药草」×1","炽天使之盾・破邪显正"
"908","熾天使の盾・破邪顕正","防具","2440","金币：42000；材料：防具 ID 886「熾天使の盾・破邪」×1；物品 ID 875「永劫の羽根」×1","金币：42000；材料：防具 ID 886「炽天使之盾・破邪」×1；物品 ID 875「永劫的羽根」×1","炽天使之盾・破邪显正"
"910","覇竜炎帝の盾","防具","1317","金币：38000；材料：防具 ID 885「ミラーシールド・アリス」×1；物品 ID 2「高級薬草」×1","金币：38000；材料：防具 ID 885「镜盾・爱丽丝」×1；物品 ID 2「高级药草」×1","霸龙炎帝之盾"
"910","覇竜炎帝の盾","防具","2345","金币：38000；材料：防具 ID 895「真・覇竜の盾」×1；物品 ID 873「テラ甲殻」×1","金币：38000；材料：防具 ID 895「真・霸龙之盾」×1；物品 ID 873「大地甲壳」×1","霸龙炎帝之盾"
"911","冥府黄泉雲盾","防具","1318","金币：38000；材料：防具 ID 877「冥府の盾」×1；防具 ID 897「黄泉の盾」×1；物品 ID 2「高級薬草」×1","金币：38000；材料：防具 ID 877「冥府之盾」×1；防具 ID 897「黄泉之盾」×1；物品 ID 2「高级药草」×1","冥府黄泉云盾"
"911","冥府黄泉雲盾","防具","2346","金币：36000；材料：防具 ID 877「冥府の盾」×1；防具 ID 897「黄泉の盾」×1；物品 ID 872「ヌル細胞」×1","金币：36000；材料：防具 ID 877「冥府之盾」×1；防具 ID 897「黄泉之盾」×1；物品 ID 872「努尔细胞」×1","冥府黄泉云盾"
"913","英雄の輝盾","防具","1350","金币：40000；材料：防具 ID 888「英雄の盾」×1；物品 ID 2「高級薬草」×1","金币：40000；材料：防具 ID 888「英雄之盾」×1；物品 ID 2「高级药草」×1","英雄的光辉盾"
"913","英雄の輝盾","防具","2489","金币：40000；材料：防具 ID 888「英雄の盾」×1；物品 ID 877「勇者の魂」×1","金币：40000；材料：防具 ID 888「英雄之盾」×1；物品 ID 877「勇者的魂」×1","英雄的光辉盾"
"914","天軍聖盾","防具","1370","金币：45000；材料：防具 ID 893「天軍の盾」×1；物品 ID 2「高級薬草」×1","金币：45000；材料：防具 ID 893「天军之盾」×1；物品 ID 2「高级药草」×1","天军圣盾"
"914","天軍聖盾","防具","2441","金币：45000；材料：防具 ID 893「天軍の盾」×1；物品 ID 885「熾天使の羽根」×1","金币：45000；材料：防具 ID 893「天军之盾」×1；物品 ID 885「炽天使的羽毛」×1","天军圣盾"
"915","聖盾・外典十三ノ明星","防具","1371","金币：45000；材料：防具 ID 887「明星回帰の盾」×1；物品 ID 2「高級薬草」×1","金币：45000；材料：防具 ID 887「明星回归之盾」×1；物品 ID 2「高级药草」×1","圣盾・外典十三之明星"
"915","聖盾・外典十三ノ明星","防具","2442","金币：45000；材料：防具 ID 887「明星回帰の盾」×1；物品 ID 885「熾天使の羽根」×1","金币：45000；材料：防具 ID 887「明星回归之盾」×1；物品 ID 885「炽天使的羽毛」×1","圣盾・外典十三之明星"
"916","神機シールドORS","防具","1372","金币：44000；材料：防具 ID 904「絶対防御の盾」×1；物品 ID 2「高級薬草」×1","金币：44000；材料：防具 ID 904「绝对防御之盾」×1；物品 ID 2「高级药草」×1","神机护盾ORS"
"916","神機シールドORS","防具","2443","金币：44000；材料：防具 ID 904「絶対防御の盾」×1；物品 ID 885「熾天使の羽根」×1","金币：44000；材料：防具 ID 904「绝对防御之盾」×1；物品 ID 885「炽天使的羽毛」×1","神机护盾ORS"
"917","ハイディフレクター","防具","1373","金币：44000；材料：防具 ID 904「絶対防御の盾」×1；物品 ID 2「高級薬草」×1","金币：44000；材料：防具 ID 904「绝对防御之盾」×1；物品 ID 2「高级药草」×1","高级反射器"
"917","ハイディフレクター","防具","2444","金币：44000；材料：防具 ID 904「絶対防御の盾」×1；物品 ID 885「熾天使の羽根」×1","金币：44000；材料：防具 ID 904「绝对防御之盾」×1；物品 ID 885「炽天使的羽毛」×1","高级反射器"
"918","魔閤覇王盾","防具","1393","金币：45000；材料：防具 ID 884「魔王の盾」×1；物品 ID 2「高級薬草」×1","金币：45000；材料：防具 ID 884「魔王之盾」×1；物品 ID 2「高级药草」×1","魔阁霸王盾"
"918","魔閤覇王盾","防具","2480","金币：45000；材料：防具 ID 884「魔王の盾」×1；物品 ID 886「根源の闇」×1","金币：45000；材料：防具 ID 884「魔王之盾」×1；物品 ID 886「根源的黑暗」×1","魔阁霸王盾"
"919","十六魔王闇盾","防具","1407","金币：46000；材料：防具 ID 884「魔王の盾」×1；物品 ID 2「高級薬草」×1","金币：46000；材料：防具 ID 884「魔王之盾」×1；物品 ID 2「高级药草」×1","十六魔王暗盾"
"919","十六魔王闇盾","防具","2481","金币：46000；材料：防具 ID 884「魔王の盾」×1；物品 ID 884「魔王核熱結晶」×1","金币：46000；材料：防具 ID 884「魔王之盾」×1；物品 ID 884「魔王核热结晶」×1","十六魔王暗盾"
"920","鏡の国のアリス","防具","1408","金币：46000；材料：防具 ID 885「ミラーシールド・アリス」×1；物品 ID 2「高級薬草」×1","金币：46000；材料：防具 ID 885「镜盾・爱丽丝」×1；物品 ID 2「高级药草」×1","镜之国的爱丽丝"
"920","鏡の国のアリス","防具","2482","金币：46000；材料：防具 ID 885「ミラーシールド・アリス」×1；物品 ID 884「魔王核熱結晶」×1","金币：46000；材料：防具 ID 885「镜盾・爱丽丝」×1；物品 ID 884「魔王核热结晶」×1","镜之国的爱丽丝"
"921","邪神覇皇の盾","防具","1412","金币：47000；材料：防具 ID 889「邪神の盾」×1；防具 ID 901「闇の狂宴」×1；物品 ID 2「高級薬草」×1","金币：47000；材料：防具 ID 889「邪神之盾」×1；防具 ID 901「暗之狂宴」×1；物品 ID 2「高级药草」×1","邪神霸皇之盾"
"921","邪神覇皇の盾","防具","2483","金币：47000；材料：防具 ID 889「邪神の盾」×1；防具 ID 901「闇の狂宴」×1；物品 ID 890「ビッグクランチの結晶」×1","金币：47000；材料：防具 ID 889「邪神之盾」×1；防具 ID 901「暗之狂宴」×1；物品 ID 890「大收缩的结晶」×1","邪神霸皇之盾"
"922","魔神の盾","防具","1445","金币：47000；材料：防具 ID 889「邪神の盾」×1；物品 ID 2「高級薬草」×1","金币：47000；材料：防具 ID 889「邪神之盾」×1；物品 ID 2「高级药草」×1","魔神之盾"
"922","魔神の盾","防具","2518","金币：47000；材料：防具 ID 889「邪神の盾」×1；物品 ID 887「反物質」×1","金币：47000；材料：防具 ID 889「邪神之盾」×1；物品 ID 887「反物质」×1","魔神之盾"
"923","英雄の夢幻盾","防具","1446","金币：48000；材料：防具 ID 888「英雄の盾」×1；物品 ID 2「高級薬草」×1","金币：48000；材料：防具 ID 888「英雄之盾」×1；物品 ID 2「高级药草」×1","英雄的梦幻盾"
"923","英雄の夢幻盾","防具","2519","金币：48000；材料：防具 ID 888「英雄の盾」×1；物品 ID 887「反物質」×1","金币：48000；材料：防具 ID 888「英雄之盾」×1；物品 ID 887「反物质」×1","英雄的梦幻盾"
"924","混沌英雄の盾","防具","1447","金币：50000；材料：防具 ID 891「昏き盾」×1；物品 ID 2「高級薬草」×1","金币：50000；材料：防具 ID 891「昏暗之盾」×1；物品 ID 2「高级药草」×1","混沌英雄之盾"
"924","混沌英雄の盾","防具","2520","金币：50000；材料：防具 ID 888「英雄の盾」×1；防具 ID 891「昏き盾」×1；物品 ID 887「反物質」×1","金币：50000；材料：防具 ID 888「英雄之盾」×1；防具 ID 891「昏暗之盾」×1；物品 ID 887「反物质」×1","混沌英雄之盾"
"936","","防具","977","金币：36000；材料：防具 ID 621「淫らなる極みの水着」×1；物品 ID 2「高級薬草」×1","金币：36000；材料：防具 ID 621「淫荡至极的泳装」×1；物品 ID 2「高级药草」×1",""
