ID,名称
1,"初期設定用"
2,"アイテム取得メッセージオフ"
3,"仲間化拒否"
4,"アリス選択"
5,"イリアス選択"
6,"ソニア加入"
7,"ルカ一人旅"
8,"戦闘回想"
9,"???"
10,"二周目モード"
11,"システム専用1"
12,"システム専用2"
13,"システム専用3"
14,"システム専用4"
15,"システム専用5"
16,"システム専用6"
17,"システム専用7"
18,"システム専用8"
19,"システム専用9"
20,"システム専用10"
21,"誘惑イベントあったか"
22,"誘惑用中ボス判定"
23,"特殊ボス一時難易度調整"
24,"ロード時実行用"
25,"前章画像はあるか？"
26,"中章画像はあるか？"
27,"パーティ入れ替え禁止"
28,"コロシアム一時難易度調整"
29,"前章統合ミス判定用"
30,"???"
31,"イベント汎用1"
32,"イベント汎用2"
33,"イベント汎用3"
34,"イベント汎用4"
35,"イベント汎用5"
36,"イベント汎用6"
37,"イベント汎用7"
38,"イベント汎用8"
39,"イベント汎用9"
40,"???"
41,"混沌の迷宮内"
42,"混沌宝箱セット用1"
43,"混沌宝箱セット用2"
44,"混沌宝箱セット用3"
45,"混沌宝箱開閉用1"
46,"混沌宝箱開閉用2"
47,"混沌宝箱開閉用3"
48,"混沌イベント連続防止用"
49,"ボス階宝箱"
50,"ボス撃破"
51,"大ボス撃破"
52,"エンカウント操作無効"
53,"フロア一言用"
54,"ネロボス撃破用"
55,"混沌レア宝箱開閉用"
56,"パーティ最大人数"
57,"混沌宝箱開閉用4"
58,"混沌宝箱開閉用5"
59,"混沌宝箱開閉用6"
60,"混沌宝箱開閉用7"
61,"混沌イベ：シルフ"
62,"混沌イベ：ノーム"
63,"混沌イベ：ウンディーネ"
64,"混沌イベ：サラマンダ"
65,"混沌イベ：ワクチン"
66,"混沌イベ：武技封印"
67,"混沌イベ：魔法封印"
68,"混沌イベ：職技封印"
69,"混沌イベ：再蘇生"
70,"混沌イベ：MP軽減"
71,"混沌イベ：SP軽減"
72,"混沌イベ：力溜め"
73,"混沌敵一時停止"
74,"混沌宝箱開閉用8"
75,"混沌宝箱開閉用9"
76,"混沌宝箱開閉用10"
77,"混沌宝箱開閉用11"
78,"混沌宝箱開閉用12"
79,"混沌宝箱開閉用13"
80,"混沌宝箱開閉用14"
81,"仲間化拒否"
82,"経験値不可"
83,"ゴールド不可"
84,"ドロップ不可"
85,"盗み不可"
86,"誘惑不可"
87,"コロシアム敗北用"
88,"混沌、白兎メダル忠告"
89,"エンカウントOFF"
90,"上級職を解放 "
91,"最上級職を解放 "
92,"封印職を解放 "
93,"混沌の迷宮初侵入"
94,"リレミトOFFスイッチ"
95,"捕食シーンをカット"
96,"全滅回避"
97,"冥府再戦"
98,"HPゲージ"
99,"オートモード"
100,"ワープOFFスイッチ"
101,"欠番：旧ワープ使用禁止"
102,"欠番：旧ワープ使用禁止"
103,"欠番：旧ワープ使用禁止"
104,"欠番：旧ワープ使用禁止"
105,"欠番：旧ワープ使用禁止"
106,"欠番：旧ワープ使用禁止"
107,"欠番：旧ワープ使用禁止"
108,"欠番：旧ワープ使用禁止"
109,"欠番：旧ワープ使用禁止"
110,"欠番：旧ワープ使用禁止"
111,"欠番：旧ワープ使用禁止"
112,"欠番：旧ワープ使用禁止"
113,"欠番：旧ワープ使用禁止"
114,"欠番：旧ワープ使用禁止"
115,"欠番：旧ワープ使用禁止"
116,"欠番：旧ワープ使用禁止"
117,"欠番：旧ワープ使用禁止"
118,"欠番：旧ワープ使用禁止"
119,"欠番：旧ワープ使用禁止"
120,"欠番：旧ワープ使用禁止"
121,"欠番：旧ワープ使用禁止"
122,"欠番：旧ワープ使用禁止"
123,"欠番：旧ワープ使用禁止"
124,"欠番：旧ワープ使用禁止"
125,"欠番：旧ワープ使用禁止"
126,"欠番：旧ワープ使用禁止"
127,"欠番：旧ワープ使用禁止"
128,"欠番：旧ワープ使用禁止"
129,"欠番：旧ワープ使用禁止"
130,"欠番：旧ワープ使用禁止"
131,"欠番：旧ワープ使用禁止"
132,"欠番：旧ワープ使用禁止"
133,"欠番：旧ワープ使用禁止"
134,"欠番：旧ワープ使用禁止"
135,"欠番：旧ワープ使用禁止"
136,"欠番：旧ワープ使用禁止"
137,"欠番：旧ワープ使用禁止"
138,"欠番：旧ワープ使用禁止"
139,"欠番：旧ワープ使用禁止"
140,"欠番：旧ワープ使用禁止"
141,"欠番：旧ワープ使用禁止"
142,"欠番：旧ワープ使用禁止"
143,"欠番：旧ワープ使用禁止"
144,"アプデ用体験版v0.0"
145,"アプデ用体験版v0.1"
146,"アプデ用終章v3.0"
147,"アプデ用終章v0.0テスト限定"
148,"アプデ用終章v0.0混沌迷宮初侵入"
149,"アプデ用終章v3.2"
150,"アプデ用終章v3.3"
151,"アプデ用"
152,"アプデ用"
153,"アプデ用"
154,"アプデ用"
155,"アプデ用"
156,"アプデ用"
157,"アプデ用"
158,"アプデ用"
159,"アプデ用"
160,"アプデ用"
161,"アプデ用"
162,"アプデ用"
163,"アプデ用"
164,"アプデ用"
165,"アプデ用"
166,"アプデ用"
167,"アプデ用"
168,"アプデ用"
169,"アプデ用"
170,"アプデ用"
171,"アプデ用"
172,"アプデ用"
173,"アプデ用"
174,"アプデ用"
175,"アプデ用"
176,"アプデ用"
177,"アプデ用"
178,"アプデ用"
179,"アプデ用"
180,"アプデ用"
181,"ワープフラグ："
182,"ワープフラグ："
183,"ワープフラグ："
184,"欠番：旧ワープ使用禁止"
185,"欠番：旧ワープ使用禁止"
186,"欠番：旧ワープ使用禁止"
187,"欠番：旧ワープ使用禁止"
188,"欠番：旧ワープ使用禁止"
189,"欠番：旧ワープ使用禁止"
190,"ワープフラグ："
191,"ワープフラグ："
192,"ワープフラグ："
193,"ワープフラグ："
194,"ワープフラグ："
195,"ワープフラグ："
196,"ワープフラグ："
197,"ワープフラグ："
198,"ワープフラグ："
199,"ワープフラグ："
200,"ワープフラグ："
201,"図鑑フラグ：イリアスヴィル"
202,"図鑑フラグ：イリアス神殿"
203,"図鑑フラグ：イリアスベルク"
204,"図鑑フラグ：名も無きスラム"
205,"図鑑フラグ：ポルノフ"
206,"図鑑フラグ：ハピネス村"
207,"図鑑フラグ：ハーピーの集落"
208,"図鑑フラグ：ミダス村"
209,"図鑑フラグ：エンリカ"
210,"図鑑フラグ：ロストルム村"
211,"図鑑フラグ：イリアスポート"
212,"図鑑フラグ：ナタリアポート"
213,"図鑑フラグ：ラダイト村"
214,"図鑑フラグ：サン・イリア"
215,"図鑑フラグ：地下図書館"
216,"図鑑フラグ：モンテカルロ"
217,"図鑑フラグ：ルビアナ"
218,"図鑑フラグ：サバサ"
219,"図鑑フラグ：グランドール"
220,"図鑑フラグ：魔女狩りの村"
221,"図鑑フラグ：リリィの館"
222,"図鑑フラグ：サルーン"
223,"図鑑フラグ：マールポート"
224,"図鑑フラグ：海軍本部"
225,"図鑑フラグ：フィノア"
226,"図鑑フラグ：グランドノア"
227,"図鑑フラグ：ヤマタイ村"
228,"図鑑フラグ：エスタ"
229,"図鑑フラグ：プランセクト村"
230,"図鑑フラグ：リマ村廃墟"
231,"図鑑フラグ：ゴッダール"
232,"図鑑フラグ：グランゴルド"
233,"図鑑フラグ：ゴルドポート"
234,"図鑑フラグ：サキュバスの村"
235,"図鑑フラグ：貴婦人の村"
236,"図鑑フラグ：滅びの地"
237,"図鑑フラグ：エルフの里"
238,"図鑑フラグ：きつねの里"
239,"図鑑フラグ：たぬきの里"
240,"図鑑フラグ：スノウヘブン"
241,"図鑑フラグ：ポケット魔王城"
242,"図鑑フラグ：ミトラ封印城"
243,"図鑑フラグ：タルタロスI299387（イリアス大陸南）"
244,"図鑑フラグ：メダル女王の城"
245,"図鑑フラグ：タルタロスI372367（イリアス大陸東）"
246,"図鑑フラグ：北のお化け屋敷"
247,"図鑑フラグ：タルタロスCW148240（サバサ大陸北）"
248,"図鑑フラグ：おさかな号"
249,"図鑑フラグ：魔導学園"
250,"図鑑フラグ：タルタロスCW117136（ゴルド大陸西）"
251,"図鑑フラグ：幽霊船"
252,"図鑑フラグ：雪のほこら"
253,"図鑑フラグ：ヘルゴンドのほこら"
254,"図鑑フラグ：罪人の封牢"
255,"図鑑フラグ：タルタロスXXH145087（ヘルゴンド大陸西）"
256,"図鑑フラグ：ドレインラボ"
257,"図鑑フラグ：バイオラボ"
258,"図鑑フラグ：レミナ研究所"
259,"図鑑フラグ：タルタロスCE262195（ゴルド大陸中央）"
260,"図鑑フラグ：カオスフィールド"
261,"図鑑フラグ：試しの洞窟"
262,"図鑑フラグ：イリナ山地北の洞窟"
263,"図鑑フラグ：イリナ山地南の洞窟"
264,"図鑑フラグ：ポルノフ鉱山"
265,"図鑑フラグ：ハーピーの塔"
266,"図鑑フラグ：ナメクジタワー"
267,"図鑑フラグ：ミダス廃鉱"
268,"図鑑フラグ：ロストルム山地洞窟"
269,"図鑑フラグ：秘宝の洞窟"
270,"図鑑フラグ：南の海底神殿"
271,"図鑑フラグ：古代神殿跡"
272,"図鑑フラグ：求道者の洞窟"
273,"図鑑フラグ：ピラミッド"
274,"図鑑フラグ：魔導の塔"
275,"図鑑フラグ：サルーン廃鉱"
276,"図鑑フラグ：マール大回廊"
277,"図鑑フラグ：大海賊の洞窟"
278,"図鑑フラグ：管理者の塔"
279,"図鑑フラグ：化石鉱山"
280,"図鑑フラグ：ヤマタイへの洞窟"
281,"図鑑フラグ：オロチの洞"
282,"図鑑フラグ：迷宮への洞窟"
283,"図鑑フラグ：ミノタウロスの迷宮"
284,"図鑑フラグ：ウンディーネの泉"
285,"図鑑フラグ：ゴルド砦"
286,"図鑑フラグ：溶岩鉱窟"
287,"図鑑フラグ：ゴルド火山洞窟"
288,"図鑑フラグ：吸血鬼の城"
289,"図鑑フラグ：北の海底神殿"
290,"図鑑フラグ：忘れられし塔"
291,"図鑑フラグ：世界樹"
292,"図鑑フラグ：孤独の地"
293,"図鑑フラグ：人形遣いの塔"
294,"図鑑フラグ：雪越えの洞窟"
295,"図鑑フラグ：氷の館"
296,"図鑑フラグ：ヘルゴンドの洞窟"
297,"図鑑フラグ：魔王城"
298,"図鑑フラグ：イリアスヴィルの裏山"
299,"図鑑フラグ：タラスの丘"
300,"図鑑フラグ：迷いの森"
301,"図鑑フラグ：レムズ海岸"
302,"図鑑フラグ：ナタリア海岸"
303,"図鑑フラグ：聖山アモス"
304,"図鑑フラグ：精霊の森"
305,"図鑑フラグ：カルロスの丘"
306,"図鑑フラグ：恵みのオアシス"
307,"図鑑フラグ：サファル砂漠遺跡"
308,"図鑑フラグ：サルーンの丘"
309,"図鑑フラグ：レド山"
310,"図鑑フラグ：ライラの大滝"
311,"図鑑フラグ：ゴルド東の大毒沼"
312,"図鑑フラグ：ゴルド海岸"
313,"図鑑フラグ：進軍の丘"
314,"図鑑フラグ：風光明媚の丘"
315,"図鑑フラグ：悪夢の荒野"
316,"図鑑フラグ：妖精の島"
317,"図鑑フラグ：蓬莱山"
318,"図鑑フラグ：イリアス神殿跡"
319,"図鑑フラグ：サキュバスの村（過去）"
320,"図鑑フラグ：ヘルゴンドの洞窟（過去）"
321,"図鑑フラグ：ヘルゴンド大陸（異世界）"
322,"図鑑フラグ：魔王城（過去）"
323,"図鑑フラグ：コラボシナリオ"
324,"図鑑フラグ：タルタロス（エスタ）"
325,"図鑑フラグ：エスタ周辺（天界）"
326,"図鑑フラグ：サバサ周辺（天界）"
327,"図鑑フラグ：グランドノア周辺（天界）"
328,"図鑑フラグ：グランゴルド周辺（天界）"
329,"図鑑フラグ：ヘルゴンド大陸（天界）"
330,"図鑑フラグ：サン・イリア周辺（天界）"
331,"図鑑フラグ：イリアス大陸（天界）"
332,"図鑑フラグ：エスタ（天界）"
333,"図鑑フラグ：水精の泉（天界）"
334,"図鑑フラグ：管理者の塔（天界）"
335,"図鑑フラグ：ルビアナ（天界）"
336,"図鑑フラグ：サファル砂漠遺跡（天界）"
337,"図鑑フラグ：サバサ（天界）"
338,"図鑑フラグ：フィノア（天界）"
339,"図鑑フラグ：グランドノア（天界）"
340,"図鑑フラグ：グランゴルド（天界）"
341,"図鑑フラグ：ゴッダール（天界）"
342,"図鑑フラグ：ゴルド火山洞窟（天界）"
343,"図鑑フラグ：罪人の封牢（天界）"
344,"図鑑フラグ：魔王城跡（天界）"
345,"図鑑フラグ：レミナ研究所（天界）"
346,"図鑑フラグ：魔王城（天使占領）"
347,"図鑑フラグ：ナタリアポート（天界）"
348,"図鑑フラグ：ラダイト村（天界）"
349,"図鑑フラグ：サン・イリア（天界）"
350,"図鑑フラグ：精霊の森（天界）"
351,"図鑑フラグ：妖精の島（天界）"
352,"図鑑フラグ：黒の屋敷"
353,"図鑑フラグ：智の同盟研究所（天界）"
354,"図鑑フラグ：月（天界）"
355,"図鑑フラグ：聖山アモス（天界）"
356,"図鑑フラグ：イリアスベルク（天界）"
357,"図鑑フラグ：ミトラ封印城（天界）"
358,"図鑑フラグ：イリアス神殿（天界）"
359,"図鑑フラグ：ヘルゴンド大陸（魔界）"
360,"図鑑フラグ：サキュバスの村周辺（魔界）"
361,"図鑑フラグ：グランゴルド周辺（魔界）"
362,"図鑑フラグ：グランドノア周辺（魔界）"
363,"図鑑フラグ：ヤマタイ周辺（魔界）"
364,"図鑑フラグ：サン・イリア周辺（魔界）"
365,"図鑑フラグ：サバサ周辺（魔界）"
366,"図鑑フラグ：イリアス大陸（魔界）"
367,"図鑑フラグ：魔界駅（魔界）"
368,"図鑑フラグ：サキュバスの村（魔界）"
369,"図鑑フラグ：ゴルドポート（魔界）"
370,"図鑑フラグ：グランゴルド（魔界）"
371,"図鑑フラグ：ゴルド砦（魔界）"
372,"図鑑フラグ：イリアスヴィル周辺"
373,"図鑑フラグ：イリアスベルク周辺"
374,"図鑑フラグ：名も無きスラム周辺"
375,"図鑑フラグ：ポルノフ周辺"
376,"図鑑フラグ：ハピネス村周辺"
377,"図鑑フラグ：イリアスポート周辺"
378,"図鑑フラグ：ナタリアポート周辺"
379,"図鑑フラグ：モンテカルロ周辺"
380,"図鑑フラグ：サバサ砂漠南部"
381,"図鑑フラグ：サバサ砂漠北部"
382,"図鑑フラグ：魔女狩りの村周辺"
383,"図鑑フラグ：マールポート周辺"
384,"図鑑フラグ：内海"
385,"図鑑フラグ：グランドノア周辺"
386,"図鑑フラグ：ヤマタイ周辺"
387,"図鑑フラグ：エスタ周辺"
388,"図鑑フラグ：グランゴルド周辺"
389,"図鑑フラグ：サキュバスの村周辺"
390,"図鑑フラグ：滅びの地周辺"
391,"図鑑フラグ：外海"
392,"図鑑フラグ：妖精の島周辺"
393,"図鑑フラグ：ヘルゴンド大陸"
394,"図鑑フラグ：スノウヘブン周辺"
395,"図鑑フラグ：フィールド（天界）"
396,"図鑑フラグ：フィールド（魔界）"
397,"図鑑フラグ：各地"
398,"図鑑フラグ：イリアスヴィル周辺（異世界）"
399,"図鑑フラグ：イリアスヴィル（異世界）"
400,"図鑑フラグ：ロストルム村（異世界）"
401,"図鑑フラグ：料理"
402,"図鑑フラグ：カジノ景品（ポルノフ）"
403,"図鑑フラグ：カジノ景品（グランドール）"
404,"図鑑フラグ：カジノ景品（ポケット魔王城）"
405,"図鑑フラグ：コロシアム景品"
406,"図鑑フラグ：バトルファック景品"
407,"図鑑フラグ：レミナ（異世界）"
408,"図鑑フラグ：ゴッダール周辺"
409,"図鑑フラグ：グランドノア（魔界）"
410,"図鑑フラグ：プランセクト村（魔界）"
411,"図鑑フラグ：ゴルド火山洞窟（魔界）"
412,"図鑑フラグ：水精の泉（魔界）"
413,"図鑑フラグ：蓬莱山（魔界）"
414,"図鑑フラグ：ヤマタイ村（魔界）"
415,"図鑑フラグ：フィノア（魔界）"
416,"図鑑フラグ：ナタリアポート（魔界）"
417,"図鑑フラグ：精霊の森（魔界）"
418,"図鑑フラグ：サン・イリア（魔界）"
419,"図鑑フラグ：モンテカルロ（魔界）"
420,"図鑑フラグ："
421,"混沌宝箱開閉用15"
422,"混沌宝箱開閉用16"
423,"混沌宝箱開閉用17"
424,"混沌宝箱開閉用18"
425,"混沌宝箱開閉用19"
426,"混沌宝箱開閉用20"
427,"混沌イベ：支援砲撃"
428,"混沌イベ：淫技2倍"
429,"混沌イベ：魔技2倍"
430,"混沌イベ：海技2倍"
431,"混沌イベ：粘液技2倍"
432,"混沌イベ：獣技2倍"
433,"混沌イベ：蛇技2倍"
434,"混沌イベ：触手技2倍"
435,"混沌イベ：翼技2倍"
436,"混沌イベ：虫技2倍"
437,"混沌イベ：植物技2倍"
438,"混沌イベ：屍技2倍"
439,"混沌イベ：造技2倍"
440,"混沌イベ：自然感応2倍"
441,"混沌イベ：ブレス2倍"
442,"Hシーン図鑑全解放"
443,"Hシーン図鑑スイッチ"
444,"禁職の解放スイッチ"
445,"アクセサリ二つ目"
446,"ダンジョンナビON"
447,"離脱時装備外しON"
448,"ダンジョンナビ初回会話"
449,"inおさかな号"
450,"ポ魔城ダンジョンナビ初回"
451,"指輪特殊会話"
452,"???"
453,"???"
454,"???"
455,"???"
456,"???"
457,"???"
458,"???"
459,"???"
460,"???"
461,"???"
462,"???"
463,"???"
464,"???"
465,"???"
466,"???"
467,"???"
468,"???"
469,"???"
470,"???"
471,"???"
472,"???"
473,"???"
474,"???"
475,"???"
476,"???"
477,"???"
478,"???"
479,"???"
480,"???"
481,"???"
482,"???"
483,"???"
484,"???"
485,"???"
486,"???"
487,"???"
488,"???"
489,"???"
490,"???"
491,"???"
492,"???"
493,"???"
494,"???"
495,"???"
496,"???"
497,"???"
498,"???"
499,"???"
500,"???"
501,"BF勝利：体験版用"
502,"混沌装備オフ"
503,"装備オフスイッチ"
504,"大事なもの非表示"
505,"降参不可"
506,"難易度調整緩和用"
507,"難易度ノーマル固定用"
508,"敗北時一時パーティ未解散"
509,"敗北後特殊処理用"
510,"戦闘開始前全回復"
511,"???"
512,"???"
513,"???"
514,"???"
515,"???"
516,"???"
517,"???"
518,"???"
519,"???"
520,"???"
521,"???"
522,"???"
523,"???"
524,"???"
525,"???"
526,"???"
527,"???"
528,"???"
529,"???"
530,"???"
531,"???"
532,"???"
533,"???"
534,"???"
535,"???"
536,"???"
537,"???"
538,"???"
539,"???"
540,"???"
541,"???"
542,"???"
543,"???"
544,"???"
545,"???"
546,"???"
547,"???"
548,"???"
549,"???"
550,"???"
551,"???"
552,"???"
553,"???"
554,"???"
555,"???"
556,"???"
557,"???"
558,"???"
559,"???"
560,"???"
561,"???"
562,"???"
563,"???"
564,"???"
565,"???"
566,"???"
567,"???"
568,"???"
569,"???"
570,"???"
571,"???"
572,"???"
573,"???"
574,"???"
575,"???"
576,"???"
577,"???"
578,"???"
579,"???"
580,"???"
581,"???"
582,"???"
583,"???"
584,"???"
585,"???"
586,"???"
587,"???"
588,"???"
589,"???"
590,"???"
591,"???"
592,"???"
593,"???"
594,"???"
595,"???"
596,"???"
597,"???"
598,"???"
599,"???"
600,"???"
601,"ステージ用"
602,"ステージ用"
603,"ステージ用"
604,"ステージ用"
605,"ステージ用"
606,"ステージ用"
607,"ステージ用"
608,"ステージ用"
609,"ステージ用"
610,"ステージ用"
611,"ステージ用"
612,"ステージ用"
613,"ステージ用"
614,"ステージ用"
615,"ステージ用"
616,"ステージ用"
617,"ステージ用"
618,"ステージ用"
619,"ステージ用"
620,"ステージ用"
621,"ステージ用"
622,"ステージ用"
623,"ステージ用"
624,"ステージ用"
625,"ステージ用"
626,"ステージ用"
627,"ステージ用"
628,"ステージ用"
629,"ステージ用"
630,"ステージ用"
631,"ステージ用"
632,"ステージ用"
633,"ステージ用"
634,"ステージ用"
635,"ステージ用"
636,"ステージ用"
637,"ステージ用"
638,"ステージ用"
639,"ステージ用"
640,"ステージ用"
641,"ステージ用"
642,"ステージ用"
643,"ステージ用"
644,"ステージ用"
645,"ステージ用"
646,"ステージ用"
647,"ステージ用"
648,"ステージ用"
649,"ステージ用"
650,"ステージ用"
651,"ステージ用"
652,"ステージ用"
653,"ステージ用"
654,"ステージ用"
655,"ステージ用"
656,"ステージ用"
657,"ステージ用"
658,"ステージ用"
659,"ステージ用"
660,"ステージ用"
661,"ステージ用"
662,"ステージ用"
663,"ステージ用"
664,"ステージ用"
665,"ステージ用"
666,"ステージ用"
667,"ステージ用"
668,"ステージ用"
669,"ステージ用"
670,"ステージ用"
671,"ステージ用"
672,"ステージ用"
673,"ステージ用"
674,"ステージ用"
675,"ステージ用"
676,"ステージ用"
677,"ステージ用"
678,"ステージ用"
679,"ステージ用"
680,"ステージ用"
681,"ステージ用"
682,"ステージ用"
683,"ステージ用"
684,"ステージ用"
685,"ステージ用"
686,"ステージ用"
687,"ステージ用"
688,"ステージ用"
689,"ステージ用"
690,"ステージ用"
691,"ステージ用"
692,"ステージ用"
693,"ステージ用"
694,"ステージ用"
695,"ステージ用"
696,"ステージ用"
697,"ステージ用"
698,"ステージ用"
699,"ステージ用"
700,"ステージ用"
701,"???"
702,"???"
703,"???"
704,"???"
705,"???"
706,"???"
707,"???"
708,"???"
709,"???"
710,"???"
711,"???"
712,"???"
713,"???"
714,"???"
715,"???"
716,"???"
717,"???"
718,"???"
719,"???"
720,"???"
721,"???"
722,"???"
723,"???"
724,"???"
725,"???"
726,"???"
727,"???"
728,"???"
729,"???"
730,"???"
731,"???"
732,"???"
733,"???"
734,"???"
735,"???"
736,"???"
737,"???"
738,"???"
739,"???"
740,"???"
741,"???"
742,"???"
743,"???"
744,"???"
745,"???"
746,"???"
747,"???"
748,"???"
749,"???"
750,"???"
751,"???"
752,"???"
753,"???"
754,"???"
755,"???"
756,"???"
757,"???"
758,"???"
759,"???"
760,"???"
761,"???"
762,"???"
763,"???"
764,"???"
765,"???"
766,"???"
767,"???"
768,"???"
769,"???"
770,"???"
771,"???"
772,"???"
773,"???"
774,"???"
775,"???"
776,"???"
777,"???"
778,"???"
779,"???"
780,"???"
781,"???"
782,"???"
783,"???"
784,"???"
785,"???"
786,"???"
787,"???"
788,"???"
789,"???"
790,"???"
791,"???"
792,"???"
793,"???"
794,"???"
795,"???"
796,"???"
797,"???"
798,"???"
799,"???"
800,"???"
801,"???"
802,"???"
803,"???"
804,"???"
805,"???"
806,"???"
807,"???"
808,"???"
809,"???"
810,"???"
811,"???"
812,"???"
813,"???"
814,"???"
815,"???"
816,"???"
817,"???"
818,"???"
819,"???"
820,"???"
821,"???"
822,"???"
823,"???"
824,"???"
825,"???"
826,"???"
827,"???"
828,"???"
829,"???"
830,"???"
831,"???"
832,"???"
833,"???"
834,"???"
835,"???"
836,"???"
837,"???"
838,"???"
839,"???"
840,"???"
841,"???"
842,"???"
843,"???"
844,"???"
845,"???"
846,"???"
847,"???"
848,"???"
849,"???"
850,"???"
851,"???"
852,"???"
853,"???"
854,"???"
855,"???"
856,"???"
857,"???"
858,"???"
859,"???"
860,"???"
861,"???"
862,"???"
863,"???"
864,"???"
865,"???"
866,"???"
867,"???"
868,"???"
869,"???"
870,"???"
871,"???"
872,"???"
873,"???"
874,"???"
875,"???"
876,"???"
877,"???"
878,"???"
879,"???"
880,"???"
881,"???"
882,"???"
883,"???"
884,"???"
885,"???"
886,"???"
887,"???"
888,"???"
889,"???"
890,"???"
891,"???"
892,"???"
893,"???"
894,"???"
895,"???"
896,"???"
897,"???"
898,"???"
899,"???"
900,"???"
901,"???"
902,"???"
903,"???"
904,"???"
905,"???"
906,"???"
907,"???"
908,"???"
909,"???"
910,"???"
911,"???"
912,"???"
913,"???"
914,"???"
915,"???"
916,"???"
917,"???"
918,"???"
919,"???"
920,"???"
921,"???"
922,"???"
923,"???"
924,"???"
925,"???"
926,"???"
927,"???"
928,"???"
929,"???"
930,"???"
931,"???"
932,"???"
933,"???"
934,"???"
935,"???"
936,"???"
937,"???"
938,"???"
939,"???"
940,"???"
941,"???"
942,"???"
943,"???"
944,"???"
945,"???"
946,"???"
947,"???"
948,"???"
949,"???"
950,"???"
951,"???"
952,"???"
953,"???"
954,"???"
955,"???"
956,"???"
957,"???"
958,"???"
959,"???"
960,"???"
961,"???"
962,"???"
963,"???"
964,"???"
965,"???"
966,"???"
967,"???"
968,"???"
969,"???"
970,"???"
971,"???"
972,"???"
973,"???"
974,"???"
975,"???"
976,"???"
977,"???"
978,"???"
979,"???"
980,"???"
981,"???"
982,"???"
983,"???"
984,"???"
985,"???"
986,"???"
987,"???"
988,"???"
989,"???"
990,"???"
991,"???"
992,"???"
993,"???"
994,"???"
995,"???"
996,"???"
997,"???"
998,"???"
999,"???"
1000,"???"
1001,"仲間加入スイッチ"
1002,"仲間加入スイッチ"
1003,"仲間加入スイッチ"
1004,"仲間加入スイッチ"
1005,"仲間加入スイッチ"
1006,"仲間加入スイッチ"
1007,"仲間加入スイッチ"
1008,"仲間加入スイッチ"
1009,"仲間加入スイッチ"
1010,"仲間加入スイッチ"
1011,"仲間加入スイッチ"
1012,"仲間加入スイッチ"
1013,"仲間加入スイッチ"
1014,"仲間加入スイッチ"
1015,"仲間加入スイッチ"
1016,"仲間加入スイッチ"
1017,"仲間加入スイッチ"
1018,"仲間加入スイッチ"
1019,"仲間加入スイッチ"
1020,"仲間加入スイッチ"
1021,"仲間加入スイッチ"
1022,"仲間加入スイッチ"
1023,"仲間加入スイッチ"
1024,"仲間加入スイッチ"
1025,"仲間加入スイッチ"
1026,"仲間加入スイッチ"
1027,"仲間加入スイッチ"
1028,"仲間加入スイッチ"
1029,"仲間加入スイッチ"
1030,"仲間加入スイッチ"
1031,"仲間加入スイッチ"
1032,"仲間加入スイッチ"
1033,"仲間加入スイッチ"
1034,"仲間加入スイッチ"
1035,"仲間加入スイッチ"
1036,"仲間加入スイッチ"
1037,"仲間加入スイッチ"
1038,"仲間加入スイッチ"
1039,"仲間加入スイッチ"
1040,"仲間加入スイッチ"
1041,"仲間加入スイッチ"
1042,"仲間加入スイッチ"
1043,"仲間加入スイッチ"
1044,"仲間加入スイッチ"
1045,"仲間加入スイッチ"
1046,"仲間加入スイッチ"
1047,"仲間加入スイッチ"
1048,"仲間加入スイッチ"
1049,"仲間加入スイッチ"
1050,"仲間加入スイッチ"
1051,"仲間加入スイッチ"
1052,"仲間加入スイッチ"
1053,"仲間加入スイッチ"
1054,"仲間加入スイッチ"
1055,"仲間加入スイッチ"
1056,"仲間加入スイッチ"
1057,"仲間加入スイッチ"
1058,"仲間加入スイッチ"
1059,"仲間加入スイッチ"
1060,"仲間加入スイッチ"
1061,"仲間加入スイッチ"
1062,"仲間加入スイッチ"
1063,"仲間加入スイッチ"
1064,"仲間加入スイッチ"
1065,"仲間加入スイッチ"
1066,"仲間加入スイッチ"
1067,"仲間加入スイッチ"
1068,"仲間加入スイッチ"
1069,"仲間加入スイッチ"
1070,"仲間加入スイッチ"
1071,"仲間加入スイッチ"
1072,"仲間加入スイッチ"
1073,"仲間加入スイッチ"
1074,"仲間加入スイッチ"
1075,"仲間加入スイッチ"
1076,"仲間加入スイッチ"
1077,"仲間加入スイッチ"
1078,"仲間加入スイッチ"
1079,"仲間加入スイッチ"
1080,"仲間加入スイッチ"
1081,"仲間加入スイッチ"
1082,"仲間加入スイッチ"
1083,"仲間加入スイッチ"
1084,"仲間加入スイッチ"
1085,"仲間加入スイッチ"
1086,"仲間加入スイッチ"
1087,"仲間加入スイッチ"
1088,"仲間加入スイッチ"
1089,"仲間加入スイッチ"
1090,"仲間加入スイッチ"
1091,"仲間加入スイッチ"
1092,"仲間加入スイッチ"
1093,"仲間加入スイッチ"
1094,"仲間加入スイッチ"
1095,"仲間加入スイッチ"
1096,"仲間加入スイッチ"
1097,"仲間加入スイッチ"
1098,"仲間加入スイッチ"
1099,"仲間加入スイッチ"
1100,"仲間加入スイッチ"
1101,"仲間加入スイッチ"
1102,"仲間加入スイッチ"
1103,"仲間加入スイッチ"
1104,"仲間加入スイッチ"
1105,"仲間加入スイッチ"
1106,"仲間加入スイッチ"
1107,"仲間加入スイッチ"
1108,"仲間加入スイッチ"
1109,"仲間加入スイッチ"
1110,"仲間加入スイッチ"
1111,"仲間加入スイッチ"
1112,"仲間加入スイッチ"
1113,"仲間加入スイッチ"
1114,"仲間加入スイッチ"
1115,"仲間加入スイッチ"
1116,"仲間加入スイッチ"
1117,"仲間加入スイッチ"
1118,"仲間加入スイッチ"
1119,"仲間加入スイッチ"
1120,"仲間加入スイッチ"
1121,"仲間加入スイッチ"
1122,"仲間加入スイッチ"
1123,"仲間加入スイッチ"
1124,"仲間加入スイッチ"
1125,"仲間加入スイッチ"
1126,"仲間加入スイッチ"
1127,"仲間加入スイッチ"
1128,"仲間加入スイッチ"
1129,"仲間加入スイッチ"
1130,"仲間加入スイッチ"
1131,"仲間加入スイッチ"
1132,"仲間加入スイッチ"
1133,"仲間加入スイッチ"
1134,"仲間加入スイッチ"
1135,"仲間加入スイッチ"
1136,"仲間加入スイッチ"
1137,"仲間加入スイッチ"
1138,"仲間加入スイッチ"
1139,"仲間加入スイッチ"
1140,"仲間加入スイッチ"
1141,"仲間加入スイッチ"
1142,"仲間加入スイッチ"
1143,"仲間加入スイッチ"
1144,"仲間加入スイッチ"
1145,"仲間加入スイッチ"
1146,"仲間加入スイッチ"
1147,"仲間加入スイッチ"
1148,"仲間加入スイッチ"
1149,"仲間加入スイッチ"
1150,"仲間加入スイッチ"
1151,"仲間加入スイッチ"
1152,"仲間加入スイッチ"
1153,"仲間加入スイッチ"
1154,"仲間加入スイッチ"
1155,"仲間加入スイッチ"
1156,"仲間加入スイッチ"
1157,"仲間加入スイッチ"
1158,"仲間加入スイッチ"
1159,"仲間加入スイッチ"
1160,"仲間加入スイッチ"
1161,"仲間加入スイッチ"
1162,"仲間加入スイッチ"
1163,"仲間加入スイッチ"
1164,"仲間加入スイッチ"
1165,"仲間加入スイッチ"
1166,"仲間加入スイッチ"
1167,"仲間加入スイッチ"
1168,"仲間加入スイッチ"
1169,"仲間加入スイッチ"
1170,"仲間加入スイッチ"
1171,"仲間加入スイッチ"
1172,"仲間加入スイッチ"
1173,"仲間加入スイッチ"
1174,"仲間加入スイッチ"
1175,"仲間加入スイッチ"
1176,"仲間加入スイッチ"
1177,"仲間加入スイッチ"
1178,"仲間加入スイッチ"
1179,"仲間加入スイッチ"
1180,"仲間加入スイッチ"
1181,"仲間加入スイッチ"
1182,"仲間加入スイッチ"
1183,"仲間加入スイッチ"
1184,"仲間加入スイッチ"
1185,"仲間加入スイッチ"
1186,"仲間加入スイッチ"
1187,"仲間加入スイッチ"
1188,"仲間加入スイッチ"
1189,"仲間加入スイッチ"
1190,"仲間加入スイッチ"
1191,"仲間加入スイッチ"
1192,"仲間加入スイッチ"
1193,"仲間加入スイッチ"
1194,"仲間加入スイッチ"
1195,"仲間加入スイッチ"
1196,"仲間加入スイッチ"
1197,"仲間加入スイッチ"
1198,"仲間加入スイッチ"
1199,"仲間加入スイッチ"
1200,"仲間加入スイッチ"
1201,"仲間加入スイッチ"
1202,"仲間加入スイッチ"
1203,"仲間加入スイッチ"
1204,"仲間加入スイッチ"
1205,"仲間加入スイッチ"
1206,"仲間加入スイッチ"
1207,"仲間加入スイッチ"
1208,"仲間加入スイッチ"
1209,"仲間加入スイッチ"
1210,"仲間加入スイッチ"
1211,"仲間加入スイッチ"
1212,"仲間加入スイッチ"
1213,"仲間加入スイッチ"
1214,"仲間加入スイッチ"
1215,"仲間加入スイッチ"
1216,"仲間加入スイッチ"
1217,"仲間加入スイッチ"
1218,"仲間加入スイッチ"
1219,"仲間加入スイッチ"
1220,"仲間加入スイッチ"
1221,"仲間加入スイッチ"
1222,"仲間加入スイッチ"
1223,"仲間加入スイッチ"
1224,"仲間加入スイッチ"
1225,"仲間加入スイッチ"
1226,"仲間加入スイッチ"
1227,"仲間加入スイッチ"
1228,"仲間加入スイッチ"
1229,"仲間加入スイッチ"
1230,"仲間加入スイッチ"
1231,"仲間加入スイッチ"
1232,"仲間加入スイッチ"
1233,"仲間加入スイッチ"
1234,"仲間加入スイッチ"
1235,"仲間加入スイッチ"
1236,"仲間加入スイッチ"
1237,"仲間加入スイッチ"
1238,"仲間加入スイッチ"
1239,"仲間加入スイッチ"
1240,"仲間加入スイッチ"
1241,"仲間加入スイッチ"
1242,"仲間加入スイッチ"
1243,"仲間加入スイッチ"
1244,"仲間加入スイッチ"
1245,"仲間加入スイッチ"
1246,"仲間加入スイッチ"
1247,"仲間加入スイッチ"
1248,"仲間加入スイッチ"
1249,"仲間加入スイッチ"
1250,"仲間加入スイッチ"
1251,"仲間加入スイッチ"
1252,"仲間加入スイッチ"
1253,"仲間加入スイッチ"
1254,"仲間加入スイッチ"
1255,"仲間加入スイッチ"
1256,"仲間加入スイッチ"
1257,"仲間加入スイッチ"
1258,"仲間加入スイッチ"
1259,"仲間加入スイッチ"
1260,"仲間加入スイッチ"
1261,"仲間加入スイッチ"
1262,"仲間加入スイッチ"
1263,"仲間加入スイッチ"
1264,"仲間加入スイッチ"
1265,"仲間加入スイッチ"
1266,"仲間加入スイッチ"
1267,"仲間加入スイッチ"
1268,"仲間加入スイッチ"
1269,"仲間加入スイッチ"
1270,"仲間加入スイッチ"
1271,"仲間加入スイッチ"
1272,"仲間加入スイッチ"
1273,"仲間加入スイッチ"
1274,"仲間加入スイッチ"
1275,"仲間加入スイッチ"
1276,"仲間加入スイッチ"
1277,"仲間加入スイッチ"
1278,"仲間加入スイッチ"
1279,"仲間加入スイッチ"
1280,"仲間加入スイッチ"
1281,"仲間加入スイッチ"
1282,"仲間加入スイッチ"
1283,"仲間加入スイッチ"
1284,"仲間加入スイッチ"
1285,"仲間加入スイッチ"
1286,"仲間加入スイッチ"
1287,"仲間加入スイッチ"
1288,"仲間加入スイッチ"
1289,"仲間加入スイッチ"
1290,"仲間加入スイッチ"
1291,"仲間加入スイッチ"
1292,"仲間加入スイッチ"
1293,"仲間加入スイッチ"
1294,"仲間加入スイッチ"
1295,"仲間加入スイッチ"
1296,"仲間加入スイッチ"
1297,"仲間加入スイッチ"
1298,"仲間加入スイッチ"
1299,"仲間加入スイッチ"
1300,"仲間加入スイッチ"
1301,"仲間加入スイッチ"
1302,"仲間加入スイッチ"
1303,"仲間加入スイッチ"
1304,"仲間加入スイッチ"
1305,"仲間加入スイッチ"
1306,"仲間加入スイッチ"
1307,"仲間加入スイッチ"
1308,"仲間加入スイッチ"
1309,"仲間加入スイッチ"
1310,"仲間加入スイッチ"
1311,"仲間加入スイッチ"
1312,"仲間加入スイッチ"
1313,"仲間加入スイッチ"
1314,"仲間加入スイッチ"
1315,"仲間加入スイッチ"
1316,"仲間加入スイッチ"
1317,"仲間加入スイッチ"
1318,"仲間加入スイッチ"
1319,"仲間加入スイッチ"
1320,"仲間加入スイッチ"
1321,"仲間加入スイッチ"
1322,"仲間加入スイッチ"
1323,"仲間加入スイッチ"
1324,"仲間加入スイッチ"
1325,"仲間加入スイッチ"
1326,"仲間加入スイッチ"
1327,"仲間加入スイッチ"
1328,"仲間加入スイッチ"
1329,"仲間加入スイッチ"
1330,"仲間加入スイッチ"
1331,"仲間加入スイッチ"
1332,"仲間加入スイッチ"
1333,"仲間加入スイッチ"
1334,"仲間加入スイッチ"
1335,"仲間加入スイッチ"
1336,"仲間加入スイッチ"
1337,"仲間加入スイッチ"
1338,"仲間加入スイッチ"
1339,"仲間加入スイッチ"
1340,"仲間加入スイッチ"
1341,"仲間加入スイッチ"
1342,"仲間加入スイッチ"
1343,"仲間加入スイッチ"
1344,"仲間加入スイッチ"
1345,"仲間加入スイッチ"
1346,"仲間加入スイッチ"
1347,"仲間加入スイッチ"
1348,"仲間加入スイッチ"
1349,"仲間加入スイッチ"
1350,"仲間加入スイッチ"
1351,"仲間加入スイッチ"
1352,"仲間加入スイッチ"
1353,"仲間加入スイッチ"
1354,"仲間加入スイッチ"
1355,"仲間加入スイッチ"
1356,"仲間加入スイッチ"
1357,"仲間加入スイッチ"
1358,"仲間加入スイッチ"
1359,"仲間加入スイッチ"
1360,"仲間加入スイッチ"
1361,"仲間加入スイッチ"
1362,"仲間加入スイッチ"
1363,"仲間加入スイッチ"
1364,"仲間加入スイッチ"
1365,"仲間加入スイッチ"
1366,"仲間加入スイッチ"
1367,"仲間加入スイッチ"
1368,"仲間加入スイッチ"
1369,"仲間加入スイッチ"
1370,"仲間加入スイッチ"
1371,"仲間加入スイッチ"
1372,"仲間加入スイッチ"
1373,"仲間加入スイッチ"
1374,"仲間加入スイッチ"
1375,"仲間加入スイッチ"
1376,"仲間加入スイッチ"
1377,"仲間加入スイッチ"
1378,"仲間加入スイッチ"
1379,"仲間加入スイッチ"
1380,"仲間加入スイッチ"
1381,"仲間加入スイッチ"
1382,"仲間加入スイッチ"
1383,"仲間加入スイッチ"
1384,"仲間加入スイッチ"
1385,"仲間加入スイッチ"
1386,"仲間加入スイッチ"
1387,"仲間加入スイッチ"
1388,"仲間加入スイッチ"
1389,"仲間加入スイッチ"
1390,"仲間加入スイッチ"
1391,"仲間加入スイッチ"
1392,"仲間加入スイッチ"
1393,"仲間加入スイッチ"
1394,"仲間加入スイッチ"
1395,"仲間加入スイッチ"
1396,"仲間加入スイッチ"
1397,"仲間加入スイッチ"
1398,"仲間加入スイッチ"
1399,"仲間加入スイッチ"
1400,"仲間加入スイッチ"
1401,"仲間加入スイッチ"
1402,"仲間加入スイッチ"
1403,"仲間加入スイッチ"
1404,"仲間加入スイッチ"
1405,"仲間加入スイッチ"
1406,"仲間加入スイッチ"
1407,"仲間加入スイッチ"
1408,"仲間加入スイッチ"
1409,"仲間加入スイッチ"
1410,"仲間加入スイッチ"
1411,"仲間加入スイッチ"
1412,"仲間加入スイッチ"
1413,"仲間加入スイッチ"
1414,"仲間加入スイッチ"
1415,"仲間加入スイッチ"
1416,"仲間加入スイッチ"
1417,"仲間加入スイッチ"
1418,"仲間加入スイッチ"
1419,"仲間加入スイッチ"
1420,"仲間加入スイッチ"
1421,"仲間加入スイッチ"
1422,"仲間加入スイッチ"
1423,"仲間加入スイッチ"
1424,"仲間加入スイッチ"
1425,"仲間加入スイッチ"
1426,"仲間加入スイッチ"
1427,"仲間加入スイッチ"
1428,"仲間加入スイッチ"
1429,"仲間加入スイッチ"
1430,"仲間加入スイッチ"
1431,"仲間加入スイッチ"
1432,"仲間加入スイッチ"
1433,"仲間加入スイッチ"
1434,"仲間加入スイッチ"
1435,"仲間加入スイッチ"
1436,"仲間加入スイッチ"
1437,"仲間加入スイッチ"
1438,"仲間加入スイッチ"
1439,"仲間加入スイッチ"
1440,"仲間加入スイッチ"
1441,"仲間加入スイッチ"
1442,"仲間加入スイッチ"
1443,"仲間加入スイッチ"
1444,"仲間加入スイッチ"
1445,"仲間加入スイッチ"
1446,"仲間加入スイッチ"
1447,"仲間加入スイッチ"
1448,"仲間加入スイッチ"
1449,"仲間加入スイッチ"
1450,"仲間加入スイッチ"
1451,"仲間加入スイッチ"
1452,"仲間加入スイッチ"
1453,"仲間加入スイッチ"
1454,"仲間加入スイッチ"
1455,"仲間加入スイッチ"
1456,"仲間加入スイッチ"
1457,"仲間加入スイッチ"
1458,"仲間加入スイッチ"
1459,"仲間加入スイッチ"
1460,"仲間加入スイッチ"
1461,"仲間加入スイッチ"
1462,"仲間加入スイッチ"
1463,"仲間加入スイッチ"
1464,"仲間加入スイッチ"
1465,"仲間加入スイッチ"
1466,"仲間加入スイッチ"
1467,"仲間加入スイッチ"
1468,"仲間加入スイッチ"
1469,"仲間加入スイッチ"
1470,"仲間加入スイッチ"
1471,"仲間加入スイッチ"
1472,"仲間加入スイッチ"
1473,"仲間加入スイッチ"
1474,"仲間加入スイッチ"
1475,"仲間加入スイッチ"
1476,"仲間加入スイッチ"
1477,"仲間加入スイッチ"
1478,"仲間加入スイッチ"
1479,"仲間加入スイッチ"
1480,"仲間加入スイッチ"
1481,"仲間加入スイッチ"
1482,"仲間加入スイッチ"
1483,"仲間加入スイッチ"
1484,"仲間加入スイッチ"
1485,"仲間加入スイッチ"
1486,"仲間加入スイッチ"
1487,"仲間加入スイッチ"
1488,"仲間加入スイッチ"
1489,"仲間加入スイッチ"
1490,"仲間加入スイッチ"
1491,"仲間加入スイッチ"
1492,"仲間加入スイッチ"
1493,"仲間加入スイッチ"
1494,"仲間加入スイッチ"
1495,"仲間加入スイッチ"
1496,"仲間加入スイッチ"
1497,"仲間加入スイッチ"
1498,"仲間加入スイッチ"
1499,"仲間加入スイッチ"
1500,"仲間加入スイッチ"
1501,"仲間加入スイッチ"
1502,"仲間加入スイッチ"
1503,"仲間加入スイッチ"
1504,"仲間加入スイッチ"
1505,"仲間加入スイッチ"
1506,"仲間加入スイッチ"
1507,"仲間加入スイッチ"
1508,"仲間加入スイッチ"
1509,"仲間加入スイッチ"
1510,"仲間加入スイッチ"
1511,"仲間加入スイッチ"
1512,"仲間加入スイッチ"
1513,"仲間加入スイッチ"
1514,"仲間加入スイッチ"
1515,"仲間加入スイッチ"
1516,"仲間加入スイッチ"
1517,"仲間加入スイッチ"
1518,"仲間加入スイッチ"
1519,"仲間加入スイッチ"
1520,"仲間加入スイッチ"
1521,"仲間加入スイッチ"
1522,"仲間加入スイッチ"
1523,"仲間加入スイッチ"
1524,"仲間加入スイッチ"
1525,"仲間加入スイッチ"
1526,"仲間加入スイッチ"
1527,"仲間加入スイッチ"
1528,"仲間加入スイッチ"
1529,"仲間加入スイッチ"
1530,"仲間加入スイッチ"
1531,"仲間加入スイッチ"
1532,"仲間加入スイッチ"
1533,"仲間加入スイッチ"
1534,"仲間加入スイッチ"
1535,"仲間加入スイッチ"
1536,"仲間加入スイッチ"
1537,"仲間加入スイッチ"
1538,"仲間加入スイッチ"
1539,"仲間加入スイッチ"
1540,"仲間加入スイッチ"
1541,"仲間加入スイッチ"
1542,"仲間加入スイッチ"
1543,"仲間加入スイッチ"
1544,"仲間加入スイッチ"
1545,"仲間加入スイッチ"
1546,"仲間加入スイッチ"
1547,"仲間加入スイッチ"
1548,"仲間加入スイッチ"
1549,"仲間加入スイッチ"
1550,"仲間加入スイッチ"
1551,"仲間加入スイッチ"
1552,"仲間加入スイッチ"
1553,"仲間加入スイッチ"
1554,"仲間加入スイッチ"
1555,"仲間加入スイッチ"
1556,"仲間加入スイッチ"
1557,"仲間加入スイッチ"
1558,"仲間加入スイッチ"
1559,"仲間加入スイッチ"
1560,"仲間加入スイッチ"
1561,"仲間加入スイッチ"
1562,"仲間加入スイッチ"
1563,"仲間加入スイッチ"
1564,"仲間加入スイッチ"
1565,"仲間加入スイッチ"
1566,"仲間加入スイッチ"
1567,"仲間加入スイッチ"
1568,"仲間加入スイッチ"
1569,"仲間加入スイッチ"
1570,"仲間加入スイッチ"
1571,"仲間加入スイッチ"
1572,"仲間加入スイッチ"
1573,"仲間加入スイッチ"
1574,"仲間加入スイッチ"
1575,"仲間加入スイッチ"
1576,"仲間加入スイッチ"
1577,"仲間加入スイッチ"
1578,"仲間加入スイッチ"
1579,"仲間加入スイッチ"
1580,"仲間加入スイッチ"
1581,"仲間加入スイッチ"
1582,"仲間加入スイッチ"
1583,"仲間加入スイッチ"
1584,"仲間加入スイッチ"
1585,"仲間加入スイッチ"
1586,"仲間加入スイッチ"
1587,"仲間加入スイッチ"
1588,"仲間加入スイッチ"
1589,"仲間加入スイッチ"
1590,"仲間加入スイッチ"
1591,"仲間加入スイッチ"
1592,"仲間加入スイッチ"
1593,"仲間加入スイッチ"
1594,"仲間加入スイッチ"
1595,"仲間加入スイッチ"
1596,"仲間加入スイッチ"
1597,"仲間加入スイッチ"
1598,"仲間加入スイッチ"
1599,"仲間加入スイッチ"
1600,"仲間加入スイッチ"
1601,"仲間加入スイッチ"
1602,"仲間加入スイッチ"
1603,"仲間加入スイッチ"
1604,"仲間加入スイッチ"
1605,"仲間加入スイッチ"
1606,"仲間加入スイッチ"
1607,"仲間加入スイッチ"
1608,"仲間加入スイッチ"
1609,"仲間加入スイッチ"
1610,"仲間加入スイッチ"
1611,"仲間加入スイッチ"
1612,"仲間加入スイッチ"
1613,"仲間加入スイッチ"
1614,"仲間加入スイッチ"
1615,"仲間加入スイッチ"
1616,"仲間加入スイッチ"
1617,"仲間加入スイッチ"
1618,"仲間加入スイッチ"
1619,"仲間加入スイッチ"
1620,"仲間加入スイッチ"
1621,"仲間加入スイッチ"
1622,"仲間加入スイッチ"
1623,"仲間加入スイッチ"
1624,"仲間加入スイッチ"
1625,"仲間加入スイッチ"
1626,"仲間加入スイッチ"
1627,"仲間加入スイッチ"
1628,"仲間加入スイッチ"
1629,"仲間加入スイッチ"
1630,"仲間加入スイッチ"
1631,"仲間加入スイッチ"
1632,"仲間加入スイッチ"
1633,"仲間加入スイッチ"
1634,"仲間加入スイッチ"
1635,"仲間加入スイッチ"
1636,"仲間加入スイッチ"
1637,"仲間加入スイッチ"
1638,"仲間加入スイッチ"
1639,"仲間加入スイッチ"
1640,"仲間加入スイッチ"
1641,"仲間加入スイッチ"
1642,"仲間加入スイッチ"
1643,"仲間加入スイッチ"
1644,"仲間加入スイッチ"
1645,"仲間加入スイッチ"
1646,"仲間加入スイッチ"
1647,"仲間加入スイッチ"
1648,"仲間加入スイッチ"
1649,"仲間加入スイッチ"
1650,"仲間加入スイッチ"
1651,"仲間加入スイッチ"
1652,"仲間加入スイッチ"
1653,"仲間加入スイッチ"
1654,"仲間加入スイッチ"
1655,"仲間加入スイッチ"
1656,"仲間加入スイッチ"
1657,"仲間加入スイッチ"
1658,"仲間加入スイッチ"
1659,"仲間加入スイッチ"
1660,"仲間加入スイッチ"
1661,"仲間加入スイッチ"
1662,"仲間加入スイッチ"
1663,"仲間加入スイッチ"
1664,"仲間加入スイッチ"
1665,"仲間加入スイッチ"
1666,"仲間加入スイッチ"
1667,"仲間加入スイッチ"
1668,"仲間加入スイッチ"
1669,"仲間加入スイッチ"
1670,"仲間加入スイッチ"
1671,"仲間加入スイッチ"
1672,"仲間加入スイッチ"
1673,"仲間加入スイッチ"
1674,"仲間加入スイッチ"
1675,"仲間加入スイッチ"
1676,"仲間加入スイッチ"
1677,"仲間加入スイッチ"
1678,"仲間加入スイッチ"
1679,"仲間加入スイッチ"
1680,"仲間加入スイッチ"
1681,"仲間加入スイッチ"
1682,"仲間加入スイッチ"
1683,"仲間加入スイッチ"
1684,"仲間加入スイッチ"
1685,"仲間加入スイッチ"
1686,"仲間加入スイッチ"
1687,"仲間加入スイッチ"
1688,"仲間加入スイッチ"
1689,"仲間加入スイッチ"
1690,"仲間加入スイッチ"
1691,"仲間加入スイッチ"
1692,"仲間加入スイッチ"
1693,"仲間加入スイッチ"
1694,"仲間加入スイッチ"
1695,"仲間加入スイッチ"
1696,"仲間加入スイッチ"
1697,"仲間加入スイッチ"
1698,"仲間加入スイッチ"
1699,"仲間加入スイッチ"
1700,"仲間加入スイッチ"
1701,"仲間加入スイッチ"
1702,"仲間加入スイッチ"
1703,"仲間加入スイッチ"
1704,"仲間加入スイッチ"
1705,"仲間加入スイッチ"
1706,"仲間加入スイッチ"
1707,"仲間加入スイッチ"
1708,"仲間加入スイッチ"
1709,"仲間加入スイッチ"
1710,"仲間加入スイッチ"
1711,"仲間加入スイッチ"
1712,"仲間加入スイッチ"
1713,"仲間加入スイッチ"
1714,"仲間加入スイッチ"
1715,"仲間加入スイッチ"
1716,"仲間加入スイッチ"
1717,"仲間加入スイッチ"
1718,"仲間加入スイッチ"
1719,"仲間加入スイッチ"
1720,"仲間加入スイッチ"
1721,"仲間加入スイッチ"
1722,"仲間加入スイッチ"
1723,"仲間加入スイッチ"
1724,"仲間加入スイッチ"
1725,"仲間加入スイッチ"
1726,"仲間加入スイッチ"
1727,"仲間加入スイッチ"
1728,"仲間加入スイッチ"
1729,"仲間加入スイッチ"
1730,"仲間加入スイッチ"
1731,"仲間加入スイッチ"
1732,"仲間加入スイッチ"
1733,"仲間加入スイッチ"
1734,"仲間加入スイッチ"
1735,"仲間加入スイッチ"
1736,"仲間加入スイッチ"
1737,"仲間加入スイッチ"
1738,"仲間加入スイッチ"
1739,"仲間加入スイッチ"
1740,"仲間加入スイッチ"
1741,"仲間加入スイッチ"
1742,"仲間加入スイッチ"
1743,"仲間加入スイッチ"
1744,"仲間加入スイッチ"
1745,"仲間加入スイッチ"
1746,"仲間加入スイッチ"
1747,"仲間加入スイッチ"
1748,"仲間加入スイッチ"
1749,"仲間加入スイッチ"
1750,"仲間加入スイッチ"
1751,"仲間加入スイッチ"
1752,"仲間加入スイッチ"
1753,"仲間加入スイッチ"
1754,"仲間加入スイッチ"
1755,"仲間加入スイッチ"
1756,"仲間加入スイッチ"
1757,"仲間加入スイッチ"
1758,"仲間加入スイッチ"
1759,"仲間加入スイッチ"
1760,"仲間加入スイッチ"
1761,"仲間加入スイッチ"
1762,"仲間加入スイッチ"
1763,"仲間加入スイッチ"
1764,"仲間加入スイッチ"
1765,"仲間加入スイッチ"
1766,"仲間加入スイッチ"
1767,"仲間加入スイッチ"
1768,"仲間加入スイッチ"
1769,"仲間加入スイッチ"
1770,"仲間加入スイッチ"
1771,"仲間加入スイッチ"
1772,"仲間加入スイッチ"
1773,"仲間加入スイッチ"
1774,"仲間加入スイッチ"
1775,"仲間加入スイッチ"
1776,"仲間加入スイッチ"
1777,"仲間加入スイッチ"
1778,"仲間加入スイッチ"
1779,"仲間加入スイッチ"
1780,"仲間加入スイッチ"
1781,"仲間加入スイッチ"
1782,"仲間加入スイッチ"
1783,"仲間加入スイッチ"
1784,"仲間加入スイッチ"
1785,"仲間加入スイッチ"
1786,"仲間加入スイッチ"
1787,"仲間加入スイッチ"
1788,"仲間加入スイッチ"
1789,"仲間加入スイッチ"
1790,"仲間加入スイッチ"
1791,"仲間加入スイッチ"
1792,"仲間加入スイッチ"
1793,"仲間加入スイッチ"
1794,"仲間加入スイッチ"
1795,"仲間加入スイッチ"
1796,"仲間加入スイッチ"
1797,"仲間加入スイッチ"
1798,"仲間加入スイッチ"
1799,"仲間加入スイッチ"
1800,"仲間加入スイッチ"
1801,"仲間加入スイッチ"
1802,"仲間加入スイッチ"
1803,"仲間加入スイッチ"
1804,"仲間加入スイッチ"
1805,"仲間加入スイッチ"
1806,"仲間加入スイッチ"
1807,"仲間加入スイッチ"
1808,"仲間加入スイッチ"
1809,"仲間加入スイッチ"
1810,"仲間加入スイッチ"
1811,"仲間加入スイッチ"
1812,"仲間加入スイッチ"
1813,"仲間加入スイッチ"
1814,"仲間加入スイッチ"
1815,"仲間加入スイッチ"
1816,"仲間加入スイッチ"
1817,"仲間加入スイッチ"
1818,"仲間加入スイッチ"
1819,"仲間加入スイッチ"
1820,"仲間加入スイッチ"
1821,"仲間加入スイッチ"
1822,"仲間加入スイッチ"
1823,"仲間加入スイッチ"
1824,"仲間加入スイッチ"
1825,"仲間加入スイッチ"
1826,"仲間加入スイッチ"
1827,"仲間加入スイッチ"
1828,"仲間加入スイッチ"
1829,"仲間加入スイッチ"
1830,"仲間加入スイッチ"
1831,"仲間加入スイッチ"
1832,"仲間加入スイッチ"
1833,"仲間加入スイッチ"
1834,"仲間加入スイッチ"
1835,"仲間加入スイッチ"
1836,"仲間加入スイッチ"
1837,"仲間加入スイッチ"
1838,"仲間加入スイッチ"
1839,"仲間加入スイッチ"
1840,"仲間加入スイッチ"
1841,"仲間加入スイッチ"
1842,"仲間加入スイッチ"
1843,"仲間加入スイッチ"
1844,"仲間加入スイッチ"
1845,"仲間加入スイッチ"
1846,"仲間加入スイッチ"
1847,"仲間加入スイッチ"
1848,"仲間加入スイッチ"
1849,"仲間加入スイッチ"
1850,"仲間加入スイッチ"
1851,"仲間加入スイッチ"
1852,"仲間加入スイッチ"
1853,"仲間加入スイッチ"
1854,"仲間加入スイッチ"
1855,"仲間加入スイッチ"
1856,"仲間加入スイッチ"
1857,"仲間加入スイッチ"
1858,"仲間加入スイッチ"
1859,"仲間加入スイッチ"
1860,"仲間加入スイッチ"
1861,"仲間加入スイッチ"
1862,"仲間加入スイッチ"
1863,"仲間加入スイッチ"
1864,"仲間加入スイッチ"
1865,"仲間加入スイッチ"
1866,"仲間加入スイッチ"
1867,"仲間加入スイッチ"
1868,"仲間加入スイッチ"
1869,"仲間加入スイッチ"
1870,"仲間加入スイッチ"
1871,"仲間加入スイッチ"
1872,"仲間加入スイッチ"
1873,"仲間加入スイッチ"
1874,"仲間加入スイッチ"
1875,"仲間加入スイッチ"
1876,"仲間加入スイッチ"
1877,"仲間加入スイッチ"
1878,"仲間加入スイッチ"
1879,"仲間加入スイッチ"
1880,"仲間加入スイッチ"
1881,"仲間加入スイッチ"
1882,"仲間加入スイッチ"
1883,"仲間加入スイッチ"
1884,"仲間加入スイッチ"
1885,"仲間加入スイッチ"
1886,"仲間加入スイッチ"
1887,"仲間加入スイッチ"
1888,"仲間加入スイッチ"
1889,"仲間加入スイッチ"
1890,"仲間加入スイッチ"
1891,"仲間加入スイッチ"
1892,"仲間加入スイッチ"
1893,"仲間加入スイッチ"
1894,"仲間加入スイッチ"
1895,"仲間加入スイッチ"
1896,"仲間加入スイッチ"
1897,"仲間加入スイッチ"
1898,"仲間加入スイッチ"
1899,"仲間加入スイッチ"
1900,"仲間加入スイッチ"
1901,"仲間加入スイッチ"
1902,"仲間加入スイッチ"
1903,"仲間加入スイッチ"
1904,"仲間加入スイッチ"
1905,"仲間加入スイッチ"
1906,"仲間加入スイッチ"
1907,"仲間加入スイッチ"
1908,"仲間加入スイッチ"
1909,"仲間加入スイッチ"
1910,"仲間加入スイッチ"
1911,"仲間加入スイッチ"
1912,"仲間加入スイッチ"
1913,"仲間加入スイッチ"
1914,"仲間加入スイッチ"
1915,"仲間加入スイッチ"
1916,"仲間加入スイッチ"
1917,"仲間加入スイッチ"
1918,"仲間加入スイッチ"
1919,"仲間加入スイッチ"
1920,"仲間加入スイッチ"
1921,"仲間加入スイッチ"
1922,"仲間加入スイッチ"
1923,"仲間加入スイッチ"
1924,"仲間加入スイッチ"
1925,"仲間加入スイッチ"
1926,"仲間加入スイッチ"
1927,"仲間加入スイッチ"
1928,"仲間加入スイッチ"
1929,"仲間加入スイッチ"
1930,"仲間加入スイッチ"
1931,"仲間加入スイッチ"
1932,"仲間加入スイッチ"
1933,"仲間加入スイッチ"
1934,"仲間加入スイッチ"
1935,"仲間加入スイッチ"
1936,"仲間加入スイッチ"
1937,"仲間加入スイッチ"
1938,"仲間加入スイッチ"
1939,"仲間加入スイッチ"
1940,"仲間加入スイッチ"
1941,"仲間加入スイッチ"
1942,"仲間加入スイッチ"
1943,"仲間加入スイッチ"
1944,"仲間加入スイッチ"
1945,"仲間加入スイッチ"
1946,"仲間加入スイッチ"
1947,"仲間加入スイッチ"
1948,"仲間加入スイッチ"
1949,"仲間加入スイッチ"
1950,"仲間加入スイッチ"
1951,"仲間加入スイッチ"
1952,"仲間加入スイッチ"
1953,"仲間加入スイッチ"
1954,"仲間加入スイッチ"
1955,"仲間加入スイッチ"
1956,"仲間加入スイッチ"
1957,"仲間加入スイッチ"
1958,"仲間加入スイッチ"
1959,"仲間加入スイッチ"
1960,"仲間加入スイッチ"
1961,"仲間加入スイッチ"
1962,"仲間加入スイッチ"
1963,"仲間加入スイッチ"
1964,"仲間加入スイッチ"
1965,"仲間加入スイッチ"
1966,"仲間加入スイッチ"
1967,"仲間加入スイッチ"
1968,"仲間加入スイッチ"
1969,"仲間加入スイッチ"
1970,"仲間加入スイッチ"
1971,"仲間加入スイッチ"
1972,"仲間加入スイッチ"
1973,"仲間加入スイッチ"
1974,"仲間加入スイッチ"
1975,"仲間加入スイッチ"
1976,"仲間加入スイッチ"
1977,"仲間加入スイッチ"
1978,"仲間加入スイッチ"
1979,"仲間加入スイッチ"
1980,"仲間加入スイッチ"
1981,"仲間加入スイッチ"
1982,"仲間加入スイッチ"
1983,"仲間加入スイッチ"
1984,"仲間加入スイッチ"
1985,"仲間加入スイッチ"
1986,"仲間加入スイッチ"
1987,"仲間加入スイッチ"
1988,"仲間加入スイッチ"
1989,"仲間加入スイッチ"
1990,"仲間加入スイッチ"
1991,"仲間加入スイッチ"
1992,"仲間加入スイッチ"
1993,"仲間加入スイッチ"
1994,"仲間加入スイッチ"
1995,"仲間加入スイッチ"
1996,"仲間加入スイッチ"
1997,"仲間加入スイッチ"
1998,"仲間加入スイッチ"
1999,"仲間加入スイッチ"
2000,"仲間加入スイッチ"
2001,"イリアスヴィル混乱"
2002,"起き上がりイリアス"
2003,"バニースライムしばかれ"
2004,"ソニア登場用"
2005,"ソニア初会話"
2006,"アリスイリアス選択中"
2007,"村長の話聞いたか"
2008,"村長会わず警告"
2009,"ソニア登場フラグ"
2010,"泣きスライムフラグ"
2011,"泣きスライム警告"
2012,"スライム加入イベント用"
2013,"ポケ魔王城解説"
2014,"ネロ出現"
2015,"ポケ城解説後"
2016,"兵士毒沼イベント開始"
2017,"勇気の証イベント開始"
2018,"兵士イベント完了"
2019,"ラザロ初会話"
2020,"ルミ加入"
2021,"レミ加入"
2022,"回想ルカ登場"
2023,"野営、話を聞いた"
2024,"ドン・ダリア鍵開け"
2025,"ミニフェニックス登場"
2026,"ドン・ダリア牢内"
2027,"日記付け"
2028,"ネロ初会話"
2029,"白兎登場"
2030,"盗賊団お叱り"
2031,"ミトラ初"
2032,"ゴブ仲間"
2033,"ゴブ走る"
2034,"子供客"
2035,"サザーランド盛況"
2036,"イリナ南イリアス"
2037,"ナメクジ登場"
2038,"ネロワープ用"
2039,"冥府鍵落とし"
2040,"冥府B初会話"
2041,"冥府初帰還"
2042,"ソニア登場フラグ一時保存用"
2043,"パンツおやじ"
2044,"パンツ先生と会う"
2045,"初マキナ"
2046,"崩壊イリアスヴィル墓"
2047,"ベティおばさん餞別"
2048,"パピ仲間"
2049,"マリー話"
2050,"タルタロス2コメント"
2051,"プロメスティンイベント"
2052,"調理師免許"
2053,"野営2、話聞いた"
2054,"聖光波"
2055,"ネリス登場"
2056,"たまも登場"
2057,"七尾初戦"
2058,"船炎上1"
2059,"船炎上2"
2060,"ナタリア救出直後"
2061,"教授逃げる"
2062,"マンドラゴラ話"
2063,"イリアスポート通行許可"
2064,"手裏剣納入先"
2065,"ヴァニライベント中"
2066,"ミスリル所持"
2067,"騎士団長横槍"
2068,"ラダイト神父"
2069,"お化け屋敷台所"
2070,"お化け屋敷人形1"
2071,"お化け屋敷人形・大"
2072,"お化け屋敷人形・小"
2073,"お化け屋敷人形2"
2074,"クロム逃走1"
2075,"クロム逃走2"
2076,"クロム逃走3"
2077,"本棚気付く"
2078,"お化け屋敷語りゾンビ"
2079,"お化け屋敷食堂"
2080,"お化け屋敷倉庫"
2081,"食堂ゾンビ0"
2082,"食堂ゾンビ1"
2083,"食堂ゾンビ2"
2084,"食堂ゾンビ3"
2085,"倉庫ダンス退治"
2086,"情報屋ラザロ"
2087,"野営3"
2088,"野営3、話聞いた"
2089,"鎧の狂戦士疑似敗北"
2090,"スフィンクス勝利"
2091,"リリィ屋敷奥へ"
2092,"ルシア塔へ"
2093,"ループ階段"
2094,"リリィ再転換"
2095,"ルシア再転換"
2096,"リリィ撃破"
2097,"ルシア撃破"
2098,"リザードボス撃破"
2099,"サルーンアクセサリ屋"
2100,"土山除去"
2101,"混沌亀裂初見"
2102,"魔空間初見"
2103,"冥府アリス撃破"
2104,"ヴァニラのお店、エルカ商会"
2105,"死神撃破"
2106,"うさうさぎイベント"
2107,"無視かよ"
2108,"アミラ斬殺"
2109,"幻視中"
2110,"アポト出現用1"
2111,"アポト出現用2"
2112,"ラディオ独白"
2113,"データ分析初回"
2114,"ノームお墓イベント"
2115,"サラ女王と話"
2116,"アモス聖山飛び降りフラグ"
2117,"土人形1"
2118,"土人形2"
2119,"劇場支配人左向き"
2120,"サンイリア研究室フラグ"
2121,"パンツ先生死去"
2122,"サバサの道具屋に行った"
2123,"七尾二度目以降"
2124,"七尾仲間に"
2125,"ヌルコ仲間に"
2126,"プロメスティン仲間に"
2127,"アミラ仲間に"
2128,"ピーハー仲間に"
2129,"ドーメイマ仲間に"
2130,"コーネリア仲間に"
2131,"スラグスター仲間に"
2132,"ゴブ仲間に"
2133,"プチ仲間に"
2134,"パピ仲間に"
2135,"メイア仲間に"
2136,"クロム仲間に"
2137,"リリィ仲間に"
2138,"ルシア仲間に"
2139,"ミランダ仲間に"
2140,"ヨハネ仲間に"
2141,"ギギ風1"
2142,"ギギ土1"
2143,"ギギ水1"
2144,"ギギ火1"
2145,"ラティブレス"
2146,"混沌の迷宮解放"
2147,"混沌の迷宮、死神説明"
2148,"海軍に荷担"
2149,"海賊に荷担"
2150,"大海賊の洞窟、海兵1"
2151,"リヴァイアサン撃破"
2152,"デュラハンとケルベロス"
2153,"野営4話きいたか"
2154,"カナン三姉妹撃破"
2155,"カナン三姉妹値切り"
2156,"女王にエスタ話"
2157,"ゴルド関所兵士"
2158,"カサンドラ声"
2159,"タルタロス火"
2160,"リリスリリム仲間に"
2161,"グランドノア襲撃"
2162,"サンイリア襲撃"
2163,"サバサ襲撃"
2164,"グランゴルド襲撃"
2165,"黒の三貴撃破"
2166,"雪越えの洞窟天使撃破"
2167,"エデン仲間に"
2168,"おさかな号ねこまた話"
2169,"おさかな号ねこまた話2"
2170,"海軍本部海兵1"
2171,"海軍本部海兵2"
2172,"海軍本部海兵3"
2173,"海軍本部海兵4"
2174,"海賊撃破1"
2175,"海賊撃破2"
2176,"海賊撃破3"
2177,"海賊撃破4"
2178,"白蛇様と話"
2179,"オロチの洞宝物庫発見"
2180,"####欠番###"
2181,"狐神社ネロ"
2182,"魔導学園生徒"
2183,"旅立つ若衆"
2184,"プランセクト初戦闘"
2185,"プランセクト回想終了"
2186,"リヴァイアサン仲間に"
2187,"カナン三姉妹仲間に"
2188,"エスタ聖堂解放"
2189,"ゴルド砦初突入"
2190,"ゴルド砦牢解錠"
2191,"野営5話聞いたか"
2192,"クィーンアント発見"
2193,"アルマエルマ発見"
2194,"ゴルド城の牢"
2195,"ゴルド王戦たまも乱入"
2196,"ラザロ仲間入り"
2197,"ラザロ仲間断り"
2198,"ベルゼバブ消滅"
2199,"ゴーレム仲間"
2200,"キャンディ仲間"
2201,"サキュバス村戦闘1"
2202,"サキュバス村戦闘2"
2203,"サキュバス村戦闘3"
2204,"サキュバス村戦闘4"
2205,"サキュバス村戦闘5"
2206,"ミンキュバス"
2207,"レンキュバス"
2208,"マキュバス"
2209,"ナターシャ会話"
2210,"サキュバス撃破リリィあり"
2211,"サキュバス撃破リリィなし"
2212,"ナターシャ撃破ルシアあり"
2213,"ナターシャ撃破ルシアなし"
2214,"悪夢の荒野突破"
2215,"ゴルドタルタロス"
2216,"グランドノア襲撃1"
2217,"グランドノア襲撃2"
2218,"グランドノア襲撃3"
2219,"グランドノア襲撃4"
2220,"グランドノア襲撃5"
2221,"グランドノア襲撃6"
2222,"サンイリア襲撃1"
2223,"サンイリア襲撃2"
2224,"サンイリア襲撃3"
2225,"サンイリア襲撃4"
2226,"サンイリア襲撃5"
2227,"エル砲撃"
2228,"若衆A"
2229,"若衆B"
2230,"若衆C"
2231,"若衆D"
2232,"エリザベート進軍"
2233,"カーミラ撤退"
2234,"サバサ襲撃1"
2235,"サバサ襲撃2"
2236,"サバサ襲撃3"
2237,"サバサ襲撃4"
2238,"サバサ襲撃5"
2239,"サバサ突撃"
2240,"サバサワニ"
2241,"ゴルド襲撃1"
2242,"ゴルド襲撃2"
2243,"ゴルド襲撃3"
2244,"ゴルド襲撃4"
2245,"ゴルド襲撃5"
2246,"ゴルド襲撃6"
2247,"ゴルド襲撃7"
2248,"妖精の森中央へ"
2249,"ワルラウネ撃破"
2250,"ジェネラルマーメイド撃破"
2251,"クラーケン娘復帰"
2252,"カーミラ撃破"
2253,"エリザベート撃破"
2254,"吸血鬼ループA"
2255,"吸血鬼ループB"
2256,"ヘルゴンドのほこらに入る"
2257,"リリスリリム前フリ"
2258,"レミナ前"
2259,"シロクマ来訪"
2260,"野営6話聞いたか"
2261,"黒のアリス撃破"
2262,"ヴァニラ店金の針"
2263,"ヴァニラ店ページ"
2264,"ヴァニラゴルド王宮へ"
2265,"玉藻疑似敗北"
2266,"ラクロワ影紬イベント"
2267,"海軍本部海兵0"
2268,"魔導学園クリア"
2269,"アルマエルマたまも"
2270,"ゴルド城脱出後イベント"
2271,"天界エスタでタルタロス"
2272,"白蛇神社BGM変化用"
2273,"四大国襲撃解決判定用"
2274,"女王撃破判定用"
2275,"サソリ宅配サービス"
2276,"さんりお仲間"
2277,"グランゴルド贈り物"
2278,"エルフ姫イベント"
2279,"蜘蛛之皇女イベント"
2280,"蜘蛛之皇女仲間に"
2281,"蜘蛛之皇女仲間ならず"
2282,"クィーンアント仲間"
2283,"若衆アイテム獲得"
2284,"シルバートロフィーゲット"
2285,"ゴルド王イベント村人1"
2286,"ゴルド王イベント村人2"
2287,"ゴルド王イベント村人3"
2288,"ゴルド王イベント村人4"
2289,"ゴルド王イベント村人5"
2290,"ゴルド王イベント村人6"
2291,"ゴルド王イベント村人7"
2292,"ゴルド王イベント村人8"
2293,"ゴルド王イベント村人9"
2294,"ゴルド王イベント村人10"
2295,"ゴルド王イベント村人11"
2296,"ゴルド王イベント村人12"
2297,"ゴルド王イベント村人13"
2298,"ゴルド王イベント村人14"
2299,"ゴルド王イベント村人15"
2300,"ゴルド王イベント村人16"
2301,"ゴルド王イベント村人17"
2302,"ゴルド王イベント村人18"
2303,"ゴルド王イベント少女出現"
2304,"ゴルド王イベント村人19"
2305,"ゴルド王イベント少女回想後"
2306,"ミカルシ観光イベント"
2307,"レミナ研究所初セリフ"
2308,"カードキー取得"
2309,"BF海賊二人撃破"
2310,"エスタセリフ"
2311,"マスタリー取得"
2312,"マスタリー解説"
2313,"ハコイリ運び"
2314,"シロクマの里到着"
2315,"シロクマ同行"
2316,"シロクマ帰還"
2317,"ヤマタノオロチ撃破"
2318,"孤島の日誌読んだ"
2319,"七尾戦中ネリス登場"
2320,"鎧の狂戦士自力撃破"
2321,"モンテカルロなしでゴルドイベント"
2322,"世界樹の実もらう"
2323,"クィーンビー仲間に"
2324,"ハインリヒの剣取得"
2325,"ハインリヒの鎧取得"
2326,"ハインリヒの兜取得"
2327,"ハインリヒの盾取得"
2328,"サラーン消失バグ用"
2329,"アルラウネバグ用"
2330,"カスタムソード紛失用"
2331,"城内BF用"
2332,"混沌アリスイリアス仲間"
2333,"混沌ボス"
2334,"アリクイイベント開始"
2335,"神龍のスキル願い"
2336,"ノーブルオーブ取得"
2337,"R:ゴブ出現フラグ"
2338,"R:ソニア同行"
2339,"蛇神社イベントセリフ"
2340,"ルカ女装"
2341,"R:相談フラグ"
2342,"R:後悔質問フラグ"
2343,"R:ループアイテムフラグ"
2344,"R:フリーダムフラグ"
2345,"R:ピザ質問フラグ"
2346,"R:ピザ所持"
2347,"R:エストにピザ"
2348,"R:フルビュア毛"
2349,"R:エスト毛"
2350,"R:アルマエルマ毛"
2351,"R:サキュバス毛"
2352,"R:ウィッチ毛"
2353,"R:リリスリリム毛"
2354,"R:モリガン毛"
2355,"R:階段前のぎがを見る"
2356,"R:牛魔王の怒りを聞く"
2357,"R:スフィンクス破る"
2358,"R:ぎが移動"
2359,"R:透の話1"
2360,"R:透の話2"
2361,"R:透の話3"
2362,"R:プロメス作業中"
2363,"R:プロメス作業終了"
2364,"R:作戦準備フラグ"
2365,"R:スマホ質問フラグ"
2366,"R:ラミと話"
2367,"R:作戦待機"
2368,"R:魔断の手袋ゲット"
2369,"R:ウィルスゲット"
2370,"R:ウィルスゲットフラグ"
2371,"R:書物ゲット"
2372,"R:書物ゲットフラグ"
2373,"R:眠り薬ゲット"
2374,"R:眠り薬ゲットフラグ"
2375,"R:イモムシ1"
2376,"R:イモムシ2"
2377,"R:イモムシ3"
2378,"R:お茶会フラグ"
2379,"R:透から話"
2380,"R:ピザ屋2階へ"
2381,"R:ラケルの爆石"
2382,"R:牛乳に眠り薬"
2383,"R:コーラに眠り薬"
2384,"R:オレンジJに眠り薬"
2385,"R:階段ミュスカ通過"
2386,"R:階段ミュスカから避難"
2387,"R:ウィルス仕込み済み"
2388,"R:古い鍵取得"
2389,"R:棚に鍵を確認"
2390,"R:不思議な宝石取得"
2391,"R:フェイズ3、1階"
2392,"R:台所ミュスカ後"
2393,"R:透と合流"
2394,"R:アリスイリアスに相談"
2395,"R:レミ救急搬送"
2396,"R:エスト髪の毛"
2397,"R:1周目1階"
2398,"R:魔断の手袋ゲットフラグ"
2399,"R:対策アイテムゲット"
2400,"R:待機アミラと話"
2401,"R:謎掛け終了"
2402,"R:シルヴィア消失"
2403,"R:白念消失"
2404,"R:ミュスカH1"
2405,"R:ミュスカH2"
2406,"R:ミュスカH3"
2407,"R:ミュスカH4"
2408,"R:ネメアH1"
2409,"R:ネメアH2"
2410,"R:ネメアH3"
2411,"R:ネメアH4"
2412,"R:ヴィヌムH1-1"
2413,"R:ヴィヌムH1-2"
2414,"R:ヴィヌムH2"
2415,"R:エストHで次巡"
2416,"R:アスタロト毛"
2417,"R:アルマエルマご褒美用"
2418,"R:白兎登場済み"
2419,"R:お茶会終了"
2420,"R:爆竹ゲット"
2421,"R:まきびしゲット"
2422,"R:手榴弾ゲット"
2423,"R:拘束の呪符ゲット"
2424,"R:時空転送イベント用"
2425,"R:時空転送後処理"
2426,"R:カズヤ後悔"
2427,"R:大明海後悔"
2428,"R:コーネリア迷宮書物話"
2429,"R:牛魔王不在"
2430,"R:カサンドラ成長"
2431,"R:妲己尻尾踏み"
2432,"R:クロム部屋フラグ"
2433,"R:ひつじ流れ"
2434,"イヌガミ狸仲間に"
2435,"現在黒の三貴撤退"
2436,"忘れられし塔1"
2437,"忘れられし塔2"
2438,"忘れられし塔3"
2439,"忘れられし塔4"
2440,"忘れられし塔5"
2441,"エルフ屋敷の裏口"
2442,"エルフ部屋の鍵情報"
2443,"エルフ姫位置右"
2444,"アルマエルマ再加入"
2445,"ネフィリムウェポン説明"
2446,"ネフィリムウェポン撃破"
2447,"ネフィリムウェポン仲間化"
2448,"天界エスタで初話"
2449,"ジルフェ撃破"
2450,"ノーマレン撃破"
2451,"グランディーネ撃破"
2452,"ギガマンドラ撃破"
2453,"魔界グランゴルド密偵1"
2454,"魔界グランゴルド密偵2"
2455,"魔界グランゴルド密偵3"
2456,"天界グランドノア正面封鎖"
2457,"天界サバサ姉妹脱出"
2458,"魔界サバサ、天使鍛冶遭遇"
2459,"四色の結界話"
2460,"先に魔界駅に"
2461,"天界野営1"
2462,"天界野営2"
2463,"天界野営3"
2464,"ギガントウェポン説明"
2465,"ギガントウェポン撃破"
2466,"ギガントウェポン仲間化"
2467,"魔界サキュバスの村解放1"
2468,"魔界サキュバスの村解放2"
2469,"魔界サキュバスの村解放3"
2470,"魔界サキュバスの村解放4"
2471,"魔界サキュバスの村解放5"
2472,"魔界野営1"
2473,"魔界野営2"
2474,"魔界野営3"
2475,"グリモワール撃破"
2476,"ガタノソア撃破"
2477,"アンブロシア撃破"
2478,"ロア撃破"
2479,"アモス聖山暗転"
2480,"???"
2481,"魔列車暴力C"
2482,"影紬復活"
2483,"クィーンラミア撃破"
2484,"クィーンスキュラ撃破"
2485,"魔王城たまも戦"
2486,"魔王城エルベティエ戦"
2487,"魔王城グランベリア戦"
2488,"魔王城ラファエラ接触"
2489,"魔王城沙蛇接触"
2490,"邪神降臨スイッチ"
2491,"女神降臨スイッチ"
2492,"エスタ橋破壊"
2493,"管理者の塔ワープの間"
2494,"レミナ研究所での会話"
2495,"クローン施設台詞1"
2496,"クローン施設台詞2"
2497,"クローン施設ロック解除"
2498,"野営2トリ"
2499,"野営2ネコ"
2500,"天界四精霊初1"
2501,"天界四精霊初2"
2502,"黒の屋敷ゲート"
2503,"アモス山頂"
2504,"天界ミトラ封印城門番撃破"
2505,"天界神殿イリアス問答"
2506,"魔界サキュバスの村、前村長"
2507,"魔界サキュバスの村、前村長出現"
2508,"魔界サキュバスの村、民家開放"
2509,"魔界サキュバスの村、宿屋開放"
2510,"第三の道BAD"
2511,"グロチェック初回"
2512,"魔界ゴルド火山1"
2513,"魔界水精の泉1"
2514,"エレベーターロック解説"
2515,"カードキー情報"
2516,"カードキー場所情報"
2517,"カードキー取得"
2518,"制御ルーム解除"
2519,"エレベーターロック解除"
2520,"サリエラゲート解除"
2521,"サリエラゲートパネル"
2522,"サリエラ封印破壊"
2523,"サリエラ合流"
2524,"アシェル一時仲間に"
2525,"サバサ攻め説明"
2526,"妖星エルベ1"
2527,"魔界サン・イリア地下の情報"
2528,"魔界サン・イリア地下階段"
2529,"魔界ランドルフ解放"
2530,"魔界ミトラ扉"
2531,"魔界ミトラ初侵入"
2532,"魔界ミトラ初話"
2533,"魔列車ゴールドパス"
2534,"魔列車仲間に"
2535,"魔界封牢1"
2536,"魔界封牢2"
2537,"魔界封牢3"
2538,"魔界封牢4"
2539,"魔界封牢5"
2540,"封牢メフィスト仲間"
2541,"クロムドール仲間"
2542,"闘技場フェルナンデス来訪"
2543,"闘技場フェルナンデス仲間"
2544,"妖星ガブリエラ回収"
2545,"智の同盟研究所データ"
2546,"天界サバサ大陸初"
2547,"天界ルビアナ初"
2548,"天界グランドノア初"
2549,"魔界グランゴルド初"
2550,"兵士イベント強制終了"
2551,"管理者の塔イベント用"
2552,"アルカンシエル仲間"
2553,"ハイヌウェレ仲間"
2554,"アンフィスバエナ仲間"
2555,"ツクヨミ仲間"
2556,"ラプンツェル仲間"
2557,"ゴッダールドッペル撃破"
2558,"天界グランドノア襲撃、ネロ出現"
2559,"魔界ヘルゴンドのほこら初回"
2560,"魔界ラザロ仲間に"
2561,"EDラザロ会話"
2562,"天界グランドノア襲撃ネリス"
2563,"たぬき襲撃1"
2564,"たぬき襲撃2"
2565,"たぬき襲撃3"
2566,"たぬき襲撃4"
2567,"たぬき壺1"
2568,"たぬき壺2"
2569,"魔王城地下レバー"
2570,"天界サバサ戦1"
2571,"天界サバサ戦2"
2572,"天界ゴルド監獄戦1"
2573,"天界ゴルド監獄戦2"
2574,"天界ナタリアポート襲撃1"
2575,"天界ナタリアポート襲撃2"
2576,"天界ナタリアポート襲撃3"
2577,"天界ナタリアポート襲撃4"
2578,"天界ナタリアポート襲撃5"
2579,"天界ラダイト襲撃1"
2580,"天界サンイリアアリス襲撃1"
2581,"天界サンイリアアリス襲撃2"
2582,"天界サンイリアアリス襲撃3"
2583,"天界サンイリアアリス襲撃4"
2584,"天界サンイリアアリス襲撃5"
2585,"天界グランドノアアリス襲撃1"
2586,"天界グランドノアアリス襲撃2"
2587,"天界グランドノアアリス襲撃3"
2588,"天界グランドノアアリス襲撃4"
2589,"天界サバサアリス襲撃1"
2590,"天界サバサアリス襲撃2"
2591,"天界サバサアリス襲撃3"
2592,"天界サバサアリス襲撃4"
2593,"天界グランドノア優勝宝箱"
2594,"魔界グランゴルドモルボル"
2595,"天界グランゴルド魔王鍛冶に会う"
2596,"魔女宝箱の話"
2597,"ラファエラ玉座で転職アイテム"
2598,"滅魔教会砲ゲット"
2599,"魔界サキュバスの村1"
2600,"魔界グランゴルドアミラフラグ"
2601,"魔界グランゴルド城内1"
2602,"魔界グランゴルド城内会話"
2603,"魔界グランドノア戦闘1"
2604,"魔界グランドノア戦闘2"
2605,"魔界グランゴルドエデン"
2606,"魔界ヤマタイ地下二階台詞"
2607,"魔界ナタリアポート海賊1"
2608,"魔界ナタリアポート海賊2"
2609,"魔界ナタリアポート海賊3"
2610,"魔界ナタリアポート海賊4"
2611,"ヘルゴンド洞窟初侵入"
2612,"黒の屋敷ヒミコと話"
2613,"ヒミコ仲間に"
2614,"イザナミ仲間に"
2615,"記憶の場所ソニア記憶"
2616,"アミラ封印城情報"
2617,"魔界エッチ本取得"
2618,"ラファエラ依頼完了"
2619,"メタサン話1"
2620,"メタサン話2"
2621,"メタサン話3"
2622,"メタサン話4"
2623,"メタサン話5"
2624,"メタサン話6"
2625,"ヘビ人形ゲット"
2626,"イカ人形ゲット"
2627,"神武器回収1"
2628,"神武器回収2"
2629,"神武器回収3"
2630,"蛭蟲食事1"
2631,"蛭蟲食事2"
2632,"蛭蟲食事3"
2633,"宝箱：天界サバサ城"
2634,"宝箱：天界グランゴルド城1"
2635,"宝箱：天界グランゴルド城2"
2636,"宝箱：天界グランドノア城1"
2637,"宝箱：天界グランドノア城2"
2638,"宝箱：天界グランドノア城3"
2639,"宝箱：天界グランドノア城4"
2640,"宝箱：天界グランドノア城5"
2641,"宝箱：天界グランドノア城6"
2642,"宝箱：天界グランドノア城7"
2643,"魔界サンイリア襲撃1"
2644,"魔界サンイリア襲撃2"
2645,"魔界サンイリア襲撃3"
2646,"魔界サンイリア襲撃4"
2647,"宝箱：魔界サキュバス屋敷1"
2648,"宝箱：魔界サキュバス屋敷2"
2649,"宝箱：魔界サキュバス屋敷3"
2650,"宝箱：魔界サキュバス屋敷4"
2651,"宝箱：魔界サキュバス屋敷5"
2652,"宝箱：魔界サキュバス屋敷6"
2653,"宝箱：魔界サキュバス屋敷7"
2654,"宝箱：魔界サキュバス屋敷8"
2655,"宝箱：魔界グランゴルド城1"
2656,"宝箱：魔界グランゴルド城2"
2657,"宝箱：魔界グランゴルド城3"
2658,"宝箱：魔界グランゴルド城4"
2659,"宝箱：魔界グランゴルド城5"
2660,"宝箱：魔界グランゴルド城6"
2661,"宝箱：魔界グランゴルド城7"
2662,"宝箱：魔界グランゴルド城8"
2663,"宝箱：魔界グランゴルド城9"
2664,"宝箱：魔界グランドノア城1"
2665,"宝箱：魔界グランドノア城2"
2666,"宝箱：魔界グランドノア城3"
2667,"宝箱：魔界グランドノア城4"
2668,"宝箱：魔界グランドノア城5"
2669,"宝箱：魔界グランドノア城6"
2670,"宝箱：魔界グランドノア城7"
2671,"宝箱：魔界グランドノア城8"
2672,"宝箱：魔界グランドノア城9"
2673,"宝箱：魔界グランドノア城10"
2674,"宝箱：魔界グランドノア城11"
2675,"宝箱：魔界グランドノア城12"
2676,"宝箱：魔界ヤマタイ1"
2677,"宝箱：魔界ヤマタイ2"
2678,"宝箱：魔界ヤマタイ3"
2679,"宝箱：魔界ヤマタイ4"
2680,"宝箱：魔界ヤマタイ5"
2681,"宝箱：魔界ヤマタイ6"
2682,"宝箱：魔界ヤマタイ7"
2683,"宝箱：魔界ヤマタイ8"
2684,"宝箱：魔界ヤマタイ9"
2685,"宝箱：魔界ヤマタイ10"
2686,"宝箱：魔界ヤマタイ11"
2687,"宝箱：魔界ヤマタイ12"
2688,"宝箱：魔界サンイリア1"
2689,"宝箱：魔界サンイリア2"
2690,"宝箱：魔界サンイリア3"
2691,"宝箱：魔界サンイリア4"
2692,"宝箱：魔界サンイリア5"
2693,"宝箱：魔界サンイリア6"
2694,"宝箱：魔界サンイリア7"
2695,"宝箱：魔界サンイリア8"
2696,"宝箱：デミウルゴス1"
2697,"宝箱：デミウルゴス2"
2698,"宝箱：デミウルゴス3"
2699,"宝箱：デミウルゴス4"
2700,"宝箱：デミウルゴス5"
2701,"宝箱：魔界サンイリアb1"
2702,"宝箱：魔界サンイリアb2"
2703,"宝箱：魔界サンイリアb3"
2704,"宝箱：魔界サンイリアb4"
2705,"宝箱：魔界サンイリアb5"
2706,"宝箱：魔界サンイリアb6"
2707,"宝箱：魔界サンイリアb7"
2708,"邪神城秘石説明"
2709,"宝箱：天界サン・イリア1"
2710,"天界グランゴルド地下牢の鍵"
2711,"天界グランゴルドショートカット"
2712,"BFカンナ解放"
2713,"天界グランドノア襲撃ネロネリス出現"
2714,"天界サバサ襲撃マルケルス出現"
2715,"魔界グランドノア地下宝箱"
2716,"魔界ゴルド大陸到着"
2717,"宝箱：魔界サンイリアc1"
2718,"宝箱：魔界サンイリアc2"
2719,"宝箱：陸棲種の封印玉"
2720,"蛭蟲分裂体撃破"
2721,"記憶の場所3ソニア話"
2722,"宝箱：魔界サキュバス屋敷"
2723,"宝箱：魔界グランゴルド城10"
2724,"宝箱：魔界グランゴルド城11"
2725,"グランゴルド地下水路扉"
2726,"グランゴルド城内扉"
2727,"邪神城ワープ装置"
2728,"魔界マップ修正1"
2729,"魔界マップ修正2"
2730,"魔界マップ修正3"
2731,"魔界マップ修正4"
2732,"魔界マップ修正5"
2733,"魔界サンイリア修正1"
2734,"魔界サンイリア修正2"
2735,"魔界サンイリア修正3"
2736,"魔界サンイリア修正4"
2737,"イリアス神殿ワープ装置"
2738,"魔界ゴルドポート行き過ぎ"
2739,"魔界グランゴルド脱獄イベント中"
2740,"エスタタルタロス侵入"
2741,"魔列車でゴルド大陸到着"
2742,"魔界アルラウネ封印玉取得"
2743,"魔界エンリカから影紬復活イベント"
2744,"魔界ゴルド砦抜ける"
2745,"天界ヘルゴンド大陸到着"
2746,"デミウルゴス心臓破壊後"
2747,"魔界封牢エデンセリフ"
2748,"宝箱：天界レミナ大教会"
2749,"崩壊ポケット魔王城、三姉妹足止め"
2750,"ラグナロク入手"
2751,"ヴァニラ：マギステア"
2752,"ヴァニラ：エルフ商人"
2753,"ヴァニラ：スノウヘブン"
2754,"管理者の塔、イベント管理用"
2755,"破滅事象の禁壁イベント"
2756,"パンツコンプイベント"
2757,"???"
2758,"???"
2759,"???"
2760,"???"
2761,"???"
2762,"???"
2763,"???"
2764,"???"
2765,"???"
2766,"???"
2767,"???"
2768,"???"
2769,"???"
2770,"???"
2771,"???"
2772,"???"
2773,"???"
2774,"???"
2775,"???"
2776,"???"
2777,"???"
2778,"???"
2779,"???"
2780,"???"
2781,"???"
2782,"???"
2783,"???"
2784,"???"
2785,"???"
2786,"???"
2787,"???"
2788,"???"
2789,"???"
2790,"???"
2791,"???"
2792,"???"
2793,"???"
2794,"???"
2795,"???"
2796,"???"
2797,"???"
2798,"???"
2799,"???"
2800,"???"
2801,"???"
2802,"???"
2803,"???"
2804,"???"
2805,"???"
2806,"???"
2807,"???"
2808,"???"
2809,"???"
2810,"???"
2811,"???"
2812,"???"
2813,"???"
2814,"???"
2815,"???"
2816,"???"
2817,"???"
2818,"???"
2819,"???"
2820,"???"
2821,"???"
2822,"???"
2823,"???"
2824,"???"
2825,"???"
2826,"???"
2827,"???"
2828,"???"
2829,"???"
2830,"???"
2831,"???"
2832,"???"
2833,"???"
2834,"???"
2835,"???"
2836,"???"
2837,"???"
2838,"???"
2839,"???"
2840,"???"
2841,"???"
2842,"???"
2843,"???"
2844,"???"
2845,"???"
2846,"???"
2847,"???"
2848,"???"
2849,"???"
2850,"???"
2851,"???"
2852,"???"
2853,"???"
2854,"???"
2855,"???"
2856,"???"
2857,"???"
2858,"???"
2859,"???"
2860,"???"
2861,"???"
2862,"???"
2863,"???"
2864,"???"
2865,"???"
2866,"???"
2867,"???"
2868,"???"
2869,"???"
2870,"???"
2871,"???"
2872,"???"
2873,"???"
2874,"???"
2875,"???"
2876,"???"
2877,"???"
2878,"???"
2879,"???"
2880,"???"
2881,"???"
2882,"???"
2883,"???"
2884,"???"
2885,"???"
2886,"???"
2887,"???"
2888,"???"
2889,"???"
2890,"???"
2891,"???"
2892,"???"
2893,"???"
2894,"???"
2895,"???"
2896,"???"
2897,"???"
2898,"???"
2899,"???"
2900,"???"
2901,"ランパス助ける"
2902,"ランパス十字路正面案"
2903,"十字路正面"
2904,"十字路左"
2905,"十字路右"
2906,"ノビッサ立ち去る"
2907,"リジェオ会話"
2908,"マガツ会話"
2909,"リジェオ踊り子"
2910,"リジェオくのいち"
2911,"リジェオ魔法少女"
2912,"グランドノア魔城化"
2913,"躯1"
2914,"羊娘に酒あげる"
2915,"統べる冠宝箱"
2916,"会議室自由時間"
2917,"竜石宝箱"
2918,"玉藻ラファ救援イベント"
2919,"カズヤループ"
2920,"狐登場"
2921,"ヤマタイ回想"
2922,"図書室ドア"
2923,"スノウヘブン初回台詞"
2924,"ミュスカフィノア"
2925,"ヤマタイ初回台詞"
2926,"狐神社初回台詞"
2927,"T1-1"
2928,"T1-2"
2929,"T1-3"
2930,"T2-1"
2931,"T2-2"
2932,"T2-3"
2933,"T3-1"
2934,"T3-2"
2935,"T3-3"
2936,"T3-4"
2937,"T4-1"
2938,"T4-2"
2939,"T4-3"
2940,"T5-1"
2941,"T5-2"
2942,"T5-3"
2943,"T6-1"
2944,"T6-2"
2945,"T6-3"
2946,"T7-1"
2947,"T7-2"
2948,"T7-3"
2949,"T8-1"
2950,"T8-2"
2951,"T8-3"
2952,"T9-1"
2953,"T9-2"
2954,"T9-3"
2955,"T10-1"
2956,"T10-2"
2957,"T10-3"
2958,"おひつじさま"
2959,"トゥーロマンサクリスタル"
2960,"隠し部屋"
2961,"プロメスまほろばイベント"
2962,"3人ランパス消滅"
2963,"フィールドBGM設定用"
2964,"???"
2965,"???"
2966,"???"
2967,"???"
2968,"???"
2969,"???"
2970,"???"
2971,"???"
2972,"???"
2973,"???"
2974,"???"
2975,"???"
2976,"???"
2977,"???"
2978,"???"
2979,"???"
2980,"???"
2981,"???"
2982,"???"
2983,"???"
2984,"???"
2985,"???"
2986,"???"
2987,"???"
2988,"???"
2989,"???"
2990,"???"
2991,"???"
2992,"???"
2993,"???"
2994,"???"
2995,"???"
2996,"???"
2997,"???"
2998,"???"
2999,"???"
3000,"???"
3001,"光の塔1Fスイッチ1"
3002,"光の塔1Fスイッチ2"
3003,"光の塔2Fスイッチ"
3004,"光の塔3Fスイッチ"
3005,"光の塔5Fスイッチ1"
3006,"光の塔5Fスイッチ2"
3007,"光の塔6Fスイッチ"
3008,"光の塔7Fスイッチ1"
3009,"光の塔7Fスイッチ2"
3010,"光の塔7F水抜き"
3011,"光の塔8Fスイッチ1"
3012,"光の塔8Fスイッチ2"
3013,"光の塔8F水抜き"
3014,"光の塔9Fスイッチ1"
3015,"光の塔9Fスイッチ2"
3016,"闇の塔1Fスイッチ1"
3017,"闇の塔1Fスイッチ2"
3018,"闇の塔5Fスイッチ"
3019,"闇の塔6Fスイッチ1"
3020,"闇の塔6Fスイッチ2"
3021,"闇の塔7FスイッチA"
3022,"闇の塔7FスイッチB"
3023,"闇の塔7FスイッチC"
3024,"闇の塔7FスイッチD"
3025,"闇の塔7FスイッチE"
3026,"闇の塔7FスイッチF"
3027,"闇の塔7FスイッチG"
3028,"闇の塔7FスイッチH"
3029,"迷いの森結界セリフ"
3030,"混沌風精仲間に"
3031,"混沌土精仲間に"
3032,"混沌水精仲間に"
3033,"混沌火精仲間に"
3034,"魔界エデン・天界四天王復帰"
3035,"神の鍵入手"
3036,"ラファエラ神殿呼ぶ"
3037,"ラファエラ神殿到着"
3038,"ガブリエラ神殿呼ぶ"
3039,"ガブリエラ神殿到着"
3040,"ウリエラ神殿呼ぶ"
3041,"ウリエラ神殿到着"
3042,"サリエラ神殿呼ぶ"
3043,"サリエラ神殿到着"
3044,"双子姉妹神殿呼ぶ"
3045,"双子姉妹神殿到着"
3046,"玉藻神殿呼ぶ"
3047,"玉藻神殿到着"
3048,"魅凪神殿呼ぶ"
3049,"魅凪神殿到着"
3050,"禍撫神殿呼ぶ"
3051,"禍撫神殿到着"
3052,"蛭蟲神殿呼ぶ"
3053,"蛭蟲神殿到着"
3054,"華音神殿呼ぶ"
3055,"華音神殿到着"
3056,"サン・イリア王仲間に"
3057,"トリネコ仲間に"
3058,"グランゴルド王仲間に"
3059,"スフィンクス仲間に"
3060,"混沌精霊初回"
3061,"ガブリエラ仲間に"
3062,"デミウルゴスイベント終了"
3063,"クィーンビー撃破"
3064,"クィーンアント撃破"
3065,"蜘蛛之皇女撃破"
3066,"クィーンローチ撃破"
3067,"アサシン四人衆仲間に"
3068,"クィーンスキュラ救援"
3069,"クィーンラミア救援"
3070,"エヴァ仲間に"
3071,"七つの大罪撃破"
3072,"光の塔、白天狐撃破"
3073,"闇の塔、妙法絡新婦撃破"
3074,"リリス体内、小腸"
3075,"リリス体内、子宮到達"
3076,"グノーシス仲間に"
3077,"魔神撃破"
3078,"鬼神撃破"
3079,"女神撃破"
3080,"ワールドブレイカー撃破"
3081,"ジャッジメント撃破"
3082,"沙蛇仲間に"
3083,"玉藻仲間に"
3084,"魅凪仲間に"
3085,"華音仲間に"
3086,"禍撫仲間に"
3087,"蛭蟲仲間に"
3088,"ミカエラ仲間に"
3089,"ラファエラ仲間に"
3090,"ガブリエラ仲間に"
3091,"ウリエラ仲間に"
3092,"サリエラ仲間に"
3093,"双子天使仲間に"
3094,"混沌相克BAD"
3095,"天界エデン仲間に"
3096,"石版の事を知っている"
3097,"ミトラ秘石初入手"
3098,"ワールドドロウン本サン・イリア"
3099,"マキナ鍛冶1"
3100,"マキナ鍛冶2"
3101,"親方発見"
3102,"親方発見"
3103,"親方発見"
3104,"親方発見"
3105,"親方発見"
3106,"親方発見"
3107,"親方発見"
3108,"親方発見"
3109,"親方発見"
3110,"親方発見"
3111,"親方発見"
3112,"親方発見"
3113,"親方発見"
3114,"親方発見"
3115,"親方発見"
3116,"親方発見"
3117,"親方発見"
3118,"親方発見"
3119,"親方発見"
3120,"親方発見"
3121,"親方発見"
3122,"親方発見"
3123,"親方発見"
3124,"親方発見"
3125,"親方発見"
3126,"親方発見"
3127,"親方発見"
3128,"親方発見"
3129,"親方発見"
3130,"親方発見"
3131,"親方発見"
3132,"親方発見"
3133,"親方発見"
3134,"親方発見"
3135,"親方発見"
3136,"親方発見"
3137,"親方発見"
3138,"親方発見"
3139,"親方発見"
3140,"親方発見"
3141,"親方発見"
3142,"親方発見"
3143,"親方発見"
3144,"親方発見"
3145,"親方発見"
3146,"親方発見"
3147,"親方発見"
3148,"親方発見"
3149,"親方発見"
3150,"親方発見"
3151,"親方発見"
3152,"親方発見"
3153,"親方発見"
3154,"親方発見"
3155,"親方発見"
3156,"親方発見"
3157,"親方発見"
3158,"親方発見"
3159,"親方発見"
3160,"親方発見"
3161,"親方発見"
3162,"親方発見"
3163,"親方発見"
3164,"親方発見"
3165,"親方発見"
3166,"親方発見"
3167,"親方発見"
3168,"親方発見"
3169,"親方発見"
3170,"親方発見"
3171,"親方発見"
3172,"親方発見"
3173,"親方発見"
3174,"親方発見"
3175,"親方発見"
3176,"親方発見"
3177,"親方発見"
3178,"親方発見"
3179,"親方発見"
3180,"親方発見"
3181,"求道者鍛冶イベント開始"
3182,"ヤマタイ究極製法書受け取る"
3183,"混沌ラザロ仲間に"
3184,"四精・黄龍台座1"
3185,"四精・黄龍台座2"
3186,"四精・黄龍台座3"
3187,"四精・黄龍台座4"
3188,"三闘神撃破判定"
3189,"アドラメレク寸断"
3190,"深き混沌、ゲート出現"
3191,"イリアス神殿中層ワープ"
3192,"イリアス神殿上層ワープ"
3193,"邪神城ワープ"
3194,"封魔の洞窟ワープ"
3195,"エキドナ準備完了"
3196,"機械要塞ワープ"
3197,"エヴァ立てこもり聞く"
3198,"邪神城施錠"
3199,"ドッペル四人仲間に"
3200,"深き混沌クリスタル"
3201,"スフィンクス仲間に"
3202,"魔王人形初見"
3203,"人形戻し初見"
3204,"アリス3世仲間"
3205,"アリス4世仲間"
3206,"アリス5世仲間"
3207,"アリス6世仲間"
3208,"アリス7世仲間"
3209,"アリス9世仲間"
3210,"アリス10世仲間"
3211,"アリス11+12世仲間"
3212,"アリス13世仲間"
3213,"アリス14世仲間"
3214,"アリス3世情報"
3215,"アリス4世情報"
3216,"アリス5世情報"
3217,"アリス6世情報"
3218,"アリス7世情報"
3219,"アリス9世情報"
3220,"アリス10世情報"
3221,"アリス11+12世情報"
3222,"アリス13世情報"
3223,"アリス14世情報"
3224,"中央タルタロス野営"
3225,"野営アリスイリアス話"
3226,"野営モリガンシオン話"
3227,"野営アスタロトグノーシス話"
3228,"グランゴルドワープ1"
3229,"グランゴルドワープ2"
3230,"情報屋、ノーライフキング情報"
3231,"サン・イリア局長密談"
3232,"ダフネル婦人に教える"
3233,"お化け屋敷人形3"
3234,"台所昇天"
3235,"食堂昇天"
3236,"グランドノア攻め、突破2"
3237,"グランドノア攻め、突破1"
3238,"グランドノア攻め、突破3"
3239,"ハインリヒ、ボムスライム斬り"
3240,"ハーピーの集落襲撃1"
3241,"ハーピーの集落襲撃2"
3242,"ハーピーの集落襲撃3"
3243,"ハーピーの集落襲撃4"
3244,"ロストルム襲撃1"
3245,"ロストルム襲撃2"
3246,"ロストルム襲撃3"
3247,"ナタリアポート襲撃1"
3248,"ナタリアポート襲撃2"
3249,"サン・イリア襲撃1"
3250,"サン・イリア襲撃2"
3251,"サン・イリア襲撃3"
3252,"サン・イリア襲撃4"
3253,"サン・イリア襲撃5"
3254,"サン・イリア襲撃6"
3255,"サン・イリア襲撃ハインリヒ"
3256,"ポケット魔王城陥落、ドール蹴り"
3257,"ポケット魔王城陥落、エヴァ落下"
3258,"ポケット魔王城陥落、犬娘落下"
3259,"通常エヴァ仲間に"
3260,"サラ仲間に"
3261,"ヒミコ仲間に"
3262,"イザナミ仲間に"
3263,"レミナだっこ"
3264,"コンスタンツェだっこ"
3265,"嫉妬イベント保留"
3266,"色情イベント保留"
3267,"憤怒イベント保留"
3268,"傲慢イベント保留"
3269,"暴食イベント保留"
3270,"怠惰イベント保留"
3271,"混沌パイパイ初話"
3272,"ハーピー集落宝箱"
3273,"イリアスヴィル宝箱1"
3274,"イリアスヴィル宝箱2"
3275,"イリアスヴィル宝箱3"
3276,"イリアスヴィル宝箱4"
3277,"イリアスヴィル宝箱5"
3278,"イリアスヴィル宝箱6"
3279,"イリアスヴィル宝箱7"
3280,"イリアスヴィル宝箱8"
3281,"イリアスヴィル宝箱9"
3282,"イリアスヴィル宝箱10"
3283,"イリアスヴィル宝箱11"
3284,"ナタリアポート宝箱1"
3285,"ナタリアポート宝箱2"
3286,"ナタリアポート宝箱3"
3287,"ナタリアポート宝箱4"
3288,"サン・イリア宝箱1"
3289,"サン・イリア宝箱2"
3290,"サン・イリア宝箱3"
3291,"サン・イリア宝箱4"
3292,"サン・イリア宝箱5"
3293,"サン・イリア宝箱6"
3294,"サン・イリア宝箱7"
3295,"サン・イリア宝箱8"
3296,"サン・イリア宝箱9"
3297,"サン・イリア宝箱10"
3298,"サン・イリア宝箱11"
3299,"サン・イリア宝箱12"
3300,"サン・イリア宝箱13"
3301,"ラダイト宝箱1"
3302,"ラダイト宝箱2"
3303,"ラダイト宝箱3"
3304,"ラダイト宝箱4"
3305,"ラダイト宝箱5"
3306,"ラダイト宝箱6"
3307,"ラダイト宝箱7"
3308,"ラダイト宝箱8"
3309,"ラダイト宝箱9"
3310,"ラダイト宝箱10"
3311,"モンテカルロ宝箱1"
3312,"モンテカルロ宝箱2"
3313,"モンテカルロ宝箱3"
3314,"モンテカルロ宝箱4"
3315,"グランドノア宝箱1"
3316,"グランドノア宝箱2"
3317,"エスタ宝箱1"
3318,"エスタ宝箱2"
3319,"ゴルドポート宝箱1"
3320,"ゴルドポート宝箱2"
3321,"ゴルドポート宝箱3"
3322,"ゴルドポート宝箱4"
3323,"ゴルドポート宝箱5"
3324,"ゴルドポート宝箱6"
3325,"ゴルドポート宝箱7"
3326,"ゴルドポート宝箱8"
3327,"ゴルドポート宝箱9"
3328,"ゴルドポート宝箱10"
3329,"ゴルドポート宝箱11"
3330,"光の塔宝箱1"
3331,"カオスの領域混沌・溶岩除去スイッチ"
3332,"カオスの領域混沌・橋開通"
3333,"カオスの領域混沌・ゲート開放"
3334,"カオスの領域混沌・扉開放"
3335,"カオスの領域混沌・溶岩消失"
3336,"カオスの領域混沌・森消失"
3337,"カオスの領域闇・橋出現1"
3338,"カオスの領域闇・扉爆破"
3339,"カオスの領域闇・ゲート開放"
3340,"カオスの領域闇・橋出現2"
3341,"カオスの領域闇・最終ゲート解除1"
3342,"カオスの領域闇・最終ゲート解除2"
3343,"カオスの領域光・ゲート解除1/2"
3344,"カオスの領域光・ゲート解除2/2"
3345,"カオスの領域光・ゲート解除"
3346,"カオスの領域光・橋出現"
3347,"カオスの領域光・最終ゲート解除"
3348,"カオスの領域宝箱1-1"
3349,"カオスの領域宝箱1-2"
3350,"カオスの領域宝箱1-3"
3351,"カオスの領域宝箱1-4"
3352,"カオスの領域宝箱1-5"
3353,"カオスの領域宝箱1-6"
3354,"カオスの領域宝箱1-7"
3355,"カオスの領域宝箱1-8"
3356,"カオスの領域宝箱1-9"
3357,"カオスの領域宝箱1-10"
3358,"カオスの領域宝箱1-11"
3359,"カオスの領域宝箱1-12"
3360,"カオスの領域宝箱1-13"
3361,"カオスの領域宝箱1-14"
3362,"カオスの領域宝箱1-15"
3363,"カオスの領域宝箱1-16"
3364,"カオスの領域宝箱1-17"
3365,"カオスの領域宝箱1-18"
3366,"カオスの領域宝箱1-19"
3367,"カオスの領域宝箱1-20"
3368,"カオスの領域宝箱1-21"
3369,"カオスの領域宝箱1-22"
3370,"カオスの領域宝箱1-23"
3371,"カオスの領域宝箱1-24"
3372,"カオスの領域宝箱1-25"
3373,"カオスの領域宝箱2-1"
3374,"カオスの領域宝箱2-2"
3375,"カオスの領域宝箱2-3"
3376,"カオスの領域宝箱2-4"
3377,"カオスの領域宝箱2-5"
3378,"カオスの領域宝箱2-6"
3379,"カオスの領域宝箱2-7"
3380,"カオスの領域宝箱2-8"
3381,"カオスの領域宝箱2-9"
3382,"カオスの領域宝箱2-10"
3383,"カオスの領域宝箱2-11"
3384,"カオスの領域宝箱2-12"
3385,"カオスの領域宝箱2-13"
3386,"カオスの領域宝箱2-14"
3387,"カオスの領域宝箱2-15"
3388,"カオスの領域宝箱2-16"
3389,"カオスの領域宝箱2-17"
3390,"カオスの領域宝箱2-18"
3391,"カオスの領域宝箱2-19"
3392,"カオスの領域宝箱2-20"
3393,"カオスの領域宝箱2-21"
3394,"カオスの領域ワープ混沌A-1"
3395,"カオスの領域ワープ混沌A-2"
3396,"カオスの領域ワープ混沌B-1"
3397,"カオスの領域ワープ混沌B-2"
3398,"カオスの領域ワープ混沌B-3"
3399,"カオスの領域ワープ混沌C-1"
3400,"カオスの領域ワープ混沌C-2"
3401,"カオスの領域ワープ混沌C-3"
3402,"カオスの領域ワープ混沌D-1"
3403,"カオスの領域ワープ混沌D-2"
3404,"カオスの領域ワープ混沌D-3"
3405,"カオスの領域ワープ混沌魔神の間"
3406,"カオスの領域ワープ混沌最奥"
3407,"カオスの領域ワープ光A-1"
3408,"カオスの領域ワープ光A-2"
3409,"カオスの領域ワープ光A-3"
3410,"カオスの領域ワープ光B-1"
3411,"カオスの領域ワープ光B-2"
3412,"カオスの領域ワープ光B-3"
3413,"カオスの領域ワープ光C-1"
3414,"カオスの領域ワープ光C-2"
3415,"カオスの領域ワープ光D-1"
3416,"カオスの領域ワープ光D-2"
3417,"カオスの領域ワープ光D-3"
3418,"カオスの領域ワープ光女神の間"
3419,"カオスの領域ワープ光最奥"
3420,"カオスの領域ワープ闇A-1"
3421,"カオスの領域ワープ闇A-2"
3422,"カオスの領域ワープ闇B-1"
3423,"カオスの領域ワープ闇B-2"
3424,"カオスの領域ワープ闇B-3"
3425,"カオスの領域ワープ闇C-1"
3426,"カオスの領域ワープ闇C-2"
3427,"カオスの領域ワープ闇C-3"
3428,"カオスの領域ワープ闇D-1"
3429,"カオスの領域ワープ闇D-2"
3430,"カオスの領域ワープ闇D-3"
3431,"カオスの領域ワープ闇鬼神の間"
3432,"カオスの領域ワープ闇最奥"
3433,"グランゴルド監獄解錠"
3434,"バアルゼブブ出現イベント"
3435,"レド山ワープ：蜂"
3436,"レド山ワープ：蟻"
3437,"レド山ワープ：蜘蛛"
3438,"レド山ワープ：ゴキブリ"
3439,"レド山ワープ：中核"
3440,"光の塔と闇の塔見つける"
3441,"エスタ宝箱"
3442,"コンスタンツェ待機"
3443,"エクスソニアイベント開始"
3444,"3パーティ合流"
3445,"モンテカルロチンピラ"
3446,"アミラCD"
3447,"研究所クロム会話"
3448,"コズミックウーマン停滞1"
3449,"コズミックウーマン停滞2"
3450,"封魔の洞窟ジャンプ"
3451,"呪われし海底神殿ジャンプ"
3452,"ポルノフ避難先入る"
3453,"七大天使二次秘石"
3454,"異種選択リバース"
3455,"混沌メダル王会う"
3456,"サイバーナイト仲間に"
3457,"ルカ女装"
3458,"だっこレミナ、ルカ暴走"
3459,"だっこコンス、ルカ暴走"
3460,"イリアス神殿宝箱"
3461,"ルカコス初回"
3462,"混沌プロフェッサー初回"
3463,"サキュバスコス着替え初回"
3464,"サキュバスコス着替え初回2"
3465,"水精の泉ワープクリスタル"
3466,"ゴルド火山ワープクリスタル"
3467,"精霊の森ワープクリスタル"
3468,"サファル砂漠遺跡ワープクリスタル"
3469,"呪われし海底神殿ワープクリスタル"
3470,"星の中核ワープクリスタル"
3471,"オロチの洞ワープクリスタル"
3472,"デミウルゴスワープクリスタル"
3473,"嫉妬の殿堂ワープクリスタル"
3474,"憤怒の殿堂ワープクリスタル"
3475,"暴食の殿堂ワープクリスタル"
3476,"色欲の殿堂ワープクリスタル"
3477,"傲慢の殿堂ワープクリスタル"
3478,"人形遣いの塔ワープクリスタル"
3479,"光の塔ワープクリスタル"
3480,"闇の塔ワープクリスタル"
3481,"リリス体内魔導船移動"
3482,"侵蝕デミウルゴスワープクリスタル"
3483,"管理者の塔ワープクリスタル"
3484,"黒の屋敷ワープクリスタル"
3485,"記憶の場所ワープクリスタル"
3486,"蓬莱山ワープクリスタル"
3487,"混沌ルカ着替え初回"
3488,"ヒーロー集結イベント"
3489,"影紬お茶汲みイベント"
3490,"異星人発見"
3491,"混沌の領域野営"
3492,"混沌野営シオンモリガン"
3493,"星条旗発見"
3494,"ナビ用：光の塔1F魔法陣"
3495,"ナビ用：光の塔5F扉"
3496,"ナビ用：光の塔6F"
3497,"ナビ用：闇の塔1F"
3498,"ナビ用：闇の塔6F"
3499,"ワイティエル会議：サリエラ"
3500,"ワイティエル会議：ラファエラ"
3501,"ワイティエル会議：ガブリエラ"
3502,"ワイティエル会議：ウリエラ"
3503,"ワイティエル会議：双子"
3504,"ワイティエル会議：ミカエラ"
3505,"???"
3506,"???"
3507,"???"
3508,"???"
3509,"???"
3510,"???"
3511,"???"
3512,"???"
3513,"???"
3514,"???"
3515,"???"
3516,"???"
3517,"???"
3518,"???"
3519,"???"
3520,"???"
3521,"???"
3522,"???"
3523,"???"
3524,"???"
3525,"???"
3526,"???"
3527,"???"
3528,"???"
3529,"???"
3530,"???"
3531,"???"
3532,"???"
3533,"???"
3534,"???"
3535,"???"
3536,"???"
3537,"???"
3538,"???"
3539,"???"
3540,"???"
3541,"???"
3542,"???"
3543,"???"
3544,"???"
3545,"???"
3546,"???"
3547,"???"
3548,"???"
3549,"???"
3550,"???"
3551,"???"
3552,"???"
3553,"???"
3554,"???"
3555,"???"
3556,"???"
3557,"???"
3558,"???"
3559,"???"
3560,"???"
3561,"???"
3562,"???"
3563,"???"
3564,"???"
3565,"???"
3566,"???"
3567,"???"
3568,"???"
3569,"???"
3570,"???"
3571,"???"
3572,"???"
3573,"???"
3574,"???"
3575,"???"
3576,"???"
3577,"???"
3578,"???"
3579,"???"
3580,"???"
3581,"???"
3582,"???"
3583,"???"
3584,"???"
3585,"???"
3586,"???"
3587,"???"
3588,"???"
3589,"???"
3590,"???"
3591,"???"
3592,"???"
3593,"???"
3594,"???"
3595,"???"
3596,"???"
3597,"???"
3598,"???"
3599,"???"
3600,"???"
3601,"???"
3602,"???"
3603,"???"
3604,"???"
3605,"???"
3606,"???"
3607,"???"
3608,"???"
3609,"???"
3610,"???"
3611,"???"
3612,"???"
3613,"???"
3614,"???"
3615,"???"
3616,"???"
3617,"???"
3618,"???"
3619,"???"
3620,"???"
3621,"???"
3622,"???"
3623,"???"
3624,"???"
3625,"???"
3626,"???"
3627,"???"
3628,"???"
3629,"???"
3630,"???"
3631,"???"
3632,"???"
3633,"???"
3634,"???"
3635,"???"
3636,"???"
3637,"???"
3638,"???"
3639,"???"
3640,"???"
3641,"???"
3642,"???"
3643,"???"
3644,"???"
3645,"???"
3646,"???"
3647,"???"
3648,"???"
3649,"???"
3650,"???"
3651,"???"
3652,"???"
3653,"???"
3654,"???"
3655,"???"
3656,"???"
3657,"???"
3658,"???"
3659,"???"
3660,"???"
3661,"???"
3662,"???"
3663,"???"
3664,"???"
3665,"???"
3666,"???"
3667,"???"
3668,"???"
3669,"???"
3670,"???"
3671,"???"
3672,"???"
3673,"???"
3674,"???"
3675,"???"
3676,"???"
3677,"???"
3678,"???"
3679,"???"
3680,"???"
3681,"???"
3682,"???"
3683,"???"
3684,"???"
3685,"???"
3686,"???"
3687,"???"
3688,"???"
3689,"???"
3690,"???"
3691,"???"
3692,"???"
3693,"???"
3694,"???"
3695,"???"
3696,"???"
3697,"???"
3698,"???"
3699,"???"
3700,"???"
3701,"???"
3702,"???"
3703,"???"
3704,"???"
3705,"???"
3706,"???"
3707,"???"
3708,"???"
3709,"???"
3710,"???"
3711,"???"
3712,"???"
3713,"???"
3714,"???"
3715,"???"
3716,"???"
3717,"???"
3718,"???"
3719,"???"
3720,"???"
3721,"???"
3722,"???"
3723,"???"
3724,"???"
3725,"???"
3726,"???"
3727,"???"
3728,"???"
3729,"???"
3730,"???"
3731,"???"
3732,"???"
3733,"???"
3734,"???"
3735,"???"
3736,"???"
3737,"???"
3738,"???"
3739,"???"
3740,"???"
3741,"???"
3742,"???"
3743,"???"
3744,"???"
3745,"???"
3746,"???"
3747,"???"
3748,"???"
3749,"???"
3750,"???"
3751,"???"
3752,"???"
3753,"???"
3754,"???"
3755,"???"
3756,"???"
3757,"???"
3758,"???"
3759,"???"
3760,"???"
3761,"???"
3762,"???"
3763,"???"
3764,"???"
3765,"???"
3766,"???"
3767,"???"
3768,"???"
3769,"???"
3770,"???"
3771,"???"
3772,"???"
3773,"???"
3774,"???"
3775,"???"
3776,"???"
3777,"???"
3778,"???"
3779,"???"
3780,"???"
3781,"???"
3782,"???"
3783,"???"
3784,"???"
3785,"???"
3786,"???"
3787,"???"
3788,"???"
3789,"???"
3790,"???"
3791,"???"
3792,"???"
3793,"???"
3794,"???"
3795,"???"
3796,"???"
3797,"???"
3798,"???"
3799,"???"
3800,"???"
3801,"???"
3802,"???"
3803,"???"
3804,"???"
3805,"???"
3806,"???"
3807,"???"
3808,"???"
3809,"???"
3810,"???"
3811,"???"
3812,"???"
3813,"???"
3814,"???"
3815,"???"
3816,"???"
3817,"???"
3818,"???"
3819,"???"
3820,"???"
3821,"???"
3822,"???"
3823,"???"
3824,"???"
3825,"???"
3826,"???"
3827,"???"
3828,"???"
3829,"???"
3830,"???"
3831,"???"
3832,"???"
3833,"???"
3834,"???"
3835,"???"
3836,"???"
3837,"???"
3838,"???"
3839,"???"
3840,"???"
3841,"???"
3842,"???"
3843,"???"
3844,"???"
3845,"???"
3846,"???"
3847,"???"
3848,"???"
3849,"???"
3850,"???"
3851,"???"
3852,"???"
3853,"???"
3854,"???"
3855,"???"
3856,"???"
3857,"???"
3858,"???"
3859,"???"
3860,"???"
3861,"???"
3862,"???"
3863,"???"
3864,"???"
3865,"???"
3866,"???"
3867,"???"
3868,"???"
3869,"???"
3870,"???"
3871,"???"
3872,"???"
3873,"???"
3874,"???"
3875,"???"
3876,"???"
3877,"???"
3878,"???"
3879,"???"
3880,"???"
3881,"???"
3882,"???"
3883,"???"
3884,"???"
3885,"???"
3886,"???"
3887,"???"
3888,"???"
3889,"???"
3890,"???"
3891,"???"
3892,"???"
3893,"???"
3894,"???"
3895,"???"
3896,"???"
3897,"???"
3898,"???"
3899,"???"
3900,"???"
3901,"???"
3902,"???"
3903,"???"
3904,"???"
3905,"???"
3906,"???"
3907,"???"
3908,"???"
3909,"???"
3910,"???"
3911,"???"
3912,"???"
3913,"???"
3914,"???"
3915,"???"
3916,"???"
3917,"???"
3918,"???"
3919,"???"
3920,"???"
3921,"???"
3922,"???"
3923,"???"
3924,"???"
3925,"???"
3926,"???"
3927,"???"
3928,"???"
3929,"???"
3930,"???"
3931,"???"
3932,"???"
3933,"???"
3934,"???"
3935,"???"
3936,"???"
3937,"???"
3938,"???"
3939,"???"
3940,"???"
3941,"???"
3942,"???"
3943,"???"
3944,"???"
3945,"???"
3946,"???"
3947,"???"
3948,"???"
3949,"???"
3950,"???"
3951,"???"
3952,"???"
3953,"???"
3954,"???"
3955,"???"
3956,"???"
3957,"???"
3958,"???"
3959,"???"
3960,"???"
3961,"???"
3962,"???"
3963,"???"
3964,"???"
3965,"???"
3966,"???"
3967,"???"
3968,"???"
3969,"???"
3970,"???"
3971,"???"
3972,"???"
3973,"???"
3974,"???"
3975,"???"
3976,"???"
3977,"???"
3978,"???"
3979,"???"
3980,"???"
3981,"???"
3982,"???"
3983,"???"
3984,"???"
3985,"???"
3986,"???"
3987,"???"
3988,"???"
3989,"???"
3990,"???"
3991,"???"
3992,"???"
3993,"???"
3994,"???"
3995,"???"
3996,"???"
3997,"???"
3998,"???"
3999,"???"
4000,"???"
4001,"パンツ"
4002,"???"
4003,"???"
4004,"???"
4005,"???"
4006,"???"
4007,"???"
4008,"???"
4009,"???"
4010,"???"
4011,"???"
4012,"???"
4013,"???"
4014,"???"
4015,"???"
4016,"???"
4017,"???"
4018,"???"
4019,"???"
4020,"???"
4021,"???"
4022,"???"
4023,"???"
4024,"???"
4025,"???"
4026,"???"
4027,"???"
4028,"???"
4029,"???"
4030,"???"
4031,"???"
4032,"???"
4033,"???"
4034,"???"
4035,"???"
4036,"???"
4037,"???"
4038,"???"
4039,"???"
4040,"???"
4041,"???"
4042,"???"
4043,"???"
4044,"???"
4045,"???"
4046,"???"
4047,"???"
4048,"???"
4049,"???"
4050,"???"
4051,"???"
4052,"???"
4053,"???"
4054,"???"
4055,"???"
4056,"???"
4057,"???"
4058,"???"
4059,"???"
4060,"???"
4061,"???"
4062,"???"
4063,"???"
4064,"???"
4065,"???"
4066,"???"
4067,"???"
4068,"???"
4069,"???"
4070,"???"
4071,"???"
4072,"???"
4073,"???"
4074,"???"
4075,"???"
4076,"???"
4077,"???"
4078,"???"
4079,"???"
4080,"???"
4081,"???"
4082,"???"
4083,"???"
4084,"???"
4085,"???"
4086,"???"
4087,"???"
4088,"???"
4089,"???"
4090,"???"
4091,"???"
4092,"???"
4093,"???"
4094,"???"
4095,"???"
4096,"???"
4097,"???"
4098,"???"
4099,"???"
4100,"???"
4101,"???"
4102,"???"
4103,"???"
4104,"???"
4105,"???"
4106,"???"
4107,"???"
4108,"???"
4109,"???"
4110,"???"
4111,"???"
4112,"???"
4113,"???"
4114,"???"
4115,"???"
4116,"???"
4117,"???"
4118,"???"
4119,"???"
4120,"???"
4121,"???"
4122,"???"
4123,"???"
4124,"???"
4125,"???"
4126,"???"
4127,"???"
4128,"???"
4129,"???"
4130,"???"
4131,"???"
4132,"???"
4133,"???"
4134,"???"
4135,"???"
4136,"???"
4137,"???"
4138,"???"
4139,"???"
4140,"???"
4141,"???"
4142,"???"
4143,"???"
4144,"???"
4145,"???"
4146,"???"
4147,"???"
4148,"???"
4149,"???"
4150,"???"
4151,"???"
4152,"???"
4153,"???"
4154,"???"
4155,"???"
4156,"???"
4157,"???"
4158,"???"
4159,"???"
4160,"???"
4161,"???"
4162,"???"
4163,"???"
4164,"???"
4165,"???"
4166,"???"
4167,"???"
4168,"???"
4169,"???"
4170,"???"
4171,"???"
4172,"???"
4173,"???"
4174,"???"
4175,"???"
4176,"???"
4177,"???"
4178,"???"
4179,"???"
4180,"???"
4181,"???"
4182,"???"
4183,"???"
4184,"???"
4185,"???"
4186,"???"
4187,"???"
4188,"???"
4189,"???"
4190,"???"
4191,"???"
4192,"???"
4193,"???"
4194,"???"
4195,"???"
4196,"???"
4197,"???"
4198,"???"
4199,"???"
4200,"???"
4201,"???"
4202,"???"
4203,"???"
4204,"???"
4205,"???"
4206,"???"
4207,"???"
4208,"???"
4209,"???"
4210,"???"
4211,"???"
4212,"???"
4213,"???"
4214,"???"
4215,"???"
4216,"???"
4217,"???"
4218,"???"
4219,"???"
4220,"???"
4221,"???"
4222,"???"
4223,"???"
4224,"???"
4225,"???"
4226,"???"
4227,"???"
4228,"???"
4229,"???"
4230,"???"
4231,"???"
4232,"???"
4233,"???"
4234,"???"
4235,"???"
4236,"???"
4237,"???"
4238,"???"
4239,"???"
4240,"???"
4241,"???"
4242,"???"
4243,"???"
4244,"???"
4245,"???"
4246,"???"
4247,"???"
4248,"???"
4249,"???"
4250,"???"
4251,"???"
4252,"???"
4253,"???"
4254,"???"
4255,"???"
4256,"???"
4257,"???"
4258,"???"
4259,"???"
4260,"???"
4261,"???"
4262,"???"
4263,"???"
4264,"???"
4265,"???"
4266,"???"
4267,"???"
4268,"???"
4269,"???"
4270,"???"
4271,"???"
4272,"???"
4273,"???"
4274,"???"
4275,"???"
4276,"???"
4277,"???"
4278,"???"
4279,"???"
4280,"???"
4281,"???"
4282,"???"
4283,"???"
4284,"???"
4285,"???"
4286,"???"
4287,"???"
4288,"???"
4289,"???"
4290,"???"
4291,"???"
4292,"???"
4293,"???"
4294,"???"
4295,"???"
4296,"???"
4297,"???"
4298,"???"
4299,"???"
4300,"???"
4301,"???"
4302,"???"
4303,"???"
4304,"???"
4305,"???"
4306,"???"
4307,"???"
4308,"???"
4309,"???"
4310,"???"
4311,"???"
4312,"???"
4313,"???"
4314,"???"
4315,"???"
4316,"???"
4317,"???"
4318,"???"
4319,"???"
4320,"???"
4321,"???"
4322,"???"
4323,"???"
4324,"???"
4325,"???"
4326,"???"
4327,"???"
4328,"???"
4329,"???"
4330,"???"
4331,"???"
4332,"???"
4333,"???"
4334,"???"
4335,"???"
4336,"???"
4337,"???"
4338,"???"
4339,"???"
4340,"???"
4341,"???"
4342,"???"
4343,"???"
4344,"???"
4345,"???"
4346,"???"
4347,"???"
4348,"???"
4349,"???"
4350,"???"
4351,"???"
4352,"???"
4353,"???"
4354,"???"
4355,"???"
4356,"???"
4357,"???"
4358,"???"
4359,"???"
4360,"???"
4361,"???"
4362,"???"
4363,"???"
4364,"???"
4365,"???"
4366,"???"
4367,"???"
4368,"???"
4369,"???"
4370,"???"
4371,"???"
4372,"???"
4373,"???"
4374,"???"
4375,"???"
4376,"???"
4377,"???"
4378,"???"
4379,"???"
4380,"???"
4381,"???"
4382,"???"
4383,"???"
4384,"???"
4385,"???"
4386,"???"
4387,"???"
4388,"???"
4389,"???"
4390,"???"
4391,"???"
4392,"???"
4393,"???"
4394,"???"
4395,"???"
4396,"???"
4397,"???"
4398,"???"
4399,"???"
4400,"???"
4401,"???"
4402,"???"
4403,"???"
4404,"???"
4405,"???"
4406,"???"
4407,"???"
4408,"???"
4409,"???"
4410,"???"
4411,"???"
4412,"???"
4413,"???"
4414,"???"
4415,"???"
4416,"???"
4417,"???"
4418,"???"
4419,"???"
4420,"???"
4421,"???"
4422,"???"
4423,"???"
4424,"???"
4425,"???"
4426,"???"
4427,"???"
4428,"???"
4429,"???"
4430,"???"
4431,"???"
4432,"???"
4433,"???"
4434,"???"
4435,"???"
4436,"???"
4437,"???"
4438,"???"
4439,"???"
4440,"???"
4441,"???"
4442,"???"
4443,"???"
4444,"???"
4445,"???"
4446,"???"
4447,"???"
4448,"???"
4449,"???"
4450,"???"
4451,"???"
4452,"???"
4453,"???"
4454,"???"
4455,"???"
4456,"???"
4457,"???"
4458,"???"
4459,"???"
4460,"???"
4461,"???"
4462,"???"
4463,"???"
4464,"???"
4465,"???"
4466,"???"
4467,"???"
4468,"???"
4469,"???"
4470,"???"
4471,"???"
4472,"???"
4473,"???"
4474,"???"
4475,"???"
4476,"???"
4477,"???"
4478,"???"
4479,"???"
4480,"???"
4481,"???"
4482,"???"
4483,"???"
4484,"???"
4485,"???"
4486,"???"
4487,"???"
4488,"???"
4489,"???"
4490,"???"
4491,"???"
4492,"???"
4493,"???"
4494,"???"
4495,"???"
4496,"???"
4497,"???"
4498,"???"
4499,"???"
4500,"???"
4501,"???"
4502,"???"
4503,"???"
4504,"???"
4505,"???"
4506,"???"
4507,"???"
4508,"???"
4509,"???"
4510,"???"
4511,"???"
4512,"???"
4513,"???"
4514,"???"
4515,"???"
4516,"???"
4517,"???"
4518,"???"
4519,"???"
4520,"???"
4521,"???"
4522,"???"
4523,"???"
4524,"???"
4525,"???"
4526,"???"
4527,"???"
4528,"???"
4529,"???"
4530,"???"
4531,"???"
4532,"???"
4533,"???"
4534,"???"
4535,"???"
4536,"???"
4537,"???"
4538,"???"
4539,"???"
4540,"???"
4541,"???"
4542,"???"
4543,"???"
4544,"???"
4545,"???"
4546,"???"
4547,"???"
4548,"???"
4549,"???"
4550,"???"
4551,"???"
4552,"???"
4553,"???"
4554,"???"
4555,"???"
4556,"???"
4557,"???"
4558,"???"
4559,"???"
4560,"???"
4561,"???"
4562,"???"
4563,"???"
4564,"???"
4565,"???"
4566,"???"
4567,"???"
4568,"???"
4569,"???"
4570,"???"
4571,"???"
4572,"???"
4573,"???"
4574,"???"
4575,"???"
4576,"???"
4577,"???"
4578,"???"
4579,"???"
4580,"???"
4581,"???"
4582,"???"
4583,"???"
4584,"???"
4585,"???"
4586,"???"
4587,"???"
4588,"???"
4589,"???"
4590,"???"
4591,"???"
4592,"???"
4593,"???"
4594,"???"
4595,"???"
4596,"???"
4597,"???"
4598,"???"
4599,"???"
4600,"???"
4601,"???"
4602,"???"
4603,"???"
4604,"???"
4605,"???"
4606,"???"
4607,"???"
4608,"???"
4609,"???"
4610,"???"
4611,"???"
4612,"???"
4613,"???"
4614,"???"
4615,"???"
4616,"???"
4617,"???"
4618,"???"
4619,"???"
4620,"???"
4621,"???"
4622,"???"
4623,"???"
4624,"???"
4625,"???"
4626,"???"
4627,"???"
4628,"???"
4629,"???"
4630,"???"
4631,"???"
4632,"???"
4633,"???"
4634,"???"
4635,"???"
4636,"???"
4637,"???"
4638,"???"
4639,"???"
4640,"???"
4641,"???"
4642,"???"
4643,"???"
4644,"???"
4645,"???"
4646,"???"
4647,"???"
4648,"???"
4649,"???"
4650,"???"
4651,"???"
4652,"???"
4653,"???"
4654,"???"
4655,"???"
4656,"???"
4657,"???"
4658,"???"
4659,"???"
4660,"???"
4661,"???"
4662,"???"
4663,"???"
4664,"???"
4665,"???"
4666,"???"
4667,"???"
4668,"???"
4669,"???"
4670,"???"
4671,"???"
4672,"???"
4673,"???"
4674,"???"
4675,"???"
4676,"???"
4677,"???"
4678,"???"
4679,"???"
4680,"???"
4681,"???"
4682,"???"
4683,"???"
4684,"???"
4685,"???"
4686,"???"
4687,"???"
4688,"???"
4689,"???"
4690,"???"
4691,"???"
4692,"???"
4693,"???"
4694,"???"
4695,"???"
4696,"???"
4697,"???"
4698,"???"
4699,"???"
4700,"???"
4701,"???"
4702,"???"
4703,"???"
4704,"???"
4705,"???"
4706,"???"
4707,"???"
4708,"???"
4709,"???"
4710,"???"
4711,"???"
4712,"???"
4713,"???"
4714,"???"
4715,"???"
4716,"???"
4717,"???"
4718,"???"
4719,"???"
4720,"???"
4721,"???"
4722,"???"
4723,"???"
4724,"???"
4725,"???"
4726,"???"
4727,"???"
4728,"???"
4729,"???"
4730,"???"
4731,"???"
4732,"???"
4733,"???"
4734,"???"
4735,"???"
4736,"???"
4737,"???"
4738,"???"
4739,"???"
4740,"???"
4741,"???"
4742,"???"
4743,"???"
4744,"???"
4745,"???"
4746,"???"
4747,"???"
4748,"???"
4749,"???"
4750,"???"
4751,"???"
4752,"???"
4753,"???"
4754,"???"
4755,"???"
4756,"???"
4757,"???"
4758,"???"
4759,"???"
4760,"???"
4761,"???"
4762,"???"
4763,"???"
4764,"???"
4765,"???"
4766,"???"
4767,"???"
4768,"???"
4769,"???"
4770,"???"
4771,"???"
4772,"???"
4773,"???"
4774,"???"
4775,"???"
4776,"???"
4777,"???"
4778,"???"
4779,"???"
4780,"???"
4781,"???"
4782,"???"
4783,"???"
4784,"???"
4785,"???"
4786,"???"
4787,"???"
4788,"???"
4789,"???"
4790,"???"
4791,"???"
4792,"???"
4793,"???"
4794,"???"
4795,"???"
4796,"???"
4797,"???"
4798,"???"
4799,"???"
4800,"???"
4801,"???"
4802,"???"
4803,"???"
4804,"???"
4805,"???"
4806,"???"
4807,"???"
4808,"???"
4809,"???"
4810,"???"
4811,"???"
4812,"???"
4813,"???"
4814,"???"
4815,"???"
4816,"???"
4817,"???"
4818,"???"
4819,"???"
4820,"???"
4821,"???"
4822,"???"
4823,"???"
4824,"???"
4825,"???"
4826,"???"
4827,"???"
4828,"???"
4829,"???"
4830,"???"
4831,"???"
4832,"???"
4833,"???"
4834,"???"
4835,"???"
4836,"???"
4837,"???"
4838,"???"
4839,"???"
4840,"???"
4841,"???"
4842,"???"
4843,"???"
4844,"???"
4845,"???"
4846,"???"
4847,"???"
4848,"???"
4849,"???"
4850,"???"
4851,"???"
4852,"???"
4853,"???"
4854,"???"
4855,"???"
4856,"???"
4857,"???"
4858,"???"
4859,"???"
4860,"???"
4861,"???"
4862,"???"
4863,"???"
4864,"???"
4865,"???"
4866,"???"
4867,"???"
4868,"???"
4869,"???"
4870,"???"
4871,"???"
4872,"???"
4873,"???"
4874,"???"
4875,"???"
4876,"???"
4877,"???"
4878,"???"
4879,"???"
4880,"???"
4881,"???"
4882,"???"
4883,"???"
4884,"???"
4885,"???"
4886,"???"
4887,"???"
4888,"???"
4889,"???"
4890,"???"
4891,"???"
4892,"???"
4893,"???"
4894,"???"
4895,"???"
4896,"???"
4897,"???"
4898,"???"
4899,"???"
4900,"???"
4901,"???"
4902,"???"
4903,"???"
4904,"???"
4905,"???"
4906,"???"
4907,"???"
4908,"???"
4909,"???"
4910,"???"
4911,"???"
4912,"???"
4913,"???"
4914,"???"
4915,"???"
4916,"???"
4917,"???"
4918,"???"
4919,"???"
4920,"???"
4921,"???"
4922,"???"
4923,"???"
4924,"???"
4925,"???"
4926,"???"
4927,"???"
4928,"???"
4929,"???"
4930,"???"
4931,"???"
4932,"???"
4933,"???"
4934,"???"
4935,"???"
4936,"???"
4937,"???"
4938,"???"
4939,"???"
4940,"???"
4941,"???"
4942,"???"
4943,"???"
4944,"???"
4945,"???"
4946,"???"
4947,"???"
4948,"???"
4949,"???"
4950,"???"
4951,"???"
4952,"???"
4953,"???"
4954,"???"
4955,"???"
4956,"???"
4957,"???"
4958,"???"
4959,"???"
4960,"???"
4961,"???"
4962,"???"
4963,"???"
4964,"???"
4965,"???"
4966,"???"
4967,"???"
4968,"???"
4969,"???"
4970,"???"
4971,"???"
4972,"???"
4973,"???"
4974,"???"
4975,"???"
4976,"???"
4977,"???"
4978,"???"
4979,"???"
4980,"???"
4981,"???"
4982,"???"
4983,"???"
4984,"???"
4985,"???"
4986,"???"
4987,"???"
4988,"???"
4989,"???"
4990,"???"
4991,"???"
4992,"???"
4993,"???"
4994,"???"
4995,"???"
4996,"???"
4997,"???"
4998,"???"
4999,"???"
5000,"???"
5001,"ワープフラグ：ポケット魔王城"
5002,"ワープフラグ：イリアス神殿"
5003,"ワープフラグ：イリアスヴィル"
5004,"ワープフラグ：イリアスベルク"
5005,"ワープフラグ：名も無きスラム"
5006,"ワープフラグ：ポルノフ"
5007,"ワープフラグ：ハピネス村"
5008,"ワープフラグ：ミダス村"
5009,"ワープフラグ：メダル女王の城"
5010,"ワープフラグ：エンリカ"
5011,"ワープフラグ：ロストルム村"
5012,"ワープフラグ：イリアスポート"
5013,"ワープフラグ：ナタリアポート"
5014,"ワープフラグ：ラダイト村"
5015,"ワープフラグ：サン・イリア"
5016,"ワープフラグ：モンテカルロ"
5017,"ワープフラグ：ルビアナ"
5018,"ワープフラグ：サバサ"
5019,"ワープフラグ：グランドール"
5020,"ワープフラグ：魔女狩りの村"
5021,"ワープフラグ：サルーン"
5022,"ワープフラグ：マールポート"
5023,"ワープフラグ：海軍本部"
5024,"ワープフラグ：フィノア"
5025,"ワープフラグ：グランドノア"
5026,"ワープフラグ：ヤマタイ"
5027,"ワープフラグ：エスタ"
5028,"ワープフラグ：プランセクト"
5029,"ワープフラグ：リマ村廃墟"
5030,"ワープフラグ：ゴッダール"
5031,"ワープフラグ：グランゴルド"
5032,"ワープフラグ：ゴルドポート"
5033,"ワープフラグ：サキュバスの村"
5034,"ワープフラグ：貴婦人の村"
5035,"ワープフラグ：神鳥のほこら"
5036,"ワープフラグ：妖精の島"
5037,"ワープフラグ：エルフの里"
5038,"ワープフラグ：きつねの里"
5039,"ワープフラグ：スノウヘブン"
5040,"ワープフラグ：イリアス神殿跡"
5041,"ワープフラグ：ヘルゴンドのほこら"
5042,"ワープフラグ：魔王城"
5043,"ワープフラグ：欠番"
5044,"ワープフラグ：天界エスタ"
5045,"ワープフラグ：管理者の塔"
5046,"ワープフラグ：天界ルビアナ"
5047,"ワープフラグ：天界サバサ"
5048,"ワープフラグ：天界フィノア"
5049,"ワープフラグ：天界グランドノア"
5050,"ワープフラグ：天界グランゴルド"
5051,"ワープフラグ：天界ゴッダール"
5052,"ワープフラグ：天界罪人の封牢"
5053,"ワープフラグ：天界魔王城"
5054,"ワープフラグ：天界ナタリアポート"
5055,"ワープフラグ：天界サン・イリア"
5056,"ワープフラグ：智の同盟の研究所"
5057,"ワープフラグ：ルシフィナの家"
5058,"ワープフラグ：天界イリアスベルク"
5059,"ワープフラグ：天界イリアス神殿"
5060,"ワープフラグ：ホームイリアス神殿"
5061,"ワープフラグ：魔界ヘルゴンドのほこら"
5062,"ワープフラグ：魔界サキュバスの村"
5063,"ワープフラグ：魔界ゴルドポート"
5064,"ワープフラグ：魔界グランゴルド"
5065,"ワープフラグ：魔界プランセクトの森"
5066,"ワープフラグ：魔界グランドノア"
5067,"ワープフラグ：魔界ヤマタイ村"
5068,"ワープフラグ：魔界フィノア"
5069,"ワープフラグ：魔界ナタリアポート"
5070,"ワープフラグ：魔界サン・イリア"
5071,"ワープフラグ：魔界モンテカルロ"
5072,"ワープフラグ：魔界サバサ"
5073,"ワープフラグ：魔界エンリカ"
5074,"ワープフラグ：魔界邪神城"
5075,"ワープフラグ：ホーム邪神城"
5076,"ワープフラグ："
5077,"ワープフラグ："
5078,"ワープフラグ："
5079,"ワープフラグ："
5080,"ワープフラグ："
5081,"ワープフラグ："
5082,"ワープフラグ："
5083,"ワープフラグ："
5084,"ワープフラグ：イリアスヴィル異世界"
5085,"ワープフラグ：ロストルム村異世界"
5086,"ワープフラグ：管理者の塔異世界"
5087,"ワープフラグ：サキュバスの村（過去）"
5088,"ワープフラグ：レミナ（過去）"
5089,"ワープフラグ：魔王城（過去）"
5090,"ワープフラグ："
5091,"ワープフラグ：智の同盟研究所（異世界）"
5092,"ワープフラグ："
5093,"ワープフラグ：混沌ポケット魔王城"
5094,"ワープフラグ：混沌イリアス神殿"
5095,"ワープフラグ：混沌イリアスヴィル"
5096,"ワープフラグ：混沌イリアスベルク"
5097,"ワープフラグ：混沌名も無きスラム"
5098,"ワープフラグ：混沌ポルノフ"
5099,"ワープフラグ：混沌ハピネス村"
5100,"ワープフラグ：混沌ミダス村"
5101,"ワープフラグ：混沌メダル女王の城"
5102,"ワープフラグ：混沌エンリカ"
5103,"ワープフラグ：混沌ミトラ封印城"
5104,"ワープフラグ：混沌ロストルム村"
5105,"ワープフラグ：混沌イリアスポート"
5106,"ワープフラグ：混沌ナタリアポート"
5107,"ワープフラグ：混沌ラダイト村"
5108,"ワープフラグ：混沌サン・イリア"
5109,"ワープフラグ：混沌モンテカルロ"
5110,"ワープフラグ：混沌ルビアナ"
5111,"ワープフラグ：混沌サバサ"
5112,"ワープフラグ：混沌グランドール"
5113,"ワープフラグ：混沌マギステア村"
5114,"ワープフラグ：混沌サルーン"
5115,"ワープフラグ：混沌マールポート"
5116,"ワープフラグ：混沌海軍本部"
5117,"ワープフラグ：混沌フィノア"
5118,"ワープフラグ：混沌グランドノア"
5119,"ワープフラグ：混沌ヤマタイ村"
5120,"ワープフラグ：混沌エスタ"
5121,"ワープフラグ：混沌プランセクト村"
5122,"ワープフラグ：混沌リマ村廃墟"
5123,"ワープフラグ：混沌ゴッダール"
5124,"ワープフラグ：混沌グランゴルド"
5125,"ワープフラグ：混沌ゴルドポート"
5126,"ワープフラグ：混沌サキュバスの村"
5127,"ワープフラグ：混沌貴婦人の村"
5128,"ワープフラグ：混沌神鳥のほこら"
5129,"ワープフラグ：混沌妖精の島"
5130,"ワープフラグ：混沌エルフの里"
5131,"ワープフラグ：混沌きつねの里"
5132,"ワープフラグ：混沌スノウヘブン"
5133,"ワープフラグ：混沌イリアス神殿跡"
5134,"ワープフラグ：混沌ヘルゴンドのほこら"
5135,"ワープフラグ：混沌罪人の封牢"
5136,"ワープフラグ：混沌レミナ"
5137,"ワープフラグ：混沌魔王城"
5138,"ワープフラグ：混沌月面機械要塞"
5139,"ワープフラグ：混沌封魔の洞窟"
5140,"ワープフラグ：混沌カオスの領域"
5141,"ワープフラグ：混沌"
5142,"ワープフラグ：混沌"
5143,"ワープフラグ：混沌"
5144,"ワープフラグ：混沌"
5145,"ワープフラグ：混沌"
5146,"ワープフラグ：混沌"
5147,"ワープフラグ：混沌"
5148,"ワープフラグ：混沌"
5149,"ワープフラグ：混沌"
5150,"ワープフラグ：混沌"
5151,"ワープフラグ：混沌"
5152,"ワープフラグ：混沌"
5153,"ワープフラグ：混沌"
5154,"ワープフラグ：混沌"
5155,"ワープフラグ：混沌"
5156,"ワープフラグ：混沌"
5157,"ワープフラグ：混沌"
5158,"ワープフラグ：混沌"
5159,"ワープフラグ：混沌"
5160,"ワープフラグ：混沌"
5161,"ワープフラグ：混沌"
5162,"ワープフラグ：混沌"
5163,"ワープフラグ：混沌"
5164,"ワープフラグ：混沌"
5165,"ワープフラグ：混沌"
5166,"ワープフラグ：混沌"
5167,"ワープフラグ：混沌"
5168,"ワープフラグ：混沌"
5169,"ワープフラグ：混沌"
5170,"ワープフラグ：混沌"
5171,"ワープフラグ：混沌"
5172,"ワープフラグ：混沌"
5173,"ワープフラグ：混沌"
5174,"ワープフラグ：混沌"
5175,"ワープフラグ：混沌"
5176,"ワープフラグ：混沌"
5177,"ワープフラグ：混沌"
5178,"ワープフラグ：混沌"
5179,"ワープフラグ：混沌"
5180,"ワープフラグ：混沌"
5181,"ワープフラグ：混沌"
5182,"ワープフラグ：混沌"
5183,"ワープフラグ：混沌"
5184,"ワープフラグ：混沌"
5185,"ワープフラグ：混沌"
5186,"ワープフラグ：混沌"
5187,"ワープフラグ：混沌"
5188,"ワープフラグ：混沌"
5189,"ワープフラグ：混沌"
5190,"ワープフラグ：混沌"
5191,"ワープフラグ：混沌"
5192,"ワープフラグ：混沌"
5193,"ワープフラグ：混沌"
5194,"ワープフラグ：混沌"
5195,"ワープフラグ：混沌"
5196,"ワープフラグ：混沌"
5197,"ワープフラグ：混沌"
5198,"ワープフラグ：混沌"
5199,"ワープフラグ：混沌"
5200,"ワープフラグ：混沌"
5201,"図鑑フラグ：イリアスヴィル"
5202,"図鑑フラグ：イリアス神殿"
5203,"図鑑フラグ：イリアスベルク"
5204,"図鑑フラグ：名も無きスラム"
5205,"図鑑フラグ：ポルノフ"
5206,"図鑑フラグ：ハピネス村"
5207,"図鑑フラグ：ハーピーの集落"
5208,"図鑑フラグ：ミダス村"
5209,"図鑑フラグ：エンリカ"
5210,"図鑑フラグ：ロストルム村"
5211,"図鑑フラグ：イリアスポート"
5212,"図鑑フラグ：ナタリアポート"
5213,"図鑑フラグ：ラダイト村"
5214,"図鑑フラグ：サン・イリア"
5215,"図鑑フラグ：地下図書館"
5216,"図鑑フラグ：モンテカルロ"
5217,"図鑑フラグ：ルビアナ"
5218,"図鑑フラグ：サバサ"
5219,"図鑑フラグ：グランドール"
5220,"図鑑フラグ：魔女狩りの村"
5221,"図鑑フラグ：リリィの館"
5222,"図鑑フラグ：サルーン"
5223,"図鑑フラグ：マールポート"
5224,"図鑑フラグ：海軍本部"
5225,"図鑑フラグ：フィノア"
5226,"図鑑フラグ：グランドノア"
5227,"図鑑フラグ：ヤマタイ村"
5228,"図鑑フラグ：エスタ"
5229,"図鑑フラグ：プランセクト村"
5230,"図鑑フラグ：リマ村廃墟"
5231,"図鑑フラグ：ゴッダール"
5232,"図鑑フラグ：グランゴルド"
5233,"図鑑フラグ：ゴルドポート"
5234,"図鑑フラグ：サキュバスの村"
5235,"図鑑フラグ：貴婦人の村"
5236,"図鑑フラグ：滅びの地"
5237,"図鑑フラグ：エルフの里"
5238,"図鑑フラグ：きつねの里"
5239,"図鑑フラグ：たぬきの里"
5240,"図鑑フラグ：スノウヘブン"
5241,"図鑑フラグ：ポケット魔王城"
5242,"図鑑フラグ：ミトラ封印城"
5243,"図鑑フラグ：タルタロスI299387（イリアス大陸南）"
5244,"図鑑フラグ：メダル女王の城"
5245,"図鑑フラグ：タルタロスI372367（イリアス大陸東）"
5246,"図鑑フラグ：北のお化け屋敷"
5247,"図鑑フラグ：タルタロスCW148240（サバサ大陸北）"
5248,"図鑑フラグ：おさかな号"
5249,"図鑑フラグ：魔導学園"
5250,"図鑑フラグ：タルタロスCW117136（ゴルド大陸西）"
5251,"図鑑フラグ：幽霊船"
5252,"図鑑フラグ：雪のほこら"
5253,"図鑑フラグ：ヘルゴンドのほこら"
5254,"図鑑フラグ：罪人の封牢"
5255,"図鑑フラグ：タルタロスXXH145087（ヘルゴンド大陸西）"
5256,"図鑑フラグ：ドレインラボ"
5257,"図鑑フラグ：バイオラボ"
5258,"図鑑フラグ：レミナ研究所"
5259,"図鑑フラグ：タルタロスCE262195（ゴルド大陸中央）"
5260,"図鑑フラグ：カオスフィールド"
5261,"図鑑フラグ：試しの洞窟"
5262,"図鑑フラグ：イリナ山地北の洞窟"
5263,"図鑑フラグ：イリナ山地南の洞窟"
5264,"図鑑フラグ：ポルノフ鉱山"
5265,"図鑑フラグ：ハーピーの塔"
5266,"図鑑フラグ：ナメクジタワー"
5267,"図鑑フラグ：ミダス廃鉱"
5268,"図鑑フラグ：ロストルム山地洞窟"
5269,"図鑑フラグ：秘宝の洞窟"
5270,"図鑑フラグ：南の海底神殿"
5271,"図鑑フラグ：古代神殿跡"
5272,"図鑑フラグ：求道者の洞窟"
5273,"図鑑フラグ：ピラミッド"
5274,"図鑑フラグ：魔導の塔"
5275,"図鑑フラグ：サルーン廃鉱"
5276,"図鑑フラグ：マール大回廊"
5277,"図鑑フラグ：大海賊の洞窟"
5278,"図鑑フラグ：管理者の塔"
5279,"図鑑フラグ：化石鉱山"
5280,"図鑑フラグ：ヤマタイへの洞窟"
5281,"図鑑フラグ：オロチの洞"
5282,"図鑑フラグ：迷宮への洞窟"
5283,"図鑑フラグ：ミノタウロスの迷宮"
5284,"図鑑フラグ：ウンディーネの泉"
5285,"図鑑フラグ：ゴルド砦"
5286,"図鑑フラグ：溶岩鉱窟"
5287,"図鑑フラグ：ゴルド火山洞窟"
5288,"図鑑フラグ：吸血鬼の城"
5289,"図鑑フラグ：北の海底神殿"
5290,"図鑑フラグ：忘れられし塔"
5291,"図鑑フラグ：世界樹"
5292,"図鑑フラグ：孤独の地"
5293,"図鑑フラグ：人形遣いの塔"
5294,"図鑑フラグ：雪越えの洞窟"
5295,"図鑑フラグ：氷の館"
5296,"図鑑フラグ：ヘルゴンドの洞窟"
5297,"図鑑フラグ：魔王城"
5298,"図鑑フラグ：イリアスヴィルの裏山"
5299,"図鑑フラグ：タラスの丘"
5300,"図鑑フラグ：迷いの森"
5301,"図鑑フラグ：レムズ海岸"
5302,"図鑑フラグ：ナタリア海岸"
5303,"図鑑フラグ：聖山アモス"
5304,"図鑑フラグ：精霊の森"
5305,"図鑑フラグ：カルロスの丘"
5306,"図鑑フラグ：恵みのオアシス"
5307,"図鑑フラグ：サファル砂漠遺跡"
5308,"図鑑フラグ：サルーンの丘"
5309,"図鑑フラグ：レド山"
5310,"図鑑フラグ：ライラの大滝"
5311,"図鑑フラグ：ゴルド東の大毒沼"
5312,"図鑑フラグ：ゴルド海岸"
5313,"図鑑フラグ：進軍の丘"
5314,"図鑑フラグ：風光明媚の丘"
5315,"図鑑フラグ：悪夢の荒野"
5316,"図鑑フラグ：妖精の島"
5317,"図鑑フラグ：蓬莱山"
5318,"図鑑フラグ：イリアス神殿跡"
5319,"図鑑フラグ：サキュバスの村（過去）"
5320,"図鑑フラグ：ヘルゴンドの洞窟（過去）"
5321,"図鑑フラグ：ヘルゴンド大陸（異世界）"
5322,"図鑑フラグ：魔王城（過去）"
5323,"図鑑フラグ：コラボシナリオ"
5324,"図鑑フラグ：タルタロス（エスタ）"
5325,"図鑑フラグ：エスタ周辺（天界）"
5326,"図鑑フラグ：サバサ周辺（天界）"
5327,"図鑑フラグ：グランドノア周辺（天界）"
5328,"図鑑フラグ：グランゴルド周辺（天界）"
5329,"図鑑フラグ：ヘルゴンド大陸（天界）"
5330,"図鑑フラグ：サン・イリア周辺（天界）"
5331,"図鑑フラグ：イリアス大陸（天界）"
5332,"図鑑フラグ：エスタ（天界）"
5333,"図鑑フラグ：水精の泉（天界）"
5334,"図鑑フラグ：管理者の塔（天界）"
5335,"図鑑フラグ：ルビアナ（天界）"
5336,"図鑑フラグ：サファル砂漠遺跡（天界）"
5337,"図鑑フラグ：サバサ（天界）"
5338,"図鑑フラグ：フィノア（天界）"
5339,"図鑑フラグ：グランドノア（天界）"
5340,"図鑑フラグ：グランゴルド（天界）"
5341,"図鑑フラグ：ゴッダール（天界）"
5342,"図鑑フラグ：ゴルド火山洞窟（天界）"
5343,"図鑑フラグ：罪人の封牢（天界）"
5344,"図鑑フラグ：魔王城跡（天界）"
5345,"図鑑フラグ：レミナ研究所（天界）"
5346,"図鑑フラグ：魔王城（天使占領）"
5347,"図鑑フラグ：ナタリアポート（天界）"
5348,"図鑑フラグ：ラダイト村（天界）"
5349,"図鑑フラグ：サン・イリア（天界）"
5350,"図鑑フラグ：精霊の森（天界）"
5351,"図鑑フラグ：妖精の島（天界）"
5352,"図鑑フラグ：黒の屋敷"
5353,"図鑑フラグ：智の同盟研究所（天界）"
5354,"図鑑フラグ：月（天界）"
5355,"図鑑フラグ：聖山アモス（天界）"
5356,"図鑑フラグ：イリアスベルク（天界）"
5357,"図鑑フラグ：ミトラ封印城（天界）"
5358,"図鑑フラグ：イリアス神殿（天界）"
5359,"図鑑フラグ：ヘルゴンド大陸（魔界）"
5360,"図鑑フラグ：サキュバスの村周辺（魔界）"
5361,"図鑑フラグ：グランゴルド周辺（魔界）"
5362,"図鑑フラグ：グランドノア周辺（魔界）"
5363,"図鑑フラグ：ヤマタイ周辺（魔界）"
5364,"図鑑フラグ：サン・イリア周辺（魔界）"
5365,"図鑑フラグ：サバサ周辺（魔界）"
5366,"図鑑フラグ：イリアス大陸（魔界）"
5367,"図鑑フラグ：魔界駅（魔界）"
5368,"図鑑フラグ：サキュバスの村（魔界）"
5369,"図鑑フラグ：ゴルドポート（魔界）"
5370,"図鑑フラグ：グランゴルド（魔界）"
5371,"図鑑フラグ：ゴルド砦（魔界）"
5372,"図鑑フラグ：イリアスヴィル周辺"
5373,"図鑑フラグ：イリアスベルク周辺"
5374,"図鑑フラグ：名も無きスラム周辺"
5375,"図鑑フラグ：ポルノフ周辺"
5376,"図鑑フラグ：ハピネス村周辺"
5377,"図鑑フラグ：イリアスポート周辺"
5378,"図鑑フラグ：ナタリアポート周辺"
5379,"図鑑フラグ：モンテカルロ周辺"
5380,"図鑑フラグ：サバサ砂漠南部"
5381,"図鑑フラグ：サバサ砂漠北部"
5382,"図鑑フラグ：魔女狩りの村周辺"
5383,"図鑑フラグ：マールポート周辺"
5384,"図鑑フラグ：内海"
5385,"図鑑フラグ：グランドノア周辺"
5386,"図鑑フラグ：ヤマタイ周辺"
5387,"図鑑フラグ：エスタ周辺"
5388,"図鑑フラグ：グランゴルド周辺"
5389,"図鑑フラグ：サキュバスの村周辺"
5390,"図鑑フラグ：滅びの地周辺"
5391,"図鑑フラグ：外海"
5392,"図鑑フラグ：妖精の島周辺"
5393,"図鑑フラグ：ヘルゴンド大陸"
5394,"図鑑フラグ：スノウヘブン周辺"
5395,"図鑑フラグ：フィールド（天界）"
5396,"図鑑フラグ：フィールド（魔界）"
5397,"図鑑フラグ：各地"
5398,"図鑑フラグ：イリアスヴィル周辺（異世界）"
5399,"図鑑フラグ：イリアスヴィル（異世界）"
5400,"図鑑フラグ：ロストルム村（異世界）"
5401,"図鑑フラグ：料理"
5402,"図鑑フラグ：カジノ景品（ポルノフ）"
5403,"図鑑フラグ：カジノ景品（グランドール）"
5404,"図鑑フラグ：カジノ景品（ポケット魔王城）"
5405,"図鑑フラグ：コロシアム景品"
5406,"図鑑フラグ：バトルファック景品"
5407,"図鑑フラグ：レミナ（異世界）"
5408,"図鑑フラグ：ゴッダール周辺"
5409,"図鑑フラグ：グランドノア（魔界）"
5410,"図鑑フラグ：プランセクト村（魔界）"
5411,"図鑑フラグ：ゴルド火山洞窟（魔界）"
5412,"図鑑フラグ：水精の泉（魔界）"
5413,"図鑑フラグ：蓬莱山（魔界）"
5414,"図鑑フラグ：ヤマタイ村（魔界）"
5415,"図鑑フラグ：フィノア（魔界）"
5416,"図鑑フラグ：ナタリアポート（魔界）"
5417,"図鑑フラグ：精霊の森（魔界）"
5418,"図鑑フラグ：サン・イリア（魔界）"
5419,"図鑑フラグ：モンテカルロ（魔界）"
5420,"図鑑フラグ：サファル砂漠遺跡（魔界）"
5421,"図鑑フラグ：サバサ（魔界）"
5422,"図鑑フラグ：エンリカ（魔界）"
5423,"図鑑フラグ：ミトラ封印城（魔界）"
5424,"図鑑フラグ：記憶の場所"
5425,"図鑑フラグ：妖星デミウルゴス（魔界）"
5426,"図鑑フラグ：罪人の封牢（魔界）"
5427,"図鑑フラグ：邪神城（魔界）"
5428,"図鑑フラグ：大海賊の洞窟（魔界）"
5429,"図鑑フラグ：智の同盟研究所"
5430,"図鑑フラグ：中央タルタロス"
5431,"図鑑フラグ：崩壊ポケット魔王城"
5432,"図鑑フラグ：イリアスヴィル（混沌）"
5433,"図鑑フラグ：イリアスベルク（混沌）"
5434,"図鑑フラグ：名も無きスラム（混沌）"
5435,"図鑑フラグ：ポルノフ（混沌）"
5436,"図鑑フラグ：ハピネス村（混沌）"
5437,"図鑑フラグ：ハーピーの集落（混沌）"
5438,"図鑑フラグ：ミダス村（混沌）"
5439,"図鑑フラグ：エンリカ（混沌）"
5440,"図鑑フラグ：ロストルム村（混沌）"
5441,"図鑑フラグ：イリアスポート（混沌）"
5442,"図鑑フラグ：ナタリアポート（混沌）"
5443,"図鑑フラグ：ラダイト村（混沌）"
5444,"図鑑フラグ：サン・イリア（混沌）"
5445,"図鑑フラグ：モンテカルロ（混沌）"
5446,"図鑑フラグ：ルビアナ（混沌）"
5447,"図鑑フラグ：サバサ（混沌）"
5448,"図鑑フラグ：グランドール（混沌）"
5449,"図鑑フラグ：マギステア村（混沌）"
5450,"図鑑フラグ：サルーン（混沌）"
5451,"図鑑フラグ：マールポート（混沌）"
5452,"図鑑フラグ：海軍本部（混沌）"
5453,"図鑑フラグ：フィノア（混沌）"
5454,"図鑑フラグ：グランドノア（混沌）"
5455,"図鑑フラグ：ヤマタイ村（混沌）"
5456,"図鑑フラグ：エスタ（混沌）"
5457,"図鑑フラグ：プランセクト村（混沌）"
5458,"図鑑フラグ：リマ村廃墟（混沌）"
5459,"図鑑フラグ：ゴッダール（混沌）"
5460,"図鑑フラグ：グランゴルド（混沌）"
5461,"図鑑フラグ：ゴルドポート（混沌）"
5462,"図鑑フラグ：サキュバスの村（混沌）"
5463,"図鑑フラグ：色欲の殿堂（混沌）"
5464,"図鑑フラグ：貴婦人の村（混沌）"
5465,"図鑑フラグ：スノウヘブン（混沌）"
5466,"図鑑フラグ：きつねの里（混沌）"
5467,"図鑑フラグ：たぬきの里（混沌）"
5468,"図鑑フラグ：エルフの里（混沌）"
5469,"図鑑フラグ：レミナ（混沌）"
5470,"図鑑フラグ：レミナ研究所（混沌）"
5471,"図鑑フラグ：ミトラ封印城（混沌）"
5472,"図鑑フラグ：メダル女王の城（混沌）"
5473,"図鑑フラグ：北のお化け屋敷（混沌）"
5474,"図鑑フラグ：ゴルド砦（混沌）"
5475,"図鑑フラグ：魔導学園（混沌）"
5476,"図鑑フラグ：幽霊船（混沌）"
5477,"図鑑フラグ：滅びの地（混沌）"
5478,"図鑑フラグ：神鳥のほこら（混沌）"
5479,"図鑑フラグ：羊のもり（混沌）"
5480,"図鑑フラグ：ミミックアイランド（混沌）"
5481,"図鑑フラグ：雪のほこら（混沌）"
5482,"図鑑フラグ：創世の館（混沌）"
5483,"図鑑フラグ：イリアス神殿跡（混沌）"
5484,"図鑑フラグ：ヘルゴンドのほこら（混沌）"
5485,"図鑑フラグ：罪人の封牢（混沌）"
5486,"図鑑フラグ：試しの洞窟（混沌）"
5487,"図鑑フラグ：強欲の殿堂（混沌）"
5488,"図鑑フラグ：ポルノフ鉱山（混沌）"
5489,"図鑑フラグ：ハーピーの塔（混沌）"
5490,"図鑑フラグ：ナメクジタワー（混沌）"
5491,"図鑑フラグ：ミダス廃鉱（混沌）"
5492,"図鑑フラグ：ロストルム山地洞窟（混沌）"
5493,"図鑑フラグ：秘宝の洞窟（混沌）"
5494,"図鑑フラグ：南の海底神殿（混沌）"
5495,"図鑑フラグ：求道者の洞窟（混沌）"
5496,"図鑑フラグ：人形遣いの塔（混沌）"
5497,"図鑑フラグ：ピラミッド（混沌）"
5498,"図鑑フラグ：嫉妬の殿堂（混沌）"
5499,"図鑑フラグ：サルーン廃鉱（混沌）"
5500,"図鑑フラグ：管理者の塔（混沌）"
5501,"図鑑フラグ：マール大回廊（混沌）"
5502,"図鑑フラグ：大海賊の洞窟（混沌）"
5503,"図鑑フラグ：化石鉱山（混沌）"
5504,"図鑑フラグ：迷宮への洞窟（混沌）"
5505,"図鑑フラグ：憤怒の殿堂（混沌）"
5506,"図鑑フラグ：ヤマタイへの洞窟（混沌）"
5507,"図鑑フラグ：オロチの洞（混沌）"
5508,"図鑑フラグ：水精の泉（混沌）"
5509,"図鑑フラグ：溶岩鉱窟（混沌）"
5510,"図鑑フラグ：北の海底神殿（混沌）"
5511,"図鑑フラグ：ゴルド火山洞窟（混沌）"
5512,"図鑑フラグ：世界樹（混沌）"
5513,"図鑑フラグ：雪越えの洞窟（混沌）"
5514,"図鑑フラグ：傲慢の殿堂（混沌）"
5515,"図鑑フラグ：忘れられし塔（混沌）"
5516,"図鑑フラグ：ヘルゴンドの洞窟（混沌）"
5517,"図鑑フラグ：黒の屋敷（混沌）"
5518,"図鑑フラグ：イリアス神殿（混沌）"
5519,"図鑑フラグ：邪神城（混沌）"
5520,"図鑑フラグ：呪われし海底神殿（混沌）"
5521,"図鑑フラグ：封魔の洞窟（混沌）"
5522,"図鑑フラグ：光の塔と闇の塔（混沌）"
5523,"図鑑フラグ：リリス体内（混沌）"
5524,"図鑑フラグ：ルルイエに至る道（混沌）"
5525,"図鑑フラグ：深き混沌（混沌）"
5526,"図鑑フラグ：記憶の場所（混沌）"
5527,"図鑑フラグ：智の同盟研究所（混沌）"
5528,"図鑑フラグ：妖星デミウルゴス（混沌）"
5529,"図鑑フラグ：侵蝕されたデミウルゴス（混沌）"
5530,"図鑑フラグ：大罪の殿堂（混沌）"
5531,"図鑑フラグ：カオスの領域（混沌）"
5532,"図鑑フラグ：イリアスヴィルの裏山（混沌）"
5533,"図鑑フラグ：タラスの丘（混沌）"
5534,"図鑑フラグ：迷いの森（混沌）"
5535,"図鑑フラグ：レムズ海岸（混沌）"
5536,"図鑑フラグ：ナタリア海岸（混沌）"
5537,"図鑑フラグ：聖山アモス（混沌）"
5538,"図鑑フラグ：精霊の森（混沌）"
5539,"図鑑フラグ：カルロスの丘（混沌）"
5540,"図鑑フラグ：恵みのオアシス（混沌）"
5541,"図鑑フラグ：サファル砂漠遺跡（混沌）"
5542,"図鑑フラグ：サルーンの丘（混沌）"
5543,"図鑑フラグ：蓬莱山（混沌）"
5544,"図鑑フラグ：ゲシュタルト・ハイブマインド（混沌）"
5545,"図鑑フラグ：ライラの大滝（混沌）"
5546,"図鑑フラグ：ゴルド東の大毒沼（混沌）"
5547,"図鑑フラグ：ゴルド海岸（混沌）"
5548,"図鑑フラグ：暴食の殿堂（混沌）"
5549,"図鑑フラグ：悪夢の荒野（混沌）"
5550,"図鑑フラグ：妖精の島（混沌）"
5551,"図鑑フラグ：月（混沌）"
5552,"図鑑フラグ：堕天使の谷（混沌）"
5553,"図鑑フラグ：月面の機械要塞（混沌）"
5554,"図鑑フラグ：混沌の鍛冶場"
5555,"図鑑フラグ：イリアスヴィル周辺（混沌）"
5556,"図鑑フラグ：イリアスベルク周辺（混沌）"
5557,"図鑑フラグ：名も無きスラム周辺（混沌）"
5558,"図鑑フラグ：ポルノフ周辺（混沌）"
5559,"図鑑フラグ：ハピネス村周辺（混沌）"
5560,"図鑑フラグ：イリアスポート周辺（混沌）"
5561,"図鑑フラグ：ナタリア地域東部（混沌）"
5562,"図鑑フラグ：ナタリア地域西部（混沌）"
5563,"図鑑フラグ：サバサ砂漠南部（混沌）"
5564,"図鑑フラグ：サバサ砂漠北部（混沌）"
5565,"図鑑フラグ：マギステア村周辺（混沌）"
5566,"図鑑フラグ：マールポート周辺（混沌）"
5567,"図鑑フラグ：内海（混沌）"
5568,"図鑑フラグ：グランドノア周辺（混沌）"
5569,"図鑑フラグ：ヤマタイ周辺（混沌）"
5570,"図鑑フラグ：エスタ周辺（混沌）"
5571,"図鑑フラグ：ゴッダール周辺（混沌）"
5572,"図鑑フラグ：グランゴルド周辺（混沌）"
5573,"図鑑フラグ：滅びの地周辺（混沌）"
5574,"図鑑フラグ：外海（混沌）"
5575,"図鑑フラグ：妖精の島周辺（混沌）"
5576,"図鑑フラグ：ヘルゴンド大陸（混沌）"
5577,"図鑑フラグ：スノウヘブン周辺（混沌）"
5578,"図鑑フラグ：フィールド（混沌）"
5579,"図鑑フラグ：各地（混沌）"
5580,"図鑑フラグ：カジノ景品（混沌）"
5581,"図鑑フラグ：コロシアム景品（混沌）"
5582,"図鑑フラグ：バトルファック景品（混沌）"
5583,"図鑑フラグ：星の中核（混沌）"
5584,"図鑑フラグ：黄泉比良坂（混沌）"
5585,"図鑑フラグ：ルルイエ（混沌）"
5586,"図鑑フラグ：空（混沌）"
5587,"図鑑フラグ：グランベリアの悪夢（混沌）"
5588,"図鑑フラグ：初期装備"
5589,"図鑑フラグ：恵みのオアシス（魔界）"
5590,"図鑑フラグ：パイパイ（天界）"
5591,"図鑑フラグ：パイパイ（魔界）"
5592,"図鑑フラグ：パイパイ（混沌）"
5593,"図鑑フラグ：異世界パイパイ（混沌）"
5594,"図鑑フラグ：ヴァニラのおみせ"
5595,"図鑑フラグ：冥府"
5596,"図鑑フラグ：四精霊集結（混沌）"
5597,"図鑑フラグ：十六の破滅事象半数撃破"
5598,"図鑑フラグ：十六の破滅事象全撃破"
5599,"図鑑フラグ：真エンディング"
5600,"図鑑フラグ：ヘルゴンドのほこら（魔界）"
5601,"???"
5602,"???"
5603,"???"
5604,"???"
5605,"???"
5606,"???"
5607,"???"
5608,"???"
5609,"???"
5610,"???"
5611,"???"
5612,"???"
5613,"???"
5614,"???"
5615,"???"
5616,"???"
5617,"???"
5618,"???"
5619,"???"
5620,"???"
5621,"???"
5622,"???"
5623,"???"
5624,"???"
5625,"???"
5626,"???"
5627,"???"
5628,"???"
5629,"???"
5630,"???"
5631,"???"
5632,"???"
5633,"???"
5634,"???"
5635,"???"
5636,"???"
5637,"???"
5638,"???"
5639,"???"
5640,"???"
5641,"???"
5642,"???"
5643,"???"
5644,"???"
5645,"???"
5646,"???"
5647,"???"
5648,"???"
5649,"???"
5650,"???"
5651,"???"
5652,"???"
5653,"???"
5654,"???"
5655,"???"
5656,"???"
5657,"???"
5658,"???"
5659,"???"
5660,"???"
5661,"???"
5662,"???"
5663,"???"
5664,"???"
5665,"???"
5666,"???"
5667,"???"
5668,"???"
5669,"???"
5670,"???"
5671,"???"
5672,"???"
5673,"???"
5674,"???"
5675,"???"
5676,"???"
5677,"???"
5678,"???"
5679,"???"
5680,"???"
5681,"???"
5682,"???"
5683,"???"
5684,"???"
5685,"???"
5686,"???"
5687,"???"
5688,"???"
5689,"???"
5690,"???"
5691,"???"
5692,"???"
5693,"???"
5694,"???"
5695,"???"
5696,"???"
5697,"???"
5698,"???"
5699,"???"
5700,"???"
5701,"???"
5702,"???"
5703,"???"
5704,"???"
5705,"???"
5706,"???"
5707,"???"
5708,"???"
5709,"???"
5710,"???"
5711,"???"
5712,"???"
5713,"???"
5714,"???"
5715,"???"
5716,"???"
5717,"???"
5718,"???"
5719,"???"
5720,"???"
5721,"???"
5722,"???"
5723,"???"
5724,"???"
5725,"???"
5726,"???"
5727,"???"
5728,"???"
5729,"???"
5730,"???"
5731,"???"
5732,"???"
5733,"???"
5734,"???"
5735,"???"
5736,"???"
5737,"???"
5738,"???"
5739,"???"
5740,"???"
5741,"???"
5742,"???"
5743,"???"
5744,"???"
5745,"???"
5746,"???"
5747,"???"
5748,"???"
5749,"???"
5750,"???"
5751,"???"
5752,"???"
5753,"???"
5754,"???"
5755,"???"
5756,"???"
5757,"???"
5758,"???"
5759,"???"
5760,"???"
5761,"???"
5762,"???"
5763,"???"
5764,"???"
5765,"???"
5766,"???"
5767,"???"
5768,"???"
5769,"???"
5770,"???"
5771,"???"
5772,"???"
5773,"???"
5774,"???"
5775,"???"
5776,"???"
5777,"???"
5778,"???"
5779,"???"
5780,"???"
5781,"???"
5782,"???"
5783,"???"
5784,"???"
5785,"???"
5786,"???"
5787,"???"
5788,"???"
5789,"???"
5790,"???"
5791,"???"
5792,"???"
5793,"???"
5794,"???"
5795,"???"
5796,"???"
5797,"???"
5798,"???"
5799,"???"
5800,"???"
5801,"???"
5802,"???"
5803,"???"
5804,"???"
5805,"???"
5806,"???"
5807,"???"
5808,"???"
5809,"???"
5810,"???"
5811,"???"
5812,"???"
5813,"???"
5814,"???"
5815,"???"
5816,"???"
5817,"???"
5818,"???"
5819,"???"
5820,"???"
5821,"???"
5822,"???"
5823,"???"
5824,"???"
5825,"???"
5826,"???"
5827,"???"
5828,"???"
5829,"???"
5830,"???"
5831,"???"
5832,"???"
5833,"???"
5834,"???"
5835,"???"
5836,"???"
5837,"???"
5838,"???"
5839,"???"
5840,"???"
5841,"???"
5842,"???"
5843,"???"
5844,"???"
5845,"???"
5846,"???"
5847,"???"
5848,"???"
5849,"???"
5850,"???"
5851,"???"
5852,"???"
5853,"???"
5854,"???"
5855,"???"
5856,"???"
5857,"???"
5858,"???"
5859,"???"
5860,"???"
5861,"???"
5862,"???"
5863,"???"
5864,"???"
5865,"???"
5866,"???"
5867,"???"
5868,"???"
5869,"???"
5870,"???"
5871,"???"
5872,"???"
5873,"???"
5874,"???"
5875,"???"
5876,"???"
5877,"???"
5878,"???"
5879,"???"
5880,"???"
5881,"???"
5882,"???"
5883,"???"
5884,"???"
5885,"???"
5886,"???"
5887,"???"
5888,"???"
5889,"???"
5890,"???"
5891,"???"
5892,"???"
5893,"???"
5894,"???"
5895,"???"
5896,"???"
5897,"???"
5898,"???"
5899,"???"
5900,"???"
5901,"???"
5902,"???"
5903,"???"
5904,"???"
5905,"???"
5906,"???"
5907,"???"
5908,"???"
5909,"???"
5910,"???"
5911,"???"
5912,"???"
5913,"???"
5914,"???"
5915,"???"
5916,"???"
5917,"???"
5918,"???"
5919,"???"
5920,"???"
5921,"???"
5922,"???"
5923,"???"
5924,"???"
5925,"???"
5926,"???"
5927,"???"
5928,"???"
5929,"???"
5930,"???"
5931,"???"
5932,"???"
5933,"???"
5934,"???"
5935,"???"
5936,"???"
5937,"???"
5938,"???"
5939,"???"
5940,"???"
5941,"???"
5942,"???"
5943,"???"
5944,"???"
5945,"???"
5946,"???"
5947,"???"
5948,"???"
5949,"???"
5950,"???"
5951,"???"
5952,"???"
5953,"???"
5954,"???"
5955,"???"
5956,"???"
5957,"???"
5958,"???"
5959,"???"
5960,"???"
5961,"???"
5962,"???"
5963,"???"
5964,"???"
5965,"???"
5966,"???"
5967,"???"
5968,"???"
5969,"???"
5970,"???"
5971,"???"
5972,"???"
5973,"???"
5974,"???"
5975,"???"
5976,"???"
5977,"???"
5978,"???"
5979,"???"
5980,"???"
5981,"???"
5982,"???"
5983,"???"
5984,"???"
5985,"???"
5986,"???"
5987,"???"
5988,"???"
5989,"???"
5990,"???"
5991,"???"
5992,"???"
5993,"???"
5994,"???"
5995,"???"
5996,"???"
5997,"???"
5998,"???"
5999,"???"
6000,"???"
6001,"???"
6002,"???"
6003,"???"
6004,"???"
6005,"???"
6006,"???"
6007,"???"
6008,"???"
6009,"???"
6010,"???"
6011,"???"
6012,"???"
6013,"???"
6014,"???"
6015,"???"
6016,"???"
6017,"???"
6018,"???"
6019,"???"
6020,"???"
6021,"???"
6022,"???"
6023,"???"
6024,"???"
6025,"???"
6026,"???"
6027,"???"
6028,"???"
6029,"???"
6030,"???"
6031,"???"
6032,"???"
6033,"???"
6034,"???"
6035,"???"
6036,"???"
6037,"???"
6038,"???"
6039,"???"
6040,"???"
6041,"???"
6042,"???"
6043,"???"
6044,"???"
6045,"???"
6046,"???"
6047,"???"
6048,"???"
6049,"???"
6050,"???"
6051,"???"
6052,"???"
6053,"???"
6054,"???"
6055,"???"
6056,"???"
6057,"???"
6058,"???"
6059,"???"
6060,"???"
6061,"???"
6062,"???"
6063,"???"
6064,"???"
6065,"???"
6066,"???"
6067,"???"
6068,"???"
6069,"???"
6070,"???"
6071,"???"
6072,"???"
6073,"???"
6074,"???"
6075,"???"
6076,"???"
6077,"???"
6078,"???"
6079,"???"
6080,"???"
6081,"???"
6082,"???"
6083,"???"
6084,"???"
6085,"???"
6086,"???"
6087,"???"
6088,"???"
6089,"???"
6090,"???"
6091,"???"
6092,"???"
6093,"???"
6094,"???"
6095,"???"
6096,"???"
6097,"???"
6098,"???"
6099,"???"
6100,"???"
6101,"???"
6102,"???"
6103,"???"
6104,"???"
6105,"???"
6106,"???"
6107,"???"
6108,"???"
6109,"???"
6110,"???"
6111,"???"
6112,"???"
6113,"???"
6114,"???"
6115,"???"
6116,"???"
6117,"???"
6118,"???"
6119,"???"
6120,"???"
6121,"???"
6122,"???"
6123,"???"
6124,"???"
6125,"???"
6126,"???"
6127,"???"
6128,"???"
6129,"???"
6130,"???"
6131,"???"
6132,"???"
6133,"???"
6134,"???"
6135,"???"
6136,"???"
6137,"???"
6138,"???"
6139,"???"
6140,"???"
6141,"???"
6142,"???"
6143,"???"
6144,"???"
6145,"???"
6146,"???"
6147,"???"
6148,"???"
6149,"???"
6150,"???"
6151,"???"
6152,"???"
6153,"???"
6154,"???"
6155,"???"
6156,"???"
6157,"???"
6158,"???"
6159,"???"
6160,"???"
6161,"???"
6162,"???"
6163,"???"
6164,"???"
6165,"???"
6166,"???"
6167,"???"
6168,"???"
6169,"???"
6170,"???"
6171,"???"
6172,"???"
6173,"???"
6174,"???"
6175,"???"
6176,"???"
6177,"???"
6178,"???"
6179,"???"
6180,"???"
6181,"???"
6182,"???"
6183,"???"
6184,"???"
6185,"???"
6186,"???"
6187,"???"
6188,"???"
6189,"???"
6190,"???"
6191,"???"
6192,"???"
6193,"???"
6194,"???"
6195,"???"
6196,"???"
6197,"???"
6198,"???"
6199,"???"
6200,"???"
6201,"???"
6202,"???"
6203,"???"
6204,"???"
6205,"???"
6206,"???"
6207,"???"
6208,"???"
6209,"???"
6210,"???"
6211,"???"
6212,"???"
6213,"???"
6214,"???"
6215,"???"
6216,"???"
6217,"???"
6218,"???"
6219,"???"
6220,"???"
6221,"???"
6222,"???"
6223,"???"
6224,"???"
6225,"???"
6226,"???"
6227,"???"
6228,"???"
6229,"???"
6230,"???"
6231,"???"
6232,"???"
6233,"???"
6234,"???"
6235,"???"
6236,"???"
6237,"???"
6238,"???"
6239,"???"
6240,"???"
6241,"???"
6242,"???"
6243,"???"
6244,"???"
6245,"???"
6246,"???"
6247,"???"
6248,"???"
6249,"???"
6250,"???"
6251,"???"
6252,"???"
6253,"???"
6254,"???"
6255,"???"
6256,"???"
6257,"???"
6258,"???"
6259,"???"
6260,"???"
6261,"???"
6262,"???"
6263,"???"
6264,"???"
6265,"???"
6266,"???"
6267,"???"
6268,"???"
6269,"???"
6270,"???"
6271,"???"
6272,"???"
6273,"???"
6274,"???"
6275,"???"
6276,"???"
6277,"???"
6278,"???"
6279,"???"
6280,"???"
6281,"???"
6282,"???"
6283,"???"
6284,"???"
6285,"???"
6286,"???"
6287,"???"
6288,"???"
6289,"???"
6290,"???"
6291,"???"
6292,"???"
6293,"???"
6294,"???"
6295,"???"
6296,"???"
6297,"???"
6298,"???"
6299,"???"
6300,"???"
6301,"???"
6302,"???"
6303,"???"
6304,"???"
6305,"???"
6306,"???"
6307,"???"
6308,"???"
6309,"???"
6310,"???"
6311,"???"
6312,"???"
6313,"???"
6314,"???"
6315,"???"
6316,"???"
6317,"???"
6318,"???"
6319,"???"
6320,"???"
6321,"???"
6322,"???"
6323,"???"
6324,"???"
6325,"???"
6326,"???"
6327,"???"
6328,"???"
6329,"???"
6330,"???"
6331,"???"
6332,"???"
6333,"???"
6334,"???"
6335,"???"
6336,"???"
6337,"???"
6338,"???"
6339,"???"
6340,"???"
6341,"???"
6342,"???"
6343,"???"
6344,"???"
6345,"???"
6346,"???"
6347,"???"
6348,"???"
6349,"???"
6350,"???"
6351,"???"
6352,"???"
6353,"???"
6354,"???"
6355,"???"
6356,"???"
6357,"???"
6358,"???"
6359,"???"
6360,"???"
6361,"???"
6362,"???"
6363,"???"
6364,"???"
6365,"???"
6366,"???"
6367,"???"
6368,"???"
6369,"???"
6370,"???"
6371,"???"
6372,"???"
6373,"???"
6374,"???"
6375,"???"
6376,"???"
6377,"???"
6378,"???"
6379,"???"
6380,"???"
6381,"???"
6382,"???"
6383,"???"
6384,"???"
6385,"???"
6386,"???"
6387,"???"
6388,"???"
6389,"???"
6390,"???"
6391,"???"
6392,"???"
6393,"???"
6394,"???"
6395,"???"
6396,"???"
6397,"???"
6398,"???"
6399,"???"
6400,"???"
6401,"???"
6402,"???"
6403,"???"
6404,"???"
6405,"???"
6406,"???"
6407,"???"
6408,"???"
6409,"???"
6410,"???"
6411,"???"
6412,"???"
6413,"???"
6414,"???"
6415,"???"
6416,"???"
6417,"???"
6418,"???"
6419,"???"
6420,"???"
6421,"???"
6422,"???"
6423,"???"
6424,"???"
6425,"???"
6426,"???"
6427,"???"
6428,"???"
6429,"???"
6430,"???"
6431,"???"
6432,"???"
6433,"???"
6434,"???"
6435,"???"
6436,"???"
6437,"???"
6438,"???"
6439,"???"
6440,"???"
6441,"???"
6442,"???"
6443,"???"
6444,"???"
6445,"???"
6446,"???"
6447,"???"
6448,"???"
6449,"???"
6450,"???"
6451,"???"
6452,"???"
6453,"???"
6454,"???"
6455,"???"
6456,"???"
6457,"???"
6458,"???"
6459,"???"
6460,"???"
6461,"???"
6462,"???"
6463,"???"
6464,"???"
6465,"???"
6466,"???"
6467,"???"
6468,"???"
6469,"???"
6470,"???"
6471,"???"
6472,"???"
6473,"???"
6474,"???"
6475,"???"
6476,"???"
6477,"???"
6478,"???"
6479,"???"
6480,"???"
6481,"???"
6482,"???"
6483,"???"
6484,"???"
6485,"???"
6486,"???"
6487,"???"
6488,"???"
6489,"???"
6490,"???"
6491,"???"
6492,"???"
6493,"???"
6494,"???"
6495,"???"
6496,"???"
6497,"???"
6498,"???"
6499,"???"
6500,"???"
6501,"???"
6502,"???"
6503,"???"
6504,"???"
6505,"???"
6506,"???"
6507,"???"
6508,"???"
6509,"???"
6510,"???"
6511,"???"
6512,"???"
6513,"???"
6514,"???"
6515,"???"
6516,"???"
6517,"???"
6518,"???"
6519,"???"
6520,"???"
6521,"???"
6522,"???"
6523,"???"
6524,"???"
6525,"???"
6526,"???"
6527,"???"
6528,"???"
6529,"???"
6530,"???"
6531,"???"
6532,"???"
6533,"???"
6534,"???"
6535,"???"
6536,"???"
6537,"???"
6538,"???"
6539,"???"
6540,"???"
6541,"???"
6542,"???"
6543,"???"
6544,"???"
6545,"???"
6546,"???"
6547,"???"
6548,"???"
6549,"???"
6550,"???"
6551,"???"
6552,"???"
6553,"???"
6554,"???"
6555,"???"
6556,"???"
6557,"???"
6558,"???"
6559,"???"
6560,"???"
6561,"???"
6562,"???"
6563,"???"
6564,"???"
6565,"???"
6566,"???"
6567,"???"
6568,"???"
6569,"???"
6570,"???"
6571,"???"
6572,"???"
6573,"???"
6574,"???"
6575,"???"
6576,"???"
6577,"???"
6578,"???"
6579,"???"
6580,"???"
6581,"???"
6582,"???"
6583,"???"
6584,"???"
6585,"???"
6586,"???"
6587,"???"
6588,"???"
6589,"???"
6590,"???"
6591,"???"
6592,"???"
6593,"???"
6594,"???"
6595,"???"
6596,"???"
6597,"???"
6598,"???"
6599,"???"
6600,"???"
6601,"???"
6602,"???"
6603,"???"
6604,"???"
6605,"???"
6606,"???"
6607,"???"
6608,"???"
6609,"???"
6610,"???"
6611,"???"
6612,"???"
6613,"???"
6614,"???"
6615,"???"
6616,"???"
6617,"???"
6618,"???"
6619,"???"
6620,"???"
6621,"???"
6622,"???"
6623,"???"
6624,"???"
6625,"???"
6626,"???"
6627,"???"
6628,"???"
6629,"???"
6630,"???"
6631,"???"
6632,"???"
6633,"???"
6634,"???"
6635,"???"
6636,"???"
6637,"???"
6638,"???"
6639,"???"
6640,"???"
6641,"???"
6642,"???"
6643,"???"
6644,"???"
6645,"???"
6646,"???"
6647,"???"
6648,"???"
6649,"???"
6650,"???"
6651,"???"
6652,"???"
6653,"???"
6654,"???"
6655,"???"
6656,"???"
6657,"???"
6658,"???"
6659,"???"
6660,"???"
6661,"???"
6662,"???"
6663,"???"
6664,"???"
6665,"???"
6666,"???"
6667,"???"
6668,"???"
6669,"???"
6670,"???"
6671,"???"
6672,"???"
6673,"???"
6674,"???"
6675,"???"
6676,"???"
6677,"???"
6678,"???"
6679,"???"
6680,"???"
6681,"???"
6682,"???"
6683,"???"
6684,"???"
6685,"???"
6686,"???"
6687,"???"
6688,"???"
6689,"???"
6690,"???"
6691,"???"
6692,"???"
6693,"???"
6694,"???"
6695,"???"
6696,"???"
6697,"???"
6698,"???"
6699,"???"
6700,"???"
6701,"???"
6702,"???"
6703,"???"
6704,"???"
6705,"???"
6706,"???"
6707,"???"
6708,"???"
6709,"???"
6710,"???"
6711,"???"
6712,"???"
6713,"???"
6714,"???"
6715,"???"
6716,"???"
6717,"???"
6718,"???"
6719,"???"
6720,"???"
6721,"???"
6722,"???"
6723,"???"
6724,"???"
6725,"???"
6726,"???"
6727,"???"
6728,"???"
6729,"???"
6730,"???"
6731,"???"
6732,"???"
6733,"???"
6734,"???"
6735,"???"
6736,"???"
6737,"???"
6738,"???"
6739,"???"
6740,"???"
6741,"???"
6742,"???"
6743,"???"
6744,"???"
6745,"???"
6746,"???"
6747,"???"
6748,"???"
6749,"???"
6750,"???"
6751,"???"
6752,"???"
6753,"???"
6754,"???"
6755,"???"
6756,"???"
6757,"???"
6758,"???"
6759,"???"
6760,"???"
6761,"???"
6762,"???"
6763,"???"
6764,"???"
6765,"???"
6766,"???"
6767,"???"
6768,"???"
6769,"???"
6770,"???"
6771,"???"
6772,"???"
6773,"???"
6774,"???"
6775,"???"
6776,"???"
6777,"???"
6778,"???"
6779,"???"
6780,"???"
6781,"???"
6782,"???"
6783,"???"
6784,"???"
6785,"???"
6786,"???"
6787,"???"
6788,"???"
6789,"???"
6790,"???"
6791,"???"
6792,"???"
6793,"???"
6794,"???"
6795,"???"
6796,"???"
6797,"???"
6798,"???"
6799,"???"
6800,"???"
6801,"???"
6802,"???"
6803,"???"
6804,"???"
6805,"???"
6806,"???"
6807,"???"
6808,"???"
6809,"???"
6810,"???"
6811,"???"
6812,"???"
6813,"???"
6814,"???"
6815,"???"
6816,"???"
6817,"???"
6818,"???"
6819,"???"
6820,"???"
6821,"???"
6822,"???"
6823,"???"
6824,"???"
6825,"???"
6826,"???"
6827,"???"
6828,"???"
6829,"???"
6830,"???"
6831,"???"
6832,"???"
6833,"???"
6834,"???"
6835,"???"
6836,"???"
6837,"???"
6838,"???"
6839,"???"
6840,"???"
6841,"???"
6842,"???"
6843,"???"
6844,"???"
6845,"???"
6846,"???"
6847,"???"
6848,"???"
6849,"???"
6850,"???"
6851,"???"
6852,"???"
6853,"???"
6854,"???"
6855,"???"
6856,"???"
6857,"???"
6858,"???"
6859,"???"
6860,"???"
6861,"???"
6862,"???"
6863,"???"
6864,"???"
6865,"???"
6866,"???"
6867,"???"
6868,"???"
6869,"???"
6870,"???"
6871,"???"
6872,"???"
6873,"???"
6874,"???"
6875,"???"
6876,"???"
6877,"???"
6878,"???"
6879,"???"
6880,"???"
6881,"???"
6882,"???"
6883,"???"
6884,"???"
6885,"???"
6886,"???"
6887,"???"
6888,"???"
6889,"???"
6890,"???"
6891,"???"
6892,"???"
6893,"???"
6894,"???"
6895,"???"
6896,"???"
6897,"???"
6898,"???"
6899,"???"
6900,"???"
6901,"???"
6902,"???"
6903,"???"
6904,"???"
6905,"???"
6906,"???"
6907,"???"
6908,"???"
6909,"???"
6910,"???"
6911,"???"
6912,"???"
6913,"???"
6914,"???"
6915,"???"
6916,"???"
6917,"???"
6918,"???"
6919,"???"
6920,"???"
6921,"???"
6922,"???"
6923,"???"
6924,"???"
6925,"???"
6926,"???"
6927,"???"
6928,"???"
6929,"???"
6930,"???"
6931,"???"
6932,"???"
6933,"???"
6934,"???"
6935,"???"
6936,"???"
6937,"???"
6938,"???"
6939,"???"
6940,"???"
6941,"???"
6942,"???"
6943,"???"
6944,"???"
6945,"???"
6946,"???"
6947,"???"
6948,"???"
6949,"???"
6950,"???"
6951,"???"
6952,"???"
6953,"???"
6954,"???"
6955,"???"
6956,"???"
6957,"???"
6958,"???"
6959,"???"
6960,"???"
6961,"???"
6962,"???"
6963,"???"
6964,"???"
6965,"???"
6966,"???"
6967,"???"
6968,"???"
6969,"???"
6970,"???"
6971,"???"
6972,"???"
6973,"???"
6974,"???"
6975,"???"
6976,"???"
6977,"???"
6978,"???"
6979,"???"
6980,"???"
6981,"???"
6982,"???"
6983,"???"
6984,"???"
6985,"???"
6986,"???"
6987,"???"
6988,"???"
6989,"???"
6990,"???"
6991,"???"
6992,"???"
6993,"???"
6994,"???"
6995,"???"
6996,"???"
6997,"???"
6998,"???"
6999,"???"
7000,"???"
7001,"ボニー撃破"
7002,"プリエステス撃破"
7003,"クィーンビー撃破"
7004,"コアトル撃破"
7005,"グノーシス撃破"
7006,"シオン撃破"
7007,"サキュバス撃破"
7008,"ナターシャ撃破"
7009,"ソニアマズダ撃破"
7010,"ソニアマンユ撃破"
7011,"クィーンアント撃破"
7012,"グランベリア2撃破"
7013,"サラ人格切り替え可能"
7014,"プリエステス人格切り替え可能"
7015,"エデン撃破"
7016,"ルシア撃破・冥府用"
7017,"リリィ撃破・冥府用"
7018,"エルベティエチェンジ可能"
7019,"天界エデンチェンジ可能"
7020,"パピ切り替え可能"
7021,"ゴブ・プチ・ヴァニラ切り替え可能"
7022,"リリィ・ルシア切り替え可能"
7023,"暴食カサンドラ切り替え可能"
7024,"色欲ウィッチ切り替え可能"
7025,"傲慢ファティマ切り替え可能"
7026,"ミニ切り替え可能"
7027,"プロメス最強切り替え可能"
7028,"グランドノア女王切り替え可能"
7029,"ヌルコ切り替え可能"
7030,"最終エデン切り替え可能"
7031,"ハインリヒ切り替え可能"
7032,"ソニア切り替え可能"
7033,"アリスフィーズ9世切り替え可能"
7034,"アリス切り替え可能2"
7035,"イリアス切り替え可能"
7036,"たまも切り替え可能"
7037,"グランベリア切り替え可能"
7038,"憤怒牛魔王切り替え可能"
7039,"混沌ルートクリア"
7040,"黒のアリス形態切り替え可能"
7041,"シンギュラリティ撃破"
7042,"ワールドドロウン撃破"
7043,"コスモス撃破"
7044,"ノーライフキング撃破"
7045,"アンゴルモア撃破"
7046,"マガツオオミカミ撃破"
7047,"バアル・ゼブブ撃破"
7048,"七つの大罪撃破"
7049,"全てを識る者撃破"
7050,"エキドナ撃破"
7051,"名状しがたきもの撃破"
7052,"次元侵蝕者撃破"
7053,"ダークフェニックス撃破"
7054,"星喰い撃破"
7055,"虚竜撃破"
7056,"魔神撃破"
7057,"鬼神撃破"
7058,"女神撃破"
7059,"ヴァニラ店：イリアスの霊薬"
7060,"ヴァニラ店：カオスドリンク"
7061,"ヴァニラ店：世界樹の葉"
7062,"ヴァニラ店：秘薬三種"
7063,"ヴァニラ店：カンフル・ワクチン"
7064,"ヴァニラ店：空の秘石"
7065,"ヴァニラ店：最上魔石"
7066,"ヴァニラ店：魔水銀"
7067,"ヴァニラ店コンプリート"
7068,"おさかな号取得・周回用"
7069,"異種族転種可能"
7070,"スライム→獣"
7071,"人魚→妖精"
7072,"アルマエルマ正式加入"
7073,"エルフ転種可能"
7074,"海棲種転種可能"
7075,"妖魔転種可能"
7076,"マーリン切り替え可能"
7077,"コラボシナリオクリア"
7078,"コラボ後日談クリア"
7079,"人間→亜人・妖魔転種可能"
7080,"アマビエ人格切り替え可能"
7081,"カサンドラ人格切り替え可能"
7082,"人魚→人間転種可能"
7083,"妖魔→海棲種"
7084,"人間→吸血鬼"
7085,"サバサ王チェンジ可能"
7086,"メフィストチェンジ可能"
7087,"サラサ加入"
7088,"サバサマン加入"
7089,"アリス大人切り替え可能"
7090,"ヌルコ正体判明、ポ城会話用"
7091,"メニュー項目「秘石」解放"
7092,"ステータス画面混沌属性解放"
7093,"アリストロメリアチェンジ可能"
7094,"フレデリカチェンジ可能"
7095,"クロム合一"
7096,"天界ルートクリア"
7097,"魔界ルートクリア"
7098,"パピ聖皇"
7099,"パピ闇皇"
7100,"カオスルート開通"
7101,"v3.00混沌迷宮"
7102,"月虹の結晶所持"
7103,"無の結晶所持"
7104,"最終鉱石所持"
7105,"鍛冶LV2"
7106,"鍛冶LV3"
7107,"鍛冶LV4"
7108,"鍛冶LV5"
7109,"鍛冶LV6"
7110,"鍛冶LV7"
7111,"鍛冶LV8"
7112,"鍛冶LV9"
7113,"鍛冶LV10"
7114,"鍛冶LV11"
7115,"神聖鍛冶MAX"
7116,"魔王鍛冶MAX"
7117,"英雄鍛冶MAX"
7118,"混沌鍛冶MAX"
7119,"精霊鍛冶MAX"
7120,"求道者鍛冶MAX"
7121,"ヤマタイ鍛冶MAX"
7122,"リリスオリジン切り替え可能"
7123,"シオン切り替え可能"
7124,"キメラ→巨人"
7125,"ネフィリムウェポン撃破"
7126,"ギガントウェポン撃破"
7127,"エルフ→人間"
7128,"サキュバス→吸血鬼"
7129,"妖狐→魔獣"
7130,"マーメイド→ラミア・スキュラ"
7131,"サキュバス→ハーピー"
7132,"ラミア＋ハーピー→ドラゴン"
7133,"陸棲種→虫"
7134,"亜人→ゾンビ"
7135,"フェアリー→ゴースト"
7136,"ゾンビ→ドール"
7137,"陸棲種＋海棲種→キメラ"
7138,"人間→天使"
7139,"キメラ→ロイド"
7140,"アリス15世切り替え可能"
7141,"異種転種ステージ2"
7142,"異種転種ステージ3"
7143,"混沌エスタ壊滅イベント回想"
7144,"混沌ゴルドポート壊滅イベント回想"
7145,"混沌ラダイト壊滅イベント回想"
7146,"ヒーロー素顔解禁"
7147,"影紬お茶汲みチェンジ可能"
7148,"究極イリアスチェンジ可能"
7149,"カオスイリアスチェンジ可能"
7150,"カオスフィーズチェンジ可能"
7151,"混沌黒のアリスチェンジ可能"
7152,"マキナ鍛冶1"
7153,"マキナ鍛冶2"
7154,"???"
7155,"???"
7156,"???"
7157,"???"
7158,"???"
7159,"???"
7160,"???"
7161,"???"
7162,"???"
7163,"???"
7164,"???"
7165,"???"
7166,"???"
7167,"???"
7168,"???"
7169,"???"
7170,"???"
7171,"???"
7172,"???"
7173,"???"
7174,"???"
7175,"???"
7176,"???"
7177,"???"
7178,"???"
7179,"???"
7180,"???"
7181,"???"
7182,"???"
7183,"???"
7184,"???"
7185,"???"
7186,"???"
7187,"???"
7188,"???"
7189,"???"
7190,"???"
7191,"???"
7192,"???"
7193,"???"
7194,"???"
7195,"???"
7196,"???"
7197,"???"
7198,"???"
7199,"???"
7200,"???"
7201,"???"
7202,"???"
7203,"???"
7204,"???"
7205,"???"
7206,"???"
7207,"???"
7208,"???"
7209,"???"
7210,"???"
7211,"???"
7212,"???"
7213,"???"
7214,"???"
7215,"???"
7216,"???"
7217,"???"
7218,"???"
7219,"???"
7220,"???"
7221,"???"
7222,"???"
7223,"???"
7224,"???"
7225,"???"
7226,"???"
7227,"???"
7228,"???"
7229,"???"
7230,"???"
7231,"???"
7232,"???"
7233,"???"
7234,"???"
7235,"???"
7236,"???"
7237,"???"
7238,"???"
7239,"???"
7240,"???"
7241,"???"
7242,"???"
7243,"???"
7244,"???"
7245,"???"
7246,"???"
7247,"???"
7248,"???"
7249,"???"
7250,"???"
7251,"???"
7252,"???"
7253,"???"
7254,"???"
7255,"???"
7256,"???"
7257,"???"
7258,"???"
7259,"???"
7260,"???"
7261,"???"
7262,"???"
7263,"???"
7264,"???"
7265,"???"
7266,"???"
7267,"???"
7268,"???"
7269,"???"
7270,"???"
7271,"???"
7272,"???"
7273,"???"
7274,"???"
7275,"???"
7276,"???"
7277,"???"
7278,"???"
7279,"???"
7280,"???"
7281,"???"
7282,"???"
7283,"???"
7284,"???"
7285,"???"
7286,"???"
7287,"???"
7288,"???"
7289,"???"
7290,"???"
7291,"???"
7292,"???"
7293,"???"
7294,"???"
7295,"???"
7296,"???"
7297,"???"
7298,"???"
7299,"???"
7300,"???"
7301,"???"
7302,"???"
7303,"???"
7304,"???"
7305,"???"
7306,"???"
7307,"???"
7308,"???"
7309,"???"
7310,"???"
7311,"???"
7312,"???"
7313,"???"
7314,"???"
7315,"???"
7316,"???"
7317,"???"
7318,"???"
7319,"???"
7320,"???"
7321,"???"
7322,"???"
7323,"???"
7324,"???"
7325,"???"
7326,"???"
7327,"???"
7328,"???"
7329,"???"
7330,"???"
7331,"???"
7332,"???"
7333,"???"
7334,"???"
7335,"???"
7336,"???"
7337,"???"
7338,"???"
7339,"???"
7340,"???"
7341,"???"
7342,"???"
7343,"???"
7344,"???"
7345,"???"
7346,"???"
7347,"???"
7348,"???"
7349,"???"
7350,"???"
7351,"???"
7352,"???"
7353,"???"
7354,"???"
7355,"???"
7356,"???"
7357,"???"
7358,"???"
7359,"???"
7360,"???"
7361,"???"
7362,"???"
7363,"???"
7364,"???"
7365,"???"
7366,"???"
7367,"???"
7368,"???"
7369,"???"
7370,"???"
7371,"???"
7372,"???"
7373,"???"
7374,"???"
7375,"???"
7376,"???"
7377,"???"
7378,"???"
7379,"???"
7380,"???"
7381,"???"
7382,"???"
7383,"???"
7384,"???"
7385,"???"
7386,"???"
7387,"???"
7388,"???"
7389,"???"
7390,"???"
7391,"???"
7392,"???"
7393,"???"
7394,"???"
7395,"???"
7396,"???"
7397,"???"
7398,"???"
7399,"???"
7400,"???"
7401,"???"
7402,"???"
7403,"???"
7404,"???"
7405,"???"
7406,"???"
7407,"???"
7408,"???"
7409,"???"
7410,"???"
7411,"???"
7412,"???"
7413,"???"
7414,"???"
7415,"???"
7416,"???"
7417,"???"
7418,"???"
7419,"???"
7420,"???"
7421,"???"
7422,"???"
7423,"???"
7424,"???"
7425,"???"
7426,"???"
7427,"???"
7428,"???"
7429,"???"
7430,"???"
7431,"???"
7432,"???"
7433,"???"
7434,"???"
7435,"???"
7436,"???"
7437,"???"
7438,"???"
7439,"???"
7440,"???"
7441,"???"
7442,"???"
7443,"???"
7444,"???"
7445,"???"
7446,"???"
7447,"???"
7448,"???"
7449,"???"
7450,"???"
7451,"???"
7452,"???"
7453,"???"
7454,"???"
7455,"???"
7456,"???"
7457,"???"
7458,"???"
7459,"???"
7460,"???"
7461,"???"
7462,"???"
7463,"???"
7464,"???"
7465,"???"
7466,"???"
7467,"???"
7468,"???"
7469,"???"
7470,"???"
7471,"???"
7472,"???"
7473,"???"
7474,"???"
7475,"???"
7476,"???"
7477,"???"
7478,"???"
7479,"???"
7480,"???"
7481,"???"
7482,"???"
7483,"???"
7484,"???"
7485,"???"
7486,"???"
7487,"???"
7488,"???"
7489,"???"
7490,"???"
7491,"???"
7492,"???"
7493,"???"
7494,"???"
7495,"???"
7496,"???"
7497,"???"
7498,"???"
7499,"???"
7500,"???"
7501,"???"
7502,"???"
7503,"???"
7504,"???"
7505,"???"
7506,"???"
7507,"???"
7508,"???"
7509,"???"
7510,"???"
7511,"???"
7512,"???"
7513,"???"
7514,"???"
7515,"???"
7516,"???"
7517,"???"
7518,"???"
7519,"???"
7520,"???"
7521,"???"
7522,"???"
7523,"???"
7524,"???"
7525,"???"
7526,"???"
7527,"???"
7528,"???"
7529,"???"
7530,"???"
7531,"???"
7532,"???"
7533,"???"
7534,"???"
7535,"???"
7536,"???"
7537,"???"
7538,"???"
7539,"???"
7540,"???"
7541,"???"
7542,"???"
7543,"???"
7544,"???"
7545,"???"
7546,"???"
7547,"???"
7548,"???"
7549,"???"
7550,"???"
7551,"???"
7552,"???"
7553,"???"
7554,"???"
7555,"???"
7556,"???"
7557,"???"
7558,"???"
7559,"???"
7560,"???"
7561,"???"
7562,"???"
7563,"???"
7564,"???"
7565,"???"
7566,"???"
7567,"???"
7568,"???"
7569,"???"
7570,"???"
7571,"???"
7572,"???"
7573,"???"
7574,"???"
7575,"???"
7576,"???"
7577,"???"
7578,"???"
7579,"???"
7580,"???"
7581,"???"
7582,"???"
7583,"???"
7584,"???"
7585,"???"
7586,"???"
7587,"???"
7588,"???"
7589,"???"
7590,"???"
7591,"???"
7592,"???"
7593,"???"
7594,"???"
7595,"???"
7596,"???"
7597,"???"
7598,"???"
7599,"???"
7600,"???"
7601,"???"
7602,"???"
7603,"???"
7604,"???"
7605,"???"
7606,"???"
7607,"???"
7608,"???"
7609,"???"
7610,"???"
7611,"???"
7612,"???"
7613,"???"
7614,"???"
7615,"???"
7616,"???"
7617,"???"
7618,"???"
7619,"???"
7620,"???"
7621,"???"
7622,"???"
7623,"???"
7624,"???"
7625,"???"
7626,"???"
7627,"???"
7628,"???"
7629,"???"
7630,"???"
7631,"???"
7632,"???"
7633,"???"
7634,"???"
7635,"???"
7636,"???"
7637,"???"
7638,"???"
7639,"???"
7640,"???"
7641,"???"
7642,"???"
7643,"???"
7644,"???"
7645,"???"
7646,"???"
7647,"???"
7648,"???"
7649,"???"
7650,"???"
7651,"???"
7652,"???"
7653,"???"
7654,"???"
7655,"???"
7656,"???"
7657,"???"
7658,"???"
7659,"???"
7660,"???"
7661,"???"
7662,"???"
7663,"???"
7664,"???"
7665,"???"
7666,"???"
7667,"???"
7668,"???"
7669,"???"
7670,"???"
7671,"???"
7672,"???"
7673,"???"
7674,"???"
7675,"???"
7676,"???"
7677,"???"
7678,"???"
7679,"???"
7680,"???"
7681,"???"
7682,"???"
7683,"???"
7684,"???"
7685,"???"
7686,"???"
7687,"???"
7688,"???"
7689,"???"
7690,"???"
7691,"???"
7692,"???"
7693,"???"
7694,"???"
7695,"???"
7696,"???"
7697,"???"
7698,"???"
7699,"???"
7700,"???"
7701,"???"
7702,"???"
7703,"???"
7704,"???"
7705,"???"
7706,"???"
7707,"???"
7708,"???"
7709,"???"
7710,"???"
7711,"???"
7712,"???"
7713,"???"
7714,"???"
7715,"???"
7716,"???"
7717,"???"
7718,"???"
7719,"???"
7720,"???"
7721,"???"
7722,"???"
7723,"???"
7724,"???"
7725,"???"
7726,"???"
7727,"???"
7728,"???"
7729,"???"
7730,"???"
7731,"???"
7732,"???"
7733,"???"
7734,"???"
7735,"???"
7736,"???"
7737,"???"
7738,"???"
7739,"???"
7740,"???"
7741,"???"
7742,"???"
7743,"???"
7744,"???"
7745,"???"
7746,"???"
7747,"???"
7748,"???"
7749,"???"
7750,"???"
7751,"???"
7752,"???"
7753,"???"
7754,"???"
7755,"???"
7756,"???"
7757,"???"
7758,"???"
7759,"???"
7760,"???"
7761,"???"
7762,"???"
7763,"???"
7764,"???"
7765,"???"
7766,"???"
7767,"???"
7768,"???"
7769,"???"
7770,"???"
7771,"???"
7772,"???"
7773,"???"
7774,"???"
7775,"???"
7776,"???"
7777,"???"
7778,"???"
7779,"???"
7780,"???"
7781,"???"
7782,"???"
7783,"???"
7784,"???"
7785,"???"
7786,"???"
7787,"???"
7788,"???"
7789,"???"
7790,"???"
7791,"???"
7792,"???"
7793,"???"
7794,"???"
7795,"???"
7796,"???"
7797,"???"
7798,"???"
7799,"???"
7800,"???"
7801,"???"
7802,"???"
7803,"???"
7804,"???"
7805,"???"
7806,"???"
7807,"???"
7808,"???"
7809,"???"
7810,"???"
7811,"???"
7812,"???"
7813,"???"
7814,"???"
7815,"???"
7816,"???"
7817,"???"
7818,"???"
7819,"???"
7820,"???"
7821,"???"
7822,"???"
7823,"???"
7824,"???"
7825,"???"
7826,"???"
7827,"???"
7828,"???"
7829,"???"
7830,"???"
7831,"???"
7832,"???"
7833,"???"
7834,"???"
7835,"???"
7836,"???"
7837,"???"
7838,"???"
7839,"???"
7840,"???"
7841,"???"
7842,"???"
7843,"???"
7844,"???"
7845,"???"
7846,"???"
7847,"???"
7848,"???"
7849,"???"
7850,"???"
7851,"???"
7852,"???"
7853,"???"
7854,"???"
7855,"???"
7856,"???"
7857,"???"
7858,"???"
7859,"???"
7860,"???"
7861,"???"
7862,"???"
7863,"???"
7864,"???"
7865,"???"
7866,"???"
7867,"???"
7868,"???"
7869,"???"
7870,"???"
7871,"???"
7872,"???"
7873,"???"
7874,"???"
7875,"???"
7876,"???"
7877,"???"
7878,"???"
7879,"???"
7880,"???"
7881,"???"
7882,"???"
7883,"???"
7884,"???"
7885,"???"
7886,"???"
7887,"???"
7888,"???"
7889,"???"
7890,"???"
7891,"???"
7892,"???"
7893,"???"
7894,"???"
7895,"???"
7896,"???"
7897,"???"
7898,"???"
7899,"???"
7900,"???"
7901,"???"
7902,"???"
7903,"???"
7904,"???"
7905,"???"
7906,"???"
7907,"???"
7908,"???"
7909,"???"
7910,"???"
7911,"???"
7912,"???"
7913,"???"
7914,"???"
7915,"???"
7916,"???"
7917,"???"
7918,"???"
7919,"???"
7920,"???"
7921,"???"
7922,"???"
7923,"???"
7924,"???"
7925,"???"
7926,"???"
7927,"???"
7928,"???"
7929,"???"
7930,"???"
7931,"???"
7932,"???"
7933,"???"
7934,"???"
7935,"???"
7936,"???"
7937,"???"
7938,"???"
7939,"???"
7940,"???"
7941,"???"
7942,"???"
7943,"???"
7944,"???"
7945,"???"
7946,"???"
7947,"???"
7948,"???"
7949,"???"
7950,"???"
7951,"???"
7952,"???"
7953,"???"
7954,"???"
7955,"???"
7956,"???"
7957,"???"
7958,"???"
7959,"???"
7960,"???"
7961,"???"
7962,"???"
7963,"???"
7964,"???"
7965,"???"
7966,"???"
7967,"???"
7968,"???"
7969,"???"
7970,"???"
7971,"???"
7972,"???"
7973,"???"
7974,"???"
7975,"???"
7976,"???"
7977,"???"
7978,"???"
7979,"???"
7980,"???"
7981,"???"
7982,"???"
7983,"???"
7984,"???"
7985,"???"
7986,"???"
7987,"???"
7988,"???"
7989,"???"
7990,"???"
7991,"???"
7992,"???"
7993,"???"
7994,"???"
7995,"???"
7996,"???"
7997,"???"
7998,"???"
7999,"???"
8000,"???"
