"技能ID","日文名称","日文所属","日文说明","可学习职业（日文，含等级）","可学习种族（日文，含等级）","HP消耗","MP消耗","SP消耗（内部TP）","中文名称","中文所属","中文说明","可学习职业（中文，含等级）","可学习种族（中文，含等级）","技能类型ID"
"1","攻撃","未分类技能","敵単体にダメージを与える","","","0","0","0","攻击","未分类技能","对单体敌人造成伤害","","","0"
"2","防御","未分类技能","身を守ることに専念し、受けるダメージを抑える","","","0","0","0","防御","未分类技能","专心防御，减少受到的伤害","","","0"
"3","乱れ撃ち","未分类技能","ランダムで4回ダメージを与える","","","0","0","0","乱击","未分类技能","随机造成4次伤害","","","0"
"4","皆伝乱れ撃ち","未分类技能","ランダムで8回ダメージを与える","","","0","0","0","皆传乱击","未分类技能","随机造成8次伤害","","","0"
"5","全体攻撃","未分类技能","敵全体にダメージを与える","","","0","0","0","全体攻击","未分类技能","对全体敌人造成伤害","","","0"
"6","魔導撃","未分类技能","MPを消費し敵単体に大ダメージを与える","","","0","5","0","魔导击","未分类技能","消耗MP对单体敌人造成大量伤害","","","0"
"7","ドレインアタック","未分类技能","敵単体にダメージを与え、体力を吸収する","","","0","0","0","吸血攻击","未分类技能","对单体敌人造成伤害并吸收体力","","","0"
"8","吸魔撃","未分类技能","MPを吸収する打撃攻撃","","","0","0","0","吸魔击","未分类技能","吸收MP的打击攻击","","","0"
"9","捨身撃","未分类技能","捨て身の攻撃で敵単体に大ダメージを与える","","","0","0","0","舍身击","未分类技能","舍身的攻击对单体敌人造成大量伤害","","","0"
"10","リベンジアタック","未分类技能","敵単体にダメージを与える
戦闘不能になっている味方の数だけ威力が増す","","","0","0","0","复仇攻击","未分类技能","对单体敌人造成伤害
根据战斗不能的队友数量增加威力","","","0"
"11","暗黒","闇技","敵単体に闇の力を用いた大ダメージを与える
しかしその代償に最大HPの2%を消費","","","2%当前HP","0","0","黑暗","暗技","对单体敌人使用黑暗力量造成大伤害
但代价是消耗最大HP的2%","","","27"
"12","ぶんどる","未分类技能","威力：Ｅ　対象：敵単体　効果：盗む
攻撃と同時にアイテムを盗む","","","0","0","0","抢夺","未分类技能","威力：Ｅ　対象：敵単体　効果：盗む
攻击的同时偷窃物品","","","0"
"13","でたらめ攻撃","未分类技能","敵味方ランダム3体を攻撃、SP40%回復","","","0","0","0","胡乱攻击","未分类技能","随机攻击敌我双方3体，SP恢复40%","","","0"
"14","ゴールド獲得","未分类技能","防具1162","","","0","0","0","金币获取","未分类技能","防具1162","","","0"
"15","アイテム獲得","未分类技能","防具1164","","","0","0","0","物品获取","未分类技能","防具1164","","","0"
"16","高級アイテム獲得","未分类技能","防具1165","","","0","0","0","高级物品获取","未分类技能","防具1165","","","0"
"17","レアアイテム獲得","未分类技能","防具1166","","","0","0","0","稀有物品获取","未分类技能","防具1166","","","0"
"18","遺言","未分类技能","防具1167","","","0","0","0","遗言","未分类技能","防具1167","","","0"
"19","道連れBC兵器","未分类技能","防具1168","","","0","0","0","同归于尽BC兵器","未分类技能","防具1168","","","0"
"20","末期の奉仕","未分类技能","防具1169","","","0","0","0","末期的侍奉","未分类技能","防具1169","","","0"
"21","メイドの土産","未分类技能","防具1170","","","0","0","0","女仆的礼物","未分类技能","防具1170","","","0"
"22","聖者殉教","未分类技能","防具1172
仲間全回復復活","","","0","0","0","圣者殉教","未分类技能","防具1172
同伴全回复复活","","","0"
"23","聖者玉砕","王技","威力：Ｓ　対象：敵全体　属性：炎・聖
防具1173","","","0","0","0","圣者玉碎","王技","威力：Ｓ　対象：敵全体　属性：炎・聖
防具1173","","","47"
"24","魅惑のエロス","未分类技能","防具636,7058","","","0","0","0","魅惑的色欲","未分类技能","防具636,7058","","","0"
"25","粘液カウンター","粘液技","威力：Ｅ　対象：敵単体　属性：快楽　効果：ヌルヌル
防具1175","","","0","0","0","粘液反击","粘液技","威力：Ｅ　対象：敵単体　属性：快楽　効果：ヌルヌル
防具1175","","","52"
"26","消化粘液カウンター","粘液技","威力：Ｄ　対象：敵単体　属性：快楽　効果：消化
防具1176、ステート235","","","0","0","0","消化粘液反击","粘液技","威力：Ｄ　対象：敵単体　属性：快楽　効果：消化
防具1176、ステート235","","","52"
"27","振動装甲","虫技","威力：Ｃ　対象：敵全体
防具1178、アクター572","","","0","0","0","振动装甲","虫技","威力：Ｃ　対象：敵全体
防具1178、アクター572","","","57"
"28","遊ぶ","未分类技能","職業92:遊び人<行動変化 28-50>","","","0","0","0","玩","未分类技能","職業92:遊び人<行動変化 28-50>","","","0"
"29","ヌルヌル粘液","粘液技","威力：Ｅ　対象：敵単体　属性：快楽　効果：ヌルヌル","","","0","0","0","黏滑粘液","粘液技","威力：Ｅ　対象：敵単体　属性：快楽　効果：ヌルヌル","","","52"
"30","一掃の居合い","未分类技能","防具1179","","","0","0","0","一扫而空的一刀","未分类技能","防具1179","","","0"
"31","必滅の居合い","未分类技能","防具1180","","","0","0","0","必灭的一刀","未分类技能","防具1180","","","0"
"32","出会い頭のおたけび","未分类技能","防具1181","","","0","0","0","初次见面的呐喊","未分类技能","防具1181","","","0"
"33","獣王の畏怖","未分类技能","防具1182","","","0","0","0","兽王的敬畏","未分类技能","防具1182","","","0"
"34","開幕びっくり箱","未分类技能","防具1183","","","0","0","0","开场惊吓箱","未分类技能","防具1183","","","0"
"35","ファーストランダマイザ","オラクル","防具1184","","","0","0","0","初次随机发生器","神谕","防具1184","","","36"
"36","バビロンの大淫婦","未分类技能","防具1185","","","0","0","0","巴比伦的大淫妇","未分类技能","防具1185","","","0"
"37","消化粘液浸食","未分类技能","ステート236","","","0","0","0","消化粘液侵蚀","未分类技能","ステート236","","","0"
"38","ビーナスネペンテス","植物技","ステート237","","","0","0","0","维纳斯之花","植物技","ステート237","","","58"
"39","援軍","特技","威力：Ｅ　対象：敵ランダム3回","","","0","0","0","援军","特技","威力：Ｅ　対象：敵ランダム3回","","","63"
"40","支援砲撃","海賊技","防具677,3172","","","0","0","0","支援炮击","海盗技","防具677,3172","","","32"
"41","カイザーフリート","海賊技","","","","0","0","0","凯撒舰队","海盗技","","","","32"
"42","無敵艦隊一斉砲撃","海賊技","","","","0","0","0","无敌舰队齐射","海盗技","","","","32"
"43","人魚大砲","海賊技","","","","0","0","0","人鱼大炮","海盗技","","","","32"
"44","禁断兵器・核熱砲撃","海賊技","ステート501","","","0","0","0","禁断兵灵・核热炮击","海盗技","ステート501","","","32"
"45","集団撃","虫技","威力：Ｃ　対象：敵ランダム3回
ステート243","","","0","0","0","集体击","虫技","威力：Ｃ　対象：敵ランダム3回
ステート243","","","57"
"46","一族総攻撃","虫技","威力：Ｓ　対象：敵ランダム4回
ステート244","","","0","0","0","一族总攻击","虫技","威力：Ｓ　対象：敵ランダム4回
ステート244","","","57"
"47","混沌撃","闇技","敵単体に混沌の力を用いた大ダメージを与える
しかしその代償に最大HPの5%を消費","","","10%当前HP","0","0","混沌击","暗技","对单体敌人使用混沌之力造成巨大伤害
但作为代价，消耗最大HP的5%","","","27"
"51","なすがまま","未分类技能","","","","0","0","0","任由摆布","未分类技能","","","","0"
"53","吸収武器50%","未分类技能","","","","0","0","0","吸收武器50%","未分类技能","","","","0"
"54","吸収武器100%","未分类技能","","","","0","0","0","吸收武器100%","未分类技能","","","","0"
"55","素材ぶんどる","盗賊技","","","","0","0","0","抢夺素材","盗贼技","","","","30"
"56","パンツぶんどる","盗賊技","","","","0","0","0","抢夺内裤","盗贼技","","","","30"
"57","十六連乱れ撃ち","未分类技能","ランダムで16回ダメージを与える
防具4326","","","0","0","0","十六连乱击","未分类技能","随机造成16次伤害
防具4326","","","0"
"58","滅捨身撃","未分类技能","敵単体に特大ダメージを与えるが、そのターンは倍のダメージを受ける
防具4327","","","0","0","0","灭舍身击","未分类技能","对单体敌人造成特大伤害，但该回合受到双倍伤害
防具4327","","","0"
"901","ナイフ投げ","短剣技","威力：Ｅ（力・器）　対象：敵単体
敵単体にナイフを投げ付ける短剣技","62:シーフ（Lv4）","184:ヴァンパイア（Lv2）","0","0","1","小刀投掷","短剑技","威力：Ｅ（力・器）　対象：敵単体
向单体敌人投掷小刀的短剑技","62:盗贼（Lv4）","184:吸血鬼（Lv2）","6"
"902","連続ナイフ投げ","短剣技","威力：Ｄ（力・器）　対象：敵単体3回
敵単体に連続でナイフを投げ付ける短剣技","62:シーフ（Lv10）","","0","0","2","连续小刀投掷","短剑技","威力：Ｄ（力・器）　対象：敵単体3回
向单体敌人连续投掷小刀的短剑技","62:盗贼（Lv10）","","6"
"903","串刺し","短剣技","威力：Ｄ（力・器）　対象：敵単体
敵の胴に狙いを定め、一撃で串刺しにする短剣技","","184:ヴァンパイア（Lv6）","0","0","3","串刺","短剑技","威力：Ｄ（力・器）　対象：敵単体
瞄准敌人的躯干，一击将其串刺的短剑技","","184:吸血鬼（Lv6）","6"
"904","トリックナイフ","短剣技","威力：Ｃ（力・器）　対象：敵単体
トリッキーに切り付けダメージを負わせる短剣技","63:マスターシーフ（Lv4）","","0","0","3","诡计小刀","短剑技","威力：Ｃ（力・器）　対象：敵単体
巧妙地切入造成伤害的短剑技","63:大师盗贼（Lv4）","","6"
"905","アサシンスロー","短剣技","威力：Ｄ（力・器）　対象：敵単体　効果：即死
急所を狙い、敵の命を奪い去る暗殺者の刃","63:マスターシーフ（Lv8）","","0","0","2","刺客投掷","短剑技","威力：Ｄ（力・器）　対象：敵単体　効果：即死
瞄准要害，夺取敌人生命的暗杀者之刃","63:大师盗贼（Lv8）","","6"
"906","カディクル・ベイ","短剣技","威力：Ｂ（力・器）　対象：敵単体　効果：暗闇
魔力を込めて敵を切り裂き、大ダメージを与える","","185:ノスフェラトゥ（Lv4）","0","0","4","血染的王鬼","短剑技","威力：Ｂ（力・器）　対象：敵単体　効果：暗闇
注入魔力斩裂敌人，造成巨大伤害","","185:诺斯费拉图（Lv4）","6"
"907","アサシンダンス","短剣技","威力：Ｂ（力・器）　対象：敵ランダム3回　効果：即死
踊るような動きで敵の急所を何度も攻撃し、命を奪う","64:トリックスター（Lv2）","","0","0","5","刺客之舞","短剑技","威力：Ｂ（力・器）　対象：敵ランダム3回　効果：即死
以舞蹈般的动作多次攻击敌人的要害，夺取生命","64:诡计之星（Lv2）","","6"
"908","ナイフインフィニティ","短剣技","威力：Ａ（力・器）　対象：敵単体
敵単体に無数のナイフ投げを叩き込む短剣技","64:トリックスター（Lv4）","","0","0","7","无限刀刃","短剑技","威力：Ａ（力・器）　対象：敵単体
对单体敌人投掷无数小刀的短剑技","64:诡计之星（Lv4）","","6"
"909","サザンクロス","短剣技","威力：Ａ（力・器）　対象：敵全体　属性：雷　効果：ショック
雷の魔力を帯びた刃で敵全体を十字に切り裂く短剣奥義","","186:夜の帝王（Lv10）","0","0","8","南十字星","短剑技","威力：Ａ（力・器）　対象：敵全体　属性：雷　効果：ショック
以带雷之魔力的刃将全体敌人十字斩裂的短剑奥义","","186:夜之帝王（Lv10）","6"
"910","シャドウテスタメント","短剣技","威力：Ｓ（力・器）　対象：敵全体　属性：闇　効果：暗闇
刃で空間を裂き、闇の衝撃を生じさせる短剣奥義","","192:クィーンヴァンパイア（Lv8）","12%当前HP","0","6","暗影圣约","短剑技","威力：Ｓ（力・器）　対象：敵全体　属性：闇　効果：暗闇
以刃撕裂空间，引发暗之冲击的短剑奥义","","192:吸血鬼女王（Lv8）","6"
"911","アサシンストーム","短剣技","威力：ＳＳ（力・器）　対象：敵ランダム5回　効果：即死
命を奪う一撃を嵐のように連続で繰り出す短剣奥義","7029:盗神（Lv2）","","0","0","14","刺客风暴","短剑技","威力：ＳＳ（力・器）　対象：敵ランダム5回　効果：即死
如风暴般连续施展夺命一击的短剑奥义","7029:盗神（Lv2）","","6"
"912","イオンストリーク","短剣技","威力：ＳＳＳ（力・器）　対象：敵ランダム6回　属性：修羅・イオン　効果：ショック
イオンの刃で敵集団を何度も斬り裂く混沌奥義","7029:盗神（Lv13）","","0","0","18","离子突击","短剑技","威力：ＳＳＳ（力・器）　対象：敵ランダム6回　属性：修羅・イオン　効果：ショック
以离子刃多次斩裂敌群的混沌奥义","7029:盗神（Lv13）","","6"
"917","切り返し","剣技","威力：Ｅ（力）　対象：敵単体
斬り下ろしの直後に手首を返して斬り上げる剣技","1:戦士（Lv2）","","0","0","2","反击","剑技","威力：Ｅ（力）　対象：敵単体
斩下后迅速手腕回转斩上的剑技","1:战士（Lv2）","","7"
"918","疾風突き","剣技","威力：Ｅ（力）　対象：敵単体　属性：風　効果：速攻
疾風のように踏み込み、敵に刃を叩き込む剣技","1:戦士（Lv4）","","0","0","1","疾风突刺","剑技","威力：Ｅ（力）　対象：敵単体　属性：風　効果：速攻
如疾风般突进，将刃击入敌方的剑技","1:战士（Lv4）","","7"
"919","払車剣","剣技","威力：Ｄ（力）　対象：敵単体
車輪状の衝撃波を放ち敵を切り裂く剣技","1:戦士（Lv6）","","0","0","3","扫车剑","剑技","威力：Ｄ（力）　対象：敵単体
释放车轮状的冲击波，斩裂敌人","1:战士（Lv6）","","7"
"920","諸刃斬り","剣技","威力：Ｂ（力）　対象：敵単体　効果：自分もダメージ
高威力だが自身もダメージを受けてしまう両刃の斬撃","1:戦士（Lv8）","","0","0","2","双刃斩","剑技","威力：Ｂ（力）　対象：敵単体　効果：自分もダメージ
高威力但自身也会受到伤害的双刃斩击","1:战士（Lv8）","","7"
"921","隼斬り","剣技","威力：Ｃ（力）　対象：敵単体2回
素早く二連続の斬撃を繰り出す剣技","1:戦士（Lv10）","284:竜人（Lv4）","0","0","4","隼斩","剑技","威力：Ｃ（力）　対象：敵単体2回
迅速连续发出两次斩击的剑技","1:战士（Lv10）","284:龙人（Lv4）","7"
"922","火炎斬り","剣技","威力：Ｃ（力）　対象：敵単体　属性：炎
炎の魔力を帯びた斬撃","7:魔法戦士（Lv4）","","0","4","2","火焰斩","剑技","威力：Ｃ（力）　対象：敵単体　属性：炎
带有火焰魔力的斩击","7:魔法战士（Lv4）","","7"
"923","氷斬り","剣技","威力：Ｃ（力）　対象：敵単体　属性：氷
氷の魔力を帯びた斬撃","7:魔法戦士（Lv5）","210:デュラハン（Lv4）","0","4","2","冰斩","剑技","威力：Ｃ（力）　対象：敵単体　属性：氷
带有冰之魔力的斩击","7:魔法战士（Lv5）","210:杜拉罕（Lv4）","7"
"924","稲妻斬り","剣技","威力：Ｃ（力）　対象：敵単体　属性：雷
雷の魔力を帯びた斬撃","7:魔法戦士（Lv6）","","0","4","2","闪电斩","剑技","威力：Ｃ（力）　対象：敵単体　属性：雷
带有雷之魔力的斩击","7:魔法战士（Lv6）","","7"
"925","霊風招刃","剣技","威力：Ｂ（力）　対象：敵単体　属性：風　効果：風弱体
陰陽式を剣に込め、風の力で敵を斬る剣技","19:陰陽剣士（Lv2）","","0","6","3","灵风招刃","剑技","威力：Ｂ（力）　対象：敵単体　属性：風　効果：風弱体
将阴阳式注入剑中，以风之力斩击敌人","19:阴阳剑士（Lv2）","","7"
"926","土刻剣","剣技","威力：Ｂ（力）　対象：敵単体　属性：土　効果：土弱体
陰陽式を剣に込め、土の力で敵を斬る剣技","19:陰陽剣士（Lv3）","","0","6","3","土刻剑","剑技","威力：Ｂ（力）　対象：敵単体　属性：土　効果：土弱体
将阴阳式注入剑中，以土之力斩击敌人","19:阴阳剑士（Lv3）","","7"
"927","御剣十二水","剣技","威力：Ｂ（力）　対象：敵単体　属性：水　効果：水弱体
陰陽式を剣に込め、水の力で敵を斬る剣技","19:陰陽剣士（Lv4）","","0","6","3","御剑十二水","剑技","威力：Ｂ（力）　対象：敵単体　属性：水　効果：水弱体
将阴阳式注入剑中，用水之力斩击敌人的剑技","19:阴阳剑士（Lv4）","","7"
"928","奪魂刃","剣技","威力：Ｂ（力）　対象：敵単体　効果：HP吸収
特殊な陰陽式を刃に込め、敵の生命力を奪い取る剣技","19:陰陽剣士（Lv8）","","0","6","3","夺魂刃","剑技","威力：Ｂ（力）　対象：敵単体　効果：HP吸収
将特殊阴阳式注入刃中，夺取敌人生命力的剑技","19:阴阳剑士（Lv8）","","7"
"929","入滅斬","剣技","威力：Ａ（力）　対象：敵単体　効果：即死
死の陰陽式を刃に込め、敵を一撃で葬る剣技","19:陰陽剣士（Lv10）","","0","10","4","入灭斩","剑技","威力：Ａ（力）　対象：敵単体　効果：即死
将死之阴阳式注入刃中，一击葬敌的剑技","19:阴阳剑士（Lv10）","","7"
"930","エンジェルダンス","剣技","威力：Ｄ（力）　対象：敵ランダム3回
華麗に踊るような動きで敵を切り裂く天使特有の剣技","","362:下位天使（Lv6）","0","0","3","天使之舞","剑技","威力：Ｄ（力）　対象：敵ランダム3回
以华丽舞姿斩裂敌人的天使特有剑技","","362:下位天使（Lv6）","7"
"931","真空斬り","剣技","威力：Ａ（力）　対象：敵単体　属性：風
あまりの鋭さに真空を生じさせる斬撃","7:魔法戦士（Lv10）","209:アークエルフ（Lv2）","0","8","4","真空斩","剑技","威力：Ａ（力）　対象：敵単体　属性：風
因过于锐利而产生真空的斩击","7:魔法战士（Lv10）","209:大精灵（Lv2）","7"
"932","烈風剣","剣技","威力：Ｄ（力）　対象：敵全体　属性：風
剣撃によって真空の刃を発生させ敵全体に放つ剣技","2:剣士（Lv2）","208:ダークエルフ（Lv2）","0","0","4","烈风剑","剑技","威力：Ｄ（力）　対象：敵全体　属性：風
通过剑击产生真空之刃，对全体敌人放出的剑技","2:剑士（Lv2）","208:暗精灵（Lv2）","7"
"933","月影の太刀","剣技","威力：Ｂ（力）　対象：敵単体
月影の下に舞い、敵を一閃する剣技","2:剣士（Lv6）","","0","0","5","月影之太刀","剑技","威力：Ｂ（力）　対象：敵単体
在月影下舞动，一闪敌人的剑技","2:剑士（Lv6）","","7"
"934","魔神斬り","剣技","威力：Ｓ（力）　対象：敵単体　効果：会心orミス
魔神のように会心の一撃を繰り出すが、外す可能性も高い","2:剣士（Lv8）","","0","0","2","魔神斩","剑技","威力：Ｓ（力）　対象：敵単体　効果：会心orミス
如魔神般放出会心一击，但失误的可能性也很高","2:剑士（Lv8）","","7"
"935","デッドクラッシュ","剣技","威力：Ｃ（力）　対象：敵単体　効果：即死
渾身の力で刃を振り下ろし、命を絶つ剣技","2:剣士（Lv4）","","0","0","4","死亡冲击","剑技","威力：Ｃ（力）　対象：敵単体　効果：即死
全力挥下剑刃，斩断生命的剑技","2:剑士（Lv4）","","7"
"936","二刀十字斬","剣技","威力：Ｂ（力）　対象：敵単体2回
二本の刃で十字を描くように敵を切り裂く斬撃","2:剣士（Lv10）","","0","0","5","二刀十字斩","剑技","威力：Ｂ（力）　対象：敵単体2回
用两把剑划出十字，斩裂敌人的斩击","2:剑士（Lv10）","","7"
"937","魔剣・首刈り","剣技","威力：Ｂ（力）　対象：敵単体
敵の懐に飛び込み、喉元に突きを繰り出す剣技","","208:ダークエルフ（Lv8）","0","0","4","魔剑・斩首","剑技","威力：Ｂ（力）　対象：敵単体
突入敌人怀中，刺向喉咙的剑技","","208:暗精灵（Lv8）","7"
"938","血裂雷鳴突き","剣技","威力：Ｃ（力）　対象：敵単体　属性：雷　効果：速攻
一気に間合いを詰め、雷撃を伴った突きを繰り出す高速剣","","210:デュラハン（Lv2）","0","0","4","血裂雷鸣刺","剑技","威力：Ｃ（力）　対象：敵単体　属性：雷　効果：速攻
一口气缩短距离，伴随着雷击的快速突刺","","210:杜拉罕（Lv2）","7"
"939","五月雨斬り","剣技","威力：Ｂ（力）　対象：敵全体
刃の雨を繰り出し、敵全体を乱れ斬りにする剣技","","210:デュラハン（Lv10）","0","0","6","五月雨斩","剑技","威力：Ｂ（力）　対象：敵全体
使出了剑雨，对全体敌人进行乱斩的剑技","","210:杜拉罕（Lv10）","7"
"940","極竜斬","剣技","威力：Ａ（力）　対象：敵単体
立ち昇る竜のオーラを放つ必殺の剣技","","284:竜人（Lv6）","0","0","6","极龙斩","剑技","威力：Ａ（力）　対象：敵単体
释放出升腾的龙之气息的必杀剑技","","284:龙人（Lv6）","7"
"941","ヒートウェイブ","剣技","威力：Ａ（力）　対象：敵全体
敵全体を一撃で切り裂く対集団用の剣技","","284:竜人（Lv10）","0","0","7","热浪斩","剑技","威力：Ａ（力）　対象：敵全体
一击斩裂全体敌人的群站剑技","","284:龙人（Lv10）","7"
"942","フレイムスラッシュ","剣技","威力：Ｂ（力）　対象：敵全体　属性：炎
炎の魔力を剣に宿し、敵を一閃する奥義","8:マスターソーサラー（Lv4）","","0","7","3","烈焰斩","剑技","威力：Ｂ（力）　対象：敵全体　属性：炎
将炎之魔力注入剑中，一闪敌人的奥义","8:奥法战士（Lv4）","","7"
"943","アイススラッシュ","剣技","威力：Ｂ（力）　対象：敵全体　属性：氷
氷の魔力を剣に宿し、敵を一閃する奥義","8:マスターソーサラー（Lv5）","211:ロードデュラハン（Lv4）","0","7","3","冰霜斩","剑技","威力：Ｂ（力）　対象：敵全体　属性：氷
将冰之魔力注入剑中，一闪敌人的奥义","8:奥法战士（Lv5）","211:领主杜拉罕（Lv4）","7"
"944","サンダースラッシュ","剣技","威力：Ｂ（力）　対象：敵全体　属性：雷
雷の魔力を剣に宿し、敵を一閃する奥義","8:マスターソーサラー（Lv6）","","0","7","3","雷电斩","剑技","威力：Ｂ（力）　対象：敵全体　属性：雷
将雷之魔力注入剑中，一闪斩敌的奥义","8:奥法战士（Lv6）","","7"
"945","斬魔の舞","剣技","威力：Ｂ（力）　対象：敵ランダム4回
魔物を滅ぼすために編み出された、舞いのような剣技","","363:中位天使（Lv2）","0","0","5","斩魔之舞","剑技","威力：Ｂ（力）　対象：敵ランダム4回
为消灭魔物而创，如舞蹈般的剑技","","363:中位天使（Lv2）","7"
"946","屠竜撃","剣技","威力：Ａ（力）　対象：敵単体　効果：竜特攻
竜をも討ち滅ぼす必殺の斬撃","3:剣聖（Lv2）","","0","0","7","屠龙击","剑技","威力：Ａ（力）　対象：敵単体　効果：竜特攻
必杀的斩击，连龙也能讨伐","3:剑圣（Lv2）","","7"
"947","雲身払車剣","剣技","威力：Ａ（力）　対象：敵全体
車輪状の衝撃波を複数生じさせ、敵全体を切り裂く剣技","3:剣聖（Lv8）","","0","0","8","云身拂车剑","剑技","威力：Ａ（力）　対象：敵全体
产生多个车轮状冲击波，斩裂全体敌人的剑技","3:剑圣（Lv8）","","7"
"948","滅世斬","剣技","威力：Ｓ（力）　対象：敵単体　属性：闇
暗黒の力を刃に込めた必滅の奥義","4:魔剣士（Lv2）","","10%当前HP","0","5","灭世斩","剑技","威力：Ｓ（力）　対象：敵単体　属性：闇
将暗黑之力注入刃中的必灭奥义","4:魔剑士（Lv2）","","7"
"949","アークブリンガー","剣技","威力：Ｓ（力）　対象：敵単体
魔力を込めて敵を切り裂く、エルフ族秘伝の必殺奥義","","209:アークエルフ（Lv8）","0","0","9","弧光斩","剑技","威力：Ｓ（力）　対象：敵単体
注入魔力斩裂敌人的，精灵族秘传必杀奥义","","209:大精灵（Lv8）","7"
"950","瞬剣・疾風迅雷","剣技","威力：Ｓ（力）　対象：敵単体　属性：風　効果：速攻
風の魔力を剣に込め、疾風迅雷の足運びで突きを繰り出す奥義","","211:ロードデュラハン（Lv2）","0","10","5","瞬剑・疾风迅雷","剑技","威力：Ｓ（力）　対象：敵単体　属性：風　効果：速攻
将风之力注入剑中，以疾风迅雷的步伐突刺的奥义","","211:领主杜拉罕（Lv2）","7"
"951","森羅剣・乱雹","剣技","威力：Ａ（力）　対象：敵全体　属性：氷
吹き荒れる霙（みぞれ）の中、敵を乱れ斬る剣技","","211:ロードデュラハン（Lv10）","0","10","4","森罗剑・乱雹","剑技","威力：Ａ（力）　対象：敵全体　属性：氷
在狂暴的霙雪中，乱斩敌人的剑技","","211:领主杜拉罕（Lv10）","7"
"952","デスバウンド","剣技","威力：Ａ（力）　対象：敵全体
全ての敵に死をもたらす必殺の対集団用剣技","","285:覇竜（Lv2）","0","0","8","死亡之缚","剑技","威力：Ａ（力）　対象：敵全体
带来死亡的必杀群站剑技，斩向所有敌人","","285:霸龙（Lv2）","7"
"953","死剣・乱れ星","剣技","威力：Ａ（力）　対象：敵ランダム5回
何度も斬撃を繰り出し、敵に連続攻撃を浴びせる魔剣技","3:剣聖（Lv4）","","0","0","8","死剑・乱星","剑技","威力：Ａ（力）　対象：敵ランダム5回
多次斩击，对敌人进行连续攻击的魔剑技","3:剑圣（Lv4）","","7"
"954","魔影流星斬","剣技","威力：Ｓ（力）　対象：敵ランダム5回　属性：闇
流星のような斬撃の嵐で敵を滅ぼす闇の奥義","4:魔剣士（Lv8）","","10%当前HP","0","5","魔影流星斩","剑技","威力：Ｓ（力）　対象：敵ランダム5回　属性：闇
以流星般的斩击风暴消灭敌人的暗之奥义","4:魔剑士（Lv8）","","7"
"955","白虎ノ太刀","剣技","威力：Ａ（力）　対象：敵全体　属性：風　効果：風弱体
白虎の陰陽式を刃に込め、敵を一閃する風の奥義","20:九字剣神（Lv2）","","0","8","4","白虎之太刀","剑技","威力：Ａ（力）　対象：敵全体　属性：風　効果：風弱体
将白虎的阴阳术注入刃中，一闪敌人的风之奥义","20:九字剑神（Lv2）","","7"
"956","玄武ノ太刀","剣技","威力：Ａ（力）　対象：敵全体　属性：土　効果：土弱体
玄武の陰陽式を刃に込め、敵を一閃する土の奥義","20:九字剣神（Lv4）","","0","8","4","玄武之太刀","剑技","威力：Ａ（力）　対象：敵全体　属性：土　効果：土弱体
将玄武的阴阳术注入刃中，一闪敌人的土之奥义","20:九字剑神（Lv4）","","7"
"957","青竜ノ太刀","剣技","威力：Ａ（力）　対象：敵全体　属性：水　効果：水弱体
青竜の陰陽式を刃に込め、敵を一閃する水の奥義","20:九字剣神（Lv6）","","0","8","4","青龙之太刀","剑技","威力：Ａ（力）　対象：敵全体　属性：水　効果：水弱体
将青龙的阴阳术注入刃中，一闪敌人的水之奥义","20:九字剑神（Lv6）","","7"
"958","朱雀ノ太刀","剣技","威力：Ａ（力）　対象：敵全体　属性：炎　効果：炎弱体
朱雀の陰陽式を刃に込め、敵を一閃する火の奥義","20:九字剣神（Lv10）","","0","8","4","朱雀之太刀","剑技","威力：Ａ（力）　対象：敵全体　属性：炎　効果：炎弱体
将朱雀的阴阳式注入刀刃，一闪敌人，火之奥义","20:九字剑神（Lv10）","","7"
"959","ギガスラッシュ","剣技","威力：Ａ（力）　対象：敵全体　属性：炎・氷・雷
三属性の魔力を刃に込め、敵を一閃する破壊奥義","8:マスターソーサラー（Lv10）","","0","10","4","巨型斩击","剑技","威力：Ａ（力）　対象：敵全体　属性：炎・氷・雷
将三属性的魔力注入刀刃，一闪敌人，破坏奥义","8:奥法战士（Lv10）","","7"
"960","ラウンドオブビリオン","剣技","威力：Ａ（力）　対象：敵全体　効果：全能力ダウン
円卓の力を敵に叩き込み、心身を破壊する秘奥義","74:ナイツオブラウンド（Lv10）","","0","0","8","亿万圆桌","剑技","威力：Ａ（力）　対象：敵全体　効果：全能力ダウン
将圆桌之力击入敌人，破坏身心，秘奥义","74:圆桌骑士（Lv10）","","7"
"961","月下散華","剣技","威力：Ｓ（力）　対象：敵単体
月の下、相手の命を花と散らす奥義","3:剣聖（Lv10）","","0","0","10","月下散华","剑技","威力：Ｓ（力）　対象：敵単体
在月光下，将对手的生命如花般散落，奥义","3:剑圣（Lv10）","","7"
"962","魔刃・雪時雨","剣技","威力：Ｓ（力）　対象：敵単体
舞い散る雪時雨の中、敵を切り裂く奥義","4:魔剣士（Lv10）","","0","0","10","魔刃・雪时雨","剑技","威力：Ｓ（力）　対象：敵単体
在飘散的雪时雨中，斩裂敌人的奥义","4:魔剑士（Lv10）","","7"
"963","皇竜九炎陣","剣技","威力：Ｓ（力）　対象：敵単体　属性：炎
敵単体に炎の斬撃を集中する、竜族の必殺奥義","","285:覇竜（Lv10）","0","0","10","皇龙九炎阵","剑技","威力：Ｓ（力）　対象：敵単体　属性：炎
对单体敌人集中炎之斩击，龙族的必杀奥义","","285:霸龙（Lv10）","7"
"964","ジャスティスヘブン","剣技","威力：Ａ（力）　対象：敵全体　属性：聖
剣を通じて魔物を滅ぼすオーラを立ち昇らせる奥義","","364:上位天使（Lv2）","0","10","4","正义天堂","剑技","威力：Ａ（力）　対象：敵全体　属性：聖
通过剑释放出消灭魔物的圣气，升腾而起的奥义","","364:上位天使（Lv2）","7"
"965","閃殺","剣技","威力：Ｓ（力）　対象：敵単体　効果：速攻・強化解除
時空そのものを裂き、あらゆる効果を消滅させる奥義","","365:堕天使（Lv8）","0","0","9","闪杀","剑技","威力：Ｓ（力）　対象：敵単体　効果：速攻・強化解除
撕裂时空，消灭一切效果的奥义","","365:堕天使（Lv8）","7"
"966","烈空堕天斬","剣技","威力：Ｓ（力）　対象：敵単体　属性：聖
聖なる波動を放ちながら、敵を斬り裂く堕天使の奥義","","365:堕天使（Lv2）","0","12","5","烈空堕天斩","剑技","威力：Ｓ（力）　対象：敵単体　属性：聖
释放神圣波动，斩裂敌人的堕天使奥义","","365:堕天使（Lv2）","7"
"967","てんぐんのけん","剣技","威力：Ｓ（力）　対象：敵単体　属性：聖
言うことを聞かない者を叩き伏せる一撃","","","0","12","5","天军之剑","剑技","威力：Ｓ（力）　対象：敵単体　属性：聖
对不听话者施以制服的一击","","","7"
"968","瞬撃・疾風雷鳴","剣技","威力：ＳＳ（力）　対象：敵単体　属性：雷・風　効果：速攻
風と雷の力を駆使し、一息で敵を串刺しにする究極の突き奥義","7011:究極剣士（Lv2）","","0","20","7","瞬击・疾风雷鸣","剑技","威力：ＳＳ（力）　対象：敵単体　属性：雷・風　効果：速攻
运用风雷之力，一瞬间将敌人串刺的究极突刺奥义","7011:究极剑士（Lv2）","","7"
"969","諸刃微塵斬り","剣技","威力：ＳＳＳ（力）　対象：敵単体　効果：自分もダメージ
己のダメージと引き換えに凄まじい連続斬りを繰り出す奥義","7011:究極剣士（Lv5）","","0","0","5","诸刃微尘斩","剑技","威力：ＳＳＳ（力）　対象：敵単体　効果：自分もダメージ
以自身伤害为代价，施展出惊人的连续斩击奥义","7011:究极剑士（Lv5）","","7"
"970","メギドカリバーン","剣技","威力：ＳＳ（力）　対象：敵全体　属性：闇
闇の剣で一気に敵を薙ぎ払う暗黒奥義","7011:究極剣士（Lv11）","","14%当前HP","0","8","毁灭之王剑","剑技","威力：ＳＳ（力）　対象：敵全体　属性：闇
用暗之剑一口气扫荡敌人的黑暗奥义","7011:究极剑士（Lv11）","","7"
"971","聖光六閃斬","剣技","威力：ＳＳＳ（力）　対象：敵ランダム6回　属性：聖
聖なるオーラをまとい六連斬撃を繰り出す聖奥義","7011:究極剣士（Lv7）","","0","30","9","圣光六闪斩","剑技","威力：ＳＳＳ（力）　対象：敵ランダム6回　属性：聖
圣之气息缠绕，施展六连斩击的圣奥义","7011:究极剑士（Lv7）","","7"
"972","闇天","剣技","威力：４Ｓ（力）　対象：敵単体　属性：修羅
修羅の刃で全てを断つ混沌奥義","7011:究極剣士（Lv14）","","0","0","22","暗天","剑技","威力：４Ｓ（力）　対象：敵単体　属性：修羅
修罗之刃斩断一切的混沌奥义","7011:究极剑士（Lv14）","","7"
"973","アトミックスラッシュ","剣技","威力：ＳＳ（力）　対象：敵全体　属性：修羅・核熱
核熱の力を剣に宿し、敵を一閃する混沌奥義","7012:フォースマスター（Lv4）","","0","27","8","原子斩","剑技","威力：ＳＳ（力）　対象：敵全体　属性：修羅・核熱
将核热之力注入剑中，一闪敌人的混沌奥义","7012:力量大师（Lv4）","","7"
"974","クァンタスラッシュ","剣技","威力：ＳＳ（力）　対象：敵全体　属性：修羅・量子
量子の力を剣に宿し、敵を一閃する混沌奥義","7012:フォースマスター（Lv6）","","0","27","8","量子斩","剑技","威力：ＳＳ（力）　対象：敵全体　属性：修羅・量子
将量子之力注入剑中，一闪敌人的混沌奥义","7012:力量大师（Lv6）","","7"
"975","イオンスラッシュ","剣技","威力：ＳＳ（力）　対象：敵全体　属性：修羅・イオン
イオンの力を剣に宿し、敵を一閃する混沌奥義","7012:フォースマスター（Lv8）","","0","27","8","离子斩","剑技","威力：ＳＳ（力）　対象：敵全体　属性：修羅・イオン
将离子之力注入剑中，一闪敌人的混沌奥义","7012:力量大师（Lv8）","","7"
"976","癒しの剣","剣技","対象：味方単体　効果：HP中回復
癒しの力を込めた剣を掲げ、味方単体の体力を回復する技","","362:下位天使（Lv5）","0","0","2","治愈之剑","剑技","対象：味方単体　効果：HP中回復
高举蕴含治愈之力的剑，恢复我方单体的体力","","362:下位天使（Lv5）","7"
"977","奇跡の剣","剣技","対象：味方単体　効果：HP大回復
奇跡の力を込めた剣を掲げ、味方単体の体力を大きく回復する技","","363:中位天使（Lv5）","0","0","4","奇迹之剑","剑技","対象：味方単体　効果：HP大回復
高举蕴含奇迹之力的剑，大幅恢复我方单体的体力","","363:中位天使（Lv5）","7"
"978","大奇跡の剣","剣技","対象：味方全体　効果：HP大回復
奇跡の力を込めた剣を掲げ、味方全体の体力を大きく回復する技","","364:上位天使（Lv8）","0","40","20","大奇迹之剑","剑技","対象：味方全体　効果：HP大回復
举起蕴含奇迹之力的剑，大幅回复我方全体的体力","","364:上位天使（Lv8）","7"
"979","超奇跡の剣","剣技","対象：味方全体　効果：HP全回復・完全蘇生
大いなる奇跡の力により、全員を蘇生させ全回復する技","","7436:天の軍団長（Lv4）","0","55","25","超奇迹之剑","剑技","対象：味方全体　効果：HP全回復・完全蘇生
凭借伟大的奇迹之力，复活所有人并完全回复","","7436:天之军团长（Lv4）","7"
"985","チャージレイ","尖剣技","威力：Ｅ（力・速）　対象：敵単体
鋭く踏み込み、剣先を回転させながら敵にねじ込む尖剣技","134:貴族（Lv2）","","0","0","2","蓄能射线","尖剑技","威力：Ｅ（力・速）　対象：敵単体
锐利地踏入，一边旋转剑尖一边将剑刺入敌人的尖锐剑技","134:贵族（Lv2）","","8"
"986","Vスラッシュ","尖剣技","威力：Ｃ（力・速）　対象：敵単体2回
Vの字に敵を切り裂く華麗な尖剣技","134:貴族（Lv10）","158:妖魔（Lv9）","0","0","4","V斩击","尖剑技","威力：Ｃ（力・速）　対象：敵単体2回
以V字形切开敌人的华丽尖锐剑技","134:贵族（Lv10）","158:妖魔（Lv9）","8"
"987","ダンシングサーブル","尖剣技","威力：Ｄ（力・速）　対象：敵ランダム3回
踊るような足さばきで連続突きを浴びせる尖剣技","134:貴族（Lv4）","","0","0","3","舞刃之锋","尖剑技","威力：Ｄ（力・速）　対象：敵ランダム3回
以舞蹈般的步伐连续刺击敌人的尖锐剑技","134:贵族（Lv4）","","8"
"988","スプラッシュフルーレ","尖剣技","威力：Ｅ（力・速）　対象：敵全体
華麗な足さばきで敵全体を突く尖剣技","134:貴族（Lv6）","","0","0","3","溅洒花剑","尖剑技","威力：Ｅ（力・速）　対象：敵全体
以华丽的步伐刺击全体敌人的尖锐剑技","134:贵族（Lv6）","","8"
"989","クロスアンブル","尖剣技","威力：Ｄ（力・速）　対象：敵単体2回
洗練されたサーベルさばきで敵単体を2回突く","","158:妖魔（Lv3）","0","0","3","十字漫步","尖剑技","威力：Ｄ（力・速）　対象：敵単体2回
以精湛的剑术刺击单体敌人2次","","158:妖魔（Lv3）","8"
"990","トライジャッド","尖剣技","威力：Ｂ（力・速）　対象：敵単体3回
卓越したサーベルさばきで敵単体を3回突く","","159:上級妖魔（Lv2）","0","0","5","三重审判","尖剑技","威力：Ｂ（力・速）　対象：敵単体3回
以卓越的剑术刺击单体敌人3次","","159:上级妖魔（Lv2）","8"
"991","フォティトゥリア","尖剣技","威力：Ａ（力・速）　対象：敵ランダム3回　属性：炎
舞うように繰り出される炎の乱撃","7004:フェンサー（Lv2）","159:上級妖魔（Lv7）","0","0","6","光辉裁决","尖剑技","威力：Ａ（力・速）　対象：敵ランダム3回　属性：炎
如舞蹈般挥出的炎之乱击","7004:剑术家（Lv2）","159:上级妖魔（Lv7）","8"
"992","パゴストゥリア","尖剣技","威力：Ａ（力・速）　対象：敵ランダム3回　属性：氷
舞うように繰り出される氷の乱撃","7004:フェンサー（Lv2）","163:半獣妖魔（Lv7）","0","0","6","冰霜裁决","尖剑技","威力：Ａ（力・速）　対象：敵ランダム3回　属性：氷
如舞蹈般挥出的冰之乱击","7004:剑术家（Lv2）","163:半兽妖魔（Lv7）","8"
"993","ケラヴトゥリア","尖剣技","威力：Ａ（力・速）　対象：敵ランダム3回　属性：雷
舞うように繰り出される雷の乱撃","7004:フェンサー（Lv2）","161:聖魔（Lv7）","0","0","6","雷霆裁决","尖剑技","威力：Ａ（力・速）　対象：敵ランダム3回　属性：雷
如舞蹈般挥出的雷之乱击","7004:剑术家（Lv2）","161:圣魔（Lv7）","8"
"994","ゼクスルージュ","尖剣技","威力：Ｓ（力・速）　対象：敵単体6回
神業のサーベルさばきで敵単体に六連撃を仕掛ける","7005:ノーブルフェンサー（Lv2）","160:妖魔貴族（Lv2）","0","0","10","胭红六刃","尖剑技","威力：Ｓ（力・速）　対象：敵単体6回
神技般的剑术对单体敌人施展六连击","7005:高贵剑士（Lv2）","160:妖魔贵族（Lv2）","8"
"995","プリエール","尖剣技","威力：Ｂ（力・速）　対象：敵単体　属性：炎
魔力を帯びた刃で敵を発火させる特殊な尖剣技","","161:聖魔（Lv2）","0","0","5","祈祷","尖剑技","威力：Ｂ（力・速）　対象：敵単体　属性：炎
魔力缠绕的剑刃使敌人着火的特殊剑技","","161:圣魔（Lv2）","8"
"996","ヴィクトワール","尖剣技","威力：Ｓ（力・速）　対象：敵単体　属性：炎
魔力を帯びた刃でV字に斬り付け、敵を炎上させる特殊な尖剣奥義","","162:神魔（Lv2）","0","0","10","凯旋","尖剑技","威力：Ｓ（力・速）　対象：敵単体　属性：炎
魔力缠绕的剑刃以V字斩击使敌人燃烧的特殊剑奥义","","162:神魔（Lv2）","8"
"997","アンスタン","尖剣技","威力：Ｃ（力・速）　対象：敵全体
力任せの豪快なサーベルさばきで敵を貫く尖剣技","","163:半獣妖魔（Lv2）","0","0","5","瞬影","尖剑技","威力：Ｃ（力・速）　対象：敵全体
豪迈的剑术贯穿敌人的剑技","","163:半兽妖魔（Lv2）","8"
"998","ネメシス","尖剣技","威力：Ａ（力・速）　対象：敵全体
力と魔力を融合させ、敵を蜂の巣にする尖剣奥義","","164:邪獣妖魔（Lv2）","0","0","8","复仇","尖剑技","威力：Ａ（力・速）　対象：敵全体
融合力量与魔力，使敌人如蜂巢般的剑奥义","","164:邪兽妖魔（Lv2）","8"
"999","ノーザンクロス","尖剣技","威力：Ａ（力・速）　対象：敵全体　属性：炎
炎の魔力を帯びた刃で敵全体を十字に切り裂く尖剣奥義","","160:妖魔貴族（Lv10）","0","0","8","北十字星","尖剑技","威力：Ａ（力・速）　対象：敵全体　属性：炎
炎之魔力缠绕的剑刃将全体敌人十字斩裂的剑奥义","","160:妖魔贵族（Lv10）","8"
"1000","昇天剣舞","尖剣技","威力：Ｓ（力・速）　対象：敵単体5回　属性：快楽
淫魔の念を込め連続突きを繰り出す快楽奥義","","","0","0","10","升天剑舞","尖剑技","威力：Ｓ（力・速）　対象：敵単体5回　属性：快楽
注入淫魔之念，连续突刺的快乐奥义","","","8"
"1001","ノブレス・オブリージュ","尖剣技","対象：使用者　効果：「尖剣技」連続発動・SP自動回復
3ターンの間尖剣技が連続発動、それ以外のスキルは使用不能","134:貴族（Lv8）","","0","0","4","贵族的义务","尖剑技","対象：使用者　効果：「尖剣技」連続発動・SP自動回復
3回合内尖剑技连续发动，其他技能无法使用","134:贵族（Lv8）","","8"
"1002","オブリージュ・アンフィニ","尖剣技","対象：使用者　効果：「尖剣技」三連続発動・SP自動回復
3ターンの間尖剣技が三連続発動、それ以外のスキルは使用不能","7005:ノーブルフェンサー（Lv8）","","0","0","7","无限的义务","尖剑技","対象：使用者　効果：「尖剣技」三連続発動・SP自動回復
3回合内尖剑技三连发，其他技能无法使用","7005:高贵剑士（Lv8）","","8"
"1003","オブリージュ・フィーネ","尖剣技","対象：使用者　効果：武技三連続発動・SP自動回復
3ターンの間武技が三連続発動、それ以外のスキルは使用不能","7058:全テヲ穿ツ者（Lv13）","","0","0","25","义务的终结","尖剑技","対象：使用者　効果：武技三連続発動・SP自動回復
3回合内武技三连发，其他技能无法使用","7058:贯穿一切者（Lv13）","","8"
"1004","邪神炎極ノ纏","尖剣技","対象：使用者　効果：1ターン攻撃力・素早さ強化・核熱付加・大幅強化
1ターンの間、攻撃力・素早さと核熱属性の威力を大幅に強化する","","7451:邪神（Lv11）","0","0","10","邪神炎极之缠","尖剑技","対象：使用者　効果：1ターン攻撃力・素早さ強化・核熱付加・大幅強化
1回合内，攻击力・敏捷和核热属性威力大幅强化","","7451:邪神（Lv11）","8"
"1007","峰打ち","刀技","威力：Ｅ（力・器）　対象：敵単体　効果：麻痺
峰で敵を殴打し、気絶に至らせる刀技","12:侍（Lv2）","","0","0","2","峰打","刀技","威力：Ｅ（力・器）　対象：敵単体　効果：麻痺
用峰殴打敌人，使其昏厥的刀技","12:侍（Lv2）","","9"
"1008","三連斬","刀技","威力：Ｂ（力・器）　対象：敵単体3回
軽やかな刀さばきで三連撃を繰り出す技","12:侍（Lv4）","268:サムライスキュラ（Lv4）","0","0","5","三连斩","刀技","威力：Ｂ（力・器）　対象：敵単体3回
用轻快的刀法连续三次攻击的技巧","12:侍（Lv4）","268:剑士斯库拉（Lv4）","9"
"1009","居合い抜き","刀技","威力：Ｂ（力・器）　対象：敵全体
いったん刀を鞘に収め、一撃で撫で斬りにする居合い技","12:侍（Lv6）","172:夜叉（Lv8）；268:サムライスキュラ（Lv8）","0","0","6","居合斩","刀技","威力：Ｂ（力・器）　対象：敵全体
先将刀收入鞘中，一击斩杀的居合技","12:侍（Lv6）","172:夜叉（Lv8）；268:剑士斯库拉（Lv8）","9"
"1010","牙突","刀技","威力：Ａ（力・器）　対象：敵単体
強靱な体のバネを用いて繰り出す必殺の突き技","12:侍（Lv8）","","0","0","6","牙突","刀技","威力：Ａ（力・器）　対象：敵単体
利用强韧的身体弹力施展的必杀突刺技","12:侍（Lv8）","","9"
"1011","居合・焔ノ太刀","刀技","威力：Ｓ（力・器）　対象：敵単体　属性：炎
炎を伴う居合い抜きで、敵一体を斬る刀技","12:侍（Lv10）","269:天下無双スキュラ（Lv3）","0","0","9","居合・焰之太刀","刀技","威力：Ｓ（力・器）　対象：敵単体　属性：炎
用伴随着炎的居合斩，斩杀单个敌人的刀技","12:侍（Lv10）","269:天下无双斯库拉（Lv3）","9"
"1012","居合・吹雪ノ太刀","刀技","威力：Ｓ（力・器）　対象：敵単体　属性：氷
氷を伴う居合い抜きで、敵一体を斬る刀技","14:魔侍（Lv2）","","0","0","9","居合・吹雪之太刀","刀技","威力：Ｓ（力・器）　対象：敵単体　属性：氷
用伴随着冰的居合斩，斩杀单个敌人的刀技","14:魔武士（Lv2）","","9"
"1013","居合・雷土ノ太刀","刀技","威力：Ｓ（力・器）　対象：敵単体　属性：雷
雷を伴う居合い抜きで、敵一体を斬る刀技","13:聖侍（Lv2）","","0","0","9","居合・雷土之太刀","刀技","威力：Ｓ（力・器）　対象：敵単体　属性：雷
用伴随着雷的居合斩，斩杀单个敌人的刀技","13:圣武士（Lv2）","","9"
"1014","枝落とし","刀技","威力：Ｄ（力・器）　対象：敵単体　効果：植物特攻
枝を全て落とすほどの斬撃で、植物モンスターを無力化する技","","172:夜叉（Lv4）","0","0","3","枝落斩","刀技","威力：Ｄ（力・器）　対象：敵単体　効果：植物特攻
斩断所有枝条的斩击，使植物魔物无力化","","172:夜叉（Lv4）","9"
"1015","散華蹂躙斬","刀技","威力：Ｃ（力・器）　対象：敵全体　効果：植物特攻
無数の刃で蹂躙し、植物モンスターの花を散らせる技","","173:阿修羅（Lv4）","0","0","5","散华蹂躏斩","刀技","威力：Ｃ（力・器）　対象：敵全体　効果：植物特攻
无数刀刃蹂躏，使植物魔物的花朵散落","","173:阿修罗（Lv4）","9"
"1016","氷刃・月光","刀技","威力：Ｃ（力・器）　対象：敵単体　属性：氷
氷を伴った刃で、敵を斬り裂きつつ凍結させる斬撃","","172:夜叉（Lv2）","0","0","4","冰刃・月光","刀技","威力：Ｃ（力・器）　対象：敵単体　属性：氷
冰刃斩击，斩裂敌人并使其冻结","","172:夜叉（Lv2）","9"
"1017","魔氷葬送刃","刀技","威力：Ａ（力・器）　対象：敵単体　属性：氷
氷を伴う鋭い刃で、敵をたちどころに葬る斬撃","","173:阿修羅（Lv2）","0","0","7","魔冰葬送刃","刀技","威力：Ａ（力・器）　対象：敵単体　属性：氷
以冰为伴的锐利刃，瞬间葬送敌人的斩击","","173:阿修罗（Lv2）","9"
"1018","滅魂刀","刀技","威力：Ｂ（力・器）　対象：敵単体　効果：ゴースト特攻
汚れなき白刃で、迷える魂を討ち滅ぼす刀技","13:聖侍（Lv4）","","0","0","5","灭魂刀","刀技","威力：Ｂ（力・器）　対象：敵単体　効果：ゴースト特攻
用无垢的白刃，讨伐迷途的灵魂的刀技","13:圣武士（Lv4）","","9"
"1019","斬神斬魔","刀技","威力：Ｂ（力・器）　対象：敵単体　効果：亜人特攻
曇りなき白刃で、妖怪変化の類を滅ぼす刀技","14:魔侍（Lv4）","","0","0","5","斩神斩魔","刀技","威力：Ｂ（力・器）　対象：敵単体　効果：亜人特攻
用无瑕的白刃，灭除妖孽的刀技","14:魔武士（Lv4）","","9"
"1020","八相発破","刀技","威力：Ａ（力・器）　対象：敵ランダム8回
多腕の利点を極限にまで活かした八相発破の乱れ斬り","","268:サムライスキュラ（Lv10）","0","0","5","八相发破","刀技","威力：Ａ（力・器）　対象：敵ランダム8回
充分发挥多臂优势的八相发破的乱斩","","268:剑士斯库拉（Lv10）","9"
"1021","九腕連閃","刀技","威力：Ｓ（力・器）　対象：敵ランダム9回
多腕に携えた刃を同時に操り、敵を乱れ斬る奥義","","269:天下無双スキュラ（Lv4）","0","0","9","九腕连闪","刀技","威力：Ｓ（力・器）　対象：敵ランダム9回
同时操控多腕所持的刃，对敌进行乱斩的奥义","","269:天下无双斯库拉（Lv4）","9"
"1022","縮地・焔閃","刀技","威力：Ａ（力・器）　対象：敵全体　属性：炎
神速の斬撃を繰り出し、灼熱の剣閃で敵を一掃する奥義","13:聖侍（Lv6）","","0","0","8","缩地・焰闪","刀技","威力：Ａ（力・器）　対象：敵全体　属性：炎
以神速斩击，用灼热的剑闪一扫敌人的奥义","13:圣武士（Lv6）","","9"
"1023","魔刀・明鏡止水","刀技","威力：Ａ（力・器）　対象：敵全体　属性：水
明鏡止水の心のままに、居合い斬りを繰り出す奥義","14:魔侍（Lv6）","","0","0","8","魔刀・明镜止水","刀技","威力：Ａ（力・器）　対象：敵全体　属性：水
心如明镜止水，施展居合斩的奥义","14:魔武士（Lv6）","","9"
"1024","神刀・鏡花水月","刀技","威力：Ｓ（力・器）　対象：敵単体　属性：聖
敵の命を花と散らせる明鏡止水の必殺奥義","13:聖侍（Lv8）","","0","12","5","神刀・镜花水月","刀技","威力：Ｓ（力・器）　対象：敵単体　属性：聖
让敌人的生命如花般散落的明镜止水必杀奥义","13:圣武士（Lv8）","","9"
"1025","微塵滅閃","刀技","威力：Ｓ（力・器）　対象：敵単体　属性：闇
呪怨の刃で敵を縦横無尽に切り裂く闇の必殺奥義","14:魔侍（Lv8）","","10%当前HP","0","5","微尘灭闪","刀技","威力：Ｓ（力・器）　対象：敵単体　属性：闇
用诅咒之刃将敌人纵横无忌地斩裂的暗之必杀奥义","14:魔武士（Lv8）","","9"
"1026","聖刃七星天","刀技","威力：Ｓ（力・器）　対象：敵ランダム7回　属性：聖
聖なる閃きと共に無数の剣閃を繰り出す必殺奥義","13:聖侍（Lv10）","","0","12","5","圣刃七星天","刀技","威力：Ｓ（力・器）　対象：敵ランダム7回　属性：聖
与神圣闪光一同施展无数剑闪的必杀奥义","13:圣武士（Lv10）","","9"
"1027","桜花幻舞","刀技","威力：Ｓ（力・器）　対象：敵ランダム6回　属性：闇
闇の居合いを連続で繰り出す裏の奥義","14:魔侍（Lv10）","","10%当前HP","0","5","樱花幻舞","刀技","威力：Ｓ（力・器）　対象：敵ランダム6回　属性：闇
连续施展暗之居合的里奥义","14:魔武士（Lv10）","","9"
"1028","天墜","刀技","威力：Ｓ（力・器）　対象：敵全体　効果：天使特攻
天使を地上に墜とすという秘伝の奥義","7014:修羅（Lv5）","","0","0","12","天坠","刀技","威力：Ｓ（力・器）　対象：敵全体　効果：天使特攻
将天使坠落于地上的秘传奥义","7014:修罗（Lv5）","","9"
"1029","瞬閃・斜十字","刀技","威力：ＳＳ（力・器）　対象：敵単体
二本の刃で十字に斬り裂く、スキュラ族の秘伝技","","272:クィーンスキュラ（Lv6）","0","0","14","瞬闪・斜十字","刀技","威力：ＳＳ（力・器）　対象：敵単体
用两把刀十字斩裂，斯库拉族的秘传技","","272:斯库拉女王（Lv6）","9"
"1030","居合い・伊邪那岐","刀技","威力：ＳＳ（力・器）　対象：敵全体　属性：聖
光の根源に達するという神速の居合い斬り","7014:修羅（Lv9）","","0","27","8","居合・伊邪那岐","刀技","威力：ＳＳ（力・器）　対象：敵全体　属性：聖
达到光之根源的神速居合斩","7014:修罗（Lv9）","","9"
"1031","居合い・伊邪那美","刀技","威力：ＳＳ（力・器）　対象：敵全体　属性：闇
闇の根源に達するという神速の居合い斬り","7014:修羅（Lv11）","","14%当前HP","0","8","居合・伊邪那美","刀技","威力：ＳＳ（力・器）　対象：敵全体　属性：闇
达到暗之根源的神速居合斩","7014:修罗（Lv11）","","9"
"1032","心頭滅却","刀技","対象：使用者　効果：六属性無効
強靱な精神力により、3ターンの間は属性ダメージを受け付けない秘技","12:侍（Lv7）","","0","0","3","心头灭却","刀技","対象：使用者　効果：六属性無効
凭借坚韧的精神力，3回合内不受属性伤害的秘技","12:侍（Lv7）","","9"
"1033","肉斬骨断","刀技","対象：使用者　効果：攻撃力・器用さアップ・防御力ダウン
防御を捨て、攻撃のみに専念する秘技","12:侍（Lv3）","","0","0","2","肉斩骨断","刀技","対象：使用者　効果：攻撃力・器用さアップ・防御力ダウン
舍弃防御，专注于攻击的秘技","12:侍（Lv3）","","9"
"1034","切り捨て御免","刀技","対象：使用者　効果：通常攻撃即死100%
刃に必滅の呪いを込め、少しの間通常攻撃に即死効果が伴う","14:魔侍（Lv7）","","0","0","2","切舍御免","刀技","対象：使用者　効果：通常攻撃即死100%
将必灭的诅咒注入刀刃，短时间内普通攻击附带即死效果","14:魔武士（Lv7）","","9"
"1035","裸一貫","刀技","対象：使用者　効果：「刀技」連続発動・防御力大ダウン・SP自動回復
守りを完全に捨て、刀技を連続で繰り出す奥義","","269:天下無双スキュラ（Lv8）","0","0","2","裸一贯","刀技","対象：使用者　効果：「刀技」連続発動・防御力大ダウン・SP自動回復
完全舍弃防御，连续施展刀技的奥义","","269:天下无双斯库拉（Lv8）","9"
"1036","切腹","刀技","対象：使用者　効果：瀕死・SP全回復
自身を瀕死に追い込み、気力をみなぎらせる秘技","","268:サムライスキュラ（Lv8）","0","0","1","切腹","刀技","対象：使用者　効果：瀕死・SP全回復
将自己逼至濒死，激发全部气力的秘技","","268:剑士斯库拉（Lv8）","9"
"1037","則天去私","刀技","対象：使用者　効果：命中率・回避率・会心率・会心ダメージ大アップ
己を捨てて天に委ね、3ターンの間は様々な技能が限界まで向上する","7014:修羅（Lv12）","","0","0","6","则天去私","刀技","対象：使用者　効果：命中率・回避率・会心率・会心ダメージ大アップ
舍弃自我，将一切托付于天，3回合内各项技能达到极限","7014:修罗（Lv12）","","9"
"1038","断罪者への天誅","刀技","対象：使用者　効果：無効化反撃
2ターンの間、敵の鎌技・鞭技を無効化し反撃する","7014:修羅（Lv7）","","0","0","4","对断罪者的天诛","刀技","対象：使用者　効果：無効化反撃
2回合内，无效化敌人的镰技・鞭技并反击","7014:修罗（Lv7）","","9"
"1041","ハイジャンプ","槍技","威力：Ｃ（力・速）　対象：敵単体
天高く飛び跳ね、落下の衝撃を込めた一撃を繰り出す槍技","9:竜騎士（Lv2）","277:ハーピーナイト（Lv2）","0","0","4","高跳","枪技","威力：Ｃ（力・速）　対象：敵単体
高高跃起，以落下的冲击力施展一记枪技","9:龙骑士（Lv2）","277:哈比骑士（Lv2）","10"
"1042","鳥落とし","槍技","威力：Ｄ（力・速）　対象：敵単体　効果：鳥特攻
空を駆け、飛翔する魔物を槍で叩き落とす","9:竜騎士（Lv3）","","0","0","3","落鸟","枪技","威力：Ｄ（力・速）　対象：敵単体　効果：鳥特攻
在空中疾驰，用枪将飞翔的魔物击落","9:龙骑士（Lv3）","","10"
"1043","インパクトスピア","槍技","威力：Ｃ（力・速）　対象：敵全体
天高く飛び跳ね、槍を振るって衝撃波を敵全体に浴びせる","9:竜騎士（Lv8）","","0","0","5","冲击之矛","枪技","威力：Ｃ（力・速）　対象：敵全体
高高跃起，挥舞枪向全体敌人释放冲击波","9:龙骑士（Lv8）","","10"
"1044","飛竜の舞い","槍技","威力：Ｂ（力・速）　対象：敵ランダム3回
何度も連続で飛び跳ね、落下の刺突を3連続で繰り出す","9:竜騎士（Lv10）","278:スカイハイ（Lv3）","0","0","5","飞龙之舞","枪技","威力：Ｂ（力・速）　対象：敵ランダム3回
多次连续跳跃，连续施展三次落下的刺击","9:龙骑士（Lv10）","278:至高天（Lv3）","10"
"1045","火炎槍","槍技","威力：Ｃ（力・速）　対象：敵単体　属性：炎
火炎を伴った槍で頭上から敵を貫く","9:竜騎士（Lv6）","","0","0","4","火炎枪","枪技","威力：Ｃ（力・速）　対象：敵単体　属性：炎
用带有火焰的枪从头顶贯穿敌人","9:龙骑士（Lv6）","","10"
"1046","絶氷槍","槍技","威力：Ｃ（力・速）　対象：敵単体　属性：氷
氷を伴った槍で頭上から敵を貫く","11:邪竜騎士（Lv3）","","0","0","4","绝冰枪","枪技","威力：Ｃ（力・速）　対象：敵単体　属性：氷
用带有冰的枪从头顶贯穿敌人","11:邪龙骑士（Lv3）","","10"
"1047","雷迅槍","槍技","威力：Ｃ（力・速）　対象：敵単体　属性：雷
雷を伴った槍で頭上から敵を貫く","10:ホーリーランサー（Lv3）","","0","0","4","雷迅枪","枪技","威力：Ｃ（力・速）　対象：敵単体　属性：雷
用带有雷的枪从头顶贯穿敌人","10:圣枪骑士（Lv3）","","10"
"1048","ハイウィンド","槍技","威力：Ｃ（力・速）　対象：敵単体　属性：風
真空を伴った槍で敵を切り裂く","9:竜騎士（Lv7）","","0","0","4","疾风枪","枪技","威力：Ｃ（力・速）　対象：敵単体　属性：風
用带有真空的枪切割敌人","9:龙骑士（Lv7）","","10"
"1049","岩烈槍","槍技","威力：Ｃ（力・速）　対象：敵単体　属性：土
大地の力を込めた槍で敵を両断する","11:邪竜騎士（Lv4）","","0","0","4","岩烈枪","枪技","威力：Ｃ（力・速）　対象：敵単体　属性：土
用蕴含大地之力的枪将敌人斩断","11:邪龙骑士（Lv4）","","10"
"1050","アクアランス","槍技","威力：Ｃ（力・速）　対象：敵単体　属性：水
水の力を込めた槍で素早く敵を穿つ","10:ホーリーランサー（Lv4）","","0","0","4","碧水枪","枪技","威力：Ｃ（力・速）　対象：敵単体　属性：水
用蕴含水之力的枪迅速贯穿敌人","10:圣枪骑士（Lv4）","","10"
"1051","アンデッドスレイヤー","槍技","威力：Ｃ（力・速）　対象：敵単体　効果：ゾンビ・ゴースト特攻
死から蘇ったモンスターを滅ぼす、聖なる槍技","5:聖堂騎士（Lv2）","366:ヴァルキリー（Lv2）","0","0","4","亡灵猎手","枪技","威力：Ｃ（力・速）　対象：敵単体　効果：ゾンビ・ゴースト特攻
消灭从死亡中复苏的魔物，神圣的枪技","5:圣堂骑士（Lv2）","366:瓦尔基里（Lv2）","10"
"1052","レクイエムランス","槍技","威力：Ｂ（力・速）　対象：敵全体　効果：吸血鬼・ゾンビ・ゴースト特攻
不浄を討ち払い、闇の魔物を地獄に送り返す槍技","6:ホーリーナイト（Lv2）","367:ロードヴァルキュリア（Lv2）","0","0","6","镇魂之枪","枪技","威力：Ｂ（力・速）　対象：敵全体　効果：吸血鬼・ゾンビ・ゴースト特攻
驱除不洁，将黑暗魔物送回地狱的枪技","6:圣骑士（Lv2）","367:女武神领主（Lv2）","10"
"1053","ホーリーシフト","槍技","威力：Ｂ（力・速）　対象：敵単体　属性：聖
破邪のオーラを込め、敵単体を刺し貫く槍技","5:聖堂騎士（Lv5）","","0","6","3","神圣转移","枪技","威力：Ｂ（力・速）　対象：敵単体　属性：聖
蕴含破邪之气的枪技，贯穿单体敌人","5:圣堂骑士（Lv5）","","10"
"1054","スパイラルファイア","槍技","威力：Ａ（力・速）　対象：敵単体3回　特殊：炎
縦横無尽に疾走し、炎を纏った槍を連続で叩き込む技","5:聖堂騎士（Lv10）","","0","0","7","螺旋火焰","枪技","威力：Ａ（力・速）　対象：敵単体3回　特殊：炎
纵横驰骋，连续施展缠绕火焰的枪技","5:圣堂骑士（Lv10）","","10"
"1055","フォックスハント","槍技","威力：Ｃ（力・速）　対象：敵単体　効果：狐特攻
地を這う狐を空から狩る必殺の槍","","239:ケンタウロス（Lv4）；277:ハーピーナイト（Lv6）","0","0","4","猎狐","枪技","威力：Ｃ（力・速）　対象：敵単体　効果：狐特攻
从空中猎杀地上的狐狸的必杀之枪","","239:马人（Lv4）；277:哈比骑士（Lv6）","10"
"1056","セントールラッシュ","槍技","威力：Ｂ（力・速）　対象：敵単体　効果：速攻
人馬一体の動きで強烈な突きを繰り出す槍技","","239:ケンタウロス（Lv2）","0","0","5","半人马冲锋","枪技","威力：Ｂ（力・速）　対象：敵単体　効果：速攻
以人马一体的动作施展强烈的突刺枪技","","239:马人（Lv2）","10"
"1057","神速三段突き","槍技","威力：Ｂ（力・速）　対象：敵単体3回　効果：速攻
神速で疾走し、三連続の突きを繰り出す槍技","","239:ケンタウロス（Lv7）","0","0","5","神速三段突","枪技","威力：Ｂ（力・速）　対象：敵単体3回　効果：速攻
以神速疾驰，施展三连突刺的枪技","","239:马人（Lv7）","10"
"1058","スカイツイン","槍技","威力：Ｂ（力・速）　対象：敵全体
空を舞いながら横薙ぎの二重斬撃を繰り出す槍技","","277:ハーピーナイト（Lv10）","0","0","6","天空双斩","枪技","威力：Ｂ（力・速）　対象：敵全体
在空中舞动，施展横扫的二重斩击枪技","","277:哈比骑士（Lv10）","10"
"1059","エアランス","槍技","威力：Ｂ（力・速）　対象：敵単体　属性：風
槍と羽根を同時に振るい、真空の刃で敵を切り裂く槍技","","277:ハーピーナイト（Lv2）","0","0","5","空之枪","枪技","威力：Ｂ（力・速）　対象：敵単体　属性：風
同时挥动枪与羽毛，用真空之刃斩裂敌人的枪技","","277:哈比骑士（Lv2）","10"
"1060","サン・エリアル","槍技","威力：Ａ（力・速）　対象：敵ランダム4回　属性：聖
魔物の集団を滅ぼすために編み出された、戦乙女の槍技","","366:ヴァルキリー（Lv10）","0","8","4","圣・天翔","枪技","威力：Ａ（力・速）　対象：敵ランダム4回　属性：聖
为消灭魔物群而创造的，女武神的枪技","","366:瓦尔基里（Lv10）","10"
"1061","サン・コンキスタ","槍技","威力：Ａ（力・速）　対象：敵ランダム3回　属性：聖
破邪の力がこもった槍を乱舞させ、三連続で敵を貫く奥義","6:ホーリーナイト（Lv6）","","0","8","4","圣・征服","枪技","威力：Ａ（力・速）　対象：敵ランダム3回　属性：聖
蕴含破邪之力的枪乱舞，连续三次贯穿敌人的奥义","6:圣骑士（Lv6）","","10"
"1062","サン・リベリオン","槍技","威力：Ｓ（力・速）　対象：敵単体　属性：聖
破邪の力を槍に宿し、悪を滅する神聖奥義","6:ホーリーナイト（Lv10）","","0","12","5","圣・叛逆","枪技","威力：Ｓ（力・速）　対象：敵単体　属性：聖
将破邪之力寄宿于枪中，消灭邪恶的神圣奥义","6:圣骑士（Lv10）","","10"
"1063","サン・ミラージュ","槍技","威力：Ｓ（力・速）　対象：敵ランダム8回　属性：聖
徒党を組んだ魔物をまとめて討ち滅ぼす、戦乙女の槍奥義","","367:ロードヴァルキュリア（Lv6）","0","12","5","圣・幻影","枪技","威力：Ｓ（力・速）　対象：敵ランダム8回　属性：聖
消灭结群魔物的，女武神的枪奥义","","367:女武神领主（Lv6）","10"
"1064","セントールバースト","槍技","威力：Ｓ（力・速）　対象：敵単体　効果：速攻
人馬一体の動作で破壊の突きを繰り出す槍奥義","","240:グランセントール（Lv2）","0","0","9","半人马爆发","枪技","威力：Ｓ（力・速）　対象：敵単体　効果：速攻
人马一体的动作，使出破坏性的突刺枪奥义","","240:巨型半人马（Lv2）","10"
"1065","スパイラルダスト","槍技","威力：Ｓ（力・速）　対象：敵ランダム4回
真空を生じさせるほどの速度で連続突きを繰り出す奥義","","240:グランセントール（Lv10）","0","0","9","螺旋尘埃","枪技","威力：Ｓ（力・速）　対象：敵ランダム4回
以产生真空的极速，连续突刺的奥义","","240:巨型半人马（Lv10）","10"
"1066","天魔頭蓋斬","槍技","威力：Ａ（力・速）　対象：敵単体
空高く飛翔し、頭上から一撃を食らわせる必殺の槍技","","278:スカイハイ（Lv2）","0","0","6","天魔头盖斩","枪技","威力：Ａ（力・速）　対象：敵単体
高高飞翔，从头顶给予一击的必杀枪技","","278:至高天（Lv2）","10"
"1067","スカイツイスター","槍技","威力：Ａ（力・速）　対象：敵全体
華麗に空中を舞い、斬撃と真空波を繰り出すハーピー族の奥義","","278:スカイハイ（Lv10）","0","0","8","天空龙卷","枪技","威力：Ａ（力・速）　対象：敵全体
华丽地在空中舞动，使出斩击和真空波的哈比族奥义","","278:至高天（Lv10）","10"
"1068","滅竜槍","槍技","威力：Ａ（力・速）　対象：敵単体　効果：竜特攻
天空から降下し竜を狩るドラゴンハンターの槍技","","240:グランセントール（Lv5）；278:スカイハイ（Lv6）","0","0","7","灭龙枪","枪技","威力：Ａ（力・速）　対象：敵単体　効果：竜特攻
从天空降下狩猎龙的猎龙者的枪技","","240:巨型半人马（Lv5）；278:至高天（Lv6）","10"
"1069","イリュージョンランス","槍技","威力：Ｓ（力・速）　対象：敵単体　属性：聖
槍先を乱舞させ、闇を打ち払う神聖奥義","10:ホーリーランサー（Lv2）","","0","12","5","幻象之枪","枪技","威力：Ｓ（力・速）　対象：敵単体　属性：聖
枪尖乱舞，驱散黑暗的神圣奥义","10:圣枪骑士（Lv2）","","10"
"1070","ナイトメアランス","槍技","威力：Ｓ（力・速）　対象：敵単体　属性：闇
闇の波動を槍に帯び、敵を刺し貫く闇の奥義","11:邪竜騎士（Lv2）","","10%当前HP","0","5","噩梦长枪","枪技","威力：Ｓ（力・速）　対象：敵単体　属性：闇
带着黑暗波动，贯穿敌人的黑暗奥义","11:邪龙骑士（Lv2）","","10"
"1071","ホーリーランディング","槍技","威力：Ａ（力・速）　対象：敵全体　属性：聖
天高く飛翔し、地上に向かって聖なる槍を降らせる奥義","10:ホーリーランサー（Lv6）","","0","10","4","神圣降临","枪技","威力：Ａ（力・速）　対象：敵全体　属性：聖
高高飞翔，向地面降下神圣之枪的奥义","10:圣枪骑士（Lv6）","","10"
"1072","ダークネスドライブ","槍技","威力：Ａ（力・速）　対象：敵全体　属性：闇
天空を駆けて闇の魔法陣を描き、敵全体を破壊の波動に巻き込む奥義","11:邪竜騎士（Lv6）","","10%当前HP","0","4","黑暗驱动","枪技","威力：Ａ（力・速）　対象：敵全体　属性：闇
在天空疾驰，描绘黑暗魔法阵，将全体敌人卷入破坏波动的奥义","11:邪龙骑士（Lv6）","","10"
"1073","聖槍乱舞","槍技","威力：Ｓ（力・速）　対象：敵ランダム4回　属性：聖
聖なる波動を込めた突きを4連続で繰り出す乱舞奥義","10:ホーリーランサー（Lv10）","","0","12","5","圣枪乱舞","枪技","威力：Ｓ（力・速）　対象：敵ランダム4回　属性：聖
蕴含神圣波动的突刺连续四次施展的乱舞奥义","10:圣枪骑士（Lv10）","","10"
"1074","魔槍乱舞","槍技","威力：Ｓ（力・速）　対象：敵ランダム4回　属性：闇
闇の波動を込めた突きを4連続で繰り出す乱舞奥義","11:邪竜騎士（Lv10）","","10%当前HP","0","5","魔枪乱舞","枪技","威力：Ｓ（力・速）　対象：敵ランダム4回　属性：闇
蕴含黑暗波动的突刺连续四次施展的乱舞奥义","11:邪龙骑士（Lv10）","","10"
"1075","螺旋光槍","槍技","威力：Ｂ（力・速）　対象：敵全体　属性：聖
螺旋を生み出す突きを連続で繰り出し、敵全体を攻撃する槍技","","366:ヴァルキリー（Lv6）","0","8","3","螺旋光枪","枪技","威力：Ｂ（力・速）　対象：敵全体　属性：聖
连续施展产生螺旋的突刺，攻击全体敌人","","366:瓦尔基里（Lv6）","10"
"1076","滅魔閃煌","槍技","威力：Ａ（力・速）　対象：敵全体　属性：聖
槍から聖なるオーラを照射し、邪悪を焼き尽くす奥義","","367:ロードヴァルキュリア（Lv2）","0","10","4","灭魔闪煌","枪技","威力：Ａ（力・速）　対象：敵全体　属性：聖
从枪中照射出神圣的气场，烧尽邪恶的奥义","","367:女武神领主（Lv2）","10"
"1077","フォトンランサー","槍技","威力：Ｂ（力・速）　対象：敵単体　属性：聖
槍から光子を放ち、敵単体を体内から破壊する槍技","","366:ヴァルキリー（Lv2）","0","6","3","光子之枪","枪技","威力：Ｂ（力・速）　対象：敵単体　属性：聖
从枪中释放光子，从内部破坏单体敌人的枪技","","366:瓦尔基里（Lv2）","10"
"1078","ニーベルンヴァレスティ","槍技","威力：Ｓ（力・速）　対象：敵単体　属性：聖
華麗な連続攻撃の後、聖なる槍を敵に投擲する戦乙女の最終奥義","","367:ロードヴァルキュリア（Lv10）","0","10","5","尼伯龙根之裁","枪技","威力：Ｓ（力・速）　対象：敵単体　属性：聖
华丽连续攻击后，投掷神圣之枪的女武神最终奥义","","367:女武神领主（Lv10）","10"
"1079","ラストレクイエム","槍技","威力：Ｓ（力・速）　対象：敵全体　属性：聖　効果：吸血鬼・ゾンビ・ゴースト特攻
神聖なる力を槍に宿し、敵の群れを一閃する破邪の奥義","7013:神竜の騎士（Lv2）","","0","15","6","最终镇魂曲","枪技","威力：Ｓ（力・速）　対象：敵全体　属性：聖　効果：吸血鬼・ゾンビ・ゴースト特攻
将神圣之力注入枪中，一闪敌群的破邪奥义","7013:神龙骑士（Lv2）","","10"
"1080","流星槍","槍技","威力：Ｓ（力・速）　対象：敵全体
流星のごとく敵に槍を叩き込む破壊奥義","","281:クィーンハーピー（Lv6）","0","0","12","流星枪","枪技","威力：Ｓ（力・速）　対象：敵全体
如流星般将枪击入敌人的破坏奥义","","281:哈比女王（Lv6）","10"
"1081","絶竜剣","槍技","威力：Ａ（力・速）　対象：敵単体　効果：HP/MP/SP吸収・即死
混沌の力を込めた槍で敵のHPとMP、SPを吸収する技","7013:神竜の騎士（Lv5）","","0","0","7","绝龙剑","枪技","威力：Ａ（力・速）　対象：敵単体　効果：HP/MP/SP吸収・即死
将混沌之力注入枪中，吸收敌人的HP、MP和SP的技能","7013:神龙骑士（Lv5）","","10"
"1082","竜剣","槍技","威力：Ｅ（力・速）　対象：敵単体　効果：HP吸収・SP吸収
魔力を込めた槍で敵のHPとSPを吸収する技","9:竜騎士（Lv4）","239:ケンタウロス（Lv6）","0","0","2","龙剑","枪技","威力：Ｅ（力・速）　対象：敵単体　効果：HP吸収・SP吸収
用魔力注入的枪吸收敌人的HP和SP的技能","9:龙骑士（Lv4）","239:马人（Lv6）","10"
"1083","神竜剣","槍技","威力：Ｄ（力・速）　対象：敵単体　効果：HP吸収・MP吸収・SP吸収
聖なる魔力を込めた槍で敵のHPとMP、SPを吸収する技","10:ホーリーランサー（Lv8）","","0","0","4","神龙剑","枪技","威力：Ｄ（力・速）　対象：敵単体　効果：HP吸収・MP吸収・SP吸収
用神圣魔力注入的枪吸收敌人的HP、MP和SP的技能","10:圣枪骑士（Lv8）","","10"
"1084","邪竜剣","槍技","威力：Ｄ（力・速）　対象：敵単体　効果：HP吸収・SP吸収・即死
敵のHPとSPを吸収し、同時に即死させる闇の槍技","11:邪竜騎士（Lv8）","240:グランセントール（Lv7）","0","0","4","邪龙剑","枪技","威力：Ｄ（力・速）　対象：敵単体　効果：HP吸収・SP吸収・即死
吸收敌人的HP和SP，同时使其即死的黑暗枪技","11:邪龙骑士（Lv8）","240:巨型半人马（Lv7）","10"
"1085","祈りの聖槍","槍技","対象：味方単体　効果：HP中回復
聖なる槍を天に掲げて祈り、味方単体のHPを回復させる","5:聖堂騎士（Lv8）","366:ヴァルキリー（Lv8）","0","0","2","祈祷的圣枪","枪技","対象：味方単体　効果：HP中回復
高举神圣的枪向天祈祷，恢复我方单体的HP","5:圣堂骑士（Lv8）","366:瓦尔基里（Lv8）","10"
"1086","奇跡の聖槍","槍技","対象：味方全体　効果：HP中回復
奇跡の槍を天に掲げて祈り、味方全員のHPを回復させる","6:ホーリーナイト（Lv8）","367:ロードヴァルキュリア（Lv8）","0","0","4","奇迹的圣枪","枪技","対象：味方全体　効果：HP中回復
高举奇迹的枪向天祈祷，恢复我方全体的HP","6:圣骑士（Lv8）","367:女武神领主（Lv8）","10"
"1087","聖槍チャージ","槍技","対象：味方全体　効果：攻撃力アップ
聖なる槍を掲げて鼓舞し、味方全体の攻撃力をアップさせる","6:ホーリーナイト（Lv4）","367:ロードヴァルキュリア（Lv4）","0","0","4","圣枪充能","枪技","対象：味方全体　効果：攻撃力アップ
高举神圣的枪鼓舞，提升我方全体的攻击力","6:圣骑士（Lv4）","367:女武神领主（Lv4）","10"
"1088","聖槍ガード","槍技","対象：味方全体　効果：防御力アップ
聖なる槍を掲げて守護し、味方全体の防御力をアップさせる","5:聖堂騎士（Lv4）","366:ヴァルキリー（Lv4）","0","0","4","圣枪守护","枪技","対象：味方全体　効果：防御力アップ
高举神圣的枪守护，提升我方全体的防御力","5:圣堂骑士（Lv4）","366:瓦尔基里（Lv4）","10"
"1089","一番槍","槍技","対象：使用者　効果：素早さ大アップ・「槍技」のみ使用可能
槍技しか使用できなくなるが、素早さが格段に上昇する技","","239:ケンタウロス（Lv6）；277:ハーピーナイト（Lv8）","0","0","2","第一枪","枪技","対象：使用者　効果：素早さ大アップ・「槍技」のみ使用可能
只能使用枪技，但敏捷大幅提升的技能","","239:马人（Lv6）；277:哈比骑士（Lv8）","10"
"1090","人馬一体","槍技","対象：使用者　効果：「槍技」のみ使用可能・連続発動・SP自動回復
槍技しか使用できなくなるが、1ターンに2回発動する","","239:ケンタウロス（Lv10）","0","0","4","人马合一","枪技","対象：使用者　効果：「槍技」のみ使用可能・連続発動・SP自動回復
只能使用枪技，但每回合可发动两次","","239:马人（Lv10）","10"
"1091","イクシオン","槍技","対象：使用者　効果：2回行動・「槍技」のみ使用可能・SP自動回復
槍技しか使用できなくなるが、1ターンに2回行動できる奥義","","240:グランセントール（Lv8）","0","0","6","伊克西翁","枪技","対象：使用者　効果：2回行動・「槍技」のみ使用可能・SP自動回復
只能使用枪技，但每回合可行动两次的奥义","","240:巨型半人马（Lv8）","10"
"1092","ハイチャージ","槍技","対象：使用者　効果：SP中回復
聖槍に気力を込め、SPを70%回復する","","366:ヴァルキリー（Lv8）","0","5","0","高级充能","枪技","対象：使用者　効果：SP中回復
将气力注入圣枪，SP恢复70%","","366:瓦尔基里（Lv8）","10"
"1093","エクセルチャージ","槍技","対象：使用者　効果：SP大回復
聖槍に気力を込め、SPを全回復する","","367:ロードヴァルキュリア（Lv8）","0","10","0","破界充能","枪技","対象：使用者　効果：SP大回復
将斗志注入圣枪，SP完全回复","","367:女武神领主（Lv8）","10"
"1094","制空","槍技","対象：使用者　効果：無効化反撃
2ターンの間、敵の槍技・翼技を無効化し反撃する","7013:神竜の騎士（Lv7）","","0","0","4","制空","枪技","対象：使用者　効果：無効化反撃
2回合内，使敌人的枪技和翼技无效并反击","7013:神龙骑士（Lv7）","","10"
"1099","暴塵斧","斧技","威力：Ｂ（力）　対象：敵単体
斧の重量を破壊力に変え、連続で叩き込む斧技","","217:土精（Lv2）；237:ミノタウロス（Lv2）","0","0","5","暴尘斧","斧技","威力：Ｂ（力）　対象：敵単体
将斧头的重量转化为破坏力，连续猛击的斧技","","217:土精（Lv2）；237:米诺陶洛斯（Lv2）","11"
"1100","猛牛回転斧","斧技","威力：Ｂ（力）　対象：敵全体
パワフルに回転しながら敵全体に打撃を叩き込む斧技","","237:ミノタウロス（Lv10）","0","0","6","猛牛回旋斧","斧技","威力：Ｂ（力）　対象：敵全体
强力旋转的同时对全体敌人进行打击的斧技","","237:米诺陶洛斯（Lv10）","11"
"1101","ボルケーノアックス","斧技","威力：Ｂ（力）　対象：敵単体　属性：炎
荒れ狂う火山のごとき一撃を敵に叩き込む技","17:狂戦士（Lv2）","","0","0","5","火山斧","斧技","威力：Ｂ（力）　対象：敵単体　属性：炎
如狂暴火山般的一击猛击敌人","17:狂战士（Lv2）","","11"
"1102","スィングハリケーン","斧技","威力：Ｃ（力）　対象：敵全体　属性：風
素早い振りで真空波を巻き起こし、敵全体を攻撃する斧技","17:狂戦士（Lv6）","","0","0","5","飓风挥斩","斧技","威力：Ｃ（力）　対象：敵全体　属性：風
快速挥动引发真空波，攻击全体敌人","17:狂战士（Lv6）","","11"
"1103","バーサーカーラッシュ","斧技","威力：Ａ（力）　対象：敵ランダム3回
狂戦士の斧さばきで、敵に乱撃を食らわせる斧技","17:狂戦士（Lv10）","","0","0","6","狂战突击","斧技","威力：Ａ（力）　対象：敵ランダム3回
狂战士般的斧技，对敌人进行乱击","17:狂战士（Lv10）","","11"
"1104","ミノタウロスクラッシュ","斧技","威力：Ｓ（力）　対象：敵単体　効果：会心orミス
渾身の振り下ろしで会心の一撃を繰り出すが、ミスの可能性も高い","","237:ミノタウロス（Lv4）","0","0","2","米诺陶洛斯粉碎","斧技","威力：Ｓ（力）　対象：敵単体　効果：会心orミス
全力挥下斧头，打出会心一击，但也有可能失误","","237:米诺陶洛斯（Lv4）","11"
"1105","ギガクラッシュ","斧技","威力：ＳＳ（力）　対象：敵単体　効果：会心orミス
極限の振り下ろしで会心の一撃を繰り出すが、ミスの可能性も高い","","238:ギガタウロス（Lv3）","0","0","5","极巨粉碎","斧技","威力：ＳＳ（力）　対象：敵単体　効果：会心orミス
极限挥下斧头，打出会心一击，但也有可能失误","","238:巨型弥诺陶洛斯（Lv3）","11"
"1106","轟炎斧","斧技","威力：Ｂ（力）　対象：敵単体　属性：炎
斧に炎を宿し、敵に叩き付ける技","","217:土精（Lv6）；237:ミノタウロス（Lv6）","0","0","5","轰炎斧","斧技","威力：Ｂ（力）　対象：敵単体　属性：炎
斧头附着火焰，猛击敌人","","217:土精（Lv6）；237:米诺陶洛斯（Lv6）","11"
"1107","砕氷斧","斧技","威力：Ｂ（力）　対象：敵単体　属性：氷
斧に氷を宿し、敵に叩き付ける技","","237:ミノタウロス（Lv6）","0","0","5","碎冰斧","斧技","威力：Ｂ（力）　対象：敵単体　属性：氷
斧头附着冰霜，猛击敌人","","237:米诺陶洛斯（Lv6）","11"
"1108","雷神斧","斧技","威力：Ｂ（力）　対象：敵単体　属性：雷
斧に雷を宿し、敵に叩き付ける技","","237:ミノタウロス（Lv6）","0","0","5","雷神斧","斧技","威力：Ｂ（力）　対象：敵単体　属性：雷
斧头附带雷电，对敌人进行打击的技能","","237:米诺陶洛斯（Lv6）","11"
"1109","轟炎乱斧","斧技","威力：Ａ（力）　対象：敵ランダム3回　属性：炎
斧に炎を宿し、敵に乱れ撃つ技","","218:土の精霊（Lv8）；238:ギガタウロス（Lv6）","0","0","7","轰炎乱斧","斧技","威力：Ａ（力）　対象：敵ランダム3回　属性：炎
斧头附带火焰，对敌人进行乱击的技能","","218:土之精灵（Lv8）；238:巨型弥诺陶洛斯（Lv6）","11"
"1110","砕氷乱斧","斧技","威力：Ａ（力）　対象：敵ランダム3回　属性：氷
斧に氷を宿し、敵に乱れ撃つ技","","238:ギガタウロス（Lv7）","0","0","7","碎冰乱斧","斧技","威力：Ａ（力）　対象：敵ランダム3回　属性：氷
斧头附带冰霜，对敌人进行乱击的技能","","238:巨型弥诺陶洛斯（Lv7）","11"
"1111","雷神乱斧","斧技","威力：Ａ（力）　対象：敵ランダム3回　属性：雷
斧に雷を宿し、敵に乱れ撃つ技","","238:ギガタウロス（Lv8）","0","0","7","雷神乱斧","斧技","威力：Ａ（力）　対象：敵ランダム3回　属性：雷
斧头附带雷电，对敌人进行乱击的技能","","238:巨型弥诺陶洛斯（Lv8）","11"
"1112","壊斧・大山鳴動","斧技","威力：Ｓ（力）　対象：敵単体　属性：土
土の力を斧に宿し、渾身の力を込めて叩き込む奥義","18:ベルセルク（Lv2）","","0","12","5","坏斧・大山鸣动","斧技","威力：Ｓ（力）　対象：敵単体　属性：土
将土之力附在斧头上，全力一击的奥义","18:狂怒战士（Lv2）","","11"
"1113","デッドリーホーク","斧技","威力：Ａ（力）　対象：敵全体
斧をブーメランのように何度も投げ付ける技","18:ベルセルク（Lv6）","","0","0","8","致命鹰击","斧技","威力：Ａ（力）　対象：敵全体
像回旋镖一样多次投掷斧头的技能","18:狂怒战士（Lv6）","","11"
"1114","オクト・ディアボロ","斧技","威力：Ｓ（力）　対象：敵ランダム8回
闘争心を極限にまで高め、敵の群れに斧の乱打を叩き込む奥義","18:ベルセルク（Lv10）","","0","0","10","八重・魔神击","斧技","威力：Ｓ（力）　対象：敵ランダム8回
将斗志提升到极限，对敌人群进行斧头乱打的奥义","18:狂怒战士（Lv10）","","11"
"1115","微塵連斧","斧技","威力：Ｓ（力）　対象：敵単体
豪腕による斧の乱打で敵を滅多打ちにする奥義","","218:土の精霊（Lv2）；238:ギガタウロス（Lv2）","0","0","10","微尘连斧","斧技","威力：Ｓ（力）　対象：敵単体
凭借豪腕进行斧头乱打，将敌人彻底击溃的奥义","","218:土之精灵（Lv2）；238:巨型弥诺陶洛斯（Lv2）","11"
"1116","絶・廻神撃","斧技","威力：Ａ（力）　対象：敵全体
大地をも砕く一撃で、敵全体に破壊の衝撃をもたらす奥義","","238:ギガタウロス（Lv10）","0","0","8","绝・回神击","斧技","威力：Ａ（力）　対象：敵全体
足以粉碎大地的一击，对全体敌人造成破坏冲击的奥义","","238:巨型弥诺陶洛斯（Lv10）","11"
"1117","タイタンズレガシー","斧技","威力：ＳＳＳ（力）　対象：敵全体　属性：修羅・テラ
惑星をも砕く巨人の混沌奥義","7015:メテオブレイカー（Lv10）","222:コスモフェアリー（Lv17）","0","0","21","泰坦遗产","斧技","威力：ＳＳＳ（力）　対象：敵全体　属性：修羅・テラ
连行星都能粉碎的巨人混沌奥义","7015:流星破坏者（Lv10）","222:宇宙妖精（Lv17）","11"
"1118","乱れ斧","斧技","対象：使用者　効果：乱れ打ち可能
闘争心を高め、乱れ打ちを繰り出す技","","237:ミノタウロス（Lv9）","0","0","4","乱斧","斧技","対象：使用者　効果：乱れ打ち可能
提高斗争心，发动乱打的技术","","237:米诺陶洛斯（Lv9）","11"
"1124","剛襲棍","棍技","威力：Ｂ（力）　対象：敵単体
剛力で敵を一撃し、粉砕する棍技","15:パワーファイター（Lv2）","217:土精（Lv2）","0","0","5","刚袭棍","棍技","威力：Ｂ（力）　対象：敵単体
用刚力一击粉碎敌人的棍技","15:力量斗士（Lv2）","217:土精（Lv2）","12"
"1125","乱打棍","棍技","威力：Ａ（力）　対象：敵単体3回
素早い棍さばきで敵に連続攻撃を叩き込む技","15:パワーファイター（Lv9）","","0","0","6","乱打棍","棍技","威力：Ａ（力）　対象：敵単体3回
用敏捷的棍术对敌人进行连续攻击的技术","15:力量斗士（Lv9）","","12"
"1126","通電撃","棍技","威力：Ｅ（力）　対象：敵単体　属性：雷
電撃を宿した棍を、敵に叩き込む技","","328:ゾンビ（Lv4）","0","0","2","通电击","棍技","威力：Ｅ（力）　対象：敵単体　属性：雷
将带有电击的棍子，击向敌人的技术","","328:僵尸（Lv4）","12"
"1127","ゾンビ乱撃","棍技","威力：Ｃ（力）　対象：敵ランダム3回
何も考えずに棍を振るい、敵の群れを滅多打ちにする技","","328:ゾンビ（Lv10）","0","0","4","僵尸乱击","棍技","威力：Ｃ（力）　対象：敵ランダム3回
不加思考地挥舞棍子，对敌人群进行乱打的技术","","328:僵尸（Lv10）","12"
"1128","旋棍一閃撃","棍技","威力：Ｂ（力）　対象：敵全体
棍で敵全体を一閃し、激しい乱打を浴びせる技","","170:妖鬼（Lv6）；217:土精（Lv5）","0","0","6","旋棍一闪击","棍技","威力：Ｂ（力）　対象：敵全体
用棍子一闪全体敌人，施加激烈的乱打技术","","170:妖鬼（Lv6）；217:土精（Lv5）","12"
"1129","岩石落とし","棍技","威力：Ａ（力）　対象：敵全体
棍で岩石を弾き飛ばし、敵の頭上に降らせる棍技","","170:妖鬼（Lv10）；217:土精（Lv10）","0","0","7","岩石崩落","棍技","威力：Ａ（力）　対象：敵全体
用棍子弹飞岩石，使其落在敌人头顶的棍技","","170:妖鬼（Lv10）；217:土精（Lv10）","12"
"1130","凍結撃","棍技","威力：Ｃ（力）　対象：敵単体　属性：氷
氷を宿した棍で、敵を打撃する技","","170:妖鬼（Lv3）","0","0","4","冻结击","棍技","威力：Ｃ（力）　対象：敵単体　属性：氷
用带有冰的棍子打击敌人的技术","","170:妖鬼（Lv3）","12"
"1131","轟氷撃","棍技","威力：Ａ（力）　対象：敵単体　属性：氷
氷を宿した棍の打撃で、敵を凍結させつつ粉砕する奥義","","171:鬼神（Lv2）；218:土の精霊（Lv4）","0","0","7","轰冰击","棍技","威力：Ａ（力）　対象：敵単体　属性：氷
冰之棍的打击，使敌人冻结并粉碎的奥义","","171:鬼神（Lv2）；218:土之精灵（Lv4）","12"
"1132","鬼神撃","棍技","威力：Ｓ（力）　対象：敵単体　効果：会心orミス
鬼神の剛力で会心の一撃を繰り出すが、ミスの可能性も高い","","170:妖鬼（Lv8）","0","0","2","鬼神击","棍技","威力：Ｓ（力）　対象：敵単体　効果：会心orミス
以鬼神之力使出会心一击，但失误的可能性也很高","","170:妖鬼（Lv8）","12"
"1133","鬼神乱撃","棍技","威力：ＳＳ（力）　対象：敵ランダム4回　効果：会心orミス
鬼神の剛力で会心の一撃を乱打するが、ミスの可能性も高い","","171:鬼神（Lv4）","0","0","5","鬼神乱击","棍技","威力：ＳＳ（力）　対象：敵ランダム4回　効果：会心orミス
以鬼神之力进行会心一击的乱打，但失误的可能性也很高","","171:鬼神（Lv4）","12"
"1134","アースクラッシュゴブリン","棍技","威力：Ｄ（力）　対象：敵単体　効果：会心orミス
ゴブリン娘が編み出した打撃技だが、命中率は低い","","","0","0","1","大地粉碎哥布林","棍技","威力：Ｄ（力）　対象：敵単体　効果：会心orミス
哥布林娘编出的打击技，但命中率很低","","","12"
"1135","ゴブリンメイクライ","棍技","威力：Ｃ（力）　対象：敵単体3回
大地を叩いて砂煙を起こし、それに紛れて乱打する我流技","","","0","0","4","小鬼泣","棍技","威力：Ｃ（力）　対象：敵単体3回
敲击大地扬起沙尘，趁机进行乱打的我流技","","","12"
"1136","ゴブリンマストダイ","棍技","威力：Ａ（力）　対象：敵単体4回
砂煙に紛れて敵を猛乱打する我流の最終奥義","","","0","0","6","哥布林必须死","棍技","威力：Ａ（力）　対象：敵単体4回
在沙尘中对敌人进行猛烈乱打，我流最终奥义","","","12"
"1137","スライム潰し","棍技","威力：Ｄ（力）　対象：敵単体　効果：スライム特攻
スライムを叩き潰す棍の一撃","","170:妖鬼（Lv2）","0","0","3","史莱姆粉碎","棍技","威力：Ｄ（力）　対象：敵単体　効果：スライム特攻
粉碎史莱姆的一棍","","170:妖鬼（Lv2）","12"
"1138","粘魔破裂撃","棍技","威力：Ｃ（力）　対象：敵全体　効果：スライム特攻
スライムの集団が一気に弾け飛ぶほどの大打撃","","171:鬼神（Lv7）","0","0","5","粘魔破裂击","棍技","威力：Ｃ（力）　対象：敵全体　効果：スライム特攻
足以让史莱姆群一齐爆裂的大打击","","171:鬼神（Lv7）","12"
"1139","呪怨撃","棍技","威力：Ｃ（力・魔）　対象：敵単体　効果：石化・即死
深い呪いを込めた棍の打撃攻撃","","331:マミー（Lv5）","0","0","4","咒怨击","棍技","威力：Ｃ（力・魔）　対象：敵単体　効果：石化・即死
蕴含深重诅咒的棍打击攻击","","331:木乃伊（Lv5）","12"
"1140","カースドインパクト","棍技","威力：Ａ（力・魔）　対象：敵単体　効果：石化・即死
数百年の呪いを込め、敵の心身を同時に破壊する奥義","","332:イシス（Lv5）","0","0","7","诅咒冲击","棍技","威力：Ａ（力・魔）　対象：敵単体　効果：石化・即死
蕴含数百年诅咒，同时破坏敌人心身的奥义","","332:伊西斯（Lv5）","12"
"1141","ワイルドフルスィング","棍技","威力：Ａ（力）　対象：敵全体
剛力で棍を振り回し、回転しながら敵全体を攻撃する技","16:ギガファイター（Lv2）","","0","0","8","狂野全挥","棍技","威力：Ａ（力）　対象：敵全体
用刚力挥舞棍棒，旋转攻击全体敌人","16:巨力斗士（Lv2）","","12"
"1142","コズミックブラスト","棍技","威力：Ｓ（力）　対象：敵単体
銀河の星々をも破壊すると言われる棍の奥義","16:ギガファイター（Lv9）","","0","0","10","宇宙爆破","棍技","威力：Ｓ（力）　対象：敵単体
传说中能破坏银河星辰的棍棒奥义","16:巨力斗士（Lv9）","","12"
"1143","クリティカルハンマー","棍技","威力：Ｂ（力）　対象：敵単体　効果：混乱
渾身の力で敵の脳天に一撃を叩き込み、昏倒させる棍技","","329:ハイアンデッド（Lv5）","0","0","5","致命锤击","棍技","威力：Ｂ（力）　対象：敵単体　効果：混乱
全力一击打在敌人的头顶，使其昏倒的棍技","","329:高级不死族（Lv5）","12"
"1144","グランドスライド","棍技","威力：Ｃ（力）　対象：敵全体
地面を滑るように棍を振るい、敵全体を薙ぎ倒す技","","329:ハイアンデッド（Lv9）","0","0","5","大地滑行","棍技","威力：Ｃ（力）　対象：敵全体
像滑行一样挥舞棍棒，横扫全体敌人","","329:高级不死族（Lv9）","12"
"1145","鬼神乱破","棍技","威力：Ｓ（力）　対象：敵ランダム4回
烈風の如く繰り出される棍の乱打奥義","","171:鬼神（Lv8）；218:土の精霊（Lv10）","0","0","10","鬼神乱破","棍技","威力：Ｓ（力）　対象：敵ランダム4回
如烈风般施展的棍棒乱打奥义","","171:鬼神（Lv8）；218:土之精灵（Lv10）","12"
"1146","地烈大裂波","棍技","威力：Ａ（力）　対象：敵全体　属性：土
強烈な一撃で大裂波を発生させ、敵を粉砕する棍技","","171:鬼神（Lv10）","0","0","8","地裂大波动","棍技","威力：Ａ（力）　対象：敵全体　属性：土
强力一击引发大波动，粉碎敌人","","171:鬼神（Lv10）","12"
"1147","ダストスプラッシュ","棍技","威力：Ｓ（力）　対象：敵単体
棍を敵に高速で叩き込み、衝撃で粉砕する奥義","","330:マスターアンデッド（Lv5）","0","0","10","尘埃飞溅","棍技","威力：Ｓ（力）　対象：敵単体
高速击打敌人，用冲击粉碎","","330:大师不死族（Lv5）","12"
"1148","デストーションドライブ","棍技","威力：Ａ（力）　対象：敵全体
大地に棍の一撃を叩き込み、衝撃波を起こす奥義","","330:マスターアンデッド（Lv8）","0","0","8","毁灭驱动","棍技","威力：Ａ（力）　対象：敵全体
一击引发冲击波的奥义","","330:大师不死族（Lv8）","12"
"1149","メギドスマッシュ","棍技","威力：ＳＳ（力）　対象：敵全体　属性：修羅
この世に終末をもたらすという伝説の棍奥義","","335:カオスアンデッド（Lv15）","0","0","17","终末之棍击","棍技","威力：ＳＳ（力）　対象：敵全体　属性：修羅
传说中带来世界终结的棍棒奥义","","335:混沌不死族（Lv15）","12"
"1150","零龍","棍技","威力：ＳＳＳ（力）　対象：敵単体　属性：修羅・量子　効果：フリーズ特攻
量子の龍が万物を停止させる混沌奥義","","174:妖怪王（Lv17）","0","0","18","零龙","棍技","威力：ＳＳＳ（力）　対象：敵単体　属性：修羅・量子　効果：フリーズ特攻
量子之龙使万物停止的混沌奥义","","174:妖怪王（Lv17）","12"
"1156","重ね斬り","鎌技","威力：Ｄ（力or魔）　対象：敵単体2回
刃で素早く二回斬り付ける鎌技","113:魔芸師（Lv6）","","0","0","2","重叠斩","镰技","威力：Ｄ（力or魔）　対象：敵単体2回
用刀刃快速斩击两次的镰技","113:魔艺师（Lv6）","","13"
"1157","氷結断","鎌技","威力：Ｄ（力or魔）　対象：敵単体　属性：氷
氷を宿した刃で敵を断つ鎌技","","167:亜人（Lv4）","0","0","3","冰结断","镰技","威力：Ｄ（力or魔）　対象：敵単体　属性：氷
寄宿着冰的刀刃斩断敌人的镰技","","167:亚人（Lv4）","13"
"1158","連斬かまいたち","鎌技","威力：Ｄ（力or魔）　対象：敵単体2回　属性：風
疾風のように敵を切り刻む鎌技","","336:ゴースト（Lv9）","0","0","3","连斩旋风","镰技","威力：Ｄ（力or魔）　対象：敵単体2回　属性：風
如疾风般切割敌人的镰技","","336:幽灵（Lv9）","13"
"1159","四影鎌","鎌技","威力：Ｂ（力or魔）　対象：敵ランダム4回
次元に切れ目を入れ、次々と闇の刃を召喚する鎌技","","337:エビルミスト（Lv8）","0","0","5","四影镰","镰技","威力：Ｂ（力or魔）　対象：敵ランダム4回
在次元中切开裂缝，依次召唤黑暗刀刃的镰技","","337:邪恶迷雾（Lv8）","13"
"1160","一閃薙ぎ払い","鎌技","威力：Ｃ（力or魔）　対象：敵全体　効果：ゾンビ特攻
敵の群れを一撃で薙ぎ払う広範囲攻撃","114:ネクロマンサー（Lv6）","","0","0","5","一闪横扫","镰技","威力：Ｃ（力or魔）　対象：敵全体　効果：ゾンビ特攻
一击扫荡敌群的广范围攻击","114:死灵法师（Lv6）","","13"
"1161","暗黒一閃","鎌技","威力：Ｓ（力or魔）　対象：敵単体　効果：ゾンビ特攻
神速の刃で敵を一閃する鎌での居合い","115:ネクロマスター（Lv6）","","0","0","10","暗黑一闪","镰技","威力：Ｓ（力or魔）　対象：敵単体　効果：ゾンビ特攻
用神速刀刃一闪敌人的镰居合技","115:死灵大师（Lv6）","","13"
"1162","闇封陣","鎌技","威力：Ｂ（力or魔）　対象：敵単体　効果：ゴースト特攻
魔力の刃で次元を裂き、闇の力を噴出させる奥義","116:降霊術師（Lv6）","","0","0","5","暗封阵","镰技","威力：Ｂ（力or魔）　対象：敵単体　効果：ゴースト特攻
用魔力刀刃撕裂次元，喷出黑暗力量的奥义","116:降灵术士（Lv6）","","13"
"1163","闇散華","鎌技","威力：Ｓ（力or魔）　対象：敵単体　効果：ゴースト特攻
闇の刃で敵を斬り、華と散らせる無慈悲な鎌技","117:マスターシャーマン（Lv6）","","0","0","10","暗散华","镰技","威力：Ｓ（力or魔）　対象：敵単体　効果：ゴースト特攻
用黑暗刀刃斩击敌人，使其如花般散落的残酷镰技","117:大师萨满（Lv6）","","13"
"1164","フェイントザッパー","鎌技","威力：Ｂ（力or魔）　対象：敵単体　効果：人形特攻
フェイントを織り交ぜ、敵を解体する鎌技","118:からくり人形師（Lv6）","","0","0","5","虚晃灭杀","镰技","威力：Ｂ（力or魔）　対象：敵単体　効果：人形特攻
交织虚晃，解体敌人的镰技","118:机关人偶师（Lv6）","","13"
"1165","人形破壊撃","鎌技","威力：Ｓ（力or魔）　対象：敵単体　効果：人形特攻
からくりに練達し、人形を解体する鎌技","119:マスタードーラー（Lv6）","","0","0","10","人偶破坏击","镰技","威力：Ｓ（力or魔）　対象：敵単体　効果：人形特攻
熟练于机关，解体人偶的镰技","119:大师操偶者（Lv6）","","13"
"1166","結晶斬","鎌技","威力：Ｂ（力or魔）　対象：敵単体　属性：氷
空間を凍結させながら敵を斬る鎌技","","168:妖怪（Lv4）","0","0","5","结晶斩","镰技","威力：Ｂ（力or魔）　対象：敵単体　属性：氷
冻结空间的同时斩击敌人的镰技","","168:妖怪（Lv4）","13"
"1167","陰陽葬刃","鎌技","威力：Ｓ（力or魔）　対象：敵単体　属性：氷
陰陽の陣を描きつつ敵の命を絶つ鎌技","","169:妖神（Lv4）","0","0","10","阴阳葬刃","镰技","威力：Ｓ（力or魔）　対象：敵単体　属性：氷
描绘阴阳之阵，断绝敌人生命的镰技","","169:妖神（Lv4）","13"
"1168","冥界波","鎌技","威力：Ａ（力or魔）　対象：敵全体　効果：即死
冥界の門を開き、鎌を通じて闇の波動を放つ奥義","","152:魔人（Lv2）；338:マスターシャドウ（Lv10）","0","0","8","冥界波","镰技","威力：Ａ（力or魔）　対象：敵全体　効果：即死
打开冥界之门，通过镰释放黑暗波动的奥义","","152:魔人（Lv2）；338:幽影之主（Lv10）","13"
"1169","死連刃","鎌技","威力：Ｓ（力or魔）　対象：敵単体3回
舞うような鎌さばきで敵を死に誘う連続斬撃","","152:魔人（Lv2）","0","0","10","死连刃","镰技","威力：Ｓ（力or魔）　対象：敵単体3回
以舞动的镰技引导敌人走向死亡的连续斩击","","152:魔人（Lv2）","13"
"1170","レクイエムリーパー","鎌技","威力：Ｓ（力or魔）　対象：敵全体　効果：即死
敵全体の命を一振りで絶つ必滅の鎌技","","152:魔人（Lv8）","0","0","12","镇魂收割","镰技","威力：Ｓ（力or魔）　対象：敵全体　効果：即死
一挥之间断绝全体敌人生命的必灭镰技","","152:魔人（Lv8）","13"
"1171","量子分解","鎌技","威力：ＳＳ（力or魔）　対象：敵全体　属性：修羅・量子
敵全体を量子単位にまで分解する混沌奥義","7044:究極魔芸師（Lv9）","","0","0","17","量子分解","镰技","威力：ＳＳ（力or魔）　対象：敵全体　属性：修羅・量子
将全体敌人分解至量子单位的混沌奥义","7044:究极魔艺师（Lv9）","","13"
"1172","魔氷鎌舞","鎌技","威力：ＳＳＳ（力or魔）　対象：敵ランダム4回　属性：量子・終焉　効果：フリーズ特攻
全てを凍てつかせる魔鎌で連続斬りを繰り出す奥義","","174:妖怪王（Lv2）","0","0","18","魔冰镰舞","镰技","威力：ＳＳＳ（力or魔）　対象：敵ランダム4回　属性：量子・終焉　効果：フリーズ特攻
用冻结一切的魔镰进行连续斩击的奥义","","174:妖怪王（Lv2）","13"
"1173","13パニッシャー","鎌技","威力：４Ｓ（力or魔）　対象：敵単体　属性：修羅・終焉　効果：バーン特攻・即死
罪人への罰として魂を両断する冥界の究極鎌奥義","","343:エターニティ（Lv20）","16%当前HP","0","11","13处罚者","镰技","威力：４Ｓ（力or魔）　対象：敵単体　属性：修羅・終焉　効果：バーン特攻・即死
作为对罪人的惩罚，将灵魂斩断的冥界究极镰奥义","","343:永恒（Lv20）","13"
"1174","催眠の鎌","鎌技","威力：Ｅ（力or魔）　対象：敵全体　属性：音波　効果：睡眠
鎌を巧みに操って催眠状態に落とし、敵の意識を喪失させる技","","336:ゴースト（Lv5）","0","0","3","催眠之镰","镰技","威力：Ｅ（力or魔）　対象：敵全体　属性：音波　効果：睡眠
巧妙地操控镰，使敌人陷入催眠状态，丧失意识","","336:幽灵（Lv5）","13"
"1175","混乱の鎌","鎌技","威力：Ｄ（力or魔）　対象：敵全体　属性：音波　効果：混乱
鎌を巧みに操って催眠状態に落とし、敵の理性を乱す技","","337:エビルミスト（Lv7）","0","0","4","混乱之镰","镰技","威力：Ｄ（力or魔）　対象：敵全体　属性：音波　効果：混乱
巧妙地操纵镰使敌人陷入催眠状态，扰乱敌人的理性","","337:邪恶迷雾（Lv7）","13"
"1176","絶命の鎌","鎌技","威力：Ｂ（力or魔）　対象：敵全体　属性：音波　効果：即死
死神の鎌さばきで敵の魂を刈り取る奥義","","338:マスターシャドウ（Lv8）","0","0","6","绝命之镰","镰技","威力：Ｂ（力or魔）　対象：敵全体　属性：音波　効果：即死
死神挥舞镰收割敌人灵魂的奥义","","338:幽影之主（Lv8）","13"
"1182","重ね撃ち","弓技","威力：Ｅ（力・器）　対象：敵単体2回
敵単体に一瞬で複数の矢を打ち込む弓技","52:狩人（Lv2）","","0","0","2","重叠射击","弓技","威力：Ｅ（力・器）　対象：敵単体2回
对单体敌人瞬间射入多支箭的弓技","52:猎人（Lv2）","","14"
"1183","乱れ矢","弓技","威力：Ｄ（力・器）　対象：敵ランダム4回
敵の群れに矢を乱れ撃ちをする弓技","52:狩人（Lv10）","204:ハイエルフ（Lv4）；298:魔物狩り狩り（Lv2）","0","0","3","乱箭","弓技","威力：Ｄ（力・器）　対象：敵ランダム4回
对敌群乱击箭矢的弓技","52:猎人（Lv10）","204:高等精灵（Lv4）；298:魔物狩猎（Lv2）","14"
"1184","チャージアロー","弓技","威力：Ｃ（力・器）　対象：敵単体
矢を引き絞り、敵単体目掛けて放つ一撃","","203:エルフ（Lv10）","0","0","3","蓄力箭","弓技","威力：Ｃ（力・器）　対象：敵単体
拉紧弓弦，对单体敌人放出的一击","","203:精灵（Lv10）","14"
"1185","炎の矢","弓技","威力：Ｅ（力・器）　対象：敵単体　属性：炎
魔力で炎を宿した矢を敵に撃ち込む弓技","52:狩人（Lv8）","","0","1","1","炎之箭","弓技","威力：Ｅ（力・器）　対象：敵単体　属性：炎
用魔力赋予火焰的箭矢射向敌人的弓技","52:猎人（Lv8）","","14"
"1186","氷の矢","弓技","威力：Ｅ（力・器）　対象：敵単体　属性：氷
魔力で氷を宿した矢を敵に撃ち込む弓技","52:狩人（Lv8）","","0","1","1","冰之箭","弓技","威力：Ｅ（力・器）　対象：敵単体　属性：氷
魔力使箭矢附着冰属性，对敌人进行射击的弓技","52:猎人（Lv8）","","14"
"1187","雷の矢","弓技","威力：Ｅ（力・器）　対象：敵単体　属性：雷
魔力で雷を宿した矢を敵に撃ち込む弓技","52:狩人（Lv8）","","0","1","1","雷之箭","弓技","威力：Ｅ（力・器）　対象：敵単体　属性：雷
魔力使箭矢附着雷属性，对敌人进行射击的弓技","52:猎人（Lv8）","","14"
"1188","風の矢","弓技","威力：Ｅ（力・器）　対象：敵単体　属性：風
魔力で風を宿した矢を敵に撃ち込む弓技","","203:エルフ（Lv2）","0","1","1","风之箭","弓技","威力：Ｅ（力・器）　対象：敵単体　属性：風
魔力使箭矢附着风属性，对敌人进行射击的弓技","","203:精灵（Lv2）","14"
"1189","土の矢","弓技","威力：Ｅ（力・器）　対象：敵単体　属性：土
魔力で土を宿した矢を敵に撃ち込む弓技","","203:エルフ（Lv3）","0","1","1","土之箭","弓技","威力：Ｅ（力・器）　対象：敵単体　属性：土
魔力使箭矢附着土属性，对敌人进行射击的弓技","","203:精灵（Lv3）","14"
"1190","水の矢","弓技","威力：Ｅ（力・器）　対象：敵単体　属性：水
魔力で水を宿した矢を敵に撃ち込む弓技","","203:エルフ（Lv4）","0","1","1","水之箭","弓技","威力：Ｅ（力・器）　対象：敵単体　属性：水
魔力使箭矢附着水属性，对敌人进行射击的弓技","","203:精灵（Lv4）","14"
"1191","スプラッシュアロー","弓技","威力：Ｂ（力・器）　対象：敵単体4回
敵単体に連続で矢を打ち込む弓技","53:ボウマスター（Lv2）","","0","0","5","溅射箭","弓技","威力：Ｂ（力・器）　対象：敵単体4回
对单体敌人连续射击的弓技","53:弓箭大师（Lv2）","","14"
"1192","レインアロー","弓技","威力：Ｃ（力・器）　対象：敵全体
敵の群れの頭上に矢の雨を降らせる弓技","53:ボウマスター（Lv10）","205:マスターエルフ（Lv4）；299:巨人殺し（Lv2）","0","0","5","箭雨","弓技","威力：Ｃ（力・器）　対象：敵全体
在敌群头顶降下箭雨的弓技","53:弓箭大师（Lv10）","205:大师精灵（Lv4）；299:巨人杀手（Lv2）","14"
"1193","エルヴィンアロー","弓技","威力：Ｂ（力・器）　対象：敵単体
エルフ族直伝の射撃法による正確無比な連続弓技","","204:ハイエルフ（Lv5）","0","0","5","埃尔文之箭","弓技","威力：Ｂ（力・器）　対象：敵単体
精灵族传承的射击法，无比精准的连续弓技","","204:高等精灵（Lv5）","14"
"1194","マルチプルアロー","弓技","威力：Ａ（力・器）　対象：敵単体3回
複数の矢を同時に放ち、敵単体に集中させる弓技","","204:ハイエルフ（Lv10）","0","0","6","多重箭","弓技","威力：Ａ（力・器）　対象：敵単体3回
同时射出多支箭矢，集中攻击单体敌人的弓技","","204:高等精灵（Lv10）","14"
"1195","一矢斬波","弓技","威力：Ｂ（力・器）　対象：敵単体　効果：エルフ特攻
斬撃のような衝撃波を伴う弓技","","298:魔物狩り狩り（Lv2）","0","0","5","一箭斩波","弓技","威力：Ｂ（力・器）　対象：敵単体　効果：エルフ特攻
带有斩击般冲击波的弓技","","298:魔物狩猎（Lv2）","14"
"1196","キューピッドアロー","弓技","威力：Ｂ（力・器）　対象：敵単体　効果：誘惑
誘惑の魔力を込めた矢で、敵の心を奪う弓技","","368:キューピッド（Lv2）","0","0","5","丘比特之箭","弓技","威力：Ｂ（力・器）　対象：敵単体　効果：誘惑
蕴含诱惑魔力的箭矢，夺取敌人的心神","","368:丘比特（Lv2）","14"
"1197","オーラスター","弓技","威力：Ａ（力・器）　対象：敵全体　属性：快楽・雷
愛のオーラで磁場を展開し、電流を伴い撃ち込む弓技","","368:キューピッド（Lv10）","0","0","8","灵气之星","弓技","威力：Ａ（力・器）　対象：敵全体　属性：快楽・雷
展开爱的灵气磁场，伴随电流射出的箭技","","368:丘比特（Lv10）","14"
"1198","エビルキラー","弓技","威力：Ｅ（力・器）　対象：敵単体　効果：陸棲種特攻
陸棲種に大ダメージを与える狩人の一撃","52:狩人（Lv6）","","0","0","2","陆栖种杀手","弓技","威力：Ｅ（力・器）　対象：敵単体　効果：陸棲種特攻
对陆栖种造成巨大伤害的猎人一击","52:猎人（Lv6）","","14"
"1199","ビーストキラー","弓技","威力：Ｅ（力・器）　対象：敵単体　効果：獣特攻
魔獣に大ダメージを与える狩人の一撃","52:狩人（Lv4）","","0","0","2","野兽杀手","弓技","威力：Ｅ（力・器）　対象：敵単体　効果：獣特攻
对魔兽造成巨大伤害的猎人一击","52:猎人（Lv4）","","14"
"1200","フラワーハント","弓技","威力：Ｃ（力・器）　対象：敵単体　効果：植物特攻
植物モンスターに大ダメージを与える狩人の一撃","53:ボウマスター（Lv7）","","0","0","4","猎花","弓技","威力：Ｃ（力・器）　対象：敵単体　効果：植物特攻
对植物魔物造成巨大伤害的猎人一击","53:弓箭大师（Lv7）","","14"
"1201","インセクトハント","弓技","威力：Ｃ（力・器）　対象：敵単体　効果：虫特攻
昆虫モンスターに大ダメージを与える狩人の一撃","53:ボウマスター（Lv5）","","0","0","4","猎虫","弓技","威力：Ｃ（力・器）　対象：敵単体　効果：虫特攻
对昆虫魔物造成巨大伤害的猎人一击","53:弓箭大师（Lv5）","","14"
"1202","ハンターキラースナイパー","弓技","威力：Ｃ（力・器）　対象：敵単体　効果：人間・エルフ特攻
あらゆる狩人を返り討ちにする長射程の奥義","","298:魔物狩り狩り（Lv6）","0","0","4","猎人杀手狙击手","弓技","威力：Ｃ（力・器）　対象：敵単体　効果：人間・エルフ特攻
能反击所有猎人的长程奥义","","298:魔物狩猎（Lv6）","14"
"1203","ラミアバスター","弓技","威力：Ｃ（力・器）　対象：敵単体　効果：ラミア特攻
ラミアに大ダメージを与える狩人の一撃","54:神弓手（Lv2）","","0","0","4","拉米亚破坏者","弓技","威力：Ｃ（力・器）　対象：敵単体　効果：ラミア特攻
对拉米亚造成巨大伤害的猎人一击","54:神射手（Lv2）","","14"
"1204","スキュラバスター","弓技","威力：Ｃ（力・器）　対象：敵単体　効果：スキュラ特攻
スキュラに大ダメージを与える狩人の一撃","54:神弓手（Lv5）","","0","0","4","斯库拉破坏者","弓技","威力：Ｃ（力・器）　対象：敵単体　効果：スキュラ特攻
对斯库拉造成巨大伤害的猎人一击","54:神射手（Lv5）","","14"
"1205","エルフ狩り","弓技","威力：Ｃ（力・器）　対象：敵単体　効果：エルフ特攻
エルフに大ダメージを与える狩人の一撃","55:影狩人（Lv2）","","0","0","4","精灵狩猎","弓技","威力：Ｃ（力・器）　対象：敵単体　効果：エルフ特攻
对精灵造成巨大伤害的猎人一击","55:影猎人（Lv2）","","14"
"1206","フェアリー狩り","弓技","威力：Ｃ（力・器）　対象：敵単体　効果：妖精特攻
フェアリーに大ダメージを与える狩人の一撃","55:影狩人（Lv5）","","0","0","4","妖精狩猎","弓技","威力：Ｃ（力・器）　対象：敵単体　効果：妖精特攻
对妖精造成巨大伤害的猎人一击","55:影猎人（Lv5）","","14"
"1207","ギガントスナイプ","弓技","威力：Ｂ（力・器）　対象：敵単体　効果：巨体特攻
巨体モンスターに大ダメージを与える狩人の一撃","","299:巨人殺し（Lv2）","0","0","5","巨人狙击","弓技","威力：Ｂ（力・器）　対象：敵単体　効果：巨体特攻
对巨体魔物造成巨大伤害的猎人一击","","299:巨人杀手（Lv2）","14"
"1208","マヒ矢","弓技","威力：Ｄ（力・器）　対象：敵単体　効果：麻痺
痺れ薬を含んだ矢を敵に撃ち込む弓技","","204:ハイエルフ（Lv2）","0","0","2","麻痹箭","弓技","威力：Ｄ（力・器）　対象：敵単体　効果：麻痺
含有麻痹药的箭射入敌人体内的弓技","","204:高等精灵（Lv2）","14"
"1209","眠りの矢","弓技","威力：Ｄ（力・器）　対象：敵単体　効果：睡眠
睡眠薬を含んだ矢を敵に撃ち込む弓技","","204:ハイエルフ（Lv7）","0","0","2","睡眠之箭","弓技","威力：Ｄ（力・器）　対象：敵単体　効果：睡眠
将含有睡眠药的箭射入敌人体内的弓技","","204:高等精灵（Lv7）","14"
"1210","石化の矢","弓技","威力：Ｃ（力・器）　対象：敵単体　効果：石化
石化の魔力を込めた矢を敵に撃ち込む弓技","","205:マスターエルフ（Lv2）","0","0","4","石化之箭","弓技","威力：Ｃ（力・器）　対象：敵単体　効果：石化
将蕴含石化魔力的箭射入敌人体内的弓技","","205:大师精灵（Lv2）","14"
"1211","一撃の矢","弓技","威力：Ｃ（力・器）　対象：敵単体　効果：即死
敵の急所を狙って矢を放ち、一撃で即死させる弓技","","205:マスターエルフ（Lv7）","0","0","5","一击之箭","弓技","威力：Ｃ（力・器）　対象：敵単体　効果：即死
瞄准敌人的要害，一箭即死","","205:大师精灵（Lv7）","14"
"1212","爆閃矢","弓技","威力：Ａ（力・器）　対象：敵単体　属性：炎
敵に刺さった瞬間に爆発を起こす弓技","","205:マスターエルフ（Lv5）","0","0","7","爆闪箭","弓技","威力：Ａ（力・器）　対象：敵単体　属性：炎
箭刺入敌人的瞬间引发爆炸的弓技","","205:大师精灵（Lv5）","14"
"1213","五月雨矢","弓技","威力：Ｓ（力・器）　対象：敵ランダム4回
五月雨のように矢を放ち、敵の群れを射貫く奥義","","205:マスターエルフ（Lv10）","0","0","10","五月雨箭","弓技","威力：Ｓ（力・器）　対象：敵ランダム4回
如五月雨般射出箭矢，贯穿敌群的奥义","","205:大师精灵（Lv10）","14"
"1214","赤の衝撃","弓技","威力：Ｓ（力・器）　対象：敵単体　属性：炎　効果：巨体特攻
あらゆる巨体モンスターを駆逐する灼熱の一撃","","299:巨人殺し（Lv10）","0","0","10","赤色冲击","弓技","威力：Ｓ（力・器）　対象：敵単体　属性：炎　効果：巨体特攻
驱逐一切巨体魔物的灼热一击","","299:巨人杀手（Lv10）","14"
"1215","フレアトラップ","弓技","威力：Ａ（力・器）　対象：敵単体　属性：炎
導火線を伝い、凄まじい業火を敵に叩き込む弓技","","298:魔物狩り狩り（Lv10）","0","0","6","火焰陷阱","弓技","威力：Ａ（力・器）　対象：敵単体　属性：炎
沿着导火线，将猛烈的业火轰向敌人的弓技","","298:魔物狩猎（Lv10）","14"
"1216","フロストトラップ","弓技","威力：Ｓ（力・器）　対象：敵単体　属性：氷
導火線を伝い、凍てつく冷気を敵に叩き込む弓技","","299:巨人殺し（Lv6）","0","0","10","霜冻陷阱","弓技","威力：Ｓ（力・器）　対象：敵単体　属性：氷
沿着导火线，将冰冷的寒气轰向敌人的弓技","","299:巨人杀手（Lv6）","14"
"1217","ネビュラリフレクト","弓技","威力：Ｓ（力・器）　対象：敵単体
光子を周囲に展開し、光の矢を乱反射させて敵を討つ弓技","","369:淫欲のクピド（Lv10）","0","0","10","星云反射","弓技","威力：Ｓ（力・器）　対象：敵単体
在周围展开光子，使光之箭乱反射讨伐敌人的弓技","","369:淫欲的丘比特（Lv10）","14"
"1218","コズミックダスト","弓技","威力：Ａ（力・器）　対象：敵全体　属性：炎
天空から炎の矢を雨のように降らせる奥義","","369:淫欲のクピド（Lv2）","0","0","8","宇宙尘埃","弓技","威力：Ａ（力・器）　対象：敵全体　属性：炎
从天空中降下如雨般的炎之箭的奥义","","369:淫欲的丘比特（Lv2）","14"
"1219","流星乱矢","弓技","威力：Ｓ（力・器）　対象：敵ランダム6回　属性：聖
聖なる力を込め、流星のように矢を乱舞させる奥義","54:神弓手（Lv10）","","0","12","5","流星乱箭","弓技","威力：Ｓ（力・器）　対象：敵ランダム6回　属性：聖
注入神圣之力，使箭如流星般乱舞的奥义","54:神射手（Lv10）","","14"
"1220","散華乱矢","弓技","威力：Ｓ（力・器）　対象：敵ランダム6回　属性：闇
闇の力を込めた矢を乱れ撃つ奥義","55:影狩人（Lv10）","","10%当前HP","0","5","散华乱箭","弓技","威力：Ｓ（力・器）　対象：敵ランダム6回　属性：闇
注入黑暗之力的箭乱击的奥义","55:影猎人（Lv10）","","14"
"1221","エレメンタルアロー","弓技","威力：ＳＳ（力・器）　対象：敵単体　属性：炎・風・土・水
エルフ特有の感応能力で四精霊の力を借り、矢に宿して撃ち込む奥義","","212:クィーンエルフ（Lv10）","0","20","7","元素之箭","弓技","威力：ＳＳ（力・器）　対象：敵単体　属性：炎・風・土・水
精灵特有的感应能力借用四精灵之力，注入箭中击出的奥义","","212:精灵女王（Lv10）","14"
"1222","アルテミスグレイブ","弓技","威力：ＳＳ（力・器）　対象：敵ランダム4回
エルフの女王のみに伝えられる太古の弓奥義","","212:クィーンエルフ（Lv2）","0","0","14","阿尔忒弥斯之墓","弓技","威力：ＳＳ（力・器）　対象：敵ランダム4回
只有精灵女王才能传承的古代弓奥义","","212:精灵女王（Lv2）","14"
"1223","真・流星乱矢","弓技","威力：ＳＳＳ（力・器）　対象：敵ランダム8回　属性：永劫
流星のように聖なる矢を乱舞させる秘奥義","7025:狩神（Lv6）","","0","30","9","真・流星乱箭","弓技","威力：ＳＳＳ（力・器）　対象：敵ランダム8回　属性：永劫
使神圣之箭如流星般乱舞的秘奥义","7025:狩神（Lv6）","","14"
"1224","絶・散華乱矢","弓技","威力：ＳＳＳ（力・器）　対象：敵ランダム8回　属性：終焉
闇の矢を乱れ撃ち敵を散華させる秘奥義","7025:狩神（Lv9）","","14%当前HP","0","9","绝・散华乱箭","弓技","威力：ＳＳＳ（力・器）　対象：敵ランダム8回　属性：終焉
乱击黑暗之箭使敌人散华的秘奥义","7025:狩神（Lv9）","","14"
"1225","ヒールアロー","弓技","対象：味方単体　効果：HP大回復
癒しの魔力がこもった矢で味方を射抜き、体力を回復させる弓技","","368:キューピッド（Lv4）","0","0","3","治愈之箭","弓技","対象：味方単体　効果：HP大回復
蕴含治愈魔力的箭射穿同伴，恢复体力的弓技","","368:丘比特（Lv4）","14"
"1226","ミラクルアロー","弓技","対象：味方全体　効果：HP大回復
味方全体に癒しの矢を放ち、体力を回復させる弓技","","369:淫欲のクピド（Lv4）","0","0","6","奇迹之箭","弓技","対象：味方全体　効果：HP大回復
射出治愈之箭，恢复全体同伴体力的弓技","","369:淫欲的丘比特（Lv4）","14"
"1232","ワルツウィップ","鞭技","威力：Ｄ（力・器）　対象：敵ランダム3回　属性：快楽
ワルツを踊るように舞い、敵を連続で打ち据える鞭技","","319:アルラウネ（Lv4）","0","0","3","华尔兹鞭","鞭技","威力：Ｄ（力・器）　対象：敵ランダム3回　属性：快楽
如跳华尔兹般舞动，连续打击敌人的鞭技","","319:阿娜温（Lv4）","15"
"1233","しびれ打ち","鞭技","威力：Ｃ（力・器）　対象：敵単体　属性：快楽　効果：麻痺
魔物の体を痺れさせる鞭の一撃","59:魔物使い（Lv2）","","0","0","3","麻痹打击","鞭技","威力：Ｃ（力・器）　対象：敵単体　属性：快楽　効果：麻痺
使魔物身体麻痹的鞭击","59:魔物使（Lv2）","","15"
"1234","スネークテイル","鞭技","威力：Ｂ（力・器）　対象：敵全体　属性：快楽　効果：麻痺
蛇のようにうねる軌道で敵全体を打ちのめす鞭技","59:魔物使い（Lv10）","","0","0","5","蛇尾鞭","鞭技","威力：Ｂ（力・器）　対象：敵全体　属性：快楽　効果：麻痺
以蛇形轨迹击倒全体敌人的鞭技","59:魔物使（Lv10）","","15"
"1235","ドラゴンスレイヤー","鞭技","威力：Ｃ（力・器）　対象：敵全体　属性：快楽　効果：竜特攻・麻痺
ドラゴン種に大ダメージを与える鞭使い特有の技","60:ドラゴン使い（Lv2）","","0","0","5","屠龙鞭","鞭技","威力：Ｃ（力・器）　対象：敵全体　属性：快楽　効果：竜特攻・麻痺
对龙种造成大伤害的鞭技","60:龙使（Lv2）","","15"
"1236","デビルバスター","鞭技","威力：Ｃ（力・器）　対象：敵全体　属性：快楽　効果：妖魔特攻・麻痺
妖魔に大ダメージを与えるデビルサマナー特有の鞭技","61:デビルサマナー（Lv2）","","0","0","5","破魔鞭","鞭技","威力：Ｃ（力・器）　対象：敵全体　属性：快楽　効果：妖魔特攻・麻痺
对妖魔造成大伤害的鞭技","61:恶魔召唤师（Lv2）","","15"
"1237","雷縛の鞭","鞭技","威力：Ｂ（力・器）　対象：敵単体　属性：快楽・雷　効果：麻痺
電撃を帯びた鞭で敵を拘束する技","","320:ハイアルラウネ（Lv7）","0","0","5","雷缚之鞭","鞭技","威力：Ｂ（力・器）　対象：敵単体　属性：快楽・雷　効果：麻痺
带有电击的鞭子拘束敌人的技能","","320:高等阿娜温（Lv7）","15"
"1238","雷縛三閃","鞭技","威力：Ｓ（力・器）　対象：敵単体3回　属性：快楽・雷　効果：麻痺
電撃を帯びた鞭で敵を拘束し、連続で打ち据える奥義","","321:慈愛の聖花（Lv6）","0","0","10","雷缚三闪","鞭技","威力：Ｓ（力・器）　対象：敵単体3回　属性：快楽・雷　効果：麻痺
用带电的鞭子拘束敌人，连续打击的奥义","","321:慈爱的圣花（Lv6）","15"
"1239","魔蒼円舞","鞭技","威力：Ｂ（力・器）　対象：敵全体　属性：快楽　効果：混乱・睡眠・麻痺
陣を描くように鞭を振るい、敵全体を薙ぎ払う技","","322:ワルラウネ（Lv7）","0","0","6","魔苍圆舞","鞭技","威力：Ｂ（力・器）　対象：敵全体　属性：快楽　効果：混乱・睡眠・麻痺
像画阵一样挥动鞭子，扫荡全体敌人的技能","","322:恶娜温（Lv7）","15"
"1240","黄泉ノ黒陣","鞭技","威力：Ａ（力・器）　対象：敵全体　属性：快楽　効果：混乱・睡眠・麻痺
鞭先で闇の魔法陣を描き、敵全体を討ち滅ぼす奥義","","323:彼岸の魔花（Lv7）","0","0","8","黄泉之黑阵","鞭技","威力：Ａ（力・器）　対象：敵全体　属性：快楽　効果：混乱・睡眠・麻痺
用鞭尖描绘黑暗魔法阵，消灭全体敌人的奥义","","323:彼岸的魔花（Lv7）","15"
"1241","溶解の鞭","鞭技","威力：Ｂ（力・器）　対象：敵ランダム3回　属性：快楽　効果：消化・消化特攻
自身の消化液を鞭に乗せ、敵を溶かす亜流の鞭技","","324:食虫淫花（Lv10）","0","0","5","溶解之鞭","鞭技","威力：Ｂ（力・器）　対象：敵ランダム3回　属性：快楽　効果：消化・消化特攻
将自身的消化液附在鞭子上，溶解敌人的亚流鞭技","","324:食虫淫花（Lv10）","15"
"1242","メルティスパイラル","鞭技","威力：Ｓ（力・器）　対象：敵ランダム4回　属性：快楽　効果：消化・消化特攻
消化液を乗せた鞭を敵の群れに何度も振るう鞭奥義","","325:ビーナスネペンテス（Lv7）","0","0","10","溶解螺旋","鞭技","威力：Ｓ（力・器）　対象：敵ランダム4回　属性：快楽　効果：消化・消化特攻
将消化液附在鞭子上，对敌群多次挥舞的鞭技奥义","","325:维纳斯之花（Lv7）","15"
"1243","ドラゴンテイル","鞭技","威力：Ａ（力・器）　対象：敵全体　属性：快楽・聖　効果：麻痺
竜の尾のような剛力で敵全体を打ち据える鞭技","60:ドラゴン使い（Lv5）","","0","10","4","龙尾鞭","鞭技","威力：Ａ（力・器）　対象：敵全体　属性：快楽・聖　効果：麻痺
以龙尾般的刚力将全体敌人击溃的鞭技","60:龙使（Lv5）","","15"
"1244","大蛇の舞い","鞭技","威力：Ｓ（力・器）　対象：敵ランダム4回　属性：快楽・聖　効果：麻痺
剛力としなやかさを融合させ、敵の群れを荒れ狂う鞭の乱撃奥義","60:ドラゴン使い（Lv10）","","0","12","5","大蛇之舞","鞭技","威力：Ｓ（力・器）　対象：敵ランダム4回　属性：快楽・聖　効果：麻痺
融合刚力与柔韧，对敌群进行鞭之乱击的奥义","60:龙使（Lv10）","","15"
"1245","漆黒の大蛇","鞭技","威力：Ａ（力・器）　対象：敵全体　属性：快楽・闇　効果：麻痺
闇のオーラを伴いながら敵全体を打ち据える鞭技","61:デビルサマナー（Lv5）","","10%当前HP","0","4","漆黑的大蛇","鞭技","威力：Ａ（力・器）　対象：敵全体　属性：快楽・闇　効果：麻痺
伴随着黑暗的气息，用鞭子压制全体敌人的技能","61:恶魔召唤师（Lv5）","","15"
"1246","闇の螺旋鞭","鞭技","威力：Ｓ（力・器）　対象：敵単体　属性：快楽・闇　効果：麻痺
闇のオーラを込め、敵一体を螺旋軌道で打ち据える鞭奥義","61:デビルサマナー（Lv10）","","10%当前HP","0","5","暗之螺旋鞭","鞭技","威力：Ｓ（力・器）　対象：敵単体　属性：快楽・闇　効果：麻痺
注入暗之气息，以螺旋轨迹将敌人单体击溃的鞭技奥义","61:恶魔召唤师（Lv10）","","15"
"1247","レインボーウィップ","鞭技","威力：Ｓ（力・器）　対象：敵全体　属性：快楽・炎・氷・雷・風・土・水
六属性の力を鞭に集中させ、融合反応を起こす鞭奥義","","326:クィーンアルラウネ（Lv10）","0","0","12","彩虹鞭","鞭技","威力：Ｓ（力・器）　対象：敵全体　属性：快楽・炎・氷・雷・風・土・水
将六种属性的力量集中于鞭上，引发融合反应的鞭技奥义","","326:阿娜温女王（Lv10）","15"
"1248","サウザンドハレム","鞭技","威力：Ｓ（力・器）　対象：敵ランダム6回　属性：快楽　効果：麻痺
淫魔の念を込め鞭を乱舞する快楽奥義","","","0","0","10","千人后宫","鞭技","威力：Ｓ（力・器）　対象：敵ランダム6回　属性：快楽　効果：麻痺
淫魔的念力注入鞭子乱舞的快乐奥义","","","15"
"1249","拘束の鞭","鞭技","威力：Ｄ（力・器）　対象：敵全体　属性：快楽　効果：拘束
鞭を敵に巻き付かせ、自由を奪う技","59:魔物使い（Lv4）","","0","0","3","拘束之鞭","鞭技","威力：Ｄ（力・器）　対象：敵全体　属性：快楽　効果：拘束
用鞭子缠绕敌人，剥夺其自由的技能","59:魔物使（Lv4）","","15"
"1250","混乱の鞭","鞭技","威力：Ｄ（力・器）　対象：敵全体　属性：快楽　効果：混乱
敵の頭を打ち据え、混乱させる鞭技","59:魔物使い（Lv5）","","0","0","3","混乱之鞭","鞭技","威力：Ｄ（力・器）　対象：敵全体　属性：快楽　効果：混乱
用鞭子打击敌人的头部，使其陷入混乱的技能","59:魔物使（Lv5）","","15"
"1251","愛の鞭","鞭技","威力：Ｄ（力・器）　対象：敵全体　属性：快楽　効果：誘惑
愛を込めて打ち据え、敵を魅了する鞭技","59:魔物使い（Lv6）","","0","0","3","爱之鞭","鞭技","威力：Ｄ（力・器）　対象：敵全体　属性：快楽　効果：誘惑
充满爱意地击打，用鞭子魅惑敌人","59:魔物使（Lv6）","","15"
"1252","モンスターサーバント","鞭技","効果：ランダム
鞭を振るい、魔物を呼び出して攻撃させる技","59:魔物使い（Lv7）","","0","0","1","魔物仆从","鞭技","効果：ランダム
挥动鞭子，召唤魔物进行攻击的技能","59:魔物使（Lv7）","","15"
"1253","ホーリーサーバント","鞭技","効果：ランダム
鞭を振るい、聖なる存在を呼び出して攻撃させる技","60:ドラゴン使い（Lv7）","","0","0","3","神圣仆从","鞭技","効果：ランダム
挥动鞭子，召唤神圣存在进行攻击的技能","60:龙使（Lv7）","","15"
"1254","デビルサーバント","鞭技","効果：ランダム
鞭を振るい、闇の存在を呼び出して攻撃させる技","61:デビルサマナー（Lv7）","","0","0","3","恶魔仆从","鞭技","効果：ランダム
挥动鞭子，召唤黑暗存在进行攻击的技能","61:恶魔召唤师（Lv7）","","15"
"1255","アポトサーバント","鞭技","効果：ランダム
鞭を振るい、アポトーシスを呼び出して攻撃させる技","7027:カオスバスター（Lv12）","","0","0","6","凋零仆从","鞭技","効果：ランダム
挥动鞭子，召唤凋零者进行攻击的技能","7027:混沌破坏者（Lv12）","","15"
"1256","ビーストシージ","鞭技","対象：使用者　効果：無効化反撃
2ターンの間、敵の獣技を無効化し反撃する","7027:カオスバスター（Lv8）","","0","0","4","野兽围攻","鞭技","対象：使用者　効果：無効化反撃
2回合内，使敌人的兽技无效并反击","7027:混沌破坏者（Lv8）","","15"
"1260","ノビールショット","投擲技","威力：Ｅ（力・器）　対象：敵単体
ブーメランを持った腕が伸び、直接敵を殴り付ける技","","223:スライム（Lv3）","0","0","1","伸手一击","投掷技","威力：Ｅ（力・器）　対象：敵単体
持有回旋镖的手臂伸长，直接殴打敌人","","223:史莱姆（Lv3）","16"
"1261","燕落とし","投擲技","威力：Ｄ（力・器）　対象：敵単体　効果：鳥特攻
空を飛ぶモンスターをブーメランで叩き落とす投擲技","","223:スライム（Lv7）","0","0","2","落燕","投掷技","威力：Ｄ（力・器）　対象：敵単体　効果：鳥特攻
用回旋镖击落飞行中的魔物的投掷技","","223:史莱姆（Lv7）","16"
"1262","ツインシュート","投擲技","威力：Ｄ（力・器）　対象：敵単体2回
二つに分裂させたブーメランを敵1体に投げ付ける投擲技","120:情報屋（Lv7）","","0","0","3","双射","投掷技","威力：Ｄ（力・器）　対象：敵単体2回
分裂成两个的回旋镖投向一个敌人的投掷技","120:情报贩子（Lv7）","","16"
"1263","スパイラルエッジ","投擲技","威力：Ｃ（力・器）　対象：敵全体
風を切るようにブーメランを投げ付け、敵全体を攻撃する投擲技","82:アイテム士（Lv4）","","0","0","5","螺旋利刃","投掷技","威力：Ｃ（力・器）　対象：敵全体
像切割风一样投掷回旋镖，攻击全体敌人的投掷技","82:道具师（Lv4）","","16"
"1264","ウィンドスルー","投擲技","威力：Ｃ（力・器）　対象：敵全体　属性：風
風のブーメランを投げ付け、敵全体を薙ぎ倒す投擲技","121:話術士（Lv8）","","0","0","5","风穿","投掷技","威力：Ｃ（力・器）　対象：敵全体　属性：風
投掷风之飞镖，横扫全体敌人的投掷技","121:话术士（Lv8）","","16"
"1265","ツインブーメラン","投擲技","威力：Ｂ（力・器）　対象：敵単体2回
二つに分裂させたブーメランを敵単体に投げ付ける投擲技","","224:メガスライム（Lv5）","0","0","5","双飞镖","投掷技","威力：Ｂ（力・器）　対象：敵単体2回
分裂成两个的飞镖投向单体敌人的投掷技","","224:大史莱姆（Lv5）","16"
"1266","エアロダート","投擲技","威力：Ｂ（力・器）　対象：敵単体　属性：風
真空の刃を伴ったブーメランを投げ付け、敵を刻む投擲技","","226:癒しのスライム（Lv8）","0","0","5","空气飞镖","投掷技","威力：Ｂ（力・器）　対象：敵単体　属性：風
投掷带有真空刃的飞镖，刻印敌人的投掷技","","226:治愈的史莱姆（Lv8）","16"
"1267","メルティスルー","投擲技","威力：Ｃ（力・器）　対象：敵全体　効果：消化・消化特攻
消化液を伴ったブーメランを投げ付け、敵を溶かす投擲技","","228:肉食スライム（Lv6）","0","0","5","溶穿","投掷技","威力：Ｃ（力・器）　対象：敵全体　効果：消化・消化特攻
投掷带有消化液的飞镖，溶解敌人的投掷技","","228:肉食史莱姆（Lv6）","16"
"1268","シューティングスター","投擲技","威力：Ｂ（力・器）　対象：敵単体
流れ星のごとく敵単体にブーメランをぶつける投擲技","84:冒険家（Lv4）","","0","0","5","流星","投掷技","威力：Ｂ（力・器）　対象：敵単体
如流星般投掷飞镖击中单体敌人的投掷技","84:冒险家（Lv4）","","16"
"1269","スターゲイザー","投擲技","威力：Ａ（力・器）　対象：敵単体
星々の力を込めたブーメランを敵に投げ付ける投擲技","83:マスターアイテム（Lv3）","","0","0","7","观星者","投掷技","威力：Ａ（力・器）　対象：敵単体
投掷蕴含星辰之力的飞镖攻击敌人的投掷技","83:道具大师（Lv3）","","16"
"1270","バーニングエッジ","投擲技","威力：Ａ（力・器）　対象：敵全体　属性：炎
業火を伴うブーメランで敵全体を焼き尽くす投擲技","122:話神（Lv7）","","0","0","8","燃烧利刃","投掷技","威力：Ａ（力・器）　対象：敵全体　属性：炎
投掷带有业火的飞镖，焚烧全体敌人的投掷技","122:话神（Lv7）","","16"
"1271","コズミックスルー","投擲技","威力：Ｓ（力・器）　対象：敵ランダム4回
流星のごとくブーメランを何度も投げ付ける投擲技","85:レンジャー（Lv10）","","0","0","9","宇穿","投掷技","威力：Ｓ（力・器）　対象：敵ランダム4回
如流星般多次投掷飞镖的投掷技","85:游侠（Lv10）","","16"
"1272","フィフスエッジ","投擲技","威力：Ｓ（力・器）　対象：敵ランダム5回
ブーメランを五連続で投げ付け、乱舞させる投擲技","","225:ギガスライム（Lv5）","0","0","10","第五利刃","投掷技","威力：Ｓ（力・器）　対象：敵ランダム5回
连续五次投掷飞镖，乱舞的投掷技","","225:千兆史莱姆（Lv5）","16"
"1273","四天風車輪","投擲技","威力：Ｓ（力・器）　対象：敵単体　属性：風
真空の刃を四つ発生させ、敵を十字に斬り裂く投擲奥義","","227:破邪の粘妖（Lv8）","0","0","9","四天风车轮","投掷技","威力：Ｓ（力・器）　対象：敵単体　属性：風
产生四个真空刃，十字斩裂敌人的投掷奥义","","227:破邪粘妖（Lv8）","16"
"1274","影螺旋","投擲技","威力：Ｓ（力・器）　対象：敵単体
螺旋軌道で敵単体に衝撃波を叩き込む投擲奥義","","229:淫酷の粘妖（Lv6）","0","0","10","影螺旋","投掷技","威力：Ｓ（力・器）　対象：敵単体
螺旋轨道对单体敌人施加冲击波的投掷奥义","","229:淫酷粘妖（Lv6）","16"
"1275","シャドウエンハウンス","投擲技","威力：ＳＳ（力・器）　対象：敵単体
スライムの女王にのみ伝わる幻の投擲奥義","","230:クィーンスライム（Lv2）","0","0","13","影强化","投掷技","威力：ＳＳ（力・器）　対象：敵単体
仅传给史莱姆女王的幻之投掷奥义","","230:史莱姆女王（Lv2）","16"
"1276","ナノアセンブラ","投擲技","威力：ＳＳ（力・器）　対象：敵全体　属性：ナノ
乱舞するブーメランでナノレベルまで破壊する混沌奥義","7034:ラストサバイバー（Lv14）","","0","0","17","纳米装配器","投掷技","威力：ＳＳ（力・器）　対象：敵全体　属性：ナノ
乱舞的飞镖将敌人破坏至纳米级别的混沌奥义","7034:最后幸存者（Lv14）","","16"
"1277","コメットフォール","投擲技","威力：ＳＳＳ（力・器）　対象：敵単体
彗星のごとく頭上から落下させるブーメランの秘奥義","7033:商神（Lv7）","","0","0","18","星陨","投掷技","威力：ＳＳＳ（力・器）　対象：敵単体
如彗星般从头顶落下的飞镖秘奥义","7033:商神（Lv7）","","16"
"1278","シュプルエッジ","投擲技","威力：ＳＳＳ（力・器）　対象：敵ランダム4回　属性：水　効果：ヌルヌル特攻
水圧を伴い切断力を増したブーメランの乱舞技","","231:究極群体生命（Lv10）","0","0","18","咻噗露乱刃","投掷技","威力：ＳＳＳ（力・器）　対象：敵ランダム4回　属性：水　効果：ヌルヌル特攻
伴随水压增强切割力的飞镖乱舞技","","231:究极群体生命（Lv10）","16"
"1279","ナノバリオン","投擲技","威力：Ｚ（力・器）　対象：敵ランダム5回　属性：ナノ・銀河
ナノレベルまで分解するブーメランを連続で繰り出す混沌奥義","7065:音ヨリモ速キ者（Lv9）","","0","0","30","纳米重子","投掷技","威力：Ｚ（力・器）　対象：敵ランダム5回　属性：ナノ・銀河
连续施展将敌人分解至纳米级别的飞镖混沌奥义","7065:超音速者（Lv9）","","16"
"1280","魔擲乱星","投擲技","威力：ＺＺ（力・器）　対象：敵全体　属性：修羅・ナノ・銀河　効果：ヌルヌル特攻
ブーメランを乱舞させ、次元を裂く投擲技の究極奥義","","7421:カナデ（Lv7）","0","0","50","魔掷乱星","投掷技","威力：ＺＺ（力・器）　対象：敵全体　属性：修羅・ナノ・銀河　効果：ヌルヌル特攻
乱舞飞镖，撕裂次元的投掷技究极奥义","","7421:祸抚（Lv7）","16"
"1282","鉄球撃","鉄球技","威力：Ｄ（力）　対象：敵単体
重量を込めて敵単体に鉄球を叩き付ける技","","254:ラミア（Lv2）","0","0","2","铁球击","铁球技","威力：Ｄ（力）　対象：敵単体
用力砸向单体敌人铁球的技能","","254:拉米亚（Lv2）","17"
"1283","鉄球火炎撃","鉄球技","威力：Ｄ（力）　対象：敵全体　属性：炎
炎を宿した鉄球で敵全体を攻撃する技","","254:ラミア（Lv6）","0","0","3","铁球火焰击","铁球技","威力：Ｄ（力）　対象：敵全体　属性：炎
附有火焰的铁球攻击全体敌人的技能","","254:拉米亚（Lv6）","17"
"1284","鉄球氷柱撃","鉄球技","威力：Ｄ（力）　対象：敵全体　属性：氷
氷を宿した鉄球で敵全体を攻撃する技","","254:ラミア（Lv7）","0","0","3","铁球冰柱击","铁球技","威力：Ｄ（力）　対象：敵全体　属性：氷
以附着冰霜的铁球攻击全体敌人的技能","","254:拉米亚（Lv7）","17"
"1285","鉄球雷電撃","鉄球技","威力：Ｄ（力）　対象：敵全体　属性：雷
雷を宿した鉄球で敵全体を攻撃する技","","254:ラミア（Lv8）","0","0","3","铁球雷电击","铁球技","威力：Ｄ（力）　対象：敵全体　属性：雷
以附着雷电的铁球攻击全体敌人的技能","","254:拉米亚（Lv8）","17"
"1286","触手殺し","鉄球技","威力：Ｄ（力）　対象：敵単体　効果：スキュラ特攻
触手を狙って叩き潰すスキュラ殺しの鉄球技","","254:ラミア（Lv9）","0","0","3","触手杀手","铁球技","威力：Ｄ（力）　対象：敵単体　効果：スキュラ特攻
瞄准触手进行粉碎的斯库拉杀手的铁球技能","","254:拉米亚（Lv9）","17"
"1287","キルスキュラ","鉄球技","威力：Ｃ（力）　対象：敵全体　効果：スキュラ特攻
スキュラの群れを一気に叩き潰す鉄球技","","255:ラミアンボア（Lv5）","0","0","4","杀斯库拉","铁球技","威力：Ｃ（力）　対象：敵全体　効果：スキュラ特攻
一口气粉碎斯库拉群的铁球技能","","255:拉米亚波亚（Lv5）","17"
"1288","ヘビィスパイラル","鉄球技","威力：Ｃ（力）　対象：敵全体
重い鉄球を軽やかに振り回し、敵全体を攻撃する技","15:パワーファイター（Lv3）","","0","0","5","重螺旋","铁球技","威力：Ｃ（力）　対象：敵全体
轻松挥动沉重的铁球，攻击全体敌人的技能","15:力量斗士（Lv3）","","17"
"1289","チェインドライブ","鉄球技","威力：Ａ（力）　対象：敵ランダム3回
鉄球に重量を乗せ、連続で叩きつける技","15:パワーファイター（Lv10）","","0","0","6","链猛击","铁球技","威力：Ａ（力）　対象：敵ランダム3回
加重铁球，连续猛击的技能","15:力量斗士（Lv10）","","17"
"1290","グランドドライブ","鉄球技","威力：Ｂ（力）　対象：敵全体
地を這うように鉄球を振り回し、敵全体を薙ぎ倒す技","","255:ラミアンボア（Lv10）","0","0","6","地面猛击","铁球技","威力：Ｂ（力）　対象：敵全体
像在地上爬行一样挥动铁球，横扫全体敌人的技能","","255:拉米亚波亚（Lv10）","17"
"1291","天罰の鉄球","鉄球技","威力：Ｂ（力）　対象：敵全体　属性：聖
破邪の力を鉄球に込め、敵を殴打する技","","257:シスターラミア（Lv6）","0","6","3","天罚的铁球","铁球技","威力：Ｂ（力）　対象：敵全体　属性：聖
将破邪之力注入铁球，殴打敌人的技能","","257:修女拉米亚（Lv6）","17"
"1292","鎖舞","鉄球技","威力：Ｃ（力）　対象：敵全体
鉄球を頭上で巧みに舞わせ、敵の群れを薙ぎ払う技","","259:蛇巫女（Lv3）","0","0","5","锁舞","铁球技","威力：Ｃ（力）　対象：敵全体
巧妙地在头顶舞动铁球，扫荡敌人群的技能","","259:蛇巫女（Lv3）","17"
"1293","デッドリーメイス","鉄球技","威力：Ｃ（力）　対象：敵全体
足元に鉄球を叩き付け、衝撃波を発生させる技","","261:メデューサ（Lv4）","0","0","5","致命锤矛","铁球技","威力：Ｃ（力）　対象：敵全体
猛击脚下的铁球，产生冲击波的技能","","261:美杜莎（Lv4）","17"
"1294","ウェイトキャノン","鉄球技","威力：Ｂ（力）　対象：敵単体
敵1体に狙いを付け、大砲のように鉄球を叩き込む技","","261:メデューサ（Lv10）","0","0","5","超重加农炮","铁球技","威力：Ｂ（力）　対象：敵単体
瞄准敌人单体，像大炮一样猛击铁球的技术","","261:美杜莎（Lv10）","17"
"1295","クリティカルアーク","鉄球技","威力：Ａ（力）　対象：敵全体
剛力で鉄球を振り回し、敵全体を薙ぎ倒す技","16:ギガファイター（Lv3）","","0","0","8","致命弧线","铁球技","威力：Ａ（力）　対象：敵全体
用刚力挥舞铁球，扫荡全体敌人的技术","16:巨力斗士（Lv3）","","17"
"1296","ウロボロス","鉄球技","威力：Ｓ（力）　対象：敵単体
敵単体に乱撃を集中する鉄球奥義","16:ギガファイター（Lv10）","","0","0","10","衔尾蛇","铁球技","威力：Ｓ（力）　対象：敵単体
铁球奥义，集中乱击单体敌人","16:巨力斗士（Lv10）","","17"
"1297","鉄球剛乱舞","鉄球技","威力：Ｓ（力）　対象：敵ランダム5回
鉄球を激しく振り回し、敵の群れに何度も叩き付ける技","","256:ラミアンナイトメア（Lv10）","0","0","10","铁球刚乱舞","铁球技","威力：Ｓ（力）　対象：敵ランダム5回
激烈挥舞铁球，多次猛击敌群的技术","","256:梦魇拉米亚（Lv10）","17"
"1298","クロスメイデン","鉄球技","威力：Ａ（力）　対象：敵単体2回　属性：聖
聖なる力を鉄球に込め、十字を描くように叩き込む奥義","","258:慈愛の聖蛇（Lv6）","0","10","4","十字少女","铁球技","威力：Ａ（力）　対象：敵単体2回　属性：聖
将神圣之力注入铁球，像画十字一样猛击的奥义","","258:慈爱之圣蛇（Lv6）","17"
"1299","神楽乱陣","鉄球技","威力：Ａ（力）　対象：敵全体
聖なる力を鉄球に込め、敵の群れを殴打する技","","260:白蛇神楽（Lv4）","0","0","8","神乐乱阵","铁球技","威力：Ａ（力）　対象：敵全体
将神圣之力注入铁球，殴打敌群的技术","","260:白蛇神乐（Lv4）","17"
"1300","レイジングバースト","鉄球技","威力：Ａ（力）　対象：敵全体
鉄球を地面に叩きつけ、大地を揺るがす奥義","","262:ロードメデューサ（Lv4）","0","0","8","狂怒爆发","铁球技","威力：Ａ（力）　対象：敵全体
将铁球猛击地面，震撼大地的奥义","","262:美杜莎领主（Lv4）","17"
"1301","破壊の一撃","鉄球技","威力：Ｓ（力）　対象：敵単体
鉄球を回転させて勢いを付け、一撃で敵を叩き潰す破壊奥義","","262:ロードメデューサ（Lv10）","0","0","10","破坏的一击","铁球技","威力：Ｓ（力）　対象：敵単体
旋转铁球增加势头，一击粉碎敌人的破坏奥义","","262:美杜莎领主（Lv10）","17"
"1302","五星滅球撃","鉄球技","威力：ＳＳＳ（力）　対象：敵ランダム5回
破壊の力を込めた鉄球を何度も敵に叩き付ける究極奥義","","263:クィーンラミア（Lv10）","0","0","18","五星灭球击","铁球技","威力：ＳＳＳ（力）　対象：敵ランダム5回
注入破坏之力的铁球多次猛击敌人的究极奥义","","263:拉米亚女王（Lv10）","17"
"1303","テラフォーミング","鉄球技","威力：ＳＳＳ（力）　対象：敵全体　属性：修羅・テラ
惑星を創世するという混沌奥義","7015:メテオブレイカー（Lv15）","","0","0","21","大地重塑","铁球技","威力：ＳＳＳ（力）　対象：敵全体　属性：修羅・テラ
创造星球的混沌奥义","7015:流星破坏者（Lv15）","","17"
"1304","ウロボロスアーク","鉄球技","威力：ＳＳＳ（力）　対象：敵全体
鉄球の一撃で大地ごと相手を粉砕する鉄球奥義","","264:ウロボロス（Lv20）","0","0","21","衔尾蛇之弧","铁球技","威力：ＳＳＳ（力）　対象：敵全体
铁球一击将大地与对手一同粉碎的铁球奥义","","264:衔尾蛇（Lv20）","17"
"1305","巨星崩壊","鉄球技","威力：Ｚ（力）　対象：敵全体　属性：テラ・銀河
巨星のエネルギーで全てを圧壊させる鉄球奥義","7059:全テヲ壊ス者（Lv10）","","0","0","40","巨星崩坏","铁球技","威力：Ｚ（力）　対象：敵全体　属性：テラ・銀河
以巨星的能量将一切压碎的铁球奥义","7059:破坏一切者（Lv10）","","17"
"1306","エデンズヘブン","鉄球技","威力：ＺＺ（力）　対象：敵全体　属性：修羅・終焉
鉄球を激しく回転させ、敵全体を破壊の渦に巻き込む鉄球奥義","","7424:淫欲の堕蛇（Lv20）","0","0","50","伊甸天堂","铁球技","威力：ＺＺ（力）　対象：敵全体　属性：修羅・終焉
激烈旋转铁球，将全体敌人卷入破坏的漩涡中的铁球奥义","","7424:淫欲的堕蛇（Lv20）","17"
"1309","重ね扇","扇技","威力：Ｄ（器・速）　対象：敵単体2回
息も吐かせぬ二連続の斬撃を繰り出す扇技","","245:妖狐（Lv4）","0","0","1","重叠扇","扇技","威力：Ｄ（器・速）　対象：敵単体2回
瞬间连续斩击的扇技","","245:妖狐（Lv4）","18"
"1310","飛翔扇","扇技","威力：Ｅ（器・速）　対象：敵単体　属性：風
扇で小規模の竜巻を発生させる技","","274:ハーピー（Lv6）","0","0","1","飞翔扇","扇技","威力：Ｅ（器・速）　対象：敵単体　属性：風
扇引发小规模龙卷风的技能","","274:哈比（Lv6）","18"
"1311","真空扇","扇技","威力：Ｃ（器・速）　対象：敵単体　属性：風
扇で真空を伴う斬撃を繰り出す技","93:踊り子（Lv6）","","0","0","4","真空扇","扇技","威力：Ｃ（器・速）　対象：敵単体　属性：風
扇引发真空斩击的技能","93:舞者（Lv6）","","18"
"1312","狐月扇","扇技","威力：Ｃ（器・速）　対象：敵単体　属性：土
大地の力を扇に宿し、三日月のように敵を斬り裂く技","","246:中級妖狐（Lv2）","0","0","4","狐月扇","扇技","威力：Ｃ（器・速）　対象：敵単体　属性：土
将大地的力量注入扇，如新月般斩击敌人的技能","","246:中级妖狐（Lv2）","18"
"1313","狐月乱閃","扇技","威力：Ｓ（器・速）　対象：敵単体　属性：土
大地の力を扇に宿し、三日月を描きつつ乱れ斬る奥義","","247:上級妖狐（Lv3）","0","0","10","狐月乱闪","扇技","威力：Ｓ（器・速）　対象：敵単体　属性：土
将大地的力量注入扇，描绘新月的同时乱斩的奥义","","247:上级妖狐（Lv3）","18"
"1314","扇舞","扇技","威力：Ｃ（器・速）　対象：敵単体　属性：風
真空を伴った扇で舞うように斬り付ける技","","250:狐芸者（Lv2）","0","0","4","扇舞","扇技","威力：Ｃ（器・速）　対象：敵単体　属性：風
伴随真空的扇舞动斩击的技能","","250:狐艺伎（Lv2）","18"
"1315","扇嵐","扇技","威力：Ｃ（器・速）　対象：敵全体　属性：風
無数の真空の刃で敵を切り刻む扇技","","250:狐芸者（Lv5）","0","0","5","扇岚","扇技","威力：Ｃ（器・速）　対象：敵全体　属性：風
用无数的真空之刃切割敌人的扇技","","250:狐艺伎（Lv5）","18"
"1316","花鳥風月","扇技","威力：Ａ（器・速）　対象：敵全体　属性：風
艶やかな舞で、真空の刃を繰り出す扇技","","251:狐花魁（Lv2）","0","0","8","花鸟风月","扇技","威力：Ａ（器・速）　対象：敵全体　属性：風
以艳丽的舞姿，释放出真空之刃的扇技","","251:狐花魁（Lv2）","18"
"1317","疾風扇","扇技","威力：Ｃ（器・速）　対象：敵全体　属性：風
天空を華麗に舞い、疾風の扇で敵全体を刻む奥義","","275:ウィングハーピー（Lv5）","0","0","5","疾风扇","扇技","威力：Ｃ（器・速）　対象：敵全体　属性：風
在空中华丽地舞动，用疾风的扇切割全体敌人的奥义","","275:翼身哈比（Lv5）","18"
"1318","天空扇","扇技","威力：Ａ（器・速）　対象：敵全体　属性：風
扇で無数の竜巻を発生させ、敵を巻き込む奥義","","276:エルダーハーピー（Lv2）","0","0","8","天空扇","扇技","威力：Ａ（器・速）　対象：敵全体　属性：風
用扇引发无数的龙卷风，将敌人卷入的奥义","","276:长老哈比（Lv2）","18"
"1319","波扇","扇技","威力：Ｃ（器・速）　対象：敵単体　属性：水
波の力を込めて繰り出される扇の一撃","","306:竜宮舞妓（Lv2）","0","0","4","波扇","扇技","威力：Ｃ（器・速）　対象：敵単体　属性：水
蕴含波之力的一击","","306:龙宫舞妓（Lv2）","18"
"1320","海神扇","扇技","威力：Ｓ（器・速）　対象：敵単体　属性：水
海神の力を宿し、敵を素早く切り裂く扇技","","307:竜宮姫（Lv2）","0","0","8","海神扇","扇技","威力：Ｓ（器・速）　対象：敵単体　属性：水
宿有海神之力，迅速切割敌人的扇技","","307:龙宫姬（Lv2）","18"
"1321","濁流扇","扇技","威力：Ｃ（器・速）　対象：敵全体　属性：水
激しい濁流に敵全体を巻き込む扇技","","306:竜宮舞妓（Lv5）","0","0","5","浊流扇","扇技","威力：Ｃ（器・速）　対象：敵全体　属性：水
用激烈的浊流卷入全体敌人的扇技","","306:龙宫舞妓（Lv5）","18"
"1322","激流扇","扇技","威力：Ａ（器・速）　対象：敵全体　属性：水
激流を生み出し、敵全体を押し流す奥義","","307:竜宮姫（Lv5）","0","0","8","激流扇","扇技","威力：Ａ（器・速）　対象：敵全体　属性：水
引发激流，将全体敌人冲走的奥义","","307:龙宫姬（Lv5）","18"
"1323","雪扇","扇技","威力：Ｂ（器・速）　対象：敵単体　属性：氷
極寒の冷気を巻き起こし、敵を凍結させる扇技","","306:竜宮舞妓（Lv8）","0","0","5","雪扇","扇技","威力：Ｂ（器・速）　対象：敵単体　属性：氷
卷起极寒的冷气，冻结敌人的扇技","","306:龙宫舞妓（Lv8）","18"
"1324","氷舞扇","扇技","威力：Ａ（器・速）　対象：敵全体　属性：氷
激しい吹雪を巻き起こし、敵全体を凍結させる奥義","","307:竜宮姫（Lv8）","0","0","8","冰舞扇","扇技","威力：Ａ（器・速）　対象：敵全体　属性：氷
卷起猛烈的暴风雪，冻结全体敌人的奥义","","307:龙宫姬（Lv8）","18"
"1325","感電扇","扇技","威力：Ｂ（器・速）　対象：敵単体　属性：雷
電撃を伴う一撃で敵を痺れさせる扇技","","250:狐芸者（Lv8）","0","0","5","感电扇","扇技","威力：Ｂ（器・速）　対象：敵単体　属性：雷
带有电击的一击，使敌人麻痹的扇技","","250:狐艺伎（Lv8）","18"
"1326","召雷扇","扇技","威力：Ｓ（器・速）　対象：敵単体　属性：雷
稲妻を召喚し、敵に浴びせる奥義","","251:狐花魁（Lv4）","0","0","10","召雷扇","扇技","威力：Ｓ（器・速）　対象：敵単体　属性：雷
召唤闪电，击中敌人的奥义","","251:狐花魁（Lv4）","18"
"1327","呪怨扇","扇技","威力：Ｓ（器・速）　対象：敵単体　効果：石化・即死
呪いの念を込め敵を切り刻む奥義","","251:狐花魁（Lv8）","0","0","10","咒怨扇","扇技","威力：Ｓ（器・速）　対象：敵単体　効果：石化・即死
注入诅咒之念，切割敌人的奥义","","251:狐花魁（Lv8）","18"
"1328","落葉の舞い","扇技","威力：Ａ（器・速）　対象：敵単体　効果：睡眠
空に舞う葉を斬るが如く、奥義で華麗に敵を刻む奥義","94:戦巫女（Lv6）","","0","0","7","落叶之舞","扇技","威力：Ａ（器・速）　対象：敵単体　効果：睡眠
如斩空中飞舞的叶子般，华丽地切割敌人的奥义","94:战巫女（Lv6）","","18"
"1329","九絶胡蝶扇","扇技","威力：ＳＳ（器・速）　対象：敵単体　効果：混乱・睡眠
舞い散る桜吹雪の中、敵を縦横無尽に斬り裂く究極奥義","","252:九尾の狐（Lv8）","0","0","14","九绝胡蝶扇","扇技","威力：ＳＳ（器・速）　対象：敵単体　効果：混乱・睡眠
在飞舞的樱花雪中，纵横无忌地斩裂敌人的究极奥义","","252:九尾狐（Lv8）","18"
"1330","昇天姫扇","扇技","威力：ＳＳ（器・速）　対象：敵単体
素早い扇の振りでカマイタチを起こしつつ敵単体を切り刻む奥義","","281:クィーンハーピー（Lv2）","0","0","14","升天姬扇","扇技","威力：ＳＳ（器・速）　対象：敵単体
以迅捷的扇舞引发旋风，同时斩裂单体敌人的奥义","","281:哈比女王（Lv2）","18"
"1331","銀河連扇","扇技","威力：ＳＳＳ（器・速）　対象：敵単体　属性：銀河
銀河のエネルギーを放出する扇の連撃技","7036:舞踏神（Lv14）","","14%当前HP","0","18","银河连扇","扇技","威力：ＳＳＳ（器・速）　対象：敵単体　属性：銀河
释放银河能量的扇连击技","7036:舞蹈神（Lv14）","","18"
"1332","ブライドハート","扇技","威力：Ｓ（器・速）　対象：敵全体　属性：快楽
淫魔の念を込め快楽の嵐を巻き起こす奥義","","","0","0","12","新娘之心","扇技","威力：Ｓ（器・速）　対象：敵全体　属性：快楽
注入淫魔之念掀起快乐风暴的奥义","","","18"
"1333","零尾虚空扇","扇技","威力：ＳＳＳ（器・速）　対象：敵単体　属性：テラ
零尾のエネルギーを凝縮し乱舞させる混沌の扇技","","253:零尾の狐（Lv2）","0","0","18","零尾虚空扇","扇技","威力：ＳＳＳ（器・速）　対象：敵単体　属性：テラ
凝聚零尾能量乱舞的混沌扇技","","253:零尾之狐（Lv2）","18"
"1334","蒼天乱扇","扇技","威力：ＳＳＳ（器・速）　対象：敵ランダム4回　属性：ハドロン　効果：素早さ低下特攻
青い空を乱れ舞い、敵に乱撃を浴びせるハーピー族の奥義","","282:神鳥（Lv2）","0","0","18","苍天乱扇","扇技","威力：ＳＳＳ（器・速）　対象：敵ランダム4回　属性：ハドロン　効果：素早さ低下特攻
在青空中乱舞，向敌人施加乱击的哈比族奥义","","282:神鸟（Lv2）","18"
"1335","海神竜宮扇","扇技","威力：ＳＳＳ（器・速）　対象：敵単体　属性：量子・ナノ
深海のエネルギーを扇に込めて一閃する究極の扇技","","308:海神（Lv2）","0","0","18","海神龙宫扇","扇技","威力：ＳＳＳ（器・速）　対象：敵単体　属性：量子・ナノ
将深海的能量注入扇中一闪而过的究极扇技","","308:海神（Lv2）","18"
"1338","双弾","銃技","威力：Ｅ（器）　対象：敵単体2回
敵単体に対し、二発の弾丸を同時に撃ち込む銃技","56:ガンナー（Lv2）","","0","0","2","双弹","铳技","威力：Ｅ（器）　対象：敵単体2回
对单体敌人同时射入两发子弹的铳技","56:铳手（Lv2）","","19"
"1339","全体射撃","銃技","威力：Ｄ（器）　対象：敵全体
敵全体に銃弾を浴びせる銃技","56:ガンナー（Lv4）","","0","0","4","全体射击","铳技","威力：Ｄ（器）　対象：敵全体
对全体敌人施加子弹的铳技","56:铳手（Lv4）","","19"
"1340","集中射撃","銃技","威力：Ｂ（器）　対象：敵単体4回
敵単体に集中して銃撃を浴びせる銃技","56:ガンナー（Lv6）","","0","0","5","集中射击","铳技","威力：Ｂ（器）　対象：敵単体4回
对单体敌人集中进行枪击的铳技","56:铳手（Lv6）","","19"
"1341","散弾","銃技","威力：Ｂ（器）　対象：敵単体　効果：スタン
敵単体に散弾を撃ち込み、動きを封じる銃技","56:ガンナー（Lv8）","","0","0","4","散弹","铳技","威力：Ｂ（器）　対象：敵単体　効果：スタン
对单体敌人发射散弹，封锁其行动的铳技","56:铳手（Lv8）","","19"
"1342","跳弾","銃技","威力：Ｂ（器）　対象：敵単体
壁に銃弾を反射させ、破壊力を増して撃ち込む銃技","56:ガンナー（Lv10）","","0","0","5","跳弹","铳技","威力：Ｂ（器）　対象：敵単体
使子弹在墙壁上反射，增加破坏力进行射击的铳技","56:铳手（Lv10）","","19"
"1343","鳥殺弾","銃技","威力：Ｃ（器）　対象：敵単体　効果：鳥特攻
ハーピー族に効果のある弾丸を撃ち込む銃技","56:ガンナー（Lv5）","","0","0","4","鸟杀弹","铳技","威力：Ｃ（器）　対象：敵単体　効果：鳥特攻
对哈比族有效的子弹射击的铳技","56:铳手（Lv5）","","19"
"1344","淫滅弾","銃技","威力：Ｃ（器）　対象：敵単体　効果：淫魔特攻
サキュバスに効果のある弾丸を撃ち込む銃技","56:ガンナー（Lv5）","","0","0","4","淫灭弹","铳技","威力：Ｃ（器）　対象：敵単体　効果：淫魔特攻
对魅魔有效的子弹射击的铳技","56:铳手（Lv5）","","19"
"1345","銀の弾丸","銃技","威力：Ｃ（器）　対象：敵単体　効果：妖魔・吸血鬼特攻
魔族に効果のある弾丸を撃ち込む銃技","57:神銃士（Lv6）","","0","0","4","银弹","铳技","威力：Ｃ（器）　対象：敵単体　効果：妖魔・吸血鬼特攻
对魔族有效的子弹射击的铳技","57:神铳手（Lv6）","","19"
"1346","滅屍の弾丸","銃技","威力：Ｃ（器）　対象：敵単体　効果：ゾンビ・ゴースト特攻
アンデッドに効果のある弾丸を撃ち込む銃技","57:神銃士（Lv6）","","0","0","4","灭尸弹","铳技","威力：Ｃ（器）　対象：敵単体　効果：ゾンビ・ゴースト特攻
对不死族有效的子弹射击的铳技","57:神铳手（Lv6）","","19"
"1347","猛毒の螺旋弾","銃技","威力：Ｃ（器）　対象：敵単体　効果：陸棲種・海棲種特攻
生物系モンスターに効果のある弾丸を撃ち込む銃技","58:魔弾の射手（Lv6）","","0","0","4","猛毒螺旋弹","铳技","威力：Ｃ（器）　対象：敵単体　効果：陸棲種・海棲種特攻
对生物系魔物有效的子弹射击的铳技","58:魔弹射手（Lv6）","","19"
"1348","幻獣弾","銃技","威力：Ｃ（器）　対象：敵単体　効果：人魚・狐・竜特攻
幻獣に効果のある弾丸を撃ち込む銃技","58:魔弾の射手（Lv6）","","0","0","4","幻兽弹","铳技","威力：Ｃ（器）　対象：敵単体　効果：人魚・狐・竜特攻
对幻兽有效的子弹射击的铳技","58:魔弹射手（Lv6）","","19"
"1349","陰陽弾","銃技","威力：Ｂ（器）　対象：敵単体　効果：石化・即死
呪いを込めた弾丸を的に撃ち込む銃技","58:魔弾の射手（Lv8）","","0","0","5","阴阳弹","铳技","威力：Ｂ（器）　対象：敵単体　効果：石化・即死
注入诅咒的子弹射击的铳技","58:魔弹射手（Lv8）","","19"
"1350","フルガトリング","銃技","威力：Ｂ（器）　対象：敵単体5回
銃器を自身の体に接続し、弾丸の雨を浴びせる銃技","","359:キメラロイド（Lv2）","0","0","5","全弹加特林","铳技","威力：Ｂ（器）　対象：敵単体5回
将枪械连接到自己身体，释放弹雨的铳技","","359:奇美拉机器人（Lv2）","19"
"1351","ショックウェイブ","銃技","威力：Ａ（器）　対象：敵全体　属性：雷
銃器を自身の体に接続し、電撃を連続発射する銃技","","359:キメラロイド（Lv10）","0","0","8","电击波","铳技","威力：Ａ（器）　対象：敵全体　属性：雷
将枪械连接到自身身体，连续发射电击的铳技","","359:奇美拉机器人（Lv10）","19"
"1352","アトミックレイ","銃技","威力：Ｓ（器）　対象：敵全体　属性：炎
銃器を自身の体に接続し、核融合による衝撃波を放つ銃技","","360:機神（Lv10）","0","0","12","原子射线","铳技","威力：Ｓ（器）　対象：敵全体　属性：炎
将枪械连接到自身身体，释放核融合产生的冲击波的铳技","","360:机神（Lv10）","19"
"1353","セントローズ","銃技","威力：Ｓ（器）　対象：敵単体　属性：聖
聖なる銃弾を撃ち込み、花のような爆炎を発生させる銃技","57:神銃士（Lv2）","","0","12","5","圣之蔷薇花","铳技","威力：Ｓ（器）　対象：敵単体　属性：聖
发射圣之子弹，引发如花朵般的爆炎的铳技","57:神铳手（Lv2）","","19"
"1354","ブラックダリア","銃技","威力：Ｓ（器）　対象：敵単体　属性：闇
闇の銃弾を撃ち込み、花のような爆炎を発生させる銃技","58:魔弾の射手（Lv2）","","10%当前HP","0","5","黑之大丽花","铳技","威力：Ｓ（器）　対象：敵単体　属性：闇
发射暗之子弹，引发如花朵般的爆炎的铳技","58:魔弹射手（Lv2）","","19"
"1355","ダンシングフレア","銃技","威力：Ａ（器）　対象：敵全体　属性：炎
敵全体に炎の弾丸を乱れ撃つ銃技","57:神銃士（Lv4）","","0","0","8","舞动之焰","铳技","威力：Ａ（器）　対象：敵全体　属性：炎
对全体敌人乱击炎之子弹的铳技","57:神铳手（Lv4）","","19"
"1356","メギドバースト","銃技","威力：Ａ（器）　対象：敵全体　属性：氷
敵全体に氷の弾丸を乱れ撃つ銃技","58:魔弾の射手（Lv4）","","0","0","8","毁灭水爆弹","铳技","威力：Ａ（器）　対象：敵全体　属性：氷
对全体敌人乱击冰之子弹的铳技","58:魔弹射手（Lv4）","","19"
"1357","ホーリーデスペラード","銃技","威力：Ｓ（器）　対象：敵ランダム4回　属性：聖
敵の群れに聖なる弾丸を乱れ撃つ奥義","57:神銃士（Lv10）","","0","12","5","神圣亡命徒","铳技","威力：Ｓ（器）　対象：敵ランダム4回　属性：聖
对敌群乱击圣之子弹的奥义","57:神铳手（Lv10）","","19"
"1358","シャドウデスペラード","銃技","威力：Ｓ（器）　対象：敵ランダム4回　属性：闇
敵の群れに闇の弾丸を乱れ撃つ奥義","58:魔弾の射手（Lv10）","","10%当前HP","0","5","暗影亡命徒","铳技","威力：Ｓ（器）　対象：敵ランダム4回　属性：闇
对敌群乱击暗之子弹的奥义","58:魔弹射手（Lv10）","","19"
"1359","シャイニングローズ","銃技","威力：ＳＳＳ（器）　対象：敵単体　属性：永劫
セントローズをさらに強化した究極の神聖銃奥義","7026:銃神（Lv5）","","0","30","9","闪耀蔷薇花","铳技","威力：ＳＳＳ（器）　対象：敵単体　属性：永劫
强化圣之蔷薇花的究极神圣铳奥义","7026:铳神（Lv5）","","19"
"1360","ダークネスダリア","銃技","威力：ＳＳＳ（器）　対象：敵単体　属性：終焉
ブラックローズをさらに強化した究極の暗黒銃奥義","7026:銃神（Lv8）","","14%当前HP","0","9","暗黑大丽花","铳技","威力：ＳＳＳ（器）　対象：敵単体　属性：終焉
黑蔷薇进一步强化的究极暗黑铳奥义","7026:铳神（Lv8）","","19"
"1361","報復","銃技","威力：可変　対象：敵単体
使用者の体力が少ないほど威力が高くなる銃技","91:ゴッドファーザー（Lv2）","","0","0","3","报复","铳技","威力：可変　対象：敵単体
使用者体力越少威力越高的铳技","91:教父（Lv2）","","19"
"1362","仁義","銃技","威力：可変（器）　対象：敵単体
味方の戦闘不能者が多いほど威力が高くなる銃技","91:ゴッドファーザー（Lv4）","","0","0","3","仁义","铳技","威力：可変（器）　対象：敵単体
同伴战斗不能者越多威力越高的铳技","91:教父（Lv4）","","19"
"1363","暗殺","銃技","威力：Ｂ（器）　対象：敵単体　効果：即死
敵一体の急所に弾丸を撃ち込み、即死させる","91:ゴッドファーザー（Lv7）","","0","0","4","暗杀","铳技","威力：Ｂ（器）　対象：敵単体　効果：即死
对敌人一击致命的子弹","91:教父（Lv7）","","19"
"1364","制裁","銃技","威力：可変　対象：味方単体
味方を銃撃し、瀕死に追い込む容赦のない技","91:ゴッドファーザー（Lv5）","","0","0","1","制裁","铳技","威力：可変　対象：味方単体
对同伴进行枪击，毫不留情的技能","91:教父（Lv5）","","19"
"1365","粛正","銃技","対象：味方単体　効果：即死
味方単体を即死させる冷徹な銃撃","91:ゴッドファーザー（Lv8）","","0","0","2","肃正","铳技","対象：味方単体　効果：即死
对同伴一击致命的冷酷枪击","91:教父（Lv8）","","19"
"1366","悪の華","銃技","威力：可変　対象：敵全体
使用者が傷付き、味方が倒れるほど威力が高くなる銃技","91:ゴッドファーザー（Lv10）","","0","0","6","恶之华","铳技","威力：可変　対象：敵全体
使用者受伤，同伴倒下越多威力越高的铳技","91:教父（Lv10）","","19"
"1367","回復弾","銃技","対象：味方単体　効果：HP大回復
回復の力が込められた弾丸を味方単体に撃ち込む","56:ガンナー（Lv7）","","0","0","3","恢复弹","铳技","対象：味方単体　効果：HP大回復
将蕴含恢复力量的子弹射向同伴","56:铳手（Lv7）","","19"
"1368","回復弾乱射","銃技","対象：味方ランダム8回　効果：HP大回復
回復の力が込められた弾丸を味方に乱射する","57:神銃士（Lv8）","","0","0","5","恢复弹乱射","铳技","対象：味方ランダム8回　効果：HP大回復
向同伴乱射蕴含恢复力量的子弹","57:神铳手（Lv8）","","19"
"1374","ミックスゲイズ","多武器技","威力：Ｂ（力）　対象：敵単体2回
斬撃と格闘技を同時に叩き込むミックス技","30:バトルマスター（Lv2）","","0","0","5","混合迷阵","多武器技","威力：Ｂ（力）　対象：敵単体2回
同时施展斩击和格斗技的混合技","30:战斗大师（Lv2）","","20"
"1375","アームドストーム","多武器技","威力：Ｂ（力）　対象：敵ランダム4回
広範囲に刃の嵐を放ち、敵に何度も斬撃を喰らわせる技","30:バトルマスター（Lv4）","","0","0","5","武装风暴","多武器技","威力：Ｂ（力）　対象：敵ランダム4回
释放刃之风暴，对敌人进行多次斩击","30:战斗大师（Lv4）","","20"
"1376","ワイドスマッシュ","多武器技","威力：Ｂ（力）　対象：敵全体
広範囲を両刃で撫で斬りにする剣技","30:バトルマスター（Lv7）","","0","0","6","广域粉碎","多武器技","威力：Ｂ（力）　対象：敵全体
用双刃对广范围进行抚斩的剑技","30:战斗大师（Lv7）","","20"
"1377","クレイジータイム","多武器技","威力：Ａ（力）　対象：敵ランダム6回
格闘と剣技を組み合わせ、拳と刃を連続で振るう総合武技","30:バトルマスター（Lv10）","","0","0","6","疯狂时刻","多武器技","威力：Ａ（力）　対象：敵ランダム6回
结合格斗和剑技，连续挥舞拳和刃的综合武技","30:战斗大师（Lv10）","","20"
"1378","木っ端微塵斬り","多武器技","威力：Ｂ（力）　対象：敵単体3回
両腕の刃で敵を木っ端微塵に切り刻む技","","172:夜叉（Lv8）","0","0","5","粉碎斩","多武器技","威力：Ｂ（力）　対象：敵単体3回
用双臂的刃将敌人斩成粉碎的技","","172:夜叉（Lv8）","20"
"1379","八手連斬","多武器技","威力：Ｂ（力）　対象：敵ランダム4回
8本の腕に携えた刃で敵の群れを斬り刻む技","","172:夜叉（Lv10）","0","0","5","八手连斩","多武器技","威力：Ｂ（力）　対象：敵ランダム4回
用八只手臂的刃斩击敌群","","172:夜叉（Lv10）","20"
"1380","四刀微塵重ね","多武器技","威力：Ｂ（力）　対象：敵単体4回
四刀で斬撃を放ち、とどめに横薙ぎを繰り出す剣技","","268:サムライスキュラ（Lv6）","0","0","5","四刀粉碎重叠","多武器技","威力：Ｂ（力）　対象：敵単体4回
用四刀进行斩击，最后施展横扫的剑技","","268:剑士斯库拉（Lv6）","20"
"1381","ツインオプティック","多武器技","威力：ＳＳ（力）　対象：敵全体2回
二本の刃を振るい、敵の群れを往復で撫で斬る剣技","31:バトルエンペラー（Lv2）","","0","0","17","双重视觉","多武器技","威力：ＳＳ（力）　対象：敵全体2回
挥舞两把刀，对敌群进行往返斩击的剑技","31:战斗皇帝（Lv2）","","20"
"1382","アームドインフェルノ","多武器技","威力：４Ｓ（力）　対象：敵全体
周囲一帯に斬撃の嵐を繰り出し、敵の群れを斬り刻む奥義","7028:パーフェクトアームズ（Lv15）","","0","0","25","武装炼狱","多武器技","威力：４Ｓ（力）　対象：敵全体
对周围一带施展斩击风暴，斩击敌群的奥义","7028:完美武器（Lv15）","","20"
"1383","アサルトランタイム","多武器技","威力：ＳＳ（力）　対象：敵ランダム6回
斬撃と拳を同時に乱舞させる統合武技の奥義","31:バトルエンペラー（Lv10）","","0","0","14","突击时刻","多武器技","威力：ＳＳ（力）　対象：敵ランダム6回
同时乱舞斩击和拳的综合武技的奥义","31:战斗皇帝（Lv10）","","20"
"1384","プララヤ","多武器技","威力：Ｓ（力）　対象：敵ランダム4回
多腕に携えた無数の刃で、敵の群れに乱撃を浴びせる奥義","","173:阿修羅（Lv10）","0","0","10","普拉拉亚","多武器技","威力：Ｓ（力）　対象：敵ランダム4回
多臂携无数刃，对敌群乱击之奥义","","173:阿修罗（Lv10）","20"
"1385","ピナーカ","多武器技","威力：Ｓ（力）　対象：敵単体4回
多腕に携えた無数の刃を振るい、敵単体に斬撃を集中する奥義","","173:阿修羅（Lv8）","0","0","9","皮纳卡","多武器技","威力：Ｓ（力）　対象：敵単体4回
多臂携无数刃挥舞，集中斩击于单体敌人之奥义","","173:阿修罗（Lv8）","20"
"1386","燕返し八連","多武器技","威力：Ａ（力）　対象：敵全体8回
敵全体を一閃する斬り返しを八連続で繰り出す、多腕ならではの刀技","","269:天下無双スキュラ（Lv10）","0","0","8","燕返八连","多武器技","威力：Ａ（力）　対象：敵全体8回
对全体敌人一闪斩返八连，多臂独有之刀技","","269:天下无双斯库拉（Lv10）","20"
"1387","サウザンドブレイド","多武器技","威力：ＳＳＳ（力）　対象：敵全体
両手の武器を振るい、刃の嵐を繰り出す奥義","7028:パーフェクトアームズ（Lv10）","","0","0","21","千刃","多武器技","威力：ＳＳＳ（力）　対象：敵全体
双手武器挥舞，刃之风暴袭来之奥义","7028:完美武器（Lv10）","","20"
"1388","クィーンフルアームズ","多武器技","威力：Ｓ（力）　対象：敵全体
両腕の刃で周囲を撫で斬る、スキュラ女王の伝承奥義","","272:クィーンスキュラ（Lv8）","0","0","12","女王之臂","多武器技","威力：Ｓ（力）　対象：敵全体
双臂刃抚斩四周，斯库拉女王传承奥义","","272:斯库拉女王（Lv8）","20"
"1389","無限重旺斬","多武器技","威力：Ｚ（力）　対象：敵全体　属性：修羅・ナノ　効果：ヌルヌル特攻
無限の斬撃で敵を極限まで斬り刻む究極奥義","","7425:正体不明触手禍（Lv16）","0","0","40","无限重旺斩","多武器技","威力：Ｚ（力）　対象：敵全体　属性：修羅・ナノ　効果：ヌルヌル特攻
无限斩击将敌斩至极限之究极奥义","","7425:正体不明触手祸（Lv16）","20"
"1390","マキシマムランタイム","多武器技","威力：ＺＺ（力）　対象：敵単体　属性：修羅・ナノ
手持ちの刃を全て敵単体に叩き込む破壊奥義","7062:千ノ武具ヲ極メシ者（Lv2）","","0","0","40","极限时刻","多武器技","威力：ＺＺ（力）　対象：敵単体　属性：修羅・ナノ
将所有刃尽数击向单体敌人之破坏奥义","7062:千种武具之极致者（Lv2）","","20"
"1391","でたらめ斬り","多武器技","威力：Ｂ（力）　対象：敵味方ランダム4回　効果：SP40%回復
目茶苦茶に剣を振り回し、敵味方を問わず乱れ斬る技","","268:サムライスキュラ（Lv2）","0","0","1","胡乱斩","多武器技","威力：Ｂ（力）　対象：敵味方ランダム4回　効果：SP40%回復
胡乱挥剑，敌我不分乱斩之技","","268:剑士斯库拉（Lv2）","20"
"1392","盲刃嵐","多武器技","威力：Ｓ（力）　対象：敵味方ランダム8回　効果：SP70%回復
対象を選ばない刃の嵐で、敵味方を問わず斬り刻む奥義","","269:天下無双スキュラ（Lv2）","0","0","2","盲刃风暴","多武器技","威力：Ｓ（力）　対象：敵味方ランダム8回　効果：SP70%回復
不分对象之刃风暴，敌我皆斩之奥义","","269:天下无双斯库拉（Lv2）","20"
"1393","セカンドシフト","多武器技","対象：使用者　効果：乱れ撃ち可能
精神を研ぎ澄まし、剣を振る回数を上げる技","30:バトルマスター（Lv6）","","0","0","2","第二形态","多武器技","対象：使用者　効果：乱れ撃ち可能
磨练精神，增加挥剑次数的技能","30:战斗大师（Lv6）","","20"
"1394","サードシフト","多武器技","対象：使用者　効果：皆伝乱れ撃ち可能
精神を研ぎ澄まし、剣を振る回数を上げる技","31:バトルエンペラー（Lv5）","","0","0","8","第三形态","多武器技","対象：使用者　効果：皆伝乱れ撃ち可能
磨练精神，增加挥剑次数的技能","31:战斗皇帝（Lv5）","","20"
"1395","禍津滅牟","多武器技","威力：ＺＺ（力）　対象：敵全体　属性：修羅・量子・終焉・銀河　効果：フリーズ特攻
マガツ神の持つ全ての神器を同時に炸裂させる混沌奥義","","7415:マガツオオミカミ（Lv20）","0","0","50","祸津灭牟","多武器技","威力：ＺＺ（力）　対象：敵全体　属性：修羅・量子・終焉・銀河　効果：フリーズ特攻
同时引爆祸津神所持有的所有神器，混沌奥义","","7415:祸津大御神（Lv20）","20"
"1396","剣殺し","多武器技","対象：使用者　効果：無効化反撃
2ターンの間、敵の短剣技・剣技・尖剣技・刀技を無効化し反撃する","7028:パーフェクトアームズ（Lv8）","","0","0","4","剑杀","多武器技","対象：使用者　効果：無効化反撃
2回合内，使敌人的短剑技・剑技・尖剑技・刀技无效并反击","7028:完美武器（Lv8）","","20"
"1397","破滅の祭典","多武器技","対象：使用者　効果：三回行動
強大な覇気により、連続で行動可能になる奥義","","","0","0","20","破灭的祭典","多武器技","対象：使用者　効果：三回行動
凭借强大的霸气，可以连续行动的奥义","","","20"
"1400","足払い","格闘","威力：Ｅ（力・速）　対象：敵単体　効果：スタン・速攻
敵の足を払い、体勢を崩してスタンさせる技","22:武道家（Lv2）","","0","0","1","扫堂腿","格闘","威力：Ｅ（力・速）　対象：敵単体　効果：スタン・速攻
扫敌人的腿，使其失去平衡并眩晕的技能","22:武道家（Lv2）","","21"
"1401","飛び膝蹴り","格闘","威力：Ｅ（力・速）　対象：敵単体　効果：鳥特攻・速攻
跳躍して膝蹴りを繰り出し、鳥系に大ダメージ","22:武道家（Lv4）","","0","0","2","飞膝踢","格闘","威力：Ｅ（力・速）　対象：敵単体　効果：鳥特攻・速攻
跳跃并施展膝踢，对鸟系造成大伤害","22:武道家（Lv4）","","21"
"1402","回し蹴り","格闘","威力：Ｅ（力・速）　対象：敵全体
鋭い回し蹴りを繰り出し、敵全体にダメージを与える技","22:武道家（Lv6）","241:ねこまた（Lv4）；312:レギオン（Lv4）","0","0","2","回旋踢","格闘","威力：Ｅ（力・速）　対象：敵全体
施展锐利的回旋踢，对全体敌人造成伤害的技能","22:武道家（Lv6）","241:猫又（Lv4）；312:军团（Lv4）","21"
"1403","秘孔","格闘","威力：Ｅ（力・速）　対象：敵単体　効果：即死
敵の急所を突き、一撃で即死させる技","22:武道家（Lv8）","312:レギオン（Lv2）","0","0","2","秘孔","格闘","威力：Ｅ（力・速）　対象：敵単体　効果：即死
攻击敌人的要害，一击必杀的技能","22:武道家（Lv8）","312:军团（Lv2）","21"
"1404","秘孔乱打","格闘","威力：Ｄ（力・速）　対象：敵ランダム3回　効果：即死
敵の急所を狙い、乱打を繰り出す必殺拳","","312:レギオン（Lv7）","0","0","4","秘孔乱打","格闘","威力：Ｄ（力・速）　対象：敵ランダム3回　効果：即死
瞄准敌人的要害，连续出拳的必杀技","","312:军团（Lv7）","21"
"1405","正拳突き","格闘","威力：Ｄ（力・速）　対象：敵単体
鋭く踏み込み、全力で拳を繰り出す技","22:武道家（Lv10）","284:竜人（Lv4）；312:レギオン（Lv6）","0","0","3","正拳突刺","格闘","威力：Ｄ（力・速）　対象：敵単体
猛然踏步，全力出拳的技能","22:武道家（Lv10）","284:龙人（Lv4）；312:军团（Lv6）","21"
"1406","羅刹掌","格闘","威力：Ｃ（力・速）　対象：敵単体
気を集中させた掌底を敵に叩き込む技","23:拳豪（Lv4）","","0","0","4","罗刹掌","格闘","威力：Ｃ（力・速）　対象：敵単体
集中气力，用掌底猛击敌人的技能","23:拳豪（Lv4）","","21"
"1407","爆裂拳","格闘","威力：Ｂ（力・速）　対象：敵ランダム4回
連続で拳を繰り出し、敵に何度もダメージを与える技","23:拳豪（Lv6）","178:モンクサキュバス（Lv8）；241:ねこまた（Lv9）；313:マザーレギオン（Lv2）","0","0","5","爆裂拳","格闘","威力：Ｂ（力・速）　対象：敵ランダム4回
连续出拳，对敌人造成多次伤害的技能","23:拳豪（Lv6）","178:僧侣魅魔（Lv8）；241:猫又（Lv9）；313:母军团（Lv2）","21"
"1408","電塵連脚","格闘","威力：Ｂ（力・速）　対象：敵単体　属性：雷
電撃をまとった蹴りを敵単体に集中させる技","23:拳豪（Lv10）","","0","0","5","电尘连脚","格闘","威力：Ｂ（力・速）　対象：敵単体　属性：雷
集中电击的踢击，对单体敌人造成伤害的技能","23:拳豪（Lv10）","","21"
"1409","炎舞三連撃","格闘","威力：Ｂ（力・速）　対象：敵単体3回　属性：炎　効果：炎属性付加・強化
炎の魔力を宿した拳で三連撃を浴びせる技","26:魔導拳士（Lv2）","242:武神キャット（Lv4）","0","6","3","炎舞三连击","格闘","威力：Ｂ（力・速）　対象：敵単体3回　属性：炎　効果：炎属性付加・強化
用宿有炎之魔力的拳进行三连击的技能","26:魔导拳士（Lv2）","242:武神猫（Lv4）","21"
"1410","氷拳乱雹撃","格闘","威力：Ｂ（力・速）　対象：敵単体　属性：氷　効果：氷属性付加・強化
氷の魔力を宿した拳を叩き込み、激しい雹を巻き起こす技","26:魔導拳士（Lv4）","","0","6","3","冰拳乱雹击","格闘","威力：Ｂ（力・速）　対象：敵単体　属性：氷　効果：氷属性付加・強化
用宿有冰之魔力的拳猛击，引发猛烈的冰雹的技能","26:魔导拳士（Lv4）","","21"
"1411","雷神喝撃","格闘","威力：Ｂ（力・速）　対象：敵単体　属性：雷　効果：雷属性付加・強化
雷の魔力を拳に集め、敵に一瞬で叩き込む技","26:魔導拳士（Lv6）","","0","6","3","雷神喝击","格闘","威力：Ｂ（力・速）　対象：敵単体　属性：雷　効果：雷属性付加・強化
集中雷之魔力于拳，瞬间猛击敌人的技能","26:魔导拳士（Lv6）","","21"
"1412","真空波動掌","格闘","威力：Ａ（力・速）　対象：敵単体　属性：風　効果：風属性付加・強化
真空の魔力を掌に集中させ、敵に向かって放つ技","27:フォースモンク（Lv2）","","0","8","4","真空波动掌","格闘","威力：Ａ（力・速）　対象：敵単体　属性：風　効果：風属性付加・強化
集中真空魔力于掌，向敌人放出的技能","27:武僧（Lv2）","","21"
"1413","土刻金剛拳","格闘","威力：Ａ（力・速）　対象：敵単体　属性：土　効果：土属性付加・強化
大地の魔力を拳に集中し、敵に叩き込む技","27:フォースモンク（Lv5）","","0","8","4","土刻金刚拳","格闘","威力：Ａ（力・速）　対象：敵単体　属性：土　効果：土属性付加・強化
将大地的魔力集中在拳上，向敌人猛击的技能","27:武僧（Lv5）","","21"
"1414","波断水裂蹴","格闘","威力：Ａ（力・速）　対象：敵単体　属性：水　効果：水属性付加・強化
足に水の魔力を集め、敵に蹴りを放つ技","27:フォースモンク（Lv8）","242:武神キャット（Lv8）","0","8","4","波断水裂蹴","格闘","威力：Ａ（力・速）　対象：敵単体　属性：水　効果：水属性付加・強化
将水的魔力集中在脚上，向敌人踢出的技能","27:武僧（Lv8）","242:武神猫（Lv8）","21"
"1415","金剛神掌","格闘","威力：Ｂ（力・速）　対象：敵単体　属性：聖
聖なるオーラを掌に集中して叩き込み、敵を内部から破壊する技","28:パラディン（Lv4）","","0","6","3","金刚神掌","格闘","威力：Ｂ（力・速）　対象：敵単体　属性：聖
将神圣的光环集中在掌中猛击，从内部破坏敌人的技能","28:圣堂武士（Lv4）","","21"
"1416","神の鉄拳","格闘","威力：Ａ（力・速）　対象：敵単体　属性：聖
神の怒りを込めた鉄拳を敵に叩き込む奥義","29:ゴッドハンド（Lv6）","","0","8","4","神之铁拳","格闘","威力：Ａ（力・速）　対象：敵単体　属性：聖
将神的愤怒注入铁拳，向敌人猛击的奥义","29:神之手（Lv6）","","21"
"1417","爆炎拳","格闘","威力：Ｂ（力・速）　対象：敵単体　属性：炎
高熱を帯びた拳を叩き込み、一気に炎上させる竜族の拳技","","284:竜人（Lv7）","0","0","5","爆炎拳","格闘","威力：Ｂ（力・速）　対象：敵単体　属性：炎
将高温的拳头猛击，瞬间引发火焰的龙族拳技","","284:龙人（Lv7）","21"
"1418","ドレインキラー","格闘","威力：Ｃ（力・速）　対象：敵単体　効果：淫魔・吸血鬼特攻
精を吸う魔物に電流を流し込み、内部から破壊する技","","284:竜人（Lv2）","0","0","4","吸取杀手","格闘","威力：Ｃ（力・速）　対象：敵単体　効果：淫魔・吸血鬼特攻
向吸取精气的魔物注入电流，从内部破坏的技能","","284:龙人（Lv2）","21"
"1419","ネコキック","格闘","威力：Ｂ（力・速）　対象：敵単体
体のバネを用い、敵単体に蹴りを叩き込む猫技","","241:ねこまた（Lv2）","0","0","5","猫踢","格闘","威力：Ｂ（力・速）　対象：敵単体
利用身体的弹力，向单体敌人踢出的猫技","","241:猫又（Lv2）","21"
"1420","ネコスラッシュ","格闘","威力：Ｃ（力・速）　対象：敵全体
しなやかな肉体を活かし、鋭い爪で敵全体を一閃する猫技","","241:ねこまた（Lv8）","0","0","5","猫斩","格闘","威力：Ｃ（力・速）　対象：敵全体
灵活运用柔软的身体，用锐利的爪子一闪全体敌人的猫技","","241:猫又（Lv8）","21"
"1421","ストレイキャット","格闘","威力：Ｓ（力・速）　対象：敵単体
敵単体に連続攻撃を浴びせ掛ける猫族の奥義","","242:武神キャット（Lv2）","0","0","10","流浪猫","格闘","威力：Ｓ（力・速）　対象：敵単体
向单体敌人连续攻击的猫族奥义","","242:武神猫（Lv2）","21"
"1422","武神乱爪","格闘","威力：Ｓ（力・速）　対象：敵ランダム4回
素早い動きで爪の乱撃を繰り出す猫族の奥義","","242:武神キャット（Lv10）","0","0","9","武神乱爪","格闘","威力：Ｓ（力・速）　対象：敵ランダム4回
以敏捷的动作施展猫族奥义的爪之乱击","","242:武神猫（Lv10）","21"
"1423","三連蜂撃","格闘","威力：Ｂ（力・速）　対象：敵単体3回
複数の腕で連続打撃を繰り出す虫系モンスター特有の技","","312:レギオン（Lv9）","0","0","5","三连蜂击","格闘","威力：Ｂ（力・速）　対象：敵単体3回
用多只手臂连续打击的虫系魔物特有技能","","312:军团（Lv9）","21"
"1424","蜂腕大乱舞","格闘","威力：Ｓ（力・速）　対象：敵ランダム5回
多腕で強烈な連続打撃を繰り出す昆虫族の奥義","","313:マザーレギオン（Lv7）","0","0","10","蜂腕大乱舞","格闘","威力：Ｓ（力・速）　対象：敵ランダム5回
用多只手臂施展强烈的连续打击的昆虫族奥义","","313:母军团（Lv7）","21"
"1425","聖光裂閃撃","格闘","威力：Ａ（力・速）　対象：敵全体　属性：聖
聖なるオーラを伴い、敵全体に拳の乱打を放つ技","24:拳聖（Lv2）","","0","12","5","圣光裂闪击","格闘","威力：Ａ（力・速）　対象：敵全体　属性：聖
伴随着神圣的气息，对全体敌人施展拳击乱打","24:拳圣（Lv2）","","21"
"1426","暗黒連衝拳","格闘","威力：Ａ（力・速）　対象：敵全体　属性：闇
闇のオーラを伴い、敵全体に拳の乱打を放つ技","25:邪拳王（Lv2）","179:淫闘サキュバス（Lv7）","10%当前HP","0","5","暗黑连冲拳","格闘","威力：Ａ（力・速）　対象：敵全体　属性：闇
伴随着黑暗的气息，对全体敌人施展拳击乱打","25:邪拳王（Lv2）","179:淫斗魅魔（Lv7）","21"
"1427","四天光掌","格闘","威力：Ｓ（力・速）　対象：敵ランダム4回　属性：聖
聖なるオーラを拳に集中し、4連撃を繰り出す奥義","24:拳聖（Lv5）","","0","12","5","四天光掌","格闘","威力：Ｓ（力・速）　対象：敵ランダム4回　属性：聖
将神圣的气息集中在拳头上，施展四连击的奥义","24:拳圣（Lv5）","","21"
"1428","四星滅功","格闘","威力：Ｓ（力・速）　対象：敵ランダム4回　属性：闇
闇のオーラを拳に集中し、4連撃を繰り出す奥義","25:邪拳王（Lv5）","","10%当前HP","0","5","四星灭功","格闘","威力：Ｓ（力・速）　対象：敵ランダム4回　属性：闇
将黑暗的气息集中在拳头上，施展四连击的奥义","25:邪拳王（Lv5）","","21"
"1429","烈気光掌","格闘","威力：Ｓ（力・速）　対象：敵単体
全ての気を集中させた掌底を敵に叩き込む格闘奥義","24:拳聖（Lv9）","","0","0","10","烈气光掌","格闘","威力：Ｓ（力・速）　対象：敵単体
将所有气集中于掌底，对敌人施展格斗奥义","24:拳圣（Lv9）","","21"
"1430","瞬獄殺","格闘","威力：Ｓ（力・速）　対象：敵単体
暗黒のオーラをまといながら乱撃を繰り出し、敵を葬る闇奥義","25:邪拳王（Lv10）","","0","0","10","瞬狱杀","格闘","威力：Ｓ（力・速）　対象：敵単体
缠绕着黑暗的气息施展乱击，葬送敌人的黑暗奥义","25:邪拳王（Lv10）","","21"
"1431","エレメントフィニッシュ","格闘","威力：Ｓ（力・速）　対象：敵単体6回　属性：炎・氷・雷・風・土・水
敵1体に6属性の魔力を込めた連撃を叩き込む奥義","27:フォースモンク（Lv10）","","0","15","5","元素终结","格闘","威力：Ｓ（力・速）　対象：敵単体6回　属性：炎・氷・雷・風・土・水
对单体敌人施展蕴含六种属性魔力的连续打击的奥义","27:武僧（Lv10）","","21"
"1432","黒炎十六掌","格闘","威力：Ｓ（力・速）　対象：敵ランダム6回　属性：炎
高熱を帯びた拳で敵全体に乱撃を見舞う竜族の最強拳技","","285:覇竜（Lv8）","0","0","10","黑炎十六掌","格闘","威力：Ｓ（力・速）　対象：敵ランダム6回　属性：炎
用带有高温的拳头对全体敌人进行乱击的龙族最强拳技","","285:霸龙（Lv8）","21"
"1433","当て身光掌","格闘","威力：Ａ（器）　対象：敵単体　効果：物理カウンター発動
静かに身構え、敵の攻撃に対して掌底を繰り出す反撃奥義","24:拳聖（Lv10）","","0","0","7","反击光掌","格闘","威力：Ａ（器）　対象：敵単体　効果：物理カウンター発動
静静地摆好架势，对敌人的攻击进行反击的奥义","24:拳圣（Lv10）","","21"
"1434","発動：当て身光掌","格闘","ステート249","","","0","0","0","発動：当て身光掌","格闘","ステート249","","","21"
"1435","金剛八連拳","格闘","威力：ＳＳ（力・速）　対象：敵ランダム8回　属性：聖
聖なるオーラを集中した拳を八連続で繰り出す奥義","7016:拳神（Lv2）","","0","20","7","金刚八连拳","格闘","威力：ＳＳ（力・速）　対象：敵ランダム8回　属性：聖
集中圣之气息的拳头连续打出八次的奥义","7016:拳神（Lv2）","","21"
"1436","紅蓮大拳舞","格闘","威力：ＳＳ（力・速）　対象：敵全体　属性：核熱
紅蓮の拳を敵の集団に叩き込む奥義","7016:拳神（Lv9）","","0","27","8","红莲大拳舞","格闘","威力：ＳＳ（力・速）　対象：敵全体　属性：核熱
用红莲之拳对敌人群进行打击的奥义","7016:拳神（Lv9）","","21"
"1437","サキュバスビンタ","格闘","威力：Ｃ（器・速）　対象：敵単体
気を集中し、掌から叩き込む淫魔直伝の格闘技","","178:モンクサキュバス（Lv2）","0","0","4","魅魔掌","格闘","威力：Ｃ（器・速）　対象：敵単体
集中气息，用手掌进行打击的淫魔直传格斗技","","178:僧侣魅魔（Lv2）","21"
"1438","ラッシュビンタ","格闘","威力：Ａ（器・速）　対象：敵単体4回
気を集中した掌で連撃を叩き込む淫魔の格闘技","","178:モンクサキュバス（Lv6）","0","0","5","连击掌","格闘","威力：Ａ（器・速）　対象：敵単体4回
集中气息的手掌连续打击的淫魔格斗技","","178:僧侣魅魔（Lv6）","21"
"1439","魔掌・乳搾り","格闘","対象：敵単体　効果：ミルク獲得
甘い手さばきで、相手のミルクを搾り取る手技","","178:モンクサキュバス（Lv4）","0","0","1","魔掌・榨乳","格闘","対象：敵単体　効果：ミルク獲得
用甜美的手法，榨取对方的乳汁","","178:僧侣魅魔（Lv4）","21"
"1440","魔掌・失禁の誘い","格闘","威力：Ａ（器or速）　対象：敵単体　属性：快楽　効果：失禁
甘い手さばきで、相手を失禁に導く手技","","179:淫闘サキュバス（Lv4）","0","0","7","魔掌・失禁的诱惑","格闘","威力：Ａ（器or速）　対象：敵単体　属性：快楽　効果：失禁
用甜美的手法，引导对手失禁的技巧","","179:淫斗魅魔（Lv4）","21"
"1441","総閃撫","格闘","威力：Ｂ（器or速）　対象：敵全体　属性：快楽
滑らかな動きで敵全体を愛撫する快楽技","","178:モンクサキュバス（Lv10）","0","0","6","总闪抚","格闘","威力：Ｂ（器or速）　対象：敵全体　属性：快楽
用流畅的动作爱抚全体敌人的快乐技","","178:僧侣魅魔（Lv10）","21"
"1442","瞬迅乱撫","格闘","威力：Ｓ（器or速）　対象：敵ランダム4回　属性：快楽
閃光のような動きで敵を乱れ撫でる快楽奥義","","179:淫闘サキュバス（Lv6）","0","0","10","瞬迅乱抚","格闘","威力：Ｓ（器or速）　対象：敵ランダム4回　属性：快楽
像闪光一样的动作，扰乱爱抚敌人的快乐奥义","","179:淫斗魅魔（Lv6）","21"
"1443","古式淫闘法・蛇嫐","格闘","威力：Ｓ（器or速）　対象：敵単体　属性：快楽　効果：恍惚・誘惑特攻・HP吸収・拘束
敵の動作を封じつつ、じっくりと敵を犯す淫技","","179:淫闘サキュバス（Lv10）","0","0","10","古式淫斗法・蛇嫐","格闘","威力：Ｓ（器or速）　対象：敵単体　属性：快楽　効果：恍惚・誘惑特攻・HP吸収・拘束
封锁敌人的动作，慢慢侵犯敌人的淫技","","179:淫斗魅魔（Lv10）","21"
"1444","古式淫闘法・瀉葬","格闘","威力：ＳＳＳ（器or速）　対象：敵単体　属性：ナイトメア　効果：恍惚・誘惑特攻・HP吸収・拘束・絶頂
敵の動きを封じながら、あらゆる快楽を与える究極淫技","","183:リリスナイトメア（Lv2）","0","0","18","古式淫斗法・瀉葬","格闘","威力：ＳＳＳ（器or速）　対象：敵単体　属性：ナイトメア　効果：恍惚・誘惑特攻・HP吸収・拘束・絶頂
封锁敌人的动作，给予各种快乐的究极淫技","","183:莉莉丝梦魇（Lv2）","21"
"1445","古式淫闘法・虚快虚楽","格闘","威力：ＺＺ（器or速）　対象：敵単体　属性：修羅・ナイトメア　効果：恍惚・誘惑特攻・HP吸収・拘束・絶頂
敵の動きを封じながら、あらゆる快楽を与える究極淫技","","7416:バビロンの大淫婦（Lv2）","0","0","40","古式淫斗法・虚快虚乐","格闘","威力：ＺＺ（器or速）　対象：敵単体　属性：修羅・ナイトメア　効果：恍惚・誘惑特攻・HP吸収・拘束・絶頂
封锁敌人的动作，给予各种快乐的究极淫技","","7416:巴比伦的大淫妇（Lv2）","21"
"1446","チャクラ","格闘","対象：使用者　効果：HP回復
癒しの気をみなぎらせ、自身の傷を癒す回復技","23:拳豪（Lv2）","","0","0","2","查克拉","格闘","対象：使用者　効果：HP回復
充满治愈之气，治愈自身伤势的恢复技","23:拳豪（Lv2）","","21"
"1447","拡散チャクラ","格闘","対象：味方全体　効果：HP回復
癒しの気を拡散させ、味方全体を癒やす回復技","24:拳聖（Lv7）","","0","0","3","扩散查克拉","格闘","対象：味方全体　効果：HP回復
扩散治愈之气，治愈我方全体的恢复技","24:拳圣（Lv7）","","21"
"1448","裏チャクラ","格闘","対象：使用者　効果：MP小回復
魔導の気を体内に巡らせ、MPを回復する技","26:魔導拳士（Lv9）","","5%当前HP","0","4","里查克拉","格闘","対象：使用者　効果：MP小回復
在体内循环魔导之气，恢复MP的技巧","26:魔导拳士（Lv9）","","21"
"1449","究極チャクラ","格闘","対象：使用者　効果：HP・MP・SP回復
究極の内気功で、自身の体力などを大きく回復させる技","7060:拳ヲ極メシ者（Lv5）","","0","0","5","究极查克拉","格闘","対象：使用者　効果：HP・MP・SP回復
究极内气功，大幅恢复自身体力等","7060:拳之极致者（Lv5）","","21"
"1450","蘇生","格闘","対象：味方単体　効果：蘇生
武道家に伝わる蘇生術で、味方の息を吹き返す技","23:拳豪（Lv8）","","0","0","3","复活","格闘","対象：味方単体　効果：蘇生
武道家传承的复活术，让友方恢复呼吸","23:拳豪（Lv8）","","21"
"1451","裏蘇生","格闘","対象：味方単体　効果：完全蘇生
秘伝の蘇生術で、味方を全快させつつ復活させる技","27:フォースモンク（Lv9）","","0","0","5","里复活","格闘","対象：味方単体　効果：完全蘇生
秘传复活术，让友方完全恢复并复活","27:武僧（Lv9）","","21"
"1452","三魔の拳","格闘","対象：使用者　効果：通常攻撃炎・氷・雷属性
元素の力を拳に集め、3つの属性を同時に宿す技","26:魔導拳士（Lv8）","","0","0","3","三魔之拳","格闘","対象：使用者　効果：通常攻撃炎・氷・雷属性
将元素之力集中在拳头上，同时赋予三种属性","26:魔导拳士（Lv8）","","21"
"1453","四精の拳","格闘","対象：使用者　効果：通常攻撃炎・風・土・水属性
元素の力を拳に集め、4つの属性を同時に宿す技","26:魔導拳士（Lv10）","","0","0","3","四精之拳","格闘","対象：使用者　効果：通常攻撃炎・風・土・水属性
将元素之力集中在拳头上，同时赋予四种属性","26:魔导拳士（Lv10）","","21"
"1454","聖魔の拳","格闘","対象：使用者　効果：通常攻撃聖・闇属性
聖と闇のオーラを拳に集め、2属性を同時に宿す技","27:フォースモンク（Lv7）","","0","0","4","圣魔之拳","格闘","対象：使用者　効果：通常攻撃聖・闇属性
将圣与暗的气息集中在拳头上，同时赋予两种属性","27:武僧（Lv7）","","21"
"1455","後手の格闘王","格闘","対象：使用者　効果：無効化反撃
2ターンの間、敵の格闘を無効化し反撃する","7016:拳神（Lv6）","","0","0","4","后手格斗王","格闘","対象：使用者　効果：無効化反撃
2回合内，无效化敌人的格斗并反击","7016:拳神（Lv6）","","21"
"1456","不浄撃滅の構え","格闘","対象：使用者　効果：無効化反撃
2ターンの間、敵の屍技を無効化し反撃する","7017:神の守護者（Lv8）","","0","0","4","不净击灭之构","格闘","対象：使用者　効果：無効化反撃
2回合内，无效化敌人的尸技并反击","7017:神之守护者（Lv8）","","21"
"1460","ヒール","白魔法","対象：味方単体　効果：HP中回復
味方単体の体力を回復する癒しの魔法","44:僧侶（Lv2）","161:聖魔（Lv2）；194:マーメイド（Lv2）；257:シスターラミア（Lv2）；319:アルラウネ（Lv4）；362:下位天使（Lv2）","0","2","0","治愈","白魔法","対象：味方単体　効果：HP中回復
恢复我方单体体力的治愈魔法","44:僧侣（Lv2）","161:圣魔（Lv2）；194:人鱼（Lv2）；257:修女拉米亚（Lv2）；319:阿娜温（Lv4）；362:下位天使（Lv2）","22"
"1461","メガヒール","白魔法","対象：味方単体　効果：HP大回復
味方単体の体力を大回復する癒しの魔法","45:白魔導師（Lv2）","162:神魔（Lv2）；258:慈愛の聖蛇（Lv2）；286:竜神（Lv2）；320:ハイアルラウネ（Lv6）；357:魔導キメラ（Lv2）","0","5","0","大治愈","白魔法","対象：味方単体　効果：HP大回復
大幅恢复我方单体体力的治愈魔法","45:白魔导师（Lv2）","162:神魔（Lv2）；258:慈爱之圣蛇（Lv2）；286:龙神（Lv2）；320:高等阿娜温（Lv6）；357:魔导奇美拉（Lv2）","22"
"1462","オールヒール","白魔法","対象：味方全体　効果：HP中回復
味方全体の体力を回復する癒しの魔法","44:僧侶（Lv7）","161:聖魔（Lv8）；195:ハイマーメイド（Lv2）；257:シスターラミア（Lv10）；319:アルラウネ（Lv10）；362:下位天使（Lv6）；362:下位天使（Lv8）","0","5","0","全体治愈","白魔法","対象：味方全体　効果：HP中回復
恢复我方全体的体力的治愈魔法","44:僧侣（Lv7）","161:圣魔（Lv8）；195:高等人鱼（Lv2）；257:修女拉米亚（Lv10）；319:阿娜温（Lv10）；362:下位天使（Lv6）；362:下位天使（Lv8）","22"
"1463","オールメガヒール","白魔法","対象：味方全体　効果：HP大回復
味方全体の体力を大回復する癒しの魔法","45:白魔導師（Lv9）","321:慈愛の聖花（Lv4）；368:キューピッド（Lv7）","0","15","0","全体大治愈","白魔法","対象：味方全体　効果：HP大回復
恢复我方全体的体力的大治愈魔法","45:白魔导师（Lv9）","321:慈爱的圣花（Lv4）；368:丘比特（Lv7）","22"
"1464","キュア","白魔法","対象：味方単体　効果：軽状態異常回復
味方単体の状態異常を回復する魔法","44:僧侶（Lv5）","194:マーメイド（Lv5）；257:シスターラミア（Lv5）；362:下位天使（Lv4）","0","3","0","愈疗","白魔法","対象：味方単体　効果：軽状態異常回復
恢复我方单体异常状态的魔法","44:僧侣（Lv5）","194:人鱼（Lv5）；257:修女拉米亚（Lv5）；362:下位天使（Lv4）","22"
"1465","オールキュア","白魔法","対象：味方全体　効果：軽状態異常回復
味方全体の状態異常を回復する魔法","45:白魔導師（Lv4）","195:ハイマーメイド（Lv8）","0","7","0","全体愈疗","白魔法","対象：味方全体　効果：軽状態異常回復
恢复我方全体状态异常的魔法","45:白魔导师（Lv4）","195:高等人鱼（Lv8）","22"
"1466","レイズ","白魔法","対象：味方単体　効果：蘇生
味方単体を体力半分の状態で蘇生させる魔法","44:僧侶（Lv6）","161:聖魔（Lv4）；194:マーメイド（Lv9）；257:シスターラミア（Lv8）；319:アルラウネ（Lv9）；362:下位天使（Lv5）","0","10","0","复活","白魔法","対象：味方単体　効果：蘇生
复活我方单体并恢复一半体力的魔法","44:僧侣（Lv6）","161:圣魔（Lv4）；194:人鱼（Lv9）；257:修女拉米亚（Lv8）；319:阿娜温（Lv9）；362:下位天使（Lv5）","22"
"1467","メガレイズ","白魔法","対象：味方単体　効果：完全蘇生
味方単体を体力全快の状態で蘇生させる魔法","45:白魔導師（Lv10）","196:ローレライ（Lv7）；286:竜神（Lv7）；321:慈愛の聖花（Lv6）；369:淫欲のクピド（Lv4）","0","20","0","大复活","白魔法","対象：味方単体　効果：完全蘇生
复活我方单体并完全恢复体力的魔法","45:白魔导师（Lv10）","196:罗蕾莱（Lv7）；286:龙神（Lv7）；321:慈爱的圣花（Lv6）；369:淫欲的丘比特（Lv4）","22"
"1468","オールメガレイズ","白魔法","対象：味方全体　効果：完全蘇生
味方全体を体力全快の状態で蘇生させる魔法","46:聖魔導師（Lv10）","","0","40","0","全体大复活","白魔法","対象：味方全体　効果：完全蘇生
复活我方全体并完全恢复体力的魔法","46:圣魔导师（Lv10）","","22"
"1469","ホーリーアロー","白魔法","威力：Ｃ（魔or精）　対象：敵単体　属性：聖
聖なる魔力を矢に変えて敵を射貫く魔法","45:白魔導師（Lv6）","368:キューピッド（Lv6）","0","15","0","神圣之箭","白魔法","威力：Ｃ（魔or精）　対象：敵単体　属性：聖
将神圣魔力化为箭矢贯穿敌人的魔法","45:白魔导师（Lv6）","368:丘比特（Lv6）","22"
"1470","ニルヴァーナ","白魔法","威力：Ａ（魔or精）　対象：敵全体　属性：聖
天から聖なる矢を無数に降り注がせる魔法","46:聖魔導師（Lv8）","369:淫欲のクピド（Lv9）","0","30","0","涅槃","白魔法","威力：Ａ（魔or精）　対象：敵全体　属性：聖
从天而降无数神圣箭矢的魔法","46:圣魔导师（Lv8）","369:淫欲的丘比特（Lv9）","22"
"1471","マヒール","白魔法","威力：Ｂ（魔or精）　対象：敵単体
敵の代謝を過剰促進させ肉体を破壊する魔法","","257:シスターラミア（Lv8）","0","12","0","逆愈","白魔法","威力：Ｂ（魔or精）　対象：敵単体
使敌人的代谢过度促进，破坏其肉体的魔法","","257:修女拉米亚（Lv8）","22"
"1472","オールマヒール","白魔法","威力：Ｂ（魔or精）　対象：敵全体
敵全体の代謝を過剰促進させ肉体を破壊する魔法","","258:慈愛の聖蛇（Lv2）","0","15","0","全体逆愈","白魔法","威力：Ｂ（魔or精）　対象：敵全体
使全体敌人的代谢过度促进，破坏其肉体的魔法","","258:慈爱之圣蛇（Lv2）","22"
"1473","ヘブン","白魔法","対象：敵単体　特殊：昇天
聖なる波動で敵単体を昇天させる魔法","45:白魔導師（Lv7）","161:聖魔（Lv5）；363:中位天使（Lv5）","0","5","0","天堂","白魔法","対象：敵単体　特殊：昇天
用神圣波动使单体敌人升天的魔法","45:白魔导师（Lv7）","161:圣魔（Lv5）；363:中位天使（Lv5）","22"
"1474","オールヘブン","白魔法","対象：敵全体　特殊：昇天
聖なる波動で敵全体を昇天させる魔法","48:森羅万象士（Lv4）","162:神魔（Lv7）；364:上位天使（Lv5）","0","10","0","全体天堂","白魔法","対象：敵全体　特殊：昇天
用神圣波动使全体敌人升天的魔法","48:森罗万象士（Lv4）","162:神魔（Lv7）；364:上位天使（Lv5）","22"
"1475","アタック","白魔法","対象：味方単体　効果：攻撃力アップ
味方単体の攻撃力をアップさせる魔法","44:僧侶（Lv9）","","0","3","0","攻击","白魔法","対象：味方単体　効果：攻撃力アップ
提升我方单体攻击力的魔法","44:僧侣（Lv9）","","22"
"1476","マジック","白魔法","対象：味方単体　効果：魔力アップ
味方単体の魔力をアップさせる魔法","44:僧侶（Lv4）","","0","3","0","魔法","白魔法","対象：味方単体　効果：魔力アップ
提升我方单体魔力的魔法","44:僧侣（Lv4）","","22"
"1477","ガード","白魔法","対象：味方単体　効果：防御力アップ
味方単体の防御力をアップさせる魔法","44:僧侶（Lv9）","","0","3","0","防御","白魔法","対象：味方単体　効果：防御力アップ
提升我方单体防御力的魔法","44:僧侣（Lv9）","","22"
"1478","マインド","白魔法","対象：味方単体　効果：精神力アップ
味方単体の精神力をアップさせる魔法","44:僧侶（Lv4）","","0","3","0","精神","白魔法","対象：味方単体　効果：精神力アップ
提升我方单体精神力的魔法","44:僧侣（Lv4）","","22"
"1479","テクニック","白魔法","対象：味方単体　効果：器用さアップ
味方単体の器用さをアップさせる魔法","44:僧侶（Lv8）","","0","3","0","技巧","白魔法","対象：味方単体　効果：器用さアップ
提升我方单体灵巧的魔法","44:僧侣（Lv8）","","22"
"1480","オールアタック","白魔法","対象：味方全体　効果：攻撃力アップ
味方全体の攻撃力をアップさせる魔法","46:聖魔導師（Lv6）","258:慈愛の聖蛇（Lv7）","0","10","0","全体攻击","白魔法","対象：味方全体　効果：攻撃力アップ
提升我方全体攻击力的魔法","46:圣魔导师（Lv6）","258:慈爱之圣蛇（Lv7）","22"
"1481","オールマジック","白魔法","対象：味方全体　効果：魔力アップ
味方全体の魔力をアップさせる魔法","46:聖魔導師（Lv2）","","0","10","0","全体魔法","白魔法","対象：味方全体　効果：魔力アップ
提升我方全体魔力的魔法","46:圣魔导师（Lv2）","","22"
"1482","オールガード","白魔法","対象：味方全体　効果：防御力アップ
味方全体の防御力をアップさせる魔法","45:白魔導師（Lv5）","196:ローレライ（Lv4）；368:キューピッド（Lv8）","0","10","0","全体防御","白魔法","対象：味方全体　効果：防御力アップ
提升我方全体防御力的魔法","45:白魔导师（Lv5）","196:罗蕾莱（Lv4）；368:丘比特（Lv8）","22"
"1483","オールマインド","白魔法","対象：味方全体　効果：精神力アップ
味方全体の精神力をアップさせる魔法","45:白魔導師（Lv5）","196:ローレライ（Lv5）；369:淫欲のクピド（Lv3）","0","10","0","全体精神","白魔法","対象：味方全体　効果：精神力アップ
提升我方全体精神力的魔法","45:白魔导师（Lv5）","196:罗蕾莱（Lv5）；369:淫欲的丘比特（Lv3）","22"
"1484","オールテクニック","白魔法","対象：味方全体　効果：器用さアップ
味方全体の器用さをアップさせる魔法","46:聖魔導師（Lv4）","321:慈愛の聖花（Lv7）","0","10","0","全体技巧","白魔法","対象：味方全体　効果：器用さアップ
提升我方全体灵巧的魔法","46:圣魔导师（Lv4）","321:慈爱的圣花（Lv7）","22"
"1485","ジルオール","白魔法","対象：味方全体　効果：全能力値アップ
味方全体の能力値をアップさせる魔法","48:森羅万象士（Lv8）","","0","50","0","全体强化","白魔法","対象：味方全体　効果：全能力値アップ
提升我方全体能力值的魔法","48:森罗万象士（Lv8）","","22"
"1486","マジックカーテン","白魔法","対象：味方単体　効果：ダメージMP変換
受けたダメージに応じてMPが回復する魔法","47:賢者（Lv4）","","0","10","0","魔法帷幕","白魔法","対象：味方単体　効果：ダメージMP変換
根据受到的伤害恢复MP的魔法","47:贤者（Lv4）","","22"
"1487","マジックウォール","白魔法","対象：味方単体　効果：ダメージMP消費
受けたダメージをMPで肩代わりする魔法","48:森羅万象士（Lv6）","","0","5","0","魔法墙","白魔法","対象：味方単体　効果：ダメージMP消費
用MP抵消受到的伤害的魔法","48:森罗万象士（Lv6）","","22"
"1488","アクアペンタゴン","白魔法","対象：味方単体　効果：ディフレクト2回
2回分のダメージを無効化する魔法","","201:クィーンマーメイド（Lv6）；230:クィーンスライム（Lv8）","0","25","0","水之五边形","白魔法","対象：味方単体　効果：ディフレクト2回
无效化2次伤害的魔法","","201:人鱼女王（Lv6）；230:史莱姆女王（Lv8）","22"
"1489","キャンセル","白魔法","対象：敵単体　効果：強化解除
敵単体の強化を解除する魔法","44:僧侶（Lv10）","320:ハイアルラウネ（Lv4）；363:中位天使（Lv4）","0","3","0","取消","白魔法","対象：敵単体　効果：強化解除
解除单体敌人强化的魔法","44:僧侣（Lv10）","320:高等阿娜温（Lv4）；363:中位天使（Lv4）","22"
"1490","オールキャンセル","白魔法","対象：敵全体　効果：強化解除
敵全体の強化を解除する魔法","","321:慈愛の聖花（Lv4）；364:上位天使（Lv4）","0","6","0","全体取消","白魔法","対象：敵全体　効果：強化解除
解除全体敌人强化的魔法","","321:慈爱的圣花（Lv4）；364:上位天使（Lv4）","22"
"1491","マジックリフレクト","白魔法","対象：味方全体　効果：魔法反射
敵の魔法を反射する魔法","","","0","30","0","魔法反射","白魔法","対象：味方全体　効果：魔法反射
反射敌方魔法的魔法","","","22"
"1492","クリア","白魔法","対象：味方単体　効果：弱化解除
味方単体の弱化を解除する魔法","","","0","2","0","清除","白魔法","対象：味方単体　効果：弱化解除
解除我方单体弱化的魔法","","","22"
"1493","オールクリア","白魔法","対象：味方全体　効果：弱化解除
味方全体の弱化を解除する魔法","","","0","6","0","全体清除","白魔法","対象：味方全体　効果：弱化解除
解除我方全体弱化的魔法","","","22"
"1496","ファイア","黒魔法","威力：Ｄ（魔）　対象：敵単体　属性：炎
敵を焼き尽くす炎の初級魔法","33:魔法使い（Lv2）","158:妖魔（Lv4）；245:妖狐（Lv3）","0","3","0","火焰","黑魔法","威力：Ｄ（魔）　対象：敵単体　属性：炎
烧尽敌人的初级火魔法","33:魔法师（Lv2）","158:妖魔（Lv4）；245:妖狐（Lv3）","23"
"1497","メガファイア","黒魔法","威力：Ｃ（魔）　対象：敵全体　属性：炎
敵の群れを焼き尽くす炎の魔法","33:魔法使い（Lv8）","155:ワームサマナー（Lv2）；159:上級妖魔（Lv2）；180:ウィッチサキュバス（Lv2）；187:マージヴァンパイア（Lv2）；246:中級妖狐（Lv2）；322:ワルラウネ（Lv2）；331:マミー（Lv2）","0","7","0","大火焰","黑魔法","威力：Ｃ（魔）　対象：敵全体　属性：炎
烧尽敌人群体的火魔法","33:魔法师（Lv8）","155:蠕虫召唤师（Lv2）；159:上级妖魔（Lv2）；180:女巫魅魔（Lv2）；187:合并吸血鬼（Lv2）；246:中级妖狐（Lv2）；322:恶娜温（Lv2）；331:木乃伊（Lv2）","23"
"1498","ファイアテンペスト","黒魔法","威力：Ａ（魔）　対象：敵ランダム4回　属性：炎
敵の群れを炎の竜巻で巻き込む魔法","47:賢者（Lv3）","","0","15","0","火焰烈风","黑魔法","威力：Ａ（魔）　対象：敵ランダム4回　属性：炎
用火焰龙卷风卷入敌人的魔法","47:贤者（Lv3）","","23"
"1499","ブレイズ","黒魔法","威力：Ｂ（魔）　対象：敵単体　属性：炎
敵を業火に巻き込む炎の上級魔法","34:黒魔導師（Lv5）","156:マスターホムンクル（Lv2）；181:アークサキュバス（Lv2）；188:アークヴァンパイア（Lv2）；247:上級妖狐（Lv2）；286:竜神（Lv2）；323:彼岸の魔花（Lv2）；332:イシス（Lv2）；357:魔導キメラ（Lv2）","0","12","0","烈焰","黑魔法","威力：Ｂ（魔）　対象：敵単体　属性：炎
将敌人卷入业火的炎之上级魔法","34:黑魔导师（Lv5）","156:大师人造人（Lv2）；181:大魅魔（Lv2）；188:大吸血鬼（Lv2）；247:上级妖狐（Lv2）；286:龙神（Lv2）；323:彼岸的魔花（Lv2）；332:伊西斯（Lv2）；357:魔导奇美拉（Lv2）","23"
"1500","オメガブレイズ","黒魔法","威力：Ａ（魔）　対象：敵全体　属性：炎
業火の渦で敵全体を焼き尽くす炎の最上級魔法","35:灼熱魔導師（Lv2）","160:妖魔貴族（Lv5）；365:堕天使（Lv2）","0","20","0","欧米伽烈焰","黑魔法","威力：Ａ（魔）　対象：敵全体　属性：炎
用业火的漩涡将全体敌人烧尽的炎之最上级魔法","35:灼热魔导师（Lv2）","160:妖魔贵族（Lv5）；365:堕天使（Lv2）","23"
"1501","プロミネンス","黒魔法","威力：Ｓ（魔）　対象：敵全体　属性：炎
灼熱の業火で敵全体を滅ぼす炎の究極魔法","35:灼熱魔導師（Lv10）","","0","25","0","日珥","黑魔法","威力：Ｓ（魔）　対象：敵全体　属性：炎
用灼热的业火将全体敌人消灭的炎之究极魔法","35:灼热魔导师（Lv10）","","23"
"1502","ブリザード","黒魔法","威力：Ｄ（魔）　対象：敵単体　属性：氷
敵を凍てつかせる氷の初級魔法","33:魔法使い（Lv2）","158:妖魔（Lv4）；245:妖狐（Lv3）；336:ゴースト（Lv2）","0","3","0","暴雪","黑魔法","威力：Ｄ（魔）　対象：敵単体　属性：氷
将敌人冻结的冰之初级魔法","33:魔法师（Lv2）","158:妖魔（Lv4）；245:妖狐（Lv3）；336:幽灵（Lv2）","23"
"1503","メガブリザード","黒魔法","威力：Ｃ（魔）　対象：敵全体　属性：氷
敵の群れを凍てつかせる氷の魔法","33:魔法使い（Lv8）","155:ワームサマナー（Lv2）；159:上級妖魔（Lv2）；180:ウィッチサキュバス（Lv2）；187:マージヴァンパイア（Lv2）；208:ダークエルフ（Lv3）；246:中級妖狐（Lv2）；322:ワルラウネ（Lv2）；331:マミー（Lv2）；336:ゴースト（Lv10）","0","7","0","大暴雪","黑魔法","威力：Ｃ（魔）　対象：敵全体　属性：氷
将敌人群体冻结的冰之魔法","33:魔法师（Lv8）","155:蠕虫召唤师（Lv2）；159:上级妖魔（Lv2）；180:女巫魅魔（Lv2）；187:合并吸血鬼（Lv2）；208:暗精灵（Lv3）；246:中级妖狐（Lv2）；322:恶娜温（Lv2）；331:木乃伊（Lv2）；336:幽灵（Lv10）","23"
"1504","ブリザードストーム","黒魔法","威力：Ａ（魔）　対象：敵ランダム4回　属性：氷
敵の群れを氷の竜巻で巻き込む魔法","47:賢者（Lv5）","","0","15","0","暴风雪","黑魔法","威力：Ａ（魔）　対象：敵ランダム4回　属性：氷
用冰之龙卷风卷入敌人的魔法","47:贤者（Lv5）","","23"
"1505","フロスト","黒魔法","威力：Ｂ（魔）　対象：敵単体　属性：氷
敵を凍結させる氷の上級魔法","34:黒魔導師（Lv5）","156:マスターホムンクル（Lv2）；181:アークサキュバス（Lv2）；188:アークヴァンパイア（Lv2）；208:ダークエルフ（Lv9）；247:上級妖狐（Lv2）；286:竜神（Lv2）；323:彼岸の魔花（Lv2）；332:イシス（Lv2）；337:エビルミスト（Lv6）；357:魔導キメラ（Lv2）","0","12","0","霜冻","黑魔法","威力：Ｂ（魔）　対象：敵単体　属性：氷
将敌人冻结的冰之上级魔法","34:黑魔导师（Lv5）","156:大师人造人（Lv2）；181:大魅魔（Lv2）；188:大吸血鬼（Lv2）；208:暗精灵（Lv9）；247:上级妖狐（Lv2）；286:龙神（Lv2）；323:彼岸的魔花（Lv2）；332:伊西斯（Lv2）；337:邪恶迷雾（Lv6）；357:魔导奇美拉（Lv2）","23"
"1506","シグマフロスト","黒魔法","威力：Ａ（魔）　対象：敵全体　属性：氷
激しい冷気で敵全体を凍結させる氷の最上級魔法","36:輝氷魔導師（Lv2）","160:妖魔貴族（Lv5）；209:アークエルフ（Lv5）；338:マスターシャドウ（Lv7）；365:堕天使（Lv2）","0","20","0","西格玛霜冻","黑魔法","威力：Ａ（魔）　対象：敵全体　属性：氷
用强烈的冷气将全体敌人冻结的冰之最上级魔法","36:辉冰魔导师（Lv2）","160:妖魔贵族（Lv5）；209:大精灵（Lv5）；338:幽影之主（Lv7）；365:堕天使（Lv2）","23"
"1507","アイスエイジ","黒魔法","威力：Ｓ（魔）　対象：敵全体　属性：氷
空間そのものを凍結させる氷の究極魔法","36:輝氷魔導師（Lv10）","","0","25","0","冰河世纪","黑魔法","威力：Ｓ（魔）　対象：敵全体　属性：氷
将空间本身冻结的冰之究极魔法","36:辉冰魔导师（Lv10）","","23"
"1508","サンダー","黒魔法","威力：Ｄ（魔）　対象：敵単体　属性：雷
敵に電撃を落とす雷の初級魔法","33:魔法使い（Lv2）","158:妖魔（Lv4）；184:ヴァンパイア（Lv3）；245:妖狐（Lv3）","0","3","0","雷电","黑魔法","威力：Ｄ（魔）　対象：敵単体　属性：雷
向敌人降下电击的雷之初级魔法","33:魔法师（Lv2）","158:妖魔（Lv4）；184:吸血鬼（Lv3）；245:妖狐（Lv3）","23"
"1509","メガサンダー","黒魔法","威力：Ｃ（魔）　対象：敵全体　属性：雷
敵の群れに電撃を落とす雷の魔法","33:魔法使い（Lv8）","155:ワームサマナー（Lv2）；159:上級妖魔（Lv2）；180:ウィッチサキュバス（Lv2）；185:ノスフェラトゥ（Lv3）；187:マージヴァンパイア（Lv2）；246:中級妖狐（Lv2）；322:ワルラウネ（Lv2）；331:マミー（Lv2）","0","7","0","大雷电","黑魔法","威力：Ｃ（魔）　対象：敵全体　属性：雷
对敌群降下雷击的雷魔法","33:魔法师（Lv8）","155:蠕虫召唤师（Lv2）；159:上级妖魔（Lv2）；180:女巫魅魔（Lv2）；185:诺斯费拉图（Lv3）；187:合并吸血鬼（Lv2）；246:中级妖狐（Lv2）；322:恶娜温（Lv2）；331:木乃伊（Lv2）","23"
"1510","サンダーハリケーン","黒魔法","威力：Ａ（魔）　対象：敵ランダム4回　属性：雷
敵の群れを雷の竜巻で巻き込む魔法","47:賢者（Lv7）","","0","15","0","雷电飓风","黑魔法","威力：Ａ（魔）　対象：敵ランダム4回　属性：雷
用雷电龙卷风卷入敌群的魔法","47:贤者（Lv7）","","23"
"1511","スパーク","黒魔法","威力：Ｂ（魔）　対象：敵単体　属性：雷
敵を落雷を浴びせる雷の上級魔法","34:黒魔導師（Lv5）","156:マスターホムンクル（Lv2）；181:アークサキュバス（Lv2）；186:夜の帝王（Lv3）；188:アークヴァンパイア（Lv2）；247:上級妖狐（Lv2）；286:竜神（Lv2）；323:彼岸の魔花（Lv2）；332:イシス（Lv2）；357:魔導キメラ（Lv2）","0","12","0","火花","黑魔法","威力：Ｂ（魔）　対象：敵単体　属性：雷
对敌降下雷击的上级雷魔法","34:黑魔导师（Lv5）","156:大师人造人（Lv2）；181:大魅魔（Lv2）；186:夜之帝王（Lv3）；188:大吸血鬼（Lv2）；247:上级妖狐（Lv2）；286:龙神（Lv2）；323:彼岸的魔花（Lv2）；332:伊西斯（Lv2）；357:魔导奇美拉（Lv2）","23"
"1512","ラムダスパーク","黒魔法","威力：Ａ（魔）　対象：敵全体　属性：雷
極大の落雷で敵全体を討つ雷の最上級魔法","37:極雷魔導師（Lv2）","160:妖魔貴族（Lv5）；188:アークヴァンパイア（Lv7）；323:彼岸の魔花（Lv9）；332:イシス（Lv7）；365:堕天使（Lv2）","0","20","0","拉姆达火花","黑魔法","威力：Ａ（魔）　対象：敵全体　属性：雷
用极大雷击讨伐全体敌人的最上级雷魔法","37:极雷魔导师（Lv2）","160:妖魔贵族（Lv5）；188:大吸血鬼（Lv7）；323:彼岸的魔花（Lv9）；332:伊西斯（Lv7）；365:堕天使（Lv2）","23"
"1513","ライトニング","黒魔法","威力：Ｓ（魔）　対象：敵全体　属性：雷
空間に電光を走らせる雷の究極魔法","37:極雷魔導師（Lv10）","","0","25","0","闪电","黑魔法","威力：Ｓ（魔）　対象：敵全体　属性：雷
让电光在空间中奔走的究极雷魔法","37:极雷魔导师（Lv10）","","23"
"1514","ウィンド","黒魔法","威力：Ｄ（魔）　対象：敵単体　属性：風
真空で敵を斬り裂く風の初級魔法","","175:インプ（Lv5）；215:風精（Lv2）","0","3","0","疾风","黑魔法","威力：Ｄ（魔）　対象：敵単体　属性：風
用真空斩裂敌人的初级风魔法","","175:小恶魔（Lv5）；215:风精灵（Lv2）","23"
"1515","エアロ","黒魔法","威力：Ｂ（魔）　対象：敵単体　属性：風
無数の真空刃を敵に叩き込む風の上級魔法","","180:ウィッチサキュバス（Lv7）；215:風精（Lv7）","0","12","0","空气","黑魔法","威力：Ｂ（魔）　対象：敵単体　属性：風
向敌人猛击无数真空刃的上级风魔法","","180:女巫魅魔（Lv7）；215:风精灵（Lv7）","23"
"1516","デルタエアロ","黒魔法","威力：Ａ（魔）　対象：敵全体　属性：風
無数の竜巻で敵を斬り裂く風の最上級魔法","","181:アークサキュバス（Lv6）；216:風の精霊（Lv8）","0","20","0","德尔塔空气","黑魔法","威力：Ａ（魔）　対象：敵全体　属性：風
用无数龙卷风斩裂敌人的最上级风魔法","","181:大魅魔（Lv6）；216:风之精灵（Lv8）","23"
"1517","アース","黒魔法","威力：Ｄ（魔）　対象：敵単体　属性：土
地響きで敵を攻撃する土の初級魔法","","245:妖狐（Lv6）","0","3","0","大地","黑魔法","威力：Ｄ（魔）　対象：敵単体　属性：土
用地鸣攻击敌人的初级土魔法","","245:妖狐（Lv6）","23"
"1518","クェイク","黒魔法","威力：Ｂ（魔）　対象：敵単体　属性：土
大地を揺るがす土の上級魔法","","246:中級妖狐（Lv8）","0","12","0","地震","黑魔法","威力：Ｂ（魔）　対象：敵単体　属性：土
震撼大地的上级土魔法","","246:中级妖狐（Lv8）","23"
"1519","ゼータクェイク","黒魔法","威力：Ａ（魔）　対象：敵全体　属性：土
激しい地響きで敵を攻撃する土の最上級魔法","","247:上級妖狐（Lv8）","0","20","0","泽塔地震","黑魔法","威力：Ａ（魔）　対象：敵全体　属性：土
以剧烈的地震攻击敌人的土系最高级魔法","","247:上级妖狐（Lv8）","23"
"1520","ウォーター","黒魔法","威力：Ｄ（魔）　対象：敵単体　属性：水
水撃を叩き込む水の初級魔法","","194:マーメイド（Lv6）","0","3","0","水流","黑魔法","威力：Ｄ（魔）　対象：敵単体　属性：水
用水击攻击敌人的水系初级魔法","","194:人鱼（Lv6）","23"
"1521","ウェイブ","黒魔法","威力：Ｂ（魔）　対象：敵単体　属性：水
特大の水撃で敵を押し流す水の上級魔法","","195:ハイマーメイド（Lv5）","0","12","0","波浪","黑魔法","威力：Ｂ（魔）　対象：敵単体　属性：水
以特大的水击冲走敌人的水系上级魔法","","195:高等人鱼（Lv5）","23"
"1522","ガンマウェイブ","黒魔法","威力：Ａ（魔）　対象：敵全体　属性：水
水撃の乱打を敵に浴びせ掛ける水の最上級魔法","","196:ローレライ（Lv2）","0","20","0","伽马波浪","黑魔法","威力：Ａ（魔）　対象：敵全体　属性：水
用水击的乱打攻击敌人的水系最高级魔法","","196:罗蕾莱（Lv2）","23"
"1523","カーズ","黒魔法","威力：Ｓ（魔）　対象：敵全体　属性：バイオ　効果：毒・暗闇・沈黙・混乱・睡眠・麻痺
敵全体を魔の呪いで包み、様々な状態異常にする魔法","48:森羅万象士（Lv5）","","0","30","0","诅咒","黑魔法","威力：Ｓ（魔）　対象：敵全体　属性：バイオ　効果：毒・暗闇・沈黙・混乱・睡眠・麻痺
以魔之诅咒包围全体敌人，使其陷入各种异常状态的魔法","48:森罗万象士（Lv5）","","23"
"1524","ドラゴンフレア","黒魔法","威力：Ｓ（魔）　対象：敵単体　属性：炎
竜の魔力を凝縮し、灼熱の炎を生み出す魔法","","286:竜神（Lv6）","0","24","0","龙焰","黑魔法","威力：Ｓ（魔）　対象：敵単体　属性：炎
凝聚龙之力，产生灼热之炎的魔法","","286:龙神（Lv6）","23"
"1525","ドラゴンフレアバースト","黒魔法","威力：ＳＳ（魔）　対象：敵ランダム4回　属性：炎
ドラゴンフレアを連続で使用する竜神の最強奥義","","286:竜神（Lv10）","0","40","0","龙焰爆发","黑魔法","威力：ＳＳ（魔）　対象：敵ランダム4回　属性：炎
连续使用龙焰的龙神最强奥义","","286:龙神（Lv10）","23"
"1526","ドラゴングレイズ","黒魔法","威力：ＺＺ（魔）　対象：敵ランダム6回　属性：修羅・核熱
闘気を魔力に変換して解き放つ虚竜の魔導奥義","","7427:虚竜（Lv10）","0","180","0","龙之狂热","黑魔法","威力：ＺＺ（魔）　対象：敵ランダム6回　属性：修羅・核熱
将斗气转化为魔力释放的虚龙魔导奥义","","7427:虚龙（Lv10）","23"
"1527","カイザーフェニックス","黒魔法","威力：ＳＳ（魔）　対象：敵単体　属性：炎
魔力を凝縮し、炎の鳳凰を生み出す極大魔法","","","0","40","0","凯撒凤凰","黑魔法","威力：ＳＳ（魔）　対象：敵単体　属性：炎
凝聚魔力，产生炎之凤凰的极大魔法","","","23"
"1528","フェニックスロンド","黒魔法","威力：５Ｚ（魔）　対象：敵ランダム6回　属性：核熱・終焉　効果：バーン
カイザーフェニックスを乱舞させる強力無比な殲滅奥義","","7452:第三の神（Lv8）","0","400","0","凤凰回旋曲","黑魔法","威力：５Ｚ（魔）　対象：敵ランダム6回　属性：核熱・終焉　効果：バーン
乱舞凯撒凤凰的无比强大的歼灭奥义","","7452:第三神（Lv8）","23"
"1529","ブラックソウル","黒魔法","威力：ＳＳＳ（魔）　対象：敵単体　属性：量子・終焉　効果：即死
魂そのものを消滅させる闇の混沌魔法","","343:エターニティ（Lv2）","18%当前HP","60","0","漆黑之魂","黑魔法","威力：ＳＳＳ（魔）　対象：敵単体　属性：量子・終焉　効果：即死
将灵魂本身消灭的黑暗混沌魔法","","343:永恒（Lv2）","23"
"1530","ドレイン","黒魔法","威力：Ｅ（魔）　対象：敵単体　効果：HP吸収
敵のHPを奪い、自分のものにする魔法","34:黒魔導師（Lv2）","180:ウィッチサキュバス（Lv5）；331:マミー（Lv8）；337:エビルミスト（Lv3）","0","4","0","吸血","黑魔法","威力：Ｅ（魔）　対象：敵単体　効果：HP吸収
夺取敌人的HP，转化为自己的魔法","34:黑魔导师（Lv2）","180:女巫魅魔（Lv5）；331:木乃伊（Lv8）；337:邪恶迷雾（Lv3）","23"
"1531","マドレイン","黒魔法","対象：敵単体　効果：MP吸収
敵のMPを奪い、自分のものにする魔法","34:黒魔導師（Lv10）","181:アークサキュバス（Lv5）；338:マスターシャドウ（Lv5）","0","4","0","吸魔","黑魔法","対象：敵単体　効果：MP吸収
夺取敌人的MP，转化为自己的魔法","34:黑魔导师（Lv10）","181:大魅魔（Lv5）；338:幽影之主（Lv5）","23"
"1532","デス","黒魔法","対象：敵単体　効果：即死
敵単体を即死させる魔法","34:黒魔導師（Lv9）","331:マミー（Lv6）；337:エビルミスト（Lv9）；341:ミミック（Lv3）","0","5","0","死亡","黑魔法","対象：敵単体　効果：即死
使单体敌人即死的魔法","34:黑魔导师（Lv9）","331:木乃伊（Lv6）；337:邪恶迷雾（Lv9）；341:宝箱怪（Lv3）","23"
"1533","オールデス","黒魔法","対象：敵全体　効果：即死
敵全体を即死させる魔法","48:森羅万象士（Lv2）","332:イシス（Lv6）；338:マスターシャドウ（Lv6）；342:パンドラ（Lv5）；365:堕天使（Lv7）","0","10","0","全体死亡","黑魔法","対象：敵全体　効果：即死
使全体敌人即死的魔法","48:森罗万象士（Lv2）","332:伊西斯（Lv6）；338:幽影之主（Lv6）；342:潘多拉（Lv5）；365:堕天使（Lv7）","23"
"1534","ポイズン","黒魔法","対象：敵全体　効果：毒
敵全体を毒状態にする魔法","33:魔法使い（Lv4）","","0","3","0","毒","黑魔法","対象：敵全体　効果：毒
使全体敌人陷入中毒状态的魔法","33:魔法师（Lv4）","","23"
"1535","ブラインド","黒魔法","対象：敵全体　効果：暗闇
敵全体を暗闇状態にする魔法","33:魔法使い（Lv6）","","0","3","0","失明","黑魔法","対象：敵全体　効果：暗闇
使敌方全体陷入黑暗状态的魔法","33:魔法师（Lv6）","","23"
"1536","サイレンス","黒魔法","対象：敵全体　効果：沈黙
敵全体を沈黙状態にする魔法","33:魔法使い（Lv9）","","0","3","0","沉默","黑魔法","対象：敵全体　効果：沈黙
使全体敌人陷入沉默状态的魔法","33:魔法师（Lv9）","","23"
"1537","コンフューズ","黒魔法","対象：敵全体　効果：混乱
敵全体を混乱状態にする魔法","34:黒魔導師（Lv6）","","0","5","0","混乱","黑魔法","対象：敵全体　効果：混乱
使全体敌人陷入混乱状态的魔法","34:黑魔导师（Lv6）","","23"
"1538","スリープ","黒魔法","対象：敵全体　効果：睡眠
敵全体を睡眠状態にする魔法","34:黒魔導師（Lv7）","","0","5","0","睡眠","黑魔法","対象：敵全体　効果：睡眠
使全体敌人陷入睡眠状态的魔法","34:黑魔导师（Lv7）","","23"
"1539","パラライズ","黒魔法","対象：敵全体　効果：麻痺
敵全体を麻痺状態にする魔法","34:黒魔導師（Lv8）","","0","5","0","麻痹","黑魔法","対象：敵全体　効果：麻痺
使全体敌人陷入麻痹状态的魔法","34:黑魔导师（Lv8）","","23"
"1540","ミニマムファンタズム","黒魔法","対象：敵全体　効果：ミニマム
敵全体をミニマム状態にする魔法","","180:ウィッチサキュバス（Lv8）","0","7","0","缩小幻象","黑魔法","対象：敵全体　効果：ミニマム
使全体敌人陷入缩小状态的魔法","","180:女巫魅魔（Lv8）","23"
"1541","ヒールタイフーン","黒魔法","対象：味方ランダム4回　効果：HP中回復
癒しの嵐で味方達を回復する魔法","47:賢者（Lv9）","","0","7","0","治愈台风","黑魔法","対象：味方ランダム4回　効果：HP中回復
用治愈风暴恢复我方成员的魔法","47:贤者（Lv9）","","23"
"1547","スロウ","時魔法","対象：敵単体　効果：スロウ
敵単体の時間を遅くし、スロウ状態にする魔法","38:時魔導師（Lv2）","286:竜神（Lv4）；314:アラクネ（Lv2）","0","3","0","减速","时魔法","対象：敵単体　効果：スロウ
使单体敌人时间减慢，陷入减速状态的魔法","38:时魔导师（Lv2）","286:龙神（Lv4）；314:阿拉克涅（Lv2）","24"
"1548","オールスロウ","時魔法","対象：敵全体　効果：スロウ
敵全体の時間を遅くし、スロウ状態にする魔法","39:時空魔導師（Lv2）","","0","8","0","全体减速","时魔法","対象：敵全体　効果：スロウ
使全体敌人时间减慢，陷入减速状态的魔法","39:时空魔导师（Lv2）","","24"
"1549","クィック","時魔法","対象：味方単体　効果：クィック
味方単体の時間を早め、クィック状態にする魔法","38:時魔導師（Lv5）","286:竜神（Lv4）","0","3","0","加速","时魔法","対象：味方単体　効果：クィック
使我方单体时间加快，陷入加速状态的魔法","38:时魔导师（Lv5）","286:龙神（Lv4）","24"
"1550","オールクィック","時魔法","対象：味方全体　効果：クィック
味方全体の時間を早め、クィック状態にする魔法","39:時空魔導師（Lv3）","","0","8","0","全体加速","时魔法","対象：味方全体　効果：クィック
使我方全体时间加快，陷入加速状态的魔法","39:时空魔导师（Lv3）","","24"
"1551","ストップ","時魔法","対象：敵単体　効果：ストップ
敵単体の時間を停止させ、ストップ状態にする魔法","38:時魔導師（Lv6）","314:アラクネ（Lv8）","0","3","0","停止","时魔法","対象：敵単体　効果：ストップ
使单体敌人的时间停止，陷入停止状态的魔法","38:时魔导师（Lv6）","314:阿拉克涅（Lv8）","24"
"1552","オールストップ","時魔法","対象：敵全体　効果：ストップ
敵全体の時間を停止させ、ストップ状態にする魔法","39:時空魔導師（Lv4）","","0","8","0","全体停止","时魔法","対象：敵全体　効果：ストップ
使全体敌人的时间停止，陷入停止状态的魔法","39:时空魔导师（Lv4）","","24"
"1553","フォシル","時魔法","対象：敵単体　効果：石化
敵単体の経年状態を過剰促進させ、石化させる魔法","38:時魔導師（Lv9）","314:アラクネ（Lv9）","0","4","0","石化","时魔法","対象：敵単体　効果：石化
使单体敌人的衰老状态过度加速，使其石化的魔法","38:时魔导师（Lv9）","314:阿拉克涅（Lv9）","24"
"1554","オールフォシル","時魔法","対象：敵全体　効果：石化
敵全体の経年状態を過剰促進させ、石化させる魔法","","315:アトラク＝ナクア（Lv5）","0","8","0","全体石化","时魔法","対象：敵全体　効果：石化
使全体敌人的衰老状态过度加速，使其石化的魔法","","315:阿特拉克・纳克亚（Lv5）","24"
"1555","リゾーン","時魔法","対象：敵単体　効果：即死
敵単体を異空間に放り込み、即死させる魔法","39:時空魔導師（Lv5）","","0","5","0","异空间","时魔法","対象：敵単体　効果：即死
将单体敌人投入异空间，使其即死的魔法","39:时空魔导师（Lv5）","","24"
"1556","オールリゾーン","時魔法","対象：敵全体　効果：即死
敵全体を異空間に放り込み、即死させる魔法","","315:アトラク＝ナクア（Lv9）","0","10","0","全体异空间","时魔法","対象：敵全体　効果：即死
将全体敌人投入异空间，使其即死的魔法","","315:阿特拉克・纳克亚（Lv9）","24"
"1557","グラビディ","時魔法","威力：割合ダメージ　対象：敵単体
重力を操作し、敵単体を押し潰す魔法","38:時魔導師（Lv8）","","0","7","0","重力","时魔法","威力：割合ダメージ　対象：敵単体
操纵重力，将单体敌人压碎的魔法","38:时魔导师（Lv8）","","24"
"1558","ハイグラビディ","時魔法","威力：割合ダメージ　対象：敵全体
重力を操作し、敵全体を押し潰す魔法","39:時空魔導師（Lv7）","","0","12","0","高级重力","时魔法","威力：割合ダメージ　対象：敵全体
操纵重力，将全体敌人压碎的魔法","39:时空魔导师（Lv7）","","24"
"1559","コメット","時魔法","威力：Ｂ（魔）　対象：敵単体　属性：銀河
時空を歪め、隕石を直撃させる魔法","38:時魔導師（Lv10）","315:アトラク＝ナクア（Lv4）","0","12","0","彗星","时魔法","威力：Ｂ（魔）　対象：敵単体　属性：銀河
扭曲时空，使陨石直接击中的魔法","38:时魔导师（Lv10）","315:阿特拉克・纳克亚（Lv4）","24"
"1560","メテオ","時魔法","威力：Ａ（魔）　対象：敵全体　属性：銀河
時空を歪め、巨大隕石を召喚する魔法","39:時空魔導師（Lv10）","317:クィーンインセクト（Lv4）","0","20","0","陨石","时魔法","威力：Ａ（魔）　対象：敵全体　属性：銀河
扭曲时空，召唤巨大陨石的魔法","39:时空魔导师（Lv10）","317:昆虫女王（Lv4）","24"
"1561","ブラックホール","時魔法","威力：Ａ（魔）　対象：敵全体　属性：闇・銀河
時空を歪め、ブラックホールを造り出す魔法","","351:下位アポトーシス（Lv10）","10%当前HP","10","0","黑洞","时魔法","威力：Ａ（魔）　対象：敵全体　属性：闇・銀河
扭曲时空，创造出黑洞的魔法","","351:下位凋零者（Lv10）","24"
"1562","スーパーノヴァ","時魔法","威力：Ｓ（魔）　対象：敵全体　属性：永劫・銀河
時空を歪め超新星爆発を引き起こす究極時空魔法","","352:上位アポトーシス（Lv10）","0","30","0","超新星","时魔法","威力：Ｓ（魔）　対象：敵全体　属性：永劫・銀河
扭曲时空，引发超新星爆炸的究极时空魔法","","352:上位凋零者（Lv10）","24"
"1563","アーク","時魔法","威力：Ｓ（魔）　対象：敵全体　属性：音波　効果：スロウ・ストップ・石化
敵全体を時の呪いで包み、様々な状態異常にする魔法","48:森羅万象士（Lv6）","","0","30","0","弧光","时魔法","威力：Ｓ（魔）　対象：敵全体　属性：音波　効果：スロウ・ストップ・石化
用时间的诅咒包裹全体敌人，使其陷入各种异常状态的魔法","48:森罗万象士（Lv6）","","24"
"1564","カオスタイム","時魔法","対象：全世界　効果：時間停止
魔力によって時空を凍結させ、時を少し止める魔法","","153:魔神（Lv10）","0","50","0","混沌时间","时魔法","対象：全世界　効果：時間停止
通过魔力冻结时空，暂时停止时间的魔法","","153:魔神（Lv10）","24"
"1565","カオスドライブ","時魔法","対象：全世界　効果：時間停止
魔力によって時空を凍結させ、時を止める魔法","","154:超魔神（Lv20）；7449:混沌の使徒（Lv2）","0","50","0","混沌驱动","时魔法","対象：全世界　効果：時間停止
通过魔力冻结时空，停止时间的魔法","","154:超魔神（Lv20）；7449:混沌的使徒（Lv2）","24"
"1566","カオスオーバー","時魔法","対象：全世界　効果：時間停止
魔力によって時空を凍結させ、時を長く止める魔法","","7412:混沌の魔神（Lv20）","0","100","0","混沌终结","时魔法","対象：全世界　効果：時間停止
通过魔力冻结时空，长时间停止时间的魔法","","7412:混沌的魔神（Lv20）","24"
"1567","カオスクロニクル","時魔法","対象：全世界　効果：時間停止
魔力によって時空を凍結させ、時を支配する魔法","","7453:カオス（Lv9）","0","200","0","混沌编年史","时魔法","対象：全世界　効果：時間停止
通过魔力冻结时空，支配时间的魔法","","7453:混沌（Lv9）","24"
"1568","アリスインワンダーランド","時魔法","対象：全世界　効果：時間停止
時空を操作し、時の運行を止める管理魔法","","7422:時の神獣（Lv20）","0","0","15","爱丽丝梦游仙境","时魔法","対象：全世界　効果：時間停止
操控时空，停止时间流动的管理魔法","","7422:时之神兽（Lv20）","24"
"1569","ワープ","時魔法","対象：パーティ全体　効果：フィールド移動
一度行った事のある場所にワープする魔法","38:時魔導師（Lv3）","314:アラクネ（Lv4）","0","2","0","传送","时魔法","対象：パーティ全体　効果：フィールド移動
传送到曾经去过的地方的魔法","38:时魔导师（Lv3）","314:阿拉克涅（Lv4）","24"
"1570","テレポート","時魔法","対象：パーティ全体　効果：ダンジョン脱出
ダンジョンから脱出し、地上に出る魔法","38:時魔導師（Lv4）","314:アラクネ（Lv4）","0","5","0","瞬间移动","时魔法","対象：パーティ全体　効果：ダンジョン脱出
从迷宫中逃脱，回到地面的魔法","38:时魔导师（Lv4）","314:阿拉克涅（Lv4）","24"
"1576","ゴブリン","召喚","威力：Ｃ（魔or器）　対象：敵単体
ゴブリンを呼び出す召喚魔法","40:召喚士（Lv2）","","0","3","0","哥布林","召唤","威力：Ｃ（魔or器）　対象：敵単体
召唤哥布林的召唤魔法","40:召唤士（Lv2）","","25"
"1577","ラミア","召喚","威力：Ｂ（魔or器）　対象：敵全体　効果：スタン
ラミアを呼び出す召喚魔法","40:召喚士（Lv4）","","0","15","0","拉米亚","召唤","威力：Ｂ（魔or器）　対象：敵全体　効果：スタン
召唤拉米亚的召唤魔法","40:召唤士（Lv4）","","25"
"1578","カーバンクル","召喚","対象：味方全体　効果：魔法反射
カーバンクルを呼び出す召喚魔法","40:召喚士（Lv5）","","0","15","0","卡班克尔","召唤","対象：味方全体　効果：魔法反射
召唤卡班克尔的召唤魔法","40:召唤士（Lv5）","","25"
"1579","スキュラ","召喚","威力：Ｂ（魔or器）　対象：敵全体　効果：拘束
スキュラを呼び出す召喚魔法","40:召喚士（Lv6）","155:ワームサマナー（Lv4）","0","15","0","斯库拉","召唤","威力：Ｂ（魔or器）　対象：敵全体　効果：拘束
召唤斯库拉的召唤魔法","40:召唤士（Lv6）","155:蠕虫召唤师（Lv4）","25"
"1580","ラクシュミ","召喚","対象：味方全体　効果：HP全回復
ラクシュミを呼び出す召喚魔法","40:召喚士（Lv7）","","0","25","0","吉祥天女","召唤","対象：味方全体　効果：HP全回復
召唤吉祥天女的召唤魔法","40:召唤士（Lv7）","","25"
"1581","ドラゴン","召喚","威力：Ａ（魔or器）　対象：敵全体　属性：炎
ドラゴンを呼び出す召喚魔法","40:召喚士（Lv8）","357:魔導キメラ（Lv4）","0","20","0","龙","召唤","威力：Ａ（魔or器）　対象：敵全体　属性：炎
召唤龙的召唤魔法","40:召唤士（Lv8）","357:魔导奇美拉（Lv4）","25"
"1582","フェニックス","召喚","威力：Ｂ（魔or器）　対象：敵全体　属性：炎　効果：味方全体蘇生
フェニックスを呼び出す召喚魔法","40:召喚士（Lv10）","","0","20","0","凤凰","召唤","威力：Ｂ（魔or器）　対象：敵全体　属性：炎　効果：味方全体蘇生
召唤凤凰的召唤魔法","40:召唤士（Lv10）","","25"
"1583","ペガサス","召喚","威力：Ａ（魔or器）　対象：敵全体　効果：強化無効
ペガサスを呼び出す召喚魔法","","219:ダークフェアリー（Lv10）","0","20","0","天马","召唤","威力：Ａ（魔or器）　対象：敵全体　効果：強化無効
召唤天马的召唤魔法","","219:暗黑妖精（Lv10）","25"
"1584","世界樹","召喚","威力：Ａ（魔or器）　対象：敵全体　効果：HP吸収
世界樹を呼び出す召喚魔法","","220:アークフェアリー（Lv10）","0","20","0","世界树","召唤","威力：Ａ（魔or器）　対象：敵全体　効果：HP吸収
召唤世界树的召唤魔法","","220:大妖精（Lv10）","25"
"1585","シルフ","召喚","威力：Ｓ（速or魔）　対象：敵全体　属性：風　効果：使用者強化
シルフを召喚し、その身に風を宿す","41:精霊召喚士（Lv2）","","0","30","0","希尔芙","召唤","威力：Ｓ（速or魔）　対象：敵全体　属性：風　効果：使用者強化
召唤希尔芙，使其身披风之力","41:精灵召唤士（Lv2）","","25"
"1586","ノーム","召喚","威力：Ｓ（防or魔）　対象：敵全体　属性：土　効果：使用者強化
ノームを召喚し、その体に土を宿す","41:精霊召喚士（Lv3）","","0","30","0","诺姆","召唤","威力：Ｓ（防or魔）　対象：敵全体　属性：土　効果：使用者強化
召唤诺姆，使其体披土之力","41:精灵召唤士（Lv3）","","25"
"1587","ウンディーネ","召喚","威力：Ｓ（精or魔）　対象：敵全体　属性：水　効果：使用者強化
ウンディーネを召喚し、その身に水を宿す","41:精霊召喚士（Lv5）","","0","30","0","温蒂妮","召唤","威力：Ｓ（精or魔）　対象：敵全体　属性：水　効果：使用者強化
召唤温蒂妮，使其身披水之力","41:精灵召唤士（Lv5）","","25"
"1588","サラマンダー","召喚","威力：Ｓ（力or魔）　対象：敵全体　属性：火　効果：使用者強化
サラマンダーを召喚し、その身に火を宿す","41:精霊召喚士（Lv6）","","0","30","0","萨拉曼达","召唤","威力：Ｓ（力or魔）　対象：敵全体　属性：火　効果：使用者強化
召唤萨拉曼达，使其身披火之力","41:精灵召唤士（Lv6）","","25"
"1589","ジルフィ","召喚","威力：Ｓ（速or魔）　対象：敵全体　属性：風　効果：対象弱体化
ジルフィを呼び出す召喚魔法","","358:フォースミュータント（Lv2）","0","30","0","吉尔菲","召唤","威力：Ｓ（速or魔）　対象：敵全体　属性：風　効果：対象弱体化
召唤吉尔菲的召唤魔法","","358:力量突变体（Lv2）","25"
"1590","ノーマレン","召喚","威力：Ｓ（防or魔）　対象：敵全体　属性：土　効果：対象弱体化
ノーマレンを呼び出す召喚魔法","","358:フォースミュータント（Lv4）","0","30","0","诺玛伦","召唤","威力：Ｓ（防or魔）　対象：敵全体　属性：土　効果：対象弱体化
召唤诺玛伦的召唤魔法","","358:力量突变体（Lv4）","25"
"1591","グランディーネ","召喚","威力：Ｓ（精or魔）　対象：敵全体　属性：水　効果：対象弱体化
グランディーネを呼び出す召喚魔法","","358:フォースミュータント（Lv6）","0","30","0","格兰蒂妮","召唤","威力：Ｓ（精or魔）　対象：敵全体　属性：水　効果：対象弱体化
召唤格兰蒂妮的召唤魔法","","358:力量突变体（Lv6）","25"
"1592","ギガマンドラ","召喚","威力：Ｓ（力or魔）　対象：敵全体　属性：炎　効果：対象弱体化
ギガマンドラを呼び出す召喚魔法","","358:フォースミュータント（Lv8）","0","30","0","千兆曼德拉","召唤","威力：Ｓ（力or魔）　対象：敵全体　属性：炎　効果：対象弱体化
召唤千兆曼德拉的召唤魔法","","358:力量突变体（Lv8）","25"
"1593","神竜","召喚","威力：ＳＳ（魔or器）　対象：敵全体　属性：聖　効果：昇天
神竜を呼び出す召喚魔法","41:精霊召喚士（Lv10）","","0","55","0","神龙","召唤","威力：ＳＳ（魔or器）　対象：敵全体　属性：聖　効果：昇天
召唤神龙的召唤魔法","41:精灵召唤士（Lv10）","","25"
"1594","死神","召喚","威力：Ｓ（魔or器）　対象：敵全体　属性：闇　効果：即死
死神を呼び出す召喚魔法","41:精霊召喚士（Lv8）","","12%当前HP","33","0","死神","召唤","威力：Ｓ（魔or器）　対象：敵全体　属性：闇　効果：即死
召唤死神的召唤魔法","41:精灵召唤士（Lv8）","","25"
"1595","サマエル","召喚","威力：ＳＳ（魔or器）　対象：敵ランダム6回　属性：修羅
サマエルを呼び出す召喚魔法","7020:混沌召喚士（Lv2）","","0","40","0","萨麦尔","召唤","威力：ＳＳ（魔or器）　対象：敵ランダム6回　属性：修羅
召唤萨麦尔的召唤魔法","7020:混沌召唤士（Lv2）","","25"
"1596","ゲイザー","召喚","威力：ＳＳＳ（魔or器）　対象：敵全体　属性：終焉　効果：沈黙・睡眠・混乱
ゲイザーを呼び出す召喚魔法","7020:混沌召喚士（Lv5）","","16%当前HP","40","0","凝视者","召唤","威力：ＳＳＳ（魔or器）　対象：敵全体　属性：終焉　効果：沈黙・睡眠・混乱
召唤凝视者的召唤魔法","7020:混沌召唤士（Lv5）","","25"
"1597","スィートテンタクル","召喚","威力：Ａ（魔or器）　対象：敵ランダム4回　属性：快楽　効果：ヌルヌル特攻・拘束
スィートテンタクルを呼び出す召喚魔法","","155:ワームサマナー（Lv8）；180:ウィッチサキュバス（Lv10）","0","15","0","甜蜜触手","召唤","威力：Ａ（魔or器）　対象：敵ランダム4回　属性：快楽　効果：ヌルヌル特攻・拘束
召唤甜蜜触手的召唤魔法","","155:蠕虫召唤师（Lv8）；180:女巫魅魔（Lv10）","25"
"1598","カオスプレジャー","召喚","威力：Ｓ（魔or器）　対象：敵ランダム6回　属性：快楽　効果：ヌルヌル特攻・拘束
カオスプレジャーを呼び出す召喚魔法","","156:マスターホムンクル（Lv4）；181:アークサキュバス（Lv10）","0","25","0","混沌欢乐","召唤","威力：Ｓ（魔or器）　対象：敵ランダム6回　属性：快楽　効果：ヌルヌル特攻・拘束
召唤混沌欢乐的召唤魔法","","156:大师人造人（Lv4）；181:大魅魔（Lv10）","25"
"1599","ユニバースワーム","召喚","威力：４Ｓ（魔or器）　対象：敵ランダム8回　属性：ナイトメア　効果：ヌルヌル特攻・拘束
ユニバースワームを呼び出す召喚魔法","","157:ワームエンプレス（Lv20）","0","80","0","宇宙蠕虫","召唤","威力：４Ｓ（魔or器）　対象：敵ランダム8回　属性：ナイトメア　効果：ヌルヌル特攻・拘束
召唤宇宙蠕虫的召唤魔法","","157:蠕虫女皇（Lv20）","25"
"1600","噛み付きアニー","召喚","威力：Ｄ（魔・器）　対象：敵単体
使役ゾンビ「噛み付きアニー」を呼び出す","113:魔芸師（Lv2）","","4%当前HP","0","0","咬人安妮","召唤","威力：Ｄ（魔・器）　対象：敵単体
召唤使役僵尸「咬人安妮」","113:魔艺师（Lv2）","","25"
"1601","アマゾネスジェーン","召喚","威力：Ｂ（魔・器）　対象：敵単体　属性：バイオ
使役ゾンビ「アマゾネスジェーン」を呼び出す","114:ネクロマンサー（Lv2）","","12%当前HP","0","0","亚马逊珍","召唤","威力：Ｂ（魔・器）　対象：敵単体　属性：バイオ
召唤僵尸「亚马逊珍」","114:死灵法师（Lv2）","","25"
"1602","ネクロシェリー","召喚","威力：Ｃ（魔・器）　対象：敵全体　属性：炎
使役ゾンビ「ネクロシェリー」を呼び出す","114:ネクロマンサー（Lv4）","","12%当前HP","0","0","亡灵雪莉","召唤","威力：Ｃ（魔・器）　対象：敵全体　属性：炎
召唤僵尸「亡灵雪莉」","114:死灵法师（Lv4）","","25"
"1603","乾きのエリザベス","召喚","威力：Ａ（魔・器）　対象：敵単体　属性：快楽
使役ゾンビ「乾きのエリザベス」を呼び出す","114:ネクロマンサー（Lv10）","","16%当前HP","0","0","干渴的艾利莎贝","召唤","威力：Ａ（魔・器）　対象：敵単体　属性：快楽
召唤使役僵尸「干渴的艾利莎贝」","114:死灵法师（Lv10）","","25"
"1604","身代わりクララ","召喚","対象：使用者　効果：ディフレクト2回
使役ゾンビ「身代わりクララ」を呼び出す","114:ネクロマンサー（Lv8）","","10%当前HP","0","0","替身克拉拉","召唤","対象：使用者　効果：ディフレクト2回
召唤使役僵尸「替身克拉拉」","114:死灵法师（Lv8）","","25"
"1605","腐騎士アレクシア","召喚","威力：Ｓ（魔・器）　対象：敵単体　属性：バイオ
使役ゾンビ「腐騎士アレクシア」を呼び出す","115:ネクロマスター（Lv2）","","20%当前HP","0","0","腐骑士亚莉克希亚","召唤","威力：Ｓ（魔・器）　対象：敵単体　属性：バイオ
召唤使役僵尸「腐骑士亚莉克希亚」","115:死灵大师（Lv2）","","25"
"1606","絢爛たる屍精姫レイナ","召喚","威力：Ａ（魔・器）　対象：敵全体　属性：快楽
使役ゾンビ「絢爛たる屍精姫レイナ」を呼び出す","115:ネクロマスター（Lv4）","","20%当前HP","0","0","绚烂的尸精姬蕾娜","召唤","威力：Ａ（魔・器）　対象：敵全体　属性：快楽
召唤使役僵尸「绚烂的尸精姬蕾娜」","115:死灵大师（Lv4）","","25"
"1607","女王ネクロディア","召喚","威力：Ａ（魔・器）　対象：敵全体　属性：バイオ
使役ゾンビ「女王ネクロディア」を呼び出す","115:ネクロマスター（Lv8）","","20%当前HP","0","0","女王涅克洛迪雅","召唤","威力：Ａ（魔・器）　対象：敵全体　属性：バイオ
召唤使役僵尸「女王涅克洛迪雅」","115:死灵大师（Lv8）","","25"
"1608","大屍軍エリミネア","召喚","威力：Ｓ（魔・器）　対象：敵ランダム4回
使役ゾンビ「大屍軍エリミネア」を呼び出す","115:ネクロマスター（Lv10）","","20%当前HP","0","0","大尸军艾莉米妮亚","召唤","威力：Ｓ（魔・器）　対象：敵ランダム4回
召唤使役僵尸「大尸军艾莉米妮亚」","115:死灵大师（Lv10）","","25"
"1609","取り憑きディアナ","召喚","威力：Ｅ（魔）　対象：敵単体
使役ゴースト「取り憑きディアナ」を呼び出す","113:魔芸師（Lv3）","","0","2","0","被附身的黛安娜","召唤","威力：Ｅ（魔）　対象：敵単体
召唤使役幽灵「被附身的黛安娜」","113:魔艺师（Lv3）","","25"
"1610","色情霊アンナ","召喚","威力：Ｂ（魔）　対象：敵単体　属性：快楽
使役ゴースト「色情霊アンナ」を呼び出す","116:降霊術師（Lv10）","","0","12","0","色情灵安娜","召唤","威力：Ｂ（魔）　対象：敵単体　属性：快楽
召唤使役幽灵「色情灵安娜」","116:降灵术士（Lv10）","","25"
"1611","霊魔導師エリー","召喚","威力：Ｃ（魔）　対象：敵全体　属性：氷
使役ゴースト「霊魔導師エリー」を呼び出す","116:降霊術師（Lv4）","","0","10","0","灵魔导师艾莉","召唤","威力：Ｃ（魔）　対象：敵全体　属性：氷
召唤使役幽灵「灵魔导师艾莉」","116:降灵术士（Lv4）","","25"
"1612","ブラッディーマリー","召喚","威力：Ａ（魔）　対象：敵ランダム3回
使役ゴースト「ブラッディーマリー」を呼び出す","116:降霊術師（Lv2）","","0","16","0","血腥玛丽","召唤","威力：Ａ（魔）　対象：敵ランダム3回
召唤幽灵「血腥玛丽」","116:降灵术士（Lv2）","","25"
"1613","幽霊僧侶マリア","召喚","対象：味方単体　効果：HP中回復
使役ゴースト「幽霊僧侶マリア」を呼び出す","116:降霊術師（Lv8）","","0","4","0","幽灵修女玛利亚","召唤","対象：味方単体　効果：HP中回復
召唤幽灵「幽灵修女玛利亚」","116:降灵术士（Lv8）","","25"
"1614","トモエ御前","召喚","威力：Ｓ（魔）　対象：敵単体
使役ゴースト「トモエ御前」を呼び出す","117:マスターシャーマン（Lv2）","","0","25","0","巴御前","召唤","威力：Ｓ（魔）　対象：敵単体
召唤幽灵「巴御前」","117:大师萨满（Lv2）","","25"
"1615","大魔導師グレゴリア","召喚","威力：Ａ（魔）　対象：敵全体　属性：氷
使役ゴースト「大魔導師グレゴリア」を呼び出す","117:マスターシャーマン（Lv4）","","0","20","0","大魔导师格雷戈里亚","召唤","威力：Ａ（魔）　対象：敵全体　属性：氷
召唤幽灵「大魔导师格雷戈里亚」","117:大师萨满（Lv4）","","25"
"1616","幽淫婦マージェリー","召喚","威力：Ｓ（魔）　対象：敵単体　属性：快楽
使役ゴースト「幽淫婦マージェリー」を呼び出す","117:マスターシャーマン（Lv8）","","0","25","0","幽淫妇玛杰莉","召唤","威力：Ｓ（魔）　対象：敵単体　属性：快楽
召唤幽灵「幽淫妇玛杰莉」","117:大师萨满（Lv8）","","25"
"1617","吸精皇女ヒルダ","召喚","威力：Ｓ（魔）　対象：敵単体　属性：快楽　効果：HP吸収
使役ゴースト「吸精皇女ヒルダ」を呼び出す","117:マスターシャーマン（Lv10）","","0","25","0","吸精皇女希尔达","召唤","威力：Ｓ（魔）　対象：敵単体　属性：快楽　効果：HP吸収
召唤幽灵「吸精皇女希尔达」","117:大师萨满（Lv10）","","25"
"1618","切り裂きエリス","召喚","威力：Ｄ（器）　対象：敵ランダム3回
からくり人形「切り裂きエリス」を呼び出す","113:魔芸師（Lv4）","","0","0","3","开膛手厄里斯","召唤","威力：Ｄ（器）　対象：敵ランダム3回
召唤机关人偶「开膛手厄里斯」","113:魔艺师（Lv4）","","25"
"1619","セントメイデン","召喚","威力：Ａ（器）　対象：敵単体　効果：拘束
からくり人形「セントメイデン」を呼び出す","118:からくり人形師（Lv10）","","0","0","6","圣少女","召唤","威力：Ａ（器）　対象：敵単体　効果：拘束
召唤机关人偶「圣少女」","118:机关人偶师（Lv10）","","25"
"1620","騒霊人形","召喚","威力：Ｂ（器）　対象：敵ランダム3回　属性：音波
からくり人形「騒霊人形」を呼び出す","118:からくり人形師（Lv2）","","0","0","5","骚灵人偶","召唤","威力：Ｂ（器）　対象：敵ランダム3回　属性：音波
召唤机关人偶「骚灵人偶」","118:机关人偶师（Lv2）","","25"
"1621","シャウトマータ","召喚","威力：Ｃ（器）　対象：敵全体　属性：音波
からくり人形「シャウトマータ」を呼び出す","118:からくり人形師（Lv4）","","0","0","5","咆哮人偶","召唤","威力：Ｃ（器）　対象：敵全体　属性：音波
召唤机关人偶「咆哮人偶」","118:机关人偶师（Lv4）","","25"
"1622","ラブマータ","召喚","威力：Ｂ（器）　対象：敵単体　属性：快楽
からくり人形「ラブマータ」を呼び出す","118:からくり人形師（Lv8）","","0","0","5","爱情人偶","召唤","威力：Ｂ（器）　対象：敵単体　属性：快楽
召唤机关人偶「爱情人偶」","118:机关人偶师（Lv8）","","25"
"1623","ベック・ザ・ビースト","召喚","威力：Ｓ（器）　対象：敵単体
からくり人形「ベック・ザ・ビースト」を呼び出す","119:マスタードーラー（Lv2）","","0","0","10","野兽贝克","召唤","威力：Ｓ（器）　対象：敵単体
召唤机关人偶「野兽贝克」","119:大师操偶者（Lv2）","","25"
"1624","ジャイアントセーラ","召喚","威力：Ａ（器）　対象：敵全体
からくり人形「ジャイアントセーラ」を呼び出す","119:マスタードーラー（Lv4）","","0","0","8","巨人莎拉","召唤","威力：Ａ（器）　対象：敵全体
召唤机关人偶「巨人莎拉」","119:大师操偶者（Lv4）","","25"
"1625","決戦人型兵器アグニ","召喚","威力：Ｓ（器）　対象：敵ランダム4回 属性：炎
からくり人形「決戦人型兵器アグニ」を呼び出す","119:マスタードーラー（Lv8）","","0","0","10","决战人型兵器阿耆尼","召唤","威力：Ｓ（器）　対象：敵ランダム4回 属性：炎
召唤机关人偶「决战人型兵器阿耆尼」","119:大师操偶者（Lv8）","","25"
"1626","快楽人形・雅姫","召喚","威力：Ｓ（器）　対象：敵単体　属性：快楽
からくり人形「快楽人形・雅姫」を呼び出す","119:マスタードーラー（Lv10）","","0","0","10","快乐人偶・雅姬","召唤","威力：Ｓ（器）　対象：敵単体　属性：快楽
召唤机关人偶「快乐人偶・雅姬」","119:大师操偶者（Lv10）","","25"
"1627","黄泉蜘蛛","召喚","威力：４Ｓ（器）　対象：敵ランダム8回　属性：修羅・ナノ　効果：拘束
からくり人形「黄泉蜘蛛」を呼び出す","","","0","0","22","黄泉蜘蛛","召唤","威力：４Ｓ（器）　対象：敵ランダム8回　属性：修羅・ナノ　効果：拘束
召唤机关人偶「黄泉蜘蛛」","","","25"
"1628","魁狐々","召喚","威力：ＳＳＳ（器）　対象：敵全体　属性：修羅・テラ　効果：混乱
からくり人形「魁狐々」を呼び出す","","","0","0","21","魁狐狐","召唤","威力：ＳＳＳ（器）　対象：敵全体　属性：修羅・テラ　効果：混乱
召唤机关人偶「魁狐狐」","","","25"
"1629","蘭天狗","召喚","威力：４Ｓ（器）　対象：敵単体　属性：ハドロン・ナイトメア　効果：敏感・失禁
からくり人形「蘭天狗」を呼び出す","","","0","0","22","兰天狗","召唤","威力：４Ｓ（器）　対象：敵単体　属性：ハドロン・ナイトメア　効果：敏感・失禁
召唤机关人偶「兰天狗」","","","25"
"1630","マンティコア","召喚","威力：Ｓ（器）　対象：敵全体　効果：拘束・捕食
マンティコアを呼び出す召喚魔法","","","0","30","0","狮蝎","召唤","威力：Ｓ（器）　対象：敵全体　効果：拘束・捕食
召唤魔法：召唤狮蝎","","","25"
"1633","さばきのいかづち","聖技","威力：Ｅ（器or精）　対象：敵単体　属性：雷・聖
体から電気を放ち、敵を少し痺れさせる技","","","0","1","1","裁决之雷","圣技","威力：Ｅ（器or精）　対象：敵単体　属性：雷・聖
从体内释放电流，使敌人稍微麻痹的技能","","","26"
"1634","天の雷","聖技","威力：Ｃ（器or精）　対象：敵単体　属性：雷・聖
天から雷を落とし、敵を討つ技","","362:下位天使（Lv7）","0","4","2","天雷","圣技","威力：Ｃ（器or精）　対象：敵単体　属性：雷・聖
从天降下雷电，讨伐敌人的技能","","362:下位天使（Lv7）","26"
"1635","滅魔の雷","聖技","威力：Ａ（器or精）　対象：敵単体　属性：雷・聖　効果：昇天
天から滅魔の雷を落とし、敵を滅ぼす技","","363:中位天使（Lv6）","0","8","4","灭魔之雷","圣技","威力：Ａ（器or精）　対象：敵単体　属性：雷・聖　効果：昇天
从天降下灭魔之雷，消灭敌人的技能","","363:中位天使（Lv6）","26"
"1636","聖光波","聖技","威力：Ｅ（器or精）　対象：敵全体　属性：聖
聖なる波動で周囲を攻撃する技","","362:下位天使（Lv2）","0","3","2","圣光波","圣技","威力：Ｅ（器or精）　対象：敵全体　属性：聖
用神圣波动攻击周围的技能","","362:下位天使（Lv2）","26"
"1637","汚れなき光","聖技","威力：Ａ（器or精）　対象：敵全体　属性：聖
聖なる光を放ち、邪悪を討つ技","","363:中位天使（Lv10）","0","10","4","无垢之光","圣技","威力：Ａ（器or精）　対象：敵全体　属性：聖
释放神圣之光，讨伐邪恶的技能","","363:中位天使（Lv10）","26"
"1638","グランドクロス","聖技","威力：Ａ（力or精）　対象：敵全体　属性：聖
聖なる気で十字を描き、邪悪を滅ぼす聖技","28:パラディン（Lv10）","","0","10","4","大十字","圣技","威力：Ａ（力or精）　対象：敵全体　属性：聖
用神圣之气画出十字，消灭邪恶的圣技","28:圣堂武士（Lv10）","","26"
"1639","イノセントレーザー","聖技","威力：Ｂ（器or精）　対象：敵単体　属性：聖
聖エネルギーを凝縮したレーザーで敵を討つ技","","368:キューピッド（Lv7）","0","6","3","无瑕激光","圣技","威力：Ｂ（器or精）　対象：敵単体　属性：聖
用凝聚圣能量的激光讨伐敌人的技能","","368:丘比特（Lv7）","26"
"1640","イノセントジャッジ","聖技","威力：Ａ（器or精）　対象：敵全体　属性：聖
聖エネルギーを凝縮し、敵を焼き払う奥義","","369:淫欲のクピド（Lv8）","0","8","3","无瑕审判","圣技","威力：Ａ（器or精）　対象：敵全体　属性：聖
凝聚圣能量，烧尽敌人的奥义","","369:淫欲的丘比特（Lv8）","26"
"1641","ゴールデンハンマー","聖技","威力：Ｓ（力or精）　対象：敵全体　属性：聖
天の怒りを拳に換え、鉄槌を下す奥義","29:ゴッドハンド（Lv10）","","0","15","6","黄金锤","圣技","威力：Ｓ（力or精）　対象：敵全体　属性：聖
将天之怒化为拳，降下铁锤的奥义","29:神之手（Lv10）","","26"
"1642","天罰","聖技","威力：Ｓ（器or精）　対象：敵全体　属性：聖　効果：昇天
聖なる波動で敵全体に天罰を与える奥義","","364:上位天使（Lv10）","0","15","6","天罚","圣技","威力：Ｓ（器or精）　対象：敵全体　属性：聖　効果：昇天
用神圣波动对全体敌人降下天罚的奥义","","364:上位天使（Lv10）","26"
"1643","魔天回帰","聖技","威力：Ｓ（器or精）　対象：敵全体　属性：聖　効果：昇天
堕天の波動を炸裂させ、敵全体を滅ぼす奥義","","365:堕天使（Lv10）","0","15","6","魔天回归","圣技","威力：Ｓ（器or精）　対象：敵全体　属性：聖　効果：昇天
炸裂堕天波动，消灭全体敌人的奥义","","365:堕天使（Lv10）","26"
"1644","あけのみょうじょう","聖技","威力：Ａ（器or精）　対象：敵全体　属性：聖　効果：物理カウンター発動
終末を待つ、地上に瞬く堕天のかけら","","","0","15","6","璀璨小明星","圣技","威力：Ａ（器or精）　対象：敵全体　属性：聖　効果：物理カウンター発動
等待终结，地上闪耀的堕天碎片","","","26"
"1645","発動：あけのみょうじょう","聖技","威力：Ａ　対象：敵全体　属性：聖
ステート255","","","0","0","0","発動：あけのみょうじょう","圣技","威力：Ａ　対象：敵全体　属性：聖
ステート255","","","26"
"1646","クロスハレルヤ","聖技","威力：ＳＳＳ（力or精）　対象：敵全体　属性：聖　効果：ゾンビ・ゴースト特攻
神に仕えし守護者が繰り出す祝福の聖奥義","7017:神の守護者（Lv15）","","0","40","10","十字圣赞","圣技","威力：ＳＳＳ（力or精）　対象：敵全体　属性：聖　効果：ゾンビ・ゴースト特攻
侍奉神明的守护者施展的祝福圣奥义","7017:神之守护者（Lv15）","","26"
"1647","ヤルダバオト","聖技","威力：ＳＳＳ（力or精）　対象：敵全体　属性：永劫
十字を描いて繰り出され、邪悪を滅ぼす裁きの光","","370:熾天使（Lv19）","0","40","10","亚大伯斯","圣技","威力：ＳＳＳ（力or精）　対象：敵全体　属性：永劫
以十字形施展，消灭邪恶的审判之光","","370:炽天使（Lv19）","26"
"1648","カオスメサイア","聖技","威力：ＳＳＳ（力or精）　対象：敵全体　属性：永劫
全物に消滅をもたらす混沌の奔流","","7447:X型アポトーシス（Lv14）","0","40","10","混沌弥赛亚","圣技","威力：ＳＳＳ（力or精）　対象：敵全体　属性：永劫
带来万物消亡的混沌奔流","","7447:X型凋零者（Lv14）","26"
"1649","魔神忌光","聖技","威力：４Ｓ（器or精）　対象：敵単体　属性：永劫・終焉
魔神の力により聖エネルギーを凝縮した光を放つ混沌奥義","","153:魔神（Lv4）","0","40","11","魔神忌光","圣技","威力：４Ｓ（器or精）　対象：敵単体　属性：永劫・終焉
魔神之力凝聚圣能量释放的混沌奥义","","153:魔神（Lv4）","26"
"1650","アメイジンググレイス","聖技","威力：Ｚ（力or精）　対象：敵全体　属性：永劫・銀河
大いなる祝福で神敵を滅ぼす究極の聖技","7061:全テヲ護ル者（Lv13）；7080:全テヲ癒ス者（Lv8）","","0","90","20","惊奇恩典","圣技","威力：Ｚ（力or精）　対象：敵全体　属性：永劫・銀河
以伟大的祝福消灭神敌的究极圣技","7061:守护一切者（Lv13）；7080:全治愈者（Lv8）","","26"
"1651","エンジェルヘア","聖技","威力：Ｅ（器or精）　対象：敵単体　属性：快楽・聖　効果：敏感
天使の髪が性感帯へと絡み付く淫技","","362:下位天使（Lv4）","0","1","1","天使之发","圣技","威力：Ｅ（器or精）　対象：敵単体　属性：快楽・聖　効果：敏感
天使的头发缠绕性感带的淫技","","362:下位天使（Lv4）","26"
"1652","エンジェルフェザー","聖技","威力：Ｄ（器or精）　対象：敵全体　属性：快楽・聖　効果：敏感
天使の羽が体を愛撫する淫技","","362:下位天使（Lv8）","0","4","2","天使之羽","圣技","威力：Ｄ（器or精）　対象：敵全体　属性：快楽・聖　効果：敏感
天使的羽毛爱抚身体的淫技","","362:下位天使（Lv8）","26"
"1653","天衣の抱擁","聖技","威力：Ｂ（器or精）　対象：敵単体　属性：快楽・聖　効果：拘束
柔らかな天衣で抱き締める淫技","","363:中位天使（Lv4）","0","6","3","天衣拥抱","圣技","威力：Ｂ（器or精）　対象：敵単体　属性：快楽・聖　効果：拘束
柔软的天衣拥抱的淫技","","363:中位天使（Lv4）","26"
"1654","快楽の園","聖技","威力：Ｂ（器or精）　対象：敵全体　属性：快楽・聖　効果：誘惑
敵全体を快楽の園に引き込む淫技","","363:中位天使（Lv8）","0","8","3","快乐乐园","圣技","威力：Ｂ（器or精）　対象：敵全体　属性：快楽・聖　効果：誘惑
将全体敌人引入快乐乐园的淫技","","363:中位天使（Lv8）","26"
"1655","パイズリテンプテーション","聖技","威力：Ａ（器or精）　対象：敵単体　属性：快楽・聖　効果：誘惑
柔らかな胸で魅了する淫技","","368:キューピッド（Lv6）","0","8","3","乳交诱惑","圣技","威力：Ａ（器or精）　対象：敵単体　属性：快楽・聖　効果：誘惑
用柔软的胸部魅惑的淫技","","368:丘比特（Lv6）","26"
"1656","天淫吸精","聖技","威力：Ａ（器or精）　対象：敵単体　属性：快楽・聖　効果：HP吸収・拘束
敵を犯し、快楽と共に精力を吸い上げる淫技","","364:上位天使（Lv6）","0","8","4","天淫吸精","圣技","威力：Ａ（器or精）　対象：敵単体　属性：快楽・聖　効果：HP吸収・拘束
侵犯敌人，与其快乐一同吸取精力的淫技","","364:上位天使（Lv6）","26"
"1657","愛天使の淫欲","聖技","威力：Ｓ（器or精）　対象：敵単体　属性：快楽・聖　効果：拘束
貪るように敵を犯し尽くす淫技","","369:淫欲のクピド（Lv6）","0","12","5","爱天使的淫欲","圣技","威力：Ｓ（器or精）　対象：敵単体　属性：快楽・聖　効果：拘束
贪婪侵犯敌人的淫技","","369:淫欲的丘比特（Lv6）","26"
"1658","快楽の十字架","聖技","威力：Ａ（器or精）　対象：敵単体　属性：快楽・聖　効果：拘束・恍惚
敵を十字の形に拘束し、集団で嫐り尽くす淫技","","","0","8","4","快乐的十字架","圣技","威力：Ａ（器or精）　対象：敵単体　属性：快楽・聖　効果：拘束・恍惚
将敌人拘束成十字形，集体尽情玩弄的淫技","","","26"
"1659","髪に包まれた楽園","聖技","威力：Ｂ（器or精）　対象：敵全体　属性：快楽・聖　効果：敏感
髪が周囲に侵蝕し敵全体を嫐り尽くす淫技","","","0","7","3","被头发包裹的乐园","圣技","威力：Ｂ（器or精）　対象：敵全体　属性：快楽・聖　効果：敏感
头发侵蚀周围，对全体敌人进行淫技折磨","","","26"
"1660","聖者の祈り","聖技","対象：味方全体　効果：HP大回復
聖者の祈りにより、味方全体を癒やす回復技","28:パラディン（Lv2）","","0","10","3","圣者的祈祷","圣技","対象：味方全体　効果：HP大回復
通过圣者的祈祷，治愈我方全体的恢复技","28:圣堂武士（Lv2）","","26"
"1661","聖者の大祈祷","聖技","対象：味方全体　効果：HP全回復
聖者の祈祷により、味方全体を癒やす回復技","29:ゴッドハンド（Lv2）","","0","20","5","圣者的大祈祷","圣技","対象：味方全体　効果：HP全回復
通过圣者的祈祷，治愈我方全体的恢复技","29:神之手（Lv2）","","26"
"1662","聖者の治癒","聖技","対象：味方全体　効果：全状態異常回復
聖者の祈りで味方全体の状態異常を癒やす技","28:パラディン（Lv7）","","0","5","2","圣者的治愈","圣技","対象：味方全体　効果：全状態異常回復
通过圣者的祈祷，治愈我方全体状态异常的技","28:圣堂武士（Lv7）","","26"
"1663","聖者の奇跡","聖技","対象：味方単体　効果：蘇生
奇跡をもたらし、味方単体を復活させる技","29:ゴッドハンド（Lv7）","","0","5","2","圣者的奇迹","圣技","対象：味方単体　効果：蘇生
带来奇迹，复活我方单体的技","29:神之手（Lv7）","","26"
"1664","聖者の殉教","聖技","対象：味方全体　効果：HP全回復・完全蘇生
自身の犠牲と引き替えに、味方全体を回復・蘇生する技","29:ゴッドハンド（Lv9）","","0","0","0","圣者的殉教","圣技","対象：味方全体　効果：HP全回復・完全蘇生
以自身牺牲为代价，治愈并复活我方全体的技","29:神之手（Lv9）","","26"
"1665","聖者の守護","聖技","対象：味方全体　効果：防御力・魔法防御力アップ
聖者の加護で味方全員の防御力と魔法防御力がアップする","28:パラディン（Lv5）","","0","5","2","圣者的守护","圣技","対象：味方全体　効果：防御力・魔法防御力アップ
圣者的加护使全体我方防御力和魔法防御力提升","28:圣堂武士（Lv5）","","26"
"1666","聖者の自爆","聖技","威力：可変　対象：敵全体
聖者の命と引き替えに、敵を壊滅させる自爆技","28:パラディン（Lv9）","","0","0","0","圣者的自爆","圣技","威力：可変　対象：敵全体
以圣者的生命为代价，毁灭敌人的自爆技","28:圣堂武士（Lv9）","","26"
"1667","エインヘリアル","聖技","対象：味方全体　効果：完全蘇生・バーサク
戦闘不能の味方を暴走状態で復活させる戦乙女の秘技","","366:ヴァルキリー（Lv4）","0","10","3","英灵战士","圣技","対象：味方全体　効果：完全蘇生・バーサク
使战斗不能的我方在暴走状态下复活的女武神秘技","","366:瓦尔基里（Lv4）","26"
"1668","夢幻天舞","聖技","対象：使用者　効果：攻撃力・素早さ・命中率・回避性能大アップ
舞うような動作で攻撃を回避する天使の奥義","","364:上位天使（Lv4）","0","4","2","梦幻天舞","圣技","対象：使用者　効果：攻撃力・素早さ・命中率・回避性能大アップ
以舞蹈般的动作回避攻击的天使奥义","","364:上位天使（Lv4）","26"
"1669","堕天舞踏","聖技","対象：使用者　効果：魔力・器用さ・素早さ・命中率・回避性能大アップ
聖なる波動と一体化し攻撃を回避する堕天使の奥義","","365:堕天使（Lv4）","0","4","2","堕天舞踏","圣技","対象：使用者　効果：魔力・器用さ・素早さ・命中率・回避性能大アップ
与神圣波动一体化的堕天使奥义","","365:堕天使（Lv4）","26"
"1670","瞑想","聖技","対象：使用者　効果：HP回復
精神を集中しHPを回復する堕天使の秘技","","365:堕天使（Lv6）","0","0","2","冥想","圣技","対象：使用者　効果：HP回復
集中精神恢复HP的堕天使秘技","","365:堕天使（Lv6）","26"
"1671","究極瞑想","聖技","対象：使用者　効果：HP全回復
精神を集中しHPを全回復する堕天使の秘技","","","0","0","4","究极冥想","圣技","対象：使用者　効果：HP全回復
集中精神使HP完全恢复的堕天使秘技","","","26"
"1672","明星無想","聖技","対象：使用者　効果：1ターン攻撃力・魔力・器用さ特大アップ・遅攻発動
遅攻になる代わり、能力を爆発的にアップさせる","","7437:明けの明星（Lv19）","0","4","2","明星无想","圣技","対象：使用者　効果：1ターン攻撃力・魔力・器用さ特大アップ・遅攻発動
迟攻发动，能力爆发性提升","","7437:璀璨之明星（Lv19）","26"
"1674","ダークネス","闇技","威力：Ａ（力or魔）　対象：敵単体　属性：闇
暗黒の波動で敵を滅ぼす闇の魔法","","","3%当前HP","0","2","黑暗","暗技","威力：Ａ（力or魔）　対象：敵単体　属性：闇
以黑暗波动毁灭敌人的暗魔法","","","27"
"1675","ダークエターナル","闇技","威力：Ａ（力or魔）　対象：敵全体　属性：闇
暗黒の波動で周囲を焼き尽くす闇の魔法","","","6%当前HP","0","4","黑暗永恒","暗技","威力：Ａ（力or魔）　対象：敵全体　属性：闇
暗黑波动将周围烧尽的黑暗魔法","","","27"
"1676","魔人炎舞","闇技","威力：Ａ（力or魔）　対象：敵全体　属性：炎・闇
闇の魔力で空間そのものを燃焼させる奥義","","152:魔人（Lv6）","10%当前HP","0","4","魔人炎舞","暗技","威力：Ａ（力or魔）　対象：敵全体　属性：炎・闇
用暗之魔力燃烧空间的奥义","","152:魔人（Lv6）","27"
"1677","魔氷葬","闇技","威力：Ａ（力or魔）　対象：敵全体　属性：氷・闇
闇の魔力で空間そのものを凍結させる奥義","","152:魔人（Lv6）","10%当前HP","0","4","魔冰葬","暗技","威力：Ａ（力or魔）　対象：敵全体　属性：氷・闇
用暗之魔力冻结空间的奥义","","152:魔人（Lv6）","27"
"1678","魔雷塵","闇技","威力：Ａ（力or魔）　対象：敵全体　属性：雷・闇
闇の魔力で空間に雷を満たす奥義","","152:魔人（Lv6）","10%当前HP","0","4","魔雷尘","暗技","威力：Ａ（力or魔）　対象：敵全体　属性：雷・闇
用暗之魔力充满雷电的奥义","","152:魔人（Lv6）","27"
"1679","ダークストリーム","闇技","威力：Ｓ（力or魔）　対象：敵全体　属性：闇
暗黒の波動で周囲を薙ぎ払う魔王の魔法","","166:魔王（Lv2）","12%当前HP","0","6","黑暗流","暗技","威力：Ｓ（力or魔）　対象：敵全体　属性：闇
用暗黑波动扫荡周围的魔王魔法","","166:魔王（Lv2）","27"
"1680","魔神黒掌","闇技","威力：ＳＳ（力or魔）　対象：敵単体　属性：闇
闇の力を掌に凝縮させ、敵に叩き込む究極奥義","","152:魔人（Lv10）","12%当前HP","0","7","魔神黑掌","暗技","威力：ＳＳ（力or魔）　対象：敵単体　属性：闇
将黑暗之力凝聚在掌中，向敌人猛击的究极奥义","","152:魔人（Lv10）","27"
"1681","ネクローシス","闇技","威力：Ｂ（力or魔）　対象：敵単体　属性：終焉
敵を混沌の瘴気にさらし、肉体を破壊する技","","351:下位アポトーシス（Lv2）","0","0","5","坏死","暗技","威力：Ｂ（力or魔）　対象：敵単体　属性：終焉
将敌人暴露在混沌瘴气中，破坏其肉体的技能","","351:下位凋零者（Lv2）","27"
"1682","アポトーシス","闇技","威力：Ｓ（力or魔）　対象：敵単体　属性：終焉
混沌の爆発で敵を破壊する奥義","","352:上位アポトーシス（Lv2）","0","0","10","凋零者","暗技","威力：Ｓ（力or魔）　対象：敵単体　属性：終焉
用混沌爆炸破坏敌人的奥义","","352:上位凋零者（Lv2）","27"
"1683","死んでくれる？","闇技","威力：Ｓ（力or魔）　対象：敵全体　属性：闇
魔王の呪いで敵全体の命を奪う暗黒奥義","","","10%当前HP","0","6","死んでくれる？","暗技","威力：Ｓ（力or魔）　対象：敵全体　属性：闇
魔王的诅咒夺取全体敌人生命的黑暗奥义","","","27"
"1684","魔王の暴虐","闇技","威力：ＳＳ（力or魔）　対象：敵全体4回　属性：闇
魔王の怒りで空間を揺るがす暗黒奥義","","166:魔王（Lv15）","14%当前HP","0","8","魔王的暴虐","暗技","威力：ＳＳ（力or魔）　対象：敵全体4回　属性：闇
魔王的愤怒撼动空间的黑暗奥义","","166:魔王（Lv15）","27"
"1685","カオスエクリプス","闇技","威力：ＳＳＳ（力or魔）　対象：敵全体　属性：終焉　効果：ミニマム・石化
混沌の力で日食を引き起こす闇技","","7447:X型アポトーシス（Lv20）","16%当前HP","0","10","混沌日食","暗技","威力：ＳＳＳ（力or魔）　対象：敵全体　属性：終焉　効果：ミニマム・石化
用混沌之力引发日食的暗技","","7447:X型凋零者（Lv20）","27"
"1686","魔神幻舞","闇技","威力：４Ｓ（力or魔）　対象：敵ランダム4回　属性：修羅・終焉
自身の肉体を闇と同化させ、魔の連撃を繰り出す奥義","","153:魔神（Lv10）","16%当前HP","0","11","魔神幻舞","暗技","威力：４Ｓ（力or魔）　対象：敵ランダム4回　属性：修羅・終焉
将自己的肉体与暗同化，施展魔之连击的奥义","","153:魔神（Lv10）","27"
"1687","ハルマゲドン","闇技","威力：Ｚ（力or魔）　対象：敵全体　属性：終焉　効果：即死
世界を終末に導く滅びの奥義","","154:超魔神（Lv15）","20%当前HP","0","20","哈米吉多顿","暗技","威力：Ｚ（力or魔）　対象：敵全体　属性：終焉　効果：即死
引导世界走向终结的毁灭奥义","","154:超魔神（Lv15）","27"
"1688","真・魔神黒掌","闇技","威力：ＺＺ（力or魔）　対象：敵単体　属性：修羅・終焉
魔神黒掌の力をさらに高めた究極の混沌闇奥義","","154:超魔神（Lv4）","20%当前HP","0","20","真・魔神黑掌","暗技","威力：ＺＺ（力or魔）　対象：敵単体　属性：修羅・終焉
将魔神黑掌之力进一步提升的究极混沌暗奥义","","154:超魔神（Lv4）","27"
"1689","シャドウフレア","闇技","威力：ＺＺＺ（力or魔）　対象：敵単体　属性：核熱・終焉
魔素の融合反応で爆発を起こす闇の奥義","","7448:XX型アポトーシス（Lv2）","23%当前HP","0","20","暗影闪焰","暗技","威力：ＺＺＺ（力or魔）　対象：敵単体　属性：核熱・終焉
通过魔素融合反应引发爆炸的暗奥义","","7448:XX型凋零者（Lv2）","27"
"1690","永劫の闇","闇技","威力：ＺＺＺ（力or魔）　対象：敵全体6回　属性：核熱・終焉
魔王の力で空間に闇を満たし、暗黒で閉ざす究極奥義","","7414:大魔王（Lv20）","25%当前HP","0","30","永劫之暗","暗技","威力：ＺＺＺ（力or魔）　対象：敵全体6回　属性：核熱・終焉
魔王之力使空间充满黑暗，封闭于暗黑中的究极奥义","","7414:大魔王（Lv20）","27"
"1691","真・魔神幻舞","闇技","威力：５Ｚ（力or魔）　対象：敵ランダム6回　属性：修羅・核熱・終焉
魔神幻舞の力をさらに高めた究極の混沌闇奥義","","7412:混沌の魔神（Lv2）","28%当前HP","0","35","真・魔神幻舞","暗技","威力：５Ｚ（力or魔）　対象：敵ランダム6回　属性：修羅・核熱・終焉
魔神幻舞之力进一步提升的究极混沌暗奥义","","7412:混沌的魔神（Lv2）","27"
"1692","裁きの炎","闇技","威力：５Ｚ（力or魔）　対象：敵単体　属性：修羅・核熱・終焉　効果：バーン・即死
邪神の力で生み出された魔界の炎が敵の身を焼く","","7451:邪神（Lv2）","28%当前HP","0","35","裁决之炎","暗技","威力：５Ｚ（力or魔）　対象：敵単体　属性：修羅・核熱・終焉　効果：バーン・即死
邪神之力生成的魔界之炎焚烧敌人","","7451:邪神（Lv2）","27"
"1693","ビッグクランチ","闇技","威力：５Ｚ（力or魔）　対象：敵全体　属性：核熱・終焉・銀河
全ての終末を導く究極の爆発","","7451:邪神（Lv20）","31%当前HP","0","50","大收缩","暗技","威力：５Ｚ（力or魔）　対象：敵全体　属性：核熱・終焉・銀河
引导一切终结的究极爆炸","","7451:邪神（Lv20）","27"
"1694","アンリ・マンユ","闇技","威力：N/A（力or魔）　対象：敵全体　属性：修羅・核熱・終焉・銀河
究極の悪にして滅亡の神の放つ闇の波動","","7449:混沌の使徒（Lv9）","35%当前HP","0","80","安哥拉・曼纽","暗技","威力：N/A（力or魔）　対象：敵全体　属性：修羅・核熱・終焉・銀河
究极的恶与灭亡之神释放的黑暗波动","","7449:混沌的使徒（Lv9）","27"
"1698","魔法剣ファイア","魔法剣","対象：使用者　効果：物理攻撃炎属性付加
武器に炎の魔力を宿し、炎属性の攻撃を繰り出す魔法剣","7:魔法戦士（Lv2）","210:デュラハン（Lv2）","0","3","0","魔法剑---火","魔法剑","対象：使用者　効果：物理攻撃炎属性付加
武器寄宿火焰魔力，释放炎属性攻击的魔法剑","7:魔法战士（Lv2）","210:杜拉罕（Lv2）","28"
"1699","魔法剣ブリザード","魔法剣","対象：使用者　効果：物理攻撃氷属性付加
武器に氷の魔力を宿し、氷属性の攻撃を繰り出す魔法剣","7:魔法戦士（Lv2）","210:デュラハン（Lv2）","0","3","0","魔法剑---冰","魔法剑","対象：使用者　効果：物理攻撃氷属性付加
武器寄宿冰之魔力，释放冰属性攻击的魔法剑","7:魔法战士（Lv2）","210:杜拉罕（Lv2）","28"
"1700","魔法剣サンダー","魔法剣","対象：使用者　効果：物理攻撃雷属性付加
武器に雷の魔力を宿し、雷属性の攻撃を繰り出す魔法剣","7:魔法戦士（Lv2）","210:デュラハン（Lv2）","0","3","0","魔法剑---雷","魔法剑","対象：使用者　効果：物理攻撃雷属性付加
武器寄宿雷之魔力，释放雷属性攻击的魔法剑","7:魔法战士（Lv2）","210:杜拉罕（Lv2）","28"
"1701","魔法剣ウィンド","魔法剣","対象：使用者　効果：物理攻撃風属性付加
武器に風の魔力を宿し、風属性の攻撃を繰り出す魔法剣","8:マスターソーサラー（Lv2）","","0","3","0","魔法剑---风","魔法剑","対象：使用者　効果：物理攻撃風属性付加
武器寄宿风之魔力，释放风属性攻击的魔法剑","8:奥法战士（Lv2）","","28"
"1702","魔法剣アース","魔法剣","対象：使用者　効果：物理攻撃土属性付加
武器に土の魔力を宿し、土属性の攻撃を繰り出す魔法剣","8:マスターソーサラー（Lv2）","","0","3","0","魔法剑---土","魔法剑","対象：使用者　効果：物理攻撃土属性付加
武器寄宿土之魔力，释放土属性攻击的魔法剑","8:奥法战士（Lv2）","","28"
"1703","魔法剣アクア","魔法剣","対象：使用者　効果：物理攻撃水属性付加
武器に水の魔力を宿し、水属性の攻撃を繰り出す魔法剣","8:マスターソーサラー（Lv2）","","0","3","0","魔法剑---水","魔法剑","対象：使用者　効果：物理攻撃水属性付加
武器寄宿水之魔力，释放水属性攻击的魔法剑","8:奥法战士（Lv2）","","28"
"1704","魔法剣ホーリー","魔法剣","対象：使用者　効果：物理攻撃聖属性付加
武器に聖なる魔力を宿し、聖属性の攻撃を繰り出す魔法剣","3:剣聖（Lv6）","366:ヴァルキリー（Lv9）","0","6","0","魔法剑---圣","魔法剑","対象：使用者　効果：物理攻撃聖属性付加
武器寄宿神圣魔力，释放圣属性攻击的魔法剑","3:剑圣（Lv6）","366:瓦尔基里（Lv9）","28"
"1705","魔法剣ダーク","魔法剣","対象：使用者　効果：物理攻撃闇属性付加
武器に闇の魔力を宿し、闇属性の攻撃を繰り出す魔法剣","4:魔剣士（Lv6）","","0","6","0","魔法剑---暗","魔法剑","対象：使用者　効果：物理攻撃闇属性付加
武器寄宿暗之魔力，释放暗属性攻击的魔法剑","4:魔剑士（Lv6）","","28"
"1706","魔法剣ポイズン","魔法剣","対象：使用者　効果：物理攻撃毒付加
武器に毒の魔力を宿し、毒の状態異常にする魔法剣","7:魔法戦士（Lv7）","","0","3","0","魔法剑---毒","魔法剑","対象：使用者　効果：物理攻撃毒付加
武器寄宿毒之魔力，使敌人中毒的魔法剑","7:魔法战士（Lv7）","","28"
"1707","魔法剣ブライン","魔法剣","対象：使用者　効果：物理攻撃暗闇付加
武器に暗闇の魔力を宿し、暗闇の状態異常にする魔法剣","7:魔法戦士（Lv7）","","0","3","0","魔法剑---失明","魔法剑","対象：使用者　効果：物理攻撃暗闇付加
武器寄宿黑暗之魔力，使敌人黑暗的魔法剑","7:魔法战士（Lv7）","","28"
"1708","魔法剣サイレンス","魔法剣","対象：使用者　効果：物理攻撃沈黙付加
武器に沈黙の魔力を宿し、沈黙の状態異常にする魔法剣","7:魔法戦士（Lv7）","","0","3","0","魔法剑---沉默","魔法剑","対象：使用者　効果：物理攻撃沈黙付加
武器寄宿沉默之魔力，使敌人沉默的魔法剑","7:魔法战士（Lv7）","","28"
"1709","魔法剣パラライズ","魔法剣","対象：使用者　効果：物理攻撃麻痺付加
武器に麻痺の魔力を宿し、麻痺の状態異常にする魔法剣","8:マスターソーサラー（Lv7）","","0","4","0","魔法剑---麻痹","魔法剑","対象：使用者　効果：物理攻撃麻痺付加
武器寄宿麻痹之魔力，使敌人麻痹的魔法剑","8:奥法战士（Lv7）","","28"
"1710","魔法剣コンフューズ","魔法剣","対象：使用者　効果：物理攻撃混乱付加
武器に混乱の魔力を宿し、混乱の状態異常にする魔法剣","8:マスターソーサラー（Lv7）","","0","4","0","魔法剑---混乱","魔法剑","対象：使用者　効果：物理攻撃混乱付加
武器寄宿混乱魔力，使敌人陷入混乱状态的魔法剑","8:奥法战士（Lv7）","","28"
"1711","魔法剣スリープ","魔法剣","対象：使用者　効果：物理攻撃睡眠付加
武器に睡眠の魔力を宿し、睡眠の状態異常にする魔法剣","8:マスターソーサラー（Lv7）","","0","4","0","魔法剑---睡眠","魔法剑","対象：使用者　効果：物理攻撃睡眠付加
武器寄宿睡眠魔力，使敌人陷入睡眠状态的魔法剑","8:奥法战士（Lv7）","","28"
"1712","魔法剣デス","魔法剣","対象：使用者　効果：物理攻撃即死付加
武器に死の魔力を宿し、敵を即死させる魔法剣","8:マスターソーサラー（Lv9）","","0","5","0","魔法剑---死亡","魔法剑","対象：使用者　効果：物理攻撃即死付加
武器寄宿死亡魔力，使敌人即死的魔法剑","8:奥法战士（Lv9）","","28"
"1713","魔法剣ヘブン","魔法剣","対象：使用者　効果：物理攻撃昇天付加
武器に死の魔力を宿し、敵を昇天させる魔法剣","74:ナイツオブラウンド（Lv4）","","0","5","0","魔法剑---天堂","魔法剑","対象：使用者　効果：物理攻撃昇天付加
武器寄宿死亡魔力，使敌人升天的魔法剑","74:圆桌骑士（Lv4）","","28"
"1714","魔法剣ドレイン","魔法剣","対象：使用者　効果：物理攻撃HP吸収
武器に体力吸収の力を宿し、HPを奪う魔法剣","7:魔法戦士（Lv9）","","0","4","0","魔法剑---吸血","魔法剑","対象：使用者　効果：物理攻撃HP吸収
武器寄宿体力吸收之力，吸取HP的魔法剑","7:魔法战士（Lv9）","","28"
"1715","魔法剣マドレイン","魔法剣","対象：使用者　効果：物理攻撃MP吸収
武器に魔力吸収の力を宿し、MPを奪う魔法剣","74:ナイツオブラウンド（Lv5）","","0","4","0","魔法剑---吸魔","魔法剑","対象：使用者　効果：物理攻撃MP吸収
武器寄宿魔力吸收之力，吸取MP的魔法剑","74:圆桌骑士（Lv5）","","28"
"1716","マジックバリア","魔法剣","対象：味方全体　効果：魔法ダメージ半減
味方全体を魔法から守るバリアを展開する","7:魔法戦士（Lv8）","","0","10","0","魔法屏障","魔法剑","対象：味方全体　効果：魔法ダメージ半減
展开守护我方全体的魔法屏障","7:魔法战士（Lv8）","","28"
"1717","マジックリフレクト","魔法剣","対象：味方全体　効果：魔法反射
魔法を反射するバリアを展開する","8:マスターソーサラー（Lv8）","","0","15","5","魔法反射","魔法剑","対象：味方全体　効果：魔法反射
展开反射魔法的屏障","8:奥法战士（Lv8）","","28"
"1718","魔法剣カーズ","魔法剣","対象：使用者　効果：物理攻撃バイオ属性・複数状態異常付加
武器に呪いの魔力を宿し、様々な状態異常を引き起こす魔法剣","7012:フォースマスター（Lv2）","","0","10","0","魔法剑---诅咒","魔法剑","対象：使用者　効果：物理攻撃バイオ属性・複数状態異常付加
武器寄宿诅咒魔力，引发各种状态异常的魔法剑","7012:力量大师（Lv2）","","28"
"1719","魔導スラッシャー","魔法剣","対象：使用者　効果：無効化反撃
2ターンの間、敵の白魔法・黒魔法・時魔法・召喚を無効化し反撃する","7012:フォースマスター（Lv10）","","0","10","0","魔导斩杀者","魔法剑","対象：使用者　効果：無効化反撃
2回合内，使敌人的白魔法・黑魔法・时魔法・召唤术无效化并反击","7012:力量大师（Lv10）","","28"
"1723","陰陽・風暗符","陰陽術","威力：Ｃ（魔or器）　対象：敵全体　属性：風　効果：暗闇・風弱体
風の力を持つ符で、ダメージを与えると同時に抵抗力を下げる","42:陰陽師（Lv2）","","0","10","0","阴阳・风暗符","阴阳术","威力：Ｃ（魔or器）　対象：敵全体　属性：風　効果：暗闇・風弱体
持有风之力的符，给予伤害的同时降低抵抗力","42:阴阳师（Lv2）","","29"
"1724","陰陽・土黙符","陰陽術","威力：Ｃ（魔or器）　対象：敵全体　属性：土　効果：沈黙・土弱体
土の力を持つ符で、ダメージを与えると同時に抵抗力を下げる","42:陰陽師（Lv3）","","0","10","0","阴阳・土默符","阴阳术","威力：Ｃ（魔or器）　対象：敵全体　属性：土　効果：沈黙・土弱体
拥有土之力的符，给予伤害的同时降低抵抗力","42:阴阳师（Lv3）","","29"
"1725","陰陽・水淀符","陰陽術","威力：Ｃ（魔or器）　対象：敵全体　属性：水　効果：毒・水弱体
水の力を持つ符で、ダメージを与えると同時に抵抗力を下げる","42:陰陽師（Lv4）","","0","10","0","阴阳・水淀符","阴阳术","威力：Ｃ（魔or器）　対象：敵全体　属性：水　効果：毒・水弱体
拥有水之力的符，给予伤害的同时降低抵抗力","42:阴阳师（Lv4）","","29"
"1726","陰陽・光吸符","陰陽術","威力：Ｂ（魔or器）　対象：敵全体　属性：聖　効果：HP吸収・聖弱体
聖なる力を持つ符で、ダメージを与えると同時に抵抗力を下げる","42:陰陽師（Lv10）","","0","15","0","阴阳・光吸符","阴阳术","威力：Ｂ（魔or器）　対象：敵全体　属性：聖　効果：HP吸収・聖弱体
持有神圣力量的符，给予伤害的同时降低抵抗力","42:阴阳师（Lv10）","","29"
"1727","陰陽・炎乱唱","陰陽術","威力：Ａ（魔or器）　対象：敵全体　属性：炎　効果：混乱・炎弱体
炎の力を持つ符で、ダメージを与えると同時に抵抗力を下げる","43:天地陰陽師（Lv2）","","0","20","0","阴阳・炎乱唱","阴阳术","威力：Ａ（魔or器）　対象：敵全体　属性：炎　効果：混乱・炎弱体
炎之力符，造成伤害的同时降低抵抗力","43:天地阴阳师（Lv2）","","29"
"1728","陰陽・氷夢唱","陰陽術","威力：Ａ（魔or器）　対象：敵全体　属性：氷　効果：睡眠・氷弱体
氷の力を持つ符で、ダメージを与えると同時に抵抗力を下げる","43:天地陰陽師（Lv4）","","0","20","0","阴阳・冰梦唱","阴阳术","威力：Ａ（魔or器）　対象：敵全体　属性：氷　効果：睡眠・氷弱体
冰之力符，造成伤害的同时降低抵抗力","43:天地阴阳师（Lv4）","","29"
"1729","陰陽・雷痺唱","陰陽術","威力：Ａ（魔or器）　対象：敵全体　属性：雷　効果：麻痺・雷弱体
雷の力を持つ符で、ダメージを与えると同時に抵抗力を下げる","43:天地陰陽師（Lv6）","","0","20","0","阴阳・雷痹唱","阴阳术","威力：Ａ（魔or器）　対象：敵全体　属性：雷　効果：麻痺・雷弱体
使用雷之力符，造成伤害的同时降低抵抗力","43:天地阴阳师（Lv6）","","29"
"1730","陰陽・闇貪唱","陰陽術","威力：Ｓ（魔or器）　対象：敵単体　属性：闇　効果：即死・闇弱体
闇の力を持つ符で、ダメージを与えると同時に抵抗力を下げる","43:天地陰陽師（Lv8）","","10%当前HP","12","0","阴阳・暗贪唱","阴阳术","威力：Ｓ（魔or器）　対象：敵単体　属性：闇　効果：即死・闇弱体
拥有暗之力的符，给予伤害的同时降低抵抗力","43:天地阴阳师（Lv8）","","29"
"1731","陰陽・落氷柱","陰陽術","威力：Ｄ（魔or器）　対象：敵単体　属性：氷　効果：フリーズ・氷弱体
陰陽の力で氷柱を生み出し、敵の頭上に落下させる","","167:亜人（Lv6）","0","5","0","阴阳・落冰柱","阴阳术","威力：Ｄ（魔or器）　対象：敵単体　属性：氷　効果：フリーズ・氷弱体
阴阳之力生成冰柱，从敌人头顶落下","","167:亚人（Lv6）","29"
"1732","陰陽・氷弾乱舞","陰陽術","威力：Ｂ（魔or器）　対象：敵単体　属性：氷　効果：フリーズ・氷弱体
陰陽の力で氷弾を生み出し、敵に乱舞させる","","168:妖怪（Lv6）","0","12","0","阴阳・冰弹乱舞","阴阳术","威力：Ｂ（魔or器）　対象：敵単体　属性：氷　効果：フリーズ・氷弱体
阴阳之力生成冰弹，对敌人进行乱舞攻击","","168:妖怪（Lv6）","29"
"1733","陰陽・妖乱氷撃","陰陽術","威力：Ｓ（魔or器）　対象：敵単体　属性：氷　効果：フリーズ・氷弱体
陰陽の力で巨大な氷塊を生み出し、敵を圧壊する","","169:妖神（Lv5）","0","25","0","阴阳・妖乱冰击","阴阳术","威力：Ｓ（魔or器）　対象：敵単体　属性：氷　効果：フリーズ・氷弱体
阴阳之力生成巨大的冰块，压碎敌人","","169:妖神（Lv5）","29"
"1734","陰陽・狐の嫁入り","陰陽術","威力：Ｄ（魔or器）　対象：敵全体　属性：土　効果：スタン・土弱体
陰陽の力で大地を揺るがし、敵を驚かす","","245:妖狐（Lv10）","0","5","0","阴阳・狐之嫁","阴阳术","威力：Ｄ（魔or器）　対象：敵全体　属性：土　効果：スタン・土弱体
阴阳之力撼动大地，使敌人惊慌失措","","245:妖狐（Lv10）","29"
"1735","陰陽・狐嵐","陰陽術","威力：Ｂ（魔or器）　対象：敵全体　属性：土　効果：混乱・土弱体
陰陽の力で土弾を噴出させ、敵を巻き込む","","246:中級妖狐（Lv10）","0","15","0","阴阳・狐岚","阴阳术","威力：Ｂ（魔or器）　対象：敵全体　属性：土　効果：混乱・土弱体
阴阳之力喷出土弹，卷入敌人","","246:中级妖狐（Lv10）","29"
"1736","陰陽・朧月夜","陰陽術","威力：Ａ（魔or器）　対象：敵全体　属性：風・土・水　効果：石化・土弱体
陰陽の力で大地を崩壊させ、敵を壊滅させる","","247:上級妖狐（Lv10）","0","20","0","阴阳・胧月夜","阴阳术","威力：Ａ（魔or器）　対象：敵全体　属性：風・土・水　効果：石化・土弱体
阴阳之力使大地崩塌，毁灭敌人","","247:上级妖狐（Lv10）","29"
"1737","陰陽・騒月","陰陽術","威力：Ｂ（魔or器）　対象：敵単体　属性：土　効果：土弱体
陰陽の力で大地を崩し、敵を埋もれさせる","","248:狐魔獣（Lv7）","0","10","0","阴阳・骚月","阴阳术","威力：Ｂ（魔or器）　対象：敵単体　属性：土　効果：土弱体
阴阳之力使大地崩裂，将敌人掩埋","","248:狐魔兽（Lv7）","29"
"1738","陰陽・畏月","陰陽術","威力：Ａ（魔or器）　対象：敵全体　属性：土　効果：土弱体
陰陽の力で大地を崩壊させ、敵を圧壊させる","","249:上級狐魔獣（Lv10）","0","20","0","阴阳・畏月","阴阳术","威力：Ａ（魔or器）　対象：敵全体　属性：土　効果：土弱体
阴阳之力使大地崩坏，将敌人压碎","","249:上级狐魔兽（Lv10）","29"
"1739","陰陽・月詠","陰陽術","威力：Ｓ（魔or器）　対象：敵全体　属性：テラ　効果：混乱・睡眠・土弱体
陰陽の力で大地を破裂させ、敵を呑み込む奥義","","252:九尾の狐（Lv6）","0","30","0","阴阳・月咏","阴阳术","威力：Ｓ（魔or器）　対象：敵全体　属性：テラ　効果：混乱・睡眠・土弱体
阴阳之力使大地破裂，将敌人吞噬的奥义","","252:九尾狐（Lv6）","29"
"1740","陰陽・魔祓陣","陰陽術","威力：Ａ（魔or器）　対象：敵単体　属性：銀河　効果：魔法カウンター発動
陰陽の式を打ち、魔法攻撃に対してカウンターを行う奥義","43:天地陰陽師（Lv10）","","0","16","0","阴阳・魔祓阵","阴阳术","威力：Ａ（魔or器）　対象：敵単体　属性：銀河　効果：魔法カウンター発動
打出阴阳之式，对魔法攻击进行反击的奥义","43:天地阴阳师（Lv10）","","29"
"1741","発動：陰陽・魔祓陣","陰陽術","ステート247","","","0","0","0","発動：陰陽・魔祓陣","阴阳术","ステート247","","","29"
"1742","陰陽・命活唱","陰陽術","対象：味方全体　効果：HP中回復
味方全体の体力を回復する癒しの符を使用する","","252:九尾の狐（Lv5）","0","10","0","阴阳・命活唱","阴阳术","対象：味方全体　効果：HP中回復
使用治愈的符，恢复我方全体的体力","","252:九尾狐（Lv5）","29"
"1743","霊禹歩","陰陽術","対象：使用者　効果：回避率小アップ・MPターン小回復
回避率がアップし、MPが徐々に回復していく陰陽の式","42:陰陽師（Lv8）","","0","5","0","灵禹步","阴阳术","対象：使用者　効果：回避率小アップ・MPターン小回復
回避率提升，MP逐渐恢复的阴阳之式","42:阴阳师（Lv8）","","29"
"1744","神禹歩","陰陽術","対象：使用者　効果：回避率中アップ・MPターン中回復
回避率が大アップし、MPが大きく回復していく陰陽の式","43:天地陰陽師（Lv8）","","0","10","0","神禹步","阴阳术","対象：使用者　効果：回避率中アップ・MPターン中回復
大幅提升回避率，MP大幅恢复的阴阳之式","43:天地阴阳师（Lv8）","","29"
"1745","飛禹歩","陰陽術","対象：使用者　効果：回避率小アップ・SPターン小回復
回避率がアップし、SPが徐々に回復していく陰陽の式","19:陰陽剣士（Lv6）","","0","0","2","飞禹步","阴阳术","対象：使用者　効果：回避率小アップ・SPターン小回復
回避率提升，SP逐渐恢复的阴阳之式","19:阴阳剑士（Lv6）","","29"
"1746","竜禹歩","陰陽術","対象：使用者　効果：回避率中アップ・SPターン中回復
回避率が大アップし、SPが大きく回復していく陰陽の式","20:九字剣神（Lv9）","","0","0","4","龙禹步","阴阳术","対象：使用者　効果：回避率中アップ・SPターン中回復
大幅提升回避率，SP大幅恢复的阴阳之式","20:九字剑神（Lv9）","","29"
"1747","絶禹歩","陰陽術","対象：使用者　効果：回避率・魔法回避率大アップ・MP・SPターン大回復
回避率が大アップし、MPとSPが大きく回復していく陰陽の式","7021:太極陰陽師（Lv3）","","0","15","0","绝禹步","阴阳术","対象：使用者　効果：回避率・魔法回避率大アップ・MP・SPターン大回復
大幅提升回避率，MP和SP大幅恢复的阴阳之式","7021:太极阴阳师（Lv3）","","29"
"1748","森羅反転","陰陽術","対象：使用者　効果：無効化反撃
2ターンの間、敵の自然感応を無効化し反撃する","7021:太極陰陽師（Lv9）","","0","10","0","森罗反转","阴阳术","対象：使用者　効果：無効化反撃
2回合内，使敌人的自然感应无效并反击","7021:太极阴阳师（Lv9）","","29"
"1751","盗む","盗賊技","対象：敵単体　効果：盗む
敵の持っているアイテムを盗む","62:シーフ（Lv2）","235:スピードビースト（Lv2）；274:ハーピー（Lv2）","0","0","0","偷窃","盗贼技","対象：敵単体　効果：盗む
偷窃敌人持有的物品","62:盗贼（Lv2）","235:速度兽（Lv2）；274:哈比（Lv2）","30"
"1752","ダブル盗む","盗賊技","対象：敵単体2回　効果：盗む
二度連続で敵からアイテムを盗む","","235:スピードビースト（Lv8）","0","0","1","双重偷窃","盗贼技","対象：敵単体2回　効果：盗む
连续两次从敌人那里偷窃物品","","235:速度兽（Lv8）","30"
"1753","乱れ盗む","盗賊技","対象：敵ランダム4回　効果：盗む
四回連続で敵からアイテムを乱れ盗む","","236:疾空の魔獣（Lv8）；275:ウィングハーピー（Lv10）","0","0","2","胡乱偷窃","盗贼技","対象：敵ランダム4回　効果：盗む
连续四次从敌人那里胡乱偷窃物品","","236:疾空魔兽（Lv8）；275:翼身哈比（Lv10）","30"
"1754","全体盗む","盗賊技","対象：敵全体　効果：盗む
全ての敵からアイテムを盗む","","281:クィーンハーピー（Lv9）","0","0","2","全体偷窃","盗贼技","対象：敵全体　効果：盗む
从所有敌人那里偷窃物品","","281:哈比女王（Lv9）","30"
"1755","ぶんどる","盗賊技","対象：敵単体　効果：盗む
攻撃すると同時にアイテムを盗む","63:マスターシーフ（Lv2）","235:スピードビースト（Lv9）；276:エルダーハーピー（Lv4）","0","0","0","抢夺","盗贼技","対象：敵単体　効果：盗む
攻击的同时偷窃物品","63:大师盗贼（Lv2）","235:速度兽（Lv9）；276:长老哈比（Lv4）","30"
"1756","食べ物を盗む","盗賊技","対象：敵単体　効果：盗む
敵の持っている食べ物を盗む","","274:ハーピー（Lv10）","0","0","0","偷窃食物","盗贼技","対象：敵単体　効果：盗む
偷窃敌人持有的食物","","274:哈比（Lv10）","30"
"1757","素材を盗む","盗賊技","対象：敵単体　効果：盗む
敵の持っている素材を盗む","","275:ウィングハーピー（Lv3）","0","0","0","偷窃素材","盗贼技","対象：敵単体　効果：盗む
偷窃敌人持有的素材","","275:翼身哈比（Lv3）","30"
"1758","心を盗む","盗賊技","対象：敵単体　効果：誘惑
敵の心を盗み、誘惑状態にする","","274:ハーピー（Lv5）","0","0","2","偷窃心灵","盗贼技","対象：敵単体　効果：誘惑
偷取敌人的心灵，使其陷入诱惑状态","","274:哈比（Lv5）","30"
"1759","ステータスを盗む","盗賊技","対象：敵単体　効果：盗む
敵から能力値を盗み、自分のものにする","","276:エルダーハーピー（Lv10）","0","0","12","偷窃状态","盗贼技","対象：敵単体　効果：盗む
从敌人那里偷取能力值，据为己有","","276:长老哈比（Lv10）","30"
"1760","HPを盗む","盗賊技","威力：Ｅ（器）　対象：敵単体　効果：HP吸収
敵からHPを盗み、自分のものにする","63:マスターシーフ（Lv6）","","0","0","2","偷窃HP","盗贼技","威力：Ｅ（器）　対象：敵単体　効果：HP吸収
从敌人那里偷取HP，据为己有","63:大师盗贼（Lv6）","","30"
"1761","MPを盗む","盗賊技","対象：敵単体　効果：MP吸収
敵からMPを盗み、自分のものにする","64:トリックスター（Lv6）","","0","0","4","偷窃MP","盗贼技","対象：敵単体　効果：MP吸収
从敌人那里偷取MP，据为己有","64:诡计之星（Lv6）","","30"
"1762","SPを盗む","盗賊技","対象：敵単体　効果：SP吸収
敵からSPを盗み、自分のものにする","64:トリックスター（Lv6）","236:疾空の魔獣（Lv7）；276:エルダーハーピー（Lv7）","0","0","2","偷窃SP","盗贼技","対象：敵単体　効果：SP吸収
从敌人那里偷取SP，据为己有","64:诡计之星（Lv6）","236:疾空魔兽（Lv7）；276:长老哈比（Lv7）","30"
"1763","盗賊の証","盗賊技","威力：可変（器or速）　対象：敵単体　効果：全能力ダウン
盗賊の極技を敵へと刻む込む一撃、盗んだ回数で威力アップ","64:トリックスター（Lv10）","","0","0","8","盗贼的证明","盗贼技","威力：可変（器or速）　対象：敵単体　効果：全能力ダウン
盗贼的绝技刻入敌人的一击，偷取次数越多威力提升","64:诡计之星（Lv10）","","30"
"1764","とんずら","盗賊技","対象：パーティ全体　効果：逃走
特殊な戦闘以外、100%の成功率で戦闘から逃走する","62:シーフ（Lv7）","235:スピードビースト（Lv4）；274:ハーピー（Lv9）","0","0","1","逃跑","盗贼技","対象：パーティ全体　効果：逃走
在特殊战斗以外，100%成功率从战斗中逃跑","62:盗贼（Lv7）","235:速度兽（Lv4）；274:哈比（Lv9）","30"
"1765","絶対盗む","盗賊技","対象：敵単体　効果：盗む
MPとSPを全消費し、敵の持っているアイテムを確実に盗む","7029:盗神（Lv14）","","0","100%最大MP","100%最大SP","绝对偷窃","盗贼技","対象：敵単体　効果：盗む
消耗全部MP和SP，必定偷窃敌人持有的物品","7029:盗神（Lv14）","","30"
"1766","真・盗賊の証","盗賊技","威力：可変（器or速）　対象：敵全体　効果：全能力ダウン
盗賊の極技を敵集団に見舞う奥義、盗んだ回数で威力アップ","7029:盗神（Lv11）","","0","0","12","真・盗贼的证明","盗贼技","威力：可変（器or速）　対象：敵全体　効果：全能力ダウン
盗贼的绝技对敌人群施展的奥义，偷取次数越多威力提升","7029:盗神（Lv11）","","30"
"1778","忍法・火遁","忍術","威力：Ｃ（力or器）　対象：敵全体　属性：炎
忍術で業火を呼び、周囲を薙ぎ払う","65:忍者（Lv2）","189:シノビヴァンパイア（Lv2）","0","0","5","忍法・火遁","忍术","威力：Ｃ（力or器）　対象：敵全体　属性：炎
忍术召唤业火，扫荡周围","65:忍者（Lv2）","189:忍者吸血鬼（Lv2）","31"
"1779","忍法・水遁","忍術","威力：Ｃ（力or器）　対象：敵全体　属性：水
忍術で水流を呼び、敵を押し流す","65:忍者（Lv5）","","0","0","5","忍法・水遁","忍术","威力：Ｃ（力or器）　対象：敵全体　属性：水
忍术召唤水流，冲走敌人","65:忍者（Lv5）","","31"
"1780","忍法・雷迅","忍術","威力：Ｃ（力or器）　対象：敵全体　属性：雷
忍術で電流を発生させ、敵を感電させる","65:忍者（Lv10）","","0","0","5","忍法・雷迅","忍术","威力：Ｃ（力or器）　対象：敵全体　属性：雷
忍术产生电流，使敌人感电","65:忍者（Lv10）","","31"
"1781","忍法・風車","忍術","威力：Ｃ（力or器）　対象：敵全体　属性：風
忍術で突風を呼び、周囲を薙ぎ払う","","189:シノビヴァンパイア（Lv4）","0","0","5","忍法・风车","忍术","威力：Ｃ（力or器）　対象：敵全体　属性：風
忍术召唤突风，扫荡周围","","189:忍者吸血鬼（Lv4）","31"
"1782","忍法・土崩","忍術","威力：Ｃ（力or器）　対象：敵全体　属性：土
忍術で落石を呼び、周囲を埋め尽くす","","189:シノビヴァンパイア（Lv6）","0","0","5","忍法・土崩","忍术","威力：Ｃ（力or器）　対象：敵全体　属性：土
忍术召唤落石，将周围埋没","","189:忍者吸血鬼（Lv6）","31"
"1783","忍法・氷竜","忍術","威力：Ｃ（力or器）　対象：敵全体　属性：氷
忍術で氷塊を呼び、周囲を凍てつかせる","","189:シノビヴァンパイア（Lv10）","0","0","5","忍法・冰龙","忍术","威力：Ｃ（力or器）　対象：敵全体　属性：氷
忍术召唤冰块，将周围冻结","","189:忍者吸血鬼（Lv10）","31"
"1784","忍法・毒嵐","忍術","威力：Ｃ（力or器）　対象：敵全体　属性：バイオ
忍術で毒の嵐を呼び、周囲を毒で冒す","","189:シノビヴァンパイア（Lv8）","0","0","5","忍法・毒岚","忍术","威力：Ｃ（力or器）　対象：敵全体　属性：バイオ
忍术召唤毒岚，用毒气笼罩周围","","189:忍者吸血鬼（Lv8）","31"
"1785","忍法・影縫い","忍術","威力：Ｃ（力or器）　対象：敵単体　効果：麻痺
敵の影に刃を突き刺し、動きを封じる忍術","","189:シノビヴァンパイア（Lv2）","0","0","4","忍法・影缝","忍术","威力：Ｃ（力or器）　対象：敵単体　効果：麻痺
将刀刃刺入敌人的影子，封锁其行动的忍术","","189:忍者吸血鬼（Lv2）","31"
"1786","忍法・散り桜","忍術","威力：Ｓ（力or器）　対象：敵単体　効果：即死
敵の急所を刺し貫き、命を散らせる忍の技","66:極忍（Lv2）","","0","0","10","忍法・散樱","忍术","威力：Ｓ（力or器）　対象：敵単体　効果：即死
刺穿敌人的要害，使其生命消散的忍术","66:极忍（Lv2）","","31"
"1787","忍奥義・火遁焔舞","忍術","威力：Ａ（力or器）　対象：敵全体　属性：炎
忍術で業火を呼び出し、敵全体を焼き払う奥義","","190:クノイチナイトメア（Lv2）","0","0","8","忍奥义・火遁焰舞","忍术","威力：Ａ（力or器）　対象：敵全体　属性：炎
忍术召唤业火，将全体敌人焚烧的奥义","","190:女忍噩梦（Lv2）","31"
"1788","忍奥義・水遁豪流","忍術","威力：Ａ（力or器）　対象：敵全体　属性：水
忍術で豪流を呼び出し、敵全体を押し流す奥義","","190:クノイチナイトメア（Lv4）","0","0","8","忍奥义・水遁豪流","忍术","威力：Ａ（力or器）　対象：敵全体　属性：水
忍术召唤豪流，将全体敌人冲走的奥义","","190:女忍噩梦（Lv4）","31"
"1789","忍奥義・雷迅白夜","忍術","威力：Ａ（力or器）　対象：敵全体　属性：雷
忍術で落雷を連続させ、敵全体を討ち滅ぼす奥義","","190:クノイチナイトメア（Lv6）","0","0","8","忍奥义・雷迅白夜","忍术","威力：Ａ（力or器）　対象：敵全体　属性：雷
忍术连续召唤落雷，将全体敌人消灭的奥义","","190:女忍噩梦（Lv6）","31"
"1790","忍奥義・瞬影殺","忍術","威力：Ｓ（力or器）　対象：敵ランダム4回　効果：即死
影さえ残さない身のこなしで乱撃を繰り出す忍奥義","","190:クノイチナイトメア（Lv8）","0","0","10","忍奥义・瞬影杀","忍术","威力：Ｓ（力or器）　対象：敵ランダム4回　効果：即死
不留影子的身法，连续发动乱击的忍奥义","","190:女忍噩梦（Lv8）","31"
"1791","忍奥義・闇裂","忍術","威力：Ｓ（力or器）　対象：敵単体　属性：闇
闇の力を宿した刃で敵を斬り裂く忍奥義","","190:クノイチナイトメア（Lv10）","10%当前HP","0","5","忍奥义・暗裂","忍术","威力：Ｓ（力or器）　対象：敵単体　属性：闇
以蕴含黑暗力量的刀刃斩裂敌人的忍奥义","","190:女忍噩梦（Lv10）","31"
"1792","忍奥義・五行烈風陣","忍術","威力：Ａ（力or器）　対象：敵全体　属性：炎・風・土・水
忍術で自然の力を解放し、吹きすさぶ烈風を呼ぶ忍奥義","66:極忍（Lv5）","","0","0","8","忍奥义・五行烈风阵","忍术","威力：Ａ（力or器）　対象：敵全体　属性：炎・風・土・水
以忍术解放自然之力，召唤狂暴烈风的忍奥义","66:极忍（Lv5）","","31"
"1793","忍奥義・乱れ螺旋殺","忍術","威力：Ｓ（力or器）　対象：敵ランダム6回
敵の周囲を疾走し、印を込めた斬撃を繰り出す忍奥義","66:極忍（Lv10）","","0","0","10","忍奥义・乱螺旋杀","忍术","威力：Ｓ（力or器）　対象：敵ランダム6回
在敌人周围疾走，施展蕴含印记的斩击的忍奥义","66:极忍（Lv10）","","31"
"1794","狐忍法・ぐるぐる車輪","忍術","威力：Ｅ（力or器）　対象：敵全体
ぐるぐる回転しながら突進する狐族の初歩忍術","","245:妖狐（Lv8）","0","0","3","狐忍法・转啊转车轮","忍术","威力：Ｅ（力or器）　対象：敵全体
一边咕噜咕噜旋转一边突进的狐族基础忍术","","245:妖狐（Lv8）","31"
"1795","狐忍法・回転鬼火","忍術","威力：Ｂ（力or器）　対象：敵全体　属性：炎
回転する炎弾で敵を攻撃する狐族の忍術","","246:中級妖狐（Lv7）","0","0","6","狐忍法・旋转鬼火","忍术","威力：Ｂ（力or器）　対象：敵全体　属性：炎
以旋转的火焰弹攻击敌人的狐族忍术","","246:中级妖狐（Lv7）","31"
"1796","狐忍法・轟炎輪","忍術","威力：Ａ（力or器）　対象：敵全体　属性：炎
業火の輪で敵を焼き払う狐族の上級忍術","","247:上級妖狐（Lv7）","0","0","8","狐忍法・轰炎轮","忍术","威力：Ａ（力or器）　対象：敵全体　属性：炎
用业火之轮将敌人烧尽的狐族高级忍术","","247:上级妖狐（Lv7）","31"
"1797","禁術・三華散夜","忍術","威力：Ｓ（力or器）　対象：敵全体　属性：炎・雷・水
火遁、水遁、雷迅を同時に使用する禁断の忍術","","192:クィーンヴァンパイア（Lv5）","0","0","12","禁术・三华散夜","忍术","威力：Ｓ（力or器）　対象：敵全体　属性：炎・雷・水
同时使用火遁、水遁、雷迅的禁断忍术","","192:吸血鬼女王（Lv5）","31"
"1798","禁術・九尾烈葬","忍術","威力：Ｓ（力or器）　対象：敵全体　属性：核熱　効果：麻痺・バーン
九尾の力を解放し、敵を焼き払う禁断の忍術","","252:九尾の狐（Lv10）","0","0","12","禁术・九尾烈葬","忍术","威力：Ｓ（力or器）　対象：敵全体　属性：核熱　効果：麻痺・バーン
解放九尾之力，将敌人烧尽的禁断忍术","","252:九尾狐（Lv10）","31"
"1799","虚術・火遁爆熱","忍術","威力：ＳＳ（力or器）　対象：敵全体　属性：核熱
忍術で核熱の炎を呼び出し、敵全体を焼き払う混沌奥義","7030:忍神（Lv2）","","0","0","17","虚术・火遁爆热","忍术","威力：ＳＳ（力or器）　対象：敵全体　属性：核熱
忍术召唤核热之炎，焚烧全体敌人的混沌奥义","7030:忍神（Lv2）","","31"
"1800","淫技・乱れ魔蜘蛛","忍術","威力：Ｓ（力or器）　対象：敵ランダム6回　属性：快楽　効果：敏感
掌で艶めかしく性器を愛撫するくのいちの淫技","67:淫流くのいち（Lv2）","","0","0","10","淫技・乱魔蜘蛛","忍术","威力：Ｓ（力or器）　対象：敵ランダム6回　属性：快楽　効果：敏感
用掌心妖艳地爱抚性器的女忍淫技","67:淫流女忍（Lv2）","","31"
"1801","淫技・夜の大蛇","忍術","威力：Ａ（力or器）　対象：敵単体3回　属性：快楽　効果：ヌルヌル
口でねっとりと性器を舐め回すくのいちの淫技","67:淫流くのいち（Lv4）","190:クノイチナイトメア（Lv5）","0","0","7","淫技・夜之大蛇","忍术","威力：Ａ（力or器）　対象：敵単体3回　属性：快楽　効果：ヌルヌル
用口舌缠绵地舔舐性器的女忍淫技","67:淫流女忍（Lv4）","190:女忍噩梦（Lv5）","31"
"1802","淫技・乳包楽","忍術","威力：Ａ（力or器）　対象：敵全体　属性：快楽　効果：恍惚
豊満な胸で性器を愛撫するくのいちの淫技","67:淫流くのいち（Lv6）","","0","0","8","淫技・乳包乐","忍术","威力：Ａ（力or器）　対象：敵全体　属性：快楽　効果：恍惚
用丰满的胸部爱抚性器的女忍淫技","67:淫流女忍（Lv6）","","31"
"1803","淫技・足舞","忍術","威力：Ｂ（力or器）　対象：敵ランダム3回　属性：物理・快楽
器用な足で性器を弄びくのいちの淫技","67:淫流くのいち（Lv8）","","0","0","7","淫技・足舞","忍术","威力：Ｂ（力or器）　対象：敵ランダム3回　属性：物理・快楽
用灵巧的脚玩弄性器的女忍淫技","67:淫流女忍（Lv8）","","31"
"1804","絶技・筒涸らし","忍術","威力：Ｓ（力or器）　対象：敵単体　属性：快楽　効果：絶頂・拘束・HP吸収
相手を犯し、精を搾り取るくのいちの奥義","67:淫流くのいち（Lv10）","190:クノイチナイトメア（Lv10）","0","0","10","绝技・筒涸","忍术","威力：Ｓ（力or器）　対象：敵単体　属性：快楽　効果：絶頂・拘束・HP吸収
侵犯对手，榨取精液的女忍奥义","67:淫流女忍（Lv10）","190:女忍噩梦（Lv10）","31"
"1805","忍法・癒波","忍術","対象：味方全員　効果：HP小回復
癒しの忍術で味方全体を小回復させる","","189:シノビヴァンパイア（Lv7）","0","0","3","忍法・愈波","忍术","対象：味方全員　効果：HP小回復
用治愈忍术小回复我方全体","","189:忍者吸血鬼（Lv7）","31"
"1806","忍法・分身の術","忍術","対象：使用者　効果：回避率大アップ
分身の忍術で、敵の攻撃を当たりにくくする","65:忍者（Lv4）","","0","0","2","忍法・分身之术","忍术","対象：使用者　効果：回避率大アップ
通过分身忍术，使敌人的攻击难以命中","65:忍者（Lv4）","","31"
"1807","忍法・煙幕隠れ","忍術","対象：パーティ全体　効果：逃走
煙幕を張り、特殊戦闘以外は100%の確率で逃走する","65:忍者（Lv7）","189:シノビヴァンパイア（Lv7）","0","0","1","忍法・烟幕隐匿","忍术","対象：パーティ全体　効果：逃走
张开烟幕，除了特殊战斗外，100%概率逃走","65:忍者（Lv7）","189:忍者吸血鬼（Lv7）","31"
"1808","忍法・くのいちの極み","忍術","対象：使用者　効果：全攻撃に快楽属性付加・快楽耐性アップ
10ターンの間、全攻撃に快楽属性が付加する奥義","7030:忍神（Lv8）","","0","0","5","忍法・女忍的极致","忍术","対象：使用者　効果：全攻撃に快楽属性付加・快楽耐性アップ
10回合内，所有攻击附加快乐属性","7030:忍神（Lv8）","","31"
"1809","忍法・やまびこの術","忍術","対象：使用者　効果：「忍術」連続発動・SP自動回復
3ターンの間忍術が連続発動する奥義","","","0","0","4","忍法・回声之术","忍术","対象：使用者　効果：「忍術」連続発動・SP自動回復
3回合内忍术连续发动","","","31"
"1810","忍奥義・古術封じ","忍術","対象：使用者　効果：無効化反撃
2ターンの間、敵の刀技・陰陽術・忍術を無効化し反撃する","7030:忍神（Lv9）","","0","0","4","忍奥义・古术封印","忍术","対象：使用者　効果：無効化反撃
2回合内，敌人的刀技・阴阳术・忍术无效化并反击","7030:忍神（Lv9）","","31"
"1813","切り刻み","海賊技","威力：Ｂ（力or器or速）　対象：敵単体3回
刃で豪快に敵を切り刻む海賊技","68:海賊（Lv2）","","0","0","5","切割","海盗技","威力：Ｂ（力or器or速）　対象：敵単体3回
用刀豪快地切割敌人的海贼技","68:海贼（Lv2）","","32"
"1814","血祭り","海賊技","威力：Ｂ（力or器or速）　対象：敵ランダム3回
容赦のない乱撃で敵を叩き伏せる海賊技","68:海賊（Lv10）","","0","0","5","血祭","海盗技","威力：Ｂ（力or器or速）　対象：敵ランダム3回
毫不留情的乱击将敌人击倒的海贼技","68:海贼（Lv10）","","32"
"1815","海兵流・滝割り","海賊技","威力：Ｃ（力or器or速）　対象：敵単体　属性：水
海兵が会得している、滝を両断する剣技","75:海兵（Lv2）","","0","0","4","海兵流・瀑割","海盗技","威力：Ｃ（力or器or速）　対象：敵単体　属性：水
海兵掌握的，能斩断瀑布的剑技","75:海兵（Lv2）","","32"
"1816","海兵乱舞","海賊技","威力：Ｂ（力or器or速）　対象：敵単体4回
敵に刃の雨を浴びせる海兵直伝の剣技","75:海兵（Lv10）","","0","0","5","海兵乱舞","海盗技","威力：Ｂ（力or器or速）　対象：敵単体4回
向敌人倾泻刀雨的海兵直传剑技","75:海兵（Lv10）","","32"
"1817","メロウスラッシュ","海賊技","威力：Ｂ（力or器or速）　対象：敵単体　属性：水
水の魔力を伴う刃での一撃","","197:海賊マーメイド（Lv2）","0","0","5","人鱼斩","海盗技","威力：Ｂ（力or器or速）　対象：敵単体　属性：水
带有水之魔力的刀的一击","","197:海贼人鱼（Lv2）","32"
"1818","マーメイドハント","海賊技","威力：Ｃ（力or器or速）　対象：敵単体　効果：人魚特攻
海賊が編み出した、人魚に対して効果の高い攻撃","68:海賊（Lv4）","","0","0","4","人鱼狩猎","海盗技","威力：Ｃ（力or器or速）　対象：敵単体　効果：人魚特攻
海贼编制的，对人鱼效果显著的攻击","68:海贼（Lv4）","","32"
"1819","オーシャンスレイヤー","海賊技","威力：Ｃ（力or器or速）　対象：敵単体　効果：海棲種特攻
海賊が編み出した、海洋生物に対して効果の高い攻撃","75:海兵（Lv4）","","0","0","4","海洋猎手","海盗技","威力：Ｃ（力or器or速）　対象：敵単体　効果：海棲種特攻
海贼编制的，对海洋生物效果显著的攻击","75:海兵（Lv4）","","32"
"1820","略奪","海賊技","威力：Ｄ（力or器or速）　対象：敵単体　効果：盗む
攻撃と同時にアイテムを盗む","68:海賊（Lv6）","197:海賊マーメイド（Lv7）","0","0","3","掠夺","海盗技","威力：Ｄ（力or器or速）　対象：敵単体　効果：盗む
攻击的同时偷窃物品","68:海贼（Lv6）","197:海贼人鱼（Lv7）","32"
"1821","まとめて略奪","海賊技","威力：Ｂ（力or器or速）　対象：敵全体　効果：盗む
敵全体に攻撃し、同時にアイテムを盗む","","198:海賊王ローレライ（Lv6）","0","0","6","全部掠夺","海盗技","威力：Ｂ（力or器or速）　対象：敵全体　効果：盗む
攻击全体敌人，同时盗取物品","","198:海贼王罗蕾莱（Lv6）","32"
"1822","凪拳","海賊技","威力：Ｂ（力or器or速）　対象：敵単体　属性：風
風の刃で敵を裂く海賊特有の格闘術","68:海賊（Lv8）","","0","0","5","凪拳","海盗技","威力：Ｂ（力or器or速）　対象：敵単体　属性：風
用風刃撕裂敌人的海贼特有的格斗术","68:海贼（Lv8）","","32"
"1823","四連凪刃","海賊技","威力：Ｓ（力or器or速）　対象：敵単体4回　属性：風
風の刃を四連続で発生させる海賊の格闘奥義","69:海賊王（Lv8）","","0","0","10","四连凪刃","海盗技","威力：Ｓ（力or器or速）　対象：敵単体4回　属性：風
连续四次生成風刃的海贼格斗奥义","69:海贼王（Lv8）","","32"
"1824","水破","海賊技","威力：Ｂ（力or器or速）　対象：敵単体　属性：水
水撃を敵に叩き込む海兵特有の格闘術","75:海兵（Lv8）","","0","0","5","水破","海盗技","威力：Ｂ（力or器or速）　対象：敵単体　属性：水
用拳头将水击打入敌人的海兵特有的格斗术","75:海兵（Lv8）","","32"
"1825","四鳴水破","海賊技","威力：Ｓ（力or器or速）　対象：敵単体4回　属性：水
水撃を四連続で発生させる海兵の格闘奥義","76:海軍大将（Lv8）","","0","0","10","四鸣水破","海盗技","威力：Ｓ（力or器or速）　対象：敵単体4回　属性：水
连续四次生成水击的海兵格斗奥义","76:海军大将（Lv8）","","32"
"1826","七海覇斬","海賊技","威力：Ａ（力or器or速）　対象：敵全体
押し寄せる波のごとく敵を切り払う海賊王の剣技","69:海賊王（Lv2）","198:海賊王ローレライ（Lv7）","0","0","8","七海霸斩","海盗技","威力：Ａ（力or器or速）　対象：敵全体
如涌来的波浪般斩杀敌人的海贼王剑技","69:海贼王（Lv2）","198:海贼王罗蕾莱（Lv7）","32"
"1827","八艘跳び","海賊技","威力：Ｓ（力or器or速）　対象：敵全体8回
舞うように船上を跳び、連撃を繰り出す海賊王の奥義","69:海賊王（Lv10）","","0","0","12","八艘跳","海盗技","威力：Ｓ（力or器or速）　対象：敵全体8回
如舞蹈般在船上跳跃，连续发动攻击的海贼王奥义","69:海贼王（Lv10）","","32"
"1828","剛刀・水走り","海賊技","威力：Ａ（力or器or速）　対象：敵全体　属性：水
水面を駆けながら刃を振るう海軍大将の豪快な剣技","76:海軍大将（Lv2）","","0","0","8","刚刀・水行走","海盗技","威力：Ａ（力or器or速）　対象：敵全体　属性：水
在水面上疾驰的同时挥舞刀刃的海军大将豪迈剑技","76:海军大将（Lv2）","","32"
"1829","大将剛乱舞","海賊技","威力：Ｓ（力or器or速）　対象：敵単体4回
剛力と刃の鋭さを両立させ、敵を乱れ斬る海軍大将の奥義","76:海軍大将（Lv10）","","0","0","10","大将刚乱舞","海盗技","威力：Ｓ（力or器or速）　対象：敵単体4回
兼具刚力和锋利刀刃，将敌人乱斩的海军大将奥义","76:海军大将（Lv10）","","32"
"1830","ローレライダラー","海賊技","威力：Ｓ（力or器or速）　対象：敵ランダム4回　属性：炎
炎をまとった刃で乱れ斬る、海賊女王の秘奥義","","198:海賊王ローレライ（Lv10）","0","0","10","罗蕾莱金元","海盗技","威力：Ｓ（力or器or速）　対象：敵ランダム4回　属性：炎
以缠绕火焰的刀刃乱斩，海贼女王的秘奥义","","198:海贼王罗蕾莱（Lv10）","32"
"1831","ハリケーン","海賊技","威力：Ｃ（魔or器）　対象：敵全体　属性：風・水
海賊人魚の魔力で暴風雨を発生させる技","","197:海賊マーメイド（Lv10）","0","10","0","飓风","海盗技","威力：Ｃ（魔or器）　対象：敵全体　属性：風・水
海贼人鱼的魔力引发暴风雨的技能","","197:海贼人鱼（Lv10）","32"
"1832","コーラルレイン","海賊技","威力：Ａ（魔or器）　対象：敵全体　属性：風・水
海賊人魚の魔力で凄まじい嵐を発生させる奥義","","198:海賊王ローレライ（Lv2）","0","20","0","珊瑚雨","海盗技","威力：Ａ（魔or器）　対象：敵全体　属性：風・水
海贼人鱼的魔力引发恐怖风暴的奥义","","198:海贼王罗蕾莱（Lv2）","32"
"1833","支援砲撃","海賊技","威力：Ｂ（力or器or速）　対象：敵ランダム4回　効果：毎ターン発動
海賊船からの砲撃を要請し、3ターン砲弾が降り注ぐ","68:海賊（Lv7）；75:海兵（Lv7）","","0","0","5","支援炮击","海盗技","威力：Ｂ（力or器or速）　対象：敵ランダム4回　効果：毎ターン発動
请求海贼船的炮击，3回合内炮弹如雨般倾泻","68:海贼（Lv7）；75:海兵（Lv7）","","32"
"1834","カイザーフリート","海賊技","威力：Ｓ（力or器or速）　対象：敵ランダム4回　属性：炎
海賊王の率いる船団から砲弾が降り注ぎ、5ターン持続","69:海賊王（Lv7）","","0","0","12","凯撒舰队","海盗技","威力：Ｓ（力or器or速）　対象：敵ランダム4回　属性：炎
海贼王的船团发射的炮弹如雨般倾泻而下，持续5回合","69:海贼王（Lv7）","","32"
"1835","無敵艦隊一斉砲撃","海賊技","威力：Ｓ（力or器or速）　対象：敵ランダム4回　属性：炎
海軍の無敵艦隊から砲弾が降り注ぎ、5ターン持続","76:海軍大将（Lv7）","","0","0","12","无敌舰队齐射","海盗技","威力：Ｓ（力or器or速）　対象：敵ランダム4回　属性：炎
海军无敌舰队发射的炮弹如雨般倾泻而下，持续5回合","76:海军大将（Lv7）","","32"
"1836","人魚大砲","海賊技","威力：Ｂ（力or器or速）　対象：敵全体　属性：炎
配下の人魚を大砲に詰め込み、砲弾として発射する","","197:海賊マーメイド（Lv6）","0","0","5","人鱼大炮","海盗技","威力：Ｂ（力or器or速）　対象：敵全体　属性：炎
将手下的人鱼塞进大炮，作为炮弹发射","","197:海贼人鱼（Lv6）","32"
"1837","禁断兵器・核熱砲撃","海賊技","威力：ＳＳ（力or器or速）　対象：敵ランダム4回　属性：修羅・核熱
禁断の戦術核砲弾を使用し陸地を焦土に変える、5ターン持続","7031:七海覇王（Lv5）","","0","0","17","禁断兵灵・核热炮击","海盗技","威力：ＳＳ（力or器or速）　対象：敵ランダム4回　属性：修羅・核熱
使用禁断的战术核炮弹，将陆地化为焦土，持续5回合","7031:七海霸王（Lv5）","","32"
"1838","海守の刃","海賊技","対象：使用者　効果：無効化反撃
2ターンの間、敵の海賊技・海技を無効化し反撃する","7031:七海覇王（Lv6）","","0","0","4","海守之刃","海盗技","対象：使用者　効果：無効化反撃
2回合内，使敌人的海贼技・海技无效化并反击","7031:七海霸王（Lv6）","","32"
"1842","正義のファイヤーパンチ","ヒーロー技","威力：Ｂ（力）　対象：敵単体　属性：炎
炎をまとった正義のパンチ","77:正義のヒーロー（Lv3）","","0","0","2","正义的火拳","英雄技","威力：Ｂ（力）　対象：敵単体　属性：炎
缠绕火焰的正义之拳","77:正义的英雄（Lv3）","","33"
"1843","正義のブリザードナックル","ヒーロー技","威力：Ｂ（力）　対象：敵単体3回　属性：氷
氷をまとった正義の連撃","77:正義のヒーロー（Lv5）","","0","0","2","正义的暴雪指虎","英雄技","威力：Ｂ（力）　対象：敵単体3回　属性：氷
缠绕冰的正义连击","77:正义的英雄（Lv5）","","33"
"1844","正義のサンダーキック","ヒーロー技","威力：Ｂ（力）　対象：敵単体　属性：雷
雷をまとった正義のキック","77:正義のヒーロー（Lv7）","","0","0","2","正义的雷霆踢","英雄技","威力：Ｂ（力）　対象：敵単体　属性：雷
缠绕雷电的正义之踢","77:正义的英雄（Lv7）","","33"
"1845","ヒーロー乱舞","ヒーロー技","威力：Ａ（力）　対象：敵単体4回
正義の魂を込めた、殴る蹴るの暴行","77:正義のヒーロー（Lv10）","","0","0","4","英雄乱舞","英雄技","威力：Ａ（力）　対象：敵単体4回
注入正义之魂的拳打脚踢暴行","77:正义的英雄（Lv10）","","33"
"1846","カイザーキック","ヒーロー技","威力：ＳＳ（力）　対象：敵単体
悪を憎む信念の蹴り","78:ジャスティスカイザー（Lv2）","","0","0","7","凯撒踢","英雄技","威力：ＳＳ（力）　対象：敵単体
憎恶邪恶的信念之踢","78:正义凯撒（Lv2）","","33"
"1847","カイザーファイナルソード","ヒーロー技","威力：ＳＳ（力）　対象：敵全体
正義を貫く魂の一閃","78:ジャスティスカイザー（Lv7）","","0","0","8","凯撒最终剑","英雄技","威力：ＳＳ（力）　対象：敵全体
贯穿正义的灵魂一闪","78:正义凯撒（Lv7）","","33"
"1848","カイザークライマックスキック","ヒーロー技","威力：ＳＳＳ（力）　対象：敵単体
悪を滅ぼす最後のキック","78:ジャスティスカイザー（Lv10）","","0","0","9","凯撒高潮踢","英雄技","威力：ＳＳＳ（力）　対象：敵単体
消灭邪恶的最后一踢","78:正义凯撒（Lv10）","","33"
"1849","ヒーローガッツ","ヒーロー技","対象：使用者　効果：HP大回復
正義のパワーで体力を回復","77:正義のヒーロー（Lv8）","","0","0","1","英雄勇气","英雄技","対象：使用者　効果：HP大回復
用正义的力量恢复体力","77:正义的英雄（Lv8）","","33"
"1850","カイザーリフレイン","ヒーロー技","対象：使用者　効果：HP全回復
正義の魂が肉体を大きく癒やす","78:ジャスティスカイザー（Lv8）","","0","0","2","凯撒迭歌","英雄技","対象：使用者　効果：HP全回復
正义的灵魂大大治愈肉体","78:正义凯撒（Lv8）","","33"
"1851","カイザーバリア","ヒーロー技","対象：使用者　効果：ディフレクト2回
正義のバリアであらゆる攻撃を防ぐ","78:ジャスティスカイザー（Lv5）","","0","0","4","凯撒屏障","英雄技","対象：使用者　効果：ディフレクト2回
用正义的屏障防御所有攻击","78:正义凯撒（Lv5）","","33"
"1852","マジカルスター","ヒーロー技","威力：Ｂ（魔）　対象：敵単体　属性：銀河
星の魔力で悪を討つ","49:魔法少女（Lv3）","","0","6","0","魔力之星","英雄技","威力：Ｂ（魔）　対象：敵単体　属性：銀河
用星辰的魔力讨伐邪恶","49:魔法少女（Lv3）","","33"
"1853","マジカルオーラ","ヒーロー技","威力：Ｂ（魔）　対象：敵全体　属性：銀河
生命の波動で邪悪を倒す","49:魔法少女（Lv7）","","0","8","0","魔力光环","英雄技","威力：Ｂ（魔）　対象：敵全体　属性：銀河
用生命的波动击倒邪恶","49:魔法少女（Lv7）","","33"
"1854","マジカルヒール","ヒーロー技","対象：味方全体　効果：HP中回復・軽状態異常回復
汚れなき祈りが癒しをもたらす","49:魔法少女（Lv5）","","0","10","0","魔力治愈","英雄技","対象：味方全体　効果：HP中回復・軽状態異常回復
无垢的祈祷带来治愈","49:魔法少女（Lv5）","","33"
"1855","円環の理","ヒーロー技","対象：使用者　効果：自動蘇生
円環の理に導かれ再生する奥義","49:魔法少女（Lv10）","","0","15","0","圆环之理","英雄技","対象：使用者　効果：自動蘇生
被圆环之理引导再生的奥义","49:魔法少女（Lv10）","","33"
"1856","アルティメット円環の理","ヒーロー技","対象：味方全体　効果：戦闘不能時復活
円環の理に導かれ全員が再生する奥義","7024:アルティメット魔法少女（Lv5）","","0","55","0","究极圆环之理","英雄技","対象：味方全体　効果：戦闘不能時復活
被圆环之理引导全员再生的奥义","7024:究极魔法少女（Lv5）","","33"
"1857","エクセルラッシュ","ヒーロー技","威力：Ｚ（力）　対象：敵ランダム4回　属性：修羅
無限の力で乱撃を繰り出す","7032:エクセルシオール（Lv2）","","0","0","15","破界突击","英雄技","威力：Ｚ（力）　対象：敵ランダム4回　属性：修羅
以无限之力发动乱击","7032:破界英雄（Lv2）","","33"
"1858","エクセルジエンド","ヒーロー技","威力：ＺＺ（力）　対象：敵単体　属性：修羅・核熱
無限の力で悪を滅ぼす","7032:エクセルシオール（Lv10）","","0","0","20","破界终结","英雄技","威力：ＺＺ（力）　対象：敵単体　属性：修羅・核熱
以无限之力消灭邪恶","7032:破界英雄（Lv10）","","33"
"1859","エクセルシオール","ヒーロー技","威力：ＺＺ（力）　対象：敵全体　属性：修羅・核熱・永劫・銀河
常に向上せよ！","7032:エクセルシオール（Lv15）","","0","0","25","破界英雄","英雄技","威力：ＺＺ（力）　対象：敵全体　属性：修羅・核熱・永劫・銀河
常に向上せよ！","7032:破界英雄（Lv15）","","33"
"1860","ラブ☆メテオ","ヒーロー技","威力：Ｓ（魔or速or器）　対象：敵全体　属性：快楽
愛のオーラで出来た隕石で、快楽ダメージを与える奥義","","","0","20","0","爱☆陨石","英雄技","威力：Ｓ（魔or速or器）　対象：敵全体　属性：快楽
以爱的灵气形成的陨石，给予快乐伤害的奥义","","","33"
"1861","ハドロン☆メテオ","ヒーロー技","威力：ＳＳ（魔or速or器）　対象：敵全体　属性：ハドロン・快楽
愛のハドロンエナジーを隕石として落下させる禁断快楽奥義","","","0","40","0","强子☆陨石","英雄技","威力：ＳＳ（魔or速or器）　対象：敵全体　属性：ハドロン・快楽
将爱的强子能量化为陨石落下的禁忌快乐奥义","","","33"
"1862","禍星","ヒーロー技","威力：ＳＳ（魔）　対象：敵単体　属性：闇・銀河　効果：石化
憎しみに彩られた星の力を解放する","50:魔女（Lv2）","","12%当前HP","20","0","祸星","英雄技","威力：ＳＳ（魔）　対象：敵単体　属性：闇・銀河　効果：石化
解放被憎恨染色的星之力","50:魔女（Lv2）","","33"
"1863","カーズウェーブ","ヒーロー技","威力：ＳＳ（魔）　対象：敵ランダム4回　属性：闇・音波　効果：睡眠・混乱
呪いの波動を周囲へと撒き散らす奥義","50:魔女（Lv7）","","12%当前HP","20","0","诅咒波动","英雄技","威力：ＳＳ（魔）　対象：敵ランダム4回　属性：闇・音波　効果：睡眠・混乱
释放诅咒的波动，向四周散布的奥义","50:魔女（Lv7）","","33"
"1864","ワルプルギスの夜","ヒーロー技","威力：ＳＳＳ（魔）　対象：敵全体　属性：終焉　効果：石化・即死
最強の魔女と化し、絶望と破壊を撒き散らす奥義","50:魔女（Lv10）","","16%当前HP","40","0","魔女之夜","英雄技","威力：ＳＳＳ（魔）　対象：敵全体　属性：終焉　効果：石化・即死
化身为最强魔女，散布绝望与破坏的奥义","50:魔女（Lv10）","","33"
"1865","呪詩","ヒーロー技","対象：敵全体　効果：スロウ・ストップ・石化・即死
死の怨念を周囲に満たし、敵全体を即死させる技","50:魔女（Lv5）","","0","8","0","咒诗","英雄技","対象：敵全体　効果：スロウ・ストップ・石化・即死
充满死亡怨念，使全体敌人即死的技能","50:魔女（Lv5）","","33"
"1866","アルテマ","ヒーロー技","威力：ＺＺ（魔）　対象：敵全体　属性：修羅・核熱・永劫・銀河
太古に編み出されたという禁断の究極魔法","7024:アルティメット魔法少女（Lv15）","","0","135","0","究极","英雄技","威力：ＺＺ（魔）　対象：敵全体　属性：修羅・核熱・永劫・銀河
传说中由太古编织出的禁断究极魔法","7024:究极魔法少女（Lv15）","","33"
"1867","バタフライドリーム","ヒーロー技","威力：Ｚ（魔）　対象：敵全体　属性：ナイトメア・永劫・銀河
快楽の概念を空間そのものに展開する禁断の快楽術","7024:アルティメット魔法少女（Lv7）","","0","90","0","蝴蝶之梦","英雄技","威力：Ｚ（魔）　対象：敵全体　属性：ナイトメア・永劫・銀河
将快乐的概念展开到空间本身的禁断快乐术","7024:究极魔法少女（Lv7）","","33"
"1874","銭投げ","商技","威力：レベル依存　対象：敵全体
お金を敵に投げつけ、ダメージを与える","79:商人（Lv4）","199:行商マーメイド（Lv2）","0","0","0","投钱","商技","威力：レベル依存　対象：敵全体
向敌人投掷金钱，造成伤害","79:商人（Lv4）","199:行商人鱼（Lv2）","34"
"1875","超銭投げ","商技","威力：レベル依存　対象：敵全体
お金を敵に投げつけ、ダメージを与える","80:闇商人（Lv4）","199:行商マーメイド（Lv10）","0","0","0","超级投钱","商技","威力：レベル依存　対象：敵全体
向敌人投掷金钱，造成伤害","80:暗商人（Lv4）","199:行商人鱼（Lv10）","34"
"1876","最終銭投げ","商技","威力：レベル依存　対象：敵全体
お金を敵に投げつけ、ダメージを与える","81:神の見えざる手（Lv4）","","0","0","0","最终投钱","商技","威力：レベル依存　対象：敵全体
向敌人投掷金钱，造成伤害","81:无形的大手（Lv4）","","34"
"1877","スプラッシュマネー","商技","威力：レベル依存　対象：敵単体
敵単体に銭投げを集中するバブリーな技","","200:海運王ローレライ（Lv10）","0","0","0","溅射金钱","商技","威力：レベル依存　対象：敵単体
集中向单体敌人投掷金钱的华丽技能","","200:海运王罗蕾莱（Lv10）","34"
"1878","歩数ダメージ","商技","威力：歩数依存　対象：敵単体
これまでの旅路の長さに応じたダメージを与える","","199:行商マーメイド（Lv8）","0","0","0","步数伤害","商技","威力：歩数依存　対象：敵単体
根据迄今为止旅途的长度造成伤害","","199:行商人鱼（Lv8）","34"
"1879","賄賂","商技","対象：敵単体　効果：逃走
敵に賄賂を渡し、穏便に帰ってもらう","80:闇商人（Lv6）","","0","0","0","贿赂","商技","対象：敵単体　効果：逃走
向敌人行贿，让对方和平地回去","80:暗商人（Lv6）","","34"
"1880","賄賂バラ撒き","商技","対象：敵全体　効果：逃走
敵全体に賄賂をバラ撒き、穏便に帰ってもらう","81:神の見えざる手（Lv6）","","0","0","0","行贿撒钱","商技","対象：敵全体　効果：逃走
向全体敌人撒钱，让对方和平地回去","81:无形的大手（Lv6）","","34"
"1881","金銭の誘惑","商技","対象：敵全体　効果：誘惑・仲間確率アップ
金銭をチラつかせ、敵の心を奪う","","199:行商マーメイド（Lv2）","0","0","0","金钱诱惑","商技","対象：敵全体　効果：誘惑・仲間確率アップ
用金钱诱惑，夺取敌人的心","","199:行商人鱼（Lv2）","34"
"1882","トレードオフ","商技","対象：敵全体　効果：仲間確率3倍
金銭をチラつかせ、仲間に入るよう誘う","","200:海運王ローレライ（Lv2）","0","0","0","交易","商技","対象：敵全体　効果：仲間確率3倍
用金钱诱惑，邀请成为同伴","","200:海运王罗蕾莱（Lv2）","34"
"1883","殴られ得","商技","対象：使用者　効果：マネーカーテン
受けたダメージに応じたゴールドが入手できる","","199:行商マーメイド（Lv6）","0","0","0","挨打赚钱","商技","対象：使用者　効果：マネーカーテン
根据受到的伤害获得相应的金钱","","199:行商人鱼（Lv6）","34"
"1884","マネーウォール","商技","対象：使用者　効果：マネーウォール
HPの消費を所持ゴールドで肩代わりする","","200:海運王ローレライ（Lv8）","0","0","0","金钱墙","商技","対象：使用者　効果：マネーウォール
用持有的金钱代替消耗的HP","","200:海运王罗蕾莱（Lv8）","34"
"1885","生命保険個人加入","商技","対象：使用者　効果：死亡時にゴールド取得
自身が戦闘不能になると、ゴールドが支払われる","80:闇商人（Lv8）","","0","0","0","个人生命保险","商技","対象：使用者　効果：死亡時にゴールド取得
自身战斗不能时，获得金钱","80:暗商人（Lv8）","","34"
"1886","生命保険パーティ加入","商技","対象：味方全体　効果：死亡時にゴールド取得
仲間達が戦闘不能になると、ゴールドが支払われる","81:神の見えざる手（Lv8）","","0","0","0","团队生命保险","商技","対象：味方全体　効果：死亡時にゴールド取得
伙伴们在战斗不能时，金币会被支付","81:无形的大手（Lv8）","","34"
"1887","地獄の沙汰も金次第","商技","対象：使用者　効果：自動蘇生
死神にあらかじめ金を送り、すぐに現世に戻させる","","200:海運王ローレライ（Lv6）","0","0","0","有钱能使鬼推磨","商技","対象：使用者　効果：自動蘇生
提前给死神送钱，让他立刻让你回到现世","","200:海运王罗蕾莱（Lv6）","34"
"1888","HP購入","商技","対象：使用者　効果：HP大回復
HPを金で購入し、大きく回復する","","199:行商マーメイド（Lv5）","0","0","0","购买HP","商技","対象：使用者　効果：HP大回復
用金币购买HP，大幅恢复","","199:行商人鱼（Lv5）","34"
"1889","MP購入","商技","対象：使用者　効果：MP大回復
MPを金で購入し、大きく回復する","","199:行商マーメイド（Lv10）","0","0","0","购买MP","商技","対象：使用者　効果：MP大回復
用金币购买MP，大幅恢复","","199:行商人鱼（Lv10）","34"
"1890","SP購入","商技","対象：使用者　効果：SP大回復
SPを金で購入し、大きく回復する","","199:行商マーメイド（Lv7）","0","0","0","购买SP","商技","対象：使用者　効果：SP大回復
用金币购买SP，大幅恢复","","199:行商人鱼（Lv7）","34"
"1891","商品納入","商技","対象：使用者　効果：アイテム取得
金を支払い、ランダムにアイテムを取得する","79:商人（Lv10）","","0","0","0","商品交付","商技","対象：使用者　効果：アイテム取得
支付金币，随机获得物品","79:商人（Lv10）","","34"
"1892","闇商品納入","商技","対象：使用者　効果：アイテム取得
金を支払い、ランダムにアイテムを取得する","80:闇商人（Lv10）","","0","0","0","黑市商品交付","商技","対象：使用者　効果：アイテム取得
支付金币，随机获得物品","80:暗商人（Lv10）","","34"
"1893","究極納入","商技","対象：使用者　効果：アイテム取得
金を支払い、ランダムにアイテムを取得する","81:神の見えざる手（Lv9）","","0","0","0","究极交付","商技","対象：使用者　効果：アイテム取得
支付金币，随机获得物品","81:无形的大手（Lv9）","","34"
"1894","食材納入","商技","対象：使用者　効果：食材取得
金を支払い、ランダムに食材を取得する","","199:行商マーメイド（Lv4）","0","0","0","食材交付","商技","対象：使用者　効果：食材取得
支付金币，随机获得食材","","199:行商人鱼（Lv4）","34"
"1895","素材納入","商技","対象：使用者　効果：素材取得
金を支払い、ランダムに素材を取得する","","200:海運王ローレライ（Lv4）","0","0","0","素材交付","商技","対象：使用者　効果：素材取得
支付金币，随机获取素材","","200:海运王罗蕾莱（Lv4）","34"
"1896","薬草購入","商技","対象：味方単体　効果：HP50回復
薬草を購入し、即座に使用する","79:商人（Lv2）","","0","0","0","购买药草","商技","対象：味方単体　効果：HP50回復
购买药草并立即使用","79:商人（Lv2）","","34"
"1897","高級薬草購入","商技","対象：味方単体　効果：HP300回復
高級薬草を購入し、即座に使用する","80:闇商人（Lv2）","199:行商マーメイド（Lv4）","0","0","0","购买高级药草","商技","対象：味方単体　効果：HP300回復
购买高级药草并立即使用","80:暗商人（Lv2）","199:行商人鱼（Lv4）","34"
"1898","究極薬草購入","商技","対象：味方単体　効果：HP5000回復
究極薬草を購入し、即座に使用する","81:神の見えざる手（Lv2）","200:海運王ローレライ（Lv5）","0","0","0","购买究极药草","商技","対象：味方単体　効果：HP5000回復
购买究极药草并立即使用","81:无形的大手（Lv2）","200:海运王罗蕾莱（Lv5）","34"
"1899","霊薬購入","商技","対象：味方単体　効果：MP30回復
霊薬を購入し、即座に使用する","79:商人（Lv10）","199:行商マーメイド（Lv5）","0","0","0","购买灵药","商技","対象：味方単体　効果：MP30回復
购买灵药并立即使用","79:商人（Lv10）","199:行商人鱼（Lv5）","34"
"1900","エルフの霊薬購入","商技","対象：味方単体　効果：MP100回復
エルフの霊薬を購入し、即座に使用する","80:闇商人（Lv8）","200:海運王ローレライ（Lv5）","0","0","0","购买精灵的灵药","商技","対象：味方単体　効果：MP100回復
购买精灵的灵药并立即使用","80:暗商人（Lv8）","200:海运王罗蕾莱（Lv5）","34"
"1901","イリアスの霊薬購入","商技","対象：味方単体　効果：MP500回復
イリアスの霊薬を購入し、即座に使用する","81:神の見えざる手（Lv8）","","0","0","0","购买伊莉娅丝的灵药","商技","対象：味方単体　効果：MP500回復
购买伊莉娅丝的灵药并立即使用","81:无形的大手（Lv8）","","34"
"1902","ブーストドリンク購入","商技","対象：味方単体　効果：SP半分回復
ブーストドリンクを購入し、即座に使用する","80:闇商人（Lv6）","","0","0","0","购买能量饮料","商技","対象：味方単体　効果：SP半分回復
购买能量饮料并立即使用","80:暗商人（Lv6）","","34"
"1903","バーストドリンク購入","商技","対象：味方単体　効果：SP全回復
バーストドリンクを購入し、即座に使用する","81:神の見えざる手（Lv3）","","0","0","0","购买爆发饮料","商技","対象：味方単体　効果：SP全回復
购买爆发饮料并立即使用","81:无形的大手（Lv3）","","34"
"1904","エリクサー購入","商技","対象：味方単体　効果：HP・MP全回復
エリクサーを購入し、即座に使用する","80:闇商人（Lv10）","","0","0","0","购买圣灵药","商技","対象：味方単体　効果：HP・MP全回復
购买圣灵药并立即使用","80:暗商人（Lv10）","","34"
"1905","ラストエリクサー購入","商技","対象：味方全体　効果：HP・MP全回復
ラストエリクサーを購入し、即座に使用する","81:神の見えざる手（Lv10）","","0","0","0","购买最终圣灵药","商技","対象：味方全体　効果：HP・MP全回復
购买最终圣灵药并立即使用","81:无形的大手（Lv10）","","34"
"1906","フェニックスの尾購入","商技","対象：味方単体　効果：蘇生
フェニックスの尾を購入し、即座に使用する","79:商人（Lv6）","199:行商マーメイド（Lv4）","0","0","0","购买凤凰之尾","商技","対象：味方単体　効果：蘇生
购买凤凰之尾并立即使用","79:商人（Lv6）","199:行商人鱼（Lv4）","34"
"1907","世界樹の葉購入","商技","対象：味方単体　効果：完全蘇生
世界樹の葉を購入し、即座に使用する","81:神の見えざる手（Lv7）","200:海運王ローレライ（Lv7）","0","0","0","购买世界树之叶","商技","対象：味方単体　効果：完全蘇生
购买世界树之叶并立即使用","81:无形的大手（Lv7）","200:海运王罗蕾莱（Lv7）","34"
"1908","毒消し草購入","商技","対象：味方単体　効果：毒治療
毒消し草を購入し、即座に使用する","79:商人（Lv3）","","0","0","0","购买解毒草","商技","対象：味方単体　効果：毒治療
购买解毒草并立即使用","79:商人（Lv3）","","34"
"1909","目薬購入","商技","対象：味方単体　効果：暗闇治療
目薬を購入し、即座に使用する","79:商人（Lv3）","","0","0","0","购买眼药水","商技","対象：味方単体　効果：暗闇治療
购买眼药水并立即使用","79:商人（Lv3）","","34"
"1910","山彦草購入","商技","対象：味方単体　効果：沈黙治療
山彦草を購入し、即座に使用する","79:商人（Lv8）","","0","0","0","购买山彦草","商技","対象：味方単体　効果：沈黙治療
购买山彦草并立即使用","79:商人（Lv8）","","34"
"1911","気付け薬購入","商技","対象：味方単体　効果：睡眠・混乱治療
気付け薬を購入し、即座に使用する","79:商人（Lv8）","","0","0","0","购买提神药","商技","対象：味方単体　効果：睡眠・混乱治療
购买提神药并立即使用","79:商人（Lv8）","","34"
"1912","満月草購入","商技","対象：味方単体　効果：麻痺治療
満月草を購入し、即座に使用する","79:商人（Lv3）","","0","0","0","购买满月草","商技","対象：味方単体　効果：麻痺治療
购买满月草并立即使用","79:商人（Lv3）","","34"
"1913","打ち出の小槌購入","商技","対象：味方単体　効果：ミニマム治療
打ち出の小槌を購入し、即座に使用する","80:闇商人（Lv4）","","0","0","0","购买万宝槌","商技","対象：味方単体　効果：ミニマム治療
购买万宝槌并立即使用","80:暗商人（Lv4）","","34"
"1914","聖水購入","商技","対象：味方単体　効果：ゾンビ治療
聖水を購入し、即座に使用する","80:闇商人（Lv4）","","0","0","0","购买圣水","商技","対象：味方単体　効果：ゾンビ治療
购买圣水并立即使用","80:暗商人（Lv4）","","34"
"1915","金の針購入","商技","対象：味方単体　効果：石化治療
金の針を購入し、即座に使用する","80:闇商人（Lv4）","","0","0","0","购买金针","商技","対象：味方単体　効果：石化治療
购买金针并立即使用","80:暗商人（Lv4）","","34"
"1916","脱淫薬購入","商技","対象：味方単体　効果：敏感・恍惚・誘惑治療
脱淫薬を購入し、即座に使用する","80:闇商人（Lv6）","","0","0","0","购买脱淫药","商技","対象：味方単体　効果：敏感・恍惚・誘惑治療
购买脱淫药并立即使用","80:暗商人（Lv6）","","34"
"1917","万能薬購入","商技","対象：味方単体　効果：全状態異常治療
万能薬を購入し、即座に使用する","81:神の見えざる手（Lv5）","","0","0","0","购买万能药","商技","対象：味方単体　効果：全状態異常治療
购买万能药并立即使用","81:无形的大手（Lv5）","","34"
"1918","馬車","商技","対象：パーティ全体　効果：フィールド移動
金の消費と引き替えに、一度行った場所に移動する","79:商人（Lv7）","199:行商マーメイド（Lv3）","0","0","0","马车","商技","対象：パーティ全体　効果：フィールド移動
用金钱交换，移动到曾经去过的地方","79:商人（Lv7）","199:行商人鱼（Lv3）","34"
"1919","レスキュー要請","商技","対象：パーティ全体　効果：ダンジョン脱出
金の消費と引き替えに、ダンジョンから脱出する","79:商人（Lv5）","199:行商マーメイド（Lv3）","0","0","0","救援请求","商技","対象：パーティ全体　効果：ダンジョン脱出
用金钱交换，从迷宫逃脱","79:商人（Lv5）","199:行商人鱼（Lv3）","34"
"1921","全体化:薬草","EXアイテム","対象：味方全体　効果：HP50回復
薬草の効果を全体化する","82:アイテム士（Lv2）","","0","0","0","全体化:薬草","EX物品","対象：味方全体　効果：HP50回復
药草的效果全体化","82:道具师（Lv2）","","35"
"1922","全体化:高級薬草","EXアイテム","対象：味方全体　効果：HP300回復
高級薬草の効果を全体化する","82:アイテム士（Lv6）","","0","0","0","全体化:高級薬草","EX物品","対象：味方全体　効果：HP300回復
高级药草的效果全体化","82:道具师（Lv6）","","35"
"1923","全体化:究極薬草","EXアイテム","対象：味方全体　効果：HP5000回復
究極薬草の効果を全体化する","83:マスターアイテム（Lv6）","","0","0","0","全体化:究極薬草","EX物品","対象：味方全体　効果：HP5000回復
究极药草的效果全体化","83:道具大师（Lv6）","","35"
"1924","全体化:霊薬","EXアイテム","対象：味方全体　効果：MP30回復
霊薬の効果を全体化する","82:アイテム士（Lv9）","","0","0","0","全体化:霊薬","EX物品","対象：味方全体　効果：MP30回復
灵药的效果全体化","82:道具师（Lv9）","","35"
"1925","全体化:エルフの霊薬","EXアイテム","対象：味方全体　効果：MP100回復
エルフの霊薬の効果を全体化する","83:マスターアイテム（Lv4）","","0","0","0","全体化:エルフの霊薬","EX物品","対象：味方全体　効果：MP100回復
精灵的灵药的效果全体化","83:道具大师（Lv4）","","35"
"1926","全体化:イリアスの霊薬","EXアイテム","対象：味方全体　効果：MP500回復
イリアスの霊薬の効果を全体化する","83:マスターアイテム（Lv8）","","0","0","0","全体化:イリアスの霊薬","EX物品","対象：味方全体　効果：MP500回復
伊莉娅丝的灵药的效果全体化","83:道具大师（Lv8）","","35"
"1927","全体化:ブーストドリンク","EXアイテム","対象：味方全体　効果：SP半分回復
ブーストドリンクの効果を全体化する","82:アイテム士（Lv4）","","0","0","0","全体化:ブーストドリンク","EX物品","対象：味方全体　効果：SP半分回復
能量饮料的效果全体化","82:道具师（Lv4）","","35"
"1928","全体化:バーストドリンク","EXアイテム","対象：味方全体　効果：SP全回復
バーストドリンクの効果を全体化する","83:マスターアイテム（Lv5）","","0","0","0","全体化:バーストドリンク","EX物品","対象：味方全体　効果：SP全回復
爆发饮料的效果全体化","83:道具大师（Lv5）","","35"
"1929","全体化:エリクサー","EXアイテム","対象：味方全体　効果：HP・MP完全回復
エリクサーの効果を全体化する","83:マスターアイテム（Lv9）","","0","0","0","全体化:エリクサー","EX物品","対象：味方全体　効果：HP・MP完全回復
圣灵药的效果全体化","83:道具大师（Lv9）","","35"
"1930","全体化:フェニックスの尾","EXアイテム","対象：味方全体　効果：蘇生
フェニックスの尾の効果を全体化する","82:アイテム士（Lv8）","","0","0","0","全体化:フェニックスの尾","EX物品","対象：味方全体　効果：蘇生
凤凰之尾的效果全体化","82:道具师（Lv8）","","35"
"1931","全体化:世界樹の葉","EXアイテム","対象：味方全体　効果：完全蘇生
世界樹の葉の効果を全体化する","83:マスターアイテム（Lv7）","","0","0","0","全体化:世界樹の葉","EX物品","対象：味方全体　効果：完全蘇生
世界树之叶的效果全体化","83:道具大师（Lv7）","","35"
"1932","全体化:毒消し草","EXアイテム","対象：味方全体　効果：毒治療
毒消し草の効果を全体化する","82:アイテム士（Lv3）","","0","0","0","全体化:毒消し草","EX物品","対象：味方全体　効果：毒治療
解毒草的效果全体化","82:道具师（Lv3）","","35"
"1933","全体化:目薬","EXアイテム","対象：味方全体　効果：暗闇治療
目薬の効果を全体化する","82:アイテム士（Lv3）","","0","0","0","全体化:目薬","EX物品","対象：味方全体　効果：暗闇治療
眼药水的效果全体化","82:道具师（Lv3）","","35"
"1934","全体化:山彦草","EXアイテム","対象：味方全体　効果：沈黙治療
山彦草の効果を全体化する","82:アイテム士（Lv5）","","0","0","0","全体化:山彦草","EX物品","対象：味方全体　効果：沈黙治療
山彦草的效果全体化","82:道具师（Lv5）","","35"
"1935","全体化:気付け薬","EXアイテム","対象：味方全体　効果：混乱・睡眠治療
気付け薬の効果を全体化する","82:アイテム士（Lv5）","","0","0","0","全体化:気付け薬","EX物品","対象：味方全体　効果：混乱・睡眠治療
提神药的效果全体化","82:道具师（Lv5）","","35"
"1936","全体化:満月草","EXアイテム","対象：味方全体　効果：麻痺治療
満月草の効果を全体化する","82:アイテム士（Lv3）","","0","0","0","全体化:満月草","EX物品","対象：味方全体　効果：麻痺治療
满月草的效果全体化","82:道具师（Lv3）","","35"
"1937","全体化:打出の小槌","EXアイテム","対象：味方全体　効果：ミニマム治療
打出の小槌の効果を全体化する","82:アイテム士（Lv7）","","0","0","0","全体化:打出の小槌","EX物品","対象：味方全体　効果：ミニマム治療
打出的小槌的效果全体化","82:道具师（Lv7）","","35"
"1938","全体化:聖水","EXアイテム","対象：味方全体　効果：ゾンビ治療
聖水の効果を全体化する","82:アイテム士（Lv7）","","0","0","0","全体化:聖水","EX物品","対象：味方全体　効果：ゾンビ治療
圣水的效果全体化","82:道具师（Lv7）","","35"
"1939","全体化:金の針","EXアイテム","対象：味方全体　効果：石化治療
金の針の効果を全体化する","82:アイテム士（Lv7）","","0","0","0","全体化:金の針","EX物品","対象：味方全体　効果：石化治療
金针的效果全体化","82:道具师（Lv7）","","35"
"1940","全体化:脱淫薬","EXアイテム","対象：味方全体　効果：敏感・恍惚・誘惑治療
脱淫薬の効果を全体化する","83:マスターアイテム（Lv3）","","0","0","0","全体化:脱淫薬","EX物品","対象：味方全体　効果：敏感・恍惚・誘惑治療
脱淫药的效果全体化","83:道具大师（Lv3）","","35"
"1941","全体化:万能薬","EXアイテム","対象：味方全体　効果：全状態異常治療
万能薬の効果を全体化する","83:マスターアイテム（Lv6）","","0","0","0","全体化:万能薬","EX物品","対象：味方全体　効果：全状態異常治療
万能药的效果全体化","83:道具大师（Lv6）","","35"
"1942","漸時:薬草","EXアイテム","対象：味方全体　効果：ターンHP小回復
薬草の効果をターンごとに分散する","82:アイテム士（Lv2）","","0","0","0","漸時:薬草","EX物品","対象：味方全体　効果：ターンHP小回復
将药草的效果分散到每个回合","82:道具师（Lv2）","","35"
"1943","漸時:高級薬草","EXアイテム","対象：味方全体　効果：ターンHP中回復
高級薬草の効果をターンごとに分散する","82:アイテム士（Lv6）","","0","0","0","漸時:高級薬草","EX物品","対象：味方全体　効果：ターンHP中回復
将高级药草的效果分散到每个回合","82:道具师（Lv6）","","35"
"1944","漸時:究極薬草","EXアイテム","対象：味方全体　効果：ターンHP大回復
究極薬草の効果をターンごとに分散する","83:マスターアイテム（Lv6）","","0","0","0","漸時:究極薬草","EX物品","対象：味方全体　効果：ターンHP大回復
将究极药草的效果分散到每个回合","83:道具大师（Lv6）","","35"
"1945","漸時:霊薬","EXアイテム","対象：味方全体　効果：ターンMP小回復
霊薬の効果をターンごとに分散する","82:アイテム士（Lv9）","","0","0","0","漸時:霊薬","EX物品","対象：味方全体　効果：ターンMP小回復
将灵药的效果分散到每个回合","82:道具师（Lv9）","","35"
"1946","漸時:エルフの霊薬","EXアイテム","対象：味方全体　効果：ターンMP中回復
エルフの霊薬の効果をターンごとに分散する","83:マスターアイテム（Lv4）","","0","0","0","漸時:エルフの霊薬","EX物品","対象：味方全体　効果：ターンMP中回復
将精灵的灵药的效果分散到每个回合","83:道具大师（Lv4）","","35"
"1947","漸時:イリアスの霊薬","EXアイテム","対象：味方全体　効果：ターンMP大回復
イリアスの霊薬の効果をターンごとに分散する","83:マスターアイテム（Lv8）","","0","0","0","漸時:イリアスの霊薬","EX物品","対象：味方全体　効果：ターンMP大回復
将伊莉娅丝的灵药的效果分散到每个回合","83:道具大师（Lv8）","","35"
"1948","漸時:ブーストドリンク","EXアイテム","対象：味方全体　効果：ターンSP中回復
ブーストドリンクの効果をターンごとに分散する","82:アイテム士（Lv4）","","0","0","0","漸時:ブーストドリンク","EX物品","対象：味方全体　効果：ターンSP中回復
将能量饮料的效果分散到每个回合","82:道具师（Lv4）","","35"
"1949","漸時:バーストドリンク","EXアイテム","対象：味方全体　効果：ターンSP大回復
バーストドリンクの効果をターンごとに分散する","83:マスターアイテム（Lv5）","","0","0","0","漸時:バーストドリンク","EX物品","対象：味方全体　効果：ターンSP大回復
将爆发饮料的效果分散到每个回合","83:道具大师（Lv5）","","35"
"1950","漸時:エリクサー","EXアイテム","対象：味方全体　効果：ターンHP・MP・SP大回復
エリクサーの効果をターンごとに分散する","83:マスターアイテム（Lv9）","","0","0","0","漸時:エリクサー","EX物品","対象：味方全体　効果：ターンHP・MP・SP大回復
将圣灵药的效果分散到每个回合","83:道具大师（Lv9）","","35"
"1951","漸時:ラストエリクサー","EXアイテム","対象：味方全体　効果：ターンHP・MP・SP全回復
ラストエリクサーの効果をターンごとに分散する","83:マスターアイテム（Lv10）","","0","0","0","漸時:ラストエリクサー","EX物品","対象：味方全体　効果：ターンHP・MP・SP全回復
将最终圣灵药的效果分散到每个回合","83:道具大师（Lv10）","","35"
"1952","予防：フェニックスの尾","EXアイテム","対象：味方全体　効果：即死・昇天・絶頂防御
フェニックスの尾を予防使用する","82:アイテム士（Lv8）","","0","0","0","予防：フェニックスの尾","EX物品","対象：味方全体　効果：即死・昇天・絶頂防御
使用凤凰之尾进行预防","82:道具师（Lv8）","","35"
"1953","予防：世界樹の葉","EXアイテム","対象：味方単体　効果：再蘇生
世界樹の葉を予防使用する","83:マスターアイテム（Lv7）","","0","0","0","予防：世界樹の葉","EX物品","対象：味方単体　効果：再蘇生
使用世界树之叶进行预防","83:道具大师（Lv7）","","35"
"1954","予防：毒消し草","EXアイテム","対象：味方全体　効果：毒防御
毒消し草を予防使用する","82:アイテム士（Lv3）","","0","0","0","予防：毒消し草","EX物品","対象：味方全体　効果：毒防御
使用解毒草进行预防","82:道具师（Lv3）","","35"
"1955","予防：目薬","EXアイテム","対象：味方全体　効果：暗闇防御
目薬を予防使用する","82:アイテム士（Lv3）","","0","0","0","予防：目薬","EX物品","対象：味方全体　効果：暗闇防御
使用眼药水进行预防","82:道具师（Lv3）","","35"
"1956","予防：山彦草","EXアイテム","対象：味方全体　効果：沈黙防御
山彦草を予防使用する","82:アイテム士（Lv5）","","0","0","0","予防：山彦草","EX物品","対象：味方全体　効果：沈黙防御
使用山彦草进行预防","82:道具师（Lv5）","","35"
"1957","予防：気付け薬","EXアイテム","対象：味方全体　効果：混乱・睡眠防御
気付け薬を予防使用する","82:アイテム士（Lv5）","","0","0","0","予防：気付け薬","EX物品","対象：味方全体　効果：混乱・睡眠防御
使用提神药进行预防","82:道具师（Lv5）","","35"
"1958","予防：満月草","EXアイテム","対象：味方全体　効果：麻痺防御
満月草を予防使用する","82:アイテム士（Lv3）","","0","0","0","予防：満月草","EX物品","対象：味方全体　効果：麻痺防御
使用满月草进行预防","82:道具师（Lv3）","","35"
"1959","予防：打出の小槌","EXアイテム","対象：味方全体　効果：ミニマム防御
打出の小槌を予防使用する","82:アイテム士（Lv7）","","0","0","0","予防：打出の小槌","EX物品","対象：味方全体　効果：ミニマム防御
使用打出的小槌进行预防","82:道具师（Lv7）","","35"
"1960","予防：聖水","EXアイテム","対象：味方全体　効果：ゾンビ防御
聖水を予防使用する","82:アイテム士（Lv7）","","0","0","0","予防：聖水","EX物品","対象：味方全体　効果：ゾンビ防御
使用圣水进行预防","82:道具师（Lv7）","","35"
"1961","予防：金の針","EXアイテム","対象：味方全体　効果：石化防御
金の針を予防使用する","82:アイテム士（Lv7）","","0","0","0","予防：金の針","EX物品","対象：味方全体　効果：石化防御
使用金针进行预防","82:道具师（Lv7）","","35"
"1962","予防：脱淫薬","EXアイテム","対象：味方全体　効果：敏感・恍惚・誘惑防御
脱淫薬を予防使用する","83:マスターアイテム（Lv3）","","0","0","0","予防：脱淫薬","EX物品","対象：味方全体　効果：敏感・恍惚・誘惑防御
使用脱淫药进行预防","83:道具大师（Lv3）","","35"
"1963","予防：万能薬","EXアイテム","対象：味方全体　効果：状態異常防御
万能薬を予防使用する","83:マスターアイテム（Lv6）","","0","0","0","予防：万能薬","EX物品","対象：味方全体　効果：状態異常防御
使用万能药进行预防","83:道具大师（Lv6）","","35"
"1964","反転：フェニックスの尾","EXアイテム","対象：敵全体　効果：昇天
フェニックスの尾を反転使用する","82:アイテム士（Lv8）","","0","0","0","反転：フェニックスの尾","EX物品","対象：敵全体　効果：昇天
反向使用凤凰之尾","82:道具师（Lv8）","","35"
"1965","反転：毒消し草","EXアイテム","対象：敵全体　効果：毒
毒消し草を反転使用する","82:アイテム士（Lv3）","","0","0","0","反転：毒消し草","EX物品","対象：敵全体　効果：毒
反向使用解毒草","82:道具师（Lv3）","","35"
"1966","反転：目薬","EXアイテム","対象：敵全体　効果：暗闇
目薬を反転使用する","82:アイテム士（Lv3）","","0","0","0","反転：目薬","EX物品","対象：敵全体　効果：暗闇
反向使用眼药水","82:道具师（Lv3）","","35"
"1967","反転：山彦草","EXアイテム","対象：敵全体　効果：沈黙
山彦草を反転使用する","82:アイテム士（Lv5）","","0","0","0","反転：山彦草","EX物品","対象：敵全体　効果：沈黙
反向使用山彦草","82:道具师（Lv5）","","35"
"1968","反転：気付け薬","EXアイテム","対象：敵全体　効果：混乱・睡眠
気付け薬を反転使用する","82:アイテム士（Lv5）","","0","0","0","反転：気付け薬","EX物品","対象：敵全体　効果：混乱・睡眠
反向使用提神药","82:道具师（Lv5）","","35"
"1969","反転：満月草","EXアイテム","対象：敵全体　効果：麻痺
満月草を反転使用する","82:アイテム士（Lv3）","","0","0","0","反転：満月草","EX物品","対象：敵全体　効果：麻痺
反向使用满月草","82:道具师（Lv3）","","35"
"1970","反転：打出の小槌","EXアイテム","対象：敵全体　効果：ミニマム
打出の小槌を反転使用する","82:アイテム士（Lv7）","","0","0","0","反転：打出の小槌","EX物品","対象：敵全体　効果：ミニマム
反向使用打出的小槌","82:道具师（Lv7）","","35"
"1971","反転：聖水","EXアイテム","対象：敵全体　効果：ゾンビ
聖水を反転使用する","82:アイテム士（Lv7）","","0","0","0","反転：聖水","EX物品","対象：敵全体　効果：ゾンビ
反向使用圣水","82:道具师（Lv7）","","35"
"1972","反転：金の針","EXアイテム","対象：敵全体　効果：石化
金の針を反転使用する","82:アイテム士（Lv7）","","0","0","0","反転：金の針","EX物品","対象：敵全体　効果：石化
反向使用金针","82:道具师（Lv7）","","35"
"1973","反転：脱淫薬","EXアイテム","対象：敵全体　効果：敏感・恍惚・誘惑
脱淫薬を反転使用する","83:マスターアイテム（Lv3）","","0","0","0","反転：脱淫薬","EX物品","対象：敵全体　効果：敏感・恍惚・誘惑
反向使用脱淫药","83:道具大师（Lv3）","","35"
"1974","反転：万能薬","EXアイテム","対象：敵全体　効果：ランダム状態異常
万能薬を反転使用する","83:マスターアイテム（Lv6）","","0","0","0","反転：万能薬","EX物品","対象：敵全体　効果：ランダム状態異常
反向使用万能药","83:道具大师（Lv6）","","35"
"1975","無限使用：炎石","EXアイテム","威力：Ｅ（器）　対象：敵全体　属性：炎
炎石を消費せずに使用する","82:アイテム士（Lv10）","","0","0","0","無限使用：炎石","EX物品","威力：Ｅ（器）　対象：敵全体　属性：炎
不消耗炎石使用","82:道具师（Lv10）","","35"
"1976","無限使用：氷石","EXアイテム","威力：Ｅ（器）　対象：敵全体　属性：氷
氷石を消費せずに使用する","82:アイテム士（Lv10）","","0","0","0","無限使用：氷石","EX物品","威力：Ｅ（器）　対象：敵全体　属性：氷
不消耗冰石使用","82:道具师（Lv10）","","35"
"1977","無限使用：雷石","EXアイテム","威力：Ｅ（器）　対象：敵全体　属性：雷
雷石を消費せずに使用する","82:アイテム士（Lv10）","","0","0","0","無限使用：雷石","EX物品","威力：Ｅ（器）　対象：敵全体　属性：雷
不消耗雷石使用","82:道具师（Lv10）","","35"
"1978","無限使用：風石","EXアイテム","威力：Ｅ（器）　対象：敵全体　属性：風
風石を消費せずに使用する","83:マスターアイテム（Lv2）","","0","0","0","無限使用：風石","EX物品","威力：Ｅ（器）　対象：敵全体　属性：風
不消耗风石使用","83:道具大师（Lv2）","","35"
"1979","無限使用：土石","EXアイテム","威力：Ｅ（器）　対象：敵全体　属性：土
土石を消費せずに使用する","83:マスターアイテム（Lv2）","","0","0","0","無限使用：土石","EX物品","威力：Ｅ（器）　対象：敵全体　属性：土
不消耗土石使用","83:道具大师（Lv2）","","35"
"1980","無限使用：水石","EXアイテム","威力：Ｅ（器）　対象：敵全体　属性：水
水石を消費せずに使用する","83:マスターアイテム（Lv2）","","0","0","0","無限使用：水石","EX物品","威力：Ｅ（器）　対象：敵全体　属性：水
不消耗水石使用","83:道具大师（Lv2）","","35"
"1981","無限使用：聖石","EXアイテム","威力：Ｅ（器）　対象：敵全体　属性：聖
聖石を消費せずに使用する","83:マスターアイテム（Lv5）","","0","0","0","無限使用：聖石","EX物品","威力：Ｅ（器）　対象：敵全体　属性：聖
不消耗圣石使用","83:道具大师（Lv5）","","35"
"1982","無限使用：闇石","EXアイテム","威力：Ｅ（器）　対象：敵全体　属性：闇
闇石を消費せずに使用する","83:マスターアイテム（Lv5）","","0","0","0","無限使用：闇石","EX物品","威力：Ｅ（器）　対象：敵全体　属性：闇
不消耗暗石使用","83:道具大师（Lv5）","","35"
"1984","カード投げ","オラクル","威力：Ｅ（器）　対象：敵単体
敵単体にカードを投げ付ける技","86:占い師（Lv4）","","0","0","1","卡牌投掷","神谕","威力：Ｅ（器）　対象：敵単体
向单体敌人投掷卡牌","86:占卜师（Lv4）","","36"
"1985","バニシングカード","オラクル","威力：Ｃ（器）　対象：敵単体
トリッキーなカード投げで敵にダメージを与える","87:ギャンブラー（Lv4）","","0","0","3","消失卡牌","神谕","威力：Ｃ（器）　対象：敵単体
用狡猾的卡牌投掷对敌人造成伤害","87:赌徒（Lv4）","","36"
"1986","スラッシュカード","オラクル","威力：Ｃ（器）　対象：敵単体
カードのエッジで敵を斬りつける技","89:カードバトラー（Lv4）","","0","0","3","切割卡牌","神谕","威力：Ｃ（器）　対象：敵単体
用卡牌的边缘斩击敌人","89:卡牌战士（Lv4）","","36"
"1987","ミリオンカード","オラクル","威力：Ａ（器）　対象：敵ランダム4回
敵にカードを乱舞させる技","90:カードサマナー（Lv4）","","0","0","5","百万卡牌","神谕","威力：Ａ（器）　対象：敵ランダム4回
向敌人乱舞卡牌","90:卡牌召唤师（Lv4）","","36"
"1988","ジャックポット","オラクル","威力：可変（器）　対象：敵単体
威力がランダムで激変するギャンブラーの一撃","88:闇の賭博師（Lv4）","","0","0","3","累积奖池","神谕","威力：可変（器）　対象：敵単体
威力随机剧烈变化的赌徒一击","88:暗之赌徒（Lv4）","","36"
"1989","コイントス","オラクル","対象：使用者or敵単体　効果：即死
コインを投げ、自分か敵のどちらかを即死させる","87:ギャンブラー（Lv6）","","0","0","1","抛硬币","神谕","対象：使用者or敵単体　効果：即死
抛硬币，使自己或敌人即死","87:赌徒（Lv6）","","36"
"1990","闇の罰ゲーム","オラクル","威力：可変　対象：敵全体or味方全体
敵全体か味方全体かどちらかに瀕死ダメージを与える","88:闇の賭博師（Lv10）","","0","0","2","暗之惩罚游戏","神谕","威力：可変　対象：敵全体or味方全体
对全体敌人或我方全体造成濒死伤害","88:暗之赌徒（Lv10）","","36"
"1991","死のルーレット","オラクル","対象：敵味方ランダム単体　効果：即死
ルーレットを回し、敵味方全体の一人を即死させる","88:闇の賭博師（Lv6）","","0","0","2","死亡轮盘","神谕","対象：敵味方ランダム単体　効果：即死
转动轮盘，随机选择敌我全体中的一人使其即死","88:暗之赌徒（Lv6）","","36"
"1992","ランダマイザ","オラクル","対象：敵全体　効果：ランダム状態異常
敵全体にランダムの状態異常を引き起こす","90:カードサマナー（Lv5）","","0","0","4","随机发生器","神谕","対象：敵全体　効果：ランダム状態異常
对全体敌人随机引发状态异常","90:卡牌召唤师（Lv5）","","36"
"1993","運命のタロット","オラクル","効果：ランダム
引いたカードによって効果が異なるランダム技","86:占い師（Lv2）","","0","0","1","命运塔罗","神谕","効果：ランダム
根据抽到的卡牌效果不同的随机技能","86:占卜师（Lv2）","","36"
"1994","女神の託宣","オラクル","効果：ランダム
女神の託宣を受ける、機嫌次第のランダム技","86:占い師（Lv10）","","0","0","1","女神的赐福","神谕","効果：ランダム
接受女神的赐福，效果随机的技能","86:占卜师（Lv10）","","36"
"1995","スロット","オラクル","効果：ランダム
スロットの出た目によって効果が変わるランダム技","87:ギャンブラー（Lv2）","219:ダークフェアリー（Lv5）","0","0","2","老虎机","神谕","効果：ランダム
根据老虎机的结果效果变化的随机技能","87:赌徒（Lv2）","219:暗黑妖精（Lv5）","36"
"1996","ポーカー","オラクル","効果：ランダム
ポーカーの役によって効果が変わるランダム技","88:闇の賭博師（Lv2）","220:アークフェアリー（Lv4）","0","0","2","扑克","神谕","効果：ランダム
根据扑克的牌型效果变化的随机技能","88:暗之赌徒（Lv2）","220:大妖精（Lv4）","36"
"1997","アタックドロー","オラクル","効果：ランダム
デッキからアタックカードをドローするランダム技","89:カードバトラー（Lv2）","","0","0","0","攻击抽牌","神谕","効果：ランダム
从牌组中抽取攻击卡的随机技能","89:卡牌战士（Lv2）","","36"
"1998","ヒールドロー","オラクル","効果：ランダム
デッキからヒールカードをドローするランダム技","89:カードバトラー（Lv5）","","0","0","0","治愈抽牌","神谕","効果：ランダム
从牌组中抽取治愈卡的随机技能","89:卡牌战士（Lv5）","","36"
"1999","サポートドロー","オラクル","効果：ランダム
デッキからサポートカードをドローするランダム技","89:カードバトラー（Lv8）","","0","0","0","支援抽牌","神谕","効果：ランダム
从牌组中抽取支援卡的随机技能","89:卡牌战士（Lv8）","","36"
"2000","下級ドロー","オラクル","効果：ランダム
デッキから下級召喚カードをドローするランダム技","90:カードサマナー（Lv2）","","0","0","0","下级抽牌","神谕","効果：ランダム
从卡组中抽取下级召唤卡的随机技能","90:卡牌召唤师（Lv2）","","36"
"2001","上級ドロー","オラクル","効果：ランダム
デッキから上級召喚カードをドローするランダム技","90:カードサマナー（Lv8）","","0","0","2","上级抽牌","神谕","効果：ランダム
从卡组中抽取上级召唤卡的随机技能","90:卡牌召唤师（Lv8）","","36"
"2002","スペードのキング","オラクル","威力：Ｓ（器）　対象：敵単体
スペードのキングの魔力で敵単体に大ダメージを与える","","220:アークフェアリー（Lv3）","0","0","8","黑桃K","神谕","威力：Ｓ（器）　対象：敵単体
利用黑桃K的魔力对单体敌人造成巨大伤害","","220:大妖精（Lv3）","36"
"2003","クラブのジャック","オラクル","威力：Ｃ（器）　対象：敵全体
クラブのジャックの魔力で敵全体にダメージを与える","","219:ダークフェアリー（Lv3）","0","0","4","梅花J","神谕","威力：Ｃ（器）　対象：敵全体
利用梅花J的魔力对全体敌人造成伤害","","219:暗黑妖精（Lv3）","36"
"2004","ダイヤのクイーン","オラクル","対象：味方全体　効果：HP小回復
ダイヤのクィーンの魔力で味方全体を回復する","","219:ダークフェアリー（Lv2）","0","0","2","方块Q","神谕","対象：味方全体　効果：HP小回復
利用方块Q的魔力恢复我方全体","","219:暗黑妖精（Lv2）","36"
"2005","ハートのエース","オラクル","対象：味方単体　効果：HP中回復
ハートのエースの魔力で味方単体を回復する","","219:ダークフェアリー（Lv6）","0","0","1","红桃A","神谕","対象：味方単体　効果：HP中回復
利用红桃A的魔力恢复我方单体","","219:暗黑妖精（Lv6）","36"
"2006","ジョーカーデス","オラクル","対象：敵全体　効果：即死
ジョーカーの魔力で敵全体を即死させる","","220:アークフェアリー（Lv5）","0","0","5","王牌即死","神谕","対象：敵全体　効果：即死
利用小丑的魔力使全体敌人即死","","220:大妖精（Lv5）","36"
"2007","シャッフルカード","オラクル","効果：ランダム
トランプを一枚引き、出たカードの魔力を解放する","","220:アークフェアリー（Lv7）","0","0","0","洗牌","神谕","効果：ランダム
抽取一张扑克牌，释放出该牌的魔力","","220:大妖精（Lv7）","36"
"2008","幸運の星","オラクル","対象：敵味方ランダム単体　効果：能力強化
敵味方のうちランダムの一人が大幅強化される","86:占い師（Lv6）","","0","0","2","幸运之星","神谕","対象：敵味方ランダム単体　効果：能力強化
敌我双方中随机一人大幅强化","86:占卜师（Lv6）","","36"
"2009","ラッキーハンター","オラクル","対象：使用者　効果：経験値・職業経験値・ゴールド2倍
その戦闘のみ、獲得経験値・職業経験値とゴールドが倍になる","87:ギャンブラー（Lv10）","","0","0","2","幸运猎人","神谕","対象：使用者　効果：経験値・職業経験値・ゴールド2倍
仅限该战斗，获得的经验值・职业经验值和金币翻倍","87:赌徒（Lv10）","","36"
"2010","ずっと俺のターン","オラクル","対象：使用者　効果：5回行動・オラクルのみ
オラクルのみしか使えないが、5回行動が可能","90:カードサマナー（Lv10）","","0","0","10","一直都是我的回合","神谕","対象：使用者　効果：5回行動・オラクルのみ
只能使用神谕，但可以行动5次","90:卡牌召唤师（Lv10）","","36"
"2011","天の贈り物","オラクル","効果：アイテム取得
ランダムでアイテムを取得する","86:占い師（Lv8）","","0","10","5","天赐之礼","神谕","効果：アイテム取得
随机获得物品","86:占卜师（Lv8）","","36"
"2012","アイテムスロット","オラクル","効果：アイテム取得
ランダムでアイテムを取得する","87:ギャンブラー（Lv8）","","0","50","10","物品老虎机","神谕","効果：アイテム取得
随机获得物品","87:赌徒（Lv8）","","36"
"2013","闇アイテムスロット","オラクル","効果：アイテム取得
ランダムでアイテムを取得する","88:闇の賭博師（Lv8）","","0","100","15","黑暗物品老虎机","神谕","効果：アイテム取得
随机获得物品","88:暗之赌徒（Lv8）","","36"
"2014","秘石スロット","オラクル","効果：秘石取得
ランダムで秘石を取得する","7035:ゴッドギャンブラー（Lv10）","","0","200","20","秘石老虎机","神谕","効果：秘石取得
随机获得秘石","7035:赌神（Lv10）","","36"
"2016","さざなみの踊り","踊る","威力：Ｃ（器）　対象：敵全体　属性：水　効果：眠り
穏やかな舞でさざなみを招来する","","306:竜宮舞妓（Lv4）","0","5","3","涟漪之舞","踊る","威力：Ｃ（器）　対象：敵全体　属性：水　効果：眠り
以柔和的舞步召唤涟漪","","306:龙宫舞妓（Lv4）","37"
"2017","竜宮千年舞踊","踊る","威力：Ａ（器）　対象：敵全体　属性：水　効果：石化
竜宮に伝わる舞いで水塊を乱舞させる","","307:竜宮姫（Lv10）","0","10","4","龙宫千年舞踊‌","踊る","威力：Ａ（器）　対象：敵全体　属性：水　効果：石化
以龙宫传承的舞步使水流狂舞","","307:龙宫姬（Lv10）","37"
"2018","たつまきダンス","踊る","威力：Ｃ（器）　対象：敵全体　属性：風
風を呼ぶ舞いでたつまきを引き起こす","","215:風精（Lv6）","0","5","3","龙卷风之舞","踊る","威力：Ｃ（器）　対象：敵全体　属性：風
以呼唤风的舞步引发龙卷风","","215:风精灵（Lv6）","37"
"2019","風塵の舞","踊る","威力：Ｃ（器）　対象：敵全体　属性：風
ラミア族に伝わる舞いで激しい風を招来する","","259:蛇巫女（Lv5）","0","5","3","风尘之舞","踊る","威力：Ｃ（器）　対象：敵全体　属性：風
拉米亚族传承的舞蹈，召唤出强烈的风","","259:蛇巫女（Lv5）","37"
"2020","土雫の舞","踊る","威力：Ｃ（器）　対象：敵全体　属性：土
ラミア族に伝わる舞いで土流を招来する","","259:蛇巫女（Lv6）","0","5","3","土滴之舞","踊る","威力：Ｃ（器）　対象：敵全体　属性：土
拉米亚族传承的舞蹈，召唤出土流","","259:蛇巫女（Lv6）","37"
"2021","流水の舞","踊る","威力：Ｃ（器）　対象：敵全体　属性：水
ラミア族に伝わる舞いで流水を招来する","","259:蛇巫女（Lv7）","0","5","3","流水之舞","踊る","威力：Ｃ（器）　対象：敵全体　属性：水
拉米亚族传承的舞蹈，召唤出流水","","259:蛇巫女（Lv7）","37"
"2022","焔の舞","踊る","威力：Ｃ（器）　対象：敵全体　属性：炎
炎を呼ぶ舞いで、敵全体を焔に包む","","250:狐芸者（Lv6）","0","5","3","焰之舞","踊る","威力：Ｃ（器）　対象：敵全体　属性：炎
召唤火焰的舞蹈，将全体敌人包围在火焰中","","250:狐艺伎（Lv6）","37"
"2023","紅蓮業火の舞","踊る","威力：Ａ（器）　対象：敵全体　属性：炎
炎を呼ぶ舞いで、敵全体を紅蓮の業火に包む","","251:狐花魁（Lv6）","0","10","4","红莲业火之舞","踊る","威力：Ａ（器）　対象：敵全体　属性：炎
召唤火焰的舞蹈，将全体敌人包围在红莲业火中","","251:狐花魁（Lv6）","37"
"2024","剣の舞い","踊る","威力：Ａ（器）　対象：敵ランダム4回
剣を携えて舞い踊り、無数の斬撃を繰り出す","94:戦巫女（Lv2）","307:竜宮姫（Lv6）","0","0","7","剑之舞","踊る","威力：Ａ（器）　対象：敵ランダム4回
手持剑跳舞，释放无数斩击","94:战巫女（Lv2）","307:龙宫姬（Lv6）","37"
"2025","鳴神招雷","踊る","威力：Ａ（器）　対象：敵全体　属性：雷
神の雷を招来する舞いで、敵に裁きを与える","94:戦巫女（Lv10）","","0","10","4","鸣神招雷","踊る","威力：Ａ（器）　対象：敵全体　属性：雷
召唤神雷的舞蹈，对敌人施以裁决","94:战巫女（Lv10）","","37"
"2026","神代の舞","踊る","威力：Ａ（器）　対象：敵全体　属性：聖　効果：昇天
聖なる舞いで神の力を招来し、敵を滅ぼす","","260:白蛇神楽（Lv10）","0","10","4","神代之舞","踊る","威力：Ａ（器）　対象：敵全体　属性：聖　効果：昇天
神圣的舞蹈，召唤神之力，消灭敌人","","260:白蛇神乐（Lv10）","37"
"2027","レインボーワルツ","踊る","威力：Ａ（器）　対象：敵全体　属性：炎・氷・雷・風・土・水
特殊な舞いで複数属性が合わさった虹を造り出す","","348:アカデミードール（Lv10）","0","10","4","彩虹华尔兹","踊る","威力：Ａ（器）　対象：敵全体　属性：炎・氷・雷・風・土・水
特殊的舞蹈，创造出融合多种属性的彩虹","","348:学院人偶（Lv10）","37"
"2028","エレメンタルダンス","踊る","威力：Ａ（器）　対象：敵全体　属性：炎・風・土・水
大自然に捧げる舞いで、四属性の力を解放する","","216:風の精霊（Lv6）","0","10","4","元素之舞","踊る","威力：Ａ（器）　対象：敵全体　属性：炎・風・土・水
向大自然献上的舞蹈，解放四属性的力量","","216:风之精灵（Lv6）","37"
"2029","大精霊の舞","踊る","威力：Ｓ（器）　対象：敵全体　属性：炎・風・土・水
大精霊の力を引き出す舞いで、四属性の力を解き放つ","","221:クィーンフェアリー（Lv10）","0","15","6","大精灵之舞","踊る","威力：Ｓ（器）　対象：敵全体　属性：炎・風・土・水
引出大精灵力量的舞蹈，解放四属性的力量","","221:妖精女王（Lv10）","37"
"2030","氷雨風雪の舞","踊る","威力：ＳＳ（器）　対象：敵全体　属性：氷・風　効果：フリーズ
氷雨風雪を招来する巫女の神舞","7036:舞踏神（Lv7）","","0","27","8","冰雨风雪之舞","踊る","威力：ＳＳ（器）　対象：敵全体　属性：氷・風　効果：フリーズ
招来冰雨风雪的巫女神舞","7036:舞蹈神（Lv7）","","37"
"2031","竜宮舞踊・火須勢理","踊る","威力：ＳＳ（器）　対象：敵全体　属性：炎　効果：バーン
竜宮に伝わる火神の舞いで敵全体を焼き尽くす","","308:海神（Lv13）","0","27","8","龙宫舞踊・火须势理","踊る","威力：ＳＳ（器）　対象：敵全体　属性：炎　効果：バーン
龙宫传承的火神之舞，将全体敌人烧尽","","308:海神（Lv13）","37"
"2032","誘う踊り","踊る","対象：敵単体　効果：スタン
つられて踊りたくなる舞いで敵をスタンさせる","92:遊び人（Lv6）","214:フェアリー（Lv4）；328:ゾンビ（Lv5）","0","0","1","诱人之舞","踊る","対象：敵単体　効果：スタン
让人不由自主想跳舞的舞蹈，使敌人眩晕","92:游人（Lv6）","214:妖精（Lv4）；328:僵尸（Lv5）","37"
"2033","不思議な踊り","踊る","威力：Ｅ（器・魔）　対象：敵単体　効果：MP吸収
魔力のこもった舞いで敵のMPを吸い取る","93:踊り子（Lv2）","215:風精（Lv3）；306:竜宮舞妓（Lv2）；329:ハイアンデッド（Lv5）","0","0","1","不可思议之舞","踊る","威力：Ｅ（器・魔）　対象：敵単体　効果：MP吸収
充满魔力的舞蹈，吸取敌人的MP","93:舞者（Lv2）","215:风精灵（Lv3）；306:龙宫舞妓（Lv2）；329:高级不死族（Lv5）","37"
"2034","衰弱の舞","踊る","対象：敵全体　効果：全能力ダウン
奇妙な舞いで敵全体をパワーダウンさせる","","259:蛇巫女（Lv10）","0","0","5","衰弱之舞","踊る","対象：敵全体　効果：全能力ダウン
奇妙的舞蹈，使全体敌人能力下降","","259:蛇巫女（Lv10）","37"
"2035","セクシーダンス","踊る","対象：敵全体　効果：敏感・恍惚
セクシーな舞いで敵を興奮させる","93:踊り子（Lv4）","306:竜宮舞妓（Lv9）；348:アカデミードール（Lv5）","0","0","2","性感之舞","踊る","対象：敵全体　効果：敏感・恍惚
性感的舞蹈，使敌人兴奋","93:舞者（Lv4）","306:龙宫舞妓（Lv9）；348:学院人偶（Lv5）","37"
"2036","呪いの踊り","踊る","対象：敵全体　効果：毒・暗闇・沈黙
呪いを込めた舞いで敵を状態異常にする","93:踊り子（Lv8）","219:ダークフェアリー（Lv9）；250:狐芸者（Lv8）；329:ハイアンデッド（Lv8）","0","0","2","诅咒之舞","踊る","対象：敵全体　効果：毒・暗闇・沈黙
注入诅咒的舞蹈使敌人陷入异常状态","93:舞者（Lv8）","219:暗黑妖精（Lv9）；250:狐艺伎（Lv8）；329:高级不死族（Lv8）","37"
"2037","フェアリーダンス","踊る","対象：敵全体　効果：ミニマム
妖精に伝わる舞いで敵を小さくする","","214:フェアリー（Lv6）","0","0","2","妖精之舞","踊る","対象：敵全体　効果：ミニマム
传承自妖精的舞蹈使敌人变小","","214:妖精（Lv6）","37"
"2038","ミステリーダンス","踊る","対象：敵全体　効果：混乱
奇妙な舞いで敵の心を乱す","","215:風精（Lv6）","0","0","2","神秘之舞","踊る","対象：敵全体　効果：混乱
奇妙的舞蹈扰乱敌人的心","","215:风精灵（Lv6）","37"
"2039","時濁の踊り","踊る","対象：敵全体　効果：スロウ・ストップ
時空の舞いで時の流れを阻害する","","306:竜宮舞妓（Lv7）","0","5","2","时浊之舞","踊る","対象：敵全体　効果：スロウ・ストップ
时空的舞蹈阻碍时间的流动","","306:龙宫舞妓（Lv7）","37"
"2040","メカニカルダンス","踊る","対象：敵全体　効果：スロウ・ストップ
機械的な踊りで敵の動きを鈍らせる","","348:アカデミードール（Lv2）","0","0","3","机械之舞","踊る","対象：敵全体　効果：スロウ・ストップ
机械般的舞蹈使敌人的动作迟钝","","348:学院人偶（Lv2）","37"
"2041","神災の踊り","踊る","対象：敵全体　効果：バーン・フリーズ・ショック
災いの踊りで敵全体に災厄をもたらす","","307:竜宮姫（Lv4）","0","0","3","神灾之舞","踊る","対象：敵全体　効果：バーン・フリーズ・ショック
灾祸的舞蹈给全体敌人带来灾厄","","307:龙宫姬（Lv4）","37"
"2042","死の踊り","踊る","対象：敵全体　効果：即死
死の舞いで敵全体の息の根を止める","93:踊り子（Lv10）","220:アークフェアリー（Lv2）；251:狐花魁（Lv7）；260:白蛇神楽（Lv3）；330:マスターアンデッド（Lv5）","0","0","5","死之舞","踊る","対象：敵全体　効果：即死
死亡之舞使全体敌人停止呼吸","93:舞者（Lv10）","220:大妖精（Lv2）；251:狐花魁（Lv7）；260:白蛇神乐（Lv3）；330:大师不死族（Lv5）","37"
"2043","破護の舞","踊る","対象：敵全体　効果：強化解除
不思議な舞いで敵の強化効果を解除する","","260:白蛇神楽（Lv2）","0","0","2","破护之舞","踊る","対象：敵全体　効果：強化解除
奇妙的舞蹈解除敌人的强化效果","","260:白蛇神乐（Lv2）","37"
"2044","竜宮の踊り","踊る","対象：敵全体　効果：全属性弱点
陰陽の力がこもった舞いで全属性を弱点にする","","306:竜宮舞妓（Lv10）","0","0","6","龙宫之舞","踊る","対象：敵全体　効果：全属性弱点
蕴含阴阳之力的舞蹈使全属性变为弱点","","306:龙宫舞妓（Lv10）","37"
"2045","召喚の踊り","踊る","効果：ランダム
魔力のこもった踊りでランダム召喚を行う","","220:アークフェアリー（Lv3）","0","0","4","召唤之舞","踊る","効果：ランダム
蕴含魔力的舞蹈进行随机召唤","","220:大妖精（Lv3）","37"
"2046","元気の踊り","踊る","対象：味方単体　効果：HP小回復
元気の出る踊りで味方単体を回復させる","","274:ハーピー（Lv4）","0","0","1","元气之舞","踊る","対象：味方単体　効果：HP小回復
充满元气的舞蹈，为我方单体进行回复","","274:哈比（Lv4）","37"
"2047","ハッスルダンス","踊る","対象：味方全体　効果：HP中回復
生命力みなぎる踊りで味方全体の体力を回復する","100:スーパースター（Lv5）","","0","0","2","活力之舞","踊る","対象：味方全体　効果：HP中回復
充满生命力的舞蹈，为我方全体恢复体力","100:超级巨星（Lv5）","","37"
"2048","蛇巫女の舞","踊る","対象：味方全体　効果：HP・MPターン小回復
ラミア族に伝わる踊りで新陳代謝を活性化させる","","259:蛇巫女（Lv2）","0","0","2","蛇巫女之舞","踊る","対象：味方全体　効果：HP・MPターン小回復
拉米亚族传承的舞蹈，激活新陈代谢","","259:蛇巫女（Lv2）","37"
"2049","不死鳥の踊り","踊る","対象：味方全体　効果：自動蘇生
ハーピー族に伝わる踊りで死者を自動蘇生させる","","281:クィーンハーピー（Lv8）","0","0","20","不死鸟之舞","踊る","対象：味方全体　効果：自動蘇生
哈比族传承的舞蹈，自动复活死者","","281:哈比女王（Lv8）","37"
"2050","生贄の舞い","踊る","対象：味方全体　効果：HP全回復・完全蘇生
自身を生け贄に捧げる舞いで味方を全回復・蘇生する","94:戦巫女（Lv8）","220:アークフェアリー（Lv6）；260:白蛇神楽（Lv6）","0","0","0","祭品之舞","踊る","対象：味方全体　効果：HP全回復・完全蘇生
以自身为祭品的舞蹈，为队友进行全回复和复活","94:战巫女（Lv8）","220:大妖精（Lv6）；260:白蛇神乐（Lv6）","37"
"2051","鼓舞の踊り","踊る","対象：味方全体　効果：力・素早さアップ
味方を鼓舞する踊りで攻撃力と素早さを高める","93:踊り子（Lv2）","259:蛇巫女（Lv4）","0","0","5","鼓舞之舞","踊る","対象：味方全体　効果：力・素早さアップ
鼓舞队友的舞蹈，提升攻击力和敏捷","93:舞者（Lv2）","259:蛇巫女（Lv4）","37"
"2052","キャットダンス","踊る","対象：味方全体　効果：回避率大アップ
ねこまたに伝わる踊りで味方全体の回避率をアップさせる","","241:ねこまた（Lv4）","0","0","4","猫之舞","踊る","対象：味方全体　効果：回避率大アップ
猫又传承的舞蹈，提升我方全体的回避率","","241:猫又（Lv4）","37"
"2053","バステトダンス","踊る","対象：味方全体　効果：回避率・魔法回避率大アップ
ねこまたに伝わる踊りで味方全体の回避率を大きくアップさせる","","242:武神キャット（Lv4）","0","0","8","芭丝特之舞","踊る","対象：味方全体　効果：回避率・魔法回避率大アップ
猫又传承的舞蹈，大幅提升我方全体的回避率","","242:武神猫（Lv4）","37"
"2054","ワイルドダンス","踊る","対象：味方全体　効果：回避率・カウンター率大アップ
野生の本能を呼び覚ます踊りで、回避率と反撃率をアップさせる","","241:ねこまた（Lv9）","0","0","6","野性之舞","踊る","対象：味方全体　効果：回避率・カウンター率大アップ
唤醒野性本能的舞蹈，提升回避率和反击率","","241:猫又（Lv9）","37"
"2055","武神の踊り","踊る","対象：味方全体　効果：乱れ打ち可能
特殊な踊りで武神の加護を授かり、連続攻撃が可能になる","","242:武神キャット（Lv9）","0","0","8","武神之舞","踊る","対象：味方全体　効果：乱れ打ち可能
特殊舞蹈获得武神庇佑，可进行连续攻击","","242:武神猫（Lv9）","37"
"2056","ハーピーダンス","踊る","対象：使用者　効果：素早さ・回避率・魔法回避率大アップ
ハーピー族に伝わる踊りで自身の身のこなしがアップする","","274:ハーピー（Lv7）","0","0","2","哈比之舞","踊る","対象：使用者　効果：素早さ・回避率・魔法回避率大アップ
哈比族传承的舞蹈，提升自身身手","","274:哈比（Lv7）","37"
"2057","天空の踊り","踊る","対象：味方全体　効果：素早さ・回避率・魔法回避率大アップ
ハーピー族に伝わる踊りで味方全員の身のこなしがアップする","","275:ウィングハーピー（Lv4）","0","0","6","天空之舞","踊る","対象：味方全体　効果：素早さ・回避率・魔法回避率大アップ
哈比族传承的舞蹈，提升全体队友身手","","275:翼身哈比（Lv4）","37"
"2058","無縫天舞","踊る","対象：使用者　効果：回避率・魔法回避率100%
いかなる攻撃も回避する伝説の舞い","","276:エルダーハーピー（Lv6）","0","0","10","无缝天舞","踊る","対象：使用者　効果：回避率・魔法回避率100%
传说中能回避任何攻击的舞蹈","","276:长老哈比（Lv6）","37"
"2059","戦士の踊り","踊る","対象：使用者　効果：攻撃力・素早さアップ
闘争本能を呼び覚まし、攻撃能力を強化する舞い","","277:ハーピーナイト（Lv4）","0","0","3","战士之舞","踊る","対象：使用者　効果：攻撃力・素早さアップ
唤醒斗争本能，强化攻击能力的舞蹈","","277:哈比骑士（Lv4）","37"
"2060","英雄の踊り","踊る","対象：使用者　効果：全能力アップ
闘争本能を呼び覚まし、全能力を強化する舞い","","278:スカイハイ（Lv4）","0","0","8","英雄之舞","踊る","対象：使用者　効果：全能力アップ
唤醒斗争本能，强化全能力的舞蹈","","278:至高天（Lv4）","37"
"2061","蛇神の舞","踊る","対象：味方全体　効果：反撃率100%・反撃攻撃力大アップ
全員がカウンター能力を向上させる蛇神の踊り","","263:クィーンラミア（Lv4）","0","0","5","蛇神之舞","踊る","対象：味方全体　効果：反撃率100%・反撃攻撃力大アップ
全体提升反击能力的蛇神之舞","","263:拉米亚女王（Lv4）","37"
"2062","狐の舞","踊る","対象：使用者　効果：消費MP・SP1/4
MPやSPの消費が格段に低下する妖狐族の踊り","","250:狐芸者（Lv9）","0","0","6","狐之舞","踊る","対象：使用者　効果：消費MP・SP1/4
妖狐族的舞蹈，大幅降低MP和SP消耗","","250:狐艺伎（Lv9）","37"
"2063","月宴の舞","踊る","対象：味方全体　効果：消費MP・SP1/4
全員のMPやSPの消費が格段に低下する妖狐族の踊り","","251:狐花魁（Lv9）","0","0","12","月宴之舞","踊る","対象：味方全体　効果：消費MP・SP1/4
全体成员的MP和SP消耗大幅降低的妖狐族舞蹈","","251:狐花魁（Lv9）","37"
"2064","十六夜神楽","踊る","対象：味方全体　効果：物理無効
物理攻撃を受け付けなくなるラミア族秘伝の舞い","","260:白蛇神楽（Lv7）","0","0","12","十六夜神乐","踊る","対象：味方全体　効果：物理無効
使物理攻击无效的拉米亚族秘传舞蹈","","260:白蛇神乐（Lv7）","37"
"2065","宵月神楽","踊る","対象：味方全体　効果：魔法無効
魔法攻撃を受け付けなくなるラミア族秘伝の舞い","","260:白蛇神楽（Lv8）","0","0","12","宵月神乐","踊る","対象：味方全体　効果：魔法無効
使魔法攻击无效的拉米亚族秘传舞蹈","","260:白蛇神乐（Lv8）","37"
"2066","わかめダンス","踊る","対象：敵全体　効果：睡眠・水弱点
ゆらゆらと揺れるような踊りで敵全体を眠らせる","","","0","0","2","海带之舞","踊る","対象：敵全体　効果：睡眠・水弱点
像摇曳的海藻一样的舞蹈让全体敌人陷入睡眠","","","37"
"2067","すずめのおどり","踊る","対象：味方全員　効果：混乱・睡眠の治療と防護・SP微回復
すずめの踊りが朝の目覚めを告げる","","","0","0","1","雀之舞","踊る","対象：味方全員　効果：混乱・睡眠の治療と防護・SP微回復
雀之舞宣告着清晨的觉醒","","","37"
"2068","快楽舞踏","踊る","威力：Ａ（器）　対象：敵ランダム4回　属性：快楽
舞いのような愛撫を繰り出し、一網打尽にする快楽技","","","0","0","6","快乐舞踏","踊る","威力：Ａ（器）　対象：敵ランダム4回　属性：快楽
像舞蹈一样的爱抚，一网打尽的快乐技","","","37"
"2069","時止めの舞","踊る","対象：全世界　効果：時間停止
時の流れに干渉し、時間を止める踊り","7066:極マリシ偶像（Lv17）","","0","0","12","时停之舞","踊る","対象：全世界　効果：時間停止
干涉时间流动，使时间停止的舞蹈","7066:极致偶像（Lv17）","","37"
"2071","うずしおの歌","歌う","威力：Ｃ（器）　対象：敵全体　属性：水　効果：睡眠
海の歌でうずしおを呼び、敵全体に水ダメージを与える","","195:ハイマーメイド（Lv4）；306:竜宮舞妓（Lv3）","0","5","3","漩涡之歌","歌唱","威力：Ｃ（器）　対象：敵全体　属性：水　効果：睡眠
用海之歌召唤漩涡，对全体敌人造成水属性伤害","","195:高等人鱼（Lv4）；306:龙宫舞妓（Lv3）","38"
"2072","大海の歌","歌う","威力：Ａ（器）　対象：敵全体　属性：水
海の主に捧げる歌で大海を荒ぶらせる","","196:ローレライ（Lv5）；307:竜宮姫（Lv9）","0","10","4","大海之歌","歌唱","威力：Ａ（器）　対象：敵全体　属性：水
献给海之主的歌，使大海狂暴","","196:罗蕾莱（Lv5）；307:龙宫姬（Lv9）","38"
"2073","舞唄・花散里","歌う","威力：Ｃ（器）　対象：敵全体　属性：土
狐族に伝わる歌で大地を揺るがす","","250:狐芸者（Lv10）","0","5","3","舞歌・花散里","歌唱","威力：Ｃ（器）　対象：敵全体　属性：土
狐族传承的歌谣，震撼大地","","250:狐艺伎（Lv10）","38"
"2074","終唄・夢浮橋","歌う","威力：Ａ（器）　対象：敵全体　属性：土
狐族に伝わる歌で大地の怒りを炸裂させる","","251:狐花魁（Lv10）","0","10","4","终歌・梦浮桥","歌唱","威力：Ａ（器）　対象：敵全体　属性：土
狐族传承的歌谣，引发大地之怒爆发","","251:狐花魁（Lv10）","38"
"2075","レクイエム","歌う","威力：Ｃ（器）　対象：敵全体　属性：音波　効果：ゾンビ・幽霊特攻
死者に捧げる鎮魂歌でアンデッドにダメージを与える","96:神唱の歌姫（Lv6）","196:ローレライ（Lv6）","0","0","4","镇魂曲","歌唱","威力：Ｃ（器）　対象：敵全体　属性：音波　効果：ゾンビ・幽霊特攻
献给死者的镇魂曲，对不死族造成伤害","96:神唱的歌姬（Lv6）","196:罗蕾莱（Lv6）","38"
"2076","レクイエム・キリエ","歌う","威力：Ｓ（器）　対象：敵全体　属性：音波　効果：ゾンビ・幽霊特攻
強力なレクイエムでアンデッドを消滅させる","7037:歌唱神（Lv4）","","0","0","12","镇魂曲・垂怜经","歌唱","威力：Ｓ（器）　対象：敵全体　属性：音波　効果：ゾンビ・幽霊特攻
强大的镇魂曲，消灭不死族","7037:歌唱神（Lv4）","","38"
"2077","サウンドインパクト","歌う","威力：Ｃ（器）　対象：敵全体　属性：音波
大音量で敵全体に衝撃を与える技","","347:ボーカロイド（Lv8）","0","0","4","音波冲击","歌唱","威力：Ｃ（器）　対象：敵全体　属性：音波
以巨大音量对全体敌人造成冲击的技能","","347:声乐人偶（Lv8）","38"
"2078","クリティカルシャウト","歌う","威力：Ａ（器）　対象：敵全体　属性：音波
音の衝撃波で空間を揺るがす奥義","","348:アカデミードール（Lv6）","0","0","6","致命呐喊","歌唱","威力：Ａ（器）　対象：敵全体　属性：音波
音波冲击波撼动空间的奥义","","348:学院人偶（Lv6）","38"
"2079","愛の歌","歌う","対象：敵全体　効果：恍惚
甘いメロディーで敵全体を恍惚に浸らせる","96:神唱の歌姫（Lv4）","","0","0","2","爱之歌","歌唱","対象：敵全体　効果：恍惚
甜美的旋律使全体敌人陷入恍惚","96:神唱的歌姬（Lv4）","","38"
"2080","人魚の歌","歌う","対象：敵全体　効果：誘惑
心をとろけさせる歌で敵全体を誘惑する","","194:マーメイド（Lv3）","0","0","2","人鱼之歌","歌唱","対象：敵全体　効果：誘惑
使心灵融化的歌声诱惑全体敌人","","194:人鱼（Lv3）","38"
"2081","キラッ☆","歌う","対象：敵全体　効果：スタン・誘惑
歌姫の輝きで全てのギャラリーを魅了する","100:スーパースター（Lv7）","","0","0","2","闪亮☆","歌唱","対象：敵全体　効果：スタン・誘惑
歌姬的光辉魅惑所有观众","100:超级巨星（Lv7）","","38"
"2082","ヒュプノスシンフォニー","歌う","対象：敵全体　効果：睡眠
眠りのメロディーで敵全体を睡眠に誘う","","347:ボーカロイド（Lv2）","0","0","2","催眠交响曲","歌唱","対象：敵全体　効果：睡眠
催眠的旋律诱使全体敌人入睡","","347:声乐人偶（Lv2）","38"
"2083","タナトスセレナーデ","歌う","対象：敵全体　効果：即死
死のメロディーで敵全体を即死させる","","347:ボーカロイド（Lv10）","0","0","5","塔纳托斯小夜曲","歌唱","対象：敵全体　効果：即死
用死亡的旋律使全体敌人立即死亡","","347:声乐人偶（Lv10）","38"
"2084","ちぃぱっぱの歌","歌う","対象：敵味方全体　効果：混乱
奇妙な歌で敵味方全体を混乱させる","","","0","0","1","叽啪啪之歌","歌唱","対象：敵味方全体　効果：混乱
用奇怪的歌使敌我全体陷入混乱","","","38"
"2085","精霊の歌","歌う","対象：味方全体　効果：蘇生
精霊に捧げる歌で戦闘不能の仲間を蘇生させる","96:神唱の歌姫（Lv10）","","0","0","3","精灵之歌","歌唱","対象：味方全体　効果：蘇生
献给精灵的歌，使战斗不能的同伴复活","96:神唱的歌姬（Lv10）","","38"
"2086","生命の歌","歌う","対象：味方全体　効果：ターンHP小回復
生命力を促進させる歌でターンごとにHPを回復する","95:吟遊詩人（Lv2）","306:竜宮舞妓（Lv4）；347:ボーカロイド（Lv3）","0","0","2","生命之歌","歌唱","対象：味方全体　効果：ターンHP小回復
促进生命力的歌，每回合恢复HP","95:吟游诗人（Lv2）","306:龙宫舞妓（Lv4）；347:声乐人偶（Lv3）","38"
"2087","活力の歌","歌う","対象：味方全体　効果：ターンSP小回復
活力を促進させる歌でターンごとにSPを回復する","95:吟遊詩人（Lv6）","347:ボーカロイド（Lv7）","0","0","2","活力之歌","歌唱","対象：味方全体　効果：ターンSP小回復
促进活力的歌，每回合恢复SP","95:吟游诗人（Lv6）","347:声乐人偶（Lv7）","38"
"2088","魔力の歌","歌う","対象：味方全体　効果：ターンMP小回復
魔力を促進させる歌でターンごとにMPを回復する","95:吟遊詩人（Lv10）","307:竜宮姫（Lv4）；348:アカデミードール（Lv3）","0","0","2","魔力之歌","歌唱","対象：味方全体　効果：ターンMP小回復
促进魔力的歌，每回合恢复MP","95:吟游诗人（Lv10）","307:龙宫姬（Lv4）；348:学院人偶（Lv3）","38"
"2089","攻勢の歌","歌う","対象：味方全体　効果：攻撃力・魔力アップ
華々しい歌で味方全体の闘争心を高める","95:吟遊詩人（Lv8）","195:ハイマーメイド（Lv10）","0","0","5","攻势之歌","歌唱","対象：味方全体　効果：攻撃力・魔力アップ
用华丽的歌提升我方全体的斗志","95:吟游诗人（Lv8）","195:高等人鱼（Lv10）","38"
"2090","守勢の歌","歌う","対象：味方全体　効果：防御力・魔法防御力アップ
落ち着いた歌で味方全体の防御性能を高める","95:吟遊詩人（Lv4）","195:ハイマーメイド（Lv4）","0","0","5","守势之歌","歌唱","対象：味方全体　効果：防御力・魔法防御力アップ
用平静的歌提升我方全体的防御性能","95:吟游诗人（Lv4）","195:高等人鱼（Lv4）","38"
"2091","英雄の歌","歌う","対象：味方全体　効果：全能力アップ
勇ましい歌で味方全体の潜在能力を引き出す","96:神唱の歌姫（Lv8）","251:狐花魁（Lv7）","0","0","8","英雄之歌","歌唱","対象：味方全体　効果：全能力アップ
用勇猛的歌激发我方全体的潜在能力","96:神唱的歌姬（Lv8）","251:狐花魁（Lv7）","38"
"2092","空蝉の歌","歌う","対象：味方全体　効果：回避率大アップ
不思議な歌で分身を生み出し、回避率をアップさせる","96:神唱の歌姫（Lv2）","","0","0","4","空蝉之歌","歌唱","対象：味方全体　効果：回避率大アップ
用神奇的歌声产生分身，提高回避率","96:神唱的歌姬（Lv2）","","38"
"2093","必中の歌","歌う","対象：味方全体　効果：命中率100%
集中力を高める歌で味方の攻撃が外れなくなる","","306:竜宮舞妓（Lv6）","0","0","3","必中之歌","歌唱","対象：味方全体　効果：命中率100%
集中力提升的歌声使友方的攻击不会落空","","306:龙宫舞妓（Lv6）","38"
"2094","魔鏡の歌","歌う","対象：味方全体　効果：魔法反射
魔力のこもった歌で敵の魔法を反射する","","307:竜宮姫（Lv3）","0","0","6","魔镜之歌","歌唱","対象：味方全体　効果：魔法反射
充满魔力的歌声反射敌人的魔法","","307:龙宫姬（Lv3）","38"
"2095","竜脈の歌","歌う","対象：味方全体　効果：風・土・水吸収
陰陽の歌で自然のエネルギーを吸収する","","306:竜宮舞妓（Lv9）","0","0","6","龙脉之歌","歌唱","対象：味方全体　効果：風・土・水吸収
阴阳之歌吸收自然能量","","306:龙宫舞妓（Lv9）","38"
"2096","海賊の歌","歌う","対象：味方全体　効果：バーサク
海賊に伝わる歌で味方全員を狂戦士と化す","","197:海賊マーメイド（Lv4）","0","0","1","海贼之歌","歌唱","対象：味方全体　効果：バーサク
海贼传承的歌声使全体友方化为狂战士","","197:海贼人鱼（Lv4）","38"
"2097","海賊王の歌","歌う","対象：味方全体　効果：バーサク・2回行動
海賊に伝わる歌で味方全員を究極の狂戦士と化す","","198:海賊王ローレライ（Lv4）","0","0","3","海贼王之歌","歌唱","対象：味方全体　効果：バーサク・2回行動
海贼传承的歌声使全体友方化为究极狂战士","","198:海贼王罗蕾莱（Lv4）","38"
"2098","技能の歌","歌う","対象：使用者　効果：全スキルタイプ使用可能
潜在能力を覚醒させ、全てのスキルタイプを使用できる","","250:狐芸者（Lv4）","0","0","2","技能之歌","歌唱","対象：使用者　効果：全スキルタイプ使用可能
觉醒潜在能力，可以使用所有技能类型","","250:狐艺伎（Lv4）","38"
"2099","全能の歌","歌う","対象：味方全員　効果：全スキル使用可能
味方全員の潜在能力が覚醒し、全スキルタイプを使用できる","","251:狐花魁（Lv5）","0","0","4","全能之歌","歌唱","対象：味方全員　効果：全スキル使用可能
全体友方的潜在能力觉醒，可以使用所有技能类型","","251:狐花魁（Lv5）","38"
"2100","避死歌謡","歌う","対象：味方全員　効果：即死・昇天・絶頂無効
祈りの歌で即死系の効果を受け付けなくなる","","250:狐芸者（Lv7）","0","0","3","避死歌谣","歌唱","対象：味方全員　効果：即死・昇天・絶頂無効
祈祷之歌使即死系效果无效","","250:狐艺伎（Lv7）","38"
"2101","デイジー・ベル","歌う","対象：味方全体　効果：全属性強化
加護の歌で全ての属性の力が上昇する","","347:ボーカロイド（Lv4）","0","0","7","Daisy Bell","歌唱","対象：味方全体　効果：全属性強化
加护之歌使所有属性的力量提升","","347:声乐人偶（Lv4）","38"
"2102","ラッキーソング","歌う","対象：味方全体　効果：獲得経験値・職業経験値2倍
幸福の歌で戦闘経験が倍になる","92:遊び人（Lv8）","","0","0","3","幸运之歌","歌唱","対象：味方全体　効果：獲得経験値・職業経験値2倍
幸福的歌声让战斗经验翻倍","92:游人（Lv8）","","38"
"2103","ミラクルソング","歌う","対象：味方全体　効果：獲得経験値・職業経験値3倍
奇跡の歌で戦闘経験が3倍になる","","348:アカデミードール（Lv4）","0","0","10","奇迹之歌","歌唱","対象：味方全体　効果：獲得経験値・職業経験値3倍
奇迹的歌声让战斗经验变为三倍","","348:学院人偶（Lv4）","38"
"2104","誘惑の歌","歌う","対象：敵全体　効果：誘惑
心をとろけさせる歌で敵全体を誘惑する","","","0","0","1","诱惑之歌","歌唱","対象：敵全体　効果：誘惑
使心灵融化的歌声诱惑全体敌人","","","38"
"2105","子守歌","歌う","対象：敵全体　効果：睡眠
優しい子守歌で敵全体を睡眠に誘う","","","0","0","1","摇篮曲","歌唱","対象：敵全体　効果：睡眠
温柔的摇篮曲让全体敌人陷入睡眠","","","38"
"2106","まほろばの歌","歌う","対象：味方全体　効果：全状態異常耐性アップ
パーティ全体が状態異常にかかりにくくなる","","","0","0","4","宝福之歌","歌唱","対象：味方全体　効果：全状態異常耐性アップ
全体队员对状态异常的抵抗力增强","","","38"
"2109","話し掛ける","話す","対象：敵単体　効果：敵と会話
フレンドリーに話し掛け、敵を会話に誘う","120:情報屋（Lv2）","","0","0","1","搭话","交谈","対象：敵単体　効果：敵と会話
友好地搭话，诱导敌人进行对话","120:情报贩子（Lv2）","","39"
"2110","ほめる","話す","対象：敵単体　効果：友好度小アップ
敵を褒め、友好度を少し上げる","120:情報屋（Lv10）","","0","0","3","称赞","交谈","対象：敵単体　効果：友好度小アップ
夸奖敌人，稍微提升友好度","120:情报贩子（Lv10）","","39"
"2111","大賞賛","話す","対象：敵単体　効果：友好度大アップ
敵を賞賛し、友好度を大きく上げる","122:話神（Lv10）","","0","0","10","大赞赏","交谈","対象：敵単体　効果：友好度大アップ
赞美敌人，大幅提升友好度","122:话神（Lv10）","","39"
"2112","挑発する","話す","対象：敵単体　効果：友好度小ダウン
敵を挑発し、友好度を少し下げる","120:情報屋（Lv4）","","0","0","1","挑衅","交谈","対象：敵単体　効果：友好度小ダウン
挑衅敌人，稍微降低友好度","120:情报贩子（Lv4）","","39"
"2113","大罵倒","話す","対象：敵単体　効果：友好度大ダウン
敵を罵倒し、友好度を大きく下げる","122:話神（Lv2）","","0","0","2","大骂倒","交谈","対象：敵単体　効果：友好度大ダウン
辱骂敌人，大幅降低友好度","122:话神（Lv2）","","39"
"2114","お金をもらう","話す","対象：敵単体　効果：ゴールド獲得・友好度微ダウン
敵からゴールドをもらうが、友好度が少し下がる","121:話術士（Lv4）","","0","0","2","获得金钱","交谈","対象：敵単体　効果：ゴールド獲得・友好度微ダウン
从敌人那里要到金币，但友好度会稍微下降","121:话术士（Lv4）","","39"
"2115","アイテムをもらう","話す","対象：敵単体　効果：アイテム獲得・友好度微ダウン
敵からアイテムをもらうが、友好度が少し下がる","121:話術士（Lv5）","","0","0","2","获得物品","交谈","対象：敵単体　効果：アイテム獲得・友好度微ダウン
从敌人那里要到物品，但友好度会稍微下降","121:话术士（Lv5）","","39"
"2116","仲間に誘う","話す","対象：敵全体　効果：仲間確率3倍
敵を勧誘し、その戦闘で仲間になりやすくする","121:話術士（Lv6）","","0","0","4","邀请成为伙伴","交谈","対象：敵全体　効果：仲間確率3倍
劝诱敌人，使其在这场战斗中更容易成为伙伴","121:话术士（Lv6）","","39"
"2117","おどす","話す","対象：敵単体　効果：敵逃走・友好度微ダウン
敵単体を脅し、戦闘から逃走させる","121:話術士（Lv2）","","0","0","2","威胁","交谈","対象：敵単体　効果：敵逃走・友好度微ダウン
恐吓单体敌人，使其从战斗中逃跑","121:话术士（Lv2）","","39"
"2118","帰ってもらう","話す","対象：敵全体　効果：敵逃走・友好度微ダウン
敵全体を言葉で諭し、帰ってもらう","121:話術士（Lv9）","","0","0","4","请回去","交谈","対象：敵全体　効果：敵逃走・友好度微ダウン
用言语劝说全体敌人，让其回去","121:话术士（Lv9）","","39"
"2119","おもしろい話","話す","対象：敵全体　効果：スタン
おもしろい話で敵全体をスタンさせる","120:情報屋（Lv5）","","0","0","2","有趣的故事","交谈","対象：敵全体　効果：スタン
用有趣的故事让全体敌人眩晕","120:情报贩子（Lv5）","","39"
"2120","いやらしい話","話す","対象：敵全体　効果：敏感
淫らな話で敵を敏感にする","120:情報屋（Lv6）","","0","0","2","下流的故事","交谈","対象：敵全体　効果：敏感
用淫秽的故事让敌人变得敏感","120:情报贩子（Lv6）","","39"
"2121","怖い話","話す","対象：敵全体　効果：麻痺
怖い話で敵全体を麻痺させる","120:情報屋（Lv8）","","0","0","2","恐怖的故事","交谈","対象：敵全体　効果：麻痺
用恐怖的故事让全体敌人麻痹","120:情报贩子（Lv8）","","39"
"2122","寒いギャグ","話す","対象：敵全体　効果：沈黙・フリーズ
寒いギャグで敵を硬直させる","120:情報屋（Lv9）","","0","0","2","冷笑话","交谈","対象：敵全体　効果：沈黙・フリーズ
用冷笑话让敌人僵直","120:情报贩子（Lv9）","","39"
"2123","言葉の爆弾","話す","威力：Ａ（器）　対象：敵全体　属性：音波
言霊の力で爆発を起こす","121:話術士（Lv10）","","0","0","7","言语之炸弹","交谈","威力：Ａ（器）　対象：敵全体　属性：音波
用言灵的力量引发爆炸","121:话术士（Lv10）","","39"
"2124","呪詛","話す","対象：敵全体　効果：即死・闇穢
言霊の力で敵全体に呪いを振りまく","122:話神（Lv5）","","0","0","6","诅咒","交谈","対象：敵全体　効果：即死・闇穢
用言灵的力量对全体敌人施加诅咒","122:话神（Lv5）","","39"
"2125","祝詞","話す","対象：味方全体　効果：HP大回復
言霊の力で味方全体を癒やす","122:話神（Lv9）","","0","0","5","祝词","交谈","対象：味方全体　効果：HP大回復
用言灵的力量治愈我方全体","122:话神（Lv9）","","39"
"2126","英雄譚","話す","対象：味方全体　効果：全能力アップ
言霊の力で味方全体の潜在能力を解放する","122:話神（Lv4）","","0","0","8","英雄谭","交谈","対象：味方全体　効果：全能力アップ
用言灵的力量解放我方全体的潜在能力","122:话神（Lv4）","","39"
"2127","クィックワード","話す","対象：味方全体　効果：二回行動1ターン
味方全体が機敏に動くようになる支援の言霊","7045:言霊神（Lv14）","","0","0","25","快速话语","交谈","対象：味方全体　効果：二回行動1ターン
让我方全体敏捷行动的支援言灵","7045:言灵神（Lv14）","","39"
"2128","オーバーワード","話す","対象：敵全体　効果：混乱・睡眠・石化・ミニマム
敵に呪いを振りまく禁断の言霊","7045:言霊神（Lv2）","","0","0","5","过度话语","交谈","対象：敵全体　効果：混乱・睡眠・石化・ミニマム
对敌施加诅咒的禁断言灵","7045:言灵神（Lv2）","","39"
"2129","行動予約","話す","対象：使用者　効果：次ターンに三回行動
そのターンは行動せずに、次ターンに三連続で行動する","7045:言霊神（Lv8）","","0","0","10","行动预约","交谈","対象：使用者　効果：次ターンに三回行動
该回合不行动，下次回合连续行动三次","7045:言灵神（Lv8）","","39"
"2132","燃焼反応","魔導科学","威力：Ｄ（魔or器）　対象：敵全体　属性：炎
科学の力で燃焼反応を起こす","103:学者（Lv2）","","0","0","3","燃烧反应","魔導科学","威力：Ｄ（魔or器）　対象：敵全体　属性：炎
用科学的力量引发燃烧反应","103:学者（Lv2）","","40"
"2133","超熱輻射","魔導科学","威力：Ｃ（魔or器）　対象：敵全体　属性：炎
科学の力で超熱輻射を起こす","104:魔導学者（Lv2）","","0","0","5","超热辐射","魔導科学","威力：Ｃ（魔or器）　対象：敵全体　属性：炎
利用科学的力量引发超热辐射","104:魔导学者（Lv2）","","40"
"2134","爆縮","魔導科学","威力：Ａ（魔or器）　対象：敵全体　属性：炎
科学の力で爆縮を起こす","105:マスターアルケミスト（Lv2）","","0","0","8","内爆","魔導科学","威力：Ａ（魔or器）　対象：敵全体　属性：炎
利用科学的力量引发内爆","105:大师炼金术士（Lv2）","","40"
"2135","凝結反応","魔導科学","威力：Ｄ（魔or器）　対象：敵全体　属性：氷
科学の力で凝結反応を起こす","103:学者（Lv3）","333:ゾンビドクター（Lv3）","0","0","3","凝结反应","魔導科学","威力：Ｄ（魔or器）　対象：敵全体　属性：氷
利用科学的力量引发凝结反应","103:学者（Lv3）","333:僵尸医生（Lv3）","40"
"2136","電荷相転移","魔導科学","威力：Ｃ（魔or器）　対象：敵全体　属性：氷
科学の力で電荷相転移を起こす","104:魔導学者（Lv3）","333:ゾンビドクター（Lv10）","0","0","5","电荷相变","魔導科学","威力：Ｃ（魔or器）　対象：敵全体　属性：氷
利用科学的力量引发电荷相变","104:魔导学者（Lv3）","333:僵尸医生（Lv10）","40"
"2137","絶対零度","魔導科学","威力：Ａ（魔or器）　対象：敵全体　属性：氷
科学の力で絶対零度を起こす","105:マスターアルケミスト（Lv5）","","0","0","8","绝对零度","魔導科学","威力：Ａ（魔or器）　対象：敵全体　属性：氷
利用科学的力量引发绝对零度","105:大师炼金术士（Lv5）","","40"
"2138","通電反応","魔導科学","威力：Ｄ（魔or器）　対象：敵全体　属性：雷
科学の力で通電反応を起こす","103:学者（Lv4）","","0","0","3","通电反应","魔導科学","威力：Ｄ（魔or器）　対象：敵全体　属性：雷
利用科学的力量引发通电反应","103:学者（Lv4）","","40"
"2139","真空放電","魔導科学","威力：Ｃ（魔or器）　対象：敵全体　属性：雷
科学の力で真空放電を起こす","104:魔導学者（Lv4）","","0","0","5","真空放电","魔導科学","威力：Ｃ（魔or器）　対象：敵全体　属性：雷
利用科学的力量引发真空放电","104:魔导学者（Lv4）","","40"
"2140","プラズマ","魔導科学","威力：Ａ（魔or器）　対象：敵全体　属性：雷
科学の力でプラズマを起こす","105:マスターアルケミスト（Lv8）","334:デスプロフェッサー（Lv7）","0","0","8","等离子","魔導科学","威力：Ａ（魔or器）　対象：敵全体　属性：雷
利用科学的力量引发等离子体","105:大师炼金术士（Lv8）","334:死亡教授（Lv7）","40"
"2141","沈黙の春","魔導科学","威力：Ｂ（魔or器）　対象：敵全体　属性：バイオ　効果：暗闇・沈黙
特別に生成された化学兵器を使用する","104:魔導学者（Lv10）","","0","0","6","寂静的春天","魔導科学","威力：Ｂ（魔or器）　対象：敵全体　属性：バイオ　効果：暗闇・沈黙
使用特别生成的化学武器","104:魔导学者（Lv10）","","40"
"2142","デザインブレイク","魔導科学","威力：Ｂ（魔or器）　対象：敵単体　効果：キメラ特攻
遺伝子操作された特別な魔物を破壊する","104:魔導学者（Lv9）","","0","0","5","设计破坏","魔導科学","威力：Ｂ（魔or器）　対象：敵単体　効果：キメラ特攻
破坏经过基因操作的特殊魔物","104:魔导学者（Lv9）","","40"
"2143","IDデストラクション","魔導科学","威力：Ｂ（魔or器）　対象：敵全体　効果：キメラ特攻
遺伝子操作された特別な魔物を抹消する","105:マスターアルケミスト（Lv4）","","0","0","6","ID破坏","魔導科学","威力：Ｂ（魔or器）　対象：敵全体　効果：キメラ特攻
抹消经过基因操作的特殊魔物","105:大师炼金术士（Lv4）","","40"
"2144","アルマゲスト","魔導科学","威力：Ｂ（魔or器）　対象：敵全体　属性：闇
科学の力で闇の波動を導く","","333:ゾンビドクター（Lv10）","10%当前HP","0","3","天文学大成","魔導科学","威力：Ｂ（魔or器）　対象：敵全体　属性：闇
用科学的力量引导暗之波动","","333:僵尸医生（Lv10）","40"
"2145","ダークマター","魔導科学","威力：Ａ（魔or器）　対象：敵全体　属性：闇
科学の力でダークマターを発生させる","","334:デスプロフェッサー（Lv10）","15%当前HP","0","8","暗物质","魔導科学","威力：Ａ（魔or器）　対象：敵全体　属性：闇
用科学的力量引发暗物质","","334:死亡教授（Lv10）","40"
"2146","ニュークリア","魔導科学","威力：Ｓ（魔or器）　対象：敵全体　属性：核熱
科学の力で核融合反応を引き起こす","105:マスターアルケミスト（Lv10）","","0","0","11","核","魔導科学","威力：Ｓ（魔or器）　対象：敵全体　属性：核熱
用科学的力量引发核融合反应","105:大师炼金术士（Lv10）","","40"
"2147","全環境防護","魔導科学","対象：使用者　効果：炎・氷・雷無効
全環境に耐えうる防護装備を着用する","103:学者（Lv7）","","0","0","2","全环境防护","魔導科学","対象：使用者　効果：炎・氷・雷無効
穿上能耐受全环境的防护装备","103:学者（Lv7）","","40"
"2148","対化学防護","魔導科学","対象：使用者　効果：状態異常予防
化学戦に耐えうる防護装備を着用する","103:学者（Lv9）","","0","0","2","化学防护","魔導科学","対象：使用者　効果：状態異常予防
穿上能耐受化学战的防护装备","103:学者（Lv9）","","40"
"2149","MP変換","魔導科学","対象：使用者　効果：MP小回復
SPをMPに変換する","103:学者（Lv10）","","0","0","3","MP转换","魔導科学","対象：使用者　効果：MP小回復
将SP转换为MP","103:学者（Lv10）","","40"
"2150","超MP変換","魔導科学","対象：使用者　効果：MP中回復
大量のSPをMPに変換する","104:魔導学者（Lv8）","","0","0","8","超MP转换","魔導科学","対象：使用者　効果：MP中回復
将大量SP转换为MP","104:魔导学者（Lv8）","","40"
"2151","極MP変換","魔導科学","対象：使用者　効果：MP大回復
膨大な量のSPをMPに変換する","105:マスターアルケミスト（Lv9）","","0","0","12","极MP转换","魔導科学","対象：使用者　効果：MP大回復
将庞大数量的SP转换为MP","105:大师炼金术士（Lv9）","","40"
"2152","SP変換","魔導科学","対象：使用者　効果：SP小回復
MPをSPに変換する","103:学者（Lv8）","","0","5","0","SP转换","魔導科学","対象：使用者　効果：SP小回復
将MP转换为SP","103:学者（Lv8）","","40"
"2153","超SP変換","魔導科学","対象：使用者　効果：SP中回復
大量のMPをSPに変換する","104:魔導学者（Lv7）","","0","10","0","超SP转换","魔導科学","対象：使用者　効果：SP中回復
将大量MP转换为SP","104:魔导学者（Lv7）","","40"
"2154","極SP変換","魔導科学","対象：使用者　効果：SP大回復
膨大な量のMPをSPに変換する","105:マスターアルケミスト（Lv7）","","0","20","0","极SP转换","魔導科学","対象：使用者　効果：SP大回復
将庞大数量的MP转换为SP","105:大师炼金术士（Lv7）","","40"
"2157","アル・ポーション","錬金術","対象：味方単体　効果：HP中回復
アル・ポーションを錬成し、体力を回復させる","106:錬金術士（Lv2）","","0","0","0","炼金药水","炼金术","対象：味方単体　効果：HP中回復
炼成炼金药水，恢复体力","106:炼金术士（Lv2）","","41"
"2158","グラン・ポーション","錬金術","対象：味方単体　効果：HP全回復
グラン・ポーションを錬成し、体力を回復させる","106:錬金術士（Lv5）","","0","0","0","大药水","炼金术","対象：味方単体　効果：HP全回復
炼成大药水，恢复体力","106:炼金术士（Lv5）","","41"
"2159","最後のポーション","錬金術","対象：味方全体　効果：HP全回復
最後のポーションを錬成し、体力を回復させる","106:錬金術士（Lv7）","","0","0","0","最后的药水","炼金术","対象：味方全体　効果：HP全回復
炼成最后的药水，恢复体力","106:炼金术士（Lv7）","","41"
"2160","アル・エーテル","錬金術","対象：味方単体　効果：MP小回復
アル・エーテルを錬成し、MPを回復させる","106:錬金術士（Lv4）","","0","0","0","炼金以太","炼金术","対象：味方単体　効果：MP小回復
炼成炼金以太，恢复MP","106:炼金术士（Lv4）","","41"
"2161","グラン・エーテル","錬金術","対象：味方単体　効果：MP全回復
グラン・エーテルを錬成し、MPを回復させる","106:錬金術士（Lv6）","","0","0","0","大以太","炼金术","対象：味方単体　効果：MP全回復
炼成大以太，恢复MP","106:炼金术士（Lv6）","","41"
"2162","最後のエーテル","錬金術","対象：味方全体　効果：MP全回復
最後のエーテルを錬成し、MPを回復させる","106:錬金術士（Lv8）","","0","0","0","最后的以太","炼金术","対象：味方全体　効果：MP全回復
炼成最后的以太，恢复MP","106:炼金术士（Lv8）","","41"
"2163","アル・ブースト","錬金術","対象：味方単体　効果：SP全回復
アル・ブーストを錬成し、SPを回復させる","106:錬金術士（Lv5）","","0","0","0","炼金能量","炼金术","対象：味方単体　効果：SP全回復
炼成炼金能量，恢复SP","106:炼金术士（Lv5）","","41"
"2164","最後のブースト","錬金術","対象：味方全体　効果：SP全回復
最後のブーストを錬成し、SPを回復させる","106:錬金術士（Lv7）","","0","0","0","最后的能量","炼金术","対象：味方全体　効果：SP全回復
炼成最后的能量，恢复SP","106:炼金术士（Lv7）","","41"
"2165","万能シャワー","錬金術","対象：味方全体　効果：全状態異常回復
万能シャワーを錬成し、状態異常を回復する","106:錬金術士（Lv9）","","0","0","0","万能淋浴","炼金术","対象：味方全体　効果：全状態異常回復
炼成万能淋浴，恢复异常状态","106:炼金术士（Lv9）","","41"
"2166","シャインオーラ","錬金術","対象：味方全体　効果：HP・MP・SPターン大回復
シャインオーラを錬成し、徐々に体力や気力を回復させる","106:錬金術士（Lv10）","","0","0","0","闪耀光环","炼金术","対象：味方全体　効果：HP・MP・SPターン大回復
炼成闪耀光环，逐渐恢复体力和气力","106:炼金术士（Lv10）","","41"
"2167","世界樹の枝","錬金術","対象：味方全体　効果：蘇生
世界樹の枝を錬成し、蘇生させる","106:錬金術士（Lv3）","","0","0","0","世界树之枝","炼金术","対象：味方全体　効果：蘇生
炼成世界树之枝，使其复活","106:炼金术士（Lv3）","","41"
"2168","フェニックスソウル","錬金術","対象：味方全体　効果：自動蘇生
フェニックスソウルを錬成し、自動蘇生させる","106:錬金術士（Lv8）","","0","0","0","不死鸟之魂","炼金术","対象：味方全体　効果：自動蘇生
炼成不死鸟之魂，自动复活","106:炼金术士（Lv8）","","41"
"2169","炎の剣","錬金術","対象：味方全体　効果：通常攻撃炎属性・炎属性無効
味方全体が炎の剣を装備し、炎の加護を得る","106:錬金術士（Lv3）","","0","0","0","炎之剑","炼金术","対象：味方全体　効果：通常攻撃炎属性・炎属性無効
全体队友装备炎之剑，获得炎的庇护","106:炼金术士（Lv3）","","41"
"2170","氷の剣","錬金術","対象：味方全体　効果：通常攻撃氷属性・氷属性無効
味方全体が氷の剣を装備し、氷の加護を得る","106:錬金術士（Lv3）","","0","0","0","冰之剑","炼金术","対象：味方全体　効果：通常攻撃氷属性・氷属性無効
全体队友装备冰之剑，获得冰的庇护","106:炼金术士（Lv3）","","41"
"2171","雷の剣","錬金術","対象：味方全体　効果：通常攻撃雷属性・雷属性無効
味方全体が雷の剣を装備し、雷の加護を得る","106:錬金術士（Lv4）","","0","0","0","雷之剑","炼金术","対象：味方全体　効果：通常攻撃雷属性・雷属性無効
全体队友装备雷之剑，获得雷的庇护","106:炼金术士（Lv4）","","41"
"2172","風の剣","錬金術","対象：味方全体　効果：通常攻撃風属性・風属性無効
味方全体が風の剣を装備し、風の加護を得る","106:錬金術士（Lv4）","","0","0","0","风之剑","炼金术","対象：味方全体　効果：通常攻撃風属性・風属性無効
全体队友装备风之剑，获得风的庇护","106:炼金术士（Lv4）","","41"
"2173","土の剣","錬金術","対象：味方全体　効果：通常攻撃土属性・土属性無効
味方全体が土の剣を装備し、土の加護を得る","106:錬金術士（Lv3）","","0","0","0","土之剑","炼金术","対象：味方全体　効果：通常攻撃土属性・土属性無効
我方全体装备土之剑，获得土之庇护","106:炼金术士（Lv3）","","41"
"2174","水の剣","錬金術","対象：味方全体　効果：通常攻撃水属性・水属性無効
味方全体が水の剣を装備し、水の加護を得る","106:錬金術士（Lv4）","","0","0","0","水之剑","炼金术","対象：味方全体　効果：通常攻撃水属性・水属性無効
我方全体装备水之剑，获得水之庇护","106:炼金术士（Lv4）","","41"
"2175","聖なる剣","錬金術","対象：味方全体　効果：通常攻撃聖属性・聖属性半減
味方全体が聖なる剣を装備し、聖なる加護を得る","106:錬金術士（Lv6）","","0","0","0","圣之剑","炼金术","対象：味方全体　効果：通常攻撃聖属性・聖属性半減
我方全体装备圣之剑，获得圣之庇护","106:炼金术士（Lv6）","","41"
"2176","闇の剣","錬金術","対象：味方全体　効果：通常攻撃闇属性・闇属性半減
味方全体が闇の剣を装備し、闇の加護を得る","106:錬金術士（Lv6）","","0","0","0","暗之剑","炼金术","対象：味方全体　効果：通常攻撃闇属性・闇属性半減
我方全体装备暗之剑，获得暗之庇护","106:炼金术士（Lv6）","","41"
"2177","疾風の靴","錬金術","対象：味方全体　効果：回避率大アップ
疾風の靴を錬成し、回避率を大幅に高める","106:錬金術士（Lv6）","","0","0","0","疾风之靴","炼金术","対象：味方全体　効果：回避率大アップ
炼成疾风之靴，大幅提高回避率","106:炼金术士（Lv6）","","41"
"2178","ワンダールビー","錬金術","対象：味方全体　効果：魔法回避率大アップ
ワンダールビーを錬成し、魔法回避率を大幅に高める","106:錬金術士（Lv7）","","0","0","0","奇迹红宝石","炼金术","対象：味方全体　効果：魔法回避率大アップ
炼成奇迹红宝石，大幅提高魔法回避率","106:炼金术士（Lv7）","","41"
"2179","英雄の勝鬨","錬金術","対象：味方全体　効果：全能力値アップ
英雄の勝鬨を錬成し、能力を大幅に高める","106:錬金術士（Lv2）","","0","0","0","英雄的欢呼","炼金术","対象：味方全体　効果：全能力値アップ
炼成英雄的欢呼，大幅提升能力","106:炼金术士（Lv2）","","41"
"2180","守護天使の兜","錬金術","対象：味方全体　効果：即死・昇天・絶頂無効
守護天使の兜を錬成し、即死系効果を予防する","106:錬金術士（Lv5）","","0","0","0","守护天使之盔","炼金术","対象：味方全体　効果：即死・昇天・絶頂無効
炼成守护天使之盔，预防即死效果","106:炼金术士（Lv5）","","41"
"2181","安堵のドレス","錬金術","対象：味方全体　効果：状態異常予防
安堵のドレスを錬成し、状態異常を予防する","106:錬金術士（Lv9）","","0","0","0","安心的礼服","炼金术","対象：味方全体　効果：状態異常予防
炼成安心的礼服，预防状态异常","106:炼金术士（Lv9）","","41"
"2182","クラッシュドラム","錬金術","対象：味方全体　効果：攻撃必中・絶対会心
クラッシュドラムを錬成し、攻撃能力を高める","106:錬金術士（Lv2）","","0","0","0","粉碎鼓","炼金术","対象：味方全体　効果：攻撃必中・絶対会心
炼成粉碎鼓，提升攻击能力","106:炼金术士（Lv2）","","41"
"2183","白い太陽","錬金術","対象：味方全体　効果：物理属性吸収
白い太陽を錬成し、物理属性を吸収する","106:錬金術士（Lv5）","","0","0","0","白色的太阳","炼金术","対象：味方全体　効果：物理属性吸収
炼成白色的太阳，吸收物理属性","106:炼金术士（Lv5）","","41"
"2184","月の微笑","錬金術","対象：味方全体　効果：快楽属性吸収
月の微笑を錬成し、快楽属性を吸収する","106:錬金術士（Lv9）","","0","0","0","月亮的微笑","炼金术","対象：味方全体　効果：快楽属性吸収
炼成月亮的微笑，吸收快乐属性","106:炼金术士（Lv9）","","41"
"2185","プラネットライト","錬金術","対象：味方全体　効果：経験値・職業経験値・ゴールド5倍
プラネットライトを錬成し、戦果が大幅にアップ","106:錬金術士（Lv2）","","0","0","0","行星之光","炼金术","対象：味方全体　効果：経験値・職業経験値・ゴールド5倍
炼成行星之光，战斗成果大幅提升","106:炼金术士（Lv2）","","41"
"2186","造られし者の崩壊","錬金術","威力：ＳＳＳ（魔or器）　対象：敵全体　効果：人形・キメラ特攻
造られし者のみに圧倒的な効果がある錬金術の奥義","106:錬金術士（Lv5）","","0","0","0","被造者的崩坏","炼金术","威力：ＳＳＳ（魔or器）　対象：敵全体　効果：人形・キメラ特攻
对被造者有压倒性效果的炼金术奥义","106:炼金术士（Lv5）","","41"
"2187","宇宙創造の風","錬金術","威力：４Ｓ（魔or器）　対象：敵全体　属性：ハドロン・銀河
宇宙創造時のエネルギーを生み出す錬金術の究極破壊奥義","7041:トリスメギストス（Lv7）","","0","0","0","宇宙创造之风","炼金术","威力：４Ｓ（魔or器）　対象：敵全体　属性：ハドロン・銀河
产生宇宙创造时能量的炼金术究极破坏奥义","7041:三重伟大（Lv7）","","41"
"2188","真理の鎧","錬金術","対象：味方全体　効果：炎・氷・雷・風・土・水吸収
真理の鎧を錬成し、六属性を吸収する","107:錬金宝具士（Lv2）","","0","0","0","真理之铠","炼金术","対象：味方全体　効果：炎・氷・雷・風・土・水吸収
炼成真理之铠，吸收六属性","107:炼金宝具士（Lv2）","","41"
"2189","巨人のマスク","錬金術","対象：味方全体　効果：最大HP2倍
巨人のマスクを錬成し、一時的に最大HPを増強する","107:錬金宝具士（Lv3）","","0","0","0","巨人的面具","炼金术","対象：味方全体　効果：最大HP2倍
炼成巨人的面具，暂时增强最大HP","107:炼金宝具士（Lv3）","","41"
"2190","アテナの腕輪","錬金術","対象：味方全体　効果：武技二連続発動
アテナの腕輪を錬成し、武技スキルを二連続で発動させる","107:錬金宝具士（Lv4）","","0","0","0","雅典娜的手镯","炼金术","対象：味方全体　効果：武技二連続発動
炼成雅典娜的手镯，使武技技能连续发动两次","107:炼金宝具士（Lv4）","","41"
"2191","アリスソウル","錬金術","対象：味方全体　効果：魔法二連続発動
アリスソウルを錬成し、魔法スキルを二連続で発動させる","107:錬金宝具士（Lv5）","","0","0","0","爱丽丝之魂","炼金术","対象：味方全体　効果：魔法二連続発動
炼成爱丽丝之魂，使魔法技能连续发动两次","107:炼金宝具士（Lv5）","","41"
"2192","ファイナルエリクサー","錬金術","対象：味方全体　効果：HP・MP・SP全回復
ファイナルエリクサーを錬成し、即座に使用する","107:錬金宝具士（Lv6）","","0","0","0","终极圣灵药","炼金术","対象：味方全体　効果：HP・MP・SP全回復
炼成终极圣灵药，立即使用","107:炼金宝具士（Lv6）","","41"
"2193","フルイージス","錬金術","対象：味方全体　効果：物理・快楽反射
フルイージスを錬成し、物理と快楽を反射する","107:錬金宝具士（Lv7）","","0","0","0","全防御","炼金术","対象：味方全体　効果：物理・快楽反射
炼成全防御，反射物理和快乐","107:炼金宝具士（Lv7）","","41"
"2194","オールトの雲","錬金術","対象：味方全体　効果：万能耐性
オールトの雲を錬成し、万能耐性を高める","107:錬金宝具士（Lv8）","","0","0","0","奥尔特云","炼金术","対象：味方全体　効果：万能耐性
炼成奥尔特云，提高万能耐性","107:炼金宝具士（Lv8）","","41"
"2195","ホムンクルス・ロア","錬金術","対象：味方全体　効果：二回行動
ホムンクルス・ロアを錬成し、二回行動が可能になる","107:錬金宝具士（Lv9）","","0","0","0","人造人・洛阿","炼金术","対象：味方全体　効果：二回行動
炼成人造人・洛阿，使两次行动成为可能","107:炼金宝具士（Lv9）","","41"
"2196","エクスカリバー","錬金術","対象：使用者　効果：「エクスカリバー」装備
エクスカリバーを錬成し、一撃を放つと同時に装備する","107:錬金宝具士（Lv10）","","0","0","0","断钢剑","炼金术","対象：使用者　効果：「エクスカリバー」装備
炼成断钢剑，放出一击的同时装备","107:炼金宝具士（Lv10）","","41"
"2197","銀河の剣","錬金術","対象：味方全体　効果：銀河属性付加
味方全体が銀河の剣を装備し、銀河の加護を得る","7041:トリスメギストス（Lv2）","","0","0","0","银河之剑","炼金术","対象：味方全体　効果：銀河属性付加
全体队友装备银河之剑，获得银河的庇护","7041:三重伟大（Lv2）","","41"
"2198","混沌の帳","錬金術","対象：味方全体　効果：1ターン完全無敵
混沌の帳を展開し、1ターンのみあらゆる攻撃を無効化する","7041:トリスメギストス（Lv14）","","0","0","0","混沌之帐","炼金术","対象：味方全体　効果：1ターン完全無敵
展开混沌之帐，1回合内使所有攻击无效化","7041:三重伟大（Lv14）","","41"
"2200","炎の4ページ","魔本術","威力：Ｃ（魔）　対象：敵全体　属性：炎
魔本の力で業火を発生させる術","108:魔導司書（Lv2）","","0","0","0","炎的4页","魔本术","威力：Ｃ（魔）　対象：敵全体　属性：炎
魔书之力引发业火之术","108:魔导司书（Lv2）","","42"
"2201","氷の8ページ","魔本術","威力：Ｃ（魔）　対象：敵全体　属性：氷
魔本の力で敵を凍結させる術","108:魔導司書（Lv3）","","0","0","0","冰的8页","魔本术","威力：Ｃ（魔）　対象：敵全体　属性：氷
魔书之力冻结敌人之术","108:魔导司书（Lv3）","","42"
"2202","雷の16ページ","魔本術","威力：Ｃ（魔）　対象：敵全体　属性：雷
魔本の力で落雷を発生させる術","108:魔導司書（Lv4）","","0","0","0","雷的16页","魔本术","威力：Ｃ（魔）　対象：敵全体　属性：雷
魔书之力引发落雷之术","108:魔导司书（Lv4）","","42"
"2203","風の32ページ","魔本術","威力：Ａ（魔）　対象：敵全体　属性：風
魔本の力で真空の刃を発生させる術","109:ロードライブラリー（Lv2）","","0","0","0","风的32页","魔本术","威力：Ａ（魔）　対象：敵全体　属性：風
魔书之力引发真空之刃之术","109:图书馆领主（Lv2）","","42"
"2204","土の64ページ","魔本術","威力：Ａ（魔）　対象：敵全体　属性：土
魔本の力で落石を発生させる術","109:ロードライブラリー（Lv4）","","0","0","0","土的64页","魔本术","威力：Ａ（魔）　対象：敵全体　属性：土
魔书之力引发落石之术","109:图书馆领主（Lv4）","","42"
"2205","水の128ページ","魔本術","威力：Ａ（魔）　対象：敵全体　属性：水
魔本の力で水撃を発生させる術","109:ロードライブラリー（Lv6）","","0","0","0","水的128页","魔本术","威力：Ａ（魔）　対象：敵全体　属性：水
魔本之力引发水击之术","109:图书馆领主（Lv6）","","42"
"2206","巨腕の256ページ","魔本術","威力：Ａ（魔）　対象：敵単体
魔本から召喚した巨腕で敵を叩き潰す術","","339:魔棲の書物（Lv5）","0","0","0","巨腕的256页","魔本术","威力：Ａ（魔）　対象：敵単体
魔本召唤的巨腕击溃敌人之术","","339:魔栖之书（Lv5）","42"
"2207","触手の512ページ","魔本術","威力：Ｂ（魔）　対象：敵全体　属性：快楽　効果：拘束
魔本から召喚した触手で敵を嫐りたてる術","","339:魔棲の書物（Lv8）","0","0","0","触手的512页","魔本术","威力：Ｂ（魔）　対象：敵全体　属性：快楽　効果：拘束
魔本召唤的触手折磨敌人之术","","339:魔栖之书（Lv8）","42"
"2208","三魔の333ページ","魔本術","威力：Ｂ（魔）　対象：敵全体　属性：炎・氷・雷
魔本の力で炎・氷・雷を同時発生させる術","","339:魔棲の書物（Lv2）","0","0","0","三魔的333页","魔本术","威力：Ｂ（魔）　対象：敵全体　属性：炎・氷・雷
魔本之力同时引发炎・冰・雷之术","","339:魔栖之书（Lv2）","42"
"2209","四精の444ページ","魔本術","威力：Ａ（魔）　対象：敵全体　属性：炎・風・土・水
魔本の力で四精霊の力を解放する術","","340:ページオブロード（Lv2）","0","0","0","四精的444页","魔本术","威力：Ａ（魔）　対象：敵全体　属性：炎・風・土・水
魔本之力解放四精灵之力之术","","340:页之载（Lv2）","42"
"2210","終末の666ページ","魔本術","威力：Ｓ（魔）　対象：敵全体　属性：闇
魔本で闇の力を解放する術","","340:ページオブロード（Lv5）","0","0","0","终末的666页","魔本术","威力：Ｓ（魔）　対象：敵全体　属性：闇
魔本解放暗之力之术","","340:页之载（Lv5）","42"
"2211","禁じられた0ページ","魔本術","威力：Ｓ（魔）　対象：敵全体　属性：銀河
魔本で禁断の力を解放し、全てを破壊する術","","340:ページオブロード（Lv10）","0","0","0","禁忌的0页","魔本术","威力：Ｓ（魔）　対象：敵全体　属性：銀河
魔本释放禁忌之力，摧毁一切的术","","340:页之载（Lv10）","42"
"2212","無の99999ページ","魔本術","威力：ＳＳ（魔）　対象：敵全体　属性：終焉
魔本の力で混沌を導き、終末を到来させる術","109:ロードライブラリー（Lv10）","","0","0","0","無的99999页","魔本术","威力：ＳＳ（魔）　対象：敵全体　属性：終焉
魔本之力引导混沌，带来终结的术","109:图书馆领主（Lv10）","","42"
"2213","麻痺の12ページ","魔本術","対象：敵全体　効果：麻痺
魔本の力で敵全体を麻痺させる術","108:魔導司書（Lv6）","","0","0","0","麻痹的12页","魔本术","対象：敵全体　効果：麻痺
魔本之力使全体敌人麻痹的术","108:魔导司书（Lv6）","","42"
"2214","服従の24ページ","魔本術","対象：敵全体　効果：誘惑
魔本の力で敵全体を誘惑する術","108:魔導司書（Lv10）","","0","0","0","服从的24页","魔本术","対象：敵全体　効果：誘惑
魔本之力诱惑全体敌人的术","108:魔导司书（Lv10）","","42"
"2215","狂乱の48ページ","魔本術","対象：敵全体　効果：混乱
魔本の力で敵全体を混乱させる術","","339:魔棲の書物（Lv7）","0","0","0","狂乱的48页","魔本术","対象：敵全体　効果：混乱
魔本之力使全体敌人混乱的术","","339:魔栖之书（Lv7）","42"
"2216","弱体の96ページ","魔本術","対象：敵全体　効果：全能力ダウン
魔本の力で敵全体を弱体化させる術","","339:魔棲の書物（Lv4）","0","0","0","弱化的96页","魔本术","対象：敵全体　効果：全能力ダウン
魔本之力使全体敌人弱化的术","","339:魔栖之书（Lv4）","42"
"2217","癒しの777ページ","魔本術","対象：味方全体　効果：HP大回復
魔本の力で味方全体を癒やす術","108:魔導司書（Lv8）","339:魔棲の書物（Lv9）","0","0","0","治愈的777页","魔本术","対象：味方全体　効果：HP大回復
魔本之力治愈我方全体的术","108:魔导司书（Lv8）","339:魔栖之书（Lv9）","42"
"2218","奇跡の888ページ","魔本術","対象：味方全体　効果：HP全回復
魔本の力で味方全体を大きく癒やす術","109:ロードライブラリー（Lv8）","","0","0","0","奇迹的888页","魔本术","対象：味方全体　効果：HP全回復
魔本之力大大治愈我方全体的术","109:图书馆领主（Lv8）","","42"
"2219","復活の999ページ","魔本術","対象：味方単体　効果：完全蘇生
魔本の力で味方を蘇生させる術","","340:ページオブロード（Lv7）","0","0","0","复活的999页","魔本术","対象：味方単体　効果：完全蘇生
魔书之力使友方复活之术","","340:页之载（Lv7）","42"
"2220","加護の1001ページ","魔本術","対象：味方全体　効果：全能力アップ
魔本の力で味方全体に加護を与える術","109:ロードライブラリー（Lv3）","340:ページオブロード（Lv4）","0","0","0","加护的1001页","魔本术","対象：味方全体　効果：全能力アップ
魔书之力给予友方全体加护之术","109:图书馆领主（Lv3）","340:页之载（Lv4）","42"
"2221","気力回帰の111ページ","魔本術","対象：味方単体　効果：SP中回復
魔本の力で味方単体の気力を増幅させる術","","339:魔棲の書物（Lv9）","0","0","0","气力回归的111页","魔本术","対象：味方単体　効果：SP中回復
魔书之力增强我方单体的气力之术","","339:魔栖之书（Lv9）","42"
"2222","魔力回帰の222ページ","魔本術","対象：味方単体　効果：MP中回復
魔本の力で味方単体の魔力を増幅させる術","","340:ページオブロード（Lv9）","0","0","0","魔力回归的222页","魔本术","対象：味方単体　効果：MP中回復
魔书之力增强我方单体的魔力之术","","340:页之载（Lv9）","42"
"2223","ページ創出","魔本術","効果：ページ×3獲得
自身の体から魔導書のページを生み出す","","339:魔棲の書物（Lv10）","0","30","0","书页创造","魔本术","効果：ページ×3獲得
从自身身体中生出魔导书的书页","","339:魔栖之书（Lv10）","42"
"2224","総ページ化","魔本術","効果：ページ×10獲得
自身の体を全て魔導書のページに変換する","","340:ページオブロード（Lv8）","0","0","0","总页化","魔本术","効果：ページ×10獲得
将自身身体全部转化为魔导书的书页","","340:页之载（Lv8）","42"
"2230","オートボウガン","マキナ","威力：Ｅ（器）　対象：敵全体
連続発射機構が組み込まれた機械製ボウガン","110:技師（Lv2）","","0","0","3","自动弩","器械","威力：Ｅ（器）　対象：敵全体
内置连续发射装置的机械弩","110:技师（Lv2）","","43"
"2231","バイオブラスト","マキナ","威力：Ｅ（器）　対象：敵全体　属性：バイオ
猛毒のガスを周囲に散布する化学兵器","110:技師（Lv4）","","0","0","2","生化爆破","器械","威力：Ｅ（器）　対象：敵全体　属性：バイオ
释放猛毒气体到周围的化学武器","110:技师（Lv4）","","43"
"2232","ブラストボイス","マキナ","威力：Ｅ（器）　対象：敵全体　属性：音波
破壊音波を発生させるマキナ","110:技師（Lv5）","","0","0","2","爆破音波","器械","威力：Ｅ（器）　対象：敵全体　属性：音波
产生破坏声波的器械","110:技师（Lv5）","","43"
"2233","デュエルカノン","マキナ","威力：Ｄ（器）　対象：敵単体
徹甲弾を発射する大型キャノン砲","110:技師（Lv6）","","0","0","3","决斗加农炮","器械","威力：Ｄ（器）　対象：敵単体
发射穿甲弹的大型加农炮","110:技师（Lv6）","","43"
"2234","オーシャンアンカー","マキナ","威力：Ｅ（器）　対象：敵単体　効果：人魚・海棲種特攻
海棲モンスターに有効なイカリを発射するマキナ","110:技師（Lv7）","","0","0","2","海洋锚","器械","威力：Ｅ（器）　対象：敵単体　効果：人魚・海棲種特攻
对海栖魔物有效的鱼叉发射器械","110:技师（Lv7）","","43"
"2235","スティンガー","マキナ","威力：Ｅ（器）　対象：敵単体　効果：鳥特攻
飛翔モンスターに有効な対空ミサイルを発射するマキナ","110:技師（Lv8）","","0","0","2","毒刺","器械","威力：Ｅ（器）　対象：敵単体　効果：鳥特攻
对飞行魔物有效的防空导弹发射器械","110:技师（Lv8）","","43"
"2236","火炎放射器","マキナ","威力：Ｄ（器）　対象：敵全体　属性：炎
火炎を発生させ敵全体に放射するマキナ","110:技師（Lv9）","","0","0","4","火焰喷射器","器械","威力：Ｄ（器）　対象：敵全体　属性：炎
产生火焰并向全体敌人喷射的器械","110:技师（Lv9）","","43"
"2237","電束放射器","マキナ","威力：Ｄ（器）　対象：敵全体　属性：雷
電気を収束させ敵全体に放射するマキナ","110:技師（Lv10）","","0","0","4","电束发射器","器械","威力：Ｄ（器）　対象：敵全体　属性：雷
将电能集中并向全体敌人放射的器械","110:技师（Lv10）","","43"
"2238","マシンバルカン","マキナ","威力：Ｃ（器）　対象：敵全体
多銃身の回転機構で弾丸を連続発射する機械兵器","111:マキナマイスター（Lv2）","","0","0","5","火神机炮","器械","威力：Ｃ（器）　対象：敵全体
多枪管旋转机构连续发射子弹的机械武器","111:器械工匠（Lv2）","","43"
"2239","高周波カッター","マキナ","威力：Ｂ（器）　対象：敵単体3回
刀身から高周波を放つことで切れ味を増した切断兵器","111:マキナマイスター（Lv4）","","0","0","5","高频切割器","器械","威力：Ｂ（器）　対象：敵単体3回
刀身释放高频波增加切割力的切割武器","111:器械工匠（Lv4）","","43"
"2240","キルリアンレンジ","マキナ","威力：Ｃ（器）　対象：敵全体　属性：音波　効果：ゴースト特攻
ゴーストに有効な霊的フィールドを発生させるマキナ","111:マキナマイスター（Lv5）","","0","0","5","基尔里安力场","器械","威力：Ｃ（器）　対象：敵全体　属性：音波　効果：ゴースト特攻
对幽灵有效的灵场发生器械","111:器械工匠（Lv5）","","43"
"2241","トライパニッシャー","マキナ","威力：Ｃ（器）　対象：敵全体　効果：吸血鬼特攻
ガトリングなどの重火器が仕込まれた十字架型兵装","111:マキナマイスター（Lv7）","","0","0","5","三重惩罚者","器械","威力：Ｃ（器）　対象：敵全体　効果：吸血鬼特攻
内置加特林等重火器的十字架型装备","111:器械工匠（Lv7）","","43"
"2242","電磁アーマー","マキナ","対象：使用者　効果：ディフレクト2回
電磁防壁を発生させる防御マキナ","111:マキナマイスター（Lv8）","","0","0","2","电磁装甲","器械","対象：使用者　効果：ディフレクト2回
产生电磁防壁的防御器械","111:器械工匠（Lv8）","","43"
"2243","ドリル","マキナ","威力：Ａ（器）　対象：敵単体
先端部が回転し、対象を貫く対物マキナ","111:マキナマイスター（Lv10）","","0","0","7","钻头","器械","威力：Ａ（器）　対象：敵単体
前端旋转，贯穿目标的对物器械","111:器械工匠（Lv10）","","43"
"2244","超震動ブレード","マキナ","威力：Ａ（器）　対象：敵単体　効果：即死
ブレード部が超振動を起こし、あらゆる物質を切断するマキナ","112:マスターマシーナリー（Lv2）","","0","0","7","超震动刀刃","器械","威力：Ａ（器）　対象：敵単体　効果：即死
刀刃部产生超振动，切断一切物质的器械","112:机械大师（Lv2）","","43"
"2245","MLRS","マキナ","威力：Ａ（器）　対象：敵全体　属性：炎
連装ロケットを発射する強力な対軍マキナ","112:マスターマシーナリー（Lv4）","","0","0","8","MLRS","器械","威力：Ａ（器）　対象：敵全体　属性：炎
发射连装火箭的强力对军器械","112:机械大师（Lv4）","","43"
"2246","ビームデスサイズ","マキナ","威力：Ａ（器）　対象：敵ランダム5回
高出力のビーム刃で敵を断ち切る未知のマキナ","","351:下位アポトーシス（Lv6）","0","0","6","光束死亡镰刀","器械","威力：Ａ（器）　対象：敵ランダム5回
高功率的光束刃切断敌人，未知的器械","","351:下位凋零者（Lv6）","43"
"2247","ハイペリオン","マキナ","威力：Ｓ（器）　対象：敵単体
光子弾を発射し、あらゆる対象を破壊する戦略マキナ","112:マスターマシーナリー（Lv6）","","0","0","8","亥伯龙神","器械","威力：Ｓ（器）　対象：敵単体
发射光子弹，摧毁所有目标的战略器械","112:机械大师（Lv6）","","43"
"2248","エルドリッジ","マキナ","威力：Ｓ（器）　対象：敵ランダム8回
次元を越えた一斉砲撃を放つ異文明の軍艦","112:マスターマシーナリー（Lv8）","","0","0","8","埃尔德里奇","器械","威力：Ｓ（器）　対象：敵ランダム8回
超越次元的一齐炮击，异文明的战舰","112:机械大师（Lv8）","","43"
"2249","8.8cm滅魔教会砲","マキナ","威力：ＳＳＳ（器）　対象：敵単体　属性：修羅・核熱
古代機械兵器の粋を集め、教会が極秘開発した究極火砲","140:機甲法王（Lv10）","","0","0","18","8.8cm滅魔教会砲","器械","威力：ＳＳＳ（器）　対象：敵単体　属性：修羅・核熱
集古代机械兵器之精华，教会秘密开发的究极火炮","140:机甲教皇（Lv10）","","43"
"2250","反粒子レールガン","マキナ","威力：Ｓ（器）　対象：敵全体　属性：量子
反粒子を電磁加速して発射する未知の戦略マキナ","","352:上位アポトーシス（Lv6）","0","0","10","反粒子轨道炮","器械","威力：Ｓ（器）　対象：敵全体　属性：量子
电磁加速发射反粒子的未知战略器械","","352:上位凋零者（Lv6）","43"
"2251","ラグナロク","マキナ","威力：ＳＳ（器）　対象：敵全体　属性：修羅・核熱
神々の闘争に使用されたという究極の破壊マキナ","112:マスターマシーナリー（Lv10）","","0","0","14","诸神黄昏","器械","威力：ＳＳ（器）　対象：敵全体　属性：修羅・核熱
据说是神明之间斗争使用的究极破坏器械","112:机械大师（Lv10）","","43"
"2252","ウィークメーカー","マキナ","対象：敵単体　効果：ランダム属性弱点化
ランダムで弱点属性一つを付加する未知のマキナ","112:マスターマシーナリー（Lv7）","","0","0","3","弱点制造者","器械","対象：敵単体　効果：ランダム属性弱点化
随机附加一个弱点属性的未知器械","112:机械大师（Lv7）","","43"
"2253","クァンタセイバー","マキナ","威力：ＳＳＳ（器）　対象：敵ランダム5回　属性：量子
量子の刃で敵を断ち切る未知のマキナ","7043:ゴッドマシーナリー（Lv2）","","0","0","18","量子之刃","器械","威力：ＳＳＳ（器）　対象：敵ランダム5回　属性：量子
用量子之刃斩断敌人的未知器械","7043:神之机械（Lv2）","","43"
"2257","目玉焼き","料理","威力：Ｄ（器）　対象：敵単体
目玉焼きを作り、料理効果を発揮する","123:料理人（Lv2）","","0","0","0","荷包蛋","料理","威力：Ｄ（器）　対象：敵単体
制作荷包蛋，发挥料理效果","123:厨师（Lv2）","","44"
"2258","おにぎり","料理","威力：Ｄ（器）　対象：敵単体　属性：炎
おにぎりを作り、料理効果を発揮する","123:料理人（Lv2）","","0","0","0","饭团","料理","威力：Ｄ（器）　対象：敵単体　属性：炎
制作饭团，发挥料理效果","123:厨师（Lv2）","","44"
"2259","サンドウイッチ","料理","威力：Ｄ（器）　対象：敵単体　属性：氷
サンドウィッチを作り、料理効果を発揮する","123:料理人（Lv2）","","0","0","0","三明治","料理","威力：Ｄ（器）　対象：敵単体　属性：氷
制作三明治，发挥料理效果","123:厨师（Lv2）","","44"
"2260","野菜炒め","料理","威力：Ｄ（器）　対象：敵単体　属性：雷
野菜炒めを作り、料理効果を発揮する","123:料理人（Lv2）","","0","0","0","炒蔬菜","料理","威力：Ｄ（器）　対象：敵単体　属性：雷
制作炒蔬菜，发挥料理效果","123:厨师（Lv2）","","44"
"2261","ハンバーグ","料理","対象：味方単体　効果：会心率アップ
ハンバーグを作り、料理効果を発揮する","123:料理人（Lv4）","","0","0","0","汉堡肉","料理","対象：味方単体　効果：会心率アップ
制作汉堡肉，发挥料理效果","123:厨师（Lv4）","","44"
"2262","焼き魚","料理","対象：味方単体　効果：命中率アップ
焼き魚を作り、料理効果を発揮する","123:料理人（Lv4）","","0","0","0","烤鱼","料理","対象：味方単体　効果：命中率アップ
制作烤鱼，发挥料理效果","123:厨师（Lv4）","","44"
"2263","味噌汁","料理","対象：味方単体　効果：回避率アップ
味噌汁を作り、料理効果を発揮する","123:料理人（Lv4）","","0","0","0","味噌汤","料理","対象：味方単体　効果：回避率アップ
制作味噌汤，发挥料理效果","123:厨师（Lv4）","","44"
"2264","ねこごはん","料理","対象：味方単体　効果：魔法回避率アップ
ねこごはんを作り、料理効果を発揮する","123:料理人（Lv4）","","0","0","0","猫饭","料理","対象：味方単体　効果：魔法回避率アップ
制作猫饭，发挥料理效果","123:厨师（Lv4）","","44"
"2265","ハンバーガー","料理","対象：味方単体　効果：HP小回復
ハンバーガーを作り、料理効果を発揮する","123:料理人（Lv5）","","0","0","0","汉堡","料理","対象：味方単体　効果：HP小回復
制作汉堡，发挥料理效果","123:厨师（Lv5）","","44"
"2266","ホットドッグ","料理","対象：味方単体　効果：攻撃力アップ
ホットドッグを作り、料理効果を発揮する","123:料理人（Lv5）","","0","0","0","热狗","料理","対象：味方単体　効果：攻撃力アップ
制作热狗，发挥料理效果","123:厨师（Lv5）","","44"
"2267","野菜サラダ","料理","対象：味方単体　効果：防御力アップ
野菜サラダを作り、料理効果を発揮する","123:料理人（Lv5）","","0","0","0","蔬菜沙拉","料理","対象：味方単体　効果：防御力アップ
制作蔬菜沙拉，发挥料理效果","123:厨师（Lv5）","","44"
"2268","フルーツサラダ","料理","対象：味方単体　効果：素早さアップ
フルーツサラダを作り、料理効果を発揮する","123:料理人（Lv5）","","0","0","0","水果沙拉","料理","対象：味方単体　効果：素早さアップ
制作水果沙拉，发挥料理效果","123:厨师（Lv5）","","44"
"2269","カレーライス","料理","対象：味方単体　効果：魔力アップ
カレーライスを作り、料理効果を発揮する","123:料理人（Lv7）","","0","0","0","咖喱饭","料理","対象：味方単体　効果：魔力アップ
制作咖喱饭，发挥料理效果","123:厨师（Lv7）","","44"
"2270","ピザ","料理","対象：味方単体　効果：精神力アップ
ピザを作り、料理効果を発揮する","123:料理人（Lv7）","","0","0","0","披萨","料理","対象：味方単体　効果：精神力アップ
制作披萨，发挥料理效果","123:厨师（Lv7）","","44"
"2271","クリームシチュー","料理","対象：味方単体　効果：器用さアップ
クリームシチューを作り、料理効果を発揮する","123:料理人（Lv7）","","0","0","0","奶油炖菜","料理","対象：味方単体　効果：器用さアップ
制作奶油炖菜，发挥料理效果","123:厨师（Lv7）","","44"
"2272","スパゲティ","料理","対象：味方単体　効果：SPチャージ2倍
スパゲティを作り、料理効果を発揮する","123:料理人（Lv7）","","0","0","0","意大利面","料理","対象：味方単体　効果：SPチャージ2倍
制作意大利面，发挥料理效果","123:厨师（Lv7）","","44"
"2273","さしみ","料理","対象：味方全体　効果：ターンHP小回復
さしみを作り、料理効果を発揮する","123:料理人（Lv8）","","0","0","0","生鱼片","料理","対象：味方全体　効果：ターンHP小回復
制作生鱼片，发挥料理效果","123:厨师（Lv8）","","44"
"2274","焼き鳥","料理","対象：味方全体　効果：ターンSP小回復
焼き鳥を作り、料理効果を発揮する","123:料理人（Lv8）","","0","0","0","烤鸡串","料理","対象：味方全体　効果：ターンSP小回復
制作烤鸡串，发挥料理效果","123:厨师（Lv8）","","44"
"2275","おそば","料理","対象：味方全体　効果：ターンMP小回復
おそばを作り、料理効果を発揮する","123:料理人（Lv8）","","0","0","0","荞麦面","料理","対象：味方全体　効果：ターンMP小回復
制作荞麦面，发挥料理效果","123:厨师（Lv8）","","44"
"2276","コロッケ","料理","威力：Ｄ（器）　対象：敵全体
コロッケを作り、料理効果を発揮する","123:料理人（Lv10）","","0","0","0","可乐饼","料理","威力：Ｄ（器）　対象：敵全体
制作可乐饼，发挥料理效果","123:厨师（Lv10）","","44"
"2277","てんぷら","料理","威力：Ｄ（器）　対象：敵全体　属性：炎
てんぷらを作り、料理効果を発揮する","123:料理人（Lv10）","","0","0","0","天妇罗","料理","威力：Ｄ（器）　対象：敵全体　属性：炎
制作天妇罗，发挥料理效果","123:厨师（Lv10）","","44"
"2278","オムライス","料理","威力：Ｄ（器）　対象：敵全体　属性：氷
オムライスを作り、料理効果を発揮する","123:料理人（Lv10）","","0","0","0","蛋包饭","料理","威力：Ｄ（器）　対象：敵全体　属性：氷
制作蛋包饭，发挥料理效果","123:厨师（Lv10）","","44"
"2279","トマトスープ","料理","威力：Ｄ（器）　対象：敵全体　属性：雷
トマトスープを作り、料理効果を発揮する","123:料理人（Lv10）","","0","0","0","番茄汤","料理","威力：Ｄ（器）　対象：敵全体　属性：雷
制作番茄汤，发挥料理效果","123:厨师（Lv10）","","44"
"2280","グラタン","料理","威力：Ｃ（器）　対象：敵単体　属性：雷
グラタンを作り、料理効果を発揮する","124:トリプルコック（Lv2）","","0","0","0","奶汁烤菜","料理","威力：Ｃ（器）　対象：敵単体　属性：雷
制作奶汁烤菜，发挥料理效果","124:三星厨师（Lv2）","","44"
"2281","パエリア","料理","威力：Ｃ（器）　対象：敵単体　属性：氷
パエリアを作り、料理効果を発揮する","124:トリプルコック（Lv2）","","0","0","0","海鲜饭","料理","威力：Ｃ（器）　対象：敵単体　属性：氷
制作海鲜饭，发挥料理效果","124:三星厨师（Lv2）","","44"
"2282","えびチリ","料理","威力：Ｃ（器）　対象：敵単体　属性：炎
えびチリを作り、料理効果を発揮する","124:トリプルコック（Lv2）","","0","0","0","干烧明虾","料理","威力：Ｃ（器）　対象：敵単体　属性：炎
制作了干烧明虾，发挥料理效果","124:三星厨师（Lv2）","","44"
"2283","たこ焼き","料理","威力：Ｃ（器）　対象：敵単体　属性：風
たこ焼きを作り、料理効果を発揮する","124:トリプルコック（Lv4）","","0","0","0","章鱼烧","料理","威力：Ｃ（器）　対象：敵単体　属性：風
制作了章鱼烧，发挥料理效果","124:三星厨师（Lv4）","","44"
"2284","たいやき","料理","威力：Ｃ（器）　対象：敵単体　属性：水
たいやきを作り、料理効果を発揮する","124:トリプルコック（Lv4）","","0","0","0","鲷鱼烧","料理","威力：Ｃ（器）　対象：敵単体　属性：水
制作了鲷鱼烧，发挥料理效果","124:三星厨师（Lv4）","","44"
"2285","お好み焼き","料理","威力：Ｃ（器）　対象：敵単体　属性：土
お好み焼きを作り、料理効果を発揮する","124:トリプルコック（Lv4）","","0","0","0","御好烧","料理","威力：Ｃ（器）　対象：敵単体　属性：土
制作了御好烧，发挥料理效果","124:三星厨师（Lv4）","","44"
"2286","あんぱん","料理","対象：味方全体　効果：HP小回復
あんぱんを作り、料理効果を発揮する","124:トリプルコック（Lv6）","","0","0","0","红豆面包","料理","対象：味方全体　効果：HP小回復
制作了红豆面包，发挥料理效果","124:三星厨师（Lv6）","","44"
"2287","チョココロネ","料理","対象：味方全体　効果：器用さアップ
チョココロネを作り、料理効果を発揮する","124:トリプルコック（Lv6）","","0","0","0","巧克力螺旋面包","料理","対象：味方全体　効果：器用さアップ
制作巧克力螺旋面包，发挥料理效果","124:三星厨师（Lv6）","","44"
"2288","メロンパン","料理","対象：味方全体　効果：魔力アップ
メロンパンを作り、料理効果を発揮する","124:トリプルコック（Lv6）","","0","0","0","蜜瓜包","料理","対象：味方全体　効果：魔力アップ
制作蜜瓜包，发挥料理效果","124:三星厨师（Lv6）","","44"
"2289","カレーパン","料理","対象：味方全体　効果：攻撃力アップ
カレーパンを作り、料理効果を発揮する","124:トリプルコック（Lv6）","","0","0","0","咖喱面包","料理","対象：味方全体　効果：攻撃力アップ
制作咖喱面包，发挥料理效果","124:三星厨师（Lv6）","","44"
"2290","コロッケパン","料理","対象：味方全体　効果：SPチャージ2倍
コロッケパンを作り、料理効果を発揮する","124:トリプルコック（Lv6）","","0","0","0","可乐饼面包","料理","対象：味方全体　効果：SPチャージ2倍
制作可乐饼面包，发挥料理效果","124:三星厨师（Lv6）","","44"
"2291","肉まん","料理","威力：Ｂ（器）　対象：敵全体　属性：炎
肉まんを作り、料理効果を発揮する","124:トリプルコック（Lv8）","","0","0","0","肉包","料理","威力：Ｂ（器）　対象：敵全体　属性：炎
制作肉包，发挥料理效果","124:三星厨师（Lv8）","","44"
"2292","あんまん","料理","威力：Ｂ（器）　対象：敵全体　属性：氷
あんまんを作り、料理効果を発揮する","124:トリプルコック（Lv8）","","0","0","0","豆沙包","料理","威力：Ｂ（器）　対象：敵全体　属性：氷
制作豆沙包，发挥料理效果","124:三星厨师（Lv8）","","44"
"2293","ピザまん","料理","威力：Ｂ（器）　対象：敵全体　属性：雷
ピザまんを作り、料理効果を発揮する","124:トリプルコック（Lv8）","","0","0","0","披萨包子","料理","威力：Ｂ（器）　対象：敵全体　属性：雷
制作披萨包子，发挥料理效果","124:三星厨师（Lv8）","","44"
"2294","牛丼","料理","威力：Ｂ（器）　対象：敵全体
牛丼を作り、料理効果を発揮する","124:トリプルコック（Lv10）","","0","0","0","牛丼","料理","威力：Ｂ（器）　対象：敵全体
制作牛丼，发挥料理效果","124:三星厨师（Lv10）","","44"
"2295","チャーハン","料理","威力：Ｂ（器）　対象：敵全体　属性：風
チャーハンを作り、料理効果を発揮する","124:トリプルコック（Lv10）","","0","0","0","炒饭","料理","威力：Ｂ（器）　対象：敵全体　属性：風
制作炒饭，发挥料理效果","124:三星厨师（Lv10）","","44"
"2296","お鍋","料理","威力：Ｂ（器）　対象：敵全体　属性：土
お鍋を作り、料理効果を発揮する","124:トリプルコック（Lv10）","","0","0","0","火锅","料理","威力：Ｂ（器）　対象：敵全体　属性：土
制作火锅，发挥料理效果","124:三星厨师（Lv10）","","44"
"2297","おでん","料理","威力：Ｂ（器）　対象：敵全体　属性：水
おでんを作り、料理効果を発揮する","124:トリプルコック（Lv10）","","0","0","0","关东煮","料理","威力：Ｂ（器）　対象：敵全体　属性：水
制作关东煮，发挥料理效果","124:三星厨师（Lv10）","","44"
"2298","お寿司","料理","対象：味方全体　効果：防御力アップ
お寿司を作り、料理効果を発揮する","125:味皇（Lv2）","","0","0","0","寿司","料理","対象：味方全体　効果：防御力アップ
制作寿司，发挥料理效果","125:味皇（Lv2）","","44"
"2299","麻婆豆腐","料理","対象：味方全体　効果：攻撃力アップ
麻婆豆腐を作り、料理効果を発揮する","125:味皇（Lv2）","","0","0","0","麻婆豆腐","料理","対象：味方全体　効果：攻撃力アップ
制作麻婆豆腐，发挥料理效果","125:味皇（Lv2）","","44"
"2300","揚げ出し豆腐","料理","対象：味方全体　効果：精神力アップ
揚げ出し豆腐を作り、料理効果を発揮する","125:味皇（Lv2）","","0","0","0","炸豆腐","料理","対象：味方全体　効果：精神力アップ
制作炸豆腐，发挥料理效果","125:味皇（Lv2）","","44"
"2301","ローストチキン","料理","対象：味方全体　効果：魔力アップ
ローストチキンを作り、料理効果を発揮する","125:味皇（Lv2）","","0","0","0","烤鸡","料理","対象：味方全体　効果：魔力アップ
制作烤鸡，发挥料理效果","125:味皇（Lv2）","","44"
"2302","やきそばパン","料理","対象：味方全体　効果：素早さアップ
やきそばパンを作り、料理効果を発揮する","125:味皇（Lv4）","","0","0","0","炒面面包","料理","対象：味方全体　効果：素早さアップ
制作炒面面包，发挥料理效果","125:味皇（Lv4）","","44"
"2303","焼肉パン","料理","対象：味方全体　効果：器用さアップ
焼肉パンを作り、料理効果を発揮する","125:味皇（Lv4）","","0","0","0","烤肉面包","料理","対象：味方全体　効果：器用さアップ
制作烤肉面包，发挥料理效果","125:味皇（Lv4）","","44"
"2304","エッグベーグルサンド","料理","対象：味方単体　効果：MP小回復
エッグベーグルサンドを作り、料理効果を発揮する","125:味皇（Lv4）","","0","0","0","鸡蛋贝果三明治","料理","対象：味方単体　効果：MP小回復
制作鸡蛋贝果三明治，发挥料理效果","125:味皇（Lv4）","","44"
"2305","サーモンベーグルサンド","料理","対象：味方単体　効果：SP小回復
サーモンベーグルサンドを作り、料理効果を発揮する","125:味皇（Lv4）","","0","0","0","鲑鱼贝果三明治","料理","対象：味方単体　効果：SP小回復
制作鲑鱼贝果三明治，发挥料理效果","125:味皇（Lv4）","","44"
"2306","カニタマ","料理","威力：Ａ（器）　対象：敵全体　属性：炎
カニタマを作り、料理効果を発揮する","125:味皇（Lv6）","","0","0","0","蟹玉丼","料理","威力：Ａ（器）　対象：敵全体　属性：炎
制作蟹玉丼，发挥料理效果","125:味皇（Lv6）","","44"
"2307","アイスクリーム","料理","威力：Ａ（器）　対象：敵全体　属性：氷
アイスクリームを作り、料理効果を発揮する","125:味皇（Lv6）","","0","0","0","冰淇淋","料理","威力：Ａ（器）　対象：敵全体　属性：氷
制作冰淇淋，发挥料理效果","125:味皇（Lv6）","","44"
"2308","プリン","料理","威力：Ａ（器）　対象：敵全体　属性：雷
プリンを作り、料理効果を発揮する","125:味皇（Lv6）","","0","0","0","布丁","料理","威力：Ａ（器）　対象：敵全体　属性：雷
制作布丁，发挥料理效果","125:味皇（Lv6）","","44"
"2309","パフェ","料理","対象：味方全体　効果：HP大回復
パフェを作り、料理効果を発揮する","125:味皇（Lv6）","","0","0","0","芭菲","料理","対象：味方全体　効果：HP大回復
制作芭菲，发挥料理效果","125:味皇（Lv6）","","44"
"2310","お子様ランチ","料理","対象：味方単体　効果：自動蘇生
お子様ランチを作り、料理効果を発揮する","125:味皇（Lv8）","","0","0","0","儿童午餐","料理","対象：味方単体　効果：自動蘇生
制作儿童午餐，发挥料理效果","125:味皇（Lv8）","","44"
"2311","ステーキ","料理","威力：Ａ（器）　対象：敵全体　属性：風
ステーキを作り、料理効果を発揮する","125:味皇（Lv8）","","0","0","0","牛排","料理","威力：Ａ（器）　対象：敵全体　属性：風
制作牛排，发挥料理效果","125:味皇（Lv8）","","44"
"2312","特上おにぎり","料理","威力：Ａ（器）　対象：敵全体　属性：土
特上おにぎりを作り、料理効果を発揮する","125:味皇（Lv8）","","0","0","0","特级饭团","料理","威力：Ａ（器）　対象：敵全体　属性：土
制作特级饭团，发挥料理效果","125:味皇（Lv8）","","44"
"2313","特上寿司","料理","威力：Ａ（器）　対象：敵全体　属性：水
特上寿司を作り、料理効果を発揮する","125:味皇（Lv8）","","0","0","0","特上寿司","料理","威力：Ａ（器）　対象：敵全体　属性：水
制作特级寿司，发挥料理效果","125:味皇（Lv8）","","44"
"2314","すきやき","料理","対象：味方単体　効果：MP大回復
すきやきを作り、料理効果を発揮する","125:味皇（Lv9）","","0","0","0","寿喜烧","料理","対象：味方単体　効果：MP大回復
制作寿喜烧，发挥料理效果","125:味皇（Lv9）","","44"
"2315","うな重","料理","対象：味方単体　効果：SP大回復
うな重を作り、料理効果を発揮する","125:味皇（Lv9）","","0","0","0","鳗鱼饭","料理","対象：味方単体　効果：SP大回復
制作鳗鱼饭，发挥料理效果","125:味皇（Lv9）","","44"
"2316","ジャイアンシチュー","料理","威力：Ａ（器）　対象：敵全体　属性：闇
ジャイアンシチューを作り、料理効果を発揮する","125:味皇（Lv10）","","0","0","0","胖虎炖菜","料理","威力：Ａ（器）　対象：敵全体　属性：闇
制作胖虎炖菜，发挥料理效果","125:味皇（Lv10）","","44"
"2317","ウェディングケーキ","料理","威力：Ａ（器）　対象：敵全体　属性：聖
ウェディングケーキを作り、料理効果を発揮する","125:味皇（Lv10）","","0","0","0","婚礼蛋糕","料理","威力：Ａ（器）　対象：敵全体　属性：聖
制作婚礼蛋糕，发挥料理效果","125:味皇（Lv10）","","44"
"2318","きつねうどん","料理","対象：味方全体　効果：SPチャージ2倍
きつねうどんを作り、料理効果を発揮する","","250:狐芸者（Lv3）","0","0","0","狐狸乌冬面","料理","対象：味方全体　効果：SPチャージ2倍
制作狐狸乌冬面，发挥料理效果","","250:狐艺伎（Lv3）","44"
"2319","いなりずし","料理","対象：味方全体　効果：MP・SP消費1/4
いなりずしを作り、料理効果を発揮する","","251:狐花魁（Lv3）","0","0","0","稻荷寿司","料理","対象：味方全体　効果：MP・SP消費1/4
制作稻荷寿司，发挥料理效果","","251:狐花魁（Lv3）","44"
"2320","食材採取","料理","対象：敵単体　効果：食材盗む
敵の持っている食材を盗む","123:料理人（Lv9）","","0","0","0","食材采集","料理","対象：敵単体　効果：食材盗む
偷窃敌人持有的食材","123:厨师（Lv9）","","44"
"2321","気まぐれシェフのお任せ料理","料理","効果：ランダム
ランダムで料理を作り、料理効果を発揮する","125:味皇（Lv5）","","0","0","1","随性厨师的委托料理","料理","効果：ランダム
随机制作料理，发挥料理效果","125:味皇（Lv5）","","44"
"2322","無から造ったステーキ","料理","威力：Ａ（器）　対象：敵全体　属性：風
食材を消費せずにステーキを作り、料理効果を発揮する","7046:料理神（Lv2）","","0","60","20","无中生有的牛排","料理","威力：Ａ（器）　対象：敵全体　属性：風
不消耗食材制作牛排，发挥料理效果","7046:料理神（Lv2）","","44"
"2323","無から造ったパフェ","料理","対象：味方全体　効果：HP大回復
食材を消費せずにパフェを作り、料理効果を発揮する","7046:料理神（Lv6）","","0","75","25","无中生有的芭菲","料理","対象：味方全体　効果：HP大回復
不消耗食材制作芭菲，发挥料理效果","7046:料理神（Lv6）","","44"
"2327","メス投げ","医術","威力：Ｅ（力・器）　対象：敵単体
敵単体に鋭いメスを投げ付ける護身技","126:ナース（Lv3）","","0","0","1","手术刀投掷","医术","威力：Ｅ（力・器）　対象：敵単体
向单体敌人投掷锋利的手术刀的防身技","126:护士（Lv3）","","45"
"2328","解剖","医術","威力：Ｃ（力・器）　対象：敵単体
敵単体を解体する医師の秘技","127:医者（Lv3）","","0","0","3","解剖","医术","威力：Ｃ（力・器）　対象：敵単体
解剖单体敌人的医师秘技","127:医生（Lv3）","","45"
"2329","バイオニックメス","医術","威力：Ｃ（力・器）　対象：敵単体
死体を適切に処理する医師のメスさばき","","333:ゾンビドクター（Lv2）","0","0","4","生化手术刀","医术","威力：Ｃ（力・器）　対象：敵単体
熟练处理尸体的医师手术技巧","","333:僵尸医生（Lv2）","45"
"2330","ターヘルアナトミア","医術","威力：Ａ（力・器）　対象：敵単体　効果：即死　効果：ゾンビ特攻
敵単体の命を奪う致命的医療行為","128:神医（Lv3）","","0","0","7","解体新书","医术","威力：Ａ（力・器）　対象：敵単体　効果：即死　効果：ゾンビ特攻
夺取单体敌人生命的致命医疗行为","128:神医（Lv3）","","45"
"2331","ヘルメスヘキサ","医術","威力：Ｓ（力・器）　対象：敵単体　効果：ゾンビ特攻
メスで魔法陣を描き、敵を滅ぼす医療奥義","","334:デスプロフェッサー（Lv2）","0","0","10","赫尔墨斯六芒星","医术","威力：Ｓ（力・器）　対象：敵単体　効果：ゾンビ特攻
用手术刀绘制魔法阵，消灭敌人的医疗奥义","","334:死亡教授（Lv2）","45"
"2332","毒ガス散布","医術","威力：Ｃ（力・器）　対象：敵全体　属性：バイオ
特別に調合した毒ガスを散布する技","","333:ゾンビドクター（Lv4）","0","0","5","毒气散布","医术","威力：Ｃ（力・器）　対象：敵全体　属性：バイオ
散布特别调制的毒气技能","","333:僵尸医生（Lv4）","45"
"2333","アークベロシティ","医術","威力：Ｓ（力・器）　対象：敵全体　属性：バイオ
敵全体に猛毒を撒き散らす外法の医療奥義","","334:デスプロフェッサー（Lv4）","0","0","12","弧光速度","医术","威力：Ｓ（力・器）　対象：敵全体　属性：バイオ
向全体敌人撒播猛毒的外法医疗奥义","","334:死亡教授（Lv4）","45"
"2334","お医者さんごっこ","医術","威力：Ｄ（器）　対象：敵単体　属性：快楽　効果：敏感
艶めかしい触診で快楽ダメージを与える遊戯","126:ナース（Lv5）","","0","0","3","医生游戏","医术","威力：Ｄ（器）　対象：敵単体　属性：快楽　効果：敏感
用艳丽的触诊给予快乐伤害的游戏","126:护士（Lv5）","","45"
"2335","強制排尿","医術","威力：Ｃ（器）　対象：敵単体　属性：快楽　効果：失禁
練達した手さばきで失禁を誘う医療技","126:ナース（Lv8）","","0","0","4","强制排尿","医术","威力：Ｃ（器）　対象：敵単体　属性：快楽　効果：失禁
熟练的手法诱导失禁的医疗技能","126:护士（Lv8）","","45"
"2336","応急治療","医術","対象：味方単体　効果：HP中回復
応急的な処置でHPを回復する医療技","126:ナース（Lv2）","333:ゾンビドクター（Lv2）","0","0","1","紧急治疗","医术","対象：味方単体　効果：HP中回復
用紧急处理恢复HP的医疗技能","126:护士（Lv2）","333:僵尸医生（Lv2）","45"
"2337","緊急オペ","医術","対象：味方単体　効果：HP全回復
本格的な処置でHPを大きく回復する医療技","127:医者（Lv2）","334:デスプロフェッサー（Lv2）","0","0","2","紧急手术","医术","対象：味方単体　効果：HP全回復
用正式处理大幅恢复HP的医疗技能","127:医生（Lv2）","334:死亡教授（Lv2）","45"
"2338","集団治療","医術","対象：味方全体　効果：HP中回復
応急的な処置で仲間達のHPを回復する医療技","126:ナース（Lv9）","333:ゾンビドクター（Lv5）","0","0","3","集体治疗","医术","対象：味方全体　効果：HP中回復
通过紧急处理来恢复同伴们的HP的医疗技能","126:护士（Lv9）","333:僵尸医生（Lv5）","45"
"2339","集団オペ","医術","対象：味方全体　効果：HP全回復
本格的な処置で仲間達のHPを大きく回復する医療技","128:神医（Lv2）","334:デスプロフェッサー（Lv9）","0","0","5","集体手术","医术","対象：味方全体　効果：HP全回復
通过正式处理来大幅恢复同伴们的HP的医疗技能","128:神医（Lv2）","334:死亡教授（Lv9）","45"
"2340","応急治癒","医術","対象：味方単体　効果：軽状態異常回復
味方単体の状態異常を回復する医療技","126:ナース（Lv4）；127:医者（Lv4）","","0","0","1","紧急治愈","医术","対象：味方単体　効果：軽状態異常回復
恢复我方单体异常状态的医疗技能","126:护士（Lv4）；127:医生（Lv4）","","45"
"2341","集団治癒","医術","対象：味方全体　効果：軽状態異常回復
味方全体の状態異常を回復する医療技","","","0","0","3","集体治愈","医术","対象：味方全体　効果：軽状態異常回復
恢复我方全体异常状态的医疗技能","","","45"
"2342","蘇生","医術","対象：味方単体　効果：蘇生
味方単体を蘇生する医療技","127:医者（Lv5）","334:デスプロフェッサー（Lv5）","0","0","2","复活","医术","対象：味方単体　効果：蘇生
复活我方单体的医疗技能","127:医生（Lv5）","334:死亡教授（Lv5）","45"
"2343","集団蘇生","医術","対象：味方全体　効果：蘇生
味方全体を蘇生する医療技","128:神医（Lv10）","","0","0","4","集体复活","医术","対象：味方全体　効果：蘇生
复活我方全体的医疗技能","128:神医（Lv10）","","45"
"2344","代謝活性","医術","対象：味方全体　効果：HPターン小回復
代謝を活性化させ、HPを徐々に回復させる医療技","126:ナース（Lv6）","","0","0","2","代谢激活","医术","対象：味方全体　効果：HPターン小回復
激活代谢，逐渐恢复HP的医疗技能","126:护士（Lv6）","","45"
"2345","裏代謝活性","医術","対象：味方全体　効果：HPターン中回復
代謝を活性化させ、HPを徐々に回復させる医療技","127:医者（Lv6）","","0","0","4","深层代谢激活","医术","対象：味方全体　効果：HPターン中回復
激活代谢，逐渐恢复HP的医疗技能","127:医生（Lv6）","","45"
"2346","外法代謝活性","医術","対象：味方全体　効果：HPターン大回復
代謝を活性化させ、HPを徐々に回復させる医療技","128:神医（Lv6）","","0","0","6","外法代谢激活","医术","対象：味方全体　効果：HPターン大回復
激活代谢，逐渐恢复HP的医疗技能","128:神医（Lv6）","","45"
"2347","魔導活性","医術","対象：味方全体　効果：MPターン小回復
魔導代謝を活性化させ、MPを徐々に回復させる医療技","126:ナース（Lv6）","","0","0","2","魔导激活","医术","対象：味方全体　効果：MPターン小回復
激活魔导代谢，逐渐恢复MP的医疗技能","126:护士（Lv6）","","45"
"2348","裏魔導活性","医術","対象：味方全体　効果：MPターン中回復
魔導代謝を活性化させ、MPを徐々に回復させる医療技","127:医者（Lv6）","","0","0","4","裏魔导活性","医术","対象：味方全体　効果：MPターン中回復
激活魔导代谢，逐渐恢复MP的医疗技能","127:医生（Lv6）","","45"
"2349","外法魔導活性","医術","対象：味方全体　効果：MPターン大回復
魔導代謝を活性化させ、MPを徐々に回復させる医療技","128:神医（Lv6）","","0","0","6","外法魔导活性","医术","対象：味方全体　効果：MPターン大回復
激活魔导代谢，逐渐恢复MP的医疗技能","128:神医（Lv6）","","45"
"2350","ドーピング","医術","対象：味方単体　効果：最大HP1.5倍
特殊な薬を味方単体に飲ませ、一時的に最大HPを増強する","126:ナース（Lv10）","","0","0","2","兴奋剂","医术","対象：味方単体　効果：最大HP1.5倍
给单个队友服用特殊药物，暂时增强最大HP","126:护士（Lv10）","","45"
"2351","みんなドーピング","医術","対象：味方全体　効果：最大HP1.5倍
特殊な薬を味方全体に飲ませ、一時的に最大HPを増強する","127:医者（Lv10）","","0","0","6","全员兴奋剂","医术","対象：味方全体　効果：最大HP1.5倍
给全体队友服用特殊药物，暂时增强最大HP","127:医生（Lv10）","","45"
"2352","抗生物質注射","医術","対象：味方単体　効果：状態異常予防
抗生物質を味方単体に注射し、状態異常を予防する","127:医者（Lv7）","","0","0","2","抗生素注射","医术","対象：味方単体　効果：状態異常予防
给单个队友注射抗生素，预防状态异常","127:医生（Lv7）","","45"
"2353","みんな抗生物質注射","医術","対象：味方全体　効果：状態異常予防
抗生物質を味方全体に注射し、状態異常を予防する","128:神医（Lv7）","","0","0","6","全员抗生素注射","医术","対象：味方全体　効果：状態異常予防
给全体队友注射抗生素，预防状态异常","128:神医（Lv7）","","45"
"2354","耐ショック注射","医術","対象：味方単体　効果：即死・昇天・絶頂無効
抵抗薬を味方単体に注射し、即死系効果を予防する","127:医者（Lv8）","","0","0","2","抗休克注射","医术","対象：味方単体　効果：即死・昇天・絶頂無効
给单个队友注射抵抗药，预防即死效果","127:医生（Lv8）","","45"
"2355","みんな耐ショック注射","医術","対象：味方全体　効果：即死・昇天・絶頂無効
抵抗薬を味方単体に注射し、即死系効果を予防する","128:神医（Lv8）","","0","0","6","全员抗休克注射","医术","対象：味方全体　効果：即死・昇天・絶頂無効
给单个队友注射抵抗药，预防即死效果","128:神医（Lv8）","","45"
"2356","再蘇生処置","医術","対象：味方単体　効果：自動蘇生
特殊な処置を施し、戦闘不能になっても自動蘇生させる","128:神医（Lv4）","","0","0","8","再苏生处理","医术","対象：味方単体　効果：自動蘇生
施加特殊处理，即使战斗不能也能自动复活","128:神医（Lv4）","","45"
"2357","お注射なのじゃ！","医術","対象：敵単体　効果：毒・麻痺
得体の知れない薬品を注射し、状態異常を起こす","","","0","0","1","打针了是也！","医术","対象：敵単体　効果：毒・麻痺
注射不明药物，引发状态异常","","","45"
"2358","アンデッドライズ","医術","対象：敵単体　効果：ゾンビ
特殊な注射で敵をゾンビ化させる外法の医術","","333:ゾンビドクター（Lv6）","0","0","1","亡灵崛起","医术","対象：敵単体　効果：ゾンビ
用特殊的注射使敌人变成僵尸的邪恶医术","","333:僵尸医生（Lv6）","45"
"2359","バイオハザード","医術","対象：敵全体　効果：ゾンビ
特殊なウィルスで敵全体をゾンビ化させる外法の医術","","334:デスプロフェッサー（Lv6）","0","0","2","生化危机","医术","対象：敵全体　効果：ゾンビ
用特殊的病毒使全体敌人变成僵尸的邪恶医术","","334:死亡教授（Lv6）","45"
"2360","屍は屍に","医術","対象：敵全体　効果：ゾンビ即死
特殊なウィルスでゾンビを死体に還す医術","","334:デスプロフェッサー（Lv5）","0","0","4","尸归尸","医术","対象：敵全体　効果：ゾンビ即死
用特殊的病毒使僵尸回归尸体的医术","","334:死亡教授（Lv5）","45"
"2361","アナフィラキシー","医術","対象：敵全体　効果：即死
特殊な処置で、毒に冒された者を即死させる","","333:ゾンビドクター（Lv8）","0","0","4","过敏性休克","医术","対象：敵全体　効果：即死
用特殊的处理使中毒者立即死亡","","333:僵尸医生（Lv8）","45"
"2362","きまぐれドクターのおまかせオペ","医術","対象：敵全体　効果：ランダム状態異常
気紛れに医術的処置を行い、敵全体に多種の状態異常をもたらす","7049:オールジョブラウンダー（Lv4）","","0","0","5","随性医生的委托手术","医术","対象：敵全体　効果：ランダム状態異常
随意进行医术处理，给全体敌人带来多种状态异常","7049:全能职业者（Lv4）","","45"
"2363","ナイチンゲールの神薬","医術","対象：味方全体　効果：最大HP1.5倍・HP/MP/SPターン大回復
さらに全状態異常および即死効果を無効化、再蘇生を付加する神薬","7080:全テヲ癒ス者（Lv16）","","0","0","100%最大SP","南丁格尔的神药","医术","対象：味方全体　効果：最大HP1.5倍・HP/MP/SPターン大回復
还能使所有状态异常和即死效果无效化，附加复活的神药","7080:全治愈者（Lv16）","","45"
"2367","ハタキ乱舞","御奉仕","威力：Ｄ（器）　対象：敵単体　効果：暗闇
ハタキを振り回し、砂埃で視界を奪う","129:メイド（Lv7）","","0","0","3","掸子乱舞","侍奉","威力：Ｄ（器）　対象：敵単体　効果：暗闇
挥舞掸子，用沙尘夺取视线","129:女仆（Lv7）","","46"
"2368","ハタキ二刀乱舞","御奉仕","威力：Ｂ（器）　対象：敵ランダム4回　効果：暗闇
両手のハタキを乱舞させ、砂埃で視界を奪う","","270:スキュラメイド（Lv2）","0","0","5","双掸子乱舞","侍奉","威力：Ｂ（器）　対象：敵ランダム4回　効果：暗闇
双手挥舞掸子，用沙尘夺取视线","","270:斯库拉女仆（Lv2）","46"
"2369","疾駆・雑巾掛け","御奉仕","威力：Ｃ（器）　対象：敵全体　効果：ヌルヌル
雑巾をかけながら敵の群れに突進する","130:マスターメイド（Lv7）","","0","0","4","疾驰・擦地","侍奉","威力：Ｃ（器）　対象：敵全体　効果：ヌルヌル
一边擦地一边冲向敌群","130:大师女仆（Lv7）","","46"
"2370","蛸足雑巾掛け・四肢奮迅","御奉仕","威力：Ａ（器）　対象：敵全体　効果：ヌルヌル
蛸足をフル動員しながら雑巾掛けで猛進する","","271:スキュラサーバント（Lv2）","0","0","8","章鱼足擦地・四肢奋迅","侍奉","威力：Ａ（器）　対象：敵全体　効果：ヌルヌル
全力挥动章鱼足，用擦地猛冲","","271:斯库拉女仆（Lv2）","46"
"2371","皿投げ千枚桜","御奉仕","威力：Ａ（器）　対象：敵ランダム4回
無数の皿を連続で乱れ投げる","131:パーフェクトメイド（Lv7）","","0","0","7","千樱盘投掷","侍奉","威力：Ａ（器）　対象：敵ランダム4回
连续投掷无数的盘","131:完美女仆（Lv7）","","46"
"2372","メイド奥義・八面六臂","御奉仕","威力：Ｓ（器）　対象：敵単体8回
八面六臂の動作で敵単体を叩きのめすメイド奥義","","271:スキュラサーバント（Lv10）","0","0","10","女仆奥义・八面六臂","侍奉","威力：Ｓ（器）　対象：敵単体8回
用八面六臂的动作猛击单体敌人的女仆奥义","","271:斯库拉女仆（Lv10）","46"
"2373","サタデーナイトフィーバー","御奉仕","威力：Ｓ（器）　対象：敵全体　属性：快楽
土曜の夜中のごとく肉欲を解放するメイド奥義","","272:クィーンスキュラ（Lv4）","0","0","12","周六夜狂热","侍奉","威力：Ｓ（器）　対象：敵全体　属性：快楽
像周六夜一样释放肉欲的女仆奥义","","272:斯库拉女王（Lv4）","46"
"2374","花鳥風月皿ノ舞","御奉仕","威力：ＳＳＳ（器）　対象：敵ランダム6回
皿を投げ付けつつ舞い踊るメイド奥義","7048:ゴッドメイド（Lv14）","","0","0","18","花鸟风月盘之舞","侍奉","威力：ＳＳＳ（器）　対象：敵ランダム6回
一边投掷盘一边跳舞的女仆奥义","7048:神之女仆（Lv14）","","46"
"2375","殺虫スプレー","御奉仕","威力：Ｄ（器）　対象：敵全体　属性：バイオ　効果：虫特攻
殺虫スプレーを撒き、虫に大ダメージを与える","129:メイド（Lv5）","","0","0","4","杀虫喷雾","侍奉","威力：Ｄ（器）　対象：敵全体　属性：バイオ　効果：虫特攻
喷洒杀虫喷雾，对虫子造成大伤害","129:女仆（Lv5）","","46"
"2376","メイドの剪定","御奉仕","威力：Ｄ（器）　対象：敵全体　効果：植物特攻
枝を剪定し、植物に大ダメージを与える","129:メイド（Lv6）","","0","0","4","女仆的修剪","侍奉","威力：Ｄ（器）　対象：敵全体　効果：植物特攻
修剪树枝，对植物造成大伤害","129:女仆（Lv6）","","46"
"2377","恍惚のマッサージ","御奉仕","威力：Ｅ（器）　対象：敵単体　属性：快楽　効果：恍惚
甘い性奉仕で対象を恍惚に導く","129:メイド（Lv3）","270:スキュラメイド（Lv3）","0","0","2","恍惚的按摩","侍奉","威力：Ｅ（器）　対象：敵単体　属性：快楽　効果：恍惚
用甜蜜的性侍奉引导对方进入恍惚状态","129:女仆（Lv3）","270:斯库拉女仆（Lv3）","46"
"2378","失禁のマッサージ","御奉仕","威力：Ｃ（器）　対象：敵単体　属性：快楽　効果：失禁
甘い性奉仕で対象を失禁に導く","130:マスターメイド（Lv3）","","0","0","4","失禁的按摩","侍奉","威力：Ｃ（器）　対象：敵単体　属性：快楽　効果：失禁
用甜蜜的性侍奉引导对方进入失禁状态","130:大师女仆（Lv3）","","46"
"2379","昇天のマッサージ","御奉仕","威力：Ａ（器）　対象：敵単体　属性：快楽　効果：絶頂
甘い性奉仕で対象を昇天させる","131:パーフェクトメイド（Lv3）","","0","0","7","升天的按摩","侍奉","威力：Ａ（器）　対象：敵単体　属性：快楽　効果：絶頂
通过甜蜜的性侍奉让对象升天","131:完美女仆（Lv3）","","46"
"2380","メイドの乳搾り","御奉仕","対象：敵単体　効果：ミルク獲得
牧畜作業にも通じたメイドの乳搾り","130:マスターメイド（Lv5）","","0","0","1","女仆的挤奶","侍奉","対象：敵単体　効果：ミルク獲得
结合畜牧作业的女仆挤奶","130:大师女仆（Lv5）","","46"
"2381","強制おもらし","御奉仕","威力：Ａ（器）　対象：敵単体　属性：快楽　効果：失禁
性器に最高の快楽を与え、屈辱のおもらしに導く","131:パーフェクトメイド（Lv5）","","0","0","7","强制失禁","侍奉","威力：Ａ（器）　対象：敵単体　属性：快楽　効果：失禁
给予性器官最高快乐，引导至屈辱的失禁","131:完美女仆（Lv5）","","46"
"2382","酪農プログラム・乳搾り","御奉仕","対象：敵単体　効果：ミルク獲得
酪農プログラムを実行し、搾乳を行う","","344:ドール（Lv10）","0","0","3","乳业程序・挤奶","侍奉","対象：敵単体　効果：ミルク獲得
执行乳业程序，进行挤奶","","344:人偶（Lv10）","46"
"2383","洗浄プログラム・泡洗い","御奉仕","威力：Ｄ（器）　対象：敵単体　属性：快楽　効果：ヌルヌル・恍惚
洗浄プログラムを実行し、泡で性器を丹念に洗う","","344:ドール（Lv4）","0","0","2","清洗程序・泡沫清洗","侍奉","威力：Ｄ（器）　対象：敵単体　属性：快楽　効果：ヌルヌル・恍惚
执行清洗程序，用泡沫仔细清洗性器官","","344:人偶（Lv4）","46"
"2384","遊戯プログラム・電気按摩","御奉仕","威力：Ｂ（器）　対象：敵単体　属性：物理・快楽　効果：麻痺
遊戯プログラムを実行し、性器に足で振動を与える","","345:エビルマータ（Lv7）","0","0","5","游戏程序・电击按摩","侍奉","威力：Ｂ（器）　対象：敵単体　属性：物理・快楽　効果：麻痺
执行游戏程序，用脚给予性器官振动","","345:邪恶标记（Lv7）","46"
"2385","性的奉仕プログラム666","御奉仕","威力：Ａ（器）　対象：敵単体　属性：快楽　効果：HP吸収・拘束
性的奉仕プログラムを実行し、対象を犯す","","346:フォースドール（Lv6）","0","0","7","性侍奉程序666","侍奉","威力：Ａ（器）　対象：敵単体　属性：快楽　効果：HP吸収・拘束
执行性侍奉程序，侵犯对象","","346:强制人偶（Lv6）","46"
"2386","蛸足奉仕","御奉仕","威力：Ｂ（器）　対象：敵単体　属性：快楽　効果：拘束
蛸足でじっくりと奉仕し、甘い快楽を与える","","270:スキュラメイド（Lv10）","0","0","5","章鱼足侍奉","侍奉","威力：Ｂ（器）　対象：敵単体　属性：快楽　効果：拘束
用章鱼足仔细侍奉，给予甜蜜的快乐","","270:斯库拉女仆（Lv10）","46"
"2387","八足昇天マッサージ","御奉仕","威力：Ｓ（器）　対象：敵ランダム8回　属性：快楽　効果：絶頂
八本の足を巧みに用い、嫐るようなマッサージを行う","","271:スキュラサーバント（Lv6）","0","0","8","八足升天按摩","侍奉","威力：Ｓ（器）　対象：敵ランダム8回　属性：快楽　効果：絶頂
巧妙地使用八条腿，进行折磨般的按摩","","271:斯库拉女仆（Lv6）","46"
"2388","メイドの緊縛","御奉仕","対象：敵全体　効果：暗闇・沈黙・拘束
練達した手腕で敵を縛り上げ拘束してしまう","","270:スキュラメイド（Lv7）","0","0","4","女仆的紧缚","侍奉","対象：敵全体　効果：暗闇・沈黙・拘束
用熟练的手腕将敌人捆绑并拘束","","270:斯库拉女仆（Lv7）","46"
"2389","お茶が入りました","御奉仕","対象：味方単体　効果：HP・SP小回復
メイド特製のお茶で体力と気力を回復する","129:メイド（Lv2）","270:スキュラメイド（Lv2）","0","0","1","茶已倒入","侍奉","対象：味方単体　効果：HP・SP小回復
用女仆特制的茶回复体力和气力","129:女仆（Lv2）","270:斯库拉女仆（Lv2）","46"
"2390","特製ハーブティーです","御奉仕","対象：味方単体　効果：HP・SP中回復
特製のハーブティーで体力と気力を回復する","130:マスターメイド（Lv2）","","0","0","2","特制草本茶","侍奉","対象：味方単体　効果：HP・SP中回復
用特制的草本茶回复体力和气力","130:大师女仆（Lv2）","","46"
"2391","禁断のハーブティーです","御奉仕","対象：味方単体　効果：HP・SP大回復
禁断のハーブティーで体力と気力を回復する","131:パーフェクトメイド（Lv2）","","0","0","4","禁忌草本茶","侍奉","対象：味方単体　効果：HP・SP大回復
用禁忌草本茶回复体力和气力","131:完美女仆（Lv2）","","46"
"2392","お茶が入りました×8","御奉仕","対象：味方ランダム8回　効果：HP・SP中回復
無数の足を動員し、お茶を乱舞させる","","270:スキュラメイド（Lv5）","0","0","4","茶已倒入×8","侍奉","対象：味方ランダム8回　効果：HP・SP中回復
动员无数的脚，让茶乱舞","","270:斯库拉女仆（Lv5）","46"
"2393","メイドブースト","御奉仕","対象：使用者　効果：2回行動・HPターン減少
1ターンに2回行動できるようになるが、体力を消費","","271:スキュラサーバント（Lv8）","0","0","3","女仆强化","侍奉","対象：使用者　効果：2回行動・HPターン減少
1回合内可以进行2次行动，但会消耗体力","","271:斯库拉女仆（Lv8）","46"
"2394","バトルメイドでございます","御奉仕","対象：使用者　効果：攻撃力アップ・物理スキルのみ使用可能
全ての物理スキルタイプが使用でき、それ以外のスキルは使用不能に","","270:スキュラメイド（Lv4）","0","0","2","战斗女仆在此","侍奉","対象：使用者　効果：攻撃力アップ・物理スキルのみ使用可能
所有物理技能类型均可以使用，其他技能无法使用","","270:斯库拉女仆（Lv4）","46"
"2395","マジカルメイドでございます","御奉仕","対象：使用者　効果：魔力アップ・魔法スキルのみ使用可能
全ての魔法スキルタイプが使用でき、それ以外のスキルは使用不能に","","271:スキュラサーバント（Lv4）","0","0","2","魔法女仆在此","侍奉","対象：使用者　効果：魔力アップ・魔法スキルのみ使用可能
所有魔法技能类型均可以使用，其他技能无法使用","","271:斯库拉女仆（Lv4）","46"
"2396","パーフェクトメイドでございます","御奉仕","対象：使用者　効果：全スキル使用可能
全てのスキルタイプが使用可能になる禁断のメイド奥義","","272:クィーンスキュラ（Lv9）","0","0","4","完美女仆在此","侍奉","対象：使用者　効果：全スキル使用可能
所有技能类型均可以使用，禁断的女仆奥义","","272:斯库拉女王（Lv9）","46"
"2397","家庭菜園の収穫","御奉仕","対象：使用者　効果：食材獲得
世話していた菜園から食材を収穫する","129:メイド（Lv10）","","0","0","5","家庭菜园的收获","侍奉","対象：使用者　効果：食材獲得
从照料的菜园中收获食材","129:女仆（Lv10）","","46"
"2403","陽斬","王技","威力：Ｂ（力）　対象：敵単体　属性：炎
武芸に長けた王族が修得する炎の刃","135:王（Lv2）","","0","0","4","阳斩","王技","威力：Ｂ（力）　対象：敵単体　属性：炎
擅长武艺的王族修得的炎之刃","135:王（Lv2）","","47"
"2404","王命剣","王技","威力：Ａ（力）　対象：敵全体　属性：炎
王者の信念を込めて繰り出される爆炎の剣","135:王（Lv10）","","0","0","7","王命剑","王技","威力：Ａ（力）　対象：敵全体　属性：炎
蕴含王者信念的爆炎之剑","135:王（Lv10）","","47"
"2405","キングスクルセイド","王技","威力：Ｓ（力）　対象：敵単体
王者にのみ伝えられる伝説の剣技","136:騎士王（Lv2）","","0","0","10","王之东征","王技","威力：Ｓ（力）　対象：敵単体
只有王者才能传承的传说剑技","136:骑士王（Lv2）","","47"
"2406","覇道皇塵剣","王技","威力：Ｓ（力）　対象：敵全体
王の信念をもって放たれる、絶大なる奥義","136:騎士王（Lv10）","","0","0","12","霸道皇尘剑","王技","威力：Ｓ（力）　対象：敵全体
以王者的信念释放的强大奥义","136:骑士王（Lv10）","","47"
"2407","ルミナスレイ","王技","威力：Ｓ（魔）　対象：敵単体
魔反鏡で敵を囲み、熱線を照射する魔術","137:魔導王（Lv2）","","0","25","0","光之射线","王技","威力：Ｓ（魔）　対象：敵単体
用魔镜包围敌人并向其发射热射线的魔法","137:魔导王（Lv2）","","47"
"2408","魔導滅光","王技","威力：Ｓ（魔）　対象：敵全体
天空から破壊光線を照射させる魔導王の奥義","137:魔導王（Lv10）","","0","30","0","魔导灭光","王技","威力：Ｓ（魔）　対象：敵全体
从天空照射破坏光线的魔导王奥义","137:魔导王（Lv10）","","47"
"2409","第13法典・鉄槌","王技","威力：Ｂ（魔）　対象：敵全体　属性：聖
聖波動で邪悪を照らし出す法王の聖術","138:法王（Lv6）","","0","8","3","第13法典・铁锤","王技","威力：Ｂ（魔）　対象：敵全体　属性：聖
用圣波动照出邪恶的教皇圣术","138:教皇（Lv6）","","47"
"2410","第666法典・黙示","王技","威力：Ｓ（魔）　対象：敵全体　属性：聖　効果：昇天
聖波動を連続照射し悪を滅ぼす法王の奥義","139:神聖法王（Lv6）","","0","15","6","第666法典・启示","王技","威力：Ｓ（魔）　対象：敵全体　属性：聖　効果：昇天
连续照射圣波动消灭邪恶的教皇奥义","139:神圣教皇（Lv6）","","47"
"2411","ホーリーグレネード","王技","威力：Ｓ（器）　対象：敵全体　属性：炎・聖　効果：昇天・バーン
アンティオキアの聖なる手榴弾で邪悪を滅ぼす","140:機甲法王（Lv2）","","0","15","6","神圣手榴弹","王技","威力：Ｓ（器）　対象：敵全体　属性：炎・聖　効果：昇天・バーン
用安提奥基亚的神圣手榴弹消灭邪恶","140:机甲教皇（Lv2）","","47"
"2412","禁忌法典・天魔覆滅","王技","威力：ＳＳＳ（魔）　対象：敵全体　属性：イオン・永劫　効果：昇天
絶大なる魔力で悪を処断するという禁断の法術","7050:覇王（Lv5）","","0","40","10","禁忌法典・天魔覆灭","王技","威力：ＳＳＳ（魔）　対象：敵全体　属性：イオン・永劫　効果：昇天
以巨大的魔力处决邪恶的禁忌法术","7050:霸王（Lv5）","","47"
"2413","王の軍隊","王技","威力：Ａ（力）　対象：敵ランダム4回
王の軍隊を招集し、敵の群れを攻撃させる","135:王（Lv8）","","0","0","6","王的军队","王技","威力：Ａ（力）　対象：敵ランダム4回
召集王的军队，攻击敌群","135:王（Lv8）","","47"
"2414","王国騎士団","王技","威力：Ｓ（力）　対象：敵ランダム6回
王国騎士団を招集し、敵の群れを攻撃させる","136:騎士王（Lv8）","","0","0","10","王国骑士团","王技","威力：Ｓ（力）　対象：敵ランダム6回
召集王国骑士团，攻击敌群","136:骑士王（Lv8）","","47"
"2415","国教魔導団","王技","威力：Ｓ（魔）　対象：敵ランダム6回　属性：炎・氷・雷
国教魔導団を招集し、敵の群れを攻撃させる","137:魔導王（Lv8）","","0","25","0","国教魔导团","王技","威力：Ｓ（魔）　対象：敵ランダム6回　属性：炎・氷・雷
召集国教魔导团，攻击敌群","137:魔导王（Lv8）","","47"
"2416","十字軍","王技","威力：Ｓ（魔）　対象：敵ランダム6回
十字軍を招集し、敵の群れを攻撃させる","139:神聖法王（Lv8）","","0","12","5","十字军","王技","威力：Ｓ（魔）　対象：敵ランダム6回
召集十字军，攻击敌群","139:神圣教皇（Lv8）","","47"
"2417","機甲十字軍","王技","威力：Ｓ（器）　対象：敵ランダム6回　属性：炎
機甲十字軍を招集し、敵の群れを攻撃させる","140:機甲法王（Lv8）","","0","12","5","机甲十字军","王技","威力：Ｓ（器）　対象：敵ランダム6回　属性：炎
召集机甲十字军，攻击敌群","140:机甲教皇（Lv8）","","47"
"2418","回転説法","王技","威力：Ｄ（魔）　対象：敵全体　効果：昇天
回転しながらの説法で敵全体を昇天させる","138:法王（Lv10）","","0","10","4","旋转布道","王技","威力：Ｄ（魔）　対象：敵全体　効果：昇天
旋转布道使全体敌人升天","138:教皇（Lv10）","","47"
"2419","昇天説法","王技","威力：Ａ（魔）　対象：敵全体　効果：昇天
昇天しながらの説法で敵全体を昇天させる","139:神聖法王（Lv10）","","0","15","6","升天布道","王技","威力：Ａ（魔）　対象：敵全体　効果：昇天
升天布道使全体敌人升天","139:神圣教皇（Lv10）","","47"
"2420","王の威光","王技","対象：使用者　効果：全能力アップ
王の威光で全能力を覚醒させる","135:王（Lv4）","","0","0","4","王的威光","王技","対象：使用者　効果：全能力アップ
王的威光唤醒全能力","135:王（Lv4）","","47"
"2421","王権神授","王技","対象：使用者　効果：HP・SP・MPターン大回復
神の恩寵を受けHPやMP、SPが徐々に回復していく","135:王（Lv6）","","0","0","3","君权神授","王技","対象：使用者　効果：HP・SP・MPターン大回復
接受神的恩宠，HP、MP、SP逐渐回复","135:王（Lv6）","","47"
"2422","癒しの恩寵","王技","対象：味方全体　効果：HP中回復・SP小回復
法王の祈りにより、味方全体のHPとSPが回復する","138:法王（Lv2）","","0","30","0","治愈的恩宠","王技","対象：味方全体　効果：HP中回復・SP小回復
教皇的祈祷，使我方全体的HP和SP回复","138:教皇（Lv2）","","47"
"2423","復活の恩寵","王技","対象：味方全体（待機メンバー含む）　効果：蘇生
深き祈りにより、待機メンバー含む味方全体が蘇生","139:神聖法王（Lv2）","","0","30","8","复活的恩宠","王技","対象：味方全体（待機メンバー含む）　効果：蘇生
深切的祈祷，使包括待机成员在内的我方全体复活","139:神圣教皇（Lv2）","","47"
"2424","聖者再臨","王技","対象：使用者　効果：再蘇生
真摯な祈りにより、自身の自動復活が可能になる","138:法王（Lv4）","","0","0","3","圣者再临","王技","対象：使用者　効果：再蘇生
真挚的祈祷，使自身能够自动复活","138:教皇（Lv4）","","47"
"2425","使徒再臨","王技","対象：味方全体　効果：戦闘不能時復活
真摯な祈りにより、味方全体の自動復活が可能になる","139:神聖法王（Lv4）","","0","0","20","使徒再临","王技","対象：味方全体　効果：戦闘不能時復活
真挚的祈祷，使我方全体能够自动复活","139:神圣教皇（Lv4）","","47"
"2426","ブリッツクリーグ","王技","対象：使用者　効果：2回行動・被ダメージ2倍
2回行動が可能になるが、受けるダメージも倍増する","140:機甲法王（Lv6）","","0","0","3","闪电战","王技","対象：使用者　効果：2回行動・被ダメージ2倍
可以进行2次行动，但受到的伤害也会倍增","140:机甲教皇（Lv6）","","47"
"2431","シャドウラプソディ","勇者技","威力：ＳＳＳ（力）　対象：敵ランダム4回　属性：闇
闇のオーラをまといながら乱撃を繰り出す奥義","144:闇の勇者（Lv10）","","14%当前HP","0","9","暗影狂想曲","勇者技","威力：ＳＳＳ（力）　対象：敵ランダム4回　属性：闇
伴随着暗之气息的乱击奥义","144:暗之勇者（Lv10）","","48"
"2432","やたらめった斬り","勇者技","威力：Ｅ（力）　対象：敵ランダム4回
めちゃくちゃに剣を振り回す剣技","141:見習い勇者（Lv2）","","0","0","1","胡乱斩击","勇者技","威力：Ｅ（力）　対象：敵ランダム4回
胡乱挥舞一气的剑技","141:见习勇者（Lv2）","","48"
"2433","我流ファイア斬","勇者技","威力：Ｄ（力）　対象：敵単体　属性：炎
炎の力で斬りつける我流の剣技","141:見習い勇者（Lv7）","","0","0","3","我流火焰斩","勇者技","威力：Ｄ（力）　対象：敵単体　属性：炎
用火焰之力斩击的我流剑技","141:见习勇者（Lv7）","","48"
"2434","燃えろ！ぐるぐる斬","勇者技","威力：Ｄ（力）　対象：敵全体　属性：炎
剣に炎を宿し、ぐるぐる回転する無茶な技","141:見習い勇者（Lv10）","","0","0","4","燃烧吧！转啊转斩","勇者技","威力：Ｄ（力）　対象：敵全体　属性：炎
剑上寄宿火焰，咕噜咕噜旋转的疯狂技","141:见习勇者（Lv10）","","48"
"2435","妖魔斬","勇者技","威力：Ｃ（力）　対象：敵単体　効果：妖魔・吸血鬼特攻
妖魔を滅ぼす勇者の剣","142:勇者（Lv2）","","0","0","3","妖魔斩","勇者技","威力：Ｃ（力）　対象：敵単体　効果：妖魔・吸血鬼特攻
消灭妖魔的勇者之剑","142:勇者（Lv2）","","48"
"2436","不死斬","勇者技","威力：Ｃ（力）　対象：敵単体　効果：ゾンビ・ゴースト特攻
アンデッドを滅ぼす勇者の剣","142:勇者（Lv2）","","0","0","3","不死斩","勇者技","威力：Ｃ（力）　対象：敵単体　効果：ゾンビ・ゴースト特攻
消灭不死族的勇者之剑","142:勇者（Lv2）","","48"
"2437","烈火天翔閃","勇者技","威力：Ｂ（力）　対象：敵単体　属性：炎
刃に炎を宿し、渾身の振り下ろしを繰り出す勇者の剣技","142:勇者（Lv5）","","0","0","5","烈火天翔闪","勇者技","威力：Ｂ（力）　対象：敵単体　属性：炎
剑刃附着火焰，全力挥下的勇者剑技","142:勇者（Lv5）","","48"
"2438","紅蓮廻天斬","勇者技","威力：Ｂ（力）　対象：敵全体　属性：炎
紅蓮の炎をまとい回転斬りを繰り出す勇者の剣技","142:勇者（Lv8）","","0","0","6","红莲回天斩","勇者技","威力：Ｂ（力）　対象：敵全体　属性：炎
附着红莲之炎，旋转斩击的勇者剑技","142:勇者（Lv8）","","48"
"2439","紅蓮炎舞","勇者技","威力：Ａ（力）　対象：敵ランダム4回　属性：炎
業火をまとった勇者の四連撃","142:勇者（Lv10）","","0","0","6","红莲炎舞","勇者技","威力：Ａ（力）　対象：敵ランダム4回　属性：炎
附着业火的勇者四连击","142:勇者（Lv10）","","48"
"2440","プラズマブレイク","勇者技","威力：Ｓ（力）　対象：敵単体　属性：雷
プラズマを発生させながら袈裟斬りにする剣技","143:光の勇者（Lv2）","","0","0","10","电浆破碎","勇者技","威力：Ｓ（力）　対象：敵単体　属性：雷
产生等离子体的同时进行袈裟斩的剑技","143:光之勇者（Lv2）","","48"
"2441","シャドウブレイク","勇者技","威力：ＳＳ（力）　対象：敵単体　属性：闇
闇のオーラをまといながら袈裟斬りにする剣技","144:闇の勇者（Lv2）","","8%当前HP","0","7","暗影破碎","勇者技","威力：ＳＳ（力）　対象：敵単体　属性：闇
附着暗之气息的同时进行袈裟斩的剑技","144:暗之勇者（Lv2）","","48"
"2442","グランドリオン","勇者技","威力：ＳＳ（力）　対象：敵全体
正義の心が導く必殺の剣閃","143:光の勇者（Lv6）","","0","0","17","格兰多利昂","勇者技","威力：ＳＳ（力）　対象：敵全体
正义之心引导的必杀剑闪","143:光之勇者（Lv6）","","48"
"2443","ヴェルデリオン","勇者技","威力：ＳＳ（力）　対象：敵全体　属性：闇
闇の波動を解放する必殺の剣閃","144:闇の勇者（Lv6）","","12%当前HP","0","9","威尔帝利昂","勇者技","威力：ＳＳ（力）　対象：敵全体　属性：闇
解放暗之波动的必杀剑闪","144:暗之勇者（Lv6）","","48"
"2444","烈心聖光斬","勇者技","威力：ＳＳＳ（力）　対象：敵単体　属性：聖
聖なる波動をまとった浄化の剣","143:光の勇者（Lv10）","","0","30","9","烈心圣光斩","勇者技","威力：ＳＳＳ（力）　対象：敵単体　属性：聖
附着神圣波动的净化之剑","143:光之勇者（Lv10）","","48"
"2445","天塵剣","勇者技","威力：ＳＳＳ（力）　対象：敵単体　属性：聖・闇　効果：天使特攻
天使を斬るためにのみ研ぎ澄まされた堕剣","7051:混沌の勇者（Lv2）","","9%当前HP","20","6","天尘剑","勇者技","威力：ＳＳＳ（力）　対象：敵単体　属性：聖・闇　効果：天使特攻
专为斩杀天使而磨砺的堕落之剑","7051:混沌的勇者（Lv2）","","48"
"2446","アルティメットメサイア","勇者技","威力：４Ｓ（力）　対象：敵全体　属性：永劫
勇者の汚れなき心が生み出す浄化の奔流","7051:混沌の勇者（Lv4）","","0","50","12","究极弥赛亚","勇者技","威力：４Ｓ（力）　対象：敵全体　属性：永劫
勇者纯净之心所产生的净化洪流","7051:混沌的勇者（Lv4）","","48"
"2447","シャドウメサイア","勇者技","威力：４Ｓ（力）　対象：敵全体　属性：終焉
勇者の強き信念が生み出す暗黒の奔流","7051:混沌の勇者（Lv6）","","18%当前HP","0","12","暗影弥赛亚","勇者技","威力：４Ｓ（力）　対象：敵全体　属性：終焉
勇者坚定信念所产生的黑暗洪流","7051:混沌的勇者（Lv6）","","48"
"2448","エレメント・スピカ","勇者技","威力：４Ｓ（力）　対象：敵単体　属性：炎・風・土・水
四属性の力を右腕に宿し、敵に叩きつける格闘奥義","","","0","0","22","元素・真珠星","勇者技","威力：４Ｓ（力）　対象：敵単体　属性：炎・風・土・水
将四元素之力寄宿于右臂，向敌人猛击的格斗奥义","","","48"
"2449","カドラプル・ギガ","勇者技","威力：ＺＺ（力・四精霊召喚必須）　対象：敵全体　属性：炎・風・土・水
四属性の力を剣に宿し、全てを断つ究極最強の奥義","","","0","0","10","千兆・四重奏","勇者技","威力：ＺＺ（力・四精霊召喚必須）　対象：敵全体　属性：炎・風・土・水
将四元素之力寄宿于剑，斩断一切的究极最强奥义","","","48"
"2450","烈心天塵剣","勇者技","威力：Ｚ（力）　対象：敵単体　属性：修羅・永劫・終焉　効果：天使特攻
光の勇者と闇の勇者の奥義を同時に放つ最大最後の混沌奥義","7051:混沌の勇者（Lv12）","","12%当前HP","40","10","烈心天尘剑","勇者技","威力：Ｚ（力）　対象：敵単体　属性：修羅・永劫・終焉　効果：天使特攻
光之勇者与暗之勇者的奥义同时释放的最大最后混沌奥义","7051:混沌的勇者（Lv12）","","48"
"2451","エンジェルダスト","勇者技","威力：Ｚ（力）　対象：敵全体　属性：修羅・永劫・終焉　効果：天使特攻
全ての天使を塵へと還す究極の魔導奔流","7051:混沌の勇者（Lv15）","","0","0","40","天使尘埃","勇者技","威力：Ｚ（力）　対象：敵全体　属性：修羅・永劫・終焉　効果：天使特攻
将所有天使化为尘埃的究极魔导奔流","7051:混沌的勇者（Lv15）","","48"
"2452","八夜羅刹斬","勇者技","威力：ＺＺＺ（力）　対象：敵全体　属性：修羅・永劫・終焉
全てを混沌へと還す、勇者の究極最終奥義","7070:英雄王（Lv14）","","0","0","60","八夜罗刹斩","勇者技","威力：ＺＺＺ（力）　対象：敵全体　属性：修羅・永劫・終焉
将一切归于混沌的勇者究极最终奥义","7070:英雄王（Lv14）","","48"
"2453","烈心天塵英雄剣","勇者技","威力：５Ｚ（力）　対象：敵ランダム4回　属性：修羅・永劫・終焉　効果：天使特攻
烈心天塵剣を四連続で繰り出す限界を超えた混沌奥義","7070:英雄王（Lv20）","","18%当前HP","135","24","烈心天尘英雄剑","勇者技","威力：５Ｚ（力）　対象：敵ランダム4回　属性：修羅・永劫・終焉　効果：天使特攻
连续四次使出烈心天尘剑的超越极限混沌奥义","7070:英雄王（Lv20）","","48"
"2454","イクスタプル・ゼタ","勇者技","威力：N/A（力・六精霊召喚必須）　対象：敵全体　属性：修羅・核熱・ハドロン・テラ・ナノ・永劫・終焉
全属性の力を剣に宿す、勇者ルカのみの最終奥義","","","0","0","30","泽它・六重奏","勇者技","威力：N/A（力・六精霊召喚必須）　対象：敵全体　属性：修羅・核熱・ハドロン・テラ・ナノ・永劫・終焉
将全属性的力量寄宿于剑上，勇者鲁卡独有的最终奥义","","","48"
"2455","ロゴス・マギア","勇者技","威力：N/A（力）　対象：敵全体　属性：ヌル
使用するたび、混沌に導かれる……","","","23%当前HP","300","50","逻各斯・玛吉亚","勇者技","威力：N/A（力）　対象：敵全体　属性：ヌル
使用するたび、混沌に導かれる……","","","48"
"2456","カオス・マギア","勇者技","威力：■■（力）　対象：敵全体　属性：ヌル
混沌の神が解き放つ必滅の奔流","","","30%当前HP","550","100","混沌・玛吉亚","勇者技","威力：■■（力）　対象：敵全体　属性：ヌル
混沌之神释放的必灭奔流","","","48"
"2457","ブレイブウォール","勇者技","対象：味方単体　効果：ディフレクト2回
どんな攻撃も2回だけ防ぐ防護壁を作り出す","143:光の勇者（Lv4）","","0","0","4","勇气之墙","勇者技","対象：味方単体　効果：ディフレクト2回
制造出一道能防御任何攻击两次的防护墙","143:光之勇者（Lv4）","","48"
"2458","勇者の号令","勇者技","対象：味方全体　効果：SP大回復・全能力アップ
高らかな号令で味方全体を大いに鼓舞する","","","0","0","20","勇者的号令","勇者技","対象：味方全体　効果：SP大回復・全能力アップ
高声号令，极大地鼓舞全体队友","","","48"
"2460","手淫","淫技","威力：Ｃ（器）　対象：敵単体　属性：快楽　効果：敏感
手で性器を愛撫する淫技","97:娼婦（Lv2）","","0","0","4","手淫","淫技","威力：Ｃ（器）　対象：敵単体　属性：快楽　効果：敏感
用手爱抚性器的淫技","97:娼妇（Lv2）","","49"
"2461","恍惚の指使い","淫技","威力：Ｂ（器）　対象：敵全体　属性：快楽　効果：敏感・恍惚
艶めかしい指使いで性器をなぞり恍惚に浸らせる淫技","98:慈愛の聖娼（Lv2）","","0","0","7","恍惚的指法","淫技","威力：Ｂ（器）　対象：敵全体　属性：快楽　効果：敏感・恍惚
用艳丽的手法抚摸性器，使其陷入恍惚的淫技","98:慈爱的圣娼（Lv2）","","49"
"2462","昇天の指使い","淫技","威力：Ｂ（器）　対象：敵全体　属性：快楽　効果：敏感・絶頂
艶めかしい指使いで性器をなぞり昇天させる淫技","99:傾国の魔娼（Lv2）","","0","0","7","升天的指法","淫技","威力：Ｂ（器）　対象：敵全体　属性：快楽　効果：敏感・絶頂
用艳丽的手法抚摸性器，使其升天的淫技","99:倾国的魔娼（Lv2）","","49"
"2463","ゴールドフィンガー","淫技","威力：Ｂ（器）　対象：敵単体　属性：快楽　効果：敏感・失禁
相手を失禁に至らせる黄金の指技","101:バトルファッカー（Lv2）","","0","0","5","黄金手指","淫技","威力：Ｂ（器）　対象：敵単体　属性：快楽　効果：敏感・失禁
使对方失禁的黄金手指技","101:BF斗士（Lv2）","","49"
"2464","瞬殺の指技","淫技","威力：Ｓ（器）　対象：敵全体　属性：快楽　効果：敏感・絶頂
たちどころに相手を絶頂させる魔性の指技","102:クィーンファッカー（Lv2）","","0","0","12","瞬杀的指技","淫技","威力：Ｓ（器）　対象：敵全体　属性：快楽　効果：敏感・絶頂
瞬间使对方达到高潮的魔性手法","102:女王BF（Lv2）","","49"
"2465","口淫","淫技","威力：Ｃ（器）　対象：敵単体　属性：快楽　効果：ヌルヌル
性器を口で愛撫する淫技","97:娼婦（Lv4）","","0","0","4","口淫","淫技","威力：Ｃ（器）　対象：敵単体　属性：快楽　効果：ヌルヌル
用口爱抚性器的淫技","97:娼妇（Lv4）","","49"
"2466","至福の口淫","淫技","威力：Ａ（器）　対象：敵ランダム4回　属性：快楽　効果：ヌルヌル
甘い快楽を与える事を目的とした艶めかしい口淫","98:慈愛の聖娼（Lv4）","","0","0","7","至福的口交","淫技","威力：Ａ（器）　対象：敵ランダム4回　属性：快楽　効果：ヌルヌル
以给予甜美快乐为目的的艳丽口交","98:慈爱的圣娼（Lv4）","","49"
"2467","種吸いの口淫","淫技","威力：Ａ（器）　対象：敵ランダム4回　属性：快楽　効果：ヌルヌル
射精させる事を目的とした無慈悲な口淫","99:傾国の魔娼（Lv4）","","0","0","7","吸精的口交","淫技","威力：Ａ（器）　対象：敵ランダム4回　属性：快楽　効果：ヌルヌル
以射精为目的的无情口交","99:倾国的魔娼（Lv4）","","49"
"2468","パイズリ","淫技","威力：Ｃ（器）　対象：敵単体　属性：快楽　効果：恍惚
柔らかな胸で相手の性器を刺激する性技","97:娼婦（Lv6）","","0","0","4","乳交","淫技","威力：Ｃ（器）　対象：敵単体　属性：快楽　効果：恍惚
用柔软的胸部刺激对方的性器","97:娼妇（Lv6）","","49"
"2469","慈愛の乳圧","淫技","威力：Ａ（器）　対象：敵全体　属性：快楽　効果：恍惚
性器を乳房で圧迫し慈愛に浸らせる淫技","98:慈愛の聖娼（Lv8）","","0","0","8","慈爱的乳压","淫技","威力：Ａ（器）　対象：敵全体　属性：快楽　効果：恍惚
用乳房压迫性器，使其沉浸在慈爱中的淫技","98:慈爱的圣娼（Lv8）","","49"
"2470","悪夢の胸搾り","淫技","威力：Ａ（器）　対象：敵全体　属性：快楽　効果：恍惚
性器を乳房で圧迫し快楽地獄に悶えさせる淫技","99:傾国の魔娼（Lv8）","","0","0","8","恶梦的胸榨","淫技","威力：Ａ（器）　対象：敵全体　属性：快楽　効果：恍惚
用乳房压迫性器，使其在快乐地狱中挣扎的淫技","99:倾国的魔娼（Lv8）","","49"
"2471","騎乗位","淫技","威力：Ｂ（器）　対象：敵単体　属性：快楽　効果：拘束
相手にまたがり騎乗位で敵を犯す淫技","97:娼婦（Lv10）","","0","0","5","骑乘位","淫技","威力：Ｂ（器）　対象：敵単体　属性：快楽　効果：拘束
跨坐在对手身上，骑乘位侵犯敌人的淫技","97:娼妇（Lv10）","","49"
"2472","天上のカーマストラ","淫技","威力：Ｓ（器）　対象：敵単体　属性：快楽　効果：拘束
相手に天上の快楽を与える騎乗位奥義","98:慈愛の聖娼（Lv10）","","0","0","9","天上的爱经","淫技","威力：Ｓ（器）　対象：敵単体　属性：快楽　効果：拘束
给予对手天上快乐的骑乘位奥义","98:慈爱的圣娼（Lv10）","","49"
"2473","傾国の夢","淫技","威力：Ｓ（器）　対象：敵単体　属性：快楽　効果：拘束
あらゆる男女を虜にする騎乗位奥義","99:傾国の魔娼（Lv10）","","0","0","9","倾国之梦","淫技","威力：Ｓ（器）　対象：敵単体　属性：快楽　効果：拘束
能俘获所有男女的骑乘位奥义","99:倾国的魔娼（Lv10）","","49"
"2474","秒殺グラインド","淫技","威力：Ａ（器）　対象：敵単体　属性：快楽　効果：拘束・絶頂
激しい腰の動きでたちどころに絶頂させる騎乗位の奥義","101:バトルファッカー（Lv10）","","0","0","6","秒杀扭臀","淫技","威力：Ａ（器）　対象：敵単体　属性：快楽　効果：拘束・絶頂
用激烈的腰部动作瞬间使其达到高潮的骑乘位奥义","101:BF斗士（Lv10）","","49"
"2475","吸精殺","淫技","威力：ＳＳ（器）　対象：敵単体　属性：快楽　効果：拘束・HP吸収
精気をじわじわと吸い上げる騎乗位の奥義","102:クィーンファッカー（Lv4）","","0","0","14","吸精杀","淫技","威力：ＳＳ（器）　対象：敵単体　属性：快楽　効果：拘束・HP吸収
慢慢吸取精气的骑乘位奥义","102:女王BF（Lv4）","","49"
"2476","ヘブンズキッス","淫技","威力：Ｂ（器）　対象：敵ランダム3回　属性：快楽　効果：敏感・昇天
天国のキッスで昇天させる淫技","98:慈愛の聖娼（Lv6）","","0","0","7","天堂之吻","淫技","威力：Ｂ（器）　対象：敵ランダム3回　属性：快楽　効果：敏感・昇天
用天堂之吻使其升天的淫技","98:慈爱的圣娼（Lv6）","","49"
"2477","デスキッス","淫技","威力：Ｂ（器）　対象：敵ランダム3回　属性：快楽　効果：敏感・即死
魔性のキッスで死に誘う淫技","99:傾国の魔娼（Lv6）","","0","0","7","死亡之吻","淫技","威力：Ｂ（器）　対象：敵ランダム3回　属性：快楽　効果：敏感・即死
用魔性之吻诱其死亡的淫技","99:倾国的魔娼（Lv6）","","49"
"2478","淫楽絡み締め","淫技","威力：Ｂ（器）　対象：敵単体　属性：快楽　効果：拘束
絡み付くように密着し、柔らかな肉体で締め上げる絞め技","101:バトルファッカー（Lv4）","","0","0","5","淫乐缠绞","淫技","威力：Ｂ（器）　対象：敵単体　属性：快楽　効果：拘束
像缠绕一样紧密贴合，用柔软的身体收紧的绞杀技","101:BF斗士（Lv4）","","49"
"2479","愛と淫欲のドグマ","淫技","威力：ＳＳ（器）　対象：敵全体　属性：快楽　効果：拘束・絶頂
究極の性技とも言われている淫乱奥義","102:クィーンファッカー（Lv10）","","0","0","17","爱与淫欲的教义","淫技","威力：ＳＳ（器）　対象：敵全体　属性：快楽　効果：拘束・絶頂
被称为究极性技的淫乱奥义","102:女王BF（Lv10）","","49"
"2480","股間連続蹴り","淫技","威力：Ｂ（器or速）　対象：敵単体　属性：物理・快楽　効果：麻痺
股間を連続で蹴り付け、麻痺させる技","101:バトルファッカー（Lv6）","","0","0","5","股间连续踢","淫技","威力：Ｂ（器or速）　対象：敵単体　属性：物理・快楽　効果：麻痺
连续踢击股间，使其麻痹的技","101:BF斗士（Lv6）","","49"
"2481","超速電気アンマ","淫技","威力：Ａ（器or速）　対象：敵単体　属性：物理・快楽　効果：麻痺
相手の股間に足で振動を与え嫐りたてる淫技","102:クィーンファッカー（Lv6）","","0","0","7","超速电击按摩","淫技","威力：Ａ（器or速）　対象：敵単体　属性：物理・快楽　効果：麻痺
用脚在对手的股间施加振动，使其感到痛苦的淫技","102:女王BF（Lv6）","","49"
"2482","QUJC","淫技","威力：４Ｓ（器）　対象：敵単体4回　属性：ナイトメア　効果：敏感・失禁
複数の快楽技を同時に放つ究極のコンネーションアーツ","7039:QOBF（Lv14）","","0","0","22","QUJC","淫技","威力：４Ｓ（器）　対象：敵単体4回　属性：ナイトメア　効果：敏感・失禁
同时释放多个快乐技能的究极组合技","7039:QOBF（Lv14）","","49"
"2483","小悪魔の指技","淫技","威力：Ｅ（器or魔）　対象：敵単体　属性：快楽　効果：敏感
小悪魔の指使いで甘い快楽を与える淫技","","175:インプ（Lv2）","0","0","1","小恶魔的指技","淫技","威力：Ｅ（器or魔）　対象：敵単体　属性：快楽　効果：敏感
小恶魔的指法给予甜蜜快乐的淫技","","175:小恶魔（Lv2）","49"
"2484","ラフィンジェンド","淫技","威力：Ｃ（器or魔）　対象：敵単体　属性：快楽　効果：敏感
艶めかしい手さばきで性器を愛撫する淫魔の手淫","","176:サキュバス（Lv2）","0","0","4","柔情媚手","淫技","威力：Ｃ（器or魔）　対象：敵単体　属性：快楽　効果：敏感
用妖艳的手法爱抚性器的淫魔手淫","","176:魅魔（Lv2）","49"
"2485","小悪魔の口技","淫技","威力：Ｄ（器or魔）　対象：敵単体　属性：快楽　効果：ヌルヌル
小悪魔の舌遣いで性器に快楽を与える淫技","","175:インプ（Lv4）","0","0","2","小恶魔的口技","淫技","威力：Ｄ（器or魔）　対象：敵単体　属性：快楽　効果：ヌルヌル
小恶魔的舌技让性器感受到快乐","","175:小恶魔（Lv4）","49"
"2486","ティンキュルス","淫技","威力：Ｃ（器or魔）　対象：敵単体　属性：快楽　効果：ヌルヌル
ねっとりとした口遣いで性器を嫐る淫魔の淫技","","176:サキュバス（Lv4）","0","0","4","挑逗滑舌","淫技","威力：Ｃ（器or魔）　対象：敵単体　属性：快楽　効果：ヌルヌル
用黏稠的口技玩弄性器","","176:魅魔（Lv4）","49"
"2487","小悪魔のパイズリ","淫技","威力：Ｄ（器or魔）　対象：敵単体　属性：快楽　効果：恍惚
小悪魔の乳房で性器を揉みしだく淫技","","175:インプ（Lv6）","0","0","3","小恶魔的乳交","淫技","威力：Ｄ（器or魔）　対象：敵単体　属性：快楽　効果：恍惚
小恶魔的乳房揉弄性器","","175:小恶魔（Lv6）","49"
"2488","メロソフィ","淫技","威力：Ｂ（器or魔）　対象：敵単体　属性：快楽　効果：恍惚
ふくよかな乳房で性器を愛撫する淫魔の淫技","","176:サキュバス（Lv8）","0","0","5","甜蜜酥胸","淫技","威力：Ｂ（器or魔）　対象：敵単体　属性：快楽　効果：恍惚
丰满的乳房爱抚性器","","176:魅魔（Lv8）","49"
"2489","小悪魔レイプ","淫技","威力：Ｄ（器or魔）　対象：敵単体　属性：快楽　効果：拘束・HP吸収
小悪魔の騎乗位で相手を犯す淫技","","175:インプ（Lv10）","0","0","3","小恶魔强奸","淫技","威力：Ｄ（器or魔）　対象：敵単体　属性：快楽　効果：拘束・HP吸収
小恶魔骑乘位侵犯敌人","","175:小恶魔（Lv10）","49"
"2490","エナジードレイン","淫技","威力：Ａ（器or魔）　対象：敵単体　属性：快楽　効果：拘束・HP吸収
相手を騎乗位で犯し精気を搾り取るサキュバスの得意技","","176:サキュバス（Lv10）","0","0","6","能量吸取","淫技","威力：Ａ（器or魔）　対象：敵単体　属性：快楽　効果：拘束・HP吸収
骑在对方身上侵犯并榨取精气的魅魔得意技","","176:魅魔（Lv10）","49"
"2491","ナイトメアドレイン","淫技","威力：Ｓ（器or魔）　対象：敵単体　属性：快楽　効果：拘束・HP吸収
悶え狂うような快楽で相手を干涸らびさせる淫魔の奥義","","177:エルダーサキュバス（Lv10）","0","0","10","噩梦吸取","淫技","威力：Ｓ（器or魔）　対象：敵単体　属性：快楽　効果：拘束・HP吸収
用令人狂乱的快乐让对手干涸的淫魔奥义","","177:长老魅魔（Lv10）","49"
"2492","クィーンズドレイン","淫技","威力：ＳＳ（器or魔）　対象：敵単体　属性：快楽　効果：拘束・HP吸収
最高の快楽を与えながら精気を奪い尽くす女王の奥義","","182:クィーンサキュバス（Lv10）","0","0","14","女王的吸取","淫技","威力：ＳＳ（器or魔）　対象：敵単体　属性：快楽　効果：拘束・HP吸収
在给予最高快乐的同时夺取精气的女王奥义","","182:魅魔女王（Lv10）","49"
"2493","テイルドレイン","淫技","威力：Ｅ（器or魔）　対象：敵単体　属性：快楽　効果：HP吸収
尻尾から精を搾取する淫魔の吸収技","","175:インプ（Lv8）","0","0","2","尾巴吸取","淫技","威力：Ｅ（器or魔）　対象：敵単体　属性：快楽　効果：HP吸収
用尾巴榨取精气的淫魔吸收技","","175:小恶魔（Lv8）","49"
"2494","テイルドレイン・フラン","淫技","威力：Ａ（器or魔）　対象：敵単体　属性：快楽　効果：HP吸収
涸れ果てるまで尻尾で精を吸い上げる淫魔の奥義","","181:アークサキュバス（Lv2）","0","0","7","尾巴吸取・弗兰","淫技","威力：Ａ（器or魔）　対象：敵単体　属性：快楽　効果：HP吸収
直到干涸为止用尾巴吸取精气的淫魔奥义","","181:大魅魔（Lv2）","49"
"2495","メルティックキッス","淫技","威力：Ｅ（器or魔）　対象：敵単体　属性：快楽　効果：敏感・恍惚
甘いキスで恍惚に浸らせる淫魔の初級技","","175:インプ（Lv2）","0","0","1","甜蜜之吻","淫技","威力：Ｅ（器or魔）　対象：敵単体　属性：快楽　効果：敏感・恍惚
用甜蜜的吻让人恍惚的淫魔初级技","","175:小恶魔（Lv2）","49"
"2496","メルティックボア","淫技","対象：敵単体　効果：捕食
恍惚に浸っている相手を尻尾で捕食する淫魔の奥義","","177:エルダーサキュバス（Lv2）","0","0","2","甜蜜吞食","淫技","対象：敵単体　効果：捕食
用尾巴捕食沉浸在恍惚中的对手的淫魔奥义","","177:长老魅魔（Lv2）","49"
"2497","サキュバスアーツ","淫技","威力：Ｓ（力or器）　対象：敵単体　属性：物理・快楽　効果：絶頂
流れるような連続淫技で相手を絶頂に導く奥義","","179:淫闘サキュバス（Lv2）","0","0","10","魅魔技艺","淫技","威力：Ｓ（力or器）　対象：敵単体　属性：物理・快楽　効果：絶頂
用流畅的连续淫技将对手引导至绝顶的奥义","","179:淫斗魅魔（Lv2）","49"
"2498","サキュバスアーツ零式","淫技","威力：ＳＳ（力or器）　対象：敵単体　属性：物理・快楽　効果：絶頂
様々な淫技を連続で繰り出し、絶頂に追い込む究極淫技","","182:クィーンサキュバス（Lv2）","0","0","14","魅魔技艺零式","淫技","威力：ＳＳ（力or器）　対象：敵単体　属性：物理・快楽　効果：絶頂
连续施展各式各样的淫技，将其逼至绝顶的究极淫技","","182:魅魔女王（Lv2）","49"
"2499","リリスオルギア","淫技","威力：Ｓ（器or魔）　対象：敵全体　属性：快楽　効果：敏感・恍惚
複数に分身し敵をハーレムの快楽に浸らせる奥義","","182:クィーンサキュバス（Lv7）","0","0","12","莉莉丝狂欢","淫技","威力：Ｓ（器or魔）　対象：敵全体　属性：快楽　効果：敏感・恍惚
分身成多个，将敌人引入后宫快乐的奥义","","182:魅魔女王（Lv7）","49"
"2500","カオスナイトメア","淫技","威力：ＳＳ（器or魔）　対象：敵全体　属性：ナイトメア　効果：睡眠・絶頂
混沌の悪夢を味わわせる快楽奥義","","183:リリスナイトメア（Lv11）","0","0","17","混沌噩梦","淫技","威力：ＳＳ（器or魔）　対象：敵全体　属性：ナイトメア　効果：睡眠・絶頂
让敌人体验混沌恶梦的快乐奥义","","183:莉莉丝梦魇（Lv11）","49"
"2501","エルフの手コキ","淫技","威力：Ｅ（器）　対象：敵単体　属性：快楽　効果：敏感
しなやかな掌で性器を刺激するエルフの淫技","","203:エルフ（Lv6）","0","0","2","精灵的手淫","淫技","威力：Ｅ（器）　対象：敵単体　属性：快楽　効果：敏感
用柔软的手掌刺激性器的精灵淫技","","203:精灵（Lv6）","49"
"2502","エルフの足コキ","淫技","威力：Ｄ（器）　対象：敵単体　属性：物理・快楽
相手を組み伏せ性器を踏みにじるエルフの淫技","","203:エルフ（Lv8）","0","0","3","精灵的足淫","淫技","威力：Ｄ（器）　対象：敵単体　属性：物理・快楽
将对手压倒用脚践踏性器的精灵淫技","","203:精灵（Lv8）","49"
"2503","エルフのフェラ","淫技","威力：Ｃ（器）　対象：敵単体　属性：快楽　効果：ヌルヌル
貪るような口遣いで性器を舐めしゃぶるエルフの淫技","","204:ハイエルフ（Lv4）","0","0","4","精灵的口交","淫技","威力：Ｃ（器）　対象：敵単体　属性：快楽　効果：ヌルヌル
贪婪的口技舔舐性器的精灵淫技","","204:高等精灵（Lv4）","49"
"2504","エルフのパイズリ","淫技","威力：Ｂ（器）　対象：敵単体　属性：快楽　効果：恍惚
じっくりと包み込むように性器を愛撫するエルフの淫技","","204:ハイエルフ（Lv8）","0","0","5","精灵的乳交","淫技","威力：Ｂ（器）　対象：敵単体　属性：快楽　効果：恍惚
温柔地包裹着性器爱抚的精灵淫技","","204:高等精灵（Lv8）","49"
"2505","地獄の締め付け肉壺","淫技","威力：Ａ（器）　対象：敵単体　属性：快楽　効果：拘束
きつく締まる女性器を駆使したエルフの淫技","","205:マスターエルフ（Lv6）","0","0","7","地狱的紧缚肉壶","淫技","威力：Ａ（器）　対象：敵単体　属性：快楽　効果：拘束
使用紧缩的女性器具的精灵淫技","","205:大师精灵（Lv6）","49"
"2506","天国の腰振り肉壺","淫技","威力：Ａ（器）　対象：敵単体　属性：快楽　効果：拘束
甘い腰遣いを駆使したエルフの淫技","","205:マスターエルフ（Lv8）","0","0","7","天堂的腰振肉壶","淫技","威力：Ａ（器）　対象：敵単体　属性：快楽　効果：拘束
使用甜美的腰技的精灵淫技","","205:大师精灵（Lv8）","49"
"2507","底無しの種吸い壺","淫技","威力：ＳＳ（器）　対象：敵単体　属性：快楽　効果：拘束
貪欲に精液を搾り尽くすエルフの奥義","","212:クィーンエルフ（Lv6）","0","0","14","无底的吸种之壶","淫技","威力：ＳＳ（器）　対象：敵単体　属性：快楽　効果：拘束
贪婪地榨取精液的精灵奥义","","212:精灵女王（Lv6）","49"
"2508","エルフ族の大狂宴","淫技","威力：４Ｓ（器）　対象：敵全体　属性：ナイトメア　効果：敏感・恍惚
配下のエルフ族を招集し、大ハーレムの快楽を与える奥義","","213:アルフ神族（Lv14）","0","0","25","精灵族的大狂欢","淫技","威力：４Ｓ（器）　対象：敵全体　属性：ナイトメア　効果：敏感・恍惚
召集下属的精灵族，给予大后宫的快乐之奥义","","213:亚尔夫神族（Lv14）","49"
"2509","恍惚のキス","淫技","威力：Ｄ（器）　対象：敵単体　属性：快楽　効果：恍惚
甘い魔力で相手を恍惚に浸らせるキス","","208:ダークエルフ（Lv4）","0","0","3","恍惚之吻","淫技","威力：Ｄ（器）　対象：敵単体　属性：快楽　効果：恍惚
用甜蜜的魔力让对方沉浸在恍惚中的吻","","208:暗精灵（Lv4）","49"
"2510","絶頂のキス","淫技","威力：Ｃ（器）　対象：敵単体　属性：快楽　効果：絶頂
甘い魔力で相手を絶頂させるキス","","209:アークエルフ（Lv4）","0","0","4","绝顶之吻","淫技","威力：Ｃ（器）　対象：敵単体　属性：快楽　効果：絶頂
用甜蜜的魔力让对方达到绝顶的吻","","209:大精灵（Lv4）","49"
"2511","悦楽の防護","淫技","対象：使用者　効果：快楽半減
精神を集中し受ける快楽を軽減する","101:バトルファッカー（Lv8）","178:モンクサキュバス（Lv8）","0","0","3","悦乐防护","淫技","対象：使用者　効果：快楽半減
集中精神减轻所受的快乐","101:BF斗士（Lv8）","178:僧侣魅魔（Lv8）","49"
"2512","悦楽の遮断","淫技","対象：使用者　効果：快楽無効
精神を集中しいっさいの快楽を遮断する","102:クィーンファッカー（Lv8）","179:淫闘サキュバス（Lv8）","0","0","6","悦乐遮断","淫技","対象：使用者　効果：快楽無効
集中精神完全遮断一切快乐","102:女王BF（Lv8）","179:淫斗魅魔（Lv8）","49"
"2513","快楽こそ糧","淫技","対象：使用者　効果：快楽吸収
貪欲な本性を露わにし受ける快楽を糧にする","","182:クィーンサキュバス（Lv8）","0","0","8","快乐即食粮","淫技","対象：使用者　効果：快楽吸収
暴露出贪婪的本性，将接受的快乐转化为养分","","182:魅魔女王（Lv8）","49"
"2514","バストプレス","淫技","威力：Ｂ（器）　対象：敵全体　属性：快楽
巨大な乳房で敵を押し潰すおっぱい奥義","","","0","0","6","胸部压迫","淫技","威力：Ｂ（器）　対象：敵全体　属性：快楽
用巨大的胸部压碎敌人的胸部奥义","","","49"
"2515","快楽のショータイム","淫技","対象：使用者　効果：器用さ・素早さアップ
淫気を集中し、次のターンの器用さと素早さを爆発的にアップさせる","","7416:バビロンの大淫婦（Lv15）","0","0","10","快乐的表演时间","淫技","対象：使用者　効果：器用さ・素早さアップ
集中淫气，使下一回合的灵巧和敏捷爆发性提升","","7416:巴比伦的大淫妇（Lv15）","49"
"2519","ファイアワルツ","魔技","威力：Ｄ（全）　対象：敵全体　属性：炎
炎を発生させ敵を焼き尽くす魔技","","158:妖魔（Lv7）","0","5","0","火焰华尔兹","魔技","威力：Ｄ（全）　対象：敵全体　属性：炎
产生火焰烧尽敌人的魔技","","158:妖魔（Lv7）","50"
"2520","フレアロンド","魔技","威力：Ｂ（全）　対象：敵全体　属性：炎
業火を発生させ敵を薙ぎ払う魔技","","159:上級妖魔（Lv5）；187:マージヴァンパイア（Lv2）；357:魔導キメラ（Lv5）","0","12","0","烈焰轮舞","魔技","威力：Ｂ（全）　対象：敵全体　属性：炎
燃起焚天业火，将敌军一举扫荡的魔技","","159:上级妖魔（Lv5）；187:合并吸血鬼（Lv2）；357:魔导奇美拉（Lv5）","50"
"2521","バーンレクイエム","魔技","威力：Ａ（全）　対象：敵全体　属性：炎
灼熱の炎で敵を焼き尽くす魔族の奥義","","160:妖魔貴族（Lv4）；188:アークヴァンパイア（Lv2）","0","20","0","燃烧镇魂曲","魔技","威力：Ａ（全）　対象：敵全体　属性：炎
用灼热之炎烧尽敌人的魔族奥义","","160:妖魔贵族（Lv4）；188:大吸血鬼（Lv2）","50"
"2522","アークオベリスク","魔技","威力：ＳＳ（全）　対象：敵ランダム9回　属性：炎
炎の弾を連続放射し敵を焼き尽くす奥義","","165:古神（Lv10）","0","40","0","弧光方尖碑","魔技","威力：ＳＳ（全）　対象：敵ランダム9回　属性：炎
连续发射火焰弹烧尽敌人的奥义","","165:古神（Lv10）","50"
"2523","太古の炎","魔技","威力：ＳＳ（全）　対象：敵単体　属性：炎
太古の炎を召喚し敵を滅ぼす奥義","","165:古神（Lv4）","0","40","0","太古之炎","魔技","威力：ＳＳ（全）　対象：敵単体　属性：炎
召唤太古之炎消灭敌人的奥义","","165:古神（Lv4）","50"
"2524","魔界の煉獄","魔技","威力：ＳＳ（全）　対象：敵全体　属性：核熱・闇
灼熱地獄を引き起こし、終末をもたらす魔族の奥義","","166:魔王（Lv17）","14%当前HP","27","0","魔界的炼狱","魔技","威力：ＳＳ（全）　対象：敵全体　属性：核熱・闇
引发灼热地狱，带来终结的魔族奥义","","166:魔王（Lv17）","50"
"2525","氷風","魔技","威力：Ｄ（全）　対象：敵全体　属性：氷・風
凍り付くような風を吹かせる魔技","","167:亜人（Lv10）","0","5","0","冰风","魔技","威力：Ｄ（全）　対象：敵全体　属性：氷・風
吹起冻结之风的魔技","","167:亚人（Lv10）","50"
"2526","霊風氷結","魔技","威力：Ｂ（全）　対象：敵全体　属性：氷・風
周囲を氷結させ敵を凍えさせる魔技","","168:妖怪（Lv10）；187:マージヴァンパイア（Lv6）；331:マミー（Lv8）；357:魔導キメラ（Lv6）","0","12","0","灵风冰结","魔技","威力：Ｂ（全）　対象：敵全体　属性：氷・風
使周围冰结让敌人冻结的魔技","","168:妖怪（Lv10）；187:合并吸血鬼（Lv6）；331:木乃伊（Lv8）；357:魔导奇美拉（Lv6）","50"
"2527","極風凍結陣","魔技","威力：Ａ（全）　対象：敵全体　属性：氷・風
氷の陣で敵を凍結させる奥義","","169:妖神（Lv10）；188:アークヴァンパイア（Lv6）；332:イシス（Lv8）","0","20","0","极风冻结阵","魔技","威力：Ａ（全）　対象：敵全体　属性：氷・風
用冰之阵使敌人冻结的奥义","","169:妖神（Lv10）；188:大吸血鬼（Lv6）；332:伊西斯（Lv8）","50"
"2528","零下結界","魔技","威力：ＳＳＳ（全）　対象：敵全体　属性：量子・風
特殊な結界で周囲一帯に極寒地獄を招来する魔の奥義","","174:妖怪王（Lv20）","0","80","0","零下结界","魔技","威力：ＳＳＳ（全）　対象：敵全体　属性：量子・風
用特殊结界招来极寒地狱的魔之奥义","","174:妖怪王（Lv20）","50"
"2529","念雷","魔技","威力：Ｄ（全）　対象：敵全体　属性：雷
念で落雷を起こす魔技","","184:ヴァンパイア（Lv10）","0","5","0","念雷","魔技","威力：Ｄ（全）　対象：敵全体　属性：雷
用念力引发落雷的魔技","","184:吸血鬼（Lv10）","50"
"2530","魔雷","魔技","威力：Ｂ（全）　対象：敵全体　属性：雷
魔力で雷を呼び、敵を討つ魔技","","161:聖魔（Lv4）；185:ノスフェラトゥ（Lv10）；187:マージヴァンパイア（Lv10）；208:ダークエルフ（Lv10）；357:魔導キメラ（Lv7）","0","12","0","魔雷","魔技","威力：Ｂ（全）　対象：敵全体　属性：雷
用魔力召唤雷电讨伐敌人的魔技","","161:圣魔（Lv4）；185:诺斯费拉图（Lv10）；187:合并吸血鬼（Lv10）；208:暗精灵（Lv10）；357:魔导奇美拉（Lv7）","50"
"2531","黒雷","魔技","威力：Ａ（全）　対象：敵全体　属性：雷
暗黒の雷を招来する奥義","","162:神魔（Lv4）；186:夜の帝王（Lv7）；188:アークヴァンパイア（Lv10）；209:アークエルフ（Lv10）","0","20","0","黑雷","魔技","威力：Ａ（全）　対象：敵全体　属性：雷
招来暗黑之雷的奥义","","162:神魔（Lv4）；186:夜之帝王（Lv7）；188:大吸血鬼（Lv10）；209:大精灵（Lv10）","50"
"2532","月下の夜想曲","魔技","威力：Ｓ（全）　対象：敵全体　属性：雷
激しい雷光で敵を討ち滅ぼす奥義","","192:クィーンヴァンパイア（Lv10）","0","30","0","月下夜想曲","魔技","威力：Ｓ（全）　対象：敵全体　属性：雷
用激烈的雷光讨伐敌人的奥义","","192:吸血鬼女王（Lv10）","50"
"2533","皇雷","魔技","威力：ＳＳＳ（全）　対象：敵全体　属性：イオン・闇
高きを極めた者のみが招来できるという混沌の雷鳴","","193:ドラキュリーナ（Lv16）","0","80","0","皇雷","魔技","威力：ＳＳＳ（全）　対象：敵全体　属性：イオン・闇
只有达到极致的人才能招来的混沌雷鸣","","193:德古莉娜（Lv16）","50"
"2534","サジタリア","魔技","威力：Ａ（全）　対象：敵単体　属性：聖
聖なるオーラで作った矢で敵を刺し貫く魔技","","357:魔導キメラ（Lv8）","0","16","0","圣射手","魔技","威力：Ａ（全）　対象：敵単体　属性：聖
用神圣的气息制成的箭贯穿敌人的魔技","","357:魔导奇美拉（Lv8）","50"
"2535","サンスフィア","魔技","威力：Ｂ（全）　対象：敵全体　属性：聖
聖なるオーラを敵全体に照射する魔技","","161:聖魔（Lv10）；257:シスターラミア（Lv10）","0","12","0","太阳光球","魔技","威力：Ｂ（全）　対象：敵全体　属性：聖
将神圣的气息照射到全体敌人的魔技","","161:圣魔（Lv10）；257:修女拉米亚（Lv10）","50"
"2536","エヴァゲリオ","魔技","威力：Ａ（全）　対象：敵全体　属性：聖
聖なる波動で激しい爆発を起こす奥義","","162:神魔（Lv10）；258:慈愛の聖蛇（Lv10）","0","20","0","福音书","魔技","威力：Ａ（全）　対象：敵全体　属性：聖
用神圣的波动引发剧烈爆炸的奥义","","162:神魔（Lv10）；258:慈爱之圣蛇（Lv10）","50"
"2537","吸血","魔技","威力：Ｅ（全）　対象：敵単体　効果：HP・SP吸収・恍惚・誘惑
敵から血を吸い、精気を吸収する","","184:ヴァンパイア（Lv2）","0","0","1","吸血","魔技","威力：Ｅ（全）　対象：敵単体　効果：HP・SP吸収・恍惚・誘惑
从敌人身上吸取血液和精气","","184:吸血鬼（Lv2）","50"
"2538","魔精吸血","魔技","威力：Ｄ（全）　対象：敵単体　効果：HP・SP・MP吸収・恍惚・誘惑
敵から血を吸い、精気や魔力を吸収する","","185:ノスフェラトゥ（Lv2）","0","0","3","魔精吸血","魔技","威力：Ｄ（全）　対象：敵単体　効果：HP・SP・MP吸収・恍惚・誘惑
从敌人身上吸取血液、精气和魔力","","185:诺斯费拉图（Lv2）","50"
"2539","搾血殺","魔技","威力：Ｂ（全）　対象：敵単体　効果：HP・SP・MP吸収・恍惚・誘惑
無慈悲な吸血で、精力を搾取する","","186:夜の帝王（Lv2）","0","0","5","榨血杀","魔技","威力：Ｂ（全）　対象：敵単体　効果：HP・SP・MP吸収・恍惚・誘惑
无情地吸血，榨取精力","","186:夜之帝王（Lv2）","50"
"2540","女王の無限吸血","魔技","威力：Ｓ（全）　対象：敵単体　効果：HP・SP・MP吸収・恍惚・誘惑
女王の吸血で、精気や魔力を奪い尽くす","","192:クィーンヴァンパイア（Lv2）","0","0","10","女王的无尽吸血","魔技","威力：Ｓ（全）　対象：敵単体　効果：HP・SP・MP吸収・恍惚・誘惑
女王的吸血，夺尽精气和魔力","","192:吸血鬼女王（Lv2）","50"
"2541","パーフェクトフルムーン","魔技","威力：Ｓ（全）　対象：敵全体　効果：HP/SP/MP吸収・恍惚・誘惑
敵の群れから精気や魔力を一気に搾り尽くす","","193:ドラキュリーナ（Lv2）","0","0","12","完美满月","魔技","威力：Ｓ（全）　対象：敵全体　効果：HP/SP/MP吸収・恍惚・誘惑
从敌群中一口气榨尽精气和魔力","","193:德古莉娜（Lv2）","50"
"2542","バットチャージ","魔技","威力：Ｄ（全）　対象：敵ランダム3回　効果：暗闇
肉体を無数のコウモリに変え敵に襲い掛かる","","184:ヴァンパイア（Lv4）","0","0","2","蝙蝠冲锋","魔技","威力：Ｄ（全）　対象：敵ランダム3回　効果：暗闇
将肉体变成无数蝙蝠，袭击敌人","","184:吸血鬼（Lv4）","50"
"2543","バットストーム","魔技","威力：Ｂ（全）　対象：敵ランダム4回　効果：暗闇
肉体を無数のコウモリに変え嵐のように舞う","","185:ノスフェラトゥ（Lv7）","0","0","5","蝙蝠风暴","魔技","威力：Ｂ（全）　対象：敵ランダム4回　効果：暗闇
身体变成无数的蝙蝠，像风暴一样飞舞","","185:诺斯费拉图（Lv7）","50"
"2544","闇の蝙蝠乱舞","魔技","威力：Ｓ（全）　対象：敵ランダム6回　効果：暗闇
肉体を無数のコウモリに変え激しく乱舞する","","186:夜の帝王（Lv4）","0","0","9","暗之蝙蝠乱舞","魔技","威力：Ｓ（全）　対象：敵ランダム6回　効果：暗闇
身体变成无数的蝙蝠，激烈地乱舞","","186:夜之帝王（Lv4）","50"
"2545","ルナ・オーケストラ","魔技","威力：Ｚ（全）　対象：敵ランダム8回　属性：修羅・終焉　効果：暗闇
肉体を無数のコウモリに変え周囲を覆い尽くす","","7417:神祖（Lv2）","0","0","26","月之管弦乐","魔技","威力：Ｚ（全）　対象：敵ランダム8回　属性：修羅・終焉　効果：暗闇
身体变成无数的蝙蝠，覆盖周围","","7417:神祖（Lv2）","50"
"2546","毒の魔眼","魔技","対象：敵全体　効果：毒
魔力を込めた瞳で凝視し、敵を毒状態にする","","158:妖魔（Lv2）；254:ラミア（Lv4）","0","3","0","毒的魔眼","魔技","対象：敵全体　効果：毒
用充满魔力的眼睛凝视，使敌人陷入中毒状态","","158:妖魔（Lv2）；254:拉米亚（Lv4）","50"
"2547","暗闇の魔眼","魔技","対象：敵全体　効果：暗闇
魔力を込めた瞳で凝視し、敵を暗闇状態にする","","158:妖魔（Lv4）","0","3","0","黑暗的魔眼","魔技","対象：敵全体　効果：暗闇
用充满魔力的眼睛凝视，使敌人陷入黑暗状态","","158:妖魔（Lv4）","50"
"2548","沈黙の魔眼","魔技","対象：敵全体　効果：沈黙
魔力を込めた瞳で凝視し、敵を沈黙状態にする","","158:妖魔（Lv6）","0","3","0","沉默的魔眼","魔技","対象：敵全体　効果：沈黙
用充满魔力的眼睛凝视，使敌人陷入沉默状态","","158:妖魔（Lv6）","50"
"2549","混乱の魔眼","魔技","対象：敵全体　効果：混乱
魔力を込めた瞳で凝視し、敵を混乱状態にする","","163:半獣妖魔（Lv6）；255:ラミアンボア（Lv3）","0","5","0","混乱的魔眼","魔技","対象：敵全体　効果：混乱
用充满魔力的眼睛凝视，使敌人陷入混乱状态","","163:半兽妖魔（Lv6）；255:拉米亚波亚（Lv3）","50"
"2550","睡眠の魔眼","魔技","対象：敵全体　効果：睡眠
魔力を込めた瞳で凝視し、敵を睡眠状態にする","","158:妖魔（Lv10）；175:インプ（Lv7）","0","5","0","睡眠的魔眼","魔技","対象：敵全体　効果：睡眠
用充满魔力的眼睛凝视，使敌人陷入睡眠状态","","158:妖魔（Lv10）；175:小恶魔（Lv7）","50"
"2551","麻痺の魔眼","魔技","対象：敵全体　効果：麻痺
魔力を込めた瞳で凝視し、敵を麻痺状態にする","","158:妖魔（Lv8）；261:メデューサ（Lv6）","0","5","0","麻痹的魔眼","魔技","対象：敵全体　効果：麻痺
用充满魔力的眼睛凝视，使敌人陷入麻痹状态","","158:妖魔（Lv8）；261:美杜莎（Lv6）","50"
"2552","炎上の魔眼","魔技","対象：敵全体　効果：バーン
魔力を込めた瞳で凝視し、敵をバーン状態にする","","184:ヴァンパイア（Lv5）","0","5","0","燃烧的魔眼","魔技","対象：敵全体　効果：バーン
用充满魔力的眼睛凝视，使敌人陷入燃烧状态","","184:吸血鬼（Lv5）","50"
"2553","凍結の魔眼","魔技","対象：敵全体　効果：フリーズ
魔力を込めた瞳で凝視し、敵をフリーズ状態にする","","184:ヴァンパイア（Lv9）","0","5","0","冻结的魔眼","魔技","対象：敵全体　効果：フリーズ
用充满魔力的眼睛凝视，使敌人陷入冻结状态","","184:吸血鬼（Lv9）","50"
"2554","感電の魔眼","魔技","対象：敵全体　効果：ショック
魔力を込めた瞳で凝視し、敵をショック状態にする","","184:ヴァンパイア（Lv7）","0","5","0","感电的魔眼","魔技","対象：敵全体　効果：ショック
用充满魔力的眼睛凝视，使敌人陷入电击状态","","184:吸血鬼（Lv7）","50"
"2555","暴走の魔眼","魔技","対象：敵全体　効果：バーサク
魔力を込めた瞳で凝視し、敵をバーサク状態にする","","163:半獣妖魔（Lv6）","0","5","0","暴走的魔眼","魔技","対象：敵全体　効果：バーサク
用充满魔力的眼睛凝视，使敌人陷入狂暴状态","","163:半兽妖魔（Lv6）","50"
"2556","石化の魔眼","魔技","対象：敵全体　効果：石化
魔力を込めた瞳で凝視し、敵を石化させる","","164:邪獣妖魔（Lv6）；186:夜の帝王（Lv3）；262:ロードメデューサ（Lv6）","0","8","0","石化的魔眼","魔技","対象：敵全体　効果：石化
用充满魔力的眼睛凝视，使敌人石化","","164:邪兽妖魔（Lv6）；186:夜之帝王（Lv3）；262:美杜莎领主（Lv6）","50"
"2557","即死の魔眼","魔技","対象：敵全体　効果：即死
魔力を込めた瞳で凝視し、敵を即死させる","","160:妖魔貴族（Lv7）；188:アークヴァンパイア（Lv8）；256:ラミアンナイトメア（Lv4）","0","10","0","即死的魔眼","魔技","対象：敵全体　効果：即死
用充满魔力的眼睛凝视，使敌人即死","","160:妖魔贵族（Lv7）；188:大吸血鬼（Lv8）；256:梦魇拉米亚（Lv4）","50"
"2558","王者の魔眼","魔技","威力：ＳＳ（全）　対象：敵全体　属性：闇　効果：ランダム状態異常
魔力を込めた瞳で凝視し、敵に闇ダメージを与える","","166:魔王（Lv5）；193:ドラキュリーナ（Lv11）","14%当前HP","27","0","王者的魔眼","魔技","威力：ＳＳ（全）　対象：敵全体　属性：闇　効果：ランダム状態異常
用充满魔力的眼睛凝视，对敌人造成暗属性伤害","","166:魔王（Lv5）；193:德古莉娜（Lv11）","50"
"2559","蛇神の魔眼","魔技","威力：ＳＳ（全）　対象：敵全体　属性：聖　効果：石化・昇天・全能力ダウン
限られた血統のラミアのみが使えるという聖なる魔眼","","264:ウロボロス（Lv10）","0","55","0","蛇神的魔眼","魔技","威力：ＳＳ（全）　対象：敵全体　属性：聖　効果：石化・昇天・全能力ダウン
只有特定血统的拉米亚才能使用的神圣魔眼","","264:衔尾蛇（Lv10）","50"
"2560","恍惚の魔眼","魔技","対象：敵全体　効果：恍惚
魔力を込めた瞳で凝視し、敵を恍惚状態にする","","180:ウィッチサキュバス（Lv6）","0","5","0","恍惚的魔眼","魔技","対象：敵全体　効果：恍惚
用充满魔力的眼睛凝视，使敌人陷入恍惚状态","","180:女巫魅魔（Lv6）","50"
"2561","誘惑の魔眼","魔技","対象：敵全体　効果：誘惑
魔力を込めた瞳で凝視し、敵を誘惑状態にする","","159:上級妖魔（Lv10）；180:ウィッチサキュバス（Lv6）；187:マージヴァンパイア（Lv8）","0","5","0","诱惑的魔眼","魔技","対象：敵全体　効果：誘惑
用充满魔力的眼睛凝视，使敌人陷入诱惑状态","","159:上级妖魔（Lv10）；180:女巫魅魔（Lv6）；187:合并吸血鬼（Lv8）","50"
"2562","失禁の魔眼","魔技","対象：敵全体　効果：失禁
魔力を込めた瞳で凝視し、敵を失禁させる","","181:アークサキュバス（Lv4）","0","8","0","失禁的魔眼","魔技","対象：敵全体　効果：失禁
用充满魔力的眼睛凝视，使敌人失禁","","181:大魅魔（Lv4）","50"
"2563","絶頂の魔眼","魔技","対象：敵全体　効果：絶頂
魔力を込めた瞳で凝視し、敵を絶頂させる","","181:アークサキュバス（Lv7）","0","10","0","绝顶的魔眼","魔技","対象：敵全体　効果：絶頂
用充满魔力的眼睛凝视，使敌人达到绝顶","","181:大魅魔（Lv7）","50"
"2564","浄化の魔眼","魔技","対象：敵全体　効果：昇天
魔力を込めた瞳で凝視し、敵を昇天させる","","162:神魔（Lv6）","0","10","0","净化的魔眼","魔技","対象：敵全体　効果：昇天
用充满魔力的眼睛凝视，使敌人升天","","162:神魔（Lv6）","50"
"2565","回復の魔眼","魔技","対象：味方全体　効果：HP中回復
魔力を込めた瞳で凝視し、味方のHPを回復させる","","161:聖魔（Lv3）；257:シスターラミア（Lv5）","0","5","0","恢复的魔眼","魔技","対象：味方全体　効果：HP中回復
用充满魔力的眼睛凝视，恢复我方HP","","161:圣魔（Lv3）；257:修女拉米亚（Lv5）","50"
"2566","全快の魔眼","魔技","対象：味方全体　効果：HP全回復
魔力を込めた瞳で凝視し、味方のHPを全快させる","","162:神魔（Lv3）","0","25","0","全恢复的魔眼","魔技","対象：味方全体　効果：HP全回復
用充满魔力的眼睛凝视，使我方HP完全恢复","","162:神魔（Lv3）","50"
"2567","治癒の魔眼","魔技","対象：味方単体　効果：全状態異常回復
魔力を込めた瞳で凝視し、味方の状態異常を治癒する","","161:聖魔（Lv6）","0","3","0","治愈的魔眼","魔技","対象：味方単体　効果：全状態異常回復
用充满魔力的眼睛凝视，治愈我方的状态异常","","161:圣魔（Lv6）","50"
"2568","復活の魔眼","魔技","対象：味方単体　効果：完全蘇生
魔力を込めた瞳で凝視し、味方を蘇生させる","","161:聖魔（Lv8）；258:慈愛の聖蛇（Lv4）","0","20","0","复活的魔眼","魔技","対象：味方単体　効果：完全蘇生
用充满魔力的眼睛凝视，使我方复活","","161:圣魔（Lv8）；258:慈爱之圣蛇（Lv4）","50"
"2569","永眠の誘い","魔技","対象：敵全体　効果：昇天
永遠の眠りに誘い、睡眠状態の敵を昇天させる","","177:エルダーサキュバス（Lv8）","0","6","0","永眠的诱惑","魔技","対象：敵全体　効果：昇天
诱导永远的睡眠，使睡眠状态的敌人升天","","177:长老魅魔（Lv8）","50"
"2570","快楽昇天","魔技","対象：敵全体　効果：昇天
快楽状態異常（ヌルヌル以外）の敵を昇天させる淫魔の女王の秘技","","182:クィーンサキュバス（Lv9）","0","6","0","快乐升天","魔技","対象：敵全体　効果：昇天
让快乐状态异常（除黏滑外）的敌人升天的淫魔女王秘技","","182:魅魔女王（Lv9）","50"
"2571","舌のムチ","魔技","威力：Ｅ（全）　対象：敵単体　効果：ヌルヌル
長く伸びた舌を鞭のように振るう打撃技","","167:亜人（Lv2）","0","0","1","舌鞭","魔技","威力：Ｅ（全）　対象：敵単体　効果：ヌルヌル
用长长的舌头像鞭子一样挥舞的打击技","","167:亚人（Lv2）","50"
"2572","舌巻き締め","魔技","威力：Ｃ（全）　対象：敵単体　効果：拘束・ヌルヌル
長く伸びた舌を巻き付け、締め付ける技","","168:妖怪（Lv2）","0","0","4","舌缠紧","魔技","威力：Ｃ（全）　対象：敵単体　効果：拘束・ヌルヌル
用长长的舌头缠绕并紧勒的技能","","168:妖怪（Lv2）","50"
"2573","神舌乱舞","魔技","威力：Ａ（全）　対象：敵単体3回　効果：ヌルヌル
伸びた舌を乱舞させ、敵に連続打撃を与える奥義","","169:妖神（Lv2）","0","0","7","神舌乱舞","魔技","威力：Ａ（全）　対象：敵単体3回　効果：ヌルヌル
用伸长的舌头乱舞，对敌人进行连续打击的奥义","","169:妖神（Lv2）","50"
"2574","股間ベロベロ舐め","魔技","威力：Ｄ（全）　対象：敵単体　属性：快楽　効果：ヌルヌル
長く伸びた舌で股間をベロベロと舐め回す快楽技","","167:亜人（Lv7）","0","0","2","股间舔舔","魔技","威力：Ｄ（全）　対象：敵単体　属性：快楽　効果：ヌルヌル
用长长的舌头在股间舔舐的快乐技","","167:亚人（Lv7）","50"
"2575","螺旋悶絶舐め","魔技","威力：Ｂ（全）　対象：敵単体　属性：快楽　効果：ヌルヌル
伸びた舌で螺旋を描くように体を舐め回す快楽技","","168:妖怪（Lv7）","0","0","5","螺旋闷绝舔","魔技","威力：Ｂ（全）　対象：敵単体　属性：快楽　効果：ヌルヌル
用伸长的舌头像螺旋一样舔舐身体的快乐技","","168:妖怪（Lv7）","50"
"2576","快楽舌地獄","魔技","威力：Ａ（全）　対象：敵全体　属性：快楽　効果：ヌルヌル
伸びた舌で全身をベロベロに舐め回す快楽奥義","","169:妖神（Lv6）","0","0","8","快乐舌地狱","魔技","威力：Ａ（全）　対象：敵全体　属性：快楽　効果：ヌルヌル
用伸长的舌头全身舔舐的快乐奥义","","169:妖神（Lv6）","50"
"2577","凍り付く接吻","魔技","威力：Ｅ（全）　対象：敵単体　属性：氷・快楽
キスした者を凍り付かせてしまう魔性の技","","167:亜人（Lv5）","0","0","1","冻结之吻","魔技","威力：Ｅ（全）　対象：敵単体　属性：氷・快楽
亲吻者被冻结的魔性技","","167:亚人（Lv5）","50"
"2578","流髪吸精","魔技","威力：Ｅ（全）　対象：敵単体　属性：快楽　効果：HP吸収
髪を伸ばし、巻き取った相手から精を吸う魔技","","167:亜人（Lv9）；344:ドール（Lv6）","0","0","1","流发吸精","魔技","威力：Ｅ（全）　対象：敵単体　属性：快楽　効果：HP吸収
将头发伸长，缠绕敌人并吸取其精气的魔技","","167:亚人（Lv9）；344:人偶（Lv6）","50"
"2579","淫ら髪搾","魔技","威力：Ｃ（全）　対象：敵単体　属性：快楽　効果：HP吸収
魔性の髪を絡み付かせ、敵の精を搾りたてる魔技","","168:妖怪（Lv8）；210:デュラハン（Lv7）；345:エビルマータ（Lv5）","0","0","4","淫之发榨","魔技","威力：Ｃ（全）　対象：敵単体　属性：快楽　効果：HP吸収
用魔性的头发缠绕敌人，榨取其精气的魔技","","168:妖怪（Lv8）；210:杜拉罕（Lv7）；345:邪恶标记（Lv5）","50"
"2580","蕩髪絶技","魔技","威力：Ａ（全）　対象：敵ランダム3回　属性：快楽　効果：HP吸収
伸ばした髪を乱舞させ、愛撫しながら精を搾り取る奥義","","169:妖神（Lv7）；211:ロードデュラハン（Lv7）","0","0","7","荡发绝技","魔技","威力：Ａ（全）　対象：敵ランダム3回　属性：快楽　効果：HP吸収
伸长的头发乱舞，爱抚的同时榨取精气之奥义","","169:妖神（Lv7）；211:领主杜拉罕（Lv7）","50"
"2581","八手愛撫","魔技","威力：Ｂ（全）　対象：敵単体4回　属性：快楽　効果：敏感
八本の手で艶めかしく愛撫する快楽技","","172:夜叉（Lv6）","0","0","5","八手爱抚","魔技","威力：Ｂ（全）　対象：敵単体4回　属性：快楽　効果：敏感
八只手艳丽地爱抚的快乐技","","172:夜叉（Lv6）","50"
"2582","地獄手淫重ね","魔技","威力：Ｓ（全）　対象：敵ランダム4回　属性：快楽　効果：敏感
多腕で性器への愛撫を集中させる快楽奥義","","173:阿修羅（Lv6）","0","0","10","地狱手淫叠加","魔技","威力：Ｓ（全）　対象：敵ランダム4回　属性：快楽　効果：敏感
多只手集中爱抚性器的快乐奥义","","173:阿修罗（Lv6）","50"
"2583","吸精マント","魔技","威力：Ｃ（全）　対象：敵単体　属性：快楽　効果：拘束・HP吸収
魔力のこもったマントで敵をくるみ、精を搾る魔技","","185:ノスフェラトゥ（Lv5）","0","0","4","吸精斗篷","魔技","威力：Ｃ（全）　対象：敵単体　属性：快楽　効果：拘束・HP吸収
用充满魔力的斗篷包裹敌人，榨取精气的魔技","","185:诺斯费拉图（Lv5）","50"
"2584","淫膜のレクイエム","魔技","威力：Ａ（全）　対象：敵全体　属性：快楽　効果：拘束・HP吸収
マントで敵の体を覆い包み、精気を搾取する奥義","","186:夜の帝王（Lv5）","0","0","8","淫膜的镇魂曲","魔技","威力：Ａ（全）　対象：敵全体　属性：快楽　効果：拘束・HP吸収
用斗篷覆盖敌人的身体，榨取精气的奥义","","186:夜之帝王（Lv5）","50"
"2585","地母神の手慰","魔技","威力：ＳＳ（全）　対象：敵ランダム4回　属性：快楽　効果：敏感
太古の性典にのみ残る、甘く淫らな手淫技","","165:古神（Lv2）","0","0","14","地母神的手慰","魔技","威力：ＳＳ（全）　対象：敵ランダム4回　属性：快楽　効果：敏感
只存在于太古性典中的甜美淫荡的手淫技巧","","165:古神（Lv2）","50"
"2586","口淫の贄","魔技","威力：ＳＳ（全）　対象：敵単体　属性：快楽　効果：ヌルヌル
太古の性典にのみ残る、ねっとり艶めかしい口淫技","","165:古神（Lv6）","0","0","14","口交的祭品","魔技","威力：ＳＳ（全）　対象：敵単体　属性：快楽　効果：ヌルヌル
太古性典中仅存的，黏腻艳丽的口交技","","165:古神（Lv6）","50"
"2587","イシスの房術","魔技","威力：Ｓ（全）　対象：敵全体　属性：快楽　効果：恍惚
太古の性典にのみ残る、とろけそうに甘い胸淫技","","165:古神（Lv6）","0","0","12","伊西斯的房术","魔技","威力：Ｓ（全）　対象：敵全体　属性：快楽　効果：恍惚
仅存于太古性典中的，令人融化般的甜美胸淫技","","165:古神（Lv6）","50"
"2588","キス・オブ・デス","魔技","威力：Ｓ（全）　対象：敵単体　属性：快楽　効果：即死
相手を無慈悲な死に誘う悪夢のキス","","165:古神（Lv3）","0","0","11","死亡之吻","魔技","威力：Ｓ（全）　対象：敵単体　属性：快楽　効果：即死
将对手无情地引向死亡的恶梦之吻","","165:古神（Lv3）","50"
"2589","スフィンクスリドル","魔技","対象：敵全体　効果：即死
問い掛けに答えられなかった者を即死させる太古の奥義","","165:古神（Lv7）","0","0","5","斯芬克斯谜语","魔技","対象：敵全体　効果：即死
无法回答问题者将被即刻致死的太古奥义","","165:古神（Lv7）","50"
"2590","紫のサバト","魔技","威力：ＳＳ（全）　対象：敵全体　属性：ナイトメア　効果：敏感・恍惚
近隣の娘を全て淫魔化し、ハーレムを作り出す快楽魔技","","183:リリスナイトメア（Lv8）","0","0","17","紫色安息日","魔技","威力：ＳＳ（全）　対象：敵全体　属性：ナイトメア　効果：敏感・恍惚
将附近所有女子全部淫魔化，创造出后宫的快乐魔技","","183:莉莉丝梦魇（Lv8）","50"
"2591","氷結散華","魔技","対象：敵単体　効果：即死
フリーズ状態の敵を全員即死させる無惨なる魔技","","174:妖怪王（Lv12）","0","0","4","冰结散华","魔技","対象：敵単体　効果：即死
将处于冻结状态的敌人全部即刻致死的残酷魔技","","174:妖怪王（Lv12）","50"
"2592","無惨氷塵","魔技","対象：敵全体　効果：即死
フリーズ状態の敵を全員即死させる無惨なる魔技","","7415:マガツオオミカミ（Lv7）","0","0","4","残酷冰尘","魔技","対象：敵全体　効果：即死
将处于冻结状态的敌人全部即刻致死的残酷魔技","","7415:祸津大御神（Lv7）","50"
"2593","癒しの風","魔技","対象：味方全体　効果：HP小回復
全員のHPを少しばかり回復させる魔技","","167:亜人（Lv8）","0","2","0","治愈之风","魔技","対象：味方全体　効果：HP小回復
稍微恢复全体成员的HP的魔技","","167:亚人（Lv8）","50"
"2594","デュラハンツインズ","魔技","対象：使用者　効果：2回攻撃・全能力ダウン
首と胴を分離し2回攻撃が可能だが、それぞれの能力は低下","","210:デュラハン（Lv4）","0","0","2","杜拉罕双体","魔技","対象：使用者　効果：2回攻撃・全能力ダウン
将头和身体分离，可以进行2次攻击，但各自的能力会降低","","210:杜拉罕（Lv4）","50"
"2595","デュラハンロンド","魔技","対象：使用者　効果：2回行動・全能力ダウン
首と胴を分離し2回行動が可能だが、それぞれの能力は低下","","211:ロードデュラハン（Lv4）","0","0","4","杜拉罕回旋","魔技","対象：使用者　効果：2回行動・全能力ダウン
将头和身体分离，可以进行2次行动，但各自的能力会降低","","211:领主杜拉罕（Lv4）","50"
"2596","竜魂魔導","特技","対象：味方単体　効果：SPチャージ5倍・ターンSP中回復
味方単体の闘争心を高め、SP回復量を大アップさせる奥義","","286:竜神（Lv8）","0","15","0","龙魂魔导","特技","対象：味方単体　効果：SPチャージ5倍・ターンSP中回復
提升我方单体的斗志，大幅增加SP恢复量的奥义","","286:龙神（Lv8）","63"
"2602","水撃","海技","威力：Ｄ（魔or器）　対象：敵単体　属性：水
凝縮した水を弾丸のように撃ち出す人魚の得意技","","194:マーメイド（Lv2）；301:海棲種（Lv4）","0","0","2","水击","海技","威力：Ｄ（魔or器）　対象：敵単体　属性：水
将凝聚的水像子弹一样射出的人鱼的得意技","","194:人鱼（Lv2）；301:海栖种（Lv4）","51"
"2603","大海嘯","海技","威力：Ｂ（魔or器）　対象：敵全体　属性：水
魔力で大海嘯を引き寄せる人魚の技","","195:ハイマーメイド（Lv10）；302:海洋搾精種（Lv10）；304:深海搾精種（Lv8）","0","0","6","大海啸","海技","威力：Ｂ（魔or器）　対象：敵全体　属性：水
魔力引动大海啸的人鱼之技","","195:高等人鱼（Lv10）；302:海洋榨精种（Lv10）；304:深海榨精种（Lv8）","51"
"2604","メイルシュトローム","海技","威力：Ａ（魔or器）　対象：敵全体　属性：水
魔力で巨大な津波を招来する人魚の奥義","","196:ローレライ（Lv10）","0","0","7","大漩涡","海技","威力：Ａ（魔or器）　対象：敵全体　属性：水
魔力召唤巨大海啸的人鱼奥义","","196:罗蕾莱（Lv10）","51"
"2605","潮吹き","海技","威力：Ｓ（魔or器）　対象：敵単体　属性：水
圧縮した水の塊を叩き込む奥義","","303:マリンプリンセス（Lv8）","0","0","10","鲸喷","海技","威力：Ｓ（魔or器）　対象：敵単体　属性：水
压缩水块猛击的奥义","","303:海洋公主（Lv8）","51"
"2606","ノーチラス","海技","威力：Ａ（魔or器）　対象：敵全体　属性：水
周囲を水で満たし水圧で一気に圧壊する奥義","","305:深淵の主（Lv10）","0","0","8","鹦鹉螺","海技","威力：Ａ（魔or器）　対象：敵全体　属性：水
用水填满周围，利用水压瞬间压碎的奥义","","305:深渊之主（Lv10）","51"
"2607","メイルストリーム","海技","威力：Ｓ（魔or器）　対象：敵全体　属性：水
激しい津波と同時に嵐を呼び起こす人魚秘伝の奥義","","201:クィーンマーメイド（Lv10）","0","0","12","大旋流","海技","威力：Ｓ（魔or器）　対象：敵全体　属性：水
引发猛烈海啸和风暴的人鱼秘传奥义","","201:人鱼女王（Lv10）","51"
"2608","冷気","海技","威力：Ｃ（魔or器）　対象：敵全体　属性：氷
魔力で周囲を凍てつかせる人魚の技","","195:ハイマーメイド（Lv8）","0","0","5","冷气","海技","威力：Ｃ（魔or器）　対象：敵全体　属性：氷
魔力使周围冻结的人鱼之技","","195:高等人鱼（Lv8）","51"
"2609","ダイヤモンドダスト","海技","威力：Ａ（魔or器）　対象：敵全体　属性：氷
魔力で結晶の雨を降らせる人魚の奥義","","196:ローレライ（Lv8）","0","0","8","钻石星尘","海技","威力：Ａ（魔or器）　対象：敵全体　属性：氷
魔力降下结晶雨的人鱼奥义","","196:罗蕾莱（Lv8）","51"
"2610","オーロラエクスキューション","海技","威力：ＳＳ（魔or器）　対象：敵全体　属性：氷・ナノ　効果：フリーズ
絶対零度の冷気を敵に叩き込む究極の人魚奥義","","202:伝説の神魚（Lv10）","0","0","17","极光处刑","海技","威力：ＳＳ（魔or器）　対象：敵全体　属性：氷・ナノ　効果：フリーズ
将绝对零度的冷气猛击敌人的究极人鱼奥义","","202:传说之神鱼（Lv10）","51"
"2611","エイジ・オブ・バンシィ","海技","威力：Ｚ（魔or器）　対象：敵全体　属性：量子・ナノ　効果：フリーズ
禁忌の古代種の魔力により空間を氷結させる禁断奥義","","7418:ワールドドロウン（Lv2）","0","0","40","报丧女妖时代","海技","威力：Ｚ（魔or器）　対象：敵全体　属性：量子・ナノ　効果：フリーズ
禁忌的古代种魔力使空间冻结的禁断奥义","","7418:世界沉没者（Lv2）","51"
"2612","水中放電","海技","威力：Ｃ（魔or器）　対象：敵全体　属性：雷
水中で放電し、敵全体を感電させる技","","304:深海搾精種（Lv4）","0","0","5","水中放电","海技","威力：Ｃ（魔or器）　対象：敵全体　属性：雷
在水中放电，使全体敌人感电的技能","","304:深海榨精种（Lv4）","51"
"2613","海神の雷","海技","威力：Ａ（魔or器）　対象：敵全体　属性：雷
海神の力を借り、怒りの雷を招来する奥義","","305:深淵の主（Lv4）","0","0","8","海神之雷","海技","威力：Ａ（魔or器）　対象：敵全体　属性：雷
借助海神的力量，召唤愤怒的雷电的奥义","","305:深渊之主（Lv4）","51"
"2614","マーメイドテイル","海技","威力：Ｅ（力or器）　対象：敵単体　効果：音波弱点
魔力を込めた尻尾で殴打し、音波を弱点にする人魚体術","","194:マーメイド（Lv5）","0","0","1","人鱼之尾","海技","威力：Ｅ（力or器）　対象：敵単体　効果：音波弱点
注入魔力的尾巴打击，使人鱼的音波成为弱点","","194:人鱼（Lv5）","51"
"2615","スクリューテイル","海技","威力：Ｃ（力or器）　対象：敵単体　効果：音波弱点
えぐるような尻尾の動きでダメージを追わせる人魚体術","","195:ハイマーメイド（Lv2）","0","0","3","螺旋之尾","海技","威力：Ｃ（力or器）　対象：敵単体　効果：音波弱点
用挖凿般的尾巴动作追加伤害的人鱼体术","","195:高等人鱼（Lv2）","51"
"2616","人魚のサマーソルト","海技","威力：Ａ（力or器）　対象：敵単体　効果：音波弱点
下半身の筋肉をフルに用いた人魚の体術奥義","","196:ローレライ（Lv3）","0","0","7","人鱼的空翻","海技","威力：Ａ（力or器）　対象：敵単体　効果：音波弱点
充分运用下半身肌肉的人鱼体术奥义","","196:罗蕾莱（Lv3）","51"
"2617","サマーソルトロンド","海技","威力：ＳＳ（力or器）　対象：敵単体　効果：音波弱点
サマーソルトを連続で繰り出す人魚の究極体術","","201:クィーンマーメイド（Lv2）","0","0","14","空翻回旋曲","海技","威力：ＳＳ（力or器）　対象：敵単体　効果：音波弱点
连续施展夏空翻的人鱼究极体术","","201:人鱼女王（Lv2）","51"
"2618","ジェルプリズン","海技","威力：Ｅ（器）　対象：敵単体　属性：快楽　効果：拘束
傘状の肉体で包み込み、拘束する種族固有の技","","","0","0","1","凝胶监狱","海技","威力：Ｅ（器）　対象：敵単体　属性：快楽　効果：拘束
用伞状的身体包裹并拘束的种族特有技能","","","51"
"2619","深淵に引きずり込む者","海技","威力：Ｂ（力）　対象：敵全体　効果：人魚・海棲種特攻
海に棲む魔物に大ダメージを与える深淵からの触手","","305:深淵の主（Lv2）","0","0","6","拖入深渊者","海技","威力：Ｂ（力）　対象：敵全体　効果：人魚・海棲種特攻
对栖息在海中的魔物造成大伤害的深渊触手","","305:深渊之主（Lv2）","51"
"2620","深海の供物","海技","対象：敵単体　効果：捕食
深海の捕食者が、暗闇状態の敵を貪り食らう","","305:深淵の主（Lv6）","0","0","1","深海的供品","海技","対象：敵単体　効果：捕食
深海的捕食者贪婪地吞噬处于黑暗状态的敌人","","305:深渊之主（Lv6）","51"
"2621","マーメイド手淫","海技","威力：Ｅ（器or魔）　対象：敵単体　属性：快楽　効果：敏感
水かきのある掌で独特の刺激を与える人魚の手淫","","194:マーメイド（Lv7）","0","0","1","人鱼手淫","海技","威力：Ｅ（器or魔）　対象：敵単体　属性：快楽　効果：敏感
用有蹼的手掌给予独特刺激的人鱼手淫","","194:人鱼（Lv7）","51"
"2622","魚ヒレ愛撫","海技","威力：Ｃ（器or魔）　対象：敵単体　属性：快楽　効果：ヌルヌル
ぬめった尾ヒレでくるむように愛撫する人魚特有の淫技","","195:ハイマーメイド（Lv6）","0","0","3","鱼鳍爱抚","海技","威力：Ｃ（器or魔）　対象：敵単体　属性：快楽　効果：ヌルヌル
用滑腻的尾鳍像包裹一样爱抚的人鱼特有的淫技","","195:高等人鱼（Lv6）","51"
"2623","マーメイドレイプ","海技","威力：Ａ（器or魔）　対象：敵単体　属性：快楽　効果：拘束
しなやかな下半身で相手を犯す人魚の淫技","","196:ローレライ（Lv6）","0","0","6","人鱼强奸","海技","威力：Ａ（器or魔）　対象：敵単体　属性：快楽　効果：拘束
用柔软的下半身侵犯对方的人鱼淫技","","196:罗蕾莱（Lv6）","51"
"2624","あわあわ","海技","威力：Ｄ（器or魔）　対象：敵単体　属性：快楽　効果：ヌルヌル
相手を泡まみれにして快楽を与える","","301:海棲種（Lv8）","0","0","2","蓬松泡泡","海技","威力：Ｄ（器or魔）　対象：敵単体　属性：快楽　効果：ヌルヌル
让对方被泡泡包围并给予快乐","","301:海栖种（Lv8）","51"
"2625","メルティウォッシュ","海技","威力：Ｂ（器or魔）　対象：敵単体　属性：快楽　効果：ヌルヌル・恍惚
相手の性器を泡で洗い、とろけそうな快楽に浸らせる","","302:海洋搾精種（Lv4）","0","0","5","甜蜜洗涤","海技","威力：Ｂ（器or魔）　対象：敵単体　属性：快楽　効果：ヌルヌル・恍惚
用泡泡清洗对方的性器，沉浸在快要融化的快乐中","","302:海洋榨精种（Lv4）","51"
"2626","癒しの雨","海技","対象：味方全体　効果：HP中回復・MP小回復
人魚の魔力で癒しの雨を降らせる回復技","","194:マーメイド（Lv10）","0","0","5","治愈之雨","海技","対象：味方全体　効果：HP中回復・MP小回復
人鱼的魔力降下治愈之雨的恢复技能","","194:人鱼（Lv10）","51"
"2627","生命の雨","海技","対象：味方全体　効果：HP大回復・MP中回復・全状態異常回復
人魚の魔力で生命の雨を降らせる回復技","","195:ハイマーメイド（Lv7）","0","0","15","生命之雨","海技","対象：味方全体　効果：HP大回復・MP中回復・全状態異常回復
人鱼的魔力降下生命之雨的恢复技能","","195:高等人鱼（Lv7）","51"
"2628","奇跡の雨","海技","対象：味方全体　効果：HP全回復・MP大回復・全状態異常回復
人魚の魔力で奇跡の雨を降らせる回復技","","196:ローレライ（Lv7）","0","0","20","奇迹之雨","海技","対象：味方全体　効果：HP全回復・MP大回復・全状態異常回復
人鱼的魔力降下奇迹之雨的恢复技能","","196:罗蕾莱（Lv7）","51"
"2629","アヴァロンの雨","海技","対象：味方全体（控え含む）　効果：HP全回復・MP大回復
人魚の祈りが待機メンバーを含む仲間全員に癒しをもたらす","","202:伝説の神魚（Lv12）","0","0","30","阿瓦隆之雨","海技","対象：味方全体（控え含む）　効果：HP全回復・MP大回復
人鱼的祈祷为包括替补在内的所有同伴带来治愈","","202:传说之神鱼（Lv12）","51"
"2630","惑星最後の雨","海技","対象：味方全体（控え含む）　効果：HP・MP大回復・全状態異常回復
人魚の祈りが待機メンバーを含む仲間全員を完全に癒す","","7418:ワールドドロウン（Lv13）","0","0","50","行星最后的雨","海技","対象：味方全体（控え含む）　効果：HP・MP大回復・全状態異常回復
人鱼的祈祷完全治愈包括替补在内的所有同伴","","7418:世界沉没者（Lv13）","51"
"2631","治癒の雨","海技","対象：味方全体　効果：全状態異常回復
癒やしの雨により味方全員の状態異常を回復する","","196:ローレライ（Lv2）","0","0","4","愈疗之雨","海技","対象：味方全体　効果：全状態異常回復
治愈之雨使所有队友的状态异常恢复","","196:罗蕾莱（Lv2）","51"
"2635","スライムとげとげ","粘液技","威力：Ｅ（力or器）　対象：敵単体　効果：ヌルヌル
スライムをトゲ状に変え、敵をちくちくする技","","223:スライム（Lv5）","0","0","1","史莱姆刺刺","粘液技","威力：Ｅ（力or器）　対象：敵単体　効果：ヌルヌル
将史莱姆变成刺状，使敌人感到刺痛的技能","","223:史莱姆（Lv5）","52"
"2636","スライムスプラッシュ","粘液技","威力：Ｃ（力or器）　対象：敵全体　効果：ヌルヌル
スライムを弾丸状にして打ち出す攻撃技","","224:メガスライム（Lv7）","0","0","4","史莱姆喷溅","粘液技","威力：Ｃ（力or器）　対象：敵全体　効果：ヌルヌル
将史莱姆变成弹丸状进行攻击的技能","","224:大史莱姆（Lv7）","52"
"2637","スライムグングニル","粘液技","威力：Ａ（力or器）　対象：敵全体　効果：ヌルヌル
スライムの槍で敵全体を薙ぎ払う奥義","","225:ギガスライム（Lv7）","0","0","7","史莱姆冈格尼尔","粘液技","威力：Ａ（力or器）　対象：敵全体　効果：ヌルヌル
用史莱姆的枪横扫全体敌人的奥义","","225:千兆史莱姆（Lv7）","52"
"2638","スライムドロウ","粘液技","威力：Ｅ（器）　対象：敵単体　属性：快楽　効果：ヌルヌル
粘液をまとわりつかせ、快楽を与える技","","223:スライム（Lv2）","0","0","1","史莱姆黏液","粘液技","威力：Ｅ（器）　対象：敵単体　属性：快楽　効果：ヌルヌル
用粘液缠绕，给予快乐的技能","","223:史莱姆（Lv2）","52"
"2639","スライムヘブン","粘液技","威力：Ｃ（器）　対象：敵単体　属性：快楽　効果：拘束・ヌルヌル
粘液で相手を包み込み、自由を奪う快楽技","","224:メガスライム（Lv2）","0","0","3","史莱姆天堂","粘液技","威力：Ｃ（器）　対象：敵単体　属性：快楽　効果：拘束・ヌルヌル
用粘液包裹对手，剥夺其自由的快乐技能","","224:大史莱姆（Lv2）","52"
"2640","スライムユートピア","粘液技","威力：Ａ（器）　対象：敵単体　属性：快楽　効果：拘束・ヌルヌル
大量の粘液で敵を覆い包み嫐り尽くす快楽奥義","","225:ギガスライム（Lv2）","0","0","6","史莱姆乌托邦","粘液技","威力：Ａ（器）　対象：敵単体　属性：快楽　効果：拘束・ヌルヌル
用大量粘液包裹敌人，尽情玩弄的快乐奥义","","225:千兆史莱姆（Lv2）","52"
"2641","メルトシュトローム","粘液技","威力：Ｓ（器）　対象：敵全体　属性：快楽　効果：ヌルヌル
津波のような粘液で敵を呑み込み全身愛撫する快楽奥義","","230:クィーンスライム（Lv6）","0","0","12","熔岩流","粘液技","威力：Ｓ（器）　対象：敵全体　属性：快楽　効果：ヌルヌル
如海啸般的粘液吞噬敌人，全身爱抚的快乐奥义","","230:史莱姆女王（Lv6）","52"
"2642","ナノシュトローム","粘液技","威力：ＳＳＳ（器）　対象：敵全体　属性：快楽・ナノ　効果：ヌルヌル
ナノレベルの泡粒子を含んだ粘液を周囲に広げる快楽奥義","","231:究極群体生命（Lv20）","0","0","21","纳米流","粘液技","威力：ＳＳＳ（器）　対象：敵全体　属性：快楽・ナノ　効果：ヌルヌル
将含有纳米级泡沫粒子的粘液扩散到周围的快乐奥义","","231:究极群体生命（Lv20）","52"
"2643","恍惚粘液","粘液技","威力：Ｃ（器）　対象：敵単体　属性：快楽　効果：ヌルヌル・恍惚
魔力のこもった粘液で敵を包み恍惚に浸らせる","","226:癒しのスライム（Lv3）；296:軟体搾精種（Lv2）；324:食虫淫花（Lv4）","0","0","4","恍惚粘液","粘液技","威力：Ｃ（器）　対象：敵単体　属性：快楽　効果：ヌルヌル・恍惚
用充满魔力的粘液包裹敌人，使其陷入恍惚","","226:治愈的史莱姆（Lv3）；296:软体榨精种（Lv2）；324:食虫淫花（Lv4）","52"
"2644","失禁粘液","粘液技","威力：Ｃ（器）　対象：敵単体　属性：快楽　効果：ヌルヌル・失禁
魔力のこもった粘液で敵を包み失禁させる","","227:破邪の粘妖（Lv3）；297:ハイクリーチャー（Lv4）","0","0","4","失禁粘液","粘液技","威力：Ｃ（器）　対象：敵単体　属性：快楽　効果：ヌルヌル・失禁
将敌人包裹在魔力粘液中，使其失禁","","227:破邪粘妖（Lv3）；297:高级生物（Lv4）","52"
"2645","溶解液","粘液技","威力：Ｅ（器）　対象：敵単体　属性：快楽　効果：消化・ヌルヌル
溶解効果のある粘液を相手に浴びせ掛ける","","223:スライム（Lv8）；293:陸棲種（Lv3）；324:食虫淫花（Lv2）；341:ミミック（Lv2）","0","0","1","溶解液","粘液技","威力：Ｅ（器）　対象：敵単体　属性：快楽　効果：消化・ヌルヌル
向对手喷洒具有溶解效果的粘液","","223:史莱姆（Lv8）；293:陆栖种（Lv3）；324:食虫淫花（Lv2）；341:宝箱怪（Lv2）","52"
"2646","消化粘液","粘液技","威力：Ｂ（器）　対象：敵単体　属性：快楽　効果：消化・ヌルヌル
消化液を兼ねた粘液で敵を覆い包む","","228:肉食スライム（Lv2）；296:軟体搾精種（Lv8）；324:食虫淫花（Lv7）；341:ミミック（Lv5）","0","0","4","消化粘液","粘液技","威力：Ｂ（器）　対象：敵単体　属性：快楽　効果：消化・ヌルヌル
用兼具消化液的粘液覆盖敌人","","228:肉食史莱姆（Lv2）；296:软体榨精种（Lv8）；324:食虫淫花（Lv7）；341:宝箱怪（Lv5）","52"
"2647","消化粘液の渦","粘液技","威力：Ａ（器）　対象：敵全体　属性：快楽　効果：消化・ヌルヌル
消化粘液で周囲を満たし敵全体をまとめて消化する","","229:淫酷の粘妖（Lv2）；297:ハイクリーチャー（Lv8）；342:パンドラ（Lv4）","0","0","7","消化粘液的漩涡","粘液技","威力：Ａ（器）　対象：敵全体　属性：快楽　効果：消化・ヌルヌル
用消化粘液填满周围，将全体敌人一起消化","","229:淫酷粘妖（Lv2）；297:高级生物（Lv8）；342:潘多拉（Lv4）","52"
"2648","ブロブボア","粘液技","対象：敵単体　効果：捕食
消化粘液を浴びた敵を捕食してしまう","","228:肉食スライム（Lv4）","0","0","1","布洛布波","粘液技","対象：敵単体　効果：捕食
被消化粘液淋到的敌人被吞噬了","","228:肉食史莱姆（Lv4）","52"
"2649","蝕肉のレクイエム","粘液技","対象：敵全体　効果：捕食
消化粘液を浴びた敵を複数まとめて捕食する","","229:淫酷の粘妖（Lv4）","0","0","2","蚀肉的镇魂曲","粘液技","対象：敵全体　効果：捕食
将沐浴了消化粘液的多个敌人一起捕食","","229:淫酷粘妖（Lv4）","52"
"2650","消化粘液浸食","粘液技","対象：使用者　効果：毎ターン捕食
粘液を周囲に侵食させ、消化液を浴びた者を捕食する","","229:淫酷の粘妖（Lv10）","0","0","3","消化粘液侵蚀","粘液技","対象：使用者　効果：毎ターン捕食
让黏液侵蚀周围，并用消化液吞噬被淋中的猎物","","229:淫酷粘妖（Lv10）","52"
"2651","ネバネバ粘液地獄","粘液技","威力：Ｂ（器）　対象：敵全体　属性：快楽　効果：ヌルヌル
ネバネバの粘液を周囲に撒き散らし快楽に悶えさせる","","296:軟体搾精種（Lv10）；341:ミミック（Lv10）","0","0","6","黏糊糊地狱","粘液技","威力：Ｂ（器）　対象：敵全体　属性：快楽　効果：ヌルヌル
黏糊糊的粘液撒向四周，使敌人陷入快乐中挣扎","","296:软体榨精种（Lv10）；341:宝箱怪（Lv10）","52"
"2652","ドロドロ粘液天国","粘液技","威力：Ａ（器）　対象：敵全体　属性：快楽　効果：ヌルヌル・消化
ドロドロの粘液で周囲を満たし快楽にとろけさせる","","297:ハイクリーチャー（Lv10）；342:パンドラ（Lv10）","0","0","8","黏糊糊粘液天堂","粘液技","威力：Ａ（器）　対象：敵全体　属性：快楽　効果：ヌルヌル・消化
黏糊糊的粘液充满四周，使敌人陷入快乐中融化","","297:高级生物（Lv10）；342:潘多拉（Lv10）","52"
"2653","快楽昇天ドロドロジェル","粘液技","威力：ＳＳＳ（器）　対象：敵全体　属性：快楽　効果：ヌルヌル・絶頂
快楽粘液で周囲を満たし絶頂させる究極快楽奥義","","300:百魔の王（Lv20）","0","0","21","快乐升天黏液","粘液技","威力：ＳＳＳ（器）　対象：敵全体　属性：快楽　効果：ヌルヌル・絶頂
让周围充满快乐粘液，让你达到绝顶的究极快乐奥义","","300:百魔之王（Lv20）","52"
"2654","スライム自爆","粘液技","威力：可変　対象：敵全体
粘液内部に圧力を発生させ、自爆する奥義","","228:肉食スライム（Lv10）","0","0","0","史莱姆自爆","粘液技","威力：可変　対象：敵全体
在粘液内部产生压力，引发自爆的奥义","","228:肉食史莱姆（Lv10）","52"
"2655","群体核融合","粘液技","威力：可変　対象：敵全体
粘液の肉体で核融合を起こし爆発する究極奥義","","230:クィーンスライム（Lv10）","0","0","0","群体核融合","粘液技","威力：可変　対象：敵全体
用粘液的身体引发核融合并爆炸的究极奥义","","230:史莱姆女王（Lv10）","52"
"2656","スライムヒール","粘液技","対象：味方単体　効果：HP中回復・ヌルヌル
癒しの粘液で味方単体を中回復する","","223:スライム（Lv6）","0","0","1","史莱姆治愈","粘液技","対象：味方単体　効果：HP中回復・ヌルヌル
用治愈的粘液中回复队友","","223:史莱姆（Lv6）","52"
"2657","スライムメガヒール","粘液技","対象：味方単体　効果：HP大回復・ヌルヌル
癒しの粘液で味方単体を大回復する","","226:癒しのスライム（Lv7）","0","0","2","史莱姆大治愈","粘液技","対象：味方単体　効果：HP大回復・ヌルヌル
用治愈的粘液大回复队友","","226:治愈的史莱姆（Lv7）","52"
"2658","スライムオールヒール","粘液技","対象：味方全体　効果：HP中回復・ヌルヌル
癒しの粘液で味方全体を中回復する","","226:癒しのスライム（Lv2）","0","0","2","史莱姆全体治愈","粘液技","対象：味方全体　効果：HP中回復・ヌルヌル
用治愈的粘液中回复全体队友","","226:治愈的史莱姆（Lv2）","52"
"2659","スライムオールメガヒール","粘液技","対象：味方全体　効果：HP大回復・ヌルヌル
癒しの粘液で味方全体を大回復する","","227:破邪の粘妖（Lv10）","0","0","3","史莱姆全体大治愈","粘液技","対象：味方全体　効果：HP大回復・ヌルヌル
用治愈的粘液大回复全体队友","","227:破邪粘妖（Lv10）","52"
"2660","スライムキュア","粘液技","対象：味方単体　効果：軽状態異常回復
治癒の粘液で味方単体の状態異常を治療する","","226:癒しのスライム（Lv4）","0","0","2","史莱姆愈疗","粘液技","対象：味方単体　効果：軽状態異常回復
用治愈的粘液治疗我方单体的异常状态","","226:治愈的史莱姆（Lv4）","52"
"2661","スライムオールキュア","粘液技","対象：味方全体　効果：軽状態異常回復
治癒の粘液で味方全体の状態異常を治療する","","227:破邪の粘妖（Lv2）","0","0","4","史莱姆全体愈疗","粘液技","対象：味方全体　効果：軽状態異常回復
用治愈的粘液治疗我方全体的异常状态","","227:破邪粘妖（Lv2）","52"
"2662","スライムレイズ","粘液技","対象：味方単体　効果：蘇生・ヌルヌル
癒しの粘液で味方単体を蘇生させる技","","226:癒しのスライム（Lv10）","0","0","3","史莱姆复活","粘液技","対象：味方単体　効果：蘇生・ヌルヌル
用治愈的粘液复活队友的技能","","226:治愈的史莱姆（Lv10）","52"
"2663","アクアシールド","粘液技","対象：味方全体　効果：防御力アップ
粘液のシールドで味方全体の防御力をアップさせる","","226:癒しのスライム（Lv6）","0","0","3","水之护盾","粘液技","対象：味方全体　効果：防御力アップ
用粘液的护盾提升我方全体的防御力","","226:治愈的史莱姆（Lv6）","52"
"2664","アクアミラー","粘液技","対象：味方全体　効果：魔法反射
粘液の鏡で魔法を反射する","","227:破邪の粘妖（Lv7）","0","0","6","水之镜","粘液技","対象：味方全体　効果：魔法反射
用粘液之镜反射魔法","","227:破邪粘妖（Lv7）","52"
"2665","アクアメタボル","粘液技","対象：味方全体　効果：状態異常無効
粘液で代謝を整え、状態異常を無効化する","","227:破邪の粘妖（Lv6）","0","0","6","水之代谢","粘液技","対象：味方全体　効果：状態異常無効
用粘液调整代谢，使状态异常无效化","","227:破邪粘妖（Lv6）","52"
"2666","アクアリジョン","粘液技","対象：味方全体　効果：HP・MPターン小回復
粘液で代謝を活性化させ、HPとMPを徐々に回復させる","","227:破邪の粘妖（Lv4）","0","0","5","水之领域","粘液技","対象：味方全体　効果：HP・MPターン小回復
用粘液激活代谢，逐渐恢复HP和MP","","227:破邪粘妖（Lv4）","52"
"2667","にせものスライム","粘液技","対象：使用者　効果：回避率大アップ
粘液で偽者を作り出し、回避率をアップさせる","","224:メガスライム（Lv4）","0","0","2","假冒史莱姆","粘液技","対象：使用者　効果：回避率大アップ
用粘液制造假象，提升回避率","","224:大史莱姆（Lv4）","52"
"2668","究極スライムディフェンス","粘液技","対象：味方全体　効果：ディフレクト2回
粘液の防護壁で敵の攻撃を2回無効化する","","231:究極群体生命（Lv13）","0","0","8","究极史莱姆防御","粘液技","対象：味方全体　効果：ディフレクト2回
用粘液防护壁使敌人的攻击2次无效化","","231:究极群体生命（Lv13）","52"
"2669","ネバーランドフロンティア","粘液技","対象：敵全体　効果：全能力ダウン
特殊な魔術で敵を子供にし、能力を大幅弱体化させる","","230:クィーンスライム（Lv4）","0","0","8","永无乡边境","粘液技","対象：敵全体　効果：全能力ダウン
用特殊魔法使敌人变成小孩，大幅弱化能力","","230:史莱姆女王（Lv4）","52"
"2670","分裂","粘液技","対象：使用者　効果：2回行動・全能力小ダウン
2体に分裂し2回行動が可能になるが、能力は下がる","","224:メガスライム（Lv8）","0","0","3","分裂","粘液技","対象：使用者　効果：2回行動・全能力小ダウン
分裂成2体，可以2次行动，但能力下降","","224:大史莱姆（Lv8）","52"
"2671","ディバインディスティニー","粘液技","対象：使用者　効果：3回行動・全能力小ダウン
3体に分裂し3回行動が可能になるが、能力は下がる","","225:ギガスライム（Lv8）","0","0","5","神圣命运","粘液技","対象：使用者　効果：3回行動・全能力小ダウン
分裂成3体，可以3次行动，但能力下降","","225:千兆史莱姆（Lv8）","52"
"2672","究極群体","粘液技","対象：使用者　効果：4回行動・全能力小ダウン
4体に分裂し4回行動が可能になるが、能力は下がる","","7421:カナデ（Lv15）","0","0","15","究极群体","粘液技","対象：使用者　効果：4回行動・全能力小ダウン
分裂成4体，可以4次行动，但能力下降","","7421:祸抚（Lv15）","52"
"2673","飽和粘液","粘液技","対象：使用者　効果：無効化反撃
2ターンの間、敵の粘液技を無効化し反撃する","","231:究極群体生命（Lv11）","0","0","4","饱和粘液","粘液技","対象：使用者　効果：無効化反撃
2回合内，使敌人的粘液技能无效化并反击","","231:究极群体生命（Lv11）","52"
"2674","カナデディオール","粘液技","対象：使用者　効果：投擲技・粘液技4連続発動・全能力小ダウン
複数の分裂体を作り出し連続攻撃するが、能力は下がる","","","0","0","12","祸抚奥尔","粘液技","対象：使用者　効果：投擲技・粘液技4連続発動・全能力小ダウン
制造多个分裂体进行连续攻击，但能力下降","","","52"
"2675","メルティレクイエム","粘液技","威力：ＳＳＳ（器）　対象：敵全体　属性：ナイトメア　効果：消化・ヌルヌル・捕食
消化粘液で周囲を満たし敵全体をまとめて消化する","","","0","0","21","痛苦挽歌","粘液技","威力：ＳＳＳ（器）　対象：敵全体　属性：ナイトメア　効果：消化・ヌルヌル・捕食
用消化粘液填满周围，将全体敌人一起消化","","","52"
"2678","引っ掻き","獣技","威力：Ｅ（力・速）　対象：敵単体
鋭い爪で引っ掻く獣技","","232:魔獣（Lv2）；248:狐魔獣（Lv2）；283:ドラゴン（Lv4）","0","0","1","抓挠","獣技","威力：Ｅ（力・速）　対象：敵単体
用锐利的爪子抓挠的兽技","","232:魔兽（Lv2）；248:狐魔兽（Lv2）；283:龙（Lv4）","53"
"2679","一撃の爪","獣技","威力：Ｂ（力・速）　対象：敵単体　効果：即死
急所を狙い鋭い爪を振るう獣技","","233:ルナティックビースト（Lv7）","0","0","5","一击之爪","獣技","威力：Ｂ（力・速）　対象：敵単体　効果：即死
瞄准要害挥舞锐利爪子的兽技","","233:月夜狂兽（Lv7）","53"
"2680","咬爪乱撃","獣技","威力：Ａ（力・速）　対象：敵単体3回
噛み付きと引っ掻きを連続で繰り出す乱舞技","","235:スピードビースト（Lv10）；248:狐魔獣（Lv6）","0","0","6","咬爪乱击","獣技","威力：Ａ（力・速）　対象：敵単体3回
连续施展咬击和抓挠的乱舞技","","235:速度兽（Lv10）；248:狐魔兽（Lv6）","53"
"2681","電塵爪","獣技","威力：Ｂ（力・速）　対象：敵単体　属性：雷
電撃を伴った爪で引っ掻く獣技","","235:スピードビースト（Lv5）","0","0","5","电尘爪","獣技","威力：Ｂ（力・速）　対象：敵単体　属性：雷
带有电击的爪子抓挠的兽技","","235:速度兽（Lv5）","53"
"2682","乱れ電塵爪","獣技","威力：Ｓ（力・速）　対象：敵ランダム4回　属性：雷
電撃を伴った爪で乱れ斬る獣技","","236:疾空の魔獣（Lv2）","0","0","10","乱电尘爪","獣技","威力：Ｓ（力・速）　対象：敵ランダム4回　属性：雷
带有电击的爪子乱斩的兽技","","236:疾空魔兽（Lv2）","53"
"2683","グリフィススクラッチ","獣技","威力：Ｓ（力・速）　対象：敵単体　属性：炎
炎を宿した爪を叩き込む獣の奥義","","234:血塗られた狂獣（Lv5）；249:上級狐魔獣（Lv6）","0","0","10","格里菲斯抓击","獣技","威力：Ｓ（力・速）　対象：敵単体　属性：炎
将宿有火焰的爪子猛击的兽之奥义","","234:血染的狂兽（Lv5）；249:上级狐魔兽（Lv6）","53"
"2684","プラズマランページ","獣技","威力：Ｓ（力・速）　対象：敵単体　属性：雷
鋭い爪でプラズマを発生させる獣の奥義","","236:疾空の魔獣（Lv10）","0","0","10","等离子狂怒","獣技","威力：Ｓ（力・速）　対象：敵単体　属性：雷
用锐利的爪子产生等离子的兽之奥义","","236:疾空魔兽（Lv10）","53"
"2685","死舞爪","獣技","威力：ＳＳＳ（力・速）　対象：敵ランダム4回　属性：修羅
舞うような引っ掻きを乱舞させる究極奥義","7056:超魔生物（Lv2）","165:古神（Lv8）；244:百獣王（Lv2）","0","0","18","死舞爪","獣技","威力：ＳＳＳ（力・速）　対象：敵ランダム4回　属性：修羅
以舞动的抓挠乱舞的究极奥义","7056:超魔生物（Lv2）","165:古神（Lv8）；244:百兽王（Lv2）","53"
"2686","噛み付き","獣技","威力：Ｄ（力）　対象：敵単体
鋭い牙で噛み付く獣技","6998:野生児（Lv2）","163:半獣妖魔（Lv2）；232:魔獣（Lv8）；248:狐魔獣（Lv2）；279:エイビス（Lv2）；283:ドラゴン（Lv9）","0","0","2","咬击","獣技","威力：Ｄ（力）　対象：敵単体
用锐利的牙齿咬击的兽技","6998:野孩子（Lv2）","163:半兽妖魔（Lv2）；232:魔兽（Lv8）；248:狐魔兽（Lv2）；279:龙鸟（Lv2）；283:龙（Lv9）","53"
"2687","連続噛み付き","獣技","威力：Ｂ（力）　対象：敵単体2回
鋭い噛み付きを二連続で繰り出す獣技","6999:魔物魂（Lv2）","233:ルナティックビースト（Lv4）；248:狐魔獣（Lv2）；279:エイビス（Lv3）","0","0","5","连续咬击","獣技","威力：Ｂ（力）　対象：敵単体2回
用锐利的咬击连续两次出击的兽技","6999:魔物魂（Lv2）","233:月夜狂兽（Lv4）；248:狐魔兽（Lv2）；279:龙鸟（Lv3）","53"
"2688","轟蓮牙","獣技","威力：Ｓ（力）　対象：敵単体3回
強烈な噛み付きを三連続で繰り出す奥義","7000:ワイルドハート（Lv2）","234:血塗られた狂獣（Lv2）；249:上級狐魔獣（Lv2）；280:ガルーダ（Lv2）","0","0","10","轰莲牙","獣技","威力：Ｓ（力）　対象：敵単体3回
用强烈的咬击连续三次出击的奥义","7000:野性之心（Lv2）","234:血染的狂兽（Lv2）；249:上级狐魔兽（Lv2）；280:迦楼罗（Lv2）","53"
"2689","双炎牙","獣技","威力：Ｂ（力）　対象：敵単体2回　属性：炎
炎を宿した牙で敵を噛み砕く技","","287:飛竜（Lv2）","0","0","5","双炎牙","獣技","威力：Ｂ（力）　対象：敵単体2回　属性：炎
用宿有火焰的牙齿咬碎敌人的技能","","287:飞龙（Lv2）","53"
"2690","バーミリオンファング","獣技","威力：Ｓ（力）　対象：敵単体4回　属性：炎
紅蓮の牙で敵を滅ぼす奥義","","288:バハムート（Lv4）","0","0","10","朱红之牙","獣技","威力：Ｓ（力）　対象：敵単体4回　属性：炎
用红莲之牙消灭敌人的奥义","","288:巴哈姆特（Lv4）","53"
"2691","絶氷牙","獣技","威力：Ｂ（力）　対象：敵単体　属性：氷
冷気を宿した牙で噛み付きを繰り出す技","","163:半獣妖魔（Lv4）；289:海竜（Lv2）","0","0","5","绝冰牙","獣技","威力：Ｂ（力）　対象：敵単体　属性：氷
用宿有冷气的牙齿进行咬击的技能","","163:半兽妖魔（Lv4）；289:海龙（Lv2）","53"
"2692","断氷連牙","獣技","威力：Ｓ（力）　対象：敵単体2回　属性：氷
冷気の牙で連続噛み付きを繰り出す奥義","","164:邪獣妖魔（Lv4）；290:リヴァイアサン（Lv7）","0","0","10","断冰连牙","獣技","威力：Ｓ（力）　対象：敵単体2回　属性：氷
用冷气的牙齿进行连续咬击的奥义","","164:邪兽妖魔（Lv4）；290:利维坦（Lv7）","53"
"2693","虚牙","獣技","威力：４Ｓ（力）　対象：敵単体　属性：修羅・ハドロン
全てを貫く牙で敵を砕く混沌奥義","","244:百獣王（Lv20）；282:神鳥（Lv8）","0","0","22","虚牙","獣技","威力：４Ｓ（力）　対象：敵単体　属性：修羅・ハドロン
用贯穿一切的牙齿粉碎敌人的混沌奥义","","244:百兽王（Lv20）；282:神鸟（Lv8）","53"
"2694","体当たり","獣技","威力：Ｄ（力）　対象：敵単体
突進し勢いをつけての体当たり","6998:野生児（Lv6）","232:魔獣（Lv5）；293:陸棲種（Lv5）","0","0","2","冲撞","獣技","威力：Ｄ（力）　対象：敵単体
突进并用力冲撞","6998:野孩子（Lv6）","232:魔兽（Lv5）；293:陆栖种（Lv5）","53"
"2695","大暴れ","獣技","威力：Ａ（力）　対象：敵ランダム4回
周囲を駆け回り連続体当たりを繰り出す技","6999:魔物魂（Lv6）","164:邪獣妖魔（Lv2）；233:ルナティックビースト（Lv10）；248:狐魔獣（Lv10）；289:海竜（Lv8）；294:陸上魔類（Lv10）","0","0","6","大暴走","獣技","威力：Ａ（力）　対象：敵ランダム4回
在周围疾驰并连续冲撞的技能","6999:魔物魂（Lv6）","164:邪兽妖魔（Lv2）；233:月夜狂兽（Lv10）；248:狐魔兽（Lv10）；289:海龙（Lv8）；294:陆上魔类（Lv10）","53"
"2696","蹂躙撃","獣技","威力：Ｓ（力）　対象：敵ランダム6回
周囲を疾走し敵を蹂躙する奥義","7000:ワイルドハート（Lv4）","234:血塗られた狂獣（Lv4）；249:上級狐魔獣（Lv7）；290:リヴァイアサン（Lv4）；295:エビルスピーシーズ（Lv5）","0","0","10","蹂躏击","獣技","威力：Ｓ（力）　対象：敵ランダム6回
在周围疾驰并蹂躏敌人的奥义","7000:野性之心（Lv4）","234:血染的狂兽（Lv4）；249:上级狐魔兽（Lv7）；290:利维坦（Lv4）；295:邪恶精灵（Lv5）","53"
"2697","威嚇","獣技","対象：敵単体　効果：スタン
激しく威嚇して敵をスタンさせる","","232:魔獣（Lv4）；293:陸棲種（Lv4）","0","0","1","威吓","獣技","対象：敵単体　効果：スタン
激烈地威吓敌人使其陷入眩晕","","232:魔兽（Lv4）；293:陆栖种（Lv4）","53"
"2698","おたけび","獣技","対象：敵全体　効果：スタン
おたけびで威嚇し敵全体をスタンさせる","","163:半獣妖魔（Lv4）；232:魔獣（Lv10）；249:上級狐魔獣（Lv2）；283:ドラゴン（Lv7）；294:陸上魔類（Lv2）；355:三種混合体（Lv2）","0","0","3","咆哮","獣技","対象：敵全体　効果：スタン
通过咆哮威吓全体敌人使其陷入眩晕","","163:半兽妖魔（Lv4）；232:魔兽（Lv10）；249:上级狐魔兽（Lv2）；283:龙（Lv7）；294:陆上魔类（Lv2）；355:三重混合体（Lv2）","53"
"2699","破壊の咆吼","獣技","威力：Ａ（力）　対象：敵全体　属性：音波　効果：スタン
衝撃波のような咆吼で周囲を破壊する奥義","","165:古神（Lv2）；234:血塗られた狂獣（Lv10）；285:覇竜（Lv7）；356:ギガミュータント（Lv9）","0","0","8","破坏的咆哮","獣技","威力：Ａ（力）　対象：敵全体　属性：音波　効果：スタン
像冲击波一样的咆哮破坏周围一切的奥义","","165:古神（Lv2）；234:血染的狂兽（Lv10）；285:霸龙（Lv7）；356:巨型突变体（Lv9）","53"
"2700","啼魔咆吼","獣技","威力：ＳＳ（力）　対象：敵全体　属性：音波　効果：スタン
空間そのものを揺るがす咆吼で全てを破壊する究極奥義","","244:百獣王（Lv5）","0","0","17","啼魔咆哮","獣技","威力：ＳＳ（力）　対象：敵全体　属性：音波　効果：スタン
撼动空间的咆哮破坏一切的究极奥义","","244:百兽王（Lv5）","53"
"2701","獣魔合乱撃","獣技","威力：Ａ（力）　対象：敵単体3回
本体と獣部分が同時に攻撃を仕掛ける乱撃技","","163:半獣妖魔（Lv10）","0","0","6","兽魔合乱击","獣技","威力：Ａ（力）　対象：敵単体3回
本体和兽部分同时发动攻击的乱击技","","163:半兽妖魔（Lv10）","53"
"2702","獣魔乱舞","獣技","威力：Ｓ（力）　対象：敵ランダム4回　属性：雷
本体と獣部分が同時に繰り出す乱舞技","","164:邪獣妖魔（Lv10）","0","0","10","兽魔乱舞","獣技","威力：Ｓ（力）　対象：敵ランダム4回　属性：雷
本体和兽部分同时发动的乱舞技","","164:邪兽妖魔（Lv10）","53"
"2703","同種殺し","獣技","威力：Ｃ（力）　対象：敵単体　効果：魔獣特攻
獣に対して有効な急所を狙った一撃","","235:スピードビースト（Lv2）","0","0","4","同类杀戮","獣技","威力：Ｃ（力）　対象：敵単体　効果：魔獣特攻
瞄准兽类弱点的致命一击","","235:速度兽（Lv2）","53"
"2704","おつきさまふたつ","獣技","威力：Ｅ（力or器）　対象：敵単体2回
二本の尻尾で連続殴打する妖狐の技","","245:妖狐（Lv2）","0","0","2","两轮明月","獣技","威力：Ｅ（力or器）　対象：敵単体2回
用两条尾巴连续殴打的妖狐技","","245:妖狐（Lv2）","53"
"2705","四つの月","獣技","威力：Ｂ（力or器）　対象：敵単体4回
四本の尻尾で連続殴打する妖狐の技","","246:中級妖狐（Lv6）；248:狐魔獣（Lv4）","0","0","5","四个月亮","獣技","威力：Ｂ（力or器）　対象：敵単体4回
用四条尾巴连续殴打的妖狐技","","246:中级妖狐（Lv6）；248:狐魔兽（Lv4）","53"
"2706","七つの月","獣技","威力：Ｓ（力or器）　対象：敵単体7回
七本の尻尾で連続殴打する妖狐の技","","249:上級狐魔獣（Lv4）","0","0","10","七个月亮","獣技","威力：Ｓ（力or器）　対象：敵単体7回
用七条尾巴连续殴打的妖狐技","","249:上级狐魔兽（Lv4）","53"
"2707","八つの月","獣技","威力：Ｓ（力or器）　対象：敵単体8回
八本の尻尾で連続殴打する妖狐の技","","247:上級妖狐（Lv6）","0","0","10","八个月","獣技","威力：Ｓ（力or器）　対象：敵単体8回
八条尾巴连续猛击的妖狐技能","","247:上级妖狐（Lv6）","53"
"2708","九つの月","獣技","威力：ＳＳ（力or器）　対象：敵単体9回
九本の尻尾で連続殴打する妖狐の奥義","","252:九尾の狐（Lv2）","0","0","14","九个月","獣技","威力：ＳＳ（力or器）　対象：敵単体9回
九条尾巴连续猛击的妖狐奥义","","252:九尾狐（Lv2）","53"
"2709","零の月","獣技","威力：ＳＳ（力or器）　対象：敵全体　属性：修羅
無数の尾を乱舞させる妖狐の究極奥義","","253:零尾の狐（Lv5）","0","0","17","零之月","獣技","威力：ＳＳ（力or器）　対象：敵全体　属性：修羅
无数尾巴乱舞的妖狐究极奥义","","253:零尾之狐（Lv5）","53"
"2710","月光きゃのん","獣技","威力：Ｓ（魔）　対象：敵全体　属性：土・銀河
月光から得たエネルギーを照射する妖狐の奥義","","252:九尾の狐（Lv4）","0","0","12","月光加农炮","獣技","威力：Ｓ（魔）　対象：敵全体　属性：土・銀河
从月光中获取能量照射的妖狐奥义","","252:九尾狐（Lv4）","53"
"2711","ついん月光きゃのん","獣技","威力：ＳＳＳ（魔）　対象：敵全体　属性：テラ・銀河
月光から得たエネルギーを二連続照射する妖狐の究極奥義","","253:零尾の狐（Lv11）","0","0","21","双重月光加农炮","獣技","威力：ＳＳＳ（魔）　対象：敵全体　属性：テラ・銀河
从月光中获取能量连续两次照射的妖狐究极奥义","","253:零尾之狐（Lv11）","53"
"2712","ベノムアタック","獣技","威力：Ｄ（力）　対象：敵単体　属性：バイオ
猛毒を宿した爪を叩き込む技","","293:陸棲種（Lv10）","0","0","2","毒液攻击","獣技","威力：Ｄ（力）　対象：敵単体　属性：バイオ
猛毒附着的爪子猛击的技能","","293:陆栖种（Lv10）","53"
"2713","ベノンザッパー","獣技","威力：Ａ（力）　対象：敵全体　属性：バイオ
猛毒を宿した爪を一閃させる奥義","","295:エビルスピーシーズ（Lv10）","0","0","8","毒液连击","獣技","威力：Ａ（力）　対象：敵全体　属性：バイオ
猛毒附着的爪子一闪的奥义","","295:邪恶精灵（Lv10）","53"
"2714","ベノムバウンド","獣技","威力：ＳＳ（力）　対象：敵全体　属性：バイオ
破滅的な猛毒を宿した爪で敵を薙ぎ払う究極奥義","","300:百魔の王（Lv8）","0","0","17","毒液横扫","獣技","威力：ＳＳ（力）　対象：敵全体　属性：バイオ
毁灭性的猛毒附着的爪子横扫敌人的究极奥义","","300:百魔之王（Lv8）","53"
"2715","ベノムグランテ","獣技","威力：Ｚ（力）　対象：敵全体　属性：バイオ・修羅
世界を猛毒で覆う究極の毒技奥義","","7428:次元侵蝕者（Lv2）","0","0","40","毒液大横扫","獣技","威力：Ｚ（力）　対象：敵全体　属性：バイオ・修羅
用猛毒覆盖世界的究极毒技奥义","","7428:次元侵蚀者（Lv2）","53"
"2716","尻尾コキ","獣技","威力：Ｅ（器or速）　対象：敵単体　属性：快楽
尻尾で性器を愛撫する淫技","","232:魔獣（Lv7）","0","0","2","尾巴挑逗","獣技","威力：Ｅ（器or速）　対象：敵単体　属性：快楽
用尾巴爱抚性器的淫技","","232:魔兽（Lv7）","53"
"2717","獣の口淫","獣技","威力：Ｃ（力or器）　対象：敵単体　属性：快楽　効果：ヌルヌル
貪るように性器を舐めしゃぶる口淫技","","233:ルナティックビースト（Lv6）","0","0","4","兽之口交","獣技","威力：Ｃ（力or器）　対象：敵単体　属性：快楽　効果：ヌルヌル
贪婪地舔舐性器的口交技","","233:月夜狂兽（Lv6）","53"
"2718","ワイルドレイプ","獣技","威力：Ａ（力or器）　対象：敵単体　属性：快楽　効果：拘束
ワイルドに相手を犯す獣の淫技","","234:血塗られた狂獣（Lv7）","0","0","7","野性强奸","獣技","威力：Ａ（力or器）　対象：敵単体　属性：快楽　効果：拘束
野性地侵犯对方的兽之淫技","","234:血染的狂兽（Lv7）","53"
"2719","ふわふわしっぽ","獣技","威力：Ｅ（器or魔）　対象：敵単体　属性：快楽
ふわふわの尻尾で性器を愛撫する妖狐の淫技","","245:妖狐（Lv5）","0","0","2","蓬松尾巴","獣技","威力：Ｅ（器or魔）　対象：敵単体　属性：快楽
用蓬松的尾巴爱抚性器的妖狐淫技","","245:妖狐（Lv5）","53"
"2720","御乳の谷","獣技","威力：Ｃ（器or魔）　対象：敵単体　属性：快楽　効果：恍惚
ふくよかな乳で性器を愛撫する妖狐の淫技","","246:中級妖狐（Lv5）","0","0","4","御乳之谷","獣技","威力：Ｃ（器or魔）　対象：敵単体　属性：快楽　効果：恍惚
用丰满的乳房爱抚性器的妖狐淫技","","246:中级妖狐（Lv5）","53"
"2721","狐の交わり","獣技","威力：Ａ（器or魔）　対象：敵単体　属性：快楽　効果：拘束
幻術を用いながら相手を犯す妖狐の淫技","","247:上級妖狐（Lv5）","0","0","7","狐之交合","獣技","威力：Ａ（器or魔）　対象：敵単体　属性：快楽　効果：拘束
使用幻术的同时侵犯对方的妖狐淫技","","247:上级妖狐（Lv5）","53"
"2722","ぷにぷに肉球手コキ","獣技","威力：Ｃ（器or速）　対象：敵単体　属性：快楽　効果：敏感
ぷにぷにの肉球で性器を刺激するねこまたの淫技","","241:ねこまた（Lv6）","0","0","4","软软肉球手淫","獣技","威力：Ｃ（器or速）　対象：敵単体　属性：快楽　効果：敏感
用软软的肉球刺激性器的猫又淫技","","241:猫又（Lv6）","53"
"2723","ざらざら猫舌フェラ","獣技","威力：Ａ（器or速）　対象：敵単体　属性：快楽　効果：ヌルヌル
ざらざらの猫舌で性器を舐め回すねこまたの淫技","","242:武神キャット（Lv6）","0","0","7","粗糙猫舌口交","獣技","威力：Ａ（器or速）　対象：敵単体　属性：快楽　効果：ヌルヌル
用粗糙的猫舌舔舐性器的猫又淫技","","242:武神猫（Lv6）","53"
"2724","凶獣の捕食","獣技","対象：敵全体　効果：捕食
暗闇・消化・スタン状態の敵をまとめて捕食する技","","","0","0","3","凶兽的捕食","獣技","対象：敵全体　効果：捕食
将处于黑暗・消化・眩晕状态下的敌人一起捕食的技能","","","53"
"2725","暴竜の捕食","獣技","対象：敵全体　効果：捕食
バーン・消化・スタン状態の敵をまとめて捕食する技","","","0","0","3","暴龙的捕食","獣技","対象：敵全体　効果：捕食
将处于燃烧・消化・眩晕状态下的敌人一起捕食的技能","","","53"
"2726","ビーストハウリング","獣技","対象：使用者　効果：命中・回避率大アップ・ターンSP中回復
狩猟本能を目覚めさせ、身のこなしを強化する技","","232:魔獣（Lv6）","0","0","2","野兽咆哮","獣技","対象：使用者　効果：命中・回避率大アップ・ターンSP中回復
唤醒狩猎本能，强化身法的技能","","232:魔兽（Lv6）","53"
"2727","獣の本能","獣技","対象：使用者　効果：バーサク
獣の本能を呼び覚まし暴れ回る技","","232:魔獣（Lv9）","0","0","1","兽的本能","獣技","対象：使用者　効果：バーサク
唤醒兽的本能，四处狂奔的技能","","232:魔兽（Lv9）","53"
"2728","ルナティックハイ","獣技","対象：使用者　効果：バーサク・回避率大アップ
破壊本能に身を任せ暴れ回る技","","233:ルナティックビースト（Lv5）","0","0","2","狂乱之巅","獣技","対象：使用者　効果：バーサク・回避率大アップ
任由破坏本能驱使，四处狂奔的技能","","233:月夜狂兽（Lv5）","53"
"2729","ジェノサイドハイ","獣技","対象：使用者　効果：バーサク・攻撃力大アップ・回避率大アップ・2回行動
殺戮本能に身を任せ暴れ回る奥義","","234:血塗られた狂獣（Lv6）","0","0","4","灭绝之巅","獣技","対象：使用者　効果：バーサク・攻撃力大アップ・回避率大アップ・2回行動
任由杀戮本能驱使，四处狂奔的奥义","","234:血染的狂兽（Lv6）","53"
"2730","ぶんしん","獣技","対象：使用者　効果：回避率小アップ
魔力で分身を造り回避率を上げる","","245:妖狐（Lv7）","0","0","1","分身","獣技","対象：使用者　効果：回避率小アップ
用魔力制造分身，提高回避率","","245:妖狐（Lv7）","53"
"2731","月狂い","獣技","対象：使用者　効果：バーサク・MP・SP消費なし
月の力で暴走し消費なしで技や魔法を発動させる","","248:狐魔獣（Lv5）","0","0","3","月狂","獣技","対象：使用者　効果：バーサク・MP・SP消費なし
借助月之力暴走，无消耗发动技能或魔法","","248:狐魔兽（Lv5）","53"
"2732","まねきねこ","獣技","対象：使用者　効果：獲得ゴールド3倍・アイテムドロップ率3倍
幸福を招いて獲得ゴールド3倍、アイテム取得率3倍","","241:ねこまた（Lv10）","0","0","3","招财猫","獣技","対象：使用者　効果：獲得ゴールド3倍・アイテムドロップ率3倍
招来幸福，获得金币3倍，物品获取率3倍","","241:猫又（Lv10）","53"
"2733","ぐっすりにゃんこ","獣技","対象：使用者　効果：睡眠・HP・MP・SPターン回復
ぐっすり眠ってHP、MP、SPをみるみる回復","","241:ねこまた（Lv7）","0","0","1","熟睡猫咪","獣技","対象：使用者　効果：睡眠・HP・MP・SPターン回復
熟睡中恢复HP、MP、SP","","241:猫又（Lv7）","53"
"2734","凍てつく波動","獣技","対象：敵全体　効果：強化解除
凍てつく波動を放ち敵の強化効果を解除する","","164:邪獣妖魔（Lv3）；235:スピードビースト（Lv6）","0","0","2","冰冻波动","獣技","対象：敵全体　効果：強化解除
释放冰冻波动解除敌人的强化效果","","164:邪兽妖魔（Lv3）；235:速度兽（Lv6）","53"
"2735","絶暴","獣技","対象：使用者　効果：1ターン攻撃力特大アップ
力を集中し、次のターンの攻撃力を爆発的にアップさせる","","7422:時の神獣（Lv4）","0","0","4","绝暴","獣技","対象：使用者　効果：1ターン攻撃力特大アップ
集中力量，下一回合攻击力爆发性提升","","7422:时之神兽（Lv4）","53"
"2736","月謳","獣技","対象：使用者　効果：1ターン魔力・器用さ特大アップ
魔力を集中し、次のターンの魔力と器用さを爆発的にアップさせる","","7423:白面金毛九尾の狐（Lv13）","0","0","4","月歌","獣技","対象：使用者　効果：1ターン魔力・器用さ特大アップ
集中魔力，下一回合魔力和灵巧爆发性提升","","7423:白面金毛九尾狐（Lv13）","53"
"2740","蛇撃","蛇技","威力：Ｅ（力or防）　対象：敵全体
蛇の尾で敵に打撃を繰り出す技","","254:ラミア（Lv3）","0","0","2","蛇击","蛇技","威力：Ｅ（力or防）　対象：敵全体
用蛇尾打击敌人的技能","","254:拉米亚（Lv3）","54"
"2741","蛇体薙ぎ","蛇技","威力：Ｃ（力or防）　対象：敵全体
蛇体で敵全体を薙ぎ払う技","","255:ラミアンボア（Lv2）","0","0","5","蛇体扫荡","蛇技","威力：Ｃ（力or防）　対象：敵全体
用蛇体扫荡全体敌人的技能","","255:拉米亚波亚（Lv2）","54"
"2742","スネークパニッシャー","蛇技","威力：Ａ（力or防）　対象：敵全体
強靱な蛇体で何度も往復薙ぎを繰り出す奥義","","256:ラミアンナイトメア（Lv2）","0","0","7","蛇碾压者","蛇技","威力：Ａ（力or防）　対象：敵全体
用坚韧的蛇体多次来回扫荡的奥义","","256:梦魇拉米亚（Lv2）","54"
"2743","蛇王滅誅","蛇技","威力：ＺＺ（力or防）　対象：敵全体　属性：修羅・テラ　効果：スタン
蛇体を乱舞させるラミアの究極奥義","","7424:淫欲の堕蛇（Lv16）","0","0","50","蛇王灭杀","蛇技","威力：ＺＺ（力or防）　対象：敵全体　属性：修羅・テラ　効果：スタン
蛇体乱舞的拉米亚的究极奥义","","7424:淫欲的堕蛇（Lv16）","54"
"2744","ラミアロール","蛇技","威力：Ｃ（力or防）　対象：敵単体　効果：拘束・スタン
蛇体で敵を巻き上げて拘束する技","","254:ラミア（Lv10）","0","0","4","拉米亚滚动","蛇技","威力：Ｃ（力or防）　対象：敵単体　効果：拘束・スタン
用蛇体卷起敌人拘束的技能","","254:拉米亚（Lv10）","54"
"2745","ヘビィロール","蛇技","威力：Ｂ（力or防）　対象：敵単体　効果：拘束・スタン
蛇体で巻き上げ、身動きを封じる技","","255:ラミアンボア（Lv8）","0","0","5","重滚动","蛇技","威力：Ｂ（力or防）　対象：敵単体　効果：拘束・スタン
用蛇体卷起，封锁行动的技能","","255:拉米亚波亚（Lv8）","54"
"2746","悪夢の締め付け","蛇技","威力：Ａ（力or防）　対象：敵単体　効果：拘束・スタン
敵をとぐろに捕らえ、みっしりと締め上げる奥義","","256:ラミアンナイトメア（Lv8）","0","0","7","恶梦的紧缚","蛇技","威力：Ａ（力or防）　対象：敵単体　効果：拘束・スタン
将敌人缠绕成螺旋状，紧紧勒住的奥义","","256:梦魇拉米亚（Lv8）","54"
"2747","クィーンズロール","蛇技","威力：Ｓ（力or防）　対象：敵全体　効果：拘束・スタン
敵を抱きすくめるように締め上げる女王の拘束奥義","","263:クィーンラミア（Lv2）","0","0","12","女王之卷","蛇技","威力：Ｓ（力or防）　対象：敵全体　効果：拘束・スタン
像拥抱一样紧紧勒住敌人的女王拘束奥义","","263:拉米亚女王（Lv2）","54"
"2748","丸呑み","蛇技","対象：敵単体　効果：捕食
拘束した敵を丸呑みにするラミア特有の捕食技","","255:ラミアンボア（Lv7）","0","0","1","吞咽","蛇技","対象：敵単体　効果：捕食
拉米亚特有的捕食技，将拘束的敌人整个吞下","","255:拉米亚波亚（Lv7）","54"
"2749","悪夢の踊り食い","蛇技","対象：敵単体　効果：捕食
拘束した敵をじっくり踊り食いにする残酷な捕食技","","256:ラミアンナイトメア（Lv7）","0","0","2","恶梦的舞蹈吞食","蛇技","対象：敵単体　効果：捕食
将拘束的敌人慢慢舞蹈吞食的残酷捕食技","","256:梦魇拉米亚（Lv7）","54"
"2750","クィーンズボア","蛇技","対象：敵全体　効果：捕食
拘束した敵をじわじわと呑み込む女王の捕食技","","263:クィーンラミア（Lv6）","0","0","3","女王的拥抱","蛇技","対象：敵全体　効果：捕食
拘束的敌人被缓缓吞噬的女王捕食技","","263:拉米亚女王（Lv6）","54"
"2751","石化撃","特技","威力：Ｃ（力）　対象：敵単体　効果：石化
魔力を込めた攻撃で敵を石化させる","","261:メデューサ（Lv2）","0","0","4","石化攻击","特技","威力：Ｃ（力）　対象：敵単体　効果：石化
注入魔力的攻击使敌人石化","","261:美杜莎（Lv2）","63"
"2752","石化乱撃","特技","威力：Ａ（力）　対象：敵ランダム3回　効果：石化
石化の攻撃を連続で繰り出す奥義","","262:ロードメデューサ（Lv2）","0","0","7","石化乱击","特技","威力：Ａ（力）　対象：敵ランダム3回　効果：石化
连续释放石化攻击的奥义","","262:美杜莎领主（Lv2）","63"
"2753","やまた・すなめ","蛇技","威力：Ａ（器or防）　対象：敵ランダム8回　属性：快楽
全身を無数の舌で舐め回す太古の快楽技","","","0","0","7","邪马台・舔舐","蛇技","威力：Ａ（器or防）　対象：敵ランダム8回　属性：快楽
用无数的舌头舔遍全身的古老快乐技","","","54"
"2754","やまた・むさり","蛇技","威力：Ｓ（力or防）　対象：敵ランダム8回
八つの体より連続で打撃を繰り出す太古の蛇奥義","","","0","0","10","邪马台・撕咬","蛇技","威力：Ｓ（力or防）　対象：敵ランダム8回
从八个身体连续打出打击的古老蛇奥义","","","54"
"2755","蛇尾コキ","蛇技","威力：Ｅ（器or防）　対象：敵単体　属性：快楽
尾を性器に絡め快楽を与える技","","254:ラミア（Lv5）","0","0","2","蛇尾挑逗","蛇技","威力：Ｅ（器or防）　対象：敵単体　属性：快楽
用尾巴缠绕性器给予快乐的技巧","","254:拉米亚（Lv5）","54"
"2756","チロチロフェラ","蛇技","威力：Ｃ（器or防）　対象：敵単体　属性：快楽　効果：ヌルヌル
長い舌で丹念に性器を舐め回す口淫技","","255:ラミアンボア（Lv4）","0","0","4","舌尖舔舐口交","蛇技","威力：Ｃ（器or防）　対象：敵単体　属性：快楽　効果：ヌルヌル
用长舌仔细舔舐性器的口交技巧","","255:拉米亚波亚（Lv4）","54"
"2757","ラミアの魔膣","蛇技","威力：Ａ（器or防）　対象：敵単体　属性：快楽　効果：拘束
締まりのきつい膣を用いて相手を犯す奥義","","256:ラミアンナイトメア（Lv5）","0","0","7","拉米亚的魔穴","蛇技","威力：Ａ（器or防）　対象：敵単体　属性：快楽　効果：拘束
用紧致的穴侵犯对手的奥义","","256:梦魇拉米亚（Lv5）","54"
"2758","聖母蛇の抱擁","蛇技","威力：Ｃ（器or精）　対象：敵単体　属性：快楽　効果：恍惚・拘束
蛇体で優しく抱きしめ、恍惚に浸らせる快楽技","","257:シスターラミア（Lv7）","0","0","4","圣母蛇的拥抱","蛇技","威力：Ｃ（器or精）　対象：敵単体　属性：快楽　効果：恍惚・拘束
用蛇体温柔拥抱，使对方沉浸在恍惚中的快乐技","","257:修女拉米亚（Lv7）","54"
"2759","昇天の抱擁","蛇技","威力：Ａ（器or精）　対象：敵単体　属性：快楽　効果：絶頂・拘束
蛇体で優しく抱きしめ、昇天させる快楽技","","258:慈愛の聖蛇（Lv7）","0","0","5","升天的拥抱","蛇技","威力：Ａ（器or精）　対象：敵単体　属性：快楽　効果：絶頂・拘束
用蛇体温柔地拥抱，使对方升天的快乐技","","258:慈爱之圣蛇（Lv7）","54"
"2760","稚児搾り","蛇技","威力：Ｃ（器or精）　対象：敵単体　属性：快楽　効果：敏感
稚児を弄ぶように精を搾る手淫技","","259:蛇巫女（Lv4）","0","0","4","榨取稚儿","蛇技","威力：Ｃ（器or精）　対象：敵単体　属性：快楽　効果：敏感
像玩弄稚儿一样榨取精液的手淫技","","259:蛇巫女（Lv4）","54"
"2761","夜叉淫舌","蛇技","威力：Ｃ（器or精）　対象：敵単体　属性：快楽　効果：ヌルヌル
ねっとりと性器をねぶり尽くす蛇妖の口淫技","","259:蛇巫女（Lv9）","0","0","4","夜叉淫舌","蛇技","威力：Ｃ（器or精）　対象：敵単体　属性：快楽　効果：ヌルヌル
用缠绵的舌头舔遍性器的蛇妖口交技巧","","259:蛇巫女（Lv9）","54"
"2762","包み乳楽","蛇技","威力：Ａ（器or精）　対象：敵単体　属性：快楽　効果：恍惚
豊満な胸で包み込むように快楽を与える淫技","","260:白蛇神楽（Lv5）","0","0","7","包乳乐","蛇技","威力：Ａ（器or精）　対象：敵単体　属性：快楽　効果：恍惚
用丰满的胸部包裹并给予快乐的淫技","","260:白蛇神乐（Lv5）","54"
"2763","蛇夜伽","蛇技","威力：Ａ（器or精）　対象：敵単体　属性：快楽　効果：拘束
相手に巻き付きじっくりと犯す蛇妖の快楽技","","260:白蛇神楽（Lv9）","0","0","7","蛇夜伽","蛇技","威力：Ａ（器or精）　対象：敵単体　属性：快楽　効果：拘束
缠绕对手，慢慢侵犯的蛇妖快乐技","","260:白蛇神乐（Lv9）","54"
"2764","淫邪の蛇髪","蛇技","威力：Ｂ（器or魔）　対象：敵単体　属性：快楽
髪の蛇が股間に殺到し性器を舐め回す淫技","","261:メデューサ（Lv7）","0","0","5","淫邪的蛇发","蛇技","威力：Ｂ（器or魔）　対象：敵単体　属性：快楽
蛇发群涌向胯间，舔舐性器的淫技","","261:美杜莎（Lv7）","54"
"2765","淫邪の蛇壺","蛇技","威力：Ａ（器or魔）　対象：敵単体　属性：快楽　効果：拘束
蛇が蠢くような蜜壺で相手を犯す淫技","","262:ロードメデューサ（Lv7）","0","0","7","淫邪的蛇壶","蛇技","威力：Ａ（器or魔）　対象：敵単体　属性：快楽　効果：拘束
用蛇般蠕动的蜜壶侵犯对手的淫技","","262:美杜莎领主（Lv7）","54"
"2766","楽園蛇の誘惑","蛇技","威力：Ｚ（器or防）　対象：敵全体　属性：快楽　効果：誘惑・絶頂
知恵ある者を堕落させる原初の誘惑奥義","","7424:淫欲の堕蛇（Lv5）","0","0","25","乐园蛇的诱惑","蛇技","威力：Ｚ（器or防）　対象：敵全体　属性：快楽　効果：誘惑・絶頂
以智慧使者堕落的原初诱惑奥义","","7424:淫欲的堕蛇（Lv5）","54"
"2767","ラミアの祈り","蛇技","対象：味方全体　効果：HP中回復
真摯な祈りで味方全体を癒やす","","257:シスターラミア（Lv2）","0","0","3","拉米亚的祈祷","蛇技","対象：味方全体　効果：HP中回復
以真挚的祈祷治愈全体同伴","","257:修女拉米亚（Lv2）","54"
"2768","ラミアの寵光","蛇技","対象：味方全体　効果：HP大回復
癒しの寵光で味方全体を癒やす","","258:慈愛の聖蛇（Lv8）","0","0","5","拉米亚的宠光","蛇技","対象：味方全体　効果：HP大回復
治愈的宠光治愈全体队友","","258:慈爱之圣蛇（Lv8）","54"
"2769","脱皮","蛇技","対象：使用者　効果：HP・SP全回復・防御力ダウン
脱皮してリフレッシュするかわり、防御がダウンする","","256:ラミアンナイトメア（Lv6）","0","0","2","蜕皮","蛇技","対象：使用者　効果：HP・SP全回復・防御力ダウン
蜕皮以刷新状态，但防御力下降","","256:梦魇拉米亚（Lv6）","54"
"2770","コブラの毒牙","蛇技","威力：Ｃ（力）　対象：敵単体　属性：バイオ　効果：即死
鋭い毒牙で噛み付き、即死毒を送り込む技","","","0","0","4","眼镜蛇的毒牙","蛇技","威力：Ｃ（力）　対象：敵単体　属性：バイオ　効果：即死
用锐利的毒牙咬住，注入即死毒的技能","","","54"
"2771","触手技殺し","蛇技","対象：使用者　効果：無効化反撃
2ターンの間、敵の触手技を無効化し反撃する","","264:ウロボロス（Lv12）","0","0","4","触手技杀手","蛇技","対象：使用者　効果：無効化反撃
2回合内，使敌方的触手技无效并反击","","264:衔尾蛇（Lv12）","54"
"2775","触手撃","触手技","威力：Ｅ（力or器）　対象：敵単体
触手で敵に打撃攻撃を繰り出す技","","265:スキュラ（Lv2）；301:海棲種（Lv2）","0","0","1","触手击","触手技","威力：Ｅ（力or器）　対象：敵単体
用触手对敌人进行打击攻击的技能","","265:斯库拉（Lv2）；301:海栖种（Lv2）","55"
"2776","触手乱舞","触手技","威力：Ｂ（力or器）　対象：敵ランダム3回
複数の触手を乱舞させる打撃技","","265:スキュラ（Lv10）","0","0","5","触手乱舞","触手技","威力：Ｂ（力or器）　対象：敵ランダム3回
使多条触手乱舞的打击技","","265:斯库拉（Lv10）","55"
"2777","テンタクルストーム","触手技","威力：Ｓ（力or器）　対象：敵ランダム4回
無数の触手を嵐のように乱れ打つ奥義","","267:エルダースキュラ（Lv2）","0","0","10","触手风暴","触手技","威力：Ｓ（力or器）　対象：敵ランダム4回
无数触手如风暴般乱打的高级奥义","","267:长老斯库拉（Lv2）","55"
"2778","剛触手撃","触手技","威力：Ｂ（力or器）　対象：敵単体2回
力を込めた触手で敵単体を殴打する技","","302:海洋搾精種（Lv2）","0","0","5","刚触手击","触手技","威力：Ｂ（力or器）　対象：敵単体2回
用充满力量的触手对单体敌人进行殴打的技能","","302:海洋榨精种（Lv2）","55"
"2779","乱打触手舞","触手技","威力：Ｓ（力or器）　対象：敵単体3回
力を込めた触手で敵単体を集中乱打する技","","303:マリンプリンセス（Lv10）","0","0","10","乱打触手舞","触手技","威力：Ｓ（力or器）　対象：敵単体3回
用充满力量的触手对单体敌人进行集中乱打的技能","","303:海洋公主（Lv10）","55"
"2780","テンタクルレイド","触手技","威力：Ｂ（力or器）　対象：敵全体
触手で敵全体を薙ぎ払う技","","304:深海搾精種（Lv10）","0","0","6","触手突袭","触手技","威力：Ｂ（力or器）　対象：敵全体
用触手对全体敌人进行扫荡的技能","","304:深海榨精种（Lv10）","55"
"2781","テンタクルブラスト","触手技","威力：Ａ（力or器）　対象：敵全体
触手で敵全体を何度も薙ぎ払う奥義","","305:深淵の主（Lv7）","0","0","8","触手爆破","触手技","威力：Ａ（力or器）　対象：敵全体
用触手对全体敌人进行多次扫荡的奥义","","305:深渊之主（Lv7）","55"
"2782","ナノテンタクル","触手技","威力：４Ｓ（力or器）　対象：敵ランダム9回　属性：ナノ　効果：ヌルヌル
ナノ触手で乱打する混沌奥義","","273:インフィニティスキュラ（Lv20）；308:海神（Lv17）","0","0","22","纳米触手","触手技","威力：４Ｓ（力or器）　対象：敵ランダム9回　属性：ナノ　効果：ヌルヌル
用纳米触手进行乱打的混沌奥义","","273:无限斯库拉（Lv20）；308:海神（Lv17）","55"
"2783","触手拘束","触手技","威力：Ｅ（力or器）　対象：敵単体　効果：拘束
触手で敵を絡め取り動きを封じる技","","265:スキュラ（Lv5）；301:海棲種（Lv7）","0","0","2","触手拘束","触手技","威力：Ｅ（力or器）　対象：敵単体　効果：拘束
用触手缠绕敌人并封锁其行动的技能","","265:斯库拉（Lv5）；301:海栖种（Lv7）","55"
"2784","テンタクルバインド","触手技","威力：Ｃ（力or器）　対象：敵全体　効果：拘束
触手で敵を巻き上げ、じっくり締め上げる拘束技","","266:ハイスキュラ（Lv4）；302:海洋搾精種（Lv5）","0","0","4","触手束缚","触手技","威力：Ｃ（力or器）　対象：敵全体　効果：拘束
用触手缠绕敌人并慢慢收紧的拘束技能","","266:高等斯库拉（Lv4）；302:海洋榨精种（Lv5）","55"
"2785","インフェルノバインド","触手技","威力：Ａ（力or器）　対象：敵全体　効果：拘束
敵全体を触手で拘束し締め上げる奥義","","267:エルダースキュラ（Lv6）；303:マリンプリンセス（Lv5）","0","0","8","地狱束缚","触手技","威力：Ａ（力or器）　対象：敵全体　効果：拘束
用触手拘束并收紧全体敌人的奥义","","267:长老斯库拉（Lv6）；303:海洋公主（Lv5）","55"
"2786","蛇縊り","触手技","威力：Ｄ（力or器）　対象：敵単体　効果：ラミア特攻
ラミアの蛇体を触手で巻き上げ、締め上げる技","","265:スキュラ（Lv7）","0","0","3","蛇绞杀","触手技","威力：Ｄ（力or器）　対象：敵単体　効果：ラミア特攻
用触手缠绕拉米亚的蛇体并收紧的技能","","265:斯库拉（Lv7）","55"
"2787","ラミアキャプチャー","触手技","威力：Ｃ（力or器）　対象：敵全体　効果：拘束・ラミア特攻
ラミアの集団を触手でまとめて締め上げる技","","266:ハイスキュラ（Lv5）","0","0","5","拉米亚捕获","触手技","威力：Ｃ（力or器）　対象：敵全体　効果：拘束・ラミア特攻
用触手将拉米亚的群体一起收紧的技能","","266:高等斯库拉（Lv5）","55"
"2788","触手愛撫","触手技","威力：Ｄ（力or器）　対象：敵全体　属性：快楽　効果：ヌルヌル
触手で性器を愛撫し快楽を与える技","","265:スキュラ（Lv6）；301:海棲種（Lv6）","0","0","3","触手爱抚","触手技","威力：Ｄ（力or器）　対象：敵全体　属性：快楽　効果：ヌルヌル
用触手爱抚性器给予快乐的技能","","265:斯库拉（Lv6）；301:海栖种（Lv6）","55"
"2789","乱れ触手愛撫","触手技","威力：Ｂ（力or器）　対象：敵ランダム3回　属性：快楽　効果：ヌルヌル
無数の触手を絡み付かせ、全身を愛撫する快楽技","","266:ハイスキュラ（Lv7）；302:海洋搾精種（Lv8）","0","0","5","乱触手爱抚","触手技","威力：Ｂ（力or器）　対象：敵ランダム3回　属性：快楽　効果：ヌルヌル
用无数触手缠绕，全身爱抚的快乐技","","266:高等斯库拉（Lv7）；302:海洋榨精种（Lv8）","55"
"2790","テンタクルワルツ","触手技","威力：Ｓ（力or器）　対象：敵ランダム4回　属性：快楽　効果：拘束・ヌルヌル
触手で敵を絡め取り、じっくり嫐り尽くす快楽奥義","","209:アークエルフ（Lv2）；267:エルダースキュラ（Lv8）；303:マリンプリンセス（Lv2）","0","0","10","触手华尔兹","触手技","威力：Ｓ（力or器）　対象：敵ランダム4回　属性：快楽　効果：拘束・ヌルヌル
用触手缠住敌人，慢慢玩弄的快乐奥义","","209:大精灵（Lv2）；267:长老斯库拉（Lv8）；303:海洋公主（Lv2）","55"
"2791","テンタクルエデン","触手技","威力：Ｓ（力or器）　対象：敵全体　属性：快楽　効果：拘束・ヌルヌル
触手で周囲を埋め尽くし快楽地獄を味わわせる究極奥義","","272:クィーンスキュラ（Lv2）","0","0","12","触手伊甸","触手技","威力：Ｓ（力or器）　対象：敵全体　属性：快楽　効果：拘束・ヌルヌル
用触手填满周围，让敌人体验快乐地狱的究极奥义","","272:斯库拉女王（Lv2）","55"
"2792","ワームショット","触手技","威力：Ｂ（魔or器）　対象：敵単体
ワームで大岩を投げつける攻撃技","","155:ワームサマナー（Lv6）","0","0","5","蠕虫射击","触手技","威力：Ｂ（魔or器）　対象：敵単体
用蠕虫投掷大岩石的攻击技能","","155:蠕虫召唤师（Lv6）","55"
"2793","ペインワーム","触手技","威力：Ａ（魔or器）　対象：敵ランダム3回
ワームで連続打撃を繰り出す攻撃技","","155:ワームサマナー（Lv10）；208:ダークエルフ（Lv9）","0","0","6","痛苦蠕虫","触手技","威力：Ａ（魔or器）　対象：敵ランダム3回
用蠕虫进行连续打击的攻击技能","","155:蠕虫召唤师（Lv10）；208:暗精灵（Lv9）","55"
"2794","ブレイクワーム","触手技","威力：Ｓ（魔or器）　対象：敵ランダム4回
ワームで乱れ打ちを浴びせる奥義","","156:マスターホムンクル（Lv10）","0","0","10","破碎蠕虫","触手技","威力：Ｓ（魔or器）　対象：敵ランダム4回
用蠕虫进行疯狂打击的奥义","","156:大师人造人（Lv10）","55"
"2795","ディザスターワーム","触手技","威力：ＳＳＳ（魔or器）　対象：敵ランダム6回　属性：修羅
無数のワームで敵を乱れ打ちにする究極奥義","","157:ワームエンプレス（Lv4）","0","0","18","灾难蠕虫","触手技","威力：ＳＳＳ（魔or器）　対象：敵ランダム6回　属性：修羅
用无数蠕虫对敌人进行疯狂打击的究极奥义","","157:蠕虫女皇（Lv4）","55"
"2796","カレスワーム","触手技","威力：Ｃ（魔or器）　対象：敵単体　属性：快楽　効果：ヌルヌル
ワームで敵を愛撫する快楽技","","155:ワームサマナー（Lv2）；208:ダークエルフ（Lv2）","0","0","4","卡雷斯蠕虫","触手技","威力：Ｃ（魔or器）　対象：敵単体　属性：快楽　効果：ヌルヌル
用蠕虫爱抚敌人的快乐技","","155:蠕虫召唤师（Lv2）；208:暗精灵（Lv2）","55"
"2797","ヘブンズワーム","触手技","威力：Ａ（魔or器）　対象：敵単体　属性：快楽　効果：拘束・ヌルヌル
ワームで艶めかしい愛撫を与える快楽技","","156:マスターホムンクル（Lv2）","0","0","7","天堂蠕虫","触手技","威力：Ａ（魔or器）　対象：敵単体　属性：快楽　効果：拘束・ヌルヌル
用蠕虫给予艳丽的抚摸的快乐技能","","156:大师人造人（Lv2）","55"
"2798","快楽地獄ワーム","触手技","威力：ＳＳ（魔or器）　対象：敵全体　属性：快楽　効果：ヌルヌル
無数のワームで敵集団を快楽地獄に陥れる触手奥義","","157:ワームエンプレス（Lv15）","0","0","17","快乐地狱蠕虫","触手技","威力：ＳＳ（魔or器）　対象：敵全体　属性：快楽　効果：ヌルヌル
用无数蠕虫使敌群陷入快乐地狱的触手奥义","","157:蠕虫女皇（Lv15）","55"
"2799","ドレインワーム","触手技","威力：Ｄ（魔or器）　対象：敵単体　属性：快楽　効果：HP吸収
搾精ワームで敵のHPを吸収する技","","155:ワームサマナー（Lv4）；208:ダークエルフ（Lv7）","0","0","3","吸精虫","触手技","威力：Ｄ（魔or器）　対象：敵単体　属性：快楽　効果：HP吸収
榨精虫吸取敌人HP的技能","","155:蠕虫召唤师（Lv4）；208:暗精灵（Lv7）","55"
"2800","ローズワーム","触手技","対象：敵単体　属性：快楽　効果：MP吸収
搾精ワームで敵のMPを吸収する技","","156:マスターホムンクル（Lv8）；209:アークエルフ（Lv6）","0","0","4","蔷薇虫","触手技","対象：敵単体　属性：快楽　効果：MP吸収
榨精虫吸取敌人MP的技能","","156:大师人造人（Lv8）；209:大精灵（Lv6）","55"
"2801","ボアワーム","触手技","対象：敵単体　効果：捕食
拘束状態の相手をワームで取り込む捕食技","","156:マスターホムンクル（Lv6）","0","0","1","巨兽虫","触手技","対象：敵単体　効果：捕食
用虫子吞噬被拘束的对手的捕食技能","","156:大师人造人（Lv6）","55"
"2802","デボラ・フラットメア","触手技","対象：敵全体　効果：消化・恍惚・拘束・捕食
拘束・恍惚・消化状態の敵集団をまとめて取り込む捕食奥義","","157:ワームエンプレス（Lv12）","0","0","5","黛博拉・弗拉特梅尔","触手技","対象：敵全体　効果：消化・恍惚・拘束・捕食
将处于拘束・恍惚・消化状态的敌群一并吞噬的捕食奥义","","157:蠕虫女皇（Lv12）","55"
"2803","消化空間・蕩溶戒界","触手技","威力：ＺＺ（魔or器）　対象：敵全体　属性：ナイトメア・銀河　効果：消化・ヌルヌル・恍惚・拘束・捕食
空間そのものに侵蝕し、溶解消化してしまう究極混沌捕食技","","7413:万魔の宿主（Lv20）","0","0","50","消化空间・荡溶戒界","触手技","威力：ＺＺ（魔or器）　対象：敵全体　属性：ナイトメア・銀河　効果：消化・ヌルヌル・恍惚・拘束・捕食
侵蚀空间本身，溶解消化的究极混沌捕食技","","7413:万魔之宿主（Lv20）","55"
"2810","麻痺触手","触手技","威力：Ｄ（力or器）　対象：敵単体　効果：麻痺
毒針を仕込んだ触手で敵を麻痺させる","","304:深海搾精種（Lv2）","0","0","3","麻痹触手","触手技","威力：Ｄ（力or器）　対象：敵単体　効果：麻痺
用带有毒针的触手使敌人麻痹","","304:深海榨精种（Lv2）","55"
"2811","猛毒触手","触手技","威力：Ｄ（力or器）　対象：敵単体　効果：毒
毒針を仕込んだ触手で敵を毒にする","","301:海棲種（Lv10）","0","0","3","猛毒触手","触手技","威力：Ｄ（力or器）　対象：敵単体　効果：毒
用装有毒针的触手使敌人中毒","","301:海栖种（Lv10）","55"
"2812","催淫触手","触手技","威力：Ｃ（力or器）　対象：敵単体　属性：快楽　効果：敏感・恍惚
毒針を仕込んだ触手で敵を快楽に悶えさせる","","302:海洋搾精種（Lv6）","0","0","4","催淫触手","触手技","威力：Ｃ（力or器）　対象：敵単体　属性：快楽　効果：敏感・恍惚
毒针植入的触手让敌人陷入快乐中挣扎","","302:海洋榨精种（Lv6）","55"
"2813","即死の触手","触手技","威力：Ｄ（力or器）　対象：敵単体　効果：即死
毒針を仕込んだ触手で敵を即死させる","","303:マリンプリンセス（Lv3）","0","0","3","即死触手","触手技","威力：Ｄ（力or器）　対象：敵単体　効果：即死
毒针植入的触手让敌人立即死亡","","303:海洋公主（Lv3）","55"
"2814","失禁の触手","触手技","威力：Ｄ（力or器）　対象：敵単体　効果：失禁
毒針を仕込んだ触手で敵を失禁させる","","303:マリンプリンセス（Lv6）","0","0","3","失禁的触手","触手技","威力：Ｄ（力or器）　対象：敵単体　効果：失禁
用装有毒针的触手使敌人失禁","","303:海洋公主（Lv6）","55"
"2815","スミ","触手技","威力：Ｅ（力or器）　対象：敵単体　属性：バイオ　効果：暗闇
墨を吐き敵の視界を閉ざす技","","265:スキュラ（Lv4）；301:海棲種（Lv5）","0","0","2","墨汁","触手技","威力：Ｅ（力or器）　対象：敵単体　属性：バイオ　効果：暗闇
吐出墨汁使敌人视野封闭的技能","","265:斯库拉（Lv4）；301:海栖种（Lv5）","55"
"2816","闇霧","触手技","威力：Ｄ（力or器）　対象：敵全体　属性：バイオ　効果：暗闇
暗黒の霧を放ち敵を暗闇に閉ざす技","","266:ハイスキュラ（Lv3）；302:海洋搾精種（Lv3）","0","0","3","暗雾","触手技","威力：Ｄ（力or器）　対象：敵全体　属性：バイオ　効果：暗闇
释放黑暗之雾将敌人笼罩在黑暗中的技能","","266:高等斯库拉（Lv3）；302:海洋榨精种（Lv3）","55"
"2817","ナイトメアミスト","触手技","威力：Ｂ（力or器）　対象：敵全体　属性：バイオ　効果：暗闇
闇の毒素を撒き散らし周囲を暗黒で満たす技","","267:エルダースキュラ（Lv5）；303:マリンプリンセス（Lv4）","0","0","6","噩梦迷雾","触手技","威力：Ｂ（力or器）　対象：敵全体　属性：バイオ　効果：暗闇
撒布暗毒素，使周围充满暗黑的技能","","267:长老斯库拉（Lv5）；303:海洋公主（Lv4）","55"
"2818","バイオミスト","触手技","威力：Ｃ（力or器）　対象：敵全体　属性：バイオ
毒の霧を周囲に撒き散らし、敵を毒に冒す技","","294:陸上魔類（Lv4）","0","0","5","生化雾","触手技","威力：Ｃ（力or器）　対象：敵全体　属性：バイオ
撒布毒雾，使敌人中毒的技能","","294:陆上魔类（Lv4）","55"
"2819","アンノウンミスト","触手技","威力：Ｚ（力or器）　対象：敵全体　属性：バイオ・銀河　効果：暗闇
正体不明物質を散布し周囲を混沌で満たす技","","7425:正体不明触手禍（Lv5）","0","0","40","未知迷雾","触手技","威力：Ｚ（力or器）　対象：敵全体　属性：バイオ・銀河　効果：暗闇
散布未知物质，使周围充满混沌的技能","","7425:正体不明触手祸（Lv5）","55"
"2820","テンタクルアップ","触手技","対象：使用者　効果：通常攻撃・触手技連続発動
触手の動きを活発にし、攻撃回数を増やす技","","265:スキュラ（Lv9）","0","0","2","触手提升","触手技","対象：使用者　効果：通常攻撃・触手技連続発動
使触手动作活跃，增加攻击次数的技能","","265:斯库拉（Lv9）","55"
"2821","テンタクルハイアップ","触手技","対象：使用者　効果：通常攻撃・触手技連続発動
触手の動きを活発にし、攻撃回数を増やす技","","266:ハイスキュラ（Lv8）","0","0","4","触手高级提升","触手技","対象：使用者　効果：通常攻撃・触手技連続発動
使触手动作活跃，增加攻击次数的技能","","266:高等斯库拉（Lv8）","55"
"2822","テンタクルエクスアップ","触手技","対象：使用者　効果：通常攻撃・触手技連続発動
触手の動きを活発にし、攻撃回数を増やす技","","267:エルダースキュラ（Lv4）","0","0","6","触手极限提升","触手技","対象：使用者　効果：通常攻撃・触手技連続発動
使触手动作活跃，增加攻击次数的技能","","267:长老斯库拉（Lv4）","55"
"2823","蛇技殺し","触手技","対象：使用者　効果：無効化反撃
2ターンの間、敵の蛇技を無効化し反撃する","","273:インフィニティスキュラ（Lv6）","0","0","4","蛇技杀","触手技","対象：使用者　効果：無効化反撃
2回合内，使敌人的蛇技无效并反击","","273:无限斯库拉（Lv6）","55"
"2824","蛭蟲侵蝕渦","触手技","対象：使用者　効果：触手技5連続発動・全能力小ダウン
全身の触手を解放し触手技が連続発動するが、能力は下がる","","","0","0","12","蛭虫侵蚀涡","触手技","対象：使用者　効果：触手技5連続発動・全能力小ダウン
全身的触手解放，触手技连续发动，但能力下降","","","55"
"2825","蝕肉群体","触手技","対象：使用者　効果：4回行動・全能力小ダウン
4体に分裂し4回行動が可能になるが、能力は下がる","","","0","0","15","蚀肉群体","触手技","対象：使用者　効果：4回行動・全能力小ダウン
分裂成4体，可以4次行动，但能力下降","","","55"
"2830","羽ばたき","翼技","威力：Ｅ（器or速）　対象：敵全体　属性：風
羽を激しくはばたかせ、突風を発生させる技","","274:ハーピー（Lv2）；287:飛竜（Lv2）","0","0","3","振翅","翼技","威力：Ｅ（器or速）　対象：敵全体　属性：風
剧烈拍打翅膀，产生突风的技能","","274:哈比（Lv2）；287:飞龙（Lv2）","56"
"2831","強風","翼技","威力：Ｂ（器or速）　対象：敵全体　属性：風
強靱な羽で激しい突風を巻き起こす技","","275:ウィングハーピー（Lv7）；287:飛竜（Lv6）","0","0","6","强风","翼技","威力：Ｂ（器or速）　対象：敵全体　属性：風
用坚韧的翅膀卷起强烈突风的技能","","275:翼身哈比（Lv7）；287:飞龙（Lv6）","56"
"2832","超風","翼技","威力：Ａ（器or速）　対象：敵全体　属性：風
特殊な羽で吹きすさぶ強風を呼び起こす奥義","","276:エルダーハーピー（Lv8）；288:バハムート（Lv2）","0","0","8","超风","翼技","威力：Ａ（器or速）　対象：敵全体　属性：風
用特殊翅膀唤起狂暴强风的奥义","","276:长老哈比（Lv8）；288:巴哈姆特（Lv2）","56"
"2833","女王嵐舞","翼技","威力：Ｓ（器or速）　対象：敵全体　属性：風
女王の力で台風を発生させる奥義","","281:クィーンハーピー（Lv10）","0","0","12","女王风暴舞","翼技","威力：Ｓ（器or速）　対象：敵全体　属性：風
女王之力引发台风的奥义","","281:哈比女王（Lv10）","56"
"2834","威風","翼技","威力：ＳＳＳ（器or速）　対象：敵全体　属性：ハドロン
神鳥の威をもって招来される究極無尽の嵐","","282:神鳥（Lv20）","0","0","21","威风","翼技","威力：ＳＳＳ（器or速）　対象：敵全体　属性：ハドロン
神鸟之威招来的究极无尽风暴","","282:神鸟（Lv20）","56"
"2835","グライダースパイク","翼技","威力：Ｂ（力or速）　対象：敵単体
高速飛翔しながら体当たりする攻撃技","","279:エイビス（Lv7）","0","0","5","滑翔者突刺","翼技","威力：Ｂ（力or速）　対象：敵単体
高速飞翔同时进行冲撞的攻击技","","279:龙鸟（Lv7）","56"
"2836","破壊の翼","翼技","威力：Ｓ（力or速）　対象：敵単体
強靱な翼に破壊の力を込めて叩き付ける奥義","","280:ガルーダ（Lv6）","0","0","10","破坏之翼","翼技","威力：Ｓ（力or速）　対象：敵単体
强韧的翼蕴含破坏之力猛击的奥义","","280:迦楼罗（Lv6）","56"
"2837","虚無の翼","翼技","威力：Ｚ（力or速）　対象：敵単体　属性：修羅・銀河
虚無の力で大翼を振るう混沌奥義","","7426:フェニックス（Lv5）","0","0","30","虚无之翼","翼技","威力：Ｚ（力or速）　対象：敵単体　属性：修羅・銀河
虚无之力挥动大翼的混沌奥义","","7426:凤凰（Lv5）","56"
"2838","エイビスの早贄","翼技","威力：Ｃ（力or速）　対象：敵単体　効果：獣・虫特攻
獣や虫を引き裂き、餌食にする大怪鳥の一撃","","279:エイビス（Lv4）","0","0","4","龙鸟的早贄","翼技","威力：Ｃ（力or速）　対象：敵単体　効果：獣・虫特攻
撕裂野兽和昆虫，将其作为食物的大怪鸟一击","","279:龙鸟（Lv4）","56"
"2839","蛇喰らい","翼技","威力：Ｂ（力or速）　対象：敵単体　効果：ラミア特攻
蛇系の魔物を餌食にする大怪鳥の一撃","","280:ガルーダ（Lv4）","0","0","5","蛇噬","翼技","威力：Ｂ（力or速）　対象：敵単体　効果：ラミア特攻
将蛇系魔物作为食物的大怪鸟一击","","280:迦楼罗（Lv4）","56"
"2840","触手喰らい","翼技","威力：Ｂ（力or速）　対象：敵単体　効果：スキュラ特攻
触手系の魔物を餌食にする大怪鳥の一撃","","280:ガルーダ（Lv5）","0","0","5","触手噬","翼技","威力：Ｂ（力or速）　対象：敵単体　効果：スキュラ特攻
将触手系魔物作为食物的大怪鸟一击","","280:迦楼罗（Lv5）","56"
"2841","羽根愛撫","翼技","威力：Ｅ（器or速）　対象：敵単体　属性：快楽　効果：敏感
柔らかな羽根でくすぐり愛撫する快楽技","","274:ハーピー（Lv8）","0","0","2","羽抚","翼技","威力：Ｅ（器or速）　対象：敵単体　属性：快楽　効果：敏感
用柔软的羽毛轻轻爱抚的快乐技","","274:哈比（Lv8）","56"
"2842","鳥妖の足コキ","翼技","威力：Ｃ（器or速）　対象：敵単体　属性：快楽
独特の形状の足で性器を刺激する快楽技","","275:ウィングハーピー（Lv6）","0","0","4","鸟妖的足交","翼技","威力：Ｃ（器or速）　対象：敵単体　属性：快楽
用独特的形状的脚刺激性器的快乐技","","275:翼身哈比（Lv6）","56"
"2843","鳥妖の名器","翼技","威力：Ａ（器or速）　対象：敵単体　属性：快楽　効果：拘束
特有の名器で相手を犯す快楽技","","276:エルダーハーピー（Lv5）","0","0","7","鸟妖的名器","翼技","威力：Ａ（器or速）　対象：敵単体　属性：快楽　効果：拘束
用特有的名器侵犯对手的快乐技","","276:长老哈比（Lv5）","56"
"2844","ハピネス・ロンド","翼技","威力：Ｓ（器or速）　対象：敵単体　属性：快楽　効果：拘束
女王の肉壺で相手を犯し抜く快楽奥義","","281:クィーンハーピー（Lv4）","0","0","10","幸福・轮舞","翼技","威力：Ｓ（器or速）　対象：敵単体　属性：快楽　効果：拘束
用女王的肉壶彻底侵犯对手的快乐奥义","","281:哈比女王（Lv4）","56"
"2850","ニードル","虫技","威力：Ｅ（力or防）　対象：敵単体　効果：毒・麻痺
腹部に備わった毒針を相手に突き刺す攻撃技","","309:妖虫（Lv2）","0","0","1","针","虫技","威力：Ｅ（力or防）　対象：敵単体　効果：毒・麻痺
用腹部装备的毒针刺向对手的攻击技","","309:妖虫（Lv2）","57"
"2851","サウザンドニードル","虫技","威力：Ｃ（力or防）　対象：敵単体　効果：毒・麻痺
腹部の毒針を何度も突き刺す攻撃技","","310:闇蟲（Lv2）","0","0","4","千针","虫技","威力：Ｃ（力or防）　対象：敵単体　効果：毒・麻痺
多次用腹部的毒针刺向对手的攻击技","","310:暗虫（Lv2）","57"
"2852","ナイトメアニードル","虫技","威力：Ａ（力or防）　対象：敵全体　効果：毒・麻痺
敵全体に毒針を乱れ撃つ奥義","","311:冥蟲（Lv2）","0","0","8","噩梦之针","虫技","威力：Ａ（力or防）　対象：敵全体　効果：毒・麻痺
对全体敌人乱击毒针的奥义","","311:冥虫（Lv2）","57"
"2853","フェロモン針","虫技","威力：Ｃ（力or防）　対象：敵単体　効果：誘惑
フェロモンを含んだ毒針で敵を誘惑する技","","312:レギオン（Lv2）","0","0","4","费洛蒙针","虫技","威力：Ｃ（力or防）　対象：敵単体　効果：誘惑
含有费洛蒙的毒针诱惑敌人的技能","","312:军团（Lv2）","57"
"2854","クロー","虫技","威力：Ｄ（力or防）　対象：敵単体
鋭い爪で斬撃を放つ攻撃技","","309:妖虫（Lv8）","0","0","2","爪击","虫技","威力：Ｄ（力or防）　対象：敵単体
用锐利的爪子进行斩击的攻击技能","","309:妖虫（Lv8）","57"
"2855","ツインシックル","虫技","威力：Ｂ（力or防）　対象：敵単体2回
腕に備わった鎌で二連撃を繰り出す攻撃技","","310:闇蟲（Lv8）","0","0","5","双镰","虫技","威力：Ｂ（力or防）　対象：敵単体2回
用装备在手臂上的镰进行二连击的攻击技能","","310:暗虫（Lv8）","57"
"2856","ルナティッククロー","虫技","威力：Ｓ（力or防）　対象：敵単体
最高の硬度と鋭さを持つ爪で敵を引き裂く奥義","","311:冥蟲（Lv6）","0","0","10","月蚀爪击","虫技","威力：Ｓ（力or防）　対象：敵単体
用拥有最高硬度和锐度的爪子撕裂敌人的奥义","","311:冥虫（Lv6）","57"
"2857","マザークロー","虫技","威力：ＳＳ（力or防）　対象：敵単体
女王の爪を乱舞させ敵を斬り刻む奥義","","317:クィーンインセクト（Lv2）","0","0","14","母爪","虫技","威力：ＳＳ（力or防）　対象：敵単体
女王的爪子乱舞斩击敌人的奥义","","317:昆虫女王（Lv2）","57"
"2858","干渉波クロー","虫技","威力：ＳＳＳ（力or防）　対象：敵単体　属性：修羅・音波　効果：スロウ・ストップ特攻
干渉波を放ちながらのクローで敵を両断する究極奥義","","318:神蟲（Lv8）","0","0","18","干涉波之爪","虫技","威力：ＳＳＳ（力or防）　対象：敵単体　属性：修羅・音波　効果：スロウ・ストップ特攻
释放干涉波的同时用爪子将敌人斩断的究极奥义","","318:神虫（Lv8）","57"
"2859","振動波","虫技","威力：Ｂ（力or防）　対象：敵全体　属性：音波
外殻を振動させ干渉波を発生させる攻撃技","","310:闇蟲（Lv10）","0","0","6","振动波","虫技","威力：Ｂ（力or防）　対象：敵全体　属性：音波
通过振动外壳产生干涉波的攻击技","","310:暗虫（Lv10）","57"
"2860","ソニックウェイブ","虫技","威力：Ａ（力or防）　対象：敵全体　属性：音波
外殻の振動で音速の波を発生させる技","","311:冥蟲（Lv10）","0","0","8","音速波动","虫技","威力：Ａ（力or防）　対象：敵全体　属性：音波
通过外壳振动产生音速波的技术","","311:冥虫（Lv10）","57"
"2861","マイクロ波シェル","虫技","威力：Ｓ（力or防）　対象：敵全体　属性：音波
外殻の振動でマイクロ波を発生させる奥義","","317:クィーンインセクト（Lv10）","0","0","12","微波外壳","虫技","威力：Ｓ（力or防）　対象：敵全体　属性：音波
通过外壳振动产生微波的奥义","","317:昆虫女王（Lv10）","57"
"2862","レギオンビュート","虫技","威力：Ｓ（力or防）　対象：敵単体
光の鞭で敵に連続攻撃を繰り出す奥義","","313:マザーレギオン（Lv10）","0","0","10","军团鞭击","虫技","威力：Ｓ（力or防）　対象：敵単体
用光之鞭对敌人进行连续攻击的奥义","","313:母军团（Lv10）","57"
"2863","アポカリプスビュート","虫技","威力：Ｚ（力or防）　対象：敵全体　属性：修羅・音波　効果：スロウ・ストップ特攻
光の鞭を乱舞させ敵を壊滅させる究極奥義","","7430:バアル・ゼブブ（Lv5）","0","0","40","末日之鞭","虫技","威力：Ｚ（力or防）　対象：敵全体　属性：修羅・音波　効果：スロウ・ストップ特攻
光之鞭乱舞，毁灭敌人的究极奥义","","7430:巴力・西卜（Lv5）","57"
"2864","殻撃","虫技","威力：Ｅ（力or防）　対象：敵単体　効果：自分もダメージ
強靱な外殻で体当たりを繰り出す攻撃技","","309:妖虫（Lv5）","0","0","0","壳击","虫技","威力：Ｅ（力or防）　対象：敵単体　効果：自分もダメージ
用坚韧的外壳进行冲撞的攻击技能","","309:妖虫（Lv5）","57"
"2865","ヘラクレスシェル","虫技","威力：Ｃ（力or防）　対象：敵単体　効果：自分もダメージ
強靱な外殻で突進し、敵を砕く攻撃技","","310:闇蟲（Lv6）","0","0","1","大力神壳","虫技","威力：Ｃ（力or防）　対象：敵単体　効果：自分もダメージ
用坚韧的外壳突进，粉碎敌人的攻击技能","","310:暗虫（Lv6）","57"
"2866","究極装甲撃","虫技","威力：Ｓ（力or防）　対象：敵単体　効果：自分もダメージ
究極の外殻で吶喊し、敵を粉砕する奥義","","311:冥蟲（Lv8）","0","0","3","究极装甲击","虫技","威力：Ｓ（力or防）　対象：敵単体　効果：自分もダメージ
用究极外壳呐喊，粉碎敌人的奥义","","311:冥虫（Lv8）","57"
"2867","ネバネバ糸","虫技","威力：Ｄ（器or防）　対象：敵単体　属性：快楽　効果：拘束・ヌルヌル
ネバネバの糸で絡め取り、身動きを封じる快楽技","","314:アラクネ（Lv2）","0","0","2","黏黏丝","虫技","威力：Ｄ（器or防）　対象：敵単体　属性：快楽　効果：拘束・ヌルヌル
用黏黏的丝缠住，封住行动的快乐技","","314:阿拉克涅（Lv2）","57"
"2868","アラクネウェブ","虫技","威力：Ｃ（器or防）　対象：敵単体　属性：快楽　効果：拘束・ヌルヌル
蜘蛛の巣に敵を引っ掛け拘束する快楽技","","314:アラクネ（Lv3）","0","0","4","阿拉克涅网","虫技","威力：Ｃ（器or防）　対象：敵単体　属性：快楽　効果：拘束・ヌルヌル
用蜘蛛网将敌人挂住并拘束的快乐技","","314:阿拉克涅（Lv3）","57"
"2869","アラクネ・リプロア","虫技","威力：Ａ（器or防）　対象：敵全体　属性：快楽　効果：拘束・ヌルヌル
無数の蜘蛛の巣で敵集団をまとめて拘束する快楽奥義","","315:アトラク＝ナクア（Lv2）","0","0","8","阿拉克涅・利普罗亚","虫技","威力：Ａ（器or防）　対象：敵全体　属性：快楽　効果：拘束・ヌルヌル
用无数的蜘蛛网将敌人群集一起拘束的快乐奥义","","315:阿特拉克・纳克亚（Lv2）","57"
"2870","陶酔の繭","虫技","威力：Ｃ（器or防）　対象：敵単体　属性：快楽　効果：拘束・恍惚
特別な粘糸で敵をくるみ、繭の中で恍惚に浸らせる快楽技","","","0","0","4","陶醉之茧","虫技","威力：Ｃ（器or防）　対象：敵単体　属性：快楽　効果：拘束・恍惚
用特殊的粘丝包裹敌人，在茧中使其沉浸在恍惚的快乐中","","","57"
"2871","吸精の繭","虫技","威力：Ｄ（器or防）　対象：敵単体　属性：快楽　効果：拘束・HP吸収
特別な粘糸で敵をくるみ、繭の中で精気を吸い取る快楽技","","","0","0","3","吸精的茧","虫技","威力：Ｄ（器or防）　対象：敵単体　属性：快楽　効果：拘束・HP吸収
用特殊的粘丝包裹敌人，在茧中吸取其精气","","","57"
"2872","シルキィロスヘブン","虫技","威力：Ａ（器or防）　対象：敵単体　属性：快楽　効果：拘束・昇天
極楽の粘糸で敵をくるみ、快楽昇天させる奥義","","","0","0","7","丝滑天堂","虫技","威力：Ａ（器or防）　対象：敵単体　属性：快楽　効果：拘束・昇天
用极乐的粘丝包裹敌人，使其快乐升天的奥义","","","57"
"2873","八本足乱撃","虫技","威力：Ａ（器or防）　対象：敵ランダム4回
8本の足で乱撃を繰り出す蜘蛛妖魔の得意技","","314:アラクネ（Lv10）","0","0","6","八足乱击","虫技","威力：Ａ（器or防）　対象：敵ランダム4回
用8条腿进行乱击的蜘蛛妖魔得意技","","314:阿拉克涅（Lv10）","57"
"2874","常世の蜘蛛","虫技","威力：Ｓ（器or防）　対象：敵ランダム8回
8本の足を乱舞させ敵を打撃の渦に巻き込む奥義","","315:アトラク＝ナクア（Lv10）","0","0","10","常世之蜘蛛","虫技","威力：Ｓ（器or防）　対象：敵ランダム8回
挥舞八条腿，将敌人卷入打击漩涡的奥义","","315:阿特拉克・纳克亚（Lv10）","57"
"2875","煉獄の淫蠅","虫技","威力：Ａ（器or防）　対象：敵全体　効果：快楽
無数の子蝿を敵の体にまとわりつかせる快楽技","","","0","0","8","炼狱淫蝇","虫技","威力：Ａ（器or防）　対象：敵全体　効果：快楽
无数的幼蝇附着在敌人的身体上，使其陷入快乐的技能","","","57"
"2876","死蝿の葬列","虫技","威力：ＺＺ（器or防）　対象：敵全体　属性：修羅・終焉・音波　効果：即死
死の蝿を乱舞させ、全てを葬り去る究極奥義","","7430:バアル・ゼブブ（Lv20）","14%当前HP","0","50","死蝇葬列","虫技","威力：ＺＺ（器or防）　対象：敵全体　属性：修羅・終焉・音波　効果：即死
乱舞死蝇，将一切葬送的究极奥义","","7430:巴力・西卜（Lv20）","57"
"2877","集団撃","虫技","威力：Ｃ（力or防）　対象：敵ランダム3回
仲間を呼んで集団で攻撃し、3ターン援護を続ける","","312:レギオン（Lv4）","0","0","5","集体击","虫技","威力：Ｃ（力or防）　対象：敵ランダム3回
召唤同伴进行集体攻击，持续3回合的援护","","312:军团（Lv4）","57"
"2878","一族総攻撃","虫技","威力：Ｓ（力or防）　対象：敵ランダム4回
一族を集結させ一斉攻撃し、5ターン援護を続ける","","313:マザーレギオン（Lv2）","0","0","12","一族总攻击","虫技","威力：Ｓ（力or防）　対象：敵ランダム4回
集结一族，齐攻并持续5回合援护","","313:母军团（Lv2）","57"
"2879","蜘蛛の補食","虫技","対象：敵単体　効果：捕食
蜘蛛の巣に捕らえられた獲物をじっくりと捕食する技","","314:アラクネ（Lv2）","0","0","1","蜘蛛的捕食","虫技","対象：敵単体　効果：捕食
被蜘蛛网捕获的猎物，慢慢捕食的技能","","314:阿拉克涅（Lv2）","57"
"2880","妖蜘蛛の餌食","虫技","対象：敵全体　効果：捕食
巣に捕らえた全ての獲物をまとめて貪り食らう捕食技","","315:アトラク＝ナクア（Lv8）","0","0","2","妖蜘蛛的饵食","虫技","対象：敵全体　効果：捕食
将巢中捕获的所有猎物一起贪婪地吞食的捕食技","","315:阿特拉克・纳克亚（Lv8）","57"
"2881","体液搾取","虫技","威力：Ｄ（器or防）　対象：敵単体　属性：快楽　効果：HP吸収
獲物を捕獲し体液をじゅるじゅると搾取する快楽技","","309:妖虫（Lv9）","0","0","3","体液榨取","虫技","威力：Ｄ（器or防）　対象：敵単体　属性：快楽　効果：HP吸収
捕获猎物并咕噜咕噜地榨取体液的快乐技","","309:妖虫（Lv9）","57"
"2882","ペトラテイル","虫技","威力：Ｂ（器or防）　対象：敵単体　属性：快楽　効果：HP吸収
搾精孔の備わった尻尾で精気を吸い上げる快楽技","","310:闇蟲（Lv5）","0","0","5","佩特拉蒂尔","虫技","威力：Ｂ（器or防）　対象：敵単体　属性：快楽　効果：HP吸収
用带有榨精孔的尾巴吸取精气的快乐技能","","310:暗虫（Lv5）","57"
"2883","産卵地獄","虫技","威力：Ａ（器or防）　対象：敵単体　属性：快楽　効果：拘束
相手を犯しながら卵を植えつける無慈悲な快楽技","","311:冥蟲（Lv5）","0","0","7","产卵地狱","虫技","威力：Ａ（器or防）　対象：敵単体　属性：快楽　効果：拘束
在侵犯对手的同时植入卵的无情快乐技能","","311:冥虫（Lv5）","57"
"2884","蜜たっぷりパイズリ","虫技","威力：Ｃ（器or防）　対象：敵単体　属性：快楽　効果：ヌルヌル・恍惚
蜜を塗った乳房で性器を愛撫する快楽技","","312:レギオン（Lv6）","0","0","4","蜜汁满满乳交","虫技","威力：Ｃ（器or防）　対象：敵単体　属性：快楽　効果：ヌルヌル・恍惚
用涂满蜜的乳房爱抚性器的快乐技能","","312:军团（Lv6）","57"
"2885","蜜吸いフェラ","虫技","威力：Ａ（器or防）　対象：敵単体　属性：快楽　効果：ヌルヌル
蜜を吸うような口遣いで性器を嫐る快楽技","","313:マザーレギオン（Lv6）","0","0","7","蜜吸吮口交","虫技","威力：Ａ（器or防）　対象：敵単体　属性：快楽　効果：ヌルヌル
像吸蜜一样用口技玩弄性器的快乐技","","313:母军团（Lv6）","57"
"2886","股間粘糸責め","虫技","威力：Ｂ（器or防）　対象：敵単体　属性：快楽　効果：ヌルヌル
性器を粘糸まみれにして嫐りたてる快楽技","","314:アラクネ（Lv6）","0","0","5","股间粘丝责","虫技","威力：Ｂ（器or防）　対象：敵単体　属性：快楽　効果：ヌルヌル
让性器沾满粘丝并尽情玩弄的快乐技","","314:阿拉克涅（Lv6）","57"
"2887","種涸らしの糸つぼ","虫技","威力：Ａ（器or防）　対象：敵単体　属性：快楽　効果：拘束・ヌルヌル
糸つぼで相手を犯し、精気を根こそぎ搾り取る快楽技","","315:アトラク＝ナクア（Lv4）","0","0","7","种子枯竭之丝壶","虫技","威力：Ａ（器or防）　対象：敵単体　属性：快楽　効果：拘束・ヌルヌル
用丝囊侵犯对手，彻底榨取精气的快乐技能","","315:阿特拉克・纳克亚（Lv4）","57"
"2888","女王の生殖壺","虫技","威力：ＳＳ（器or防）　対象：敵単体　属性：快楽　効果：HP吸収・拘束
女王の生殖器官で相手を犯し、精気を搾り取る奥義","","317:クィーンインセクト（Lv4）","0","0","14","女王的生殖壶","虫技","威力：ＳＳ（器or防）　対象：敵単体　属性：快楽　効果：HP吸収・拘束
女王的生殖器官侵犯对手，榨取精气的奥义","","317:昆虫女王（Lv4）","57"
"2889","淫蟲大蹂躙","虫技","威力：ＳＳ（器or防）　対象：敵全体　属性：快楽　効果：敏感・絶頂
淫蟲を乱舞させ、敵を蹂躙する快楽奥義","","318:神蟲（Lv17）","0","0","17","淫虫大蹂躏","虫技","威力：ＳＳ（器or防）　対象：敵全体　属性：快楽　効果：敏感・絶頂
让淫虫乱舞，蹂躏敌人的快乐奥义","","318:神虫（Lv17）","57"
"2890","鱗粉","虫技","対象：敵全体　効果：麻痺
鱗粉をばら巻き敵を麻痺させる技","","309:妖虫（Lv4）","0","0","2","鳞粉","虫技","対象：敵全体　効果：麻痺
撒布鳞粉使敌人麻痹的技能","","309:妖虫（Lv4）","57"
"2891","恍惚の鱗粉","虫技","対象：敵全体　効果：恍惚
催淫鱗粉をばら巻き敵を恍惚状態にする技","","310:闇蟲（Lv4）","0","0","3","恍惚的鳞粉","虫技","対象：敵全体　効果：恍惚
撒布催淫鳞粉使敌人陷入恍惚状态的技能","","310:暗虫（Lv4）","57"
"2892","死者の鱗粉","虫技","対象：敵全体　効果：即死
死の鱗粉をばら巻き敵を即死させる技","","311:冥蟲（Lv4）","0","0","5","死者之鳞粉","虫技","対象：敵全体　効果：即死
撒出死亡鳞粉，使敌人立即死亡的技能","","311:冥虫（Lv4）","57"
"2893","灰燼鱗粉","虫技","対象：敵全体　効果：即死・バーン
超高熱の鱗粉をばら巻き敵を灰燼に帰す奥義","","317:クィーンインセクト（Lv6）","0","0","8","灰烬鳞粉","虫技","対象：敵全体　効果：即死・バーン
撒出超高热的鳞粉，将敌人化为灰烬的奥义","","317:昆虫女王（Lv6）","57"
"2894","フェロモンキッス","虫技","威力：Ｅ（器or防）　対象：敵単体　効果：誘惑
フェロモンを含んだキスで相手を誘惑する技","","309:妖虫（Lv7）","0","0","2","费洛蒙之吻","虫技","威力：Ｅ（器or防）　対象：敵単体　効果：誘惑
用含有费洛蒙的吻诱惑对方的技能","","309:妖虫（Lv7）","57"
"2895","集団行動","虫技","対象：使用者　効果：通常攻撃・虫技連続発動
仲間を呼び寄せ、数ターンの間は共に攻撃を繰り出す","","312:レギオン（Lv10）","0","0","2","集体行动","虫技","対象：使用者　効果：通常攻撃・虫技連続発動
召唤同伴，在数回合内共同攻击","","312:军团（Lv10）","57"
"2896","軍団支配者","虫技","対象：使用者　効果：通常攻撃・虫技連続発動
仲間を呼び寄せ、数ターンの間は共に攻撃を繰り出す","","313:マザーレギオン（Lv9）","0","0","5","军团支配者","虫技","対象：使用者　効果：通常攻撃・虫技連続発動
召唤同伴，在数回合内共同攻击","","313:母军团（Lv9）","57"
"2897","集団防御","虫技","対象：使用者　効果：ディフレクト2回
仲間達が生きた壁として立ちはだかり、攻撃を2回防ぐ","","312:レギオン（Lv8）","0","0","2","集体防御","虫技","対象：使用者　効果：ディフレクト2回
同伴们作为活壁阻挡，防御两次攻击","","312:军团（Lv8）","57"
"2898","植物技殺し","虫技","対象：使用者　効果：無効化反撃
2ターンの間、敵の植物技を無効化し反撃する","","318:神蟲（Lv15）","0","0","4","植物技杀手","虫技","対象：使用者　効果：無効化反撃
在2回合内，使敌人的植物技无效并反击","","318:神虫（Lv15）","57"
"2903","ツタ攻撃","植物技","威力：Ｅ（力or器）　対象：敵単体
ツタを鞭のように振るう攻撃技","","206:フォレストエルフ（Lv2）；319:アルラウネ（Lv2）","0","0","1","藤蔓攻击","植物技","威力：Ｅ（力or器）　対象：敵単体
像鞭子一样挥舞藤蔓的攻击技","","206:森林精灵（Lv2）；319:阿娜温（Lv2）","58"
"2904","ツタ薙ぎ","植物技","威力：Ｃ（力or器）　対象：敵全体
ツタで敵全体を薙ぎ払う攻撃技","","206:フォレストエルフ（Lv5）；320:ハイアルラウネ（Lv8）","0","0","4","藤蔓扫荡","植物技","威力：Ｃ（力or器）　対象：敵全体
用藤蔓扫荡全体敌人的攻击技","","206:森林精灵（Lv5）；320:高等阿娜温（Lv8）","58"
"2905","ツタ蹂躙地獄","植物技","威力：Ｓ（力or器）　対象：敵ランダム4回
無数のツタで敵の群れを蹂躙する奥義","","207:ワンダーエルフ（Lv4）；321:慈愛の聖花（Lv2）","0","0","10","藤蔓蹂躏地狱","植物技","威力：Ｓ（力or器）　対象：敵ランダム4回
用无数的藤蔓蹂躏敌群的奥义","","207:奇迹精灵（Lv4）；321:慈爱的圣花（Lv2）","58"
"2906","ツタ愛撫","植物技","威力：Ｅ（器or魔）　対象：敵単体　属性：快楽
ツタで相手の性器を愛撫する快楽技","","206:フォレストエルフ（Lv2）；319:アルラウネ（Lv5）","0","0","1","藤蔓爱抚","植物技","威力：Ｅ（器or魔）　対象：敵単体　属性：快楽
用藤蔓爱抚对方的性器，带来快乐的技巧","","206:森林精灵（Lv2）；319:阿娜温（Lv5）","58"
"2907","ツタ吸精","植物技","威力：Ｃ（器or魔）　対象：敵単体　属性：快楽　効果：HP吸収・拘束
ツタで拘束し、精気を吸い取る快楽技","","207:ワンダーエルフ（Lv2）；320:ハイアルラウネ（Lv6）","0","0","4","藤蔓吸精","植物技","威力：Ｃ（器or魔）　対象：敵単体　属性：快楽　効果：HP吸収・拘束
用藤蔓拘束并吸取精气的快乐技","","207:奇迹精灵（Lv2）；320:高等阿娜温（Lv6）","58"
"2908","メルティイビー","植物技","威力：Ｃ（器or魔）　対象：敵全体　属性：快楽　効果：消化
消化液の滴るツタで相手を溶解する技","","324:食虫淫花（Lv2）","0","0","5","梅尔蒂伊比","植物技","威力：Ｃ（器or魔）　対象：敵全体　属性：快楽　効果：消化
滴着消化液的藤蔓溶解对手的技巧","","324:食虫淫花（Lv2）","58"
"2909","レクイエムイビー","植物技","威力：Ａ（器or魔）　対象：敵全体　属性：快楽　効果：消化・拘束
ツタで敵を絡め取り、大量の消化液でまみれさせる技","","325:ビーナスネペンテス（Lv2）","0","0","8","镇魂曲毒蜂","植物技","威力：Ａ（器or魔）　対象：敵全体　属性：快楽　効果：消化・拘束
用藤蔓缠绕敌人，并用大量消化液覆盖的技巧","","325:维纳斯之花（Lv2）","58"
"2910","快楽地獄のツタ","植物技","威力：ＳＳ（器or魔）　対象：敵全体　属性：快楽　効果：混乱・拘束
無数のツタで敵集団に快楽地獄を味わわせる植物奥義","","327:世界樹花（Lv17）","0","0","17","快乐地狱的藤蔓","植物技","威力：ＳＳ（器or魔）　対象：敵全体　属性：快楽　効果：混乱・拘束
用无数藤蔓让敌群体验快乐地狱的植物奥义","","327:世界树之花（Lv17）","58"
"2911","ツタ巻き付き","植物技","威力：Ｄ（力or器）　対象：敵単体　効果：拘束
ツタで相手の体を巻き取り自由を奪う技","","319:アルラウネ（Lv7）","0","0","2","藤蔓缠绕","植物技","威力：Ｄ（力or器）　対象：敵単体　効果：拘束
用藤蔓缠绕对手的身体，剥夺自由的技巧","","319:阿娜温（Lv7）","58"
"2912","オールバインド","植物技","威力：Ｄ（力or器）　対象：敵全体　効果：拘束
ツタで敵全体を絡め取り自由を奪う技","","320:ハイアルラウネ（Lv2）","0","0","3","全体束缚","植物技","威力：Ｄ（力or器）　対象：敵全体　効果：拘束
用藤蔓缠绕全体敌人，剥夺自由的技巧","","320:高等阿娜温（Lv2）","58"
"2913","淫花吸精","植物技","威力：Ｄ（器or魔）　対象：敵単体　属性：快楽　効果：HP吸収
淫花で相手の精気を搾り取る快楽技","","319:アルラウネ（Lv10）","0","0","3","淫花吸精","植物技","威力：Ｄ（器or魔）　対象：敵単体　属性：快楽　効果：HP吸収
用淫花榨取对手精气的快乐技","","319:阿娜温（Lv10）","58"
"2914","搾死の薔薇","植物技","威力：Ｂ（器or魔）　対象：敵単体　属性：快楽　効果：HP吸収
淫花で相手が力尽きるまで精を搾り尽くす快楽技","","320:ハイアルラウネ（Lv10）","0","0","5","榨死的蔷薇","植物技","威力：Ｂ（器or魔）　対象：敵単体　属性：快楽　効果：HP吸収
用淫花榨取对手精气直到力竭的快乐技","","320:高等阿娜温（Lv10）","58"
"2915","九十九乱れ華","植物技","威力：Ａ（器or魔）　対象：敵全体　属性：快楽　効果：HP吸収
九十九の淫花が乱れ咲き、敵の精気を吸い尽くす奥義","","321:慈愛の聖花（Lv10）","0","0","8","九十九乱华","植物技","威力：Ａ（器or魔）　対象：敵全体　属性：快楽　効果：HP吸収
九十九朵淫花乱舞，吸尽敌人精气的奥义","","321:慈爱的圣花（Lv10）","58"
"2916","散花","植物技","威力：Ａ（器or魔）　対象：敵単体　属性：快楽　効果：即死
命散るまで精を吸い尽くす無慈悲な淫花","","322:ワルラウネ（Lv10）","0","0","6","散花","植物技","威力：Ａ（器or魔）　対象：敵単体　属性：快楽　効果：即死
无情淫花，吸尽精气直至生命消散","","322:恶娜温（Lv10）","58"
"2917","花葬","植物技","威力：Ａ（器or魔）　対象：敵全体　属性：快楽　効果：即死
全身を搾精花で覆い、涸れ果てるまで搾り尽くす奥義","","323:彼岸の魔花（Lv10）","0","0","8","花葬","植物技","威力：Ａ（器or魔）　対象：敵全体　属性：快楽　効果：即死
用榨精花覆盖全身，榨干直至枯竭的奥义","","323:彼岸的魔花（Lv10）","58"
"2918","魔花の搾檻","植物技","威力：Ｃ（器or魔）　対象：敵単体　属性：快楽　効果：HP吸収・拘束
巨大な花びらで包み込み、拘束して精気を搾る快楽技","","","0","0","4","魔花榨槛","植物技","威力：Ｃ（器or魔）　対象：敵単体　属性：快楽　効果：HP吸収・拘束
用巨大的花瓣包裹，拘束并榨取精气的快乐技","","","58"
"2919","魔性の棘","植物技","威力：Ｃ（力or器）　対象：敵全体
トゲを連続で発射する攻撃技","","322:ワルラウネ（Lv2）","0","0","4","魔性之棘","植物技","威力：Ｃ（力or器）　対象：敵全体
连续发射刺的攻击技","","322:恶娜温（Lv2）","58"
"2920","冥府の棘","植物技","威力：Ａ（力or器）　対象：敵全体　効果：即死
冥府の毒を含んだトゲを乱射する奥義","","323:彼岸の魔花（Lv3）","0","0","8","冥府之棘","植物技","威力：Ａ（力or器）　対象：敵全体　効果：即死
乱射蕴含冥府之毒的刺的奥义","","323:彼岸的魔花（Lv3）","58"
"2921","陶酔の芳香","植物技","対象：敵全体　効果：恍惚
嗅いだ者を陶酔に浸らせる魔性の芳香","","319:アルラウネ（Lv9）","0","0","2","陶醉的芳香","植物技","対象：敵全体　効果：恍惚
让闻者沉醉的魔性芳香","","319:阿娜温（Lv9）","58"
"2922","フラワーフレグランス","植物技","対象：敵全体　効果：睡眠
嗅いだ者を甘い眠りに誘う魔性の芳香","","206:フォレストエルフ（Lv4）；320:ハイアルラウネ（Lv4）","0","0","2","花之芬芳","植物技","対象：敵全体　効果：睡眠
让闻者陷入甜美睡眠的魔性芳香","","206:森林精灵（Lv4）；320:高等阿娜温（Lv4）","58"
"2923","失禁の魔香","植物技","対象：敵全体　効果：失禁
嗅いだ者をとろけるような失禁に誘う魔性の芳香","","207:ワンダーエルフ（Lv6）；321:慈愛の聖花（Lv3）","0","0","3","失禁之魔香","植物技","対象：敵全体　効果：失禁
让闻者陷入融化般的失禁的魔性芳香","","207:奇迹精灵（Lv6）；321:慈爱的圣花（Lv3）","58"
"2924","眠りの花粉","植物技","対象：敵全体　効果：睡眠
吸い込んだ者を眠らせる魔性の花粉","","322:ワルラウネ（Lv4）","0","0","2","睡眠的花粉","植物技","対象：敵全体　効果：睡眠
吸入者陷入睡眠的魔性花粉","","322:恶娜温（Lv4）","58"
"2925","石化の花粉","植物技","対象：敵全体　効果：石化
吸い込んだ者を石化させる魔性の花粉","","323:彼岸の魔花（Lv4）","0","0","5","石化的花粉","植物技","対象：敵全体　効果：石化
吸入者将被石化的魔性花粉","","323:彼岸的魔花（Lv4）","58"
"2926","アズテックローズ","植物技","対象：敵全体　効果：即死・絶頂
吸い込んだ者を即死させる猛毒の芳香","","326:クィーンアルラウネ（Lv2）","0","0","6","阿兹特克蔷薇","植物技","対象：敵全体　効果：即死・絶頂
吸入者将被即死的猛毒芳香","","326:阿娜温女王（Lv2）","58"
"2927","終末の芳香","植物技","対象：敵全体　効果：即死・ランダム状態異常
吸い込んだ者を複数の状態異常にする悪夢の芳香","","326:クィーンアルラウネ（Lv7）","0","0","8","终末芳香","植物技","対象：敵全体　効果：即死・ランダム状態異常
吸入者将被多种状态异常的恶梦芳香","","326:阿娜温女王（Lv7）","58"
"2928","苗床の抱擁","植物技","威力：Ｃ（器or魔）　対象：敵単体　属性：快楽　効果：拘束・即死
抱きすくめて胞子を送り込み苗床にする快楽技","","","0","0","4","苗床拥抱","植物技","威力：Ｃ（器or魔）　対象：敵単体　属性：快楽　効果：拘束・即死
紧紧拥抱并植入孢子使其成为苗床的快乐技","","","58"
"2929","胞子苗床地獄","植物技","威力：Ａ（器or魔）　対象：敵全体　属性：快楽　効果：拘束・即死
周囲に胞子を振りまき敵全体を苗床にする奥義","","","0","0","8","孢子苗床地狱","植物技","威力：Ａ（器or魔）　対象：敵全体　属性：快楽　効果：拘束・即死
向四周散播孢子使全体敌人成为苗床的奥义","","","58"
"2930","マンドラゴラの叫び","植物技","対象：敵全体　効果：麻痺
凄まじい叫び声で敵全体を麻痺状態にする固有技","","","0","0","2","曼德拉草的呼喊","植物技","対象：敵全体　効果：麻痺
用惊人的呼喊声使全体敌人陷入麻痹状态的固有技","","","58"
"2931","陶酔のウツボカズラ","植物技","対象：敵単体　効果：捕食
ウツボカズラに落とし込み、恍惚状態の敵を溶かす捕食技","","324:食虫淫花（Lv3）","0","0","1","陶醉的猪笼草","植物技","対象：敵単体　効果：捕食
将敌人投入猪笼草中，使恍惚状态的敌人溶解的捕食技","","324:食虫淫花（Lv3）","58"
"2932","ビーナストラップ","植物技","対象：敵全体　効果：捕食
ハエトリグサで挟み込み、恍惚状態の敵を溶かす捕食技","","325:ビーナスネペンテス（Lv4）","0","0","2","维纳斯陷阱","植物技","対象：敵全体　効果：捕食
用捕蝇草夹住，使恍惚状态的敌人溶解的捕食技","","325:维纳斯之花（Lv4）","58"
"2933","ビーナスネペンテス","植物技","対象：敵全体　効果：毎ターン捕食
巨大ハエトリグサを設置し、毎ターン捕食を行う奥義","","325:ビーナスネペンテス（Lv10）","0","0","3","维纳斯之花","植物技","対象：敵全体　効果：毎ターン捕食
设置巨大的捕蝇草，每回合进行捕食的奥义","","325:维纳斯之花（Lv10）","58"
"2934","癒しの蜜","植物技","対象：味方単体　効果：HP中回復
癒しの蜜で味方単体のHPを回復する","","319:アルラウネ（Lv3）","0","0","2","治愈之蜜","植物技","対象：味方単体　効果：HP中回復
用治愈之蜜恢复我方单体的HP","","319:阿娜温（Lv3）","58"
"2935","祝福の蜜","植物技","対象：味方単体　効果：HP大回復・全状態異常回復
祝福の蜜で味方単体のHPを回復する","","320:ハイアルラウネ（Lv5）","0","0","4","祝福之蜜","植物技","対象：味方単体　効果：HP大回復・全状態異常回復
用祝福的蜜回复我方单体的HP","","320:高等阿娜温（Lv5）","58"
"2936","奇跡の蜜","植物技","対象：味方単体　効果：HP全回復
奇跡の蜜で味方単体を復活させ、全回復させる","","321:慈愛の聖花（Lv5）","0","0","4","奇迹的蜜","植物技","対象：味方単体　効果：HP全回復
用奇迹的蜜复活我方单体，并全回复","","321:慈爱的圣花（Lv5）","58"
"2937","治療の蜜","植物技","対象：味方単体　効果：全状態異常回復
特別な蜜で味方単体の状態異常を治療する","","319:アルラウネ（Lv8）","0","0","2","治疗的蜜","植物技","対象：味方単体　効果：全状態異常回復
用特别的蜜治疗我方单体的状态异常","","319:阿娜温（Lv8）","58"
"2938","快癒の蜜","植物技","対象：味方全体　効果：全状態異常回復
特別な蜜で味方全体の状態異常を治療する","","321:慈愛の聖花（Lv2）","0","0","4","快愈的蜜","植物技","対象：味方全体　効果：全状態異常回復
用特别的蜜治疗我方全体的状态异常","","321:慈爱的圣花（Lv2）","58"
"2939","女王花の蜜","植物技","対象：味方全体　効果：HP全回復・全状態異常回復
女王の蜜で味方全体のHPを全回復する","","326:クィーンアルラウネ（Lv4）","0","0","8","女王花的蜜","植物技","対象：味方全体　効果：HP全回復・全状態異常回復
用女王的蜜全回复我方全体的HP","","326:阿娜温女王（Lv4）","58"
"2940","世界樹の蜜","植物技","対象：味方全体　効果：HP全回復・完全蘇生
世界樹の蜜で味方全体を蘇生し、HPを全回復させる","","327:世界樹花（Lv10）","0","0","15","世界树的蜜","植物技","対象：味方全体　効果：HP全回復・完全蘇生
用世界树的蜜复活我方全体，并全回复HP","","327:世界树之花（Lv10）","58"
"2941","胞子乱舞","植物技","対象：敵全体　効果：毒・暗闇・麻痺
吸い込んだ者に様々な状態異常をもたらす胞子","","","0","0","2","胞子乱舞","植物技","対象：敵全体　効果：毒・暗闇・麻痺
吸入者将受到各种状态异常的胞子","","","58"
"2942","虫技殺し","植物技","対象：使用者　効果：無効化反撃
2ターンの間、敵の虫技を無効化し反撃する","","327:世界樹花（Lv9）","0","0","4","虫技杀","植物技","対象：使用者　効果：無効化反撃
2回合间，使敌方的虫技无效化并反击","","327:世界树之花（Lv9）","58"
"2945","しがみつき","屍技","威力：Ｅ（力）　対象：敵単体　効果：拘束
敵にしがみついて動作を封じる","","328:ゾンビ（Lv5）","0","0","1","紧抱","尸技","威力：Ｅ（力）　対象：敵単体　効果：拘束
紧抱敌人封锁其动作","","328:僵尸（Lv5）","59"
"2946","毒の抱擁","屍技","威力：Ｃ（力）　対象：敵単体　効果：拘束・毒
毒を帯びた肉体でしがみつき、相手も毒にする","","329:ハイアンデッド（Lv2）","0","0","4","毒之拥抱","尸技","威力：Ｃ（力）　対象：敵単体　効果：拘束・毒
用带毒的身体紧抱，使对方也中毒","","329:高级不死族（Lv2）","59"
"2947","感染抱擁","屍技","威力：Ａ（力）　対象：敵単体　効果：拘束・ゾンビ
相手にしがみつき、ゾンビを感染させる","","330:マスターアンデッド（Lv2）","0","0","7","感染拥抱","尸技","威力：Ａ（力）　対象：敵単体　効果：拘束・ゾンビ
紧抱对方，使其感染僵尸","","330:大师不死族（Lv2）","59"
"2948","むしゃぶりつき","屍技","威力：Ｅ（力）　対象：敵単体　効果：ゾンビ
敵にむしゃぶりつき、噛み付く攻撃技","","328:ゾンビ（Lv2）","0","0","2","猛吸","尸技","威力：Ｅ（力）　対象：敵単体　効果：ゾンビ
对敌人猛吸，咬住的攻击技","","328:僵尸（Lv2）","59"
"2949","ネクロファング","屍技","威力：Ｂ（力）　対象：敵単体2回　属性：バイオ　効果：ゾンビ
毒の牙で敵にむしゃぶりつく攻撃技","","329:ハイアンデッド（Lv8）；341:ミミック（Lv6）","0","0","5","死灵之牙","尸技","威力：Ｂ（力）　対象：敵単体2回　属性：バイオ　効果：ゾンビ
用毒牙对敌人猛吸的攻击技","","329:高级不死族（Lv8）；341:宝箱怪（Lv6）","59"
"2950","マッドネスグレイブ","屍技","威力：Ａ（力）　対象：敵単体3回　属性：バイオ　効果：即死・ゾンビ
猛毒の牙でむしゃぶりつき、絶命させる攻撃技","","330:マスターアンデッド（Lv7）；342:パンドラ（Lv6）","0","0","7","疯狂之刃","尸技","威力：Ａ（力）　対象：敵単体3回　属性：バイオ　効果：即死・ゾンビ
用猛毒之牙猛吸，致命的攻击技","","330:大师不死族（Lv7）；342:潘多拉（Lv6）","59"
"2951","包帯撃","屍技","威力：Ｃ（力or魔）　対象：敵単体　効果：ゾンビ
魔力を帯びた包帯を伸ばし打撃を与える攻撃技","","331:マミー（Lv2）","0","0","4","绷带击","尸技","威力：Ｃ（力or魔）　対象：敵単体　効果：ゾンビ
伸长带魔力的绷带进行打击的攻击技","","331:木乃伊（Lv2）","59"
"2952","包帯乱舞","屍技","威力：Ｓ（力or魔）　対象：敵ランダム4回　効果：ゾンビ
魔力を帯びた包帯を乱舞させる奥義","","332:イシス（Lv2）","0","0","10","绷带乱舞","尸技","威力：Ｓ（力or魔）　対象：敵ランダム4回　効果：ゾンビ
乱舞带魔力的绷带的奥义","","332:伊西斯（Lv2）","59"
"2953","鬼火","屍技","威力：Ｄ（魔or器）　対象：敵単体　属性：炎
邪念で発火現象を起こす技","","336:ゴースト（Lv4）","0","0","2","鬼火","尸技","威力：Ｄ（魔or器）　対象：敵単体　属性：炎
用邪念引发发火现象的技能","","336:幽灵（Lv4）","59"
"2954","エビルフィアー","屍技","威力：Ｃ（魔or器）　対象：敵全体　属性：炎
邪念で炎を発生させる技","","337:エビルミスト（Lv4）","0","0","4","邪恶之炎","尸技","威力：Ｃ（魔or器）　対象：敵全体　属性：炎
用邪念产生火焰的技能","","337:邪恶迷雾（Lv4）","59"
"2955","バーンソウル","屍技","威力：Ａ（魔or器）　対象：敵全体　属性：炎
怨念の力で業火を発生させ、焼き払う奥義","","338:マスターシャドウ（Lv2）","0","0","8","燃烧灵魂","尸技","威力：Ａ（魔or器）　対象：敵全体　属性：炎
用怨念之力产生业火，烧尽一切的奥义","","338:幽影之主（Lv2）","59"
"2956","アークインフェルノ","屍技","威力：ＳＳ（魔or器）　対象：敵全体　属性：核熱
強大な魔力で灼熱地獄を招来し、敵を滅ぼす奥義","","343:エターニティ（Lv12）","0","0","17","地狱之炎","尸技","威力：ＳＳ（魔or器）　対象：敵全体　属性：核熱
用强大的魔力召唤灼热地狱，毁灭敌人的奥义","","343:永恒（Lv12）","59"
"2957","ファラオの呪い","屍技","威力：Ｂ（力or魔）　対象：敵単体　属性：バイオ　効果：ミニマム・石化
太古の怨念により敵を呪い状態にする技","","331:マミー（Lv10）","0","0","5","法老的诅咒","尸技","威力：Ｂ（力or魔）　対象：敵単体　属性：バイオ　効果：ミニマム・石化
太古的怨念使敌人陷入诅咒状态的技能","","331:木乃伊（Lv10）","59"
"2958","ソーラーエクリプス","屍技","威力：Ａ（力or魔）　対象：敵全体　属性：バイオ・銀河　効果：ミニマム・石化
太古の禁術で天体の運行を操作し、全土に呪いを及ぼす奥義","","332:イシス（Lv10）","0","0","8","日食","尸技","威力：Ａ（力or魔）　対象：敵全体　属性：バイオ・銀河　効果：ミニマム・石化
太古禁术操控天体运行，对全境施加诅咒的奥义","","332:伊西斯（Lv10）","59"
"2959","憑依","屍技","対象：敵単体　効果：即死
敵に憑依し、絶命させる技","","337:エビルミスト（Lv6）","0","0","3","附身","尸技","対象：敵単体　効果：即死
附身于敌人，使其绝命的技能","","337:邪恶迷雾（Lv6）","59"
"2960","毒のキッス","屍技","威力：Ｅ（力or器）　対象：敵単体　属性：快楽　効果：バイオ弱点
ディープキスで毒を送り込む快楽技","","328:ゾンビ（Lv7）","0","0","2","毒吻","尸技","威力：Ｅ（力or器）　対象：敵単体　属性：快楽　効果：バイオ弱点
深吻将毒送入体内的快乐技能","","328:僵尸（Lv7）","59"
"2961","渇望の口淫","屍技","威力：Ｅ（力or器）　対象：敵単体　属性：快楽　効果：ヌルヌル
乾きを満たすように激しい口淫技","","328:ゾンビ（Lv6）","0","0","2","渴望的口交","尸技","威力：Ｅ（力or器）　対象：敵単体　属性：快楽　効果：ヌルヌル
为了满足干渴而进行的激烈口交技能","","328:僵尸（Lv6）","59"
"2962","背徳の電気按摩","屍技","威力：Ｃ（力or器）　対象：敵単体　属性：物理・快楽　効果：麻痺
相手の股間に激しい上下振動を与える容赦ない足技","","329:ハイアンデッド（Lv4）","0","0","4","背德的电击按摩","尸技","威力：Ｃ（力or器）　対象：敵単体　属性：物理・快楽　効果：麻痺
对敌人胯间施加激烈上下振动的无情腿技","","329:高级不死族（Lv4）","59"
"2963","実りなき生殖","屍技","威力：Ａ（力or器）　対象：敵単体　属性：快楽　効果：拘束
生殖機能を失った女性器を用いて相手を犯す快楽技","","330:マスターアンデッド（Lv4）","0","0","7","无果的生殖","尸技","威力：Ａ（力or器）　対象：敵単体　属性：快楽　効果：拘束
使用失去生殖功能的女阴侵犯敌人的快乐技能","","330:大师不死族（Lv4）","59"
"2964","ミイラバンデージ","屍技","威力：Ｃ（器or魔）　対象：敵単体　属性：快楽　効果：拘束
包帯で相手を拘束し、全身を愛撫する快楽技","","331:マミー（Lv6）","0","0","4","木乃伊捆绑","尸技","威力：Ｃ（器or魔）　対象：敵単体　属性：快楽　効果：拘束
用绷带拘束敌人，全身爱抚的快乐技能","","331:木乃伊（Lv6）","59"
"2965","ミイラパッケージ","屍技","威力：Ａ（器or魔）　対象：敵単体　属性：快楽　効果：拘束・HP吸収
包帯で相手を完全に巻き取り、精気を搾り取る奥義","","332:イシス（Lv6）","0","0","7","木乃伊包裹","尸技","威力：Ａ（器or魔）　対象：敵単体　属性：快楽　効果：拘束・HP吸収
用绷带完全包裹敌人，榨取精气的奥义","","332:伊西斯（Lv6）","59"
"2966","ゴーストタッチ","屍技","威力：Ｅ（器or魔）　対象：敵単体　属性：快楽　効果：HP吸収・敏感
幽体の掌で相手を愛撫し、精気を吸い取る快楽技","","336:ゴースト（Lv2）","0","0","2","幽灵之触","尸技","威力：Ｅ（器or魔）　対象：敵単体　属性：快楽　効果：HP吸収・敏感
用幽灵的手掌爱抚敌人，吸取精气的快乐技","","336:幽灵（Lv2）","59"
"2967","ゴーストリップ","屍技","威力：Ｃ（器or魔）　対象：敵単体　属性：快楽　効果：HP吸収・恍惚
幽体の唇で性器を吸い、精を搾り取る快楽技","","337:エビルミスト（Lv2）","0","0","4","幽灵剥离","尸技","威力：Ｃ（器or魔）　対象：敵単体　属性：快楽　効果：HP吸収・恍惚
用幽灵的唇吸吮性器，榨取精气的快乐技","","337:邪恶迷雾（Lv2）","59"
"2968","ゴーストレイプ","屍技","威力：Ａ（器or魔）　対象：敵単体　属性：快楽　効果：HP吸収・拘束
幽体で相手を犯し、精気を搾り尽くす快楽技","","338:マスターシャドウ（Lv4）","0","0","7","幽灵强奸","尸技","威力：Ａ（器or魔）　対象：敵単体　属性：快楽　効果：HP吸収・拘束
用幽灵侵犯对手，榨取精气的快乐技","","338:幽影之主（Lv4）","59"
"2969","びっくり箱","屍技","対象：敵全体　効果：スタン
箱から飛び出て相手を脅かしスタンさせる固有技","","341:ミミック（Lv3）","0","0","3","惊吓箱","尸技","対象：敵全体　効果：スタン
从箱子里跳出来吓唬对手使其眩晕的固有技","","341:宝箱怪（Lv3）","59"
"2970","ミミックボア","屍技","対象：敵単体　効果：捕食
驚いている相手を捕食してしまうミミックの固有技","","341:ミミック（Lv2）","0","0","1","宝箱怪吞噬","尸技","対象：敵単体　効果：捕食
惊吓的对手被宝箱怪吞噬的固有技","","341:宝箱怪（Lv2）","59"
"2971","パンドラボア","屍技","対象：敵全体　効果：捕食
驚いている相手をまとめて捕食するミミックの奥義","","342:パンドラ（Lv8）","0","0","2","潘多拉吞噬","尸技","対象：敵全体　効果：捕食
惊吓的对手被宝箱怪集体吞噬的奥义","","342:潘多拉（Lv8）","59"
"2972","霊体化","屍技","対象：使用者　効果：回避率大アップ・魔法回避率大ダウン
体を完全に霊体と化し、物理攻撃を回避する特技","","336:ゴースト（Lv7）","0","0","3","灵体化","尸技","対象：使用者　効果：回避率大アップ・魔法回避率大ダウン
将身体完全化为灵体，回避物理攻击的特技","","336:幽灵（Lv7）","59"
"2978","マイクロドリル","造技","威力：Ｅ（力or器）　対象：敵単体
腕に仕込んだ小型ドリルで敵を貫く攻撃技","","344:ドール（Lv2）；7401:試作ロイド（Lv2）","0","0","1","微型钻头","造技","威力：Ｅ（力or器）　対象：敵単体
用安装在手臂上的小型钻头贯穿敌人的攻击技","","344:人偶（Lv2）；7401:试作型机器人（Lv2）","60"
"2979","ドリルアーツ","造技","威力：Ｃ（力or器）　対象：敵全体
体に仕込んだドリルで敵全体を薙ぎ払う攻撃技","","345:エビルマータ（Lv6）","0","0","5","钻头技艺","造技","威力：Ｃ（力or器）　対象：敵全体
用身体上安装的钻头横扫全体敌人的攻击技","","345:邪恶标记（Lv6）","60"
"2980","火炎放射","造技","威力：Ｄ（器）　対象：敵全体　属性：炎
体に仕込まれた火炎放射器で敵全体を焼き払う","","344:ドール（Lv7）；7401:試作ロイド（Lv6）","0","0","3","火焰喷射","造技","威力：Ｄ（器）　対象：敵全体　属性：炎
用身体上安装的火焰喷射器烧灭全体敌人","","344:人偶（Lv7）；7401:试作型机器人（Lv6）","60"
"2981","冷凍放射","造技","威力：Ｄ（器）　対象：敵全体　属性：氷
冷凍放射器を作動させ敵全体を凍結させる","","344:ドール（Lv8）","0","0","3","冷冻喷射","造技","威力：Ｄ（器）　対象：敵全体　属性：氷
启动冷冻喷射器冻结全体敌人","","344:人偶（Lv8）","60"
"2982","ヒートスマッシュ","造技","威力：Ｃ（力or器）　対象：敵単体　属性：炎
拳を加熱し、高熱の打撃を叩き込む","","345:エビルマータ（Lv2）","0","0","4","热能猛击","造技","威力：Ｃ（力or器）　対象：敵単体　属性：炎
加热拳头，施加高温打击","","345:邪恶标记（Lv2）","60"
"2983","ヒートラッシュ","造技","威力：Ｓ（力or器）　対象：敵ランダム3回　属性：炎
加熱した拳で連続攻撃を繰り出す","","346:フォースドール（Lv2）","0","0","10","热能冲击","造技","威力：Ｓ（力or器）　対象：敵ランダム3回　属性：炎
用加热的拳头进行连续攻击","","346:强制人偶（Lv2）","60"
"2984","アイススマッシュ","造技","威力：Ｃ（力or器）　対象：敵単体　属性：氷
拳を冷却し、低温の打撃を叩き込む","","345:エビルマータ（Lv3）","0","0","4","冰冻猛击","造技","威力：Ｃ（力or器）　対象：敵単体　属性：氷
冷却拳头，施加低温打击","","345:邪恶标记（Lv3）","60"
"2985","アイスチャージ","造技","威力：Ｓ（力or器）　対象：敵単体3回　属性：氷
冷却した拳で敵単体を集中攻撃する","","346:フォースドール（Lv4）","0","0","10","冰冻充能","造技","威力：Ｓ（力or器）　対象：敵単体3回　属性：氷
用冷却的拳头对单体敌人进行集中攻击","","346:强制人偶（Lv4）","60"
"2986","分解撃","造技","威力：Ｂ（力or器）　対象：敵ランダム4回
頭や手足を分離させ、バラバラに攻撃を仕掛ける","","345:エビルマータ（Lv10）","0","0","5","分解攻击","造技","威力：Ｂ（力or器）　対象：敵ランダム4回
分离头部和四肢，进行分散攻击","","345:邪恶标记（Lv10）","60"
"2987","ドールズシージ","造技","威力：Ｓ（力or器）　対象：敵ランダム4回
体を分離させ四方から攻撃を仕掛ける奥義","","346:フォースドール（Lv10）","0","0","10","人偶战术","造技","威力：Ｓ（力or器）　対象：敵ランダム4回
分离身体，从四面八方进行攻击的奥义","","346:强制人偶（Lv10）","60"
"2988","自爆","造技","威力：可変　対象：敵全体
自爆装置を作動させ、周囲を吹き飛ばす","","344:ドール（Lv9）；7401:試作ロイド（Lv5）","0","0","0","自爆","造技","威力：可変　対象：敵全体
启动自爆装置，炸飞周围","","344:人偶（Lv9）；7401:试作型机器人（Lv5）","60"
"2989","ジェノサイドボム","造技","威力：可変　対象：敵全体
体内に仕込まれた核爆弾を作動させる最終奥義","","346:フォースドール（Lv7）；7403:ナノアンドロイド（Lv6）","0","0","0","种族灭绝炸弹","造技","威力：可変　対象：敵全体
启动体内植入的核弹，最终奥义","","346:强制人偶（Lv7）；7403:纳米仿生人（Lv6）","60"
"2990","マキシマムボム","造技","威力：可変　対象：敵全体
出力を全開にして解き放つ最大規模の自爆技","","353:究極至高人形（Lv17）；7443:アサルトバスター（Lv15）","0","0","0","最大爆炸","造技","威力：可変　対象：敵全体
全功率释放的最大规模自爆技能","","353:究极至高人偶（Lv17）；7443:突击破坏者（Lv15）","60"
"2991","次元陥落","造技","威力：可変　対象：敵全体
事象地平面に陥没を作るほどの次元爆発を起こす自爆技","","7444:シンギュラリティ（Lv15）","0","0","15","次元崩塌","造技","威力：可変　対象：敵全体
引发次元爆炸，制造事件视界崩塌的自爆技能","","7444:奇点（Lv15）","60"
"2992","悪夢の捕食人形","造技","対象：敵全体　効果：捕食
消化・スタン・拘束状態の敵をまとめて捕食する技","","","0","0","3","恶梦的捕食人偶","造技","対象：敵全体　効果：捕食
将处于消化・眩晕・拘束状态的敌人一起捕食的技能","","","60"
"2997","ベクターウィルス","造技","威力：Ｅ（器）　対象：敵全体　属性：バイオ
ウィルスを散布し敵全体を冒す技","","354:キメラ（Lv3）","0","0","2","矢量病毒","造技","威力：Ｅ（器）　対象：敵全体　属性：バイオ
散布病毒使全体敌人中毒的技能","","354:奇美拉（Lv3）","60"
"2998","磁気嵐","造技","威力：Ａ（魔or器）　対象：敵全体　属性：音波
周辺の磁気を操作し乱流を起こす奥義","","356:ギガミュータント（Lv7）","0","0","8","磁暴","造技","威力：Ａ（魔or器）　対象：敵全体　属性：音波
操控周围的磁力引发乱流的奥义","","356:巨型突变体（Lv7）","60"
"2999","パルスフィールド","造技","威力：Ａ（魔or器）　対象：敵全体　属性：雷
電磁波で空間を加熱する攻撃技","","357:魔導キメラ（Lv10）","0","20","0","脉冲场","造技","威力：Ａ（魔or器）　対象：敵全体　属性：雷
用电磁波加热空间的攻击技能","","357:魔导奇美拉（Lv10）","60"
"3000","フォースフィールド","造技","威力：Ｓ（魔or器）　対象：敵全体　属性：雷
特殊な磁場で周囲をプラズマ化する奥義","","358:フォースミュータント（Lv7）","0","30","0","力场","造技","威力：Ｓ（魔or器）　対象：敵全体　属性：雷
用特殊磁场使周围等离子化的奥义","","358:力量突变体（Lv7）","60"
"3001","冷凍光線","造技","威力：Ｂ（器）　対象：敵単体　属性：氷
敵単体を凍結させる光線を放つ","","359:キメラロイド（Lv4）","0","0","5","冷冻光线","造技","威力：Ｂ（器）　対象：敵単体　属性：氷
释放冻结单体敌人的光线","","359:奇美拉机器人（Lv4）","60"
"3002","フロストパルサー","造技","威力：Ａ（器）　対象：敵全体　属性：氷
特殊な磁場を発生させ空間そのものを凍結させる","","360:機神（Lv2）","0","0","8","霜冻脉冲","造技","威力：Ａ（器）　対象：敵全体　属性：氷
产生特殊磁场冻结空间本身","","360:机神（Lv2）","60"
"3003","イグニッションビット","造技","威力：Ｂ（器）　対象：敵全体　属性：雷
敵にビームを放つビットを発射する","","359:キメラロイド（Lv8）","0","0","6","点火比特","造技","威力：Ｂ（器）　対象：敵全体　属性：雷
发射向敌人放出光束的比特","","359:奇美拉机器人（Lv8）","60"
"3004","リーサルビット","造技","威力：Ａ（器）　対象：敵全体　属性：雷
ビームを連続照射するビットを複数発射する","","360:機神（Lv7）","0","0","8","致命比特","造技","威力：Ａ（器）　対象：敵全体　属性：雷
发射多个连续照射光束的比特","","360:机神（Lv7）","60"
"3005","ナノフレア","造技","威力：ＳＳＳ（器）　対象：敵全体　属性：核熱・ナノ
敵全体をナノレベルにまで分解する混沌奥義","","361:ウェポンタイプ（Lv20）","0","0","22","纳米耀斑","造技","威力：ＳＳＳ（器）　対象：敵全体　属性：核熱・ナノ
将全体敌人分解至纳米级别的混沌奥义","","361:武器类型（Lv20）","60"
"3006","ボーカロイドの口遣い","造技","威力：Ｃ（器）　対象：敵単体　属性：快楽
ボーカロイドの口で性奉仕を行う快楽技","","347:ボーカロイド（Lv6）","0","0","4","声乐人偶的口技","造技","威力：Ｃ（器）　対象：敵単体　属性：快楽
声乐人偶的口中进行性侍奉的快乐技","","347:声乐人偶（Lv6）","60"
"3007","ボーカロイドレイプ","造技","威力：Ａ（器）　対象：敵単体　属性：快楽　効果：拘束
性奉仕プログラムに従い相手を犯す快楽技","","348:アカデミードール（Lv7）","0","0","7","声乐人偶强奸","造技","威力：Ａ（器）　対象：敵単体　属性：快楽　効果：拘束
按照性侍奉程序侵犯对方的快乐技","","348:学院人偶（Lv7）","60"
"3008","動力補給","造技","威力：Ｃ（力or器）　対象：敵単体　属性：快楽　効果：HP吸収・拘束
搾精口に相手を捕らえ、動力として精を搾り取る快楽技","","349:ゴーレム（Lv7）","0","0","4","动力补给","造技","威力：Ｃ（力or器）　対象：敵単体　属性：快楽　効果：HP吸収・拘束
用榨精口捕获对方，作为动力榨取精液的快乐技","","349:魔像（Lv7）","60"
"3009","悪夢の抱擁","造技","威力：Ｃ（器or魔）　対象：敵単体　属性：快楽　効果：拘束・絶頂
触手蠢く内部に閉じ込めるアイアンメイデンの固有技","","","0","0","4","恶梦的拥抱","造技","威力：Ｃ（器or魔）　対象：敵単体　属性：快楽　効果：拘束・絶頂
将敌人困在内部蠕动的铁处女的固有技","","","60"
"3010","バキュームテイル","造技","威力：Ｅ（器or速）　対象：敵単体　属性：快楽　効果：HP吸収
尻尾から精気を搾り取る快楽技","","354:キメラ（Lv5）","0","0","2","真空尾","造技","威力：Ｅ（器or速）　対象：敵単体　属性：快楽　効果：HP吸収
用尾巴榨取精气的快乐技","","354:奇美拉（Lv5）","60"
"3011","複乳連姦","造技","威力：Ｃ（器or速）　対象：敵単体　属性：快楽　効果：恍惚
複乳で性器を刺激する快楽技","","355:三種混合体（Lv6）","0","0","4","双乳连奸","造技","威力：Ｃ（器or速）　対象：敵単体　属性：快楽　効果：恍惚
用双乳刺激性器的快乐技","","355:三重混合体（Lv6）","60"
"3012","スプラッシュタン","造技","威力：Ａ（器or速）　対象：敵単体　属性：快楽　効果：ヌルヌル
無数の舌で全身を嫐りたてる快楽技","","356:ギガミュータント（Lv6）","0","0","7","溅射舌","造技","威力：Ａ（器or速）　対象：敵単体　属性：快楽　効果：ヌルヌル
用无数舌头折磨全身的快乐技","","356:巨型突变体（Lv6）","60"
"3013","プラントアーム","造技","威力：Ｂ（器or速）　対象：敵単体　属性：快楽　効果：HP吸収
特殊な機構を備えた腕で性器に快楽を与える技","","359:キメラロイド（Lv6）","0","0","5","植物臂","造技","威力：Ｂ（器or速）　対象：敵単体　属性：快楽　効果：HP吸収
用装备特殊机构的臂给予性器快乐的技","","359:奇美拉机器人（Lv6）","60"
"3014","搾精器プリエストラ","造技","威力：Ｓ（力or器）　対象：敵単体　属性：快楽　効果：拘束・HP吸収
太古の搾精器で全身から精を搾り取る快楽奥義","","360:機神（Lv6）","0","0","10","榨精器普利埃斯特拉","造技","威力：Ｓ（力or器）　対象：敵単体　属性：快楽　効果：拘束・HP吸収
用太古的榨精器从全身榨取精液的快乐奥义","","360:机神（Lv6）","60"
"3015","搾精器ロストエンプレス","造技","威力：ＳＳＳ（力or器）　対象：敵単体　属性：快楽　効果：拘束・HP吸収
究極の搾精器で全身から精を根こそぎ搾り上げる究極快楽奥義","","361:ウェポンタイプ（Lv13）","0","0","18","榨精器洛斯托恩普雷斯","造技","威力：ＳＳＳ（力or器）　対象：敵単体　属性：快楽　効果：拘束・HP吸収
用究极的榨精器从全身彻底榨取精液的究极快乐奥义","","361:武器类型（Lv13）","60"
"3016","怪音波","造技","対象：敵全体　効果：音波弱点
奇妙な音波で、音波属性を弱点にする","","347:ボーカロイド（Lv5）","0","0","2","怪音波","造技","対象：敵全体　効果：音波弱点
用奇妙的音波使音波属性成为弱点","","347:声乐人偶（Lv5）","60"
"3017","遺伝子取り込み","造技","対象：敵単体　効果：捕食
毒状態の敵を体内に取り込み、遺伝子を奪う捕食技","","355:三種混合体（Lv4）","0","0","1","遗传子摄取","造技","対象：敵単体　効果：捕食
将中毒状态的敌人摄入体内，夺取其遗传子的捕食技","","355:三重混合体（Lv4）","60"
"3018","ジェネアビス","造技","対象：敵全体　効果：捕食
敵集団を体内に取り込み、遺伝子を奪う捕食技","","356:ギガミュータント（Lv4）","0","0","2","杰内阿比斯","造技","対象：敵全体　効果：捕食
将敌群摄入体内，夺取其遗传子的捕食技","","356:巨型突变体（Lv4）","60"
"3019","自己再生","造技","対象：使用者　効果：HP中回復
再生機能により自身のHPが回復する","","354:キメラ（Lv8）；7401:試作ロイド（Lv7）","0","0","2","自我再生","造技","対象：使用者　効果：HP中回復
再生功能使自身的HP恢复","","354:奇美拉（Lv8）；7401:试作型机器人（Lv7）","60"
"3020","完全修復","造技","対象：使用者　効果：HP全回復
再生機能により自身のHPが完全回復する","","359:キメラロイド（Lv7）；7402:サイボーグ（Lv6）","0","0","4","完全修复","造技","対象：使用者　効果：HP全回復
再生功能使自身的HP完全恢复","","359:奇美拉机器人（Lv7）；7402:电子人（Lv6）","60"
"3021","リミッター解除","造技","対象：使用者　効果：バーサク・全能力大アップ
リミッターを解除して暴走し、潜在能力を解放する","","344:ドール（Lv5）","0","0","2","解除限制器","造技","対象：使用者　効果：バーサク・全能力大アップ
解除限制器进入暴走状态，释放潜在能力","","344:人偶（Lv5）","60"
"3022","魔導暴走","造技","対象：使用者　効果：バーサク・HP・SPターン大回復
魔導炉を暴走させ、代謝を一気に高める","","350:マスターゴーレム（Lv6）","0","3","0","魔导暴走","造技","対象：使用者　効果：バーサク・HP・SPターン大回復
使魔导炉暴走，迅速提高代谢","","350:大师魔像（Lv6）","60"
"3023","遺伝子活性","造技","対象：使用者　効果：魔物スキル全使用可能
魔物の遺伝子を活性化させ、全ての魔物技スキルタイプが使用できる","","355:三種混合体（Lv7）","0","0","2","遗传子活性","造技","対象：使用者　効果：魔物スキル全使用可能
激活魔物遗传子，所有魔物技能类型均可以使用","","355:三重混合体（Lv7）","60"
"3028","ファイアボール","自然感応","威力：Ｄ（力or魔）　対象：敵単体　属性：炎
自然と感応し、火の玉を発生させる","","214:フェアリー（Lv7）","0","0","3","火球","自然感应","威力：Ｄ（力or魔）　対象：敵単体　属性：炎
自然感应，产生火球","","214:妖精（Lv7）","61"
"3029","火柱","自然感応","威力：Ｃ（力or魔）　対象：敵全体　属性：炎
自然と感応し、火柱を巻き起こす","","219:ダークフェアリー（Lv4）","0","0","5","火柱","自然感应","威力：Ｃ（力or魔）　対象：敵全体　属性：炎
自然感应，引发火柱","","219:暗黑妖精（Lv4）","61"
"3030","マグマ","自然感応","威力：Ａ（力or魔）　対象：敵全体　属性：炎
自然と感応し、マグマを呼び覚ます","","220:アークフェアリー（Lv2）","0","0","8","岩浆","自然感应","威力：Ａ（力or魔）　対象：敵全体　属性：炎
自然感应，唤醒岩浆","","220:大妖精（Lv2）","61"
"3031","氷結","自然感応","威力：Ｄ（魔or器）　対象：敵単体　属性：氷
自然と感応し、敵を氷結させる","","214:フェアリー（Lv8）","0","0","3","冰结","自然感应","威力：Ｄ（魔or器）　対象：敵単体　属性：氷
自然感应，使敌人冰结","","214:妖精（Lv8）","61"
"3032","氷柱","自然感応","威力：Ｃ（魔or器）　対象：敵全体　属性：氷
自然と感応し、氷柱を発生させる","","219:ダークフェアリー（Lv4）","0","0","5","冰柱","自然感应","威力：Ｃ（魔or器）　対象：敵全体　属性：氷
自然感应，产生冰柱","","219:暗黑妖精（Lv4）","61"
"3033","大氷河","自然感応","威力：Ａ（魔or器）　対象：敵全体　属性：氷
自然と感応し、大氷河を呼び覚ます","","220:アークフェアリー（Lv4）","0","0","8","大冰河","自然感应","威力：Ａ（魔or器）　対象：敵全体　属性：氷
自然感应，唤醒大冰河","","220:大妖精（Lv4）","61"
"3034","落雷","自然感応","威力：Ｄ（速or魔）　対象：敵単体　属性：雷
自然と感応し、落雷を発生させる","","214:フェアリー（Lv9）","0","0","3","落雷","自然感应","威力：Ｄ（速or魔）　対象：敵単体　属性：雷
自然感应，产生落雷","","214:妖精（Lv9）","61"
"3035","稲妻","自然感応","威力：Ｃ（速or魔）　対象：敵全体　属性：雷
自然と感応し、稲妻を落とす","","219:ダークフェアリー（Lv4）","0","0","5","闪电","自然感应","威力：Ｃ（速or魔）　対象：敵全体　属性：雷
自然感应，降下闪电","","219:暗黑妖精（Lv4）","61"
"3036","大轟雷","自然感応","威力：Ａ（速or魔）　対象：敵全体　属性：雷
自然と感応し、大轟雷を呼び起こす","","220:アークフェアリー（Lv8）","0","0","8","大轰雷","自然感应","威力：Ａ（速or魔）　対象：敵全体　属性：雷
自然感应，唤起大轰雷","","220:大妖精（Lv8）","61"
"3037","かまいたち","自然感応","威力：Ｄ（速or魔）　対象：敵単体　属性：風
自然と感応し、かまいたちを発生させる","","175:インプ（Lv9）；206:フォレストエルフ（Lv2）；214:フェアリー（Lv2）","0","0","3","镰鼬","自然感应","威力：Ｄ（速or魔）　対象：敵単体　属性：風
与自然共鸣，引发旋风","","175:小恶魔（Lv9）；206:森林精灵（Lv2）；214:妖精（Lv2）","61"
"3038","突風","自然感応","威力：Ｃ（速or魔）　対象：敵全体　属性：風
自然と感応し、突風を巻き起こす","","176:サキュバス（Lv7）；206:フォレストエルフ（Lv6）；215:風精（Lv4）","0","0","5","突风","自然感应","威力：Ｃ（速or魔）　対象：敵全体　属性：風
与自然共鸣，掀起突风","","176:魅魔（Lv7）；206:森林精灵（Lv6）；215:风精灵（Lv4）","61"
"3039","大旋風","自然感応","威力：Ａ（速or魔）　対象：敵全体　属性：風
自然と感応し、大旋風を引き起こす","","207:ワンダーエルフ（Lv8）；216:風の精霊（Lv4）","0","0","8","大旋风","自然感应","威力：Ａ（速or魔）　対象：敵全体　属性：風
与自然共鸣，引发大旋风","","207:奇迹精灵（Lv8）；216:风之精灵（Lv4）","61"
"3040","シャムシール","自然感応","威力：Ｓ（速or魔）　対象：敵単体　属性：風
自然と感応し、風の刃を発生させる","","177:エルダーサキュバス（Lv7）","0","0","10","风之刃","自然感应","威力：Ｓ（速or魔）　対象：敵単体　属性：風
与自然共鸣，引发风之刃","","177:长老魅魔（Lv7）","61"
"3041","テラサイクロン","自然感応","威力：Ｓ（速or魔）　対象：敵全体　属性：風
自然と感応し、大陸規模のサイクロンを呼ぶ奥義","","182:クィーンサキュバス（Lv4）；221:クィーンフェアリー（Lv2）","0","0","12","大地旋风","自然感应","威力：Ｓ（速or魔）　対象：敵全体　属性：風
与自然共鸣，召唤大陆规模的飓风奥义","","182:魅魔女王（Lv4）；221:妖精女王（Lv2）","61"
"3042","崖崩れ","自然感応","威力：Ｄ（防or魔）　対象：敵単体　属性：土
自然と感応し、崖崩れを起こす","","206:フォレストエルフ（Lv2）；214:フェアリー（Lv2）","0","0","3","山崩","自然感应","威力：Ｄ（防or魔）　対象：敵単体　属性：土
与自然共鸣，引发山崩","","206:森林精灵（Lv2）；214:妖精（Lv2）","61"
"3043","地震","自然感応","威力：Ｃ（防or魔）　対象：敵全体　属性：土
自然と感応し、地震を引き起こす","","206:フォレストエルフ（Lv7）；217:土精（Lv3）","0","0","5","地震","自然感应","威力：Ｃ（防or魔）　対象：敵全体　属性：土
与自然共鸣，引发地震","","206:森林精灵（Lv7）；217:土精（Lv3）","61"
"3044","大地の怒り","自然感応","威力：Ａ（防or魔）　対象：敵全体　属性：土
自然と感応し、大地の怒りを呼び覚ます","","207:ワンダーエルフ（Lv7）；218:土の精霊（Lv3）","0","0","8","大地之怒","自然感应","威力：Ａ（防or魔）　対象：敵全体　属性：土
与自然共鸣，唤醒大地之怒","","207:奇迹精灵（Lv7）；218:土之精灵（Lv3）","61"
"3045","大地咆吼","自然感応","威力：Ｓ（防or魔）　対象：敵全体　属性：土
自然と感応し、大地を咆吼させる奥義","","221:クィーンフェアリー（Lv5）","0","0","12","大地咆哮","自然感应","威力：Ｓ（防or魔）　対象：敵全体　属性：土
与自然共鸣，让大地咆哮的奥义","","221:妖精女王（Lv5）","61"
"3046","鉄砲水","自然感応","威力：Ｄ（精or魔）　対象：敵単体　属性：水
自然と感応し、鉄砲水を発生させる","","206:フォレストエルフ（Lv2）；214:フェアリー（Lv2）；289:海竜（Lv2）","0","0","3","暴洪","自然感应","威力：Ｄ（精or魔）　対象：敵単体　属性：水
与自然共鸣，引发暴洪","","206:森林精灵（Lv2）；214:妖精（Lv2）；289:海龙（Lv2）","61"
"3047","津波","自然感応","威力：Ｃ（精or魔）　対象：敵全体　属性：水
自然と感応し、津波を引き起こす","","206:フォレストエルフ（Lv8）；219:ダークフェアリー（Lv7）；289:海竜（Lv6）","0","0","5","海啸","自然感应","威力：Ｃ（精or魔）　対象：敵全体　属性：水
与自然共鸣，引发海啸","","206:森林精灵（Lv8）；219:暗黑妖精（Lv7）；289:海龙（Lv6）","61"
"3048","大洪水","自然感応","威力：Ａ（精or魔）　対象：敵全体　属性：水
自然と感応し、大洪水を呼び起こす","","207:ワンダーエルフ（Lv10）；220:アークフェアリー（Lv6）","0","0","8","大洪水","自然感应","威力：Ａ（精or魔）　対象：敵全体　属性：水
与自然共鸣，引发大洪水","","207:奇迹精灵（Lv10）；220:大妖精（Lv6）","61"
"3049","タイダルウェイブ","自然感応","威力：Ｓ（精or魔）　対象：敵全体　属性：水
自然と感応し、大陸級の大津波を呼び起こす奥義","","221:クィーンフェアリー（Lv8）；290:リヴァイアサン（Lv2）","0","0","12","潮汐波浪","自然感应","威力：Ｓ（精or魔）　対象：敵全体　属性：水
与自然共鸣，引发大陆级的大海啸奥义","","221:妖精女王（Lv8）；290:利维坦（Lv2）","61"
"3050","毒沼","自然感応","威力：Ｃ（魔）　対象：敵全体　属性：バイオ
自然と感応し、毒沼を出現させる","","219:ダークフェアリー（Lv9）","0","0","5","毒沼","自然感应","威力：Ｃ（魔）　対象：敵全体　属性：バイオ
与自然共鸣，出现毒沼","","219:暗黑妖精（Lv9）","61"
"3051","猛毒旋風","自然感応","威力：Ａ（魔）　対象：敵全体　属性：バイオ
自然と感応し、猛毒の旋風を引き起こす","","220:アークフェアリー（Lv9）","0","0","8","猛毒旋风","自然感应","威力：Ａ（魔）　対象：敵全体　属性：バイオ
与自然共鸣，引发猛毒旋风","","220:大妖精（Lv9）","61"
"3052","恍惚の風","自然感応","威力：Ｃ（魔or器）　対象：敵全体　属性：快楽・風　効果：恍惚
風を呼び、くすぐるように愛撫する快楽技","","215:風精（Lv10）","0","0","6","恍惚之风","自然感应","威力：Ｃ（魔or器）　対象：敵全体　属性：快楽・風　効果：恍惚
呼唤风，像爱抚一样给予快乐的技巧","","215:风精灵（Lv10）","61"
"3053","風のセレナーデ","自然感応","威力：Ａ（魔or器）　対象：敵全体　属性：快楽・風　効果：恍惚
風を呼び、全身にまとわりつかせる快楽技","","216:風の精霊（Lv10）","0","0","8","风的夜曲","自然感应","威力：Ａ（魔or器）　対象：敵全体　属性：快楽・風　効果：恍惚
呼唤风，缠绕全身的快乐技","","216:风之精灵（Lv10）","61"
"3054","地母神の聖餐","自然感応","威力：Ｚ（魔）　対象：敵全体　属性：テラ・永劫
大いなる大地の力を一気に噴出させる地母神の奥義","","7419:アンゴルモア（Lv7）","0","90","20","地母神的圣餐","自然感应","威力：Ｚ（魔）　対象：敵全体　属性：テラ・永劫
一口气喷出伟大大地之力的地母神奥义","","7419:安哥尔摩亚（Lv7）","61"
"3055","フェアリーヒール","自然感応","対象：味方単体　効果：HP中回復
自然と感応し、味方単体を回復する","","214:フェアリー（Lv4）","0","0","2","妖精治愈","自然感应","対象：味方単体　効果：HP中回復
与自然共鸣，恢复单个友方的生命","","214:妖精（Lv4）","61"
"3056","ワンダーヒール","自然感応","対象：味方全体　効果：HP大回復
自然と感応し、味方全体を回復する","","215:風精（Lv3）","0","0","6","奇迹治愈","自然感应","対象：味方全体　効果：HP大回復
与自然共鸣，恢复全体友方的生命","","215:风精灵（Lv3）","61"
"3057","マジカルライズ","自然感応","対象：味方単体　効果：完全蘇生
自然と感応し、味方単体を蘇生する","","216:風の精霊（Lv3）","0","0","5","魔法复苏","自然感应","対象：味方単体　効果：完全蘇生
与自然共鸣，复活单个友方","","216:风之精灵（Lv3）","61"
"3058","森の癒し","自然感応","対象：味方全体　効果：HP中回復
自然と感応し、味方単体を回復する","","206:フォレストエルフ（Lv5）","0","0","3","森林的治愈","自然感应","対象：味方全体　効果：HP中回復
与自然共鸣，恢复单个友方的生命","","206:森林精灵（Lv5）","61"
"3059","森の奇跡","自然感応","対象：味方単体　効果：HP大回復
自然と感応し、味方単体を大きく回復する","","207:ワンダーエルフ（Lv5）","0","0","4","森林的奇迹","自然感应","対象：味方単体　効果：HP大回復
与自然共鸣，大幅恢复单个友方的生命","","207:奇迹精灵（Lv5）","61"
"3060","森の守り","自然感応","対象：味方全体　効果：属性無効
自然と感応し、属性を無効化する防護壁を張る","","206:フォレストエルフ（Lv9）","0","0","6","森林的守护","自然感应","対象：味方全体　効果：属性無効
与自然共鸣，张开使属性无效的防护壁","","206:森林精灵（Lv9）","61"
"3061","女王の祈り","自然感応","対象：使用者　効果：物理・魔法無効
自然と感応し、物理攻撃と魔法攻撃を遮断する","","212:クィーンエルフ（Lv4）","0","40","12","女王的祈祷","自然感应","対象：使用者　効果：物理・魔法無効
与自然共鸣，阻挡物理攻击和魔法攻击","","212:精灵女王（Lv4）","61"
"3062","星の癒し","自然感応","対象：味方全体　効果：HP全回復・完全蘇生・全能力強化
星そのものと感応し、仲間を完全に回復および強化する","","7420:コスモス（Lv5）","0","0","15","星辰的治愈","自然感应","対象：味方全体　効果：HP全回復・完全蘇生・全能力強化
与星辰共鸣，完全恢复并强化同伴","","7420:宇宙神蝶（Lv5）","61"
"3068","火の息","ブレス","威力：Ｅ（力or器or魔）　対象：敵全体　属性：炎
口から火の息を吐き出すブレス技","","279:エイビス（Lv2）；283:ドラゴン（Lv2）；293:陸棲種（Lv7）；354:キメラ（Lv2）","0","0","3","火之吐息","吐息","威力：Ｅ（力or器or魔）　対象：敵全体　属性：炎
从口中吐出火之吐息的吐息技","","279:龙鸟（Lv2）；283:龙（Lv2）；293:陆栖种（Lv7）；354:奇美拉（Lv2）","62"
"3069","火炎の息","ブレス","威力：Ｃ（力or器or魔）　対象：敵全体　属性：炎
口から火炎の息を吐き出すブレス技","","279:エイビス（Lv5）；283:ドラゴン（Lv10）；294:陸上魔類（Lv7）；354:キメラ（Lv7）","0","0","5","火焰之息","吐息","威力：Ｃ（力or器or魔）　対象：敵全体　属性：炎
从口中吐出火焰之息的吐息技","","279:龙鸟（Lv5）；283:龙（Lv10）；294:陆上魔类（Lv7）；354:奇美拉（Lv7）","62"
"3070","激しい炎","ブレス","威力：Ａ（力or器or魔）　対象：敵全体　属性：炎
口から激しい炎を吐き出すブレス技","","279:エイビス（Lv10）；287:飛竜（Lv10）；295:エビルスピーシーズ（Lv4）；355:三種混合体（Lv9）","0","0","7","炽烈的火焰","吐息","威力：Ａ（力or器or魔）　対象：敵全体　属性：炎
从口中吐出剧烈火焰的吐息技","","279:龙鸟（Lv10）；287:飞龙（Lv10）；295:邪恶精灵（Lv4）；355:三重混合体（Lv9）","62"
"3071","灼熱の炎","ブレス","威力：Ｓ（力or器or魔）　対象：敵全体　属性：炎
口から灼熱の炎を吐き出すブレス技","","280:ガルーダ（Lv10）；288:バハムート（Lv10）；356:ギガミュータント（Lv2）","0","0","12","灼热之炎","吐息","威力：Ｓ（力or器or魔）　対象：敵全体　属性：炎
从口中吐出灼热之炎的吐息技","","280:迦楼罗（Lv10）；288:巴哈姆特（Lv10）；356:巨型突变体（Lv2）","62"
"3072","煉獄の火炎","ブレス","威力：ＳＳ（力or器or魔）　対象：敵全体　属性：炎
口から煉獄の火炎を吐き出すブレス技","","","0","0","17","炼狱之火焰","吐息","威力：ＳＳ（力or器or魔）　対象：敵全体　属性：炎
从口中吐出炼狱火焰的吐息技","","","62"
"3073","核熱の息","ブレス","威力：ＳＳＳ（力or器or魔）　対象：敵全体　属性：核熱
口から核熱の息を吐き出す混沌のブレス技","","291:神竜（Lv14）","0","0","21","核热之气息","吐息","威力：ＳＳＳ（力or器or魔）　対象：敵全体　属性：核熱
从口吐出核热的气息的混沌吐息技","","291:神龙（Lv14）","62"
"3074","冷たい息","ブレス","威力：Ｅ（力or器or魔）　対象：敵全体　属性：氷
口から冷たい息を吐き出すブレス技","","283:ドラゴン（Lv6）；328:ゾンビ（Lv8）；354:キメラ（Lv4）","0","0","3","冷之气息","吐息","威力：Ｅ（力or器or魔）　対象：敵全体　属性：氷
从口中吐出冷气息的吐息技","","283:龙（Lv6）；328:僵尸（Lv8）；354:奇美拉（Lv4）","62"
"3075","凍りつく息","ブレス","威力：Ｂ（力or器or魔）　対象：敵全体　属性：氷
口から凍りつく息を吐き出すブレス技","","289:海竜（Lv10）；329:ハイアンデッド（Lv10）；355:三種混合体（Lv5）","0","0","6","冻结之气息","吐息","威力：Ｂ（力or器or魔）　対象：敵全体　属性：氷
从口中吐出冻结气息的吐息技","","289:海龙（Lv10）；329:高级不死族（Lv10）；355:三重混合体（Lv5）","62"
"3076","凍える吹雪","ブレス","威力：Ｓ（力or器or魔）　対象：敵全体　属性：氷
口から凍える吹雪を吐き出すブレス技","","290:リヴァイアサン（Lv10）；330:マスターアンデッド（Lv10）","0","0","12","冰冻暴风雪","吐息","威力：Ｓ（力or器or魔）　対象：敵全体　属性：氷
从口中吐出冰冻暴风雪的吐息技","","290:利维坦（Lv10）；330:大师不死族（Lv10）","62"
"3077","輝く息","ブレス","威力：ＳＳ（力or器or魔）　対象：敵全体　属性：氷
口から輝く息を吐き出すブレス技","","","0","0","17","闪耀气息","吐息","威力：ＳＳ（力or器or魔）　対象：敵全体　属性：氷
从口中吐出闪耀气息的吐息技","","","62"
"3078","量子の息","ブレス","威力：ＳＳＳ（力or器or魔）　対象：敵全体　属性：量子
口から量子の息を吐き出す混沌のブレス技","","291:神竜（Lv15）","0","0","21","量子的气息","吐息","威力：ＳＳＳ（力or器or魔）　対象：敵全体　属性：量子
从口中吐出量子的气息的混沌吐息技","","291:神龙（Lv15）","62"
"3079","サンダーブレス","ブレス","威力：Ｃ（力or器or魔）　対象：敵全体　属性：雷
口から収束電流を吐き出すブレス技","","354:キメラ（Lv10）","0","0","5","雷电吐息","吐息","威力：Ｃ（力or器or魔）　対象：敵全体　属性：雷
从口中吐出电流的吐息技","","354:奇美拉（Lv10）","62"
"3080","トリプルブレス","ブレス","威力：Ａ（力or器or魔）　対象：敵全体　属性：炎・氷・雷
口から炎と氷、雷の混じった息を吐き出すブレス技","","355:三種混合体（Lv10）","0","0","8","三重吐息","吐息","威力：Ａ（力or器or魔）　対象：敵全体　属性：炎・氷・雷
从口中吐出炎、冰、雷混合的气息的吐息技","","355:三重混合体（Lv10）","62"
"3081","バイオブレス","ブレス","威力：Ｃ（力or器or魔）　対象：敵全体　属性：バイオ
口から猛毒の息を吐き出すブレス技","","295:エビルスピーシーズ（Lv2）；355:三種混合体（Lv2）","0","0","5","生化吐息","吐息","威力：Ｃ（力or器or魔）　対象：敵全体　属性：バイオ
从口中吐出猛毒气息的吐息技","","295:邪恶精灵（Lv2）；355:三重混合体（Lv2）","62"
"3082","ホーリーブレス","ブレス","威力：Ｓ（力or器or魔）　対象：敵全体　属性：聖
口から聖なる息を吐き出すブレス技","","358:フォースミュータント（Lv10）","0","15","6","神圣吐息","吐息","威力：Ｓ（力or器or魔）　対象：敵全体　属性：聖
从口中吐出神圣气息的吐息技","","358:力量突变体（Lv10）","62"
"3083","ダークブレス","ブレス","威力：Ｓ（力or器or魔）　対象：敵全体　属性：闇
口から暗黒の息を吐き出すブレス技","","356:ギガミュータント（Lv10）","12%当前HP","0","6","黑暗吐息","吐息","威力：Ｓ（力or器or魔）　対象：敵全体　属性：闇
从口中吐出黑暗气息的吐息技","","356:巨型突变体（Lv10）","62"
"3084","レインボーブレス","ブレス","威力：ＳＳＳ（力or器or魔）　対象：敵全体　属性：炎・氷・雷・風・土・水・聖・闇
口から八属性の息を吐き出すブレス技","","361:ウェポンタイプ（Lv16）","0","0","21","彩虹吐息","吐息","威力：ＳＳＳ（力or器or魔）　対象：敵全体　属性：炎・氷・雷・風・土・水・聖・闇
从口中吐出八属性气息的吐息技","","361:武器类型（Lv16）","62"
"3085","毒の息","ブレス","対象：敵全体　効果：毒
口から毒の息を吐き、敵全体を毒で冒す","","293:陸棲種（Lv2）；328:ゾンビ（Lv3）","0","0","2","毒息","吐息","対象：敵全体　効果：毒
从口中吐出毒息，使全体敌人中毒","","293:陆栖种（Lv2）；328:僵尸（Lv3）","62"
"3086","甘い息","ブレス","対象：敵全体　効果：睡眠
口から甘い息を吐き、敵全体を眠りに誘う","","293:陸棲種（Lv8）；328:ゾンビ（Lv9）","0","0","2","甜息","吐息","対象：敵全体　効果：睡眠
从口中吐出甜息，诱使全体敌人入睡","","293:陆栖种（Lv8）；328:僵尸（Lv9）","62"
"3087","焼けつく息","ブレス","対象：敵全体　効果：麻痺
口から焼けつく息を吐き、敵全体を麻痺させる","","283:ドラゴン（Lv8）；294:陸上魔類（Lv6）","0","0","3","灼息","吐息","対象：敵全体　効果：麻痺
从口中吐出灼息，使全体敌人麻痹","","283:龙（Lv8）；294:陆上魔类（Lv6）","62"
"3088","臭い息","ブレス","対象：敵全体　効果：状態異常
口から吐き出す魔性の息で敵を複数の状態異常にする","","295:エビルスピーシーズ（Lv8）","0","0","6","臭息","吐息","対象：敵全体　効果：状態異常
从口中吐出的魔性气息使敌陷入多种状态异常","","295:邪恶精灵（Lv8）","62"
"3089","石化ブレス","ブレス","対象：敵全体　効果：石化
口から石化ブレスを吐き、敵全体を石にする","","","0","0","3","石化吐息","吐息","対象：敵全体　効果：石化
从口中吐出石化吐息，使全体敌人石化","","","62"
"3094","手当て","特技","対象：味方単体　効果：HP小回復
簡単な応急処置で味方単体を小回復する","","151:人間（Lv4）","0","0","1","治疗","特技","対象：味方単体　効果：HP小回復
简单的急救处理，恢复单个友军的少量生命","","151:人类（Lv4）","63"
"3095","お祈り","特技","対象：使用者　効果：MP小回復
天に祈り、自身のMPを少しだけ回復する","","151:人間（Lv10）","0","0","2","祈祷","特技","対象：使用者　効果：MP小回復
向天祈祷，稍微恢复自己的MP","","151:人类（Lv10）","63"
"3096","力溜め","特技","対象：使用者　効果：攻撃力アップ
力を溜め、次のターンの攻撃力をアップさせる","1:戦士（Lv5）","7408:巨人（Lv4）","0","0","1","蓄力","特技","対象：使用者　効果：攻撃力アップ
蓄力，提升下一回合的攻击力","1:战士（Lv5）","7408:巨人（Lv4）","63"
"3097","気合い溜め","特技","対象：使用者　効果：攻撃力アップ
力を溜め、次のターンの攻撃力を大きくアップさせる","2:剣士（Lv5）；15:パワーファイター（Lv5）","170:妖鬼（Lv2）；210:デュラハン（Lv5）；237:ミノタウロス（Lv5）；7409:ギガース（Lv4）","0","0","2","集中蓄力","特技","対象：使用者　効果：攻撃力アップ
蓄力，大幅提升下一回合的攻击力","2:剑士（Lv5）；15:力量斗士（Lv5）","170:妖鬼（Lv2）；210:杜拉罕（Lv5）；237:米诺陶洛斯（Lv5）；7409:巨灵（Lv4）","63"
"3098","全力溜め","特技","対象：使用者　効果：攻撃力アップ
力を溜め、次のターンの攻撃力を爆発的にアップさせる","3:剣聖（Lv5）；16:ギガファイター（Lv5）","171:鬼神（Lv6）；211:ロードデュラハン（Lv5）；238:ギガタウロス（Lv5）；7410:巨神（Lv4）","0","0","4","全力蓄力","特技","対象：使用者　効果：攻撃力アップ
蓄力，爆发性地提升下一回合的攻击力","3:剑圣（Lv5）；16:巨力斗士（Lv5）","171:鬼神（Lv6）；211:领主杜拉罕（Lv5）；238:巨型弥诺陶洛斯（Lv5）；7410:巨神（Lv4）","63"
"3099","練気","特技","対象：使用者　効果：攻撃力・会心率アップ
3ターンの間、気を練って格闘能力を高める技","22:武道家（Lv7）","","0","0","2","练气","特技","対象：使用者　効果：攻撃力・会心率アップ
3回合内，练气提升格斗能力","22:武道家（Lv7）","","63"
"3100","裏練気","特技","対象：使用者　効果：攻撃力大アップ・会心率100%
3ターンの間、気を練って格闘能力を大幅に高める技","26:魔導拳士（Lv5）","","5%当前HP","0","2","暗练气","特技","対象：使用者　効果：攻撃力大アップ・会心率100%
3回合内，练气大幅提升格斗能力","26:魔导拳士（Lv5）","","63"
"3101","鋼体","特技","対象：使用者　効果：防御力アップ
内気功で肉体を硬化させ、防御力をアップさせる","22:武道家（Lv7）","","0","0","2","钢体","特技","対象：使用者　効果：防御力アップ
内气功硬化肉体，提升防御力","22:武道家（Lv7）","","63"
"3102","竜鋼体","特技","対象：使用者　効果：防御力・精神力大アップ
竜の力で肉体を硬化させ、防御力をアップさせる","","285:覇竜（Lv4）","0","0","5","龙钢体","特技","対象：使用者　効果：防御力・精神力大アップ
用龙之力硬化肉体，提升防御力","","285:霸龙（Lv4）","63"
"3103","魔力集中","特技","対象：使用者　効果：魔力・精神力アップ
魔力を集中し、次のターンの魔力と精神力をアップさせる","33:魔法使い（Lv10）；7001:エスパー（Lv8）","187:マージヴァンパイア（Lv5）；245:妖狐（Lv7）；322:ワルラウネ（Lv5）","0","0","2","魔力集中","特技","対象：使用者　效果：魔力・精神力提升
集中魔力，提升下一回合的魔力和精神力","33:魔法师（Lv10）；7001:超能力者（Lv8）","187:合并吸血鬼（Lv5）；245:妖狐（Lv7）；322:恶娜温（Lv5）","63"
"3104","精神集中","特技","対象：使用者　効果：器用さ・素早さアップ
精神を集中し、次のターンの器用さと素早さをアップさせる","52:狩人（Lv5）；113:魔芸師（Lv8）；7001:エスパー（Lv8）","203:エルフ（Lv7）","0","0","2","精神集中","特技","対象：使用者　効果：器用さ・素早さアップ
集中精神，提升下一回合的灵巧和敏捷","52:猎人（Lv5）；113:魔艺师（Lv8）；7001:超能力者（Lv8）","203:精灵（Lv7）","63"
"3105","初心","特技","対象：使用者　効果：通常攻撃威力アップ
初心を思い出し、通常攻撃の威力を高める技","","268:サムライスキュラ（Lv4）","0","0","2","初心","特技","対象：使用者　効果：通常攻撃威力アップ
回忆初心，提升普通攻击的威力","","268:剑士斯库拉（Lv4）","63"
"3106","シルフ","特技","威力：Ａ（速or魔）　対象：敵全体　属性：風　効果：使用者強化
シルフを召喚し、その身に風を宿す","","","0","10","0","希尔芙","特技","威力：Ａ（速or魔）　対象：敵全体　属性：風　効果：使用者強化
召唤希尔芙，使其身披风之力","","","63"
"3107","ノーム","特技","威力：Ａ（防or魔）　対象：敵全体　属性：土　効果：使用者強化
ノームを召喚し、その体に土を宿す","","","0","10","0","诺姆","特技","威力：Ａ（防or魔）　対象：敵全体　属性：土　効果：使用者強化
召唤诺姆，使其体披土之力","","","63"
"3108","ウンディーネ","特技","威力：Ａ（精or魔）　対象：敵全体　属性：水　効果：使用者強化
ウンディーネを召喚し、その身に水を宿す","","","0","10","0","温蒂妮","特技","威力：Ａ（精or魔）　対象：敵全体　属性：水　効果：使用者強化
召唤温蒂妮，使其身披水之力","","","63"
"3109","サラマンダー","特技","威力：Ａ（力or魔）　対象：敵全体　属性：火　効果：使用者強化
サラマンダーを召喚し、その身に火を宿す","","","0","10","0","萨拉曼达","特技","威力：Ａ（力or魔）　対象：敵全体　属性：火　効果：使用者強化
召唤萨拉曼达，使其身披火之力","","","63"
"3110","創世の女神イリアス","特技","威力：４Ｚ（精）　対象：敵全体　属性：イオン・永劫　効果：昇天
女神イリアスを召喚し、聖なるオーラを周囲に満たす","7071:ジャッジメント（Lv8）","","0","450","0","创世女神伊莉娅丝","特技","威力：４Ｚ（精）　対象：敵全体　属性：イオン・永劫　効果：昇天
召唤女神伊莉娅丝，充满神圣的光环","7071:审判（Lv8）","","63"
"3111","四精霊同時召喚","特技","威力：４Ｓ（力・速・器・魔）　対象：敵全体　属性：炎・風・土・水　効果：使用者強化
四精霊を同時に召喚する究極奥義","7051:混沌の勇者（Lv8）","","0","130","0","四精灵同时召唤","特技","威力：４Ｓ（力・速・器・魔）　対象：敵全体　属性：炎・風・土・水　効果：使用者強化
同时召唤四精灵的究极奥义","7051:混沌的勇者（Lv8）","","63"
"3112","風の戯れ","特技","対象：使用者　効果：命中率・回避率中アップ
風と感応し、風と共に舞う","","177:エルダーサキュバス（Lv5）；215:風精（Lv7）","0","0","2","风之戏","特技","対象：使用者　効果：命中率・回避率中アップ
与风感应，与风共舞","","177:长老魅魔（Lv5）；215:风精灵（Lv7）","63"
"3113","疾風の極み","特技","対象：使用者　効果：命中率・回避率大アップ
風と感応し、その動きに疾風を宿す","","182:クィーンサキュバス（Lv6）","0","0","4","疾风的极致","特技","対象：使用者　効果：命中率・回避率大アップ
与风感应，赋予其动作疾风之力","","182:魅魔女王（Lv6）","63"
"3114","大地の息吹","特技","対象：使用者　効果：防御力大アップ・物理半減
土と感応し、大地の息吹をその身に宿す","","217:土精（Lv7）；247:上級妖狐（Lv3）","0","0","2","大地的气息","特技","対象：使用者　効果：防御力大アップ・物理半減
与土感应，寄宿大地的气息","","217:土精（Lv7）；247:上级妖狐（Lv3）","63"
"3115","荒ぶる大地","特技","対象：使用者　効果：防御力特大アップ・物理半減
土と感応し、荒ぶる大地の力を宿す","","252:九尾の狐（Lv7）","0","0","4","狂暴的大地","特技","対象：使用者　効果：防御力特大アップ・物理半減
与土感应，寄宿狂暴大地的力量","","252:九尾狐（Lv7）","63"
"3116","明鏡止水","特技","対象：使用者　効果：命中率・回避率アップ
心を水の流れに委ね、物理攻撃のことごとくを回避する秘技","13:聖侍（Lv7）","","0","0","4","明镜止水","特技","対象：使用者　効果：命中率・回避率アップ
心灵与水流合一，完全回避物理攻击的秘技","13:圣武士（Lv7）","","63"
"3117","深呼吸","特技","対象：使用者　効果：HP・SPターン小回復
精神を落ち着け、HPとSPを徐々に回復させる","84:冒険家（Lv2）","151:人間（Lv9）","0","0","2","深呼吸","特技","対象：使用者　効果：HP・SPターン小回復
平复精神，逐渐回复HP和SP","84:冒险家（Lv2）","151:人类（Lv9）","63"
"3118","戦術的呼吸法","特技","対象：使用者　効果：HP・SPターン大回復
訓練された呼吸法で、HPとSPをみるみる回復させる","85:レンジャー（Lv2）","","0","0","5","战术呼吸法","特技","対象：使用者　効果：HP・SPターン大回復
通过训练有素的呼吸法，迅速回复HP和SP","85:游侠（Lv2）","","63"
"3119","自己治療","特技","対象：使用者　効果：軽状態異常回復
自身に応急処置を施し状態異常を治療する","84:冒険家（Lv6）","","0","0","1","自我治疗","特技","対象：使用者　効果：軽状態異常回復
对自己进行急救，治疗状态异常","84:冒险家（Lv6）","","63"
"3120","超自己治療","特技","対象：使用者　効果：軽状態異常予防
自身に応急処置を施し状態異常を予防する","85:レンジャー（Lv6）","","0","0","2","超级自我治疗","特技","対象：使用者　効果：軽状態異常予防
对自己进行急救，预防状态异常","85:游侠（Lv6）","","63"
"3121","背水","特技","対象：使用者　効果：会心率大アップ
瀕死のダメージと引き替えに会心率が大きく上がる","141:見習い勇者（Lv5）","","0","0","0","背水","特技","対象：使用者　効果：会心率大アップ
濒死伤害换取会心率大幅提高","141:见习勇者（Lv5）","","63"
"3122","裏背水","特技","対象：使用者　効果：SP全回復
瀕死のダメージと引き替えにSPが回復する","27:フォースモンク（Lv4）","","0","0","0","反背水","特技","対象：使用者　効果：SP全回復
濒死伤害换取SP回复","27:武僧（Lv4）","","63"
"3123","究極背水","特技","対象：使用者　効果：全能力アップ
瀕死のダメージと引き替えに全能力が上がる","144:闇の勇者（Lv4）","","0","0","0","究极背水","特技","対象：使用者　効果：全能力アップ
濒死伤害换取全能力提升","144:暗之勇者（Lv4）","","63"
"3124","バーサーカー化","特技","対象：使用者　効果：バーサク
暴走状態になるが攻撃力が大幅上昇","17:狂戦士（Lv4）","237:ミノタウロス（Lv7）","0","0","1","狂战士化","特技","対象：使用者　効果：バーサク
进入暴走状态，攻击力大幅提升","17:狂战士（Lv4）","237:米诺陶洛斯（Lv7）","63"
"3125","超バーサーカー化","特技","対象：使用者　効果：バーサク・2回行動
暴走状態になるが攻撃力が大幅上昇、2回行動可能に","18:ベルセルク（Lv7）","238:ギガタウロス（Lv4）","0","0","3","超级狂战士化","特技","対象：使用者　効果：バーサク・2回行動
进入暴走状态，攻击力大幅提升，可2次行动","18:狂怒战士（Lv7）","238:巨型弥诺陶洛斯（Lv4）","63"
"3126","変身","特技","対象：使用者　効果：変身
SPを消費し5ターンの間ヒーローに変身する","77:正義のヒーロー（Lv2）","","0","0","3","变身","特技","対象：使用者　効果：変身
消耗SP，5回合内变身成英雄","77:正义的英雄（Lv2）","","63"
"3127","超変身","特技","対象：使用者　効果：変身
SPを中消費し戦闘中ずっと変身状態になる","78:ジャスティスカイザー（Lv2）","","0","0","6","超级变身","特技","対象：使用者　効果：変身
中量消耗SP，战斗中一直保持变身状态","78:正义凯撒（Lv2）","","63"
"3128","マジカルチェンジ","特技","対象：使用者　効果：変身
MPを消費し5ターンの間ヒーローに変身する","49:魔法少女（Lv2）","","0","5","0","魔法变身","特技","対象：使用者　効果：変身
消耗MP，5回合内变身成英雄","49:魔法少女（Lv2）","","63"
"3129","魔女化","特技","対象：使用者　効果：変身
MPを中消費し戦闘中ずっと変身状態になる","50:魔女（Lv2）","","0","15","0","魔女化","特技","対象：使用者　効果：変身
中量消耗MP，战斗中一直保持变身状态","50:魔女（Lv2）","","63"
"3130","確保ホールド","特技","対象：敵単体　効果：拘束
敵単体を押さえつけ、拘束状態にする","72:兵士（Lv5）","","0","0","1","确保拘捕","特技","対象：敵単体　効果：拘束
压制单体敌人，使其陷入拘束状态","72:士兵（Lv5）","","63"
"3131","援軍要請","特技","威力：Ｅ（力）　対象：敵ランダム3回　効果：毎ターン発動
援軍を要請し、3ターン攻撃してもらう","72:兵士（Lv10）","","0","0","2","请求援军","特技","威力：Ｅ（力）　対象：敵ランダム3回　効果：毎ターン発動
请求援军，3回合内进行攻击","72:士兵（Lv10）","","63"
"3132","ウェポンブレイク","特技","威力：Ｅ（力）　対象：敵単体　特殊：攻撃力ダウン
敵単体の攻撃力を減少させる攻撃技","72:兵士（Lv9）","","0","0","2","武器破坏","特技","威力：Ｅ（力）　対象：敵単体　特殊：攻撃力ダウン
减少单体敌人攻击力的攻击技能","72:士兵（Lv9）","","63"
"3133","アーマーブレイク","特技","威力：Ｅ（力）　対象：敵単体　特殊：防御力ダウン
敵単体の防御力を減少させる攻撃技","72:兵士（Lv2）","","0","0","2","护甲破坏","特技","威力：Ｅ（力）　対象：敵単体　特殊：防御力ダウン
减少单体敌人防御力的攻击技能","72:士兵（Lv2）","","63"
"3134","マジックブレイク","特技","威力：Ｅ（力）　対象：敵単体　特殊：魔力ダウン
敵単体の魔力を減少させる攻撃技","72:兵士（Lv7）","","0","0","2","魔法破坏","特技","威力：Ｅ（力）　対象：敵単体　特殊：魔力ダウン
减少单体敌人魔力的攻击技能","72:士兵（Lv7）","","63"
"3135","マインドブレイク","特技","威力：Ｅ（力）　対象：敵単体　特殊：精神力ダウン
敵単体の精神力を減少させる攻撃技","72:兵士（Lv4）","","0","0","2","精神破坏","特技","威力：Ｅ（力）　対象：敵単体　特殊：精神力ダウン
减少单体敌人精神力的攻击技能","72:士兵（Lv4）","","63"
"3136","スピードブレイク","特技","威力：Ｅ（力）　対象：敵単体　特殊：素早さダウン
敵単体の素早さを減少させる攻撃技","72:兵士（Lv6）","","0","0","2","速度破坏","特技","威力：Ｅ（力）　対象：敵単体　特殊：素早さダウン
减少单体敌人敏捷的攻击技能","72:士兵（Lv6）","","63"
"3137","テクニックブレイク","特技","威力：Ｅ（力）　対象：敵単体　特殊：器用さダウン
敵単体の器用さを減少させる攻撃技","72:兵士（Lv6）","","0","0","2","技巧破坏","特技","威力：Ｅ（力）　対象：敵単体　特殊：器用さダウン
减少单体敌人灵巧的攻击技能","72:士兵（Lv6）","","63"
"3138","ウェポンインパクト","特技","威力：Ｄ（力）　対象：敵全体　特殊：攻撃力ダウン
敵全体の攻撃力を減少させる攻撃技","73:王宮騎士（Lv10）","","0","0","4","武器冲击","特技","威力：Ｄ（力）　対象：敵全体　特殊：攻撃力ダウン
减少全体敌人攻击力的攻击技能","73:王宫骑士（Lv10）","","63"
"3139","アーマーインパクト","特技","威力：Ｄ（力）　対象：敵全体　特殊：防御力ダウン
敵全体の防御力を減少させる攻撃技","73:王宮騎士（Lv2）","","0","0","4","护甲冲击","特技","威力：Ｄ（力）　対象：敵全体　特殊：防御力ダウン
减少全体敌人防御力的攻击技能","73:王宫骑士（Lv2）","","63"
"3140","マジックインパクト","特技","威力：Ｄ（力）　対象：敵全体　特殊：魔力ダウン
敵全体の魔力を減少させる攻撃技","73:王宮騎士（Lv8）","","0","0","4","魔法冲击","特技","威力：Ｄ（力）　対象：敵全体　特殊：魔力ダウン
减少全体敌人魔力的攻击技能","73:王宫骑士（Lv8）","","63"
"3141","マインドインパクト","特技","威力：Ｄ（力）　対象：敵全体　特殊：精神力ダウン
敵全体の精神力を減少させる攻撃技","73:王宮騎士（Lv4）","","0","0","4","精神冲击","特技","威力：Ｄ（力）　対象：敵全体　特殊：精神力ダウン
减少全体敌人精神力的攻击技能","73:王宫骑士（Lv4）","","63"
"3142","スピードインパクト","特技","威力：Ｄ（力）　対象：敵全体　特殊：素早さダウン
敵全体の素早さを減少させる攻撃技","73:王宮騎士（Lv5）","","0","0","4","速度冲击","特技","威力：Ｄ（力）　対象：敵全体　特殊：素早さダウン
减少全体敌人敏捷的攻击技能","73:王宫骑士（Lv5）","","63"
"3143","テクニックインパクト","特技","威力：Ｄ（力）　対象：敵全体　特殊：器用さダウン
敵全体の器用さを減少させる攻撃技","73:王宮騎士（Lv7）","","0","0","4","技巧冲击","特技","威力：Ｄ（力）　対象：敵全体　特殊：器用さダウン
减少全体敌人灵巧的攻击技能","73:王宫骑士（Lv7）","","63"
"3144","間欠泉","特技","威力：Ａ（器）　対象：敵単体　属性：水
間欠泉を噴出させ敵を攻撃する技","84:冒険家（Lv10）","","0","0","6","间歇泉","特技","威力：Ａ（器）　対象：敵単体　属性：水
喷出间歇泉攻击敌人的技能","84:冒险家（Lv10）","","63"
"3145","アクアスプラッシュ","特技","威力：Ａ（器）　対象：敵全体　属性：水
大地から放った水流で敵全体を攻撃する奥義","85:レンジャー（Lv4）","","0","0","8","水花飞溅","特技","威力：Ａ（器）　対象：敵全体　属性：水
从大地释放水流攻击全体敌人的奥义","85:游侠（Lv4）","","63"
"3146","なだめる","特技","対象：敵全体　効果：スタン
敵全体を威圧し、スタンさせる猛獣使いの技","59:魔物使い（Lv3）","","0","0","2","驯服","特技","対象：敵全体　効果：スタン
威慑全体敌人，使其陷入眩晕的猛兽使技能","59:魔物使（Lv3）","","63"
"3147","ぱふぱふ","特技","対象：敵単体　効果：使用キャラ依存
おっぱいで相手の頭を挟み込むが、効果は使用キャラ次第","92:遊び人（Lv4）","","0","0","1","啪呼啪呼","特技","対象：敵単体　効果：使用キャラ依存
用胸部夹住对方的头，但效果取决于使用角色","92:游人（Lv4）","","63"
"3148","破廉恥盗み","特技","対象：敵単体　効果：盗む
相手の下着を盗む破廉恥極まりない技","92:遊び人（Lv10）","","0","0","2","无耻偷窃","特技","対象：敵単体　効果：盗む
偷窃对方内衣的无耻至极的技能","92:游人（Lv10）","","63"
"3149","セクシービーム","特技","威力：Ｂ（器）　対象：敵単体　属性：快楽　効果：誘惑
セクシーポーズから放たれる光線で狙い撃ち","100:スーパースター（Lv2）","","0","0","4","性感光束","特技","威力：Ｂ（器）　対象：敵単体　属性：快楽　効果：誘惑
从性感姿势中发射的光线进行狙击","100:超级巨星（Lv2）","","63"
"3150","ピンクタイフーン","特技","威力：Ｂ（器）　対象：敵全体　属性：快楽　効果：誘惑
お色気のタイフーンでどんな敵もメロメロに","100:スーパースター（Lv10）","","0","0","6","粉红台风","特技","威力：Ｂ（器）　対象：敵全体　属性：快楽　効果：誘惑
用色气的台风让任何敌人都心醉神迷","100:超级巨星（Lv10）","","63"
"3151","ステージタイム","特技","対象：使用者　効果：2回行動・「踊る」「歌う」のみ・SP自動回復
2回行動が可能になるが、「踊る」と「歌う」しか使えない","100:スーパースター（Lv9）","","0","0","3","舞台时间","特技","対象：使用者　効果：2回行動・「踊る」「歌う」のみ・SP自動回復
可以进行2次行动，但只能使用「舞蹈」和「歌唱」","100:超级巨星（Lv9）","","63"
"3152","聖杯の奇跡","特技","対象：使用者　効果：仲間を自動復活・治療
聖杯の加護により、戦闘不能や状態異常の仲間をターン終了時に癒す","74:ナイツオブラウンド（Lv8）","","0","0","15","圣杯的奇迹","特技","対象：使用者　効果：仲間を自動復活・治療
在圣杯的庇护下，战斗不能或状态异常的同伴在回合结束时治愈","74:圆桌骑士（Lv8）","","63"
"3153","ハードジョブモード","特技","対象：使用者　効果：2回行動・職技連続発動・SPターン回復
行動回数が増えるが、HPを消費していく","7049:オールジョブラウンダー（Lv15）","","0","0","2","硬核工作模式","特技","対象：使用者　効果：2回行動・職技連続発動・SPターン回復
行动次数增加，但会消耗HP","7049:全能职业者（Lv15）","","63"
"3154","酒飲み","特技","対象：使用者　効果：攻撃力アップ・ランダム状態異常
飲めば飲むほど強くなる……？","","","0","0","0","酒鬼","特技","対象：使用者　効果：攻撃力アップ・ランダム状態異常
飲めば飲むほど強くなる……？","","","63"
"3155","あなほり","特技","対象：使用者　効果：ランダム
足元を掘ってみて、何が出るかはお楽しみ","","","0","0","0","挖洞","特技","対象：使用者　効果：ランダム
试着挖脚下的洞，看看会出来什么，敬请期待","","","63"
"3156","カニ光線","特技","威力：Ｄ（器）　対象：敵単体　効果：麻痺
敵単体を麻痺させるプロレタリアートな技","","","0","0","3","螃蟹光线","特技","威力：Ｄ（器）　対象：敵単体　効果：麻痺
使单体敌人麻痹的无产阶级技能","","","63"
"3157","冷凍カニ光線","特技","威力：Ｂ（器）　対象：敵単体　属性：氷　効果：麻痺・フリーズ
敵単体を凍結させるプロレタリアートな光線","","","0","0","5","冷冻蟹光线","特技","威力：Ｂ（器）　対象：敵単体　属性：氷　効果：麻痺・フリーズ
冻结单体敌人的无产阶级光线","","","63"
"3158","しゃぶる","特技","威力：Ｃ（力or器）　対象：敵単体　属性：快楽　効果：拘束・ヌルヌル
相手の体を大口で咥え込み、舐めしゃぶる淫技","","","0","0","4","吸吮","特技","威力：Ｃ（力or器）　対象：敵単体　属性：快楽　効果：拘束・ヌルヌル
用大口咬住对方的身体，舔舐吸吮的淫技","","","63"
"3159","搾精孔吸精","特技","威力：Ｅ（器）　対象：敵単体　属性：快楽　効果：拘束・HP吸収
ボディに備わった搾精孔で精気を搾り取る淫技","","","0","0","2","榨精孔吸精","特技","威力：Ｅ（器）　対象：敵単体　属性：快楽　効果：拘束・HP吸収
身体上自带的榨精孔榨取精气的淫技","","","63"
"3160","ミミズ千匹吸精","特技","威力：Ｃ（器）　対象：敵単体　属性：快楽　効果：拘束・HP吸収
極上の搾精孔で精気を根こそぎ搾り取る淫技","","","0","0","4","千条蚯蚓吸精","特技","威力：Ｃ（器）　対象：敵単体　属性：快楽　効果：拘束・HP吸収
用极品榨精孔将精气彻底榨干的淫技","","","63"
"3161","アビスドレイン","特技","威力：Ａ（器）　対象：敵単体　属性：快楽　効果：拘束・HP吸収
特殊な搾精器官で干涸らびるまで精液を吸い上げる奥義","","303:マリンプリンセス（Lv7）；305:深淵の主（Lv5）","0","0","6","深渊吸精","特技","威力：Ａ（器）　対象：敵単体　属性：快楽　効果：拘束・HP吸収
用特殊榨精器官将精液吸干至枯竭的奥义","","303:海洋公主（Lv7）；305:深渊之主（Lv5）","63"
"3162","スィートワーム","特技","威力：Ｅ（器）　対象：敵単体　属性：快楽　効果：拘束・ヌルヌル
尾の搾精孔から精気を搾り取る快楽技","","","0","0","2","甜蜜蠕虫","特技","威力：Ｅ（器）　対象：敵単体　属性：快楽　効果：拘束・ヌルヌル
从尾巴的榨精孔榨取精气的快乐技能","","","63"
"3163","スラッグドレイン","特技","威力：Ｅ（力or器）　対象：敵単体　属性：快楽　効果：HP吸収・ヌルヌル
ぬめった軟体ボディでのしかかり、精気を吸い取る技","","296:軟体搾精種（Lv4）","0","0","2","黏液吸精","特技","威力：Ｅ（力or器）　対象：敵単体　属性：快楽　効果：HP吸収・ヌルヌル
用黏滑的软体身体压制，吸取精气的技能","","296:软体榨精种（Lv4）","63"
"3164","スラッグボア","特技","対象：敵単体　効果：捕食
ぬめった軟体ボディでのしかかり、溶かして捕食する技","","297:ハイクリーチャー（Lv2）","0","0","1","黏液吞噬","特技","対象：敵単体　効果：捕食
用黏滑的软体身体压制，溶解并捕食的技能","","297:高级生物（Lv2）","63"
"3165","捕食","特技","対象：敵単体　効果：捕食
消化もしくは拘束状態の敵を捕食する技","","","0","0","1","捕食","特技","対象：敵単体　効果：捕食
捕食处于消化或拘束状态的敌人的技能","","","63"
"3166","毒舌ナメナメ","特技","威力：Ｅ（器）　対象：敵単体　属性：快楽　効果：毒・バイオ弱点
毒の唾液を帯びた舌で相手を舐め回す技","","293:陸棲種（Lv9）","0","0","1","毒舌舔舔","特技","威力：Ｅ（器）　対象：敵単体　属性：快楽　効果：毒・バイオ弱点
用带有毒液的舌头舔舐敌人的技能","","293:陆栖种（Lv9）","63"
"3167","軟体ボディ","特技","対象：使用者　効果：物理ダメージ半減
柔らかなボディで衝撃を吸収し被ダメージを抑える","","266:ハイスキュラ（Lv6）；296:軟体搾精種（Lv6）","0","0","2","软体身体","特技","対象：使用者　効果：物理ダメージ半減
用柔软的身体吸收冲击，减少受到的伤害","","266:高等斯库拉（Lv6）；296:软体榨精种（Lv6）","63"
"3168","粘液大量分泌","特技","対象：使用者　効果：物理ダメージ激減・ヌルヌルカウンター
粘液を分泌させ衝撃を最小限に抑える","","267:エルダースキュラ（Lv7）；297:ハイクリーチャー（Lv6）","0","0","4","大量分泌粘液","特技","対象：使用者　効果：物理ダメージ激減・ヌルヌルカウンター
分泌粘液以将冲击最小化","","267:长老斯库拉（Lv7）；297:高级生物（Lv6）","63"
"3169","同化吸収","特技","対象：敵単体　効果：捕食
敵を体内に取り込み、同化する捕食技","","","0","0","1","同化吸收","特技","対象：敵単体　効果：捕食
将敌人吸入体内并同化的捕食技能","","","63"
"3170","ドレインハンド","特技","威力：Ｄ（力）　対象：敵単体　属性：快楽　効果：拘束・HP吸収
幽体の掌で相手を愛撫し、精気を吸い取る快楽技","","","0","0","3","吸精手","特技","威力：Ｄ（力）　対象：敵単体　属性：快楽　効果：拘束・HP吸収
用幽灵的手掌爱抚敌人，吸取精气的快乐技","","","63"
"3171","流砂","特技","威力：Ｄ（力）　対象：敵全体　属性：土　効果：拘束
巨大な流砂を発生させ敵を巻き込む","","","0","0","4","流沙","特技","威力：Ｄ（力）　対象：敵全体　属性：土　効果：拘束
产生巨大的流砂，卷入敌人","","","63"
"3172","ステルスアタック","特技","威力：Ａ（力or器）　対象：敵単体　効果：即死・ハインド
透明化した後で急所を狙う無慈悲な攻撃技","","","0","0","7","潜行攻击","特技","威力：Ａ（力or器）　対象：敵単体　効果：即死・ハインド
透明化后瞄准要害的无情攻击技","","","63"
"3173","あなほり","特技","対象：使用者　効果：ランダム
足元を掘ってみて、何が出るかはお楽しみ","","","0","0","0","挖洞","特技","対象：使用者　効果：ランダム
试着挖脚下的洞，看看会出来什么，敬请期待","","","63"
"3174","泥沼地獄","特技","威力：Ｃ（防or魔）　対象：敵全体　属性：土
周囲に泥沼を広げ取り込んでしまう","","","0","0","5","泥沼地狱","特技","威力：Ｃ（防or魔）　対象：敵全体　属性：土
周围展开泥沼，吞噬一切","","","63"
"3175","ハラペコぱっくん","特技","対象：敵全体　効果：消化・捕食
敵集団を消化液まみれにしつつ、一気に捕食するハラペコ奥義","","","0","0","4","饥饿大口","特技","対象：敵全体　効果：消化・捕食
用消化液覆盖敌群，一口气捕食的饥饿奥义","","","63"
"3176","全体捕食","特技","対象：敵全体　効果：捕食
消化もしくは拘束状態の敵を捕食する技","","","0","0","3","全体捕食","特技","対象：敵全体　効果：捕食
捕食处于消化或拘束状态的敌人的技能","","","63"
"3190","ドロー：ファイアカード","オラクル","スキル1997","","","0","3","0","ドロー：ファイアカード","神谕","スキル1997","","","36"
"3191","ドロー：メガファイアカード","オラクル","スキル1997","","","0","7","0","ドロー：メガファイアカード","神谕","スキル1997","","","36"
"3192","ドロー：ブレイズカード","オラクル","スキル1997","","","0","12","0","ドロー：ブレイズカード","神谕","スキル1997","","","36"
"3193","ドロー：オメガブレイズカード","オラクル","スキル1997","","","0","15","0","ドロー：オメガブレイズカード","神谕","スキル1997","","","36"
"3194","ドロー：ブリザードカード","オラクル","スキル1997","","","0","3","0","ドロー：ブリザードカード","神谕","スキル1997","","","36"
"3195","ドロー：メガブリザードカード","オラクル","スキル1997","","","0","7","0","ドロー：メガブリザードカード","神谕","スキル1997","","","36"
"3196","ドロー：フロストカード","オラクル","スキル1997","","","0","12","0","ドロー：フロストカード","神谕","スキル1997","","","36"
"3197","ドロー：シグマフロストカード","オラクル","スキル1997","","","0","15","0","ドロー：シグマフロストカード","神谕","スキル1997","","","36"
"3198","ドロー：サンダーカード","オラクル","スキル1997","","","0","3","0","ドロー：サンダーカード","神谕","スキル1997","","","36"
"3199","ドロー：メガサンダーカード","オラクル","スキル1997","","","0","7","0","ドロー：メガサンダーカード","神谕","スキル1997","","","36"
"3200","ドロー：スパークカード","オラクル","スキル1997","","","0","12","0","ドロー：スパークカード","神谕","スキル1997","","","36"
"3201","ドロー：ラムダスパークカード","オラクル","スキル1997","","","0","15","0","ドロー：ラムダスパークカード","神谕","スキル1997","","","36"
"3202","ドロー：ウィンドカード","オラクル","スキル1997","","","0","3","0","ドロー：ウィンドカード","神谕","スキル1997","","","36"
"3203","ドロー：エアロカード","オラクル","スキル1997","","","0","12","0","ドロー：エアロカード","神谕","スキル1997","","","36"
"3204","ドロー：アースカード","オラクル","スキル1997","","","0","3","0","ドロー：アースカード","神谕","スキル1997","","","36"
"3205","ドロー：クェイクカード","オラクル","スキル1997","","","0","12","0","ドロー：クェイクカード","神谕","スキル1997","","","36"
"3206","ドロー：ウォーターカード","オラクル","スキル1997","","","0","3","0","ドロー：ウォーターカード","神谕","スキル1997","","","36"
"3207","ドロー：ウェイブカード","オラクル","スキル1997","","","0","12","0","ドロー：ウェイブカード","神谕","スキル1997","","","36"
"3208","ドロー：ヒールカード","オラクル","スキル1998","","","0","2","0","ドロー：ヒールカード","神谕","スキル1998","","","36"
"3209","ドロー：メガヒールカード","オラクル","スキル1998","","","0","5","0","ドロー：メガヒールカード","神谕","スキル1998","","","36"
"3210","ドロー：オールヒールカード","オラクル","スキル1998","","","0","5","0","ドロー：オールヒールカード","神谕","スキル1998","","","36"
"3211","ドロー：オールメガヒールカード","オラクル","スキル1998","","","0","12","0","ドロー：オールメガヒールカード","神谕","スキル1998","","","36"
"3212","ドロー：アタックカード","オラクル","スキル1999","","","0","3","0","ドロー：アタックカード","神谕","スキル1999","","","36"
"3213","ドロー：マジックカード","オラクル","スキル1999","","","0","3","0","ドロー：マジックカード","神谕","スキル1999","","","36"
"3214","ドロー：ガードカード","オラクル","スキル1999","","","0","3","0","ドロー：ガードカード","神谕","スキル1999","","","36"
"3215","ドロー：マインドカード","オラクル","スキル1999","","","0","3","0","ドロー：マインドカード","神谕","スキル1999","","","36"
"3216","ドロー：テクニックカード","オラクル","スキル1999","","","0","3","0","ドロー：テクニックカード","神谕","スキル1999","","","36"
"3217","ドロー：オールアタックカード","オラクル","スキル1999","","","0","10","0","ドロー：オールアタックカード","神谕","スキル1999","","","36"
"3218","ドロー：オールマジックカード","オラクル","スキル1999","","","0","10","0","ドロー：オールマジックカード","神谕","スキル1999","","","36"
"3219","ドロー：オールガードカード","オラクル","スキル1999","","","0","10","0","ドロー：オールガードカード","神谕","スキル1999","","","36"
"3220","ドロー：オールマインドカード","オラクル","スキル1999","","","0","10","0","ドロー：オールマインドカード","神谕","スキル1999","","","36"
"3221","ドロー：オールテクニックカード","オラクル","スキル1999","","","0","10","0","ドロー：オールテクニックカード","神谕","スキル1999","","","36"
"3222","ランダム：コイントス1","オラクル","スキル1989","","","0","0","0","ランダム：コイントス1","神谕","スキル1989","","","36"
"3223","ランダム：コイントス2","オラクル","スキル1989","","","0","0","0","ランダム：コイントス2","神谕","スキル1989","","","36"
"3226","ランダム：愚者","オラクル","スキル1993,3458","","","0","0","0","ランダム：愚者","神谕","スキル1993,3458","","","36"
"3227","ランダム：魔術師","オラクル","スキル1993,3458","","","0","0","0","ランダム：魔術師","神谕","スキル1993,3458","","","36"
"3228","ランダム：女教皇","オラクル","スキル1993,3458","","","0","0","0","ランダム：女教皇","神谕","スキル1993,3458","","","36"
"3229","ランダム：女帝","オラクル","スキル1993,3458","","","0","0","0","ランダム：女帝","神谕","スキル1993,3458","","","36"
"3230","ランダム：皇帝","オラクル","スキル1993,3458","","","0","0","0","ランダム：皇帝","神谕","スキル1993,3458","","","36"
"3231","ランダム：教皇","オラクル","スキル1993,3458","","","0","0","0","ランダム：教皇","神谕","スキル1993,3458","","","36"
"3232","ランダム：恋人","オラクル","スキル1993,3458","","","0","0","0","ランダム：恋人","神谕","スキル1993,3458","","","36"
"3233","ランダム：戦車","オラクル","スキル1993,3458","","","0","0","0","ランダム：戦車","神谕","スキル1993,3458","","","36"
"3234","ランダム：正義","オラクル","スキル1993,3458","","","0","0","0","ランダム：正義","神谕","スキル1993,3458","","","36"
"3235","ランダム：隠者","オラクル","スキル1993,3458","","","0","0","0","ランダム：隠者","神谕","スキル1993,3458","","","36"
"3236","ランダム：運命の輪","オラクル","スキル1993,3458","","","0","0","0","ランダム：運命の輪","神谕","スキル1993,3458","","","36"
"3237","ランダム：力","オラクル","スキル1993,3458","","","0","0","0","ランダム：力","神谕","スキル1993,3458","","","36"
"3238","ランダム：吊られた男","オラクル","スキル1993,3458","","","0","0","0","ランダム：吊られた男","神谕","スキル1993,3458","","","36"
"3239","ランダム：死神","オラクル","スキル1993,3458","","","0","0","0","ランダム：死神","神谕","スキル1993,3458","","","36"
"3240","ランダム：節制","オラクル","スキル1993,3458","","","0","0","0","ランダム：節制","神谕","スキル1993,3458","","","36"
"3241","ランダム：悪魔","オラクル","スキル1993,3458","","","0","0","0","ランダム：悪魔","神谕","スキル1993,3458","","","36"
"3242","ランダム：塔","オラクル","スキル1993,3458","","","0","0","0","ランダム：塔","神谕","スキル1993,3458","","","36"
"3243","ランダム：星","オラクル","スキル1993,3458","","","0","0","0","ランダム：星","神谕","スキル1993,3458","","","36"
"3244","ランダム：月","オラクル","スキル1993,3458","","","0","0","0","ランダム：月","神谕","スキル1993,3458","","","36"
"3245","ランダム：太陽","オラクル","スキル1993,3458","","","0","0","0","ランダム：太陽","神谕","スキル1993,3458","","","36"
"3246","ランダム：審判","オラクル","スキル1993,3458","","","0","0","0","ランダム：審判","神谕","スキル1993,3458","","","36"
"3247","ノーペア","オラクル","","","","0","0","0","无对子","神谕","","","","36"
"3248","ワンペア","オラクル","","","","0","0","0","一对","神谕","","","","36"
"3249","ツーペア","オラクル","","","","0","0","0","两对","神谕","","","","36"
"3250","スリーカード","オラクル","","","","0","0","0","三张","神谕","","","","36"
"3251","ストレート","オラクル","","","","0","0","0","顺子","神谕","","","","36"
"3252","フラッシュ","オラクル","","","","0","0","0","闪光","神谕","","","","36"
"3253","フルハウス","オラクル","","","","0","0","0","葫芦","神谕","","","","36"
"3254","フォーカード","オラクル","","","","0","0","0","四张","神谕","","","","36"
"3255","ストレートフラッシュ","オラクル","","","","0","0","0","同花顺","神谕","","","","36"
"3256","ファイブカード","オラクル","","","","0","0","0","五张","神谕","","","","36"
"3257","ロイヤルストレートフラッシュ","オラクル","","","","0","0","0","皇家同花顺","神谕","","","","36"
"3258","託宣用：天罰","オラクル","威力：Ａ　対象：敵全体　属性：聖
コモン13","","","0","0","0","託宣用：天罰","神谕","威力：Ａ　対象：敵全体　属性：聖
コモン13","","","36"
"3259","託宣用：裁きの雷","オラクル","コモン13","","","0","0","0","託宣用：裁きの雷","神谕","コモン13","","","36"
"3260","託宣用：女神の恩寵","オラクル","コモン13","","","0","0","0","託宣用：女神の恩寵","神谕","コモン13","","","36"
"3261","託宣用：女神の大恩寵","オラクル","コモン13","","","0","0","0","託宣用：女神の大恩寵","神谕","コモン13","","","36"
"3262","女神の加護","未分类技能","","","","0","0","0","女神的加护","未分类技能","","","","0"
"3263","女神の奇跡","未分类技能","","","","0","0","0","女神的奇迹","未分类技能","","","","0"
"3264","女神の大奇跡","未分类技能","","","","0","0","0","女神的大奇迹","未分类技能","","","","0"
"3265","魂戻し","未分类技能","","","","0","0","0","灵魂回归","未分类技能","","","","0"
"3266","魔姫の黄金結晶","未分类技能","","","","0","0","0","魔姬的黄金结晶","未分类技能","","","","0"
"3267","超・魂戻し","未分类技能","","","","0","0","0","超・灵魂回归","未分类技能","","","","0"
"3270","六月うさぎ","オラクル","","","","0","0","0","六月兔子","神谕","","","","36"
"3271","チェリー","オラクル","","","","0","0","0","樱桃","神谕","","","","36"
"3272","プラム","オラクル","","","","0","0","0","李子","神谕","","","","36"
"3273","ベル","オラクル","","","","0","0","0","贝尔","神谕","","","","36"
"3274","スイカ","オラクル","","","","0","0","0","西瓜","神谕","","","","36"
"3275","BAR","オラクル","","","","0","0","0","BAR","神谕","","","","36"
"3276","777","オラクル","","","","0","0","0","777","神谕","","","","36"
"3277","ぱふぱふ","特技","","","","0","0","0","啪呼啪呼","特技","","","","63"
"3278","ぱふぱふ","特技","","","","0","0","0","啪呼啪呼","特技","","","","63"
"3279","ぱふぱふ","特技","","","","0","0","0","啪呼啪呼","特技","","","","63"
"3280","ぱふぱふ","特技","","","","0","0","0","啪呼啪呼","特技","","","","63"
"3281","ぱふぱふ","特技","","","","0","0","0","啪呼啪呼","特技","","","","63"
"3284","誘惑：ぼんやり","未分类技能","","","","0","0","0","誘惑：ぼんやり","未分类技能","","","","0"
"3285","誘惑：オナニー","未分类技能","","","","0","0","0","誘惑：オナニー","未分类技能","","","","0"
"3286","誘惑：手紙","未分类技能","","","","0","0","0","誘惑：手紙","未分类技能","","","","0"
"3287","誘惑：素振り","未分类技能","","","","0","0","0","誘惑：素振り","未分类技能","","","","0"
"3288","誘惑：求愛の踊り","未分类技能","","","","0","0","0","誘惑：求愛の踊り","未分类技能","","","","0"
"3289","誘惑：口説く","未分类技能","","","","0","0","0","誘惑：口説く","未分类技能","","","","0"
"3290","誘惑：M字開脚","未分类技能","","","","0","0","0","誘惑：M字開脚","未分类技能","","","","0"
"3291","遊び：素振り命中","未分类技能","","","","0","0","0","遊び：素振り命中","未分类技能","","","","0"
"3292","遊び：でたらめ斬り","未分类技能","","","","0","0","0","遊び：でたらめ斬り","未分类技能","","","","0"
"3293","遊ぶ：転ぶ","未分类技能","","","","0","0","0","遊ぶ：転ぶ","未分类技能","","","","0"
"3294","遊ぶ：気合い入れ","未分类技能","","","","0","0","0","遊ぶ：気合い入れ","未分类技能","","","","0"
"3295","遊ぶ：火遊び","未分类技能","","","","0","0","0","遊ぶ：火遊び","未分类技能","","","","0"
"3296","遊ぶ：流し目","未分类技能","","","","0","0","0","遊ぶ：流し目","未分类技能","","","","0"
"3297","遊ぶ：落とし穴自分","未分类技能","","","","0","0","0","遊ぶ：落とし穴自分","未分类技能","","","","0"
"3298","遊ぶ：落とし穴敵","未分类技能","","","","0","0","0","遊ぶ：落とし穴敵","未分类技能","","","","0"
"3299","遊ぶ：謎の植物","未分类技能","","","","0","0","0","遊ぶ：謎の植物","未分类技能","","","","0"
"3300","遊ぶ：応援","歌う","","","","0","0","0","遊ぶ：応援","歌唱","","","","38"
"3301","遊ぶ：ブーメラン自爆","未分类技能","","","","0","0","0","遊ぶ：ブーメラン自爆","未分类技能","","","","0"
"3302","遊ぶ：温かい光","未分类技能","","","","0","0","0","遊ぶ：温かい光","未分类技能","","","","0"
"3303","遊ぶ：強制死亡","未分类技能","","","","0","0","0","遊ぶ：強制死亡","未分类技能","","","","0"
"3304","遊ぶ：毒ガス","未分类技能","","","","0","0","0","遊ぶ：毒ガス","未分类技能","","","","0"
"3305","遊ぶ：バイオリン","未分类技能","","","","0","0","0","遊ぶ：バイオリン","未分类技能","","","","0"
"3306","遊ぶ：爆発","未分类技能","","","","0","0","0","遊ぶ：爆発","未分类技能","","","","0"
"3307","遊ぶ：小石","未分类技能","","","","0","0","0","遊ぶ：小石","未分类技能","","","","0"
"3308","遊ぶ：放電","未分类技能","","","","0","0","0","遊ぶ：放電","未分类技能","","","","0"
"3309","遊ぶ：ヌルヌルタイフーン","未分类技能","","","","0","0","0","遊ぶ：ヌルヌルタイフーン","未分类技能","","","","0"
"3310","遊ぶ：蜘蛛足をじたばた","未分类技能","","","","0","0","0","遊ぶ：蜘蛛足をじたばた","未分类技能","","","","0"
"3311","遊ぶ：銃乱射","未分类技能","","","","0","0","0","遊ぶ：銃乱射","未分类技能","","","","0"
"3312","遊ぶ：威嚇","未分类技能","","","","0","0","1","遊ぶ：威嚇","未分类技能","","","","0"
"3313","遊ぶ：若さゆえの過ち","未分类技能","","","","0","0","0","遊ぶ：若さゆえの過ち","未分类技能","","","","0"
"3314","遊ぶ：食料集め","未分类技能","アクター249","","","0","0","0","遊ぶ：食料集め","未分类技能","アクター249","","","0"
"3315","遊ぶ：大量のゴキブリ","虫技","","","","0","0","0","遊ぶ：大量のゴキブリ","虫技","","","","57"
"3316","遊ぶ：コイン投げ","未分类技能","","","","0","0","0","遊ぶ：コイン投げ","未分类技能","","","","0"
"3317","遊ぶ：蛇転がり","未分类技能","","","","0","0","0","遊ぶ：蛇転がり","未分类技能","","","","0"
"3318","遊ぶ：威圧","未分类技能","","","","0","0","1","遊ぶ：威圧","未分类技能","","","","0"
"3319","遊ぶ：闇の儀式","未分类技能","","","","0","0","1","遊ぶ：闇の儀式","未分类技能","","","","0"
"3320","遊ぶ：混沌暴走","カオス","威力：Ｚ（力or魔）　対象：敵全体　属性：終焉　効果：即死","","","0","0","0","遊ぶ：混沌暴走","カオス","威力：Ｚ（力or魔）　対象：敵全体　属性：終焉　効果：即死","","","70"
"3321","遊ぶ：目をうるうる","未分类技能","","","","0","0","0","遊ぶ：目をうるうる","未分类技能","","","","0"
"3380","隼の剣","装備武器、剣技","威力：Ｃ（力）　対象：敵単体2回
隼の剣の力を解放する","","","0","0","3","隼之剑","装备武器、剑技","威力：Ｃ（力）　対象：敵単体2回
解放隼之剑的力量","","","64"
"3381","誘惑の剣","装備武器、剣技","対象：敵全体　効果：誘惑
誘惑の剣の力を解放する","","","0","0","2","诱惑之剑","装备武器、剑技","対象：敵全体　効果：誘惑
解放诱惑之剑的力量","","","64"
"3382","血塗られた騎士剣","装備武器、剣技","威力：Ｄ（力）　対象：敵単体　属性：闇
血塗られた騎士剣の力を解放する","","","0","0","2","血染的骑士剑","装备武器、剑技","威力：Ｄ（力）　対象：敵単体　属性：闇
解放血染的骑士剑的力量","","","64"
"3383","稲妻の剣","装備武器、剣技","威力：Ｃ（力）　対象：敵全体　属性：雷
稲妻の剣の力を解放する","","","0","0","4","闪电之剑","装备武器、剑技","威力：Ｃ（力）　対象：敵全体　属性：雷
解放闪电之剑的力量","","","64"
"3384","吹雪の剣","装備武器、剣技","威力：Ｃ（力）　対象：敵全体　属性：氷
吹雪の剣の力を解放する","","","0","0","4","暴雪之剑","装备武器、剑技","威力：Ｃ（力）　対象：敵全体　属性：氷
解放暴雪之剑的力量","","","64"
"3385","草薙の剣","装備武器、剣技","対象：使用者　効果：防御力アップ
草薙の剣の力を解放する","","","0","0","2","草薙之剑","装备武器、剑技","対象：使用者　効果：防御力アップ
解放草薙之剑的力量","","","64"
"3386","ペルセウスの剣","装備武器、剣技","対象：使用者　効果：魔法反射
ペルセウスの剣の力を解放する","","","0","0","3","珀尔修斯之剑","装备武器、剑技","対象：使用者　効果：魔法反射
解放珀尔修斯之剑的力量","","","64"
"3387","エクスカリバー","装備武器、剣技","威力：ＳＳ（力）　対象：敵全体　属性：聖
エクスカリバーの力を解放する","","","0","0","12","断钢剑","装备武器、剑技","威力：ＳＳ（力）　対象：敵全体　属性：聖
解放断钢剑的力量","","","64"
"3388","斬鉄剣","装備武器、剣技","対象：敵全体　効果：即死
斬鉄剣の力を解放する","","","0","0","4","斩铁剑","装备武器、剑技","対象：敵全体　効果：即死
解放斩铁剑的力量","","","64"
"3389","ゴッドスレイヤー","装備武器、剣技","威力：ＳＳＳ（力）　対象：敵単体　属性：修羅　効果：神特攻
ゴッドスレイヤーの力を解放する","","","0","0","14","神杀剑","装备武器、剑技","威力：ＳＳＳ（力）　対象：敵単体　属性：修羅　効果：神特攻
解放神杀剑的力量","","","64"
"3390","レーヴァテイン","装備武器、剣技","威力：Ｚ（力）　対象：敵全体　属性：核熱・永劫
レーヴァテインの力を解放する","","","0","0","40","莱瓦汀","装备武器、剑技","威力：Ｚ（力）　対象：敵全体　属性：核熱・永劫
解放莱瓦汀的力量","","","64"
"3391","ブラッディローズ","装備武器、剣技","威力：Ｓ（力・速）　対象：敵全体
ブラッディローズの力を解放する","","","0","0","8","血腥蔷薇","装备武器、剑技","威力：Ｓ（力・速）　対象：敵全体
解放血腥蔷薇的力量","","","64"
"3392","カラドボルグ","装備武器、剣技","威力：Ｓ（力・魔）　対象：敵単体
カラドボルグの力を解放する","","","0","0","6","卡拉德波加","装备武器、剑技","威力：Ｓ（力・魔）　対象：敵単体
解放卡拉德波加的力量","","","64"
"3393","エテメンアンキ","装備武器、剣技","威力：ＳＳ（力）　対象：敵全体
エテメンアンキの力を解放する","","","0","0","12","七曜塔","装备武器、剑技","威力：ＳＳ（力）　対象：敵全体
解放七曜塔的力量","","","64"
"3394","風槍シルフ","装備武器、槍技","威力：Ｓ（速・魔）　対象：敵全体　属性：風
シルフの力を解放する","","","0","0","8","风枪希尔芙","装备武器、枪技","威力：Ｓ（速・魔）　対象：敵全体　属性：風
解放希尔芙的力量","","","64"
"3395","ロンギヌス","装備武器、槍技","威力：Ａ（力・速）　対象：敵ランダム3回　属性：聖
ロンギヌスの力を解放する","","","0","0","8","朗基努斯","装备武器、枪技","威力：Ａ（力・速）　対象：敵ランダム3回　属性：聖
解放朗基努斯的力量","","","64"
"3396","聖槍ロンギヌス","装備武器、槍技","威力：４Ｓ（力・速）　対象：敵単体　属性：修羅・永劫　効果：昇天
神に与えられた力を解放し、神敵を滅ぼす聖槍究極の一撃","","","0","0","18","圣枪朗基努斯","装备武器、枪技","威力：４Ｓ（力・速）　対象：敵単体　属性：修羅・永劫　効果：昇天
解放神赐予的力量，消灭神敌的圣枪究极一击","","","64"
"3397","グングニル","装備武器、槍技","威力：ＺＺ（力・速）　対象：敵単体　属性：修羅・永劫
グングニルの力を解放する","","","0","0","40","冈格尼尔","装备武器、枪技","威力：ＺＺ（力・速）　対象：敵単体　属性：修羅・永劫
解放冈格尼尔的力量","","","64"
"3398","村雨","装備武器、刀技","威力：Ａ（力・器）　対象：敵全体　属性：闇
村雨の力を解放する","","","0","0","7","村雨","装备武器、刀技","威力：Ａ（力・器）　対象：敵全体　属性：闇
解放村雨的力量","","","64"
"3399","物干し竿","装備武器、刀技","威力：Ａ（力・器）　対象：敵全体
物干し竿の力を解放する","","","0","0","7","晾衣竿","装备武器、刀技","威力：Ａ（力・器）　対象：敵全体
解放晾衣竿的力量","","","64"
"3400","天叢雲","装備武器、刀技","威力：Ａ（力・器）　対象：敵全体　属性：水
天叢雲の力を解放する","","","0","0","7","天丛云","装备武器、刀技","威力：Ａ（力・器）　対象：敵全体　属性：水
解放天丛云的力量","","","64"
"3401","夢幻","装備武器、刀技","威力：Ａ（力・器）　対象：敵ランダム4回　属性：聖
夢幻の力を解放する","","","0","0","7","梦幻","装备武器、刀技","威力：Ａ（力・器）　対象：敵ランダム4回　属性：聖
解放梦幻的力量","","","64"
"3402","月下美人","装備武器、刀技","威力：Ｓ（力・器）　対象：敵単体
月下美人の力を解放する","","","0","0","7","月下美人","装备武器、刀技","威力：Ｓ（力・器）　対象：敵単体
解放月下美人的力量","","","64"
"3403","花神楽","装備武器、刀技","威力：Ａ（力・器）　対象：敵ランダム4回　属性：闇
花神楽の力を解放する","","","0","0","7","花神乐","装备武器、刀技","威力：Ａ（力・器）　対象：敵ランダム4回　属性：闇
解放花神乐的力量","","","64"
"3404","日輪刀","装備武器、刀技","威力：Ａ（力・器）　対象：敵全体　属性：炎
日輪刀の力を解放する","","","0","0","7","日轮刀","装备武器、刀技","威力：Ａ（力・器）　対象：敵全体　属性：炎
解放日轮刀的力量","","","64"
"3405","水刀ウンディーネ","装備武器、刀技","威力：Ｓ（精・魔）　対象：敵全体　属性：水
ウンディーネの力を解放する","","","0","0","8","水刀温蒂妮","装备武器、刀技","威力：Ｓ（精・魔）　対象：敵全体　属性：水
解放温蒂妮的力量","","","64"
"3406","フツノミタマ","装備武器、刀技","威力：Ｚ（力・器）　対象：敵全体　属性：修羅・量子
フツノミタマの力を解放する","","","0","0","40","普通之魂","装备武器、刀技","威力：Ｚ（力・器）　対象：敵全体　属性：修羅・量子
解放普通之魂的力量","","","64"
"3407","炎拳サラマンダー","装備武器、格闘","威力：Ｓ（速・魔）　対象：敵全体　属性：炎
サラマンダーの力を解放する","","","0","0","8","炎拳萨拉曼达","装备武器、格闘","威力：Ｓ（速・魔）　対象：敵全体　属性：炎
解放萨拉曼达的力量","","","64"
"3408","キングオブハート","装備武器、格闘","威力：ＳＳ（力・速）　対象：敵ランダム4回　属性：炎
キングオブハートの力を解放する","","","0","0","10","红心之王","装备武器、格闘","威力：ＳＳ（力・速）　対象：敵ランダム4回　属性：炎
解放红心之王的力量","","","64"
"3409","重力弾","装備武器、格闘","威力：Ｓ（速or精）　対象：敵単体　属性：重力
重力弾を発射し敵を圧壊させる","","","0","0","7","重力弹","装备武器、格闘","威力：Ｓ（速or精）　対象：敵単体　属性：重力
发射重力弹，压碎敌人","","","64"
"3410","重力弾乱射","装備武器、格闘","威力：ＳＳＳ（速or精）　対象：敵ランダム4回　属性：修羅・重力
重力弾を乱射し連続で圧壊させる","","","0","0","14","重力弹乱射","装备武器、格闘","威力：ＳＳＳ（速or精）　対象：敵ランダム4回　属性：修羅・重力
乱射重力弹，连续压碎敌人","","","64"
"3411","重力崩壊","装備武器、格闘","威力：ＺＺ（速or精）　対象：敵全体　属性：修羅・永劫・重力
巨大な重力フィールドを作り出し周辺地域を圧壊する","","","0","0","50","重力崩坏","装备武器、格闘","威力：ＺＺ（速or精）　対象：敵全体　属性：修羅・永劫・重力
创造巨大的重力场，压碎周边区域","","","64"
"3412","アームキャノンVIII式","装備武器、格闘","威力：Ｓ（器）　対象：敵単体　効果：SP非消費
右掌に仕込まれたキャノン砲を発射する","","","0","0","0","臂炮VIII式","装备武器、格闘","威力：Ｓ（器）　対象：敵単体　効果：SP非消費
发射右掌内置的加农炮","","","64"
"3413","アームガトリングVIII式","装備武器、格闘","威力：ＳＳＳ（器）　対象：敵単体3回
左腕に仕込まれたガトリング砲で掃射する","","","0","0","14","臂加特林VIII式","装备武器、格闘","威力：ＳＳＳ（器）　対象：敵単体3回
用左臂内置的加特林炮扫射","","","64"
"3414","背部エナジーキャノンVIII式","装備武器、格闘","威力：ＳＳ（器）　対象：敵全体　属性：雷・水
背部に背負ったエナジーキャノンを発射する","","","0","0","12","背部能量炮VIII式","装备武器、格闘","威力：ＳＳ（器）　対象：敵全体　属性：雷・水
发射背负的能量炮","","","64"
"3415","アームキャノンXIII終式","装備武器、格闘","威力：ＳＳＳ（器）　対象：敵単体　効果：SP非消費
右掌に仕込まれたキャノン砲を発射する","","","0","0","0","臂炮XIII终式","装备武器、格闘","威力：ＳＳＳ（器）　対象：敵単体　効果：SP非消費
发射右掌内置的加农炮","","","64"
"3416","アームガトリングXIII終式","装備武器、格闘","威力：ＺＺ（器）　対象：敵単体3回　属性：修羅
左腕に仕込まれたガトリング砲で掃射する","","","0","0","40","臂加特林XIII终式","装备武器、格闘","威力：ＺＺ（器）　対象：敵単体3回　属性：修羅
用左臂内置的加特林炮扫射","","","64"
"3417","背部エナジーキャノンXIII終式","装備武器、格闘","威力：Ｚ（器）　対象：敵全体　属性：イオン・ナノ
背部に背負ったエナジーキャノンを発射する","","","0","0","40","背部能量炮XIII终式","装备武器、格闘","威力：Ｚ（器）　対象：敵全体　属性：イオン・ナノ
发射背负的能量炮","","","64"
"3418","ミノタウロスの斧","装備武器、斧技","威力：Ｃ（力）　対象：敵単体　効果：会心orミス
ミノタウロスの斧の力を解放する","","","0","0","1","米诺陶洛斯的斧头","装备武器、斧技","威力：Ｃ（力）　対象：敵単体　効果：会心orミス
解放米诺陶洛斯的斧头之力","","","64"
"3419","土斧ノーム","装備武器、斧技","威力：Ｓ（魔・防）　対象：敵全体　属性：土
ノームの力を解放する","","","0","0","8","土斧诺姆","装备武器、斧技","威力：Ｓ（魔・防）　対象：敵全体　属性：土
解放诺姆的力量","","","64"
"3420","如意棒","装備武器、棍技","威力：Ａ（力）　対象：敵全体
如意棒の力を解放する","","","0","0","7","如意棒","装备武器、棍技","威力：Ａ（力）　対象：敵全体
解放如意棒的力量","","","64"
"3421","ミョルニル","装備武器、棍技","威力：Ｓ（力）　対象：敵単体　属性：氷
ミョルニルの力を解放する","","","0","0","7","雷神之锤","装备武器、棍技","威力：Ｓ（力）　対象：敵単体　属性：氷
解放雷神之锤的力量","","","64"
"3422","ヘルの鎌","装備武器、鎌技","威力：ＳＳＳ（力・魔）　対象：敵全体　属性：永劫
ヘルの鎌の力を解放する","","","0","0","17","海拉之镰","装备武器、镰技","威力：ＳＳＳ（力・魔）　対象：敵全体　属性：永劫
解放海拉之镰的力量","","","64"
"3423","ハデスの鎌","装備武器、鎌技","威力：ＳＳＳ（力・魔）　対象：敵全体　属性：終焉
ハデスの鎌の力を解放する","","","0","0","17","哈迪斯之镰","装备武器、镰技","威力：ＳＳＳ（力・魔）　対象：敵全体　属性：終焉
解放哈迪斯之镰的力量","","","64"
"3424","魔導士の杖","装備武器、白魔法","威力：Ｄ（魔）　対象：敵単体　属性：炎
魔導士の杖の力を解放する","","","0","0","3","魔导士之杖","装备武器、白魔法","威力：Ｄ（魔）　対象：敵単体　属性：炎
解放魔导士之杖的力量","","","64"
"3425","裁きの杖","装備武器、白魔法","威力：Ｄ（魔）　対象：敵単体　属性：風
裁きの杖の力を解放する","","","0","0","3","裁决之杖","装备武器、白魔法","威力：Ｄ（魔）　対象：敵単体　属性：風
解放裁决之杖的力量","","","64"
"3426","いかづちの杖","装備武器、白魔法","威力：Ｄ（魔）　対象：敵全体　属性：雷
いかづちの杖の力を解放する","","","0","0","4","雷电之杖","装备武器、白魔法","威力：Ｄ（魔）　対象：敵全体　属性：雷
解放雷电之杖的力量","","","64"
"3427","暗闇の杖","装備武器、白魔法","対象：敵全体　効果：暗闇
暗闇の杖の力を解放する","","","0","0","1","黑暗之杖","装备武器、白魔法","対象：敵全体　効果：暗闇
解放黑暗之杖的力量","","","64"
"3428","さざなみの杖","装備武器、白魔法","威力：Ｄ（魔）　対象：敵全体　属性：水
さざなみの杖の力を解放する","","","0","5","3","波纹之杖","装备武器、白魔法","威力：Ｄ（魔）　対象：敵全体　属性：水
解放波纹之杖的力量","","","64"
"3429","魔封じの杖","装備武器、白魔法","対象：敵全体　効果：沈黙
魔封じの杖の力を解放する","","","0","0","1","封魔之杖","装备武器、白魔法","対象：敵全体　効果：沈黙
解放封魔之杖的力量","","","64"
"3430","奇跡の杖","装備武器、白魔法","対象：味方単体　効果：HP中回復
奇跡の杖の力を解放する","","","0","0","2","奇迹之杖","装备武器、白魔法","対象：味方単体　効果：HP中回復
解放奇迹之杖的力量","","","64"
"3431","ワールドクロニクル","装備武器、黒魔法","威力：Ｓ（魔）　対象：敵全体　属性：銀河
ワールドクロニクルの力を解放する","","","0","0","8","世界编年史","装备武器、黑魔法","威力：Ｓ（魔）　対象：敵全体　属性：銀河
解放世界编年史的力量","","","64"
"3432","デミウルゴス","装備武器、白魔法","威力：ＳＳ（魔）　対象：敵全体　効果：ヌルヌル・拘束
デミウルゴスの力を解放する","","","0","0","12","迪米乌哥斯","装备武器、白魔法","威力：ＳＳ（魔）　対象：敵全体　効果：ヌルヌル・拘束
解放迪米乌哥斯的力量","","","64"
"3433","ホルスの杖","装備武器、白魔法","対象：敵全体　特殊：昇天
ホルスの杖の力を解放する","","","0","0","5","荷鲁斯之杖","装备武器、白魔法","対象：敵全体　特殊：昇天
解放荷鲁斯之杖的力量","","","64"
"3434","トトの杖","装備武器、白魔法","対象：敵全体　効果：即死
トトの杖の力を解放する","","","0","0","5","托特之杖","装备武器、白魔法","対象：敵全体　効果：即死
解放托特之杖的力量","","","64"
"3435","ゼウスの雷霆","装備武器、白魔法","威力：Ｚ（魔）　対象：敵全体　属性：イオン
ゼウスの雷霆の力を解放する","","","0","0","40","宙斯之雷霆","装备武器、白魔法","威力：Ｚ（魔）　対象：敵全体　属性：イオン
解放宙斯之雷霆的力量","","","64"
"3436","ホーリーロッド","装備武器、黒魔法","威力：Ｃ（魔）　対象：敵単体　属性：聖
ホーリーロッドの力を解放する","","","0","0","4","神圣法杖","装备武器、黑魔法","威力：Ｃ（魔）　対象：敵単体　属性：聖
解放神圣法杖的力量","","","64"
"3437","プリンセスガード","装備武器、黒魔法","対象：使用者　効果：防御力アップ・精神力アップ
プリンセスガードの力を解放する","","","0","0","3","公主护卫","装备武器、黑魔法","対象：使用者　効果：防御力アップ・精神力アップ
解放公主守护的力量","","","64"
"3438","アーリマンロッド","装備武器、黒魔法","威力：ＳＳＳ（魔）　対象：敵全体　属性：終焉
アーリマンロッドの力を解放する","","","0","0","17","阿里曼法杖","装备武器、黑魔法","威力：ＳＳＳ（魔）　対象：敵全体　属性：終焉
解放阿里曼法杖的力量","","","64"
"3439","ブラフマーロッド","装備武器、黒魔法","威力：ＳＳＳ（魔）　対象：敵全体　属性：永劫
ブラフマーロッドの力を解放する","","","0","0","17","梵天之法杖","装备武器、黑魔法","威力：ＳＳＳ（魔）　対象：敵全体　属性：永劫
解放梵天之法杖的力量","","","64"
"3440","疾風の弓矢","装備武器、弓技","威力：Ｃ（力・器）　対象：敵ランダム4回
疾風の弓矢の力を解放する","","","0","0","3","疾风之箭","装备武器、弓技","威力：Ｃ（力・器）　対象：敵ランダム4回
解放疾风之箭的力量","","","64"
"3441","与一の弓","装備武器、弓技","威力：Ｂ（力・器）　対象：敵単体3回
与一の弓の力を解放する","","","0","0","4","与一之弓","装备武器、弓技","威力：Ｂ（力・器）　対象：敵単体3回
解放与一之弓的力量","","","64"
"3442","アルテミスの弓","装備武器、弓技","威力：ＳＳ（力・器）　対象：敵全体
アルテミスの弓の力を解放する","","","0","0","12","阿尔忒弥斯之弓","装备武器、弓技","威力：ＳＳ（力・器）　対象：敵全体
解放阿尔忒弥斯之弓的力量","","","64"
"3443","禁鞭","装備武器、鞭技","威力：ＳＳ（力・器）　対象：敵全体
禁鞭の力を解放する","","","0","0","12","禁鞭","装备武器、鞭技","威力：ＳＳ（力・器）　対象：敵全体
解放禁鞭的力量","","","64"
"3444","シューティングスター","装備武器、投擲技","威力：Ｓ（力・器）　対象：敵単体
シューティングスターの力を解放する","","","0","0","7","流星","装备武器、投掷技","威力：Ｓ（力・器）　対象：敵単体
解放流星的力量","","","64"
"3445","スダルサナ","装備武器、投擲技","威力：Ｓ（力・器）　対象：敵全体　属性：風・土・水
スダルサナの力を解放する","","","0","0","8","善见神轮","装备武器、投掷技","威力：Ｓ（力・器）　対象：敵全体　属性：風・土・水
解放善见神轮的力量","","","64"
"3446","ヨルムンガンド","装備武器、鉄球技","威力：ＳＳ（力）　対象：敵ランダム4回
ヨルムンガンドの力を解放する","","","0","0","10","耶梦加得","装备武器、铁球技","威力：ＳＳ（力）　対象：敵ランダム4回
解放耶梦加得之力","","","64"
"3447","ツクヨミの扇","装備武器、扇技","威力：ＳＳＳ（力・魔）　対象：敵全体　属性：終焉
ツクヨミの扇の力を解放する","","","0","0","17","月读之扇","装备武器、扇技","威力：ＳＳＳ（力・魔）　対象：敵全体　属性：終焉
解放月读之扇的力量","","","64"
"3448","アマテラスの扇","装備武器、扇技","威力：ＳＳＳ（力・魔）　対象：敵全体　属性：核熱
アマテラスの扇の力を解放する","","","0","0","17","天照之扇","装备武器、扇技","威力：ＳＳＳ（力・魔）　対象：敵全体　属性：核熱
解放天照之扇的力量","","","64"
"3449","タロットカード","装備武器、オラクル","効果：ランダム
タロットカードを1枚引く","","","0","0","0","塔罗牌","装备武器、神谕","効果：ランダム
抽取一张塔罗牌","","","64"
"3450","サロメの皿","装備武器、御奉仕","威力：Ａ（器）　対象：敵ランダム3回　属性：闇
サロメの皿の力を解放する","","","0","0","6","撒罗默之盘","装备武器、侍奉","威力：Ａ（器）　対象：敵ランダム3回　属性：闇
解放撒罗默之盘的力量","","","64"
"3451","ラジエルの書","装備武器、魔本術","威力：Ａ（魔）　対象：敵全体　属性：聖
ラジエルの書の力を解放する","","","0","0","7","拉结尔之书","装备武器、魔本术","威力：Ａ（魔）　対象：敵全体　属性：聖
解放拉结尔之书的力量","","","64"
"3452","アカシックレコード","装備武器、魔本術","威力：Ｓ（魔）　対象：敵全体　属性：闇
アカシックレコードの力を解放する","","","0","0","8","阿卡西记录","装备武器、魔本术","威力：Ｓ（魔）　対象：敵全体　属性：闇
解放阿卡西记录的力量","","","64"
"3453","メギドファイア","装備武器、銃技","威力：Ｚ（器）　対象：敵全体　属性：核熱
メギドファイアの力を解放する","","","0","0","40","灭世劫炎","装备武器、铳技","威力：Ｚ（器）　対象：敵全体　属性：核熱
解放了灭世劫炎的力量","","","64"
"3454","アルティメイトマスケット","装備武器、銃技","威力：ＳＳＳ（器）　対象：敵全体　属性：修羅・核熱・銀河
アルティメイトマスケットの力を解放する","","","0","0","17","究极滑膛枪","装备武器、铳技","威力：ＳＳＳ（器）　対象：敵全体　属性：修羅・核熱・銀河
解放究极滑膛枪的力量","","","64"
"3455","莫邪宝剣","装備武器、剣技","威力：Ｓ（魔）　対象：敵ランダム4回　属性：雷
莫邪宝剣の力を解放する","","","0","0","6","莫邪宝剑","装备武器、剑技","威力：Ｓ（魔）　対象：敵ランダム4回　属性：雷
解放莫邪宝剑的力量","","","64"
"3456","番天印","装備武器、銃技","威力：Ａ（魔）　対象：敵全体　属性：炎
番天印の力を解放する","","","0","0","5","番天印","装备武器、铳技","威力：Ａ（魔）　対象：敵全体　属性：炎
解放番天印的力量","","","64"
"3457","傾世元禳","装備武器、淫技","威力：Ｂ（魔）　対象：敵全体　属性：快楽　効果：恍惚・誘惑
傾世元禳の力を解放する","","","0","0","5","倾世元禳","装备武器、淫技","威力：Ｂ（魔）　対象：敵全体　属性：快楽　効果：恍惚・誘惑
解放倾世元禳的力量","","","64"
"3458","風火輪ブースト","装備武器、特技","対象：使用者　効果：風火輪ブースト状態
素早さと回避率がアップし、陰陽術と装備武器が二連続発動","","","0","0","5","风火轮提升","装备武器、特技","対象：使用者　効果：風火輪ブースト状態
敏捷和回避率提升，阴阳术和装备武器连续发动两次","","","64"
"3459","火炎弾","装備武器、銃技","威力：Ｂ（器）　対象：敵単体　属性：炎
炎の属性弾を発射する","","","0","10","0","火炎弹","装备武器、铳技","威力：Ｂ（器）　対象：敵単体　属性：炎
发射炎属性弹","","","64"
"3460","氷結弾","装備武器、銃技","威力：Ｂ（器）　対象：敵単体　属性：氷
氷の属性弾を発射する","","","0","10","0","冰结弹","装备武器、铳技","威力：Ｂ（器）　対象：敵単体　属性：氷
发射冰属性弹","","","64"
"3461","疾風弾","装備武器、銃技","威力：Ｂ（器）　対象：敵単体　属性：風
風の属性弾を発射する","","","0","10","0","疾风弹","装备武器、铳技","威力：Ｂ（器）　対象：敵単体　属性：風
发射风属性弹","","","64"
"3462","雷撃弾","装備武器、銃技","威力：Ｂ（器）　対象：敵単体　属性：雷
雷の属性弾を発射する","","","0","10","0","雷击弹","装备武器、铳技","威力：Ｂ（器）　対象：敵単体　属性：雷
发射雷属性弹","","","64"
"3463","土遁弾","装備武器、銃技","威力：Ｂ（器）　対象：敵単体　属性：土
土の属性弾を発射する","","","0","10","0","土遁弹","装备武器、铳技","威力：Ｂ（器）　対象：敵単体　属性：土
发射土属性弹","","","64"
"3464","流撃弾","装備武器、銃技","威力：Ｂ（器）　対象：敵単体　属性：水
水の属性弾を発射する","","","0","10","0","流击弹","装备武器、铳技","威力：Ｂ（器）　対象：敵単体　属性：水
发射水属性弹","","","64"
"3465","聖槍トリプルロンギヌス","装備武器、槍技","威力：４Ｚ（力・速）　対象：敵単体3回　属性：修羅・イオン・永劫　効果：昇天
神に与えられた力を解放し、神敵を滅ぼす聖槍究極の三連撃","","","0","0","50","圣枪三重朗基努斯","装备武器、枪技","威力：４Ｚ（力・速）　対象：敵単体3回　属性：修羅・イオン・永劫　効果：昇天
解放神赐予的力量，对神敌进行圣枪究极三连击","","","64"
"3487","むりやり手コキ","未分类技能","","","","0","0","0","强行手淫","未分类技能","","","","0"
"3488","プレジャードレイン","未分类技能","","","","0","0","0","快乐吸取","未分类技能","","","","0"
"3489","ノームのお口遊び","未分类技能","","","","0","0","0","诺姆的口技","未分类技能","","","","0"
"3490","しゃぶる","未分类技能","","","","0","0","0","吸吮","未分类技能","","","","0"
"3491","悪夢の抱擁","未分类技能","","","","0","0","0","恶梦的拥抱","未分类技能","","","","0"
"3492","ドレインハンド","未分类技能","","","","0","0","0","吸精手","未分类技能","","","","0"
"3493","疑似捕食機構","未分类技能","","","","0","0","0","拟态捕食机制","未分类技能","","","","0"
"3494","取り込む","未分类技能","","","","0","0","0","吞入","未分类技能","","","","0"
"3495","搾精の蠕動","未分类技能","","","","0","0","0","榨精蠕动","未分类技能","","","","0"
"3496","ルクスルスロウン","未分类技能","","","","0","0","0","露克斯王座","未分类技能","","","","0"
"3497","メルトシザーズ","未分类技能","","","","0","0","0","熔断剪","未分类技能","","","","0"
"3498","押し倒し","未分类技能","","","","0","0","0","推倒","未分类技能","","","","0"
"3499","押し倒し","未分类技能","","","","0","0","0","推倒","未分类技能","","","","0"
"3500","攻撃","未分类技能","","","","0","0","0","攻击","未分类技能","","","","0"
"3501","粘液の触手","未分类技能","","","","0","0","0","粘液触手","未分类技能","","","","0"
"3502","スライム股間責め","未分类技能","","","","0","0","0","史莱姆股间责","未分类技能","","","","0"
"3503","スライム股間責め","未分类技能","","","","0","0","0","史莱姆股间责","未分类技能","","","","0"
"3504","スライム浸食","未分类技能","","","","0","0","0","史莱姆侵蚀","未分类技能","","","","0"
"3505","スライムドロウ","拘束時専用技","","","","0","0","0","史莱姆黏液","拘束时专用技","","","","65"
"3506","スライムヘブン","拘束時専用技","","","","0","0","0","史莱姆天堂","拘束时专用技","","","","65"
"3507","笑う","未分类技能","","","","0","0","0","笑","未分类技能","","","","0"
"3509","ヌルヌル攻撃","未分类技能","","","","0","0","0","黏滑攻击","未分类技能","","","","0"
"3510","毒攻撃","未分类技能","","","","0","0","0","毒攻击","未分类技能","","","","0"
"3511","ネバネバ粘液","未分类技能","","","","0","0","0","黏糊糊粘液","未分类技能","","","","0"
"3512","ヌルヌル愛撫","未分类技能","","","","0","0","0","黏滑爱抚","未分类技能","","","","0"
"3513","のしかかり","未分类技能","","","","0","0","0","压制","未分类技能","","","","0"
"3514","ナメクジ蹂躙","拘束時専用技","","","","0","0","0","蛞蝓蹂躏","拘束时专用技","","","","65"
"3516","小悪魔手コキ","未分类技能","","","","0","0","0","小恶魔手淫","未分类技能","","","","0"
"3517","小悪魔の指技","未分类技能","","","","0","0","0","小恶魔的指技","未分类技能","","","","0"
"3518","小悪魔フェラ","未分类技能","","","","0","0","0","小恶魔口交","未分类技能","","","","0"
"3519","小悪魔の口技","未分类技能","","","","0","0","0","小恶魔的口技","未分类技能","","","","0"
"3520","小悪魔パイズリ","未分类技能","","","","0","0","0","小恶魔乳交","未分类技能","","","","0"
"3521","押し倒し","未分类技能","","","","0","0","0","推倒","未分类技能","","","","0"
"3522","小悪魔レイプ","拘束時専用技","","","","0","0","0","小恶魔强奸","拘束时专用技","","","","65"
"3523","小悪魔の腰振り","永久拘束時専用技","","","","0","0","0","小恶魔的腰动","永久拘束时专用技","","","","66"
"3525","ふわふわしっぽ","獣技","誘惑時専用","","","0","0","0","蓬松尾巴","獣技","诱惑时专用","","","53"
"3527","じっくりフェラ","未分类技能","","","","0","0","0","细细品味口交","未分类技能","","","","0"
"3528","ふっくらパイズリ","未分类技能","","","","0","0","0","丰满的乳交","未分类技能","","","","0"
"3529","魔草の髪","未分类技能","","","","0","0","0","魔草的头发","未分类技能","","","","0"
"3532","目潰し攻撃","未分类技能","","","","0","0","0","致盲攻击","未分类技能","","","","0"
"3535","なめなめ","未分类技能","","","","0","0","0","舔舔","未分类技能","","","","0"
"3536","なめなめ","未分类技能","","","","0","0","0","舔舔","未分类技能","","","","0"
"3538","巻き付く","未分类技能","","","","0","0","0","缠绕的","未分类技能","","","","0"
"3539","巻き付く","未分类技能","","","","0","0","0","缠绕的","未分类技能","","","","0"
"3540","締め付ける","拘束時専用技","","","","0","0","0","紧缚","拘束时专用技","","","","65"
"3541","スイートワーム","拘束時専用技","","","","0","0","0","甜蜜蠕虫","拘束时专用技","","","","65"
"3545","サンドハリケーン","未分类技能","","","","0","0","0","沙尘暴","未分类技能","","","","0"
"3546","ムリヤリ手コキ","未分类技能","","","","0","0","0","强行手淫","未分类技能","","","","0"
"3547","むぐむぐフェラ","未分类技能","","","","0","0","0","咕噜咕噜口交","未分类技能","","","","0"
"3548","むぎゅむぎゅ素股","未分类技能","","","","0","0","0","咕噜咕噜素股","未分类技能","","","","0"
"3549","のしかかり","未分类技能","","","","0","0","0","压制","未分类技能","","","","0"
"3550","小鬼の名器","拘束時専用技","","","","0","0","0","小鬼的名器","拘束时专用技","","","","65"
"3551","小鬼の名器","永久拘束時専用技","","","","0","0","0","小鬼的名器","永久拘束时专用技","","","","66"
"3554","プチ尻尾コキ","未分类技能","","","","0","0","0","普蒂尾巴手淫","未分类技能","","","","0"
"3555","チロチロフェラ","未分类技能","","","","0","0","0","舌尖舔舐口交","未分类技能","","","","0"
"3556","ちっぱいずり","未分类技能","","","","0","0","0","贫乳摩擦","未分类技能","","","","0"
"3557","プチロール","未分类技能","","","","0","0","0","普蒂尾巴卷","未分类技能","","","","0"
"3558","プチ蛇魔の姦淫","拘束時専用技","","","","0","0","0","普蒂蛇魔的奸淫","拘束时专用技","","","","65"
"3559","プチ秒殺の膣圧","永久拘束時専用技","","","","0","0","0","普蒂秒杀的阴道压力","永久拘束时专用技","","","","66"
"3560","プチ秒殺の腰振り","永久拘束時専用技","","","","0","0","0","普蒂秒杀的腰摆动","永久拘束时专用技","","","","66"
"3563","エナジースティール","未分类技能","","","","0","0","0","能量窃取","未分类技能","","","","0"
"3565","マントコキ","未分类技能","","","","0","0","0","斗篷玩弄","未分类技能","","","","0"
"3566","パンツコキ","未分类技能","","","","0","0","0","内裤玩弄","未分类技能","","","","0"
"3576","リーチテイル","未分类技能","","","","0","0","0","伸长尾巴","未分类技能","","","","0"
"3577","吸精","未分类技能","","","","0","0","0","吸精","未分类技能","","","","0"
"3578","ヒダ地獄","未分类技能","","","","0","0","0","褶皱地狱","未分类技能","","","","0"
"3579","咥え込み","未分类技能","","","","0","0","0","含住","未分类技能","","","","0"
"3580","吸精","拘束時専用技","","","","0","0","0","吸精","拘束时专用技","","","","65"
"3581","ヒダ地獄","拘束時専用技","","","","0","0","0","褶皱地狱","拘束时专用技","","","","65"
"3584","優しい指遣い","未分类技能","","","","0","0","0","温柔的手法","未分类技能","","","","0"
"3585","むっちり素股","未分类技能","","","","0","0","0","丰满的素股","未分类技能","","","","0"
"3586","押し倒し","未分类技能","","","","0","0","0","推倒","未分类技能","","","","0"
"3587","お姉さんの逆レイプ","拘束時専用技","","","","0","0","0","姐姐的逆强奸","拘束时专用技","","","","65"
"3588","優しくじっくり腰振り","永久拘束時専用技","","","","0","0","0","温柔地慢慢摇动腰部","永久拘束时专用技","","","","66"
"3590","酔っ払いキス","未分类技能","","","","0","0","0","醉酒之吻","未分类技能","","","","0"
"3591","酔っ払い手淫","未分类技能","","","","0","0","0","醉酒手淫","未分类技能","","","","0"
"3592","酔っ払いフェラ","未分类技能","","","","0","0","0","醉酒口交","未分类技能","","","","0"
"3594","ハサミ","未分类技能","","","","0","0","0","剪刀","未分类技能","","","","0"
"3595","全身洗浄","未分类技能","","","","0","0","0","全身清洗","未分类技能","","","","0"
"3596","抱え込み","未分类技能","","","","0","0","0","抱住","未分类技能","","","","0"
"3597","全身洗浄","拘束時専用技","","","","0","0","0","全身清洗","拘束时专用技","","","","65"
"3600","メルトシザーズ","未分类技能","","","","0","0","0","熔断剪","未分类技能","","","","0"
"3601","メルトシザーズ","未分类技能","","","","0","0","0","熔断剪","未分类技能","","","","0"
"3602","メルトシザーズ","拘束時専用技","","","","0","0","0","熔断剪","拘束时专用技","","","","65"
"3607","虚ろの手コキ","未分类技能","","","","0","0","0","空虚的手淫","未分类技能","","","","0"
"3608","虚ろの手淫","未分类技能","","","","0","0","0","空虚的手淫","未分类技能","","","","0"
"3609","虚ろのフェラ","未分类技能","","","","0","0","0","空虚的口交","未分类技能","","","","0"
"3610","虚ろの口淫","未分类技能","","","","0","0","0","空虚的口交","未分类技能","","","","0"
"3611","虚ろのパイズリ","未分类技能","","","","0","0","0","空虚的乳交","未分类技能","","","","0"
"3614","触手愛撫","未分类技能","","","","0","0","0","触手爱抚","未分类技能","","","","0"
"3615","触手愛撫","未分类技能","","","","0","0","0","触手爱抚","未分类技能","","","","0"
"3616","触手吸精","未分类技能","","","","0","0","0","触手吸精","未分类技能","","","","0"
"3617","触手拘束","未分类技能","","","","0","0","0","触手拘束","未分类技能","","","","0"
"3618","触手吸精","拘束時専用技","","","","0","0","0","触手吸精","拘束时专用技","","","","65"
"3622","押し付け尻コキ","未分类技能","","","","0","0","0","压臀手淫","未分类技能","","","","0"
"3623","オークレイプ","拘束時専用技","","","","0","0","0","兽人强奸","拘束时专用技","","","","65"
"3624","オーク腰振り","永久拘束時専用技","","","","0","0","0","兽人腰动","永久拘束时专用技","","","","66"
"3627","舐め回し","未分类技能","","","","0","0","0","舔舐","未分类技能","","","","0"
"3628","舐め回し","未分类技能","","","","0","0","0","舔舐","未分类技能","","","","0"
"3629","拘束舐め回し","未分类技能","","","","0","0","0","拘束舔舐","未分类技能","","","","0"
"3630","拘束舐め回し","未分类技能","","","","0","0","0","拘束舔舐","未分类技能","","","","0"
"3631","拘束舐め回し","拘束時専用技","","","","0","0","0","拘束舔舐","拘束时专用技","","","","65"
"3633","ぱたぱた","未分类技能","","","","0","0","0","啪嗒啪嗒","未分类技能","","","","0"
"3634","スズメ足コキ","未分类技能","","","","0","0","0","麻雀脚舔舐","未分类技能","","","","0"
"3636","鳥妖の足コキ","未分类技能","","","","0","0","0","鸟妖的足交","未分类技能","","","","0"
"3637","飛来押し倒し","未分类技能","","","","0","0","0","飞来推倒","未分类技能","","","","0"
"3638","強制子作り","拘束時専用技","","","","0","0","0","强制受孕","拘束时专用技","","","","65"
"3639","鳥妖の名器","永久拘束時専用技","","","","0","0","0","鸟妖的名器","永久拘束时专用技","","","","66"
"3640","強制種付けの腰振り","拘束時専用技","","","","0","0","0","强制受孕的腰动","拘束时专用技","","","","65"
"3644","羽交い締め","未分类技能","","","","0","0","0","羽翼束缚","未分类技能","","","","0"
"3645","拘束羽根愛撫","拘束時専用技","","","","0","0","0","拘束羽翼爱抚","拘束时专用技","","","","65"
"3646","鳥妖の口淫","拘束時専用技","","","","0","0","0","鸟妖口交","拘束时专用技","","","","65"
"3648","躊躇","未分类技能","","","","0","0","0","犹豫","未分类技能","","","","0"
"3649","鳥妖の口淫","未分类技能","","","","0","0","0","鸟妖口交","未分类技能","","","","0"
"3650","女王のパイズリ","未分类技能","","","","0","0","0","女王的乳交","未分类技能","","","","0"
"3651","女王との交わり","拘束時専用技","","","","0","0","0","与女王的交合","拘束时专用技","","","","65"
"3652","女王の名器","永久拘束時専用技","","","","0","0","0","女王的名器","永久拘束时专用技","","","","66"
"3653","女王の腰遣い","拘束時専用技","","","","0","0","0","女王的腰技","拘束时专用技","","","","65"
"3656","スラッグドレイン","拘束時専用技","","","","0","0","0","黏液吸精","拘束时专用技","","","","65"
"3658","ナメクジフェラ","未分类技能","","","","0","0","0","蛞蝓口交","未分类技能","","","","0"
"3659","ナメクジ胸舐め","未分类技能","","","","0","0","0","蛞蝓胸舔","未分类技能","","","","0"
"3660","ナメクジ股間舐め","未分类技能","","","","0","0","0","蛞蝓股间舔","未分类技能","","","","0"
"3661","ナメクジパイズリ","未分类技能","","","","0","0","0","蛞蝓乳交","未分类技能","","","","0"
"3663","トリプル絡み付き","未分类技能","","","","0","0","0","三重缠绕","未分类技能","","","","0"
"3664","ナメクジ蹂躙","拘束時専用技","","","","0","0","0","蛞蝓蹂躏","拘束时专用技","","","","65"
"3666","おどおど素股","拘束時専用技","","","","0","0","0","胆怯的素股","拘束时专用技","","","","65"
"3667","おどおどレイプ","拘束時専用技","","","","0","0","0","胆怯的强奸","拘束时专用技","","","","65"
"3668","おどおど腰振り","永久拘束時専用技","","","","0","0","0","胆怯的腰动","永久拘束时专用技","","","","66"
"3670","拘束触手愛撫","未分类技能","","","","0","0","0","拘束触手爱抚","未分类技能","","","","0"
"3671","拘束触手愛撫","拘束時専用技","","","","0","0","0","拘束触手爱抚","拘束时专用技","","","","65"
"3672","拘束触手締め付け","拘束時専用技","","","","0","0","0","拘束触手紧缚","拘束时专用技","","","","65"
"3675","搾精孔吸精","拘束時専用技","","","","0","0","0","榨精孔吸精","拘束时专用技","","","","65"
"3678","炎石","未分类技能","","","","0","0","0","炎石","未分类技能","","","","0"
"3679","ロウ愛撫","未分类技能","","","","0","0","0","蜡爱抚","未分类技能","","","","0"
"3680","ロウ固め","未分类技能","","","","0","0","0","蜡固化","未分类技能","","","","0"
"3681","ロウ固め","未分类技能","","","","0","0","0","蜡固化","未分类技能","","","","0"
"3682","キャンドール","拘束時専用技","","","","0","0","0","蜡烛","拘束时专用技","","","","65"
"3686","肉花かぶりつき","未分类技能","","","","0","0","0","肉花覆盖","未分类技能","","","","0"
"3687","肉花イーター","拘束時専用技","","","","0","0","0","肉花吞噬","拘束时专用技","","","","65"
"3691","しっぽ毒針","未分类技能","","","","0","0","0","尾巴毒针","未分类技能","","","","0"
"3692","飛びつき押し倒し","未分类技能","","","","0","0","0","飞扑压制","未分类技能","","","","0"
"3693","ワイルドレイプ","拘束時専用技","","","","0","0","0","野性强奸","拘束时专用技","","","","65"
"3694","ワイルドレイプ","永久拘束時専用技","","","","0","0","0","野性强奸","永久拘束时专用技","","","","66"
"3696","ルクスレーザー","未分类技能","","","","0","0","0","鲁克斯激光","未分类技能","","","","0"
"3697","マルチビットクロー","未分类技能","","","","0","0","0","多比特爪","未分类技能","","","","0"
"3698","ルクスルスロウン","未分类技能","","","","0","0","0","露克斯王座","未分类技能","","","","0"
"3699","ルクスルスロウン","未分类技能","","","","0","0","0","露克斯王座","未分类技能","","","","0"
"3700","ルクスルスロウン","拘束時専用技","","","","0","0","0","露克斯王座","拘束时专用技","","","","65"
"3704","エルフの手コキ","未分类技能","","","","0","0","0","精灵的手淫","未分类技能","","","","0"
"3705","エルフの手淫","未分类技能","","","","0","0","0","精灵手淫","未分类技能","","","","0"
"3706","エルフのフェラ","未分类技能","","","","0","0","0","精灵的口交","未分类技能","","","","0"
"3707","エルフの口淫","未分类技能","","","","0","0","0","精灵口交","未分类技能","","","","0"
"3708","エルフのパイズリ","未分类技能","","","","0","0","0","精灵的乳交","未分类技能","","","","0"
"3711","テンタクルドレイン","拘束時専用技","","","","0","0","0","触手吸取","拘束时专用技","","","","65"
"3716","フェアリーのいたずら","未分类技能","","","","0","0","0","妖精的恶作剧","未分类技能","","","","0"
"3717","サキュバスフラワー","未分类技能","","","","0","0","0","魅魔之花","未分类技能","","","","0"
"3720","ミニメルティウォッシュ","未分类技能","","","","0","0","0","迷你甜蜜洗涤","未分类技能","","","","0"
"3721","ミニメルティウォッシュ","拘束時専用技","","","","0","0","0","迷你甜蜜洗涤","拘束时专用技","","","","65"
"3726","肉厚の花弁","未分类技能","","","","0","0","0","厚实的花瓣","未分类技能","","","","0"
"3728","咥え込み","未分类技能","","","","0","0","0","含住","未分类技能","","","","0"
"3729","強制受粉","拘束時専用技","","","","0","0","0","强制授粉","拘束时专用技","","","","65"
"3733","ケンタウロスキッス","未分类技能","","","","0","0","0","马人之吻","未分类技能","","","","0"
"3734","ケンタウロス手コキ","未分类技能","","","","0","0","0","马人手淫","未分类技能","","","","0"
"3735","ケンタウロスフェラ","未分类技能","","","","0","0","0","马人口交","未分类技能","","","","0"
"3740","なめなめ","未分类技能","","","","0","0","0","舔舔","未分类技能","","","","0"
"3741","しこしこ","未分类技能","","","","0","0","0","撸呀撸呀","未分类技能","","","","0"
"3742","おつきさまふたつ","未分类技能","","","","0","0","0","两轮明月","未分类技能","","","","0"
"3747","八本足愛撫","未分类技能","","","","0","0","0","八足爱抚","未分类技能","","","","0"
"3748","股間粘糸責め","虫技","","","","0","0","0","股间粘丝责","虫技","","","","57"
"3749","粘糸巻き上げ","未分类技能","","","","0","0","0","粘液卷起","未分类技能","","","","0"
"3750","粘糸巻き上げ","未分类技能","","","","0","0","0","粘液卷起","未分类技能","","","","0"
"3751","強制搾取","拘束時専用技","","","","0","0","0","强制榨取","拘束时专用技","","","","65"
"3753","二つの月","未分类技能","","","","0","0","0","两个月亮","未分类技能","","","","0"
"3754","七つの月","未分类技能","","","","0","0","0","七个月亮","未分类技能","","","","0"
"3755","狐の口さばき","未分类技能","","","","0","0","0","狐狸口技","未分类技能","","","","0"
"3756","狐の胸さばき","未分类技能","","","","0","0","0","狐狸胸技","未分类技能","","","","0"
"3757","尻尾拘束愛撫","未分类技能","","","","0","0","0","尾巴拘束爱抚","未分类技能","","","","0"
"3758","尻尾拘束","未分类技能","","","","0","0","0","尾巴拘束","未分类技能","","","","0"
"3759","拘束尻尾愛撫","拘束時専用技","","","","0","0","0","拘束尾巴爱抚","拘束时专用技","","","","65"
"3763","サイ・シエラ","未分类技能","","","","0","0","0","赛・希耶拉","未分类技能","","","","0"
"3764","サイ・カレス","未分类技能","","","","0","0","0","赛・卡雷斯","未分类技能","","","","0"
"3765","サイコドレイン","未分类技能","","","","0","0","0","念动榨取","未分类技能","","","","0"
"3766","サイコドレイン","未分类技能","","","","0","0","0","念动榨取","未分类技能","","","","0"
"3767","サイコヘブン","未分类技能","","","","0","0","0","念动天堂","未分类技能","","","","0"
"3772","ナマコ吸引","未分类技能","","","","0","0","0","海参吸引","未分类技能","","","","0"
"3773","搾精の蠕動","拘束時専用技","","","","0","0","0","榨精蠕动","拘束时专用技","","","","65"
"3774","恍惚の蠕動","拘束時専用技","","","","0","0","0","恍惚蠕动","拘束时专用技","","","","65"
"3775","搾精の蠕動","未分类技能","","","","0","0","0","榨精蠕动","未分类技能","","","","0"
"3776","恍惚の蠕動","未分类技能","","","","0","0","0","恍惚蠕动","未分类技能","","","","0"
"3778","触手吸引","未分类技能","","","","0","0","0","触手吸引","未分类技能","","","","0"
"3779","触手吸引","未分类技能","","","","0","0","0","触手吸引","未分类技能","","","","0"
"3780","ラブジェイル","未分类技能","","","","0","0","0","爱之枷锁","未分类技能","","","","0"
"3781","ラブジェイル・ハンド","拘束時専用技","","","","0","0","0","爱之枷锁・手","拘束时专用技","","","","65"
"3782","ラブジェイル・フェラ","拘束時専用技","","","","0","0","0","爱之枷锁・口交","拘束时专用技","","","","65"
"3783","ラブジェイル・アナル","拘束時専用技","","","","0","0","0","爱之枷锁・肛门","拘束时专用技","","","","65"
"3785","バブルウォッシュ","未分类技能","","","","0","0","0","泡沫洗礼","未分类技能","","","","0"
"3786","泡手コキ","未分类技能","","","","0","0","0","泡沫手淫","未分类技能","","","","0"
"3787","メルティウォッシュ","未分类技能","","","","0","0","0","甜蜜洗涤","未分类技能","","","","0"
"3788","メルティウォッシュ","拘束時専用技","","","","0","0","0","甜蜜洗涤","拘束时专用技","","","","65"
"3790","ジェリーハンズ","未分类技能","","","","0","0","0","果冻之手","未分类技能","","","","0"
"3791","メルティバスト","未分类技能","","","","0","0","0","甜蜜乳房","未分类技能","","","","0"
"3792","ドロウンヒップ","未分类技能","","","","0","0","0","粘液臀部","未分类技能","","","","0"
"3793","粘妖ぐちゅぐちゅフェラ","未分类技能","","","","0","0","0","粘妖咕啾咕啾口交","未分类技能","","","","0"
"3794","アメーバーホールド","未分类技能","","","","0","0","0","变形虫拥抱","未分类技能","","","","0"
"3795","アメーバーヘイズ","拘束時専用技","","","","0","0","0","变形虫迷雾","拘束时专用技","","","","65"
"3796","アメーバードレイン","拘束時専用技","","","","0","0","0","变形虫吸取","拘束时专用技","","","","65"
"3797","アメーバーヘイズ","未分类技能","","","","0","0","0","变形虫迷雾","未分类技能","","","","0"
"3798","アメーバードレイン","未分类技能","","","","0","0","0","变形虫吸取","未分类技能","","","","0"
"3800","スイカかぶりつき","未分类技能","","","","0","0","0","西瓜啃咬","未分类技能","","","","0"
"3802","尻尾愛撫","未分类技能","","","","0","0","0","尾巴爱抚","未分类技能","","","","0"
"3803","尻尾愛撫","未分类技能","","","","0","0","0","尾巴爱抚","未分类技能","","","","0"
"3804","ラミアロール","未分类技能","","","","0","0","0","拉米亚滚动","未分类技能","","","","0"
"3805","締め上げる","拘束時専用技","","","","0","0","0","紧缩","拘束时专用技","","","","65"
"3806","ロール手コキ","拘束時専用技","","","","0","0","0","滚动手淫","拘束时专用技","","","","65"
"3807","ロールフェラ","拘束時専用技","","","","0","0","0","滚动口交","拘束时专用技","","","","65"
"3808","ロールパイズリ","拘束時専用技","","","","0","0","0","滚动乳交","拘束时专用技","","","","65"
"3809","ラミアの魔膣","拘束時専用技","","","","0","0","0","拉米亚的魔穴","拘束时专用技","","","","65"
"3810","ラミアの魔膣","永久拘束時専用技","","","","0","0","0","拉米亚的魔穴","永久拘束时专用技","","","","66"
"3811","秒殺の膣圧","永久拘束時専用技","","","","0","0","0","秒杀的腔压","永久拘束时专用技","","","","66"
"3812","締め上げる","未分类技能","","","","0","0","0","紧缩","未分类技能","","","","0"
"3814","ワカメ愛撫","未分类技能","","","","0","0","0","裙带菜爱抚","未分类技能","","","","0"
"3815","ワカメ愛撫","未分类技能","","","","0","0","0","裙带菜爱抚","未分类技能","","","","0"
"3816","ワカメロール","未分类技能","","","","0","0","0","裙带菜滚动","未分类技能","","","","0"
"3817","ワカメ蹂躙","拘束時専用技","","","","0","0","0","裙带菜蹂躏","拘束时专用技","","","","65"
"3818","ワカメ蹂躙","未分类技能","","","","0","0","0","裙带菜蹂躏","未分类技能","","","","0"
"3820","触手捕獲","未分类技能","","","","0","0","0","触手捕获","未分类技能","","","","0"
"3821","肉棒触手責め","拘束時専用技","","","","0","0","0","肉棒触手责","拘束时专用技","","","","65"
"3822","ジェルプリズン","拘束時専用技","","","","0","0","0","凝胶监狱","拘束时专用技","","","","65"
"3823","ジェルプリズン","永久拘束時専用技","","","","0","0","0","凝胶监狱","永久拘束时专用技","","","","66"
"3824","ジェルプリズン","未分类技能","","","","0","0","0","凝胶监狱","未分类技能","","","","0"
"3826","恍惚の触手愛撫","未分类技能","","","","0","0","0","恍惚的触手爱抚","未分类技能","","","","0"
"3827","口盤に引き込む","未分类技能","","","","0","0","0","吸入口盘","未分类技能","","","","0"
"3828","搾精イソギンチャクの蠕動","拘束時専用技","","","","0","0","0","榨精海葵的蠕动","拘束时专用技","","","","65"
"3829","搾精イソギンチャクの蠕動","未分类技能","","","","0","0","0","榨精海葵的蠕动","未分类技能","","","","0"
"3831","取り込む","未分类技能","","","","0","0","0","吞入","未分类技能","","","","0"
"3832","取り込む","拘束時専用技","","","","0","0","0","吞入","拘束时专用技","","","","65"
"3833","同化吸収","永久拘束時専用技","","","","0","0","0","同化吸收","永久拘束时专用技","","","","66"
"3834","同化吸収","未分类技能","","","","0","0","0","同化吸收","未分类技能","","","","0"
"3838","マーメイド手コキ","未分类技能","","","","0","0","0","人鱼手淫","未分类技能","","","","0"
"3839","マーメイド手淫","未分类技能","","","","0","0","0","人鱼手淫","未分类技能","","","","0"
"3840","マーメイドヘア","未分类技能","","","","0","0","0","人鱼头发","未分类技能","","","","0"
"3841","マーメイドヘア","未分类技能","","","","0","0","0","人鱼头发","未分类技能","","","","0"
"3842","マーメイドフェラ","未分类技能","","","","0","0","0","人鱼口交","未分类技能","","","","0"
"3843","マーメイドパイズリ","未分类技能","","","","0","0","0","人鱼乳交","未分类技能","","","","0"
"3846","甘いおしゃぶり","未分类技能","","","","0","0","0","甜美的吮吸","未分类技能","","","","0"
"3847","甘いおしゃぶり","未分类技能","","","","0","0","0","甜美的吮吸","未分类技能","","","","0"
"3848","甘いパイズリ","未分类技能","","","","0","0","0","甜蜜的乳交","未分类技能","","","","0"
"3849","麻痺おしゃぶり","未分类技能","","","","0","0","0","麻痹舔舐","未分类技能","","","","0"
"3850","麻痺おしゃぶり","未分类技能","","","","0","0","0","麻痹舔舐","未分类技能","","","","0"
"3854","掴む","未分类技能","","","","0","0","0","抓住","未分类技能","","","","0"
"3855","いじくり回す","拘束時専用技","","","","0","0","0","挑逗","拘束时专用技","","","","65"
"3859","テンタクルバインド","未分类技能","","","","0","0","0","触手束缚","未分类技能","","","","0"
"3860","触手地獄","拘束時専用技","","","","0","0","0","触手地狱","拘束时专用技","","","","65"
"3861","肉器への誘い","拘束時専用技","","","","0","0","0","肉器的诱惑","拘束时专用技","","","","65"
"3862","強制精液搾取","永久拘束時専用技","","","","0","0","0","强制榨精","永久拘束时专用技","","","","66"
"3863","肉器への誘い","未分类技能","","","","0","0","0","肉器的诱惑","未分类技能","","","","0"
"3865","歓喜の手淫","未分类技能","","","","0","0","0","欢愉的手淫","未分类技能","","","","0"
"3866","恵みの口淫","未分类技能","","","","0","0","0","恩惠的口交","未分类技能","","","","0"
"3867","慈愛の胸圧","未分类技能","","","","0","0","0","慈爱的胸压","未分类技能","","","","0"
"3868","至福の蛇体","未分类技能","","","","0","0","0","至福的蛇身","未分类技能","","","","0"
"3869","恍惚の蛇締","未分类技能","","","","0","0","0","恍惚的蛇缚","未分类技能","","","","0"
"3871","シスターの手淫","未分类技能","","","","0","0","0","修女的手淫","未分类技能","","","","0"
"3872","シスターの胸淫","未分类技能","","","","0","0","0","修女的胸交","未分类技能","","","","0"
"3873","シスターの口淫","未分类技能","","","","0","0","0","修女的口交","未分类技能","","","","0"
"3874","シスターレイプ","拘束時専用技","","","","0","0","0","修女强奸","拘束时专用技","","","","65"
"3875","シスターレイプ","永久拘束時専用技","","","","0","0","0","修女强奸","永久拘束时专用技","","","","66"
"3878","股間ベロベロ舐め","未分类技能","","","","0","0","0","股间舔舔","未分类技能","","","","0"
"3879","股間ベロベロ舐め","未分类技能","","","","0","0","0","股间舔舔","未分类技能","","","","0"
"3880","舌ロール","未分类技能","","","","0","0","0","舌卷","未分类技能","","","","0"
"3881","舌巻き締め","拘束時専用技","","","","0","0","0","舌缠紧","拘束时专用技","","","","65"
"3882","舌巻き舐め回し","拘束時専用技","","","","0","0","0","舌卷舔遍","拘束时专用技","","","","65"
"3883","舌巻き締め","未分类技能","","","","0","0","0","舌缠紧","未分类技能","","","","0"
"3884","舌巻き舐め回し","未分类技能","","","","0","0","0","舌卷舔遍","未分类技能","","","","0"
"3886","グリズリーレイプ","拘束時専用技","","","","0","0","0","灰熊强奸","拘束时专用技","","","","65"
"3887","グリズリーレイプ","永久拘束時専用技","","","","0","0","0","灰熊强奸","永久拘束时专用技","","","","66"
"3892","リトン搾精器","未分类技能","","","","0","0","0","利顿榨精器","未分类技能","","","","0"
"3893","リトン搾精器","未分类技能","","","","0","0","0","利顿榨精器","未分类技能","","","","0"
"3895","ネバネバ糸","未分类技能","","","","0","0","0","黏黏丝","未分类技能","","","","0"
"3896","フェロモンキッス","未分类技能","","","","0","0","0","费洛蒙之吻","未分类技能","","","","0"
"3897","蟲穴交尾","未分类技能","","","","0","0","0","虫穴交配","未分类技能","","","","0"
"3898","蟲穴交尾","永久拘束時専用技","","","","0","0","0","虫穴交配","永久拘束时专用技","","","","66"
"3902","疑似捕食機構","未分类技能","","","","0","0","0","拟态捕食机制","未分类技能","","","","0"
"3903","疑似捕食機構","拘束時専用技","","","","0","0","0","拟态捕食机制","拘束时专用技","","","","65"
"3904","疑似捕食機構","未分类技能","","","","0","0","0","拟态捕食机制","未分类技能","","","","0"
"3913","ゴーストフェラ","未分类技能","","","","0","0","0","幽灵口交","未分类技能","","","","0"
"3914","ゴーストパイズリ","未分类技能","","","","0","0","0","幽灵乳交","未分类技能","","","","0"
"3915","ゴーストハンド","未分类技能","","","","0","0","0","幽灵手淫","未分类技能","","","","0"
"3916","手足拘束","未分类技能","","","","0","0","0","手足拘束","未分类技能","","","","0"
"3917","ゴーストレイプ","拘束時専用技","","","","0","0","0","幽灵强奸","拘束时专用技","","","","65"
"3918","ゴーストレイプ","永久拘束時専用技","","","","0","0","0","幽灵强奸","永久拘束时专用技","","","","66"
"3920","人形の手遊び","未分类技能","","","","0","0","0","人偶手淫","未分类技能","","","","0"
"3921","人形の手遊び","未分类技能","","","","0","0","0","人偶手淫","未分类技能","","","","0"
"3922","抱擁の戯れ","未分类技能","","","","0","0","0","拥抱嬉戏","未分类技能","","","","0"
"3923","伸びる髪","未分类技能","","","","0","0","0","伸长的头发","未分类技能","","","","0"
"3924","吸精の髪","拘束時専用技","","","","0","0","0","吸精的头发","拘束时专用技","","","","65"
"3925","吸精の髪","未分类技能","","","","0","0","0","吸精的头发","未分类技能","","","","0"
"3929","実りなき生殖","拘束時専用技","","","","0","0","0","无果的生殖","拘束时专用技","","","","65"
"3930","実りなき生殖","永久拘束時専用技","","","","0","0","0","无果的生殖","永久拘束时专用技","","","","66"
"3932","背徳のキッス","未分类技能","","","","0","0","0","背德的吻","未分类技能","","","","0"
"3933","背徳の甘噛み","未分类技能","","","","0","0","0","背德的甜咬","未分类技能","","","","0"
"3934","背徳の甘噛み","未分类技能","","","","0","0","0","背德的甜咬","未分类技能","","","","0"
"3935","背徳のパイズリ","未分类技能","","","","0","0","0","背德的乳交","未分类技能","","","","0"
"3939","ゾンビ攻撃","未分类技能","","","","0","0","0","僵尸攻击","未分类技能","","","","0"
"3941","背徳の素股","未分类技能","","","","0","0","0","背德的素股","未分类技能","","","","0"
"3942","背徳の口淫","未分类技能","","","","0","0","0","背德的口交","未分类技能","","","","0"
"3943","背徳のパイズリ","未分类技能","","","","0","0","0","背德的乳交","未分类技能","","","","0"
"3944","背徳の三重奏","未分类技能","","","","0","0","0","背德的三重奏","未分类技能","","","","0"
"3945","背徳の三重奏","未分类技能","","","","0","0","0","背德的三重奏","未分类技能","","","","0"
"3946","電気按摩体勢","未分类技能","","","","0","0","0","电击按摩体位","未分类技能","","","","0"
"3947","背徳の電気按摩","拘束時専用技","","","","0","0","0","背德的电击按摩","拘束时专用技","","","","65"
"3951","亡者の拘束","未分类技能","","","","0","0","0","亡者的拘束","未分类技能","","","","0"
"3952","手コキなのじゃ！","拘束時専用技","","","","0","0","0","手コキなのじゃ！","拘束时专用技","","","","65"
"3953","フェラなのじゃ！","拘束時専用技","","","","0","0","0","フェラなのじゃ！","拘束时专用技","","","","65"
"3954","逆レイプするのじゃ！","拘束時専用技","","","","0","0","0","逆レイプするのじゃ！","拘束时专用技","","","","65"
"3955","逆レイプなのじゃ！","永久拘束時専用技","","","","0","0","0","逆レイプなのじゃ！","永久拘束时专用技","","","","66"
"3960","エルフの手コキ","未分类技能","","","","0","0","0","精灵的手淫","未分类技能","","","","0"
"3961","エルフの手淫","未分类技能","","","","0","0","0","精灵手淫","未分类技能","","","","0"
"3962","エルフのフェラ","未分类技能","","","","0","0","0","精灵的口交","未分类技能","","","","0"
"3963","エルフの口淫","未分类技能","","","","0","0","0","精灵口交","未分类技能","","","","0"
"3964","エルフのパイズリ","未分类技能","","","","0","0","0","精灵的乳交","未分类技能","","","","0"
"3965","エルフの逆レイプ","拘束時専用技","","","","0","0","0","精灵的逆强奸","拘束时专用技","","","","65"
"3966","エルフの腰振り","永久拘束時専用技","","","","0","0","0","精灵的腰动","永久拘束时专用技","","","","66"
"3967","エルフの締め付け","永久拘束時専用技","","","","0","0","0","精灵的紧缚","永久拘束时专用技","","","","66"
"3969","ブラウニーハンド","未分类技能","","","","0","0","0","棕精灵之手","未分类技能","","","","0"
"3970","ブラウニーキッス","未分类技能","","","","0","0","0","棕精灵之吻","未分类技能","","","","0"
"3972","羽くすぐり","未分类技能","","","","0","0","0","羽毛挠痒","未分类技能","","","","0"
"3973","羽くすぐり","未分类技能","","","","0","0","0","羽毛挠痒","未分类技能","","","","0"
"3974","しがみつき","未分类技能","","","","0","0","0","紧抱","未分类技能","","","","0"
"3975","フェアリートリック","拘束時専用技","","","","0","0","0","妖精的把戏","拘束时专用技","","","","65"
"3976","ツタ拘束","未分类技能","","","","0","0","0","藤蔓拘束","未分类技能","","","","0"
"3983","快楽の風","未分类技能","","","","0","0","0","快乐的微风","未分类技能","","","","0"
"3984","快楽の風","未分类技能","","","","0","0","0","快乐的微风","未分类技能","","","","0"
"3985","恍惚の風","未分类技能","","","","0","0","0","恍惚之风","未分类技能","","","","0"
"3986","風のセレナーデ","未分类技能","","","","0","0","0","风的夜曲","未分类技能","","","","0"
"3993","タランチュラの愛撫","未分类技能","","","","0","0","0","塔兰图拉毒蛛的爱抚","未分类技能","","","","0"
"3994","タランチュラの口淫","未分类技能","","","","0","0","0","塔兰图拉毒蛛的口交","未分类技能","","","","0"
"3995","タランチュラ・ホールド","未分类技能","","","","0","0","0","塔兰图拉毒蛛・束缚","未分类技能","","","","0"
"3996","複乳圧迫地獄","拘束時専用技","","","","0","0","0","双乳压迫地狱","拘束时专用技","","","","65"
"3997","タランチュラの拷問","拘束時専用技","","","","0","0","0","塔兰图拉毒蛛的拷问","拘束时专用技","","","","65"
"4002","強烈スィング手コキ","未分类技能","","","","0","0","0","强烈摇摆手淫","未分类技能","","","","0"
"4003","猛烈締め付けスマタ","未分类技能","","","","0","0","0","猛烈紧缩SM","未分类技能","","","","0"
"4004","強圧巨乳パイズリ","未分类技能","","","","0","0","0","强力巨乳乳交","未分类技能","","","","0"
"4005","猛吸バキュームフェラ","未分类技能","","","","0","0","0","猛吸真空口交","未分类技能","","","","0"
"4006","ミノタウロスレイプ","拘束時専用技","","","","0","0","0","米诺陶洛斯强奸","拘束时专用技","","","","65"
"4007","ミノタウロスレイプ","永久拘束時専用技","","","","0","0","0","米诺陶洛斯强奸","永久拘束时专用技","","","","66"
"4009","巨腕振り回し","未分类技能","","","","0","0","0","巨腕横扫","未分类技能","","","","0"
"4010","巨腕握り込み","未分类技能","","","","0","0","0","巨腕紧握","未分类技能","","","","0"
"4011","巨腕握り締め","拘束時専用技","","","","0","0","0","巨腕紧握","拘束时专用技","","","","65"
"4012","ドレインハンド","拘束時専用技","","","","0","0","0","吸精手","拘束时专用技","","","","65"
"4013","巨腕握り締め","未分类技能","","","","0","0","0","巨腕紧握","未分类技能","","","","0"
"4014","ドレインハンド","未分类技能","","","","0","0","0","吸精手","未分类技能","","","","0"
"4017","淫魔の手コキ","未分类技能","","","","0","0","0","淫魔手淫","未分类技能","","","","0"
"4018","淫魔の手淫","未分类技能","","","","0","0","0","淫魔手淫","未分类技能","","","","0"
"4019","淫魔のフェラ","未分类技能","","","","0","0","0","淫魔口交","未分类技能","","","","0"
"4020","淫魔の口淫","未分类技能","","","","0","0","0","淫魔口交","未分类技能","","","","0"
"4021","淫魔のパイズリ","未分类技能","","","","0","0","0","淫魔乳交","未分类技能","","","","0"
"4022","淫魔の足コキ","未分类技能","","","","0","0","0","淫魔足交","未分类技能","","","","0"
"4023","淫魔の脇コキ","未分类技能","","","","0","0","0","淫魔的腋下摩擦","未分类技能","","","","0"
"4024","淫魔の素股","拘束時専用技","","","","0","0","0","淫魔的素股","拘束时专用技","","","","65"
"4025","淫魔の肉壺","拘束時専用技","","","","0","0","0","淫魔的肉壶","拘束时专用技","","","","65"
"4026","淫魔の腰振り","永久拘束時専用技","","","","0","0","0","淫魔的腰摆动","永久拘束时专用技","","","","66"
"4027","エナジードレイン","永久拘束時専用技","","","","0","0","0","能量吸取","永久拘束时专用技","","","","66"
"4029","サボレスボーン","未分类技能","","","","0","0","0","萨博雷斯燃烧","未分类技能","","","","0"
"4030","サボレスボーン","拘束時専用技","","","","0","0","0","萨博雷斯燃烧","拘束时专用技","","","","65"
"4031","サボレスボーン","未分类技能","","","","0","0","0","萨博雷斯燃烧","未分类技能","","","","0"
"4034","百足薙ぎ払い","未分类技能","","","","0","0","0","百足扫荡","未分类技能","","","","0"
"4035","甘い口淫","未分类技能","","","","0","0","0","甜蜜的口交","未分类技能","","","","0"
"4036","百足責め","未分类技能","","","","0","0","0","百足折磨","未分类技能","","","","0"
"4037","百足責め","未分类技能","","","","0","0","0","百足折磨","未分类技能","","","","0"
"4038","百足巻き","未分类技能","","","","0","0","0","百足缠","未分类技能","","","","0"
"4039","百足蹂躙","拘束時専用技","","","","0","0","0","百足蹂躏","拘束时专用技","","","","65"
"4040","百足蹂躙","未分类技能","","","","0","0","0","百足蹂躏","未分类技能","","","","0"
"4043","スコーピオンフェラ","未分类技能","","","","0","0","0","蝎子口交","未分类技能","","","","0"
"4044","スコーピオンパイズリ","未分类技能","","","","0","0","0","蝎子乳交","未分类技能","","","","0"
"4045","ぺトラ・スコルピオ","未分类技能","","","","0","0","0","毒蝎","未分类技能","","","","0"
"4046","ぺトラ・スコルピオ","拘束時専用技","","","","0","0","0","毒蝎","拘束时专用技","","","","65"
"4047","ぺトラ・スコルピオ","未分类技能","","","","0","0","0","毒蝎","未分类技能","","","","0"
"4049","サボテン令嬢のフェラ","未分类技能","","","","0","0","0","仙人掌小姐的口交","未分类技能","","","","0"
"4050","サボテン令嬢のパイズリ","未分类技能","","","","0","0","0","仙人掌小姐的乳交","未分类技能","","","","0"
"4051","トゲトゲ抱擁","未分类技能","","","","0","0","0","刺刺拥抱","未分类技能","","","","0"
"4052","サボテン令嬢の抱擁","未分类技能","","","","0","0","0","仙人掌小姐的拥抱","未分类技能","","","","0"
"4053","サボテン令嬢の受精","拘束時専用技","","","","0","0","0","仙人掌小姐的受精","拘束时专用技","","","","65"
"4054","サボテン令嬢の受精","永久拘束時専用技","","","","0","0","0","仙人掌小姐的受精","永久拘束时专用技","","","","66"
"4057","つっつきフェラ","未分类技能","","","","0","0","0","顶撞口交","未分类技能","","","","0"
"4058","ダチョウレイプ","拘束時専用技","","","","0","0","0","鸵鸟强奸","拘束时专用技","","","","65"
"4059","ダチョウレイプ","永久拘束時専用技","","","","0","0","0","鸵鸟强奸","永久拘束时专用技","","","","66"
"4064","悦びの手","未分类技能","","","","0","0","0","愉悦之手","未分类技能","","","","0"
"4065","悦びの手","未分类技能","","","","0","0","0","愉悦之手","未分类技能","","","","0"
"4066","歓喜の口","未分类技能","","","","0","0","0","欢喜之口","未分类技能","","","","0"
"4067","歓喜の口","未分类技能","","","","0","0","0","欢喜之口","未分类技能","","","","0"
"4068","愉悦の胸","未分类技能","","","","0","0","0","愉悦之胸","未分类技能","","","","0"
"4069","悦楽の素股","未分类技能","","","","0","0","0","悦乐之素股","未分类技能","","","","0"
"4070","恍惚の指使い","未分类技能","","","","0","0","0","恍惚的指法","未分类技能","","","","0"
"4071","恍惚の指使い","未分类技能","","","","0","0","0","恍惚的指法","未分类技能","","","","0"
"4072","天上への導き","未分类技能","","","","0","0","0","天上的引导","未分类技能","","","","0"
"4073","天上のカーマストラ","拘束時専用技","","","","0","0","0","天上的爱经","拘束时专用技","","","","65"
"4074","天上のカーマストラ","永久拘束時専用技","","","","0","0","0","天上的爱经","永久拘束时专用技","","","","66"
"4078","ミイラハンドジョブ","未分类技能","","","","0","0","0","木乃伊之手","未分类技能","","","","0"
"4079","ミイラバンデージ","未分类技能","","","","0","0","0","木乃伊捆绑","未分类技能","","","","0"
"4080","ミイラバンデージ","未分类技能","","","","0","0","0","木乃伊捆绑","未分类技能","","","","0"
"4081","ミイラホールド","未分类技能","","","","0","0","0","木乃伊束缚","未分类技能","","","","0"
"4082","ホールドナイトメア","拘束時専用技","","","","0","0","0","束缚噩梦","拘束时专用技","","","","65"
"4083","ミイラパッケージ","拘束時専用技","","","","0","0","0","木乃伊包裹","拘束时专用技","","","","65"
"4084","ミイラパッケージ","永久拘束時専用技","","","","0","0","0","木乃伊包裹","永久拘束时专用技","","","","66"
"4085","ミイラパッケージ","未分类技能","","","","0","0","0","木乃伊包裹","未分类技能","","","","0"
"4089","コブラフェラ","未分类技能","","","","0","0","0","眼镜蛇口交","未分类技能","","","","0"
"4090","コブラパイズリ","未分类技能","","","","0","0","0","眼镜蛇乳交","未分类技能","","","","0"
"4091","コブラロール","未分类技能","","","","0","0","0","眼镜蛇卷","未分类技能","","","","0"
"4092","悪夢の締め付け","拘束時専用技","","","","0","0","0","恶梦的紧缚","拘束时专用技","","","","65"
"4093","コブラアナリシア","拘束時専用技","","","","0","0","0","眼镜蛇肛门蹂躏","拘束时专用技","","","","65"
"4094","悪夢の締め付け","未分类技能","","","","0","0","0","恶梦的紧缚","未分类技能","","","","0"
"4095","コブラアナリシア","未分类技能","","","","0","0","0","眼镜蛇肛门蹂躏","未分类技能","","","","0"
"4097","集団手コキ","未分类技能","","","","0","0","0","集体手淫","未分类技能","","","","0"
"4098","集団手淫","未分类技能","","","","0","0","0","集体手淫","未分类技能","","","","0"
"4099","集団全身舐め","未分类技能","","","","0","0","0","集体全身舔舐","未分类技能","","","","0"
"4100","集団口淫","未分类技能","","","","0","0","0","集体口交","未分类技能","","","","0"
"4101","集団尻尾コキ","未分类技能","","","","0","0","0","集体尾巴手淫","未分类技能","","","","0"
"4102","集団ロール","未分类技能","","","","0","0","0","集体卷","未分类技能","","","","0"
"4103","集団フェラ","拘束時専用技","","","","0","0","0","集体口交","拘束时专用技","","","","65"
"4104","集団締め付け","拘束時専用技","","","","0","0","0","集体束缚","拘束时专用技","","","","65"
"4105","集団締め付け","未分类技能","","","","0","0","0","集体束缚","未分类技能","","","","0"
"4110","地母神の手慰","未分类技能","","","","0","0","0","地母神的手慰","未分类技能","","","","0"
"4111","地母神の手慰","未分类技能","","","","0","0","0","地母神的手慰","未分类技能","","","","0"
"4112","口淫の贄","未分类技能","","","","0","0","0","口交的祭品","未分类技能","","","","0"
"4113","イシスの房術","未分类技能","","","","0","0","0","伊西斯的房术","未分类技能","","","","0"
"4114","古式淫闘法","未分类技能","","","","0","0","0","古式淫斗法","未分类技能","","","","0"
"4116","奈落の口淫","未分类技能","","","","0","0","0","奈落口交","未分类技能","","","","0"
"4117","淫魔の肉壺","拘束時専用技","","","","0","0","0","淫魔的肉壶","拘束时专用技","","","","65"
"4118","牡搾りの膣締め","永久拘束時専用技","","","","0","0","0","牡榨之腔缚","永久拘束时专用技","","","","66"
"4119","秒殺グラインド","永久拘束時専用技","","","","0","0","0","秒杀扭臀","永久拘束时专用技","","","","66"
"4122","メルティックキッス","未分类技能","","","","0","0","0","甜蜜之吻","未分类技能","","","","0"
"4123","ロマノステリ・アル","未分类技能","","","","0","0","0","罗曼诺斯特里・阿尔","未分类技能","","","","0"
"4124","ロマノステリ・エル","未分类技能","","","","0","0","0","罗曼诺斯特里・埃尔","未分类技能","","","","0"
"4125","メロソフィ・ドーラ","未分类技能","","","","0","0","0","甜蜜酥胸・礼赠","未分类技能","","","","0"
"4126","テイルドレイン・ドーラ","未分类技能","","","","0","0","0","尾巴吸取・礼赠","未分类技能","","","","0"
"4127","テイルドレイン・ドーラ","拘束時専用技","","","","0","0","0","尾巴吸取・礼赠","拘束时专用技","","","","65"
"4128","テイルドレイン・ドーラ","未分类技能","","","","0","0","0","尾巴吸取・礼赠","未分类技能","","","","0"
"4130","アリゲーターテイル","未分类技能","","","","0","0","0","鳄鱼尾巴","未分类技能","","","","0"
"4131","アリゲーターバイト","未分类技能","","","","0","0","0","鳄鱼咬","未分类技能","","","","0"
"4132","アリゲーターボア","拘束時専用技","","","","0","0","0","鳄鱼吞","拘束时专用技","","","","65"
"4133","アリゲーターボア","未分类技能","","","","0","0","0","鳄鱼吞","未分类技能","","","","0"
"4136","ロマノステリ","未分类技能","","","","0","0","0","罗曼诺斯提利","未分类技能","","","","0"
"4137","メロソフィ","未分类技能","","","","0","0","0","甜蜜酥胸","未分类技能","","","","0"
"4140","おどおど手コキ","未分类技能","","","","0","0","0","怯生生手淫","未分类技能","","","","0"
"4141","おずおずフェラ","未分类技能","","","","0","0","0","怯怯口交","未分类技能","","","","0"
"4144","全身触手責め","未分类技能","","","","0","0","0","全身触手责罚","未分类技能","","","","0"
"4145","全身触手責め","未分类技能","","","","0","0","0","全身触手责罚","未分类技能","","","","0"
"4146","股間触手責め","未分类技能","","","","0","0","0","股间触手责罚","未分类技能","","","","0"
"4147","股間触手責め","未分类技能","","","","0","0","0","股间触手责罚","未分类技能","","","","0"
"4148","触手拘束","未分类技能","","","","0","0","0","触手拘束","未分类技能","","","","0"
"4149","全身吸精","拘束時専用技","","","","0","0","0","全身吸精","拘束时专用技","","","","65"
"4150","全身吸精","未分类技能","","","","0","0","0","全身吸精","未分类技能","","","","0"
"4152","悪夢の抱擁","未分类技能","","","","0","0","0","恶梦的拥抱","未分类技能","","","","0"
"4153","悪夢の抱擁","拘束時専用技","","","","0","0","0","恶梦的拥抱","拘束时专用技","","","","65"
"4154","悪夢の抱擁","未分类技能","","","","0","0","0","恶梦的拥抱","未分类技能","","","","0"
"4157","カレスワーム","未分类技能","","","","0","0","0","卡雷斯蠕虫","未分类技能","","","","0"
"4158","カレスワーム","未分类技能","","","","0","0","0","卡雷斯蠕虫","未分类技能","","","","0"
"4159","ドレインワーム","未分类技能","","","","0","0","0","吸精虫","未分类技能","","","","0"
"4160","ドレインワーム","未分类技能","","","","0","0","0","吸精虫","未分类技能","","","","0"
"4161","ホールドワーム","未分类技能","","","","0","0","0","束缚蠕虫","未分类技能","","","","0"
"4162","スプレッドワーム","拘束時専用技","","","","0","0","0","展开蠕虫","拘束时专用技","","","","65"
"4163","アナルストローク","拘束時専用技","","","","0","0","0","肛门抽插","拘束时专用技","","","","65"
"4167","テンタクルバインド","未分类技能","","","","0","0","0","触手束缚","未分类技能","","","","0"
"4168","快楽蜜壺漬け","拘束時専用技","","","","0","0","0","快乐蜜壶浸泡","拘束时专用技","","","","65"
"4169","快楽蜜壺漬け","永久拘束時専用技","","","","0","0","0","快乐蜜壶浸泡","永久拘束时专用技","","","","66"
"4170","快楽蜜壺漬け","未分类技能","","","","0","0","0","快乐蜜壶浸泡","未分类技能","","","","0"
"4175","エクスタシーワーム","未分类技能","","","","0","0","0","エクスタシーワーム","未分类技能","","","","0"
"4176","エクスタシーワーム","未分类技能","","","","0","0","0","エクスタシーワーム","未分类技能","","","","0"
"4177","ヘブンズドレイン","拘束時専用技","","","","0","0","0","ヘブンズドレイン","拘束时专用技","","","","65"
"4178","アナルドレイン","拘束時専用技","","","","0","0","0","アナルドレイン","拘束时专用技","","","","65"
"4182","子鬼手コキ","未分类技能","","","","0","0","0","小鬼手","未分类技能","","","","0"
"4183","子鬼フェラ","未分类技能","","","","0","0","0","小鬼口交","未分类技能","","","","0"
"4184","子鬼レイプ","拘束時専用技","","","","0","0","0","小鬼强奸","拘束时专用技","","","","65"
"4185","子鬼レイプ","永久拘束時専用技","","","","0","0","0","小鬼强奸","永久拘束时专用技","","","","66"
"4188","フィンガーオナホ","未分类技能","","","","0","0","0","手指飞机杯榨精","未分类技能","","","","0"
"4189","フィンガー五連オナホ","未分类技能","","","","0","0","0","手指五连飞机杯榨精","未分类技能","","","","0"
"4190","ぷにゅんぷにゅんパイズリ","未分类技能","","","","0","0","0","泡泡乳交","未分类技能","","","","0"
"4191","ぷにゅんぷにゅんハグ","未分类技能","","","","0","0","0","咕嘟咕嘟拥抱","未分类技能","","","","0"
"4194","レティア式触診","未分类技能","","","","0","0","0","蕾蒂亚式触诊","未分类技能","","","","0"
"4195","レティア式触診","未分类技能","","","","0","0","0","蕾蒂亚式触诊","未分类技能","","","","0"
"4196","お口での男性器検査","未分类技能","","","","0","0","0","用嘴进行的男性器检查","未分类技能","","","","0"
"4197","足踏み反応チェック","未分类技能","","","","0","0","0","足踏反应检查","未分类技能","","","","0"
"4198","エクスレル尻尾法","未分类技能","","","","0","0","0","艾克塞尔尾巴法","未分类技能","","","","0"
"4199","ジントレル採精器","未分类技能","","","","0","0","0","金特尔采精器","未分类技能","","","","0"
"4200","ジントレル採精器","未分类技能","","","","0","0","0","金特尔采精器","未分类技能","","","","0"
"4201","男性機能膣内検査","拘束時専用技","","","","0","0","0","男性功能阴道内检查","拘束时专用技","","","","65"
"4202","男性機能膣内検査Ａ方式","永久拘束時専用技","","","","0","0","0","男性功能阴道内检查A方式","永久拘束时专用技","","","","66"
"4203","男性機能膣内検査Ｂ方式","永久拘束時専用技","","","","0","0","0","男性功能阴道内检查B方式","永久拘束时专用技","","","","66"
"4206","錬成・紅炎石","錬金術","","","","0","7","0","炼成・红炎石","炼金术","","","","41"
"4207","錬成・蒼氷石","錬金術","","","","0","7","0","炼成・苍冰石","炼金术","","","","41"
"4208","錬成・黄雷石","錬金術","","","","0","7","0","炼成・黄雷石","炼金术","","","","41"
"4209","パラライズワーム","未分类技能","","","","0","0","0","麻痹蠕虫","未分类技能","","","","0"
"4210","パラライズワーム","未分类技能","","","","0","0","0","麻痹蠕虫","未分类技能","","","","0"
"4211","ボアワーム","未分类技能","","","","0","0","0","巨兽虫","未分类技能","","","","0"
"4212","ボアワーム","拘束時専用技","","","","0","0","0","巨兽虫","拘束时专用技","","","","65"
"4213","ボアワーム","未分类技能","","","","0","0","0","巨兽虫","未分类技能","","","","0"
"4215","百々目手コキ","未分类技能","","","","0","0","0","百目手淫","未分类技能","","","","0"
"4216","百々目フェラ","未分类技能","","","","0","0","0","百目口交","未分类技能","","","","0"
"4217","百々目パイズリ","未分类技能","","","","0","0","0","百目乳交","未分类技能","","","","0"
"4227","リザード手コキ","未分类技能","","","","0","0","0","蜥蜴手淫","未分类技能","","","","0"
"4228","リザードフェラ","未分类技能","","","","0","0","0","蜥蜴口交","未分类技能","","","","0"
"4229","リザードパイズリ","未分类技能","","","","0","0","0","蜥蜴乳交","未分类技能","","","","0"
"4232","ゴーストリップ","未分类技能","","","","0","0","0","幽灵剥离","未分类技能","","","","0"
"4233","ゴーストパイズリ","未分类技能","","","","0","0","0","幽灵乳交","未分类技能","","","","0"
"4236","流砂の罠","未分类技能","","","","0","0","0","流沙陷阱","未分类技能","","","","0"
"4237","体液搾取","拘束時専用技","","","","0","0","0","体液榨取","拘束时专用技","","","","65"
"4238","体液搾取","永久拘束時専用技","","","","0","0","0","体液榨取","永久拘束时专用技","","","","66"
"4239","体液搾取","未分类技能","","","","0","0","0","体液榨取","未分类技能","","","","0"
"4241","様子を見る","未分类技能","","","","0","0","0","静观其变","未分类技能","","","","0"
"4242","まごまごする","未分类技能","","","","0","0","0","慌慌张张","未分类技能","","","","0"
"4243","ぼーっとする","未分类技能","","","","0","0","0","发呆","未分类技能","","","","0"
"4245","咥え込み","未分类技能","","","","0","0","0","含住","未分类技能","","","","0"
"4246","しゃぶる","拘束時専用技","","","","0","0","0","吸吮","拘束时专用技","","","","65"
"4247","しゃぶる","未分类技能","","","","0","0","0","吸吮","未分类技能","","","","0"
"4249","砂煙","未分类技能","","","","0","0","0","砂烟","未分类技能","","","","0"
"4252","泥人形の拘束","未分类技能","","","","0","0","0","泥人偶的拘束","未分类技能","","","","0"
"4253","ノームの手遊び","拘束時専用技","","","","0","0","0","诺姆的手淫","拘束时专用技","","","","65"
"4254","ノームのお口遊び","拘束時専用技","","","","0","0","0","诺姆的口技","拘束时专用技","","","","65"
"4255","ノームのオナホール","拘束時専用技","","","","0","0","0","诺姆的飞机杯","拘束时专用技","","","","65"
"4257","ドレインハンド","未分类技能","","","","0","0","0","吸精手","未分类技能","","","","0"
"4258","ヴィタエフェラ","未分类技能","","","","0","0","0","薇塔耶菲拉","未分类技能","","","","0"
"4260","フィデルアシッド","未分类技能","","","","0","0","0","菲德尔酸","未分类技能","","","","0"
"4261","巨舌","未分类技能","","","","0","0","0","巨舌","未分类技能","","","","0"
"4262","ヴェータラハンド","未分类技能","","","","0","0","0","维塔拉手","未分类技能","","","","0"
"4263","ヴェータラバスト","未分类技能","","","","0","0","0","维塔拉胸","未分类技能","","","","0"
"4264","ヴェータラボア","未分类技能","","","","0","0","0","维塔拉捕食","未分类技能","","","","0"
"4265","ヴェータラボア","拘束時専用技","","","","0","0","0","维塔拉捕食","拘束时专用技","","","","65"
"4266","ヴェータラボア","拘束時専用技","","","","0","0","0","维塔拉捕食","拘束时专用技","","","","65"
"4271","ヴァルト機檻","未分类技能","","","","0","0","0","瓦尔特机笼","未分类技能","","","","0"
"4272","ヴァルト機檻","拘束時専用技","","","","0","0","0","瓦尔特机笼","拘束时专用技","","","","65"
"4273","ヴァルト機檻","未分类技能","","","","0","0","0","瓦尔特机笼","未分类技能","","","","0"
"4279","影口淫","未分类技能","","","","0","0","0","影口淫","未分类技能","","","","0"
"4280","影口淫","未分类技能","","","","0","0","0","影口淫","未分类技能","","","","0"
"4281","影胸淫","未分类技能","","","","0","0","0","影胸淫","未分类技能","","","","0"
"4282","影舞髪淫","未分类技能","","","","0","0","0","影舞发淫","未分类技能","","","","0"
"4283","影舞髪淫","未分类技能","","","","0","0","0","影舞发淫","未分类技能","","","","0"
"4284","影十字嫐","未分类技能","","","","0","0","0","影十字嫐","未分类技能","","","","0"
"4285","影十字嫐","拘束時専用技","","","","0","0","0","影十字嫐","拘束时专用技","","","","65"
"4286","影十字嫐","未分类技能","","","","0","0","0","影十字嫐","未分类技能","","","","0"
"4289","愛欲の接吻","未分类技能","","","","0","0","0","爱欲之吻","未分类技能","","","","0"
"4290","官能の手淫","未分类技能","","","","0","0","0","官能手淫","未分类技能","","","","0"
"4291","官能の手淫","未分类技能","","","","0","0","0","官能手淫","未分类技能","","","","0"
"4292","悦楽の口淫","未分类技能","","","","0","0","0","悦乐口交","未分类技能","","","","0"
"4293","悦楽の口淫","未分类技能","","","","0","0","0","悦乐口交","未分类技能","","","","0"
"4294","肉欲の尻淫","未分类技能","","","","0","0","0","肉欲臀淫","未分类技能","","","","0"
"4296","イクステンタクル","未分类技能","","","","0","0","0","高潮","未分类技能","","","","0"
"4297","イクステンタクル","未分类技能","","","","0","0","0","高潮","未分类技能","","","","0"
"4298","イクスバスト","未分类技能","","","","0","0","0","イクスバスト","未分类技能","","","","0"
"4299","イクスドレインフェラ","未分类技能","","","","0","0","0","イクスドレインフェラ","未分类技能","","","","0"
"4300","アルケミスバインド","未分类技能","","","","0","0","0","アルケミスバインド","未分类技能","","","","0"
"4301","アルケミスエウリア","拘束時専用技","","","","0","0","0","アルケミスエウリア","拘束时专用技","","","","65"
"4302","アルケミスエウリア","未分类技能","","","","0","0","0","アルケミスエウリア","未分类技能","","","","0"
"4304","夜夢の蜘蛛","未分类技能","","","","0","0","0","夜夢の蜘蛛","未分类技能","","","","0"
"4305","夜夢の蜘蛛","未分类技能","","","","0","0","0","夜夢の蜘蛛","未分类技能","","","","0"
"4306","甘美なるペンチ","未分类技能","","","","0","0","0","甘美なるペンチ","未分类技能","","","","0"
"4307","薔薇の洞窟","未分类技能","","","","0","0","0","薔薇の洞窟","未分类技能","","","","0"
"4308","嗜虐に嗤う鉄処女","未分类技能","","","","0","0","0","嗜虐地嗤笑的铁处女","未分类技能","","","","0"
"4309","嗜虐に嗤う鉄処女","拘束時専用技","","","","0","0","0","嗜虐地嗤笑的铁处女","拘束时专用技","","","","65"
"4313","ジャンク集団手コキ","未分类技能","","","","0","0","0","废品集团手淫","未分类技能","","","","0"
"4314","ジャンク集団手淫","未分类技能","","","","0","0","0","废品集团手淫","未分类技能","","","","0"
"4315","ジャンクパイズリ","未分类技能","","","","0","0","0","废品乳交","未分类技能","","","","0"
"4320","搾精球","未分类技能","","","","0","0","0","榨精球","未分类技能","","","","0"
"4321","搾精球","拘束時専用技","","","","0","0","0","榨精球","拘束时专用技","","","","65"
"4322","搾精球","未分类技能","","","","0","0","0","榨精球","未分类技能","","","","0"
"4326","尻尾拘束","未分类技能","","","","0","0","0","尾巴拘束","未分类技能","","","","0"
"4327","プレジャードレイン","拘束時専用技","","","","0","0","0","快乐吸取","拘束时专用技","","","","65"
"4328","サタニックプレッシャー","拘束時専用技","","","","0","0","0","恶魔般的压迫","拘束时专用技","","","","65"
"4329","サタニックプレッシャー","未分类技能","","","","0","0","0","恶魔般的压迫","未分类技能","","","","0"
"4333","ボス回復：癒しの剣","剣技","対象：味方単体　効果：HP中回復
癒しの力を込めた剣を掲げ、味方単体の体力を回復する技","","","0","0","2","ボス回復：癒しの剣","剑技","対象：味方単体　効果：HP中回復
高举蕴含治愈之力的剑，恢复我方单体的体力","","","7"
"4334","ボス回復：奇跡の剣","剣技","対象：味方単体　効果：HP大回復
奇跡の力を込めた剣を掲げ、味方単体の体力を大きく回復する技","","","0","0","4","ボス回復：奇跡の剣","剑技","対象：味方単体　効果：HP大回復
高举蕴含奇迹之力的剑，大幅恢复我方单体的体力","","","7"
"4335","ボス回復：大奇跡の剣","剣技","対象：味方全体　効果：HP大回復
奇跡の力を込めた剣を掲げ、味方全体の体力を大きく回復する技","","","0","0","6","ボス回復：大奇跡の剣","剑技","対象：味方全体　効果：HP大回復
举起蕴含奇迹之力的剑，大幅回复我方全体的体力","","","7"
"4336","ボス回復：祈りの聖槍","槍技","対象：味方単体　効果：HP中回復
聖なる槍を天に掲げて祈り、味方単体のHPを回復させる","","","0","0","2","ボス回復：祈りの聖槍","枪技","対象：味方単体　効果：HP中回復
高举神圣的枪向天祈祷，恢复我方单体的HP","","","10"
"4337","ボス回復：奇跡の聖槍","槍技","対象：味方全体　効果：HP中回復
奇跡の槍を天に掲げて祈り、味方全員のHPを回復させる","","","0","0","4","ボス回復：奇跡の聖槍","枪技","対象：味方全体　効果：HP中回復
高举奇迹的枪向天祈祷，恢复我方全体的HP","","","10"
"4338","ボス回復：ヒールアロー","弓技","対象：味方単体　効果：HP大回復
癒しの魔力がこもった矢で味方を射抜き、体力を回復させる弓技","","","0","0","3","ボス回復：ヒールアロー","弓技","対象：味方単体　効果：HP大回復
蕴含治愈魔力的箭射穿同伴，恢复体力的弓技","","","14"
"4339","ボス回復：ミラクルアロー","弓技","対象：味方全体　効果：HP大回復
味方全体に癒しの矢を放ち、体力を回復させる弓技","","","0","0","6","ボス回復：ミラクルアロー","弓技","対象：味方全体　効果：HP大回復
射出治愈之箭，恢复全体同伴体力的弓技","","","14"
"4340","ボス回復：回復弾","銃技","対象：味方単体　効果：HP大回復
回復の力が込められた弾丸を味方単体に撃ち込む","","","0","0","3","ボス回復：回復弾","铳技","対象：味方単体　効果：HP大回復
将蕴含恢复力量的子弹射向同伴","","","19"
"4341","ボス回復：回復弾乱射","銃技","対象：味方ランダム8回　効果：HP大回復
回復の力が込められた弾丸を味方に乱射する","","","0","0","5","ボス回復：回復弾乱射","铳技","対象：味方ランダム8回　効果：HP大回復
向同伴乱射蕴含恢复力量的子弹","","","19"
"4342","ボス回復：チャクラ","格闘","対象：使用者　効果：HP回復
癒しの気をみなぎらせ、自身の傷を癒す回復技","","","0","0","2","ボス回復：チャクラ","格闘","対象：使用者　効果：HP回復
充满治愈之气，治愈自身伤势的恢复技","","","21"
"4343","ボス回復：拡散チャクラ","格闘","対象：味方全体　効果：HP回復
癒しの気を拡散させ、味方全体を癒やす回復技","","","0","0","3","ボス回復：拡散チャクラ","格闘","対象：味方全体　効果：HP回復
扩散治愈之气，治愈我方全体的恢复技","","","21"
"4344","ボス回復：究極チャクラ","格闘","対象：使用者　効果：HP・MP・SP回復
究極の内気功で、自身の体力などを大きく回復させる技","","","0","0","5","ボス回復：究極チャクラ","格闘","対象：使用者　効果：HP・MP・SP回復
究极内气功，大幅恢复自身体力等","","","21"
"4345","ボス回復：ヒール","白魔法","対象：味方単体　効果：HP中回復
味方単体の体力を回復する癒しの魔法","","","0","2","0","ボス回復：ヒール","白魔法","対象：味方単体　効果：HP中回復
恢复我方单体体力的治愈魔法","","","22"
"4346","ボス回復：メガヒール","白魔法","対象：味方単体　効果：HP大回復
味方単体の体力を大回復する癒しの魔法","","","0","5","0","ボス回復：メガヒール","白魔法","対象：味方単体　効果：HP大回復
大幅恢复我方单体体力的治愈魔法","","","22"
"4347","ボス回復：オールヒール","白魔法","対象：味方全体　効果：HP中回復
味方全体の体力を回復する癒しの魔法","","","0","5","0","ボス回復：オールヒール","白魔法","対象：味方全体　効果：HP中回復
恢复我方全体的体力的治愈魔法","","","22"
"4348","ボス回復：オールメガヒール","白魔法","対象：味方全体　効果：HP大回復
味方全体の体力を大回復する癒しの魔法","","","0","15","0","ボス回復：オールメガヒール","白魔法","対象：味方全体　効果：HP大回復
恢复我方全体的体力的大治愈魔法","","","22"
"4349","ボス回復：ディレイヒーリング","白魔法","対象：味方全体　効果：HP大回復・軽状態異常回復・遅効
ターン終了後に発動し、一気にパーティの体勢を立て直す回復魔法","","","0","20","0","ボス回復：ディレイヒーリング","白魔法","対象：味方全体　効果：HP大回復・軽状態異常回復・遅効
回合结束后发动，一口气恢复队伍的体力并恢复状态的魔法","","","22"
"4350","ボス回復：ヒールタイフーン","黒魔法","対象：味方ランダム4回　効果：HP中回復
癒しの嵐で味方達を回復する魔法","","","0","7","0","ボス回復：ヒールタイフーン","黑魔法","対象：味方ランダム4回　効果：HP中回復
用治愈风暴恢复我方成员的魔法","","","23"
"4351","ボス回復：リライフ","時魔法","対象：味方全体　効果：中回復
生命力を回帰させる時魔法唯一の回復術","","","0","10","0","ボス回復：リライフ","时魔法","対象：味方全体　効果：中回復
唯一能恢复生命力的时魔法","","","24"
"4352","ボス回復：ラクシュミ","召喚","対象：味方全体　効果：HP全回復
ラクシュミを呼び出す召喚魔法","","","0","25","0","ボス回復：ラクシュミ","召唤","対象：味方全体　効果：HP全回復
召唤吉祥天女的召唤魔法","","","25"
"4353","ボス回復：幽霊僧侶マリア","召喚","対象：味方単体　効果：HP中回復
使役ゴースト「幽霊僧侶マリア」を呼び出す","","","0","4","0","ボス回復：幽霊僧侶マリア","召唤","対象：味方単体　効果：HP中回復
召唤幽灵「幽灵修女玛利亚」","","","25"
"4354","ボス回復：聖者の祈り","聖技","対象：味方全体　効果：HP大回復
聖者の祈りにより、味方全体を癒やす回復技","","","0","10","3","ボス回復：聖者の祈り","圣技","対象：味方全体　効果：HP大回復
通过圣者的祈祷，治愈我方全体的恢复技","","","26"
"4355","ボス回復：聖者の大祈祷","聖技","対象：味方全体　効果：HP全回復
聖者の祈祷により、味方全体を癒やす回復技","","","0","20","5","ボス回復：聖者の大祈祷","圣技","対象：味方全体　効果：HP全回復
通过圣者的祈祷，治愈我方全体的恢复技","","","26"
"4356","ボス回復：究極の祈祷","聖技","対象：味方全体　効果：HP・SP全回復
味方全体を癒やすと同時に、SPをも全回復する究極祈祷","","","0","30","15","ボス回復：究極の祈祷","圣技","対象：味方全体　効果：HP・SP全回復
治愈全体队友的同时，也完全恢复SP的究极祈祷","","","26"
"4357","ボス回復：瞑想","聖技","対象：使用者　効果：HP回復
精神を集中しHPを回復する堕天使の秘技","","","0","0","2","ボス回復：瞑想","圣技","対象：使用者　効果：HP回復
集中精神恢复HP的堕天使秘技","","","26"
"4358","ボス回復：究極瞑想","聖技","対象：使用者　効果：HP全回復
精神を集中しHPを全回復する堕天使の秘技","","","0","0","4","ボス回復：究極瞑想","圣技","対象：使用者　効果：HP全回復
集中精神使HP完全恢复的堕天使秘技","","","26"
"4359","ボス回復：陰陽・命活唱","陰陽術","対象：味方全体　効果：HP中回復
味方全体の体力を回復する癒しの符を使用する","","","0","10","0","ボス回復：陰陽・命活唱","阴阳术","対象：味方全体　効果：HP中回復
使用治愈的符，恢复我方全体的体力","","","29"
"4360","ボス回復：陰陽・究活唱","陰陽術","対象：味方全体　効果：HP大回復・ターンHP大回復
味方全体の体力を大きく回復する癒しの符を使用する","","","0","20","0","ボス回復：陰陽・究活唱","阴阳术","対象：味方全体　効果：HP大回復・ターンHP大回復
使用治愈符大幅恢复我方全体的体力","","","29"
"4361","ボス回復：忍法・癒波","忍術","対象：味方全員　効果：HP小回復
癒しの忍術で味方全体を小回復させる","","","0","0","3","ボス回復：忍法・癒波","忍术","対象：味方全員　効果：HP小回復
用治愈忍术小回复我方全体","","","31"
"4362","ボス回復：マジカルヒール","ヒーロー技","対象：味方全体　効果：HP中回復・軽状態異常回復
汚れなき祈りが癒しをもたらす","","","0","10","0","ボス回復：マジカルヒール","英雄技","対象：味方全体　効果：HP中回復・軽状態異常回復
无垢的祈祷带来治愈","","","33"
"4363","ボス回復：元気の踊り","踊る","対象：味方単体　効果：HP小回復
元気の出る踊りで味方単体を回復させる","","","0","0","1","ボス回復：元気の踊り","踊る","対象：味方単体　効果：HP小回復
充满元气的舞蹈，为我方单体进行回复","","","37"
"4364","ボス回復：ハッスルダンス","踊る","対象：味方全体　効果：HP中回復
生命力みなぎる踊りで味方全体の体力を回復する","","","0","0","2","ボス回復：ハッスルダンス","踊る","対象：味方全体　効果：HP中回復
充满生命力的舞蹈，为我方全体恢复体力","","","37"
"4365","ボス回復：癒しの777ページ","魔本術","対象：味方全体　効果：HP大回復
魔本の力で味方全体を癒やす術","","","0","0","0","ボス回復：癒しの777ページ","魔本术","対象：味方全体　効果：HP大回復
魔本之力治愈我方全体的术","","","42"
"4366","ボス回復：奇跡の888ページ","魔本術","対象：味方全体　効果：HP全回復
魔本の力で味方全体を大きく癒やす術","","","0","0","0","ボス回復：奇跡の888ページ","魔本术","対象：味方全体　効果：HP全回復
魔本之力大大治愈我方全体的术","","","42"
"4367","ボス回復：神癒の7777ページ","魔本術","対象：味方全体（控え含む）　効果：HP全回復
魔本の力で全ての味方を限界まで癒やす術","","","0","0","0","ボス回復：神癒の7777ページ","魔本术","対象：味方全体（控え含む）　効果：HP全回復
魔本之力将所有队友治愈到极限的术","","","42"
"4368","ボス回復：応急治療","医術","対象：味方単体　効果：HP中回復
応急的な処置でHPを回復する医療技","","","0","0","1","ボス回復：応急治療","医术","対象：味方単体　効果：HP中回復
用紧急处理恢复HP的医疗技能","","","45"
"4369","ボス回復：緊急オペ","医術","対象：味方単体　効果：HP全回復
本格的な処置でHPを大きく回復する医療技","","","0","0","2","ボス回復：緊急オペ","医术","対象：味方単体　効果：HP全回復
用正式处理大幅恢复HP的医疗技能","","","45"
"4370","ボス回復：集団治療","医術","対象：味方全体　効果：HP中回復
応急的な処置で仲間達のHPを回復する医療技","","","0","0","3","ボス回復：集団治療","医术","対象：味方全体　効果：HP中回復
通过紧急处理来恢复同伴们的HP的医疗技能","","","45"
"4371","ボス回復：集団オペ","医術","対象：味方全体　効果：HP全回復
本格的な処置で仲間達のHPを大きく回復する医療技","","","0","0","5","ボス回復：集団オペ","医术","対象：味方全体　効果：HP全回復
通过正式处理来大幅恢复同伴们的HP的医疗技能","","","45"
"4372","ボス回復：お茶が入りました","御奉仕","対象：味方単体　効果：HP・SP小回復
メイド特製のお茶で体力と気力を回復する","","","0","0","1","ボス回復：お茶が入りました","侍奉","対象：味方単体　効果：HP・SP小回復
用女仆特制的茶回复体力和气力","","","46"
"4373","ボス回復：特製ハーブティーです","御奉仕","対象：味方単体　効果：HP・SP中回復
特製のハーブティーで体力と気力を回復する","","","0","0","2","ボス回復：特製ハーブティーです","侍奉","対象：味方単体　効果：HP・SP中回復
用特制的草本茶回复体力和气力","","","46"
"4374","ボス回復：禁断のハーブティーです","御奉仕","対象：味方単体　効果：HP・SP大回復
禁断のハーブティーで体力と気力を回復する","","","0","0","4","ボス回復：禁断のハーブティーです","侍奉","対象：味方単体　効果：HP・SP大回復
用禁忌草本茶回复体力和气力","","","46"
"4375","ボス回復：神のハーブティーです","御奉仕","対象：味方単体　効果：HP全回復・SP全回復
神のハーブティーで体力と気力を大幅に回復する","","","0","0","8","ボス回復：神のハーブティーです","侍奉","対象：味方単体　効果：HP全回復・SP全回復
神之草本茶让体力和气力大幅回复","","","46"
"4376","ボス回復：お茶が入りました×8","御奉仕","対象：味方ランダム8回　効果：HP・SP中回復
無数の足を動員し、お茶を乱舞させる","","","0","0","4","ボス回復：お茶が入りました×8","侍奉","対象：味方ランダム8回　効果：HP・SP中回復
动员无数的脚，让茶乱舞","","","46"
"4377","ボス回復：癒しの恩寵","王技","対象：味方全体　効果：HP中回復・SP小回復
法王の祈りにより、味方全体のHPとSPが回復する","","","0","30","0","ボス回復：癒しの恩寵","王技","対象：味方全体　効果：HP中回復・SP小回復
教皇的祈祷，使我方全体的HP和SP回复","","","47"
"4378","ボス回復：癒しの雨","海技","対象：味方全体　効果：HP中回復・MP小回復
人魚の魔力で癒しの雨を降らせる回復技","","","0","0","5","ボス回復：癒しの雨","海技","対象：味方全体　効果：HP中回復・MP小回復
人鱼的魔力降下治愈之雨的恢复技能","","","51"
"4379","ボス回復：生命の雨","海技","対象：味方全体　効果：HP大回復・MP中回復・全状態異常回復
人魚の魔力で生命の雨を降らせる回復技","","","0","0","15","ボス回復：生命の雨","海技","対象：味方全体　効果：HP大回復・MP中回復・全状態異常回復
人鱼的魔力降下生命之雨的恢复技能","","","51"
"4380","ボス回復：奇跡の雨","海技","対象：味方全体　効果：HP全回復・MP大回復・全状態異常回復
人魚の魔力で奇跡の雨を降らせる回復技","","","0","0","20","ボス回復：奇跡の雨","海技","対象：味方全体　効果：HP全回復・MP大回復・全状態異常回復
人鱼的魔力降下奇迹之雨的恢复技能","","","51"
"4381","ボス回復：アヴァロンの雨","海技","対象：味方全体（控え含む）　効果：HP全回復・MP大回復・全状態異常回復
人魚の祈りが待機メンバーを含む仲間全員に癒しをもたらす","","","0","0","25","ボス回復：アヴァロンの雨","海技","対象：味方全体（控え含む）　効果：HP全回復・MP大回復・全状態異常回復
人鱼的祈祷为包括替补在内的所有同伴带来治愈","","","51"
"4382","ボス回復：スライムヒール","粘液技","対象：味方単体　効果：HP中回復・ヌルヌル
癒しの粘液で味方単体を中回復する","","","0","0","1","ボス回復：スライムヒール","粘液技","対象：味方単体　効果：HP中回復・ヌルヌル
用治愈的粘液中回复队友","","","52"
"4383","ボス回復：スライムメガヒール","粘液技","対象：味方単体　効果：HP大回復・ヌルヌル
癒しの粘液で味方単体を大回復する","","","0","0","2","ボス回復：スライムメガヒール","粘液技","対象：味方単体　効果：HP大回復・ヌルヌル
用治愈的粘液大回复队友","","","52"
"4384","ボス回復：スライムオールヒール","粘液技","対象：味方全体　効果：HP中回復・ヌルヌル
癒しの粘液で味方全体を中回復する","","","0","0","2","ボス回復：スライムオールヒール","粘液技","対象：味方全体　効果：HP中回復・ヌルヌル
用治愈的粘液中回复全体队友","","","52"
"4385","ボス回復：スライムオールメガヒール","粘液技","対象：味方全体　効果：HP大回復・ヌルヌル
癒しの粘液で味方全体を大回復する","","","0","0","3","ボス回復：スライムオールメガヒール","粘液技","対象：味方全体　効果：HP大回復・ヌルヌル
用治愈的粘液大回复全体队友","","","52"
"4386","ボス回復：ラミアの祈り","蛇技","対象：味方全体　効果：HP中回復
真摯な祈りで味方全体を癒やす","","","0","0","3","ボス回復：ラミアの祈り","蛇技","対象：味方全体　効果：HP中回復
以真挚的祈祷治愈全体同伴","","","54"
"4387","ボス回復：ラミアの寵光","蛇技","対象：味方全体　効果：HP大回復
癒しの寵光で味方全体を癒やす","","","0","0","5","ボス回復：ラミアの寵光","蛇技","対象：味方全体　効果：HP大回復
治愈的宠光治愈全体队友","","","54"
"4388","ボス回復：癒しの蜜","植物技","対象：味方単体　効果：HP中回復
癒しの蜜で味方単体のHPを回復する","","","0","0","2","ボス回復：癒しの蜜","植物技","対象：味方単体　効果：HP中回復
用治愈之蜜恢复我方单体的HP","","","58"
"4389","ボス回復：祝福の蜜","植物技","対象：味方単体　効果：HP大回復・全状態異常回復
祝福の蜜で味方単体のHPを回復する","","","0","0","4","ボス回復：祝福の蜜","植物技","対象：味方単体　効果：HP大回復・全状態異常回復
用祝福的蜜回复我方单体的HP","","","58"
"4390","ボス回復：奇跡の蜜","植物技","対象：味方単体　効果：HP全回復
奇跡の蜜で味方単体を復活させ、全回復させる","","","0","0","4","ボス回復：奇跡の蜜","植物技","対象：味方単体　効果：HP全回復
用奇迹的蜜复活我方单体，并全回复","","","58"
"4391","ボス回復：女王花の蜜","植物技","対象：味方全体　効果：HP全回復・全状態異常回復
女王の蜜で味方全体のHPを全回復する","","","0","0","8","ボス回復：女王花の蜜","植物技","対象：味方全体　効果：HP全回復・全状態異常回復
用女王的蜜全回复我方全体的HP","","","58"
"4392","ボス回復：世界樹の蜜","植物技","対象：味方全体　効果：HP全回復・状態異常回復・完全蘇生
世界樹の蜜で味方全体を蘇生、HPを全回復させる","","","0","0","15","ボス回復：世界樹の蜜","植物技","対象：味方全体　効果：HP全回復・状態異常回復・完全蘇生
世界树之蜜让我方全体复活，HP全回复","","","58"
"4393","ボス回復：自己再生","造技","対象：使用者　効果：HP中回復
再生機能により自身のHPが回復する","","","0","0","2","ボス回復：自己再生","造技","対象：使用者　効果：HP中回復
再生功能使自身的HP恢复","","","60"
"4394","ボス回復：完全修復","造技","対象：使用者　効果：HP全回復
再生機能により自身のHPが完全回復する","","","0","0","4","ボス回復：完全修復","造技","対象：使用者　効果：HP全回復
再生功能使自身的HP完全恢复","","","60"
"4395","ボス回復：フェアリーヒール","自然感応","対象：味方単体　効果：HP中回復
自然と感応し、味方単体を回復する","","","0","0","2","ボス回復：フェアリーヒール","自然感应","対象：味方単体　効果：HP中回復
与自然共鸣，恢复单个友方的生命","","","61"
"4396","ボス回復：ワンダーヒール","自然感応","対象：味方全体　効果：HP大回復
自然と感応し、味方全体を回復する","","","0","0","6","ボス回復：ワンダーヒール","自然感应","対象：味方全体　効果：HP大回復
与自然共鸣，恢复全体友方的生命","","","61"
"4397","ボス回復：森の癒し","自然感応","対象：味方全体　効果：HP中回復
自然と感応し、味方単体を回復する","","","0","0","3","ボス回復：森の癒し","自然感应","対象：味方全体　効果：HP中回復
与自然共鸣，恢复单个友方的生命","","","61"
"4398","ボス回復：森の奇跡","自然感応","対象：味方単体　効果：HP大回復
自然と感応し、味方単体を大きく回復する","","","0","0","4","ボス回復：森の奇跡","自然感应","対象：味方単体　効果：HP大回復
与自然共鸣，大幅恢复单个友方的生命","","","61"
"4399","ボス回復：星の癒し","自然感応","対象：味方全体　効果：HP全回復・完全蘇生・全能力強化
星そのものと感応し、仲間を完全に蘇生・回復および強化する","","","0","0","20","ボス回復：星の癒し","自然感应","対象：味方全体　効果：HP全回復・完全蘇生・全能力強化
与星辰共鸣，完全复活并强化同伴","","","61"
"4400","ボス回復：サイコヒール","サイコ","対象：味方全体　効果：HP中回復・SP小回復
味方全体の体力と気力を回復する癒しのオーラ","","","0","30","0","ボス回復：サイコヒール","念动","対象：味方全体　効果：HP中回復・SP小回復
恢复我方全体的体力和精神的治愈光环","","","67"
"4401","ボス回復：シールドヒール","投擲技","対象：味方全体　効果：HP中回復、ディフレクト
（両手盾のみ）シールドを掲げ加護のオーラを振りまく回復技","","","0","0","5","ボス回復：シールドヒール","投掷技","対象：味方全体　効果：HP中回復、ディフレクト
（仅限双手盾）举起盾牌，挥洒加护光环的恢复技能","","","16"
"4402","ボス回復：シールドエクスヒール","投擲技","対象：味方全体　効果：HP全回復、ディフレクト2回
（両手盾のみ）シールドを掲げ奇跡のオーラで満たす回復技","","","0","0","30","ボス回復：シールドエクスヒール","投掷技","対象：味方全体　効果：HP全回復、ディフレクト2回
（仅限双手盾）举起盾牌，用奇迹光环充满的恢复技能","","","16"
"4403","ボス回復：海の幸","妖術","対象：味方全体　効果：HP・MP・SP大回復
精力が大幅に回復する料理を振る舞う妖術","","","0","40","10","ボス回復：海の幸","妖术","対象：味方全体　効果：HP・MP・SP大回復
大幅恢复精力的料理妖术","","","68"
"4404","ボス回復：黄金蜜","妖術","対象：味方全体　効果：HP大回復・全状態異常治療
回復効果と治療効果を併せ持った蜜を振る舞う妖術","","","0","40","10","ボス回復：黄金蜜","妖术","対象：味方全体　効果：HP大回復・全状態異常治療
兼具恢复和治疗效果的蜜妖术","","","68"
"4405","ボス回復：ホワイトウィンド","妖術","対象：味方全体　効果：HP可変回復
使用者の現在HPと同じ量だけ味方全体のHPを回復する妖術","","","0","2","0","ボス回復：ホワイトウィンド","妖术","対象：味方全体　効果：HP可変回復
使用者当前HP的量恢复我方全体的HP的妖术","","","68"
"4406","ボス回復：錬成・高級薬草","錬金術","ボス","","","0","2","0","ボス回復：錬成・高級薬草","炼金术","Boss","","","41"
"4407","究極薬草","錬金術","","","","0","0","0","究极药草","炼金术","","","","41"
"4408","高級薬草","錬金術","","","","0","0","0","高级药草","炼金术","","","","41"
"4418","打神鞭","装備武器","","","","0","0","0","打神鞭","装备武器","","","","64"
"4420","サタニックプレジャー","闇技","","","","0","0","0","撒旦尼克宝藏","暗技","","","","27"
"4421","アストラル666","聖技","","","","0","0","0","アストラル666","圣技","","","","26"
"4422","心ない天使","未分类技能","","","","0","0","0","无心的天使","未分类技能","","","","0"
"4423","快楽異常ガードキル","淫技","","","","0","0","0","快乐异常防御击杀","淫技","","","","49"
"4424","赤熱紅炎石","錬金術","","","","0","0","0","赤热红炎石","炼金术","","","","41"
"4425","凍結蒼氷石","錬金術","","","","0","0","0","冻结苍冰石","炼金术","","","","41"
"4426","電光黄雷石","錬金術","","","","0","0","0","电光黄雷石","炼金术","","","","41"
"4428","九つの月","未分类技能","","","","0","0","0","九个月","未分类技能","","","","0"
"4429","むぎゅむぎゅパイズリ","未分类技能","","","","0","0","0","咕啾咕啾乳交","未分类技能","","","","0"
"4430","締め上げる","未分类技能","","","","0","0","0","紧缩","未分类技能","","","","0"
"4431","いじる","未分类技能","","","","0","0","0","玩弄","未分类技能","","","","0"
"4432","ヘブンズバスト","未分类技能","","","","0","0","0","肉棒被用力地揉搓着","未分类技能","","","","0"
"4433","リボリボハウルン","未分类技能","","","","0","0","0","肉波肉波乳抚术","未分类技能","","","","0"
"4434","巨膣ねじこみ","未分类技能","","","","0","0","0","在胶囊内部被机械全身爱抚着","未分类技能","","","","0"
"4436","酒飲み羊","特技","対象：使用者　効果：攻撃力アップ・ランダム状態異常
飲めば飲むほど強くなる……？","","","0","0","0","酒鬼羊","特技","対象：使用者　効果：攻撃力アップ・ランダム状態異常
飲めば飲むほど強くなる……？","","","63"
"4437","クラッシュシザーズ","未分类技能","","","","0","0","0","的阴道内，","未分类技能","","","","0"
"4438","快楽泡地獄","海技","","","","0","0","2","粉碎剪刀","海技","","","","51"
"4440","ドレインフェラ","未分类技能","","","","0","0","0","快乐泡地狱","未分类技能","","","","0"
"4441","大天使の手淫","未分类技能","","","","0","0","0","大天使的手淫","未分类技能","","","","0"
"4442","大天使の口淫","未分类技能","","","","0","0","0","大天使的手淫","未分类技能","","","","0"
"4443","大天使の羽淫","未分类技能","","","","0","0","0","大天使的口交","未分类技能","","","","0"
"4444","大天使の乳淫","未分类技能","","","","0","0","0","大天使的羽淫","未分类技能","","","","0"
"4445","大天使の抱擁","未分类技能","","","","0","0","0","用胸部夹住肉棒，紧紧地压迫着","未分类技能","","","","0"
"4446","大天使の陵辱","拘束時専用技","","","","0","0","0","大天使的凌辱","拘束时专用技","","","","65"
"4447","大天使の陵辱","永久拘束時専用技","","","","0","0","0","大天使的凌辱","永久拘束时专用技","","","","66"
"4448","天使の足奴隷","未分类技能","","","","0","0","0","天使的足奴隶","未分类技能","","","","0"
"4449","聖臍結合","拘束時専用技","","","","0","0","0","圣脐结合","拘束时专用技","","","","65"
"4450","聖体回帰","永久拘束時専用技","","","","0","0","0","圣体回归","永久拘束时专用技","","","","66"
"4451","天使の卵","未分类技能","","","","0","0","0","天使的卵","未分类技能","","","","0"
"4452","天使の卵","拘束時専用技","","","","0","0","0","天使的卵","拘束时专用技","","","","65"
"4453","天使の卵","未分类技能","","","","0","0","0","天使的卵","未分类技能","","","","0"
"4454","バキュームユニット","未分类技能","","","","0","0","0","真空单元","未分类技能","","","","0"
"4455","バキュームユニット","未分类技能","","","","0","0","0","真空单元","未分类技能","","","","0"
"4456","ハンドジョブアーム","未分类技能","単体3回","","","0","0","0","手活手臂","未分类技能","单体3次","","","0"
"4457","ハンドジョブアーム","未分类技能","単体3回","","","0","0","0","手活手臂","未分类技能","单体3次","","","0"
"4458","マルチプルサックユニット","未分类技能","","","","0","0","0","多重榨精装置","未分类技能","","","","0"
"4459","マルチプルサックユニット","拘束時専用技","","","","0","0","0","多重榨精装置","拘束时专用技","","","","65"
"4460","摂食交尾","未分类技能","","","","0","0","0","摄食交配","未分类技能","","","","0"
"4461","摂食交尾","拘束時専用技","","","","0","0","0","摄食交配","拘束时专用技","","","","65"
"4462","摂食交尾","永久拘束時専用技","","","","0","0","0","摄食交配","永久拘束时专用技","","","","66"
"4463","強制拘束","未分类技能","","","","0","0","0","强制拘束","未分类技能","","","","0"
"4464","疑似性器LO-LI","拘束時専用技","","","","0","0","0","疑似性器LO-LI","拘束时专用技","","","","65"
"4465","疑似性器LO-LI","永久拘束時専用技","","","","0","0","0","疑似性器LO-LI","永久拘束时专用技","","","","66"
"4466","テミスローズ","未分类技能","","","","0","0","0","忒弥斯蔷薇","未分类技能","","","","0"
"4467","風魔手裏剣","未分类技能","","","","0","0","0","风魔手里剑","未分类技能","","","","0"
"4468","九つの月","未分类技能","","","","0","0","0","九个月","未分类技能","","","","0"
"4469","八つの月","未分类技能","","","","0","0","0","八个月","未分类技能","","","","0"
"4470","陶酔のプラント","未分类技能","","","","0","0","0","陶醉的植物","未分类技能","","","","0"
"4471","陶酔のプラント","拘束時専用技","","","","0","0","0","陶醉的植物","拘束时专用技","","","","65"
"4472","陶酔のプラント","未分类技能","","","","0","0","0","陶醉的植物","未分类技能","","","","0"
"4474","マルチプルハンドジョブ","未分类技能","ランダム4回","","","0","0","0","多重手淫","未分类技能","随机四次","","","0"
"4475","包丁投げ","未分类技能","","","","0","0","0","飞刀投掷","未分类技能","","","","0"
"4476","包丁乱舞","未分类技能","","","","0","0","0","飞刀乱舞","未分类技能","","","","0"
"4477","強火でじっくり","未分类技能","","","","0","0","0","大火慢炖","未分类技能","","","","0"
"4478","インプリズン","未分类技能","","","","0","0","0","监禁","未分类技能","","","","0"
"4479","インプリズン","拘束時専用技","","","","0","0","0","监禁","拘束时专用技","","","","65"
"4480","インプリズン","未分类技能","","","","0","0","0","监禁","未分类技能","","","","0"
"4482","失墜の玉座","未分类技能","","","","0","0","0","失落王座","未分类技能","","","","0"
"4483","失墜の玉座","拘束時専用技","","","","0","0","0","失落王座","拘束时专用技","","","","65"
"4484","失墜の玉座","未分类技能","","","","0","0","0","失落王座","未分类技能","","","","0"
"4486","時空間侵蝕","特技","","","","0","0","0","时空侵蚀","特技","","","","63"
"4487","毒ガードキル","特技","","","","0","0","0","毒盾击杀","特技","","","","63"
"4488","マインドガードキル","特技","","","","0","0","0","精神盾击杀","特技","","","","63"
"4601","苗床の抱擁","植物技","","","","0","0","4","苗床拥抱","植物技","","","","58"
"4603","しがみつき","未分类技能","","","","0","0","0","紧抱","未分类技能","","","","0"
"4604","むぎゅむぎゅパイズリ","拘束時専用技","","","","0","0","0","咕啾咕啾乳交","拘束时专用技","","","","65"
"4606","溶解手淫","未分类技能","","","","0","0","0","溶解手淫","未分类技能","","","","0"
"4607","溶解手淫","未分类技能","","","","0","0","0","溶解手淫","未分类技能","","","","0"
"4608","溶解口淫","未分类技能","","","","0","0","0","溶解口交","未分类技能","","","","0"
"4609","溶解口淫","未分类技能","","","","0","0","0","溶解口交","未分类技能","","","","0"
"4610","襖の巻き付き溶解","未分类技能","","","","0","0","0","袄的缠绕溶解","未分类技能","","","","0"
"4612","紅炎石","錬金術","","","","0","0","0","红炎石","炼金术","","","","41"
"4613","蒼氷石","錬金術","","","","0","0","0","苍冰石","炼金术","","","","41"
"4614","黄雷石","錬金術","","","","0","0","0","黄雷石","炼金术","","","","41"
"4620","しゅるしゅる愛撫","未分类技能","","","","0","0","0","滑溜溜的爱抚","未分类技能","","","","0"
"4621","しゅるしゅる拘束","未分类技能","","","","0","0","0","滑溜溜的拘束","未分类技能","","","","0"
"4622","しゅるしゅる全身愛撫","拘束時専用技","","","","0","0","0","滑溜溜的全身爱抚","拘束时专用技","","","","65"
"4623","ダゴンホールド","未分类技能","","","","0","0","0","达贡束缚","未分类技能","","","","0"
"4624","ぐちゅぐちゅ","拘束時専用技","","","","0","0","0","咕啾咕啾","拘束时专用技","","","","65"
"4627","ウミウシ蹂躙","拘束時専用技","","","","0","0","0","海蛞蝓蹂躏","拘束时专用技","","","","65"
"4628","うにゅうにゅ","拘束時専用技","","","","0","0","0","哧溜哧溜","拘束时专用技","","","","65"
"4629","カエル手コキ","未分类技能","","","","0","0","0","青蛙手淫","未分类技能","","","","0"
"4630","カエル手淫","未分类技能","","","","0","0","0","青蛙手淫","未分类技能","","","","0"
"4631","カエル足コキ","未分类技能","","","","0","0","0","青蛙足淫","未分类技能","","","","0"
"4632","カエルパイズリ","未分类技能","","","","0","0","0","青蛙乳交","未分类技能","","","","0"
"4633","全身ベロベロ攻撃","未分类技能","","","","0","0","0","全身舔舐攻击","未分类技能","","","","0"
"4634","股間ベロベロ攻撃","未分类技能","","","","0","0","0","胯下舔舐攻击","未分类技能","","","","0"
"4636","じゅぶじゅぶ","拘束時専用技","","","","0","0","0","咕啾咕啾","拘束时专用技","","","","65"
"4638","逆馬乗り","未分类技能","","","","0","0","0","逆骑乘","未分类技能","","","","0"
"4639","ケンタウロスレイプ","拘束時専用技","","","","0","0","0","马人强奸","拘束时专用技","","","","65"
"4640","ケンタウロスレイプ","永久拘束時専用技","","","","0","0","0","马人强奸","永久拘束时专用技","","","","66"
"4641","ツタ拘束","未分类技能","","","","0","0","0","藤蔓拘束","未分类技能","","","","0"
"4642","淫花吸精","拘束時専用技","","","","0","0","0","淫花吸精","拘束时专用技","","","","65"
"4643","粘糸蹂躙","拘束時専用技","","","","0","0","0","粘液蹂躏","拘束时专用技","","","","65"
"4645","箱入り娘の手コキ","未分类技能","","","","0","0","0","箱中娘的手淫","未分类技能","","","","0"
"4646","箱入り娘のフェラ","未分类技能","","","","0","0","0","箱中娘的口交","未分类技能","","","","0"
"4648","堕技手淫","未分类技能","","","","0","0","0","堕技手淫","未分类技能","","","","0"
"4649","堕技胸淫","未分类技能","","","","0","0","0","堕技胸淫","未分类技能","","","","0"
"4650","堕技髪淫","未分类技能","","","","0","0","0","堕技发淫","未分类技能","","","","0"
"4651","堕技口淫","未分类技能","","","","0","0","0","堕技口淫","未分类技能","","","","0"
"4652","ヘアバインド","未分类技能","","","","0","0","0","发缚","未分类技能","","","","0"
"4653","淫髪吸精","拘束時専用技","","","","0","0","0","淫发吸精","拘束时专用技","","","","65"
"4654","口淫吸精","未分类技能","","","","0","0","0","口淫吸精","未分类技能","","","","0"
"4656","シェイクジョブ","未分类技能","","","","0","0","0","摇摆工作","未分类技能","","","","0"
"4657","複乳パイズリ","未分类技能","","","","0","0","0","多重乳交","未分类技能","","","","0"
"4658","トリプルフェラ","未分类技能","","","","0","0","0","三重口交","未分类技能","","","","0"
"4659","のしかかり","未分类技能","","","","0","0","0","压制","未分类技能","","","","0"
"4660","魔犬の姦淫","拘束時専用技","","","","0","0","0","魔犬的奸淫","拘束时专用技","","","","65"
"4661","魔犬の姦淫","永久拘束時専用技","","","","0","0","0","魔犬的奸淫","永久拘束时专用技","","","","66"
"4662","ワイルドシェイク","永久拘束時専用技","","","","0","0","0","狂野摇摆","永久拘束时专用技","","","","66"
"4666","濡れ濡れロール","未分类技能","","","","0","0","0","湿漉漉滚动","未分类技能","","","","0"
"4667","濡れ尻尾愛撫","未分类技能","","","","0","0","0","湿尾爱抚","未分类技能","","","","0"
"4668","濡れ尻尾愛撫","未分类技能","","","","0","0","0","湿尾爱抚","未分类技能","","","","0"
"4669","濡れ濡れロール","未分类技能","","","","0","0","0","湿漉漉滚动","未分类技能","","","","0"
"4671","熟女即抜き手コキ","未分类技能","","","","0","0","0","熟女即拔手淫","未分类技能","","","","0"
"4672","熟女じゅるじゅるフェラ","未分类技能","","","","0","0","0","熟女咕噜咕噜口交","未分类技能","","","","0"
"4673","熟女悩殺パイズリ","未分类技能","","","","0","0","0","熟女诱惑乳交","未分类技能","","","","0"
"4674","熟女の淫らな腰振り","永久拘束時専用技","","","","0","0","0","熟女的淫荡腰动","永久拘束时专用技","","","","66"
"4678","踏みにじり足コキ","未分类技能","","","","0","0","0","践踏足淫","未分类技能","","","","0"
"4683","掴む","未分类技能","","","","0","0","0","抓住","未分类技能","","","","0"
"4684","握る","拘束時専用技","","","","0","0","0","握紧","拘束时专用技","","","","65"
"4685","いじる","拘束時専用技","","","","0","0","0","玩弄","拘束时专用技","","","","65"
"4691","男殺しの魔蜘蛛","未分类技能","","","","0","0","0","男杀魔蛛","未分类技能","","","","0"
"4692","手誘・魔蜘蛛","未分类技能","","","","0","0","0","手诱・魔蜘蛛","未分类技能","","","","0"
"4693","種涸れの圧胸","未分类技能","","","","0","0","0","榨干种子的乳交","未分类技能","","","","0"
"4694","男嫐りの夜蛇","未分类技能","","","","0","0","0","男人燃烧的夜蛇","未分类技能","","","","0"
"4695","踏根・足擦り","未分类技能","","","","0","0","0","踏根・足擦り","未分类技能","","","","0"
"4696","寝技","未分类技能","","","","0","0","0","寝技","未分类技能","","","","0"
"4697","絶技・筒涸らし","拘束時専用技","","","","0","0","0","绝技・筒涸","拘束时专用技","","","","65"
"4698","絶技・筒涸らし","永久拘束時専用技","","","","0","0","0","绝技・筒涸","永久拘束时专用技","","","","66"
"4701","窒息乳固め","拘束時専用技","","","","0","0","0","窒息乳固","拘束时专用技","","","","65"
"4702","流髪","未分类技能","","","","0","0","0","流髪","未分类技能","","","","0"
"4703","流髪","未分类技能","","","","0","0","0","流髪","未分类技能","","","","0"
"4704","氷の手撫","未分类技能","","","","0","0","0","冰之手扶","未分类技能","","","","0"
"4705","氷の手撫","未分类技能","","","","0","0","0","冰之手扶","未分类技能","","","","0"
"4706","冷華口淫","未分类技能","","","","0","0","0","冷華口淫","未分类技能","","","","0"
"4708","雪女の抱擁","未分类技能","","","","0","0","0","雪女的拥抱","未分类技能","","","","0"
"4709","雪女の抱擁","未分类技能","","","","0","0","0","雪女的拥抱","未分类技能","","","","0"
"4710","吸温抱擁","拘束時専用技","","","","0","0","0","吸温拥抱","拘束时专用技","","","","65"
"4714","ふさふさ尻尾コキ","未分类技能","","","","0","0","0","蓬松尾巴抽插","未分类技能","","","","0"
"4715","ぷにぷに肉球手コキ","未分类技能","","","","0","0","0","软软肉球手淫","未分类技能","","","","0"
"4716","むにゅむにゅパイズリ","未分类技能","","","","0","0","0","软绵绵乳交","未分类技能","","","","0"
"4717","ざらざら猫舌フェラ","未分类技能","","","","0","0","0","粗糙猫舌口交","未分类技能","","","","0"
"4718","ざらざら猫舌なめ","未分类技能","","","","0","0","0","粗糙猫舌舔舐","未分类技能","","","","0"
"4719","子作りえっち","拘束時専用技","","","","0","0","0","孕育之欢","拘束时专用技","","","","65"
"4720","子作りえっち","永久拘束時専用技","","","","0","0","0","孕育之欢","永久拘束时专用技","","","","66"
"4722","あかなめ絡み扱き","未分类技能","","","","0","0","0","垢舐鬼缠绕抽动","未分类技能","","","","0"
"4723","あかなめ覆い締め","未分类技能","","","","0","0","0","垢舐鬼紧缚","未分类技能","","","","0"
"4724","あかなめ巻きしゃぶり","未分类技能","","","","0","0","0","垢舐鬼卷舔","未分类技能","","","","0"
"4725","あかなめ乳首這い","未分类技能","","","","0","0","0","垢舐鬼乳头舔舐","未分类技能","","","","0"
"4726","あかなめ乳首這い","未分类技能","","","","0","0","0","垢舐鬼乳头舔舐","未分类技能","","","","0"
"4727","あかなめ全身舐め","未分类技能","","","","0","0","0","垢舐鬼全身舔舐","未分类技能","","","","0"
"4728","あかなめベロベロキッス","未分类技能","","","","0","0","0","垢舐鬼舌舔吻","未分类技能","","","","0"
"4729","あかなめ舌園","未分类技能","","","","0","0","0","垢舐鬼舌园","未分类技能","","","","0"
"4730","あかなめ舌園","未分类技能","","","","0","0","0","垢舐鬼舌园","未分类技能","","","","0"
"4731","あかなめ舌園","拘束時専用技","","","","0","0","0","垢舐鬼舌园","拘束时专用技","","","","65"
"4732","あかなめ舌地獄","拘束時専用技","","","","0","0","0","垢舐鬼舌地狱","拘束时专用技","","","","65"
"4736","猛烈アナル責め","未分类技能","","","","0","0","0","猛烈肛门责罚","未分类技能","","","","0"
"4737","尻子玉抜き","未分类技能","","","","0","0","0","拔出尻子玉","未分类技能","","","","0"
"4739","稚児搾り","未分类技能","","","","0","0","0","榨取稚儿","未分类技能","","","","0"
"4740","魔羅ねぶり","未分类技能","","","","0","0","0","魔罗舔舐","未分类技能","","","","0"
"4741","包み乳楽","未分类技能","","","","0","0","0","包乳乐","未分类技能","","","","0"
"4742","大蛇締め","未分类技能","","","","0","0","0","大蛇绞杀","未分类技能","","","","0"
"4743","白蛇の拘束","未分类技能","","","","0","0","0","白蛇的拘束","未分类技能","","","","0"
"4744","大蛇締め","拘束時専用技","","","","0","0","0","大蛇绞杀","拘束时专用技","","","","65"
"4745","白蛇神楽","拘束時専用技","","","","0","0","0","白蛇神乐","拘束时专用技","","","","65"
"4746","蛇夜伽","拘束時専用技","","","","0","0","0","蛇夜伽","拘束时专用技","","","","65"
"4747","蛇夜伽","永久拘束時専用技","","","","0","0","0","蛇夜伽","永久拘束时专用技","","","","66"
"4749","十指手淫","未分类技能","","","","0","0","0","十指手淫","未分类技能","","","","0"
"4750","十指手淫","未分类技能","","","","0","0","0","十指手淫","未分类技能","","","","0"
"4751","蛇舌口淫","未分类技能","","","","0","0","0","蛇舌口交","未分类技能","","","","0"
"4752","豊穣胸淫","未分类技能","","","","0","0","0","丰饶胸淫","未分类技能","","","","0"
"4753","巫鈴尾淫","未分类技能","","","","0","0","0","巫铃尾淫","未分类技能","","","","0"
"4754","九十巻舌姦","未分类技能","","","","0","0","0","九十卷舌奸","未分类技能","","","","0"
"4755","九十巻舌姦","未分类技能","","","","0","0","0","九十卷舌奸","未分类技能","","","","0"
"4756","九十巻舌姦","拘束時専用技","","","","0","0","0","九十卷舌奸","拘束时专用技","","","","65"
"4759","手淫妓技","未分类技能","","","","0","0","0","手淫妓技","未分类技能","","","","0"
"4760","嫐り尺八","未分类技能","","","","0","0","0","嫐り尺八","未分类技能","","","","0"
"4761","乳の花郭","未分类技能","","","","0","0","0","乳之花郭","未分类技能","","","","0"
"4762","淫ら髪撫","未分类技能","","","","0","0","0","淫乱发抚","未分类技能","","","","0"
"4763","淫ら髪撫","未分类技能","","","","0","0","0","淫乱发抚","未分类技能","","","","0"
"4764","蕩髪絶技","未分类技能","","","","0","0","0","荡发绝技","未分类技能","","","","0"
"4765","髪拘束","未分类技能","","","","0","0","0","发拘束","未分类技能","","","","0"
"4766","乱れ太夫","拘束時専用技","","","","0","0","0","乱太夫","拘束时专用技","","","","65"
"4767","乱れ太夫","永久拘束時専用技","","","","0","0","0","乱太夫","永久拘束时专用技","","","","66"
"4769","せるか・すなめ","未分类技能","","","","0","0","0","舌舞・蛇目","未分类技能","","","","0"
"4770","せるか・すなめ","未分类技能","","","","0","0","0","舌舞・蛇目","未分类技能","","","","0"
"4771","やまた・しろろひ","未分类技能","","","","0","0","0","邪马台・白露","未分类技能","","","","0"
"4772","やまた・しろろひ","未分类技能","","","","0","0","0","邪马台・白露","未分类技能","","","","0"
"4773","やつり・ややかせ","未分类技能","","","","0","0","0","吊・夜夜濑","未分类技能","","","","0"
"4774","とまら・すめらめ","拘束時専用技","","","","0","0","0","止・皇女","拘束时专用技","","","","65"
"4784","マンティスフェラ","未分类技能","","","","0","0","0","螳螂口交","未分类技能","","","","0"
"4785","マンティスパイズリ","未分类技能","","","","0","0","0","螳螂乳交","未分类技能","","","","0"
"4786","抱え込み","未分类技能","","","","0","0","0","抱住","未分类技能","","","","0"
"4787","マンティスレイプ","拘束時専用技","","","","0","0","0","螳螂强奸","拘束时专用技","","","","65"
"4788","マンティスレイプ","永久拘束時専用技","","","","0","0","0","螳螂强奸","永久拘束时专用技","","","","66"
"4790","シルキィフェラ","未分类技能","","","","0","0","0","丝滑口交","未分类技能","","","","0"
"4791","シルキィバスト","未分类技能","","","","0","0","0","丝滑胸部","未分类技能","","","","0"
"4792","シルキィプレジャー","未分类技能","","","","0","0","0","丝滑娱乐","未分类技能","","","","0"
"4794","吸精の繭","未分类技能","","","","0","0","0","吸精的茧","未分类技能","","","","0"
"4795","吸精の繭","拘束時専用技","","","","0","0","0","吸精的茧","拘束时专用技","","","","65"
"4797","アルム・パイズリ","未分类技能","","","","0","0","0","阿尔姆乳交","未分类技能","","","","0"
"4798","アルム・フェラ","未分类技能","","","","0","0","0","阿尔姆口交","未分类技能","","","","0"
"4799","花淫","未分类技能","","","","0","0","0","花淫","未分类技能","","","","0"
"4800","花淫","未分类技能","","","","0","0","0","花淫","未分类技能","","","","0"
"4801","魔花抱擁","未分类技能","","","","0","0","0","魔花拥抱","未分类技能","","","","0"
"4802","ルーティー・カレス","未分类技能","","","","0","0","0","露蒂・卡莱斯","未分类技能","","","","0"
"4803","ルーティー・カレス","未分类技能","","","","0","0","0","露蒂・卡莱斯","未分类技能","","","","0"
"4804","ルーティー・ホールド","未分类技能","","","","0","0","0","露蒂的束缚","未分类技能","","","","0"
"4805","ルーティー・ホールド","未分类技能","","","","0","0","0","露蒂的束缚","未分类技能","","","","0"
"4806","ルーティー・ドロウ","拘束時専用技","","","","0","0","0","露蒂的抽取","拘束时专用技","","","","65"
"4808","プラントサック","未分类技能","","","","0","0","0","植物吞噬","未分类技能","","","","0"
"4809","プラントサック","未分类技能","","","","0","0","0","植物吞噬","未分类技能","","","","0"
"4810","プラントボア","未分类技能","","","","0","0","0","植物吞噬","未分类技能","","","","0"
"4811","ツタ巻き付き","未分类技能","","","","0","0","0","藤蔓缠绕","未分类技能","","","","0"
"4812","ハンドスゥイート","未分类技能","","","","0","0","0","手之甜蜜","未分类技能","","","","0"
"4813","菌糸スカート","未分类技能","","","","0","0","0","菌丝裙","未分类技能","","","","0"
"4814","苗床の抱擁","未分类技能","","","","0","0","0","苗床拥抱","未分类技能","","","","0"
"4815","苗床の抱擁","未分类技能","","","","0","0","0","苗床拥抱","未分类技能","","","","0"
"4816","苗床の抱擁","拘束時専用技","","","","0","0","0","苗床拥抱","拘束时专用技","","","","65"
"4817","魔花の足嫐り","未分类技能","","","","0","0","0","魔花的践踏","未分类技能","","","","0"
"4818","魔花の素股","未分类技能","","","","0","0","0","魔花的素股","未分类技能","","","","0"
"4819","魔花の搾檻","未分类技能","","","","0","0","0","魔花榨槛","未分类技能","","","","0"
"4820","魔花の搾檻","未分类技能","","","","0","0","0","魔花榨槛","未分类技能","","","","0"
"4821","魔花の搾檻","拘束時専用技","","","","0","0","0","魔花榨槛","拘束时专用技","","","","65"
"4823","ネバネバ腺毛","未分类技能","","","","0","0","0","黏黏的腺毛","未分类技能","","","","0"
"4824","ネバネバ腺毛","未分类技能","","","","0","0","0","黏黏的腺毛","未分类技能","","","","0"
"4825","股間繊毛責め","未分类技能","","","","0","0","0","股间纤毛责","未分类技能","","","","0"
"4826","股間繊毛責め","未分类技能","","","","0","0","0","股间纤毛责","未分类技能","","","","0"
"4827","ビーナストラップ","未分类技能","","","","0","0","0","维纳斯陷阱","未分类技能","","","","0"
"4828","ビーナストラップ","未分类技能","","","","0","0","0","维纳斯陷阱","未分类技能","","","","0"
"4829","メルトフィリア","拘束時専用技","","","","0","0","0","梅尔托菲利亚","拘束时专用技","","","","65"
"4830","カレス・イビー","未分类技能","","","","0","0","0","卡雷斯・伊比","未分类技能","","","","0"
"4831","カレス・イビー","未分类技能","","","","0","0","0","卡雷斯・伊比","未分类技能","","","","0"
"4832","ミニ・ウツボカズラ","未分类技能","","","","0","0","0","迷你・猪笼草","未分类技能","","","","0"
"4833","陶酔のウツボカズラ","未分类技能","","","","0","0","0","陶醉的猪笼草","未分类技能","","","","0"
"4834","ケプト・イビー","未分类技能","","","","0","0","0","凯普特・伊比","未分类技能","","","","0"
"4835","陶酔のウツボカズラ","拘束時専用技","","","","0","0","0","陶醉的猪笼草","拘束时专用技","","","","65"
"4836","陶酔のウツボカズラ","永久拘束時専用技","","","","0","0","0","陶醉的猪笼草","永久拘束时专用技","","","","66"
"4837","ビーナスベンド","未分类技能","","","","0","0","0","维纳斯弯曲","未分类技能","","","","0"
"4838","ビーナスベンド","未分类技能","","","","0","0","0","维纳斯弯曲","未分类技能","","","","0"
"4839","ビーナストラップ","未分类技能","","","","0","0","0","维纳斯陷阱","未分类技能","","","","0"
"4840","ビーナストラップ","未分类技能","","","","0","0","0","维纳斯陷阱","未分类技能","","","","0"
"4841","メルトフィリア","拘束時専用技","","","","0","0","0","梅尔托菲利亚","拘束时专用技","","","","65"
"4843","プリエステス・ヘア","未分类技能","","","","0","0","0","普莉艾丝缇丝・头发","未分类技能","","","","0"
"4844","プリエステス・ヘア","未分类技能","","","","0","0","0","普莉艾丝缇丝・头发","未分类技能","","","","0"
"4845","プリエステス・フット","未分类技能","","","","0","0","0","普莉艾丝缇丝・脚","未分类技能","","","","0"
"4846","プリエステス・バスト","未分类技能","","","","0","0","0","普莉艾丝缇丝・胸部","未分类技能","","","","0"
"4847","プリエステス・フェラ","未分类技能","","","","0","0","0","普莉艾丝缇丝・口交","未分类技能","","","","0"
"4848","女皇の吸精","未分类技能","","","","0","0","0","女皇的吸精","未分类技能","","","","0"
"4849","ツタ拘束","未分类技能","","","","0","0","0","藤蔓拘束","未分类技能","","","","0"
"4850","女皇の吸精","拘束時専用技","","","","0","0","0","女皇的吸精","拘束时专用技","","","","65"
"4852","バグフェラ","未分类技能","","","","0","0","0","虫口交","未分类技能","","","","0"
"4853","バグパイズリ","未分类技能","","","","0","0","0","虫乳交","未分类技能","","","","0"
"4854","モスキートドレイン","未分类技能","","","","0","0","0","蚊子吸血","未分类技能","","","","0"
"4855","多腕手コキ","未分类技能","","","","0","0","0","多臂手淫","未分类技能","","","","0"
"4856","蜜吸いフェラ","未分类技能","","","","0","0","0","蜜吸吮口交","未分类技能","","","","0"
"4857","蜜たっぷりパイズリ","未分类技能","","","","0","0","0","蜜汁满满乳交","未分类技能","","","","0"
"4858","蜂の一刺し","未分类技能","","","","0","0","0","蜂刺一击","未分类技能","","","","0"
"4866","アンシェントレイプ","拘束時専用技","","","","0","0","0","古代强奸","拘束时专用技","","","","65"
"4867","アンシェントレイプ","永久拘束時専用技","","","","0","0","0","古代强奸","永久拘束时专用技","","","","66"
"4870","ジェリープレス","未分类技能","","","","0","0","0","果冻压迫","未分类技能","","","","0"
"4871","ジェリードロウ","未分类技能","","","","0","0","0","果冻涂抹","未分类技能","","","","0"
"4872","ジェリードロウ","未分类技能","","","","0","0","0","果冻涂抹","未分类技能","","","","0"
"4873","ジェリーヘブン","未分类技能","","","","0","0","0","果冻天堂","未分类技能","","","","0"
"4874","ジェリーヘブン","未分类技能","","","","0","0","0","果冻天堂","未分类技能","","","","0"
"4875","ジェリーヘブン","拘束時専用技","","","","0","0","0","果冻天堂","拘束时专用技","","","","65"
"4876","ブロブスプレッド","未分类技能","","","","0","0","0","粘液扩散","未分类技能","","","","0"
"4877","ブロブドロウ","未分类技能","","","","0","0","0","粘液涂抹","未分类技能","","","","0"
"4878","ブロブドロウ","未分类技能","","","","0","0","0","粘液涂抹","未分类技能","","","","0"
"4879","ブロブヘブン","未分类技能","","","","0","0","0","粘液涂抹（女）","未分类技能","","","","0"
"4880","ブロブヘブン","未分类技能","","","","0","0","0","粘液涂抹（女）","未分类技能","","","","0"
"4881","ブロブヘブン","拘束時専用技","","","","0","0","0","粘液涂抹（女）","拘束时专用技","","","","65"
"4882","グリーンスプレッド","未分类技能","","","","0","0","0","绿色涂抹","未分类技能","","","","0"
"4883","グリーンドロウ","未分类技能","","","","0","0","0","的粘液","未分类技能","","","","0"
"4884","グリーンドロウ","未分类技能","","","","0","0","0","的粘液","未分类技能","","","","0"
"4885","緑の浸食","未分类技能","","","","0","0","0","的肉棒","未分类技能","","","","0"
"4886","グリーンエクスタシー","拘束時専用技","","","","0","0","0","史莱姆黏糊糊地蠕动，带来快乐刺激","拘束时专用技","","","","65"
"4887","レッドゲイル","未分类技能","","","","0","0","0","粘液增多，包裹到腰部","未分类技能","","","","0"
"4888","レッドドロウ","未分类技能","","","","0","0","0","红色涂抹","未分类技能","","","","0"
"4889","レッドドロウ","未分类技能","","","","0","0","0","红色涂抹","未分类技能","","","","0"
"4890","ブルーフロウ","未分类技能","","","","0","0","0","蓝色流淌","未分类技能","","","","0"
"4891","ブルードロウ","未分类技能","","","","0","0","0","蓝色涂抹","未分类技能","","","","0"
"4892","ブルードロウ","未分类技能","","","","0","0","0","蓝色涂抹","未分类技能","","","","0"
"4893","パープルキッス","未分类技能","","","","0","0","0","紫色之吻","未分类技能","","","","0"
"4894","パープルドロウ","未分类技能","","","","0","0","0","紫色涂抹","未分类技能","","","","0"
"4895","パープルドロウ","未分类技能","","","","0","0","0","紫色涂抹","未分类技能","","","","0"
"4896","パープルホールド","未分类技能","","","","0","0","0","紫色束缚","未分类技能","","","","0"
"4897","スペシャルヘブン","拘束時専用技","","","","0","0","0","特殊天堂","拘束时专用技","","","","65"
"4900","アクアシェイク","未分类技能","","","","0","0","0","水之震动","未分类技能","","","","0"
"4901","アクアストローク","未分类技能","","","","0","0","0","水之抽插","未分类技能","","","","0"
"4902","アクアストローク","未分类技能","","","","0","0","0","水之抽插","未分类技能","","","","0"
"4903","アクアプリズン","未分类技能","","","","0","0","0","水牢","未分类技能","","","","0"
"4904","アクアプリズン","未分类技能","","","","0","0","0","水牢","未分类技能","","","","0"
"4905","メルティックアクア","拘束時専用技","","","","0","0","0","致命水","拘束时专用技","","","","65"
"4909","アガルタドロウ","未分类技能","","","","0","0","0","阿加尔塔粘液","未分类技能","","","","0"
"4910","アルカディアスプレッド","未分类技能","","","","0","0","0","阿尔卡迪亚扩散","未分类技能","","","","0"
"4911","ザナドゥストローク","未分类技能","","","","0","0","0","扎纳杜斯抽插","未分类技能","","","","0"
"4912","シャングリラスクリュー","未分类技能","","","","0","0","0","香格里拉螺旋","未分类技能","","","","0"
"4913","シャングリラスクリュー","未分类技能","","","","0","0","0","香格里拉螺旋","未分类技能","","","","0"
"4915","ヘブンズプリズン","未分类技能","","","","0","0","0","天堂监牢","未分类技能","","","","0"
"4916","ヘブンズプリズン","未分类技能","","","","0","0","0","天堂监牢","未分类技能","","","","0"
"4917","ヘブンズプリズン","拘束時専用技","","","","0","0","0","天堂监牢","拘束时专用技","","","","65"
"4919","アントキッス","未分类技能","","","","0","0","0","蚂蚁之吻","未分类技能","","","","0"
"4920","多腕手コキ","未分类技能","","","","0","0","0","多臂手淫","未分类技能","","","","0"
"4921","多腕手淫","未分类技能","","","","0","0","0","多臂手淫","未分类技能","","","","0"
"4922","アントパイズリ","未分类技能","","","","0","0","0","蚂蚁乳交","未分类技能","","","","0"
"4923","アントフェラ","未分类技能","","","","0","0","0","多臂口交","未分类技能","","","","0"
"4925","からくりの手淫","未分类技能","","","","0","0","0","机关手淫","未分类技能","","","","0"
"4926","からくりの手淫","未分类技能","","","","0","0","0","机关手淫","未分类技能","","","","0"
"4927","からくりの口淫","未分类技能","","","","0","0","0","机关口交","未分类技能","","","","0"
"4928","からくりの胸奉仕","未分类技能","","","","0","0","0","机关胸侍奉","未分类技能","","","","0"
"4929","恍惚の泡奉仕","未分类技能","","","","0","0","0","恍惚泡泡侍奉","未分类技能","","","","0"
"4930","恍惚の泡奉仕","未分类技能","","","","0","0","0","恍惚泡泡侍奉","未分类技能","","","","0"
"4931","拘束プログラム07","未分类技能","","","","0","0","0","拘束プログラム07","未分类技能","","","","0"
"4932","素股奉仕","拘束時専用技","","","","0","0","0","素股侍奉","拘束时专用技","","","","65"
"4933","肛悦奉仕","拘束時専用技","","","","0","0","0","肛门愉悦侍奉","拘束时专用技","","","","65"
"4934","からくり電気按摩","拘束時専用技","","","","0","0","0","机关电按摩","拘束时专用技","","","","65"
"4935","拘束プログラム666","拘束時専用技","","","","0","0","0","拘束プログラム666","拘束时专用技","","","","65"
"4936","奉仕プログラム666","永久拘束時専用技","","","","0","0","0","奉仕プログラム666","永久拘束时专用技","","","","66"
"4938","からくりおっぱいギミック","未分类技能","","","","0","0","0","机关胸部机关","未分类技能","","","","0"
"4939","からくりおっぱいギミック","未分类技能","","","","0","0","0","机关胸部机关","未分类技能","","","","0"
"4948","触手拘束","未分类技能","","","","0","0","0","触手拘束","未分类技能","","","","0"
"4949","触手締め付け","拘束時専用技","","","","0","0","0","触手紧缚","拘束时专用技","","","","65"
"4950","エリシオン・デ・スキュラ","拘束時専用技","","","","0","0","0","艾莉西翁・德・斯库拉","拘束时专用技","","","","65"
"4951","メデューサハンド","未分类技能","","","","0","0","0","美杜莎之手","未分类技能","","","","0"
"4952","メデューサフェラ","未分类技能","","","","0","0","0","美杜莎口交","未分类技能","","","","0"
"4953","メデューサ素股","未分类技能","","","","0","0","0","美杜莎素股","未分类技能","","","","0"
"4954","淫邪の蛇髪","未分类技能","","","","0","0","0","淫邪的蛇发","未分类技能","","","","0"
"4955","淫邪の蛇髪","未分类技能","","","","0","0","0","淫邪的蛇发","未分类技能","","","","0"
"4956","淫邪の蛇壺","拘束時専用技","","","","0","0","0","淫邪的蛇壶","拘束时专用技","","","","65"
"4957","淫邪の蛇壺","永久拘束時専用技","","","","0","0","0","淫邪的蛇壶","永久拘束时专用技","","","","66"
"4960","アゲハ袖愛撫","未分类技能","","","","0","0","0","蝴蝶袖爱抚","未分类技能","","","","0"
"4961","アゲハ袖愛撫","未分类技能","","","","0","0","0","蝴蝶袖爱抚","未分类技能","","","","0"
"4962","アゲハ口腔吸精","未分类技能","","","","0","0","0","蝴蝶口腔吸精","未分类技能","","","","0"
"4963","アゲハ口腔吸精","未分类技能","","","","0","0","0","蝴蝶口腔吸精","未分类技能","","","","0"
"4965","ポイズンドロウ","未分类技能","","","","0","0","0","毒液滴落","未分类技能","","","","0"
"4966","ポイズンドロウ","未分类技能","","","","0","0","0","毒液滴落","未分类技能","","","","0"
"4967","ポイズンシェイク","未分类技能","","","","0","0","0","毒液震动","未分类技能","","","","0"
"4968","毒粘液地獄","粘液技","","","","0","0","6","毒液地狱","粘液技","","","","52"
"4969","毒の粘檻","未分类技能","","","","0","0","0","毒液牢笼","未分类技能","","","","0"
"4970","毒の粘檻","未分类技能","","","","0","0","0","毒液牢笼","未分类技能","","","","0"
"4971","毒の粘檻","拘束時専用技","","","","0","0","0","毒液牢笼","拘束时专用技","","","","65"
"4973","ネバネバ毒粘液","未分类技能","","","","0","0","0","黏黏毒液","未分类技能","","","","0"
"4974","膣内窒息","未分类技能","","","","0","0","0","阴道窒息","未分类技能","","","","0"
"4975","膣内窒息","拘束時専用技","","","","0","0","0","阴道窒息","拘束时专用技","","","","65"
"4976","感染抱擁","未分类技能","","","","0","0","0","感染拥抱","未分类技能","","","","0"
"4977","軟体にゅるにゅるレイプ","拘束時専用技","","","","0","0","0","软体咕噜咕噜强奸","拘束时专用技","","","","65"
"4978","軟体にゅるにゅるレイプ","永久拘束時専用技","","","","0","0","0","软体咕噜咕噜强奸","永久拘束时专用技","","","","66"
"4981","マッドスプレッド","未分类技能","","","","0","0","0","疯狂扩散","未分类技能","","","","0"
"4982","マッドドロウ","未分类技能","","","","0","0","0","泥浆束缚","未分类技能","","","","0"
"4983","マッドドロウ","未分类技能","","","","0","0","0","泥浆束缚","未分类技能","","","","0"
"4984","マッドシェイク","未分类技能","","","","0","0","0","泥浆摇晃","未分类技能","","","","0"
"4985","マッドホールド","未分类技能","","","","0","0","0","泥浆固定","未分类技能","","","","0"
"4986","マッドシェイク","拘束時専用技","","","","0","0","0","泥浆摇晃","拘束时专用技","","","","65"
"4988","いじる","拘束時専用技","","","","0","0","0","玩弄","拘束时专用技","","","","65"
"4989","動力補給","拘束時専用技","","","","0","0","0","动力补给","拘束时专用技","","","","65"
"4990","動力補給","永久拘束時専用技","","","","0","0","0","动力补给","永久拘束时专用技","","","","66"
"4993","エナジー吸収","未分类技能","","","","0","0","0","能量吸收","未分类技能","","","","0"
"4996","三つの月","未分类技能","","","","0","0","0","三个月亮","未分类技能","","","","0"
"4997","四つの月","未分类技能","","","","0","0","0","四个月亮","未分类技能","","","","0"
"5001","女王の口慰み","未分类技能","","","","0","0","0","女王的口慰","未分类技能","","","","0"
"5002","女王の胸悦","未分类技能","","","","0","0","0","女王的胸悦","未分类技能","","","","0"
"5003","女王の艶技","未分类技能","","","","0","0","0","女王的艳技","未分类技能","","","","0"
"5004","女王の艶技","未分类技能","","","","0","0","0","女王的艳技","未分类技能","","","","0"
"5005","女王の生殖壺","拘束時専用技","","","","0","0","0","女王的生殖壶","拘束时专用技","","","","65"
"5006","女王の生殖壺","永久拘束時専用技","","","","0","0","0","女王的生殖壶","永久拘束时专用技","","","","66"
"5009","メロソフィ・ライズ","未分类技能","","","","0","0","0","甜蜜酥胸・升天","未分类技能","","","","0"
"5010","メロソフィ・エンデ","未分类技能","","","","0","0","0","甜蜜酥胸・终曲","未分类技能","","","","0"
"5011","メロソフィ・エンデ","拘束時専用技","","","","0","0","0","甜蜜酥胸・终曲","拘束时专用技","","","","65"
"5013","マグマシャフト","未分类技能","","","","0","0","0","熔岩轴","未分类技能","","","","0"
"5014","マグマドロウ","未分类技能","","","","0","0","0","熔岩滴","未分类技能","","","","0"
"5015","マグマドロウ","未分类技能","","","","0","0","0","熔岩滴","未分类技能","","","","0"
"5016","マグマスファル","未分类技能","","","","0","0","0","岩浆覆盖","未分类技能","","","","0"
"5017","マグマホールド","未分类技能","","","","0","0","0","岩浆束缚","未分类技能","","","","0"
"5018","マグマスファル","拘束時専用技","","","","0","0","0","岩浆覆盖","拘束时专用技","","","","65"
"5019","溶岩","自然感応","","","","0","0","5","熔岩","自然感应","","","","61"
"5021","メルティスキュラ","拘束時専用技","","","","0","0","0","熔岩之触","拘束时专用技","","","","65"
"5024","快楽の羽根愛撫","未分类技能","","","","0","0","0","快乐羽翼爱抚","未分类技能","","","","0"
"5025","快楽の羽根愛撫","未分类技能","","","","0","0","0","快乐羽翼爱抚","未分类技能","","","","0"
"5026","求精の手淫","未分类技能","","","","0","0","0","求精手淫","未分类技能","","","","0"
"5027","悦楽の胸","未分类技能","","","","0","0","0","悦乐之胸","未分类技能","","","","0"
"5028","魅惑の口淫","未分类技能","","","","0","0","0","魅惑口交","未分类技能","","","","0"
"5029","搾精の脇","未分类技能","","","","0","0","0","榨精腋下","未分类技能","","","","0"
"5030","渇精の肉壺","拘束時専用技","","","","0","0","0","渴精肉壶","拘束时专用技","","","","65"
"5031","渇精の肉壺","永久拘束時専用技","","","","0","0","0","渴精肉壶","永久拘束时专用技","","","","66"
"5032","触手吸精","未分类技能","","","","0","0","0","触手吸精","未分类技能","","","","0"
"5033","ヒトデフェラ","未分类技能","","","","0","0","0","ヒトデフェラ","未分类技能","","","","0"
"5034","ヒトデカレス","未分类技能","","","","0","0","0","ヒトデカレス","未分类技能","","","","0"
"5035","ヒトデカレス","未分类技能","","","","0","0","0","ヒトデカレス","未分类技能","","","","0"
"5036","ヒトデしがみつき","未分类技能","","","","0","0","0","ヒトデしがみつき","未分类技能","","","","0"
"5037","ヒトデしがみつき","未分类技能","","","","0","0","0","ヒトデしがみつき","未分类技能","","","","0"
"5038","管足全身愛撫","拘束時専用技","","","","0","0","0","管足全身爱抚","拘束时专用技","","","","65"
"5039","管足股間愛撫","拘束時専用技","","","","0","0","0","管足股间爱抚","拘束时专用技","","","","65"
"5040","ヒトデ転がり","未分类技能","","","","0","0","0","海星翻滚","未分类技能","","","","0"
"5041","煉獄の淫蠅","未分类技能","","","","0","0","0","炼狱淫蝇","未分类技能","","","","0"
"5042","魔蠅掌撫","未分类技能","","","","0","0","0","魔蠅掌撫","未分类技能","","","","0"
"5043","魔蠅乳惚","未分类技能","","","","0","0","0","魔蠅乳惚","未分类技能","","","","0"
"5044","魔蠅口搾","未分类技能","","","","0","0","0","魔蝇口榨","未分类技能","","","","0"
"5045","魔蠅の拘束","未分类技能","","","","0","0","0","魔蝇的拘束","未分类技能","","","","0"
"5046","抱乳淫獄","拘束時専用技","","","","0","0","0","抱乳淫狱","拘束时专用技","","","","65"
"5047","抱乳溶獄","拘束時専用技","","","","0","0","0","抱乳溶狱","拘束时专用技","","","","65"
"5048","抱乳吸獄","拘束時専用技","","","","0","0","0","抱乳吸狱","拘束时专用技","","","","65"
"5050","魔蠅の一撃","未分类技能","","","","0","0","0","魔蝇的一击","未分类技能","","","","0"
"5057","ヌルヌル・デ・スキュラ","拘束時専用技","","","","0","0","0","黏滑・德・斯库拉","拘束时专用技","","","","65"
"5058","ヌルヌル触手乱舞","未分类技能","","","","0","0","0","黏滑触手乱舞","未分类技能","","","","0"
"5059","テンタクルカレス","未分类技能","","","","0","0","0","触手卡雷斯","未分类技能","","","","0"
"5060","テンタクルカレス","未分类技能","","","","0","0","0","触手卡雷斯","未分类技能","","","","0"
"5061","テンタクルレイド","未分类技能","","","","0","0","0","触手突袭","未分类技能","","","","0"
"5062","テンタクルスマッシュ","未分类技能","","","","0","0","0","触手猛击","未分类技能","","","","0"
"5063","アビスドレイン","未分类技能","","","","0","0","0","深渊吸精","未分类技能","","","","0"
"5064","テンタクルバインド","未分类技能","","","","0","0","0","触手束缚","未分类技能","","","","0"
"5065","アスカレス・セレ","拘束時専用技","","","","0","0","0","阿斯克拉・塞雷","拘束时专用技","","","","65"
"5066","アスレイド・セレ","拘束時専用技","","","","0","0","0","阿斯雷德・塞雷","拘束时专用技","","","","65"
"5067","アビスドレイン","拘束時専用技","","","","0","0","0","深渊吸精","拘束时专用技","","","","65"
"5068","アビスドレイン","永久拘束時専用技","","","","0","0","0","深渊吸精","永久拘束时专用技","","","","66"
"5072","掃除機乱舞","未分类技能","","","","0","0","0","吸尘器乱舞","未分类技能","","","","0"
"5073","掃除機ドレイン","未分类技能","","","","0","0","0","吸尘器德莱恩","未分类技能","","","","0"
"5075","魔娼の手淫","未分类技能","","","","0","0","0","魔娼的手淫","未分类技能","","","","0"
"5076","魔娼の口淫","未分类技能","","","","0","0","0","魔娼的口交","未分类技能","","","","0"
"5077","魔娼のパイズリ","未分类技能","","","","0","0","0","魔娼的乳交","未分类技能","","","","0"
"5078","魔娼の名器","拘束時専用技","","","","0","0","0","魔娼的名器","拘束时专用技","","","","65"
"5079","魔娼の腰振り","永久拘束時専用技","","","","0","0","0","魔娼的腰动","永久拘束时专用技","","","","66"
"5080","ヘブンズピストン","永久拘束時専用技","","","","0","0","0","天堂活塞","永久拘束时专用技","","","","66"
"5081","エナジードレイン","永久拘束時専用技","","","","0","0","0","能量吸取","永久拘束时专用技","","","","66"
"5082","百合の昇天","未分类技能","","","","0","0","0","百合的升天","未分类技能","","","","0"
"5083","しこしこ手コキ","未分类技能","","","","0","0","0","啾啾手淫","未分类技能","","","","0"
"5084","じゅるじゅるフェラ","未分类技能","","","","0","0","0","啾啾口交","未分类技能","","","","0"
"5085","さらさら髪コキ","未分类技能","","","","0","0","0","沙沙发丝手淫","未分类技能","","","","0"
"5086","百合遊び","未分类技能","","","","0","0","0","百合嬉戏","未分类技能","","","","0"
"5087","顔面騎乗","未分类技能","","","","0","0","0","面部骑乘","未分类技能","","","","0"
"5088","ぱんつしぼり","拘束時専用技","","","","0","0","0","内裤揉捏","拘束时专用技","","","","65"
"5089","靴下しぼり","拘束時専用技","","","","0","0","0","袜子揉捏","拘束时专用技","","","","65"
"5090","生殺しの肉壺","永久拘束時専用技","","","","0","0","0","生杀肉壶","永久拘束时专用技","","","","66"
"5091","レベルドレイン","未分类技能","","","","0","0","0","等级吸取","未分类技能","","","","0"
"5092","歓喜の手慰","未分类技能","","","","0","0","0","欢愉之手慰","未分类技能","","","","0"
"5093","ヘクト・ディープフェラ","未分类技能","","","","0","0","0","百汲・深喉","未分类技能","","","","0"
"5094","パイズリ枯渇吸精","未分类技能","","","","0","0","0","乳交枯竭吸精","未分类技能","","","","0"
"5095","底無しの肉壺","永久拘束時専用技","","","","0","0","0","无底肉壶","永久拘束时专用技","","","","66"
"5097","ご奉仕手淫","未分类技能","","","","0","0","0","侍奉手淫","未分类技能","","","","0"
"5098","ご奉仕手淫","未分类技能","","","","0","0","0","侍奉手淫","未分类技能","","","","0"
"5099","ご奉仕口淫","未分类技能","","","","0","0","0","侍奉口交","未分类技能","","","","0"
"5100","ご奉仕口淫","未分类技能","","","","0","0","0","侍奉口交","未分类技能","","","","0"
"5101","ご奉仕触手","未分类技能","","","","0","0","0","侍奉触手","未分类技能","","","","0"
"5102","ご奉仕触手","未分类技能","","","","0","0","0","侍奉触手","未分类技能","","","","0"
"5103","ご奉仕締め上げ","未分类技能","","","","0","0","0","侍奉紧缚","未分类技能","","","","0"
"5104","ご奉仕締め上げ","拘束時専用技","","","","0","0","0","侍奉紧缚","拘束时专用技","","","","65"
"5105","ご奉仕吸精","拘束時専用技","","","","0","0","0","侍奉吸精","拘束时专用技","","","","65"
"5106","ご奉仕吸精","永久拘束時専用技","","","","0","0","0","侍奉吸精","永久拘束时专用技","","","","66"
"5107","ご奉仕捕食","永久拘束時専用技","","","","0","0","0","侍奉捕食","永久拘束时专用技","","","","66"
"5109","淑女の手淫","未分类技能","","","","0","0","0","淑女的手淫","未分类技能","","","","0"
"5110","淑女の手淫","未分类技能","","","","0","0","0","淑女的手淫","未分类技能","","","","0"
"5111","淑女の口淫","未分类技能","","","","0","0","0","淑女的口交","未分类技能","","","","0"
"5112","淑女の口淫","未分类技能","","","","0","0","0","淑女的口交","未分类技能","","","","0"
"5113","淑女のパイズリ","未分类技能","","","","0","0","0","淑女的乳交","未分类技能","","","","0"
"5114","体液搾取","未分类技能","","","","0","0","0","体液榨取","未分类技能","","","","0"
"5115","インセクトホールド","未分类技能","","","","0","0","0","昆虫束缚","未分类技能","","","","0"
"5116","体液搾取","拘束時専用技","","","","0","0","0","体液榨取","拘束时专用技","","","","65"
"5117","体液搾取","永久拘束時専用技","","","","0","0","0","体液榨取","永久拘束时专用技","","","","66"
"5118","触手の戯れ","未分类技能","","","","0","0","0","触手的戏弄","未分类技能","","","","0"
"5119","触手の戯れ","未分类技能","","","","0","0","0","触手的戏弄","未分类技能","","","","0"
"5120","吸盤遊技","未分类技能","","","","0","0","0","吸盘游戏","未分类技能","","","","0"
"5121","官能の肛虐","未分类技能","","","","0","0","0","官能的肛虐","未分类技能","","","","0"
"5122","貴婦人の遊技","未分类技能","","","","0","0","0","贵妇人的游戏","未分类技能","","","","0"
"5123","触手捕獲","未分类技能","","","","0","0","0","触手捕获","未分类技能","","","","0"
"5124","貴婦人の遊技","拘束時専用技","","","","0","0","0","贵妇人的游戏","拘束时专用技","","","","65"
"5128","ヘブンズバスト","未分类技能","","","","0","0","0","肉棒被用力地揉搓着","未分类技能","","","","0"
"5129","ヘブンズバスト","未分类技能","","","","0","0","0","肉棒被用力地揉搓着","未分类技能","","","","0"
"5130","ヘブンズバスト","拘束時専用技","","","","0","0","0","肉棒被用力地揉搓着","拘束时专用技","","","","65"
"5131","甘い掌","未分类技能","","","","0","0","0","甜美的手掌","未分类技能","","","","0"
"5132","甘いお口","未分类技能","","","","0","0","0","甜美的嘴","未分类技能","","","","0"
"5133","甘いお口","未分类技能","","","","0","0","0","甜美的嘴","未分类技能","","","","0"
"5134","甘いおっぱい","未分类技能","","","","0","0","0","甜美的乳房","未分类技能","","","","0"
"5135","ドロドロクリーム","未分类技能","","","","0","0","0","黏稠的奶油","未分类技能","","","","0"
"5136","スカートじゅるじゅる","未分类技能","","","","0","0","0","湿漉漉的裙子","未分类技能","","","","0"
"5137","スカートぱっくん","未分类技能","","","","0","0","0","裙子吞噬","未分类技能","","","","0"
"5138","スカートじゅるじゅる","拘束時専用技","","","","0","0","0","湿漉漉的裙子","拘束时专用技","","","","65"
"5139","あまあまぱっくん","未分类技能","","","","0","0","0","甜甜的吞噬","未分类技能","","","","0"
"5141","鳥手コキ","未分类技能","","","","0","0","0","鸟爪淫","未分类技能","","","","0"
"5142","ふくよかパイズリ","未分类技能","","","","0","0","0","丰满乳交","未分类技能","","","","0"
"5143","石化おしゃぶり","未分类技能","","","","0","0","0","将肉棒埋入丰满的胸部，缓缓上下移动","未分类技能","","","","0"
"5144","石化口淫","未分类技能","","","","0","0","0","石化口交","未分类技能","","","","0"
"5145","ストーンレイプ","未分类技能","","","","0","0","0","石化强奸","未分类技能","","","","0"
"5146","ストーンレイプ","永久拘束時専用技","","","","0","0","0","石化强奸","永久拘束时专用技","","","","66"
"5147","竜撫","未分类技能","","","","0","0","0","龙抚","未分类技能","","","","0"
"5148","竜撫","未分类技能","","","","0","0","0","龙抚","未分类技能","","","","0"
"5149","ドラゴンフェラ","未分类技能","","","","0","0","0","龙口交","未分类技能","","","","0"
"5150","ドラゴンバスト","未分类技能","","","","0","0","0","龙胸","未分类技能","","","","0"
"5151","口内嫐り","未分类技能","","","","0","0","0","口内玩弄","未分类技能","","","","0"
"5152","かぶりつき","未分类技能","","","","0","0","0","扑咬","未分类技能","","","","0"
"5153","口内嫐り","拘束時専用技","","","","0","0","0","口内玩弄","拘束时专用技","","","","65"
"5155","禁撃連握","未分类技能","","","","0","0","0","禁击连握","未分类技能","","","","0"
"5156","火神連脚","未分类技能","","","","0","0","0","火神连脚","未分类技能","","","","0"
"5157","火神連脚","未分类技能","","","","0","0","0","火神连脚","未分类技能","","","","0"
"5158","火龍の抱擁","未分类技能","","","","0","0","0","火龙拥抱","未分类技能","","","","0"
"5159","火龍の抱擁","未分类技能","","","","0","0","0","火龙拥抱","未分类技能","","","","0"
"5160","フレイムシュタイナー","拘束時専用技","","","","0","0","0","火焰束缚者","拘束时专用技","","","","65"
"5162","粘液触手吸精","未分类技能","","","","0","0","0","粘液触手吸精","未分类技能","","","","0"
"5163","キューブヘブン","未分类技能","","","","0","0","0","立方天堂","未分类技能","","","","0"
"5164","キューブ取り込み","未分类技能","","","","0","0","0","立方吞噬","未分类技能","","","","0"
"5165","キューブヘブン","拘束時専用技","","","","0","0","0","立方天堂","拘束时专用技","","","","65"
"5167","鬼の名器","拘束時専用技","","","","0","0","0","鬼之名器","拘束时专用技","","","","65"
"5168","鬼の腰振り","永久拘束時専用技","","","","0","0","0","鬼之腰动","永久拘束时专用技","","","","66"
"5172","ヴァンパイアバスト","未分类技能","","","","0","0","0","吸血鬼之胸","未分类技能","","","","0"
"5173","吸精おしゃぶり","未分类技能","","","","0","0","0","吸精吮吸","未分类技能","","","","0"
"5175","吸精ドレス","未分类技能","","","","0","0","0","吸精礼服","未分类技能","","","","0"
"5176","ドレス覆い込み","未分类技能","","","","0","0","0","礼服覆盖","未分类技能","","","","0"
"5177","吸精ドレス","拘束時専用技","","","","0","0","0","吸精礼服","拘束时专用技","","","","65"
"5183","快楽のつまびき","未分类技能","","","","0","0","0","快乐的紧绷","未分类技能","","","","0"
"5184","快楽のつまびき","未分类技能","","","","0","0","0","快乐的紧绷","未分类技能","","","","0"
"5185","悦びの弦","未分类技能","","","","0","0","0","愉悦的弦","未分类技能","","","","0"
"5186","弦の拘束","未分类技能","","","","0","0","0","弦的拘束","未分类技能","","","","0"
"5187","悦びの弦","拘束時専用技","","","","0","0","0","愉悦的弦","拘束时专用技","","","","65"
"5188","リボリボハウルン","未分类技能","","","","0","0","0","肉波肉波乳抚术","未分类技能","","","","0"
"5189","リボリボハウルン","未分类技能","","","","0","0","0","肉波肉波乳抚术","未分类技能","","","","0"
"5190","リボリボハウルン","拘束時専用技","","","","0","0","0","肉波肉波乳抚术","拘束时专用技","","","","65"
"5191","スプレッドワーム","未分类技能","","","","0","0","0","展开蠕虫","未分类技能","","","","0"
"5194","ツインフェラ","未分类技能","","","","0","0","0","双人吹箫","未分类技能","","","","0"
"5195","ツインバスト","未分类技能","","","","0","0","0","双峰夹击","未分类技能","","","","0"
"5196","ラフィンジェンド","未分类技能","","","","0","0","0","柔情媚手","未分类技能","","","","0"
"5197","ティンキュルス","未分类技能","","","","0","0","0","挑逗滑舌","未分类技能","","","","0"
"5198","ロマノステリ","未分类技能","","","","0","0","0","罗曼诺斯提利","未分类技能","","","","0"
"5199","リティス・アニ","未分类技能","","","","0","0","0","リティス・アニ","未分类技能","","","","0"
"5200","ツインドレインテイル","未分类技能","","","","0","0","0","双尾吸精","未分类技能","","","","0"
"5201","ツインドレインテイル","未分类技能","","","","0","0","0","双尾吸精","未分类技能","","","","0"
"5202","ツインホールド","未分类技能","","","","0","0","0","双人束缚","未分类技能","","","","0"
"5203","ツインエナジードレイン","拘束時専用技","","","","0","0","0","双人能量吸取","拘束时专用技","","","","65"
"5204","ツインエナジードレイン","永久拘束時専用技","","","","0","0","0","双人能量吸取","永久拘束时专用技","","","","66"
"5206","エミリの手コキ","未分类技能","","","","0","0","0","艾米莉的手淫","未分类技能","","","","0"
"5207","エミリのおしゃぶり","未分类技能","","","","0","0","0","艾米莉的舔舐","未分类技能","","","","0"
"5208","エミリのおもちゃ","未分类技能","","","","0","0","0","艾米莉的玩具","未分类技能","","","","0"
"5209","エミリのおもちゃ","未分类技能","","","","0","0","0","艾米莉的玩具","未分类技能","","","","0"
"5210","ツインテールロンド","未分类技能","","","","0","0","0","双尾轮舞","未分类技能","","","","0"
"5211","テンタクルバインド","未分类技能","","","","0","0","0","触手束缚","未分类技能","","","","0"
"5212","テンタクルワルツ","拘束時専用技","","","","0","0","0","触手华尔兹","拘束时专用技","","","","65"
"5213","沐肉のプレリュード","未分类技能","","","","0","0","0","肉浴的前奏","未分类技能","","","","0"
"5214","撫肉のワルツ","未分类技能","","","","0","0","0","肉抚的华尔兹","未分类技能","","","","0"
"5215","擦肉のロンド","未分类技能","","","","0","0","0","肉擦的轮舞","未分类技能","","","","0"
"5216","虐肉のタンゴ","未分类技能","","","","0","0","0","虐肉的探戈","未分类技能","","","","0"
"5217","粘肉のシンフォニー","未分类技能","","","","0","0","0","粘肉的交响曲","未分类技能","","","","0"
"5218","光と闇のコンチェルト","未分类技能","","","","0","0","0","光与暗的协奏曲","未分类技能","","","","0"
"5219","縛肉のセレナーデ","未分类技能","","","","0","0","0","束缚肉的夜曲","未分类技能","","","","0"
"5220","抱肉のソナタ","拘束時専用技","","","","0","0","0","拥抱肉的奏鸣曲","拘束时专用技","","","","65"
"5221","蝕肉のレクイエム","未分类技能","","","","0","0","0","蚀肉的镇魂曲","未分类技能","","","","0"
"5223","搾精の手袋","未分类技能","","","","0","0","0","榨精的手套","未分类技能","","","","0"
"5224","悦楽の帽子","未分类技能","","","","0","0","0","悦乐的帽子","未分类技能","","","","0"
"5225","巨乳の餌食","未分类技能","","","","0","0","0","巨乳的猎物","未分类技能","","","","0"
"5226","ドレインテイルHP","未分类技能","","","","0","0","0","吸血尾巴HP","未分类技能","","","","0"
"5227","ドレインテイルMP","未分类技能","","","","0","0","0","吸血尾巴MP","未分类技能","","","","0"
"5229","アネモネシザーズ","未分类技能","","","","0","0","0","海百合剪刀","未分类技能","","","","0"
"5230","アネモネホールド","未分类技能","","","","0","0","0","海百合拥抱","未分类技能","","","","0"
"5231","アネモネホールド","未分类技能","","","","0","0","0","海百合拥抱","未分类技能","","","","0"
"5232","メルティアネモネ","拘束時専用技","","","","0","0","0","梅尔蒂海百合","拘束时专用技","","","","65"
"5233","アネモネボア","未分类技能","","","","0","0","0","海百合毛皮","未分类技能","","","","0"
"5234","マンタフェラ","未分类技能","","","","0","0","0","蝠鲼娘口交","未分类技能","","","","0"
"5235","マンタバスト","未分类技能","","","","0","0","0","蝠鲼娘胸部","未分类技能","","","","0"
"5238","トリックハンド","未分类技能","","","","0","0","0","诡计之手","未分类技能","","","","0"
"5239","トリックパイズリ","未分类技能","","","","0","0","0","诡计乳交","未分类技能","","","","0"
"5240","トリックフェラ","未分类技能","","","","0","0","0","诡计口交","未分类技能","","","","0"
"5241","むにゅむにゅ尻コキ","未分类技能","","","","0","0","0","咕噜咕噜屁股摩擦","未分类技能","","","","0"
"5244","ワイルドレイプ","永久拘束時専用技","","","","0","0","0","野性强奸","永久拘束时专用技","","","","66"
"5245","尻尾拘束","未分类技能","","","","0","0","0","尾巴拘束","未分类技能","","","","0"
"5246","尻尾吸精","拘束時専用技","","","","0","0","0","尾巴吸精","拘束时专用技","","","","65"
"5247","巨膣ねじこみ","拘束時専用技","","","","0","0","0","在胶囊内部被机械全身爱抚着","拘束时专用技","","","","65"
"5248","巨膣ねじこみ","永久拘束時専用技","","","","0","0","0","在胶囊内部被机械全身爱抚着","永久拘束时专用技","","","","66"
"5249","イビーワンド","未分类技能","","","","0","0","0","伊比魔杖","未分类技能","","","","0"
"5250","イビードロウ","未分类技能","","","","0","0","0","伊比之触","未分类技能","","","","0"
"5251","吸精ツタ","未分类技能","","","","0","0","0","吸精藤蔓","未分类技能","","","","0"
"5252","吸精ツタ","未分类技能","","","","0","0","0","吸精藤蔓","未分类技能","","","","0"
"5253","ファナティックダリア","未分类技能","","","","0","0","0","狂热达利亚","未分类技能","","","","0"
"5254","ファナティックダリア","未分类技能","","","","0","0","0","狂热达利亚","未分类技能","","","","0"
"5256","メロウラフレシア","未分类技能","","","","0","0","0","甜蜜霸王花","未分类技能","","","","0"
"5257","メロウラフレシア","拘束時専用技","","","","0","0","0","甜蜜霸王花","拘束时专用技","","","","65"
"5258","エルフの手嫐","未分类技能","","","","0","0","0","精灵的手抚","未分类技能","","","","0"
"5259","エルフの口溶","未分类技能","","","","0","0","0","精灵的口溶","未分类技能","","","","0"
"5260","エルフの胸溺","未分类技能","","","","0","0","0","精灵的胸溺","未分类技能","","","","0"
"5261","エルフの魔膣","拘束時専用技","","","","0","0","0","精灵的魔穴","拘束时专用技","","","","65"
"5262","天国の腰振り肉壺","永久拘束時専用技","","","","0","0","0","天堂的腰振肉壶","永久拘束时专用技","","","","66"
"5263","地獄の締め付け肉壺","永久拘束時専用技","","","","0","0","0","地狱的紧缚肉壶","永久拘束时专用技","","","","66"
"5264","底無しの種吸い壺","永久拘束時専用技","","","","0","0","0","无底的吸种之壶","永久拘束时专用技","","","","66"
"5269","アークフット","未分类技能","","","","0","0","0","弧光足踏","未分类技能","","","","0"
"5270","アークフェラ","未分类技能","","","","0","0","0","弧形口交","未分类技能","","","","0"
"5271","アークバスト","未分类技能","","","","0","0","0","弧形胸部","未分类技能","","","","0"
"5272","アークイビー","未分类技能","","","","0","0","0","弧形藤蔓","未分类技能","","","","0"
"5273","アークイビー","未分类技能","","","","0","0","0","弧形藤蔓","未分类技能","","","","0"
"5274","ツタ拘束","未分类技能","","","","0","0","0","藤蔓拘束","未分类技能","","","","0"
"5275","ツタ拘束","未分类技能","","","","0","0","0","藤蔓拘束","未分类技能","","","","0"
"5276","ツタ吸精","拘束時専用技","","","","0","0","0","藤蔓吸精","拘束时专用技","","","","65"
"5277","混乱花粉の手コキ","未分类技能","","","","0","0","0","混乱花粉的手淫","未分类技能","","","","0"
"5278","麻痺樹液のフェラ","未分类技能","","","","0","0","0","麻痹树液的口交","未分类技能","","","","0"
"5279","恍惚樹液の胸","未分类技能","","","","0","0","0","恍惚树液的胸部","未分类技能","","","","0"
"5280","誘惑花粉の髪","未分类技能","","","","0","0","0","诱惑花粉的头发","未分类技能","","","","0"
"5281","誘惑花粉の髪","未分类技能","","","","0","0","0","诱惑花粉的头发","未分类技能","","","","0"
"5282","ヘルテンタクル","未分类技能","","","","0","0","0","地狱触手","未分类技能","","","","0"
"5283","アークヒップヘブン","拘束時専用技","","","","0","0","0","天堂之臀","拘束时专用技","","","","65"
"5284","恍惚の樹液","拘束時専用技","","","","0","0","0","恍惚的树液","拘束时专用技","","","","65"
"5285","牝木繚乱","拘束時専用技","","","","0","0","0","牝木缭乱","拘束时专用技","","","","65"
"5286","牝木繚乱","永久拘束時専用技","","","","0","0","0","牝木缭乱","永久拘束时专用技","","","","66"
"5287","カーディナルハンズ","未分类技能","","","","0","0","0","红衣主教之手","未分类技能","","","","0"
"5288","ローランプレス","未分类技能","","","","0","0","0","罗拉之压","未分类技能","","","","0"
"5289","女王花の牡搾り","未分类技能","","","","0","0","0","女王花的榨精","未分类技能","","","","0"
"5290","搾精ツタ乱舞","未分类技能","","","","0","0","0","榨精藤蔓乱舞","未分类技能","","","","0"
"5291","恍惚の花蜜","未分类技能","","","","0","0","0","恍惚的花蜜","未分类技能","","","","0"
"5292","女王花の抱擁","未分类技能","","","","0","0","0","女王花的拥抱","未分类技能","","","","0"
"5293","嫐りカズラ","拘束時専用技","","","","0","0","0","戏弄的藤蔓","拘束时专用技","","","","65"
"5294","恍惚の乳蜜","拘束時専用技","","","","0","0","0","恍惚的乳蜜","拘束时专用技","","","","65"
"5295","エクスタシーキュラス","拘束時専用技","","","","0","0","0","狂喜的藤蔓","拘束时专用技","","","","65"
"5296","エクスタシーキュラス","永久拘束時専用技","","","","0","0","0","狂喜的藤蔓","永久拘束时专用技","","","","66"
"5298","破滅の蛇舌","未分类技能","","","","0","0","0","毁灭的蛇舌","未分类技能","","","","0"
"5299","破滅の蛇舌","未分类技能","","","","0","0","0","毁灭的蛇舌","未分类技能","","","","0"
"5303","ジェネラルフェラ","未分类技能","","","","0","0","0","将军的口交","未分类技能","","","","0"
"5304","ジェネラルパイズリ","未分类技能","","","","0","0","0","将军乳交","未分类技能","","","","0"
"5305","ジェネラルヘア","未分类技能","","","","0","0","0","将军发","未分类技能","","","","0"
"5306","ジェネラルテイル","未分类技能","","","","0","0","0","将军尾","未分类技能","","","","0"
"5307","ジェネラルテイル","未分类技能","","","","0","0","0","将军尾","未分类技能","","","","0"
"5308","ジェネラルホールド","未分类技能","","","","0","0","0","将军抱","未分类技能","","","","0"
"5309","ジェネラルレイプ","拘束時専用技","","","","0","0","0","将军强奸","拘束时专用技","","","","65"
"5310","ジェネラルレイプ","永久拘束時専用技","","","","0","0","0","将军强奸","永久拘束时专用技","","","","66"
"5314","プリンセスフェラ","未分类技能","","","","0","0","0","公主口交","未分类技能","","","","0"
"5315","プリンセスぱいずり","未分类技能","","","","0","0","0","公主乳交","未分类技能","","","","0"
"5316","プリンセスおなかずり","未分类技能","","","","0","0","0","公主腹交","未分类技能","","","","0"
"5317","プリンセス尾ヒレずり","未分类技能","","","","0","0","0","公主尾鳍交","未分类技能","","","","0"
"5318","プリンセス尾ヒレずり","未分类技能","","","","0","0","0","公主尾鳍交","未分类技能","","","","0"
"5319","プリンセスしがみつき","未分类技能","","","","0","0","0","公主紧抱","未分类技能","","","","0"
"5320","プリンセスえっち","拘束時専用技","","","","0","0","0","公主的色情","拘束时专用技","","","","65"
"5321","プリンセスえっち","永久拘束時専用技","","","","0","0","0","公主的色情","永久拘束时专用技","","","","66"
"5323","人魚の啜り口淫","未分类技能","","","","0","0","0","人鱼的吸吮口交","未分类技能","","","","0"
"5324","人魚の乳圧搾り","未分类技能","","","","0","0","0","人鱼的乳压榨取","未分类技能","","","","0"
"5325","人魚のぬめり腹撫","未分类技能","","","","0","0","0","人鱼的滑腻腹部抚摸","未分类技能","","","","0"
"5326","人魚の乱れ尾嫐","未分类技能","","","","0","0","0","人鱼的狂乱尾鞭","未分类技能","","","","0"
"5327","人魚の洗い手慰","未分类技能","","","","0","0","0","人鱼的洗手慰藉","未分类技能","","","","0"
"5328","人魚の洗い手慰","未分类技能","","","","0","0","0","人鱼的洗手慰藉","未分类技能","","","","0"
"5329","人魚の拘束","未分类技能","","","","0","0","0","人鱼的拘束","未分类技能","","","","0"
"5330","人魚の淫壺","拘束時専用技","","","","0","0","0","人鱼的淫壶","拘束时专用技","","","","65"
"5331","人魚の締まり圧壺","永久拘束時専用技","","","","0","0","0","人鱼的紧缩压力壶","永久拘束时专用技","","","","66"
"5332","人魚のうねり蠕壺","永久拘束時専用技","","","","0","0","0","人鱼之蠕壺","永久拘束时专用技","","","","66"
"5336","アラクネフェラ","未分类技能","","","","0","0","0","阿拉克涅口交","未分类技能","","","","0"
"5337","アラクネバスト","未分类技能","","","","0","0","0","阿拉克涅胸","未分类技能","","","","0"
"5338","アラクネスピナ","未分类技能","","","","0","0","0","阿拉克涅纺","未分类技能","","","","0"
"5339","八撫の足","未分类技能","","","","0","0","0","八抚之足","未分类技能","","","","0"
"5340","八撫の足","未分类技能","","","","0","0","0","八抚之足","未分类技能","","","","0"
"5341","胸挟魔","未分类技能","","","","0","0","0","胸夹魔","未分类技能","","","","0"
"5342","糸紬の口淫","未分类技能","","","","0","0","0","丝䌷口交","未分类技能","","","","0"
"5343","蕩乳の情飲","未分类技能","","","","0","0","0","荡乳之情饮","未分类技能","","","","0"
"5344","土蜘蛛捕獲","未分类技能","","","","0","0","0","土蜘蛛捕获","未分类技能","","","","0"
"5345","土蜘蛛捕獲","未分类技能","","","","0","0","0","土蜘蛛捕获","未分类技能","","","","0"
"5346","牡搾りの魔織","拘束時専用技","","","","0","0","0","榨精魔织","拘束时专用技","","","","65"
"5347","牡啜りの魔壺","拘束時専用技","","","","0","0","0","吸精魔壶","拘束时专用技","","","","65"
"5348","牡啜りの魔壺","永久拘束時専用技","","","","0","0","0","吸精魔壶","永久拘束时专用技","","","","66"
"5351","アラクネウェブ","未分类技能","","","","0","0","0","阿拉克涅网","未分类技能","","","","0"
"5352","アラクネディブル","拘束時専用技","","","","0","0","0","阿拉克涅之缚","拘束时专用技","","","","65"
"5353","アラクネルイン","拘束時専用技","","","","0","0","0","阿拉克涅之侵","拘束时专用技","","","","65"
"5354","アラクネルイン","永久拘束時専用技","","","","0","0","0","阿拉克涅之侵","永久拘束时专用技","","","","66"
"5355","アラクネヴェルヴ","未分类技能","","","","0","0","0","阿拉克涅之缚","未分类技能","","","","0"
"5356","アラクネスレッド","未分类技能","","","","0","0","0","阿拉克涅之缚","未分类技能","","","","0"
"5357","アラクネスレッド","未分类技能","","","","0","0","0","阿拉克涅之缚","未分类技能","","","","0"
"5358","ブロウ・エクスタシア","未分类技能","","","","0","0","0","冲击・狂喜","未分类技能","","","","0"
"5359","ベノムメント","未分类技能","","","","0","0","0","毒液之触","未分类技能","","","","0"
"5360","スレッドホールド","未分类技能","","","","0","0","0","丝线束缚","未分类技能","","","","0"
"5361","スレッドルスト","拘束時専用技","","","","0","0","0","丝线缠绕","拘束时专用技","","","","65"
"5362","アラクネ・リプロア","拘束時専用技","","","","0","0","0","阿拉克涅・利普罗亚","拘束时专用技","","","","65"
"5363","アラクネ・リプロア","永久拘束時専用技","","","","0","0","0","阿拉克涅・利普罗亚","永久拘束时专用技","","","","66"
"5364","吸血鬼の足躙り","未分类技能","","","","0","0","0","吸血鬼的践踏","未分类技能","","","","0"
"5366","蜘蛛の補食","未分类技能","","","","0","0","0","蜘蛛的捕食","未分类技能","","","","0"
"5367","吸血吸精ワーム","未分类技能","","","","0","0","0","吸血吸精虫","未分类技能","","","","0"
"5368","吸血吸精ワーム","未分类技能","","","","0","0","0","吸血吸精虫","未分类技能","","","","0"
"5369","吸血吸精ワーム","拘束時専用技","","","","0","0","0","吸血吸精虫","拘束时专用技","","","","65"
"5370","カーミラの手慰み","未分类技能","","","","0","0","0","卡米拉的抚慰","未分类技能","","","","0"
"5371","カーミラの口溶け","未分类技能","","","","0","0","0","卡米拉的口溶","未分类技能","","","","0"
"5372","カーミラの乳守","未分类技能","","","","0","0","0","卡米拉的乳守","未分类技能","","","","0"
"5373","カーミラの夜衣","未分类技能","","","","0","0","0","卡米拉的夜衣","未分类技能","","","","0"
"5374","カーミラの吸血","未分类技能","","","","0","0","0","卡米拉的吸血","未分类技能","","","","0"
"5375","カーミラの吸血","未分类技能","","","","0","0","0","卡米拉的吸血","未分类技能","","","","0"
"5376","百合の墓場","拘束時専用技","","","","0","0","0","百合的墓场","拘束时专用技","","","","65"
"5377","百合の墓場","永久拘束時専用技","","","","0","0","0","百合的墓场","永久拘束时专用技","","","","66"
"5378","エリザベートの蕩手","未分类技能","","","","0","0","0","伊丽莎白的销魂手","未分类技能","","","","0"
"5379","エリザベートの伽口","未分类技能","","","","0","0","0","伊丽莎白的侍奉口","未分类技能","","","","0"
"5380","エリザベートの惚胸","未分类技能","","","","0","0","0","伊丽莎白的倾心乳","未分类技能","","","","0"
"5381","エリザベートの吸血","未分类技能","","","","0","0","0","伊丽莎白的吸血","未分类技能","","","","0"
"5382","エリザベートの吸血","未分类技能","","","","0","0","0","伊丽莎白的吸血","未分类技能","","","","0"
"5383","クレイドル・バートリー","未分类技能","","","","0","0","0","摇篮・巴特里","未分类技能","","","","0"
"5384","トランシルヴァニアの夜陰","未分类技能","","","","0","0","0","特兰西瓦尼亚的夜影","未分类技能","","","","0"
"5385","トランシルヴァニアの夜陰","永久拘束時専用技","","","","0","0","0","特兰西瓦尼亚的夜影","永久拘束时专用技","","","","66"
"5386","娼撫指","未分类技能","","","","0","0","0","娼抚指","未分类技能","","","","0"
"5387","淫吸舌唇","未分类技能","","","","0","0","0","淫吸舌唇","未分类技能","","","","0"
"5388","夢搾乳","未分类技能","","","","0","0","0","梦榨乳","未分类技能","","","","0"
"5389","夜想搾血","未分类技能","","","","0","0","0","夜想榨血","未分类技能","","","","0"
"5390","夜想搾血","未分类技能","","","","0","0","0","夜想榨血","未分类技能","","","","0"
"5391","魔性膜","拘束時専用技","","","","0","0","0","魔性膜","拘束时专用技","","","","65"
"5392","吸精夜想曲","拘束時専用技","","","","0","0","0","吸精夜想曲","拘束时专用技","","","","65"
"5393","吸精夜想曲","永久拘束時専用技","","","","0","0","0","吸精夜想曲","永久拘束时专用技","","","","66"
"5406","暗闇の煙","未分类技能","","","","0","0","0","黑暗之烟","未分类技能","","","","0"
"5409","大蛇嫐り","未分类技能","","","","0","0","0","大蛇蹂躏","未分类技能","","","","0"
"5410","大蛇嫐り","未分类技能","","","","0","0","0","大蛇蹂躏","未分类技能","","","","0"
"5411","ベヒーモスシェイク","未分类技能","","","","0","0","0","贝希摩斯摇晃","未分类技能","","","","0"
"5412","ベヒーモスフェラ","未分类技能","","","","0","0","0","贝希摩斯口交","未分类技能","","","","0"
"5413","ベヒーモスバスト","未分类技能","","","","0","0","0","贝希摩斯胸夹","未分类技能","","","","0"
"5414","ベヒーモステイル","未分类技能","","","","0","0","0","贝希摩斯尾巴","未分类技能","","","","0"
"5415","ベヒーモストーチャ","拘束時専用技","","","","0","0","0","贝希摩斯束缚","拘束时专用技","","","","65"
"5416","ベヒーモスドロウ","拘束時専用技","","","","0","0","0","贝希摩斯缠绕","拘束时专用技","","","","65"
"5417","巨獣蹂躙","拘束時専用技","","","","0","0","0","巨兽蹂躏","拘束时专用技","","","","65"
"5418","巨獣蹂躙","永久拘束時専用技","","","","0","0","0","巨兽蹂躏","永久拘束时专用技","","","","66"
"5421","エリアルフェラ","未分类技能","","","","0","0","0","空中口交","未分类技能","","","","0"
"5422","暴龍の乳姦","未分类技能","","","","0","0","0","暴龙乳交","未分类技能","","","","0"
"5423","エアレイプ","拘束時専用技","","","","0","0","0","空中强奸","拘束时专用技","","","","65"
"5424","エアレイプ","永久拘束時専用技","","","","0","0","0","空中强奸","永久拘束时专用技","","","","66"
"5426","べっとり唾液","未分类技能","","","","0","0","0","黏稠唾液","未分类技能","","","","0"
"5427","れろれろ舐め","未分类技能","","","","0","0","0","舔舐","未分类技能","","","","0"
"5428","全身おしゃぶり","未分类技能","","","","0","0","0","全身吮吸","未分类技能","","","","0"
"5429","咥え込む","未分类技能","","","","0","0","0","吞噬","未分类技能","","","","0"
"5430","全身舐め回し","拘束時専用技","","","","0","0","0","全身舔舐","拘束时专用技","","","","65"
"5431","全身おしゃぶり","拘束時専用技","","","","0","0","0","全身吮吸","拘束时专用技","","","","65"
"5434","股間踏みにじり","未分类技能","","","","0","0","0","胯下践踏","未分类技能","","","","0"
"5435","ご奉仕天国","未分类技能","","","","0","0","0","侍奉天堂","未分类技能","","","","0"
"5436","ご奉仕天国","拘束時専用技","","","","0","0","0","侍奉天堂","拘束时专用技","","","","65"
"5437","股間斧蹂躙","未分类技能","","","","0","0","0","股间斧蹂躏","未分类技能","","","","0"
"5444","くすぐり撫でる甘い指","未分类技能","","","","0","0","0","挠痒痒的甜蜜手指","未分类技能","","","","0"
"5445","包みねぶる小さな口","未分类技能","","","","0","0","0","包裹舔舐的小嘴","未分类技能","","","","0"
"5446","ふんわり控えめ少女の胸","未分类技能","","","","0","0","0","柔软保守的少女胸部","未分类技能","","","","0"
"5447","絡み搾る魔性の髪","未分类技能","","","","0","0","0","缠绕榨取的魔性头发","未分类技能","","","","0"
"5448","絡み搾る魔性の髪","未分类技能","","","","0","0","0","缠绕榨取的魔性头发","未分类技能","","","","0"
"5449","押し倒し","未分类技能","","","","0","0","0","推倒","未分类技能","","","","0"
"5450","魔王の夜伽","拘束時専用技","","","","0","0","0","魔王的夜话","拘束时专用技","","","","65"
"5451","魔王の夜伽","永久拘束時専用技","","","","0","0","0","魔王的夜话","永久拘束时专用技","","","","66"
"5452","天魔甘掌","未分类技能","","","","0","0","0","天魔甘掌","未分类技能","","","","0"
"5453","天魔吸唇","未分类技能","","","","0","0","0","天魔吸唇","未分类技能","","","","0"
"5454","天魔乳溶","未分类技能","","","","0","0","0","天魔乳溶","未分类技能","","","","0"
"5455","天魔触撫","未分类技能","","","","0","0","0","天魔触抚","未分类技能","","","","0"
"5456","天魔触撫","未分类技能","","","","0","0","0","天魔触抚","未分类技能","","","","0"
"5457","天魔搾獄","未分类技能","","","","0","0","0","天魔榨狱","未分类技能","","","","0"
"5458","天魔搾獄","拘束時専用技","","","","0","0","0","天魔榨狱","拘束时专用技","","","","65"
"5459","天魔捕食","拘束時専用技","","","","0","0","0","天魔捕食","拘束时专用技","","","","65"
"5460","蛸撫","未分类技能","","","","0","0","0","章鱼抚","未分类技能","","","","0"
"5461","蛸撫","未分类技能","","","","0","0","0","章鱼抚","未分类技能","","","","0"
"5462","蛭搾","未分类技能","","","","0","0","0","水蛭榨","未分类技能","","","","0"
"5463","蛭搾","未分类技能","","","","0","0","0","水蛭榨","未分类技能","","","","0"
"5464","枷躙","未分类技能","","","","0","0","0","枷踏","未分类技能","","","","0"
"5465","枷躙","未分类技能","","","","0","0","0","枷踏","未分类技能","","","","0"
"5466","枷躙","拘束時専用技","","","","0","0","0","枷踏","拘束时专用技","","","","65"
"5467","呑蝕","拘束時専用技","","","","0","0","0","吞噬","拘束时专用技","","","","65"
"5475","凍てつく陵辱","拘束時専用技","","","","0","0","0","冰冻凌辱","拘束时专用技","","","","65"
"5476","凍てつく陵辱","永久拘束時専用技","","","","0","0","0","冰冻凌辱","永久拘束时专用技","","","","66"
"5477","天使の手コキ","未分类技能","","","","0","0","0","天使之手打","未分类技能","","","","0"
"5478","天使の足コキ","未分类技能","","","","0","0","0","天使之足打","未分类技能","","","","0"
"5479","天使のフェラ","未分类技能","","","","0","0","0","天使之口交","未分类技能","","","","0"
"5480","天使のパイズリ","未分类技能","","","","0","0","0","天使之乳交","未分类技能","","","","0"
"5484","天使のロウ責め","未分类技能","","","","0","0","0","天使之蜡烛责罚","未分类技能","","","","0"
"5485","ふわふわくすぐり","未分类技能","","","","0","0","0","轻飘飘的挠痒","未分类技能","","","","0"
"5486","天使のオナホ","未分类技能","","","","0","0","0","天使之飞机杯","未分类技能","","","","0"
"5487","天使の注射","医術","","","","0","0","1","天使之注射","医术","","","","45"
"5488","至福の手淫","未分类技能","","","","0","0","0","至福的手淫","未分类技能","","","","0"
"5489","至福の手淫","未分类技能","","","","0","0","0","至福的手淫","未分类技能","","","","0"
"5490","福音の口淫","未分类技能","","","","0","0","0","福音之口交","未分类技能","","","","0"
"5491","悦楽の素股","未分类技能","","","","0","0","0","悦乐之素股","未分类技能","","","","0"
"5492","快楽の十字架","未分类技能","","","","0","0","0","快乐的十字架","未分类技能","","","","0"
"5493","昇天の拘束","未分类技能","","","","0","0","0","升天的拘束","未分类技能","","","","0"
"5494","快楽の十字架","拘束時専用技","","","","0","0","0","快乐的十字架","拘束时专用技","","","","65"
"5495","聖獣の愛撫","未分类技能","","","","0","0","0","圣兽的爱抚","未分类技能","","","","0"
"5496","聖獣の愛撫","未分类技能","","","","0","0","0","圣兽的爱抚","未分类技能","","","","0"
"5497","聖獣の補食","未分类技能","","","","0","0","0","圣兽的捕食","未分类技能","","","","0"
"5498","堕落の果実","未分类技能","","","","0","0","0","堕落的果实","未分类技能","","","","0"
"5499","聖蔦の吸精","未分类技能","","","","0","0","0","圣藤的吸精","未分类技能","","","","0"
"5500","聖蔦の拘束","未分类技能","","","","0","0","0","圣藤的拘束","未分类技能","","","","0"
"5501","聖蔦の吸精","拘束時専用技","","","","0","0","0","圣藤的吸精","拘束时专用技","","","","65"
"5502","エロスハンド","未分类技能","","","","0","0","0","色欲之手","未分类技能","","","","0"
"5503","エロスハンド","未分类技能","","","","0","0","0","色欲之手","未分类技能","","","","0"
"5504","キューピッドフェラ","未分类技能","","","","0","0","0","丘比特口交","未分类技能","","","","0"
"5505","アモルパイズリ","未分类技能","","","","0","0","0","乳交","未分类技能","","","","0"
"5506","パイズリテンプテーション","未分类技能","","","","0","0","0","乳交诱惑","未分类技能","","","","0"
"5507","愛天使の拘束","未分类技能","","","","0","0","0","爱天使的拘束","未分类技能","","","","0"
"5508","愛天使の淫欲","拘束時専用技","","","","0","0","0","爱天使的淫欲","拘束时专用技","","","","65"
"5509","愛天使の淫欲","永久拘束時専用技","","","","0","0","0","爱天使的淫欲","永久拘束时专用技","","","","66"
"5512","戦乙女の手撫","未分类技能","","","","0","0","0","女武神的手抚","未分类技能","","","","0"
"5513","戦乙女の天羽","未分类技能","","","","0","0","0","女武神的天羽","未分类技能","","","","0"
"5514","戦乙女の天羽","未分类技能","","","","0","0","0","女武神的天羽","未分类技能","","","","0"
"5515","戦乙女の口嫐","未分类技能","","","","0","0","0","女武神的口嫐","未分类技能","","","","0"
"5516","戦乙女の胸慰","未分类技能","","","","0","0","0","女武神的胸慰","未分类技能","","","","0"
"5517","戦乙女の抱擁","未分类技能","","","","0","0","0","女武神的拥抱","未分类技能","","","","0"
"5518","戦乙女の素股","拘束時専用技","","","","0","0","0","女武神的素股","拘束时专用技","","","","65"
"5519","戦乙女の嫐壺","拘束時専用技","","","","0","0","0","女武神的嫐壺","拘束时专用技","","","","65"
"5520","戦乙女の嫐壺","永久拘束時専用技","","","","0","0","0","女武神的嫐壺","永久拘束时专用技","","","","66"
"5527","楽園の胸慰","未分类技能","","","","0","0","0","乐园的胸慰","未分类技能","","","","0"
"5528","聖髪の天国","未分类技能","","","","0","0","0","圣发的天国","未分类技能","","","","0"
"5529","聖髪の天国","未分类技能","","","","0","0","0","圣发的天国","未分类技能","","","","0"
"5531","聖髪の昇天","未分类技能","","","","0","0","0","圣发的升天","未分类技能","","","","0"
"5532","聖髪の拘束","未分类技能","","","","0","0","0","圣发的拘束","未分类技能","","","","0"
"5533","聖髪の昇天","拘束時専用技","","","","0","0","0","圣发的升天","拘束时专用技","","","","65"
"5534","聖搾蛭","未分类技能","","","","0","0","0","圣榨蛭","未分类技能","","","","0"
"5535","聖搾蛭","未分类技能","","","","0","0","0","圣榨蛭","未分类技能","","","","0"
"5536","天境の宴","未分类技能","","","","0","0","0","天境之宴","未分类技能","","","","0"
"5537","天境の宴","未分类技能","","","","0","0","0","天境之宴","未分类技能","","","","0"
"5538","死連刃","鎌技","","","","0","0","8","死连刃","镰技","","","","13"
"5539","搾精器ラテミア","造技","","","","0","0","8","榨精器拉特米亚","造技","","","","60"
"5541","複乳連姦","未分类技能","","","","0","0","0","双乳连奸","未分类技能","","","","0"
"5542","スプラッシュタン","未分类技能","","","","0","0","0","溅射舌","未分类技能","","","","0"
"5543","スプラッシュタン","未分类技能","","","","0","0","0","溅射舌","未分类技能","","","","0"
"5544","バキュームテイル","未分类技能","","","","0","0","0","真空尾","未分类技能","","","","0"
"5545","バキュームテイル","未分类技能","","","","0","0","0","真空尾","未分类技能","","","","0"
"5546","アサルトレイプ","拘束時専用技","","","","0","0","0","突击强奸","拘束时专用技","","","","65"
"5547","ピストンラッシュ","永久拘束時専用技","","","","0","0","0","活塞猛击","永久拘束时专用技","","","","66"
"5549","吸精おしゃぶり","未分类技能","","","","0","0","0","吸精吮吸","未分类技能","","","","0"
"5550","吸精胸愛撫","未分类技能","","","","0","0","0","吸精胸爱抚","未分类技能","","","","0"
"5551","吸精触手","未分类技能","","","","0","0","0","吸精触手","未分类技能","","","","0"
"5552","吸精触手","未分类技能","","","","0","0","0","吸精触手","未分类技能","","","","0"
"5553","バブルズシェイク","未分类技能","","","","0","0","0","泡泡震动","未分类技能","","","","0"
"5554","バブルズシェイク","拘束時専用技","","","","0","0","0","泡泡震动","拘束时专用技","","","","65"
"5555","バブルズヘブン","拘束時専用技","","","","0","0","0","泡泡天堂","拘束时专用技","","","","65"
"5556","スプレッドバブル","未分类技能","","","","0","0","0","扩散泡泡","未分类技能","","","","0"
"5557","淫舌ストローク","未分类技能","","","","0","0","0","淫舌抽插","未分类技能","","","","0"
"5558","淫舌ストローク","未分类技能","","","","0","0","0","淫舌抽插","未分类技能","","","","0"
"5559","猥胸プレス","未分类技能","","","","0","0","0","猥亵胸压","未分类技能","","","","0"
"5560","陵辱テンタクル","未分类技能","","","","0","0","0","凌辱触手","未分类技能","","","","0"
"5561","陵辱テンタクル","未分类技能","","","","0","0","0","凌辱触手","未分类技能","","","","0"
"5562","インモラルレイド","未分类技能","","","","0","0","0","不道德的袭击","未分类技能","","","","0"
"5563","インモラルホールド","未分类技能","","","","0","0","0","不道德的束缚","未分类技能","","","","0"
"5564","インモラルレイド","拘束時専用技","","","","0","0","0","不道德的袭击","拘束时专用技","","","","65"
"5565","インモラルフェルノ","拘束時専用技","","","","0","0","0","不道德的狂热","拘束时专用技","","","","65"
"5568","エルフの足コキ","未分类技能","","","","0","0","0","精灵的足淫","未分类技能","","","","0"
"5569","ヒッププレス","未分类技能","","","","0","0","0","臀部压迫","未分类技能","","","","0"
"5570","ヒッププレス","拘束時専用技","","","","0","0","0","臀部压迫","拘束时专用技","","","","65"
"5571","尿道キス","未分类技能","","","","0","0","0","尿道之吻","未分类技能","","","","0"
"5572","フェアリーハグ","未分类技能","","","","0","0","0","妖精的拥抱","未分类技能","","","","0"
"5573","真夏の夜の夢","未分类技能","","","","0","0","0","仲夏夜之梦","未分类技能","","","","0"
"5574","真夏の夜の夢","未分类技能","","","","0","0","0","仲夏夜之梦","未分类技能","","","","0"
"5575","ロザ・ハンデス","未分类技能","","","","0","0","0","罗莎・汉德斯","未分类技能","","","","0"
"5576","ロザ・フェラティナ","未分类技能","","","","0","0","0","罗莎・菲拉蒂娜","未分类技能","","","","0"
"5577","ロザ・フィレッタ","未分类技能","","","","0","0","0","罗莎・菲莱塔","未分类技能","","","","0"
"5578","ロザ・ブラウト","未分类技能","","","","0","0","0","罗莎・布劳特","未分类技能","","","","0"
"5579","スネークハンズ","未分类技能","","","","0","0","0","蛇手","未分类技能","","","","0"
"5580","スネークハンズ","未分类技能","","","","0","0","0","蛇手","未分类技能","","","","0"
"5581","スネークマウス","未分类技能","","","","0","0","0","蛇嘴","未分类技能","","","","0"
"5582","スネークバスト","未分类技能","","","","0","0","0","蛇胸","未分类技能","","","","0"
"5583","スネークエンド","拘束時専用技","","","","0","0","0","蛇尾","拘束时专用技","","","","65"
"5584","スネークエンド","永久拘束時専用技","","","","0","0","0","蛇尾","永久拘束时专用技","","","","66"
"5585","ハピネス・ロンド","拘束時専用技","","","","0","0","0","幸福・轮舞","拘束时专用技","","","","65"
"5586","ハピネス・ロンド","永久拘束時専用技","","","","0","0","0","幸福・轮舞","永久拘束时专用技","","","","66"
"5587","女王触手全身責め","未分类技能","","","","0","0","0","女王触手全身责","未分类技能","","","","0"
"5588","女王触手全身責め","未分类技能","","","","0","0","0","女王触手全身责","未分类技能","","","","0"
"5589","女王触手股間責め","未分类技能","","","","0","0","0","女王触手股间责","未分类技能","","","","0"
"5590","女王触手股間責め","未分类技能","","","","0","0","0","女王触手股间责","未分类技能","","","","0"
"5591","インフェルノ・デ・スキュラ","未分类技能","","","","0","0","0","地狱・德・斯库拉","未分类技能","","","","0"
"5592","インフェルノ・デ・スキュラ","拘束時専用技","","","","0","0","0","地狱・德・斯库拉","拘束时专用技","","","","65"
"5765","クロスブレード","勇者技","威力：Ａ（力）　対象：敵単体
十字に切りつける剣技","","","0","0","6","十字剑","勇者技","威力：Ａ（力）　対象：敵単体
十字斩击的剑技","","","48"
"5766","ヴァンクィッシング","勇者技","威力：Ｓ（力）　対象：敵単体　属性：聖
聖なる力で斬りつける剣技","","","0","0","9","神圣斩击","勇者技","威力：Ｓ（力）　対象：敵単体　属性：聖
以神圣之力斩击的剑技","","","48"
"5767","エミネントフォース","勇者技","対象：味方全体　効果：全能力アップ
仲間全体の全能力をアップする","","","0","0","9","显能之力","勇者技","対象：味方全体　効果：全能力アップ
提升全体伙伴的全能力","","","48"
"5768","シャドーフォース","勇者技","対象：敵全体　効果：全能力ダウン
敵全体の全能力をダウンさせる","","","0","0","9","暗影之力","勇者技","対象：敵全体　効果：全能力ダウン
降低全体敌人的全能力","","","48"
"5769","カームブレス","特技","対象：使用者　効果：HP中回復
特殊な呼吸で使用者のHPを回復する","","","0","0","2","治愈吐息","特技","対象：使用者　効果：HP中回復
通过特殊呼吸恢复使用者的HP","","","63"
"5770","メディテーション","特技","対象：使用者　効果：HP全回復
深い瞑想で使用者のHPを全回復する","","","0","0","4","冥想","特技","対象：使用者　効果：HP全回復
通过深度冥想使使用者的HP完全恢复","","","63"
"5771","グングニル","特技","威力：ＳＳ（魔or器）　対象：敵ランダム5回　属性：快楽　効果：恍惚
魔法の槍で快感を与え、さらに心を奪う奥義","","","0","40","0","冈格尼尔","特技","威力：ＳＳ（魔or器）　対象：敵ランダム5回　属性：快楽　効果：恍惚
用魔法之枪给予快感，并进一步夺取心灵的奥义","","","63"
"5772","ロギン","白魔法","対象：味方単体　効果：HP中回復
味方単体の体力を回復する癒しの魔法","","","0","2","0","洛金","白魔法","対象：味方単体　効果：HP中回復
恢复我方单体体力的治愈魔法","","","22"
"5773","ファル・ロギン","白魔法","対象：味方単体　効果：HP大回復
味方単体の体力を大回復する癒しの魔法","","","0","5","0","法尔・洛金","白魔法","対象：味方単体　効果：HP大回復
大幅恢复我方单体体力的治愈魔法","","","22"
"5774","アルスイーサ","白魔法","対象：味方単体　効果：全状態異常回復
味方単体の状態異常を回復する魔法","","","0","4","0","阿尔斯伊萨","白魔法","対象：味方単体　効果：全状態異常回復
恢复我方单体异常状态的魔法","","","22"
"5775","リスティル","白魔法","対象：使用者　効果：魔力・器用さアップ
使用者の魔力と器用さをアップする","","","0","4","0","利斯提尔","白魔法","対象：使用者　効果：魔力・器用さアップ
提升使用者的魔力和灵巧","","","22"
"5776","グリマギルデ","白魔法","対象：味方単体　効果：全能力大アップ
魔王の力を引き出し、味方単体の全能力を大幅に上げる","","","0","20","0","格里马吉尔德","白魔法","対象：味方単体　効果：全能力大アップ
引出魔王之力，大幅提升我方单体的全能力","","","22"
"5777","ファル・ラプチャ","黒魔法","対象：敵全体　効果：恍惚
敵全体を恍惚状態にする魔法","","","0","5","0","法尔・拉普查","黑魔法","対象：敵全体　効果：恍惚
使全体敌人陷入恍惚状态的魔法","","","23"
"5778","センシブ","黒魔法","対象：敵全体　効果：敏感
敵全体を敏感状態にする魔法","","","0","5","0","敏感","黑魔法","対象：敵全体　効果：敏感
使全体敌人陷入敏感状态的魔法","","","23"
"5779","イーサグン","白魔法","対象：敵全体　効果：強化解除
敵全体の強化効果を解除する魔技","","","0","7","0","伊萨根","白魔法","対象：敵全体　効果：強化解除
解除全体敌人强化效果的魔技","","","22"
"5780","イーサフニ","白魔法","対象：味方全体　効果：弱化解除
味方全体の弱化効果を解除する","","","0","5","0","伊萨夫尼","白魔法","対象：味方全体　効果：弱化解除
解除我方全体弱化效果","","","22"
"5781","ユビキタス・ラヴ","淫技","威力：ＳＳ（器or魔）　対象：敵単体　属性：快楽　効果：恍惚・誘惑・絶頂
極大の快感で昇天させる夢魔の奥義","","","0","0","12","无处不在的爱","淫技","威力：ＳＳ（器or魔）　対象：敵単体　属性：快楽　効果：恍惚・誘惑・絶頂
用极大的快感使人升天的梦魔奥义","","","49"
"5782","ナイトメア","淫技","威力：ＳＳ（器or魔）　対象：敵全体　属性：快楽　効果：恍惚
果てなき夢の国へと誘う夢魔奥義","","","0","0","17","噩梦","淫技","威力：ＳＳ（器or魔）　対象：敵全体　属性：快楽　効果：恍惚
邀请进入无尽梦境之国的梦魔奥义","","","49"
"5783","イリスペタル","白魔法","対象：味方単体　効果：HP中回復
味方単体のHPを回復する魔法","","","0","2","0","伊莉丝佩塔尔","白魔法","対象：味方単体　効果：HP中回復
恢复我方单体HP的魔法","","","22"
"5784","エルダブルム","白魔法","対象：味方単体　効果：攻撃力アップ
仲間単体の精力が高まり、攻撃力がアップする","","","0","4","0","艾尔达布鲁姆","白魔法","対象：味方単体　効果：攻撃力アップ
提升我方单体精力，攻击力上升","","","22"
"5785","ネリネブルム","白魔法","対象：味方単体　効果：防御力・精神力アップ
仲間単体の忍耐が高まり、防御力と精神力がアップする","","","0","4","0","内里内布鲁姆","白魔法","対象：味方単体　効果：防御力・精神力アップ
提升我方单体的忍耐力，防御力和精神力上升","","","22"
"5786","サフラブルム","白魔法","対象：味方単体　効果：器用さアップ
仲間単体の器用さがアップする","","","0","4","0","萨弗拉布鲁姆","白魔法","対象：味方単体　効果：器用さアップ
提升我方单体的灵巧","","","22"
"5787","チャーム","黒魔法","対象：敵単体　効果：恍惚
敵1人を中確率で恍惚状態にする","","","0","3","0","魅惑","黑魔法","対象：敵単体　効果：恍惚
中概率使敌方单体陷入恍惚状态","","","23"
"5788","シャイニングレイジ","黒魔法","威力：４Ｓ（魔）　対象：敵全体　属性：雷・聖
敵全員に憤怒の雷撃を撃ち落とす異世界の光属性最強魔法","","","0","750","0","闪耀愤怒","黑魔法","威力：４Ｓ（魔）　対象：敵全体　属性：雷・聖
对敌方全体降下愤怒的雷击，异世界光属性最强魔法","","","23"
"5789","リフレッシュ","特技","対象：使用者　効果：全状態異常・弱化解除
使用者の状態異常および弱化効果を解除する","","","0","0","2","刷新","特技","対象：使用者　効果：全状態異常・弱化解除
解除使用者的状态异常及弱化效果","","","63"
"5790","セットサークル","魔技","対象：味方単体　効果：消費MP・SPなし
3ターンの間、消費MPおよびSPが0になる","","","0","18","0","设置圆环","魔技","対象：味方単体　効果：消費MP・SPなし
3回合内，消耗MP及SP变为0","","","50"
"5791","サフラブルム・アルダ","魔技","対象：味方全体　効果：器用さアップ
仲間全員の器用さがアップする","","","0","8","0","萨弗拉布鲁姆・阿尔达","魔技","対象：味方全体　効果：器用さアップ
提升我方全体的灵巧","","","50"
"5792","ストレリイーザ","魔技","対象：敵単体　効果：全能力ダウン
敵単体の全能力がダウンする","","","0","18","0","斯特雷里耶扎","魔技","対象：敵単体　効果：全能力ダウン
单体敌人的全能力下降","","","50"
"5793","テンプテーション","淫技","対象：敵全体　効果：速攻・恍惚・誘惑・スタン
全身から溢れる魅力により、敵全体の心を乱す","","","0","0","2","诱惑","淫技","対象：敵全体　効果：速攻・恍惚・誘惑・スタン
全身散发出的魅力，扰乱全体敌人的心","","","49"
"5794","プライスオブシナー","淫技","威力：Ｓ（魔or器）　対象：敵全体　属性：快楽　効果：敏感
敵全体を愛撫し、快楽に浸らせる夢魔奥義","","","0","0","12","罪人之价","淫技","威力：Ｓ（魔or器）　対象：敵全体　属性：快楽　効果：敏感
爱抚全体敌人，使其沉浸在快乐中的梦魔奥义","","","49"
"5795","パッションビート","淫技","対象：味方全体　効果：器用さ・素早さアップ
味方全体の器用さと素早さをアップさせる淫技","","","0","0","6","激情节拍","淫技","対象：味方全体　効果：器用さ・素早さアップ
提升我方全体的灵巧和敏捷的淫技","","","49"
"5796","自信過剰","淫技","対象：使用者　効果：器用さアップ・淫技強化
使用者の器用さがアップし、高揚状態となる","","","0","0","3","过度自信","淫技","対象：使用者　効果：器用さアップ・淫技強化
使用者的灵巧提升，进入高扬状态","","","49"
"5797","ブルムカール・アルダ","魔技","対象：敵全体　効果：強化解除
敵全体の強化効果を解除する魔技","","","0","15","0","布鲁姆卡尔・阿尔达","魔技","対象：敵全体　効果：強化解除
解除全体敌人强化效果的魔技","","","50"
"5798","ヒーローキリング","黒魔法","威力：ＳＳ（魔）　対象：敵単体　属性：闇　効果：即死
仇なす宿敵を運命ごと断ち切り惨殺する闇属性斬攻撃","","","0","40","0","英雄杀手","黑魔法","威力：ＳＳ（魔）　対象：敵単体　属性：闇　効果：即死
斩断宿敌的命运，惨杀的暗属性斩击","","","23"
"5799","メテオエクリプス","黒魔法","威力：ＳＳ（魔）　対象：敵全体　属性：炎
星を食らう壊滅が焼き尽くす、異世界の炎属性最強魔法","","","0","55","0","流星日食","黑魔法","威力：ＳＳ（魔）　対象：敵全体　属性：炎
吞噬星辰的毁灭，烧尽一切的异世界炎属性最强魔法","","","23"
"5800","ワールドブレイカー","黒魔法","威力：ＳＳＳ（魔）　対象：敵全体
膨大な魔力を放出し全てを跡形もなく消し去る破壊光線","","","0","80","0","世界破坏者","黑魔法","威力：ＳＳＳ（魔）　対象：敵全体
释放庞大的魔力，将一切抹消的破坏光线","","","23"
"5801","封舌の札","特技","対象：敵全体　効果：速攻・沈黙・魔力ダウン
敵全体の「舌」を封じ、魔法の詠唱を阻害する","","","0","0","1","封舌之符","特技","対象：敵全体　効果：速攻・沈黙・魔力ダウン
封住全体敌人的「舌」，阻碍魔法咏唱","","","63"
"5802","縛手の札","特技","対象：敵全体　効果：速攻・攻撃力・器用さダウン
敵全体の「手」を封じ、手を使った攻撃を阻害する","","","0","0","1","缚手之符","特技","対象：敵全体　効果：速攻・攻撃力・器用さダウン
封住全体敌人的「手」，阻碍使用手的攻击","","","63"
"5803","固足の札","特技","対象：敵全体　効果：速攻・スタン・素早さダウン
敵全体の「足」を封じ、足を使った行動を阻害する","","","0","0","1","固足之符","特技","対象：敵全体　効果：速攻・スタン・素早さダウン
封住全体敌人的「脚」，阻碍使用脚的行动","","","63"
"5804","夢くずし","格闘","威力：Ａ（力・速）　対象：敵単体　効果：亜人・淫魔特攻
力強い拳で、幻影や嘘の姿を打ち崩す格闘技","","","0","0","7","破梦","格闘","威力：Ａ（力・速）　対象：敵単体　効果：亜人・淫魔特攻
用强力的拳头，击碎幻影和虚假姿态的格斗技","","","21"
"5805","クロスカウンター","格闘","威力：Ｓ（力・速）　対象：敵単体　効果：物理カウンター発動
相手の攻撃を食らいつつ、クロスカウンターを叩き込む奥義","","","0","0","2","交叉反击","格闘","威力：Ｓ（力・速）　対象：敵単体　効果：物理カウンター発動
承受对手的攻击，同时施展交叉反击的奥义","","","21"
"5806","反撃：クロスカウンター","格闘","威力：Ｓ（力・速）　対象：敵単体
スキル5805、防具354,3772","","","0","0","0","反撃：クロスカウンター","格闘","威力：Ｓ（力・速）　対象：敵単体
スキル5805、防具354,3772","","","21"
"5807","休息","特技","対象：使用者　効果：SP大回復
体を休め、SPを回復する","","","0","0","0","休息","特技","対象：使用者　効果：SP大回復
让身体休息，恢复SP","","","63"
"5808","黒のやまびこ","陰陽術","威力：Ｓ（魔or器）　対象：敵全体　属性：闇
周囲の邪気を呼び寄せ、一斉に声を上げさせる陰陽術","","","0","30","0","黑之回声","阴阳术","威力：Ｓ（魔or器）　対象：敵全体　属性：闇
召唤周围的邪气，齐声呼喊的阴阳术","","","29"
"5809","龍呑み大水","陰陽術","威力：Ｓ（魔or器）　対象：敵全体　属性：水
大波を呼びよせ、敵を押し流す陰陽術","","","0","30","0","龙吞大水","阴阳术","威力：Ｓ（魔or器）　対象：敵全体　属性：水
召唤大浪，将敌人冲走的阴阳术","","","29"
"5810","禍ツ鬼火","陰陽術","威力：Ｓ（魔or器）　対象：敵全体　属性：炎
炎の大柱を召喚し、敵を焼き焦がす陰陽術","","","0","30","0","祸之鬼火","阴阳术","威力：Ｓ（魔or器）　対象：敵全体　属性：炎
召唤炎之大柱，将敌人烧焦的阴阳术","","","29"
"5811","呪鬼の檻","陰陽術","対象：敵全体　効果：暗闇・沈黙・麻痺・スタン　効果：速攻
妖魔狩人の編み出した、鬼を縛るための小さな魔法陣","","","0","5","0","咒鬼之笼","阴阳术","対象：敵全体　効果：暗闇・沈黙・麻痺・スタン　効果：速攻
妖魔猎人编织出的，束缚鬼的小魔法阵","","","29"
"5812","妖魔殺しの息","陰陽術","威力：Ａ（魔or器）　対象：敵全体　属性：バイオ　効果：亜人・淫魔・妖狐特攻
濃く重い瘴気を放ち、人ならざる者を一網打尽にする","","","0","20","0","妖魔杀之息","阴阳术","威力：Ａ（魔or器）　対象：敵全体　属性：バイオ　効果：亜人・淫魔・妖狐特攻
释放浓重的瘴气，一网打尽非人者","","","29"
"5813","蕩天の霧","陰陽術","威力：Ｂ（魔or器）　対象：敵全体　属性：快楽　効果：混乱・敏感・恍惚・誘惑
敵全体に劣情を及ぼさせる催淫術","","","0","16","0","荡天之雾","阴阳术","威力：Ｂ（魔or器）　対象：敵全体　属性：快楽　効果：混乱・敏感・恍惚・誘惑
对全体敌人施加劣情的催淫术","","","29"
"5814","エル・ピリオド","黒魔法","威力：Ｓ（魔）　対象：敵単体
属性耐性を無視する異世界の攻撃魔法","","","0","22","0","魔光・净","黑魔法","威力：Ｓ（魔）　対象：敵単体
无视属性耐性的异世界攻击魔法","","","23"
"5815","ホットリミット","黒魔法","対象：使用者　効果：攻撃力・魔力アップ・器用さ
5ターンの間、攻撃力・魔力・器用さがアップする","","","0","5","0","限制解除","黑魔法","対象：使用者　効果：攻撃力・魔力アップ・器用さ
5回合内，攻击力・魔力・灵巧提升","","","23"
"5816","クールカーム","黒魔法","対象：使用者　効果：精神系状態異常無効化
5ターンの間、混乱・睡眠・快楽状態異常を無効化する","","","0","5","0","冷静精神","黑魔法","対象：使用者　効果：精神系状態異常無効化
5回合内，混乱・睡眠・快乐状态异常无效化","","","23"
"5817","シルフストーム","黒魔法","対象：使用者　効果：回避率特大アップ
5ターンの間、回避率が90%になる","","","0","12","0","希尔芙风暴","黑魔法","対象：使用者　効果：回避率特大アップ
5回合内，回避率增加90%","","","23"
"5818","ボルテクステップ","黒魔法","対象：使用者　効果：「剣技」「銃技」「黒魔法」速攻
5ターンの間、特定の武技や魔法が速攻発動する","","","0","15","0","疾电步伐","黑魔法","対象：使用者　効果：「剣技」「銃技」「黒魔法」速攻
5回合内，特定的武技或魔法将速攻发动","","","23"
"5819","ヘル・ブレイク","黒魔法","対象：使用者　効果：HP・SP・MP自動回復
10ターンの間、HP・SP・MPが大幅に自動回復していく","","","0","30","0","地狱之躯","黑魔法","対象：使用者　効果：HP・SP・MP自動回復
10回合内，HP・SP・MP大幅自动回复","","","23"
"5820","フローズン","黒魔法","対象：使用者　効果：最大HP・最大MPアップ・快楽半減
10ターンの間、最大HPとMPが上昇し快楽ダメージ半減","","","0","15","0","冰封","黑魔法","対象：使用者　効果：最大HP・最大MPアップ・快楽半減
10回合内，最大HP和MP上升，快乐伤害减半","","","23"
"5821","連続用：フローズン1","医術","","","","0","0","0","連続用：フローズン1","医术","","","","45"
"5822","連続用：フローズン2","未分类技能","","","","0","0","0","連続用：フローズン2","未分类技能","","","","0"
"5823","シルフトリック","黒魔法","対象：使用者　効果：消費MP・SP半減
10ターンの間、消費MPとSPが半減する","","","0","15","0","希尔芙恶作剧","黑魔法","対象：使用者　効果：消費MP・SP半減
10回合内，消耗MP和SP减半","","","23"
"5824","ライジング","黒魔法","対象：使用者　効果：魔法絶対回避・拘束無効
10ターンの間、魔法を確実に回避し拘束無効","","","0","15","0","超载","黑魔法","対象：使用者　効果：魔法絶対回避・拘束無効
10回合内，魔法绝对回避，拘束无效","","","23"
"5825","ランパスドロップ","植物技","対象：味方単体　効果：HP/MP小回復・快楽状態耐性無効
特殊なドロップでHPとMPを回復、しばらく快楽状態耐性を無効化","","","0","0","4","兰帕丝蜜糖","植物技","対象：味方単体　効果：HP/MP小回復・快楽状態耐性無効
用特殊的蜜糖回复HP和MP，暂时快乐状态耐性无效","","","58"
"5826","呪髪","魔技","威力：Ａ（全）　対象：敵単体　属性：快楽　効果：HP吸収・拘束
敵単体に魔性の髪を絡み付かせ、拘束する魔技","","","0","0","6","咒发","魔技","威力：Ａ（全）　対象：敵単体　属性：快楽　効果：HP吸収・拘束
对单体敌人施展魔性之发，拘束的魔技","","","50"
"5827","呪髪・流","魔技","威力：Ａ（全）　対象：敵全体　属性：快楽　効果：HP吸収・拘束
敵全体に魔性の髪を絡み付かせ、拘束する魔技","","","0","0","8","咒发・流","魔技","威力：Ａ（全）　対象：敵全体　属性：快楽　効果：HP吸収・拘束
对全体敌人施展魔性之发，拘束的魔技","","","50"
"5828","アルラウネフォーム","特技","対象：敵全体　効果：恍惚
恍惚の花粉を撒き散らしながらアルラウネフォームに変化する","","","0","0","5","阿娜温形态","特技","対象：敵全体　効果：恍惚
撒播恍惚花粉的同时变为阿娜温形态","","","63"
"5829","ビーストフォーム","特技","威力：Ａ（力）　対象：敵ランダム4回
荒れ狂いながらビーストフォームに変化する","","","0","0","5","野兽形态","特技","威力：Ａ（力）　対象：敵ランダム4回
狂暴的同时变为野兽形态","","","63"
"5830","ジェルフォーム","特技","威力：Ｂ（器）　対象：敵全体　属性：快楽　効果：ヌルヌル
粘液を浸食させながらジェルフォームに変化する","","","0","0","5","凝胶形态","特技","威力：Ｂ（器）　対象：敵全体　属性：快楽　効果：ヌルヌル
浸透粘液的同时变为凝胶形态","","","63"
"5831","フラッシュカウンター","剣技","威力：Ｓ（力）　対象：敵単体　効果：物理カウンター発動
相手の攻撃を無効化し、カウンターを叩き込む万能剣士の奥義","","","0","0","5","闪光反击","剑技","威力：Ｓ（力）　対象：敵単体　効果：物理カウンター発動
无效化对手的攻击，并进行反击的万能剑士奥义","","","7"
"5832","反撃：フラッシュカウンター","剣技","防具362,3780、職業5125,5133,5134、ステート439","","","0","0","0","反撃：フラッシュカウンター","剑技","防具362,3780、職業5125,5133,5134、ステート439","","","7"
"5833","マギ・ユナイト","格闘","威力：Ｓ（力・速）　対象：敵ランダム6回
力を合わせて乱撃を繰り出すベルとリラの合体奥義","","","0","0","10","玛吉・尤奈特","格闘","威力：Ｓ（力・速）　対象：敵ランダム6回
贝尔和莉拉合力发动的乱击合体奥义","","","21"
"5834","有翼魔の祝福","黒魔法","威力：Ｓ（魔）　対象：敵全体　属性：快楽・音波　効果：敏感・恍惚・誘惑
敵全体の精神を乱すミュゼットの洗脳奥義","","","0","30","0","有翼魔的祝福","黑魔法","威力：Ｓ（魔）　対象：敵全体　属性：快楽・音波　効果：敏感・恍惚・誘惑
扰乱全体敌人精神的缪泽特洗脑奥义","","","23"
"5835","バーサーク","特技","対象：使用者　効果：最大HP・攻撃力大アップ・剣技二連続発動
秘められた力を解放し、暴走状態となる","","","0","0","7","狂暴","特技","対象：使用者　効果：最大HP・攻撃力大アップ・剣技二連続発動
解放隐藏的力量，进入暴走状态","","","63"
"5836","欲望の尻尾包み","獣技","威力：ＳＳ（器or魔）　対象：敵ランダム8回　属性：快楽　効果：拘束・恍惚
尻尾を乱舞させ快楽の渦に巻き込む秘奥義","","","0","0","14","欲望的尾巴包裹","獣技","威力：ＳＳ（器or魔）　対象：敵ランダム8回　属性：快楽　効果：拘束・恍惚
乱舞尾巴将敌人卷入快乐的漩涡中的秘奥义","","","53"
"5838","スクリーム","特技","対象：敵全体　効果：速攻・スタン
敵全体をスタンさせる","","","0","0","1","呻吟","特技","対象：敵全体　効果：速攻・スタン
使全体敌人眩晕","","","63"
"5839","私を忘れないで…","特技","対象：敵全体　効果：速攻・素早さ大ダウン
敵全体の素早さを大幅にダウンさせる","","","0","0","3","私を忘れないで…","特技","対象：敵全体　効果：速攻・素早さ大ダウン
大幅降低全体敌人的敏捷","","","63"
"5840","サービスフォーユー","特技","対象：使用者　効果：速攻・SP大回復・聖属性付加
10ターンの間、SPが大幅に自動回復し聖属性を付加","","","0","0","6","为你服务","特技","対象：使用者　効果：速攻・SP大回復・聖属性付加
10回合内，SP大幅自动恢复并附加圣属性","","","63"
"5841","ハミング","特技","対象：使用者　効果：速攻・全能力・命中率アップ
5ターンの間、全能力および命中率がアップする","","","0","0","4","哼唱","特技","対象：使用者　効果：速攻・全能力・命中率アップ
5回合内，全能力和命中率提升","","","63"
"5842","幸運のキス","特技","対象：使用者　効果：速攻・会心・会心ダメージアップ
5ターンの間、会心率と会心ダメージが大幅にアップする","","","0","0","4","幸运之吻","特技","対象：使用者　効果：速攻・会心・会心ダメージアップ
5回合内，会心率和会心伤害大幅提升","","","63"
"5843","処刑執行","特技","対象：使用者　効果：鎌技速攻・発動回数・回避率アップ
フォーム覚醒により使用者を大幅に強化する","","","0","0","5","处刑执行","特技","対象：使用者　効果：鎌技速攻・発動回数・回避率アップ
形态觉醒使使用者大幅强化","","","63"
"5844","鬼牙解放","特技","対象：使用者　効果：格闘威力・カウンター率大アップ
フォーム覚醒により使用者を大幅に強化する","","","0","0","5","鬼牙解放","特技","対象：使用者　効果：格闘威力・カウンター率大アップ
形态觉醒使使用者大幅强化","","","63"
"5845","神殺ノ枝","特技","対象：使用者　効果：剣技威力・会心率大アップ
フォーム覚醒により使用者を大幅に強化する","","","0","0","5","神杀之枝","特技","対象：使用者　効果：剣技威力・会心率大アップ
形态觉醒使使用者大幅强化","","","63"
"5846","ドレインチェーン","魔技","威力：Ａ（魔or器）　対象：敵単体　属性：快楽・闇　効果：拘束・HP吸収
魔力の鎖で敵を拘束し、精気を搾り取る","","","0","16","0","吸收之链","魔技","威力：Ａ（魔or器）　対象：敵単体　属性：快楽・闇　効果：拘束・HP吸収
魔力锁链拘束敌人，榨取精气","","","50"
"5847","時止め","時魔法","対象：全世界　効果：時間停止
魔力によって時空を凍結させ、時を止める魔法","","","0","30","0","时间停止","时魔法","対象：全世界　効果：時間停止
通过魔力冻结时空，停止时间的魔法","","","24"
"5848","バーゲスト","召喚","威力：Ｓ（魔or器）　対象：敵単体　効果：出血特攻・出血
マイルームから「バーゲスト」を呼び出すが、何もしない事もある","","","0","25","0","巴格斯特","召唤","威力：Ｓ（魔or器）　対象：敵単体　効果：出血特攻・出血
从我的房间召唤「巴格斯特」，但有时什么也不做","","","25"
"5849","ランパス","召喚","威力：Ａ（魔or器）　対象：敵全体　属性：快楽　効果：出血特攻・HP吸収・即死
マイルームから「ランパス」を呼び出す","","","0","20","0","兰帕丝","召唤","威力：Ａ（魔or器）　対象：敵全体　属性：快楽　効果：出血特攻・HP吸収・即死
从我的房间召唤「兰帕丝」","","","25"
"5850","アイアンメイデン","召喚","威力：Ａ（魔or器）　対象：敵全体　属性：雷　効果：出血特攻
マイルームから「アイアンメイデン」を呼び出す","","","0","20","0","铁处女","召唤","威力：Ａ（魔or器）　対象：敵全体　属性：雷　効果：出血特攻
从我的房间召唤「铁处女」","","","25"
"5851","エンプーサ","召喚","威力：Ｓ（魔or器）　対象：敵ランダム4回　効果：出血特攻・毒・出血
マイルームから「エンプーサ」を呼び出す","","","0","25","0","恩普萨","召唤","威力：Ｓ（魔or器）　対象：敵ランダム4回　効果：出血特攻・毒・出血
从我的房间召唤「恩普萨」","","","25"
"5852","マザーラビット","召喚","対象：味方全体　効果：HP全回復　効果：HPターン中回復
マイルームから「マザーラビット」を呼び出す","","","0","30","0","妈妈兔","召唤","対象：味方全体　効果：HP全回復　効果：HPターン中回復
从我的房间召唤「妈妈兔」","","","25"
"5853","ハル＆リズ","召喚","威力：Ｓ（魔or器）　対象：敵ランダム4回　属性：快楽　効果：出血特攻・恍惚
マイルームから「ハル＆リズ」を呼び出す","","","0","25","0","春＆莉兹","召唤","威力：Ｓ（魔or器）　対象：敵ランダム4回　属性：快楽　効果：出血特攻・恍惚
从我的房间召唤「春＆莉兹」","","","25"
"5854","躯","召喚","威力：Ａ（魔or器）　対象：敵全体　効果：出血特攻・即死
マイルームから「躯」を呼び出す","","","0","20","0","躯","召唤","威力：Ａ（魔or器）　対象：敵全体　効果：出血特攻・即死
从我的房间召唤「躯」","","","25"
"5855","ニーナ","召喚","威力：Ａ（魔or器）　対象：敵全体　属性：快楽　効果：出血特攻・味方全体SP中回復
マイルームから「ニーナ」を呼び出す","","","0","22","0","妮娜","召唤","威力：Ａ（魔or器）　対象：敵全体　属性：快楽　効果：出血特攻・味方全体SP中回復
从我的房间召唤「妮娜」","","","25"
"5856","エコー","召喚","威力：Ａ（魔or器）　対象：敵全体　属性：炎　効果：出血特攻
マイルームから「エコー」を呼び出す","","","0","20","0","回声","召唤","威力：Ａ（魔or器）　対象：敵全体　属性：炎　効果：出血特攻
从我的房间召唤「回声」","","","25"
"5857","スフィンクス","召喚","威力：Ａ（魔or器）　対象：敵全体　属性：氷　効果：出血特攻
マイルームから「スフィンクス」を呼び出す","","","0","20","0","斯芬克斯","召唤","威力：Ａ（魔or器）　対象：敵全体　属性：氷　効果：出血特攻
从我的房间召唤「斯芬克斯」","","","25"
"5858","アルケニー","召喚","威力：Ａ（魔or器）　対象：敵全体　属性：快楽　効果：出血特攻・スタン・拘束
マイルームから「アルケニー」を呼び出す","","","0","20","0","阿尔凯尼","召唤","威力：Ａ（魔or器）　対象：敵全体　属性：快楽　効果：出血特攻・スタン・拘束
从我的房间召唤「阿尔凯尼」","","","25"
"5859","ティタノボア","召喚","威力：ＳＳ（魔or器）　対象：敵単体　効果：出血特攻
マイルームから「ティタノボア」を呼び出す","","","0","35","0","泰坦巨蟒","召唤","威力：ＳＳ（魔or器）　対象：敵単体　効果：出血特攻
从我的房间召唤「泰坦巨蟒」","","","25"
"5860","カマソッソ","召喚","威力：Ａ（魔or器）　対象：敵全体　属性：風　効果：出血特攻
マイルームから「カマソッソ」を呼び出す","","","0","20","0","卡玛佐兹","召唤","威力：Ａ（魔or器）　対象：敵全体　属性：風　効果：出血特攻
从我的房间召唤「卡玛佐兹」","","","25"
"5861","妲己","召喚","威力：Ｓ（魔or器）　対象：敵全体　属性：闇　効果：出血特攻
マイルームから「妲己」を呼び出す","","","0","30","0","妲己","召唤","威力：Ｓ（魔or器）　対象：敵全体　属性：闇　効果：出血特攻
从我的房间召唤「妲己」","","","25"
"5863","キッス","淫技","威力：Ｅ（器）　対象：敵単体　属性：快楽　効果：敏感
キスを交わす基本淫技","","","0","0","0","吻","淫技","威力：Ｅ（器）　対象：敵単体　属性：快楽　効果：敏感
交换吻的基本淫技","","","49"
"5864","バスト","淫技","威力：Ｅ（器）　対象：敵単体　属性：快楽　効果：恍惚
胸を攻める淫技","","","0","0","1","胸部","淫技","威力：Ｅ（器）　対象：敵単体　属性：快楽　効果：恍惚
攻击胸部的淫技","","","49"
"5865","ヒップ","淫技","威力：Ｅ（器）　対象：敵単体　属性：快楽　効果：素早さダウン
お尻を攻める基本淫技","","","0","0","1","臀部","淫技","威力：Ｅ（器）　対象：敵単体　属性：快楽　効果：素早さダウン
攻击臀部的基本淫技","","","49"
"5866","ヴァッジ","淫技","威力：Ｄ（器）　対象：敵単体　属性：快楽
アソコを攻める基本淫技","","","0","0","2","阴部","淫技","威力：Ｄ（器）　対象：敵単体　属性：快楽
攻击阴部的基本淫技","","","49"
"5867","ピストン","淫技","威力：Ｂ（器）　対象：敵単体　属性：快楽
挿入し腰を振る淫技","","","0","0","4","活塞","淫技","威力：Ｂ（器）　対象：敵単体　属性：快楽
插入并摇动腰部的淫技","","","49"
"5868","ダブルピストン","淫技","威力：Ａ（器）　対象：敵単体　属性：快楽
挿入し激しく腰を振る強力な淫技","","","0","0","7","双重活塞","淫技","威力：Ａ（器）　対象：敵単体　属性：快楽
插入并激烈摇动腰部的强力淫技","","","49"
"5869","甘い言葉","話す","対象：敵全体　効果：敏感・友好度小アップ
ムードを高め敵全体を敏感にする話術","","","0","0","1","甜言蜜语","交谈","対象：敵全体　効果：敏感・友好度小アップ
提高气氛使全体敌人敏感的谈话技巧","","","39"
"5870","クロッチ","淫技","威力：Ｄ（器）　対象：敵単体　属性：快楽
アソコを攻める基本淫技","","","0","0","2","阴部","淫技","威力：Ｄ（器）　対象：敵単体　属性：快楽
攻击阴部的基本淫技","","","49"
"5871","スウィング","淫技","威力：Ｃ（器）　対象：敵単体　属性：快楽
挿入し腰を振る淫技","","","0","0","3","摇摆","淫技","威力：Ｃ（器）　対象：敵単体　属性：快楽
插入并摇动腰部的淫技","","","49"
"5872","ヘヴィスウィング","淫技","威力：Ｂ（器）　対象：敵単体　属性：快楽
挿入し強く腰を振る強力な淫技","","","0","0","5","强力摇摆","淫技","威力：Ｂ（器）　対象：敵単体　属性：快楽
插入并强烈摇动腰部的强力淫技","","","49"
"5873","ディバウアー","淫技","威力：Ａ（器）　対象：敵単体　属性：快楽
相手を激しく攻める強力な淫技","","","0","0","7","猛攻","淫技","威力：Ａ（器）　対象：敵単体　属性：快楽
激烈攻击对方的强力淫技","","","49"
"5874","プライスオブハレム","淫技","威力：Ａ（器）　対象：敵全体　属性：快楽
敵全員を攻める強力な淫技","","","0","0","8","后宫之价","淫技","威力：Ａ（器）　対象：敵全体　属性：快楽
攻击敌全体的强力淫技","","","49"
"5875","トーク","話す","対象：敵全体　効果：敏感・友好度小アップ
ムードを高め敵全体を敏感にする話術","","","0","0","2","谈话","交谈","対象：敵全体　効果：敏感・友好度小アップ
提高气氛使全体敌人敏感的谈话技巧","","","39"
"5876","ファック","淫技","威力：Ｅ（器）　対象：敵単体　属性：快楽
相手に挿入する基本淫技","","","0","0","1","插入","淫技","威力：Ｅ（器）　対象：敵単体　属性：快楽
插入对方的基本淫技","","","49"
"5877","バッシュ","淫技","威力：Ｄ（器）　対象：敵単体　属性：快楽
下半身に力をこめて相手を強く突く淫技","","","0","0","2","狂进击","淫技","威力：Ｄ（器）　対象：敵単体　属性：快楽
集中下半身力量，对对方进行强力突刺的淫技","","","49"
"5878","ホーリーセクロス","淫技","威力：Ｂ（器）　対象：敵単体　属性：快楽・聖　効果：暗闇
聖なる属性を宿したピストンで攻撃する淫技","","","0","0","4","圣十字攻击","淫技","威力：Ｂ（器）　対象：敵単体　属性：快楽・聖　効果：暗闇
以宿有神圣属性的活塞运动进行攻击的淫技","","","49"
"5879","グランドセクロス","淫技","威力：Ａ（器）　対象：敵単体　属性：快楽
挿入した相手の内部に聖なる闘気を送り込む奥義","","","0","0","7","圣十字审判","淫技","威力：Ａ（器）　対象：敵単体　属性：快楽
将神圣斗气插入对方体内的奥义","","","49"
"5880","グランドセクロス","淫技","威力：Ｓ（器）　対象：敵単体　属性：快楽・闇
挿入した相手の内部に闇の闘気を送り込む奥義","","","0","0","10","圣十字审判","淫技","威力：Ｓ（器）　対象：敵単体　属性：快楽・闇
将暗之斗气送入插入对方体内的奥义","","","49"
"5881","性の処刑執行","淫技","威力：Ｓ（器）　対象：敵単体　属性：快楽
快楽による処刑を執行する奥義","","","0","0","10","性之处刑执行","淫技","威力：Ｓ（器）　対象：敵単体　属性：快楽
执行由快乐带来的死刑的奥义","","","49"
"5882","ヴァギナクイッケン","淫技","対象：使用者　効果：「淫技」連続発動
超スピードにより淫技が連続で発動する","","","0","0","3","阴道加速","淫技","対象：使用者　効果：「淫技」連続発動
超高速使得淫技连续发动","","","49"
"5883","死刑執行の構え","鎌技","威力：Ｓ（力or魔）　対象：敵ランダム8回
超スピードにより斬撃を乱舞させる鎌奥義","","","0","0","10","死刑执行的架势","镰技","威力：Ｓ（力or魔）　対象：敵ランダム8回
以超快速度释放连续斩击的镰奥义","","","13"
"5884","ピアーシングアタック","淫技","威力：Ａ（器）　対象：敵単体　属性：快楽
防御力を無視するパワフルな手淫奥義","","","0","0","7","穿刺攻击","淫技","威力：Ａ（器）　対象：敵単体　属性：快楽
无视防御力的强力手淫奥义","","","49"
"5886","アドレナリンラッシュ","特技","対象：使用者　効果：通常攻撃2連続発動・威力アップ
憤怒の力により通常攻撃が連続で発動、威力も大幅に増加","","","0","0","2","肾上腺素激增","特技","対象：使用者　効果：通常攻撃2連続発動・威力アップ
愤怒使得普通攻击连续发动，威力大幅增加","","","63"
"5887","逆切れ","格闘","威力：Ｓ（力・速）　対象：敵単体　効果：物理カウンター発動
逆切れし物理攻撃に対し強力なカウンターを叩き込む","","","0","0","2","反击斩杀","格闘","威力：Ｓ（力・速）　対象：敵単体　効果：物理カウンター発動
反击斩杀是对物理攻击进行强力的反击","","","21"
"5888","発動：逆切れ","格闘","ステート459","","","0","0","0","発動：逆切れ","格闘","ステート459","","","21"
"5889","姉さんの悪夢","魔技","威力：Ｓ（魔or器）　対象：敵全体　属性：快楽・闇　効果：拘束・HP吸収
魔力の鎖で敵をまとめて拘束し搾り尽くす奥義","","","0","30","0","姐姐的恶梦","魔技","威力：Ｓ（魔or器）　対象：敵全体　属性：快楽・闇　効果：拘束・HP吸収
魔力锁链将敌人全体拘束并榨干","","","50"
"5890","スクリーム","踊る","対象：敵全体　効果：スタン
敵全体をスタンさせる","","","0","0","1","呻吟","踊る","対象：敵全体　効果：スタン
使全体敌人眩晕","","","37"
"5891","私を忘れないで…","踊る","対象：敵全体　効果：素早さ大ダウン
敵全体の素早さを大幅にダウンさせる","","","0","0","3","私を忘れないで…","踊る","対象：敵全体　効果：素早さ大ダウン
大幅降低全体敌人的敏捷","","","37"
"5892","サービスフォーユー","踊る","対象：味方単体　効果：SP大回復・聖属性付加
10ターンの間、SPが大幅に自動回復し聖属性を付加","","","0","0","6","为你服务","踊る","対象：味方単体　効果：SP大回復・聖属性付加
10回合内，SP大幅自动恢复并附加圣属性","","","37"
"5893","ハミング","踊る","対象：味方単体　効果：全能力・命中率アップ
5ターンの間、全能力および命中率がアップする","","","0","0","4","哼唱","踊る","対象：味方単体　効果：全能力・命中率アップ
5回合内，全能力和命中率提升","","","37"
"5894","幸運のキス","踊る","対象：味方単体　効果：会心・会心ダメージアップ
5ターンの間、会心率と会心ダメージが大幅にアップする","","","0","0","4","幸运之吻","踊る","対象：味方単体　効果：会心・会心ダメージアップ
5回合内，会心率和会心伤害大幅提升","","","37"
"5895","全力蕩弓","弓技","威力：ＳＳ（力・器）　対象：敵ランダム1体　属性：闇・快楽
相手を選ばずに放たれる闇と快楽の一閃","","","0","0","6","全力荡弓","弓技","威力：ＳＳ（力・器）　対象：敵ランダム1体　属性：闇・快楽
不分对象释放的暗与快乐的一闪","","","14"
"5896","まとめて食べてあげる","淫技","威力：Ｓ（器）　対象：敵全体　属性：快楽　効果：絶頂・HP吸収
餌をまとめて平らげるサキュバスの食事","","","0","0","12","一起吃掉","淫技","威力：Ｓ（器）　対象：敵全体　属性：快楽　効果：絶頂・HP吸収
一起吃掉的魅魔的盛宴","","","49"
"5897","アビスヘブン","白魔法","威力：Ｓ（魔or精）　対象：敵全体　属性：快楽・聖　効果：昇天
天国の悦びを味わわせ昇天させる快楽魔法","","","0","30","0","深渊天堂","白魔法","威力：Ｓ（魔or精）　対象：敵全体　属性：快楽・聖　効果：昇天
让敌人体验天堂的愉悦并升天的快乐魔法","","","22"
"5898","虚脱の魔眼","魔技","対象：敵全体　効果：効果：MP吸収・防御/精神ダウン・睡眠
魔力を込めた瞳で凝視し、精気を一気に奪い取る","","","0","20","0","虚脱的魔眼","魔技","対象：敵全体　効果：効果：MP吸収・防御/精神ダウン・睡眠
用充满魔力的眼睛凝视，一口气夺取精气","","","50"
"5899","乳魔王の悪戯","魔技","対象：敵全体　効果：ミニマム・スロウ・失禁
魔王ベビゼラが用いたという悪夢の魔技","","","0","18","0","乳魔王的恶作剧","魔技","対象：敵全体　効果：ミニマム・スロウ・失禁
魔王贝比泽拉使用的恶梦魔技","","","50"
"5900","圧壊の魔眼","魔技","威力：Ｓ（魔or精）　対象：敵全体　属性：闇　効果：スタン・スロウ
魔力を込めた瞳で凝視し、あらゆる敵を重力で圧壊する","","","0","30","0","压碎的魔眼","魔技","威力：Ｓ（魔or精）　対象：敵全体　属性：闇　効果：スタン・スロウ
用充满魔力的眼睛凝视，用重力压碎所有敌人","","","50"
"5901","覇界の拳","格闘","威力：ＳＳ（力・速）　対象：敵単体　属性：闇
世界そのものを粉砕するという闇の鉄拳奥義","","","0","0","14","霸界之拳","格闘","威力：ＳＳ（力・速）　対象：敵単体　属性：闇
粉碎世界本身的暗之铁拳奥义","","","21"
"5902","サキュバスプリズン","淫技","威力：Ａ（器）　対象：敵全体　属性：快楽　効果：毎ターン発動
結界内で行われる淫魔の残虐な遊戯、3ターン持続","","","0","0","12","魅魔监狱","淫技","威力：Ａ（器）　対象：敵全体　属性：快楽　効果：毎ターン発動
结界内进行的淫魔残虐游戏，持续3回合","","","49"
"5903","発動：サキュバスプリズン","淫技","スキル5902、職業5028、ステート461","","","0","0","0","発動：サキュバスプリズン","淫技","スキル5902、職業5028、ステート461","","","49"
"5904","シェルマッチ","淫技","威力：Ｃ（器）　対象：敵単体　属性：快楽　効果：拘束・相互敏感
♀同士を密着させる淫技。自分自身も敏感になる","","","0","0","3","磨豆腐","淫技","威力：Ｃ（器）　対象：敵単体　属性：快楽　効果：拘束・相互敏感
女性间紧密接触的淫技。自己也会变得敏感","","","49"
"5905","ドロウネクター","淫技","威力：Ｃ（器）　対象：敵単体　属性：快楽　効果：拘束・ヌルヌル
アソコを吸う淫技","","","0","0","3","吸阴","淫技","威力：Ｃ（器）　対象：敵単体　属性：快楽　効果：拘束・ヌルヌル
吸吮私处的淫技","","","49"
"5906","エンブレイス","淫技","威力：Ｃ（器）　対象：敵単体　属性：快楽　効果：拘束・スタン
密着して動きを封じる淫技","","","0","0","3","拥抱","淫技","威力：Ｃ（器）　対象：敵単体　属性：快楽　効果：拘束・スタン
紧密贴合封锁动作的淫技","","","49"
"5907","エキサイトビュー","淫技","威力：Ｃ（器）　対象：敵単体　属性：快楽　効果：拘束・恍惚
相手の顔に騎乗する淫技","","","0","0","3","兴奋视野","淫技","威力：Ｃ（器）　対象：敵単体　属性：快楽　効果：拘束・恍惚
骑在对方脸上的淫技","","","49"
"5908","回復外法・ローカル","陰陽術","対象：味方単体　効果：HP中回復
異文化から盗んだ秘術で単体を回復する","","","0","3","0","恢复外法・局部","阴阳术","対象：味方単体　効果：HP中回復
用从异文化偷来的秘术恢复单体","","","29"
"5909","回復外法・グローバル","陰陽術","対象：味方全体　効果：HP中回復
異文化から盗んだ秘術で仲間全体を回復する","","","0","7","0","恢复外法・全局","阴阳术","対象：味方全体　効果：HP中回復
用从异文化偷来的秘术恢复全体队友","","","29"
"5910","回復外法・ユニバーサル","陰陽術","対象：味方全体　効果：HP大回復
異文化から盗んだ秘術で仲間全体を大幅に回復する","","","0","18","0","恢复外法・万象","阴阳术","対象：味方全体　効果：HP大回復
用从异文化偷来的秘术大幅恢复全体队友","","","29"
"5914","発動：夢魔の微笑み","淫技","防具339,3757、職業5025","","","0","0","0","発動：夢魔の微笑み","淫技","防具339,3757、職業5025","","","49"
"5915","発動：淫魔の囁き","淫技","防具340,3758、職業5030","","","0","0","0","発動：淫魔の囁き","淫技","防具340,3758、職業5030","","","49"
"5916","発動：激励","未分类技能","防具347,3765、職業5062,5063","","","0","0","0","発動：激励","未分类技能","防具347,3765、職業5062,5063","","","0"
"5917","発動：六魂幡","闇技","防具356,3774、職業5079,5080","","","0","0","0","発動：六魂幡","暗技","防具356,3774、職業5079,5080","","","27"
"5918","ランダム：バーゲスト","召喚","威力：Ｓ（魔or器）　対象：敵単体　効果：出血特攻・出血
スキル5848","","","0","25","0","ランダム：バーゲスト","召唤","威力：Ｓ（魔or器）　対象：敵単体　効果：出血特攻・出血
スキル5848","","","25"
"5919","ランダム：様子を見る","召喚","スキル5848","","","0","0","0","ランダム：様子を見る","召唤","スキル5848","","","25"
"5920","連続用：ニーナ1","召喚","スキル5855","","","0","0","0","連続用：ニーナ1","召唤","スキル5855","","","25"
"5921","連続用：ニーナ2","召喚","スキル5855","","","0","0","0","連続用：ニーナ2","召唤","スキル5855","","","25"
"5922","支援：ルヴィッサ1","未分类技能","職業5008：ルヴィッササポート","","","0","0","0","支援：ルヴィッサ1","未分类技能","職業5008：ルヴィッササポート","","","0"
"5923","支援：ルヴィッサ2","未分类技能","職業5009：ルヴィッササポート","","","0","0","0","支援：ルヴィッサ2","未分类技能","職業5009：ルヴィッササポート","","","0"
"5924","支援：ラルス","未分类技能","職業5017","","","0","0","0","支援：ラルス","未分类技能","職業5017","","","0"
"5925","支援：リジェオ1","未分类技能","職業5047","","","0","0","0","支援：リジェオ1","未分类技能","職業5047","","","0"
"5926","支援：リジェオ2","未分类技能","職業5047","","","0","0","0","支援：リジェオ2","未分类技能","職業5047","","","0"
"5927","支援：リジェオ3","未分类技能","職業5047","","","0","0","0","支援：リジェオ3","未分类技能","職業5047","","","0"
"5928","強化：まほろばの歌","未分类技能","職業5083,5084
強化バージョン","","","0","0","0","強化：まほろばの歌","未分类技能","職業5083,5084
强化版本","","","0"
"5929","支援：骸","未分类技能","職業5105,5106,5107","","","0","0","0","支援：骸","未分类技能","職業5105,5106,5107","","","0"
"5930","支援：ターサ","特技","職業5158","","","0","0","0","支援：ターサ","特技","職業5158","","","63"
"5931","支援：ノビッサ","剣技","職業5159","","","0","0","0","支援：ノビッサ","剑技","職業5159","","","7"
"6071","炎撃","妖術、格闘","威力：Ｂ（力or魔or器）　対象：敵単体　属性：炎
バーン状態の相手に特攻効果を持つ妖術","","","0","0","5","炎击","妖术、格闘","威力：Ｂ（力or魔or器）　対象：敵単体　属性：炎
对处于燃烧状态的对手有特效的妖术","","","68"
"6072","氷撃","妖術、格闘","威力：Ｂ（力or魔or器）　対象：敵単体　属性：氷
フリーズ状態の相手に特攻効果を持つ妖術","","","0","0","5","冰击","妖术、格闘","威力：Ｂ（力or魔or器）　対象：敵単体　属性：氷
对处于冻结状态的对手有特效的妖术","","","68"
"6073","雷撃","妖術、格闘","威力：Ｂ（力or魔or器）　対象：敵単体　属性：雷
ショック状態の相手に特攻効果を持つ妖術","","","0","0","5","雷击","妖术、格闘","威力：Ｂ（力or魔or器）　対象：敵単体　属性：雷
对处于电击状态的对手有特效的妖术","","","68"
"6074","風牙","妖術、格闘","威力：Ｂ（力or魔or器）　対象：敵単体　属性：風
素早さ低下状態の相手に特攻効果を持つ妖術","","","0","0","5","风牙","妖术、格闘","威力：Ｂ（力or魔or器）　対象：敵単体　属性：風
对敏捷降低状态的对手有特攻效果的妖术","","","68"
"6075","土牙","妖術、格闘","威力：Ｂ（力or魔or器）　対象：敵単体　属性：土
防御力低下状態の相手に特攻効果を持つ妖術","","","0","0","5","土牙","妖术、格闘","威力：Ｂ（力or魔or器）　対象：敵単体　属性：土
对防御力降低状态的对手有特攻效果的妖术","","","68"
"6076","水牙","妖術、格闘","威力：Ｂ（力or魔or器）　対象：敵単体　属性：水
精神力低下状態の相手に特攻効果を持つ妖術","","","0","0","5","水牙","妖术、格闘","威力：Ｂ（力or魔or器）　対象：敵単体　属性：水
对精神力降低状态的对手有特攻效果的妖术","","","68"
"6077","光龍","妖術、格闘","威力：Ａ（力or魔or器）　対象：敵単体　属性：聖
毒・混乱・睡眠・麻痺状態の相手に特攻効果を持つ妖術","","","0","0","7","光龙","妖术、格闘","威力：Ａ（力or魔or器）　対象：敵単体　属性：聖
对中毒・混乱・睡眠・麻痹状态的敌人有特攻效果的妖术","","","68"
"6078","闇龍","妖術、格闘","威力：Ａ（力or魔or器）　対象：敵単体　属性：闇
スロウ・ストップ・拘束状態の相手に特攻効果を持つ妖術","","","0","0","7","暗龙","妖术、格闘","威力：Ａ（力or魔or器）　対象：敵単体　属性：闇
对减速・停止・拘束状态的敌人有特攻效果的妖术","","","68"
"6079","紅の印","妖術、魔技","威力：Ｓ（力or魔or器）　対象：敵単体　属性：炎
バーン・スロウ・ストップ状態の相手に特攻効果を持つ妖術","","","0","0","10","红印","妖术、魔技","威力：Ｓ（力or魔or器）　対象：敵単体　属性：炎
对燃烧・减速・停止状态的敌人有特攻效果的妖术","","","68"
"6080","ゴブリンパンチ","妖術、格闘","威力：Ｃ（力or魔or器）　対象：敵単体　効果：混乱
能力低下状態の相手に特攻効果を持つ妖術","","","0","0","4","哥布林拳","妖术、格闘","威力：Ｃ（力or魔or器）　対象：敵単体　効果：混乱
对能力降低状态的敌人有特攻效果的妖术","","","68"
"6081","千本ノック","妖術、棍技","威力：Ａ（力or魔or器）　対象：敵ランダム6回
ミニマム、防御力低下状態の相手に特攻効果を持つ妖術","","","0","0","7","千本击","妖术、棍技","威力：Ａ（力or魔or器）　対象：敵ランダム6回
对缩小、防御力降低状态的对手有特攻效果的妖术","","","68"
"6082","吸温抱擁","妖術、魔技","威力：Ａ（力or魔or器）　対象：敵単体　属性：快楽・氷　効果：フリーズ・HP吸収
睡眠・恍惚状態の相手に特攻効果を持つ妖術","","","0","0","7","吸温拥抱","妖术、魔技","威力：Ａ（力or魔or器）　対象：敵単体　属性：快楽・氷　効果：フリーズ・HP吸収
对睡眠・恍惚状态的敌人有特攻效果的妖术","","","68"
"6083","妖力解放","妖術、魔技","威力：Ａ（力or魔or器）　対象：敵全体　属性：氷　効果：フリーズ
フリーズ・ミニマム状態の相手に特攻効果を持つ妖術","","","0","20","0","妖力解放","妖术、魔技","威力：Ａ（力or魔or器）　対象：敵全体　属性：氷　効果：フリーズ
对冻结・缩小状态的敌人有特攻效果的妖术","","","68"
"6084","ファイナルヌード","妖術、淫技","威力：Ｂ（力or魔or器）　対象：敵全体　属性：快楽　効果：誘惑
敏感・恍惚・誘惑状態の相手に特攻効果を持つ妖術","","","0","0","6","最终裸体","妖术、淫技","威力：Ｂ（力or魔or器）　対象：敵全体　属性：快楽　効果：誘惑
对敏感・恍惚・诱惑状态的敌人有特攻效果的妖术","","","68"
"6085","肉体の解放","妖術、淫技","威力：Ａ（力or魔or器）　対象：敵全体　属性：快楽　効果：恍惚・誘惑・スタン
敏感・恍惚・誘惑状態の相手に特攻効果を持つ妖術","","","0","0","8","肉体的解放","妖术、淫技","威力：Ａ（力or魔or器）　対象：敵全体　属性：快楽　効果：恍惚・誘惑・スタン
对敏感・恍惚・诱惑状态的敌人有特攻效果的妖术","","","68"
"6086","真夜","妖術、魔技","威力：Ｂ（力or魔or器）　対象：敵全体　属性：雷
睡眠・ヌルヌル状態の相手に特攻効果を持つ妖術","","","0","15","0","真夜","妖术、魔技","威力：Ｂ（力or魔or器）　対象：敵全体　属性：雷
对睡眠・黏滑状态的敌人有特攻效果的妖术","","","68"
"6087","満月のレクイエム","妖術、魔技","威力：Ａ（力or魔or器）　対象：敵全体　属性：雷・闇　効果：即死
ショック・スロウ・ストップ状態の相手に特攻効果を持つ妖術","","","0","20","0","满月的镇魂曲","妖术、魔技","威力：Ａ（力or魔or器）　対象：敵全体　属性：雷・闇　効果：即死
对电击・减速・停止状态的敌人有特攻效果的妖术","","","68"
"6088","ナマズの怒り","妖術、海技","威力：Ｂ（力or魔or器）　対象：敵全体　属性：土　効果：スタン
麻痺・防御低下状態の相手に特攻効果を持つ妖術","","","0","15","0","鲶鱼的愤怒","妖术、海技","威力：Ｂ（力or魔or器）　対象：敵全体　属性：土　効果：スタン
对麻痹・防御降低状态的敌人有特攻效果的妖术","","","68"
"6089","マーメイドスクリュー","妖術、海技","威力：Ａ（力or魔or器）　対象：敵単体　属性：水　効果：麻痺
睡眠・混乱状態の相手に特攻効果を持つ妖術","","","0","0","7","人鱼螺旋","妖术、海技","威力：Ａ（力or魔or器）　対象：敵単体　属性：水　効果：麻痺
对睡眠・混乱状态的敌人有特攻效果的妖术","","","68"
"6090","マーメイド・エンドソング","妖術、歌う","威力：Ａ（力or魔or器）　対象：敵全体　属性：水・音波　効果：誘惑・絶頂
睡眠・混乱・恍惚・誘惑状態の相手に特攻効果を持つ妖術","","","0","20","0","人鱼・终曲","妖术、歌唱","威力：Ａ（力or魔or器）　対象：敵全体　属性：水・音波　効果：誘惑・絶頂
对睡眠・混乱・恍惚・诱惑状态的敌人有特攻效果的妖术","","","68"
"6091","焼き討ち","妖術、弓技","威力：Ｂ（力or魔or器）　対象：敵全体　属性：炎
麻痺・バーン状態の相手に特攻効果を持つ妖術","","","0","15","0","烧讨","妖术、弓技","威力：Ｂ（力or魔or器）　対象：敵全体　属性：炎
对麻痹・燃烧状态的敌人有特攻效果的妖术","","","68"
"6092","エルフィンアーツ","妖術、弓技","威力：Ｓ（力or魔or器）　対象：敵単体
麻痺・攻撃力低下状態の相手に特攻効果を持つ妖術","","","0","0","10","精灵之术","妖术、弓技","威力：Ｓ（力or魔or器）　対象：敵単体
对麻痹・攻击力降低状态的对手有特攻效果的妖术","","","68"
"6093","妖精祭り","妖術、自然感応","威力：Ａ（力or魔or器）　対象：敵単体　属性：風・快楽　効果：睡眠・ミニマム
ミニマム・素早さ低下状態の相手に特攻効果を持つ妖術","","","0","16","0","妖精祭典","妖术、自然感应","威力：Ａ（力or魔or器）　対象：敵単体　属性：風・快楽　効果：睡眠・ミニマム
对缩小・敏捷降低状态的对手有特攻效果的妖术","","","68"
"6094","真夏の夜の夢","妖術、自然感応","威力：Ｓ（力or魔or器）　対象：敵全体　属性：風・快楽　効果：睡眠・ミニマム
混乱・睡眠・ミニマム状態の相手に特攻効果を持つ妖術","","","0","30","0","仲夏夜之梦","妖术、自然感应","威力：Ｓ（力or魔or器）　対象：敵全体　属性：風・快楽　効果：睡眠・ミニマム
混乱・睡眠・缩小状态的对手有特攻效果的妖术","","","68"
"6095","ブーメランダンス","妖術、踊る","威力：Ｂ（力or魔or器）　対象：敵ランダム3回　効果：ヌルヌル
ヌルヌル状態の相手に特攻効果を持つ妖術","","","0","0","5","回旋镖之舞","妖术、踊る","威力：Ｂ（力or魔or器）　対象：敵ランダム3回　効果：ヌルヌル
对黏滑状态的敌人有特攻效果的妖术","","","68"
"6096","スライムエッジ","妖術、粘液技","威力：Ａ（力or魔or器）　対象：敵単体　効果：ヌルヌル・消化
ヌルヌル・消化状態の相手に特攻効果を持つ妖術","","","0","0","7","史莱姆之刃","妖术、粘液技","威力：Ａ（力or魔or器）　対象：敵単体　効果：ヌルヌル・消化
对黏滑・消化状态的对手有特攻效果的妖术","","","68"
"6097","毒粘液地獄","妖術、粘液技","威力：Ｂ（力or魔or器）　対象：敵全体　属性：バイオ　効果：毒・ヌルヌル
毒・ヌルヌル状態の相手に特攻効果を持つ妖術","","","0","0","6","毒液地狱","妖术、粘液技","威力：Ｂ（力or魔or器）　対象：敵全体　属性：バイオ　効果：毒・ヌルヌル
对中毒・黏滑状态的对手有特攻效果的妖术","","","68"
"6098","狼牙撃","妖術、獣技","威力：Ａ（力or魔or器）　対象：敵単体　効果：暗闇・麻痺
暗闇・麻痺状態の相手に特攻効果を持つ妖術","","","0","0","7","狼牙击","妖术、獣技","威力：Ａ（力or魔or器）　対象：敵単体　効果：暗闇・麻痺
对黑暗・麻痹状态的对手有特攻效果的妖术","","","68"
"6099","うさぎのダンス","妖術、踊る","対象：敵全体　効果：混乱・誘惑
相手を混乱・誘惑状態にする妖術","","","0","0","2","兔子之舞","妖术、踊る","対象：敵全体　効果：混乱・誘惑
使对手陷入混乱・诱惑状态的妖术","","","68"
"6100","クマー！！","妖術、獣技","威力：Ａ（力or魔or器）　対象：敵単体　効果：麻痺・即死
暗闇・麻痺状態の相手に特攻効果を持つ妖術","","","0","0","7","クマー！！","妖术、獣技","威力：Ａ（力or魔or器）　対象：敵単体　効果：麻痺・即死
对黑暗・麻痹状态的对手有特攻效果的妖术","","","68"
"6101","人馬疾風乱舞","妖術、槍技","威力：Ａ（力or魔or器）　対象：敵ランダム4回　属性：風
スロウ・素早さ低下状態の相手に特攻効果を持つ妖術","","","0","0","7","人马疾风乱舞","妖术、枪技","威力：Ａ（力or魔or器）　対象：敵ランダム4回　属性：風
减速・敏捷降低状态的对手有特攻效果的妖术","","","68"
"6102","猛牛ロケット","妖術、獣技","威力：Ａ（力or魔or器）　対象：敵単体　効果：スタン・混乱
スタン・防御力低下状態の相手に特攻効果を持つ妖術","","","0","0","7","猛牛火箭","妖术、獣技","威力：Ａ（力or魔or器）　対象：敵単体　効果：スタン・混乱
眩晕・防御力降低状态的对手有特攻效果的妖术","","","68"
"6103","百獣王撃","妖術、獣技","威力：Ｓ（力or魔or器）　対象：敵単体　効果：暗闇・即死
暗闇・麻痺・素早さ低下状態の相手に特攻効果を持つ妖術","","","0","0","10","百兽王击","妖术、獣技","威力：Ｓ（力or魔or器）　対象：敵単体　効果：暗闇・即死
黑暗・麻痺・敏捷降低状态的对手有特攻效果的妖术","","","68"
"6104","きつねムーンサルト","妖術、獣技","威力：Ｂ（力or魔or器）　対象：敵全体　属性：土　効果：スタン
スタン状態の相手に特攻効果を持つ妖術","","","0","0","6","狐狸月面空翻","妖术、獣技","威力：Ｂ（力or魔or器）　対象：敵全体　属性：土　効果：スタン
眩晕状态的对手有特攻效果的妖术","","","68"
"6105","風月狐神楽","妖術、獣技","威力：Ａ（力or魔or器）　対象：敵全体　属性：風・土　効果：沈黙・睡眠
暗闇・沈黙・混乱状態の相手に特攻効果を持つ妖術","","","0","0","8","风月狐神乐","妖术、獣技","威力：Ａ（力or魔or器）　対象：敵全体　属性：風・土　効果：沈黙・睡眠
黑暗・沉默・混乱状态的对手有特攻效果的妖术","","","68"
"6106","ロール毒噛み付き","妖術、蛇技","威力：Ａ（力or魔or器）　対象：敵単体　属性：バイオ　効果：毒・拘束
毒・拘束状態の相手に特攻効果を持つ妖術","","","0","0","7","毒咬攻击","妖术、蛇技","威力：Ａ（力or魔or器）　対象：敵単体　属性：バイオ　効果：毒・拘束
中毒・拘束状态的对手有特攻效果的妖术","","","68"
"6107","千蛇","妖術、蛇技","威力：Ｓ（力or魔or器）　対象：敵ランダム6回　属性：バイオ
毒・拘束状態の相手に特攻効果を持つ妖術","","","0","0","10","千蛇","妖术、蛇技","威力：Ｓ（力or魔or器）　対象：敵ランダム6回　属性：バイオ
中毒・拘束状态的对手有特攻效果的妖术","","","68"
"6108","スネークエンド","妖術、蛇技","威力：Ｓ（力or魔or器）　対象：敵単体　属性：快楽・バイオ　効果：毒・麻痺・拘束
毒・拘束・攻撃力低下状態の相手に特攻効果を持つ妖術","","","0","0","10","蛇尾","妖术、蛇技","威力：Ｓ（力or魔or器）　対象：敵単体　属性：快楽・バイオ　効果：毒・麻痺・拘束
中毒・拘束・攻撃力降低状态的对手有特攻效果的妖术","","","68"
"6109","触手渦","妖術、触手技","威力：Ａ（力or魔or器）　対象：敵ランダム6回　効果：ヌルヌル
スロウ・ヌルヌル状態の相手に特攻効果を持つ妖術","","","0","0","7","触手漩涡","妖术、触手技","威力：Ａ（力or魔or器）　対象：敵ランダム6回　効果：ヌルヌル
减速・黏滑状态的对手有特攻效果","","","68"
"6110","インフェルノ・デ・スキュラ","妖術、触手技","威力：Ｓ（力or魔or器）　対象：敵単体　属性：快楽　効果：ヌルヌル・恍惚
ヌルヌル・拘束・恍惚状態の相手に特攻効果を持つ妖術","","","0","0","10","地狱・德・斯库拉","妖术、触手技","威力：Ｓ（力or魔or器）　対象：敵単体　属性：快楽　効果：ヌルヌル・恍惚
黏滑・拘束・恍惚状态的对手有特攻效果","","","68"
"6111","ハーピーキック","妖術、翼技","威力：Ａ（力or魔or器）　対象：敵単体　効果：スタン
スロウ・素早さ低下状態の相手に特攻効果を持つ妖術","","","0","0","7","哈比踢","妖术、翼技","威力：Ａ（力or魔or器）　対象：敵単体　効果：スタン
减速・敏捷降低状态的对手有特攻效果的妖术","","","68"
"6112","天空地獄落とし","妖術、翼技","威力：Ｓ（力or魔or器）　対象：敵単体　効果：スタン
麻痺・スタン・ストップ状態の相手に特攻効果を持つ妖術","","","0","0","10","天空地狱落","妖术、翼技","威力：Ｓ（力or魔or器）　対象：敵単体　効果：スタン
麻痹・眩晕・停止状态的对手有特攻效果","","","68"
"6113","鳳翼天翔","妖術、翼技","威力：Ａ（力or魔or器）　対象：敵全体　属性：炎
バーン・素早さ低下状態の相手に特攻効果を持つ妖術","","","0","0","8","凤翼天翔","妖术、翼技","威力：Ａ（力or魔or器）　対象：敵全体　属性：炎
对处于燃烧和敏捷降低状态的敌人有特攻效果的妖术","","","68"
"6114","竜の咆吼","妖術、獣技","威力：Ａ（力or魔or器）　対象：敵全体　属性：炎・音波　効果：スタン・麻痺
バーン・スタン・攻撃力低下状態の相手に特攻効果を持つ妖術","","","0","0","8","龙之咆哮","妖术、獣技","威力：Ａ（力or魔or器）　対象：敵全体　属性：炎・音波　効果：スタン・麻痺
对处于燃烧・眩晕和攻击力降低状态的对手有特攻效果的妖术","","","68"
"6115","竜拳","妖術、格闘","威力：Ｓ（力or魔or器）　対象：敵単体　属性：炎　効果：スタン・麻痺
能力低下状態の相手に特攻効果を持つ妖術","","","0","0","10","龙拳","妖术、格闘","威力：Ｓ（力or魔or器）　対象：敵単体　属性：炎　効果：スタン・麻痺
对能力降低状态的敌人有特攻效果的妖术","","","68"
"6116","ナメクジ蹂躙","妖術、特技","威力：Ａ（力or魔or器）　対象：敵単体　属性：快楽　効果：ヌルヌル・スロウ
スロウ・ヌルヌル状態の相手に特攻効果を持つ妖術","","","0","0","7","蛞蝓蹂躏","妖术、特技","威力：Ａ（力or魔or器）　対象：敵単体　属性：快楽　効果：ヌルヌル・スロウ
减速・黏滑状态的对手有特攻效果","","","68"
"6117","デスクロー","妖術、特技","対象：敵単体　属性：重力　効果：瀕死・麻痺
相手を瀕死・麻痺状態にする妖術","","","0","0","3","死亡之爪","妖术、特技","対象：敵単体　属性：重力　効果：瀕死・麻痺
使敌人陷入濒死和麻痹状态的妖术","","","68"
"6118","デスシザーズ","妖術、特技","威力：Ａ（力or魔or器）　対象：敵単体　属性：バイオ　効果：毒・麻痺
毒・麻痺状態の相手に特攻効果を持つ妖術","","","0","0","7","死亡剪刀","妖术、特技","威力：Ａ（力or魔or器）　対象：敵単体　属性：バイオ　効果：毒・麻痺
对中毒・麻痹状态的敌人有特攻效果的妖术","","","68"
"6119","アクアブレス","妖術、ブレス","威力：Ａ（力or魔or器）　対象：敵全体　属性：水
ショック・防御力低下状態の相手に特攻効果を持つ妖術","","","0","0","8","水之吐息","妖术、吐息","威力：Ａ（力or魔or器）　対象：敵全体　属性：水
对电击・防御力降低状态的对手有特攻效果的妖术","","","68"
"6120","大海牙","妖術、海技","威力：Ｓ（力or魔or器）　対象：敵単体　属性：水　効果：麻痺
暗闇・麻痺・ショック状態の相手に特攻効果を持つ妖術","","","0","0","10","大海之牙","妖术、海技","威力：Ｓ（力or魔or器）　対象：敵単体　属性：水　効果：麻痺
对黑暗・麻痹・电击状态的敌人有特攻效果的妖术","","","68"
"6121","海の幸","妖術、海技","対象：味方全体　効果：HP・MP・SP大回復
精力が大幅に回復する料理を振る舞う妖術","","","0","40","10","海之幸","妖术、海技","対象：味方全体　効果：HP・MP・SP大回復
大幅恢复精力的料理妖术","","","68"
"6122","黄金蜜","妖術、虫技","対象：味方全体　効果：HP大回復・全状態異常治療
回復効果と治療効果を併せ持った蜜を振る舞う妖術","","","0","40","10","黄金蜜","妖术、虫技","対象：味方全体　効果：HP大回復・全状態異常治療
兼具恢复和治疗效果的蜜妖术","","","68"
"6123","通電鱗粉","妖術、虫技","威力：Ｂ（力or魔or器）　対象：敵全体　属性：雷・バイオ
毒・麻痺状態の相手に特攻効果を持つ妖術","","","0","0","6","通电鳞粉","妖术、虫技","威力：Ｂ（力or魔or器）　対象：敵全体　属性：雷・バイオ
对中毒・麻痹状态的敌人有特攻效果的妖术","","","68"
"6124","常世の粘網","妖術、虫技","威力：Ａ（力or魔or器）　対象：敵全体　属性：快楽　効果：拘束・ヌルヌル
ヌルヌル・恍惚状態の相手に特攻効果を持つ妖術","","","0","0","8","常世的粘网","妖术、虫技","威力：Ａ（力or魔or器）　対象：敵全体　属性：快楽　効果：拘束・ヌルヌル
对黏滑・恍惚状态的敌人有特攻效果的妖术","","","68"
"6125","爆魔獄","妖術、虫技","威力：Ａ（力or魔or器）　対象：敵全体　属性：炎
毒・麻痺・攻撃力低下状態の相手に特攻効果を持つ妖術","","","0","0","8","爆魔狱","妖术、虫技","威力：Ａ（力or魔or器）　対象：敵全体　属性：炎
对中毒・麻痹・攻击力降低状态的敌人有特攻效果的妖术","","","68"
"6126","針千本","妖術、植物技","威力：固定　対象：敵単体　効果：1000ダメージ
毒・暗闇・麻痺・スタン状態の相手に特攻効果を持つ妖術","","","0","0","2","千针","妖术、植物技","威力：固定　対象：敵単体　効果：1000ダメージ
对中毒・黑暗・麻痹・眩晕状态的敌人有特攻效果的妖术","","","68"
"6127","春眠","妖術、植物技","対象：敵全体　属性：バイオ　効果：毒・睡眠
相手を毒・睡眠状態にする妖術","","","0","0","2","春眠","妖术、植物技","対象：敵全体　属性：バイオ　効果：毒・睡眠
使敌人陷入中毒・睡眠状态的妖术","","","68"
"6128","万華狂い咲き","妖術、植物技","威力：Ｓ（力or魔or器）　対象：敵ランダム4回　効果：毒・睡眠・麻痺
毒・睡眠・麻痺状態の相手に特攻効果を持つ妖術","","","0","0","10","万华狂乱绽放","妖术、植物技","威力：Ｓ（力or魔or器）　対象：敵ランダム4回　効果：毒・睡眠・麻痺
对中毒・睡眠・麻痹状态的敌人有特攻效果的妖术","","","68"
"6129","消化液乱舞","妖術、粘液技","威力：Ｓ（力or魔or器）　対象：敵ランダム4回　属性：快楽　効果：ヌルヌル・消化
ヌルヌル・消化状態の相手に特攻効果を持つ妖術","","","0","0","10","消化液乱舞","妖术、粘液技","威力：Ｓ（力or魔or器）　対象：敵ランダム4回　属性：快楽　効果：ヌルヌル・消化
对黏滑・消化状态的对手有特攻效果的妖术","","","68"
"6130","ゾンビアーツ","妖術、屍技","威力：Ａ（力or魔or器）　対象：敵単体　属性：バイオ　効果：毒・ゾンビ
毒・ゾンビ状態の相手に特攻効果を持つ妖術","","","0","0","7","僵尸技艺","妖术、尸技","威力：Ａ（力or魔or器）　対象：敵単体　属性：バイオ　効果：毒・ゾンビ
对中毒・僵尸状态的敌人有特攻效果的妖术","","","68"
"6131","デッドマンウォーキング","妖術、屍技","威力：Ｓ（力or魔or器）　対象：敵全体　属性：闇・バイオ　効果：毒・ゾンビ・即死
毒・暗闇・ゾンビ状態の相手に特攻効果を持つ妖術","","","0","0","12","死人行走","妖术、尸技","威力：Ｓ（力or魔or器）　対象：敵全体　属性：闇・バイオ　効果：毒・ゾンビ・即死
对中毒・黑暗・僵尸状态的敌人有特攻效果的妖术","","","68"
"6132","闇の霊気","妖術、屍技","威力：Ｂ（力or魔or器）　対象：敵全体　属性：闇　効果：暗闇
暗闇・沈黙状態の相手に特攻効果を持つ妖術","","","0","15","0","暗之灵气","妖术、尸技","威力：Ｂ（力or魔or器）　対象：敵全体　属性：闇　効果：暗闇
对黑暗・沉默状态的对手有特攻效果的妖术","","","68"
"6133","黒の衝撃","妖術、屍技","威力：Ｓ（力or魔or器）　対象：敵単体　属性：闇　効果：能力値ダウン
スロウ・ストップ状態の相手に特攻効果を持つ妖術","","","0","25","0","黑色冲击","妖术、尸技","威力：Ｓ（力or魔or器）　対象：敵単体　属性：闇　効果：能力値ダウン
对减速・停止状态的对手有特攻效果的妖术","","","68"
"6134","みんなのうらみ","妖術、屍技","威力：可変　対象：敵単体
過去に倒されてきた恨みをぶつける妖術","","","0","0","2","大家的怨恨","妖术、尸技","威力：可変　対象：敵単体
将过去被打倒的怨恨投掷出去的妖术","","","68"
"6135","ロケットパンチ","妖術、造技","威力：Ａ（力or魔or器）　対象：敵単体　効果：防御力ダウン
暗闇・防御力低下状態の相手に特攻効果を持つ妖術","","","0","0","7","火箭拳","妖术、造技","威力：Ａ（力or魔or器）　対象：敵単体　効果：防御力ダウン
对黑暗・防御力降低状态的对手有特攻效果的妖术","","","68"
"6136","ロケットヘッドバッド","妖術、造技","威力：Ｓ（力or魔or器）　対象：敵単体　効果：防御力ダウン
スロウ・防御力低下状態の相手に特攻効果を持つ妖術","","","0","0","10","火箭头槌","妖术、造技","威力：Ｓ（力or魔or器）　対象：敵単体　効果：防御力ダウン
减速・防御力降低状态的对手有特攻效果的妖术","","","68"
"6137","アイアンメイデン","妖術、造技","威力：Ａ（力or魔or器）　対象：敵単体　属性：快楽　効果：拘束・恍惚
拘束・恍惚状態の相手に特攻効果を持つ妖術","","","0","0","7","铁处女","妖术、造技","威力：Ａ（力or魔or器）　対象：敵単体　属性：快楽　効果：拘束・恍惚
拘束・恍惚状态的对手有特攻效果的妖术","","","68"
"6138","マインドブラスト","妖術、魔技","威力：Ｓ（力or魔or器）　対象：敵単体　効果：毒・麻痺
麻痺・精神力低下状態の相手に特攻効果を持つ妖術","","","0","0","10","精神冲击","妖术、魔技","威力：Ｓ（力or魔or器）　対象：敵単体　効果：毒・麻痺
麻痹・精神力降低状态的对手有特攻效果的妖术","","","68"
"6139","サニークロス","妖術、聖技","威力：Ａ（力or魔or器）　対象：敵単体　属性：聖
毒・混乱・麻痺状態の相手に特攻効果を持つ妖術","","","0","0","7","阳光十字","妖术、圣技","威力：Ａ（力or魔or器）　対象：敵単体　属性：聖
中毒・混乱・麻痹状态的对手有特攻效果的妖术","","","68"
"6140","光の天秤","妖術、聖技","威力：Ａ（力or魔or器）　対象：敵全体　属性：聖　効果：拘束
毒・暗闇・拘束状態の相手に特攻効果を持つ妖術","","","0","0","8","光之天秤","妖术、圣技","威力：Ａ（力or魔or器）　対象：敵全体　属性：聖　効果：拘束
中毒・黑暗・拘束状态的对手有特攻效果的妖术","","","68"
"6141","虚ろの霧","妖術、闇技","威力：Ａ（力or魔or器）　対象：敵全体　効果：暗闇・沈黙
暗闇・ストップ状態の相手に特攻効果を持つ妖術","","","0","20","0","虚无之雾","妖术、暗技","威力：Ａ（力or魔or器）　対象：敵全体　効果：暗闇・沈黙
黑暗・停止状态的对手有特攻效果的妖术","","","68"
"6142","メビウス","妖術、時魔法","威力：Ｓ（力or魔or器）　対象：敵全体　属性：永劫　効果：ミニマム・ストップ
スロウ・ストップ状態の相手に特攻効果を持つ妖術","","","0","30","0","莫比乌斯","妖术、时魔法","威力：Ｓ（力or魔or器）　対象：敵全体　属性：永劫　効果：ミニマム・ストップ
对减速・停止状态的对手有特攻效果的妖术","","","68"
"6143","レーザーアイ","妖術、造技","威力：Ａ（力or魔or器）　対象：敵単体　属性：雷
フリーズ・ショック状態の相手に特攻効果を持つ妖術","","","0","0","7","激光眼","妖术、造技","威力：Ａ（力or魔or器）　対象：敵単体　属性：雷
冻结・电击状态的对手有特攻效果的妖术","","","68"
"6144","ビーム乱射","妖術、造技","威力：Ｓ（力or魔or器）　対象：敵ランダム4回　属性：雷・水
フリーズ・ショック状態の相手に特攻効果を持つ妖術","","","0","0","10","光束乱射","妖术、造技","威力：Ｓ（力or魔or器）　対象：敵ランダム4回　属性：雷・水
冻结・电击状态的对手有特攻效果的妖术","","","68"
"6145","エッチなこと","妖術、淫技","威力：Ｂ（力or魔or器）　対象：敵単体　属性：快楽　効果：敏感
敏感状態の相手に特攻効果を持つ妖術","","","0","0","5","色色的事情","妖术、淫技","威力：Ｂ（力or魔or器）　対象：敵単体　属性：快楽　効果：敏感
对敏感状态的对手有特攻效果的妖术","","","68"
"6146","ヒップアタック","妖術、格闘","威力：Ｂ（力or魔or器）　対象：敵単体　効果：スタン
混乱・スタン状態の相手に特攻効果を持つ妖術","","","0","0","5","臀部猛击","妖术、格闘","威力：Ｂ（力or魔or器）　対象：敵単体　効果：スタン
对混乱・眩晕状态的对手有特攻效果的妖术","","","68"
"6147","ジャンピングプレス","妖術、格闘","威力：Ｓ（力or魔or器）　対象：敵単体　効果：スタン
ミニマム・スタン状態の相手に特攻効果を持つ妖術","","","0","0","10","跳跃压制","妖术、格闘","威力：Ｓ（力or魔or器）　対象：敵単体　効果：スタン
对缩小・眩晕状态的对手有特攻效果的妖术","","","68"
"6148","スクリューパイルドライバー","妖術、格闘","威力：Ｓ（力or魔or器）　対象：敵単体　効果：スタン
スタン・拘束状態の相手に特攻効果を持つ妖術","","","0","0","10","螺旋钻头驱动","妖术、格闘","威力：Ｓ（力or魔or器）　対象：敵単体　効果：スタン
对眩晕・拘束状态的对手有特攻效果的妖术","","","68"
"6149","サウンド・オブ・デス","妖術、歌う","威力：Ａ（力or魔or器）　対象：敵全体　属性：音波　効果：混乱・即死
沈黙・混乱・睡眠状態の相手に特攻効果を持つ妖術","","","0","0","8","死亡之声","妖术、歌唱","威力：Ａ（力or魔or器）　対象：敵全体　属性：音波　効果：混乱・即死
对沉默・混乱・睡眠状态的对手有特攻效果的妖术","","","68"
"6150","パイパニック","妖術、淫技","威力：Ａ（力or魔or器）　対象：敵ランダム4回　属性：快楽　効果：混乱・敏感
敏感・恍惚状態の相手に特攻効果を持つ妖術","","","0","0","7","乳肉恐慌","妖术、淫技","威力：Ａ（力or魔or器）　対象：敵ランダム4回　属性：快楽　効果：混乱・敏感
对敏感・恍惚状态的对手有特攻效果的妖术","","","68"
"6151","ピーチ・パンケーキ","妖術、淫技","威力：Ｓ（力or魔or器）　対象：敵単体　属性：快楽　効果：敏感・恍惚・誘惑・失禁
敏感・恍惚・誘惑状態の相手に特攻効果を持つ妖術","","","0","0","10","蜜桃松饼","妖术、淫技","威力：Ｓ（力or魔or器）　対象：敵単体　属性：快楽　効果：敏感・恍惚・誘惑・失禁
对敏感・恍惚・诱惑状态的敌人有特攻效果的妖术","","","68"
"6152","？？？？","妖術、闇技","威力：可変　対象：敵単体
使用者の最大HPと現在HPの差分ダメージを相手に与える妖術","","","0","0","2","？？？？","妖术、暗技","威力：可変　対象：敵単体
使用者最大HP与当前HP的差值对对手造成伤害的妖术","","","68"
"6153","ホワイトウィンド","妖術、白魔法","対象：味方全体　効果：HP可変回復
使用者の現在HPと同じ量だけ味方全体のHPを回復する妖術","","","0","2","0","白风","妖术、白魔法","対象：味方全体　効果：HP可変回復
使用者当前HP的量恢复我方全体的HP的妖术","","","68"
"6154","マイティガード","妖術、白魔法","対象：味方全体　効果：物理・魔法ダメージ1/4
味方全体に防御フィールドを展開する妖術","","","0","12","0","强力防御","妖术、白魔法","対象：味方全体　効果：物理・魔法ダメージ1/4
为全体队友展开防御领域的妖术","","","68"
"6155","風祭り","妖術、自然感応","威力：Ｓ（力or魔or器）　対象：敵全体　属性：風
睡眠・素早さ低下状態の相手に特攻効果を持つ妖術","","","0","30","0","风之祭典","妖术、自然感应","威力：Ｓ（力or魔or器）　対象：敵全体　属性：風
对睡眠・敏捷降低状态的对手有特攻效果的妖术","","","68"
"6156","地母神の裁き","妖術、自然感応","威力：Ｓ（力or魔or器）　対象：敵全体　属性：土
麻痺・防御力低下状態の相手に特攻効果を持つ妖術","","","0","30","0","地母神的裁决","妖术、自然感应","威力：Ｓ（力or魔or器）　対象：敵全体　属性：土
对麻痹・防御力降低状态的对手有特攻效果的妖术","","","68"
"6157","深蒼流","妖術、自然感応","威力：Ｓ（力or魔or器）　対象：敵全体　属性：水
暗闇・精神力低下状態の相手に特攻効果を持つ妖術","","","0","30","0","深苍流","妖术、自然感应","威力：Ｓ（力or魔or器）　対象：敵全体　属性：水
对黑暗・精神力降低状态的对手有特攻效果的妖术","","","68"
"6158","アグニの焦炎","妖術、自然感応","威力：Ｓ（力or魔or器）　対象：敵全体　属性：炎
沈黙・攻撃力低下状態の相手に特攻効果を持つ妖術","","","0","30","0","阿耆尼的焦炎","妖术、自然感应","威力：Ｓ（力or魔or器）　対象：敵全体　属性：炎
对沉默・攻击力降低状态的对手有特攻效果的妖术","","","68"
"6159","アンシェントヘブン","妖術、淫技","威力：Ｓ（力or魔or器）　対象：敵全体　属性：快楽　効果：絶頂
恍惚・誘惑・失禁状態の相手に特攻効果を持つ妖術","","","0","0","12","古代天堂","妖术、淫技","威力：Ｓ（力or魔or器）　対象：敵全体　属性：快楽　効果：絶頂
对恍惚・诱惑・失禁状态的对手有特攻效果的妖术","","","68"
"6160","搾精球","妖術、闇技","威力：Ｓ（力or魔or器）　対象：敵ランダム6回　属性：快楽　効果：HP吸収・拘束
暗闇・沈黙・敏感状態の相手に特攻効果を持つ妖術","","","0","0","10","榨精球","妖术、暗技","威力：Ｓ（力or魔or器）　対象：敵ランダム6回　属性：快楽　効果：HP吸収・拘束
对黑暗・沉默・敏感状态的对手有特攻效果的妖术","","","68"
"6161","かんな・そわか","妖術、蛇技","威力：Ｓ（力or魔or器）　対象：敵ランダム8回　効果：毒・暗闇
毒・暗闇・沈黙状態の相手に特攻効果を持つ妖術","","","0","0","10","八蛇击","妖术、蛇技","威力：Ｓ（力or魔or器）　対象：敵ランダム8回　効果：毒・暗闇
对中毒・黑暗・沉默状态的对手有特攻效果的妖术","","","68"
"6162","メフィストフェレス","妖術、黒魔法","威力：Ａ（力or魔or器）　対象：敵全体　属性：バイオ・音波
毒・混乱状態の相手に特攻効果を持つ妖術","","","0","20","0","梅菲斯特菲勒斯","妖术、黑魔法","威力：Ａ（力or魔or器）　対象：敵全体　属性：バイオ・音波
对中毒・混乱状态的对手有特攻效果的妖术","","","68"
"6163","空間溶解","妖術、粘液技","威力：Ｓ（力or魔or器）　対象：敵全体　属性：快楽　効果：ヌルヌル・消化
消化・ヌルヌル・防御力低下状態の相手に特攻効果を持つ妖術","","","0","0","12","空间溶解","妖术、粘液技","威力：Ｓ（力or魔or器）　対象：敵全体　属性：快楽　効果：ヌルヌル・消化
消化・黏滑・防御力降低状态的对手有特攻效果的妖术","","","68"
"6164","ブバスティスの祭列","妖術、獣技","威力：Ｓ（力or魔or器）　対象：敵ランダム6回　効果：暗闇・混乱
暗闇・混乱・スロウ状態の相手に特攻効果を持つ妖術","","","0","0","10","布巴斯提斯的祭列","妖术、獣技","威力：Ｓ（力or魔or器）　対象：敵ランダム6回　効果：暗闇・混乱
黑暗・混乱・减速状态的对手有特攻效果的妖术","","","68"
"6165","天空の蛇神","妖術、蛇技","威力：Ｓ（力or魔or器）　対象：敵全体　属性：風　効果：睡眠・麻痺
麻痺・睡眠・素早さ低下状態の相手に特攻効果を持つ妖術","","","0","0","12","天空的蛇神","妖术、蛇技","威力：Ｓ（力or魔or器）　対象：敵全体　属性：風　効果：睡眠・麻痺
对麻痹・睡眠・敏捷降低状态的对手有特攻效果的妖术","","","68"
"6166","氷炎合乱","妖術、魔技","威力：Ｓ（力or魔or器）　対象：敵全体　属性：炎・氷
バーン・フリーズ・精神力低下状態の相手に特攻効果を持つ妖術","","","0","30","0","冰炎合乱","妖术、魔技","威力：Ｓ（力or魔or器）　対象：敵全体　属性：炎・氷
对燃烧・冻结・精神力降低状态的对手有特攻效果的妖术","","","68"
"6167","斉天大聖孫悟空様の大乱舞","妖術、棍技","威力：ＳＳ（力or魔or器）　対象：敵ランダム6回
暗闇・麻痺・防御力低下状態の相手に特攻効果を持つ妖術","","","0","0","14","齐天大圣孙悟空大人的大乱舞","妖术、棍技","威力：ＳＳ（力or魔or器）　対象：敵ランダム6回
对黑暗・麻痹・防御力降低状态的对手有特攻效果的妖术","","","68"
"6168","口にしてはならない文言","妖術、闇技","威力：Ｓ（力or魔or器）　対象：敵全体　属性：核熱　効果：スロウ・ストップ
バーン・スロウ・ストップ状態の相手に特攻効果を持つ妖術","","","0","30","0","不可言说的禁忌之语","妖术、暗技","威力：Ｓ（力or魔or器）　対象：敵全体　属性：核熱　効果：スロウ・ストップ
对燃烧・减速・停止状态的敌人有特攻效果的妖术","","","68"
"6169","圧壊フルバースト","妖術、造技","威力：ＳＳ（力or魔or器）　対象：敵ランダム6回　属性：ハドロン　効果：スタン
麻痺・スタン・拘束状態の相手に特攻効果を持つ妖術","","","0","0","14","压碎全爆裂","妖术、造技","威力：ＳＳ（力or魔or器）　対象：敵ランダム6回　属性：ハドロン　効果：スタン
麻痹・眩晕・拘束状态的对手有特攻效果的妖术","","","68"
"6170","女王の威圧","妖術、魔技","威力：Ｓ（力or魔or器）　対象：敵全体　属性：闇　効果：スタン・誘惑
暗闇・沈黙・誘惑・スタン状態の相手に特攻効果を持つ妖術","","","0","0","12","女王的威压","妖术、魔技","威力：Ｓ（力or魔or器）　対象：敵全体　属性：闇　効果：スタン・誘惑
对黑暗・沉默・诱惑・眩晕状态的对手有特攻效果的妖术","","","68"
"6171","呑蝕","妖術、魔技","威力：ＳＳ（力or魔or器）　対象：敵単体　属性：快楽・闇　効果：捕食・消化・拘束
暗闇・消化・拘束・恍惚状態の相手に特攻効果を持つ妖術","","","0","0","14","吞噬","妖术、魔技","威力：ＳＳ（力or魔or器）　対象：敵単体　属性：快楽・闇　効果：捕食・消化・拘束
黑暗・消化・拘束・恍惚状态的对手有特攻效果的妖术","","","68"
"6172","セナルアックス","妖術、斧技","威力：Ｂ（力or魔or器）　対象：敵単体　属性：快楽　効果：失禁
敏感・防御力低下状態の相手に特攻効果を持つ妖術","","","0","0","5","塞纳尔战斧","妖术、斧技","威力：Ｂ（力or魔or器）　対象：敵単体　属性：快楽　効果：失禁
敏感・防御力降低状态的对手有特攻效果的妖术","","","68"
"6173","量子パルサー","妖術、時魔法","威力：ＳＳ（力or魔or器）　対象：敵全体　属性：量子
フリーズ・スロウ・ストップ状態の相手に特攻効果を持つ妖術","","","0","0","17","量子脉冲","妖术、时魔法","威力：ＳＳ（力or魔or器）　対象：敵全体　属性：量子
冻结・减速・停止状态的对手有特攻效果的妖术","","","68"
"6174","十次元圧縮","妖術、時魔法","威力：ＳＳ（力or魔or器）　対象：敵全体　属性：イオン
暗闇・沈黙・ショック状態の相手に特攻効果を持つ妖術","","","0","55","0","十次元压缩","妖术、时魔法","威力：ＳＳ（力or魔or器）　対象：敵全体　属性：イオン
黑暗・沉默・电击状态的对手有特攻效果的妖术","","","68"
"6175","バタフライエフェクト","妖術、時魔法","威力：ＳＳＳ（力or魔or器）　対象：敵単体　属性：終焉
能力低下状態の相手に特攻効果を持つ妖術","","","0","60","0","蝴蝶效应","妖术、时魔法","威力：ＳＳＳ（力or魔or器）　対象：敵単体　属性：終焉
对能力降低状态的敌人有特攻效果的妖术","","","68"
"6176","黒のやまびこ","妖術、陰陽術","威力：Ｓ（力or魔or器）　対象：敵全体　属性：闇
周囲の邪気を呼び寄せ、一斉に声を上げさせる陰陽術","","","0","30","0","黑之回声","妖术、阴阳术","威力：Ｓ（力or魔or器）　対象：敵全体　属性：闇
召唤周围的邪气，齐声呼喊的阴阳术","","","68"
"6177","龍呑み大水","妖術、陰陽術","威力：Ｓ（力or魔or器）　対象：敵全体　属性：水
大波を呼びよせ、敵を押し流す陰陽術","","","0","30","0","龙吞大水","妖术、阴阳术","威力：Ｓ（力or魔or器）　対象：敵全体　属性：水
召唤大浪，将敌人冲走的阴阳术","","","68"
"6178","禍ツ鬼火","妖術、陰陽術","威力：Ｓ（力or魔or器）　対象：敵全体　属性：炎
炎の大柱を召喚し、敵を焼き焦がす陰陽術","","","0","30","0","祸之鬼火","妖术、阴阳术","威力：Ｓ（力or魔or器）　対象：敵全体　属性：炎
召唤炎之大柱，将敌人烧焦的阴阳术","","","68"
"6179","黄泉ノ悦楽","妖術、屍技","威力：ＳＳ（力or魔or器）　対象：敵全体　属性：快楽
麻痺・ゾンビ状態の相手に特攻効果を持つ妖術","","","0","0","17","黄泉之悦乐","妖术、尸技","威力：ＳＳ（力or魔or器）　対象：敵全体　属性：快楽
对麻痹・僵尸状态的对手有特攻效果的妖术","","","68"
"6180","天ノ悦","妖術、聖技","威力：ＳＳ（力or魔or器）　対象：敵全体　属性：快楽・聖　効果：恍惚
暗闇・沈黙状態の相手に特攻効果を持つ妖術","","","0","0","17","天之悦","妖术、圣技","威力：ＳＳ（力or魔or器）　対象：敵全体　属性：快楽・聖　効果：恍惚
对黑暗・沉默状态的对手有特攻效果的妖术","","","68"
"6181","エンドオブドリーム","妖術、魔技","威力：ＳＳ（力or魔or器）　対象：敵全体　属性：ナイトメア・闇
睡眠・恍惚状態の相手に特攻効果を持つ妖術","","","0","0","17","梦的终结","妖术、魔技","威力：ＳＳ（力or魔or器）　対象：敵全体　属性：ナイトメア・闇
对睡眠・恍惚状态的敌人有特攻效果的妖术","","","68"
"6182","定義不能悪夢","妖術、闇技","威力：ＳＳ（力or魔or器）　対象：敵ランダム4回　属性：ナイトメア
暗闇・睡眠状態の相手に特攻効果を持つ妖術","","","0","0","14","无法定义的恶梦","妖术、暗技","威力：ＳＳ（力or魔or器）　対象：敵ランダム4回　属性：ナイトメア
对黑暗・睡眠状态的对手有特攻效果的妖术","","","68"
"6183","胡蝶夢天","妖術、闇技","威力：ＳＳＳ（力or魔or器）　対象：敵全体　属性：ナイトメア・聖・闇　効果：夢魔特攻
暗闇・沈黙・睡眠の相手に特攻効果を持つ妖術","","","0","0","21","蝴蝶梦天","妖术、暗技","威力：ＳＳＳ（力or魔or器）　対象：敵全体　属性：ナイトメア・聖・闇　効果：夢魔特攻
对黑暗・沉默・睡眠状态的对手有特攻效果的妖术","","","68"
"6184","褥の悦舞","妖術、踊る","威力：ＳＳＳ（力or魔or器）　対象：敵ランダム4回　属性：快楽　効果：恍惚・誘惑
恍惚・誘惑状態の相手に特攻効果を持つ妖術","","","0","0","18","褥子的悦舞","妖术、踊る","威力：ＳＳＳ（力or魔or器）　対象：敵ランダム4回　属性：快楽　効果：恍惚・誘惑
对恍惚・诱惑状态的对手有特攻效果的妖术","","","68"
"6185","ヘブンズゲート","妖術、聖技","威力：ＳＳ（力or魔or器）　対象：敵単体　属性：快楽・聖　効果：拘束・恍惚
拘束状態の相手に特攻効果を持つ妖術","","","0","20","7","天堂之门","妖术、圣技","威力：ＳＳ（力or魔or器）　対象：敵単体　属性：快楽・聖　効果：拘束・恍惚
对拘束状态的对手有特攻效果的妖术","","","68"
"6186","ペルセポネーの誘い","妖術、造技","威力：Ｓ（力or魔or器）　対象：敵単体　属性：快楽　効果：拘束・恍惚・消化
恍惚状態の相手に特攻効果を持つ妖術","","","0","0","10","珀耳塞福涅的诱惑","妖术、造技","威力：Ｓ（力or魔or器）　対象：敵単体　属性：快楽　効果：拘束・恍惚・消化
对恍惚状态的对手有特攻效果的妖术","","","68"
"6187","魔王殺しの剣","妖術、剣技","威力：ＳＳＳ（力or魔or器）　対象：敵単体　属性：修羅　効果：魔王特攻
魔王に特攻効果を持つ妖術","","","0","0","18","魔王杀之剑","妖术、剑技","威力：ＳＳＳ（力or魔or器）　対象：敵単体　属性：修羅　効果：魔王特攻
对魔王有特攻效果的妖术","","","68"
"6188","プレジャータイム","妖術、時魔法","威力：ＳＳ（力or魔or器）　対象：敵全体　属性：快楽
スロウ・ストップ状態の相手に特攻効果を持つ妖術","","","0","55","0","欢乐时光","妖术、时魔法","威力：ＳＳ（力or魔or器）　対象：敵全体　属性：快楽
对减速・停止状态的对手有特攻效果的妖术","","","68"
"6189","固有空間・触手蝕々","妖術、触手技","威力：ＳＳＳ（力or魔or器）　対象：敵全体　属性：ナイトメア　効果：ヌルヌル
ヌルヌル状態の相手に特攻効果を持つ妖術","","","0","0","21","固有空间・触手蚀蚀","妖术、触手技","威力：ＳＳＳ（力or魔or器）　対象：敵全体　属性：ナイトメア　効果：ヌルヌル
对黏滑状态的敌人有特攻效果的妖术","","","68"
"6190","夢舌転々・沌遁無舌","妖術、魔技","威力：ＳＳＳ（力or魔or器）　対象：敵全体　属性：ナイトメア　効果：ヌルヌル
ヌルヌル状態の相手に特攻効果を持つ妖術","","","0","0","21","梦舌转转・混沌无舌","妖术、魔技","威力：ＳＳＳ（力or魔or器）　対象：敵全体　属性：ナイトメア　効果：ヌルヌル
对黏滑状态的敌人有特攻效果的妖术","","","68"
"6191","死者のブレス","妖術、ブレス","威力：ＳＳ（力or魔or器）　対象：敵全体　属性：バイオ　効果：麻痺・ゾンビ
ゾンビ状態の相手に特攻効果を持つ妖術","","","0","0","17","死者之吐息","妖术、吐息","威力：ＳＳ（力or魔or器）　対象：敵全体　属性：バイオ　効果：麻痺・ゾンビ
对僵尸状态的敌人有特攻效果的妖术","","","68"
"6192","メテオストライク","妖術、格闘","威力：ＳＳ（力or魔or器）　対象：敵単体　効果：スタン
スタン状態の相手に特攻効果を持つ妖術","","","0","0","14","陨石冲击","妖术、格闘","威力：ＳＳ（力or魔or器）　対象：敵単体　効果：スタン
眩晕状态的对手有特攻效果的妖术","","","68"
"6193","アンナ・カレーニナ","妖術、格闘","威力：ＳＳ（力or魔or器）　対象：敵全体　属性：スタン
スタン状態の相手に特攻効果を持つ妖術","","","0","0","17","安娜・卡列妮娜","妖术、格闘","威力：ＳＳ（力or魔or器）　対象：敵全体　属性：スタン
眩晕状态的对手有特攻效果的妖术","","","68"
"6194","スライムボム","妖術、粘液技","威力：Ｓ（力or魔or器）　対象：敵全体　属性：炎　効果：バーン
ヌルヌル状態の相手に特攻効果を持つ妖術","","","0","0","12","史莱姆炸弹","妖术、粘液技","威力：Ｓ（力or魔or器）　対象：敵全体　属性：炎　効果：バーン
对黏滑状态的敌人有特攻效果的妖术","","","68"
"6195","南極の風","妖術、海技","威力：ＳＳ（力or魔or器）　対象：敵全体　属性：氷・風　効果：フリーズ
フリーズ状態の相手に特攻効果を持つ妖術","","","0","0","17","南极之风","妖术、海技","威力：ＳＳ（力or魔or器）　対象：敵全体　属性：氷・風　効果：フリーズ
对处于冻结状态的对手有特效的妖术","","","68"
"6196","搾精剣ワームドレイ","妖術、剣技","威力：ＳＳ（力or魔or器）　対象：敵ランダム4回　属性：快楽
スタン状態の相手に特攻効果を持つ妖術","","","0","0","14","榨精剑吸虫","妖术、剑技","威力：ＳＳ（力or魔or器）　対象：敵ランダム4回　属性：快楽
眩晕状态的对手有特攻效果的妖术","","","68"
"6197","愛撫ドローン一斉射出","妖術、造技","威力：Ｓ（力or魔or器）　対象：敵ランダム4回　属性：快楽
麻痺・ショック状態の相手に特攻効果を持つ妖術","","","0","0","10","爱抚无人机齐射","妖术、造技","威力：Ｓ（力or魔or器）　対象：敵ランダム4回　属性：快楽
对麻痹・电击状态的对手有特攻效果的妖术","","","68"
"6198","エンジェルクッキング","妖術、料理","対象：味方全体　効果：HP大回復・全能力アップ
体力が回復する上に強化される料理を振る舞う妖術","","","0","40","10","天使烹饪","妖术、料理","対象：味方全体　効果：HP大回復・全能力アップ
恢复体力并强化的料理妖术","","","68"
"6199","炎ガードキル","妖術、サイコ","対象：敵全体　効果：炎耐性無効
敵全体の炎耐性を無効化させる妖術","","","0","15","0","炎防御破坏","妖术、念动","対象：敵全体　効果：炎耐性無効
使全体敌人的炎耐性无效化的妖术","","","68"
"6200","氷ガードキル","妖術、サイコ","対象：敵全体　効果：氷耐性無効
敵全体の氷耐性を無効化させる妖術","","","0","15","0","冰防御破坏","妖术、念动","対象：敵全体　効果：氷耐性無効
使全体敌人的冰耐性无效化的妖术","","","68"
"6201","雷ガードキル","妖術、サイコ","対象：敵全体　効果：雷耐性無効
敵全体の雷耐性を無効化させる妖術","","","0","15","0","雷防御破坏","妖术、念动","対象：敵全体　効果：雷耐性無効
使全体敌人的雷耐性无效化的妖术","","","68"
"6202","風ガードキル","妖術、サイコ","対象：敵全体　効果：風耐性無効
敵全体の風耐性を無効化させる妖術","","","0","15","0","风防御破坏","妖术、念动","対象：敵全体　効果：風耐性無効
使全体敌人的风耐性无效化的妖术","","","68"
"6203","土ガードキル","妖術、サイコ","対象：敵全体　効果：土耐性無効
敵全体の土耐性を無効化させる妖術","","","0","15","0","土防御破坏","妖术、念动","対象：敵全体　効果：土耐性無効
使全体敌人的土耐性无效化的妖术","","","68"
"6204","水ガードキル","妖術、サイコ","対象：敵全体　効果：水耐性無効
敵全体の水耐性を無効化させる妖術","","","0","15","0","水防御破坏","妖术、念动","対象：敵全体　効果：水耐性無効
使全体敌人的水耐性无效化的妖术","","","68"
"6205","聖ガードキル","妖術、サイコ","対象：敵全体　効果：聖耐性無効
敵全体の聖耐性を無効化させる妖術","","","0","15","0","圣防御破坏","妖术、念动","対象：敵全体　効果：聖耐性無効
使全体敌人的圣耐性无效化的妖术","","","68"
"6206","闇ガードキル","妖術、サイコ","対象：敵全体　効果：闇耐性無効
敵全体の闇耐性を無効化させる妖術","","","0","15","0","暗防御破坏","妖术、念动","対象：敵全体　効果：闇耐性無効
使全体敌人的暗耐性无效化的妖术","","","68"
"6207","音波ガードキル","妖術、サイコ","対象：敵全体　効果：音波耐性無効
敵全体の音波耐性を無効化させる妖術","","","0","15","0","音波防御破坏","妖术、念动","対象：敵全体　効果：音波耐性無効
使全体敌人的音波耐性无效化的妖术","","","68"
"6208","バイオガードキル","妖術、サイコ","対象：敵全体　効果：バイオ耐性無効
敵全体のバイオ耐性を無効化させる妖術","","","0","15","0","生化防御破坏","妖术、念动","対象：敵全体　効果：バイオ耐性無効
使全体敌人的生化耐性无效化的妖术","","","68"
"6209","結晶世界","妖術、特技","威力：ＳＳ（力or魔or器）　対象：敵全体3回　属性：量子　効果：石化
スタン状態の相手に特攻効果を持つ妖術","","","0","0","17","结晶世界","妖术、特技","威力：ＳＳ（力or魔or器）　対象：敵全体3回　属性：量子　効果：石化
眩晕状态的对手有特攻效果的妖术","","","68"
"6210","ナルカミ","妖術、海技","威力：ＳＳＳ（力or魔or器）　対象：敵全体　属性：イオン
ショック・闇穢状態の相手に特攻効果を持つ妖術","","","0","0","21","娜尔卡米","妖术、海技","威力：ＳＳＳ（力or魔or器）　対象：敵全体　属性：イオン
对电击・暗秽状态的对手有特攻效果的妖术","","","68"
"6211","覆滅聖雷","妖術、聖技","威力：ＳＳＳ（力or魔or器）　対象：敵全体　属性：イオン・永劫　効果：昇天
聖痕状態の相手に特攻効果を持つ妖術","","","0","40","10","覆灭圣雷","妖术、圣技","威力：ＳＳＳ（力or魔or器）　対象：敵全体　属性：イオン・永劫　効果：昇天
对圣痕状态的对手有特攻效果的妖术","","","68"
"6212","天地雷鳴","妖術、自然感応","威力：ＳＳＳ（力or魔or器）　対象：敵全体　属性：イオン
バーン・フリーズ・ショック状態の相手に特攻効果を持つ妖術","","","0","0","21","天地雷鸣","妖术、自然感应","威力：ＳＳＳ（力or魔or器）　対象：敵全体　属性：イオン
对处于燃烧・冻结・电击状态的敌人有特攻效果的妖术","","","68"
"6213","テイルナイトメア","妖術","威力：ＳＳＳ（力or魔or器）　対象：敵単体　属性：ナイトメア　効果：消化・恍惚・捕食
尻尾で消化・恍惚状態の相手を丸呑みにする妖術","","","0","0","18","梦魇骑士","妖术","威力：ＳＳＳ（力or魔or器）　対象：敵単体　属性：ナイトメア　効果：消化・恍惚・捕食
用尾巴将处于消化・恍惚状态的敌人整个吞下的妖术","","","68"
"6214","夢々想","妖術、カオス","威力：ＺＺ（力or魔or器）　対象：敵全体3回　属性：ナイトメア　効果：恍惚・絶頂
聖痕・闇穢状態の相手に特攻効果を持つ妖術","","","0","0","50","梦幻想","妖术、カオス","威力：ＺＺ（力or魔or器）　対象：敵全体3回　属性：ナイトメア　効果：恍惚・絶頂
对处于圣痕・暗秽状态的敌人有特攻效果的妖术","","","68"
"6215","銀河の魔眼","妖術、魔技","威力：Ｚ（力or魔or器）　対象：敵全体　属性：銀河
聖痕・闇穢状態の相手に特攻効果を持つ妖術","","","0","180","0","银河的魔眼","妖术、魔技","威力：Ｚ（力or魔or器）　対象：敵全体　属性：銀河
对处于圣痕・暗秽状态的敌人有特攻效果的妖术","","","68"
"6216","圧壊の魔眼","妖術、魔技","威力：Ｚ（力or魔or器）　対象：敵全体　属性：重力
スロウ・ストップ状態の相手に特攻効果を持つ妖術","","","0","180","0","压碎的魔眼","妖术、魔技","威力：Ｚ（力or魔or器）　対象：敵全体　属性：重力
对减速・停止状态的对手有特攻效果的妖术","","","68"
"6217","激情の魔眼","妖術、魔技","対象：味方全体　効果：全能力アップ・力溜め
味方全体の闘志を高め、大幅に強化する妖術","","","0","180","0","激情的魔眼","妖术、魔技","対象：味方全体　効果：全能力アップ・力溜め
提升我方全体的斗志，大幅强化妖术","","","68"
"6218","聖白狐扇","妖術、扇技","威力：ＺＺ（力or魔or器）　対象：敵単体5回　属性：テラ・永劫　効果：混乱・睡眠・麻痺
混乱・睡眠・麻痺状態の相手に特攻効果を持つ妖術","","","0","0","40","圣白狐扇","妖术、扇技","威力：ＺＺ（力or魔or器）　対象：敵単体5回　属性：テラ・永劫　効果：混乱・睡眠・麻痺
对混乱・睡眠・麻痹状态的对手有特攻效果的妖术","","","68"
"6219","神聖なる魔眼","妖術、魔技","威力：Ｚ（力or魔or器）　対象：敵全体　属性：永劫　効果：昇天
ショック・聖痕状態の相手に特攻効果を持つ妖術","","","0","180","0","神圣魔眼","妖术、魔技","威力：Ｚ（力or魔or器）　対象：敵全体　属性：永劫　効果：昇天
对电击・圣痕状态的对手有特攻效果的妖术","","","68"
"6220","灰燼咆吼","妖術、獣技","威力：ＺＺ（力or魔or器）　対象：敵全体　属性：核熱・音波　効果：バーン・スタン
スタン・バーン状態の相手に特攻効果を持つ妖術","","","0","0","50","灰烬咆哮","妖术、獣技","威力：ＺＺ（力or魔or器）　対象：敵全体　属性：核熱・音波　効果：バーン・スタン
对眩晕・燃烧状态的对手有特攻效果的妖术","","","68"
"6221","ほうちょう","妖術、料理","威力：５Ｚ（力or魔or器）　対象：敵単体　属性：修羅・終焉　効果：即死
全状態異常の相手に特攻効果を持つ妖術で、包丁装備時威力アップ","","","0","0","70","菜刀","妖术、料理","威力：５Ｚ（力or魔or器）　対象：敵単体　属性：修羅・終焉　効果：即死
全状態異常の相手に特攻効果を持つ妖術で、包丁装備時威力アップ","","","68"
"6222","アトミックブレイズ","妖術、カオス","威力：Ｚ（力or魔or器）　対象：敵全体　属性：核熱　効果：バーン
バーン状態の相手に特攻効果を持つ妖術","","","0","0","40","原子烈焰","妖术、カオス","威力：Ｚ（力or魔or器）　対象：敵全体　属性：核熱　効果：バーン
对处于燃烧状态的对手有特效的妖术","","","68"
"6223","クリスタルレイ","妖術、カオス","威力：Ｚ（力or魔or器）　対象：敵全体3回　属性：量子　効果：フリーズ
フリーズ状態の相手に特攻効果を持つ妖術","","","0","0","40","水晶之光","妖术、カオス","威力：Ｚ（力or魔or器）　対象：敵全体3回　属性：量子　効果：フリーズ
对处于冻结状态的对手有特效的妖术","","","68"
"6224","マガツナルカミ","妖術、カオス","威力：Ｚ（力or魔or器）　対象：敵全体　属性：イオン　効果：ショック
ショック状態の相手に特攻効果を持つ妖術","","","0","0","40","祸津神","妖术、カオス","威力：Ｚ（力or魔or器）　対象：敵全体　属性：イオン　効果：ショック
对处于电击状态的对手有特效的妖术","","","68"
"6225","ハドロンナハト","妖術、カオス","威力：Ｚ（力or魔or器）　対象：敵全体　属性：ハドロン　効果：敏感・恍惚
快楽状態異常の相手に特攻効果を持つ妖術","","","0","0","40","强子・纳哈特","妖术、カオス","威力：Ｚ（力or魔or器）　対象：敵全体　属性：ハドロン　効果：敏感・恍惚
对快乐状态异常的对手有特攻效果的妖术","","","68"
"6226","テラ・ノヴァ","妖術、カオス","威力：Ｚ（力or魔or器）　対象：敵全体　属性：テラ　効果：麻痺・スタン
麻痺・スタン状態の相手に特攻効果を持つ妖術","","","0","0","40","大地・诺瓦","妖术、カオス","威力：Ｚ（力or魔or器）　対象：敵全体　属性：テラ　効果：麻痺・スタン
麻痺・スタン状态的对手有特攻效果的妖术","","","68"
"6227","ナノバース","妖術、カオス","威力：Ｚ（力or魔or器）　対象：敵全体　属性：ナノ　効果：混乱・睡眠・誘惑
混乱・睡眠・誘惑状態の相手に特攻効果を持つ妖術","","","0","0","40","纳米巴斯","妖术、カオス","威力：Ｚ（力or魔or器）　対象：敵全体　属性：ナノ　効果：混乱・睡眠・誘惑
混乱・睡眠・诱惑状态的对手有特攻效果的妖术","","","68"
"6228","メビウスロンド","妖術、カオス","威力：ＺＺ（力or魔or器）　対象：敵全体　属性：永劫　効果：ショック・聖痕
ショック・聖痕状態の相手に特攻効果を持つ妖術","","","0","0","50","梅比乌斯・隆多","妖术、カオス","威力：ＺＺ（力or魔or器）　対象：敵全体　属性：永劫　効果：ショック・聖痕
对电击・圣痕状态的对手有特攻效果的妖术","","","68"
"6229","メギドオンメギド","妖術、カオス","威力：ＺＺ（力or魔or器）　対象：敵全体　属性：終焉　効果：バーン・闇穢
バーン・闇穢状態の相手に特攻効果を持つ妖術","","","0","0","50","末日终焉","妖术、カオス","威力：ＺＺ（力or魔or器）　対象：敵全体　属性：終焉　効果：バーン・闇穢
燃烧・暗秽状态的对手有特攻效果的妖术","","","68"
"6230","ゲノムジェネシス","妖術、造技","威力：Ｚ（力or魔or器）　対象：敵全体　属性：バイオ　効果：毒・消化・ゾンビ
毒・消化・ゾンビ状態の相手に特攻効果を持つ妖術","","","0","0","40","基因创世","妖术、造技","威力：Ｚ（力or魔or器）　対象：敵全体　属性：バイオ　効果：毒・消化・ゾンビ
中毒・消化・僵尸状态的对手有特攻效果的妖术","","","68"
"6231","ポジトロンウェイブ","妖術、造技","威力：Ｚ（力or魔or器）　対象：敵全体　属性：音波　効果：沈黙・混乱・麻痺
沈黙・混乱・麻痺状態の相手に特攻効果を持つ妖術","","","0","0","40","正电子波","妖术、造技","威力：Ｚ（力or魔or器）　対象：敵全体　属性：音波　効果：沈黙・混乱・麻痺
沉默・混乱・麻痹状态的对手具有特攻效果的妖术","","","68"
"6232","崩壊重力波","妖術、造技","威力：Ｚ（力or魔or器）　対象：敵全体　属性：重力　効果：スロウ・ストップ
スロウ・ストップ状態の相手に特攻効果を持つ妖術","","","0","0","40","崩坏重力波","妖术、造技","威力：Ｚ（力or魔or器）　対象：敵全体　属性：重力　効果：スロウ・ストップ
对减速・停止状态的对手有特攻效果的妖术","","","68"
"6233","コズミックオメガ","妖術、カオス","威力：ＺＺ（力or魔or器）　対象：敵全体　属性：銀河　効果：聖痕・闇穢
聖痕・闇穢状態の相手に特攻効果を持つ妖術","","","0","0","50","宇宙欧米伽","妖术、カオス","威力：ＺＺ（力or魔or器）　対象：敵全体　属性：銀河　効果：聖痕・闇穢
对处于圣痕・暗秽状态的敌人有特攻效果的妖术","","","68"
"6234","謳夢","妖術、カオス","対象：自分自身　効果：全攻撃ナイトメア属性付加","","","0","55","0","歌梦","妖术、カオス","対象：自分自身　効果：全攻撃ナイトメア属性付加","","","68"
"6235","ジハード","妖術、カオス","威力：ＺＺＺ（力or魔or器）　対象：敵全体　属性：永劫・終焉・銀河
スロウ・ストップ・聖痕・闇穢状態の相手に特攻効果を持つ妖術","","","18%当前HP","120","20","圣战","妖术、カオス","威力：ＺＺＺ（力or魔or器）　対象：敵全体　属性：永劫・終焉・銀河
对处于减速・停止・圣痕・暗秽状态的敌人有特攻效果的妖术","","","68"
"6236","You shall be as gods","妖術、カオス","威力：５Ｚ（力or魔or器）　対象：敵全体　属性：永劫・終焉・銀河
天使・神に対して特攻効果を持つ妖術","","","21%当前HP","200","35","You shall be as gods","妖术、カオス","威力：５Ｚ（力or魔or器）　対象：敵全体　属性：永劫・終焉・銀河
对天使・神有特攻效果的妖术","","","68"
"6237","零に至る無限","妖術、カオス","威力：■（力or魔or器）　対象：敵全体8回　属性：ヌル
聖痕・闇穢状態の相手に特攻効果を持つ妖術","","","26%当前HP","500","100","无限归零","妖术、カオス","威力：■（力or魔or器）　対象：敵全体8回　属性：ヌル
对处于圣痕・暗秽状态的敌人有特攻效果的妖术","","","68"
"6238","エクスタスパルサー","妖術、造技","威力：ＺＺ（力or魔or器）　対象：敵全体　属性：ナイトメア　効果：敏感・恍惚・絶頂
敏感・恍惚状態の相手に特攻効果を持つ妖術","","","0","0","50","绝顶脉冲","妖术、造技","威力：ＺＺ（力or魔or器）　対象：敵全体　属性：ナイトメア　効果：敏感・恍惚・絶頂
对敏感・恍惚状态的对手有特攻效果的妖术","","","68"
"8601","ランダム：属性ルーレット","オラクル","防具7222","","","0","0","0","ランダム：属性ルーレット","神谕","防具7222","","","36"
"8602","ランダム：属性ルーレット","オラクル","防具7222","","","0","0","0","ランダム：属性ルーレット","神谕","防具7222","","","36"
"8603","ランダム：属性ルーレット","オラクル","防具7222","","","0","0","0","ランダム：属性ルーレット","神谕","防具7222","","","36"
"8604","ランダム：属性ルーレット","オラクル","防具7222","","","0","0","0","ランダム：属性ルーレット","神谕","防具7222","","","36"
"8605","ランダム：属性ルーレット","オラクル","防具7222","","","0","0","0","ランダム：属性ルーレット","神谕","防具7222","","","36"
"8606","ランダム：属性ルーレット","オラクル","防具7222","","","0","0","0","ランダム：属性ルーレット","神谕","防具7222","","","36"
"8607","ランダム：属性ルーレット","オラクル","防具7222","","","0","0","0","ランダム：属性ルーレット","神谕","防具7222","","","36"
"8608","ランダム：属性ルーレット","オラクル","防具7222","","","0","0","0","ランダム：属性ルーレット","神谕","防具7222","","","36"
"8609","ランダム：スキル技ルーレット","オラクル","防具7223","","","0","0","0","ランダム：スキル技ルーレット","神谕","防具7223","","","36"
"8610","ランダム：スキル技ルーレット","オラクル","防具7064","","","0","0","0","ランダム：スキル技ルーレット","神谕","防具7064","","","36"
"8611","ランダム：スキル技ルーレット","オラクル","防具7064","","","0","0","0","ランダム：スキル技ルーレット","神谕","防具7064","","","36"
"8612","ランダム：スキル技ルーレット","オラクル","防具7064","","","0","0","0","ランダム：スキル技ルーレット","神谕","防具7064","","","36"
"8613","ランダム：スキル技ルーレット","オラクル","防具7064","","","0","0","0","ランダム：スキル技ルーレット","神谕","防具7064","","","36"
"8614","ランダム：スキル技ルーレット","オラクル","防具7064","","","0","0","0","ランダム：スキル技ルーレット","神谕","防具7064","","","36"
"8615","ランダム：スキル技ルーレット","オラクル","防具7064","","","0","0","0","ランダム：スキル技ルーレット","神谕","防具7064","","","36"
"8616","ランダム：スキル技ルーレット","オラクル","防具7064","","","0","0","0","ランダム：スキル技ルーレット","神谕","防具7064","","","36"
"8617","ランダム：スキル技ルーレット","オラクル","防具7064","","","0","0","0","ランダム：スキル技ルーレット","神谕","防具7064","","","36"
"8618","ランダム：スキル技ルーレット","オラクル","防具7064","","","0","0","0","ランダム：スキル技ルーレット","神谕","防具7064","","","36"
"8619","ランダム：スキル技ルーレット","オラクル","防具7064","","","0","0","0","ランダム：スキル技ルーレット","神谕","防具7064","","","36"
"8620","ランダム：スキル技ルーレット","オラクル","防具7064","","","0","0","0","ランダム：スキル技ルーレット","神谕","防具7064","","","36"
"8621","ランダム：スキル技ルーレット","オラクル","防具7064","","","0","0","0","ランダム：スキル技ルーレット","神谕","防具7064","","","36"
"8622","ランダム：スキル技ルーレット","オラクル","防具7064","","","0","0","0","ランダム：スキル技ルーレット","神谕","防具7064","","","36"
"8623","ランダム：スキル技ルーレット","オラクル","防具7064","","","0","0","0","ランダム：スキル技ルーレット","神谕","防具7064","","","36"
"8624","ランダム：スキル技ルーレット","オラクル","防具7064","","","0","0","0","ランダム：スキル技ルーレット","神谕","防具7064","","","36"
"8625","ランダム：スキル技ルーレット","オラクル","防具7064","","","0","0","0","ランダム：スキル技ルーレット","神谕","防具7064","","","36"
"8626","ランダム：スキル技ルーレット","オラクル","防具7064","","","0","0","0","ランダム：スキル技ルーレット","神谕","防具7064","","","36"
"8627","ランダム：スキル技ルーレット","オラクル","防具7064","","","0","0","0","ランダム：スキル技ルーレット","神谕","防具7064","","","36"
"8628","ランダム：スキル技ルーレット","オラクル","防具7064","","","0","0","0","ランダム：スキル技ルーレット","神谕","防具7064","","","36"
"8629","ランダム：スキル技ルーレット","オラクル","防具7064","","","0","0","0","ランダム：スキル技ルーレット","神谕","防具7064","","","36"
"8630","ランダム：スキル技ルーレット","オラクル","防具7064","","","0","0","0","ランダム：スキル技ルーレット","神谕","防具7064","","","36"
"8631","ランダム：スキル技ルーレット","オラクル","防具7064","","","0","0","0","ランダム：スキル技ルーレット","神谕","防具7064","","","36"
"8632","ランダム：スキル技ルーレット","オラクル","防具7064","","","0","0","0","ランダム：スキル技ルーレット","神谕","防具7064","","","36"
"8633","ランダム：スキル技ルーレット","オラクル","防具7064","","","0","0","0","ランダム：スキル技ルーレット","神谕","防具7064","","","36"
"8634","ランダム：スキル技ルーレット","オラクル","防具7064","","","0","0","0","ランダム：スキル技ルーレット","神谕","防具7064","","","36"
"8635","ランダム：スキル技ルーレット","オラクル","防具7064","","","0","0","0","ランダム：スキル技ルーレット","神谕","防具7064","","","36"
"8636","ランダム：スキル技ルーレット","オラクル","防具7064","","","0","0","0","ランダム：スキル技ルーレット","神谕","防具7064","","","36"
"8637","ランダム：スキル技ルーレット","オラクル","防具7064","","","0","0","0","ランダム：スキル技ルーレット","神谕","防具7064","","","36"
"8638","ランダム：スキル技ルーレット","オラクル","防具7064","","","0","0","0","ランダム：スキル技ルーレット","神谕","防具7064","","","36"
"8639","ランダム：スキル技ルーレット","オラクル","防具7064","","","0","0","0","ランダム：スキル技ルーレット","神谕","防具7064","","","36"
"8640","ランダム：スキル技ルーレット","オラクル","防具7064","","","0","0","0","ランダム：スキル技ルーレット","神谕","防具7064","","","36"
"8641","ランダム：スキル技ルーレット","オラクル","防具7064","","","0","0","0","ランダム：スキル技ルーレット","神谕","防具7064","","","36"
"8642","ランダム：スキル技ルーレット","オラクル","防具7064","","","0","0","0","ランダム：スキル技ルーレット","神谕","防具7064","","","36"
"8643","ランダム：スキル技ルーレット","オラクル","防具7064","","","0","0","0","ランダム：スキル技ルーレット","神谕","防具7064","","","36"
"8644","ランダム：スキル技ルーレット","オラクル","防具7064","","","0","0","0","ランダム：スキル技ルーレット","神谕","防具7064","","","36"
"8645","ランダム：スキル技ルーレット","オラクル","防具7064","","","0","0","0","ランダム：スキル技ルーレット","神谕","防具7064","","","36"
"8646","ランダム：スキル技ルーレット","オラクル","防具7064","","","0","0","0","ランダム：スキル技ルーレット","神谕","防具7064","","","36"
"8647","ランダム：スキル技ルーレット","オラクル","防具7064","","","0","0","0","ランダム：スキル技ルーレット","神谕","防具7064","","","36"
"8648","ランダム：スキル技ルーレット","オラクル","防具7064","","","0","0","0","ランダム：スキル技ルーレット","神谕","防具7064","","","36"
"8649","ランダム：スキル技ルーレット","オラクル","防具7064","","","0","0","0","ランダム：スキル技ルーレット","神谕","防具7064","","","36"
"8650","ランダム：スキル技ルーレット","オラクル","防具7064","","","0","0","0","ランダム：スキル技ルーレット","神谕","防具7064","","","36"
"8651","ランダム：スキル技ルーレット","オラクル","防具7064","","","0","0","0","ランダム：スキル技ルーレット","神谕","防具7064","","","36"
"8652","ランダム：スキル技ルーレット","オラクル","防具7064","","","0","0","0","ランダム：スキル技ルーレット","神谕","防具7064","","","36"
"8653","ランダム：スキル技ルーレット","オラクル","防具7064","","","0","0","0","ランダム：スキル技ルーレット","神谕","防具7064","","","36"
"8654","ランダム：スキル技ルーレット","オラクル","防具7064","","","0","0","0","ランダム：スキル技ルーレット","神谕","防具7064","","","36"
"8655","ランダム：スキル技ルーレット","オラクル","防具7064","","","0","0","0","ランダム：スキル技ルーレット","神谕","防具7064","","","36"
"8656","ランダム：スキル技ルーレット","オラクル","防具7064","","","0","0","0","ランダム：スキル技ルーレット","神谕","防具7064","","","36"
"8657","ランダム：スキル技ルーレット","オラクル","防具7064","","","0","0","0","ランダム：スキル技ルーレット","神谕","防具7064","","","36"
"8658","ランダム：スキル技ルーレット","オラクル","防具7064","","","0","0","0","ランダム：スキル技ルーレット","神谕","防具7064","","","36"
"8659","ランダム：スキル技ルーレット","オラクル","防具7064","","","0","0","0","ランダム：スキル技ルーレット","神谕","防具7064","","","36"
"8660","ランダム：スキル技ルーレット","オラクル","防具7064","","","0","0","0","ランダム：スキル技ルーレット","神谕","防具7064","","","36"
"8661","ランダム：スキル技ルーレット","オラクル","防具7064","","","0","0","0","ランダム：スキル技ルーレット","神谕","防具7064","","","36"
"8662","ランダム：シャッフルスキル","未分类技能","スキル8797","","","0","0","0","ランダム：シャッフルスキル","未分类技能","スキル8797","","","0"
"8663","ランダム：シャッフルスキル","未分类技能","スキル3475","","","0","0","0","ランダム：シャッフルスキル","未分类技能","スキル3475","","","0"
"8664","ランダム：シャッフルスキル","未分类技能","スキル3475","","","0","0","0","ランダム：シャッフルスキル","未分类技能","スキル3475","","","0"
"8665","ランダム：シャッフルスキル","未分类技能","スキル3475","","","0","0","0","ランダム：シャッフルスキル","未分类技能","スキル3475","","","0"
"8666","ランダム：シャッフルスキル","未分类技能","スキル3475","","","0","0","0","ランダム：シャッフルスキル","未分类技能","スキル3475","","","0"
"8667","ランダム：シャッフルスキル","未分类技能","スキル3475","","","0","0","0","ランダム：シャッフルスキル","未分类技能","スキル3475","","","0"
"8668","ランダム：シャッフルスキル","未分类技能","スキル3475","","","0","0","0","ランダム：シャッフルスキル","未分类技能","スキル3475","","","0"
"8669","ランダム：シャッフルスキル","未分类技能","スキル3475","","","0","0","0","ランダム：シャッフルスキル","未分类技能","スキル3475","","","0"
"8670","ランダム：シャッフルスキル","未分类技能","スキル3475","","","0","0","0","ランダム：シャッフルスキル","未分类技能","スキル3475","","","0"
"8671","ランダム：シャッフルスキル","未分类技能","スキル3475","","","0","0","0","ランダム：シャッフルスキル","未分类技能","スキル3475","","","0"
"8672","ランダム：シャッフルスキル","未分类技能","スキル3475","","","0","0","0","ランダム：シャッフルスキル","未分类技能","スキル3475","","","0"
"8673","ランダム：シャッフルスキル","未分类技能","スキル3475","","","0","0","0","ランダム：シャッフルスキル","未分类技能","スキル3475","","","0"
"8674","ランダム：シャッフルスキル","未分类技能","スキル3475","","","0","0","0","ランダム：シャッフルスキル","未分类技能","スキル3475","","","0"
"8675","ランダム：炎弱点","マキナ","スキル2252","","","0","0","3","ランダム：炎弱点","器械","スキル2252","","","43"
"8676","ランダム：氷弱点","マキナ","スキル2252","","","0","0","3","ランダム：氷弱点","器械","スキル2252","","","43"
"8677","ランダム：雷弱点","マキナ","スキル2252","","","0","0","3","ランダム：雷弱点","器械","スキル2252","","","43"
"8678","ランダム：風弱点","マキナ","スキル2252","","","0","0","3","ランダム：風弱点","器械","スキル2252","","","43"
"8679","ランダム：土弱点","マキナ","スキル2252","","","0","0","3","ランダム：土弱点","器械","スキル2252","","","43"
"8680","ランダム：水弱点","マキナ","スキル2252","","","0","0","3","ランダム：水弱点","器械","スキル2252","","","43"
"8681","ランダム：聖弱点","マキナ","スキル2252","","","0","0","3","ランダム：聖弱点","器械","スキル2252","","","43"
"8682","ランダム：闇弱点","マキナ","スキル2252","","","0","0","3","ランダム：闇弱点","器械","スキル2252","","","43"
"8683","ランダム：シャッフルスキル","未分类技能","スキル3475","","","0","0","0","ランダム：シャッフルスキル","未分类技能","スキル3475","","","0"
"8684","召喚：スライム娘","召喚","スキル1252","","","0","0","0","召喚：スライム娘","召唤","スキル1252","","","25"
"8685","召喚：インプ","召喚","スキル1252","","","0","0","0","召喚：インプ","召唤","スキル1252","","","25"
"8686","召喚：マンドラゴラ娘","召喚","スキル1252","","","0","0","0","召喚：マンドラゴラ娘","召唤","スキル1252","","","25"
"8687","召喚：ゴブリン娘","召喚","スキル1252","","","0","0","0","召喚：ゴブリン娘","召唤","スキル1252","","","25"
"8688","召喚：スキュラ","召喚","スキル1252","","","0","0","0","召喚：スキュラ","召唤","スキル1252","","","25"
"8689","召喚：ラミア","召喚","スキル1252","","","0","0","0","召喚：ラミア","召唤","スキル1252","","","25"
"8690","召喚：羊娘","召喚","スキル1252","","","0","0","0","召喚：羊娘","召唤","スキル1252","","","25"
"8691","召喚：ハーピー","召喚","スキル1252","","","0","0","0","召喚：ハーピー","召唤","スキル1252","","","25"
"8692","召喚：銀狐二尾","召喚","スキル1252","","","0","0","0","召喚：銀狐二尾","召唤","スキル1252","","","25"
"8693","召喚：ミミック娘","召喚","スキル1252","","","0","0","0","召喚：ミミック娘","召唤","スキル1252","","","25"
"8694","召喚：カニ娘","召喚","スキル1252","","","0","0","0","召喚：カニ娘","召唤","スキル1252","","","25"
"8695","召喚：ゴースト","召喚","スキル1252","","","0","0","0","召喚：ゴースト","召唤","スキル1252","","","25"
"8696","召喚：ミノタウロス娘","召喚","スキル1252","","","0","0","0","召喚：ミノタウロス娘","召唤","スキル1252","","","25"
"8697","召喚：ケンタウロス娘","召喚","スキル1252","","","0","0","0","召喚：ケンタウロス娘","召唤","スキル1252","","","25"
"8698","召喚：アルラウネ","召喚","スキル1252","","","0","0","0","召喚：アルラウネ","召唤","スキル1252","","","25"
"8699","召喚：ねこまた","召喚","スキル1252","","","0","0","0","召喚：ねこまた","召唤","スキル1252","","","25"
"8700","召喚：妖鬼","召喚","スキル1252","","","0","0","0","召喚：妖鬼","召唤","スキル1252","","","25"
"8701","召喚：セイレーン","召喚","スキル1252","","","0","0","0","召喚：セイレーン","召唤","スキル1252","","","25"
"8702","召喚：ベヒーモス娘","召喚","スキル1252","","","0","0","0","召喚：ベヒーモス娘","召唤","スキル1252","","","25"
"8703","召喚：前鬼","召喚","威力：Ｓ（力・速）　対象：敵ランダム4回　属性：闇
アクター424","","","0","0","0","召喚：前鬼","召唤","威力：Ｓ（力・速）　対象：敵ランダム4回　属性：闇
アクター424","","","25"
"8704","召喚：後鬼","召喚","威力：Ａ（魔or器）　対象：敵全体　属性：氷　効果：睡眠・氷弱体
アクター424","","","0","0","0","召喚：後鬼","召唤","威力：Ａ（魔or器）　対象：敵全体　属性：氷　効果：睡眠・氷弱体
アクター424","","","25"
"8705","召喚：アモルラーム","召喚","威力：Ｓ（力or器）　対象：敵ランダム3回　属性：炎
アクター429","","","0","0","0","召喚：アモルラーム","召唤","威力：Ｓ（力or器）　対象：敵ランダム3回　属性：炎
アクター429","","","25"
"8706","召喚：アモルリーム","召喚","威力：Ｓ（力or器）　対象：敵単体　属性：氷
アクター429","","","0","0","0","召喚：アモルリーム","召唤","威力：Ｓ（力or器）　対象：敵単体　属性：氷
アクター429","","","25"
"8707","召喚：シェスタ","召喚","スキル1255","","","0","0","0","召喚：シェスタ","召唤","スキル1255","","","25"
"8708","召喚：ライオット","召喚","スキル1255","","","0","0","0","召喚：ライオット","召唤","スキル1255","","","25"
"8709","召喚：ルクスル","召喚","スキル1255","","","0","0","0","召喚：ルクスル","召唤","スキル1255","","","25"
"8710","召喚：ヴァルト","召喚","スキル1255","","","0","0","0","召喚：ヴァルト","召唤","スキル1255","","","25"
"8711","召喚：シニファ","召喚","スキル1255","","","0","0","0","召喚：シニファ","召唤","スキル1255","","","25"
"8712","召喚：ツィンケル","召喚","スキル1255","","","0","0","0","召喚：ツィンケル","召唤","スキル1255","","","25"
"8713","召喚：トリロバイト","召喚","スキル1255","","","0","0","0","召喚：トリロバイト","召唤","スキル1255","","","25"
"8714","召喚：アムナリオ","召喚","スキル1255","","","0","0","0","召喚：アムナリオ","召唤","スキル1255","","","25"
"8715","召喚：白兎","召喚","スキル1255,9378","","","0","0","0","召喚：白兎","召唤","スキル1255,9378","","","25"
"8716","召喚：死神","召喚","スキル9378","","","0","0","0","召喚：死神","召唤","スキル9378","","","25"
"8717","召喚：ヌール・コギト","召喚","スキル1255,9378","","","0","0","0","召喚：ヌール・コギト","召唤","スキル1255,9378","","","25"
"8718","召喚：黒のアリス","召喚","スキル9378","","","0","0","0","召喚：黒のアリス","召唤","スキル9378","","","25"
"8719","召喚：アンゴルモア","召喚","威力：ＺＺ（力・器）　対象：敵全体　属性：修羅","","","0","0","0","召喚：アンゴルモア","召唤","威力：ＺＺ（力・器）　対象：敵全体　属性：修羅","","","25"
"8720","召喚：七つの大罪","召喚","威力：Ｚ（全）　対象：敵全体　属性：イオン・闇","","","0","0","0","召喚：七つの大罪","召唤","威力：Ｚ（全）　対象：敵全体　属性：イオン・闇","","","25"
"8721","召喚：ダークフェニックス","召喚","威力：Ｚ（力or器or魔）　対象：敵全体　属性：核熱・ハドロン","","","0","0","0","召喚：ダークフェニックス","召唤","威力：Ｚ（力or器or魔）　対象：敵全体　属性：核熱・ハドロン","","","25"
"8722","召喚：エキドナ","召喚","威力：Ｚ（器or防）　対象：敵全体　属性：快楽　効果：誘惑・絶頂","","","0","0","0","召喚：エキドナ","召唤","威力：Ｚ（器or防）　対象：敵全体　属性：快楽　効果：誘惑・絶頂","","","25"
"8723","召喚：マガツオオミカミ","召喚","威力：ＺＺ（力）　対象：敵全体　属性：修羅・銀河　効果：フリーズ特攻","","","0","0","0","召喚：マガツオオミカミ","召唤","威力：ＺＺ（力）　対象：敵全体　属性：修羅・銀河　効果：フリーズ特攻","","","25"
"8724","召喚：コスモス","召喚","威力：ＺＺ（魔）　対象：敵全体　属性：テラ・銀河","","","0","0","0","召喚：コスモス","召唤","威力：ＺＺ（魔）　対象：敵全体　属性：テラ・銀河","","","25"
"8725","召喚：シンギュラリティ","召喚","威力：ＺＺ（器）　対象：敵全体　属性：核熱・イオン","","","0","0","0","召喚：シンギュラリティ","召唤","威力：ＺＺ（器）　対象：敵全体　属性：核熱・イオン","","","25"
"8726","召喚：名状しがたきもの","召喚","威力：ＺＺＺ（力or器）　対象：敵ランダム4回　属性：ナノ　効果：麻痺・睡眠","","","0","0","0","召喚：名状しがたきもの","召唤","威力：ＺＺＺ（力or器）　対象：敵ランダム4回　属性：ナノ　効果：麻痺・睡眠","","","25"
"8727","召喚：虚竜","召喚","威力：■■（力）　対象：敵全体　属性：修羅・永劫・終焉","","","0","0","0","召喚：虚竜","召唤","威力：■■（力）　対象：敵全体　属性：修羅・永劫・終焉","","","25"
"8728","召喚：バアル・ゼブブ","召喚","威力：ＺＺ（器or防）　対象：敵全体　属性：終焉　効果：即死","","","0","0","0","召喚：バアル・ゼブブ","召唤","威力：ＺＺ（器or防）　対象：敵全体　属性：終焉　効果：即死","","","25"
"8729","召喚：星喰い","召喚","威力：ＺＺ（力or器）　対象：敵全体　属性：銀河・ナイトメア　効果：捕食","","","0","0","0","召喚：星喰い","召唤","威力：ＺＺ（力or器）　対象：敵全体　属性：銀河・ナイトメア　効果：捕食","","","25"
"8735","連続用：諸刃斬り1","剣技","スキル920","","","0","0","0","連続用：諸刃斬り1","剑技","スキル920","","","7"
"8736","連続用：諸刃斬り2","未分类技能","スキル920,969,2864,2865,2866","","","0","0","0","連続用：諸刃斬り2","未分类技能","スキル920,969,2864,2865,2866","","","0"
"8737","連続用：諸刃微塵斬り","剣技","スキル969","","","0","0","0","連続用：諸刃微塵斬り","剑技","スキル969","","","7"
"8738","連続用：竜剣","槍技","スキル1082","","","0","0","0","連続用：竜剣","枪技","スキル1082","","","10"
"8739","連続用：神竜剣","槍技","スキル1083","","","0","0","0","連続用：神竜剣","枪技","スキル1083","","","10"
"8740","連続用：邪竜剣","槍技","スキル1084","","","0","0","0","連続用：邪竜剣","枪技","スキル1084","","","10"
"8741","連続用：絶竜剣","槍技","スキル1081","","","0","0","0","連続用：絶竜剣","枪技","スキル1081","","","10"
"8742","連続用：吸血","魔技","スキル2537","","","0","0","0","連続用：吸血","魔技","スキル2537","","","50"
"8743","連続用：魔精吸血","魔技","スキル2538","","","0","0","0","連続用：魔精吸血","魔技","スキル2538","","","50"
"8744","連続用：搾血殺","魔技","スキル2539","","","0","0","0","連続用：搾血殺","魔技","スキル2539","","","50"
"8745","連続用：女王の無限吸血","魔技","スキル2540","","","0","0","0","連続用：女王の無限吸血","魔技","スキル2540","","","50"
"8746","連続用：パーフェクトフルムーン","魔技","スキル2541","","","0","0","0","連続用：パーフェクトフルムーン","魔技","スキル2541","","","50"
"8747","連続用：殻撃","虫技","スキル2864","","","0","0","0","連続用：殻撃","虫技","スキル2864","","","57"
"8748","連続用：ヘラクレスシェル","虫技","スキル2865","","","0","0","0","連続用：ヘラクレスシェル","虫技","スキル2865","","","57"
"8749","連続用：究極装甲撃","虫技","スキル2866","","","0","0","0","連続用：究極装甲撃","虫技","スキル2866","","","57"
"8750","連続用：フェニックス","召喚","スキル1582","","","0","0","0","連続用：フェニックス","召唤","スキル1582","","","25"
"8751","連続用：ゼロシフト1","未分类技能","スキル1571","","","0","0","0","連続用：ゼロシフト1","未分类技能","スキル1571","","","0"
"8752","連続用：ゼロシフト2","未分类技能","スキル1571","","","0","0","0","連続用：ゼロシフト2","未分类技能","スキル1571","","","0"
"8753","連続用：バーサーク1","医術","スキル5835","","","0","0","0","連続用：バーサーク1","医术","スキル5835","","","45"
"8754","連続用：バーサーク2","未分类技能","スキル5835","","","0","0","0","連続用：バーサーク2","未分类技能","スキル5835","","","0"
"8755","連続用：完全回復","未分类技能","スキル3152","","","0","0","0","連続用：完全回復","未分类技能","スキル3152","","","0"
"8756","連続用：完全回復MP含む","未分类技能","","","","0","0","0","連続用：完全回復MP含む","未分类技能","","","","0"
"8757","連続用：完全回復MPSP含む","未分类技能","","","","0","0","0","連続用：完全回復MPSP含む","未分类技能","","","","0"
"8758","連続用：完全回復・状態異常治療","未分类技能","スキル2940","","","0","0","0","連続用：完全回復・状態異常治療","未分类技能","スキル2940","","","0"
"8759","連続用：完全回復＋全能力強化","未分类技能","スキル3062","","","0","0","0","連続用：完全回復＋全能力強化","未分类技能","スキル3062","","","0"
"8760","連続用：単体完全回復","未分类技能","","","","0","0","0","連続用：単体完全回復","未分类技能","","","","0"
"8761","連続用：蘇生","未分类技能","スキル1582","","","0","0","0","連続用：蘇生","未分类技能","スキル1582","","","0"
"8762","連続用：完全蘇生","未分类技能","スキル2940,3062,3152、ステート648","","","0","0","0","連続用：完全蘇生","未分类技能","スキル2940,3062,3152、ステート648","","","0"
"8763","連続用：単体完全蘇生","未分类技能","","","","0","0","0","連続用：単体完全蘇生","未分类技能","","","","0"
"8764","連続用：SP25%回復","未分类技能","スキル1082,1083,2537,2538,2539","","","0","0","0","連続用：SP25%回復","未分类技能","スキル1082,1083,2537,2538,2539","","","0"
"8765","連続用：SP50%回復","未分类技能","スキル1084,2540,1081","","","0","0","0","連続用：SP50%回復","未分类技能","スキル1084,2540,1081","","","0"
"8766","連続用：SP75%回復","未分类技能","","","","0","0","0","連続用：SP75%回復","未分类技能","","","","0"
"8767","連続用：SP100%回復","未分类技能","スキル2541","","","0","0","0","連続用：SP100%回復","未分类技能","スキル2541","","","0"
"8768","連続用：最大HP1.5倍単体1","医術","スキル2350","","","0","0","0","連続用：最大HP1.5倍単体1","医术","スキル2350","","","45"
"8769","連続用：最大HP1.5倍単体2","未分类技能","スキル2350","","","0","0","0","連続用：最大HP1.5倍単体2","未分类技能","スキル2350","","","0"
"8770","連続用：最大HP1.5倍全体1","医術","スキル2351、アイテム136","","","0","0","0","連続用：最大HP1.5倍全体1","医术","スキル2351、アイテム136","","","45"
"8771","連続用：最大HP1.5倍全体2","未分类技能","スキル2351、アイテム136","","","0","0","0","連続用：最大HP1.5倍全体2","未分类技能","スキル2351、アイテム136","","","0"
"8772","連続用：最大HP2倍単体1","医術","","","","0","0","0","連続用：最大HP2倍単体1","医术","","","","45"
"8773","連続用：最大HP2倍単体2","未分类技能","","","","0","0","0","連続用：最大HP2倍単体2","未分类技能","","","","0"
"8774","連続用：最大HP2倍全体1","医術","スキル2189,9500、アイテム137","","","0","0","0","連続用：最大HP2倍全体1","医术","スキル2189,9500、アイテム137","","","45"
"8775","連続用：最大HP2倍全体2","医術","スキル2189,9500、アイテム137","","","0","0","0","連続用：最大HP2倍全体2","医术","スキル2189,9500、アイテム137","","","45"
"8776","連続用：最大MP1.5倍1","医術","アイテム138","","","0","0","0","連続用：最大MP1.5倍1","医术","アイテム138","","","45"
"8777","連続用：最大MP1.5倍2","未分类技能","アイテム138","","","0","0","0","連続用：最大MP1.5倍2","未分类技能","アイテム138","","","0"
"8778","連続用：最大MP2倍1","医術","アイテム139","","","0","0","0","連続用：最大MP2倍1","医术","アイテム139","","","45"
"8779","連続用：最大MP2倍2","未分类技能","アイテム139","","","0","0","0","連続用：最大MP2倍2","未分类技能","アイテム139","","","0"
"8780","連続用：最大SP1.5倍1","医術","アイテム140","","","0","0","0","連続用：最大SP1.5倍1","医术","アイテム140","","","45"
"8781","連続用：最大SP1.5倍2","未分类技能","アイテム140","","","0","0","0","連続用：最大SP1.5倍2","未分类技能","アイテム140","","","0"
"8782","連続用：最大SP2倍1","医術","アイテム141","","","0","0","0","連続用：最大SP2倍1","医术","アイテム141","","","45"
"8783","連続用：最大SP2倍2","未分类技能","アイテム141","","","0","0","0","連続用：最大SP2倍2","未分类技能","アイテム141","","","0"
"8784","連続用：オーバードーピング1","医術","スキル9501","","","0","0","0","連続用：オーバードーピング1","医术","スキル9501","","","45"
"8785","連続用：オーバードーピング2","未分类技能","スキル9501","","","0","0","0","連続用：オーバードーピング2","未分类技能","スキル9501","","","0"
"8786","連続用：犠牲になったのだ","未分类技能","スキル1664,2050","","","0","0","0","連続用：犠牲になったのだ","未分类技能","スキル1664,2050","","","0"
"8787","連続用：犠牲になったのだ","未分类技能","スキル22","","","0","0","0","連続用：犠牲になったのだ","未分类技能","スキル22","","","0"
"8788","連続用：自己犠牲回復","未分类技能","スキル22,1664,2050","","","0","0","0","連続用：自己犠牲回復","未分类技能","スキル22,1664,2050","","","0"
"8790","発動：燕返し","刀技","威力：Ｓ（力・器）　対象：敵単体
アクター419、職業174、ステート576","","","0","0","0","発動：燕返し","刀技","威力：Ｓ（力・器）　対象：敵単体
アクター419、職業174、ステート576","","","9"
"8791","発動：マガツ燕返し","刀技","威力：ＳＳＳ（力・器）　対象：敵単体
職業7415","","","0","0","0","発動：マガツ燕返し","刀技","威力：ＳＳＳ（力・器）　対象：敵単体
職業7415","","","9"
"8792","反撃：エクセリオン・クリア","銃技","威力：ＳＳＳ（器）　対象：敵全体　効果：強化解除
防具4263","","","0","0","17","反撃：エクセリオン・クリア","铳技","威力：ＳＳＳ（器）　対象：敵全体　効果：強化解除
防具4263","","","19"
"8793","支援：杖用祈り","白魔法","杖装備効果","","","0","0","0","支援：杖用祈り","白魔法","杖装备效果","","","22"
"8794","支援：ロッド用魔力集中","未分类技能","ロッド装備効果","","","0","0","0","支援：ロッド用魔力集中","未分类技能","法杖装备效果","","","0"
"8795","反撃：リープタイム","未分类技能","防具4274","","","0","0","0","反撃：リープタイム","未分类技能","防具4274","","","0"
"8796","支援：ランダム召喚","未分类技能","防具1174,4266","","","0","0","0","支援：ランダム召喚","未分类技能","防具1174,4266","","","0"
"8797","反撃：魔力ダメージ吸収","未分类技能","防具4267","","","0","0","0","反撃：魔力ダメージ吸収","未分类技能","防具4267","","","0"
"8798","発動：ランダム魔法剣","未分类技能","防具695,3223,7211","","","0","0","0","発動：ランダム魔法剣","未分类技能","防具695,3223,7211","","","0"
"8799","反撃：追い風","特技","ステート575","","","0","0","0","反撃：追い風","特技","ステート575","","","63"
"8800","発動：清めの神舞","踊る","ステート504","","","0","0","0","発動：清めの神舞","踊る","ステート504","","","37"
"8801","発動：究極からくり舞い","踊る","ステート505","","","0","0","0","発動：究極からくり舞い","踊る","ステート505","","","37"
"8802","支援：ランダムダンス","オラクル","防具7218","","","0","0","0","支援：ランダムダンス","神谕","防具7218","","","36"
"8803","支援：ランダムソング","オラクル","防具7219","","","0","0","0","支援：ランダムソング","神谕","防具7219","","","36"
"8804","反撃：魅惑のポーズ","淫技","防具4256","","","0","0","0","反撃：魅惑のポーズ","淫技","防具4256","","","49"
"8805","反撃：回避握手","淫技","防具7238","","","0","0","0","反撃：回避握手","淫技","防具7238","","","49"
"8806","反撃：ランダム召喚魔法","オラクル","防具7213","","","0","0","0","反撃：ランダム召喚魔法","神谕","防具7213","","","36"
"8807","発動：シャッフルスキル","未分类技能","防具3685","","","0","0","0","発動：シャッフルスキル","未分类技能","防具3685","","","0"
"8808","支援：オートランダマイザ","オラクル","防具7221","","","0","0","0","支援：オートランダマイザ","神谕","防具7221","","","36"
"8809","支援：錬金素材自動ゲット","未分类技能","防具4269,6186、職業7041","","","0","0","0","支援：錬金素材自動ゲット","未分类技能","防具4269,6186、職業7041","","","0"
"8810","支援：錬金素材大量ゲット","未分类技能","防具6187","","","0","0","0","支援：錬金素材大量ゲット","未分类技能","防具6187","","","0"
"8811","支援：魔導書ページ自動ゲット","未分类技能","防具4268,6188","","","0","0","0","支援：魔導書ページ自動ゲット","未分类技能","防具4268,6188","","","0"
"8812","支援：魔導書ページ大量ゲット","未分类技能","防具6189","","","0","0","0","支援：魔導書ページ大量ゲット","未分类技能","防具6189","","","0"
"8813","支援：備蓄獲得","未分类技能","職業7068、防具6201","","","0","0","0","支援：備蓄獲得","未分类技能","職業7068、防具6201","","","0"
"8814","支援：極上備蓄獲得","未分类技能","防具6202","","","0","0","0","支援：極上備蓄獲得","未分类技能","防具6202","","","0"
"8815","反撃：王の怒り","王技","ステート280","","","0","0","0","反撃：王の怒り","王技","ステート280","","","47"
"8816","反撃：王の魔導","王技","ステート279","","","0","0","0","反撃：王の魔導","王技","ステート279","","","47"
"8817","反撃：法王の祈り","王技","ステート278","","","0","0","0","反撃：法王の祈り","王技","ステート278","","","47"
"8818","反撃：王の砲撃","王技","ステート277","","","0","0","0","反撃：王の砲撃","王技","ステート277","","","47"
"8819","支援：被弾時にSP回復","未分类技能","防具4143","","","0","0","0","支援：被弾時にSP回復","未分类技能","防具4143","","","0"
"8820","反撃：サイコリフレッシュ","サイコ","防具4262","","","0","0","0","反撃：サイコリフレッシュ","念动","防具4262","","","67"
"8821","発動：百魔の咆吼","獣技","威力：Ａ（力）　対象：敵全体　属性：音波","","","0","0","0","発動：百魔の咆吼","獣技","威力：Ａ（力）　対象：敵全体　属性：音波","","","53"
"8822","反撃：接触的侵蝕","ブレス","防具4264","","","0","0","0","反撃：接触的侵蝕","吐息","防具4264","","","62"
"8823","反撃：精神的侵蝕","海技","防具4265","","","0","0","0","反撃：精神的侵蝕","海技","防具4265","","","51"
"8824","発動：オケアノス","海技","","","","0","0","0","発動：オケアノス","海技","","","","51"
"8825","支援：クトゥルフの呼び声","海技","職業7429","","","0","0","0","支援：クトゥルフの呼び声","海技","職業7429","","","51"
"8826","発動：弱化の花粉","植物技","職業327","","","0","0","0","発動：弱化の花粉","植物技","職業327","","","58"
"8827","発動：ワールドエンジン","未分类技能","対象：味方全体　効果：全属性威力アップ","","","0","0","0","発動：ワールドエンジン","未分类技能","対象：味方全体　効果：全属性威力アップ","","","0"
"8828","発動：マイティミサイル","造技","威力：ＺＺ（器）　対象：敵全体　属性：炎
職業7440:天界決戦兵器","","","0","0","0","発動：マイティミサイル","造技","威力：ＺＺ（器）　対象：敵全体　属性：炎
職業7440:天界決戦兵器","","","60"
"8829","支援：支援ビット","造技","威力：Ｄ（器）　対象：敵全体
職業7404、防具4300","","","0","0","0","支援：支援ビット","造技","威力：Ｄ（器）　対象：敵全体
職業7404、防具4300","","","60"
"8830","支援：バスタービット","造技","威力：Ｂ（器）　対象：敵全体
職業7405、防具4301","","","0","0","0","支援：バスタービット","造技","威力：Ｂ（器）　対象：敵全体
職業7405、防具4301","","","60"
"8831","支援：サテライトビット","造技","威力：Ｓ（器）　対象：敵全体
職業7443、防具4302","","","0","0","0","支援：サテライトビット","造技","威力：Ｓ（器）　対象：敵全体
職業7443、防具4302","","","60"
"8832","支援：オメガビット","造技","威力：Ｚ（器）　対象：敵全体
職業7444、防具7256","","","0","0","0","支援：オメガビット","造技","威力：Ｚ（器）　対象：敵全体
職業7444、防具7256","","","60"
"8833","反撃：CIWS","造技","威力：Ｃ（器）　対象：敵単体
職業7406、防具4309","","","0","0","0","反撃：CIWS","造技","威力：Ｃ（器）　対象：敵単体
職業7406、防具4309","","","60"
"8834","反撃：アドバンスドCIWS","造技","威力：Ａ（器）　対象：敵単体
職業7407、防具4310","","","0","0","0","反撃：アドバンスドCIWS","造技","威力：Ａ（器）　対象：敵単体
職業7407、防具4310","","","60"
"8835","反撃：ハイアドバンスドCIWS","造技","威力：ＳＳ（器）　対象：敵単体
職業7443、防具4311","","","0","0","0","反撃：ハイアドバンスドCIWS","造技","威力：ＳＳ（器）　対象：敵単体
職業7443、防具4311","","","60"
"8836","反撃：オメガCIWS","造技","威力：ＺＺ（器）　対象：敵単体
職業7444、防具7254","","","0","0","0","反撃：オメガCIWS","造技","威力：ＺＺ（器）　対象：敵単体
職業7444、防具7254","","","60"
"8837","支援：アシストバルカン","造技","威力：Ｃ（器）　対象：敵単体
職業7406、防具4303","","","0","0","0","支援：アシストバルカン","造技","威力：Ｃ（器）　対象：敵単体
職業7406、防具4303","","","60"
"8838","支援：アシストバースト","造技","威力：Ｂ（器）　対象：敵全体
職業7407、防具4304","","","0","0","0","支援：アシストバースト","造技","威力：Ｂ（器）　対象：敵全体
職業7407、防具4304","","","60"
"8839","支援：アシストフルバースト","造技","威力：Ａ（器）　対象：敵全体
職業7443、防具4305","","","0","0","0","支援：アシストフルバースト","造技","威力：Ａ（器）　対象：敵全体
職業7443、防具4305","","","60"
"8840","支援：アシストギガバースト","造技","威力：Ｚ（器）　対象：敵全体
職業7444、防具7255","","","0","0","0","支援：アシストギガバースト","造技","威力：Ｚ（器）　対象：敵全体
職業7444、防具7255","","","60"
"8841","二重発動用：力溜め","特技","防具4323","","","0","0","0","二重発動用：力溜め","特技","防具4323","","","63"
"8842","二重発動用：魔力集中","特技","防具4323","","","0","0","0","二重発動用：魔力集中","特技","防具4323","","","63"
"8843","二重発動用：精神集中","特技","防具4323","","","0","0","0","二重発動用：精神集中","特技","防具4323","","","63"
"8844","反撃：カオスリタイド","闇技","防具6221","","","0","0","0","反撃：カオスリタイド","暗技","防具6221","","","27"
"8845","反撃：女王の雷","黒魔法","武器4514カウンター技","","","0","0","0","反撃：女王の雷","黑魔法","武器4514反击技","","","23"
"8846","支援：ディフレクター","未分类技能","防具917,3575","","","0","0","0","支援：ディフレクター","未分类技能","防具917,3575","","","0"
"8847","支援：まなこ","未分类技能","アクター168","","","0","0","0","支援：まなこ","未分类技能","アクター168","","","0"
"8848","支援：管狐","未分类技能","アクター267","","","0","0","0","支援：管狐","未分类技能","アクター267","","","0"
"8849","支援：ヴィーヴィー","未分类技能","アクター352","","","0","0","0","支援：ヴィーヴィー","未分类技能","アクター352","","","0"
"8850","反撃：ホーリーシフト","未分类技能","スキル8849","","","0","0","0","反撃：ホーリーシフト","未分类技能","スキル8849","","","0"
"8851","反撃：ダークシフト","未分类技能","スキル8849","","","0","0","0","反撃：ダークシフト","未分类技能","スキル8849","","","0"
"8852","支援：さんとす","未分类技能","アクター543","","","0","0","0","支援：さんとす","未分类技能","アクター543","","","0"
"8853","支援：花京淫","未分类技能","アクター569","","","0","0","0","支援：花京淫","未分类技能","アクター569","","","0"
"8854","支援：オラオラ","未分类技能","スキル8853","","","0","0","0","支援：オラオラ","未分类技能","スキル8853","","","0"
"8855","支援：マジシャンズレッド","未分类技能","スキル8853","","","0","0","0","支援：マジシャンズレッド","未分类技能","スキル8853","","","0"
"8856","支援：チャリオッツ","未分类技能","スキル8853","","","0","0","0","支援：チャリオッツ","未分类技能","スキル8853","","","0"
"8857","支援：ハーミット","未分类技能","スキル8853","","","0","0","0","支援：ハーミット","未分类技能","スキル8853","","","0"
"8858","支援：フール","未分类技能","スキル8853","","","0","0","0","支援：フール","未分类技能","スキル8853","","","0"
"8859","発動：ガンランス","槍技","武器4240","","","0","0","0","発動：ガンランス","枪技","武器4240","","","10"
"8860","発動：聖弾乱射","槍技","武器4247","","","0","0","0","発動：聖弾乱射","枪技","武器4247","","","10"
"8861","発動：ガンズオブエデン","槍技","武器4252","","","0","0","0","発動：ガンズオブエデン","枪技","武器4252","","","10"
"8862","発動：おっぱいビンタ","格闘","威力：ＳＳ（器）　対象：敵単体
アクター436","","","0","0","0","発動：おっぱいビンタ","格闘","威力：ＳＳ（器）　対象：敵単体
アクター436","","","21"
"8863","発動：スライムボム","粘液技","威力：Ｓ（力or器）　対象：敵単体　効果：バーン
アクター617","","","0","0","0","発動：スライムボム","粘液技","威力：Ｓ（力or器）　対象：敵単体　効果：バーン
アクター617","","","52"
"8864","発動：洗礼の光","聖技","威力：Ｅ（器or精）　対象：敵全体　属性：聖","","","0","0","0","発動：洗礼の光","圣技","威力：Ｅ（器or精）　対象：敵全体　属性：聖","","","26"
"8865","支援：オート聖槍発動","未分类技能","防具7208","","","0","0","0","支援：オート聖槍発動","未分类技能","防具7208","","","0"
"8866","支援：属性ルーレット","未分类技能","防具7222","","","0","0","0","支援：属性ルーレット","未分类技能","防具7222","","","0"
"8867","支援：スキルルーレット","未分类技能","防具7223","","","0","0","0","支援：スキルルーレット","未分类技能","防具7223","","","0"
"8868","支援：シールドガード自動発動","未分类技能","防具7226","","","0","0","0","支援：シールドガード自動発動","未分类技能","防具7226","","","0"
"8869","支援：シールドリフレクト自動発動)","未分类技能","防具7227","","","0","0","0","支援：シールドリフレクト自動発動)","未分类技能","防具7227","","","0"
"8870","支援：リジェオが確率でアシスト","未分类技能","職業5047","","","0","0","0","支援：リジェオが確率でアシスト","未分类技能","職業5047","","","0"
"8871","支援：四大精霊をランダム召喚","未分类技能","職業5048","","","0","0","0","支援：四大精霊をランダム召喚","未分类技能","職業5048","","","0"
"8872","支援：アシストスキルがランダム発動","未分类技能","職業5154","","","0","0","0","支援：アシストスキルがランダム発動","未分类技能","職業5154","","","0"
"8873","支援：アモルドール固有","未分类技能","アクター429","","","0","0","0","支援：アモルドール固有","未分类技能","アクター429","","","0"
"8874","ランダム：ダブルアップ成功","未分类技能","","","","0","0","0","ランダム：ダブルアップ成功","未分类技能","","","","0"
"8875","ランダム：ダブルアップ成功","未分类技能","","","","0","0","0","ランダム：ダブルアップ成功","未分类技能","","","","0"
"8876","発動：怠惰の力","未分类技能","対象：敵全体　効果：沈黙
ステート661","","","0","0","0","発動：怠惰の力","未分类技能","対象：敵全体　効果：沈黙
ステート661","","","0"
"8877","発動：色欲の力","未分类技能","対象：敵全体　効果：快楽状態異常
ステート659","","","0","0","0","発動：色欲の力","未分类技能","対象：敵全体　効果：快楽状態異常
ステート659","","","0"
"8878","発動：暴食の力","未分类技能","対象：敵全体　効果：消化・捕食
ステート656","","","0","0","0","発動：暴食の力","未分类技能","対象：敵全体　効果：消化・捕食
ステート656","","","0"
"8879","発動：嫉妬の力・弱体","未分类技能","対象：敵全体　効果：全能力ダウン
ステート657","","","0","0","0","発動：嫉妬の力・弱体","未分类技能","対象：敵全体　効果：全能力ダウン
ステート657","","","0"
"8880","発動：嫉妬の力・強化","未分类技能","対象：自分　効果：全能力アップ
ステート657","","","0","0","0","発動：嫉妬の力・強化","未分类技能","対象：自分　効果：全能力アップ
ステート657","","","0"
"8881","強化：ラピッドヒール","白魔法","対象：味方全体　効果：HP大回復・軽状態異常回復・速攻
大量のMPを消費するものの、ターンの最初に発動する最高位回復魔法","","","0","250","0","強化：ラピッドヒール","白魔法","対象：味方全体　効果：HP大回復・軽状態異常回復・速攻
虽然消耗大量MP，但在回合开始时发动的最高级恢复魔法","","","22"
"8882","強化：ディレイヒール","白魔法","対象：味方全体　効果：HP大回復・軽状態異常回復・遅攻
ターン終了後に発動し、一気にパーティの体勢を立て直す回復魔法","","","0","20","0","強化：ディレイヒール","白魔法","対象：味方全体　効果：HP大回復・軽状態異常回復・遅攻
回合结束后发动，一口气恢复队伍的体力并恢复状态的魔法","","","22"
"8883","強化：世界樹の蜜","植物技","対象：味方全体　効果：HP全回復・完全蘇生
世界樹の蜜で味方全体を蘇生し、HPを全回復させる","","","0","0","15","強化：世界樹の蜜","植物技","対象：味方全体　効果：HP全回復・完全蘇生
用世界树的蜜复活我方全体，并全回复HP","","","58"
"8884","連続用：控え完全蘇生","未分类技能","スキル8883","","","0","0","0","連続用：控え完全蘇生","未分类技能","スキル8883","","","0"
"8885","連続用：控え完全回復","未分类技能","スキル8883","","","0","0","0","連続用：控え完全回復","未分类技能","スキル8883","","","0"
"8886","強化：快癒の蜜","植物技","対象：味方全体　効果：全状態異常回復
特別な蜜で味方全体の状態異常を治療する","","","0","0","4","強化：快癒の蜜","植物技","対象：味方全体　効果：全状態異常回復
用特别的蜜治疗我方全体的状态异常","","","58"
"8887","強化：女王花の蜜","植物技","対象：味方全体　効果：HP全回復・全状態異常回復
女王の蜜で味方全体のHPを全回復する","","","0","0","8","強化：女王花の蜜","植物技","対象：味方全体　効果：HP全回復・全状態異常回復
用女王的蜜全回复我方全体的HP","","","58"
"8888","失敗：反生命ウィルス","医術","威力：ＺＺ（力・器）　対象：敵全体　属性：終焉・バイオ　効果：毒・麻痺・石化・即死
混沌から生じたウィルスで、あらゆる生命を否定する","","","0","0","50","失敗：反生命ウィルス","医术","威力：ＺＺ（力・器）　対象：敵全体　属性：終焉・バイオ　効果：毒・麻痺・石化・即死
从混沌中诞生的病毒，否定一切生命","","","45"
"8889","影紬大爆発","造技","威力：ＺＺＺ　対象：敵全体　属性：核熱","","","0","0","0","影䌷大爆炸","造技","威力：ＺＺＺ　対象：敵全体　属性：核熱","","","60"
"8890","発動：魅惑のポーズ","淫技","防具7687","","","0","0","0","発動：魅惑のポーズ","淫技","防具7687","","","49"
"8891","発動：乾坤一擲","未分类技能","防具7680","","","0","0","0","発動：乾坤一擲","未分类技能","防具7680","","","0"
"8892","発動：ウィッチタイム","未分类技能","防具：7695","","","0","0","0","発動：ウィッチタイム","未分类技能","防具：7695","","","0"
"8893","発動：バレットタイム","未分类技能","防具7680","","","0","0","0","発動：バレットタイム","未分类技能","防具7680","","","0"
"8894","発動：ウィッチタイム・ゼロ","未分类技能","アクター702,703","","","0","0","0","発動：ウィッチタイム・ゼロ","未分类技能","アクター702,703","","","0"
"8895","発動：乾坤一擲バレットタイム","未分类技能","アクター704,705","","","0","0","0","発動：乾坤一擲バレットタイム","未分类技能","アクター704,705","","","0"
"8896","発動：ノーライフキング混乱","未分类技能","防具：7695","","","0","0","0","発動：ノーライフキング混乱","未分类技能","防具：7695","","","0"
"8897","発動：絶対警戒","未分类技能","","","","0","0","0","発動：絶対警戒","未分类技能","","","","0"
"8898","発動：キルチャージエクリプス","未分类技能","威力：Ｚ（力or魔）　対象：敵全体　属性：終焉　効果：ミニマム・石化
混沌の力で日食を引き起こす闇技","","","0","0","0","発動：キルチャージエクリプス","未分类技能","威力：Ｚ（力or魔）　対象：敵全体　属性：終焉　効果：ミニマム・石化
用混沌之力引发日食的暗技","","","0"
"8899","発動：カウンターキラー","未分类技能","威力：ＳＳＳ（力）　対象：敵全体","","","0","0","0","発動：カウンターキラー","未分类技能","威力：ＳＳＳ（力）　対象：敵全体","","","0"
"8900","反撃：天之瓊矛","未分类技能","威力：４Ｓ（力・速）　対象：敵単体　属性：銀河
銀河を終わらせるといわれる混沌奥義","","","0","0","22","反撃：天之瓊矛","未分类技能","威力：４Ｓ（力・速）　対象：敵単体　属性：銀河
据说能终结银河的混沌奥义","","","0"
"8901","発動：布都御魂","未分类技能","","","","0","0","0","発動：布都御魂","未分类技能","","","","0"
"8902","発動：天羽々矢","未分类技能","","","","0","0","0","発動：天羽々矢","未分类技能","","","","0"
"8903","発動：天之瓊矛","未分类技能","","","","0","0","0","発動：天之瓊矛","未分类技能","","","","0"
"8904","発動：八尺瓊勾玉","未分类技能","","","","0","0","0","発動：八尺瓊勾玉","未分类技能","","","","0"
"8905","発動：八咫鏡","未分类技能","","","","0","0","0","発動：八咫鏡","未分类技能","","","","0"
"8906","発動：ゲシュタルト・ハイブマインド","未分类技能","威力：Ｚ（力or防）　対象：敵全体　属性：音波・修羅　効果：沈黙・混乱・睡眠・麻痺","","","0","0","40","発動：ゲシュタルト・ハイブマインド","未分类技能","威力：Ｚ（力or防）　対象：敵全体　属性：音波・修羅　効果：沈黙・混乱・睡眠・麻痺","","","0"
"8907","発動：神曲","未分类技能","対象：明けの明星吸収","","","0","0","0","発動：神曲","未分类技能","対象：明けの明星吸収","","","0"
"8908","発動：チャージドレイン","未分类技能","対象：チャージ吸収","","","0","0","0","発動：チャージドレイン","未分类技能","対象：チャージ吸収","","","0"
"8909","反撃：エキドナ感染","未分类技能","","","","0","0","0","反撃：エキドナ感染","未分类技能","","","","0"
"8910","発動：エキドナ・パンデミック","未分类技能","","","","0","0","0","発動：エキドナ・パンデミック","未分类技能","","","","0"
"8911","発動：バリアチェンジ","未分类技能","","","","0","0","0","発動：バリアチェンジ","未分类技能","","","","0"
"8912","発動：バリアチェンジ","未分类技能","","","","0","0","0","発動：バリアチェンジ","未分类技能","","","","0"
"8913","発動：クロックバースト","未分类技能","","","","0","0","0","発動：クロックバースト","未分类技能","","","","0"
"8914","連続用：真・不死鳥の踊り","踊る","威力：ＺＺ（器）　対象：敵全体　属性：核熱　効果：味方全体復活・バーン
不死鳥の力で滅びと再生をもたらす究極の舞","","","0","135","25","連続用：真・不死鳥の踊り","踊る","威力：ＺＺ（器）　対象：敵全体　属性：核熱　効果：味方全体復活・バーン
不死鸟之力带来毁灭与再生的究极之舞","","","37"
"8915","発動：アンチエクリプス","カオス","威力：ＺＺＺ（力or魔）　","","","0","0","0","発動：アンチエクリプス","カオス","威力：ＺＺＺ（力or魔）　","","","70"
"8916","発動：明星失楽","聖技","威力：ＺＺＺ（器or精）　対象：敵全体","","","0","0","0","発動：明星失楽","圣技","威力：ＺＺＺ（器or精）　対象：敵全体","","","26"
"8917","発動：ガンズオブエデンΩ","槍技","武器1517","","","0","0","0","発動：ガンズオブエデンΩ","枪技","武器1517","","","10"
"8918","発動：魅惑のマスコット","未分类技能","対象：敵全体　効果：スタン・誘惑
アクター：ワイティエル","","","0","0","0","発動：魅惑のマスコット","未分类技能","対象：敵全体　効果：スタン・誘惑
アクター：ワイティエル","","","0"
"8919","反撃：分裂","未分类技能","","","","0","0","0","反撃：分裂","未分类技能","","","","0"
"8920","発動：加護の衣","未分类技能","対象：味方全体　効果：状態異常予防","","","0","0","0","発動：加護の衣","未分类技能","対象：味方全体　効果：状態異常予防","","","0"
"8921","発動：意識共有化","未分类技能","混乱・睡眠捕食","","","0","0","0","発動：意識共有化","未分类技能","混乱・睡眠捕食","","","0"
"8922","発動：次元闇呑","未分类技能","威力：ＺＺ（魔or器）　対象：敵全体　属性：ナイトメア　効果：消化・ヌルヌル・恍惚・拘束・捕食
空間そのものに侵蝕し、溶解消化してしまう究極混沌捕食技","","","0","0","0","発動：次元闇呑","未分类技能","威力：ＺＺ（魔or器）　対象：敵全体　属性：ナイトメア　効果：消化・ヌルヌル・恍惚・拘束・捕食
侵蚀空间本身，溶解消化的究极混沌捕食技","","","0"
"9001","極夜逆十字","短剣技","威力：ＳＳＳ（力・器）　対象：敵全体　属性：イオン　効果：ショック
逆十字の破壊磁場で全ての敵を滅ぼす吸血鬼の秘奥義","","193:ドラキュリーナ（Lv20）","0","0","21","极夜逆十字","短剑技","威力：ＳＳＳ（力・器）　対象：敵全体　属性：イオン　効果：ショック
逆十字的破坏磁场将所有敌人毁灭的吸血鬼秘奥义","","193:德古莉娜（Lv20）","6"
"9002","絶命","短剣技","威力：Ｚ（力・器）　対象：敵単体　属性：修羅・終焉　効果：全状態異常特攻
全ての状態異常に対して必殺の一撃を繰り出す究極の奥義","7065:音ヨリモ速キ者（Lv2）","","0","0","30","绝命","短剑技","威力：Ｚ（力・器）　対象：敵単体　属性：修羅・終焉　効果：全状態異常特攻
对所有状态异常施展必杀一击的究极奥义","7065:超音速者（Lv2）","","6"
"9003","雷旺","短剣技","威力：Ｚ（力・器）　対象：敵全体　属性：修羅・イオン　効果：ショック
電光の竜を形作り敵全体を一掃する短剣の究極奥義","7065:音ヨリモ速キ者（Lv12）","","0","0","40","雷旺","短剑技","威力：Ｚ（力・器）　対象：敵全体　属性：修羅・イオン　効果：ショック
形成电光之龙将全体敌人一扫而空的短剑究极奥义","7065:超音速者（Lv12）","","6"
"9004","神祖真月","短剣技","威力：ＺＺＺ（力・器）　対象：敵ランダム6回　属性：イオン・終焉　効果：ショック
吸血鬼の神祖のみが用いるという短剣の最終奥義","","7417:神祖（Lv15）","0","0","50","神祖真月","短剑技","威力：ＺＺＺ（力・器）　対象：敵ランダム6回　属性：イオン・終焉　効果：ショック
吸血鬼神祖所使用的短剑最终奥义","","7417:神祖（Lv15）","6"
"9005","マガツイカヅチ","短剣技","対象：使用者　効果：1ターンイオン・終焉付加・大幅強化
物理攻撃にイオン・終焉属性を付加し、威力を大幅に強化する","7065:音ヨリモ速キ者（Lv15）","","0","0","10","祸津雷","短剑技","対象：使用者　効果：1ターンイオン・終焉付加・大幅強化
物理攻击附加离子・终焉属性，威力大幅强化","7065:超音速者（Lv15）","","6"
"9008","四方神獣剣","剣技","威力：ＳＳ（力）　対象：敵全体　属性：炎・風・土・水　効果：炎・風・土・水弱体
四神獣の力を同時に解き放つ最強の陰陽剣奥義","7012:フォースマスター（Lv12）","","0","27","8","四方神兽剑","剑技","威力：ＳＳ（力）　対象：敵全体　属性：炎・風・土・水　効果：炎・風・土・水弱体
同时解放四神兽之力的最强阴阳剑奥义","7012:力量大师（Lv12）","","7"
"9009","ギガスラッシュクロス","剣技","威力：ＳＳＳ（力）　対象：敵全体2回　属性：炎・氷・雷
ギガスラッシュを二連続で繰り出す魔法剣の奥義","7012:フォースマスター（Lv14）","","0","40","10","极巨十字斩","剑技","威力：ＳＳＳ（力）　対象：敵全体2回　属性：炎・氷・雷
连续两次施展巨型斩击的魔法剑奥义","7012:力量大师（Lv14）","","7"
"9010","アルフセイバー","剣技","威力：ＳＳＳ（力）　対象：敵ランダム4回　属性：ハドロン　効果：弱体特攻
踊るように繰り出されるエルフ秘伝の剣舞奥義","","213:アルフ神族（Lv2）","0","0","18","亚尔夫之剑","剑技","威力：ＳＳＳ（力）　対象：敵ランダム4回　属性：ハドロン　効果：弱体特攻
如舞蹈般挥出的精灵秘传剑舞奥义","","213:亚尔夫神族（Lv2）","7"
"9011","乱刃・気炎万丈","剣技","威力：ＳＳＳ（力）　対象：敵ランダム5回　属性：修羅・核熱
炎の力を刃に宿し、無数の乱撃を繰り出す紅蓮の奥義","","291:神竜（Lv2）","0","0","18","乱刃・气炎万丈","剑技","威力：ＳＳＳ（力）　対象：敵ランダム5回　属性：修羅・核熱
将炎之力寄宿于刃，挥出无数乱击的红莲奥义","","291:神龙（Lv2）","7"
"9012","サウザンドブラッド","剣技","威力：４Ｓ（力）　対象：敵単体　属性：修羅
強烈な連続斬撃を単体に集中させる、魔竜剣士の必殺奥義","","291:神竜（Lv20）","0","0","22","千血斩","剑技","威力：４Ｓ（力）　対象：敵単体　属性：修羅
将强烈的连续斩击集中于单体，魔龙剑士的必杀奥义","","291:神龙（Lv20）","7"
"9013","九重の羅刹","剣技","威力：４Ｓ（力）　対象：敵ランダム9回　属性：修羅・永劫
九連続の剣閃で敵を乱れ斬る、堕天使の必殺奥義","","370:熾天使（Lv14）","0","0","22","九重罗刹斩","剑技","威力：４Ｓ（力）　対象：敵ランダム9回　属性：修羅・永劫
以九连斩的剑闪将敌人乱斩，堕天使的必杀奥义","","370:炽天使（Lv14）","7"
"9014","メギドカブラ","剣技","威力：Ｚ（力）　対象：敵全体　属性：修羅・核熱・イオン　効果：バーン・ショック
灼熱の炎と轟雷を伴い一閃する魔法剣の究極奥義","7057:剣ヲ極メシ者（Lv2）","","0","90","20","终极一闪","剑技","威力：Ｚ（力）　対象：敵全体　属性：修羅・核熱・イオン　効果：バーン・ショック
伴随着灼热的火焰和轰雷，一闪而过的魔法剑究极奥义","7057:剑之极致者（Lv2）","","7"
"9015","森羅八王剣","剣技","威力：Ｚ（力）　対象：敵ランダム4回　対象：炎・氷・雷・風・土・水・聖・闇・修羅　効果：弱体特攻
八属性の力を刃に込めた、太古の極大奥義","","7419:アンゴルモア（Lv15）","0","0","30","森罗八王剑","剑技","威力：Ｚ（力）　対象：敵ランダム4回　対象：炎・氷・雷・風・土・水・聖・闇・修羅　効果：弱体特攻
将八种属性的力量凝聚于剑刃，太古的极大奥义","","7419:安哥尔摩亚（Lv15）","7"
"9016","乱れ雪月花","剣技","威力：ＺＺ（力）　対象：敵単体3回　属性：修羅・量子・ハドロン・ナノ
剣の奥義の中でも頂点の三技を連続で繰り出す究極奥義","7057:剣ヲ極メシ者（Lv16）","","0","0","40","纷乱雪月花","剑技","威力：ＺＺ（力）　対象：敵単体3回　属性：修羅・量子・ハドロン・ナノ
剑之奥义中的顶点三技连续施展的究极奥义","7057:剑之极致者（Lv16）","","7"
"9017","竜臥閃","剣技","威力：ＺＺ（力）　対象：敵全体　属性：修羅・核熱・終焉
竜のオーラで敵を滅ぼす、竜族に伝わる究極奥義","","7427:虚竜（Lv20）","0","0","50","龙卧闪","剑技","威力：ＺＺ（力）　対象：敵全体　属性：修羅・核熱・終焉
以龙之气息消灭敌人，龙族传承的究极奥义","","7427:虚龙（Lv20）","7"
"9018","覇光ノ刃・逆鱗","剣技","威力：ＳＳＳ（力）　対象：敵単体　効果：カウンター発動
静かに剣を構え、攻撃してきた相手を切り裂く奥義","","291:神竜（Lv11）","0","0","18","霸光之刃・逆鳞","剑技","威力：ＳＳＳ（力）　対象：敵単体　効果：カウンター発動
静谧地持剑，斩裂来袭的对手的奥义","","291:神龙（Lv11）","7"
"9019","発動：覇光ノ刃・逆鱗","剣技","ステート245","","","0","0","0","発動：覇光ノ刃・逆鱗","剑技","ステート245","","","7"
"9020","覇光ノ刃・護龍","剣技","威力：ＺＺ（力）　対象：敵単体　属性：修羅　効果：身代わり・カウンター発動
静かに剣を構え、自分や仲間に攻撃してきた相手を切り裂く秘奥義","","7427:虚竜（Lv2）","0","0","40","霸光之刃・护龙","剑技","威力：ＺＺ（力）　対象：敵単体　属性：修羅　効果：身代わり・カウンター発動
静谧地持剑，斩裂向自己或同伴攻击的对手的秘奥义","","7427:虚龙（Lv2）","7"
"9021","発動：覇光ノ刃・護龍","剣技","ステート246、職業7427","","","0","0","0","発動：覇光ノ刃・護龍","剑技","ステート246、職業7427","","","7"
"9022","天軍の剣","剣技","威力：４Ｚ（力）　対象：敵単体　属性：修羅・永劫
神に背く者を断罪する究極の一撃","","7436:天の軍団長（Lv20）","0","150","30","天军之剑","剑技","威力：４Ｚ（力）　対象：敵単体　属性：修羅・永劫
对违背神者施以究极审判的一击","","7436:天之军团长（Lv20）","7"
"9023","天軍滅星","剣技","威力：５Ｚ（力）　対象：敵単体　属性：修羅・永劫・終焉
神に背く者を断罪する究極の一撃","7071:ジャッジメント（Lv2）","","0","200","35","天军灭星","剑技","威力：５Ｚ（力）　対象：敵単体　属性：修羅・永劫・終焉
对违背神者施以究极审判的一击","7071:审判（Lv2）","","7"
"9024","次元断","剣技","威力：ＺＺＺ（力）　対象：敵全体　属性：修羅・永劫・終焉　効果：即死・強化解除
次元そのものを断裂させる混沌の一閃","","","0","180","30","次元断","剑技","威力：ＺＺＺ（力）　対象：敵全体　属性：修羅・永劫・終焉　効果：即死・強化解除
斩断次元的混沌一闪","","","7"
"9025","虚竜閃","剣技","威力：■■（力）　対象：敵全体　属性：修羅・核熱・永劫・終焉
聖魔融合による破壊の衝撃で全てを破壊する最大最強の剣閃","","","23%当前HP","500","100","虚龙闪","剑技","威力：■■（力）　対象：敵全体　属性：修羅・核熱・永劫・終焉
圣魔融合的破坏冲击，摧毁一切的最强剑闪","","","7"
"9029","クロス・ノイエ","尖剣技","威力：Ｂ（力・速）　対象：敵全体2回
敵全体にサーベルの二連突きを繰り出す技","7004:フェンサー（Lv9）","","0","0","6","新十字","尖剑技","威力：Ｂ（力・速）　対象：敵全体2回
对全体敌人施展双刀二连突刺的技能","7004:剑术家（Lv9）","","8"
"9030","トライ・グランテ","尖剣技","威力：Ａ（力・速）　対象：敵全体3回
敵全体にサーベルの三連突きを繰り出す奥義","7005:ノーブルフェンサー（Lv9）","","0","0","8","三重恩典","尖剑技","威力：Ａ（力・速）　対象：敵全体3回
对全体敌人施展三次连续突刺的奥义","7005:高贵剑士（Lv9）","","8"
"9031","エクスィス","尖剣技","威力：ＳＳＳ（力・速）　対象：敵ランダム6回
華麗に連続剣閃を繰り出す尖剣の秘奥義","7053:ラストノーブル（Lv2）","","0","0","18","存在之刃","尖剑技","威力：ＳＳＳ（力・速）　対象：敵ランダム6回
华丽地连续施展剑闪的尖剑秘奥义","7053:最后的贵族（Lv2）","","8"
"9032","ギャラクシア","尖剣技","威力：４Ｓ（力・速）　対象：敵単体5回　属性：銀河
銀河の力を凝縮し連続突きを繰り出す尖剣奥義","7053:ラストノーブル（Lv14）","","0","0","22","银河剑舞","尖剑技","威力：４Ｓ（力・速）　対象：敵単体5回　属性：銀河
凝聚银河之力施展连续突刺的尖剑奥义","7053:最后的贵族（Lv14）","","8"
"9033","魔王煉獄剣","尖剣技","威力：４Ｓ（力・速）　対象：敵単体3回　属性：修羅・核熱　効果：闇穢特攻・バーン
魔王の力を剣に宿した無慈悲なる核熱の奥義","","166:魔王（Lv20）","0","0","22","魔王炼狱剑","尖剑技","威力：４Ｓ（力・速）　対象：敵単体3回　属性：修羅・核熱　効果：闇穢特攻・バーン
将魔王之力注入剑中的无情核热奥义","","166:魔王（Lv20）","8"
"9034","ギャラクシア・エクス","尖剣技","威力：ＺＺ（力・速）　対象：敵単体6回　属性：修羅・銀河
銀河の力を一瞬で敵に何度も叩き込む究極の奥義","7058:全テヲ穿ツ者（Lv5）","","0","0","40","银河剑舞・极","尖剑技","威力：ＺＺ（力・速）　対象：敵単体6回　属性：修羅・銀河
瞬间将银河之力多次击打敌人的究极奥义","7058:贯穿一切者（Lv5）","","8"
"9035","アルテマエンデ","尖剣技","威力：ＺＺ（力・速）　対象：敵ランダム8回　属性：修羅・銀河
目にも止まらない動作で敵に何百発もの突きを叩き込む尖剣の究極奥義","7058:全テヲ穿ツ者（Lv12）","","0","0","40","究极终末","尖剑技","威力：ＺＺ（力・速）　対象：敵ランダム8回　属性：修羅・銀河
以目不暇接的动作向敌人施展数百次突刺的尖剑究极奥义","7058:贯穿一切者（Lv12）","","8"
"9036","魔煌炎舞","尖剣技","威力：ＺＺＺ（力・速）　対象：敵ランダム6回　属性：修羅・核熱　効果：闇穢特攻・バーン
核熱の刃を舞うように繰り出す魔族最強の尖剣奥義","","7414:大魔王（Lv2）","0","0","50","魔煌炎舞","尖剑技","威力：ＺＺＺ（力・速）　対象：敵ランダム6回　属性：修羅・核熱　効果：闇穢特攻・バーン
如舞动核热之刃般施展的魔族最强尖剑奥义","","7414:大魔王（Lv2）","8"
"9037","ドゥームズデイ","尖剣技","威力：５Ｚ（力・速）　対象：敵単体6回　属性：修羅・核熱・終焉
終末の日に用いられるという邪神の最大最強剣技","","7451:邪神（Lv15）","25%当前HP","0","70","末日审判","尖剑技","威力：５Ｚ（力・速）　対象：敵単体6回　属性：修羅・核熱・終焉
传说中在末日使用，邪神的最强剑技","","7451:邪神（Lv15）","8"
"9041","十四連斬","刀技","威力：ＳＳＳ（力・器）　対象：敵単体14回
一瞬で十四回もの斬撃を叩き込む奥義","7014:修羅（Lv2）","","0","0","18","十四连斩","刀技","威力：ＳＳＳ（力・器）　対象：敵単体14回
一瞬间施展十四次斩击的奥义","7014:修罗（Lv2）","","9"
"9042","黄泉奥義・幻狼剣","刀技","威力：ＳＳ（力・器）　対象：敵全体　属性：量子　効果：フリーズ特攻
幻の牙で敵を砕く、黄泉に伝わる刀の秘奥義","","174:妖怪王（Lv11）","0","0","17","黄泉奥义・幻狼剑","刀技","威力：ＳＳ（力・器）　対象：敵全体　属性：量子　効果：フリーズ特攻
用幻之牙粉碎敌人，黄泉传承的刀之秘奥义","","174:妖怪王（Lv11）","9"
"9043","無限連斬","刀技","威力：ＳＳＳ（力・器）　対象：敵ランダム6回　属性：修羅　効果：ヌルヌル特攻
数え切れないほどの刃を連続で繰り出す秘奥義","","273:インフィニティスキュラ（Lv15）","0","0","18","无限连斩","刀技","威力：ＳＳＳ（力・器）　対象：敵ランダム6回　属性：修羅　効果：ヌルヌル特攻
数不清的刀刃连续出击的秘奥义","","273:无限斯库拉（Lv15）","9"
"9044","修羅の舞い","刀技","威力：４Ｓ（力・器）　対象：敵単体3回　属性：修羅
舞うような修羅の剣技でいかなる敵も果てる混沌奥義","7014:修羅（Lv13）","","0","0","22","修罗之舞","刀技","威力：４Ｓ（力・器）　対象：敵単体3回　属性：修羅
以舞动的修罗剑技将任何敌人终结的混沌奥义","7014:修罗（Lv13）","","9"
"9045","神祖烈星斬","刀技","威力：Ｚ（力・器）　対象：敵全体　属性：修羅・終焉・銀河
流星のような斬撃を無数に繰り出す混沌奥義","7057:剣ヲ極メシ者（Lv7）","","0","0","40","神祖烈星斩","刀技","威力：Ｚ（力・器）　対象：敵全体　属性：修羅・終焉・銀河
如同流星般的斩击无数次施展的混沌奥义","7057:剑之极致者（Lv7）","","9"
"9046","終ノ閃","刀技","威力：ＺＺ（力・器）　対象：敵単体　属性：修羅・量子・終焉　効果：即死
万物を終局に導くという刀技の究極混沌奥義","7057:剣ヲ極メシ者（Lv14）","","0","0","40","终之闪","刀技","威力：ＺＺ（力・器）　対象：敵単体　属性：修羅・量子・終焉　効果：即死
引导万物走向终结的刀技究极混沌奥义","7057:剑之极致者（Lv14）","","9"
"9050","真・聖槍乱舞","槍技","威力：ＳＳＳ（力・速）　対象：敵ランダム6回　属性：永劫
聖なる波動を込めた突きを6連続で繰り出す究極乱舞奥義","7013:神竜の騎士（Lv8）","","0","30","9","真・圣枪乱舞","枪技","威力：ＳＳＳ（力・速）　対象：敵ランダム6回　属性：永劫
蕴含神圣波动的突刺连续施展6次的究极乱舞奥义","7013:神龙骑士（Lv8）","","10"
"9051","真・魔槍乱舞","槍技","威力：ＳＳＳ（力・速）　対象：敵ランダム6回　属性：終焉
闇の波動を込めた突きを6連続で繰り出す究極乱舞奥義","7013:神竜の騎士（Lv11）","","14%当前HP","0","9","真・魔枪乱舞","枪技","威力：ＳＳＳ（力・速）　対象：敵ランダム6回　属性：終焉
注入暗之波动的突刺连续六次施展的究极乱舞奥义","7013:神龙骑士（Lv11）","","10"
"9052","アルファケンタウリ","槍技","威力：ＳＳ（力・速）　対象：敵全体　効果：速攻
限界まで加速した槍を一閃させるケンタウロスの究極槍技","","244:百獣王（Lv13）","0","0","17","阿尔法半人马","枪技","威力：ＳＳ（力・速）　対象：敵全体　効果：速攻
极限加速的枪一闪而过的马人究极枪技","","244:百兽王（Lv13）","10"
"9053","銀河槍","槍技","威力：ＳＳ（力・速）　対象：敵全体　属性：銀河
槍に銀河のエネルギーを集中させ、一閃させる究極奥義","","282:神鳥（Lv17）","0","0","17","银河枪","枪技","威力：ＳＳ（力・速）　対象：敵全体　属性：銀河
将银河的能量集中在枪上，一闪而过的究极奥义","","282:神鸟（Lv17）","10"
"9054","スターダストエンド","槍技","威力：４Ｓ（力・速）　対象：敵単体　属性：銀河
銀河を終わらせるといわれる混沌奥義","7013:神竜の騎士（Lv14）","370:熾天使（Lv7）","0","0","22","星尘终结","枪技","威力：４Ｓ（力・速）　対象：敵単体　属性：銀河
据说能终结银河的混沌奥义","7013:神龙骑士（Lv14）","370:炽天使（Lv7）","10"
"9055","聖魔六乱撃","槍技","威力：Ｚ（力・速）　対象：敵ランダム6回　属性：永劫・終焉
聖と闇の相反する力で乱撃を繰り出す槍奥義","7058:全テヲ穿ツ者（Lv2）","","12%当前HP","40","10","圣魔六乱击","枪技","威力：Ｚ（力・速）　対象：敵ランダム6回　属性：永劫・終焉
以圣与暗相斥之力施展乱击的枪技奥义","7058:贯穿一切者（Lv2）","","10"
"9056","スターバーストノヴァ","槍技","威力：Ｚ（力・速）　対象：敵全体　属性：銀河
銀河規模の破壊をもたらすという究極の槍奥義","7058:全テヲ穿ツ者（Lv17）","","0","0","40","星爆新星","枪技","威力：Ｚ（力・速）　対象：敵全体　属性：銀河
带来银河规模破坏的究极枪技","7058:贯穿一切者（Lv17）","","10"
"9057","オメガケンタウリ","槍技","威力：Ｚ（力・速）　対象：敵全体　属性：修羅・ハドロン　効果：速攻
刹那の槍で全てを斬り裂くというケンタウロスの最終槍技","","7422:時の神獣（Lv8）","0","0","40","欧米伽半人马","枪技","威力：Ｚ（力・速）　対象：敵全体　属性：修羅・ハドロン　効果：速攻
以刹那之枪斩裂一切的马人最终枪技","","7422:时之神兽（Lv8）","10"
"9058","鳳凰無塵槍","槍技","威力：ＺＺ（力・速）　対象：敵単体　属性：核熱・ハドロン・銀河　効果：バーン
槍に不死鳥の力を宿し、核熱の炎で貫く究極奥義","","7426:フェニックス（Lv14）","0","0","40","凤凰无尘枪","枪技","威力：ＺＺ（力・速）　対象：敵単体　属性：核熱・ハドロン・銀河　効果：バーン
枪中寄宿着不死鸟的力量，以核热的火焰贯穿的究极奥义","","7426:凤凰（Lv14）","10"
"9059","天軍乱槍","槍技","威力：ＺＺＺ（力・速）　対象：敵ランダム5回　属性：修羅・永劫
天軍の長のみが使えるという聖槍の究極奥義","","7436:天の軍団長（Lv10）","0","120","25","天军乱枪","枪技","威力：ＺＺＺ（力・速）　対象：敵ランダム5回　属性：修羅・永劫
只有天军之长才能使用的圣枪究极奥义","","7436:天之军团长（Lv10）","10"
"9063","六王豪乱斧","斧技","威力：４Ｓ（力）　対象：敵ランダム6回　属性：修羅
戦神の破壊撃を6連続で繰り出す牛魔の斧奥義","","244:百獣王（Lv16）","0","0","22","六王豪乱斧","斧技","威力：４Ｓ（力）　対象：敵ランダム6回　属性：修羅
战神的破坏击连续6次发动的牛魔斧奥义","","244:百兽王（Lv16）","11"
"9064","破壊の化身","斧技","威力：Ｚ（力）　対象：敵全体　属性：修羅・テラ
破壊の化身と化し万物を粉砕する斧の最終奥義","7059:全テヲ壊ス者（Lv6）","","0","0","40","破坏的化身","斧技","威力：Ｚ（力）　対象：敵全体　属性：修羅・テラ
化身为破坏的化身，粉碎万物的斧之最终奥义","7059:破坏一切者（Lv6）","","11"
"9065","コスモレガシー","斧技","威力：ＺＺ（力）　対象：敵単体　属性：テラ・銀河
惑星と銀河のエネルギーを宿した斧を叩き込む混沌奥義","","7420:コスモス（Lv10）","0","0","40","宇宙遗产","斧技","威力：ＺＺ（力）　対象：敵単体　属性：テラ・銀河
将蕴含行星与银河能量的斧头猛击而下的混沌奥义","","7420:宇宙神蝶（Lv10）","11"
"9066","牛神四羅刹斧","斧技","威力：ＺＺＺ（力）　対象：敵ランダム4回　属性：修羅・ハドロン・テラ
星をも滅するほどの斧撃を四連続で繰り出す牛魔の究極斧奥義","","7422:時の神獣（Lv11）","0","0","50","牛神四罗刹斧","斧技","威力：ＺＺＺ（力）　対象：敵ランダム4回　属性：修羅・ハドロン・テラ
能毁灭星辰的四连斧击，牛魔的究极斧技","","7422:时之神兽（Lv11）","11"
"9070","土精大乱撃","棍技","威力：ＳＳＳ（力）　対象：敵ランダム4回　属性：テラ
大地の力を宿した棍で荒れ狂う強大な乱撃","","222:コスモフェアリー（Lv5）","0","0","18","土精大乱击","棍技","威力：ＳＳＳ（力）　対象：敵ランダム4回　属性：テラ
寄宿着大地之力的棍棒，狂暴的强大乱击","","222:宇宙妖精（Lv5）","12"
"9071","メテオブレイク","棍技","威力：４Ｓ（力）　対象：敵単体　属性：銀河・テラ　効果：スタン
隕石の如く繰り出される棍の一撃","7015:メテオブレイカー（Lv5）","","0","0","22","陨石粉碎","棍技","威力：４Ｓ（力）　対象：敵単体　属性：銀河・テラ　効果：スタン
如陨石般挥出的棍之一击","7015:流星破坏者（Lv5）","","12"
"9072","コスモクライシス","棍技","威力：Ｚ（力）　対象：敵全体　属性：修羅・テラ・銀河　効果：スタン
隕石の如く繰り出される棍の究極最終奥義","7059:全テヲ壊ス者（Lv2）","","0","0","40","宇宙危机","棍技","威力：Ｚ（力）　対象：敵全体　属性：修羅・テラ・銀河　効果：スタン
如陨石般挥出的棍棒究极奥义","7059:破坏一切者（Lv2）","","12"
"9073","魔骸消滅撃","棍技","威力：ＺＺ（力）　対象：敵単体　属性：修羅・終焉　効果：即死
流星のごとく強大な一撃で、敵単体を完全破壊する究極奥義","","7432:ノーライフキング（Lv12）","0","0","40","魔骸消灭击","棍技","威力：ＺＺ（力）　対象：敵単体　属性：修羅・終焉　効果：即死
如流星般强大的致命一击，彻底摧毁单体敌人的究极奥义","","7432:无生之王（Lv12）","12"
"9074","黄泉壊・出雲行","棍技","威力：ＺＺ（力）　対象：敵ランダム6回　属性：修羅・量子・終焉　効果：フリーズ特攻・フリーズ
敵全体に極限の乱打を浴びせ掛ける棍技の混沌奥義","","7415:マガツオオミカミ（Lv8）","0","0","40","黄泉崩坏・出云行","棍技","威力：ＺＺ（力）　対象：敵ランダム6回　属性：修羅・量子・終焉　効果：フリーズ特攻・フリーズ
对全体敌人施展极限乱打的棍技混沌奥义","","7415:祸津大御神（Lv8）","12"
"9075","ガイアの怒り","棍技","対象：使用者　効果：1ターン攻撃力強化・テラ付加・大幅強化
1ターンの間、攻撃力とテラ属性の威力を大幅に強化する","7059:全テヲ壊ス者（Lv15）","","0","0","10","盖亚之怒","棍技","対象：使用者　効果：1ターン攻撃力強化・テラ付加・大幅強化
1回合内，攻击力和大地属性的威力大幅强化","7059:破坏一切者（Lv15）","","12"
"9078","魔神黒鎌","鎌技","威力：４Ｓ（力or魔）　対象：敵単体　属性：修羅・終焉　効果：即死
魔神の力を込めた鎌で断裂する混沌奥義","","153:魔神（Lv2）","16%当前HP","0","11","魔神黑镰","镰技","威力：４Ｓ（力or魔）　対象：敵単体　属性：修羅・終焉　効果：即死
蕴含魔神之力的镰斩断混沌的奥义","","153:魔神（Lv2）","13"
"9079","禍津大鎌","鎌技","威力：ＺＺ（力or魔）　対象：敵単体　属性：修羅・量子・終焉　効果：フリーズ特攻
黄泉に連なり万死をもたらす混沌の鎌奥義","","7415:マガツオオミカミ（Lv2）","0","0","40","祸津大镰","镰技","威力：ＺＺ（力or魔）　対象：敵単体　属性：修羅・量子・終焉　効果：フリーズ特攻
连接黄泉带来万死的混沌镰奥义","","7415:祸津大御神（Lv2）","13"
"9080","エンドレスサイズ","鎌技","威力：ＺＺ（力or魔）　対象：敵ランダム4回　属性：修羅・永劫・終焉　効果：聖痕・闇穢特攻・即死
終焉に通じるという魔神の鎌乱舞奥義","","154:超魔神（Lv2）","20%当前HP","0","20","无尽之镰","镰技","威力：ＺＺ（力or魔）　対象：敵ランダム4回　属性：修羅・永劫・終焉　効果：聖痕・闇穢特攻・即死
通向终焉的魔神之镰乱舞奥义","","154:超魔神（Lv2）","13"
"9081","罪と罰","鎌技","威力：ＺＺ（力or魔）　対象：敵全体　属性：修羅・永劫・終焉　効果：昇天
罪の報いに神罰を与える獄主の鎌技奥義","","7441:死の獄卒（Lv16）","22%当前HP","0","25","罪与罚","镰技","威力：ＺＺ（力or魔）　対象：敵全体　属性：修羅・永劫・終焉　効果：昇天
给予罪孽报应的神罚狱主之镰技奥义","","7441:死之狱卒（Lv16）","13"
"9082","死神の鎌","鎌技","威力：ＺＺＺ（力or魔）　対象：敵単体　属性：修羅・核熱・終焉　効果：バーン特攻・即死
敵の魂を取り出し、無慈悲に刈り取る鎌技奥義","","7433:死神（Lv20）","22%当前HP","0","25","死神之镰","镰技","威力：ＺＺＺ（力or魔）　対象：敵単体　属性：修羅・核熱・終焉　効果：バーン特攻・即死
取出敌人的灵魂，无情收割的镰技艺奥义","","7433:死神（Lv20）","13"
"9083","エンドオブエンド","鎌技","威力：４Ｚ（力or魔）　対象：敵全体　属性：修羅・量子・終焉　効果：聖痕・闇穢特攻
混沌の力で万物の事象を断ち切る究極の鎌奥義","","7412:混沌の魔神（Lv13）","28%当前HP","0","35","终之终","镰技","威力：４Ｚ（力or魔）　対象：敵全体　属性：修羅・量子・終焉　効果：聖痕・闇穢特攻
混沌之力斩断万物现象的究极镰奥义","","7412:混沌的魔神（Lv13）","13"
"9087","スプラッシュストーム","弓技","威力：ＳＳ（力・器）　対象：敵全体　効果：スタン
敵の集団に何本もの矢を全方位から打ち込む弓奥義","7025:狩神（Lv2）","","0","0","17","溅射风暴","弓技","威力：ＳＳ（力・器）　対象：敵全体　効果：スタン
从全方位向敌群射出多支箭的弓术奥义","7025:狩神（Lv2）","","14"
"9088","アモールレイン","弓技","威力：ＳＳ（力・器）　対象：敵全体　属性：快楽　効果：敏感・誘惑
快楽の雨を降らせるキューピッドの最終弓奥義","","370:熾天使（Lv2）","0","0","17","爱之雨","弓技","威力：ＳＳ（力・器）　対象：敵全体　属性：快楽　効果：敏感・誘惑
降下快乐之雨的丘比特最终弓奥义","","370:炽天使（Lv2）","14"
"9089","核熱矢","弓技","威力：ＳＳＳ（力・器）　対象：敵単体　属性：核熱　効果：バーン
核熱のエネルギーを込めて打ち込まれる破壊的弓奥義","","300:百魔の王（Lv5）","0","0","18","核热矢","弓技","威力：ＳＳＳ（力・器）　対象：敵単体　属性：核熱　効果：バーン
核熱的能量注入，破坏性的弓技奥义","","300:百魔之王（Lv5）","14"
"9090","ハドロンアーチャー","弓技","威力：ＳＳＳ（力・器）　対象：敵全体　属性：ハドロン
ハドロンのエネルギーを照射する混沌奥義","7025:狩神（Lv14）","","0","0","21","强子弓箭手","弓技","威力：ＳＳＳ（力・器）　対象：敵全体　属性：ハドロン
照射强子能量的混沌奥义","7025:狩神（Lv14）","","14"
"9091","アンシェントグレイブ","弓技","威力：ＳＳＳ（力・器）　対象：敵全体　属性：修羅
太古に存在したエルフの始祖が用いたという伝説の弓奥義","","213:アルフ神族（Lv7）","0","0","21","远古之墓","弓技","威力：ＳＳＳ（力・器）　対象：敵全体　属性：修羅
传说中古代精灵始祖使用的弓技奥义","","213:亚尔夫神族（Lv7）","14"
"9092","アルフエレメント","弓技","威力：４Ｓ（力・器）　対象：敵単体　属性：修羅・炎・氷・雷
古代の神族が用いたという伝説の弓奥義","","213:アルフ神族（Lv20）","0","0","22","亚尔夫元素","弓技","威力：４Ｓ（力・器）　対象：敵単体　属性：修羅・炎・氷・雷
传说中古代神族使用的弓技奥义","","213:亚尔夫神族（Lv20）","14"
"9093","聖魔乱矢","弓技","威力：Ｚ（力・器）　対象：敵ランダム6回　属性：永劫・終焉
聖と闇の力を混ぜた矢を乱れ打つ奥義","7064:全テヲ撃チ抜ク者（Lv2）","","12%当前HP","40","10","圣魔乱矢","弓技","威力：Ｚ（力・器）　対象：敵ランダム6回　属性：永劫・終焉
将圣与闇之力混合的箭矢乱射的奥义","7064:全能击穿者（Lv2）","","14"
"9094","エメラルド・レイ","弓技","威力：Ｚ（力・器）　対象：敵全体　属性：修羅・ハドロン
ハドロンのエネルギーを凝縮し発射する最終混沌奥義","7064:全テヲ撃チ抜ク者（Lv10）","","0","0","40","翡翠之光","弓技","威力：Ｚ（力・器）　対象：敵全体　属性：修羅・ハドロン
将强子能量浓缩并发射的最终混沌奥义","7064:全能击穿者（Lv10）","","14"
"9095","八極の矢","弓技","威力：ＺＺ（力・器）　対象：敵単体　属性：炎・氷・雷・風・土・水・聖・闇・修羅
8つの属性を1本の矢に宿し、強大な元素反応を起こす弓の究極奥義","","7419:アンゴルモア（Lv2）","0","90","20","八极之矢","弓技","威力：ＺＺ（力・器）　対象：敵単体　属性：炎・氷・雷・風・土・水・聖・闇・修羅
将8种属性宿于一支箭上，引发强大元素反应的弓之究极奥义","","7419:安哥尔摩亚（Lv2）","14"
"9096","恐怖の大王","弓技","威力：ＺＺ（力・器）　対象：敵全体　属性：修羅・ハドロン・テラ・ナノ
世界を滅ぼすと予言された禁断の混沌奥義","","7419:アンゴルモア（Lv20）","0","0","50","恐怖之王","弓技","威力：ＺＺ（力・器）　対象：敵全体　属性：修羅・ハドロン・テラ・ナノ
预言将毁灭世界的禁忌混沌奥义","","7419:安哥尔摩亚（Lv20）","14"
"9097","絶滅矢","弓技","威力：Ｚ（力・器）　対象：敵単体　属性：修羅・終焉　効果：全種族特攻
あらゆる種族に特攻ダメージを与えるという禁忌の混沌奥義","","7428:次元侵蝕者（Lv8）","0","0","30","绝灭箭","弓技","威力：Ｚ（力・器）　対象：敵単体　属性：修羅・終焉　効果：全種族特攻
对所有种族造成特攻伤害的禁忌混沌奥义","","7428:次元侵蚀者（Lv8）","14"
"9098","サウザンドムーン","弓技","威力：ＺＺ（力・器）　対象：敵ランダム4回　属性：修羅・永劫・銀河
閃光の如き矢で月を貫くと伝えられる伝説の弓奥義","","7437:明けの明星（Lv15）","0","0","40","千月","弓技","威力：ＺＺ（力・器）　対象：敵ランダム4回　属性：修羅・永劫・銀河
传说中如闪光般的箭矢贯穿月亮的弓之奥义","","7437:璀璨之明星（Lv15）","14"
"9099","イスカリオテの雨","弓技","威力：Ｚ（力・器）　対象：敵全体　属性：永劫・ナイトメア　効果：敏感・誘惑
精神波を込めた矢を雨のように降らせるメタトローネの弓奥義","","7442:核動力天使（Lv5）","0","0","40","依斯加略之雨","弓技","威力：Ｚ（力・器）　対象：敵全体　属性：永劫・ナイトメア　効果：敏感・誘惑
注入精神波的箭矢如雨般降下的梅塔特隆妮的弓奥义","","7442:核动力天使（Lv5）","14"
"9100","シナイの神火","弓技","威力：ＺＺＺ（力・器）　対象：敵ランダム6回　属性：核熱・永劫　効果：バーン・昇天
メタトローネの繰り出す神威の究極弓奥義","","7442:核動力天使（Lv14）","0","120","25","西奈的神火","弓技","威力：ＺＺＺ（力・器）　対象：敵ランダム6回　属性：核熱・永劫　効果：バーン・昇天
梅塔特隆妮施展的神威究极弓奥义","","7442:核动力天使（Lv14）","14"
"9101","天上天下唯我独尊","弓技","威力：５Ｚ（力・器）　対象：敵ランダム6回　属性：イオン・ハドロン・永劫・銀河
女神イリアスが全力を込めて繰り出す神の一撃","","7450:創世の女神（Lv15）","0","200","35","天上天下唯我独尊","弓技","威力：５Ｚ（力・器）　対象：敵ランダム6回　属性：イオン・ハドロン・永劫・銀河
女神伊莉娅丝全力施展的神之一击","","7450:创世女神（Lv15）","14"
"9105","エンジェルスレイヤー","鞭技","威力：Ｓ（力・器）　対象：敵全体　属性：快楽　効果：天使特攻・麻痺
天使に大ダメージを与え一掃する鞭技奥義","7027:カオスバスター（Lv5）","","0","0","12","天使杀手","鞭技","威力：Ｓ（力・器）　対象：敵全体　属性：快楽　効果：天使特攻・麻痺
对天使造成巨大伤害并一扫而空的鞭技奥义","7027:混沌破坏者（Lv5）","","15"
"9106","カオスバスター","鞭技","威力：Ｓ（力・器）　対象：敵全体　属性：快楽　効果：アポトーシス特攻・麻痺
アポトーシスに大ダメージを与え一掃する鞭技奥義","7027:カオスバスター（Lv2）","","0","0","12","混沌破坏者","鞭技","威力：Ｓ（力・器）　対象：敵全体　属性：快楽　効果：アポトーシス特攻・麻痺
对凋零者造成巨大伤害并一扫而空的鞭技奥义","7027:混沌破坏者（Lv2）","","15"
"9107","竜神の舞い","鞭技","威力：ＳＳ（力・器）　対象：敵ランダム6回　属性：快楽・聖　効果：麻痺
竜神が舞うごとく鞭を踊らせる究極の乱撃奥義","7027:カオスバスター（Lv10）","","0","20","7","龙神之舞","鞭技","威力：ＳＳ（力・器）　対象：敵ランダム6回　属性：快楽・聖　効果：麻痺
龙神舞动鞭子，施展究极乱击奥义","7027:混沌破坏者（Lv10）","","15"
"9108","女王様の鞭","鞭技","威力：ＳＳ（力・器）　対象：敵全体　属性：快楽　効果：麻痺・恍惚・誘惑・拘束
様々な快楽状態異常を引き起こす女王様の鞭奥義","7027:カオスバスター（Lv7）","","10%当前HP","0","17","女王之鞭","鞭技","威力：ＳＳ（力・器）　対象：敵全体　属性：快楽　効果：麻痺・恍惚・誘惑・拘束
引发各种快乐状态异常的女王的鞭奥义","7027:混沌破坏者（Lv7）","","15"
"9109","ゼムスウィップ","鞭技","威力：ＳＳ（力・器）　対象：敵全体　属性：快楽
消滅の波動を鞭に宿し、敵全てを滅ぼす究極奥義","","327:世界樹花（Lv5）","0","0","17","泽姆斯鞭","鞭技","威力：ＳＳ（力・器）　対象：敵全体　属性：快楽
将毁灭的波动寄宿于鞭中，消灭所有敌人的究极奥义","","327:世界树之花（Lv5）","15"
"9110","世界樹の鞭","鞭技","威力：４Ｓ（力・器）　対象：敵ランダム4回　属性：快楽・バイオ　効果：毒・暗闇・沈黙・混乱・睡眠・麻痺
破滅的な状態異常を引き起こすという世界樹の鞭奥義","","327:世界樹花（Lv20）","0","0","22","世界树之鞭","鞭技","威力：４Ｓ（力・器）　対象：敵ランダム4回　属性：快楽・バイオ　効果：毒・暗闇・沈黙・混乱・睡眠・麻痺
引发毁灭性状态异常的世界树之鞭奥义","","327:世界树之花（Lv20）","15"
"9111","ハドロンスフィア","鞭技","威力：ＳＳＳ（力・器）　対象：敵全体　属性：快楽・ハドロン　効果：麻痺
ハドロンフィールドで周囲を消滅させる混沌奥義","7027:カオスバスター（Lv14）","","0","0","21","强子球","鞭技","威力：ＳＳＳ（力・器）　対象：敵全体　属性：快楽・ハドロン　効果：麻痺
在强子场中使周围消亡的混沌奥义","7027:混沌破坏者（Lv14）","","15"
"9112","ハドロンノヴァ","鞭技","威力：Ｚ（力・器）　対象：敵全体　属性：ハドロン・ナイトメア　効果：麻痺
ハドロンを凝縮した波動で敵を滅ぼす鞭の混沌奥義","7062:千ノ武具ヲ極メシ者（Lv12）","","0","0","40","强子新星","鞭技","威力：Ｚ（力・器）　対象：敵全体　属性：ハドロン・ナイトメア　効果：麻痺
用浓缩强子波动消灭敌人的鞭子混沌奥义","7062:千种武具之极致者（Lv12）","","15"
"9113","緑皇鞭","鞭技","威力：ＺＺＺ（力・器）　対象：敵ランダム6回　属性：修羅・ナイトメア　効果：複数
毒・暗闇・沈黙・混乱・睡眠・麻痺・石化・消化・即死を引き起こす悪夢の鞭奥義","","7431:千樹華音（Lv20）","0","0","50","绿皇鞭","鞭技","威力：ＺＺＺ（力・器）　対象：敵ランダム6回　属性：修羅・ナイトメア　効果：複数
引发中毒・黑暗・沉默・混乱・睡眠・麻痹・石化・消化・即死等恶梦鞭技奥义","","7431:千树华音（Lv20）","15"
"9114","黙示の神鞭","鞭技","威力：ＺＺ（力・器）　対象：敵全体5回　属性：ナイトメア・永劫　効果：昇天
終末の力を鞭に宿し、敵全てに裁きをもたらす究極奥義","","7438:慈愛の聖百合（Lv16）","0","90","20","启示的神鞭","鞭技","威力：ＺＺ（力・器）　対象：敵全体5回　属性：ナイトメア・永劫　効果：昇天
将终末之力寄宿于鞭中，对所有敌人施以裁决的究极奥义","","7438:慈爱的圣百合（Lv16）","15"
"9115","快楽の支配者","鞭技","対象：使用者　効果：快楽・ナイトメア強化・敵快楽弱点
自身の快楽ダメージを大幅に強化し、敵を快楽弱点にする","7067:快楽ヲ極メシ者（Lv13）","","0","0","10","快乐的支配者","鞭技","対象：使用者　効果：快楽・ナイトメア強化・敵快楽弱点
大幅强化自身的快乐伤害，使敌人成为快乐弱点","7067:极乐追求者（Lv13）","","15"
"9118","シールドバッシュ","投擲技","防具4291～4293","","","0","0","0","盾击","投掷技","防具4291～4293","","","16"
"9119","シールドスルー","投擲技","威力：Ｂ（防）　対象：敵全体
シールドを投げて敵全体を薙ぎ払う攻撃技","7008:シールドナイト（Lv4）","","0","0","6","盾穿","投掷技","威力：Ｂ（防）　対象：敵全体
投掷盾牌扫荡全体敌人的攻击技","7008:盾骑士（Lv4）","","16"
"9120","シールドスター","投擲技","威力：Ｓ（防）　対象：敵ランダム4回
敵の群れに連続でシールドを投げつける奥義","7009:キャプテンシールド（Lv4）","","0","0","10","盾之星","投掷技","威力：Ｓ（防）　対象：敵ランダム4回
向敌群连续投掷盾牌的奥义","7009:盾队长（Lv4）","","16"
"9121","シールドレガシー","投擲技","威力：ＳＳ（防）　対象：敵全体
シールドを投擲し敵全体を一掃する盾奥義","7055:シールドヒーロー（Lv14）","","0","0","17","盾之遗产","投掷技","威力：ＳＳ（防）　対象：敵全体
投掷盾牌一扫全体敌人的盾奥义","7055:盾牌英雄（Lv14）","","16"
"9122","シールドエンパイア","投擲技","威力：Ｚ（防）　対象：敵ランダム4回　属性：永劫
聖なる力を込めて盾を乱舞させる守護者の投擲奥義","7061:全テヲ護ル者（Lv5）","","0","60","15","盾之帝国","投掷技","威力：Ｚ（防）　対象：敵ランダム4回　属性：永劫
注入神圣之力乱舞盾的守护者投掷奥义","7061:守护一切者（Lv5）","","16"
"9123","シールドヒール","投擲技","対象：味方全体　効果：HP中回復・ディフレクト1回
（両手盾のみ）シールドを掲げ加護のオーラを振りまく回復技","7008:シールドナイト（Lv8）","","0","0","5","盾之治愈","投掷技","対象：味方全体　効果：HP中回復・ディフレクト1回
（仅限双手盾）举起盾牌，挥洒加护光环的恢复技能","7008:盾骑士（Lv8）","","16"
"9124","シールドエクスヒール","投擲技","対象：味方全体　効果：HP全回復・ディフレクト2回
（両手盾のみ）シールドを掲げ奇跡のオーラで満たす回復技","7055:シールドヒーロー（Lv4）","","0","0","30","盾之极致治愈","投掷技","対象：味方全体　効果：HP全回復・ディフレクト2回
（仅限双手盾）举起盾牌，用奇迹光环充满的恢复技能","7055:盾牌英雄（Lv4）","","16"
"9125","シールドリフレクト","投擲技","対象：使用者　効果：高確率で物理・魔法攻撃反射
（両手盾のみ）シールドで敵の攻撃を反射する防御技","7008:シールドナイト（Lv6）","","0","0","2","盾反射","投掷技","対象：使用者　効果：高確率で物理・魔法攻撃反射
（仅限双手盾）用盾反射敌人的攻击的防御技能","7008:盾骑士（Lv6）","","16"
"9126","アルティメットリフレクト","投擲技","対象：使用者　効果：高確率で物理・魔法・必中攻撃反射
（両手盾のみ）シールドで敵の攻撃を反射する防御奥義","7009:キャプテンシールド（Lv6）","","0","0","15","究极反射","投掷技","対象：使用者　効果：高確率で物理・魔法・必中攻撃反射
（仅限双手盾）用盾反射敌人的攻击的防御奥义","7009:盾队长（Lv6）","","16"
"9127","ダイヤモンドガード","投擲技","対象：味方全体　効果：物理無効
（両手盾のみ）強固なオーラで味方全体を物理攻撃から守る防御技","7008:シールドナイト（Lv10）","","0","40","10","钻石守护","投掷技","対象：味方全体　効果：物理無効
（仅限双手盾）用坚固的气场保护全体队友免受物理攻击的防御技能","7008:盾骑士（Lv10）","","16"
"9128","クリスタルガード","投擲技","対象：味方全体　効果：魔法無効
（両手盾のみ）神秘的なオーラで味方全体を魔法攻撃から守る防御技","7009:キャプテンシールド（Lv8）","","0","40","10","水晶守护","投掷技","対象：味方全体　効果：魔法無効
（仅限双手盾）用神秘的气场保护全体队友免受魔法攻击的防御技能","7009:盾队长（Lv8）","","16"
"9129","アダマンガード","投擲技","対象：味方全体　効果：万能半減
（両手盾のみ）強固なオーラで味方全体を万能攻撃から守る防御技","7055:シールドヒーロー（Lv11）","","0","180","30","坚石守护","投掷技","対象：味方全体　効果：万能半減
（仅限双手盾）用坚固的气场保护全体队友免受万能攻击的防御技能","7055:盾牌英雄（Lv11）","","16"
"9130","アルテマガード","投擲技","対象：味方全体　効果：物理・魔法無効・万能半減
（両手盾のみ）強固なオーラで味方全体を攻撃から守る究極防御技","7061:全テヲ護ル者（Lv2）","","0","300","50","究极守护","投掷技","対象：味方全体　効果：物理・魔法無効・万能半減
（仅限双手盾）用坚固的气场保护全体队友免受攻击的究极防御技能","7061:守护一切者（Lv2）","","16"
"9131","シールドアッセンブル","投擲技","対象：味方全体　効果：全ダメージ半減、その他支援効果
（両手盾のみ）シールドを掲げ味方全体を鼓舞する英雄的な奥義","7009:キャプテンシールド（Lv10）","","0","0","35","盾牌集结","投掷技","対象：味方全体　効果：全ダメージ半減、その他支援効果
（仅限双手盾）举起盾牌鼓舞全体队友的英雄奥义","7009:盾队长（Lv10）","","16"
"9132","ワールドアッセンブル","投擲技","対象：味方全体　効果：全ダメージ半減、その他支援効果
（両手盾のみ）シールドを掲げ味方全体を極限まで鼓舞する守護奥義","7061:全テヲ護ル者（Lv16）","","0","0","99","世界集结","投掷技","対象：味方全体　効果：全ダメージ半減、その他支援効果
（仅限双手盾）举起盾牌将全体队友鼓舞到极限的守护奥义","7061:守护一切者（Lv16）","","16"
"9133","ヘビィカウンター","投擲技","対象：使用者　効果：無効化反撃
2ターンの間、敵の斧技・棍技・鉄球技を無効化し反撃する","7055:シールドヒーロー（Lv8）","","0","0","4","重反击","投掷技","対象：使用者　効果：無効化反撃
2回合内，无效化敌人的斧技・棍技・铁球技并反击","7055:盾牌英雄（Lv8）","","16"
"9137","外なる神の扇","扇技","威力：ＺＺ（器・速）　対象：敵単体　属性：修羅・量子・ナノ
外宇宙のエネルギーを宿した不可知の混沌奥義","","7429:名状しがたきもの（Lv2）","0","0","40","外神之扇","扇技","威力：ＺＺ（器・速）　対象：敵単体　属性：修羅・量子・ナノ
宿有外宇宙能量的不可知混沌奥义","","7429:不可名状之物（Lv2）","18"
"9138","フェニックスレイ","扇技","威力：ＺＺ（器・速）　対象：敵全体　属性：核熱・ハドロン・銀河　効果：素早さ低下特攻・バーン
鳳凰の羽ばたきで全てを灼熱の中に消し去る究極奥義","","7426:フェニックス（Lv17）","0","0","50","凤凰射线","扇技","威力：ＺＺ（器・速）　対象：敵全体　属性：核熱・ハドロン・銀河　効果：素早さ低下特攻・バーン
凤凰的振翅将一切化为灼热之中的究极奥义","","7426:凤凰（Lv17）","18"
"9139","九星闇扇","扇技","威力：ＺＺＺ（器・速）　対象：敵ランダム9回　属性：修羅・テラ・終焉　効果：暗闇・沈黙
黄泉の瞬きが敵を無限に斬り裂く暗黒の奥義","","7423:白面金毛九尾の狐（Lv2）","22%当前HP","0","25","九星暗扇","扇技","威力：ＺＺＺ（器・速）　対象：敵ランダム9回　属性：修羅・テラ・終焉　効果：暗闇・沈黙
黄泉的闪光将敌人无限斩裂的黑暗奥义","","7423:白面金毛九尾狐（Lv2）","18"
"9143","カオスデスペラード","銃技","威力：ＳＳＳ（器）　対象：敵ランダム6回　属性：聖・闇
聖と闇の弾丸を混ぜ合わせて乱舞させる銃撃奥義","7026:銃神（Lv2）","","9%当前HP","20","6","混沌亡命徒","铳技","威力：ＳＳＳ（器）　対象：敵ランダム6回　属性：聖・闇
将圣与暗的子弹混合乱舞的枪击奥义","7026:铳神（Lv2）","","19"
"9144","魔弾乱舞","銃技","威力：ＳＳＳ（器）　対象：敵ランダム4回　属性：終焉
必滅の魔弾を乱舞させる銃技奥義","","361:ウェポンタイプ（Lv10）","14%当前HP","0","9","魔弹乱舞","铳技","威力：ＳＳＳ（器）　対象：敵ランダム4回　属性：終焉
乱舞必灭的魔弹的铳技奥义","","361:武器类型（Lv10）","19"
"9145","エクセリオン","銃技","威力：ＳＳＳ（器）　対象：敵全体
弾丸の飽和攻撃で空間自体を破壊する究極奥義","7026:銃神（Lv11）","","0","0","21","火凤凰","铳技","威力：ＳＳＳ（器）　対象：敵全体
子弹的饱和攻击将空间本身破坏的究极奥义","7026:铳神（Lv11）","","19"
"9146","サンズブラッド","銃技","威力：４Ｓ（器）　対象：敵ランダム4回　属性：修羅
修羅の弾丸を乱れ撃つ混沌奥義","7026:銃神（Lv14）","","0","0","22","三途血","铳技","威力：４Ｓ（器）　対象：敵ランダム4回　属性：修羅
修罗子弹乱击的混沌奥义","7026:铳神（Lv14）","","19"
"9147","跳弾乱舞","銃技","威力：Ｚ（器）　対象：敵全体　属性：修羅・永劫　効果：即死
無数の弾丸を跳弾させ、全方向から撃ち込むサンダルフォーネの奥義","","7442:核動力天使（Lv8）","0","0","40","跳弹乱舞","铳技","威力：Ｚ（器）　対象：敵全体　属性：修羅・永劫　効果：即死
无数的弹丸跳弹，从全方位射击的圣德芬妮的奥义","","7442:核动力天使（Lv8）","19"
"9148","白と黒の華","銃技","威力：ＺＺ（器）　対象：敵単体　属性：核熱・永劫・終焉
聖なる爆炎と闇の爆炎を同時に巻き起こす強力無比な奥義","7064:全テヲ撃チ抜ク者（Lv5）","","13%当前HP","60","13","白与黑的华","铳技","威力：ＺＺ（器）　対象：敵単体　属性：核熱・永劫・終焉
同时卷起神圣爆炎和暗之爆炎的无比强大的奥义","7064:全能击穿者（Lv5）","","19"
"9149","至高の魔弾","銃技","威力：ＺＺＺ（器）　対象：敵単体　属性：修羅・永劫・銀河
サンダルフォーネの繰り出す神威の究極銃奥義","","7442:核動力天使（Lv17）","0","120","25","至高的魔弹","铳技","威力：ＺＺＺ（器）　対象：敵単体　属性：修羅・永劫・銀河
圣德芬妮施展的神威究极铳奥义","","7442:核动力天使（Lv17）","19"
"9150","メギドブラッド","銃技","威力：ＺＺ（器）　対象：敵ランダム6回　属性：修羅・イオン
修羅の弾丸を乱射し敵を滅ぼす混沌奥義","7064:全テヲ撃チ抜ク者（Lv15）","","0","0","40","终末血弹","铳技","威力：ＺＺ（器）　対象：敵ランダム6回　属性：修羅・イオン
修罗的子弹乱射，消灭敌人的混沌奥义","7064:全能击穿者（Lv15）","","19"
"9151","メギドラグーン","銃技","威力：ＺＺ（器）　対象：敵ランダム9回　属性：修羅・イオン・終焉
闇の力を込めた弾丸を乱舞させる究極奥義","","7435:オメガタイプ（Lv15）","20%当前HP","0","20","黑龙弹舞","铳技","威力：ＺＺ（器）　対象：敵ランダム9回　属性：修羅・イオン・終焉
注入暗之力量的弹丸乱舞的究极奥义","","7435:欧米伽之型（Lv15）","19"
"9152","相殺の弾幕","銃技","対象：使用者　効果：無効化反撃
2ターンの間、敵の弓技・投擲技・銃技を無効化し反撃する","7026:銃神（Lv7）","","0","0","4","相消的弹幕","铳技","対象：使用者　効果：無効化反撃
2回合内，使敌人的弓技・投掷技・铳技无效并反击","7026:铳神（Lv7）","","19"
"9156","零拳","格闘","威力：ＳＳ（力・速）　対象：敵全体　属性：量子　効果：フリーズ
万物を凍結させる拳の乱打奥義","7016:拳神（Lv11）","","0","20","8","零拳","格闘","威力：ＳＳ（力・速）　対象：敵全体　属性：量子　効果：フリーズ
冻结万物的拳击乱打奥义","7016:拳神（Lv11）","","21"
"9157","電塵乱皇脚","格闘","威力：ＳＳＳ（力・速）　対象：敵ランダム4回　属性：イオン
電撃をまとった脚で蹴りの乱舞を繰り出す奥義","7016:拳神（Lv7）","","0","30","9","电尘乱皇脚","格闘","威力：ＳＳＳ（力・速）　対象：敵ランダム4回　属性：イオン
以带电的脚进行踢击乱舞的奥义","7016:拳神（Lv7）","","21"
"9158","破邪顕正","格闘","威力：ＳＳ（力・速）　対象：敵全体　属性：炎・聖
邪悪を滅ぼす神拳を敵に叩き込む聖奥義","7017:神の守護者（Lv2）","","0","27","8","破邪显正","格闘","威力：ＳＳ（力・速）　対象：敵全体　属性：炎・聖
将消灭邪恶的神拳击向敌人的神圣奥义","7017:神之守护者（Lv2）","","21"
"9159","真・瞬獄殺","格闘","威力：ＳＳＳ（力・速）　対象：敵単体4回　属性：終焉
暗黒のオーラをまといながら究極の連撃を繰り出す闇奥義","7016:拳神（Lv4）","","14%当前HP","0","9","真・瞬狱杀","格闘","威力：ＳＳＳ（力・速）　対象：敵単体4回　属性：終焉
暗黑气息缠绕，发动究极连击的暗黑奥义","7016:拳神（Lv4）","","21"
"9160","バステトオルギア","格闘","威力：ＳＳＳ（力・速）　対象：敵ランダム4回　属性：修羅　効果：暗闇・麻痺
猫神の力を解き放ち本能のままに乱れ狂う究極の猫奥義","","244:百獣王（Lv10）","0","0","18","芭丝特狂欢","格闘","威力：ＳＳＳ（力・速）　対象：敵ランダム4回　属性：修羅　効果：暗闇・麻痺
解放猫神之力，狂乱本能的究极猫奥义","","244:百兽王（Lv10）","21"
"9161","神竜乱掌","格闘","威力：ＳＳＳ（力・速）　対象：敵ランダム4回　属性：核熱
高熱を帯びた拳を乱舞させ、敵集団を圧倒する竜族の拳技","","291:神竜（Lv8）","0","0","18","神龙乱掌","格闘","威力：ＳＳＳ（力・速）　対象：敵ランダム4回　属性：核熱
高热附着的拳头乱舞，压倒敌群的龙族拳技","","291:神龙（Lv8）","21"
"9162","神蟲大乱拳","格闘","威力：ＳＳＳ（力・速）　対象：敵ランダム4回　属性：修羅
強靱なる肉体を駆使して繰り出す神蟲の究極格闘奥義","","318:神蟲（Lv14）","0","0","18","神虫大乱拳","格闘","威力：ＳＳＳ（力・速）　対象：敵ランダム4回　属性：修羅
运用坚韧肉体施展的神虫究极格斗奥义","","318:神虫（Lv14）","21"
"9163","破滅の鉄槌","格闘","威力：４Ｓ（力・速）　対象：敵単体3回　属性：修羅
全てを破滅させる拳の混沌奥義","7016:拳神（Lv13）","","0","0","22","破灭之铁锤","格闘","威力：４Ｓ（力・速）　対象：敵単体3回　属性：修羅
毁灭一切的拳之混沌奥义","7016:拳神（Lv13）","","21"
"9164","修羅爆裂拳","格闘","威力：ＺＺ（力・速）　対象：敵ランダム6回　属性：核熱・修羅
必滅の力を込めた拳を連続で撃ち込む混沌の格闘奥義","7060:拳ヲ極メシ者（Lv15）","","0","0","40","修罗爆裂拳","格闘","威力：ＺＺ（力・速）　対象：敵ランダム6回　属性：核熱・修羅
注入必灭之力的拳连续击打的混沌格斗奥义","7060:拳之极致者（Lv15）","","21"
"9165","聖天轟裂撃","格闘","威力：Ｚ（力・速）　対象：敵単体　属性：修羅・永劫
聖なる気を全身に集め、大地ごと敵を砕く奥義","7060:拳ヲ極メシ者（Lv2）","","0","60","15","圣天轰裂击","格闘","威力：Ｚ（力・速）　対象：敵単体　属性：修羅・永劫
将神圣之气聚集全身，将敌人连同大地一起粉碎的奥义","7060:拳之极致者（Lv2）","","21"
"9166","魔天冥煌撃","格闘","威力：Ｚ（力・速）　対象：敵単体　属性：修羅・終焉
闇の気を全身に集め、一気に炸裂させる奥義","7060:拳ヲ極メシ者（Lv2）","","18%当前HP","0","15","魔天冥煌击","格闘","威力：Ｚ（力・速）　対象：敵単体　属性：修羅・終焉
将暗之气聚集全身，一口气炸裂的奥义","7060:拳之极致者（Lv2）","","21"
"9167","覆滅陰陽掌","格闘","威力：ＺＺ（力・速）　対象：敵単体　属性：修羅・風・土・水
陰陽の力を拳に集中し、敵へと叩き込む最上級の秘奥義","7060:拳ヲ極メシ者（Lv9）","","0","90","20","覆灭阴阳掌","格闘","威力：ＺＺ（力・速）　対象：敵単体　属性：修羅・風・土・水
将阴阳之力集中于拳，向敌人猛击的最上乘秘奥义","7060:拳之极致者（Lv9）","","21"
"9168","神閃・猫撫","格闘","威力：ＺＺ（力・速）　対象：敵ランダム6回　属性：修羅・イオン　効果：暗闇・麻痺
混沌に触れた猫神が縦横無尽に荒れ狂う最後の究極猫奥義","","7422:時の神獣（Lv5）","0","0","40","神闪・猫抚","格闘","威力：ＺＺ（力・速）　対象：敵ランダム6回　属性：修羅・イオン　効果：暗闇・麻痺
触碰到混沌的猫神纵横无忌地狂乱舞动的最终究极猫奥义","","7422:时之神兽（Lv5）","21"
"9169","九星覇影弾","格闘","威力：ＺＺ（力・速）　対象：敵ランダム9回　属性：修羅・核熱
流星の如く気弾を乱射し、敵の群れを消滅させる奥義","","7427:虚竜（Lv17）","0","0","40","九星霸影弹","格闘","威力：ＺＺ（力・速）　対象：敵ランダム9回　属性：修羅・核熱
如流星般乱射气弹，消灭敌群的奥义","","7427:虚龙（Lv17）","21"
"9170","那由他乱舞","格闘","威力：ＺＺ（力・速）　対象：敵ランダム5回　属性：修羅・銀河
何本もの腕で連続猛撃を放つ虫族の究極格闘奥義","","7430:バアル・ゼブブ（Lv17）","0","0","40","那由他乱舞","格闘","威力：ＺＺ（力・速）　対象：敵ランダム5回　属性：修羅・銀河
用多只手臂连续猛击的虫族究极格斗奥义","","7430:巴力・西卜（Lv17）","21"
"9171","アトミックインパクト","格闘","威力：ＺＺ（力・速）　対象：敵全体　属性：修羅・核熱・永劫
決戦兵器として造られた肉体の力を振り絞ったウリエラの必殺拳","","7440:天界決戦兵器（Lv11）","0","0","50","原子冲击","格闘","威力：ＺＺ（力・速）　対象：敵全体　属性：修羅・核熱・永劫
作为决战兵器制造的肉体力量全力释放的乌列艾拉必杀拳","","7440:天界决战兵器（Lv11）","21"
"9172","炎拳氷巴","格闘","威力：Ｚ（力・速）　対象：敵全体　属性：修羅・核熱・量子
炎と氷の対反応を引き起こす、魅凪が編み出した格闘奥義","","","0","90","20","炎拳冰巴","格闘","威力：Ｚ（力・速）　対象：敵全体　属性：修羅・核熱・量子
引发炎与冰的反反应，魅凪创造的格斗奥义","","","21"
"9173","天地開闢拳","格闘","威力：４Ｚ（全）　対象：敵全体　属性：修羅・永劫・終焉
聖と闇の混沌消滅を引き起こす、魅凪が編み出した最終奥義","","","0","225","35","天地开辟拳","格闘","威力：４Ｚ（全）　対象：敵全体　属性：修羅・永劫・終焉
引发圣与暗的混沌消亡，魅凪编创的最终奥义","","","21"
"9174","メギドハーロット","格闘","威力：ＺＺ（器or速）　対象：敵ランダム4回　属性：修羅・ナイトメア　効果：恍惚・誘惑特攻・絶頂
悪夢の力で敵を蹂躙し尽くす快楽格闘奥義","","7416:バビロンの大淫婦（Lv11）","0","0","40","破灭淫娼","格闘","威力：ＺＺ（器or速）　対象：敵ランダム4回　属性：修羅・ナイトメア　効果：恍惚・誘惑特攻・絶頂
以恶梦之力蹂躏敌人，带来快乐的格斗奥义","","7416:巴比伦的大淫妇（Lv11）","21"
"9178","ラピッドヒール","白魔法","対象：味方全体　効果：HP大回復・速攻
大量のMPを消費するものの、ターンの最初に発動する最高位回復魔法","7022:永劫魔導師（Lv9）","","0","250","0","快速治愈","白魔法","対象：味方全体　効果：HP大回復・速攻
虽然消耗大量MP，但在回合开始时发动的最高级恢复魔法","7022:永劫魔导师（Lv9）","","22"
"9179","ディレイヒール","白魔法","対象：味方全体　効果：HP大回復・遅攻
ターン終了後に発動し、一気にパーティの体勢を立て直す回復魔法","7022:永劫魔導師（Lv2）","","0","20","0","延迟治愈","白魔法","対象：味方全体　効果：HP大回復・遅攻
回合结束后发动，一口气恢复队伍的体力并恢复状态的魔法","7022:永劫魔导师（Lv2）","","22"
"9180","コスモヒール","白魔法","対象：味方全体　効果：毎ターンHP中回復
味方全体の体力回復効果が4ターンの間発動し続ける","","7438:慈愛の聖百合（Lv8）","0","40","0","宇宙治愈","白魔法","対象：味方全体　効果：毎ターンHP中回復
我方全体的体力恢复效果将持续4回合","","7438:慈爱的圣百合（Lv8）","22"
"9181","発動：コスモヒール","白魔法","対象：味方全体　効果：HP中回復
ステート366","","","0","0","0","発動：コスモヒール","白魔法","対象：味方全体　効果：HP中回復
ステート366","","","22"
"9182","ハイレイズ","白魔法","対象：味方単体　効果：完全蘇生・SP全回復
味方単体を体力とSPが全快した状態で蘇生させる魔法","7022:永劫魔導師（Lv6）","","0","40","0","高级复活","白魔法","対象：味方単体　効果：完全蘇生・SP全回復
将我方单体以体力和SP全满的状态复活的魔法","7022:永劫魔导师（Lv6）","","22"
"9183","リレイズ","白魔法","対象：味方単体　効果：戦闘不能時復活
聖なる加護により、戦闘不能時に自動蘇生するようになる魔法","7022:永劫魔導師（Lv11）","","0","25","0","重生","白魔法","対象：味方単体　効果：戦闘不能時復活
神圣的加护使得战斗不能时自动复活","7022:永劫魔导师（Lv11）","","22"
"9184","ブレイブ","白魔法","対象：味方単体　効果：SP中回復
勇気を高めSPを回復させる魔法","7022:永劫魔導師（Lv4）","","0","20","0","勇气","白魔法","対象：味方単体　効果：SP中回復
提升勇气并恢复SP的魔法","7022:永劫魔导师（Lv4）","","22"
"9185","エターナル","白魔法","威力：ＳＳＳ（魔or精）　対象：敵全体　属性：永劫
永劫の力で闇を消滅させる混沌の魔法","7022:永劫魔導師（Lv14）","","0","80","0","永恒","白魔法","威力：ＳＳＳ（魔or精）　対象：敵全体　属性：永劫
用永劫之力消灭黑暗的混沌魔法","7022:永劫魔导师（Lv14）","","22"
"9186","マグニフィセントワン","白魔法","威力：４Ｓ（魔or精）　対象：敵単体　属性：イオン
混沌の雷を降り注がせる魔法","7023:ソーサラースプリーム（Lv7）","","0","80","0","壮丽一击","白魔法","威力：４Ｓ（魔or精）　対象：敵単体　属性：イオン
降下混沌之雷的魔法","7023:至高魔法师（Lv7）","","22"
"9187","アヴェマリア","白魔法","威力：Ｚ（魔or精）　対象：敵全体　属性：永劫　効果：昇天
神威により神敵を抹消する究極の聖魔法","7063:全テヲ識ル者（Lv7）","","0","180","0","圣母颂","白魔法","威力：Ｚ（魔or精）　対象：敵全体　属性：永劫　効果：昇天
神威抹消神敌的究极圣魔法","7063:全知者（Lv7）","","22"
"9188","リリーマルレーン","白魔法","威力：ＺＺ（魔or精）　対象：敵単体　属性：量子・永劫　効果：フリーズ・昇天
聖エネルギーで敵を空間ごと氷結させる究極の氷魔法","","7438:慈愛の聖百合（Lv12）","0","180","0","莉莉玛莲","白魔法","威力：ＺＺ（魔or精）　対象：敵単体　属性：量子・永劫　効果：フリーズ・昇天
用圣能量将敌人连同空间一起冻结的究极冰魔法","","7438:慈爱的圣百合（Lv12）","22"
"9189","オーバーマヒール","白魔法","威力：ＳＳ（魔or精）　対象：敵全体
過剰な代謝負荷によって肉体を崩壊させる禁断の魔法","","264:ウロボロス（Lv5）","0","17","0","超逆愈","白魔法","威力：ＳＳ（魔or精）　対象：敵全体
通过过度的代谢负荷使肉体崩溃的禁忌魔法","","264:衔尾蛇（Lv5）","22"
"9190","オーバーヘブン","白魔法","威力：Ｚ（魔）　対象：敵全体　属性：永劫　効果：昇天
魂そのものをも消滅させるという究極の昇天魔法","7080:全テヲ癒ス者（Lv4）","7439:律法の守護者（Lv18）","0","180","0","超天堂","白魔法","威力：Ｚ（魔）　対象：敵全体　属性：永劫　効果：昇天
使灵魂本身也消亡的究极升天魔法","7080:全治愈者（Lv4）","7439:律法的守护者（Lv18）","22"
"9192","ガンマバースト","黒魔法","威力：ＳＳ（魔）　対象：敵全体　属性：核熱
世界を核の炎で包む混沌魔法","7018:終焉魔導師（Lv2）","","0","55","0","伽马爆发","黑魔法","威力：ＳＳ（魔）　対象：敵全体　属性：核熱
用核炎包裹世界的混沌魔法","7018:终焉魔导师（Lv2）","","23"
"9193","ガンマテンペスト","黒魔法","威力：ＳＳＳ（魔）　対象：敵ランダム6回　属性：核熱
敵の群れを核熱の竜巻で巻き込む混沌魔法","","157:ワームエンプレス（Lv2）","0","60","0","伽马烈风","黑魔法","威力：ＳＳＳ（魔）　対象：敵ランダム6回　属性：核熱
用核热龙卷风卷入敌群的混沌魔法","","157:蠕虫女皇（Lv2）","23"
"9194","クァンタゾーン","黒魔法","威力：ＳＳ（魔）　対象：敵全体　属性：量子
量子に干渉し空間を凍結させる混沌魔法","7018:終焉魔導師（Lv5）","","0","55","0","量子区域","黑魔法","威力：ＳＳ（魔）　対象：敵全体　属性：量子
干涉量子冻结空间的混沌魔法","7018:终焉魔导师（Lv5）","","23"
"9195","クァンタストーム","黒魔法","威力：ＳＳＳ（魔）　対象：敵ランダム6回　属性：量子
敵の群れを量子の竜巻で巻き込む混沌魔法","","157:ワームエンプレス（Lv5）","0","60","0","量子风暴","黑魔法","威力：ＳＳＳ（魔）　対象：敵ランダム6回　属性：量子
用量子龙卷风卷入敌群的混沌魔法","","157:蠕虫女皇（Lv5）","23"
"9196","イオンブラスト","黒魔法","威力：ＳＳ（魔）　対象：敵全体　属性：イオン
イオンに干渉し強力な雷を発生させる混沌魔法","7018:終焉魔導師（Lv8）","","0","55","0","离子冲击","黑魔法","威力：ＳＳ（魔）　対象：敵全体　属性：イオン
干涉离子产生强力雷电的混沌魔法","7018:终焉魔导师（Lv8）","","23"
"9197","イオンハリケーン","黒魔法","威力：ＳＳＳ（魔）　対象：敵ランダム6回　属性：イオン
敵の群れをイオンの竜巻で巻き込む混沌魔法","","157:ワームエンプレス（Lv8）","0","60","0","离子飓风","黑魔法","威力：ＳＳＳ（魔）　対象：敵ランダム6回　属性：イオン
用离子龙卷风卷入敌群的混沌魔法","","157:蠕虫女皇（Lv8）","23"
"9198","エクスエアロ","黒魔法","威力：ＳＳ（魔）　対象：敵全体　属性：ハドロン
ハドロン干渉により烈風を引き起こす混沌魔法","","183:リリスナイトメア（Lv5）","0","55","0","极限空气","黑魔法","威力：ＳＳ（魔）　対象：敵全体　属性：ハドロン
通过强子干涉引发烈风的混沌魔法","","183:莉莉丝梦魇（Lv5）","23"
"9199","エメラルドナイト","黒魔法","威力：Ｚ（魔）　対象：敵全体　属性：ハドロン
ハドロン干渉により大規模な破壊をもたらす最上級混沌魔法","","7416:バビロンの大淫婦（Lv5）","0","180","0","翡翠之夜","黑魔法","威力：Ｚ（魔）　対象：敵全体　属性：ハドロン
通过强子干涉引发大规模破坏的最上级混沌魔法","","7416:巴比伦的大淫妇（Lv5）","23"
"9200","エクスクェイク","黒魔法","威力：ＳＳ（魔）　対象：敵全体　属性：テラ
テラ干渉により大地のエネルギーを噴出させる混沌魔法","","253:零尾の狐（Lv8）","0","55","0","极限地震","黑魔法","威力：ＳＳ（魔）　対象：敵全体　属性：テラ
通过大地干涉引发大地能量的喷发混沌魔法","","253:零尾之狐（Lv8）","23"
"9201","アンバーガイア","黒魔法","威力：Ｚ（魔）　対象：敵全体　属性：テラ
テラ干渉により大規模な破壊をもたらす最上級混沌魔法","","7423:白面金毛九尾の狐（Lv5）","0","180","0","琥珀盖亚","黑魔法","威力：Ｚ（魔）　対象：敵全体　属性：テラ
通过大地干涉引发大规模破坏的最上级混沌魔法","","7423:白面金毛九尾狐（Lv5）","23"
"9202","エクスウェイブ","黒魔法","威力：ＳＳ（魔）　対象：敵全体　属性：ナノ
ナノ干渉により大海嘯を巻き起こす混沌魔法","","202:伝説の神魚（Lv2）","0","55","0","极限波浪","黑魔法","威力：ＳＳ（魔）　対象：敵全体　属性：ナノ
通过纳米干涉引发大海啸的混沌魔法","","202:传说之神鱼（Lv2）","23"
"9203","ブループラネット","黒魔法","威力：Ｚ（魔）　対象：敵全体　属性：ナノ
ナノ干渉により大規模な破壊をもたらす最上級混沌魔法","","7418:ワールドドロウン（Lv5）","0","180","0","苍蓝行星","黑魔法","威力：Ｚ（魔）　対象：敵全体　属性：ナノ
通过纳米干涉引发大规模破坏的最上级混沌魔法","","7418:世界沉没者（Lv5）","23"
"9204","カオスリバレート","黒魔法","威力：ＳＳＳ（魔）　対象：敵全体　属性：終焉
混沌の力を解放し、全てを滅ぼす究極魔法","7018:終焉魔導師（Lv14）","","16%当前HP","80","0","混沌解放","黑魔法","威力：ＳＳＳ（魔）　対象：敵全体　属性：終焉
解放混沌之力，毁灭一切的究极魔法","7018:终焉魔导师（Lv14）","","23"
"9205","トリニティ","黒魔法","威力：４Ｓ（魔）　対象：敵全体　属性：炎・氷・雷
魔導の根源である三属性の力を融合させた最上位攻撃魔法","7023:ソーサラースプリーム（Lv12）","","0","100","0","三位一体","黑魔法","威力：４Ｓ（魔）　対象：敵全体　属性：炎・氷・雷
融合了魔法根源的三属性力量的最上级攻击魔法","7023:至高魔法师（Lv12）","","23"
"9206","オーバーカーズ","黒魔法","威力：４Ｓ（魔）　対象：敵全体　属性：バイオ・銀河　効果：毒・暗闇・沈黙・混乱・睡眠・麻痺
強力な呪いにより破滅的な状態異常を引き起こす究極魔法","7023:ソーサラースプリーム（Lv2）","","0","100","0","超诅咒","黑魔法","威力：４Ｓ（魔）　対象：敵全体　属性：バイオ・銀河　効果：毒・暗闇・沈黙・混乱・睡眠・麻痺
强力诅咒引发毁灭性状态异常的究极魔法","7023:至高魔法师（Lv2）","","23"
"9207","アポカリプス","黒魔法","威力：Ｚ（魔）　対象：敵全体　属性：核熱・量子・イオン・終焉
終焉をもたらす究極の破壊魔法","7063:全テヲ識ル者（Lv10）","","18%当前HP","180","0","启示录","黑魔法","威力：Ｚ（魔）　対象：敵全体　属性：核熱・量子・イオン・終焉
带来终焉的究极破坏魔法","7063:全知者（Lv10）","","23"
"9208","オーバーデス","黒魔法","威力：Ｚ（魔）　対象：敵全体　属性：終焉・銀河　効果：即死
死そのものをも終焉させるという究極の即死魔法","","7433:死神（Lv2）","18%当前HP","180","0","超死亡","黑魔法","威力：Ｚ（魔）　対象：敵全体　属性：終焉・銀河　効果：即死
连死亡本身都终结的究极即死魔法","","7433:死神（Lv2）","23"
"9209","アシェンライト","黒魔法","威力：ＺＺ（魔）　対象：敵単体　属性：修羅・イオン・永劫　効果：魔法防御ダウン
永劫の光で神敵を塵まで消滅させる、唯一無二の聖なる黒魔法","","7437:明けの明星（Lv10）；7439:律法の守護者（Lv16）","0","180","0","灰光","黑魔法","威力：ＺＺ（魔）　対象：敵単体　属性：修羅・イオン・永劫　効果：魔法防御ダウン
用永劫之光将神敌消灭至尘埃的唯一神圣黑魔法","","7437:璀璨之明星（Lv10）；7439:律法的守护者（Lv16）","23"
"9210","オーバーロード","黒魔法","威力：可変　対象：敵全体
全ての魔力を破壊の力に変換し、一気に解放する究極魔法","48:森羅万象士（Lv10）","","0","100%当前MP","0","超负荷","黑魔法","威力：可変　対象：敵全体
将所有魔力转化为破坏之力，一口气释放的究极魔法","48:森罗万象士（Lv10）","","23"
"9211","ヴァイブ","黒魔法","威力：Ｃ（魔）　対象：敵全体　属性：快楽　効果：敏感
性感帯を振動させ、敵に刺激を与える快楽魔法","","180:ウィッチサキュバス（Lv2）","0","10","0","振动棒","黑魔法","威力：Ｃ（魔）　対象：敵全体　属性：快楽　効果：敏感
通过振动性感带，给予敌人刺激的快乐魔法","","180:女巫魅魔（Lv2）","23"
"9212","ジェル","黒魔法","威力：Ｃ（魔）　対象：敵全体　属性：快楽　効果：ヌルヌル
ネバネバの粘液を敵に絡み付かせる快楽魔法","","180:ウィッチサキュバス（Lv3）","0","10","0","凝胶","黑魔法","威力：Ｃ（魔）　対象：敵全体　属性：快楽　効果：ヌルヌル
用黏糊糊的粘液缠绕敌人的快乐魔法","","180:女巫魅魔（Lv3）","23"
"9213","バストユニオン","黒魔法","威力：Ｂ（魔）　対象：敵全体　属性：快楽　効果：恍惚
周囲の空間を魅惑の乳房で包む快楽魔法","","","0","15","0","胸部联合","黑魔法","威力：Ｂ（魔）　対象：敵全体　属性：快楽　効果：恍惚
用魅惑的乳房包围周围空间的快乐魔法","","","23"
"9214","グランスアード","黒魔法","威力：Ａ（魔）　対象：敵全体　属性：快楽　効果：恍惚
粘液で敵の体を嫐り尽くす最上級快楽魔法","","181:アークサキュバス（Lv8）","0","20","0","媚香地域","黑魔法","威力：Ａ（魔）　対象：敵全体　属性：快楽　効果：恍惚
用粘液彻底折磨敌人的最上级快乐魔法","","181:大魅魔（Lv8）","23"
"9215","ナノタイド","黒魔法","威力：ＳＳＳ（魔）　対象：敵単体　属性：ナノ・快楽　効果：ヌルヌル特攻・絶頂
水素原子の振動により強烈な快感を与える究極快楽魔法","","157:ワームエンプレス（Lv11）；327:世界樹花（Lv11）","0","60","0","纳米潮汐","黑魔法","威力：ＳＳＳ（魔）　対象：敵単体　属性：ナノ・快楽　効果：ヌルヌル特攻・絶頂
通过氢原子的振动给予强烈快感的究极快乐魔法","","157:蠕虫女皇（Lv11）；327:世界树之花（Lv11）","23"
"9216","メルティベノン","黒魔法","威力：Ｚ（魔）　対象：敵全体　属性：ナノ・バイオ・ナイトメア　効果：ヌルヌル・絶頂
快楽神経に侵蝕する粘液で敵集団を蹂躙する混沌快楽魔法","","7431:千樹華音（Lv5）","0","180","0","溶解毒液","黑魔法","威力：Ｚ（魔）　対象：敵全体　属性：ナノ・バイオ・ナイトメア　効果：ヌルヌル・絶頂
用侵蚀快乐神经的粘液蹂躏敌群的混沌快乐魔法","","7431:千树华音（Lv5）","23"
"9217","プレジャーパルス","黒魔法","威力：Ｚ（魔）　対象：敵ランダム6回　属性：イオン・ナイトメア 効果：敏感
快楽神経に直接作用する電撃を連続で放つ混沌魔法","","7413:万魔の宿主（Lv5）","0","120","0","欢乐脉冲","黑魔法","威力：Ｚ（魔）　対象：敵ランダム6回　属性：イオン・ナイトメア 効果：敏感
连续释放直接作用于快乐神经的电击的混沌魔法","","7413:万魔之宿主（Lv5）","23"
"9218","ダークドリーム","黒魔法","威力：ＺＺ（魔）　対象：敵全体　属性：ナイトメア・永劫・終焉・銀河　効果：恍惚・即死・絶頂
混沌の力により悪夢の快楽空間を展開する禁忌の混沌魔法","","7439:律法の守護者（Lv8）","16%当前HP","270","0","黑暗梦境","黑魔法","威力：ＺＺ（魔）　対象：敵全体　属性：ナイトメア・永劫・終焉・銀河　効果：恍惚・即死・絶頂
用混沌之力展开恶梦快乐空间的禁忌混沌魔法","","7439:律法的守护者（Lv8）","23"
"9222","オーバースロウ","時魔法","対象：敵単体　効果：全行動遅攻
相手の時間を遅らせ、最遅で行動させる魔法","7019:銀河魔導師（Lv2）","","0","25","0","超减速","时魔法","対象：敵単体　効果：全行動遅攻
使对方时间减慢，使其行动最迟的魔法","7019:银河魔导师（Lv2）","","24"
"9223","オーバークィック","時魔法","対象：味方単体　効果：全行動速攻
味方単体の時間を早め、高速での行動を可能にする魔法","7019:銀河魔導師（Lv5）","","0","25","0","超加速","时魔法","対象：味方単体　効果：全行動速攻
使我方单体时间加快，实现高速行动的魔法","7019:银河魔导师（Lv5）","","24"
"9224","セカンドアクト","時魔法","対象：味方単体　効果：二回行動
相手の時間を極端に早め、二連続での行動を可能にする魔法","7019:銀河魔導師（Lv13）","","0","99","0","第二幕","时魔法","対象：味方単体　効果：二回行動
极端加快对方时间，使其能连续两次行动的魔法","7019:银河魔导师（Lv13）","","24"
"9225","リライフ","時魔法","対象：味方全体　効果：HP中回復
生命力を回帰させる時魔法唯一の回復術","7019:銀河魔導師（Lv6）","","0","10","0","再生","时魔法","対象：味方全体　効果：HP中回復
唯一能恢复生命力的时魔法","7019:银河魔导师（Lv6）","","24"
"9226","オーバーグラビディ","時魔法","威力：割合ダメージ　対象：敵全体　効果：スロウ・ストップ
強大な重力で時空さえねじ曲げる魔法","7019:銀河魔導師（Lv11）","","0","20","0","超重力","时魔法","威力：割合ダメージ　対象：敵全体　効果：スロウ・ストップ
用强大重力扭曲时空的魔法","7019:银河魔导师（Lv11）","","24"
"9227","リピートメテオ","時魔法","威力：Ａ（魔）　対象：敵全体　属性：銀河　効果：3ターン継続
招来した巨大隕石の衝突を何度もリピートさせる奥義","7019:銀河魔導師（Lv8）","","0","35","0","重复陨石","时魔法","威力：Ａ（魔）　対象：敵全体　属性：銀河　効果：3ターン継続
召唤的巨大陨石碰撞多次重复的奥义","7019:银河魔导师（Lv8）","","24"
"9228","コメットレイン","時魔法","威力：ＳＳＳ（魔）　対象：敵ランダム4回　属性：銀河
時空を歪め、複数の隕石を飛来させる魔法","7019:銀河魔導師（Lv3）","","0","60","0","彗星雨","时魔法","威力：ＳＳＳ（魔）　対象：敵ランダム4回　属性：銀河
扭曲时空，召唤多颗陨石坠落的魔法","7019:银河魔导师（Lv3）","","24"
"9229","ギガウェイブ","時魔法","威力：ＳＳＳ（魔）　対象：敵単体　属性：音波　効果：麻痺・混乱
一点に集中させた空間振動で破壊的なダメージをもたらす魔法","","318:神蟲（Lv5）","0","60","0","千兆声波","时魔法","威力：ＳＳＳ（魔）　対象：敵単体　属性：音波　効果：麻痺・混乱
集中空间振动，造成破坏性伤害的魔法","","318:神虫（Lv5）","24"
"9230","ギャラクシー","時魔法","威力：ＳＳＳ（魔）　対象：敵全体　属性：銀河
銀河のエネルギーを凝縮し、一気に炸裂させる魔法","7019:銀河魔導師（Lv14）","","0","80","0","银河","时魔法","威力：ＳＳＳ（魔）　対象：敵全体　属性：銀河
凝聚银河能量，瞬间爆发的魔法","7019:银河魔导师（Lv14）","","24"
"9231","カオスコメット","時魔法","威力：ＳＳ（魔）　対象：敵全体　属性：銀河
混沌空間から隕石を飛来させる魔法","","7447:X型アポトーシス（Lv5）","0","55","0","混沌彗星","时魔法","威力：ＳＳ（魔）　対象：敵全体　属性：銀河
从混沌空间召唤陨石坠落的魔法","","7447:X型凋零者（Lv5）","24"
"9232","妖星乱舞","時魔法","威力：ＳＳＳ（魔）　対象：敵全体　属性：聖・闇・銀河　効果：聖痕・闇穢特攻
宇宙の運行を歪め、大いなる破壊をもたらす魔法","","153:魔神（Lv7）","0","80","0","妖星乱舞","时魔法","威力：ＳＳＳ（魔）　対象：敵全体　属性：聖・闇・銀河　効果：聖痕・闇穢特攻
扭曲宇宙运行，带来巨大破坏的魔法","","153:魔神（Lv7）","24"
"9233","オーバーアーク","時魔法","威力：４Ｓ（魔）　対象：敵全体　属性：音波・銀河　効果：スロウ・ストップ・石化
強力無比なる時の呪いで破滅的状態異常を引き起こす魔法","7023:ソーサラースプリーム（Lv4）","","0","100","0","超弧光","时魔法","威力：４Ｓ（魔）　対象：敵全体　属性：音波・銀河　効果：スロウ・ストップ・石化
以无比强大的时间诅咒引发毁灭性状态异常的魔法","7023:至高魔法师（Lv4）","","24"
"9234","サンスフィア","時魔法","威力：Ｚ（魔）　対象：敵全体　属性：核熱・イオン・銀河　効果：バーン
太陽のエネルギーを間近で炸裂させる破壊的魔法","7063:全テヲ識ル者（Lv4）","","0","180","0","太阳光球","时魔法","威力：Ｚ（魔）　対象：敵全体　属性：核熱・イオン・銀河　効果：バーン
近距离引爆太阳能量的破坏性魔法","7063:全知者（Lv4）","","24"
"9235","オーバーマインド","時魔法","威力：ＺＺ（魔）　対象：敵単体　属性：音波・銀河　効果：沈黙・混乱・睡眠・麻痺
精神を時空投影した上で圧縮する高次元魔法","","7430:バアル・ゼブブ（Lv14）","0","180","0","超意识","时魔法","威力：ＺＺ（魔）　対象：敵単体　属性：音波・銀河　効果：沈黙・混乱・睡眠・麻痺
将精神时空投影并压缩的高维魔法","","7430:巴力・西卜（Lv14）","24"
"9236","カオスグラビディ","時魔法","威力：ＺＺ（魔）　対象：敵単体　属性：永劫・終焉・重力　効果：スロウ・ストップ・全能力低下
重力を一点に集中し、敵単体に激しい破壊を引き起こす魔法","","154:超魔神（Lv7）","0","180","0","混沌重力","时魔法","威力：ＺＺ（魔）　対象：敵単体　属性：永劫・終焉・重力　効果：スロウ・ストップ・全能力低下
将重力集中于一点，对单体敌人造成剧烈破坏的魔法","","154:超魔神（Lv7）","24"
"9237","カオスメテオ","時魔法","威力：ＺＺ（魔）　対象：敵全体　属性：永劫・終焉・銀河
混沌の力でもたらされた異次元の隕石召喚魔法","","7448:XX型アポトーシス（Lv10）","0","270","0","混沌陨石","时魔法","威力：ＺＺ（魔）　対象：敵全体　属性：永劫・終焉・銀河
由混沌之力带来的异次元陨石召唤魔法","","7448:XX型凋零者（Lv10）","24"
"9238","うさぎコメット","時魔法","威力：ＺＺ（魔）　対象：敵ランダム4回　属性：永劫・終焉・銀河　効果：聖痕・闇穢特攻
時空を歪め、亜空間から無数の隕石を招来する魔法","","7422:時の神獣（Lv14）","0","180","0","兔子彗星","时魔法","威力：ＺＺ（魔）　対象：敵ランダム4回　属性：永劫・終焉・銀河　効果：聖痕・闇穢特攻
扭曲时空，从亚空间召唤无数陨石的魔法","","7422:时之神兽（Lv14）","24"
"9239","天地崩壊","時魔法","威力：４Ｚ（魔）　対象：敵全体　属性：修羅・永劫・終焉・銀河　効果：聖痕・闇穢特攻
天地の法則を歪め、全てを崩壊させる究極魔法","","7412:混沌の魔神（Lv9）","0","450","0","天地崩坏","时魔法","威力：４Ｚ（魔）　対象：敵全体　属性：修羅・永劫・終焉・銀河　効果：聖痕・闇穢特攻
扭曲天地法则，使一切崩坏的究极魔法","","7412:混沌的魔神（Lv9）","24"
"9240","ワンダーランド・ナイトメア","時魔法","威力：５Ｚ（魔）　対象：敵全体　属性：ナイトメア・永劫・終焉・銀河　効果：スロウ・ストップ
混沌の神による時空改変遊戯的究極悪夢魔法","","7452:第三の神（Lv20）","0","600","0","仙境・噩梦","时魔法","威力：５Ｚ（魔）　対象：敵全体　属性：ナイトメア・永劫・終焉・銀河　効果：スロウ・ストップ
混沌之神进行的时空改写游戏的究极恶梦魔法","","7452:第三神（Lv20）","24"
"9244","アバドン","召喚","威力：ＳＳＳ（魔or器）　対象：敵全体　属性：量子　効果：フリーズ
アバドンを呼び出す召喚魔法","7020:混沌召喚士（Lv8）","","0","80","0","亚巴顿","召唤","威力：ＳＳＳ（魔or器）　対象：敵全体　属性：量子　効果：フリーズ
召唤亚巴顿的召唤魔法","7020:混沌召唤士（Lv8）","","25"
"9245","メルカヴァ","召喚","威力：ＳＳＳ（魔or器）　対象：敵ランダム8回　属性：永劫
メルカヴァを呼び出す召喚魔法","7020:混沌召喚士（Lv11）","","0","60","0","灵轮","召唤","威力：ＳＳＳ（魔or器）　対象：敵ランダム8回　属性：永劫
召唤灵轮的召唤魔法","7020:混沌召唤士（Lv11）","","25"
"9246","正体不明","召喚","威力：ＳＳＳ（魔or器）　対象：敵全体　属性：銀河・ナイトメア
正体不明生物を呼び出す召喚魔法","","222:コスモフェアリー（Lv10）","0","80","0","身份不明","召唤","威力：ＳＳＳ（魔or器）　対象：敵全体　属性：銀河・ナイトメア
召唤身份不明生物的召唤魔法","","222:宇宙妖精（Lv10）","25"
"9247","アドラメレク","召喚","威力：４Ｓ（魔or器）　対象：敵全体　属性：修羅・核熱
アドラメレクを呼び出す召喚魔法","7020:混沌召喚士（Lv14）","","0","100","0","阿德拉梅莱克","召唤","威力：４Ｓ（魔or器）　対象：敵全体　属性：修羅・核熱
召唤阿德拉梅莱克的召唤魔法","7020:混沌召唤士（Lv14）","","25"
"9248","ソニアマズダ","召喚","威力：４Ｓ（魔or器）　対象：敵全体　属性：永劫　効果：昇天
ソニアマズダを呼び出す召喚魔法","7020:混沌召喚士（Lv13）","","0","100","0","索尼娅・马兹达","召唤","威力：４Ｓ（魔or器）　対象：敵全体　属性：永劫　効果：昇天
召唤索尼娅・马兹达的召唤魔法","7020:混沌召唤士（Lv13）","","25"
"9249","ソニアマンユ","召喚","威力：４Ｓ（魔or器）　対象：敵全体　属性：終焉　効果：即死
ソニアマンユを呼び出す召喚魔法","7020:混沌召喚士（Lv13）","","0","100","0","索尼娅・曼纽","召唤","威力：４Ｓ（魔or器）　対象：敵全体　属性：終焉　効果：即死
召唤索尼娅・曼纽的召唤魔法","7020:混沌召唤士（Lv13）","","25"
"9250","銀河竜","召喚","威力：Ｚ（魔or器）　対象：敵全体　属性：銀河
銀河竜を呼び出す召喚魔法","","7420:コスモス（Lv2）","0","180","0","银河龙","召唤","威力：Ｚ（魔or器）　対象：敵全体　属性：銀河
召唤银河龙的召唤魔法","","7420:宇宙神蝶（Lv2）","25"
"9251","全てを識る者","召喚","威力：Ｚ（魔or器）　対象：敵全体　属性：核熱・量子・イオン・銀河
全てを識る者を呼び出す召喚魔法","7023:ソーサラースプリーム（Lv15）","","0","180","0","全知者","召唤","威力：Ｚ（魔or器）　対象：敵全体　属性：核熱・量子・イオン・銀河
召唤全知者的召唤魔法","7023:至高魔法师（Lv15）","","25"
"9252","魔神","召喚","威力：ＺＺ（魔or器）　対象：敵全体　属性：銀河・ナイトメア
魔神を呼び出す召喚魔法","7063:全テヲ識ル者（Lv15）","","0","270","0","魔神","召唤","威力：ＺＺ（魔or器）　対象：敵全体　属性：銀河・ナイトメア
召唤魔神的召唤魔法","7063:全知者（Lv15）","","25"
"9253","鬼神","召喚","威力：ＺＺ（魔or器）　対象：敵全体　属性：核熱・終焉
鬼神を呼び出す召喚魔法","7063:全テヲ識ル者（Lv15）","","20%当前HP","270","0","鬼神","召唤","威力：ＺＺ（魔or器）　対象：敵全体　属性：核熱・終焉
召唤鬼神的魔法","7063:全知者（Lv15）","","25"
"9254","女神","召喚","威力：ＺＺ（魔or器）　対象：敵全体　属性：イオン・永劫
女神を呼び出す召喚魔法","7063:全テヲ識ル者（Lv15）","","0","270","0","女神","召唤","威力：ＺＺ（魔or器）　対象：敵全体　属性：イオン・永劫
召唤女神的魔法","7063:全知者（Lv15）","","25"
"9255","次元侵蝕者","召喚","威力：Ｚ（魔or器）　対象：敵ランダム8回　属性：修羅・ナイトメア・銀河　効果：ヌルヌル特攻・拘束・失禁
次元侵蝕者を呼び出す召喚魔法","","7413:万魔の宿主（Lv15）","0","120","0","次元侵蚀者","召唤","威力：Ｚ（魔or器）　対象：敵ランダム8回　属性：修羅・ナイトメア・銀河　効果：ヌルヌル特攻・拘束・失禁
召唤次元侵蚀者","","7413:万魔之宿主（Lv15）","25"
"9256","イザナミ","召喚","威力：ＳＳ（魔・器）　対象：敵全体　属性：終焉　効果：即死
使役ゾンビ「イザナミ」を呼び出す","7044:究極魔芸師（Lv2）","","28%当前HP","0","0","伊邪那美","召唤","威力：ＳＳ（魔・器）　対象：敵全体　属性：終焉　効果：即死
召唤使役僵尸「伊邪那美」","7044:究极魔艺师（Lv2）","","25"
"9257","アメノハヅチ","召喚","威力：ＳＳＳ（魔・器）　対象：敵全体　属性：永劫
使役ゾンビ「アメノハヅチ」を呼び出す","7044:究極魔芸師（Lv12）","","32%当前HP","0","0","天羽槌","召唤","威力：ＳＳＳ（魔・器）　対象：敵全体　属性：永劫
使役ゾンビ「アメノハヅチ」を呼び出す","7044:究极魔艺师（Lv12）","","25"
"9258","ノーライフキング","召喚","威力：ＺＺ（魔or器）　対象：敵全体　属性：量子・終焉・バイオ
使役ゾンビ「ノーライフキング」を呼び出す","7068:真理ノ探究者（Lv13）","","45%当前HP","0","0","无生之王","召唤","威力：ＺＺ（魔or器）　対象：敵全体　属性：量子・終焉・バイオ
使役ゾンビ「ノーライフキング」を呼び出す","7068:真理探究者（Lv13）","","25"
"9259","無銘の姉妹","召喚","威力：ＳＳＳ（魔）　対象：敵ランダム4回　属性：聖・闇
使役ゴースト「無銘の姉妹」を呼び出す","7044:究極魔芸師（Lv4）","","0","60","0","无名姐妹","召唤","威力：ＳＳＳ（魔）　対象：敵ランダム4回　属性：聖・闇
召唤使役幽灵「无名姐妹」","7044:究极魔艺师（Lv4）","","25"
"9260","八尺様","召喚","威力：ＳＳＳ（魔）　対象：敵全体　属性：終焉
使役ゴースト「八尺様」を呼び出す","7044:究極魔芸師（Lv13）","","16%当前HP","80","0","八尺大人","召唤","威力：ＳＳＳ（魔）　対象：敵全体　属性：終焉
使役ゴースト「八尺様」を呼び出す","7044:究极魔艺师（Lv13）","","25"
"9261","ワールドドロウン","召喚","威力：ＺＺ（魔or器）　対象：敵全体　属性：ナノ・終焉
使役ゴースト「ワールドドロウン」を呼び出す","7068:真理ノ探究者（Lv13）","","0","270","0","世界沉没者","召唤","威力：ＺＺ（魔or器）　対象：敵全体　属性：ナノ・終焉
使役ゴースト「ワールドドロウン」を呼び出す","7068:真理探究者（Lv13）","","25"
"9262","呪いの人形終異体","召喚","威力：ＳＳＳ（器）　対象：敵単体　属性：修羅　効果：暗闇・麻痺
からくり人形「呪いの人形終異体」を呼び出す","7044:究極魔芸師（Lv6）","","0","0","18","诅咒人偶终异体","召唤","威力：ＳＳＳ（器）　対象：敵単体　属性：修羅　効果：暗闇・麻痺
召唤机关人偶「诅咒人偶终异体」","7044:究极魔艺师（Lv6）","","25"
"9263","ドーラドーラ","召喚","威力：ＳＳＳ（器）　対象：敵全体　属性：終焉・銀河
からくり人形「ドーラドーラ」を呼び出す","7044:究極魔芸師（Lv14）","","0","0","21","朵拉朵拉","召唤","威力：ＳＳＳ（器）　対象：敵全体　属性：終焉・銀河
からくり人形「ドーラドーラ」を呼び出す","7044:究极魔艺师（Lv14）","","25"
"9264","デウスエクスマキナ","召喚","威力：ＺＺ（魔or器）　対象：敵全体　属性：修羅・永劫・終焉・銀河
からくり人形「デウスエクスマキナ」を呼び出す","7068:真理ノ探究者（Lv13）","","0","0","50","机械降神","召唤","威力：ＺＺ（魔or器）　対象：敵全体　属性：修羅・永劫・終焉・銀河
からくり人形「デウスエクスマキナ」を呼び出す","7068:真理探究者（Lv13）","","25"
"9265","ラ・クロワ","召喚","威力：ＳＳＳ（魔or器）　対象：敵全体　属性：修羅・終焉・バイオ　効果：毒・ゾンビ・即死
使役ゴースト「ラ・クロワ」を呼び出す","","","0","80","0","拉・克罗瓦","召唤","威力：ＳＳＳ（魔or器）　対象：敵全体　属性：修羅・終焉・バイオ　効果：毒・ゾンビ・即死
使役ゴースト「ラ・クロワ」を呼び出す","","","25"
"9266","マガツカルラ","召喚","威力：Ｚ（器）　対象：敵全体　属性：修羅・イオン・ハドロン　効果：暗闇・麻痺
からくり人形「マガツカルラ」を呼び出す","","","0","0","40","祸津迦楼罗","召唤","威力：Ｚ（器）　対象：敵全体　属性：修羅・イオン・ハドロン　効果：暗闇・麻痺
召唤机关人偶「祸津迦楼罗」","","","25"
"9268","聖天","聖技","威力：Ｚ（器or精）　対象：敵全体　属性：永劫　効果：昇天
七大天使の力をもって聖なる波動を放つ混沌奥義","","7436:天の軍団長（Lv2）；7437:明けの明星（Lv2）；7438:慈愛の聖百合（Lv2）；7439:律法の守護者（Lv2）；7440:天界決戦兵器（Lv2）；7441:死の獄卒（Lv2）；7442:核動力天使（Lv2）","0","90","20","圣天","圣技","威力：Ｚ（器or精）　対象：敵全体　属性：永劫　効果：昇天
以七大天使之力释放神圣波动，混沌奥义","","7436:天之军团长（Lv2）；7437:璀璨之明星（Lv2）；7438:慈爱的圣百合（Lv2）；7439:律法的守护者（Lv2）；7440:天界决战兵器（Lv2）；7441:死之狱卒（Lv2）；7442:核动力天使（Lv2）","26"
"9269","リブラ・レイ","聖技","威力：ＺＺＺ（力or精）　対象：敵単体　属性：修羅・永劫
聖エネルギーを凝縮させ対象を消滅させる究極の戦闘聖技","","7436:天の軍団長（Lv15）","0","120","25","天秤射线","圣技","威力：ＺＺＺ（力or精）　対象：敵単体　属性：修羅・永劫
将圣能量浓缩，消灭目标的究极战斗圣技","","7436:天之军团长（Lv15）","26"
"9270","魔神輝光","聖技","威力：ＺＺ（器or精）　対象：敵単体　属性：永劫・終焉
魔神忌光をさらに凝縮した破壊的光線を放つ混沌奥義","","154:超魔神（Lv10）","0","90","20","魔神辉光","圣技","威力：ＺＺ（器or精）　対象：敵単体　属性：永劫・終焉
进一步浓缩魔神忌光的破坏性光线，释放混沌奥义","","154:超魔神（Lv10）","26"
"9271","天軍滅雷","聖技","威力：ＺＺ（器or精）　対象：敵ランダム4回　属性：イオン・永劫
天軍の長が用いるという強力無比な究極雷撃技","","7436:天の軍団長（Lv5）","0","90","20","天军灭雷","圣技","威力：ＺＺ（器or精）　対象：敵ランダム4回　属性：イオン・永劫
天军之长使用的无比强大的究极雷击技","","7436:天之军团长（Lv5）","26"
"9272","聖雷輪舞","聖技","威力：ＺＺ（器or精）　対象：敵全体　属性：イオン・永劫　効果：ショック
聖雷を召喚し、敵全体に裁きを与える究極奥義","","7439:律法の守護者（Lv12）","0","135","25","圣雷轮舞","圣技","威力：ＺＺ（器or精）　対象：敵全体　属性：イオン・永劫　効果：ショック
召唤圣雷，对全体敌人施以裁决的究极奥义","","7439:律法的守护者（Lv12）","26"
"9273","ホーリーフレア","聖技","威力：ＺＺＺ（器or精）　対象：敵単体　属性：核熱・永劫
聖素の融合反応により爆発を起こす聖技","","7448:XX型アポトーシス（Lv2）","0","120","25","神圣闪焰","圣技","威力：ＺＺＺ（器or精）　対象：敵単体　属性：核熱・永劫
圣素的融合反应引发爆炸的圣技","","7448:XX型凋零者（Lv2）","26"
"9274","明けの明星","聖技","威力：ＺＺＺ（器or精）　対象：敵全体　属性：永劫　効果：物理・魔法カウンター発動
終末をもたらす、地上に落ちた堕天の星","","7437:明けの明星（Lv20）","0","180","30","璀璨之明星","圣技","威力：ＺＺＺ（器or精）　対象：敵全体　属性：永劫　効果：物理・魔法カウンター発動
带来终结的，坠落于地上的堕天之星","","7437:璀璨之明星（Lv20）","26"
"9275","発動：明けの明星","聖技","威力：ＺＺＺ（器or精）　対象：敵全体
防具4298、ステート252","","","0","0","0","発動：明けの明星","圣技","威力：ＺＺＺ（器or精）　対象：敵全体
防具4298、ステート252","","","26"
"9276","アトミックヘブン","聖技","威力：ＺＺＺ（器or精）　対象：敵全体　属性：核熱・量子・イオン・永劫
双子姉妹が力を合わせて放つ凝縮聖エネルギーの照射奥義","","7442:核動力天使（Lv20）","0","180","30","原子天堂","圣技","威力：ＺＺＺ（器or精）　対象：敵全体　属性：核熱・量子・イオン・永劫
双子姐妹合力释放的浓缩圣能照射奥义","","7442:核动力天使（Lv20）","26"
"9277","明星塵煌","聖技","威力：４Ｚ（力or精）　対象：敵全体　属性：修羅・永劫・終焉　効果：物理・魔法カウンター発動
審判者に宿った明星の輝き","7071:ジャッジメント（Lv4）","","0","225","35","明星尘煌","圣技","威力：４Ｚ（力or精）　対象：敵全体　属性：修羅・永劫・終焉　効果：物理・魔法カウンター発動
审判者所宿的明星光辉","7071:审判（Lv4）","","26"
"9278","発動：明星塵煌","聖技","威力：４Ｚ（力or精）　対象：敵全体
ステート518","","","0","0","0","発動：明星塵煌","圣技","威力：４Ｚ（力or精）　対象：敵全体
ステート518","","","26"
"9279","神の洪水","聖技","威力：４Ｚ（器or精）　対象：敵全体　属性：ナノ・永劫　効果：昇天
女神の意志により地上を一掃するという聖なる大洪水","","7450:創世の女神（Lv10）","0","225","35","神之洪水","圣技","威力：４Ｚ（器or精）　対象：敵全体　属性：ナノ・永劫　効果：昇天
女神的意志使地上被一扫而空的圣洁大洪水","","7450:创世女神（Lv10）","26"
"9280","真・魔神輝光","聖技","威力：５Ｚ（器or精）　対象：敵ランダム4回　属性：永劫・終焉
魔神輝光を連続で発射する究極の混沌神聖奥義","","7412:混沌の魔神（Lv5）","0","200","35","真・魔神辉光","圣技","威力：５Ｚ（器or精）　対象：敵ランダム4回　属性：永劫・終焉
连续发射魔神辉光的究极混沌神圣奥义","","7412:混沌的魔神（Lv5）","26"
"9281","裁きの雷","聖技","威力：５Ｚ（器or精）　対象：敵単体　属性：修羅・イオン・永劫　効果：昇天・ショック
あらゆるものを破壊する女神イリアスの怒り","","7450:創世の女神（Lv2）","0","200","35","裁决之雷","圣技","威力：５Ｚ（器or精）　対象：敵単体　属性：修羅・イオン・永劫　効果：昇天・ショック
破坏一切的女神伊莉娅丝的愤怒","","7450:创世女神（Lv2）","26"
"9282","ビッグバン","聖技","威力：５Ｚ（器or精）　対象：敵全体　属性：イオン・永劫・銀河
全ての原初を創造する究極の爆発","","7450:創世の女神（Lv20）","0","300","50","大爆炸","圣技","威力：５Ｚ（器or精）　対象：敵全体　属性：イオン・永劫・銀河
创造一切原初的究极爆炸","","7450:创世女神（Lv20）","26"
"9283","聖天兎々","聖技","威力：５Ｚ（器or精）　対象：敵ランダム9回　属性：永劫・終焉・銀河　効果：昇天
第三の神が聖エネルギーを周囲一帯に乱舞させる混沌奥義","","7452:第三の神（Lv13）","0","200","35","圣天兔兔","圣技","威力：５Ｚ（器or精）　対象：敵ランダム9回　属性：永劫・終焉・銀河　効果：昇天
第三神将圣能量在周围一带乱舞的混沌奥义","","7452:第三神（Lv13）","26"
"9284","アフラ・マズダ","聖技","威力：N/A（器or精）　対象：敵全体　属性：修羅・イオン・永劫・銀河　効果：昇天
最高の善にして創造の神の放つ聖なる波動","","7449:混沌の使徒（Lv5）","0","450","80","阿胡拉・马兹达","圣技","威力：N/A（器or精）　対象：敵全体　属性：修羅・イオン・永劫・銀河　効果：昇天
至高之善与创造之神释放的神圣波动","","7449:混沌的使徒（Lv5）","26"
"9285","ジャッジメント","聖技","威力：N/A（器or精）　対象：敵全体　属性：修羅・永劫・終焉・銀河　効果：昇天
終末の到来と共に行われる最後にして最大の審判","7071:ジャッジメント（Lv17）","","0","450","80","审判","圣技","威力：N/A（器or精）　対象：敵全体　属性：修羅・永劫・終焉・銀河　効果：昇天
伴随着终末的到来，进行最后的也是最大的审判","7071:审判（Lv17）","","26"
"9286","聖体回帰","聖技","威力：ＳＳ（器or精）　対象：敵単体　属性：快楽・聖　効果：昇天・捕食
暗闇・沈黙状態の敵を取り込み、新たな存在として転生する淫技","","","0","20","7","圣体回归","圣技","威力：ＳＳ（器or精）　対象：敵単体　属性：快楽・聖　効果：昇天・捕食
吞噬处于黑暗・沉默状态的敌人，作为新的存在转生的淫技","","","26"
"9287","堕天抱夢","聖技","威力：ＺＺ（器or精）　対象：敵単体　属性：永劫・ナイトメア　効果：昇天・絶頂
明けの明星が堕天により身に付けたという究極の混沌快楽奥義","","7437:明けの明星（Lv5）","0","90","20","堕天抱梦","圣技","威力：ＺＺ（器or精）　対象：敵単体　属性：永劫・ナイトメア　効果：昇天・絶頂
璀璨之明星堕天后习得的究极混沌快乐奥义","","7437:璀璨之明星（Lv5）","26"
"9288","歓喜のパトス","聖技","威力：ＺＺ（器or精）　対象：敵全体　属性：永劫・ナイトメア　効果：恍惚・失禁
快楽フィールドに敵を覆い込み嫐り尽くす究極快楽奥義","","7439:律法の守護者（Lv20）","0","135","25","欢喜的激情","圣技","威力：ＺＺ（器or精）　対象：敵全体　属性：永劫・ナイトメア　効果：恍惚・失禁
将敌人覆盖在快乐领域中尽情折磨的究极快乐奥义","","7439:律法的守护者（Lv20）","26"
"9289","究極の祈祷","聖技","対象：味方全体　効果：HP全回復・完全蘇生
味方全体を癒やすと同時に、死者をも蘇生させる究極祈祷","7017:神の守護者（Lv10）","","0","60","18","究极祈祷","圣技","対象：味方全体　効果：HP全回復・完全蘇生
治愈全体队友的同时，也能使死者复活的最强祈祷","7017:神之守护者（Lv10）","","26"
"9290","聖者の大自爆","聖技","威力：可変　対象：敵全体
聖者の命と引き替えに、塵も残さず敵を滅ぼす究極自爆技","7017:神の守護者（Lv5）","","0","0","15","圣者的大自爆","圣技","威力：可変　対象：敵全体
以圣者的生命为代价，将敌人彻底毁灭的究极自爆技","7017:神之守护者（Lv5）","","26"
"9291","ガブリエラの大祝福","聖技","対象：味方全体　効果：HP全回復・完全蘇生・全状態異常回復
味方全体に大いなる癒しを与えるガブリエラの究極回復奥義","","7438:慈愛の聖百合（Lv20）","0","360","60","加百艾拉的大祝福","圣技","対象：味方全体　効果：HP全回復・完全蘇生・全状態異常回復
给予我方全体极大治愈的加百艾拉究极恢复奥义","","7438:慈爱的圣百合（Lv20）","26"
"9292","ガブリエラの大加護","聖技","対象：味方全体　効果：全能力アップ・ターンHP/MP/SP大回復
味方全体の闘志と回復力を高め、同時に能力を底上げする支援奥義","","","0","180","40","加百艾拉的大加护","圣技","対象：味方全体　効果：全能力アップ・ターンHP/MP/SP大回復
提升我方全体的斗志和恢复力，同时提升能力值的支援奥义","","","26"
"9293","永劫の祈祷","聖技","対象：味方全体（控え含む）　効果：HP全回復・完全蘇生
全ての仲間を危機から救う究極を超えた祈祷","7080:全テヲ癒ス者（Lv11）","","0","180","40","永劫的祈祷","圣技","対象：味方全体（控え含む）　効果：HP全回復・完全蘇生
拯救所有同伴于危机之中的超越究极的祈祷","7080:全治愈者（Lv11）","","26"
"9294","システム：シルフV2","闇技","威力：４Ｚ（力or魔）　対象：敵全体　属性：修羅・ハドロン・終焉　効果：強化解除
破壊者の兵装に宿った風精の力を解放する","7072:ワールドブレイカー（Lv2）","","0","0","70","システム：シルフV2","暗技","威力：４Ｚ（力or魔）　対象：敵全体　属性：修羅・ハドロン・終焉　効果：強化解除
解放破坏者兵装中宿有的风精灵之力","7072:世界破坏者（Lv2）","","27"
"9295","ノーム/ガイアGH","闇技","威力：４Ｚ（力or魔）　対象：敵全体　属性：修羅・テラ・終焉
破壊者の兵装に宿った土精の力を解放する","7072:ワールドブレイカー（Lv4）","","0","0","70","诺姆/盖亚GH","暗技","威力：４Ｚ（力or魔）　対象：敵全体　属性：修羅・テラ・終焉
解放破坏者兵装中宿有的土精之力","7072:世界破坏者（Lv4）","","27"
"9296","ウンディーネレーザー穿式","闇技","威力：５Ｚ（力or魔）　対象：敵単体　属性：修羅・ナノ・終焉
破壊者の兵装に宿った水精の力を解放する","7072:ワールドブレイカー（Lv6）","","0","0","70","温蒂妮激光穿透式","暗技","威力：５Ｚ（力or魔）　対象：敵単体　属性：修羅・ナノ・終焉
解放破坏者兵装中宿有的水精之力","7072:世界破坏者（Lv6）","","27"
"9297","サラマンダー終式カノン","闇技","威力：５Ｚ（力or魔）　対象：敵ランダム8回　属性：修羅・核熱・終焉
破壊者の兵装に宿った火精の力を解放する","7072:ワールドブレイカー（Lv8）","","0","0","70","萨拉曼达终式加农","暗技","威力：５Ｚ（力or魔）　対象：敵ランダム8回　属性：修羅・核熱・終焉
解放破坏者兵装中宿有的火精之力","7072:世界破坏者（Lv8）","","27"
"9298","ワールドブレイカー","闇技","威力：N/A（力or魔）　対象：敵全体　属性：修羅・永劫・終焉・銀河
破壊者が天より放つ次元消滅の光","7072:ワールドブレイカー（Lv17）","","35%当前HP","0","80","世界破坏者","暗技","威力：N/A（力or魔）　対象：敵全体　属性：修羅・永劫・終焉・銀河
破坏者从天而降的次元消灭之光","7072:世界破坏者（Lv17）","","27"
"9299","ディメント・ナーギ","闇技","威力：ＳＳ（力or魔or器）　対象：敵全体　属性：快楽・闇　効果：拘束
敵全体を快楽空間で嫐り尽くす魔王の秘奥義","","166:魔王（Lv8）","14%当前HP","0","8","极乐・狂渊","暗技","威力：ＳＳ（力or魔or器）　対象：敵全体　属性：快楽・闇　効果：拘束
在快乐空间中将全体敌人玩弄至尽的魔王秘奥义","","166:魔王（Lv8）","27"
"9300","ネフィリム・エンデ","闇技","威力：Ｚ（力or魔or器）　対象：敵全体　属性：終焉・ナイトメア　効果：HP吸収・拘束
敵を快楽空間に幽閉し、魂そのものを搾取する究極快楽奥義","","7414:大魔王（Lv12）","20%当前HP","0","20","拿非利・终焉","暗技","威力：Ｚ（力or魔or器）　対象：敵全体　属性：終焉・ナイトメア　効果：HP吸収・拘束
将敌人幽闭在快乐空间，榨取其灵魂的究极快乐奥义","","7414:大魔王（Lv12）","27"
"9304","陰陽外行・炎水陣","陰陽術","威力：ＳＳ（魔or器）　対象：敵全体　属性：炎・水　効果：毒・混乱・炎/水弱体
炎と水の符を同時に用い、爆発的な反応を起こす禁忌の術","7021:太極陰陽師（Lv2）","","0","55","0","阴阳外行・炎水阵","阴阳术","威力：ＳＳ（魔or器）　対象：敵全体　属性：炎・水　効果：毒・混乱・炎/水弱体
同时使用炎与水的符咒，引发爆炸性反应的禁忌之术","7021:太极阴阳师（Lv2）","","29"
"9305","陰陽外行・氷風陣","陰陽術","威力：ＳＳ（魔or器）　対象：敵全体　属性：氷・風　効果：暗闇・睡眠・氷/風弱体
氷と風の符を同時に用い、爆発的な反応を起こす禁忌の術","7021:太極陰陽師（Lv5）","","0","55","0","阴阳外行・冰风阵","阴阳术","威力：ＳＳ（魔or器）　対象：敵全体　属性：氷・風　効果：暗闇・睡眠・氷/風弱体
同时使用冰与风的符咒，引发爆炸性反应的禁忌之术","7021:太极阴阳师（Lv5）","","29"
"9306","陰陽外行・雷土陣","陰陽術","威力：ＳＳ（魔or器）　対象：敵全体　属性：雷・土　効果：沈黙・麻痺・雷/土弱体
雷と土の符を同時に用い、爆発的な反応を起こす禁忌の術","7021:太極陰陽師（Lv8）","","0","55","0","阴阳外行・雷土阵","阴阳术","威力：ＳＳ（魔or器）　対象：敵全体　属性：雷・土　効果：沈黙・麻痺・雷/土弱体
同时使用雷与土的符咒，引发爆炸性反应的禁忌之术","7021:太极阴阳师（Lv8）","","29"
"9307","妖陰陽・蒼の極界","陰陽術","威力：ＳＳＳ（魔or器）　対象：敵単体　属性：量子　効果：フリーズ・氷弱体
陰陽の力で氷結空間を展開する禁忌の術","","174:妖怪王（Lv14）","0","60","0","妖阴阳・苍之极界","阴阳术","威力：ＳＳＳ（魔or器）　対象：敵単体　属性：量子　効果：フリーズ・氷弱体
以阴阳之力展开冻结空间的禁忌之术","","174:妖怪王（Lv14）","29"
"9308","陰陽・傾世元禳","陰陽術","威力：ＳＳＳ（魔or器）　対象：敵全体　属性：テラ・快楽　効果：恍惚・誘惑・土弱体
特殊な式により心を蕩かす魔力を込めた禁忌の陰陽術","","253:零尾の狐（Lv20）","0","80","0","阴阳・倾世元禳","阴阳术","威力：ＳＳＳ（魔or器）　対象：敵全体　属性：テラ・快楽　効果：恍惚・誘惑・土弱体
通过特殊仪式注入迷惑心灵的魔力的禁忌阴阳术","","253:零尾之狐（Lv20）","29"
"9309","陰陽外行・万祓陣","陰陽術","威力：ＳＳＳ（魔or器）　対象：敵全体　属性：銀河　効果：魔法カウンター
魔法攻撃に対し銀河の力を収束して反撃を繰り出す秘術","7021:太極陰陽師（Lv11）","","0","80","0","阴阳外行・万祓阵","阴阳术","威力：ＳＳＳ（魔or器）　対象：敵全体　属性：銀河　効果：魔法カウンター
对魔法攻击凝聚银河之力进行反击的秘术","7021:太极阴阳师（Lv11）","","29"
"9310","発動：陰陽外行・万祓陣","陰陽術","ステート248","","","0","0","0","発動：陰陽外行・万祓陣","阴阳术","ステート248","","","29"
"9311","陰陽外行・星ノ諱","陰陽術","威力：４Ｓ（魔or器）　対象：敵単体　属性：テラ・銀河　効果：土弱体
星の力で敵を滅する禁断の術","7021:太極陰陽師（Lv14）","","0","80","0","阴阳外行・星之讳","阴阳术","威力：４Ｓ（魔or器）　対象：敵単体　属性：テラ・銀河　効果：土弱体
以星之力灭敌的禁术","7021:太极阴阳师（Lv14）","","29"
"9312","陰陽外行・天地人","陰陽術","威力：４Ｓ（魔or器）　対象：敵全体　属性：風・土・水　効果：風・土・水弱体
荒れ狂う自然の息吹を限界まで引き出す秘術","7023:ソーサラースプリーム（Lv10）","","0","100","0","阴阳外行・天地人","阴阳术","威力：４Ｓ（魔or器）　対象：敵全体　属性：風・土・水　効果：風・土・水弱体
引出狂暴自然的气息至极限的秘术","7023:至高魔法师（Lv10）","","29"
"9313","陰陽極行・神ノ理","陰陽術","威力：Ｚ（魔or器）　対象：敵全体　属性：ハドロン・テラ・ナノ　効果：風・土・水弱体
神の理に通じ、森羅万象のエネルギーを暴走させる秘術","7063:全テヲ識ル者（Lv2）","","0","180","0","阴阳极行・神之理","阴阳术","威力：Ｚ（魔or器）　対象：敵全体　属性：ハドロン・テラ・ナノ　効果：風・土・水弱体
通神之理，使森罗万象的能量暴走的秘术","7063:全知者（Lv2）","","29"
"9314","禍津陰陽・禁式","陰陽術","威力：ＺＺ（魔or器）　対象：敵ランダム4回　属性：修羅・量子・終焉　効果：フリーズ・氷弱体
太古に神によって封じられていた極めて危険な陰陽術","","7415:マガツオオミカミ（Lv14）","0","180","0","祸津阴阳・禁式","阴阳术","威力：ＺＺ（魔or器）　対象：敵ランダム4回　属性：修羅・量子・終焉　効果：フリーズ・氷弱体
太古时期被神封印的极其危险的阴阳术","","7415:祸津大御神（Lv14）","29"
"9315","陰陽・傾世塵吼","陰陽術","威力：ＺＺ（魔or器）　対象：全体　属性：テラ・ナイトメア・銀河　効果：恍惚・誘惑・土弱体
陰陽の力で大地を崩壊させる究極奥義","","7423:白面金毛九尾の狐（Lv20）","0","270","0","阴阳・倾世尘吼","阴阳术","威力：ＺＺ（魔or器）　対象：全体　属性：テラ・ナイトメア・銀河　効果：恍惚・誘惑・土弱体
以阴阳之力使大地崩塌的究极奥义","","7423:白面金毛九尾狐（Lv20）","29"
"9316","陰陽・究活唱","陰陽術","対象：味方全体　効果：HP大回復・弱点属性解除
味方全体の体力を大きく回復し、弱点属性効果を解除する術","","253:零尾の狐（Lv7）","0","20","0","阴阳・究活唱","阴阳术","対象：味方全体　効果：HP大回復・弱点属性解除
恢复我方全体大量体力，并解除弱点属性效果的术","","253:零尾之狐（Lv7）","29"
"9320","虚術・水遁瀑布","忍術","威力：ＳＳ（力or器）　対象：敵全体　属性：ナノ
忍術でナノレベルの潮流を呼び出し、敵全体を押し流す混沌奥義","7030:忍神（Lv4）","","0","0","17","虚术・水遁瀑布","忍术","威力：ＳＳ（力or器）　対象：敵全体　属性：ナノ
忍术召唤纳米级别的潮流，将全体敌人冲走的混沌奥义","7030:忍神（Lv4）","","31"
"9321","虚術・雷迅閃光","忍術","威力：ＳＳ（力or器）　対象：敵全体　属性：イオン
忍術でイオンの電流を連続発生させ、敵全体を討ち滅ぼす混沌奥義","7030:忍神（Lv6）","","0","0","17","虚术・雷迅闪光","忍术","威力：ＳＳ（力or器）　対象：敵全体　属性：イオン
忍术连续产生离子电流，将全体敌人消灭的混沌奥义","7030:忍神（Lv6）","","31"
"9322","虚術・葬星","忍術","威力：ＳＳＳ（力or器）　対象：敵全体　属性：テラ
星をも粉砕するという虚無の混沌忍術","7030:忍神（Lv14）","","0","0","21","虚术・葬星","忍术","威力：ＳＳＳ（力or器）　対象：敵全体　属性：テラ
能粉碎星辰的虚无混沌忍术","7030:忍神（Lv14）","","31"
"9323","禁術・零尾の虚郭","忍術","威力：ＳＳＳ（力or器）　対象：敵全体　属性：核熱　効果：麻痺・バーン
零尾の力により虚無の力を招来する禁断の混沌忍術","","253:零尾の狐（Lv17）","0","0","21","禁术・零尾的虚郭","忍术","威力：ＳＳＳ（力or器）　対象：敵全体　属性：核熱　効果：麻痺・バーン
借助零尾之力招来虚无之力的禁断混沌忍术","","253:零尾之狐（Lv17）","31"
"9324","禁術・雷迅六閃","忍術","威力：ＳＳＳ（力or器）　対象：敵ランダム6回　属性：イオン　効果：ショック特攻・HP吸収
伝説の吸血鬼が編み出したという、雷迅系統の究極忍術","","193:ドラキュリーナ（Lv6）","0","0","18","禁术・雷迅六闪","忍术","威力：ＳＳＳ（力or器）　対象：敵ランダム6回　属性：イオン　効果：ショック特攻・HP吸収
传说中的吸血鬼所创造的，雷迅系列的究极忍术","","193:德古莉娜（Lv6）","31"
"9325","虚術・星龍","忍術","威力：Ｚ（力or器）　対象：敵全体　属性：修羅・テラ
星龍の力で大地ごと敵を砕く忍術奥義","7065:音ヨリモ速キ者（Lv17）","","0","0","40","虚术・星龙","忍术","威力：Ｚ（力or器）　対象：敵全体　属性：修羅・テラ
星龍之力将大地与敌人一同粉碎的忍术奥义","7065:超音速者（Lv17）","","31"
"9326","禁術・零夜","忍術","威力：ＺＺ（力or器）　対象：敵ランダム4回　属性：イオン・終焉
混沌の力で闇の雷を発生させる禁術中の禁術","","7417:神祖（Lv5）","18%当前HP","0","40","禁術・零夜","忍术","威力：ＺＺ（力or器）　対象：敵ランダム4回　属性：イオン・終焉
混沌之力引发暗之雷霆的禁术中的禁术","","7417:神祖（Lv5）","31"
"9327","禁術・九十九葬炎","忍術","威力：ＺＺ（力or器）　対象：敵全体　属性：核熱・テラ・銀河　効果：麻痺・バーン
恒星の炎で敵を消滅させる禁断の究極奥義","","7423:白面金毛九尾の狐（Lv17）","0","0","50","禁术・九十九葬炎","忍术","威力：ＺＺ（力or器）　対象：敵全体　属性：核熱・テラ・銀河　効果：麻痺・バーン
恒星之炎将敌人消灭的禁断究极奥义","","7423:白面金毛九尾狐（Lv17）","31"
"9328","虚術・夢果て","忍術","威力：ＳＳＳ（力or器）　対象：敵単体　属性：快楽　効果：誘惑・絶頂
あらゆる夢も快楽の中に朽ちるというくのいち奥義","7030:忍神（Lv10）","","0","0","18","虚术・梦果","忍术","威力：ＳＳＳ（力or器）　対象：敵単体　属性：快楽　効果：誘惑・絶頂
让所有梦想在快乐中腐朽的忍者奥义","7030:忍神（Lv10）","","31"
"9329","虚術・桃源千里","忍術","威力：Ｚ（力or器）　対象：敵単体　属性：ナイトメア　効果：恍惚・誘惑・絶頂
桃源郷に相手を誘い込み昇天させる伝説の快楽忍術","7065:音ヨリモ速キ者（Lv6）","","0","0","30","虚术・桃源千里","忍术","威力：Ｚ（力or器）　対象：敵単体　属性：ナイトメア　効果：恍惚・誘惑・絶頂
将对手引入桃源乡使其升天的传说快乐忍术","7065:超音速者（Lv6）","","31"
"9333","海凪六閃","海賊技","威力：ＳＳ（力or器or速）　対象：敵ランダム6回　属性：風・水
風と水の波動を連続で繰り出す海の究極奥義","7031:七海覇王（Lv2）","202:伝説の神魚（Lv8）","0","0","14","海凪六闪","海盗技","威力：ＳＳ（力or器or速）　対象：敵ランダム6回　属性：風・水
连续释放风与水的波动，海的究极奥义","7031:七海霸王（Lv2）","202:传说之神鱼（Lv8）","32"
"9334","真・七海覇斬","海賊技","威力：ＳＳ（力or器or速）　対象：敵全体　属性：修羅・ナノ
絶技をもって繰り出される七海覇斬の究極進化技","7031:七海覇王（Lv8）","","0","0","17","真・七海霸斩","海盗技","威力：ＳＳ（力or器or速）　対象：敵全体　属性：修羅・ナノ
以绝技施展的七海霸斩的究极进化技","7031:七海霸王（Lv8）","","32"
"9335","絶・海皇剛乱舞","海賊技","威力：ＳＳＳ（力or器or速）　対象：敵単体8回　属性：修羅・ナノ
絶技をもって繰り出される大将剛乱舞の究極進化技","7031:七海覇王（Lv11）","","0","0","18","绝・海皇刚乱舞","海盗技","威力：ＳＳＳ（力or器or速）　対象：敵単体8回　属性：修羅・ナノ
以绝技施展的大将刚乱舞的究极进化技","7031:七海霸王（Lv11）","","32"
"9336","破軍八艘跳び","海賊技","威力：４Ｓ（力or器or速）　対象：敵全体8回　属性・修羅
八艘跳びをより強化した海の王者による破壊奥義","7031:七海覇王（Lv14）","","0","0","25","破军八艘跳","海盗技","威力：４Ｓ（力or器or速）　対象：敵全体8回　属性・修羅
由海之王者强化的八艘跳的破坏奥义","7031:七海霸王（Lv14）","","32"
"9337","零下大海嘯","海賊技","威力：Ｚ（力or器or速）　対象：敵全体　属性：量子・ナノ　効果：フリーズ
人魚の怒りをもって繰り出される、文明を滅ぼすほどの大海嘯","","7418:ワールドドロウン（Lv10）","0","0","40","零下大海啸","海盗技","威力：Ｚ（力or器or速）　対象：敵全体　属性：量子・ナノ　効果：フリーズ
以人鱼的愤怒施展的，足以毁灭文明的大海啸","","7418:世界沉没者（Lv10）","32"
"9338","海覇閃旺","海賊技","威力：ＺＺ（力or器or速）　対象：敵ランダム6回　属性：修羅・量子・ナノ
究極の海賊技として伝えられる、海を統べる者の奥義","7070:英雄王（Lv2）","","0","0","40","海霸闪旺","海盗技","威力：ＺＺ（力or器or速）　対象：敵ランダム6回　属性：修羅・量子・ナノ
作为究极海贼技传承的，统治海洋者的奥义","7070:英雄王（Lv2）","","32"
"9342","神の銭投げ","商技","威力：レベル依存　対象：敵全体
お金を敵に投げつけ、ダメージを与える","7033:商神（Lv13）","","0","0","0","神之投钱","商技","威力：レベル依存　対象：敵全体
向敌人投掷金钱，造成伤害","7033:商神（Lv13）","","34"
"9343","混沌銭投げ","商技","威力：レベル依存　対象：敵全体
お金を敵に投げつけ、ダメージを与える","7069:万職ヲ極メシ仕事人（Lv2）","","0","0","0","混沌投钱","商技","威力：レベル依存　対象：敵全体
向敌人投掷金钱，造成伤害","7069:万职极尽的工匠（Lv2）","","34"
"9344","メテオマネー","商技","威力：レベル依存　対象：敵全体
お金を敵に投げつけ、ダメージを与える","","202:伝説の神魚（Lv14）","0","0","0","陨石金钱","商技","威力：レベル依存　対象：敵全体
向敌人投掷金钱，造成伤害","","202:传说之神鱼（Lv14）","34"
"9345","ギャラクシーマネー","商技","威力：レベル依存　対象：敵全体
お金を敵に投げつけ、ダメージを与える","","7418:ワールドドロウン（Lv8）","0","0","0","银河金钱","商技","威力：レベル依存　対象：敵全体
向敌人投掷金钱，造成伤害","","7418:世界沉没者（Lv8）","34"
"9346","秘石納入","商技","対象：使用者　効果：アイテム取得
金を支払い、ランダムに秘石を取得する","7033:商神（Lv14）","","0","0","0","秘石交付","商技","対象：使用者　効果：アイテム取得
支付金钱，随机获得秘石","7033:商神（Lv14）","","34"
"9347","混沌納入","商技","対象：使用者　効果：アイテム取得
金を支払い、ランダムに稀少なアイテムを取得する","7069:万職ヲ極メシ仕事人（Lv14）","","0","0","0","混沌缴纳","商技","対象：使用者　効果：アイテム取得
支付金钱，随机获得稀有物品","7069:万职极尽的工匠（Lv14）","","34"
"9348","混沌薬草購入","商技","対象：味方単体　効果：HP15000回復
混沌薬草を購入し、即座に使用する","7033:商神（Lv2）","","0","0","0","购买混沌药草","商技","対象：味方単体　効果：HP15000回復
购买混沌药草，立即使用","7033:商神（Lv2）","","34"
"9349","最終薬草購入","商技","対象：味方単体　効果：HP全回復
最終薬草を購入し、即座に使用する","7049:オールジョブラウンダー（Lv2）","","0","0","0","购买最终药草","商技","対象：味方単体　効果：HP全回復
购买最终药草，立即使用","7049:全能职业者（Lv2）","","34"
"9350","カオスの霊薬購入","商技","対象：味方単体　効果：MP1000回復
カオスの霊薬を購入し、即座に使用する","7033:商神（Lv10）","","0","0","0","购买混沌的灵药","商技","対象：味方単体　効果：MP1000回復
购买混沌的灵药，立即使用","7033:商神（Lv10）","","34"
"9351","最後の霊薬購入","商技","対象：味方単体　効果：MP全回復
最後の霊薬を購入し、即座に使用する","7049:オールジョブラウンダー（Lv2）","","0","0","0","购买最终之灵药","商技","対象：味方単体　効果：MP全回復
购买最终之灵药，立即使用","7049:全能职业者（Lv2）","","34"
"9352","カオスドリンク購入","商技","対象：味方単体　効果：最大SPの150%まで回復
カオスドリンクを購入し、即座に使用する","7033:商神（Lv5）","","0","0","0","购买混沌饮料","商技","対象：味方単体　効果：最大SPの150%まで回復
购买混沌饮料并立即使用","7033:商神（Lv5）","","34"
"9353","ファイナルドリンク購入","商技","対象：味方単体　効果：最大SPの200%まで回復
ファイナルドリンクを購入し、即座に使用する","7049:オールジョブラウンダー（Lv2）","","0","0","0","购买最终饮料","商技","対象：味方単体　効果：最大SPの200%まで回復
购买最终饮料并立即使用","7049:全能职业者（Lv2）","","34"
"9354","不死鳥の魂購入","商技","対象：味方全体（控え含む）　効果：完全蘇生
不死鳥の魂を購入し、即座に使用する","7069:万職ヲ極メシ仕事人（Lv2）","","0","0","0","购买不死鸟之魂","商技","対象：味方全体（控え含む）　効果：完全蘇生
购买不死鸟之魂并立即使用","7069:万职极尽的工匠（Lv2）","","34"
"9355","グランドエリクシル購入","商技","対象：味方全体（控え含む）　効果：HP/MP/SP全回復・全状態異常治療
味方全体のHPとMPおよびSP、あらゆる状態異常を治療する神薬","7069:万職ヲ極メシ仕事人（Lv2）","","0","0","0","购买大万能药","商技","対象：味方全体（控え含む）　効果：HP/MP/SP全回復・全状態異常治療
能恢复我方全体的HP、MP和SP，治疗所有异常状态的神药","7069:万职极尽的工匠（Lv2）","","34"
"9356","巨人の秘薬購入","商技","対象：味方全体　効果：最大HP1.5倍
巨人の秘薬を購入し、即座に使用する","7049:オールジョブラウンダー（Lv13）","","0","0","0","购买巨人的秘药","商技","対象：味方全体　効果：最大HP1.5倍
购买巨人的秘药并立即使用","7049:全能职业者（Lv13）","","34"
"9357","魔神の秘薬購入","商技","対象：味方全体　効果：最大HP2倍
魔神の秘薬を購入し、即座に使用する","7069:万職ヲ極メシ仕事人（Lv13）","","0","0","0","购买魔神的秘药","商技","対象：味方全体　効果：最大HP2倍
购买魔神的秘药并立即使用","7069:万职极尽的工匠（Lv13）","","34"
"9358","賢者の秘薬購入","商技","対象：味方全体　効果：最大MP1.5倍
賢者の秘薬を購入し、即座に使用する","7049:オールジョブラウンダー（Lv13）","","0","0","0","购买贤者的秘药","商技","対象：味方全体　効果：最大MP1.5倍
购买贤者的秘药并立即使用","7049:全能职业者（Lv13）","","34"
"9359","女神の秘薬購入","商技","対象：味方全体　効果：最大MP2倍
女神の秘薬を購入し、即座に使用する","7069:万職ヲ極メシ仕事人（Lv13）","","0","0","0","购买女神的秘药","商技","対象：味方全体　効果：最大MP2倍
购买女神的秘药并立即使用","7069:万职极尽的工匠（Lv13）","","34"
"9360","闘士の秘薬購入","商技","対象：味方全体　効果：最大SP1.5倍
闘士の秘薬を購入し、即座に使用する","7049:オールジョブラウンダー（Lv13）","","0","0","0","购买斗士的秘药","商技","対象：味方全体　効果：最大SP1.5倍
购买了斗士的秘药，并立即使用","7049:全能职业者（Lv13）","","34"
"9361","鬼神の秘薬購入","商技","対象：味方全体　効果：最大SP2倍
鬼神の秘薬を購入し、即座に使用する","7069:万職ヲ極メシ仕事人（Lv13）","","0","0","0","购买鬼神的秘药","商技","対象：味方全体　効果：最大SP2倍
购买了鬼神的秘药，并立即使用","7069:万职极尽的工匠（Lv13）","","34"
"9362","カンフル購入","商技","対象：味方全体　効果：即死・昇天・絶頂無効
カンフルを購入し、即座に使用する","7033:商神（Lv4）","","0","0","0","购买强心剂","商技","対象：味方全体　効果：即死・昇天・絶頂無効
购买了强心剂，并立即使用","7033:商神（Lv4）","","34"
"9363","ワクチン購入","商技","対象：味方全体　効果：状態異常予防
ワクチンを購入し、即座に使用する","7033:商神（Lv4）","","0","0","0","购买疫苗","商技","対象：味方全体　効果：状態異常予防
购买了疫苗，并立即使用","7033:商神（Lv4）","","34"
"9367","全体化:混沌薬草","EXアイテム","対象：味方全体　効果：HP100000回復
混沌薬草の効果を全体化する","7033:商神（Lv2）","","0","0","0","全体化:混沌薬草","EX物品","対象：味方全体　効果：HP100000回復
混沌药草的效果全体化","7033:商神（Lv2）","","35"
"9368","全体化:最終薬草","EXアイテム","対象：味方全体　効果：HP全回復
最終薬草の効果を全体化する","7049:オールジョブラウンダー（Lv9）","","0","0","0","全体化:最終薬草","EX物品","対象：味方全体　効果：HP全回復
最终药草的效果全体化","7049:全能职业者（Lv9）","","35"
"9369","全体化:カオスの霊薬","EXアイテム","対象：味方全体　効果：MP2500回復
カオスの霊薬の効果を全体化する","7033:商神（Lv10）","","0","0","0","全体化:カオスの霊薬","EX物品","対象：味方全体　効果：MP2500回復
混沌的灵药的效果全体化","7033:商神（Lv10）","","35"
"9370","全体化:最後の霊薬","EXアイテム","対象：味方全体　効果：MP全回復
最後の霊薬の効果を全体化する","7049:オールジョブラウンダー（Lv9）","","0","0","0","全体化:最後の霊薬","EX物品","対象：味方全体　効果：MP全回復
将最终之灵药的效果全体化","7049:全能职业者（Lv9）","","35"
"9371","全体化:カオスドリンク","EXアイテム","対象：味方全体　効果：最大SPの150%まで回復
カオスドリンクの効果を全体化する","7033:商神（Lv5）","","0","0","0","全体化:カオスドリンク","EX物品","対象：味方全体　効果：最大SPの150%まで回復
将混沌饮料的效果全体化","7033:商神（Lv5）","","35"
"9372","全体化:ファイナルドリンク","EXアイテム","対象：味方全体　効果：最大SPの200%まで回復
ファイナルドリンクの効果を全体化する","7049:オールジョブラウンダー（Lv9）","","0","0","0","全体化:ファイナルドリンク","EX物品","対象：味方全体　効果：最大SPの200%まで回復
将最终饮料的效果全体化","7049:全能职业者（Lv9）","","35"
"9376","きまぐれジョーカー","オラクル","威力：可変（器）　対象：敵全体　属性：闇　効果：即死
ジョーカーの力で死神を呼び出しランダムダメージを与える","7035:ゴッドギャンブラー（Lv5）","","0","0","12","随性小丑","神谕","威力：可変（器）　対象：敵全体　属性：闇　効果：即死
小丑之力召唤死神，随机造成伤害","7035:赌神（Lv5）","","36"
"9377","プログレッシブジャックポット","オラクル","威力：可変（器）　対象：敵ランダム9回　属性：銀河
威力がランダムで激変するギャンブラーの究極奥義","7069:万職ヲ極メシ仕事人（Lv6）","","0","0","25","渐进式累积奖池","神谕","威力：可変（器）　対象：敵ランダム9回　属性：銀河
威力随机剧烈变化的赌徒究极奥义","7069:万职极尽的工匠（Lv6）","","36"
"9378","超越者ドロー","オラクル","効果：ランダム
デッキから超越者召喚カードをドローするランダム技","7035:ゴッドギャンブラー（Lv14）","","0","0","5","超越者抽牌","神谕","効果：ランダム
从牌组中抽取超越者召唤卡的随机技能","7035:赌神（Lv14）","","36"
"9379","十六の破滅事象","オラクル","効果：ランダム
十六の破滅事象をランダムで召喚する破滅奥義","","7420:コスモス（Lv15）","0","0","20","十六破灭事象","神谕","効果：ランダム
随机召唤十六破灭事象的毁灭奥义","","7420:宇宙神蝶（Lv15）","36"
"9380","ダブルアップ","オラクル","効果：獲得経験値・ゴールド二倍、重ね掛け可能
獲得経験値とゴールドが倍になるが、失敗すると爆発し効果消滅","7035:ゴッドギャンブラー（Lv2）","","0","0","1","双倍投注","神谕","効果：獲得経験値・ゴールド二倍、重ね掛け可能
获得的经验值和金币翻倍，但失败会爆炸并失去效果","7035:赌神（Lv2）","","36"
"9384","無の踊り","踊る","威力：ＳＳ（器）　対象：敵全体　属性：ナノ
混沌の舞いで全てを無に帰す","","282:神鳥（Lv5）","0","27","8","無之舞","踊る","威力：ＳＳ（器）　対象：敵全体　属性：ナノ
混沌之舞将一切归于无","","282:神鸟（Lv5）","37"
"9385","神剣天舞","踊る","威力：ＳＳＳ（器）　対象：敵ランダム6回
剣を携えて神舞を踊り、究極の斬撃を繰り出す奥義","7036:舞踏神（Lv4）","","0","0","18","神剑天舞","踊る","威力：ＳＳＳ（器）　対象：敵ランダム6回
持剑起舞，施展究极斩击的奥义","7036:舞蹈神（Lv4）","","37"
"9386","コズミックダンス","踊る","威力：ＳＳＳ（器）　対象：敵全体　属性：銀河
銀河の力を招来し、相手を消滅させる舞","7038:コズミックアイドル（Lv14）","222:コスモフェアリー（Lv2）","0","40","10","宇宙之舞","踊る","威力：ＳＳＳ（器）　対象：敵全体　属性：銀河
招来银河之力，将对手消灭的舞蹈","7038:宇宙偶像（Lv14）","222:宇宙妖精（Lv2）","37"
"9387","銀河大連舞","踊る","威力：Ｚ（器）　対象：敵ランダム6回　属性：ハドロン・ナノ・銀河
大宇宙のエネルギーを凝縮する究極の招来演舞","7066:極マリシ偶像（Lv9）","","0","60","15","银河大联舞","踊る","威力：Ｚ（器）　対象：敵ランダム6回　属性：ハドロン・ナノ・銀河
凝聚大宇宙能量的究极招来演舞","7066:极致偶像（Lv9）","","37"
"9388","核熱煉獄の舞","踊る","威力：Ｚ（器）　対象：敵全体　属性：核熱・終焉　効果：バーン
混沌の力でこの世に煉獄をもたらす禁忌の舞い","","7423:白面金毛九尾の狐（Lv11）","0","90","20","核热炼狱之舞","踊る","威力：Ｚ（器）　対象：敵全体　属性：核熱・終焉　効果：バーン
以混沌之力带来炼狱的禁忌之舞","","7423:白面金毛九尾狐（Lv11）","37"
"9389","夢見るままに待ちいたり","踊る","威力：Ｚ（器）　対象：敵全体　属性：核熱・量子・ナノ　効果：バーン
深海にて夢を見ながら胎動する破滅の揺らぎ","","7429:名状しがたきもの（Lv12）","0","0","40","候汝入梦","踊る","威力：Ｚ（器）　対象：敵全体　属性：核熱・量子・ナノ　効果：バーン
在深海中梦见毁灭的胎动","","7429:不可名状之物（Lv12）","37"
"9390","滅亡の虹","踊る","威力：Ｚ（器）　対象：敵全体　属性：炎・氷・雷・風・土・水・永劫・終焉・銀河　効果：全能力ダウン
神の意志による絶滅と、その終わりを告げる虹","","7455:デウスエクスマキナ（Lv5）","0","90","20","灭亡之虹","踊る","威力：Ｚ（器）　対象：敵全体　属性：炎・氷・雷・風・土・水・永劫・終焉・銀河　効果：全能力ダウン
神之意志带来的绝灭，以及宣告其终结的彩虹","","7455:机械降神（Lv5）","37"
"9391","真・不死鳥の踊り","踊る","威力：ＺＺ（器）　対象：敵全体　属性：核熱・ハドロン　効果：味方全体復活・バーン
不死鳥の力で滅びと再生をもたらす究極の舞","","7426:フェニックス（Lv11）","0","135","25","真・不死鸟之舞","踊る","威力：ＺＺ（器）　対象：敵全体　属性：核熱・ハドロン　効果：味方全体復活・バーン
不死鸟之力带来毁灭与再生的究极之舞","","7426:凤凰（Lv11）","37"
"9392","エクスタシーダンス","踊る","対象：敵全体　効果：敏感・恍惚・誘惑・失禁・絶頂
情欲を極限まで刺激するエロティックな踊り","7036:舞踏神（Lv2）","","0","0","6","绝顶之舞","踊る","対象：敵全体　効果：敏感・恍惚・誘惑・失禁・絶頂
将情欲刺激到极限的色情之舞","7036:舞蹈神（Lv2）","","37"
"9393","極呪の踊り","踊る","対象：敵全体　効果：毒・暗闇・沈黙・混乱・睡眠・麻痺・石化
強力な呪いを込めた舞いで敵を状態異常にする","7036:舞踏神（Lv10）","","0","0","4","极咒之舞","踊る","対象：敵全体　効果：毒・暗闇・沈黙・混乱・睡眠・麻痺・石化
以强力诅咒之舞使敌人陷入状态异常","7036:舞蹈神（Lv10）","","37"
"9394","極死の踊り","踊る","対象：敵全体　効果：即死・昇天・絶頂
多種多様なる死の呪いをもたらす恐怖の舞","7036:舞踏神（Lv13）","","0","0","8","极死之舞","踊る","対象：敵全体　効果：即死・昇天・絶頂
带来多种多样死亡诅咒的恐怖之舞","7036:舞蹈神（Lv13）","","37"
"9395","神鳥の踊り","踊る","対象：味方単体　効果：HP・SP全回復・全能力強化
味方単体の体力と気力を回復かつ強化する神鳥の加護","","282:神鳥（Lv10）","0","65","16","神鸟之舞","踊る","対象：味方単体　効果：HP・SP全回復・全能力強化
恢复并强化我方单体的体力和气力，神鸟的庇护","","282:神鸟（Lv10）","37"
"9396","マーベラスダンス","踊る","対象：味方全体（控え含む）　効果：HP大回復
生命力みなぎる踊りで控えも含めた味方全体の体力を回復する","7038:コズミックアイドル（Lv10）","","0","0","15","绝妙之舞","踊る","対象：味方全体（控え含む）　効果：HP大回復
充满生命力的舞蹈，恢复包括替补在内的我方全体的体力","7038:宇宙偶像（Lv10）","","37"
"9397","月無の舞い","踊る","対象：味方全体　効果：消費MP・SPなし
全員のMPやSPの消費がなくなる伝説の踊り","","253:零尾の狐（Lv12）","0","0","30","月无之舞","踊る","対象：味方全体　効果：消費MP・SPなし
传说中的舞蹈，使全体成员不消耗MP或SP","","253:零尾之狐（Lv12）","37"
"9398","銀河の波動","踊る","対象：味方全体　効果：銀河属性の与ダメージ2倍
銀河の力を凝縮し、仲間達に分け与える舞","7038:コズミックアイドル（Lv2）","","0","0","10","银河的波动","踊る","対象：味方全体　効果：銀河属性の与ダメージ2倍
凝聚银河之力，分给伙伴们的舞蹈","7038:宇宙偶像（Lv2）","","37"
"9399","清めの神舞","踊る","対象：敵全体　効果：3ターンの間、ターン終了時に強化解除
3ターンの間、敵の強化効果を強制解除する舞","","7424:淫欲の堕蛇（Lv13）","0","0","8","净化之神舞","踊る","対象：敵全体　効果：3ターンの間、ターン終了時に強化解除
3回合内，强制解除敌人的强化效果的舞蹈","","7424:淫欲的堕蛇（Lv13）","37"
"9400","究極からくり舞い","踊る","対象：敵全体　効果：毎ターンスタン
敵全体を踊らせる舞いが3ターン発動し続ける","","353:究極至高人形（Lv5）","0","0","6","究极机关舞","踊る","対象：敵全体　効果：毎ターンスタン
使全体敌人跳舞的舞蹈持续发动3回合","","353:究极至高人偶（Lv5）","37"
"9401","歌封じの踊り","踊る","対象：使用者　効果：無効化反撃
2ターンの間、敵の歌を無効化し反撃する","7036:舞踏神（Lv8）","","0","0","4","歌封之舞","踊る","対象：使用者　効果：無効化反撃
2回合内，使敌人的歌声无效并反击","7036:舞蹈神（Lv8）","","37"
"9402","無限蛇の踊り","踊る","対象：味方全体　効果：拘束解除・3ターン拘束無効
味方全体の拘束を解除し、しばらく拘束を受け付けなくなる","","264:ウロボロス（Lv12）","0","0","3","无限蛇之舞","踊る","対象：味方全体　効果：拘束解除・3ターン拘束無効
解除我方全体的拘束，暂时不受拘束影响","","264:衔尾蛇（Lv12）","37"
"9403","影の舞い","踊る","対象：味方全員　効果：万能回避率中アップ
10ターンの間、混沌属性攻撃を中確率で回避する禁断の舞い","","7434:影、紬ぐ人形（Lv5）","0","0","15","影之舞","踊る","対象：味方全員　効果：万能回避率中アップ
10回合内，中概率回避混沌属性攻击的禁忌之舞","","7434:影、䌷人偶（Lv5）","37"
"9405","破邪の歌","歌う","威力：Ｓ（器）　対象：敵全体　属性：聖　効果：妖魔・吸血鬼特攻・昇天
邪悪なる存在を退ける効果を持つ、聖なる歌唱","7037:歌唱神（Lv2）","","0","15","6","破邪之歌","歌唱","威力：Ｓ（器）　対象：敵全体　属性：聖　効果：妖魔・吸血鬼特攻・昇天
具有驱散邪恶存在效果的圣歌","7037:歌唱神（Lv2）","","38"
"9406","堕天の歌","歌う","威力：Ｓ（器）　対象：敵全体　属性：音波　効果：天使特攻
堕天をもたらす禁断の歌で天使に大ダメージを与える","7037:歌唱神（Lv6）","","0","15","6","堕天之歌","歌唱","威力：Ｓ（器）　対象：敵全体　属性：音波　効果：天使特攻
带来堕天的禁歌，对天使造成巨大伤害","7037:歌唱神（Lv6）","","38"
"9407","虚空聖唱","歌う","威力：ＳＳ（器）　対象：敵全体　属性：聖　効果：アポトーシス特攻・昇天
聖なる力を込めた天使の歌声で敵を昇天させ、アポトーシスに効果絶大","7037:歌唱神（Lv14）","","0","26","8","虚空圣唱","歌唱","威力：ＳＳ（器）　対象：敵全体　属性：聖　効果：アポトーシス特攻・昇天
以神圣之力注入的天使之歌，使敌人升天，对凋零者效果极大","7037:歌唱神（Lv14）","","38"
"9408","ヘルクライ","歌う","威力：ＳＳ（器）　対象：敵全体　属性：音波
音速の衝撃波で全てを破壊する音波奥義","7037:歌唱神（Lv9）","","0","0","17","地狱之唤","歌唱","威力：ＳＳ（器）　対象：敵全体　属性：音波
以音速冲击波摧毁一切的音波奥义","7037:歌唱神（Lv9）","","38"
"9409","狐唄・傾国ノ夢","歌う","威力：ＳＳ（器）　対象：敵全体　属性：テラ・ナイトメア　効果：恍惚・誘惑
心を蕩かし破滅をもたらすという究極の狐歌","","253:零尾の狐（Lv14）","0","27","8","狐歌・倾国之梦","歌唱","威力：ＳＳ（器）　対象：敵全体　属性：テラ・ナイトメア　効果：恍惚・誘惑
能迷惑心灵带来毁灭的究极狐歌","","253:零尾之狐（Lv14）","38"
"9410","竜宮歌・朽玉手","歌う","威力：ＳＳ（器）　対象：敵全体　属性：水　効果：睡眠
竜宮に伝わる歌で空間を水塊で満たす奥義","","308:海神（Lv9）","0","27","8","龙宫歌・朽玉手","歌唱","威力：ＳＳ（器）　対象：敵全体　属性：水　効果：睡眠
龙宫传唱的歌，用水的力量填满空间","","308:海神（Lv9）","38"
"9411","バンシィの叫び","歌う","威力：ＳＳＳ（器）　対象：敵全体　属性：ナノ・音波・銀河　効果：混乱・誘惑
不可知の叫びにより肉体と精神を同時に破綻させる","","202:伝説の神魚（Lv17）","0","0","21","报丧女妖的尖啸","歌唱","威力：ＳＳＳ（器）　対象：敵全体　属性：ナノ・音波・銀河　効果：混乱・誘惑
不可知的呼喊，同时破坏肉体和精神","","202:传说之神鱼（Lv17）","38"
"9412","氷棺の魔歌","歌う","威力：４Ｓ（器）　対象：敵単体　属性：量子・音波　効果：フリーズ
相手を絶対零度の氷棺に封じ込める魔性の歌","7038:コズミックアイドル（Lv8）","","0","40","11","冰棺的魔歌","歌唱","威力：４Ｓ（器）　対象：敵単体　属性：量子・音波　効果：フリーズ
将对手封入绝对零度的冰棺中的魔性之歌","7038:宇宙偶像（Lv8）","","38"
"9413","百億光年銀河","歌う","威力：Ｚ（器）　対象：敵全体　属性：量子・音波・銀河　効果：フリーズ
銀河のエネルギーを集めて敵集団に照射する究極の歌","7066:極マリシ偶像（Lv11）","","0","90","20","百亿光年银河","歌唱","威力：Ｚ（器）　対象：敵全体　属性：量子・音波・銀河　効果：フリーズ
聚集银河能量照射敌群的究极之歌","7066:极致偶像（Lv11）","","38"
"9414","無調・傾国傾世","歌う","威力：Ｚ（器）　対象：敵全体　属性：テラ・ナイトメア・音波　効果：恍惚・誘惑
混沌の力で身も心も奪い去る禁忌の歌","","7423:白面金毛九尾の狐（Lv14）","0","90","20","无调・倾国倾世","歌唱","威力：Ｚ（器）　対象：敵全体　属性：テラ・ナイトメア・音波　効果：恍惚・誘惑
混沌之力夺走身心，禁忌之歌","","7423:白面金毛九尾狐（Lv14）","38"
"9415","クトゥルフの呼び声","歌う","威力：Ｚ（器）　対象：敵全体　属性：ナノ・終焉・音波　効果：混乱・睡眠・即死
混乱・睡眠状態の敵の相手を即死させる破滅の呼び声","","7429:名状しがたきもの（Lv8）","20%当前HP","0","20","克苏鲁的呼唤","歌唱","威力：Ｚ（器）　対象：敵全体　属性：ナノ・終焉・音波　効果：混乱・睡眠・即死
使混乱・睡眠状态的敌人即死的毁灭之呼声","","7429:不可名状之物（Lv8）","38"
"9416","終わりなき輪廻の歌","歌う","威力：Ｚ（器）　対象：敵全体　属性：永劫・終焉・音波　効果：即死・昇天・絶頂
終わりなき輪廻を示す歌により破壊と再生をもたらす","","7455:デウスエクスマキナ（Lv11）","13%当前HP","60","13","无尽轮回之歌","歌唱","威力：Ｚ（器）　対象：敵全体　属性：永劫・終焉・音波　効果：即死・昇天・絶頂
象征无尽轮回的歌声带来破坏与再生","","7455:机械降神（Lv11）","38"
"9417","怨叉塵叫","歌う","威力：ＺＺ（器）　対象：敵全体　属性：ナノ・終焉・音波　効果：麻痺・混乱・フリーズ・スタン
全てを滅ぼす人魚の呪いが込められた悪夢の叫び","","7418:ワールドドロウン（Lv14）","22%当前HP","0","25","怨叉尘尖啸","歌唱","威力：ＺＺ（器）　対象：敵全体　属性：ナノ・終焉・音波　効果：麻痺・混乱・フリーズ・スタン
蕴含着毁灭一切的人鱼诅咒的恶梦之嚎","","7418:世界沉没者（Lv14）","38"
"9419","回帰の歌","歌う","対象：味方全体　効果：ターンHP・MP・SP中回復
生命活動を促進させる歌でターンごとに体力や魔力が大幅回復する","7037:歌唱神（Lv3）","","0","0","10","回归之歌","歌唱","対象：味方全体　効果：ターンHP・MP・SP中回復
促进生命活动的歌曲，每回合大幅恢复体力、魔力和精力","7037:歌唱神（Lv3）","","38"
"9420","シン・英雄の歌","歌う","対象：味方全体　効果：2ターン全能力大アップ
真の英雄を称える歌により味方全体の潜在能力を格段に押し上げる","7037:歌唱神（Lv11）","","0","0","25","真・英雄之歌","歌唱","対象：味方全体　効果：2ターン全能力大アップ
赞颂真正英雄的歌曲，使我方全体的潜在能力大幅提升","7037:歌唱神（Lv11）","","38"
"9421","無垢なる愛の歌","歌う","対象：敵全体　効果：スロウ・ストップ・石化・昇天
無垢なる愛を歌い、敵全体の身も心も狂おしくかき乱す","7037:歌唱神（Lv5）","","0","0","4","无垢的爱之歌","歌唱","対象：敵全体　効果：スロウ・ストップ・石化・昇天
唱出无垢的爱，使全体敌人身心狂乱","7037:歌唱神（Lv5）","","38"
"9422","銀河のキラッ☆","歌う","対象：敵全体　効果：スタン・恍惚・誘惑・失禁・絶頂
銀河の輝きで全てのギャラリーを圧倒する","7038:コズミックアイドル（Lv6）","","0","0","4","银河的闪亮☆","歌唱","対象：敵全体　効果：スタン・恍惚・誘惑・失禁・絶頂
用银河的光辉压倒所有观众","7038:宇宙偶像（Lv6）","","38"
"9423","先駆けの歌","歌う","対象：味方全体　効果：全体速攻
闘志が沸き立ち、仲間全員が先駆けて攻める歌","7037:歌唱神（Lv12）","","0","0","15","先驱之歌","歌唱","対象：味方全体　効果：全体速攻
斗志沸腾，伙伴全员率先出击的歌","7037:歌唱神（Lv12）","","38"
"9424","マックスボルテージ","歌う","対象：味方全体　効果：連撃スキル4アップ
ボルテージが上がり、連続攻撃回数がアップする歌","7066:極マリシ偶像（Lv2）","","0","0","10","最大电压","歌唱","対象：味方全体　効果：連撃スキル4アップ
电压上升，连续攻击次数增加的歌","7066:极致偶像（Lv2）","","38"
"9425","凍てつかない波動","歌う","対象：味方全体　効果：凍てつく波動系効果無効
3ターンの間、こちらの強化を解除する敵スキルを無効化する","7066:極マリシ偶像（Lv20）","","0","0","10","不冻结的波动","歌唱","対象：味方全体　効果：凍てつく波動系効果無効
3回合内，使解除我方强化的敌方技能无效化","7066:极致偶像（Lv20）","","38"
"9426","発動：凍てつかない波動","特技","ステート519","","","0","0","0","発動：凍てつかない波動","特技","ステート519","","","63"
"9427","究極からくり唄","歌う","対象：敵全体　効果：味方全体強化・敵全体弱化
味方を強化し、敵を弱化させる究極のサポートソング","","353:究極至高人形（Lv9）","0","0","12","究极机关歌","歌唱","対象：敵全体　効果：味方全体強化・敵全体弱化
强化我方，弱化敌方的究极支援歌曲","","353:究极至高人偶（Lv9）","38"
"9428","銀河の守り","歌う","対象：味方全体　効果：銀河属性半減・混沌属性軽減
銀河の力を凝縮し、仲間達を守る歌","7038:コズミックアイドル（Lv4）","","0","0","20","银河的守护","歌唱","対象：味方全体　効果：銀河属性半減・混沌属性軽減
凝聚银河之力，守护同伴的歌曲","7038:宇宙偶像（Lv4）","","38"
"9429","踊り封じの歌","歌う","対象：使用者　効果：無効化反撃
2ターンの間、敵の扇技・踊りを無効化し反撃する","7037:歌唱神（Lv8）","","0","0","4","舞封之歌","歌唱","対象：使用者　効果：無効化反撃
2回合内，敌方的扇技・舞蹈无效并反击","7037:歌唱神（Lv8）","","38"
"9430","救世主の歌","歌う","対象：味方全体　効果：状態異常・即死効果など無効化
状態異常や即死、敵からの痛恨や特攻を無効化する加護の歌","7066:極マリシ偶像（Lv5）","","0","0","15","救世主之歌","歌唱","対象：味方全体　効果：状態異常・即死効果など無効化
使状态异常、即死、敌方的痛恨和特攻无效的加护之歌","7066:极致偶像（Lv5）","","38"
"9431","紬ぐ歌","歌う","対象：味方全体　効果：全能力特大アップ、次ターン後戦闘不能
味方全員が莫大な力を発揮するが、次のターンで全員死亡する","","7434:影、紬ぐ人形（Lv11）","0","0","0","䌷之歌","歌唱","対象：味方全体　効果：全能力特大アップ、次ターン後戦闘不能
我方全员发挥巨大力量，但下一回合全员死亡","","7434:影、䌷人偶（Lv11）","38"
"9433","超賞賛","話す","対象：敵単体　効果：友好度特大アップ
敵を賞賛し、友好度を大幅に上げる","7045:言霊神（Lv10）","","0","0","30","超赞赏","交谈","対象：敵単体　効果：友好度特大アップ
赞赏敌人，大幅提升友好度","7045:言灵神（Lv10）","","39"
"9434","超罵倒","話す","対象：敵単体　効果：友好度が0になる
敵を罵倒し、友好度を限界まで下げる","7045:言霊神（Lv4）","","0","0","3","超骂倒","交谈","対象：敵単体　効果：友好度が0になる
骂倒敌人，将友好度降至极限","7045:言灵神（Lv4）","","39"
"9435","大呪詛","話す","対象：敵全体　効果：即死・石化・ミニマム・ゾンビ・闇穢
言霊の力で敵全体に破滅的な呪いを振りまく","7045:言霊神（Lv7）","","0","0","8","大诅咒","交谈","対象：敵全体　効果：即死・石化・ミニマム・ゾンビ・闇穢
用言灵之力对全体敌人施加毁灭性的诅咒","7045:言灵神（Lv7）","","39"
"9436","大祝詞","話す","対象：味方全体　効果：HP大回復・防御力/精神力アップ
言霊の力で味方全体を癒し、被ダメージ減少の祝福を与える","7045:言霊神（Lv9）","","0","0","10","大祝词","交谈","対象：味方全体　効果：HP大回復・防御力/精神力アップ
用言灵之力治愈我方全体，给予减少被伤害的祝福","7045:言灵神（Lv9）","","39"
"9437","毒の言霊","話す","威力：ＳＳ（器）　対象：敵全体　属性：バイオ　効果：毒
敵全体に毒をもたらす呪いの言霊","7045:言霊神（Lv11）","","0","0","17","毒之言灵","交谈","威力：ＳＳ（器）　対象：敵全体　属性：バイオ　効果：毒
对全体敌人施加毒咒的言灵","7045:言灵神（Lv11）","","39"
"9438","音の言霊","話す","威力：ＳＳ（器）　対象：敵全体　属性：音波　効果：混乱
敵全体の精神を乱す音波の言霊","7045:言霊神（Lv12）","","0","0","17","音之言灵","交谈","威力：ＳＳ（器）　対象：敵全体　属性：音波　効果：混乱
扰乱全体敌人精神的音波言灵","7045:言灵神（Lv12）","","39"
"9439","禁じられた言霊","話す","威力：Ｚ（器）　対象：敵全体　属性：銀河
禁じられた存在を想起させる究極の言霊","7069:万職ヲ極メシ仕事人（Lv9）","","0","0","40","禁忌之言灵","交谈","威力：Ｚ（器）　対象：敵全体　属性：銀河
唤起禁忌存在的究极言灵","7069:万职极尽的工匠（Lv9）","","39"
"9443","核の冬","魔導科学","威力：ＳＳ（魔or器）　対象：敵全体　属性：核熱
混沌を科学で解析し、核による破滅をもたらす","7040:禁忌科学者（Lv2）","","0","0","17","核冬天","魔導科学","威力：ＳＳ（魔or器）　対象：敵全体　属性：核熱
用科学解析混沌，带来核毁灭","7040:禁忌科学家（Lv2）","","40"
"9444","フェルミアーク","魔導科学","威力：ＳＳ（魔or器）　対象：敵全体　属性：量子
混沌を科学で解析し、量子的破滅事象をもたらす","7040:禁忌科学者（Lv5）","","0","0","17","费米弧","魔導科学","威力：ＳＳ（魔or器）　対象：敵全体　属性：量子
用科学解析混沌，带来量子的破灭事象","7040:禁忌科学家（Lv5）","","40"
"9445","電離崩壊","魔導科学","威力：ＳＳ（魔or器）　対象：敵全体　属性：イオン
混沌を科学で解析し、イオン干渉による破滅的崩壊をもたらす","7040:禁忌科学者（Lv7）","","0","0","17","电离崩坏","魔導科学","威力：ＳＳ（魔or器）　対象：敵全体　属性：イオン
用科学解析混沌，带来离子干扰的毁灭性崩坏","7040:禁忌科学家（Lv7）","","40"
"9446","デスコラプス","魔導科学","威力：ＳＳ（魔or器）　対象：敵全体　属性：バイオ・音波　効果：毒・混乱
肉体と精神の同時破壊をもたらす禁じられた魔導科学の奥義","","335:カオスアンデッド（Lv10）","0","0","17","死亡崩溃","魔導科学","威力：ＳＳ（魔or器）　対象：敵全体　属性：バイオ・音波　効果：毒・混乱
带来肉体与精神同时破坏的禁忌魔导科学奥义","","335:混沌不死族（Lv10）","40"
"9447","B-H輻射","魔導科学","威力：ＳＳＳ（魔or器）　対象：敵全体　属性：終焉・銀河
究極のブラックホールを作り出す混沌奥義","7040:禁忌科学者（Lv14）","","0","0","21","B-H輻射","魔導科学","威力：ＳＳＳ（魔or器）　対象：敵全体　属性：終焉・銀河
创造究极黑洞的混沌奥义","7040:禁忌科学家（Lv14）","","40"
"9448","ニュークリア・ゼロ","魔導科学","威力：Ｚ（魔or器）　対象：敵全体　属性：核熱・イオン
恒星に匹敵する核爆発を発生させる究極の魔導科学奥義","7068:真理ノ探究者（Lv2）","","0","0","40","核零","魔導科学","威力：Ｚ（魔or器）　対象：敵全体　属性：核熱・イオン
引发恒星级核爆的究极魔导科学奥义","7068:真理探究者（Lv2）","","40"
"9449","文明崩壊","魔導科学","威力：Ｚ（魔or器）　対象：敵全体　属性：核熱・終焉・バイオ
禁じられた兵器の使用により文明そのものを崩壊させる","","7432:ノーライフキング（Lv8）","0","0","40","文明崩坏","魔導科学","威力：Ｚ（魔or器）　対象：敵全体　属性：核熱・終焉・バイオ
使用被禁止的武器，导致文明本身崩溃","","7432:无生之王（Lv8）","40"
"9450","クインテッセンス","魔導科学","威力：ＺＺ（魔or器）　対象：敵全体　属性：核熱・量子・イオン・銀河
混沌を科学で解析し、未知のエネルギーによる破滅事象を引き起こす","7068:真理ノ探究者（Lv12）","","0","0","50","精质","魔導科学","威力：ＺＺ（魔or器）　対象：敵全体　属性：核熱・量子・イオン・銀河
通过科学解析混沌，引发未知能量造成的破灭事象","7068:真理探究者（Lv12）","","40"
"9451","拡散MP変換","魔導科学","対象：味方全体　効果：MP中回復
SPをMPに変換し、味方全体に拡散する","7040:禁忌科学者（Lv10）","","0","0","15","扩散MP转换","魔導科学","対象：味方全体　効果：MP中回復
将SP转换为MP，扩散到我方全体","7040:禁忌科学家（Lv10）","","40"
"9452","拡散SP変換","魔導科学","対象：味方全体　効果：SP中回復
MPをSPに変換し、味方全体に拡散する","7040:禁忌科学者（Lv11）","","0","30","0","扩散SP转换","魔導科学","対象：味方全体　効果：SP中回復
将MP转换为SP，扩散到我方全体","7040:禁忌科学家（Lv11）","","40"
"9453","錬金素材創出","魔導科学","効果：錬金砂×3、魔水銀×1獲得
SPを錬金素材に変換する","7040:禁忌科学者（Lv6）","","0","0","20","炼金素材创造","魔導科学","効果：錬金砂×3、魔水銀×1獲得
将SP转换为炼金素材","7040:禁忌科学家（Lv6）","","40"
"9454","ページ創出","魔導科学","効果：ページ×3獲得
SPを魔導書のページに変換する","7040:禁忌科学者（Lv6）","","0","0","15","书页创造","魔導科学","効果：ページ×3獲得
将SP转换为魔导书的书页","7040:禁忌科学家（Lv6）","","40"
"9455","機構解析","魔導科学","対象：使用者　効果：無効化反撃
2ターンの間、敵のマキナ・造技を無効化し反撃する","7040:禁忌科学者（Lv8）","","0","0","4","机构解析","魔導科学","対象：使用者　効果：無効化反撃
2回合内，使敌人的器械・造技无效化并反击","7040:禁忌科学家（Lv8）","","40"
"9459","反物質","錬金術","威力：ＺＺ（魔or器）　対象：敵全体　属性：永劫・終焉・銀河
反物質を精製し対反応による破滅的現象を引き起こす","7068:真理ノ探究者（Lv9）","","0","0","0","反物质","炼金术","威力：ＺＺ（魔or器）　対象：敵全体　属性：永劫・終焉・銀河
精炼反物质，引发对反应造成的毁灭现象","7068:真理探究者（Lv9）","","41"
"9460","ネコソギイタダキ","錬金術","対象：敵単体　効果：アイテム全ドロップ
この毒を浴びた敵は、撃破時に所持アイテムを全て落とす","7041:トリスメギストス（Lv12）","","0","0","0","寸草不留","炼金术","対象：敵単体　効果：アイテム全ドロップ
中了这种毒的敌人，在击败时会掉落所有持有的物品","7041:三重伟大（Lv12）","","41"
"9464","核熱の256ページ","魔本術","威力：ＳＳ（魔）　対象：敵全体　属性：核熱
魔本の力で核熱の炎を発生させる混沌術","7042:アカシックレコード（Lv2）","","0","0","0","核热的256页","魔本术","威力：ＳＳ（魔）　対象：敵全体　属性：核熱
魔本之力引发核热之炎的混沌术","7042:阿卡西记录（Lv2）","","42"
"9465","量子の512ページ","魔本術","威力：ＳＳ（魔）　対象：敵全体　属性：量子
魔本の力で量子的干渉を引き起こす混沌術","7042:アカシックレコード（Lv5）","","0","0","0","量子的512页","魔本术","威力：ＳＳ（魔）　対象：敵全体　属性：量子
魔本之力引发量子的干涉混沌术","7042:阿卡西记录（Lv5）","","42"
"9466","イオンの1024ページ","魔本術","威力：ＳＳ（魔）　対象：敵全体　属性：イオン
魔本の力でイオン的干渉を引き起こす混沌術","7042:アカシックレコード（Lv7）","","0","0","0","离子的1024页","魔本术","威力：ＳＳ（魔）　対象：敵全体　属性：イオン
魔本之力引发离子的干涉混沌术","7042:阿卡西记录（Lv7）","","42"
"9467","永劫の142857ページ","魔本術","威力：ＳＳ（魔）　対象：敵全体　属性：永劫
永劫のエネルギーを異空間より招来する来歴不明のページ","","343:エターニティ（Lv8）","0","0","0","永劫的142857页","魔本术","威力：ＳＳ（魔）　対象：敵全体　属性：永劫
从异空间召唤永劫能量的来历不明的页面","","343:永恒（Lv8）","42"
"9468","拡張1111100111ページ","魔本術","威力：ＳＳＳ（魔）　対象：敵全体　属性：ハドロン・テラ・ナノ
未知の言語で記された謎のページ","7042:アカシックレコード（Lv14）","","0","0","0","扩展1111100111页","魔本术","威力：ＳＳＳ（魔）　対象：敵全体　属性：ハドロン・テラ・ナノ
用未知语言记载的谜之页面","7042:阿卡西记录（Lv14）","","42"
"9469","焦土のXXXページ","魔本術","威力：Ｚ（魔）　対象：敵全体　属性：核熱・量子・イオン
世界を焦土に変えるという番号不明のページ","7068:真理ノ探究者（Lv10）","","0","0","0","焦土的XXX页","魔本术","威力：Ｚ（魔）　対象：敵全体　属性：核熱・量子・イオン
将世界变为焦土的编号不明的页面","7068:真理探究者（Lv10）","","42"
"9470","■■■■ページ","魔本術","威力：ＺＺ（魔）　対象：敵全体　属性：永劫・終焉・銀河
混沌の根源に通じるという認知不能のページ","","7433:死神（Lv12）","0","0","0","■■■■页","魔本术","威力：ＺＺ（魔）　対象：敵全体　属性：永劫・終焉・銀河
通往混沌根源的认知不能的页面","","7433:死神（Lv12）","42"
"9471","神癒の7777ページ","魔本術","対象：味方全体（控え含む）　効果：HP全回復
魔本の力で全ての味方を限界まで癒やす術","7042:アカシックレコード（Lv10）","","0","0","0","神愈的7777页","魔本术","対象：味方全体（控え含む）　効果：HP全回復
魔本之力将所有队友治愈到极限的术","7042:阿卡西记录（Lv10）","","42"
"9475","SOL","マキナ","威力：ＳＳ（器）　対象：敵全体　属性：イオン・ナノ　効果：3ターン継続
攻撃衛星兵器にアクセスし、3ターンの間レーザーを照射する","7043:ゴッドマシーナリー（Lv4）","","0","0","20","SOL","器械","威力：ＳＳ（器）　対象：敵全体　属性：イオン・ナノ　効果：3ターン継続
访问攻击卫星武器，在3回合内照射激光","7043:神之机械（Lv4）","","43"
"9476","発動：SOL","マキナ","ステート511","","","0","0","0","発動：SOL","器械","ステート511","","","43"
"9477","荷電粒子加速砲","マキナ","威力：ＳＳＳ（器）　対象：敵単体　属性：イオン・ハドロン
高速の荷電粒子を発射する最先端の攻撃マキナ","7043:ゴッドマシーナリー（Lv12）","","0","0","18","荷电粒子加速炮","器械","威力：ＳＳＳ（器）　対象：敵単体　属性：イオン・ハドロン
发射高速荷电粒子的最尖端攻击器械","7043:神之机械（Lv12）","","43"
"9478","陽子ビームキャノン","マキナ","威力：ＳＳＳ（器）　対象：敵全体　属性：核熱・イオン
陽子ビームを放出し対象を消滅させる最先端の攻撃マキナ","7043:ゴッドマシーナリー（Lv14）","","0","0","21","质子光束加农炮","器械","威力：ＳＳＳ（器）　対象：敵全体　属性：核熱・イオン
释放质子光束消灭目标的最尖端攻击器械","7043:神之机械（Lv14）","","43"
"9479","神殺しのチェーンソー","マキナ","威力：ＺＺ（器）　対象：敵ランダム9回　属性：修羅・終焉　効果：神特攻
神殺しの力が備わると言われている出自不明のチェーンソー","7068:真理ノ探究者（Lv4）","","0","0","40","弑神链锯","器械","威力：ＺＺ（器）　対象：敵ランダム9回　属性：修羅・終焉　効果：神特攻
据说拥有弑神之力的不明来源链锯","7068:真理探究者（Lv4）","","43"
"9480","次元崩壊ランチャー","マキナ","威力：４Ｚ（器）　対象：敵全体　属性：イオン・ハドロン・ナノ
次元を崩壊させる力を備えた混沌兵器","7068:真理ノ探究者（Lv11）","","0","0","70","次元崩坏发射器","器械","威力：４Ｚ（器）　対象：敵全体　属性：イオン・ハドロン・ナノ
具备崩坏次元之力的混沌兵器","7068:真理探究者（Lv11）","","43"
"9483","アルティメットサラダ","料理","威力：ＳＳ（器）　対象：敵全体　属性：ハドロン
アルティメットサラダを作り、料理効果を発揮する","7046:料理神（Lv4）","","0","0","0","究极沙拉","料理","威力：ＳＳ（器）　対象：敵全体　属性：ハドロン
制作究极沙拉，发挥料理效果","7046:料理神（Lv4）","","44"
"9484","究極の牛丼","料理","威力：ＳＳ（器）　対象：敵全体　属性：核熱
究極の牛丼を作り、料理効果を発揮する","7046:料理神（Lv7）","","0","0","0","究极牛丼","料理","威力：ＳＳ（器）　対象：敵全体　属性：核熱
制作究极牛丼，发挥料理效果","7046:料理神（Lv7）","","44"
"9485","古代寿司","料理","威力：ＳＳ（器）　対象：敵全体　属性：テラ
古代寿司を作り、料理効果を発揮する","7046:料理神（Lv10）","","0","0","0","古代寿司","料理","威力：ＳＳ（器）　対象：敵全体　属性：テラ
制作古代寿司，发挥料理效果","7046:料理神（Lv10）","","44"
"9486","超絶美酒・夢天","料理","威力：ＳＳＳ（器）　対象：敵全体　属性：銀河
超絶美酒・夢天を醸造し、料理効果を発揮する","7046:料理神（Lv14）","","0","0","0","超绝美酒・梦天","料理","威力：ＳＳＳ（器）　対象：敵全体　属性：銀河
酿造超绝美酒・梦天，发挥料理效果","7046:料理神（Lv14）","","44"
"9487","妖精のパフェ","料理","対象：味方全体　効果：HP・MP・SP全回復
妖精のパフェを作り、料理効果を発揮する","7046:料理神（Lv13）","","0","0","0","妖精的芭菲","料理","対象：味方全体　効果：HP・MP・SP全回復
制作妖精的芭菲，发挥料理效果","7046:料理神（Lv13）","","44"
"9488","カオスシチュー","料理","威力：Ｚ（器）　対象：敵全体　属性：永劫・終焉　効果：即死
カオスシチューを作り、料理効果を発揮する","7069:万職ヲ極メシ仕事人（Lv7）","","0","0","0","混沌炖菜","料理","威力：Ｚ（器）　対象：敵全体　属性：永劫・終焉　効果：即死
制作混沌炖菜，发挥料理效果","7069:万职极尽的工匠（Lv7）","","44"
"9490","マーシレストリアージ","医術","威力：ＳＳＳ（力・器）　対象：敵単体3回　属性：バイオ　効果：毒・即死
無慈悲に治療不可能なダメージを与える残虐なメスさばき","7047:禁医（Lv13）","","0","0","18","无情分诊","医术","威力：ＳＳＳ（力・器）　対象：敵単体3回　属性：バイオ　効果：毒・即死
无情地给予无法治愈的伤害的残忍宰杀","7047:禁医（Lv13）","","45"
"9491","絶滅医術","医術","威力：Ｚ（力・器）　対象：敵単体4回　属性：バイオ　効果：毒・即死
絶滅をもたらすという禁断の医術","7069:万職ヲ極メシ仕事人（Lv10）","","0","0","30","灭绝医术","医术","威力：Ｚ（力・器）　対象：敵単体4回　属性：バイオ　効果：毒・即死
带来灭绝的禁忌医术","7069:万职极尽的工匠（Lv10）","","45"
"9492","反生命ウィルス","医術","威力：ＺＺＺ（力・器）　対象：敵全体　属性：量子・テラ・終焉・バイオ　効果：毒・麻痺・石化・即死
混沌から生じたウィルスで、あらゆる生命を否定する","","7432:ノーライフキング（Lv16）","0","0","60","反生命病毒","医术","威力：ＺＺＺ（力・器）　対象：敵全体　属性：量子・テラ・終焉・バイオ　効果：毒・麻痺・石化・即死
从混沌中诞生的病毒，否定一切生命","","7432:无生之王（Lv16）","45"
"9493","悪夢のお医者さんごっこ","医術","威力：ＳＳＳ（力・器）　対象：敵単体　属性：ナイトメア　効果：敏感・恍惚・失禁
快楽の極みを味わわせる医師の戯れ","7047:禁医（Lv11）","","0","0","18","恶梦医生游戏","医术","威力：ＳＳＳ（力・器）　対象：敵単体　属性：ナイトメア　効果：敏感・恍惚・失禁
让对方体验快乐极致的医生戏弄","7047:禁医（Lv11）","","45"
"9494","待機患者治療","医術","対象：控えメンバー全員　効果：HP中回復
待機しているメンバーをまとめて治療する医師の秘術","7047:禁医（Lv2）","","0","0","5","待机患者治疗","医术","対象：控えメンバー全員　効果：HP中回復
一次性治疗所有待机成员的医师秘术","7047:禁医（Lv2）","","45"
"9495","待機患者蘇生","医術","対象：控えメンバー全員　効果：完全蘇生
待機しているメンバーをまとめて蘇生する医師の秘術","7047:禁医（Lv8）","","0","0","10","替补患者复活","医术","対象：控えメンバー全員　効果：完全蘇生
一次性复活所有待机成员的医师秘术","7047:禁医（Lv8）","","45"
"9496","待機患者治癒","医術","対象：控えメンバー全員　効果：全状態異常治療
待機しているメンバーをまとめて治癒する医師の秘術","7047:禁医（Lv4）","","0","0","8","替补患者治愈","医术","対象：控えメンバー全員　効果：全状態異常治療
一次性治愈所有待机成员的医师秘术","7047:禁医（Lv4）","","45"
"9497","待機患者活性化","医術","対象：控えメンバー全員　効果：SP・MP大回復
待機しているメンバーをまとめて活性化させる医師の秘術","7047:禁医（Lv6）","","0","0","12","替补患者激活","医术","対象：控えメンバー全員　効果：SP・MP大回復
一次性激活所有待机成员的医师秘术","7047:禁医（Lv6）","","45"
"9498","待機患者大救済","医術","対象：控えメンバー全員　効果：HP・SP大回復・全状態異常治療
待機しているメンバーをまとめて治療する医師の秘術","7049:オールジョブラウンダー（Lv10）","","0","0","10","替补患者大救济","医术","対象：控えメンバー全員　効果：HP・SP大回復・全状態異常治療
一次性治疗所有待机成员的医师秘术","7049:全能职业者（Lv10）","","45"
"9499","禁忌複合活性","医術","対象：味方全体　効果：HP・MP・SPターン中回復
代謝を活性化させ、体力や魔力を徐々に回復させる禁断の医術","7047:禁医（Lv3）","","0","0","12","禁忌复合激活","医术","対象：味方全体　効果：HP・MP・SPターン中回復
激活代谢，逐渐恢复体力与魔力的禁断医术","7047:禁医（Lv3）","","45"
"9500","みんな禁忌ドーピング","医術","対象：味方全体　効果：最大HP2倍
禁忌の薬を味方全体に飲ませ、最大HPを大幅に増強する","7047:禁医（Lv9）","","0","0","10","全员禁忌兴奋剂","医术","対象：味方全体　効果：最大HP2倍
让全体队友服用禁忌药物，大幅增强最大HP","7047:禁医（Lv9）","","45"
"9501","オーバードーピング","医術","対象：味方単体　効果：最大HP3倍、MP・SPなし
体力が限界を超えて増強されるが、魔力と気力を失う薬を使う","7047:禁医（Lv14）","","0","0","10","过量兴奋剂","医术","対象：味方単体　効果：最大HP3倍、MP・SPなし
使用药物使体力超越极限增强，但失去魔力与气力","7047:禁医（Lv14）","","45"
"9502","二種混合耐性薬注射","医術","対象：味方全体　効果：全状態異常・即死効果無効
特殊な薬品を味方全体に注射し、状態異常と即死効果を予防する","7047:禁医（Lv7）","","0","0","10","两种混合耐性药注射","医术","対象：味方全体　効果：全状態異常・即死効果無効
向全体队友注射特殊药品，预防状态异常与即死效果","7047:禁医（Lv7）","","45"
"9506","メイドナースのハーレムナイトメア","御奉仕","威力：ＳＳＳ（器）　対象：敵全体　属性：ナイトメア　効果：敏感・恍惚・誘惑
ハーレムの快楽をもたらすメイドの奉仕奥義","7049:オールジョブラウンダー（Lv11）","","0","0","21","女仆护士的后宫噩梦","侍奉","威力：ＳＳＳ（器）　対象：敵全体　属性：ナイトメア　効果：敏感・恍惚・誘惑
带来哈雷姆快乐的女仆侍奉奥义","7049:全能职业者（Lv11）","","46"
"9507","メイドユニバース","御奉仕","威力：Ｚ（器）　対象：敵全体　属性：銀河
詳細は不明だが、メイド界に伝わる伝説の奥義","7069:万職ヲ極メシ仕事人（Lv8）","","0","0","40","女仆宇宙","侍奉","威力：Ｚ（器）　対象：敵全体　属性：銀河
详情不明，但据传是女仆界流传的传说奥义","7069:万职极尽的工匠（Lv8）","","46"
"9508","アストラルメイデン","御奉仕","威力：Ｚ（器）　対象：敵ランダム6回　属性：銀河
詳細は不明だが、メイド界に伝わる伝説の究極奥義","","7425:正体不明触手禍（Lv12）","0","0","30","星幽少女","侍奉","威力：Ｚ（器）　対象：敵ランダム6回　属性：銀河
详情不明，但据传是女仆界流传的传说究极奥义","","7425:正体不明触手祸（Lv12）","46"
"9509","メイドエクスマキナ","御奉仕","威力：ＺＺ（器）　対象：敵全体　属性：ナイトメア・銀河
異世界に隔離し快楽地獄を展開する人知を超えた奉仕奥義","","7434:影、紬ぐ人形（Lv14）","0","0","50","器械降女仆","侍奉","威力：ＺＺ（器）　対象：敵全体　属性：ナイトメア・銀河
将敌人隔离到异世界并展开快乐地狱的超人智慧侍奉奥义","","7434:影、䌷人偶（Lv14）","46"
"9510","ミラクルガーデニング","御奉仕","威力：Ｓ（器）　対象：敵全体　属性：バイオ　効果：虫・植物特攻
殺虫スプレーと的確な剪定により虫や雑草を駆除するメイド奥義","7048:ゴッドメイド（Lv2）","","0","0","12","奇迹园艺","侍奉","威力：Ｓ（器）　対象：敵全体　属性：バイオ　効果：虫・植物特攻
通过杀虫喷雾和精准修剪来清除害虫和杂草的女仆奥义","7048:神之女仆（Lv2）","","46"
"9511","恍惚失禁昇天のマッサージ","御奉仕","威力：ＳＳ（器）　対象：敵単体　属性：快楽　効果：恍惚・失禁・絶頂
甘い性奉仕で対象を天国に導く","7048:ゴッドメイド（Lv4）","","0","0","14","恍惚失禁升天的按摩","侍奉","威力：ＳＳ（器）　対象：敵単体　属性：快楽　効果：恍惚・失禁・絶頂
用甜蜜的性侍奉引导目标进入天堂","7048:神之女仆（Lv4）","","46"
"9512","神技の乳搾り","御奉仕","対象：敵単体　効果：ミルク獲得
高確率でミルクを搾り取るメイドの神技","7048:ゴッドメイド（Lv10）","","0","0","5","神技的挤奶","侍奉","対象：敵単体　効果：ミルク獲得
高概率挤出牛奶的女仆神技","7048:神之女仆（Lv10）","","46"
"9513","究極奉仕プログラム999","御奉仕","威力：ＳＳＳ（器）　対象：敵単体　属性：ナイトメア　効果：HP吸収・拘束
禁断の奉仕プログラムを実行し、対象を快楽昇天させる究極メイド奥義","","353:究極至高人形（Lv7）","0","0","18","究极侍奉程序999","侍奉","威力：ＳＳＳ（器）　対象：敵単体　属性：ナイトメア　効果：HP吸収・拘束
执行禁断的侍奉程序，使目标快乐升天的究极女仆奥义","","353:究极至高人偶（Lv7）","46"
"9514","無限触手奉仕","御奉仕","威力：ＳＳＳ（器）　対象：敵ランダム8回　属性：快楽　効果：拘束
無限の触手により狂おしい快楽を与える触手メイド奥義","","273:インフィニティスキュラ（Lv5）","0","0","18","无限触手侍奉","侍奉","威力：ＳＳＳ（器）　対象：敵ランダム8回　属性：快楽　効果：拘束
通过无限触手给予疯狂快乐的触手女仆奥义","","273:无限斯库拉（Lv5）","46"
"9515","神のハーブティーです","御奉仕","対象：味方単体　効果：HP全回復・SP全回復
神のハーブティーで体力と気力を大幅に回復する","7048:ゴッドメイド（Lv8）","","0","0","8","神之草本茶","侍奉","対象：味方単体　効果：HP全回復・SP全回復
神之草本茶让体力和气力大幅回复","7048:神之女仆（Lv8）","","46"
"9519","真・覇王星剣","王技","威力：４Ｓ（力）　対象：敵全体　属性：修羅・核熱
覇王にのみ伝えられ、全てを塵と化す伝説の奥義","7050:覇王（Lv13）","","0","0","25","真・霸王星剑","王技","威力：４Ｓ（力）　対象：敵全体　属性：修羅・核熱
只有霸王才能传承，将一切化为尘埃的传说奥义","7050:霸王（Lv13）","","47"
"9520","魔導王の裁き","王技","威力：ＳＳＳ（魔）　対象：敵全体　属性：核熱・イオン　効果：バーン
魔導王の怒りにより敵を焼き払う奥義","7050:覇王（Lv10）","","0","80","0","魔导王的裁决","王技","威力：ＳＳＳ（魔）　対象：敵全体　属性：核熱・イオン　効果：バーン
魔导王的愤怒将敌人烧尽的奥义","7050:霸王（Lv10）","","47"
"9521","天臥裂煌","王技","威力：ＺＺＺ（力）　対象：敵全体　属性：修羅・永劫・終焉
天地を裂き全てを消滅させる、王者の究極奥義","7070:英雄王（Lv9）","","0","0","60","天卧裂煌","王技","威力：ＺＺＺ（力）　対象：敵全体　属性：修羅・永劫・終焉
撕裂天地，将一切消灭的王者究极奥义","7070:英雄王（Lv9）","","47"
"9522","覇王の親衛隊","王技","威力：４Ｓ（力）　対象：敵ランダム6回　属性：修羅
覇王に付き従う親衛隊の一斉攻撃","7050:覇王（Lv2）","","0","0","22","霸王的亲卫队","王技","威力：４Ｓ（力）　対象：敵ランダム6回　属性：修羅
霸王麾下的亲卫队进行齐攻","7050:霸王（Lv2）","","47"
"9523","覇王の恩寵","王技","対象：味方全体　効果：HP大回復・SP中回復
覇王の恩寵により、味方全体のHPとSPが回復する","7050:覇王（Lv4）","","0","50","0","霸王的恩宠","王技","対象：味方全体　効果：HP大回復・SP中回復
霸王的恩宠使我方全体HP和SP回复","7050:霸王（Lv4）","","47"
"9527","ライトニングジョブ","淫技","威力：ＳＳＳ（器）　対象：敵ランダム4回　属性：快楽　効果：敏感
電光石火の早業で敵を蹂躙する快楽奥義","7039:QOBF（Lv2）","","0","0","18","闪电交媾","淫技","威力：ＳＳＳ（器）　対象：敵ランダム4回　属性：快楽　効果：敏感
以电光石火的快速攻击蹂躏敌人的快乐奥义","7039:QOBF（Lv2）","","49"
"9528","ナイトメアアーツ","淫技","威力：ＳＳ（器）　対象：敵全体　属性：ナイトメア　効果：敏感
敵全体に狂おしい愛撫を与える悪夢の快楽体技","7039:QOBF（Lv10）","","0","0","17","噩梦技艺","淫技","威力：ＳＳ（器）　対象：敵全体　属性：ナイトメア　効果：敏感
对全体敌人施加疯狂的爱抚，恶梦般的快乐体技","7039:QOBF（Lv10）","","49"
"9529","オーバーグローリー","淫技","威力：ＺＺ（器）　対象：敵ランダム4回　属性：ハドロン・ナイトメア　効果：敏感
電光石火の愛撫を連続で繰り出し集団を蹂躙する究極の快楽奥義","7067:快楽ヲ極メシ者（Lv2）","","0","0","40","超极乐","淫技","威力：ＺＺ（器）　対象：敵ランダム4回　属性：ハドロン・ナイトメア　効果：敏感
以电光石火的连续爱抚蹂躏敌人的究极快乐奥义","7067:极乐追求者（Lv2）","","49"
"9530","死に至る快楽","淫技","威力：ＺＺ（器）　対象：敵単体　属性：修羅・ナイトメア　効果：絶頂
死に至るほどの快楽で相手を責め嫐る究極の快楽奥義","7067:快楽ヲ極メシ者（Lv16）","","0","0","40","致死的快乐","淫技","威力：ＺＺ（器）　対象：敵単体　属性：修羅・ナイトメア　効果：絶頂
以致死的快乐折磨对手的究极快乐奥义","7067:极乐追求者（Lv16）","","49"
"9531","リリスドレイン","淫技","威力：４Ｓ（器）　対象：敵単体　属性：ナイトメア　効果：拘束・絶頂・HP吸収
相手にまたがり全ての精気を一瞬で搾り尽くす悪夢の快楽奥義","","183:リリスナイトメア（Lv17）","0","0","22","莉莉丝吸取","淫技","威力：４Ｓ（器）　対象：敵単体　属性：ナイトメア　効果：拘束・絶頂・HP吸収
跨坐在对手身上，瞬间榨干所有精气的恶梦快乐奥义","","183:莉莉丝梦魇（Lv17）","49"
"9532","バビロンズドレイン","淫技","威力：ＺＺＺ（器）　対象：敵単体　属性：ハドロン・ナイトメア　効果：拘束・絶頂・HP吸収
サキュバスの始祖のみが用いるという究極にして禁断の快楽奥義","","7416:バビロンの大淫婦（Lv9）","0","0","50","巴比伦吸取","淫技","威力：ＺＺＺ（器）　対象：敵単体　属性：ハドロン・ナイトメア　効果：拘束・絶頂・HP吸収
只有魅魔始祖才能使用的究极且禁忌的快乐奥义","","7416:巴比伦的大淫妇（Lv9）","49"
"9533","ワールドオルガスム","淫技","威力：ＺＺ（器or魔）　対象：敵全体　属性：ハドロン・ナイトメア・銀河　効果：敏感・恍惚
周囲を埋め尽くすほどの分身で敵を嫐り尽くす究極淫技","","7416:バビロンの大淫婦（Lv20）","0","0","50","世界高潮","淫技","威力：ＺＺ（器or魔）　対象：敵全体　属性：ハドロン・ナイトメア・銀河　効果：敏感・恍惚
用无数分身将周围填满，蹂躏敌人的究极淫技","","7416:巴比伦的大淫妇（Lv20）","49"
"9537","倶利伽羅の黒龍","魔技","威力：Ｚ（全）　対象：敵全体　属性：核熱・終焉
灼熱の黒龍を召喚し現世を焼き払う究極奥義","","7414:大魔王（Lv16）","20%当前HP","90","0","俱利伽罗的黑龙","魔技","威力：Ｚ（全）　対象：敵全体　属性：核熱・終焉
召唤灼热的黑龙，烧尽现世的究极奥义","","7414:大魔王（Lv16）","50"
"9538","黄泉の狂氷","魔技","威力：Ｚ（全）　対象：敵全体　属性：量子・終焉
黄泉の氷を召喚し、世界を凍てつかせる究極奥義","","7415:マガツオオミカミ（Lv17）","20%当前HP","90","0","黄泉的狂冰","魔技","威力：Ｚ（全）　対象：敵全体　属性：量子・終焉
召唤黄泉之冰，使世界冻结的究极奥义","","7415:祸津大御神（Lv17）","50"
"9539","夢塵夜","魔技","威力：Ｚ（全）　対象：敵全体　属性：イオン・終焉
魔界の雷を招来し世界を夜に包む究極奥義","","7417:神祖（Lv20）","20%当前HP","90","0","梦尘夜","魔技","威力：Ｚ（全）　対象：敵全体　属性：イオン・終焉
招来魔界之雷，使世界陷入黑夜的究极奥义","","7417:神祖（Lv20）","50"
"9540","白蛇神光","魔技","威力：ＳＳ（全）　対象：敵全体　属性：聖　効果：昇天
特殊な血統のラミアのみが招来できるという浄化の光","","264:ウロボロス（Lv15）","0","55","0","白蛇神光","魔技","威力：ＳＳ（全）　対象：敵全体　属性：聖　効果：昇天
只有特殊血统的拉米亚才能召唤的净化之光","","264:衔尾蛇（Lv15）","50"
"9541","楽園の光","魔技","威力：Ｚ（全）　対象：敵全体　属性：テラ・永劫　効果：昇天
原初の楽園に満ちていたという神聖にして侵されざる光","","7424:淫欲の堕蛇（Lv12）","0","180","0","乐园之光","魔技","威力：Ｚ（全）　対象：敵全体　属性：テラ・永劫　効果：昇天
据说充满原初乐园的神圣且不可侵犯的光","","7424:淫欲的堕蛇（Lv12）","50"
"9542","最後の魔眼","魔技","威力：Ｚ（全）　対象：敵全体　属性：核熱・終焉　効果：ランダム状態異常
幾多の状態異常をもたらしつつ、ダメージを与える闇の魔眼","","7414:大魔王（Lv5）","20%当前HP","180","0","最末之魔眼","魔技","威力：Ｚ（全）　対象：敵全体　属性：核熱・終焉　効果：ランダム状態異常
带来多种状态异常的同时，给予伤害的黑暗魔眼","","7414:大魔王（Lv5）","50"
"9543","大淫婦の魔眼","魔技","威力：Ｚ（全）　対象：敵全体　属性：ハドロン・ナイトメア　効果：敏感・恍惚・誘惑・失禁・絶頂
サキュバスの始祖のみが使えるという究極にして禁断の魔眼","","7416:バビロンの大淫婦（Lv7）","0","180","0","大淫妇的魔眼","魔技","威力：Ｚ（全）　対象：敵全体　属性：ハドロン・ナイトメア　効果：敏感・恍惚・誘惑・失禁・絶頂
只有魅魔始祖才能使用的究极且禁忌的魔眼","","7416:巴比伦的大淫妇（Lv7）","50"
"9544","神祖の魔眼","魔技","威力：Ｚ（全）　対象：敵全体　属性：イオン・終焉　効果：バーン・フリーズ・ショック・石化・HP吸収
神祖のみが使えるという究極にして禁断の魔眼","","7417:神祖（Lv10）","20%当前HP","180","0","神祖的魔眼","魔技","威力：Ｚ（全）　対象：敵全体　属性：イオン・終焉　効果：バーン・フリーズ・ショック・石化・HP吸収
只有神祖才能使用的究极且禁忌的魔眼","","7417:神祖（Lv10）","50"
"9545","エキドナの魔眼","魔技","威力：Ｚ（全）　対象：敵全体　属性：永劫・ナイトメア　効果：石化・誘惑・昇天・絶頂・全能力ダウン
「蛇」と呼ばれし存在のみが使えるという究極にして禁断の魔眼","","7424:淫欲の堕蛇（Lv8）","0","180","0","厄喀德那的魔眼","魔技","威力：Ｚ（全）　対象：敵全体　属性：永劫・ナイトメア　効果：石化・誘惑・昇天・絶頂・全能力ダウン
只有被称为「蛇」的存在才能使用的究极且禁忌的魔眼","","7424:淫欲的堕蛇（Lv8）","50"
"9546","黎明の魔眼","魔技","威力：Ｚ（全）　対象：敵全体　属性：量子・永劫　効果：ランダム状態異常
第三の目を開眼する天界の獄卒の魔眼奥義","","7441:死の獄卒（Lv5）","0","180","0","黎明的魔眼","魔技","威力：Ｚ（全）　対象：敵全体　属性：量子・永劫　効果：ランダム状態異常
天界狱卒开启第三只眼的魔眼奥义","","7441:死之狱卒（Lv5）","50"
"9547","邪神の魔眼","魔技","威力：４Ｚ（全）　対象：敵全体　属性：修羅・核熱・終焉　効果：複数状態異常
邪神のみが使えるという究極にして禁断の魔眼","","7451:邪神（Lv10）","28%当前HP","450","0","邪神的魔眼","魔技","威力：４Ｚ（全）　対象：敵全体　属性：修羅・核熱・終焉　効果：複数状態異常
只有邪神才能使用的究极且禁忌的魔眼","","7451:邪神（Lv10）","50"
"9548","無限舌渦","魔技","威力：ＳＳＳ（全）　対象：敵ランダム6回　効果：ヌルヌル
伸ばした舌が渦を巻く究極の舌奥義","","174:妖怪王（Lv8）","0","0","18","无限舌涡","魔技","威力：ＳＳＳ（全）　対象：敵ランダム6回　効果：ヌルヌル
伸出的舌头卷起漩涡的究极舌技","","174:妖怪王（Lv8）","50"
"9549","禍津舌波舌渦","魔技","威力：Ｚ（全）　対象：敵ランダム8回　属性：量子・ナイトメア　効果：ヌルヌル
舌で空間を埋め尽くすという禁断の混沌奥義","","7415:マガツオオミカミ（Lv11）","0","0","30","祸津舌波舌涡","魔技","威力：Ｚ（全）　対象：敵ランダム8回　属性：量子・ナイトメア　効果：ヌルヌル
用舌头填满空间的禁忌混沌奥义","","7415:祸津大御神（Lv11）","50"
"9550","ヨモツ髪","魔技","威力：ＳＳＳ（全）　対象：敵ランダム6回　効果：拘束
伸ばした髪が乱舞する究極の髪奥義","","174:妖怪王（Lv5）；353:究極至高人形（Lv2）","0","0","18","黄泉发","魔技","威力：ＳＳＳ（全）　対象：敵ランダム6回　効果：拘束
伸出的头发乱舞的究极发技","","174:妖怪王（Lv5）；353:究极至高人偶（Lv2）","50"
"9551","禍津髪","魔技","威力：Ｚ（全）　対象：敵ランダム8回　属性：量子・ナイトメア　効果：拘束
髪で空間を埋め尽くすという禁断の混沌奥義","","7415:マガツオオミカミ（Lv5）","0","0","30","祸津发","魔技","威力：Ｚ（全）　対象：敵ランダム8回　属性：量子・ナイトメア　効果：拘束
用头发填满空间的禁忌混沌奥义","","7415:祸津大御神（Lv5）","50"
"9555","四海激嘯","海技","威力：ＳＳＳ（魔or器）　対象：敵全体　属性：ナノ
大地を満たすほどの大洪水を招来する究極奥義","","308:海神（Lv20）","0","0","21","四海激啸","海技","威力：ＳＳＳ（魔or器）　対象：敵全体　属性：ナノ
召唤足以填满大地的大洪水的究极奥义","","308:海神（Lv20）","51"
"9556","オーバーフロウン","海技","威力：ＳＳＳ（魔or器）　対象：敵全体　属性：ナノ
大量の水で空間を満たす強力無比な人魚奥義","","202:伝説の神魚（Lv20）","0","0","21","溢流","海技","威力：ＳＳＳ（魔or器）　対象：敵全体　属性：ナノ
用大量的水充满空间的无比强大的人鱼奥义","","202:传说之神鱼（Lv20）","51"
"9557","ワールドドロウン","海技","威力：ＺＺ（魔or器）　対象：敵全体　属性：量子・ナノ　効果：スロウ・ストップ
絶大なる怒りと憎悪が世界を海に沈める","","7418:ワールドドロウン（Lv20）","0","0","50","世界沉没者","海技","威力：ＺＺ（魔or器）　対象：敵全体　属性：量子・ナノ　効果：スロウ・ストップ
巨大的愤怒和憎恨将世界沉入海中","","7418:世界沉没者（Lv20）","51"
"9558","ルルイエの浮上","海技","威力：ＺＺ（魔or器）　対象：敵全体　属性：ナノ・終焉
禁忌の魔都が深海から姿を現し、世界に破滅をもたらす","","7429:名状しがたきもの（Lv20）","22%当前HP","0","25","拉莱耶的浮现","海技","威力：ＺＺ（魔or器）　対象：敵全体　属性：ナノ・終焉
禁忌的魔都从深海中现身，带来世界的毁灭","","7429:不可名状之物（Lv20）","51"
"9559","サマーソルトドリーム","海技","威力：ＳＳＳ（力or器）　対象：敵ランダム4回　効果：音波弱点
強烈なサマーソルトを乱舞させる人魚の究極体術","","202:伝説の神魚（Lv5）","0","0","18","空翻之梦","海技","威力：ＳＳＳ（力or器）　対象：敵ランダム4回　効果：音波弱点
人鱼施展强烈夏日翻转的究极体术","","202:传说之神鱼（Lv5）","51"
"9560","究極あわあわ地獄","海技","威力：ＳＳ（器or魔）　対象：敵全体　属性：快楽　効果：ヌルヌル・恍惚
周囲を泡で埋め尽くす究極の泡技","","308:海神（Lv5）","0","0","17","究极泡泡地狱","海技","威力：ＳＳ（器or魔）　対象：敵全体　属性：快楽　効果：ヌルヌル・恍惚
用泡泡填满周围的究极泡泡技","","308:海神（Lv5）","51"
"9561","泡々空間・泡沫楽土","海技","威力：Ｚ（器or魔）　対象：敵全体　属性：ナノ・ナイトメア・銀河　効果：ヌルヌル・恍惚
泡で空間を埋め尽くすという禁断の混沌奥義","","7429:名状しがたきもの（Lv5）","0","0","40","泡泡空间・泡沫乐土","海技","威力：Ｚ（器or魔）　対象：敵全体　属性：ナノ・ナイトメア・銀河　効果：ヌルヌル・恍惚
用泡泡填满空间的禁忌混沌奥义","","7429:不可名状之物（Lv5）","51"
"9562","クリオネ捕食","海技","対象：敵全体　効果：捕食
フリーズ・消化・拘束状態の敵を捕食する技","","","0","0","3","海天使捕食","海技","対象：敵全体　効果：捕食
捕食处于冻结・消化・拘束状态的敌人的技能","","","51"
"9563","バンシィボア","海技","威力：ＳＳＳ（器or魔）　対象：敵全体　属性：ナイトメア　効果：消化・スロウ・ストップ・捕食
スロウ・ストップ状態の敵を捕食する技","","","0","0","21","报丧女妖吞食","海技","威力：ＳＳＳ（器or魔）　対象：敵全体　属性：ナイトメア　効果：消化・スロウ・ストップ・捕食
捕食处于减速・停止状态的敌人的技能","","","51"
"9566","重加速粘弾","粘液技","威力：ＳＳ（力or器）　対象：敵全体　属性：水　効果：ヌルヌル
スライムを分子レベルで加速し敵を撃ち抜く奥義","","231:究極群体生命（Lv2）","0","0","17","重加速粘弹","粘液技","威力：ＳＳ（力or器）　対象：敵全体　属性：水　効果：ヌルヌル
将史莱姆分子加速到极致，贯穿敌人的奥义","","231:究极群体生命（Lv2）","52"
"9567","超重加速粘弾","粘液技","威力：Ｚ（力or器）　対象：敵全体　属性：修羅・ナノ　効果：ヌルヌル
重加速粘弾の出力をさらに上げ、万物を撃ち抜く究極奥義","","7421:カナデ（Lv2）","0","0","40","超重加速粘弹","粘液技","威力：Ｚ（力or器）　対象：敵全体　属性：修羅・ナノ　効果：ヌルヌル
进一步提升重加速粘弹的输出，贯穿万物的究极奥义","","7421:祸抚（Lv2）","52"
"9568","カオスシュトローム","粘液技","威力：ＺＺ（器）　対象：敵全体　属性：ナノ・ナイトメア　効果：ヌルヌル
空間を粘液で包み快楽の極みを味わわせる究極快楽奥義","","7421:カナデ（Lv20）","0","0","50","混沌风暴","粘液技","威力：ＺＺ（器）　対象：敵全体　属性：ナノ・ナイトメア　効果：ヌルヌル
用粘液包裹空间，让人体验到极致快乐的究极快乐奥义","","7421:祸抚（Lv20）","52"
"9569","次元侵蝕粘液","粘液技","威力：ＺＺ（器）　対象：敵全体　属性：ナノ・ナイトメア・バイオ　効果：ヌルヌル・消化・失禁・絶頂・捕食
次元を侵蝕し世界を包み込む悪夢の粘液","","7428:次元侵蝕者（Lv16）","0","0","50","次元侵蚀粘液","粘液技","威力：ＺＺ（器）　対象：敵全体　属性：ナノ・ナイトメア・バイオ　効果：ヌルヌル・消化・失禁・絶頂・捕食
侵蚀次元包裹世界的恶梦粘液","","7428:次元侵蚀者（Lv16）","52"
"9570","究極群体核融合","粘液技","威力：可変　対象：敵全体
粘液の肉体で核融合の連鎖反応を起こす最終自爆奥義","","231:究極群体生命（Lv16）","0","0","0","究极群体核融合","粘液技","威力：可変　対象：敵全体
用粘液肉体引发核融合连锁反应的最终自爆奥义","","231:究极群体生命（Lv16）","52"
"9571","カナディザスター","粘液技","威力：可変　対象：敵全体
粘魔の始祖のみが使用出来るという破滅規模の自爆攻撃","","7421:カナデ（Lv14）","0","0","0","祸抚灾难","粘液技","威力：可変　対象：敵全体
只有粘魔始祖才能使用的毁灭性自爆攻击","","7421:祸抚（Lv14）","52"
"9572","スライムエリクシル","粘液技","対象：味方全体　効果：HP大回復・HP/MP/SPターン大回復
慈愛の粘液で究極の癒しをもたらすスライム奥義","","231:究極群体生命（Lv7）","0","0","15","史莱姆圣水","粘液技","対象：味方全体　効果：HP大回復・HP/MP/SPターン大回復
慈爱的粘液带来究极治愈的史莱姆奥义","","231:究极群体生命（Lv7）","52"
"9573","カナデの加護","粘液技","対象：味方全体　効果：防御力アップ・魔法反射・状態異常無効
粘魔の始祖の加護により、様々な危険から身を守る防御奥義","","7421:カナデ（Lv10）","0","0","15","祸抚的庇护","粘液技","対象：味方全体　効果：防御力アップ・魔法反射・状態異常無効
粘魔始祖的庇护，防御奥义，保护自身免受各种危险","","7421:祸抚（Lv10）","52"
"9577","破壊の爪","獣技","威力：Ｚ（力・速）　対象：敵全体　属性：修羅・テラ
混沌の力を宿した爪で全てを引き裂く魔獣の究極奥義","7073:破滅事象（Lv2）","7422:時の神獣（Lv2）","0","0","40","破坏之爪","獣技","威力：Ｚ（力・速）　対象：敵全体　属性：修羅・テラ
蕴含混沌之力的爪子撕裂一切的魔兽究极奥义","7073:破灭事象（Lv2）","7422:时之神兽（Lv2）","53"
"9578","白天滅牙","獣技","威力：ＺＺＺ（力）　対象：敵単体4回　属性：修羅・永劫・銀河
全てを噛み砕く牙で連撃を繰り出す究極奥義","","7422:時の神獣（Lv17）","0","0","50","白天灭牙","獣技","威力：ＺＺＺ（力）　対象：敵単体4回　属性：修羅・永劫・銀河
用咬碎一切的牙齿连续攻击的究极奥义","","7422:时之神兽（Lv17）","53"
"9579","百魔乱舞","獣技","威力：ＳＳＳ（力）　対象：敵ランダム6回
超スピードで疾走し敵を蹂躙する究極の乱撃","7056:超魔生物（Lv4）","300:百魔の王（Lv16）","0","0","18","百魔乱舞","獣技","威力：ＳＳＳ（力）　対象：敵ランダム6回
以超速度疾驰，践踏敌人的究极乱击","7056:超魔生物（Lv4）","300:百魔之王（Lv16）","53"
"9580","空間蹂躙","獣技","威力：ＺＺ（力）　対象：敵ランダム6回　属性：修羅・銀河
空間そのものを破壊エネルギーで侵蝕する究極混沌奥義","7073:破滅事象（Lv6）","7428:次元侵蝕者（Lv12）","0","0","40","空间蹂躏","獣技","威力：ＺＺ（力）　対象：敵ランダム6回　属性：修羅・銀河
用破坏能量侵蚀空间本身的究极混沌奥义","7073:破灭事象（Lv6）","7428:次元侵蚀者（Lv12）","53"
"9581","核熱獣乱牙","獣技","威力：ＳＳＳ（力）　対象：敵ランダム4回　属性：核熱　効果：バーン
核熱を宿した牙を乱舞させる邪獣の破壊奥義","","166:魔王（Lv10）","0","0","18","核热兽乱牙","獣技","威力：ＳＳＳ（力）　対象：敵ランダム4回　属性：核熱　効果：バーン
核热附体的牙齿乱舞的邪兽破坏奥义","","166:魔王（Lv10）","53"
"9582","超魔核熱獣撃","獣技","威力：Ｚ（力）　対象：敵ランダム6回　属性：修羅・核熱　効果：バーン
核熱を宿した爪と牙で荒れ狂う邪獣の究極破壊奥義","","7414:大魔王（Lv8）","0","0","30","超魔核热兽击","獣技","威力：Ｚ（力）　対象：敵ランダム6回　属性：修羅・核熱　効果：バーン
核热附体的爪牙狂舞的邪兽究极破坏奥义","","7414:大魔王（Lv8）","53"
"9584","不滅虚空牙","獣技","威力：ＺＺ（力）　対象：敵単体　属性：修羅・ハドロン
フェニックスの力を宿した牙で万物を破壊する究極奥義","","7426:フェニックス（Lv8）","0","0","40","不灭虚空牙","獣技","威力：ＺＺ（力）　対象：敵単体　属性：修羅・ハドロン
凤凰之力附体的牙齿破坏万物的究极奥义","","7426:凤凰（Lv8）","53"
"9585","神竜乱牙","獣技","威力：ＳＳ（力）　対象：敵全体　属性：修羅
神竜の牙で全てを破壊する混沌奥義","","291:神竜（Lv17）","0","0","17","神龙乱牙","獣技","威力：ＳＳ（力）　対象：敵全体　属性：修羅
神龙的牙齿破坏一切的混沌奥义","","291:神龙（Lv17）","53"
"9586","虚竜牙","獣技","威力：ＺＺ（力）　対象：敵単体　属性：修羅・核熱・終焉
虚竜の牙で破滅的な破壊事象をもたらす究極混沌奥義","","7427:虚竜（Lv5）","0","0","40","虚龙牙","獣技","威力：ＺＺ（力）　対象：敵単体　属性：修羅・核熱・終焉
虚龙的牙齿带来毁灭性破坏的究极混沌奥义","","7427:虚龙（Lv5）","53"
"9587","無限の月","獣技","威力：Ｚ（力or器）　対象：敵全体　属性：修羅・テラ・銀河
玉藻の尻尾に蓄えられた魔力を一気に解き放つ最終奥義","","7423:白面金毛九尾の狐（Lv8）","0","0","40","无限之月","獣技","威力：Ｚ（力or器）　対象：敵全体　属性：修羅・テラ・銀河
玉藻的尾巴中积蓄的魔力一口气释放的最终奥义","","7423:白面金毛九尾狐（Lv8）","53"
"9591","ミドガルズオルム","蛇技","威力：ＳＳ（力or防）　対象：敵全体　効果：拘束・スタン
巨大な蛇体で複数の敵を一気に締め潰す究極の蛇奥義","","264:ウロボロス（Lv2）","0","0","17","尘世巨蟒","蛇技","威力：ＳＳ（力or防）　対象：敵全体　効果：拘束・スタン
巨大的蛇身一口气碾压多个敌人的究极蛇奥义","","264:衔尾蛇（Lv2）","54"
"9592","ヨルムンガンド","蛇技","威力：Ｚ（力or防）　対象：敵全体　属性：修羅　効果：拘束・スタン・捕食
世界そのものを丸呑みにするという究極の捕食技","","7424:淫欲の堕蛇（Lv2）","0","0","40","耶梦加得","蛇技","威力：Ｚ（力or防）　対象：敵全体　属性：修羅　効果：拘束・スタン・捕食
将整个世界吞噬的究极捕食技","","7424:淫欲的堕蛇（Lv2）","54"
"9596","デミウルゴス","触手技","威力：ＺＺＺ（力or器）　対象：敵ランダム8回　属性：修羅・ナノ・バイオ　効果：拘束・ヌルヌル
無数の触手器官で敵を無惨に打ちのめす究極の触手乱舞","","7425:正体不明触手禍（Lv20）","0","0","50","迪米乌哥斯","触手技","威力：ＺＺＺ（力or器）　対象：敵ランダム8回　属性：修羅・ナノ・バイオ　効果：拘束・ヌルヌル
用无数触手器官将敌人无情打倒的究极触手乱舞","","7425:正体不明触手祸（Lv20）","55"
"9597","グレート・オールド・ワン","触手技","威力：ＺＺＺ（力or器）　対象：敵ランダム4回　属性：修羅・ナノ・終焉　効果：麻痺・睡眠
深海からの呼び声により破滅を導く禁断の触手技","","7429:名状しがたきもの（Lv16）","0","0","50","伟大的古老者","触手技","威力：ＺＺＺ（力or器）　対象：敵ランダム4回　属性：修羅・ナノ・終焉　効果：麻痺・睡眠
深海的呼唤引导毁灭的禁忌触手技","","7429:不可名状之物（Lv16）","55"
"9598","インフィニティバインド","触手技","威力：ＳＳ（力or器）　対象：敵全体　効果：ヌルヌル・拘束
敵全体を無数の触手で絡め取り拘束する触手奥義","","273:インフィニティスキュラ（Lv2）","0","0","17","无限束缚","触手技","威力：ＳＳ（力or器）　対象：敵全体　効果：ヌルヌル・拘束
用无数触手缠绕全体敌人并拘束的触手奥义","","273:无限斯库拉（Lv2）","55"
"9599","アンノウンバインド","触手技","威力：Ｚ（力or器）　対象：敵全体　属性：修羅　効果：ヌルヌル・拘束
空間を埋め尽くした触手で敵集団を絡め取る混沌触手奥義","","7425:正体不明触手禍（Lv2）","0","0","40","未知束缚","触手技","威力：Ｚ（力or器）　対象：敵全体　属性：修羅　効果：ヌルヌル・拘束
用填满空间的触手缠绕敌群的混沌触手奥义","","7425:正体不明触手祸（Lv2）","55"
"9600","テンタクルナイトメア","触手技","威力：４Ｓ（力or器）　対象：敵ランダム9回　属性：ナイトメア　効果：ヌルヌル
触手が悪夢のように絡み付き、快楽地獄に導く触手奥義","","273:インフィニティスキュラ（Lv10）","0","0","22","触手噩梦","触手技","威力：４Ｓ（力or器）　対象：敵ランダム9回　属性：ナイトメア　効果：ヌルヌル
触手像恶梦一样缠绕，引导至快乐地狱的触手奥义","","273:无限斯库拉（Lv10）","55"
"9601","アンノウンナイトメア","触手技","威力：ＺＺ（力or器）　対象：敵ランダム9回　属性：ナノ・ナイトメア　効果：ヌルヌル
空間を埋め尽くした触手で敵集団を快楽蹂躙する混沌触手奥義","","7425:正体不明触手禍（Lv8）","0","0","40","未知噩梦","触手技","威力：ＺＺ（力or器）　対象：敵ランダム9回　属性：ナノ・ナイトメア　効果：ヌルヌル
用填满空间的触手对敌群进行快乐蹂躏的混沌触手奥义","","7425:正体不明触手祸（Lv8）","55"
"9602","メギドワーム","触手技","威力：Ｚ（魔or器）　対象：敵ランダム8回　属性：修羅・量子
無数のワームに満ちた終末をもたらすという究極奥義","","7413:万魔の宿主（Lv2）","0","0","30","终末蠕虫之灾","触手技","威力：Ｚ（魔or器）　対象：敵ランダム8回　属性：修羅・量子
带来充满无数虫子的终末的究极奥义","","7413:万魔之宿主（Lv2）","55"
"9603","究極快楽ワーム","触手技","威力：Ｚ（魔or器）　対象：敵全体　属性：量子・ナイトメア　効果：ヌルヌル
ワームで空間を埋め尽くし究極の快楽を与える混沌触手奥義","","7413:万魔の宿主（Lv10）","0","0","40","究极快乐虫","触手技","威力：Ｚ（魔or器）　対象：敵全体　属性：量子・ナイトメア　効果：ヌルヌル
用虫子填满空间并给予究极快乐的混沌触手奥义","","7413:万魔之宿主（Lv10）","55"
"9604","デミウルゴス・ヌル","触手技","威力：５Ｚ（力or器）　対象：敵ランダム8回　属性：ヌル　効果：拘束・ヌルヌル
混沌の触手で敵を蹂躙する禁断の触手乱舞","","7454:混沌の精霊（Lv16）","0","0","70","迪米乌哥斯・黏滑","触手技","威力：５Ｚ（力or器）　対象：敵ランダム8回　属性：ヌル　効果：拘束・ヌルヌル
用混沌的触手蹂躏敌人的禁断触手乱舞","","7454:混沌精灵（Lv16）","55"
"9607","無空","翼技","威力：ＺＺＺ（器or速）　対象：敵全体　属性：ハドロン・永劫
無謬の翼で真空波を生み出す究極奥義","","7426:フェニックス（Lv20）","0","0","60","无空","翼技","威力：ＺＺＺ（器or速）　対象：敵全体　属性：ハドロン・永劫
无谬之翼产生真空波的究极奥义","","7426:凤凰（Lv20）","56"
"9611","ファナティックニードル","虫技","威力：ＳＳ（力or防）　対象：敵全体　効果：毒・麻痺
猛毒の針を敵全体に連続発射する虫奥義","","318:神蟲（Lv2）","0","0","17","狂热之针","虫技","威力：ＳＳ（力or防）　対象：敵全体　効果：毒・麻痺
连续发射猛毒针攻击全体敌人的虫奥义","","318:神虫（Lv2）","57"
"9612","ゲシュタルトクロー","虫技","威力：ＺＺ（力or防）　対象：敵単体　属性：修羅・テラ　効果：スロウ・ストップ特攻
概念そのものを抹消するクローで両断する究極混沌奥義","","7430:バアル・ゼブブ（Lv2）","0","0","40","格式塔之爪","虫技","威力：ＺＺ（力or防）　対象：敵単体　属性：修羅・テラ　効果：スロウ・ストップ特攻
用抹消概念的爪子斩断的究极混沌奥义","","7430:巴力・西卜（Lv2）","57"
"9613","分子崩壊シェル","虫技","威力：ＳＳ（力or防）　対象：敵全体　属性：音波
外殻の振動で分子レベルの崩壊を引き起こす虫奥義","","318:神蟲（Lv20）","0","0","21","分子崩解之壳","虫技","威力：ＳＳ（力or防）　対象：敵全体　属性：音波
通过外壳振动引发分子级别崩解的虫奥义","","318:神虫（Lv20）","57"
"9614","ハイブマインド","虫技","威力：Ｚ（力or防）　対象：敵全体　属性：修羅・テラ・音波　効果：沈黙・混乱・睡眠・麻痺
空間そのものを震動させる波で強制融合を図る混沌奥義","","7430:バアル・ゼブブ（Lv11）","0","0","40","蜂巢思维","虫技","威力：Ｚ（力or防）　対象：敵全体　属性：修羅・テラ・音波　効果：沈黙・混乱・睡眠・麻痺
用震动空间的波进行强制融合的混沌奥义","","7430:巴力・西卜（Lv11）","57"
"9615","大地を覆う神蜘蛛の巣","虫技","威力：ＳＳ（器or防）　対象：敵全体　属性：快楽　効果：拘束・ヌルヌル・捕食
巨大な蜘蛛の巣で集団を絡め取り、一気に捕食する虫奥義","","318:神蟲（Lv11）","0","0","17","覆盖大地的神蜘蛛之网","虫技","威力：ＳＳ（器or防）　対象：敵全体　属性：快楽　効果：拘束・ヌルヌル・捕食
用巨大的蜘蛛网缠绕并一口气捕食敌群的虫奥义","","318:神虫（Lv11）","57"
"9616","八神無間脚","虫技","威力：ＺＺ（器or防）　対象：敵ランダム8回　属性：修羅・銀河
蜘蛛空間を召喚し蜘蛛脚で打撃の嵐を繰り出す混沌奥義","","7430:バアル・ゼブブ（Lv8）","0","0","40","八神无间脚","虫技","威力：ＺＺ（器or防）　対象：敵ランダム8回　属性：修羅・銀河
召唤蜘蛛空间并用蜘蛛脚进行打击风暴的混沌奥义","","7430:巴力・西卜（Lv8）","57"
"9620","破壊のツタ","植物技","威力：ＳＳ（器or魔）　対象：敵全体　効果：暗闇・沈黙・拘束
巨大なツタを振るい、その剛力で全てを破壊する","","327:世界樹花（Lv2）","0","0","17","破坏之藤","植物技","威力：ＳＳ（器or魔）　対象：敵全体　効果：暗闇・沈黙・拘束
挥动巨大的藤蔓，用其刚力破坏一切","","327:世界树之花（Lv2）","58"
"9621","全てを壊し尽くすツタ","植物技","威力：Ｚ（力or器）　対象：敵全体　属性：修羅・テラ　効果：暗闇・沈黙・拘束
万物を粉砕するというツタが無数に乱舞する究極植物奥義","","7431:千樹華音（Lv2）","0","0","40","毁灭一切的藤蔓","植物技","威力：Ｚ（力or器）　対象：敵全体　属性：修羅・テラ　効果：暗闇・沈黙・拘束
无数的藤蔓狂舞，粉碎万物的究极植物奥义","","7431:千树华音（Lv2）","58"
"9622","緑竜","植物技","威力：ＺＺＺ（器or魔）　対象：敵全体　属性：修羅・テラ・銀河　効果：緑竜に変化
緑竜と化し、圧倒的な力で全てを消滅させる","","","0","0","60","绿龙","植物技","威力：ＺＺＺ（器or魔）　対象：敵全体　属性：修羅・テラ・銀河　効果：緑竜に変化
化身为绿龙，用压倒性的力量消灭一切","","","58"
"9623","大地を覆う搾精のツタ","植物技","威力：Ｚ（器or魔）　対象：敵全体　属性：テラ・ナイトメア　効果：混乱・拘束
大地を覆うほどに張り巡らせたツタで精を搾り取る究極奥義","","7431:千樹華音（Lv14）；7438:慈愛の聖百合（Lv5）","0","0","40","覆盖大地的榨精藤蔓","植物技","威力：Ｚ（器or魔）　対象：敵全体　属性：テラ・ナイトメア　効果：混乱・拘束
遍布大地，榨取精气的究极奥义","","7431:千树华音（Lv14）；7438:慈爱的圣百合（Lv5）","58"
"9624","妖花繚乱","植物技","威力：ＳＳＳ（器or魔）　対象：敵ランダム4回　属性：快楽　効果：HP吸収
快楽の花々が乱れ咲き、敵を蹂躙する快楽奥義","","327:世界樹花（Lv8）","0","0","18","妖花缭乱","植物技","威力：ＳＳＳ（器or魔）　対象：敵ランダム4回　属性：快楽　効果：HP吸収
快乐的花朵乱舞，蹂躏敌人的快乐奥义","","327:世界树之花（Lv8）","58"
"9625","慈愛の聖花","植物技","威力：Ｚ（器or魔）　対象：敵全体　属性：永劫・ナイトメア　効果：HP吸収・敏感・誘惑・昇天・絶頂
聖なる花が乱れ咲き、敵集団の精を貪り尽くす究極植物奥義","","7438:慈愛の聖百合（Lv10）","0","0","40","慈爱的圣花","植物技","威力：Ｚ（器or魔）　対象：敵全体　属性：永劫・ナイトメア　効果：HP吸収・敏感・誘惑・昇天・絶頂
神圣的花朵乱舞，贪婪地吸取敌人精气的究极植物奥义","","7438:慈爱的圣百合（Lv10）","58"
"9626","終末昇天花","植物技","威力：ＺＺ（器or魔）　対象：敵ランダム4回　属性：終焉・ナイトメア　効果：毒・暗闇・石化・絶頂
終末をもたらす妖花が乱舞し、敵は狂気に乱れ尽くすという","","7431:千樹華音（Lv8）","0","0","40","终末升天花","植物技","威力：ＺＺ（器or魔）　対象：敵ランダム4回　属性：終焉・ナイトメア　効果：毒・暗闇・石化・絶頂
带来终末的妖花乱舞，敌人陷入疯狂","","7431:千树华音（Lv8）","58"
"9627","華音の吐息","植物技","対象：敵全体　効果：全能力ダウン・ランダム状態変化
3ターンの間、複数の状態異常が発生し続ける魔性の吐息","","7431:千樹華音（Lv11）","0","0","8","华音的吐息","植物技","対象：敵全体　効果：全能力ダウン・ランダム状態変化
3回合内，持续发生多种状态异常的魔性吐息","","7431:千树华音（Lv11）","58"
"9628","発動：華音の吐息","植物技","職業7431、ステート513","","","0","0","0","発動：華音の吐息","植物技","職業7431、ステート513","","","58"
"9629","丸呑みの聖果実","植物技","対象：敵全体　効果：捕食
毒・麻痺・消化・恍惚状態の敵をまとめて捕食する技","","","0","0","3","吞噬的圣果实","植物技","対象：敵全体　効果：捕食
将处于中毒・麻痹・消化・恍惚状态的敌人一起捕食的技能","","","58"
"9630","ラストネペンテス","植物技","威力：Ｓ（器or魔）　対象：敵全体　属性：快楽　効果：ヌルヌル・消化・恍惚・捕食
究極の食虫植物が敵集団を容赦なく包み溶かす植物奥義","","327:世界樹花（Lv14）","0","0","12","最终食人花","植物技","威力：Ｓ（器or魔）　対象：敵全体　属性：快楽　効果：ヌルヌル・消化・恍惚・捕食
究极食虫植物无情地包裹并溶解敌群的植物奥义","","327:世界树之花（Lv14）","58"
"9631","華音の右手と左手","植物技","威力：Ｚ（器or魔）　対象：敵ランダム4回　属性：ナイトメア　効果：ヌルヌル・消化・恍惚・捕食
華音の肉体が食虫植物と化し消化地獄をもたらす究極植物奥義","","7431:千樹華音（Lv17）","0","0","30","华音的右手与左手","植物技","威力：Ｚ（器or魔）　対象：敵ランダム4回　属性：ナイトメア　効果：ヌルヌル・消化・恍惚・捕食
华音的身体化为食虫植物，带来消化地狱的究极植物奥义","","7431:千树华音（Lv17）","58"
"9632","緑竜波","植物技","威力：ＺＺＺ（器or魔）　対象：敵全体　属性：修羅・テラ・銀河
口からエネルギーを放射し、全てを消滅させる","","","0","0","60","绿龙波","植物技","威力：ＺＺＺ（器or魔）　対象：敵全体　属性：修羅・テラ・銀河
从口中放射能量，消灭一切","","","58"
"9635","リビングデッドの狂宴","屍技","威力：４Ｓ（力）　対象：敵ランダム4回　属性：バイオ　効果：即死・ゾンビ
ゾンビの集団を召喚し、敵に襲いかからせる危険な奥義","","335:カオスアンデッド（Lv20）","0","0","22","活死人的狂宴","尸技","威力：４Ｓ（力）　対象：敵ランダム4回　属性：バイオ　効果：即死・ゾンビ
召唤僵尸群，让它们袭击敌人的危险奥义","","335:混沌不死族（Lv20）","59"
"9636","カオスオブザデッド","屍技","威力：ＺＺＺ（力）　対象：敵ランダム6回　属性：修羅・テラ・バイオ　効果：即死・ゾンビ
世界をゾンビで満たし蹂躙する禁断の屍技","","7432:ノーライフキング（Lv2）","0","0","50","混沌亡者","尸技","威力：ＺＺＺ（力）　対象：敵ランダム6回　属性：修羅・テラ・バイオ　効果：即死・ゾンビ
用僵尸填满世界并践踏的禁忌尸技","","7432:无生之王（Lv2）","59"
"9637","冥府の業火","屍技","威力：ＺＺ（魔or器）　対象：敵全体　属性：修羅・核熱・終焉
冥府の炎を召喚し、現世を焼き尽くす究極奥義","","7433:死神（Lv16）；7441:死の獄卒（Lv12）","0","0","50","冥府业火","尸技","威力：ＺＺ（魔or器）　対象：敵全体　属性：修羅・核熱・終焉
召唤冥府之炎，烧尽现世的究极奥义","","7433:死神（Lv16）；7441:死之狱卒（Lv12）","59"
"9638","不滅の呪い","屍技","威力：ＳＳ（力or魔）　対象：敵全体　属性：バイオ　効果：ミニマム・石化
破滅的な呪怨により敵集団を滅ぼす奥義","","335:カオスアンデッド（Lv5）","0","0","17","不灭诅咒","尸技","威力：ＳＳ（力or魔）　対象：敵全体　属性：バイオ　効果：ミニマム・石化
毁灭性的咒怨，消灭敌群的奥义","","335:混沌不死族（Lv5）","59"
"9639","コキュートス","屍技","威力：ＺＺ（魔or器）　対象：敵単体　属性：量子・終焉　効果：フリーズ・即死
混沌より氷結地獄を召喚し凍てつかせる究極奥義","","7441:死の獄卒（Lv8）","0","0","40","冰结地狱","尸技","威力：ＺＺ（魔or器）　対象：敵単体　属性：量子・終焉　効果：フリーズ・即死
从混沌中召唤冰结地狱，冻结一切的究极奥义","","7441:死之狱卒（Lv8）","59"
"9640","ミミックデスシャウト","屍技","威力：ＳＳ（魔or器）　対象：敵全体　属性：音波　効果：スタン
魂までも萎縮させるほどの叫びを放つミミックの奥義","","343:エターニティ（Lv5）","0","0","17","宝箱怪死亡呐喊","尸技","威力：ＳＳ（魔or器）　対象：敵全体　属性：音波　効果：スタン
释放出足以让灵魂萎缩的尖叫，这是宝箱怪的奥义","","343:永恒（Lv5）","59"
"9641","ミミック無限蝕肉","屍技","威力：ＳＳ（魔or器）　対象：敵全体　属性：快楽　効果：消化・ヌルヌル・捕食
箱から溢れ出す大量の粘液で敵を貪り食らうミミックの捕食技","","343:エターニティ（Lv16）","0","0","17","宝箱怪无限蚀肉","尸技","威力：ＳＳ（魔or器）　対象：敵全体　属性：快楽　効果：消化・ヌルヌル・捕食
从箱子里涌出大量粘液，贪婪地吞食敌人的宝箱怪捕食技","","343:永恒（Lv16）","59"
"9642","パンドラレクイエム","屍技","威力：Ｚ（魔or器）　対象：敵全体　属性：終焉・ナイトメア　効果：消化・ヌルヌル・捕食
空間そのものを箱の中に封じ込め捕食するミミック最終奥義","","7433:死神（Lv8）","0","0","40","潘多拉镇魂曲","尸技","威力：Ｚ（魔or器）　対象：敵全体　属性：終焉・ナイトメア　効果：消化・ヌルヌル・捕食
将空间本身封入箱中并捕食的宝箱怪最终奥义","","7433:死神（Lv8）","59"
"9646","究極人形アーツ","造技","威力：４Ｓ（力or器）　対象：敵単体4回　属性：修羅
人形の体に備わった兵器で連続攻撃を繰り出す究極アーツ","","353:究極至高人形（Lv20）","0","0","18","究极人偶技艺","造技","威力：４Ｓ（力or器）　対象：敵単体4回　属性：修羅
用人偶的身体装备的武器进行连续攻击的究极技艺","","353:究极至高人偶（Lv20）","60"
"9647","デウスアーツ","造技","威力：５Ｚ（力or器）　対象：敵単体4回　属性：修羅・銀河
神の宿る人形が繰り出す究極にして最後の混沌アーツ","","7455:デウスエクスマキナ（Lv2）","0","0","70","神之技艺","造技","威力：５Ｚ（力or器）　対象：敵単体4回　属性：修羅・銀河
神灵寄宿的人偶施展的究极且最后的混沌技艺","","7455:机械降神（Lv2）","60"
"9648","終末カーテンコール","造技","威力：５Ｚ（力or器）　対象：敵ランダム4回　属性：永劫・終焉・銀河　効果：スロウ・ストップ
デウスエクスマキナが世界という舞台に幕を引く","","7455:デウスエクスマキナ（Lv14）","0","0","70","终末谢幕","造技","威力：５Ｚ（力or器）　対象：敵ランダム4回　属性：永劫・終焉・銀河　効果：スロウ・ストップ
机械降神为世界这个舞台拉下帷幕","","7455:机械降神（Lv14）","60"
"9649","グラビディフィールド","造技","威力：ＳＳ（魔or器）　対象：敵全体　属性：重力　効果：スロウ・ストップ
特殊な重力場を展開し敵全体を圧壊させる奥義","","353:究極至高人形（Lv11）；361:ウェポンタイプ（Lv6）","0","55","0","重力领域","造技","威力：ＳＳ（魔or器）　対象：敵全体　属性：重力　効果：スロウ・ストップ
展开特殊重力场，压碎全体敌人之奥义","","353:究极至高人偶（Lv11）；361:武器类型（Lv6）","60"
"9650","グラビディワールド","造技","威力：Ｚ（魔or器）　対象：敵全体　属性：重力・銀河　効果：スロウ・ストップ
広大な重力場により世界そのものを圧壊する混沌奥義","","7435:オメガタイプ（Lv2）","0","180","0","重力世界","造技","威力：Ｚ（魔or器）　対象：敵全体　属性：重力・銀河　効果：スロウ・ストップ
广阔的重力场，压碎世界本身的混沌奥义","","7435:欧米伽之型（Lv2）","60"
"9651","波動砲","造技","威力：ＺＺ（器）　対象：敵全体　属性：イオン・ハドロン・ナノ
特殊魔導炉のエネルギーを一気に照射する究極破壊奥義","","7435:オメガタイプ（Lv20）","0","0","50","波动炮","造技","威力：ＺＺ（器）　対象：敵全体　属性：イオン・ハドロン・ナノ
特殊魔導炉的能量一口气照射出的究极破坏奥义","","7435:欧米伽之型（Lv20）","60"
"9652","レーザー","造技","威力：Ｄ（器）　対象：敵単体　属性：雷・水
高出力レーザーを発射する搭載兵器","","7401:試作ロイド（Lv10）","0","0","3","激光","造技","威力：Ｄ（器）　対象：敵単体　属性：雷・水
发射高功率激光的搭载武器","","7401:试作型机器人（Lv10）","60"
"9653","ナノレーザー","造技","威力：Ａ（器）　対象：敵全体　属性：雷・ナノ
未知の動力を収束させレーザーとして発射する搭載兵器","","7403:ナノアンドロイド（Lv2）","0","0","8","纳米激光","造技","威力：Ａ（器）　対象：敵全体　属性：雷・ナノ
将未知动力汇聚成激光发射的搭载武器","","7403:纳米仿生人（Lv2）","60"
"9654","マシンガンアーム","造技","威力：Ｃ（器）　対象：敵全体
腕に仕込まれた機関銃で掃射する攻撃技","","7402:サイボーグ（Lv2）","0","0","5","机枪手臂","造技","威力：Ｃ（器）　対象：敵全体
用安装在手臂上的机关枪进行扫射的攻击技能","","7402:电子人（Lv2）","60"
"9655","レッグキャノン","造技","威力：Ｂ（器）　対象：敵単体
脚部に仕込まれたキャノン砲を発射する攻撃技","","7402:サイボーグ（Lv5）","0","0","5","腿部加农炮","造技","威力：Ｂ（器）　対象：敵単体
发射安装在腿部的加农炮的攻击技能","","7402:电子人（Lv5）","60"
"9656","炸裂徹甲ブレストキャノン","造技","威力：Ｓ（器）　対象：敵単体
脚部に仕込まれたキャノン砲を発射する最終兵器","","7403:ナノアンドロイド（Lv5）","0","0","10","炸裂穿甲爆破加农炮","造技","威力：Ｓ（器）　対象：敵単体
发射安装在腿部的加农炮的最终武器","","7403:纳米仿生人（Lv5）","60"
"9657","次元閉遮式レールガン","造技","威力：ＺＺ（器）　対象：敵単体　属性：修羅・核熱
混沌閉遮加速により弾丸を次元速度で発射する究極破壊兵器","","7444:シンギュラリティ（Lv5）","0","0","40","次元闭遮式轨道炮","造技","威力：ＺＺ（器）　対象：敵単体　属性：修羅・核熱
通过混沌闭遮加速将子弹以次元速度发射的究极破坏武器","","7444:奇点（Lv5）","60"
"9658","オーバーアクセル","造技","威力：Ｂ（速）　対象：敵ランダム4回
加速装置により繰り出される超スピードの乱撃","","7402:サイボーグ（Lv10）","0","0","5","超加速","造技","威力：Ｂ（速）　対象：敵ランダム4回
通过加速装置进行的超高速乱击","","7402:电子人（Lv10）","60"
"9659","ナノドライブ","造技","威力：Ｓ（速）　対象：敵ランダム4回　属性：ナノ
量子化状態で繰り出される既存科学の枠を超えた乱撃","","7403:ナノアンドロイド（Lv10）","0","0","10","纳米驱动","造技","威力：Ｓ（速）　対象：敵ランダム4回　属性：ナノ
在量子化状态下进行的超越现有科学范畴的乱击","","7403:纳米仿生人（Lv10）","60"
"9660","ビームライフル","造技","威力：Ｂ（器）　対象：敵単体　属性：雷・水
強力なビームを発射する射撃兵器","","7404:射撃型ロイド（Lv2）","0","0","5","光束步枪","造技","威力：Ｂ（器）　対象：敵単体　属性：雷・水
发射强力光束的射击武器","","7404:射击型机器人（Lv2）","60"
"9661","メガビームキャノン","造技","威力：Ｓ（器）　対象：敵単体　属性：雷・水
極めて破壊力の高いビームを照射する高出力射撃兵器","","7405:バスターロイド（Lv2）","0","0","10","巨型光束加农炮","造技","威力：Ｓ（器）　対象：敵単体　属性：雷・水
照射极高破坏力的光束的高出力射击武器","","7405:破坏者机器人（Lv2）","60"
"9662","ツインビームキャノン","造技","威力：ＳＳＳ（器）　対象：敵単体2回　属性：雷・水
大出力のビームキャノンを二連続で照射する機械兵器","","7443:アサルトバスター（Lv10）","0","0","18","双光束加农炮","造技","威力：ＳＳＳ（器）　対象：敵単体2回　属性：雷・水
连续照射大功率光束加农炮的机械武器","","7443:突击破坏者（Lv10）","60"
"9663","試作型ライザーキャノン","造技","威力：ＳＳＳ（器）　対象：敵全体　属性：核熱・イオン
試作型の波動エンジンを用いたビーム照射兵器","","7443:アサルトバスター（Lv20）","0","0","21","试作型雷射加农炮","造技","威力：ＳＳＳ（器）　対象：敵全体　属性：核熱・イオン
使用试作型波动引擎的光束照射武器","","7443:突击破坏者（Lv20）","60"
"9664","波動ライザーキャノン","造技","威力：ＺＺ（器）　対象：敵全体　属性：核熱・イオン・ナノ
波動エンジンが組み込まれた究極のビーム照射兵器","","7444:シンギュラリティ（Lv20）","0","0","50","波动激光加农炮","造技","威力：ＺＺ（器）　対象：敵全体　属性：核熱・イオン・ナノ
搭载波动引擎的究极光束照射武器","","7444:奇点（Lv20）","60"
"9665","マイクロミサイル","造技","威力：Ｃ（器）　対象：敵全体　属性：炎
多数の小型ミサイルを敵集団に撃ち込む兵器","","7404:射撃型ロイド（Lv5）","0","0","5","微型导弹","造技","威力：Ｃ（器）　対象：敵全体　属性：炎
向敌群发射大量小型导弹的武器","","7404:射击型机器人（Lv5）","60"
"9666","ミサイルスプラッシュ","造技","威力：Ａ（器）　対象：敵全体　属性：炎
多段式ミサイルを雨のように発射する掃討兵器","","7405:バスターロイド（Lv5）","0","0","8","导弹溅射","造技","威力：Ａ（器）　対象：敵全体　属性：炎
发射多段式导弹如雨般扫荡敌人的武器","","7405:破坏者机器人（Lv5）","60"
"9667","ミサイルレイン","造技","威力：ＳＳ（器）　対象：敵全体　属性：炎
雨のように無数のミサイルを降らせる投射兵器","","7443:アサルトバスター（Lv2）","0","0","17","导弹雨","造技","威力：ＳＳ（器）　対象：敵全体　属性：炎
如雨般降下无数导弹的投射武器","","7443:突击破坏者（Lv2）","60"
"9668","インフェルノレイン","造技","威力：４Ｓ（器）　対象：敵全体　属性：修羅・核熱
核弾頭の搭載されたミサイルを雨のように降らせる機械奥義","","7444:シンギュラリティ（Lv2）","0","0","25","地狱雨","造技","威力：４Ｓ（器）　対象：敵全体　属性：修羅・核熱
搭载核弹头的导弹如雨般降下的机械奥义","","7444:奇点（Lv2）","60"
"9669","ビームソード","造技","威力：Ｃ（力or器）　対象：敵全体　属性：雷・水
ビームで形成された刃で敵集団を斬りつける近接兵器","","7406:近接型ロイド（Lv2）","0","0","5","光束剑","造技","威力：Ｃ（力or器）　対象：敵全体　属性：雷・水
用光束形成的刀刃斩击敌群的近战武器","","7406:近战型机器人（Lv2）","60"
"9670","ビームバスターソード","造技","威力：Ａ（力or器）　対象：敵全体　属性：雷・水
高出力の巨大ビームソードを一閃させる掃討兵器","","7407:アサルトロイド（Lv2）","0","0","8","光束破坏剑","造技","威力：Ａ（力or器）　対象：敵全体　属性：雷・水
高输出的大型光束剑一闪而过的扫荡兵器","","7407:突击机器人（Lv2）","60"
"9671","ビームライザーソード","造技","威力：ＳＳ（力or器）　対象：敵全体　属性：イオン・ナノ
試作型波動エンジンによる高出力ビームソードを一閃させる兵器","","7443:アサルトバスター（Lv5）","0","0","17","光束激光剑","造技","威力：ＳＳ（力or器）　対象：敵全体　属性：イオン・ナノ
试作型波动引擎产生的高输出光束剑一闪而过的兵器","","7443:突击破坏者（Lv5）","60"
"9672","対星喰い裂断ソード","造技","威力：ＺＺ（力or器）　対象：敵全体　属性：修羅・イオン・ナノ　効果：巨人特攻
星喰いを撃破するために開発された究極の高出力ビームソード","","7444:シンギュラリティ（Lv10）","0","0","50","对星喰裂断剑","造技","威力：ＺＺ（力or器）　対象：敵全体　属性：修羅・イオン・ナノ　効果：巨人特攻
为击败星喰而开发的究极高输出光束剑","","7444:奇点（Lv10）","60"
"9673","神具XIII:ユダ","造技","威力：Ｚ（魔or器）　対象：敵単体　属性：修羅・永劫
双子姉妹用の護身神具から繰り出す聖エネルギー照射奥義","","7442:核動力天使（Lv11）","0","0","30","神具XIII:ユダ","造技","威力：Ｚ（魔or器）　対象：敵単体　属性：修羅・永劫
双子姐妹用护身神具发出的圣能量照射奥义","","7442:核动力天使（Lv11）","60"
"9674","特級神具VIII:アグニカノン","造技","威力：ＺＺ（器）　対象：敵ランダム4回　属性：核熱・永劫　効果：バーン
大地を焼き尽くす力が秘められた聖具マキナ","","7440:天界決戦兵器（Lv4）","0","0","40","特級神具VIII:アグニカノン","造技","威力：ＺＺ（器）　対象：敵ランダム4回　属性：核熱・永劫　効果：バーン
蕴含着烧尽大地的力量的圣具器械","","7440:天界决战兵器（Lv4）","60"
"9675","特級神具IV:メルクリウス","造技","威力：Ｚ（器）　対象：敵全体　属性：量子・永劫　効果：フリーズ
あらゆる物質を凍結させる聖具マキナ","","7440:天界決戦兵器（Lv6）","0","0","40","特級神具IV:メルクリウス","造技","威力：Ｚ（器）　対象：敵全体　属性：量子・永劫　効果：フリーズ
能冻结一切物质的圣具器械","","7440:天界决战兵器（Lv6）","60"
"9676","特級神具V:エクスパルサー","造技","威力：Ｚ（器）　対象：敵全体4回　属性：イオン・永劫　効果：ショック
複数のパルサーを同時発射する聖具マキナ","","7440:天界決戦兵器（Lv8）","0","0","40","特級神具V:エクスパルサー","造技","威力：Ｚ（器）　対象：敵全体4回　属性：イオン・永劫　効果：ショック
同时发射多个脉冲的圣具器械","","7440:天界决战兵器（Lv8）","60"
"9677","特級神具IV:ガイアグラビディ","造技","威力：Ｚ（魔or器）　対象：敵全体　属性：テラ・永劫・重力　効果：スロウ・ストップ
重力場により対象を圧壊粉砕する神具マキナ","","7440:天界決戦兵器（Lv17）","0","0","40","特級神具IV:ガイアグラビディ","造技","威力：Ｚ（魔or器）　対象：敵全体　属性：テラ・永劫・重力　効果：スロウ・ストップ
通过重力场压碎目标的神具器械","","7440:天界决战兵器（Lv17）","60"
"9678","特級神具IX:セントフレア","造技","威力：ＺＺ（魔or器）　対象：敵単体4回　属性：核熱・イオン・永劫
凝縮した聖エネルギーをレーザー照射する神具マキナ","","7440:天界決戦兵器（Lv14）","0","0","40","特級神具IX:セントフレア","造技","威力：ＺＺ（魔or器）　対象：敵単体4回　属性：核熱・イオン・永劫
凝聚的圣能量以激光照射的神具器械","","7440:天界决战兵器（Lv14）","60"
"9679","エンドフルバースト","造技","威力：ＺＺＺ（器）　対象：敵全体　属性：核熱・量子・イオン・永劫
全身の聖具マキナを一斉砲撃する究極のマキナ奥義","","7440:天界決戦兵器（Lv20）","0","0","60","终焉全爆破","造技","威力：ＺＺＺ（器）　対象：敵全体　属性：核熱・量子・イオン・永劫
全身的圣具器械齐射的究极器械奥义","","7440:天界决战兵器（Lv20）","60"
"9683","塵風","自然感応","威力：４Ｓ（魔）　対象：敵全体　属性：ハドロン　効果：敏感・恍惚特攻・即死
万物を塵へと変換する悪夢の風","","183:リリスナイトメア（Lv20）","0","0","21","尘风","自然感应","威力：４Ｓ（魔）　対象：敵全体　属性：ハドロン　効果：敏感・恍惚特攻・即死
将万物化为尘埃的恶梦之风","","183:莉莉丝梦魇（Lv20）","61"
"9684","千夜・塵風","自然感応","威力：ＺＺ（魔）　対象：敵全体　属性：ハドロン・終焉　効果：敏感・恍惚特攻・即死
万物を塵に変える風を多方向から吹かせる悪夢の奥義","","7416:バビロンの大淫婦（Lv17）","0","0","50","千夜・尘风","自然感应","威力：ＺＺ（魔）　対象：敵全体　属性：ハドロン・終焉　効果：敏感・恍惚特攻・即死
从多方向吹拂将万物化为尘埃的风的恶梦奥义","","7416:巴比伦的大淫妇（Lv17）","61"
"9685","星吼","自然感応","威力：ＳＳＳ（魔）　対象：敵全体　属性：テラ・銀河
星そのものと感応し、エネルギーを解放する究極奥義","","222:コスモフェアリー（Lv20）","0","0","21","星吼","自然感应","威力：ＳＳＳ（魔）　対象：敵全体　属性：テラ・銀河
与星辰共鸣，释放能量的究极奥义","","222:宇宙妖精（Lv20）","61"
"9686","星護蝶","自然感応","威力：ＺＺ（魔）　対象：敵全体　属性：ハドロン・テラ・ナノ・銀河
守護神蝶の力で文明を消滅させる禁断の奥義","","7420:コスモス（Lv20）","0","0","50","星护蝶","自然感应","威力：ＺＺ（魔）　対象：敵全体　属性：ハドロン・テラ・ナノ・銀河
借助守护神蝶的力量，消灭文明的禁忌奥义","","7420:宇宙神蝶（Lv20）","61"
"9687","神竜大海嘯","自然感応","威力：ＳＳ（精or魔）　対象：敵全体　属性：水
神竜の魔力により引き起こされる最大最強の大海嘯","","291:神竜（Lv5）","0","0","17","神龙大海啸","自然感应","威力：ＳＳ（精or魔）　対象：敵全体　属性：水
由神龙魔力引发的最大最强的大海啸","","291:神龙（Lv5）","61"
"9688","虚竜の大海嘯","自然感応","威力：Ｚ（精or魔）　対象：敵全体　属性：ナノ・終焉
混沌の力により招来される虚無の大災害事象","","7427:虚竜（Lv7）","0","0","40","虚龙的大海啸","自然感应","威力：Ｚ（精or魔）　対象：敵全体　属性：ナノ・終焉
由混沌之力招来的虚无大灾害","","7427:虚龙（Lv7）","61"
"9692","無塵焔","ブレス","威力：ＺＺ（力or器or魔）　対象：敵全体　属性：核熱・ハドロン
塵一つ残さず敵を消滅させる究極のブレス","","7427:虚竜（Lv13）","0","0","50","无尘焰","吐息","威力：ＺＺ（力or器or魔）　対象：敵全体　属性：核熱・ハドロン
将敌人彻底消灭，不留一丝尘埃的究极吐息","","7427:虚龙（Lv13）","62"
"9693","極零光","ブレス","威力：ＺＺ（力or器or魔）　対象：敵全体　属性：量子・ナノ
絶対零度で敵を結晶化させる究極のブレス","","7427:虚竜（Lv14）","0","0","50","极零光","吐息","威力：ＺＺ（力or器or魔）　対象：敵全体　属性：量子・ナノ
绝对零度下将敌人结晶化的究极吐息","","7427:虚龙（Lv14）","62"
"9694","イオンブレス","ブレス","威力：ＳＳ（力or器or魔）　対象：敵全体　属性：イオン
口からイオンの息を吐き出す混沌のブレス技","","361:ウェポンタイプ（Lv2）","0","0","17","离子吐息","吐息","威力：ＳＳ（力or器or魔）　対象：敵全体　属性：イオン
从口中吐出离子气息的混沌吐息技","","361:武器类型（Lv2）","62"
"9695","ハドロンブレス","ブレス","威力：ＳＳ（力or器or魔）　対象：敵全体　属性：ハドロン
口からハドロンの息を吐き出す混沌のブレス技","","282:神鳥（Lv14）","0","0","17","强子吐息","吐息","威力：ＳＳ（力or器or魔）　対象：敵全体　属性：ハドロン
从口中吐出强子气息的混沌吐息技","","282:神鸟（Lv14）","62"
"9696","ガイアブレス","ブレス","威力：ＳＳ（力or器or魔）　対象：敵全体　属性：土
大地の力を凝縮し、一気に放射するブレス技","","300:百魔の王（Lv2）","0","0","17","盖亚吐息","吐息","威力：ＳＳ（力or器or魔）　対象：敵全体　属性：土
凝聚大地的力量，一口气放射的吐息技","","300:百魔之王（Lv2）","62"
"9697","マグナ・ノヴァ","ブレス","威力：Ｚ（力or器or魔）　対象：敵全体　属性：テラ・銀河
惑星のエネルギーを凝縮して放射する究極の混沌ブレス技","","7428:次元侵蝕者（Lv5）","0","0","40","玛格纳・诺瓦","吐息","威力：Ｚ（力or器or魔）　対象：敵全体　属性：テラ・銀河
凝聚行星能量并放射的究极混沌吐息技","","7428:次元侵蚀者（Lv5）","62"
"9698","アークブレス","ブレス","威力：ＳＳ（力or器or魔）　対象：敵全体　属性：バイオ
濃縮された猛毒を吐き出し大ダメージを与えるブレス技","","300:百魔の王（Lv12）；335:カオスアンデッド（Lv15）","0","0","17","弧光吐息","吐息","威力：ＳＳ（力or器or魔）　対象：敵全体　属性：バイオ
吐出浓缩的猛毒，造成巨大伤害的吐息技","","300:百魔之王（Lv12）；335:混沌不死族（Lv15）","62"
"9699","破滅のブレス","ブレス","威力：Ｚ（力or器or魔）　対象：敵全体　属性：バイオ・終焉　効果：暗闇・麻痺
破滅的な猛毒を周囲に拡散させる究極のブレス技","","7432:ノーライフキング（Lv5）","0","0","40","毁灭的吐息","吐息","威力：Ｚ（力or器or魔）　対象：敵全体　属性：バイオ・終焉　効果：暗闇・麻痺
将毁灭性的猛毒扩散到周围，究极的吐息技","","7432:无生之王（Lv5）","62"
"9700","フェニックスブレス","ブレス","威力：Ｚ（力or器or魔）　対象：敵全体　属性：核熱・ハドロン・永劫
全ての生命を輪廻に還すフェニックスの究極ブレス","","7426:フェニックス（Lv2）","0","0","40","凤凰吐息","吐息","威力：Ｚ（力or器or魔）　対象：敵全体　属性：核熱・ハドロン・永劫
将所有生命归还轮回的凤凰究极吐息","","7426:凤凰（Lv2）","62"
"9701","次元侵蝕ブレス","ブレス","威力：ＺＺ（力or器or魔）　対象：敵全体　属性：終焉・ナイトメア・バイオ　効果：消化・ヌルヌル・失禁・絶頂・捕食
次元を侵蝕し悪夢のように世界を覆う破滅のブレス","","7428:次元侵蝕者（Lv20）","22%当前HP","0","25","次元侵蚀吐息","吐息","威力：ＺＺ（力or器or魔）　対象：敵全体　属性：終焉・ナイトメア・バイオ　効果：消化・ヌルヌル・失禁・絶頂・捕食
侵蚀次元，如恶梦般覆盖世界的毁灭之息","","7428:次元侵蚀者（Lv20）","62"
"9702","ゴッドブレス","ブレス","威力：ＺＺ（力or器or魔）　対象：敵全体　属性：イオン・永劫
濃縮された聖エネルギーを一気に放射する究極のブレス技","","7435:オメガタイプ（Lv6）","0","135","25","神之吐息","吐息","威力：ＺＺ（力or器or魔）　対象：敵全体　属性：イオン・永劫
浓缩的圣能量一口气放射的究极吐息技","","7435:欧米伽之型（Lv6）","62"
"9703","サタンブレス","ブレス","威力：ＺＺ（力or器or魔）　対象：敵全体　属性：核熱・終焉
濃縮された闇エネルギーを一気に放射する究極のブレス技","","7435:オメガタイプ（Lv10）","22%当前HP","0","25","撒旦吐息","吐息","威力：ＺＺ（力or器or魔）　対象：敵全体　属性：核熱・終焉
浓缩的黑暗能量一口气放射的究极吐息技","","7435:欧米伽之型（Lv10）","62"
"9707","サイコ","サイコ","威力：Ｃ（精or器）　対象：敵単体　属性：無
念動力で衝撃波を放つ技","7001:エスパー（Lv2）","","0","8","0","念动","念动","威力：Ｃ（精or器）　対象：敵単体　属性：無
用念动力释放冲击波的技能","7001:超能力者（Lv2）","","67"
"9708","サイコブラスト","サイコ","威力：Ｂ（精or器）　対象：敵全体　属性：無
念動力の衝撃波を周囲に展開する大技","7002:ハイサイキック（Lv2）","","0","12","0","念动爆轰","念动","威力：Ｂ（精or器）　対象：敵全体　属性：無
用念动力的冲击波在周围展开的大招","7002:高阶通灵者（Lv2）","","67"
"9709","サイコフォース","サイコ","威力：Ｓ（精or器）　対象：敵全体　属性：無
オーラの結界で敵を消滅させる念動力の奥義","7003:サイコソルジャー（Lv10）","","0","30","0","念动力场","念动","威力：Ｓ（精or器）　対象：敵全体　属性：無
用灵气结界消灭敌人的念动力奥义","7003:念动战士（Lv10）","","67"
"9710","サイコファイア","サイコ","威力：Ｃ（精or器）　対象：敵単体　属性：炎・無
念動力により火炎を発生させる技","7001:エスパー（Lv4）","","0","8","0","念动火焰","念动","威力：Ｃ（精or器）　対象：敵単体　属性：炎・無
通过念动力产生火焰的技能","7001:超能力者（Lv4）","","67"
"9711","サイコフレア","サイコ","威力：Ａ（精or器）　対象：敵全体　属性：炎・無
念動力により強烈な火炎を発生させる奥義","7003:サイコソルジャー（Lv2）","","0","16","0","念动闪焰","念动","威力：Ａ（精or器）　対象：敵全体　属性：炎・無
使用念动力产生强烈火焰的奥义","7003:念动战士（Lv2）","","67"
"9712","サイコブリザード","サイコ","威力：Ｃ（精or器）　対象：敵単体　属性：氷・無
念動力により氷雪を発生させる技","7001:エスパー（Lv4）","","0","8","0","念动暴雪","念动","威力：Ｃ（精or器）　対象：敵単体　属性：氷・無
利用念动力产生冰雪的技能","7001:超能力者（Lv4）","","67"
"9713","サイコフロスト","サイコ","威力：Ａ（精or器）　対象：敵全体　属性：氷・無
念動力により強烈な氷雪を発生させる奥義","7003:サイコソルジャー（Lv2）","","0","16","0","念动霜冻","念动","威力：Ａ（精or器）　対象：敵全体　属性：氷・無
通过念动力产生强烈冰雪的奥义","7003:念动战士（Lv2）","","67"
"9714","サイコサンダー","サイコ","威力：Ｃ（精or器）　対象：敵単体　属性：雷・無
念動力により稲妻を発生させる技","7001:エスパー（Lv4）","","0","8","0","念动雷电","念动","威力：Ｃ（精or器）　対象：敵単体　属性：雷・無
利用念动力产生闪电的技能","7001:超能力者（Lv4）","","67"
"9715","サイコプラズマ","サイコ","威力：Ａ（精or器）　対象：敵全体　属性：雷・無
念動力により強烈な稲妻を発生させる奥義","7003:サイコソルジャー（Lv2）","","0","16","0","念动电浆","念动","威力：Ａ（精or器）　対象：敵全体　属性：雷・無
使用念动力产生强烈闪电的奥义","7003:念动战士（Lv2）","","67"
"9716","サイコホーリー","サイコ","威力：ＳＳ（精or器）　対象：敵全体　属性：聖・イオン　効果：ショック
オーラを展開し周囲に聖エネルギーの潮流を作り出す念動力奥義","7052:サイコトリニティ（Lv4）","","0","55","0","念动圣光","念动","威力：ＳＳ（精or器）　対象：敵全体　属性：聖・イオン　効果：ショック
展开气场，在周围创造出圣能量的潮流的念动力奥义","7052:念动三位一体（Lv4）","","67"
"9717","サイコインフェルノ","サイコ","威力：ＳＳ（精or器）　対象：敵全体　属性：闇・核熱　効果：バーン
オーラを展開し周囲に灼熱地獄を作り出す念動力奥義","7052:サイコトリニティ（Lv2）","","14%当前HP","27","0","念动业火","念动","威力：ＳＳ（精or器）　対象：敵全体　属性：闇・核熱　効果：バーン
展开气场，在周围创造出灼热地狱的念动力奥义","7052:念动三位一体（Lv2）","","67"
"9718","サイコドレイン","サイコ","威力：Ｂ（精or器）　対象：敵単体　属性：快楽・無　効果：HP吸収
念動力で相手の精気を吸い取る快楽技","7001:エスパー（Lv10）","","0","12","0","念动榨取","念动","威力：Ｂ（精or器）　対象：敵単体　属性：快楽・無　効果：HP吸収
用念动力吸取对手精气的快乐技能","7001:超能力者（Lv10）","","67"
"9719","サイコヘブン","サイコ","威力：Ａ（精or器）　対象：敵ランダム4回　属性：快楽・無　効果：絶頂
念動力で愛撫の嵐を巻き起こす快楽技","7002:ハイサイキック（Lv10）","","0","16","0","念动天堂","念动","威力：Ａ（精or器）　対象：敵ランダム4回　属性：快楽・無　効果：絶頂
念动力掀起爱抚的风暴的快乐技","7002:高阶通灵者（Lv10）","","67"
"9720","サイコエクスタス","サイコ","威力：Ａ（精or器）　対象：敵全体　属性：快楽・無　効果：絶頂
念動力で敵の集団をまとめて絶頂させる快楽奥義","7003:サイコソルジャー（Lv4）","","0","20","0","念动绝顶","念动","威力：Ａ（精or器）　対象：敵全体　属性：快楽・無　効果：絶頂
念动力让敌群一起绝顶的快乐奥义","7003:念动战士（Lv4）","","67"
"9721","サイコストリーム","サイコ","威力：ＳＳＳ（精or器）　対象：敵ランダム4回　属性：ハドロン・ナイトメア　効果：敏感・恍惚
オーラにより快楽気流を招来する念動力奥義","","183:リリスナイトメア（Lv14）","0","60","0","念动激流","念动","威力：ＳＳＳ（精or器）　対象：敵ランダム4回　属性：ハドロン・ナイトメア　効果：敏感・恍惚
通过气场招来快乐气流的念动力奥义","","183:莉莉丝梦魇（Lv14）","67"
"9722","サイコリバレート","サイコ","威力：４Ｓ（精or器）　対象：敵単体　属性：ナイトメア　効果：絶頂
オーラで包み込み悪夢の快楽を味わわせる念動力奥義","7052:サイコトリニティ（Lv15）","","0","80","0","念动解放","念动","威力：４Ｓ（精or器）　対象：敵単体　属性：ナイトメア　効果：絶頂
用气场包裹，让敌人体验恶梦般的快乐，念动力奥义","7052:念动三位一体（Lv15）","","67"
"9723","サイコオルギア","サイコ","威力：Ｚ（精or器）　対象：敵全体　属性：ハドロン・ナイトメア　効果：恍惚・失禁・絶頂
オーラにより快楽空間を展開し、悪夢のように嫐り尽くす究極奥義","7067:快楽ヲ極メシ者（Lv10）","","0","180","0","念动狂欢","念动","威力：Ｚ（精or器）　対象：敵全体　属性：ハドロン・ナイトメア　効果：恍惚・失禁・絶頂
通过气场展开快乐空间，像恶梦一样折磨敌人的究极奥义","7067:极乐追求者（Lv10）","","67"
"9724","サイコボルテージ","サイコ","威力：ＺＺ（精or器）　対象：敵単体　属性：イオン・ナイトメア　効果：ショック・失禁・絶頂
快楽神経を直接刺激するオーラ電流を放つ念動力究極奥義","7067:快楽ヲ極メシ者（Lv5）","","0","180","0","念动电压","念动","威力：ＺＺ（精or器）　対象：敵単体　属性：イオン・ナイトメア　効果：ショック・失禁・絶頂
释放出直接刺激快乐神经的气场电流的念动力究极奥义","7067:极乐追求者（Lv5）","","67"
"9725","サイコエントロピー","サイコ","威力：ＺＺ（精or器）　対象：敵ランダム6回　属性：ハドロン・終焉・ナイトメア　効果：敏感・恍惚
オーラにより混沌の快楽気流を招来する究極の念動力奥義","","7416:バビロンの大淫婦（Lv14）","0","180","0","念动熵","念动","威力：ＺＺ（精or器）　対象：敵ランダム6回　属性：ハドロン・終焉・ナイトメア　効果：敏感・恍惚
通过气场召唤混沌的快乐气流，究极的念动力奥义","","7416:巴比伦的大淫妇（Lv14）","67"
"9726","サイコヒール","サイコ","対象：味方全体　効果：HP中回復・SP小回復
味方全体の体力と気力を回復する癒しのオーラ","7002:ハイサイキック（Lv4）","","0","30","0","念动治愈","念动","対象：味方全体　効果：HP中回復・SP小回復
恢复我方全体的体力和精神的治愈光环","7002:高阶通灵者（Lv4）","","67"
"9730","踏みつけ","巨技","威力：Ｂ（力）　対象：敵単体
巨大な足で敵を踏み付ける攻撃技","","349:ゴーレム（Lv2）；7408:巨人（Lv10）","0","0","4","践踏","巨技","威力：Ｂ（力）　対象：敵単体
用巨大的脚踩踏敌人的攻击技","","349:魔像（Lv2）；7408:巨人（Lv10）","69"
"9731","握り潰す","巨技","威力：Ｂ（力）　対象：敵単体　効果：拘束
巨大な手で相手を握り潰す攻撃技","","7408:巨人（Lv2）","0","0","5","捏碎","巨技","威力：Ｂ（力）　対象：敵単体　効果：拘束
用巨大的手捏碎对手的攻击技","","7408:巨人（Lv2）","69"
"9732","巨人の鉄槌","巨技","威力：ＳＳ（力）　対象：敵単体
巨大な拳を敵単体に叩き込む攻撃技","","350:マスターゴーレム（Lv10）","0","0","14","巨人的铁锤","巨技","威力：ＳＳ（力）　対象：敵単体
用巨大的拳头攻击单体敌人的攻击技","","350:大师魔像（Lv10）","69"
"9733","巨神鉄拳","巨技","威力：ＳＳＳ（力）　対象：敵単体　属性：修羅
巨神の鉄拳で全てを破壊する究極の巨体奥義","","7445:巨神王（Lv4）","0","0","18","巨神铁拳","巨技","威力：ＳＳＳ（力）　対象：敵単体　属性：修羅
用巨神的铁拳摧毁一切的究极巨体奥义","","7445:巨神王（Lv4）","69"
"9734","惑星衝突","巨技","威力：ＺＺ（力）　対象：敵単体　属性：修羅・テラ・銀河
惑星衝突の衝撃で天体規模の破壊をもたらす究極奥義","","7446:星喰い（Lv8）","0","0","40","行星撞击","巨技","威力：ＺＺ（力）　対象：敵単体　属性：修羅・テラ・銀河
行星撞击的冲击带来天体规模的破坏的究极奥义","","7446:星喰（Lv8）","69"
"9735","巨人乱舞","巨技","威力：ＳＳ（力）　対象：敵ランダム4回
巨腕での攻撃を連続で叩き込む巨体奥義","","7410:巨神（Lv10）","0","0","14","巨人乱舞","巨技","威力：ＳＳ（力）　対象：敵ランダム4回
用巨腕连续攻击的巨体奥义","","7410:巨神（Lv10）","69"
"9736","巨神の地ならし","巨技","威力：４Ｓ（力）　対象：敵ランダム4回　属性：修羅・テラ
巨人の軍団が大地を踏み荒らす破壊奥義","","7445:巨神王（Lv20）","0","0","22","巨神的地平线","巨技","威力：４Ｓ（力）　対象：敵ランダム4回　属性：修羅・テラ
巨人军团践踏大地的破坏奥义","","7445:巨神王（Lv20）","69"
"9737","コズミックレイン","巨技","威力：ＺＺ（力）　対象：敵ランダム6回　属性：修羅・テラ・銀河
巨大隕石を雨あられのように降り注がせる銀河的破壊奥義","","7446:星喰い（Lv2）","0","0","40","宇宙之雨","巨技","威力：ＺＺ（力）　対象：敵ランダム6回　属性：修羅・テラ・銀河
像雨一样降下巨大陨石的银河破坏奥义","","7446:星喰（Lv2）","69"
"9738","岩石投げ","巨技","威力：Ｃ（力）　対象：敵全体
巨大な岩石を敵全体に投げつける攻撃技","","349:ゴーレム（Lv10）；7409:ギガース（Lv2）","0","0","4","投掷岩石","巨技","威力：Ｃ（力）　対象：敵全体
向全体敌人投掷巨大岩石的攻击技","","349:魔像（Lv10）；7409:巨灵（Lv2）","69"
"9739","メガトンプレス","巨技","威力：Ａ（力）　対象：敵全体
巨体で敵の群れにのしかかり一気にプレスする攻撃技","","350:マスターゴーレム（Lv2）；7409:ギガース（Lv10）","0","0","6","百万吨重压","巨技","威力：Ａ（力）　対象：敵全体
用巨大的身体压向敌群，一口气压碎的攻击技","","350:大师魔像（Lv2）；7409:巨灵（Lv10）","69"
"9740","ファイナルプレス","巨技","威力：ＳＳ（力）　対象：敵全体
巨体で敵を何度も押し潰す破壊奥義","","7445:巨神王（Lv2）","0","0","17","最终重压","巨技","威力：ＳＳ（力）　対象：敵全体
用巨大的身体多次压碎敌人的破坏奥义","","7445:巨神王（Lv2）","69"
"9741","巨人の咆吼","巨技","威力：Ａ（力）　対象：敵全体　属性：音波　効果：麻痺
咆吼を放ち衝撃波によって周辺を破壊する攻撃技","","7410:巨神（Lv2）","0","0","8","巨人的咆哮","巨技","威力：Ａ（力）　対象：敵全体　属性：音波　効果：麻痺
发出咆哮，通过冲击波破坏周围的攻击技","","7410:巨神（Lv2）","69"
"9742","巨神の咆吼","巨技","威力：ＳＳ（力）　対象：敵全体　属性：音波　効果：麻痺
絶大なる衝撃波によって大地を一掃する巨神の咆吼","","7445:巨神王（Lv12）","0","0","17","巨神的咆哮","巨技","威力：ＳＳ（力）　対象：敵全体　属性：音波　効果：麻痺
通过巨大的冲击波一扫大地的巨神咆哮","","7445:巨神王（Lv12）","69"
"9743","恒星の核熱","巨技","威力：Ｚ（力）　対象：敵全体　属性：核熱・テラ・銀河　効果：バーン
恒星の核熱を大気圏内に招来する天体規模の破壊奥義","","7446:星喰い（Lv16）","0","0","40","恒星的核心热","巨技","威力：Ｚ（力）　対象：敵全体　属性：核熱・テラ・銀河　効果：バーン
召唤恒星的核心热进入大气层的宇宙规模破坏奥义","","7446:星喰（Lv16）","69"
"9744","コズミックウェイブ","巨技","威力：Ｚ（力）　対象：敵全体　属性：テラ・音波・銀河　効果：麻痺
銀河規模の咆吼により天体的破壊をもたらす究極巨体奥義","","7446:星喰い（Lv4）","0","0","40","宇宙波","巨技","威力：Ｚ（力）　対象：敵全体　属性：テラ・音波・銀河　効果：麻痺
通过银河规模的咆哮带来宇宙规模的破坏究极巨体奥义","","7446:星喰（Lv4）","69"
"9745","アイスミサイル","巨技","威力：Ｂ（器）　対象：敵単体　属性：氷
敵をホーミングする氷の弾頭","","349:ゴーレム（Lv5）","0","0","5","冰冻导弹","巨技","威力：Ｂ（器）　対象：敵単体　属性：氷
追踪敌人的冰弹头","","349:魔像（Lv5）","69"
"9746","アイスビット","巨技","威力：Ｓ（器）　対象：敵単体　属性：氷
敵を追尾し突貫する巨大な氷の弾頭","","350:マスターゴーレム（Lv4）","0","0","10","冰之比特","巨技","威力：Ｓ（器）　対象：敵単体　属性：氷
追踪敌人并突进的巨大冰弹头","","350:大师魔像（Lv4）","69"
"9747","ゴーレムキャノン","巨技","威力：ＳＳ（力）　対象：敵全体　属性：炎
魔導の火炎弾を敵全体に叩き込むゴーレムの奥義","","353:究極至高人形（Lv14）","0","0","17","魔像加农炮","巨技","威力：ＳＳ（力）　対象：敵全体　属性：炎
向全体敌人发射魔导火焰弹的魔像奥义","","353:究极至高人偶（Lv14）","69"
"9748","神威鉄槌","巨技","威力：ＺＺ（力）　対象：敵単体　属性：修羅・テラ
絶大なる一撃で惑星をも粉砕する究極破壊奥義","","7434:影、紬ぐ人形（Lv8）","0","0","40","神威铁锤","巨技","威力：ＺＺ（力）　対象：敵単体　属性：修羅・テラ
以绝对的一击粉碎行星的究极破坏奥义","","7434:影、䌷人偶（Lv8）","69"
"9749","巨舌","巨技、特技","威力：Ｂ（力or器）　対象：敵単体　属性：快楽　効果：ヌルヌル
巨大な舌で相手の全身をベロベロに舐め回す淫技","","7408:巨人（Lv8）","0","0","4","巨舌","巨技、特技","威力：Ｂ（力or器）　対象：敵単体　属性：快楽　効果：ヌルヌル
用巨大的舌头舔遍对手全身的淫技","","7408:巨人（Lv8）","69"
"9750","爆乳圧殺","巨技","威力：Ａ（力or器）　対象：敵単体　属性：快楽　効果：拘束・恍惚
巨大な乳房で相手を挟み込んで圧迫する快楽奥義","","7410:巨神（Lv8）","0","0","7","爆乳压杀","巨技","威力：Ａ（力or器）　対象：敵単体　属性：快楽　効果：拘束・恍惚
用巨大的乳房夹住对手并压迫的快乐奥义","","7410:巨神（Lv8）","69"
"9751","巨人の丸呑み","巨技","威力：Ｃ（力or器）　対象：敵単体　属性：快楽　効果：捕食
巨大な口で相手を丸呑みにする捕食技","","7409:ギガース（Lv8）","0","0","5","巨人的吞咽","巨技","威力：Ｃ（力or器）　対象：敵単体　属性：快楽　効果：捕食
用巨大的口将对手整个吞下的捕食技","","7409:巨灵（Lv8）","69"
"9752","巨神の生け贄","巨技","威力：ＳＳＳ（力or器）　対象：敵単体　属性：快楽　効果：拘束・捕食
生け贄として敵の肉体を貪り尽くす巨神の捕食技","","7445:巨神王（Lv8）","0","0","18","巨神的祭品","巨技","威力：ＳＳＳ（力or器）　対象：敵単体　属性：快楽　効果：拘束・捕食
作为祭品贪婪地吞噬敌人肉体的巨神捕食技","","7445:巨神王（Lv8）","69"
"9753","星喰い","巨技","威力：ＺＺ（力or器）　対象：敵全体　属性：テラ・ナイトメア・銀河　効果：捕食
惑星そのものを一気に食らう星喰いの最終奥義","","7446:星喰い（Lv20）","0","0","50","星喰","巨技","威力：ＺＺ（力or器）　対象：敵全体　属性：テラ・ナイトメア・銀河　効果：捕食
一口气吞噬整个行星的星喰最终奥义","","7446:星喰（Lv20）","69"
"9754","巨神の守り","巨技","威力：ＳＳＳ（力）　対象：敵単体　属性：修羅　効果：物理カウンター発動
ガード態勢に入り、ターン中の物理・魔法攻撃に対して何度でも無効化反撃を行う","","7445:巨神王（Lv16）","0","0","18","巨神的守护","巨技","威力：ＳＳＳ（力）　対象：敵単体　属性：修羅　効果：物理カウンター発動
进入防御姿态，对回合中的物理・魔法攻击进行多次无效化反击","","7445:巨神王（Lv16）","69"
"9755","オールトの守り","巨技","威力：ＺＺ（力）　対象：敵単体　属性：修羅・銀河　効果：魔法・万能カウンター確率発動
ガード態勢に入り、ターン中の魔法・万能攻撃に対して何度でも無効化反撃を行う","","7446:星喰い（Lv12）","0","0","40","奥尔特的守护","巨技","威力：ＺＺ（力）　対象：敵単体　属性：修羅・銀河　効果：魔法・万能カウンター確率発動
进入防御姿态，对回合中的魔法・万能攻击进行多次无效化反击","","7446:星喰（Lv12）","69"
"9759","ラストエクリプス","カオス","威力：ＺＺＺ（力or魔or器）　対象：敵全体　属性：永劫・終焉・銀河　効果：ミニマム・石化
混沌の力でもたらされた異次元の破壊的日食魔法","","7448:XX型アポトーシス（Lv20）","0","360","0","最终日食","カオス","威力：ＺＺＺ（力or魔or器）　対象：敵全体　属性：永劫・終焉・銀河　効果：ミニマム・石化
混沌之力带来的异次元破坏性日食魔法","","7448:XX型凋零者（Lv20）","70"
"9760","デスジェネシス","カオス","威力：４Ｚ（力or魔or器）　対象：敵全体　属性：量子・永劫・終焉
時空を混沌で満たし、全てをカオスに還す究極奥義","","7412:混沌の魔神（Lv17）","28%当前HP","0","35","死亡创世","カオス","威力：４Ｚ（力or魔or器）　対象：敵全体　属性：量子・永劫・終焉
用混沌填满时空，将一切归于混沌的究极奥义","","7412:混沌的魔神（Lv17）","70"
"9761","ゼロユニバース","カオス","威力：５Ｚ（力or魔or器）　対象：敵ランダム9回　属性：核熱・永劫・終焉・銀河　効果：スロウ・ストップ
混沌の力を解放し、敵を消滅させる究極奥義","","7452:第三の神（Lv2）","28%当前HP","0","35","零宇宙","カオス","威力：５Ｚ（力or魔or器）　対象：敵ランダム9回　属性：核熱・永劫・終焉・銀河　効果：スロウ・ストップ
解放混沌之力，消灭敌人的究极奥义","","7452:第三神（Lv2）","70"
"9762","反物質対消滅","カオス","威力：N/A（力or魔or器）　対象：敵全体　属性：ナノ・永劫・終焉・銀河　効果：全能力ダウン
反物質を造り出し対消滅を引き起こす究極の破壊技","","7449:混沌の使徒（Lv20）","0","900","0","反物质湮灭","カオス","威力：N/A（力or魔or器）　対象：敵全体　属性：ナノ・永劫・終焉・銀河　効果：全能力ダウン
制造反物质引发湮灭的究极破坏技","","7449:混沌的使徒（Lv20）","70"
"9763","次元削除","カオス","威力：■■（力or魔or器）　対象：敵全体　属性：ヌル
次元そのものを削減消去する混沌法則事象","","7453:カオス（Lv8）","0","1600","0","次元删除","カオス","威力：■■（力or魔or器）　対象：敵全体　属性：ヌル
混沌法则事象，削减消去次元本身","","7453:混沌（Lv8）","70"
"9764","カオス","カオス","威力：■■（力or魔or器）　対象：敵全体　属性：ヌル
■■■■■■■■■■■■■■■■■■■■■■■■","","7453:カオス（Lv20）","28%当前HP","500","100","混沌","カオス","威力：■■（力or魔or器）　対象：敵全体　属性：ヌル
■■■■■■■■■■■■■■■■■■■■■■■■","","7453:混沌（Lv20）","70"
"9765","ゼロシフト","カオス","対象：敵味方全体　効果：敵強化および味方弱化全解除
混沌の力で空間を中和する魔法","","7447:X型アポトーシス（Lv2）","0","99","0","零点漂移","カオス","対象：敵味方全体　効果：敵強化および味方弱化全解除
混沌之力中和空间的魔法","","7447:X型凋零者（Lv2）","70"
"9766","オールトの雲","カオス","対象：味方全体　効果：万能耐性アップ
混沌を中和し、パーティの受ける混沌ダメージを軽減する","","7454:混沌の精霊（Lv2）","0","90","20","奥尔特云","カオス","対象：味方全体　効果：万能耐性アップ
中和混沌，减轻队伍受到的混沌伤害","","7454:混沌精灵（Lv2）","70"
"9767","滅閃","カオス","威力：４Ｚ（器）　対象：敵全体　属性：修羅・量子・永劫・終焉","","","0","0","70","灭闪","カオス","威力：４Ｚ（器）　対象：敵全体　属性：修羅・量子・永劫・終焉","","","70"
"9768","カオスバタフライ","カオス","威力：N/A（力or魔or器）　対象：敵全体6回　属性：テラ・永劫・終焉・銀河　効果：拘束・石化
吸収した混沌を一気に放出し、大地を無に帰す禁断奥義","","7454:混沌の精霊（Lv20）","0","450","80","混沌蝴蝶","カオス","威力：N/A（力or魔or器）　対象：敵全体6回　属性：テラ・永劫・終焉・銀河　効果：拘束・石化
吸收的混沌一口气释放，将大地归于虚无的禁断奥义","","7454:混沌精灵（Lv20）","70"
"9769","清めの質量点","カオス","威力：N/A（力or魔or器）　対象：敵全体　属性：修羅・永劫・終焉・重力・銀河
理論上到達しうる最高規模の物理的破壊","","7455:デウスエクスマキナ（Lv20）","0","450","80","净化的质量点","カオス","威力：N/A（力or魔or器）　対象：敵全体　属性：修羅・永劫・終焉・重力・銀河
理论上能达到的最高规模的物理破坏","","7455:机械降神（Lv20）","70"
"9770","カオスディライト","カオス","対象：味方全体　効果：HP全回復・完全蘇生・全状態異常回復
混沌の力で味方全体を再生する回復奥義","","7454:混沌の精霊（Lv11）","0","360","60","混沌欢愉","カオス","対象：味方全体　効果：HP全回復・完全蘇生・全状態異常回復
混沌之力使全体友方再生的恢复奥义","","7454:混沌精灵（Lv11）","70"
"9772","最終奥義","特技","対象：使用者　効果：攻撃力・会心率・会心ダメージアップ
精神を一心に集中し、次のターンに最終奥義を繰り出す","7057:剣ヲ極メシ者（Lv10）","","0","0","10","最终奥义","特技","対象：使用者　効果：攻撃力・会心率・会心ダメージアップ
精神集中于一心，下一回合施展最终奥义","7057:剑之极致者（Lv10）","","63"
"9773","アルティメットチャージ","特技","対象：使用者　効果：攻撃力アップ
力を溜め、次のターンの攻撃力を究極アップさせる","7024:アルティメット魔法少女（Lv2）；7078:もんむす・くえすと！（Lv11）","","0","0","10","究极充能","特技","対象：使用者　効果：攻撃力アップ
积蓄力量，使下一回合的攻击力达到极致提升","7024:究极魔法少女（Lv2）；7078:もんむす・くえすと！（Lv11）","","63"
"9774","最終練気","特技","対象：使用者　効果：攻撃力・素早さ・会心率・会心ダメージ大アップ
3ターンの間、究極にまで研ぎ澄ませた練気で肉体能力を高める","7060:拳ヲ極メシ者（Lv12）","","0","0","10","最终炼气","特技","対象：使用者　効果：攻撃力・素早さ・会心率・会心ダメージ大アップ
3回合内，以极致磨练的炼气提升身体能力","7060:拳之极致者（Lv12）","","63"
"9775","コンセントレイト","特技","対象：使用者　効果：魔力・精神力アップ
魔力を集中し、次のターンの魔力と精神力を爆発的にアップさせる","7002:ハイサイキック（Lv8）；7044:究極魔芸師（Lv7）","","0","0","4","集中","特技","対象：使用者　效果：魔力・精神力提升
集中魔力，使下一回合的魔力和精神力爆发性提升","7002:高阶通灵者（Lv8）；7044:究极魔艺师（Lv7）","","63"
"9776","魔導暴走","特技","対象：使用者　効果：魔力・精神力アップ
力を溜め、次のターンの魔力と精神力を究極アップさせる","7078:もんむす・くえすと！（Lv13）","","0","50","0","魔导暴走","特技","対象：使用者　效果：魔力・精神力提升
积蓄力量，使下一回合的魔力和精神力达到极致提升","7078:もんむす・くえすと！（Lv13）","","63"
"9777","ソフィスティケイト","特技","対象：使用者　効果：器用さ・素早さアップ
精神を集中し、次のターンの器用さと素早さを爆発的にアップさせる","7004:フェンサー（Lv8）；7044:究極魔芸師（Lv7）","7404:射撃型ロイド（Lv6）","0","0","4","精密提升","特技","対象：使用者　効果：器用さ・素早さアップ
集中精神，使下一回合的灵巧和敏捷爆发性提升","7004:剑术家（Lv8）；7044:究极魔艺师（Lv7）","7404:射击型机器人（Lv6）","63"
"9778","アクセルクィック","特技","対象：使用者　効果：素早さアップ
力を溜め、次のターンの素早さを究極アップさせる","7078:もんむす・くえすと！（Lv12）","","0","0","10","加速","特技","対象：使用者　効果：素早さアップ
积蓄力量，使下一回合的敏捷达到极致提升","7078:もんむす・くえすと！（Lv12）","","63"
"9779","テクニカルバースト","特技","対象：使用者　効果：器用さアップ
力を溜め、次のターンの器用さを究極アップさせる","7078:もんむす・くえすと！（Lv14）","","0","0","10","技术爆发","特技","対象：使用者　効果：器用さアップ
积蓄力量，使下一回合的灵巧达到极致提升","7078:もんむす・くえすと！（Lv14）","","63"
"9780","麒麟","特技","威力：ＳＳ（速or魔）　対象：敵全体　属性：雷　効果：使用者強化
麒麟を召喚し、全攻撃が速攻発動するようになる","","","0","25","0","麒麟","特技","威力：ＳＳ（速or魔）　対象：敵全体　属性：雷　効果：使用者強化
召唤麒麟，使所有攻击立即发动","","","63"
"9781","氷帰蝶","特技","威力：ＳＳ（速or魔）　対象：敵全体　属性：氷　効果：使用者強化
氷帰蝶を召喚し、状態異常を受け付けなくなる","","","0","25","0","冰归蝶","特技","威力：ＳＳ（速or魔）　対象：敵全体　属性：氷　効果：使用者強化
召唤冰归蝶，使状态异常无效化","","","63"
"9782","リライズブレス","特技","対象：使用者　効果：HP・SPターン特大回復
訓練された呼吸法で、HPとSPを一気に回復させる","7034:ラストサバイバー（Lv2）","","0","0","10","释放吐息","特技","対象：使用者　効果：HP・SPターン特大回復
通过训练有素的呼吸法，一口气恢复HP和SP","7034:最后幸存者（Lv2）","","63"
"9783","究極変身","特技","対象：使用者　効果：永久変身
SPを大消費し究極ヒーローに変身する","7032:エクセルシオール（Lv4）","","0","0","25","究极变身","特技","対象：使用者　効果：永久変身
大量消耗SP，变身为究极英雄","7032:破界英雄（Lv4）","","63"
"9784","アルティメットチェンジ","特技","対象：使用者　効果：永久変身
MPを大消費しアルティメット魔法少女に変身する","","","0","75","0","究极变身","特技","対象：使用者　効果：永久変身
大量消耗MP，变身为究极魔法少女","","","63"
"9785","武技収束","特技","対象：使用者　効果：武技スキル単体化・威力アップ
3ターンの間、武技スキルが単体化し威力がアップする","7028:パーフェクトアームズ（Lv6）","","0","0","3","武技集中","特技","対象：使用者　効果：武技スキル単体化・威力アップ
3回合内，武技技能变为单体攻击且威力提升","7028:完美武器（Lv6）","","63"
"9786","武技拡散","特技","対象：使用者　効果：武技スキル全体化
3ターンの間、武技スキルが全体化する","7062:千ノ武具ヲ極メシ者（Lv13）","","0","0","5","武技扩散","特技","対象：使用者　効果：武技スキル全体化
3回合内，武技技能变为全体攻击","7062:千种武具之极致者（Lv13）","","63"
"9787","職技収束","特技","対象：使用者　効果：職技スキル単体化・威力アップ
3ターンの間、職技スキルが単体化し威力がアップする","7049:オールジョブラウンダー（Lv8）","","0","0","3","职技集中","特技","対象：使用者　効果：職技スキル単体化・威力アップ
3回合内，职业技能变为单体攻击且威力提升","7049:全能职业者（Lv8）","","63"
"9788","職技拡散","特技","対象：使用者　効果：職技スキル全体化
3ターンの間、職技スキルが全体化する","7069:万職ヲ極メシ仕事人（Lv11）","","0","0","5","职技扩散","特技","対象：使用者　効果：職技スキル全体化
3回合内，职业技能变为全体攻击","7069:万职极尽的工匠（Lv11）","","63"
"9789","魔法収束","特技","対象：使用者　効果：魔法スキル単体化・威力アップ
3ターンの間、魔法スキルが単体化し威力がアップする","50:魔女（Lv9）","","0","0","3","魔法集中","特技","対象：使用者　効果：魔法スキル単体化・威力アップ
3回合内，魔法技能变为单体攻击且威力提升","50:魔女（Lv9）","","63"
"9790","魔法拡散","特技","対象：使用者　効果：魔法スキル全体化
3ターンの間、魔法スキルが全体化する","7024:アルティメット魔法少女（Lv10）","","0","0","5","魔法扩散","特技","対象：使用者　効果：魔法スキル全体化
3回合内，魔法技能全体化","7024:究极魔法少女（Lv10）","","63"
"9791","魔物技収束","特技","対象：使用者　効果：魔物技単体化・威力アップ
3ターンの間、魔物技が単体化し威力がアップする","","361:ウェポンタイプ（Lv15）","0","0","3","魔物技收敛","特技","対象：使用者　効果：魔物技単体化・威力アップ
3回合内，魔物技单体化且威力提升","","361:武器类型（Lv15）","63"
"9792","魔物技拡散","特技","対象：使用者　効果：魔物技全体化
3ターンの間、魔物技が全体化する","","7435:オメガタイプ（Lv9）","0","0","5","魔物技扩散","特技","対象：使用者　効果：魔物技全体化
3回合内，魔物技全体化","","7435:欧米伽之型（Lv9）","63"
"9793","ものまね","特技","対象：可変　効果：自身が行動する前の相手を模倣
相手の行動を完全に再現する奥義","","","0","0","2","模仿","特技","対象：可変　効果：自身が行動する前の相手を模倣
完全再现对手行动的奥义","","","63"
"9794","超ものまね","特技","対象：可変　効果：ターン中の敵味方の行動を全て模倣
敵味方の行動を完全に再現する奥義","7078:もんむす・くえすと！（Lv19）","","0","0","10","超级模仿","特技","対象：可変　効果：ターン中の敵味方の行動を全て模倣
完全再现敌我双方行动的奥义","7078:もんむす・くえすと！（Lv19）","","63"
"9795","追い風","特技","対象：使用者　効果：無効化反撃
2ターンの間、敵のブレスを無効化し反撃する","7034:ラストサバイバー（Lv7）","","0","0","4","顺风","特技","対象：使用者　効果：無効化反撃
2回合内，使敌人的吐息无效化并反击","7034:最后幸存者（Lv7）","","63"
"9796","魔封じの陣","特技","対象：使用者　効果：無効化反撃
2ターンの間、敵の魔技を無効化し反撃する","7054:禁忌妖術師（Lv9）","","0","0","4","魔封之阵","特技","対象：使用者　効果：無効化反撃
2回合内，使敌人的魔技无效化并反击","7054:禁忌妖术师（Lv9）","","63"
"9797","ナノスプラッシュ","特技","威力：ＳＳ（器）　対象：敵全体　属性：ナノ　効果：攻撃力・防御力ダウン
大地からナノエネルギーを噴出させる混沌奥義","7034:ラストサバイバー（Lv9）","","0","0","17","纳米喷溅","特技","威力：ＳＳ（器）　対象：敵全体　属性：ナノ　効果：攻撃力・防御力ダウン
从大地喷出纳米能量的混沌奥义","7034:最后幸存者（Lv9）","","63"
"9798","ファンタスティックハリケーン","特技","威力：ＳＳＳ（器）　対象：敵全体　属性：快楽　効果：誘惑・絶頂
ファンタスティックなハリケーンがギャラリーを魅了し尽くす","7038:コズミックアイドル（Lv12）","","0","0","21","幻想飓风","特技","威力：ＳＳＳ（器）　対象：敵全体　属性：快楽　効果：誘惑・絶頂
幻想般的飓风迷住了所有观众","7038:宇宙偶像（Lv12）","","63"
"9799","ジルフィ","特技","威力：Ｓ（速or魔）　対象：敵全体　属性：風　効果：対象弱体化
ジルフィを呼び出す召喚魔法","","","0","30","0","吉尔菲","特技","威力：Ｓ（速or魔）　対象：敵全体　属性：風　効果：対象弱体化
召唤吉尔菲的召唤魔法","","","63"
"9800","ノーマレン","特技","威力：Ｓ（防or魔）　対象：敵全体　属性：土　効果：対象弱体化
ノーマレンを呼び出す召喚魔法","","","0","30","0","诺玛伦","特技","威力：Ｓ（防or魔）　対象：敵全体　属性：土　効果：対象弱体化
召唤诺玛伦的召唤魔法","","","63"
"9801","グランディーネ","特技","威力：Ｓ（精or魔）　対象：敵全体　属性：水　効果：対象弱体化
グランディーネを呼び出す召喚魔法","","","0","30","0","格兰蒂妮","特技","威力：Ｓ（精or魔）　対象：敵全体　属性：水　効果：対象弱体化
召唤格兰蒂妮的召唤魔法","","","63"
"9802","ギガマンドラ","特技","威力：Ｓ（力or魔）　対象：敵全体　属性：炎　効果：対象弱体化
ギガマンドラを呼び出す召喚魔法","","","0","30","0","千兆曼德拉","特技","威力：Ｓ（力or魔）　対象：敵全体　属性：炎　効果：対象弱体化
召唤千兆曼德拉的召唤魔法","","","63"
"9803","アンブロシア","特技","威力：Ｓ（速or魔）　対象：敵全体　属性：風　効果：風ガードキル・弱体化
アンブロシアを呼び出す召喚魔法","","","0","30","0","安布罗西亚","特技","威力：Ｓ（速or魔）　対象：敵全体　属性：風　効果：風ガードキル・弱体化
召唤出安布罗西亚的召唤魔法","","","63"
"9804","ロア","特技","威力：Ｓ（防or魔）　対象：敵全体　属性：土　効果：土ガードキル・弱体化
ロアを呼び出す召喚魔法","","","0","30","0","洛阿","特技","威力：Ｓ（防or魔）　対象：敵全体　属性：土　効果：土ガードキル・弱体化
召唤洛阿的召唤魔法","","","63"
"9805","ガタノソア","特技","威力：Ｓ（精or魔）　対象：敵全体　属性：水　効果：水ガードキル・弱体化
ガタノソアを呼び出す召喚魔法","","","0","30","0","加塔诺托亚","特技","威力：Ｓ（精or魔）　対象：敵全体　属性：水　効果：水ガードキル・弱体化
召唤加塔诺托亚的召唤魔法","","","63"
"9806","グリモワール","特技","威力：Ｓ（力or魔）　対象：敵全体　属性：炎　効果：炎ガードキル・弱体化
グリモワールを呼び出す召喚魔法","","","0","30","0","格里莫瓦","特技","威力：Ｓ（力or魔）　対象：敵全体　属性：炎　効果：炎ガードキル・弱体化
召唤格里莫瓦的召唤魔法","","","63"
"9807","十二精霊同時召喚","特技","威力：ＺＺ（力・速・器・魔）　対象：敵全体　属性：炎・風・土・水　効果：使用者強化
十二精霊を同時に召喚する究極奥義","","","0","270","0","十二精灵同时召唤","特技","威力：ＺＺ（力・速・器・魔）　対象：敵全体　属性：炎・風・土・水　効果：使用者強化
同时召唤十二精灵的究极奥义","","","63"
"9808","暗黒輪舞","特技","威力：ＳＳＳ（器）　対象：敵全体　属性：修羅・終焉　効果：使用者能力超アップ・3ターン後戦闘不能
3ターンの間全能力が爆発的にアップするが、効果切れと同時に戦闘不能になる","","","0","0","0","暗黑轮舞","特技","威力：ＳＳＳ（器）　対象：敵全体　属性：修羅・終焉　効果：使用者能力超アップ・3ターン後戦闘不能
3回合内全能力爆发性提升，效果结束后战斗不能","","","63"
"10001","オーバーヒール","白魔法","対象：味方全体（控え含む）　効果：HP全回復
控え含む味方全体の体力を全回復する究極回復魔法","7080:全テヲ癒ス者（Lv2）","","0","150","0","超治愈","白魔法","対象：味方全体（控え含む）　効果：HP全回復
包括替补在内的我方全体的体力完全恢复的究极恢复魔法","7080:全治愈者（Lv2）","","22"
"10002","オーバーキュア","白魔法","対象：味方全体（控え含む）　効果：全状態異常回復
控え含む味方全体の状態異常（聖痕・闇穢含む）を回復する究極治療魔法","7080:全テヲ癒ス者（Lv6）","","0","120","0","超愈疗","白魔法","対象：味方全体（控え含む）　効果：全状態異常回復
包括替补在内的我方全体状态异常（包括圣痕・暗秽）完全恢复的究极治疗魔法","7080:全治愈者（Lv6）","","22"
"10003","アンチェインド","白魔法","対象：味方全体（控え含む）　効果：拘束解除
控え含む味方全体を拘束状態から解き放つ究極解除魔法","7080:全テヲ癒ス者（Lv5）","","0","35","0","解缚","白魔法","対象：味方全体（控え含む）　効果：拘束解除
包括替补在内的全体队友从拘束状态中解放的究极解除魔法","7080:全治愈者（Lv5）","","22"
"10004","オーバーレイズ","白魔法","対象：味方全体（控え含む）　効果：完全蘇生
控え含む味方全体を体力全快の状態で復活させる究極蘇生魔法","7080:全テヲ癒ス者（Lv12）","","0","400","0","超复活","白魔法","対象：味方全体（控え含む）　効果：完全蘇生
包括替补在内的全体队友以体力全满的状态复活的究极复活魔法","7080:全治愈者（Lv12）","","22"
"10005","オールリレイズ","白魔法","対象：味方全体　効果：戦闘不能時復活
聖なる加護により、戦闘不能時に自動蘇生するようになる魔法","7080:全テヲ癒ス者（Lv14）","","0","500","0","全体重生","白魔法","対象：味方全体　効果：戦闘不能時復活
神圣的加护使得战斗不能时自动复活","7080:全治愈者（Lv14）","","22"
"10006","オールブレイブ","白魔法","対象：味方全体　効果：SP大回復
勇気を高め全員のSPを大幅に回復させる魔法","7080:全テヲ癒ス者（Lv4）","","0","100","0","全体勇气","白魔法","対象：味方全体　効果：SP大回復
提升勇气，大幅回复全体队友的SP","7080:全治愈者（Lv4）","","22"
"10007","オーバージルオール","白魔法","対象：味方全体（控え含む）　効果：全能力値アップ
控え含む味方全体の能力値をアップさせる究極強化魔法","7080:全テヲ癒ス者（Lv9）","","0","125","0","超全体强化","白魔法","対象：味方全体（控え含む）　効果：全能力値アップ
提升包括替补在内的我方全体的能力值的究极强化魔法","7080:全治愈者（Lv9）","","22"
"10008","救世の念","白魔法","対象：使用者　効果：1ターン魔力・精神力特大アップ
救世の波動で、次のターンの魔力と精神力を爆発的にアップさせる","7080:全テヲ癒ス者（Lv14）","","0","25","0","救世之念","白魔法","対象：使用者　効果：1ターン魔力・精神力特大アップ
救世的波动，使下一回合的魔力和精神力爆发性提升","7080:全治愈者（Lv14）","","22"
"10061","光よりの触手","聖技","威力：４Ｚ（精or器）　対象：敵ランダム8回　属性：修羅・ナノ・永劫　効果：拘束・ヌルヌル
光の根源より召喚した触手器官で敵を蹂躙する触手技","","7454:混沌の精霊（Lv5）","0","150","30","来自光明的触手","圣技","威力：４Ｚ（精or器）　対象：敵ランダム8回　属性：修羅・ナノ・永劫　効果：拘束・ヌルヌル
从光之根源召唤的触手器官蹂躏敌人的触手技","","7454:混沌精灵（Lv5）","26"
"10062","闇よりの触手","闇技","威力：４Ｚ（力or魔or器）　対象：敵ランダム8回　属性：修羅・ナノ・終焉　効果：拘束・ヌルヌル
闇の根源より召喚した触手器官で敵を蹂躙する触手技","","7454:混沌の精霊（Lv5）","25%当前HP","0","30","来自黑暗的触手","暗技","威力：４Ｚ（力or魔or器）　対象：敵ランダム8回　属性：修羅・ナノ・終焉　効果：拘束・ヌルヌル
从暗之根源召唤的触手器官蹂躏敌人的触手技","","7454:混沌精灵（Lv5）","27"
"10066","典雅婉麗人形乱舞","造技","威力：ＺＺ（力or器）　対象：敵単体4回　属性：修羅
典雅にして婉麗なる人形が繰り出す極上の乱舞アーツ","","7434:影、紬ぐ人形（Lv2）","0","0","40","典雅婉丽人偶乱舞","造技","威力：ＺＺ（力or器）　対象：敵単体4回　属性：修羅
典雅而婉丽的人偶施展的极上乱舞技艺","","7434:影、䌷人偶（Lv2）","60"
"10067","コズミックフィールド","造技","威力：Ｚ（魔or器）　対象：敵全体　属性：重力・銀河　効果：スロウ・ストップ
広大な重力場により世界そものを圧壊する混沌奥義","","7434:影、紬ぐ人形（Lv20）","0","180","0","宇宙领域","造技","威力：Ｚ（魔or器）　対象：敵全体　属性：重力・銀河　効果：スロウ・ストップ
广阔的重力场压碎世界的混沌奥义","","7434:影、䌷人偶（Lv20）","60"
"10101","転職の書","特技","対象：パーティ　効果：転職・転種ができる
どんな場所でも転職できる","","","0","0","0","转职之书","特技","対象：パーティ　効果：転職・転種ができる
可以在任何地方转职","","","63"
