"大分类","技能类型ID","技能类型名称","技能类型中文名称","技能ID","技能名称","技能中文名称"
"能力","1","戦技アビリティ","战技能力","52","もがく","挣扎"
"能力","1","戦技アビリティ","战技能力","61","HP10%アップ","HP提升10%"
"能力","1","戦技アビリティ","战技能力","62","HP20%アップ","HP提升20%"
"能力","1","戦技アビリティ","战技能力","63","HP30%アップ","HP提升30%"
"能力","1","戦技アビリティ","战技能力","64","HP40%アップ","HP提升40%"
"能力","1","戦技アビリティ","战技能力","65","HP50%アップ","HP提升50%"
"能力","1","戦技アビリティ","战技能力","66","攻撃力10%アップ","攻击力提升10%"
"能力","1","戦技アビリティ","战技能力","67","攻撃力20%アップ","攻击力提升20%"
"能力","1","戦技アビリティ","战技能力","68","攻撃力30%アップ","攻击力提升30%"
"能力","1","戦技アビリティ","战技能力","69","攻撃力40%アップ","攻击力提升40%"
"能力","1","戦技アビリティ","战技能力","70","攻撃力50%アップ","攻击力提升50%"
"能力","1","戦技アビリティ","战技能力","71","命中率5%アップ","命中率提升5%"
"能力","1","戦技アビリティ","战技能力","72","命中率10%アップ","命中率提升10%"
"能力","1","戦技アビリティ","战技能力","73","命中率20%アップ","命中率提升20%"
"能力","1","戦技アビリティ","战技能力","74","完全必中",""
"能力","1","戦技アビリティ","战技能力","75","会心10%",""
"能力","1","戦技アビリティ","战技能力","76","会心30%",""
"能力","1","戦技アビリティ","战技能力","77","会心50%",""
"能力","1","戦技アビリティ","战技能力","78","完全会心",""
"能力","1","戦技アビリティ","战技能力","79","瀕死時会心アップ","濒死时会心提升"
"能力","1","戦技アビリティ","战技能力","80","瀕死時絶対会心","濒死时绝对会心"
"能力","1","戦技アビリティ","战技能力","81","カウンター10%","反击10%"
"能力","1","戦技アビリティ","战技能力","82","カウンター30%","反击30%"
"能力","1","戦技アビリティ","战技能力","83","カウンター50%","反击50%"
"能力","1","戦技アビリティ","战技能力","84","完全カウンター","完全反击"
"能力","1","戦技アビリティ","战技能力","85","魔法カウンター10%","魔法反击10%"
"能力","1","戦技アビリティ","战技能力","86","魔法カウンター30%","魔法反击30%"
"能力","1","戦技アビリティ","战技能力","87","魔法カウンター50%","魔法反击50%"
"能力","1","戦技アビリティ","战技能力","88","完全魔法カウンター","完全魔法反击"
"能力","1","戦技アビリティ","战技能力","89","究極カウンター","究极反击"
"能力","1","戦技アビリティ","战技能力","90","反撃ミニブースター","反击小增强"
"能力","1","戦技アビリティ","战技能力","91","反撃ブースター","反击增强"
"能力","1","戦技アビリティ","战技能力","92","粘液カウンター","粘液反击"
"能力","1","戦技アビリティ","战技能力","93","消化粘液カウンター","消化粘液反击"
"能力","1","戦技アビリティ","战技能力","94","不屈の闘志","不屈的斗志"
"能力","1","戦技アビリティ","战技能力","95","超不屈の闘志","超不屈的斗志"
"能力","1","戦技アビリティ","战技能力","96","ランブル","狂乱"
"能力","1","戦技アビリティ","战技能力","97","ウォーランブル","战争狂乱"
"能力","1","戦技アビリティ","战技能力","98","孤独ゆえの強さ","因孤独而强大"
"能力","1","戦技アビリティ","战技能力","99","超孤独ゆえの強さ","超因孤独而强大"
"能力","1","戦技アビリティ","战技能力","100","二回攻撃","两次攻击"
"能力","1","戦技アビリティ","战技能力","101","三回攻撃","三次攻击"
"能力","1","戦技アビリティ","战技能力","102","乱れ撃ち","乱击"
"能力","1","戦技アビリティ","战技能力","103","皆伝乱れ撃ち","皆传乱击"
"能力","1","戦技アビリティ","战技能力","104","全体攻撃","全体攻击"
"能力","1","戦技アビリティ","战技能力","105","捨身撃","舍身击"
"能力","1","戦技アビリティ","战技能力","106","魔導撃","魔导击"
"能力","1","戦技アビリティ","战技能力","107","リベンジアタック","复仇攻击"
"能力","1","戦技アビリティ","战技能力","108","ドレインアタック","吸血攻击"
"能力","1","戦技アビリティ","战技能力","109","吸魔撃","吸魔击"
"能力","1","戦技アビリティ","战技能力","110","暗黒","黑暗"
"能力","1","戦技アビリティ","战技能力","111","でたらめ攻撃","胡乱攻击"
"能力","1","戦技アビリティ","战技能力","112","一掃の居合い","一扫而空的一刀"
"能力","1","戦技アビリティ","战技能力","113","必滅の居合い","必灭的一刀"
"能力","1","戦技アビリティ","战技能力","115","人間特攻","人类特攻"
"能力","1","戦技アビリティ","战技能力","116","妖魔特攻",""
"能力","1","戦技アビリティ","战技能力","117","亜人特攻","亚人特攻"
"能力","1","戦技アビリティ","战技能力","118","淫魔特攻",""
"能力","1","戦技アビリティ","战技能力","119","吸血鬼特攻",""
"能力","1","戦技アビリティ","战技能力","120","人魚特攻","人鱼特攻"
"能力","1","戦技アビリティ","战技能力","121","エルフ特攻","精灵特攻"
"能力","1","戦技アビリティ","战技能力","122","妖精特攻",""
"能力","1","戦技アビリティ","战技能力","123","スライム特攻","史莱姆特攻"
"能力","1","戦技アビリティ","战技能力","124","魔獣特攻","魔兽特攻"
"能力","1","戦技アビリティ","战技能力","125","妖狐特攻",""
"能力","1","戦技アビリティ","战技能力","126","ラミア特攻","拉米亚特攻"
"能力","1","戦技アビリティ","战技能力","127","スキュラ特攻","斯库拉特攻"
"能力","1","戦技アビリティ","战技能力","128","ハーピー特攻","对哈比特攻"
"能力","1","戦技アビリティ","战技能力","129","竜特攻","龙特攻"
"能力","1","戦技アビリティ","战技能力","130","陸棲種特攻","陆栖种特攻"
"能力","1","戦技アビリティ","战技能力","131","海棲種特攻","海栖种特攻"
"能力","1","戦技アビリティ","战技能力","132","虫特攻",""
"能力","1","戦技アビリティ","战技能力","133","植物特攻",""
"能力","1","戦技アビリティ","战技能力","134","ゾンビ特攻","僵尸特攻"
"能力","1","戦技アビリティ","战技能力","135","ゴースト特攻","幽灵特攻"
"能力","1","戦技アビリティ","战技能力","136","ドール特攻","人偶特攻"
"能力","1","戦技アビリティ","战技能力","137","キメラ特攻","奇美拉特攻"
"能力","1","戦技アビリティ","战技能力","138","天使特攻",""
"能力","1","戦技アビリティ","战技能力","139","巨体特攻",""
"能力","1","戦技アビリティ","战技能力","140","炎属性付加","炎属性附加"
"能力","1","戦技アビリティ","战技能力","141","氷属性付加","冰属性附加"
"能力","1","戦技アビリティ","战技能力","142","雷属性付加","雷属性附加"
"能力","1","戦技アビリティ","战技能力","143","風属性付加","风属性附加"
"能力","1","戦技アビリティ","战技能力","144","土属性付加","土属性附加"
"能力","1","戦技アビリティ","战技能力","145","水属性付加","水属性附加"
"能力","1","戦技アビリティ","战技能力","146","聖属性付加","圣属性附加"
"能力","1","戦技アビリティ","战技能力","147","闇属性付加","暗属性附加"
"能力","1","戦技アビリティ","战技能力","148","音波属性付加","音波属性附加"
"能力","1","戦技アビリティ","战技能力","149","バイオ属性付加","生化属性附加"
"能力","1","戦技アビリティ","战技能力","150","快楽属性付加","快乐属性附加"
"能力","1","戦技アビリティ","战技能力","151","物理ブースター","物理增强"
"能力","1","戦技アビリティ","战技能力","152","物理ハイブースター","物理高级增强"
"能力","1","戦技アビリティ","战技能力","153","物理エクスブースター","物理极限增强"
"能力","1","戦技アビリティ","战技能力","154","種族特攻ブースター","种族特攻增强"
"能力","1","戦技アビリティ","战技能力","155","種族特攻ハイブースター","种族特攻高级增强"
"能力","1","戦技アビリティ","战技能力","156","種族特攻エクスブースター","种族特攻极限增强"
"能力","1","戦技アビリティ","战技能力","157","通常攻撃ミニブースター","普通攻击小增强"
"能力","1","戦技アビリティ","战技能力","158","通常攻撃ブースター","普通攻击增强"
"能力","1","戦技アビリティ","战技能力","159","通常攻撃ハイブースター","普通攻击高级增强"
"能力","1","戦技アビリティ","战技能力","160","短剣ブースター","短剑增强"
"能力","1","戦技アビリティ","战技能力","161","短剣ハイブースター","短剑高级增强"
"能力","1","戦技アビリティ","战技能力","162","短剣エクスブースター","短剑极限增强"
"能力","1","戦技アビリティ","战技能力","163","剣ブースター","剑增强"
"能力","1","戦技アビリティ","战技能力","164","剣ハイブースター","剑高级增强"
"能力","1","戦技アビリティ","战技能力","165","剣エクスブースター","剑极限增强"
"能力","1","戦技アビリティ","战技能力","166","尖剣ブースター","尖剑增强"
"能力","1","戦技アビリティ","战技能力","167","尖剣ハイブースター","尖剑高级增强"
"能力","1","戦技アビリティ","战技能力","168","尖剣エクスブースター","尖剑极限增强"
"能力","1","戦技アビリティ","战技能力","169","槍ブースター","枪增强"
"能力","1","戦技アビリティ","战技能力","170","槍ハイブースター","枪高级增强"
"能力","1","戦技アビリティ","战技能力","171","槍エクスブースター","枪极限增强"
"能力","1","戦技アビリティ","战技能力","172","刀ブースター","刀增强"
"能力","1","戦技アビリティ","战技能力","173","刀ハイブースター","刀高级增强"
"能力","1","戦技アビリティ","战技能力","174","刀エクスブースター","刀极限增强"
"能力","1","戦技アビリティ","战技能力","175","忍者刀ブースター","忍者刀增强"
"能力","1","戦技アビリティ","战技能力","176","忍者刀ハイブースター","忍者刀高级增强"
"能力","1","戦技アビリティ","战技能力","177","忍者刀エクスブースター","忍者刀极限增强"
"能力","1","戦技アビリティ","战技能力","178","拳ブースター","拳增强"
"能力","1","戦技アビリティ","战技能力","179","拳ハイブースター","拳高级增强"
"能力","1","戦技アビリティ","战技能力","180","拳エクスブースター","拳极限增强"
"能力","1","戦技アビリティ","战技能力","181","牙ブースター","牙增强"
"能力","1","戦技アビリティ","战技能力","182","牙ハイブースター","牙高级增强"
"能力","1","戦技アビリティ","战技能力","183","牙エクスブースター","牙极限增强"
"能力","1","戦技アビリティ","战技能力","184","斧ブースター","斧增强"
"能力","1","戦技アビリティ","战技能力","185","斧ハイブースター","斧高级增强"
"能力","1","戦技アビリティ","战技能力","186","斧エクスブースター","斧极限增强"
"能力","1","戦技アビリティ","战技能力","187","棍ブースター","棍增强"
"能力","1","戦技アビリティ","战技能力","188","棍ハイブースター","棍高级增强"
"能力","1","戦技アビリティ","战技能力","189","棍エクスブースター","棍极限增强"
"能力","1","戦技アビリティ","战技能力","190","鎌ブースター","镰增强"
"能力","1","戦技アビリティ","战技能力","191","鎌ハイブースター","镰高级增强"
"能力","1","戦技アビリティ","战技能力","192","鎌エクスブースター","镰极限增强"
"能力","1","戦技アビリティ","战技能力","193","弓矢ブースター","弓箭增强"
"能力","1","戦技アビリティ","战技能力","194","弓矢ハイブースター","弓箭高级增强"
"能力","1","戦技アビリティ","战技能力","195","弓矢エクスブースター","弓箭极限增强"
"能力","1","戦技アビリティ","战技能力","196","鞭ブースター","鞭增强"
"能力","1","戦技アビリティ","战技能力","197","鞭ハイブースター","鞭高级增强"
"能力","1","戦技アビリティ","战技能力","198","鞭エクスブースター","鞭极限增强"
"能力","1","戦技アビリティ","战技能力","199","ブーメランブースター","回旋镖增强"
"能力","1","戦技アビリティ","战技能力","200","ブーメランハイブースター","回旋镖高级增强"
"能力","1","戦技アビリティ","战技能力","201","ブーメランエクスブースター","回旋镖极限增强"
"能力","1","戦技アビリティ","战技能力","202","鉄球ブースター","铁球增强"
"能力","1","戦技アビリティ","战技能力","203","鉄球ハイブースター","铁球高级增强"
"能力","1","戦技アビリティ","战技能力","204","鉄球エクスブースター","铁球极限增强"
"能力","1","戦技アビリティ","战技能力","205","扇ブースター","扇增强"
"能力","1","戦技アビリティ","战技能力","206","扇ハイブースター","扇高级增强"
"能力","1","戦技アビリティ","战技能力","207","扇エクスブースター","扇极限增强"
"能力","1","戦技アビリティ","战技能力","208","銃ブースター","铳增强"
"能力","1","戦技アビリティ","战技能力","209","銃ハイブースター","铳高级增强"
"能力","1","戦技アビリティ","战技能力","210","銃エクスブースター","铳极限增强"
"能力","1","戦技アビリティ","战技能力","211","「短剣」装備可能","可以装备「短剑」"
"能力","1","戦技アビリティ","战技能力","212","「剣」装備可能","可以装备「剑」"
"能力","1","戦技アビリティ","战技能力","213","「巨剣」装備可能","可以装备「巨剑」"
"能力","1","戦技アビリティ","战技能力","214","「尖剣」装備可能","可以装备「尖剑」"
"能力","1","戦技アビリティ","战技能力","215","「槍」装備可能","可以装备「枪」"
"能力","1","戦技アビリティ","战技能力","216","「刀」装備可能","可以装备「刀」"
"能力","1","戦技アビリティ","战技能力","217","「忍者刀」装備可能","可以装备「忍者刀」"
"能力","1","戦技アビリティ","战技能力","218","「拳」装備可能","可以装备「拳」"
"能力","1","戦技アビリティ","战技能力","219","「牙」装備可能","可以装备「牙」"
"能力","1","戦技アビリティ","战技能力","220","「斧」装備可能","可以装备「斧」"
"能力","1","戦技アビリティ","战技能力","221","「棍」装備可能","可以装备「棍」"
"能力","1","戦技アビリティ","战技能力","222","「鎌」装備可能","可以装备「镰」"
"能力","1","戦技アビリティ","战技能力","223","「弓矢」装備可能","可以装备「弓箭」"
"能力","1","戦技アビリティ","战技能力","224","「鞭」装備可能","可以装备「鞭」"
"能力","1","戦技アビリティ","战技能力","225","「ブーメラン」装備可能","可以装备「回旋镖」"
"能力","1","戦技アビリティ","战技能力","226","「鉄球」装備可能","可以装备「铁球」"
"能力","1","戦技アビリティ","战技能力","227","「扇」装備可能","可以装备「扇」"
"能力","1","戦技アビリティ","战技能力","228","「銃」装備可能","可以装备「铳」"
"能力","1","戦技アビリティ","战技能力","229","「短剣技」使用可能","「短剑技」可以使用"
"能力","1","戦技アビリティ","战技能力","230","「剣技」使用可能","「剑技」可以使用"
"能力","1","戦技アビリティ","战技能力","231","「尖剣技」使用可能","「尖剑技」可以使用"
"能力","1","戦技アビリティ","战技能力","232","「刀技」使用可能",""
"能力","1","戦技アビリティ","战技能力","233","「槍技」使用可能","「枪技」可以使用"
"能力","1","戦技アビリティ","战技能力","234","「斧技」使用可能",""
"能力","1","戦技アビリティ","战技能力","235","「棍技」使用可能",""
"能力","1","戦技アビリティ","战技能力","236","「鎌技」使用可能","「镰技」可以使用"
"能力","1","戦技アビリティ","战技能力","237","「弓技」使用可能",""
"能力","1","戦技アビリティ","战技能力","238","「鞭技」使用可能",""
"能力","1","戦技アビリティ","战技能力","239","「投擲技」使用可能","「投掷技」可以使用"
"能力","1","戦技アビリティ","战技能力","240","「鉄球技」使用可能","「铁球技」可以使用"
"能力","1","戦技アビリティ","战技能力","241","「扇技」使用可能",""
"能力","1","戦技アビリティ","战技能力","242","「銃技」使用可能","「铳技」可以使用"
"能力","1","戦技アビリティ","战技能力","243","「多武器技」使用可能",""
"能力","1","戦技アビリティ","战技能力","244","「格闘」使用可能","「格斗」可以使用"
"能力","1","戦技アビリティ","战技能力","245","武技二連続発動",""
"能力","1","戦技アビリティ","战技能力","3224","ランダム：闇の罰ゲーム1",""
"能力","1","戦技アビリティ","战技能力","3225","ランダム：闇の罰ゲーム2",""
"能力","1","戦技アビリティ","战技能力","4942","触手全身責め","触手全身责备"
"能力","1","戦技アビリティ","战技能力","4943","触手乳首責め","触手乳头责备"
"能力","1","戦技アビリティ","战技能力","4944","触手乳首責め","触手乳头责备"
"能力","1","戦技アビリティ","战技能力","4945","触手股間責め","触手胯下责备"
"能力","1","戦技アビリティ","战技能力","4946","触手股間責め","触手胯下责备"
"能力","1","戦技アビリティ","战技能力","4947","触手アナル責め","触手肛门责备"
"能力","1","戦技アビリティ","战技能力","5054","ヌルヌル触手全身責め","黏滑触手全身责罚"
"能力","1","戦技アビリティ","战技能力","5055","ヌルヌル触手股間責め","黏滑触手股间责罚"
"能力","1","戦技アビリティ","战技能力","5056","ヌルヌル触手股間責め","黏滑触手股间责罚"
"能力","1","戦技アビリティ","战技能力","6301","HP75%アップ","HP提升75%"
"能力","1","戦技アビリティ","战技能力","6302","HP100%アップ","HP提升100%"
"能力","1","戦技アビリティ","战技能力","6303","HP150%アップ","HP提升150%"
"能力","1","戦技アビリティ","战技能力","6304","HP200%アップ","HP提升200%"
"能力","1","戦技アビリティ","战技能力","6305","/HP300%アップ",""
"能力","1","戦技アビリティ","战技能力","6306","攻撃力75%アップ","攻击力提升75%"
"能力","1","戦技アビリティ","战技能力","6307","攻撃力100%アップ","攻击力提升100%"
"能力","1","戦技アビリティ","战技能力","6308","攻撃力150%アップ","攻击力提升150%"
"能力","1","戦技アビリティ","战技能力","6309","攻撃力200%アップ","攻击力提升200%"
"能力","1","戦技アビリティ","战技能力","6310","/攻撃力300%アップ",""
"能力","1","戦技アビリティ","战技能力","6311","命中率50%アップ","命中率提升50%"
"能力","1","戦技アビリティ","战技能力","6312","会心75%","会心率75%"
"能力","1","戦技アビリティ","战技能力","6313","会心ダメージ25%アップ","会心伤害提升25%"
"能力","1","戦技アビリティ","战技能力","6314","会心ダメージ50%アップ","会心伤害提升50%"
"能力","1","戦技アビリティ","战技能力","6315","会心ダメージ100%アップ","会心伤害提升100%"
"能力","1","戦技アビリティ","战技能力","6316","会心ダメージ200%アップ","会心伤害提升200%"
"能力","1","戦技アビリティ","战技能力","6317","/会心ダメージ300%アップ",""
"能力","1","戦技アビリティ","战技能力","6318","カウンター75%","反击75%"
"能力","1","戦技アビリティ","战技能力","6319","魔法カウンター75%","魔法反击75%"
"能力","1","戦技アビリティ","战技能力","6320","万能カウンター10%","万能反击10%"
"能力","1","戦技アビリティ","战技能力","6321","万能カウンター30%","万能反击30%"
"能力","1","戦技アビリティ","战技能力","6322","万能カウンター50%","万能反击50%"
"能力","1","戦技アビリティ","战技能力","6323","万能カウンター75%","万能反击75%"
"能力","1","戦技アビリティ","战技能力","6324","完全万能カウンター","完全万能反击"
"能力","1","戦技アビリティ","战技能力","6325","反撃ハイブースター","反击高级增强"
"能力","1","戦技アビリティ","战技能力","6326","反撃エクスブースター","反击极限增强"
"能力","1","戦技アビリティ","战技能力","6327","反撃ゴッドブースター","反击神级增强"
"能力","1","戦技アビリティ","战技能力","6328","ドレインカウンター","吸血反击"
"能力","1","戦技アビリティ","战技能力","6329","/極不屈の闘志",""
"能力","1","戦技アビリティ","战技能力","6330","/極孤独ゆえの強さ",""
"能力","1","戦技アビリティ","战技能力","6331","みなぎる活力","充盈的活力"
"能力","1","戦技アビリティ","战技能力","6332","超みなぎる活力","超充盈的活力"
"能力","1","戦技アビリティ","战技能力","6333","ヘビィアタック","重攻击"
"能力","1","戦技アビリティ","战技能力","6334","物理コンバーター","物理转换器"
"能力","1","戦技アビリティ","战技能力","6335","渾身の一撃","全力一击"
"能力","1","戦技アビリティ","战技能力","6336","超渾身の一撃","超浑身一击"
"能力","1","戦技アビリティ","战技能力","6337","極渾身の一撃","极浑身一击"
"能力","1","戦技アビリティ","战技能力","6338","/神渾身の一撃",""
"能力","1","戦技アビリティ","战技能力","6339","ヒートアップコンボ","热力连击"
"能力","1","戦技アビリティ","战技能力","6340","超ヒートアップコンボ","超热力连击"
"能力","1","戦技アビリティ","战技能力","6341","極ヒートアップコンボ","极热力连击"
"能力","1","戦技アビリティ","战技能力","6342","/神ヒートアップコンボ",""
"能力","1","戦技アビリティ","战技能力","6343","武技SPバースト","武技SP爆发"
"能力","1","戦技アビリティ","战技能力","6344","武技SPハイバースト","武技SP超爆发"
"能力","1","戦技アビリティ","战技能力","6345","体力低下時武技強化","体力降低时武技强化"
"能力","1","戦技アビリティ","战技能力","6346","体力低下時武技超強化","体力降低时武技超强化"
"能力","1","戦技アビリティ","战技能力","6347","強敵との対峙","与强敌对峙"
"能力","1","戦技アビリティ","战技能力","6348","勇者の挑戦","勇者的挑战"
"能力","1","戦技アビリティ","战技能力","6349","真・勇者の挑戦","真・勇者的挑战"
"能力","1","戦技アビリティ","战技能力","6350","獅子奮迅","狮子奋迅"
"能力","1","戦技アビリティ","战技能力","6351","一騎当千","一骑当千"
"能力","1","戦技アビリティ","战技能力","6352","真・一騎当千","真・一骑当千"
"能力","1","戦技アビリティ","战技能力","6353","クリティカルナイフ","致命小刀"
"能力","1","戦技アビリティ","战技能力","6354","クリティカルランス","致命长枪"
"能力","1","戦技アビリティ","战技能力","6355","クリティカルレイピア","致命细剑"
"能力","1","戦技アビリティ","战技能力","6356","クリティカルアックス","致命斧"
"能力","1","戦技アビリティ","战技能力","6357","クリティカルハンマー","致命锤击"
"能力","1","戦技アビリティ","战技能力","6358","クリティカルシックル","致命镰刀"
"能力","1","戦技アビリティ","战技能力","6359","クリティカルアロー","致命箭"
"能力","1","戦技アビリティ","战技能力","6360","クリティカルフレイル","致命铁球"
"能力","1","戦技アビリティ","战技能力","6361","クリティカルファン","致命扇"
"能力","1","戦技アビリティ","战技能力","6362","クリティカルバレット","致命子弹"
"能力","1","戦技アビリティ","战技能力","6363","落鳳","落凤"
"能力","1","戦技アビリティ","战技能力","6364","毒殺し","毒杀"
"能力","1","戦技アビリティ","战技能力","6365","闇を支配する者のレイピア","支配黑暗者的细剑"
"能力","1","戦技アビリティ","战技能力","6366","ヌルヌル殺しの刃","黏滑杀手的刀刃"
"能力","1","戦技アビリティ","战技能力","6367","暗闇からの槍先","来自黑暗的枪"
"能力","1","戦技アビリティ","战技能力","6368","暗闇からの斧撃","来自黑暗的斧击"
"能力","1","戦技アビリティ","战技能力","6369","追い打ちの鞭","追击的鞭子"
"能力","1","戦技アビリティ","战技能力","6370","快楽昇天の鞭","快乐升天的鞭子"
"能力","1","戦技アビリティ","战技能力","6371","粘度反応ブーメラン","粘度反应回旋镖"
"能力","1","戦技アビリティ","战技能力","6372","重刃必殺","重刃必杀"
"能力","1","戦技アビリティ","战技能力","6373","時刻みの拳","时刻之拳"
"能力","1","戦技アビリティ","战技能力","6374","快楽昇天の拳","快乐升天的拳"
"能力","1","戦技アビリティ","战技能力","6375","長物断ちのナイフ","长物斩断的小刀"
"能力","1","戦技アビリティ","战技能力","6376","勇気ある者の剣","勇者的剑"
"能力","1","戦技アビリティ","战技能力","6377","勇気を極めた剣","极致勇气的剑"
"能力","1","戦技アビリティ","战技能力","6378","必殺竜撃","必杀龙击"
"能力","1","戦技アビリティ","战技能力","6379","高貴なる決闘","高贵的决斗"
"能力","1","戦技アビリティ","战技能力","6380","破邪の刃","破邪之刃"
"能力","1","戦技アビリティ","战技能力","6381","蛇殺しの刃","蛇杀之刃"
"能力","1","戦技アビリティ","战技能力","6382","斬鉄","斩铁"
"能力","1","戦技アビリティ","战技能力","6383","鳥刺しの槍","刺鸟之枪"
"能力","1","戦技アビリティ","战技能力","6384","大樹断ちの斧","大树斩斧"
"能力","1","戦技アビリティ","战技能力","6385","スライム潰しの棍","史莱姆粉碎棍"
"能力","1","戦技アビリティ","战技能力","6386","使役者の鎌","使役者之镰"
"能力","1","戦技アビリティ","战技能力","6387","混沌を狩る鎌","混沌猎镰"
"能力","1","戦技アビリティ","战技能力","6388","獣狩りの矢","猎兽之矢"
"能力","1","戦技アビリティ","战技能力","6389","人狩りの矢","猎人之矢"
"能力","1","戦技アビリティ","战技能力","6390","アルフの弓技","亚尔夫的弓技"
"能力","1","戦技アビリティ","战技能力","6391","アンゴルモアの弓技","安哥尔摩亚的弓技"
"能力","1","戦技アビリティ","战技能力","6392","対カオス投射兵器","对混沌投射武器"
"能力","1","戦技アビリティ","战技能力","6393","獣狩りの鞭","猎兽之鞭"
"能力","1","戦技アビリティ","战技能力","6394","竜狩りの鞭","屠龙鞭"
"能力","1","戦技アビリティ","战技能力","6395","対LSサバイバルブーメラン","对LS生存回旋镖"
"能力","1","戦技アビリティ","战技能力","6396","対IPサバイバルブーメラン","对IP生存回旋镖"
"能力","1","戦技アビリティ","战技能力","6397","甲殻潰しの鉄球","破甲铁球"
"能力","1","戦技アビリティ","战技能力","6398","触手殺しの鉄球","触手杀手的铁球"
"能力","1","戦技アビリティ","战技能力","6399","扇舞決闘","扇舞决斗"
"能力","1","戦技アビリティ","战技能力","6400","自然破壊の弾丸","自然破坏弹丸"
"能力","1","戦技アビリティ","战技能力","6401","軟体殺刃","软体杀刃"
"能力","1","戦技アビリティ","战技能力","6402","竜滅の拳","龙灭之拳"
"能力","1","戦技アビリティ","战技能力","6403","成仏拳","成佛拳"
"能力","1","戦技アビリティ","战技能力","6404","光を断つ勇技","断光勇技"
"能力","1","戦技アビリティ","战技能力","6405","闇を断つ勇技","断暗勇技"
"能力","1","戦技アビリティ","战技能力","6406","猛毒のナイフ","剧毒之小刀"
"能力","1","戦技アビリティ","战技能力","6407","弱体剣技","弱化剑技"
"能力","1","戦技アビリティ","战技能力","6408","機先の剣","先机之剑"
"能力","1","戦技アビリティ","战技能力","6409","絶命の刃","绝命之刃"
"能力","1","戦技アビリティ","战技能力","6410","足止めの火矢","止步之火矢"
"能力","1","戦技アビリティ","战技能力","6411","猛毒のブーメラン","猛毒之回旋镖"
"能力","1","戦技アビリティ","战技能力","6412","アンチガードバレット","反防御子弹"
"能力","1","戦技アビリティ","战技能力","6413","重刃圧倒","重刃压倒"
"能力","1","戦技アビリティ","战技能力","6414","昇天拳","升天拳"
"能力","1","戦技アビリティ","战技能力","6415","神槍","神枪"
"能力","1","戦技アビリティ","战技能力","6416","邪剣","邪剑"
"能力","1","戦技アビリティ","战技能力","6417","修羅の刃","修罗之刃"
"能力","1","戦技アビリティ","战技能力","6418","修羅の弾丸","修罗之弹"
"能力","1","戦技アビリティ","战技能力","6419","目潰しの武技","致盲武技"
"能力","1","戦技アビリティ","战技能力","6420","時を紡ぐ拳","纺时之拳"
"能力","1","戦技アビリティ","战技能力","6421","チェイン・フルーレ","链・弗雷"
"能力","1","戦技アビリティ","战技能力","6422","チェイン・ノイエ","链・诺伊"
"能力","1","戦技アビリティ","战技能力","6423","チェイン・グランテ","链・格兰特"
"能力","1","戦技アビリティ","战技能力","6424","残心",""
"能力","1","戦技アビリティ","战技能力","6425","常時肉斬骨断","常时肉斩骨断"
"能力","1","戦技アビリティ","战技能力","6426","オート聖槍発動","自动圣枪发动"
"能力","1","戦技アビリティ","战技能力","6427","オーバーウェイト","超重"
"能力","1","戦技アビリティ","战技能力","6428","エクセリオン・クリア","火凤凰・清除"
"能力","1","戦技アビリティ","战技能力","6429","接触的侵蝕","接触性侵蚀"
"能力","1","戦技アビリティ","战技能力","6430","精神的侵蝕","精神性侵蚀"
"能力","1","戦技アビリティ","战技能力","6431","天軍逆撃","天军逆击"
"能力","1","戦技アビリティ","战技能力","6432","明星伏撃","明星伏击"
"能力","1","戦技アビリティ","战技能力","6433","巨人の暴虐","巨人的暴虐"
"能力","1","戦技アビリティ","战技能力","6434","戦の火蓋","战火揭幕"
"能力","1","戦技アビリティ","战技能力","6435","大戦の火蓋","大战揭幕"
"能力","1","戦技アビリティ","战技能力","6436","溜め持続","蓄力持续"
"能力","1","戦技アビリティ","战技能力","6437","溜め超持続","蓄力超持续"
"能力","1","戦技アビリティ","战技能力","6438","二重溜め","双重蓄力"
"能力","1","戦技アビリティ","战技能力","6439","プレスコンボ","压力连击"
"能力","1","戦技アビリティ","战技能力","6440","四回攻撃","四次攻击"
"能力","1","戦技アビリティ","战技能力","6441","六回攻撃","六次攻击"
"能力","1","戦技アビリティ","战技能力","6442","十六連乱れ撃ち","十六连乱击"
"能力","1","戦技アビリティ","战技能力","6443","滅捨身撃","灭舍身击"
"能力","1","戦技アビリティ","战技能力","6444","銀河属性付加","银河属性附加"
"能力","1","戦技アビリティ","战技能力","6445","修羅属性付加","修罗属性附加"
"能力","1","戦技アビリティ","战技能力","6446","ナイトメア属性付加","噩梦属性附加"
"能力","1","戦技アビリティ","战技能力","6447","核熱属性付加","核热属性附加"
"能力","1","戦技アビリティ","战技能力","6448","量子属性付加","量子属性附加"
"能力","1","戦技アビリティ","战技能力","6449","イオン属性付加","离子属性附加"
"能力","1","戦技アビリティ","战技能力","6450","ハドロン属性付加","强子属性附加"
"能力","1","戦技アビリティ","战技能力","6451","テラ属性付加","大地属性附加"
"能力","1","戦技アビリティ","战技能力","6452","ナノ属性付加","纳米属性附加"
"能力","1","戦技アビリティ","战技能力","6453","永劫属性付加","永劫属性附加"
"能力","1","戦技アビリティ","战技能力","6454","終焉属性付加","终焉属性附加"
"能力","1","戦技アビリティ","战技能力","6455","ヌル属性付加","空属性附加"
"能力","1","戦技アビリティ","战技能力","6456","/人間大特攻",""
"能力","1","戦技アビリティ","战技能力","6457","/人間超特攻",""
"能力","1","戦技アビリティ","战技能力","6458","/妖魔大特攻",""
"能力","1","戦技アビリティ","战技能力","6459","/妖魔超特攻",""
"能力","1","戦技アビリティ","战技能力","6460","/亜人大特攻",""
"能力","1","戦技アビリティ","战技能力","6461","/亜人超特攻",""
"能力","1","戦技アビリティ","战技能力","6462","/淫魔大特攻",""
"能力","1","戦技アビリティ","战技能力","6463","/淫魔超特攻",""
"能力","1","戦技アビリティ","战技能力","6464","/吸血鬼大特攻",""
"能力","1","戦技アビリティ","战技能力","6465","/吸血鬼超特攻",""
"能力","1","戦技アビリティ","战技能力","6466","/人魚大特攻",""
"能力","1","戦技アビリティ","战技能力","6467","/人魚超特攻",""
"能力","1","戦技アビリティ","战技能力","6468","/エルフ大特攻",""
"能力","1","戦技アビリティ","战技能力","6469","/エルフ超特攻",""
"能力","1","戦技アビリティ","战技能力","6470","/妖精大特攻",""
"能力","1","戦技アビリティ","战技能力","6471","/妖精超特攻",""
"能力","1","戦技アビリティ","战技能力","6472","/スライム大特攻",""
"能力","1","戦技アビリティ","战技能力","6473","/スライム超特攻",""
"能力","1","戦技アビリティ","战技能力","6474","/魔獣大特攻",""
"能力","1","戦技アビリティ","战技能力","6475","/魔獣超特攻",""
"能力","1","戦技アビリティ","战技能力","6476","/妖狐大特攻",""
"能力","1","戦技アビリティ","战技能力","6477","/妖狐超特攻",""
"能力","1","戦技アビリティ","战技能力","6478","/ラミア大特攻",""
"能力","1","戦技アビリティ","战技能力","6479","/ラミア超特攻",""
"能力","1","戦技アビリティ","战技能力","6480","/スキュラ大特攻",""
"能力","1","戦技アビリティ","战技能力","6481","/スキュラ超特攻",""
"能力","1","戦技アビリティ","战技能力","6482","/ハーピー大特攻",""
"能力","1","戦技アビリティ","战技能力","6483","/ハーピー超特攻",""
"能力","1","戦技アビリティ","战技能力","6484","/竜大特攻",""
"能力","1","戦技アビリティ","战技能力","6485","/竜超特攻",""
"能力","1","戦技アビリティ","战技能力","6486","/陸棲種大特攻",""
"能力","1","戦技アビリティ","战技能力","6487","/陸棲種超特攻",""
"能力","1","戦技アビリティ","战技能力","6488","/海棲種大特攻",""
"能力","1","戦技アビリティ","战技能力","6489","/海棲種超特攻",""
"能力","1","戦技アビリティ","战技能力","6490","/虫大特攻",""
"能力","1","戦技アビリティ","战技能力","6491","/虫超特攻",""
"能力","1","戦技アビリティ","战技能力","6492","/植物大特攻",""
"能力","1","戦技アビリティ","战技能力","6493","/植物超特攻",""
"能力","1","戦技アビリティ","战技能力","6494","/ゾンビ大特攻",""
"能力","1","戦技アビリティ","战技能力","6495","/ゾンビ超特攻",""
"能力","1","戦技アビリティ","战技能力","6496","/ゴースト大特攻",""
"能力","1","戦技アビリティ","战技能力","6497","/ゴースト超特攻",""
"能力","1","戦技アビリティ","战技能力","6498","/ドール大特攻",""
"能力","1","戦技アビリティ","战技能力","6499","/ドール超特攻",""
"能力","1","戦技アビリティ","战技能力","6500","/キメラ大特攻",""
"能力","1","戦技アビリティ","战技能力","6501","/キメラ超特攻",""
"能力","1","戦技アビリティ","战技能力","6502","/天使大特攻",""
"能力","1","戦技アビリティ","战技能力","6503","/天使超特攻",""
"能力","1","戦技アビリティ","战技能力","6504","/巨体大特攻",""
"能力","1","戦技アビリティ","战技能力","6505","/巨体超特攻",""
"能力","1","戦技アビリティ","战技能力","6506","ロイド特攻","机器人特攻"
"能力","1","戦技アビリティ","战技能力","6507","/ロイド大特攻",""
"能力","1","戦技アビリティ","战技能力","6508","/ロイド超特攻",""
"能力","1","戦技アビリティ","战技能力","6509","アポトーシス特攻","凋零者特攻"
"能力","1","戦技アビリティ","战技能力","6510","混沌中和",""
"能力","1","戦技アビリティ","战技能力","6511","/アポトーシス超特攻",""
"能力","1","戦技アビリティ","战技能力","6512","飛行特攻","飞行特攻"
"能力","1","戦技アビリティ","战技能力","6513","/飛行大特攻",""
"能力","1","戦技アビリティ","战技能力","6514","/飛行超特攻",""
"能力","1","戦技アビリティ","战技能力","6515","魔王特攻",""
"能力","1","戦技アビリティ","战技能力","6516","/魔王大特攻",""
"能力","1","戦技アビリティ","战技能力","6517","/魔王超特攻",""
"能力","1","戦技アビリティ","战技能力","6518","神特攻",""
"能力","1","戦技アビリティ","战技能力","6519","/神大特攻",""
"能力","1","戦技アビリティ","战技能力","6520","/神超特攻",""
"能力","1","戦技アビリティ","战技能力","6521","ボス特攻15%","BOSS特攻15%"
"能力","1","戦技アビリティ","战技能力","6522","ボス特攻30%","BOSS特攻30%"
"能力","1","戦技アビリティ","战技能力","6523","ボス特攻50%","BOSS特攻50%"
"能力","1","戦技アビリティ","战技能力","6524","ボス特攻75%","BOSS特攻75%"
"能力","1","戦技アビリティ","战技能力","6525","ボス特攻100%","BOSS特攻100%"
"能力","1","戦技アビリティ","战技能力","6526","物理オーバーブースター","物理超增强"
"能力","1","戦技アビリティ","战技能力","6527","/物理ブースター",""
"能力","1","戦技アビリティ","战技能力","6528","/物理ブースター",""
"能力","1","戦技アビリティ","战技能力","6529","/物理ブースター",""
"能力","1","戦技アビリティ","战技能力","6530","種族特攻オーバーブースター","种族特攻超增强"
"能力","1","戦技アビリティ","战技能力","6531","/種族特攻ブースター",""
"能力","1","戦技アビリティ","战技能力","6532","/種族特攻ブースター",""
"能力","1","戦技アビリティ","战技能力","6533","/種族特攻ブースター",""
"能力","1","戦技アビリティ","战技能力","6534","状態異常特攻ブースター","状态异常特攻增强"
"能力","1","戦技アビリティ","战技能力","6535","状態異常特攻ハイブースター","状态异常特攻高级增强"
"能力","1","戦技アビリティ","战技能力","6536","状態異常特攻エクスブースター","状态异常特攻极限增强"
"能力","1","戦技アビリティ","战技能力","6537","状態異常特攻オーバーブースター","状态异常特攻超增强"
"能力","1","戦技アビリティ","战技能力","6538","/状態異常特攻ブースター",""
"能力","1","戦技アビリティ","战技能力","6539","/状態異常特攻ブースター",""
"能力","1","戦技アビリティ","战技能力","6540","修羅ブースター","修罗增强"
"能力","1","戦技アビリティ","战技能力","6541","修羅ハイブースター","修罗高级增强"
"能力","1","戦技アビリティ","战技能力","6542","修羅エクスブースター","修罗极限增强"
"能力","1","戦技アビリティ","战技能力","6543","修羅オーバーブースター","修罗超增强"
"能力","1","戦技アビリティ","战技能力","6544","/修羅ブースター",""
"能力","1","戦技アビリティ","战技能力","6545","/修羅ブースター",""
"能力","1","戦技アビリティ","战技能力","6546","/修羅ブースター",""
"能力","1","戦技アビリティ","战技能力","6547","通常攻撃エクスブースター","普通攻击极限增强"
"能力","1","戦技アビリティ","战技能力","6548","/通常攻撃ゴッドブースター",""
"能力","1","戦技アビリティ","战技能力","6549","/通常攻撃ブースター",""
"能力","1","戦技アビリティ","战技能力","6550","短剣オーバーブースター","短剑超增强"
"能力","1","戦技アビリティ","战技能力","6551","剣オーバーブースター","剑超增强"
"能力","1","戦技アビリティ","战技能力","6552","尖剣オーバーブースター","尖剑超增强"
"能力","1","戦技アビリティ","战技能力","6553","槍オーバーブースター","枪超增强"
"能力","1","戦技アビリティ","战技能力","6554","刀オーバーブースター","刀超增强"
"能力","1","戦技アビリティ","战技能力","6555","忍者刀オーバーブースター","忍者刀超增强"
"能力","1","戦技アビリティ","战技能力","6556","拳オーバーブースター","拳超增强"
"能力","1","戦技アビリティ","战技能力","6557","牙オーバーブースター","牙超增强"
"能力","1","戦技アビリティ","战技能力","6558","斧オーバーブースター","斧超增强"
"能力","1","戦技アビリティ","战技能力","6559","棍オーバーブースター","棍超增强"
"能力","1","戦技アビリティ","战技能力","6560","鎌オーバーブースター","镰超增强"
"能力","1","戦技アビリティ","战技能力","6561","弓矢オーバーブースター","弓箭超增强"
"能力","1","戦技アビリティ","战技能力","6562","鞭オーバーブースター","鞭超增强"
"能力","1","戦技アビリティ","战技能力","6563","ブーメランオーバーブースター","回旋镖超增强"
"能力","1","戦技アビリティ","战技能力","6564","鉄球オーバーブースター","铁球超增强"
"能力","1","戦技アビリティ","战技能力","6565","扇オーバーブースター","扇超增强"
"能力","1","戦技アビリティ","战技能力","6566","銃オーバーブースター","铳超增强"
"能力","1","戦技アビリティ","战技能力","6567","短剣技ハイブースター","短剑技高级增强"
"能力","1","戦技アビリティ","战技能力","6568","短剣技エクスブースター","短剑技极限增强"
"能力","1","戦技アビリティ","战技能力","6569","短剣技オーバーブースター","短剑技超增强"
"能力","1","戦技アビリティ","战技能力","6570","/短剣技ブースター",""
"能力","1","戦技アビリティ","战技能力","6571","/短剣技ブースター",""
"能力","1","戦技アビリティ","战技能力","6572","/短剣技ブースター",""
"能力","1","戦技アビリティ","战技能力","6573","剣技ハイブースター","剑技高级增强"
"能力","1","戦技アビリティ","战技能力","6574","剣技エクスブースター","剑技极限增强"
"能力","1","戦技アビリティ","战技能力","6575","剣技オーバーブースター","剑技超增强"
"能力","1","戦技アビリティ","战技能力","6576","/剣技ブースター",""
"能力","1","戦技アビリティ","战技能力","6577","/剣技ブースター",""
"能力","1","戦技アビリティ","战技能力","6578","/剣技ブースター",""
"能力","1","戦技アビリティ","战技能力","6579","尖剣技ハイブースター","尖剑技高级增强"
"能力","1","戦技アビリティ","战技能力","6580","尖剣技エクスブースター","尖剑技极限增强"
"能力","1","戦技アビリティ","战技能力","6581","尖剣技オーバーブースター","尖剑技超增强"
"能力","1","戦技アビリティ","战技能力","6582","/尖剣技ブースター",""
"能力","1","戦技アビリティ","战技能力","6583","/尖剣技ブースター",""
"能力","1","戦技アビリティ","战技能力","6584","/尖剣技ブースター",""
"能力","1","戦技アビリティ","战技能力","6585","刀技ハイブースター","刀技高级增强"
"能力","1","戦技アビリティ","战技能力","6586","刀技エクスブースター","刀技极限增强"
"能力","1","戦技アビリティ","战技能力","6587","刀技オーバーブースター","刀技超增强"
"能力","1","戦技アビリティ","战技能力","6588","/刀技ブースター",""
"能力","1","戦技アビリティ","战技能力","6589","/刀技ブースター",""
"能力","1","戦技アビリティ","战技能力","6590","/刀技ブースター",""
"能力","1","戦技アビリティ","战技能力","6591","槍技ハイブースター","枪技高级增强"
"能力","1","戦技アビリティ","战技能力","6592","槍技エクスブースター","枪技极限增强"
"能力","1","戦技アビリティ","战技能力","6593","槍技オーバーブースター","枪技超增强"
"能力","1","戦技アビリティ","战技能力","6594","/槍技ブースター",""
"能力","1","戦技アビリティ","战技能力","6595","/槍技ブースター",""
"能力","1","戦技アビリティ","战技能力","6596","/槍技ブースター",""
"能力","1","戦技アビリティ","战技能力","6597","斧技ハイブースター","斧技高级增强"
"能力","1","戦技アビリティ","战技能力","6598","斧技エクスブースター","斧技极限增强"
"能力","1","戦技アビリティ","战技能力","6599","斧技オーバーブースター","斧技超增强"
"能力","1","戦技アビリティ","战技能力","6600","/斧技ブースター",""
"能力","1","戦技アビリティ","战技能力","6601","/斧技ブースター",""
"能力","1","戦技アビリティ","战技能力","6602","/斧技ブースター",""
"能力","1","戦技アビリティ","战技能力","6603","棍技ハイブースター","棍技高级增强"
"能力","1","戦技アビリティ","战技能力","6604","棍技エクスブースター","棍技极限增强"
"能力","1","戦技アビリティ","战技能力","6605","棍技オーバーブースター","棍技超增强"
"能力","1","戦技アビリティ","战技能力","6606","/棍技ブースター",""
"能力","1","戦技アビリティ","战技能力","6607","/棍技ブースター",""
"能力","1","戦技アビリティ","战技能力","6608","/棍技ブースター",""
"能力","1","戦技アビリティ","战技能力","6609","鎌技ハイブースター","镰技高级增强"
"能力","1","戦技アビリティ","战技能力","6610","鎌技エクスブースター","镰技极限增强"
"能力","1","戦技アビリティ","战技能力","6611","鎌技オーバーブースター","镰技超增强"
"能力","1","戦技アビリティ","战技能力","6612","/鎌技ブースター",""
"能力","1","戦技アビリティ","战技能力","6613","/鎌技ブースター",""
"能力","1","戦技アビリティ","战技能力","6614","/鎌技ブースター",""
"能力","1","戦技アビリティ","战技能力","6615","弓技ハイブースター","弓技高级增强"
"能力","1","戦技アビリティ","战技能力","6616","弓技エクスブースター","弓技极限增强"
"能力","1","戦技アビリティ","战技能力","6617","弓技オーバーブースター","弓技超增强"
"能力","1","戦技アビリティ","战技能力","6618","/弓技ブースター",""
"能力","1","戦技アビリティ","战技能力","6619","/弓技ブースター",""
"能力","1","戦技アビリティ","战技能力","6620","/弓技ブースター",""
"能力","1","戦技アビリティ","战技能力","6621","鞭技ハイブースター","鞭技高级增强"
"能力","1","戦技アビリティ","战技能力","6622","鞭技エクスブースター","鞭技极限增强"
"能力","1","戦技アビリティ","战技能力","6623","鞭技オーバーブースター","鞭技超增强"
"能力","1","戦技アビリティ","战技能力","6624","/鞭技ブースター",""
"能力","1","戦技アビリティ","战技能力","6625","/鞭技ブースター",""
"能力","1","戦技アビリティ","战技能力","6626","/鞭技ブースター",""
"能力","1","戦技アビリティ","战技能力","6627","投擲技ハイブースター","投掷技高级增强"
"能力","1","戦技アビリティ","战技能力","6628","投擲技エクスブースター","投掷技极限增强"
"能力","1","戦技アビリティ","战技能力","6629","投擲技オーバーブースター","投掷技超增强"
"能力","1","戦技アビリティ","战技能力","6630","/投擲技ブースター",""
"能力","1","戦技アビリティ","战技能力","6631","/投擲技ブースター",""
"能力","1","戦技アビリティ","战技能力","6632","/投擲技ブースター",""
"能力","1","戦技アビリティ","战技能力","6633","鉄球技ハイブースター","铁球技高级增强"
"能力","1","戦技アビリティ","战技能力","6634","鉄球技エクスブースター","铁球技极限增强"
"能力","1","戦技アビリティ","战技能力","6635","鉄球技オーバーブースター","铁球技超增强"
"能力","1","戦技アビリティ","战技能力","6636","/鉄球技ブースター",""
"能力","1","戦技アビリティ","战技能力","6637","/鉄球技ブースター",""
"能力","1","戦技アビリティ","战技能力","6638","/鉄球技ブースター",""
"能力","1","戦技アビリティ","战技能力","6639","扇技ハイブースター","扇技高级增强"
"能力","1","戦技アビリティ","战技能力","6640","扇技エクスブースター","扇技极限增强"
"能力","1","戦技アビリティ","战技能力","6641","扇技オーバーブースター","扇技超增强"
"能力","1","戦技アビリティ","战技能力","6642","/扇技ブースター",""
"能力","1","戦技アビリティ","战技能力","6643","/扇技ブースター",""
"能力","1","戦技アビリティ","战技能力","6644","/扇技ブースター",""
"能力","1","戦技アビリティ","战技能力","6645","銃技ハイブースター","铳技高级增强"
"能力","1","戦技アビリティ","战技能力","6646","銃技エクスブースター","铳技极限增强"
"能力","1","戦技アビリティ","战技能力","6647","銃技オーバーブースター","铳技超增强"
"能力","1","戦技アビリティ","战技能力","6648","/銃技ブースター",""
"能力","1","戦技アビリティ","战技能力","6649","/銃技ブースター",""
"能力","1","戦技アビリティ","战技能力","6650","/銃技ブースター",""
"能力","1","戦技アビリティ","战技能力","6651","多武器技ハイブースター","多武器技高级增强"
"能力","1","戦技アビリティ","战技能力","6652","多武器技エクスブースター","多武器技极限增强"
"能力","1","戦技アビリティ","战技能力","6653","多武器技オーバーブースター","多武器技超增强"
"能力","1","戦技アビリティ","战技能力","6654","/多武器技ブースター",""
"能力","1","戦技アビリティ","战技能力","6655","/多武器技ブースター",""
"能力","1","戦技アビリティ","战技能力","6656","/多武器技ブースター",""
"能力","1","戦技アビリティ","战技能力","6657","格闘ハイブースター","格斗高级增强"
"能力","1","戦技アビリティ","战技能力","6658","格闘エクスブースター","格斗极限增强"
"能力","1","戦技アビリティ","战技能力","6659","格闘オーバーブースター","格斗超增强"
"能力","1","戦技アビリティ","战技能力","6660","/格闘ブースター",""
"能力","1","戦技アビリティ","战技能力","6661","/格闘ブースター",""
"能力","1","戦技アビリティ","战技能力","6662","/格闘ブースター",""
"能力","1","戦技アビリティ","战技能力","6663","物理耐性貫通","物理耐性贯通"
"能力","1","戦技アビリティ","战技能力","6664","全武技スキル使用可能","所有武技技能可用"
"能力","1","戦技アビリティ","战技能力","6665","短剣技速攻","短剑技速攻"
"能力","1","戦技アビリティ","战技能力","6666","剣技速攻","剑技速攻"
"能力","1","戦技アビリティ","战技能力","6667","尖剣技速攻","尖剑技速攻"
"能力","1","戦技アビリティ","战技能力","6668","刀技速攻",""
"能力","1","戦技アビリティ","战技能力","6669","槍技速攻","枪技速攻"
"能力","1","戦技アビリティ","战技能力","6670","斧技速攻",""
"能力","1","戦技アビリティ","战技能力","6671","棍技速攻",""
"能力","1","戦技アビリティ","战技能力","6672","鎌技速攻","镰技速攻"
"能力","1","戦技アビリティ","战技能力","6673","弓技速攻",""
"能力","1","戦技アビリティ","战技能力","6674","鞭技速攻",""
"能力","1","戦技アビリティ","战技能力","6675","投擲技速攻","投掷技速攻"
"能力","1","戦技アビリティ","战技能力","6676","鉄球技速攻","铁球技速攻"
"能力","1","戦技アビリティ","战技能力","6677","扇技速攻",""
"能力","1","戦技アビリティ","战技能力","6678","銃技速攻","铳技速攻"
"能力","1","戦技アビリティ","战技能力","6679","多武器技速攻",""
"能力","1","戦技アビリティ","战技能力","6680","格闘速攻","格斗速攻"
"能力","1","戦技アビリティ","战技能力","6681","全武技スキル速攻","全武技技能迅速发动"
"能力","1","戦技アビリティ","战技能力","6682","短剣技防御力無視","短剑技无视防御力"
"能力","1","戦技アビリティ","战技能力","6683","剣技防御力無視","剑技无视防御力"
"能力","1","戦技アビリティ","战技能力","6684","尖剣技防御力無視","尖剑技无视防御力"
"能力","1","戦技アビリティ","战技能力","6685","刀技防御力無視","刀技无视防御力"
"能力","1","戦技アビリティ","战技能力","6686","槍技防御力無視","枪技无视防御力"
"能力","1","戦技アビリティ","战技能力","6687","斧技防御力無視","斧技无视防御力"
"能力","1","戦技アビリティ","战技能力","6688","棍技防御力無視","棍技无视防御力"
"能力","1","戦技アビリティ","战技能力","6689","鎌技防御力無視","镰技无视防御力"
"能力","1","戦技アビリティ","战技能力","6690","弓技防御力無視","弓技无视防御力"
"能力","1","戦技アビリティ","战技能力","6691","鞭技防御力無視","鞭技无视防御力"
"能力","1","戦技アビリティ","战技能力","6692","投擲技防御力無視","投掷技防御力无视"
"能力","1","戦技アビリティ","战技能力","6693","鉄球技防御力無視","铁球技防御力无视"
"能力","1","戦技アビリティ","战技能力","6694","扇技防御力無視","扇技防御力无视"
"能力","1","戦技アビリティ","战技能力","6695","銃技防御力無視","铳技防御力无视"
"能力","1","戦技アビリティ","战技能力","6696","多武器技防御力無視","多武器技防御力无视"
"能力","1","戦技アビリティ","战技能力","6697","格闘防御力無視","格斗防御力无视"
"能力","1","戦技アビリティ","战技能力","6698","全武技スキル防御力無視","全武技技能防御力无视"
"能力","1","戦技アビリティ","战技能力","6699","短剣技連撃回数2アップ","短剑技连击次数增加2"
"能力","1","戦技アビリティ","战技能力","6700","短剣技連撃回数3アップ","短剑技连击次数增加3"
"能力","1","戦技アビリティ","战技能力","6701","剣技連撃回数2アップ","剑技连击次数增加2"
"能力","1","戦技アビリティ","战技能力","6702","剣技連撃回数3アップ","剑技连击次数增加3"
"能力","1","戦技アビリティ","战技能力","6703","尖剣技連撃回数1アップ","尖剑技连击次数增加1"
"能力","1","戦技アビリティ","战技能力","6704","尖剣技連撃回数2アップ","尖剑技连击次数增加2"
"能力","1","戦技アビリティ","战技能力","6705","尖剣技連撃回数3アップ","尖剑技连击次数增加3"
"能力","1","戦技アビリティ","战技能力","6706","尖剣技連撃回数4アップ","尖剑技连击次数增加4"
"能力","1","戦技アビリティ","战技能力","6707","刀技連撃回数2アップ","刀技连击次数增加2"
"能力","1","戦技アビリティ","战技能力","6708","刀技連撃回数3アップ","刀技连击次数增加3"
"能力","1","戦技アビリティ","战技能力","6709","槍技連撃回数2アップ","枪技连击次数增加2"
"能力","1","戦技アビリティ","战技能力","6710","槍技連撃回数3アップ","枪技连击次数增加3"
"能力","1","戦技アビリティ","战技能力","6711","斧技連撃回数2アップ","斧技连击次数增加2"
"能力","1","戦技アビリティ","战技能力","6712","斧技連撃回数3アップ","斧技连击次数增加3"
"能力","1","戦技アビリティ","战技能力","6713","棍技連撃回数2アップ","棍技连击次数增加2"
"能力","1","戦技アビリティ","战技能力","6714","棍技連撃回数3アップ","棍技连击次数增加3"
"能力","1","戦技アビリティ","战技能力","6715","鎌技連撃回数2アップ","镰技连击次数增加2"
"能力","1","戦技アビリティ","战技能力","6716","鎌技連撃回数3アップ","镰技连击次数增加3"
"能力","1","戦技アビリティ","战技能力","6717","弓技連撃回数3アップ","弓技连击次数增加3"
"能力","1","戦技アビリティ","战技能力","6718","弓技連撃回数4アップ","弓技连击次数增加4"
"能力","1","戦技アビリティ","战技能力","6719","鞭技連撃回数2アップ","鞭技连击次数增加2"
"能力","1","戦技アビリティ","战技能力","6720","鞭技連撃回数3アップ","鞭技连击次数增加3"
"能力","1","戦技アビリティ","战技能力","6721","投擲技連撃回数2アップ","投掷技连击次数增加2"
"能力","1","戦技アビリティ","战技能力","6722","投擲技連撃回数3アップ","投掷技连击次数增加3"
"能力","1","戦技アビリティ","战技能力","6723","鉄球技連撃回数2アップ","铁球技连击次数增加2"
"能力","1","戦技アビリティ","战技能力","6724","鉄球技連撃回数3アップ","铁球技连击次数增加3"
"能力","1","戦技アビリティ","战技能力","6725","扇技連撃回数2アップ","扇技连击次数增加2"
"能力","1","戦技アビリティ","战技能力","6726","扇技連撃回数3アップ","扇技连击次数增加3"
"能力","1","戦技アビリティ","战技能力","6727","銃技連撃回数1アップ","铳技连击次数增加1"
"能力","1","戦技アビリティ","战技能力","6728","銃技連撃回数2アップ","铳技连击次数增加2"
"能力","1","戦技アビリティ","战技能力","6729","銃技連撃回数3アップ","铳技连击次数增加3"
"能力","1","戦技アビリティ","战技能力","6730","銃技連撃回数4アップ","铳技连击次数增加4"
"能力","1","戦技アビリティ","战技能力","6731","多武器技連撃回数3アップ","多武器技连击次数增加3"
"能力","1","戦技アビリティ","战技能力","6732","多武器技連撃回数4アップ","多武器技连击次数增加4"
"能力","1","戦技アビリティ","战技能力","6733","格闘連撃回数2アップ","格斗连击次数增加2"
"能力","1","戦技アビリティ","战技能力","6734","格闘連撃回数3アップ","格斗连击次数增加3"
"能力","1","戦技アビリティ","战技能力","6735","テクニカルナイフ","技术小刀"
"能力","1","戦技アビリティ","战技能力","6736","マジカルソード","魔法剑"
"能力","1","戦技アビリティ","战技能力","6737","テクニカルソード","技术之剑"
"能力","1","戦技アビリティ","战技能力","6738","マギレイピア","魔法之刺"
"能力","1","戦技アビリティ","战技能力","6739","スピードレイピア","速度之刺"
"能力","1","戦技アビリティ","战技能力","6740","絶の刃","绝之刃"
"能力","1","戦技アビリティ","战技能力","6741","閃の刃","闪之刃"
"能力","1","戦技アビリティ","战技能力","6742","剛の槍","刚之枪"
"能力","1","戦技アビリティ","战技能力","6743","空の槍","空之枪"
"能力","1","戦技アビリティ","战技能力","6744","マスターシックル","大师之镰"
"能力","1","戦技アビリティ","战技能力","6745","マジカルアロー","魔法之箭"
"能力","1","戦技アビリティ","战技能力","6746","マインドアロー","精神之箭"
"能力","1","戦技アビリティ","战技能力","6747","テクニカルアロー","技术之箭"
"能力","1","戦技アビリティ","战技能力","6748","マジカルウィップ","魔法鞭"
"能力","1","戦技アビリティ","战技能力","6749","マインドウィップ","精神鞭"
"能力","1","戦技アビリティ","战技能力","6750","テクニカルウィップ","技术鞭"
"能力","1","戦技アビリティ","战技能力","6751","ガードブーメラン","防御回旋镖"
"能力","1","戦技アビリティ","战技能力","6752","マインドブーメラン","精神回旋镖"
"能力","1","戦技アビリティ","战技能力","6753","テクニカルブーメラン","技术回旋镖"
"能力","1","戦技アビリティ","战技能力","6754","防護の鉄球","防护铁球"
"能力","1","戦技アビリティ","战技能力","6755","精神の鉄球","精神的铁球"
"能力","1","戦技アビリティ","战技能力","6756","器用の鉄球","灵巧的铁球"
"能力","1","戦技アビリティ","战技能力","6757","重の拳","重拳"
"能力","1","戦技アビリティ","战技能力","6758","躍の拳","跃动的拳"
"能力","1","戦技アビリティ","战技能力","6759","流麗拳法","流丽拳法"
"能力","1","戦技アビリティ","战技能力","6760","短剣技魔力半分付加","短剑技附加一半的魔力"
"能力","1","戦技アビリティ","战技能力","6761","短剣技素早さ半分付加","短剑技附加一半的敏捷"
"能力","1","戦技アビリティ","战技能力","6762","剣技防御力半分付加","剑技附加一半的防御力"
"能力","1","戦技アビリティ","战技能力","6763","剣技魔力半分付加","剑技附加一半的魔力"
"能力","1","戦技アビリティ","战技能力","6764","剣技精神力半分付加","剑技附加一半的精神力"
"能力","1","戦技アビリティ","战技能力","6765","剣技器用さ半分付加","剑技附加一半的灵巧"
"能力","1","戦技アビリティ","战技能力","6766","尖剣技器用さ半分付加","尖剑技附加一半的灵巧"
"能力","1","戦技アビリティ","战技能力","6767","尖剣技魔力半分付加","尖剑技附加一半的魔力"
"能力","1","戦技アビリティ","战技能力","6768","尖剣技精神力半分付加","尖剑技附加一半的精神力"
"能力","1","戦技アビリティ","战技能力","6769","刀技魔力半分付加","刀技附加一半的魔力"
"能力","1","戦技アビリティ","战技能力","6770","刀技素早さ半分付加","刀技附加一半的敏捷"
"能力","1","戦技アビリティ","战技能力","6771","槍技魔力半分付加","枪技附加一半的魔力"
"能力","1","戦技アビリティ","战技能力","6772","槍技精神力半分付加","枪技附加一半的精神力"
"能力","1","戦技アビリティ","战技能力","6773","槍技器用さ半分付加","枪技附加一半的灵巧"
"能力","1","戦技アビリティ","战技能力","6774","斧技防御力半分付加","斧技附加一半的防御力"
"能力","1","戦技アビリティ","战技能力","6775","斧技魔力半分付加","斧技附加一半的魔力"
"能力","1","戦技アビリティ","战技能力","6776","棍技防御力半分付加","棍技附加一半的防御力"
"能力","1","戦技アビリティ","战技能力","6777","棍技魔力半分付加","棍技附加一半的魔力"
"能力","1","戦技アビリティ","战技能力","6778","鎌技精神力半分付加","镰技附加一半的精神力"
"能力","1","戦技アビリティ","战技能力","6779","鎌技器用さ半分付加","镰技附加一半的灵巧"
"能力","1","戦技アビリティ","战技能力","6780","弓技魔力半分付加","弓技附加一半的魔力"
"能力","1","戦技アビリティ","战技能力","6781","弓技精神力半分付加","弓技附加一半的精神力"
"能力","1","戦技アビリティ","战技能力","6782","弓技素早さ半分付加","弓技附加一半的敏捷"
"能力","1","戦技アビリティ","战技能力","6783","鞭技魔力半分付加","鞭技附加一半的魔力"
"能力","1","戦技アビリティ","战技能力","6784","鞭技精神力半分付加","鞭技附加一半的精神力"
"能力","1","戦技アビリティ","战技能力","6785","鞭技素早さ半分付加","鞭技附加一半的敏捷"
"能力","1","戦技アビリティ","战技能力","6786","投擲技防御力半分付加","投掷技附加一半的防御力"
"能力","1","戦技アビリティ","战技能力","6787","投擲技精神力半分付加","投掷技附加一半的精神力"
"能力","1","戦技アビリティ","战技能力","6788","投擲技素早さ半分付加","投掷技附加一半的敏捷"
"能力","1","戦技アビリティ","战技能力","6789","鉄球技防御力半分付加","铁球技附加一半的防御力"
"能力","1","戦技アビリティ","战技能力","6790","鉄球技精神力半分付加","铁球技附加一半的精神力"
"能力","1","戦技アビリティ","战技能力","6791","扇技魔力半分付加","扇技附加一半的魔力"
"能力","1","戦技アビリティ","战技能力","6792","扇技精神力半分付加","扇技附加一半的精神力"
"能力","1","戦技アビリティ","战技能力","6793","銃技防御力半分付加","铳技附加一半的防御力"
"能力","1","戦技アビリティ","战技能力","6794","銃技精神力半分付加","铳技附加一半的精神力"
"能力","1","戦技アビリティ","战技能力","6795","銃技素早さ半分付加","铳技附加一半的敏捷"
"能力","1","戦技アビリティ","战技能力","6796","多武器技魔力半分付加","多武器技附加一半的魔力"
"能力","1","戦技アビリティ","战技能力","6797","多武器技素早さ半分付加","多武器技附加一半的敏捷"
"能力","1","戦技アビリティ","战技能力","6798","多武器技器用さ半分付加","多武器技附加一半的灵巧"
"能力","1","戦技アビリティ","战技能力","6799","格闘魔力半分付加","格斗附加一半的魔力"
"能力","1","戦技アビリティ","战技能力","6800","格闘防御力半分付加","格斗附加一半的防御力"
"能力","1","戦技アビリティ","战技能力","6801","格闘精神力半分付加","格斗附加一半的精神力"
"能力","1","戦技アビリティ","战技能力","6802","格闘器用さ半分付加","格斗附加一半的灵巧"
"能力","1","戦技アビリティ","战技能力","6803","短剣技頑強発動","短剑技顽强发动"
"能力","1","戦技アビリティ","战技能力","6804","剣技頑強発動","剑技顽强发动"
"能力","1","戦技アビリティ","战技能力","6805","尖剣技頑強発動","尖剑技顽强发动"
"能力","1","戦技アビリティ","战技能力","6806","刀技頑強発動","刀技顽强发动"
"能力","1","戦技アビリティ","战技能力","6807","槍技頑強発動","枪技顽强发动"
"能力","1","戦技アビリティ","战技能力","6808","斧技頑強発動","斧技顽强发动"
"能力","1","戦技アビリティ","战技能力","6809","棍技頑強発動","棍技顽强发动"
"能力","1","戦技アビリティ","战技能力","6810","鎌技頑強発動","镰技顽强发动"
"能力","1","戦技アビリティ","战技能力","6811","弓技頑強発動","弓技顽强发动"
"能力","1","戦技アビリティ","战技能力","6812","鞭技頑強発動","鞭技顽强发动"
"能力","1","戦技アビリティ","战技能力","6813","投擲技頑強発動","投掷技顽强发动"
"能力","1","戦技アビリティ","战技能力","6814","鉄球技頑強発動","铁球技顽强发动"
"能力","1","戦技アビリティ","战技能力","6815","扇技頑強発動","扇技顽强发动"
"能力","1","戦技アビリティ","战技能力","6816","銃技頑強発動","铳技顽强发动"
"能力","1","戦技アビリティ","战技能力","6817","多武器技頑強発動","多武器技顽强发动"
"能力","1","戦技アビリティ","战技能力","6818","格闘頑強発動","格斗顽强发动"
"能力","1","戦技アビリティ","战技能力","6819","全武技スキル頑強発動","全武技技能顽强发动"
"能力","1","戦技アビリティ","战技能力","6820","短剣技二連続発動",""
"能力","1","戦技アビリティ","战技能力","6821","/短剣技三連続発動",""
"能力","1","戦技アビリティ","战技能力","6822","剣技二連続発動",""
"能力","1","戦技アビリティ","战技能力","6823","/剣技三連続発動",""
"能力","1","戦技アビリティ","战技能力","6824","尖剣技二連続発動",""
"能力","1","戦技アビリティ","战技能力","6825","/尖剣技三連続発動",""
"能力","1","戦技アビリティ","战技能力","6826","刀技二連続発動",""
"能力","1","戦技アビリティ","战技能力","6827","/刀技三連続発動",""
"能力","1","戦技アビリティ","战技能力","6828","槍技二連続発動",""
"能力","1","戦技アビリティ","战技能力","6829","/槍技三連続発動",""
"能力","1","戦技アビリティ","战技能力","6830","斧技二連続発動",""
"能力","1","戦技アビリティ","战技能力","6831","/斧技三連続発動",""
"能力","1","戦技アビリティ","战技能力","6832","棍技二連続発動",""
"能力","1","戦技アビリティ","战技能力","6833","/棍技三連続発動",""
"能力","1","戦技アビリティ","战技能力","6834","鎌技二連続発動",""
"能力","1","戦技アビリティ","战技能力","6835","/鎌技三連続発動",""
"能力","1","戦技アビリティ","战技能力","6836","弓技二連続発動",""
"能力","1","戦技アビリティ","战技能力","6837","/弓技三連続発動",""
"能力","1","戦技アビリティ","战技能力","6838","鞭技二連続発動",""
"能力","1","戦技アビリティ","战技能力","6839","/鞭技三連続発動",""
"能力","1","戦技アビリティ","战技能力","6840","投擲技二連続発動",""
"能力","1","戦技アビリティ","战技能力","6841","/投擲技三連続発動",""
"能力","1","戦技アビリティ","战技能力","6842","鉄球技二連続発動",""
"能力","1","戦技アビリティ","战技能力","6843","/鉄球技三連続発動",""
"能力","1","戦技アビリティ","战技能力","6844","扇技二連続発動",""
"能力","1","戦技アビリティ","战技能力","6845","/扇技三連続発動",""
"能力","1","戦技アビリティ","战技能力","6846","銃技二連続発動",""
"能力","1","戦技アビリティ","战技能力","6847","/銃技三連続発動",""
"能力","1","戦技アビリティ","战技能力","6848","多武器技二連続発動",""
"能力","1","戦技アビリティ","战技能力","6849","/多武器技三連続発動",""
"能力","1","戦技アビリティ","战技能力","6850","格闘二連続発動",""
"能力","1","戦技アビリティ","战技能力","6851","/格闘三連続発動",""
"能力","1","戦技アビリティ","战技能力","6852","/武技三連続発動",""
"能力","1","戦技アビリティ","战技能力","6853","闇を貫く槍","贯穿黑暗的枪"
"能力","1","戦技アビリティ","战技能力","6854","光を貫く槍","贯穿光之枪"
"能力","1","戦技アビリティ","战技能力","6855","防御破壊の槍","防御破坏之枪"
"能力","1","戦技アビリティ","战技能力","9957","###　野生児追加",""
"能力","1","戦技アビリティ","战技能力","9958","力のオーバーロード","力量超负荷"
"能力","1","戦技アビリティ","战技能力","10000","###　全てを癒す者追加",""
"能力","1","戦技アビリティ","战技能力","10009","バレットタイム","子弹时间"
"能力","1","戦技アビリティ","战技能力","10010","灰燼の武技","灰烬武技"
"能力","1","戦技アビリティ","战技能力","10011","驚速の武技","惊速武技"
"能力","1","戦技アビリティ","战技能力","10012","圧壊の武技","压碎武技"
"能力","1","戦技アビリティ","战技能力","10013","追打の武技","追打武技"
"能力","1","戦技アビリティ","战技能力","10014","逆境の武技","逆境武技"
"能力","1","戦技アビリティ","战技能力","10015","暗殺の武技","暗杀武技"
"能力","1","戦技アビリティ","战技能力","10016","お仕置きの武技","惩罚的武技"
"能力","1","戦技アビリティ","战技能力","10017","乾坤一擲","孤注一掷"
"能力","1","戦技アビリティ","战技能力","10018","全武技防御力付加","全武技防御力附加"
"能力","1","戦技アビリティ","战技能力","10019","全武技魔力付加","全武技魔力附加"
"能力","1","戦技アビリティ","战技能力","10020","全武技精神力付加","全武技精神力附加"
"能力","1","戦技アビリティ","战技能力","10021","全武技素早さ付加","全武技敏捷附加"
"能力","1","戦技アビリティ","战技能力","10022","全武技器用さ付加","全武技灵巧附加"
"能力","1","戦技アビリティ","战技能力","10060","###混沌の精霊・デウスエクスマキナ追加",""
"能力","1","戦技アビリティ","战技能力","10071","混沌乾坤一擲","混沌乾坤一掷"
"能力","1","戦技アビリティ","战技能力","10072","混沌バレットタイム","混沌子弹时间"
"能力","1","戦技アビリティ","战技能力","10073","混沌撃","混沌击"
"能力","1","戦技アビリティ","战技能力","10074","銃技連撃回数5アップ","铳技连击次数增加5"
"能力","1","戦技アビリティ","战技能力","10075","寝技",""
"能力","2","職技アビリティ","职技能力","268","SP10%アップ","SP提升10%"
"能力","2","職技アビリティ","职技能力","269","SP20%アップ","SP提升20%"
"能力","2","職技アビリティ","职技能力","270","SP30%アップ","SP提升30%"
"能力","2","職技アビリティ","职技能力","271","SP40%アップ","SP提升40%"
"能力","2","職技アビリティ","职技能力","272","SP50%アップ","SP提升50%"
"能力","2","職技アビリティ","职技能力","273","素早さ10%アップ","敏捷提升10%"
"能力","2","職技アビリティ","职技能力","274","素早さ20%アップ","敏捷提升20%"
"能力","2","職技アビリティ","职技能力","275","素早さ30%アップ","敏捷提升30%"
"能力","2","職技アビリティ","职技能力","276","素早さ40%アップ","敏捷提升40%"
"能力","2","職技アビリティ","职技能力","277","素早さ50%アップ","敏捷提升50%"
"能力","2","職技アビリティ","职技能力","278","器用さ10%アップ","灵巧提升10%"
"能力","2","職技アビリティ","职技能力","279","器用さ20%アップ","灵巧提升20%"
"能力","2","職技アビリティ","职技能力","280","器用さ30%アップ","灵巧提升30%"
"能力","2","職技アビリティ","职技能力","281","器用さ40%アップ","灵巧提升40%"
"能力","2","職技アビリティ","职技能力","282","器用さ50%アップ","灵巧提升50%"
"能力","2","職技アビリティ","职技能力","283","SP消費3/4",""
"能力","2","職技アビリティ","职技能力","284","SP消費1/2",""
"能力","2","職技アビリティ","职技能力","285","SP消費1/4",""
"能力","2","職技アビリティ","职技能力","286","SP究極消費ダウン","SP究极消耗降低"
"能力","2","職技アビリティ","职技能力","287","いつでもぶんどる","随时抢夺"
"能力","2","職技アビリティ","职技能力","288","生命保険","人寿保险"
"能力","2","職技アビリティ","职技能力","289","ずっと殴られ得","一直挨打赚钱"
"能力","2","職技アビリティ","职技能力","290","最期の託宣","最后的赐福"
"能力","2","職技アビリティ","职技能力","291","ラストスロット","最后的机会"
"能力","2","職技アビリティ","职技能力","292","ファイナルチャンス","最终机会"
"能力","2","職技アビリティ","职技能力","293","遺言","遗言"
"能力","2","職技アビリティ","职技能力","294","道連れBC兵器","同归于尽BC兵器"
"能力","2","職技アビリティ","职技能力","295","末期の奉仕","末期的侍奉"
"能力","2","職技アビリティ","职技能力","296","メイドの土産","女仆的礼物"
"能力","2","職技アビリティ","职技能力","297","縛られメイド","束缚女仆"
"能力","2","職技アビリティ","职技能力","298","聖者殉教","圣者殉教"
"能力","2","職技アビリティ","职技能力","299","聖者玉砕","圣者玉碎"
"能力","2","職技アビリティ","职技能力","300","出会い頭のおたけび","初次见面的呐喊"
"能力","2","職技アビリティ","职技能力","301","獣王の畏怖","兽王的敬畏"
"能力","2","職技アビリティ","职技能力","302","開幕びっくり箱","开场惊吓箱"
"能力","2","職技アビリティ","职技能力","303","バビロンの大淫婦","巴比伦的大淫妇"
"能力","2","職技アビリティ","职技能力","304","物理攻撃即死付加10%","物理攻击即死附加10%"
"能力","2","職技アビリティ","职技能力","305","物理攻撃即死付加25%","物理攻击即死附加25%"
"能力","2","職技アビリティ","职技能力","306","物理攻撃即死付加50%","物理攻击即死附加50%"
"能力","2","職技アビリティ","职技能力","307","物理攻撃昇天付加10%","物理攻击升天附加10%"
"能力","2","職技アビリティ","职技能力","308","物理攻撃昇天付加25%","物理攻击升天附加25%"
"能力","2","職技アビリティ","职技能力","309","物理攻撃昇天付加50%","物理攻击升天附加50%"
"能力","2","職技アビリティ","职技能力","310","物理攻撃絶頂付加10%","物理攻击绝顶附加10%"
"能力","2","職技アビリティ","职技能力","311","物理攻撃絶頂付加25%","物理攻击绝顶附加25%"
"能力","2","職技アビリティ","职技能力","312","物理攻撃絶頂付加50%","物理攻击绝顶附加50%"
"能力","2","職技アビリティ","职技能力","313","物理攻撃毒付加10%","物理攻击中毒附加10%"
"能力","2","職技アビリティ","职技能力","314","物理攻撃毒付加25%","物理攻击中毒附加25%"
"能力","2","職技アビリティ","职技能力","315","物理攻撃毒付加50%","物理攻击中毒附加50%"
"能力","2","職技アビリティ","职技能力","316","物理攻撃暗闇付加10%","物理攻击黑暗附加10%"
"能力","2","職技アビリティ","职技能力","317","物理攻撃暗闇付加25%","物理攻击黑暗附加25%"
"能力","2","職技アビリティ","职技能力","318","物理攻撃暗闇付加50%","物理攻击黑暗附加50%"
"能力","2","職技アビリティ","职技能力","319","物理攻撃沈黙付加10%","物理攻击沉默附加10%"
"能力","2","職技アビリティ","职技能力","320","物理攻撃沈黙付加25%","物理攻击沉默附加25%"
"能力","2","職技アビリティ","职技能力","321","物理攻撃沈黙付加50%","物理攻击沉默附加50%"
"能力","2","職技アビリティ","职技能力","322","物理攻撃混乱付加10%","物理攻击混乱附加10%"
"能力","2","職技アビリティ","职技能力","323","物理攻撃混乱付加25%","物理攻击混乱附加25%"
"能力","2","職技アビリティ","职技能力","324","物理攻撃混乱付加50%","物理攻击混乱附加50%"
"能力","2","職技アビリティ","职技能力","325","物理攻撃睡眠付加10%","物理攻击睡眠附加10%"
"能力","2","職技アビリティ","职技能力","326","物理攻撃睡眠付加25%","物理攻击睡眠附加25%"
"能力","2","職技アビリティ","职技能力","327","物理攻撃睡眠付加50%","物理攻击睡眠附加50%"
"能力","2","職技アビリティ","职技能力","328","物理攻撃麻痺付加10%","物理攻击麻痹附加10%"
"能力","2","職技アビリティ","职技能力","329","物理攻撃麻痺付加25%","物理攻击麻痹附加25%"
"能力","2","職技アビリティ","职技能力","330","物理攻撃麻痺付加50%","物理攻击麻痹附加50%"
"能力","2","職技アビリティ","职技能力","331","物理攻撃バーン付加10%","物理攻击燃烧附加10%"
"能力","2","職技アビリティ","职技能力","332","物理攻撃バーン付加25%","物理攻击燃烧附加25%"
"能力","2","職技アビリティ","职技能力","333","物理攻撃バーン付加50%","物理攻击燃烧附加50%"
"能力","2","職技アビリティ","职技能力","334","物理攻撃フリーズ付加10%","物理攻击冻结附加10%"
"能力","2","職技アビリティ","职技能力","335","物理攻撃フリーズ付加25%","物理攻击冻结附加25%"
"能力","2","職技アビリティ","职技能力","336","物理攻撃フリーズ付加50%","物理攻击冻结附加50%"
"能力","2","職技アビリティ","职技能力","337","物理攻撃ショック付加10%","物理攻击电击附加10%"
"能力","2","職技アビリティ","职技能力","338","物理攻撃ショック付加25%","物理攻击电击附加25%"
"能力","2","職技アビリティ","职技能力","339","物理攻撃ショック付加50%","物理攻击电击附加50%"
"能力","2","職技アビリティ","职技能力","340","物理攻撃スロウ付加10%","物理攻击减速附加10%"
"能力","2","職技アビリティ","职技能力","341","物理攻撃スロウ付加25%","物理攻击减速附加25%"
"能力","2","職技アビリティ","职技能力","342","物理攻撃スロウ付加50%","物理攻击减速附加50%"
"能力","2","職技アビリティ","职技能力","343","物理攻撃ストップ付加10%","物理攻击停止附加10%"
"能力","2","職技アビリティ","职技能力","344","物理攻撃ストップ付加25%","物理攻击停止附加25%"
"能力","2","職技アビリティ","职技能力","345","物理攻撃ストップ付加50%","物理攻击停止附加50%"
"能力","2","職技アビリティ","职技能力","346","物理攻撃ミニマム付加10%","物理攻击缩小附加10%"
"能力","2","職技アビリティ","职技能力","347","物理攻撃ミニマム付加25%","物理攻击缩小附加25%"
"能力","2","職技アビリティ","职技能力","348","物理攻撃ミニマム付加50%","物理攻击缩小附加50%"
"能力","2","職技アビリティ","职技能力","349","物理攻撃ゾンビ付加10%","物理攻击僵尸附加10%"
"能力","2","職技アビリティ","职技能力","350","物理攻撃ゾンビ付加25%","物理攻击僵尸附加25%"
"能力","2","職技アビリティ","职技能力","351","物理攻撃ゾンビ付加50%","物理攻击僵尸附加50%"
"能力","2","職技アビリティ","职技能力","352","物理攻撃石化付加10%","物理攻击石化附加10%"
"能力","2","職技アビリティ","职技能力","353","物理攻撃石化付加25%","物理攻击石化附加25%"
"能力","2","職技アビリティ","职技能力","354","物理攻撃石化付加50%","物理攻击石化附加50%"
"能力","2","職技アビリティ","职技能力","355","物理攻撃消化付加10%","物理攻击消化附加10%"
"能力","2","職技アビリティ","职技能力","356","物理攻撃消化付加25%","物理攻击消化附加25%"
"能力","2","職技アビリティ","职技能力","357","物理攻撃消化付加50%","物理攻击消化附加50%"
"能力","2","職技アビリティ","职技能力","358","物理攻撃スタン付加10%","物理攻击眩晕附加10%"
"能力","2","職技アビリティ","职技能力","359","物理攻撃スタン付加25%","物理攻击眩晕附加25%"
"能力","2","職技アビリティ","职技能力","360","物理攻撃スタン付加50%","物理攻击眩晕附加50%"
"能力","2","職技アビリティ","职技能力","361","物理攻撃ヌルヌル付加10%","物理攻击黏滑附加10%"
"能力","2","職技アビリティ","职技能力","362","物理攻撃ヌルヌル付加25%","物理攻击黏滑附加25%"
"能力","2","職技アビリティ","职技能力","363","物理攻撃ヌルヌル付加50%","物理攻击黏滑附加50%"
"能力","2","職技アビリティ","职技能力","364","物理攻撃敏感付加10%","物理攻击敏感附加10%"
"能力","2","職技アビリティ","职技能力","365","物理攻撃敏感付加25%","物理攻击敏感附加25%"
"能力","2","職技アビリティ","职技能力","366","物理攻撃敏感付加50%","物理攻击敏感附加50%"
"能力","2","職技アビリティ","职技能力","367","物理攻撃恍惚付加10%","物理攻击恍惚附加10%"
"能力","2","職技アビリティ","职技能力","368","物理攻撃恍惚付加25%","物理攻击恍惚附加25%"
"能力","2","職技アビリティ","职技能力","369","物理攻撃恍惚付加50%","物理攻击恍惚附加50%"
"能力","2","職技アビリティ","职技能力","370","物理攻撃誘惑付加10%","物理攻击诱惑附加10%"
"能力","2","職技アビリティ","职技能力","371","物理攻撃誘惑付加25%","物理攻击诱惑附加25%"
"能力","2","職技アビリティ","职技能力","372","物理攻撃誘惑付加50%","物理攻击诱惑附加50%"
"能力","2","職技アビリティ","职技能力","373","物理攻撃失禁付加10%","物理攻击失禁附加10%"
"能力","2","職技アビリティ","职技能力","374","物理攻撃失禁付加25%","物理攻击失禁附加25%"
"能力","2","職技アビリティ","职技能力","375","物理攻撃失禁付加50%","物理攻击失禁附加50%"
"能力","2","職技アビリティ","职技能力","376","竪琴ブースター","竖琴增强"
"能力","2","職技アビリティ","职技能力","377","竪琴ハイブースター","竖琴高级增强"
"能力","2","職技アビリティ","职技能力","378","竪琴エクスブースター","竖琴极限增强"
"能力","2","職技アビリティ","职技能力","379","包丁ブースター","菜刀增强"
"能力","2","職技アビリティ","职技能力","380","包丁ハイブースター","菜刀高级增强"
"能力","2","職技アビリティ","职技能力","381","包丁エクスブースター","菜刀极限增强"
"能力","2","職技アビリティ","职技能力","382","そろばんブースター","算盘增强"
"能力","2","職技アビリティ","职技能力","383","そろばんハイブースター","算盘高级增强"
"能力","2","職技アビリティ","职技能力","384","そろばんエクスブースター","算盘极限增强"
"能力","2","職技アビリティ","职技能力","385","メスブースター","手术刀增强"
"能力","2","職技アビリティ","职技能力","386","メスハイブースター","手术刀高级增强"
"能力","2","職技アビリティ","职技能力","387","メスエクスブースター","手术刀极限增强"
"能力","2","職技アビリティ","职技能力","388","カードブースター","卡牌增强"
"能力","2","職技アビリティ","职技能力","389","カードハイブースター","卡牌高级增强"
"能力","2","職技アビリティ","职技能力","390","カードエクスブースター","卡牌极限增强"
"能力","2","職技アビリティ","职技能力","391","皿ブースター","盘增强"
"能力","2","職技アビリティ","职技能力","392","皿ハイブースター","盘高级增强"
"能力","2","職技アビリティ","职技能力","393","皿エクスブースター","盘极限增强"
"能力","2","職技アビリティ","职技能力","394","淫具ブースター","淫具增强"
"能力","2","職技アビリティ","职技能力","395","淫具ハイブースター","淫具高级增强"
"能力","2","職技アビリティ","职技能力","396","淫具エクスブースター","淫具极限增强"
"能力","2","職技アビリティ","职技能力","397","マキナブースター","器械增强"
"能力","2","職技アビリティ","职技能力","398","マキナハイブースター","器械高级增强"
"能力","2","職技アビリティ","职技能力","399","マキナエクスブースター","器械极限增强"
"能力","2","職技アビリティ","职技能力","400","「竪琴」装備可能","可以装备「竖琴」"
"能力","2","職技アビリティ","职技能力","401","「包丁」装備可能","可以装备「菜刀」"
"能力","2","職技アビリティ","职技能力","402","「そろばん」装備可能","可以装备「算盘」"
"能力","2","職技アビリティ","职技能力","403","「メス」装備可能","可以装备「手术刀」"
"能力","2","職技アビリティ","职技能力","404","「カード」装備可能","可以装备「卡牌」"
"能力","2","職技アビリティ","职技能力","405","「皿」装備可能","可以装备「盘」"
"能力","2","職技アビリティ","职技能力","406","「淫具」装備可能","可以装备「淫具」"
"能力","2","職技アビリティ","职技能力","407","「盗賊技」使用可能","可以使用「盗贼技」"
"能力","2","職技アビリティ","职技能力","408","「忍術」使用可能","可以使用「忍术」"
"能力","2","職技アビリティ","职技能力","409","「海賊技」使用可能","可以使用「海贼技」"
"能力","2","職技アビリティ","职技能力","410","「商技」使用可能","可以使用「商技」"
"能力","2","職技アビリティ","职技能力","411","「EXアイテム」使用可能","可以使用「EX物品」"
"能力","2","職技アビリティ","职技能力","412","「オラクル」使用可能","可以使用「神谕」"
"能力","2","職技アビリティ","职技能力","413","「踊る」使用可能","可以使用「舞蹈」"
"能力","2","職技アビリティ","职技能力","414","「歌う」使用可能","可以使用「歌唱」"
"能力","2","職技アビリティ","职技能力","415","「話す」使用可能","可以使用「交谈」"
"能力","2","職技アビリティ","职技能力","416","「マキナ」使用可能","可以使用「器械」"
"能力","2","職技アビリティ","职技能力","417","「料理」使用可能","可以使用「料理」"
"能力","2","職技アビリティ","职技能力","418","「医術」使用可能","可以使用「医术」"
"能力","2","職技アビリティ","职技能力","419","「御奉仕」使用可能","可以使用「侍奉」"
"能力","2","職技アビリティ","职技能力","420","「王技」使用可能","可以使用「王技」"
"能力","2","職技アビリティ","职技能力","421","「勇者技」使用可能","可以使用「勇者技」"
"能力","2","職技アビリティ","职技能力","422","「淫技」使用可能","可以使用「淫技」"
"能力","2","職技アビリティ","职技能力","423","デュエル魂","决斗之魂"
"能力","2","職技アビリティ","职技能力","424","口先八丁","能言善辩"
"能力","2","職技アビリティ","职技能力","425","職技二連続発動",""
"能力","2","職技アビリティ","职技能力","6858","SP75%アップ","SP提升75%"
"能力","2","職技アビリティ","职技能力","6859","SP100%アップ","SP提升100%"
"能力","2","職技アビリティ","职技能力","6860","SP150%アップ","SP提升150%"
"能力","2","職技アビリティ","职技能力","6861","SP200%アップ","SP提升200%"
"能力","2","職技アビリティ","职技能力","6862","/SP300%アップ",""
"能力","2","職技アビリティ","职技能力","6863","素早さ75%アップ","敏捷提升75%"
"能力","2","職技アビリティ","职技能力","6864","素早さ100%アップ","敏捷提升100%"
"能力","2","職技アビリティ","职技能力","6865","素早さ150%アップ","敏捷提升150%"
"能力","2","職技アビリティ","职技能力","6866","素早さ200%アップ","敏捷提升200%"
"能力","2","職技アビリティ","职技能力","6867","/素早さ300%アップ",""
"能力","2","職技アビリティ","职技能力","6868","器用さ75%アップ","灵巧提升75%"
"能力","2","職技アビリティ","职技能力","6869","器用さ100%アップ","灵巧提升100%"
"能力","2","職技アビリティ","职技能力","6870","器用さ150%アップ","灵巧提升150%"
"能力","2","職技アビリティ","职技能力","6871","器用さ200%アップ","灵巧提升200%"
"能力","2","職技アビリティ","职技能力","6872","/器用さ300%アップ",""
"能力","2","職技アビリティ","职技能力","6873","ヘビィスピード","重速度"
"能力","2","職技アビリティ","职技能力","6874","ヘビィテクニック","重技巧"
"能力","2","職技アビリティ","职技能力","6875","絶技コンバーター","绝技转换器"
"能力","2","職技アビリティ","职技能力","6876","ダメージをSP変換","伤害转换为SP"
"能力","2","職技アビリティ","职技能力","6877","職技SPバースト","职技SP爆发"
"能力","2","職技アビリティ","职技能力","6878","職技SPハイバースト","职技SP超级爆发"
"能力","2","職技アビリティ","职技能力","6879","先の先","先发制人"
"能力","2","職技アビリティ","职技能力","6880","先々の先","先发制人II"
"能力","2","職技アビリティ","职技能力","6881","後の先","后发制人"
"能力","2","職技アビリティ","职技能力","6882","後々の先","后发制人II"
"能力","2","職技アビリティ","职技能力","6883","短剣技でぶんどる","短剑技抢夺"
"能力","2","職技アビリティ","职技能力","6884","海賊技でぶんどる","海贼技抢夺"
"能力","2","職技アビリティ","职技能力","6885","武技でぶんどる","武技抢夺"
"能力","2","職技アビリティ","职技能力","6886","体力低下時職技強化","体力降低时职技强化"
"能力","2","職技アビリティ","职技能力","6887","体力低下時職技超強化","体力降低时职技超强化"
"能力","2","職技アビリティ","职技能力","6888","心尽くしの職技","全心全意的职技"
"能力","2","職技アビリティ","职技能力","6889","一意専心","一心一意"
"能力","2","職技アビリティ","职技能力","6890","真・一意専心","真・一心一意"
"能力","2","職技アビリティ","职技能力","6891","対多職術","对多职业术"
"能力","2","職技アビリティ","职技能力","6892","孤高の英雄","孤高的英雄"
"能力","2","職技アビリティ","职技能力","6893","真・孤高の英雄","真・孤高的英雄"
"能力","2","職技アビリティ","职技能力","6894","クリティカルハープ","致命竖琴"
"能力","2","職技アビリティ","职技能力","6895","クリティカルメディスン","致命治疗"
"能力","2","職技アビリティ","职技能力","6896","ダークフォース","黑暗之力"
"能力","2","職技アビリティ","职技能力","6897","アルティメットフォース","究极之力"
"能力","2","職技アビリティ","职技能力","6898","快楽昇天の踊り","极乐升天的舞蹈"
"能力","2","職技アビリティ","职技能力","6899","快楽昇天の歌","极乐升天的歌声"
"能力","2","職技アビリティ","职技能力","6900","ヌルヌル殺しの御奉仕","黏滑杀手的侍奉"
"能力","2","職技アビリティ","职技能力","6901","快楽の奉仕者","极乐的侍奉者"
"能力","2","職技アビリティ","职技能力","6902","快楽ラッシュ","极乐冲击"
"能力","2","職技アビリティ","职技能力","6903","破邪のクナイ","破邪的苦无"
"能力","2","職技アビリティ","职技能力","6904","海狩り","海狩"
"能力","2","職技アビリティ","职技能力","6905","強敵を打ち破る一撃","击破强敌的一击"
"能力","2","職技アビリティ","职技能力","6906","真の必殺技","真正的必杀技"
"能力","2","職技アビリティ","职技能力","6907","欲喰いギャンブル","贪食赌博"
"能力","2","職技アビリティ","职技能力","6908","ダンスで勝負","舞蹈对决"
"能力","2","職技アビリティ","职技能力","6909","歌唱対決","歌唱对决"
"能力","2","職技アビリティ","职技能力","6910","除霊の話術","除灵的谈话术"
"能力","2","職技アビリティ","职技能力","6912","対兵器用マキナ","对兵器用器械"
"能力","2","職技アビリティ","职技能力","6913","高貴なる者も満足の味","高贵者也满足的味道"
"能力","2","職技アビリティ","职技能力","6914","天使をも魅了する味","连天使也为之倾倒的味道"
"能力","2","職技アビリティ","职技能力","6915","効率的人体破壊","高效的人体破坏"
"能力","2","職技アビリティ","职技能力","6916","高貴なる者への御奉仕","对高贵者的侍奉"
"能力","2","職技アビリティ","职技能力","6917","天地を統べる","统御天地"
"能力","2","職技アビリティ","职技能力","6918","猛毒のクナイ","猛毒的苦无"
"能力","2","職技アビリティ","职技能力","6919","海賊の搦め手","海贼的绞杀技"
"能力","2","職技アビリティ","职技能力","6920","ショッキングダンス","震撼舞蹈"
"能力","2","職技アビリティ","职技能力","6921","ショッキングソング","震撼歌曲"
"能力","2","職技アビリティ","职技能力","6922","アイドルダンス","偶像舞蹈"
"能力","2","職技アビリティ","职技能力","6923","アイドルソング","偶像歌曲"
"能力","2","職技アビリティ","职技能力","6924","極まりし偶像の踊り","极致偶像之舞"
"能力","2","職技アビリティ","职技能力","6925","極まりし偶像の歌","极致偶像之歌"
"能力","2","職技アビリティ","职技能力","6926","精神錯乱の話術","精神错乱的言术"
"能力","2","職技アビリティ","职技能力","6927","致死のマキナ","致命的器械"
"能力","2","職技アビリティ","职技能力","6928","洗礼料理",""
"能力","2","職技アビリティ","职技能力","6929","サバト料理","萨巴特料理"
"能力","2","職技アビリティ","职技能力","6930","非道なる医術","非道的医术"
"能力","2","職技アビリティ","职技能力","6931","過剰な御奉仕","过度的侍奉"
"能力","2","職技アビリティ","职技能力","6932","クィーンの淫技","女王的淫技"
"能力","2","職技アビリティ","职技能力","6933","ファーストスティール","初次偷窃"
"能力","2","職技アビリティ","职技能力","6934","手裏剣ダメージ強化","手里剑伤害强化"
"能力","2","職技アビリティ","职技能力","6935","手裏剣ダメージ超強化","手里剑伤害超强化"
"能力","2","職技アビリティ","职技能力","6936","ファーストランダマイザ","初次随机发生器"
"能力","2","職技アビリティ","职技能力","6937","オートランダマイザ","自动随机发生器"
"能力","2","職技アビリティ","职技能力","6938","属性ルーレット","属性轮盘"
"能力","2","職技アビリティ","职技能力","6939","スキルルーレット","技能轮盘"
"能力","2","職技アビリティ","职技能力","6940","ギャンブルジャンキー","赌博狂"
"能力","2","職技アビリティ","职技能力","6941","魅了の開幕","魅惑的开场"
"能力","2","職技アビリティ","职技能力","6942","ノンストップダンシング","不停歇的舞蹈"
"能力","2","職技アビリティ","职技能力","6943","ノンストップシンギング","不停歌唱"
"能力","2","職技アビリティ","职技能力","6944","ディレイダンス","延迟舞蹈"
"能力","2","職技アビリティ","职技能力","6945","固定砲台","固定炮台"
"能力","2","職技アビリティ","职技能力","6946","オートクッキング","自动烹饪"
"能力","2","職技アビリティ","职技能力","6947","元気モリモリ料理","元气满满料理"
"能力","2","職技アビリティ","职技能力","6948","活力モリモリ料理","活力满满料理"
"能力","2","職技アビリティ","职技能力","6949","メイドの片手間料理","女仆的空闲料理"
"能力","2","職技アビリティ","职技能力","6950","生身の英雄","肉身的英雄"
"能力","2","職技アビリティ","职技能力","6951","支援ビット","支援比特"
"能力","2","職技アビリティ","职技能力","6952","バスタービット","破坏比特"
"能力","2","職技アビリティ","职技能力","6953","サテライトビット","卫星比特"
"能力","2","職技アビリティ","职技能力","6954","オメガビット","欧米伽比特"
"能力","2","職技アビリティ","职技能力","6955","アシストバルカン","辅助火神"
"能力","2","職技アビリティ","职技能力","6956","アシストバースト","辅助爆发"
"能力","2","職技アビリティ","职技能力","6957","アシストフルバースト","辅助全爆发"
"能力","2","職技アビリティ","职技能力","6958","アシストギガバースト","辅助千兆爆发"
"能力","2","職技アビリティ","职技能力","6959","多重ロックオン","多重锁定"
"能力","2","職技アビリティ","职技能力","6960","フルロックオン","全锁定"
"能力","2","職技アビリティ","职技能力","6961","オーバーロックオン","超锁定"
"能力","2","職技アビリティ","职技能力","6962","加速装置",""
"能力","2","職技アビリティ","职技能力","6963","物理攻撃即死付加75%","物理攻击即死附加75%"
"能力","2","職技アビリティ","职技能力","6964","/物理攻撃即死付加100%",""
"能力","2","職技アビリティ","职技能力","6965","物理攻撃昇天付加75%","物理攻击升天附加75%"
"能力","2","職技アビリティ","职技能力","6966","/物理攻撃昇天付加100%",""
"能力","2","職技アビリティ","职技能力","6967","物理攻撃絶頂付加75%","物理攻击绝顶附加75%"
"能力","2","職技アビリティ","职技能力","6968","/物理攻撃絶頂付加100%",""
"能力","2","職技アビリティ","职技能力","6969","物理攻撃毒付加75%","物理攻击中毒附加75%"
"能力","2","職技アビリティ","职技能力","6970","/物理攻撃毒付加100%",""
"能力","2","職技アビリティ","职技能力","6971","物理攻撃暗闇付加75%","物理攻击黑暗附加75%"
"能力","2","職技アビリティ","职技能力","6972","/物理攻撃暗闇付加100%",""
"能力","2","職技アビリティ","职技能力","6973","物理攻撃沈黙付加75%","物理攻击沉默附加75%"
"能力","2","職技アビリティ","职技能力","6974","/物理攻撃沈黙付加100%",""
"能力","2","職技アビリティ","职技能力","6975","物理攻撃混乱付加75%","物理攻击混乱附加75%"
"能力","2","職技アビリティ","职技能力","6976","/物理攻撃混乱付加100%",""
"能力","2","職技アビリティ","职技能力","6977","物理攻撃睡眠付加75%","物理攻击睡眠附加75%"
"能力","2","職技アビリティ","职技能力","6978","/物理攻撃睡眠付加100%",""
"能力","2","職技アビリティ","职技能力","6979","物理攻撃麻痺付加75%","物理攻击麻痹附加75%"
"能力","2","職技アビリティ","职技能力","6980","/物理攻撃麻痺付加100%",""
"能力","2","職技アビリティ","职技能力","6981","物理攻撃バーン付加75%","物理攻击燃烧附加75%"
"能力","2","職技アビリティ","职技能力","6982","/物理攻撃バーン付加100%",""
"能力","2","職技アビリティ","职技能力","6983","物理攻撃フリーズ付加75%","物理攻击冻结附加75%"
"能力","2","職技アビリティ","职技能力","6984","/物理攻撃フリーズ付加100%",""
"能力","2","職技アビリティ","职技能力","6985","物理攻撃ショック付加75%","物理攻击电击附加75%"
"能力","2","職技アビリティ","职技能力","6986","/物理攻撃ショック付加100%",""
"能力","2","職技アビリティ","职技能力","6987","物理攻撃スロウ付加75%","物理攻击减速附加75%"
"能力","2","職技アビリティ","职技能力","6988","/物理攻撃スロウ付加100%",""
"能力","2","職技アビリティ","职技能力","6989","物理攻撃ストップ付加75%","物理攻击停止附加75%"
"能力","2","職技アビリティ","职技能力","6990","/物理攻撃ストップ付加100%",""
"能力","2","職技アビリティ","职技能力","6991","物理攻撃ミニマム付加75%","物理攻击缩小附加75%"
"能力","2","職技アビリティ","职技能力","6992","/物理攻撃ミニマム付加100%",""
"能力","2","職技アビリティ","职技能力","6993","物理攻撃ゾンビ付加75%","物理攻击僵尸化附加75%"
"能力","2","職技アビリティ","职技能力","6994","/物理攻撃ゾンビ付加100%",""
"能力","2","職技アビリティ","职技能力","6995","物理攻撃石化付加75%","物理攻击石化附加75%"
"能力","2","職技アビリティ","职技能力","6996","/物理攻撃石化付加100%",""
"能力","2","職技アビリティ","职技能力","6997","物理攻撃消化付加75%","物理攻击消化附加75%"
"能力","2","職技アビリティ","职技能力","6998","/物理攻撃消化付加100%",""
"能力","2","職技アビリティ","职技能力","6999","物理攻撃スタン付加75%","物理攻击眩晕附加75%"
"能力","2","職技アビリティ","职技能力","7000","/物理攻撃スタン付加100%",""
"能力","2","職技アビリティ","职技能力","7001","物理攻撃ヌルヌル付加75%","物理攻击黏滑附加75%"
"能力","2","職技アビリティ","职技能力","7002","/物理攻撃ヌルヌル付加100%",""
"能力","2","職技アビリティ","职技能力","7003","物理攻撃敏感付加75%","物理攻击敏感附加75%"
"能力","2","職技アビリティ","职技能力","7004","/物理攻撃敏感付加100%",""
"能力","2","職技アビリティ","职技能力","7005","物理攻撃恍惚付加75%","物理攻击恍惚附加75%"
"能力","2","職技アビリティ","职技能力","7006","/物理攻撃恍惚付加100%",""
"能力","2","職技アビリティ","职技能力","7007","物理攻撃誘惑付加75%","物理攻击诱惑附加75%"
"能力","2","職技アビリティ","职技能力","7008","/物理攻撃誘惑付加100%",""
"能力","2","職技アビリティ","职技能力","7009","物理攻撃失禁付加75%","物理攻击失禁附加75%"
"能力","2","職技アビリティ","职技能力","7010","/物理攻撃失禁付加100%",""
"能力","2","職技アビリティ","职技能力","7011","竪琴オーバーブースター","竖琴超增强"
"能力","2","職技アビリティ","职技能力","7012","包丁オーバーブースター","菜刀超增强"
"能力","2","職技アビリティ","职技能力","7013","そろばんオーバーブースター","算盘超增强"
"能力","2","職技アビリティ","职技能力","7014","メスオーバーブースター","手术刀超增强"
"能力","2","職技アビリティ","职技能力","7015","カードオーバーブースター","卡牌超增强"
"能力","2","職技アビリティ","职技能力","7016","皿オーバーブースター","盘超增强"
"能力","2","職技アビリティ","职技能力","7017","淫具オーバーブースター","淫具超增强"
"能力","2","職技アビリティ","职技能力","7018","盗賊技ハイブースター","盗贼技高级增强"
"能力","2","職技アビリティ","职技能力","7019","盗賊技エクスブースター","盗贼技极限增强"
"能力","2","職技アビリティ","职技能力","7020","盗賊技オーバーブースター","盗贼技超增强"
"能力","2","職技アビリティ","职技能力","7021","/盗賊技ブースター",""
"能力","2","職技アビリティ","职技能力","7022","/盗賊技ブースター",""
"能力","2","職技アビリティ","职技能力","7023","/盗賊技ブースター",""
"能力","2","職技アビリティ","职技能力","7024","忍術ハイブースター","忍术高级增强"
"能力","2","職技アビリティ","职技能力","7025","忍術エクスブースター","忍术极限增强"
"能力","2","職技アビリティ","职技能力","7026","忍術オーバーブースター","忍术超增强"
"能力","2","職技アビリティ","职技能力","7027","/忍術ブースター",""
"能力","2","職技アビリティ","职技能力","7028","/忍術ブースター",""
"能力","2","職技アビリティ","职技能力","7029","/忍術ブースター",""
"能力","2","職技アビリティ","职技能力","7030","海賊技ハイブースター","海贼技高级增强"
"能力","2","職技アビリティ","职技能力","7031","海賊技エクスブースター","海贼技极限增强"
"能力","2","職技アビリティ","职技能力","7032","海賊技オーバーブースター","海贼技超增强"
"能力","2","職技アビリティ","职技能力","7033","/海賊技ブースター",""
"能力","2","職技アビリティ","职技能力","7034","/海賊技ブースター",""
"能力","2","職技アビリティ","职技能力","7035","/海賊技ブースター",""
"能力","2","職技アビリティ","职技能力","7036","ヒーロー技ハイブースター","英雄技高级增强"
"能力","2","職技アビリティ","职技能力","7037","ヒーロー技エクスブースター","英雄技极限增强"
"能力","2","職技アビリティ","职技能力","7038","ヒーロー技オーバーブースター","英雄技超增强"
"能力","2","職技アビリティ","职技能力","7039","/ヒーロー技ブースター",""
"能力","2","職技アビリティ","职技能力","7040","/ヒーロー技ブースター",""
"能力","2","職技アビリティ","职技能力","7041","/ヒーロー技ブースター",""
"能力","2","職技アビリティ","职技能力","7042","商技ハイブースター","商技高级增强"
"能力","2","職技アビリティ","职技能力","7043","商技エクスブースター","商技极限增强"
"能力","2","職技アビリティ","职技能力","7044","商技オーバーブースター","商技超增强"
"能力","2","職技アビリティ","职技能力","7045","/商技ブースター",""
"能力","2","職技アビリティ","职技能力","7046","/商技ブースター",""
"能力","2","職技アビリティ","职技能力","7047","/商技ブースター",""
"能力","2","職技アビリティ","职技能力","7048","EXアイテムハイブースター","EX物品高级增强"
"能力","2","職技アビリティ","职技能力","7049","EXアイテムエクスブースター","EX物品极限增强"
"能力","2","職技アビリティ","职技能力","7050","EXアイテムオーバーブースター","EX物品超增强"
"能力","2","職技アビリティ","职技能力","7051","/EXアイテムブースター",""
"能力","2","職技アビリティ","职技能力","7052","/EXアイテムブースター",""
"能力","2","職技アビリティ","职技能力","7053","/EXアイテムブースター",""
"能力","2","職技アビリティ","职技能力","7054","オラクルハイブースター","神谕高级增强"
"能力","2","職技アビリティ","职技能力","7055","オラクルエクスブースター","神谕极限增强"
"能力","2","職技アビリティ","职技能力","7056","オラクルオーバーブースター","神谕超增强"
"能力","2","職技アビリティ","职技能力","7057","/オラクルブースター",""
"能力","2","職技アビリティ","职技能力","7058","/オラクルブースター",""
"能力","2","職技アビリティ","职技能力","7059","/オラクルブースター",""
"能力","2","職技アビリティ","职技能力","7060","踊るハイブースター","舞蹈高级增强"
"能力","2","職技アビリティ","职技能力","7061","踊るエクスブースター","舞蹈极限增强"
"能力","2","職技アビリティ","职技能力","7062","踊るオーバーブースター","舞蹈超增强"
"能力","2","職技アビリティ","职技能力","7063","/踊るブースター",""
"能力","2","職技アビリティ","职技能力","7064","/踊るブースター",""
"能力","2","職技アビリティ","职技能力","7065","/踊るブースター",""
"能力","2","職技アビリティ","职技能力","7066","歌うハイブースター","歌唱高级增强"
"能力","2","職技アビリティ","职技能力","7067","歌うエクスブースター","歌唱极限增强"
"能力","2","職技アビリティ","职技能力","7068","歌うオーバーブースター","歌唱超增强"
"能力","2","職技アビリティ","职技能力","7069","/歌うブースター",""
"能力","2","職技アビリティ","职技能力","7070","/歌うブースター",""
"能力","2","職技アビリティ","职技能力","7071","/歌うブースター",""
"能力","2","職技アビリティ","职技能力","7072","話すハイブースター","交谈高级增强"
"能力","2","職技アビリティ","职技能力","7073","話すエクスブースター","交谈极限增强"
"能力","2","職技アビリティ","职技能力","7074","話すオーバーブースター","交谈超增强"
"能力","2","職技アビリティ","职技能力","7075","/話すブースター",""
"能力","2","職技アビリティ","职技能力","7076","/話すブースター",""
"能力","2","職技アビリティ","职技能力","7077","/話すブースター",""
"能力","2","職技アビリティ","职技能力","7078","マキナオーバーブースター","器械超增强"
"能力","2","職技アビリティ","职技能力","7079","/マキナブースター",""
"能力","2","職技アビリティ","职技能力","7080","/マキナブースター",""
"能力","2","職技アビリティ","职技能力","7081","/マキナブースター",""
"能力","2","職技アビリティ","职技能力","7082","料理ハイブースター","料理高级增强"
"能力","2","職技アビリティ","职技能力","7083","料理エクスブースター","料理极限增强"
"能力","2","職技アビリティ","职技能力","7084","料理オーバーブースター","料理超增强"
"能力","2","職技アビリティ","职技能力","7085","/料理ブースター",""
"能力","2","職技アビリティ","职技能力","7086","/料理ブースター",""
"能力","2","職技アビリティ","职技能力","7087","/料理ブースター",""
"能力","2","職技アビリティ","职技能力","7088","医術ハイブースター","医术高级增强"
"能力","2","職技アビリティ","职技能力","7089","医術エクスブースター","医术极限增强"
"能力","2","職技アビリティ","职技能力","7090","医術オーバーブースター","医术超增强"
"能力","2","職技アビリティ","职技能力","7091","/医術ブースター",""
"能力","2","職技アビリティ","职技能力","7092","/医術ブースター",""
"能力","2","職技アビリティ","职技能力","7093","/医術ブースター",""
"能力","2","職技アビリティ","职技能力","7094","御奉仕ハイブースター","侍奉高级增强"
"能力","2","職技アビリティ","职技能力","7095","御奉仕エクスブースター","侍奉极限增强"
"能力","2","職技アビリティ","职技能力","7096","御奉仕オーバーブースター","侍奉超增强"
"能力","2","職技アビリティ","职技能力","7097","/御奉仕ブースター",""
"能力","2","職技アビリティ","职技能力","7098","/御奉仕ブースター",""
"能力","2","職技アビリティ","职技能力","7099","/御奉仕ブースター",""
"能力","2","職技アビリティ","职技能力","7100","王技ハイブースター","王技高级增强"
"能力","2","職技アビリティ","职技能力","7101","王技エクスブースター","王技极限增强"
"能力","2","職技アビリティ","职技能力","7102","王技オーバーブースター","王技超增强"
"能力","2","職技アビリティ","职技能力","7103","/王技ブースター",""
"能力","2","職技アビリティ","职技能力","7104","/王技ブースター",""
"能力","2","職技アビリティ","职技能力","7105","/王技ブースター",""
"能力","2","職技アビリティ","职技能力","7106","勇者技ハイブースター","勇者技高级增强"
"能力","2","職技アビリティ","职技能力","7107","勇者技エクスブースター","勇者技极限增强"
"能力","2","職技アビリティ","职技能力","7108","勇者技オーバーブースター","勇者技超增强"
"能力","2","職技アビリティ","职技能力","7109","/勇者技ブースター",""
"能力","2","職技アビリティ","职技能力","7110","/勇者技ブースター",""
"能力","2","職技アビリティ","职技能力","7111","/勇者技ブースター",""
"能力","2","職技アビリティ","职技能力","7112","淫技ハイブースター","淫技高级增强"
"能力","2","職技アビリティ","职技能力","7113","淫技エクスブースター","淫技极限增强"
"能力","2","職技アビリティ","职技能力","7114","淫技オーバーブースター","淫技超增强"
"能力","2","職技アビリティ","职技能力","7115","/淫技ブースター",""
"能力","2","職技アビリティ","职技能力","7116","/淫技ブースター",""
"能力","2","職技アビリティ","职技能力","7117","/淫技ブースター",""
"能力","2","職技アビリティ","职技能力","7118","全職技スキル使用可能","全职技技能可用"
"能力","2","職技アビリティ","职技能力","7119","盗賊技速攻","盗贼技速攻"
"能力","2","職技アビリティ","职技能力","7120","忍術速攻","忍术速攻"
"能力","2","職技アビリティ","职技能力","7121","海賊技速攻","海贼技速攻"
"能力","2","職技アビリティ","职技能力","7122","ヒーロー技速攻","英雄技速攻"
"能力","2","職技アビリティ","职技能力","7123","商技速攻",""
"能力","2","職技アビリティ","职技能力","7124","EXアイテム速攻","EX物品速攻"
"能力","2","職技アビリティ","职技能力","7125","オラクル速攻","神谕速攻"
"能力","2","職技アビリティ","职技能力","7126","踊る速攻","舞蹈速攻"
"能力","2","職技アビリティ","职技能力","7127","歌う速攻","歌唱速攻"
"能力","2","職技アビリティ","职技能力","7128","話す速攻","交谈速攻"
"能力","2","職技アビリティ","职技能力","7129","マキナ速攻","器械速攻"
"能力","2","職技アビリティ","职技能力","7130","料理速攻",""
"能力","2","職技アビリティ","职技能力","7131","医術速攻","医术速攻"
"能力","2","職技アビリティ","职技能力","7132","御奉仕速攻","侍奉速攻"
"能力","2","職技アビリティ","职技能力","7133","王技速攻",""
"能力","2","職技アビリティ","职技能力","7134","勇者技速攻",""
"能力","2","職技アビリティ","职技能力","7135","淫技速攻",""
"能力","2","職技アビリティ","职技能力","7136","全職技スキル速攻","全职技技能迅速发动"
"能力","2","職技アビリティ","职技能力","7137","忍術防御力無視","忍术防御力无视"
"能力","2","職技アビリティ","职技能力","7138","海賊技防御力無視","海贼技防御力无视"
"能力","2","職技アビリティ","职技能力","7139","ヒーロー技防御力無視","英雄技防御力无视"
"能力","2","職技アビリティ","职技能力","7140","商技防御力無視","商技防御力无视"
"能力","2","職技アビリティ","职技能力","7141","EXアイテム防御力無視","EX物品防御力无视"
"能力","2","職技アビリティ","职技能力","7142","オラクル防御力無視","神谕防御力无视"
"能力","2","職技アビリティ","职技能力","7143","踊る防御力無視","舞蹈防御力无视"
"能力","2","職技アビリティ","职技能力","7144","歌う防御力無視","歌唱防御力无视"
"能力","2","職技アビリティ","职技能力","7145","話す防御力無視","交谈防御力无视"
"能力","2","職技アビリティ","职技能力","7146","料理防御力無視","烹饪防御力无视"
"能力","2","職技アビリティ","职技能力","7147","医術防御力無視","医术防御力无视"
"能力","2","職技アビリティ","职技能力","7148","御奉仕防御力無視","侍奉防御力无视"
"能力","2","職技アビリティ","职技能力","7149","王技防御力無視","王技防御力无视"
"能力","2","職技アビリティ","职技能力","7150","勇者技防御力無視","勇者技防御力无视"
"能力","2","職技アビリティ","职技能力","7151","淫技防御力無視","淫技防御力无视"
"能力","2","職技アビリティ","职技能力","7152","全職技スキル防御力無視","全职技技能防御力无视"
"能力","2","職技アビリティ","职技能力","7153","忍術連撃回数2アップ","忍术连击次数增加2"
"能力","2","職技アビリティ","职技能力","7154","忍術連撃回数3アップ","忍术连击次数增加3"
"能力","2","職技アビリティ","职技能力","7155","海賊技連撃回数2アップ","海贼技连击次数增加2"
"能力","2","職技アビリティ","职技能力","7156","海賊技連撃回数3アップ","海贼技连击次数增加3"
"能力","2","職技アビリティ","职技能力","7157","淫技連撃回数2アップ","淫技连击次数增加2"
"能力","2","職技アビリティ","职技能力","7158","淫技連撃回数3アップ","淫技连击次数增加3"
"能力","2","職技アビリティ","职技能力","7159","忍術魔力半分付加","忍术附加一半的魔力"
"能力","2","職技アビリティ","职技能力","7160","忍術素早さ半分付加","忍术附加一半的敏捷"
"能力","2","職技アビリティ","职技能力","7161","海賊技防御力半分付加","海贼技附加一半的防御力"
"能力","2","職技アビリティ","职技能力","7162","海賊技精神力半分付加","海贼技附加一半的精神力"
"能力","2","職技アビリティ","职技能力","7163","ヒーロー技防御力半分付加","英雄技附加一半的防御力"
"能力","2","職技アビリティ","职技能力","7164","ヒーロー技精神力半分付加","英雄技附加一半的精神力"
"能力","2","職技アビリティ","职技能力","7165","オラクル魔力半分付加","神谕附加一半的魔力"
"能力","2","職技アビリティ","职技能力","7166","踊る魔力半分付加","舞蹈附加一半的魔力"
"能力","2","職技アビリティ","职技能力","7167","踊る精神力半分付加","舞蹈附加一半的精神力"
"能力","2","職技アビリティ","职技能力","7168","踊る素早さ半分付加","舞蹈附加一半的敏捷"
"能力","2","職技アビリティ","职技能力","7169","歌う魔力半分付加","歌唱附加一半的魔力"
"能力","2","職技アビリティ","职技能力","7170","歌う精神力半分付加","歌唱附加一半的精神力"
"能力","2","職技アビリティ","职技能力","7171","歌う素早さ半分付加","歌唱附加一半的敏捷"
"能力","2","職技アビリティ","职技能力","7172","マキナ攻撃力半分付加","器械附加一半的攻击力"
"能力","2","職技アビリティ","职技能力","7173","医術素早さ半分付加","医术附加一半的敏捷"
"能力","2","職技アビリティ","职技能力","7174","御奉仕素早さ半分付加","侍奉附加一半的敏捷"
"能力","2","職技アビリティ","职技能力","7175","王技防御力半分付加","王技附加一半的防御力"
"能力","2","職技アビリティ","职技能力","7176","王技精神力半分付加","王技附加一半的精神力"
"能力","2","職技アビリティ","职技能力","7177","王技器用さ半分付加","王技附加一半的灵巧"
"能力","2","職技アビリティ","职技能力","7178","勇者技防御力半分付加","勇者技附加一半的防御力"
"能力","2","職技アビリティ","职技能力","7179","勇者技精神力半分付加","勇者技附加一半的精神力"
"能力","2","職技アビリティ","职技能力","7180","淫技攻撃力半分付加","淫技附加一半的攻击力"
"能力","2","職技アビリティ","职技能力","7181","淫技魔力半分付加","淫技附加一半的魔力"
"能力","2","職技アビリティ","职技能力","7182","淫技精神力半分付加","淫技附加一半的精神力"
"能力","2","職技アビリティ","职技能力","7183","淫技素早さ半分付加","淫技附加一半的敏捷"
"能力","2","職技アビリティ","职技能力","7184","盗賊技頑強発動","盗贼技顽强发动"
"能力","2","職技アビリティ","职技能力","7185","忍術頑強発動","忍术顽强发动"
"能力","2","職技アビリティ","职技能力","7186","海賊技頑強発動","海贼技顽强发动"
"能力","2","職技アビリティ","职技能力","7187","ヒーロー技頑強発動","英雄技顽强发动"
"能力","2","職技アビリティ","职技能力","7188","商技頑強発動","商技顽强发动"
"能力","2","職技アビリティ","职技能力","7189","EXアイテム頑強発動","EX物品顽强发动"
"能力","2","職技アビリティ","职技能力","7190","オラクル頑強発動","神谕顽强发动"
"能力","2","職技アビリティ","职技能力","7191","踊る頑強発動","舞蹈顽强发动"
"能力","2","職技アビリティ","职技能力","7192","歌う頑強発動","歌唱顽强发动"
"能力","2","職技アビリティ","职技能力","7193","話す頑強発動","交谈顽强发动"
"能力","2","職技アビリティ","职技能力","7194","マキナ頑強発動","器械顽强发动"
"能力","2","職技アビリティ","职技能力","7195","料理頑強発動","料理顽强发动"
"能力","2","職技アビリティ","职技能力","7196","医術頑強発動","医术顽强发动"
"能力","2","職技アビリティ","职技能力","7197","御奉仕頑強発動","侍奉顽强发动"
"能力","2","職技アビリティ","职技能力","7198","王技頑強発動","王技顽强发动"
"能力","2","職技アビリティ","职技能力","7199","勇者技頑強発動","勇者技顽强发动"
"能力","2","職技アビリティ","职技能力","7200","淫技頑強発動","淫技顽强发动"
"能力","2","職技アビリティ","职技能力","7201","頑固一徹","顽固一彻"
"能力","2","職技アビリティ","职技能力","7202","盗賊技二連続発動",""
"能力","2","職技アビリティ","职技能力","7203","/盗賊技三連続発動",""
"能力","2","職技アビリティ","职技能力","7204","忍術二連続発動",""
"能力","2","職技アビリティ","职技能力","7205","/忍術三連続発動",""
"能力","2","職技アビリティ","职技能力","7206","海賊技二連続発動",""
"能力","2","職技アビリティ","职技能力","7207","/海賊技三連続発動",""
"能力","2","職技アビリティ","职技能力","7208","ヒーロー技二連続発動",""
"能力","2","職技アビリティ","职技能力","7209","/ヒーロー技三連続発動",""
"能力","2","職技アビリティ","职技能力","7210","商技二連続発動",""
"能力","2","職技アビリティ","职技能力","7211","/商技三連続発動",""
"能力","2","職技アビリティ","职技能力","7212","EXアイテム二連続発動",""
"能力","2","職技アビリティ","职技能力","7213","/EXアイテム三連続発動",""
"能力","2","職技アビリティ","职技能力","7214","オラクル二連続発動",""
"能力","2","職技アビリティ","职技能力","7215","/オラクル三連続発動",""
"能力","2","職技アビリティ","职技能力","7216","踊る二連続発動",""
"能力","2","職技アビリティ","职技能力","7217","/踊る三連続発動",""
"能力","2","職技アビリティ","职技能力","7218","歌う二連続発動",""
"能力","2","職技アビリティ","职技能力","7219","/歌う三連続発動",""
"能力","2","職技アビリティ","职技能力","7220","話す二連続発動",""
"能力","2","職技アビリティ","职技能力","7221","/話す三連続発動",""
"能力","2","職技アビリティ","职技能力","7222","マキナ二連続発動",""
"能力","2","職技アビリティ","职技能力","7223","/マキナ三連続発動",""
"能力","2","職技アビリティ","职技能力","7224","料理二連続発動",""
"能力","2","職技アビリティ","职技能力","7225","/料理三連続発動",""
"能力","2","職技アビリティ","职技能力","7226","医術二連続発動",""
"能力","2","職技アビリティ","职技能力","7227","/医術三連続発動",""
"能力","2","職技アビリティ","职技能力","7228","御奉仕二連続発動",""
"能力","2","職技アビリティ","职技能力","7229","/御奉仕三連続発動",""
"能力","2","職技アビリティ","职技能力","7230","王技二連続発動",""
"能力","2","職技アビリティ","职技能力","7231","/王技三連続発動",""
"能力","2","職技アビリティ","职技能力","7232","勇者技二連続発動",""
"能力","2","職技アビリティ","职技能力","7233","/勇者技三連続発動",""
"能力","2","職技アビリティ","职技能力","7234","淫技二連続発動",""
"能力","2","職技アビリティ","职技能力","7235","/淫技三連続発動",""
"能力","2","職技アビリティ","职技能力","7236","/職技三連続発動",""
"能力","2","職技アビリティ","职技能力","9962","素早さのオーバーロード","敏捷超负荷"
"能力","2","職技アビリティ","职技能力","9963","器用さのオーバーロード","灵巧超负荷"
"能力","2","職技アビリティ","职技能力","10023","お仕置きの職技","惩罚的职技"
"能力","2","職技アビリティ","职技能力","10024","絶え間なき魅惑","无尽的魅惑"
"能力","2","職技アビリティ","职技能力","10025","ランダムアクト","随机行动"
"能力","2","職技アビリティ","职技能力","10026","全職技防御力付加","全职技防御力附加"
"能力","2","職技アビリティ","职技能力","10027","全職技魔力付加","全职技魔力附加"
"能力","2","職技アビリティ","职技能力","10028","全職技精神力付加","全职技精神力附加"
"能力","2","職技アビリティ","职技能力","10029","全職技素早さ付加","全职技敏捷附加"
"能力","2","職技アビリティ","职技能力","10076","影紬大爆発","影䌷大爆炸"
"能力","3","魔法アビリティ","魔法能力","446","MP10%アップ","MP提升10%"
"能力","3","魔法アビリティ","魔法能力","447","MP20%アップ","MP提升20%"
"能力","3","魔法アビリティ","魔法能力","448","MP30%アップ","MP提升30%"
"能力","3","魔法アビリティ","魔法能力","449","MP40%アップ","MP提升40%"
"能力","3","魔法アビリティ","魔法能力","450","MP50%アップ","MP提升50%"
"能力","3","魔法アビリティ","魔法能力","451","魔力10%アップ","魔力提升10%"
"能力","3","魔法アビリティ","魔法能力","452","魔力20%アップ","魔力提升20%"
"能力","3","魔法アビリティ","魔法能力","453","魔力30%アップ","魔力提升30%"
"能力","3","魔法アビリティ","魔法能力","454","魔力40%アップ","魔力提升40%"
"能力","3","魔法アビリティ","魔法能力","455","魔力50%アップ","魔力提升50%"
"能力","3","魔法アビリティ","魔法能力","456","MP消費3/4",""
"能力","3","魔法アビリティ","魔法能力","457","MP消費1/2",""
"能力","3","魔法アビリティ","魔法能力","458","MP消費1/4",""
"能力","3","魔法アビリティ","魔法能力","459","MP究極消費ダウン","MP究极消耗降低"
"能力","3","魔法アビリティ","魔法能力","460","ライトマジック","轻魔法"
"能力","3","魔法アビリティ","魔法能力","461","ヘビィマジック","重魔法"
"能力","3","魔法アビリティ","魔法能力","462","魔導コンバーター","魔导转换器"
"能力","3","魔法アビリティ","魔法能力","463","魔導リフレクト","魔导反射"
"能力","3","魔法アビリティ","魔法能力","464","常時マジックカーテン","常时魔法屏障"
"能力","3","魔法アビリティ","魔法能力","465","妖精の生け贄","妖精的祭品"
"能力","3","魔法アビリティ","魔法能力","467","快楽ブースター","快乐增强"
"能力","3","魔法アビリティ","魔法能力","468","快楽ハイブースター","快乐高级增强"
"能力","3","魔法アビリティ","魔法能力","469","快楽エクスブースター","快乐极限增强"
"能力","3","魔法アビリティ","魔法能力","470","炎ブースター","炎增强"
"能力","3","魔法アビリティ","魔法能力","471","炎ハイブースター","炎高级增强"
"能力","3","魔法アビリティ","魔法能力","472","炎エクスブースター","炎极限增强"
"能力","3","魔法アビリティ","魔法能力","473","氷ブースター","冰增强"
"能力","3","魔法アビリティ","魔法能力","474","氷ハイブースター","冰高级增强"
"能力","3","魔法アビリティ","魔法能力","475","氷エクスブースター","冰极限增强"
"能力","3","魔法アビリティ","魔法能力","476","雷ブースター","雷增强"
"能力","3","魔法アビリティ","魔法能力","477","雷ハイブースター","雷高级增强"
"能力","3","魔法アビリティ","魔法能力","478","雷エクスブースター","雷极限增强"
"能力","3","魔法アビリティ","魔法能力","479","風ブースター","风增强"
"能力","3","魔法アビリティ","魔法能力","480","風ハイブースター","风高级增强"
"能力","3","魔法アビリティ","魔法能力","481","風エクスブースター","风极限增强"
"能力","3","魔法アビリティ","魔法能力","482","土ブースター","土增强"
"能力","3","魔法アビリティ","魔法能力","483","土ハイブースター","土高级增强"
"能力","3","魔法アビリティ","魔法能力","484","土エクスブースター","土极限增强"
"能力","3","魔法アビリティ","魔法能力","485","水ブースター","水增强"
"能力","3","魔法アビリティ","魔法能力","486","水ハイブースター","水高级增强"
"能力","3","魔法アビリティ","魔法能力","487","水エクスブースター","水极限增强"
"能力","3","魔法アビリティ","魔法能力","488","聖ブースター","圣增强"
"能力","3","魔法アビリティ","魔法能力","489","聖ハイブースター","圣高级增强"
"能力","3","魔法アビリティ","魔法能力","490","聖エクスブースター","圣极限增强"
"能力","3","魔法アビリティ","魔法能力","491","闇ブースター","暗增强"
"能力","3","魔法アビリティ","魔法能力","492","闇ハイブースター","暗高级增强"
"能力","3","魔法アビリティ","魔法能力","493","闇エクスブースター","暗极限增强"
"能力","3","魔法アビリティ","魔法能力","494","音波ブースター","音波增强"
"能力","3","魔法アビリティ","魔法能力","495","音波ハイブースター","音波高级增强"
"能力","3","魔法アビリティ","魔法能力","496","音波エクスブースター","音波极限增强"
"能力","3","魔法アビリティ","魔法能力","497","バイオブースター","生化增强"
"能力","3","魔法アビリティ","魔法能力","498","バイオハイブースター","生化高级增强"
"能力","3","魔法アビリティ","魔法能力","499","バイオエクスブースター","生化极限增强"
"能力","3","魔法アビリティ","魔法能力","500","回復ブースター","恢复增强"
"能力","3","魔法アビリティ","魔法能力","501","回復ハイブースター","恢复高级增强"
"能力","3","魔法アビリティ","魔法能力","502","回復エクスブースター","恢复极限增强"
"能力","3","魔法アビリティ","魔法能力","503","杖ブースター","杖增强"
"能力","3","魔法アビリティ","魔法能力","504","杖ハイブースター","杖高级增强"
"能力","3","魔法アビリティ","魔法能力","505","杖エクスブースター","杖极限增强"
"能力","3","魔法アビリティ","魔法能力","506","ロッドブースター","法杖增强"
"能力","3","魔法アビリティ","魔法能力","507","ロッドハイブースター","法杖高级增强"
"能力","3","魔法アビリティ","魔法能力","508","ロッドエクスブースター","法杖极限增强"
"能力","3","魔法アビリティ","魔法能力","509","魔導書ブースター","魔导书增强"
"能力","3","魔法アビリティ","魔法能力","510","魔導書ハイブースター","魔导书高级增强"
"能力","3","魔法アビリティ","魔法能力","511","魔導書エクスブースター","魔导书极限增强"
"能力","3","魔法アビリティ","魔法能力","512","「魔導剣」装備可能","可以装备「魔导剑」"
"能力","3","魔法アビリティ","魔法能力","513","「杖」装備可能","可以装备「杖」"
"能力","3","魔法アビリティ","魔法能力","514","「ロッド」装備可能","可以装备「法杖」"
"能力","3","魔法アビリティ","魔法能力","515","「魔導書」装備可能","可以装备「魔导书」"
"能力","3","魔法アビリティ","魔法能力","516","「白魔法」使用可能","可以使用「白魔法」"
"能力","3","魔法アビリティ","魔法能力","517","「黒魔法」使用可能","可以使用「黑魔法」"
"能力","3","魔法アビリティ","魔法能力","518","「時魔法」使用可能","可以使用「时魔法」"
"能力","3","魔法アビリティ","魔法能力","519","「召喚」使用可能","可以使用「召唤」"
"能力","3","魔法アビリティ","魔法能力","520","「聖技」使用可能","可以使用「圣技」"
"能力","3","魔法アビリティ","魔法能力","521","「闇技」使用可能","可以使用「暗技」"
"能力","3","魔法アビリティ","魔法能力","522","「魔法剣」使用可能","可以使用「魔法剑」"
"能力","3","魔法アビリティ","魔法能力","523","「陰陽術」使用可能","可以使用「阴阳术」"
"能力","3","魔法アビリティ","魔法能力","524","「魔導科学」使用可能","可以使用「魔导科学」"
"能力","3","魔法アビリティ","魔法能力","525","「錬金術」使用可能","可以使用「炼金术」"
"能力","3","魔法アビリティ","魔法能力","526","「魔本術」使用可能","可以使用「魔本术」"
"能力","3","魔法アビリティ","魔法能力","527","魔法二連続発動",""
"能力","3","魔法アビリティ","魔法能力","6911","被造物への対抗策","对造物的对策"
"能力","3","魔法アビリティ","魔法能力","7242","MP75%アップ","MP提升75%"
"能力","3","魔法アビリティ","魔法能力","7243","MP100%アップ","MP提升100%"
"能力","3","魔法アビリティ","魔法能力","7244","MP150%アップ","MP提升150%"
"能力","3","魔法アビリティ","魔法能力","7245","MP200%アップ","MP提升200%"
"能力","3","魔法アビリティ","魔法能力","7246","/MP300%アップ",""
"能力","3","魔法アビリティ","魔法能力","7247","魔力75%アップ","魔力提升75%"
"能力","3","魔法アビリティ","魔法能力","7248","魔力100%アップ","魔力提升100%"
"能力","3","魔法アビリティ","魔法能力","7249","魔力150%アップ","魔力提升150%"
"能力","3","魔法アビリティ","魔法能力","7250","魔力200%アップ","魔力提升200%"
"能力","3","魔法アビリティ","魔法能力","7251","/魔力300%アップ",""
"能力","3","魔法アビリティ","魔法能力","7252","魔法会心10%アップ","魔法暴击提升10%"
"能力","3","魔法アビリティ","魔法能力","7253","魔法会心30%アップ","魔法暴击提升30%"
"能力","3","魔法アビリティ","魔法能力","7254","魔法会心50%アップ","魔法暴击提升50%"
"能力","3","魔法アビリティ","魔法能力","7255","魔法会心75%アップ","魔法暴击提升75%"
"能力","3","魔法アビリティ","魔法能力","7256","完全魔法会心","完全魔法暴击"
"能力","3","魔法アビリティ","魔法能力","7257","リミットバースト","极限爆发"
"能力","3","魔法アビリティ","魔法能力","7258","魔法MPバースト","魔法MP爆发"
"能力","3","魔法アビリティ","魔法能力","7259","魔法MPハイバースト","魔法MP超级爆发"
"能力","3","魔法アビリティ","魔法能力","7260","体力低下時魔法強化","体力降低时魔法强化"
"能力","3","魔法アビリティ","魔法能力","7261","体力低下時魔法超強化","体力降低时魔法超强化"
"能力","3","魔法アビリティ","魔法能力","7262","収束魔導","收敛魔导"
"能力","3","魔法アビリティ","魔法能力","7263","螺旋収束魔導","螺旋收敛魔导"
"能力","3","魔法アビリティ","魔法能力","7264","真・螺旋収束魔導","真・螺旋收敛魔导"
"能力","3","魔法アビリティ","魔法能力","7265","拡散魔導","扩散魔导"
"能力","3","魔法アビリティ","魔法能力","7266","波動拡散魔導","波动扩散魔导"
"能力","3","魔法アビリティ","魔法能力","7267","真・波動拡散魔導","真・波动扩散魔导"
"能力","3","魔法アビリティ","魔法能力","7268","バリアントマジック","变异魔法"
"能力","3","魔法アビリティ","魔法能力","7269","通電黒魔法","通电黑魔法"
"能力","3","魔法アビリティ","魔法能力","7270","快楽昇天の魔導","快乐升天的魔导"
"能力","3","魔法アビリティ","魔法能力","7271","時の浸食","时间的侵蚀"
"能力","3","魔法アビリティ","魔法能力","7272","混沌への傾倒","向混沌的倾斜"
"能力","3","魔法アビリティ","魔法能力","7273","不覚の召喚","失策的召唤"
"能力","3","魔法アビリティ","魔法能力","7274","白の洗礼","白的洗礼"
"能力","3","魔法アビリティ","魔法能力","7275","黒の洗礼","黑的洗礼"
"能力","3","魔法アビリティ","魔法能力","7276","対反応陰陽術","对反应阴阳术"
"能力","3","魔法アビリティ","魔法能力","7277","バリアントブック","变种书"
"能力","3","魔法アビリティ","魔法能力","7278","バリアントサイコ","变种念动"
"能力","3","魔法アビリティ","魔法能力","7279","吸魔殺しの魔術","吸魔杀之魔术"
"能力","3","魔法アビリティ","魔法能力","7280","アンチエレメンタル","反元素"
"能力","3","魔法アビリティ","魔法能力","7281","人形劣化術","人偶劣化术"
"能力","3","魔法アビリティ","魔法能力","7282","抹消措置：白","抹消措施：白"
"能力","3","魔法アビリティ","魔法能力","7283","抹消措置：黒","抹消措施：黑"
"能力","3","魔法アビリティ","魔法能力","7284","抹消措置：時","抹消措施：时"
"能力","3","魔法アビリティ","魔法能力","7285","カオス対処措置：白","混沌应对措施：白"
"能力","3","魔法アビリティ","魔法能力","7286","カオス対処措置：黒","混沌应对措施：黑"
"能力","3","魔法アビリティ","魔法能力","7287","カオス対処措置：時","混沌应对措施：时"
"能力","3","魔法アビリティ","魔法能力","7288","対神抹消措置：白","对神抹消措施：白"
"能力","3","魔法アビリティ","魔法能力","7289","対神抹消措置：黒","对神抹消措施：黑"
"能力","3","魔法アビリティ","魔法能力","7290","対神抹消措置：時","对神抹消措施：时"
"能力","3","魔法アビリティ","魔法能力","7291","破邪の符","破邪之符"
"能力","3","魔法アビリティ","魔法能力","7292","妖魔殺しの本","妖魔杀手之书"
"能力","3","魔法アビリティ","魔法能力","7293","目潰しの魔法","目盲之魔法"
"能力","3","魔法アビリティ","魔法能力","7294","聖魔反応時魔法","圣魔反应时魔法"
"能力","3","魔法アビリティ","魔法能力","7295","弱体召喚","弱化召唤"
"能力","3","魔法アビリティ","魔法能力","7296","精神錯乱の本","精神错乱之书"
"能力","3","魔法アビリティ","魔法能力","7297","アドバンスドサイコ","高级念动"
"能力","3","魔法アビリティ","魔法能力","7298","ホーリークリティカル","神圣致命"
"能力","3","魔法アビリティ","魔法能力","7299","ダーククリティカル","暗黑暴击"
"能力","3","魔法アビリティ","魔法能力","7300","烈風の矢","烈风之矢"
"能力","3","魔法アビリティ","魔法能力","7301","ナイトメアマギ","噩梦魔法"
"能力","3","魔法アビリティ","魔法能力","7302","快楽を極めし者","快乐达到极致者"
"能力","3","魔法アビリティ","魔法能力","7303","悪夢の触手","恶梦触手"
"能力","3","魔法アビリティ","魔法能力","7304","悦楽の突風","悦乐突风"
"能力","3","魔法アビリティ","魔法能力","7305","悪夢の突風","恶梦突风"
"能力","3","魔法アビリティ","魔法能力","7306","怨嗟の人魚","怨嗟人鱼"
"能力","3","魔法アビリティ","魔法能力","7307","堕天反転","堕天反转"
"能力","3","魔法アビリティ","魔法能力","7308","フォースエッジ","力量之刃"
"能力","3","魔法アビリティ","魔法能力","7309","ランダムフォース","随机之力"
"能力","3","魔法アビリティ","魔法能力","7310","魔法剣混沌属性付加","魔法剑混沌属性附加"
"能力","3","魔法アビリティ","魔法能力","7311","ウィズヒール","治愈之力"
"能力","3","魔法アビリティ","魔法能力","7312","ウィズブレイブ","勇气之力"
"能力","3","魔法アビリティ","魔法能力","7313","ウィズアタック","攻击之力"
"能力","3","魔法アビリティ","魔法能力","7314","ウィズガード","防御之力"
"能力","3","魔法アビリティ","魔法能力","7315","ウィズマジック","魔法之力"
"能力","3","魔法アビリティ","魔法能力","7316","ウィズクイック","迅捷之力"
"能力","3","魔法アビリティ","魔法能力","7317","ウィズテクニック","技巧之力"
"能力","3","魔法アビリティ","魔法能力","7318","ウィズオール","全能之力"
"能力","3","魔法アビリティ","魔法能力","7319","先駆けの召喚","先驱召唤"
"能力","3","魔法アビリティ","魔法能力","7320","カウンター召喚","反击召唤"
"能力","3","魔法アビリティ","魔法能力","7321","過重召喚","过重召唤"
"能力","3","魔法アビリティ","魔法能力","7322","魔力ダメージ吸収","魔力伤害吸收"
"能力","3","魔法アビリティ","魔法能力","7323","カウンターページ","反击页"
"能力","3","魔法アビリティ","魔法能力","7324","カウンター錬金術","反击炼金术"
"能力","3","魔法アビリティ","魔法能力","7325","カウンター癒しの雨","反击治愈之雨"
"能力","3","魔法アビリティ","魔法能力","7326","シルフの助け","希尔芙的帮助"
"能力","3","魔法アビリティ","魔法能力","7327","ノームの助け","诺姆的帮助"
"能力","3","魔法アビリティ","魔法能力","7328","ウンディーネの助け","温蒂妮的帮助"
"能力","3","魔法アビリティ","魔法能力","7329","サラマンダーの助け","萨拉曼达的帮助"
"能力","3","魔法アビリティ","魔法能力","7330","魔石ダメージ強化","魔石伤害强化"
"能力","3","魔法アビリティ","魔法能力","7331","魔石ダメージ超強化","魔石伤害超强化"
"能力","3","魔法アビリティ","魔法能力","7332","魔石ダメージ極強化","魔石伤害极强化"
"能力","3","魔法アビリティ","魔法能力","7333","快楽オーバーブースター","快乐超增强"
"能力","3","魔法アビリティ","魔法能力","7334","/快楽ブースター",""
"能力","3","魔法アビリティ","魔法能力","7335","/快楽ブースター",""
"能力","3","魔法アビリティ","魔法能力","7336","/快楽ブースター",""
"能力","3","魔法アビリティ","魔法能力","7337","炎オーバーブースター","炎超增强"
"能力","3","魔法アビリティ","魔法能力","7338","/炎ブースター",""
"能力","3","魔法アビリティ","魔法能力","7339","/炎ブースター",""
"能力","3","魔法アビリティ","魔法能力","7340","/炎ブースター",""
"能力","3","魔法アビリティ","魔法能力","7341","氷オーバーブースター","冰超增强"
"能力","3","魔法アビリティ","魔法能力","7342","/氷ブースター",""
"能力","3","魔法アビリティ","魔法能力","7343","/氷ブースター",""
"能力","3","魔法アビリティ","魔法能力","7344","/氷ブースター",""
"能力","3","魔法アビリティ","魔法能力","7345","雷オーバーブースター","雷超增强"
"能力","3","魔法アビリティ","魔法能力","7346","/雷ブースター",""
"能力","3","魔法アビリティ","魔法能力","7347","/雷ブースター",""
"能力","3","魔法アビリティ","魔法能力","7348","/雷ブースター",""
"能力","3","魔法アビリティ","魔法能力","7349","風オーバーブースター","风超增强"
"能力","3","魔法アビリティ","魔法能力","7350","/風ブースター",""
"能力","3","魔法アビリティ","魔法能力","7351","/風ブースター",""
"能力","3","魔法アビリティ","魔法能力","7352","/風ブースター",""
"能力","3","魔法アビリティ","魔法能力","7353","土オーバーブースター","土超增强"
"能力","3","魔法アビリティ","魔法能力","7354","/土ブースター",""
"能力","3","魔法アビリティ","魔法能力","7355","/土ブースター",""
"能力","3","魔法アビリティ","魔法能力","7356","/土ブースター",""
"能力","3","魔法アビリティ","魔法能力","7357","水オーバーブースター","水超增强"
"能力","3","魔法アビリティ","魔法能力","7358","/水ブースター",""
"能力","3","魔法アビリティ","魔法能力","7359","/水ブースター",""
"能力","3","魔法アビリティ","魔法能力","7360","/水ブースター",""
"能力","3","魔法アビリティ","魔法能力","7361","聖オーバーブースター","圣超增强"
"能力","3","魔法アビリティ","魔法能力","7362","/聖ブースター",""
"能力","3","魔法アビリティ","魔法能力","7363","/聖ブースター",""
"能力","3","魔法アビリティ","魔法能力","7364","/聖ブースター",""
"能力","3","魔法アビリティ","魔法能力","7365","闇オーバーブースター","暗超增强"
"能力","3","魔法アビリティ","魔法能力","7366","/闇ブースター",""
"能力","3","魔法アビリティ","魔法能力","7367","/闇ブースター",""
"能力","3","魔法アビリティ","魔法能力","7368","/闇ブースター",""
"能力","3","魔法アビリティ","魔法能力","7369","音波オーバーブースター","音波超增强"
"能力","3","魔法アビリティ","魔法能力","7370","/音波ブースター",""
"能力","3","魔法アビリティ","魔法能力","7371","/音波ブースター",""
"能力","3","魔法アビリティ","魔法能力","7372","/音波ブースター",""
"能力","3","魔法アビリティ","魔法能力","7373","バイオオーバーブースター","生化超增强"
"能力","3","魔法アビリティ","魔法能力","7374","/バイオブースター",""
"能力","3","魔法アビリティ","魔法能力","7375","/バイオブースター",""
"能力","3","魔法アビリティ","魔法能力","7376","/バイオブースター",""
"能力","3","魔法アビリティ","魔法能力","7377","無属性ブースター","无属性增强"
"能力","3","魔法アビリティ","魔法能力","7378","無属性ハイブースター","无属性高级增强"
"能力","3","魔法アビリティ","魔法能力","7379","無属性エクスブースター","无属性极限增强"
"能力","3","魔法アビリティ","魔法能力","7380","無属性オーバーブースター","无属性超增强"
"能力","3","魔法アビリティ","魔法能力","7381","/無属性ブースター",""
"能力","3","魔法アビリティ","魔法能力","7382","/無属性ブースター",""
"能力","3","魔法アビリティ","魔法能力","7383","/無属性ブースター",""
"能力","3","魔法アビリティ","魔法能力","7384","銀河ブースター","银河增强"
"能力","3","魔法アビリティ","魔法能力","7385","銀河ハイブースター","银河高级增强"
"能力","3","魔法アビリティ","魔法能力","7386","銀河エクスブースター","银河极限增强"
"能力","3","魔法アビリティ","魔法能力","7387","銀河オーバーブースター","银河超增强"
"能力","3","魔法アビリティ","魔法能力","7388","/銀河ブースター",""
"能力","3","魔法アビリティ","魔法能力","7389","/銀河ブースター",""
"能力","3","魔法アビリティ","魔法能力","7390","/銀河ブースター",""
"能力","3","魔法アビリティ","魔法能力","7391","ナイトメアブースター","噩梦增强"
"能力","3","魔法アビリティ","魔法能力","7392","ナイトメアハイブースター","噩梦高级增强"
"能力","3","魔法アビリティ","魔法能力","7393","ナイトメアエクスブースター","噩梦极限增强"
"能力","3","魔法アビリティ","魔法能力","7394","ナイトメアオーバーブースター","噩梦超增强"
"能力","3","魔法アビリティ","魔法能力","7395","/ナイトメアブースター",""
"能力","3","魔法アビリティ","魔法能力","7396","/ナイトメアブースター",""
"能力","3","魔法アビリティ","魔法能力","7397","/ナイトメアブースター",""
"能力","3","魔法アビリティ","魔法能力","7398","核熱ブースター","核热增强"
"能力","3","魔法アビリティ","魔法能力","7399","核熱ハイブースター","核热高级增强"
"能力","3","魔法アビリティ","魔法能力","7400","核熱エクスブースター","核热极限增强"
"能力","3","魔法アビリティ","魔法能力","7401","核熱オーバーブースター","核热超增强"
"能力","3","魔法アビリティ","魔法能力","7402","/核熱ブースター",""
"能力","3","魔法アビリティ","魔法能力","7403","/核熱ブースター",""
"能力","3","魔法アビリティ","魔法能力","7404","/核熱ブースター",""
"能力","3","魔法アビリティ","魔法能力","7405","量子ブースター","量子增强"
"能力","3","魔法アビリティ","魔法能力","7406","量子ハイブースター","量子高级增强"
"能力","3","魔法アビリティ","魔法能力","7407","量子エクスブースター","量子极限增强"
"能力","3","魔法アビリティ","魔法能力","7408","量子オーバーブースター","量子超增强"
"能力","3","魔法アビリティ","魔法能力","7409","/量子ブースター",""
"能力","3","魔法アビリティ","魔法能力","7410","/量子ブースター",""
"能力","3","魔法アビリティ","魔法能力","7411","/量子ブースター",""
"能力","3","魔法アビリティ","魔法能力","7412","イオンブースター","离子增强"
"能力","3","魔法アビリティ","魔法能力","7413","イオンハイブースター","离子高级增强"
"能力","3","魔法アビリティ","魔法能力","7414","イオンエクスブースター","离子极限增强"
"能力","3","魔法アビリティ","魔法能力","7415","イオンオーバーブースター","离子超增强"
"能力","3","魔法アビリティ","魔法能力","7416","/イオンブースター",""
"能力","3","魔法アビリティ","魔法能力","7417","/イオンブースター",""
"能力","3","魔法アビリティ","魔法能力","7418","/イオンブースター",""
"能力","3","魔法アビリティ","魔法能力","7419","ハドロンブースター","强子增强"
"能力","3","魔法アビリティ","魔法能力","7420","ハドロンハイブースター","强子高级增强"
"能力","3","魔法アビリティ","魔法能力","7421","ハドロンエクスブースター","强子极限增强"
"能力","3","魔法アビリティ","魔法能力","7422","ハドロンオーバーブースター","强子超增强"
"能力","3","魔法アビリティ","魔法能力","7423","/ハドロンブースター",""
"能力","3","魔法アビリティ","魔法能力","7424","/ハドロンブースター",""
"能力","3","魔法アビリティ","魔法能力","7425","/ハドロンブースター",""
"能力","3","魔法アビリティ","魔法能力","7426","テラブースター","大地增强"
"能力","3","魔法アビリティ","魔法能力","7427","テラハイブースター","大地高级增强"
"能力","3","魔法アビリティ","魔法能力","7428","テラエクスブースター","大地极限增强"
"能力","3","魔法アビリティ","魔法能力","7429","テラオーバーブースター","大地超增强"
"能力","3","魔法アビリティ","魔法能力","7430","/テラブースター",""
"能力","3","魔法アビリティ","魔法能力","7431","/テラブースター",""
"能力","3","魔法アビリティ","魔法能力","7432","/テラブースター",""
"能力","3","魔法アビリティ","魔法能力","7433","ナノブースター","纳米增强"
"能力","3","魔法アビリティ","魔法能力","7434","ナノハイブースター","纳米高级增强"
"能力","3","魔法アビリティ","魔法能力","7435","ナノエクスブースター","纳米极限增强"
"能力","3","魔法アビリティ","魔法能力","7436","ナノオーバーブースター","纳米超增强"
"能力","3","魔法アビリティ","魔法能力","7437","/ナノブースター",""
"能力","3","魔法アビリティ","魔法能力","7438","/ナノブースター",""
"能力","3","魔法アビリティ","魔法能力","7439","/ナノブースター",""
"能力","3","魔法アビリティ","魔法能力","7440","永劫ブースター","永劫增强"
"能力","3","魔法アビリティ","魔法能力","7441","永劫ハイブースター","永劫高级增强"
"能力","3","魔法アビリティ","魔法能力","7442","永劫エクスブースター","永劫极限增强"
"能力","3","魔法アビリティ","魔法能力","7443","永劫オーバーブースター","永劫超增强"
"能力","3","魔法アビリティ","魔法能力","7444","/永劫ブースター",""
"能力","3","魔法アビリティ","魔法能力","7445","/永劫ブースター",""
"能力","3","魔法アビリティ","魔法能力","7446","/永劫ブースター",""
"能力","3","魔法アビリティ","魔法能力","7447","終焉ブースター","终焉增强"
"能力","3","魔法アビリティ","魔法能力","7448","終焉ハイブースター","终焉高级增强"
"能力","3","魔法アビリティ","魔法能力","7449","終焉エクスブースター","终焉极限增强"
"能力","3","魔法アビリティ","魔法能力","7450","終焉オーバーブースター","终焉超增强"
"能力","3","魔法アビリティ","魔法能力","7451","/終焉ブースター",""
"能力","3","魔法アビリティ","魔法能力","7452","/終焉ブースター",""
"能力","3","魔法アビリティ","魔法能力","7453","/終焉ブースター",""
"能力","3","魔法アビリティ","魔法能力","7454","/ヌルブースター",""
"能力","3","魔法アビリティ","魔法能力","7455","/ヌルハイブースター",""
"能力","3","魔法アビリティ","魔法能力","7456","/ヌルエクスブースター",""
"能力","3","魔法アビリティ","魔法能力","7457","/ヌルオーバーブースター",""
"能力","3","魔法アビリティ","魔法能力","7458","/ヌルブースター",""
"能力","3","魔法アビリティ","魔法能力","7459","/ヌルブースター",""
"能力","3","魔法アビリティ","魔法能力","7460","/ヌルブースター",""
"能力","3","魔法アビリティ","魔法能力","7461","回復オーバーブースター","回复超增强"
"能力","3","魔法アビリティ","魔法能力","7462","/回復ブースター",""
"能力","3","魔法アビリティ","魔法能力","7463","/回復ブースター",""
"能力","3","魔法アビリティ","魔法能力","7464","/回復ブースター",""
"能力","3","魔法アビリティ","魔法能力","7465","杖オーバーブースター","杖超增强"
"能力","3","魔法アビリティ","魔法能力","7466","ロッドオーバーブースター","法杖超增强"
"能力","3","魔法アビリティ","魔法能力","7467","魔導書オーバーブースター","魔导书超增强"
"能力","3","魔法アビリティ","魔法能力","7468","白魔法ハイブースター","白魔法高级增强"
"能力","3","魔法アビリティ","魔法能力","7469","白魔法エクスブースター","白魔法极限增强"
"能力","3","魔法アビリティ","魔法能力","7470","白魔法オーバーブースター","白魔法超增强"
"能力","3","魔法アビリティ","魔法能力","7471","/白魔法ブースター",""
"能力","3","魔法アビリティ","魔法能力","7472","/白魔法ブースター",""
"能力","3","魔法アビリティ","魔法能力","7473","/白魔法ブースター",""
"能力","3","魔法アビリティ","魔法能力","7474","黒魔法ハイブースター","黑魔法高级增强"
"能力","3","魔法アビリティ","魔法能力","7475","黒魔法エクスブースター","黑魔法极限增强"
"能力","3","魔法アビリティ","魔法能力","7476","黒魔法オーバーブースター","黑魔法超增强"
"能力","3","魔法アビリティ","魔法能力","7477","/黒魔法ブースター",""
"能力","3","魔法アビリティ","魔法能力","7478","/黒魔法ブースター",""
"能力","3","魔法アビリティ","魔法能力","7479","/黒魔法ブースター",""
"能力","3","魔法アビリティ","魔法能力","7480","時魔法ハイブースター","时魔法高级增强"
"能力","3","魔法アビリティ","魔法能力","7481","時魔法エクスブースター","时魔法极限增强"
"能力","3","魔法アビリティ","魔法能力","7482","時魔法オーバーブースター","时魔法超增强"
"能力","3","魔法アビリティ","魔法能力","7483","/時魔法ブースター",""
"能力","3","魔法アビリティ","魔法能力","7484","/時魔法ブースター",""
"能力","3","魔法アビリティ","魔法能力","7485","/時魔法ブースター",""
"能力","3","魔法アビリティ","魔法能力","7486","召喚ハイブースター","召唤高级增强"
"能力","3","魔法アビリティ","魔法能力","7487","召喚エクスブースター","召唤极限增强"
"能力","3","魔法アビリティ","魔法能力","7488","召喚オーバーブースター","召唤超增强"
"能力","3","魔法アビリティ","魔法能力","7489","/召喚ブースター",""
"能力","3","魔法アビリティ","魔法能力","7490","/召喚ブースター",""
"能力","3","魔法アビリティ","魔法能力","7491","/召喚ブースター",""
"能力","3","魔法アビリティ","魔法能力","7492","聖技ハイブースター","圣技高级增强"
"能力","3","魔法アビリティ","魔法能力","7493","聖技エクスブースター","圣技极限增强"
"能力","3","魔法アビリティ","魔法能力","7494","聖技オーバーブースター","圣技超增强"
"能力","3","魔法アビリティ","魔法能力","7495","/聖技ブースター",""
"能力","3","魔法アビリティ","魔法能力","7496","/聖技ブースター",""
"能力","3","魔法アビリティ","魔法能力","7497","/聖技ブースター",""
"能力","3","魔法アビリティ","魔法能力","7498","闇技ハイブースター","暗技高级增强"
"能力","3","魔法アビリティ","魔法能力","7499","闇技エクスブースター","暗技极限增强"
"能力","3","魔法アビリティ","魔法能力","7500","闇技オーバーブースター","暗技超增强"
"能力","3","魔法アビリティ","魔法能力","7501","/闇技ブースター",""
"能力","3","魔法アビリティ","魔法能力","7502","/闇技ブースター",""
"能力","3","魔法アビリティ","魔法能力","7503","/闇技ブースター",""
"能力","3","魔法アビリティ","魔法能力","7504","魔法剣ハイブースター","魔法剑高级增强"
"能力","3","魔法アビリティ","魔法能力","7505","魔法剣エクスブースター","魔法剑极限增强"
"能力","3","魔法アビリティ","魔法能力","7506","魔法剣オーバーブースター","魔法剑超增强"
"能力","3","魔法アビリティ","魔法能力","7507","/魔法剣ブースター",""
"能力","3","魔法アビリティ","魔法能力","7508","/魔法剣ブースター",""
"能力","3","魔法アビリティ","魔法能力","7509","/魔法剣ブースター",""
"能力","3","魔法アビリティ","魔法能力","7510","陰陽術ハイブースター","阴阳术高级增强"
"能力","3","魔法アビリティ","魔法能力","7511","陰陽術エクスブースター","阴阳术极限增强"
"能力","3","魔法アビリティ","魔法能力","7512","陰陽術オーバーブースター","阴阳术超增强"
"能力","3","魔法アビリティ","魔法能力","7513","/陰陽術ブースター",""
"能力","3","魔法アビリティ","魔法能力","7514","/陰陽術ブースター",""
"能力","3","魔法アビリティ","魔法能力","7515","/陰陽術ブースター",""
"能力","3","魔法アビリティ","魔法能力","7516","魔導科学ハイブースター","魔导科学高级增强"
"能力","3","魔法アビリティ","魔法能力","7517","魔導科学エクスブースター","魔导科学极限增强"
"能力","3","魔法アビリティ","魔法能力","7518","魔導科学オーバーブースター","魔导科学超增强"
"能力","3","魔法アビリティ","魔法能力","7519","/魔導科学ブースター",""
"能力","3","魔法アビリティ","魔法能力","7520","/魔導科学ブースター",""
"能力","3","魔法アビリティ","魔法能力","7521","/魔導科学ブースター",""
"能力","3","魔法アビリティ","魔法能力","7522","錬金術ハイブースター","炼金术高级增强"
"能力","3","魔法アビリティ","魔法能力","7523","錬金術エクスブースター","炼金术极限增强"
"能力","3","魔法アビリティ","魔法能力","7524","錬金術オーバーブースター","炼金术超增强"
"能力","3","魔法アビリティ","魔法能力","7525","/錬金術ブースター",""
"能力","3","魔法アビリティ","魔法能力","7526","/錬金術ブースター",""
"能力","3","魔法アビリティ","魔法能力","7527","/錬金術ブースター",""
"能力","3","魔法アビリティ","魔法能力","7528","魔本術ハイブースター","魔本术高级增强"
"能力","3","魔法アビリティ","魔法能力","7529","魔本術エクスブースター","魔本术极限增强"
"能力","3","魔法アビリティ","魔法能力","7530","魔本術オーバーブースター","魔本术超增强"
"能力","3","魔法アビリティ","魔法能力","7531","/魔本術ブースター",""
"能力","3","魔法アビリティ","魔法能力","7532","/魔本術ブースター",""
"能力","3","魔法アビリティ","魔法能力","7533","/魔本術ブースター",""
"能力","3","魔法アビリティ","魔法能力","7534","サイコブースター","念动增强"
"能力","3","魔法アビリティ","魔法能力","7535","サイコハイブースター","念动高级增强"
"能力","3","魔法アビリティ","魔法能力","7536","サイコエクスブースター","念动极限增强"
"能力","3","魔法アビリティ","魔法能力","7537","サイコオーバーブースター","念动超增强"
"能力","3","魔法アビリティ","魔法能力","7538","/サイコブースター",""
"能力","3","魔法アビリティ","魔法能力","7539","/サイコブースター",""
"能力","3","魔法アビリティ","魔法能力","7540","/サイコブースター",""
"能力","3","魔法アビリティ","魔法能力","7541","快楽耐性貫通","快乐耐性贯通"
"能力","3","魔法アビリティ","魔法能力","7542","炎耐性貫通","炎耐性贯通"
"能力","3","魔法アビリティ","魔法能力","7543","氷耐性貫通","冰耐性贯通"
"能力","3","魔法アビリティ","魔法能力","7544","雷耐性貫通","雷耐性贯通"
"能力","3","魔法アビリティ","魔法能力","7545","風耐性貫通","风耐性贯通"
"能力","3","魔法アビリティ","魔法能力","7546","土耐性貫通","土耐性贯通"
"能力","3","魔法アビリティ","魔法能力","7547","水耐性貫通","水耐性贯通"
"能力","3","魔法アビリティ","魔法能力","7548","聖耐性貫通","圣耐性贯通"
"能力","3","魔法アビリティ","魔法能力","7549","闇耐性貫通","暗耐性贯通"
"能力","3","魔法アビリティ","魔法能力","7550","バイオ耐性貫通","生化耐性贯通"
"能力","3","魔法アビリティ","魔法能力","7551","音波耐性貫通","音波耐性贯通"
"能力","3","魔法アビリティ","魔法能力","7552","銀河耐性貫通","银河耐性贯通"
"能力","3","魔法アビリティ","魔法能力","7553","混沌耐性貫通","混沌耐性贯通"
"能力","3","魔法アビリティ","魔法能力","7554","「サイコ」使用可能","「念动」可用"
"能力","3","魔法アビリティ","魔法能力","7555","全魔法スキル使用可能","所有魔法技能可用"
"能力","3","魔法アビリティ","魔法能力","7556","白魔法速攻",""
"能力","3","魔法アビリティ","魔法能力","7557","黒魔法速攻","黑魔法速攻"
"能力","3","魔法アビリティ","魔法能力","7558","時魔法速攻","时魔法速攻"
"能力","3","魔法アビリティ","魔法能力","7559","召喚速攻","召唤速攻"
"能力","3","魔法アビリティ","魔法能力","7560","聖技速攻","圣技速攻"
"能力","3","魔法アビリティ","魔法能力","7561","闇技速攻","暗技速攻"
"能力","3","魔法アビリティ","魔法能力","7562","魔法剣速攻","魔法剑速攻"
"能力","3","魔法アビリティ","魔法能力","7563","陰陽術速攻","阴阳术速攻"
"能力","3","魔法アビリティ","魔法能力","7564","魔導科学速攻","魔导科学速攻"
"能力","3","魔法アビリティ","魔法能力","7565","錬金術速攻","炼金术速攻"
"能力","3","魔法アビリティ","魔法能力","7566","魔本術速攻","魔本术速攻"
"能力","3","魔法アビリティ","魔法能力","7567","サイコ速攻","念动速攻"
"能力","3","魔法アビリティ","魔法能力","7568","全魔法スキル速攻","所有魔法技能立即发动"
"能力","3","魔法アビリティ","魔法能力","7569","白魔法防御力無視","白魔法防御力无视"
"能力","3","魔法アビリティ","魔法能力","7570","黒魔法防御力無視","黑魔法防御力无视"
"能力","3","魔法アビリティ","魔法能力","7571","時魔法防御力無視","时魔法防御力无视"
"能力","3","魔法アビリティ","魔法能力","7572","召喚防御力無視","召唤防御力无视"
"能力","3","魔法アビリティ","魔法能力","7573","聖技防御力無視","圣技防御力无视"
"能力","3","魔法アビリティ","魔法能力","7574","闇技防御力無視","暗技防御力无视"
"能力","3","魔法アビリティ","魔法能力","7575","陰陽術防御力無視","阴阳术防御力无视"
"能力","3","魔法アビリティ","魔法能力","7576","魔導科学防御力無視","魔导科学防御力无视"
"能力","3","魔法アビリティ","魔法能力","7577","錬金術防御力無視","炼金术防御力无视"
"能力","3","魔法アビリティ","魔法能力","7578","魔本術防御力無視","魔本术防御力无视"
"能力","3","魔法アビリティ","魔法能力","7579","全魔法スキル防御力無視","所有魔法技能无视防御力"
"能力","3","魔法アビリティ","魔法能力","7580","魔法連撃回数2アップ","魔法连击次数增加2"
"能力","3","魔法アビリティ","魔法能力","7581","魔法連撃回数3アップ","魔法连击次数增加3"
"能力","3","魔法アビリティ","魔法能力","7582","クロッシングヒール","交叉治愈"
"能力","3","魔法アビリティ","魔法能力","7583","テクニカルマギ","技术魔法"
"能力","3","魔法アビリティ","魔法能力","7584","アタックマギ","攻击魔法"
"能力","3","魔法アビリティ","魔法能力","7585","ラピッドマギ","快速魔法"
"能力","3","魔法アビリティ","魔法能力","7586","俊足時魔法","敏捷时魔法"
"能力","3","魔法アビリティ","魔法能力","7587","マジックサイコ","魔法念动"
"能力","3","魔法アビリティ","魔法能力","7588","テクニカルサイコ","技术念动"
"能力","3","魔法アビリティ","魔法能力","7589","白魔法攻撃力半分付加","白魔法附加一半的攻击力"
"能力","3","魔法アビリティ","魔法能力","7590","白魔法魔力半分付加","白魔法附加一半的魔力"
"能力","3","魔法アビリティ","魔法能力","7591","黒魔法攻撃力半分付加","黑魔法附加一半的攻击力"
"能力","3","魔法アビリティ","魔法能力","7592","黒魔法精神力半分付加","黑魔法附加一半的精神力"
"能力","3","魔法アビリティ","魔法能力","7593","黒魔法器用さ半分付加","黑魔法附加一半的灵巧"
"能力","3","魔法アビリティ","魔法能力","7594","時魔法攻撃力半分付加","时魔法附加一半的攻击力"
"能力","3","魔法アビリティ","魔法能力","7595","時魔法精神力半分付加","时魔法附加一半的精神力"
"能力","3","魔法アビリティ","魔法能力","7596","時魔法素早さ半分付加","时魔法附加一半的敏捷"
"能力","3","魔法アビリティ","魔法能力","7597","召喚攻撃力半分付加","召唤附加一半的攻击力"
"能力","3","魔法アビリティ","魔法能力","7598","召喚精神力半分付加","召唤附加一半的精神力"
"能力","3","魔法アビリティ","魔法能力","7599","召喚器用さ半分付加","召唤附加一半的灵巧"
"能力","3","魔法アビリティ","魔法能力","7600","聖技攻撃力半分付加","圣技附加一半的攻击力"
"能力","3","魔法アビリティ","魔法能力","7601","聖技魔力半分付加","圣技附加一半的魔力"
"能力","3","魔法アビリティ","魔法能力","7602","闇技精神力半分付加","暗技附加一半的精神力"
"能力","3","魔法アビリティ","魔法能力","7603","闇技素早さ半分付加","暗技附加一半的敏捷"
"能力","3","魔法アビリティ","魔法能力","7604","闇技器用さ半分付加","暗技附加一半的灵巧"
"能力","3","魔法アビリティ","魔法能力","7605","陰陽術攻撃力半分付加","阴阳术附加一半的攻击力"
"能力","3","魔法アビリティ","魔法能力","7606","陰陽術精神力半分付加","阴阳术附加一半的精神力"
"能力","3","魔法アビリティ","魔法能力","7607","魔導科学精神力半分付加","魔导科学附加一半的精神力"
"能力","3","魔法アビリティ","魔法能力","7608","魔本術精神力半分付加","魔本术附加一半的精神力"
"能力","3","魔法アビリティ","魔法能力","7609","サイコ魔力半分付加","念动附加一半的魔力"
"能力","3","魔法アビリティ","魔法能力","7610","サイコ素早さ半分付加","念动附加一半的敏捷"
"能力","3","魔法アビリティ","魔法能力","7611","サイコ器用さ半分付加","念动附加一半的灵巧"
"能力","3","魔法アビリティ","魔法能力","7612","白魔法頑強発動","白魔法顽强发动"
"能力","3","魔法アビリティ","魔法能力","7613","黒魔法頑強発動","黑魔法顽强发动"
"能力","3","魔法アビリティ","魔法能力","7614","時魔法頑強発動","时魔法顽强发动"
"能力","3","魔法アビリティ","魔法能力","7615","召喚頑強発動","召唤顽强发动"
"能力","3","魔法アビリティ","魔法能力","7616","聖技頑強発動","圣技顽强发动"
"能力","3","魔法アビリティ","魔法能力","7617","闇技頑強発動","暗技顽强发动"
"能力","3","魔法アビリティ","魔法能力","7618","魔法剣頑強発動","魔法剑顽强发动"
"能力","3","魔法アビリティ","魔法能力","7619","陰陽術頑強発動","阴阳术顽强发动"
"能力","3","魔法アビリティ","魔法能力","7620","魔導科学頑強発動","魔导科学顽强发动"
"能力","3","魔法アビリティ","魔法能力","7621","錬金術頑強発動","炼金术顽强发动"
"能力","3","魔法アビリティ","魔法能力","7622","魔本術頑強発動","魔本术顽强发动"
"能力","3","魔法アビリティ","魔法能力","7623","サイコ頑強発動","念动顽强发动"
"能力","3","魔法アビリティ","魔法能力","7624","全魔法スキル頑強発動","所有魔法技能顽强发动"
"能力","3","魔法アビリティ","魔法能力","7625","白魔法単体化","白魔法单体化"
"能力","3","魔法アビリティ","魔法能力","7626","黒魔法単体化","黑魔法单体化"
"能力","3","魔法アビリティ","魔法能力","7627","時魔法単体化","时魔法单体化"
"能力","3","魔法アビリティ","魔法能力","7628","召喚単体化","召唤单体化"
"能力","3","魔法アビリティ","魔法能力","7629","聖技単体化","圣技单体化"
"能力","3","魔法アビリティ","魔法能力","7630","闇技単体化","暗技单体化"
"能力","3","魔法アビリティ","魔法能力","7631","陰陽術単体化","阴阳术单体化"
"能力","3","魔法アビリティ","魔法能力","7632","白魔法二連続発動",""
"能力","3","魔法アビリティ","魔法能力","7633","/白魔法三連続発動",""
"能力","3","魔法アビリティ","魔法能力","7634","黒魔法二連続発動",""
"能力","3","魔法アビリティ","魔法能力","7635","/黒魔法三連続発動",""
"能力","3","魔法アビリティ","魔法能力","7636","時魔法二連続発動",""
"能力","3","魔法アビリティ","魔法能力","7637","/時魔法三連続発動",""
"能力","3","魔法アビリティ","魔法能力","7638","召喚二連続発動",""
"能力","3","魔法アビリティ","魔法能力","7639","/召喚三連続発動",""
"能力","3","魔法アビリティ","魔法能力","7640","聖技二連続発動",""
"能力","3","魔法アビリティ","魔法能力","7641","/聖技三連続発動",""
"能力","3","魔法アビリティ","魔法能力","7642","闇技二連続発動",""
"能力","3","魔法アビリティ","魔法能力","7643","/闇技三連続発動",""
"能力","3","魔法アビリティ","魔法能力","7644","魔法剣二連続発動",""
"能力","3","魔法アビリティ","魔法能力","7645","/魔法剣三連続発動",""
"能力","3","魔法アビリティ","魔法能力","7646","陰陽術二連続発動",""
"能力","3","魔法アビリティ","魔法能力","7647","/陰陽術三連続発動",""
"能力","3","魔法アビリティ","魔法能力","7648","魔導科学二連続発動",""
"能力","3","魔法アビリティ","魔法能力","7649","/魔導科学三連続発動",""
"能力","3","魔法アビリティ","魔法能力","7650","錬金術二連続発動",""
"能力","3","魔法アビリティ","魔法能力","7651","/錬金術三連続発動",""
"能力","3","魔法アビリティ","魔法能力","7652","魔本術二連続発動",""
"能力","3","魔法アビリティ","魔法能力","7653","/魔本術三連続発動",""
"能力","3","魔法アビリティ","魔法能力","7654","サイコ二連続発動",""
"能力","3","魔法アビリティ","魔法能力","7655","/サイコ三連続発動",""
"能力","3","魔法アビリティ","魔法能力","7656","/魔法三連続発動",""
"能力","3","魔法アビリティ","魔法能力","7657","念の剣","念之剑"
"能力","3","魔法アビリティ","魔法能力","7658","念の手袋","念之手套"
"能力","3","魔法アビリティ","魔法能力","7659","洗礼の光","洗礼之光"
"能力","3","魔法アビリティ","魔法能力","9960","魔力のオーバーロード","魔力超负荷"
"能力","3","魔法アビリティ","魔法能力","10030","対聖素消滅反応","对圣素消亡反应"
"能力","3","魔法アビリティ","魔法能力","10031","対魔素消滅反応","对魔素消亡反应"
"能力","3","魔法アビリティ","魔法能力","10032","ウィッチタイム","魔女时间"
"能力","3","魔法アビリティ","魔法能力","10033","癒し手の使命","治愈者的使命"
"能力","3","魔法アビリティ","魔法能力","10034","癒しより他に道無し","除了治愈别无他法"
"能力","3","魔法アビリティ","魔法能力","10035","麒麟の助け","麒麟的帮助"
"能力","3","魔法アビリティ","魔法能力","10036","氷帰蝶の助け","冰归蝶的援助"
"能力","3","魔法アビリティ","魔法能力","10037","全魔法攻撃力付加","所有魔法附加攻击力"
"能力","3","魔法アビリティ","魔法能力","10038","全魔法防御力付加","所有魔法附加防御力"
"能力","3","魔法アビリティ","魔法能力","10039","全魔法精神力付加","所有魔法附加精神力"
"能力","3","魔法アビリティ","魔法能力","10040","全魔法素早さ付加","所有魔法附加敏捷"
"能力","3","魔法アビリティ","魔法能力","10041","全魔法器用さ付加","所有魔法附加灵巧"
"能力","3","魔法アビリティ","魔法能力","10077","混沌ウィッチタイム","混沌魔女时间"
"能力","3","魔法アビリティ","魔法能力","10078","聖技連撃回数3アップ","圣技连击次数增加3"
"能力","3","魔法アビリティ","魔法能力","10079","聖技連撃回数4アップ","圣技连击次数增加4"
"能力","3","魔法アビリティ","魔法能力","10080","闇技連撃回数3アップ","暗技连击次数增加3"
"能力","3","魔法アビリティ","魔法能力","10081","闇技連撃回数4アップ","暗技连击次数增加4"
"能力","3","魔法アビリティ","魔法能力","10100","精霊強化","精灵强化"
"能力","4","防御アビリティ","防御能力","531","物理ダメージ反射","物理伤害反射"
"能力","4","防御アビリティ","防御能力","532","快楽ダメージ反射","快乐伤害反射"
"能力","4","防御アビリティ","防御能力","533","炎ダメージ反射","炎伤害反射"
"能力","4","防御アビリティ","防御能力","534","氷ダメージ反射","冰伤害反射"
"能力","4","防御アビリティ","防御能力","535","雷ダメージ反射","雷伤害反射"
"能力","4","防御アビリティ","防御能力","536","風ダメージ反射","风伤害反射"
"能力","4","防御アビリティ","防御能力","537","土ダメージ反射","土伤害反射"
"能力","4","防御アビリティ","防御能力","538","水ダメージ反射","水伤害反射"
"能力","4","防御アビリティ","防御能力","539","聖ダメージ反射","圣伤害反射"
"能力","4","防御アビリティ","防御能力","540","闇ダメージ反射","暗伤害反射"
"能力","4","防御アビリティ","防御能力","541","音波ダメージ反射","音波伤害反射"
"能力","4","防御アビリティ","防御能力","542","バイオダメージ反射","生化伤害反射"
"能力","4","防御アビリティ","防御能力","543","属性ダメージ反射","属性伤害反射"
"能力","4","防御アビリティ","防御能力","544","防御力10%アップ","防御力提升10%"
"能力","4","防御アビリティ","防御能力","545","防御力20%アップ","防御力提升20%"
"能力","4","防御アビリティ","防御能力","546","防御力30%アップ","防御力提升30%"
"能力","4","防御アビリティ","防御能力","547","防御力40%アップ","防御力提升40%"
"能力","4","防御アビリティ","防御能力","548","防御力50%アップ","防御力提升50%"
"能力","4","防御アビリティ","防御能力","549","精神力10%アップ","精神力提升10%"
"能力","4","防御アビリティ","防御能力","550","精神力20%アップ","精神力提升20%"
"能力","4","防御アビリティ","防御能力","551","精神力30%アップ","精神力提升30%"
"能力","4","防御アビリティ","防御能力","552","精神力40%アップ","精神力提升40%"
"能力","4","防御アビリティ","防御能力","553","精神力50%アップ","精神力提升50%"
"能力","4","防御アビリティ","防御能力","554","回避率10%",""
"能力","4","防御アビリティ","防御能力","555","回避率20%",""
"能力","4","防御アビリティ","防御能力","556","回避率30%",""
"能力","4","防御アビリティ","防御能力","557","完全物理回避",""
"能力","4","防御アビリティ","防御能力","558","瀕死時回避率アップ","濒死时闪避率提升"
"能力","4","防御アビリティ","防御能力","559","魔法回避率10%",""
"能力","4","防御アビリティ","防御能力","560","魔法回避率20%",""
"能力","4","防御アビリティ","防御能力","561","魔法回避率30%",""
"能力","4","防御アビリティ","防御能力","562","完全魔法回避",""
"能力","4","防御アビリティ","防御能力","563","瀕死時魔法回避率アップ","濒死时魔法闪避率提升"
"能力","4","防御アビリティ","防御能力","564","瀕死時物理耐性50%","濒死时物理耐性50%"
"能力","4","防御アビリティ","防御能力","565","瀕死時魔法耐性50%","濒死时魔法耐性50%"
"能力","4","防御アビリティ","防御能力","566","大防御",""
"能力","4","防御アビリティ","防御能力","567","究極防御","究极防御"
"能力","4","防御アビリティ","防御能力","568","魔法反射10%",""
"能力","4","防御アビリティ","防御能力","569","魔法反射30%",""
"能力","4","防御アビリティ","防御能力","570","魔法反射50%",""
"能力","4","防御アビリティ","防御能力","571","完全魔法反射",""
"能力","4","防御アビリティ","防御能力","572","会心無効","会心无效"
"能力","4","防御アビリティ","防御能力","573","女神の加護","女神的加护"
"能力","4","防御アビリティ","防御能力","574","女神の奇跡","女神的奇迹"
"能力","4","防御アビリティ","防御能力","575","女神の傀儡","女神的傀儡"
"能力","4","防御アビリティ","防御能力","576","スライムボディ","史莱姆身体"
"能力","4","防御アビリティ","防御能力","577","ソフトボディ","柔软身躯"
"能力","4","防御アビリティ","防御能力","578","シュプルボディ","咻噗露之躯"
"能力","4","防御アビリティ","防御能力","579","ナノボディ","纳米身躯"
"能力","4","防御アビリティ","防御能力","580","クァンタボディ","量子身躯"
"能力","4","防御アビリティ","防御能力","581","加護の肉体","加护之躯"
"能力","4","防御アビリティ","防御能力","582","恩寵の肉体","恩宠之躯"
"能力","4","防御アビリティ","防御能力","583","奇跡の肉体","奇迹之躯"
"能力","4","防御アビリティ","防御能力","584","神代の肉体","神代之躯"
"能力","4","防御アビリティ","防御能力","585","食いしばり","咬紧牙关"
"能力","4","防御アビリティ","防御能力","586","超食いしばり","超咬紧牙关"
"能力","4","防御アビリティ","防御能力","587","究極食いしばり","究极咬紧牙关"
"能力","4","防御アビリティ","防御能力","588","集団の盾","群体之盾"
"能力","4","防御アビリティ","防御能力","589","振動装甲","振动装甲"
"能力","4","防御アビリティ","防御能力","590","物理ダメージ軽減","物理伤害减轻"
"能力","4","防御アビリティ","防御能力","591","物理ダメージ半減","物理伤害减半"
"能力","4","防御アビリティ","防御能力","592","物理ダメージ無効","物理伤害无效"
"能力","4","防御アビリティ","防御能力","593","物理ダメージ吸収","物理伤害吸收"
"能力","4","防御アビリティ","防御能力","594","快楽ダメージ軽減","快乐伤害减轻"
"能力","4","防御アビリティ","防御能力","595","快楽ダメージ半減","快乐伤害减半"
"能力","4","防御アビリティ","防御能力","596","快楽ダメージ無効","快乐伤害无效"
"能力","4","防御アビリティ","防御能力","597","快楽ダメージ吸収","快乐伤害吸收"
"能力","4","防御アビリティ","防御能力","598","炎ダメージ軽減","炎伤害减轻"
"能力","4","防御アビリティ","防御能力","599","炎ダメージ半減","炎伤害减半"
"能力","4","防御アビリティ","防御能力","600","炎ダメージ無効","炎伤害无效"
"能力","4","防御アビリティ","防御能力","601","炎ダメージ吸収","炎伤害吸收"
"能力","4","防御アビリティ","防御能力","602","氷ダメージ軽減","冰伤害减轻"
"能力","4","防御アビリティ","防御能力","603","氷ダメージ半減","冰伤害减半"
"能力","4","防御アビリティ","防御能力","604","氷ダメージ無効","冰伤害无效"
"能力","4","防御アビリティ","防御能力","605","氷ダメージ吸収","冰伤害吸收"
"能力","4","防御アビリティ","防御能力","606","雷ダメージ軽減","雷伤害减轻"
"能力","4","防御アビリティ","防御能力","607","雷ダメージ半減","雷伤害减半"
"能力","4","防御アビリティ","防御能力","608","雷ダメージ無効","雷伤害无效"
"能力","4","防御アビリティ","防御能力","609","雷ダメージ吸収","雷伤害吸收"
"能力","4","防御アビリティ","防御能力","610","風ダメージ軽減","风伤害减轻"
"能力","4","防御アビリティ","防御能力","611","風ダメージ半減","风伤害减半"
"能力","4","防御アビリティ","防御能力","612","風ダメージ無効","风伤害无效"
"能力","4","防御アビリティ","防御能力","613","風ダメージ吸収","风伤害吸收"
"能力","4","防御アビリティ","防御能力","614","土ダメージ軽減","土伤害减轻"
"能力","4","防御アビリティ","防御能力","615","土ダメージ半減","土伤害减半"
"能力","4","防御アビリティ","防御能力","616","土ダメージ無効","土伤害无效"
"能力","4","防御アビリティ","防御能力","617","土ダメージ吸収","土伤害吸收"
"能力","4","防御アビリティ","防御能力","618","水ダメージ軽減","水伤害减轻"
"能力","4","防御アビリティ","防御能力","619","水ダメージ半減","水伤害减半"
"能力","4","防御アビリティ","防御能力","620","水ダメージ無効","水伤害无效"
"能力","4","防御アビリティ","防御能力","621","水ダメージ吸収","水伤害吸收"
"能力","4","防御アビリティ","防御能力","622","聖ダメージ軽減","圣伤害减轻"
"能力","4","防御アビリティ","防御能力","623","聖ダメージ半減","圣伤害减半"
"能力","4","防御アビリティ","防御能力","624","聖ダメージ無効","圣伤害无效"
"能力","4","防御アビリティ","防御能力","625","聖ダメージ吸収","圣伤害吸收"
"能力","4","防御アビリティ","防御能力","626","闇ダメージ軽減","暗伤害减轻"
"能力","4","防御アビリティ","防御能力","627","闇ダメージ半減","暗伤害减半"
"能力","4","防御アビリティ","防御能力","628","闇ダメージ無効","暗伤害无效"
"能力","4","防御アビリティ","防御能力","629","闇ダメージ吸収","暗伤害吸收"
"能力","4","防御アビリティ","防御能力","630","音波ダメージ軽減","音波伤害减轻"
"能力","4","防御アビリティ","防御能力","631","音波ダメージ半減","音波伤害减半"
"能力","4","防御アビリティ","防御能力","632","音波ダメージ無効","音波伤害无效"
"能力","4","防御アビリティ","防御能力","633","音波ダメージ吸収","音波伤害吸收"
"能力","4","防御アビリティ","防御能力","634","バイオダメージ軽減","生化伤害减轻"
"能力","4","防御アビリティ","防御能力","635","バイオダメージ半減","生化伤害减半"
"能力","4","防御アビリティ","防御能力","636","バイオダメージ無効","生化伤害无效"
"能力","4","防御アビリティ","防御能力","637","バイオダメージ吸収","生化伤害吸收"
"能力","4","防御アビリティ","防御能力","638","属性ダメージ軽減","属性伤害减轻"
"能力","4","防御アビリティ","防御能力","639","属性ダメージ半減","属性伤害减半"
"能力","4","防御アビリティ","防御能力","640","属性ダメージ無効","属性伤害无效"
"能力","4","防御アビリティ","防御能力","641","属性ダメージ吸収","属性伤害吸收"
"能力","4","防御アビリティ","防御能力","642","能力弱体回避","能力弱化回避"
"能力","4","防御アビリティ","防御能力","643","能力弱体無効","能力弱化无效"
"能力","4","防御アビリティ","防御能力","644","即死回避",""
"能力","4","防御アビリティ","防御能力","645","即死無効","即死无效"
"能力","4","防御アビリティ","防御能力","646","昇天回避","升天回避"
"能力","4","防御アビリティ","防御能力","647","昇天無効","升天无效"
"能力","4","防御アビリティ","防御能力","648","絶頂回避","绝顶回避"
"能力","4","防御アビリティ","防御能力","649","絶頂無効","绝顶无效"
"能力","4","防御アビリティ","防御能力","650","全即死系無効","全即死系无效"
"能力","4","防御アビリティ","防御能力","651","拘束回避",""
"能力","4","防御アビリティ","防御能力","652","拘束無効","拘束无效"
"能力","4","防御アビリティ","防御能力","653","毒回避",""
"能力","4","防御アビリティ","防御能力","654","毒無効","毒无效"
"能力","4","防御アビリティ","防御能力","655","暗闇回避","黑暗回避"
"能力","4","防御アビリティ","防御能力","656","暗闇無効","黑暗无效"
"能力","4","防御アビリティ","防御能力","657","沈黙回避","沉默回避"
"能力","4","防御アビリティ","防御能力","658","沈黙無効","沉默无效"
"能力","4","防御アビリティ","防御能力","659","混乱回避",""
"能力","4","防御アビリティ","防御能力","660","混乱無効","混乱无效"
"能力","4","防御アビリティ","防御能力","661","睡眠回避",""
"能力","4","防御アビリティ","防御能力","662","睡眠無効","睡眠无效"
"能力","4","防御アビリティ","防御能力","663","麻痺回避","麻痹回避"
"能力","4","防御アビリティ","防御能力","664","麻痺無効","麻痹无效"
"能力","4","防御アビリティ","防御能力","665","バーン回避","燃烧回避"
"能力","4","防御アビリティ","防御能力","666","バーン無効","燃烧无效"
"能力","4","防御アビリティ","防御能力","667","フリーズ回避","冻结回避"
"能力","4","防御アビリティ","防御能力","668","フリーズ無効","冻结无效"
"能力","4","防御アビリティ","防御能力","669","ショック回避","电击回避"
"能力","4","防御アビリティ","防御能力","670","ショック無効","电击无效"
"能力","4","防御アビリティ","防御能力","671","スロウ回避","减速回避"
"能力","4","防御アビリティ","防御能力","672","スロウ無効","减速无效"
"能力","4","防御アビリティ","防御能力","673","ストップ回避","停止回避"
"能力","4","防御アビリティ","防御能力","674","ストップ無効","停止无效"
"能力","4","防御アビリティ","防御能力","675","ミニマム回避","缩小回避"
"能力","4","防御アビリティ","防御能力","676","ミニマム無効","缩小无效"
"能力","4","防御アビリティ","防御能力","677","ゾンビ回避","僵尸回避"
"能力","4","防御アビリティ","防御能力","678","ゾンビ無効","僵尸无效"
"能力","4","防御アビリティ","防御能力","679","石化回避",""
"能力","4","防御アビリティ","防御能力","680","石化無効","石化无效"
"能力","4","防御アビリティ","防御能力","681","消化回避",""
"能力","4","防御アビリティ","防御能力","682","消化無効","消化无效"
"能力","4","防御アビリティ","防御能力","683","スタン回避","眩晕回避"
"能力","4","防御アビリティ","防御能力","684","スタン無効","眩晕无效"
"能力","4","防御アビリティ","防御能力","685","ヌルヌル回避","黏滑回避"
"能力","4","防御アビリティ","防御能力","686","ヌルヌル無効","黏滑无效"
"能力","4","防御アビリティ","防御能力","687","敏感回避",""
"能力","4","防御アビリティ","防御能力","688","敏感無効","敏感无效"
"能力","4","防御アビリティ","防御能力","689","恍惚回避",""
"能力","4","防御アビリティ","防御能力","690","恍惚無効","恍惚无效"
"能力","4","防御アビリティ","防御能力","691","誘惑回避","诱惑回避"
"能力","4","防御アビリティ","防御能力","692","誘惑無効","诱惑无效"
"能力","4","防御アビリティ","防御能力","693","失禁回避",""
"能力","4","防御アビリティ","防御能力","694","失禁無効","失禁无效"
"能力","4","防御アビリティ","防御能力","695","全状態異常回避","全状态异常回避"
"能力","4","防御アビリティ","防御能力","696","全状態異常無効","全状态异常无效"
"能力","4","防御アビリティ","防御能力","697","「武道着」装備可能","可以装备「武道服」"
"能力","4","防御アビリティ","防御能力","698","「鎧」装備可能","可以装备「铠」"
"能力","4","防御アビリティ","防御能力","699","「ローブ」装備可能","可以装备「长袍」"
"能力","4","防御アビリティ","防御能力","700","「兜」装備可能","可以装备「盔」"
"能力","4","防御アビリティ","防御能力","701","「魔帽」装備可能","可以装备「魔法帽」"
"能力","4","防御アビリティ","防御能力","702","「盾」装備可能","可以装备「盾」"
"能力","4","防御アビリティ","防御能力","7664","防御力75%アップ","防御力提升75%"
"能力","4","防御アビリティ","防御能力","7665","防御力100%アップ","防御力提升100%"
"能力","4","防御アビリティ","防御能力","7666","防御力150%アップ","防御力提升150%"
"能力","4","防御アビリティ","防御能力","7667","防御力200%アップ","防御力提升200%"
"能力","4","防御アビリティ","防御能力","7668","/防御力300%アップ",""
"能力","4","防御アビリティ","防御能力","7669","精神力75%アップ","精神力提升75%"
"能力","4","防御アビリティ","防御能力","7670","精神力100%アップ","精神力提升100%"
"能力","4","防御アビリティ","防御能力","7671","精神力150%アップ","精神力提升150%"
"能力","4","防御アビリティ","防御能力","7672","精神力200%アップ","精神力提升200%"
"能力","4","防御アビリティ","防御能力","7673","/精神力300%アップ",""
"能力","4","防御アビリティ","防御能力","7674","回避率50%",""
"能力","4","防御アビリティ","防御能力","7675","回避率75%",""
"能力","4","防御アビリティ","防御能力","7676","魔法回避率50%",""
"能力","4","防御アビリティ","防御能力","7677","魔法回避率75%",""
"能力","4","防御アビリティ","防御能力","7678","万能回避率10%",""
"能力","4","防御アビリティ","防御能力","7679","万能回避率20%",""
"能力","4","防御アビリティ","防御能力","7680","万能回避率30%",""
"能力","4","防御アビリティ","防御能力","7681","万能回避率50%",""
"能力","4","防御アビリティ","防御能力","7682","万能回避率75%",""
"能力","4","防御アビリティ","防御能力","7683","完全万能回避",""
"能力","4","防御アビリティ","防御能力","7684","物理反射10%",""
"能力","4","防御アビリティ","防御能力","7685","物理反射30%",""
"能力","4","防御アビリティ","防御能力","7686","物理反射50%",""
"能力","4","防御アビリティ","防御能力","7687","物理反射75%",""
"能力","4","防御アビリティ","防御能力","7688","物理反射100%",""
"能力","4","防御アビリティ","防御能力","7689","魔法反射75%",""
"能力","4","防御アビリティ","防御能力","7690","物理・魔法反射50%",""
"能力","4","防御アビリティ","防御能力","7691","万能反射10%",""
"能力","4","防御アビリティ","防御能力","7692","万能反射30%",""
"能力","4","防御アビリティ","防御能力","7693","万能反射50%",""
"能力","4","防御アビリティ","防御能力","7694","万能反射75%",""
"能力","4","防御アビリティ","防御能力","7695","万能反射100%",""
"能力","4","防御アビリティ","防御能力","7696","反射ミニブースター","反射小增强"
"能力","4","防御アビリティ","防御能力","7697","反射ブースター","反射增强"
"能力","4","防御アビリティ","防御能力","7698","反射ハイブースター","反射高级增强"
"能力","4","防御アビリティ","防御能力","7699","反射エクスブースター","反射极限增强"
"能力","4","防御アビリティ","防御能力","7700","反射ゴッドブースター","反射神级增强"
"能力","4","防御アビリティ","防御能力","7701","瀕死時物理耐性25%","濒死时物理耐性25%"
"能力","4","防御アビリティ","防御能力","7702","瀕死時完全物理耐性","濒死时完全物理耐性"
"能力","4","防御アビリティ","防御能力","7703","瀕死時魔法耐性25%","濒死时魔法耐性25%"
"能力","4","防御アビリティ","防御能力","7704","瀕死時完全魔法耐性","濒死时完全魔法耐性"
"能力","4","防御アビリティ","防御能力","7705","瀕死時万能耐性50%","濒死时万能耐性50%"
"能力","4","防御アビリティ","防御能力","7706","瀕死時万能耐性25%","濒死时万能耐性25%"
"能力","4","防御アビリティ","防御能力","7707","瀕死時完全万能耐性","濒死时完全万能耐性"
"能力","4","防御アビリティ","防御能力","7708","ヘビィマインド","重精神"
"能力","4","防御アビリティ","防御能力","7709","防御コンバーター","防御转换器"
"能力","4","防御アビリティ","防御能力","7710","特攻ダメージ半減","特攻伤害减半"
"能力","4","防御アビリティ","防御能力","7711","特攻ダメージ無効","特攻伤害无效"
"能力","4","防御アビリティ","防御能力","7712","アルフの護り","亚尔夫的守护"
"能力","4","防御アビリティ","防御能力","7713","アンゴルモアの護り","安哥尔摩亚的守护"
"能力","4","防御アビリティ","防御能力","7714","回避竜剣","回避龙剑"
"能力","4","防御アビリティ","防御能力","7715","交錯する誘惑","交错的诱惑"
"能力","4","防御アビリティ","防御能力","7716","スウェイハッスル","摇摆狂欢"
"能力","4","防御アビリティ","防御能力","7717","スウェイフェニックス","摇摆凤凰"
"能力","4","防御アビリティ","防御能力","7718","回避握手",""
"能力","4","防御アビリティ","防御能力","7719","守護者の祈り","守护者的祈祷"
"能力","4","防御アビリティ","防御能力","7720","リフレッシュ","刷新"
"能力","4","防御アビリティ","防御能力","7721","オートクリア","自动清除"
"能力","4","防御アビリティ","防御能力","7722","サイコリフレッシュ","念动刷新"
"能力","4","防御アビリティ","防御能力","7723","リープタイム","跳跃时间"
"能力","4","防御アビリティ","防御能力","7724","シールドバッシュPG","盾击PG"
"能力","4","防御アビリティ","防御能力","7725","シールドバッシュMG","盾击MG"
"能力","4","防御アビリティ","防御能力","7726","シールドバッシュPMG","盾击PMG"
"能力","4","防御アビリティ","防御能力","7727","シールドバッシュ強化","盾击强化"
"能力","4","防御アビリティ","防御能力","7728","シールドバッシュ大強化","盾击大幅强化"
"能力","4","防御アビリティ","防御能力","7729","ファーストアッセンブル","初次集结"
"能力","4","防御アビリティ","防御能力","7730","シールドガード自動発動","盾防御自动发动"
"能力","4","防御アビリティ","防御能力","7731","シールドリフレクト自動発動","盾反射自动发动"
"能力","4","防御アビリティ","防御能力","7732","闇の衣","暗之衣"
"能力","4","防御アビリティ","防御能力","7733","CIWS",""
"能力","4","防御アビリティ","防御能力","7734","アドバンスドCIWS","高级CIWS"
"能力","4","防御アビリティ","防御能力","7735","ハイアドバンスドCIWS","超级CIWS"
"能力","4","防御アビリティ","防御能力","7736","オメガCIWS","欧米伽CIWS"
"能力","4","防御アビリティ","防御能力","7737","チタン装甲","钛装甲"
"能力","4","防御アビリティ","防御能力","7738","フルシールド","全盾"
"能力","4","防御アビリティ","防御能力","7739","メガビームシールド","巨型光束盾"
"能力","4","防御アビリティ","防御能力","7740","量子化",""
"能力","4","防御アビリティ","防御能力","7741","完全量子化",""
"能力","4","防御アビリティ","防御能力","7742","サイコシールド","念动盾"
"能力","4","防御アビリティ","防御能力","7743","サイコアーマー","念动装甲"
"能力","4","防御アビリティ","防御能力","7744","ボスからのダメージ軽減15%","减少15%来自BOSS的伤害"
"能力","4","防御アビリティ","防御能力","7745","ボスからのダメージ軽減30%","减少30%来自BOSS的伤害"
"能力","4","防御アビリティ","防御能力","7746","ボスからのダメージ軽減50%","减少50%来自BOSS的伤害"
"能力","4","防御アビリティ","防御能力","7747","/ボスからのダメージ軽減75%",""
"能力","4","防御アビリティ","防御能力","7748","銀河耐性75%","银河耐性75%"
"能力","4","防御アビリティ","防御能力","7749","銀河耐性50%","银河耐性50%"
"能力","4","防御アビリティ","防御能力","7750","銀河耐性25%","银河耐性25%"
"能力","4","防御アビリティ","防御能力","7751","銀河無効","银河无效"
"能力","4","防御アビリティ","防御能力","7752","銀河吸収","银河吸收"
"能力","4","防御アビリティ","防御能力","7753","銀河反射","银河反射"
"能力","4","防御アビリティ","防御能力","7754","修羅耐性75%","修罗耐性75%"
"能力","4","防御アビリティ","防御能力","7755","修羅耐性50%","修罗耐性50%"
"能力","4","防御アビリティ","防御能力","7756","修羅耐性25%","修罗耐性25%"
"能力","4","防御アビリティ","防御能力","7757","修羅無効","修罗无效"
"能力","4","防御アビリティ","防御能力","7758","修羅吸収","修罗吸收"
"能力","4","防御アビリティ","防御能力","7759","修羅反射","修罗反射"
"能力","4","防御アビリティ","防御能力","7760","ナイトメア耐性75%","噩梦耐性75%"
"能力","4","防御アビリティ","防御能力","7761","ナイトメア耐性50%","噩梦耐性50%"
"能力","4","防御アビリティ","防御能力","7762","ナイトメア耐性25%","噩梦耐性25%"
"能力","4","防御アビリティ","防御能力","7763","ナイトメア無効","噩梦无效"
"能力","4","防御アビリティ","防御能力","7764","ナイトメア吸収","噩梦吸收"
"能力","4","防御アビリティ","防御能力","7765","ナイトメア反射","噩梦反射"
"能力","4","防御アビリティ","防御能力","7766","核熱耐性75%","核热耐性75%"
"能力","4","防御アビリティ","防御能力","7767","核熱耐性50%","核热耐性50%"
"能力","4","防御アビリティ","防御能力","7768","核熱耐性25%","核热耐性25%"
"能力","4","防御アビリティ","防御能力","7769","核熱無効","核热无效"
"能力","4","防御アビリティ","防御能力","7770","核熱吸収","核热吸收"
"能力","4","防御アビリティ","防御能力","7771","核熱反射","核热反射"
"能力","4","防御アビリティ","防御能力","7772","量子耐性75%",""
"能力","4","防御アビリティ","防御能力","7773","量子耐性50%",""
"能力","4","防御アビリティ","防御能力","7774","量子耐性25%",""
"能力","4","防御アビリティ","防御能力","7775","量子無効","量子无效"
"能力","4","防御アビリティ","防御能力","7776","量子吸収","量子吸收"
"能力","4","防御アビリティ","防御能力","7777","量子反射",""
"能力","4","防御アビリティ","防御能力","7778","イオン耐性75%","离子耐性75%"
"能力","4","防御アビリティ","防御能力","7779","イオン耐性50%","离子耐性50%"
"能力","4","防御アビリティ","防御能力","7780","イオン耐性25%","离子耐性25%"
"能力","4","防御アビリティ","防御能力","7781","イオン無効","离子无效"
"能力","4","防御アビリティ","防御能力","7782","イオン吸収","离子吸收"
"能力","4","防御アビリティ","防御能力","7783","イオン反射","离子反射"
"能力","4","防御アビリティ","防御能力","7784","ハドロン耐性75%","强子耐性75%"
"能力","4","防御アビリティ","防御能力","7785","ハドロン耐性50%","强子耐性50%"
"能力","4","防御アビリティ","防御能力","7786","ハドロン耐性25%","强子耐性25%"
"能力","4","防御アビリティ","防御能力","7787","ハドロン無効","强子无效"
"能力","4","防御アビリティ","防御能力","7788","ハドロン吸収","强子吸收"
"能力","4","防御アビリティ","防御能力","7789","ハドロン反射","强子反射"
"能力","4","防御アビリティ","防御能力","7790","テラ耐性75%","大地耐性75%"
"能力","4","防御アビリティ","防御能力","7791","テラ耐性50%","大地耐性50%"
"能力","4","防御アビリティ","防御能力","7792","テラ耐性25%","大地耐性25%"
"能力","4","防御アビリティ","防御能力","7793","テラ無効","大地无效"
"能力","4","防御アビリティ","防御能力","7794","テラ吸収","大地吸收"
"能力","4","防御アビリティ","防御能力","7795","テラ反射","大地反射"
"能力","4","防御アビリティ","防御能力","7796","ナノ耐性75%","纳米耐性75%"
"能力","4","防御アビリティ","防御能力","7797","ナノ耐性50%","纳米耐性50%"
"能力","4","防御アビリティ","防御能力","7798","ナノ耐性25%","纳米耐性25%"
"能力","4","防御アビリティ","防御能力","7799","ナノ無効","纳米无效"
"能力","4","防御アビリティ","防御能力","7800","ナノ吸収","纳米吸收"
"能力","4","防御アビリティ","防御能力","7801","ナノ反射","纳米反射"
"能力","4","防御アビリティ","防御能力","7802","永劫耐性75%",""
"能力","4","防御アビリティ","防御能力","7803","永劫耐性50%",""
"能力","4","防御アビリティ","防御能力","7804","永劫耐性25%",""
"能力","4","防御アビリティ","防御能力","7805","永劫無効","永劫无效"
"能力","4","防御アビリティ","防御能力","7806","永劫吸収","永劫吸收"
"能力","4","防御アビリティ","防御能力","7807","永劫反射",""
"能力","4","防御アビリティ","防御能力","7808","終焉耐性75%","终焉耐性75%"
"能力","4","防御アビリティ","防御能力","7809","終焉耐性50%","终焉耐性50%"
"能力","4","防御アビリティ","防御能力","7810","終焉耐性25%","终焉耐性25%"
"能力","4","防御アビリティ","防御能力","7811","終焉無効","终焉无效"
"能力","4","防御アビリティ","防御能力","7812","終焉吸収","终焉吸收"
"能力","4","防御アビリティ","防御能力","7813","終焉反射","终焉反射"
"能力","4","防御アビリティ","防御能力","7814","/ヌル耐性75%",""
"能力","4","防御アビリティ","防御能力","7815","/ヌル耐性50%",""
"能力","4","防御アビリティ","防御能力","7816","/ヌル耐性25%",""
"能力","4","防御アビリティ","防御能力","7817","/ヌル無効",""
"能力","4","防御アビリティ","防御能力","7818","/ヌル吸収",""
"能力","4","防御アビリティ","防御能力","7819","/ヌル反射",""
"能力","4","防御アビリティ","防御能力","7820","快楽状態異常無効","快乐状态异常无效"
"能力","4","防御アビリティ","防御能力","7821","無謬の肉体","无谬之肉体"
"能力","4","防御アビリティ","防御能力","7822","短剣技後ガード","短剑技后防御"
"能力","4","防御アビリティ","防御能力","7823","剣技後ガード","剑技后防御"
"能力","4","防御アビリティ","防御能力","7824","尖剣技後ガード","尖剑技后防御"
"能力","4","防御アビリティ","防御能力","7825","刀技後ガード","刀技后防御"
"能力","4","防御アビリティ","防御能力","7826","槍技後ガード","枪技后防御"
"能力","4","防御アビリティ","防御能力","7827","斧技後ガード","斧技后防御"
"能力","4","防御アビリティ","防御能力","7828","棍技後ガード","棍技后防御"
"能力","4","防御アビリティ","防御能力","7829","鎌技後ガード","镰技后防御"
"能力","4","防御アビリティ","防御能力","7830","弓技後ガード","弓技后防御"
"能力","4","防御アビリティ","防御能力","7831","鞭技後ガード","鞭技后防御"
"能力","4","防御アビリティ","防御能力","7832","投擲技後ガード","投掷技后防御"
"能力","4","防御アビリティ","防御能力","7833","鉄球技後ガード","铁球技后防御"
"能力","4","防御アビリティ","防御能力","7834","扇技後ガード","扇技后防御"
"能力","4","防御アビリティ","防御能力","7835","銃技後ガード","铳技后防御"
"能力","4","防御アビリティ","防御能力","7836","多武器技後ガード","多武器技后防御"
"能力","4","防御アビリティ","防御能力","7837","格闘後ガード","格斗后防御"
"能力","4","防御アビリティ","防御能力","7838","白魔法後ガード","白魔法后防御"
"能力","4","防御アビリティ","防御能力","7839","黒魔法後ガード","黑魔法后防御"
"能力","4","防御アビリティ","防御能力","7840","時魔法後ガード","时魔法后防御"
"能力","4","防御アビリティ","防御能力","7841","召喚後ガード","召唤后防御"
"能力","4","防御アビリティ","防御能力","7842","聖技後ガード","圣技后防御"
"能力","4","防御アビリティ","防御能力","7843","闇技後ガード","暗技后防御"
"能力","4","防御アビリティ","防御能力","7844","魔法剣後ガード","魔法剑后防御"
"能力","4","防御アビリティ","防御能力","7845","陰陽術後ガード","阴阳术后防御"
"能力","4","防御アビリティ","防御能力","7846","盗賊技後ガード","盗贼技后防御"
"能力","4","防御アビリティ","防御能力","7847","忍術後ガード","忍术后防御"
"能力","4","防御アビリティ","防御能力","7848","海賊技後ガード","海贼技后防御"
"能力","4","防御アビリティ","防御能力","7849","ヒーロー技後ガード","英雄技后防御"
"能力","4","防御アビリティ","防御能力","7850","商技後ガード","商技后防御"
"能力","4","防御アビリティ","防御能力","7851","EXアイテム後ガード","EX物品后防御"
"能力","4","防御アビリティ","防御能力","7852","オラクル後ガード","神谕后防御"
"能力","4","防御アビリティ","防御能力","7853","踊る後ガード","舞蹈后防御"
"能力","4","防御アビリティ","防御能力","7854","歌う後ガード","歌唱后防御"
"能力","4","防御アビリティ","防御能力","7855","話す後ガード","交谈后防御"
"能力","4","防御アビリティ","防御能力","7856","魔導科学後ガード","魔导科学后防御"
"能力","4","防御アビリティ","防御能力","7857","錬金術後ガード","炼金术后防御"
"能力","4","防御アビリティ","防御能力","7858","魔本術後ガード","魔本术后防御"
"能力","4","防御アビリティ","防御能力","7859","マキナ後ガード","器械后防御"
"能力","4","防御アビリティ","防御能力","7860","料理後ガード","料理后防御"
"能力","4","防御アビリティ","防御能力","7861","医術後ガード","医术后防御"
"能力","4","防御アビリティ","防御能力","7862","御奉仕後ガード","侍奉后防御"
"能力","4","防御アビリティ","防御能力","7863","王技後ガード","王技后防御"
"能力","4","防御アビリティ","防御能力","7864","勇者技後ガード","勇者技后防御"
"能力","4","防御アビリティ","防御能力","7865","淫技後ガード","淫技后防御"
"能力","4","防御アビリティ","防御能力","7866","魔技後ガード","魔技后防御"
"能力","4","防御アビリティ","防御能力","7867","海技後ガード","海技后防御"
"能力","4","防御アビリティ","防御能力","7868","粘液技後ガード","粘液技后防御"
"能力","4","防御アビリティ","防御能力","7869","獣技後ガード","兽技后防御"
"能力","4","防御アビリティ","防御能力","7870","蛇技後ガード","蛇技后防御"
"能力","4","防御アビリティ","防御能力","7871","触手技後ガード","触手技后防御"
"能力","4","防御アビリティ","防御能力","7872","翼技後ガード","翼技后防御"
"能力","4","防御アビリティ","防御能力","7873","虫技後ガード","虫技后防御"
"能力","4","防御アビリティ","防御能力","7874","植物技後ガード","植物技后防御"
"能力","4","防御アビリティ","防御能力","7875","屍技後ガード","尸技后防御"
"能力","4","防御アビリティ","防御能力","7876","造技後ガード","造技后防御"
"能力","4","防御アビリティ","防御能力","7877","自然感応後ガード","自然感应后防御"
"能力","4","防御アビリティ","防御能力","7878","ブレス後ガード","吐息后防御"
"能力","4","防御アビリティ","防御能力","7879","特技後ガード","特技后防御"
"能力","4","防御アビリティ","防御能力","7880","装備武器後ガード","装备武器后防御"
"能力","4","防御アビリティ","防御能力","7881","サイコ後ガード","念动后防御"
"能力","4","防御アビリティ","防御能力","7882","妖術後ガード","妖术后防御"
"能力","4","防御アビリティ","防御能力","7883","巨技後ガード","巨技后防御"
"能力","4","防御アビリティ","防御能力","7884","全武技スキル後ガード","全武技技能后防御"
"能力","4","防御アビリティ","防御能力","7885","全職技スキル後ガード","全职技技能后防御"
"能力","4","防御アビリティ","防御能力","7886","全魔法スキル後ガード","所有魔法技能后防御"
"能力","4","防御アビリティ","防御能力","7887","全魔物スキル後ガード","全魔物技能后防御"
"能力","4","防御アビリティ","防御能力","9959","守りのオーバーロード","守护超负荷"
"能力","4","防御アビリティ","防御能力","9961","精神のオーバーロード","精神超负荷"
"能力","4","防御アビリティ","防御能力","9992","捕食無効","捕食无效"
"能力","4","防御アビリティ","防御能力","10042","真・守護者の祈り","真・守护者的祈祷"
"能力","4","防御アビリティ","防御能力","10043","警戒職技","警戒职技"
"能力","4","防御アビリティ","防御能力","10044","回避パワーチャージ","回避力量充能"
"能力","4","防御アビリティ","防御能力","10045","回避マジックチャージ","回避魔法充能"
"能力","4","防御アビリティ","防御能力","10046","回避テクニックチャージ","回避技巧充能"
"能力","4","防御アビリティ","防御能力","10047","衝撃吸収パワーチャージ","冲击吸收力量充能"
"能力","4","防御アビリティ","防御能力","10048","衝撃吸収マジックチャージ","冲击吸收魔法充能"
"能力","4","防御アビリティ","防御能力","10049","衝撃吸収テクニックチャージ","冲击吸收技巧充能"
"能力","5","特殊アビリティ","特殊能力","708","毎ターンHP5%回復","每回合HP恢复5%"
"能力","5","特殊アビリティ","特殊能力","709","毎ターンHP10%回復","每回合HP恢复10%"
"能力","5","特殊アビリティ","特殊能力","710","毎ターンHP20%回復","每回合HP恢复20%"
"能力","5","特殊アビリティ","特殊能力","711","毎ターンHP30%回復","每回合HP恢复30%"
"能力","5","特殊アビリティ","特殊能力","712","生命回帰","生命回归"
"能力","5","特殊アビリティ","特殊能力","713","毎ターンMP1%回復","每回合MP恢复1%"
"能力","5","特殊アビリティ","特殊能力","714","毎ターンMP2%回復","每回合MP恢复2%"
"能力","5","特殊アビリティ","特殊能力","715","毎ターンMP4%回復","每回合MP恢复4%"
"能力","5","特殊アビリティ","特殊能力","716","毎ターンMP8%回復","每回合MP恢复8%"
"能力","5","特殊アビリティ","特殊能力","717","魔導回帰","魔导回归"
"能力","5","特殊アビリティ","特殊能力","718","毎ターンSP5%回復","每回合SP恢复5%"
"能力","5","特殊アビリティ","特殊能力","719","毎ターンSP10%回復","每回合SP恢复10%"
"能力","5","特殊アビリティ","特殊能力","720","毎ターンSP20%回復","每回合SP恢复20%"
"能力","5","特殊アビリティ","特殊能力","721","毎ターンSP30%回復","每回合SP恢复30%"
"能力","5","特殊アビリティ","特殊能力","722","気力回帰","气力回归"
"能力","5","特殊アビリティ","特殊能力","723","SPチャージ1.5倍",""
"能力","5","特殊アビリティ","特殊能力","724","SPチャージ2倍","SP充能2倍"
"能力","5","特殊アビリティ","特殊能力","725","SPチャージ3倍","SP充能3倍"
"能力","5","特殊アビリティ","特殊能力","726","薬の知識1",""
"能力","5","特殊アビリティ","特殊能力","727","薬の知識2",""
"能力","5","特殊アビリティ","特殊能力","728","薬の知識3",""
"能力","5","特殊アビリティ","特殊能力","729","究極薬効","究极药效"
"能力","5","特殊アビリティ","特殊能力","730","代謝アップ","代谢提升"
"能力","5","特殊アビリティ","特殊能力","731","超代謝","超级代谢"
"能力","5","特殊アビリティ","特殊能力","732","究極代謝","究极代谢"
"能力","5","特殊アビリティ","特殊能力","733","アピール","吸引"
"能力","5","特殊アビリティ","特殊能力","734","超アピール","超吸引"
"能力","5","特殊アビリティ","特殊能力","735","ハインド","隐蔽"
"能力","5","特殊アビリティ","特殊能力","736","超ハインド","超级隐蔽"
"能力","5","特殊アビリティ","特殊能力","737","瀕死時二回行動","濒死时两次行动"
"能力","5","特殊アビリティ","特殊能力","738","二回行動","两次行动"
"能力","5","特殊アビリティ","特殊能力","739","三回行動","三次行动"
"能力","5","特殊アビリティ","特殊能力","740","バーサーカー","狂战士"
"能力","5","特殊アビリティ","特殊能力","741","ハイバーサーカー","超级狂暴者"
"能力","5","特殊アビリティ","特殊能力","742","ゾンビ体質","僵尸体质"
"能力","5","特殊アビリティ","特殊能力","743","瀕死時変身","濒死变身"
"能力","5","特殊アビリティ","特殊能力","744","不意打ち無効","偷袭无效"
"能力","5","特殊アビリティ","特殊能力","745","先制攻撃アップ","先制攻击提升"
"能力","5","特殊アビリティ","特殊能力","746","戦闘開始時SP増加","战斗开始时SP增加"
"能力","5","特殊アビリティ","特殊能力","747","戦闘開始時SP最大","战斗开始时SP最大"
"能力","5","特殊アビリティ","特殊能力","748","戦闘後小休止","战斗后小休息"
"能力","5","特殊アビリティ","特殊能力","749","戦闘後大休止","战斗后大休息"
"能力","5","特殊アビリティ","特殊能力","750","勝利の叫び","胜利的呐喊"
"能力","5","特殊アビリティ","特殊能力","751","勝利の雄叫び","胜利的雄吼"
"能力","5","特殊アビリティ","特殊能力","752","経験値1.5倍",""
"能力","5","特殊アビリティ","特殊能力","753","経験値2倍","经验值2倍"
"能力","5","特殊アビリティ","特殊能力","754","経験値3倍","经验值3倍"
"能力","5","特殊アビリティ","特殊能力","755","職業経験値1.5倍",""
"能力","5","特殊アビリティ","特殊能力","756","職業経験値2倍","职业经验值2倍"
"能力","5","特殊アビリティ","特殊能力","757","職業経験値3倍","职业经验值3倍"
"能力","5","特殊アビリティ","特殊能力","758","獲得ゴールド1.5倍",""
"能力","5","特殊アビリティ","特殊能力","759","獲得ゴールド2倍","获得金币2倍"
"能力","5","特殊アビリティ","特殊能力","760","獲得ゴールド3倍","获得金币3倍"
"能力","5","特殊アビリティ","特殊能力","761","アイテムドロップ率1.5倍",""
"能力","5","特殊アビリティ","特殊能力","762","アイテムドロップ率2倍","物品掉落率2倍"
"能力","5","特殊アビリティ","特殊能力","763","アイテムドロップ率3倍","物品掉落率3倍"
"能力","5","特殊アビリティ","特殊能力","764","盗賊の解錠1",""
"能力","5","特殊アビリティ","特殊能力","765","盗賊の解錠2",""
"能力","5","特殊アビリティ","特殊能力","766","盗賊の解錠3",""
"能力","5","特殊アビリティ","特殊能力","767","仲間確率1.5倍",""
"能力","5","特殊アビリティ","特殊能力","768","仲間確率2倍","伙伴概率2倍"
"能力","5","特殊アビリティ","特殊能力","769","仲間確率3倍","伙伴概率3倍"
"能力","5","特殊アビリティ","特殊能力","770","盗む確率アップ1.5倍",""
"能力","5","特殊アビリティ","特殊能力","771","盗む確率アップ2倍","偷窃概率提升至2倍"
"能力","5","特殊アビリティ","特殊能力","772","盗む確率アップ3倍","偷窃概率提升至3倍"
"能力","5","特殊アビリティ","特殊能力","773","踊り状態異常率アップ","舞蹈状态异常率提升"
"能力","5","特殊アビリティ","特殊能力","774","歌状態異常率アップ","歌唱状态异常率提升"
"能力","5","特殊アビリティ","特殊能力","775","淫技状態異常率アップ","淫技状态异常率提升"
"能力","5","特殊アビリティ","特殊能力","776","魔眼状態異常率アップ","魔眼状态异常率提升"
"能力","5","特殊アビリティ","特殊能力","777","花粉状態異常率アップ","花粉状态异常率提升"
"能力","5","特殊アビリティ","特殊能力","778","群体生命",""
"能力","5","特殊アビリティ","特殊能力","779","闇の契約","暗之契约"
"能力","5","特殊アビリティ","特殊能力","780","闇の支配者","暗之支配者"
"能力","5","特殊アビリティ","特殊能力","781","森強化","森林强化"
"能力","5","特殊アビリティ","特殊能力","782","森超強化","森林超强化"
"能力","5","特殊アビリティ","特殊能力","783","砂漠強化","沙漠强化"
"能力","5","特殊アビリティ","特殊能力","784","砂漠超強化","沙漠超强化"
"能力","5","特殊アビリティ","特殊能力","785","海強化","海洋强化"
"能力","5","特殊アビリティ","特殊能力","786","海超強化","海洋超强化"
"能力","5","特殊アビリティ","特殊能力","787","深海強化","深海强化"
"能力","5","特殊アビリティ","特殊能力","788","深海超強化","深海超强化"
"能力","5","特殊アビリティ","特殊能力","789","洞窟強化","洞穴强化"
"能力","5","特殊アビリティ","特殊能力","790","洞窟超強化","洞穴超强化"
"能力","5","特殊アビリティ","特殊能力","791","市街強化","城市强化"
"能力","5","特殊アビリティ","特殊能力","792","市街超強化","市街超强化"
"能力","5","特殊アビリティ","特殊能力","793","床ダメージ半減","地面伤害减半"
"能力","5","特殊アビリティ","特殊能力","794","床ダメージ無効","地面伤害无效"
"能力","5","特殊アビリティ","特殊能力","795","エンカウント半分","遭遇率减半"
"能力","5","特殊アビリティ","特殊能力","796","エンカウントなし","无遭遇"
"能力","5","特殊アビリティ","特殊能力","797","エンカウント2倍","遭遇率加倍"
"能力","5","特殊アビリティ","特殊能力","798","エンカウント5倍","遭遇率五倍"
"能力","5","特殊アビリティ","特殊能力","799","捨て身の修行","舍身修行"
"能力","5","特殊アビリティ","特殊能力","800","瀕死の修行","濒死修行"
"能力","5","特殊アビリティ","特殊能力","801","快楽のとりこ","快乐俘虏"
"能力","5","特殊アビリティ","特殊能力","802","経験値優先修行","经验优先修行"
"能力","5","特殊アビリティ","特殊能力","803","経験値専念修行","经验专注修行"
"能力","5","特殊アビリティ","特殊能力","804","職業優先修行","职业优先修行"
"能力","5","特殊アビリティ","特殊能力","805","職業専念修行","职业专注修行"
"能力","5","特殊アビリティ","特殊能力","806","遊び好き","爱玩"
"能力","5","特殊アビリティ","特殊能力","807","魔技ブースター","魔技增强"
"能力","5","特殊アビリティ","特殊能力","808","魔技ハイブースター","魔技高级增强"
"能力","5","特殊アビリティ","特殊能力","809","魔技エクスブースター","魔技极限增强"
"能力","5","特殊アビリティ","特殊能力","810","海技ブースター","海技增强"
"能力","5","特殊アビリティ","特殊能力","811","海技ハイブースター","海技高级增强"
"能力","5","特殊アビリティ","特殊能力","812","海技エクスブースター","海技极限增强"
"能力","5","特殊アビリティ","特殊能力","813","自然感応ブースター","自然感应增强"
"能力","5","特殊アビリティ","特殊能力","814","自然感応ハイブースター","自然感应高级增强"
"能力","5","特殊アビリティ","特殊能力","815","自然感応エクスブースター","自然感应极限增强"
"能力","5","特殊アビリティ","特殊能力","816","粘液技ブースター","粘液技增强"
"能力","5","特殊アビリティ","特殊能力","817","粘液技ハイブースター","粘液技高级增强"
"能力","5","特殊アビリティ","特殊能力","818","粘液技エクスブースター","粘液技极限增强"
"能力","5","特殊アビリティ","特殊能力","819","獣技ブースター","兽技增强"
"能力","5","特殊アビリティ","特殊能力","820","獣技ハイブースター","兽技高级增强"
"能力","5","特殊アビリティ","特殊能力","821","獣技エクスブースター","兽技极限增强"
"能力","5","特殊アビリティ","特殊能力","822","蛇技ブースター","蛇技增强"
"能力","5","特殊アビリティ","特殊能力","823","蛇技ハイブースター","蛇技高级增强"
"能力","5","特殊アビリティ","特殊能力","824","蛇技エクスブースター","蛇技极限增强"
"能力","5","特殊アビリティ","特殊能力","825","触手技ブースター","触手技增强"
"能力","5","特殊アビリティ","特殊能力","826","触手技ハイブースター","触手技高级增强"
"能力","5","特殊アビリティ","特殊能力","827","触手技エクスブースター","触手技极限增强"
"能力","5","特殊アビリティ","特殊能力","828","翼技ブースター","翼技增强"
"能力","5","特殊アビリティ","特殊能力","829","翼技ハイブースター","翼技高级增强"
"能力","5","特殊アビリティ","特殊能力","830","翼技エクスブースター","翼技极限增强"
"能力","5","特殊アビリティ","特殊能力","831","ブレスブースター","吐息增强"
"能力","5","特殊アビリティ","特殊能力","832","ブレスハイブースター","吐息高级增强"
"能力","5","特殊アビリティ","特殊能力","833","ブレスエクスブースター","吐息极限增强"
"能力","5","特殊アビリティ","特殊能力","834","虫技ブースター","虫技增强"
"能力","5","特殊アビリティ","特殊能力","835","虫技ハイブースター","虫技高级增强"
"能力","5","特殊アビリティ","特殊能力","836","虫技エクスブースター","虫技极限增强"
"能力","5","特殊アビリティ","特殊能力","837","植物技ブースター","植物技增强"
"能力","5","特殊アビリティ","特殊能力","838","植物技ハイブースター","植物技高级增强"
"能力","5","特殊アビリティ","特殊能力","839","植物技エクスブースター","植物技极限增强"
"能力","5","特殊アビリティ","特殊能力","840","屍技ブースター","尸技增强"
"能力","5","特殊アビリティ","特殊能力","841","屍技ハイブースター","尸技高级增强"
"能力","5","特殊アビリティ","特殊能力","842","屍技エクスブースター","尸技极限增强"
"能力","5","特殊アビリティ","特殊能力","843","造技ブースター","造技增强"
"能力","5","特殊アビリティ","特殊能力","844","造技ハイブースター","造技高级增强"
"能力","5","特殊アビリティ","特殊能力","845","造技エクスブースター","造技极限增强"
"能力","5","特殊アビリティ","特殊能力","846","全武器装備可能","可以装备全武器"
"能力","5","特殊アビリティ","特殊能力","847","全防具装備可能","可以装备全防具"
"能力","5","特殊アビリティ","特殊能力","848","「魔技」使用可能",""
"能力","5","特殊アビリティ","特殊能力","849","「海技」使用可能",""
"能力","5","特殊アビリティ","特殊能力","850","「粘液技」使用可能",""
"能力","5","特殊アビリティ","特殊能力","851","「獣技」使用可能","「兽技」可以使用"
"能力","5","特殊アビリティ","特殊能力","852","「蛇技」使用可能","「蛇技」可用"
"能力","5","特殊アビリティ","特殊能力","853","「触手技」使用可能","「触手技」可用"
"能力","5","特殊アビリティ","特殊能力","854","「翼技」使用可能","「翼技」可用"
"能力","5","特殊アビリティ","特殊能力","855","「虫技」使用可能","「虫技」可用"
"能力","5","特殊アビリティ","特殊能力","856","「植物技」使用可能","「植物技」可用"
"能力","5","特殊アビリティ","特殊能力","857","「屍技」使用可能","「尸技」可用"
"能力","5","特殊アビリティ","特殊能力","858","「造技」使用可能","「造技」可用"
"能力","5","特殊アビリティ","特殊能力","859","「自然感応」使用可能","「自然感应」可用"
"能力","5","特殊アビリティ","特殊能力","860","「ブレス」使用可能","「吐息」可用"
"能力","5","特殊アビリティ","特殊能力","861","全スキル使用可能","所有技能可用"
"能力","5","特殊アビリティ","特殊能力","862","魔物技二連続発動",""
"能力","5","特殊アビリティ","特殊能力","863","背水の陣","背水之阵"
"能力","5","特殊アビリティ","特殊能力","864","反回復の陣","反回复之阵"
"能力","5","特殊アビリティ","特殊能力","865","属性否定の陣","属性否定之阵"
"能力","5","特殊アビリティ","特殊能力","866","七つの世界の勇者達","七世界的勇者们"
"能力","5","特殊アビリティ","特殊能力","867","セックスバトル封印","性战斗封印"
"能力","5","特殊アビリティ","特殊能力","873","酒飲み羊","酒鬼羊"
"能力","5","特殊アビリティ","特殊能力","874","器用貧乏淫魔","笨拙淫魔"
"能力","5","特殊アビリティ","特殊能力","875","残念なマーメイド","残念的人鱼"
"能力","5","特殊アビリティ","特殊能力","876","酔いどれおかしら","醉醺醺的船长"
"能力","5","特殊アビリティ","特殊能力","877","魁の忍","魁忍"
"能力","5","特殊アビリティ","特殊能力","878","魔法少女まじかる☆りじぇお","魔法少女Magical☆莉洁奥"
"能力","5","特殊アビリティ","特殊能力","879","キズナの指輪","羁绊之戒"
"能力","5","特殊アビリティ","特殊能力","880","出世貧乏淫魔","出人头地的淫魔"
"能力","5","特殊アビリティ","特殊能力","881","レインボーの力","彩虹之力"
"能力","5","特殊アビリティ","特殊能力","882","白兎の目","白兔之眼"
"能力","5","特殊アビリティ","特殊能力","883","四天王の誓い","四天王的誓言"
"能力","5","特殊アビリティ","特殊能力","884","魔法少女の誓い","魔法少女的誓言"
"能力","5","特殊アビリティ","特殊能力","885","合一クロムちゃんなのじゃ！",""
"能力","5","特殊アビリティ","特殊能力","886","魅凪の弟子","魅凪的弟子"
"能力","5","特殊アビリティ","特殊能力","887","酔いどれ陰陽剣士","酩酊阴阳剑士"
"能力","5","特殊アビリティ","特殊能力","7893","最大HP・MP・SP10%アップ","最大HP・MP・SP提升10%"
"能力","5","特殊アビリティ","特殊能力","7894","最大HP・MP・SP20%アップ","最大HP・MP・SP提升20%"
"能力","5","特殊アビリティ","特殊能力","7895","最大HP・MP・SP30%アップ","最大HP・MP・SP提升30%"
"能力","5","特殊アビリティ","特殊能力","7896","最大HP・MP・SP40%アップ","最大HP・MP・SP提升40%"
"能力","5","特殊アビリティ","特殊能力","7897","最大HP・MP・SP50%アップ","最大HP・MP・SP提升50%"
"能力","5","特殊アビリティ","特殊能力","7898","最大HP・MP・SP75%アップ","最大HP・MP・SP提升75%"
"能力","5","特殊アビリティ","特殊能力","7899","/最大HP・MP・SP100%アップ",""
"能力","5","特殊アビリティ","特殊能力","7900","全能力値10%アップ","全能力值提升10%"
"能力","5","特殊アビリティ","特殊能力","7901","全能力値20%アップ","全能力值提升20%"
"能力","5","特殊アビリティ","特殊能力","7902","全能力値30%アップ","全能力值提升30%"
"能力","5","特殊アビリティ","特殊能力","7903","全能力値40%アップ","全能力值提升40%"
"能力","5","特殊アビリティ","特殊能力","7904","全能力値50%アップ","全能力值提升50%"
"能力","5","特殊アビリティ","特殊能力","7905","全能力値75%アップ","全能力值提升75%"
"能力","5","特殊アビリティ","特殊能力","7906","/全能力値100%アップ",""
"能力","5","特殊アビリティ","特殊能力","7907","毎ターンHP50%回復","每回合HP恢复50%"
"能力","5","特殊アビリティ","特殊能力","7908","毎ターンHP75%回復","每回合HP恢复75%"
"能力","5","特殊アビリティ","特殊能力","7909","毎ターンMP15%回復","每回合MP恢复15%"
"能力","5","特殊アビリティ","特殊能力","7910","毎ターンMP25%回復","每回合MP恢复25%"
"能力","5","特殊アビリティ","特殊能力","7911","毎ターンMP50%回復","每回合MP恢复50%"
"能力","5","特殊アビリティ","特殊能力","7912","毎ターンMP75%回復","每回合MP恢复75%"
"能力","5","特殊アビリティ","特殊能力","7913","毎ターンSP50%回復","每回合SP恢复50%"
"能力","5","特殊アビリティ","特殊能力","7914","毎ターンSP75%回復","每回合SP恢复75%"
"能力","5","特殊アビリティ","特殊能力","7915","一刀の誇り","一刀的骄傲"
"能力","5","特殊アビリティ","特殊能力","7916","一刀の極み","一刀的极致"
"能力","5","特殊アビリティ","特殊能力","7917","二刀流",""
"能力","5","特殊アビリティ","特殊能力","7918","二刀流強化","二刀流强化"
"能力","5","特殊アビリティ","特殊能力","7919","二刀流超強化","二刀流超强化"
"能力","5","特殊アビリティ","特殊能力","7920","三刀流",""
"能力","5","特殊アビリティ","特殊能力","7921","三刀流強化","三刀流强化"
"能力","5","特殊アビリティ","特殊能力","7922","三刀流超強化","三刀流超强化"
"能力","5","特殊アビリティ","特殊能力","7923","ダブルシールド","双盾"
"能力","5","特殊アビリティ","特殊能力","7924","ダブルシールド強化","双盾强化"
"能力","5","特殊アビリティ","特殊能力","7925","ダブルシールド超強化","双盾超强化"
"能力","5","特殊アビリティ","特殊能力","7926","HPコンバーター","HP转换器"
"能力","5","特殊アビリティ","特殊能力","7927","MPコンバーター","MP转换器"
"能力","5","特殊アビリティ","特殊能力","7928","SPコンバーター","SP转换器"
"能力","5","特殊アビリティ","特殊能力","7929","ヒーローコンバーター","英雄转换器"
"能力","5","特殊アビリティ","特殊能力","7930","SPチャージ5倍","SP充能5倍"
"能力","5","特殊アビリティ","特殊能力","7931","最終薬効","最终药效"
"能力","5","特殊アビリティ","特殊能力","7932","/最終代謝",""
"能力","5","特殊アビリティ","特殊能力","7933","極アピール","极吸引"
"能力","5","特殊アビリティ","特殊能力","7934","極ハインド","极回避"
"能力","5","特殊アビリティ","特殊能力","7935","不滅の肉体","不灭之躯"
"能力","5","特殊アビリティ","特殊能力","7936","反生命存在",""
"能力","5","特殊アビリティ","特殊能力","7937","サポートターン延長","支援回合延长"
"能力","5","特殊アビリティ","特殊能力","7938","サポートターン超延長","支援回合超延长"
"能力","5","特殊アビリティ","特殊能力","7939","サポートターン永続","支援回合永久"
"能力","5","特殊アビリティ","特殊能力","7940","MP代替消費100%","MP替代消耗100%"
"能力","5","特殊アビリティ","特殊能力","7941","MP代替消費50%","MP替代消耗50%"
"能力","5","特殊アビリティ","特殊能力","7942","戦闘開始時SP超過","战斗开始时SP超额"
"能力","5","特殊アビリティ","特殊能力","7943","戦闘開始時SP大超過","战斗开始时SP大超额"
"能力","5","特殊アビリティ","特殊能力","7944","/戦闘開始時SP極超過",""
"能力","5","特殊アビリティ","特殊能力","7945","魔物技SPバースト","魔物技SP爆发"
"能力","5","特殊アビリティ","特殊能力","7946","魔物技SPハイバースト","魔物技SP超级爆发"
"能力","5","特殊アビリティ","特殊能力","7947","自爆ブースト","自爆增强"
"能力","5","特殊アビリティ","特殊能力","7948","自爆超ブースト","自爆超级增强"
"能力","5","特殊アビリティ","特殊能力","7949","/自爆極ブースト",""
"能力","5","特殊アビリティ","特殊能力","7950","体力低下時魔物技強化","体力降低时魔物技强化"
"能力","5","特殊アビリティ","特殊能力","7951","体力低下時魔物技超強化","体力降低时魔物技超强化"
"能力","5","特殊アビリティ","特殊能力","7952","孤勢の陣","孤势之阵"
"能力","5","特殊アビリティ","特殊能力","7953","孤勢の闇陣","孤势之暗阵"
"能力","5","特殊アビリティ","特殊能力","7954","真・孤勢の闇陣","真・孤势之暗阵"
"能力","5","特殊アビリティ","特殊能力","7955","多勢の陣","多势之阵"
"能力","5","特殊アビリティ","特殊能力","7956","多勢の闇陣","多势之暗阵"
"能力","5","特殊アビリティ","特殊能力","7957","真・多勢の闇陣","真・多势之暗阵"
"能力","5","特殊アビリティ","特殊能力","7958","クリティカルスライム","致命史莱姆"
"能力","5","特殊アビリティ","特殊能力","7959","クリティカルラミア","致命拉米亚"
"能力","5","特殊アビリティ","特殊能力","7960","クリティカルプラント","致命植物"
"能力","5","特殊アビリティ","特殊能力","7961","クリティカルデッド","致命死灵"
"能力","5","特殊アビリティ","特殊能力","7962","クリティカルゴースト","致命幽灵"
"能力","5","特殊アビリティ","特殊能力","7963","クリティカルウェポン","致命武器"
"能力","5","特殊アビリティ","特殊能力","7964","闇への傾倒","向黑暗倾斜"
"能力","5","特殊アビリティ","特殊能力","7965","滅びの海難","毁灭的海难"
"能力","5","特殊アビリティ","特殊能力","7966","快楽反応スライム","快乐反应史莱姆"
"能力","5","特殊アビリティ","特殊能力","7967","智略の獣暴","智略的兽暴"
"能力","5","特殊アビリティ","特殊能力","7968","マーベルドール","玛贝尔人偶"
"能力","5","特殊アビリティ","特殊能力","7969","バリアントインパクト","变异冲击"
"能力","5","特殊アビリティ","特殊能力","7970","科学的対処","科学应对"
"能力","5","特殊アビリティ","特殊能力","7971","天軍の技能","天军技能"
"能力","5","特殊アビリティ","特殊能力","7972","堕天の技能","堕天技能"
"能力","5","特殊アビリティ","特殊能力","7973","ミカエラの裁き","米迦艾拉的裁决"
"能力","5","特殊アビリティ","特殊能力","7974","ルシフィナの裁き","路西菲娜的裁决"
"能力","5","特殊アビリティ","特殊能力","7975","ガブリエラの裁き","加百艾拉的裁决"
"能力","5","特殊アビリティ","特殊能力","7976","ラファエラの裁き","拉斐艾拉的裁决"
"能力","5","特殊アビリティ","特殊能力","7977","ウリエラの裁き","乌列艾拉的裁决"
"能力","5","特殊アビリティ","特殊能力","7978","サリエラの裁き","沙利艾拉的裁决"
"能力","5","特殊アビリティ","特殊能力","7979","双子天使の裁き","双子天使的裁决"
"能力","5","特殊アビリティ","特殊能力","7980","天使を滅ぼす魔技","灭天使的魔技"
"能力","5","特殊アビリティ","特殊能力","7981","陸への敵対種","陆地的敌对种"
"能力","5","特殊アビリティ","特殊能力","7982","海への敵対種","海洋的敌对种"
"能力","5","特殊アビリティ","特殊能力","7983","触手殺しの蛇技","触手杀手的蛇技"
"能力","5","特殊アビリティ","特殊能力","7984","蛇殺しの触手","蛇杀手的触手"
"能力","5","特殊アビリティ","特殊能力","7985","植物殺しの虫技","植物杀手的虫技"
"能力","5","特殊アビリティ","特殊能力","7986","虫殺しの植物技","虫杀手的植物技"
"能力","5","特殊アビリティ","特殊能力","7987","破邪の屍技","破邪的尸技"
"能力","5","特殊アビリティ","特殊能力","7988","不浄","不净"
"能力","5","特殊アビリティ","特殊能力","7989","対天使機構","对天使机构"
"能力","5","特殊アビリティ","特殊能力","7990","被造物破壊処置","被造物破坏处置"
"能力","5","特殊アビリティ","特殊能力","7991","対カオス兵器","对混沌兵器"
"能力","5","特殊アビリティ","特殊能力","7992","巨人対抗処置","巨人对抗处置"
"能力","5","特殊アビリティ","特殊能力","7993","キメラ殺しのブレス","奇美拉杀手的吐息"
"能力","5","特殊アビリティ","特殊能力","7994","星を貪る巨人","贪星巨人"
"能力","5","特殊アビリティ","特殊能力","7995","ヌルヌルの触手","黏滑的触手"
"能力","5","特殊アビリティ","特殊能力","7996","感染屍技","感染尸技"
"能力","5","特殊アビリティ","特殊能力","7997","怨念屍技","怨念尸技"
"能力","5","特殊アビリティ","特殊能力","7998","弱体感応","弱化感应"
"能力","5","特殊アビリティ","特殊能力","7999","苛烈なるブレス","苛烈吐息"
"能力","5","特殊アビリティ","特殊能力","8000","ジャイアントインパクト","巨人冲击"
"能力","5","特殊アビリティ","特殊能力","8001","帯電放射","带电放射"
"能力","5","特殊アビリティ","特殊能力","8002","天国技巧","天堂技巧"
"能力","5","特殊アビリティ","特殊能力","8003","次元侵蝕技","次元侵蚀技"
"能力","5","特殊アビリティ","特殊能力","8004","宇宙的恐怖",""
"能力","5","特殊アビリティ","特殊能力","8005","魔神の肉体","魔神之躯"
"能力","5","特殊アビリティ","特殊能力","8006","魔神の憤怒","魔神之愤怒"
"能力","5","特殊アビリティ","特殊能力","8007","バッドトリップ","坏旅行"
"能力","5","特殊アビリティ","特殊能力","8008","侵蝕粘液の眷属","侵蚀粘液的眷属"
"能力","5","特殊アビリティ","特殊能力","8009","時間停止時能力アップ","时间停止时能力提升"
"能力","5","特殊アビリティ","特殊能力","8010","カナデフルライフ","祸抚全生命"
"能力","5","特殊アビリティ","特殊能力","8011","不言の覚醒","不言的觉醒"
"能力","5","特殊アビリティ","特殊能力","8012","不見の覚醒","不见的觉醒"
"能力","5","特殊アビリティ","特殊能力","8013","核動力","核动力"
"能力","5","特殊アビリティ","特殊能力","8014","/瀕死時三回行動",""
"能力","5","特殊アビリティ","特殊能力","8015","/瀕死時四回行動",""
"能力","5","特殊アビリティ","特殊能力","8016","/四回行動",""
"能力","5","特殊アビリティ","特殊能力","8017","盗賊神の心得","盗贼神的心得"
"能力","5","特殊アビリティ","特殊能力","8018","ラーニング","学习"
"能力","5","特殊アビリティ","特殊能力","8019","鎌技状態異常率アップ","镰技状态异常率提升"
"能力","5","特殊アビリティ","特殊能力","8020","鞭技状態異常率アップ","鞭技状态异常率提升"
"能力","5","特殊アビリティ","特殊能力","8021","黒魔法状態異常率アップ","黑魔法状态异常率提升"
"能力","5","特殊アビリティ","特殊能力","8022","時魔法状態異常率アップ","时魔法状态异常率提升"
"能力","5","特殊アビリティ","特殊能力","8023","陰陽術状態異常率アップ","阴阳术状态异常率提升"
"能力","5","特殊アビリティ","特殊能力","8024","話す状態異常率アップ","交谈状态异常率提升"
"能力","5","特殊アビリティ","特殊能力","8025","医術状態異常率アップ","医术状态异常率提升"
"能力","5","特殊アビリティ","特殊能力","8026","鱗粉状態異常率アップ","鳞粉状态异常率提升"
"能力","5","特殊アビリティ","特殊能力","8027","ブレス状態異常率アップ","吐息状态异常率提升"
"能力","5","特殊アビリティ","特殊能力","8028","魔技オーバーブースター","魔技超增强"
"能力","5","特殊アビリティ","特殊能力","8029","/魔技ブースター",""
"能力","5","特殊アビリティ","特殊能力","8030","/魔技ブースター",""
"能力","5","特殊アビリティ","特殊能力","8031","/魔技ブースター",""
"能力","5","特殊アビリティ","特殊能力","8032","海技オーバーブースター","海技超增强"
"能力","5","特殊アビリティ","特殊能力","8033","/海技ブースター",""
"能力","5","特殊アビリティ","特殊能力","8034","/海技ブースター",""
"能力","5","特殊アビリティ","特殊能力","8035","/海技ブースター",""
"能力","5","特殊アビリティ","特殊能力","8036","自然感応オーバーブースター","自然感应超增强"
"能力","5","特殊アビリティ","特殊能力","8037","/自然感応ブースター",""
"能力","5","特殊アビリティ","特殊能力","8038","/自然感応ブースター",""
"能力","5","特殊アビリティ","特殊能力","8039","/自然感応ブースター",""
"能力","5","特殊アビリティ","特殊能力","8040","粘液技オーバーブースター","粘液技超增强"
"能力","5","特殊アビリティ","特殊能力","8041","/粘液技ブースター",""
"能力","5","特殊アビリティ","特殊能力","8042","/粘液技ブースター",""
"能力","5","特殊アビリティ","特殊能力","8043","/粘液技ブースター",""
"能力","5","特殊アビリティ","特殊能力","8044","獣技オーバーブースター","兽技超增强"
"能力","5","特殊アビリティ","特殊能力","8045","/獣技ブースター",""
"能力","5","特殊アビリティ","特殊能力","8046","/獣技ブースター",""
"能力","5","特殊アビリティ","特殊能力","8047","/獣技ブースター",""
"能力","5","特殊アビリティ","特殊能力","8048","蛇技オーバーブースター","蛇技超增强"
"能力","5","特殊アビリティ","特殊能力","8049","/蛇技ブースター",""
"能力","5","特殊アビリティ","特殊能力","8050","/蛇技ブースター",""
"能力","5","特殊アビリティ","特殊能力","8051","/蛇技ブースター",""
"能力","5","特殊アビリティ","特殊能力","8052","触手技オーバーブースター","触手技超增强"
"能力","5","特殊アビリティ","特殊能力","8053","/触手技ブースター",""
"能力","5","特殊アビリティ","特殊能力","8054","/触手技ブースター",""
"能力","5","特殊アビリティ","特殊能力","8055","/触手技ブースター",""
"能力","5","特殊アビリティ","特殊能力","8056","翼技オーバーブースター","翼技超增强"
"能力","5","特殊アビリティ","特殊能力","8057","/翼技ブースター",""
"能力","5","特殊アビリティ","特殊能力","8058","/翼技ブースター",""
"能力","5","特殊アビリティ","特殊能力","8059","/翼技ブースター",""
"能力","5","特殊アビリティ","特殊能力","8060","ブレスオーバーブースター","吐息超增强"
"能力","5","特殊アビリティ","特殊能力","8061","/ブレスブースター",""
"能力","5","特殊アビリティ","特殊能力","8062","/ブレスブースター",""
"能力","5","特殊アビリティ","特殊能力","8063","/ブレスブースター",""
"能力","5","特殊アビリティ","特殊能力","8064","虫技オーバーブースター","虫技超增强"
"能力","5","特殊アビリティ","特殊能力","8065","/虫技ブースター",""
"能力","5","特殊アビリティ","特殊能力","8066","/虫技ブースター",""
"能力","5","特殊アビリティ","特殊能力","8067","/虫技ブースター",""
"能力","5","特殊アビリティ","特殊能力","8068","植物技オーバーブースター","植物技超增强"
"能力","5","特殊アビリティ","特殊能力","8069","/植物技ブースター",""
"能力","5","特殊アビリティ","特殊能力","8070","/植物技ブースター",""
"能力","5","特殊アビリティ","特殊能力","8071","/植物技ブースター",""
"能力","5","特殊アビリティ","特殊能力","8072","屍技オーバーブースター","尸技超增强"
"能力","5","特殊アビリティ","特殊能力","8073","/屍技ブースター",""
"能力","5","特殊アビリティ","特殊能力","8074","/屍技ブースター",""
"能力","5","特殊アビリティ","特殊能力","8075","/屍技ブースター",""
"能力","5","特殊アビリティ","特殊能力","8076","造技オーバーブースター","造技超增强"
"能力","5","特殊アビリティ","特殊能力","8077","/造技ブースター",""
"能力","5","特殊アビリティ","特殊能力","8078","/造技ブースター",""
"能力","5","特殊アビリティ","特殊能力","8079","/造技ブースター",""
"能力","5","特殊アビリティ","特殊能力","8080","巨技ブースター","巨技增强"
"能力","5","特殊アビリティ","特殊能力","8081","巨技ハイブースター","巨技高级增强"
"能力","5","特殊アビリティ","特殊能力","8082","巨技エクスブースター","巨技极限增强"
"能力","5","特殊アビリティ","特殊能力","8083","巨技オーバーブースター","巨技超增强"
"能力","5","特殊アビリティ","特殊能力","8084","/巨技ブースター",""
"能力","5","特殊アビリティ","特殊能力","8085","/巨技ブースター",""
"能力","5","特殊アビリティ","特殊能力","8086","/巨技ブースター",""
"能力","5","特殊アビリティ","特殊能力","8087","妖術ブースター","妖术增强"
"能力","5","特殊アビリティ","特殊能力","8088","妖術ハイブースター","妖术高级增强"
"能力","5","特殊アビリティ","特殊能力","8089","妖術エクスブースター","妖术极限增强"
"能力","5","特殊アビリティ","特殊能力","8090","妖術オーバーブースター","妖术超增强"
"能力","5","特殊アビリティ","特殊能力","8091","/妖術ブースター",""
"能力","5","特殊アビリティ","特殊能力","8092","/妖術ブースター",""
"能力","5","特殊アビリティ","特殊能力","8093","/妖術ブースター",""
"能力","5","特殊アビリティ","特殊能力","8094","特技ブースター","特技增强"
"能力","5","特殊アビリティ","特殊能力","8095","特技ハイブースター","特技高级增强"
"能力","5","特殊アビリティ","特殊能力","8096","特技エクスブースター","特技极限增强"
"能力","5","特殊アビリティ","特殊能力","8097","特技オーバーブースター","特技超增强"
"能力","5","特殊アビリティ","特殊能力","8098","/特技ブースター",""
"能力","5","特殊アビリティ","特殊能力","8099","/特技ブースター",""
"能力","5","特殊アビリティ","特殊能力","8100","/特技ブースター",""
"能力","5","特殊アビリティ","特殊能力","8101","装備武器ブースター","装备武器增强"
"能力","5","特殊アビリティ","特殊能力","8102","装備武器ハイブースター","装备武器高级增强"
"能力","5","特殊アビリティ","特殊能力","8103","装備武器エクスブースター","装备武器极限增强"
"能力","5","特殊アビリティ","特殊能力","8104","装備武器オーバーブースター","装备武器超增强"
"能力","5","特殊アビリティ","特殊能力","8105","/装備武器ブースター",""
"能力","5","特殊アビリティ","特殊能力","8106","/装備武器ブースター",""
"能力","5","特殊アビリティ","特殊能力","8107","/装備武器ブースター",""
"能力","5","特殊アビリティ","特殊能力","8108","「巨技」使用可能","「巨技」可用"
"能力","5","特殊アビリティ","特殊能力","8109","「妖術」使用可能","「妖术」可用"
"能力","5","特殊アビリティ","特殊能力","8110","全魔物スキル使用可能","全魔物技能可用"
"能力","5","特殊アビリティ","特殊能力","8111","魔技速攻",""
"能力","5","特殊アビリティ","特殊能力","8112","海技速攻",""
"能力","5","特殊アビリティ","特殊能力","8113","粘液技速攻",""
"能力","5","特殊アビリティ","特殊能力","8114","獣技速攻","兽技速攻"
"能力","5","特殊アビリティ","特殊能力","8115","蛇技速攻",""
"能力","5","特殊アビリティ","特殊能力","8116","触手技速攻",""
"能力","5","特殊アビリティ","特殊能力","8117","翼技速攻",""
"能力","5","特殊アビリティ","特殊能力","8118","虫技速攻",""
"能力","5","特殊アビリティ","特殊能力","8119","植物技速攻",""
"能力","5","特殊アビリティ","特殊能力","8120","屍技速攻","尸技速攻"
"能力","5","特殊アビリティ","特殊能力","8121","造技速攻",""
"能力","5","特殊アビリティ","特殊能力","8122","自然感応速攻","自然感应速攻"
"能力","5","特殊アビリティ","特殊能力","8123","ブレス速攻","吐息速攻"
"能力","5","特殊アビリティ","特殊能力","8124","特技速攻",""
"能力","5","特殊アビリティ","特殊能力","8125","装備武器速攻","装备武器速攻"
"能力","5","特殊アビリティ","特殊能力","8126","妖術速攻","妖术速攻"
"能力","5","特殊アビリティ","特殊能力","8127","巨技速攻",""
"能力","5","特殊アビリティ","特殊能力","8128","全魔物スキル速攻","全魔物技能速攻"
"能力","5","特殊アビリティ","特殊能力","8129","魔技防御力無視","魔技防御力无视"
"能力","5","特殊アビリティ","特殊能力","8130","海技防御力無視","海技防御力无视"
"能力","5","特殊アビリティ","特殊能力","8131","粘液技防御力無視","粘液技防御力无视"
"能力","5","特殊アビリティ","特殊能力","8132","獣技防御力無視","兽技防御力无视"
"能力","5","特殊アビリティ","特殊能力","8133","蛇技防御力無視","蛇技防御力无视"
"能力","5","特殊アビリティ","特殊能力","8134","触手技防御力無視","触手技防御力无视"
"能力","5","特殊アビリティ","特殊能力","8135","翼技防御力無視","翼技防御力无视"
"能力","5","特殊アビリティ","特殊能力","8136","虫技防御力無視","虫技防御力无视"
"能力","5","特殊アビリティ","特殊能力","8137","植物技防御力無視","植物技防御力无视"
"能力","5","特殊アビリティ","特殊能力","8138","屍技防御力無視","尸技防御力无视"
"能力","5","特殊アビリティ","特殊能力","8139","造技防御力無視","造技防御力无视"
"能力","5","特殊アビリティ","特殊能力","8140","自然感応防御力無視","自然感应防御力无视"
"能力","5","特殊アビリティ","特殊能力","8141","ブレス防御力無視","吐息防御力无视"
"能力","5","特殊アビリティ","特殊能力","8142","特技防御力無視","特技防御力无视"
"能力","5","特殊アビリティ","特殊能力","8143","装備武器防御力無視","装备武器防御力无视"
"能力","5","特殊アビリティ","特殊能力","8144","妖術防御力無視","妖术防御力无视"
"能力","5","特殊アビリティ","特殊能力","8145","巨技防御力無視","巨技防御力无视"
"能力","5","特殊アビリティ","特殊能力","8146","全魔物スキル防御力無視","全魔物技能防御力无视"
"能力","5","特殊アビリティ","特殊能力","8147","魔技連撃回数2アップ","魔技连击次数增加2"
"能力","5","特殊アビリティ","特殊能力","8148","魔技連撃回数3アップ","魔技连击次数增加3"
"能力","5","特殊アビリティ","特殊能力","8149","獣技連撃回数2アップ","兽技连击次数增加2"
"能力","5","特殊アビリティ","特殊能力","8150","獣技連撃回数3アップ","兽技连击次数增加3"
"能力","5","特殊アビリティ","特殊能力","8151","触手技連撃回数3アップ","触手技连击次数增加3"
"能力","5","特殊アビリティ","特殊能力","8152","触手技連撃回数4アップ","触手技连击次数增加4"
"能力","5","特殊アビリティ","特殊能力","8153","造技連撃回数2アップ","造技连击次数增加2"
"能力","5","特殊アビリティ","特殊能力","8154","造技連撃回数3アップ","造技连击次数增加3"
"能力","5","特殊アビリティ","特殊能力","8155","妖術連撃回数2アップ","妖术连击次数增加2"
"能力","5","特殊アビリティ","特殊能力","8156","妖術連撃回数3アップ","妖术连击次数增加3"
"能力","5","特殊アビリティ","特殊能力","8157","魔技攻撃力半分付加","魔技附加一半的攻击力"
"能力","5","特殊アビリティ","特殊能力","8158","魔技魔力半分付加","魔技附加一半的魔力"
"能力","5","特殊アビリティ","特殊能力","8159","魔技素早さ半分付加","魔技附加一半的敏捷"
"能力","5","特殊アビリティ","特殊能力","8160","魔技器用さ半分付加","魔技附加一半的灵巧"
"能力","5","特殊アビリティ","特殊能力","8161","海技精神力半分付加","海技附加一半的精神力"
"能力","5","特殊アビリティ","特殊能力","8162","海技器用さ半分付加","海技附加一半的灵巧"
"能力","5","特殊アビリティ","特殊能力","8163","粘液技魔力半分付加","粘液技附加一半的魔力"
"能力","5","特殊アビリティ","特殊能力","8164","粘液技防御力半分付加","粘液技附加一半的防御力"
"能力","5","特殊アビリティ","特殊能力","8165","獣技器用さ半分付加","兽技附加一半的灵巧"
"能力","5","特殊アビリティ","特殊能力","8166","蛇技精神力半分付加","蛇技附加一半的精神力"
"能力","5","特殊アビリティ","特殊能力","8167","触手技魔力半分付加","触手技附加一半的魔力"
"能力","5","特殊アビリティ","特殊能力","8168","触手技素早さ半分付加","触手技附加一半的敏捷"
"能力","5","特殊アビリティ","特殊能力","8169","翼技攻撃力半分付加","翼技附加一半的攻击力"
"能力","5","特殊アビリティ","特殊能力","8170","翼技魔力半分付加","翼技附加一半的魔力"
"能力","5","特殊アビリティ","特殊能力","8171","虫技素早さ半分付加","虫技附加一半的敏捷"
"能力","5","特殊アビリティ","特殊能力","8172","植物技精神力半分付加","植物技附加一半的精神力"
"能力","5","特殊アビリティ","特殊能力","8173","屍技防御力半分付加","尸技附加一半的防御力"
"能力","5","特殊アビリティ","特殊能力","8174","屍技精神力半分付加","尸技附加一半的精神力"
"能力","5","特殊アビリティ","特殊能力","8175","造技攻撃力半分付加","造技附加一半的攻击力"
"能力","5","特殊アビリティ","特殊能力","8176","造技精神力半分付加","造技附加一半的精神力"
"能力","5","特殊アビリティ","特殊能力","8177","造技素早さ半分付加","造技附加一半的敏捷"
"能力","5","特殊アビリティ","特殊能力","8178","自然感応精神力半分付加","自然感应附加一半的精神力"
"能力","5","特殊アビリティ","特殊能力","8179","自然感応素早さ半分付加","自然感应附加一半的敏捷"
"能力","5","特殊アビリティ","特殊能力","8180","自然感応器用さ半分付加","自然感应附加一半的灵巧"
"能力","5","特殊アビリティ","特殊能力","8181","ブレス防御力半分付加","吐息附加一半的防御力"
"能力","5","特殊アビリティ","特殊能力","8182","ブレス器用さ半分付加","吐息附加一半的灵巧"
"能力","5","特殊アビリティ","特殊能力","8183","巨技防御力半分付加","巨技附加一半的防御力"
"能力","5","特殊アビリティ","特殊能力","8184","巨技魔力半分付加","巨技附加一半的魔力"
"能力","5","特殊アビリティ","特殊能力","8185","巨技器用さ半分付加","巨技附加一半的灵巧"
"能力","5","特殊アビリティ","特殊能力","8186","妖術精神力半分付加","妖术附加一半的精神力"
"能力","5","特殊アビリティ","特殊能力","8187","特技精神力半分付加","特技附加一半的精神力"
"能力","5","特殊アビリティ","特殊能力","8188","装備武器器用さ半分付加","装备武器附加一半的灵巧"
"能力","5","特殊アビリティ","特殊能力","8189","魔技頑強発動","魔技顽强发动"
"能力","5","特殊アビリティ","特殊能力","8190","海技頑強発動","海技顽强发动"
"能力","5","特殊アビリティ","特殊能力","8191","粘液技頑強発動","粘液技顽强发动"
"能力","5","特殊アビリティ","特殊能力","8192","獣技頑強発動","兽技顽强发动"
"能力","5","特殊アビリティ","特殊能力","8193","蛇技頑強発動","蛇技顽强发动"
"能力","5","特殊アビリティ","特殊能力","8194","触手技頑強発動","触手技顽强发动"
"能力","5","特殊アビリティ","特殊能力","8195","翼技頑強発動","翼技顽强发动"
"能力","5","特殊アビリティ","特殊能力","8196","虫技頑強発動","虫技顽强发动"
"能力","5","特殊アビリティ","特殊能力","8197","植物技頑強発動","植物技顽强发动"
"能力","5","特殊アビリティ","特殊能力","8198","屍技頑強発動","尸技顽强发动"
"能力","5","特殊アビリティ","特殊能力","8199","造技頑強発動","造技顽强发动"
"能力","5","特殊アビリティ","特殊能力","8200","自然感応頑強発動","自然感应顽强发动"
"能力","5","特殊アビリティ","特殊能力","8201","ブレス頑強発動","吐息顽强发动"
"能力","5","特殊アビリティ","特殊能力","8202","特技頑強発動","特技顽强发动"
"能力","5","特殊アビリティ","特殊能力","8203","装備武器頑強発動","装备武器顽强发动"
"能力","5","特殊アビリティ","特殊能力","8204","妖術頑強発動","妖术顽强发动"
"能力","5","特殊アビリティ","特殊能力","8205","巨技頑強発動","巨技顽强发动"
"能力","5","特殊アビリティ","特殊能力","8206","全魔物スキル頑強発動","全魔物技能顽强发动"
"能力","5","特殊アビリティ","特殊能力","8207","剣士チェーン","剑士连锁"
"能力","5","特殊アビリティ","特殊能力","8208","魔法戦士チェーン","魔法战士连锁"
"能力","5","特殊アビリティ","特殊能力","8209","魔法剣チェーン","魔法剑连锁"
"能力","5","特殊アビリティ","特殊能力","8210","陰陽剣士チェーン","阴阳剑士连锁"
"能力","5","特殊アビリティ","特殊能力","8211","陰陽侍チェーン","阴阳武士连锁"
"能力","5","特殊アビリティ","特殊能力","8212","竜騎士チェーン","龙骑士连锁"
"能力","5","特殊アビリティ","特殊能力","8213","狩人チェーン","猎人链"
"能力","5","特殊アビリティ","特殊能力","8214","武道家チェーン","武道家链"
"能力","5","特殊アビリティ","特殊能力","8215","パラディンチェーン","圣堂武士链"
"能力","5","特殊アビリティ","特殊能力","8216","魔道士チェーン","魔道士链"
"能力","5","特殊アビリティ","特殊能力","8217","召喚士チェーン","召唤士链"
"能力","5","特殊アビリティ","特殊能力","8218","陰陽師チェーン","阴阳师链"
"能力","5","特殊アビリティ","特殊能力","8219","シーフチェーン","盗贼链"
"能力","5","特殊アビリティ","特殊能力","8220","レンジャーチェーン","游侠链"
"能力","5","特殊アビリティ","特殊能力","8221","忍者チェーン","忍者链"
"能力","5","特殊アビリティ","特殊能力","8222","くのいちチェーン","女忍链"
"能力","5","特殊アビリティ","特殊能力","8223","アイドルチェーン","偶像链"
"能力","5","特殊アビリティ","特殊能力","8224","魔導司書チェーン","魔导司书链"
"能力","5","特殊アビリティ","特殊能力","8225","錬金術師チェーン","炼金术师链"
"能力","5","特殊アビリティ","特殊能力","8226","技師チェーン","技师链"
"能力","5","特殊アビリティ","特殊能力","8227","魔芸師チェーン","魔艺师链"
"能力","5","特殊アビリティ","特殊能力","8228","商人チェーン","商人链"
"能力","5","特殊アビリティ","特殊能力","8229","話術士チェーン","话术士链"
"能力","5","特殊アビリティ","特殊能力","8230","シェフチェーン","厨师链"
"能力","5","特殊アビリティ","特殊能力","8231","メイドチェーン","女仆链"
"能力","5","特殊アビリティ","特殊能力","8232","ドクターチェーン","医生链"
"能力","5","特殊アビリティ","特殊能力","8233","海賊チェーン","海贼链"
"能力","5","特殊アビリティ","特殊能力","8234","王チェーン","王链"
"能力","5","特殊アビリティ","特殊能力","8235","勇者チェーン","勇者链"
"能力","5","特殊アビリティ","特殊能力","8236","妖術師チェーン","妖术师链"
"能力","5","特殊アビリティ","特殊能力","8237","サイコチェーン","念动链"
"能力","5","特殊アビリティ","特殊能力","8238","特技チェーンA","特技链A"
"能力","5","特殊アビリティ","特殊能力","8239","特技チェーンJ","特技链J"
"能力","5","特殊アビリティ","特殊能力","8240","特技チェーンM","特技链M"
"能力","5","特殊アビリティ","特殊能力","8241","特技チェーンX","特技链X"
"能力","5","特殊アビリティ","特殊能力","8242","三星剣","三星剑"
"能力","5","特殊アビリティ","特殊能力","8243","剛力三連撃","刚力三连击"
"能力","5","特殊アビリティ","特殊能力","8244","千刃舞",""
"能力","5","特殊アビリティ","特殊能力","8245","ソーサラーバースト","魔法师爆发"
"能力","5","特殊アビリティ","特殊能力","8246","刺・擲・忍","刺・掷・忍"
"能力","5","特殊アビリティ","特殊能力","8247","ステージスペシャル","舞台特别"
"能力","5","特殊アビリティ","特殊能力","8248","ナイトメアロンド","噩梦轮舞"
"能力","5","特殊アビリティ","特殊能力","8249","求道者コンボ","求道者连击"
"能力","5","特殊アビリティ","特殊能力","8250","ジョブマスターコンボ表","职业大师连击表"
"能力","5","特殊アビリティ","特殊能力","8251","ジョブマスターコンボ裏","职业大师连击里"
"能力","5","特殊アビリティ","特殊能力","8252","ヒーローフィニッシュムーブ","英雄终结技"
"能力","5","特殊アビリティ","特殊能力","8253","アルティメットムーブ","究极动作"
"能力","5","特殊アビリティ","特殊能力","8254","英雄王の偉業","英雄王的伟业"
"能力","5","特殊アビリティ","特殊能力","8255","魔神チェーン","魔神链"
"能力","5","特殊アビリティ","特殊能力","8256","魔神乱舞",""
"能力","5","特殊アビリティ","特殊能力","8257","ワームチェーン","蠕虫链"
"能力","5","特殊アビリティ","特殊能力","8258","ワームフォース","蠕虫之力"
"能力","5","特殊アビリティ","特殊能力","8259","妖魔チェーン","妖魔链"
"能力","5","特殊アビリティ","特殊能力","8260","魔王連技","魔王连技"
"能力","5","特殊アビリティ","特殊能力","8261","妖怪チェーン","妖怪链"
"能力","5","特殊アビリティ","特殊能力","8262","マガツ輪舞","祸津轮舞"
"能力","5","特殊アビリティ","特殊能力","8263","イズモ輪舞","伊兹莫轮舞"
"能力","5","特殊アビリティ","特殊能力","8264","淫魔チェーン","淫魔链"
"能力","5","特殊アビリティ","特殊能力","8265","大淫魔のワルツ","大淫魔的华尔兹"
"能力","5","特殊アビリティ","特殊能力","8266","吸血鬼チェーン","吸血鬼链"
"能力","5","特殊アビリティ","特殊能力","8267","フルムーンチェーン","满月链"
"能力","5","特殊アビリティ","特殊能力","8268","人魚チェーン","人鱼链"
"能力","5","特殊アビリティ","特殊能力","8269","人魚の怒り","人鱼的愤怒"
"能力","5","特殊アビリティ","特殊能力","8270","人魚の神秘","人鱼的神秘"
"能力","5","特殊アビリティ","特殊能力","8271","エルフチェーン","精灵链"
"能力","5","特殊アビリティ","特殊能力","8272","アマゾネスコンボ","亚马逊组合"
"能力","5","特殊アビリティ","特殊能力","8273","フェアリーチェーン","妖精链"
"能力","5","特殊アビリティ","特殊能力","8274","大地讃頌","大地赞颂"
"能力","5","特殊アビリティ","特殊能力","8275","土精チェーン","土精链"
"能力","5","特殊アビリティ","特殊能力","8276","土精コンボ","土精组合"
"能力","5","特殊アビリティ","特殊能力","8277","スライムチェーン","史莱姆链"
"能力","5","特殊アビリティ","特殊能力","8278","カナデムーブ","祸抚移动"
"能力","5","特殊アビリティ","特殊能力","8279","魔獣チェーン","魔兽链"
"能力","5","特殊アビリティ","特殊能力","8280","白兎乱舞","白兔乱舞"
"能力","5","特殊アビリティ","特殊能力","8281","妖狐チェーン","妖狐链"
"能力","5","特殊アビリティ","特殊能力","8282","マガツ演舞","祸津演舞"
"能力","5","特殊アビリティ","特殊能力","8283","ミヤビ演舞","风雅演舞"
"能力","5","特殊アビリティ","特殊能力","8284","ラミアチェーン","拉米亚链"
"能力","5","特殊アビリティ","特殊能力","8285","オロチ演舞","大蛇演舞"
"能力","5","特殊アビリティ","特殊能力","8286","スキュラチェーン","斯库拉链"
"能力","5","特殊アビリティ","特殊能力","8287","触手多腕乱撃","触手多腕乱击"
"能力","5","特殊アビリティ","特殊能力","8288","ハーピーチェーン","哈比链"
"能力","5","特殊アビリティ","特殊能力","8289","天空乱舞",""
"能力","5","特殊アビリティ","特殊能力","8290","猛鳥乱舞","猛鸟乱舞"
"能力","5","特殊アビリティ","特殊能力","8291","ドラゴンチェーン","龙链"
"能力","5","特殊アビリティ","特殊能力","8292","猛々しき竜剣士の連撃","猛烈的龙剑士连击"
"能力","5","特殊アビリティ","特殊能力","8293","荒れ狂う竜の乱撃","狂暴的龙之乱击"
"能力","5","特殊アビリティ","特殊能力","8294","陸棲種チェーン","陆栖种链"
"能力","5","特殊アビリティ","特殊能力","8295","ハザマの戯","狭间之戏"
"能力","5","特殊アビリティ","特殊能力","8296","海棲種チェーン","海栖种链"
"能力","5","特殊アビリティ","特殊能力","8297","名状しがたき乱舞","不可名状的乱舞"
"能力","5","特殊アビリティ","特殊能力","8298","魔虫チェーン","魔虫链"
"能力","5","特殊アビリティ","特殊能力","8299","ハイブコンボ","蜂巢组合"
"能力","5","特殊アビリティ","特殊能力","8300","アルラウネチェーン","阿娜温链"
"能力","5","特殊アビリティ","特殊能力","8301","華音乱花","华音乱花"
"能力","5","特殊アビリティ","特殊能力","8302","ゾンビチェーン","僵尸链"
"能力","5","特殊アビリティ","特殊能力","8303","屍王鎖技","尸王锁技"
"能力","5","特殊アビリティ","特殊能力","8304","ゴーストチェーン","幽灵链"
"能力","5","特殊アビリティ","特殊能力","8305","死神乱舞",""
"能力","5","特殊アビリティ","特殊能力","8306","ドールチェーン","人偶链"
"能力","5","特殊アビリティ","特殊能力","8307","人形大奉演","人偶大奉演"
"能力","5","特殊アビリティ","特殊能力","8308","キメラチェーン","奇美拉链"
"能力","5","特殊アビリティ","特殊能力","8309","ウェポンラッシュ","武器狂潮"
"能力","5","特殊アビリティ","特殊能力","8310","天使チェーン","天使链"
"能力","5","特殊アビリティ","特殊能力","8311","天軍乱舞","天军乱舞"
"能力","5","特殊アビリティ","特殊能力","8312","明星乱舞",""
"能力","5","特殊アビリティ","特殊能力","8313","聖百合狂咲","圣百合狂舞"
"能力","5","特殊アビリティ","特殊能力","8314","汚れなき輪舞","无垢的轮舞"
"能力","5","特殊アビリティ","特殊能力","8315","メギドラッシュ","终极冲锋"
"能力","5","特殊アビリティ","特殊能力","8316","獄卒の裁き","狱卒的裁决"
"能力","5","特殊アビリティ","特殊能力","8317","メタトローネラッシュ","梅塔特隆妮冲刺"
"能力","5","特殊アビリティ","特殊能力","8318","サンダルフォーネラッシュ","圣德芬妮冲刺"
"能力","5","特殊アビリティ","特殊能力","8319","ロイドチェーン","机器人链"
"能力","5","特殊アビリティ","特殊能力","8320","エクセルドライブ","破界驱动"
"能力","5","特殊アビリティ","特殊能力","8321","巨人チェーン","巨人链"
"能力","5","特殊アビリティ","特殊能力","8322","三連神光","三连神光"
"能力","5","特殊アビリティ","特殊能力","8323","三連滅鏖","三连灭鏖"
"能力","5","特殊アビリティ","特殊能力","8324","混沌チェーン","混沌链"
"能力","5","特殊アビリティ","特殊能力","8325","混沌礼賛","混沌礼赞"
"能力","5","特殊アビリティ","特殊能力","8326","カオスチェーン","卡奥斯链"
"能力","5","特殊アビリティ","特殊能力","8327","混沌回帰","混沌回归"
"能力","5","特殊アビリティ","特殊能力","8328","チェーン消費50%","链消耗50%"
"能力","5","特殊アビリティ","特殊能力","8329","チェーン消費なし","链消耗无"
"能力","5","特殊アビリティ","特殊能力","8330","チェーンスキル強化","链技能强化"
"能力","5","特殊アビリティ","特殊能力","8331","チェーンスキル超強化","链技能超强化"
"能力","5","特殊アビリティ","特殊能力","8332","チェーンスキル絶強化","连锁技能绝对强化"
"能力","5","特殊アビリティ","特殊能力","8333","チェーンスキル極強化","连锁技能极致强化"
"能力","5","特殊アビリティ","特殊能力","8334","オート剣殺し","自动剑杀"
"能力","5","特殊アビリティ","特殊能力","8335","オート制空","自动制空"
"能力","5","特殊アビリティ","特殊能力","8336","オートヘビィカウンター","自动重反击"
"能力","5","特殊アビリティ","特殊能力","8337","オート相殺の弾幕","自动相消弹幕"
"能力","5","特殊アビリティ","特殊能力","8338","オート断罪者への天誅","自动断罪者天罚"
"能力","5","特殊アビリティ","特殊能力","8339","オート後手の格闘王","自动后手格斗王"
"能力","5","特殊アビリティ","特殊能力","8340","オート魔導スラッシャー","自动魔导斩杀者"
"能力","5","特殊アビリティ","特殊能力","8341","オート忍奥義・古術封じ","自动忍奥义・古术封印"
"能力","5","特殊アビリティ","特殊能力","8342","オート海守の刃","自动海守之刃"
"能力","5","特殊アビリティ","特殊能力","8343","オート踊り封じの歌","自动舞封之歌"
"能力","5","特殊アビリティ","特殊能力","8344","オート歌封じの踊り","自动歌封之舞"
"能力","5","特殊アビリティ","特殊能力","8345","オート機構解析","自动机构解析"
"能力","5","特殊アビリティ","特殊能力","8346","オート魔封じの陣","自动魔封之阵"
"能力","5","特殊アビリティ","特殊能力","8347","オート飽和粘液","自动饱和粘液"
"能力","5","特殊アビリティ","特殊能力","8348","オートビーストシージ","自动野兽围攻"
"能力","5","特殊アビリティ","特殊能力","8349","オート蛇技殺し","自动蛇技杀"
"能力","5","特殊アビリティ","特殊能力","8350","オート触手技殺し","自动触手技杀"
"能力","5","特殊アビリティ","特殊能力","8351","オート虫技殺し","自动虫技杀"
"能力","5","特殊アビリティ","特殊能力","8352","オート植物技殺し","自动植物技杀"
"能力","5","特殊アビリティ","特殊能力","8353","オート不浄撃滅の構え","自动不净击灭之构"
"能力","5","特殊アビリティ","特殊能力","8354","オート森羅反転","自动森罗反转"
"能力","5","特殊アビリティ","特殊能力","8355","オート追い風","自动顺风"
"能力","5","特殊アビリティ","特殊能力","8356","無効化反撃1ターン延長","无效反击1回合延长"
"能力","5","特殊アビリティ","特殊能力","8357","無効化反撃2ターン延長","无效反击2回合延长"
"能力","5","特殊アビリティ","特殊能力","8358","魔技二連続発動",""
"能力","5","特殊アビリティ","特殊能力","8359","/魔技三連続発動",""
"能力","5","特殊アビリティ","特殊能力","8360","海技二連続発動",""
"能力","5","特殊アビリティ","特殊能力","8361","/海技三連続発動",""
"能力","5","特殊アビリティ","特殊能力","8362","粘液技二連続発動",""
"能力","5","特殊アビリティ","特殊能力","8363","/粘液技三連続発動",""
"能力","5","特殊アビリティ","特殊能力","8364","獣技二連続発動",""
"能力","5","特殊アビリティ","特殊能力","8365","/獣技三連続発動",""
"能力","5","特殊アビリティ","特殊能力","8366","蛇技二連続発動",""
"能力","5","特殊アビリティ","特殊能力","8367","/蛇技三連続発動",""
"能力","5","特殊アビリティ","特殊能力","8368","触手技二連続発動",""
"能力","5","特殊アビリティ","特殊能力","8369","/触手技三連続発動",""
"能力","5","特殊アビリティ","特殊能力","8370","翼技二連続発動",""
"能力","5","特殊アビリティ","特殊能力","8371","/翼技三連続発動",""
"能力","5","特殊アビリティ","特殊能力","8372","虫技二連続発動",""
"能力","5","特殊アビリティ","特殊能力","8373","/虫技三連続発動",""
"能力","5","特殊アビリティ","特殊能力","8374","植物技二連続発動",""
"能力","5","特殊アビリティ","特殊能力","8375","/植物技三連続発動",""
"能力","5","特殊アビリティ","特殊能力","8376","屍技二連続発動",""
"能力","5","特殊アビリティ","特殊能力","8377","/屍技三連続発動",""
"能力","5","特殊アビリティ","特殊能力","8378","造技二連続発動",""
"能力","5","特殊アビリティ","特殊能力","8379","/造技三連続発動",""
"能力","5","特殊アビリティ","特殊能力","8380","自然感応二連続発動",""
"能力","5","特殊アビリティ","特殊能力","8381","/自然感応三連続発動",""
"能力","5","特殊アビリティ","特殊能力","8382","ブレス二連続発動",""
"能力","5","特殊アビリティ","特殊能力","8383","/ブレス三連続発動",""
"能力","5","特殊アビリティ","特殊能力","8384","特技二連続発動",""
"能力","5","特殊アビリティ","特殊能力","8385","/特技三連続発動",""
"能力","5","特殊アビリティ","特殊能力","8386","装備武器二連続発動",""
"能力","5","特殊アビリティ","特殊能力","8387","/装備武器三連続発動",""
"能力","5","特殊アビリティ","特殊能力","8388","妖術二連続発動",""
"能力","5","特殊アビリティ","特殊能力","8389","/妖術三連続発動",""
"能力","5","特殊アビリティ","特殊能力","8390","巨技二連続発動",""
"能力","5","特殊アビリティ","特殊能力","8391","/巨技三連続発動",""
"能力","5","特殊アビリティ","特殊能力","8392","/魔物技三連続発動",""
"能力","5","特殊アビリティ","特殊能力","8393","獲得経験値5倍","获得经验值5倍"
"能力","5","特殊アビリティ","特殊能力","8394","/獲得経験値10倍",""
"能力","5","特殊アビリティ","特殊能力","8395","獲得職業経験値5倍","获得职业经验值5倍"
"能力","5","特殊アビリティ","特殊能力","8396","/獲得職業経験値10倍",""
"能力","5","特殊アビリティ","特殊能力","8397","獲得ゴールド5倍","获得金币5倍"
"能力","5","特殊アビリティ","特殊能力","8398","/獲得ゴールド10倍",""
"能力","5","特殊アビリティ","特殊能力","8399","アイテムドロップ率5倍","物品掉落率5倍"
"能力","5","特殊アビリティ","特殊能力","8400","/アイテムドロップ率10倍",""
"能力","5","特殊アビリティ","特殊能力","8401","盗む確率アップ5倍","偷窃概率提升至5倍"
"能力","5","特殊アビリティ","特殊能力","8402","/盗む確率アップ10倍",""
"能力","5","特殊アビリティ","特殊能力","8403","仲間確率5倍","伙伴概率5倍"
"能力","5","特殊アビリティ","特殊能力","8404","料理数アップ","料理数量增加"
"能力","5","特殊アビリティ","特殊能力","8405","料理数超アップ","料理数量超增加"
"能力","5","特殊アビリティ","特殊能力","8406","錬金素材自動ゲット","炼金素材自动获取"
"能力","5","特殊アビリティ","特殊能力","8407","錬金素材大量ゲット","炼金素材大量获得"
"能力","5","特殊アビリティ","特殊能力","8408","魔導書ページ自動ゲット","魔导书页自动获得"
"能力","5","特殊アビリティ","特殊能力","8409","魔導書ページ大量ゲット","魔导书页大量获得"
"能力","5","特殊アビリティ","特殊能力","8410","EXアイテム節約","EX物品节约"
"能力","5","特殊アビリティ","特殊能力","8411","EXアイテム超節約","EX物品超节约"
"能力","5","特殊アビリティ","特殊能力","8412","食材節約","食材节约"
"能力","5","特殊アビリティ","特殊能力","8413","食材超節約","食材超节约"
"能力","5","特殊アビリティ","特殊能力","8414","錬金素材節約","炼金素材节约"
"能力","5","特殊アビリティ","特殊能力","8415","錬金素材超節約","炼金素材超节约"
"能力","5","特殊アビリティ","特殊能力","8416","ページ節約","页面节约"
"能力","5","特殊アビリティ","特殊能力","8417","ページ超節約","页面超节约"
"能力","5","特殊アビリティ","特殊能力","8418","求道者の節約","求道者节约"
"能力","5","特殊アビリティ","特殊能力","8419","求道者の贅沢","求道者奢华"
"能力","5","特殊アビリティ","特殊能力","8420","商人話術","商人话术"
"能力","5","特殊アビリティ","特殊能力","8421","備蓄獲得","储备获得"
"能力","5","特殊アビリティ","特殊能力","8422","極上備蓄獲得","极上储备获得"
"能力","5","特殊アビリティ","特殊能力","8423","全装備可能","可以装备全装备"
"能力","5","特殊アビリティ","特殊能力","8424","武器アビリティ強化","武器能力强化"
"能力","5","特殊アビリティ","特殊能力","8425","体防具アビリティ強化","身体防具能力强化"
"能力","5","特殊アビリティ","特殊能力","8426","頭防具アビリティ強化","头部防具能力强化"
"能力","5","特殊アビリティ","特殊能力","8427","盾アビリティ強化","盾能力强化"
"能力","5","特殊アビリティ","特殊能力","8428","アクセサリアビリティ強化","饰品能力强化"
"能力","5","特殊アビリティ","特殊能力","8429","勝利の経験","胜利的经验"
"能力","5","特殊アビリティ","特殊能力","8430","バトルファッカーの経験","BF斗士的经验"
"能力","5","特殊アビリティ","特殊能力","8431","敗北の経験","失败的经验"
"能力","5","特殊アビリティ","特殊能力","8432","羞恥の経験","羞耻的经验"
"能力","5","特殊アビリティ","特殊能力","8433","戦闘データ累積","战斗数据累积"
"能力","5","特殊アビリティ","特殊能力","8434","友情の力","友情的力量"
"能力","5","特殊アビリティ","特殊能力","8435","盗みの経験","偷窃的经验"
"能力","5","特殊アビリティ","特殊能力","8436","混沌存在",""
"能力","5","特殊アビリティ","特殊能力","8437","混沌の使徒","混沌的使徒"
"能力","5","特殊アビリティ","特殊能力","8438","混沌の神髄","混沌的精髓"
"能力","5","特殊アビリティ","特殊能力","8439","全属性混沌化",""
"能力","5","特殊アビリティ","特殊能力","8440","時間停止無視","时间停止无效"
"能力","5","特殊アビリティ","特殊能力","8441","時間停止カウンター","时间停止反击"
"能力","5","特殊アビリティ","特殊能力","8442","短剣マスタリー","短剑精通"
"能力","5","特殊アビリティ","特殊能力","8443","短剣ハイマスタリー","短剑高级精通"
"能力","5","特殊アビリティ","特殊能力","8444","剣マスタリー","剑精通"
"能力","5","特殊アビリティ","特殊能力","8445","剣ハイマスタリー","剑高级精通"
"能力","5","特殊アビリティ","特殊能力","8446","尖剣マスタリー","尖剑精通"
"能力","5","特殊アビリティ","特殊能力","8447","尖剣ハイマスタリー","尖剑高级精通"
"能力","5","特殊アビリティ","特殊能力","8448","槍マスタリー","枪精通"
"能力","5","特殊アビリティ","特殊能力","8449","槍ハイマスタリー","枪高级精通"
"能力","5","特殊アビリティ","特殊能力","8450","刀マスタリー","刀精通"
"能力","5","特殊アビリティ","特殊能力","8451","刀ハイマスタリー","刀高级精通"
"能力","5","特殊アビリティ","特殊能力","8452","忍者刀マスタリー","忍者刀精通"
"能力","5","特殊アビリティ","特殊能力","8453","忍者刀ハイマスタリー","忍者刀高级精通"
"能力","5","特殊アビリティ","特殊能力","8454","拳マスタリー","拳精通"
"能力","5","特殊アビリティ","特殊能力","8455","拳ハイマスタリー","拳套高级精通"
"能力","5","特殊アビリティ","特殊能力","8456","牙マスタリー","牙精通"
"能力","5","特殊アビリティ","特殊能力","8457","牙ハイマスタリー","牙高级精通"
"能力","5","特殊アビリティ","特殊能力","8458","斧マスタリー","斧精通"
"能力","5","特殊アビリティ","特殊能力","8459","斧ハイマスタリー","斧头高级精通"
"能力","5","特殊アビリティ","特殊能力","8460","棍マスタリー","棍精通"
"能力","5","特殊アビリティ","特殊能力","8461","棍ハイマスタリー","棍棒高级精通"
"能力","5","特殊アビリティ","特殊能力","8462","鎌マスタリー","镰精通"
"能力","5","特殊アビリティ","特殊能力","8463","鎌ハイマスタリー","镰高级精通"
"能力","5","特殊アビリティ","特殊能力","8464","杖マスタリー","杖精通"
"能力","5","特殊アビリティ","特殊能力","8465","杖ハイマスタリー","杖高级精通"
"能力","5","特殊アビリティ","特殊能力","8466","ロッドマスタリー","法杖精通"
"能力","5","特殊アビリティ","特殊能力","8467","ロッドハイマスタリー","法杖高级精通"
"能力","5","特殊アビリティ","特殊能力","8468","弓矢マスタリー","弓箭精通"
"能力","5","特殊アビリティ","特殊能力","8469","弓矢ハイマスタリー","弓箭高级精通"
"能力","5","特殊アビリティ","特殊能力","8470","鞭マスタリー","鞭子精通"
"能力","5","特殊アビリティ","特殊能力","8471","鞭ハイマスタリー","鞭子高级精通"
"能力","5","特殊アビリティ","特殊能力","8472","竪琴マスタリー","竖琴精通"
"能力","5","特殊アビリティ","特殊能力","8473","竪琴ハイマスタリー","竖琴高级精通"
"能力","5","特殊アビリティ","特殊能力","8474","ブーメランマスタリー","回旋镖精通"
"能力","5","特殊アビリティ","特殊能力","8475","ブーメランハイマスタリー","回旋镖高级精通"
"能力","5","特殊アビリティ","特殊能力","8476","鉄球マスタリー","铁球精通"
"能力","5","特殊アビリティ","特殊能力","8477","鉄球ハイマスタリー","铁球高级精通"
"能力","5","特殊アビリティ","特殊能力","8478","扇マスタリー","扇精通"
"能力","5","特殊アビリティ","特殊能力","8479","扇ハイマスタリー","扇高级精通"
"能力","5","特殊アビリティ","特殊能力","8480","包丁マスタリー","菜刀精通"
"能力","5","特殊アビリティ","特殊能力","8481","包丁ハイマスタリー","菜刀高级精通"
"能力","5","特殊アビリティ","特殊能力","8482","そろばんマスタリー","算盘精通"
"能力","5","特殊アビリティ","特殊能力","8483","そろばんハイマスタリー","算盘高级精通"
"能力","5","特殊アビリティ","特殊能力","8484","メスマスタリー","手术刀精通"
"能力","5","特殊アビリティ","特殊能力","8485","メスハイマスタリー","手术刀高级精通"
"能力","5","特殊アビリティ","特殊能力","8486","カードマスタリー","卡牌精通"
"能力","5","特殊アビリティ","特殊能力","8487","カードハイマスタリー","卡牌高级精通"
"能力","5","特殊アビリティ","特殊能力","8488","皿マスタリー","盘精通"
"能力","5","特殊アビリティ","特殊能力","8489","皿ハイマスタリー","盘高级精通"
"能力","5","特殊アビリティ","特殊能力","8490","魔導書マスタリー","魔导书精通"
"能力","5","特殊アビリティ","特殊能力","8491","魔導書ハイマスタリー","魔导书高级精通"
"能力","5","特殊アビリティ","特殊能力","8492","銃マスタリー","铳精通"
"能力","5","特殊アビリティ","特殊能力","8493","銃ハイマスタリー","铳高级精通"
"能力","5","特殊アビリティ","特殊能力","8494","淫具マスタリー","淫具精通"
"能力","5","特殊アビリティ","特殊能力","8495","淫具ハイマスタリー","淫具高级精通"
"能力","5","特殊アビリティ","特殊能力","8496","服マスタリー","服装精通"
"能力","5","特殊アビリティ","特殊能力","8497","服ハイマスタリー","服装高级精通"
"能力","5","特殊アビリティ","特殊能力","8498","鎧マスタリー","铠精通"
"能力","5","特殊アビリティ","特殊能力","8499","鎧ハイマスタリー","铠高级精通"
"能力","5","特殊アビリティ","特殊能力","8500","ローブマスタリー","长袍精通"
"能力","5","特殊アビリティ","特殊能力","8501","ローブハイマスタリー","长袍高级精通"
"能力","5","特殊アビリティ","特殊能力","8502","ドレスマスタリー","礼服精通"
"能力","5","特殊アビリティ","特殊能力","8503","ドレスハイマスタリー","礼服高级精通"
"能力","5","特殊アビリティ","特殊能力","8504","兜マスタリー","盔精通"
"能力","5","特殊アビリティ","特殊能力","8505","兜ハイマスタリー","盔高级精通"
"能力","5","特殊アビリティ","特殊能力","8506","帽子マスタリー","帽子精通"
"能力","5","特殊アビリティ","特殊能力","8507","帽子ハイマスタリー","帽子高级精通"
"能力","5","特殊アビリティ","特殊能力","8508","盾マスタリー","盾精通"
"能力","5","特殊アビリティ","特殊能力","8509","盾ハイマスタリー","盾高级精通"
"能力","5","特殊アビリティ","特殊能力","8510","混沌マスタリー","混沌精通"
"能力","5","特殊アビリティ","特殊能力","8511","混沌ハイマスタリー","混沌高级精通"
"能力","5","特殊アビリティ","特殊能力","8512","剣士の備え","剑士的准备"
"能力","5","特殊アビリティ","特殊能力","8513","騎士の備え","骑士的准备"
"能力","5","特殊アビリティ","特殊能力","8514","重戦士の備え","重战士的准备"
"能力","5","特殊アビリティ","特殊能力","8515","武道家の備え","武道家的准备"
"能力","5","特殊アビリティ","特殊能力","8516","魔導師の備え","魔导师的准备"
"能力","5","特殊アビリティ","特殊能力","8517","狩人の備え","猎人的准备"
"能力","5","特殊アビリティ","特殊能力","8518","レンジャーの備え","游侠的准备"
"能力","5","特殊アビリティ","特殊能力","8519","海賊の備え","海贼的准备"
"能力","5","特殊アビリティ","特殊能力","8520","ヒーローの備え","英雄的准备"
"能力","5","特殊アビリティ","特殊能力","8521","アイドルの備え","偶像的准备"
"能力","5","特殊アビリティ","特殊能力","8522","魔芸師の備え","魔艺师的准备"
"能力","5","特殊アビリティ","特殊能力","8523","職人の備え","工匠的准备"
"能力","5","特殊アビリティ","特殊能力","8524","王の備え","王的准备"
"能力","5","特殊アビリティ","特殊能力","8525","勇者の備え","勇者的准备"
"能力","5","特殊アビリティ","特殊能力","8526","妖怪の備え","妖怪的准备"
"能力","5","特殊アビリティ","特殊能力","8527","淫魔の備え","淫魔的准备"
"能力","5","特殊アビリティ","特殊能力","8528","人魚の備え","人鱼的准备"
"能力","5","特殊アビリティ","特殊能力","8529","エルフの備え","精灵的准备"
"能力","5","特殊アビリティ","特殊能力","8530","妖精の備え","妖精的准备"
"能力","5","特殊アビリティ","特殊能力","8531","粘魔の備え","粘魔的准备"
"能力","5","特殊アビリティ","特殊能力","8532","魔獣の備え","魔兽的准备"
"能力","5","特殊アビリティ","特殊能力","8533","妖狐の備え","妖狐的准备"
"能力","5","特殊アビリティ","特殊能力","8534","ラミアの備え","拉米亚的准备"
"能力","5","特殊アビリティ","特殊能力","8535","スキュラの備え","斯库拉的准备"
"能力","5","特殊アビリティ","特殊能力","8536","ハーピーの備え","哈比的准备"
"能力","5","特殊アビリティ","特殊能力","8537","竜の備え","龙的准备"
"能力","5","特殊アビリティ","特殊能力","8538","虫の備え","虫的准备"
"能力","5","特殊アビリティ","特殊能力","8539","植物の備え","植物的准备"
"能力","5","特殊アビリティ","特殊能力","8540","ゾンビの備え","僵尸的准备"
"能力","5","特殊アビリティ","特殊能力","8541","幽霊の備え","幽灵的准备"
"能力","5","特殊アビリティ","特殊能力","8542","人形の備え","人偶的准备"
"能力","5","特殊アビリティ","特殊能力","8543","天使の備え","天使的准备"
"能力","5","特殊アビリティ","特殊能力","8544","全職の備え","全职业的准备"
"能力","5","特殊アビリティ","特殊能力","8545","魔王獣","魔王兽"
"能力","5","特殊アビリティ","特殊能力","8546","鬼神王",""
"能力","5","特殊アビリティ","特殊能力","8547","阿修羅王","阿修罗王"
"能力","5","特殊アビリティ","特殊能力","8548","クノイチドラキュリーナ","女忍德古莉娜"
"能力","5","特殊アビリティ","特殊能力","8549","アークドラキュリーナ","大魔导士德古莉娜"
"能力","5","特殊アビリティ","特殊能力","8550","伝説の海賊人魚","传说中的海贼人鱼"
"能力","5","特殊アビリティ","特殊能力","8551","アルフの剣士","亚尔夫剑士"
"能力","5","特殊アビリティ","特殊能力","8552","コスモノーム","诺姆之子"
"能力","5","特殊アビリティ","特殊能力","8553","猫又王",""
"能力","5","特殊アビリティ","特殊能力","8554","人馬王","人马王"
"能力","5","特殊アビリティ","特殊能力","8555","牛魔王",""
"能力","5","特殊アビリティ","特殊能力","8556","零尾獣","零尾兽"
"能力","5","特殊アビリティ","特殊能力","8557","無限聖蛇","无限圣蛇"
"能力","5","特殊アビリティ","特殊能力","8558","神蜘蛛",""
"能力","5","特殊アビリティ","特殊能力","8559","カオスマミー","混沌木乃伊"
"能力","5","特殊アビリティ","特殊能力","8560","カオスドクター","混沌医生"
"能力","5","特殊アビリティ","特殊能力","8561","エターニティミミック","永恒宝箱怪"
"能力","5","特殊アビリティ","特殊能力","8562","究極至高ゴーレム","究极至高魔像"
"能力","5","特殊アビリティ","特殊能力","8563","バスター特化兵装","破坏者特化装备"
"能力","5","特殊アビリティ","特殊能力","8564","アサルト特化兵装","突击特化装备"
"能力","5","特殊アビリティ","特殊能力","8565","戦技APコンバーターA","战技AP转换器A"
"能力","5","特殊アビリティ","特殊能力","8566","戦技APコンバーターB","战技AP转换器B"
"能力","5","特殊アビリティ","特殊能力","8567","戦技APコンバーターC","战技AP转换器C"
"能力","5","特殊アビリティ","特殊能力","8568","戦技APコンバーターD","战技AP转换器D"
"能力","5","特殊アビリティ","特殊能力","8569","戦技APコンバーターE","战技AP转换器E"
"能力","5","特殊アビリティ","特殊能力","8570","職技APコンバーターA","职技AP转换器A"
"能力","5","特殊アビリティ","特殊能力","8571","職技APコンバーターB","职技AP转换器B"
"能力","5","特殊アビリティ","特殊能力","8572","職技APコンバーターC","职技AP转换器C"
"能力","5","特殊アビリティ","特殊能力","8573","職技APコンバーターD","职技AP转换器D"
"能力","5","特殊アビリティ","特殊能力","8574","職技APコンバーターE","职技AP转换器E"
"能力","5","特殊アビリティ","特殊能力","8575","魔法APコンバーターA","魔法AP转换器A"
"能力","5","特殊アビリティ","特殊能力","8576","魔法APコンバーターB","魔法AP转换器B"
"能力","5","特殊アビリティ","特殊能力","8577","魔法APコンバーターC","魔法AP转换器C"
"能力","5","特殊アビリティ","特殊能力","8578","魔法APコンバーターD","魔法AP转换器D"
"能力","5","特殊アビリティ","特殊能力","8579","魔法APコンバーターE","魔法AP转换器E"
"能力","5","特殊アビリティ","特殊能力","8580","防御APコンバーターA","防御AP转换器A"
"能力","5","特殊アビリティ","特殊能力","8581","防御APコンバーターB","防御AP转换器B"
"能力","5","特殊アビリティ","特殊能力","8582","防御APコンバーターC","防御AP转换器C"
"能力","5","特殊アビリティ","特殊能力","8583","防御APコンバーターD","防御AP转换器D"
"能力","5","特殊アビリティ","特殊能力","8584","防御APコンバーターE","防御AP转换器E"
"能力","5","特殊アビリティ","特殊能力","8585","特殊APコンバーターA","特殊AP转换器A"
"能力","5","特殊アビリティ","特殊能力","8586","特殊APコンバーターB","特殊AP转换器B"
"能力","5","特殊アビリティ","特殊能力","8587","特殊APコンバーターC","特殊AP转换器C"
"能力","5","特殊アビリティ","特殊能力","8588","特殊APコンバーターD","特殊AP转换器D"
"能力","5","特殊アビリティ","特殊能力","8589","特殊APコンバーターE","特殊AP转换器E"
"能力","5","特殊アビリティ","特殊能力","8590","マックスAPコンバーター","最大AP转换器"
"能力","5","特殊アビリティ","特殊能力","8591","槍剣チェーン","枪剑链"
"能力","5","特殊アビリティ","特殊能力","8592","サイコソードチェーン","念动剑链"
"能力","5","特殊アビリティ","特殊能力","8593","盗賊の解錠マスター","盗贼的开锁大师"
"能力","5","特殊アビリティ","特殊能力","9810","究極剣士の証","究极剑士的证明"
"能力","5","特殊アビリティ","特殊能力","9811","フォースマスターの証","力量大师的证明"
"能力","5","特殊アビリティ","特殊能力","9812","神竜の騎士の証","神龙骑士的证明"
"能力","5","特殊アビリティ","特殊能力","9813","修羅の証","修罗的证明"
"能力","5","特殊アビリティ","特殊能力","9814","メテオブレイカーの証","流星破坏者的证明"
"能力","5","特殊アビリティ","特殊能力","9815","拳神の証","拳神的证明"
"能力","5","特殊アビリティ","特殊能力","9816","神の守護者の証","神之守护者的证明"
"能力","5","特殊アビリティ","特殊能力","9817","終焉魔導師の証","终焉魔导师的证明"
"能力","5","特殊アビリティ","特殊能力","9818","銀河魔導師の証","银河魔导师的证明"
"能力","5","特殊アビリティ","特殊能力","9819","混沌召喚士の証","混沌召唤士的证明"
"能力","5","特殊アビリティ","特殊能力","9820","太極陰陽師の証","太极阴阳师的证明"
"能力","5","特殊アビリティ","特殊能力","9821","永劫魔導師の証","永劫魔导师的证明"
"能力","5","特殊アビリティ","特殊能力","9822","ソーサラースプリームの証","至高魔法师的证明"
"能力","5","特殊アビリティ","特殊能力","9823","魔女の証","魔女的证明"
"能力","5","特殊アビリティ","特殊能力","9824","アルティメット魔法少女の証","终极魔法少女的证明"
"能力","5","特殊アビリティ","特殊能力","9825","狩神の証","狩神的证明"
"能力","5","特殊アビリティ","特殊能力","9826","銃神の証","铳神的证明"
"能力","5","特殊アビリティ","特殊能力","9827","カオスバスターの証","混沌破坏者的证明"
"能力","5","特殊アビリティ","特殊能力","9828","パーフェクトアームズの証","完美武器的证明"
"能力","5","特殊アビリティ","特殊能力","9829","盗神の証","盗神的证明"
"能力","5","特殊アビリティ","特殊能力","9830","忍神の証","忍神的证明"
"能力","5","特殊アビリティ","特殊能力","9831","七海覇王の証","七海霸王的证明"
"能力","5","特殊アビリティ","特殊能力","9832","ジャスティスカイザーの証","正义凯撒的证明"
"能力","5","特殊アビリティ","特殊能力","9833","エクセルシオールの証","破界英雄的证明"
"能力","5","特殊アビリティ","特殊能力","9834","商神の証","商神的证明"
"能力","5","特殊アビリティ","特殊能力","9835","ラストサバイバーの証","最后幸存者的证明"
"能力","5","特殊アビリティ","特殊能力","9836","ゴッドギャンブラーの証","赌神的证明"
"能力","5","特殊アビリティ","特殊能力","9837","舞踏神の証","舞蹈神的证明"
"能力","5","特殊アビリティ","特殊能力","9838","歌唱神の証","歌唱神的证明"
"能力","5","特殊アビリティ","特殊能力","9839","コズミックアイドルの証","宇宙偶像的证明"
"能力","5","特殊アビリティ","特殊能力","9840","QOBFの証","QOBF的证明"
"能力","5","特殊アビリティ","特殊能力","9841","禁忌科学者の証","禁忌科学家的证明"
"能力","5","特殊アビリティ","特殊能力","9842","トリスメギストスの証","三重伟大的证明"
"能力","5","特殊アビリティ","特殊能力","9843","アカシックレコードの証","阿卡西记录的证明"
"能力","5","特殊アビリティ","特殊能力","9844","ゴッドマシーナリーの証","神之机械的证明"
"能力","5","特殊アビリティ","特殊能力","9845","究極魔芸師の証","究极魔艺师的证明"
"能力","5","特殊アビリティ","特殊能力","9846","言霊神の証","言灵神的证明"
"能力","5","特殊アビリティ","特殊能力","9847","料理神の証","料理神的证明"
"能力","5","特殊アビリティ","特殊能力","9848","禁医の証","禁医的证明"
"能力","5","特殊アビリティ","特殊能力","9849","ゴッドメイドの証","神之女仆的证明"
"能力","5","特殊アビリティ","特殊能力","9850","オールジョブラウンダーの証","全能职业者的证明"
"能力","5","特殊アビリティ","特殊能力","9851","覇王の証","霸王的证明"
"能力","5","特殊アビリティ","特殊能力","9852","勇者の証","勇者的证明"
"能力","5","特殊アビリティ","特殊能力","9853","混沌の勇者の証","混沌的勇者的证明"
"能力","5","特殊アビリティ","特殊能力","9854","サイコトリニティの証","念动三位一体的证明"
"能力","5","特殊アビリティ","特殊能力","9855","ラストノーブルの証","最后的贵族的证明"
"能力","5","特殊アビリティ","特殊能力","9856","禁忌妖術師の証","禁忌妖术师的证明"
"能力","5","特殊アビリティ","特殊能力","9857","シールドヒーローの証","盾牌英雄的证明"
"能力","5","特殊アビリティ","特殊能力","9858","剣ヲ極メシ者の証","剑之极致者的证明"
"能力","5","特殊アビリティ","特殊能力","9859","全テヲ穿ツ者の証","贯穿一切者的证明"
"能力","5","特殊アビリティ","特殊能力","9860","全テヲ壊ス者の証","破坏一切者的证明"
"能力","5","特殊アビリティ","特殊能力","9861","拳ヲ極メシ者の証","拳之极致者的证明"
"能力","5","特殊アビリティ","特殊能力","9862","全テヲ護ル者の証","守护一切者的证明"
"能力","5","特殊アビリティ","特殊能力","9863","千ノ武具ヲ極メシ者の証","千种武具之极致者的证明"
"能力","5","特殊アビリティ","特殊能力","9864","全テヲ識ル者の証","全知者的证明"
"能力","5","特殊アビリティ","特殊能力","9865","全テヲ撃チ抜ク者の証","全能击穿者的证明"
"能力","5","特殊アビリティ","特殊能力","9866","音ヨリモ速キ者の証","超音速者的证明"
"能力","5","特殊アビリティ","特殊能力","9867","極マリシ偶像の証","极致偶像的证明"
"能力","5","特殊アビリティ","特殊能力","9868","快楽ヲ極メシ者の証","追求快乐者的证明"
"能力","5","特殊アビリティ","特殊能力","9869","真理ノ探究者の証","真理探究者的证明"
"能力","5","特殊アビリティ","特殊能力","9870","万職ヲ極メシ仕事人の証","万职极尽的工匠的证明"
"能力","5","特殊アビリティ","特殊能力","9871","英雄王の証","英雄王的证明"
"能力","5","特殊アビリティ","特殊能力","9872","ジャッジメントの証","审判者的证明"
"能力","5","特殊アビリティ","特殊能力","9873","ワールドブレイカーの証","世界破坏者的证明"
"能力","5","特殊アビリティ","特殊能力","9874","職無キ者の証","无职者的证明"
"能力","5","特殊アビリティ","特殊能力","9875","もんむす・くえすと！の証","勇者大战魔物娘！的证明"
"能力","5","特殊アビリティ","特殊能力","9876","魔神の証","魔神的证明"
"能力","5","特殊アビリティ","特殊能力","9877","超魔神の証","超魔神的证明"
"能力","5","特殊アビリティ","特殊能力","9878","混沌の魔神の証","混沌的魔神的证明"
"能力","5","特殊アビリティ","特殊能力","9879","ワームエンプレスの証","蠕虫女皇的证明"
"能力","5","特殊アビリティ","特殊能力","9880","万魔の宿主の証","万魔之宿主的证明"
"能力","5","特殊アビリティ","特殊能力","9881","魔王の証","魔王的证明"
"能力","5","特殊アビリティ","特殊能力","9882","大魔王の証","大魔王的证明"
"能力","5","特殊アビリティ","特殊能力","9883","妖怪王の証","妖怪王的证明"
"能力","5","特殊アビリティ","特殊能力","9884","マガツオオミカミの証","祸津大御神的证明"
"能力","5","特殊アビリティ","特殊能力","9885","リリスナイトメアの証","莉莉丝梦魇的证明"
"能力","5","特殊アビリティ","特殊能力","9886","バビロンの大淫婦の証","巴比伦的大淫妇的证明"
"能力","5","特殊アビリティ","特殊能力","9887","ドラキュリーナの証","德古莉娜的证明"
"能力","5","特殊アビリティ","特殊能力","9888","神祖の証","神祖的证明"
"能力","5","特殊アビリティ","特殊能力","9889","伝説の神魚の証","传说之神鱼的证明"
"能力","5","特殊アビリティ","特殊能力","9890","ワールドドロウンの証","世界沉没者的证明"
"能力","5","特殊アビリティ","特殊能力","9891","アルフ神族の証","亚尔夫神族的证明"
"能力","5","特殊アビリティ","特殊能力","9892","アンゴルモアの証","安哥尔摩亚的证明"
"能力","5","特殊アビリティ","特殊能力","9893","コスモフェアリーの証","宇宙妖精的证明"
"能力","5","特殊アビリティ","特殊能力","9894","コスモスの証","宇宙神蝶的证明"
"能力","5","特殊アビリティ","特殊能力","9895","究極群体生命の証","究极群体生命的证明"
"能力","5","特殊アビリティ","特殊能力","9896","カナデの証","祸抚的证明"
"能力","5","特殊アビリティ","特殊能力","9897","百獣王の証","百兽王的证明"
"能力","5","特殊アビリティ","特殊能力","9898","時の神獣の証","时之神兽的证明"
"能力","5","特殊アビリティ","特殊能力","9899","零尾の狐の証","零尾狐的证明"
"能力","5","特殊アビリティ","特殊能力","9900","白面金毛九尾の狐の証","白面金毛九尾狐的证明"
"能力","5","特殊アビリティ","特殊能力","9901","ウロボロスの証","衔尾蛇的证明"
"能力","5","特殊アビリティ","特殊能力","9902","淫欲の堕蛇の証","淫欲的堕蛇的证明"
"能力","5","特殊アビリティ","特殊能力","9903","インフィニティスキュラの証","无限斯库拉的证明"
"能力","5","特殊アビリティ","特殊能力","9904","正体不明触手禍の証","正体不明触手祸的证明"
"能力","5","特殊アビリティ","特殊能力","9905","神鳥の証","神鸟的证明"
"能力","5","特殊アビリティ","特殊能力","9906","フェニックスの証","凤凰的证明"
"能力","5","特殊アビリティ","特殊能力","9907","神竜の証","神龙的证明"
"能力","5","特殊アビリティ","特殊能力","9908","虚竜の証","虚龙的证明"
"能力","5","特殊アビリティ","特殊能力","9909","百魔の王の証","百魔之王的证明"
"能力","5","特殊アビリティ","特殊能力","9910","次元侵蝕者の証","次元侵蚀者的证明"
"能力","5","特殊アビリティ","特殊能力","9911","海神の証","海神的证明"
"能力","5","特殊アビリティ","特殊能力","9912","名状しがたきものの証","不可名状之物的证明"
"能力","5","特殊アビリティ","特殊能力","9913","神蟲の証","神虫的证明"
"能力","5","特殊アビリティ","特殊能力","9914","バアル・ゼブブの証","巴力・西卜的证明"
"能力","5","特殊アビリティ","特殊能力","9915","世界樹花の証","世界树之花的证明"
"能力","5","特殊アビリティ","特殊能力","9916","千樹華音の証","千树华音的证明"
"能力","5","特殊アビリティ","特殊能力","9917","カオスアンデッドの証","混沌不死者的证明"
"能力","5","特殊アビリティ","特殊能力","9918","ノーライフキングの証","无生之王的证明"
"能力","5","特殊アビリティ","特殊能力","9919","エターニティの証","永恒的证明"
"能力","5","特殊アビリティ","特殊能力","9920","死神の証","死神的证明"
"能力","5","特殊アビリティ","特殊能力","9921","究極至高人形の証","究极至高人偶的证明"
"能力","5","特殊アビリティ","特殊能力","9922","影、紬ぐ人形の証","影、䌷人偶的证明"
"能力","5","特殊アビリティ","特殊能力","9923","ウェポンタイプの証","武器类型的证明"
"能力","5","特殊アビリティ","特殊能力","9924","オメガタイプの証","欧米伽之型的证明"
"能力","5","特殊アビリティ","特殊能力","9925","熾天使の証","炽天使的证明"
"能力","5","特殊アビリティ","特殊能力","9926","七大天使の証","七大天使的证明"
"能力","5","特殊アビリティ","特殊能力","9927","アサルトバスターの証","突击破坏者的证明"
"能力","5","特殊アビリティ","特殊能力","9928","シンギュラリティの証","奇点的证明"
"能力","5","特殊アビリティ","特殊能力","9929","巨神王の証","巨神王的证明"
"能力","5","特殊アビリティ","特殊能力","9930","星喰いの証","星喰的证明"
"能力","5","特殊アビリティ","特殊能力","9931","X型アポトーシスの証","X型凋零者的证明"
"能力","5","特殊アビリティ","特殊能力","9932","XX型アポトーシスの証","XX型凋零者的证明"
"能力","5","特殊アビリティ","特殊能力","9933","混沌の使徒の証","混沌的使徒的证明"
"能力","5","特殊アビリティ","特殊能力","9934","創世の女神の証","创世女神的证明"
"能力","5","特殊アビリティ","特殊能力","9935","邪神の証","邪神的证明"
"能力","5","特殊アビリティ","特殊能力","9936","第三の神の証","第三神的证明"
"能力","5","特殊アビリティ","特殊能力","9937","カオスの証","混沌的证明"
"能力","5","特殊アビリティ","特殊能力","9939","斬武器マスタリーΩ","斩武器精通Ω"
"能力","5","特殊アビリティ","特殊能力","9940","突武器マスタリーΩ","突武器精通Ω"
"能力","5","特殊アビリティ","特殊能力","9941","打武器マスタリーΩ","打武器精通Ω"
"能力","5","特殊アビリティ","特殊能力","9942","体武器マスタリーΩ","体武器精通Ω"
"能力","5","特殊アビリティ","特殊能力","9943","魔武器マスタリーΩ","魔武器精通Ω"
"能力","5","特殊アビリティ","特殊能力","9944","射武器マスタリーΩ","射武器精通Ω"
"能力","5","特殊アビリティ","特殊能力","9945","速武器マスタリーΩ","速武器精通Ω"
"能力","5","特殊アビリティ","特殊能力","9946","楽武器マスタリーΩ","乐武器精通Ω"
"能力","5","特殊アビリティ","特殊能力","9947","淫武器マスタリーΩ","淫武器精通Ω"
"能力","5","特殊アビリティ","特殊能力","9948","職武器マスタリーΩ","职武器精通Ω"
"能力","5","特殊アビリティ","特殊能力","9949","混沌マスタリーΩ","混沌精通Ω"
"能力","5","特殊アビリティ","特殊能力","9950","服マスタリーΩ","服装精通Ω"
"能力","5","特殊アビリティ","特殊能力","9951","鎧マスタリーΩ","铠精通Ω"
"能力","5","特殊アビリティ","特殊能力","9952","ローブマスタリーΩ","长袍精通Ω"
"能力","5","特殊アビリティ","特殊能力","9953","ドレスマスタリーΩ","礼服精通Ω"
"能力","5","特殊アビリティ","特殊能力","9954","兜マスタリーΩ","盔精通Ω"
"能力","5","特殊アビリティ","特殊能力","9955","帽子マスタリーΩ","帽子精通Ω"
"能力","5","特殊アビリティ","特殊能力","9956","盾マスタリーΩ","盾精通Ω"
"能力","5","特殊アビリティ","特殊能力","9964","絶対的神聖存在","绝对神圣存在"
"能力","5","特殊アビリティ","特殊能力","9965","絶対的破壊存在","绝对的破坏存在"
"能力","5","特殊アビリティ","特殊能力","9966","フォトンエンジン","光子引擎"
"能力","5","特殊アビリティ","特殊能力","9967","ワールドエンジン","世界引擎"
"能力","5","特殊アビリティ","特殊能力","9968","天軍の長の証","天军之长的证明"
"能力","5","特殊アビリティ","特殊能力","9969","明けの明星の証","璀璨之明星的证明"
"能力","5","特殊アビリティ","特殊能力","9970","全能のオーバーロード","全能超负荷"
"能力","5","特殊アビリティ","特殊能力","9971","全テヲ癒ス者の証","全治愈者的证明"
"能力","5","特殊アビリティ","特殊能力","9972","魔物技消費SP3/4",""
"能力","5","特殊アビリティ","特殊能力","9973","魔物技消費SP1/2",""
"能力","5","特殊アビリティ","特殊能力","9974","魔物技消費SP1/4",""
"能力","5","特殊アビリティ","特殊能力","9975","魔物技消費SPなし","魔物技无消耗SP"
"能力","5","特殊アビリティ","特殊能力","9976","魔物技精神力付加","魔物技精神力附加"
"能力","5","特殊アビリティ","特殊能力","9977","暴徹","暴彻"
"能力","5","特殊アビリティ","特殊能力","9978","守徹","守彻"
"能力","5","特殊アビリティ","特殊能力","9979","魔徹","魔彻"
"能力","5","特殊アビリティ","特殊能力","9980","精徹","精彻"
"能力","5","特殊アビリティ","特殊能力","9981","速徹","速彻"
"能力","5","特殊アビリティ","特殊能力","9982","技徹","技彻"
"能力","5","特殊アビリティ","特殊能力","9983","魔物技ダブルチェーン","魔物技双重链"
"能力","5","特殊アビリティ","特殊能力","9984","魔物技トリプルチェーン","魔物技三重链"
"能力","5","特殊アビリティ","特殊能力","9985","魔物技ブースター","魔物技增强"
"能力","5","特殊アビリティ","特殊能力","9986","魔物技ハイブースター","魔物技高级增强"
"能力","5","特殊アビリティ","特殊能力","9987","魔物技エクスブースター","魔物技极限增强"
"能力","5","特殊アビリティ","特殊能力","9988","魔物技オーバーブースター","魔物技超增强"
"能力","5","特殊アビリティ","特殊能力","9989","獣性","兽性"
"能力","5","特殊アビリティ","特殊能力","9990","過剰獣性","过度兽性"
"能力","5","特殊アビリティ","特殊能力","9991","破滅獣性","毁灭兽性"
"能力","5","特殊アビリティ","特殊能力","9993","貪欲の極み","贪婪之极"
"能力","5","特殊アビリティ","特殊能力","9994","破滅の晩鐘","毁灭的晚钟"
"能力","5","特殊アビリティ","特殊能力","9995","破滅の遮蔽","破灭的遮蔽"
"能力","5","特殊アビリティ","特殊能力","9996","破滅の追撃","破灭的追击"
"能力","5","特殊アビリティ","特殊能力","9997","破滅の逆境","破灭的逆境"
"能力","5","特殊アビリティ","特殊能力","9998","超魔生物の証","超魔生物的证明"
"能力","5","特殊アビリティ","特殊能力","9999","破滅事象の証","破灭事象的证明"
"能力","5","特殊アビリティ","特殊能力","10050","混沌武器ブースター","混沌武器增强"
"能力","5","特殊アビリティ","特殊能力","10051","混沌武器ハイブースター","混沌武器高级增强"
"能力","5","特殊アビリティ","特殊能力","10052","混沌武器エクスブースター","混沌武器极限增强"
"能力","5","特殊アビリティ","特殊能力","10053","混沌武器オーバーブースター","混沌武器超增强"
"能力","5","特殊アビリティ","特殊能力","10054","癒し手のコンボ","治愈手组合"
"能力","5","特殊アビリティ","特殊能力","10055","トリは踊りで","鸟跃舞"
"能力","5","特殊アビリティ","特殊能力","10056","トリは歌で","鸟鸣曲"
"能力","5","特殊アビリティ","特殊能力","10057","極上の一本","极上的一击"
"能力","5","特殊アビリティ","特殊能力","10058","至高の一本","至高的一击"
"能力","5","特殊アビリティ","特殊能力","10082","混沌より迫るもの","混沌逼近之物"
"能力","5","特殊アビリティ","特殊能力","10083","混沌を祓う混沌","驱除混沌的混沌"
"能力","5","特殊アビリティ","特殊能力","10084","触手技連撃回数5アップ","触手技连击次数增加5"
"能力","5","特殊アビリティ","特殊能力","10085","造技連撃回数4アップ","造技连击次数增加4"
"能力","5","特殊アビリティ","特殊能力","10086","カオス連撃回数3アップ","混沌连击次数增加3"
"能力","5","特殊アビリティ","特殊能力","10087","カオス連撃回数4アップ","混沌连击次数增加4"
"能力","5","特殊アビリティ","特殊能力","10088","デウスの鼓動","神之鼓动"
"能力","5","特殊アビリティ","特殊能力","10089","ヌル・コンボ","软・连击"
"能力","5","特殊アビリティ","特殊能力","10090","デウスの連技","神之连技"
"能力","5","特殊アビリティ","特殊能力","10091","女神連技","女神连技"
"能力","5","特殊アビリティ","特殊能力","10092","邪神連技","邪神连技"
"能力","5","特殊アビリティ","特殊能力","10093","三番目のロンド","第三乐章"
"能力","5","特殊アビリティ","特殊能力","10094","混沌の精霊の証","混沌精灵的证明"
"能力","5","特殊アビリティ","特殊能力","10095","デウスエクスマキナの証","机械降神的证明"
"能力","5","特殊アビリティ","特殊能力","10096","ラッシュターン延長","急速回合延长"
"能力","5","特殊アビリティ","特殊能力","10097","ラッシュターン超延長","急速回合超延长"
"能力","5","特殊アビリティ","特殊能力","10098","/ラッシュターン永続",""
"能力","5","特殊アビリティ","特殊能力","10099","ウルトラチャンス","超级机会"
"能力","5","特殊アビリティ","特殊能力","10102","固有アビリティ発動無効化",""
"武技","6","短剣技","短剑技","901","ナイフ投げ","小刀投掷"
"武技","6","短剣技","短剑技","902","連続ナイフ投げ","连续小刀投掷"
"武技","6","短剣技","短剑技","903","串刺し","串刺"
"武技","6","短剣技","短剑技","904","トリックナイフ","诡计小刀"
"武技","6","短剣技","短剑技","905","アサシンスロー","刺客投掷"
"武技","6","短剣技","短剑技","906","カディクル・ベイ","血染的王鬼"
"武技","6","短剣技","短剑技","907","アサシンダンス","刺客之舞"
"武技","6","短剣技","短剑技","908","ナイフインフィニティ","无限刀刃"
"武技","6","短剣技","短剑技","909","サザンクロス","南十字星"
"武技","6","短剣技","短剑技","910","シャドウテスタメント","暗影圣约"
"武技","6","短剣技","短剑技","911","アサシンストーム","刺客风暴"
"武技","6","短剣技","短剑技","912","イオンストリーク","离子突击"
"武技","6","短剣技","短剑技","9001","極夜逆十字","极夜逆十字"
"武技","6","短剣技","短剑技","9002","絶命","绝命"
"武技","6","短剣技","短剑技","9003","雷旺",""
"武技","6","短剣技","短剑技","9004","神祖真月",""
"武技","6","短剣技","短剑技","9005","マガツイカヅチ","祸津雷"
"武技","7","剣技","剑技","917","切り返し","反击"
"武技","7","剣技","剑技","918","疾風突き","疾风突刺"
"武技","7","剣技","剑技","919","払車剣","扫车剑"
"武技","7","剣技","剑技","920","諸刃斬り","双刃斩"
"武技","7","剣技","剑技","921","隼斬り","隼斩"
"武技","7","剣技","剑技","922","火炎斬り","火焰斩"
"武技","7","剣技","剑技","923","氷斬り","冰斩"
"武技","7","剣技","剑技","924","稲妻斬り","闪电斩"
"武技","7","剣技","剑技","925","霊風招刃","灵风招刃"
"武技","7","剣技","剑技","926","土刻剣","土刻剑"
"武技","7","剣技","剑技","927","御剣十二水","御剑十二水"
"武技","7","剣技","剑技","928","奪魂刃","夺魂刃"
"武技","7","剣技","剑技","929","入滅斬","入灭斩"
"武技","7","剣技","剑技","930","エンジェルダンス","天使之舞"
"武技","7","剣技","剑技","931","真空斬り","真空斩"
"武技","7","剣技","剑技","932","烈風剣","烈风剑"
"武技","7","剣技","剑技","933","月影の太刀","月影之太刀"
"武技","7","剣技","剑技","934","魔神斬り","魔神斩"
"武技","7","剣技","剑技","935","デッドクラッシュ","死亡冲击"
"武技","7","剣技","剑技","936","二刀十字斬","二刀十字斩"
"武技","7","剣技","剑技","937","魔剣・首刈り","魔剑・斩首"
"武技","7","剣技","剑技","938","血裂雷鳴突き","血裂雷鸣刺"
"武技","7","剣技","剑技","939","五月雨斬り","五月雨斩"
"武技","7","剣技","剑技","940","極竜斬","极龙斩"
"武技","7","剣技","剑技","941","ヒートウェイブ","热浪斩"
"武技","7","剣技","剑技","942","フレイムスラッシュ","烈焰斩"
"武技","7","剣技","剑技","943","アイススラッシュ","冰霜斩"
"武技","7","剣技","剑技","944","サンダースラッシュ","雷电斩"
"武技","7","剣技","剑技","945","斬魔の舞","斩魔之舞"
"武技","7","剣技","剑技","946","屠竜撃","屠龙击"
"武技","7","剣技","剑技","947","雲身払車剣","云身拂车剑"
"武技","7","剣技","剑技","948","滅世斬","灭世斩"
"武技","7","剣技","剑技","949","アークブリンガー","弧光斩"
"武技","7","剣技","剑技","950","瞬剣・疾風迅雷","瞬剑・疾风迅雷"
"武技","7","剣技","剑技","951","森羅剣・乱雹","森罗剑・乱雹"
"武技","7","剣技","剑技","952","デスバウンド","死亡之缚"
"武技","7","剣技","剑技","953","死剣・乱れ星","死剑・乱星"
"武技","7","剣技","剑技","954","魔影流星斬","魔影流星斩"
"武技","7","剣技","剑技","955","白虎ノ太刀","白虎之太刀"
"武技","7","剣技","剑技","956","玄武ノ太刀","玄武之太刀"
"武技","7","剣技","剑技","957","青竜ノ太刀","青龙之太刀"
"武技","7","剣技","剑技","958","朱雀ノ太刀","朱雀之太刀"
"武技","7","剣技","剑技","959","ギガスラッシュ","巨型斩击"
"武技","7","剣技","剑技","960","ラウンドオブビリオン","亿万圆桌"
"武技","7","剣技","剑技","961","月下散華","月下散华"
"武技","7","剣技","剑技","962","魔刃・雪時雨","魔刃・雪时雨"
"武技","7","剣技","剑技","963","皇竜九炎陣","皇龙九炎阵"
"武技","7","剣技","剑技","964","ジャスティスヘブン","正义天堂"
"武技","7","剣技","剑技","965","閃殺","闪杀"
"武技","7","剣技","剑技","966","烈空堕天斬","烈空堕天斩"
"武技","7","剣技","剑技","967","てんぐんのけん","天军之剑"
"武技","7","剣技","剑技","968","瞬撃・疾風雷鳴","瞬击・疾风雷鸣"
"武技","7","剣技","剑技","969","諸刃微塵斬り","诸刃微尘斩"
"武技","7","剣技","剑技","970","メギドカリバーン","毁灭之王剑"
"武技","7","剣技","剑技","971","聖光六閃斬","圣光六闪斩"
"武技","7","剣技","剑技","972","闇天","暗天"
"武技","7","剣技","剑技","973","アトミックスラッシュ","原子斩"
"武技","7","剣技","剑技","974","クァンタスラッシュ","量子斩"
"武技","7","剣技","剑技","975","イオンスラッシュ","离子斩"
"武技","7","剣技","剑技","976","癒しの剣","治愈之剑"
"武技","7","剣技","剑技","977","奇跡の剣","奇迹之剑"
"武技","7","剣技","剑技","978","大奇跡の剣","大奇迹之剑"
"武技","7","剣技","剑技","979","超奇跡の剣","超奇迹之剑"
"武技","7","剣技","剑技","4333","ボス回復：癒しの剣",""
"武技","7","剣技","剑技","4334","ボス回復：奇跡の剣",""
"武技","7","剣技","剑技","4335","ボス回復：大奇跡の剣",""
"武技","7","剣技","剑技","5831","フラッシュカウンター","闪光反击"
"武技","7","剣技","剑技","5832","反撃：フラッシュカウンター",""
"武技","7","剣技","剑技","5931","支援：ノビッサ",""
"武技","7","剣技","剑技","8735","連続用：諸刃斬り1",""
"武技","7","剣技","剑技","8737","連続用：諸刃微塵斬り",""
"武技","7","剣技","剑技","9008","四方神獣剣","四方神兽剑"
"武技","7","剣技","剑技","9009","ギガスラッシュクロス","极巨十字斩"
"武技","7","剣技","剑技","9010","アルフセイバー","亚尔夫之剑"
"武技","7","剣技","剑技","9011","乱刃・気炎万丈","乱刃・气炎万丈"
"武技","7","剣技","剑技","9012","サウザンドブラッド","千血斩"
"武技","7","剣技","剑技","9013","九重の羅刹","九重罗刹斩"
"武技","7","剣技","剑技","9014","メギドカブラ","终极一闪"
"武技","7","剣技","剑技","9015","森羅八王剣","森罗八王剑"
"武技","7","剣技","剑技","9016","乱れ雪月花","纷乱雪月花"
"武技","7","剣技","剑技","9017","竜臥閃","龙卧闪"
"武技","7","剣技","剑技","9018","覇光ノ刃・逆鱗","霸光之刃・逆鳞"
"武技","7","剣技","剑技","9019","発動：覇光ノ刃・逆鱗",""
"武技","7","剣技","剑技","9020","覇光ノ刃・護龍","霸光之刃・护龙"
"武技","7","剣技","剑技","9021","発動：覇光ノ刃・護龍",""
"武技","7","剣技","剑技","9022","天軍の剣","天军之剑"
"武技","7","剣技","剑技","9023","天軍滅星","天军灭星"
"武技","7","剣技","剑技","9024","次元断",""
"武技","7","剣技","剑技","9025","虚竜閃","虚龙闪"
"武技","8","尖剣技","尖剑技","985","チャージレイ","蓄能射线"
"武技","8","尖剣技","尖剑技","986","Vスラッシュ","V斩击"
"武技","8","尖剣技","尖剑技","987","ダンシングサーブル","舞刃之锋"
"武技","8","尖剣技","尖剑技","988","スプラッシュフルーレ","溅洒花剑"
"武技","8","尖剣技","尖剑技","989","クロスアンブル","十字漫步"
"武技","8","尖剣技","尖剑技","990","トライジャッド","三重审判"
"武技","8","尖剣技","尖剑技","991","フォティトゥリア","光辉裁决"
"武技","8","尖剣技","尖剑技","992","パゴストゥリア","冰霜裁决"
"武技","8","尖剣技","尖剑技","993","ケラヴトゥリア","雷霆裁决"
"武技","8","尖剣技","尖剑技","994","ゼクスルージュ","胭红六刃"
"武技","8","尖剣技","尖剑技","995","プリエール","祈祷"
"武技","8","尖剣技","尖剑技","996","ヴィクトワール","凯旋"
"武技","8","尖剣技","尖剑技","997","アンスタン","瞬影"
"武技","8","尖剣技","尖剑技","998","ネメシス","复仇"
"武技","8","尖剣技","尖剑技","999","ノーザンクロス","北十字星"
"武技","8","尖剣技","尖剑技","1000","昇天剣舞","升天剑舞"
"武技","8","尖剣技","尖剑技","1001","ノブレス・オブリージュ","贵族的义务"
"武技","8","尖剣技","尖剑技","1002","オブリージュ・アンフィニ","无限的义务"
"武技","8","尖剣技","尖剑技","1003","オブリージュ・フィーネ","义务的终结"
"武技","8","尖剣技","尖剑技","1004","邪神炎極ノ纏","邪神炎极之缠"
"武技","8","尖剣技","尖剑技","9029","クロス・ノイエ","新十字"
"武技","8","尖剣技","尖剑技","9030","トライ・グランテ","三重恩典"
"武技","8","尖剣技","尖剑技","9031","エクスィス","存在之刃"
"武技","8","尖剣技","尖剑技","9032","ギャラクシア","银河剑舞"
"武技","8","尖剣技","尖剑技","9033","魔王煉獄剣","魔王炼狱剑"
"武技","8","尖剣技","尖剑技","9034","ギャラクシア・エクス","银河剑舞・极"
"武技","8","尖剣技","尖剑技","9035","アルテマエンデ","究极终末"
"武技","8","尖剣技","尖剑技","9036","魔煌炎舞",""
"武技","8","尖剣技","尖剑技","9037","ドゥームズデイ","末日审判"
"武技","9","刀技","","1007","峰打ち","峰打"
"武技","9","刀技","","1008","三連斬","三连斩"
"武技","9","刀技","","1009","居合い抜き","居合斩"
"武技","9","刀技","","1010","牙突",""
"武技","9","刀技","","1011","居合・焔ノ太刀","居合・焰之太刀"
"武技","9","刀技","","1012","居合・吹雪ノ太刀","居合・吹雪之太刀"
"武技","9","刀技","","1013","居合・雷土ノ太刀","居合・雷土之太刀"
"武技","9","刀技","","1014","枝落とし","枝落斩"
"武技","9","刀技","","1015","散華蹂躙斬","散华蹂躏斩"
"武技","9","刀技","","1016","氷刃・月光","冰刃・月光"
"武技","9","刀技","","1017","魔氷葬送刃","魔冰葬送刃"
"武技","9","刀技","","1018","滅魂刀","灭魂刀"
"武技","9","刀技","","1019","斬神斬魔","斩神斩魔"
"武技","9","刀技","","1020","八相発破","八相发破"
"武技","9","刀技","","1021","九腕連閃","九腕连闪"
"武技","9","刀技","","1022","縮地・焔閃","缩地・焰闪"
"武技","9","刀技","","1023","魔刀・明鏡止水","魔刀・明镜止水"
"武技","9","刀技","","1024","神刀・鏡花水月","神刀・镜花水月"
"武技","9","刀技","","1025","微塵滅閃","微尘灭闪"
"武技","9","刀技","","1026","聖刃七星天","圣刃七星天"
"武技","9","刀技","","1027","桜花幻舞","樱花幻舞"
"武技","9","刀技","","1028","天墜","天坠"
"武技","9","刀技","","1029","瞬閃・斜十字","瞬闪・斜十字"
"武技","9","刀技","","1030","居合い・伊邪那岐","居合・伊邪那岐"
"武技","9","刀技","","1031","居合い・伊邪那美","居合・伊邪那美"
"武技","9","刀技","","1032","心頭滅却","心头灭却"
"武技","9","刀技","","1033","肉斬骨断","肉斩骨断"
"武技","9","刀技","","1034","切り捨て御免","切舍御免"
"武技","9","刀技","","1035","裸一貫","裸一贯"
"武技","9","刀技","","1036","切腹",""
"武技","9","刀技","","1037","則天去私","则天去私"
"武技","9","刀技","","1038","断罪者への天誅","对断罪者的天诛"
"武技","9","刀技","","8790","発動：燕返し",""
"武技","9","刀技","","8791","発動：マガツ燕返し",""
"武技","9","刀技","","9041","十四連斬","十四连斩"
"武技","9","刀技","","9042","黄泉奥義・幻狼剣","黄泉奥义・幻狼剑"
"武技","9","刀技","","9043","無限連斬","无限连斩"
"武技","9","刀技","","9044","修羅の舞い","修罗之舞"
"武技","9","刀技","","9045","神祖烈星斬","神祖烈星斩"
"武技","9","刀技","","9046","終ノ閃","终之闪"
"武技","10","槍技","枪技","1041","ハイジャンプ","高跳"
"武技","10","槍技","枪技","1042","鳥落とし","落鸟"
"武技","10","槍技","枪技","1043","インパクトスピア","冲击之矛"
"武技","10","槍技","枪技","1044","飛竜の舞い","飞龙之舞"
"武技","10","槍技","枪技","1045","火炎槍","火炎枪"
"武技","10","槍技","枪技","1046","絶氷槍","绝冰枪"
"武技","10","槍技","枪技","1047","雷迅槍","雷迅枪"
"武技","10","槍技","枪技","1048","ハイウィンド","疾风枪"
"武技","10","槍技","枪技","1049","岩烈槍","岩烈枪"
"武技","10","槍技","枪技","1050","アクアランス","碧水枪"
"武技","10","槍技","枪技","1051","アンデッドスレイヤー","亡灵猎手"
"武技","10","槍技","枪技","1052","レクイエムランス","镇魂之枪"
"武技","10","槍技","枪技","1053","ホーリーシフト","神圣转移"
"武技","10","槍技","枪技","1054","スパイラルファイア","螺旋火焰"
"武技","10","槍技","枪技","1055","フォックスハント","猎狐"
"武技","10","槍技","枪技","1056","セントールラッシュ","半人马冲锋"
"武技","10","槍技","枪技","1057","神速三段突き","神速三段突"
"武技","10","槍技","枪技","1058","スカイツイン","天空双斩"
"武技","10","槍技","枪技","1059","エアランス","空之枪"
"武技","10","槍技","枪技","1060","サン・エリアル","圣・天翔"
"武技","10","槍技","枪技","1061","サン・コンキスタ","圣・征服"
"武技","10","槍技","枪技","1062","サン・リベリオン","圣・叛逆"
"武技","10","槍技","枪技","1063","サン・ミラージュ","圣・幻影"
"武技","10","槍技","枪技","1064","セントールバースト","半人马爆发"
"武技","10","槍技","枪技","1065","スパイラルダスト","螺旋尘埃"
"武技","10","槍技","枪技","1066","天魔頭蓋斬","天魔头盖斩"
"武技","10","槍技","枪技","1067","スカイツイスター","天空龙卷"
"武技","10","槍技","枪技","1068","滅竜槍","灭龙枪"
"武技","10","槍技","枪技","1069","イリュージョンランス","幻象之枪"
"武技","10","槍技","枪技","1070","ナイトメアランス","噩梦长枪"
"武技","10","槍技","枪技","1071","ホーリーランディング","神圣降临"
"武技","10","槍技","枪技","1072","ダークネスドライブ","黑暗驱动"
"武技","10","槍技","枪技","1073","聖槍乱舞","圣枪乱舞"
"武技","10","槍技","枪技","1074","魔槍乱舞","魔枪乱舞"
"武技","10","槍技","枪技","1075","螺旋光槍","螺旋光枪"
"武技","10","槍技","枪技","1076","滅魔閃煌","灭魔闪煌"
"武技","10","槍技","枪技","1077","フォトンランサー","光子之枪"
"武技","10","槍技","枪技","1078","ニーベルンヴァレスティ","尼伯龙根之裁"
"武技","10","槍技","枪技","1079","ラストレクイエム","最终镇魂曲"
"武技","10","槍技","枪技","1080","流星槍","流星枪"
"武技","10","槍技","枪技","1081","絶竜剣","绝龙剑"
"武技","10","槍技","枪技","1082","竜剣","龙剑"
"武技","10","槍技","枪技","1083","神竜剣","神龙剑"
"武技","10","槍技","枪技","1084","邪竜剣","邪龙剑"
"武技","10","槍技","枪技","1085","祈りの聖槍","祈祷的圣枪"
"武技","10","槍技","枪技","1086","奇跡の聖槍","奇迹的圣枪"
"武技","10","槍技","枪技","1087","聖槍チャージ","圣枪充能"
"武技","10","槍技","枪技","1088","聖槍ガード","圣枪守护"
"武技","10","槍技","枪技","1089","一番槍","第一枪"
"武技","10","槍技","枪技","1090","人馬一体","人马合一"
"武技","10","槍技","枪技","1091","イクシオン","伊克西翁"
"武技","10","槍技","枪技","1092","ハイチャージ","高级充能"
"武技","10","槍技","枪技","1093","エクセルチャージ","破界充能"
"武技","10","槍技","枪技","1094","制空",""
"武技","10","槍技","枪技","4336","ボス回復：祈りの聖槍",""
"武技","10","槍技","枪技","4337","ボス回復：奇跡の聖槍",""
"武技","10","槍技","枪技","8738","連続用：竜剣",""
"武技","10","槍技","枪技","8739","連続用：神竜剣",""
"武技","10","槍技","枪技","8740","連続用：邪竜剣",""
"武技","10","槍技","枪技","8741","連続用：絶竜剣",""
"武技","10","槍技","枪技","8859","発動：ガンランス",""
"武技","10","槍技","枪技","8860","発動：聖弾乱射",""
"武技","10","槍技","枪技","8861","発動：ガンズオブエデン",""
"武技","10","槍技","枪技","8917","発動：ガンズオブエデンΩ",""
"武技","10","槍技","枪技","9050","真・聖槍乱舞","真・圣枪乱舞"
"武技","10","槍技","枪技","9051","真・魔槍乱舞","真・魔枪乱舞"
"武技","10","槍技","枪技","9052","アルファケンタウリ","阿尔法半人马"
"武技","10","槍技","枪技","9053","銀河槍","银河枪"
"武技","10","槍技","枪技","9054","スターダストエンド","星尘终结"
"武技","10","槍技","枪技","9055","聖魔六乱撃","圣魔六乱击"
"武技","10","槍技","枪技","9056","スターバーストノヴァ","星爆新星"
"武技","10","槍技","枪技","9057","オメガケンタウリ","欧米伽半人马"
"武技","10","槍技","枪技","9058","鳳凰無塵槍","凤凰无尘枪"
"武技","10","槍技","枪技","9059","天軍乱槍","天军乱枪"
"武技","11","斧技","","1099","暴塵斧","暴尘斧"
"武技","11","斧技","","1100","猛牛回転斧","猛牛回旋斧"
"武技","11","斧技","","1101","ボルケーノアックス","火山斧"
"武技","11","斧技","","1102","スィングハリケーン","飓风挥斩"
"武技","11","斧技","","1103","バーサーカーラッシュ","狂战突击"
"武技","11","斧技","","1104","ミノタウロスクラッシュ","米诺陶洛斯粉碎"
"武技","11","斧技","","1105","ギガクラッシュ","极巨粉碎"
"武技","11","斧技","","1106","轟炎斧","轰炎斧"
"武技","11","斧技","","1107","砕氷斧","碎冰斧"
"武技","11","斧技","","1108","雷神斧",""
"武技","11","斧技","","1109","轟炎乱斧","轰炎乱斧"
"武技","11","斧技","","1110","砕氷乱斧","碎冰乱斧"
"武技","11","斧技","","1111","雷神乱斧",""
"武技","11","斧技","","1112","壊斧・大山鳴動","坏斧・大山鸣动"
"武技","11","斧技","","1113","デッドリーホーク","致命鹰击"
"武技","11","斧技","","1114","オクト・ディアボロ","八重・魔神击"
"武技","11","斧技","","1115","微塵連斧","微尘连斧"
"武技","11","斧技","","1116","絶・廻神撃","绝・回神击"
"武技","11","斧技","","1117","タイタンズレガシー","泰坦遗产"
"武技","11","斧技","","1118","乱れ斧","乱斧"
"武技","11","斧技","","9063","六王豪乱斧",""
"武技","11","斧技","","9064","破壊の化身","破坏的化身"
"武技","11","斧技","","9065","コスモレガシー","宇宙遗产"
"武技","11","斧技","","9066","牛神四羅刹斧","牛神四罗刹斧"
"武技","12","棍技","","1124","剛襲棍","刚袭棍"
"武技","12","棍技","","1125","乱打棍",""
"武技","12","棍技","","1126","通電撃","通电击"
"武技","12","棍技","","1127","ゾンビ乱撃","僵尸乱击"
"武技","12","棍技","","1128","旋棍一閃撃","旋棍一闪击"
"武技","12","棍技","","1129","岩石落とし","岩石崩落"
"武技","12","棍技","","1130","凍結撃","冻结击"
"武技","12","棍技","","1131","轟氷撃","轰冰击"
"武技","12","棍技","","1132","鬼神撃","鬼神击"
"武技","12","棍技","","1133","鬼神乱撃","鬼神乱击"
"武技","12","棍技","","1134","アースクラッシュゴブリン","大地粉碎哥布林"
"武技","12","棍技","","1135","ゴブリンメイクライ","小鬼泣"
"武技","12","棍技","","1136","ゴブリンマストダイ","哥布林必须死"
"武技","12","棍技","","1137","スライム潰し","史莱姆粉碎"
"武技","12","棍技","","1138","粘魔破裂撃","粘魔破裂击"
"武技","12","棍技","","1139","呪怨撃","咒怨击"
"武技","12","棍技","","1140","カースドインパクト","诅咒冲击"
"武技","12","棍技","","1141","ワイルドフルスィング","狂野全挥"
"武技","12","棍技","","1142","コズミックブラスト","宇宙爆破"
"武技","12","棍技","","1143","クリティカルハンマー","致命锤击"
"武技","12","棍技","","1144","グランドスライド","大地滑行"
"武技","12","棍技","","1145","鬼神乱破","鬼神乱破"
"武技","12","棍技","","1146","地烈大裂波","地裂大波动"
"武技","12","棍技","","1147","ダストスプラッシュ","尘埃飞溅"
"武技","12","棍技","","1148","デストーションドライブ","毁灭驱动"
"武技","12","棍技","","1149","メギドスマッシュ","终末之棍击"
"武技","12","棍技","","1150","零龍","零龙"
"武技","12","棍技","","9070","土精大乱撃","土精大乱击"
"武技","12","棍技","","9071","メテオブレイク","陨石粉碎"
"武技","12","棍技","","9072","コスモクライシス","宇宙危机"
"武技","12","棍技","","9073","魔骸消滅撃","魔骸消灭击"
"武技","12","棍技","","9074","黄泉壊・出雲行","黄泉崩坏・出云行"
"武技","12","棍技","","9075","ガイアの怒り","盖亚之怒"
"武技","13","鎌技","镰技","1156","重ね斬り","重叠斩"
"武技","13","鎌技","镰技","1157","氷結断","冰结断"
"武技","13","鎌技","镰技","1158","連斬かまいたち","连斩旋风"
"武技","13","鎌技","镰技","1159","四影鎌","四影镰"
"武技","13","鎌技","镰技","1160","一閃薙ぎ払い","一闪横扫"
"武技","13","鎌技","镰技","1161","暗黒一閃","暗黑一闪"
"武技","13","鎌技","镰技","1162","闇封陣","暗封阵"
"武技","13","鎌技","镰技","1163","闇散華","暗散华"
"武技","13","鎌技","镰技","1164","フェイントザッパー","虚晃灭杀"
"武技","13","鎌技","镰技","1165","人形破壊撃","人偶破坏击"
"武技","13","鎌技","镰技","1166","結晶斬","结晶斩"
"武技","13","鎌技","镰技","1167","陰陽葬刃","阴阳葬刃"
"武技","13","鎌技","镰技","1168","冥界波",""
"武技","13","鎌技","镰技","1169","死連刃","死连刃"
"武技","13","鎌技","镰技","1170","レクイエムリーパー","镇魂收割"
"武技","13","鎌技","镰技","1171","量子分解",""
"武技","13","鎌技","镰技","1172","魔氷鎌舞","魔冰镰舞"
"武技","13","鎌技","镰技","1173","13パニッシャー","13处罚者"
"武技","13","鎌技","镰技","1174","催眠の鎌","催眠之镰"
"武技","13","鎌技","镰技","1175","混乱の鎌","混乱之镰"
"武技","13","鎌技","镰技","1176","絶命の鎌","绝命之镰"
"武技","13","鎌技","镰技","5538","死連刃","死连刃"
"武技","13","鎌技","镰技","5883","死刑執行の構え","死刑执行的架势"
"武技","13","鎌技","镰技","9078","魔神黒鎌","魔神黑镰"
"武技","13","鎌技","镰技","9079","禍津大鎌","祸津大镰"
"武技","13","鎌技","镰技","9080","エンドレスサイズ","无尽之镰"
"武技","13","鎌技","镰技","9081","罪と罰","罪与罚"
"武技","13","鎌技","镰技","9082","死神の鎌","死神之镰"
"武技","13","鎌技","镰技","9083","エンドオブエンド","终之终"
"武技","14","弓技","","1182","重ね撃ち","重叠射击"
"武技","14","弓技","","1183","乱れ矢","乱箭"
"武技","14","弓技","","1184","チャージアロー","蓄力箭"
"武技","14","弓技","","1185","炎の矢","炎之箭"
"武技","14","弓技","","1186","氷の矢","冰之箭"
"武技","14","弓技","","1187","雷の矢","雷之箭"
"武技","14","弓技","","1188","風の矢","风之箭"
"武技","14","弓技","","1189","土の矢","土之箭"
"武技","14","弓技","","1190","水の矢","水之箭"
"武技","14","弓技","","1191","スプラッシュアロー","溅射箭"
"武技","14","弓技","","1192","レインアロー","箭雨"
"武技","14","弓技","","1193","エルヴィンアロー","埃尔文之箭"
"武技","14","弓技","","1194","マルチプルアロー","多重箭"
"武技","14","弓技","","1195","一矢斬波","一箭斩波"
"武技","14","弓技","","1196","キューピッドアロー","丘比特之箭"
"武技","14","弓技","","1197","オーラスター","灵气之星"
"武技","14","弓技","","1198","エビルキラー","陆栖种杀手"
"武技","14","弓技","","1199","ビーストキラー","野兽杀手"
"武技","14","弓技","","1200","フラワーハント","猎花"
"武技","14","弓技","","1201","インセクトハント","猎虫"
"武技","14","弓技","","1202","ハンターキラースナイパー","猎人杀手狙击手"
"武技","14","弓技","","1203","ラミアバスター","拉米亚破坏者"
"武技","14","弓技","","1204","スキュラバスター","斯库拉破坏者"
"武技","14","弓技","","1205","エルフ狩り","精灵狩猎"
"武技","14","弓技","","1206","フェアリー狩り","妖精狩猎"
"武技","14","弓技","","1207","ギガントスナイプ","巨人狙击"
"武技","14","弓技","","1208","マヒ矢","麻痹箭"
"武技","14","弓技","","1209","眠りの矢","睡眠之箭"
"武技","14","弓技","","1210","石化の矢","石化之箭"
"武技","14","弓技","","1211","一撃の矢","一击之箭"
"武技","14","弓技","","1212","爆閃矢","爆闪箭"
"武技","14","弓技","","1213","五月雨矢","五月雨箭"
"武技","14","弓技","","1214","赤の衝撃","赤色冲击"
"武技","14","弓技","","1215","フレアトラップ","火焰陷阱"
"武技","14","弓技","","1216","フロストトラップ","霜冻陷阱"
"武技","14","弓技","","1217","ネビュラリフレクト","星云反射"
"武技","14","弓技","","1218","コズミックダスト","宇宙尘埃"
"武技","14","弓技","","1219","流星乱矢","流星乱箭"
"武技","14","弓技","","1220","散華乱矢","散华乱箭"
"武技","14","弓技","","1221","エレメンタルアロー","元素之箭"
"武技","14","弓技","","1222","アルテミスグレイブ","阿尔忒弥斯之墓"
"武技","14","弓技","","1223","真・流星乱矢","真・流星乱箭"
"武技","14","弓技","","1224","絶・散華乱矢","绝・散华乱箭"
"武技","14","弓技","","1225","ヒールアロー","治愈之箭"
"武技","14","弓技","","1226","ミラクルアロー","奇迹之箭"
"武技","14","弓技","","4338","ボス回復：ヒールアロー",""
"武技","14","弓技","","4339","ボス回復：ミラクルアロー",""
"武技","14","弓技","","5895","全力蕩弓","全力荡弓"
"武技","14","弓技","","9087","スプラッシュストーム","溅射风暴"
"武技","14","弓技","","9088","アモールレイン","爱之雨"
"武技","14","弓技","","9089","核熱矢","核热矢"
"武技","14","弓技","","9090","ハドロンアーチャー","强子弓箭手"
"武技","14","弓技","","9091","アンシェントグレイブ","远古之墓"
"武技","14","弓技","","9092","アルフエレメント","亚尔夫元素"
"武技","14","弓技","","9093","聖魔乱矢","圣魔乱矢"
"武技","14","弓技","","9094","エメラルド・レイ","翡翠之光"
"武技","14","弓技","","9095","八極の矢","八极之矢"
"武技","14","弓技","","9096","恐怖の大王","恐怖之王"
"武技","14","弓技","","9097","絶滅矢","绝灭箭"
"武技","14","弓技","","9098","サウザンドムーン","千月"
"武技","14","弓技","","9099","イスカリオテの雨","依斯加略之雨"
"武技","14","弓技","","9100","シナイの神火","西奈的神火"
"武技","14","弓技","","9101","天上天下唯我独尊",""
"武技","15","鞭技","","1232","ワルツウィップ","华尔兹鞭"
"武技","15","鞭技","","1233","しびれ打ち","麻痹打击"
"武技","15","鞭技","","1234","スネークテイル","蛇尾鞭"
"武技","15","鞭技","","1235","ドラゴンスレイヤー","屠龙鞭"
"武技","15","鞭技","","1236","デビルバスター","破魔鞭"
"武技","15","鞭技","","1237","雷縛の鞭","雷缚之鞭"
"武技","15","鞭技","","1238","雷縛三閃","雷缚三闪"
"武技","15","鞭技","","1239","魔蒼円舞","魔苍圆舞"
"武技","15","鞭技","","1240","黄泉ノ黒陣","黄泉之黑阵"
"武技","15","鞭技","","1241","溶解の鞭","溶解之鞭"
"武技","15","鞭技","","1242","メルティスパイラル","溶解螺旋"
"武技","15","鞭技","","1243","ドラゴンテイル","龙尾鞭"
"武技","15","鞭技","","1244","大蛇の舞い","大蛇之舞"
"武技","15","鞭技","","1245","漆黒の大蛇","漆黑的大蛇"
"武技","15","鞭技","","1246","闇の螺旋鞭","暗之螺旋鞭"
"武技","15","鞭技","","1247","レインボーウィップ","彩虹鞭"
"武技","15","鞭技","","1248","サウザンドハレム","千人后宫"
"武技","15","鞭技","","1249","拘束の鞭","拘束之鞭"
"武技","15","鞭技","","1250","混乱の鞭","混乱之鞭"
"武技","15","鞭技","","1251","愛の鞭","爱之鞭"
"武技","15","鞭技","","1252","モンスターサーバント","魔物仆从"
"武技","15","鞭技","","1253","ホーリーサーバント","神圣仆从"
"武技","15","鞭技","","1254","デビルサーバント","恶魔仆从"
"武技","15","鞭技","","1255","アポトサーバント","凋零仆从"
"武技","15","鞭技","","1256","ビーストシージ","野兽围攻"
"武技","15","鞭技","","9105","エンジェルスレイヤー","天使杀手"
"武技","15","鞭技","","9106","カオスバスター","混沌破坏者"
"武技","15","鞭技","","9107","竜神の舞い","龙神之舞"
"武技","15","鞭技","","9108","女王様の鞭","女王之鞭"
"武技","15","鞭技","","9109","ゼムスウィップ","泽姆斯鞭"
"武技","15","鞭技","","9110","世界樹の鞭","世界树之鞭"
"武技","15","鞭技","","9111","ハドロンスフィア","强子球"
"武技","15","鞭技","","9112","ハドロンノヴァ","强子新星"
"武技","15","鞭技","","9113","緑皇鞭","绿皇鞭"
"武技","15","鞭技","","9114","黙示の神鞭","启示的神鞭"
"武技","15","鞭技","","9115","快楽の支配者","快乐的支配者"
"武技","16","投擲技","投掷技","1260","ノビールショット","伸手一击"
"武技","16","投擲技","投掷技","1261","燕落とし","落燕"
"武技","16","投擲技","投掷技","1262","ツインシュート","双射"
"武技","16","投擲技","投掷技","1263","スパイラルエッジ","螺旋利刃"
"武技","16","投擲技","投掷技","1264","ウィンドスルー","风穿"
"武技","16","投擲技","投掷技","1265","ツインブーメラン","双飞镖"
"武技","16","投擲技","投掷技","1266","エアロダート","空气飞镖"
"武技","16","投擲技","投掷技","1267","メルティスルー","溶穿"
"武技","16","投擲技","投掷技","1268","シューティングスター","流星"
"武技","16","投擲技","投掷技","1269","スターゲイザー","观星者"
"武技","16","投擲技","投掷技","1270","バーニングエッジ","燃烧利刃"
"武技","16","投擲技","投掷技","1271","コズミックスルー","宇穿"
"武技","16","投擲技","投掷技","1272","フィフスエッジ","第五利刃"
"武技","16","投擲技","投掷技","1273","四天風車輪","四天风车轮"
"武技","16","投擲技","投掷技","1274","影螺旋",""
"武技","16","投擲技","投掷技","1275","シャドウエンハウンス","影强化"
"武技","16","投擲技","投掷技","1276","ナノアセンブラ","纳米装配器"
"武技","16","投擲技","投掷技","1277","コメットフォール","星陨"
"武技","16","投擲技","投掷技","1278","シュプルエッジ","咻噗露乱刃"
"武技","16","投擲技","投掷技","1279","ナノバリオン","纳米重子"
"武技","16","投擲技","投掷技","1280","魔擲乱星","魔掷乱星"
"武技","16","投擲技","投掷技","4401","ボス回復：シールドヒール",""
"武技","16","投擲技","投掷技","4402","ボス回復：シールドエクスヒール",""
"武技","16","投擲技","投掷技","9118","シールドバッシュ","盾击"
"武技","16","投擲技","投掷技","9119","シールドスルー","盾穿"
"武技","16","投擲技","投掷技","9120","シールドスター","盾之星"
"武技","16","投擲技","投掷技","9121","シールドレガシー","盾之遗产"
"武技","16","投擲技","投掷技","9122","シールドエンパイア","盾之帝国"
"武技","16","投擲技","投掷技","9123","シールドヒール","盾之治愈"
"武技","16","投擲技","投掷技","9124","シールドエクスヒール","盾之极致治愈"
"武技","16","投擲技","投掷技","9125","シールドリフレクト","盾反射"
"武技","16","投擲技","投掷技","9126","アルティメットリフレクト","究极反射"
"武技","16","投擲技","投掷技","9127","ダイヤモンドガード","钻石守护"
"武技","16","投擲技","投掷技","9128","クリスタルガード","水晶守护"
"武技","16","投擲技","投掷技","9129","アダマンガード","坚石守护"
"武技","16","投擲技","投掷技","9130","アルテマガード","究极守护"
"武技","16","投擲技","投掷技","9131","シールドアッセンブル","盾牌集结"
"武技","16","投擲技","投掷技","9132","ワールドアッセンブル","世界集结"
"武技","16","投擲技","投掷技","9133","ヘビィカウンター","重反击"
"武技","17","鉄球技","铁球技","1282","鉄球撃","铁球击"
"武技","17","鉄球技","铁球技","1283","鉄球火炎撃","铁球火焰击"
"武技","17","鉄球技","铁球技","1284","鉄球氷柱撃","铁球冰柱击"
"武技","17","鉄球技","铁球技","1285","鉄球雷電撃","铁球雷电击"
"武技","17","鉄球技","铁球技","1286","触手殺し","触手杀手"
"武技","17","鉄球技","铁球技","1287","キルスキュラ","杀斯库拉"
"武技","17","鉄球技","铁球技","1288","ヘビィスパイラル","重螺旋"
"武技","17","鉄球技","铁球技","1289","チェインドライブ","链猛击"
"武技","17","鉄球技","铁球技","1290","グランドドライブ","地面猛击"
"武技","17","鉄球技","铁球技","1291","天罰の鉄球","天罚的铁球"
"武技","17","鉄球技","铁球技","1292","鎖舞","锁舞"
"武技","17","鉄球技","铁球技","1293","デッドリーメイス","致命锤矛"
"武技","17","鉄球技","铁球技","1294","ウェイトキャノン","超重加农炮"
"武技","17","鉄球技","铁球技","1295","クリティカルアーク","致命弧线"
"武技","17","鉄球技","铁球技","1296","ウロボロス","衔尾蛇"
"武技","17","鉄球技","铁球技","1297","鉄球剛乱舞","铁球刚乱舞"
"武技","17","鉄球技","铁球技","1298","クロスメイデン","十字少女"
"武技","17","鉄球技","铁球技","1299","神楽乱陣","神乐乱阵"
"武技","17","鉄球技","铁球技","1300","レイジングバースト","狂怒爆发"
"武技","17","鉄球技","铁球技","1301","破壊の一撃","破坏的一击"
"武技","17","鉄球技","铁球技","1302","五星滅球撃","五星灭球击"
"武技","17","鉄球技","铁球技","1303","テラフォーミング","大地重塑"
"武技","17","鉄球技","铁球技","1304","ウロボロスアーク","衔尾蛇之弧"
"武技","17","鉄球技","铁球技","1305","巨星崩壊","巨星崩坏"
"武技","17","鉄球技","铁球技","1306","エデンズヘブン","伊甸天堂"
"武技","18","扇技","","1309","重ね扇","重叠扇"
"武技","18","扇技","","1310","飛翔扇","飞翔扇"
"武技","18","扇技","","1311","真空扇","真空扇"
"武技","18","扇技","","1312","狐月扇",""
"武技","18","扇技","","1313","狐月乱閃","狐月乱闪"
"武技","18","扇技","","1314","扇舞",""
"武技","18","扇技","","1315","扇嵐","扇岚"
"武技","18","扇技","","1316","花鳥風月","花鸟风月"
"武技","18","扇技","","1317","疾風扇","疾风扇"
"武技","18","扇技","","1318","天空扇","天空扇"
"武技","18","扇技","","1319","波扇",""
"武技","18","扇技","","1320","海神扇",""
"武技","18","扇技","","1321","濁流扇","浊流扇"
"武技","18","扇技","","1322","激流扇",""
"武技","18","扇技","","1323","雪扇",""
"武技","18","扇技","","1324","氷舞扇","冰舞扇"
"武技","18","扇技","","1325","感電扇","感电扇"
"武技","18","扇技","","1326","召雷扇",""
"武技","18","扇技","","1327","呪怨扇","咒怨扇"
"武技","18","扇技","","1328","落葉の舞い","落叶之舞"
"武技","18","扇技","","1329","九絶胡蝶扇","九绝胡蝶扇"
"武技","18","扇技","","1330","昇天姫扇","升天姬扇"
"武技","18","扇技","","1331","銀河連扇","银河连扇"
"武技","18","扇技","","1332","ブライドハート","新娘之心"
"武技","18","扇技","","1333","零尾虚空扇",""
"武技","18","扇技","","1334","蒼天乱扇","苍天乱扇"
"武技","18","扇技","","1335","海神竜宮扇","海神龙宫扇"
"武技","18","扇技","","9137","外なる神の扇","外神之扇"
"武技","18","扇技","","9138","フェニックスレイ","凤凰射线"
"武技","18","扇技","","9139","九星闇扇","九星暗扇"
"武技","19","銃技","铳技","1338","双弾","双弹"
"武技","19","銃技","铳技","1339","全体射撃","全体射击"
"武技","19","銃技","铳技","1340","集中射撃","集中射击"
"武技","19","銃技","铳技","1341","散弾","散弹"
"武技","19","銃技","铳技","1342","跳弾","跳弹"
"武技","19","銃技","铳技","1343","鳥殺弾","鸟杀弹"
"武技","19","銃技","铳技","1344","淫滅弾","淫灭弹"
"武技","19","銃技","铳技","1345","銀の弾丸","银弹"
"武技","19","銃技","铳技","1346","滅屍の弾丸","灭尸弹"
"武技","19","銃技","铳技","1347","猛毒の螺旋弾","猛毒螺旋弹"
"武技","19","銃技","铳技","1348","幻獣弾","幻兽弹"
"武技","19","銃技","铳技","1349","陰陽弾","阴阳弹"
"武技","19","銃技","铳技","1350","フルガトリング","全弹加特林"
"武技","19","銃技","铳技","1351","ショックウェイブ","电击波"
"武技","19","銃技","铳技","1352","アトミックレイ","原子射线"
"武技","19","銃技","铳技","1353","セントローズ","圣之蔷薇花"
"武技","19","銃技","铳技","1354","ブラックダリア","黑之大丽花"
"武技","19","銃技","铳技","1355","ダンシングフレア","舞动之焰"
"武技","19","銃技","铳技","1356","メギドバースト","毁灭水爆弹"
"武技","19","銃技","铳技","1357","ホーリーデスペラード","神圣亡命徒"
"武技","19","銃技","铳技","1358","シャドウデスペラード","暗影亡命徒"
"武技","19","銃技","铳技","1359","シャイニングローズ","闪耀蔷薇花"
"武技","19","銃技","铳技","1360","ダークネスダリア","暗黑大丽花"
"武技","19","銃技","铳技","1361","報復","报复"
"武技","19","銃技","铳技","1362","仁義","仁义"
"武技","19","銃技","铳技","1363","暗殺","暗杀"
"武技","19","銃技","铳技","1364","制裁",""
"武技","19","銃技","铳技","1365","粛正","肃正"
"武技","19","銃技","铳技","1366","悪の華","恶之华"
"武技","19","銃技","铳技","1367","回復弾","恢复弹"
"武技","19","銃技","铳技","1368","回復弾乱射","恢复弹乱射"
"武技","19","銃技","铳技","4340","ボス回復：回復弾",""
"武技","19","銃技","铳技","4341","ボス回復：回復弾乱射",""
"武技","19","銃技","铳技","8792","反撃：エクセリオン・クリア",""
"武技","19","銃技","铳技","9143","カオスデスペラード","混沌亡命徒"
"武技","19","銃技","铳技","9144","魔弾乱舞","魔弹乱舞"
"武技","19","銃技","铳技","9145","エクセリオン","火凤凰"
"武技","19","銃技","铳技","9146","サンズブラッド","三途血"
"武技","19","銃技","铳技","9147","跳弾乱舞","跳弹乱舞"
"武技","19","銃技","铳技","9148","白と黒の華","白与黑的华"
"武技","19","銃技","铳技","9149","至高の魔弾","至高的魔弹"
"武技","19","銃技","铳技","9150","メギドブラッド","终末血弹"
"武技","19","銃技","铳技","9151","メギドラグーン","黑龙弹舞"
"武技","19","銃技","铳技","9152","相殺の弾幕","相消的弹幕"
"武技","20","多武器技","","1374","ミックスゲイズ","混合迷阵"
"武技","20","多武器技","","1375","アームドストーム","武装风暴"
"武技","20","多武器技","","1376","ワイドスマッシュ","广域粉碎"
"武技","20","多武器技","","1377","クレイジータイム","疯狂时刻"
"武技","20","多武器技","","1378","木っ端微塵斬り","粉碎斩"
"武技","20","多武器技","","1379","八手連斬","八手连斩"
"武技","20","多武器技","","1380","四刀微塵重ね","四刀粉碎重叠"
"武技","20","多武器技","","1381","ツインオプティック","双重视觉"
"武技","20","多武器技","","1382","アームドインフェルノ","武装炼狱"
"武技","20","多武器技","","1383","アサルトランタイム","突击时刻"
"武技","20","多武器技","","1384","プララヤ","普拉拉亚"
"武技","20","多武器技","","1385","ピナーカ","皮纳卡"
"武技","20","多武器技","","1386","燕返し八連","燕返八连"
"武技","20","多武器技","","1387","サウザンドブレイド","千刃"
"武技","20","多武器技","","1388","クィーンフルアームズ","女王之臂"
"武技","20","多武器技","","1389","無限重旺斬","无限重旺斩"
"武技","20","多武器技","","1390","マキシマムランタイム","极限时刻"
"武技","20","多武器技","","1391","でたらめ斬り","胡乱斩"
"武技","20","多武器技","","1392","盲刃嵐","盲刃风暴"
"武技","20","多武器技","","1393","セカンドシフト","第二形态"
"武技","20","多武器技","","1394","サードシフト","第三形态"
"武技","20","多武器技","","1395","禍津滅牟","祸津灭牟"
"武技","20","多武器技","","1396","剣殺し","剑杀"
"武技","20","多武器技","","1397","破滅の祭典","破灭的祭典"
"武技","21","格闘","格斗","1400","足払い","扫堂腿"
"武技","21","格闘","格斗","1401","飛び膝蹴り","飞膝踢"
"武技","21","格闘","格斗","1402","回し蹴り","回旋踢"
"武技","21","格闘","格斗","1403","秘孔",""
"武技","21","格闘","格斗","1404","秘孔乱打",""
"武技","21","格闘","格斗","1405","正拳突き","正拳突刺"
"武技","21","格闘","格斗","1406","羅刹掌","罗刹掌"
"武技","21","格闘","格斗","1407","爆裂拳",""
"武技","21","格闘","格斗","1408","電塵連脚","电尘连脚"
"武技","21","格闘","格斗","1409","炎舞三連撃","炎舞三连击"
"武技","21","格闘","格斗","1410","氷拳乱雹撃","冰拳乱雹击"
"武技","21","格闘","格斗","1411","雷神喝撃","雷神喝击"
"武技","21","格闘","格斗","1412","真空波動掌","真空波动掌"
"武技","21","格闘","格斗","1413","土刻金剛拳","土刻金刚拳"
"武技","21","格闘","格斗","1414","波断水裂蹴",""
"武技","21","格闘","格斗","1415","金剛神掌","金刚神掌"
"武技","21","格闘","格斗","1416","神の鉄拳","神之铁拳"
"武技","21","格闘","格斗","1417","爆炎拳",""
"武技","21","格闘","格斗","1418","ドレインキラー","吸取杀手"
"武技","21","格闘","格斗","1419","ネコキック","猫踢"
"武技","21","格闘","格斗","1420","ネコスラッシュ","猫斩"
"武技","21","格闘","格斗","1421","ストレイキャット","流浪猫"
"武技","21","格闘","格斗","1422","武神乱爪",""
"武技","21","格闘","格斗","1423","三連蜂撃","三连蜂击"
"武技","21","格闘","格斗","1424","蜂腕大乱舞",""
"武技","21","格闘","格斗","1425","聖光裂閃撃","圣光裂闪击"
"武技","21","格闘","格斗","1426","暗黒連衝拳","暗黑连冲拳"
"武技","21","格闘","格斗","1427","四天光掌",""
"武技","21","格闘","格斗","1428","四星滅功","四星灭功"
"武技","21","格闘","格斗","1429","烈気光掌","烈气光掌"
"武技","21","格闘","格斗","1430","瞬獄殺","瞬狱杀"
"武技","21","格闘","格斗","1431","エレメントフィニッシュ","元素终结"
"武技","21","格闘","格斗","1432","黒炎十六掌","黑炎十六掌"
"武技","21","格闘","格斗","1433","当て身光掌","反击光掌"
"武技","21","格闘","格斗","1434","発動：当て身光掌",""
"武技","21","格闘","格斗","1435","金剛八連拳","金刚八连拳"
"武技","21","格闘","格斗","1436","紅蓮大拳舞","红莲大拳舞"
"武技","21","格闘","格斗","1437","サキュバスビンタ","魅魔掌"
"武技","21","格闘","格斗","1438","ラッシュビンタ","连击掌"
"武技","21","格闘","格斗","1439","魔掌・乳搾り","魔掌・榨乳"
"武技","21","格闘","格斗","1440","魔掌・失禁の誘い","魔掌・失禁的诱惑"
"武技","21","格闘","格斗","1441","総閃撫","总闪抚"
"武技","21","格闘","格斗","1442","瞬迅乱撫","瞬迅乱抚"
"武技","21","格闘","格斗","1443","古式淫闘法・蛇嫐","古式淫斗法・蛇嫐"
"武技","21","格闘","格斗","1444","古式淫闘法・瀉葬","古式淫斗法・瀉葬"
"武技","21","格闘","格斗","1445","古式淫闘法・虚快虚楽","古式淫斗法・虚快虚乐"
"武技","21","格闘","格斗","1446","チャクラ","查克拉"
"武技","21","格闘","格斗","1447","拡散チャクラ","扩散查克拉"
"武技","21","格闘","格斗","1448","裏チャクラ","里查克拉"
"武技","21","格闘","格斗","1449","究極チャクラ","究极查克拉"
"武技","21","格闘","格斗","1450","蘇生","复活"
"武技","21","格闘","格斗","1451","裏蘇生","里复活"
"武技","21","格闘","格斗","1452","三魔の拳","三魔之拳"
"武技","21","格闘","格斗","1453","四精の拳","四精之拳"
"武技","21","格闘","格斗","1454","聖魔の拳","圣魔之拳"
"武技","21","格闘","格斗","1455","後手の格闘王","后手格斗王"
"武技","21","格闘","格斗","1456","不浄撃滅の構え","不净击灭之构"
"武技","21","格闘","格斗","4342","ボス回復：チャクラ",""
"武技","21","格闘","格斗","4343","ボス回復：拡散チャクラ",""
"武技","21","格闘","格斗","4344","ボス回復：究極チャクラ",""
"武技","21","格闘","格斗","5804","夢くずし","破梦"
"武技","21","格闘","格斗","5805","クロスカウンター","交叉反击"
"武技","21","格闘","格斗","5806","反撃：クロスカウンター",""
"武技","21","格闘","格斗","5833","マギ・ユナイト","玛吉・尤奈特"
"武技","21","格闘","格斗","5887","逆切れ","反击斩杀"
"武技","21","格闘","格斗","5888","発動：逆切れ",""
"武技","21","格闘","格斗","5901","覇界の拳","霸界之拳"
"武技","21","格闘","格斗","8862","発動：おっぱいビンタ",""
"武技","21","格闘","格斗","9156","零拳",""
"武技","21","格闘","格斗","9157","電塵乱皇脚","电尘乱皇脚"
"武技","21","格闘","格斗","9158","破邪顕正","破邪显正"
"武技","21","格闘","格斗","9159","真・瞬獄殺","真・瞬狱杀"
"武技","21","格闘","格斗","9160","バステトオルギア","芭丝特狂欢"
"武技","21","格闘","格斗","9161","神竜乱掌","神龙乱掌"
"武技","21","格闘","格斗","9162","神蟲大乱拳","神虫大乱拳"
"武技","21","格闘","格斗","9163","破滅の鉄槌","破灭之铁锤"
"武技","21","格闘","格斗","9164","修羅爆裂拳","修罗爆裂拳"
"武技","21","格闘","格斗","9165","聖天轟裂撃","圣天轰裂击"
"武技","21","格闘","格斗","9166","魔天冥煌撃","魔天冥煌击"
"武技","21","格闘","格斗","9167","覆滅陰陽掌","覆灭阴阳掌"
"武技","21","格闘","格斗","9168","神閃・猫撫","神闪・猫抚"
"武技","21","格闘","格斗","9169","九星覇影弾","九星霸影弹"
"武技","21","格闘","格斗","9170","那由他乱舞",""
"武技","21","格闘","格斗","9171","アトミックインパクト","原子冲击"
"武技","21","格闘","格斗","9172","炎拳氷巴","炎拳冰巴"
"武技","21","格闘","格斗","9173","天地開闢拳","天地开辟拳"
"武技","21","格闘","格斗","9174","メギドハーロット","破灭淫娼"
"魔法","22","白魔法","","1460","ヒール","治愈"
"魔法","22","白魔法","","1461","メガヒール","大治愈"
"魔法","22","白魔法","","1462","オールヒール","全体治愈"
"魔法","22","白魔法","","1463","オールメガヒール","全体大治愈"
"魔法","22","白魔法","","1464","キュア","愈疗"
"魔法","22","白魔法","","1465","オールキュア","全体愈疗"
"魔法","22","白魔法","","1466","レイズ","复活"
"魔法","22","白魔法","","1467","メガレイズ","大复活"
"魔法","22","白魔法","","1468","オールメガレイズ","全体大复活"
"魔法","22","白魔法","","1469","ホーリーアロー","神圣之箭"
"魔法","22","白魔法","","1470","ニルヴァーナ","涅槃"
"魔法","22","白魔法","","1471","マヒール","逆愈"
"魔法","22","白魔法","","1472","オールマヒール","全体逆愈"
"魔法","22","白魔法","","1473","ヘブン","天堂"
"魔法","22","白魔法","","1474","オールヘブン","全体天堂"
"魔法","22","白魔法","","1475","アタック","攻击"
"魔法","22","白魔法","","1476","マジック","魔法"
"魔法","22","白魔法","","1477","ガード","防御"
"魔法","22","白魔法","","1478","マインド","精神"
"魔法","22","白魔法","","1479","テクニック","技巧"
"魔法","22","白魔法","","1480","オールアタック","全体攻击"
"魔法","22","白魔法","","1481","オールマジック","全体魔法"
"魔法","22","白魔法","","1482","オールガード","全体防御"
"魔法","22","白魔法","","1483","オールマインド","全体精神"
"魔法","22","白魔法","","1484","オールテクニック","全体技巧"
"魔法","22","白魔法","","1485","ジルオール","全体强化"
"魔法","22","白魔法","","1486","マジックカーテン","魔法帷幕"
"魔法","22","白魔法","","1487","マジックウォール","魔法墙"
"魔法","22","白魔法","","1488","アクアペンタゴン","水之五边形"
"魔法","22","白魔法","","1489","キャンセル","取消"
"魔法","22","白魔法","","1490","オールキャンセル","全体取消"
"魔法","22","白魔法","","1491","マジックリフレクト","魔法反射"
"魔法","22","白魔法","","1492","クリア","清除"
"魔法","22","白魔法","","1493","オールクリア","全体清除"
"魔法","22","白魔法","","4345","ボス回復：ヒール",""
"魔法","22","白魔法","","4346","ボス回復：メガヒール",""
"魔法","22","白魔法","","4347","ボス回復：オールヒール",""
"魔法","22","白魔法","","4348","ボス回復：オールメガヒール",""
"魔法","22","白魔法","","4349","ボス回復：ディレイヒーリング",""
"魔法","22","白魔法","","5772","ロギン","洛金"
"魔法","22","白魔法","","5773","ファル・ロギン","法尔・洛金"
"魔法","22","白魔法","","5774","アルスイーサ","阿尔斯伊萨"
"魔法","22","白魔法","","5775","リスティル","利斯提尔"
"魔法","22","白魔法","","5776","グリマギルデ","格里马吉尔德"
"魔法","22","白魔法","","5779","イーサグン","伊萨根"
"魔法","22","白魔法","","5780","イーサフニ","伊萨夫尼"
"魔法","22","白魔法","","5783","イリスペタル","伊莉丝佩塔尔"
"魔法","22","白魔法","","5784","エルダブルム","艾尔达布鲁姆"
"魔法","22","白魔法","","5785","ネリネブルム","内里内布鲁姆"
"魔法","22","白魔法","","5786","サフラブルム","萨弗拉布鲁姆"
"魔法","22","白魔法","","5897","アビスヘブン","深渊天堂"
"魔法","22","白魔法","","8793","支援：杖用祈り",""
"魔法","22","白魔法","","8881","強化：ラピッドヒール",""
"魔法","22","白魔法","","8882","強化：ディレイヒール",""
"魔法","22","白魔法","","9178","ラピッドヒール","快速治愈"
"魔法","22","白魔法","","9179","ディレイヒール","延迟治愈"
"魔法","22","白魔法","","9180","コスモヒール","宇宙治愈"
"魔法","22","白魔法","","9181","発動：コスモヒール",""
"魔法","22","白魔法","","9182","ハイレイズ","高级复活"
"魔法","22","白魔法","","9183","リレイズ","重生"
"魔法","22","白魔法","","9184","ブレイブ","勇气"
"魔法","22","白魔法","","9185","エターナル","永恒"
"魔法","22","白魔法","","9186","マグニフィセントワン","壮丽一击"
"魔法","22","白魔法","","9187","アヴェマリア","圣母颂"
"魔法","22","白魔法","","9188","リリーマルレーン","莉莉玛莲"
"魔法","22","白魔法","","9189","オーバーマヒール","超逆愈"
"魔法","22","白魔法","","9190","オーバーヘブン","超天堂"
"魔法","22","白魔法","","10001","オーバーヒール","超治愈"
"魔法","22","白魔法","","10002","オーバーキュア","超愈疗"
"魔法","22","白魔法","","10003","アンチェインド","解缚"
"魔法","22","白魔法","","10004","オーバーレイズ","超复活"
"魔法","22","白魔法","","10005","オールリレイズ","全体重生"
"魔法","22","白魔法","","10006","オールブレイブ","全体勇气"
"魔法","22","白魔法","","10007","オーバージルオール","超全体强化"
"魔法","22","白魔法","","10008","救世の念","救世之念"
"魔法","23","黒魔法","黑魔法","1496","ファイア","火焰"
"魔法","23","黒魔法","黑魔法","1497","メガファイア","大火焰"
"魔法","23","黒魔法","黑魔法","1498","ファイアテンペスト","火焰烈风"
"魔法","23","黒魔法","黑魔法","1499","ブレイズ","烈焰"
"魔法","23","黒魔法","黑魔法","1500","オメガブレイズ","欧米伽烈焰"
"魔法","23","黒魔法","黑魔法","1501","プロミネンス","日珥"
"魔法","23","黒魔法","黑魔法","1502","ブリザード","暴雪"
"魔法","23","黒魔法","黑魔法","1503","メガブリザード","大暴雪"
"魔法","23","黒魔法","黑魔法","1504","ブリザードストーム","暴风雪"
"魔法","23","黒魔法","黑魔法","1505","フロスト","霜冻"
"魔法","23","黒魔法","黑魔法","1506","シグマフロスト","西格玛霜冻"
"魔法","23","黒魔法","黑魔法","1507","アイスエイジ","冰河世纪"
"魔法","23","黒魔法","黑魔法","1508","サンダー","雷电"
"魔法","23","黒魔法","黑魔法","1509","メガサンダー","大雷电"
"魔法","23","黒魔法","黑魔法","1510","サンダーハリケーン","雷电飓风"
"魔法","23","黒魔法","黑魔法","1511","スパーク","火花"
"魔法","23","黒魔法","黑魔法","1512","ラムダスパーク","拉姆达火花"
"魔法","23","黒魔法","黑魔法","1513","ライトニング","闪电"
"魔法","23","黒魔法","黑魔法","1514","ウィンド","疾风"
"魔法","23","黒魔法","黑魔法","1515","エアロ","空气"
"魔法","23","黒魔法","黑魔法","1516","デルタエアロ","德尔塔空气"
"魔法","23","黒魔法","黑魔法","1517","アース","大地"
"魔法","23","黒魔法","黑魔法","1518","クェイク","地震"
"魔法","23","黒魔法","黑魔法","1519","ゼータクェイク","泽塔地震"
"魔法","23","黒魔法","黑魔法","1520","ウォーター","水流"
"魔法","23","黒魔法","黑魔法","1521","ウェイブ","波浪"
"魔法","23","黒魔法","黑魔法","1522","ガンマウェイブ","伽马波浪"
"魔法","23","黒魔法","黑魔法","1523","カーズ","诅咒"
"魔法","23","黒魔法","黑魔法","1524","ドラゴンフレア","龙焰"
"魔法","23","黒魔法","黑魔法","1525","ドラゴンフレアバースト","龙焰爆发"
"魔法","23","黒魔法","黑魔法","1526","ドラゴングレイズ","龙之狂热"
"魔法","23","黒魔法","黑魔法","1527","カイザーフェニックス","凯撒凤凰"
"魔法","23","黒魔法","黑魔法","1528","フェニックスロンド","凤凰回旋曲"
"魔法","23","黒魔法","黑魔法","1529","ブラックソウル","漆黑之魂"
"魔法","23","黒魔法","黑魔法","1530","ドレイン","吸血"
"魔法","23","黒魔法","黑魔法","1531","マドレイン","吸魔"
"魔法","23","黒魔法","黑魔法","1532","デス","死亡"
"魔法","23","黒魔法","黑魔法","1533","オールデス","全体死亡"
"魔法","23","黒魔法","黑魔法","1534","ポイズン","毒"
"魔法","23","黒魔法","黑魔法","1535","ブラインド","失明"
"魔法","23","黒魔法","黑魔法","1536","サイレンス","沉默"
"魔法","23","黒魔法","黑魔法","1537","コンフューズ","混乱"
"魔法","23","黒魔法","黑魔法","1538","スリープ","睡眠"
"魔法","23","黒魔法","黑魔法","1539","パラライズ","麻痹"
"魔法","23","黒魔法","黑魔法","1540","ミニマムファンタズム","缩小幻象"
"魔法","23","黒魔法","黑魔法","1541","ヒールタイフーン","治愈台风"
"魔法","23","黒魔法","黑魔法","4350","ボス回復：ヒールタイフーン",""
"魔法","23","黒魔法","黑魔法","5777","ファル・ラプチャ","法尔・拉普查"
"魔法","23","黒魔法","黑魔法","5778","センシブ","敏感"
"魔法","23","黒魔法","黑魔法","5787","チャーム","魅惑"
"魔法","23","黒魔法","黑魔法","5788","シャイニングレイジ","闪耀愤怒"
"魔法","23","黒魔法","黑魔法","5798","ヒーローキリング","英雄杀手"
"魔法","23","黒魔法","黑魔法","5799","メテオエクリプス","流星日食"
"魔法","23","黒魔法","黑魔法","5800","ワールドブレイカー","世界破坏者"
"魔法","23","黒魔法","黑魔法","5814","エル・ピリオド","魔光・净"
"魔法","23","黒魔法","黑魔法","5815","ホットリミット","限制解除"
"魔法","23","黒魔法","黑魔法","5816","クールカーム","冷静精神"
"魔法","23","黒魔法","黑魔法","5817","シルフストーム","希尔芙风暴"
"魔法","23","黒魔法","黑魔法","5818","ボルテクステップ","疾电步伐"
"魔法","23","黒魔法","黑魔法","5819","ヘル・ブレイク","地狱之躯"
"魔法","23","黒魔法","黑魔法","5820","フローズン","冰封"
"魔法","23","黒魔法","黑魔法","5823","シルフトリック","希尔芙恶作剧"
"魔法","23","黒魔法","黑魔法","5824","ライジング","超载"
"魔法","23","黒魔法","黑魔法","5834","有翼魔の祝福","有翼魔的祝福"
"魔法","23","黒魔法","黑魔法","8845","反撃：女王の雷",""
"魔法","23","黒魔法","黑魔法","9192","ガンマバースト","伽马爆发"
"魔法","23","黒魔法","黑魔法","9193","ガンマテンペスト","伽马烈风"
"魔法","23","黒魔法","黑魔法","9194","クァンタゾーン","量子区域"
"魔法","23","黒魔法","黑魔法","9195","クァンタストーム","量子风暴"
"魔法","23","黒魔法","黑魔法","9196","イオンブラスト","离子冲击"
"魔法","23","黒魔法","黑魔法","9197","イオンハリケーン","离子飓风"
"魔法","23","黒魔法","黑魔法","9198","エクスエアロ","极限空气"
"魔法","23","黒魔法","黑魔法","9199","エメラルドナイト","翡翠之夜"
"魔法","23","黒魔法","黑魔法","9200","エクスクェイク","极限地震"
"魔法","23","黒魔法","黑魔法","9201","アンバーガイア","琥珀盖亚"
"魔法","23","黒魔法","黑魔法","9202","エクスウェイブ","极限波浪"
"魔法","23","黒魔法","黑魔法","9203","ブループラネット","苍蓝行星"
"魔法","23","黒魔法","黑魔法","9204","カオスリバレート","混沌解放"
"魔法","23","黒魔法","黑魔法","9205","トリニティ","三位一体"
"魔法","23","黒魔法","黑魔法","9206","オーバーカーズ","超诅咒"
"魔法","23","黒魔法","黑魔法","9207","アポカリプス","启示录"
"魔法","23","黒魔法","黑魔法","9208","オーバーデス","超死亡"
"魔法","23","黒魔法","黑魔法","9209","アシェンライト","灰光"
"魔法","23","黒魔法","黑魔法","9210","オーバーロード","超负荷"
"魔法","23","黒魔法","黑魔法","9211","ヴァイブ","振动棒"
"魔法","23","黒魔法","黑魔法","9212","ジェル","凝胶"
"魔法","23","黒魔法","黑魔法","9213","バストユニオン","胸部联合"
"魔法","23","黒魔法","黑魔法","9214","グランスアード","媚香地域"
"魔法","23","黒魔法","黑魔法","9215","ナノタイド","纳米潮汐"
"魔法","23","黒魔法","黑魔法","9216","メルティベノン","溶解毒液"
"魔法","23","黒魔法","黑魔法","9217","プレジャーパルス","欢乐脉冲"
"魔法","23","黒魔法","黑魔法","9218","ダークドリーム","黑暗梦境"
"魔法","24","時魔法","时魔法","1547","スロウ","减速"
"魔法","24","時魔法","时魔法","1548","オールスロウ","全体减速"
"魔法","24","時魔法","时魔法","1549","クィック","加速"
"魔法","24","時魔法","时魔法","1550","オールクィック","全体加速"
"魔法","24","時魔法","时魔法","1551","ストップ","停止"
"魔法","24","時魔法","时魔法","1552","オールストップ","全体停止"
"魔法","24","時魔法","时魔法","1553","フォシル","石化"
"魔法","24","時魔法","时魔法","1554","オールフォシル","全体石化"
"魔法","24","時魔法","时魔法","1555","リゾーン","异空间"
"魔法","24","時魔法","时魔法","1556","オールリゾーン","全体异空间"
"魔法","24","時魔法","时魔法","1557","グラビディ","重力"
"魔法","24","時魔法","时魔法","1558","ハイグラビディ","高级重力"
"魔法","24","時魔法","时魔法","1559","コメット","彗星"
"魔法","24","時魔法","时魔法","1560","メテオ","陨石"
"魔法","24","時魔法","时魔法","1561","ブラックホール","黑洞"
"魔法","24","時魔法","时魔法","1562","スーパーノヴァ","超新星"
"魔法","24","時魔法","时魔法","1563","アーク","弧光"
"魔法","24","時魔法","时魔法","1564","カオスタイム","混沌时间"
"魔法","24","時魔法","时魔法","1565","カオスドライブ","混沌驱动"
"魔法","24","時魔法","时魔法","1566","カオスオーバー","混沌终结"
"魔法","24","時魔法","时魔法","1567","カオスクロニクル","混沌编年史"
"魔法","24","時魔法","时魔法","1568","アリスインワンダーランド","爱丽丝梦游仙境"
"魔法","24","時魔法","时魔法","1569","ワープ","传送"
"魔法","24","時魔法","时魔法","1570","テレポート","瞬间移动"
"魔法","24","時魔法","时魔法","4351","ボス回復：リライフ",""
"魔法","24","時魔法","时魔法","5847","時止め","时间停止"
"魔法","24","時魔法","时魔法","9222","オーバースロウ","超减速"
"魔法","24","時魔法","时魔法","9223","オーバークィック","超加速"
"魔法","24","時魔法","时魔法","9224","セカンドアクト","第二幕"
"魔法","24","時魔法","时魔法","9225","リライフ","再生"
"魔法","24","時魔法","时魔法","9226","オーバーグラビディ","超重力"
"魔法","24","時魔法","时魔法","9227","リピートメテオ","重复陨石"
"魔法","24","時魔法","时魔法","9228","コメットレイン","彗星雨"
"魔法","24","時魔法","时魔法","9229","ギガウェイブ","千兆声波"
"魔法","24","時魔法","时魔法","9230","ギャラクシー","银河"
"魔法","24","時魔法","时魔法","9231","カオスコメット","混沌彗星"
"魔法","24","時魔法","时魔法","9232","妖星乱舞",""
"魔法","24","時魔法","时魔法","9233","オーバーアーク","超弧光"
"魔法","24","時魔法","时魔法","9234","サンスフィア","太阳光球"
"魔法","24","時魔法","时魔法","9235","オーバーマインド","超意识"
"魔法","24","時魔法","时魔法","9236","カオスグラビディ","混沌重力"
"魔法","24","時魔法","时魔法","9237","カオスメテオ","混沌陨石"
"魔法","24","時魔法","时魔法","9238","うさぎコメット","兔子彗星"
"魔法","24","時魔法","时魔法","9239","天地崩壊","天地崩坏"
"魔法","24","時魔法","时魔法","9240","ワンダーランド・ナイトメア","仙境・噩梦"
"魔法","25","召喚","召唤术","1576","ゴブリン","哥布林"
"魔法","25","召喚","召唤术","1577","ラミア","拉米亚"
"魔法","25","召喚","召唤术","1578","カーバンクル","卡班克尔"
"魔法","25","召喚","召唤术","1579","スキュラ","斯库拉"
"魔法","25","召喚","召唤术","1580","ラクシュミ","吉祥天女"
"魔法","25","召喚","召唤术","1581","ドラゴン","龙"
"魔法","25","召喚","召唤术","1582","フェニックス","凤凰"
"魔法","25","召喚","召唤术","1583","ペガサス","天马"
"魔法","25","召喚","召唤术","1584","世界樹","世界树"
"魔法","25","召喚","召唤术","1585","シルフ","希尔芙"
"魔法","25","召喚","召唤术","1586","ノーム","诺姆"
"魔法","25","召喚","召唤术","1587","ウンディーネ","温蒂妮"
"魔法","25","召喚","召唤术","1588","サラマンダー","萨拉曼达"
"魔法","25","召喚","召唤术","1589","ジルフィ","吉尔菲"
"魔法","25","召喚","召唤术","1590","ノーマレン","诺玛伦"
"魔法","25","召喚","召唤术","1591","グランディーネ","格兰蒂妮"
"魔法","25","召喚","召唤术","1592","ギガマンドラ","千兆曼德拉"
"魔法","25","召喚","召唤术","1593","神竜","神龙"
"魔法","25","召喚","召唤术","1594","死神",""
"魔法","25","召喚","召唤术","1595","サマエル","萨麦尔"
"魔法","25","召喚","召唤术","1596","ゲイザー","凝视者"
"魔法","25","召喚","召唤术","1597","スィートテンタクル","甜蜜触手"
"魔法","25","召喚","召唤术","1598","カオスプレジャー","混沌欢乐"
"魔法","25","召喚","召唤术","1599","ユニバースワーム","宇宙蠕虫"
"魔法","25","召喚","召唤术","1600","噛み付きアニー","咬人安妮"
"魔法","25","召喚","召唤术","1601","アマゾネスジェーン","亚马逊珍"
"魔法","25","召喚","召唤术","1602","ネクロシェリー","亡灵雪莉"
"魔法","25","召喚","召唤术","1603","乾きのエリザベス","干渴的艾利莎贝"
"魔法","25","召喚","召唤术","1604","身代わりクララ","替身克拉拉"
"魔法","25","召喚","召唤术","1605","腐騎士アレクシア","腐骑士亚莉克希亚"
"魔法","25","召喚","召唤术","1606","絢爛たる屍精姫レイナ","绚烂的尸精姬蕾娜"
"魔法","25","召喚","召唤术","1607","女王ネクロディア","女王涅克洛迪雅"
"魔法","25","召喚","召唤术","1608","大屍軍エリミネア","大尸军艾莉米妮亚"
"魔法","25","召喚","召唤术","1609","取り憑きディアナ","被附身的黛安娜"
"魔法","25","召喚","召唤术","1610","色情霊アンナ","色情灵安娜"
"魔法","25","召喚","召唤术","1611","霊魔導師エリー","灵魔导师艾莉"
"魔法","25","召喚","召唤术","1612","ブラッディーマリー","血腥玛丽"
"魔法","25","召喚","召唤术","1613","幽霊僧侶マリア","幽灵修女玛利亚"
"魔法","25","召喚","召唤术","1614","トモエ御前","巴御前"
"魔法","25","召喚","召唤术","1615","大魔導師グレゴリア","大魔导师格雷戈里亚"
"魔法","25","召喚","召唤术","1616","幽淫婦マージェリー","幽淫妇玛杰莉"
"魔法","25","召喚","召唤术","1617","吸精皇女ヒルダ","吸精皇女希尔达"
"魔法","25","召喚","召唤术","1618","切り裂きエリス","开膛手厄里斯"
"魔法","25","召喚","召唤术","1619","セントメイデン","圣少女"
"魔法","25","召喚","召唤术","1620","騒霊人形","骚灵人偶"
"魔法","25","召喚","召唤术","1621","シャウトマータ","咆哮人偶"
"魔法","25","召喚","召唤术","1622","ラブマータ","爱情人偶"
"魔法","25","召喚","召唤术","1623","ベック・ザ・ビースト","野兽贝克"
"魔法","25","召喚","召唤术","1624","ジャイアントセーラ","巨人莎拉"
"魔法","25","召喚","召唤术","1625","決戦人型兵器アグニ","决战人型兵器阿耆尼"
"魔法","25","召喚","召唤术","1626","快楽人形・雅姫","快乐人偶・雅姬"
"魔法","25","召喚","召唤术","1627","黄泉蜘蛛",""
"魔法","25","召喚","召唤术","1628","魁狐々","魁狐狐"
"魔法","25","召喚","召唤术","1629","蘭天狗","兰天狗"
"魔法","25","召喚","召唤术","1630","マンティコア","狮蝎"
"魔法","25","召喚","召唤术","4352","ボス回復：ラクシュミ",""
"魔法","25","召喚","召唤术","4353","ボス回復：幽霊僧侶マリア",""
"魔法","25","召喚","召唤术","5848","バーゲスト","巴格斯特"
"魔法","25","召喚","召唤术","5849","ランパス","兰帕丝"
"魔法","25","召喚","召唤术","5850","アイアンメイデン","铁处女"
"魔法","25","召喚","召唤术","5851","エンプーサ","恩普萨"
"魔法","25","召喚","召唤术","5852","マザーラビット","妈妈兔"
"魔法","25","召喚","召唤术","5853","ハル＆リズ","春＆莉兹"
"魔法","25","召喚","召唤术","5854","躯",""
"魔法","25","召喚","召唤术","5855","ニーナ","妮娜"
"魔法","25","召喚","召唤术","5856","エコー","回声"
"魔法","25","召喚","召唤术","5857","スフィンクス","斯芬克斯"
"魔法","25","召喚","召唤术","5858","アルケニー","阿尔凯尼"
"魔法","25","召喚","召唤术","5859","ティタノボア","泰坦巨蟒"
"魔法","25","召喚","召唤术","5860","カマソッソ","卡玛佐兹"
"魔法","25","召喚","召唤术","5861","妲己",""
"魔法","25","召喚","召唤术","5918","ランダム：バーゲスト",""
"魔法","25","召喚","召唤术","5919","ランダム：様子を見る",""
"魔法","25","召喚","召唤术","5920","連続用：ニーナ1",""
"魔法","25","召喚","召唤术","5921","連続用：ニーナ2",""
"魔法","25","召喚","召唤术","8684","召喚：スライム娘",""
"魔法","25","召喚","召唤术","8685","召喚：インプ",""
"魔法","25","召喚","召唤术","8686","召喚：マンドラゴラ娘",""
"魔法","25","召喚","召唤术","8687","召喚：ゴブリン娘",""
"魔法","25","召喚","召唤术","8688","召喚：スキュラ",""
"魔法","25","召喚","召唤术","8689","召喚：ラミア",""
"魔法","25","召喚","召唤术","8690","召喚：羊娘",""
"魔法","25","召喚","召唤术","8691","召喚：ハーピー",""
"魔法","25","召喚","召唤术","8692","召喚：銀狐二尾",""
"魔法","25","召喚","召唤术","8693","召喚：ミミック娘",""
"魔法","25","召喚","召唤术","8694","召喚：カニ娘",""
"魔法","25","召喚","召唤术","8695","召喚：ゴースト",""
"魔法","25","召喚","召唤术","8696","召喚：ミノタウロス娘",""
"魔法","25","召喚","召唤术","8697","召喚：ケンタウロス娘",""
"魔法","25","召喚","召唤术","8698","召喚：アルラウネ",""
"魔法","25","召喚","召唤术","8699","召喚：ねこまた",""
"魔法","25","召喚","召唤术","8700","召喚：妖鬼",""
"魔法","25","召喚","召唤术","8701","召喚：セイレーン",""
"魔法","25","召喚","召唤术","8702","召喚：ベヒーモス娘",""
"魔法","25","召喚","召唤术","8703","召喚：前鬼",""
"魔法","25","召喚","召唤术","8704","召喚：後鬼",""
"魔法","25","召喚","召唤术","8705","召喚：アモルラーム",""
"魔法","25","召喚","召唤术","8706","召喚：アモルリーム",""
"魔法","25","召喚","召唤术","8707","召喚：シェスタ",""
"魔法","25","召喚","召唤术","8708","召喚：ライオット",""
"魔法","25","召喚","召唤术","8709","召喚：ルクスル",""
"魔法","25","召喚","召唤术","8710","召喚：ヴァルト",""
"魔法","25","召喚","召唤术","8711","召喚：シニファ",""
"魔法","25","召喚","召唤术","8712","召喚：ツィンケル",""
"魔法","25","召喚","召唤术","8713","召喚：トリロバイト",""
"魔法","25","召喚","召唤术","8714","召喚：アムナリオ",""
"魔法","25","召喚","召唤术","8715","召喚：白兎",""
"魔法","25","召喚","召唤术","8716","召喚：死神",""
"魔法","25","召喚","召唤术","8717","召喚：ヌール・コギト",""
"魔法","25","召喚","召唤术","8718","召喚：黒のアリス",""
"魔法","25","召喚","召唤术","8719","召喚：アンゴルモア",""
"魔法","25","召喚","召唤术","8720","召喚：七つの大罪",""
"魔法","25","召喚","召唤术","8721","召喚：ダークフェニックス",""
"魔法","25","召喚","召唤术","8722","召喚：エキドナ",""
"魔法","25","召喚","召唤术","8723","召喚：マガツオオミカミ",""
"魔法","25","召喚","召唤术","8724","召喚：コスモス",""
"魔法","25","召喚","召唤术","8725","召喚：シンギュラリティ",""
"魔法","25","召喚","召唤术","8726","召喚：名状しがたきもの",""
"魔法","25","召喚","召唤术","8727","召喚：虚竜",""
"魔法","25","召喚","召唤术","8728","召喚：バアル・ゼブブ",""
"魔法","25","召喚","召唤术","8729","召喚：星喰い",""
"魔法","25","召喚","召唤术","8750","連続用：フェニックス",""
"魔法","25","召喚","召唤术","9244","アバドン","亚巴顿"
"魔法","25","召喚","召唤术","9245","メルカヴァ","灵轮"
"魔法","25","召喚","召唤术","9246","正体不明","身份不明"
"魔法","25","召喚","召唤术","9247","アドラメレク","阿德拉梅莱克"
"魔法","25","召喚","召唤术","9248","ソニアマズダ","索尼娅・马兹达"
"魔法","25","召喚","召唤术","9249","ソニアマンユ","索尼娅・曼纽"
"魔法","25","召喚","召唤术","9250","銀河竜","银河龙"
"魔法","25","召喚","召唤术","9251","全てを識る者","全知者"
"魔法","25","召喚","召唤术","9252","魔神",""
"魔法","25","召喚","召唤术","9253","鬼神",""
"魔法","25","召喚","召唤术","9254","女神",""
"魔法","25","召喚","召唤术","9255","次元侵蝕者","次元侵蚀者"
"魔法","25","召喚","召唤术","9256","イザナミ","伊邪那美"
"魔法","25","召喚","召唤术","9257","アメノハヅチ","天羽槌"
"魔法","25","召喚","召唤术","9258","ノーライフキング","无生之王"
"魔法","25","召喚","召唤术","9259","無銘の姉妹","无名姐妹"
"魔法","25","召喚","召唤术","9260","八尺様","八尺大人"
"魔法","25","召喚","召唤术","9261","ワールドドロウン","世界沉没者"
"魔法","25","召喚","召唤术","9262","呪いの人形終異体","诅咒人偶终异体"
"魔法","25","召喚","召唤术","9263","ドーラドーラ","朵拉朵拉"
"魔法","25","召喚","召唤术","9264","デウスエクスマキナ","机械降神"
"魔法","25","召喚","召唤术","9265","ラ・クロワ","拉・克罗瓦"
"魔法","25","召喚","召唤术","9266","マガツカルラ","祸津迦楼罗"
"魔法","26","聖技","圣技","1633","さばきのいかづち","裁决之雷"
"魔法","26","聖技","圣技","1634","天の雷","天雷"
"魔法","26","聖技","圣技","1635","滅魔の雷","灭魔之雷"
"魔法","26","聖技","圣技","1636","聖光波","圣光波"
"魔法","26","聖技","圣技","1637","汚れなき光","无垢之光"
"魔法","26","聖技","圣技","1638","グランドクロス","大十字"
"魔法","26","聖技","圣技","1639","イノセントレーザー","无瑕激光"
"魔法","26","聖技","圣技","1640","イノセントジャッジ","无瑕审判"
"魔法","26","聖技","圣技","1641","ゴールデンハンマー","黄金锤"
"魔法","26","聖技","圣技","1642","天罰","天罚"
"魔法","26","聖技","圣技","1643","魔天回帰","魔天回归"
"魔法","26","聖技","圣技","1644","あけのみょうじょう","璀璨小明星"
"魔法","26","聖技","圣技","1645","発動：あけのみょうじょう",""
"魔法","26","聖技","圣技","1646","クロスハレルヤ","十字圣赞"
"魔法","26","聖技","圣技","1647","ヤルダバオト","亚大伯斯"
"魔法","26","聖技","圣技","1648","カオスメサイア","混沌弥赛亚"
"魔法","26","聖技","圣技","1649","魔神忌光",""
"魔法","26","聖技","圣技","1650","アメイジンググレイス","惊奇恩典"
"魔法","26","聖技","圣技","1651","エンジェルヘア","天使之发"
"魔法","26","聖技","圣技","1652","エンジェルフェザー","天使之羽"
"魔法","26","聖技","圣技","1653","天衣の抱擁","天衣拥抱"
"魔法","26","聖技","圣技","1654","快楽の園","快乐乐园"
"魔法","26","聖技","圣技","1655","パイズリテンプテーション","乳交诱惑"
"魔法","26","聖技","圣技","1656","天淫吸精",""
"魔法","26","聖技","圣技","1657","愛天使の淫欲","爱天使的淫欲"
"魔法","26","聖技","圣技","1658","快楽の十字架","快乐的十字架"
"魔法","26","聖技","圣技","1659","髪に包まれた楽園","被头发包裹的乐园"
"魔法","26","聖技","圣技","1660","聖者の祈り","圣者的祈祷"
"魔法","26","聖技","圣技","1661","聖者の大祈祷","圣者的大祈祷"
"魔法","26","聖技","圣技","1662","聖者の治癒","圣者的治愈"
"魔法","26","聖技","圣技","1663","聖者の奇跡","圣者的奇迹"
"魔法","26","聖技","圣技","1664","聖者の殉教","圣者的殉教"
"魔法","26","聖技","圣技","1665","聖者の守護","圣者的守护"
"魔法","26","聖技","圣技","1666","聖者の自爆","圣者的自爆"
"魔法","26","聖技","圣技","1667","エインヘリアル","英灵战士"
"魔法","26","聖技","圣技","1668","夢幻天舞","梦幻天舞"
"魔法","26","聖技","圣技","1669","堕天舞踏",""
"魔法","26","聖技","圣技","1670","瞑想","冥想"
"魔法","26","聖技","圣技","1671","究極瞑想","究极冥想"
"魔法","26","聖技","圣技","1672","明星無想","明星无想"
"魔法","26","聖技","圣技","4354","ボス回復：聖者の祈り",""
"魔法","26","聖技","圣技","4355","ボス回復：聖者の大祈祷",""
"魔法","26","聖技","圣技","4356","ボス回復：究極の祈祷",""
"魔法","26","聖技","圣技","4357","ボス回復：瞑想",""
"魔法","26","聖技","圣技","4358","ボス回復：究極瞑想",""
"魔法","26","聖技","圣技","4421","アストラル666",""
"魔法","26","聖技","圣技","8864","発動：洗礼の光",""
"魔法","26","聖技","圣技","8916","発動：明星失楽",""
"魔法","26","聖技","圣技","9268","聖天","圣天"
"魔法","26","聖技","圣技","9269","リブラ・レイ","天秤射线"
"魔法","26","聖技","圣技","9270","魔神輝光","魔神辉光"
"魔法","26","聖技","圣技","9271","天軍滅雷","天军灭雷"
"魔法","26","聖技","圣技","9272","聖雷輪舞","圣雷轮舞"
"魔法","26","聖技","圣技","9273","ホーリーフレア","神圣闪焰"
"魔法","26","聖技","圣技","9274","明けの明星","璀璨之明星"
"魔法","26","聖技","圣技","9275","発動：明けの明星",""
"魔法","26","聖技","圣技","9276","アトミックヘブン","原子天堂"
"魔法","26","聖技","圣技","9277","明星塵煌","明星尘煌"
"魔法","26","聖技","圣技","9278","発動：明星塵煌",""
"魔法","26","聖技","圣技","9279","神の洪水","神之洪水"
"魔法","26","聖技","圣技","9280","真・魔神輝光","真・魔神辉光"
"魔法","26","聖技","圣技","9281","裁きの雷","裁决之雷"
"魔法","26","聖技","圣技","9282","ビッグバン","大爆炸"
"魔法","26","聖技","圣技","9283","聖天兎々","圣天兔兔"
"魔法","26","聖技","圣技","9284","アフラ・マズダ","阿胡拉・马兹达"
"魔法","26","聖技","圣技","9285","ジャッジメント","审判"
"魔法","26","聖技","圣技","9286","聖体回帰","圣体回归"
"魔法","26","聖技","圣技","9287","堕天抱夢","堕天抱梦"
"魔法","26","聖技","圣技","9288","歓喜のパトス","欢喜的激情"
"魔法","26","聖技","圣技","9289","究極の祈祷","究极祈祷"
"魔法","26","聖技","圣技","9290","聖者の大自爆","圣者的大自爆"
"魔法","26","聖技","圣技","9291","ガブリエラの大祝福","加百艾拉的大祝福"
"魔法","26","聖技","圣技","9292","ガブリエラの大加護","加百艾拉的大加护"
"魔法","26","聖技","圣技","9293","永劫の祈祷","永劫的祈祷"
"魔法","26","聖技","圣技","10061","光よりの触手","来自光明的触手"
"魔法","27","闇技","暗技","11","暗黒","黑暗"
"魔法","27","闇技","暗技","47","混沌撃","混沌击"
"魔法","27","闇技","暗技","1674","ダークネス","黑暗"
"魔法","27","闇技","暗技","1675","ダークエターナル","黑暗永恒"
"魔法","27","闇技","暗技","1676","魔人炎舞","魔人炎舞"
"魔法","27","闇技","暗技","1677","魔氷葬","魔冰葬"
"魔法","27","闇技","暗技","1678","魔雷塵","魔雷尘"
"魔法","27","闇技","暗技","1679","ダークストリーム","黑暗流"
"魔法","27","闇技","暗技","1680","魔神黒掌","魔神黑掌"
"魔法","27","闇技","暗技","1681","ネクローシス","坏死"
"魔法","27","闇技","暗技","1682","アポトーシス","凋零者"
"魔法","27","闇技","暗技","1683","死んでくれる？",""
"魔法","27","闇技","暗技","1684","魔王の暴虐","魔王的暴虐"
"魔法","27","闇技","暗技","1685","カオスエクリプス","混沌日食"
"魔法","27","闇技","暗技","1686","魔神幻舞",""
"魔法","27","闇技","暗技","1687","ハルマゲドン","哈米吉多顿"
"魔法","27","闇技","暗技","1688","真・魔神黒掌","真・魔神黑掌"
"魔法","27","闇技","暗技","1689","シャドウフレア","暗影闪焰"
"魔法","27","闇技","暗技","1690","永劫の闇","永劫之暗"
"魔法","27","闇技","暗技","1691","真・魔神幻舞",""
"魔法","27","闇技","暗技","1692","裁きの炎","裁决之炎"
"魔法","27","闇技","暗技","1693","ビッグクランチ","大收缩"
"魔法","27","闇技","暗技","1694","アンリ・マンユ","安哥拉・曼纽"
"魔法","27","闇技","暗技","4420","サタニックプレジャー","撒旦尼克宝藏"
"魔法","27","闇技","暗技","5917","発動：六魂幡",""
"魔法","27","闇技","暗技","8844","反撃：カオスリタイド",""
"魔法","27","闇技","暗技","9294","システム：シルフV2",""
"魔法","27","闇技","暗技","9295","ノーム/ガイアGH","诺姆/盖亚GH"
"魔法","27","闇技","暗技","9296","ウンディーネレーザー穿式","温蒂妮激光穿透式"
"魔法","27","闇技","暗技","9297","サラマンダー終式カノン","萨拉曼达终式加农"
"魔法","27","闇技","暗技","9298","ワールドブレイカー","世界破坏者"
"魔法","27","闇技","暗技","9299","ディメント・ナーギ","极乐・狂渊"
"魔法","27","闇技","暗技","9300","ネフィリム・エンデ","拿非利・终焉"
"魔法","27","闇技","暗技","10062","闇よりの触手","来自黑暗的触手"
"魔法","28","魔法剣","魔法剑","1698","魔法剣ファイア","魔法剑---火"
"魔法","28","魔法剣","魔法剑","1699","魔法剣ブリザード","魔法剑---冰"
"魔法","28","魔法剣","魔法剑","1700","魔法剣サンダー","魔法剑---雷"
"魔法","28","魔法剣","魔法剑","1701","魔法剣ウィンド","魔法剑---风"
"魔法","28","魔法剣","魔法剑","1702","魔法剣アース","魔法剑---土"
"魔法","28","魔法剣","魔法剑","1703","魔法剣アクア","魔法剑---水"
"魔法","28","魔法剣","魔法剑","1704","魔法剣ホーリー","魔法剑---圣"
"魔法","28","魔法剣","魔法剑","1705","魔法剣ダーク","魔法剑---暗"
"魔法","28","魔法剣","魔法剑","1706","魔法剣ポイズン","魔法剑---毒"
"魔法","28","魔法剣","魔法剑","1707","魔法剣ブライン","魔法剑---失明"
"魔法","28","魔法剣","魔法剑","1708","魔法剣サイレンス","魔法剑---沉默"
"魔法","28","魔法剣","魔法剑","1709","魔法剣パラライズ","魔法剑---麻痹"
"魔法","28","魔法剣","魔法剑","1710","魔法剣コンフューズ","魔法剑---混乱"
"魔法","28","魔法剣","魔法剑","1711","魔法剣スリープ","魔法剑---睡眠"
"魔法","28","魔法剣","魔法剑","1712","魔法剣デス","魔法剑---死亡"
"魔法","28","魔法剣","魔法剑","1713","魔法剣ヘブン","魔法剑---天堂"
"魔法","28","魔法剣","魔法剑","1714","魔法剣ドレイン","魔法剑---吸血"
"魔法","28","魔法剣","魔法剑","1715","魔法剣マドレイン","魔法剑---吸魔"
"魔法","28","魔法剣","魔法剑","1716","マジックバリア","魔法屏障"
"魔法","28","魔法剣","魔法剑","1717","マジックリフレクト","魔法反射"
"魔法","28","魔法剣","魔法剑","1718","魔法剣カーズ","魔法剑---诅咒"
"魔法","28","魔法剣","魔法剑","1719","魔導スラッシャー","魔导斩杀者"
"魔法","29","陰陽術","阴阳术","1723","陰陽・風暗符","阴阳・风暗符"
"魔法","29","陰陽術","阴阳术","1724","陰陽・土黙符","阴阳・土默符"
"魔法","29","陰陽術","阴阳术","1725","陰陽・水淀符","阴阳・水淀符"
"魔法","29","陰陽術","阴阳术","1726","陰陽・光吸符","阴阳・光吸符"
"魔法","29","陰陽術","阴阳术","1727","陰陽・炎乱唱","阴阳・炎乱唱"
"魔法","29","陰陽術","阴阳术","1728","陰陽・氷夢唱","阴阳・冰梦唱"
"魔法","29","陰陽術","阴阳术","1729","陰陽・雷痺唱","阴阳・雷痹唱"
"魔法","29","陰陽術","阴阳术","1730","陰陽・闇貪唱","阴阳・暗贪唱"
"魔法","29","陰陽術","阴阳术","1731","陰陽・落氷柱","阴阳・落冰柱"
"魔法","29","陰陽術","阴阳术","1732","陰陽・氷弾乱舞","阴阳・冰弹乱舞"
"魔法","29","陰陽術","阴阳术","1733","陰陽・妖乱氷撃","阴阳・妖乱冰击"
"魔法","29","陰陽術","阴阳术","1734","陰陽・狐の嫁入り","阴阳・狐之嫁"
"魔法","29","陰陽術","阴阳术","1735","陰陽・狐嵐","阴阳・狐岚"
"魔法","29","陰陽術","阴阳术","1736","陰陽・朧月夜","阴阳・胧月夜"
"魔法","29","陰陽術","阴阳术","1737","陰陽・騒月","阴阳・骚月"
"魔法","29","陰陽術","阴阳术","1738","陰陽・畏月","阴阳・畏月"
"魔法","29","陰陽術","阴阳术","1739","陰陽・月詠","阴阳・月咏"
"魔法","29","陰陽術","阴阳术","1740","陰陽・魔祓陣","阴阳・魔祓阵"
"魔法","29","陰陽術","阴阳术","1741","発動：陰陽・魔祓陣",""
"魔法","29","陰陽術","阴阳术","1742","陰陽・命活唱","阴阳・命活唱"
"魔法","29","陰陽術","阴阳术","1743","霊禹歩","灵禹步"
"魔法","29","陰陽術","阴阳术","1744","神禹歩","神禹步"
"魔法","29","陰陽術","阴阳术","1745","飛禹歩","飞禹步"
"魔法","29","陰陽術","阴阳术","1746","竜禹歩","龙禹步"
"魔法","29","陰陽術","阴阳术","1747","絶禹歩","绝禹步"
"魔法","29","陰陽術","阴阳术","1748","森羅反転","森罗反转"
"魔法","29","陰陽術","阴阳术","4359","ボス回復：陰陽・命活唱",""
"魔法","29","陰陽術","阴阳术","4360","ボス回復：陰陽・究活唱",""
"魔法","29","陰陽術","阴阳术","5808","黒のやまびこ","黑之回声"
"魔法","29","陰陽術","阴阳术","5809","龍呑み大水","龙吞大水"
"魔法","29","陰陽術","阴阳术","5810","禍ツ鬼火","祸之鬼火"
"魔法","29","陰陽術","阴阳术","5811","呪鬼の檻","咒鬼之笼"
"魔法","29","陰陽術","阴阳术","5812","妖魔殺しの息","妖魔杀之息"
"魔法","29","陰陽術","阴阳术","5813","蕩天の霧","荡天之雾"
"魔法","29","陰陽術","阴阳术","5908","回復外法・ローカル","恢复外法・局部"
"魔法","29","陰陽術","阴阳术","5909","回復外法・グローバル","恢复外法・全局"
"魔法","29","陰陽術","阴阳术","5910","回復外法・ユニバーサル","恢复外法・万象"
"魔法","29","陰陽術","阴阳术","9304","陰陽外行・炎水陣","阴阳外行・炎水阵"
"魔法","29","陰陽術","阴阳术","9305","陰陽外行・氷風陣","阴阳外行・冰风阵"
"魔法","29","陰陽術","阴阳术","9306","陰陽外行・雷土陣","阴阳外行・雷土阵"
"魔法","29","陰陽術","阴阳术","9307","妖陰陽・蒼の極界","妖阴阳・苍之极界"
"魔法","29","陰陽術","阴阳术","9308","陰陽・傾世元禳","阴阳・倾世元禳"
"魔法","29","陰陽術","阴阳术","9309","陰陽外行・万祓陣","阴阳外行・万祓阵"
"魔法","29","陰陽術","阴阳术","9310","発動：陰陽外行・万祓陣",""
"魔法","29","陰陽術","阴阳术","9311","陰陽外行・星ノ諱","阴阳外行・星之讳"
"魔法","29","陰陽術","阴阳术","9312","陰陽外行・天地人","阴阳外行・天地人"
"魔法","29","陰陽術","阴阳术","9313","陰陽極行・神ノ理","阴阳极行・神之理"
"魔法","29","陰陽術","阴阳术","9314","禍津陰陽・禁式","祸津阴阳・禁式"
"魔法","29","陰陽術","阴阳术","9315","陰陽・傾世塵吼","阴阳・倾世尘吼"
"魔法","29","陰陽術","阴阳术","9316","陰陽・究活唱","阴阳・究活唱"
"职技","30","盗賊技","盗贼技","55","素材ぶんどる","抢夺素材"
"职技","30","盗賊技","盗贼技","56","パンツぶんどる","抢夺内裤"
"职技","30","盗賊技","盗贼技","1751","盗む","偷窃"
"职技","30","盗賊技","盗贼技","1752","ダブル盗む","双重偷窃"
"职技","30","盗賊技","盗贼技","1753","乱れ盗む","胡乱偷窃"
"职技","30","盗賊技","盗贼技","1754","全体盗む","全体偷窃"
"职技","30","盗賊技","盗贼技","1755","ぶんどる","抢夺"
"职技","30","盗賊技","盗贼技","1756","食べ物を盗む","偷窃食物"
"职技","30","盗賊技","盗贼技","1757","素材を盗む","偷窃素材"
"职技","30","盗賊技","盗贼技","1758","心を盗む","偷窃心灵"
"职技","30","盗賊技","盗贼技","1759","ステータスを盗む","偷窃状态"
"职技","30","盗賊技","盗贼技","1760","HPを盗む","偷窃HP"
"职技","30","盗賊技","盗贼技","1761","MPを盗む","偷窃MP"
"职技","30","盗賊技","盗贼技","1762","SPを盗む","偷窃SP"
"职技","30","盗賊技","盗贼技","1763","盗賊の証","盗贼的证明"
"职技","30","盗賊技","盗贼技","1764","とんずら","逃跑"
"职技","30","盗賊技","盗贼技","1765","絶対盗む","绝对偷窃"
"职技","30","盗賊技","盗贼技","1766","真・盗賊の証","真・盗贼的证明"
"职技","31","忍術","忍术","1778","忍法・火遁",""
"职技","31","忍術","忍术","1779","忍法・水遁",""
"职技","31","忍術","忍术","1780","忍法・雷迅",""
"职技","31","忍術","忍术","1781","忍法・風車","忍法・风车"
"职技","31","忍術","忍术","1782","忍法・土崩",""
"职技","31","忍術","忍术","1783","忍法・氷竜","忍法・冰龙"
"职技","31","忍術","忍术","1784","忍法・毒嵐","忍法・毒岚"
"职技","31","忍術","忍术","1785","忍法・影縫い","忍法・影缝"
"职技","31","忍術","忍术","1786","忍法・散り桜","忍法・散樱"
"职技","31","忍術","忍术","1787","忍奥義・火遁焔舞","忍奥义・火遁焰舞"
"职技","31","忍術","忍术","1788","忍奥義・水遁豪流","忍奥义・水遁豪流"
"职技","31","忍術","忍术","1789","忍奥義・雷迅白夜","忍奥义・雷迅白夜"
"职技","31","忍術","忍术","1790","忍奥義・瞬影殺","忍奥义・瞬影杀"
"职技","31","忍術","忍术","1791","忍奥義・闇裂","忍奥义・暗裂"
"职技","31","忍術","忍术","1792","忍奥義・五行烈風陣","忍奥义・五行烈风阵"
"职技","31","忍術","忍术","1793","忍奥義・乱れ螺旋殺","忍奥义・乱螺旋杀"
"职技","31","忍術","忍术","1794","狐忍法・ぐるぐる車輪","狐忍法・转啊转车轮"
"职技","31","忍術","忍术","1795","狐忍法・回転鬼火","狐忍法・旋转鬼火"
"职技","31","忍術","忍术","1796","狐忍法・轟炎輪","狐忍法・轰炎轮"
"职技","31","忍術","忍术","1797","禁術・三華散夜","禁术・三华散夜"
"职技","31","忍術","忍术","1798","禁術・九尾烈葬","禁术・九尾烈葬"
"职技","31","忍術","忍术","1799","虚術・火遁爆熱","虚术・火遁爆热"
"职技","31","忍術","忍术","1800","淫技・乱れ魔蜘蛛","淫技・乱魔蜘蛛"
"职技","31","忍術","忍术","1801","淫技・夜の大蛇","淫技・夜之大蛇"
"职技","31","忍術","忍术","1802","淫技・乳包楽","淫技・乳包乐"
"职技","31","忍術","忍术","1803","淫技・足舞",""
"职技","31","忍術","忍术","1804","絶技・筒涸らし","绝技・筒涸"
"职技","31","忍術","忍术","1805","忍法・癒波","忍法・愈波"
"职技","31","忍術","忍术","1806","忍法・分身の術","忍法・分身之术"
"职技","31","忍術","忍术","1807","忍法・煙幕隠れ","忍法・烟幕隐匿"
"职技","31","忍術","忍术","1808","忍法・くのいちの極み","忍法・女忍的极致"
"职技","31","忍術","忍术","1809","忍法・やまびこの術","忍法・回声之术"
"职技","31","忍術","忍术","1810","忍奥義・古術封じ","忍奥义・古术封印"
"职技","31","忍術","忍术","4361","ボス回復：忍法・癒波",""
"职技","31","忍術","忍术","9320","虚術・水遁瀑布","虚术・水遁瀑布"
"职技","31","忍術","忍术","9321","虚術・雷迅閃光","虚术・雷迅闪光"
"职技","31","忍術","忍术","9322","虚術・葬星","虚术・葬星"
"职技","31","忍術","忍术","9323","禁術・零尾の虚郭","禁术・零尾的虚郭"
"职技","31","忍術","忍术","9324","禁術・雷迅六閃","禁术・雷迅六闪"
"职技","31","忍術","忍术","9325","虚術・星龍","虚术・星龙"
"职技","31","忍術","忍术","9326","禁術・零夜",""
"职技","31","忍術","忍术","9327","禁術・九十九葬炎","禁术・九十九葬炎"
"职技","31","忍術","忍术","9328","虚術・夢果て","虚术・梦果"
"职技","31","忍術","忍术","9329","虚術・桃源千里","虚术・桃源千里"
"职技","32","海賊技","海贼技","40","支援砲撃","支援炮击"
"职技","32","海賊技","海贼技","41","カイザーフリート","凯撒舰队"
"职技","32","海賊技","海贼技","42","無敵艦隊一斉砲撃","无敌舰队齐射"
"职技","32","海賊技","海贼技","43","人魚大砲","人鱼大炮"
"职技","32","海賊技","海贼技","44","禁断兵器・核熱砲撃","禁断兵灵・核热炮击"
"职技","32","海賊技","海贼技","1813","切り刻み","切割"
"职技","32","海賊技","海贼技","1814","血祭り","血祭"
"职技","32","海賊技","海贼技","1815","海兵流・滝割り","海兵流・瀑割"
"职技","32","海賊技","海贼技","1816","海兵乱舞",""
"职技","32","海賊技","海贼技","1817","メロウスラッシュ","人鱼斩"
"职技","32","海賊技","海贼技","1818","マーメイドハント","人鱼狩猎"
"职技","32","海賊技","海贼技","1819","オーシャンスレイヤー","海洋猎手"
"职技","32","海賊技","海贼技","1820","略奪","掠夺"
"职技","32","海賊技","海贼技","1821","まとめて略奪","全部掠夺"
"职技","32","海賊技","海贼技","1822","凪拳",""
"职技","32","海賊技","海贼技","1823","四連凪刃","四连凪刃"
"职技","32","海賊技","海贼技","1824","水破",""
"职技","32","海賊技","海贼技","1825","四鳴水破","四鸣水破"
"职技","32","海賊技","海贼技","1826","七海覇斬","七海霸斩"
"职技","32","海賊技","海贼技","1827","八艘跳び","八艘跳"
"职技","32","海賊技","海贼技","1828","剛刀・水走り","刚刀・水行走"
"职技","32","海賊技","海贼技","1829","大将剛乱舞","大将刚乱舞"
"职技","32","海賊技","海贼技","1830","ローレライダラー","罗蕾莱金元"
"职技","32","海賊技","海贼技","1831","ハリケーン","飓风"
"职技","32","海賊技","海贼技","1832","コーラルレイン","珊瑚雨"
"职技","32","海賊技","海贼技","1833","支援砲撃","支援炮击"
"职技","32","海賊技","海贼技","1834","カイザーフリート","凯撒舰队"
"职技","32","海賊技","海贼技","1835","無敵艦隊一斉砲撃","无敌舰队齐射"
"职技","32","海賊技","海贼技","1836","人魚大砲","人鱼大炮"
"职技","32","海賊技","海贼技","1837","禁断兵器・核熱砲撃","禁断兵灵・核热炮击"
"职技","32","海賊技","海贼技","1838","海守の刃","海守之刃"
"职技","32","海賊技","海贼技","9333","海凪六閃","海凪六闪"
"职技","32","海賊技","海贼技","9334","真・七海覇斬","真・七海霸斩"
"职技","32","海賊技","海贼技","9335","絶・海皇剛乱舞","绝・海皇刚乱舞"
"职技","32","海賊技","海贼技","9336","破軍八艘跳び","破军八艘跳"
"职技","32","海賊技","海贼技","9337","零下大海嘯","零下大海啸"
"职技","32","海賊技","海贼技","9338","海覇閃旺","海霸闪旺"
"职技","33","ヒーロー技","英雄技","1842","正義のファイヤーパンチ","正义的火拳"
"职技","33","ヒーロー技","英雄技","1843","正義のブリザードナックル","正义的暴雪指虎"
"职技","33","ヒーロー技","英雄技","1844","正義のサンダーキック","正义的雷霆踢"
"职技","33","ヒーロー技","英雄技","1845","ヒーロー乱舞","英雄乱舞"
"职技","33","ヒーロー技","英雄技","1846","カイザーキック","凯撒踢"
"职技","33","ヒーロー技","英雄技","1847","カイザーファイナルソード","凯撒最终剑"
"职技","33","ヒーロー技","英雄技","1848","カイザークライマックスキック","凯撒高潮踢"
"职技","33","ヒーロー技","英雄技","1849","ヒーローガッツ","英雄勇气"
"职技","33","ヒーロー技","英雄技","1850","カイザーリフレイン","凯撒迭歌"
"职技","33","ヒーロー技","英雄技","1851","カイザーバリア","凯撒屏障"
"职技","33","ヒーロー技","英雄技","1852","マジカルスター","魔力之星"
"职技","33","ヒーロー技","英雄技","1853","マジカルオーラ","魔力光环"
"职技","33","ヒーロー技","英雄技","1854","マジカルヒール","魔力治愈"
"职技","33","ヒーロー技","英雄技","1855","円環の理","圆环之理"
"职技","33","ヒーロー技","英雄技","1856","アルティメット円環の理","究极圆环之理"
"职技","33","ヒーロー技","英雄技","1857","エクセルラッシュ","破界突击"
"职技","33","ヒーロー技","英雄技","1858","エクセルジエンド","破界终结"
"职技","33","ヒーロー技","英雄技","1859","エクセルシオール","破界英雄"
"职技","33","ヒーロー技","英雄技","1860","ラブ☆メテオ","爱☆陨石"
"职技","33","ヒーロー技","英雄技","1861","ハドロン☆メテオ","强子☆陨石"
"职技","33","ヒーロー技","英雄技","1862","禍星","祸星"
"职技","33","ヒーロー技","英雄技","1863","カーズウェーブ","诅咒波动"
"职技","33","ヒーロー技","英雄技","1864","ワルプルギスの夜","魔女之夜"
"职技","33","ヒーロー技","英雄技","1865","呪詩","咒诗"
"职技","33","ヒーロー技","英雄技","1866","アルテマ","究极"
"职技","33","ヒーロー技","英雄技","1867","バタフライドリーム","蝴蝶之梦"
"职技","33","ヒーロー技","英雄技","4362","ボス回復：マジカルヒール",""
"职技","34","商技","","1874","銭投げ","投钱"
"职技","34","商技","","1875","超銭投げ","超级投钱"
"职技","34","商技","","1876","最終銭投げ","最终投钱"
"职技","34","商技","","1877","スプラッシュマネー","溅射金钱"
"职技","34","商技","","1878","歩数ダメージ","步数伤害"
"职技","34","商技","","1879","賄賂","贿赂"
"职技","34","商技","","1880","賄賂バラ撒き","行贿撒钱"
"职技","34","商技","","1881","金銭の誘惑","金钱诱惑"
"职技","34","商技","","1882","トレードオフ","交易"
"职技","34","商技","","1883","殴られ得","挨打赚钱"
"职技","34","商技","","1884","マネーウォール","金钱墙"
"职技","34","商技","","1885","生命保険個人加入","个人生命保险"
"职技","34","商技","","1886","生命保険パーティ加入","团队生命保险"
"职技","34","商技","","1887","地獄の沙汰も金次第","有钱能使鬼推磨"
"职技","34","商技","","1888","HP購入","购买HP"
"职技","34","商技","","1889","MP購入","购买MP"
"职技","34","商技","","1890","SP購入","购买SP"
"职技","34","商技","","1891","商品納入","商品交付"
"职技","34","商技","","1892","闇商品納入","黑市商品交付"
"职技","34","商技","","1893","究極納入","究极交付"
"职技","34","商技","","1894","食材納入","食材交付"
"职技","34","商技","","1895","素材納入","素材交付"
"职技","34","商技","","1896","薬草購入","购买药草"
"职技","34","商技","","1897","高級薬草購入","购买高级药草"
"职技","34","商技","","1898","究極薬草購入","购买究极药草"
"职技","34","商技","","1899","霊薬購入","购买灵药"
"职技","34","商技","","1900","エルフの霊薬購入","购买精灵的灵药"
"职技","34","商技","","1901","イリアスの霊薬購入","购买伊莉娅丝的灵药"
"职技","34","商技","","1902","ブーストドリンク購入","购买能量饮料"
"职技","34","商技","","1903","バーストドリンク購入","购买爆发饮料"
"职技","34","商技","","1904","エリクサー購入","购买圣灵药"
"职技","34","商技","","1905","ラストエリクサー購入","购买最终圣灵药"
"职技","34","商技","","1906","フェニックスの尾購入","购买凤凰之尾"
"职技","34","商技","","1907","世界樹の葉購入","购买世界树之叶"
"职技","34","商技","","1908","毒消し草購入","购买解毒草"
"职技","34","商技","","1909","目薬購入","购买眼药水"
"职技","34","商技","","1910","山彦草購入","购买山彦草"
"职技","34","商技","","1911","気付け薬購入","购买提神药"
"职技","34","商技","","1912","満月草購入","购买满月草"
"职技","34","商技","","1913","打ち出の小槌購入","购买万宝槌"
"职技","34","商技","","1914","聖水購入","购买圣水"
"职技","34","商技","","1915","金の針購入","购买金针"
"职技","34","商技","","1916","脱淫薬購入","购买脱淫药"
"职技","34","商技","","1917","万能薬購入","购买万能药"
"职技","34","商技","","1918","馬車","马车"
"职技","34","商技","","1919","レスキュー要請","救援请求"
"职技","34","商技","","9342","神の銭投げ","神之投钱"
"职技","34","商技","","9343","混沌銭投げ","混沌投钱"
"职技","34","商技","","9344","メテオマネー","陨石金钱"
"职技","34","商技","","9345","ギャラクシーマネー","银河金钱"
"职技","34","商技","","9346","秘石納入","秘石交付"
"职技","34","商技","","9347","混沌納入","混沌缴纳"
"职技","34","商技","","9348","混沌薬草購入","购买混沌药草"
"职技","34","商技","","9349","最終薬草購入","购买最终药草"
"职技","34","商技","","9350","カオスの霊薬購入","购买混沌的灵药"
"职技","34","商技","","9351","最後の霊薬購入","购买最终之灵药"
"职技","34","商技","","9352","カオスドリンク購入","购买混沌饮料"
"职技","34","商技","","9353","ファイナルドリンク購入","购买最终饮料"
"职技","34","商技","","9354","不死鳥の魂購入","购买不死鸟之魂"
"职技","34","商技","","9355","グランドエリクシル購入","购买大万能药"
"职技","34","商技","","9356","巨人の秘薬購入","购买巨人的秘药"
"职技","34","商技","","9357","魔神の秘薬購入","购买魔神的秘药"
"职技","34","商技","","9358","賢者の秘薬購入","购买贤者的秘药"
"职技","34","商技","","9359","女神の秘薬購入","购买女神的秘药"
"职技","34","商技","","9360","闘士の秘薬購入","购买斗士的秘药"
"职技","34","商技","","9361","鬼神の秘薬購入","购买鬼神的秘药"
"职技","34","商技","","9362","カンフル購入","购买强心剂"
"职技","34","商技","","9363","ワクチン購入","购买疫苗"
"职技","35","EXアイテム","EX物品","1921","全体化:薬草",""
"职技","35","EXアイテム","EX物品","1922","全体化:高級薬草",""
"职技","35","EXアイテム","EX物品","1923","全体化:究極薬草",""
"职技","35","EXアイテム","EX物品","1924","全体化:霊薬",""
"职技","35","EXアイテム","EX物品","1925","全体化:エルフの霊薬",""
"职技","35","EXアイテム","EX物品","1926","全体化:イリアスの霊薬",""
"职技","35","EXアイテム","EX物品","1927","全体化:ブーストドリンク",""
"职技","35","EXアイテム","EX物品","1928","全体化:バーストドリンク",""
"职技","35","EXアイテム","EX物品","1929","全体化:エリクサー",""
"职技","35","EXアイテム","EX物品","1930","全体化:フェニックスの尾",""
"职技","35","EXアイテム","EX物品","1931","全体化:世界樹の葉",""
"职技","35","EXアイテム","EX物品","1932","全体化:毒消し草",""
"职技","35","EXアイテム","EX物品","1933","全体化:目薬",""
"职技","35","EXアイテム","EX物品","1934","全体化:山彦草",""
"职技","35","EXアイテム","EX物品","1935","全体化:気付け薬",""
"职技","35","EXアイテム","EX物品","1936","全体化:満月草",""
"职技","35","EXアイテム","EX物品","1937","全体化:打出の小槌",""
"职技","35","EXアイテム","EX物品","1938","全体化:聖水",""
"职技","35","EXアイテム","EX物品","1939","全体化:金の針",""
"职技","35","EXアイテム","EX物品","1940","全体化:脱淫薬",""
"职技","35","EXアイテム","EX物品","1941","全体化:万能薬",""
"职技","35","EXアイテム","EX物品","1942","漸時:薬草",""
"职技","35","EXアイテム","EX物品","1943","漸時:高級薬草",""
"职技","35","EXアイテム","EX物品","1944","漸時:究極薬草",""
"职技","35","EXアイテム","EX物品","1945","漸時:霊薬",""
"职技","35","EXアイテム","EX物品","1946","漸時:エルフの霊薬",""
"职技","35","EXアイテム","EX物品","1947","漸時:イリアスの霊薬",""
"职技","35","EXアイテム","EX物品","1948","漸時:ブーストドリンク",""
"职技","35","EXアイテム","EX物品","1949","漸時:バーストドリンク",""
"职技","35","EXアイテム","EX物品","1950","漸時:エリクサー",""
"职技","35","EXアイテム","EX物品","1951","漸時:ラストエリクサー",""
"职技","35","EXアイテム","EX物品","1952","予防：フェニックスの尾",""
"职技","35","EXアイテム","EX物品","1953","予防：世界樹の葉",""
"职技","35","EXアイテム","EX物品","1954","予防：毒消し草",""
"职技","35","EXアイテム","EX物品","1955","予防：目薬",""
"职技","35","EXアイテム","EX物品","1956","予防：山彦草",""
"职技","35","EXアイテム","EX物品","1957","予防：気付け薬",""
"职技","35","EXアイテム","EX物品","1958","予防：満月草",""
"职技","35","EXアイテム","EX物品","1959","予防：打出の小槌",""
"职技","35","EXアイテム","EX物品","1960","予防：聖水",""
"职技","35","EXアイテム","EX物品","1961","予防：金の針",""
"职技","35","EXアイテム","EX物品","1962","予防：脱淫薬",""
"职技","35","EXアイテム","EX物品","1963","予防：万能薬",""
"职技","35","EXアイテム","EX物品","1964","反転：フェニックスの尾",""
"职技","35","EXアイテム","EX物品","1965","反転：毒消し草",""
"职技","35","EXアイテム","EX物品","1966","反転：目薬",""
"职技","35","EXアイテム","EX物品","1967","反転：山彦草",""
"职技","35","EXアイテム","EX物品","1968","反転：気付け薬",""
"职技","35","EXアイテム","EX物品","1969","反転：満月草",""
"职技","35","EXアイテム","EX物品","1970","反転：打出の小槌",""
"职技","35","EXアイテム","EX物品","1971","反転：聖水",""
"职技","35","EXアイテム","EX物品","1972","反転：金の針",""
"职技","35","EXアイテム","EX物品","1973","反転：脱淫薬",""
"职技","35","EXアイテム","EX物品","1974","反転：万能薬",""
"职技","35","EXアイテム","EX物品","1975","無限使用：炎石",""
"职技","35","EXアイテム","EX物品","1976","無限使用：氷石",""
"职技","35","EXアイテム","EX物品","1977","無限使用：雷石",""
"职技","35","EXアイテム","EX物品","1978","無限使用：風石",""
"职技","35","EXアイテム","EX物品","1979","無限使用：土石",""
"职技","35","EXアイテム","EX物品","1980","無限使用：水石",""
"职技","35","EXアイテム","EX物品","1981","無限使用：聖石",""
"职技","35","EXアイテム","EX物品","1982","無限使用：闇石",""
"职技","35","EXアイテム","EX物品","9367","全体化:混沌薬草",""
"职技","35","EXアイテム","EX物品","9368","全体化:最終薬草",""
"职技","35","EXアイテム","EX物品","9369","全体化:カオスの霊薬",""
"职技","35","EXアイテム","EX物品","9370","全体化:最後の霊薬",""
"职技","35","EXアイテム","EX物品","9371","全体化:カオスドリンク",""
"职技","35","EXアイテム","EX物品","9372","全体化:ファイナルドリンク",""
"职技","36","オラクル","神谕","35","ファーストランダマイザ","初次随机发生器"
"职技","36","オラクル","神谕","1984","カード投げ","卡牌投掷"
"职技","36","オラクル","神谕","1985","バニシングカード","消失卡牌"
"职技","36","オラクル","神谕","1986","スラッシュカード","切割卡牌"
"职技","36","オラクル","神谕","1987","ミリオンカード","百万卡牌"
"职技","36","オラクル","神谕","1988","ジャックポット","累积奖池"
"职技","36","オラクル","神谕","1989","コイントス","抛硬币"
"职技","36","オラクル","神谕","1990","闇の罰ゲーム","暗之惩罚游戏"
"职技","36","オラクル","神谕","1991","死のルーレット","死亡轮盘"
"职技","36","オラクル","神谕","1992","ランダマイザ","随机发生器"
"职技","36","オラクル","神谕","1993","運命のタロット","命运塔罗"
"职技","36","オラクル","神谕","1994","女神の託宣","女神的赐福"
"职技","36","オラクル","神谕","1995","スロット","老虎机"
"职技","36","オラクル","神谕","1996","ポーカー","扑克"
"职技","36","オラクル","神谕","1997","アタックドロー","攻击抽牌"
"职技","36","オラクル","神谕","1998","ヒールドロー","治愈抽牌"
"职技","36","オラクル","神谕","1999","サポートドロー","支援抽牌"
"职技","36","オラクル","神谕","2000","下級ドロー","下级抽牌"
"职技","36","オラクル","神谕","2001","上級ドロー","上级抽牌"
"职技","36","オラクル","神谕","2002","スペードのキング","黑桃K"
"职技","36","オラクル","神谕","2003","クラブのジャック","梅花J"
"职技","36","オラクル","神谕","2004","ダイヤのクイーン","方块Q"
"职技","36","オラクル","神谕","2005","ハートのエース","红桃A"
"职技","36","オラクル","神谕","2006","ジョーカーデス","王牌即死"
"职技","36","オラクル","神谕","2007","シャッフルカード","洗牌"
"职技","36","オラクル","神谕","2008","幸運の星","幸运之星"
"职技","36","オラクル","神谕","2009","ラッキーハンター","幸运猎人"
"职技","36","オラクル","神谕","2010","ずっと俺のターン","一直都是我的回合"
"职技","36","オラクル","神谕","2011","天の贈り物","天赐之礼"
"职技","36","オラクル","神谕","2012","アイテムスロット","物品老虎机"
"职技","36","オラクル","神谕","2013","闇アイテムスロット","黑暗物品老虎机"
"职技","36","オラクル","神谕","2014","秘石スロット","秘石老虎机"
"职技","36","オラクル","神谕","3190","ドロー：ファイアカード",""
"职技","36","オラクル","神谕","3191","ドロー：メガファイアカード",""
"职技","36","オラクル","神谕","3192","ドロー：ブレイズカード",""
"职技","36","オラクル","神谕","3193","ドロー：オメガブレイズカード",""
"职技","36","オラクル","神谕","3194","ドロー：ブリザードカード",""
"职技","36","オラクル","神谕","3195","ドロー：メガブリザードカード",""
"职技","36","オラクル","神谕","3196","ドロー：フロストカード",""
"职技","36","オラクル","神谕","3197","ドロー：シグマフロストカード",""
"职技","36","オラクル","神谕","3198","ドロー：サンダーカード",""
"职技","36","オラクル","神谕","3199","ドロー：メガサンダーカード",""
"职技","36","オラクル","神谕","3200","ドロー：スパークカード",""
"职技","36","オラクル","神谕","3201","ドロー：ラムダスパークカード",""
"职技","36","オラクル","神谕","3202","ドロー：ウィンドカード",""
"职技","36","オラクル","神谕","3203","ドロー：エアロカード",""
"职技","36","オラクル","神谕","3204","ドロー：アースカード",""
"职技","36","オラクル","神谕","3205","ドロー：クェイクカード",""
"职技","36","オラクル","神谕","3206","ドロー：ウォーターカード",""
"职技","36","オラクル","神谕","3207","ドロー：ウェイブカード",""
"职技","36","オラクル","神谕","3208","ドロー：ヒールカード",""
"职技","36","オラクル","神谕","3209","ドロー：メガヒールカード",""
"职技","36","オラクル","神谕","3210","ドロー：オールヒールカード",""
"职技","36","オラクル","神谕","3211","ドロー：オールメガヒールカード",""
"职技","36","オラクル","神谕","3212","ドロー：アタックカード",""
"职技","36","オラクル","神谕","3213","ドロー：マジックカード",""
"职技","36","オラクル","神谕","3214","ドロー：ガードカード",""
"职技","36","オラクル","神谕","3215","ドロー：マインドカード",""
"职技","36","オラクル","神谕","3216","ドロー：テクニックカード",""
"职技","36","オラクル","神谕","3217","ドロー：オールアタックカード",""
"职技","36","オラクル","神谕","3218","ドロー：オールマジックカード",""
"职技","36","オラクル","神谕","3219","ドロー：オールガードカード",""
"职技","36","オラクル","神谕","3220","ドロー：オールマインドカード",""
"职技","36","オラクル","神谕","3221","ドロー：オールテクニックカード",""
"职技","36","オラクル","神谕","3222","ランダム：コイントス1",""
"职技","36","オラクル","神谕","3223","ランダム：コイントス2",""
"职技","36","オラクル","神谕","3226","ランダム：愚者",""
"职技","36","オラクル","神谕","3227","ランダム：魔術師",""
"职技","36","オラクル","神谕","3228","ランダム：女教皇",""
"职技","36","オラクル","神谕","3229","ランダム：女帝",""
"职技","36","オラクル","神谕","3230","ランダム：皇帝",""
"职技","36","オラクル","神谕","3231","ランダム：教皇",""
"职技","36","オラクル","神谕","3232","ランダム：恋人",""
"职技","36","オラクル","神谕","3233","ランダム：戦車",""
"职技","36","オラクル","神谕","3234","ランダム：正義",""
"职技","36","オラクル","神谕","3235","ランダム：隠者",""
"职技","36","オラクル","神谕","3236","ランダム：運命の輪",""
"职技","36","オラクル","神谕","3237","ランダム：力",""
"职技","36","オラクル","神谕","3238","ランダム：吊られた男",""
"职技","36","オラクル","神谕","3239","ランダム：死神",""
"职技","36","オラクル","神谕","3240","ランダム：節制",""
"职技","36","オラクル","神谕","3241","ランダム：悪魔",""
"职技","36","オラクル","神谕","3242","ランダム：塔",""
"职技","36","オラクル","神谕","3243","ランダム：星",""
"职技","36","オラクル","神谕","3244","ランダム：月",""
"职技","36","オラクル","神谕","3245","ランダム：太陽",""
"职技","36","オラクル","神谕","3246","ランダム：審判",""
"职技","36","オラクル","神谕","3247","ノーペア","无对子"
"职技","36","オラクル","神谕","3248","ワンペア","一对"
"职技","36","オラクル","神谕","3249","ツーペア","两对"
"职技","36","オラクル","神谕","3250","スリーカード","三张"
"职技","36","オラクル","神谕","3251","ストレート","顺子"
"职技","36","オラクル","神谕","3252","フラッシュ","闪光"
"职技","36","オラクル","神谕","3253","フルハウス","葫芦"
"职技","36","オラクル","神谕","3254","フォーカード","四张"
"职技","36","オラクル","神谕","3255","ストレートフラッシュ","同花顺"
"职技","36","オラクル","神谕","3256","ファイブカード","五张"
"职技","36","オラクル","神谕","3257","ロイヤルストレートフラッシュ","皇家同花顺"
"职技","36","オラクル","神谕","3258","託宣用：天罰",""
"职技","36","オラクル","神谕","3259","託宣用：裁きの雷",""
"职技","36","オラクル","神谕","3260","託宣用：女神の恩寵",""
"职技","36","オラクル","神谕","3261","託宣用：女神の大恩寵",""
"职技","36","オラクル","神谕","3270","六月うさぎ","六月兔子"
"职技","36","オラクル","神谕","3271","チェリー","樱桃"
"职技","36","オラクル","神谕","3272","プラム","李子"
"职技","36","オラクル","神谕","3273","ベル","贝尔"
"职技","36","オラクル","神谕","3274","スイカ","西瓜"
"职技","36","オラクル","神谕","3275","BAR",""
"职技","36","オラクル","神谕","3276","777",""
"职技","36","オラクル","神谕","8601","ランダム：属性ルーレット",""
"职技","36","オラクル","神谕","8602","ランダム：属性ルーレット",""
"职技","36","オラクル","神谕","8603","ランダム：属性ルーレット",""
"职技","36","オラクル","神谕","8604","ランダム：属性ルーレット",""
"职技","36","オラクル","神谕","8605","ランダム：属性ルーレット",""
"职技","36","オラクル","神谕","8606","ランダム：属性ルーレット",""
"职技","36","オラクル","神谕","8607","ランダム：属性ルーレット",""
"职技","36","オラクル","神谕","8608","ランダム：属性ルーレット",""
"职技","36","オラクル","神谕","8609","ランダム：スキル技ルーレット",""
"职技","36","オラクル","神谕","8610","ランダム：スキル技ルーレット",""
"职技","36","オラクル","神谕","8611","ランダム：スキル技ルーレット",""
"职技","36","オラクル","神谕","8612","ランダム：スキル技ルーレット",""
"职技","36","オラクル","神谕","8613","ランダム：スキル技ルーレット",""
"职技","36","オラクル","神谕","8614","ランダム：スキル技ルーレット",""
"职技","36","オラクル","神谕","8615","ランダム：スキル技ルーレット",""
"职技","36","オラクル","神谕","8616","ランダム：スキル技ルーレット",""
"职技","36","オラクル","神谕","8617","ランダム：スキル技ルーレット",""
"职技","36","オラクル","神谕","8618","ランダム：スキル技ルーレット",""
"职技","36","オラクル","神谕","8619","ランダム：スキル技ルーレット",""
"职技","36","オラクル","神谕","8620","ランダム：スキル技ルーレット",""
"职技","36","オラクル","神谕","8621","ランダム：スキル技ルーレット",""
"职技","36","オラクル","神谕","8622","ランダム：スキル技ルーレット",""
"职技","36","オラクル","神谕","8623","ランダム：スキル技ルーレット",""
"职技","36","オラクル","神谕","8624","ランダム：スキル技ルーレット",""
"职技","36","オラクル","神谕","8625","ランダム：スキル技ルーレット",""
"职技","36","オラクル","神谕","8626","ランダム：スキル技ルーレット",""
"职技","36","オラクル","神谕","8627","ランダム：スキル技ルーレット",""
"职技","36","オラクル","神谕","8628","ランダム：スキル技ルーレット",""
"职技","36","オラクル","神谕","8629","ランダム：スキル技ルーレット",""
"职技","36","オラクル","神谕","8630","ランダム：スキル技ルーレット",""
"职技","36","オラクル","神谕","8631","ランダム：スキル技ルーレット",""
"职技","36","オラクル","神谕","8632","ランダム：スキル技ルーレット",""
"职技","36","オラクル","神谕","8633","ランダム：スキル技ルーレット",""
"职技","36","オラクル","神谕","8634","ランダム：スキル技ルーレット",""
"职技","36","オラクル","神谕","8635","ランダム：スキル技ルーレット",""
"职技","36","オラクル","神谕","8636","ランダム：スキル技ルーレット",""
"职技","36","オラクル","神谕","8637","ランダム：スキル技ルーレット",""
"职技","36","オラクル","神谕","8638","ランダム：スキル技ルーレット",""
"职技","36","オラクル","神谕","8639","ランダム：スキル技ルーレット",""
"职技","36","オラクル","神谕","8640","ランダム：スキル技ルーレット",""
"职技","36","オラクル","神谕","8641","ランダム：スキル技ルーレット",""
"职技","36","オラクル","神谕","8642","ランダム：スキル技ルーレット",""
"职技","36","オラクル","神谕","8643","ランダム：スキル技ルーレット",""
"职技","36","オラクル","神谕","8644","ランダム：スキル技ルーレット",""
"职技","36","オラクル","神谕","8645","ランダム：スキル技ルーレット",""
"职技","36","オラクル","神谕","8646","ランダム：スキル技ルーレット",""
"职技","36","オラクル","神谕","8647","ランダム：スキル技ルーレット",""
"职技","36","オラクル","神谕","8648","ランダム：スキル技ルーレット",""
"职技","36","オラクル","神谕","8649","ランダム：スキル技ルーレット",""
"职技","36","オラクル","神谕","8650","ランダム：スキル技ルーレット",""
"职技","36","オラクル","神谕","8651","ランダム：スキル技ルーレット",""
"职技","36","オラクル","神谕","8652","ランダム：スキル技ルーレット",""
"职技","36","オラクル","神谕","8653","ランダム：スキル技ルーレット",""
"职技","36","オラクル","神谕","8654","ランダム：スキル技ルーレット",""
"职技","36","オラクル","神谕","8655","ランダム：スキル技ルーレット",""
"职技","36","オラクル","神谕","8656","ランダム：スキル技ルーレット",""
"职技","36","オラクル","神谕","8657","ランダム：スキル技ルーレット",""
"职技","36","オラクル","神谕","8658","ランダム：スキル技ルーレット",""
"职技","36","オラクル","神谕","8659","ランダム：スキル技ルーレット",""
"职技","36","オラクル","神谕","8660","ランダム：スキル技ルーレット",""
"职技","36","オラクル","神谕","8661","ランダム：スキル技ルーレット",""
"职技","36","オラクル","神谕","8802","支援：ランダムダンス",""
"职技","36","オラクル","神谕","8803","支援：ランダムソング",""
"职技","36","オラクル","神谕","8806","反撃：ランダム召喚魔法",""
"职技","36","オラクル","神谕","8808","支援：オートランダマイザ",""
"职技","36","オラクル","神谕","9376","きまぐれジョーカー","随性小丑"
"职技","36","オラクル","神谕","9377","プログレッシブジャックポット","渐进式累积奖池"
"职技","36","オラクル","神谕","9378","超越者ドロー","超越者抽牌"
"职技","36","オラクル","神谕","9379","十六の破滅事象","十六破灭事象"
"职技","36","オラクル","神谕","9380","ダブルアップ","双倍投注"
"职技","37","踊る","跳舞","2016","さざなみの踊り","涟漪之舞"
"职技","37","踊る","跳舞","2017","竜宮千年舞踊","龙宫千年舞踊‌"
"职技","37","踊る","跳舞","2018","たつまきダンス","龙卷风之舞"
"职技","37","踊る","跳舞","2019","風塵の舞","风尘之舞"
"职技","37","踊る","跳舞","2020","土雫の舞","土滴之舞"
"职技","37","踊る","跳舞","2021","流水の舞","流水之舞"
"职技","37","踊る","跳舞","2022","焔の舞","焰之舞"
"职技","37","踊る","跳舞","2023","紅蓮業火の舞","红莲业火之舞"
"职技","37","踊る","跳舞","2024","剣の舞い","剑之舞"
"职技","37","踊る","跳舞","2025","鳴神招雷","鸣神招雷"
"职技","37","踊る","跳舞","2026","神代の舞","神代之舞"
"职技","37","踊る","跳舞","2027","レインボーワルツ","彩虹华尔兹"
"职技","37","踊る","跳舞","2028","エレメンタルダンス","元素之舞"
"职技","37","踊る","跳舞","2029","大精霊の舞","大精灵之舞"
"职技","37","踊る","跳舞","2030","氷雨風雪の舞","冰雨风雪之舞"
"职技","37","踊る","跳舞","2031","竜宮舞踊・火須勢理","龙宫舞踊・火须势理"
"职技","37","踊る","跳舞","2032","誘う踊り","诱人之舞"
"职技","37","踊る","跳舞","2033","不思議な踊り","不可思议之舞"
"职技","37","踊る","跳舞","2034","衰弱の舞","衰弱之舞"
"职技","37","踊る","跳舞","2035","セクシーダンス","性感之舞"
"职技","37","踊る","跳舞","2036","呪いの踊り","诅咒之舞"
"职技","37","踊る","跳舞","2037","フェアリーダンス","妖精之舞"
"职技","37","踊る","跳舞","2038","ミステリーダンス","神秘之舞"
"职技","37","踊る","跳舞","2039","時濁の踊り","时浊之舞"
"职技","37","踊る","跳舞","2040","メカニカルダンス","机械之舞"
"职技","37","踊る","跳舞","2041","神災の踊り","神灾之舞"
"职技","37","踊る","跳舞","2042","死の踊り","死之舞"
"职技","37","踊る","跳舞","2043","破護の舞","破护之舞"
"职技","37","踊る","跳舞","2044","竜宮の踊り","龙宫之舞"
"职技","37","踊る","跳舞","2045","召喚の踊り","召唤之舞"
"职技","37","踊る","跳舞","2046","元気の踊り","元气之舞"
"职技","37","踊る","跳舞","2047","ハッスルダンス","活力之舞"
"职技","37","踊る","跳舞","2048","蛇巫女の舞","蛇巫女之舞"
"职技","37","踊る","跳舞","2049","不死鳥の踊り","不死鸟之舞"
"职技","37","踊る","跳舞","2050","生贄の舞い","祭品之舞"
"职技","37","踊る","跳舞","2051","鼓舞の踊り","鼓舞之舞"
"职技","37","踊る","跳舞","2052","キャットダンス","猫之舞"
"职技","37","踊る","跳舞","2053","バステトダンス","芭丝特之舞"
"职技","37","踊る","跳舞","2054","ワイルドダンス","野性之舞"
"职技","37","踊る","跳舞","2055","武神の踊り","武神之舞"
"职技","37","踊る","跳舞","2056","ハーピーダンス","哈比之舞"
"职技","37","踊る","跳舞","2057","天空の踊り","天空之舞"
"职技","37","踊る","跳舞","2058","無縫天舞","无缝天舞"
"职技","37","踊る","跳舞","2059","戦士の踊り","战士之舞"
"职技","37","踊る","跳舞","2060","英雄の踊り","英雄之舞"
"职技","37","踊る","跳舞","2061","蛇神の舞","蛇神之舞"
"职技","37","踊る","跳舞","2062","狐の舞","狐之舞"
"职技","37","踊る","跳舞","2063","月宴の舞","月宴之舞"
"职技","37","踊る","跳舞","2064","十六夜神楽","十六夜神乐"
"职技","37","踊る","跳舞","2065","宵月神楽","宵月神乐"
"职技","37","踊る","跳舞","2066","わかめダンス","海带之舞"
"职技","37","踊る","跳舞","2067","すずめのおどり","雀之舞"
"职技","37","踊る","跳舞","2068","快楽舞踏","快乐舞踏"
"职技","37","踊る","跳舞","2069","時止めの舞","时停之舞"
"职技","37","踊る","跳舞","4363","ボス回復：元気の踊り",""
"职技","37","踊る","跳舞","4364","ボス回復：ハッスルダンス",""
"职技","37","踊る","跳舞","5890","スクリーム","呻吟"
"职技","37","踊る","跳舞","5891","私を忘れないで…",""
"职技","37","踊る","跳舞","5892","サービスフォーユー","为你服务"
"职技","37","踊る","跳舞","5893","ハミング","哼唱"
"职技","37","踊る","跳舞","5894","幸運のキス","幸运之吻"
"职技","37","踊る","跳舞","8800","発動：清めの神舞",""
"职技","37","踊る","跳舞","8801","発動：究極からくり舞い",""
"职技","37","踊る","跳舞","8914","連続用：真・不死鳥の踊り",""
"职技","37","踊る","跳舞","9384","無の踊り","無之舞"
"职技","37","踊る","跳舞","9385","神剣天舞","神剑天舞"
"职技","37","踊る","跳舞","9386","コズミックダンス","宇宙之舞"
"职技","37","踊る","跳舞","9387","銀河大連舞","银河大联舞"
"职技","37","踊る","跳舞","9388","核熱煉獄の舞","核热炼狱之舞"
"职技","37","踊る","跳舞","9389","夢見るままに待ちいたり","候汝入梦"
"职技","37","踊る","跳舞","9390","滅亡の虹","灭亡之虹"
"职技","37","踊る","跳舞","9391","真・不死鳥の踊り","真・不死鸟之舞"
"职技","37","踊る","跳舞","9392","エクスタシーダンス","绝顶之舞"
"职技","37","踊る","跳舞","9393","極呪の踊り","极咒之舞"
"职技","37","踊る","跳舞","9394","極死の踊り","极死之舞"
"职技","37","踊る","跳舞","9395","神鳥の踊り","神鸟之舞"
"职技","37","踊る","跳舞","9396","マーベラスダンス","绝妙之舞"
"职技","37","踊る","跳舞","9397","月無の舞い","月无之舞"
"职技","37","踊る","跳舞","9398","銀河の波動","银河的波动"
"职技","37","踊る","跳舞","9399","清めの神舞","净化之神舞"
"职技","37","踊る","跳舞","9400","究極からくり舞い","究极机关舞"
"职技","37","踊る","跳舞","9401","歌封じの踊り","歌封之舞"
"职技","37","踊る","跳舞","9402","無限蛇の踊り","无限蛇之舞"
"职技","37","踊る","跳舞","9403","影の舞い","影之舞"
"职技","38","歌う","歌唱","2071","うずしおの歌","漩涡之歌"
"职技","38","歌う","歌唱","2072","大海の歌","大海之歌"
"职技","38","歌う","歌唱","2073","舞唄・花散里","舞歌・花散里"
"职技","38","歌う","歌唱","2074","終唄・夢浮橋","终歌・梦浮桥"
"职技","38","歌う","歌唱","2075","レクイエム","镇魂曲"
"职技","38","歌う","歌唱","2076","レクイエム・キリエ","镇魂曲・垂怜经"
"职技","38","歌う","歌唱","2077","サウンドインパクト","音波冲击"
"职技","38","歌う","歌唱","2078","クリティカルシャウト","致命呐喊"
"职技","38","歌う","歌唱","2079","愛の歌","爱之歌"
"职技","38","歌う","歌唱","2080","人魚の歌","人鱼之歌"
"职技","38","歌う","歌唱","2081","キラッ☆","闪亮☆"
"职技","38","歌う","歌唱","2082","ヒュプノスシンフォニー","催眠交响曲"
"职技","38","歌う","歌唱","2083","タナトスセレナーデ","塔纳托斯小夜曲"
"职技","38","歌う","歌唱","2084","ちぃぱっぱの歌","叽啪啪之歌"
"职技","38","歌う","歌唱","2085","精霊の歌","精灵之歌"
"职技","38","歌う","歌唱","2086","生命の歌","生命之歌"
"职技","38","歌う","歌唱","2087","活力の歌","活力之歌"
"职技","38","歌う","歌唱","2088","魔力の歌","魔力之歌"
"职技","38","歌う","歌唱","2089","攻勢の歌","攻势之歌"
"职技","38","歌う","歌唱","2090","守勢の歌","守势之歌"
"职技","38","歌う","歌唱","2091","英雄の歌","英雄之歌"
"职技","38","歌う","歌唱","2092","空蝉の歌","空蝉之歌"
"职技","38","歌う","歌唱","2093","必中の歌","必中之歌"
"职技","38","歌う","歌唱","2094","魔鏡の歌","魔镜之歌"
"职技","38","歌う","歌唱","2095","竜脈の歌","龙脉之歌"
"职技","38","歌う","歌唱","2096","海賊の歌","海贼之歌"
"职技","38","歌う","歌唱","2097","海賊王の歌","海贼王之歌"
"职技","38","歌う","歌唱","2098","技能の歌","技能之歌"
"职技","38","歌う","歌唱","2099","全能の歌","全能之歌"
"职技","38","歌う","歌唱","2100","避死歌謡","避死歌谣"
"职技","38","歌う","歌唱","2101","デイジー・ベル","Daisy Bell"
"职技","38","歌う","歌唱","2102","ラッキーソング","幸运之歌"
"职技","38","歌う","歌唱","2103","ミラクルソング","奇迹之歌"
"职技","38","歌う","歌唱","2104","誘惑の歌","诱惑之歌"
"职技","38","歌う","歌唱","2105","子守歌","摇篮曲"
"职技","38","歌う","歌唱","2106","まほろばの歌","宝福之歌"
"职技","38","歌う","歌唱","3300","遊ぶ：応援",""
"职技","38","歌う","歌唱","9405","破邪の歌","破邪之歌"
"职技","38","歌う","歌唱","9406","堕天の歌","堕天之歌"
"职技","38","歌う","歌唱","9407","虚空聖唱","虚空圣唱"
"职技","38","歌う","歌唱","9408","ヘルクライ","地狱之唤"
"职技","38","歌う","歌唱","9409","狐唄・傾国ノ夢","狐歌・倾国之梦"
"职技","38","歌う","歌唱","9410","竜宮歌・朽玉手","龙宫歌・朽玉手"
"职技","38","歌う","歌唱","9411","バンシィの叫び","报丧女妖的尖啸"
"职技","38","歌う","歌唱","9412","氷棺の魔歌","冰棺的魔歌"
"职技","38","歌う","歌唱","9413","百億光年銀河","百亿光年银河"
"职技","38","歌う","歌唱","9414","無調・傾国傾世","无调・倾国倾世"
"职技","38","歌う","歌唱","9415","クトゥルフの呼び声","克苏鲁的呼唤"
"职技","38","歌う","歌唱","9416","終わりなき輪廻の歌","无尽轮回之歌"
"职技","38","歌う","歌唱","9417","怨叉塵叫","怨叉尘尖啸"
"职技","38","歌う","歌唱","9419","回帰の歌","回归之歌"
"职技","38","歌う","歌唱","9420","シン・英雄の歌","真・英雄之歌"
"职技","38","歌う","歌唱","9421","無垢なる愛の歌","无垢的爱之歌"
"职技","38","歌う","歌唱","9422","銀河のキラッ☆","银河的闪亮☆"
"职技","38","歌う","歌唱","9423","先駆けの歌","先驱之歌"
"职技","38","歌う","歌唱","9424","マックスボルテージ","最大电压"
"职技","38","歌う","歌唱","9425","凍てつかない波動","不冻结的波动"
"职技","38","歌う","歌唱","9427","究極からくり唄","究极机关歌"
"职技","38","歌う","歌唱","9428","銀河の守り","银河的守护"
"职技","38","歌う","歌唱","9429","踊り封じの歌","舞封之歌"
"职技","38","歌う","歌唱","9430","救世主の歌","救世主之歌"
"职技","38","歌う","歌唱","9431","紬ぐ歌","䌷之歌"
"职技","39","話す","交谈","2109","話し掛ける","搭话"
"职技","39","話す","交谈","2110","ほめる","称赞"
"职技","39","話す","交谈","2111","大賞賛","大赞赏"
"职技","39","話す","交谈","2112","挑発する","挑衅"
"职技","39","話す","交谈","2113","大罵倒","大骂倒"
"职技","39","話す","交谈","2114","お金をもらう","获得金钱"
"职技","39","話す","交谈","2115","アイテムをもらう","获得物品"
"职技","39","話す","交谈","2116","仲間に誘う","邀请成为伙伴"
"职技","39","話す","交谈","2117","おどす","威胁"
"职技","39","話す","交谈","2118","帰ってもらう","请回去"
"职技","39","話す","交谈","2119","おもしろい話","有趣的故事"
"职技","39","話す","交谈","2120","いやらしい話","下流的故事"
"职技","39","話す","交谈","2121","怖い話","恐怖的故事"
"职技","39","話す","交谈","2122","寒いギャグ","冷笑话"
"职技","39","話す","交谈","2123","言葉の爆弾","言语之炸弹"
"职技","39","話す","交谈","2124","呪詛","诅咒"
"职技","39","話す","交谈","2125","祝詞","祝词"
"职技","39","話す","交谈","2126","英雄譚","英雄谭"
"职技","39","話す","交谈","2127","クィックワード","快速话语"
"职技","39","話す","交谈","2128","オーバーワード","过度话语"
"职技","39","話す","交谈","2129","行動予約","行动预约"
"职技","39","話す","交谈","5869","甘い言葉","甜言蜜语"
"职技","39","話す","交谈","5875","トーク","谈话"
"职技","39","話す","交谈","9433","超賞賛","超赞赏"
"职技","39","話す","交谈","9434","超罵倒","超骂倒"
"职技","39","話す","交谈","9435","大呪詛","大诅咒"
"职技","39","話す","交谈","9436","大祝詞","大祝词"
"职技","39","話す","交谈","9437","毒の言霊","毒之言灵"
"职技","39","話す","交谈","9438","音の言霊","音之言灵"
"职技","39","話す","交谈","9439","禁じられた言霊","禁忌之言灵"
"职技","40","魔導科学","魔导科学","2132","燃焼反応","燃烧反应"
"职技","40","魔導科学","魔导科学","2133","超熱輻射","超热辐射"
"职技","40","魔導科学","魔导科学","2134","爆縮","内爆"
"职技","40","魔導科学","魔导科学","2135","凝結反応","凝结反应"
"职技","40","魔導科学","魔导科学","2136","電荷相転移","电荷相变"
"职技","40","魔導科学","魔导科学","2137","絶対零度","绝对零度"
"职技","40","魔導科学","魔导科学","2138","通電反応","通电反应"
"职技","40","魔導科学","魔导科学","2139","真空放電","真空放电"
"职技","40","魔導科学","魔导科学","2140","プラズマ","等离子"
"职技","40","魔導科学","魔导科学","2141","沈黙の春","寂静的春天"
"职技","40","魔導科学","魔导科学","2142","デザインブレイク","设计破坏"
"职技","40","魔導科学","魔导科学","2143","IDデストラクション","ID破坏"
"职技","40","魔導科学","魔导科学","2144","アルマゲスト","天文学大成"
"职技","40","魔導科学","魔导科学","2145","ダークマター","暗物质"
"职技","40","魔導科学","魔导科学","2146","ニュークリア","核"
"职技","40","魔導科学","魔导科学","2147","全環境防護","全环境防护"
"职技","40","魔導科学","魔导科学","2148","対化学防護","化学防护"
"职技","40","魔導科学","魔导科学","2149","MP変換","MP转换"
"职技","40","魔導科学","魔导科学","2150","超MP変換","超MP转换"
"职技","40","魔導科学","魔导科学","2151","極MP変換","极MP转换"
"职技","40","魔導科学","魔导科学","2152","SP変換","SP转换"
"职技","40","魔導科学","魔导科学","2153","超SP変換","超SP转换"
"职技","40","魔導科学","魔导科学","2154","極SP変換","极SP转换"
"职技","40","魔導科学","魔导科学","9443","核の冬","核冬天"
"职技","40","魔導科学","魔导科学","9444","フェルミアーク","费米弧"
"职技","40","魔導科学","魔导科学","9445","電離崩壊","电离崩坏"
"职技","40","魔導科学","魔导科学","9446","デスコラプス","死亡崩溃"
"职技","40","魔導科学","魔导科学","9447","B-H輻射",""
"职技","40","魔導科学","魔导科学","9448","ニュークリア・ゼロ","核零"
"职技","40","魔導科学","魔导科学","9449","文明崩壊","文明崩坏"
"职技","40","魔導科学","魔导科学","9450","クインテッセンス","精质"
"职技","40","魔導科学","魔导科学","9451","拡散MP変換","扩散MP转换"
"职技","40","魔導科学","魔导科学","9452","拡散SP変換","扩散SP转换"
"职技","40","魔導科学","魔导科学","9453","錬金素材創出","炼金素材创造"
"职技","40","魔導科学","魔导科学","9454","ページ創出","书页创造"
"职技","40","魔導科学","魔导科学","9455","機構解析","机构解析"
"职技","41","錬金術","炼金术","2157","アル・ポーション","炼金药水"
"职技","41","錬金術","炼金术","2158","グラン・ポーション","大药水"
"职技","41","錬金術","炼金术","2159","最後のポーション","最后的药水"
"职技","41","錬金術","炼金术","2160","アル・エーテル","炼金以太"
"职技","41","錬金術","炼金术","2161","グラン・エーテル","大以太"
"职技","41","錬金術","炼金术","2162","最後のエーテル","最后的以太"
"职技","41","錬金術","炼金术","2163","アル・ブースト","炼金能量"
"职技","41","錬金術","炼金术","2164","最後のブースト","最后的能量"
"职技","41","錬金術","炼金术","2165","万能シャワー","万能淋浴"
"职技","41","錬金術","炼金术","2166","シャインオーラ","闪耀光环"
"职技","41","錬金術","炼金术","2167","世界樹の枝","世界树之枝"
"职技","41","錬金術","炼金术","2168","フェニックスソウル","不死鸟之魂"
"职技","41","錬金術","炼金术","2169","炎の剣","炎之剑"
"职技","41","錬金術","炼金术","2170","氷の剣","冰之剑"
"职技","41","錬金術","炼金术","2171","雷の剣","雷之剑"
"职技","41","錬金術","炼金术","2172","風の剣","风之剑"
"职技","41","錬金術","炼金术","2173","土の剣","土之剑"
"职技","41","錬金術","炼金术","2174","水の剣","水之剑"
"职技","41","錬金術","炼金术","2175","聖なる剣","圣之剑"
"职技","41","錬金術","炼金术","2176","闇の剣","暗之剑"
"职技","41","錬金術","炼金术","2177","疾風の靴","疾风之靴"
"职技","41","錬金術","炼金术","2178","ワンダールビー","奇迹红宝石"
"职技","41","錬金術","炼金术","2179","英雄の勝鬨","英雄的欢呼"
"职技","41","錬金術","炼金术","2180","守護天使の兜","守护天使之盔"
"职技","41","錬金術","炼金术","2181","安堵のドレス","安心的礼服"
"职技","41","錬金術","炼金术","2182","クラッシュドラム","粉碎鼓"
"职技","41","錬金術","炼金术","2183","白い太陽","白色的太阳"
"职技","41","錬金術","炼金术","2184","月の微笑","月亮的微笑"
"职技","41","錬金術","炼金术","2185","プラネットライト","行星之光"
"职技","41","錬金術","炼金术","2186","造られし者の崩壊","被造者的崩坏"
"职技","41","錬金術","炼金术","2187","宇宙創造の風","宇宙创造之风"
"职技","41","錬金術","炼金术","2188","真理の鎧","真理之铠"
"职技","41","錬金術","炼金术","2189","巨人のマスク","巨人的面具"
"职技","41","錬金術","炼金术","2190","アテナの腕輪","雅典娜的手镯"
"职技","41","錬金術","炼金术","2191","アリスソウル","爱丽丝之魂"
"职技","41","錬金術","炼金术","2192","ファイナルエリクサー","终极圣灵药"
"职技","41","錬金術","炼金术","2193","フルイージス","全防御"
"职技","41","錬金術","炼金术","2194","オールトの雲","奥尔特云"
"职技","41","錬金術","炼金术","2195","ホムンクルス・ロア","人造人・洛阿"
"职技","41","錬金術","炼金术","2196","エクスカリバー","断钢剑"
"职技","41","錬金術","炼金术","2197","銀河の剣","银河之剑"
"职技","41","錬金術","炼金术","2198","混沌の帳","混沌之帐"
"职技","41","錬金術","炼金术","4206","錬成・紅炎石","炼成・红炎石"
"职技","41","錬金術","炼金术","4207","錬成・蒼氷石","炼成・苍冰石"
"职技","41","錬金術","炼金术","4208","錬成・黄雷石","炼成・黄雷石"
"职技","41","錬金術","炼金术","4406","ボス回復：錬成・高級薬草",""
"职技","41","錬金術","炼金术","4407","究極薬草","究极药草"
"职技","41","錬金術","炼金术","4408","高級薬草","高级药草"
"职技","41","錬金術","炼金术","4424","赤熱紅炎石","赤热红炎石"
"职技","41","錬金術","炼金术","4425","凍結蒼氷石","冻结苍冰石"
"职技","41","錬金術","炼金术","4426","電光黄雷石","电光黄雷石"
"职技","41","錬金術","炼金术","4612","紅炎石","红炎石"
"职技","41","錬金術","炼金术","4613","蒼氷石","苍冰石"
"职技","41","錬金術","炼金术","4614","黄雷石",""
"职技","41","錬金術","炼金术","9459","反物質","反物质"
"职技","41","錬金術","炼金术","9460","ネコソギイタダキ","寸草不留"
"职技","42","魔本術","魔本术","2200","炎の4ページ","炎的4页"
"职技","42","魔本術","魔本术","2201","氷の8ページ","冰的8页"
"职技","42","魔本術","魔本术","2202","雷の16ページ","雷的16页"
"职技","42","魔本術","魔本术","2203","風の32ページ","风的32页"
"职技","42","魔本術","魔本术","2204","土の64ページ","土的64页"
"职技","42","魔本術","魔本术","2205","水の128ページ","水的128页"
"职技","42","魔本術","魔本术","2206","巨腕の256ページ","巨腕的256页"
"职技","42","魔本術","魔本术","2207","触手の512ページ","触手的512页"
"职技","42","魔本術","魔本术","2208","三魔の333ページ","三魔的333页"
"职技","42","魔本術","魔本术","2209","四精の444ページ","四精的444页"
"职技","42","魔本術","魔本术","2210","終末の666ページ","终末的666页"
"职技","42","魔本術","魔本术","2211","禁じられた0ページ","禁忌的0页"
"职技","42","魔本術","魔本术","2212","無の99999ページ","無的99999页"
"职技","42","魔本術","魔本术","2213","麻痺の12ページ","麻痹的12页"
"职技","42","魔本術","魔本术","2214","服従の24ページ","服从的24页"
"职技","42","魔本術","魔本术","2215","狂乱の48ページ","狂乱的48页"
"职技","42","魔本術","魔本术","2216","弱体の96ページ","弱化的96页"
"职技","42","魔本術","魔本术","2217","癒しの777ページ","治愈的777页"
"职技","42","魔本術","魔本术","2218","奇跡の888ページ","奇迹的888页"
"职技","42","魔本術","魔本术","2219","復活の999ページ","复活的999页"
"职技","42","魔本術","魔本术","2220","加護の1001ページ","加护的1001页"
"职技","42","魔本術","魔本术","2221","気力回帰の111ページ","气力回归的111页"
"职技","42","魔本術","魔本术","2222","魔力回帰の222ページ","魔力回归的222页"
"职技","42","魔本術","魔本术","2223","ページ創出","书页创造"
"职技","42","魔本術","魔本术","2224","総ページ化","总页化"
"职技","42","魔本術","魔本术","4365","ボス回復：癒しの777ページ",""
"职技","42","魔本術","魔本术","4366","ボス回復：奇跡の888ページ",""
"职技","42","魔本術","魔本术","4367","ボス回復：神癒の7777ページ",""
"职技","42","魔本術","魔本术","9464","核熱の256ページ","核热的256页"
"职技","42","魔本術","魔本术","9465","量子の512ページ","量子的512页"
"职技","42","魔本術","魔本术","9466","イオンの1024ページ","离子的1024页"
"职技","42","魔本術","魔本术","9467","永劫の142857ページ","永劫的142857页"
"职技","42","魔本術","魔本术","9468","拡張1111100111ページ","扩展1111100111页"
"职技","42","魔本術","魔本术","9469","焦土のXXXページ","焦土的XXX页"
"职技","42","魔本術","魔本术","9470","■■■■ページ","■■■■页"
"职技","42","魔本術","魔本术","9471","神癒の7777ページ","神愈的7777页"
"职技","43","マキナ","器械","2230","オートボウガン","自动弩"
"职技","43","マキナ","器械","2231","バイオブラスト","生化爆破"
"职技","43","マキナ","器械","2232","ブラストボイス","爆破音波"
"职技","43","マキナ","器械","2233","デュエルカノン","决斗加农炮"
"职技","43","マキナ","器械","2234","オーシャンアンカー","海洋锚"
"职技","43","マキナ","器械","2235","スティンガー","毒刺"
"职技","43","マキナ","器械","2236","火炎放射器","火焰喷射器"
"职技","43","マキナ","器械","2237","電束放射器","电束发射器"
"职技","43","マキナ","器械","2238","マシンバルカン","火神机炮"
"职技","43","マキナ","器械","2239","高周波カッター","高频切割器"
"职技","43","マキナ","器械","2240","キルリアンレンジ","基尔里安力场"
"职技","43","マキナ","器械","2241","トライパニッシャー","三重惩罚者"
"职技","43","マキナ","器械","2242","電磁アーマー","电磁装甲"
"职技","43","マキナ","器械","2243","ドリル","钻头"
"职技","43","マキナ","器械","2244","超震動ブレード","超震动刀刃"
"职技","43","マキナ","器械","2245","MLRS",""
"职技","43","マキナ","器械","2246","ビームデスサイズ","光束死亡镰刀"
"职技","43","マキナ","器械","2247","ハイペリオン","亥伯龙神"
"职技","43","マキナ","器械","2248","エルドリッジ","埃尔德里奇"
"职技","43","マキナ","器械","2249","8.8cm滅魔教会砲",""
"职技","43","マキナ","器械","2250","反粒子レールガン","反粒子轨道炮"
"职技","43","マキナ","器械","2251","ラグナロク","诸神黄昏"
"职技","43","マキナ","器械","2252","ウィークメーカー","弱点制造者"
"职技","43","マキナ","器械","2253","クァンタセイバー","量子之刃"
"职技","43","マキナ","器械","8675","ランダム：炎弱点",""
"职技","43","マキナ","器械","8676","ランダム：氷弱点",""
"职技","43","マキナ","器械","8677","ランダム：雷弱点",""
"职技","43","マキナ","器械","8678","ランダム：風弱点",""
"职技","43","マキナ","器械","8679","ランダム：土弱点",""
"职技","43","マキナ","器械","8680","ランダム：水弱点",""
"职技","43","マキナ","器械","8681","ランダム：聖弱点",""
"职技","43","マキナ","器械","8682","ランダム：闇弱点",""
"职技","43","マキナ","器械","9475","SOL",""
"职技","43","マキナ","器械","9476","発動：SOL",""
"职技","43","マキナ","器械","9477","荷電粒子加速砲","荷电粒子加速炮"
"职技","43","マキナ","器械","9478","陽子ビームキャノン","质子光束加农炮"
"职技","43","マキナ","器械","9479","神殺しのチェーンソー","弑神链锯"
"职技","43","マキナ","器械","9480","次元崩壊ランチャー","次元崩坏发射器"
"职技","44","料理","","2257","目玉焼き","荷包蛋"
"职技","44","料理","","2258","おにぎり","饭团"
"职技","44","料理","","2259","サンドウイッチ","三明治"
"职技","44","料理","","2260","野菜炒め","炒蔬菜"
"职技","44","料理","","2261","ハンバーグ","汉堡肉"
"职技","44","料理","","2262","焼き魚","烤鱼"
"职技","44","料理","","2263","味噌汁","味噌汤"
"职技","44","料理","","2264","ねこごはん","猫饭"
"职技","44","料理","","2265","ハンバーガー","汉堡"
"职技","44","料理","","2266","ホットドッグ","热狗"
"职技","44","料理","","2267","野菜サラダ","蔬菜沙拉"
"职技","44","料理","","2268","フルーツサラダ","水果沙拉"
"职技","44","料理","","2269","カレーライス","咖喱饭"
"职技","44","料理","","2270","ピザ","披萨"
"职技","44","料理","","2271","クリームシチュー","奶油炖菜"
"职技","44","料理","","2272","スパゲティ","意大利面"
"职技","44","料理","","2273","さしみ","生鱼片"
"职技","44","料理","","2274","焼き鳥","烤鸡串"
"职技","44","料理","","2275","おそば","荞麦面"
"职技","44","料理","","2276","コロッケ","可乐饼"
"职技","44","料理","","2277","てんぷら","天妇罗"
"职技","44","料理","","2278","オムライス","蛋包饭"
"职技","44","料理","","2279","トマトスープ","番茄汤"
"职技","44","料理","","2280","グラタン","奶汁烤菜"
"职技","44","料理","","2281","パエリア","海鲜饭"
"职技","44","料理","","2282","えびチリ","干烧明虾"
"职技","44","料理","","2283","たこ焼き","章鱼烧"
"职技","44","料理","","2284","たいやき","鲷鱼烧"
"职技","44","料理","","2285","お好み焼き","御好烧"
"职技","44","料理","","2286","あんぱん","红豆面包"
"职技","44","料理","","2287","チョココロネ","巧克力螺旋面包"
"职技","44","料理","","2288","メロンパン","蜜瓜包"
"职技","44","料理","","2289","カレーパン","咖喱面包"
"职技","44","料理","","2290","コロッケパン","可乐饼面包"
"职技","44","料理","","2291","肉まん","肉包"
"职技","44","料理","","2292","あんまん","豆沙包"
"职技","44","料理","","2293","ピザまん","披萨包子"
"职技","44","料理","","2294","牛丼","牛丼"
"职技","44","料理","","2295","チャーハン","炒饭"
"职技","44","料理","","2296","お鍋","火锅"
"职技","44","料理","","2297","おでん","关东煮"
"职技","44","料理","","2298","お寿司","寿司"
"职技","44","料理","","2299","麻婆豆腐",""
"职技","44","料理","","2300","揚げ出し豆腐","炸豆腐"
"职技","44","料理","","2301","ローストチキン","烤鸡"
"职技","44","料理","","2302","やきそばパン","炒面面包"
"职技","44","料理","","2303","焼肉パン","烤肉面包"
"职技","44","料理","","2304","エッグベーグルサンド","鸡蛋贝果三明治"
"职技","44","料理","","2305","サーモンベーグルサンド","鲑鱼贝果三明治"
"职技","44","料理","","2306","カニタマ","蟹玉丼"
"职技","44","料理","","2307","アイスクリーム","冰淇淋"
"职技","44","料理","","2308","プリン","布丁"
"职技","44","料理","","2309","パフェ","芭菲"
"职技","44","料理","","2310","お子様ランチ","儿童午餐"
"职技","44","料理","","2311","ステーキ","牛排"
"职技","44","料理","","2312","特上おにぎり","特级饭团"
"职技","44","料理","","2313","特上寿司",""
"职技","44","料理","","2314","すきやき","寿喜烧"
"职技","44","料理","","2315","うな重","鳗鱼饭"
"职技","44","料理","","2316","ジャイアンシチュー","胖虎炖菜"
"职技","44","料理","","2317","ウェディングケーキ","婚礼蛋糕"
"职技","44","料理","","2318","きつねうどん","狐狸乌冬面"
"职技","44","料理","","2319","いなりずし","稻荷寿司"
"职技","44","料理","","2320","食材採取","食材采集"
"职技","44","料理","","2321","気まぐれシェフのお任せ料理","随性厨师的委托料理"
"职技","44","料理","","2322","無から造ったステーキ","无中生有的牛排"
"职技","44","料理","","2323","無から造ったパフェ","无中生有的芭菲"
"职技","44","料理","","9483","アルティメットサラダ","究极沙拉"
"职技","44","料理","","9484","究極の牛丼","究极牛丼"
"职技","44","料理","","9485","古代寿司",""
"职技","44","料理","","9486","超絶美酒・夢天","超绝美酒・梦天"
"职技","44","料理","","9487","妖精のパフェ","妖精的芭菲"
"职技","44","料理","","9488","カオスシチュー","混沌炖菜"
"职技","45","医術","医术","2327","メス投げ","手术刀投掷"
"职技","45","医術","医术","2328","解剖",""
"职技","45","医術","医术","2329","バイオニックメス","生化手术刀"
"职技","45","医術","医术","2330","ターヘルアナトミア","解体新书"
"职技","45","医術","医术","2331","ヘルメスヘキサ","赫尔墨斯六芒星"
"职技","45","医術","医术","2332","毒ガス散布","毒气散布"
"职技","45","医術","医术","2333","アークベロシティ","弧光速度"
"职技","45","医術","医术","2334","お医者さんごっこ","医生游戏"
"职技","45","医術","医术","2335","強制排尿","强制排尿"
"职技","45","医術","医术","2336","応急治療","紧急治疗"
"职技","45","医術","医术","2337","緊急オペ","紧急手术"
"职技","45","医術","医术","2338","集団治療","集体治疗"
"职技","45","医術","医术","2339","集団オペ","集体手术"
"职技","45","医術","医术","2340","応急治癒","紧急治愈"
"职技","45","医術","医术","2341","集団治癒","集体治愈"
"职技","45","医術","医术","2342","蘇生","复活"
"职技","45","医術","医术","2343","集団蘇生","集体复活"
"职技","45","医術","医术","2344","代謝活性","代谢激活"
"职技","45","医術","医术","2345","裏代謝活性","深层代谢激活"
"职技","45","医術","医术","2346","外法代謝活性","外法代谢激活"
"职技","45","医術","医术","2347","魔導活性","魔导激活"
"职技","45","医術","医术","2348","裏魔導活性","裏魔导活性"
"职技","45","医術","医术","2349","外法魔導活性","外法魔导活性"
"职技","45","医術","医术","2350","ドーピング","兴奋剂"
"职技","45","医術","医术","2351","みんなドーピング","全员兴奋剂"
"职技","45","医術","医术","2352","抗生物質注射","抗生素注射"
"职技","45","医術","医术","2353","みんな抗生物質注射","全员抗生素注射"
"职技","45","医術","医术","2354","耐ショック注射","抗休克注射"
"职技","45","医術","医术","2355","みんな耐ショック注射","全员抗休克注射"
"职技","45","医術","医术","2356","再蘇生処置","再苏生处理"
"职技","45","医術","医术","2357","お注射なのじゃ！","打针了是也！"
"职技","45","医術","医术","2358","アンデッドライズ","亡灵崛起"
"职技","45","医術","医术","2359","バイオハザード","生化危机"
"职技","45","医術","医术","2360","屍は屍に","尸归尸"
"职技","45","医術","医术","2361","アナフィラキシー","过敏性休克"
"职技","45","医術","医术","2362","きまぐれドクターのおまかせオペ","随性医生的委托手术"
"职技","45","医術","医术","2363","ナイチンゲールの神薬","南丁格尔的神药"
"职技","45","医術","医术","4368","ボス回復：応急治療",""
"职技","45","医術","医术","4369","ボス回復：緊急オペ",""
"职技","45","医術","医术","4370","ボス回復：集団治療",""
"职技","45","医術","医术","4371","ボス回復：集団オペ",""
"职技","45","医術","医术","5487","天使の注射","天使之注射"
"职技","45","医術","医术","5821","連続用：フローズン1",""
"职技","45","医術","医术","8753","連続用：バーサーク1",""
"职技","45","医術","医术","8768","連続用：最大HP1.5倍単体1",""
"职技","45","医術","医术","8770","連続用：最大HP1.5倍全体1",""
"职技","45","医術","医术","8772","連続用：最大HP2倍単体1",""
"职技","45","医術","医术","8774","連続用：最大HP2倍全体1",""
"职技","45","医術","医术","8775","連続用：最大HP2倍全体2",""
"职技","45","医術","医术","8776","連続用：最大MP1.5倍1",""
"职技","45","医術","医术","8778","連続用：最大MP2倍1",""
"职技","45","医術","医术","8780","連続用：最大SP1.5倍1",""
"职技","45","医術","医术","8782","連続用：最大SP2倍1",""
"职技","45","医術","医术","8784","連続用：オーバードーピング1",""
"职技","45","医術","医术","8888","失敗：反生命ウィルス",""
"职技","45","医術","医术","9490","マーシレストリアージ","无情分诊"
"职技","45","医術","医术","9491","絶滅医術","灭绝医术"
"职技","45","医術","医术","9492","反生命ウィルス","反生命病毒"
"职技","45","医術","医术","9493","悪夢のお医者さんごっこ","恶梦医生游戏"
"职技","45","医術","医术","9494","待機患者治療","待机患者治疗"
"职技","45","医術","医术","9495","待機患者蘇生","替补患者复活"
"职技","45","医術","医术","9496","待機患者治癒","替补患者治愈"
"职技","45","医術","医术","9497","待機患者活性化","替补患者激活"
"职技","45","医術","医术","9498","待機患者大救済","替补患者大救济"
"职技","45","医術","医术","9499","禁忌複合活性","禁忌复合激活"
"职技","45","医術","医术","9500","みんな禁忌ドーピング","全员禁忌兴奋剂"
"职技","45","医術","医术","9501","オーバードーピング","过量兴奋剂"
"职技","45","医術","医术","9502","二種混合耐性薬注射","两种混合耐性药注射"
"职技","46","御奉仕","侍奉","2367","ハタキ乱舞","掸子乱舞"
"职技","46","御奉仕","侍奉","2368","ハタキ二刀乱舞","双掸子乱舞"
"职技","46","御奉仕","侍奉","2369","疾駆・雑巾掛け","疾驰・擦地"
"职技","46","御奉仕","侍奉","2370","蛸足雑巾掛け・四肢奮迅","章鱼足擦地・四肢奋迅"
"职技","46","御奉仕","侍奉","2371","皿投げ千枚桜","千樱盘投掷"
"职技","46","御奉仕","侍奉","2372","メイド奥義・八面六臂","女仆奥义・八面六臂"
"职技","46","御奉仕","侍奉","2373","サタデーナイトフィーバー","周六夜狂热"
"职技","46","御奉仕","侍奉","2374","花鳥風月皿ノ舞","花鸟风月盘之舞"
"职技","46","御奉仕","侍奉","2375","殺虫スプレー","杀虫喷雾"
"职技","46","御奉仕","侍奉","2376","メイドの剪定","女仆的修剪"
"职技","46","御奉仕","侍奉","2377","恍惚のマッサージ","恍惚的按摩"
"职技","46","御奉仕","侍奉","2378","失禁のマッサージ","失禁的按摩"
"职技","46","御奉仕","侍奉","2379","昇天のマッサージ","升天的按摩"
"职技","46","御奉仕","侍奉","2380","メイドの乳搾り","女仆的挤奶"
"职技","46","御奉仕","侍奉","2381","強制おもらし","强制失禁"
"职技","46","御奉仕","侍奉","2382","酪農プログラム・乳搾り","乳业程序・挤奶"
"职技","46","御奉仕","侍奉","2383","洗浄プログラム・泡洗い","清洗程序・泡沫清洗"
"职技","46","御奉仕","侍奉","2384","遊戯プログラム・電気按摩","游戏程序・电击按摩"
"职技","46","御奉仕","侍奉","2385","性的奉仕プログラム666","性侍奉程序666"
"职技","46","御奉仕","侍奉","2386","蛸足奉仕","章鱼足侍奉"
"职技","46","御奉仕","侍奉","2387","八足昇天マッサージ","八足升天按摩"
"职技","46","御奉仕","侍奉","2388","メイドの緊縛","女仆的紧缚"
"职技","46","御奉仕","侍奉","2389","お茶が入りました","茶已倒入"
"职技","46","御奉仕","侍奉","2390","特製ハーブティーです","特制草本茶"
"职技","46","御奉仕","侍奉","2391","禁断のハーブティーです","禁忌草本茶"
"职技","46","御奉仕","侍奉","2392","お茶が入りました×8","茶已倒入×8"
"职技","46","御奉仕","侍奉","2393","メイドブースト","女仆强化"
"职技","46","御奉仕","侍奉","2394","バトルメイドでございます","战斗女仆在此"
"职技","46","御奉仕","侍奉","2395","マジカルメイドでございます","魔法女仆在此"
"职技","46","御奉仕","侍奉","2396","パーフェクトメイドでございます","完美女仆在此"
"职技","46","御奉仕","侍奉","2397","家庭菜園の収穫","家庭菜园的收获"
"职技","46","御奉仕","侍奉","4372","ボス回復：お茶が入りました",""
"职技","46","御奉仕","侍奉","4373","ボス回復：特製ハーブティーです",""
"职技","46","御奉仕","侍奉","4374","ボス回復：禁断のハーブティーです",""
"职技","46","御奉仕","侍奉","4375","ボス回復：神のハーブティーです",""
"职技","46","御奉仕","侍奉","4376","ボス回復：お茶が入りました×8",""
"职技","46","御奉仕","侍奉","9506","メイドナースのハーレムナイトメア","女仆护士的后宫噩梦"
"职技","46","御奉仕","侍奉","9507","メイドユニバース","女仆宇宙"
"职技","46","御奉仕","侍奉","9508","アストラルメイデン","星幽少女"
"职技","46","御奉仕","侍奉","9509","メイドエクスマキナ","器械降女仆"
"职技","46","御奉仕","侍奉","9510","ミラクルガーデニング","奇迹园艺"
"职技","46","御奉仕","侍奉","9511","恍惚失禁昇天のマッサージ","恍惚失禁升天的按摩"
"职技","46","御奉仕","侍奉","9512","神技の乳搾り","神技的挤奶"
"职技","46","御奉仕","侍奉","9513","究極奉仕プログラム999","究极侍奉程序999"
"职技","46","御奉仕","侍奉","9514","無限触手奉仕","无限触手侍奉"
"职技","46","御奉仕","侍奉","9515","神のハーブティーです","神之草本茶"
"职技","47","王技","","23","聖者玉砕","圣者玉碎"
"职技","47","王技","","2403","陽斬","阳斩"
"职技","47","王技","","2404","王命剣","王命剑"
"职技","47","王技","","2405","キングスクルセイド","王之东征"
"职技","47","王技","","2406","覇道皇塵剣","霸道皇尘剑"
"职技","47","王技","","2407","ルミナスレイ","光之射线"
"职技","47","王技","","2408","魔導滅光","魔导灭光"
"职技","47","王技","","2409","第13法典・鉄槌","第13法典・铁锤"
"职技","47","王技","","2410","第666法典・黙示","第666法典・启示"
"职技","47","王技","","2411","ホーリーグレネード","神圣手榴弹"
"职技","47","王技","","2412","禁忌法典・天魔覆滅","禁忌法典・天魔覆灭"
"职技","47","王技","","2413","王の軍隊","王的军队"
"职技","47","王技","","2414","王国騎士団","王国骑士团"
"职技","47","王技","","2415","国教魔導団","国教魔导团"
"职技","47","王技","","2416","十字軍","十字军"
"职技","47","王技","","2417","機甲十字軍","机甲十字军"
"职技","47","王技","","2418","回転説法","旋转布道"
"职技","47","王技","","2419","昇天説法","升天布道"
"职技","47","王技","","2420","王の威光","王的威光"
"职技","47","王技","","2421","王権神授","君权神授"
"职技","47","王技","","2422","癒しの恩寵","治愈的恩宠"
"职技","47","王技","","2423","復活の恩寵","复活的恩宠"
"职技","47","王技","","2424","聖者再臨","圣者再临"
"职技","47","王技","","2425","使徒再臨","使徒再临"
"职技","47","王技","","2426","ブリッツクリーグ","闪电战"
"职技","47","王技","","4377","ボス回復：癒しの恩寵",""
"职技","47","王技","","8815","反撃：王の怒り",""
"职技","47","王技","","8816","反撃：王の魔導",""
"职技","47","王技","","8817","反撃：法王の祈り",""
"职技","47","王技","","8818","反撃：王の砲撃",""
"职技","47","王技","","9519","真・覇王星剣","真・霸王星剑"
"职技","47","王技","","9520","魔導王の裁き","魔导王的裁决"
"职技","47","王技","","9521","天臥裂煌","天卧裂煌"
"职技","47","王技","","9522","覇王の親衛隊","霸王的亲卫队"
"职技","47","王技","","9523","覇王の恩寵","霸王的恩宠"
"职技","48","勇者技","","2431","シャドウラプソディ","暗影狂想曲"
"职技","48","勇者技","","2432","やたらめった斬り","胡乱斩击"
"职技","48","勇者技","","2433","我流ファイア斬","我流火焰斩"
"职技","48","勇者技","","2434","燃えろ！ぐるぐる斬","燃烧吧！转啊转斩"
"职技","48","勇者技","","2435","妖魔斬","妖魔斩"
"职技","48","勇者技","","2436","不死斬","不死斩"
"职技","48","勇者技","","2437","烈火天翔閃","烈火天翔闪"
"职技","48","勇者技","","2438","紅蓮廻天斬","红莲回天斩"
"职技","48","勇者技","","2439","紅蓮炎舞","红莲炎舞"
"职技","48","勇者技","","2440","プラズマブレイク","电浆破碎"
"职技","48","勇者技","","2441","シャドウブレイク","暗影破碎"
"职技","48","勇者技","","2442","グランドリオン","格兰多利昂"
"职技","48","勇者技","","2443","ヴェルデリオン","威尔帝利昂"
"职技","48","勇者技","","2444","烈心聖光斬","烈心圣光斩"
"职技","48","勇者技","","2445","天塵剣","天尘剑"
"职技","48","勇者技","","2446","アルティメットメサイア","究极弥赛亚"
"职技","48","勇者技","","2447","シャドウメサイア","暗影弥赛亚"
"职技","48","勇者技","","2448","エレメント・スピカ","元素・真珠星"
"职技","48","勇者技","","2449","カドラプル・ギガ","千兆・四重奏"
"职技","48","勇者技","","2450","烈心天塵剣","烈心天尘剑"
"职技","48","勇者技","","2451","エンジェルダスト","天使尘埃"
"职技","48","勇者技","","2452","八夜羅刹斬","八夜罗刹斩"
"职技","48","勇者技","","2453","烈心天塵英雄剣","烈心天尘英雄剑"
"职技","48","勇者技","","2454","イクスタプル・ゼタ","泽它・六重奏"
"职技","48","勇者技","","2455","ロゴス・マギア","逻各斯・玛吉亚"
"职技","48","勇者技","","2456","カオス・マギア","混沌・玛吉亚"
"职技","48","勇者技","","2457","ブレイブウォール","勇气之墙"
"职技","48","勇者技","","2458","勇者の号令","勇者的号令"
"职技","48","勇者技","","5765","クロスブレード","十字剑"
"职技","48","勇者技","","5766","ヴァンクィッシング","神圣斩击"
"职技","48","勇者技","","5767","エミネントフォース","显能之力"
"职技","48","勇者技","","5768","シャドーフォース","暗影之力"
"职技","49","淫技","","2460","手淫",""
"职技","49","淫技","","2461","恍惚の指使い","恍惚的指法"
"职技","49","淫技","","2462","昇天の指使い","升天的指法"
"职技","49","淫技","","2463","ゴールドフィンガー","黄金手指"
"职技","49","淫技","","2464","瞬殺の指技","瞬杀的指技"
"职技","49","淫技","","2465","口淫",""
"职技","49","淫技","","2466","至福の口淫","至福的口交"
"职技","49","淫技","","2467","種吸いの口淫","吸精的口交"
"职技","49","淫技","","2468","パイズリ","乳交"
"职技","49","淫技","","2469","慈愛の乳圧","慈爱的乳压"
"职技","49","淫技","","2470","悪夢の胸搾り","恶梦的胸榨"
"职技","49","淫技","","2471","騎乗位","骑乘位"
"职技","49","淫技","","2472","天上のカーマストラ","天上的爱经"
"职技","49","淫技","","2473","傾国の夢","倾国之梦"
"职技","49","淫技","","2474","秒殺グラインド","秒杀扭臀"
"职技","49","淫技","","2475","吸精殺","吸精杀"
"职技","49","淫技","","2476","ヘブンズキッス","天堂之吻"
"职技","49","淫技","","2477","デスキッス","死亡之吻"
"职技","49","淫技","","2478","淫楽絡み締め","淫乐缠绞"
"职技","49","淫技","","2479","愛と淫欲のドグマ","爱与淫欲的教义"
"职技","49","淫技","","2480","股間連続蹴り","股间连续踢"
"职技","49","淫技","","2481","超速電気アンマ","超速电击按摩"
"职技","49","淫技","","2482","QUJC",""
"职技","49","淫技","","2483","小悪魔の指技","小恶魔的指技"
"职技","49","淫技","","2484","ラフィンジェンド","柔情媚手"
"职技","49","淫技","","2485","小悪魔の口技","小恶魔的口技"
"职技","49","淫技","","2486","ティンキュルス","挑逗滑舌"
"职技","49","淫技","","2487","小悪魔のパイズリ","小恶魔的乳交"
"职技","49","淫技","","2488","メロソフィ","甜蜜酥胸"
"职技","49","淫技","","2489","小悪魔レイプ","小恶魔强奸"
"职技","49","淫技","","2490","エナジードレイン","能量吸取"
"职技","49","淫技","","2491","ナイトメアドレイン","噩梦吸取"
"职技","49","淫技","","2492","クィーンズドレイン","女王的吸取"
"职技","49","淫技","","2493","テイルドレイン","尾巴吸取"
"职技","49","淫技","","2494","テイルドレイン・フラン","尾巴吸取・弗兰"
"职技","49","淫技","","2495","メルティックキッス","甜蜜之吻"
"职技","49","淫技","","2496","メルティックボア","甜蜜吞食"
"职技","49","淫技","","2497","サキュバスアーツ","魅魔技艺"
"职技","49","淫技","","2498","サキュバスアーツ零式","魅魔技艺零式"
"职技","49","淫技","","2499","リリスオルギア","莉莉丝狂欢"
"职技","49","淫技","","2500","カオスナイトメア","混沌噩梦"
"职技","49","淫技","","2501","エルフの手コキ","精灵的手淫"
"职技","49","淫技","","2502","エルフの足コキ","精灵的足淫"
"职技","49","淫技","","2503","エルフのフェラ","精灵的口交"
"职技","49","淫技","","2504","エルフのパイズリ","精灵的乳交"
"职技","49","淫技","","2505","地獄の締め付け肉壺","地狱的紧缚肉壶"
"职技","49","淫技","","2506","天国の腰振り肉壺","天堂的腰振肉壶"
"职技","49","淫技","","2507","底無しの種吸い壺","无底的吸种之壶"
"职技","49","淫技","","2508","エルフ族の大狂宴","精灵族的大狂欢"
"职技","49","淫技","","2509","恍惚のキス","恍惚之吻"
"职技","49","淫技","","2510","絶頂のキス","绝顶之吻"
"职技","49","淫技","","2511","悦楽の防護","悦乐防护"
"职技","49","淫技","","2512","悦楽の遮断","悦乐遮断"
"职技","49","淫技","","2513","快楽こそ糧","快乐即食粮"
"职技","49","淫技","","2514","バストプレス","胸部压迫"
"职技","49","淫技","","2515","快楽のショータイム","快乐的表演时间"
"职技","49","淫技","","4423","快楽異常ガードキル","快乐异常防御击杀"
"职技","49","淫技","","5781","ユビキタス・ラヴ","无处不在的爱"
"职技","49","淫技","","5782","ナイトメア","噩梦"
"职技","49","淫技","","5793","テンプテーション","诱惑"
"职技","49","淫技","","5794","プライスオブシナー","罪人之价"
"职技","49","淫技","","5795","パッションビート","激情节拍"
"职技","49","淫技","","5796","自信過剰","过度自信"
"职技","49","淫技","","5863","キッス","吻"
"职技","49","淫技","","5864","バスト","胸部"
"职技","49","淫技","","5865","ヒップ","臀部"
"职技","49","淫技","","5866","ヴァッジ","阴部"
"职技","49","淫技","","5867","ピストン","活塞"
"职技","49","淫技","","5868","ダブルピストン","双重活塞"
"职技","49","淫技","","5870","クロッチ","阴部"
"职技","49","淫技","","5871","スウィング","摇摆"
"职技","49","淫技","","5872","ヘヴィスウィング","强力摇摆"
"职技","49","淫技","","5873","ディバウアー","猛攻"
"职技","49","淫技","","5874","プライスオブハレム","后宫之价"
"职技","49","淫技","","5876","ファック","插入"
"职技","49","淫技","","5877","バッシュ","狂进击"
"职技","49","淫技","","5878","ホーリーセクロス","圣十字攻击"
"职技","49","淫技","","5879","グランドセクロス","圣十字审判"
"职技","49","淫技","","5880","グランドセクロス","圣十字审判"
"职技","49","淫技","","5881","性の処刑執行","性之处刑执行"
"职技","49","淫技","","5882","ヴァギナクイッケン","阴道加速"
"职技","49","淫技","","5884","ピアーシングアタック","穿刺攻击"
"职技","49","淫技","","5896","まとめて食べてあげる","一起吃掉"
"职技","49","淫技","","5902","サキュバスプリズン","魅魔监狱"
"职技","49","淫技","","5903","発動：サキュバスプリズン",""
"职技","49","淫技","","5904","シェルマッチ","磨豆腐"
"职技","49","淫技","","5905","ドロウネクター","吸阴"
"职技","49","淫技","","5906","エンブレイス","拥抱"
"职技","49","淫技","","5907","エキサイトビュー","兴奋视野"
"职技","49","淫技","","5914","発動：夢魔の微笑み",""
"职技","49","淫技","","5915","発動：淫魔の囁き",""
"职技","49","淫技","","8804","反撃：魅惑のポーズ",""
"职技","49","淫技","","8805","反撃：回避握手",""
"职技","49","淫技","","8890","発動：魅惑のポーズ",""
"职技","49","淫技","","9527","ライトニングジョブ","闪电交媾"
"职技","49","淫技","","9528","ナイトメアアーツ","噩梦技艺"
"职技","49","淫技","","9529","オーバーグローリー","超极乐"
"职技","49","淫技","","9530","死に至る快楽","致死的快乐"
"职技","49","淫技","","9531","リリスドレイン","莉莉丝吸取"
"职技","49","淫技","","9532","バビロンズドレイン","巴比伦吸取"
"职技","49","淫技","","9533","ワールドオルガスム","世界高潮"
"职技","67","サイコ","念动","4400","ボス回復：サイコヒール",""
"职技","67","サイコ","念动","8820","反撃：サイコリフレッシュ",""
"职技","67","サイコ","念动","9707","サイコ","念动"
"职技","67","サイコ","念动","9708","サイコブラスト","念动爆轰"
"职技","67","サイコ","念动","9709","サイコフォース","念动力场"
"职技","67","サイコ","念动","9710","サイコファイア","念动火焰"
"职技","67","サイコ","念动","9711","サイコフレア","念动闪焰"
"职技","67","サイコ","念动","9712","サイコブリザード","念动暴雪"
"职技","67","サイコ","念动","9713","サイコフロスト","念动霜冻"
"职技","67","サイコ","念动","9714","サイコサンダー","念动雷电"
"职技","67","サイコ","念动","9715","サイコプラズマ","念动电浆"
"职技","67","サイコ","念动","9716","サイコホーリー","念动圣光"
"职技","67","サイコ","念动","9717","サイコインフェルノ","念动业火"
"职技","67","サイコ","念动","9718","サイコドレイン","念动榨取"
"职技","67","サイコ","念动","9719","サイコヘブン","念动天堂"
"职技","67","サイコ","念动","9720","サイコエクスタス","念动绝顶"
"职技","67","サイコ","念动","9721","サイコストリーム","念动激流"
"职技","67","サイコ","念动","9722","サイコリバレート","念动解放"
"职技","67","サイコ","念动","9723","サイコオルギア","念动狂欢"
"职技","67","サイコ","念动","9724","サイコボルテージ","念动电压"
"职技","67","サイコ","念动","9725","サイコエントロピー","念动熵"
"职技","67","サイコ","念动","9726","サイコヒール","念动治愈"
"职技","68","妖術","妖术","4403","ボス回復：海の幸",""
"职技","68","妖術","妖术","4404","ボス回復：黄金蜜",""
"职技","68","妖術","妖术","4405","ボス回復：ホワイトウィンド",""
"职技","68","妖術","妖术","6071","炎撃","炎击"
"职技","68","妖術","妖术","6072","氷撃","冰击"
"职技","68","妖術","妖术","6073","雷撃","雷击"
"职技","68","妖術","妖术","6074","風牙","风牙"
"职技","68","妖術","妖术","6075","土牙",""
"职技","68","妖術","妖术","6076","水牙",""
"职技","68","妖術","妖术","6077","光龍","光龙"
"职技","68","妖術","妖术","6078","闇龍","暗龙"
"职技","68","妖術","妖术","6079","紅の印","红印"
"职技","68","妖術","妖术","6080","ゴブリンパンチ","哥布林拳"
"职技","68","妖術","妖术","6081","千本ノック","千本击"
"职技","68","妖術","妖术","6082","吸温抱擁","吸温拥抱"
"职技","68","妖術","妖术","6083","妖力解放",""
"职技","68","妖術","妖术","6084","ファイナルヌード","最终裸体"
"职技","68","妖術","妖术","6085","肉体の解放","肉体的解放"
"职技","68","妖術","妖术","6086","真夜",""
"职技","68","妖術","妖术","6087","満月のレクイエム","满月的镇魂曲"
"职技","68","妖術","妖术","6088","ナマズの怒り","鲶鱼的愤怒"
"职技","68","妖術","妖术","6089","マーメイドスクリュー","人鱼螺旋"
"职技","68","妖術","妖术","6090","マーメイド・エンドソング","人鱼・终曲"
"职技","68","妖術","妖术","6091","焼き討ち","烧讨"
"职技","68","妖術","妖术","6092","エルフィンアーツ","精灵之术"
"职技","68","妖術","妖术","6093","妖精祭り","妖精祭典"
"职技","68","妖術","妖术","6094","真夏の夜の夢","仲夏夜之梦"
"职技","68","妖術","妖术","6095","ブーメランダンス","回旋镖之舞"
"职技","68","妖術","妖术","6096","スライムエッジ","史莱姆之刃"
"职技","68","妖術","妖术","6097","毒粘液地獄","毒液地狱"
"职技","68","妖術","妖术","6098","狼牙撃","狼牙击"
"职技","68","妖術","妖术","6099","うさぎのダンス","兔子之舞"
"职技","68","妖術","妖术","6100","クマー！！",""
"职技","68","妖術","妖术","6101","人馬疾風乱舞","人马疾风乱舞"
"职技","68","妖術","妖术","6102","猛牛ロケット","猛牛火箭"
"职技","68","妖術","妖术","6103","百獣王撃","百兽王击"
"职技","68","妖術","妖术","6104","きつねムーンサルト","狐狸月面空翻"
"职技","68","妖術","妖术","6105","風月狐神楽","风月狐神乐"
"职技","68","妖術","妖术","6106","ロール毒噛み付き","毒咬攻击"
"职技","68","妖術","妖术","6107","千蛇",""
"职技","68","妖術","妖术","6108","スネークエンド","蛇尾"
"职技","68","妖術","妖术","6109","触手渦","触手漩涡"
"职技","68","妖術","妖术","6110","インフェルノ・デ・スキュラ","地狱・德・斯库拉"
"职技","68","妖術","妖术","6111","ハーピーキック","哈比踢"
"职技","68","妖術","妖术","6112","天空地獄落とし","天空地狱落"
"职技","68","妖術","妖术","6113","鳳翼天翔","凤翼天翔"
"职技","68","妖術","妖术","6114","竜の咆吼","龙之咆哮"
"职技","68","妖術","妖术","6115","竜拳","龙拳"
"职技","68","妖術","妖术","6116","ナメクジ蹂躙","蛞蝓蹂躏"
"职技","68","妖術","妖术","6117","デスクロー","死亡之爪"
"职技","68","妖術","妖术","6118","デスシザーズ","死亡剪刀"
"职技","68","妖術","妖术","6119","アクアブレス","水之吐息"
"职技","68","妖術","妖术","6120","大海牙","大海之牙"
"职技","68","妖術","妖术","6121","海の幸","海之幸"
"职技","68","妖術","妖术","6122","黄金蜜",""
"职技","68","妖術","妖术","6123","通電鱗粉","通电鳞粉"
"职技","68","妖術","妖术","6124","常世の粘網","常世的粘网"
"职技","68","妖術","妖术","6125","爆魔獄","爆魔狱"
"职技","68","妖術","妖术","6126","針千本","千针"
"职技","68","妖術","妖术","6127","春眠",""
"职技","68","妖術","妖术","6128","万華狂い咲き","万华狂乱绽放"
"职技","68","妖術","妖术","6129","消化液乱舞",""
"职技","68","妖術","妖术","6130","ゾンビアーツ","僵尸技艺"
"职技","68","妖術","妖术","6131","デッドマンウォーキング","死人行走"
"职技","68","妖術","妖术","6132","闇の霊気","暗之灵气"
"职技","68","妖術","妖术","6133","黒の衝撃","黑色冲击"
"职技","68","妖術","妖术","6134","みんなのうらみ","大家的怨恨"
"职技","68","妖術","妖术","6135","ロケットパンチ","火箭拳"
"职技","68","妖術","妖术","6136","ロケットヘッドバッド","火箭头槌"
"职技","68","妖術","妖术","6137","アイアンメイデン","铁处女"
"职技","68","妖術","妖术","6138","マインドブラスト","精神冲击"
"职技","68","妖術","妖术","6139","サニークロス","阳光十字"
"职技","68","妖術","妖术","6140","光の天秤","光之天秤"
"职技","68","妖術","妖术","6141","虚ろの霧","虚无之雾"
"职技","68","妖術","妖术","6142","メビウス","莫比乌斯"
"职技","68","妖術","妖术","6143","レーザーアイ","激光眼"
"职技","68","妖術","妖术","6144","ビーム乱射","光束乱射"
"职技","68","妖術","妖术","6145","エッチなこと","色色的事情"
"职技","68","妖術","妖术","6146","ヒップアタック","臀部猛击"
"职技","68","妖術","妖术","6147","ジャンピングプレス","跳跃压制"
"职技","68","妖術","妖术","6148","スクリューパイルドライバー","螺旋钻头驱动"
"职技","68","妖術","妖术","6149","サウンド・オブ・デス","死亡之声"
"职技","68","妖術","妖术","6150","パイパニック","乳肉恐慌"
"职技","68","妖術","妖术","6151","ピーチ・パンケーキ","蜜桃松饼"
"职技","68","妖術","妖术","6152","？？？？",""
"职技","68","妖術","妖术","6153","ホワイトウィンド","白风"
"职技","68","妖術","妖术","6154","マイティガード","强力防御"
"职技","68","妖術","妖术","6155","風祭り","风之祭典"
"职技","68","妖術","妖术","6156","地母神の裁き","地母神的裁决"
"职技","68","妖術","妖术","6157","深蒼流","深苍流"
"职技","68","妖術","妖术","6158","アグニの焦炎","阿耆尼的焦炎"
"职技","68","妖術","妖术","6159","アンシェントヘブン","古代天堂"
"职技","68","妖術","妖术","6160","搾精球","榨精球"
"职技","68","妖術","妖术","6161","かんな・そわか","八蛇击"
"职技","68","妖術","妖术","6162","メフィストフェレス","梅菲斯特菲勒斯"
"职技","68","妖術","妖术","6163","空間溶解","空间溶解"
"职技","68","妖術","妖术","6164","ブバスティスの祭列","布巴斯提斯的祭列"
"职技","68","妖術","妖术","6165","天空の蛇神","天空的蛇神"
"职技","68","妖術","妖术","6166","氷炎合乱","冰炎合乱"
"职技","68","妖術","妖术","6167","斉天大聖孫悟空様の大乱舞","齐天大圣孙悟空大人的大乱舞"
"职技","68","妖術","妖术","6168","口にしてはならない文言","不可言说的禁忌之语"
"职技","68","妖術","妖术","6169","圧壊フルバースト","压碎全爆裂"
"职技","68","妖術","妖术","6170","女王の威圧","女王的威压"
"职技","68","妖術","妖术","6171","呑蝕","吞噬"
"职技","68","妖術","妖术","6172","セナルアックス","塞纳尔战斧"
"职技","68","妖術","妖术","6173","量子パルサー","量子脉冲"
"职技","68","妖術","妖术","6174","十次元圧縮","十次元压缩"
"职技","68","妖術","妖术","6175","バタフライエフェクト","蝴蝶效应"
"职技","68","妖術","妖术","6176","黒のやまびこ","黑之回声"
"职技","68","妖術","妖术","6177","龍呑み大水","龙吞大水"
"职技","68","妖術","妖术","6178","禍ツ鬼火","祸之鬼火"
"职技","68","妖術","妖术","6179","黄泉ノ悦楽","黄泉之悦乐"
"职技","68","妖術","妖术","6180","天ノ悦","天之悦"
"职技","68","妖術","妖术","6181","エンドオブドリーム","梦的终结"
"职技","68","妖術","妖术","6182","定義不能悪夢","无法定义的恶梦"
"职技","68","妖術","妖术","6183","胡蝶夢天","蝴蝶梦天"
"职技","68","妖術","妖术","6184","褥の悦舞","褥子的悦舞"
"职技","68","妖術","妖术","6185","ヘブンズゲート","天堂之门"
"职技","68","妖術","妖术","6186","ペルセポネーの誘い","珀耳塞福涅的诱惑"
"职技","68","妖術","妖术","6187","魔王殺しの剣","魔王杀之剑"
"职技","68","妖術","妖术","6188","プレジャータイム","欢乐时光"
"职技","68","妖術","妖术","6189","固有空間・触手蝕々","固有空间・触手蚀蚀"
"职技","68","妖術","妖术","6190","夢舌転々・沌遁無舌","梦舌转转・混沌无舌"
"职技","68","妖術","妖术","6191","死者のブレス","死者之吐息"
"职技","68","妖術","妖术","6192","メテオストライク","陨石冲击"
"职技","68","妖術","妖术","6193","アンナ・カレーニナ","安娜・卡列妮娜"
"职技","68","妖術","妖术","6194","スライムボム","史莱姆炸弹"
"职技","68","妖術","妖术","6195","南極の風","南极之风"
"职技","68","妖術","妖术","6196","搾精剣ワームドレイ","榨精剑吸虫"
"职技","68","妖術","妖术","6197","愛撫ドローン一斉射出","爱抚无人机齐射"
"职技","68","妖術","妖术","6198","エンジェルクッキング","天使烹饪"
"职技","68","妖術","妖术","6199","炎ガードキル","炎防御破坏"
"职技","68","妖術","妖术","6200","氷ガードキル","冰防御破坏"
"职技","68","妖術","妖术","6201","雷ガードキル","雷防御破坏"
"职技","68","妖術","妖术","6202","風ガードキル","风防御破坏"
"职技","68","妖術","妖术","6203","土ガードキル","土防御破坏"
"职技","68","妖術","妖术","6204","水ガードキル","水防御破坏"
"职技","68","妖術","妖术","6205","聖ガードキル","圣防御破坏"
"职技","68","妖術","妖术","6206","闇ガードキル","暗防御破坏"
"职技","68","妖術","妖术","6207","音波ガードキル","音波防御破坏"
"职技","68","妖術","妖术","6208","バイオガードキル","生化防御破坏"
"职技","68","妖術","妖术","6209","結晶世界","结晶世界"
"职技","68","妖術","妖术","6210","ナルカミ","娜尔卡米"
"职技","68","妖術","妖术","6211","覆滅聖雷","覆灭圣雷"
"职技","68","妖術","妖术","6212","天地雷鳴","天地雷鸣"
"职技","68","妖術","妖术","6213","テイルナイトメア","梦魇骑士"
"职技","68","妖術","妖术","6214","夢々想","梦幻想"
"职技","68","妖術","妖术","6215","銀河の魔眼","银河的魔眼"
"职技","68","妖術","妖术","6216","圧壊の魔眼","压碎的魔眼"
"职技","68","妖術","妖术","6217","激情の魔眼","激情的魔眼"
"职技","68","妖術","妖术","6218","聖白狐扇","圣白狐扇"
"职技","68","妖術","妖术","6219","神聖なる魔眼","神圣魔眼"
"职技","68","妖術","妖术","6220","灰燼咆吼","灰烬咆哮"
"职技","68","妖術","妖术","6221","ほうちょう","菜刀"
"职技","68","妖術","妖术","6222","アトミックブレイズ","原子烈焰"
"职技","68","妖術","妖术","6223","クリスタルレイ","水晶之光"
"职技","68","妖術","妖术","6224","マガツナルカミ","祸津神"
"职技","68","妖術","妖术","6225","ハドロンナハト","强子・纳哈特"
"职技","68","妖術","妖术","6226","テラ・ノヴァ","大地・诺瓦"
"职技","68","妖術","妖术","6227","ナノバース","纳米巴斯"
"职技","68","妖術","妖术","6228","メビウスロンド","梅比乌斯・隆多"
"职技","68","妖術","妖术","6229","メギドオンメギド","末日终焉"
"职技","68","妖術","妖术","6230","ゲノムジェネシス","基因创世"
"职技","68","妖術","妖术","6231","ポジトロンウェイブ","正电子波"
"职技","68","妖術","妖术","6232","崩壊重力波","崩坏重力波"
"职技","68","妖術","妖术","6233","コズミックオメガ","宇宙欧米伽"
"职技","68","妖術","妖术","6234","謳夢","歌梦"
"职技","68","妖術","妖术","6235","ジハード","圣战"
"职技","68","妖術","妖术","6236","You shall be as gods",""
"职技","68","妖術","妖术","6237","零に至る無限","无限归零"
"职技","68","妖術","妖术","6238","エクスタスパルサー","绝顶脉冲"
"种族技","50","魔技","","2519","ファイアワルツ","火焰华尔兹"
"种族技","50","魔技","","2520","フレアロンド","烈焰轮舞"
"种族技","50","魔技","","2521","バーンレクイエム","燃烧镇魂曲"
"种族技","50","魔技","","2522","アークオベリスク","弧光方尖碑"
"种族技","50","魔技","","2523","太古の炎","太古之炎"
"种族技","50","魔技","","2524","魔界の煉獄","魔界的炼狱"
"种族技","50","魔技","","2525","氷風","冰风"
"种族技","50","魔技","","2526","霊風氷結","灵风冰结"
"种族技","50","魔技","","2527","極風凍結陣","极风冻结阵"
"种族技","50","魔技","","2528","零下結界","零下结界"
"种族技","50","魔技","","2529","念雷",""
"种族技","50","魔技","","2530","魔雷",""
"种族技","50","魔技","","2531","黒雷","黑雷"
"种族技","50","魔技","","2532","月下の夜想曲","月下夜想曲"
"种族技","50","魔技","","2533","皇雷",""
"种族技","50","魔技","","2534","サジタリア","圣射手"
"种族技","50","魔技","","2535","サンスフィア","太阳光球"
"种族技","50","魔技","","2536","エヴァゲリオ","福音书"
"种族技","50","魔技","","2537","吸血",""
"种族技","50","魔技","","2538","魔精吸血",""
"种族技","50","魔技","","2539","搾血殺","榨血杀"
"种族技","50","魔技","","2540","女王の無限吸血","女王的无尽吸血"
"种族技","50","魔技","","2541","パーフェクトフルムーン","完美满月"
"种族技","50","魔技","","2542","バットチャージ","蝙蝠冲锋"
"种族技","50","魔技","","2543","バットストーム","蝙蝠风暴"
"种族技","50","魔技","","2544","闇の蝙蝠乱舞","暗之蝙蝠乱舞"
"种族技","50","魔技","","2545","ルナ・オーケストラ","月之管弦乐"
"种族技","50","魔技","","2546","毒の魔眼","毒的魔眼"
"种族技","50","魔技","","2547","暗闇の魔眼","黑暗的魔眼"
"种族技","50","魔技","","2548","沈黙の魔眼","沉默的魔眼"
"种族技","50","魔技","","2549","混乱の魔眼","混乱的魔眼"
"种族技","50","魔技","","2550","睡眠の魔眼","睡眠的魔眼"
"种族技","50","魔技","","2551","麻痺の魔眼","麻痹的魔眼"
"种族技","50","魔技","","2552","炎上の魔眼","燃烧的魔眼"
"种族技","50","魔技","","2553","凍結の魔眼","冻结的魔眼"
"种族技","50","魔技","","2554","感電の魔眼","感电的魔眼"
"种族技","50","魔技","","2555","暴走の魔眼","暴走的魔眼"
"种族技","50","魔技","","2556","石化の魔眼","石化的魔眼"
"种族技","50","魔技","","2557","即死の魔眼","即死的魔眼"
"种族技","50","魔技","","2558","王者の魔眼","王者的魔眼"
"种族技","50","魔技","","2559","蛇神の魔眼","蛇神的魔眼"
"种族技","50","魔技","","2560","恍惚の魔眼","恍惚的魔眼"
"种族技","50","魔技","","2561","誘惑の魔眼","诱惑的魔眼"
"种族技","50","魔技","","2562","失禁の魔眼","失禁的魔眼"
"种族技","50","魔技","","2563","絶頂の魔眼","绝顶的魔眼"
"种族技","50","魔技","","2564","浄化の魔眼","净化的魔眼"
"种族技","50","魔技","","2565","回復の魔眼","恢复的魔眼"
"种族技","50","魔技","","2566","全快の魔眼","全恢复的魔眼"
"种族技","50","魔技","","2567","治癒の魔眼","治愈的魔眼"
"种族技","50","魔技","","2568","復活の魔眼","复活的魔眼"
"种族技","50","魔技","","2569","永眠の誘い","永眠的诱惑"
"种族技","50","魔技","","2570","快楽昇天","快乐升天"
"种族技","50","魔技","","2571","舌のムチ","舌鞭"
"种族技","50","魔技","","2572","舌巻き締め","舌缠紧"
"种族技","50","魔技","","2573","神舌乱舞",""
"种族技","50","魔技","","2574","股間ベロベロ舐め","股间舔舔"
"种族技","50","魔技","","2575","螺旋悶絶舐め","螺旋闷绝舔"
"种族技","50","魔技","","2576","快楽舌地獄","快乐舌地狱"
"种族技","50","魔技","","2577","凍り付く接吻","冻结之吻"
"种族技","50","魔技","","2578","流髪吸精","流发吸精"
"种族技","50","魔技","","2579","淫ら髪搾","淫之发榨"
"种族技","50","魔技","","2580","蕩髪絶技","荡发绝技"
"种族技","50","魔技","","2581","八手愛撫","八手爱抚"
"种族技","50","魔技","","2582","地獄手淫重ね","地狱手淫叠加"
"种族技","50","魔技","","2583","吸精マント","吸精斗篷"
"种族技","50","魔技","","2584","淫膜のレクイエム","淫膜的镇魂曲"
"种族技","50","魔技","","2585","地母神の手慰","地母神的手慰"
"种族技","50","魔技","","2586","口淫の贄","口交的祭品"
"种族技","50","魔技","","2587","イシスの房術","伊西斯的房术"
"种族技","50","魔技","","2588","キス・オブ・デス","死亡之吻"
"种族技","50","魔技","","2589","スフィンクスリドル","斯芬克斯谜语"
"种族技","50","魔技","","2590","紫のサバト","紫色安息日"
"种族技","50","魔技","","2591","氷結散華","冰结散华"
"种族技","50","魔技","","2592","無惨氷塵","残酷冰尘"
"种族技","50","魔技","","2593","癒しの風","治愈之风"
"种族技","50","魔技","","2594","デュラハンツインズ","杜拉罕双体"
"种族技","50","魔技","","2595","デュラハンロンド","杜拉罕回旋"
"种族技","50","魔技","","5790","セットサークル","设置圆环"
"种族技","50","魔技","","5791","サフラブルム・アルダ","萨弗拉布鲁姆・阿尔达"
"种族技","50","魔技","","5792","ストレリイーザ","斯特雷里耶扎"
"种族技","50","魔技","","5797","ブルムカール・アルダ","布鲁姆卡尔・阿尔达"
"种族技","50","魔技","","5826","呪髪","咒发"
"种族技","50","魔技","","5827","呪髪・流","咒发・流"
"种族技","50","魔技","","5846","ドレインチェーン","吸收之链"
"种族技","50","魔技","","5889","姉さんの悪夢","姐姐的恶梦"
"种族技","50","魔技","","5898","虚脱の魔眼","虚脱的魔眼"
"种族技","50","魔技","","5899","乳魔王の悪戯","乳魔王的恶作剧"
"种族技","50","魔技","","5900","圧壊の魔眼","压碎的魔眼"
"种族技","50","魔技","","8742","連続用：吸血",""
"种族技","50","魔技","","8743","連続用：魔精吸血",""
"种族技","50","魔技","","8744","連続用：搾血殺",""
"种族技","50","魔技","","8745","連続用：女王の無限吸血",""
"种族技","50","魔技","","8746","連続用：パーフェクトフルムーン",""
"种族技","50","魔技","","9537","倶利伽羅の黒龍","俱利伽罗的黑龙"
"种族技","50","魔技","","9538","黄泉の狂氷","黄泉的狂冰"
"种族技","50","魔技","","9539","夢塵夜","梦尘夜"
"种族技","50","魔技","","9540","白蛇神光",""
"种族技","50","魔技","","9541","楽園の光","乐园之光"
"种族技","50","魔技","","9542","最後の魔眼","最末之魔眼"
"种族技","50","魔技","","9543","大淫婦の魔眼","大淫妇的魔眼"
"种族技","50","魔技","","9544","神祖の魔眼","神祖的魔眼"
"种族技","50","魔技","","9545","エキドナの魔眼","厄喀德那的魔眼"
"种族技","50","魔技","","9546","黎明の魔眼","黎明的魔眼"
"种族技","50","魔技","","9547","邪神の魔眼","邪神的魔眼"
"种族技","50","魔技","","9548","無限舌渦","无限舌涡"
"种族技","50","魔技","","9549","禍津舌波舌渦","祸津舌波舌涡"
"种族技","50","魔技","","9550","ヨモツ髪","黄泉发"
"种族技","50","魔技","","9551","禍津髪","祸津发"
"种族技","51","海技","","2602","水撃","水击"
"种族技","51","海技","","2603","大海嘯","大海啸"
"种族技","51","海技","","2604","メイルシュトローム","大漩涡"
"种族技","51","海技","","2605","潮吹き","鲸喷"
"种族技","51","海技","","2606","ノーチラス","鹦鹉螺"
"种族技","51","海技","","2607","メイルストリーム","大旋流"
"种族技","51","海技","","2608","冷気","冷气"
"种族技","51","海技","","2609","ダイヤモンドダスト","钻石星尘"
"种族技","51","海技","","2610","オーロラエクスキューション","极光处刑"
"种族技","51","海技","","2611","エイジ・オブ・バンシィ","报丧女妖时代"
"种族技","51","海技","","2612","水中放電","水中放电"
"种族技","51","海技","","2613","海神の雷","海神之雷"
"种族技","51","海技","","2614","マーメイドテイル","人鱼之尾"
"种族技","51","海技","","2615","スクリューテイル","螺旋之尾"
"种族技","51","海技","","2616","人魚のサマーソルト","人鱼的空翻"
"种族技","51","海技","","2617","サマーソルトロンド","空翻回旋曲"
"种族技","51","海技","","2618","ジェルプリズン","凝胶监狱"
"种族技","51","海技","","2619","深淵に引きずり込む者","拖入深渊者"
"种族技","51","海技","","2620","深海の供物","深海的供品"
"种族技","51","海技","","2621","マーメイド手淫","人鱼手淫"
"种族技","51","海技","","2622","魚ヒレ愛撫","鱼鳍爱抚"
"种族技","51","海技","","2623","マーメイドレイプ","人鱼强奸"
"种族技","51","海技","","2624","あわあわ","蓬松泡泡"
"种族技","51","海技","","2625","メルティウォッシュ","甜蜜洗涤"
"种族技","51","海技","","2626","癒しの雨","治愈之雨"
"种族技","51","海技","","2627","生命の雨","生命之雨"
"种族技","51","海技","","2628","奇跡の雨","奇迹之雨"
"种族技","51","海技","","2629","アヴァロンの雨","阿瓦隆之雨"
"种族技","51","海技","","2630","惑星最後の雨","行星最后的雨"
"种族技","51","海技","","2631","治癒の雨","愈疗之雨"
"种族技","51","海技","","4378","ボス回復：癒しの雨",""
"种族技","51","海技","","4379","ボス回復：生命の雨",""
"种族技","51","海技","","4380","ボス回復：奇跡の雨",""
"种族技","51","海技","","4381","ボス回復：アヴァロンの雨",""
"种族技","51","海技","","4438","快楽泡地獄","粉碎剪刀"
"种族技","51","海技","","8823","反撃：精神的侵蝕",""
"种族技","51","海技","","8824","発動：オケアノス",""
"种族技","51","海技","","8825","支援：クトゥルフの呼び声",""
"种族技","51","海技","","9555","四海激嘯","四海激啸"
"种族技","51","海技","","9556","オーバーフロウン","溢流"
"种族技","51","海技","","9557","ワールドドロウン","世界沉没者"
"种族技","51","海技","","9558","ルルイエの浮上","拉莱耶的浮现"
"种族技","51","海技","","9559","サマーソルトドリーム","空翻之梦"
"种族技","51","海技","","9560","究極あわあわ地獄","究极泡泡地狱"
"种族技","51","海技","","9561","泡々空間・泡沫楽土","泡泡空间・泡沫乐土"
"种族技","51","海技","","9562","クリオネ捕食","海天使捕食"
"种族技","51","海技","","9563","バンシィボア","报丧女妖吞食"
"种族技","52","粘液技","","25","粘液カウンター","粘液反击"
"种族技","52","粘液技","","26","消化粘液カウンター","消化粘液反击"
"种族技","52","粘液技","","29","ヌルヌル粘液","黏滑粘液"
"种族技","52","粘液技","","2635","スライムとげとげ","史莱姆刺刺"
"种族技","52","粘液技","","2636","スライムスプラッシュ","史莱姆喷溅"
"种族技","52","粘液技","","2637","スライムグングニル","史莱姆冈格尼尔"
"种族技","52","粘液技","","2638","スライムドロウ","史莱姆黏液"
"种族技","52","粘液技","","2639","スライムヘブン","史莱姆天堂"
"种族技","52","粘液技","","2640","スライムユートピア","史莱姆乌托邦"
"种族技","52","粘液技","","2641","メルトシュトローム","熔岩流"
"种族技","52","粘液技","","2642","ナノシュトローム","纳米流"
"种族技","52","粘液技","","2643","恍惚粘液",""
"种族技","52","粘液技","","2644","失禁粘液",""
"种族技","52","粘液技","","2645","溶解液",""
"种族技","52","粘液技","","2646","消化粘液",""
"种族技","52","粘液技","","2647","消化粘液の渦","消化粘液的漩涡"
"种族技","52","粘液技","","2648","ブロブボア","布洛布波"
"种族技","52","粘液技","","2649","蝕肉のレクイエム","蚀肉的镇魂曲"
"种族技","52","粘液技","","2650","消化粘液浸食","消化粘液侵蚀"
"种族技","52","粘液技","","2651","ネバネバ粘液地獄","黏糊糊地狱"
"种族技","52","粘液技","","2652","ドロドロ粘液天国","黏糊糊粘液天堂"
"种族技","52","粘液技","","2653","快楽昇天ドロドロジェル","快乐升天黏液"
"种族技","52","粘液技","","2654","スライム自爆","史莱姆自爆"
"种族技","52","粘液技","","2655","群体核融合",""
"种族技","52","粘液技","","2656","スライムヒール","史莱姆治愈"
"种族技","52","粘液技","","2657","スライムメガヒール","史莱姆大治愈"
"种族技","52","粘液技","","2658","スライムオールヒール","史莱姆全体治愈"
"种族技","52","粘液技","","2659","スライムオールメガヒール","史莱姆全体大治愈"
"种族技","52","粘液技","","2660","スライムキュア","史莱姆愈疗"
"种族技","52","粘液技","","2661","スライムオールキュア","史莱姆全体愈疗"
"种族技","52","粘液技","","2662","スライムレイズ","史莱姆复活"
"种族技","52","粘液技","","2663","アクアシールド","水之护盾"
"种族技","52","粘液技","","2664","アクアミラー","水之镜"
"种族技","52","粘液技","","2665","アクアメタボル","水之代谢"
"种族技","52","粘液技","","2666","アクアリジョン","水之领域"
"种族技","52","粘液技","","2667","にせものスライム","假冒史莱姆"
"种族技","52","粘液技","","2668","究極スライムディフェンス","究极史莱姆防御"
"种族技","52","粘液技","","2669","ネバーランドフロンティア","永无乡边境"
"种族技","52","粘液技","","2670","分裂",""
"种族技","52","粘液技","","2671","ディバインディスティニー","神圣命运"
"种族技","52","粘液技","","2672","究極群体","究极群体"
"种族技","52","粘液技","","2673","飽和粘液","饱和粘液"
"种族技","52","粘液技","","2674","カナデディオール","祸抚奥尔"
"种族技","52","粘液技","","2675","メルティレクイエム","痛苦挽歌"
"种族技","52","粘液技","","4382","ボス回復：スライムヒール",""
"种族技","52","粘液技","","4383","ボス回復：スライムメガヒール",""
"种族技","52","粘液技","","4384","ボス回復：スライムオールヒール",""
"种族技","52","粘液技","","4385","ボス回復：スライムオールメガヒール",""
"种族技","52","粘液技","","4968","毒粘液地獄","毒液地狱"
"种族技","52","粘液技","","8863","発動：スライムボム",""
"种族技","52","粘液技","","9566","重加速粘弾","重加速粘弹"
"种族技","52","粘液技","","9567","超重加速粘弾","超重加速粘弹"
"种族技","52","粘液技","","9568","カオスシュトローム","混沌风暴"
"种族技","52","粘液技","","9569","次元侵蝕粘液","次元侵蚀粘液"
"种族技","52","粘液技","","9570","究極群体核融合","究极群体核融合"
"种族技","52","粘液技","","9571","カナディザスター","祸抚灾难"
"种族技","52","粘液技","","9572","スライムエリクシル","史莱姆圣水"
"种族技","52","粘液技","","9573","カナデの加護","祸抚的庇护"
"种族技","53","獣技","兽技","2678","引っ掻き","抓挠"
"种族技","53","獣技","兽技","2679","一撃の爪","一击之爪"
"种族技","53","獣技","兽技","2680","咬爪乱撃","咬爪乱击"
"种族技","53","獣技","兽技","2681","電塵爪","电尘爪"
"种族技","53","獣技","兽技","2682","乱れ電塵爪","乱电尘爪"
"种族技","53","獣技","兽技","2683","グリフィススクラッチ","格里菲斯抓击"
"种族技","53","獣技","兽技","2684","プラズマランページ","等离子狂怒"
"种族技","53","獣技","兽技","2685","死舞爪",""
"种族技","53","獣技","兽技","2686","噛み付き","咬击"
"种族技","53","獣技","兽技","2687","連続噛み付き","连续咬击"
"种族技","53","獣技","兽技","2688","轟蓮牙","轰莲牙"
"种族技","53","獣技","兽技","2689","双炎牙",""
"种族技","53","獣技","兽技","2690","バーミリオンファング","朱红之牙"
"种族技","53","獣技","兽技","2691","絶氷牙","绝冰牙"
"种族技","53","獣技","兽技","2692","断氷連牙","断冰连牙"
"种族技","53","獣技","兽技","2693","虚牙",""
"种族技","53","獣技","兽技","2694","体当たり","冲撞"
"种族技","53","獣技","兽技","2695","大暴れ","大暴走"
"种族技","53","獣技","兽技","2696","蹂躙撃","蹂躏击"
"种族技","53","獣技","兽技","2697","威嚇","威吓"
"种族技","53","獣技","兽技","2698","おたけび","咆哮"
"种族技","53","獣技","兽技","2699","破壊の咆吼","破坏的咆哮"
"种族技","53","獣技","兽技","2700","啼魔咆吼","啼魔咆哮"
"种族技","53","獣技","兽技","2701","獣魔合乱撃","兽魔合乱击"
"种族技","53","獣技","兽技","2702","獣魔乱舞","兽魔乱舞"
"种族技","53","獣技","兽技","2703","同種殺し","同类杀戮"
"种族技","53","獣技","兽技","2704","おつきさまふたつ","两轮明月"
"种族技","53","獣技","兽技","2705","四つの月","四个月亮"
"种族技","53","獣技","兽技","2706","七つの月","七个月亮"
"种族技","53","獣技","兽技","2707","八つの月","八个月"
"种族技","53","獣技","兽技","2708","九つの月","九个月"
"种族技","53","獣技","兽技","2709","零の月","零之月"
"种族技","53","獣技","兽技","2710","月光きゃのん","月光加农炮"
"种族技","53","獣技","兽技","2711","ついん月光きゃのん","双重月光加农炮"
"种族技","53","獣技","兽技","2712","ベノムアタック","毒液攻击"
"种族技","53","獣技","兽技","2713","ベノンザッパー","毒液连击"
"种族技","53","獣技","兽技","2714","ベノムバウンド","毒液横扫"
"种族技","53","獣技","兽技","2715","ベノムグランテ","毒液大横扫"
"种族技","53","獣技","兽技","2716","尻尾コキ","尾巴挑逗"
"种族技","53","獣技","兽技","2717","獣の口淫","兽之口交"
"种族技","53","獣技","兽技","2718","ワイルドレイプ","野性强奸"
"种族技","53","獣技","兽技","2719","ふわふわしっぽ","蓬松尾巴"
"种族技","53","獣技","兽技","2720","御乳の谷","御乳之谷"
"种族技","53","獣技","兽技","2721","狐の交わり","狐之交合"
"种族技","53","獣技","兽技","2722","ぷにぷに肉球手コキ","软软肉球手淫"
"种族技","53","獣技","兽技","2723","ざらざら猫舌フェラ","粗糙猫舌口交"
"种族技","53","獣技","兽技","2724","凶獣の捕食","凶兽的捕食"
"种族技","53","獣技","兽技","2725","暴竜の捕食","暴龙的捕食"
"种族技","53","獣技","兽技","2726","ビーストハウリング","野兽咆哮"
"种族技","53","獣技","兽技","2727","獣の本能","兽的本能"
"种族技","53","獣技","兽技","2728","ルナティックハイ","狂乱之巅"
"种族技","53","獣技","兽技","2729","ジェノサイドハイ","灭绝之巅"
"种族技","53","獣技","兽技","2730","ぶんしん","分身"
"种族技","53","獣技","兽技","2731","月狂い","月狂"
"种族技","53","獣技","兽技","2732","まねきねこ","招财猫"
"种族技","53","獣技","兽技","2733","ぐっすりにゃんこ","熟睡猫咪"
"种族技","53","獣技","兽技","2734","凍てつく波動","冰冻波动"
"种族技","53","獣技","兽技","2735","絶暴","绝暴"
"种族技","53","獣技","兽技","2736","月謳","月歌"
"种族技","53","獣技","兽技","3525","ふわふわしっぽ","蓬松尾巴"
"种族技","53","獣技","兽技","5836","欲望の尻尾包み","欲望的尾巴包裹"
"种族技","53","獣技","兽技","8821","発動：百魔の咆吼",""
"种族技","53","獣技","兽技","9577","破壊の爪","破坏之爪"
"种族技","53","獣技","兽技","9578","白天滅牙","白天灭牙"
"种族技","53","獣技","兽技","9579","百魔乱舞",""
"种族技","53","獣技","兽技","9580","空間蹂躙","空间蹂躏"
"种族技","53","獣技","兽技","9581","核熱獣乱牙","核热兽乱牙"
"种族技","53","獣技","兽技","9582","超魔核熱獣撃","超魔核热兽击"
"种族技","53","獣技","兽技","9584","不滅虚空牙","不灭虚空牙"
"种族技","53","獣技","兽技","9585","神竜乱牙","神龙乱牙"
"种族技","53","獣技","兽技","9586","虚竜牙","虚龙牙"
"种族技","53","獣技","兽技","9587","無限の月","无限之月"
"种族技","54","蛇技","","2740","蛇撃","蛇击"
"种族技","54","蛇技","","2741","蛇体薙ぎ","蛇体扫荡"
"种族技","54","蛇技","","2742","スネークパニッシャー","蛇碾压者"
"种族技","54","蛇技","","2743","蛇王滅誅","蛇王灭杀"
"种族技","54","蛇技","","2744","ラミアロール","拉米亚滚动"
"种族技","54","蛇技","","2745","ヘビィロール","重滚动"
"种族技","54","蛇技","","2746","悪夢の締め付け","恶梦的紧缚"
"种族技","54","蛇技","","2747","クィーンズロール","女王之卷"
"种族技","54","蛇技","","2748","丸呑み","吞咽"
"种族技","54","蛇技","","2749","悪夢の踊り食い","恶梦的舞蹈吞食"
"种族技","54","蛇技","","2750","クィーンズボア","女王的拥抱"
"种族技","54","蛇技","","2753","やまた・すなめ","邪马台・舔舐"
"种族技","54","蛇技","","2754","やまた・むさり","邪马台・撕咬"
"种族技","54","蛇技","","2755","蛇尾コキ","蛇尾挑逗"
"种族技","54","蛇技","","2756","チロチロフェラ","舌尖舔舐口交"
"种族技","54","蛇技","","2757","ラミアの魔膣","拉米亚的魔穴"
"种族技","54","蛇技","","2758","聖母蛇の抱擁","圣母蛇的拥抱"
"种族技","54","蛇技","","2759","昇天の抱擁","升天的拥抱"
"种族技","54","蛇技","","2760","稚児搾り","榨取稚儿"
"种族技","54","蛇技","","2761","夜叉淫舌",""
"种族技","54","蛇技","","2762","包み乳楽","包乳乐"
"种族技","54","蛇技","","2763","蛇夜伽",""
"种族技","54","蛇技","","2764","淫邪の蛇髪","淫邪的蛇发"
"种族技","54","蛇技","","2765","淫邪の蛇壺","淫邪的蛇壶"
"种族技","54","蛇技","","2766","楽園蛇の誘惑","乐园蛇的诱惑"
"种族技","54","蛇技","","2767","ラミアの祈り","拉米亚的祈祷"
"种族技","54","蛇技","","2768","ラミアの寵光","拉米亚的宠光"
"种族技","54","蛇技","","2769","脱皮","蜕皮"
"种族技","54","蛇技","","2770","コブラの毒牙","眼镜蛇的毒牙"
"种族技","54","蛇技","","2771","触手技殺し","触手技杀手"
"种族技","54","蛇技","","4386","ボス回復：ラミアの祈り",""
"种族技","54","蛇技","","4387","ボス回復：ラミアの寵光",""
"种族技","54","蛇技","","9591","ミドガルズオルム","尘世巨蟒"
"种族技","54","蛇技","","9592","ヨルムンガンド","耶梦加得"
"种族技","55","触手技","","2775","触手撃","触手击"
"种族技","55","触手技","","2776","触手乱舞",""
"种族技","55","触手技","","2777","テンタクルストーム","触手风暴"
"种族技","55","触手技","","2778","剛触手撃","刚触手击"
"种族技","55","触手技","","2779","乱打触手舞",""
"种族技","55","触手技","","2780","テンタクルレイド","触手突袭"
"种族技","55","触手技","","2781","テンタクルブラスト","触手爆破"
"种族技","55","触手技","","2782","ナノテンタクル","纳米触手"
"种族技","55","触手技","","2783","触手拘束",""
"种族技","55","触手技","","2784","テンタクルバインド","触手束缚"
"种族技","55","触手技","","2785","インフェルノバインド","地狱束缚"
"种族技","55","触手技","","2786","蛇縊り","蛇绞杀"
"种族技","55","触手技","","2787","ラミアキャプチャー","拉米亚捕获"
"种族技","55","触手技","","2788","触手愛撫","触手爱抚"
"种族技","55","触手技","","2789","乱れ触手愛撫","乱触手爱抚"
"种族技","55","触手技","","2790","テンタクルワルツ","触手华尔兹"
"种族技","55","触手技","","2791","テンタクルエデン","触手伊甸"
"种族技","55","触手技","","2792","ワームショット","蠕虫射击"
"种族技","55","触手技","","2793","ペインワーム","痛苦蠕虫"
"种族技","55","触手技","","2794","ブレイクワーム","破碎蠕虫"
"种族技","55","触手技","","2795","ディザスターワーム","灾难蠕虫"
"种族技","55","触手技","","2796","カレスワーム","卡雷斯蠕虫"
"种族技","55","触手技","","2797","ヘブンズワーム","天堂蠕虫"
"种族技","55","触手技","","2798","快楽地獄ワーム","快乐地狱蠕虫"
"种族技","55","触手技","","2799","ドレインワーム","吸精虫"
"种族技","55","触手技","","2800","ローズワーム","蔷薇虫"
"种族技","55","触手技","","2801","ボアワーム","巨兽虫"
"种族技","55","触手技","","2802","デボラ・フラットメア","黛博拉・弗拉特梅尔"
"种族技","55","触手技","","2803","消化空間・蕩溶戒界","消化空间・荡溶戒界"
"种族技","55","触手技","","2810","麻痺触手","麻痹触手"
"种族技","55","触手技","","2811","猛毒触手",""
"种族技","55","触手技","","2812","催淫触手",""
"种族技","55","触手技","","2813","即死の触手","即死触手"
"种族技","55","触手技","","2814","失禁の触手","失禁的触手"
"种族技","55","触手技","","2815","スミ","墨汁"
"种族技","55","触手技","","2816","闇霧","暗雾"
"种族技","55","触手技","","2817","ナイトメアミスト","噩梦迷雾"
"种族技","55","触手技","","2818","バイオミスト","生化雾"
"种族技","55","触手技","","2819","アンノウンミスト","未知迷雾"
"种族技","55","触手技","","2820","テンタクルアップ","触手提升"
"种族技","55","触手技","","2821","テンタクルハイアップ","触手高级提升"
"种族技","55","触手技","","2822","テンタクルエクスアップ","触手极限提升"
"种族技","55","触手技","","2823","蛇技殺し","蛇技杀"
"种族技","55","触手技","","2824","蛭蟲侵蝕渦","蛭虫侵蚀涡"
"种族技","55","触手技","","2825","蝕肉群体","蚀肉群体"
"种族技","55","触手技","","9596","デミウルゴス","迪米乌哥斯"
"种族技","55","触手技","","9597","グレート・オールド・ワン","伟大的古老者"
"种族技","55","触手技","","9598","インフィニティバインド","无限束缚"
"种族技","55","触手技","","9599","アンノウンバインド","未知束缚"
"种族技","55","触手技","","9600","テンタクルナイトメア","触手噩梦"
"种族技","55","触手技","","9601","アンノウンナイトメア","未知噩梦"
"种族技","55","触手技","","9602","メギドワーム","终末蠕虫之灾"
"种族技","55","触手技","","9603","究極快楽ワーム","究极快乐虫"
"种族技","55","触手技","","9604","デミウルゴス・ヌル","迪米乌哥斯・黏滑"
"种族技","56","翼技","","2830","羽ばたき","振翅"
"种族技","56","翼技","","2831","強風","强风"
"种族技","56","翼技","","2832","超風","超风"
"种族技","56","翼技","","2833","女王嵐舞","女王风暴舞"
"种族技","56","翼技","","2834","威風","威风"
"种族技","56","翼技","","2835","グライダースパイク","滑翔者突刺"
"种族技","56","翼技","","2836","破壊の翼","破坏之翼"
"种族技","56","翼技","","2837","虚無の翼","虚无之翼"
"种族技","56","翼技","","2838","エイビスの早贄","龙鸟的早贄"
"种族技","56","翼技","","2839","蛇喰らい","蛇噬"
"种族技","56","翼技","","2840","触手喰らい","触手噬"
"种族技","56","翼技","","2841","羽根愛撫","羽抚"
"种族技","56","翼技","","2842","鳥妖の足コキ","鸟妖的足交"
"种族技","56","翼技","","2843","鳥妖の名器","鸟妖的名器"
"种族技","56","翼技","","2844","ハピネス・ロンド","幸福・轮舞"
"种族技","56","翼技","","9607","無空","无空"
"种族技","57","虫技","","27","振動装甲","振动装甲"
"种族技","57","虫技","","45","集団撃","集体击"
"种族技","57","虫技","","46","一族総攻撃","一族总攻击"
"种族技","57","虫技","","2850","ニードル","针"
"种族技","57","虫技","","2851","サウザンドニードル","千针"
"种族技","57","虫技","","2852","ナイトメアニードル","噩梦之针"
"种族技","57","虫技","","2853","フェロモン針","费洛蒙针"
"种族技","57","虫技","","2854","クロー","爪击"
"种族技","57","虫技","","2855","ツインシックル","双镰"
"种族技","57","虫技","","2856","ルナティッククロー","月蚀爪击"
"种族技","57","虫技","","2857","マザークロー","母爪"
"种族技","57","虫技","","2858","干渉波クロー","干涉波之爪"
"种族技","57","虫技","","2859","振動波","振动波"
"种族技","57","虫技","","2860","ソニックウェイブ","音速波动"
"种族技","57","虫技","","2861","マイクロ波シェル","微波外壳"
"种族技","57","虫技","","2862","レギオンビュート","军团鞭击"
"种族技","57","虫技","","2863","アポカリプスビュート","末日之鞭"
"种族技","57","虫技","","2864","殻撃","壳击"
"种族技","57","虫技","","2865","ヘラクレスシェル","大力神壳"
"种族技","57","虫技","","2866","究極装甲撃","究极装甲击"
"种族技","57","虫技","","2867","ネバネバ糸","黏黏丝"
"种族技","57","虫技","","2868","アラクネウェブ","阿拉克涅网"
"种族技","57","虫技","","2869","アラクネ・リプロア","阿拉克涅・利普罗亚"
"种族技","57","虫技","","2870","陶酔の繭","陶醉之茧"
"种族技","57","虫技","","2871","吸精の繭","吸精的茧"
"种族技","57","虫技","","2872","シルキィロスヘブン","丝滑天堂"
"种族技","57","虫技","","2873","八本足乱撃","八足乱击"
"种族技","57","虫技","","2874","常世の蜘蛛","常世之蜘蛛"
"种族技","57","虫技","","2875","煉獄の淫蠅","炼狱淫蝇"
"种族技","57","虫技","","2876","死蝿の葬列","死蝇葬列"
"种族技","57","虫技","","2877","集団撃","集体击"
"种族技","57","虫技","","2878","一族総攻撃","一族总攻击"
"种族技","57","虫技","","2879","蜘蛛の補食","蜘蛛的捕食"
"种族技","57","虫技","","2880","妖蜘蛛の餌食","妖蜘蛛的饵食"
"种族技","57","虫技","","2881","体液搾取","体液榨取"
"种族技","57","虫技","","2882","ペトラテイル","佩特拉蒂尔"
"种族技","57","虫技","","2883","産卵地獄","产卵地狱"
"种族技","57","虫技","","2884","蜜たっぷりパイズリ","蜜汁满满乳交"
"种族技","57","虫技","","2885","蜜吸いフェラ","蜜吸吮口交"
"种族技","57","虫技","","2886","股間粘糸責め","股间粘丝责"
"种族技","57","虫技","","2887","種涸らしの糸つぼ","种子枯竭之丝壶"
"种族技","57","虫技","","2888","女王の生殖壺","女王的生殖壶"
"种族技","57","虫技","","2889","淫蟲大蹂躙","淫虫大蹂躏"
"种族技","57","虫技","","2890","鱗粉","鳞粉"
"种族技","57","虫技","","2891","恍惚の鱗粉","恍惚的鳞粉"
"种族技","57","虫技","","2892","死者の鱗粉","死者之鳞粉"
"种族技","57","虫技","","2893","灰燼鱗粉","灰烬鳞粉"
"种族技","57","虫技","","2894","フェロモンキッス","费洛蒙之吻"
"种族技","57","虫技","","2895","集団行動","集体行动"
"种族技","57","虫技","","2896","軍団支配者","军团支配者"
"种族技","57","虫技","","2897","集団防御","集体防御"
"种族技","57","虫技","","2898","植物技殺し","植物技杀手"
"种族技","57","虫技","","3315","遊ぶ：大量のゴキブリ",""
"种族技","57","虫技","","3748","股間粘糸責め","股间粘丝责"
"种族技","57","虫技","","8747","連続用：殻撃",""
"种族技","57","虫技","","8748","連続用：ヘラクレスシェル",""
"种族技","57","虫技","","8749","連続用：究極装甲撃",""
"种族技","57","虫技","","9611","ファナティックニードル","狂热之针"
"种族技","57","虫技","","9612","ゲシュタルトクロー","格式塔之爪"
"种族技","57","虫技","","9613","分子崩壊シェル","分子崩解之壳"
"种族技","57","虫技","","9614","ハイブマインド","蜂巢思维"
"种族技","57","虫技","","9615","大地を覆う神蜘蛛の巣","覆盖大地的神蜘蛛之网"
"种族技","57","虫技","","9616","八神無間脚","八神无间脚"
"种族技","58","植物技","","38","ビーナスネペンテス","维纳斯之花"
"种族技","58","植物技","","2903","ツタ攻撃","藤蔓攻击"
"种族技","58","植物技","","2904","ツタ薙ぎ","藤蔓扫荡"
"种族技","58","植物技","","2905","ツタ蹂躙地獄","藤蔓蹂躏地狱"
"种族技","58","植物技","","2906","ツタ愛撫","藤蔓爱抚"
"种族技","58","植物技","","2907","ツタ吸精","藤蔓吸精"
"种族技","58","植物技","","2908","メルティイビー","梅尔蒂伊比"
"种族技","58","植物技","","2909","レクイエムイビー","镇魂曲毒蜂"
"种族技","58","植物技","","2910","快楽地獄のツタ","快乐地狱的藤蔓"
"种族技","58","植物技","","2911","ツタ巻き付き","藤蔓缠绕"
"种族技","58","植物技","","2912","オールバインド","全体束缚"
"种族技","58","植物技","","2913","淫花吸精",""
"种族技","58","植物技","","2914","搾死の薔薇","榨死的蔷薇"
"种族技","58","植物技","","2915","九十九乱れ華","九十九乱华"
"种族技","58","植物技","","2916","散花",""
"种族技","58","植物技","","2917","花葬",""
"种族技","58","植物技","","2918","魔花の搾檻","魔花榨槛"
"种族技","58","植物技","","2919","魔性の棘","魔性之棘"
"种族技","58","植物技","","2920","冥府の棘","冥府之棘"
"种族技","58","植物技","","2921","陶酔の芳香","陶醉的芳香"
"种族技","58","植物技","","2922","フラワーフレグランス","花之芬芳"
"种族技","58","植物技","","2923","失禁の魔香","失禁之魔香"
"种族技","58","植物技","","2924","眠りの花粉","睡眠的花粉"
"种族技","58","植物技","","2925","石化の花粉","石化的花粉"
"种族技","58","植物技","","2926","アズテックローズ","阿兹特克蔷薇"
"种族技","58","植物技","","2927","終末の芳香","终末芳香"
"种族技","58","植物技","","2928","苗床の抱擁","苗床拥抱"
"种族技","58","植物技","","2929","胞子苗床地獄","孢子苗床地狱"
"种族技","58","植物技","","2930","マンドラゴラの叫び","曼德拉草的呼喊"
"种族技","58","植物技","","2931","陶酔のウツボカズラ","陶醉的猪笼草"
"种族技","58","植物技","","2932","ビーナストラップ","维纳斯陷阱"
"种族技","58","植物技","","2933","ビーナスネペンテス","维纳斯之花"
"种族技","58","植物技","","2934","癒しの蜜","治愈之蜜"
"种族技","58","植物技","","2935","祝福の蜜","祝福之蜜"
"种族技","58","植物技","","2936","奇跡の蜜","奇迹的蜜"
"种族技","58","植物技","","2937","治療の蜜","治疗的蜜"
"种族技","58","植物技","","2938","快癒の蜜","快愈的蜜"
"种族技","58","植物技","","2939","女王花の蜜","女王花的蜜"
"种族技","58","植物技","","2940","世界樹の蜜","世界树的蜜"
"种族技","58","植物技","","2941","胞子乱舞",""
"种族技","58","植物技","","2942","虫技殺し","虫技杀"
"种族技","58","植物技","","4388","ボス回復：癒しの蜜",""
"种族技","58","植物技","","4389","ボス回復：祝福の蜜",""
"种族技","58","植物技","","4390","ボス回復：奇跡の蜜",""
"种族技","58","植物技","","4391","ボス回復：女王花の蜜",""
"种族技","58","植物技","","4392","ボス回復：世界樹の蜜",""
"种族技","58","植物技","","4601","苗床の抱擁","苗床拥抱"
"种族技","58","植物技","","5825","ランパスドロップ","兰帕丝蜜糖"
"种族技","58","植物技","","8826","発動：弱化の花粉",""
"种族技","58","植物技","","8883","強化：世界樹の蜜",""
"种族技","58","植物技","","8886","強化：快癒の蜜",""
"种族技","58","植物技","","8887","強化：女王花の蜜",""
"种族技","58","植物技","","9620","破壊のツタ","破坏之藤"
"种族技","58","植物技","","9621","全てを壊し尽くすツタ","毁灭一切的藤蔓"
"种族技","58","植物技","","9622","緑竜","绿龙"
"种族技","58","植物技","","9623","大地を覆う搾精のツタ","覆盖大地的榨精藤蔓"
"种族技","58","植物技","","9624","妖花繚乱","妖花缭乱"
"种族技","58","植物技","","9625","慈愛の聖花","慈爱的圣花"
"种族技","58","植物技","","9626","終末昇天花","终末升天花"
"种族技","58","植物技","","9627","華音の吐息","华音的吐息"
"种族技","58","植物技","","9628","発動：華音の吐息",""
"种族技","58","植物技","","9629","丸呑みの聖果実","吞噬的圣果实"
"种族技","58","植物技","","9630","ラストネペンテス","最终食人花"
"种族技","58","植物技","","9631","華音の右手と左手","华音的右手与左手"
"种族技","58","植物技","","9632","緑竜波","绿龙波"
"种族技","59","屍技","尸技","2945","しがみつき","紧抱"
"种族技","59","屍技","尸技","2946","毒の抱擁","毒之拥抱"
"种族技","59","屍技","尸技","2947","感染抱擁","感染拥抱"
"种族技","59","屍技","尸技","2948","むしゃぶりつき","猛吸"
"种族技","59","屍技","尸技","2949","ネクロファング","死灵之牙"
"种族技","59","屍技","尸技","2950","マッドネスグレイブ","疯狂之刃"
"种族技","59","屍技","尸技","2951","包帯撃","绷带击"
"种族技","59","屍技","尸技","2952","包帯乱舞","绷带乱舞"
"种族技","59","屍技","尸技","2953","鬼火",""
"种族技","59","屍技","尸技","2954","エビルフィアー","邪恶之炎"
"种族技","59","屍技","尸技","2955","バーンソウル","燃烧灵魂"
"种族技","59","屍技","尸技","2956","アークインフェルノ","地狱之炎"
"种族技","59","屍技","尸技","2957","ファラオの呪い","法老的诅咒"
"种族技","59","屍技","尸技","2958","ソーラーエクリプス","日食"
"种族技","59","屍技","尸技","2959","憑依","附身"
"种族技","59","屍技","尸技","2960","毒のキッス","毒吻"
"种族技","59","屍技","尸技","2961","渇望の口淫","渴望的口交"
"种族技","59","屍技","尸技","2962","背徳の電気按摩","背德的电击按摩"
"种族技","59","屍技","尸技","2963","実りなき生殖","无果的生殖"
"种族技","59","屍技","尸技","2964","ミイラバンデージ","木乃伊捆绑"
"种族技","59","屍技","尸技","2965","ミイラパッケージ","木乃伊包裹"
"种族技","59","屍技","尸技","2966","ゴーストタッチ","幽灵之触"
"种族技","59","屍技","尸技","2967","ゴーストリップ","幽灵剥离"
"种族技","59","屍技","尸技","2968","ゴーストレイプ","幽灵强奸"
"种族技","59","屍技","尸技","2969","びっくり箱","惊吓箱"
"种族技","59","屍技","尸技","2970","ミミックボア","宝箱怪吞噬"
"种族技","59","屍技","尸技","2971","パンドラボア","潘多拉吞噬"
"种族技","59","屍技","尸技","2972","霊体化","灵体化"
"种族技","59","屍技","尸技","9635","リビングデッドの狂宴","活死人的狂宴"
"种族技","59","屍技","尸技","9636","カオスオブザデッド","混沌亡者"
"种族技","59","屍技","尸技","9637","冥府の業火","冥府业火"
"种族技","59","屍技","尸技","9638","不滅の呪い","不灭诅咒"
"种族技","59","屍技","尸技","9639","コキュートス","冰结地狱"
"种族技","59","屍技","尸技","9640","ミミックデスシャウト","宝箱怪死亡呐喊"
"种族技","59","屍技","尸技","9641","ミミック無限蝕肉","宝箱怪无限蚀肉"
"种族技","59","屍技","尸技","9642","パンドラレクイエム","潘多拉镇魂曲"
"种族技","60","造技","","2978","マイクロドリル","微型钻头"
"种族技","60","造技","","2979","ドリルアーツ","钻头技艺"
"种族技","60","造技","","2980","火炎放射","火焰喷射"
"种族技","60","造技","","2981","冷凍放射","冷冻喷射"
"种族技","60","造技","","2982","ヒートスマッシュ","热能猛击"
"种族技","60","造技","","2983","ヒートラッシュ","热能冲击"
"种族技","60","造技","","2984","アイススマッシュ","冰冻猛击"
"种族技","60","造技","","2985","アイスチャージ","冰冻充能"
"种族技","60","造技","","2986","分解撃","分解攻击"
"种族技","60","造技","","2987","ドールズシージ","人偶战术"
"种族技","60","造技","","2988","自爆",""
"种族技","60","造技","","2989","ジェノサイドボム","种族灭绝炸弹"
"种族技","60","造技","","2990","マキシマムボム","最大爆炸"
"种族技","60","造技","","2991","次元陥落","次元崩塌"
"种族技","60","造技","","2992","悪夢の捕食人形","恶梦的捕食人偶"
"种族技","60","造技","","2997","ベクターウィルス","矢量病毒"
"种族技","60","造技","","2998","磁気嵐","磁暴"
"种族技","60","造技","","2999","パルスフィールド","脉冲场"
"种族技","60","造技","","3000","フォースフィールド","力场"
"种族技","60","造技","","3001","冷凍光線","冷冻光线"
"种族技","60","造技","","3002","フロストパルサー","霜冻脉冲"
"种族技","60","造技","","3003","イグニッションビット","点火比特"
"种族技","60","造技","","3004","リーサルビット","致命比特"
"种族技","60","造技","","3005","ナノフレア","纳米耀斑"
"种族技","60","造技","","3006","ボーカロイドの口遣い","声乐人偶的口技"
"种族技","60","造技","","3007","ボーカロイドレイプ","声乐人偶强奸"
"种族技","60","造技","","3008","動力補給","动力补给"
"种族技","60","造技","","3009","悪夢の抱擁","恶梦的拥抱"
"种族技","60","造技","","3010","バキュームテイル","真空尾"
"种族技","60","造技","","3011","複乳連姦","双乳连奸"
"种族技","60","造技","","3012","スプラッシュタン","溅射舌"
"种族技","60","造技","","3013","プラントアーム","植物臂"
"种族技","60","造技","","3014","搾精器プリエストラ","榨精器普利埃斯特拉"
"种族技","60","造技","","3015","搾精器ロストエンプレス","榨精器洛斯托恩普雷斯"
"种族技","60","造技","","3016","怪音波",""
"种族技","60","造技","","3017","遺伝子取り込み","遗传子摄取"
"种族技","60","造技","","3018","ジェネアビス","杰内阿比斯"
"种族技","60","造技","","3019","自己再生","自我再生"
"种族技","60","造技","","3020","完全修復","完全修复"
"种族技","60","造技","","3021","リミッター解除","解除限制器"
"种族技","60","造技","","3022","魔導暴走","魔导暴走"
"种族技","60","造技","","3023","遺伝子活性","遗传子活性"
"种族技","60","造技","","4393","ボス回復：自己再生",""
"种族技","60","造技","","4394","ボス回復：完全修復",""
"种族技","60","造技","","5539","搾精器ラテミア","榨精器拉特米亚"
"种族技","60","造技","","8828","発動：マイティミサイル",""
"种族技","60","造技","","8829","支援：支援ビット",""
"种族技","60","造技","","8830","支援：バスタービット",""
"种族技","60","造技","","8831","支援：サテライトビット",""
"种族技","60","造技","","8832","支援：オメガビット",""
"种族技","60","造技","","8833","反撃：CIWS",""
"种族技","60","造技","","8834","反撃：アドバンスドCIWS",""
"种族技","60","造技","","8835","反撃：ハイアドバンスドCIWS",""
"种族技","60","造技","","8836","反撃：オメガCIWS",""
"种族技","60","造技","","8837","支援：アシストバルカン",""
"种族技","60","造技","","8838","支援：アシストバースト",""
"种族技","60","造技","","8839","支援：アシストフルバースト",""
"种族技","60","造技","","8840","支援：アシストギガバースト",""
"种族技","60","造技","","8889","影紬大爆発","影䌷大爆炸"
"种族技","60","造技","","9646","究極人形アーツ","究极人偶技艺"
"种族技","60","造技","","9647","デウスアーツ","神之技艺"
"种族技","60","造技","","9648","終末カーテンコール","终末谢幕"
"种族技","60","造技","","9649","グラビディフィールド","重力领域"
"种族技","60","造技","","9650","グラビディワールド","重力世界"
"种族技","60","造技","","9651","波動砲","波动炮"
"种族技","60","造技","","9652","レーザー","激光"
"种族技","60","造技","","9653","ナノレーザー","纳米激光"
"种族技","60","造技","","9654","マシンガンアーム","机枪手臂"
"种族技","60","造技","","9655","レッグキャノン","腿部加农炮"
"种族技","60","造技","","9656","炸裂徹甲ブレストキャノン","炸裂穿甲爆破加农炮"
"种族技","60","造技","","9657","次元閉遮式レールガン","次元闭遮式轨道炮"
"种族技","60","造技","","9658","オーバーアクセル","超加速"
"种族技","60","造技","","9659","ナノドライブ","纳米驱动"
"种族技","60","造技","","9660","ビームライフル","光束步枪"
"种族技","60","造技","","9661","メガビームキャノン","巨型光束加农炮"
"种族技","60","造技","","9662","ツインビームキャノン","双光束加农炮"
"种族技","60","造技","","9663","試作型ライザーキャノン","试作型雷射加农炮"
"种族技","60","造技","","9664","波動ライザーキャノン","波动激光加农炮"
"种族技","60","造技","","9665","マイクロミサイル","微型导弹"
"种族技","60","造技","","9666","ミサイルスプラッシュ","导弹溅射"
"种族技","60","造技","","9667","ミサイルレイン","导弹雨"
"种族技","60","造技","","9668","インフェルノレイン","地狱雨"
"种族技","60","造技","","9669","ビームソード","光束剑"
"种族技","60","造技","","9670","ビームバスターソード","光束破坏剑"
"种族技","60","造技","","9671","ビームライザーソード","光束激光剑"
"种族技","60","造技","","9672","対星喰い裂断ソード","对星喰裂断剑"
"种族技","60","造技","","9673","神具XIII:ユダ",""
"种族技","60","造技","","9674","特級神具VIII:アグニカノン",""
"种族技","60","造技","","9675","特級神具IV:メルクリウス",""
"种族技","60","造技","","9676","特級神具V:エクスパルサー",""
"种族技","60","造技","","9677","特級神具IV:ガイアグラビディ",""
"种族技","60","造技","","9678","特級神具IX:セントフレア",""
"种族技","60","造技","","9679","エンドフルバースト","终焉全爆破"
"种族技","60","造技","","10066","典雅婉麗人形乱舞","典雅婉丽人偶乱舞"
"种族技","60","造技","","10067","コズミックフィールド","宇宙领域"
"种族技","61","自然感応","自然感应","3028","ファイアボール","火球"
"种族技","61","自然感応","自然感应","3029","火柱",""
"种族技","61","自然感応","自然感应","3030","マグマ","岩浆"
"种族技","61","自然感応","自然感应","3031","氷結","冰结"
"种族技","61","自然感応","自然感应","3032","氷柱","冰柱"
"种族技","61","自然感応","自然感应","3033","大氷河","大冰河"
"种族技","61","自然感応","自然感应","3034","落雷",""
"种族技","61","自然感応","自然感应","3035","稲妻","闪电"
"种族技","61","自然感応","自然感应","3036","大轟雷","大轰雷"
"种族技","61","自然感応","自然感应","3037","かまいたち","镰鼬"
"种族技","61","自然感応","自然感应","3038","突風","突风"
"种族技","61","自然感応","自然感应","3039","大旋風","大旋风"
"种族技","61","自然感応","自然感应","3040","シャムシール","风之刃"
"种族技","61","自然感応","自然感应","3041","テラサイクロン","大地旋风"
"种族技","61","自然感応","自然感应","3042","崖崩れ","山崩"
"种族技","61","自然感応","自然感应","3043","地震",""
"种族技","61","自然感応","自然感应","3044","大地の怒り","大地之怒"
"种族技","61","自然感応","自然感应","3045","大地咆吼","大地咆哮"
"种族技","61","自然感応","自然感应","3046","鉄砲水","暴洪"
"种族技","61","自然感応","自然感应","3047","津波","海啸"
"种族技","61","自然感応","自然感应","3048","大洪水",""
"种族技","61","自然感応","自然感应","3049","タイダルウェイブ","潮汐波浪"
"种族技","61","自然感応","自然感应","3050","毒沼",""
"种族技","61","自然感応","自然感应","3051","猛毒旋風","猛毒旋风"
"种族技","61","自然感応","自然感应","3052","恍惚の風","恍惚之风"
"种族技","61","自然感応","自然感应","3053","風のセレナーデ","风的夜曲"
"种族技","61","自然感応","自然感应","3054","地母神の聖餐","地母神的圣餐"
"种族技","61","自然感応","自然感应","3055","フェアリーヒール","妖精治愈"
"种族技","61","自然感応","自然感应","3056","ワンダーヒール","奇迹治愈"
"种族技","61","自然感応","自然感应","3057","マジカルライズ","魔法复苏"
"种族技","61","自然感応","自然感应","3058","森の癒し","森林的治愈"
"种族技","61","自然感応","自然感应","3059","森の奇跡","森林的奇迹"
"种族技","61","自然感応","自然感应","3060","森の守り","森林的守护"
"种族技","61","自然感応","自然感应","3061","女王の祈り","女王的祈祷"
"种族技","61","自然感応","自然感应","3062","星の癒し","星辰的治愈"
"种族技","61","自然感応","自然感应","4395","ボス回復：フェアリーヒール",""
"种族技","61","自然感応","自然感应","4396","ボス回復：ワンダーヒール",""
"种族技","61","自然感応","自然感应","4397","ボス回復：森の癒し",""
"种族技","61","自然感応","自然感应","4398","ボス回復：森の奇跡",""
"种族技","61","自然感応","自然感应","4399","ボス回復：星の癒し",""
"种族技","61","自然感応","自然感应","5019","溶岩","熔岩"
"种族技","61","自然感応","自然感应","9683","塵風","尘风"
"种族技","61","自然感応","自然感应","9684","千夜・塵風","千夜・尘风"
"种族技","61","自然感応","自然感应","9685","星吼",""
"种族技","61","自然感応","自然感应","9686","星護蝶","星护蝶"
"种族技","61","自然感応","自然感应","9687","神竜大海嘯","神龙大海啸"
"种族技","61","自然感応","自然感应","9688","虚竜の大海嘯","虚龙的大海啸"
"种族技","62","ブレス","吐息","3068","火の息","火之吐息"
"种族技","62","ブレス","吐息","3069","火炎の息","火焰之息"
"种族技","62","ブレス","吐息","3070","激しい炎","炽烈的火焰"
"种族技","62","ブレス","吐息","3071","灼熱の炎","灼热之炎"
"种族技","62","ブレス","吐息","3072","煉獄の火炎","炼狱之火焰"
"种族技","62","ブレス","吐息","3073","核熱の息","核热之气息"
"种族技","62","ブレス","吐息","3074","冷たい息","冷之气息"
"种族技","62","ブレス","吐息","3075","凍りつく息","冻结之气息"
"种族技","62","ブレス","吐息","3076","凍える吹雪","冰冻暴风雪"
"种族技","62","ブレス","吐息","3077","輝く息","闪耀气息"
"种族技","62","ブレス","吐息","3078","量子の息","量子的气息"
"种族技","62","ブレス","吐息","3079","サンダーブレス","雷电吐息"
"种族技","62","ブレス","吐息","3080","トリプルブレス","三重吐息"
"种族技","62","ブレス","吐息","3081","バイオブレス","生化吐息"
"种族技","62","ブレス","吐息","3082","ホーリーブレス","神圣吐息"
"种族技","62","ブレス","吐息","3083","ダークブレス","黑暗吐息"
"种族技","62","ブレス","吐息","3084","レインボーブレス","彩虹吐息"
"种族技","62","ブレス","吐息","3085","毒の息","毒息"
"种族技","62","ブレス","吐息","3086","甘い息","甜息"
"种族技","62","ブレス","吐息","3087","焼けつく息","灼息"
"种族技","62","ブレス","吐息","3088","臭い息","臭息"
"种族技","62","ブレス","吐息","3089","石化ブレス","石化吐息"
"种族技","62","ブレス","吐息","8822","反撃：接触的侵蝕",""
"种族技","62","ブレス","吐息","9692","無塵焔","无尘焰"
"种族技","62","ブレス","吐息","9693","極零光","极零光"
"种族技","62","ブレス","吐息","9694","イオンブレス","离子吐息"
"种族技","62","ブレス","吐息","9695","ハドロンブレス","强子吐息"
"种族技","62","ブレス","吐息","9696","ガイアブレス","盖亚吐息"
"种族技","62","ブレス","吐息","9697","マグナ・ノヴァ","玛格纳・诺瓦"
"种族技","62","ブレス","吐息","9698","アークブレス","弧光吐息"
"种族技","62","ブレス","吐息","9699","破滅のブレス","毁灭的吐息"
"种族技","62","ブレス","吐息","9700","フェニックスブレス","凤凰吐息"
"种族技","62","ブレス","吐息","9701","次元侵蝕ブレス","次元侵蚀吐息"
"种族技","62","ブレス","吐息","9702","ゴッドブレス","神之吐息"
"种族技","62","ブレス","吐息","9703","サタンブレス","撒旦吐息"
"种族技","69","巨技","","9730","踏みつけ","践踏"
"种族技","69","巨技","","9731","握り潰す","捏碎"
"种族技","69","巨技","","9732","巨人の鉄槌","巨人的铁锤"
"种族技","69","巨技","","9733","巨神鉄拳","巨神铁拳"
"种族技","69","巨技","","9734","惑星衝突","行星撞击"
"种族技","69","巨技","","9735","巨人乱舞",""
"种族技","69","巨技","","9736","巨神の地ならし","巨神的地平线"
"种族技","69","巨技","","9737","コズミックレイン","宇宙之雨"
"种族技","69","巨技","","9738","岩石投げ","投掷岩石"
"种族技","69","巨技","","9739","メガトンプレス","百万吨重压"
"种族技","69","巨技","","9740","ファイナルプレス","最终重压"
"种族技","69","巨技","","9741","巨人の咆吼","巨人的咆哮"
"种族技","69","巨技","","9742","巨神の咆吼","巨神的咆哮"
"种族技","69","巨技","","9743","恒星の核熱","恒星的核心热"
"种族技","69","巨技","","9744","コズミックウェイブ","宇宙波"
"种族技","69","巨技","","9745","アイスミサイル","冰冻导弹"
"种族技","69","巨技","","9746","アイスビット","冰之比特"
"种族技","69","巨技","","9747","ゴーレムキャノン","魔像加农炮"
"种族技","69","巨技","","9748","神威鉄槌","神威铁锤"
"种族技","69","巨技","","9749","巨舌",""
"种族技","69","巨技","","9750","爆乳圧殺","爆乳压杀"
"种族技","69","巨技","","9751","巨人の丸呑み","巨人的吞咽"
"种族技","69","巨技","","9752","巨神の生け贄","巨神的祭品"
"种族技","69","巨技","","9753","星喰い","星喰"
"种族技","69","巨技","","9754","巨神の守り","巨神的守护"
"种族技","69","巨技","","9755","オールトの守り","奥尔特的守护"
"特殊技","63","特技","","39","援軍","援军"
"特殊技","63","特技","","2596","竜魂魔導","龙魂魔导"
"特殊技","63","特技","","2751","石化撃","石化攻击"
"特殊技","63","特技","","2752","石化乱撃","石化乱击"
"特殊技","63","特技","","3094","手当て","治疗"
"特殊技","63","特技","","3095","お祈り","祈祷"
"特殊技","63","特技","","3096","力溜め","蓄力"
"特殊技","63","特技","","3097","気合い溜め","集中蓄力"
"特殊技","63","特技","","3098","全力溜め","全力蓄力"
"特殊技","63","特技","","3099","練気","练气"
"特殊技","63","特技","","3100","裏練気","暗练气"
"特殊技","63","特技","","3101","鋼体","钢体"
"特殊技","63","特技","","3102","竜鋼体","龙钢体"
"特殊技","63","特技","","3103","魔力集中",""
"特殊技","63","特技","","3104","精神集中",""
"特殊技","63","特技","","3105","初心",""
"特殊技","63","特技","","3106","シルフ","希尔芙"
"特殊技","63","特技","","3107","ノーム","诺姆"
"特殊技","63","特技","","3108","ウンディーネ","温蒂妮"
"特殊技","63","特技","","3109","サラマンダー","萨拉曼达"
"特殊技","63","特技","","3110","創世の女神イリアス","创世女神伊莉娅丝"
"特殊技","63","特技","","3111","四精霊同時召喚","四精灵同时召唤"
"特殊技","63","特技","","3112","風の戯れ","风之戏"
"特殊技","63","特技","","3113","疾風の極み","疾风的极致"
"特殊技","63","特技","","3114","大地の息吹","大地的气息"
"特殊技","63","特技","","3115","荒ぶる大地","狂暴的大地"
"特殊技","63","特技","","3116","明鏡止水","明镜止水"
"特殊技","63","特技","","3117","深呼吸",""
"特殊技","63","特技","","3118","戦術的呼吸法","战术呼吸法"
"特殊技","63","特技","","3119","自己治療","自我治疗"
"特殊技","63","特技","","3120","超自己治療","超级自我治疗"
"特殊技","63","特技","","3121","背水",""
"特殊技","63","特技","","3122","裏背水","反背水"
"特殊技","63","特技","","3123","究極背水","究极背水"
"特殊技","63","特技","","3124","バーサーカー化","狂战士化"
"特殊技","63","特技","","3125","超バーサーカー化","超级狂战士化"
"特殊技","63","特技","","3126","変身","变身"
"特殊技","63","特技","","3127","超変身","超级变身"
"特殊技","63","特技","","3128","マジカルチェンジ","魔法变身"
"特殊技","63","特技","","3129","魔女化",""
"特殊技","63","特技","","3130","確保ホールド","确保拘捕"
"特殊技","63","特技","","3131","援軍要請","请求援军"
"特殊技","63","特技","","3132","ウェポンブレイク","武器破坏"
"特殊技","63","特技","","3133","アーマーブレイク","护甲破坏"
"特殊技","63","特技","","3134","マジックブレイク","魔法破坏"
"特殊技","63","特技","","3135","マインドブレイク","精神破坏"
"特殊技","63","特技","","3136","スピードブレイク","速度破坏"
"特殊技","63","特技","","3137","テクニックブレイク","技巧破坏"
"特殊技","63","特技","","3138","ウェポンインパクト","武器冲击"
"特殊技","63","特技","","3139","アーマーインパクト","护甲冲击"
"特殊技","63","特技","","3140","マジックインパクト","魔法冲击"
"特殊技","63","特技","","3141","マインドインパクト","精神冲击"
"特殊技","63","特技","","3142","スピードインパクト","速度冲击"
"特殊技","63","特技","","3143","テクニックインパクト","技巧冲击"
"特殊技","63","特技","","3144","間欠泉","间歇泉"
"特殊技","63","特技","","3145","アクアスプラッシュ","水花飞溅"
"特殊技","63","特技","","3146","なだめる","驯服"
"特殊技","63","特技","","3147","ぱふぱふ","啪呼啪呼"
"特殊技","63","特技","","3148","破廉恥盗み","无耻偷窃"
"特殊技","63","特技","","3149","セクシービーム","性感光束"
"特殊技","63","特技","","3150","ピンクタイフーン","粉红台风"
"特殊技","63","特技","","3151","ステージタイム","舞台时间"
"特殊技","63","特技","","3152","聖杯の奇跡","圣杯的奇迹"
"特殊技","63","特技","","3153","ハードジョブモード","硬核工作模式"
"特殊技","63","特技","","3154","酒飲み","酒鬼"
"特殊技","63","特技","","3155","あなほり","挖洞"
"特殊技","63","特技","","3156","カニ光線","螃蟹光线"
"特殊技","63","特技","","3157","冷凍カニ光線","冷冻蟹光线"
"特殊技","63","特技","","3158","しゃぶる","吸吮"
"特殊技","63","特技","","3159","搾精孔吸精","榨精孔吸精"
"特殊技","63","特技","","3160","ミミズ千匹吸精","千条蚯蚓吸精"
"特殊技","63","特技","","3161","アビスドレイン","深渊吸精"
"特殊技","63","特技","","3162","スィートワーム","甜蜜蠕虫"
"特殊技","63","特技","","3163","スラッグドレイン","黏液吸精"
"特殊技","63","特技","","3164","スラッグボア","黏液吞噬"
"特殊技","63","特技","","3165","捕食",""
"特殊技","63","特技","","3166","毒舌ナメナメ","毒舌舔舔"
"特殊技","63","特技","","3167","軟体ボディ","软体身体"
"特殊技","63","特技","","3168","粘液大量分泌","大量分泌粘液"
"特殊技","63","特技","","3169","同化吸収","同化吸收"
"特殊技","63","特技","","3170","ドレインハンド","吸精手"
"特殊技","63","特技","","3171","流砂","流沙"
"特殊技","63","特技","","3172","ステルスアタック","潜行攻击"
"特殊技","63","特技","","3173","あなほり","挖洞"
"特殊技","63","特技","","3174","泥沼地獄","泥沼地狱"
"特殊技","63","特技","","3175","ハラペコぱっくん","饥饿大口"
"特殊技","63","特技","","3176","全体捕食",""
"特殊技","63","特技","","3277","ぱふぱふ","啪呼啪呼"
"特殊技","63","特技","","3278","ぱふぱふ","啪呼啪呼"
"特殊技","63","特技","","3279","ぱふぱふ","啪呼啪呼"
"特殊技","63","特技","","3280","ぱふぱふ","啪呼啪呼"
"特殊技","63","特技","","3281","ぱふぱふ","啪呼啪呼"
"特殊技","63","特技","","4436","酒飲み羊","酒鬼羊"
"特殊技","63","特技","","4486","時空間侵蝕","时空侵蚀"
"特殊技","63","特技","","4487","毒ガードキル","毒盾击杀"
"特殊技","63","特技","","4488","マインドガードキル","精神盾击杀"
"特殊技","63","特技","","5769","カームブレス","治愈吐息"
"特殊技","63","特技","","5770","メディテーション","冥想"
"特殊技","63","特技","","5771","グングニル","冈格尼尔"
"特殊技","63","特技","","5789","リフレッシュ","刷新"
"特殊技","63","特技","","5801","封舌の札","封舌之符"
"特殊技","63","特技","","5802","縛手の札","缚手之符"
"特殊技","63","特技","","5803","固足の札","固足之符"
"特殊技","63","特技","","5807","休息",""
"特殊技","63","特技","","5828","アルラウネフォーム","阿娜温形态"
"特殊技","63","特技","","5829","ビーストフォーム","野兽形态"
"特殊技","63","特技","","5830","ジェルフォーム","凝胶形态"
"特殊技","63","特技","","5835","バーサーク","狂暴"
"特殊技","63","特技","","5838","スクリーム","呻吟"
"特殊技","63","特技","","5839","私を忘れないで…",""
"特殊技","63","特技","","5840","サービスフォーユー","为你服务"
"特殊技","63","特技","","5841","ハミング","哼唱"
"特殊技","63","特技","","5842","幸運のキス","幸运之吻"
"特殊技","63","特技","","5843","処刑執行","处刑执行"
"特殊技","63","特技","","5844","鬼牙解放",""
"特殊技","63","特技","","5845","神殺ノ枝","神杀之枝"
"特殊技","63","特技","","5886","アドレナリンラッシュ","肾上腺素激增"
"特殊技","63","特技","","5930","支援：ターサ",""
"特殊技","63","特技","","8799","反撃：追い風",""
"特殊技","63","特技","","8841","二重発動用：力溜め",""
"特殊技","63","特技","","8842","二重発動用：魔力集中",""
"特殊技","63","特技","","8843","二重発動用：精神集中",""
"特殊技","63","特技","","9426","発動：凍てつかない波動",""
"特殊技","63","特技","","9772","最終奥義","最终奥义"
"特殊技","63","特技","","9773","アルティメットチャージ","究极充能"
"特殊技","63","特技","","9774","最終練気","最终炼气"
"特殊技","63","特技","","9775","コンセントレイト","集中"
"特殊技","63","特技","","9776","魔導暴走","魔导暴走"
"特殊技","63","特技","","9777","ソフィスティケイト","精密提升"
"特殊技","63","特技","","9778","アクセルクィック","加速"
"特殊技","63","特技","","9779","テクニカルバースト","技术爆发"
"特殊技","63","特技","","9780","麒麟",""
"特殊技","63","特技","","9781","氷帰蝶","冰归蝶"
"特殊技","63","特技","","9782","リライズブレス","释放吐息"
"特殊技","63","特技","","9783","究極変身","究极变身"
"特殊技","63","特技","","9784","アルティメットチェンジ","究极变身"
"特殊技","63","特技","","9785","武技収束","武技集中"
"特殊技","63","特技","","9786","武技拡散","武技扩散"
"特殊技","63","特技","","9787","職技収束","职技集中"
"特殊技","63","特技","","9788","職技拡散","职技扩散"
"特殊技","63","特技","","9789","魔法収束","魔法集中"
"特殊技","63","特技","","9790","魔法拡散","魔法扩散"
"特殊技","63","特技","","9791","魔物技収束","魔物技收敛"
"特殊技","63","特技","","9792","魔物技拡散","魔物技扩散"
"特殊技","63","特技","","9793","ものまね","模仿"
"特殊技","63","特技","","9794","超ものまね","超级模仿"
"特殊技","63","特技","","9795","追い風","顺风"
"特殊技","63","特技","","9796","魔封じの陣","魔封之阵"
"特殊技","63","特技","","9797","ナノスプラッシュ","纳米喷溅"
"特殊技","63","特技","","9798","ファンタスティックハリケーン","幻想飓风"
"特殊技","63","特技","","9799","ジルフィ","吉尔菲"
"特殊技","63","特技","","9800","ノーマレン","诺玛伦"
"特殊技","63","特技","","9801","グランディーネ","格兰蒂妮"
"特殊技","63","特技","","9802","ギガマンドラ","千兆曼德拉"
"特殊技","63","特技","","9803","アンブロシア","安布罗西亚"
"特殊技","63","特技","","9804","ロア","洛阿"
"特殊技","63","特技","","9805","ガタノソア","加塔诺托亚"
"特殊技","63","特技","","9806","グリモワール","格里莫瓦"
"特殊技","63","特技","","9807","十二精霊同時召喚","十二精灵同时召唤"
"特殊技","63","特技","","9808","暗黒輪舞","暗黑轮舞"
"特殊技","63","特技","","10101","転職の書","转职之书"
"系统技能","64","装備武器","装备武器","3380","隼の剣","隼之剑"
"系统技能","64","装備武器","装备武器","3381","誘惑の剣","诱惑之剑"
"系统技能","64","装備武器","装备武器","3382","血塗られた騎士剣","血染的骑士剑"
"系统技能","64","装備武器","装备武器","3383","稲妻の剣","闪电之剑"
"系统技能","64","装備武器","装备武器","3384","吹雪の剣","暴雪之剑"
"系统技能","64","装備武器","装备武器","3385","草薙の剣","草薙之剑"
"系统技能","64","装備武器","装备武器","3386","ペルセウスの剣","珀尔修斯之剑"
"系统技能","64","装備武器","装备武器","3387","エクスカリバー","断钢剑"
"系统技能","64","装備武器","装备武器","3388","斬鉄剣","斩铁剑"
"系统技能","64","装備武器","装备武器","3389","ゴッドスレイヤー","神杀剑"
"系统技能","64","装備武器","装备武器","3390","レーヴァテイン","莱瓦汀"
"系统技能","64","装備武器","装备武器","3391","ブラッディローズ","血腥蔷薇"
"系统技能","64","装備武器","装备武器","3392","カラドボルグ","卡拉德波加"
"系统技能","64","装備武器","装备武器","3393","エテメンアンキ","七曜塔"
"系统技能","64","装備武器","装备武器","3394","風槍シルフ","风枪希尔芙"
"系统技能","64","装備武器","装备武器","3395","ロンギヌス","朗基努斯"
"系统技能","64","装備武器","装备武器","3396","聖槍ロンギヌス","圣枪朗基努斯"
"系统技能","64","装備武器","装备武器","3397","グングニル","冈格尼尔"
"系统技能","64","装備武器","装备武器","3398","村雨",""
"系统技能","64","装備武器","装备武器","3399","物干し竿","晾衣竿"
"系统技能","64","装備武器","装备武器","3400","天叢雲","天丛云"
"系统技能","64","装備武器","装备武器","3401","夢幻","梦幻"
"系统技能","64","装備武器","装备武器","3402","月下美人",""
"系统技能","64","装備武器","装备武器","3403","花神楽","花神乐"
"系统技能","64","装備武器","装备武器","3404","日輪刀","日轮刀"
"系统技能","64","装備武器","装备武器","3405","水刀ウンディーネ","水刀温蒂妮"
"系统技能","64","装備武器","装备武器","3406","フツノミタマ","普通之魂"
"系统技能","64","装備武器","装备武器","3407","炎拳サラマンダー","炎拳萨拉曼达"
"系统技能","64","装備武器","装备武器","3408","キングオブハート","红心之王"
"系统技能","64","装備武器","装备武器","3409","重力弾","重力弹"
"系统技能","64","装備武器","装备武器","3410","重力弾乱射","重力弹乱射"
"系统技能","64","装備武器","装备武器","3411","重力崩壊","重力崩坏"
"系统技能","64","装備武器","装备武器","3412","アームキャノンVIII式","臂炮VIII式"
"系统技能","64","装備武器","装备武器","3413","アームガトリングVIII式","臂加特林VIII式"
"系统技能","64","装備武器","装备武器","3414","背部エナジーキャノンVIII式","背部能量炮VIII式"
"系统技能","64","装備武器","装备武器","3415","アームキャノンXIII終式","臂炮XIII终式"
"系统技能","64","装備武器","装备武器","3416","アームガトリングXIII終式","臂加特林XIII终式"
"系统技能","64","装備武器","装备武器","3417","背部エナジーキャノンXIII終式","背部能量炮XIII终式"
"系统技能","64","装備武器","装备武器","3418","ミノタウロスの斧","米诺陶洛斯的斧头"
"系统技能","64","装備武器","装备武器","3419","土斧ノーム","土斧诺姆"
"系统技能","64","装備武器","装备武器","3420","如意棒",""
"系统技能","64","装備武器","装备武器","3421","ミョルニル","雷神之锤"
"系统技能","64","装備武器","装备武器","3422","ヘルの鎌","海拉之镰"
"系统技能","64","装備武器","装备武器","3423","ハデスの鎌","哈迪斯之镰"
"系统技能","64","装備武器","装备武器","3424","魔導士の杖","魔导士之杖"
"系统技能","64","装備武器","装备武器","3425","裁きの杖","裁决之杖"
"系统技能","64","装備武器","装备武器","3426","いかづちの杖","雷电之杖"
"系统技能","64","装備武器","装备武器","3427","暗闇の杖","黑暗之杖"
"系统技能","64","装備武器","装备武器","3428","さざなみの杖","波纹之杖"
"系统技能","64","装備武器","装备武器","3429","魔封じの杖","封魔之杖"
"系统技能","64","装備武器","装备武器","3430","奇跡の杖","奇迹之杖"
"系统技能","64","装備武器","装备武器","3431","ワールドクロニクル","世界编年史"
"系统技能","64","装備武器","装备武器","3432","デミウルゴス","迪米乌哥斯"
"系统技能","64","装備武器","装备武器","3433","ホルスの杖","荷鲁斯之杖"
"系统技能","64","装備武器","装备武器","3434","トトの杖","托特之杖"
"系统技能","64","装備武器","装备武器","3435","ゼウスの雷霆","宙斯之雷霆"
"系统技能","64","装備武器","装备武器","3436","ホーリーロッド","神圣法杖"
"系统技能","64","装備武器","装备武器","3437","プリンセスガード","公主护卫"
"系统技能","64","装備武器","装备武器","3438","アーリマンロッド","阿里曼法杖"
"系统技能","64","装備武器","装备武器","3439","ブラフマーロッド","梵天之法杖"
"系统技能","64","装備武器","装备武器","3440","疾風の弓矢","疾风之箭"
"系统技能","64","装備武器","装备武器","3441","与一の弓","与一之弓"
"系统技能","64","装備武器","装备武器","3442","アルテミスの弓","阿尔忒弥斯之弓"
"系统技能","64","装備武器","装备武器","3443","禁鞭",""
"系统技能","64","装備武器","装备武器","3444","シューティングスター","流星"
"系统技能","64","装備武器","装备武器","3445","スダルサナ","善见神轮"
"系统技能","64","装備武器","装备武器","3446","ヨルムンガンド","耶梦加得"
"系统技能","64","装備武器","装备武器","3447","ツクヨミの扇","月读之扇"
"系统技能","64","装備武器","装备武器","3448","アマテラスの扇","天照之扇"
"系统技能","64","装備武器","装备武器","3449","タロットカード","塔罗牌"
"系统技能","64","装備武器","装备武器","3450","サロメの皿","撒罗默之盘"
"系统技能","64","装備武器","装备武器","3451","ラジエルの書","拉结尔之书"
"系统技能","64","装備武器","装备武器","3452","アカシックレコード","阿卡西记录"
"系统技能","64","装備武器","装备武器","3453","メギドファイア","灭世劫炎"
"系统技能","64","装備武器","装备武器","3454","アルティメイトマスケット","究极滑膛枪"
"系统技能","64","装備武器","装备武器","3455","莫邪宝剣","莫邪宝剑"
"系统技能","64","装備武器","装备武器","3456","番天印",""
"系统技能","64","装備武器","装备武器","3457","傾世元禳","倾世元禳"
"系统技能","64","装備武器","装备武器","3458","風火輪ブースト","风火轮提升"
"系统技能","64","装備武器","装备武器","3459","火炎弾","火炎弹"
"系统技能","64","装備武器","装备武器","3460","氷結弾","冰结弹"
"系统技能","64","装備武器","装备武器","3461","疾風弾","疾风弹"
"系统技能","64","装備武器","装备武器","3462","雷撃弾","雷击弹"
"系统技能","64","装備武器","装备武器","3463","土遁弾","土遁弹"
"系统技能","64","装備武器","装备武器","3464","流撃弾","流击弹"
"系统技能","64","装備武器","装备武器","3465","聖槍トリプルロンギヌス","圣枪三重朗基努斯"
"系统技能","64","装備武器","装备武器","4418","打神鞭",""
"拘束专用技","65","拘束時専用技","拘束时专用技","3505","スライムドロウ","史莱姆黏液"
"拘束专用技","65","拘束時専用技","拘束时专用技","3506","スライムヘブン","史莱姆天堂"
"拘束专用技","65","拘束時専用技","拘束时专用技","3514","ナメクジ蹂躙","蛞蝓蹂躏"
"拘束专用技","65","拘束時専用技","拘束时专用技","3522","小悪魔レイプ","小恶魔强奸"
"拘束专用技","65","拘束時専用技","拘束时专用技","3540","締め付ける","紧缚"
"拘束专用技","65","拘束時専用技","拘束时专用技","3541","スイートワーム","甜蜜蠕虫"
"拘束专用技","65","拘束時専用技","拘束时专用技","3550","小鬼の名器","小鬼的名器"
"拘束专用技","65","拘束時専用技","拘束时专用技","3558","プチ蛇魔の姦淫","普蒂蛇魔的奸淫"
"拘束专用技","65","拘束時専用技","拘束时专用技","3580","吸精",""
"拘束专用技","65","拘束時専用技","拘束时专用技","3581","ヒダ地獄","褶皱地狱"
"拘束专用技","65","拘束時専用技","拘束时专用技","3587","お姉さんの逆レイプ","姐姐的逆强奸"
"拘束专用技","65","拘束時専用技","拘束时专用技","3597","全身洗浄","全身清洗"
"拘束专用技","65","拘束時専用技","拘束时专用技","3602","メルトシザーズ","熔断剪"
"拘束专用技","65","拘束時専用技","拘束时专用技","3618","触手吸精",""
"拘束专用技","65","拘束時専用技","拘束时专用技","3623","オークレイプ","兽人强奸"
"拘束专用技","65","拘束時専用技","拘束时专用技","3631","拘束舐め回し","拘束舔舐"
"拘束专用技","65","拘束時専用技","拘束时专用技","3638","強制子作り","强制受孕"
"拘束专用技","65","拘束時専用技","拘束时专用技","3640","強制種付けの腰振り","强制受孕的腰动"
"拘束专用技","65","拘束時専用技","拘束时专用技","3645","拘束羽根愛撫","拘束羽翼爱抚"
"拘束专用技","65","拘束時専用技","拘束时专用技","3646","鳥妖の口淫","鸟妖口交"
"拘束专用技","65","拘束時専用技","拘束时专用技","3651","女王との交わり","与女王的交合"
"拘束专用技","65","拘束時専用技","拘束时专用技","3653","女王の腰遣い","女王的腰技"
"拘束专用技","65","拘束時専用技","拘束时专用技","3656","スラッグドレイン","黏液吸精"
"拘束专用技","65","拘束時専用技","拘束时专用技","3664","ナメクジ蹂躙","蛞蝓蹂躏"
"拘束专用技","65","拘束時専用技","拘束时专用技","3666","おどおど素股","胆怯的素股"
"拘束专用技","65","拘束時専用技","拘束时专用技","3667","おどおどレイプ","胆怯的强奸"
"拘束专用技","65","拘束時専用技","拘束时专用技","3671","拘束触手愛撫","拘束触手爱抚"
"拘束专用技","65","拘束時専用技","拘束时专用技","3672","拘束触手締め付け","拘束触手紧缚"
"拘束专用技","65","拘束時専用技","拘束时专用技","3675","搾精孔吸精","榨精孔吸精"
"拘束专用技","65","拘束時専用技","拘束时专用技","3682","キャンドール","蜡烛"
"拘束专用技","65","拘束時専用技","拘束时专用技","3687","肉花イーター","肉花吞噬"
"拘束专用技","65","拘束時専用技","拘束时专用技","3693","ワイルドレイプ","野性强奸"
"拘束专用技","65","拘束時専用技","拘束时专用技","3700","ルクスルスロウン","露克斯王座"
"拘束专用技","65","拘束時専用技","拘束时专用技","3711","テンタクルドレイン","触手吸取"
"拘束专用技","65","拘束時専用技","拘束时专用技","3721","ミニメルティウォッシュ","迷你甜蜜洗涤"
"拘束专用技","65","拘束時専用技","拘束时专用技","3729","強制受粉","强制授粉"
"拘束专用技","65","拘束時専用技","拘束时专用技","3751","強制搾取","强制榨取"
"拘束专用技","65","拘束時専用技","拘束时专用技","3759","拘束尻尾愛撫","拘束尾巴爱抚"
"拘束专用技","65","拘束時専用技","拘束时专用技","3773","搾精の蠕動","榨精蠕动"
"拘束专用技","65","拘束時専用技","拘束时专用技","3774","恍惚の蠕動","恍惚蠕动"
"拘束专用技","65","拘束時専用技","拘束时专用技","3781","ラブジェイル・ハンド","爱之枷锁・手"
"拘束专用技","65","拘束時専用技","拘束时专用技","3782","ラブジェイル・フェラ","爱之枷锁・口交"
"拘束专用技","65","拘束時専用技","拘束时专用技","3783","ラブジェイル・アナル","爱之枷锁・肛门"
"拘束专用技","65","拘束時専用技","拘束时专用技","3788","メルティウォッシュ","甜蜜洗涤"
"拘束专用技","65","拘束時専用技","拘束时专用技","3795","アメーバーヘイズ","变形虫迷雾"
"拘束专用技","65","拘束時専用技","拘束时专用技","3796","アメーバードレイン","变形虫吸取"
"拘束专用技","65","拘束時専用技","拘束时专用技","3805","締め上げる","紧缩"
"拘束专用技","65","拘束時専用技","拘束时专用技","3806","ロール手コキ","滚动手淫"
"拘束专用技","65","拘束時専用技","拘束时专用技","3807","ロールフェラ","滚动口交"
"拘束专用技","65","拘束時専用技","拘束时专用技","3808","ロールパイズリ","滚动乳交"
"拘束专用技","65","拘束時専用技","拘束时专用技","3809","ラミアの魔膣","拉米亚的魔穴"
"拘束专用技","65","拘束時専用技","拘束时专用技","3817","ワカメ蹂躙","裙带菜蹂躏"
"拘束专用技","65","拘束時専用技","拘束时专用技","3821","肉棒触手責め","肉棒触手责"
"拘束专用技","65","拘束時専用技","拘束时专用技","3822","ジェルプリズン","凝胶监狱"
"拘束专用技","65","拘束時専用技","拘束时专用技","3828","搾精イソギンチャクの蠕動","榨精海葵的蠕动"
"拘束专用技","65","拘束時専用技","拘束时专用技","3832","取り込む","吞入"
"拘束专用技","65","拘束時専用技","拘束时专用技","3855","いじくり回す","挑逗"
"拘束专用技","65","拘束時専用技","拘束时专用技","3860","触手地獄","触手地狱"
"拘束专用技","65","拘束時専用技","拘束时专用技","3861","肉器への誘い","肉器的诱惑"
"拘束专用技","65","拘束時専用技","拘束时专用技","3874","シスターレイプ","修女强奸"
"拘束专用技","65","拘束時専用技","拘束时专用技","3881","舌巻き締め","舌缠紧"
"拘束专用技","65","拘束時専用技","拘束时专用技","3882","舌巻き舐め回し","舌卷舔遍"
"拘束专用技","65","拘束時専用技","拘束时专用技","3886","グリズリーレイプ","灰熊强奸"
"拘束专用技","65","拘束時専用技","拘束时专用技","3903","疑似捕食機構","拟态捕食机制"
"拘束专用技","65","拘束時専用技","拘束时专用技","3917","ゴーストレイプ","幽灵强奸"
"拘束专用技","65","拘束時専用技","拘束时专用技","3924","吸精の髪","吸精的头发"
"拘束专用技","65","拘束時専用技","拘束时专用技","3929","実りなき生殖","无果的生殖"
"拘束专用技","65","拘束時専用技","拘束时专用技","3947","背徳の電気按摩","背德的电击按摩"
"拘束专用技","65","拘束時専用技","拘束时专用技","3952","手コキなのじゃ！",""
"拘束专用技","65","拘束時専用技","拘束时专用技","3953","フェラなのじゃ！",""
"拘束专用技","65","拘束時専用技","拘束时专用技","3954","逆レイプするのじゃ！",""
"拘束专用技","65","拘束時専用技","拘束时专用技","3965","エルフの逆レイプ","精灵的逆强奸"
"拘束专用技","65","拘束時専用技","拘束时专用技","3975","フェアリートリック","妖精的把戏"
"拘束专用技","65","拘束時専用技","拘束时专用技","3996","複乳圧迫地獄","双乳压迫地狱"
"拘束专用技","65","拘束時専用技","拘束时专用技","3997","タランチュラの拷問","塔兰图拉毒蛛的拷问"
"拘束专用技","65","拘束時専用技","拘束时专用技","4006","ミノタウロスレイプ","米诺陶洛斯强奸"
"拘束专用技","65","拘束時専用技","拘束时专用技","4011","巨腕握り締め","巨腕紧握"
"拘束专用技","65","拘束時専用技","拘束时专用技","4012","ドレインハンド","吸精手"
"拘束专用技","65","拘束時専用技","拘束时专用技","4024","淫魔の素股","淫魔的素股"
"拘束专用技","65","拘束時専用技","拘束时专用技","4025","淫魔の肉壺","淫魔的肉壶"
"拘束专用技","65","拘束時専用技","拘束时专用技","4030","サボレスボーン","萨博雷斯燃烧"
"拘束专用技","65","拘束時専用技","拘束时专用技","4039","百足蹂躙","百足蹂躏"
"拘束专用技","65","拘束時専用技","拘束时专用技","4046","ぺトラ・スコルピオ","毒蝎"
"拘束专用技","65","拘束時専用技","拘束时专用技","4053","サボテン令嬢の受精","仙人掌小姐的受精"
"拘束专用技","65","拘束時専用技","拘束时专用技","4058","ダチョウレイプ","鸵鸟强奸"
"拘束专用技","65","拘束時専用技","拘束时专用技","4073","天上のカーマストラ","天上的爱经"
"拘束专用技","65","拘束時専用技","拘束时专用技","4082","ホールドナイトメア","束缚噩梦"
"拘束专用技","65","拘束時専用技","拘束时专用技","4083","ミイラパッケージ","木乃伊包裹"
"拘束专用技","65","拘束時専用技","拘束时专用技","4092","悪夢の締め付け","恶梦的紧缚"
"拘束专用技","65","拘束時専用技","拘束时专用技","4093","コブラアナリシア","眼镜蛇肛门蹂躏"
"拘束专用技","65","拘束時専用技","拘束时专用技","4103","集団フェラ","集体口交"
"拘束专用技","65","拘束時専用技","拘束时专用技","4104","集団締め付け","集体束缚"
"拘束专用技","65","拘束時専用技","拘束时专用技","4117","淫魔の肉壺","淫魔的肉壶"
"拘束专用技","65","拘束時専用技","拘束时专用技","4127","テイルドレイン・ドーラ","尾巴吸取・礼赠"
"拘束专用技","65","拘束時専用技","拘束时专用技","4132","アリゲーターボア","鳄鱼吞"
"拘束专用技","65","拘束時専用技","拘束时专用技","4149","全身吸精",""
"拘束专用技","65","拘束時専用技","拘束时专用技","4153","悪夢の抱擁","恶梦的拥抱"
"拘束专用技","65","拘束時専用技","拘束时专用技","4162","スプレッドワーム","展开蠕虫"
"拘束专用技","65","拘束時専用技","拘束时专用技","4163","アナルストローク","肛门抽插"
"拘束专用技","65","拘束時専用技","拘束时专用技","4168","快楽蜜壺漬け","快乐蜜壶浸泡"
"拘束专用技","65","拘束時専用技","拘束时专用技","4177","ヘブンズドレイン",""
"拘束专用技","65","拘束時専用技","拘束时专用技","4178","アナルドレイン",""
"拘束专用技","65","拘束時専用技","拘束时专用技","4184","子鬼レイプ","小鬼强奸"
"拘束专用技","65","拘束時専用技","拘束时专用技","4201","男性機能膣内検査","男性功能阴道内检查"
"拘束专用技","65","拘束時専用技","拘束时专用技","4212","ボアワーム","巨兽虫"
"拘束专用技","65","拘束時専用技","拘束时专用技","4237","体液搾取","体液榨取"
"拘束专用技","65","拘束時専用技","拘束时专用技","4246","しゃぶる","吸吮"
"拘束专用技","65","拘束時専用技","拘束时专用技","4253","ノームの手遊び","诺姆的手淫"
"拘束专用技","65","拘束時専用技","拘束时专用技","4254","ノームのお口遊び","诺姆的口技"
"拘束专用技","65","拘束時専用技","拘束时专用技","4255","ノームのオナホール","诺姆的飞机杯"
"拘束专用技","65","拘束時専用技","拘束时专用技","4265","ヴェータラボア","维塔拉捕食"
"拘束专用技","65","拘束時専用技","拘束时专用技","4266","ヴェータラボア","维塔拉捕食"
"拘束专用技","65","拘束時専用技","拘束时专用技","4272","ヴァルト機檻","瓦尔特机笼"
"拘束专用技","65","拘束時専用技","拘束时专用技","4285","影十字嫐",""
"拘束专用技","65","拘束時専用技","拘束时专用技","4301","アルケミスエウリア",""
"拘束专用技","65","拘束時専用技","拘束时专用技","4309","嗜虐に嗤う鉄処女","嗜虐地嗤笑的铁处女"
"拘束专用技","65","拘束時専用技","拘束时专用技","4321","搾精球","榨精球"
"拘束专用技","65","拘束時専用技","拘束时专用技","4327","プレジャードレイン","快乐吸取"
"拘束专用技","65","拘束時専用技","拘束时专用技","4328","サタニックプレッシャー","恶魔般的压迫"
"拘束专用技","65","拘束時専用技","拘束时专用技","4446","大天使の陵辱","大天使的凌辱"
"拘束专用技","65","拘束時専用技","拘束时专用技","4449","聖臍結合","圣脐结合"
"拘束专用技","65","拘束時専用技","拘束时专用技","4452","天使の卵","天使的卵"
"拘束专用技","65","拘束時専用技","拘束时专用技","4459","マルチプルサックユニット","多重榨精装置"
"拘束专用技","65","拘束時専用技","拘束时专用技","4461","摂食交尾","摄食交配"
"拘束专用技","65","拘束時専用技","拘束时专用技","4464","疑似性器LO-LI",""
"拘束专用技","65","拘束時専用技","拘束时专用技","4471","陶酔のプラント","陶醉的植物"
"拘束专用技","65","拘束時専用技","拘束时专用技","4479","インプリズン","监禁"
"拘束专用技","65","拘束時専用技","拘束时专用技","4483","失墜の玉座","失落王座"
"拘束专用技","65","拘束時専用技","拘束时专用技","4604","むぎゅむぎゅパイズリ","咕啾咕啾乳交"
"拘束专用技","65","拘束時専用技","拘束时专用技","4622","しゅるしゅる全身愛撫","滑溜溜的全身爱抚"
"拘束专用技","65","拘束時専用技","拘束时专用技","4624","ぐちゅぐちゅ","咕啾咕啾"
"拘束专用技","65","拘束時専用技","拘束时专用技","4627","ウミウシ蹂躙","海蛞蝓蹂躏"
"拘束专用技","65","拘束時専用技","拘束时专用技","4628","うにゅうにゅ","哧溜哧溜"
"拘束专用技","65","拘束時専用技","拘束时专用技","4636","じゅぶじゅぶ","咕啾咕啾"
"拘束专用技","65","拘束時専用技","拘束时专用技","4639","ケンタウロスレイプ","马人强奸"
"拘束专用技","65","拘束時専用技","拘束时专用技","4642","淫花吸精",""
"拘束专用技","65","拘束時専用技","拘束时专用技","4643","粘糸蹂躙","粘液蹂躏"
"拘束专用技","65","拘束時専用技","拘束时专用技","4653","淫髪吸精","淫发吸精"
"拘束专用技","65","拘束時専用技","拘束时专用技","4660","魔犬の姦淫","魔犬的奸淫"
"拘束专用技","65","拘束時専用技","拘束时专用技","4684","握る","握紧"
"拘束专用技","65","拘束時専用技","拘束时专用技","4685","いじる","玩弄"
"拘束专用技","65","拘束時専用技","拘束时专用技","4697","絶技・筒涸らし","绝技・筒涸"
"拘束专用技","65","拘束時専用技","拘束时专用技","4701","窒息乳固め","窒息乳固"
"拘束专用技","65","拘束時専用技","拘束时专用技","4710","吸温抱擁","吸温拥抱"
"拘束专用技","65","拘束時専用技","拘束时专用技","4719","子作りえっち","孕育之欢"
"拘束专用技","65","拘束時専用技","拘束时专用技","4731","あかなめ舌園","垢舐鬼舌园"
"拘束专用技","65","拘束時専用技","拘束时专用技","4732","あかなめ舌地獄","垢舐鬼舌地狱"
"拘束专用技","65","拘束時専用技","拘束时专用技","4744","大蛇締め","大蛇绞杀"
"拘束专用技","65","拘束時専用技","拘束时专用技","4745","白蛇神楽","白蛇神乐"
"拘束专用技","65","拘束時専用技","拘束时专用技","4746","蛇夜伽",""
"拘束专用技","65","拘束時専用技","拘束时专用技","4756","九十巻舌姦","九十卷舌奸"
"拘束专用技","65","拘束時専用技","拘束时专用技","4766","乱れ太夫","乱太夫"
"拘束专用技","65","拘束時専用技","拘束时专用技","4774","とまら・すめらめ","止・皇女"
"拘束专用技","65","拘束時専用技","拘束时专用技","4787","マンティスレイプ","螳螂强奸"
"拘束专用技","65","拘束時専用技","拘束时专用技","4795","吸精の繭","吸精的茧"
"拘束专用技","65","拘束時専用技","拘束时专用技","4806","ルーティー・ドロウ","露蒂的抽取"
"拘束专用技","65","拘束時専用技","拘束时专用技","4816","苗床の抱擁","苗床拥抱"
"拘束专用技","65","拘束時専用技","拘束时专用技","4821","魔花の搾檻","魔花榨槛"
"拘束专用技","65","拘束時専用技","拘束时专用技","4829","メルトフィリア","梅尔托菲利亚"
"拘束专用技","65","拘束時専用技","拘束时专用技","4835","陶酔のウツボカズラ","陶醉的猪笼草"
"拘束专用技","65","拘束時専用技","拘束时专用技","4841","メルトフィリア","梅尔托菲利亚"
"拘束专用技","65","拘束時専用技","拘束时专用技","4850","女皇の吸精","女皇的吸精"
"拘束专用技","65","拘束時専用技","拘束时专用技","4866","アンシェントレイプ","古代强奸"
"拘束专用技","65","拘束時専用技","拘束时专用技","4875","ジェリーヘブン","果冻天堂"
"拘束专用技","65","拘束時専用技","拘束时专用技","4881","ブロブヘブン","粘液涂抹（女）"
"拘束专用技","65","拘束時専用技","拘束时专用技","4886","グリーンエクスタシー","史莱姆黏糊糊地蠕动，带来快乐刺激"
"拘束专用技","65","拘束時専用技","拘束时专用技","4897","スペシャルヘブン","特殊天堂"
"拘束专用技","65","拘束時専用技","拘束时专用技","4905","メルティックアクア","致命水"
"拘束专用技","65","拘束時専用技","拘束时专用技","4917","ヘブンズプリズン","天堂监牢"
"拘束专用技","65","拘束時専用技","拘束时专用技","4932","素股奉仕","素股侍奉"
"拘束专用技","65","拘束時専用技","拘束时专用技","4933","肛悦奉仕","肛门愉悦侍奉"
"拘束专用技","65","拘束時専用技","拘束时专用技","4934","からくり電気按摩","机关电按摩"
"拘束专用技","65","拘束時専用技","拘束时专用技","4935","拘束プログラム666",""
"拘束专用技","65","拘束時専用技","拘束时专用技","4949","触手締め付け","触手紧缚"
"拘束专用技","65","拘束時専用技","拘束时专用技","4950","エリシオン・デ・スキュラ","艾莉西翁・德・斯库拉"
"拘束专用技","65","拘束時専用技","拘束时专用技","4956","淫邪の蛇壺","淫邪的蛇壶"
"拘束专用技","65","拘束時専用技","拘束时专用技","4971","毒の粘檻","毒液牢笼"
"拘束专用技","65","拘束時専用技","拘束时专用技","4975","膣内窒息","阴道窒息"
"拘束专用技","65","拘束時専用技","拘束时专用技","4977","軟体にゅるにゅるレイプ","软体咕噜咕噜强奸"
"拘束专用技","65","拘束時専用技","拘束时专用技","4986","マッドシェイク","泥浆摇晃"
"拘束专用技","65","拘束時専用技","拘束时专用技","4988","いじる","玩弄"
"拘束专用技","65","拘束時専用技","拘束时专用技","4989","動力補給","动力补给"
"拘束专用技","65","拘束時専用技","拘束时专用技","5005","女王の生殖壺","女王的生殖壶"
"拘束专用技","65","拘束時専用技","拘束时专用技","5011","メロソフィ・エンデ","甜蜜酥胸・终曲"
"拘束专用技","65","拘束時専用技","拘束时专用技","5018","マグマスファル","岩浆覆盖"
"拘束专用技","65","拘束時専用技","拘束时专用技","5021","メルティスキュラ","熔岩之触"
"拘束专用技","65","拘束時専用技","拘束时专用技","5030","渇精の肉壺","渴精肉壶"
"拘束专用技","65","拘束時専用技","拘束时专用技","5038","管足全身愛撫","管足全身爱抚"
"拘束专用技","65","拘束時専用技","拘束时专用技","5039","管足股間愛撫","管足股间爱抚"
"拘束专用技","65","拘束時専用技","拘束时专用技","5046","抱乳淫獄","抱乳淫狱"
"拘束专用技","65","拘束時専用技","拘束时专用技","5047","抱乳溶獄","抱乳溶狱"
"拘束专用技","65","拘束時専用技","拘束时专用技","5048","抱乳吸獄","抱乳吸狱"
"拘束专用技","65","拘束時専用技","拘束时专用技","5057","ヌルヌル・デ・スキュラ","黏滑・德・斯库拉"
"拘束专用技","65","拘束時専用技","拘束时专用技","5065","アスカレス・セレ","阿斯克拉・塞雷"
"拘束专用技","65","拘束時専用技","拘束时专用技","5066","アスレイド・セレ","阿斯雷德・塞雷"
"拘束专用技","65","拘束時専用技","拘束时专用技","5067","アビスドレイン","深渊吸精"
"拘束专用技","65","拘束時専用技","拘束时专用技","5078","魔娼の名器","魔娼的名器"
"拘束专用技","65","拘束時専用技","拘束时专用技","5088","ぱんつしぼり","内裤揉捏"
"拘束专用技","65","拘束時専用技","拘束时专用技","5089","靴下しぼり","袜子揉捏"
"拘束专用技","65","拘束時専用技","拘束时专用技","5104","ご奉仕締め上げ","侍奉紧缚"
"拘束专用技","65","拘束時専用技","拘束时专用技","5105","ご奉仕吸精","侍奉吸精"
"拘束专用技","65","拘束時専用技","拘束时专用技","5116","体液搾取","体液榨取"
"拘束专用技","65","拘束時専用技","拘束时专用技","5124","貴婦人の遊技","贵妇人的游戏"
"拘束专用技","65","拘束時専用技","拘束时专用技","5130","ヘブンズバスト","肉棒被用力地揉搓着"
"拘束专用技","65","拘束時専用技","拘束时专用技","5138","スカートじゅるじゅる","湿漉漉的裙子"
"拘束专用技","65","拘束時専用技","拘束时专用技","5153","口内嫐り","口内玩弄"
"拘束专用技","65","拘束時専用技","拘束时专用技","5160","フレイムシュタイナー","火焰束缚者"
"拘束专用技","65","拘束時専用技","拘束时专用技","5165","キューブヘブン","立方天堂"
"拘束专用技","65","拘束時専用技","拘束时专用技","5167","鬼の名器","鬼之名器"
"拘束专用技","65","拘束時専用技","拘束时专用技","5177","吸精ドレス","吸精礼服"
"拘束专用技","65","拘束時専用技","拘束时专用技","5187","悦びの弦","愉悦的弦"
"拘束专用技","65","拘束時専用技","拘束时专用技","5190","リボリボハウルン","肉波肉波乳抚术"
"拘束专用技","65","拘束時専用技","拘束时专用技","5203","ツインエナジードレイン","双人能量吸取"
"拘束专用技","65","拘束時専用技","拘束时专用技","5212","テンタクルワルツ","触手华尔兹"
"拘束专用技","65","拘束時専用技","拘束时专用技","5220","抱肉のソナタ","拥抱肉的奏鸣曲"
"拘束专用技","65","拘束時専用技","拘束时专用技","5232","メルティアネモネ","梅尔蒂海百合"
"拘束专用技","65","拘束時専用技","拘束时专用技","5246","尻尾吸精","尾巴吸精"
"拘束专用技","65","拘束時専用技","拘束时专用技","5247","巨膣ねじこみ","在胶囊内部被机械全身爱抚着"
"拘束专用技","65","拘束時専用技","拘束时专用技","5257","メロウラフレシア","甜蜜霸王花"
"拘束专用技","65","拘束時専用技","拘束时专用技","5261","エルフの魔膣","精灵的魔穴"
"拘束专用技","65","拘束時専用技","拘束时专用技","5276","ツタ吸精","藤蔓吸精"
"拘束专用技","65","拘束時専用技","拘束时专用技","5283","アークヒップヘブン","天堂之臀"
"拘束专用技","65","拘束時専用技","拘束时专用技","5284","恍惚の樹液","恍惚的树液"
"拘束专用技","65","拘束時専用技","拘束时专用技","5285","牝木繚乱","牝木缭乱"
"拘束专用技","65","拘束時専用技","拘束时专用技","5293","嫐りカズラ","戏弄的藤蔓"
"拘束专用技","65","拘束時専用技","拘束时专用技","5294","恍惚の乳蜜","恍惚的乳蜜"
"拘束专用技","65","拘束時専用技","拘束时专用技","5295","エクスタシーキュラス","狂喜的藤蔓"
"拘束专用技","65","拘束時専用技","拘束时专用技","5309","ジェネラルレイプ","将军强奸"
"拘束专用技","65","拘束時専用技","拘束时专用技","5320","プリンセスえっち","公主的色情"
"拘束专用技","65","拘束時専用技","拘束时专用技","5330","人魚の淫壺","人鱼的淫壶"
"拘束专用技","65","拘束時専用技","拘束时专用技","5346","牡搾りの魔織","榨精魔织"
"拘束专用技","65","拘束時専用技","拘束时专用技","5347","牡啜りの魔壺","吸精魔壶"
"拘束专用技","65","拘束時専用技","拘束时专用技","5352","アラクネディブル","阿拉克涅之缚"
"拘束专用技","65","拘束時専用技","拘束时专用技","5353","アラクネルイン","阿拉克涅之侵"
"拘束专用技","65","拘束時専用技","拘束时专用技","5361","スレッドルスト","丝线缠绕"
"拘束专用技","65","拘束時専用技","拘束时专用技","5362","アラクネ・リプロア","阿拉克涅・利普罗亚"
"拘束专用技","65","拘束時専用技","拘束时专用技","5369","吸血吸精ワーム","吸血吸精虫"
"拘束专用技","65","拘束時専用技","拘束时专用技","5376","百合の墓場","百合的墓场"
"拘束专用技","65","拘束時専用技","拘束时专用技","5391","魔性膜",""
"拘束专用技","65","拘束時専用技","拘束时专用技","5392","吸精夜想曲",""
"拘束专用技","65","拘束時専用技","拘束时专用技","5415","ベヒーモストーチャ","贝希摩斯束缚"
"拘束专用技","65","拘束時専用技","拘束时专用技","5416","ベヒーモスドロウ","贝希摩斯缠绕"
"拘束专用技","65","拘束時専用技","拘束时专用技","5417","巨獣蹂躙","巨兽蹂躏"
"拘束专用技","65","拘束時専用技","拘束时专用技","5423","エアレイプ","空中强奸"
"拘束专用技","65","拘束時専用技","拘束时专用技","5430","全身舐め回し","全身舔舐"
"拘束专用技","65","拘束時専用技","拘束时专用技","5431","全身おしゃぶり","全身吮吸"
"拘束专用技","65","拘束時専用技","拘束时专用技","5436","ご奉仕天国","侍奉天堂"
"拘束专用技","65","拘束時専用技","拘束时专用技","5450","魔王の夜伽","魔王的夜话"
"拘束专用技","65","拘束時専用技","拘束时专用技","5458","天魔搾獄","天魔榨狱"
"拘束专用技","65","拘束時専用技","拘束时专用技","5459","天魔捕食",""
"拘束专用技","65","拘束時専用技","拘束时专用技","5466","枷躙","枷踏"
"拘束专用技","65","拘束時専用技","拘束时专用技","5467","呑蝕","吞噬"
"拘束专用技","65","拘束時専用技","拘束时专用技","5475","凍てつく陵辱","冰冻凌辱"
"拘束专用技","65","拘束時専用技","拘束时专用技","5494","快楽の十字架","快乐的十字架"
"拘束专用技","65","拘束時専用技","拘束时专用技","5501","聖蔦の吸精","圣藤的吸精"
"拘束专用技","65","拘束時専用技","拘束时专用技","5508","愛天使の淫欲","爱天使的淫欲"
"拘束专用技","65","拘束時専用技","拘束时专用技","5518","戦乙女の素股","女武神的素股"
"拘束专用技","65","拘束時専用技","拘束时专用技","5519","戦乙女の嫐壺","女武神的嫐壺"
"拘束专用技","65","拘束時専用技","拘束时专用技","5533","聖髪の昇天","圣发的升天"
"拘束专用技","65","拘束時専用技","拘束时专用技","5546","アサルトレイプ","突击强奸"
"拘束专用技","65","拘束時専用技","拘束时专用技","5554","バブルズシェイク","泡泡震动"
"拘束专用技","65","拘束時専用技","拘束时专用技","5555","バブルズヘブン","泡泡天堂"
"拘束专用技","65","拘束時専用技","拘束时专用技","5564","インモラルレイド","不道德的袭击"
"拘束专用技","65","拘束時専用技","拘束时专用技","5565","インモラルフェルノ","不道德的狂热"
"拘束专用技","65","拘束時専用技","拘束时专用技","5570","ヒッププレス","臀部压迫"
"拘束专用技","65","拘束時専用技","拘束时专用技","5583","スネークエンド","蛇尾"
"拘束专用技","65","拘束時専用技","拘束时专用技","5585","ハピネス・ロンド","幸福・轮舞"
"拘束专用技","65","拘束時専用技","拘束时专用技","5592","インフェルノ・デ・スキュラ","地狱・德・斯库拉"
"拘束专用技","66","永久拘束時専用技","永久拘束时专用技","3523","小悪魔の腰振り","小恶魔的腰动"
"拘束专用技","66","永久拘束時専用技","永久拘束时专用技","3551","小鬼の名器","小鬼的名器"
"拘束专用技","66","永久拘束時専用技","永久拘束时专用技","3559","プチ秒殺の膣圧","普蒂秒杀的阴道压力"
"拘束专用技","66","永久拘束時専用技","永久拘束时专用技","3560","プチ秒殺の腰振り","普蒂秒杀的腰摆动"
"拘束专用技","66","永久拘束時専用技","永久拘束时专用技","3588","優しくじっくり腰振り","温柔地慢慢摇动腰部"
"拘束专用技","66","永久拘束時専用技","永久拘束时专用技","3624","オーク腰振り","兽人腰动"
"拘束专用技","66","永久拘束時専用技","永久拘束时专用技","3639","鳥妖の名器","鸟妖的名器"
"拘束专用技","66","永久拘束時専用技","永久拘束时专用技","3652","女王の名器","女王的名器"
"拘束专用技","66","永久拘束時専用技","永久拘束时专用技","3668","おどおど腰振り","胆怯的腰动"
"拘束专用技","66","永久拘束時専用技","永久拘束时专用技","3694","ワイルドレイプ","野性强奸"
"拘束专用技","66","永久拘束時専用技","永久拘束时专用技","3810","ラミアの魔膣","拉米亚的魔穴"
"拘束专用技","66","永久拘束時専用技","永久拘束时专用技","3811","秒殺の膣圧","秒杀的腔压"
"拘束专用技","66","永久拘束時専用技","永久拘束时专用技","3823","ジェルプリズン","凝胶监狱"
"拘束专用技","66","永久拘束時専用技","永久拘束时专用技","3833","同化吸収","同化吸收"
"拘束专用技","66","永久拘束時専用技","永久拘束时专用技","3862","強制精液搾取","强制榨精"
"拘束专用技","66","永久拘束時専用技","永久拘束时专用技","3875","シスターレイプ","修女强奸"
"拘束专用技","66","永久拘束時専用技","永久拘束时专用技","3887","グリズリーレイプ","灰熊强奸"
"拘束专用技","66","永久拘束時専用技","永久拘束时专用技","3898","蟲穴交尾","虫穴交配"
"拘束专用技","66","永久拘束時専用技","永久拘束时专用技","3918","ゴーストレイプ","幽灵强奸"
"拘束专用技","66","永久拘束時専用技","永久拘束时专用技","3930","実りなき生殖","无果的生殖"
"拘束专用技","66","永久拘束時専用技","永久拘束时专用技","3955","逆レイプなのじゃ！",""
"拘束专用技","66","永久拘束時専用技","永久拘束时专用技","3966","エルフの腰振り","精灵的腰动"
"拘束专用技","66","永久拘束時専用技","永久拘束时专用技","3967","エルフの締め付け","精灵的紧缚"
"拘束专用技","66","永久拘束時専用技","永久拘束时专用技","4007","ミノタウロスレイプ","米诺陶洛斯强奸"
"拘束专用技","66","永久拘束時専用技","永久拘束时专用技","4026","淫魔の腰振り","淫魔的腰摆动"
"拘束专用技","66","永久拘束時専用技","永久拘束时专用技","4027","エナジードレイン","能量吸取"
"拘束专用技","66","永久拘束時専用技","永久拘束时专用技","4054","サボテン令嬢の受精","仙人掌小姐的受精"
"拘束专用技","66","永久拘束時専用技","永久拘束时专用技","4059","ダチョウレイプ","鸵鸟强奸"
"拘束专用技","66","永久拘束時専用技","永久拘束时专用技","4074","天上のカーマストラ","天上的爱经"
"拘束专用技","66","永久拘束時専用技","永久拘束时专用技","4084","ミイラパッケージ","木乃伊包裹"
"拘束专用技","66","永久拘束時専用技","永久拘束时专用技","4118","牡搾りの膣締め","牡榨之腔缚"
"拘束专用技","66","永久拘束時専用技","永久拘束时专用技","4119","秒殺グラインド","秒杀扭臀"
"拘束专用技","66","永久拘束時専用技","永久拘束时专用技","4169","快楽蜜壺漬け","快乐蜜壶浸泡"
"拘束专用技","66","永久拘束時専用技","永久拘束时专用技","4185","子鬼レイプ","小鬼强奸"
"拘束专用技","66","永久拘束時専用技","永久拘束时专用技","4202","男性機能膣内検査Ａ方式","男性功能阴道内检查A方式"
"拘束专用技","66","永久拘束時専用技","永久拘束时专用技","4203","男性機能膣内検査Ｂ方式","男性功能阴道内检查B方式"
"拘束专用技","66","永久拘束時専用技","永久拘束时专用技","4238","体液搾取","体液榨取"
"拘束专用技","66","永久拘束時専用技","永久拘束时专用技","4447","大天使の陵辱","大天使的凌辱"
"拘束专用技","66","永久拘束時専用技","永久拘束时专用技","4450","聖体回帰","圣体回归"
"拘束专用技","66","永久拘束時専用技","永久拘束时专用技","4462","摂食交尾","摄食交配"
"拘束专用技","66","永久拘束時専用技","永久拘束时专用技","4465","疑似性器LO-LI",""
"拘束专用技","66","永久拘束時専用技","永久拘束时专用技","4640","ケンタウロスレイプ","马人强奸"
"拘束专用技","66","永久拘束時専用技","永久拘束时专用技","4661","魔犬の姦淫","魔犬的奸淫"
"拘束专用技","66","永久拘束時専用技","永久拘束时专用技","4662","ワイルドシェイク","狂野摇摆"
"拘束专用技","66","永久拘束時専用技","永久拘束时专用技","4674","熟女の淫らな腰振り","熟女的淫荡腰动"
"拘束专用技","66","永久拘束時専用技","永久拘束时专用技","4698","絶技・筒涸らし","绝技・筒涸"
"拘束专用技","66","永久拘束時専用技","永久拘束时专用技","4720","子作りえっち","孕育之欢"
"拘束专用技","66","永久拘束時専用技","永久拘束时专用技","4747","蛇夜伽",""
"拘束专用技","66","永久拘束時専用技","永久拘束时专用技","4767","乱れ太夫","乱太夫"
"拘束专用技","66","永久拘束時専用技","永久拘束时专用技","4788","マンティスレイプ","螳螂强奸"
"拘束专用技","66","永久拘束時専用技","永久拘束时专用技","4836","陶酔のウツボカズラ","陶醉的猪笼草"
"拘束专用技","66","永久拘束時専用技","永久拘束时专用技","4867","アンシェントレイプ","古代强奸"
"拘束专用技","66","永久拘束時専用技","永久拘束时专用技","4936","奉仕プログラム666",""
"拘束专用技","66","永久拘束時専用技","永久拘束时专用技","4957","淫邪の蛇壺","淫邪的蛇壶"
"拘束专用技","66","永久拘束時専用技","永久拘束时专用技","4978","軟体にゅるにゅるレイプ","软体咕噜咕噜强奸"
"拘束专用技","66","永久拘束時専用技","永久拘束时专用技","4990","動力補給","动力补给"
"拘束专用技","66","永久拘束時専用技","永久拘束时专用技","5006","女王の生殖壺","女王的生殖壶"
"拘束专用技","66","永久拘束時専用技","永久拘束时专用技","5031","渇精の肉壺","渴精肉壶"
"拘束专用技","66","永久拘束時専用技","永久拘束时专用技","5068","アビスドレイン","深渊吸精"
"拘束专用技","66","永久拘束時専用技","永久拘束时专用技","5079","魔娼の腰振り","魔娼的腰动"
"拘束专用技","66","永久拘束時専用技","永久拘束时专用技","5080","ヘブンズピストン","天堂活塞"
"拘束专用技","66","永久拘束時専用技","永久拘束时专用技","5081","エナジードレイン","能量吸取"
"拘束专用技","66","永久拘束時専用技","永久拘束时专用技","5090","生殺しの肉壺","生杀肉壶"
"拘束专用技","66","永久拘束時専用技","永久拘束时专用技","5095","底無しの肉壺","无底肉壶"
"拘束专用技","66","永久拘束時専用技","永久拘束时专用技","5106","ご奉仕吸精","侍奉吸精"
"拘束专用技","66","永久拘束時専用技","永久拘束时专用技","5107","ご奉仕捕食","侍奉捕食"
"拘束专用技","66","永久拘束時専用技","永久拘束时专用技","5117","体液搾取","体液榨取"
"拘束专用技","66","永久拘束時専用技","永久拘束时专用技","5146","ストーンレイプ","石化强奸"
"拘束专用技","66","永久拘束時専用技","永久拘束时专用技","5168","鬼の腰振り","鬼之腰动"
"拘束专用技","66","永久拘束時専用技","永久拘束时专用技","5204","ツインエナジードレイン","双人能量吸取"
"拘束专用技","66","永久拘束時専用技","永久拘束时专用技","5244","ワイルドレイプ","野性强奸"
"拘束专用技","66","永久拘束時専用技","永久拘束时专用技","5248","巨膣ねじこみ","在胶囊内部被机械全身爱抚着"
"拘束专用技","66","永久拘束時専用技","永久拘束时专用技","5262","天国の腰振り肉壺","天堂的腰振肉壶"
"拘束专用技","66","永久拘束時専用技","永久拘束时专用技","5263","地獄の締め付け肉壺","地狱的紧缚肉壶"
"拘束专用技","66","永久拘束時専用技","永久拘束时专用技","5264","底無しの種吸い壺","无底的吸种之壶"
"拘束专用技","66","永久拘束時専用技","永久拘束时专用技","5286","牝木繚乱","牝木缭乱"
"拘束专用技","66","永久拘束時専用技","永久拘束时专用技","5296","エクスタシーキュラス","狂喜的藤蔓"
"拘束专用技","66","永久拘束時専用技","永久拘束时专用技","5310","ジェネラルレイプ","将军强奸"
"拘束专用技","66","永久拘束時専用技","永久拘束时专用技","5321","プリンセスえっち","公主的色情"
"拘束专用技","66","永久拘束時専用技","永久拘束时专用技","5331","人魚の締まり圧壺","人鱼的紧缩压力壶"
"拘束专用技","66","永久拘束時専用技","永久拘束时专用技","5332","人魚のうねり蠕壺","人鱼之蠕壺"
"拘束专用技","66","永久拘束時専用技","永久拘束时专用技","5348","牡啜りの魔壺","吸精魔壶"
"拘束专用技","66","永久拘束時専用技","永久拘束时专用技","5354","アラクネルイン","阿拉克涅之侵"
"拘束专用技","66","永久拘束時専用技","永久拘束时专用技","5363","アラクネ・リプロア","阿拉克涅・利普罗亚"
"拘束专用技","66","永久拘束時専用技","永久拘束时专用技","5377","百合の墓場","百合的墓场"
"拘束专用技","66","永久拘束時専用技","永久拘束时专用技","5385","トランシルヴァニアの夜陰","特兰西瓦尼亚的夜影"
"拘束专用技","66","永久拘束時専用技","永久拘束时专用技","5393","吸精夜想曲",""
"拘束专用技","66","永久拘束時専用技","永久拘束时专用技","5418","巨獣蹂躙","巨兽蹂躏"
"拘束专用技","66","永久拘束時専用技","永久拘束时专用技","5424","エアレイプ","空中强奸"
"拘束专用技","66","永久拘束時専用技","永久拘束时专用技","5451","魔王の夜伽","魔王的夜话"
"拘束专用技","66","永久拘束時専用技","永久拘束时专用技","5476","凍てつく陵辱","冰冻凌辱"
"拘束专用技","66","永久拘束時専用技","永久拘束时专用技","5509","愛天使の淫欲","爱天使的淫欲"
"拘束专用技","66","永久拘束時専用技","永久拘束时专用技","5520","戦乙女の嫐壺","女武神的嫐壺"
"拘束专用技","66","永久拘束時専用技","永久拘束时专用技","5547","ピストンラッシュ","活塞猛击"
"拘束专用技","66","永久拘束時専用技","永久拘束时专用技","5584","スネークエンド","蛇尾"
"拘束专用技","66","永久拘束時専用技","永久拘束时专用技","5586","ハピネス・ロンド","幸福・轮舞"
"混沌技","70","カオス","混沌","3320","遊ぶ：混沌暴走",""
"混沌技","70","カオス","混沌","8915","発動：アンチエクリプス",""
"混沌技","70","カオス","混沌","9759","ラストエクリプス","最终日食"
"混沌技","70","カオス","混沌","9760","デスジェネシス","死亡创世"
"混沌技","70","カオス","混沌","9761","ゼロユニバース","零宇宙"
"混沌技","70","カオス","混沌","9762","反物質対消滅","反物质湮灭"
"混沌技","70","カオス","混沌","9763","次元削除","次元删除"
"混沌技","70","カオス","混沌","9764","カオス","混沌"
"混沌技","70","カオス","混沌","9765","ゼロシフト","零点漂移"
"混沌技","70","カオス","混沌","9766","オールトの雲","奥尔特云"
"混沌技","70","カオス","混沌","9767","滅閃","灭闪"
"混沌技","70","カオス","混沌","9768","カオスバタフライ","混沌蝴蝶"
"混沌技","70","カオス","混沌","9769","清めの質量点","净化的质量点"
"混沌技","70","カオス","混沌","9770","カオスディライト","混沌欢愉"
