"怪物ID","怪物名字","物品类型","物品ID","物品名字","获取方式","中文怪物名字","中文物品名字"
"1","スライム娘","物品","1","薬草","掉落","史莱姆娘","药草"
"1","スライム娘","物品","322","さかな","掉落","史莱姆娘","鱼"
"1","スライム娘","物品","160","ぷるぷるゼリー","掉落","史莱姆娘","弹弹果冻"
"1","スライム娘","物品","1","薬草","可偷物品","史莱姆娘","药草"
"1","スライム娘","武器","657","ブーメラン","可偷物品","史莱姆娘","回旋镖"
"1","スライム娘","物品","322","さかな","可偷食材","史莱姆娘","鱼"
"1","スライム娘","物品","160","ぷるぷるゼリー","可偷素材","史莱姆娘","弹弹果冻"
"1","スライム娘","物品","1001","スライム娘のミルク","可偷牛奶","史莱姆娘","史莱姆娘的乳汁"
"2","バニースライム娘","物品","1","薬草","掉落","兔子史莱姆娘","药草"
"2","バニースライム娘","物品","160","ぷるぷるゼリー","掉落","兔子史莱姆娘","弹弹果冻"
"2","バニースライム娘","物品","310","にんじん","掉落","兔子史莱姆娘","胡萝卜"
"2","バニースライム娘","物品","1002","バニースライム娘のミルク","可偷牛奶","兔子史莱姆娘","兔子史莱姆娘的乳汁"
"3","バニースライム娘","物品","1","薬草","掉落","兔子史莱姆娘","药草"
"3","バニースライム娘","物品","310","にんじん","掉落","兔子史莱姆娘","胡萝卜"
"3","バニースライム娘","物品","160","ぷるぷるゼリー","掉落","兔子史莱姆娘","弹弹果冻"
"3","バニースライム娘","物品","1","薬草","可偷物品","兔子史莱姆娘","药草"
"3","バニースライム娘","防具","1175","スライムコア","可偷物品","兔子史莱姆娘","史莱姆核心"
"3","バニースライム娘","物品","310","にんじん","可偷食材","兔子史莱姆娘","胡萝卜"
"3","バニースライム娘","物品","160","ぷるぷるゼリー","可偷素材","兔子史莱姆娘","弹弹果冻"
"3","バニースライム娘","物品","1002","バニースライム娘のミルク","可偷牛奶","兔子史莱姆娘","兔子史莱姆娘的乳汁"
"4","ナメクジ娘","物品","13","毒消し草","掉落","蛞蝓娘","解毒草"
"4","ナメクジ娘","物品","309","レタス","掉落","蛞蝓娘","生菜"
"4","ナメクジ娘","物品","161","ヌルヌル粘液","掉落","蛞蝓娘","黏滑粘液"
"4","ナメクジ娘","物品","13","毒消し草","可偷物品","蛞蝓娘","解毒草"
"4","ナメクジ娘","防具","1026","イヤリング","可偷物品","蛞蝓娘","耳环"
"4","ナメクジ娘","物品","309","レタス","可偷食材","蛞蝓娘","生菜"
"4","ナメクジ娘","物品","161","ヌルヌル粘液","可偷素材","蛞蝓娘","黏滑粘液"
"4","ナメクジ娘","防具","1801","ネバネバパンツ","可偷内裤","蛞蝓娘","黏糊糊内裤"
"4","ナメクジ娘","物品","1004","ナメクジ娘のミルク","可偷牛奶","蛞蝓娘","蛞蝓娘的乳汁"
"5","インプ","物品","1","薬草","掉落","小恶魔","药草"
"5","インプ","物品","162","インプの尻尾","掉落","小恶魔","小恶魔的尾巴"
"5","インプ","物品","357","サンドウイッチ","掉落","小恶魔","三明治"
"5","インプ","物品","1","薬草","可偷物品","小恶魔","药草"
"5","インプ","防具","1171","緊縛の縄","可偷物品","小恶魔","紧缚之绳"
"5","インプ","物品","357","サンドウイッチ","可偷食材","小恶魔","三明治"
"5","インプ","物品","162","インプの尻尾","可偷素材","小恶魔","小恶魔的尾巴"
"5","インプ","防具","1802","こあくまインプのパンツ","可偷内裤","小恶魔","小恶魔的内裤"
"5","インプ","物品","1005","インプのミルク","可偷牛奶","小恶魔","小恶魔的乳汁"
"6","マンドラゴラ娘","物品","1","薬草","掉落","曼德拉娘","药草"
"6","マンドラゴラ娘","物品","307","キャベツ","掉落","曼德拉娘","卷心菜"
"6","マンドラゴラ娘","物品","163","魔葉","掉落","曼德拉娘","魔叶"
"6","マンドラゴラ娘","物品","1","薬草","可偷物品","曼德拉娘","药草"
"6","マンドラゴラ娘","物品","163","魔葉","可偷物品","曼德拉娘","魔叶"
"6","マンドラゴラ娘","物品","307","キャベツ","可偷食材","曼德拉娘","卷心菜"
"6","マンドラゴラ娘","物品","163","魔葉","可偷素材","曼德拉娘","魔叶"
"6","マンドラゴラ娘","物品","1006","マンドラゴラ娘のミルク","可偷牛奶","曼德拉娘","曼德拉娘的乳汁"
"7","犬娘","物品","442","魚の骨","掉落","犬娘","鱼骨"
"7","犬娘","物品","11","フェニックスの尾","掉落","犬娘","凤凰之尾"
"7","犬娘","物品","164","野獣の爪","掉落","犬娘","野兽之爪"
"7","犬娘","物品","442","魚の骨","可偷物品","犬娘","鱼骨"
"7","犬娘","物品","11","フェニックスの尾","可偷物品","犬娘","凤凰之尾"
"7","犬娘","物品","442","魚の骨","可偷食材","犬娘","鱼骨"
"7","犬娘","物品","164","野獣の爪","可偷素材","犬娘","野兽之爪"
"7","犬娘","防具","1805","わんわんパンツ","可偷内裤","犬娘","汪汪内裤"
"7","犬娘","物品","1007","犬娘のミルク","可偷牛奶","犬娘","犬娘的乳汁"
"8","ミミズ娘","物品","13","毒消し草","掉落","蚯蚓娘","解毒草"
"8","ミミズ娘","物品","161","ヌルヌル粘液","掉落","蚯蚓娘","黏滑粘液"
"8","ミミズ娘","物品","67","土石","掉落","蚯蚓娘","土石"
"8","ミミズ娘","物品","13","毒消し草","可偷物品","蚯蚓娘","解毒草"
"8","ミミズ娘","物品","67","土石","可偷物品","蚯蚓娘","土石"
"8","ミミズ娘","物品","301","りんご","可偷食材","蚯蚓娘","苹果"
"8","ミミズ娘","物品","161","ヌルヌル粘液","可偷素材","蚯蚓娘","黏滑粘液"
"8","ミミズ娘","物品","1008","ミミズ娘のミルク","可偷牛奶","蚯蚓娘","蚯蚓娘的乳汁"
"9","ゴブリン娘","物品","67","土石","掉落","哥布林娘","土石"
"9","ゴブリン娘","物品","361","おにぎり","掉落","哥布林娘","饭团"
"9","ゴブリン娘","武器","402","大金槌","掉落","哥布林娘","大金锤"
"9","ゴブリン娘","防具","1806","ゴブリンパンツ","可偷内裤","哥布林娘","哥布林内裤"
"9","ゴブリン娘","物品","1009","ゴブリン娘のミルク","可偷牛奶","哥布林娘","哥布林娘的乳汁"
"10","プチラミア","物品","71","水石","掉落","迷你拉米亚","水石"
"10","プチラミア","物品","346","あんぱん","掉落","迷你拉米亚","红豆面包"
"10","プチラミア","防具","1021","鉄の小手","掉落","迷你拉米亚","铁制护手"
"10","プチラミア","物品","1010","プチラミアのミルク","可偷牛奶","迷你拉米亚","迷你拉米亚的乳汁"
"11","ヴァンパイアガール","物品","63","風石","掉落","萝莉吸血鬼","风石"
"11","ヴァンパイアガール","物品","434","ビスケット","掉落","萝莉吸血鬼","饼干"
"11","ヴァンパイアガール","防具","2","黒いズタ袋","掉落","萝莉吸血鬼","黑布袋"
"11","ヴァンパイアガール","防具","1807","こうもりパンツ","可偷内裤","萝莉吸血鬼","蝙蝠内裤"
"11","ヴァンパイアガール","物品","1011","ヴァンパイアガールのミルク","可偷牛奶","萝莉吸血鬼","萝莉吸血鬼的乳汁"
"12","ドラゴンパピー","物品","51","炎石","掉落","迷你龙","炎石"
"12","ドラゴンパピー","物品","446","どんぐり","掉落","迷你龙","橡果"
"12","ドラゴンパピー","武器","290","セスタス","掉落","迷你龙","格斗爪"
"12","ドラゴンパピー","防具","1808","ミニ竜の腰布","可偷内裤","迷你龙","小龙腰布"
"12","ドラゴンパピー","物品","1012","ドラゴンパピーのミルク","可偷牛奶","迷你龙","迷你龙的乳汁"
"13","ネズミ娘","物品","341","チーズ","掉落","鼠娘","奶酪"
"13","ネズミ娘","物品","164","野獣の爪","掉落","鼠娘","野兽之爪"
"13","ネズミ娘","防具","1036","銀の腕輪","掉落","鼠娘","银手镯"
"13","ネズミ娘","物品","1","薬草","可偷物品","鼠娘","药草"
"13","ネズミ娘","防具","1036","銀の腕輪","可偷物品","鼠娘","银手镯"
"13","ネズミ娘","物品","341","チーズ","可偷食材","鼠娘","奶酪"
"13","ネズミ娘","物品","164","野獣の爪","可偷素材","鼠娘","野兽之爪"
"13","ネズミ娘","防具","1809","ネズミ水玉パンツ","可偷内裤","鼠娘","鼠娘圆点内裤"
"13","ネズミ娘","物品","1013","ネズミ娘のミルク","可偷牛奶","鼠娘","鼠娘的乳汁"
"14","狼娘","物品","7","ブーストドリンク","掉落","狼娘","能量饮料"
"14","狼娘","物品","329","肉","掉落","狼娘","肉"
"14","狼娘","物品","164","野獣の爪","掉落","狼娘","野兽之爪"
"14","狼娘","物品","7","ブーストドリンク","可偷物品","狼娘","能量饮料"
"14","狼娘","物品","11","フェニックスの尾","可偷物品","狼娘","凤凰之尾"
"14","狼娘","物品","329","肉","可偷食材","狼娘","肉"
"14","狼娘","物品","164","野獣の爪","可偷素材","狼娘","野兽之爪"
"14","狼娘","物品","1014","狼娘のミルク","可偷牛奶","狼娘","狼娘的乳汁"
"15","フェニックス娘","物品","11","フェニックスの尾","掉落","凤凰娘","凤凰之尾"
"15","フェニックス娘","物品","51","炎石","掉落","凤凰娘","炎石"
"15","フェニックス娘","防具","1001","マッスルベルト","掉落","凤凰娘","肌肉腰带"
"15","フェニックス娘","防具","1810","フェニックスもふもふパンツ","可偷内裤","凤凰娘","凤凰绒绒内裤"
"15","フェニックス娘","物品","1015","フェニックス娘のミルク","可偷牛奶","凤凰娘","凤凰娘的乳汁"
"16","ヒル娘","物品","13","毒消し草","掉落","水蛭娘","解毒草"
"16","ヒル娘","物品","165","ネバネバ粘液","掉落","水蛭娘","黏糊糊粘液"
"16","ヒル娘","物品","55","氷石","掉落","水蛭娘","冰石"
"16","ヒル娘","物品","13","毒消し草","可偷物品","水蛭娘","解毒草"
"16","ヒル娘","防具","1041","細心の首飾り","可偷物品","水蛭娘","细心项链"
"16","ヒル娘","物品","337","イチゴジャム","可偷食材","水蛭娘","草莓酱"
"16","ヒル娘","物品","165","ネバネバ粘液","可偷素材","水蛭娘","黏糊糊粘液"
"16","ヒル娘","物品","1016","ヒル娘のミルク","可偷牛奶","水蛭娘","水蛭娘的乳汁"
"17","ウサギ娘","物品","11","フェニックスの尾","掉落","兔娘","凤凰之尾"
"17","ウサギ娘","物品","51","炎石","掉落","兔娘","炎石"
"17","ウサギ娘","武器","550","アイアンボウ","掉落","兔娘","铁弓"
"17","ウサギ娘","物品","1","薬草","可偷物品","兔娘","药草"
"17","ウサギ娘","武器","550","アイアンボウ","可偷物品","兔娘","铁弓"
"17","ウサギ娘","物品","310","にんじん","可偷食材","兔娘","胡萝卜"
"17","ウサギ娘","物品","51","炎石","可偷素材","兔娘","炎石"
"17","ウサギ娘","防具","1811","ウサギ娘のショーツ","可偷内裤","兔娘","兔娘的内裤"
"17","ウサギ娘","物品","1017","ウサギ娘のミルク","可偷牛奶","兔娘","兔娘的乳汁"
"18","羊娘","物品","431","ヤマタイ酒","掉落","羊娘","邪马台酒"
"18","羊娘","物品","433","スルメ","掉落","羊娘","鱿鱼干"
"18","羊娘","物品","55","氷石","掉落","羊娘","冰石"
"18","羊娘","物品","433","スルメ","可偷物品","羊娘","鱿鱼干"
"18","羊娘","防具","1147","隠遁のシール","可偷物品","羊娘","隐遁的贴纸"
"18","羊娘","物品","431","ヤマタイ酒","可偷食材","羊娘","邪马台酒"
"18","羊娘","物品","55","氷石","可偷素材","羊娘","冰石"
"18","羊娘","防具","1812","羊娘の地味パンツ","可偷内裤","羊娘","羊娘朴素内裤"
"18","羊娘","物品","1018","羊娘のミルク","可偷牛奶","羊娘","羊娘的乳汁"
"19","シュリー","物品","7","ブーストドリンク","掉落","修莉","能量饮料"
"19","シュリー","物品","166","混沌の石","掉落","修莉","混沌之石"
"19","シュリー","物品","55","氷石","掉落","修莉","冰石"
"19","シュリー","物品","55","氷石","可偷物品","修莉","冰石"
"19","シュリー","防具","1006","マジックオーブ","可偷物品","修莉","魔法宝珠"
"19","シュリー","物品","166","混沌の石","可偷素材","修莉","混沌之石"
"19","シュリー","物品","1019","シュリーのミルク","可偷牛奶","修莉","修莉的乳汁"
"20","ジェイド","物品","11","フェニックスの尾","掉落","杰伊德","凤凰之尾"
"20","ジェイド","物品","166","混沌の石","掉落","杰伊德","混沌之石"
"20","ジェイド","物品","59","雷石","掉落","杰伊德","雷石"
"20","ジェイド","物品","59","雷石","可偷物品","杰伊德","雷石"
"20","ジェイド","防具","1011","不思議なタトゥー","可偷物品","杰伊德","不可思议纹身"
"20","ジェイド","物品","166","混沌の石","可偷素材","杰伊德","混沌之石"
"20","ジェイド","物品","1020","ジェイドのミルク","可偷牛奶","杰伊德","杰伊德的乳汁"
"21","シェスタ","物品","166","混沌の石","掉落","谢丝塔","混沌之石"
"21","シェスタ","物品","63","風石","掉落","谢丝塔","风石"
"21","シェスタ","防具","148","革のドレス","掉落","谢丝塔","皮革礼服"
"21","シェスタ","物品","166","混沌の石","可偷物品","谢丝塔","混沌之石"
"21","シェスタ","防具","148","革のドレス","可偷物品","谢丝塔","皮革礼服"
"21","シェスタ","物品","166","混沌の石","可偷素材","谢丝塔","混沌之石"
"21","シェスタ","防具","1813","シェスタのパンツ","可偷内裤","谢丝塔","谢丝塔的内裤"
"21","シェスタ","物品","1021","シェスタのミルク","可偷牛奶","谢丝塔","谢丝塔的乳汁"
"22","？？？","物品","4","霊薬","掉落","？？？","灵药"
"22","？？？","物品","166","混沌の石","掉落","？？？","混沌之石"
"22","？？？","物品","79","闇石","掉落","？？？","暗石"
"22","？？？","物品","1022","ヌルコのミルク","可偷牛奶","？？？","黏黏子的乳汁"
"23","オーク娘","物品","329","肉","掉落","兽人娘","肉"
"23","オーク娘","物品","331","ソーセージ","掉落","兽人娘","香肠"
"23","オーク娘","武器","400","棍棒","掉落","兽人娘","棍棒"
"23","オーク娘","物品","23","ハーピーの羽","可偷物品","兽人娘","哈比之羽"
"23","オーク娘","防具","1016","パワーリスト","可偷物品","兽人娘","力量护腕"
"23","オーク娘","物品","331","ソーセージ","可偷食材","兽人娘","香肠"
"23","オーク娘","物品","67","土石","可偷素材","兽人娘","土石"
"23","オーク娘","物品","1023","オーク娘のミルク","可偷牛奶","兽人娘","兽人娘的乳汁"
"24","ミツバチ娘","物品","14","目薬","掉落","蜜蜂娘","眼药水"
"24","ミツバチ娘","物品","436","ハチミツ","掉落","蜜蜂娘","蜂蜜"
"24","ミツバチ娘","物品","167","硬い針","掉落","蜜蜂娘","硬针"
"24","ミツバチ娘","物品","14","目薬","可偷物品","蜜蜂娘","眼药水"
"24","ミツバチ娘","物品","167","硬い針","可偷物品","蜜蜂娘","硬针"
"24","ミツバチ娘","物品","436","ハチミツ","可偷食材","蜜蜂娘","蜂蜜"
"24","ミツバチ娘","物品","167","硬い針","可偷素材","蜜蜂娘","硬针"
"24","ミツバチ娘","物品","1024","ミツバチ娘のミルク","可偷牛奶","蜜蜂娘","蜜蜂娘的乳汁"
"25","スズメ娘","物品","1","薬草","掉落","麻雀娘","药草"
"25","スズメ娘","物品","168","綺麗な羽根","掉落","麻雀娘","美丽的羽毛"
"25","スズメ娘","防具","123","シルクのローブ","掉落","麻雀娘","丝绸长袍"
"25","スズメ娘","物品","1","薬草","可偷物品","麻雀娘","药草"
"25","スズメ娘","物品","23","ハーピーの羽","可偷物品","麻雀娘","哈比之羽"
"25","スズメ娘","物品","360","ライス","可偷食材","麻雀娘","米饭"
"25","スズメ娘","物品","168","綺麗な羽根","可偷素材","麻雀娘","美丽的羽毛"
"25","スズメ娘","防具","1814","スズメ娘の羽毛パンツ","可偷内裤","麻雀娘","麻雀娘的羽毛内裤"
"25","スズメ娘","物品","1025","スズメ娘のミルク","可偷牛奶","麻雀娘","麻雀娘的乳汁"
"26","ハーピー","物品","23","ハーピーの羽","掉落","哈比","哈比之羽"
"26","ハーピー","物品","168","綺麗な羽根","掉落","哈比","美丽的羽毛"
"26","ハーピー","物品","63","風石","掉落","哈比","风石"
"26","ハーピー","物品","23","ハーピーの羽","可偷物品","哈比","哈比之羽"
"26","ハーピー","物品","63","風石","可偷物品","哈比","风石"
"26","ハーピー","物品","361","おにぎり","可偷食材","哈比","饭团"
"26","ハーピー","物品","168","綺麗な羽根","可偷素材","哈比","美丽的羽毛"
"26","ハーピー","物品","1026","ハーピーのミルク","可偷牛奶","哈比","哈比的乳汁"
"27","ハーピーツインズ","物品","305","バナナ","掉落","哈比姐妹","香蕉"
"27","ハーピーツインズ","物品","168","綺麗な羽根","掉落","哈比姐妹","美丽的羽毛"
"27","ハーピーツインズ","防具","1056","そよ風のマント","掉落","哈比姐妹","微风斗篷"
"27","ハーピーツインズ","物品","23","ハーピーの羽","可偷物品","哈比姐妹","哈比之羽"
"27","ハーピーツインズ","物品","168","綺麗な羽根","可偷物品","哈比姐妹","美丽的羽毛"
"27","ハーピーツインズ","物品","305","バナナ","可偷食材","哈比姐妹","香蕉"
"27","ハーピーツインズ","物品","168","綺麗な羽根","可偷素材","哈比姐妹","美丽的羽毛"
"27","ハーピーツインズ","物品","1027","ハーピーツインズのミルク","可偷牛奶","哈比姐妹","哈比姐妹的乳汁"
"28","クィーンハーピー","物品","11","フェニックスの尾","掉落","哈比女王","凤凰之尾"
"28","クィーンハーピー","物品","168","綺麗な羽根","掉落","哈比女王","美丽的羽毛"
"28","クィーンハーピー","物品","63","風石","掉落","哈比女王","风石"
"28","クィーンハーピー","物品","1028","クィーンハーピーのミルク","可偷牛奶","哈比女王","哈比女王的乳汁"
"29","ハイスラッグ娘","物品","13","毒消し草","掉落","高阶蛞蝓娘","解毒草"
"29","ハイスラッグ娘","物品","165","ネバネバ粘液","掉落","高阶蛞蝓娘","黏糊糊粘液"
"29","ハイスラッグ娘","防具","148","革のドレス","掉落","高阶蛞蝓娘","皮革礼服"
"29","ハイスラッグ娘","物品","13","毒消し草","可偷物品","高阶蛞蝓娘","解毒草"
"29","ハイスラッグ娘","防具","1145","派手なマニキュア","可偷物品","高阶蛞蝓娘","华丽的指甲油"
"29","ハイスラッグ娘","物品","309","レタス","可偷食材","高阶蛞蝓娘","生菜"
"29","ハイスラッグ娘","物品","165","ネバネバ粘液","可偷素材","高阶蛞蝓娘","黏糊糊粘液"
"29","ハイスラッグ娘","防具","1815","ナメクジ高級パンツ","可偷内裤","高阶蛞蝓娘","蛞蝓高档内裤"
"29","ハイスラッグ娘","物品","1029","ハイスラッグ娘のミルク","可偷牛奶","高阶蛞蝓娘","高阶蛞蝓娘的乳汁"
"30","ナメクジシスター","物品","309","レタス","掉落","蛞蝓修女","生菜"
"30","ナメクジシスター","物品","165","ネバネバ粘液","掉落","蛞蝓修女","黏糊糊粘液"
"30","ナメクジシスター","武器","474","魔導士の杖","掉落","蛞蝓修女","魔导士之杖"
"30","ナメクジシスター","物品","13","毒消し草","可偷物品","蛞蝓修女","解毒草"
"30","ナメクジシスター","防具","1031","ガードロザリオ","可偷物品","蛞蝓修女","守护念珠"
"30","ナメクジシスター","物品","309","レタス","可偷食材","蛞蝓修女","生菜"
"30","ナメクジシスター","物品","165","ネバネバ粘液","可偷素材","蛞蝓修女","黏糊糊粘液"
"30","ナメクジシスター","防具","1816","ナメクジシスターパンツ","可偷内裤","蛞蝓修女","蛞蝓修女内裤"
"30","ナメクジシスター","物品","1030","ナメクジシスターのミルク","可偷牛奶","蛞蝓修女","蛞蝓修女的乳汁"
"31","スラグスターズ","物品","31","器用さの種","掉落","蛞蝓群星","灵巧之种"
"31","スラグスターズ","物品","165","ネバネバ粘液","掉落","蛞蝓群星","黏糊糊粘液"
"31","スラグスターズ","物品","67","土石","掉落","蛞蝓群星","土石"
"31","スラグスターズ","物品","1031","スラグスターズのミルク","可偷牛奶","蛞蝓群星","蛞蝓群星的乳汁"
"32","ジャックオーランタン","物品","446","どんぐり","掉落","杰克灯笼","橡果"
"32","ジャックオーランタン","物品","15","山彦草","掉落","杰克灯笼","山彦草"
"32","ジャックオーランタン","物品","169","不思議などんぐり","掉落","杰克灯笼","不可思议的橡果"
"32","ジャックオーランタン","物品","447","松ぼっくり","可偷物品","杰克灯笼","松果"
"32","ジャックオーランタン","防具","234","魔導師の帽子","可偷物品","杰克灯笼","魔导师的帽子"
"32","ジャックオーランタン","物品","435","アメ玉","可偷食材","杰克灯笼","糖球"
"32","ジャックオーランタン","物品","169","不思議などんぐり","可偷素材","杰克灯笼","不可思议的橡果"
"32","ジャックオーランタン","防具","1817","かぼちゃパンツ","可偷内裤","杰克灯笼","南瓜内裤"
"32","ジャックオーランタン","物品","1032","ジャックオーランタンのミルク","可偷牛奶","杰克灯笼","杰克灯笼的乳汁"
"33","ローパー娘","物品","1","薬草","掉落","树绳妖娘","药草"
"33","ローパー娘","物品","161","ヌルヌル粘液","掉落","树绳妖娘","黏滑粘液"
"33","ローパー娘","物品","51","炎石","掉落","树绳妖娘","炎石"
"33","ローパー娘","物品","1","薬草","可偷物品","树绳妖娘","药草"
"33","ローパー娘","防具","1061","不思議なかんざし","可偷物品","树绳妖娘","不可思议的发簪"
"33","ローパー娘","物品","312","大根","可偷食材","树绳妖娘","白萝卜"
"33","ローパー娘","物品","161","ヌルヌル粘液","可偷素材","树绳妖娘","黏滑粘液"
"33","ローパー娘","物品","1033","ローパー娘のミルク","可偷牛奶","树绳妖娘","树绳妖娘的乳汁"
"34","メーダ娘","物品","14","目薬","掉落","梅达娘","眼药水"
"34","メーダ娘","物品","432","ほしにく","掉落","梅达娘","干肉"
"34","メーダ娘","物品","59","雷石","掉落","梅达娘","雷石"
"34","メーダ娘","物品","14","目薬","可偷物品","梅达娘","眼药水"
"34","メーダ娘","物品","11","フェニックスの尾","可偷物品","梅达娘","凤凰之尾"
"34","メーダ娘","物品","432","ほしにく","可偷食材","梅达娘","干肉"
"34","メーダ娘","物品","59","雷石","可偷素材","梅达娘","雷石"
"34","メーダ娘","物品","1034","メーダ娘のミルク","可偷牛奶","梅达娘","梅达娘的乳汁"
"35","キャンドル娘","物品","11","フェニックスの尾","掉落","蜡烛娘","凤凰之尾"
"35","キャンドル娘","物品","51","炎石","掉落","蜡烛娘","炎石"
"35","キャンドル娘","防具","1006","マジックオーブ","掉落","蜡烛娘","魔法宝珠"
"35","キャンドル娘","物品","1","薬草","可偷物品","蜡烛娘","药草"
"35","キャンドル娘","物品","51","炎石","可偷物品","蜡烛娘","炎石"
"35","キャンドル娘","物品","338","小麦粉","可偷食材","蜡烛娘","面粉"
"35","キャンドル娘","物品","51","炎石","可偷素材","蜡烛娘","炎石"
"35","キャンドル娘","物品","1035","キャンドル娘のミルク","可偷牛奶","蜡烛娘","蜡烛娘的乳汁"
"36","イーター","物品","1","薬草","掉落","伊塔","药草"
"36","イーター","物品","172","混沌の欠片","掉落","伊塔","混沌的碎片"
"36","イーター","物品","59","雷石","掉落","伊塔","雷石"
"36","イーター","物品","1","薬草","可偷物品","伊塔","药草"
"36","イーター","防具","1113","ライトリング","可偷物品","伊塔","轻灵戒指"
"36","イーター","物品","172","混沌の欠片","可偷素材","伊塔","混沌的碎片"
"36","イーター","物品","1036","イーターのミルク","可偷牛奶","伊塔","伊塔的乳汁"
"37","ライオット","物品","7","ブーストドリンク","掉落","莱奥特","能量饮料"
"37","ライオット","物品","164","野獣の爪","掉落","莱奥特","野兽之爪"
"37","ライオット","物品","166","混沌の石","掉落","莱奥特","混沌之石"
"37","ライオット","物品","7","ブーストドリンク","可偷物品","莱奥特","能量饮料"
"37","ライオット","防具","1016","パワーリスト","可偷物品","莱奥特","力量护腕"
"37","ライオット","物品","166","混沌の石","可偷素材","莱奥特","混沌之石"
"37","ライオット","物品","1037","ライオットのミルク","可偷牛奶","莱奥特","莱奥特的乳汁"
"38","ルクスル","物品","11","フェニックスの尾","掉落","露克斯","凤凰之尾"
"38","ルクスル","物品","172","混沌の欠片","掉落","露克斯","混沌的碎片"
"38","ルクスル","武器","889","マスケット","掉落","露克斯","滑膛枪"
"38","ルクスル","物品","11","フェニックスの尾","可偷物品","露克斯","凤凰之尾"
"38","ルクスル","物品","79","闇石","可偷物品","露克斯","暗石"
"38","ルクスル","物品","166","混沌の石","可偷素材","露克斯","混沌之石"
"38","ルクスル","物品","1038","ルクスルのミルク","可偷牛奶","露克斯","露克斯的乳汁"
"39","ダークエルフ","物品","1","薬草","掉落","暗精灵","药草"
"39","ダークエルフ","物品","170","涙の凝石","掉落","暗精灵","泪之凝石"
"39","ダークエルフ","武器","5","ゴールドナイフ","掉落","暗精灵","金制小刀"
"39","ダークエルフ","物品","1","薬草","可偷物品","暗精灵","药草"
"39","ダークエルフ","防具","1011","不思議なタトゥー","可偷物品","暗精灵","不可思议纹身"
"39","ダークエルフ","物品","343","パン","可偷食材","暗精灵","面包"
"39","ダークエルフ","物品","170","涙の凝石","可偷素材","暗精灵","泪之凝石"
"39","ダークエルフ","防具","1818","ダークエルフショーツ","可偷内裤","暗精灵","暗精灵短裤"
"39","ダークエルフ","物品","1039","ダークエルフ剣士のミルク","可偷牛奶","暗精灵","暗精灵剑士的乳汁"
"40","ダークエルフ","物品","15","山彦草","掉落","暗精灵","山彦草"
"40","ダークエルフ","物品","170","涙の凝石","掉落","暗精灵","泪之凝石"
"40","ダークエルフ","物品","55","氷石","掉落","暗精灵","冰石"
"40","ダークエルフ","物品","15","山彦草","可偷物品","暗精灵","山彦草"
"40","ダークエルフ","防具","1100","ミラーリング","可偷物品","暗精灵","镜像反射"
"40","ダークエルフ","物品","331","ソーセージ","可偷食材","暗精灵","香肠"
"40","ダークエルフ","物品","170","涙の凝石","可偷素材","暗精灵","泪之凝石"
"40","ダークエルフ","防具","1819","ダークエルフパンツ","可偷内裤","暗精灵","暗精灵内裤"
"40","ダークエルフ","物品","1040","ダークエルフ召喚師のミルク","可偷牛奶","暗精灵","暗精灵召唤士的乳汁"
"41","フェアリー","物品","1","薬草","掉落","妖精","药草"
"41","フェアリー","物品","169","不思議などんぐり","掉落","妖精","不可思议的橡果"
"41","フェアリー","物品","63","風石","掉落","妖精","风石"
"41","フェアリー","物品","446","どんぐり","可偷物品","妖精","橡果"
"41","フェアリー","防具","1372","自然感応の書","可偷物品","妖精","自然感应之书"
"41","フェアリー","物品","304","さくらんぼ","可偷食材","妖精","樱桃"
"41","フェアリー","物品","188","妖精のどんぐり","可偷素材","妖精","妖精的橡果"
"41","フェアリー","防具","1839","ブラウニーズミニパンツ","可偷内裤","妖精","棕精灵迷你内裤"
"41","フェアリー","物品","1041","フェアリーのミルク","可偷牛奶","妖精","小仙子的乳汁"
"42","ミニカニ娘","物品","1","薬草","掉落","迷你蟹娘","药草"
"42","ミニカニ娘","物品","335","のり","掉落","迷你蟹娘","海苔"
"42","ミニカニ娘","物品","171","綺麗な珊瑚","掉落","迷你蟹娘","美丽的珊瑚"
"42","ミニカニ娘","物品","1","薬草","可偷物品","迷你蟹娘","药草"
"42","ミニカニ娘","物品","71","水石","可偷物品","迷你蟹娘","水石"
"42","ミニカニ娘","物品","335","のり","可偷食材","迷你蟹娘","海苔"
"42","ミニカニ娘","物品","171","綺麗な珊瑚","可偷素材","迷你蟹娘","美丽的珊瑚"
"42","ミニカニ娘","物品","1042","ミニカニ娘のミルク","可偷牛奶","迷你蟹娘","迷你蟹娘的乳汁"
"43","ナマズ娘","物品","7","ブーストドリンク","掉落","鲶鱼娘","能量饮料"
"43","ナマズ娘","物品","165","ネバネバ粘液","掉落","鲶鱼娘","黏糊糊粘液"
"43","ナマズ娘","物品","59","雷石","掉落","鲶鱼娘","雷石"
"43","ナマズ娘","物品","7","ブーストドリンク","可偷物品","鲶鱼娘","能量饮料"
"43","ナマズ娘","物品","59","雷石","可偷物品","鲶鱼娘","雷石"
"43","ナマズ娘","物品","328","うなぎ","可偷食材","鲶鱼娘","鳗鱼"
"43","ナマズ娘","物品","165","ネバネバ粘液","可偷素材","鲶鱼娘","黏糊糊粘液"
"43","ナマズ娘","物品","1043","ナマズ娘のミルク","可偷牛奶","鲶鱼娘","鲶鱼娘的乳汁"
"44","ラフレシア娘","物品","1","薬草","掉落","霸王花娘","药草"
"44","ラフレシア娘","物品","321","とうがらし","掉落","霸王花娘","辣椒"
"44","ラフレシア娘","物品","163","魔葉","掉落","霸王花娘","魔叶"
"44","ラフレシア娘","物品","1","薬草","可偷物品","霸王花娘","药草"
"44","ラフレシア娘","防具","1721","守護香","可偷物品","霸王花娘","守护香"
"44","ラフレシア娘","物品","321","とうがらし","可偷食材","霸王花娘","辣椒"
"44","ラフレシア娘","物品","163","魔葉","可偷素材","霸王花娘","魔叶"
"44","ラフレシア娘","物品","1044","ラフレシア娘のミルク","可偷牛奶","霸王花娘","霸王花娘的乳汁"
"45","セントール","物品","14","目薬","掉落","半人马","眼药水"
"45","セントール","物品","173","丈夫な蹄","掉落","半人马","坚固的蹄"
"45","セントール","防具","4","レザーベスト","掉落","半人马","皮革背心"
"45","セントール","物品","173","丈夫な蹄","可偷物品","半人马","坚固的蹄"
"45","セントール","防具","1730","修行リスト","可偷物品","半人马","修行手环"
"45","セントール","物品","310","にんじん","可偷食材","半人马","胡萝卜"
"45","セントール","物品","173","丈夫な蹄","可偷素材","半人马","坚固的蹄"
"45","セントール","物品","1045","セントールのミルク","可偷牛奶","半人马","半人马的乳汁"
"46","銀狐二尾","物品","1","薬草","掉落","银狐二尾","药草"
"46","銀狐二尾","物品","333","あぶらあげ","掉落","银狐二尾","油豆腐"
"46","銀狐二尾","物品","174","ふわふわしっぽ","掉落","银狐二尾","蓬松尾巴"
"46","銀狐二尾","物品","174","ふわふわしっぽ","可偷物品","银狐二尾","蓬松尾巴"
"46","銀狐二尾","物品","67","土石","可偷物品","银狐二尾","土石"
"46","銀狐二尾","物品","370","いなりずし","可偷食材","银狐二尾","稻荷寿司"
"46","銀狐二尾","物品","174","ふわふわしっぽ","可偷素材","银狐二尾","蓬松尾巴"
"46","銀狐二尾","防具","1821","妖狐のひよこパンツ","可偷内裤","银狐二尾","妖狐的小鸡内裤"
"46","銀狐二尾","物品","1046","銀狐二尾のミルク","可偷牛奶","银狐二尾","银狐二尾的乳汁"
"47","かむろ二尾","物品","1","薬草","掉落","神室二尾","药草"
"47","かむろ二尾","物品","174","ふわふわしっぽ","掉落","神室二尾","蓬松尾巴"
"47","かむろ二尾","物品","67","土石","掉落","神室二尾","土石"
"47","かむろ二尾","物品","1","薬草","可偷物品","神室二尾","药草"
"47","かむろ二尾","防具","1061","不思議なかんざし","可偷物品","神室二尾","不可思议的发簪"
"47","かむろ二尾","物品","333","あぶらあげ","可偷食材","神室二尾","油豆腐"
"47","かむろ二尾","物品","174","ふわふわしっぽ","可偷素材","神室二尾","蓬松尾巴"
"47","かむろ二尾","防具","1822","かむろのパンツ","可偷内裤","神室二尾","神室的内裤"
"47","かむろ二尾","物品","1047","かむろ二尾のミルク","可偷牛奶","神室二尾","神室二尾的乳汁"
"48","クモ娘","物品","13","毒消し草","掉落","蜘蛛娘","解毒草"
"48","クモ娘","物品","432","ほしにく","掉落","蜘蛛娘","干肉"
"48","クモ娘","物品","175","蜘蛛の糸","掉落","蜘蛛娘","蜘蛛之丝"
"48","クモ娘","物品","13","毒消し草","可偷物品","蜘蛛娘","解毒草"
"48","クモ娘","防具","163","あぶない水着","可偷物品","蜘蛛娘","危险泳装"
"48","クモ娘","物品","432","ほしにく","可偷食材","蜘蛛娘","干肉"
"48","クモ娘","物品","175","蜘蛛の糸","可偷素材","蜘蛛娘","蜘蛛之丝"
"48","クモ娘","物品","1048","クモ娘のミルク","可偷牛奶","蜘蛛娘","蜘蛛娘的乳汁"
"49","ミミック娘","物品","36","幸せの種","掉落","宝箱娘","幸福之种"
"49","ミミック娘","物品","161","ヌルヌル粘液","掉落","宝箱娘","黏滑粘液"
"49","ミミック娘","物品","32","小さなメダル","掉落","宝箱娘","小奖章"
"49","ミミック娘","物品","11","フェニックスの尾","可偷物品","宝箱娘","凤凰之尾"
"49","ミミック娘","物品","32","小さなメダル","可偷物品","宝箱娘","小奖章"
"49","ミミック娘","物品","359","ピザ","可偷食材","宝箱娘","披萨"
"49","ミミック娘","物品","161","ヌルヌル粘液","可偷素材","宝箱娘","黏滑粘液"
"49","ミミック娘","防具","1823","ミミックパンツ","可偷内裤","宝箱娘","宝箱怪内裤"
"49","ミミック娘","物品","1049","ミミック娘のミルク","可偷牛奶","宝箱娘","宝箱娘的乳汁"
"50","七尾","物品","5","エルフの霊薬","掉落","七尾","精灵的灵药"
"50","七尾","物品","28","魔力の種","掉落","七尾","魔力之种"
"50","七尾","物品","174","ふわふわしっぽ","掉落","七尾","蓬松尾巴"
"50","七尾","物品","1050","七尾のミルク","可偷牛奶","七尾","七尾的乳汁"
"51","モリガン","物品","2","高級薬草","掉落","摩莉甘","高级药草"
"51","モリガン","物品","181","淫魔の尻尾","掉落","摩莉甘","淫魔的尾巴"
"51","モリガン","防具","126","白のローブ","掉落","摩莉甘","白长袍"
"51","モリガン","防具","1824","モリガンパンツ","可偷内裤","摩莉甘","摩莉甘内裤"
"51","モリガン","物品","1051","モリガンのミルク","可偷牛奶","摩莉甘","摩莉甘的乳汁"
"52","ナマコ娘","物品","2","高級薬草","掉落","海参娘","高级药草"
"52","ナマコ娘","物品","171","綺麗な珊瑚","掉落","海参娘","美丽的珊瑚"
"52","ナマコ娘","物品","71","水石","掉落","海参娘","水石"
"52","ナマコ娘","物品","2","高級薬草","可偷物品","海参娘","高级药草"
"52","ナマコ娘","物品","71","水石","可偷物品","海参娘","水石"
"52","ナマコ娘","物品","322","さかな","可偷食材","海参娘","鱼"
"52","ナマコ娘","物品","171","綺麗な珊瑚","可偷素材","海参娘","美丽的珊瑚"
"52","ナマコ娘","物品","1052","ナマコ娘のミルク","可偷牛奶","海参娘","海参娘的乳汁"
"53","貝娘","物品","2","高級薬草","掉落","贝娘","高级药草"
"53","貝娘","物品","176","頑丈な貝殻","掉落","贝娘","坚固的贝壳"
"53","貝娘","物品","389","味噌汁","掉落","贝娘","味噌汤"
"53","貝娘","物品","2","高級薬草","可偷物品","贝娘","高级药草"
"53","貝娘","物品","27","守りの種","可偷物品","贝娘","守护之种"
"53","貝娘","物品","389","味噌汁","可偷食材","贝娘","味噌汤"
"53","貝娘","物品","176","頑丈な貝殻","可偷素材","贝娘","坚固的贝壳"
"53","貝娘","物品","1053","貝娘のミルク","可偷牛奶","贝娘","贝娘的乳汁"
"54","カニ娘","物品","17","満月草","掉落","螃蟹娘","满月草"
"54","カニ娘","物品","326","カニ","掉落","螃蟹娘","蟹"
"54","カニ娘","物品","171","綺麗な珊瑚","掉落","螃蟹娘","美丽的珊瑚"
"54","カニ娘","物品","17","満月草","可偷物品","螃蟹娘","满月草"
"54","カニ娘","防具","1558","パラライチェック","可偷物品","螃蟹娘","麻痹抵抗"
"54","カニ娘","物品","326","カニ","可偷食材","螃蟹娘","蟹"
"54","カニ娘","物品","171","綺麗な珊瑚","可偷素材","螃蟹娘","美丽的珊瑚"
"54","カニ娘","物品","1054","カニ娘のミルク","可偷牛奶","螃蟹娘","螃蟹娘的乳汁"
"55","スライムベス娘","物品","2","高級薬草","掉落","史莱姆贝丝娘","高级药草"
"55","スライムベス娘","物品","414","チョコレート","掉落","史莱姆贝丝娘","巧克力"
"55","スライムベス娘","物品","177","にゅるにゅるゼリー","掉落","史莱姆贝丝娘","滑溜溜果冻"
"55","スライムベス娘","物品","2","高級薬草","可偷物品","史莱姆贝丝娘","高级药草"
"55","スライムベス娘","防具","1375","粘液技の書","可偷物品","史莱姆贝丝娘","粘液技之书"
"55","スライムベス娘","物品","329","肉","可偷食材","史莱姆贝丝娘","肉"
"55","スライムベス娘","物品","177","にゅるにゅるゼリー","可偷素材","史莱姆贝丝娘","滑溜溜果冻"
"55","スライムベス娘","物品","1055","スライムベス娘のミルク","可偷牛奶","史莱姆贝丝娘","史莱姆贝丝娘的乳汁"
"56","スイカ娘","物品","304","さくらんぼ","掉落","西瓜娘","樱桃"
"56","スイカ娘","物品","163","魔葉","掉落","西瓜娘","魔叶"
"56","スイカ娘","防具","1537","ステータスチェック","掉落","西瓜娘","弱化抵抗"
"56","スイカ娘","物品","163","魔葉","可偷物品","西瓜娘","魔叶"
"56","スイカ娘","武器","8","メイジマッシャー","可偷物品","西瓜娘","法师杀手"
"56","スイカ娘","物品","304","さくらんぼ","可偷食材","西瓜娘","樱桃"
"56","スイカ娘","物品","163","魔葉","可偷素材","西瓜娘","魔叶"
"56","スイカ娘","物品","1056","スイカ娘のミルク","可偷牛奶","西瓜娘","西瓜娘的乳汁"
"57","ウツボカズラ娘","物品","2","高級薬草","掉落","猪笼草娘","高级药草"
"57","ウツボカズラ娘","物品","448","カブトムシ","掉落","猪笼草娘","独角仙"
"57","ウツボカズラ娘","物品","163","魔葉","掉落","猪笼草娘","魔叶"
"57","ウツボカズラ娘","物品","2","高級薬草","可偷物品","猪笼草娘","高级药草"
"57","ウツボカズラ娘","防具","1576","メルトチェック","可偷物品","猪笼草娘","消化抵抗"
"57","ウツボカズラ娘","物品","337","イチゴジャム","可偷食材","猪笼草娘","草莓酱"
"57","ウツボカズラ娘","物品","163","魔葉","可偷素材","猪笼草娘","魔叶"
"57","ウツボカズラ娘","物品","1057","ウツボカズラ娘のミルク","可偷牛奶","猪笼草娘","猪笼草娘的乳汁"
"58","ラミア","物品","16","気付け薬","掉落","拉米亚","提神药"
"58","ラミア","物品","178","ラミアの尾","掉落","拉米亚","拉米亚的尾巴"
"58","ラミア","武器","703","大地の鉄球","掉落","拉米亚","大地铁球"
"58","ラミア","物品","16","気付け薬","可偷物品","拉米亚","提神药"
"58","ラミア","防具","1381","蛇技の書","可偷物品","拉米亚","蛇技之书"
"58","ラミア","物品","376","ハンバーグ","可偷食材","拉米亚","汉堡肉"
"58","ラミア","物品","178","ラミアの尾","可偷素材","拉米亚","拉米亚的尾巴"
"58","ラミア","物品","1058","ラミアのミルク","可偷牛奶","拉米亚","拉米亚的乳汁"
"59","ワカメ娘","物品","2","高級薬草","掉落","裙带菜娘","高级药草"
"59","ワカメ娘","物品","335","のり","掉落","裙带菜娘","海苔"
"59","ワカメ娘","物品","71","水石","掉落","裙带菜娘","水石"
"59","ワカメ娘","物品","2","高級薬草","可偷物品","裙带菜娘","高级药草"
"59","ワカメ娘","防具","1142","清水","可偷物品","裙带菜娘","清水"
"59","ワカメ娘","物品","335","のり","可偷食材","裙带菜娘","海苔"
"59","ワカメ娘","物品","71","水石","可偷素材","裙带菜娘","水石"
"59","ワカメ娘","物品","1059","ワカメ娘のミルク","可偷牛奶","裙带菜娘","裙带菜娘的乳汁"
"60","クラゲ娘","物品","17","満月草","掉落","海蜇娘","满月草"
"60","クラゲ娘","物品","179","あやしい触手","掉落","海蜇娘","诡异的触手"
"60","クラゲ娘","物品","71","水石","掉落","海蜇娘","水石"
"60","クラゲ娘","物品","17","満月草","可偷物品","海蜇娘","满月草"
"60","クラゲ娘","防具","1115","コンバートリング","可偷物品","海蜇娘","转换戒指"
"60","クラゲ娘","物品","322","さかな","可偷食材","海蜇娘","鱼"
"60","クラゲ娘","物品","179","あやしい触手","可偷素材","海蜇娘","诡异的触手"
"60","クラゲ娘","物品","1060","クラゲ娘のミルク","可偷牛奶","海蜇娘","海蜇娘的乳汁"
"61","イソギンチャク娘","物品","13","毒消し草","掉落","海葵娘","解毒草"
"61","イソギンチャク娘","物品","179","あやしい触手","掉落","海葵娘","诡异的触手"
"61","イソギンチャク娘","物品","322","さかな","掉落","海葵娘","鱼"
"61","イソギンチャク娘","物品","13","毒消し草","可偷物品","海葵娘","解毒草"
"61","イソギンチャク娘","防具","1548","ポイズンチェック","可偷物品","海葵娘","中毒抵抗"
"61","イソギンチャク娘","物品","322","さかな","可偷食材","海葵娘","鱼"
"61","イソギンチャク娘","物品","179","あやしい触手","可偷素材","海葵娘","诡异的触手"
"61","イソギンチャク娘","物品","1061","イソギンチャク娘のミルク","可偷牛奶","海葵娘","海葵娘的乳汁"
"62","アンコウ娘","物品","327","エビ","掉落","鮟鱇鱼娘","虾"
"62","アンコウ娘","物品","71","水石","掉落","鮟鱇鱼娘","水石"
"62","アンコウ娘","防具","1715","深海魚のお守り","掉落","鮟鱇鱼娘","深海鱼的护符"
"62","アンコウ娘","物品","14","目薬","可偷物品","鮟鱇鱼娘","眼药水"
"62","アンコウ娘","武器","408","アクアハンマー","可偷物品","鮟鱇鱼娘","水锤"
"62","アンコウ娘","物品","327","エビ","可偷食材","鮟鱇鱼娘","虾"
"62","アンコウ娘","物品","71","水石","可偷素材","鮟鱇鱼娘","水石"
"62","アンコウ娘","物品","1062","アンコウ娘のミルク","可偷牛奶","鮟鱇鱼娘","鮟鱇鱼娘的乳汁"
"63","メイア","物品","4","霊薬","掉落","梅尔","灵药"
"63","メイア","物品","72","青水石","掉落","梅尔","青水石"
"63","メイア","武器","628","水の竪琴","掉落","梅尔","水的竖琴"
"63","メイア","物品","4","霊薬","可偷物品","梅尔","灵药"
"63","メイア","武器","525","ホーリーロッド","可偷物品","梅尔","神圣法杖"
"63","メイア","物品","322","さかな","可偷食材","梅尔","鱼"
"63","メイア","物品","204","人魚の鱗","可偷素材","梅尔","人鱼的鳞片"
"63","メイア","物品","1063","メイアのミルク","可偷牛奶","梅尔","梅尔的乳汁"
"64","17ページ","物品","17","満月草","掉落","17页","满月草"
"64","17ページ","物品","180","貴重な羊皮紙","掉落","17页","珍贵的羊皮纸"
"64","17ページ","物品","59","雷石","掉落","17页","雷石"
"64","17ページ","物品","17","満月草","可偷物品","17页","满月草"
"64","17ページ","防具","1007","ムーンオーブ","可偷物品","17页","月之宝珠"
"64","17ページ","物品","314","ピーマン","可偷食材","17页","青椒"
"64","17ページ","物品","180","貴重な羊皮紙","可偷素材","17页","珍贵的羊皮纸"
"64","17ページ","物品","1064","17ページのミルク","可偷牛奶","17页","17页的乳汁"
"65","257ページ","物品","15","山彦草","掉落","257页","山彦草"
"65","257ページ","物品","180","貴重な羊皮紙","掉落","257页","珍贵的羊皮纸"
"65","257ページ","武器","868","司教法典","掉落","257页","主教法典"
"65","257ページ","物品","15","山彦草","可偷物品","257页","山彦草"
"65","257ページ","防具","1552","サイレスチェック","可偷物品","257页","沉默抵抗"
"65","257ページ","物品","418","チョコケーキ","可偷食材","257页","巧克力蛋糕"
"65","257ページ","物品","180","貴重な羊皮紙","可偷素材","257页","珍贵的羊皮纸"
"65","257ページ","防具","1825","257ページのパンツ","可偷内裤","257页","257页的内裤"
"65","257ページ","物品","1065","257ページのミルク","可偷牛奶","257页","257页的乳汁"
"66","65537ページ","物品","29","精神の種","掉落","65537页","精神之种"
"66","65537ページ","物品","180","貴重な羊皮紙","掉落","65537页","珍贵的羊皮纸"
"66","65537ページ","防具","1354","魔導書の書","掉落","65537页","魔导书之书"
"66","65537ページ","防具","1826","65537ページのパンツ","可偷内裤","65537页","65537页的内裤"
"66","65537ページ","物品","1066","65537ページのミルク","可偷牛奶","65537页","65537页的乳汁"
"67","シスターラミア","物品","19","聖水","掉落","修女拉米亚","圣水"
"67","シスターラミア","物品","178","ラミアの尾","掉落","修女拉米亚","拉米亚的尾巴"
"67","シスターラミア","物品","75","聖石","掉落","修女拉米亚","圣石"
"67","シスターラミア","物品","19","聖水","可偷物品","修女拉米亚","圣水"
"67","シスターラミア","武器","59","誘惑の剣","可偷物品","修女拉米亚","诱惑之剑"
"67","シスターラミア","物品","317","にんにく","可偷食材","修女拉米亚","大蒜"
"67","シスターラミア","物品","178","ラミアの尾","可偷素材","修女拉米亚","拉米亚的尾巴"
"67","シスターラミア","物品","1067","シスターラミアのミルク","可偷牛奶","修女拉米亚","修女拉米亚的乳汁"
"68","シスキュバス","物品","4","霊薬","掉落","修女魅魔","灵药"
"68","シスキュバス","物品","181","淫魔の尻尾","掉落","修女魅魔","淫魔的尾巴"
"68","シスキュバス","物品","75","聖石","掉落","修女魅魔","圣石"
"68","シスキュバス","物品","4","霊薬","可偷物品","修女魅魔","灵药"
"68","シスキュバス","防具","1315","杖の書","可偷物品","修女魅魔","杖之书"
"68","シスキュバス","物品","317","にんにく","可偷食材","修女魅魔","大蒜"
"68","シスキュバス","物品","181","淫魔の尻尾","可偷素材","修女魅魔","淫魔的尾巴"
"68","シスキュバス","防具","1827","シスキュバスのパンツ","可偷内裤","修女魅魔","修女魅魔的内裤"
"68","シスキュバス","物品","1068","シスキュバスのミルク","可偷牛奶","修女魅魔","修女魅魔的乳汁"
"69","アリクイ娘","物品","2","高級薬草","掉落","食蚁兽娘","高级药草"
"69","アリクイ娘","物品","182","魔獣の爪","掉落","食蚁兽娘","魔兽之爪"
"69","アリクイ娘","防具","1153","アラームピアス","掉落","食蚁兽娘","警报耳环"
"69","アリクイ娘","物品","2","高級薬草","可偷物品","食蚁兽娘","高级药草"
"69","アリクイ娘","武器","294","黄金の爪","可偷物品","食蚁兽娘","黄金爪"
"69","アリクイ娘","物品","336","あんこ","可偷食材","食蚁兽娘","豆沙"
"69","アリクイ娘","物品","182","魔獣の爪","可偷素材","食蚁兽娘","魔兽之爪"
"69","アリクイ娘","防具","1828","アリクイパンツ","可偷内裤","食蚁兽娘","食蚁兽内裤"
"69","アリクイ娘","物品","1069","アリクイ娘のミルク","可偷牛奶","食蚁兽娘","食蚁兽娘的乳汁"
"70","グリズリー娘","物品","329","肉","掉落","灰熊娘","肉"
"70","グリズリー娘","物品","182","魔獣の爪","掉落","灰熊娘","魔兽之爪"
"70","グリズリー娘","防具","1017","バトルリスト","掉落","灰熊娘","战斗护腕"
"70","グリズリー娘","物品","7","ブーストドリンク","可偷物品","灰熊娘","能量饮料"
"70","グリズリー娘","防具","1378","獣技の書","可偷物品","灰熊娘","兽技之书"
"70","グリズリー娘","物品","329","肉","可偷食材","灰熊娘","肉"
"70","グリズリー娘","物品","182","魔獣の爪","可偷素材","灰熊娘","魔兽之爪"
"70","グリズリー娘","物品","1070","グリズリー娘のミルク","可偷牛奶","灰熊娘","灰熊娘的乳汁"
"71","XX-7","物品","7","ブーストドリンク","掉落","XX-7","能量饮料"
"71","XX-7","物品","183","精巧な歯車","掉落","XX-7","精巧的齿轮"
"71","XX-7","物品","59","雷石","掉落","XX-7","雷石"
"71","XX-7","物品","7","ブーストドリンク","可偷物品","XX-7","能量饮料"
"71","XX-7","防具","1042","職人の首飾り","可偷物品","XX-7","工匠项链"
"71","XX-7","物品","339","カレー粉","可偷食材","XX-7","咖喱粉"
"71","XX-7","物品","183","精巧な歯車","可偷素材","XX-7","精巧的齿轮"
"71","XX-7","物品","1071","XX-7のミルク","可偷牛奶","XX-7","XX-7のミルク"
"72","リトルバグ","物品","2","高級薬草","掉落","小虫","高级药草"
"72","リトルバグ","物品","184","キメラ細胞","掉落","小虫","奇美拉细胞"
"72","リトルバグ","物品","51","炎石","掉落","小虫","炎石"
"72","リトルバグ","物品","2","高級薬草","可偷物品","小虫","高级药草"
"72","リトルバグ","物品","30","素早さの種","可偷物品","小虫","敏捷之种"
"72","リトルバグ","物品","301","りんご","可偷食材","小虫","苹果"
"72","リトルバグ","物品","184","キメラ細胞","可偷素材","小虫","奇美拉细胞"
"72","リトルバグ","物品","1072","リトルバグのミルク","可偷牛奶","小虫","小虫的乳汁"
"73","キャンサーロイド","物品","20","金の針","掉落","巨蟹机器人","金针"
"73","キャンサーロイド","物品","183","精巧な歯車","掉落","巨蟹机器人","精巧的齿轮"
"73","キャンサーロイド","武器","891","デュエルガン","掉落","巨蟹机器人","决斗枪"
"73","キャンサーロイド","物品","20","金の針","可偷物品","巨蟹机器人","金针"
"73","キャンサーロイド","防具","1022","ミスリルの小手","可偷物品","巨蟹机器人","秘银制护手"
"73","キャンサーロイド","物品","326","カニ","可偷食材","巨蟹机器人","蟹"
"73","キャンサーロイド","物品","183","精巧な歯車","可偷素材","巨蟹机器人","精巧的齿轮"
"73","キャンサーロイド","物品","1073","キャンサーロイドのミルク","可偷牛奶","巨蟹机器人","巨蟹机器人的乳汁"
"74","ブリュンヒルデ","物品","183","精巧な歯車","掉落","布伦希尔德","精巧的齿轮"
"74","ブリュンヒルデ","物品","79","闇石","掉落","布伦希尔德","暗石"
"74","ブリュンヒルデ","防具","1126","軽バリア発生装置","掉落","布伦希尔德","轻屏障发生装置"
"74","ブリュンヒルデ","物品","1074","ブリュンヒルデのミルク","可偷牛奶","布伦希尔德","布伦希尔德的乳汁"
"75","ゴースト","物品","4","霊薬","掉落","幽灵","灵药"
"75","ゴースト","物品","185","幽霊の髪","掉落","幽灵","幽灵的头发"
"75","ゴースト","物品","51","炎石","掉落","幽灵","炎石"
"75","ゴースト","物品","4","霊薬","可偷物品","幽灵","灵药"
"75","ゴースト","防具","70","ダークメイル","可偷物品","幽灵","黑暗铠甲"
"75","ゴースト","物品","311","なすび","可偷食材","幽灵","茄子"
"75","ゴースト","物品","185","幽霊の髪","可偷素材","幽灵","幽灵的头发"
"75","ゴースト","防具","1829","ゴーストパンツ","可偷内裤","幽灵","幽灵内裤"
"75","ゴースト","物品","1075","ゴーストのミルク","可偷牛奶","幽灵","幽灵的乳汁"
"76","呪いの人形娘","物品","18","打出の小槌","掉落","诅咒人偶娘","打出的小槌"
"76","呪いの人形娘","物品","183","精巧な歯車","掉落","诅咒人偶娘","精巧的齿轮"
"76","呪いの人形娘","物品","185","幽霊の髪","掉落","诅咒人偶娘","幽灵的头发"
"76","呪いの人形娘","物品","18","打出の小槌","可偷物品","诅咒人偶娘","打出的小槌"
"76","呪いの人形娘","武器","446","デスシックル","可偷物品","诅咒人偶娘","死亡之镰"
"76","呪いの人形娘","物品","435","アメ玉","可偷食材","诅咒人偶娘","糖球"
"76","呪いの人形娘","物品","185","幽霊の髪","可偷素材","诅咒人偶娘","幽灵的头发"
"76","呪いの人形娘","防具","1830","ドールパンツ","可偷内裤","诅咒人偶娘","人偶内裤"
"76","呪いの人形娘","物品","1076","呪いの人形娘のミルク","可偷牛奶","诅咒人偶娘","诅咒人偶娘的乳汁"
"77","ゾンビ剣士","物品","2","高級薬草","掉落","僵尸剑士","高级药草"
"77","ゾンビ剣士","物品","186","ゾンビパウダー","掉落","僵尸剑士","僵尸粉"
"77","ゾンビ剣士","武器","10","マインゴーシュ","掉落","僵尸剑士","格挡匕首"
"77","ゾンビ剣士","物品","2","高級薬草","可偷物品","僵尸剑士","高级药草"
"77","ゾンビ剣士","防具","3","旅人の服","可偷物品","僵尸剑士","旅行者的服装"
"77","ゾンビ剣士","物品","432","ほしにく","可偷食材","僵尸剑士","干肉"
"77","ゾンビ剣士","物品","186","ゾンビパウダー","可偷素材","僵尸剑士","僵尸粉"
"77","ゾンビ剣士","防具","1831","ゾンビ剣士のパンツ","可偷内裤","僵尸剑士","僵尸剑士的内裤"
"77","ゾンビ剣士","物品","1077","ゾンビ剣士のミルク","可偷牛奶","僵尸剑士","僵尸剑士的乳汁"
"78","ゾンビ娘","物品","16","気付け薬","掉落","僵尸娘","提神药"
"78","ゾンビ娘","物品","432","ほしにく","掉落","僵尸娘","干肉"
"78","ゾンビ娘","物品","186","ゾンビパウダー","掉落","僵尸娘","僵尸粉"
"78","ゾンビ娘","物品","16","気付け薬","可偷物品","僵尸娘","提神药"
"78","ゾンビ娘","防具","1556","スリープチェック","可偷物品","僵尸娘","睡眠抵抗"
"78","ゾンビ娘","物品","432","ほしにく","可偷食材","僵尸娘","干肉"
"78","ゾンビ娘","物品","186","ゾンビパウダー","可偷素材","僵尸娘","僵尸粉"
"78","ゾンビ娘","防具","1833","ゾンビ娘の黒パンツ","可偷内裤","僵尸娘","僵尸娘的黑色内裤"
"78","ゾンビ娘","物品","1078","ゾンビ娘のミルク","可偷牛奶","僵尸娘","僵尸娘的乳汁"
"79","ゾンビ娘","物品","13","毒消し草","掉落","僵尸娘","解毒草"
"79","ゾンビ娘","物品","444","ドクロ","掉落","僵尸娘","骷髅"
"79","ゾンビ娘","物品","186","ゾンビパウダー","掉落","僵尸娘","僵尸粉"
"79","ゾンビ娘","物品","13","毒消し草","可偷物品","僵尸娘","解毒草"
"79","ゾンビ娘","防具","1167","遺言状","可偷物品","僵尸娘","遗嘱"
"79","ゾンビ娘","物品","432","ほしにく","可偷食材","僵尸娘","干肉"
"79","ゾンビ娘","物品","186","ゾンビパウダー","可偷素材","僵尸娘","僵尸粉"
"79","ゾンビ娘","防具","1834","ゾンビ娘の赤パンツ","可偷内裤","僵尸娘","僵尸娘的红内裤"
"79","ゾンビ娘","物品","1078","ゾンビ娘のミルク","可偷牛奶","僵尸娘","僵尸娘的乳汁"
"80","ゾンビ娘","物品","17","満月草","掉落","僵尸娘","满月草"
"80","ゾンビ娘","物品","186","ゾンビパウダー","掉落","僵尸娘","僵尸粉"
"80","ゾンビ娘","物品","55","氷石","掉落","僵尸娘","冰石"
"80","ゾンビ娘","物品","17","満月草","可偷物品","僵尸娘","满月草"
"80","ゾンビ娘","防具","1002","ハッスルベルト","可偷物品","僵尸娘","活力腰带"
"80","ゾンビ娘","物品","432","ほしにく","可偷食材","僵尸娘","干肉"
"80","ゾンビ娘","物品","186","ゾンビパウダー","可偷素材","僵尸娘","僵尸粉"
"80","ゾンビ娘","防具","1835","ゾンビエルフのパンツ","可偷内裤","僵尸娘","僵尸精灵的内裤"
"80","ゾンビ娘","物品","1078","ゾンビ娘のミルク","可偷牛奶","僵尸娘","僵尸娘的乳汁"
"81","ゾンビ娘","物品","4","霊薬","掉落","僵尸娘","灵药"
"81","ゾンビ娘","物品","170","涙の凝石","掉落","僵尸娘","泪之凝石"
"81","ゾンビ娘","物品","186","ゾンビパウダー","掉落","僵尸娘","僵尸粉"
"81","ゾンビ娘","物品","4","霊薬","可偷物品","僵尸娘","灵药"
"81","ゾンビ娘","防具","1572","ゾンビチェック","可偷物品","僵尸娘","僵尸抵抗"
"81","ゾンビ娘","物品","432","ほしにく","可偷食材","僵尸娘","干肉"
"81","ゾンビ娘","物品","186","ゾンビパウダー","可偷素材","僵尸娘","僵尸粉"
"81","ゾンビ娘","防具","1832","ゾンビ娘のギリギリパンツ","可偷内裤","僵尸娘","僵尸娘的紧身内裤"
"81","ゾンビ娘","物品","1078","ゾンビ娘のミルク","可偷牛奶","僵尸娘","僵尸娘的乳汁"
"82","フレデリカ","物品","186","ゾンビパウダー","掉落","芙蕾德莉卡","僵尸粉"
"82","フレデリカ","物品","79","闇石","掉落","芙蕾德莉卡","暗石"
"82","フレデリカ","防具","1151","ゾンビの指輪","掉落","芙蕾德莉卡","僵尸戒指"
"82","フレデリカ","防具","1836","フレデリカのパンツ","可偷内裤","芙蕾德莉卡","芙蕾德莉卡的内裤"
"82","フレデリカ","物品","1082","フレデリカのミルク","可偷牛奶","芙蕾德莉卡","芙蕾德莉卡的乳汁"
"83","クロム","物品","181","淫魔の尻尾","掉落","库洛姆","淫魔的尾巴"
"83","クロム","物品","423","プリン","掉落","库洛姆","布丁"
"83","クロム","防具","1731","瀕死リスト","掉落","库洛姆","濒死手环"
"83","クロム","防具","1837","クロムちゃんパンツ","可偷内裤","库洛姆","库洛姆酱内裤"
"83","クロム","物品","1083","クロムのミルク","可偷牛奶","库洛姆","库洛姆的乳汁"
"84","エルフ","物品","4","霊薬","掉落","精灵","灵药"
"84","エルフ","物品","187","涙の宝石","掉落","精灵","泪之宝石"
"84","エルフ","武器","558","エルフィンボウ","掉落","精灵","精灵弓"
"84","エルフ","物品","4","霊薬","可偷物品","精灵","灵药"
"84","エルフ","防具","73","フォレストガード","可偷物品","精灵","森林守卫"
"84","エルフ","物品","311","なすび","可偷食材","精灵","茄子"
"84","エルフ","物品","187","涙の宝石","可偷素材","精灵","泪之宝石"
"84","エルフ","防具","1838","エルフのパンツ","可偷内裤","精灵","精灵的内裤"
"84","エルフ","物品","1084","エルフのミルク","可偷牛奶","精灵","精灵的乳汁"
"85","ブラウニーズ","物品","7","ブーストドリンク","掉落","棕精灵们","能量饮料"
"85","ブラウニーズ","物品","320","とうもろこし","掉落","棕精灵们","玉米"
"85","ブラウニーズ","物品","188","妖精のどんぐり","掉落","棕精灵们","妖精的橡果"
"85","ブラウニーズ","物品","1","薬草","可偷物品","棕精灵们","药草"
"85","ブラウニーズ","防具","1006","マジックオーブ","可偷物品","棕精灵们","魔法宝珠"
"85","ブラウニーズ","物品","320","とうもろこし","可偷食材","棕精灵们","玉米"
"85","ブラウニーズ","物品","169","不思議などんぐり","可偷素材","棕精灵们","不可思议的橡果"
"85","ブラウニーズ","防具","1820","妖精のミニミニパンツ","可偷内裤","棕精灵们","妖精的迷你迷你内裤"
"85","ブラウニーズ","物品","1085","ブラウニーズのミルク","可偷牛奶","棕精灵们","棕精灵的乳汁"
"86","ツインズフェアリー","物品","450","ちぃぱっぱ","掉落","小仙子姐妹","叽啪啪"
"86","ツインズフェアリー","物品","188","妖精のどんぐり","掉落","小仙子姐妹","妖精的橡果"
"86","ツインズフェアリー","物品","64","緑風石","掉落","小仙子姐妹","绿风石"
"86","ツインズフェアリー","物品","447","松ぼっくり","可偷物品","小仙子姐妹","松果"
"86","ツインズフェアリー","防具","1007","ムーンオーブ","可偷物品","小仙子姐妹","月之宝珠"
"86","ツインズフェアリー","物品","301","りんご","可偷食材","小仙子姐妹","苹果"
"86","ツインズフェアリー","物品","188","妖精のどんぐり","可偷素材","小仙子姐妹","妖精的橡果"
"86","ツインズフェアリー","防具","1840","双子妖精のミニミニパンツ","可偷内裤","小仙子姐妹","双胞胎妖精的迷你内裤"
"86","ツインズフェアリー","物品","1086","ツインズフェアリーのミルク","可偷牛奶","小仙子姐妹","小仙子姐妹的乳汁"
"87","フェアリーズ","物品","450","ちぃぱっぱ","掉落","小仙子们","叽啪啪"
"87","フェアリーズ","物品","188","妖精のどんぐり","掉落","小仙子们","妖精的橡果"
"87","フェアリーズ","物品","64","緑風石","掉落","小仙子们","绿风石"
"87","フェアリーズ","物品","2","高級薬草","可偷物品","小仙子们","高级药草"
"87","フェアリーズ","防具","1276","回復の書","可偷物品","小仙子们","恢复之书"
"87","フェアリーズ","物品","435","アメ玉","可偷食材","小仙子们","糖球"
"87","フェアリーズ","物品","188","妖精のどんぐり","可偷素材","小仙子们","妖精的橡果"
"87","フェアリーズ","防具","1841","妖精達のミニミニパンツ","可偷内裤","小仙子们","妖精们的迷你内裤"
"87","フェアリーズ","物品","1087","フェアリーズのミルク","可偷牛奶","小仙子们","小仙子们的乳汁"
"88","フェアリーズ","物品","450","ちぃぱっぱ","掉落","小仙子们","叽啪啪"
"88","フェアリーズ","物品","4","霊薬","掉落","小仙子们","灵药"
"88","フェアリーズ","物品","188","妖精のどんぐり","掉落","小仙子们","妖精的橡果"
"88","フェアリーズ","物品","4","霊薬","可偷物品","小仙子们","灵药"
"88","フェアリーズ","防具","1115","コンバートリング","可偷物品","小仙子们","转换戒指"
"88","フェアリーズ","物品","301","りんご","可偷食材","小仙子们","苹果"
"88","フェアリーズ","物品","188","妖精のどんぐり","可偷素材","小仙子们","妖精的橡果"
"88","フェアリーズ","防具","1841","妖精達のミニミニパンツ","可偷内裤","小仙子们","妖精们的迷你内裤"
"88","フェアリーズ","物品","1087","フェアリーズのミルク","可偷牛奶","小仙子们","小仙子们的乳汁"
"89","フェアリーズ","物品","304","さくらんぼ","掉落","小仙子们","樱桃"
"89","フェアリーズ","物品","11","フェニックスの尾","掉落","小仙子们","凤凰之尾"
"89","フェアリーズ","物品","188","妖精のどんぐり","掉落","小仙子们","妖精的橡果"
"89","フェアリーズ","物品","11","フェニックスの尾","可偷物品","小仙子们","凤凰之尾"
"89","フェアリーズ","武器","520","ミスリルロッド","可偷物品","小仙子们","秘银法杖"
"89","フェアリーズ","物品","304","さくらんぼ","可偷食材","小仙子们","樱桃"
"89","フェアリーズ","物品","188","妖精のどんぐり","可偷素材","小仙子们","妖精的橡果"
"89","フェアリーズ","防具","1841","妖精達のミニミニパンツ","可偷内裤","小仙子们","妖精们的迷你内裤"
"89","フェアリーズ","物品","1087","フェアリーズのミルク","可偷牛奶","小仙子们","小仙子们的乳汁"
"90","フェアリーズ","物品","450","ちぃぱっぱ","掉落","小仙子们","叽啪啪"
"90","フェアリーズ","物品","188","妖精のどんぐり","掉落","小仙子们","妖精的橡果"
"90","フェアリーズ","物品","64","緑風石","掉落","小仙子们","绿风石"
"90","フェアリーズ","物品","19","聖水","可偷物品","小仙子们","圣水"
"90","フェアリーズ","武器","561","疾風の弓矢","可偷物品","小仙子们","疾风之箭"
"90","フェアリーズ","物品","417","ケーキ","可偷食材","小仙子们","蛋糕"
"90","フェアリーズ","物品","64","緑風石","可偷素材","小仙子们","绿风石"
"90","フェアリーズ","防具","1841","妖精達のミニミニパンツ","可偷内裤","小仙子们","妖精们的迷你内裤"
"90","フェアリーズ","物品","1087","フェアリーズのミルク","可偷牛奶","小仙子们","小仙子们的乳汁"
"91","フェアリーズ","物品","18","打出の小槌","掉落","小仙子们","打出的小槌"
"91","フェアリーズ","物品","188","妖精のどんぐり","掉落","小仙子们","妖精的橡果"
"91","フェアリーズ","物品","434","ビスケット","掉落","小仙子们","饼干"
"91","フェアリーズ","物品","18","打出の小槌","可偷物品","小仙子们","打出的小槌"
"91","フェアリーズ","物品","12","世界樹の葉","可偷物品","小仙子们","世界树之叶"
"91","フェアリーズ","物品","434","ビスケット","可偷食材","小仙子们","饼干"
"91","フェアリーズ","物品","188","妖精のどんぐり","可偷素材","小仙子们","妖精的橡果"
"91","フェアリーズ","防具","1841","妖精達のミニミニパンツ","可偷内裤","小仙子们","妖精们的迷你内裤"
"91","フェアリーズ","物品","1087","フェアリーズのミルク","可偷牛奶","小仙子们","小仙子们的乳汁"
"92","フェアリーズ","物品","450","ちぃぱっぱ","掉落","小仙子们","叽啪啪"
"92","フェアリーズ","物品","188","妖精のどんぐり","掉落","小仙子们","妖精的橡果"
"92","フェアリーズ","物品","435","アメ玉","掉落","小仙子们","糖球"
"92","フェアリーズ","物品","2","高級薬草","可偷物品","小仙子们","高级药草"
"92","フェアリーズ","武器","894","ガーランド","可偷物品","小仙子们","加兰德"
"92","フェアリーズ","物品","361","おにぎり","可偷食材","小仙子们","饭团"
"92","フェアリーズ","物品","188","妖精のどんぐり","可偷素材","小仙子们","妖精的橡果"
"92","フェアリーズ","防具","1841","妖精達のミニミニパンツ","可偷内裤","小仙子们","妖精们的迷你内裤"
"92","フェアリーズ","物品","1087","フェアリーズのミルク","可偷牛奶","小仙子们","小仙子们的乳汁"
"93","シルフ","物品","450","ちぃぱっぱ","掉落","希尔芙","叽啪啪"
"93","シルフ","防具","1037","金の腕輪","掉落","希尔芙","金制手镯"
"93","シルフ","防具","1252","風の書","掉落","希尔芙","风之书"
"93","シルフ","防具","1842","シルフパンツ","可偷内裤","希尔芙","希尔芙内裤"
"93","シルフ","物品","1093","シルフのミルク","可偷牛奶","希尔芙","希尔芙的乳汁"
"95","タランチュラ娘","物品","17","満月草","掉落","塔兰图拉毒蛛娘","满月草"
"95","タランチュラ娘","物品","175","蜘蛛の糸","掉落","塔兰图拉毒蛛娘","蜘蛛之丝"
"95","タランチュラ娘","物品","68","橙土石","掉落","塔兰图拉毒蛛娘","橙土石"
"95","タランチュラ娘","物品","17","満月草","可偷物品","塔兰图拉毒蛛娘","满月草"
"95","タランチュラ娘","防具","1393","虫技の書","可偷物品","塔兰图拉毒蛛娘","虫技之书"
"95","タランチュラ娘","物品","329","肉","可偷食材","塔兰图拉毒蛛娘","肉"
"95","タランチュラ娘","物品","175","蜘蛛の糸","可偷素材","塔兰图拉毒蛛娘","蜘蛛之丝"
"95","タランチュラ娘","物品","1095","タランチュラ娘のミルク","可偷牛奶","塔兰图拉毒蛛娘","塔兰图拉毒蛛娘的乳汁"
"96","ミノタウロス娘","物品","342","ミルク","掉落","米诺陶洛斯娘","牛奶"
"96","ミノタウロス娘","物品","189","猛牛の角","掉落","米诺陶洛斯娘","猛牛之角"
"96","ミノタウロス娘","武器","373","ミノタウロスの斧","掉落","米诺陶洛斯娘","米诺陶洛斯的斧头"
"96","ミノタウロス娘","物品","7","ブーストドリンク","可偷物品","米诺陶洛斯娘","能量饮料"
"96","ミノタウロス娘","防具","1306","斧の書","可偷物品","米诺陶洛斯娘","斧之书"
"96","ミノタウロス娘","物品","342","ミルク","可偷食材","米诺陶洛斯娘","牛奶"
"96","ミノタウロス娘","物品","189","猛牛の角","可偷素材","米诺陶洛斯娘","猛牛之角"
"96","ミノタウロス娘","防具","1843","ミノタウロスパンツ","可偷内裤","米诺陶洛斯娘","米诺陶洛斯内裤"
"96","ミノタウロス娘","物品","1096","ミノタウロス娘のミルク","可偷牛奶","米诺陶洛斯娘","米诺陶洛斯娘的乳汁"
"97","バンダースナッチ娘","物品","2","高級薬草","掉落","攫速者娘","高级药草"
"97","バンダースナッチ娘","物品","68","橙土石","掉落","攫速者娘","橙土石"
"97","バンダースナッチ娘","武器","305","ダーククロウ","掉落","攫速者娘","暗之爪"
"97","バンダースナッチ娘","物品","2","高級薬草","可偷物品","攫速者娘","高级药草"
"97","バンダースナッチ娘","防具","1300","拳の書","可偷物品","攫速者娘","拳套之书"
"97","バンダースナッチ娘","物品","312","大根","可偷食材","攫速者娘","白萝卜"
"97","バンダースナッチ娘","物品","68","橙土石","可偷素材","攫速者娘","橙土石"
"97","バンダースナッチ娘","物品","1097","バンダースナッチ娘のミルク","可偷牛奶","攫速者娘","攫速者娘的乳汁"
"98","エヴァ","物品","181","淫魔の尻尾","掉落","伊娃","淫魔的尾巴"
"98","エヴァ","物品","442","魚の骨","掉落","伊娃","鱼骨"
"98","エヴァ","物品","445","雑草","掉落","伊娃","杂草"
"98","エヴァ","防具","1844","エヴァパンツ","可偷内裤","伊娃","伊娃内裤"
"98","エヴァ","物品","1098","エヴァのミルク","可偷牛奶","伊娃","伊娃的乳汁"
"99","サボレス","物品","2","高級薬草","掉落","萨博雷斯","高级药草"
"99","サボレス","物品","190","スキュラの触手","掉落","萨博雷斯","斯库拉的触手"
"99","サボレス","防具","181","バンダナ","掉落","萨博雷斯","头巾"
"99","サボレス","物品","2","高級薬草","可偷物品","萨博雷斯","高级药草"
"99","サボレス","防具","1120","崖っぷちの鉢巻き","可偷物品","萨博雷斯","悬崖边的头带"
"99","サボレス","物品","330","鳥足","可偷食材","萨博雷斯","鸟足"
"99","サボレス","物品","190","スキュラの触手","可偷素材","萨博雷斯","斯库拉的触手"
"99","サボレス","物品","1099","サボレスのミルク","可偷牛奶","萨博雷斯","萨博雷斯的乳汁"
"100","ムカデ娘","物品","2","高級薬草","掉落","蜈蚣娘","高级药草"
"100","ムカデ娘","物品","68","橙土石","掉落","蜈蚣娘","橙土石"
"100","ムカデ娘","防具","23","ブルージャケット","掉落","蜈蚣娘","蓝色夹克"
"100","ムカデ娘","物品","2","高級薬草","可偷物品","蜈蚣娘","高级药草"
"100","ムカデ娘","防具","1022","ミスリルの小手","可偷物品","蜈蚣娘","秘银制护手"
"100","ムカデ娘","物品","432","ほしにく","可偷食材","蜈蚣娘","干肉"
"100","ムカデ娘","物品","68","橙土石","可偷素材","蜈蚣娘","橙土石"
"100","ムカデ娘","物品","1100","ムカデ娘のミルク","可偷牛奶","蜈蚣娘","蜈蚣娘的乳汁"
"101","サソリ娘","物品","13","毒消し草","掉落","蝎娘","解毒草"
"101","サソリ娘","物品","60","黄雷石","掉落","蝎娘","黄雷石"
"101","サソリ娘","防具","1548","ポイズンチェック","掉落","蝎娘","中毒抵抗"
"101","サソリ娘","物品","13","毒消し草","可偷物品","蝎娘","解毒草"
"101","サソリ娘","防具","1711","サソリのお守り","可偷物品","蝎娘","蝎子的护符"
"101","サソリ娘","物品","303","ぶどう","可偷食材","蝎娘","葡萄"
"101","サソリ娘","物品","60","黄雷石","可偷素材","蝎娘","黄雷石"
"101","サソリ娘","物品","1101","サソリ娘のミルク","可偷牛奶","蝎娘","蝎娘的乳汁"
"102","サボテン娘","物品","20","金の針","掉落","仙人掌娘","金针"
"102","サボテン娘","物品","191","サボテンの棘","掉落","仙人掌娘","仙人掌的刺"
"102","サボテン娘","物品","68","橙土石","掉落","仙人掌娘","橙土石"
"102","サボテン娘","物品","17","満月草","可偷物品","仙人掌娘","满月草"
"102","サボテン娘","防具","1558","パラライチェック","可偷物品","仙人掌娘","麻痹抵抗"
"102","サボテン娘","物品","316","タマネギ","可偷食材","仙人掌娘","洋葱"
"102","サボテン娘","物品","191","サボテンの棘","可偷素材","仙人掌娘","仙人掌的刺"
"102","サボテン娘","物品","1102","サボテン娘のミルク","可偷牛奶","仙人掌娘","仙人掌娘的乳汁"
"103","ダチョウ娘","物品","2","高級薬草","掉落","鸵鸟娘","高级药草"
"103","ダチョウ娘","物品","307","キャベツ","掉落","鸵鸟娘","卷心菜"
"103","ダチョウ娘","物品","192","不思議な羽根","掉落","鸵鸟娘","不可思议的羽毛"
"103","ダチョウ娘","物品","23","ハーピーの羽","可偷物品","鸵鸟娘","哈比之羽"
"103","ダチョウ娘","防具","8","疾風の服","可偷物品","鸵鸟娘","疾风的服装"
"103","ダチョウ娘","物品","307","キャベツ","可偷食材","鸵鸟娘","卷心菜"
"103","ダチョウ娘","物品","192","不思議な羽根","可偷素材","鸵鸟娘","不可思议的羽毛"
"103","ダチョウ娘","物品","1103","ダチョウ娘のミルク","可偷牛奶","鸵鸟娘","鸵鸟娘的乳汁"
"104","ランプの魔女","物品","4","霊薬","掉落","神灯魔女","灵药"
"104","ランプの魔女","物品","52","紅炎石","掉落","神灯魔女","红炎石"
"104","ランプの魔女","防具","1076","闇の指輪","掉落","神灯魔女","暗之戒"
"104","ランプの魔女","物品","4","霊薬","可偷物品","神灯魔女","灵药"
"104","ランプの魔女","武器","93","血塗られた騎士剣","可偷物品","神灯魔女","血染的骑士剑"
"104","ランプの魔女","物品","363","カレーライス","可偷食材","神灯魔女","咖喱饭"
"104","ランプの魔女","物品","52","紅炎石","可偷素材","神灯魔女","红炎石"
"104","ランプの魔女","物品","1104","ランプの魔女のミルク","可偷牛奶","神灯魔女","神灯魔女的乳汁"
"105","ミイラ娘","物品","186","ゾンビパウダー","掉落","木乃伊娘","僵尸粉"
"105","ミイラ娘","物品","60","黄雷石","掉落","木乃伊娘","黄雷石"
"105","ミイラ娘","武器","213","デーモンランス","掉落","木乃伊娘","恶魔长枪"
"105","ミイラ娘","物品","59","雷石","可偷物品","木乃伊娘","雷石"
"105","ミイラ娘","防具","1264","闇の書","可偷物品","木乃伊娘","暗之书"
"105","ミイラ娘","物品","432","ほしにく","可偷食材","木乃伊娘","干肉"
"105","ミイラ娘","物品","186","ゾンビパウダー","可偷素材","木乃伊娘","僵尸粉"
"105","ミイラ娘","物品","1105","ミイラ娘のミルク","可偷牛奶","木乃伊娘","木乃伊娘的乳汁"
"106","コブラ娘","物品","13","毒消し草","掉落","眼镜蛇娘","解毒草"
"106","コブラ娘","物品","193","魅惑の蛇尾","掉落","眼镜蛇娘","魅惑的蛇尾"
"106","コブラ娘","武器","705","ミスリルの鉄球","掉落","眼镜蛇娘","秘银制铁球"
"106","コブラ娘","物品","13","毒消し草","可偷物品","眼镜蛇娘","解毒草"
"106","コブラ娘","防具","1333","鉄球の書","可偷物品","眼镜蛇娘","铁球之书"
"106","コブラ娘","物品","329","肉","可偷食材","眼镜蛇娘","肉"
"106","コブラ娘","物品","193","魅惑の蛇尾","可偷素材","眼镜蛇娘","魅惑的蛇尾"
"106","コブラ娘","物品","1106","コブラ娘のミルク","可偷牛奶","眼镜蛇娘","眼镜蛇娘的乳汁"
"107","ネフェルラミアス","物品","2","高級薬草","掉落","奈夫顿拉米亚集团","高级药草"
"107","ネフェルラミアス","物品","193","魅惑の蛇尾","掉落","奈夫顿拉米亚集团","魅惑的蛇尾"
"107","ネフェルラミアス","防具","263","ラミアンクラウン","掉落","奈夫顿拉米亚集团","拉米亚王冠"
"107","ネフェルラミアス","物品","4","霊薬","可偷物品","奈夫顿拉米亚集团","灵药"
"107","ネフェルラミアス","防具","300","ダークシールド","可偷物品","奈夫顿拉米亚集团","黑暗之盾"
"107","ネフェルラミアス","物品","419","ロールケーキ","可偷食材","奈夫顿拉米亚集团","蛋糕卷"
"107","ネフェルラミアス","物品","193","魅惑の蛇尾","可偷素材","奈夫顿拉米亚集团","魅惑的蛇尾"
"107","ネフェルラミアス","物品","1107","ネフェルラミアスのミルク","可偷牛奶","奈夫顿拉米亚集团","奈夫顿拉米亚们的乳汁"
"108","スフィンクス","物品","9","エリクサー","掉落","斯芬克斯","圣灵药"
"108","スフィンクス","物品","25","不思議な木の実","掉落","斯芬克斯","不可思议之果"
"108","スフィンクス","物品","195","魔力の結晶","掉落","斯芬克斯","魔力的结晶"
"108","スフィンクス","物品","1108","スフィンクスのミルク","可偷牛奶","斯芬克斯","斯芬克斯的乳汁"
"109","サラ","物品","28","魔力の種","掉落","萨拉","魔力之种"
"109","サラ","物品","181","淫魔の尻尾","掉落","萨拉","淫魔的尾巴"
"109","サラ","物品","72","青水石","掉落","萨拉","青水石"
"109","サラ","物品","1109","サラのミルク","可偷牛奶","萨拉","萨拉的乳汁"
"110","アスタロト","物品","31","器用さの種","掉落","阿斯塔洛特","灵巧之种"
"110","アスタロト","物品","198","混沌の結晶","掉落","阿斯塔洛特","混沌的结晶"
"110","アスタロト","防具","1092","魔法の髪飾り","掉落","阿斯塔洛特","魔法的发饰"
"110","アスタロト","防具","1845","アスタロトパンツ","可偷内裤","阿斯塔洛特","阿斯塔洛特内裤"
"110","アスタロト","物品","1110","アスタロトのミルク","可偷牛奶","阿斯塔洛特","阿斯塔洛特的乳汁"
"111","ワニ娘","物品","7","ブーストドリンク","掉落","鳄鱼娘","能量饮料"
"111","ワニ娘","物品","194","鋭い牙","掉落","鳄鱼娘","尖牙"
"111","ワニ娘","物品","330","鳥足","掉落","鳄鱼娘","鸟足"
"111","ワニ娘","物品","7","ブーストドリンク","可偷物品","鳄鱼娘","能量饮料"
"111","ワニ娘","防具","1082","武道家の黒帯","可偷物品","鳄鱼娘","武道家的黑带"
"111","ワニ娘","物品","330","鳥足","可偷食材","鳄鱼娘","鸟足"
"111","ワニ娘","物品","194","鋭い牙","可偷素材","鳄鱼娘","尖牙"
"111","ワニ娘","物品","1111","ワニ娘のミルク","可偷牛奶","鳄鱼娘","鳄鱼娘的乳汁"
"112","サキ","物品","31","器用さの種","掉落","萨琪","灵巧之种"
"112","サキ","物品","181","淫魔の尻尾","掉落","萨琪","淫魔的尾巴"
"112","サキ","物品","425","パフェ","掉落","萨琪","芭菲"
"112","サキ","防具","1846","アイドルパンツ","可偷内裤","萨琪","偶像内裤"
"112","サキ","物品","1112","サキのミルク","可偷牛奶","萨琪","萨琪的乳汁"
"113","デビルファイター","物品","2","高級薬草","掉落","恶魔战士","高级药草"
"113","デビルファイター","物品","52","紅炎石","掉落","恶魔战士","红炎石"
"113","デビルファイター","防具","62","ミスリルメイル・アース","掉落","恶魔战士","秘银铠甲・土"
"113","デビルファイター","物品","2","高級薬草","可偷物品","恶魔战士","高级药草"
"113","デビルファイター","防具","1285","剣の書","可偷物品","恶魔战士","剑之书"
"113","デビルファイター","物品","320","とうもろこし","可偷食材","恶魔战士","玉米"
"113","デビルファイター","物品","52","紅炎石","可偷素材","恶魔战士","红炎石"
"113","デビルファイター","防具","1847","デビルファイターパンツ","可偷内裤","恶魔战士","恶魔战士内裤"
"113","デビルファイター","物品","1113","デビルファイターのミルク","可偷牛奶","恶魔战士","恶魔战士的乳汁"
"114","大蜘蛛","物品","17","満月草","掉落","大蜘蛛","满月草"
"114","大蜘蛛","物品","175","蜘蛛の糸","掉落","大蜘蛛","蜘蛛之丝"
"114","大蜘蛛","物品","68","橙土石","掉落","大蜘蛛","橙土石"
"114","大蜘蛛","物品","17","満月草","可偷物品","大蜘蛛","满月草"
"114","大蜘蛛","防具","1012","底力のタトゥー","可偷物品","大蜘蛛","底力纹身"
"114","大蜘蛛","物品","360","ライス","可偷食材","大蜘蛛","米饭"
"114","大蜘蛛","物品","175","蜘蛛の糸","可偷素材","大蜘蛛","蜘蛛之丝"
"114","大蜘蛛","物品","1114","大蜘蛛のミルク","可偷牛奶","大蜘蛛","大蜘蛛的乳汁"
"115","サックボア","物品","4","霊薬","掉落","榨精生物","灵药"
"115","サックボア","物品","179","あやしい触手","掉落","榨精生物","诡异的触手"
"115","サックボア","物品","195","魔力の結晶","掉落","榨精生物","魔力的结晶"
"115","サックボア","物品","4","霊薬","可偷物品","榨精生物","灵药"
"115","サックボア","防具","1163","幸運のお守り","可偷物品","榨精生物","幸运护符"
"115","サックボア","物品","343","パン","可偷食材","榨精生物","面包"
"115","サックボア","物品","195","魔力の結晶","可偷素材","榨精生物","魔力的结晶"
"115","サックボア","物品","1115","サックボアのミルク","可偷牛奶","榨精生物","榨精生物的乳汁"
"116","アイアンメイデン","物品","19","聖水","掉落","铁处女","圣水"
"116","アイアンメイデン","物品","195","魔力の結晶","掉落","铁处女","魔力的结晶"
"116","アイアンメイデン","物品","60","黄雷石","掉落","铁处女","黄雷石"
"116","アイアンメイデン","物品","19","聖水","可偷物品","铁处女","圣水"
"116","アイアンメイデン","防具","1402","造技の書","可偷物品","铁处女","造技之书"
"116","アイアンメイデン","物品","432","ほしにく","可偷食材","铁处女","干肉"
"116","アイアンメイデン","物品","195","魔力の結晶","可偷素材","铁处女","魔力的结晶"
"116","アイアンメイデン","物品","1116","アイアンメイデンのミルク","可偷牛奶","铁处女","铁处女的乳汁"
"117","ワームビレッジャ","物品","4","霊薬","掉落","蠕虫村姑","灵药"
"117","ワームビレッジャ","物品","195","魔力の結晶","掉落","蠕虫村姑","魔力的结晶"
"117","ワームビレッジャ","物品","56","蒼氷石","掉落","蠕虫村姑","苍冰石"
"117","ワームビレッジャ","物品","4","霊薬","可偷物品","蠕虫村姑","灵药"
"117","ワームビレッジャ","防具","1384","触手技の書","可偷物品","蠕虫村姑","触手技之书"
"117","ワームビレッジャ","物品","337","イチゴジャム","可偷食材","蠕虫村姑","草莓酱"
"117","ワームビレッジャ","物品","195","魔力の結晶","可偷素材","蠕虫村姑","魔力的结晶"
"117","ワームビレッジャ","防具","1848","村娘のパンツ","可偷内裤","蠕虫村姑","村姑的内裤"
"117","ワームビレッジャ","物品","1117","ワームビレッジャのミルク","可偷牛奶","蠕虫村姑","蠕虫村姑的乳汁"
"118","ウーストレル","物品","324","タコ","掉落","乌斯托尔","章鱼"
"118","ウーストレル","物品","190","スキュラの触手","掉落","乌斯托尔","斯库拉的触手"
"118","ウーストレル","防具","187","紅の帽子","掉落","乌斯托尔","红帽子"
"118","ウーストレル","物品","4","霊薬","可偷物品","乌斯托尔","灵药"
"118","ウーストレル","防具","1734","ハードグロウリスト","可偷物品","乌斯托尔","困难成长腕带"
"118","ウーストレル","物品","324","タコ","可偷食材","乌斯托尔","章鱼"
"118","ウーストレル","物品","190","スキュラの触手","可偷素材","乌斯托尔","斯库拉的触手"
"118","ウーストレル","物品","1118","ウーストレルのミルク","可偷牛奶","乌斯托尔","乌斯托尔的乳汁"
"119","蜜壺","物品","40","職業の種","掉落","蜜壶","职业之种"
"119","蜜壺","物品","177","にゅるにゅるゼリー","掉落","蜜壶","滑溜溜果冻"
"119","蜜壺","物品","32","小さなメダル","掉落","蜜壶","小奖章"
"119","蜜壺","物品","3","究極薬草","可偷物品","蜜壶","究极药草"
"119","蜜壺","物品","32","小さなメダル","可偷物品","蜜壶","小奖章"
"119","蜜壺","物品","436","ハチミツ","可偷食材","蜜壶","蜂蜜"
"119","蜜壺","物品","177","にゅるにゅるゼリー","可偷素材","蜜壶","滑溜溜果冻"
"119","蜜壺","物品","1119","蜜壺のミルク","可偷牛奶","蜜壶","蜜壶的乳汁"
"120","リリィ","物品","28","魔力の種","掉落","莉莉","魔力之种"
"120","リリィ","物品","195","魔力の結晶","掉落","莉莉","魔力的结晶"
"120","リリィ","物品","80","黒闇石","掉落","莉莉","黑暗石"
"120","リリィ","防具","1849","リリィのロイヤルパンツ","可偷内裤","莉莉","莉莉的皇家内裤"
"120","リリィ","物品","1120","リリィのミルク","可偷牛奶","莉莉","莉莉的乳汁"
"121","小鬼","物品","361","おにぎり","掉落","小鬼","饭团"
"121","小鬼","物品","196","小鬼の角","掉落","小鬼","小鬼之角"
"121","小鬼","武器","415","魔神の金槌","掉落","小鬼","魔神之金锤"
"121","小鬼","物品","2","高級薬草","可偷物品","小鬼","高级药草"
"121","小鬼","防具","1309","棍の書","可偷物品","小鬼","棍之书"
"121","小鬼","物品","332","豆腐","可偷食材","小鬼","豆腐"
"121","小鬼","物品","196","小鬼の角","可偷素材","小鬼","小鬼之角"
"121","小鬼","防具","1850","小鬼のふんどし","可偷内裤","小鬼","小鬼的兜裆布"
"121","小鬼","物品","1121","小鬼のミルク","可偷牛奶","小鬼","小鬼的乳汁"
"122","オナホ娘","物品","4","霊薬","掉落","飞机杯娘","灵药"
"122","オナホ娘","物品","195","魔力の結晶","掉落","飞机杯娘","魔力的结晶"
"122","オナホ娘","物品","422","ゼリー","掉落","飞机杯娘","果冻"
"122","オナホ娘","物品","4","霊薬","可偷物品","飞机杯娘","灵药"
"122","オナホ娘","防具","1360","淫具の書","可偷物品","飞机杯娘","淫具之书"
"122","オナホ娘","物品","422","ゼリー","可偷食材","飞机杯娘","果冻"
"122","オナホ娘","物品","195","魔力の結晶","可偷素材","飞机杯娘","魔力的结晶"
"122","オナホ娘","物品","1122","オナホ娘のミルク","可偷牛奶","飞机杯娘","飞机杯娘的乳汁"
"123","ナーキュバス","物品","2","高級薬草","掉落","护士魅魔","高级药草"
"123","ナーキュバス","物品","181","淫魔の尻尾","掉落","护士魅魔","淫魔的尾巴"
"123","ナーキュバス","武器","805","神医のメス","掉落","护士魅魔","神医的手术刀"
"123","ナーキュバス","物品","2","高級薬草","可偷物品","护士魅魔","高级药草"
"123","ナーキュバス","防具","1345","メスの書","可偷物品","护士魅魔","手术刀之书"
"123","ナーキュバス","物品","357","サンドウイッチ","可偷食材","护士魅魔","三明治"
"123","ナーキュバス","物品","181","淫魔の尻尾","可偷素材","护士魅魔","淫魔的尾巴"
"123","ナーキュバス","防具","1851","ナーキュバスのパンツ","可偷内裤","护士魅魔","护士魅魔的内裤"
"123","ナーキュバス","物品","1123","ナーキュバスのミルク","可偷牛奶","护士魅魔","护士魅魔的乳汁"
"124","ルシア","物品","28","魔力の種","掉落","露西亚","魔力之种"
"124","ルシア","物品","80","黒闇石","掉落","露西亚","黑暗石"
"124","ルシア","防具","1007","ムーンオーブ","掉落","露西亚","月之宝珠"
"124","ルシア","物品","1124","ルシアのミルク","可偷牛奶","露西亚","露西亚的乳汁"
"125","百々目鬼","物品","14","目薬","掉落","百目鬼","眼药水"
"125","百々目鬼","物品","196","小鬼の角","掉落","百目鬼","小鬼之角"
"125","百々目鬼","物品","56","蒼氷石","掉落","百目鬼","苍冰石"
"125","百々目鬼","物品","14","目薬","可偷物品","百目鬼","眼药水"
"125","百々目鬼","防具","1550","ブラインチェック","可偷物品","百目鬼","失明抵抗"
"125","百々目鬼","物品","360","ライス","可偷食材","百目鬼","米饭"
"125","百々目鬼","物品","196","小鬼の角","可偷素材","百目鬼","小鬼之角"
"125","百々目鬼","防具","1852","百々目鬼の腰布","可偷内裤","百目鬼","百目鬼的腰布"
"125","百々目鬼","物品","1125","百々目鬼のミルク","可偷牛奶","百目鬼","百目鬼的乳汁"
"126","リザードシーフ","物品","2","高級薬草","掉落","蜥蜴盗贼","高级药草"
"126","リザードシーフ","物品","197","竜の鱗","掉落","蜥蜴盗贼","龙鳞"
"126","リザードシーフ","武器","15","ゾーリンシェイプ","掉落","蜥蜴盗贼","佐林小刀"
"126","リザードシーフ","物品","2","高級薬草","可偷物品","蜥蜴盗贼","高级药草"
"126","リザードシーフ","防具","1282","短剣の書","可偷物品","蜥蜴盗贼","短剑之书"
"126","リザードシーフ","物品","340","たまご","可偷食材","蜥蜴盗贼","鸡蛋"
"126","リザードシーフ","物品","197","竜の鱗","可偷素材","蜥蜴盗贼","龙鳞"
"126","リザードシーフ","防具","1853","盗賊竜のスポーツパンツ","可偷内裤","蜥蜴盗贼","盗贼龙的体育内裤"
"126","リザードシーフ","物品","1126","リザードシーフのミルク","可偷牛奶","蜥蜴盗贼","蜥蜴盗贼的乳汁"
"127","リザードシーフ","物品","7","ブーストドリンク","掉落","蜥蜴盗贼","能量饮料"
"127","リザードシーフ","物品","197","竜の鱗","掉落","蜥蜴盗贼","龙鳞"
"127","リザードシーフ","武器","91","ディフェンダー","掉落","蜥蜴盗贼","防御者"
"127","リザードシーフ","物品","7","ブーストドリンク","可偷物品","蜥蜴盗贼","能量饮料"
"127","リザードシーフ","防具","1002","ハッスルベルト","可偷物品","蜥蜴盗贼","活力腰带"
"127","リザードシーフ","物品","343","パン","可偷食材","蜥蜴盗贼","面包"
"127","リザードシーフ","物品","197","竜の鱗","可偷素材","蜥蜴盗贼","龙鳞"
"127","リザードシーフ","防具","1854","盗賊竜のブランドパンツ","可偷内裤","蜥蜴盗贼","盗贼龙的奢侈内裤"
"127","リザードシーフ","物品","1127","リザードシーフ剣士のミルク","可偷牛奶","蜥蜴盗贼","蜥蜴盗贼剑士的乳汁"
"128","リザードボス","物品","26","力の種","掉落","蜥蜴首领","力量之种"
"128","リザードボス","物品","197","竜の鱗","掉落","蜥蜴首领","龙鳞"
"128","リザードボス","防具","1017","バトルリスト","掉落","蜥蜴首领","战斗护腕"
"128","リザードボス","防具","1855","盗賊竜のサポートパンツ","可偷内裤","蜥蜴首领","盗贼龙的支撑内裤"
"128","リザードボス","物品","1128","リザードボスのミルク","可偷牛奶","蜥蜴首领","蜥蜴首领的乳汁"
"129","蜃気楼娘","物品","4","霊薬","掉落","海市蜃楼娘","灵药"
"129","蜃気楼娘","物品","52","紅炎石","掉落","海市蜃楼娘","红炎石"
"129","蜃気楼娘","武器","487","クリスタルスタッフ","掉落","海市蜃楼娘","水晶杖"
"129","蜃気楼娘","物品","4","霊薬","可偷物品","海市蜃楼娘","灵药"
"129","蜃気楼娘","防具","1318","ロッドの書","可偷物品","海市蜃楼娘","法杖之书"
"129","蜃気楼娘","物品","316","タマネギ","可偷食材","海市蜃楼娘","洋葱"
"129","蜃気楼娘","物品","52","紅炎石","可偷素材","海市蜃楼娘","红炎石"
"129","蜃気楼娘","防具","1857","ノームパンツ","可偷内裤","海市蜃楼娘","诺姆内裤"
"129","蜃気楼娘","物品","1129","蜃気楼娘のミルク","可偷牛奶","海市蜃楼娘","海市蜃楼娘的乳汁"
"130","アリジゴク娘","物品","432","ほしにく","掉落","蚁狮娘","干肉"
"130","アリジゴク娘","物品","201","魔虫の表皮","掉落","蚁狮娘","魔虫的表皮"
"130","アリジゴク娘","物品","68","橙土石","掉落","蚁狮娘","橙土石"
"130","アリジゴク娘","物品","68","橙土石","可偷物品","蚁狮娘","橙土石"
"130","アリジゴク娘","防具","1393","虫技の書","可偷物品","蚁狮娘","虫技之书"
"130","アリジゴク娘","物品","432","ほしにく","可偷食材","蚁狮娘","干肉"
"130","アリジゴク娘","物品","201","魔虫の表皮","可偷素材","蚁狮娘","魔虫的表皮"
"130","アリジゴク娘","物品","1130","アリジゴク娘のミルク","可偷牛奶","蚁狮娘","蚁狮娘的乳汁"
"131","サンドワーム娘","物品","2","高級薬草","掉落","沙虫娘","高级药草"
"131","サンドワーム娘","物品","201","魔虫の表皮","掉落","沙虫娘","魔虫的表皮"
"131","サンドワーム娘","物品","303","ぶどう","掉落","沙虫娘","葡萄"
"131","サンドワーム娘","物品","2","高級薬草","可偷物品","沙虫娘","高级药草"
"131","サンドワーム娘","物品","26","力の種","可偷物品","沙虫娘","力量之种"
"131","サンドワーム娘","物品","303","ぶどう","可偷食材","沙虫娘","葡萄"
"131","サンドワーム娘","物品","201","魔虫の表皮","可偷素材","沙虫娘","魔虫的表皮"
"131","サンドワーム娘","物品","1131","サンドワーム娘のミルク","可偷牛奶","沙虫娘","沙虫娘的乳汁"
"132","デザートスキュラ","物品","2","高級薬草","掉落","沙漠斯库拉","高级药草"
"132","デザートスキュラ","物品","202","巻き付く触手","掉落","沙漠斯库拉","缠绕的触手"
"132","デザートスキュラ","物品","68","橙土石","掉落","沙漠斯库拉","橙土石"
"132","デザートスキュラ","物品","2","高級薬草","可偷物品","沙漠斯库拉","高级药草"
"132","デザートスキュラ","防具","1384","触手技の書","可偷物品","沙漠斯库拉","触手技之书"
"132","デザートスキュラ","物品","330","鳥足","可偷食材","沙漠斯库拉","鸟足"
"132","デザートスキュラ","物品","202","巻き付く触手","可偷素材","沙漠斯库拉","缠绕的触手"
"132","デザートスキュラ","物品","1132","デザートスキュラのミルク","可偷牛奶","沙漠斯库拉","沙漠斯库拉的乳汁"
"133","ノーム","物品","68","橙土石","掉落","诺姆","橙土石"
"133","ノーム","物品","421","エクレア","掉落","诺姆","闪电泡芙"
"133","ノーム","防具","1255","土の書","掉落","诺姆","土之书"
"133","ノーム","防具","1858","絵画のパンツ","可偷内裤","诺姆","绘画的内裤"
"133","ノーム","物品","1133","ノームのミルク","可偷牛奶","诺姆","诺姆的乳汁"
"134","ヴィタエ","物品","198","混沌の結晶","掉落","薇塔耶","混沌的结晶"
"134","ヴィタエ","物品","177","にゅるにゅるゼリー","掉落","薇塔耶","滑溜溜果冻"
"134","ヴィタエ","物品","73","激流青水石","掉落","薇塔耶","激流青水石"
"134","ヴィタエ","物品","71","水石","可偷物品","薇塔耶","水石"
"134","ヴィタエ","防具","1066","生命の指輪","可偷物品","薇塔耶","生命之戒"
"134","ヴィタエ","物品","198","混沌の結晶","可偷素材","薇塔耶","混沌的结晶"
"134","ヴィタエ","物品","1134","ヴィタエのミルク","可偷牛奶","薇塔耶","薇塔耶的乳汁"
"135","ヴェータラ","物品","17","満月草","掉落","维塔拉","满月草"
"135","ヴェータラ","物品","198","混沌の結晶","掉落","维塔拉","混沌的结晶"
"135","ヴェータラ","物品","60","黄雷石","掉落","维塔拉","黄雷石"
"135","ヴェータラ","物品","17","満月草","可偷物品","维塔拉","满月草"
"135","ヴェータラ","防具","1149","暴走の仮面","可偷物品","维塔拉","暴走的假面"
"135","ヴェータラ","物品","198","混沌の結晶","可偷素材","维塔拉","混沌的结晶"
"135","ヴェータラ","物品","1135","ヴェータラのミルク","可偷牛奶","维塔拉","维塔拉的乳汁"
"136","ヴァルト","物品","198","混沌の結晶","掉落","瓦尔特","混沌的结晶"
"136","ヴァルト","物品","200","理知の歯車","掉落","瓦尔特","理智的齿轮"
"136","ヴァルト","物品","60","黄雷石","掉落","瓦尔特","黄雷石"
"136","ヴァルト","物品","60","黄雷石","可偷物品","瓦尔特","黄雷石"
"136","ヴァルト","防具","1564","ショックチェック","可偷物品","瓦尔特","电击抵抗"
"136","ヴァルト","物品","198","混沌の結晶","可偷素材","瓦尔特","混沌的结晶"
"136","ヴァルト","物品","1136","ヴァルトのミルク","可偷牛奶","瓦尔特","瓦尔特的乳汁"
"137","シニファ","物品","4","霊薬","掉落","希妮法","灵药"
"137","シニファ","物品","198","混沌の結晶","掉落","希妮法","混沌的结晶"
"137","シニファ","物品","52","紅炎石","掉落","希妮法","红炎石"
"137","シニファ","物品","4","霊薬","可偷物品","希妮法","灵药"
"137","シニファ","防具","1111","危機の狐面","可偷物品","希妮法","危机之狐面"
"137","シニファ","物品","198","混沌の結晶","可偷素材","希妮法","混沌的结晶"
"137","シニファ","物品","1137","シニファのミルク","可偷牛奶","希妮法","希妮法的乳汁"
"138","シャドー娘","物品","16","気付け薬","掉落","影子娘","提神药"
"138","シャドー娘","物品","185","幽霊の髪","掉落","影子娘","幽灵的头发"
"138","シャドー娘","物品","80","黒闇石","掉落","影子娘","黑暗石"
"138","シャドー娘","物品","16","気付け薬","可偷物品","影子娘","提神药"
"138","シャドー娘","防具","1086","魔のハチマキ","可偷物品","影子娘","魔的围巾"
"138","シャドー娘","物品","321","とうがらし","可偷食材","影子娘","辣椒"
"138","シャドー娘","物品","185","幽霊の髪","可偷素材","影子娘","幽灵的头发"
"138","シャドー娘","物品","1138","シャドー娘のミルク","可偷牛奶","影子娘","影子娘的乳汁"
"139","ガイストビーネ","物品","2","高級薬草","掉落","画像娘","高级药草"
"139","ガイストビーネ","物品","185","幽霊の髪","掉落","画像娘","幽灵的头发"
"139","ガイストビーネ","物品","56","蒼氷石","掉落","画像娘","苍冰石"
"139","ガイストビーネ","物品","2","高級薬草","可偷物品","画像娘","高级药草"
"139","ガイストビーネ","防具","1539","デスチェック","可偷物品","画像娘","即死抵抗"
"139","ガイストビーネ","物品","313","トマト","可偷食材","画像娘","番茄"
"139","ガイストビーネ","物品","185","幽霊の髪","可偷素材","画像娘","幽灵的头发"
"139","ガイストビーネ","防具","1856","蜃気楼のひよこパンツ","可偷内裤","画像娘","海市蜃楼的雏鸡内裤"
"139","ガイストビーネ","物品","1139","ガイストビーネのミルク","可偷牛奶","画像娘","画像娘的乳汁"
"140","キメラホムンクルス","物品","4","霊薬","掉落","奇美拉人造人","灵药"
"140","キメラホムンクルス","物品","190","スキュラの触手","掉落","奇美拉人造人","斯库拉的触手"
"140","キメラホムンクルス","物品","199","ドグマ細胞","掉落","奇美拉人造人","教义细胞"
"140","キメラホムンクルス","物品","4","霊薬","可偷物品","奇美拉人造人","灵药"
"140","キメラホムンクルス","防具","1554","コンフュチェック","可偷物品","奇美拉人造人","混乱抵抗"
"140","キメラホムンクルス","物品","325","イカ","可偷食材","奇美拉人造人","鱿鱼"
"140","キメラホムンクルス","物品","199","ドグマ細胞","可偷素材","奇美拉人造人","教义细胞"
"140","キメラホムンクルス","物品","1140","キメラホムンクルスのミルク","可偷牛奶","奇美拉人造人","奇美拉人造人的乳汁"
"141","アイアンメイデン改","物品","19","聖水","掉落","铁处女改","圣水"
"141","アイアンメイデン改","物品","199","ドグマ細胞","掉落","铁处女改","教义细胞"
"141","アイアンメイデン改","防具","40","クリスタルプレート","掉落","铁处女改","水晶胸甲"
"141","アイアンメイデン改","物品","19","聖水","可偷物品","铁处女改","圣水"
"141","アイアンメイデン改","防具","1584","ラプチャチェック","可偷物品","铁处女改","恍惚抵抗"
"141","アイアンメイデン改","物品","301","りんご","可偷食材","铁处女改","苹果"
"141","アイアンメイデン改","物品","199","ドグマ細胞","可偷素材","铁处女改","教义细胞"
"141","アイアンメイデン改","物品","1141","アイアンメイデン改のミルク","可偷牛奶","铁处女改","铁处女改的乳汁"
"142","ジャンクドール娘","物品","23","ハーピーの羽","掉落","废品人偶娘","哈比之羽"
"142","ジャンクドール娘","物品","200","理知の歯車","掉落","废品人偶娘","理智的齿轮"
"142","ジャンクドール娘","防具","152","ホワイトドレス","掉落","废品人偶娘","白色礼服"
"142","ジャンクドール娘","物品","23","ハーピーの羽","可偷物品","废品人偶娘","哈比之羽"
"142","ジャンクドール娘","防具","1267","音波の書","可偷物品","废品人偶娘","音波之书"
"142","ジャンクドール娘","物品","338","小麦粉","可偷食材","废品人偶娘","面粉"
"142","ジャンクドール娘","物品","200","理知の歯車","可偷素材","废品人偶娘","理智的齿轮"
"142","ジャンクドール娘","物品","1142","ジャンクドール娘のミルク","可偷牛奶","废品人偶娘","废品人偶娘的乳汁"
"143","アドラメレク","物品","26","力の種","掉落","阿德拉梅莱克","力量之种"
"143","アドラメレク","物品","198","混沌の結晶","掉落","阿德拉梅莱克","混沌的结晶"
"143","アドラメレク","防具","1032","バリアロザリオ","掉落","阿德拉梅莱克","屏障念珠"
"143","アドラメレク","物品","1143","アドラメレクのミルク","可偷牛奶","阿德拉梅莱克","阿德拉梅莱克的乳汁"
"144","アリスフィーズ16世","物品","24","命の木の実","掉落","爱丽丝菲兹16世","生命之果"
"144","アリスフィーズ16世","物品","81","輝晶黒闇石","掉落","爱丽丝菲兹16世","辉晶黑暗石"
"144","アリスフィーズ16世","防具","1265","闇の秘伝書","掉落","爱丽丝菲兹16世","暗之秘传书"
"144","アリスフィーズ16世","物品","9","エリクサー","可偷物品","爱丽丝菲兹16世","圣灵药"
"144","アリスフィーズ16世","物品","24","命の木の実","可偷物品","爱丽丝菲兹16世","生命之果"
"144","アリスフィーズ16世","物品","409","あまあまだんご","可偷食材","爱丽丝菲兹16世","甜甜团子"
"144","アリスフィーズ16世","物品","264","オズマ細胞","可偷素材","爱丽丝菲兹16世","奥兹玛细胞"
"144","アリスフィーズ16世","防具","1953","魔王のパンツ","可偷内裤","爱丽丝菲兹16世","魔王的内裤"
"144","アリスフィーズ16世","物品","1144","アリスフィーズ16世のミルク","可偷牛奶","爱丽丝菲兹16世","爱丽丝菲兹16世的乳汁"
"145","死神","物品","10","ラストエリクサー","掉落","死神","最终圣灵药"
"145","死神","物品","29","精神の種","掉落","死神","精神之种"
"145","死神","防具","144","ガイアのローブ","掉落","死神","盖亚长袍"
"145","死神","物品","9","エリクサー","可偷物品","死神","圣灵药"
"145","死神","物品","24","命の木の実","可偷物品","死神","生命之果"
"145","死神","物品","444","ドクロ","可偷食材","死神","骷髅"
"145","死神","物品","273","ハインリヒ細胞","可偷素材","死神","海因里希细胞"
"145","死神","防具","1973","八尾のふんどし","可偷内裤","死神","八尾的兜裆布"
"145","死神","物品","1145","死神のミルク","可偷牛奶","死神","死神的乳汁"
"146","ラナエル","物品","3","究極薬草","可偷物品","拉娜艾尔","究极药草"
"146","ラナエル","防具","1468","スタンの秘印","可偷物品","拉娜艾尔","眩晕秘印"
"146","ラナエル","物品","356","サーモンベーグルサンド","可偷食材","拉娜艾尔","鲑鱼贝果三明治"
"146","ラナエル","物品","252","奇跡の羽根","可偷素材","拉娜艾尔","奇迹的羽毛"
"147","ナガエル","物品","6","イリアスの霊薬","可偷物品","娜迦艾尔","伊莉娅丝的灵药"
"147","ナガエル","防具","1423","毒の秘印","可偷物品","娜迦艾尔","毒之秘印"
"147","ナガエル","物品","331","ソーセージ","可偷食材","娜迦艾尔","香肠"
"147","ナガエル","物品","245","覇蛇の蛇尾","可偷素材","娜迦艾尔","霸蛇的蛇尾"
"148","インプ","物品","7","ブーストドリンク","掉落","小恶魔","能量饮料"
"148","インプ","物品","162","インプの尻尾","掉落","小恶魔","小恶魔的尾巴"
"148","インプ","武器","1856","俺","掉落","小恶魔","俺"
"148","インプ","物品","1","薬草","可偷物品","小恶魔","药草"
"148","インプ","防具","1171","緊縛の縄","可偷物品","小恶魔","紧缚之绳"
"148","インプ","物品","357","サンドウイッチ","可偷食材","小恶魔","三明治"
"148","インプ","物品","162","インプの尻尾","可偷素材","小恶魔","小恶魔的尾巴"
"148","インプ","防具","1802","こあくまインプのパンツ","可偷内裤","小恶魔","小恶魔的内裤"
"148","インプ","物品","1148","ぐったりインプのミルク","可偷牛奶","小恶魔","疲惫小恶魔的乳汁"
"149","インプ","武器","2364","ヒール","掉落","小恶魔","治愈"
"149","インプ","物品","162","インプの尻尾","掉落","小恶魔","小恶魔的尾巴"
"149","インプ","物品","301","りんご","掉落","小恶魔","苹果"
"149","インプ","物品","1","薬草","可偷物品","小恶魔","药草"
"149","インプ","防具","1171","緊縛の縄","可偷物品","小恶魔","紧缚之绳"
"149","インプ","物品","357","サンドウイッチ","可偷食材","小恶魔","三明治"
"149","インプ","物品","162","インプの尻尾","可偷素材","小恶魔","小恶魔的尾巴"
"149","インプ","防具","1802","こあくまインプのパンツ","可偷内裤","小恶魔","小恶魔的内裤"
"149","インプ","物品","1149","おどおどインプのミルク","可偷牛奶","小恶魔","发抖小恶魔的乳汁"
"150","死神","物品","9","エリクサー","可偷物品","死神","圣灵药"
"150","死神","物品","24","命の木の実","可偷物品","死神","生命之果"
"150","死神","物品","444","ドクロ","可偷食材","死神","骷髅"
"150","死神","物品","273","ハインリヒ細胞","可偷素材","死神","海因里希细胞"
"150","死神","防具","1973","八尾のふんどし","可偷内裤","死神","八尾的兜裆布"
"151","きのこ娘","物品","2","高級薬草","掉落","蘑菇娘","高级药草"
"151","きのこ娘","物品","318","しいたけ","掉落","蘑菇娘","香菇"
"151","きのこ娘","物品","443","毒キノコ","掉落","蘑菇娘","毒蘑菇"
"151","きのこ娘","物品","2","高級薬草","可偷物品","蘑菇娘","高级药草"
"151","きのこ娘","防具","1556","スリープチェック","可偷物品","蘑菇娘","睡眠抵抗"
"151","きのこ娘","物品","318","しいたけ","可偷食材","蘑菇娘","香菇"
"151","きのこ娘","物品","56","蒼氷石","可偷素材","蘑菇娘","苍冰石"
"151","きのこ娘","物品","1151","きのこ娘のミルク","可偷牛奶","蘑菇娘","蘑菇娘的乳汁"
"152","ノビスタドール娘","物品","2","高級薬草","掉落","隐形虫娘","高级药草"
"152","ノビスタドール娘","物品","201","魔虫の表皮","掉落","隐形虫娘","魔虫的表皮"
"152","ノビスタドール娘","物品","342","ミルク","掉落","隐形虫娘","牛奶"
"152","ノビスタドール娘","物品","2","高級薬草","可偷物品","隐形虫娘","高级药草"
"152","ノビスタドール娘","防具","1736","ハードジョブリスト","可偷物品","隐形虫娘","专注职业手环"
"152","ノビスタドール娘","物品","342","ミルク","可偷食材","隐形虫娘","牛奶"
"152","ノビスタドール娘","物品","201","魔虫の表皮","可偷素材","隐形虫娘","魔虫的表皮"
"152","ノビスタドール娘","物品","1152","ノビスタドール娘のミルク","可偷牛奶","隐形虫娘","隐形虫娘的乳汁"
"153","ウルスキュラ","物品","202","巻き付く触手","掉落","狼首斯库拉","缠绕的触手"
"153","ウルスキュラ","物品","72","青水石","掉落","狼首斯库拉","青水石"
"153","ウルスキュラ","武器","675","ホークアイ","掉落","狼首斯库拉","鹰眼"
"153","ウルスキュラ","物品","4","霊薬","可偷物品","狼首斯库拉","灵药"
"153","ウルスキュラ","防具","1123","蘇生の宝玉","可偷物品","狼首斯库拉","复活之宝玉"
"153","ウルスキュラ","物品","322","さかな","可偷食材","狼首斯库拉","鱼"
"153","ウルスキュラ","物品","202","巻き付く触手","可偷素材","狼首斯库拉","缠绕的触手"
"153","ウルスキュラ","物品","1153","ウルスキュラのミルク","可偷牛奶","狼首斯库拉","狼首斯库拉的乳汁"
"154","襖","物品","15","山彦草","掉落","袄","山彦草"
"154","襖","物品","203","式紙","掉落","袄","式纸"
"154","襖","物品","64","緑風石","掉落","袄","绿风石"
"154","襖","物品","15","山彦草","可偷物品","袄","山彦草"
"154","襖","防具","1312","鎌の書","可偷物品","袄","镰之书"
"154","襖","物品","332","豆腐","可偷食材","袄","豆腐"
"154","襖","物品","203","式紙","可偷素材","袄","式纸"
"154","襖","防具","1859","襖の溶解ふんどし","可偷内裤","袄","袄的溶解兜裆布"
"154","襖","物品","1154","襖のミルク","可偷牛奶","袄","袄的乳汁"
"155","マーメイド","物品","4","霊薬","掉落","人鱼","灵药"
"155","マーメイド","物品","204","人魚の鱗","掉落","人鱼","人鱼的鳞片"
"155","マーメイド","物品","72","青水石","掉落","人鱼","青水石"
"155","マーメイド","物品","4","霊薬","可偷物品","人鱼","灵药"
"155","マーメイド","武器","525","ホーリーロッド","可偷物品","人鱼","神圣法杖"
"155","マーメイド","物品","322","さかな","可偷食材","人鱼","鱼"
"155","マーメイド","物品","204","人魚の鱗","可偷素材","人鱼","人鱼的鳞片"
"155","マーメイド","物品","1155","マーメイドのミルク","可偷牛奶","人鱼","人鱼的乳汁"
"156","商人マーメイド","物品","2","高級薬草","掉落","商人人鱼","高级药草"
"156","商人マーメイド","物品","204","人魚の鱗","掉落","商人人鱼","人鱼的鳞片"
"156","商人マーメイド","物品","72","青水石","掉落","商人人鱼","青水石"
"156","商人マーメイド","物品","2","高級薬草","可偷物品","商人人鱼","高级药草"
"156","商人マーメイド","武器","781","魔法のそろばん","可偷物品","商人人鱼","魔法算盘"
"156","商人マーメイド","物品","368","お寿司","可偷食材","商人人鱼","寿司"
"156","商人マーメイド","物品","204","人魚の鱗","可偷素材","商人人鱼","人鱼的鳞片"
"156","商人マーメイド","物品","1156","商人マーメイドのミルク","可偷牛奶","商人人鱼","商人人鱼的乳汁"
"157","海賊マーメイド","物品","2","高級薬草","掉落","海贼人鱼","高级药草"
"157","海賊マーメイド","物品","204","人魚の鱗","掉落","海贼人鱼","人鱼的鳞片"
"157","海賊マーメイド","武器","416","クリスタルハンマー","掉落","海贼人鱼","水晶锤"
"157","海賊マーメイド","物品","2","高級薬草","可偷物品","海贼人鱼","高级药草"
"157","海賊マーメイド","防具","200","パイレーツメット","可偷物品","海贼人鱼","海贼头盔"
"157","海賊マーメイド","物品","327","エビ","可偷食材","海贼人鱼","虾"
"157","海賊マーメイド","物品","204","人魚の鱗","可偷素材","海贼人鱼","人鱼的鳞片"
"157","海賊マーメイド","物品","1157","海賊マーメイドのミルク","可偷牛奶","海贼人鱼","海贼人鱼的乳汁"
"158","一反木綿娘","物品","2","高級薬草","掉落","一反木绵娘","高级药草"
"158","一反木綿娘","物品","203","式紙","掉落","一反木绵娘","式纸"
"158","一反木綿娘","物品","64","緑風石","掉落","一反木绵娘","绿风石"
"158","一反木綿娘","物品","2","高級薬草","可偷物品","一反木绵娘","高级药草"
"158","一反木綿娘","防具","1062","魔法のかんざし","可偷物品","一反木绵娘","魔法发簪"
"158","一反木綿娘","物品","361","おにぎり","可偷食材","一反木绵娘","饭团"
"158","一反木綿娘","物品","203","式紙","可偷素材","一反木绵娘","式纸"
"158","一反木綿娘","防具","1860","一反木綿娘のふんどし","可偷内裤","一反木绵娘","一反木绵娘的兜裆布"
"158","一反木綿娘","物品","1158","一反木綿娘のミルク","可偷牛奶","一反木绵娘","一反木绵娘的乳汁"
"159","一反木綿娘","物品","4","霊薬","掉落","一反木绵娘","灵药"
"159","一反木綿娘","物品","203","式紙","掉落","一反木绵娘","式纸"
"159","一反木綿娘","物品","68","橙土石","掉落","一反木绵娘","橙土石"
"159","一反木綿娘","物品","4","霊薬","可偷物品","一反木绵娘","灵药"
"159","一反木綿娘","防具","1065","窮地のかんざし","可偷物品","一反木绵娘","困境之簪"
"159","一反木綿娘","物品","384","さしみ","可偷食材","一反木绵娘","生鱼片"
"159","一反木綿娘","物品","203","式紙","可偷素材","一反木绵娘","式纸"
"159","一反木綿娘","防具","1860","一反木綿娘のふんどし","可偷内裤","一反木绵娘","一反木绵娘的兜裆布"
"159","一反木綿娘","物品","1158","一反木綿娘のミルク","可偷牛奶","一反木绵娘","一反木绵娘的乳汁"
"160","一反木綿娘","物品","7","ブーストドリンク","掉落","一反木绵娘","能量饮料"
"160","一反木綿娘","物品","203","式紙","掉落","一反木绵娘","式纸"
"160","一反木綿娘","物品","72","青水石","掉落","一反木绵娘","青水石"
"160","一反木綿娘","物品","7","ブーストドリンク","可偷物品","一反木绵娘","能量饮料"
"160","一反木綿娘","防具","1143","祓水","可偷物品","一反木绵娘","祓水"
"160","一反木綿娘","物品","383","焼き魚","可偷食材","一反木绵娘","烤鱼"
"160","一反木綿娘","物品","203","式紙","可偷素材","一反木绵娘","式纸"
"160","一反木綿娘","防具","1860","一反木綿娘のふんどし","可偷内裤","一反木绵娘","一反木绵娘的兜裆布"
"160","一反木綿娘","物品","1158","一反木綿娘のミルク","可偷牛奶","一反木绵娘","一反木绵娘的乳汁"
"161","ダゴン娘","物品","324","タコ","掉落","达贡娘","章鱼"
"161","ダゴン娘","物品","202","巻き付く触手","掉落","达贡娘","缠绕的触手"
"161","ダゴン娘","物品","72","青水石","掉落","达贡娘","青水石"
"161","ダゴン娘","物品","72","青水石","可偷物品","达贡娘","青水石"
"161","ダゴン娘","防具","1060","窮地のマント","可偷物品","达贡娘","绝境斗篷"
"161","ダゴン娘","物品","324","タコ","可偷食材","达贡娘","章鱼"
"161","ダゴン娘","物品","202","巻き付く触手","可偷素材","达贡娘","缠绕的触手"
"161","ダゴン娘","物品","1161","ダゴン娘のミルク","可偷牛奶","达贡娘","达贡娘的乳汁"
"162","人魂娘","物品","4","霊薬","掉落","人魂娘","灵药"
"162","人魂娘","物品","185","幽霊の髪","掉落","人魂娘","幽灵的头发"
"162","人魂娘","物品","52","紅炎石","掉落","人魂娘","红炎石"
"162","人魂娘","物品","4","霊薬","可偷物品","人魂娘","灵药"
"162","人魂娘","防具","1055","窮地の数珠","可偷物品","人魂娘","绝境念珠"
"162","人魂娘","物品","334","かつおぶし","可偷食材","人魂娘","鲣鱼干"
"162","人魂娘","物品","185","幽霊の髪","可偷素材","人魂娘","幽灵的头发"
"162","人魂娘","物品","1162","人魂娘のミルク","可偷牛奶","人魂娘","人魂娘的乳汁"
"163","アシェル","物品","27","守りの種","掉落","阿谢尔","守护之种"
"163","アシェル","物品","204","人魚の鱗","掉落","阿谢尔","人鱼的鳞片"
"163","アシェル","物品","72","青水石","掉落","阿谢尔","青水石"
"163","アシェル","物品","1163","アシェルのミルク","可偷牛奶","阿谢尔","阿谢尔的乳汁"
"164","ボニー","物品","24","命の木の実","掉落","波妮","生命之果"
"164","ボニー","物品","204","人魚の鱗","掉落","波妮","人鱼的鳞片"
"164","ボニー","武器","156","闇のサーベル","掉落","波妮","暗之佩剑"
"164","ボニー","物品","1164","ボニーのミルク","可偷牛奶","波妮","波妮的乳汁"
"165","タツノコ海兵","物品","2","高級薬草","掉落","龙之子海兵","高级药草"
"165","タツノコ海兵","物品","171","綺麗な珊瑚","掉落","龙之子海兵","美丽的珊瑚"
"165","タツノコ海兵","武器","199","ミスリルスピア・アクア","掉落","龙之子海兵","秘银矛・水"
"165","タツノコ海兵","物品","2","高級薬草","可偷物品","龙之子海兵","高级药草"
"165","タツノコ海兵","防具","1165","幸福の袋","可偷物品","龙之子海兵","幸福之袋"
"165","タツノコ海兵","物品","365","チャーハン","可偷食材","龙之子海兵","炒饭"
"165","タツノコ海兵","物品","171","綺麗な珊瑚","可偷素材","龙之子海兵","美丽的珊瑚"
"165","タツノコ海兵","物品","1165","タツノコ海兵のミルク","可偷牛奶","龙之子海兵","龙之子海兵的乳汁"
"166","ウミウシ海兵","物品","2","高級薬草","掉落","海蛞蝓海兵","高级药草"
"166","ウミウシ海兵","物品","327","エビ","掉落","海蛞蝓海兵","虾"
"166","ウミウシ海兵","物品","176","頑丈な貝殻","掉落","海蛞蝓海兵","坚固的贝壳"
"166","ウミウシ海兵","物品","2","高級薬草","可偷物品","海蛞蝓海兵","高级药草"
"166","ウミウシ海兵","防具","1449","スロウの印","可偷物品","海蛞蝓海兵","减速之印"
"166","ウミウシ海兵","物品","326","カニ","可偷食材","海蛞蝓海兵","蟹"
"166","ウミウシ海兵","物品","176","頑丈な貝殻","可偷素材","海蛞蝓海兵","坚固的贝壳"
"166","ウミウシ海兵","物品","1166","ウミウシ海兵のミルク","可偷牛奶","海蛞蝓海兵","海蛞蝓海兵的乳汁"
"167","リヴァイアサン娘","物品","26","力の種","掉落","利维坦娘","力量之种"
"167","リヴァイアサン娘","物品","72","青水石","掉落","利维坦娘","青水石"
"167","リヴァイアサン娘","防具","1077","暗黒の指輪","掉落","利维坦娘","暗黑之戒"
"167","リヴァイアサン娘","物品","1167","リヴァイアサン娘のミルク","可偷牛奶","利维坦娘","利维坦娘的乳汁"
"168","カエル娘","物品","328","うなぎ","掉落","青蛙娘","鳗鱼"
"168","カエル娘","物品","165","ネバネバ粘液","掉落","青蛙娘","黏糊糊粘液"
"168","カエル娘","物品","72","青水石","掉落","青蛙娘","青水石"
"168","カエル娘","物品","72","青水石","可偷物品","青蛙娘","青水石"
"168","カエル娘","防具","1470","ヌルヌルの印","可偷物品","青蛙娘","黏滑之印"
"168","カエル娘","物品","328","うなぎ","可偷食材","青蛙娘","鳗鱼"
"168","カエル娘","物品","165","ネバネバ粘液","可偷素材","青蛙娘","黏糊糊粘液"
"168","カエル娘","物品","1168","カエル娘のミルク","可偷牛奶","青蛙娘","青蛙娘的乳汁"
"169","カエル娘","物品","322","さかな","掉落","青蛙娘","鱼"
"169","カエル娘","物品","165","ネバネバ粘液","掉落","青蛙娘","黏糊糊粘液"
"169","カエル娘","物品","68","橙土石","掉落","青蛙娘","橙土石"
"169","カエル娘","物品","68","橙土石","可偷物品","青蛙娘","橙土石"
"169","カエル娘","防具","1580","ヌルヌルチェック","可偷物品","青蛙娘","黏滑抵抗"
"169","カエル娘","物品","322","さかな","可偷食材","青蛙娘","鱼"
"169","カエル娘","物品","165","ネバネバ粘液","可偷素材","青蛙娘","黏糊糊粘液"
"169","カエル娘","物品","1168","カエル娘のミルク","可偷牛奶","青蛙娘","青蛙娘的乳汁"
"170","ケンタウロス娘","物品","8","バーストドリンク","掉落","马人娘","爆发饮料"
"170","ケンタウロス娘","物品","310","にんじん","掉落","马人娘","胡萝卜"
"170","ケンタウロス娘","物品","173","丈夫な蹄","掉落","马人娘","坚固的蹄"
"170","ケンタウロス娘","物品","7","ブーストドリンク","可偷物品","马人娘","能量饮料"
"170","ケンタウロス娘","防具","1038","俊足の腕輪","可偷物品","马人娘","疾风手镯"
"170","ケンタウロス娘","物品","310","にんじん","可偷食材","马人娘","胡萝卜"
"170","ケンタウロス娘","物品","173","丈夫な蹄","可偷素材","马人娘","坚固的蹄"
"170","ケンタウロス娘","物品","1170","ケンタウロス娘のミルク","可偷牛奶","马人娘","马人娘的乳汁"
"171","アルラウネ","物品","311","なすび","掉落","阿娜温","茄子"
"171","アルラウネ","物品","205","アルラウネの花","掉落","阿娜温","阿娜温的花"
"171","アルラウネ","物品","3","究極薬草","掉落","阿娜温","究极药草"
"171","アルラウネ","物品","3","究極薬草","可偷物品","阿娜温","究极药草"
"171","アルラウネ","防具","1476","恍惚の印","可偷物品","阿娜温","恍惚之印"
"171","アルラウネ","物品","305","バナナ","可偷食材","阿娜温","香蕉"
"171","アルラウネ","物品","205","アルラウネの花","可偷素材","阿娜温","阿娜温的花"
"171","アルラウネ","防具","1861","お花の香りパンツ","可偷内裤","阿娜温","花香内裤"
"171","アルラウネ","物品","1171","アルラウネのミルク","可偷牛奶","阿娜温","阿娜温的乳汁"
"172","御菊蟲","物品","2","高級薬草","掉落","御菊虫","高级药草"
"172","御菊蟲","物品","308","はくさい","掉落","御菊虫","白菜"
"172","御菊蟲","物品","201","魔虫の表皮","掉落","御菊虫","魔虫的表皮"
"172","御菊蟲","物品","2","高級薬草","可偷物品","御菊虫","高级药草"
"172","御菊蟲","防具","1148","絶無のシール","可偷物品","御菊虫","绝无的贴纸"
"172","御菊蟲","物品","308","はくさい","可偷食材","御菊虫","白菜"
"172","御菊蟲","物品","201","魔虫の表皮","可偷素材","御菊虫","魔虫的表皮"
"172","御菊蟲","物品","1172","御菊蟲のミルク","可偷牛奶","御菊虫","御菊虫的乳汁"
"173","幽霊娘","物品","360","ライス","掉落","幽灵娘","米饭"
"173","幽霊娘","物品","210","妖怪の髪","掉落","幽灵娘","妖怪的头发"
"173","幽霊娘","物品","52","紅炎石","掉落","幽灵娘","红炎石"
"173","幽霊娘","物品","52","紅炎石","可偷物品","幽灵娘","红炎石"
"173","幽霊娘","武器","156","闇のサーベル","可偷物品","幽灵娘","暗之佩剑"
"173","幽霊娘","物品","360","ライス","可偷食材","幽灵娘","米饭"
"173","幽霊娘","物品","210","妖怪の髪","可偷素材","幽灵娘","妖怪的头发"
"173","幽霊娘","防具","1873","サムライエルフのふんどし","可偷内裤","幽灵娘","武士精灵的兜裆布"
"173","幽霊娘","物品","1173","幽霊娘のミルク","可偷牛奶","幽灵娘","幽灵娘的乳汁"
"174","ハコイリ","防具","1183","あやしい宝箱","掉落","箱中千金","可疑的宝箱"
"174","ハコイリ","物品","195","魔力の結晶","掉落","箱中千金","魔力的结晶"
"174","ハコイリ","物品","32","小さなメダル","掉落","箱中千金","小奖章"
"174","ハコイリ","防具","1183","あやしい宝箱","可偷物品","箱中千金","可疑的宝箱"
"174","ハコイリ","物品","32","小さなメダル","可偷物品","箱中千金","小奖章"
"174","ハコイリ","物品","418","チョコケーキ","可偷食材","箱中千金","巧克力蛋糕"
"174","ハコイリ","物品","195","魔力の結晶","可偷素材","箱中千金","魔力的结晶"
"174","ハコイリ","物品","1174","ハコイリのミルク","可偷牛奶","箱中千金","箱中千金的乳汁"
"175","デュラハン","物品","26","力の種","掉落","杜拉罕","力量之种"
"175","デュラハン","物品","187","涙の宝石","掉落","杜拉罕","泪之宝石"
"175","デュラハン","武器","99","竜鱗の剣","掉落","杜拉罕","龙鳞制剑"
"175","デュラハン","防具","1862","幽霊娘のパンツ","可偷内裤","杜拉罕","幽灵娘的内裤"
"175","デュラハン","物品","1175","デュラハンのミルク","可偷牛奶","杜拉罕","杜拉罕的乳汁"
"176","ケルベロス","物品","30","素早さの種","掉落","刻耳柏洛斯","敏捷之种"
"176","ケルベロス","物品","194","鋭い牙","掉落","刻耳柏洛斯","尖牙"
"176","ケルベロス","武器","346","竜鱗の牙","掉落","刻耳柏洛斯","龙鳞制牙"
"176","ケルベロス","物品","1176","ケルベロスのミルク","可偷牛奶","刻耳柏洛斯","刻耳柏洛斯的乳汁"
"177","アルマエルマ","物品","12","世界樹の葉","掉落","阿露艾露玛","世界树之叶"
"177","アルマエルマ","物品","181","淫魔の尻尾","掉落","阿露艾露玛","淫魔的尾巴"
"177","アルマエルマ","防具","1479","誘惑の印","掉落","阿露艾露玛","诱惑之印"
"177","アルマエルマ","防具","1863","ハコイリパンツ","可偷内裤","阿露艾露玛","箱中千金的内裤"
"177","アルマエルマ","物品","1177","アルマエルマのミルク","可偷牛奶","阿露艾露玛","阿露艾露玛的乳汁"
"178","グランベリア","物品","26","力の種","掉落","古兰贝莉娅","力量之种"
"178","グランベリア","物品","197","竜の鱗","掉落","古兰贝莉娅","龙鳞"
"178","グランベリア","防具","42","竜鱗の胸当て","掉落","古兰贝莉娅","龙鳞制胸甲"
"178","グランベリア","防具","1895","サキュバスのぴっちりパンツ","可偷内裤","古兰贝莉娅","魅魔的紧身内裤"
"178","グランベリア","物品","1178","グランベリアのミルク","可偷牛奶","古兰贝莉娅","古兰贝莉娅的乳汁"
"179","濡れ女","物品","211","魔性の蛇尾","掉落","濡女","魔性的蛇尾"
"179","濡れ女","物品","56","蒼氷石","掉落","濡女","苍冰石"
"179","濡れ女","武器","569","与一の弓","掉落","濡女","与一之弓"
"179","濡れ女","物品","56","蒼氷石","可偷物品","濡女","苍冰石"
"179","濡れ女","武器","739","あやかし蛇扇","可偷物品","濡女","妖蛇扇"
"179","濡れ女","物品","384","さしみ","可偷食材","濡女","生鱼片"
"179","濡れ女","物品","211","魔性の蛇尾","可偷素材","濡女","魔性的蛇尾"
"179","濡れ女","物品","1179","濡れ女のミルク","可偷牛奶","濡女","濡女的乳汁"
"180","ハイミノタウロス","物品","378","すきやき","掉落","高阶米诺陶洛斯","寿喜烧"
"180","ハイミノタウロス","物品","213","猛牛の蹄","掉落","高阶米诺陶洛斯","猛牛的蹄"
"180","ハイミノタウロス","武器","376","魔神の斧","掉落","高阶米诺陶洛斯","魔神之斧"
"180","ハイミノタウロス","物品","8","バーストドリンク","可偷物品","高阶米诺陶洛斯","爆发饮料"
"180","ハイミノタウロス","防具","1018","ハイパーリスト","可偷物品","高阶米诺陶洛斯","超级护腕"
"180","ハイミノタウロス","物品","329","肉","可偷食材","高阶米诺陶洛斯","肉"
"180","ハイミノタウロス","物品","213","猛牛の蹄","可偷素材","高阶米诺陶洛斯","猛牛的蹄"
"180","ハイミノタウロス","防具","1877","毛倡妓パンツ","可偷内裤","高阶米诺陶洛斯","毛倡妓内裤"
"180","ハイミノタウロス","物品","1180","ハイミノタウロスのミルク","可偷牛奶","高阶米诺陶洛斯","高阶米诺陶洛斯的乳汁"
"181","ミズタウロス","物品","378","すきやき","掉落","米诺陶洛斯女士","寿喜烧"
"181","ミズタウロス","物品","213","猛牛の蹄","掉落","米诺陶洛斯女士","猛牛的蹄"
"181","ミズタウロス","物品","342","ミルク","掉落","米诺陶洛斯女士","牛奶"
"181","ミズタウロス","物品","2","高級薬草","可偷物品","米诺陶洛斯女士","高级药草"
"181","ミズタウロス","武器","763","鬼包丁","可偷物品","米诺陶洛斯女士","鬼菜刀"
"181","ミズタウロス","物品","342","ミルク","可偷食材","米诺陶洛斯女士","牛奶"
"181","ミズタウロス","物品","213","猛牛の蹄","可偷素材","米诺陶洛斯女士","猛牛的蹄"
"181","ミズタウロス","防具","1878","マジカルアゲハのパンツ","可偷内裤","米诺陶洛斯女士","魔法凤蝶的内裤"
"181","ミズタウロス","物品","1181","ミズタウロスのミルク","可偷牛奶","米诺陶洛斯女士","米诺陶洛斯女士的乳汁"
"182","ジニタウロス","物品","378","すきやき","掉落","技师米诺陶洛斯","寿喜烧"
"182","ジニタウロス","物品","213","猛牛の蹄","掉落","技师米诺陶洛斯","猛牛的蹄"
"182","ジニタウロス","武器","899","デザートイーグル","掉落","技师米诺陶洛斯","沙漠之鹰"
"182","ジニタウロス","物品","14","目薬","可偷物品","技师米诺陶洛斯","眼药水"
"182","ジニタウロス","防具","1013","波動のタトゥー","可偷物品","技师米诺陶洛斯","波动纹身"
"182","ジニタウロス","物品","375","目玉焼き","可偷食材","技师米诺陶洛斯","荷包蛋"
"182","ジニタウロス","物品","213","猛牛の蹄","可偷素材","技师米诺陶洛斯","猛牛的蹄"
"182","ジニタウロス","防具","1879","マジカルフライのパンツ","可偷内裤","技师米诺陶洛斯","魔法飞蛾的内裤"
"182","ジニタウロス","物品","1182","ジニタウロスのミルク","可偷牛奶","技师米诺陶洛斯","技师米诺陶洛斯的乳汁"
"183","斉天大聖","物品","8","バーストドリンク","掉落","齐天大圣","爆发饮料"
"183","斉天大聖","物品","203","式紙","掉落","齐天大圣","式纸"
"183","斉天大聖","防具","1310","棍の秘伝書","掉落","齐天大圣","棍之秘传书"
"183","斉天大聖","物品","8","バーストドリンク","可偷物品","齐天大圣","爆发饮料"
"183","斉天大聖","防具","1084","天下無双の黒帯","可偷物品","齐天大圣","天下无双的黑带"
"183","斉天大聖","物品","305","バナナ","可偷食材","齐天大圣","香蕉"
"183","斉天大聖","物品","250","神代紙","可偷素材","齐天大圣","神代纸"
"183","斉天大聖","防具","1971","くのいちアラクネのパンツ","可偷内裤","齐天大圣","女忍阿拉克涅的内裤"
"183","斉天大聖","物品","1183","斉天大聖のミルク","可偷牛奶","齐天大圣","齐天大圣的乳汁"
"184","牛魔王","物品","26","力の種","掉落","牛魔王","力量之种"
"184","牛魔王","物品","213","猛牛の蹄","掉落","牛魔王","猛牛的蹄"
"184","牛魔王","防具","1067","鼓動の指輪","掉落","牛魔王","脉动之戒"
"184","牛魔王","防具","1880","マジカルテントウのパンツ","可偷内裤","牛魔王","魔法瓢虫的内裤"
"184","牛魔王","物品","1184","牛魔王のミルク","可偷牛奶","牛魔王","牛魔王的乳汁"
"185","くのいちエルフ","物品","103","クリスタルの手裏剣","掉落","女忍精灵","水晶制手里剑"
"185","くのいちエルフ","物品","361","おにぎり","掉落","女忍精灵","饭团"
"185","くのいちエルフ","物品","187","涙の宝石","掉落","女忍精灵","泪之宝石"
"185","くのいちエルフ","物品","101","手裏剣","可偷物品","女忍精灵","手里剑"
"185","くのいちエルフ","防具","1452","ストップの印","可偷物品","女忍精灵","停止之印"
"185","くのいちエルフ","物品","361","おにぎり","可偷食材","女忍精灵","饭团"
"185","くのいちエルフ","物品","187","涙の宝石","可偷素材","女忍精灵","泪之宝石"
"185","くのいちエルフ","防具","1871","牛魔王のパンツ","可偷内裤","女忍精灵","牛魔王的内裤"
"185","くのいちエルフ","物品","1185","くのいちエルフのミルク","可偷牛奶","女忍精灵","女忍精灵的乳汁"
"186","サムライエルフ","物品","411","かしわもち","掉落","武士精灵","柏饼"
"186","サムライエルフ","物品","187","涙の宝石","掉落","武士精灵","泪之宝石"
"186","サムライエルフ","防具","76","紅武者の鎧","掉落","武士精灵","红武士之铠"
"186","サムライエルフ","物品","8","バーストドリンク","可偷物品","武士精灵","爆发饮料"
"186","サムライエルフ","防具","31","アイアンプレート","可偷物品","武士精灵","铁胸甲"
"186","サムライエルフ","物品","329","肉","可偷食材","武士精灵","肉"
"186","サムライエルフ","物品","187","涙の宝石","可偷素材","武士精灵","泪之宝石"
"186","サムライエルフ","防具","1872","くのいちエルフのふんどし","可偷内裤","武士精灵","女忍精灵的兜裆布"
"186","サムライエルフ","物品","1186","サムライエルフのミルク","可偷牛奶","武士精灵","武士精灵的乳汁"
"187","雪女","物品","2","高級薬草","掉落","雪女","高级药草"
"187","雪女","物品","210","妖怪の髪","掉落","雪女","妖怪的头发"
"187","雪女","物品","56","蒼氷石","掉落","雪女","苍冰石"
"187","雪女","物品","2","高級薬草","可偷物品","雪女","高级药草"
"187","雪女","防具","1497","氷のペンダント","可偷物品","雪女","冰之吊坠"
"187","雪女","物品","424","アイスクリーム","可偷食材","雪女","冰淇淋"
"187","雪女","物品","56","蒼氷石","可偷素材","雪女","苍冰石"
"187","雪女","防具","1870","ジニタウロスパンツ","可偷内裤","雪女","技师米诺陶洛斯内裤"
"187","雪女","物品","1187","雪女のミルク","可偷牛奶","雪女","雪女的乳汁"
"188","ねこまた","物品","334","かつおぶし","掉落","猫又","鲣鱼干"
"188","ねこまた","物品","206","猫のヒゲ","掉落","猫又","猫的胡须"
"188","ねこまた","物品","60","黄雷石","掉落","猫又","黄雷石"
"188","ねこまた","物品","334","かつおぶし","可偷物品","猫又","鲣鱼干"
"188","ねこまた","武器","309","ビーストクロウ","可偷物品","猫又","兽之爪"
"188","ねこまた","物品","334","かつおぶし","可偷食材","猫又","鲣鱼干"
"188","ねこまた","物品","206","猫のヒゲ","可偷素材","猫又","猫的胡须"
"188","ねこまた","物品","1188","ねこまたのミルク","可偷牛奶","猫又","猫又的乳汁"
"189","あかなめ","物品","2","高級薬草","掉落","垢舐鬼","高级药草"
"189","あかなめ","物品","408","おだんご","掉落","垢舐鬼","团子"
"189","あかなめ","物品","210","妖怪の髪","掉落","垢舐鬼","妖怪的头发"
"189","あかなめ","物品","2","高級薬草","可偷物品","垢舐鬼","高级药草"
"189","あかなめ","防具","1467","スタンの印","可偷物品","垢舐鬼","眩晕之印"
"189","あかなめ","物品","408","おだんご","可偷食材","垢舐鬼","团子"
"189","あかなめ","物品","210","妖怪の髪","可偷素材","垢舐鬼","妖怪的头发"
"189","あかなめ","防具","1874","雪女のパンツ","可偷内裤","垢舐鬼","雪女的内裤"
"189","あかなめ","物品","1189","あかなめのミルク","可偷牛奶","垢舐鬼","垢舐鬼的乳汁"
"190","河童","物品","306","きゅうり","掉落","河童","黄瓜"
"190","河童","物品","212","河童の皿","掉落","河童","河童之盘"
"190","河童","物品","72","青水石","掉落","河童","青水石"
"190","河童","物品","212","河童の皿","可偷物品","河童","河童之盘"
"190","河童","防具","1513","水のペンダント","可偷物品","河童","水之吊坠"
"190","河童","物品","306","きゅうり","可偷食材","河童","黄瓜"
"190","河童","物品","212","河童の皿","可偷素材","河童","河童之盘"
"190","河童","物品","1190","河童のミルク","可偷牛奶","河童","河童的乳汁"
"191","二口娘","物品","361","おにぎり","掉落","二口娘","饭团"
"191","二口娘","物品","408","おだんご","掉落","二口娘","团子"
"191","二口娘","物品","368","お寿司","掉落","二口娘","寿司"
"191","二口娘","物品","361","おにぎり","可偷物品","二口娘","饭团"
"191","二口娘","物品","425","パフェ","可偷物品","二口娘","芭菲"
"191","二口娘","物品","410","三色だんご","可偷食材","二口娘","三色团子"
"191","二口娘","物品","210","妖怪の髪","可偷素材","二口娘","妖怪的头发"
"191","二口娘","防具","1881","マジカルピクシーのパンツ","可偷内裤","二口娘","魔法皮克西的内裤"
"191","二口娘","物品","1191","二口娘のミルク","可偷牛奶","二口娘","二口娘的乳汁"
"192","白蛇様","物品","29","精神の種","掉落","白蛇大人","精神之种"
"192","白蛇様","物品","211","魔性の蛇尾","掉落","白蛇大人","魔性的蛇尾"
"192","白蛇様","物品","76","白聖石","掉落","白蛇大人","白圣石"
"192","白蛇様","物品","1192","白蛇様のミルク","可偷牛奶","白蛇大人","白蛇大人的乳汁"
"193","巫女ラミア","物品","211","魔性の蛇尾","掉落","巫女拉米亚","魔性的蛇尾"
"193","巫女ラミア","物品","76","白聖石","掉落","巫女拉米亚","白圣石"
"193","巫女ラミア","防具","12","祝福の巫女服","掉落","巫女拉米亚","祝福的巫女服"
"193","巫女ラミア","物品","76","白聖石","可偷物品","巫女拉米亚","白圣石"
"193","巫女ラミア","防具","1174","生け贄の松明","可偷物品","巫女拉米亚","祭品的火把"
"193","巫女ラミア","物品","332","豆腐","可偷食材","巫女拉米亚","豆腐"
"193","巫女ラミア","物品","211","魔性の蛇尾","可偷素材","巫女拉米亚","魔性的蛇尾"
"193","巫女ラミア","物品","1193","巫女ラミアのミルク","可偷牛奶","巫女拉米亚","巫女拉米亚的乳汁"
"194","巫女アラクネ","物品","410","三色だんご","掉落","巫女阿拉克涅","三色团子"
"194","巫女アラクネ","物品","175","蜘蛛の糸","掉落","巫女阿拉克涅","蜘蛛之丝"
"194","巫女アラクネ","防具","12","祝福の巫女服","掉落","巫女阿拉克涅","祝福的巫女服"
"194","巫女アラクネ","物品","5","エルフの霊薬","可偷物品","巫女阿拉克涅","精灵的灵药"
"194","巫女アラクネ","防具","1567","スロウガード","可偷物品","巫女阿拉克涅","减速防护"
"194","巫女アラクネ","物品","408","おだんご","可偷食材","巫女阿拉克涅","团子"
"194","巫女アラクネ","物品","175","蜘蛛の糸","可偷素材","巫女阿拉克涅","蜘蛛之丝"
"194","巫女アラクネ","物品","1194","巫女アラクネのミルク","可偷牛奶","巫女阿拉克涅","巫女阿拉克涅的乳汁"
"195","毛倡妓","物品","2","高級薬草","掉落","毛倡妓","高级药草"
"195","毛倡妓","物品","210","妖怪の髪","掉落","毛倡妓","妖怪的头发"
"195","毛倡妓","武器","244","同田貫","掉落","毛倡妓","同田贯"
"195","毛倡妓","物品","2","高級薬草","可偷物品","毛倡妓","高级药草"
"195","毛倡妓","防具","1425","暗闇の印","可偷物品","毛倡妓","黑暗之印"
"195","毛倡妓","物品","383","焼き魚","可偷食材","毛倡妓","烤鱼"
"195","毛倡妓","物品","210","妖怪の髪","可偷素材","毛倡妓","妖怪的头发"
"195","毛倡妓","防具","1875","あかなめパンツ","可偷内裤","毛倡妓","垢舐鬼的内裤"
"195","毛倡妓","物品","1195","毛倡妓のミルク","可偷牛奶","毛倡妓","毛倡妓的乳汁"
"196","ヤマタノオロチ","物品","9","エリクサー","掉落","八岐大蛇","圣灵药"
"196","ヤマタノオロチ","物品","25","不思議な木の実","掉落","八岐大蛇","不可思议之果"
"196","ヤマタノオロチ","物品","211","魔性の蛇尾","掉落","八岐大蛇","魔性的蛇尾"
"196","ヤマタノオロチ","物品","1196","ヤマタノオロチのミルク","可偷牛奶","八岐大蛇","八岐大蛇的乳汁"
"197","マジカルアゲハ","物品","343","パン","掉落","魔法凤蝶","面包"
"197","マジカルアゲハ","物品","207","マジカル鱗粉","掉落","魔法凤蝶","魔法鳞粉"
"197","マジカルアゲハ","物品","64","緑風石","掉落","魔法凤蝶","绿风石"
"197","マジカルアゲハ","物品","64","緑風石","可偷物品","魔法凤蝶","绿风石"
"197","マジカルアゲハ","防具","1211","バイオシンボル","可偷物品","魔法凤蝶","生化符号"
"197","マジカルアゲハ","物品","343","パン","可偷食材","魔法凤蝶","面包"
"197","マジカルアゲハ","物品","207","マジカル鱗粉","可偷素材","魔法凤蝶","魔法鳞粉"
"197","マジカルアゲハ","防具","1864","デュラハンのパンツ","可偷内裤","魔法凤蝶","杜拉罕的内裤"
"197","マジカルアゲハ","物品","1197","マジカルアゲハのミルク","可偷牛奶","魔法凤蝶","魔法凤蝶的乳汁"
"198","マジカルフライ","物品","344","ノアパン","掉落","魔法飞蛾","诺亚长棍面包"
"198","マジカルフライ","物品","207","マジカル鱗粉","掉落","魔法飞蛾","魔法鳞粉"
"198","マジカルフライ","物品","68","橙土石","掉落","魔法飞蛾","橙土石"
"198","マジカルフライ","物品","68","橙土石","可偷物品","魔法飞蛾","橙土石"
"198","マジカルフライ","武器","874","精霊の書","可偷物品","魔法飞蛾","精灵之书"
"198","マジカルフライ","物品","344","ノアパン","可偷食材","魔法飞蛾","诺亚长棍面包"
"198","マジカルフライ","物品","207","マジカル鱗粉","可偷素材","魔法飞蛾","魔法鳞粉"
"198","マジカルフライ","防具","1865","アルマエルマのパンツ","可偷内裤","魔法飞蛾","阿露艾露玛的内裤"
"198","マジカルフライ","物品","1198","マジカルフライのミルク","可偷牛奶","魔法飞蛾","魔法飞蛾的乳汁"
"199","マジカルテントウ","物品","435","アメ玉","掉落","魔法瓢虫","糖球"
"199","マジカルテントウ","物品","207","マジカル鱗粉","掉落","魔法瓢虫","魔法鳞粉"
"199","マジカルテントウ","物品","72","青水石","掉落","魔法瓢虫","青水石"
"199","マジカルテントウ","物品","72","青水石","可偷物品","魔法瓢虫","青水石"
"199","マジカルテントウ","防具","1437","麻痺の印","可偷物品","魔法瓢虫","麻痹之印"
"199","マジカルテントウ","物品","406","あんまん","可偷食材","魔法瓢虫","豆沙包"
"199","マジカルテントウ","物品","207","マジカル鱗粉","可偷素材","魔法瓢虫","魔法鳞粉"
"199","マジカルテントウ","防具","1866","グランベリアのパンツ","可偷内裤","魔法瓢虫","古兰贝莉娅的内裤"
"199","マジカルテントウ","物品","1199","マジカルテントウのミルク","可偷牛奶","魔法瓢虫","魔法瓢虫的乳汁"
"200","マジカルピクシー","物品","18","打出の小槌","掉落","魔法皮克西","打出的小槌"
"200","マジカルピクシー","物品","208","マジカルエキス","掉落","魔法皮克西","魔法精华"
"200","マジカルピクシー","物品","52","紅炎石","掉落","魔法皮克西","红炎石"
"200","マジカルピクシー","物品","18","打出の小槌","可偷物品","魔法皮克西","打出的小槌"
"200","マジカルピクシー","武器","636","妖精のハープ","可偷物品","魔法皮克西","妖精的竖琴"
"200","マジカルピクシー","物品","424","アイスクリーム","可偷食材","魔法皮克西","冰淇淋"
"200","マジカルピクシー","物品","208","マジカルエキス","可偷素材","魔法皮克西","魔法精华"
"200","マジカルピクシー","防具","1867","斉天大聖のふんどし","可偷内裤","魔法皮克西","齐天大圣的兜裆布"
"200","マジカルピクシー","物品","1200","マジカルピクシーのミルク","可偷牛奶","魔法皮克西","魔法皮克西的乳汁"
"201","マジカルエルフ","物品","208","マジカルエキス","掉落","魔法精灵","魔法精华"
"201","マジカルエルフ","物品","60","黄雷石","掉落","魔法精灵","黄雷石"
"201","マジカルエルフ","物品","5","エルフの霊薬","掉落","魔法精灵","精灵的灵药"
"201","マジカルエルフ","物品","5","エルフの霊薬","可偷物品","魔法精灵","精灵的灵药"
"201","マジカルエルフ","防具","1446","ショックの印","可偷物品","魔法精灵","电击之印"
"201","マジカルエルフ","物品","349","やきそばパン","可偷食材","魔法精灵","炒面面包"
"201","マジカルエルフ","物品","208","マジカルエキス","可偷素材","魔法精灵","魔法精华"
"201","マジカルエルフ","防具","1868","ハイミノタウロスパンツ","可偷内裤","魔法精灵","高阶米诺陶洛斯内裤"
"201","マジカルエルフ","物品","1201","マジカルエルフのミルク","可偷牛奶","魔法精灵","魔法精灵的乳汁"
"202","マジカルサキュバス","物品","21","脱淫薬","掉落","魔法魅魔","脱淫药"
"202","マジカルサキュバス","物品","208","マジカルエキス","掉落","魔法魅魔","魔法精华"
"202","マジカルサキュバス","物品","56","蒼氷石","掉落","魔法魅魔","苍冰石"
"202","マジカルサキュバス","物品","56","蒼氷石","可偷物品","魔法魅魔","苍冰石"
"202","マジカルサキュバス","防具","1443","フリーズの印","可偷物品","魔法魅魔","冻结之印"
"202","マジカルサキュバス","物品","348","メロンパン","可偷食材","魔法魅魔","蜜瓜包"
"202","マジカルサキュバス","物品","208","マジカルエキス","可偷素材","魔法魅魔","魔法精华"
"202","マジカルサキュバス","物品","1202","マジカルサキュバスのミルク","可偷牛奶","魔法魅魔","魔法魅魔的乳汁"
"203","メフィスト","物品","28","魔力の種","掉落","梅菲斯特","魔力之种"
"203","メフィスト","物品","208","マジカルエキス","掉落","梅菲斯特","魔法精华"
"203","メフィスト","防具","1116","リフレクトリング","掉落","梅菲斯特","反射手环"
"203","メフィスト","防具","1869","ミズタウロスパンツ","可偷内裤","梅菲斯特","米诺陶洛斯女士内裤"
"203","メフィスト","物品","1203","メフィストのミルク","可偷牛奶","梅菲斯特","梅菲斯特的乳汁"
"204","カマキリ娘","物品","2","高級薬草","掉落","螳螂娘","高级药草"
"204","カマキリ娘","物品","214","魔虫の羽根","掉落","螳螂娘","魔虫之羽"
"204","カマキリ娘","物品","448","カブトムシ","掉落","螳螂娘","独角仙"
"204","カマキリ娘","物品","2","高級薬草","可偷物品","螳螂娘","高级药草"
"204","カマキリ娘","物品","30","素早さの種","可偷物品","螳螂娘","敏捷之种"
"204","カマキリ娘","物品","448","カブトムシ","可偷食材","螳螂娘","独角仙"
"204","カマキリ娘","物品","214","魔虫の羽根","可偷素材","螳螂娘","魔虫之羽"
"204","カマキリ娘","物品","1204","カマキリ娘のミルク","可偷牛奶","螳螂娘","螳螂娘的乳汁"
"205","カイコ娘","物品","21","脱淫薬","掉落","蚕娘","脱淫药"
"205","カイコ娘","物品","214","魔虫の羽根","掉落","蚕娘","魔虫之羽"
"205","カイコ娘","物品","56","蒼氷石","掉落","蚕娘","苍冰石"
"205","カイコ娘","物品","21","脱淫薬","可偷物品","蚕娘","脱淫药"
"205","カイコ娘","防具","1476","恍惚の印","可偷物品","蚕娘","恍惚之印"
"205","カイコ娘","物品","308","はくさい","可偷食材","蚕娘","白菜"
"205","カイコ娘","物品","214","魔虫の羽根","可偷素材","蚕娘","魔虫之羽"
"205","カイコ娘","物品","1205","カイコ娘のミルク","可偷牛奶","蚕娘","蚕娘的乳汁"
"206","アルラ・アルム","物品","216","不思議な葉っぱ","掉落","阿娜・阿尔姆","不可思议的叶子"
"206","アルラ・アルム","物品","60","黄雷石","掉落","阿娜・阿尔姆","黄雷石"
"206","アルラ・アルム","物品","3","究極薬草","掉落","阿娜・阿尔姆","究极药草"
"206","アルラ・アルム","物品","3","究極薬草","可偷物品","阿娜・阿尔姆","究极药草"
"206","アルラ・アルム","物品","60","黄雷石","可偷物品","阿娜・阿尔姆","黄雷石"
"206","アルラ・アルム","物品","307","キャベツ","可偷食材","阿娜・阿尔姆","卷心菜"
"206","アルラ・アルム","物品","216","不思議な葉っぱ","可偷素材","阿娜・阿尔姆","不可思议的叶子"
"206","アルラ・アルム","物品","1206","アルラ・アルムのミルク","可偷牛奶","阿娜・阿尔姆","阿娜・阿尔姆的乳汁"
"207","アルラ・ルーティー","物品","312","大根","掉落","阿娜・鲁蒂","白萝卜"
"207","アルラ・ルーティー","物品","8","バーストドリンク","掉落","阿娜・鲁蒂","爆发饮料"
"207","アルラ・ルーティー","物品","216","不思議な葉っぱ","掉落","阿娜・鲁蒂","不可思议的叶子"
"207","アルラ・ルーティー","物品","8","バーストドリンク","可偷物品","阿娜・鲁蒂","爆发饮料"
"207","アルラ・ルーティー","防具","1428","沈黙の印","可偷物品","阿娜・鲁蒂","沉默之印"
"207","アルラ・ルーティー","物品","312","大根","可偷食材","阿娜・鲁蒂","白萝卜"
"207","アルラ・ルーティー","物品","216","不思議な葉っぱ","可偷素材","阿娜・鲁蒂","不可思议的叶子"
"207","アルラ・ルーティー","物品","1207","アルラ・ルーティーのミルク","可偷牛奶","阿娜・鲁蒂","阿娜・鲁蒂的乳汁"
"208","アルラ・ボア","物品","14","目薬","掉落","阿娜・吞噬藤","眼药水"
"208","アルラ・ボア","物品","216","不思議な葉っぱ","掉落","阿娜・吞噬藤","不可思议的叶子"
"208","アルラ・ボア","物品","56","蒼氷石","掉落","阿娜・吞噬藤","苍冰石"
"208","アルラ・ボア","物品","14","目薬","可偷物品","阿娜・吞噬藤","眼药水"
"208","アルラ・ボア","防具","1464","消化の印","可偷物品","阿娜・吞噬藤","消化之印"
"208","アルラ・ボア","物品","329","肉","可偷食材","阿娜・吞噬藤","肉"
"208","アルラ・ボア","物品","216","不思議な葉っぱ","可偷素材","阿娜・吞噬藤","不可思议的叶子"
"208","アルラ・ボア","物品","1208","アルラ・ボアのミルク","可偷牛奶","阿娜・吞噬藤","阿娜・吞噬藤的乳汁"
"209","アルラ・パラソル","物品","17","満月草","掉落","阿娜・伞菌","满月草"
"209","アルラ・パラソル","物品","443","毒キノコ","掉落","阿娜・伞菌","毒蘑菇"
"209","アルラ・パラソル","物品","216","不思議な葉っぱ","掉落","阿娜・伞菌","不可思议的叶子"
"209","アルラ・パラソル","物品","17","満月草","可偷物品","阿娜・伞菌","满月草"
"209","アルラ・パラソル","防具","1437","麻痺の印","可偷物品","阿娜・伞菌","麻痹之印"
"209","アルラ・パラソル","物品","443","毒キノコ","可偷食材","阿娜・伞菌","毒蘑菇"
"209","アルラ・パラソル","物品","216","不思議な葉っぱ","可偷素材","阿娜・伞菌","不可思议的叶子"
"209","アルラ・パラソル","物品","1209","アルラ・パラソルのミルク","可偷牛奶","阿娜・伞菌","阿娜・伞菌的乳汁"
"210","アルラ・プリズン","物品","21","脱淫薬","掉落","阿娜・囚笼花","脱淫药"
"210","アルラ・プリズン","物品","216","不思議な葉っぱ","掉落","阿娜・囚笼花","不可思议的叶子"
"210","アルラ・プリズン","物品","52","紅炎石","掉落","阿娜・囚笼花","红炎石"
"210","アルラ・プリズン","物品","21","脱淫薬","可偷物品","阿娜・囚笼花","脱淫药"
"210","アルラ・プリズン","防具","1529","バイオペンダント","可偷物品","阿娜・囚笼花","生化吊坠"
"210","アルラ・プリズン","物品","314","ピーマン","可偷食材","阿娜・囚笼花","青椒"
"210","アルラ・プリズン","物品","216","不思議な葉っぱ","可偷素材","阿娜・囚笼花","不可思议的叶子"
"210","アルラ・プリズン","物品","1210","アルラ・プリズンのミルク","可偷牛奶","阿娜・囚笼花","阿娜・囚笼花的乳汁"
"211","アルラ・マッシュ","物品","16","気付け薬","掉落","阿娜・菌菇","提神药"
"211","アルラ・マッシュ","物品","318","しいたけ","掉落","阿娜・菌菇","香菇"
"211","アルラ・マッシュ","物品","216","不思議な葉っぱ","掉落","阿娜・菌菇","不可思议的叶子"
"211","アルラ・マッシュ","物品","16","気付け薬","可偷物品","阿娜・菌菇","提神药"
"211","アルラ・マッシュ","防具","1446","ショックの印","可偷物品","阿娜・菌菇","电击之印"
"211","アルラ・マッシュ","物品","318","しいたけ","可偷食材","阿娜・菌菇","香菇"
"211","アルラ・マッシュ","物品","216","不思議な葉っぱ","可偷素材","阿娜・菌菇","不可思议的叶子"
"211","アルラ・マッシュ","物品","1211","アルラ・マッシュのミルク","可偷牛奶","阿娜・菌菇","阿娜・菌菇的乳汁"
"212","ドローシー","物品","22","万能薬","掉落","多萝西","万能药"
"212","ドローシー","物品","31","器用さの種","掉落","多萝西","灵巧之种"
"212","ドローシー","物品","232","艶めかしい花びら","掉落","多萝西","艳丽的花瓣"
"212","ドローシー","物品","1212","ドローシーのミルク","可偷牛奶","多萝西","多萝西的乳汁"
"213","ラフィ","物品","25","不思議な木の実","掉落","拉菲","不可思议之果"
"213","ラフィ","物品","232","艶めかしい花びら","掉落","拉菲","艳丽的花瓣"
"213","ラフィ","防具","1465","消化の秘印","掉落","拉菲","消化秘印"
"213","ラフィ","物品","1213","ラフィのミルク","可偷牛奶","拉菲","拉菲的乳汁"
"214","ディーナ","物品","9","エリクサー","掉落","迪娜","圣灵药"
"214","ディーナ","物品","24","命の木の実","掉落","迪娜","生命之果"
"214","ディーナ","物品","232","艶めかしい花びら","掉落","迪娜","艳丽的花瓣"
"214","ディーナ","物品","1214","ディーナのミルク","可偷牛奶","迪娜","迪娜的乳汁"
"215","アルラ・プリエステス","物品","9","エリクサー","掉落","阿娜-普莉艾丝缇丝","圣灵药"
"215","アルラ・プリエステス","物品","29","精神の種","掉落","阿娜-普莉艾丝缇丝","精神之种"
"215","アルラ・プリエステス","物品","216","不思議な葉っぱ","掉落","阿娜-普莉艾丝缇丝","不可思议的叶子"
"215","アルラ・プリエステス","物品","1215","アルラ・プリエステスのミルク","可偷牛奶","阿娜-普莉艾丝缇丝","阿娜-普莉艾丝缇丝的乳汁"
"216","モス娘","物品","17","満月草","掉落","蛾娘","满月草"
"216","モス娘","物品","214","魔虫の羽根","掉落","蛾娘","魔虫之羽"
"216","モス娘","物品","68","橙土石","掉落","蛾娘","橙土石"
"216","モス娘","物品","17","満月草","可偷物品","蛾娘","满月草"
"216","モス娘","防具","1437","麻痺の印","可偷物品","蛾娘","麻痹之印"
"216","モス娘","物品","336","あんこ","可偷食材","蛾娘","豆沙"
"216","モス娘","物品","214","魔虫の羽根","可偷素材","蛾娘","魔虫之羽"
"216","モス娘","物品","1216","モス娘のミルク","可偷牛奶","蛾娘","蛾娘的乳汁"
"217","モスキート娘","物品","2","高級薬草","掉落","蚊子娘","高级药草"
"217","モスキート娘","物品","337","イチゴジャム","掉落","蚊子娘","草莓酱"
"217","モスキート娘","物品","214","魔虫の羽根","掉落","蚊子娘","魔虫之羽"
"217","モスキート娘","物品","2","高級薬草","可偷物品","蚊子娘","高级药草"
"217","モスキート娘","防具","1107","燃える魂","可偷物品","蚊子娘","燃烧的灵魂"
"217","モスキート娘","物品","337","イチゴジャム","可偷食材","蚊子娘","草莓酱"
"217","モスキート娘","物品","214","魔虫の羽根","可偷素材","蚊子娘","魔虫之羽"
"217","モスキート娘","物品","1217","モスキート娘のミルク","可偷牛奶","蚊子娘","蚊子娘的乳汁"
"218","イモムシ娘","物品","1","薬草","掉落","毛毛虫娘","药草"
"218","イモムシ娘","物品","302","みかん","掉落","毛毛虫娘","橘子"
"218","イモムシ娘","物品","303","ぶどう","掉落","毛毛虫娘","葡萄"
"218","イモムシ娘","物品","1","薬草","可偷物品","毛毛虫娘","药草"
"218","イモムシ娘","防具","1688","幸せの靴","可偷物品","毛毛虫娘","幸运的鞋子"
"218","イモムシ娘","物品","302","みかん","可偷食材","毛毛虫娘","橘子"
"218","イモムシ娘","物品","64","緑風石","可偷素材","毛毛虫娘","绿风石"
"218","イモムシ娘","物品","1218","イモムシ娘のミルク","可偷牛奶","毛毛虫娘","毛毛虫娘的乳汁"
"219","スズメバチ娘","物品","13","毒消し草","掉落","胡蜂娘","解毒草"
"219","スズメバチ娘","物品","436","ハチミツ","掉落","胡蜂娘","蜂蜜"
"219","スズメバチ娘","物品","217","猛毒の針","掉落","胡蜂娘","猛毒的针"
"219","スズメバチ娘","物品","13","毒消し草","可偷物品","胡蜂娘","解毒草"
"219","スズメバチ娘","物品","436","ハチミツ","可偷物品","胡蜂娘","蜂蜜"
"219","スズメバチ娘","物品","436","ハチミツ","可偷食材","胡蜂娘","蜂蜜"
"219","スズメバチ娘","物品","217","猛毒の針","可偷素材","胡蜂娘","猛毒的针"
"219","スズメバチ娘","物品","1219","スズメバチ娘のミルク","可偷牛奶","胡蜂娘","胡蜂娘的乳汁"
"220","クィーン・ビー","物品","27","守りの種","掉落","蜂后","守护之种"
"220","クィーン・ビー","物品","217","猛毒の針","掉落","蜂后","猛毒的针"
"220","クィーン・ビー","防具","1422","毒の印","掉落","蜂后","毒之印"
"220","クィーン・ビー","物品","1220","クィーン・ビーのミルク","可偷牛奶","蜂后","蜂后的乳汁"
"221","テスカトリポカ","物品","206","猫のヒゲ","掉落","特斯卡特利波卡","猫的胡须"
"221","テスカトリポカ","物品","5","エルフの霊薬","掉落","特斯卡特利波卡","精灵的灵药"
"221","テスカトリポカ","武器","637","ねこまたのハープ","掉落","特斯卡特利波卡","猫又的竖琴"
"221","テスカトリポカ","物品","6","イリアスの霊薬","可偷物品","特斯卡特利波卡","伊莉娅丝的灵药"
"221","テスカトリポカ","防具","1695","バステトの鈴","可偷物品","特斯卡特利波卡","芭丝特的铃铛"
"221","テスカトリポカ","物品","374","ねこごはん","可偷食材","特斯卡特利波卡","猫饭"
"221","テスカトリポカ","物品","251","妖艶なる尻尾","可偷素材","特斯卡特利波卡","妖艳的尾巴"
"221","テスカトリポカ","物品","1221","テスカポリトカのミルク","可偷牛奶","特斯卡特利波卡","特斯卡波利托卡的乳汁"
"222","ケツァルコァトル","物品","2","高級薬草","掉落","羽蛇神","高级药草"
"222","ケツァルコァトル","物品","192","不思議な羽根","掉落","羽蛇神","不可思议的羽毛"
"222","ケツァルコァトル","物品","29","精神の種","掉落","羽蛇神","精神之种"
"222","ケツァルコァトル","物品","3","究極薬草","可偷物品","羽蛇神","究极药草"
"222","ケツァルコァトル","防具","1251","雷の極意書","可偷物品","羽蛇神","雷之极意书"
"222","ケツァルコァトル","物品","383","焼き魚","可偷食材","羽蛇神","烤鱼"
"222","ケツァルコァトル","物品","251","妖艶なる尻尾","可偷素材","羽蛇神","妖艳的尾巴"
"222","ケツァルコァトル","物品","1222","ケツァルクコァトルのミルク","可偷牛奶","羽蛇神","羽蛇神的乳汁"
"223","グノーシス","物品","29","精神の種","掉落","格诺西丝","精神之种"
"223","グノーシス","物品","241","天使の羽根","掉落","格诺西丝","天使的羽毛"
"223","グノーシス","防具","1033","エナジーロザリオ","掉落","格诺西丝","能量念珠"
"223","グノーシス","物品","1223","グノーシスのミルク","可偷牛奶","格诺西丝","格诺西丝的乳汁"
"224","シオン","物品","27","守りの種","掉落","锡安","守护之种"
"224","シオン","物品","241","天使の羽根","掉落","锡安","天使的羽毛"
"224","シオン","防具","1123","蘇生の宝玉","掉落","锡安","复活之宝玉"
"224","シオン","防具","1944","エクスキューショナーのパンツ","可偷内裤","锡安","艾斯丘雪娜的内裤"
"224","シオン","物品","1224","シオンのミルク","可偷牛奶","锡安","锡安的乳汁"
"225","ジェリー娘","物品","4","霊薬","掉落","果冻娘","灵药"
"225","ジェリー娘","物品","218","ぐにゅぐにゅゼリー","掉落","果冻娘","咕啾咕啾的果冻"
"225","ジェリー娘","物品","72","青水石","掉落","果冻娘","青水石"
"225","ジェリー娘","物品","4","霊薬","可偷物品","果冻娘","灵药"
"225","ジェリー娘","防具","1114","ヘビィリング","可偷物品","果冻娘","重戒"
"225","ジェリー娘","物品","423","プリン","可偷食材","果冻娘","布丁"
"225","ジェリー娘","物品","218","ぐにゅぐにゅゼリー","可偷素材","果冻娘","咕啾咕啾的果冻"
"225","ジェリー娘","物品","1225","ジェリー娘のミルク","可偷牛奶","果冻娘","果冻娘的乳汁"
"226","ブロブ娘","物品","329","肉","掉落","粘体娘","肉"
"226","ブロブ娘","物品","8","バーストドリンク","掉落","粘体娘","爆发饮料"
"226","ブロブ娘","物品","218","ぐにゅぐにゅゼリー","掉落","粘体娘","咕啾咕啾的果冻"
"226","ブロブ娘","物品","8","バーストドリンク","可偷物品","粘体娘","爆发饮料"
"226","ブロブ娘","防具","1176","ブロブコア","可偷物品","粘体娘","布洛布核心"
"226","ブロブ娘","物品","329","肉","可偷食材","粘体娘","肉"
"226","ブロブ娘","物品","218","ぐにゅぐにゅゼリー","可偷素材","粘体娘","咕啾咕啾的果冻"
"226","ブロブ娘","物品","1226","ブロブ娘のミルク","可偷牛奶","粘体娘","粘体娘的乳汁"
"227","グリーンスライム","物品","2","高級薬草","掉落","绿史莱姆","高级药草"
"227","グリーンスライム","物品","218","ぐにゅぐにゅゼリー","掉落","绿史莱姆","咕啾咕啾的果冻"
"227","グリーンスライム","物品","64","緑風石","掉落","绿史莱姆","绿风石"
"227","グリーンスライム","物品","64","緑風石","可偷物品","绿史莱姆","绿风石"
"227","グリーンスライム","物品","218","ぐにゅぐにゅゼリー","可偷物品","绿史莱姆","咕啾咕啾的果冻"
"227","グリーンスライム","物品","414","チョコレート","可偷食材","绿史莱姆","巧克力"
"227","グリーンスライム","物品","218","ぐにゅぐにゅゼリー","可偷素材","绿史莱姆","咕啾咕啾的果冻"
"227","グリーンスライム","物品","1227","グリーンスライムのミルク","可偷牛奶","绿史莱姆","绿史莱姆的乳汁"
"228","レッドスライム","物品","8","バーストドリンク","掉落","红史莱姆","爆发饮料"
"228","レッドスライム","物品","218","ぐにゅぐにゅゼリー","掉落","红史莱姆","咕啾咕啾的果冻"
"228","レッドスライム","物品","52","紅炎石","掉落","红史莱姆","红炎石"
"228","レッドスライム","物品","52","紅炎石","可偷物品","红史莱姆","红炎石"
"228","レッドスライム","防具","82","朱雀の鎧","可偷物品","红史莱姆","朱雀之铠"
"228","レッドスライム","物品","417","ケーキ","可偷食材","红史莱姆","蛋糕"
"228","レッドスライム","物品","218","ぐにゅぐにゅゼリー","可偷素材","红史莱姆","咕啾咕啾的果冻"
"228","レッドスライム","物品","1228","レッドスライムのミルク","可偷牛奶","红史莱姆","红史莱姆的乳汁"
"229","ブルースライム","物品","4","霊薬","掉落","蓝史莱姆","灵药"
"229","ブルースライム","物品","218","ぐにゅぐにゅゼリー","掉落","蓝史莱姆","咕啾咕啾的果冻"
"229","ブルースライム","物品","72","青水石","掉落","蓝史莱姆","青水石"
"229","ブルースライム","物品","72","青水石","可偷物品","蓝史莱姆","青水石"
"229","ブルースライム","防具","213","青龍の兜","可偷物品","蓝史莱姆","青龙之盔"
"229","ブルースライム","物品","424","アイスクリーム","可偷食材","蓝史莱姆","冰淇淋"
"229","ブルースライム","物品","218","ぐにゅぐにゅゼリー","可偷素材","蓝史莱姆","咕啾咕啾的果冻"
"229","ブルースライム","物品","1229","ブルースライムのミルク","可偷牛奶","蓝史莱姆","蓝史莱姆的乳汁"
"230","パープルスライム","物品","218","ぐにゅぐにゅゼリー","掉落","紫史莱姆","咕啾咕啾的果冻"
"230","パープルスライム","防具","291","水鏡の盾","掉落","紫史莱姆","水镜盾"
"230","パープルスライム","物品","9","エリクサー","掉落","紫史莱姆","圣灵药"
"230","パープルスライム","物品","2","高級薬草","可偷物品","紫史莱姆","高级药草"
"230","パープルスライム","物品","9","エリクサー","可偷物品","紫史莱姆","圣灵药"
"230","パープルスライム","物品","427","コーヒー","可偷食材","紫史莱姆","咖啡"
"230","パープルスライム","物品","218","ぐにゅぐにゅゼリー","可偷素材","紫史莱姆","咕啾咕啾的果冻"
"230","パープルスライム","物品","1230","パープルスライムのミルク","可偷牛奶","紫史莱姆","紫史莱姆的乳汁"
"231","ウンディーネ","物品","4","霊薬","掉落","温蒂妮","灵药"
"231","ウンディーネ","物品","218","ぐにゅぐにゅゼリー","掉落","温蒂妮","咕啾咕啾的果冻"
"231","ウンディーネ","防具","1101","反射のリング","掉落","温蒂妮","反射之戒指"
"231","ウンディーネ","物品","1231","ウンディーネのミルク","可偷牛奶","温蒂妮","温蒂妮的乳汁"
"232","エルベティエ","物品","24","命の木の実","掉落","艾露贝提耶","生命之果"
"232","エルベティエ","物品","218","ぐにゅぐにゅゼリー","掉落","艾露贝提耶","咕啾咕啾的果冻"
"232","エルベティエ","防具","1376","粘液技の秘伝書","掉落","艾露贝提耶","粘液技之秘传书"
"232","エルベティエ","物品","1232","エルベティエのミルク","可偷牛奶","艾露贝提耶","艾露贝提耶的乳汁"
"233","アリ娘","物品","2","高級薬草","掉落","蚁娘","高级药草"
"233","アリ娘","物品","336","あんこ","掉落","蚁娘","豆沙"
"233","アリ娘","物品","214","魔虫の羽根","掉落","蚁娘","魔虫之羽"
"233","アリ娘","物品","2","高級薬草","可偷物品","蚁娘","高级药草"
"233","アリ娘","物品","214","魔虫の羽根","可偷物品","蚁娘","魔虫之羽"
"233","アリ娘","物品","336","あんこ","可偷食材","蚁娘","豆沙"
"233","アリ娘","物品","214","魔虫の羽根","可偷素材","蚁娘","魔虫之羽"
"233","アリ娘","物品","1233","アリ娘のミルク","可偷牛奶","蚁娘","蚂蚁娘的乳汁"
"234","オートマータ娘","物品","21","脱淫薬","掉落","自动机娘","脱淫药"
"234","オートマータ娘","物品","219","魔導の歯車","掉落","自动机娘","魔导齿轮"
"234","オートマータ娘","武器","855","豊穣の皿","掉落","自动机娘","丰收之盘"
"234","オートマータ娘","物品","21","脱淫薬","可偷物品","自动机娘","脱淫药"
"234","オートマータ娘","防具","1169","末期の懐中時計","可偷物品","自动机娘","末期怀表"
"234","オートマータ娘","物品","357","サンドウイッチ","可偷食材","自动机娘","三明治"
"234","オートマータ娘","物品","219","魔導の歯車","可偷素材","自动机娘","魔导齿轮"
"234","オートマータ娘","物品","1234","オートマータ娘のミルク","可偷牛奶","自动机娘","自动机娘的乳汁"
"235","パイズリ人形","物品","2","高級薬草","掉落","乳交人偶","高级药草"
"235","パイズリ人形","物品","219","魔導の歯車","掉落","乳交人偶","魔导齿轮"
"235","パイズリ人形","防具","153","花のドレス","掉落","乳交人偶","花之礼服"
"235","パイズリ人形","物品","2","高級薬草","可偷物品","乳交人偶","高级药草"
"235","パイズリ人形","防具","1691","メイドのヘッドドレス","可偷物品","乳交人偶","女仆的头饰"
"235","パイズリ人形","物品","417","ケーキ","可偷食材","乳交人偶","蛋糕"
"235","パイズリ人形","物品","219","魔導の歯車","可偷素材","乳交人偶","魔导齿轮"
"235","パイズリ人形","防具","1883","ケツァルパンツ","可偷内裤","乳交人偶","羽蛇神内裤"
"235","パイズリ人形","物品","1235","パイズリ人形のミルク","可偷牛奶","乳交人偶","乳交人偶的乳汁"
"236","スキュラ","物品","2","高級薬草","掉落","斯库拉","高级药草"
"236","スキュラ","物品","324","タコ","掉落","斯库拉","章鱼"
"236","スキュラ","物品","202","巻き付く触手","掉落","斯库拉","缠绕的触手"
"236","スキュラ","物品","2","高級薬草","可偷物品","斯库拉","高级药草"
"236","スキュラ","武器","605","グレイプニル","可偷物品","斯库拉","格雷普尼尔"
"236","スキュラ","物品","324","タコ","可偷食材","斯库拉","章鱼"
"236","スキュラ","物品","202","巻き付く触手","可偷素材","斯库拉","缠绕的触手"
"236","スキュラ","物品","1236","スキュラのミルク","可偷牛奶","斯库拉","斯库拉的乳汁"
"237","メデューサ","物品","20","金の針","掉落","美杜莎","金针"
"237","メデューサ","物品","220","メデューサの蛇","掉落","美杜莎","美杜莎的蛇"
"237","メデューサ","物品","60","黄雷石","掉落","美杜莎","黄雷石"
"237","メデューサ","物品","20","金の針","可偷物品","美杜莎","金针"
"237","メデューサ","防具","1461","石化の印","可偷物品","美杜莎","石化之印"
"237","メデューサ","物品","315","ネギ","可偷食材","美杜莎","葱"
"237","メデューサ","物品","220","メデューサの蛇","可偷素材","美杜莎","美杜莎的蛇"
"237","メデューサ","防具","1884","シオンのパンツ","可偷内裤","美杜莎","锡安的内裤"
"237","メデューサ","物品","1237","メデューサのミルク","可偷牛奶","美杜莎","美杜莎的乳汁"
"238","あげは娘","物品","17","満月草","掉落","凤蝶娘","满月草"
"238","あげは娘","物品","302","みかん","掉落","凤蝶娘","橘子"
"238","あげは娘","物品","214","魔虫の羽根","掉落","凤蝶娘","魔虫之羽"
"238","あげは娘","物品","17","満月草","可偷物品","凤蝶娘","满月草"
"238","あげは娘","防具","1047","エルフの櫛","可偷物品","凤蝶娘","精灵梳子"
"238","あげは娘","物品","301","りんご","可偷食材","凤蝶娘","苹果"
"238","あげは娘","物品","214","魔虫の羽根","可偷素材","凤蝶娘","魔虫之羽"
"238","あげは娘","防具","1885","パイズリ人形のパンツ","可偷内裤","凤蝶娘","乳交人偶的内裤"
"238","あげは娘","物品","1238","あげは娘のミルク","可偷牛奶","凤蝶娘","凤蝶娘的乳汁"
"239","ブロム娘","物品","13","毒消し草","掉落","剧毒史莱姆娘","解毒草"
"239","ブロム娘","物品","218","ぐにゅぐにゅゼリー","掉落","剧毒史莱姆娘","咕啾咕啾的果冻"
"239","ブロム娘","防具","1548","ポイズンチェック","掉落","剧毒史莱姆娘","中毒抵抗"
"239","ブロム娘","物品","13","毒消し草","可偷物品","剧毒史莱姆娘","解毒草"
"239","ブロム娘","防具","1211","バイオシンボル","可偷物品","剧毒史莱姆娘","生化符号"
"239","ブロム娘","物品","338","小麦粉","可偷食材","剧毒史莱姆娘","面粉"
"239","ブロム娘","物品","218","ぐにゅぐにゅゼリー","可偷素材","剧毒史莱姆娘","咕啾咕啾的果冻"
"239","ブロム娘","物品","1239","ブロム娘のミルク","可偷牛奶","剧毒史莱姆娘","剧毒史莱姆娘的乳汁"
"240","ウォーマー","物品","13","毒消し草","掉落","沼泽毒尸","解毒草"
"240","ウォーマー","物品","165","ネバネバ粘液","掉落","沼泽毒尸","黏糊糊粘液"
"240","ウォーマー","物品","221","ネクロパウダー","掉落","沼泽毒尸","死灵粉末"
"240","ウォーマー","物品","13","毒消し草","可偷物品","沼泽毒尸","解毒草"
"240","ウォーマー","物品","80","黒闇石","可偷物品","沼泽毒尸","黑暗石"
"240","ウォーマー","物品","331","ソーセージ","可偷食材","沼泽毒尸","香肠"
"240","ウォーマー","物品","221","ネクロパウダー","可偷素材","沼泽毒尸","死灵粉末"
"240","ウォーマー","物品","1240","ウォーマーのミルク","可偷牛奶","沼泽毒尸","沼泽毒尸的乳汁"
"241","グール","物品","15","山彦草","掉落","食尸鬼","山彦草"
"241","グール","物品","444","ドクロ","掉落","食尸鬼","骷髅"
"241","グール","物品","221","ネクロパウダー","掉落","食尸鬼","死灵粉末"
"241","グール","物品","15","山彦草","可偷物品","食尸鬼","山彦草"
"241","グール","物品","80","黒闇石","可偷物品","食尸鬼","黑暗石"
"241","グール","物品","432","ほしにく","可偷食材","食尸鬼","干肉"
"241","グール","物品","221","ネクロパウダー","可偷素材","食尸鬼","死灵粉末"
"241","グール","物品","1241","グールのミルク","可偷牛奶","食尸鬼","食尸鬼的乳汁"
"242","グール","物品","14","目薬","掉落","食尸鬼","眼药水"
"242","グール","物品","221","ネクロパウダー","掉落","食尸鬼","死灵粉末"
"242","グール","防具","2","黒いズタ袋","掉落","食尸鬼","黑布袋"
"242","グール","物品","14","目薬","可偷物品","食尸鬼","眼药水"
"242","グール","物品","80","黒闇石","可偷物品","食尸鬼","黑暗石"
"242","グール","物品","432","ほしにく","可偷食材","食尸鬼","干肉"
"242","グール","物品","221","ネクロパウダー","可偷素材","食尸鬼","死灵粉末"
"242","グール","物品","1241","グールのミルク","可偷牛奶","食尸鬼","食尸鬼的乳汁"
"243","グール","物品","21","脱淫薬","掉落","食尸鬼","脱淫药"
"243","グール","物品","432","ほしにく","掉落","食尸鬼","干肉"
"243","グール","物品","221","ネクロパウダー","掉落","食尸鬼","死灵粉末"
"243","グール","物品","21","脱淫薬","可偷物品","食尸鬼","脱淫药"
"243","グール","物品","80","黒闇石","可偷物品","食尸鬼","黑暗石"
"243","グール","物品","432","ほしにく","可偷食材","食尸鬼","干肉"
"243","グール","物品","221","ネクロパウダー","可偷素材","食尸鬼","死灵粉末"
"243","グール","物品","1241","グールのミルク","可偷牛奶","食尸鬼","食尸鬼的乳汁"
"244","フェイクジェリー","物品","326","カニ","掉落","假水母","蟹"
"244","フェイクジェリー","物品","11","フェニックスの尾","掉落","假水母","凤凰之尾"
"244","フェイクジェリー","武器","23","アサシンダガー","掉落","假水母","刺客匕首"
"244","フェイクジェリー","物品","11","フェニックスの尾","可偷物品","假水母","凤凰之尾"
"244","フェイクジェリー","防具","1109","オンリー魂","可偷物品","假水母","唯一灵魂"
"244","フェイクジェリー","物品","326","カニ","可偷食材","假水母","蟹"
"244","フェイクジェリー","物品","190","スキュラの触手","可偷素材","假水母","斯库拉的触手"
"244","フェイクジェリー","防具","1886","メデューサのTバック","可偷内裤","假水母","美杜莎的T字裤"
"244","フェイクジェリー","物品","1244","フェイクジェリーのミルク","可偷牛奶","假水母","假水母的乳汁"
"245","ウィングハーピー","物品","23","ハーピーの羽","掉落","翼身哈比","哈比之羽"
"245","ウィングハーピー","物品","192","不思議な羽根","掉落","翼身哈比","不可思议的羽毛"
"245","ウィングハーピー","武器","740","暗黒扇","掉落","翼身哈比","暗黑扇"
"245","ウィングハーピー","物品","23","ハーピーの羽","可偷物品","翼身哈比","哈比之羽"
"245","ウィングハーピー","防具","1118","頑丈な肩パッド","可偷物品","翼身哈比","坚固的肩垫"
"245","ウィングハーピー","物品","358","ハンバーガー","可偷食材","翼身哈比","汉堡"
"245","ウィングハーピー","物品","192","不思議な羽根","可偷素材","翼身哈比","不可思议的羽毛"
"245","ウィングハーピー","防具","1888","フェイクジェリーのパンツ","可偷内裤","翼身哈比","假水母的内裤"
"245","ウィングハーピー","物品","1245","ウィングハーピーのミルク","可偷牛奶","翼身哈比","翼身哈比的乳汁"
"246","ナイトハーピー","物品","23","ハーピーの羽","掉落","骑士哈比","哈比之羽"
"246","ナイトハーピー","物品","192","不思議な羽根","掉落","骑士哈比","不可思议的羽毛"
"246","ナイトハーピー","防具","84","ジェネラルメイル","掉落","骑士哈比","将军铠甲"
"246","ナイトハーピー","物品","23","ハーピーの羽","可偷物品","骑士哈比","哈比之羽"
"246","ナイトハーピー","防具","1118","頑丈な肩パッド","可偷物品","骑士哈比","坚固的肩垫"
"246","ナイトハーピー","物品","358","ハンバーガー","可偷食材","骑士哈比","汉堡"
"246","ナイトハーピー","物品","192","不思議な羽根","可偷素材","骑士哈比","不可思议的羽毛"
"246","ナイトハーピー","防具","1888","フェイクジェリーのパンツ","可偷内裤","骑士哈比","假水母的内裤"
"246","ナイトハーピー","物品","1246","ナイトハーピーのミルク","可偷牛奶","骑士哈比","骑士哈比的乳汁"
"247","マッドゴーレム娘","物品","219","魔導の歯車","掉落","疯狂泥魔像娘","魔导齿轮"
"247","マッドゴーレム娘","物品","5","エルフの霊薬","掉落","疯狂泥魔像娘","精灵的灵药"
"247","マッドゴーレム娘","武器","878","レメゲトン","掉落","疯狂泥魔像娘","雷梅格顿"
"247","マッドゴーレム娘","物品","80","黒闇石","可偷物品","疯狂泥魔像娘","黑暗石"
"247","マッドゴーレム娘","物品","5","エルフの霊薬","可偷物品","疯狂泥魔像娘","精灵的灵药"
"247","マッドゴーレム娘","物品","430","ゴルドカクテル","可偷食材","疯狂泥魔像娘","戈尔德鸡尾酒"
"247","マッドゴーレム娘","物品","219","魔導の歯車","可偷素材","疯狂泥魔像娘","魔导齿轮"
"247","マッドゴーレム娘","物品","1247","マッドゴーレム娘のミルク","可偷牛奶","疯狂泥魔像娘","疯狂泥魔像娘的乳汁"
"248","ゴーレム娘","物品","26","力の種","掉落","魔像娘","力量之种"
"248","ゴーレム娘","物品","219","魔導の歯車","掉落","魔像娘","魔导齿轮"
"248","ゴーレム娘","物品","80","黒闇石","掉落","魔像娘","黑暗石"
"248","ゴーレム娘","物品","1248","ゴーレム娘のミルク","可偷牛奶","魔像娘","魔像娘的乳汁"
"249","ハナビラカマキリ娘","物品","17","満月草","掉落","兰花螳螂娘","满月草"
"249","ハナビラカマキリ娘","物品","214","魔虫の羽根","掉落","兰花螳螂娘","魔虫之羽"
"249","ハナビラカマキリ娘","武器","249","菊一文字","掉落","兰花螳螂娘","菊一文字"
"249","ハナビラカマキリ娘","物品","17","満月草","可偷物品","兰花螳螂娘","满月草"
"249","ハナビラカマキリ娘","防具","1509","土のペンダント","可偷物品","兰花螳螂娘","土之吊坠"
"249","ハナビラカマキリ娘","物品","362","特上おにぎり","可偷食材","兰花螳螂娘","特级饭团"
"249","ハナビラカマキリ娘","物品","214","魔虫の羽根","可偷素材","兰花螳螂娘","魔虫之羽"
"249","ハナビラカマキリ娘","物品","1249","ハナビラカマキリ娘のミルク","可偷牛奶","兰花螳螂娘","兰花螳螂娘的乳汁"
"250","ブラックゴーレム","物品","219","魔導の歯車","掉落","黑暗魔像","魔导齿轮"
"250","ブラックゴーレム","物品","80","黒闇石","掉落","黑暗魔像","黑暗石"
"250","ブラックゴーレム","防具","1013","波動のタトゥー","掉落","黑暗魔像","波动纹身"
"250","ブラックゴーレム","物品","5","エルフの霊薬","可偷物品","黑暗魔像","精灵的灵药"
"250","ブラックゴーレム","物品","9","エリクサー","可偷物品","黑暗魔像","圣灵药"
"250","ブラックゴーレム","物品","301","りんご","可偷食材","黑暗魔像","苹果"
"250","ブラックゴーレム","物品","219","魔導の歯車","可偷素材","黑暗魔像","魔导齿轮"
"250","ブラックゴーレム","物品","1250","ブラックゴーレムのミルク","可偷牛奶","黑暗魔像","黑暗魔像的乳汁"
"251","狐獣","物品","333","あぶらあげ","掉落","狐兽","油豆腐"
"251","狐獣","物品","209","ふかふかしっぽ","掉落","狐兽","蓬松的尾巴"
"251","狐獣","物品","68","橙土石","掉落","狐兽","橙土石"
"251","狐獣","物品","5","エルフの霊薬","可偷物品","狐兽","精灵的灵药"
"251","狐獣","防具","1051","鉄拳の数珠","可偷物品","狐兽","铁拳念珠"
"251","狐獣","物品","333","あぶらあげ","可偷食材","狐兽","油豆腐"
"251","狐獣","物品","209","ふかふかしっぽ","可偷素材","狐兽","蓬松的尾巴"
"251","狐獣","物品","1251","狐獣のミルク","可偷牛奶","狐兽","狐兽的乳汁"
"252","くのいち三尾","物品","333","あぶらあげ","掉落","女忍三尾","油豆腐"
"252","くのいち三尾","物品","209","ふかふかしっぽ","掉落","女忍三尾","蓬松的尾巴"
"252","くのいち三尾","武器","270","佐助の刀","掉落","女忍三尾","佐助的刀"
"252","くのいち三尾","物品","101","手裏剣","可偷物品","女忍三尾","手里剑"
"252","くのいち三尾","防具","1154","先駆けの靴","可偷物品","女忍三尾","先驱之靴"
"252","くのいち三尾","物品","333","あぶらあげ","可偷食材","女忍三尾","油豆腐"
"252","くのいち三尾","物品","209","ふかふかしっぽ","可偷素材","女忍三尾","蓬松的尾巴"
"252","くのいち三尾","物品","1252","くのいち三尾のミルク","可偷牛奶","女忍三尾","女忍三尾的乳汁"
"253","もののふ四尾","物品","333","あぶらあげ","掉落","武士四尾","油豆腐"
"253","もののふ四尾","物品","209","ふかふかしっぽ","掉落","武士四尾","蓬松的尾巴"
"253","もののふ四尾","武器","102","草薙の剣","掉落","武士四尾","草薙之剑"
"253","もののふ四尾","武器","243","無銘の刀","可偷物品","武士四尾","无铭之刀"
"253","もののふ四尾","防具","1193","契りの杯","可偷物品","武士四尾","契约之杯"
"253","もののふ四尾","物品","333","あぶらあげ","可偷食材","武士四尾","油豆腐"
"253","もののふ四尾","物品","209","ふかふかしっぽ","可偷素材","武士四尾","蓬松的尾巴"
"253","もののふ四尾","防具","1896","サキュバスのふんわりパンツ","可偷内裤","武士四尾","魅魔的蓬松内裤"
"253","もののふ四尾","物品","1253","もののふ四尾のミルク","可偷牛奶","武士四尾","武士四尾的乳汁"
"254","クィーンアント","物品","27","守りの種","掉落","蚁后","守护之种"
"254","クィーンアント","物品","214","魔虫の羽根","掉落","蚁后","魔虫之羽"
"254","クィーンアント","防具","215","グレートヘルム","掉落","蚁后","巨盔"
"254","クィーンアント","物品","1254","クィーンアントのミルク","可偷牛奶","蚁后","蚁后的乳汁"
"255","リリス","物品","28","魔力の種","掉落","莉莉丝","魔力之种"
"255","リリス","物品","222","艶めかしい尻尾","掉落","莉莉丝","艳丽的尾巴"
"255","リリス","防具","1203","氷のシンボル","掉落","莉莉丝","冰之符号"
"255","リリス","防具","1887","あげはパンツ","可偷内裤","莉莉丝","凤蝶娘的内裤"
"255","リリス","物品","1255","リリスのミルク","可偷牛奶","莉莉丝","莉莉丝的乳汁"
"256","溶岩娘","物品","339","カレー粉","掉落","熔岩娘","咖喱粉"
"256","溶岩娘","物品","8","バーストドリンク","掉落","熔岩娘","爆发饮料"
"256","溶岩娘","物品","52","紅炎石","掉落","熔岩娘","红炎石"
"256","溶岩娘","物品","8","バーストドリンク","可偷物品","熔岩娘","爆发饮料"
"256","溶岩娘","防具","1202","炎のシンボル","可偷物品","熔岩娘","炎之符号"
"256","溶岩娘","物品","339","カレー粉","可偷食材","熔岩娘","咖喱粉"
"256","溶岩娘","物品","52","紅炎石","可偷素材","熔岩娘","红炎石"
"256","溶岩娘","物品","1256","溶岩娘のミルク","可偷牛奶","熔岩娘","熔岩娘的乳汁"
"257","デーモンラミア","物品","21","脱淫薬","掉落","恶魔拉米亚","脱淫药"
"257","デーモンラミア","物品","345","クロワッサン","掉落","恶魔拉米亚","牛角面包"
"257","デーモンラミア","物品","211","魔性の蛇尾","掉落","恶魔拉米亚","魔性的蛇尾"
"257","デーモンラミア","物品","21","脱淫薬","可偷物品","恶魔拉米亚","脱淫药"
"257","デーモンラミア","防具","1192","理力のリング","可偷物品","恶魔拉米亚","理力之戒指"
"257","デーモンラミア","物品","345","クロワッサン","可偷食材","恶魔拉米亚","牛角面包"
"257","デーモンラミア","物品","211","魔性の蛇尾","可偷素材","恶魔拉米亚","魔性的蛇尾"
"257","デーモンラミア","物品","1257","デーモンラミアのミルク","可偷牛奶","恶魔拉米亚","恶魔拉米亚的乳汁"
"258","デーモンスキュラ","物品","325","イカ","掉落","恶魔斯库拉","鱿鱼"
"258","デーモンスキュラ","物品","202","巻き付く触手","掉落","恶魔斯库拉","缠绕的触手"
"258","デーモンスキュラ","物品","3","究極薬草","掉落","恶魔斯库拉","究极药草"
"258","デーモンスキュラ","物品","3","究極薬草","可偷物品","恶魔斯库拉","究极药草"
"258","デーモンスキュラ","防具","1431","混乱の印","可偷物品","恶魔斯库拉","混乱之印"
"258","デーモンスキュラ","物品","325","イカ","可偷食材","恶魔斯库拉","鱿鱼"
"258","デーモンスキュラ","物品","202","巻き付く触手","可偷素材","恶魔斯库拉","缠绕的触手"
"258","デーモンスキュラ","物品","1258","デーモンスキュラのミルク","可偷牛奶","恶魔斯库拉","恶魔斯库拉的乳汁"
"259","セイレーン","物品","16","気付け薬","掉落","塞壬","提神药"
"259","セイレーン","物品","227","輝く羽根","掉落","塞壬","闪耀的羽毛"
"259","セイレーン","物品","65","疾風緑風石","掉落","塞壬","疾风绿风石"
"259","セイレーン","物品","16","気付け薬","可偷物品","塞壬","提神药"
"259","セイレーン","防具","1526","音波のアミュレット","可偷物品","塞壬","音波之护符"
"259","セイレーン","物品","330","鳥足","可偷食材","塞壬","鸟足"
"259","セイレーン","物品","227","輝く羽根","可偷素材","塞壬","闪耀的羽毛"
"259","セイレーン","物品","1259","セイレーンのミルク","可偷牛奶","塞壬","塞壬的乳汁"
"260","サンゴ娘","物品","20","金の針","掉落","珊瑚娘","金针"
"260","サンゴ娘","物品","226","大海の珊瑚","掉落","珊瑚娘","大海的珊瑚"
"260","サンゴ娘","物品","61","電光黄雷石","掉落","珊瑚娘","电光黄雷石"
"260","サンゴ娘","物品","20","金の針","可偷物品","珊瑚娘","金针"
"260","サンゴ娘","防具","1575","ストーンガード","可偷物品","珊瑚娘","石化防护"
"260","サンゴ娘","物品","328","うなぎ","可偷食材","珊瑚娘","鳗鱼"
"260","サンゴ娘","物品","226","大海の珊瑚","可偷素材","珊瑚娘","大海的珊瑚"
"260","サンゴ娘","物品","1260","サンゴ娘のミルク","可偷牛奶","珊瑚娘","珊瑚娘的乳汁"
"261","ヒトデ娘","物品","8","バーストドリンク","掉落","海星娘","爆发饮料"
"261","ヒトデ娘","物品","226","大海の珊瑚","掉落","海星娘","大海的珊瑚"
"261","ヒトデ娘","物品","73","激流青水石","掉落","海星娘","激流青水石"
"261","ヒトデ娘","物品","8","バーストドリンク","可偷物品","海星娘","爆发饮料"
"261","ヒトデ娘","防具","1546","バインドチェック","可偷物品","海星娘","束缚抵抗"
"261","ヒトデ娘","物品","326","カニ","可偷食材","海星娘","蟹"
"261","ヒトデ娘","物品","226","大海の珊瑚","可偷素材","海星娘","大海的珊瑚"
"261","ヒトデ娘","物品","1261","ヒトデ娘のミルク","可偷牛奶","海星娘","海星娘的乳汁"
"262","ベルゼバブ","物品","231","魔虫の甲殻","掉落","别西卜","魔虫的甲壳"
"262","ベルゼバブ","物品","81","輝晶黒闇石","掉落","别西卜","辉晶黑暗石"
"262","ベルゼバブ","防具","1394","虫技の秘伝書","掉落","别西卜","虫技之秘传书"
"262","ベルゼバブ","物品","1262","ベルゼバブのミルク","可偷牛奶","别西卜","别西卜的乳汁"
"263","ベルゼバブ","物品","29","精神の種","掉落","别西卜","精神之种"
"263","ベルゼバブ","物品","231","魔虫の甲殻","掉落","别西卜","魔虫的甲壳"
"263","ベルゼバブ","物品","53","赤熱紅炎石","掉落","别西卜","赤热红炎石"
"263","ベルゼバブ","物品","1263","ベルゼバブのミルク","可偷牛奶","别西卜","别西卜的乳汁"
"264","ベルゼバブ","物品","27","守りの種","掉落","别西卜","守护之种"
"264","ベルゼバブ","物品","231","魔虫の甲殻","掉落","别西卜","魔虫的甲壳"
"264","ベルゼバブ","物品","57","凍結蒼氷石","掉落","别西卜","冻结苍冰石"
"264","ベルゼバブ","物品","1264","ベルゼバブのミルク","可偷牛奶","别西卜","别西卜的乳汁"
"265","アークジェリー","物品","323","鯛","掉落","电弧水母","鲷鱼"
"265","アークジェリー","物品","226","大海の珊瑚","掉落","电弧水母","大海的珊瑚"
"265","アークジェリー","物品","73","激流青水石","掉落","电弧水母","激流青水石"
"265","アークジェリー","物品","73","激流青水石","可偷物品","电弧水母","激流青水石"
"265","アークジェリー","防具","1559","パラライガード","可偷物品","电弧水母","麻痹防护"
"265","アークジェリー","物品","323","鯛","可偷食材","电弧水母","鲷鱼"
"265","アークジェリー","物品","226","大海の珊瑚","可偷素材","电弧水母","大海的珊瑚"
"265","アークジェリー","物品","1265","アークジェリーのミルク","可偷牛奶","电弧水母","电弧水母的乳汁"
"266","エルダースキュラ","物品","202","巻き付く触手","掉落","长老斯库拉","缠绕的触手"
"266","エルダースキュラ","物品","3","究極薬草","掉落","长老斯库拉","究极药草"
"266","エルダースキュラ","物品","73","激流青水石","掉落","长老斯库拉","激流青水石"
"266","エルダースキュラ","物品","3","究極薬草","可偷物品","长老斯库拉","究极药草"
"266","エルダースキュラ","武器","607","オリハルコンの鞭","可偷物品","长老斯库拉","奥利哈钢制鞭"
"266","エルダースキュラ","物品","335","のり","可偷食材","长老斯库拉","海苔"
"266","エルダースキュラ","物品","202","巻き付く触手","可偷素材","长老斯库拉","缠绕的触手"
"266","エルダースキュラ","物品","1266","エルダースキュラのミルク","可偷牛奶","长老斯库拉","长老斯库拉的乳汁"
"267","ポセイドネス","物品","26","力の種","掉落","波塞冬尼斯","力量之种"
"267","ポセイドネス","物品","226","大海の珊瑚","掉落","波塞冬尼斯","大海的珊瑚"
"267","ポセイドネス","物品","73","激流青水石","掉落","波塞冬尼斯","激流青水石"
"267","ポセイドネス","物品","1267","ポセイドネスのミルク","可偷牛奶","波塞冬尼斯","波塞冬尼斯的乳汁"
"268","サキュバス","物品","415","ホワイトハートチョコ","掉落","魅魔","白心巧克力"
"268","サキュバス","物品","222","艶めかしい尻尾","掉落","魅魔","艳丽的尾巴"
"268","サキュバス","物品","52","紅炎石","掉落","魅魔","红炎石"
"268","サキュバス","物品","52","紅炎石","可偷物品","魅魔","红炎石"
"268","サキュバス","防具","1473","敏感の印","可偷物品","魅魔","敏感之印"
"268","サキュバス","物品","415","ホワイトハートチョコ","可偷食材","魅魔","白心巧克力"
"268","サキュバス","物品","222","艶めかしい尻尾","可偷素材","魅魔","艳丽的尾巴"
"268","サキュバス","防具","1889","ナイトハーピーのパンツ","可偷内裤","魅魔","骑士哈比的内裤"
"268","サキュバス","物品","1268","サキュバスハーレムのミルク","可偷牛奶","魅魔","魅魔后宫的乳汁"
"269","サキュバス","物品","419","ロールケーキ","掉落","魅魔","蛋糕卷"
"269","サキュバス","物品","222","艶めかしい尻尾","掉落","魅魔","艳丽的尾巴"
"269","サキュバス","物品","64","緑風石","掉落","魅魔","绿风石"
"269","サキュバス","物品","64","緑風石","可偷物品","魅魔","绿风石"
"269","サキュバス","防具","1476","恍惚の印","可偷物品","魅魔","恍惚之印"
"269","サキュバス","物品","419","ロールケーキ","可偷食材","魅魔","蛋糕卷"
"269","サキュバス","物品","222","艶めかしい尻尾","可偷素材","魅魔","艳丽的尾巴"
"269","サキュバス","防具","1890","くのいち三尾のふんどし","可偷内裤","魅魔","女忍三尾的兜裆布"
"269","サキュバス","物品","1268","サキュバスハーレムのミルク","可偷牛奶","魅魔","魅魔后宫的乳汁"
"270","サキュバス","物品","424","アイスクリーム","掉落","魅魔","冰淇淋"
"270","サキュバス","物品","222","艶めかしい尻尾","掉落","魅魔","艳丽的尾巴"
"270","サキュバス","物品","68","橙土石","掉落","魅魔","橙土石"
"270","サキュバス","物品","68","橙土石","可偷物品","魅魔","橙土石"
"270","サキュバス","防具","1479","誘惑の印","可偷物品","魅魔","诱惑之印"
"270","サキュバス","物品","424","アイスクリーム","可偷食材","魅魔","冰淇淋"
"270","サキュバス","物品","222","艶めかしい尻尾","可偷素材","魅魔","艳丽的尾巴"
"270","サキュバス","防具","1891","もののふ四尾のふんどし","可偷内裤","魅魔","武士四尾的兜裆布"
"270","サキュバス","物品","1268","サキュバスハーレムのミルク","可偷牛奶","魅魔","魅魔后宫的乳汁"
"271","サキュバス","物品","423","プリン","掉落","魅魔","布丁"
"271","サキュバス","物品","222","艶めかしい尻尾","掉落","魅魔","艳丽的尾巴"
"271","サキュバス","物品","72","青水石","掉落","魅魔","青水石"
"271","サキュバス","物品","72","青水石","可偷物品","魅魔","青水石"
"271","サキュバス","防具","1482","失禁の印","可偷物品","魅魔","失禁之印"
"271","サキュバス","物品","423","プリン","可偷食材","魅魔","布丁"
"271","サキュバス","物品","222","艶めかしい尻尾","可偷素材","魅魔","艳丽的尾巴"
"271","サキュバス","防具","1892","リリスパンツ","可偷内裤","魅魔","莉莉丝内裤"
"271","サキュバス","物品","1268","サキュバスハーレムのミルク","可偷牛奶","魅魔","魅魔后宫的乳汁"
"272","メイキュバス","物品","418","チョコケーキ","掉落","女仆魅魔","巧克力蛋糕"
"272","メイキュバス","物品","222","艶めかしい尻尾","掉落","女仆魅魔","艳丽的尾巴"
"272","メイキュバス","武器","858","サロメの皿","掉落","女仆魅魔","撒罗默之盘"
"272","メイキュバス","物品","21","脱淫薬","可偷物品","女仆魅魔","脱淫药"
"272","メイキュバス","物品","64","緑風石","可偷物品","女仆魅魔","绿风石"
"272","メイキュバス","物品","418","チョコケーキ","可偷食材","女仆魅魔","巧克力蛋糕"
"272","メイキュバス","物品","222","艶めかしい尻尾","可偷素材","女仆魅魔","艳丽的尾巴"
"272","メイキュバス","防具","1894","サキュバスの赤パンツ","可偷内裤","女仆魅魔","魅魔的红色内裤"
"272","メイキュバス","物品","1272","メイキュバスのミルク","可偷牛奶","女仆魅魔","女仆魅魔的乳汁"
"273","マキュバス","物品","21","脱淫薬","掉落","魔力魅魔","脱淫药"
"273","マキュバス","物品","222","艶めかしい尻尾","掉落","魔力魅魔","艳丽的尾巴"
"273","マキュバス","防具","170","サキュバスビスチェ","掉落","魔力魅魔","魅魔胸衣"
"273","マキュバス","物品","21","脱淫薬","可偷物品","魔力魅魔","脱淫药"
"273","マキュバス","防具","1201","快楽のシンボル","可偷物品","魔力魅魔","快乐之符号"
"273","マキュバス","物品","394","スパゲティ","可偷食材","魔力魅魔","意大利面"
"273","マキュバス","物品","222","艶めかしい尻尾","可偷素材","魔力魅魔","艳丽的尾巴"
"273","マキュバス","物品","1273","マキュバスのミルク","可偷牛奶","魔力魅魔","魔力魅魔的乳汁"
"274","ミンキュバス","物品","21","脱淫薬","掉落","幼女魅魔","脱淫药"
"274","ミンキュバス","物品","415","ホワイトハートチョコ","掉落","幼女魅魔","白心巧克力"
"274","ミンキュバス","物品","222","艶めかしい尻尾","掉落","幼女魅魔","艳丽的尾巴"
"274","ミンキュバス","物品","21","脱淫薬","可偷物品","幼女魅魔","脱淫药"
"274","ミンキュバス","防具","1201","快楽のシンボル","可偷物品","幼女魅魔","快乐之符号"
"274","ミンキュバス","物品","415","ホワイトハートチョコ","可偷食材","幼女魅魔","白心巧克力"
"274","ミンキュバス","物品","222","艶めかしい尻尾","可偷素材","幼女魅魔","艳丽的尾巴"
"274","ミンキュバス","物品","1274","ミンキュバスのミルク","可偷牛奶","幼女魅魔","幼女魅魔的乳汁"
"275","レンキュバス","物品","21","脱淫薬","掉落","吸能魅魔","脱淫药"
"275","レンキュバス","物品","342","ミルク","掉落","吸能魅魔","牛奶"
"275","レンキュバス","物品","222","艶めかしい尻尾","掉落","吸能魅魔","艳丽的尾巴"
"275","レンキュバス","物品","21","脱淫薬","可偷物品","吸能魅魔","脱淫药"
"275","レンキュバス","防具","1201","快楽のシンボル","可偷物品","吸能魅魔","快乐之符号"
"275","レンキュバス","物品","342","ミルク","可偷食材","吸能魅魔","牛奶"
"275","レンキュバス","物品","222","艶めかしい尻尾","可偷素材","吸能魅魔","艳丽的尾巴"
"275","レンキュバス","物品","1275","レンキュバスのミルク","可偷牛奶","吸能魅魔","吸能魅魔的乳汁"
"276","サキュバス","物品","31","器用さの種","掉落","魅魔","灵巧之种"
"276","サキュバス","物品","319","じゃがいも","掉落","魅魔","土豆"
"276","サキュバス","防具","1201","快楽のシンボル","掉落","魅魔","快乐之符号"
"276","サキュバス","物品","1276","サキュバスのミルク","可偷牛奶","魅魔","魅魔的乳汁"
"277","ナターシャ","物品","180","貴重な羊皮紙","掉落","娜塔莎","珍贵的羊皮纸"
"277","ナターシャ","物品","5","エルフの霊薬","掉落","娜塔莎","精灵的灵药"
"277","ナターシャ","武器","832","神秘のタロット","掉落","娜塔莎","神秘塔罗"
"277","ナターシャ","物品","5","エルフの霊薬","可偷物品","娜塔莎","精灵的灵药"
"277","ナターシャ","防具","1077","暗黒の指輪","可偷物品","娜塔莎","暗黑之戒"
"277","ナターシャ","物品","321","とうがらし","可偷食材","娜塔莎","辣椒"
"277","ナターシャ","物品","180","貴重な羊皮紙","可偷素材","娜塔莎","珍贵的羊皮纸"
"277","ナターシャ","物品","1277","デーモンサキュバスのミルク","可偷牛奶","娜塔莎","恶魔魅魔的乳汁"
"278","メイドスキュラ","物品","30","素早さの種","掉落","女仆斯库拉","敏捷之种"
"278","メイドスキュラ","物品","202","巻き付く触手","掉落","女仆斯库拉","缠绕的触手"
"278","メイドスキュラ","防具","1168","懐中の毒薬","掉落","女仆斯库拉","怀中毒药"
"278","メイドスキュラ","物品","1278","メイドスキュラのミルク","可偷牛奶","女仆斯库拉","女仆斯库拉的乳汁"
"279","マダムインセクト","物品","345","クロワッサン","掉落","昆虫夫人","牛角面包"
"279","マダムインセクト","物品","214","魔虫の羽根","掉落","昆虫夫人","魔虫之羽"
"279","マダムインセクト","物品","5","エルフの霊薬","掉落","昆虫夫人","精灵的灵药"
"279","マダムインセクト","物品","60","黄雷石","可偷物品","昆虫夫人","黄雷石"
"279","マダムインセクト","物品","5","エルフの霊薬","可偷物品","昆虫夫人","精灵的灵药"
"279","マダムインセクト","物品","345","クロワッサン","可偷食材","昆虫夫人","牛角面包"
"279","マダムインセクト","物品","214","魔虫の羽根","可偷素材","昆虫夫人","魔虫之羽"
"279","マダムインセクト","物品","1279","マダムインセクトのミルク","可偷牛奶","昆虫夫人","昆虫夫人的乳汁"
"280","マダムアンブレラ","物品","325","イカ","掉落","伞夫人","鱿鱼"
"280","マダムアンブレラ","物品","202","巻き付く触手","掉落","伞夫人","缠绕的触手"
"280","マダムアンブレラ","物品","3","究極薬草","掉落","伞夫人","究极药草"
"280","マダムアンブレラ","物品","3","究極薬草","可偷物品","伞夫人","究极药草"
"280","マダムアンブレラ","物品","56","蒼氷石","可偷物品","伞夫人","苍冰石"
"280","マダムアンブレラ","物品","325","イカ","可偷食材","伞夫人","鱿鱼"
"280","マダムアンブレラ","物品","202","巻き付く触手","可偷素材","伞夫人","缠绕的触手"
"280","マダムアンブレラ","物品","1280","マダムアンブレラのミルク","可偷牛奶","伞夫人","夫人伞的乳汁"
"281","アラディア","物品","224","夜の黒片","掉落","阿拉迪亚","夜的黑片"
"281","アラディア","物品","4","霊薬","掉落","阿拉迪亚","灵药"
"281","アラディア","物品","28","魔力の種","掉落","阿拉迪亚","魔力之种"
"281","アラディア","物品","5","エルフの霊薬","可偷物品","阿拉迪亚","精灵的灵药"
"281","アラディア","防具","1009","クリスタルオーブ","可偷物品","阿拉迪亚","水晶宝珠"
"281","アラディア","物品","421","エクレア","可偷食材","阿拉迪亚","闪电泡芙"
"281","アラディア","物品","224","夜の黒片","可偷素材","阿拉迪亚","夜的黑片"
"281","アラディア","物品","1281","アラディアのミルク","可偷牛奶","阿拉迪亚","阿拉迪亚的乳汁"
"282","キャンディ","物品","415","ホワイトハートチョコ","掉落","坎蒂","白心巧克力"
"282","キャンディ","物品","419","ロールケーキ","掉落","坎蒂","蛋糕卷"
"282","キャンディ","物品","425","パフェ","掉落","坎蒂","芭菲"
"282","キャンディ","防具","1909","エリザベートのパンツ","可偷内裤","坎蒂","伊丽莎白的内裤"
"282","キャンディ","物品","1282","キャンディのミルク","可偷牛奶","坎蒂","坎蒂的乳汁"
"283","バジリスク娘","物品","20","金の針","掉落","鸡蛇娘","金针"
"283","バジリスク娘","物品","330","鳥足","掉落","鸡蛇娘","鸟足"
"283","バジリスク娘","物品","192","不思議な羽根","掉落","鸡蛇娘","不可思议的羽毛"
"283","バジリスク娘","物品","20","金の針","可偷物品","鸡蛇娘","金针"
"283","バジリスク娘","防具","1461","石化の印","可偷物品","鸡蛇娘","石化之印"
"283","バジリスク娘","物品","330","鳥足","可偷食材","鸡蛇娘","鸟足"
"283","バジリスク娘","物品","192","不思議な羽根","可偷素材","鸡蛇娘","不可思议的羽毛"
"283","バジリスク娘","物品","1283","バジリスク娘のミルク","可偷牛奶","鸡蛇娘","鸡蛇娘的乳汁"
"284","ドラゴン娘","物品","223","竜の牙","掉落","龙娘","龙的牙齿"
"284","ドラゴン娘","物品","52","紅炎石","掉落","龙娘","红炎石"
"284","ドラゴン娘","武器","219","飛竜の槍","掉落","龙娘","飞龙之枪"
"284","ドラゴン娘","物品","52","紅炎石","可偷物品","龙娘","红炎石"
"284","ドラゴン娘","防具","1493","炎のペンダント","可偷物品","龙娘","炎之吊坠"
"284","ドラゴン娘","物品","358","ハンバーガー","可偷食材","龙娘","汉堡"
"284","ドラゴン娘","物品","223","竜の牙","可偷素材","龙娘","龙的牙齿"
"284","ドラゴン娘","物品","1284","ドラゴン娘のミルク","可偷牛奶","龙娘","龙娘的乳汁"
"285","サラマンダー","物品","8","バーストドリンク","掉落","萨拉曼达","爆发饮料"
"285","サラマンダー","物品","52","紅炎石","掉落","萨拉曼达","红炎石"
"285","サラマンダー","防具","1202","炎のシンボル","掉落","萨拉曼达","炎之符号"
"285","サラマンダー","物品","1285","サラマンダーのミルク","可偷牛奶","萨拉曼达","萨拉曼达的乳汁"
"286","グランベリア","物品","26","力の種","掉落","古兰贝莉娅","力量之种"
"286","グランベリア","物品","223","竜の牙","掉落","古兰贝莉娅","龙的牙齿"
"286","グランベリア","防具","46","プリズムプレート","掉落","古兰贝莉娅","棱镜胸甲"
"286","グランベリア","防具","1895","サキュバスのぴっちりパンツ","可偷内裤","古兰贝莉娅","魅魔的紧身内裤"
"286","グランベリア","物品","1178","グランベリアのミルク","可偷牛奶","古兰贝莉娅","古兰贝莉娅的乳汁"
"287","ゼラチナスキューブ娘","物品","422","ゼリー","掉落","凝胶立方娘","果冻"
"287","ゼラチナスキューブ娘","物品","218","ぐにゅぐにゅゼリー","掉落","凝胶立方娘","咕啾咕啾的果冻"
"287","ゼラチナスキューブ娘","物品","73","激流青水石","掉落","凝胶立方娘","激流青水石"
"287","ゼラチナスキューブ娘","物品","72","青水石","可偷物品","凝胶立方娘","青水石"
"287","ゼラチナスキューブ娘","防具","154","水の羽衣","可偷物品","凝胶立方娘","水之羽衣"
"287","ゼラチナスキューブ娘","物品","422","ゼリー","可偷食材","凝胶立方娘","果冻"
"287","ゼラチナスキューブ娘","物品","218","ぐにゅぐにゅゼリー","可偷素材","凝胶立方娘","咕啾咕啾的果冻"
"287","ゼラチナスキューブ娘","物品","1287","ゼラチナスキューブ娘のミルク","可偷牛奶","凝胶立方娘","凝胶立方娘的乳汁"
"288","妖鬼","物品","215","鬼の角","掉落","妖鬼","鬼之角"
"288","妖鬼","物品","3","究極薬草","掉落","妖鬼","究极药草"
"288","妖鬼","防具","308","玄武の盾","掉落","妖鬼","玄武之盾"
"288","妖鬼","物品","3","究極薬草","可偷物品","妖鬼","究极药草"
"288","妖鬼","物品","215","鬼の角","可偷物品","妖鬼","鬼之角"
"288","妖鬼","物品","378","すきやき","可偷食材","妖鬼","寿喜烧"
"288","妖鬼","物品","215","鬼の角","可偷素材","妖鬼","鬼之角"
"288","妖鬼","防具","1882","マジカルエルフのパンツ","可偷内裤","妖鬼","魔法精灵的内裤"
"288","妖鬼","物品","1288","妖鬼のミルク","可偷牛奶","妖鬼","妖鬼的乳汁"
"289","虎娘","物品","431","ヤマタイ酒","掉落","虎娘","邪马台酒"
"289","虎娘","物品","8","バーストドリンク","掉落","虎娘","爆发饮料"
"289","虎娘","物品","194","鋭い牙","掉落","虎娘","尖牙"
"289","虎娘","物品","8","バーストドリンク","可偷物品","虎娘","爆发饮料"
"289","虎娘","武器","315","オリハルコンの爪","可偷物品","虎娘","奥利哈钢制爪"
"289","虎娘","物品","431","ヤマタイ酒","可偷食材","虎娘","邪马台酒"
"289","虎娘","物品","194","鋭い牙","可偷素材","虎娘","尖牙"
"289","虎娘","物品","1289","虎娘のミルク","可偷牛奶","虎娘","虎娘的乳汁"
"290","ヴァンパイア","物品","21","脱淫薬","掉落","吸血鬼","脱淫药"
"290","ヴァンパイア","物品","224","夜の黒片","掉落","吸血鬼","夜的黑片"
"290","ヴァンパイア","防具","139","吸血鬼のローブ","掉落","吸血鬼","吸血鬼长袍"
"290","ヴァンパイア","物品","21","脱淫薬","可偷物品","吸血鬼","脱淫药"
"290","ヴァンパイア","防具","1057","エルフのマント","可偷物品","吸血鬼","精灵斗篷"
"290","ヴァンパイア","物品","313","トマト","可偷食材","吸血鬼","番茄"
"290","ヴァンパイア","物品","224","夜の黒片","可偷素材","吸血鬼","夜的黑片"
"290","ヴァンパイア","防具","1897","メイキュバスのパンツ","可偷内裤","吸血鬼","女仆魅魔的内裤"
"290","ヴァンパイア","物品","1290","ヴァンパイアのミルク","可偷牛奶","吸血鬼","吸血鬼的乳汁"
"291","ジェライラ","物品","22","万能薬","掉落","杰莱拉","万能药"
"291","ジェライラ","物品","235","混沌の塊","掉落","杰莱拉","混沌的块"
"291","ジェライラ","武器","643","イリスの竪琴","掉落","杰莱拉","伊莉丝的竖琴"
"291","ジェライラ","物品","22","万能薬","可偷物品","杰莱拉","万能药"
"291","ジェライラ","防具","1526","音波のアミュレット","可偷物品","杰莱拉","音波之护符"
"291","ジェライラ","物品","235","混沌の塊","可偷素材","杰莱拉","混沌的块"
"291","ジェライラ","物品","1291","ジェライラのミルク","可偷牛奶","杰莱拉","杰莱拉的乳汁"
"292","リボ・リボ","物品","225","イリス細胞","掉落","莉波・莉波","伊莉丝细胞"
"292","リボ・リボ","物品","233","傀儡歯車","掉落","莉波・莉波","傀儡齿轮"
"292","リボ・リボ","物品","81","輝晶黒闇石","掉落","莉波・莉波","辉晶黑暗石"
"292","リボ・リボ","物品","5","エルフの霊薬","可偷物品","莉波・莉波","精灵的灵药"
"292","リボ・リボ","防具","1538","ステータスガード","可偷物品","莉波・莉波","弱化防护"
"292","リボ・リボ","物品","235","混沌の塊","可偷素材","莉波・莉波","混沌的块"
"292","リボ・リボ","物品","1292","リボ・リボのミルク","可偷牛奶","莉波・莉波","莉波・莉波的乳汁"
"293","アンフィル","物品","225","イリス細胞","掉落","安菲尔","伊莉丝细胞"
"293","アンフィル","物品","235","混沌の塊","掉落","安菲尔","混沌的块"
"293","アンフィル","物品","61","電光黄雷石","掉落","安菲尔","电光黄雷石"
"293","アンフィル","物品","3","究極薬草","可偷物品","安菲尔","究极药草"
"293","アンフィル","防具","1530","バイオアミュレット","可偷物品","安菲尔","生化护符"
"293","アンフィル","物品","235","混沌の塊","可偷素材","安菲尔","混沌的块"
"293","アンフィル","物品","1293","アンフィルのミルク","可偷牛奶","安菲尔","安菲尔的乳汁"
"294","ツィンケル","物品","225","イリス細胞","掉落","辛克尔","伊莉丝细胞"
"294","ツィンケル","物品","233","傀儡歯車","掉落","辛克尔","傀儡齿轮"
"294","ツィンケル","物品","31","器用さの種","掉落","辛克尔","灵巧之种"
"294","ツィンケル","物品","8","バーストドリンク","可偷物品","辛克尔","爆发饮料"
"294","ツィンケル","防具","1364","機械の秘伝書","可偷物品","辛克尔","机械之秘传书"
"294","ツィンケル","物品","235","混沌の塊","可偷素材","辛克尔","混沌的块"
"294","ツィンケル","物品","1294","ツィンケルのミルク","可偷牛奶","辛克尔","辛克尔的乳汁"
"295","リリス＆リリム","物品","31","器用さの種","掉落","莉莉斯＆莉莉姆","灵巧之种"
"295","リリス＆リリム","物品","222","艶めかしい尻尾","掉落","莉莉斯＆莉莉姆","艳丽的尾巴"
"295","リリス＆リリム","防具","1407","淫技奥義書","掉落","莉莉斯＆莉莉姆","淫技奥义书"
"295","リリス＆リリム","物品","1295","リリス＆リリムのミルク","可偷牛奶","莉莉斯＆莉莉姆","莉莉斯和莉莉姆的乳汁"
"296","エミリ","物品","9","エリクサー","掉落","艾米莉","圣灵药"
"296","エミリ","物品","27","守りの種","掉落","艾米莉","守护之种"
"296","エミリ","物品","202","巻き付く触手","掉落","艾米莉","缠绕的触手"
"296","エミリ","物品","1296","エミリのミルク","可偷牛奶","艾米莉","艾米莉的乳汁"
"297","カサンドラ","物品","29","精神の種","掉落","卡桑德拉","精神之种"
"297","カサンドラ","物品","218","ぐにゅぐにゅゼリー","掉落","卡桑德拉","咕啾咕啾的果冻"
"297","カサンドラ","武器","160","オリハルコンのレイピア","掉落","卡桑德拉","奥利哈钢制细剑"
"297","カサンドラ","物品","1297","カサンドラのミルク","可偷牛奶","卡桑德拉","卡桑德拉的乳汁"
"298","ウィッチサキュバス","物品","12","世界樹の葉","掉落","女巫魅魔","世界树之叶"
"298","ウィッチサキュバス","物品","28","魔力の種","掉落","女巫魅魔","魔力之种"
"298","ウィッチサキュバス","物品","222","艶めかしい尻尾","掉落","女巫魅魔","艳丽的尾巴"
"298","ウィッチサキュバス","防具","1893","サキュバスのVパンツ","可偷内裤","女巫魅魔","魅魔的V型内裤"
"298","ウィッチサキュバス","物品","1298","ウィッチサキュバスのミルク","可偷牛奶","女巫魅魔","女巫魅魔的乳汁"
"299","シーアネモネ","物品","323","鯛","掉落","海百合","鲷鱼"
"299","シーアネモネ","物品","226","大海の珊瑚","掉落","海百合","大海的珊瑚"
"299","シーアネモネ","物品","5","エルフの霊薬","掉落","海百合","精灵的灵药"
"299","シーアネモネ","物品","5","エルフの霊薬","可偷物品","海百合","精灵的灵药"
"299","シーアネモネ","防具","1583","センシブガード","可偷物品","海百合","敏感防护"
"299","シーアネモネ","物品","323","鯛","可偷食材","海百合","鲷鱼"
"299","シーアネモネ","物品","226","大海の珊瑚","可偷素材","海百合","大海的珊瑚"
"299","シーアネモネ","物品","1299","シーアネモネのミルク","可偷牛奶","海百合","海百合的乳汁"
"300","水龍娘","物品","223","竜の牙","掉落","水龙娘","龙的牙齿"
"300","水龍娘","物品","226","大海の珊瑚","掉落","水龙娘","大海的珊瑚"
"300","水龍娘","物品","5","エルフの霊薬","掉落","水龙娘","精灵的灵药"
"300","水龍娘","物品","5","エルフの霊薬","可偷物品","水龙娘","精灵的灵药"
"300","水龍娘","武器","417","大地のハンマー","可偷物品","水龙娘","大地之锤"
"300","水龍娘","物品","323","鯛","可偷食材","水龙娘","鲷鱼"
"300","水龍娘","物品","194","鋭い牙","可偷素材","水龙娘","尖牙"
"300","水龍娘","物品","1300","水龍娘のミルク","可偷牛奶","水龙娘","水龙娘的乳汁"
"301","マンタ娘","物品","226","大海の珊瑚","掉落","蝠鲼娘","大海的珊瑚"
"301","マンタ娘","物品","12","世界樹の葉","掉落","蝠鲼娘","世界树之叶"
"301","マンタ娘","物品","24","命の木の実","掉落","蝠鲼娘","生命之果"
"301","マンタ娘","物品","12","世界樹の葉","可偷物品","蝠鲼娘","世界树之叶"
"301","マンタ娘","防具","1097","金の勾玉","可偷物品","蝠鲼娘","金制勾玉"
"301","マンタ娘","物品","366","カニタマ","可偷食材","蝠鲼娘","蟹玉丼"
"301","マンタ娘","物品","226","大海の珊瑚","可偷素材","蝠鲼娘","大海的珊瑚"
"301","マンタ娘","物品","1301","マンタ娘のミルク","可偷牛奶","蝠鲼娘","蝠鲼娘的乳汁"
"302","イッカク娘","物品","228","大一角","掉落","独角鲸娘","大一角"
"302","イッカク娘","武器","250","正宗","掉落","独角鲸娘","正宗"
"302","イッカク娘","物品","9","エリクサー","掉落","独角鲸娘","圣灵药"
"302","イッカク娘","物品","9","エリクサー","可偷物品","独角鲸娘","圣灵药"
"302","イッカク娘","物品","25","不思議な木の実","可偷物品","独角鲸娘","不可思议之果"
"302","イッカク娘","物品","396","おでん","可偷食材","独角鲸娘","关东煮"
"302","イッカク娘","物品","228","大一角","可偷素材","独角鲸娘","大一角"
"302","イッカク娘","物品","1302","イッカク娘のミルク","可偷牛奶","独角鲸娘","独角鲸娘的乳汁"
"303","トリックフェアリー","物品","229","精霊のどんぐり","掉落","捣蛋小仙子","精灵的橡果"
"303","トリックフェアリー","物品","450","ちぃぱっぱ","掉落","捣蛋小仙子","叽啪啪"
"303","トリックフェアリー","物品","65","疾風緑風石","掉落","捣蛋小仙子","疾风绿风石"
"303","トリックフェアリー","物品","5","エルフの霊薬","可偷物品","捣蛋小仙子","精灵的灵药"
"303","トリックフェアリー","防具","1373","自然感応の秘伝書","可偷物品","捣蛋小仙子","自然感应之秘传书"
"303","トリックフェアリー","物品","412","うさぎもち","可偷食材","捣蛋小仙子","兔子年糕"
"303","トリックフェアリー","物品","229","精霊のどんぐり","可偷素材","捣蛋小仙子","精灵的橡果"
"303","トリックフェアリー","物品","1303","トリックフェアリーのミルク","可偷牛奶","捣蛋小仙子","捣蛋小仙子的乳汁"
"304","アマゾネスエルフ","物品","5","エルフの霊薬","掉落","亚马逊精灵","精灵的灵药"
"304","アマゾネスエルフ","物品","230","涙の魔石","掉落","亚马逊精灵","泪的魔石"
"304","アマゾネスエルフ","物品","69","土流橙土石","掉落","亚马逊精灵","土流橙土石"
"304","アマゾネスエルフ","物品","8","バーストドリンク","可偷物品","亚马逊精灵","爆发饮料"
"304","アマゾネスエルフ","防具","1710","エルフの魔晶石","可偷物品","亚马逊精灵","精灵的魔晶石"
"304","アマゾネスエルフ","物品","319","じゃがいも","可偷食材","亚马逊精灵","土豆"
"304","アマゾネスエルフ","物品","230","涙の魔石","可偷素材","亚马逊精灵","泪的魔石"
"304","アマゾネスエルフ","防具","1899","妖鬼のふんどし","可偷内裤","亚马逊精灵","妖鬼的兜裆布"
"304","アマゾネスエルフ","物品","1304","アマゾネスエルフのミルク","可偷牛奶","亚马逊精灵","亚马逊精灵的乳汁"
"305","カーバンクル娘","物品","450","ちぃぱっぱ","掉落","卡班克尔娘","叽啪啪"
"305","カーバンクル娘","物品","65","疾風緑風石","掉落","卡班克尔娘","疾风绿风石"
"305","カーバンクル娘","武器","103","アロンダイト","掉落","卡班克尔娘","阿隆戴特"
"305","カーバンクル娘","物品","5","エルフの霊薬","可偷物品","卡班克尔娘","精灵的灵药"
"305","カーバンクル娘","防具","1009","クリスタルオーブ","可偷物品","卡班克尔娘","水晶宝珠"
"305","カーバンクル娘","物品","379","コロッケ","可偷食材","卡班克尔娘","可乐饼"
"305","カーバンクル娘","物品","65","疾風緑風石","可偷素材","卡班克尔娘","疾风绿风石"
"305","カーバンクル娘","物品","1305","カーバンクル娘のミルク","可偷牛奶","卡班克尔娘","卡班克尔娘的乳汁"
"306","ジャイガンテック娘","物品","8","バーストドリンク","掉落","巨人娘","爆发饮料"
"306","ジャイガンテック娘","物品","69","土流橙土石","掉落","巨人娘","土流橙土石"
"306","ジャイガンテック娘","物品","26","力の種","掉落","巨人娘","力量之种"
"306","ジャイガンテック娘","物品","8","バーストドリンク","可偷物品","巨人娘","爆发饮料"
"306","ジャイガンテック娘","防具","1024","巨人の小手","可偷物品","巨人娘","巨人护手"
"306","ジャイガンテック娘","物品","329","肉","可偷食材","巨人娘","肉"
"306","ジャイガンテック娘","物品","69","土流橙土石","可偷素材","巨人娘","土流橙土石"
"306","ジャイガンテック娘","防具","1898","キャンディパンツ","可偷内裤","巨人娘","坎蒂内裤"
"306","ジャイガンテック娘","物品","1306","ジャイガンテック娘のミルク","可偷牛奶","巨人娘","巨人娘的乳汁"
"307","クィーンフェアリー","物品","28","魔力の種","掉落","妖精女王","魔力之种"
"307","クィーンフェアリー","物品","229","精霊のどんぐり","掉落","妖精女王","精灵的橡果"
"307","クィーンフェアリー","防具","1373","自然感応の秘伝書","掉落","妖精女王","自然感应之秘传书"
"307","クィーンフェアリー","防具","1900","ヴァンパイアパンツ","可偷内裤","妖精女王","吸血鬼内裤"
"307","クィーンフェアリー","物品","1307","クィーンフェアリーのミルク","可偷牛奶","妖精女王","妖精女王的乳汁"
"308","クィーンエルフ","物品","29","精神の種","掉落","精灵女王","精神之种"
"308","クィーンエルフ","物品","230","涙の魔石","掉落","精灵女王","泪的魔石"
"308","クィーンエルフ","防具","1608","弓の勲章","掉落","精灵女王","弓之勋章"
"308","クィーンエルフ","防具","1901","ウィッチサキュバスのパンツ","可偷内裤","精灵女王","女巫魅魔的内裤"
"308","クィーンエルフ","物品","1308","クィーンエルフのミルク","可偷牛奶","精灵女王","精灵女王的乳汁"
"309","フォレストアルラウネ","物品","232","艶めかしい花びら","掉落","森林阿娜温","艳丽的花瓣"
"309","フォレストアルラウネ","物品","3","究極薬草","掉落","森林阿娜温","究极药草"
"309","フォレストアルラウネ","物品","65","疾風緑風石","掉落","森林阿娜温","疾风绿风石"
"309","フォレストアルラウネ","物品","3","究極薬草","可偷物品","森林阿娜温","究极药草"
"309","フォレストアルラウネ","防具","1609","鞭の勲章","可偷物品","森林阿娜温","鞭子之勋章"
"309","フォレストアルラウネ","物品","390","クリームシチュー","可偷食材","森林阿娜温","奶油炖菜"
"309","フォレストアルラウネ","物品","232","艶めかしい花びら","可偷素材","森林阿娜温","艳丽的花瓣"
"309","フォレストアルラウネ","物品","1309","フォレストアルラウネのミルク","可偷牛奶","森林阿娜温","森林阿娜温的乳汁"
"310","フォレストドリアード","物品","232","艶めかしい花びら","掉落","森林树精","艳丽的花瓣"
"310","フォレストドリアード","物品","5","エルフの霊薬","掉落","森林树精","精灵的灵药"
"310","フォレストドリアード","物品","69","土流橙土石","掉落","森林树精","土流橙土石"
"310","フォレストドリアード","物品","5","エルフの霊薬","可偷物品","森林树精","精灵的灵药"
"310","フォレストドリアード","防具","1230","植物破りの呪符","可偷物品","森林树精","植物破咒符"
"310","フォレストドリアード","物品","367","パエリア","可偷食材","森林树精","海鲜饭"
"310","フォレストドリアード","物品","232","艶めかしい花びら","可偷素材","森林树精","艳丽的花瓣"
"310","フォレストドリアード","物品","1310","フォレストドリアードのミルク","可偷牛奶","森林树精","森林树精的乳汁"
"311","ワルラウネ","物品","22","万能薬","掉落","恶娜温","万能药"
"311","ワルラウネ","物品","232","艶めかしい花びら","掉落","恶娜温","艳丽的花瓣"
"311","ワルラウネ","物品","61","電光黄雷石","掉落","恶娜温","电光黄雷石"
"311","ワルラウネ","物品","22","万能薬","可偷物品","恶娜温","万能药"
"311","ワルラウネ","防具","1194","吸精の薔薇","可偷物品","恶娜温","吸精玫瑰"
"311","ワルラウネ","物品","393","グラタン","可偷食材","恶娜温","奶汁烤菜"
"311","ワルラウネ","物品","232","艶めかしい花びら","可偷素材","恶娜温","艳丽的花瓣"
"311","ワルラウネ","物品","1311","ワルラウネのミルク","可偷牛奶","恶娜温","恶娜温的乳汁"
"312","ドリアード","物品","22","万能薬","掉落","树精","万能药"
"312","ドリアード","物品","232","艶めかしい花びら","掉落","树精","艳丽的花瓣"
"312","ドリアード","物品","61","電光黄雷石","掉落","树精","电光黄雷石"
"312","ドリアード","物品","22","万能薬","可偷物品","树精","万能药"
"312","ドリアード","防具","1585","ラプチャガード","可偷物品","树精","恍惚防护"
"312","ドリアード","物品","381","野菜サラダ","可偷食材","树精","蔬菜沙拉"
"312","ドリアード","物品","232","艶めかしい花びら","可偷素材","树精","艳丽的花瓣"
"312","ドリアード","物品","1312","良いドリアードのミルク","可偷牛奶","树精","善良树精的乳汁"
"313","ドリアード","物品","22","万能薬","掉落","树精","万能药"
"313","ドリアード","物品","232","艶めかしい花びら","掉落","树精","艳丽的花瓣"
"313","ドリアード","物品","29","精神の種","掉落","树精","精神之种"
"313","ドリアード","物品","22","万能薬","可偷物品","树精","万能药"
"313","ドリアード","防具","1549","ポイズンガード","可偷物品","树精","中毒防护"
"313","ドリアード","物品","380","野菜炒め","可偷食材","树精","炒蔬菜"
"313","ドリアード","物品","232","艶めかしい花びら","可偷素材","树精","艳丽的花瓣"
"313","ドリアード","物品","1313","悪いドリアードのミルク","可偷牛奶","树精","邪恶树精的乳汁"
"314","クィーンアルラウネ","物品","5","エルフの霊薬","掉落","阿娜温女王","精灵的灵药"
"314","クィーンアルラウネ","物品","232","艶めかしい花びら","掉落","阿娜温女王","艳丽的花瓣"
"314","クィーンアルラウネ","防具","1397","植物技の秘伝書","掉落","阿娜温女王","植物技之秘传书"
"314","クィーンアルラウネ","物品","1314","クィーンアルラウネのミルク","可偷牛奶","阿娜温女王","阿娜温女王的乳汁"
"315","アジ・ダハーカ","物品","223","竜の牙","掉落","阿兹・达哈卡","龙的牙齿"
"315","アジ・ダハーカ","物品","9","エリクサー","掉落","阿兹・达哈卡","圣灵药"
"315","アジ・ダハーカ","武器","350","プリズムファング","掉落","阿兹・达哈卡","棱镜之牙"
"315","アジ・ダハーカ","物品","9","エリクサー","可偷物品","阿兹・达哈卡","圣灵药"
"315","アジ・ダハーカ","防具","1015","覇王のタトゥー","可偷物品","阿兹・达哈卡","霸王纹身"
"315","アジ・ダハーカ","物品","371","牛丼","可偷食材","阿兹・达哈卡","牛丼"
"315","アジ・ダハーカ","物品","247","覇竜の牙","可偷素材","阿兹・达哈卡","霸龙的牙齿"
"315","アジ・ダハーカ","物品","1315","アジ・ダハーカのミルク","可偷牛奶","阿兹・达哈卡","阿兹・达哈卡的乳汁"
"316","ナイトマーメイド","物品","234","神秘の鱗","掉落","骑士人鱼","神秘的鳞片"
"316","ナイトマーメイド","物品","3","究極薬草","掉落","骑士人鱼","究极药草"
"316","ナイトマーメイド","物品","73","激流青水石","掉落","骑士人鱼","激流青水石"
"316","ナイトマーメイド","物品","73","激流青水石","可偷物品","骑士人鱼","激流青水石"
"316","ナイトマーメイド","防具","1370","海技の秘伝書","可偷物品","骑士人鱼","海技之秘传书"
"316","ナイトマーメイド","物品","357","サンドウイッチ","可偷食材","骑士人鱼","三明治"
"316","ナイトマーメイド","物品","234","神秘の鱗","可偷素材","骑士人鱼","神秘的鳞片"
"316","ナイトマーメイド","物品","1316","ナイトマーメイドのミルク","可偷牛奶","骑士人鱼","骑士人鱼的乳汁"
"317","ジェネラルマーメイド","物品","234","神秘の鱗","掉落","将军人鱼","神秘的鳞片"
"317","ジェネラルマーメイド","物品","29","精神の種","掉落","将军人鱼","精神之种"
"317","ジェネラルマーメイド","物品","73","激流青水石","掉落","将军人鱼","激流青水石"
"317","ジェネラルマーメイド","物品","5","エルフの霊薬","可偷物品","将军人鱼","精灵的灵药"
"317","ジェネラルマーメイド","防具","1291","槍の書","可偷物品","将军人鱼","枪之书"
"317","ジェネラルマーメイド","物品","382","フルーツサラダ","可偷食材","将军人鱼","水果沙拉"
"317","ジェネラルマーメイド","物品","234","神秘の鱗","可偷素材","将军人鱼","神秘的鳞片"
"317","ジェネラルマーメイド","物品","1317","ジェネラルマーメイドのミルク","可偷牛奶","将军人鱼","将军人鱼的乳汁"
"318","ローレライ","物品","234","神秘の鱗","掉落","罗蕾莱","神秘的鳞片"
"318","ローレライ","物品","5","エルフの霊薬","掉落","罗蕾莱","精灵的灵药"
"318","ローレライ","物品","73","激流青水石","掉落","罗蕾莱","激流青水石"
"318","ローレライ","物品","5","エルフの霊薬","可偷物品","罗蕾莱","精灵的灵药"
"318","ローレライ","防具","1291","槍の書","可偷物品","罗蕾莱","枪之书"
"318","ローレライ","物品","382","フルーツサラダ","可偷食材","罗蕾莱","水果沙拉"
"318","ローレライ","物品","234","神秘の鱗","可偷素材","罗蕾莱","神秘的鳞片"
"318","ローレライ","物品","1318","ローレライのミルク","可偷牛奶","罗蕾莱","罗蕾莱的乳汁"
"319","エル","物品","25","不思議な木の実","掉落","艾露","不可思议之果"
"319","エル","物品","234","神秘の鱗","掉落","艾露","神秘的鳞片"
"319","エル","物品","404","たいやき","掉落","艾露","鲷鱼烧"
"319","エル","物品","1319","エルのミルク","可偷牛奶","艾露","艾露的乳汁"
"320","クィーンマーメイド","物品","29","精神の種","掉落","人鱼女王","精神之种"
"320","クィーンマーメイド","物品","234","神秘の鱗","掉落","人鱼女王","神秘的鳞片"
"320","クィーンマーメイド","防具","1370","海技の秘伝書","掉落","人鱼女王","海技之秘传书"
"320","クィーンマーメイド","物品","1320","クィーンマーメイドのミルク","可偷牛奶","人鱼女王","人鱼女王的乳汁"
"321","アラクネ","物品","175","蜘蛛の糸","掉落","阿拉克涅","蜘蛛之丝"
"321","アラクネ","物品","3","究極薬草","掉落","阿拉克涅","究极药草"
"321","アラクネ","物品","65","疾風緑風石","掉落","阿拉克涅","疾风绿风石"
"321","アラクネ","物品","65","疾風緑風石","可偷物品","阿拉克涅","疾风绿风石"
"321","アラクネ","防具","1450","スロウの秘印","可偷物品","阿拉克涅","减速之秘印"
"321","アラクネ","物品","319","じゃがいも","可偷食材","阿拉克涅","土豆"
"321","アラクネ","物品","175","蜘蛛の糸","可偷素材","阿拉克涅","蜘蛛之丝"
"321","アラクネ","物品","1321","アラクネのミルク","可偷牛奶","阿拉克涅","阿拉克涅的乳汁"
"322","アラクネ","物品","175","蜘蛛の糸","掉落","阿拉克涅","蜘蛛之丝"
"322","アラクネ","物品","3","究極薬草","掉落","阿拉克涅","究极药草"
"322","アラクネ","物品","69","土流橙土石","掉落","阿拉克涅","土流橙土石"
"322","アラクネ","物品","69","土流橙土石","可偷物品","阿拉克涅","土流橙土石"
"322","アラクネ","防具","1450","スロウの秘印","可偷物品","阿拉克涅","减速之秘印"
"322","アラクネ","物品","321","とうがらし","可偷食材","阿拉克涅","辣椒"
"322","アラクネ","物品","175","蜘蛛の糸","可偷素材","阿拉克涅","蜘蛛之丝"
"322","アラクネ","物品","1321","アラクネのミルク","可偷牛奶","阿拉克涅","阿拉克涅的乳汁"
"323","アラクネ","物品","175","蜘蛛の糸","掉落","阿拉克涅","蜘蛛之丝"
"323","アラクネ","物品","3","究極薬草","掉落","阿拉克涅","究极药草"
"323","アラクネ","物品","73","激流青水石","掉落","阿拉克涅","激流青水石"
"323","アラクネ","物品","73","激流青水石","可偷物品","阿拉克涅","激流青水石"
"323","アラクネ","防具","1450","スロウの秘印","可偷物品","阿拉克涅","减速之秘印"
"323","アラクネ","物品","315","ネギ","可偷食材","阿拉克涅","葱"
"323","アラクネ","物品","175","蜘蛛の糸","可偷素材","阿拉克涅","蜘蛛之丝"
"323","アラクネ","物品","1321","アラクネのミルク","可偷牛奶","阿拉克涅","阿拉克涅的乳汁"
"324","あやし土蜘蛛","物品","17","満月草","掉落","诡怪土蜘蛛","满月草"
"324","あやし土蜘蛛","物品","175","蜘蛛の糸","掉落","诡怪土蜘蛛","蜘蛛之丝"
"324","あやし土蜘蛛","物品","69","土流橙土石","掉落","诡怪土蜘蛛","土流橙土石"
"324","あやし土蜘蛛","物品","17","満月草","可偷物品","诡怪土蜘蛛","满月草"
"324","あやし土蜘蛛","防具","1569","ストップガード","可偷物品","诡怪土蜘蛛","停止防护"
"324","あやし土蜘蛛","物品","332","豆腐","可偷食材","诡怪土蜘蛛","豆腐"
"324","あやし土蜘蛛","物品","175","蜘蛛の糸","可偷素材","诡怪土蜘蛛","蜘蛛之丝"
"324","あやし土蜘蛛","物品","1324","あやし土蜘蛛のミルク","可偷牛奶","诡怪土蜘蛛","诡怪土蜘蛛的乳汁"
"325","アラクネロード","物品","22","万能薬","掉落","阿拉克涅领主","万能药"
"325","アラクネロード","物品","175","蜘蛛の糸","掉落","阿拉克涅领主","蜘蛛之丝"
"325","アラクネロード","物品","65","疾風緑風石","掉落","阿拉克涅领主","疾风绿风石"
"325","アラクネロード","物品","22","万能薬","可偷物品","阿拉克涅领主","万能药"
"325","アラクネロード","防具","29","アサルトスーツ","可偷物品","阿拉克涅领主","突击套装"
"325","アラクネロード","物品","351","プレッツェル","可偷食材","阿拉克涅领主","扭结面包"
"325","アラクネロード","物品","175","蜘蛛の糸","可偷素材","阿拉克涅领主","蜘蛛之丝"
"325","アラクネロード","物品","1325","アラクネロードのミルク","可偷牛奶","阿拉克涅领主","阿拉克涅领主的乳汁"
"326","アトラク＝ナクア","物品","3","究極薬草","掉落","阿特拉克・纳克亚","究极药草"
"326","アトラク＝ナクア","物品","175","蜘蛛の糸","掉落","阿特拉克・纳克亚","蜘蛛之丝"
"326","アトラク＝ナクア","物品","81","輝晶黒闇石","掉落","阿特拉克・纳克亚","辉晶黑暗石"
"326","アトラク＝ナクア","物品","22","万能薬","可偷物品","阿特拉克・纳克亚","万能药"
"326","アトラク＝ナクア","防具","29","アサルトスーツ","可偷物品","阿特拉克・纳克亚","突击套装"
"326","アトラク＝ナクア","物品","351","プレッツェル","可偷食材","阿特拉克・纳克亚","扭结面包"
"326","アトラク＝ナクア","物品","175","蜘蛛の糸","可偷素材","阿特拉克・纳克亚","蜘蛛之丝"
"326","アトラク＝ナクア","物品","1326","アトラク＝ナクアのミルク","可偷牛奶","阿特拉克・纳克亚","阿特拉克・纳克亚的乳汁"
"327","蜘蛛之皇女","物品","31","器用さの種","掉落","蜘蛛之皇女","灵巧之种"
"327","蜘蛛之皇女","物品","175","蜘蛛の糸","掉落","蜘蛛之皇女","蜘蛛之丝"
"327","蜘蛛之皇女","防具","1678","妖虫の悟り","掉落","蜘蛛之皇女","妖虫的领悟"
"327","蜘蛛之皇女","物品","1327","蜘蛛之皇女のミルク","可偷牛奶","蜘蛛之皇女","蜘蛛皇女的乳汁"
"328","コンキスタ","物品","21","脱淫薬","掉落","征服者","脱淫药"
"328","コンキスタ","物品","224","夜の黒片","掉落","征服者","夜的黑片"
"328","コンキスタ","物品","65","疾風緑風石","掉落","征服者","疾风绿风石"
"328","コンキスタ","物品","20","金の針","可偷物品","征服者","金针"
"328","コンキスタ","防具","1216","吸血鬼破りの呪符","可偷物品","征服者","吸血鬼破除的咒符"
"328","コンキスタ","物品","313","トマト","可偷食材","征服者","番茄"
"328","コンキスタ","物品","224","夜の黒片","可偷素材","征服者","夜的黑片"
"328","コンキスタ","物品","1328","コンキスタのミルク","可偷牛奶","征服者","征服者的乳汁"
"329","ヴェンデッタ","物品","22","万能薬","掉落","仇杀者","万能药"
"329","ヴェンデッタ","物品","224","夜の黒片","掉落","仇杀者","夜的黑片"
"329","ヴェンデッタ","物品","81","輝晶黒闇石","掉落","仇杀者","辉晶黑暗石"
"329","ヴェンデッタ","物品","20","金の針","可偷物品","仇杀者","金针"
"329","ヴェンデッタ","防具","1216","吸血鬼破りの呪符","可偷物品","仇杀者","吸血鬼破除的咒符"
"329","ヴェンデッタ","物品","313","トマト","可偷食材","仇杀者","番茄"
"329","ヴェンデッタ","物品","224","夜の黒片","可偷素材","仇杀者","夜的黑片"
"329","ヴェンデッタ","物品","1329","ヴェンデッタのミルク","可偷牛奶","仇杀者","仇杀者的乳汁"
"330","エルダーヴァンパイア","物品","20","金の針","掉落","长老吸血鬼","金针"
"330","エルダーヴァンパイア","物品","224","夜の黒片","掉落","长老吸血鬼","夜的黑片"
"330","エルダーヴァンパイア","物品","61","電光黄雷石","掉落","长老吸血鬼","电光黄雷石"
"330","エルダーヴァンパイア","物品","20","金の針","可偷物品","长老吸血鬼","金针"
"330","エルダーヴァンパイア","防具","1216","吸血鬼破りの呪符","可偷物品","长老吸血鬼","吸血鬼破除的咒符"
"330","エルダーヴァンパイア","物品","313","トマト","可偷食材","长老吸血鬼","番茄"
"330","エルダーヴァンパイア","物品","224","夜の黒片","可偷素材","长老吸血鬼","夜的黑片"
"330","エルダーヴァンパイア","物品","1330","エルダーヴァンパイアのミルク","可偷牛奶","长老吸血鬼","长老吸血鬼的乳汁"
"331","カーミラ","物品","224","夜の黒片","掉落","卡米拉","夜的黑片"
"331","カーミラ","物品","3","究極薬草","掉落","卡米拉","究极药草"
"331","カーミラ","防具","141","ディジョンローブ","掉落","卡米拉","第戎长袍"
"331","カーミラ","物品","3","究極薬草","可偷物品","卡米拉","究极药草"
"331","カーミラ","防具","1250","雷の秘伝書","可偷物品","卡米拉","雷之秘传书"
"331","カーミラ","物品","382","フルーツサラダ","可偷食材","卡米拉","水果沙拉"
"331","カーミラ","物品","224","夜の黒片","可偷素材","卡米拉","夜的黑片"
"331","カーミラ","防具","1910","吸血女王のパンツ","可偷内裤","卡米拉","吸血女王的内裤"
"331","カーミラ","物品","1331","カーミラのミルク","可偷牛奶","卡米拉","卡米拉的乳汁"
"332","エリザベート","物品","224","夜の黒片","掉落","伊丽莎白","夜的黑片"
"332","エリザベート","物品","3","究極薬草","掉落","伊丽莎白","究极药草"
"332","エリザベート","防具","88","ブレイブアーマー","掉落","伊丽莎白","勇气铠甲"
"332","エリザベート","物品","3","究極薬草","可偷物品","伊丽莎白","究极药草"
"332","エリザベート","防具","1048","千里眼の櫛","可偷物品","伊丽莎白","千里眼梳子"
"332","エリザベート","物品","386","ローストチキン","可偷食材","伊丽莎白","烤鸡"
"332","エリザベート","物品","224","夜の黒片","可偷素材","伊丽莎白","夜的黑片"
"332","エリザベート","防具","1911","マスターシャドウのパンツ","可偷内裤","伊丽莎白","幽影之主的内裤"
"332","エリザベート","物品","1332","エリザベートのミルク","可偷牛奶","伊丽莎白","伊丽莎白的乳汁"
"333","クィーンヴァンパイア","物品","28","魔力の種","掉落","吸血鬼女王","魔力之种"
"333","クィーンヴァンパイア","物品","224","夜の黒片","掉落","吸血鬼女王","夜的黑片"
"333","クィーンヴァンパイア","防具","1196","暗黒念","掉落","吸血鬼女王","黑暗念"
"333","クィーンヴァンパイア","防具","1912","キリンパンツ","可偷内裤","吸血鬼女王","麒麟内裤"
"333","クィーンヴァンパイア","物品","1333","クィーンヴァンパイアのミルク","可偷牛奶","吸血鬼女王","吸血鬼女王的乳汁"
"334","マスターシャドウ","物品","210","妖怪の髪","掉落","幽影之主","妖怪的头发"
"334","マスターシャドウ","物品","5","エルフの霊薬","掉落","幽影之主","精灵的灵药"
"334","マスターシャドウ","物品","81","輝晶黒闇石","掉落","幽影之主","辉晶黑暗石"
"334","マスターシャドウ","物品","5","エルフの霊薬","可偷物品","幽影之主","精灵的灵药"
"334","マスターシャドウ","防具","1400","屍技の秘伝書","可偷物品","幽影之主","尸技之秘传书"
"334","マスターシャドウ","物品","311","なすび","可偷食材","幽影之主","茄子"
"334","マスターシャドウ","物品","210","妖怪の髪","可偷素材","幽影之主","妖怪的头发"
"334","マスターシャドウ","防具","1922","キューピッドのパンツ","可偷内裤","幽影之主","丘比特的内裤"
"334","マスターシャドウ","物品","1334","マスターシャドウのミルク","可偷牛奶","幽影之主","幽影之主的乳汁"
"335","煙々羅","物品","22","万能薬","掉落","烟烟罗","万能药"
"335","煙々羅","物品","236","妖力の結晶","掉落","烟烟罗","妖力的结晶"
"335","煙々羅","物品","25","不思議な木の実","掉落","烟烟罗","不可思议之果"
"335","煙々羅","物品","22","万能薬","可偷物品","烟烟罗","万能药"
"335","煙々羅","防具","1214","妖怪破りの呪符","可偷物品","烟烟罗","妖怪破除的咒符"
"335","煙々羅","物品","408","おだんご","可偷食材","烟烟罗","团子"
"335","煙々羅","物品","236","妖力の結晶","可偷素材","烟烟罗","妖力的结晶"
"335","煙々羅","物品","1335","煙々羅のミルク","可偷牛奶","烟烟罗","烟烟罗的乳汁"
"336","麒麟","物品","236","妖力の結晶","掉落","麒麟","妖力的结晶"
"336","麒麟","物品","5","エルフの霊薬","掉落","麒麟","精灵的灵药"
"336","麒麟","物品","61","電光黄雷石","掉落","麒麟","电光黄雷石"
"336","麒麟","物品","5","エルフの霊薬","可偷物品","麒麟","精灵的灵药"
"336","麒麟","防具","1250","雷の秘伝書","可偷物品","麒麟","雷之秘传书"
"336","麒麟","物品","403","たこ焼き","可偷食材","麒麟","章鱼烧"
"336","麒麟","物品","236","妖力の結晶","可偷素材","麒麟","妖力的结晶"
"336","麒麟","防具","1923","ヴァルキリーのパンツ","可偷内裤","麒麟","瓦尔基里穿过的内裤"
"336","麒麟","物品","1336","麒麟のミルク","可偷牛奶","麒麟","麒麟的乳汁"
"337","蛇骨女","物品","236","妖力の結晶","掉落","蛇骨女","妖力的结晶"
"337","蛇骨女","物品","5","エルフの霊薬","掉落","蛇骨女","精灵的灵药"
"337","蛇骨女","物品","28","魔力の種","掉落","蛇骨女","魔力之种"
"337","蛇骨女","物品","5","エルフの霊薬","可偷物品","蛇骨女","精灵的灵药"
"337","蛇骨女","防具","1382","蛇技の秘伝書","可偷物品","蛇骨女","蛇技之秘传书"
"337","蛇骨女","物品","383","焼き魚","可偷食材","蛇骨女","烤鱼"
"337","蛇骨女","物品","236","妖力の結晶","可偷素材","蛇骨女","妖力的结晶"
"337","蛇骨女","防具","1926","タイタニアのパンツ","可偷内裤","蛇骨女","缇坦妮雅的内裤"
"337","蛇骨女","物品","1337","蛇骨女のミルク","可偷牛奶","蛇骨女","蛇骨女的乳汁"
"338","ベヒーモス娘","物品","8","バーストドリンク","掉落","贝希摩斯娘","爆发饮料"
"338","ベヒーモス娘","物品","238","狂獣の爪","掉落","贝希摩斯娘","狂兽的爪子"
"338","ベヒーモス娘","物品","26","力の種","掉落","贝希摩斯娘","力量之种"
"338","ベヒーモス娘","物品","8","バーストドリンク","可偷物品","贝希摩斯娘","爆发饮料"
"338","ベヒーモス娘","防具","1379","獣技の秘伝書","可偷物品","贝希摩斯娘","兽技之秘传书"
"338","ベヒーモス娘","物品","371","牛丼","可偷食材","贝希摩斯娘","牛丼"
"338","ベヒーモス娘","物品","238","狂獣の爪","可偷素材","贝希摩斯娘","狂兽的爪子"
"338","ベヒーモス娘","物品","1338","ベヒーモス娘のミルク","可偷牛奶","贝希摩斯娘","贝希摩斯娘的乳汁"
"339","ワイバーン","物品","237","真竜の牙","掉落","飞龙","真龙的牙齿"
"339","ワイバーン","物品","3","究極薬草","掉落","飞龙","究极药草"
"339","ワイバーン","物品","53","赤熱紅炎石","掉落","飞龙","赤热红炎石"
"339","ワイバーン","物品","3","究極薬草","可偷物品","飞龙","究极药草"
"339","ワイバーン","防具","1494","炎のアミュレット","可偷物品","飞龙","炎之护符"
"339","ワイバーン","物品","386","ローストチキン","可偷食材","飞龙","烤鸡"
"339","ワイバーン","物品","237","真竜の牙","可偷素材","飞龙","真龙的牙齿"
"339","ワイバーン","物品","1339","ワイバーンのミルク","可偷牛奶","飞龙","飞龙的乳汁"
"340","巨竜娘","物品","237","真竜の牙","掉落","巨龙娘","真龙的牙齿"
"340","巨竜娘","物品","27","守りの種","掉落","巨龙娘","守护之种"
"340","巨竜娘","防具","117","虹の甲羅","掉落","巨龙娘","虹制甲壳"
"340","巨竜娘","物品","237","真竜の牙","可偷物品","巨龙娘","真龙的牙齿"
"340","巨竜娘","防具","1024","巨人の小手","可偷物品","巨龙娘","巨人护手"
"340","巨竜娘","物品","435","アメ玉","可偷食材","巨龙娘","糖球"
"340","巨竜娘","物品","237","真竜の牙","可偷素材","巨龙娘","真龙的牙齿"
"340","巨竜娘","物品","1340","巨竜娘のミルク","可偷牛奶","巨龙娘","巨龙娘的乳汁"
"341","モンクサキュバス","物品","8","バーストドリンク","掉落","僧侣魅魔","爆发饮料"
"341","モンクサキュバス","物品","222","艶めかしい尻尾","掉落","僧侣魅魔","艳丽的尾巴"
"341","モンクサキュバス","防具","26","紅蓮武神闘衣","掉落","僧侣魅魔","红莲武神斗衣"
"341","モンクサキュバス","物品","8","バーストドリンク","可偷物品","僧侣魅魔","爆发饮料"
"341","モンクサキュバス","防具","1083","達人の黒帯","可偷物品","僧侣魅魔","达人的黑带"
"341","モンクサキュバス","物品","358","ハンバーガー","可偷食材","僧侣魅魔","汉堡"
"341","モンクサキュバス","物品","222","艶めかしい尻尾","可偷素材","僧侣魅魔","艳丽的尾巴"
"341","モンクサキュバス","防具","1924","ソニアパンツ","可偷内裤","僧侣魅魔","索尼娅的内裤"
"341","モンクサキュバス","物品","1341","モンクサキュバスのミルク","可偷牛奶","僧侣魅魔","僧侣魅魔的乳汁"
"342","モンクデーモン","物品","236","妖力の結晶","掉落","僧侣恶魔","妖力的结晶"
"342","モンクデーモン","物品","3","究極薬草","掉落","僧侣恶魔","究极药草"
"342","モンクデーモン","武器","320","ベヒーモスクロウ","掉落","僧侣恶魔","贝希摩斯之爪"
"342","モンクデーモン","物品","3","究極薬草","可偷物品","僧侣恶魔","究极药草"
"342","モンクデーモン","防具","1301","拳の秘伝書","可偷物品","僧侣恶魔","拳套之秘传书"
"342","モンクデーモン","物品","402","ホットドッグ","可偷食材","僧侣恶魔","热狗"
"342","モンクデーモン","物品","236","妖力の結晶","可偷素材","僧侣恶魔","妖力的结晶"
"342","モンクデーモン","防具","1925","フェルナンデスのパンツ","可偷内裤","僧侣恶魔","费尔南德斯的内裤"
"342","モンクデーモン","物品","1342","モンクデーモンのミルク","可偷牛奶","僧侣恶魔","僧侣恶魔的乳汁"
"343","スキュラサーバント","物品","202","巻き付く触手","掉落","斯库拉女仆","缠绕的触手"
"343","スキュラサーバント","物品","3","究極薬草","掉落","斯库拉女仆","究极药草"
"343","スキュラサーバント","武器","861","ディオニュソスの皿","掉落","斯库拉女仆","狄俄尼索斯之盘"
"343","スキュラサーバント","物品","3","究極薬草","可偷物品","斯库拉女仆","究极药草"
"343","スキュラサーバント","防具","1618","皿の勲章","可偷物品","斯库拉女仆","盘之勋章"
"343","スキュラサーバント","物品","393","グラタン","可偷食材","斯库拉女仆","奶汁烤菜"
"343","スキュラサーバント","物品","202","巻き付く触手","可偷素材","斯库拉女仆","缠绕的触手"
"343","スキュラサーバント","物品","1343","スキュラサーバントのミルク","可偷牛奶","斯库拉女仆","斯库拉女仆的乳汁"
"344","ヴィーヴル娘","物品","236","妖力の結晶","掉落","薇薇尔娘","妖力的结晶"
"344","ヴィーヴル娘","物品","5","エルフの霊薬","掉落","薇薇尔娘","精灵的灵药"
"344","ヴィーヴル娘","物品","53","赤熱紅炎石","掉落","薇薇尔娘","赤热红炎石"
"344","ヴィーヴル娘","物品","5","エルフの霊薬","可偷物品","薇薇尔娘","精灵的灵药"
"344","ヴィーヴル娘","防具","1367","魔技の秘伝書","可偷物品","薇薇尔娘","魔技之秘传书"
"344","ヴィーヴル娘","物品","350","チョココロネ","可偷食材","薇薇尔娘","巧克力螺旋面包"
"344","ヴィーヴル娘","物品","236","妖力の結晶","可偷素材","薇薇尔娘","妖力的结晶"
"344","ヴィーヴル娘","物品","1344","ヴィーヴル娘のミルク","可偷牛奶","薇薇尔娘","薇薇尔娘的乳汁"
"345","黒華","物品","9","エリクサー","掉落","黑华","圣灵药"
"345","黒華","物品","31","器用さの種","掉落","黑华","灵巧之种"
"345","黒華","物品","222","艶めかしい尻尾","掉落","黑华","艳丽的尾巴"
"345","黒華","防具","1928","玉藻のふんどし","可偷内裤","黑华","玉藻的兜裆布"
"345","黒華","物品","1345","黒華のミルク","可偷牛奶","黑华","黑华的乳汁"
"346","黒蛇","物品","26","力の種","掉落","黑蛇","力量之种"
"346","黒蛇","物品","220","メデューサの蛇","掉落","黑蛇","美杜莎的蛇"
"346","黒蛇","防具","1237","物理の書","掉落","黑蛇","物理之书"
"346","黒蛇","物品","1346","黒蛇のミルク","可偷牛奶","黑蛇","黑蛇的乳汁"
"347","黒薔薇","物品","22","万能薬","掉落","黑蔷薇","万能药"
"347","黒薔薇","物品","27","守りの種","掉落","黑蔷薇","守护之种"
"347","黒薔薇","物品","224","夜の黒片","掉落","黑蔷薇","夜的黑片"
"347","黒薔薇","防具","1929","ホリィパンツ","可偷内裤","黑蔷薇","霍莉内裤"
"347","黒薔薇","物品","1347","黒薔薇のミルク","可偷牛奶","黑蔷薇","黑蔷薇的乳汁"
"348","黒のアリス","防具","1930","リノアパンツ","可偷内裤","黑之爱丽丝","莉诺雅内裤"
"348","黒のアリス","物品","1348","黒のアリスのミルク","可偷牛奶","黑之爱丽丝","黑之爱丽丝的乳汁"
"349","黒のアリス","物品","1348","黒のアリスのミルク","可偷牛奶","黑之爱丽丝","黑之爱丽丝的乳汁"
"350","黒のアリス","物品","10","ラストエリクサー","掉落","黑之爱丽丝","最终圣灵药"
"350","黒のアリス","物品","243","禍々しい結晶","掉落","黑之爱丽丝","不祥的结晶"
"350","黒のアリス","防具","1078","漆黒の指輪","掉落","黑之爱丽丝","漆黑之戒"
"350","黒のアリス","物品","1348","黒のアリスのミルク","可偷牛奶","黑之爱丽丝","黑之爱丽丝的乳汁"
"351","氷の魔女","物品","236","妖力の結晶","掉落","冰之魔女","妖力的结晶"
"351","氷の魔女","物品","5","エルフの霊薬","掉落","冰之魔女","精灵的灵药"
"351","氷の魔女","物品","57","凍結蒼氷石","掉落","冰之魔女","冻结苍冰石"
"351","氷の魔女","物品","5","エルフの霊薬","可偷物品","冰之魔女","精灵的灵药"
"351","氷の魔女","防具","1498","氷のアミュレット","可偷物品","冰之魔女","冰之护符"
"351","氷の魔女","物品","424","アイスクリーム","可偷食材","冰之魔女","冰淇淋"
"351","氷の魔女","物品","236","妖力の結晶","可偷素材","冰之魔女","妖力的结晶"
"351","氷の魔女","防具","1931","ハイネパンツ","可偷内裤","冰之魔女","海涅内裤"
"351","氷の魔女","物品","1351","氷の魔女のミルク","可偷牛奶","冰之魔女","冰之魔女的乳汁"
"352","シロクマ娘","物品","416","くまさんチョコ","掉落","白熊娘","熊熊巧克力"
"352","シロクマ娘","物品","238","狂獣の爪","掉落","白熊娘","狂兽的爪子"
"352","シロクマ娘","物品","57","凍結蒼氷石","掉落","白熊娘","冻结苍冰石"
"352","シロクマ娘","物品","57","凍結蒼氷石","可偷物品","白熊娘","冻结苍冰石"
"352","シロクマ娘","防具","1304","牙の秘伝書","可偷物品","白熊娘","牙之秘传书"
"352","シロクマ娘","物品","416","くまさんチョコ","可偷食材","白熊娘","熊熊巧克力"
"352","シロクマ娘","物品","238","狂獣の爪","可偷素材","白熊娘","狂兽的爪子"
"352","シロクマ娘","物品","1352","シロクマ娘のミルク","可偷牛奶","白熊娘","白熊娘的乳汁"
"353","天使兵","物品","241","天使の羽根","掉落","天使兵","天使的羽毛"
"353","天使兵","物品","3","究極薬草","掉落","天使兵","究极药草"
"353","天使兵","物品","77","天空白聖石","掉落","天使兵","天空白圣石"
"353","天使兵","物品","3","究極薬草","可偷物品","天使兵","究极药草"
"353","天使兵","物品","77","天空白聖石","可偷物品","天使兵","天空白圣石"
"353","天使兵","物品","329","肉","可偷食材","天使兵","肉"
"353","天使兵","物品","241","天使の羽根","可偷素材","天使兵","天使的羽毛"
"353","天使兵","防具","1933","ギャルのパンツ","可偷内裤","天使兵","辣妹的内裤"
"353","天使兵","物品","1353","天使兵のミルク","可偷牛奶","天使兵","天使兵的乳汁"
"354","天使兵","物品","8","バーストドリンク","掉落","天使兵","爆发饮料"
"354","天使兵","物品","241","天使の羽根","掉落","天使兵","天使的羽毛"
"354","天使兵","物品","77","天空白聖石","掉落","天使兵","天空白圣石"
"354","天使兵","物品","8","バーストドリンク","可偷物品","天使兵","爆发饮料"
"354","天使兵","物品","77","天空白聖石","可偷物品","天使兵","天空白圣石"
"354","天使兵","物品","319","じゃがいも","可偷食材","天使兵","土豆"
"354","天使兵","物品","241","天使の羽根","可偷素材","天使兵","天使的羽毛"
"354","天使兵","防具","1933","ギャルのパンツ","可偷内裤","天使兵","辣妹的内裤"
"354","天使兵","物品","1353","天使兵のミルク","可偷牛奶","天使兵","天使兵的乳汁"
"355","天使兵","物品","241","天使の羽根","掉落","天使兵","天使的羽毛"
"355","天使兵","物品","77","天空白聖石","掉落","天使兵","天空白圣石"
"355","天使兵","物品","6","イリアスの霊薬","掉落","天使兵","伊莉娅丝的灵药"
"355","天使兵","物品","77","天空白聖石","可偷物品","天使兵","天空白圣石"
"355","天使兵","物品","6","イリアスの霊薬","可偷物品","天使兵","伊莉娅丝的灵药"
"355","天使兵","物品","316","タマネギ","可偷食材","天使兵","洋葱"
"355","天使兵","物品","241","天使の羽根","可偷素材","天使兵","天使的羽毛"
"355","天使兵","防具","1933","ギャルのパンツ","可偷内裤","天使兵","辣妹的内裤"
"355","天使兵","物品","1353","天使兵のミルク","可偷牛奶","天使兵","天使兵的乳汁"
"356","天使兵","物品","22","万能薬","掉落","天使兵","万能药"
"356","天使兵","物品","241","天使の羽根","掉落","天使兵","天使的羽毛"
"356","天使兵","物品","77","天空白聖石","掉落","天使兵","天空白圣石"
"356","天使兵","物品","22","万能薬","可偷物品","天使兵","万能药"
"356","天使兵","物品","77","天空白聖石","可偷物品","天使兵","天空白圣石"
"356","天使兵","物品","339","カレー粉","可偷食材","天使兵","咖喱粉"
"356","天使兵","物品","241","天使の羽根","可偷素材","天使兵","天使的羽毛"
"356","天使兵","防具","1933","ギャルのパンツ","可偷内裤","天使兵","辣妹的内裤"
"356","天使兵","物品","1353","天使兵のミルク","可偷牛奶","天使兵","天使兵的乳汁"
"357","天使兵","物品","241","天使の羽根","掉落","天使兵","天使的羽毛"
"357","天使兵","物品","77","天空白聖石","掉落","天使兵","天空白圣石"
"357","天使兵","物品","12","世界樹の葉","掉落","天使兵","世界树之叶"
"357","天使兵","物品","77","天空白聖石","可偷物品","天使兵","天空白圣石"
"357","天使兵","物品","12","世界樹の葉","可偷物品","天使兵","世界树之叶"
"357","天使兵","物品","360","ライス","可偷食材","天使兵","米饭"
"357","天使兵","物品","241","天使の羽根","可偷素材","天使兵","天使的羽毛"
"357","天使兵","防具","1933","ギャルのパンツ","可偷内裤","天使兵","辣妹的内裤"
"357","天使兵","物品","1353","天使兵のミルク","可偷牛奶","天使兵","天使兵的乳汁"
"358","トリニティ","物品","241","天使の羽根","掉落","三位一体","天使的羽毛"
"358","トリニティ","物品","6","イリアスの霊薬","掉落","三位一体","伊莉娅丝的灵药"
"358","トリニティ","物品","29","精神の種","掉落","三位一体","精神之种"
"358","トリニティ","物品","6","イリアスの霊薬","可偷物品","三位一体","伊莉娅丝的灵药"
"358","トリニティ","防具","1406","歌奥義書","可偷物品","三位一体","歌奥义书"
"358","トリニティ","物品","424","アイスクリーム","可偷食材","三位一体","冰淇淋"
"358","トリニティ","物品","241","天使の羽根","可偷素材","三位一体","天使的羽毛"
"358","トリニティ","防具","1934","ターサのパンツ","可偷内裤","三位一体","塔莎的内裤"
"358","トリニティ","物品","1358","トリニティのミルク","可偷牛奶","三位一体","三位一体的乳汁"
"359","トリニティ","物品","424","アイスクリーム","掉落","三位一体","冰淇淋"
"359","トリニティ","物品","241","天使の羽根","掉落","三位一体","天使的羽毛"
"359","トリニティ","物品","9","エリクサー","掉落","三位一体","圣灵药"
"359","トリニティ","物品","77","天空白聖石","可偷物品","三位一体","天空白圣石"
"359","トリニティ","物品","9","エリクサー","可偷物品","三位一体","圣灵药"
"359","トリニティ","物品","424","アイスクリーム","可偷食材","三位一体","冰淇淋"
"359","トリニティ","物品","241","天使の羽根","可偷素材","三位一体","天使的羽毛"
"359","トリニティ","防具","1934","ターサのパンツ","可偷内裤","三位一体","塔莎的内裤"
"359","トリニティ","物品","1358","トリニティのミルク","可偷牛奶","三位一体","三位一体的乳汁"
"360","トリニティ","物品","241","天使の羽根","掉落","三位一体","天使的羽毛"
"360","トリニティ","物品","3","究極薬草","掉落","三位一体","究极药草"
"360","トリニティ","物品","77","天空白聖石","掉落","三位一体","天空白圣石"
"360","トリニティ","物品","3","究極薬草","可偷物品","三位一体","究极药草"
"360","トリニティ","防具","1268","音波の秘伝書","可偷物品","三位一体","音波之秘传书"
"360","トリニティ","物品","424","アイスクリーム","可偷食材","三位一体","冰淇淋"
"360","トリニティ","物品","241","天使の羽根","可偷素材","三位一体","天使的羽毛"
"360","トリニティ","防具","1934","ターサのパンツ","可偷内裤","三位一体","塔莎的内裤"
"360","トリニティ","物品","1358","トリニティのミルク","可偷牛奶","三位一体","三位一体的乳汁"
"361","ウラヌス","物品","241","天使の羽根","掉落","乌拉诺斯","天使的羽毛"
"361","ウラヌス","物品","3","究極薬草","掉落","乌拉诺斯","究极药草"
"361","ウラヌス","物品","77","天空白聖石","掉落","乌拉诺斯","天空白圣石"
"361","ウラヌス","物品","3","究極薬草","可偷物品","乌拉诺斯","究极药草"
"361","ウラヌス","物品","24","命の木の実","可偷物品","乌拉诺斯","生命之果"
"361","ウラヌス","物品","348","メロンパン","可偷食材","乌拉诺斯","蜜瓜包"
"361","ウラヌス","物品","241","天使の羽根","可偷素材","乌拉诺斯","天使的羽毛"
"361","ウラヌス","物品","1361","ウラヌスのミルク","可偷牛奶","乌拉诺斯","乌拉诺斯的乳汁"
"362","エリシエル","物品","301","りんご","掉落","伊利西艾尔","苹果"
"362","エリシエル","物品","22","万能薬","掉落","伊利西艾尔","万能药"
"362","エリシエル","物品","241","天使の羽根","掉落","伊利西艾尔","天使的羽毛"
"362","エリシエル","物品","22","万能薬","可偷物品","伊利西艾尔","万能药"
"362","エリシエル","防具","1409","花粉奥義書","可偷物品","伊利西艾尔","花粉奥义书"
"362","エリシエル","物品","301","りんご","可偷食材","伊利西艾尔","苹果"
"362","エリシエル","物品","240","イデア細胞","可偷素材","伊利西艾尔","伊迪亚细胞"
"362","エリシエル","物品","1362","エリシエルのミルク","可偷牛奶","伊利西艾尔","伊利西艾尔的乳汁"
"363","キューピッド","物品","241","天使の羽根","掉落","丘比特","天使的羽毛"
"363","キューピッド","物品","5","エルフの霊薬","掉落","丘比特","精灵的灵药"
"363","キューピッド","防具","171","魔香のビスチェ","掉落","丘比特","魔香胸衣"
"363","キューピッド","物品","6","イリアスの霊薬","可偷物品","丘比特","伊莉娅丝的灵药"
"363","キューピッド","防具","1636","狩人の悟り","可偷物品","丘比特","猎人的领悟"
"363","キューピッド","物品","425","パフェ","可偷食材","丘比特","芭菲"
"363","キューピッド","物品","252","奇跡の羽根","可偷素材","丘比特","奇迹的羽毛"
"363","キューピッド","防具","1954","死神のパンツ","可偷内裤","丘比特","死神的内裤"
"363","キューピッド","物品","1363","キューピッドのミルク","可偷牛奶","丘比特","丘比特的乳汁"
"364","ヴァルキリー","物品","7","ブーストドリンク","掉落","瓦尔基里","能量饮料"
"364","ヴァルキリー","物品","241","天使の羽根","掉落","瓦尔基里","天使的羽毛"
"364","ヴァルキリー","武器","227","ロンギヌス","掉落","瓦尔基里","朗基努斯"
"364","ヴァルキリー","物品","8","バーストドリンク","可偷物品","瓦尔基里","爆发饮料"
"364","ヴァルキリー","防具","1632","竜騎士の悟り","可偷物品","瓦尔基里","龙骑士的领悟"
"364","ヴァルキリー","物品","378","すきやき","可偷食材","瓦尔基里","寿喜烧"
"364","ヴァルキリー","物品","252","奇跡の羽根","可偷素材","瓦尔基里","奇迹的羽毛"
"364","ヴァルキリー","防具","1955","ミカエラのパンツ","可偷内裤","瓦尔基里","米迦艾拉的内裤"
"364","ヴァルキリー","物品","1364","ヴァルキリーのミルク","可偷牛奶","瓦尔基里","瓦尔基里的乳汁"
"365","エデン","物品","30","素早さの種","掉落","伊甸","敏捷之种"
"365","エデン","物品","241","天使の羽根","掉落","伊甸","天使的羽毛"
"365","エデン","物品","77","天空白聖石","掉落","伊甸","天空白圣石"
"365","エデン","物品","1365","エデンのミルク","可偷牛奶","伊甸","伊甸的乳汁"
"366","ヘリエル","物品","77","天空白聖石","掉落","海莉艾尔","天空白圣石"
"366","ヘリエル","物品","6","イリアスの霊薬","掉落","海莉艾尔","伊莉娅丝的灵药"
"366","ヘリエル","武器","686","灼熱のブーメラン","掉落","海莉艾尔","灼热回旋镖"
"366","ヘリエル","物品","6","イリアスの霊薬","可偷物品","海莉艾尔","伊莉娅丝的灵药"
"366","ヘリエル","防具","1063","秘宝のかんざし","可偷物品","海莉艾尔","秘宝发簪"
"366","ヘリエル","物品","376","ハンバーグ","可偷食材","海莉艾尔","汉堡肉"
"366","ヘリエル","物品","77","天空白聖石","可偷素材","海莉艾尔","天空白圣石"
"366","ヘリエル","物品","1366","ヘリエルのミルク","可偷牛奶","海莉艾尔","海莉艾尔的乳汁"
"367","アルシエル","物品","241","天使の羽根","掉落","艾尔西艾尔","天使的羽毛"
"367","アルシエル","物品","77","天空白聖石","掉落","艾尔西艾尔","天空白圣石"
"367","アルシエル","物品","9","エリクサー","掉落","艾尔西艾尔","圣灵药"
"367","アルシエル","物品","9","エリクサー","可偷物品","艾尔西艾尔","圣灵药"
"367","アルシエル","防具","1272","バイオの極意書","可偷物品","艾尔西艾尔","生化之极意书"
"367","アルシエル","物品","355","エッグベーグルサンド","可偷食材","艾尔西艾尔","鸡蛋贝果三明治"
"367","アルシエル","物品","247","覇竜の牙","可偷素材","艾尔西艾尔","霸龙的牙齿"
"367","アルシエル","物品","1367","アルシエルのミルク","可偷牛奶","艾尔西艾尔","艾尔西艾尔的乳汁"
"368","ソニアマズダ","物品","9","エリクサー","掉落","索尼娅・马兹达","圣灵药"
"368","ソニアマズダ","物品","235","混沌の塊","掉落","索尼娅・马兹达","混沌的块"
"368","ソニアマズダ","防具","1518","聖なるアミュレット","掉落","索尼娅・马兹达","神圣护符"
"368","ソニアマズダ","防具","1938","ヴィヌムのパンツ","可偷内裤","索尼娅・马兹达","薇诺姆的内裤"
"368","ソニアマズダ","物品","1368","ソニアマズダのミルク","可偷牛奶","索尼娅・马兹达","索尼娅・马兹达的乳汁"
"369","ソニアマンユ","物品","9","エリクサー","掉落","索尼娅・曼纽","圣灵药"
"369","ソニアマンユ","物品","235","混沌の塊","掉落","索尼娅・曼纽","混沌的块"
"369","ソニアマンユ","防具","1522","闇のアミュレット","掉落","索尼娅・曼纽","暗之护符"
"369","ソニアマンユ","防具","1938","ヴィヌムのパンツ","可偷内裤","索尼娅・曼纽","薇诺姆的内裤"
"369","ソニアマンユ","物品","1369","ソニアマンユのミルク","可偷牛奶","索尼娅・曼纽","索尼娅・曼纽的乳汁"
"370","ソニアカオス","物品","24","命の木の実","掉落","索尼娅・卡奥斯","生命之果"
"370","ソニアカオス","物品","81","輝晶黒闇石","掉落","索尼娅・卡奥斯","辉晶黑暗石"
"370","ソニアカオス","防具","1590","ミニリボン","掉落","索尼娅・卡奥斯","小缎带"
"370","ソニアカオス","防具","1938","ヴィヌムのパンツ","可偷内裤","索尼娅・卡奥斯","薇诺姆的内裤"
"370","ソニアカオス","物品","1370","ソニアカオスのミルク","可偷牛奶","索尼娅・卡奥斯","索尼娅・卡奥斯的乳汁"
"371","","物品","1371","ミカエラのミルク","可偷牛奶","","米迦艾拉的乳汁"
"372","","物品","1372","ルシフィナのミルク","可偷牛奶","","路西菲娜的乳汁"
"373","キメラビースト","物品","215","鬼の角","掉落","奇美拉兽","鬼之角"
"373","キメラビースト","物品","239","きらめく結晶","掉落","奇美拉兽","闪耀的结晶"
"373","キメラビースト","物品","3","究極薬草","掉落","奇美拉兽","究极药草"
"373","キメラビースト","物品","3","究極薬草","可偷物品","奇美拉兽","究极药草"
"373","キメラビースト","防具","1127","重バリア発生装置","可偷物品","奇美拉兽","重屏障发生装置"
"373","キメラビースト","物品","329","肉","可偷食材","奇美拉兽","肉"
"373","キメラビースト","物品","225","イリス細胞","可偷素材","奇美拉兽","伊莉丝细胞"
"373","キメラビースト","物品","1373","キメラビーストのミルク","可偷牛奶","奇美拉兽","奇美拉兽的乳汁"
"374","S-2","物品","218","ぐにゅぐにゅゼリー","掉落","S-2","咕啾咕啾的果冻"
"374","S-2","物品","240","イデア細胞","掉落","S-2","伊迪亚细胞"
"374","S-2","物品","3","究極薬草","掉落","S-2","究极药草"
"374","S-2","物品","3","究極薬草","可偷物品","S-2","究极药草"
"374","S-2","防具","225","流星の魔兜","可偷物品","S-2","流星制魔头盔"
"374","S-2","物品","414","チョコレート","可偷食材","S-2","巧克力"
"374","S-2","物品","225","イリス細胞","可偷素材","S-2","伊莉丝细胞"
"374","S-2","物品","1374","S-2のミルク","可偷牛奶","S-2","S-2のミルク"
"375","A-3","物品","202","巻き付く触手","掉落","A-3","缠绕的触手"
"375","A-3","物品","240","イデア細胞","掉落","A-3","伊迪亚细胞"
"375","A-3","物品","77","天空白聖石","掉落","A-3","天空白圣石"
"375","A-3","物品","76","白聖石","可偷物品","A-3","白圣石"
"375","A-3","防具","1416","昇天の印","可偷物品","A-3","升天之印"
"375","A-3","物品","317","にんにく","可偷食材","A-3","大蒜"
"375","A-3","物品","225","イリス細胞","可偷素材","A-3","伊莉丝细胞"
"375","A-3","物品","1375","A-3のミルク","可偷牛奶","A-3","A-3のミルク"
"376","AD-5","物品","221","ネクロパウダー","掉落","AD-5","死灵粉末"
"376","AD-5","物品","240","イデア細胞","掉落","AD-5","伊迪亚细胞"
"376","AD-5","物品","81","輝晶黒闇石","掉落","AD-5","辉晶黑暗石"
"376","AD-5","物品","80","黒闇石","可偷物品","AD-5","黑暗石"
"376","AD-5","防具","1413","即死の印","可偷物品","AD-5","即死之印"
"376","AD-5","物品","338","小麦粉","可偷食材","AD-5","面粉"
"376","AD-5","物品","225","イリス細胞","可偷素材","AD-5","伊莉丝细胞"
"376","AD-5","物品","1376","AD-5のミルク","可偷牛奶","AD-5","AD-5のミルク"
"377","Q-5","物品","202","巻き付く触手","掉落","Q-5","缠绕的触手"
"377","Q-5","物品","240","イデア細胞","掉落","Q-5","伊迪亚细胞"
"377","Q-5","物品","3","究極薬草","掉落","Q-5","究极药草"
"377","Q-5","物品","3","究極薬草","可偷物品","Q-5","究极药草"
"377","Q-5","防具","1131","ガードビット","可偷物品","Q-5","防御比特"
"377","Q-5","物品","316","タマネギ","可偷食材","Q-5","洋葱"
"377","Q-5","物品","225","イリス細胞","可偷素材","Q-5","伊莉丝细胞"
"377","Q-5","物品","1377","Q-5のミルク","可偷牛奶","Q-5","Q-5のミルク"
"378","フェルナンデス","物品","9","エリクサー","掉落","费尔南德斯","圣灵药"
"378","フェルナンデス","物品","26","力の種","掉落","费尔南德斯","力量之种"
"378","フェルナンデス","武器","26","プリズムナイフ","掉落","费尔南德斯","棱镜小刀"
"378","フェルナンデス","防具","1948","","可偷内裤","费尔南德斯",""
"378","フェルナンデス","物品","1378","フェルナンデスのミルク","可偷牛奶","费尔南德斯","费尔南德斯的乳汁"
"379","タイタニア","物品","12","世界樹の葉","掉落","缇坦妮雅","世界树之叶"
"379","タイタニア","物品","28","魔力の種","掉落","缇坦妮雅","魔力之种"
"379","タイタニア","物品","81","輝晶黒闇石","掉落","缇坦妮雅","辉晶黑暗石"
"379","タイタニア","防具","1949","","可偷内裤","缇坦妮雅",""
"379","タイタニア","物品","1379","タイタニアのミルク","可偷牛奶","缇坦妮雅","缇坦妮雅的乳汁"
"380","ロザ","物品","29","精神の種","掉落","罗莎","精神之种"
"380","ロザ","物品","226","大海の珊瑚","掉落","罗莎","大海的珊瑚"
"380","ロザ","防具","1654","海賊の悟り","掉落","罗莎","海贼的领悟"
"380","ロザ","物品","1380","ロザのミルク","可偷牛奶","罗莎","罗莎的乳汁"
"381","クィーンラミア","物品","27","守りの種","掉落","拉米亚女王","守护之种"
"381","クィーンラミア","物品","211","魔性の蛇尾","掉落","拉米亚女王","魔性的蛇尾"
"381","クィーンラミア","防具","1675","ラミアの悟り","掉落","拉米亚女王","拉米亚的领悟"
"381","クィーンラミア","物品","1381","クィーンラミアのミルク","可偷牛奶","拉米亚女王","拉米亚女王的乳汁"
"382","クィーンハーピー","物品","30","素早さの種","掉落","哈比女王","敏捷之种"
"382","クィーンハーピー","物品","227","輝く羽根","掉落","哈比女王","闪耀的羽毛"
"382","クィーンハーピー","防具","1677","ハーピーの悟り","掉落","哈比女王","哈比的领悟"
"382","クィーンハーピー","物品","1382","クィーンハーピーのミルク","可偷牛奶","哈比女王","哈比女王的乳汁"
"383","クィーンスキュラ","物品","31","器用さの種","掉落","斯库拉女王","灵巧之种"
"383","クィーンスキュラ","防具","187","紅の帽子","掉落","斯库拉女王","红帽子"
"383","クィーンスキュラ","防具","1676","スキュラの悟り","掉落","斯库拉女王","斯库拉的领悟"
"383","クィーンスキュラ","物品","1383","クィーンスキュラのミルク","可偷牛奶","斯库拉女王","斯库拉女王的乳汁"
"384","玉藻","物品","1384","玉藻のミルク","可偷牛奶","玉藻","玉藻的乳汁"
"385","アルマエルマ","物品","31","器用さの種","掉落","阿露艾露玛","灵巧之种"
"385","アルマエルマ","物品","222","艶めかしい尻尾","掉落","阿露艾露玛","艳丽的尾巴"
"385","アルマエルマ","防具","1491","快楽のリング","掉落","阿露艾露玛","快乐之戒指"
"385","アルマエルマ","防具","1863","ハコイリパンツ","可偷内裤","阿露艾露玛","箱中千金的内裤"
"385","アルマエルマ","物品","1177","アルマエルマのミルク","可偷牛奶","阿露艾露玛","阿露艾露玛的乳汁"
"386","ルカ・ホリィ","物品","30","素早さの種","掉落","鲁卡・霍莉","敏捷之种"
"386","ルカ・ホリィ","物品","241","天使の羽根","掉落","鲁卡・霍莉","天使的羽毛"
"386","ルカ・ホリィ","防具","3666","指輪","掉落","鲁卡・霍莉","戒指"
"386","ルカ・ホリィ","物品","8","バーストドリンク","可偷物品","鲁卡・霍莉","爆发饮料"
"386","ルカ・ホリィ","物品","77","天空白聖石","可偷物品","鲁卡・霍莉","天空白圣石"
"386","ルカ・ホリィ","物品","319","じゃがいも","可偷食材","鲁卡・霍莉","土豆"
"386","ルカ・ホリィ","物品","241","天使の羽根","可偷素材","鲁卡・霍莉","天使的羽毛"
"386","ルカ・ホリィ","防具","1933","ギャルのパンツ","可偷内裤","鲁卡・霍莉","辣妹的内裤"
"386","ルカ・ホリィ","物品","1386","ルカ・ホリィのミルク","可偷牛奶","鲁卡・霍莉","鲁卡・霍莉的乳汁"
"387","ルカ・リノア","物品","24","命の木の実","掉落","鲁卡・莉诺雅","生命之果"
"387","ルカ・リノア","物品","241","天使の羽根","掉落","鲁卡・莉诺雅","天使的羽毛"
"387","ルカ・リノア","武器","1219","アロンダイト","掉落","鲁卡・莉诺雅","阿隆戴特"
"387","ルカ・リノア","物品","8","バーストドリンク","可偷物品","鲁卡・莉诺雅","爆发饮料"
"387","ルカ・リノア","物品","77","天空白聖石","可偷物品","鲁卡・莉诺雅","天空白圣石"
"387","ルカ・リノア","物品","319","じゃがいも","可偷食材","鲁卡・莉诺雅","土豆"
"387","ルカ・リノア","物品","241","天使の羽根","可偷素材","鲁卡・莉诺雅","天使的羽毛"
"387","ルカ・リノア","防具","1933","ギャルのパンツ","可偷内裤","鲁卡・莉诺雅","辣妹的内裤"
"387","ルカ・リノア","物品","1387","ルカ・リノアのミルク","可偷牛奶","鲁卡・莉诺雅","鲁卡・莉诺雅的乳汁"
"388","ルカ・ハイネ","物品","26","力の種","掉落","鲁卡・海涅","力量之种"
"388","ルカ・ハイネ","物品","241","天使の羽根","掉落","鲁卡・海涅","天使的羽毛"
"388","ルカ・ハイネ","武器","2068","バルディッシュ","掉落","鲁卡・海涅","战斧"
"388","ルカ・ハイネ","物品","8","バーストドリンク","可偷物品","鲁卡・海涅","爆发饮料"
"388","ルカ・ハイネ","物品","77","天空白聖石","可偷物品","鲁卡・海涅","天空白圣石"
"388","ルカ・ハイネ","物品","319","じゃがいも","可偷食材","鲁卡・海涅","土豆"
"388","ルカ・ハイネ","物品","241","天使の羽根","可偷素材","鲁卡・海涅","天使的羽毛"
"388","ルカ・ハイネ","防具","1933","ギャルのパンツ","可偷内裤","鲁卡・海涅","辣妹的内裤"
"388","ルカ・ハイネ","物品","1388","ルカ・ハイネのミルク","可偷牛奶","鲁卡・海涅","鲁卡・海涅的乳汁"
"389","ルカ・キリエ","物品","28","魔力の種","掉落","鲁卡・姬莉叶","魔力之种"
"389","ルカ・キリエ","物品","241","天使の羽根","掉落","鲁卡・姬莉叶","天使的羽毛"
"389","ルカ・キリエ","武器","1557","聖槍","掉落","鲁卡・姬莉叶","圣枪"
"389","ルカ・キリエ","物品","8","バーストドリンク","可偷物品","鲁卡・姬莉叶","爆发饮料"
"389","ルカ・キリエ","物品","77","天空白聖石","可偷物品","鲁卡・姬莉叶","天空白圣石"
"389","ルカ・キリエ","物品","319","じゃがいも","可偷食材","鲁卡・姬莉叶","土豆"
"389","ルカ・キリエ","物品","241","天使の羽根","可偷素材","鲁卡・姬莉叶","天使的羽毛"
"389","ルカ・キリエ","防具","1933","ギャルのパンツ","可偷内裤","鲁卡・姬莉叶","辣妹的内裤"
"389","ルカ・キリエ","物品","1389","ルカ・キリエのミルク","可偷牛奶","鲁卡・姬莉叶","鲁卡・姬莉叶的乳汁"
"390","フェルナンデス","物品","9","エリクサー","掉落","费尔南德斯","圣灵药"
"390","フェルナンデス","物品","26","力の種","掉落","费尔南德斯","力量之种"
"390","フェルナンデス","武器","1218","ディフェンダー","掉落","费尔南德斯","防御者"
"390","フェルナンデス","防具","1948","","可偷内裤","费尔南德斯",""
"390","フェルナンデス","物品","1378","フェルナンデスのミルク","可偷牛奶","费尔南德斯","费尔南德斯的乳汁"
"391","タイタニア","物品","12","世界樹の葉","掉落","缇坦妮雅","世界树之叶"
"391","タイタニア","物品","28","魔力の種","掉落","缇坦妮雅","魔力之种"
"391","タイタニア","防具","3068","レオタード","掉落","缇坦妮雅","紧身衣"
"391","タイタニア","防具","1949","","可偷内裤","缇坦妮雅",""
"391","タイタニア","物品","1379","タイタニアのミルク","可偷牛奶","缇坦妮雅","缇坦妮雅的乳汁"
"392","ロザ","物品","29","精神の種","掉落","罗莎","精神之种"
"392","ロザ","物品","226","大海の珊瑚","掉落","罗莎","大海的珊瑚"
"392","ロザ","武器","2760","旋律","掉落","罗莎","旋律"
"392","ロザ","物品","1380","ロザのミルク","可偷牛奶","罗莎","罗莎的乳汁"
"393","クィーンラミア","物品","27","守りの種","掉落","拉米亚女王","守护之种"
"393","クィーンラミア","物品","211","魔性の蛇尾","掉落","拉米亚女王","魔性的蛇尾"
"393","クィーンラミア","武器","2369","シャイン","掉落","拉米亚女王","闪耀"
"393","クィーンラミア","物品","1381","クィーンラミアのミルク","可偷牛奶","拉米亚女王","拉米亚女王的乳汁"
"394","クィーンハーピー","物品","30","素早さの種","掉落","哈比女王","敏捷之种"
"394","クィーンハーピー","物品","227","輝く羽根","掉落","哈比女王","闪耀的羽毛"
"394","クィーンハーピー","武器","3070","スカイ","掉落","哈比女王","天空"
"394","クィーンハーピー","物品","1382","クィーンハーピーのミルク","可偷牛奶","哈比女王","哈比女王的乳汁"
"395","クィーンスキュラ","物品","31","器用さの種","掉落","斯库拉女王","灵巧之种"
"395","クィーンスキュラ","物品","22","万能薬","掉落","斯库拉女王","万能药"
"395","クィーンスキュラ","防具","3420","グロリア","掉落","斯库拉女王","格洛丽亚"
"395","クィーンスキュラ","物品","1383","クィーンスキュラのミルク","可偷牛奶","斯库拉女王","斯库拉女王的乳汁"
"396","嫉妬のルシア","物品","112","賢者の石","掉落","嫉妒的露西亚","贤者之石"
"396","嫉妬のルシア","物品","857","グランエキス","掉落","嫉妒的露西亚","格兰精华"
"396","嫉妬のルシア","武器","4575","七つの大罪・嫉妬","掉落","嫉妒的露西亚","七宗罪・嫉妒"
"400","サキュバス","物品","431","ヤマタイ酒","掉落","魅魔","邪马台酒"
"400","サキュバス","物品","222","艶めかしい尻尾","掉落","魅魔","艳丽的尾巴"
"400","サキュバス","物品","56","蒼氷石","掉落","魅魔","苍冰石"
"400","サキュバス","物品","52","紅炎石","可偷物品","魅魔","红炎石"
"400","サキュバス","防具","1473","敏感の印","可偷物品","魅魔","敏感之印"
"400","サキュバス","物品","415","ホワイトハートチョコ","可偷食材","魅魔","白心巧克力"
"400","サキュバス","物品","222","艶めかしい尻尾","可偷素材","魅魔","艳丽的尾巴"
"400","サキュバス","防具","1889","ナイトハーピーのパンツ","可偷内裤","魅魔","骑士哈比的内裤"
"401","サキュバス","物品","2","高級薬草","掉落","魅魔","高级药草"
"401","サキュバス","物品","222","艶めかしい尻尾","掉落","魅魔","艳丽的尾巴"
"401","サキュバス","物品","52","紅炎石","掉落","魅魔","红炎石"
"401","サキュバス","物品","52","紅炎石","可偷物品","魅魔","红炎石"
"401","サキュバス","防具","1473","敏感の印","可偷物品","魅魔","敏感之印"
"401","サキュバス","物品","415","ホワイトハートチョコ","可偷食材","魅魔","白心巧克力"
"401","サキュバス","物品","222","艶めかしい尻尾","可偷素材","魅魔","艳丽的尾巴"
"401","サキュバス","防具","1889","ナイトハーピーのパンツ","可偷内裤","魅魔","骑士哈比的内裤"
"402","サキュバス","物品","2","高級薬草","掉落","魅魔","高级药草"
"402","サキュバス","物品","222","艶めかしい尻尾","掉落","魅魔","艳丽的尾巴"
"402","サキュバス","物品","64","緑風石","掉落","魅魔","绿风石"
"402","サキュバス","物品","64","緑風石","可偷物品","魅魔","绿风石"
"402","サキュバス","防具","1476","恍惚の印","可偷物品","魅魔","恍惚之印"
"402","サキュバス","物品","419","ロールケーキ","可偷食材","魅魔","蛋糕卷"
"402","サキュバス","物品","222","艶めかしい尻尾","可偷素材","魅魔","艳丽的尾巴"
"402","サキュバス","防具","1890","くのいち三尾のふんどし","可偷内裤","魅魔","女忍三尾的兜裆布"
"403","サキュバス","物品","2","高級薬草","掉落","魅魔","高级药草"
"403","サキュバス","物品","222","艶めかしい尻尾","掉落","魅魔","艳丽的尾巴"
"403","サキュバス","物品","68","橙土石","掉落","魅魔","橙土石"
"403","サキュバス","物品","68","橙土石","可偷物品","魅魔","橙土石"
"403","サキュバス","防具","1479","誘惑の印","可偷物品","魅魔","诱惑之印"
"403","サキュバス","物品","424","アイスクリーム","可偷食材","魅魔","冰淇淋"
"403","サキュバス","物品","222","艶めかしい尻尾","可偷素材","魅魔","艳丽的尾巴"
"403","サキュバス","防具","1891","もののふ四尾のふんどし","可偷内裤","魅魔","武士四尾的兜裆布"
"404","サキュバス","物品","2","高級薬草","掉落","魅魔","高级药草"
"404","サキュバス","物品","222","艶めかしい尻尾","掉落","魅魔","艳丽的尾巴"
"404","サキュバス","物品","72","青水石","掉落","魅魔","青水石"
"404","サキュバス","物品","72","青水石","可偷物品","魅魔","青水石"
"404","サキュバス","防具","1482","失禁の印","可偷物品","魅魔","失禁之印"
"404","サキュバス","物品","423","プリン","可偷食材","魅魔","布丁"
"404","サキュバス","物品","222","艶めかしい尻尾","可偷素材","魅魔","艳丽的尾巴"
"404","サキュバス","防具","1892","リリスパンツ","可偷内裤","魅魔","莉莉丝内裤"
"405","マダムインセクト","物品","2","高級薬草","掉落","昆虫夫人","高级药草"
"405","マダムインセクト","物品","214","魔虫の羽根","掉落","昆虫夫人","魔虫之羽"
"405","マダムインセクト","物品","5","エルフの霊薬","掉落","昆虫夫人","精灵的灵药"
"405","マダムインセクト","物品","60","黄雷石","可偷物品","昆虫夫人","黄雷石"
"405","マダムインセクト","物品","5","エルフの霊薬","可偷物品","昆虫夫人","精灵的灵药"
"405","マダムインセクト","物品","345","クロワッサン","可偷食材","昆虫夫人","牛角面包"
"405","マダムインセクト","物品","214","魔虫の羽根","可偷素材","昆虫夫人","魔虫之羽"
"406","マダムアンブレラ","物品","2","高級薬草","掉落","伞夫人","高级药草"
"406","マダムアンブレラ","物品","202","巻き付く触手","掉落","伞夫人","缠绕的触手"
"406","マダムアンブレラ","物品","3","究極薬草","掉落","伞夫人","究极药草"
"406","マダムアンブレラ","物品","3","究極薬草","可偷物品","伞夫人","究极药草"
"406","マダムアンブレラ","物品","56","蒼氷石","可偷物品","伞夫人","苍冰石"
"406","マダムアンブレラ","物品","325","イカ","可偷食材","伞夫人","鱿鱼"
"406","マダムアンブレラ","物品","202","巻き付く触手","可偷素材","伞夫人","缠绕的触手"
"407","エクスキューショナー","物品","30","素早さの種","掉落","艾斯丘雪娜","敏捷之种"
"407","エクスキューショナー","物品","222","艶めかしい尻尾","掉落","艾斯丘雪娜","艳丽的尾巴"
"407","エクスキューショナー","物品","12","世界樹の葉","掉落","艾斯丘雪娜","世界树之叶"
"407","エクスキューショナー","防具","1887","あげはパンツ","可偷内裤","艾斯丘雪娜","凤蝶娘的内裤"
"408","ランパス","物品","2","高級薬草","掉落","兰帕丝","高级药草"
"408","ランパス","物品","232","艶めかしい花びら","掉落","兰帕丝","艳丽的花瓣"
"408","ランパス","物品","50","ランパスドロップ","掉落","兰帕丝","兰帕丝蜜糖"
"408","ランパス","物品","22","万能薬","可偷物品","兰帕丝","万能药"
"408","ランパス","防具","1194","吸精の薔薇","可偷物品","兰帕丝","吸精玫瑰"
"408","ランパス","物品","393","グラタン","可偷食材","兰帕丝","奶汁烤菜"
"408","ランパス","物品","232","艶めかしい花びら","可偷素材","兰帕丝","艳丽的花瓣"
"409","妖狐","物品","431","ヤマタイ酒","掉落","妖狐","邪马台酒"
"409","妖狐","物品","2","高級薬草","掉落","妖狐","高级药草"
"409","妖狐","物品","32","小さなメダル","掉落","妖狐","小奖章"
"409","妖狐","物品","5","エルフの霊薬","可偷物品","妖狐","精灵的灵药"
"409","妖狐","防具","1051","鉄拳の数珠","可偷物品","妖狐","铁拳念珠"
"409","妖狐","物品","333","あぶらあげ","可偷食材","妖狐","油豆腐"
"409","妖狐","物品","209","ふかふかしっぽ","可偷素材","妖狐","蓬松的尾巴"
"410","ミュスカ","物品","31","器用さの種","掉落","缪丝卡","灵巧之种"
"410","ミュスカ","物品","222","艶めかしい尻尾","掉落","缪丝卡","艳丽的尾巴"
"410","ミュスカ","物品","9","エリクサー","掉落","缪丝卡","圣灵药"
"410","ミュスカ","防具","1887","あげはパンツ","可偷内裤","缪丝卡","凤蝶娘的内裤"
"411","マーメイド","物品","2","高級薬草","掉落","人鱼","高级药草"
"411","マーメイド","物品","204","人魚の鱗","掉落","人鱼","人鱼的鳞片"
"411","マーメイド","物品","72","青水石","掉落","人鱼","青水石"
"411","マーメイド","物品","4","霊薬","可偷物品","人鱼","灵药"
"411","マーメイド","武器","525","ホーリーロッド","可偷物品","人鱼","神圣法杖"
"411","マーメイド","物品","322","さかな","可偷食材","人鱼","鱼"
"411","マーメイド","物品","204","人魚の鱗","可偷素材","人鱼","人鱼的鳞片"
"412","ヒトデ娘","物品","8","バーストドリンク","掉落","海星娘","爆发饮料"
"412","ヒトデ娘","物品","226","大海の珊瑚","掉落","海星娘","大海的珊瑚"
"412","ヒトデ娘","物品","73","激流青水石","掉落","海星娘","激流青水石"
"412","ヒトデ娘","物品","8","バーストドリンク","可偷物品","海星娘","爆发饮料"
"412","ヒトデ娘","防具","1546","バインドチェック","可偷物品","海星娘","束缚抵抗"
"412","ヒトデ娘","物品","326","カニ","可偷食材","海星娘","蟹"
"412","ヒトデ娘","物品","226","大海の珊瑚","可偷素材","海星娘","大海的珊瑚"
"413","セイレーン","物品","2","高級薬草","掉落","塞壬","高级药草"
"413","セイレーン","物品","227","輝く羽根","掉落","塞壬","闪耀的羽毛"
"413","セイレーン","物品","65","疾風緑風石","掉落","塞壬","疾风绿风石"
"413","セイレーン","物品","16","気付け薬","可偷物品","塞壬","提神药"
"413","セイレーン","防具","1526","音波のアミュレット","可偷物品","塞壬","音波之护符"
"413","セイレーン","物品","330","鳥足","可偷食材","塞壬","鸟足"
"413","セイレーン","物品","227","輝く羽根","可偷素材","塞壬","闪耀的羽毛"
"414","ミノタウロス娘","物品","342","ミルク","掉落","米诺陶洛斯娘","牛奶"
"414","ミノタウロス娘","物品","189","猛牛の角","掉落","米诺陶洛斯娘","猛牛之角"
"414","ミノタウロス娘","武器","373","ミノタウロスの斧","掉落","米诺陶洛斯娘","米诺陶洛斯的斧头"
"414","ミノタウロス娘","物品","7","ブーストドリンク","可偷物品","米诺陶洛斯娘","能量饮料"
"414","ミノタウロス娘","防具","1306","斧の書","可偷物品","米诺陶洛斯娘","斧之书"
"414","ミノタウロス娘","物品","342","ミルク","可偷食材","米诺陶洛斯娘","牛奶"
"414","ミノタウロス娘","物品","189","猛牛の角","可偷素材","米诺陶洛斯娘","猛牛之角"
"414","ミノタウロス娘","防具","1843","ミノタウロスパンツ","可偷内裤","米诺陶洛斯娘","米诺陶洛斯内裤"
"415","ハイミノタウロス","物品","378","すきやき","掉落","高阶米诺陶洛斯","寿喜烧"
"415","ハイミノタウロス","物品","213","猛牛の蹄","掉落","高阶米诺陶洛斯","猛牛的蹄"
"415","ハイミノタウロス","武器","376","魔神の斧","掉落","高阶米诺陶洛斯","魔神之斧"
"415","ハイミノタウロス","物品","8","バーストドリンク","可偷物品","高阶米诺陶洛斯","爆发饮料"
"415","ハイミノタウロス","防具","1018","ハイパーリスト","可偷物品","高阶米诺陶洛斯","超级护腕"
"415","ハイミノタウロス","物品","329","肉","可偷食材","高阶米诺陶洛斯","肉"
"415","ハイミノタウロス","物品","213","猛牛の蹄","可偷素材","高阶米诺陶洛斯","猛牛的蹄"
"415","ハイミノタウロス","防具","1877","毛倡妓パンツ","可偷内裤","高阶米诺陶洛斯","毛倡妓内裤"
"416","ミズタウロス","物品","378","すきやき","掉落","米诺陶洛斯女士","寿喜烧"
"416","ミズタウロス","物品","213","猛牛の蹄","掉落","米诺陶洛斯女士","猛牛的蹄"
"416","ミズタウロス","物品","342","ミルク","掉落","米诺陶洛斯女士","牛奶"
"416","ミズタウロス","物品","2","高級薬草","可偷物品","米诺陶洛斯女士","高级药草"
"416","ミズタウロス","武器","763","鬼包丁","可偷物品","米诺陶洛斯女士","鬼菜刀"
"416","ミズタウロス","物品","342","ミルク","可偷食材","米诺陶洛斯女士","牛奶"
"416","ミズタウロス","物品","213","猛牛の蹄","可偷素材","米诺陶洛斯女士","猛牛的蹄"
"416","ミズタウロス","防具","1878","マジカルアゲハのパンツ","可偷内裤","米诺陶洛斯女士","魔法凤蝶的内裤"
"417","ジニタウロス","物品","378","すきやき","掉落","技师米诺陶洛斯","寿喜烧"
"417","ジニタウロス","物品","213","猛牛の蹄","掉落","技师米诺陶洛斯","猛牛的蹄"
"417","ジニタウロス","武器","899","デザートイーグル","掉落","技师米诺陶洛斯","沙漠之鹰"
"417","ジニタウロス","物品","14","目薬","可偷物品","技师米诺陶洛斯","眼药水"
"417","ジニタウロス","防具","1013","波動のタトゥー","可偷物品","技师米诺陶洛斯","波动纹身"
"417","ジニタウロス","物品","375","目玉焼き","可偷食材","技师米诺陶洛斯","荷包蛋"
"417","ジニタウロス","物品","213","猛牛の蹄","可偷素材","技师米诺陶洛斯","猛牛的蹄"
"417","ジニタウロス","防具","1879","マジカルフライのパンツ","可偷内裤","技师米诺陶洛斯","魔法飞蛾的内裤"
"418","デビルファイター","物品","2","高級薬草","掉落","恶魔战士","高级药草"
"418","デビルファイター","物品","52","紅炎石","掉落","恶魔战士","红炎石"
"418","デビルファイター","防具","1154","先駆けの靴","掉落","恶魔战士","先驱之靴"
"418","デビルファイター","物品","2","高級薬草","可偷物品","恶魔战士","高级药草"
"418","デビルファイター","防具","1285","剣の書","可偷物品","恶魔战士","剑之书"
"418","デビルファイター","物品","320","とうもろこし","可偷食材","恶魔战士","玉米"
"418","デビルファイター","物品","52","紅炎石","可偷素材","恶魔战士","红炎石"
"418","デビルファイター","防具","1847","デビルファイターパンツ","可偷内裤","恶魔战士","恶魔战士内裤"
"419","アルラウネ","物品","311","なすび","掉落","阿娜温","茄子"
"419","アルラウネ","物品","205","アルラウネの花","掉落","阿娜温","阿娜温的花"
"419","アルラウネ","物品","3","究極薬草","掉落","阿娜温","究极药草"
"419","アルラウネ","物品","3","究極薬草","可偷物品","阿娜温","究极药草"
"419","アルラウネ","防具","1476","恍惚の印","可偷物品","阿娜温","恍惚之印"
"419","アルラウネ","物品","305","バナナ","可偷食材","阿娜温","香蕉"
"419","アルラウネ","物品","205","アルラウネの花","可偷素材","阿娜温","阿娜温的花"
"419","アルラウネ","防具","1861","お花の香りパンツ","可偷内裤","阿娜温","花香内裤"
"420","ベル","物品","8","バーストドリンク","掉落","贝尔","爆发饮料"
"420","ベル","物品","241","天使の羽根","掉落","贝尔","天使的羽毛"
"420","ベル","物品","421","エクレア","掉落","贝尔","闪电泡芙"
"420","ベル","物品","8","バーストドリンク","可偷物品","贝尔","爆发饮料"
"420","ベル","防具","1083","達人の黒帯","可偷物品","贝尔","达人的黑带"
"420","ベル","物品","358","ハンバーガー","可偷食材","贝尔","汉堡"
"420","ベル","物品","222","艶めかしい尻尾","可偷素材","贝尔","艳丽的尾巴"
"420","ベル","防具","1924","ソニアパンツ","可偷内裤","贝尔","索尼娅的内裤"
"421","リラ","物品","19","聖水","掉落","莉拉","圣水"
"421","リラ","物品","236","妖力の結晶","掉落","莉拉","妖力的结晶"
"421","リラ","物品","424","アイスクリーム","掉落","莉拉","冰淇淋"
"421","リラ","物品","8","バーストドリンク","可偷物品","莉拉","爆发饮料"
"421","リラ","防具","1083","達人の黒帯","可偷物品","莉拉","达人的黑带"
"421","リラ","物品","358","ハンバーガー","可偷食材","莉拉","汉堡"
"421","リラ","物品","222","艶めかしい尻尾","可偷素材","莉拉","艳丽的尾巴"
"421","リラ","防具","1924","ソニアパンツ","可偷内裤","莉拉","索尼娅的内裤"
"422","雪女","物品","2","高級薬草","掉落","雪女","高级药草"
"422","雪女","物品","210","妖怪の髪","掉落","雪女","妖怪的头发"
"422","雪女","物品","56","蒼氷石","掉落","雪女","苍冰石"
"422","雪女","物品","2","高級薬草","可偷物品","雪女","高级药草"
"422","雪女","防具","1497","氷のペンダント","可偷物品","雪女","冰之吊坠"
"422","雪女","物品","424","アイスクリーム","可偷食材","雪女","冰淇淋"
"422","雪女","物品","56","蒼氷石","可偷素材","雪女","苍冰石"
"422","雪女","防具","1870","ジニタウロスパンツ","可偷内裤","雪女","技师米诺陶洛斯内裤"
"423","ねこまた","物品","334","かつおぶし","掉落","猫又","鲣鱼干"
"423","ねこまた","物品","206","猫のヒゲ","掉落","猫又","猫的胡须"
"423","ねこまた","物品","60","黄雷石","掉落","猫又","黄雷石"
"423","ねこまた","物品","334","かつおぶし","可偷物品","猫又","鲣鱼干"
"423","ねこまた","武器","309","ビーストクロウ","可偷物品","猫又","兽之爪"
"423","ねこまた","物品","334","かつおぶし","可偷食材","猫又","鲣鱼干"
"423","ねこまた","物品","206","猫のヒゲ","可偷素材","猫又","猫的胡须"
"424","あかなめ","物品","2","高級薬草","掉落","垢舐鬼","高级药草"
"424","あかなめ","物品","408","おだんご","掉落","垢舐鬼","团子"
"424","あかなめ","物品","210","妖怪の髪","掉落","垢舐鬼","妖怪的头发"
"424","あかなめ","物品","2","高級薬草","可偷物品","垢舐鬼","高级药草"
"424","あかなめ","防具","1467","スタンの印","可偷物品","垢舐鬼","眩晕之印"
"424","あかなめ","物品","408","おだんご","可偷食材","垢舐鬼","团子"
"424","あかなめ","物品","210","妖怪の髪","可偷素材","垢舐鬼","妖怪的头发"
"424","あかなめ","防具","1874","雪女のパンツ","可偷内裤","垢舐鬼","雪女的内裤"
"425","オーガトゥース","物品","26","力の種","掉落","奥伽图丝","力量之种"
"425","オーガトゥース","物品","53","赤熱紅炎石","掉落","奥伽图丝","赤热红炎石"
"425","オーガトゥース","防具","1023","ガントレット","掉落","奥伽图丝","金属护手"
"425","オーガトゥース","防具","1887","あげはパンツ","可偷内裤","奥伽图丝","凤蝶娘的内裤"
"426","くのいちエルフ","物品","103","クリスタルの手裏剣","掉落","女忍精灵","水晶制手里剑"
"426","くのいちエルフ","物品","361","おにぎり","掉落","女忍精灵","饭团"
"426","くのいちエルフ","物品","187","涙の宝石","掉落","女忍精灵","泪之宝石"
"426","くのいちエルフ","物品","101","手裏剣","可偷物品","女忍精灵","手里剑"
"426","くのいちエルフ","防具","1452","ストップの印","可偷物品","女忍精灵","停止之印"
"426","くのいちエルフ","物品","361","おにぎり","可偷食材","女忍精灵","饭团"
"426","くのいちエルフ","物品","187","涙の宝石","可偷素材","女忍精灵","泪之宝石"
"426","くのいちエルフ","防具","1871","牛魔王のパンツ","可偷内裤","女忍精灵","牛魔王的内裤"
"427","サムライエルフ","物品","411","かしわもち","掉落","武士精灵","柏饼"
"427","サムライエルフ","物品","187","涙の宝石","掉落","武士精灵","泪之宝石"
"427","サムライエルフ","物品","31","器用さの種","掉落","武士精灵","灵巧之种"
"427","サムライエルフ","物品","8","バーストドリンク","可偷物品","武士精灵","爆发饮料"
"427","サムライエルフ","防具","31","アイアンプレート","可偷物品","武士精灵","铁胸甲"
"427","サムライエルフ","物品","329","肉","可偷食材","武士精灵","肉"
"427","サムライエルフ","物品","187","涙の宝石","可偷素材","武士精灵","泪之宝石"
"427","サムライエルフ","防具","1872","くのいちエルフのふんどし","可偷内裤","武士精灵","女忍精灵的兜裆布"
"428","妖鬼","物品","215","鬼の角","掉落","妖鬼","鬼之角"
"428","妖鬼","物品","3","究極薬草","掉落","妖鬼","究极药草"
"428","妖鬼","物品","26","力の種","掉落","妖鬼","力量之种"
"428","妖鬼","物品","3","究極薬草","可偷物品","妖鬼","究极药草"
"428","妖鬼","物品","215","鬼の角","可偷物品","妖鬼","鬼之角"
"428","妖鬼","物品","378","すきやき","可偷食材","妖鬼","寿喜烧"
"428","妖鬼","物品","215","鬼の角","可偷素材","妖鬼","鬼之角"
"428","妖鬼","防具","1882","マジカルエルフのパンツ","可偷内裤","妖鬼","魔法精灵的内裤"
"429","虎娘","物品","431","ヤマタイ酒","掉落","虎娘","邪马台酒"
"429","虎娘","物品","8","バーストドリンク","掉落","虎娘","爆发饮料"
"429","虎娘","物品","194","鋭い牙","掉落","虎娘","尖牙"
"429","虎娘","物品","8","バーストドリンク","可偷物品","虎娘","爆发饮料"
"429","虎娘","武器","315","オリハルコンの爪","可偷物品","虎娘","奥利哈钢制爪"
"429","虎娘","物品","431","ヤマタイ酒","可偷食材","虎娘","邪马台酒"
"429","虎娘","物品","194","鋭い牙","可偷素材","虎娘","尖牙"
"430","ヴァンパイア","物品","21","脱淫薬","掉落","吸血鬼","脱淫药"
"430","ヴァンパイア","物品","224","夜の黒片","掉落","吸血鬼","夜的黑片"
"430","ヴァンパイア","物品","29","精神の種","掉落","吸血鬼","精神之种"
"430","ヴァンパイア","物品","21","脱淫薬","可偷物品","吸血鬼","脱淫药"
"430","ヴァンパイア","防具","1057","エルフのマント","可偷物品","吸血鬼","精灵斗篷"
"430","ヴァンパイア","物品","313","トマト","可偷食材","吸血鬼","番茄"
"430","ヴァンパイア","物品","224","夜の黒片","可偷素材","吸血鬼","夜的黑片"
"430","ヴァンパイア","防具","1897","メイキュバスのパンツ","可偷内裤","吸血鬼","女仆魅魔的内裤"
"431","デーモンラミア","物品","21","脱淫薬","掉落","恶魔拉米亚","脱淫药"
"431","デーモンラミア","物品","345","クロワッサン","掉落","恶魔拉米亚","牛角面包"
"431","デーモンラミア","物品","211","魔性の蛇尾","掉落","恶魔拉米亚","魔性的蛇尾"
"431","デーモンラミア","物品","21","脱淫薬","可偷物品","恶魔拉米亚","脱淫药"
"431","デーモンラミア","防具","1192","理力のリング","可偷物品","恶魔拉米亚","理力之戒指"
"431","デーモンラミア","物品","345","クロワッサン","可偷食材","恶魔拉米亚","牛角面包"
"431","デーモンラミア","物品","211","魔性の蛇尾","可偷素材","恶魔拉米亚","魔性的蛇尾"
"432","デーモンスキュラ","物品","325","イカ","掉落","恶魔斯库拉","鱿鱼"
"432","デーモンスキュラ","物品","202","巻き付く触手","掉落","恶魔斯库拉","缠绕的触手"
"432","デーモンスキュラ","物品","3","究極薬草","掉落","恶魔斯库拉","究极药草"
"432","デーモンスキュラ","物品","3","究極薬草","可偷物品","恶魔斯库拉","究极药草"
"432","デーモンスキュラ","防具","1431","混乱の印","可偷物品","恶魔斯库拉","混乱之印"
"432","デーモンスキュラ","物品","325","イカ","可偷食材","恶魔斯库拉","鱿鱼"
"432","デーモンスキュラ","物品","202","巻き付く触手","可偷素材","恶魔斯库拉","缠绕的触手"
"433","ドラゴン娘","物品","223","竜の牙","掉落","龙娘","龙的牙齿"
"433","ドラゴン娘","物品","52","紅炎石","掉落","龙娘","红炎石"
"433","ドラゴン娘","物品","24","命の木の実","掉落","龙娘","生命之果"
"433","ドラゴン娘","物品","52","紅炎石","可偷物品","龙娘","红炎石"
"433","ドラゴン娘","防具","1493","炎のペンダント","可偷物品","龙娘","炎之吊坠"
"433","ドラゴン娘","物品","358","ハンバーガー","可偷食材","龙娘","汉堡"
"433","ドラゴン娘","物品","223","竜の牙","可偷素材","龙娘","龙的牙齿"
"434","サラマンダー","物品","8","バーストドリンク","掉落","萨拉曼达","爆发饮料"
"434","サラマンダー","物品","53","赤熱紅炎石","掉落","萨拉曼达","赤热红炎石"
"434","サラマンダー","物品","12","世界樹の葉","掉落","萨拉曼达","世界树之叶"
"435","躯","物品","11","フェニックスの尾","掉落","躯","凤凰之尾"
"435","躯","物品","233","傀儡歯車","掉落","躯","傀儡齿轮"
"435","躯","物品","24","命の木の実","掉落","躯","生命之果"
"435","躯","物品","21","脱淫薬","可偷物品","躯","脱淫药"
"435","躯","防具","1169","末期の懐中時計","可偷物品","躯","末期怀表"
"435","躯","物品","357","サンドウイッチ","可偷食材","躯","三明治"
"435","躯","物品","219","魔導の歯車","可偷素材","躯","魔导齿轮"
"436","躯","物品","12","世界樹の葉","掉落","躯","世界树之叶"
"436","躯","物品","233","傀儡歯車","掉落","躯","傀儡齿轮"
"436","躯","防具","1403","造技の秘伝書","掉落","躯","造技之秘传书"
"436","躯","物品","21","脱淫薬","可偷物品","躯","脱淫药"
"436","躯","防具","1169","末期の懐中時計","可偷物品","躯","末期怀表"
"436","躯","物品","357","サンドウイッチ","可偷食材","躯","三明治"
"436","躯","物品","219","魔導の歯車","可偷素材","躯","魔导齿轮"
"437","ネメア","物品","28","魔力の種","掉落","涅梅雅","魔力之种"
"437","ネメア","物品","222","艶めかしい尻尾","掉落","涅梅雅","艳丽的尾巴"
"437","ネメア","物品","9","エリクサー","掉落","涅梅雅","圣灵药"
"437","ネメア","防具","1887","あげはパンツ","可偷内裤","涅梅雅","凤蝶娘的内裤"
"438","オートマータ娘","物品","21","脱淫薬","掉落","自动机娘","脱淫药"
"438","オートマータ娘","物品","219","魔導の歯車","掉落","自动机娘","魔导齿轮"
"438","オートマータ娘","物品","393","グラタン","掉落","自动机娘","奶汁烤菜"
"438","オートマータ娘","物品","21","脱淫薬","可偷物品","自动机娘","脱淫药"
"438","オートマータ娘","防具","1169","末期の懐中時計","可偷物品","自动机娘","末期怀表"
"438","オートマータ娘","物品","357","サンドウイッチ","可偷食材","自动机娘","三明治"
"438","オートマータ娘","物品","219","魔導の歯車","可偷素材","自动机娘","魔导齿轮"
"439","パイズリ人形","物品","2","高級薬草","掉落","乳交人偶","高级药草"
"439","パイズリ人形","物品","219","魔導の歯車","掉落","乳交人偶","魔导齿轮"
"439","パイズリ人形","物品","304","さくらんぼ","掉落","乳交人偶","樱桃"
"439","パイズリ人形","物品","2","高級薬草","可偷物品","乳交人偶","高级药草"
"439","パイズリ人形","防具","1691","メイドのヘッドドレス","可偷物品","乳交人偶","女仆的头饰"
"439","パイズリ人形","物品","417","ケーキ","可偷食材","乳交人偶","蛋糕"
"439","パイズリ人形","物品","219","魔導の歯車","可偷素材","乳交人偶","魔导齿轮"
"439","パイズリ人形","防具","1883","ケツァルパンツ","可偷内裤","乳交人偶","羽蛇神内裤"
"440","くのいち三尾","物品","333","あぶらあげ","掉落","女忍三尾","油豆腐"
"440","くのいち三尾","物品","209","ふかふかしっぽ","掉落","女忍三尾","蓬松的尾巴"
"440","くのいち三尾","物品","7","ブーストドリンク","掉落","女忍三尾","能量饮料"
"440","くのいち三尾","物品","101","手裏剣","可偷物品","女忍三尾","手里剑"
"440","くのいち三尾","防具","1154","先駆けの靴","可偷物品","女忍三尾","先驱之靴"
"440","くのいち三尾","物品","333","あぶらあげ","可偷食材","女忍三尾","油豆腐"
"440","くのいち三尾","物品","209","ふかふかしっぽ","可偷素材","女忍三尾","蓬松的尾巴"
"441","もののふ四尾","物品","333","あぶらあげ","掉落","武士四尾","油豆腐"
"441","もののふ四尾","物品","209","ふかふかしっぽ","掉落","武士四尾","蓬松的尾巴"
"441","もののふ四尾","物品","3","究極薬草","掉落","武士四尾","究极药草"
"441","もののふ四尾","武器","243","無銘の刀","可偷物品","武士四尾","无铭之刀"
"441","もののふ四尾","防具","1193","契りの杯","可偷物品","武士四尾","契约之杯"
"441","もののふ四尾","物品","333","あぶらあげ","可偷食材","武士四尾","油豆腐"
"441","もののふ四尾","物品","209","ふかふかしっぽ","可偷素材","武士四尾","蓬松的尾巴"
"441","もののふ四尾","防具","1896","サキュバスのふんわりパンツ","可偷内裤","武士四尾","魅魔的蓬松内裤"
"442","ターサ","物品","31","器用さの種","掉落","塔莎","灵巧之种"
"442","ターサ","物品","222","艶めかしい尻尾","掉落","塔莎","艳丽的尾巴"
"442","ターサ","物品","6","イリアスの霊薬","掉落","塔莎","伊莉娅丝的灵药"
"442","ターサ","防具","1887","あげはパンツ","可偷内裤","塔莎","凤蝶娘的内裤"
"443","ミュゼット","物品","29","精神の種","掉落","缪泽特","精神之种"
"443","ミュゼット","物品","241","天使の羽根","掉落","缪泽特","天使的羽毛"
"443","ミュゼット","物品","9","エリクサー","掉落","缪泽特","圣灵药"
"443","ミュゼット","物品","8","バーストドリンク","可偷物品","缪泽特","爆发饮料"
"443","ミュゼット","防具","1083","達人の黒帯","可偷物品","缪泽特","达人的黑带"
"443","ミュゼット","物品","358","ハンバーガー","可偷食材","缪泽特","汉堡"
"443","ミュゼット","物品","222","艶めかしい尻尾","可偷素材","缪泽特","艳丽的尾巴"
"443","ミュゼット","防具","1924","ソニアパンツ","可偷内裤","缪泽特","索尼娅的内裤"
"444","サキュバス","物品","417","ケーキ","掉落","魅魔","蛋糕"
"444","サキュバス","物品","222","艶めかしい尻尾","掉落","魅魔","艳丽的尾巴"
"444","サキュバス","物品","25","不思議な木の実","掉落","魅魔","不可思议之果"
"444","サキュバス","物品","52","紅炎石","可偷物品","魅魔","红炎石"
"444","サキュバス","防具","1473","敏感の印","可偷物品","魅魔","敏感之印"
"444","サキュバス","物品","415","ホワイトハートチョコ","可偷食材","魅魔","白心巧克力"
"444","サキュバス","物品","222","艶めかしい尻尾","可偷素材","魅魔","艳丽的尾巴"
"444","サキュバス","防具","1889","ナイトハーピーのパンツ","可偷内裤","魅魔","骑士哈比的内裤"
"444","サキュバス","物品","1409","夢魔のミルク","可偷牛奶","魅魔","梦魔的乳汁"
"445","モンクサキュバス","物品","8","バーストドリンク","掉落","僧侣魅魔","爆发饮料"
"445","モンクサキュバス","物品","222","艶めかしい尻尾","掉落","僧侣魅魔","艳丽的尾巴"
"445","モンクサキュバス","物品","31","器用さの種","掉落","僧侣魅魔","灵巧之种"
"445","モンクサキュバス","物品","8","バーストドリンク","可偷物品","僧侣魅魔","爆发饮料"
"445","モンクサキュバス","防具","1083","達人の黒帯","可偷物品","僧侣魅魔","达人的黑带"
"445","モンクサキュバス","物品","358","ハンバーガー","可偷食材","僧侣魅魔","汉堡"
"445","モンクサキュバス","物品","222","艶めかしい尻尾","可偷素材","僧侣魅魔","艳丽的尾巴"
"445","モンクサキュバス","防具","1924","ソニアパンツ","可偷内裤","僧侣魅魔","索尼娅的内裤"
"446","モンクデーモン","物品","236","妖力の結晶","掉落","僧侣恶魔","妖力的结晶"
"446","モンクデーモン","物品","3","究極薬草","掉落","僧侣恶魔","究极药草"
"446","モンクデーモン","物品","30","素早さの種","掉落","僧侣恶魔","敏捷之种"
"446","モンクデーモン","物品","3","究極薬草","可偷物品","僧侣恶魔","究极药草"
"446","モンクデーモン","防具","1301","拳の秘伝書","可偷物品","僧侣恶魔","拳套之秘传书"
"446","モンクデーモン","物品","402","ホットドッグ","可偷食材","僧侣恶魔","热狗"
"446","モンクデーモン","物品","236","妖力の結晶","可偷素材","僧侣恶魔","妖力的结晶"
"446","モンクデーモン","防具","1925","フェルナンデスのパンツ","可偷内裤","僧侣恶魔","费尔南德斯的内裤"
"447","スキュラサーバント","物品","202","巻き付く触手","掉落","斯库拉女仆","缠绕的触手"
"447","スキュラサーバント","物品","3","究極薬草","掉落","斯库拉女仆","究极药草"
"447","スキュラサーバント","物品","31","器用さの種","掉落","斯库拉女仆","灵巧之种"
"447","スキュラサーバント","物品","3","究極薬草","可偷物品","斯库拉女仆","究极药草"
"447","スキュラサーバント","防具","1618","皿の勲章","可偷物品","斯库拉女仆","盘之勋章"
"447","スキュラサーバント","物品","393","グラタン","可偷食材","斯库拉女仆","奶汁烤菜"
"447","スキュラサーバント","物品","202","巻き付く触手","可偷素材","斯库拉女仆","缠绕的触手"
"448","フルビュア","物品","31","器用さの種","掉落","芙尔维娅","灵巧之种"
"448","フルビュア","物品","222","艶めかしい尻尾","掉落","芙尔维娅","艳丽的尾巴"
"448","フルビュア","防具","157","プリンセスドレス","掉落","芙尔维娅","公主礼服"
"448","フルビュア","防具","1887","あげはパンツ","可偷内裤","芙尔维娅","凤蝶娘的内裤"
"449","ヴィヌム","物品","26","力の種","掉落","薇诺姆","力量之种"
"449","ヴィヌム","物品","222","艶めかしい尻尾","掉落","薇诺姆","艳丽的尾巴"
"449","ヴィヌム","物品","12","世界樹の葉","掉落","薇诺姆","世界树之叶"
"449","ヴィヌム","防具","1887","あげはパンツ","可偷内裤","薇诺姆","凤蝶娘的内裤"
"450","コンキスタ","物品","21","脱淫薬","掉落","征服者","脱淫药"
"450","コンキスタ","物品","224","夜の黒片","掉落","征服者","夜的黑片"
"450","コンキスタ","物品","65","疾風緑風石","掉落","征服者","疾风绿风石"
"450","コンキスタ","物品","20","金の針","可偷物品","征服者","金针"
"450","コンキスタ","防具","1216","吸血鬼破りの呪符","可偷物品","征服者","吸血鬼破除的咒符"
"450","コンキスタ","物品","313","トマト","可偷食材","征服者","番茄"
"450","コンキスタ","物品","224","夜の黒片","可偷素材","征服者","夜的黑片"
"451","ヴェンデッタ","物品","22","万能薬","掉落","仇杀者","万能药"
"451","ヴェンデッタ","物品","224","夜の黒片","掉落","仇杀者","夜的黑片"
"451","ヴェンデッタ","物品","81","輝晶黒闇石","掉落","仇杀者","辉晶黑暗石"
"451","ヴェンデッタ","物品","20","金の針","可偷物品","仇杀者","金针"
"451","ヴェンデッタ","防具","1216","吸血鬼破りの呪符","可偷物品","仇杀者","吸血鬼破除的咒符"
"451","ヴェンデッタ","物品","313","トマト","可偷食材","仇杀者","番茄"
"451","ヴェンデッタ","物品","224","夜の黒片","可偷素材","仇杀者","夜的黑片"
"452","アラクネロード","物品","22","万能薬","掉落","阿拉克涅领主","万能药"
"452","アラクネロード","物品","175","蜘蛛の糸","掉落","阿拉克涅领主","蜘蛛之丝"
"452","アラクネロード","物品","65","疾風緑風石","掉落","阿拉克涅领主","疾风绿风石"
"452","アラクネロード","物品","22","万能薬","可偷物品","阿拉克涅领主","万能药"
"452","アラクネロード","防具","29","アサルトスーツ","可偷物品","阿拉克涅领主","突击套装"
"452","アラクネロード","物品","351","プレッツェル","可偷食材","阿拉克涅领主","扭结面包"
"452","アラクネロード","物品","175","蜘蛛の糸","可偷素材","阿拉克涅领主","蜘蛛之丝"
"453","ローレライ","物品","234","神秘の鱗","掉落","罗蕾莱","神秘的鳞片"
"453","ローレライ","物品","5","エルフの霊薬","掉落","罗蕾莱","精灵的灵药"
"453","ローレライ","物品","73","激流青水石","掉落","罗蕾莱","激流青水石"
"453","ローレライ","物品","5","エルフの霊薬","可偷物品","罗蕾莱","精灵的灵药"
"453","ローレライ","防具","1291","槍の書","可偷物品","罗蕾莱","枪之书"
"453","ローレライ","物品","382","フルーツサラダ","可偷食材","罗蕾莱","水果沙拉"
"453","ローレライ","物品","234","神秘の鱗","可偷素材","罗蕾莱","神秘的鳞片"
"454","ミステルテイン","物品","26","力の種","掉落","米斯特汀","力量之种"
"454","ミステルテイン","物品","222","艶めかしい尻尾","掉落","米斯特汀","艳丽的尾巴"
"454","ミステルテイン","物品","12","世界樹の葉","掉落","米斯特汀","世界树之叶"
"454","ミステルテイン","防具","1887","あげはパンツ","可偷内裤","米斯特汀","凤蝶娘的内裤"
"455","ランパス","物品","3","究極薬草","掉落","兰帕丝","究极药草"
"455","ランパス","物品","232","艶めかしい花びら","掉落","兰帕丝","艳丽的花瓣"
"455","ランパス","物品","50","ランパスドロップ","掉落","兰帕丝","兰帕丝蜜糖"
"455","ランパス","物品","22","万能薬","可偷物品","兰帕丝","万能药"
"455","ランパス","防具","1194","吸精の薔薇","可偷物品","兰帕丝","吸精玫瑰"
"455","ランパス","物品","393","グラタン","可偷食材","兰帕丝","奶汁烤菜"
"455","ランパス","物品","232","艶めかしい花びら","可偷素材","兰帕丝","艳丽的花瓣"
"455","ランパス","物品","1399","ランパスのミルク","可偷牛奶","兰帕丝","兰帕丝的乳汁"
"456","妖狐","物品","431","ヤマタイ酒","掉落","妖狐","邪马台酒"
"456","妖狐","物品","242","もふもふしっぽ","掉落","妖狐","毛绒绒的尾巴"
"456","妖狐","物品","32","小さなメダル","掉落","妖狐","小奖章"
"456","妖狐","物品","5","エルフの霊薬","可偷物品","妖狐","精灵的灵药"
"456","妖狐","防具","1051","鉄拳の数珠","可偷物品","妖狐","铁拳念珠"
"456","妖狐","物品","333","あぶらあげ","可偷食材","妖狐","油豆腐"
"456","妖狐","物品","209","ふかふかしっぽ","可偷素材","妖狐","蓬松的尾巴"
"456","妖狐","物品","1397","まほろば妖狐のミルク","可偷牛奶","妖狐","宝福山妖狐的乳汁"
"457","躯","物品","11","フェニックスの尾","掉落","躯","凤凰之尾"
"457","躯","物品","233","傀儡歯車","掉落","躯","傀儡齿轮"
"457","躯","物品","24","命の木の実","掉落","躯","生命之果"
"457","躯","物品","21","脱淫薬","可偷物品","躯","脱淫药"
"457","躯","防具","1169","末期の懐中時計","可偷物品","躯","末期怀表"
"457","躯","物品","357","サンドウイッチ","可偷食材","躯","三明治"
"457","躯","物品","219","魔導の歯車","可偷素材","躯","魔导齿轮"
"457","躯","物品","1400","躯のミルク","可偷牛奶","躯","躯的乳汁"
"458","キューピッド","物品","241","天使の羽根","掉落","丘比特","天使的羽毛"
"458","キューピッド","物品","5","エルフの霊薬","掉落","丘比特","精灵的灵药"
"458","キューピッド","物品","31","器用さの種","掉落","丘比特","灵巧之种"
"458","キューピッド","物品","6","イリアスの霊薬","可偷物品","丘比特","伊莉娅丝的灵药"
"458","キューピッド","防具","1636","狩人の悟り","可偷物品","丘比特","猎人的领悟"
"458","キューピッド","物品","425","パフェ","可偷食材","丘比特","芭菲"
"458","キューピッド","物品","252","奇跡の羽根","可偷素材","丘比特","奇迹的羽毛"
"458","キューピッド","防具","1954","死神のパンツ","可偷内裤","丘比特","死神的内裤"
"459","ヴァルキリー","物品","7","ブーストドリンク","掉落","瓦尔基里","能量饮料"
"459","ヴァルキリー","物品","241","天使の羽根","掉落","瓦尔基里","天使的羽毛"
"459","ヴァルキリー","物品","26","力の種","掉落","瓦尔基里","力量之种"
"459","ヴァルキリー","物品","8","バーストドリンク","可偷物品","瓦尔基里","爆发饮料"
"459","ヴァルキリー","防具","1632","竜騎士の悟り","可偷物品","瓦尔基里","龙骑士的领悟"
"459","ヴァルキリー","物品","378","すきやき","可偷食材","瓦尔基里","寿喜烧"
"459","ヴァルキリー","物品","252","奇跡の羽根","可偷素材","瓦尔基里","奇迹的羽毛"
"459","ヴァルキリー","防具","1955","ミカエラのパンツ","可偷内裤","瓦尔基里","米迦艾拉的内裤"
"460","ギルゴーン","物品","9","エリクサー","掉落","吉尔贡","圣灵药"
"460","ギルゴーン","物品","81","輝晶黒闇石","掉落","吉尔贡","辉晶黑暗石"
"460","ギルゴーン","防具","1265","闇の秘伝書","掉落","吉尔贡","暗之秘传书"
"460","ギルゴーン","防具","1930","リノアパンツ","可偷内裤","吉尔贡","莉诺雅内裤"
"460","ギルゴーン","物品","1396","ギルゴーンのミルク","可偷牛奶","吉尔贡","吉尔贡的乳汁"
"461","インプ","物品","1","薬草","掉落","小恶魔","药草"
"461","インプ","物品","162","インプの尻尾","掉落","小恶魔","小恶魔的尾巴"
"461","インプ","物品","357","サンドウイッチ","掉落","小恶魔","三明治"
"461","インプ","物品","1","薬草","可偷物品","小恶魔","药草"
"461","インプ","防具","1171","緊縛の縄","可偷物品","小恶魔","紧缚之绳"
"461","インプ","物品","357","サンドウイッチ","可偷食材","小恶魔","三明治"
"461","インプ","物品","162","インプの尻尾","可偷素材","小恶魔","小恶魔的尾巴"
"461","インプ","防具","1802","こあくまインプのパンツ","可偷内裤","小恶魔","小恶魔的内裤"
"462","サキュバス","物品","423","プリン","掉落","魅魔","布丁"
"462","サキュバス","物品","222","艶めかしい尻尾","掉落","魅魔","艳丽的尾巴"
"462","サキュバス","物品","29","精神の種","掉落","魅魔","精神之种"
"462","サキュバス","物品","52","紅炎石","可偷物品","魅魔","红炎石"
"462","サキュバス","防具","1473","敏感の印","可偷物品","魅魔","敏感之印"
"462","サキュバス","物品","415","ホワイトハートチョコ","可偷食材","魅魔","白心巧克力"
"462","サキュバス","物品","222","艶めかしい尻尾","可偷素材","魅魔","艳丽的尾巴"
"462","サキュバス","防具","1889","ナイトハーピーのパンツ","可偷内裤","魅魔","骑士哈比的内裤"
"462","サキュバス","物品","1409","夢魔のミルク","可偷牛奶","魅魔","梦魔的乳汁"
"463","シェスタ","物品","166","混沌の石","掉落","谢丝塔","混沌之石"
"463","シェスタ","物品","63","風石","掉落","谢丝塔","风石"
"463","シェスタ","物品","27","守りの種","掉落","谢丝塔","守护之种"
"463","シェスタ","物品","166","混沌の石","可偷物品","谢丝塔","混沌之石"
"463","シェスタ","防具","148","革のドレス","可偷物品","谢丝塔","皮革礼服"
"463","シェスタ","物品","166","混沌の石","可偷素材","谢丝塔","混沌之石"
"463","シェスタ","防具","1813","シェスタのパンツ","可偷内裤","谢丝塔","谢丝塔的内裤"
"464","ライオット","物品","7","ブーストドリンク","掉落","莱奥特","能量饮料"
"464","ライオット","物品","164","野獣の爪","掉落","莱奥特","野兽之爪"
"464","ライオット","物品","166","混沌の石","掉落","莱奥特","混沌之石"
"464","ライオット","物品","7","ブーストドリンク","可偷物品","莱奥特","能量饮料"
"464","ライオット","防具","1016","パワーリスト","可偷物品","莱奥特","力量护腕"
"464","ライオット","物品","166","混沌の石","可偷素材","莱奥特","混沌之石"
"465","ルクスル","物品","11","フェニックスの尾","掉落","露克斯","凤凰之尾"
"465","ルクスル","物品","172","混沌の欠片","掉落","露克斯","混沌的碎片"
"465","ルクスル","武器","889","マスケット","掉落","露克斯","滑膛枪"
"465","ルクスル","物品","11","フェニックスの尾","可偷物品","露克斯","凤凰之尾"
"465","ルクスル","物品","79","闇石","可偷物品","露克斯","暗石"
"465","ルクスル","物品","166","混沌の石","可偷素材","露克斯","混沌之石"
"466","ヴァルト","物品","198","混沌の結晶","掉落","瓦尔特","混沌的结晶"
"466","ヴァルト","物品","200","理知の歯車","掉落","瓦尔特","理智的齿轮"
"466","ヴァルト","物品","60","黄雷石","掉落","瓦尔特","黄雷石"
"466","ヴァルト","物品","60","黄雷石","可偷物品","瓦尔特","黄雷石"
"466","ヴァルト","防具","1564","ショックチェック","可偷物品","瓦尔特","电击抵抗"
"466","ヴァルト","物品","198","混沌の結晶","可偷素材","瓦尔特","混沌的结晶"
"467","シニファ","物品","4","霊薬","掉落","希妮法","灵药"
"467","シニファ","物品","198","混沌の結晶","掉落","希妮法","混沌的结晶"
"467","シニファ","物品","52","紅炎石","掉落","希妮法","红炎石"
"467","シニファ","物品","4","霊薬","可偷物品","希妮法","灵药"
"467","シニファ","防具","1111","危機の狐面","可偷物品","希妮法","危机之狐面"
"467","シニファ","物品","198","混沌の結晶","可偷素材","希妮法","混沌的结晶"
"468","ジェライラ","物品","22","万能薬","掉落","杰莱拉","万能药"
"468","ジェライラ","物品","235","混沌の塊","掉落","杰莱拉","混沌的块"
"468","ジェライラ","物品","29","精神の種","掉落","杰莱拉","精神之种"
"468","ジェライラ","物品","22","万能薬","可偷物品","杰莱拉","万能药"
"468","ジェライラ","防具","1526","音波のアミュレット","可偷物品","杰莱拉","音波之护符"
"468","ジェライラ","物品","235","混沌の塊","可偷素材","杰莱拉","混沌的块"
"469","ツィンケル","物品","225","イリス細胞","掉落","辛克尔","伊莉丝细胞"
"469","ツィンケル","物品","233","傀儡歯車","掉落","辛克尔","傀儡齿轮"
"469","ツィンケル","物品","31","器用さの種","掉落","辛克尔","灵巧之种"
"469","ツィンケル","物品","8","バーストドリンク","可偷物品","辛克尔","爆发饮料"
"469","ツィンケル","防具","1364","機械の秘伝書","可偷物品","辛克尔","机械之秘传书"
"469","ツィンケル","物品","235","混沌の塊","可偷素材","辛克尔","混沌的块"
"470","ベル","物品","8","バーストドリンク","掉落","贝尔","爆发饮料"
"470","ベル","物品","241","天使の羽根","掉落","贝尔","天使的羽毛"
"470","ベル","物品","421","エクレア","掉落","贝尔","闪电泡芙"
"470","ベル","物品","8","バーストドリンク","可偷物品","贝尔","爆发饮料"
"470","ベル","防具","1083","達人の黒帯","可偷物品","贝尔","达人的黑带"
"470","ベル","物品","358","ハンバーガー","可偷食材","贝尔","汉堡"
"470","ベル","物品","222","艶めかしい尻尾","可偷素材","贝尔","艳丽的尾巴"
"470","ベル","防具","1924","ソニアパンツ","可偷内裤","贝尔","索尼娅的内裤"
"470","ベル","物品","1402","ベルのミルク","可偷牛奶","贝尔","贝尔的乳汁"
"471","リラ","物品","19","聖水","掉落","莉拉","圣水"
"471","リラ","物品","236","妖力の結晶","掉落","莉拉","妖力的结晶"
"471","リラ","物品","424","アイスクリーム","掉落","莉拉","冰淇淋"
"471","リラ","物品","8","バーストドリンク","可偷物品","莉拉","爆发饮料"
"471","リラ","防具","1083","達人の黒帯","可偷物品","莉拉","达人的黑带"
"471","リラ","物品","358","ハンバーガー","可偷食材","莉拉","汉堡"
"471","リラ","物品","222","艶めかしい尻尾","可偷素材","莉拉","艳丽的尾巴"
"471","リラ","防具","1924","ソニアパンツ","可偷内裤","莉拉","索尼娅的内裤"
"471","リラ","物品","1403","リラのミルク","可偷牛奶","莉拉","莉拉的乳汁"
"472","ミュゼット","物品","29","精神の種","掉落","缪泽特","精神之种"
"472","ミュゼット","物品","241","天使の羽根","掉落","缪泽特","天使的羽毛"
"472","ミュゼット","物品","425","パフェ","掉落","缪泽特","芭菲"
"472","ミュゼット","物品","8","バーストドリンク","可偷物品","缪泽特","爆发饮料"
"472","ミュゼット","防具","1083","達人の黒帯","可偷物品","缪泽特","达人的黑带"
"472","ミュゼット","物品","358","ハンバーガー","可偷食材","缪泽特","汉堡"
"472","ミュゼット","物品","222","艶めかしい尻尾","可偷素材","缪泽特","艳丽的尾巴"
"472","ミュゼット","防具","1924","ソニアパンツ","可偷内裤","缪泽特","索尼娅的内裤"
"472","ミュゼット","物品","1404","ミュゼットのミルク","可偷牛奶","缪泽特","缪泽特的乳汁"
"473","フルビュア","物品","32","小さなメダル","掉落","芙尔维娅","小奖章"
"473","フルビュア","物品","222","艶めかしい尻尾","掉落","芙尔维娅","艳丽的尾巴"
"473","フルビュア","防具","1624","ローブの勲章","掉落","芙尔维娅","长袍之勋章"
"473","フルビュア","防具","1887","あげはパンツ","可偷内裤","芙尔维娅","凤蝶娘的内裤"
"473","フルビュア","物品","1395","フルビュアのミルク","可偷牛奶","芙尔维娅","芙尔维娅的乳汁"
"474","妲己","物品","8","バーストドリンク","掉落","妲己","爆发饮料"
"474","妲己","物品","242","もふもふしっぽ","掉落","妲己","毛绒绒的尾巴"
"474","妲己","防具","1420","絶頂の秘印","掉落","妲己","绝顶之秘印"
"474","妲己","物品","1401","妲己のミルク","可偷牛奶","妲己","妲己的乳汁"
"475","エスト","物品","31","器用さの種","掉落","艾斯特","灵巧之种"
"475","エスト","物品","222","艶めかしい尻尾","掉落","艾斯特","艳丽的尾巴"
"475","エスト","防具","1544","エクスタスガード","掉落","艾斯特","绝顶防护"
"475","エスト","防具","1887","あげはパンツ","可偷内裤","艾斯特","凤蝶娘的内裤"
"475","エスト","物品","1391","エストのミルク","可偷牛奶","艾斯特","艾斯特的乳汁"
"476","エスト","防具","1887","あげはパンツ","可偷内裤","艾斯特","凤蝶娘的内裤"
"476","エスト","物品","1391","エストのミルク","可偷牛奶","艾斯特","艾斯特的乳汁"
"477","エクスキューショナー","物品","30","素早さの種","掉落","艾斯丘雪娜","敏捷之种"
"477","エクスキューショナー","物品","222","艶めかしい尻尾","掉落","艾斯丘雪娜","艳丽的尾巴"
"477","エクスキューショナー","防具","1039","エルメスの腕輪","掉落","艾斯丘雪娜","赫尔墨斯手镯"
"477","エクスキューショナー","防具","1887","あげはパンツ","可偷内裤","艾斯丘雪娜","凤蝶娘的内裤"
"477","エクスキューショナー","物品","1406","エクスキューショナーのミルク","可偷牛奶","艾斯丘雪娜","艾斯丘雪娜的乳汁"
"478","オーガトゥース","物品","26","力の種","掉落","奥伽图丝","力量之种"
"478","オーガトゥース","物品","222","艶めかしい尻尾","掉落","奥伽图丝","艳丽的尾巴"
"478","オーガトゥース","防具","1004","オーラベルト","掉落","奥伽图丝","气场腰带"
"478","オーガトゥース","防具","1887","あげはパンツ","可偷内裤","奥伽图丝","凤蝶娘的内裤"
"478","オーガトゥース","物品","1407","オーガトゥースのミルク","可偷牛奶","奥伽图丝","奥伽图丝的乳汁"
"479","ミステルテイン","物品","28","魔力の種","掉落","米斯特汀","魔力之种"
"479","ミステルテイン","物品","222","艶めかしい尻尾","掉落","米斯特汀","艳丽的尾巴"
"479","ミステルテイン","防具","1490","快楽のアミュレット","掉落","米斯特汀","快乐之护符"
"479","ミステルテイン","防具","1887","あげはパンツ","可偷内裤","米斯特汀","凤蝶娘的内裤"
"479","ミステルテイン","物品","1408","ミステルテインのミルク","可偷牛奶","米斯特汀","米斯特汀的乳汁"
"480","ミュスカ","物品","31","器用さの種","掉落","缪丝卡","灵巧之种"
"480","ミュスカ","物品","222","艶めかしい尻尾","掉落","缪丝卡","艳丽的尾巴"
"480","ミュスカ","防具","1117","魔吸のマント","掉落","缪丝卡","魔吸斗篷"
"480","ミュスカ","防具","1887","あげはパンツ","可偷内裤","缪丝卡","凤蝶娘的内裤"
"480","ミュスカ","物品","1392","ミュスカのミルク","可偷牛奶","缪丝卡","缪丝卡的乳汁"
"481","ネメア","物品","28","魔力の種","掉落","涅梅雅","魔力之种"
"481","ネメア","物品","222","艶めかしい尻尾","掉落","涅梅雅","艳丽的尾巴"
"481","ネメア","防具","1068","情熱の指輪","掉落","涅梅雅","热情之戒"
"481","ネメア","防具","1887","あげはパンツ","可偷内裤","涅梅雅","凤蝶娘的内裤"
"481","ネメア","物品","1393","ネメアのミルク","可偷牛奶","涅梅雅","涅梅雅的乳汁"
"482","ヴィヌム","物品","26","力の種","掉落","薇诺姆","力量之种"
"482","ヴィヌム","物品","222","艶めかしい尻尾","掉落","薇诺姆","艳丽的尾巴"
"482","ヴィヌム","防具","1019","チャンピオンリスト","掉落","薇诺姆","冠军护腕"
"482","ヴィヌム","防具","1887","あげはパンツ","可偷内裤","薇诺姆","凤蝶娘的内裤"
"482","ヴィヌム","物品","1394","ヴィヌムのミルク","可偷牛奶","薇诺姆","薇诺姆的乳汁"
"483","ベル","物品","241","天使の羽根","掉落","贝尔","天使的羽毛"
"483","ベル","物品","421","エクレア","掉落","贝尔","闪电泡芙"
"483","ベル","物品","416","くまさんチョコ","掉落","贝尔","熊熊巧克力"
"483","ベル","物品","8","バーストドリンク","可偷物品","贝尔","爆发饮料"
"483","ベル","防具","1083","達人の黒帯","可偷物品","贝尔","达人的黑带"
"483","ベル","物品","358","ハンバーガー","可偷食材","贝尔","汉堡"
"483","ベル","物品","222","艶めかしい尻尾","可偷素材","贝尔","艳丽的尾巴"
"483","ベル","防具","1924","ソニアパンツ","可偷内裤","贝尔","索尼娅的内裤"
"483","ベル","物品","1402","ベルのミルク","可偷牛奶","贝尔","贝尔的乳汁"
"484","リラ","物品","241","天使の羽根","掉落","莉拉","天使的羽毛"
"484","リラ","物品","424","アイスクリーム","掉落","莉拉","冰淇淋"
"484","リラ","物品","423","プリン","掉落","莉拉","布丁"
"484","リラ","物品","8","バーストドリンク","可偷物品","莉拉","爆发饮料"
"484","リラ","防具","1083","達人の黒帯","可偷物品","莉拉","达人的黑带"
"484","リラ","物品","358","ハンバーガー","可偷食材","莉拉","汉堡"
"484","リラ","物品","222","艶めかしい尻尾","可偷素材","莉拉","艳丽的尾巴"
"484","リラ","防具","1924","ソニアパンツ","可偷内裤","莉拉","索尼娅的内裤"
"484","リラ","物品","1403","リラのミルク","可偷牛奶","莉拉","莉拉的乳汁"
"485","ミュゼット","物品","9","エリクサー","掉落","缪泽特","圣灵药"
"485","ミュゼット","物品","425","パフェ","掉落","缪泽特","芭菲"
"485","ミュゼット","物品","419","ロールケーキ","掉落","缪泽特","蛋糕卷"
"485","ミュゼット","物品","8","バーストドリンク","可偷物品","缪泽特","爆发饮料"
"485","ミュゼット","防具","1083","達人の黒帯","可偷物品","缪泽特","达人的黑带"
"485","ミュゼット","物品","358","ハンバーガー","可偷食材","缪泽特","汉堡"
"485","ミュゼット","物品","222","艶めかしい尻尾","可偷素材","缪泽特","艳丽的尾巴"
"485","ミュゼット","防具","1924","ソニアパンツ","可偷内裤","缪泽特","索尼娅的内裤"
"485","ミュゼット","物品","1404","ミュゼットのミルク","可偷牛奶","缪泽特","缪泽特的乳汁"
"486","フルビュア","物品","32","小さなメダル","掉落","芙尔维娅","小奖章"
"486","フルビュア","物品","222","艶めかしい尻尾","掉落","芙尔维娅","艳丽的尾巴"
"486","フルビュア","防具","1621","淫具の勲章","掉落","芙尔维娅","淫具之勋章"
"486","フルビュア","防具","1887","あげはパンツ","可偷内裤","芙尔维娅","凤蝶娘的内裤"
"486","フルビュア","物品","1395","フルビュアのミルク","可偷牛奶","芙尔维娅","芙尔维娅的乳汁"
"487","ギルゴーン","物品","9","エリクサー","掉落","吉尔贡","圣灵药"
"487","ギルゴーン","物品","81","輝晶黒闇石","掉落","吉尔贡","辉晶黑暗石"
"487","ギルゴーン","防具","1209","闇のシンボル","掉落","吉尔贡","暗之符号"
"487","ギルゴーン","防具","1930","リノアパンツ","可偷内裤","吉尔贡","莉诺雅内裤"
"487","ギルゴーン","物品","1396","ギルゴーンのミルク","可偷牛奶","吉尔贡","吉尔贡的乳汁"
"488","大明海","物品","29","精神の種","掉落","大明海","精神之种"
"488","大明海","物品","361","おにぎり","掉落","大明海","饭团"
"488","大明海","防具","1262","聖なる秘伝書","掉落","大明海","圣之秘传书"
"488","大明海","防具","1930","リノアパンツ","可偷内裤","大明海","莉诺雅内裤"
"488","大明海","物品","1398","大明海のミルク","可偷牛奶","大明海","大明海的乳汁"
"489","ターサ","物品","31","器用さの種","掉落","塔莎","灵巧之种"
"489","ターサ","物品","222","艶めかしい尻尾","掉落","塔莎","艳丽的尾巴"
"489","ターサ","防具","1658","踊り子の悟り・踊り編","掉落","塔莎","舞者的领悟・舞蹈篇"
"489","ターサ","防具","1887","あげはパンツ","可偷内裤","塔莎","凤蝶娘的内裤"
"489","ターサ","物品","1405","ターサのミルク","可偷牛奶","塔莎","塔莎的乳汁"
"490","妲己","物品","12","世界樹の葉","掉落","妲己","世界树之叶"
"490","妲己","物品","242","もふもふしっぽ","掉落","妲己","毛绒绒的尾巴"
"490","妲己","防具","1379","獣技の秘伝書","掉落","妲己","兽技之秘传书"
"490","妲己","物品","1401","妲己のミルク","可偷牛奶","妲己","妲己的乳汁"
"491","エスト","物品","10","ラストエリクサー","掉落","艾斯特","最终圣灵药"
"491","エスト","物品","222","艶めかしい尻尾","掉落","艾斯特","艳丽的尾巴"
"491","エスト","防具","1591","リボン","掉落","艾斯特","缎带"
"491","エスト","防具","1887","あげはパンツ","可偷内裤","艾斯特","凤蝶娘的内裤"
"491","エスト","物品","1391","エストのミルク","可偷牛奶","艾斯特","艾斯特的乳汁"
"492","サキュバス","物品","431","ヤマタイ酒","掉落","魅魔","邪马台酒"
"492","サキュバス","物品","222","艶めかしい尻尾","掉落","魅魔","艳丽的尾巴"
"492","サキュバス","物品","2","高級薬草","掉落","魅魔","高级药草"
"492","サキュバス","物品","52","紅炎石","可偷物品","魅魔","红炎石"
"492","サキュバス","防具","1473","敏感の印","可偷物品","魅魔","敏感之印"
"492","サキュバス","物品","415","ホワイトハートチョコ","可偷食材","魅魔","白心巧克力"
"492","サキュバス","物品","222","艶めかしい尻尾","可偷素材","魅魔","艳丽的尾巴"
"492","サキュバス","防具","1889","ナイトハーピーのパンツ","可偷内裤","魅魔","骑士哈比的内裤"
"492","サキュバス","物品","1409","夢魔のミルク","可偷牛奶","魅魔","梦魔的乳汁"
"493","ミミック娘","物品","36","幸せの種","掉落","宝箱娘","幸福之种"
"493","ミミック娘","物品","161","ヌルヌル粘液","掉落","宝箱娘","黏滑粘液"
"493","ミミック娘","物品","32","小さなメダル","掉落","宝箱娘","小奖章"
"493","ミミック娘","物品","11","フェニックスの尾","可偷物品","宝箱娘","凤凰之尾"
"493","ミミック娘","物品","32","小さなメダル","可偷物品","宝箱娘","小奖章"
"493","ミミック娘","物品","359","ピザ","可偷食材","宝箱娘","披萨"
"493","ミミック娘","物品","161","ヌルヌル粘液","可偷素材","宝箱娘","黏滑粘液"
"493","ミミック娘","防具","1823","ミミックパンツ","可偷内裤","宝箱娘","宝箱怪内裤"
"494","サキュバス","物品","417","ケーキ","掉落","魅魔","蛋糕"
"494","サキュバス","物品","222","艶めかしい尻尾","掉落","魅魔","艳丽的尾巴"
"494","サキュバス","物品","25","不思議な木の実","掉落","魅魔","不可思议之果"
"494","サキュバス","物品","52","紅炎石","可偷物品","魅魔","红炎石"
"494","サキュバス","防具","1473","敏感の印","可偷物品","魅魔","敏感之印"
"494","サキュバス","物品","415","ホワイトハートチョコ","可偷食材","魅魔","白心巧克力"
"494","サキュバス","物品","222","艶めかしい尻尾","可偷素材","魅魔","艳丽的尾巴"
"494","サキュバス","防具","1889","ナイトハーピーのパンツ","可偷内裤","魅魔","骑士哈比的内裤"
"494","サキュバス","物品","1409","夢魔のミルク","可偷牛奶","魅魔","梦魔的乳汁"
"495","エクスキューショナー","物品","30","素早さの種","掉落","艾斯丘雪娜","敏捷之种"
"495","エクスキューショナー","物品","222","艶めかしい尻尾","掉落","艾斯丘雪娜","艳丽的尾巴"
"495","エクスキューショナー","防具","1039","エルメスの腕輪","掉落","艾斯丘雪娜","赫尔墨斯手镯"
"495","エクスキューショナー","防具","1887","あげはパンツ","可偷内裤","艾斯丘雪娜","凤蝶娘的内裤"
"495","エクスキューショナー","物品","1406","エクスキューショナーのミルク","可偷牛奶","艾斯丘雪娜","艾斯丘雪娜的乳汁"
"496","オーガトゥース","物品","26","力の種","掉落","奥伽图丝","力量之种"
"496","オーガトゥース","物品","222","艶めかしい尻尾","掉落","奥伽图丝","艳丽的尾巴"
"496","オーガトゥース","防具","1004","オーラベルト","掉落","奥伽图丝","气场腰带"
"496","オーガトゥース","防具","1887","あげはパンツ","可偷内裤","奥伽图丝","凤蝶娘的内裤"
"496","オーガトゥース","物品","1407","オーガトゥースのミルク","可偷牛奶","奥伽图丝","奥伽图丝的乳汁"
"498","カサンドラ","物品","29","精神の種","掉落","卡桑德拉","精神之种"
"498","カサンドラ","物品","361","おにぎり","掉落","卡桑德拉","饭团"
"498","カサンドラ","物品","381","野菜サラダ","掉落","卡桑德拉","蔬菜沙拉"
"498","カサンドラ","物品","1297","カサンドラのミルク","可偷牛奶","卡桑德拉","卡桑德拉的乳汁"
"499","クロムドールMk.I","物品","7","ブーストドリンク","可偷物品","クロムドールMk.I","能量饮料"
"499","クロムドールMk.I","防具","1306","斧の書","可偷物品","クロムドールMk.I","斧之书"
"499","クロムドールMk.I","物品","342","ミルク","可偷食材","クロムドールMk.I","牛奶"
"499","クロムドールMk.I","物品","189","猛牛の角","可偷素材","クロムドールMk.I","猛牛之角"
"499","クロムドールMk.I","防具","1843","ミノタウロスパンツ","可偷内裤","クロムドールMk.I","米诺陶洛斯内裤"
"501","ガルーダ","物品","12","世界樹の葉","掉落","迦楼罗","世界树之叶"
"501","ガルーダ","物品","249","奇跡の卵","掉落","迦楼罗","奇迹的蛋"
"501","ガルーダ","物品","252","奇跡の羽根","掉落","迦楼罗","奇迹的羽毛"
"501","ガルーダ","物品","1411","ガルーダのミルク","可偷牛奶","迦楼罗","迦楼罗的乳汁"
"502","コックローチ娘","物品","246","覇虫の針","掉落","蟑螂娘","霸虫的针"
"502","コックローチ娘","物品","3","究極薬草","掉落","蟑螂娘","究极药草"
"502","コックローチ娘","物品","61","電光黄雷石","掉落","蟑螂娘","电光黄雷石"
"502","コックローチ娘","物品","3","究極薬草","可偷物品","蟑螂娘","究极药草"
"502","コックローチ娘","防具","1229","虫破りの呪符","可偷物品","蟑螂娘","虫破咒符"
"502","コックローチ娘","物品","387","てんぷら","可偷食材","蟑螂娘","天妇罗"
"502","コックローチ娘","物品","231","魔虫の甲殻","可偷素材","蟑螂娘","魔虫的甲壳"
"502","コックローチ娘","防具","1902","アマゾネスエルフのパンツ","可偷内裤","蟑螂娘","亚马逊精灵的内裤"
"502","コックローチ娘","物品","1412","コックローチ娘のミルク","可偷牛奶","蟑螂娘","蟑螂娘的乳汁"
"503","スピードローチ","物品","8","バーストドリンク","掉落","迅捷蟑螂","爆发饮料"
"503","スピードローチ","物品","246","覇虫の針","掉落","迅捷蟑螂","霸虫的针"
"503","スピードローチ","武器","372","バイオニックアクス","掉落","迅捷蟑螂","生化斧"
"503","スピードローチ","物品","8","バーストドリンク","可偷物品","迅捷蟑螂","爆发饮料"
"503","スピードローチ","防具","1039","エルメスの腕輪","可偷物品","迅捷蟑螂","赫尔墨斯手镯"
"503","スピードローチ","物品","379","コロッケ","可偷食材","迅捷蟑螂","可乐饼"
"503","スピードローチ","物品","231","魔虫の甲殻","可偷素材","迅捷蟑螂","魔虫的甲壳"
"503","スピードローチ","防具","1903","ジャイアントパンツ","可偷内裤","迅捷蟑螂","巨型内裤"
"503","スピードローチ","物品","1413","スピードローチのミルク","可偷牛奶","迅捷蟑螂","迅捷蟑螂的乳汁"
"504","クィーンローチ","武器","111","流星の剣","掉落","萝切尔女王","流星制之剑"
"504","クィーンローチ","物品","246","覇虫の針","掉落","萝切尔女王","霸虫的针"
"504","クィーンローチ","防具","1394","虫技の秘伝書","掉落","萝切尔女王","虫技之秘传书"
"504","クィーンローチ","物品","1414","クィーンローチのミルク","可偷牛奶","萝切尔女王","萝切尔女王的乳汁"
"505","エルベティエ分裂体","物品","422","ゼリー","掉落","艾露贝提耶分裂体","果冻"
"505","エルベティエ分裂体","物品","248","えるえるゼリー","掉落","艾露贝提耶分裂体","咕噜咕噜果冻"
"505","エルベティエ分裂体","物品","24","命の木の実","掉落","艾露贝提耶分裂体","生命之果"
"506","エルベティエ","物品","24","命の木の実","掉落","艾露贝提耶","生命之果"
"506","エルベティエ","物品","248","えるえるゼリー","掉落","艾露贝提耶","咕噜咕噜果冻"
"506","エルベティエ","防具","1673","スライムの悟り","掉落","艾露贝提耶","史莱姆的领悟"
"506","エルベティエ","物品","1232","エルベティエのミルク","可偷牛奶","艾露贝提耶","艾露贝提耶的乳汁"
"507","マジックポット","物品","249","奇跡の卵","掉落","魔法壶","奇迹的蛋"
"507","マジックポット","防具","1724","絶魔の腕輪","掉落","魔法壶","绝魔手镯"
"507","マジックポット","物品","32","小さなメダル","掉落","魔法壶","小奖章"
"507","マジックポット","物品","9","エリクサー","可偷物品","魔法壶","圣灵药"
"507","マジックポット","物品","32","小さなメダル","可偷物品","魔法壶","小奖章"
"507","マジックポット","物品","415","ホワイトハートチョコ","可偷食材","魔法壶","白心巧克力"
"507","マジックポット","物品","218","ぐにゅぐにゅゼリー","可偷素材","魔法壶","咕啾咕啾的果冻"
"507","マジックポット","物品","1415","マジックポットのミルク","可偷牛奶","魔法壶","魔法壶的乳汁"
"508","豆狸","物品","18","打出の小槌","掉落","豆狸","打出的小槌"
"508","豆狸","物品","336","あんこ","掉落","豆狸","豆沙"
"508","豆狸","物品","69","土流橙土石","掉落","豆狸","土流橙土石"
"508","豆狸","物品","18","打出の小槌","可偷物品","豆狸","打出的小槌"
"508","豆狸","防具","1571","ミニマムガード","可偷物品","豆狸","缩小防护"
"508","豆狸","物品","404","たいやき","可偷食材","豆狸","鲷鱼烧"
"508","豆狸","物品","69","土流橙土石","可偷素材","豆狸","土流橙土石"
"508","豆狸","防具","1919","氷の魔女のパンツ","可偷内裤","豆狸","冰之魔女的内裤"
"508","豆狸","物品","1416","豆狸のミルク","可偷牛奶","豆狸","豆狸的乳汁"
"509","上狸","物品","242","もふもふしっぽ","掉落","上狸","毛绒绒的尾巴"
"509","上狸","物品","408","おだんご","掉落","上狸","团子"
"509","上狸","物品","69","土流橙土石","掉落","上狸","土流橙土石"
"509","上狸","物品","18","打出の小槌","可偷物品","上狸","打出的小槌"
"509","上狸","防具","1571","ミニマムガード","可偷物品","上狸","缩小防护"
"509","上狸","物品","404","たいやき","可偷食材","上狸","鲷鱼烧"
"509","上狸","物品","69","土流橙土石","可偷素材","上狸","土流橙土石"
"509","上狸","防具","1919","氷の魔女のパンツ","可偷内裤","上狸","冰之魔女的内裤"
"509","上狸","物品","1417","上狸のミルク","可偷牛奶","上狸","上狸的乳汁"
"510","忍狸","物品","242","もふもふしっぽ","掉落","忍狸","毛绒绒的尾巴"
"510","忍狸","物品","404","たいやき","掉落","忍狸","鲷鱼烧"
"510","忍狸","物品","69","土流橙土石","掉落","忍狸","土流橙土石"
"510","忍狸","物品","18","打出の小槌","可偷物品","忍狸","打出的小槌"
"510","忍狸","防具","1571","ミニマムガード","可偷物品","忍狸","缩小防护"
"510","忍狸","物品","404","たいやき","可偷食材","忍狸","鲷鱼烧"
"510","忍狸","物品","69","土流橙土石","可偷素材","忍狸","土流橙土石"
"510","忍狸","防具","1919","氷の魔女のパンツ","可偷内裤","忍狸","冰之魔女的内裤"
"510","忍狸","物品","1418","忍狸のミルク","可偷牛奶","忍狸","忍狸的乳汁"
"511","化け狸","物品","244","覇獣の爪","掉落","化狸","霸兽的爪子"
"511","化け狸","物品","242","もふもふしっぽ","掉落","化狸","毛绒绒的尾巴"
"511","化け狸","物品","69","土流橙土石","掉落","化狸","土流橙土石"
"511","化け狸","物品","22","万能薬","可偷物品","化狸","万能药"
"511","化け狸","防具","1613","扇の勲章","可偷物品","化狸","扇之勋章"
"511","化け狸","物品","395","お好み焼き","可偷食材","化狸","御好烧"
"511","化け狸","物品","69","土流橙土石","可偷素材","化狸","土流橙土石"
"511","化け狸","物品","1419","化け狸のミルク","可偷牛奶","化狸","化狸的乳汁"
"512","隠神刑部狸","物品","431","ヤマタイ酒","掉落","隐神刑部狸","邪马台酒"
"512","隠神刑部狸","物品","433","スルメ","掉落","隐神刑部狸","鱿鱼干"
"512","隠神刑部狸","物品","242","もふもふしっぽ","掉落","隐神刑部狸","毛绒绒的尾巴"
"512","隠神刑部狸","物品","9","エリクサー","可偷物品","隐神刑部狸","圣灵药"
"512","隠神刑部狸","防具","1511","土のリング","可偷物品","隐神刑部狸","土之戒指"
"512","隠神刑部狸","物品","431","ヤマタイ酒","可偷食材","隐神刑部狸","邪马台酒"
"512","隠神刑部狸","物品","69","土流橙土石","可偷素材","隐神刑部狸","土流橙土石"
"512","隠神刑部狸","防具","1920","天使兵のパンツ","可偷内裤","隐神刑部狸","天使兵的内裤"
"512","隠神刑部狸","物品","1420","隠神刑部狸のミルク","可偷牛奶","隐神刑部狸","隐神刑部狸的乳汁"
"513","黒狸","物品","242","もふもふしっぽ","掉落","黑狸","毛绒绒的尾巴"
"513","黒狸","物品","69","土流橙土石","掉落","黑狸","土流橙土石"
"513","黒狸","防具","143","九尾のローブ","掉落","黑狸","九尾长袍"
"513","黒狸","防具","1921","トリニティのパンツ","可偷内裤","黑狸","三位一体的内裤"
"513","黒狸","物品","1421","黒狸のミルク","可偷牛奶","黑狸","黑狸的乳汁"
"514","ヒミコ","物品","250","神代紙","掉落","卑弥呼","神代纸"
"514","ヒミコ","物品","243","禍々しい結晶","掉落","卑弥呼","不祥的结晶"
"514","ヒミコ","防具","1241","快楽の秘伝書","掉落","卑弥呼","快乐之秘传书"
"514","ヒミコ","物品","6","イリアスの霊薬","可偷物品","卑弥呼","伊莉娅丝的灵药"
"514","ヒミコ","防具","1063","秘宝のかんざし","可偷物品","卑弥呼","秘宝发簪"
"514","ヒミコ","物品","372","うな重","可偷食材","卑弥呼","鳗鱼饭"
"514","ヒミコ","物品","250","神代紙","可偷素材","卑弥呼","神代纸"
"514","ヒミコ","防具","1969","くのいちハーピーのパンツ","可偷内裤","卑弥呼","女忍哈比的内裤"
"514","ヒミコ","物品","1422","ヒミコのミルク","可偷牛奶","卑弥呼","卑弥呼的乳汁"
"515","くのいちエルフ","物品","250","神代紙","掉落","女忍精灵","神代纸"
"515","くのいちエルフ","物品","5","エルフの霊薬","掉落","女忍精灵","精灵的灵药"
"515","くのいちエルフ","物品","53","赤熱紅炎石","掉落","女忍精灵","赤热红炎石"
"515","くのいちエルフ","物品","102","風魔手裏剣","可偷物品","女忍精灵","风魔手里剑"
"515","くのいちエルフ","防具","1298","忍者刀の秘伝書","可偷物品","女忍精灵","忍者刀之秘传书"
"515","くのいちエルフ","物品","361","おにぎり","可偷食材","女忍精灵","饭团"
"515","くのいちエルフ","物品","230","涙の魔石","可偷素材","女忍精灵","泪的魔石"
"515","くのいちエルフ","防具","1917","黒薔薇のパンツ","可偷内裤","女忍精灵","黑蔷薇的内裤"
"515","くのいちエルフ","物品","1423","くのいちエルフのミルク","可偷牛奶","女忍精灵","女忍精灵的乳汁"
"516","くのいちエルフ","物品","250","神代紙","掉落","女忍精灵","神代纸"
"516","くのいちエルフ","物品","5","エルフの霊薬","掉落","女忍精灵","精灵的灵药"
"516","くのいちエルフ","物品","57","凍結蒼氷石","掉落","女忍精灵","冻结苍冰石"
"516","くのいちエルフ","物品","102","風魔手裏剣","可偷物品","女忍精灵","风魔手里剑"
"516","くのいちエルフ","防具","1551","ブラインガード","可偷物品","女忍精灵","失明防护"
"516","くのいちエルフ","物品","368","お寿司","可偷食材","女忍精灵","寿司"
"516","くのいちエルフ","物品","230","涙の魔石","可偷素材","女忍精灵","泪的魔石"
"516","くのいちエルフ","防具","1917","黒薔薇のパンツ","可偷内裤","女忍精灵","黑蔷薇的内裤"
"516","くのいちエルフ","物品","1423","くのいちエルフのミルク","可偷牛奶","女忍精灵","女忍精灵的乳汁"
"517","くのいちエルフ","物品","250","神代紙","掉落","女忍精灵","神代纸"
"517","くのいちエルフ","物品","5","エルフの霊薬","掉落","女忍精灵","精灵的灵药"
"517","くのいちエルフ","物品","61","電光黄雷石","掉落","女忍精灵","电光黄雷石"
"517","くのいちエルフ","物品","102","風魔手裏剣","可偷物品","女忍精灵","风魔手里剑"
"517","くのいちエルフ","防具","1553","サイレスガード","可偷物品","女忍精灵","沉默防护"
"517","くのいちエルフ","物品","389","味噌汁","可偷食材","女忍精灵","味噌汤"
"517","くのいちエルフ","物品","230","涙の魔石","可偷素材","女忍精灵","泪的魔石"
"517","くのいちエルフ","防具","1917","黒薔薇のパンツ","可偷内裤","女忍精灵","黑蔷薇的内裤"
"517","くのいちエルフ","物品","1423","くのいちエルフのミルク","可偷牛奶","女忍精灵","女忍精灵的乳汁"
"518","くのいちサキュバス","物品","102","風魔手裏剣","掉落","女忍魅魔","风魔手里剑"
"518","くのいちサキュバス","物品","243","禍々しい結晶","掉落","女忍魅魔","不祥的结晶"
"518","くのいちサキュバス","武器","272","一撃の刃","掉落","女忍魅魔","一击之刃"
"518","くのいちサキュバス","物品","102","風魔手裏剣","可偷物品","女忍魅魔","风魔手里剑"
"518","くのいちサキュバス","防具","1240","快楽の書","可偷物品","女忍魅魔","快乐之书"
"518","くのいちサキュバス","物品","361","おにぎり","可偷食材","女忍魅魔","饭团"
"518","くのいちサキュバス","物品","222","艶めかしい尻尾","可偷素材","女忍魅魔","艳丽的尾巴"
"518","くのいちサキュバス","防具","1913","蛇骨パンツ","可偷内裤","女忍魅魔","蛇骨内裤"
"518","くのいちサキュバス","物品","1424","くのいちサキュバスのミルク","可偷牛奶","女忍魅魔","女忍魅魔的乳汁"
"519","くのいちハーピー","物品","23","ハーピーの羽","掉落","女忍哈比","哈比之羽"
"519","くのいちハーピー","物品","102","風魔手裏剣","掉落","女忍哈比","风魔手里剑"
"519","くのいちハーピー","物品","249","奇跡の卵","掉落","女忍哈比","奇迹的蛋"
"519","くのいちハーピー","物品","102","風魔手裏剣","可偷物品","女忍哈比","风魔手里剑"
"519","くのいちハーピー","防具","1177","身代わり型代","可偷物品","女忍哈比","替身型代"
"519","くのいちハーピー","物品","384","さしみ","可偷食材","女忍哈比","生鱼片"
"519","くのいちハーピー","物品","227","輝く羽根","可偷素材","女忍哈比","闪耀的羽毛"
"519","くのいちハーピー","防具","1914","格闘淫魔のパンツ","可偷内裤","女忍哈比","格斗淫魔的内裤"
"519","くのいちハーピー","物品","1425","くのいちハーピーのミルク","可偷牛奶","女忍哈比","女忍哈比的乳汁"
"520","くのいちスキュラ","物品","22","万能薬","掉落","女忍斯库拉","万能药"
"520","くのいちスキュラ","物品","102","風魔手裏剣","掉落","女忍斯库拉","风魔手里剑"
"520","くのいちスキュラ","物品","250","神代紙","掉落","女忍斯库拉","神代纸"
"520","くのいちスキュラ","物品","102","風魔手裏剣","可偷物品","女忍斯库拉","风魔手里剑"
"520","くのいちスキュラ","防具","1190","居合いの眼帯","可偷物品","女忍斯库拉","居合的眼罩"
"520","くのいちスキュラ","物品","385","焼き鳥","可偷食材","女忍斯库拉","烤鸡串"
"520","くのいちスキュラ","物品","202","巻き付く触手","可偷素材","女忍斯库拉","缠绕的触手"
"520","くのいちスキュラ","防具","1915","格闘妖魔のパンツ","可偷内裤","女忍斯库拉","格斗妖魔的内裤"
"520","くのいちスキュラ","物品","1426","くのいちスキュラのミルク","可偷牛奶","女忍斯库拉","女忍斯库拉的乳汁"
"521","くのいちアラクネ","物品","102","風魔手裏剣","掉落","女忍阿拉克涅","风魔手里剑"
"521","くのいちアラクネ","物品","246","覇虫の針","掉落","女忍阿拉克涅","霸虫的针"
"521","くのいちアラクネ","物品","3","究極薬草","掉落","女忍阿拉克涅","究极药草"
"521","くのいちアラクネ","物品","102","風魔手裏剣","可偷物品","女忍阿拉克涅","风魔手里剑"
"521","くのいちアラクネ","防具","1104","痛恨の形代","可偷物品","女忍阿拉克涅","痛恨的替身"
"521","くのいちアラクネ","物品","400","おそば","可偷食材","女忍阿拉克涅","荞麦面"
"521","くのいちアラクネ","物品","175","蜘蛛の糸","可偷素材","女忍阿拉克涅","蜘蛛之丝"
"521","くのいちアラクネ","防具","1016","パワーリスト","可偷内裤","女忍阿拉克涅","力量护腕"
"521","くのいちアラクネ","物品","1427","くのいちアラクネのミルク","可偷牛奶","女忍阿拉克涅","女忍阿拉克涅的乳汁"
"522","エルフ姫","物品","31","器用さの種","掉落","精灵公主","灵巧之种"
"522","エルフ姫","物品","243","禍々しい結晶","掉落","精灵公主","不祥的结晶"
"522","エルフ姫","防具","1238","物理の秘伝書","掉落","精灵公主","物理之秘传书"
"522","エルフ姫","防具","1918","黒のアリスのパンツ","可偷内裤","精灵公主","黑之爱丽丝的内裤"
"522","エルフ姫","物品","1428","エルフ姫のミルク","可偷牛奶","精灵公主","精灵公主的乳汁"
"523","イザナミ","物品","81","輝晶黒闇石","掉落","伊邪那美","辉晶黑暗石"
"523","イザナミ","物品","9","エリクサー","掉落","伊邪那美","圣灵药"
"523","イザナミ","物品","25","不思議な木の実","掉落","伊邪那美","不可思议之果"
"523","イザナミ","物品","9","エリクサー","可偷物品","伊邪那美","圣灵药"
"523","イザナミ","防具","1248","氷の極意書","可偷物品","伊邪那美","冰之极意书"
"523","イザナミ","物品","362","特上おにぎり","可偷食材","伊邪那美","特级饭团"
"523","イザナミ","物品","81","輝晶黒闇石","可偷素材","伊邪那美","辉晶黑暗石"
"523","イザナミ","物品","1429","イザナミのミルク","可偷牛奶","伊邪那美","伊邪那美的乳汁"
"524","鎧の狂戦士","物品","6","イリアスの霊薬","掉落","铠之狂战士","伊莉娅丝的灵药"
"524","鎧の狂戦士","物品","77","天空白聖石","掉落","铠之狂战士","天空白圣石"
"524","鎧の狂戦士","物品","252","奇跡の羽根","掉落","铠之狂战士","奇迹的羽毛"
"525","八尾","物品","25","不思議な木の実","掉落","八尾","不可思议之果"
"525","八尾","物品","242","もふもふしっぽ","掉落","八尾","毛绒绒的尾巴"
"525","八尾","防具","1726","還魔の腕輪","掉落","八尾","还魔手镯"
"525","八尾","防具","1943","ミュゼットのパンツ","可偷内裤","八尾","缪泽特的内裤"
"525","八尾","物品","1430","八尾のミルク","可偷牛奶","八尾","八尾的乳汁"
"526","エルダーサキュバス","物品","22","万能薬","掉落","长老魅魔","万能药"
"526","エルダーサキュバス","物品","251","妖艶なる尻尾","掉落","长老魅魔","妖艳的尾巴"
"526","エルダーサキュバス","物品","31","器用さの種","掉落","长老魅魔","灵巧之种"
"526","エルダーサキュバス","物品","22","万能薬","可偷物品","长老魅魔","万能药"
"526","エルダーサキュバス","防具","1544","エクスタスガード","可偷物品","长老魅魔","绝顶防护"
"526","エルダーサキュバス","物品","425","パフェ","可偷食材","长老魅魔","芭菲"
"526","エルダーサキュバス","物品","243","禍々しい結晶","可偷素材","长老魅魔","不祥的结晶"
"526","エルダーサキュバス","防具","1942","リラのパンツ","可偷内裤","长老魅魔","莉拉的内裤"
"526","エルダーサキュバス","物品","1431","エルダーサキュバスのミルク","可偷牛奶","长老魅魔","长老魅魔的乳汁"
"527","グランセントール","物品","8","バーストドリンク","掉落","巨型半人马","爆发饮料"
"527","グランセントール","物品","244","覇獣の爪","掉落","巨型半人马","霸兽的爪子"
"527","グランセントール","防具","292","イージスの盾","掉落","巨型半人马","埃癸斯之盾"
"527","グランセントール","物品","8","バーストドリンク","可偷物品","巨型半人马","爆发饮料"
"527","グランセントール","防具","1135","気合いのリング","可偷物品","巨型半人马","气势戒指"
"527","グランセントール","物品","310","にんじん","可偷食材","巨型半人马","胡萝卜"
"527","グランセントール","物品","173","丈夫な蹄","可偷素材","巨型半人马","坚固的蹄"
"527","グランセントール","物品","1432","グランセントールのミルク","可偷牛奶","巨型半人马","巨型半人马的乳汁"
"528","エイビス娘","物品","247","覇竜の牙","掉落","龙鸟娘","霸龙的牙齿"
"528","エイビス娘","物品","245","覇蛇の蛇尾","掉落","龙鸟娘","霸蛇的蛇尾"
"528","エイビス娘","物品","53","赤熱紅炎石","掉落","龙鸟娘","赤热红炎石"
"528","エイビス娘","物品","3","究極薬草","可偷物品","龙鸟娘","究极药草"
"528","エイビス娘","防具","1388","翼技の秘伝書","可偷物品","龙鸟娘","翼技之秘传书"
"528","エイビス娘","物品","386","ローストチキン","可偷食材","龙鸟娘","烤鸡"
"528","エイビス娘","物品","53","赤熱紅炎石","可偷素材","龙鸟娘","赤热红炎石"
"528","エイビス娘","物品","1433","エイビス娘のミルク","可偷牛奶","龙鸟娘","龙鸟娘的乳汁"
"529","陰陽五尾","物品","242","もふもふしっぽ","掉落","阴阳五尾","毛绒绒的尾巴"
"529","陰陽五尾","物品","401","きつねうどん","掉落","阴阳五尾","狐狸乌冬面"
"529","陰陽五尾","物品","69","土流橙土石","掉落","阴阳五尾","土流橙土石"
"529","陰陽五尾","物品","69","土流橙土石","可偷物品","阴阳五尾","土流橙土石"
"529","陰陽五尾","防具","1112","窮地の狐面","可偷物品","阴阳五尾","绝境之狐面"
"529","陰陽五尾","物品","401","きつねうどん","可偷食材","阴阳五尾","狐狸乌冬面"
"529","陰陽五尾","物品","242","もふもふしっぽ","可偷素材","阴阳五尾","毛绒绒的尾巴"
"529","陰陽五尾","防具","1940","ギルゴーンのパンツ","可偷内裤","阴阳五尾","吉尔贡的内裤"
"529","陰陽五尾","物品","1434","陰陽五尾のミルク","可偷牛奶","阴阳五尾","阴阳五尾的乳汁"
"530","花魁六尾","物品","242","もふもふしっぽ","掉落","花魁六尾","毛绒绒的尾巴"
"530","花魁六尾","物品","3","究極薬草","掉落","花魁六尾","究极药草"
"530","花魁六尾","武器","746","流星の扇","掉落","花魁六尾","流星制扇"
"530","花魁六尾","物品","3","究極薬草","可偷物品","花魁六尾","究极药草"
"530","花魁六尾","防具","1097","金の勾玉","可偷物品","花魁六尾","金制勾玉"
"530","花魁六尾","物品","370","いなりずし","可偷食材","花魁六尾","稻荷寿司"
"530","花魁六尾","物品","242","もふもふしっぽ","可偷素材","花魁六尾","毛绒绒的尾巴"
"530","花魁六尾","防具","1941","ベルのパンツ","可偷内裤","花魁六尾","贝尔的内裤"
"530","花魁六尾","物品","1435","花魁六尾のミルク","可偷牛奶","花魁六尾","花魁六尾的乳汁"
"531","黒華","物品","9","エリクサー","掉落","黑华","圣灵药"
"531","黒華","物品","31","器用さの種","掉落","黑华","灵巧之种"
"531","黒華","物品","251","妖艶なる尻尾","掉落","黑华","妖艳的尾巴"
"531","黒華","防具","1928","玉藻のふんどし","可偷内裤","黑华","玉藻的兜裆布"
"531","黒華","物品","1345","黒華のミルク","可偷牛奶","黑华","黑华的乳汁"
"532","黒蛇","物品","26","力の種","掉落","黑蛇","力量之种"
"532","黒蛇","物品","220","メデューサの蛇","掉落","黑蛇","美杜莎的蛇"
"532","黒蛇","物品","245","覇蛇の蛇尾","掉落","黑蛇","霸蛇的蛇尾"
"532","黒蛇","物品","1346","黒蛇のミルク","可偷牛奶","黑蛇","黑蛇的乳汁"
"533","黒薔薇","物品","27","守りの種","掉落","黑蔷薇","守护之种"
"533","黒薔薇","物品","243","禍々しい結晶","掉落","黑蔷薇","不祥的结晶"
"533","黒薔薇","防具","1624","ローブの勲章","掉落","黑蔷薇","长袍之勋章"
"533","黒薔薇","防具","1929","ホリィパンツ","可偷内裤","黑蔷薇","霍莉内裤"
"533","黒薔薇","物品","1347","黒薔薇のミルク","可偷牛奶","黑蔷薇","黑蔷薇的乳汁"
"534","たまも","物品","25","不思議な木の実","掉落","玉藻","不可思议之果"
"534","たまも","物品","242","もふもふしっぽ","掉落","玉藻","毛绒绒的尾巴"
"534","たまも","防具","1256","土の秘伝書","掉落","玉藻","土之秘传书"
"534","たまも","防具","1932","キリエパンツ","可偷内裤","玉藻","姬莉叶内裤"
"534","たまも","物品","1438","たまものミルク","可偷牛奶","玉藻","玉藻的乳汁"
"535","エルベティエ","物品","24","命の木の実","掉落","艾露贝提耶","生命之果"
"535","エルベティエ","物品","248","えるえるゼリー","掉落","艾露贝提耶","咕噜咕噜果冻"
"535","エルベティエ","防具","1376","粘液技の秘伝書","掉落","艾露贝提耶","粘液技之秘传书"
"535","エルベティエ","物品","1232","エルベティエのミルク","可偷牛奶","艾露贝提耶","艾露贝提耶的乳汁"
"536","グランベリア","物品","26","力の種","掉落","古兰贝莉娅","力量之种"
"536","グランベリア","物品","247","覇竜の牙","掉落","古兰贝莉娅","霸龙的牙齿"
"536","グランベリア","防具","49","流星の胸当て","掉落","古兰贝莉娅","流星制胸甲"
"536","グランベリア","防具","1895","サキュバスのぴっちりパンツ","可偷内裤","古兰贝莉娅","魅魔的紧身内裤"
"536","グランベリア","物品","1178","グランベリアのミルク","可偷牛奶","古兰贝莉娅","古兰贝莉娅的乳汁"
"537","ラファエラ","物品","252","奇跡の羽根","掉落","拉斐艾拉","奇迹的羽毛"
"537","ラファエラ","物品","29","精神の種","掉落","拉斐艾拉","精神之种"
"537","ラファエラ","武器","499","輝ける奇跡の杖","掉落","拉斐艾拉","闪耀奇迹之杖"
"537","ラファエラ","物品","1439","ラファエラのミルク","可偷牛奶","拉斐艾拉","拉斐艾拉的乳汁"
"538","シオン","物品","27","守りの種","掉落","锡安","守护之种"
"538","シオン","物品","252","奇跡の羽根","掉落","锡安","奇迹的羽毛"
"538","シオン","防具","1125","奇跡の宝玉","掉落","锡安","奇迹之宝玉"
"538","シオン","防具","1944","エクスキューショナーのパンツ","可偷内裤","锡安","艾斯丘雪娜的内裤"
"538","シオン","物品","1224","シオンのミルク","可偷牛奶","锡安","锡安的乳汁"
"539","グノーシス","物品","29","精神の種","掉落","格诺西丝","精神之种"
"539","グノーシス","物品","252","奇跡の羽根","掉落","格诺西丝","奇迹的羽毛"
"539","グノーシス","防具","1035","スペースロザリオ","掉落","格诺西丝","空间念珠"
"539","グノーシス","物品","1223","グノーシスのミルク","可偷牛奶","格诺西丝","格诺西丝的乳汁"
"540","エデン","物品","9","エリクサー","掉落","伊甸","圣灵药"
"540","エデン","物品","25","不思議な木の実","掉落","伊甸","不可思议之果"
"540","エデン","物品","252","奇跡の羽根","掉落","伊甸","奇迹的羽毛"
"540","エデン","防具","1958","","可偷内裤","伊甸",""
"540","エデン","物品","1440","天界エデンのミルク","可偷牛奶","伊甸","天界伊甸的乳汁"
"541","アリスフィーズ15世","物品","24","命の木の実","掉落","爱丽丝菲兹15世","生命之果"
"541","アリスフィーズ15世","物品","243","禍々しい結晶","掉落","爱丽丝菲兹15世","不祥的结晶"
"541","アリスフィーズ15世","防具","1408","魔眼奥義書","掉落","爱丽丝菲兹15世","魔眼奥义书"
"541","アリスフィーズ15世","物品","1441","アリスフィーズ15世のミルク","可偷牛奶","爱丽丝菲兹15世","爱丽丝菲兹15世的乳汁"
"542","モリガン","物品","28","魔力の種","掉落","摩莉甘","魔力之种"
"542","モリガン","物品","251","妖艶なる尻尾","掉落","摩莉甘","妖艳的尾巴"
"542","モリガン","防具","1102","魔鏡のリング","掉落","摩莉甘","魔镜之戒指"
"542","モリガン","防具","1824","モリガンパンツ","可偷内裤","摩莉甘","摩莉甘内裤"
"542","モリガン","物品","1051","モリガンのミルク","可偷牛奶","摩莉甘","摩莉甘的乳汁"
"543","アスタロト","物品","30","素早さの種","掉落","阿斯塔洛特","敏捷之种"
"543","アスタロト","物品","251","妖艶なる尻尾","掉落","阿斯塔洛特","妖艳的尾巴"
"543","アスタロト","防具","1670","娼婦の悟り","掉落","阿斯塔洛特","娼妇的领悟"
"543","アスタロト","防具","1845","アスタロトパンツ","可偷内裤","阿斯塔洛特","阿斯塔洛特内裤"
"543","アスタロト","物品","1110","アスタロトのミルク","可偷牛奶","阿斯塔洛特","阿斯塔洛特的乳汁"
"544","サバサソウル","物品","8","バーストドリンク","掉落","撒巴萨之魂","爆发饮料"
"544","サバサソウル","物品","26","力の種","掉落","撒巴萨之魂","力量之种"
"544","サバサソウル","防具","1668","王の悟り","掉落","撒巴萨之魂","王的领悟"
"545","アモルドール","物品","233","傀儡歯車","掉落","阿莫尔人偶","傀儡齿轮"
"545","アモルドール","物品","253","カオストロン","掉落","阿莫尔人偶","混沌之核"
"545","アモルドール","物品","12","世界樹の葉","掉落","阿莫尔人偶","世界树之叶"
"545","アモルドール","物品","8","バーストドリンク","可偷物品","阿莫尔人偶","爆发饮料"
"545","アモルドール","防具","1045","神業の首飾り","可偷物品","阿莫尔人偶","神技项链"
"545","アモルドール","物品","253","カオストロン","可偷素材","阿莫尔人偶","混沌之核"
"545","アモルドール","物品","1442","アモルドールのミルク","可偷牛奶","阿莫尔人偶","阿莫尔人偶的乳汁"
"546","アモルラーム","物品","233","傀儡歯車","掉落","阿莫尔忆体","傀儡齿轮"
"546","アモルラーム","物品","253","カオストロン","掉落","阿莫尔忆体","混沌之核"
"546","アモルラーム","武器","321","流星の爪","掉落","阿莫尔忆体","流星制之爪"
"546","アモルラーム","物品","8","バーストドリンク","可偷物品","阿莫尔忆体","爆发饮料"
"546","アモルラーム","防具","1045","神業の首飾り","可偷物品","阿莫尔忆体","神技项链"
"546","アモルラーム","物品","253","カオストロン","可偷素材","阿莫尔忆体","混沌之核"
"546","アモルラーム","物品","1443","アモルラームのミルク","可偷牛奶","阿莫尔忆体","阿莫尔忆体的乳汁"
"547","アモルリーム","物品","233","傀儡歯車","掉落","阿莫尔肢体","傀儡齿轮"
"547","アモルリーム","物品","253","カオストロン","掉落","阿莫尔肢体","混沌之核"
"547","アモルリーム","防具","119","流星の甲羅","掉落","阿莫尔肢体","流星制甲壳"
"547","アモルリーム","物品","8","バーストドリンク","可偷物品","阿莫尔肢体","爆发饮料"
"547","アモルリーム","防具","1045","神業の首飾り","可偷物品","阿莫尔肢体","神技项链"
"547","アモルリーム","物品","253","カオストロン","可偷素材","阿莫尔肢体","混沌之核"
"547","アモルリーム","物品","1444","アモルリームのミルク","可偷牛奶","阿莫尔肢体","阿莫尔肢体的乳汁"
"548","ペルセポネー","物品","253","カオストロン","掉落","珀耳塞福涅","混沌之核"
"548","ペルセポネー","物品","81","輝晶黒闇石","掉落","珀耳塞福涅","辉晶黑暗石"
"548","ペルセポネー","武器","541","マスターウィザード","掉落","珀耳塞福涅","大师巫师"
"548","ペルセポネー","物品","81","輝晶黒闇石","可偷物品","珀耳塞福涅","辉晶黑暗石"
"548","ペルセポネー","防具","1477","恍惚の秘印","可偷物品","珀耳塞福涅","恍惚之秘印"
"548","ペルセポネー","物品","253","カオストロン","可偷素材","珀耳塞福涅","混沌之核"
"548","ペルセポネー","物品","1445","ペルセポネーのミルク","可偷牛奶","珀耳塞福涅","珀耳塞福涅的乳汁"
"549","トリロバイト","物品","253","カオストロン","掉落","三叶虫","混沌之核"
"549","トリロバイト","物品","247","覇竜の牙","掉落","三叶虫","霸龙的牙齿"
"549","トリロバイト","物品","9","エリクサー","掉落","三叶虫","圣灵药"
"549","トリロバイト","物品","9","エリクサー","可偷物品","三叶虫","圣灵药"
"549","トリロバイト","防具","1681","被造者の悟り","可偷物品","三叶虫","被造者的领悟"
"549","トリロバイト","物品","253","カオストロン","可偷素材","三叶虫","混沌之核"
"549","トリロバイト","物品","1446","トリロバイトのミルク","可偷牛奶","三叶虫","三叶虫的乳汁"
"550","ヘブンズゲート","物品","252","奇跡の羽根","掉落","天堂之门","奇迹的羽毛"
"550","ヘブンズゲート","物品","77","天空白聖石","掉落","天堂之门","天空白圣石"
"550","ヘブンズゲート","防具","1644","白魔導士の悟り","掉落","天堂之门","白魔导师的领悟"
"550","ヘブンズゲート","物品","1447","ヘブンズゲートのミルク","可偷牛奶","天堂之门","天堂之门的乳汁"
"551","ネフィリムウェポン","物品","28","魔力の種","掉落","伟大兵器","魔力之种"
"551","ネフィリムウェポン","物品","78","エンジェルダイヤモンド","掉落","伟大兵器","天使钻石"
"551","ネフィリムウェポン","防具","1189","最終皆伝の証","掉落","伟大兵器","最终皆传之证"
"551","ネフィリムウェポン","物品","1448","ネフィリムウェポンのミルク","可偷牛奶","伟大兵器","伟大兵器的乳汁"
"552","ギガントウェポン","物品","26","力の種","掉落","巨大兵器","力量之种"
"552","ギガントウェポン","物品","82","サタンクリスタル","掉落","巨大兵器","撒旦水晶"
"552","ギガントウェポン","防具","1591","リボン","掉落","巨大兵器","缎带"
"552","ギガントウェポン","物品","1449","ギガントウェポンのミルク","可偷牛奶","巨大兵器","巨大兵器的乳汁"
"554","マリエル","物品","252","奇跡の羽根","掉落","玛丽艾尔","奇迹的羽毛"
"554","マリエル","物品","6","イリアスの霊薬","掉落","玛丽艾尔","伊莉娅丝的灵药"
"554","マリエル","防具","173","神秘のビキニ","掉落","玛丽艾尔","神秘比基尼"
"554","マリエル","物品","6","イリアスの霊薬","可偷物品","玛丽艾尔","伊莉娅丝的灵药"
"554","マリエル","防具","1073","大天使の指輪","可偷物品","玛丽艾尔","大天使之戒"
"554","マリエル","物品","423","プリン","可偷食材","玛丽艾尔","布丁"
"554","マリエル","物品","240","イデア細胞","可偷素材","玛丽艾尔","伊迪亚细胞"
"554","マリエル","防具","1937","ネメアのパンツ","可偷内裤","玛丽艾尔","涅梅雅的内裤"
"554","マリエル","物品","1450","マリエルのミルク","可偷牛奶","玛丽艾尔","玛丽艾尔的乳汁"
"555","淫乳天女","物品","252","奇跡の羽根","掉落","淫乳天女","奇迹的羽毛"
"555","淫乳天女","物品","6","イリアスの霊薬","掉落","淫乳天女","伊莉娅丝的灵药"
"555","淫乳天女","武器","921","天女の乳房","掉落","淫乳天女","天女的乳房"
"555","淫乳天女","物品","6","イリアスの霊薬","可偷物品","淫乳天女","伊莉娅丝的灵药"
"555","淫乳天女","防具","1048","千里眼の櫛","可偷物品","淫乳天女","千里眼梳子"
"555","淫乳天女","物品","398","麻婆豆腐","可偷食材","淫乳天女","麻婆豆腐"
"555","淫乳天女","物品","241","天使の羽根","可偷素材","淫乳天女","天使的羽毛"
"555","淫乳天女","防具","1935","エストのパンツ","可偷内裤","淫乳天女","艾斯特的内裤"
"555","淫乳天女","物品","1451","淫乳天女のミルク","可偷牛奶","淫乳天女","淫乳天女的乳汁"
"556","キメラテンタクル","物品","255","昂ぶる触手","掉落","奇美拉触手","昂扬的触手"
"556","キメラテンタクル","物品","240","イデア細胞","掉落","奇美拉触手","伊迪亚细胞"
"556","キメラテンタクル","物品","3469","触手技の秘石","掉落","奇美拉触手","触手技的秘石"
"556","キメラテンタクル","物品","3","究極薬草","可偷物品","奇美拉触手","究极药草"
"556","キメラテンタクル","防具","1385","触手技の秘伝書","可偷物品","奇美拉触手","触手技之秘传书"
"556","キメラテンタクル","物品","324","タコ","可偷食材","奇美拉触手","章鱼"
"556","キメラテンタクル","物品","240","イデア細胞","可偷素材","奇美拉触手","伊迪亚细胞"
"556","キメラテンタクル","物品","1452","キメラテンタクルのミルク","可偷牛奶","奇美拉触手","奇美拉触手的乳汁"
"557","グランディーネ","物品","29","精神の種","掉落","格兰蒂妮","精神之种"
"557","グランディーネ","物品","258","メルティゼリー","掉落","格兰蒂妮","甜蜜果冻"
"557","グランディーネ","物品","3171","水耐性の秘石","掉落","格兰蒂妮","水耐性的秘石"
"557","グランディーネ","物品","1453","グランディーネのミルク","可偷牛奶","格兰蒂妮","格兰蒂妮的乳汁"
"558","アリエル","物品","256","恩寵の羽根","掉落","阿莉艾尔","恩宠的羽毛"
"558","アリエル","物品","77","天空白聖石","掉落","阿莉艾尔","天空白圣石"
"558","アリエル","物品","2315","剣技の秘石","掉落","阿莉艾尔","剑技的秘石"
"558","アリエル","物品","6","イリアスの霊薬","可偷物品","阿莉艾尔","伊莉娅丝的灵药"
"558","アリエル","防具","1093","金の髪飾り","可偷物品","阿莉艾尔","金制发饰"
"558","アリエル","物品","357","サンドウイッチ","可偷食材","阿莉艾尔","三明治"
"558","アリエル","物品","241","天使の羽根","可偷素材","阿莉艾尔","天使的羽毛"
"558","アリエル","防具","1936","ミュスカのパンツ","可偷内裤","阿莉艾尔","缪丝卡的内裤"
"558","アリエル","物品","1454","アリエルのミルク","可偷牛奶","阿莉艾尔","阿莉艾尔的乳汁"
"559","ラナエル","物品","255","昂ぶる触手","掉落","拉娜艾尔","昂扬的触手"
"559","ラナエル","物品","257","偉大なる花びら","掉落","拉娜艾尔","伟大的花瓣"
"559","ラナエル","物品","25","不思議な木の実","掉落","拉娜艾尔","不可思议之果"
"559","ラナエル","物品","3","究極薬草","可偷物品","拉娜艾尔","究极药草"
"559","ラナエル","防具","1468","スタンの秘印","可偷物品","拉娜艾尔","眩晕秘印"
"559","ラナエル","物品","356","サーモンベーグルサンド","可偷食材","拉娜艾尔","鲑鱼贝果三明治"
"559","ラナエル","物品","252","奇跡の羽根","可偷素材","拉娜艾尔","奇迹的羽毛"
"559","ラナエル","物品","1455","ラナエルのミルク","可偷牛奶","拉娜艾尔","拉娜艾尔的乳汁"
"560","リファイール","物品","257","偉大なる花びら","掉落","利芙艾尔","伟大的花瓣"
"560","リファイール","物品","256","恩寵の羽根","掉落","利芙艾尔","恩宠的羽毛"
"560","リファイール","物品","12","世界樹の葉","掉落","利芙艾尔","世界树之叶"
"560","リファイール","物品","12","世界樹の葉","可偷物品","利芙艾尔","世界树之叶"
"560","リファイール","防具","1195","吸魔の薔薇","可偷物品","利芙艾尔","吸魔玫瑰"
"560","リファイール","物品","399","揚げ出し豆腐","可偷食材","利芙艾尔","炸豆腐"
"560","リファイール","物品","248","えるえるゼリー","可偷素材","利芙艾尔","咕噜咕噜果冻"
"560","リファイール","物品","1456","リファイールのミルク","可偷牛奶","利芙艾尔","利芙艾尔的乳汁"
"561","ラプンツェル","物品","24","命の木の実","掉落","长发公主","生命之果"
"561","ラプンツェル","物品","249","奇跡の卵","掉落","长发公主","奇迹的蛋"
"561","ラプンツェル","物品","3067","精神の秘石","掉落","长发公主","精神的秘石"
"561","ラプンツェル","物品","1457","ラプンツェルのミルク","可偷牛奶","长发公主","长发公主的乳汁"
"562","ナガエル","物品","254","強靱なる蛇尾","掉落","娜迦艾尔","坚韧的蛇尾"
"562","ナガエル","物品","256","恩寵の羽根","掉落","娜迦艾尔","恩宠的羽毛"
"562","ナガエル","物品","6","イリアスの霊薬","掉落","娜迦艾尔","伊莉娅丝的灵药"
"562","ナガエル","物品","6","イリアスの霊薬","可偷物品","娜迦艾尔","伊莉娅丝的灵药"
"562","ナガエル","防具","1423","毒の秘印","可偷物品","娜迦艾尔","毒之秘印"
"562","ナガエル","物品","331","ソーセージ","可偷食材","娜迦艾尔","香肠"
"562","ナガエル","物品","245","覇蛇の蛇尾","可偷素材","娜迦艾尔","霸蛇的蛇尾"
"562","ナガエル","物品","1458","ナガエルのミルク","可偷牛奶","娜迦艾尔","娜迦艾尔的乳汁"
"563","キメラメデュラハン","物品","240","イデア細胞","掉落","奇美拉美杜拉罕","伊迪亚细胞"
"563","キメラメデュラハン","物品","254","強靱なる蛇尾","掉落","奇美拉美杜拉罕","坚韧的蛇尾"
"563","キメラメデュラハン","武器","720","破城鉄球","掉落","奇美拉美杜拉罕","破城铁球"
"563","キメラメデュラハン","物品","22","万能薬","可偷物品","奇美拉美杜拉罕","万能药"
"563","キメラメデュラハン","防具","1382","蛇技の秘伝書","可偷物品","奇美拉美杜拉罕","蛇技之秘传书"
"563","キメラメデュラハン","物品","340","たまご","可偷食材","奇美拉美杜拉罕","鸡蛋"
"563","キメラメデュラハン","物品","240","イデア細胞","可偷素材","奇美拉美杜拉罕","伊迪亚细胞"
"563","キメラメデュラハン","物品","1459","キメラメデュラハンのミルク","可偷牛奶","奇美拉美杜拉罕","杜拉罕美杜莎合成兽的乳汁"
"564","ノーマレン","物品","27","守りの種","掉落","诺玛伦","守护之种"
"564","ノーマレン","物品","69","土流橙土石","掉落","诺玛伦","土流橙土石"
"564","ノーマレン","物品","2126","会心の秘石","掉落","诺玛伦","会心的秘石"
"564","ノーマレン","物品","1460","ノーマレンのミルク","可偷牛奶","诺玛伦","诺玛伦的乳汁"
"565","ラタエル","物品","257","偉大なる花びら","掉落","菈塔艾尔","伟大的花瓣"
"565","ラタエル","物品","91","空の秘石","掉落","菈塔艾尔","空秘石"
"565","ラタエル","物品","381","野菜サラダ","掉落","菈塔艾尔","蔬菜沙拉"
"565","ラタエル","物品","3","究極薬草","可偷物品","菈塔艾尔","究极药草"
"565","ラタエル","物品","77","天空白聖石","可偷物品","菈塔艾尔","天空白圣石"
"565","ラタエル","物品","329","肉","可偷食材","菈塔艾尔","肉"
"565","ラタエル","物品","241","天使の羽根","可偷素材","菈塔艾尔","天使的羽毛"
"565","ラタエル","防具","1933","ギャルのパンツ","可偷内裤","菈塔艾尔","辣妹的内裤"
"565","ラタエル","物品","1461","ラタエルのミルク","可偷牛奶","菈塔艾尔","菈塔艾尔的乳汁"
"566","リファイール","物品","257","偉大なる花びら","掉落","利芙艾尔","伟大的花瓣"
"566","リファイール","物品","256","恩寵の羽根","掉落","利芙艾尔","恩宠的羽毛"
"566","リファイール","物品","12","世界樹の葉","掉落","利芙艾尔","世界树之叶"
"566","リファイール","物品","12","世界樹の葉","可偷物品","利芙艾尔","世界树之叶"
"566","リファイール","防具","1195","吸魔の薔薇","可偷物品","利芙艾尔","吸魔玫瑰"
"566","リファイール","物品","399","揚げ出し豆腐","可偷食材","利芙艾尔","炸豆腐"
"566","リファイール","物品","248","えるえるゼリー","可偷素材","利芙艾尔","咕噜咕噜果冻"
"566","リファイール","物品","1456","リファイールのミルク","可偷牛奶","利芙艾尔","利芙艾尔的乳汁"
"567","ガブリエラ","物品","257","偉大なる花びら","掉落","加百艾拉","伟大的花瓣"
"567","ガブリエラ","物品","25","不思議な木の実","掉落","加百艾拉","不可思议之果"
"567","ガブリエラ","武器","615","女王の鞭","掉落","加百艾拉","女王的鞭"
"567","ガブリエラ","防具","1957","","可偷内裤","加百艾拉",""
"567","ガブリエラ","物品","1462","ガブリエラのミルク","可偷牛奶","加百艾拉","加百艾拉的乳汁"
"568","ギリエル","物品","256","恩寵の羽根","掉落","吉莉艾尔","恩宠的羽毛"
"568","ギリエル","物品","3","究極薬草","掉落","吉莉艾尔","究极药草"
"568","ギリエル","物品","77","天空白聖石","掉落","吉莉艾尔","天空白圣石"
"568","ギリエル","物品","3","究極薬草","可偷物品","吉莉艾尔","究极药草"
"568","ギリエル","物品","77","天空白聖石","可偷物品","吉莉艾尔","天空白圣石"
"568","ギリエル","物品","329","肉","可偷食材","吉莉艾尔","肉"
"568","ギリエル","物品","241","天使の羽根","可偷素材","吉莉艾尔","天使的羽毛"
"568","ギリエル","防具","1933","ギャルのパンツ","可偷内裤","吉莉艾尔","辣妹的内裤"
"568","ギリエル","物品","1463","ギリエルのミルク","可偷牛奶","吉莉艾尔","吉莉艾尔的乳汁"
"569","トルーパーロイド","物品","91","空の秘石","掉落","士兵机器人","空秘石"
"569","トルーパーロイド","物品","265","ナノ歯車","掉落","士兵机器人","纳米齿轮"
"569","トルーパーロイド","物品","2375","銃技の秘石","掉落","士兵机器人","铳技的秘石"
"569","トルーパーロイド","物品","8","バーストドリンク","可偷物品","士兵机器人","爆发饮料"
"569","トルーパーロイド","防具","1664","技師の悟り","可偷物品","士兵机器人","技师的领悟"
"569","トルーパーロイド","物品","364","オムライス","可偷食材","士兵机器人","蛋包饭"
"569","トルーパーロイド","物品","233","傀儡歯車","可偷素材","士兵机器人","傀儡齿轮"
"569","トルーパーロイド","物品","1464","トルーパーロイドのミルク","可偷牛奶","士兵机器人","士兵机器人的乳汁"
"570","サビリエル","物品","256","恩寵の羽根","掉落","萨比莉艾尔","恩宠的羽毛"
"570","サビリエル","物品","3","究極薬草","掉落","萨比莉艾尔","究极药草"
"570","サビリエル","武器","73","奇跡の剣","掉落","萨比莉艾尔","奇迹之剑"
"570","サビリエル","物品","3","究極薬草","可偷物品","萨比莉艾尔","究极药草"
"570","サビリエル","物品","77","天空白聖石","可偷物品","萨比莉艾尔","天空白圣石"
"570","サビリエル","物品","329","肉","可偷食材","萨比莉艾尔","肉"
"570","サビリエル","物品","241","天使の羽根","可偷素材","萨比莉艾尔","天使的羽毛"
"570","サビリエル","防具","1933","ギャルのパンツ","可偷内裤","萨比莉艾尔","辣妹的内裤"
"570","サビリエル","物品","1465","サビリエルのミルク","可偷牛奶","萨比莉艾尔","萨比莉艾尔的乳汁"
"571","サビリエル","物品","256","恩寵の羽根","掉落","萨比莉艾尔","恩宠的羽毛"
"571","サビリエル","物品","3","究極薬草","掉落","萨比莉艾尔","究极药草"
"571","サビリエル","武器","73","奇跡の剣","掉落","萨比莉艾尔","奇迹之剑"
"571","サビリエル","物品","3","究極薬草","可偷物品","萨比莉艾尔","究极药草"
"571","サビリエル","物品","77","天空白聖石","可偷物品","萨比莉艾尔","天空白圣石"
"571","サビリエル","物品","329","肉","可偷食材","萨比莉艾尔","肉"
"571","サビリエル","物品","241","天使の羽根","可偷素材","萨比莉艾尔","天使的羽毛"
"571","サビリエル","防具","1933","ギャルのパンツ","可偷内裤","萨比莉艾尔","辣妹的内裤"
"571","サビリエル","物品","1465","サビリエルのミルク","可偷牛奶","萨比莉艾尔","萨比莉艾尔的乳汁"
"572","フェルナンデス","物品","9","エリクサー","掉落","费尔南德斯","圣灵药"
"572","フェルナンデス","物品","26","力の種","掉落","费尔南德斯","力量之种"
"572","フェルナンデス","物品","2131","反撃の秘石","掉落","费尔南德斯","反击的秘石"
"572","フェルナンデス","防具","1948","","可偷内裤","费尔南德斯",""
"572","フェルナンデス","物品","1378","フェルナンデスのミルク","可偷牛奶","费尔南德斯","费尔南德斯的乳汁"
"573","ウリエラ","物品","12","世界樹の葉","掉落","乌列艾拉","世界树之叶"
"573","ウリエラ","物品","3129","物理耐性の秘石","掉落","乌列艾拉","物理耐性的秘石"
"573","ウリエラ","物品","265","ナノ歯車","掉落","乌列艾拉","纳米齿轮"
"573","ウリエラ","物品","1466","ウリエラのミルク","可偷牛奶","乌列艾拉","乌列艾拉的乳汁"
"574","ムズキエル","物品","91","空の秘石","掉落","穆祖吉艾尔","空秘石"
"574","ムズキエル","物品","261","神蟲の鱗粉","掉落","穆祖吉艾尔","神虫鳞粉"
"574","ムズキエル","防具","419","グリーンハンター","掉落","穆祖吉艾尔","绿色猎人"
"574","ムズキエル","物品","3","究極薬草","可偷物品","穆祖吉艾尔","究极药草"
"574","ムズキエル","防具","1678","妖虫の悟り","可偷物品","穆祖吉艾尔","妖虫的领悟"
"574","ムズキエル","物品","395","お好み焼き","可偷食材","穆祖吉艾尔","御好烧"
"574","ムズキエル","物品","246","覇虫の針","可偷素材","穆祖吉艾尔","霸虫的针"
"574","ムズキエル","物品","1467","ムズキエルのミルク","可偷牛奶","穆祖吉艾尔","穆祖吉艾尔的乳汁"
"575","シルキエル","物品","261","神蟲の鱗粉","掉落","希尔吉艾尔","神虫鳞粉"
"575","シルキエル","物品","256","恩寵の羽根","掉落","希尔吉艾尔","恩宠的羽毛"
"575","シルキエル","物品","2499","素早さの秘石","掉落","希尔吉艾尔","敏捷的秘石"
"575","シルキエル","物品","3","究極薬草","可偷物品","希尔吉艾尔","究极药草"
"575","シルキエル","防具","1035","スペースロザリオ","可偷物品","希尔吉艾尔","空间念珠"
"575","シルキエル","物品","415","ホワイトハートチョコ","可偷食材","希尔吉艾尔","白心巧克力"
"575","シルキエル","物品","250","神代紙","可偷素材","希尔吉艾尔","神代纸"
"575","シルキエル","物品","1468","シルキエルのミルク","可偷牛奶","希尔吉艾尔","希尔吉艾尔的乳汁"
"576","サリエラ","物品","9","エリクサー","掉落","沙利艾拉","圣灵药"
"576","サリエラ","物品","28","魔力の種","掉落","沙利艾拉","魔力之种"
"576","サリエラ","物品","2898","闇強化の秘石","掉落","沙利艾拉","暗强化的秘石"
"576","サリエラ","防具","1956","ルシフィナのパンツ","可偷内裤","沙利艾拉","路西菲娜的内裤"
"576","サリエラ","物品","1469","サリエラのミルク","可偷牛奶","沙利艾拉","沙利艾拉的乳汁"
"577","ベリエル","物品","3","究極薬草","掉落","贝莉艾尔","究极药草"
"577","ベリエル","物品","262","神々しい花びら","掉落","贝莉艾尔","神圣花瓣"
"577","ベリエル","物品","77","天空白聖石","掉落","贝莉艾尔","天空白圣石"
"577","ベリエル","物品","3","究極薬草","可偷物品","贝莉艾尔","究极药草"
"577","ベリエル","防具","1679","アルラウネの悟り","可偷物品","贝莉艾尔","阿娜温的领悟"
"577","ベリエル","物品","304","さくらんぼ","可偷食材","贝莉艾尔","樱桃"
"577","ベリエル","物品","248","えるえるゼリー","可偷素材","贝莉艾尔","咕噜咕噜果冻"
"577","ベリエル","物品","1470","ベリエルのミルク","可偷牛奶","贝莉艾尔","贝莉艾尔的乳汁"
"578","キメラプラント","物品","91","空の秘石","掉落","奇美拉植物","空秘石"
"578","キメラプラント","物品","262","神々しい花びら","掉落","奇美拉植物","神圣花瓣"
"578","キメラプラント","物品","264","オズマ細胞","掉落","奇美拉植物","奥兹玛细胞"
"578","キメラプラント","物品","22","万能薬","可偷物品","奇美拉植物","万能药"
"578","キメラプラント","防具","1555","コンフュガード","可偷物品","奇美拉植物","混乱防护"
"578","キメラプラント","物品","314","ピーマン","可偷食材","奇美拉植物","青椒"
"578","キメラプラント","物品","232","艶めかしい花びら","可偷素材","奇美拉植物","艳丽的花瓣"
"578","キメラプラント","物品","1471","キメラプラントのミルク","可偷牛奶","奇美拉植物","奇美拉植物的乳汁"
"579","リヴァエル","物品","261","神蟲の鱗粉","掉落","莉瓦艾尔","神虫鳞粉"
"579","リヴァエル","物品","12","世界樹の葉","掉落","莉瓦艾尔","世界树之叶"
"579","リヴァエル","武器","883","ラジエルの書","掉落","莉瓦艾尔","拉结尔之书"
"579","リヴァエル","物品","12","世界樹の葉","可偷物品","莉瓦艾尔","世界树之叶"
"579","リヴァエル","防具","1125","奇跡の宝玉","可偷物品","莉瓦艾尔","奇迹之宝玉"
"579","リヴァエル","物品","340","たまご","可偷食材","莉瓦艾尔","鸡蛋"
"579","リヴァエル","物品","249","奇跡の卵","可偷素材","莉瓦艾尔","奇迹的蛋"
"579","リヴァエル","物品","1472","リヴァエルのミルク","可偷牛奶","莉瓦艾尔","莉瓦艾尔的乳汁"
"580","ギガマンドラ","物品","26","力の種","掉落","千兆曼德拉","力量之种"
"580","ギガマンドラ","物品","265","ナノ歯車","掉落","千兆曼德拉","纳米齿轮"
"580","ギガマンドラ","物品","2572","バーン付加の秘石","掉落","千兆曼德拉","燃烧附加的秘石"
"580","ギガマンドラ","物品","1473","ギガマンドラのミルク","可偷牛奶","千兆曼德拉","千兆曼德拉的乳汁"
"581","ハイヌウェレ","物品","30","素早さの種","掉落","海奴韦莱","敏捷之种"
"581","ハイヌウェレ","物品","265","ナノ歯車","掉落","海奴韦莱","纳米齿轮"
"581","ハイヌウェレ","物品","3135","快楽耐性の秘石","掉落","海奴韦莱","快乐耐性的秘石"
"581","ハイヌウェレ","物品","1474","ハイヌウェレのミルク","可偷牛奶","海奴韦莱","海奴韦莱的乳汁"
"582","ドッペル","物品","331","ソーセージ","掉落","克隆体","香肠"
"582","ドッペル","物品","256","恩寵の羽根","掉落","克隆体","恩宠的羽毛"
"582","ドッペル","物品","276","ルカ細胞","掉落","克隆体","鲁卡细胞"
"582","ドッペル","物品","8","バーストドリンク","可偷物品","克隆体","爆发饮料"
"582","ドッペル","物品","77","天空白聖石","可偷物品","克隆体","天空白圣石"
"582","ドッペル","物品","319","じゃがいも","可偷食材","克隆体","土豆"
"582","ドッペル","物品","241","天使の羽根","可偷素材","克隆体","天使的羽毛"
"582","ドッペル","防具","1933","ギャルのパンツ","可偷内裤","克隆体","辣妹的内裤"
"582","ドッペル","物品","1475","ドッペルのミルク","可偷牛奶","克隆体","克隆体的乳汁"
"583","ルカ・リノア","物品","24","命の木の実","掉落","鲁卡・莉诺雅","生命之果"
"583","ルカ・リノア","物品","276","ルカ細胞","掉落","鲁卡・莉诺雅","鲁卡细胞"
"583","ルカ・リノア","物品","2193","妖魔特攻の秘石","掉落","鲁卡・莉诺雅","妖魔特攻的秘石"
"583","ルカ・リノア","物品","8","バーストドリンク","可偷物品","鲁卡・莉诺雅","爆发饮料"
"583","ルカ・リノア","物品","77","天空白聖石","可偷物品","鲁卡・莉诺雅","天空白圣石"
"583","ルカ・リノア","物品","319","じゃがいも","可偷食材","鲁卡・莉诺雅","土豆"
"583","ルカ・リノア","物品","241","天使の羽根","可偷素材","鲁卡・莉诺雅","天使的羽毛"
"583","ルカ・リノア","防具","1933","ギャルのパンツ","可偷内裤","鲁卡・莉诺雅","辣妹的内裤"
"583","ルカ・リノア","物品","1387","ルカ・リノアのミルク","可偷牛奶","鲁卡・莉诺雅","鲁卡・莉诺雅的乳汁"
"584","キメラタン","物品","264","オズマ細胞","掉落","奇美拉舌","奥兹玛细胞"
"584","キメラタン","物品","91","空の秘石","掉落","奇美拉舌","空秘石"
"584","キメラタン","物品","3","究極薬草","掉落","奇美拉舌","究极药草"
"584","キメラタン","物品","3","究極薬草","可偷物品","奇美拉舌","究极药草"
"584","キメラタン","防具","1530","バイオアミュレット","可偷物品","奇美拉舌","生化护符"
"584","キメラタン","物品","435","アメ玉","可偷食材","奇美拉舌","糖球"
"584","キメラタン","物品","240","イデア細胞","可偷素材","奇美拉舌","伊迪亚细胞"
"584","キメラタン","物品","1476","キメラタンのミルク","可偷牛奶","奇美拉舌","奇美拉舌的乳汁"
"585","キメラバグ","物品","264","オズマ細胞","掉落","奇美拉虫","奥兹玛细胞"
"585","キメラバグ","物品","419","ロールケーキ","掉落","奇美拉虫","蛋糕卷"
"585","キメラバグ","物品","261","神蟲の鱗粉","掉落","奇美拉虫","神虫鳞粉"
"585","キメラバグ","物品","3","究極薬草","可偷物品","奇美拉虫","究极药草"
"585","キメラバグ","防具","1531","バイオリング","可偷物品","奇美拉虫","生化戒指"
"585","キメラバグ","物品","419","ロールケーキ","可偷食材","奇美拉虫","蛋糕卷"
"585","キメラバグ","物品","240","イデア細胞","可偷素材","奇美拉虫","伊迪亚细胞"
"585","キメラバグ","防具","1951","","可偷内裤","奇美拉虫",""
"585","キメラバグ","物品","1477","キメラバグのミルク","可偷牛奶","奇美拉虫","奇美拉虫的乳汁"
"586","キメラスラッグ","物品","258","メルティゼリー","掉落","奇美拉蛞蝓","甜蜜果冻"
"586","キメラスラッグ","物品","264","オズマ細胞","掉落","奇美拉蛞蝓","奥兹玛细胞"
"586","キメラスラッグ","物品","3","究極薬草","掉落","奇美拉蛞蝓","究极药草"
"586","キメラスラッグ","物品","3","究極薬草","可偷物品","奇美拉蛞蝓","究极药草"
"586","キメラスラッグ","防具","1127","重バリア発生装置","可偷物品","奇美拉蛞蝓","重屏障发生装置"
"586","キメラスラッグ","物品","329","肉","可偷食材","奇美拉蛞蝓","肉"
"586","キメラスラッグ","物品","225","イリス細胞","可偷素材","奇美拉蛞蝓","伊莉丝细胞"
"586","キメラスラッグ","物品","1478","キメラスラッグのミルク","可偷牛奶","奇美拉蛞蝓","奇美拉蛞蝓的乳汁"
"587","キメラドリアード","物品","262","神々しい花びら","掉落","奇美拉树精","神圣花瓣"
"587","キメラドリアード","物品","264","オズマ細胞","掉落","奇美拉树精","奥兹玛细胞"
"587","キメラドリアード","物品","3484","植物技の秘石","掉落","奇美拉树精","植物技的秘石"
"587","キメラドリアード","物品","3","究極薬草","可偷物品","奇美拉树精","究极药草"
"587","キメラドリアード","防具","1397","植物技の秘伝書","可偷物品","奇美拉树精","植物技之秘传书"
"587","キメラドリアード","物品","309","レタス","可偷食材","奇美拉树精","生菜"
"587","キメラドリアード","物品","240","イデア細胞","可偷素材","奇美拉树精","伊迪亚细胞"
"587","キメラドリアード","物品","1479","キメラドリアードのミルク","可偷牛奶","奇美拉树精","奇美拉树精的乳汁"
"588","鎧の狂戦士","物品","6","イリアスの霊薬","掉落","铠之狂战士","伊莉娅丝的灵药"
"588","鎧の狂戦士","物品","2722","勇者技の秘石","掉落","铠之狂战士","勇者技的秘石"
"588","鎧の狂戦士","物品","256","恩寵の羽根","掉落","铠之狂战士","恩宠的羽毛"
"589","カトブレパス","物品","22","万能薬","掉落","卡托布莱帕斯","万能药"
"589","カトブレパス","物品","264","オズマ細胞","掉落","卡托布莱帕斯","奥兹玛细胞"
"589","カトブレパス","物品","81","輝晶黒闇石","掉落","卡托布莱帕斯","辉晶黑暗石"
"589","カトブレパス","物品","22","万能薬","可偷物品","卡托布莱帕斯","万能药"
"589","カトブレパス","防具","1575","ストーンガード","可偷物品","卡托布莱帕斯","石化防护"
"589","カトブレパス","物品","386","ローストチキン","可偷食材","卡托布莱帕斯","烤鸡"
"589","カトブレパス","物品","240","イデア細胞","可偷素材","卡托布莱帕斯","伊迪亚细胞"
"589","カトブレパス","物品","1480","カトブレパスのミルク","可偷牛奶","卡托布莱帕斯","卡托布莱帕斯的乳汁"
"590","テュポーン","物品","264","オズマ細胞","掉落","堤丰","奥兹玛细胞"
"590","テュポーン","物品","267","極竜の牙","掉落","堤丰","极龙之牙"
"590","テュポーン","物品","91","空の秘石","掉落","堤丰","空秘石"
"590","テュポーン","物品","3","究極薬草","可偷物品","堤丰","究极药草"
"590","テュポーン","防具","1124","復活の宝玉","可偷物品","堤丰","复苏之宝玉"
"590","テュポーン","物品","383","焼き魚","可偷食材","堤丰","烤鱼"
"590","テュポーン","物品","240","イデア細胞","可偷素材","堤丰","伊迪亚细胞"
"590","テュポーン","物品","1481","テュポーンのミルク","可偷牛奶","堤丰","堤丰的乳汁"
"591","アンフィスバエナ","物品","31","器用さの種","掉落","双头蛇","灵巧之种"
"591","アンフィスバエナ","物品","263","神物の破片","掉落","双头蛇","神物碎片"
"591","アンフィスバエナ","物品","2698","マキナの大秘石","掉落","双头蛇","器械的大秘石"
"591","アンフィスバエナ","物品","1482","アンフィスバエナのミルク","可偷牛奶","双头蛇","双头蛇的乳汁"
"592","ラプラス","物品","31","器用さの種","掉落","拉普拉斯","灵巧之种"
"592","ラプラス","物品","265","ナノ歯車","掉落","拉普拉斯","纳米齿轮"
"592","ラプラス","防具","1269","音波の極意書","掉落","拉普拉斯","音波之极意书"
"592","ラプラス","防具","1947","夢魔のパンツ","可偷内裤","拉普拉斯","梦魔的内裤"
"592","ラプラス","物品","1483","ラプラスのミルク","可偷牛奶","拉普拉斯","拉普拉斯的乳汁"
"593","トラップテミス","物品","20","金の針","掉落","陷阱忒弥斯","金针"
"593","トラップテミス","物品","91","空の秘石","掉落","陷阱忒弥斯","空秘石"
"593","トラップテミス","物品","263","神物の破片","掉落","陷阱忒弥斯","神物碎片"
"593","トラップテミス","物品","20","金の針","可偷物品","陷阱忒弥斯","金针"
"593","トラップテミス","防具","1462","石化の秘印","可偷物品","陷阱忒弥斯","石化之秘印"
"593","トラップテミス","物品","338","小麦粉","可偷食材","陷阱忒弥斯","面粉"
"593","トラップテミス","物品","77","天空白聖石","可偷素材","陷阱忒弥斯","天空白圣石"
"593","トラップテミス","物品","1484","トラップテミスのミルク","可偷牛奶","陷阱忒弥斯","陷阱忒弥斯的乳汁"
"594","ツクヨミ","物品","28","魔力の種","掉落","月读","魔力之种"
"594","ツクヨミ","物品","263","神物の破片","掉落","月读","神物碎片"
"594","ツクヨミ","物品","3084","魔法回避の大秘石","掉落","月读","魔法回避的大秘石"
"594","ツクヨミ","物品","1485","ツクヨミのミルク","可偷牛奶","月读","月读的乳汁"
"595","フーリエル","物品","256","恩寵の羽根","掉落","傅里艾尔","恩宠的羽毛"
"595","フーリエル","物品","3","究極薬草","掉落","傅里艾尔","究极药草"
"595","フーリエル","防具","558","科学者のローブ","掉落","傅里艾尔","科学者长袍"
"595","フーリエル","物品","3","究極薬草","可偷物品","傅里艾尔","究极药草"
"595","フーリエル","物品","77","天空白聖石","可偷物品","傅里艾尔","天空白圣石"
"595","フーリエル","物品","329","肉","可偷食材","傅里艾尔","肉"
"595","フーリエル","物品","241","天使の羽根","可偷素材","傅里艾尔","天使的羽毛"
"595","フーリエル","防具","1933","ギャルのパンツ","可偷内裤","傅里艾尔","辣妹的内裤"
"595","フーリエル","物品","1486","フーリエルのミルク","可偷牛奶","傅里艾尔","傅里艾尔的乳汁"
"596","ドレインプラント","物品","268","無限細胞","掉落","榨精植物","无限细胞"
"596","ドレインプラント","物品","263","神物の破片","掉落","榨精植物","神物碎片"
"596","ドレインプラント","物品","6","イリアスの霊薬","掉落","榨精植物","伊莉娅丝的灵药"
"596","ドレインプラント","物品","6","イリアスの霊薬","可偷物品","榨精植物","伊莉娅丝的灵药"
"596","ドレインプラント","防具","1166","奇跡の袋","可偷物品","榨精植物","奇迹之袋"
"596","ドレインプラント","物品","329","肉","可偷食材","榨精植物","肉"
"596","ドレインプラント","物品","240","イデア細胞","可偷素材","榨精植物","伊迪亚细胞"
"596","ドレインプラント","物品","1487","ドレインプラントのミルク","可偷牛奶","榨精植物","榨精植物的乳汁"
"597","ドレインロイド","物品","265","ナノ歯車","掉落","榨精机器人","纳米齿轮"
"597","ドレインロイド","物品","342","ミルク","掉落","榨精机器人","牛奶"
"597","ドレインロイド","物品","2859","快楽強化の大秘石","掉落","榨精机器人","快乐强化的大秘石"
"597","ドレインロイド","物品","3","究極薬草","可偷物品","榨精机器人","究极药草"
"597","ドレインロイド","防具","1420","絶頂の秘印","可偷物品","榨精机器人","绝顶之秘印"
"597","ドレインロイド","物品","342","ミルク","可偷食材","榨精机器人","牛奶"
"597","ドレインロイド","物品","233","傀儡歯車","可偷素材","榨精机器人","傀儡齿轮"
"597","ドレインロイド","物品","1488","ドレインロイドのミルク","可偷牛奶","榨精机器人","榨精机器人的乳汁"
"598","ハンディロイド","物品","265","ナノ歯車","掉落","巧手机器人","纳米齿轮"
"598","ハンディロイド","物品","91","空の秘石","掉落","巧手机器人","空秘石"
"598","ハンディロイド","防具","792","マキナギア","掉落","巧手机器人","器械装置"
"598","ハンディロイド","物品","61","電光黄雷石","可偷物品","巧手机器人","电光黄雷石"
"598","ハンディロイド","防具","1477","恍惚の秘印","可偷物品","巧手机器人","恍惚之秘印"
"598","ハンディロイド","物品","417","ケーキ","可偷食材","巧手机器人","蛋糕"
"598","ハンディロイド","物品","233","傀儡歯車","可偷素材","巧手机器人","傀儡齿轮"
"598","ハンディロイド","防具","1946","ミステルテインのパンツ","可偷内裤","巧手机器人","米斯特汀的内裤"
"598","ハンディロイド","物品","1489","ハンディロイドのミルク","可偷牛奶","巧手机器人","巧手机器人的乳汁"
"599","メタトローネ","物品","263","神物の破片","掉落","梅塔特隆妮","神物碎片"
"599","メタトローネ","物品","31","器用さの種","掉落","梅塔特隆妮","灵巧之种"
"599","メタトローネ","物品","2510","器用さの大秘石","掉落","梅塔特隆妮","灵巧的大秘石"
"599","メタトローネ","防具","1959","コックローチパンツ","可偷内裤","梅塔特隆妮","蟑螂内裤"
"599","メタトローネ","物品","1490","メタトローネのミルク","可偷牛奶","梅塔特隆妮","梅塔特隆妮的乳汁"
"600","サンダルフォーネ","物品","265","ナノ歯車","掉落","圣德芬妮","纳米齿轮"
"600","サンダルフォーネ","物品","30","素早さの種","掉落","圣德芬妮","敏捷之种"
"600","サンダルフォーネ","物品","3078","回避の大秘石","掉落","圣德芬妮","回避的大秘石"
"600","サンダルフォーネ","物品","1491","サンダルフォーネのミルク","可偷牛奶","圣德芬妮","圣德芬妮的乳汁"
"601","メイドエンジェル","物品","256","恩寵の羽根","掉落","女仆天使","恩宠的羽毛"
"601","メイドエンジェル","物品","91","空の秘石","掉落","女仆天使","空秘石"
"601","メイドエンジェル","武器","858","サロメの皿","掉落","女仆天使","撒罗默之盘"
"601","メイドエンジェル","物品","12","世界樹の葉","可偷物品","女仆天使","世界树之叶"
"601","メイドエンジェル","防具","1125","奇跡の宝玉","可偷物品","女仆天使","奇迹之宝玉"
"601","メイドエンジェル","物品","340","たまご","可偷食材","女仆天使","鸡蛋"
"601","メイドエンジェル","物品","249","奇跡の卵","可偷素材","女仆天使","奇迹的蛋"
"601","メイドエンジェル","物品","1492","メイドエンジェルのミルク","可偷牛奶","女仆天使","女仆天使的乳汁"
"602","コックエンジェル","物品","256","恩寵の羽根","掉落","厨师天使","恩宠的羽毛"
"602","コックエンジェル","物品","386","ローストチキン","掉落","厨师天使","烤鸡"
"602","コックエンジェル","物品","369","特上寿司","掉落","厨师天使","特上寿司"
"602","コックエンジェル","物品","12","世界樹の葉","可偷物品","厨师天使","世界树之叶"
"602","コックエンジェル","防具","1125","奇跡の宝玉","可偷物品","厨师天使","奇迹之宝玉"
"602","コックエンジェル","物品","340","たまご","可偷食材","厨师天使","鸡蛋"
"602","コックエンジェル","物品","249","奇跡の卵","可偷素材","厨师天使","奇迹的蛋"
"602","コックエンジェル","物品","1493","コックエンジェルのミルク","可偷牛奶","厨师天使","厨师天使的乳汁"
"603","ワイティエル","物品","256","恩寵の羽根","掉落","怀蒂艾尔","恩宠的羽毛"
"603","ワイティエル","物品","3","究極薬草","掉落","怀蒂艾尔","究极药草"
"603","ワイティエル","武器","180","白の剣","掉落","怀蒂艾尔","白之剑"
"603","ワイティエル","物品","3","究極薬草","可偷物品","怀蒂艾尔","究极药草"
"603","ワイティエル","物品","77","天空白聖石","可偷物品","怀蒂艾尔","天空白圣石"
"603","ワイティエル","物品","329","肉","可偷食材","怀蒂艾尔","肉"
"603","ワイティエル","物品","241","天使の羽根","可偷素材","怀蒂艾尔","天使的羽毛"
"603","ワイティエル","防具","1933","ギャルのパンツ","可偷内裤","怀蒂艾尔","辣妹的内裤"
"603","ワイティエル","物品","1494","ワイティエルのミルク","可偷牛奶","怀蒂艾尔","怀蒂艾尔的乳汁"
"604","ラミアンロイド","物品","265","ナノ歯車","掉落","拉米亚机器人","纳米齿轮"
"604","ラミアンロイド","物品","254","強靱なる蛇尾","掉落","拉米亚机器人","坚韧的蛇尾"
"604","ラミアンロイド","物品","27","守りの種","掉落","拉米亚机器人","守护之种"
"604","ラミアンロイド","物品","3","究極薬草","可偷物品","拉米亚机器人","究极药草"
"604","ラミアンロイド","防具","1251","雷の極意書","可偷物品","拉米亚机器人","雷之极意书"
"604","ラミアンロイド","物品","419","ロールケーキ","可偷食材","拉米亚机器人","蛋糕卷"
"604","ラミアンロイド","物品","233","傀儡歯車","可偷素材","拉米亚机器人","傀儡齿轮"
"604","ラミアンロイド","物品","1495","ラミアンロイドのミルク","可偷牛奶","拉米亚机器人","拉米亚机器人的乳汁"
"605","シオン","物品","27","守りの種","掉落","锡安","守护之种"
"605","シオン","物品","256","恩寵の羽根","掉落","锡安","恩宠的羽毛"
"605","シオン","防具","1208","聖なるシンボル","掉落","锡安","神圣符号"
"605","シオン","防具","1944","エクスキューショナーのパンツ","可偷内裤","锡安","艾斯丘雪娜的内裤"
"605","シオン","物品","1224","シオンのミルク","可偷牛奶","锡安","锡安的乳汁"
"606","シオン","物品","26","力の種","掉落","锡安","力量之种"
"606","シオン","物品","265","ナノ歯車","掉落","锡安","纳米齿轮"
"606","シオン","防具","1034","アースロザリオ","掉落","锡安","大地念珠"
"606","シオン","防具","1944","エクスキューショナーのパンツ","可偷内裤","锡安","艾斯丘雪娜的内裤"
"606","シオン","物品","1224","シオンのミルク","可偷牛奶","锡安","锡安的乳汁"
"607","シオン","物品","24","命の木の実","掉落","锡安","生命之果"
"607","シオン","物品","265","ナノ歯車","掉落","锡安","纳米齿轮"
"607","シオン","防具","1280","通常攻撃の秘伝書","掉落","锡安","普通攻击之秘传书"
"607","シオン","防具","1944","エクスキューショナーのパンツ","可偷内裤","锡安","艾斯丘雪娜的内裤"
"607","シオン","物品","1224","シオンのミルク","可偷牛奶","锡安","锡安的乳汁"
"608","イリアス","物品","10","ラストエリクサー","掉落","伊莉娅丝","最终圣灵药"
"608","イリアス","物品","256","恩寵の羽根","掉落","伊莉娅丝","恩宠的羽毛"
"608","イリアス","武器","587","神罰の弓","掉落","伊莉娅丝","神罚之弓"
"608","イリアス","物品","10","ラストエリクサー","可偷物品","伊莉娅丝","最终圣灵药"
"608","イリアス","物品","24","命の木の実","可偷物品","伊莉娅丝","生命之果"
"608","イリアス","物品","78","エンジェルダイヤモンド","可偷素材","伊莉娅丝","天使钻石"
"608","イリアス","物品","1496","小イリアスのミルク","可偷牛奶","伊莉娅丝","小伊莉娅丝的乳汁"
"609","プルエル","武器","696","プラズマエッジ","掉落","普露艾尔","等离子之刃"
"609","プルエル","物品","322","さかな","掉落","普露艾尔","鱼"
"609","プルエル","物品","160","ぷるぷるゼリー","掉落","普露艾尔","弹弹果冻"
"609","プルエル","物品","1","薬草","可偷物品","普露艾尔","药草"
"609","プルエル","武器","657","ブーメラン","可偷物品","普露艾尔","回旋镖"
"609","プルエル","物品","322","さかな","可偷食材","普露艾尔","鱼"
"609","プルエル","物品","160","ぷるぷるゼリー","可偷素材","普露艾尔","弹弹果冻"
"609","プルエル","物品","1497","プルエルのミルク","可偷牛奶","普露艾尔","普露艾尔的乳汁"
"610","イヌエル","物品","442","魚の骨","掉落","伊努艾尔","鱼骨"
"610","イヌエル","防具","420","無限闘衣","掉落","伊努艾尔","无限斗衣"
"610","イヌエル","物品","164","野獣の爪","掉落","伊努艾尔","野兽之爪"
"610","イヌエル","物品","442","魚の骨","可偷物品","伊努艾尔","鱼骨"
"610","イヌエル","物品","11","フェニックスの尾","可偷物品","伊努艾尔","凤凰之尾"
"610","イヌエル","物品","442","魚の骨","可偷食材","伊努艾尔","鱼骨"
"610","イヌエル","物品","164","野獣の爪","可偷素材","伊努艾尔","野兽之爪"
"610","イヌエル","防具","1805","わんわんパンツ","可偷内裤","伊努艾尔","汪汪内裤"
"610","イヌエル","物品","1498","イヌエルのミルク","可偷牛奶","伊努艾尔","伊努艾尔的乳汁"
"611","エンディエル","物品","92","空の大秘石","掉落","安迪艾尔","空的大秘石"
"611","エンディエル","物品","6","イリアスの霊薬","掉落","安迪艾尔","伊莉娅丝的灵药"
"611","エンディエル","物品","266","絶美の尻尾","掉落","安迪艾尔","绝美尾巴"
"611","エンディエル","物品","6","イリアスの霊薬","可偷物品","安迪艾尔","伊莉娅丝的灵药"
"611","エンディエル","防具","1241","快楽の秘伝書","可偷物品","安迪艾尔","快乐之秘传书"
"611","エンディエル","物品","372","うな重","可偷食材","安迪艾尔","鳗鱼饭"
"611","エンディエル","物品","252","奇跡の羽根","可偷素材","安迪艾尔","奇迹的羽毛"
"611","エンディエル","物品","1499","エンディエルのミルク","可偷牛奶","安迪艾尔","安迪艾尔的乳汁"
"612","ホルミエル","物品","277","究極の羽根","掉落","霍尔米艾尔","究极之羽"
"612","ホルミエル","物品","3","究極薬草","掉落","霍尔米艾尔","究极药草"
"612","ホルミエル","物品","2894","聖強化の大秘石","掉落","霍尔米艾尔","圣强化的大秘石"
"612","ホルミエル","物品","3","究極薬草","可偷物品","霍尔米艾尔","究极药草"
"612","ホルミエル","物品","77","天空白聖石","可偷物品","霍尔米艾尔","天空白圣石"
"612","ホルミエル","物品","329","肉","可偷食材","霍尔米艾尔","肉"
"612","ホルミエル","物品","241","天使の羽根","可偷素材","霍尔米艾尔","天使的羽毛"
"612","ホルミエル","防具","1933","ギャルのパンツ","可偷内裤","霍尔米艾尔","辣妹的内裤"
"612","ホルミエル","物品","1500","ホルミエルのミルク","可偷牛奶","霍尔米艾尔","霍尔米艾尔的乳汁"
"613","レプリカント","物品","268","無限細胞","掉落","新人类","无限细胞"
"613","レプリカント","物品","92","空の大秘石","掉落","新人类","空的大秘石"
"613","レプリカント","物品","30","素早さの種","掉落","新人类","敏捷之种"
"613","レプリカント","物品","12","世界樹の葉","可偷物品","新人类","世界树之叶"
"613","レプリカント","防具","1468","スタンの秘印","可偷物品","新人类","眩晕秘印"
"613","レプリカント","物品","319","じゃがいも","可偷食材","新人类","土豆"
"613","レプリカント","物品","53","赤熱紅炎石","可偷素材","新人类","赤热红炎石"
"613","レプリカント","物品","1501","レプリカントのミルク","可偷牛奶","新人类","新人类的乳汁"
"614","ドッペル","物品","364","オムライス","掉落","克隆体","蛋包饭"
"614","ドッペル","物品","277","究極の羽根","掉落","克隆体","究极之羽"
"614","ドッペル","物品","276","ルカ細胞","掉落","克隆体","鲁卡细胞"
"614","ドッペル","物品","8","バーストドリンク","可偷物品","克隆体","爆发饮料"
"614","ドッペル","物品","77","天空白聖石","可偷物品","克隆体","天空白圣石"
"614","ドッペル","物品","319","じゃがいも","可偷食材","克隆体","土豆"
"614","ドッペル","物品","241","天使の羽根","可偷素材","克隆体","天使的羽毛"
"614","ドッペル","防具","1933","ギャルのパンツ","可偷内裤","克隆体","辣妹的内裤"
"614","ドッペル","物品","1475","ドッペルのミルク","可偷牛奶","克隆体","克隆体的乳汁"
"615","ルカ・キリエ","物品","28","魔力の種","掉落","鲁卡・姬莉叶","魔力之种"
"615","ルカ・キリエ","物品","276","ルカ細胞","掉落","鲁卡・姬莉叶","鲁卡细胞"
"615","ルカ・キリエ","物品","2189","人間特攻の秘石","掉落","鲁卡・姬莉叶","人类特攻的秘石"
"615","ルカ・キリエ","物品","8","バーストドリンク","可偷物品","鲁卡・姬莉叶","爆发饮料"
"615","ルカ・キリエ","物品","77","天空白聖石","可偷物品","鲁卡・姬莉叶","天空白圣石"
"615","ルカ・キリエ","物品","319","じゃがいも","可偷食材","鲁卡・姬莉叶","土豆"
"615","ルカ・キリエ","物品","241","天使の羽根","可偷素材","鲁卡・姬莉叶","天使的羽毛"
"615","ルカ・キリエ","防具","1933","ギャルのパンツ","可偷内裤","鲁卡・姬莉叶","辣妹的内裤"
"615","ルカ・キリエ","物品","1389","ルカ・キリエのミルク","可偷牛奶","鲁卡・姬莉叶","鲁卡・姬莉叶的乳汁"
"616","キメラプリズン","物品","268","無限細胞","掉落","奇美拉监狱","无限细胞"
"616","キメラプリズン","物品","263","神物の破片","掉落","奇美拉监狱","神物碎片"
"616","キメラプリズン","物品","3","究極薬草","掉落","奇美拉监狱","究极药草"
"616","キメラプリズン","物品","3","究極薬草","可偷物品","奇美拉监狱","究极药草"
"616","キメラプリズン","防具","1127","重バリア発生装置","可偷物品","奇美拉监狱","重屏障发生装置"
"616","キメラプリズン","物品","329","肉","可偷食材","奇美拉监狱","肉"
"616","キメラプリズン","物品","225","イリス細胞","可偷素材","奇美拉监狱","伊莉丝细胞"
"616","キメラプリズン","物品","1502","キメラプリズンのミルク","可偷牛奶","奇美拉监狱","奇美拉监狱的乳汁"
"617","ジルフィ","物品","30","素早さの種","掉落","吉尔菲","敏捷之种"
"617","ジルフィ","物品","66","シルフエメラルド","掉落","吉尔菲","希尔芙翡翠"
"617","ジルフィ","物品","3160","風耐性の大秘石","掉落","吉尔菲","风耐性的大秘石"
"617","ジルフィ","防具","1945","オーガトゥースのパンツ","可偷内裤","吉尔菲","奥伽图丝的内裤"
"617","ジルフィ","物品","1503","ジルフィのミルク","可偷牛奶","吉尔菲","吉尔菲的乳汁"
"618","タイタニア","物品","12","世界樹の葉","掉落","缇坦妮雅","世界树之叶"
"618","タイタニア","物品","28","魔力の種","掉落","缇坦妮雅","魔力之种"
"618","タイタニア","物品","3500","自然感応の大秘石","掉落","缇坦妮雅","自然感应的大秘石"
"618","タイタニア","防具","1949","","可偷内裤","缇坦妮雅",""
"618","タイタニア","物品","1379","タイタニアのミルク","可偷牛奶","缇坦妮雅","缇坦妮雅的乳汁"
"619","マイコニド","物品","92","空の大秘石","掉落","蕈人","空的大秘石"
"619","マイコニド","物品","262","神々しい花びら","掉落","蕈人","神圣花瓣"
"619","マイコニド","物品","29","精神の種","掉落","蕈人","精神之种"
"619","マイコニド","物品","22","万能薬","可偷物品","蕈人","万能药"
"619","マイコニド","防具","1549","ポイズンガード","可偷物品","蕈人","中毒防护"
"619","マイコニド","物品","380","野菜炒め","可偷食材","蕈人","炒蔬菜"
"619","マイコニド","物品","232","艶めかしい花びら","可偷素材","蕈人","艳丽的花瓣"
"619","マイコニド","物品","1504","マイコニドのミルク","可偷牛奶","蕈人","蕈人的乳汁"
"620","マタンゴ","物品","443","毒キノコ","掉落","玛坦戈","毒蘑菇"
"620","マタンゴ","物品","3","究極薬草","掉落","玛坦戈","究极药草"
"620","マタンゴ","物品","262","神々しい花びら","掉落","玛坦戈","神圣花瓣"
"620","マタンゴ","物品","3","究極薬草","可偷物品","玛坦戈","究极药草"
"620","マタンゴ","防具","1432","混乱の秘印","可偷物品","玛坦戈","混乱之秘印"
"620","マタンゴ","物品","443","毒キノコ","可偷食材","玛坦戈","毒蘑菇"
"620","マタンゴ","物品","248","えるえるゼリー","可偷素材","玛坦戈","咕噜咕噜果冻"
"620","マタンゴ","物品","1505","マタンゴのミルク","可偷牛奶","玛坦戈","玛坦戈的乳汁"
"621","メルティモス","物品","3","究極薬草","掉落","融蛾","究极药草"
"621","メルティモス","物品","269","終蟲の甲殻","掉落","融蛾","终虫甲壳"
"621","メルティモス","物品","27","守りの種","掉落","融蛾","守护之种"
"621","メルティモス","物品","3","究極薬草","可偷物品","融蛾","究极药草"
"621","メルティモス","防具","1269","音波の極意書","可偷物品","融蛾","音波之极意书"
"621","メルティモス","物品","356","サーモンベーグルサンド","可偷食材","融蛾","鲑鱼贝果三明治"
"621","メルティモス","物品","246","覇虫の針","可偷素材","融蛾","霸虫的针"
"621","メルティモス","物品","1506","メルティモスのミルク","可偷牛奶","融蛾","融蛾的乳汁"
"622","メルティローズ","物品","92","空の大秘石","掉落","融蔷薇","空的大秘石"
"622","メルティローズ","物品","262","神々しい花びら","掉落","融蔷薇","神圣花瓣"
"622","メルティローズ","物品","435","アメ玉","掉落","融蔷薇","糖球"
"622","メルティローズ","物品","2","高級薬草","可偷物品","融蔷薇","高级药草"
"622","メルティローズ","防具","1396","植物技の書","可偷物品","融蔷薇","植物技之书"
"622","メルティローズ","物品","308","はくさい","可偷食材","融蔷薇","白菜"
"622","メルティローズ","物品","163","魔葉","可偷素材","融蔷薇","魔叶"
"622","メルティローズ","物品","1507","メルティローズのミルク","可偷牛奶","融蔷薇","融蔷薇的乳汁"
"623","キメラドリアード・ボア","物品","268","無限細胞","掉落","奇美拉树精・吞噬","无限细胞"
"623","キメラドリアード・ボア","物品","262","神々しい花びら","掉落","奇美拉树精・吞噬","神圣花瓣"
"623","キメラドリアード・ボア","物品","3485","植物技の大秘石","掉落","奇美拉树精・吞噬","植物技的大秘石"
"623","キメラドリアード・ボア","物品","3","究極薬草","可偷物品","奇美拉树精・吞噬","究极药草"
"623","キメラドリアード・ボア","防具","1577","メルトガード","可偷物品","奇美拉树精・吞噬","消化防护"
"623","キメラドリアード・ボア","物品","311","なすび","可偷食材","奇美拉树精・吞噬","茄子"
"623","キメラドリアード・ボア","物品","240","イデア細胞","可偷素材","奇美拉树精・吞噬","伊迪亚细胞"
"623","キメラドリアード・ボア","物品","1508","キメラドリアード・ボアのミルク","可偷牛奶","奇美拉树精・吞噬","奇美拉树精・吞噬的乳汁"
"624","コスモス","物品","3","究極薬草","掉落","宇宙神蝶","究极药草"
"624","コスモス","物品","269","終蟲の甲殻","掉落","宇宙神蝶","终虫甲壳"
"624","コスモス","物品","3480","虫技の大秘石","掉落","宇宙神蝶","虫技的大秘石"
"624","コスモス","物品","3","究極薬草","可偷物品","宇宙神蝶","究极药草"
"624","コスモス","防具","1269","音波の極意書","可偷物品","宇宙神蝶","音波之极意书"
"624","コスモス","物品","356","サーモンベーグルサンド","可偷食材","宇宙神蝶","鲑鱼贝果三明治"
"624","コスモス","物品","246","覇虫の針","可偷素材","宇宙神蝶","霸虫的针"
"624","コスモス","物品","1509","コスモスのミルク","可偷牛奶","宇宙神蝶","宇宙神蝶的乳汁"
"625","コスモス","物品","27","守りの種","掉落","宇宙神蝶","守护之种"
"625","コスモス","物品","269","終蟲の甲殻","掉落","宇宙神蝶","终虫甲壳"
"625","コスモス","防具","539","神蟲の甲羅","掉落","宇宙神蝶","神虫的甲壳"
"625","コスモス","物品","3","究極薬草","可偷物品","宇宙神蝶","究极药草"
"625","コスモス","防具","1269","音波の極意書","可偷物品","宇宙神蝶","音波之极意书"
"625","コスモス","物品","356","サーモンベーグルサンド","可偷食材","宇宙神蝶","鲑鱼贝果三明治"
"625","コスモス","物品","246","覇虫の針","可偷素材","宇宙神蝶","霸虫的针"
"625","コスモス","物品","1509","コスモスのミルク","可偷牛奶","宇宙神蝶","宇宙神蝶的乳汁"
"626","帽子のアリス","物品","272","黒のアリス細胞","掉落","帽之爱丽丝","黑之爱丽丝细胞"
"626","帽子のアリス","防具","474","バトラーアームズ","掉落","帽之爱丽丝","战士之铠"
"626","帽子のアリス","物品","25","不思議な木の実","掉落","帽之爱丽丝","不可思议之果"
"626","帽子のアリス","防具","1930","リノアパンツ","可偷内裤","帽之爱丽丝","莉诺雅内裤"
"626","帽子のアリス","物品","1510","帽子のアリスのミルク","可偷牛奶","帽之爱丽丝","帽之爱丽丝的乳汁"
"627","傘のアリス","物品","272","黒のアリス細胞","掉落","伞之爱丽丝","黑之爱丽丝细胞"
"627","傘のアリス","物品","3825","シーフのための大秘石","掉落","伞之爱丽丝","盗贼的大秘石"
"627","傘のアリス","物品","31","器用さの種","掉落","伞之爱丽丝","灵巧之种"
"627","傘のアリス","防具","1930","リノアパンツ","可偷内裤","伞之爱丽丝","莉诺雅内裤"
"627","傘のアリス","物品","1511","傘のアリスのミルク","可偷牛奶","伞之爱丽丝","伞之爱丽丝的乳汁"
"628","赤のアリス","物品","272","黒のアリス細胞","掉落","赤之爱丽丝","黑之爱丽丝细胞"
"628","赤のアリス","物品","3396","拾得品の大秘石","掉落","赤之爱丽丝","拾得品的大秘石"
"628","赤のアリス","物品","31","器用さの種","掉落","赤之爱丽丝","灵巧之种"
"628","赤のアリス","防具","1930","リノアパンツ","可偷内裤","赤之爱丽丝","莉诺雅内裤"
"628","赤のアリス","物品","1512","赤のアリスのミルク","可偷牛奶","赤之爱丽丝","赤之爱丽丝的乳汁"
"629","冬のアリス","物品","272","黒のアリス細胞","掉落","冬之爱丽丝","黑之爱丽丝细胞"
"629","冬のアリス","物品","2834","MPの大秘石","掉落","冬之爱丽丝","MP的大秘石"
"629","冬のアリス","物品","27","守りの種","掉落","冬之爱丽丝","守护之种"
"629","冬のアリス","防具","1930","リノアパンツ","可偷内裤","冬之爱丽丝","莉诺雅内裤"
"629","冬のアリス","物品","1513","冬のアリスのミルク","可偷牛奶","冬之爱丽丝","冬之爱丽丝的乳汁"
"630","剣のアリス","物品","272","黒のアリス細胞","掉落","剑之爱丽丝","黑之爱丽丝细胞"
"630","剣のアリス","武器","123","神翼・隼の剣","掉落","剑之爱丽丝","神翼・隼之剑"
"630","剣のアリス","物品","26","力の種","掉落","剑之爱丽丝","力量之种"
"630","剣のアリス","防具","1930","リノアパンツ","可偷内裤","剑之爱丽丝","莉诺雅内裤"
"630","剣のアリス","物品","1514","剣のアリスのミルク","可偷牛奶","剑之爱丽丝","剑之爱丽丝的乳汁"
"631","武のアリス","物品","272","黒のアリス細胞","掉落","武之爱丽丝","黑之爱丽丝细胞"
"631","武のアリス","武器","322","魔手甲ヘカトンケイル","掉落","武之爱丽丝","魔手甲・赫卡顿凯尔"
"631","武のアリス","物品","30","素早さの種","掉落","武之爱丽丝","敏捷之种"
"631","武のアリス","防具","1930","リノアパンツ","可偷内裤","武之爱丽丝","莉诺雅内裤"
"631","武のアリス","物品","1515","武のアリスのミルク","可偷牛奶","武之爱丽丝","武之爱丽丝的乳汁"
"632","アジ・ダハーカ","物品","275","最後の竜牙","掉落","阿兹・达哈卡","最终之龙牙"
"632","アジ・ダハーカ","物品","8","バーストドリンク","掉落","阿兹・达哈卡","爆发饮料"
"632","アジ・ダハーカ","物品","3505","ブレスの大秘石","掉落","阿兹・达哈卡","吐息的大秘石"
"632","アジ・ダハーカ","物品","9","エリクサー","可偷物品","阿兹・达哈卡","圣灵药"
"632","アジ・ダハーカ","防具","1015","覇王のタトゥー","可偷物品","阿兹・达哈卡","霸王纹身"
"632","アジ・ダハーカ","物品","371","牛丼","可偷食材","阿兹・达哈卡","牛丼"
"632","アジ・ダハーカ","物品","247","覇竜の牙","可偷素材","阿兹・达哈卡","霸龙的牙齿"
"632","アジ・ダハーカ","物品","1315","アジ・ダハーカのミルク","可偷牛奶","阿兹・达哈卡","阿兹・达哈卡的乳汁"
"633","白のアリス","物品","272","黒のアリス細胞","掉落","白之爱丽丝","黑之爱丽丝细胞"
"633","白のアリス","武器","542","ワールドクロニクル","掉落","白之爱丽丝","世界编年史"
"633","白のアリス","物品","29","精神の種","掉落","白之爱丽丝","精神之种"
"633","白のアリス","防具","1930","リノアパンツ","可偷内裤","白之爱丽丝","莉诺雅内裤"
"633","白のアリス","物品","1516","白のアリスのミルク","可偷牛奶","白之爱丽丝","白之爱丽丝的乳汁"
"634","侍のアリス","物品","272","黒のアリス細胞","掉落","侍之爱丽丝","黑之爱丽丝细胞"
"634","侍のアリス","武器","256","月下美人","掉落","侍之爱丽丝","月下美人"
"634","侍のアリス","物品","31","器用さの種","掉落","侍之爱丽丝","灵巧之种"
"634","侍のアリス","防具","1930","リノアパンツ","可偷内裤","侍之爱丽丝","莉诺雅内裤"
"634","侍のアリス","物品","1517","侍のアリスのミルク","可偷牛奶","侍之爱丽丝","侍之爱丽丝的乳汁"
"635","忍のアリス","物品","272","黒のアリス細胞","掉落","忍之爱丽丝","黑之爱丽丝细胞"
"635","忍のアリス","武器","279","干将","掉落","忍之爱丽丝","干将"
"635","忍のアリス","物品","30","素早さの種","掉落","忍之爱丽丝","敏捷之种"
"635","忍のアリス","防具","1930","リノアパンツ","可偷内裤","忍之爱丽丝","莉诺雅内裤"
"635","忍のアリス","物品","1518","忍のアリスのミルク","可偷牛奶","忍之爱丽丝","忍之爱丽丝的乳汁"
"636","ヒミコ","物品","6","イリアスの霊薬","掉落","卑弥呼","伊莉娅丝的灵药"
"636","ヒミコ","物品","281","最後の結晶","掉落","卑弥呼","最终之结晶"
"636","ヒミコ","物品","3010","サイコの大秘石","掉落","卑弥呼","念动的大秘石"
"636","ヒミコ","物品","6","イリアスの霊薬","可偷物品","卑弥呼","伊莉娅丝的灵药"
"636","ヒミコ","防具","1063","秘宝のかんざし","可偷物品","卑弥呼","秘宝发簪"
"636","ヒミコ","物品","372","うな重","可偷食材","卑弥呼","鳗鱼饭"
"636","ヒミコ","物品","250","神代紙","可偷素材","卑弥呼","神代纸"
"636","ヒミコ","防具","1969","くのいちハーピーのパンツ","可偷内裤","卑弥呼","女忍哈比的内裤"
"636","ヒミコ","物品","1422","ヒミコのミルク","可偷牛奶","卑弥呼","卑弥呼的乳汁"
"637","猟のアリス","物品","272","黒のアリス細胞","掉落","猎之爱丽丝","黑之爱丽丝细胞"
"637","猟のアリス","武器","4530","無限の弓矢","掉落","猎之爱丽丝","无限之弓箭"
"637","猟のアリス","物品","31","器用さの種","掉落","猎之爱丽丝","灵巧之种"
"637","猟のアリス","防具","1930","リノアパンツ","可偷内裤","猎之爱丽丝","莉诺雅内裤"
"637","猟のアリス","物品","1519","猟のアリスのミルク","可偷牛奶","猎之爱丽丝","猎之爱丽丝的乳汁"
"638","舞のアリス","物品","272","黒のアリス細胞","掉落","舞之爱丽丝","黑之爱丽丝细胞"
"638","舞のアリス","武器","752","月の扇","掉落","舞之爱丽丝","月之扇"
"638","舞のアリス","物品","31","器用さの種","掉落","舞之爱丽丝","灵巧之种"
"638","舞のアリス","防具","1930","リノアパンツ","可偷内裤","舞之爱丽丝","莉诺雅内裤"
"638","舞のアリス","物品","1520","舞のアリスのミルク","可偷牛奶","舞之爱丽丝","舞之爱丽丝的乳汁"
"639","呪のアリス","物品","272","黒のアリス細胞","掉落","咒之爱丽丝","黑之爱丽丝细胞"
"639","呪のアリス","武器","468","黄泉の鎌","掉落","咒之爱丽丝","黄泉之镰"
"639","呪のアリス","物品","28","魔力の種","掉落","咒之爱丽丝","魔力之种"
"639","呪のアリス","防具","1930","リノアパンツ","可偷内裤","咒之爱丽丝","莉诺雅内裤"
"639","呪のアリス","物品","1521","呪のアリスのミルク","可偷牛奶","咒之爱丽丝","咒之爱丽丝的乳汁"
"640","兎のアリス","物品","272","黒のアリス細胞","掉落","兔之爱丽丝","黑之爱丽丝细胞"
"640","兎のアリス","武器","354","アポカリプス","掉落","兔之爱丽丝","启示录"
"640","兎のアリス","物品","25","不思議な木の実","掉落","兔之爱丽丝","不可思议之果"
"640","兎のアリス","防具","1930","リノアパンツ","可偷内裤","兔之爱丽丝","莉诺雅内裤"
"640","兎のアリス","物品","1522","兎のアリスのミルク","可偷牛奶","兔之爱丽丝","兔之爱丽丝的乳汁"
"641","イザナミ","物品","82","サタンクリスタル","掉落","伊邪那美","撒旦水晶"
"641","イザナミ","物品","274","ゾンビハート","掉落","伊邪那美","僵尸心脏"
"641","イザナミ","物品","3490","屍技の大秘石","掉落","伊邪那美","尸技的大秘石"
"641","イザナミ","物品","9","エリクサー","可偷物品","伊邪那美","圣灵药"
"641","イザナミ","防具","1248","氷の極意書","可偷物品","伊邪那美","冰之极意书"
"641","イザナミ","物品","362","特上おにぎり","可偷食材","伊邪那美","特级饭团"
"641","イザナミ","物品","81","輝晶黒闇石","可偷素材","伊邪那美","辉晶黑暗石"
"641","イザナミ","物品","1429","イザナミのミルク","可偷牛奶","伊邪那美","伊邪那美的乳汁"
"642","蝕のアリス","物品","24","命の木の実","掉落","蚀之爱丽丝","生命之果"
"642","蝕のアリス","物品","272","黒のアリス細胞","掉落","蚀之爱丽丝","黑之爱丽丝细胞"
"642","蝕のアリス","物品","3178","聖耐性の大秘石","掉落","蚀之爱丽丝","圣耐性的大秘石"
"642","蝕のアリス","物品","1523","蝕のアリスのミルク","可偷牛奶","蚀之爱丽丝","蚀之爱丽丝的乳汁"
"643","海のアリス","物品","272","黒のアリス細胞","掉落","海之爱丽丝","黑之爱丽丝细胞"
"643","海のアリス","防具","29","アサルトスーツ","掉落","海之爱丽丝","突击套装"
"643","海のアリス","物品","24","命の木の実","掉落","海之爱丽丝","生命之果"
"643","海のアリス","防具","1930","リノアパンツ","可偷内裤","海之爱丽丝","莉诺雅内裤"
"643","海のアリス","物品","1524","海のアリスのミルク","可偷牛奶","海之爱丽丝","海之爱丽丝的乳汁"
"644","魔のアリス","物品","272","黒のアリス細胞","掉落","魔之爱丽丝","黑之爱丽丝细胞"
"644","魔のアリス","武器","4499","メテオロッド","掉落","魔之爱丽丝","陨石法杖"
"644","魔のアリス","物品","28","魔力の種","掉落","魔之爱丽丝","魔力之种"
"644","魔のアリス","防具","1930","リノアパンツ","可偷内裤","魔之爱丽丝","莉诺雅内裤"
"644","魔のアリス","物品","1525","魔のアリスのミルク","可偷牛奶","魔之爱丽丝","魔之爱丽丝的乳汁"
"645","ハインリヒボディ","物品","273","ハインリヒ細胞","掉落","海因里希躯体","海因里希细胞"
"645","ハインリヒボディ","武器","112","ハインリヒの剣","掉落","海因里希躯体","海因里希之剑"
"645","ハインリヒボディ","防具","321","ハインリヒの盾","掉落","海因里希躯体","海因里希之盾"
"646","ハインリヒソウル","物品","273","ハインリヒ細胞","掉落","海因里希灵魂","海因里希细胞"
"646","ハインリヒソウル","防具","97","ハインリヒの鎧","掉落","海因里希灵魂","海因里希之铠"
"646","ハインリヒソウル","防具","226","ハインリヒの兜","掉落","海因里希灵魂","海因里希之盔"
"647","マルケルス","物品","26","力の種","掉落","马鲁塞勒斯","力量之种"
"647","マルケルス","物品","278","最終歯車","掉落","马鲁塞勒斯","最终齿轮"
"647","マルケルス","物品","2301","物理強化の大秘石","掉落","马鲁塞勒斯","物理强化的大秘石"
"648","黒のアリス","物品","24","命の木の実","掉落","黑之爱丽丝","生命之果"
"648","黒のアリス","物品","272","黒のアリス細胞","掉落","黑之爱丽丝","黑之爱丽丝细胞"
"648","黒のアリス","防具","1078","漆黒の指輪","掉落","黑之爱丽丝","漆黑之戒"
"648","黒のアリス","物品","1624","混沌のアリスのミルク","可偷牛奶","黑之爱丽丝","混沌的爱丽丝的乳汁"
"649","アルカンシエル","物品","26","力の種","掉落","天空之弧","力量之种"
"649","アルカンシエル","物品","279","ネクストコア","掉落","天空之弧","次世代核心"
"649","アルカンシエル","物品","4101","キメラのための大秘石","掉落","天空之弧","奇美拉的大秘石"
"649","アルカンシエル","物品","1526","アルカンシエルのミルク","可偷牛奶","天空之弧","天空之弧的乳汁"
"650","ヨモツシコメ","物品","22","万能薬","掉落","黄泉丑女","万能药"
"650","ヨモツシコメ","物品","274","ゾンビハート","掉落","黄泉丑女","僵尸心脏"
"650","ヨモツシコメ","物品","25","不思議な木の実","掉落","黄泉丑女","不可思议之果"
"650","ヨモツシコメ","物品","22","万能薬","可偷物品","黄泉丑女","万能药"
"650","ヨモツシコメ","防具","1426","暗闇の秘印","可偷物品","黄泉丑女","黑暗之秘印"
"650","ヨモツシコメ","物品","387","てんぷら","可偷食材","黄泉丑女","天妇罗"
"650","ヨモツシコメ","物品","240","イデア細胞","可偷素材","黄泉丑女","伊迪亚细胞"
"650","ヨモツシコメ","物品","1527","ヨモツシコメのミルク","可偷牛奶","黄泉丑女","黄泉丑女的乳汁"
"651","フェルメサーラ","物品","92","空の大秘石","掉落","拉之子美西芙","空的大秘石"
"651","フェルメサーラ","物品","274","ゾンビハート","掉落","拉之子美西芙","僵尸心脏"
"651","フェルメサーラ","物品","58","フロストアメジスト","掉落","拉之子美西芙","霜冻紫水晶"
"651","フェルメサーラ","物品","57","凍結蒼氷石","可偷物品","拉之子美西芙","冻结苍冰石"
"651","フェルメサーラ","防具","1680","アンデッドの悟り","可偷物品","拉之子美西芙","不死族的领悟"
"651","フェルメサーラ","物品","433","スルメ","可偷食材","拉之子美西芙","鱿鱼干"
"651","フェルメサーラ","物品","221","ネクロパウダー","可偷素材","拉之子美西芙","死灵粉末"
"651","フェルメサーラ","物品","1528","フェルメサーラのミルク","可偷牛奶","拉之子美西芙","拉之子美西芙的乳汁"
"652","エンジェルグール","物品","256","恩寵の羽根","掉落","天使食尸鬼","恩宠的羽毛"
"652","エンジェルグール","物品","274","ゾンビハート","掉落","天使食尸鬼","僵尸心脏"
"652","エンジェルグール","物品","6","イリアスの霊薬","掉落","天使食尸鬼","伊莉娅丝的灵药"
"652","エンジェルグール","物品","6","イリアスの霊薬","可偷物品","天使食尸鬼","伊莉娅丝的灵药"
"652","エンジェルグール","防具","1102","魔鏡のリング","可偷物品","天使食尸鬼","魔镜之戒指"
"652","エンジェルグール","物品","424","アイスクリーム","可偷食材","天使食尸鬼","冰淇淋"
"652","エンジェルグール","物品","243","禍々しい結晶","可偷素材","天使食尸鬼","不祥的结晶"
"652","エンジェルグール","物品","1529","エンジェルグールのミルク","可偷牛奶","天使食尸鬼","天使食尸鬼的乳汁"
"653","ドラゴンゾンビ娘","物品","275","最後の竜牙","掉落","僵尸龙娘","最终之龙牙"
"653","ドラゴンゾンビ娘","物品","274","ゾンビハート","掉落","僵尸龙娘","僵尸心脏"
"653","ドラゴンゾンビ娘","物品","26","力の種","掉落","僵尸龙娘","力量之种"
"653","ドラゴンゾンビ娘","物品","8","バーストドリンク","可偷物品","僵尸龙娘","爆发饮料"
"653","ドラゴンゾンビ娘","防具","1245","炎の極意書","可偷物品","僵尸龙娘","炎之极意书"
"653","ドラゴンゾンビ娘","物品","377","ステーキ","可偷食材","僵尸龙娘","牛排"
"653","ドラゴンゾンビ娘","物品","247","覇竜の牙","可偷素材","僵尸龙娘","霸龙的牙齿"
"653","ドラゴンゾンビ娘","物品","1530","ドラゴンゾンビ娘のミルク","可偷牛奶","僵尸龙娘","僵尸龙娘的乳汁"
"654","シグルドリーヴァ","物品","278","最終歯車","掉落","希格德利法","最终齿轮"
"654","シグルドリーヴァ","物品","4113","ロイドのための大秘石","掉落","希格德利法","机器人的大秘石"
"654","シグルドリーヴァ","武器","4817","パルスライフル","掉落","希格德利法","脉冲步枪"
"654","シグルドリーヴァ","物品","1531","シグルドリーヴァのミルク","可偷牛奶","希格德利法","希格德利法的乳汁"
"655","ドッペルエリート","物品","276","ルカ細胞","掉落","克隆体精英","鲁卡细胞"
"655","ドッペルエリート","物品","24","命の木の実","掉落","克隆体精英","生命之果"
"655","ドッペルエリート","物品","32","小さなメダル","掉落","克隆体精英","小奖章"
"655","ドッペルエリート","物品","8","バーストドリンク","可偷物品","克隆体精英","爆发饮料"
"655","ドッペルエリート","物品","77","天空白聖石","可偷物品","克隆体精英","天空白圣石"
"655","ドッペルエリート","物品","319","じゃがいも","可偷食材","克隆体精英","土豆"
"655","ドッペルエリート","物品","241","天使の羽根","可偷素材","克隆体精英","天使的羽毛"
"655","ドッペルエリート","防具","1933","ギャルのパンツ","可偷内裤","克隆体精英","辣妹的内裤"
"655","ドッペルエリート","物品","1475","ドッペルのミルク","可偷牛奶","克隆体精英","克隆体的乳汁"
"656","サルラック娘","武器","4082","ムーンナイフ","掉落","沙拉克娘","月之小刀"
"656","サルラック娘","武器","4610","ムーンスター","掉落","沙拉克娘","月星"
"656","サルラック娘","防具","848","ムーンシールド","掉落","沙拉克娘","月之盾"
"656","サルラック娘","物品","2","高級薬草","可偷物品","沙拉克娘","高级药草"
"656","サルラック娘","物品","26","力の種","可偷物品","沙拉克娘","力量之种"
"656","サルラック娘","物品","303","ぶどう","可偷食材","沙拉克娘","葡萄"
"656","サルラック娘","物品","201","魔虫の表皮","可偷素材","沙拉克娘","魔虫的表皮"
"656","サルラック娘","物品","1532","サルラック娘のミルク","可偷牛奶","沙拉克娘","沙拉克娘的乳汁"
"657","ルカ・ホリィ","物品","30","素早さの種","掉落","鲁卡・霍莉","敏捷之种"
"657","ルカ・ホリィ","物品","276","ルカ細胞","掉落","鲁卡・霍莉","鲁卡细胞"
"657","ルカ・ホリィ","物品","78","エンジェルダイヤモンド","掉落","鲁卡・霍莉","天使钻石"
"657","ルカ・ホリィ","物品","8","バーストドリンク","可偷物品","鲁卡・霍莉","爆发饮料"
"657","ルカ・ホリィ","物品","77","天空白聖石","可偷物品","鲁卡・霍莉","天空白圣石"
"657","ルカ・ホリィ","物品","319","じゃがいも","可偷食材","鲁卡・霍莉","土豆"
"657","ルカ・ホリィ","物品","241","天使の羽根","可偷素材","鲁卡・霍莉","天使的羽毛"
"657","ルカ・ホリィ","防具","1933","ギャルのパンツ","可偷内裤","鲁卡・霍莉","辣妹的内裤"
"657","ルカ・ホリィ","物品","1386","ルカ・ホリィのミルク","可偷牛奶","鲁卡・霍莉","鲁卡・霍莉的乳汁"
"658","ルカ・リノア","物品","24","命の木の実","掉落","鲁卡・莉诺雅","生命之果"
"658","ルカ・リノア","物品","276","ルカ細胞","掉落","鲁卡・莉诺雅","鲁卡细胞"
"658","ルカ・リノア","物品","9","エリクサー","掉落","鲁卡・莉诺雅","圣灵药"
"658","ルカ・リノア","物品","8","バーストドリンク","可偷物品","鲁卡・莉诺雅","爆发饮料"
"658","ルカ・リノア","物品","77","天空白聖石","可偷物品","鲁卡・莉诺雅","天空白圣石"
"658","ルカ・リノア","物品","319","じゃがいも","可偷食材","鲁卡・莉诺雅","土豆"
"658","ルカ・リノア","物品","241","天使の羽根","可偷素材","鲁卡・莉诺雅","天使的羽毛"
"658","ルカ・リノア","防具","1933","ギャルのパンツ","可偷内裤","鲁卡・莉诺雅","辣妹的内裤"
"658","ルカ・リノア","物品","1387","ルカ・リノアのミルク","可偷牛奶","鲁卡・莉诺雅","鲁卡・莉诺雅的乳汁"
"659","ルカ・ハイネ","物品","26","力の種","掉落","鲁卡・海涅","力量之种"
"659","ルカ・ハイネ","物品","276","ルカ細胞","掉落","鲁卡・海涅","鲁卡细胞"
"659","ルカ・ハイネ","物品","2336","斧技の大秘石","掉落","鲁卡・海涅","斧技的大秘石"
"659","ルカ・ハイネ","物品","8","バーストドリンク","可偷物品","鲁卡・海涅","爆发饮料"
"659","ルカ・ハイネ","物品","77","天空白聖石","可偷物品","鲁卡・海涅","天空白圣石"
"659","ルカ・ハイネ","物品","319","じゃがいも","可偷食材","鲁卡・海涅","土豆"
"659","ルカ・ハイネ","物品","241","天使の羽根","可偷素材","鲁卡・海涅","天使的羽毛"
"659","ルカ・ハイネ","防具","1933","ギャルのパンツ","可偷内裤","鲁卡・海涅","辣妹的内裤"
"659","ルカ・ハイネ","物品","1388","ルカ・ハイネのミルク","可偷牛奶","鲁卡・海涅","鲁卡・海涅的乳汁"
"660","ルカ・キリエ","物品","28","魔力の種","掉落","鲁卡・姬莉叶","魔力之种"
"660","ルカ・キリエ","物品","277","究極の羽根","掉落","鲁卡・姬莉叶","究极之羽"
"660","ルカ・キリエ","物品","2331","槍技の大秘石","掉落","鲁卡・姬莉叶","枪技的大秘石"
"660","ルカ・キリエ","物品","8","バーストドリンク","可偷物品","鲁卡・姬莉叶","爆发饮料"
"660","ルカ・キリエ","物品","77","天空白聖石","可偷物品","鲁卡・姬莉叶","天空白圣石"
"660","ルカ・キリエ","物品","319","じゃがいも","可偷食材","鲁卡・姬莉叶","土豆"
"660","ルカ・キリエ","物品","241","天使の羽根","可偷素材","鲁卡・姬莉叶","天使的羽毛"
"660","ルカ・キリエ","防具","1933","ギャルのパンツ","可偷内裤","鲁卡・姬莉叶","辣妹的内裤"
"660","ルカ・キリエ","物品","1389","ルカ・キリエのミルク","可偷牛奶","鲁卡・姬莉叶","鲁卡・姬莉叶的乳汁"
"661","ルシフィナ","物品","10","ラストエリクサー","掉落","路西菲娜","最终圣灵药"
"661","ルシフィナ","物品","3377","休息の大秘石","掉落","路西菲娜","休息的大秘石"
"661","ルシフィナ","物品","277","究極の羽根","掉落","路西菲娜","究极之羽"
"661","ルシフィナ","防具","1964","隠神刑部狸のパンツ","可偷内裤","路西菲娜","隐神刑部狸的内裤"
"661","ルシフィナ","物品","1372","ルシフィナのミルク","可偷牛奶","路西菲娜","路西菲娜的乳汁"
"662","シリエル","物品","277","究極の羽根","掉落","希莉艾尔","究极之羽"
"662","シリエル","物品","266","絶美の尻尾","掉落","希莉艾尔","绝美尾巴"
"662","シリエル","武器","935","悪徳の栄え","掉落","希莉艾尔","恶德的繁荣"
"662","シリエル","物品","3","究極薬草","可偷物品","希莉艾尔","究极药草"
"662","シリエル","物品","77","天空白聖石","可偷物品","希莉艾尔","天空白圣石"
"662","シリエル","物品","329","肉","可偷食材","希莉艾尔","肉"
"662","シリエル","物品","241","天使の羽根","可偷素材","希莉艾尔","天使的羽毛"
"662","シリエル","防具","1933","ギャルのパンツ","可偷内裤","希莉艾尔","辣妹的内裤"
"662","シリエル","物品","1533","シリエルのミルク","可偷牛奶","希莉艾尔","希莉艾尔的乳汁"
"663","エグエル","物品","277","究極の羽根","掉落","艾格艾尔","究极之羽"
"663","エグエル","物品","92","空の大秘石","掉落","艾格艾尔","空的大秘石"
"663","エグエル","物品","9","エリクサー","掉落","艾格艾尔","圣灵药"
"663","エグエル","物品","9","エリクサー","可偷物品","艾格艾尔","圣灵药"
"663","エグエル","防具","1689","幸福の靴","可偷物品","艾格艾尔","幸福的鞋子"
"663","エグエル","物品","375","目玉焼き","可偷食材","艾格艾尔","荷包蛋"
"663","エグエル","物品","249","奇跡の卵","可偷素材","艾格艾尔","奇迹的蛋"
"663","エグエル","物品","1534","エグエルのミルク","可偷牛奶","艾格艾尔","艾格艾尔的乳汁"
"664","キメラチャリオッツ","物品","268","無限細胞","掉落","奇美拉战车","无限细胞"
"664","キメラチャリオッツ","物品","3","究極薬草","掉落","奇美拉战车","究极药草"
"664","キメラチャリオッツ","物品","3771","魔物使いのための大秘石","掉落","奇美拉战车","魔物使的大秘石"
"664","キメラチャリオッツ","物品","3","究極薬草","可偷物品","奇美拉战车","究极药草"
"664","キメラチャリオッツ","防具","1127","重バリア発生装置","可偷物品","奇美拉战车","重屏障发生装置"
"664","キメラチャリオッツ","物品","329","肉","可偷食材","奇美拉战车","肉"
"664","キメラチャリオッツ","物品","225","イリス細胞","可偷素材","奇美拉战车","伊莉丝细胞"
"664","キメラチャリオッツ","物品","1535","キメラチャリオッツのミルク","可偷牛奶","奇美拉战车","奇美拉战车的乳汁"
"665","ナイトロイド","物品","278","最終歯車","掉落","骑士机器人","最终齿轮"
"665","ナイトロイド","物品","275","最後の竜牙","掉落","骑士机器人","最终之龙牙"
"665","ナイトロイド","武器","134","斬鉄剣","掉落","骑士机器人","斩铁剑"
"665","ナイトロイド","物品","9","エリクサー","可偷物品","骑士机器人","圣灵药"
"665","ナイトロイド","防具","1632","竜騎士の悟り","可偷物品","骑士机器人","龙骑士的领悟"
"665","ナイトロイド","物品","376","ハンバーグ","可偷食材","骑士机器人","汉堡肉"
"665","ナイトロイド","物品","233","傀儡歯車","可偷素材","骑士机器人","傀儡齿轮"
"665","ナイトロイド","物品","1536","ナイトロイドのミルク","可偷牛奶","骑士机器人","骑士机器人的乳汁"
"666","アサシンロイド","物品","278","最終歯車","掉落","刺客机器人","最终齿轮"
"666","アサシンロイド","物品","92","空の大秘石","掉落","刺客机器人","空的大秘石"
"666","アサシンロイド","物品","2653","忍術の大秘石","掉落","刺客机器人","忍术的大秘石"
"666","アサシンロイド","物品","9","エリクサー","可偷物品","刺客机器人","圣灵药"
"666","アサシンロイド","防具","1628","シーフの悟り・短剣編","可偷物品","刺客机器人","盗贼的领悟・短剑篇"
"666","アサシンロイド","物品","432","ほしにく","可偷食材","刺客机器人","干肉"
"666","アサシンロイド","物品","244","覇獣の爪","可偷素材","刺客机器人","霸兽的爪子"
"666","アサシンロイド","防具","1952","","可偷内裤","刺客机器人",""
"666","アサシンロイド","物品","1537","アサシンロイドのミルク","可偷牛奶","刺客机器人","刺客机器人的乳汁"
"667","エデン","物品","24","命の木の実","掉落","伊甸","生命之果"
"667","エデン","物品","277","究極の羽根","掉落","伊甸","究极之羽"
"667","エデン","防具","1074","熾天使の指輪","掉落","伊甸","炽天使之戒"
"667","エデン","物品","1365","エデンのミルク","可偷牛奶","伊甸","伊甸的乳汁"
"668","ユリエル","物品","277","究極の羽根","掉落","尤莉艾尔","究极之羽"
"668","ユリエル","物品","3","究極薬草","掉落","尤莉艾尔","究极药草"
"668","ユリエル","物品","78","エンジェルダイヤモンド","掉落","尤莉艾尔","天使钻石"
"668","ユリエル","物品","3","究極薬草","可偷物品","尤莉艾尔","究极药草"
"668","ユリエル","物品","77","天空白聖石","可偷物品","尤莉艾尔","天空白圣石"
"668","ユリエル","物品","329","肉","可偷食材","尤莉艾尔","肉"
"668","ユリエル","物品","241","天使の羽根","可偷素材","尤莉艾尔","天使的羽毛"
"668","ユリエル","防具","1933","ギャルのパンツ","可偷内裤","尤莉艾尔","辣妹的内裤"
"668","ユリエル","物品","1538","ユリエルのミルク","可偷牛奶","尤莉艾尔","尤莉艾尔的乳汁"
"669","メルシエル","物品","8","バーストドリンク","掉落","梅尔希艾尔","爆发饮料"
"669","メルシエル","物品","277","究極の羽根","掉落","梅尔希艾尔","究极之羽"
"669","メルシエル","物品","28","魔力の種","掉落","梅尔希艾尔","魔力之种"
"669","メルシエル","物品","8","バーストドリンク","可偷物品","梅尔希艾尔","爆发饮料"
"669","メルシエル","武器","180","白の剣","可偷物品","梅尔希艾尔","白之剑"
"669","メルシエル","物品","342","ミルク","可偷食材","梅尔希艾尔","牛奶"
"669","メルシエル","物品","249","奇跡の卵","可偷素材","梅尔希艾尔","奇迹的蛋"
"669","メルシエル","防具","1961","たぬきパンツ","可偷内裤","梅尔希艾尔","狸猫内裤"
"669","メルシエル","物品","1539","メルシエルのミルク","可偷牛奶","梅尔希艾尔","梅尔希艾尔的乳汁"
"670","セバスイール","物品","92","空の大秘石","掉落","塞巴西艾尔","空的大秘石"
"670","セバスイール","物品","277","究極の羽根","掉落","塞巴西艾尔","究极之羽"
"670","セバスイール","武器","107","ペルセウスの剣","掉落","塞巴西艾尔","珀尔修斯之剑"
"670","セバスイール","物品","8","バーストドリンク","可偷物品","塞巴西艾尔","爆发饮料"
"670","セバスイール","防具","1629","剣士の悟り","可偷物品","塞巴西艾尔","剑士的领悟"
"670","セバスイール","物品","354","焼肉パン","可偷食材","塞巴西艾尔","烤肉面包"
"670","セバスイール","物品","252","奇跡の羽根","可偷素材","塞巴西艾尔","奇迹的羽毛"
"670","セバスイール","物品","1540","セバスイールのミルク","可偷牛奶","塞巴西艾尔","塞巴西艾尔的乳汁"
"671","量産型ラプンツェル","物品","279","ネクストコア","掉落","量产型长发公主","次世代核心"
"671","量産型ラプンツェル","物品","32","小さなメダル","掉落","量产型长发公主","小奖章"
"671","量産型ラプンツェル","防具","322","源氏の盾","掉落","量产型长发公主","源氏之盾"
"671","量産型ラプンツェル","物品","1457","ラプンツェルのミルク","可偷牛奶","量产型长发公主","长发公主的乳汁"
"672","量産型ハイヌウェレ","物品","279","ネクストコア","掉落","量产型海奴韦莱","次世代核心"
"672","量産型ハイヌウェレ","物品","30","素早さの種","掉落","量产型海奴韦莱","敏捷之种"
"672","量産型ハイヌウェレ","防具","443","疾風の胸当て","掉落","量产型海奴韦莱","疾风胸甲"
"672","量産型ハイヌウェレ","物品","1474","ハイヌウェレのミルク","可偷牛奶","量产型海奴韦莱","海奴韦莱的乳汁"
"673","量産型アンフィスバエナ","物品","279","ネクストコア","掉落","量产型双头蛇","次世代核心"
"673","量産型アンフィスバエナ","物品","31","器用さの種","掉落","量产型双头蛇","灵巧之种"
"673","量産型アンフィスバエナ","防具","227","源氏の兜","掉落","量产型双头蛇","源氏之盔"
"673","量産型アンフィスバエナ","物品","1485","ツクヨミのミルク","可偷牛奶","量产型双头蛇","月读的乳汁"
"674","量産型ツクヨミ","物品","279","ネクストコア","掉落","量产型月读","次世代核心"
"674","量産型ツクヨミ","物品","25","不思議な木の実","掉落","量产型月读","不可思议之果"
"674","量産型ツクヨミ","武器","885","ヴェーダ","掉落","量产型月读","吠陀"
"674","量産型ツクヨミ","物品","1482","アンフィスバエナのミルク","可偷牛奶","量产型月读","双头蛇的乳汁"
"675","量産型アルカンシエル","物品","279","ネクストコア","掉落","量产型天空之弧","次世代核心"
"675","量産型アルカンシエル","物品","24","命の木の実","掉落","量产型天空之弧","生命之果"
"675","量産型アルカンシエル","防具","98","源氏の鎧","掉落","量产型天空之弧","源氏之铠"
"675","量産型アルカンシエル","物品","1526","アルカンシエルのミルク","可偷牛奶","量产型天空之弧","天空之弧的乳汁"
"676","ホルミエル","物品","277","究極の羽根","掉落","霍尔米艾尔","究极之羽"
"676","ホルミエル","物品","4152","勇気ある者の秘石","掉落","霍尔米艾尔","勇敢者的秘石"
"676","ホルミエル","武器","537","プリンセスガード","掉落","霍尔米艾尔","公主护卫"
"676","ホルミエル","物品","3","究極薬草","可偷物品","霍尔米艾尔","究极药草"
"676","ホルミエル","物品","77","天空白聖石","可偷物品","霍尔米艾尔","天空白圣石"
"676","ホルミエル","物品","329","肉","可偷食材","霍尔米艾尔","肉"
"676","ホルミエル","物品","241","天使の羽根","可偷素材","霍尔米艾尔","天使的羽毛"
"676","ホルミエル","防具","1933","ギャルのパンツ","可偷内裤","霍尔米艾尔","辣妹的内裤"
"676","ホルミエル","物品","1500","ホルミエルのミルク","可偷牛奶","霍尔米艾尔","霍尔米艾尔的乳汁"
"677","アプティエル","物品","277","究極の羽根","掉落","阿普蒂艾尔","究极之羽"
"677","アプティエル","物品","283","カオスニウム","掉落","阿普蒂艾尔","混沌结晶"
"677","アプティエル","防具","564","終末のローブ","掉落","阿普蒂艾尔","终末长袍"
"677","アプティエル","物品","3","究極薬草","可偷物品","阿普蒂艾尔","究极药草"
"677","アプティエル","物品","77","天空白聖石","可偷物品","阿普蒂艾尔","天空白圣石"
"677","アプティエル","物品","329","肉","可偷食材","阿普蒂艾尔","肉"
"677","アプティエル","物品","241","天使の羽根","可偷素材","阿普蒂艾尔","天使的羽毛"
"677","アプティエル","防具","1933","ギャルのパンツ","可偷内裤","阿普蒂艾尔","辣妹的内裤"
"677","アプティエル","物品","1541","アプティエルのミルク","可偷牛奶","阿普蒂艾尔","阿普蒂艾尔的乳汁"
"678","クリオネラ","物品","277","究極の羽根","掉落","海天使","究极之羽"
"678","クリオネラ","物品","6","イリアスの霊薬","掉落","海天使","伊莉娅丝的灵药"
"678","クリオネラ","物品","24","命の木の実","掉落","海天使","生命之果"
"678","クリオネラ","物品","9","エリクサー","可偷物品","海天使","圣灵药"
"678","クリオネラ","防具","1417","昇天の秘印","可偷物品","海天使","升天之秘印"
"678","クリオネラ","物品","390","クリームシチュー","可偷食材","海天使","奶油炖菜"
"678","クリオネラ","物品","252","奇跡の羽根","可偷素材","海天使","奇迹的羽毛"
"678","クリオネラ","物品","1542","クリオネラのミルク","可偷牛奶","海天使","海天使的乳汁"
"679","ロズニエル","物品","262","神々しい花びら","掉落","罗兹尼艾尔","神圣花瓣"
"679","ロズニエル","物品","277","究極の羽根","掉落","罗兹尼艾尔","究极之羽"
"679","ロズニエル","武器","616","ウロボロスの鞭","掉落","罗兹尼艾尔","衔尾蛇之鞭"
"679","ロズニエル","物品","12","世界樹の葉","可偷物品","罗兹尼艾尔","世界树之叶"
"679","ロズニエル","防具","1534","エレメンタルアミュレット","可偷物品","罗兹尼艾尔","元素护符"
"679","ロズニエル","物品","366","カニタマ","可偷食材","罗兹尼艾尔","蟹玉丼"
"679","ロズニエル","物品","245","覇蛇の蛇尾","可偷素材","罗兹尼艾尔","霸蛇的蛇尾"
"679","ロズニエル","物品","1543","ロズニエルのミルク","可偷牛奶","罗兹尼艾尔","罗兹尼艾尔的乳汁"
"680","キュビエル","物品","277","究極の羽根","掉落","丘比艾尔","究极之羽"
"680","キュビエル","物品","25","不思議な木の実","掉落","丘比艾尔","不可思议之果"
"680","キュビエル","武器","692","スダルサナ","掉落","丘比艾尔","善见神轮"
"680","キュビエル","物品","9","エリクサー","可偷物品","丘比艾尔","圣灵药"
"680","キュビエル","防具","1263","聖なる極意書","可偷物品","丘比艾尔","圣之极意书"
"680","キュビエル","物品","369","特上寿司","可偷食材","丘比艾尔","特上寿司"
"680","キュビエル","物品","252","奇跡の羽根","可偷素材","丘比艾尔","奇迹的羽毛"
"680","キュビエル","防具","1962","上狸のふんどし","可偷内裤","丘比艾尔","上狸的兜裆布"
"680","キュビエル","物品","1544","キュビエルのミルク","可偷牛奶","丘比艾尔","丘比艾尔的乳汁"
"681","ワミエル","物品","4130","女神の秘石","掉落","瓦米艾尔","女神的秘石"
"681","ワミエル","物品","268","無限細胞","掉落","瓦米艾尔","无限细胞"
"681","ワミエル","物品","24","命の木の実","掉落","瓦米艾尔","生命之果"
"681","ワミエル","物品","9","エリクサー","可偷物品","瓦米艾尔","圣灵药"
"681","ワミエル","防具","1417","昇天の秘印","可偷物品","瓦米艾尔","升天之秘印"
"681","ワミエル","物品","390","クリームシチュー","可偷食材","瓦米艾尔","奶油炖菜"
"681","ワミエル","物品","252","奇跡の羽根","可偷素材","瓦米艾尔","奇迹的羽毛"
"681","ワミエル","物品","1545","ワミエルのミルク","可偷牛奶","瓦米艾尔","瓦米艾尔的乳汁"
"682","量産型ジルフィ","物品","280","エレメントコア","掉落","量产型吉尔菲","元素核心"
"682","量産型ジルフィ","物品","28","魔力の種","掉落","量产型吉尔菲","魔力之种"
"682","量産型ジルフィ","武器","206","風槍シルフ","掉落","量产型吉尔菲","风枪希尔芙"
"682","量産型ジルフィ","防具","1945","オーガトゥースのパンツ","可偷内裤","量产型吉尔菲","奥伽图丝的内裤"
"682","量産型ジルフィ","物品","1503","ジルフィのミルク","可偷牛奶","量产型吉尔菲","吉尔菲的乳汁"
"683","量産型ノーマレン","物品","280","エレメントコア","掉落","量产型诺玛伦","元素核心"
"683","量産型ノーマレン","物品","27","守りの種","掉落","量产型诺玛伦","守护之种"
"683","量産型ノーマレン","武器","393","土斧ノーム","掉落","量产型诺玛伦","土斧诺姆"
"683","量産型ノーマレン","物品","1460","ノーマレンのミルク","可偷牛奶","量产型诺玛伦","诺玛伦的乳汁"
"684","量産型グランディーネ","物品","280","エレメントコア","掉落","量产型格兰蒂妮","元素核心"
"684","量産型グランディーネ","物品","29","精神の種","掉落","量产型格兰蒂妮","精神之种"
"684","量産型グランディーネ","武器","259","水刀ウンディーネ","掉落","量产型格兰蒂妮","水刀温蒂妮"
"684","量産型グランディーネ","物品","1453","グランディーネのミルク","可偷牛奶","量产型格兰蒂妮","格兰蒂妮的乳汁"
"685","量産型ギガマンドラ","物品","280","エレメントコア","掉落","量产型千兆曼德拉","元素核心"
"685","量産型ギガマンドラ","物品","26","力の種","掉落","量产型千兆曼德拉","力量之种"
"685","量産型ギガマンドラ","武器","325","炎拳サラマンダー","掉落","量产型千兆曼德拉","炎拳萨拉曼达"
"685","量産型ギガマンドラ","物品","1473","ギガマンドラのミルク","可偷牛奶","量产型千兆曼德拉","千兆曼德拉的乳汁"
"686","ミカエラ","物品","9","エリクサー","掉落","米迦艾拉","圣灵药"
"686","ミカエラ","物品","277","究極の羽根","掉落","米迦艾拉","究极之羽"
"686","ミカエラ","防具","1005","マスターベルト","掉落","米迦艾拉","大师腰带"
"686","ミカエラ","防具","1963","忍狸のふんどし","可偷内裤","米迦艾拉","忍狸的兜裆布"
"686","ミカエラ","物品","1371","ミカエラのミルク","可偷牛奶","米迦艾拉","米迦艾拉的乳汁"
"687","イリアス","物品","10","ラストエリクサー","可偷物品","伊莉娅丝","最终圣灵药"
"687","イリアス","物品","25","不思議な木の実","可偷物品","伊莉娅丝","不可思议之果"
"687","イリアス","物品","78","エンジェルダイヤモンド","可偷素材","伊莉娅丝","天使钻石"
"687","イリアス","防具","1965","黒狸のパンツ","可偷内裤","伊莉娅丝","黑狸的内裤"
"687","イリアス","物品","1546","イリアスのミルク","可偷牛奶","伊莉娅丝","伊莉娅丝的乳汁"
"688","カオスイリアス","物品","10","ラストエリクサー","掉落","混沌伊莉娅丝","最终圣灵药"
"688","カオスイリアス","物品","78","エンジェルダイヤモンド","掉落","混沌伊莉娅丝","天使钻石"
"688","カオスイリアス","物品","3644","光に親しむ者の超秘石","掉落","混沌伊莉娅丝","光之亲和者的超秘石"
"688","カオスイリアス","物品","10","ラストエリクサー","可偷物品","混沌伊莉娅丝","最终圣灵药"
"688","カオスイリアス","物品","24","命の木の実","可偷物品","混沌伊莉娅丝","生命之果"
"688","カオスイリアス","物品","78","エンジェルダイヤモンド","可偷素材","混沌伊莉娅丝","天使钻石"
"688","カオスイリアス","物品","1547","カオスイリアスのミルク","可偷牛奶","混沌伊莉娅丝","混沌伊莉娅丝的乳汁"
"689","カオスイリアス","物品","658","魔神玉","掉落","混沌伊莉娅丝","魔神玉"
"689","カオスイリアス","物品","10","ラストエリクサー","可偷物品","混沌伊莉娅丝","最终圣灵药"
"689","カオスイリアス","物品","24","命の木の実","可偷物品","混沌伊莉娅丝","生命之果"
"689","カオスイリアス","物品","78","エンジェルダイヤモンド","可偷素材","混沌伊莉娅丝","天使钻石"
"689","カオスイリアス","物品","1547","カオスイリアスのミルク","可偷牛奶","混沌伊莉娅丝","混沌伊莉娅丝的乳汁"
"690","ラファエラ","物品","460","しあわせミルク","掉落","拉斐艾拉","幸福牛奶"
"690","ラファエラ","防具","4595","回復の神書","掉落","拉斐艾拉","恢复之神书"
"690","ラファエラ","物品","4199","ナイトメア強化の極秘石","掉落","拉斐艾拉","噩梦强化的极秘石"
"690","ラファエラ","物品","1439","ラファエラのミルク","可偷牛奶","拉斐艾拉","拉斐艾拉的乳汁"
"691","フェンリル","物品","8","バーストドリンク","掉落","芬里尔","爆发饮料"
"691","フェンリル","物品","244","覇獣の爪","掉落","芬里尔","霸兽的爪子"
"691","フェンリル","武器","347","白虎の牙","掉落","芬里尔","白虎之牙"
"691","フェンリル","物品","8","バーストドリンク","可偷物品","芬里尔","爆发饮料"
"691","フェンリル","防具","1674","獣の悟り","可偷物品","芬里尔","兽的领悟"
"691","フェンリル","物品","329","肉","可偷食材","芬里尔","肉"
"691","フェンリル","物品","244","覇獣の爪","可偷素材","芬里尔","霸兽的爪子"
"691","フェンリル","防具","1966","ヒミコのふんどし","可偷内裤","芬里尔","卑弥呼的兜裆布"
"691","フェンリル","物品","1548","フェンリルのミルク","可偷牛奶","芬里尔","芬里尔的乳汁"
"692","ガルキマセラ","物品","243","禍々しい結晶","掉落","月笛恶魔","不祥的结晶"
"692","ガルキマセラ","物品","91","空の秘石","掉落","月笛恶魔","空秘石"
"692","ガルキマセラ","武器","832","神秘のタロット","掉落","月笛恶魔","神秘塔罗"
"692","ガルキマセラ","物品","6","イリアスの霊薬","可偷物品","月笛恶魔","伊莉娅丝的灵药"
"692","ガルキマセラ","防具","1432","混乱の秘印","可偷物品","月笛恶魔","混乱之秘印"
"692","ガルキマセラ","物品","407","ピザまん","可偷食材","月笛恶魔","披萨包子"
"692","ガルキマセラ","物品","238","狂獣の爪","可偷素材","月笛恶魔","狂兽的爪子"
"692","ガルキマセラ","物品","1549","ガルキマセラのミルク","可偷牛奶","月笛恶魔","月笛恶魔的乳汁"
"693","グレートオーク","物品","329","肉","掉落","巨兽人","肉"
"693","グレートオーク","物品","244","覇獣の爪","掉落","巨兽人","霸兽的爪子"
"693","グレートオーク","武器","417","大地のハンマー","掉落","巨兽人","大地之锤"
"693","グレートオーク","物品","23","ハーピーの羽","可偷物品","巨兽人","哈比之羽"
"693","グレートオーク","防具","1016","パワーリスト","可偷物品","巨兽人","力量护腕"
"693","グレートオーク","物品","331","ソーセージ","可偷食材","巨兽人","香肠"
"693","グレートオーク","物品","67","土石","可偷素材","巨兽人","土石"
"693","グレートオーク","物品","1550","グレートオークのミルク","可偷牛奶","巨兽人","巨兽人的乳汁"
"694","ランキュバス","物品","91","空の秘石","掉落","枪兵魅魔","空秘石"
"694","ランキュバス","物品","251","妖艶なる尻尾","掉落","枪兵魅魔","妖艳的尾巴"
"694","ランキュバス","防具","157","プリンセスドレス","掉落","枪兵魅魔","公主礼服"
"694","ランキュバス","物品","21","脱淫薬","可偷物品","枪兵魅魔","脱淫药"
"694","ランキュバス","防具","1201","快楽のシンボル","可偷物品","枪兵魅魔","快乐之符号"
"694","ランキュバス","物品","394","スパゲティ","可偷食材","枪兵魅魔","意大利面"
"694","ランキュバス","物品","222","艶めかしい尻尾","可偷素材","枪兵魅魔","艳丽的尾巴"
"694","ランキュバス","物品","1551","ランキュバスのミルク","可偷牛奶","枪兵魅魔","枪兵魅魔的乳汁"
"695","リーキュバス","物品","21","脱淫薬","掉落","贪吸魅魔","脱淫药"
"695","リーキュバス","物品","251","妖艶なる尻尾","掉落","贪吸魅魔","妖艳的尾巴"
"695","リーキュバス","武器","930","アフロディーテの唇","掉落","贪吸魅魔","阿佛洛狄忒的唇"
"695","リーキュバス","物品","21","脱淫薬","可偷物品","贪吸魅魔","脱淫药"
"695","リーキュバス","防具","1201","快楽のシンボル","可偷物品","贪吸魅魔","快乐之符号"
"695","リーキュバス","物品","394","スパゲティ","可偷食材","贪吸魅魔","意大利面"
"695","リーキュバス","物品","222","艶めかしい尻尾","可偷素材","贪吸魅魔","艳丽的尾巴"
"695","リーキュバス","物品","1552","リーキュバスのミルク","可偷牛奶","贪吸魅魔","贪吸魅魔的乳汁"
"696","クィーンエヴァ","物品","251","妖艶なる尻尾","掉落","女王伊娃","妖艳的尾巴"
"696","クィーンエヴァ","物品","32","小さなメダル","掉落","女王伊娃","小奖章"
"696","クィーンエヴァ","物品","2858","快楽強化の秘石","掉落","女王伊娃","快乐强化的秘石"
"696","クィーンエヴァ","防具","1844","エヴァパンツ","可偷内裤","女王伊娃","伊娃内裤"
"696","クィーンエヴァ","物品","1553","クィーンエヴァのミルク","可偷牛奶","女王伊娃","女王伊娃的乳汁"
"697","バフォメット","物品","260","超力の結晶","掉落","巴风特","超力结晶"
"697","バフォメット","物品","316","タマネギ","掉落","巴风特","洋葱"
"697","バフォメット","物品","5","エルフの霊薬","掉落","巴风特","精灵的灵药"
"697","バフォメット","物品","5","エルフの霊薬","可偷物品","巴风特","精灵的灵药"
"697","バフォメット","防具","1091","因果の手甲","可偷物品","巴风特","因果的手甲"
"697","バフォメット","物品","316","タマネギ","可偷食材","巴风特","洋葱"
"697","バフォメット","物品","215","鬼の角","可偷素材","巴风特","鬼之角"
"697","バフォメット","物品","1554","バフォメットのミルク","可偷牛奶","巴风特","巴风特的乳汁"
"698","くだん","物品","20","金の針","掉落","件","金针"
"698","くだん","物品","250","神代紙","掉落","件","神代纸"
"698","くだん","防具","88","ブレイブアーマー","掉落","件","勇气铠甲"
"698","くだん","物品","20","金の針","可偷物品","件","金针"
"698","くだん","防具","1087","鏡のハチマキ","可偷物品","件","镜的围巾"
"698","くだん","物品","332","豆腐","可偷食材","件","豆腐"
"698","くだん","物品","210","妖怪の髪","可偷素材","件","妖怪的头发"
"698","くだん","物品","1555","くだんのミルク","可偷牛奶","件","件的乳汁"
"699","ヴェルラウネ","物品","22","万能薬","掉落","丝绒娜温","万能药"
"699","ヴェルラウネ","物品","257","偉大なる花びら","掉落","丝绒娜温","伟大的花瓣"
"699","ヴェルラウネ","物品","61","電光黄雷石","掉落","丝绒娜温","电光黄雷石"
"699","ヴェルラウネ","物品","22","万能薬","可偷物品","丝绒娜温","万能药"
"699","ヴェルラウネ","防具","1194","吸精の薔薇","可偷物品","丝绒娜温","吸精玫瑰"
"699","ヴェルラウネ","物品","393","グラタン","可偷食材","丝绒娜温","奶汁烤菜"
"699","ヴェルラウネ","物品","232","艶めかしい花びら","可偷素材","丝绒娜温","艳丽的花瓣"
"699","ヴェルラウネ","物品","1556","ヴェルラウネのミルク","可偷牛奶","丝绒娜温","丝绒娜温的乳汁"
"700","ネペンデス","物品","91","空の秘石","掉落","食人花","空秘石"
"700","ネペンデス","物品","257","偉大なる花びら","掉落","食人花","伟大的花瓣"
"700","ネペンデス","物品","425","パフェ","掉落","食人花","芭菲"
"700","ネペンデス","物品","22","万能薬","可偷物品","食人花","万能药"
"700","ネペンデス","防具","1194","吸精の薔薇","可偷物品","食人花","吸精玫瑰"
"700","ネペンデス","物品","393","グラタン","可偷食材","食人花","奶汁烤菜"
"700","ネペンデス","物品","232","艶めかしい花びら","可偷素材","食人花","艳丽的花瓣"
"700","ネペンデス","物品","1557","ネペンデスのミルク","可偷牛奶","食人花","食人花的乳汁"
"701","薔薇貴族","物品","23","ハーピーの羽","掉落","蔷薇贵族","哈比之羽"
"701","薔薇貴族","物品","257","偉大なる花びら","掉落","蔷薇贵族","伟大的花瓣"
"701","薔薇貴族","防具","146","フラワーロード","掉落","蔷薇贵族","花之主宰"
"701","薔薇貴族","物品","22","万能薬","可偷物品","蔷薇贵族","万能药"
"701","薔薇貴族","防具","1194","吸精の薔薇","可偷物品","蔷薇贵族","吸精玫瑰"
"701","薔薇貴族","物品","393","グラタン","可偷食材","蔷薇贵族","奶汁烤菜"
"701","薔薇貴族","物品","232","艶めかしい花びら","可偷素材","蔷薇贵族","艳丽的花瓣"
"701","薔薇貴族","物品","1558","薔薇貴族のミルク","可偷牛奶","蔷薇贵族","蔷薇贵族的乳汁"
"702","モルボル娘","物品","22","万能薬","掉落","魔界花娘","万能药"
"702","モルボル娘","物品","285","モルボルの花びら","掉落","魔界花娘","魔界花的花瓣"
"702","モルボル娘","物品","3221","即死耐性の秘石","掉落","魔界花娘","即死耐性的秘石"
"702","モルボル娘","物品","22","万能薬","可偷物品","魔界花娘","万能药"
"702","モルボル娘","防具","1194","吸精の薔薇","可偷物品","魔界花娘","吸精玫瑰"
"702","モルボル娘","物品","393","グラタン","可偷食材","魔界花娘","奶汁烤菜"
"702","モルボル娘","物品","232","艶めかしい花びら","可偷素材","魔界花娘","艳丽的花瓣"
"702","モルボル娘","物品","1559","モルボル娘のミルク","可偷牛奶","魔界花娘","魔界花娘的乳汁"
"703","華音の右腕","物品","15","山彦草","掉落","华音的右臂","山彦草"
"703","華音の右腕","物品","22","万能薬","掉落","华音的右臂","万能药"
"703","華音の右腕","物品","257","偉大なる花びら","掉落","华音的右臂","伟大的花瓣"
"704","華音の左腕","物品","14","目薬","掉落","华音的左臂","眼药水"
"704","華音の左腕","物品","3","究極薬草","掉落","华音的左臂","究极药草"
"704","華音の左腕","物品","257","偉大なる花びら","掉落","华音的左臂","伟大的花瓣"
"705","華音","物品","9","エリクサー","掉落","华音","圣灵药"
"705","華音","物品","257","偉大なる花びら","掉落","华音","伟大的花瓣"
"705","華音","防具","1398","植物技の極意書","掉落","华音","植物技之极意书"
"705","華音","物品","1560","華音のミルク","可偷牛奶","华音","华音的乳汁"
"706","ボムスライム","物品","258","メルティゼリー","掉落","炸弹史莱姆","甜蜜果冻"
"706","ボムスライム","物品","53","赤熱紅炎石","掉落","炸弹史莱姆","赤热红炎石"
"706","ボムスライム","武器","31","フレイダガー","掉落","炸弹史莱姆","弗雷匕首"
"706","ボムスライム","物品","3","究極薬草","可偷物品","炸弹史莱姆","究极药草"
"706","ボムスライム","防具","1673","スライムの悟り","可偷物品","炸弹史莱姆","史莱姆的领悟"
"706","ボムスライム","物品","422","ゼリー","可偷食材","炸弹史莱姆","果冻"
"706","ボムスライム","物品","73","激流青水石","可偷素材","炸弹史莱姆","激流青水石"
"706","ボムスライム","物品","1561","ボムスライムのミルク","可偷牛奶","炸弹史莱姆","炸弹史莱姆的乳汁"
"707","リキュルスライム","物品","258","メルティゼリー","掉落","利口酒史莱姆","甜蜜果冻"
"707","リキュルスライム","物品","91","空の秘石","掉落","利口酒史莱姆","空秘石"
"707","リキュルスライム","武器","501","エリシクルスタッフ","掉落","利口酒史莱姆","艾利西克鲁斯塔夫"
"707","リキュルスライム","物品","3","究極薬草","可偷物品","利口酒史莱姆","究极药草"
"707","リキュルスライム","防具","1673","スライムの悟り","可偷物品","利口酒史莱姆","史莱姆的领悟"
"707","リキュルスライム","物品","422","ゼリー","可偷食材","利口酒史莱姆","果冻"
"707","リキュルスライム","物品","73","激流青水石","可偷素材","利口酒史莱姆","激流青水石"
"707","リキュルスライム","物品","1562","リキュルスライムのミルク","可偷牛奶","利口酒史莱姆","利口酒史莱姆的乳汁"
"708","スライムプリンセス","物品","423","プリン","掉落","史莱姆公主","布丁"
"708","スライムプリンセス","物品","258","メルティゼリー","掉落","史莱姆公主","甜蜜果冻"
"708","スライムプリンセス","物品","418","チョコケーキ","掉落","史莱姆公主","巧克力蛋糕"
"708","スライムプリンセス","物品","4","霊薬","可偷物品","史莱姆公主","灵药"
"708","スライムプリンセス","防具","1114","ヘビィリング","可偷物品","史莱姆公主","重戒"
"708","スライムプリンセス","物品","423","プリン","可偷食材","史莱姆公主","布丁"
"708","スライムプリンセス","物品","218","ぐにゅぐにゅゼリー","可偷素材","史莱姆公主","咕啾咕啾的果冻"
"708","スライムプリンセス","物品","1563","スライムプリンセスのミルク","可偷牛奶","史莱姆公主","史莱姆公主的乳汁"
"709","アスラ","物品","250","神代紙","掉落","阿修罗","神代纸"
"709","アスラ","物品","260","超力の結晶","掉落","阿修罗","超力结晶"
"709","アスラ","武器","32","フレイヤダガー","掉落","阿修罗","芙蕾雅匕首"
"709","アスラ","物品","4","霊薬","可偷物品","阿修罗","灵药"
"709","アスラ","防具","1186","キラーピアス","可偷物品","阿修罗","杀手耳环"
"709","アスラ","物品","339","カレー粉","可偷食材","阿修罗","咖喱粉"
"709","アスラ","物品","76","白聖石","可偷素材","阿修罗","白圣石"
"709","アスラ","防具","1876","二口娘のロリパン","可偷内裤","阿修罗","二口娘的萝莉内裤"
"709","アスラ","物品","1564","アスラのミルク","可偷牛奶","阿修罗","阿修罗的乳汁"
"710","ギガスライム","物品","258","メルティゼリー","掉落","千兆史莱姆","甜蜜果冻"
"710","ギガスライム","物品","73","激流青水石","掉落","千兆史莱姆","激流青水石"
"710","ギガスライム","防具","534","粘魔の甲羅","掉落","千兆史莱姆","粘魔的甲壳"
"710","ギガスライム","物品","3","究極薬草","可偷物品","千兆史莱姆","究极药草"
"710","ギガスライム","防具","1673","スライムの悟り","可偷物品","千兆史莱姆","史莱姆的领悟"
"710","ギガスライム","物品","422","ゼリー","可偷食材","千兆史莱姆","果冻"
"710","ギガスライム","物品","73","激流青水石","可偷素材","千兆史莱姆","激流青水石"
"710","ギガスライム","物品","1565","ギガスライムのミルク","可偷牛奶","千兆史莱姆","千兆史莱姆的乳汁"
"711","禍撫分裂体","物品","57","凍結蒼氷石","掉落","祸抚分裂体","冻结苍冰石"
"711","禍撫分裂体","物品","258","メルティゼリー","掉落","祸抚分裂体","甜蜜果冻"
"711","禍撫分裂体","防具","291","水鏡の盾","掉落","祸抚分裂体","水镜盾"
"712","禍撫","物品","9","エリクサー","掉落","祸抚","圣灵药"
"712","禍撫","物品","24","命の木の実","掉落","祸抚","生命之果"
"712","禍撫","物品","3324","ターンHP回復の秘石","掉落","祸抚","回合HP恢复的秘石"
"712","禍撫","物品","1566","禍撫のミルク","可偷牛奶","祸抚","祸抚的乳汁"
"713","ラミアンナイトメア","物品","254","強靱なる蛇尾","掉落","梦魇拉米亚","坚韧的蛇尾"
"713","ラミアンナイトメア","物品","91","空の秘石","掉落","梦魇拉米亚","空秘石"
"713","ラミアンナイトメア","物品","27","守りの種","掉落","梦魇拉米亚","守护之种"
"713","ラミアンナイトメア","物品","5","エルフの霊薬","可偷物品","梦魇拉米亚","精灵的灵药"
"713","ラミアンナイトメア","防具","1009","クリスタルオーブ","可偷物品","梦魇拉米亚","水晶宝珠"
"713","ラミアンナイトメア","物品","421","エクレア","可偷食材","梦魇拉米亚","闪电泡芙"
"713","ラミアンナイトメア","物品","224","夜の黒片","可偷素材","梦魇拉米亚","夜的黑片"
"713","ラミアンナイトメア","物品","1567","ラミアンナイトメアのミルク","可偷牛奶","梦魇拉米亚","梦魇拉米亚的乳汁"
"714","ロードメデューサ","物品","254","強靱なる蛇尾","掉落","美杜莎领主","坚韧的蛇尾"
"714","ロードメデューサ","物品","81","輝晶黒闇石","掉落","美杜莎领主","辉晶黑暗石"
"714","ロードメデューサ","物品","6","イリアスの霊薬","掉落","美杜莎领主","伊莉娅丝的灵药"
"714","ロードメデューサ","物品","6","イリアスの霊薬","可偷物品","美杜莎领主","伊莉娅丝的灵药"
"714","ロードメデューサ","防具","1187","イリュージョンピアス","可偷物品","美杜莎领主","幻象耳环"
"714","ロードメデューサ","物品","375","目玉焼き","可偷食材","美杜莎领主","荷包蛋"
"714","ロードメデューサ","物品","81","輝晶黒闇石","可偷素材","美杜莎领主","辉晶黑暗石"
"714","ロードメデューサ","物品","1568","ロードメデューサのミルク","可偷牛奶","美杜莎领主","美杜莎领主的乳汁"
"715","パンドラ","物品","9","エリクサー","掉落","潘多拉","圣灵药"
"715","パンドラ","武器","648","アヌビスのハープ","掉落","潘多拉","阿努比斯的竖琴"
"715","パンドラ","物品","32","小さなメダル","掉落","潘多拉","小奖章"
"715","パンドラ","物品","9","エリクサー","可偷物品","潘多拉","圣灵药"
"715","パンドラ","物品","32","小さなメダル","可偷物品","潘多拉","小奖章"
"715","パンドラ","物品","372","うな重","可偷食材","潘多拉","鳗鱼饭"
"715","パンドラ","物品","243","禍々しい結晶","可偷素材","潘多拉","不祥的结晶"
"715","パンドラ","防具","1927","先代ハーピーのパンツ","可偷内裤","潘多拉","前代哈比的内裤"
"715","パンドラ","物品","1569","パンドラのミルク","可偷牛奶","潘多拉","潘多拉的乳汁"
"716","クィーンラミア","物品","27","守りの種","掉落","拉米亚女王","守护之种"
"716","クィーンラミア","物品","254","強靱なる蛇尾","掉落","拉米亚女王","坚韧的蛇尾"
"716","クィーンラミア","物品","2519","SP消費軽減の秘石","掉落","拉米亚女王","SP消耗减轻的秘石"
"716","クィーンラミア","物品","1381","クィーンラミアのミルク","可偷牛奶","拉米亚女王","拉米亚女王的乳汁"
"717","グリモワール","物品","25","不思議な木の実","掉落","格里莫瓦","不可思议之果"
"717","グリモワール","物品","53","赤熱紅炎石","掉落","格里莫瓦","赤热红炎石"
"717","グリモワール","防具","1245","炎の極意書","掉落","格里莫瓦","炎之极意书"
"717","グリモワール","物品","1570","グリモワールのミルク","可偷牛奶","格里莫瓦","格里莫瓦的乳汁"
"718","ウツボ娘","物品","91","空の秘石","掉落","海鳝娘","空秘石"
"718","ウツボ娘","物品","259","深海の鱗","掉落","海鳝娘","深海之鳞"
"718","ウツボ娘","物品","73","激流青水石","掉落","海鳝娘","激流青水石"
"718","ウツボ娘","物品","8","バーストドリンク","可偷物品","海鳝娘","爆发饮料"
"718","ウツボ娘","防具","1546","バインドチェック","可偷物品","海鳝娘","束缚抵抗"
"718","ウツボ娘","物品","326","カニ","可偷食材","海鳝娘","蟹"
"718","ウツボ娘","物品","226","大海の珊瑚","可偷素材","海鳝娘","大海的珊瑚"
"718","ウツボ娘","物品","1571","ウツボ娘のミルク","可偷牛奶","海鳝娘","海鳝娘的乳汁"
"719","アンシェントスキュラ","物品","259","深海の鱗","掉落","古代斯库拉","深海之鳞"
"719","アンシェントスキュラ","物品","255","昂ぶる触手","掉落","古代斯库拉","昂扬的触手"
"719","アンシェントスキュラ","物品","31","器用さの種","掉落","古代斯库拉","灵巧之种"
"719","アンシェントスキュラ","物品","3","究極薬草","可偷物品","古代斯库拉","究极药草"
"719","アンシェントスキュラ","防具","1049","百発百中の櫛","可偷物品","古代斯库拉","百发百中梳子"
"719","アンシェントスキュラ","物品","399","揚げ出し豆腐","可偷食材","古代斯库拉","炸豆腐"
"719","アンシェントスキュラ","物品","61","電光黄雷石","可偷素材","古代斯库拉","电光黄雷石"
"719","アンシェントスキュラ","物品","1572","アンシェントスキュラのミルク","可偷牛奶","古代斯库拉","古代斯库拉的乳汁"
"720","クィーンスキュラ","物品","31","器用さの種","掉落","斯库拉女王","灵巧之种"
"720","クィーンスキュラ","物品","255","昂ぶる触手","掉落","斯库拉女王","昂扬的触手"
"720","クィーンスキュラ","武器","615","女王の鞭","掉落","斯库拉女王","女王的鞭"
"720","クィーンスキュラ","物品","1383","クィーンスキュラのミルク","可偷牛奶","斯库拉女王","斯库拉女王的乳汁"
"721","ガタノソア","物品","6","イリアスの霊薬","掉落","加塔诺托亚","伊莉娅丝的灵药"
"721","ガタノソア","物品","258","メルティゼリー","掉落","加塔诺托亚","甜蜜果冻"
"721","ガタノソア","防具","1260","水の極意書","掉落","加塔诺托亚","水之极意书"
"721","ガタノソア","物品","1573","ガタノソアのミルク","可偷牛奶","加塔诺托亚","加塔诺托亚的乳汁"
"722","アスモデウス","物品","8","バーストドリンク","掉落","阿斯莫德","爆发饮料"
"722","アスモデウス","物品","255","昂ぶる触手","掉落","阿斯莫德","昂扬的触手"
"722","アスモデウス","物品","3407","鞭で惑わす者の大秘石","掉落","阿斯莫德","鞭迷惑者的大秘石"
"722","アスモデウス","物品","8","バーストドリンク","可偷物品","阿斯莫德","爆发饮料"
"722","アスモデウス","防具","1639","パワーファイターの悟り","可偷物品","阿斯莫德","力量战士的领悟"
"722","アスモデウス","物品","394","スパゲティ","可偷食材","阿斯莫德","意大利面"
"722","アスモデウス","物品","57","凍結蒼氷石","可偷素材","阿斯莫德","冻结苍冰石"
"722","アスモデウス","物品","1574","アスモデウスのミルク","可偷牛奶","阿斯莫德","阿斯莫德的乳汁"
"723","ヨルムンガンド","物品","254","強靱なる蛇尾","掉落","耶梦加得","坚韧的蛇尾"
"723","ヨルムンガンド","物品","32","小さなメダル","掉落","耶梦加得","小奖章"
"723","ヨルムンガンド","物品","2127","会心の大秘石","掉落","耶梦加得","会心的大秘石"
"723","ヨルムンガンド","物品","9","エリクサー","可偷物品","耶梦加得","圣灵药"
"723","ヨルムンガンド","防具","1675","ラミアの悟り","可偷物品","耶梦加得","拉米亚的领悟"
"723","ヨルムンガンド","物品","405","肉まん","可偷食材","耶梦加得","肉包"
"723","ヨルムンガンド","物品","245","覇蛇の蛇尾","可偷素材","耶梦加得","霸蛇的蛇尾"
"723","ヨルムンガンド","物品","1575","ヨルムンガンドのミルク","可偷牛奶","耶梦加得","耶梦加得的乳汁"
"724","三口あかなめ","物品","260","超力の結晶","掉落","三口垢舐鬼","超力结晶"
"724","三口あかなめ","物品","424","アイスクリーム","掉落","三口垢舐鬼","冰淇淋"
"724","三口あかなめ","防具","592","灰をかぶったドレス","掉落","三口垢舐鬼","披着灰烬的礼服"
"724","三口あかなめ","物品","3","究極薬草","可偷物品","三口垢舐鬼","究极药草"
"724","三口あかなめ","防具","1579","スタンガード","可偷物品","三口垢舐鬼","眩晕防护"
"724","三口あかなめ","物品","363","カレーライス","可偷食材","三口垢舐鬼","咖喱饭"
"724","三口あかなめ","物品","236","妖力の結晶","可偷素材","三口垢舐鬼","妖力的结晶"
"724","三口あかなめ","防具","1939","フルビュアのパンツ","可偷内裤","三口垢舐鬼","芙尔维娅的内裤"
"724","三口あかなめ","物品","1576","三口あかなめのミルク","可偷牛奶","三口垢舐鬼","三口垢舐鬼的乳汁"
"725","猫神","物品","334","かつおぶし","掉落","猫神","鲣鱼干"
"725","猫神","物品","260","超力の結晶","掉落","猫神","超力结晶"
"725","猫神","防具","16","輝きの巫女服","掉落","猫神","光辉的巫女服"
"725","猫神","物品","334","かつおぶし","可偷物品","猫神","鲣鱼干"
"725","猫神","武器","309","ビーストクロウ","可偷物品","猫神","兽之爪"
"725","猫神","物品","334","かつおぶし","可偷食材","猫神","鲣鱼干"
"725","猫神","物品","206","猫のヒゲ","可偷素材","猫神","猫的胡须"
"725","猫神","物品","1577","猫神のミルク","可偷牛奶","猫神","猫神的乳汁"
"726","銀鬼","物品","260","超力の結晶","掉落","银鬼","超力结晶"
"726","銀鬼","物品","26","力の種","掉落","银鬼","力量之种"
"726","銀鬼","物品","2197","亜人特攻の秘石","掉落","银鬼","亚人特攻的秘石"
"726","銀鬼","物品","3","究極薬草","可偷物品","银鬼","究极药草"
"726","銀鬼","物品","215","鬼の角","可偷物品","银鬼","鬼之角"
"726","銀鬼","物品","378","すきやき","可偷食材","银鬼","寿喜烧"
"726","銀鬼","物品","215","鬼の角","可偷素材","银鬼","鬼之角"
"726","銀鬼","防具","1882","マジカルエルフのパンツ","可偷内裤","银鬼","魔法精灵的内裤"
"726","銀鬼","物品","1578","銀鬼のミルク","可偷牛奶","银鬼","银鬼的乳汁"
"727","陰陽蠍","物品","91","空の秘石","掉落","阴阳蝎","空秘石"
"727","陰陽蠍","物品","261","神蟲の鱗粉","掉落","阴阳蝎","神虫鳞粉"
"727","陰陽蠍","武器","179","黒の剣","掉落","阴阳蝎","黑之剑"
"727","陰陽蠍","物品","5","エルフの霊薬","可偷物品","阴阳蝎","精灵的灵药"
"727","陰陽蠍","物品","29","精神の種","可偷物品","阴阳蝎","精神之种"
"727","陰陽蠍","物品","332","豆腐","可偷食材","阴阳蝎","豆腐"
"727","陰陽蠍","物品","214","魔虫の羽根","可偷素材","阴阳蝎","魔虫之羽"
"727","陰陽蠍","物品","1579","陰陽蠍のミルク","可偷牛奶","阴阳蝎","阴阳蝎的乳汁"
"728","たまも","物品","25","不思議な木の実","掉落","玉藻","不可思议之果"
"728","たまも","物品","242","もふもふしっぽ","掉落","玉藻","毛绒绒的尾巴"
"728","たまも","防具","1338","扇の極意書","掉落","玉藻","扇之极意书"
"728","たまも","防具","1932","キリエパンツ","可偷内裤","玉藻","姬莉叶内裤"
"728","たまも","物品","1438","たまものミルク","可偷牛奶","玉藻","玉藻的乳汁"
"729","ケット・シー","物品","92","空の大秘石","掉落","凯西猫","空的大秘石"
"729","ケット・シー","物品","265","ナノ歯車","掉落","凯西猫","纳米齿轮"
"729","ケット・シー","物品","61","電光黄雷石","掉落","凯西猫","电光黄雷石"
"729","ケット・シー","物品","8","バーストドリンク","可偷物品","凯西猫","爆发饮料"
"729","ケット・シー","防具","1698","肉球ハンド","可偷物品","凯西猫","肉球手套"
"729","ケット・シー","物品","374","ねこごはん","可偷食材","凯西猫","猫饭"
"729","ケット・シー","物品","244","覇獣の爪","可偷素材","凯西猫","霸兽的爪子"
"729","ケット・シー","物品","1580","ケット・シーのミルク","可偷牛奶","凯西猫","凯西猫的乳汁"
"730","ガルフォックス","物品","242","もふもふしっぽ","掉落","伽利狐","毛绒绒的尾巴"
"730","ガルフォックス","物品","265","ナノ歯車","掉落","伽利狐","纳米齿轮"
"730","ガルフォックス","武器","285","狐火","掉落","伽利狐","狐火"
"730","ガルフォックス","物品","6","イリアスの霊薬","可偷物品","伽利狐","伊莉娅丝的灵药"
"730","ガルフォックス","防具","1651","陰陽師の悟り","可偷物品","伽利狐","阴阳师的领悟"
"730","ガルフォックス","物品","401","きつねうどん","可偷食材","伽利狐","狐狸乌冬面"
"730","ガルフォックス","物品","242","もふもふしっぽ","可偷素材","伽利狐","毛绒绒的尾巴"
"730","ガルフォックス","防具","1968","くのいちサキュバスのパンツ","可偷内裤","伽利狐","女忍魅魔的内裤"
"730","ガルフォックス","物品","1581","ガルフォックスのミルク","可偷牛奶","伽利狐","伽利狐的乳汁"
"731","玉藻","物品","70","ノームトパーズ","掉落","玉藻","诺姆黄玉"
"731","玉藻","物品","242","もふもふしっぽ","掉落","玉藻","毛绒绒的尾巴"
"731","玉藻","物品","2954","陰陽術の大秘石","掉落","玉藻","阴阳术的大秘石"
"731","玉藻","物品","1384","玉藻のミルク","可偷牛奶","玉藻","玉藻的乳汁"
"732","ジュラエイビス","物品","271","天空の羽根","掉落","侏罗龙鸟","天空之羽"
"732","ジュラエイビス","物品","267","極竜の牙","掉落","侏罗龙鸟","极龙之牙"
"732","ジュラエイビス","防具","255","ドラゴンサークレット","掉落","侏罗龙鸟","龙之头环"
"732","ジュラエイビス","物品","3","究極薬草","可偷物品","侏罗龙鸟","究极药草"
"732","ジュラエイビス","防具","1495","炎のリング","可偷物品","侏罗龙鸟","炎之戒指"
"732","ジュラエイビス","物品","376","ハンバーグ","可偷食材","侏罗龙鸟","汉堡肉"
"732","ジュラエイビス","物品","247","覇竜の牙","可偷素材","侏罗龙鸟","霸龙的牙齿"
"732","ジュラエイビス","物品","1582","ジュラエイビスのミルク","可偷牛奶","侏罗龙鸟","侏罗龙鸟的乳汁"
"733","マルコシアス娘","物品","92","空の大秘石","掉落","马可西亚斯娘","空的大秘石"
"733","マルコシアス娘","物品","271","天空の羽根","掉落","马可西亚斯娘","天空之羽"
"733","マルコシアス娘","防具","1392","ブレスの極意書","掉落","马可西亚斯娘","吐息之极意书"
"733","マルコシアス娘","物品","3","究極薬草","可偷物品","马可西亚斯娘","究极药草"
"733","マルコシアス娘","防具","1023","ガントレット","可偷物品","马可西亚斯娘","金属护手"
"733","マルコシアス娘","物品","330","鳥足","可偷食材","马可西亚斯娘","鸟足"
"733","マルコシアス娘","物品","52","紅炎石","可偷素材","马可西亚斯娘","红炎石"
"733","マルコシアス娘","物品","1583","マルコシアス娘のミルク","可偷牛奶","马可西亚斯娘","马可西亚斯娘的乳汁"
"734","アルケオプテリクス","物品","12","世界樹の葉","掉落","阿尔凯奥普泰里克斯","世界树之叶"
"734","アルケオプテリクス","物品","271","天空の羽根","掉落","阿尔凯奥普泰里克斯","天空之羽"
"734","アルケオプテリクス","物品","2500","素早さの大秘石","掉落","阿尔凯奥普泰里克斯","敏捷的大秘石"
"734","アルケオプテリクス","物品","3","究極薬草","可偷物品","阿尔凯奥普泰里克斯","究极药草"
"734","アルケオプテリクス","防具","1254","風の極意書","可偷物品","阿尔凯奥普泰里克斯","风之极意书"
"734","アルケオプテリクス","物品","383","焼き魚","可偷食材","阿尔凯奥普泰里克斯","烤鱼"
"734","アルケオプテリクス","物品","227","輝く羽根","可偷素材","阿尔凯奥普泰里克斯","闪耀的羽毛"
"734","アルケオプテリクス","物品","1584","アルケオプテリクスのミルク","可偷牛奶","阿尔凯奥普泰里克斯","阿尔凯奥普泰里克斯的乳汁"
"735","クィーンハーピー","物品","30","素早さの種","掉落","哈比女王","敏捷之种"
"735","クィーンハーピー","物品","271","天空の羽根","掉落","哈比女王","天空之羽"
"735","クィーンハーピー","防具","1389","翼技の極意書","掉落","哈比女王","翼技之极意书"
"735","クィーンハーピー","物品","1382","クィーンハーピーのミルク","可偷牛奶","哈比女王","哈比女王的乳汁"
"736","ローキュバス","物品","22","万能薬","掉落","领主魅魔","万能药"
"736","ローキュバス","物品","266","絶美の尻尾","掉落","领主魅魔","绝美尾巴"
"736","ローキュバス","防具","617","ミラクルビスチェ","掉落","领主魅魔","奇迹比基尼"
"736","ローキュバス","物品","21","脱淫薬","可偷物品","领主魅魔","脱淫药"
"736","ローキュバス","防具","1201","快楽のシンボル","可偷物品","领主魅魔","快乐之符号"
"736","ローキュバス","物品","394","スパゲティ","可偷食材","领主魅魔","意大利面"
"736","ローキュバス","物品","222","艶めかしい尻尾","可偷素材","领主魅魔","艳丽的尾巴"
"736","ローキュバス","物品","1585","ローキュバスのミルク","可偷牛奶","领主魅魔","领主魅魔的乳汁"
"737","テスタロッサ","物品","266","絶美の尻尾","掉落","特斯塔罗飒","绝美尾巴"
"737","テスタロッサ","物品","92","空の大秘石","掉落","特斯塔罗飒","空的大秘石"
"737","テスタロッサ","武器","42","裁きのナイフ","掉落","特斯塔罗飒","裁决之小刀"
"737","テスタロッサ","物品","21","脱淫薬","可偷物品","特斯塔罗飒","脱淫药"
"737","テスタロッサ","防具","1201","快楽のシンボル","可偷物品","特斯塔罗飒","快乐之符号"
"737","テスタロッサ","物品","394","スパゲティ","可偷食材","特斯塔罗飒","意大利面"
"737","テスタロッサ","物品","222","艶めかしい尻尾","可偷素材","特斯塔罗飒","艳丽的尾巴"
"737","テスタロッサ","物品","1586","テスタロッサのミルク","可偷牛奶","特斯塔罗飒","特斯塔罗飒的乳汁"
"738","上級海賊マーメイド","物品","74","ウンディーネサファイア","掉落","高级海贼人鱼","温蒂妮蓝宝石"
"738","上級海賊マーメイド","物品","259","深海の鱗","掉落","高级海贼人鱼","深海之鳞"
"738","上級海賊マーメイド","武器","97","稲妻の剣","掉落","高级海贼人鱼","闪电之剑"
"738","上級海賊マーメイド","物品","2","高級薬草","可偷物品","高级海贼人鱼","高级药草"
"738","上級海賊マーメイド","防具","200","パイレーツメット","可偷物品","高级海贼人鱼","海贼头盔"
"738","上級海賊マーメイド","物品","327","エビ","可偷食材","高级海贼人鱼","虾"
"738","上級海賊マーメイド","物品","204","人魚の鱗","可偷素材","高级海贼人鱼","人鱼的鳞片"
"738","上級海賊マーメイド","物品","1587","上級海賊マーメイドのミルク","可偷牛奶","高级海贼人鱼","高级海贼人鱼的乳汁"
"739","グレイトマーマン","物品","259","深海の鱗","掉落","巨型人鱼","深海之鳞"
"739","グレイトマーマン","物品","29","精神の種","掉落","巨型人鱼","精神之种"
"739","グレイトマーマン","物品","74","ウンディーネサファイア","掉落","巨型人鱼","温蒂妮蓝宝石"
"739","グレイトマーマン","物品","3","究極薬草","可偷物品","巨型人鱼","究极药草"
"739","グレイトマーマン","防具","1672","人魚の悟り","可偷物品","巨型人鱼","人鱼的领悟"
"739","グレイトマーマン","物品","386","ローストチキン","可偷食材","巨型人鱼","烤鸡"
"739","グレイトマーマン","物品","234","神秘の鱗","可偷素材","巨型人鱼","神秘的鳞片"
"739","グレイトマーマン","物品","1588","グレイトマーマンのミルク","可偷牛奶","巨型人鱼","巨型人鱼的乳汁"
"740","ロザ","物品","29","精神の種","掉落","罗莎","精神之种"
"740","ロザ","物品","259","深海の鱗","掉落","罗莎","深海之鳞"
"740","ロザ","物品","2112","力の大秘石","掉落","罗莎","力量的大秘石"
"740","ロザ","物品","1380","ロザのミルク","可偷牛奶","罗莎","罗莎的乳汁"
"741","ロザ","物品","32","小さなメダル","掉落","罗莎","小奖章"
"741","ロザ","物品","259","深海の鱗","掉落","罗莎","深海之鳞"
"741","ロザ","防具","659","大海賊の帽子","掉落","罗莎","大海贼的帽子"
"741","ロザ","物品","1380","ロザのミルク","可偷牛奶","罗莎","罗莎的乳汁"
"742","ギガドライアド","物品","92","空の大秘石","掉落","千兆树精","空的大秘石"
"742","ギガドライアド","物品","262","神々しい花びら","掉落","千兆树精","神圣花瓣"
"742","ギガドライアド","物品","29","精神の種","掉落","千兆树精","精神之种"
"742","ギガドライアド","物品","22","万能薬","可偷物品","千兆树精","万能药"
"742","ギガドライアド","防具","1549","ポイズンガード","可偷物品","千兆树精","中毒防护"
"742","ギガドライアド","物品","380","野菜炒め","可偷食材","千兆树精","炒蔬菜"
"742","ギガドライアド","物品","232","艶めかしい花びら","可偷素材","千兆树精","艳丽的花瓣"
"742","ギガドライアド","物品","1589","ギガドライアドのミルク","可偷牛奶","千兆树精","千兆树精的乳汁"
"743","アンブロシア","物品","450","ちぃぱっぱ","掉落","安布罗西亚","叽啪啪"
"743","アンブロシア","物品","25","不思議な木の実","掉落","安布罗西亚","不可思议之果"
"743","アンブロシア","防具","1254","風の極意書","掉落","安布罗西亚","风之极意书"
"743","アンブロシア","防具","1842","シルフパンツ","可偷内裤","安布罗西亚","希尔芙内裤"
"743","アンブロシア","物品","1590","アンブロシアのミルク","可偷牛奶","安布罗西亚","安布罗西亚的乳汁"
"744","シヴァ","物品","281","最後の結晶","掉落","湿婆","最终之结晶"
"744","シヴァ","物品","284","シヴァの髪","掉落","湿婆","湿婆的头发"
"744","シヴァ","物品","31","器用さの種","掉落","湿婆","灵巧之种"
"744","シヴァ","物品","12","世界樹の葉","可偷物品","湿婆","世界树之叶"
"744","シヴァ","防具","1642","バトルマスターの悟り","可偷物品","湿婆","战斗大师的领悟"
"744","シヴァ","物品","362","特上おにぎり","可偷食材","湿婆","特级饭团"
"744","シヴァ","物品","81","輝晶黒闇石","可偷素材","湿婆","辉晶黑暗石"
"744","シヴァ","防具","1967","くのいちエルフのふんどし","可偷内裤","湿婆","女忍精灵的兜裆布"
"744","シヴァ","物品","1591","シヴァのミルク","可偷牛奶","湿婆","湿婆的乳汁"
"745","アルキュバス","物品","110","錬金砂","掉落","炼金魅魔","炼金砂"
"745","アルキュバス","物品","111","魔水銀","掉落","炼金魅魔","魔水银"
"745","アルキュバス","物品","266","絶美の尻尾","掉落","炼金魅魔","绝美尾巴"
"745","アルキュバス","物品","21","脱淫薬","可偷物品","炼金魅魔","脱淫药"
"745","アルキュバス","防具","1201","快楽のシンボル","可偷物品","炼金魅魔","快乐之符号"
"745","アルキュバス","物品","394","スパゲティ","可偷食材","炼金魅魔","意大利面"
"745","アルキュバス","物品","222","艶めかしい尻尾","可偷素材","炼金魅魔","艳丽的尾巴"
"745","アルキュバス","物品","1592","アルキュバスのミルク","可偷牛奶","炼金魅魔","炼金魅魔的乳汁"
"746","レスキュバス","物品","22","万能薬","掉落","丝带魅魔","万能药"
"746","レスキュバス","物品","266","絶美の尻尾","掉落","丝带魅魔","绝美尾巴"
"746","レスキュバス","物品","12","世界樹の葉","掉落","丝带魅魔","世界树之叶"
"746","レスキュバス","物品","21","脱淫薬","可偷物品","丝带魅魔","脱淫药"
"746","レスキュバス","防具","1201","快楽のシンボル","可偷物品","丝带魅魔","快乐之符号"
"746","レスキュバス","物品","394","スパゲティ","可偷食材","丝带魅魔","意大利面"
"746","レスキュバス","物品","222","艶めかしい尻尾","可偷素材","丝带魅魔","艳丽的尾巴"
"746","レスキュバス","物品","1593","レスキュバスのミルク","可偷牛奶","丝带魅魔","丝带魅魔的乳汁"
"747","グラナバス","物品","92","空の大秘石","掉落","熟女魅魔","空的大秘石"
"747","グラナバス","物品","266","絶美の尻尾","掉落","熟女魅魔","绝美尾巴"
"747","グラナバス","防具","825","サイ・エンパシー","掉落","熟女魅魔","心灵共感"
"747","グラナバス","物品","21","脱淫薬","可偷物品","熟女魅魔","脱淫药"
"747","グラナバス","防具","1201","快楽のシンボル","可偷物品","熟女魅魔","快乐之符号"
"747","グラナバス","物品","394","スパゲティ","可偷食材","熟女魅魔","意大利面"
"747","グラナバス","物品","222","艶めかしい尻尾","可偷素材","熟女魅魔","艳丽的尾巴"
"747","グラナバス","物品","1594","グラナバスのミルク","可偷牛奶","熟女魅魔","熟女魅魔的乳汁"
"748","クロム","物品","31","器用さの種","掉落","库洛姆","灵巧之种"
"748","クロム","物品","421","エクレア","掉落","库洛姆","闪电泡芙"
"748","クロム","物品","266","絶美の尻尾","掉落","库洛姆","绝美尾巴"
"748","クロム","防具","1837","クロムちゃんパンツ","可偷内裤","库洛姆","库洛姆酱内裤"
"748","クロム","物品","1083","クロムのミルク","可偷牛奶","库洛姆","库洛姆的乳汁"
"749","ユー","物品","28","魔力の種","掉落","优","魔力之种"
"749","ユー","物品","260","超力の結晶","掉落","优","超力结晶"
"749","ユー","物品","82","サタンクリスタル","掉落","优","撒旦水晶"
"749","ユー","物品","1595","ユーのミルク","可偷牛奶","优","优的乳汁"
"750","レイ","物品","29","精神の種","掉落","铃","精神之种"
"750","レイ","物品","22","万能薬","掉落","铃","万能药"
"750","レイ","物品","260","超力の結晶","掉落","铃","超力结晶"
"750","レイ","物品","1596","レイのミルク","可偷牛奶","铃","铃的乳汁"
"751","魅凪","物品","31","器用さの種","掉落","魅凪","灵巧之种"
"751","魅凪","物品","266","絶美の尻尾","掉落","魅凪","绝美尾巴"
"751","魅凪","物品","2386","格闘の大秘石","掉落","魅凪","格斗的大秘石"
"751","魅凪","物品","1597","魅凪のミルク","可偷牛奶","魅凪","魅凪的乳汁"
"752","アリスフィーズ10世","物品","27","守りの種","掉落","爱丽丝菲兹10世","守护之种"
"752","アリスフィーズ10世","物品","288","魔王人形のコア","掉落","爱丽丝菲兹10世","魔王人偶的核心"
"752","アリスフィーズ10世","物品","264","オズマ細胞","掉落","爱丽丝菲兹10世","奥兹玛细胞"
"752","アリスフィーズ10世","物品","1604","アリスフィーズ10世のミルク","可偷牛奶","爱丽丝菲兹10世","爱丽丝菲兹10世的乳汁"
"753","ハーゲンベック","物品","265","ナノ歯車","掉落","哈根贝克","纳米齿轮"
"753","ハーゲンベック","物品","3","究極薬草","掉落","哈根贝克","究极药草"
"753","ハーゲンベック","防具","270","ガイアのティアラ","掉落","哈根贝克","盖亚之冠饰"
"753","ハーゲンベック","物品","3","究極薬草","可偷物品","哈根贝克","究极药草"
"753","ハーゲンベック","防具","1221","魔獣破りの呪符","可偷物品","哈根贝克","魔兽破除符咒"
"753","ハーゲンベック","物品","329","肉","可偷食材","哈根贝克","肉"
"753","ハーゲンベック","物品","233","傀儡歯車","可偷素材","哈根贝克","傀儡齿轮"
"753","ハーゲンベック","防具","1904","クィーンフェアリーのパンツ","可偷内裤","哈根贝克","妖精女王的内裤"
"753","ハーゲンベック","物品","1608","ハーゲンベックのミルク","可偷牛奶","哈根贝克","哈根贝克的乳汁"
"754","ベック・ザ・ビースト","物品","244","覇獣の爪","掉落","野兽贝克","霸兽的爪子"
"754","ベック・ザ・ビースト","物品","265","ナノ歯車","掉落","野兽贝克","纳米齿轮"
"754","ベック・ザ・ビースト","物品","8","バーストドリンク","掉落","野兽贝克","爆发饮料"
"754","ベック・ザ・ビースト","物品","61","電光黄雷石","可偷物品","野兽贝克","电光黄雷石"
"754","ベック・ザ・ビースト","防具","1212","人破りの呪符","可偷物品","野兽贝克","破人之咒符"
"754","ベック・ザ・ビースト","物品","233","傀儡歯車","可偷素材","野兽贝克","傀儡齿轮"
"754","ベック・ザ・ビースト","物品","1609","ベック・ザ・ビーストのミルク","可偷牛奶","野兽贝克","野兽贝克的乳汁"
"755","サンタマリア","物品","256","恩寵の羽根","掉落","圣玛利亚","恩宠的羽毛"
"755","サンタマリア","物品","92","空の大秘石","掉落","圣玛利亚","空的大秘石"
"755","サンタマリア","物品","29","精神の種","掉落","圣玛利亚","精神之种"
"755","サンタマリア","物品","3","究極薬草","可偷物品","圣玛利亚","究极药草"
"755","サンタマリア","武器","494","プリズムスタッフ","可偷物品","圣玛利亚","棱镜杖"
"755","サンタマリア","物品","317","にんにく","可偷食材","圣玛利亚","大蒜"
"755","サンタマリア","物品","233","傀儡歯車","可偷素材","圣玛利亚","傀儡齿轮"
"755","サンタマリア","防具","1905","クィーンエルフのパンツ","可偷内裤","圣玛利亚","精灵女王的内裤"
"755","サンタマリア","物品","1610","サンタマリアのミルク","可偷牛奶","圣玛利亚","圣玛利亚的乳汁"
"756","セントメイデン","物品","265","ナノ歯車","掉落","圣少女","纳米齿轮"
"756","セントメイデン","物品","256","恩寵の羽根","掉落","圣少女","恩宠的羽毛"
"756","セントメイデン","防具","1034","アースロザリオ","掉落","圣少女","大地念珠"
"756","セントメイデン","物品","61","電光黄雷石","可偷物品","圣少女","电光黄雷石"
"756","セントメイデン","防具","1034","アースロザリオ","可偷物品","圣少女","大地念珠"
"756","セントメイデン","物品","233","傀儡歯車","可偷素材","圣少女","傀儡齿轮"
"756","セントメイデン","物品","1611","セントメイデンのミルク","可偷牛奶","圣少女","圣少女的乳汁"
"757","切り裂きエリス","物品","265","ナノ歯車","掉落","开膛手厄里斯","纳米齿轮"
"757","切り裂きエリス","物品","92","空の大秘石","掉落","开膛手厄里斯","空的大秘石"
"757","切り裂きエリス","武器","266","残心","掉落","开膛手厄里斯","残心"
"757","切り裂きエリス","物品","3","究極薬草","可偷物品","开膛手厄里斯","究极药草"
"757","切り裂きエリス","防具","1221","魔獣破りの呪符","可偷物品","开膛手厄里斯","魔兽破除符咒"
"757","切り裂きエリス","物品","329","肉","可偷食材","开膛手厄里斯","肉"
"757","切り裂きエリス","物品","233","傀儡歯車","可偷素材","开膛手厄里斯","傀儡齿轮"
"757","切り裂きエリス","防具","1904","クィーンフェアリーのパンツ","可偷内裤","开膛手厄里斯","妖精女王的内裤"
"757","切り裂きエリス","物品","1612","切り裂きエリスのミルク","可偷牛奶","开膛手厄里斯","开膛手厄里斯的乳汁"
"758","アリスフィーズ7世","物品","31","器用さの種","掉落","爱丽丝菲兹7世","灵巧之种"
"758","アリスフィーズ7世","物品","262","神々しい花びら","掉落","爱丽丝菲兹7世","神圣花瓣"
"758","アリスフィーズ7世","物品","3229","縛られない者の大秘石","掉落","爱丽丝菲兹7世","不拘者的大秘石"
"758","アリスフィーズ7世","物品","1602","アリスフィーズ7世のミルク","可偷牛奶","爱丽丝菲兹7世","爱丽丝菲兹7世的乳汁"
"759","シャウトマータ","物品","265","ナノ歯車","掉落","咆哮人偶","纳米齿轮"
"759","シャウトマータ","物品","62","プラズマトルマリン","掉落","咆哮人偶","等离子电气石"
"759","シャウトマータ","防具","1268","音波の秘伝書","掉落","咆哮人偶","音波之秘传书"
"759","シャウトマータ","物品","3","究極薬草","可偷物品","咆哮人偶","究极药草"
"759","シャウトマータ","防具","1221","魔獣破りの呪符","可偷物品","咆哮人偶","魔兽破除符咒"
"759","シャウトマータ","物品","329","肉","可偷食材","咆哮人偶","肉"
"759","シャウトマータ","物品","233","傀儡歯車","可偷素材","咆哮人偶","傀儡齿轮"
"759","シャウトマータ","防具","1904","クィーンフェアリーのパンツ","可偷内裤","咆哮人偶","妖精女王的内裤"
"759","シャウトマータ","物品","1613","シャウトマータのミルク","可偷牛奶","咆哮人偶","咆哮人偶的乳汁"
"760","ジャイアントセーラ","物品","8","バーストドリンク","掉落","巨人莎拉","爆发饮料"
"760","ジャイアントセーラ","物品","265","ナノ歯車","掉落","巨人莎拉","纳米齿轮"
"760","ジャイアントセーラ","防具","591","チャンピオンドレス","掉落","巨人莎拉","冠军礼服"
"760","ジャイアントセーラ","物品","8","バーストドリンク","可偷物品","巨人莎拉","爆发饮料"
"760","ジャイアントセーラ","防具","1236","巨人破りの呪符","可偷物品","巨人莎拉","巨人破除的咒符"
"760","ジャイアントセーラ","物品","423","プリン","可偷食材","巨人莎拉","布丁"
"760","ジャイアントセーラ","物品","233","傀儡歯車","可偷素材","巨人莎拉","傀儡齿轮"
"760","ジャイアントセーラ","防具","1906","コンキスタのパンツ","可偷内裤","巨人莎拉","征服者的内裤"
"760","ジャイアントセーラ","物品","1614","ジャイアントセーラのミルク","可偷牛奶","巨人莎拉","巨人莎拉的乳汁"
"761","アリスフィーズ11+12世","物品","31","器用さの種","掉落","爱丽丝菲兹11+12世","灵巧之种"
"761","アリスフィーズ11+12世","物品","265","ナノ歯車","掉落","爱丽丝菲兹11+12世","纳米齿轮"
"761","アリスフィーズ11+12世","物品","2683","踊りの大秘石","掉落","爱丽丝菲兹11+12世","舞蹈的大秘石"
"761","アリスフィーズ11+12世","物品","1605","アリスフィーズ11+12世のミルク","可偷牛奶","爱丽丝菲兹11+12世","爱丽丝菲兹11+12世的乳汁"
"762","パイズリ人形Mk.II","物品","265","ナノ歯車","掉落","パイズリ人形Mk.II","纳米齿轮"
"762","パイズリ人形Mk.II","物品","92","空の大秘石","掉落","パイズリ人形Mk.II","空的大秘石"
"762","パイズリ人形Mk.II","物品","31","器用さの種","掉落","パイズリ人形Mk.II","灵巧之种"
"762","パイズリ人形Mk.II","物品","3","究極薬草","可偷物品","パイズリ人形Mk.II","究极药草"
"762","パイズリ人形Mk.II","防具","1221","魔獣破りの呪符","可偷物品","パイズリ人形Mk.II","魔兽破除符咒"
"762","パイズリ人形Mk.II","物品","329","肉","可偷食材","パイズリ人形Mk.II","肉"
"762","パイズリ人形Mk.II","物品","233","傀儡歯車","可偷素材","パイズリ人形Mk.II","傀儡齿轮"
"762","パイズリ人形Mk.II","防具","1904","クィーンフェアリーのパンツ","可偷内裤","パイズリ人形Mk.II","妖精女王的内裤"
"762","パイズリ人形Mk.II","物品","1615","パイズリ人形Mk.2のミルク","可偷牛奶","パイズリ人形Mk.II","パイズリ人形Mk.2のミルク"
"763","ラブマータ","物品","265","ナノ歯車","掉落","爱情人偶","纳米齿轮"
"763","ラブマータ","物品","21","脱淫薬","掉落","爱情人偶","脱淫药"
"763","ラブマータ","物品","2728","淫技の大秘石","掉落","爱情人偶","淫技的大秘石"
"763","ラブマータ","物品","3","究極薬草","可偷物品","爱情人偶","究极药草"
"763","ラブマータ","防具","1221","魔獣破りの呪符","可偷物品","爱情人偶","魔兽破除符咒"
"763","ラブマータ","物品","329","肉","可偷食材","爱情人偶","肉"
"763","ラブマータ","物品","233","傀儡歯車","可偷素材","爱情人偶","傀儡齿轮"
"763","ラブマータ","防具","1904","クィーンフェアリーのパンツ","可偷内裤","爱情人偶","妖精女王的内裤"
"763","ラブマータ","物品","1616","ラブマータのミルク","可偷牛奶","爱情人偶","爱情人偶的乳汁"
"764","アリスフィーズ9世","物品","288","魔王人形のコア","掉落","爱丽丝菲兹9世","魔王人偶的核心"
"764","アリスフィーズ9世","物品","270","億蛇の蛇尾","掉落","爱丽丝菲兹9世","亿蛇尾巴"
"764","アリスフィーズ9世","物品","2331","槍技の大秘石","掉落","爱丽丝菲兹9世","枪技的大秘石"
"764","アリスフィーズ9世","物品","1603","アリスフィーズ9世のミルク","可偷牛奶","爱丽丝菲兹9世","爱丽丝菲兹9世的乳汁"
"765","ブラヴァツキー","物品","22","万能薬","掉落","布拉瓦茨基","万能药"
"765","ブラヴァツキー","物品","265","ナノ歯車","掉落","布拉瓦茨基","纳米齿轮"
"765","ブラヴァツキー","武器","836","死神のカード","掉落","布拉瓦茨基","死神卡牌"
"765","ブラヴァツキー","物品","22","万能薬","可偷物品","布拉瓦茨基","万能药"
"765","ブラヴァツキー","防具","1232","ゴースト破りの呪符","可偷物品","布拉瓦茨基","幽灵破咒符"
"765","ブラヴァツキー","物品","391","トマトスープ","可偷食材","布拉瓦茨基","番茄汤"
"765","ブラヴァツキー","物品","233","傀儡歯車","可偷素材","布拉瓦茨基","傀儡齿轮"
"765","ブラヴァツキー","防具","1907","ヴェンデッタのパンツ","可偷内裤","布拉瓦茨基","仇杀者的内裤"
"765","ブラヴァツキー","物品","1617","ブラヴァツキーのミルク","可偷牛奶","布拉瓦茨基","布拉瓦茨基的乳汁"
"766","アリスフィーズ6世","物品","288","魔王人形のコア","掉落","爱丽丝菲兹6世","魔王人偶的核心"
"766","アリスフィーズ6世","物品","265","ナノ歯車","掉落","爱丽丝菲兹6世","纳米齿轮"
"766","アリスフィーズ6世","物品","2326","刀技の大秘石","掉落","爱丽丝菲兹6世","刀技的大秘石"
"766","アリスフィーズ6世","物品","1601","アリスフィーズ6世のミルク","可偷牛奶","爱丽丝菲兹6世","爱丽丝菲兹6世的乳汁"
"767","決戦人型兵器アグニ","物品","265","ナノ歯車","掉落","决战人型兵器阿耆尼","纳米齿轮"
"767","決戦人型兵器アグニ","防具","842","試作型ビームシールド","掉落","决战人型兵器阿耆尼","试作型光束盾"
"767","決戦人型兵器アグニ","防具","626","メカニックビキニ","掉落","决战人型兵器阿耆尼","机械比基尼"
"767","決戦人型兵器アグニ","物品","3","究極薬草","可偷物品","决战人型兵器阿耆尼","究极药草"
"767","決戦人型兵器アグニ","防具","1221","魔獣破りの呪符","可偷物品","决战人型兵器阿耆尼","魔兽破除符咒"
"767","決戦人型兵器アグニ","物品","329","肉","可偷食材","决战人型兵器阿耆尼","肉"
"767","決戦人型兵器アグニ","物品","233","傀儡歯車","可偷素材","决战人型兵器阿耆尼","傀儡齿轮"
"767","決戦人型兵器アグニ","防具","1904","クィーンフェアリーのパンツ","可偷内裤","决战人型兵器阿耆尼","妖精女王的内裤"
"767","決戦人型兵器アグニ","物品","1618","決戦人型兵器アグニのミルク","可偷牛奶","决战人型兵器阿耆尼","决战人型兵器阿耆尼的乳汁"
"768","快楽人形・雅姫","物品","265","ナノ歯車","掉落","快乐人偶・雅姬","纳米齿轮"
"768","快楽人形・雅姫","武器","887","快楽秘本","掉落","快乐人偶・雅姬","快乐秘本"
"768","快楽人形・雅姫","物品","31","器用さの種","掉落","快乐人偶・雅姬","灵巧之种"
"768","快楽人形・雅姫","物品","3","究極薬草","可偷物品","快乐人偶・雅姬","究极药草"
"768","快楽人形・雅姫","防具","1221","魔獣破りの呪符","可偷物品","快乐人偶・雅姬","魔兽破除符咒"
"768","快楽人形・雅姫","物品","329","肉","可偷食材","快乐人偶・雅姬","肉"
"768","快楽人形・雅姫","物品","233","傀儡歯車","可偷素材","快乐人偶・雅姬","傀儡齿轮"
"768","快楽人形・雅姫","防具","1904","クィーンフェアリーのパンツ","可偷内裤","快乐人偶・雅姬","妖精女王的内裤"
"768","快楽人形・雅姫","物品","1619","快楽人形・雅姫のミルク","可偷牛奶","快乐人偶・雅姬","快乐人偶・雅姬的乳汁"
"769","影紬","物品","31","器用さの種","掉落","影紬","灵巧之种"
"769","影紬","物品","278","最終歯車","掉落","影紬","最终齿轮"
"769","影紬","防具","1045","神業の首飾り","掉落","影紬","神技项链"
"769","影紬","防具","1908","カーミラのパンツ","可偷内裤","影紬","卡米拉的内裤"
"769","影紬","物品","1620","影紬のミルク","可偷牛奶","影紬","影䌷的乳汁"
"770","黄泉蜘蛛","物品","26","力の種","掉落","黄泉蜘蛛","力量之种"
"770","黄泉蜘蛛","物品","35","導きの糸","掉落","黄泉蜘蛛","引导之线"
"770","黄泉蜘蛛","物品","265","ナノ歯車","掉落","黄泉蜘蛛","纳米齿轮"
"770","黄泉蜘蛛","物品","1621","黄泉蜘蛛のミルク","可偷牛奶","黄泉蜘蛛","黄泉蜘蛛的乳汁"
"771","魁狐々","物品","28","魔力の種","掉落","魁狐狐","魔力之种"
"771","魁狐々","物品","242","もふもふしっぽ","掉落","魁狐狐","毛绒绒的尾巴"
"771","魁狐々","物品","265","ナノ歯車","掉落","魁狐狐","纳米齿轮"
"771","魁狐々","物品","1622","魁狐々のミルク","可偷牛奶","魁狐狐","魁狐狐的乳汁"
"772","蘭天狗","物品","30","素早さの種","掉落","兰天狗","敏捷之种"
"772","蘭天狗","物品","265","ナノ歯車","掉落","兰天狗","纳米齿轮"
"772","蘭天狗","物品","271","天空の羽根","掉落","兰天狗","天空之羽"
"772","蘭天狗","物品","1623","蘭天狗のミルク","可偷牛奶","兰天狗","兰天狗的乳汁"
"773","ナンキュバス","物品","8","バーストドリンク","掉落","玉女魅魔","爆发饮料"
"773","ナンキュバス","物品","266","絶美の尻尾","掉落","玉女魅魔","绝美尾巴"
"773","ナンキュバス","物品","31","器用さの種","掉落","玉女魅魔","灵巧之种"
"773","ナンキュバス","物品","8","バーストドリンク","可偷物品","玉女魅魔","爆发饮料"
"773","ナンキュバス","防具","1083","達人の黒帯","可偷物品","玉女魅魔","达人的黑带"
"773","ナンキュバス","物品","358","ハンバーガー","可偷食材","玉女魅魔","汉堡"
"773","ナンキュバス","物品","222","艶めかしい尻尾","可偷素材","玉女魅魔","艳丽的尾巴"
"773","ナンキュバス","防具","1924","ソニアパンツ","可偷内裤","玉女魅魔","索尼娅的内裤"
"773","ナンキュバス","物品","1625","ナンキュバスのミルク","可偷牛奶","玉女魅魔","玉女魅魔的乳汁"
"774","パビルサグ","物品","92","空の大秘石","掉落","帕皮尔萨格","空的大秘石"
"774","パビルサグ","武器","372","バイオニックアクス","掉落","帕皮尔萨格","生化斧"
"774","パビルサグ","物品","269","終蟲の甲殻","掉落","帕皮尔萨格","终虫甲壳"
"774","パビルサグ","物品","3","究極薬草","可偷物品","帕皮尔萨格","究极药草"
"774","パビルサグ","防具","1414","即死の秘印","可偷物品","帕皮尔萨格","即死之秘印"
"774","パビルサグ","物品","378","すきやき","可偷食材","帕皮尔萨格","寿喜烧"
"774","パビルサグ","物品","246","覇虫の針","可偷素材","帕皮尔萨格","霸虫的针"
"774","パビルサグ","物品","1626","パビルサグのミルク","可偷牛奶","帕皮尔萨格","帕皮尔萨格的乳汁"
"775","マンイーター","物品","255","昂ぶる触手","掉落","食人者","昂扬的触手"
"775","マンイーター","物品","417","ケーキ","掉落","食人者","蛋糕"
"775","マンイーター","物品","382","フルーツサラダ","掉落","食人者","水果沙拉"
"775","マンイーター","物品","4","霊薬","可偷物品","食人者","灵药"
"775","マンイーター","防具","1008","スターオーブ","可偷物品","食人者","星之宝珠"
"775","マンイーター","物品","417","ケーキ","可偷食材","食人者","蛋糕"
"775","マンイーター","物品","208","マジカルエキス","可偷素材","食人者","魔法精华"
"775","マンイーター","物品","1627","マンイーターのミルク","可偷牛奶","食人者","食人者的乳汁"
"776","古代竜","物品","267","極竜の牙","掉落","古代龙","极龙之牙"
"776","古代竜","物品","270","億蛇の蛇尾","掉落","古代龙","亿蛇尾巴"
"776","古代竜","武器","4657","太陽の扇","掉落","古代龙","太阳的扇"
"776","古代竜","物品","3","究極薬草","可偷物品","古代龙","究极药草"
"776","古代竜","防具","1391","ブレスの秘伝書","可偷物品","古代龙","吐息之秘传书"
"776","古代竜","物品","329","肉","可偷食材","古代龙","肉"
"776","古代竜","物品","237","真竜の牙","可偷素材","古代龙","真龙的牙齿"
"776","古代竜","物品","1628","古代竜のミルク","可偷牛奶","古代龙","古代龙的乳汁"
"777","クィーンエヴァ","物品","266","絶美の尻尾","掉落","女王伊娃","绝美尾巴"
"777","クィーンエヴァ","物品","32","小さなメダル","掉落","女王伊娃","小奖章"
"777","クィーンエヴァ","物品","4146","奢りし者の秘石","掉落","女王伊娃","奢靡者的秘石"
"777","クィーンエヴァ","防具","1844","エヴァパンツ","可偷内裤","女王伊娃","伊娃内裤"
"777","クィーンエヴァ","物品","1553","クィーンエヴァのミルク","可偷牛奶","女王伊娃","女王伊娃的乳汁"
"778","ロア","物品","69","土流橙土石","掉落","洛阿","土流橙土石"
"778","ロア","物品","27","守りの種","掉落","洛阿","守护之种"
"778","ロア","防具","1257","土の極意書","掉落","洛阿","土之极意书"
"778","ロア","防具","1858","絵画のパンツ","可偷内裤","洛阿","绘画的内裤"
"778","ロア","物品","1629","ロアのミルク","可偷牛奶","洛阿","洛阿的乳汁"
"779","蛭蟲分裂体","物品","255","昂ぶる触手","掉落","蛭虫分裂体","昂扬的触手"
"779","蛭蟲分裂体","物品","282","蛭蟲細胞","掉落","蛭虫分裂体","蛭虫细胞"
"779","蛭蟲分裂体","物品","24","命の木の実","掉落","蛭虫分裂体","生命之果"
"780","メフィスト","物品","281","最後の結晶","掉落","梅菲斯特","最终之结晶"
"780","メフィスト","物品","270","億蛇の蛇尾","掉落","梅菲斯特","亿蛇尾巴"
"780","メフィスト","物品","3015","魔法会心の大秘石","掉落","梅菲斯特","魔法会心的大秘石"
"780","メフィスト","防具","1869","ミズタウロスパンツ","可偷内裤","梅菲斯特","米诺陶洛斯女士内裤"
"780","メフィスト","物品","1203","メフィストのミルク","可偷牛奶","梅菲斯特","梅菲斯特的乳汁"
"781","魔列車","物品","8","バーストドリンク","掉落","魔列车","爆发饮料"
"781","魔列車","物品","265","ナノ歯車","掉落","魔列车","纳米齿轮"
"781","魔列車","物品","4187","銀河強化の大秘石","掉落","魔列车","银河强化的大秘石"
"781","魔列車","物品","8","バーストドリンク","可偷物品","魔列车","爆发饮料"
"781","魔列車","防具","1435","睡眠の秘印","可偷物品","魔列车","睡眠之秘印"
"781","魔列車","物品","253","カオストロン","可偷素材","魔列车","混沌之核"
"781","魔列車","物品","1630","魔列車のミルク","可偷牛奶","魔列车","魔列车的乳汁"
"782","ハイバフォメット","物品","281","最後の結晶","掉落","高阶巴风特","最终之结晶"
"782","ハイバフォメット","物品","92","空の大秘石","掉落","高阶巴风特","空的大秘石"
"782","ハイバフォメット","武器","183","クラウ・ソラス","掉落","高阶巴风特","克拉乌・索拉斯"
"782","ハイバフォメット","物品","5","エルフの霊薬","可偷物品","高阶巴风特","精灵的灵药"
"782","ハイバフォメット","防具","1091","因果の手甲","可偷物品","高阶巴风特","因果的手甲"
"782","ハイバフォメット","物品","316","タマネギ","可偷食材","高阶巴风特","洋葱"
"782","ハイバフォメット","物品","215","鬼の角","可偷素材","高阶巴风特","鬼之角"
"782","ハイバフォメット","物品","1631","ハイバフォメットのミルク","可偷牛奶","高阶巴风特","高阶巴风特的乳汁"
"783","ローグエルフ","物品","5","エルフの霊薬","掉落","叛逆精灵","精灵的灵药"
"783","ローグエルフ","物品","435","アメ玉","掉落","叛逆精灵","糖球"
"783","ローグエルフ","武器","4131","エルフの宝剣","掉落","叛逆精灵","精灵的宝剑"
"783","ローグエルフ","物品","8","バーストドリンク","可偷物品","叛逆精灵","爆发饮料"
"783","ローグエルフ","防具","1710","エルフの魔晶石","可偷物品","叛逆精灵","精灵的魔晶石"
"783","ローグエルフ","物品","319","じゃがいも","可偷食材","叛逆精灵","土豆"
"783","ローグエルフ","物品","230","涙の魔石","可偷素材","叛逆精灵","泪的魔石"
"783","ローグエルフ","防具","1899","妖鬼のふんどし","可偷内裤","叛逆精灵","妖鬼的兜裆布"
"783","ローグエルフ","物品","1632","ローグエルフのミルク","可偷牛奶","叛逆精灵","叛逆精灵的乳汁"
"784","蛭蟲","物品","9","エリクサー","掉落","蛭虫","圣灵药"
"784","蛭蟲","物品","282","蛭蟲細胞","掉落","蛭虫","蛭虫细胞"
"784","蛭蟲","物品","3470","触手技の大秘石","掉落","蛭虫","触手技的大秘石"
"784","蛭蟲","物品","1633","蛭蟲のミルク","可偷牛奶","蛭虫","蛭虫的乳汁"
"785","量産型魔王人形III型","物品","288","魔王人形のコア","掉落","量产型魔王人偶III型","魔王人偶的核心"
"785","量産型魔王人形III型","物品","278","最終歯車","掉落","量产型魔王人偶III型","最终齿轮"
"785","量産型魔王人形III型","防具","712","魔王の兜","掉落","量产型魔王人偶III型","魔王之盔"
"785","量産型魔王人形III型","物品","1598","アリスフィーズ3世のミルク","可偷牛奶","量产型魔王人偶III型","爱丽丝菲兹3世的乳汁"
"786","量産型魔王人形IV型","物品","288","魔王人形のコア","掉落","量产型魔王人偶IV型","魔王人偶的核心"
"786","量産型魔王人形IV型","物品","269","終蟲の甲殻","掉落","量产型魔王人偶IV型","终虫甲壳"
"786","量産型魔王人形IV型","物品","3409","時魔法で惑わす者の大秘石","掉落","量产型魔王人偶IV型","时魔法迷惑者的大秘石"
"786","量産型魔王人形IV型","物品","1599","アリスフィーズ4世のミルク","可偷牛奶","量产型魔王人偶IV型","爱丽丝菲兹4世的乳汁"
"787","量産型魔王人形V型","物品","288","魔王人形のコア","掉落","量产型魔王人偶V型","魔王人偶的核心"
"787","量産型魔王人形V型","物品","275","最後の竜牙","掉落","量产型魔王人偶V型","最终之龙牙"
"787","量産型魔王人形V型","防具","627","ガイアレオタード","掉落","量产型魔王人偶V型","盖亚紧身衣"
"787","量産型魔王人形V型","物品","1600","アリスフィーズ5世のミルク","可偷牛奶","量产型魔王人偶V型","爱丽丝菲兹5世的乳汁"
"788","量産型魔王人形VI型","物品","288","魔王人形のコア","掉落","量产型魔王人偶VI型","魔王人偶的核心"
"788","量産型魔王人形VI型","物品","278","最終歯車","掉落","量产型魔王人偶VI型","最终齿轮"
"788","量産型魔王人形VI型","防具","872","失われし魔王の盾","掉落","量产型魔王人偶VI型","失落的魔王之盾"
"788","量産型魔王人形VI型","物品","1601","アリスフィーズ6世のミルク","可偷牛奶","量产型魔王人偶VI型","爱丽丝菲兹6世的乳汁"
"789","量産型魔王人形VII型","物品","288","魔王人形のコア","掉落","量产型魔王人偶VII型","魔王人偶的核心"
"789","量産型魔王人形VII型","物品","262","神々しい花びら","掉落","量产型魔王人偶VII型","神圣花瓣"
"789","量産型魔王人形VII型","武器","618","禁鞭","掉落","量产型魔王人偶VII型","禁鞭"
"789","量産型魔王人形VII型","物品","1602","アリスフィーズ7世のミルク","可偷牛奶","量产型魔王人偶VII型","爱丽丝菲兹7世的乳汁"
"790","量産型魔王人形IX型","物品","288","魔王人形のコア","掉落","量产型魔王人偶IX型","魔王人偶的核心"
"790","量産型魔王人形IX型","物品","270","億蛇の蛇尾","掉落","量产型魔王人偶IX型","亿蛇尾巴"
"790","量産型魔王人形IX型","防具","99","蛇帝衣ラミアンティーヌ","掉落","量产型魔王人偶IX型","蛇帝衣拉米亚提努"
"790","量産型魔王人形IX型","物品","1603","アリスフィーズ9世のミルク","可偷牛奶","量产型魔王人偶IX型","爱丽丝菲兹9世的乳汁"
"791","量産型魔王人形X型","物品","288","魔王人形のコア","掉落","量产型魔王人偶X型","魔王人偶的核心"
"791","量産型魔王人形X型","物品","269","終蟲の甲殻","掉落","量产型魔王人偶X型","终虫甲壳"
"791","量産型魔王人形X型","防具","1395","虫技の極意書","掉落","量产型魔王人偶X型","虫技之极意书"
"791","量産型魔王人形X型","物品","1604","アリスフィーズ10世のミルク","可偷牛奶","量产型魔王人偶X型","爱丽丝菲兹10世的乳汁"
"792","量産型魔王人形XI＋XII型","物品","288","魔王人形のコア","掉落","量产型魔王人偶XI＋XII型","魔王人偶的核心"
"792","量産型魔王人形XI＋XII型","物品","278","最終歯車","掉落","量产型魔王人偶XI＋XII型","最终齿轮"
"792","量産型魔王人形XI＋XII型","武器","717","魔王の鉄球","掉落","量产型魔王人偶XI＋XII型","魔王铁球"
"792","量産型魔王人形XI＋XII型","物品","1605","アリスフィーズ11+12世のミルク","可偷牛奶","量产型魔王人偶XI＋XII型","爱丽丝菲兹11+12世的乳汁"
"793","量産型魔王人形XIII型","物品","288","魔王人形のコア","掉落","量产型魔王人偶XIII型","魔王人偶的核心"
"793","量産型魔王人形XIII型","物品","262","神々しい花びら","掉落","量产型魔王人偶XIII型","神圣花瓣"
"793","量産型魔王人形XIII型","防具","1398","植物技の極意書","掉落","量产型魔王人偶XIII型","植物技之极意书"
"793","量産型魔王人形XIII型","物品","1606","アリスフィーズ13世のミルク","可偷牛奶","量产型魔王人偶XIII型","爱丽丝菲兹13世的乳汁"
"794","量産型魔王人形XIV型","物品","288","魔王人形のコア","掉落","量产型魔王人偶XIV型","魔王人偶的核心"
"794","量産型魔王人形XIV型","物品","270","億蛇の蛇尾","掉落","量产型魔王人偶XIV型","亿蛇尾巴"
"794","量産型魔王人形XIV型","防具","1383","蛇技の極意書","掉落","量产型魔王人偶XIV型","蛇技之极意书"
"794","量産型魔王人形XIV型","物品","1607","アリスフィーズ14世のミルク","可偷牛奶","量产型魔王人偶XIV型","爱丽丝菲兹14世的乳汁"
"795","影紬","物品","31","器用さの種","掉落","影紬","灵巧之种"
"795","影紬","物品","278","最終歯車","掉落","影紬","最终齿轮"
"795","影紬","防具","1275","種族特攻の極意書","掉落","影紬","种族特攻之极意书"
"795","影紬","防具","1908","カーミラのパンツ","可偷内裤","影紬","卡米拉的内裤"
"795","影紬","物品","1620","影紬のミルク","可偷牛奶","影紬","影䌷的乳汁"
"796","マガツカルラ","物品","26","力の種","掉落","祸津迦楼罗","力量之种"
"796","マガツカルラ","物品","288","魔王人形のコア","掉落","祸津迦楼罗","魔王人偶的核心"
"796","マガツカルラ","防具","1380","獣技の極意書","掉落","祸津迦楼罗","兽技之极意书"
"796","マガツカルラ","防具","1908","カーミラのパンツ","可偷内裤","祸津迦楼罗","卡米拉的内裤"
"796","マガツカルラ","物品","1634","マガツカルラのミルク","可偷牛奶","祸津迦楼罗","祸津迦楼罗的乳汁"
"797","黒のアリス","物品","24","命の木の実","掉落","黑之爱丽丝","生命之果"
"797","黒のアリス","物品","272","黒のアリス細胞","掉落","黑之爱丽丝","黑之爱丽丝细胞"
"797","黒のアリス","防具","1078","漆黒の指輪","掉落","黑之爱丽丝","漆黑之戒"
"797","黒のアリス","物品","1624","混沌のアリスのミルク","可偷牛奶","黑之爱丽丝","混沌的爱丽丝的乳汁"
"798","白兎・虚","物品","283","カオスニウム","掉落","白兔・虚","混沌结晶"
"798","白兎・虚","物品","66","シルフエメラルド","掉落","白兔・虚","希尔芙翡翠"
"798","白兎・虚","物品","26","力の種","掉落","白兔・虚","力量之种"
"798","白兎・虚","物品","9","エリクサー","可偷物品","白兔・虚","圣灵药"
"798","白兎・虚","物品","25","不思議な木の実","可偷物品","白兔・虚","不可思议之果"
"798","白兎・虚","物品","412","うさぎもち","可偷食材","白兔・虚","兔子年糕"
"798","白兎・虚","物品","262","神々しい花びら","可偷素材","白兔・虚","神圣花瓣"
"798","白兎・虚","防具","1974","エルダーサキュバスのパンツ","可偷内裤","白兔・虚","长老魅魔的内裤"
"799","白兎・妄","物品","283","カオスニウム","掉落","白兔・妄","混沌结晶"
"799","白兎・妄","物品","70","ノームトパーズ","掉落","白兔・妄","诺姆黄玉"
"799","白兎・妄","物品","27","守りの種","掉落","白兔・妄","守护之种"
"799","白兎・妄","物品","9","エリクサー","可偷物品","白兔・妄","圣灵药"
"799","白兎・妄","物品","25","不思議な木の実","可偷物品","白兔・妄","不可思议之果"
"799","白兎・妄","物品","412","うさぎもち","可偷食材","白兔・妄","兔子年糕"
"799","白兎・妄","物品","262","神々しい花びら","可偷素材","白兔・妄","神圣花瓣"
"799","白兎・妄","防具","1974","エルダーサキュバスのパンツ","可偷内裤","白兔・妄","长老魅魔的内裤"
"800","白兎・沌","物品","283","カオスニウム","掉落","白兔・混沌","混沌结晶"
"800","白兎・沌","物品","74","ウンディーネサファイア","掉落","白兔・混沌","温蒂妮蓝宝石"
"800","白兎・沌","物品","30","素早さの種","掉落","白兔・混沌","敏捷之种"
"800","白兎・沌","物品","9","エリクサー","可偷物品","白兔・混沌","圣灵药"
"800","白兎・沌","物品","25","不思議な木の実","可偷物品","白兔・混沌","不可思议之果"
"800","白兎・沌","物品","412","うさぎもち","可偷食材","白兔・混沌","兔子年糕"
"800","白兎・沌","物品","262","神々しい花びら","可偷素材","白兔・混沌","神圣花瓣"
"800","白兎・沌","防具","1974","エルダーサキュバスのパンツ","可偷内裤","白兔・混沌","长老魅魔的内裤"
"801","死神・虚","物品","283","カオスニウム","掉落","死神・虚","混沌结晶"
"801","死神・虚","物品","54","サラマンダールビー","掉落","死神・虚","萨拉曼达红宝石"
"801","死神・虚","物品","28","魔力の種","掉落","死神・虚","魔力之种"
"801","死神・虚","物品","9","エリクサー","可偷物品","死神・虚","圣灵药"
"801","死神・虚","物品","24","命の木の実","可偷物品","死神・虚","生命之果"
"801","死神・虚","物品","444","ドクロ","可偷食材","死神・虚","骷髅"
"801","死神・虚","物品","273","ハインリヒ細胞","可偷素材","死神・虚","海因里希细胞"
"801","死神・虚","防具","1973","八尾のふんどし","可偷内裤","死神・虚","八尾的兜裆布"
"802","死神・妄","物品","283","カオスニウム","掉落","死神・妄","混沌结晶"
"802","死神・妄","物品","58","フロストアメジスト","掉落","死神・妄","霜冻紫水晶"
"802","死神・妄","物品","29","精神の種","掉落","死神・妄","精神之种"
"802","死神・妄","物品","9","エリクサー","可偷物品","死神・妄","圣灵药"
"802","死神・妄","物品","24","命の木の実","可偷物品","死神・妄","生命之果"
"802","死神・妄","物品","444","ドクロ","可偷食材","死神・妄","骷髅"
"802","死神・妄","物品","273","ハインリヒ細胞","可偷素材","死神・妄","海因里希细胞"
"802","死神・妄","防具","1973","八尾のふんどし","可偷内裤","死神・妄","八尾的兜裆布"
"803","死神・沌","物品","283","カオスニウム","掉落","死神・混沌","混沌结晶"
"803","死神・沌","物品","62","プラズマトルマリン","掉落","死神・混沌","等离子电气石"
"803","死神・沌","物品","31","器用さの種","掉落","死神・混沌","灵巧之种"
"803","死神・沌","物品","9","エリクサー","可偷物品","死神・混沌","圣灵药"
"803","死神・沌","物品","24","命の木の実","可偷物品","死神・混沌","生命之果"
"803","死神・沌","物品","444","ドクロ","可偷食材","死神・混沌","骷髅"
"803","死神・沌","物品","273","ハインリヒ細胞","可偷素材","死神・混沌","海因里希细胞"
"803","死神・沌","防具","1973","八尾のふんどし","可偷内裤","死神・混沌","八尾的兜裆布"
"804","死兎","物品","283","カオスニウム","掉落","死兔","混沌结晶"
"804","死兎","物品","78","エンジェルダイヤモンド","掉落","死兔","天使钻石"
"804","死兎","物品","82","サタンクリスタル","掉落","死兔","撒旦水晶"
"804","死兎","物品","9","エリクサー","可偷物品","死兔","圣灵药"
"804","死兎","物品","24","命の木の実","可偷物品","死兔","生命之果"
"804","死兎","物品","444","ドクロ","可偷食材","死兔","骷髅"
"804","死兎","物品","273","ハインリヒ細胞","可偷素材","死兔","海因里希细胞"
"804","死兎","防具","1973","八尾のふんどし","可偷内裤","死兔","八尾的兜裆布"
"805","ソニアヴィジョン","物品","283","カオスニウム","掉落","索尼娅幻象","混沌结晶"
"805","ソニアヴィジョン","物品","32","小さなメダル","掉落","索尼娅幻象","小奖章"
"805","ソニアヴィジョン","武器","4417","記憶の棍棒","掉落","索尼娅幻象","记忆的棍棒"
"805","ソニアヴィジョン","物品","9","エリクサー","可偷物品","索尼娅幻象","圣灵药"
"805","ソニアヴィジョン","物品","24","命の木の実","可偷物品","索尼娅幻象","生命之果"
"805","ソニアヴィジョン","物品","444","ドクロ","可偷食材","索尼娅幻象","骷髅"
"805","ソニアヴィジョン","物品","273","ハインリヒ細胞","可偷素材","索尼娅幻象","海因里希细胞"
"805","ソニアヴィジョン","防具","1973","八尾のふんどし","可偷内裤","索尼娅幻象","八尾的兜裆布"
"806","プロトソニア","物品","283","カオスニウム","掉落","原型索尼娅","混沌结晶"
"806","プロトソニア","物品","24","命の木の実","掉落","原型索尼娅","生命之果"
"806","プロトソニア","物品","25","不思議な木の実","掉落","原型索尼娅","不可思议之果"
"806","プロトソニア","物品","9","エリクサー","可偷物品","原型索尼娅","圣灵药"
"806","プロトソニア","物品","24","命の木の実","可偷物品","原型索尼娅","生命之果"
"806","プロトソニア","物品","444","ドクロ","可偷食材","原型索尼娅","骷髅"
"806","プロトソニア","物品","273","ハインリヒ細胞","可偷素材","原型索尼娅","海因里希细胞"
"806","プロトソニア","防具","1973","八尾のふんどし","可偷内裤","原型索尼娅","八尾的兜裆布"
"807","ガーゴイル娘","物品","281","最後の結晶","掉落","石像鬼娘","最终之结晶"
"807","ガーゴイル娘","物品","92","空の大秘石","掉落","石像鬼娘","空的大秘石"
"807","ガーゴイル娘","物品","82","サタンクリスタル","掉落","石像鬼娘","撒旦水晶"
"807","ガーゴイル娘","物品","22","万能薬","可偷物品","石像鬼娘","万能药"
"807","ガーゴイル娘","防具","1462","石化の秘印","可偷物品","石像鬼娘","石化之秘印"
"807","ガーゴイル娘","物品","385","焼き鳥","可偷食材","石像鬼娘","烤鸡串"
"807","ガーゴイル娘","物品","81","輝晶黒闇石","可偷素材","石像鬼娘","辉晶黑暗石"
"807","ガーゴイル娘","物品","1635","ガーゴイル娘のミルク","可偷牛奶","石像鬼娘","石像鬼娘的乳汁"
"808","アテナ","物品","277","究極の羽根","掉落","雅典娜","究极之羽"
"808","アテナ","物品","78","エンジェルダイヤモンド","掉落","雅典娜","天使钻石"
"808","アテナ","武器","241","戦乙女の槍","掉落","雅典娜","女武神的枪"
"808","アテナ","物品","6","イリアスの霊薬","可偷物品","雅典娜","伊莉娅丝的灵药"
"808","アテナ","防具","1172","法王の聖十字","可偷物品","雅典娜","教皇的圣十字"
"808","アテナ","物品","390","クリームシチュー","可偷食材","雅典娜","奶油炖菜"
"808","アテナ","物品","252","奇跡の羽根","可偷素材","雅典娜","奇迹的羽毛"
"808","アテナ","物品","1636","アテナのミルク","可偷牛奶","雅典娜","雅典娜的乳汁"
"809","リリスオリジン","物品","31","器用さの種","掉落","莉莉丝起源","灵巧之种"
"809","リリスオリジン","物品","266","絶美の尻尾","掉落","莉莉丝起源","绝美尾巴"
"809","リリスオリジン","防具","1242","快楽の極意書","掉落","莉莉丝起源","快乐之极意书"
"809","リリスオリジン","防具","1887","あげはパンツ","可偷内裤","莉莉丝起源","凤蝶娘的内裤"
"809","リリスオリジン","物品","1637","リリスオリジンのミルク","可偷牛奶","莉莉丝起源","莉莉丝起源的乳汁"
"810","エルベティエ分裂体","物品","19","聖水","掉落","艾露贝提耶分裂体","圣水"
"810","エルベティエ分裂体","物品","248","えるえるゼリー","掉落","艾露贝提耶分裂体","咕噜咕噜果冻"
"810","エルベティエ分裂体","防具","1673","スライムの悟り","掉落","艾露贝提耶分裂体","史莱姆的领悟"
"811","エルベティエ・カナデ","物品","24","命の木の実","掉落","艾露贝提耶・祸抚","生命之果"
"811","エルベティエ・カナデ","物品","248","えるえるゼリー","掉落","艾露贝提耶・祸抚","咕噜咕噜果冻"
"811","エルベティエ・カナデ","防具","1377","粘液技の極意書","掉落","艾露贝提耶・祸抚","粘液技之极意书"
"811","エルベティエ・カナデ","物品","1638","エルベティエ・カナデのミルク","可偷牛奶","艾露贝提耶・祸抚","艾露贝提耶・祸抚的乳汁"
"812","阿吽","物品","281","最後の結晶","掉落","阿吽","最终之结晶"
"812","阿吽","物品","54","サラマンダールビー","掉落","阿吽","萨拉曼达红宝石"
"812","阿吽","武器","4189","魔獣牙剣","掉落","阿吽","魔兽牙剑"
"812","阿吽","物品","3","究極薬草","可偷物品","阿吽","究极药草"
"812","阿吽","防具","1088","吽のハチマキ","可偷物品","阿吽","吽的围巾"
"812","阿吽","物品","369","特上寿司","可偷食材","阿吽","特上寿司"
"812","阿吽","物品","53","赤熱紅炎石","可偷素材","阿吽","赤热红炎石"
"812","阿吽","物品","1639","阿吽のミルク","可偷牛奶","阿吽","阿吽的乳汁"
"813","ドラゴンヘッド","物品","275","最後の竜牙","掉落","龙首","最终之龙牙"
"813","ドラゴンヘッド","物品","92","空の大秘石","掉落","龙首","空的大秘石"
"813","ドラゴンヘッド","物品","26","力の種","掉落","龙首","力量之种"
"813","ドラゴンヘッド","物品","3","究極薬草","可偷物品","龙首","究极药草"
"813","ドラゴンヘッド","防具","1023","ガントレット","可偷物品","龙首","金属护手"
"813","ドラゴンヘッド","物品","330","鳥足","可偷食材","龙首","鸟足"
"813","ドラゴンヘッド","物品","52","紅炎石","可偷素材","龙首","红炎石"
"813","ドラゴンヘッド","物品","1640","ドラゴンヘッドのミルク","可偷牛奶","龙首","龙首的乳汁"
"814","モンストロ","物品","259","深海の鱗","掉落","巨鲸","深海之鳞"
"814","モンストロ","物品","9","エリクサー","掉落","巨鲸","圣灵药"
"814","モンストロ","物品","24","命の木の実","掉落","巨鲸","生命之果"
"814","モンストロ","物品","9","エリクサー","可偷物品","巨鲸","圣灵药"
"814","モンストロ","防具","1515","水のリング","可偷物品","巨鲸","水之戒指"
"814","モンストロ","物品","377","ステーキ","可偷食材","巨鲸","牛排"
"814","モンストロ","物品","243","禍々しい結晶","可偷素材","巨鲸","不祥的结晶"
"814","モンストロ","物品","1641","モンストロのミルク","可偷牛奶","巨鲸","巨鲸的乳汁"
"815","シヴァ","物品","281","最後の結晶","掉落","湿婆","最终之结晶"
"815","シヴァ","物品","284","シヴァの髪","掉落","湿婆","湿婆的头发"
"815","シヴァ","物品","31","器用さの種","掉落","湿婆","灵巧之种"
"815","シヴァ","物品","12","世界樹の葉","可偷物品","湿婆","世界树之叶"
"815","シヴァ","防具","1642","バトルマスターの悟り","可偷物品","湿婆","战斗大师的领悟"
"815","シヴァ","物品","362","特上おにぎり","可偷食材","湿婆","特级饭团"
"815","シヴァ","物品","81","輝晶黒闇石","可偷素材","湿婆","辉晶黑暗石"
"815","シヴァ","防具","1967","くのいちエルフのふんどし","可偷内裤","湿婆","女忍精灵的兜裆布"
"815","シヴァ","物品","1591","シヴァのミルク","可偷牛奶","湿婆","湿婆的乳汁"
"816","メフィスト","物品","281","最後の結晶","掉落","梅菲斯特","最终之结晶"
"816","メフィスト","物品","287","世界蛇尾","掉落","梅菲斯特","世界蛇尾"
"816","メフィスト","物品","2857","ダメージMP変換の大秘石","掉落","梅菲斯特","伤害MP转换的大秘石"
"816","メフィスト","防具","1869","ミズタウロスパンツ","可偷内裤","梅菲斯特","米诺陶洛斯女士内裤"
"816","メフィスト","物品","1203","メフィストのミルク","可偷牛奶","梅菲斯特","梅菲斯特的乳汁"
"817","ネプチューン","物品","286","地獄の触手","掉落","尼普顿","地狱的触手"
"817","ネプチューン","物品","9","エリクサー","掉落","尼普顿","圣灵药"
"817","ネプチューン","武器","431","ミョルニル","掉落","尼普顿","雷神之锤"
"817","ネプチューン","物品","9","エリクサー","可偷物品","尼普顿","圣灵药"
"817","ネプチューン","防具","1515","水のリング","可偷物品","尼普顿","水之戒指"
"817","ネプチューン","物品","377","ステーキ","可偷食材","尼普顿","牛排"
"817","ネプチューン","物品","243","禍々しい結晶","可偷素材","尼普顿","不祥的结晶"
"817","ネプチューン","物品","1642","ネプチューンのミルク","可偷牛奶","尼普顿","尼普顿的乳汁"
"818","タオ","物品","4158","道を求める者の秘石","掉落","道","追寻者的秘石"
"818","タオ","物品","274","ゾンビハート","掉落","道","僵尸心脏"
"818","タオ","武器","4768","地母神の皿","掉落","道","地母神的盘"
"818","タオ","物品","2","高級薬草","可偷物品","道","高级药草"
"818","タオ","防具","3","旅人の服","可偷物品","道","旅行者的服装"
"818","タオ","物品","432","ほしにく","可偷食材","道","干肉"
"818","タオ","物品","186","ゾンビパウダー","可偷素材","道","僵尸粉"
"818","タオ","防具","1831","ゾンビ剣士のパンツ","可偷内裤","道","僵尸剑士的内裤"
"818","タオ","物品","1643","タオのミルク","可偷牛奶","道","道的乳汁"
"819","モルボル娘","物品","22","万能薬","掉落","魔界花娘","万能药"
"819","モルボル娘","物品","285","モルボルの花びら","掉落","魔界花娘","魔界花的花瓣"
"819","モルボル娘","防具","596","血を啜るドレス","掉落","魔界花娘","吸血礼服"
"819","モルボル娘","物品","22","万能薬","可偷物品","魔界花娘","万能药"
"819","モルボル娘","防具","1194","吸精の薔薇","可偷物品","魔界花娘","吸精玫瑰"
"819","モルボル娘","物品","393","グラタン","可偷食材","魔界花娘","奶汁烤菜"
"819","モルボル娘","物品","232","艶めかしい花びら","可偷素材","魔界花娘","艳丽的花瓣"
"819","モルボル娘","物品","1559","モルボル娘のミルク","可偷牛奶","魔界花娘","魔界花娘的乳汁"
"820","アルケオプテリクス","物品","281","最後の結晶","掉落","阿尔凯奥普泰里克斯","最终之结晶"
"820","アルケオプテリクス","物品","271","天空の羽根","掉落","阿尔凯奥普泰里克斯","天空之羽"
"820","アルケオプテリクス","防具","708","覇竜の兜","掉落","阿尔凯奥普泰里克斯","霸龙之盔"
"820","アルケオプテリクス","物品","3","究極薬草","可偷物品","阿尔凯奥普泰里克斯","究极药草"
"820","アルケオプテリクス","防具","1254","風の極意書","可偷物品","阿尔凯奥普泰里克斯","风之极意书"
"820","アルケオプテリクス","物品","383","焼き魚","可偷食材","阿尔凯奥普泰里克斯","烤鱼"
"820","アルケオプテリクス","物品","227","輝く羽根","可偷素材","阿尔凯奥普泰里克斯","闪耀的羽毛"
"820","アルケオプテリクス","物品","1584","アルケオプテリクスのミルク","可偷牛奶","阿尔凯奥普泰里克斯","阿尔凯奥普泰里克斯的乳汁"
"821","アスモデウス","物品","4146","奢りし者の秘石","掉落","阿斯莫德","奢靡者的秘石"
"821","アスモデウス","物品","286","地獄の触手","掉落","阿斯莫德","地狱的触手"
"821","アスモデウス","防具","873","覇竜の盾","掉落","阿斯莫德","霸龙之盾"
"821","アスモデウス","物品","8","バーストドリンク","可偷物品","阿斯莫德","爆发饮料"
"821","アスモデウス","防具","1639","パワーファイターの悟り","可偷物品","阿斯莫德","力量战士的领悟"
"821","アスモデウス","物品","394","スパゲティ","可偷食材","阿斯莫德","意大利面"
"821","アスモデウス","物品","57","凍結蒼氷石","可偷素材","阿斯莫德","冻结苍冰石"
"821","アスモデウス","物品","1574","アスモデウスのミルク","可偷牛奶","阿斯莫德","阿斯莫德的乳汁"
"822","ヨルムンガンド","物品","287","世界蛇尾","掉落","耶梦加得","世界蛇尾"
"822","ヨルムンガンド","物品","4136","邪神の秘石","掉落","耶梦加得","邪神的秘石"
"822","ヨルムンガンド","防具","491","覇竜の鎧","掉落","耶梦加得","霸龙之铠"
"822","ヨルムンガンド","物品","9","エリクサー","可偷物品","耶梦加得","圣灵药"
"822","ヨルムンガンド","防具","1675","ラミアの悟り","可偷物品","耶梦加得","拉米亚的领悟"
"822","ヨルムンガンド","物品","405","肉まん","可偷食材","耶梦加得","肉包"
"822","ヨルムンガンド","物品","245","覇蛇の蛇尾","可偷素材","耶梦加得","霸蛇的蛇尾"
"822","ヨルムンガンド","物品","1575","ヨルムンガンドのミルク","可偷牛奶","耶梦加得","耶梦加得的乳汁"
"823","アリスフィーズ16世","物品","287","世界蛇尾","掉落","爱丽丝菲兹16世","世界蛇尾"
"823","アリスフィーズ16世","物品","409","あまあまだんご","掉落","爱丽丝菲兹16世","甜甜团子"
"823","アリスフィーズ16世","防具","1290","尖剣の極意書","掉落","爱丽丝菲兹16世","尖剑之极意书"
"823","アリスフィーズ16世","防具","1953","魔王のパンツ","可偷内裤","爱丽丝菲兹16世","魔王的内裤"
"823","アリスフィーズ16世","物品","1144","アリスフィーズ16世のミルク","可偷牛奶","爱丽丝菲兹16世","爱丽丝菲兹16世的乳汁"
"824","沙蛇","物品","26","力の種","掉落","沙蛇","力量之种"
"824","沙蛇","物品","281","最後の結晶","掉落","沙蛇","最终之结晶"
"824","沙蛇","防具","1368","魔技の極意書","掉落","沙蛇","魔技之极意书"
"824","沙蛇","物品","1644","沙蛇のミルク","可偷牛奶","沙蛇","沙蛇的乳汁"
"825","アリスフィーズ","物品","10","ラストエリクサー","可偷物品","爱丽丝菲兹","最终圣灵药"
"825","アリスフィーズ","物品","25","不思議な木の実","可偷物品","爱丽丝菲兹","不可思议之果"
"825","アリスフィーズ","物品","82","サタンクリスタル","可偷素材","爱丽丝菲兹","撒旦水晶"
"825","アリスフィーズ","防具","1972","エルフ姫のパンツ","可偷内裤","爱丽丝菲兹","精灵公主的内裤"
"825","アリスフィーズ","物品","1645","アリスフィーズのミルク","可偷牛奶","爱丽丝菲兹","爱丽丝菲兹的乳汁"
"826","カオスフィーズ","物品","10","ラストエリクサー","掉落","混沌菲兹","最终圣灵药"
"826","カオスフィーズ","物品","82","サタンクリスタル","掉落","混沌菲兹","撒旦水晶"
"826","カオスフィーズ","物品","3649","闇に親しむ者の超秘石","掉落","混沌菲兹","暗之亲和者的超秘石"
"826","カオスフィーズ","物品","10","ラストエリクサー","可偷物品","混沌菲兹","最终圣灵药"
"826","カオスフィーズ","物品","24","命の木の実","可偷物品","混沌菲兹","生命之果"
"826","カオスフィーズ","物品","82","サタンクリスタル","可偷素材","混沌菲兹","撒旦水晶"
"826","カオスフィーズ","物品","1646","カオスフィーズのミルク","可偷牛奶","混沌菲兹","混沌菲兹的乳汁"
"827","カオスフィーズ","物品","658","魔神玉","掉落","混沌菲兹","魔神玉"
"827","カオスフィーズ","物品","10","ラストエリクサー","可偷物品","混沌菲兹","最终圣灵药"
"827","カオスフィーズ","物品","24","命の木の実","可偷物品","混沌菲兹","生命之果"
"827","カオスフィーズ","物品","82","サタンクリスタル","可偷素材","混沌菲兹","撒旦水晶"
"827","カオスフィーズ","物品","1646","カオスフィーズのミルク","可偷牛奶","混沌菲兹","混沌菲兹的乳汁"
"828","前鬼","物品","7","ブーストドリンク","掉落","前鬼","能量饮料"
"828","前鬼","物品","361","おにぎり","掉落","前鬼","饭团"
"828","前鬼","防具","76","紅武者の鎧","掉落","前鬼","红武士之铠"
"828","前鬼","物品","9","エリクサー","可偷物品","前鬼","圣灵药"
"828","前鬼","物品","25","不思議な木の実","可偷物品","前鬼","不可思议之果"
"828","前鬼","物品","412","うさぎもち","可偷食材","前鬼","兔子年糕"
"828","前鬼","物品","262","神々しい花びら","可偷素材","前鬼","神圣花瓣"
"828","前鬼","防具","1974","エルダーサキュバスのパンツ","可偷内裤","前鬼","长老魅魔的内裤"
"828","前鬼","物品","1436","前鬼のミルク","可偷牛奶","前鬼","前鬼的乳汁"
"829","後鬼","物品","17","満月草","掉落","后鬼","满月草"
"829","後鬼","物品","250","神代紙","掉落","后鬼","神代纸"
"829","後鬼","物品","405","肉まん","掉落","后鬼","肉包"
"829","後鬼","物品","9","エリクサー","可偷物品","后鬼","圣灵药"
"829","後鬼","物品","25","不思議な木の実","可偷物品","后鬼","不可思议之果"
"829","後鬼","物品","412","うさぎもち","可偷食材","后鬼","兔子年糕"
"829","後鬼","物品","262","神々しい花びら","可偷素材","后鬼","神圣花瓣"
"829","後鬼","防具","1974","エルダーサキュバスのパンツ","可偷内裤","后鬼","长老魅魔的内裤"
"829","後鬼","物品","1437","後鬼のミルク","可偷牛奶","后鬼","后鬼的乳汁"
"830","鎧の狂戦士","物品","273","ハインリヒ細胞","掉落","铠之狂战士","海因里希细胞"
"830","鎧の狂戦士","物品","3962","魔神のための秘石","掉落","铠之狂战士","魔神的秘石"
"830","鎧の狂戦士","物品","2470","羽を嫌う者の秘石","掉落","铠之狂战士","厌恶羽毛者的秘石"
"832","失墜の玉座","物品","22","万能薬","掉落","失落王座","万能药"
"832","失墜の玉座","物品","824","黙示の羽根","掉落","失落王座","启示的羽毛"
"832","失墜の玉座","武器","4713","ヘルメスのそろばん","掉落","失落王座","赫尔墨斯的算盘"
"832","失墜の玉座","物品","3","究極薬草","可偷物品","失落王座","究极药草"
"832","失墜の玉座","防具","1483","失禁の秘印","可偷物品","失落王座","失禁之秘印"
"832","失墜の玉座","物品","329","肉","可偷食材","失落王座","肉"
"832","失墜の玉座","物品","240","イデア細胞","可偷素材","失落王座","伊迪亚细胞"
"832","失墜の玉座","物品","1647","失墜の玉座のミルク","可偷牛奶","失落王座","失落王座的乳汁"
"833","ダブルアンデッド","物品","444","ドクロ","掉落","双生不死族","骷髅"
"833","ダブルアンデッド","物品","839","冥府の髪","掉落","双生不死族","冥府的头发"
"833","ダブルアンデッド","武器","4801","邪神の書","掉落","双生不死族","邪神之书"
"833","ダブルアンデッド","物品","5","エルフの霊薬","可偷物品","双生不死族","精灵的灵药"
"833","ダブルアンデッド","防具","1400","屍技の秘伝書","可偷物品","双生不死族","尸技之秘传书"
"833","ダブルアンデッド","物品","311","なすび","可偷食材","双生不死族","茄子"
"833","ダブルアンデッド","物品","210","妖怪の髪","可偷素材","双生不死族","妖怪的头发"
"833","ダブルアンデッド","防具","1922","キューピッドのパンツ","可偷内裤","双生不死族","丘比特的内裤"
"833","ダブルアンデッド","物品","1648","ダブルアンデッドのミルク","可偷牛奶","双生不死族","双生不死族的乳汁"
"834","イズン","物品","901","混沌薬草","掉落","伊敦","混沌药草"
"834","イズン","物品","827","深淵の触手","掉落","伊敦","深渊的触手"
"834","イズン","武器","4694","ヘスティアの包丁","掉落","伊敦","赫斯提亚的菜刀"
"834","イズン","物品","9","エリクサー","可偷物品","伊敦","圣灵药"
"834","イズン","物品","25","不思議な木の実","可偷物品","伊敦","不可思议之果"
"834","イズン","物品","412","うさぎもち","可偷食材","伊敦","兔子年糕"
"834","イズン","物品","262","神々しい花びら","可偷素材","伊敦","神圣花瓣"
"834","イズン","防具","1974","エルダーサキュバスのパンツ","可偷内裤","伊敦","长老魅魔的内裤"
"834","イズン","物品","1649","イズンのミルク","可偷牛奶","伊敦","伊敦的乳汁"
"835","カースエンジェルズ","物品","6","イリアスの霊薬","掉落","诅咒天使","伊莉娅丝的灵药"
"835","カースエンジェルズ","物品","824","黙示の羽根","掉落","诅咒天使","启示的羽毛"
"835","カースエンジェルズ","物品","2137","魔法反撃の大秘石","掉落","诅咒天使","魔法反击的大秘石"
"835","カースエンジェルズ","物品","9","エリクサー","可偷物品","诅咒天使","圣灵药"
"835","カースエンジェルズ","物品","25","不思議な木の実","可偷物品","诅咒天使","不可思议之果"
"835","カースエンジェルズ","物品","412","うさぎもち","可偷食材","诅咒天使","兔子年糕"
"835","カースエンジェルズ","物品","262","神々しい花びら","可偷素材","诅咒天使","神圣花瓣"
"835","カースエンジェルズ","防具","1974","エルダーサキュバスのパンツ","可偷内裤","诅咒天使","长老魅魔的内裤"
"835","カースエンジェルズ","物品","1650","カースエンジェルズのミルク","可偷牛奶","诅咒天使","诅咒天使的乳汁"
"836","カースエンジェルズ","物品","78","エンジェルダイヤモンド","掉落","诅咒天使","天使钻石"
"836","カースエンジェルズ","物品","824","黙示の羽根","掉落","诅咒天使","启示的羽毛"
"836","カースエンジェルズ","物品","2844","魔力の大秘石","掉落","诅咒天使","魔力的大秘石"
"836","カースエンジェルズ","物品","9","エリクサー","可偷物品","诅咒天使","圣灵药"
"836","カースエンジェルズ","物品","25","不思議な木の実","可偷物品","诅咒天使","不可思议之果"
"836","カースエンジェルズ","物品","412","うさぎもち","可偷食材","诅咒天使","兔子年糕"
"836","カースエンジェルズ","物品","262","神々しい花びら","可偷素材","诅咒天使","神圣花瓣"
"836","カースエンジェルズ","防具","1974","エルダーサキュバスのパンツ","可偷内裤","诅咒天使","长老魅魔的内裤"
"836","カースエンジェルズ","物品","1650","カースエンジェルズのミルク","可偷牛奶","诅咒天使","诅咒天使的乳汁"
"837","カースエンジェルズ","物品","823","きらきらゼリー","掉落","诅咒天使","闪闪发光的果冻"
"837","カースエンジェルズ","物品","824","黙示の羽根","掉落","诅咒天使","启示的羽毛"
"837","カースエンジェルズ","物品","3068","精神の大秘石","掉落","诅咒天使","精神的大秘石"
"837","カースエンジェルズ","物品","9","エリクサー","可偷物品","诅咒天使","圣灵药"
"837","カースエンジェルズ","物品","25","不思議な木の実","可偷物品","诅咒天使","不可思议之果"
"837","カースエンジェルズ","物品","412","うさぎもち","可偷食材","诅咒天使","兔子年糕"
"837","カースエンジェルズ","物品","262","神々しい花びら","可偷素材","诅咒天使","神圣花瓣"
"837","カースエンジェルズ","防具","1974","エルダーサキュバスのパンツ","可偷内裤","诅咒天使","长老魅魔的内裤"
"837","カースエンジェルズ","物品","1650","カースエンジェルズのミルク","可偷牛奶","诅咒天使","诅咒天使的乳汁"
"838","アルジェミニ","物品","62","プラズマトルマリン","掉落","阿尔杰米妮","等离子电气石"
"838","アルジェミニ","物品","825","ダークマター","掉落","阿尔杰米妮","暗物质"
"838","アルジェミニ","物品","2510","器用さの大秘石","掉落","阿尔杰米妮","灵巧的大秘石"
"838","アルジェミニ","物品","9","エリクサー","可偷物品","阿尔杰米妮","圣灵药"
"838","アルジェミニ","防具","1287","剣の極意書","可偷物品","阿尔杰米妮","剑之极意书"
"838","アルジェミニ","物品","54","サラマンダールビー","可偷素材","阿尔杰米妮","萨拉曼达红宝石"
"838","アルジェミニ","物品","1651","アルジェミニのミルク","可偷牛奶","阿尔杰米妮","阿尔杰米妮的乳汁"
"839","エルジェミニ","物品","917","カンフル","掉落","艾尔杰米妮","强心剂"
"839","エルジェミニ","物品","825","ダークマター","掉落","艾尔杰米妮","暗物质"
"839","エルジェミニ","物品","2112","力の大秘石","掉落","艾尔杰米妮","力量的大秘石"
"839","エルジェミニ","物品","9","エリクサー","可偷物品","艾尔杰米妮","圣灵药"
"839","エルジェミニ","防具","1359","銃の極意書","可偷物品","艾尔杰米妮","铳之极意书"
"839","エルジェミニ","物品","58","フロストアメジスト","可偷素材","艾尔杰米妮","霜冻紫水晶"
"839","エルジェミニ","物品","1652","エルジェミニのミルク","可偷牛奶","艾尔杰米妮","艾尔杰米妮的乳汁"
"840","ネロ","物品","9","エリクサー","掉落","尼禄","圣灵药"
"840","ネロ","防具","1756","ギガネ","掉落","尼禄","Giga眼镜"
"840","ネロ","物品","2845","魔力の超秘石","掉落","尼禄","魔力的超秘石"
"841","ネリス","物品","39","女神の種","掉落","妮莉丝","女神之种"
"841","ネリス","物品","838","魔王の蛇尾","掉落","妮莉丝","魔王的蛇尾"
"841","ネリス","物品","2113","力の超秘石","掉落","妮莉丝","力量的超秘石"
"841","ネリス","物品","1653","ネリスのミルク","可偷牛奶","妮莉丝","妮莉丝的乳汁"
"842","アピロ・ラゴス","物品","412","うさぎもち","掉落","阿皮洛・拉戈斯","兔子年糕"
"842","アピロ・ラゴス","物品","825","ダークマター","掉落","阿皮洛・拉戈斯","暗物质"
"842","アピロ・ラゴス","物品","2500","素早さの大秘石","掉落","阿皮洛・拉戈斯","敏捷的大秘石"
"842","アピロ・ラゴス","物品","9","エリクサー","可偷物品","阿皮洛・拉戈斯","圣灵药"
"842","アピロ・ラゴス","物品","25","不思議な木の実","可偷物品","阿皮洛・拉戈斯","不可思议之果"
"842","アピロ・ラゴス","物品","412","うさぎもち","可偷食材","阿皮洛・拉戈斯","兔子年糕"
"842","アピロ・ラゴス","物品","262","神々しい花びら","可偷素材","阿皮洛・拉戈斯","神圣花瓣"
"842","アピロ・ラゴス","防具","1974","エルダーサキュバスのパンツ","可偷内裤","阿皮洛・拉戈斯","长老魅魔的内裤"
"843","シェムハザ","物品","901","混沌薬草","掉落","示米哈扎","混沌药草"
"843","シェムハザ","物品","825","ダークマター","掉落","示米哈扎","暗物质"
"843","シェムハザ","武器","4219","カオティック","掉落","示米哈扎","混沌"
"843","シェムハザ","物品","9","エリクサー","可偷物品","示米哈扎","圣灵药"
"843","シェムハザ","防具","1263","聖なる極意書","可偷物品","示米哈扎","圣之极意书"
"843","シェムハザ","物品","277","究極の羽根","可偷素材","示米哈扎","究极之羽"
"843","シェムハザ","物品","1655","シェムハザのミルク","可偷牛奶","示米哈扎","示米哈扎的乳汁"
"844","アグレイブ","物品","93","空の超秘石","掉落","阿格雷夫","空的超秘石"
"844","アグレイブ","物品","842","高次半導体","掉落","阿格雷夫","高次半导体"
"844","アグレイブ","防具","722","超重滅兜","掉落","阿格雷夫","超重灭之盔"
"844","アグレイブ","物品","9","エリクサー","可偷物品","阿格雷夫","圣灵药"
"844","アグレイブ","物品","1117","ワームビレッジャのミルク","可偷物品","阿格雷夫","蠕虫村姑的乳汁"
"844","アグレイブ","物品","62","プラズマトルマリン","可偷素材","阿格雷夫","等离子电气石"
"844","アグレイブ","物品","1656","アグレイブのミルク","可偷牛奶","阿格雷夫","阿格雷夫的乳汁"
"845","アドラメレク","物品","54","サラマンダールビー","掉落","阿德拉梅莱克","萨拉曼达红宝石"
"845","アドラメレク","物品","825","ダークマター","掉落","阿德拉梅莱克","暗物质"
"845","アドラメレク","物品","2103","HPの超秘石","掉落","阿德拉梅莱克","HP的超秘石"
"845","アドラメレク","物品","1143","アドラメレクのミルク","可偷牛奶","阿德拉梅莱克","阿德拉梅莱克的乳汁"
"846","エクス・ソニア","物品","924","精神の神種","掉落","艾克斯・索尼娅","精神的神种"
"846","エクス・ソニア","防具","1263","聖なる極意書","掉落","艾克斯・索尼娅","圣之极意书"
"846","エクス・ソニア","物品","3069","精神の超秘石","掉落","艾克斯・索尼娅","精神的超秘石"
"846","エクス・ソニア","防具","1938","ヴィヌムのパンツ","可偷内裤","艾克斯・索尼娅","薇诺姆的内裤"
"846","エクス・ソニア","物品","1657","エクス・ソニアのミルク","可偷牛奶","艾克斯・索尼娅","艾克斯・索尼娅的乳汁"
"847","アンゴルモア","物品","921","力の神種","掉落","安哥尔摩亚","力量的神种"
"847","アンゴルモア","防具","1239","物理の極意書","掉落","安哥尔摩亚","物理之极意书"
"847","アンゴルモア","物品","2404","多武器技使用可能の超秘石","掉落","安哥尔摩亚","多武器技可用的超秘石"
"847","アンゴルモア","物品","9","エリクサー","可偷物品","安哥尔摩亚","圣灵药"
"847","アンゴルモア","物品","25","不思議な木の実","可偷物品","安哥尔摩亚","不可思议之果"
"847","アンゴルモア","物品","412","うさぎもち","可偷食材","安哥尔摩亚","兔子年糕"
"847","アンゴルモア","物品","262","神々しい花びら","可偷素材","安哥尔摩亚","神圣花瓣"
"847","アンゴルモア","防具","1974","エルダーサキュバスのパンツ","可偷内裤","安哥尔摩亚","长老魅魔的内裤"
"847","アンゴルモア","物品","1658","アンゴルモアのミルク","可偷牛奶","安哥尔摩亚","安哥尔摩亚的乳汁"
"848","スターマ","物品","93","空の超秘石","掉落","斯塔玛","空的超秘石"
"848","スターマ","物品","825","ダークマター","掉落","斯塔玛","暗物质"
"848","スターマ","防具","633","叛逆天使の墜落","掉落","斯塔玛","叛逆天使的坠落"
"848","スターマ","物品","3","究極薬草","可偷物品","斯塔玛","究极药草"
"848","スターマ","物品","77","天空白聖石","可偷物品","斯塔玛","天空白圣石"
"848","スターマ","物品","329","肉","可偷食材","斯塔玛","肉"
"848","スターマ","物品","241","天使の羽根","可偷素材","斯塔玛","天使的羽毛"
"848","スターマ","防具","1933","ギャルのパンツ","可偷内裤","斯塔玛","辣妹的内裤"
"848","スターマ","物品","1659","スターマのミルク","可偷牛奶","斯塔玛","斯塔玛的乳汁"
"849","ラジャーラ","物品","70","ノームトパーズ","掉落","拉贾拉","诺姆黄玉"
"849","ラジャーラ","物品","825","ダークマター","掉落","拉贾拉","暗物质"
"849","ラジャーラ","防具","722","超重滅兜","掉落","拉贾拉","超重灭之盔"
"849","ラジャーラ","物品","3","究極薬草","可偷物品","拉贾拉","究极药草"
"849","ラジャーラ","物品","77","天空白聖石","可偷物品","拉贾拉","天空白圣石"
"849","ラジャーラ","物品","329","肉","可偷食材","拉贾拉","肉"
"849","ラジャーラ","物品","241","天使の羽根","可偷素材","拉贾拉","天使的羽毛"
"849","ラジャーラ","防具","1933","ギャルのパンツ","可偷内裤","拉贾拉","辣妹的内裤"
"849","ラジャーラ","物品","1660","ラジャーラのミルク","可偷牛奶","拉贾拉","拉贾拉的乳汁"
"850","アプティルト","物品","82","サタンクリスタル","掉落","阿普蒂尔特","撒旦水晶"
"850","アプティルト","物品","825","ダークマター","掉落","阿普蒂尔特","暗物质"
"850","アプティルト","物品","2534","昇天付加の超秘石","掉落","阿普蒂尔特","升天附加的超秘石"
"850","アプティルト","物品","3","究極薬草","可偷物品","阿普蒂尔特","究极药草"
"850","アプティルト","物品","77","天空白聖石","可偷物品","阿普蒂尔特","天空白圣石"
"850","アプティルト","物品","329","肉","可偷食材","阿普蒂尔特","肉"
"850","アプティルト","物品","241","天使の羽根","可偷素材","阿普蒂尔特","天使的羽毛"
"850","アプティルト","防具","1933","ギャルのパンツ","可偷内裤","阿普蒂尔特","辣妹的内裤"
"850","アプティルト","物品","1677","アプティルトのミルク","可偷牛奶","阿普蒂尔特","阿普蒂尔特之奶"
"851","メギドリアード","物品","12","世界樹の葉","掉落","米吉多树精","世界树之叶"
"851","メギドリアード","物品","831","魔界樹の花びら","掉落","米吉多树精","魔界树的花瓣"
"851","メギドリアード","物品","3527","植物技使用可能の超秘石","掉落","米吉多树精","可以使用植物技的超秘石"
"851","メギドリアード","物品","9","エリクサー","可偷物品","米吉多树精","圣灵药"
"851","メギドリアード","物品","25","不思議な木の実","可偷物品","米吉多树精","不可思议之果"
"851","メギドリアード","物品","412","うさぎもち","可偷食材","米吉多树精","兔子年糕"
"851","メギドリアード","物品","262","神々しい花びら","可偷素材","米吉多树精","神圣花瓣"
"851","メギドリアード","防具","1974","エルダーサキュバスのパンツ","可偷内裤","米吉多树精","长老魅魔的内裤"
"851","メギドリアード","物品","1661","メギドリアードのミルク","可偷牛奶","米吉多树精","米吉多树精的乳汁"
"852","エグセラ","物品","93","空の超秘石","掉落","艾克撒拉","空的超秘石"
"852","エグセラ","物品","823","きらきらゼリー","掉落","艾克撒拉","闪闪发光的果冻"
"852","エグセラ","防具","1767","エクスプローダー","掉落","艾克撒拉","爆破者"
"852","エグセラ","物品","3","究極薬草","可偷物品","艾克撒拉","究极药草"
"852","エグセラ","物品","77","天空白聖石","可偷物品","艾克撒拉","天空白圣石"
"852","エグセラ","物品","329","肉","可偷食材","艾克撒拉","肉"
"852","エグセラ","物品","241","天使の羽根","可偷素材","艾克撒拉","天使的羽毛"
"852","エグセラ","防具","1933","ギャルのパンツ","可偷内裤","艾克撒拉","辣妹的内裤"
"852","エグセラ","物品","1662","エグセラのミルク","可偷牛奶","艾克撒拉","艾克撒拉的乳汁"
"853","アプサラス","物品","93","空の超秘石","掉落","阿普萨拉丝","空的超秘石"
"853","アプサラス","物品","843","終焉の結晶","掉落","阿普萨拉丝","终焉的结晶"
"853","アプサラス","武器","4844","ユートピア","掉落","阿普萨拉丝","乌托邦"
"853","アプサラス","物品","9","エリクサー","可偷物品","阿普萨拉丝","圣灵药"
"853","アプサラス","物品","24","命の木の実","可偷物品","阿普萨拉丝","生命之果"
"853","アプサラス","物品","444","ドクロ","可偷食材","阿普萨拉丝","骷髅"
"853","アプサラス","物品","273","ハインリヒ細胞","可偷素材","阿普萨拉丝","海因里希细胞"
"853","アプサラス","防具","1973","八尾のふんどし","可偷内裤","阿普萨拉丝","八尾的兜裆布"
"853","アプサラス","物品","1663","アプサラスのミルク","可偷牛奶","阿普萨拉丝","阿普萨拉丝的乳汁"
"854","アザゼル","物品","923","魔力の神種","掉落","阿撒兹勒","魔力的神种"
"854","アザゼル","防具","1242","快楽の極意書","掉落","阿撒兹勒","快乐之极意书"
"854","アザゼル","物品","2845","魔力の超秘石","掉落","阿撒兹勒","魔力的超秘石"
"854","アザゼル","物品","3","究極薬草","可偷物品","阿撒兹勒","究极药草"
"854","アザゼル","防具","1301","拳の秘伝書","可偷物品","阿撒兹勒","拳套之秘传书"
"854","アザゼル","物品","402","ホットドッグ","可偷食材","阿撒兹勒","热狗"
"854","アザゼル","物品","236","妖力の結晶","可偷素材","阿撒兹勒","妖力的结晶"
"854","アザゼル","防具","1925","フェルナンデスのパンツ","可偷内裤","阿撒兹勒","费尔南德斯的内裤"
"854","アザゼル","物品","1664","アザゼルのミルク","可偷牛奶","阿撒兹勒","阿撒兹勒的乳汁"
"855","グリゴリ","物品","843","終焉の結晶","掉落","守望者","终焉的结晶"
"855","グリゴリ","防具","5129","銀河のペンダント","掉落","守望者","银河之吊坠"
"855","グリゴリ","物品","3019","サイコ使用可能の超秘石","掉落","守望者","念动可用的超秘石"
"855","グリゴリ","物品","3","究極薬草","可偷物品","守望者","究极药草"
"855","グリゴリ","防具","1301","拳の秘伝書","可偷物品","守望者","拳套之秘传书"
"855","グリゴリ","物品","402","ホットドッグ","可偷食材","守望者","热狗"
"855","グリゴリ","物品","236","妖力の結晶","可偷素材","守望者","妖力的结晶"
"855","グリゴリ","防具","1925","フェルナンデスのパンツ","可偷内裤","守望者","费尔南德斯的内裤"
"855","グリゴリ","物品","1665","グリゴリのミルク","可偷牛奶","守望者","守望者的乳汁"
"856","蛭蟲分裂体","物品","47","神種の種","掉落","蛭虫分裂体","神种之种"
"856","蛭蟲分裂体","物品","835","超蛭蟲細胞","掉落","蛭虫分裂体","超蛭虫细胞"
"856","蛭蟲分裂体","防具","1466","消化の真印","掉落","蛭虫分裂体","消化真印"
"857","クレオ・アドラ","物品","921","力の神種","掉落","克莱奥・阿德拉","力量的神种"
"857","クレオ・アドラ","防具","4524","核熱の極意書","掉落","克莱奥・阿德拉","核热之极意书"
"857","クレオ・アドラ","物品","3311","体・魔・技の超秘石","掉落","克莱奥・阿德拉","体・魔・技的超秘石"
"857","クレオ・アドラ","物品","1666","クレオ・アドラのミルク","可偷牛奶","克莱奥・阿德拉","克莱奥・阿德拉的乳汁"
"858","アピロ・ラゴス","物品","412","うさぎもち","掉落","阿皮洛・拉戈斯","兔子年糕"
"858","アピロ・ラゴス","物品","836","偏在兎","掉落","阿皮洛・拉戈斯","偏在兔"
"858","アピロ・ラゴス","防具","637","オルギア","掉落","阿皮洛・拉戈斯","奥尔吉亚"
"858","アピロ・ラゴス","物品","9","エリクサー","可偷物品","阿皮洛・拉戈斯","圣灵药"
"858","アピロ・ラゴス","物品","25","不思議な木の実","可偷物品","阿皮洛・拉戈斯","不可思议之果"
"858","アピロ・ラゴス","物品","412","うさぎもち","可偷食材","阿皮洛・拉戈斯","兔子年糕"
"858","アピロ・ラゴス","物品","262","神々しい花びら","可偷素材","阿皮洛・拉戈斯","神圣花瓣"
"858","アピロ・ラゴス","防具","1974","エルダーサキュバスのパンツ","可偷内裤","阿皮洛・拉戈斯","长老魅魔的内裤"
"859","アピロ・ラゴス","物品","43","神職の種","掉落","阿皮洛・拉戈斯","神职之种"
"859","アピロ・ラゴス","物品","836","偏在兎","掉落","阿皮洛・拉戈斯","偏在兔"
"859","アピロ・ラゴス","防具","5141","ナイトメアのペンダント","掉落","阿皮洛・拉戈斯","噩梦之吊坠"
"859","アピロ・ラゴス","物品","9","エリクサー","可偷物品","阿皮洛・拉戈斯","圣灵药"
"859","アピロ・ラゴス","物品","25","不思議な木の実","可偷物品","阿皮洛・拉戈斯","不可思议之果"
"859","アピロ・ラゴス","物品","412","うさぎもち","可偷食材","阿皮洛・拉戈斯","兔子年糕"
"859","アピロ・ラゴス","物品","262","神々しい花びら","可偷素材","阿皮洛・拉戈斯","神圣花瓣"
"859","アピロ・ラゴス","防具","1974","エルダーサキュバスのパンツ","可偷内裤","阿皮洛・拉戈斯","长老魅魔的内裤"
"859","アピロ・ラゴス","物品","1654","アピロ・ラゴスのミルク","可偷牛奶","阿皮洛・拉戈斯","阿皮洛・拉戈斯的乳汁"
"860","マガツオオミカミ","物品","9","エリクサー","可偷物品","祸津大御神","圣灵药"
"860","マガツオオミカミ","物品","25","不思議な木の実","可偷物品","祸津大御神","不可思议之果"
"860","マガツオオミカミ","物品","412","うさぎもち","可偷食材","祸津大御神","兔子年糕"
"860","マガツオオミカミ","物品","262","神々しい花びら","可偷素材","祸津大御神","神圣花瓣"
"860","マガツオオミカミ","防具","1974","エルダーサキュバスのパンツ","可偷内裤","祸津大御神","长老魅魔的内裤"
"860","マガツオオミカミ","物品","1667","マガツオオミカミのミルク","可偷牛奶","祸津大御神","祸津大御神的乳汁"
"861","マガツオオミカミ","防具","4530","量子の秘伝書","掉落","祸津大御神","量子之秘传书"
"861","マガツオオミカミ","物品","2980","陰陽術使用可能の超秘石","掉落","祸津大御神","可以使用阴阳术的超秘石"
"861","マガツオオミカミ","武器","4246","天沼矛","掉落","祸津大御神","天沼矛"
"861","マガツオオミカミ","物品","9","エリクサー","可偷物品","祸津大御神","圣灵药"
"861","マガツオオミカミ","物品","25","不思議な木の実","可偷物品","祸津大御神","不可思议之果"
"861","マガツオオミカミ","物品","412","うさぎもち","可偷食材","祸津大御神","兔子年糕"
"861","マガツオオミカミ","物品","262","神々しい花びら","可偷素材","祸津大御神","神圣花瓣"
"861","マガツオオミカミ","防具","1974","エルダーサキュバスのパンツ","可偷内裤","祸津大御神","长老魅魔的内裤"
"861","マガツオオミカミ","物品","1667","マガツオオミカミのミルク","可偷牛奶","祸津大御神","祸津大御神的乳汁"
"862","ゾルオクト","物品","93","空の超秘石","掉落","佐尔奥克托","空的超秘石"
"862","ゾルオクト","物品","842","高次半導体","掉落","佐尔奥克托","高次半导体"
"862","ゾルオクト","防具","695","オートフォース","掉落","佐尔奥克托","自动力量"
"862","ゾルオクト","物品","3","究極薬草","可偷物品","佐尔奥克托","究极药草"
"862","ゾルオクト","物品","28","魔力の種","可偷物品","佐尔奥克托","魔力之种"
"862","ゾルオクト","物品","253","カオストロン","可偷素材","佐尔奥克托","混沌之核"
"862","ゾルオクト","物品","1668","ゾルオクトのミルク","可偷牛奶","佐尔奥克托","佐尔奥克托的乳汁"
"863","ティアマト","物品","93","空の超秘石","掉落","提亚玛特","空的超秘石"
"863","ティアマト","物品","842","高次半導体","掉落","提亚玛特","高次半导体"
"863","ティアマト","防具","1766","回転ネビュラ","掉落","提亚玛特","旋转星云"
"863","ティアマト","物品","9","エリクサー","可偷物品","提亚玛特","圣灵药"
"863","ティアマト","防具","1040","星降る腕輪","可偷物品","提亚玛特","星降手镯"
"863","ティアマト","物品","363","カレーライス","可偷食材","提亚玛特","咖喱饭"
"863","ティアマト","物品","244","覇獣の爪","可偷素材","提亚玛特","霸兽的爪子"
"863","ティアマト","物品","1669","ティアマトのミルク","可偷牛奶","提亚玛特","提亚玛特的乳汁"
"864","シンギュラリティ","物品","926","器用さの神種","掉落","奇点","灵巧的神种"
"864","シンギュラリティ","物品","4404","シンギュラリティの極秘石","掉落","奇点","奇点的极秘石"
"864","シンギュラリティ","物品","804","ロイドの禁璧","掉落","奇点","机器人的禁璧"
"864","シンギュラリティ","物品","1670","シンギュラリティのミルク","可偷牛奶","奇点","奇点的乳汁"
"865","奉仕種族","物品","74","ウンディーネサファイア","掉落","仆从种族","温蒂妮蓝宝石"
"865","奉仕種族","物品","870","名状しがたき触手","掉落","仆从种族","难以名状的触手"
"865","奉仕種族","物品","3281","反射する者の超秘石","掉落","仆从种族","反射者的超秘石"
"865","奉仕種族","物品","1671","奉仕種族のミルク","可偷牛奶","仆从种族","仆从种族的乳汁"
"866","落とし子","物品","47","神種の種","掉落","眷族","神种之种"
"866","落とし子","物品","870","名状しがたき触手","掉落","眷族","难以名状的触手"
"866","落とし子","防具","5178","ナノのアミュレット","掉落","眷族","纳米之护符"
"866","落とし子","物品","9","エリクサー","可偷物品","眷族","圣灵药"
"866","落とし子","物品","25","不思議な木の実","可偷物品","眷族","不可思议之果"
"866","落とし子","物品","412","うさぎもち","可偷食材","眷族","兔子年糕"
"866","落とし子","物品","262","神々しい花びら","可偷素材","眷族","神圣花瓣"
"866","落とし子","防具","1974","エルダーサキュバスのパンツ","可偷内裤","眷族","长老魅魔的内裤"
"866","落とし子","物品","1672","落とし子のミルク","可偷牛奶","眷族","眷族之奶"
"867","シスエル","物品","936","カオスダイヤモンド","掉落","希斯艾尔","混沌钻石"
"867","シスエル","物品","846","神威の羽根","掉落","希斯艾尔","神威的羽毛"
"867","シスエル","物品","3179","聖耐性の超秘石","掉落","希斯艾尔","圣耐性的超秘石"
"867","シスエル","物品","9","エリクサー","可偷物品","希斯艾尔","圣灵药"
"867","シスエル","物品","25","不思議な木の実","可偷物品","希斯艾尔","不可思议之果"
"867","シスエル","物品","412","うさぎもち","可偷食材","希斯艾尔","兔子年糕"
"867","シスエル","物品","262","神々しい花びら","可偷素材","希斯艾尔","神圣花瓣"
"867","シスエル","防具","1974","エルダーサキュバスのパンツ","可偷内裤","希斯艾尔","长老魅魔的内裤"
"867","シスエル","物品","1673","シスエルのミルク","可偷牛奶","希斯艾尔","希斯艾尔之奶"
"868","エクスキュウビ","物品","934","カオストパーズ","掉落","极・九尾","混沌黄玉"
"868","エクスキュウビ","物品","826","白面のしっぽ","掉落","极・九尾","白面的尾巴"
"868","エクスキュウビ","防具","5171","テラのペンダント","掉落","极・九尾","大地之吊坠"
"868","エクスキュウビ","物品","1674","エクスキュウビのミルク","可偷牛奶","极・九尾","极・九尾之奶"
"869","フレール","物品","935","カオスサファイア","掉落","弗莱尔","混沌蓝宝石"
"869","フレール","物品","840","超無限細胞","掉落","弗莱尔","超无限细胞"
"869","フレール","防具","5177","ナノのペンダント","掉落","弗莱尔","纳米之吊坠"
"869","フレール","物品","3","究極薬草","可偷物品","弗莱尔","究极药草"
"869","フレール","物品","77","天空白聖石","可偷物品","弗莱尔","天空白圣石"
"869","フレール","物品","329","肉","可偷食材","弗莱尔","肉"
"869","フレール","物品","241","天使の羽根","可偷素材","弗莱尔","天使的羽毛"
"869","フレール","防具","1933","ギャルのパンツ","可偷内裤","弗莱尔","辣妹的内裤"
"869","フレール","物品","1675","フレールのミルク","可偷牛奶","弗莱尔","弗莱尔之奶"
"870","ブラッディドラゴン","物品","930","カオスルビー","掉落","血龙","混沌红宝石"
"870","ブラッディドラゴン","物品","843","終焉の結晶","掉落","血龙","终焉的结晶"
"870","ブラッディドラゴン","防具","5147","核熱のペンダント","掉落","血龙","核热之吊坠"
"870","ブラッディドラゴン","物品","9","エリクサー","可偷物品","血龙","圣灵药"
"870","ブラッディドラゴン","物品","25","不思議な木の実","可偷物品","血龙","不可思议之果"
"870","ブラッディドラゴン","物品","412","うさぎもち","可偷食材","血龙","兔子年糕"
"870","ブラッディドラゴン","物品","262","神々しい花びら","可偷素材","血龙","神圣花瓣"
"870","ブラッディドラゴン","防具","1974","エルダーサキュバスのパンツ","可偷内裤","血龙","长老魅魔的内裤"
"870","ブラッディドラゴン","物品","1676","ブラッディドラゴンのミルク","可偷牛奶","血龙","血龙之奶"
"871","アプティルト","物品","937","カオスクリスタル","掉落","阿普蒂尔特","混沌水晶"
"871","アプティルト","物品","852","ゼロマター","掉落","阿普蒂尔特","零物质"
"871","アプティルト","防具","5189","終焉のペンダント","掉落","阿普蒂尔特","终焉之吊坠"
"871","アプティルト","物品","3","究極薬草","可偷物品","阿普蒂尔特","究极药草"
"871","アプティルト","物品","77","天空白聖石","可偷物品","阿普蒂尔特","天空白圣石"
"871","アプティルト","物品","329","肉","可偷食材","阿普蒂尔特","肉"
"871","アプティルト","物品","241","天使の羽根","可偷素材","阿普蒂尔特","天使的羽毛"
"871","アプティルト","防具","1933","ギャルのパンツ","可偷内裤","阿普蒂尔特","辣妹的内裤"
"871","アプティルト","物品","1677","アプティルトのミルク","可偷牛奶","阿普蒂尔特","阿普蒂尔特之奶"
"872","アムナリオ","物品","93","空の超秘石","掉落","阿姆纳里奥","空的超秘石"
"872","アムナリオ","物品","852","ゼロマター","掉落","阿姆纳里奥","零物质"
"872","アムナリオ","防具","767","断罪のサークレット","掉落","阿姆纳里奥","断罪头环"
"872","アムナリオ","物品","3","究極薬草","可偷物品","阿姆纳里奥","究极药草"
"872","アムナリオ","物品","77","天空白聖石","可偷物品","阿姆纳里奥","天空白圣石"
"872","アムナリオ","物品","329","肉","可偷食材","阿姆纳里奥","肉"
"872","アムナリオ","物品","241","天使の羽根","可偷素材","阿姆纳里奥","天使的羽毛"
"872","アムナリオ","防具","1933","ギャルのパンツ","可偷内裤","阿姆纳里奥","辣妹的内裤"
"872","アムナリオ","物品","1678","アムナリオのミルク","可偷牛奶","阿姆纳里奥","阿姆纳里奥的乳汁"
"873","サマエル","物品","926","器用さの神種","掉落","萨麦尔","灵巧的神种"
"873","サマエル","物品","856","不滅の黒片","掉落","萨麦尔","不灭的黑片"
"873","サマエル","物品","2403","銃技使用可能の超秘石","掉落","萨麦尔","铳技可用的超秘石"
"873","サマエル","物品","3","究極薬草","可偷物品","萨麦尔","究极药草"
"873","サマエル","防具","1641","ガンナーの悟り","可偷物品","萨麦尔","铳手的领悟"
"873","サマエル","物品","424","アイスクリーム","可偷食材","萨麦尔","冰淇淋"
"873","サマエル","物品","243","禍々しい結晶","可偷素材","萨麦尔","不祥的结晶"
"873","サマエル","物品","1679","サマエルのミルク","可偷牛奶","萨麦尔","萨麦尔之奶"
"874","シャドウアサシン","物品","93","空の超秘石","掉落","影之刺客","空的超秘石"
"874","シャドウアサシン","物品","843","終焉の結晶","掉落","影之刺客","终焉的结晶"
"874","シャドウアサシン","武器","4170","斬釘截鉄","掉落","影之刺客","斩钉截铁"
"874","シャドウアサシン","物品","9","エリクサー","可偷物品","影之刺客","圣灵药"
"874","シャドウアサシン","物品","25","不思議な木の実","可偷物品","影之刺客","不可思议之果"
"874","シャドウアサシン","物品","412","うさぎもち","可偷食材","影之刺客","兔子年糕"
"874","シャドウアサシン","物品","262","神々しい花びら","可偷素材","影之刺客","神圣花瓣"
"874","シャドウアサシン","防具","1974","エルダーサキュバスのパンツ","可偷内裤","影之刺客","长老魅魔的内裤"
"874","シャドウアサシン","物品","1680","シャドウアサシンのミルク","可偷牛奶","影之刺客","影之刺客之奶"
"875","正体不明","物品","902","最終薬草","掉落","身份不明","最终药草"
"875","正体不明","物品","847","アンノウンセル","掉落","身份不明","未知之卵"
"875","正体不明","物品","2103","HPの超秘石","掉落","身份不明","HP的超秘石"
"875","正体不明","物品","9","エリクサー","可偷物品","身份不明","圣灵药"
"875","正体不明","物品","25","不思議な木の実","可偷物品","身份不明","不可思议之果"
"875","正体不明","物品","412","うさぎもち","可偷食材","身份不明","兔子年糕"
"875","正体不明","物品","262","神々しい花びら","可偷素材","身份不明","神圣花瓣"
"875","正体不明","防具","1974","エルダーサキュバスのパンツ","可偷内裤","身份不明","长老魅魔的内裤"
"875","正体不明","物品","1681","正体不明1のミルク","可偷牛奶","身份不明","身份不明1的乳汁"
"876","正体不明","物品","827","深淵の触手","掉落","身份不明","深渊的触手"
"876","正体不明","物品","847","アンノウンセル","掉落","身份不明","未知之卵"
"876","正体不明","物品","2511","器用さの超秘石","掉落","身份不明","灵巧的超秘石"
"876","正体不明","物品","9","エリクサー","可偷物品","身份不明","圣灵药"
"876","正体不明","物品","25","不思議な木の実","可偷物品","身份不明","不可思议之果"
"876","正体不明","物品","412","うさぎもち","可偷食材","身份不明","兔子年糕"
"876","正体不明","物品","262","神々しい花びら","可偷素材","身份不明","神圣花瓣"
"876","正体不明","防具","1974","エルダーサキュバスのパンツ","可偷内裤","身份不明","长老魅魔的内裤"
"876","正体不明","物品","1682","正体不明2のミルク","可偷牛奶","身份不明","身份不明2的乳汁"
"877","正体不明","物品","905","カオスドリンク","掉落","身份不明","混沌饮料"
"877","正体不明","物品","847","アンノウンセル","掉落","身份不明","未知之卵"
"877","正体不明","物品","2113","力の超秘石","掉落","身份不明","力量的超秘石"
"877","正体不明","物品","9","エリクサー","可偷物品","身份不明","圣灵药"
"877","正体不明","物品","25","不思議な木の実","可偷物品","身份不明","不可思议之果"
"877","正体不明","物品","412","うさぎもち","可偷食材","身份不明","兔子年糕"
"877","正体不明","物品","262","神々しい花びら","可偷素材","身份不明","神圣花瓣"
"877","正体不明","防具","1974","エルダーサキュバスのパンツ","可偷内裤","身份不明","长老魅魔的内裤"
"877","正体不明","物品","1683","正体不明3のミルク","可偷牛奶","身份不明","身份不明3的乳汁"
"878","正体不明","物品","12","世界樹の葉","掉落","身份不明","世界树之叶"
"878","正体不明","物品","847","アンノウンセル","掉落","身份不明","未知之卵"
"878","正体不明","物品","2835","MPの超秘石","掉落","身份不明","MP的超秘石"
"878","正体不明","物品","9","エリクサー","可偷物品","身份不明","圣灵药"
"878","正体不明","物品","25","不思議な木の実","可偷物品","身份不明","不可思议之果"
"878","正体不明","物品","412","うさぎもち","可偷食材","身份不明","兔子年糕"
"878","正体不明","物品","262","神々しい花びら","可偷素材","身份不明","神圣花瓣"
"878","正体不明","防具","1974","エルダーサキュバスのパンツ","可偷内裤","身份不明","长老魅魔的内裤"
"878","正体不明","物品","1684","正体不明4のミルク","可偷牛奶","身份不明","身份不明4的乳汁"
"879","正体不明","物品","919","命の神実","掉落","身份不明","生命之神果"
"879","正体不明","防具","4994","巨技の極意書","掉落","身份不明","巨技之极意书"
"879","正体不明","物品","3376","気力充填の超秘石","掉落","身份不明","气力充填的超秘石"
"879","正体不明","物品","9","エリクサー","可偷物品","身份不明","圣灵药"
"879","正体不明","物品","25","不思議な木の実","可偷物品","身份不明","不可思议之果"
"879","正体不明","物品","412","うさぎもち","可偷食材","身份不明","兔子年糕"
"879","正体不明","物品","262","神々しい花びら","可偷素材","身份不明","神圣花瓣"
"879","正体不明","防具","1974","エルダーサキュバスのパンツ","可偷内裤","身份不明","长老魅魔的内裤"
"879","正体不明","物品","1685","正体不明5のミルク","可偷牛奶","身份不明","身份不明5的乳汁"
"880","強欲のパピ","物品","921","力の神種","掉落","贪婪的帕皮","力量的神种"
"880","強欲のパピ","物品","456","究極の牛丼","掉落","贪婪的帕皮","究极牛丼"
"880","強欲のパピ","物品","2156","仲間思いの超秘石","掉落","贪婪的帕皮","关心同伴的超秘石"
"880","強欲のパピ","防具","1808","ミニ竜の腰布","可偷内裤","贪婪的帕皮","小龙腰布"
"880","強欲のパピ","物品","1012","ドラゴンパピーのミルク","可偷牛奶","贪婪的帕皮","迷你龙的乳汁"
"881","バンシィ","物品","903","カオスの霊薬","掉落","报丧女妖","混沌的灵药"
"881","バンシィ","物品","848","永遠の鱗","掉落","报丧女妖","永恒的鳞片"
"881","バンシィ","物品","2594","ストップ付加の超秘石","掉落","报丧女妖","停止附加的超秘石"
"881","バンシィ","物品","9","エリクサー","可偷物品","报丧女妖","圣灵药"
"881","バンシィ","物品","25","不思議な木の実","可偷物品","报丧女妖","不可思议之果"
"881","バンシィ","物品","412","うさぎもち","可偷食材","报丧女妖","兔子年糕"
"881","バンシィ","物品","262","神々しい花びら","可偷素材","报丧女妖","神圣花瓣"
"881","バンシィ","防具","1974","エルダーサキュバスのパンツ","可偷内裤","报丧女妖","长老魅魔的内裤"
"881","バンシィ","物品","1686","バンシィのミルク","可偷牛奶","报丧女妖","报丧女妖之奶"
"882","ボアバンシィ","物品","93","空の超秘石","掉落","嗜吞报丧女妖","空的超秘石"
"882","ボアバンシィ","物品","848","永遠の鱗","掉落","嗜吞报丧女妖","永恒的鳞片"
"882","ボアバンシィ","物品","4228","ナノ強化の超秘石","掉落","嗜吞报丧女妖","纳米强化的超秘石"
"882","ボアバンシィ","物品","9","エリクサー","可偷物品","嗜吞报丧女妖","圣灵药"
"882","ボアバンシィ","物品","25","不思議な木の実","可偷物品","嗜吞报丧女妖","不可思议之果"
"882","ボアバンシィ","物品","412","うさぎもち","可偷食材","嗜吞报丧女妖","兔子年糕"
"882","ボアバンシィ","物品","262","神々しい花びら","可偷素材","嗜吞报丧女妖","神圣花瓣"
"882","ボアバンシィ","防具","1974","エルダーサキュバスのパンツ","可偷内裤","嗜吞报丧女妖","长老魅魔的内裤"
"882","ボアバンシィ","物品","1687","ボアバンシィのミルク","可偷牛奶","嗜吞报丧女妖","嗜吞报丧女妖的乳汁"
"883","ワールドドロウン","物品","848","永遠の鱗","掉落","世界沉没者","永恒的鳞片"
"883","ワールドドロウン","物品","4407","ワールドドロウンの極秘石","掉落","世界沉没者","世界沉没者的极秘石"
"883","ワールドドロウン","物品","785","マーメイドの禁璧","掉落","世界沉没者","人鱼的禁璧"
"883","ワールドドロウン","物品","9","エリクサー","可偷物品","世界沉没者","圣灵药"
"883","ワールドドロウン","物品","25","不思議な木の実","可偷物品","世界沉没者","不可思议之果"
"883","ワールドドロウン","物品","412","うさぎもち","可偷食材","世界沉没者","兔子年糕"
"883","ワールドドロウン","物品","262","神々しい花びら","可偷素材","世界沉没者","神圣花瓣"
"883","ワールドドロウン","防具","1974","エルダーサキュバスのパンツ","可偷内裤","世界沉没者","长老魅魔的内裤"
"883","ワールドドロウン","物品","1688","ワールドドロウンのミルク","可偷牛奶","世界沉没者","世界沉没者的乳汁"
"884","パズズ","物品","925","素早さの神種","掉落","帕祖祖","敏捷的神种"
"884","パズズ","物品","852","ゼロマター","掉落","帕祖祖","零物质"
"884","パズズ","武器","4201","シルバーローズ","掉落","帕祖祖","银蔷薇"
"884","パズズ","物品","9","エリクサー","可偷物品","帕祖祖","圣灵药"
"884","パズズ","物品","25","不思議な木の実","可偷物品","帕祖祖","不可思议之果"
"884","パズズ","物品","412","うさぎもち","可偷食材","帕祖祖","兔子年糕"
"884","パズズ","物品","262","神々しい花びら","可偷素材","帕祖祖","神圣花瓣"
"884","パズズ","防具","1974","エルダーサキュバスのパンツ","可偷内裤","帕祖祖","长老魅魔的内裤"
"884","パズズ","物品","1689","パズズのミルク","可偷牛奶","帕祖祖","帕祖祖的乳汁"
"885","マステマ","物品","93","空の超秘石","掉落","莫斯提马","空的超秘石"
"885","マステマ","物品","822","神様のどんぐり","掉落","莫斯提马","神大人的橡果"
"885","マステマ","防具","802","緑皇の冠","掉落","莫斯提马","绿皇之冠"
"885","マステマ","物品","9","エリクサー","可偷物品","莫斯提马","圣灵药"
"885","マステマ","物品","25","不思議な木の実","可偷物品","莫斯提马","不可思议之果"
"885","マステマ","物品","412","うさぎもち","可偷食材","莫斯提马","兔子年糕"
"885","マステマ","物品","262","神々しい花びら","可偷素材","莫斯提马","神圣花瓣"
"885","マステマ","防具","1974","エルダーサキュバスのパンツ","可偷内裤","莫斯提马","长老魅魔的内裤"
"885","マステマ","物品","1690","マステマのミルク","可偷牛奶","莫斯提马","莫斯提马的乳汁"
"886","コスモス","防具","5166","ハドロンのアミュレット","掉落","宇宙神蝶","强子之护符"
"886","コスモス","物品","4410","コスモスの極秘石","掉落","宇宙神蝶","宇宙神蝶的极秘石"
"886","コスモス","物品","787","フェアリーの禁璧","掉落","宇宙神蝶","妖精的禁璧"
"886","コスモス","物品","3","究極薬草","可偷物品","宇宙神蝶","究极药草"
"886","コスモス","防具","1269","音波の極意書","可偷物品","宇宙神蝶","音波之极意书"
"886","コスモス","物品","356","サーモンベーグルサンド","可偷食材","宇宙神蝶","鲑鱼贝果三明治"
"886","コスモス","物品","246","覇虫の針","可偷素材","宇宙神蝶","霸虫的针"
"886","コスモス","物品","1509","コスモスのミルク","可偷牛奶","宇宙神蝶","宇宙神蝶的乳汁"
"887","ノーライフキング","物品","8","バーストドリンク","可偷物品","无生之王","爆发饮料"
"887","ノーライフキング","防具","1245","炎の極意書","可偷物品","无生之王","炎之极意书"
"887","ノーライフキング","物品","377","ステーキ","可偷食材","无生之王","牛排"
"887","ノーライフキング","物品","247","覇竜の牙","可偷素材","无生之王","霸龙的牙齿"
"887","ノーライフキング","物品","1691","ノーライフキングのミルク","可偷牛奶","无生之王","无生之王的乳汁"
"888","アメノハヅチ","物品","93","空の超秘石","掉落","天羽槌","空的超秘石"
"888","アメノハヅチ","物品","852","ゼロマター","掉落","天羽槌","零物质"
"888","アメノハヅチ","武器","4246","天沼矛","掉落","天羽槌","天沼矛"
"888","アメノハヅチ","物品","8","バーストドリンク","可偷物品","天羽槌","爆发饮料"
"888","アメノハヅチ","防具","1020","ギガントリスト","可偷物品","天羽槌","巨人护腕"
"888","アメノハヅチ","物品","371","牛丼","可偷食材","天羽槌","牛丼"
"888","アメノハヅチ","物品","251","妖艶なる尻尾","可偷素材","天羽槌","妖艳的尾巴"
"888","アメノハヅチ","物品","1692","アメノハヅチのミルク","可偷牛奶","天羽槌","天羽槌的乳汁"
"889","八尺様","物品","902","最終薬草","掉落","八尺大人","最终药草"
"889","八尺様","物品","849","悪夢の胞子","掉落","八尺大人","恶梦的孢子"
"889","八尺様","武器","4569","万年樹鞭","掉落","八尺大人","万年树鞭"
"889","八尺様","物品","9","エリクサー","可偷物品","八尺大人","圣灵药"
"889","八尺様","物品","25","不思議な木の実","可偷物品","八尺大人","不可思议之果"
"889","八尺様","物品","412","うさぎもち","可偷食材","八尺大人","兔子年糕"
"889","八尺様","物品","262","神々しい花びら","可偷素材","八尺大人","神圣花瓣"
"889","八尺様","防具","1974","エルダーサキュバスのパンツ","可偷内裤","八尺大人","长老魅魔的内裤"
"889","八尺様","物品","1693","八尺様のミルク","可偷牛奶","八尺大人","八尺大人的乳汁"
"890","ニフタ・テロス","物品","112","賢者の石","掉落","尼菲特・泰罗斯","贤者之石"
"890","ニフタ・テロス","防具","4573","終焉の極意書","掉落","尼菲特・泰罗斯","终焉之极意书"
"890","ニフタ・テロス","物品","2900","闇強化の絶秘石","掉落","尼菲特・泰罗斯","暗强化的绝秘石"
"890","ニフタ・テロス","物品","9","エリクサー","可偷物品","尼菲特・泰罗斯","圣灵药"
"890","ニフタ・テロス","物品","24","命の木の実","可偷物品","尼菲特・泰罗斯","生命之果"
"890","ニフタ・テロス","物品","444","ドクロ","可偷食材","尼菲特・泰罗斯","骷髅"
"890","ニフタ・テロス","物品","273","ハインリヒ細胞","可偷素材","尼菲特・泰罗斯","海因里希细胞"
"890","ニフタ・テロス","防具","1973","八尾のふんどし","可偷内裤","尼菲特・泰罗斯","八尾的兜裆布"
"890","ニフタ・テロス","物品","1694","ニフタ・テロスのミルク","可偷牛奶","尼菲特・泰罗斯","尼菲特・泰罗斯的乳汁"
"891","ノーライフキング","防具","771","ノーライフキング","掉落","无生之王","无生之王"
"891","ノーライフキング","物品","4413","ノーライフキングの極秘石","掉落","无生之王","无生之王的极秘石"
"891","ノーライフキング","物品","799","ゾンビの禁璧","掉落","无生之王","僵尸的禁璧"
"891","ノーライフキング","物品","8","バーストドリンク","可偷物品","无生之王","爆发饮料"
"891","ノーライフキング","防具","1245","炎の極意書","可偷物品","无生之王","炎之极意书"
"891","ノーライフキング","物品","377","ステーキ","可偷食材","无生之王","牛排"
"891","ノーライフキング","物品","247","覇竜の牙","可偷素材","无生之王","霸龙的牙齿"
"891","ノーライフキング","物品","1691","ノーライフキングのミルク","可偷牛奶","无生之王","无生之王的乳汁"
"892","アンゴルモア","防具","856","アンゴルモア","掉落","安哥尔摩亚","安哥尔摩亚"
"892","アンゴルモア","物品","4398","アンゴルモアの極秘石","掉落","安哥尔摩亚","安哥尔摩亚的极秘石"
"892","アンゴルモア","物品","786","エルフの禁璧","掉落","安哥尔摩亚","精灵的禁璧"
"892","アンゴルモア","物品","9","エリクサー","可偷物品","安哥尔摩亚","圣灵药"
"892","アンゴルモア","物品","25","不思議な木の実","可偷物品","安哥尔摩亚","不可思议之果"
"892","アンゴルモア","物品","412","うさぎもち","可偷食材","安哥尔摩亚","兔子年糕"
"892","アンゴルモア","物品","262","神々しい花びら","可偷素材","安哥尔摩亚","神圣花瓣"
"892","アンゴルモア","防具","1974","エルダーサキュバスのパンツ","可偷内裤","安哥尔摩亚","长老魅魔的内裤"
"892","アンゴルモア","物品","1658","アンゴルモアのミルク","可偷牛奶","安哥尔摩亚","安哥尔摩亚的乳汁"
"893","マガツオオミカミ","武器","4296","フツノミタマ","掉落","祸津大御神","普通之魂"
"893","マガツオオミカミ","物品","4401","マガツオオミカミの極秘石","掉落","祸津大御神","祸津大御神的极秘石"
"893","マガツオオミカミ","物品","782","亜人の禁璧","掉落","祸津大御神","亚人的禁璧"
"893","マガツオオミカミ","物品","9","エリクサー","可偷物品","祸津大御神","圣灵药"
"893","マガツオオミカミ","物品","25","不思議な木の実","可偷物品","祸津大御神","不可思议之果"
"893","マガツオオミカミ","物品","412","うさぎもち","可偷食材","祸津大御神","兔子年糕"
"893","マガツオオミカミ","物品","262","神々しい花びら","可偷素材","祸津大御神","神圣花瓣"
"893","マガツオオミカミ","防具","1974","エルダーサキュバスのパンツ","可偷内裤","祸津大御神","长老魅魔的内裤"
"893","マガツオオミカミ","物品","1667","マガツオオミカミのミルク","可偷牛奶","祸津大御神","祸津大御神的乳汁"
"894","アリスフィーズ3世","物品","10","ラストエリクサー","掉落","爱丽丝菲兹3世","最终圣灵药"
"894","アリスフィーズ3世","物品","886","根源の闇","掉落","爱丽丝菲兹3世","根源的黑暗"
"894","アリスフィーズ3世","物品","3630","風に親しむ者の極秘石","掉落","爱丽丝菲兹3世","风之亲和者的极秘石"
"894","アリスフィーズ3世","物品","1598","アリスフィーズ3世のミルク","可偷牛奶","爱丽丝菲兹3世","爱丽丝菲兹3世的乳汁"
"895","アリスフィーズ4世","物品","913","賢者の秘薬","掉落","爱丽丝菲兹4世","贤者的秘药"
"895","アリスフィーズ4世","物品","843","終焉の結晶","掉落","爱丽丝菲兹4世","终焉的结晶"
"895","アリスフィーズ4世","防具","4502","銀河の秘伝書","掉落","爱丽丝菲兹4世","银河之秘传书"
"895","アリスフィーズ4世","物品","1599","アリスフィーズ4世のミルク","可偷牛奶","爱丽丝菲兹4世","爱丽丝菲兹4世的乳汁"
"896","アリスフィーズ5世","物品","930","カオスルビー","掉落","爱丽丝菲兹5世","混沌红宝石"
"896","アリスフィーズ5世","物品","884","魔王核熱結晶","掉落","爱丽丝菲兹5世","魔王核热结晶"
"896","アリスフィーズ5世","防具","4104","滅鏡","掉落","爱丽丝菲兹5世","灭镜"
"896","アリスフィーズ5世","物品","1600","アリスフィーズ5世のミルク","可偷牛奶","爱丽丝菲兹5世","爱丽丝菲兹5世的乳汁"
"897","アリスフィーズ6世","物品","906","ファイナルドリンク","掉落","爱丽丝菲兹6世","最终饮料"
"897","アリスフィーズ6世","物品","853","メギドの結晶","掉落","爱丽丝菲兹6世","米吉多的结晶"
"897","アリスフィーズ6世","物品","4054","ドラゴンのための絶秘石","掉落","爱丽丝菲兹6世","龙的绝秘石"
"897","アリスフィーズ6世","物品","1601","アリスフィーズ6世のミルク","可偷牛奶","爱丽丝菲兹6世","爱丽丝菲兹6世的乳汁"
"898","アリスフィーズ7世","物品","904","最後の霊薬","掉落","爱丽丝菲兹7世","最终之灵药"
"898","アリスフィーズ7世","物品","884","魔王核熱結晶","掉落","爱丽丝菲兹7世","魔王核热结晶"
"898","アリスフィーズ7世","物品","3486","植物技の絶秘石","掉落","爱丽丝菲兹7世","植物技的绝秘石"
"898","アリスフィーズ7世","物品","1602","アリスフィーズ7世のミルク","可偷牛奶","爱丽丝菲兹7世","爱丽丝菲兹7世的乳汁"
"899","アリスフィーズ9世","物品","42","超職の種","掉落","爱丽丝菲兹9世","超职之种"
"899","アリスフィーズ9世","物品","886","根源の闇","掉落","爱丽丝菲兹9世","根源的黑暗"
"899","アリスフィーズ9世","物品","3650","闇に親しむ者の極秘石","掉落","爱丽丝菲兹9世","暗之亲和者的极秘石"
"899","アリスフィーズ9世","物品","1603","アリスフィーズ9世のミルク","可偷牛奶","爱丽丝菲兹9世","爱丽丝菲兹9世的乳汁"
"900","アリスフィーズ10世","物品","112","賢者の石","掉落","爱丽丝菲兹10世","贤者之石"
"900","アリスフィーズ10世","物品","853","メギドの結晶","掉落","爱丽丝菲兹10世","米吉多的结晶"
"900","アリスフィーズ10世","物品","3491","屍技の絶秘石","掉落","爱丽丝菲兹10世","尸技的绝秘石"
"900","アリスフィーズ10世","物品","1604","アリスフィーズ10世のミルク","可偷牛奶","爱丽丝菲兹10世","爱丽丝菲兹10世的乳汁"
"901","アリスフィーズ11世","物品","933","カオスエメラルド","掉落","爱丽丝菲兹11世","混沌翡翠"
"901","アリスフィーズ11世","物品","848","永遠の鱗","掉落","爱丽丝菲兹11世","永恒的鳞片"
"901","アリスフィーズ11世","物品","3451","海技の絶秘石","掉落","爱丽丝菲兹11世","海技的绝秘石"
"901","アリスフィーズ11世","物品","1695","アリスフィーズ11世のミルク","可偷牛奶","爱丽丝菲兹11世","爱丽丝菲兹11世的乳汁"
"902","アリスフィーズ12世","物品","925","素早さの神種","掉落","爱丽丝菲兹12世","敏捷的神种"
"902","アリスフィーズ12世","物品","845","神獣の爪","掉落","爱丽丝菲兹12世","神兽的爪"
"902","アリスフィーズ12世","物品","4024","魔獣のための絶秘石","掉落","爱丽丝菲兹12世","魔兽的绝秘石"
"902","アリスフィーズ12世","物品","1696","アリスフィーズ12世のミルク","可偷牛奶","爱丽丝菲兹12世","爱丽丝菲兹12世的乳汁"
"903","アリスフィーズ13世","物品","919","命の神実","掉落","爱丽丝菲兹13世","生命之神果"
"903","アリスフィーズ13世","物品","845","神獣の爪","掉落","爱丽丝菲兹13世","神兽的爪"
"903","アリスフィーズ13世","物品","3423","森強化の絶秘石","掉落","爱丽丝菲兹13世","森林强化的绝秘石"
"903","アリスフィーズ13世","物品","1606","アリスフィーズ13世のミルク","可偷牛奶","爱丽丝菲兹13世","爱丽丝菲兹13世的乳汁"
"904","アリスフィーズ14世","物品","914","女神の秘薬","掉落","爱丽丝菲兹14世","女神的秘药"
"904","アリスフィーズ14世","物品","884","魔王核熱結晶","掉落","爱丽丝菲兹14世","魔王核热结晶"
"904","アリスフィーズ14世","防具","1412","魔王の証","掉落","爱丽丝菲兹14世","魔王的证明"
"904","アリスフィーズ14世","物品","1607","アリスフィーズ14世のミルク","可偷牛奶","爱丽丝菲兹14世","爱丽丝菲兹14世的乳汁"
"905","禍撫分裂体","物品","423","プリン","掉落","祸抚分裂体","布丁"
"905","禍撫分裂体","物品","823","きらきらゼリー","掉落","祸抚分裂体","闪闪发光的果冻"
"905","禍撫分裂体","武器","4622","アーネンエルベ","掉落","祸抚分裂体","阿伦艾尔贝"
"906","蛭蟲分裂体","物品","47","神種の種","掉落","蛭虫分裂体","神种之种"
"906","蛭蟲分裂体","物品","835","超蛭蟲細胞","掉落","蛭虫分裂体","超蛭虫细胞"
"906","蛭蟲分裂体","武器","4515","アポクリファ","掉落","蛭虫分裂体","伪典"
"907","ゲシュタルト","物品","93","空の超秘石","掉落","格式塔","空的超秘石"
"907","ゲシュタルト","物品","852","ゼロマター","掉落","格式塔","零物质"
"907","ゲシュタルト","武器","4348","明鏡止水の拳","掉落","格式塔","明镜止水的拳"
"907","ゲシュタルト","物品","9","エリクサー","可偷物品","格式塔","圣灵药"
"907","ゲシュタルト","物品","25","不思議な木の実","可偷物品","格式塔","不可思议之果"
"907","ゲシュタルト","物品","412","うさぎもち","可偷食材","格式塔","兔子年糕"
"907","ゲシュタルト","物品","262","神々しい花びら","可偷素材","格式塔","神圣花瓣"
"907","ゲシュタルト","防具","1974","エルダーサキュバスのパンツ","可偷内裤","格式塔","长老魅魔的内裤"
"907","ゲシュタルト","物品","1697","ゲシュタルトのミルク","可偷牛奶","格式塔","格式塔的乳汁"
"908","ハイブマインド","物品","922","守りの神種","掉落","蜂巢思维","守护的神种"
"908","ハイブマインド","物品","852","ゼロマター","掉落","蜂巢思维","零物质"
"908","ハイブマインド","防具","1769","伝説の再来","掉落","蜂巢思维","传说的再现"
"908","ハイブマインド","物品","9","エリクサー","可偷物品","蜂巢思维","圣灵药"
"908","ハイブマインド","物品","25","不思議な木の実","可偷物品","蜂巢思维","不可思议之果"
"908","ハイブマインド","物品","412","うさぎもち","可偷食材","蜂巢思维","兔子年糕"
"908","ハイブマインド","物品","262","神々しい花びら","可偷素材","蜂巢思维","神圣花瓣"
"908","ハイブマインド","防具","1974","エルダーサキュバスのパンツ","可偷内裤","蜂巢思维","长老魅魔的内裤"
"908","ハイブマインド","物品","1698","ハイブマインドのミルク","可偷牛奶","蜂巢思维","蜂巢思维的乳汁"
"909","バアル・ゼブブ","物品","47","神種の種","掉落","巴力・西卜","神种之种"
"909","バアル・ゼブブ","物品","4416","バアル・ゼブブの極秘石","掉落","巴力・西卜","巴力・西卜的极秘石"
"909","バアル・ゼブブ","物品","797","魔蟲の禁璧","掉落","巴力・西卜","魔虫的禁璧"
"909","バアル・ゼブブ","物品","9","エリクサー","可偷物品","巴力・西卜","圣灵药"
"909","バアル・ゼブブ","防具","1238","物理の秘伝書","可偷物品","巴力・西卜","物理之秘传书"
"909","バアル・ゼブブ","物品","367","パエリア","可偷食材","巴力・西卜","海鲜饭"
"909","バアル・ゼブブ","物品","251","妖艶なる尻尾","可偷素材","巴力・西卜","妖艳的尾巴"
"909","バアル・ゼブブ","物品","1699","バアル・ゼブブのミルク","可偷牛奶","巴力・西卜","巴力・西卜的乳汁"
"910","強欲のゴブ","物品","925","素早さの神種","掉落","贪婪的葛布","敏捷的神种"
"910","強欲のゴブ","物品","362","特上おにぎり","掉落","贪婪的葛布","特级饭团"
"910","強欲のゴブ","物品","2133","反撃の超秘石","掉落","贪婪的葛布","反击的超秘石"
"910","強欲のゴブ","防具","1806","ゴブリンパンツ","可偷内裤","贪婪的葛布","哥布林内裤"
"910","強欲のゴブ","物品","1009","ゴブリン娘のミルク","可偷牛奶","贪婪的葛布","哥布林娘的乳汁"
"911","強欲のプチ","物品","58","フロストアメジスト","掉落","贪婪的普蒂","霜冻紫水晶"
"911","強欲のプチ","物品","409","あまあまだんご","掉落","贪婪的普蒂","甜甜团子"
"911","強欲のプチ","物品","2745","御奉仕使用可能の超秘石","掉落","贪婪的普蒂","可以使用侍奉的超秘石"
"911","強欲のプチ","物品","1010","プチラミアのミルク","可偷牛奶","贪婪的普蒂","迷你拉米亚的乳汁"
"912","強欲のヴァニラ","物品","920","不思議な神実","掉落","贪婪的瓦尼拉","不可思议的神实"
"912","強欲のヴァニラ","物品","2845","魔力の超秘石","掉落","贪婪的瓦尼拉","魔力的超秘石"
"912","強欲のヴァニラ","武器","4722","七つの大罪・強欲","掉落","贪婪的瓦尼拉","七宗罪・贪婪"
"912","強欲のヴァニラ","防具","1807","こうもりパンツ","可偷内裤","贪婪的瓦尼拉","蝙蝠内裤"
"912","強欲のヴァニラ","物品","1011","ヴァンパイアガールのミルク","可偷牛奶","贪婪的瓦尼拉","萝莉吸血鬼的乳汁"
"913","マダムラミア","物品","93","空の超秘石","掉落","拉米亚夫人","空的超秘石"
"913","マダムラミア","物品","838","魔王の蛇尾","掉落","拉米亚夫人","魔王的蛇尾"
"913","マダムラミア","武器","4641","聖王球","掉落","拉米亚夫人","圣王球"
"913","マダムラミア","物品","9","エリクサー","可偷物品","拉米亚夫人","圣灵药"
"913","マダムラミア","物品","24","命の木の実","可偷物品","拉米亚夫人","生命之果"
"913","マダムラミア","物品","444","ドクロ","可偷食材","拉米亚夫人","骷髅"
"913","マダムラミア","物品","273","ハインリヒ細胞","可偷素材","拉米亚夫人","海因里希细胞"
"913","マダムラミア","防具","1973","八尾のふんどし","可偷内裤","拉米亚夫人","八尾的兜裆布"
"913","マダムラミア","物品","1700","マダムラミアのミルク","可偷牛奶","拉米亚夫人","拉米亚夫人的乳汁"
"914","嫉妬のリリィ","物品","923","魔力の神種","掉落","嫉妒的莉莉","魔力的神种"
"914","嫉妬のリリィ","武器","4575","七つの大罪・嫉妬","掉落","嫉妒的莉莉","七宗罪・嫉妒"
"914","嫉妬のリリィ","物品","780","ワームサマナーの禁璧","掉落","嫉妒的莉莉","蠕虫召唤师的禁壁"
"914","嫉妬のリリィ","物品","9","エリクサー","可偷物品","嫉妒的莉莉","圣灵药"
"914","嫉妬のリリィ","物品","24","命の木の実","可偷物品","嫉妒的莉莉","生命之果"
"914","嫉妬のリリィ","物品","444","ドクロ","可偷食材","嫉妒的莉莉","骷髅"
"914","嫉妬のリリィ","物品","273","ハインリヒ細胞","可偷素材","嫉妒的莉莉","海因里希细胞"
"914","嫉妬のリリィ","防具","1973","八尾のふんどし","可偷内裤","嫉妒的莉莉","八尾的兜裆布"
"914","嫉妬のリリィ","物品","1120","リリィのミルク","可偷牛奶","嫉妒的莉莉","莉莉的乳汁"
"915","憤怒の牛魔王","物品","921","力の神種","掉落","愤怒的牛魔王","力量的神种"
"915","憤怒の牛魔王","防具","4061","覇拳の数珠","掉落","愤怒的牛魔王","霸拳念珠"
"915","憤怒の牛魔王","武器","4432","七つの大罪・憤怒","掉落","愤怒的牛魔王","七宗罪・愤怒"
"915","憤怒の牛魔王","防具","1880","マジカルテントウのパンツ","可偷内裤","愤怒的牛魔王","魔法瓢虫的内裤"
"915","憤怒の牛魔王","物品","1184","牛魔王のミルク","可偷牛奶","愤怒的牛魔王","牛魔王的乳汁"
"916","暴食のカサンドラ","物品","919","命の神実","掉落","暴食的卡桑德拉","生命之神果"
"916","暴食のカサンドラ","物品","2615","消化付加の絶秘石","掉落","暴食的卡桑德拉","消化附加的绝秘石"
"916","暴食のカサンドラ","武器","4701","七つの大罪・暴食","掉落","暴食的卡桑德拉","七宗罪・暴食"
"916","暴食のカサンドラ","物品","9","エリクサー","可偷物品","暴食的卡桑德拉","圣灵药"
"916","暴食のカサンドラ","物品","24","命の木の実","可偷物品","暴食的卡桑德拉","生命之果"
"916","暴食のカサンドラ","物品","444","ドクロ","可偷食材","暴食的卡桑德拉","骷髅"
"916","暴食のカサンドラ","物品","273","ハインリヒ細胞","可偷素材","暴食的卡桑德拉","海因里希细胞"
"916","暴食のカサンドラ","防具","1973","八尾のふんどし","可偷内裤","暴食的卡桑德拉","八尾的兜裆布"
"916","暴食のカサンドラ","物品","1297","カサンドラのミルク","可偷牛奶","暴食的卡桑德拉","卡桑德拉的乳汁"
"917","色欲のリリス＆リリム","物品","926","器用さの神種","掉落","色欲的莉莉斯＆莉莉姆","灵巧的神种"
"917","色欲のリリス＆リリム","物品","94","空の絶秘石","掉落","色欲的莉莉斯＆莉莉姆","空的绝秘石"
"917","色欲のリリス＆リリム","物品","2640","誘惑付加の絶秘石","掉落","色欲的莉莉斯＆莉莉姆","诱惑附加的绝秘石"
"917","色欲のリリス＆リリム","物品","1295","リリス＆リリムのミルク","可偷牛奶","色欲的莉莉斯＆莉莉姆","莉莉斯和莉莉姆的乳汁"
"918","色欲のウィッチ","物品","904","最後の霊薬","掉落","色欲的女巫","最终之灵药"
"918","色欲のウィッチ","防具","4517","ナイトメアの極意書","掉落","色欲的女巫","噩梦之极意书"
"918","色欲のウィッチ","武器","4848","七つの大罪・色欲","掉落","色欲的女巫","七宗罪・色欲"
"918","色欲のウィッチ","防具","1893","サキュバスのVパンツ","可偷内裤","色欲的女巫","魅魔的V型内裤"
"918","色欲のウィッチ","物品","1298","ウィッチサキュバスのミルク","可偷牛奶","色欲的女巫","女巫魅魔的乳汁"
"919","傲慢のカーミラ","物品","921","力の神種","掉落","傲慢的卡米拉","力量的神种"
"919","傲慢のカーミラ","物品","856","不滅の黒片","掉落","傲慢的卡米拉","不灭的黑片"
"919","傲慢のカーミラ","物品","2448","反撃する者の絶秘石","掉落","傲慢的卡米拉","反击者的绝秘石"
"919","傲慢のカーミラ","物品","3","究極薬草","可偷物品","傲慢的卡米拉","究极药草"
"919","傲慢のカーミラ","防具","1250","雷の秘伝書","可偷物品","傲慢的卡米拉","雷之秘传书"
"919","傲慢のカーミラ","物品","382","フルーツサラダ","可偷食材","傲慢的卡米拉","水果沙拉"
"919","傲慢のカーミラ","物品","224","夜の黒片","可偷素材","傲慢的卡米拉","夜的黑片"
"919","傲慢のカーミラ","防具","1910","吸血女王のパンツ","可偷内裤","傲慢的卡米拉","吸血女王的内裤"
"919","傲慢のカーミラ","物品","1331","カーミラのミルク","可偷牛奶","傲慢的卡米拉","卡米拉的乳汁"
"920","傲慢のエリザベート","物品","923","魔力の神種","掉落","傲慢的伊丽莎白","魔力的神种"
"920","傲慢のエリザベート","物品","856","不滅の黒片","掉落","傲慢的伊丽莎白","不灭的黑片"
"920","傲慢のエリザベート","物品","2600","ミニマム付加の絶秘石","掉落","傲慢的伊丽莎白","缩小附加的绝秘石"
"920","傲慢のエリザベート","物品","3","究極薬草","可偷物品","傲慢的伊丽莎白","究极药草"
"920","傲慢のエリザベート","防具","1048","千里眼の櫛","可偷物品","傲慢的伊丽莎白","千里眼梳子"
"920","傲慢のエリザベート","物品","386","ローストチキン","可偷食材","傲慢的伊丽莎白","烤鸡"
"920","傲慢のエリザベート","物品","224","夜の黒片","可偷素材","傲慢的伊丽莎白","夜的黑片"
"920","傲慢のエリザベート","防具","1911","マスターシャドウのパンツ","可偷内裤","傲慢的伊丽莎白","幽影之主的内裤"
"920","傲慢のエリザベート","物品","1332","エリザベートのミルク","可偷牛奶","傲慢的伊丽莎白","伊丽莎白的乳汁"
"921","傲慢のファティマ","物品","932","カオストルマリン","掉落","傲慢的法蒂玛","混沌电气石"
"921","傲慢のファティマ","物品","4277","ナイトメア耐性の絶秘石","掉落","傲慢的法蒂玛","噩梦耐性的绝秘石"
"921","傲慢のファティマ","武器","4099","七つの大罪・傲慢","掉落","傲慢的法蒂玛","七宗罪・傲慢"
"921","傲慢のファティマ","防具","1912","キリンパンツ","可偷内裤","傲慢的法蒂玛","麒麟内裤"
"921","傲慢のファティマ","物品","1333","クィーンヴァンパイアのミルク","可偷牛奶","傲慢的法蒂玛","吸血鬼女王的乳汁"
"922","サタナキア","物品","93","空の超秘石","掉落","萨塔妮基亚","空的超秘石"
"922","サタナキア","物品","853","メギドの結晶","掉落","萨塔妮基亚","米吉多的结晶"
"922","サタナキア","武器","4221","忘れられた魔導王の剣","掉落","萨塔妮基亚","被遗忘的魔导王之剑"
"922","サタナキア","物品","9","エリクサー","可偷物品","萨塔妮基亚","圣灵药"
"922","サタナキア","物品","25","不思議な木の実","可偷物品","萨塔妮基亚","不可思议之果"
"922","サタナキア","物品","412","うさぎもち","可偷食材","萨塔妮基亚","兔子年糕"
"922","サタナキア","物品","262","神々しい花びら","可偷素材","萨塔妮基亚","神圣花瓣"
"922","サタナキア","防具","1974","エルダーサキュバスのパンツ","可偷内裤","萨塔妮基亚","长老魅魔的内裤"
"922","サタナキア","物品","1701","サタナキアのミルク","可偷牛奶","萨塔妮基亚","萨塔妮基亚的乳汁"
"923","ブラッディドラゴン","物品","921","力の神種","掉落","血龙","力量的神种"
"923","ブラッディドラゴン","物品","853","メギドの結晶","掉落","血龙","米吉多的结晶"
"923","ブラッディドラゴン","武器","4144","騎士王剣","掉落","血龙","骑士王剑"
"923","ブラッディドラゴン","物品","9","エリクサー","可偷物品","血龙","圣灵药"
"923","ブラッディドラゴン","物品","25","不思議な木の実","可偷物品","血龙","不可思议之果"
"923","ブラッディドラゴン","物品","412","うさぎもち","可偷食材","血龙","兔子年糕"
"923","ブラッディドラゴン","物品","262","神々しい花びら","可偷素材","血龙","神圣花瓣"
"923","ブラッディドラゴン","防具","1974","エルダーサキュバスのパンツ","可偷内裤","血龙","长老魅魔的内裤"
"923","ブラッディドラゴン","物品","1676","ブラッディドラゴンのミルク","可偷牛奶","血龙","血龙之奶"
"924","強欲のエヴァ","物品","3","究極薬草","掉落","贪婪的伊娃","究极药草"
"924","強欲のエヴァ","物品","5","エルフの霊薬","掉落","贪婪的伊娃","精灵的灵药"
"924","強欲のエヴァ","物品","403","たこ焼き","掉落","贪婪的伊娃","章鱼烧"
"924","強欲のエヴァ","防具","1844","エヴァパンツ","可偷内裤","贪婪的伊娃","伊娃内裤"
"924","強欲のエヴァ","物品","1553","クィーンエヴァのミルク","可偷牛奶","贪婪的伊娃","女王伊娃的乳汁"
"925","嫉妬のエヴァ","物品","2","高級薬草","掉落","嫉妒的伊娃","高级药草"
"925","嫉妬のエヴァ","物品","4","霊薬","掉落","嫉妒的伊娃","灵药"
"925","嫉妬のエヴァ","物品","301","りんご","掉落","嫉妒的伊娃","苹果"
"925","嫉妬のエヴァ","防具","1844","エヴァパンツ","可偷内裤","嫉妒的伊娃","伊娃内裤"
"925","嫉妬のエヴァ","物品","1553","クィーンエヴァのミルク","可偷牛奶","嫉妒的伊娃","女王伊娃的乳汁"
"926","怠惰のエヴァ","物品","1","薬草","掉落","懒惰的伊娃","药草"
"926","怠惰のエヴァ","物品","442","魚の骨","掉落","懒惰的伊娃","鱼骨"
"926","怠惰のエヴァ","武器","4760","七つの大罪・怠惰","掉落","懒惰的伊娃","七宗罪・怠惰"
"926","怠惰のエヴァ","防具","1844","エヴァパンツ","可偷内裤","懒惰的伊娃","伊娃内裤"
"926","怠惰のエヴァ","物品","1553","クィーンエヴァのミルク","可偷牛奶","懒惰的伊娃","女王伊娃的乳汁"
"927","七つの大罪","物品","43","神職の種","掉落","七宗罪","神职之种"
"927","七つの大罪","物品","4419","七つの大罪の極秘石","掉落","七宗罪","七宗罪的极秘石"
"927","七つの大罪","物品","784","吸血鬼の禁璧","掉落","七宗罪","吸血鬼的禁璧"
"927","七つの大罪","物品","3","究極薬草","可偷物品","七宗罪","究极药草"
"927","七つの大罪","防具","1301","拳の秘伝書","可偷物品","七宗罪","拳套之秘传书"
"927","七つの大罪","物品","402","ホットドッグ","可偷食材","七宗罪","热狗"
"927","七つの大罪","物品","236","妖力の結晶","可偷素材","七宗罪","妖力的结晶"
"927","七つの大罪","防具","1925","フェルナンデスのパンツ","可偷内裤","七宗罪","费尔南德斯的内裤"
"927","七つの大罪","物品","1702","七つの大罪のミルク","可偷牛奶","七宗罪","七宗罪的乳汁"
"928","パイズリ人形終異体","物品","361","おにぎり","掉落","乳交人偶终异体","饭团"
"928","パイズリ人形終異体","物品","865","時の歯車","掉落","乳交人偶终异体","时间的齿轮"
"928","パイズリ人形終異体","防具","612","ドールズクィーン","掉落","乳交人偶终异体","人偶女王"
"928","パイズリ人形終異体","物品","9","エリクサー","可偷物品","乳交人偶终异体","圣灵药"
"928","パイズリ人形終異体","物品","25","不思議な木の実","可偷物品","乳交人偶终异体","不可思议之果"
"928","パイズリ人形終異体","物品","412","うさぎもち","可偷食材","乳交人偶终异体","兔子年糕"
"928","パイズリ人形終異体","物品","262","神々しい花びら","可偷素材","乳交人偶终异体","神圣花瓣"
"928","パイズリ人形終異体","防具","1974","エルダーサキュバスのパンツ","可偷内裤","乳交人偶终异体","长老魅魔的内裤"
"928","パイズリ人形終異体","物品","1703","パイズリ人形終異体のミルク","可偷牛奶","乳交人偶终异体","乳交人偶终异体的乳汁"
"929","アイアンメイデン終異体","物品","936","カオスダイヤモンド","掉落","铁处女终异体","混沌钻石"
"929","アイアンメイデン終異体","物品","865","時の歯車","掉落","铁处女终异体","时间的齿轮"
"929","アイアンメイデン終異体","武器","4803","ブック・オブ・エターナル","掉落","铁处女终异体","永恒之书"
"929","アイアンメイデン終異体","物品","9","エリクサー","可偷物品","铁处女终异体","圣灵药"
"929","アイアンメイデン終異体","物品","24","命の木の実","可偷物品","铁处女终异体","生命之果"
"929","アイアンメイデン終異体","物品","444","ドクロ","可偷食材","铁处女终异体","骷髅"
"929","アイアンメイデン終異体","物品","273","ハインリヒ細胞","可偷素材","铁处女终异体","海因里希细胞"
"929","アイアンメイデン終異体","防具","1973","八尾のふんどし","可偷内裤","铁处女终异体","八尾的兜裆布"
"929","アイアンメイデン終異体","物品","1704","アイアンメイデン終異体のミルク","可偷牛奶","铁处女终异体","铁处女终异体的乳汁"
"930","呪いの人形終異体","物品","924","精神の神種","掉落","诅咒人偶终异体","精神的神种"
"930","呪いの人形終異体","物品","865","時の歯車","掉落","诅咒人偶终异体","时间的齿轮"
"930","呪いの人形終異体","武器","4699","満天星","掉落","诅咒人偶终异体","满天星"
"930","呪いの人形終異体","物品","9","エリクサー","可偷物品","诅咒人偶终异体","圣灵药"
"930","呪いの人形終異体","物品","25","不思議な木の実","可偷物品","诅咒人偶终异体","不可思议之果"
"930","呪いの人形終異体","物品","412","うさぎもち","可偷食材","诅咒人偶终异体","兔子年糕"
"930","呪いの人形終異体","物品","262","神々しい花びら","可偷素材","诅咒人偶终异体","神圣花瓣"
"930","呪いの人形終異体","防具","1974","エルダーサキュバスのパンツ","可偷内裤","诅咒人偶终异体","长老魅魔的内裤"
"930","呪いの人形終異体","物品","1705","呪いの人形終異体のミルク","可偷牛奶","诅咒人偶终异体","诅咒人偶终异体的乳汁"
"931","量産型影紬","物品","926","器用さの神種","掉落","量产型影䌷","灵巧的神种"
"931","量産型影紬","物品","94","空の絶秘石","掉落","量产型影䌷","空的绝秘石"
"931","量産型影紬","物品","2512","器用さの絶秘石","掉落","量产型影䌷","灵巧的绝秘石"
"931","量産型影紬","防具","1908","カーミラのパンツ","可偷内裤","量产型影䌷","卡米拉的内裤"
"931","量産型影紬","物品","1620","影紬のミルク","可偷牛奶","量产型影䌷","影䌷的乳汁"
"932","マグダ","物品","918","ワクチン","掉落","玛格达","疫苗"
"932","マグダ","物品","875","永劫の羽根","掉落","玛格达","永劫的羽根"
"932","マグダ","防具","672","アンチライフマター","掉落","玛格达","反生命物质"
"932","マグダ","物品","3","究極薬草","可偷物品","玛格达","究极药草"
"932","マグダ","物品","77","天空白聖石","可偷物品","玛格达","天空白圣石"
"932","マグダ","物品","329","肉","可偷食材","玛格达","肉"
"932","マグダ","物品","241","天使の羽根","可偷素材","玛格达","天使的羽毛"
"932","マグダ","防具","1933","ギャルのパンツ","可偷内裤","玛格达","辣妹的内裤"
"932","マグダ","物品","1706","マグダのミルク","可偷牛奶","玛格达","玛格达的乳汁"
"933","シスエル","物品","94","空の絶秘石","掉落","希斯艾尔","空的绝秘石"
"933","シスエル","物品","875","永劫の羽根","掉落","希斯艾尔","永劫的羽根"
"933","シスエル","武器","4265","銀河槍","掉落","希斯艾尔","银河枪"
"933","シスエル","物品","9","エリクサー","可偷物品","希斯艾尔","圣灵药"
"933","シスエル","物品","25","不思議な木の実","可偷物品","希斯艾尔","不可思议之果"
"933","シスエル","物品","412","うさぎもち","可偷食材","希斯艾尔","兔子年糕"
"933","シスエル","物品","262","神々しい花びら","可偷素材","希斯艾尔","神圣花瓣"
"933","シスエル","防具","1974","エルダーサキュバスのパンツ","可偷内裤","希斯艾尔","长老魅魔的内裤"
"933","シスエル","物品","1673","シスエルのミルク","可偷牛奶","希斯艾尔","希斯艾尔之奶"
"934","アザゼル","物品","923","魔力の神種","掉落","阿撒兹勒","魔力的神种"
"934","アザゼル","物品","861","災厄の結晶","掉落","阿撒兹勒","灾厄的结晶"
"934","アザゼル","武器","4457","黒の魔奏","掉落","阿撒兹勒","黑色魔奏"
"934","アザゼル","物品","3","究極薬草","可偷物品","阿撒兹勒","究极药草"
"934","アザゼル","防具","1301","拳の秘伝書","可偷物品","阿撒兹勒","拳套之秘传书"
"934","アザゼル","物品","402","ホットドッグ","可偷食材","阿撒兹勒","热狗"
"934","アザゼル","物品","236","妖力の結晶","可偷素材","阿撒兹勒","妖力的结晶"
"934","アザゼル","防具","1925","フェルナンデスのパンツ","可偷内裤","阿撒兹勒","费尔南德斯的内裤"
"934","アザゼル","物品","1664","アザゼルのミルク","可偷牛奶","阿撒兹勒","阿撒兹勒的乳汁"
"935","グリゴリ","物品","112","賢者の石","掉落","守望者","贤者之石"
"935","グリゴリ","物品","861","災厄の結晶","掉落","守望者","灾厄的结晶"
"935","グリゴリ","武器","4484","1000と1の杖","掉落","守望者","1000与1的杖"
"935","グリゴリ","物品","3","究極薬草","可偷物品","守望者","究极药草"
"935","グリゴリ","防具","1301","拳の秘伝書","可偷物品","守望者","拳套之秘传书"
"935","グリゴリ","物品","402","ホットドッグ","可偷食材","守望者","热狗"
"935","グリゴリ","物品","236","妖力の結晶","可偷素材","守望者","妖力的结晶"
"935","グリゴリ","防具","1925","フェルナンデスのパンツ","可偷内裤","守望者","费尔南德斯的内裤"
"935","グリゴリ","物品","1665","グリゴリのミルク","可偷牛奶","守望者","守望者的乳汁"
"936","白天狐","物品","904","最後の霊薬","掉落","白天狐","最终之灵药"
"936","白天狐","物品","826","白面のしっぽ","掉落","白天狐","白面的尾巴"
"936","白天狐","物品","2531","即死付加の極秘石","掉落","白天狐","即死附加的极秘石"
"936","白天狐","物品","9","エリクサー","可偷物品","白天狐","圣灵药"
"936","白天狐","物品","24","命の木の実","可偷物品","白天狐","生命之果"
"936","白天狐","物品","444","ドクロ","可偷食材","白天狐","骷髅"
"936","白天狐","物品","273","ハインリヒ細胞","可偷素材","白天狐","海因里希细胞"
"936","白天狐","防具","1973","八尾のふんどし","可偷内裤","白天狐","八尾的兜裆布"
"936","白天狐","物品","1707","白天狐のミルク","可偷牛奶","白天狐","白天狐的乳汁"
"937","妙法絡新婦","物品","924","精神の神種","掉落","妙法络新妇","精神的神种"
"937","妙法絡新婦","物品","3433","洞窟強化の絶秘石","掉落","妙法络新妇","洞窟强化的绝秘石"
"937","妙法絡新婦","物品","3087","魔法回避の極秘石","掉落","妙法络新妇","魔法回避的极秘石"
"937","妙法絡新婦","物品","9","エリクサー","可偷物品","妙法络新妇","圣灵药"
"937","妙法絡新婦","物品","24","命の木の実","可偷物品","妙法络新妇","生命之果"
"937","妙法絡新婦","物品","444","ドクロ","可偷食材","妙法络新妇","骷髅"
"937","妙法絡新婦","物品","273","ハインリヒ細胞","可偷素材","妙法络新妇","海因里希细胞"
"937","妙法絡新婦","防具","1973","八尾のふんどし","可偷内裤","妙法络新妇","八尾的兜裆布"
"937","妙法絡新婦","物品","1708","妙法絡新婦のミルク","可偷牛奶","妙法络新妇","妙法络新妇的乳汁"
"938","全てを識る者","物品","914","女神の秘薬","掉落","全知者","女神的秘药"
"938","全てを識る者","物品","4422","全てを識る者の極秘石","掉落","全知者","全知者的极秘石"
"938","全てを識る者","物品","739","全テヲ識ル禁璧","掉落","全知者","全知者的禁璧"
"938","全てを識る者","物品","8","バーストドリンク","可偷物品","全知者","爆发饮料"
"938","全てを識る者","防具","1083","達人の黒帯","可偷物品","全知者","达人的黑带"
"938","全てを識る者","物品","358","ハンバーガー","可偷食材","全知者","汉堡"
"938","全てを識る者","物品","222","艶めかしい尻尾","可偷素材","全知者","艳丽的尾巴"
"938","全てを識る者","防具","1924","ソニアパンツ","可偷内裤","全知者","索尼娅的内裤"
"938","全てを識る者","物品","1709","全てを識る者のミルク","可偷牛奶","全知者","全知者的乳汁"
"939","モリガン","物品","906","ファイナルドリンク","掉落","摩莉甘","最终饮料"
"939","モリガン","物品","858","大淫婦の尻尾","掉落","摩莉甘","大淫妇的尾巴"
"939","モリガン","物品","3011","サイコの絶秘石","掉落","摩莉甘","念动的绝秘石"
"939","モリガン","防具","1824","モリガンパンツ","可偷内裤","摩莉甘","摩莉甘内裤"
"939","モリガン","物品","1051","モリガンのミルク","可偷牛奶","摩莉甘","摩莉甘的乳汁"
"940","アスタロト","物品","933","カオスエメラルド","掉落","阿斯塔洛特","混沌翡翠"
"940","アスタロト","物品","858","大淫婦の尻尾","掉落","阿斯塔洛特","大淫妇的尾巴"
"940","アスタロト","物品","4301","ハドロン耐性の絶秘石","掉落","阿斯塔洛特","强子耐性的绝秘石"
"940","アスタロト","防具","1845","アスタロトパンツ","可偷内裤","阿斯塔洛特","阿斯塔洛特内裤"
"940","アスタロト","物品","1110","アスタロトのミルク","可偷牛奶","阿斯塔洛特","阿斯塔洛特的乳汁"
"941","リリス","物品","460","しあわせミルク","掉落","莉莉丝","幸福牛奶"
"941","リリス","物品","858","大淫婦の尻尾","掉落","莉莉丝","大淫妇的尾巴"
"941","リリス","防具","4333","ナイトメアのシンボル","掉落","莉莉丝","噩梦的象征"
"941","リリス","防具","1887","あげはパンツ","可偷内裤","莉莉丝","凤蝶娘的内裤"
"941","リリス","物品","1255","リリスのミルク","可偷牛奶","莉莉丝","莉莉丝的乳汁"
"942","エキドナ","物品","94","空の絶秘石","掉落","厄喀德那","空的绝秘石"
"942","エキドナ","物品","869","エキドナの蛇尾","掉落","厄喀德那","厄喀德那的蛇尾"
"942","エキドナ","防具","484","原罪の蛇","掉落","厄喀德那","原罪之蛇"
"942","エキドナ","物品","9","エリクサー","可偷物品","厄喀德那","圣灵药"
"942","エキドナ","武器","930","アフロディーテの唇","可偷物品","厄喀德那","阿佛洛狄忒的唇"
"942","エキドナ","物品","391","トマトスープ","可偷食材","厄喀德那","番茄汤"
"942","エキドナ","物品","249","奇跡の卵","可偷素材","厄喀德那","奇迹的蛋"
"942","エキドナ","物品","1710","エキドナのミルク","可偷牛奶","厄喀德那","厄喀德那的乳汁"
"943","エキドナクィーン","防具","515","エキドナ","掉落","厄喀德那女王","厄喀德那"
"943","エキドナクィーン","物品","4425","エキドナの極秘石","掉落","厄喀德那女王","厄喀德那的极秘石"
"943","エキドナクィーン","物品","791","ラミアの禁璧","掉落","厄喀德那女王","拉米亚的禁璧"
"943","エキドナクィーン","物品","9","エリクサー","可偷物品","厄喀德那女王","圣灵药"
"943","エキドナクィーン","武器","930","アフロディーテの唇","可偷物品","厄喀德那女王","阿佛洛狄忒的唇"
"943","エキドナクィーン","物品","391","トマトスープ","可偷食材","厄喀德那女王","番茄汤"
"943","エキドナクィーン","物品","249","奇跡の卵","可偷素材","厄喀德那女王","奇迹的蛋"
"943","エキドナクィーン","物品","1711","エキドナクィーンのミルク","可偷牛奶","厄喀德那女王","厄喀德那女王的乳汁"
"944","奉仕種族","物品","935","カオスサファイア","掉落","仆从种族","混沌蓝宝石"
"944","奉仕種族","物品","870","名状しがたき触手","掉落","仆从种族","难以名状的触手"
"944","奉仕種族","武器","4577","名状しがたき触手鞭","掉落","仆从种族","无法名状的触手鞭"
"944","奉仕種族","物品","1671","奉仕種族のミルク","可偷牛奶","仆从种族","仆从种族的乳汁"
"945","落とし子","物品","47","神種の種","掉落","眷族","神种之种"
"945","落とし子","物品","870","名状しがたき触手","掉落","眷族","难以名状的触手"
"945","落とし子","武器","4153","名状しがたき剣","掉落","眷族","不可名状之剑"
"945","落とし子","物品","9","エリクサー","可偷物品","眷族","圣灵药"
"945","落とし子","物品","25","不思議な木の実","可偷物品","眷族","不可思议之果"
"945","落とし子","物品","412","うさぎもち","可偷食材","眷族","兔子年糕"
"945","落とし子","物品","262","神々しい花びら","可偷素材","眷族","神圣花瓣"
"945","落とし子","防具","1974","エルダーサキュバスのパンツ","可偷内裤","眷族","长老魅魔的内裤"
"945","落とし子","物品","1672","落とし子のミルク","可偷牛奶","眷族","眷族之奶"
"946","クトゥルフ","物品","47","神種の種","掉落","克苏鲁","神种之种"
"946","クトゥルフ","物品","4434","クトゥルフの極秘石","掉落","克苏鲁","克苏鲁的极秘石"
"946","クトゥルフ","物品","796","海棲種の禁璧","掉落","克苏鲁","海栖种的禁璧"
"946","クトゥルフ","物品","9","エリクサー","可偷物品","克苏鲁","圣灵药"
"946","クトゥルフ","物品","25","不思議な木の実","可偷物品","克苏鲁","不可思议之果"
"946","クトゥルフ","物品","412","うさぎもち","可偷食材","克苏鲁","兔子年糕"
"946","クトゥルフ","物品","262","神々しい花びら","可偷素材","克苏鲁","神圣花瓣"
"946","クトゥルフ","防具","1974","エルダーサキュバスのパンツ","可偷内裤","克苏鲁","长老魅魔的内裤"
"946","クトゥルフ","物品","1712","クトゥルフのミルク","可偷牛奶","克苏鲁","克苏鲁的乳汁"
"947","触手の眷属","物品","918","ワクチン","掉落","触手眷属","疫苗"
"947","触手の眷属","物品","871","次元浸食細胞","掉落","触手眷属","次元浸蚀细胞"
"947","触手の眷属","物品","3272","惑わない者の絶秘石","掉落","触手眷属","不惑者的绝秘石"
"947","触手の眷属","物品","9","エリクサー","可偷物品","触手眷属","圣灵药"
"947","触手の眷属","物品","25","不思議な木の実","可偷物品","触手眷属","不可思议之果"
"947","触手の眷属","物品","412","うさぎもち","可偷食材","触手眷属","兔子年糕"
"947","触手の眷属","物品","262","神々しい花びら","可偷素材","触手眷属","神圣花瓣"
"947","触手の眷属","防具","1974","エルダーサキュバスのパンツ","可偷内裤","触手眷属","长老魅魔的内裤"
"947","触手の眷属","物品","1713","触手の眷属のミルク","可偷牛奶","触手眷属","触手眷属的乳汁"
"948","粘膜の眷属","物品","906","ファイナルドリンク","掉落","粘膜眷属","最终饮料"
"948","粘膜の眷属","物品","871","次元浸食細胞","掉落","粘膜眷属","次元浸蚀细胞"
"948","粘膜の眷属","物品","2626","ヌルヌル付加の極秘石","掉落","粘膜眷属","黏滑附加的极秘石"
"948","粘膜の眷属","物品","9","エリクサー","可偷物品","粘膜眷属","圣灵药"
"948","粘膜の眷属","物品","25","不思議な木の実","可偷物品","粘膜眷属","不可思议之果"
"948","粘膜の眷属","物品","412","うさぎもち","可偷食材","粘膜眷属","兔子年糕"
"948","粘膜の眷属","物品","262","神々しい花びら","可偷素材","粘膜眷属","神圣花瓣"
"948","粘膜の眷属","防具","1974","エルダーサキュバスのパンツ","可偷内裤","粘膜眷属","长老魅魔的内裤"
"948","粘膜の眷属","物品","1714","粘膜の眷属のミルク","可偷牛奶","粘膜眷属","粘膜眷属的乳汁"
"949","アウタージェリー","物品","94","空の絶秘石","掉落","域外水母","空的绝秘石"
"949","アウタージェリー","物品","871","次元浸食細胞","掉落","域外水母","次元浸蚀细胞"
"949","アウタージェリー","防具","607","昏き深海のドレス","掉落","域外水母","昏暗深海之礼服"
"949","アウタージェリー","物品","9","エリクサー","可偷物品","域外水母","圣灵药"
"949","アウタージェリー","物品","25","不思議な木の実","可偷物品","域外水母","不可思议之果"
"949","アウタージェリー","物品","412","うさぎもち","可偷食材","域外水母","兔子年糕"
"949","アウタージェリー","物品","262","神々しい花びら","可偷素材","域外水母","神圣花瓣"
"949","アウタージェリー","防具","1974","エルダーサキュバスのパンツ","可偷内裤","域外水母","长老魅魔的内裤"
"949","アウタージェリー","物品","1715","アウタージェリーのミルク","可偷牛奶","域外水母","域外水母的乳汁"
"950","アウターワーム","物品","921","力の神種","掉落","域外蠕虫","力量的神种"
"950","アウターワーム","物品","871","次元浸食細胞","掉落","域外蠕虫","次元浸蚀细胞"
"950","アウターワーム","防具","553","侵蝕された甲羅","掉落","域外蠕虫","被侵蚀的甲壳"
"950","アウターワーム","物品","9","エリクサー","可偷物品","域外蠕虫","圣灵药"
"950","アウターワーム","物品","25","不思議な木の実","可偷物品","域外蠕虫","不可思议之果"
"950","アウターワーム","物品","412","うさぎもち","可偷食材","域外蠕虫","兔子年糕"
"950","アウターワーム","物品","262","神々しい花びら","可偷素材","域外蠕虫","神圣花瓣"
"950","アウターワーム","防具","1974","エルダーサキュバスのパンツ","可偷内裤","域外蠕虫","长老魅魔的内裤"
"950","アウターワーム","物品","1716","アウターワームのミルク","可偷牛奶","域外蠕虫","域外蠕虫的乳汁"
"951","次元侵蝕者","物品","916","鬼神の秘薬","掉落","次元侵蚀者","鬼神的秘药"
"951","次元侵蝕者","物品","4431","次元侵蝕者の極秘石","掉落","次元侵蚀者","次元侵蚀者的极秘石"
"951","次元侵蝕者","物品","795","陸棲種の禁璧","掉落","次元侵蚀者","陆栖种的禁璧"
"951","次元侵蝕者","物品","9","エリクサー","可偷物品","次元侵蚀者","圣灵药"
"951","次元侵蝕者","物品","25","不思議な木の実","可偷物品","次元侵蚀者","不可思议之果"
"951","次元侵蝕者","物品","412","うさぎもち","可偷食材","次元侵蚀者","兔子年糕"
"951","次元侵蝕者","物品","262","神々しい花びら","可偷素材","次元侵蚀者","神圣花瓣"
"951","次元侵蝕者","防具","1974","エルダーサキュバスのパンツ","可偷内裤","次元侵蚀者","长老魅魔的内裤"
"951","次元侵蝕者","物品","1717","次元侵蝕者のミルク","可偷牛奶","次元侵蚀者","次元侵蚀者的乳汁"
"952","フェニックス娘","物品","907","不死鳥の魂","掉落","凤凰娘","不死鸟之魂"
"952","フェニックス娘","防具","4455","炎の神書","掉落","凤凰娘","炎之神书"
"952","フェニックス娘","物品","4170","核熱をまとう者の極秘石","掉落","凤凰娘","核热缠身者的极秘石"
"952","フェニックス娘","物品","9","エリクサー","可偷物品","凤凰娘","圣灵药"
"952","フェニックス娘","物品","25","不思議な木の実","可偷物品","凤凰娘","不可思议之果"
"952","フェニックス娘","物品","412","うさぎもち","可偷食材","凤凰娘","兔子年糕"
"952","フェニックス娘","物品","262","神々しい花びら","可偷素材","凤凰娘","神圣花瓣"
"952","フェニックス娘","防具","1974","エルダーサキュバスのパンツ","可偷内裤","凤凰娘","长老魅魔的内裤"
"952","フェニックス娘","物品","1015","フェニックス娘のミルク","可偷牛奶","凤凰娘","凤凰娘的乳汁"
"953","ダークフェニックス","武器","4677","ダークフェニックス","掉落","黑暗凤凰","黑暗凤凰"
"953","ダークフェニックス","物品","4428","ダークフェニックスの極秘石","掉落","黑暗凤凰","暗黑凤凰的极秘石"
"953","ダークフェニックス","物品","793","ハーピーの禁璧","掉落","黑暗凤凰","哈比的禁璧"
"953","ダークフェニックス","物品","9","エリクサー","可偷物品","黑暗凤凰","圣灵药"
"953","ダークフェニックス","物品","25","不思議な木の実","可偷物品","黑暗凤凰","不可思议之果"
"953","ダークフェニックス","物品","412","うさぎもち","可偷食材","黑暗凤凰","兔子年糕"
"953","ダークフェニックス","物品","262","神々しい花びら","可偷素材","黑暗凤凰","神圣花瓣"
"953","ダークフェニックス","防具","1974","エルダーサキュバスのパンツ","可偷内裤","黑暗凤凰","长老魅魔的内裤"
"953","ダークフェニックス","物品","1718","ダークフェニックスのミルク","可偷牛奶","黑暗凤凰","暗黑凤凰的乳汁"
"954","星喰い","物品","9","エリクサー","可偷物品","星喰","圣灵药"
"954","星喰い","物品","25","不思議な木の実","可偷物品","星喰","不可思议之果"
"954","星喰い","物品","412","うさぎもち","可偷食材","星喰","兔子年糕"
"954","星喰い","物品","262","神々しい花びら","可偷素材","星喰","神圣花瓣"
"954","星喰い","防具","1974","エルダーサキュバスのパンツ","可偷内裤","星喰","长老魅魔的内裤"
"954","星喰い","物品","1719","星喰いのミルク","可偷牛奶","星喰","星喰的乳汁"
"955","星喰い","武器","4433","星喰い","掉落","星喰","星喰"
"955","星喰い","物品","4437","星喰いの極秘石","掉落","星喰","星喰的极秘石"
"955","星喰い","物品","805","巨人の禁璧","掉落","星喰","巨人的禁璧"
"955","星喰い","物品","9","エリクサー","可偷物品","星喰","圣灵药"
"955","星喰い","物品","25","不思議な木の実","可偷物品","星喰","不可思议之果"
"955","星喰い","物品","412","うさぎもち","可偷食材","星喰","兔子年糕"
"955","星喰い","物品","262","神々しい花びら","可偷素材","星喰","神圣花瓣"
"955","星喰い","防具","1974","エルダーサキュバスのパンツ","可偷内裤","星喰","长老魅魔的内裤"
"955","星喰い","物品","1719","星喰いのミルク","可偷牛奶","星喰","星喰的乳汁"
"956","ヌルの眷属","物品","931","カオスアメジスト","掉落","黏黏的眷属","混沌紫水晶"
"956","ヌルの眷属","物品","872","ヌル細胞","掉落","黏黏的眷属","努尔细胞"
"956","ヌルの眷属","物品","3689","量子に親しむ者の絶秘石","掉落","黏黏的眷属","量子亲和者的绝秘石"
"956","ヌルの眷属","物品","9","エリクサー","可偷物品","黏黏的眷属","圣灵药"
"956","ヌルの眷属","物品","25","不思議な木の実","可偷物品","黏黏的眷属","不可思议之果"
"956","ヌルの眷属","物品","412","うさぎもち","可偷食材","黏黏的眷属","兔子年糕"
"956","ヌルの眷属","物品","262","神々しい花びら","可偷素材","黏黏的眷属","神圣花瓣"
"956","ヌルの眷属","防具","1974","エルダーサキュバスのパンツ","可偷内裤","黏黏的眷属","长老魅魔的内裤"
"956","ヌルの眷属","物品","1720","ヌルの眷属・青のミルク","可偷牛奶","黏黏的眷属","黏黏的眷属・青的乳汁"
"957","ヌルの眷属","物品","930","カオスルビー","掉落","黏黏的眷属","混沌红宝石"
"957","ヌルの眷属","物品","872","ヌル細胞","掉落","黏黏的眷属","努尔细胞"
"957","ヌルの眷属","物品","3684","核熱に親しむ者の絶秘石","掉落","黏黏的眷属","核热亲和者的绝秘石"
"957","ヌルの眷属","物品","9","エリクサー","可偷物品","黏黏的眷属","圣灵药"
"957","ヌルの眷属","物品","25","不思議な木の実","可偷物品","黏黏的眷属","不可思议之果"
"957","ヌルの眷属","物品","412","うさぎもち","可偷食材","黏黏的眷属","兔子年糕"
"957","ヌルの眷属","物品","262","神々しい花びら","可偷素材","黏黏的眷属","神圣花瓣"
"957","ヌルの眷属","防具","1974","エルダーサキュバスのパンツ","可偷内裤","黏黏的眷属","长老魅魔的内裤"
"957","ヌルの眷属","物品","1721","ヌルの眷属・赤のミルク","可偷牛奶","黏黏的眷属","黏黏的眷属・赤的乳汁"
"958","ヌルの眷属","物品","932","カオストルマリン","掉落","黏黏的眷属","混沌电气石"
"958","ヌルの眷属","物品","872","ヌル細胞","掉落","黏黏的眷属","努尔细胞"
"958","ヌルの眷属","物品","3694","イオンに親しむ者の絶秘石","掉落","黏黏的眷属","离子亲和者的绝秘石"
"958","ヌルの眷属","物品","9","エリクサー","可偷物品","黏黏的眷属","圣灵药"
"958","ヌルの眷属","物品","25","不思議な木の実","可偷物品","黏黏的眷属","不可思议之果"
"958","ヌルの眷属","物品","412","うさぎもち","可偷食材","黏黏的眷属","兔子年糕"
"958","ヌルの眷属","物品","262","神々しい花びら","可偷素材","黏黏的眷属","神圣花瓣"
"958","ヌルの眷属","防具","1974","エルダーサキュバスのパンツ","可偷内裤","黏黏的眷属","长老魅魔的内裤"
"958","ヌルの眷属","物品","1722","ヌルの眷属・黄のミルク","可偷牛奶","黏黏的眷属","黏黏的眷属・黄的乳汁"
"959","TT","物品","94","空の絶秘石","掉落","TT","空的绝秘石"
"959","TT","物品","872","ヌル細胞","掉落","TT","努尔细胞"
"959","TT","物品","4184","無属性強化の絶秘石","掉落","TT","无属性强化的绝秘石"
"959","TT","物品","1723","TTのミルク","可偷牛奶","TT","TT的乳汁"
"960","QQ","物品","919","命の神実","掉落","QQ","生命之神果"
"960","QQ","物品","872","ヌル細胞","掉落","QQ","努尔细胞"
"960","QQ","武器","4646","カタストロフィ","掉落","QQ","大灾难"
"960","QQ","物品","1724","QQのミルク","可偷牛奶","QQ","QQ的乳汁"
"961","ヌール・コギト","物品","912","魔神の秘薬","掉落","努尔・科吉托","魔神的秘药"
"961","ヌール・コギト","物品","4330","ヌル耐性の極秘石","掉落","努尔・科吉托","虚无耐性的极秘石"
"961","ヌール・コギト","物品","812","混沌の精霊の禁璧","掉落","努尔・科吉托","混沌的精灵的禁璧"
"961","ヌール・コギト","物品","1725","ヌール・コギトのミルク","可偷牛奶","努尔・科吉托","努尔・科吉托的乳汁"
"962","グラン・アラーニェ","物品","934","カオストパーズ","掉落","巨型阿拉涅","混沌黄玉"
"962","グラン・アラーニェ","物品","873","テラ甲殻","掉落","巨型阿拉涅","大地甲壳"
"962","グラン・アラーニェ","防具","547","プレセペ","掉落","巨型阿拉涅","普雷塞佩"
"962","グラン・アラーニェ","物品","9","エリクサー","可偷物品","巨型阿拉涅","圣灵药"
"962","グラン・アラーニェ","物品","24","命の木の実","可偷物品","巨型阿拉涅","生命之果"
"962","グラン・アラーニェ","物品","444","ドクロ","可偷食材","巨型阿拉涅","骷髅"
"962","グラン・アラーニェ","物品","273","ハインリヒ細胞","可偷素材","巨型阿拉涅","海因里希细胞"
"962","グラン・アラーニェ","防具","1973","八尾のふんどし","可偷内裤","巨型阿拉涅","八尾的兜裆布"
"962","グラン・アラーニェ","物品","1726","グラン・アラーニェのミルク","可偷牛奶","巨型阿拉涅","巨型阿拉涅的乳汁"
"963","白兎・蝕","物品","94","空の絶秘石","掉落","白兔・蚀","空的绝秘石"
"963","白兎・蝕","物品","878","カオスマター","掉落","白兔・蚀","混沌物质"
"963","白兎・蝕","防具","680","白兎帽子","掉落","白兔・蚀","白兔帽子"
"963","白兎・蝕","物品","9","エリクサー","可偷物品","白兔・蚀","圣灵药"
"963","白兎・蝕","物品","25","不思議な木の実","可偷物品","白兔・蚀","不可思议之果"
"963","白兎・蝕","物品","412","うさぎもち","可偷食材","白兔・蚀","兔子年糕"
"963","白兎・蝕","物品","262","神々しい花びら","可偷素材","白兔・蚀","神圣花瓣"
"963","白兎・蝕","防具","1974","エルダーサキュバスのパンツ","可偷内裤","白兔・蚀","长老魅魔的内裤"
"964","死神・蝕","物品","94","空の絶秘石","掉落","死神・蚀","空的绝秘石"
"964","死神・蝕","物品","878","カオスマター","掉落","死神・蚀","混沌物质"
"964","死神・蝕","防具","681","死神フード","掉落","死神・蚀","死神兜帽"
"964","死神・蝕","物品","9","エリクサー","可偷物品","死神・蚀","圣灵药"
"964","死神・蝕","物品","24","命の木の実","可偷物品","死神・蚀","生命之果"
"964","死神・蝕","物品","444","ドクロ","可偷食材","死神・蚀","骷髅"
"964","死神・蝕","物品","273","ハインリヒ細胞","可偷素材","死神・蚀","海因里希细胞"
"964","死神・蝕","防具","1973","八尾のふんどし","可偷内裤","死神・蚀","八尾的兜裆布"
"965","白兎・流","物品","94","空の絶秘石","掉落","白兔・流","空的绝秘石"
"965","白兎・流","物品","878","カオスマター","掉落","白兔・流","混沌物质"
"965","白兎・流","武器","4361","白兎の爪","掉落","白兔・流","白兔的爪"
"965","白兎・流","物品","9","エリクサー","可偷物品","白兔・流","圣灵药"
"965","白兎・流","物品","25","不思議な木の実","可偷物品","白兔・流","不可思议之果"
"965","白兎・流","物品","412","うさぎもち","可偷食材","白兔・流","兔子年糕"
"965","白兎・流","物品","262","神々しい花びら","可偷素材","白兔・流","神圣花瓣"
"965","白兎・流","防具","1974","エルダーサキュバスのパンツ","可偷内裤","白兔・流","长老魅魔的内裤"
"966","死神・流","物品","94","空の絶秘石","掉落","死神・流","空的绝秘石"
"966","死神・流","物品","878","カオスマター","掉落","死神・流","混沌物质"
"966","死神・流","武器","4460","死神の鎌","掉落","死神・流","死神之镰"
"966","死神・流","物品","9","エリクサー","可偷物品","死神・流","圣灵药"
"966","死神・流","物品","24","命の木の実","可偷物品","死神・流","生命之果"
"966","死神・流","物品","444","ドクロ","可偷食材","死神・流","骷髅"
"966","死神・流","物品","273","ハインリヒ細胞","可偷素材","死神・流","海因里希细胞"
"966","死神・流","防具","1973","八尾のふんどし","可偷内裤","死神・流","八尾的兜裆布"
"967","エクス・ソニア","物品","927","禁忌の種","掉落","艾克斯・索尼娅","禁忌之种"
"967","エクス・ソニア","防具","4479","聖なる神書","掉落","艾克斯・索尼娅","圣之神书"
"967","エクス・ソニア","物品","807","使徒の禁璧","掉落","艾克斯・索尼娅","使徒的禁璧"
"967","エクス・ソニア","防具","1938","ヴィヌムのパンツ","可偷内裤","艾克斯・索尼娅","薇诺姆的内裤"
"967","エクス・ソニア","物品","1657","エクス・ソニアのミルク","可偷牛奶","艾克斯・索尼娅","艾克斯・索尼娅的乳汁"
"968","ベリアル","物品","929","禁種の種","掉落","贝利亚尔","禁种之种"
"968","ベリアル","防具","4483","闇の神書","掉落","贝利亚尔","暗之神书"
"968","ベリアル","物品","802","キメラの禁璧","掉落","贝利亚尔","奇美拉的禁璧"
"968","ベリアル","物品","9","エリクサー","可偷物品","贝利亚尔","圣灵药"
"968","ベリアル","物品","25","不思議な木の実","可偷物品","贝利亚尔","不可思议之果"
"968","ベリアル","物品","412","うさぎもち","可偷食材","贝利亚尔","兔子年糕"
"968","ベリアル","物品","262","神々しい花びら","可偷素材","贝利亚尔","神圣花瓣"
"968","ベリアル","防具","1974","エルダーサキュバスのパンツ","可偷内裤","贝利亚尔","长老魅魔的内裤"
"968","ベリアル","物品","1727","ベリアルのミルク","可偷牛奶","贝利亚尔","贝利亚尔的乳汁"
"969","虚竜","物品","9","エリクサー","可偷物品","虚龙","圣灵药"
"969","虚竜","物品","25","不思議な木の実","可偷物品","虚龙","不可思议之果"
"969","虚竜","物品","412","うさぎもち","可偷食材","虚龙","兔子年糕"
"969","虚竜","物品","262","神々しい花びら","可偷素材","虚龙","神圣花瓣"
"969","虚竜","防具","1974","エルダーサキュバスのパンツ","可偷内裤","虚龙","长老魅魔的内裤"
"970","虚竜","武器","4156","虚竜","掉落","虚龙","虚龙"
"970","虚竜","物品","4440","虚竜の極秘石","掉落","虚龙","虚龙的极秘石"
"970","虚竜","物品","794","ドラゴンの禁璧","掉落","虚龙","龙的禁璧"
"970","虚竜","物品","9","エリクサー","可偷物品","虚龙","圣灵药"
"970","虚竜","物品","25","不思議な木の実","可偷物品","虚龙","不可思议之果"
"970","虚竜","物品","412","うさぎもち","可偷食材","虚龙","兔子年糕"
"970","虚竜","物品","262","神々しい花びら","可偷素材","虚龙","神圣花瓣"
"970","虚竜","防具","1974","エルダーサキュバスのパンツ","可偷内裤","虚龙","长老魅魔的内裤"
"970","虚竜","物品","1728","虚竜のミルク","可偷牛奶","虚龙","虚龙的乳汁"
"971","アピロ・ラゴス","物品","908","グランドエリクシル","掉落","阿皮洛・拉戈斯","大万能药"
"971","アピロ・ラゴス","防具","4036","星降る腕輪改","掉落","阿皮洛・拉戈斯","星降手镯改"
"971","アピロ・ラゴス","物品","2591","スロウ付加の極秘石","掉落","阿皮洛・拉戈斯","减速附加的极秘石"
"971","アピロ・ラゴス","物品","9","エリクサー","可偷物品","阿皮洛・拉戈斯","圣灵药"
"971","アピロ・ラゴス","物品","25","不思議な木の実","可偷物品","阿皮洛・拉戈斯","不可思议之果"
"971","アピロ・ラゴス","物品","412","うさぎもち","可偷食材","阿皮洛・拉戈斯","兔子年糕"
"971","アピロ・ラゴス","物品","262","神々しい花びら","可偷素材","阿皮洛・拉戈斯","神圣花瓣"
"971","アピロ・ラゴス","防具","1974","エルダーサキュバスのパンツ","可偷内裤","阿皮洛・拉戈斯","长老魅魔的内裤"
"971","アピロ・ラゴス","物品","1654","アピロ・ラゴスのミルク","可偷牛奶","阿皮洛・拉戈斯","阿皮洛・拉戈斯的乳汁"
"972","ゲイザー","物品","928","禁職の種","掉落","凝视者","禁职之种"
"972","ゲイザー","物品","879","紅蓮の瞳","掉落","凝视者","红莲之瞳"
"972","ゲイザー","物品","3187","闇吸収の極秘石","掉落","凝视者","暗吸收的极秘石"
"972","ゲイザー","物品","9","エリクサー","可偷物品","凝视者","圣灵药"
"972","ゲイザー","防具","1646","時魔導士の悟り","可偷物品","凝视者","时魔导师的领悟"
"972","ゲイザー","物品","364","オムライス","可偷食材","凝视者","蛋包饭"
"972","ゲイザー","物品","251","妖艶なる尻尾","可偷素材","凝视者","妖艳的尾巴"
"972","ゲイザー","物品","1729","ゲイザーのミルク","可偷牛奶","凝视者","凝视者的乳汁"
"973","インドラ","物品","906","ファイナルドリンク","掉落","因陀罗","最终饮料"
"973","インドラ","物品","880","雷土の結晶石","掉落","因陀罗","雷土的结晶石"
"973","インドラ","武器","4306","蚩尤","掉落","因陀罗","蚩尤"
"973","インドラ","物品","9","エリクサー","可偷物品","因陀罗","圣灵药"
"973","インドラ","物品","25","不思議な木の実","可偷物品","因陀罗","不可思议之果"
"973","インドラ","物品","412","うさぎもち","可偷食材","因陀罗","兔子年糕"
"973","インドラ","物品","262","神々しい花びら","可偷素材","因陀罗","神圣花瓣"
"973","インドラ","防具","1974","エルダーサキュバスのパンツ","可偷内裤","因陀罗","长老魅魔的内裤"
"973","インドラ","物品","1730","インドラのミルク","可偷牛奶","因陀罗","因陀罗的乳汁"
"974","トンベリ娘","物品","10","ラストエリクサー","掉落","冬贝利娘","最终圣灵药"
"974","トンベリ娘","物品","874","包丁の破片","掉落","冬贝利娘","菜刀的碎片"
"974","トンベリ娘","武器","4177","レーヴァテイン","掉落","冬贝利娘","莱瓦汀"
"974","トンベリ娘","物品","9","エリクサー","可偷物品","冬贝利娘","圣灵药"
"974","トンベリ娘","物品","24","命の木の実","可偷物品","冬贝利娘","生命之果"
"974","トンベリ娘","物品","444","ドクロ","可偷食材","冬贝利娘","骷髅"
"974","トンベリ娘","物品","273","ハインリヒ細胞","可偷素材","冬贝利娘","海因里希细胞"
"974","トンベリ娘","防具","1973","八尾のふんどし","可偷内裤","冬贝利娘","八尾的兜裆布"
"974","トンベリ娘","物品","1731","トンベリ娘のミルク","可偷牛奶","冬贝利娘","冬贝利娘的乳汁"
"975","トンベリーズ娘","物品","900","大きなメダル","掉落","冬贝利群娘","大奖章"
"975","トンベリーズ娘","物品","874","包丁の破片","掉落","冬贝利群娘","菜刀的碎片"
"975","トンベリーズ娘","防具","863","混沌の盾","掉落","冬贝利群娘","混沌之盾"
"975","トンベリーズ娘","物品","9","エリクサー","可偷物品","冬贝利群娘","圣灵药"
"975","トンベリーズ娘","物品","24","命の木の実","可偷物品","冬贝利群娘","生命之果"
"975","トンベリーズ娘","物品","444","ドクロ","可偷食材","冬贝利群娘","骷髅"
"975","トンベリーズ娘","物品","273","ハインリヒ細胞","可偷素材","冬贝利群娘","海因里希细胞"
"975","トンベリーズ娘","防具","1973","八尾のふんどし","可偷内裤","冬贝利群娘","八尾的兜裆布"
"975","トンベリーズ娘","物品","1731","トンベリ娘のミルク","可偷牛奶","冬贝利群娘","冬贝利娘的乳汁"
"976","アバドン","物品","112","賢者の石","掉落","亚巴顿","贤者之石"
"976","アバドン","物品","873","テラ甲殻","掉落","亚巴顿","大地甲壳"
"976","アバドン","防具","485","混沌の鎧","掉落","亚巴顿","混沌之铠"
"976","アバドン","物品","9","エリクサー","可偷物品","亚巴顿","圣灵药"
"976","アバドン","防具","1136","チャージリング","可偷物品","亚巴顿","充能戒指"
"976","アバドン","物品","393","グラタン","可偷食材","亚巴顿","奶汁烤菜"
"976","アバドン","物品","246","覇虫の針","可偷素材","亚巴顿","霸虫的针"
"976","アバドン","物品","1732","アバドンのミルク","可偷牛奶","亚巴顿","亚巴顿的乳汁"
"977","エクスキュウビ","物品","923","魔力の神種","掉落","极・九尾","魔力的神种"
"977","エクスキュウビ","物品","880","雷土の結晶石","掉落","极・九尾","雷土的结晶石"
"977","エクスキュウビ","防具","4554","テラの神書","掉落","极・九尾","大地之神书"
"977","エクスキュウビ","物品","1674","エクスキュウビのミルク","可偷牛奶","极・九尾","极・九尾之奶"
"978","ドーラドーラ","物品","908","グランドエリクシル","掉落","朵拉朵拉","大万能药"
"978","ドーラドーラ","物品","879","紅蓮の瞳","掉落","朵拉朵拉","红莲之瞳"
"978","ドーラドーラ","防具","614","カオスドレス","掉落","朵拉朵拉","混沌礼服"
"978","ドーラドーラ","物品","9","エリクサー","可偷物品","朵拉朵拉","圣灵药"
"978","ドーラドーラ","物品","25","不思議な木の実","可偷物品","朵拉朵拉","不可思议之果"
"978","ドーラドーラ","物品","412","うさぎもち","可偷食材","朵拉朵拉","兔子年糕"
"978","ドーラドーラ","物品","262","神々しい花びら","可偷素材","朵拉朵拉","神圣花瓣"
"978","ドーラドーラ","防具","1974","エルダーサキュバスのパンツ","可偷内裤","朵拉朵拉","长老魅魔的内裤"
"978","ドーラドーラ","物品","1733","ドーラドーラのミルク","可偷牛奶","朵拉朵拉","朵拉朵拉的乳汁"
"979","ベルゼバブ終異体","物品","94","空の絶秘石","掉落","别西卜终异体","空的绝秘石"
"979","ベルゼバブ終異体","物品","877","勇者の魂","掉落","别西卜终异体","勇者的魂"
"979","ベルゼバブ終異体","武器","4161","カオスブレイド","掉落","别西卜终异体","混沌之刃"
"979","ベルゼバブ終異体","物品","9","エリクサー","可偷物品","别西卜终异体","圣灵药"
"979","ベルゼバブ終異体","物品","24","命の木の実","可偷物品","别西卜终异体","生命之果"
"979","ベルゼバブ終異体","物品","444","ドクロ","可偷食材","别西卜终异体","骷髅"
"979","ベルゼバブ終異体","物品","273","ハインリヒ細胞","可偷素材","别西卜终异体","海因里希细胞"
"979","ベルゼバブ終異体","防具","1973","八尾のふんどし","可偷内裤","别西卜终异体","八尾的兜裆布"
"979","ベルゼバブ終異体","物品","1734","ベルゼバブ終異体のミルク","可偷牛奶","别西卜终异体","别西卜终异体的乳汁"
"980","メルカヴァ","物品","9","エリクサー","掉落","灵轮","圣灵药"
"980","メルカヴァ","物品","883","ゴッドライト","掉落","灵轮","神光"
"980","メルカヴァ","武器","4838","ブラッディアームズ","掉落","灵轮","血腥武器"
"980","メルカヴァ","物品","9","エリクサー","可偷物品","灵轮","圣灵药"
"980","メルカヴァ","防具","1159","再生の砂時計","可偷物品","灵轮","再生沙漏"
"980","メルカヴァ","物品","277","究極の羽根","可偷素材","灵轮","究极之羽"
"980","メルカヴァ","物品","1735","メルカヴァのミルク","可偷牛奶","灵轮","灵轮的乳汁"
"981","フレール","物品","904","最後の霊薬","掉落","弗莱尔","最终之灵药"
"981","フレール","物品","881","混沌水銀","掉落","弗莱尔","混沌水银"
"981","フレール","防具","4561","ナノの神書","掉落","弗莱尔","纳米之神书"
"981","フレール","物品","3","究極薬草","可偷物品","弗莱尔","究极药草"
"981","フレール","物品","77","天空白聖石","可偷物品","弗莱尔","天空白圣石"
"981","フレール","物品","329","肉","可偷食材","弗莱尔","肉"
"981","フレール","物品","241","天使の羽根","可偷素材","弗莱尔","天使的羽毛"
"981","フレール","防具","1933","ギャルのパンツ","可偷内裤","弗莱尔","辣妹的内裤"
"981","フレール","物品","1675","フレールのミルク","可偷牛奶","弗莱尔","弗莱尔之奶"
"982","アガリアレプト","物品","460","しあわせミルク","掉落","阿加利亚雷普特","幸福牛奶"
"982","アガリアレプト","物品","876","虚夢の欠片","掉落","阿加利亚雷普特","虚梦的碎片"
"982","アガリアレプト","防具","4547","ハドロンの神書","掉落","阿加利亚雷普特","强子之神书"
"982","アガリアレプト","物品","9","エリクサー","可偷物品","阿加利亚雷普特","圣灵药"
"982","アガリアレプト","物品","25","不思議な木の実","可偷物品","阿加利亚雷普特","不可思议之果"
"982","アガリアレプト","物品","412","うさぎもち","可偷食材","阿加利亚雷普特","兔子年糕"
"982","アガリアレプト","物品","262","神々しい花びら","可偷素材","阿加利亚雷普特","神圣花瓣"
"982","アガリアレプト","防具","1974","エルダーサキュバスのパンツ","可偷内裤","阿加利亚雷普特","长老魅魔的内裤"
"982","アガリアレプト","物品","1736","アガリアレプトのミルク","可偷牛奶","阿加利亚雷普特","阿加利亚雷普特的乳汁"
"983","ゲイザー","物品","920","不思議な神実","掉落","凝视者","不可思议的神实"
"983","ゲイザー","物品","879","紅蓮の瞳","掉落","凝视者","红莲之瞳"
"983","ゲイザー","防具","4533","量子の神書","掉落","凝视者","量子之神书"
"983","ゲイザー","物品","9","エリクサー","可偷物品","凝视者","圣灵药"
"983","ゲイザー","防具","1646","時魔導士の悟り","可偷物品","凝视者","时魔导师的领悟"
"983","ゲイザー","物品","364","オムライス","可偷食材","凝视者","蛋包饭"
"983","ゲイザー","物品","251","妖艶なる尻尾","可偷素材","凝视者","妖艳的尾巴"
"983","ゲイザー","物品","1729","ゲイザーのミルク","可偷牛奶","凝视者","凝视者的乳汁"
"984","ベリアル","物品","907","不死鳥の魂","掉落","贝利亚尔","不死鸟之魂"
"984","ベリアル","物品","882","侵蝕する触手","掉落","贝利亚尔","侵蚀的触手"
"984","ベリアル","武器","4810","プロメテウス","掉落","贝利亚尔","普罗米修斯"
"984","ベリアル","物品","9","エリクサー","可偷物品","贝利亚尔","圣灵药"
"984","ベリアル","物品","25","不思議な木の実","可偷物品","贝利亚尔","不可思议之果"
"984","ベリアル","物品","412","うさぎもち","可偷食材","贝利亚尔","兔子年糕"
"984","ベリアル","物品","262","神々しい花びら","可偷素材","贝利亚尔","神圣花瓣"
"984","ベリアル","防具","1974","エルダーサキュバスのパンツ","可偷内裤","贝利亚尔","长老魅魔的内裤"
"984","ベリアル","物品","1727","ベリアルのミルク","可偷牛奶","贝利亚尔","贝利亚尔的乳汁"
"985","魔神","物品","912","魔神の秘薬","掉落","魔神","魔神的秘药"
"985","魔神","防具","4435","神殺しの呪符","掉落","魔神","弑神咒符"
"985","魔神","物品","4449","三闘神・混沌の極秘石","掉落","魔神","三斗神・混沌的极秘石"
"985","魔神","物品","9","エリクサー","可偷物品","魔神","圣灵药"
"985","魔神","物品","25","不思議な木の実","可偷物品","魔神","不可思议之果"
"985","魔神","物品","412","うさぎもち","可偷食材","魔神","兔子年糕"
"985","魔神","物品","262","神々しい花びら","可偷素材","魔神","神圣花瓣"
"985","魔神","防具","1974","エルダーサキュバスのパンツ","可偷内裤","魔神","长老魅魔的内裤"
"985","魔神","物品","1737","魔神のミルク","可偷牛奶","魔神","魔神的乳汁"
"986","女神","物品","914","女神の秘薬","掉落","女神","女神的秘药"
"986","女神","防具","1064","万象のかんざし","掉落","女神","万象之簪"
"986","女神","物品","4443","三闘神・光の極秘石","掉落","女神","三斗神・光的极秘石"
"986","女神","物品","9","エリクサー","可偷物品","女神","圣灵药"
"986","女神","物品","25","不思議な木の実","可偷物品","女神","不可思议之果"
"986","女神","物品","412","うさぎもち","可偷食材","女神","兔子年糕"
"986","女神","物品","262","神々しい花びら","可偷素材","女神","神圣花瓣"
"986","女神","防具","1974","エルダーサキュバスのパンツ","可偷内裤","女神","长老魅魔的内裤"
"986","女神","物品","1738","女神のミルク","可偷牛奶","女神","女神的乳汁"
"987","鬼神","物品","916","鬼神の秘薬","掉落","鬼神","鬼神的秘药"
"987","鬼神","防具","1059","森羅のマント","掉落","鬼神","森罗斗篷"
"987","鬼神","物品","4446","三闘神・闇の極秘石","掉落","鬼神","三斗神・暗的极秘石"
"987","鬼神","物品","9","エリクサー","可偷物品","鬼神","圣灵药"
"987","鬼神","物品","25","不思議な木の実","可偷物品","鬼神","不可思议之果"
"987","鬼神","物品","412","うさぎもち","可偷食材","鬼神","兔子年糕"
"987","鬼神","物品","262","神々しい花びら","可偷素材","鬼神","神圣花瓣"
"987","鬼神","防具","1974","エルダーサキュバスのパンツ","可偷内裤","鬼神","长老魅魔的内裤"
"987","鬼神","物品","1739","鬼神のミルク","可偷牛奶","鬼神","鬼神的乳汁"
"988","ワールドブレイカー","物品","928","禁職の種","掉落","世界破坏者","禁职之种"
"988","ワールドブレイカー","防具","4051","破壊者の秘宝","掉落","世界破坏者","破坏者的秘宝"
"988","ワールドブレイカー","物品","4455","ワールドブレイカーの神秘石","掉落","世界破坏者","世界破坏者的神秘石"
"988","ワールドブレイカー","防具","1938","ヴィヌムのパンツ","可偷内裤","世界破坏者","薇诺姆的内裤"
"989","ジャッジメント","物品","929","禁種の種","掉落","审判","禁种之种"
"989","ジャッジメント","防具","4058","ジャッジメントブローチ","掉落","审判","审判胸针"
"989","ジャッジメント","物品","4458","ジャッジメントの神秘石","掉落","审判","审判者的神秘石"
"989","ジャッジメント","防具","1938","ヴィヌムのパンツ","可偷内裤","审判","薇诺姆的内裤"
"990","デウスエクスマキナ","物品","813","デウスエクスマキナの禁璧","掉落","机械降神","机械降神的禁璧"
"990","デウスエクスマキナ","物品","936","カオスダイヤモンド","掉落","机械降神","混沌钻石"
"990","デウスエクスマキナ","物品","937","カオスクリスタル","掉落","机械降神","混沌水晶"
"990","デウスエクスマキナ","物品","9","エリクサー","可偷物品","机械降神","圣灵药"
"990","デウスエクスマキナ","物品","24","命の木の実","可偷物品","机械降神","生命之果"
"990","デウスエクスマキナ","物品","277","究極の羽根","可偷素材","机械降神","究极之羽"
"990","デウスエクスマキナ","物品","1740","デウスエクスマキナのミルク","可偷牛奶","机械降神","机械降神的乳汁"
"991","カオス","物品","10","ラストエリクサー","可偷物品","混沌","最终圣灵药"
"991","カオス","物品","32","小さなメダル","可偷物品","混沌","小奖章"
"991","カオス","物品","277","究極の羽根","可偷素材","混沌","究极之羽"
"991","カオス","防具","2070","サマエルのパンツ","可偷内裤","混沌","萨麦尔的内裤"
"991","カオス","物品","1741","カオスのミルク","可偷牛奶","混沌","混沌的乳汁"
"992","カオス","物品","10","ラストエリクサー","可偷物品","混沌","最终圣灵药"
"992","カオス","物品","32","小さなメダル","可偷物品","混沌","小奖章"
"992","カオス","物品","277","究極の羽根","可偷素材","混沌","究极之羽"
"992","カオス","防具","2070","サマエルのパンツ","可偷内裤","混沌","萨麦尔的内裤"
"992","カオス","物品","1741","カオスのミルク","可偷牛奶","混沌","混沌的乳汁"
"993","カオス","物品","811","カオスの禁璧","掉落","混沌","混沌的禁璧"
"993","カオス","防具","4078","混沌回避フォース","掉落","混沌","混沌回避力"
"993","カオス","物品","4461","カオスの神秘石","掉落","混沌","混沌的神秘石"
"993","カオス","物品","10","ラストエリクサー","可偷物品","混沌","最终圣灵药"
"993","カオス","物品","32","小さなメダル","可偷物品","混沌","小奖章"
"993","カオス","物品","277","究極の羽根","可偷素材","混沌","究极之羽"
"993","カオス","防具","2070","サマエルのパンツ","可偷内裤","混沌","萨麦尔的内裤"
"993","カオス","物品","1741","カオスのミルク","可偷牛奶","混沌","混沌的乳汁"
"994","蛭蟲","物品","900","大きなメダル","掉落","蛭虫","大奖章"
"994","蛭蟲","物品","4042","スキュラのための絶秘石","掉落","蛭虫","斯库拉的绝秘石"
"994","蛭蟲","物品","792","スキュラの禁璧","掉落","蛭虫","斯库拉的禁璧"
"994","蛭蟲","物品","1633","蛭蟲のミルク","可偷牛奶","蛭虫","蛭虫的乳汁"
"995","華音","物品","902","最終薬草","掉落","华音","最终药草"
"995","華音","物品","457","妖精のパフェ","掉落","华音","妖精的芭菲"
"995","華音","物品","4078","アルラウネのための絶秘石","掉落","华音","阿娜温的绝秘石"
"995","華音","物品","1560","華音のミルク","可偷牛奶","华音","华音的乳汁"
"996","禍撫","物品","919","命の神実","掉落","祸抚","生命之神果"
"996","禍撫","防具","4056","アガルタブローチ","掉落","祸抚","阿卡拉胸针"
"996","禍撫","物品","4018","スライムのための絶秘石","掉落","祸抚","史莱姆的绝秘石"
"996","禍撫","物品","1566","禍撫のミルク","可偷牛奶","祸抚","祸抚的乳汁"
"997","イデア・ルカス","物品","459","カオスシチュー","掉落","伊迪亚・鲁卡斯","混沌炖菜"
"997","イデア・ルカス","物品","877","勇者の魂","掉落","伊迪亚・鲁卡斯","勇者的魂"
"997","イデア・ルカス","防具","4447","物理の神書","掉落","伊迪亚・鲁卡斯","物理之神书"
"997","イデア・ルカス","防具","1938","ヴィヌムのパンツ","可偷内裤","伊迪亚・鲁卡斯","薇诺姆的内裤"
"998","アガリアレプト","物品","460","しあわせミルク","掉落","阿加利亚雷普特","幸福牛奶"
"998","アガリアレプト","防具","4451","快楽の神書","掉落","阿加利亚雷普特","快乐之神书"
"998","アガリアレプト","物品","3679","悪夢に親しむ者の絶秘石","掉落","阿加利亚雷普特","噩梦亲和者的绝秘石"
"998","アガリアレプト","物品","9","エリクサー","可偷物品","阿加利亚雷普特","圣灵药"
"998","アガリアレプト","物品","25","不思議な木の実","可偷物品","阿加利亚雷普特","不可思议之果"
"998","アガリアレプト","物品","412","うさぎもち","可偷食材","阿加利亚雷普特","兔子年糕"
"998","アガリアレプト","物品","262","神々しい花びら","可偷素材","阿加利亚雷普特","神圣花瓣"
"998","アガリアレプト","防具","1974","エルダーサキュバスのパンツ","可偷内裤","阿加利亚雷普特","长老魅魔的内裤"
"998","アガリアレプト","物品","1736","アガリアレプトのミルク","可偷牛奶","阿加利亚雷普特","阿加利亚雷普特的乳汁"
"999","","物品","1124","ルシアのミルク","可偷牛奶","","露西亚的乳汁"
"1001","スライム娘","武器","2861","ブーメラン","掉落","史莱姆娘","回旋镖"
"1001","スライム娘","物品","322","さかな","掉落","史莱姆娘","鱼"
"1001","スライム娘","物品","160","ぷるぷるゼリー","掉落","史莱姆娘","弹弹果冻"
"1001","スライム娘","物品","1","薬草","可偷物品","史莱姆娘","药草"
"1001","スライム娘","武器","657","ブーメラン","可偷物品","史莱姆娘","回旋镖"
"1001","スライム娘","物品","322","さかな","可偷食材","史莱姆娘","鱼"
"1001","スライム娘","物品","160","ぷるぷるゼリー","可偷素材","史莱姆娘","弹弹果冻"
"1003","バニースライム娘","武器","1951","牙","掉落","兔子史莱姆娘","牙"
"1003","バニースライム娘","物品","310","にんじん","掉落","兔子史莱姆娘","胡萝卜"
"1003","バニースライム娘","物品","160","ぷるぷるゼリー","掉落","兔子史莱姆娘","弹弹果冻"
"1003","バニースライム娘","物品","1","薬草","可偷物品","兔子史莱姆娘","药草"
"1003","バニースライム娘","防具","1175","スライムコア","可偷物品","兔子史莱姆娘","史莱姆核心"
"1003","バニースライム娘","物品","310","にんじん","可偷食材","兔子史莱姆娘","胡萝卜"
"1003","バニースライム娘","物品","160","ぷるぷるゼリー","可偷素材","兔子史莱姆娘","弹弹果冻"
"1004","ナメクジ娘","武器","1102","棒","掉落","蛞蝓娘","棒"
"1004","ナメクジ娘","物品","309","レタス","掉落","蛞蝓娘","生菜"
"1004","ナメクジ娘","物品","161","ヌルヌル粘液","掉落","蛞蝓娘","黏滑粘液"
"1004","ナメクジ娘","物品","13","毒消し草","可偷物品","蛞蝓娘","解毒草"
"1004","ナメクジ娘","防具","1026","イヤリング","可偷物品","蛞蝓娘","耳环"
"1004","ナメクジ娘","物品","309","レタス","可偷食材","蛞蝓娘","生菜"
"1004","ナメクジ娘","物品","161","ヌルヌル粘液","可偷素材","蛞蝓娘","黏滑粘液"
"1004","ナメクジ娘","防具","1801","ネバネバパンツ","可偷内裤","蛞蝓娘","黏糊糊内裤"
"1005","インプ","武器","2462","スティック","掉落","小恶魔","棍棒"
"1005","インプ","物品","162","インプの尻尾","掉落","小恶魔","小恶魔的尾巴"
"1005","インプ","物品","357","サンドウイッチ","掉落","小恶魔","三明治"
"1005","インプ","物品","1","薬草","可偷物品","小恶魔","药草"
"1005","インプ","防具","1171","緊縛の縄","可偷物品","小恶魔","紧缚之绳"
"1005","インプ","物品","357","サンドウイッチ","可偷食材","小恶魔","三明治"
"1005","インプ","物品","162","インプの尻尾","可偷素材","小恶魔","小恶魔的尾巴"
"1005","インプ","防具","1802","こあくまインプのパンツ","可偷内裤","小恶魔","小恶魔的内裤"
"1006","マンドラゴラ娘","防具","2513","シャツ","掉落","曼德拉娘","衬衫"
"1006","マンドラゴラ娘","物品","307","キャベツ","掉落","曼德拉娘","卷心菜"
"1006","マンドラゴラ娘","物品","163","魔葉","掉落","曼德拉娘","魔叶"
"1006","マンドラゴラ娘","物品","1","薬草","可偷物品","曼德拉娘","药草"
"1006","マンドラゴラ娘","物品","163","魔葉","可偷物品","曼德拉娘","魔叶"
"1006","マンドラゴラ娘","物品","307","キャベツ","可偷食材","曼德拉娘","卷心菜"
"1006","マンドラゴラ娘","物品","163","魔葉","可偷素材","曼德拉娘","魔叶"
"1007","犬娘","物品","442","魚の骨","掉落","犬娘","鱼骨"
"1007","犬娘","武器","1953","猟犬","掉落","犬娘","猎犬"
"1007","犬娘","物品","164","野獣の爪","掉落","犬娘","野兽之爪"
"1007","犬娘","物品","442","魚の骨","可偷物品","犬娘","鱼骨"
"1007","犬娘","物品","11","フェニックスの尾","可偷物品","犬娘","凤凰之尾"
"1007","犬娘","物品","442","魚の骨","可偷食材","犬娘","鱼骨"
"1007","犬娘","物品","164","野獣の爪","可偷素材","犬娘","野兽之爪"
"1007","犬娘","防具","1805","わんわんパンツ","可偷内裤","犬娘","汪汪内裤"
"1008","ミミズ娘","防具","3152","頭巾","掉落","蚯蚓娘","头巾"
"1008","ミミズ娘","物品","161","ヌルヌル粘液","掉落","蚯蚓娘","黏滑粘液"
"1008","ミミズ娘","物品","67","土石","掉落","蚯蚓娘","土石"
"1008","ミミズ娘","物品","13","毒消し草","可偷物品","蚯蚓娘","解毒草"
"1008","ミミズ娘","物品","67","土石","可偷物品","蚯蚓娘","土石"
"1008","ミミズ娘","物品","301","りんご","可偷食材","蚯蚓娘","苹果"
"1008","ミミズ娘","物品","161","ヌルヌル粘液","可偷素材","蚯蚓娘","黏滑粘液"
"1009","ゴブリン娘","物品","69","土流橙土石","掉落","哥布林娘","土流橙土石"
"1009","ゴブリン娘","物品","361","おにぎり","掉落","哥布林娘","饭团"
"1009","ゴブリン娘","武器","2168","ストライク","掉落","哥布林娘","打击"
"1009","ゴブリン娘","防具","1806","ゴブリンパンツ","可偷内裤","哥布林娘","哥布林内裤"
"1010","プチラミア","物品","73","激流青水石","掉落","迷你拉米亚","激流青水石"
"1010","プチラミア","物品","346","あんぱん","掉落","迷你拉米亚","红豆面包"
"1010","プチラミア","防具","3670","小手","掉落","迷你拉米亚","小手"
"1011","ヴァンパイアガール","物品","65","疾風緑風石","掉落","萝莉吸血鬼","疾风绿风石"
"1011","ヴァンパイアガール","物品","434","ビスケット","掉落","萝莉吸血鬼","饼干"
"1011","ヴァンパイアガール","防具","2708","魔鎧","掉落","萝莉吸血鬼","魔铠"
"1011","ヴァンパイアガール","防具","1807","こうもりパンツ","可偷内裤","萝莉吸血鬼","蝙蝠内裤"
"1012","ドラゴンパピー","物品","53","赤熱紅炎石","掉落","迷你龙","赤热红炎石"
"1012","ドラゴンパピー","物品","446","どんぐり","掉落","迷你龙","橡果"
"1012","ドラゴンパピー","武器","1858","闘魂","掉落","迷你龙","斗魂"
"1012","ドラゴンパピー","防具","1808","ミニ竜の腰布","可偷内裤","迷你龙","小龙腰布"
"1013","ネズミ娘","物品","341","チーズ","掉落","鼠娘","奶酪"
"1013","ネズミ娘","物品","164","野獣の爪","掉落","鼠娘","野兽之爪"
"1013","ネズミ娘","防具","3651","腕輪","掉落","鼠娘","手镯"
"1013","ネズミ娘","物品","1","薬草","可偷物品","鼠娘","药草"
"1013","ネズミ娘","防具","1036","銀の腕輪","可偷物品","鼠娘","银手镯"
"1013","ネズミ娘","物品","341","チーズ","可偷食材","鼠娘","奶酪"
"1013","ネズミ娘","物品","164","野獣の爪","可偷素材","鼠娘","野兽之爪"
"1013","ネズミ娘","防具","1809","ネズミ水玉パンツ","可偷内裤","鼠娘","鼠娘圆点内裤"
"1014","狼娘","武器","1853","爪","掉落","狼娘","爪"
"1014","狼娘","物品","329","肉","掉落","狼娘","肉"
"1014","狼娘","物品","164","野獣の爪","掉落","狼娘","野兽之爪"
"1014","狼娘","物品","7","ブーストドリンク","可偷物品","狼娘","能量饮料"
"1014","狼娘","物品","11","フェニックスの尾","可偷物品","狼娘","凤凰之尾"
"1014","狼娘","物品","329","肉","可偷食材","狼娘","肉"
"1014","狼娘","物品","164","野獣の爪","可偷素材","狼娘","野兽之爪"
"1015","フェニックス娘","物品","11","フェニックスの尾","掉落","凤凰娘","凤凰之尾"
"1015","フェニックス娘","物品","51","炎石","掉落","凤凰娘","炎石"
"1015","フェニックス娘","防具","3673","アミュレット","掉落","凤凰娘","护符"
"1015","フェニックス娘","防具","1810","フェニックスもふもふパンツ","可偷内裤","凤凰娘","凤凰绒绒内裤"
"1016","ヒル娘","武器","2662","テイル","掉落","水蛭娘","尾巴"
"1016","ヒル娘","物品","165","ネバネバ粘液","掉落","水蛭娘","黏糊糊粘液"
"1016","ヒル娘","物品","55","氷石","掉落","水蛭娘","冰石"
"1016","ヒル娘","物品","13","毒消し草","可偷物品","水蛭娘","解毒草"
"1016","ヒル娘","防具","1041","細心の首飾り","可偷物品","水蛭娘","细心项链"
"1016","ヒル娘","物品","337","イチゴジャム","可偷食材","水蛭娘","草莓酱"
"1016","ヒル娘","物品","165","ネバネバ粘液","可偷素材","水蛭娘","黏糊糊粘液"
"1017","ウサギ娘","物品","11","フェニックスの尾","掉落","兔娘","凤凰之尾"
"1017","ウサギ娘","物品","51","炎石","掉落","兔娘","炎石"
"1017","ウサギ娘","武器","2552","狩人","掉落","兔娘","猎人"
"1017","ウサギ娘","物品","1","薬草","可偷物品","兔娘","药草"
"1017","ウサギ娘","武器","550","アイアンボウ","可偷物品","兔娘","铁弓"
"1017","ウサギ娘","物品","310","にんじん","可偷食材","兔娘","胡萝卜"
"1017","ウサギ娘","物品","51","炎石","可偷素材","兔娘","炎石"
"1017","ウサギ娘","防具","1811","ウサギ娘のショーツ","可偷内裤","兔娘","兔娘的内裤"
"1018","羊娘","物品","431","ヤマタイ酒","掉落","羊娘","邪马台酒"
"1018","羊娘","物品","433","スルメ","掉落","羊娘","鱿鱼干"
"1018","羊娘","防具","2602","憂鬱","掉落","羊娘","忧郁"
"1018","羊娘","物品","433","スルメ","可偷物品","羊娘","鱿鱼干"
"1018","羊娘","防具","1147","隠遁のシール","可偷物品","羊娘","隐遁的贴纸"
"1018","羊娘","物品","431","ヤマタイ酒","可偷食材","羊娘","邪马台酒"
"1018","羊娘","物品","55","氷石","可偷素材","羊娘","冰石"
"1018","羊娘","防具","1812","羊娘の地味パンツ","可偷内裤","羊娘","羊娘朴素内裤"
"1019","シュリー","物品","7","ブーストドリンク","掉落","修莉","能量饮料"
"1019","シュリー","物品","166","混沌の石","掉落","修莉","混沌之石"
"1019","シュリー","武器","1014","ゴーシュ","掉落","修莉","格挡匕首"
"1019","シュリー","物品","55","氷石","可偷物品","修莉","冰石"
"1019","シュリー","防具","1006","マジックオーブ","可偷物品","修莉","魔法宝珠"
"1019","シュリー","物品","166","混沌の石","可偷素材","修莉","混沌之石"
"1020","ジェイド","武器","3766","システム","掉落","杰伊德","系统"
"1020","ジェイド","物品","166","混沌の石","掉落","杰伊德","混沌之石"
"1020","ジェイド","物品","61","電光黄雷石","掉落","杰伊德","电光黄雷石"
"1020","ジェイド","物品","59","雷石","可偷物品","杰伊德","雷石"
"1020","ジェイド","防具","1011","不思議なタトゥー","可偷物品","杰伊德","不可思议纹身"
"1020","ジェイド","物品","166","混沌の石","可偷素材","杰伊德","混沌之石"
"1021","シェスタ","物品","166","混沌の石","掉落","谢丝塔","混沌之石"
"1021","シェスタ","物品","63","風石","掉落","谢丝塔","风石"
"1021","シェスタ","防具","2952","花嫁","掉落","谢丝塔","新娘"
"1021","シェスタ","物品","166","混沌の石","可偷物品","谢丝塔","混沌之石"
"1021","シェスタ","防具","148","革のドレス","可偷物品","谢丝塔","皮革礼服"
"1021","シェスタ","物品","166","混沌の石","可偷素材","谢丝塔","混沌之石"
"1021","シェスタ","防具","1813","シェスタのパンツ","可偷内裤","谢丝塔","谢丝塔的内裤"
"1022","ヌルコ","物品","5","エルフの霊薬","掉落","黏黏子","精灵的灵药"
"1022","ヌルコ","物品","166","混沌の石","掉落","黏黏子","混沌之石"
"1022","ヌルコ","武器","2669","テンタクル","掉落","黏黏子","触手"
"1023","オーク娘","物品","329","肉","掉落","兽人娘","肉"
"1023","オーク娘","物品","331","ソーセージ","掉落","兽人娘","香肠"
"1023","オーク娘","武器","2161","ハンマー","掉落","兽人娘","锤子"
"1023","オーク娘","物品","23","ハーピーの羽","可偷物品","兽人娘","哈比之羽"
"1023","オーク娘","防具","1016","パワーリスト","可偷物品","兽人娘","力量护腕"
"1023","オーク娘","物品","331","ソーセージ","可偷食材","兽人娘","香肠"
"1023","オーク娘","物品","67","土石","可偷素材","兽人娘","土石"
"1024","ミツバチ娘","防具","2811","シェル","掉落","蜜蜂娘","壳"
"1024","ミツバチ娘","物品","436","ハチミツ","掉落","蜜蜂娘","蜂蜜"
"1024","ミツバチ娘","物品","167","硬い針","掉落","蜜蜂娘","硬针"
"1024","ミツバチ娘","物品","14","目薬","可偷物品","蜜蜂娘","眼药水"
"1024","ミツバチ娘","物品","167","硬い針","可偷物品","蜜蜂娘","硬针"
"1024","ミツバチ娘","物品","436","ハチミツ","可偷食材","蜜蜂娘","蜂蜜"
"1024","ミツバチ娘","物品","167","硬い針","可偷素材","蜜蜂娘","硬针"
"1025","スズメ娘","物品","1","薬草","掉落","麻雀娘","药草"
"1025","スズメ娘","物品","168","綺麗な羽根","掉落","麻雀娘","美丽的羽毛"
"1025","スズメ娘","防具","2863","ケープ","掉落","麻雀娘","披风"
"1025","スズメ娘","物品","1","薬草","可偷物品","麻雀娘","药草"
"1025","スズメ娘","物品","23","ハーピーの羽","可偷物品","麻雀娘","哈比之羽"
"1025","スズメ娘","物品","360","ライス","可偷食材","麻雀娘","米饭"
"1025","スズメ娘","物品","168","綺麗な羽根","可偷素材","麻雀娘","美丽的羽毛"
"1025","スズメ娘","防具","1814","スズメ娘の羽毛パンツ","可偷内裤","麻雀娘","麻雀娘的羽毛内裤"
"1026","ハーピー","物品","23","ハーピーの羽","掉落","哈比","哈比之羽"
"1026","ハーピー","物品","168","綺麗な羽根","掉落","哈比","美丽的羽毛"
"1026","ハーピー","武器","3061","ファン","掉落","哈比","扇子"
"1026","ハーピー","物品","23","ハーピーの羽","可偷物品","哈比","哈比之羽"
"1026","ハーピー","物品","63","風石","可偷物品","哈比","风石"
"1026","ハーピー","物品","361","おにぎり","可偷食材","哈比","饭团"
"1026","ハーピー","物品","168","綺麗な羽根","可偷素材","哈比","美丽的羽毛"
"1027","ハーピーツインズ","物品","305","バナナ","掉落","哈比姐妹","香蕉"
"1027","ハーピーツインズ","物品","168","綺麗な羽根","掉落","哈比姐妹","美丽的羽毛"
"1027","ハーピーツインズ","防具","3661","マント","掉落","哈比姐妹","斗篷"
"1027","ハーピーツインズ","物品","23","ハーピーの羽","可偷物品","哈比姐妹","哈比之羽"
"1027","ハーピーツインズ","物品","168","綺麗な羽根","可偷物品","哈比姐妹","美丽的羽毛"
"1027","ハーピーツインズ","物品","305","バナナ","可偷食材","哈比姐妹","香蕉"
"1027","ハーピーツインズ","物品","168","綺麗な羽根","可偷素材","哈比姐妹","美丽的羽毛"
"1028","クィーンハーピー","物品","12","世界樹の葉","掉落","哈比女王","世界树之叶"
"1028","クィーンハーピー","物品","168","綺麗な羽根","掉落","哈比女王","美丽的羽毛"
"1028","クィーンハーピー","武器","3070","スカイ","掉落","哈比女王","天空"
"1029","ハイスラッグ娘","物品","13","毒消し草","掉落","高阶蛞蝓娘","解毒草"
"1029","ハイスラッグ娘","物品","165","ネバネバ粘液","掉落","高阶蛞蝓娘","黏糊糊粘液"
"1029","ハイスラッグ娘","防具","2961","ドレス","掉落","高阶蛞蝓娘","礼服"
"1029","ハイスラッグ娘","物品","13","毒消し草","可偷物品","高阶蛞蝓娘","解毒草"
"1029","ハイスラッグ娘","防具","1145","派手なマニキュア","可偷物品","高阶蛞蝓娘","华丽的指甲油"
"1029","ハイスラッグ娘","物品","309","レタス","可偷食材","高阶蛞蝓娘","生菜"
"1029","ハイスラッグ娘","物品","165","ネバネバ粘液","可偷素材","高阶蛞蝓娘","黏糊糊粘液"
"1029","ハイスラッグ娘","防具","1815","ナメクジ高級パンツ","可偷内裤","高阶蛞蝓娘","蛞蝓高档内裤"
"1030","ナメクジシスター","物品","309","レタス","掉落","蛞蝓修女","生菜"
"1030","ナメクジシスター","物品","165","ネバネバ粘液","掉落","蛞蝓修女","黏糊糊粘液"
"1030","ナメクジシスター","武器","2352","癒し","掉落","蛞蝓修女","治愈"
"1030","ナメクジシスター","物品","13","毒消し草","可偷物品","蛞蝓修女","解毒草"
"1030","ナメクジシスター","防具","1031","ガードロザリオ","可偷物品","蛞蝓修女","守护念珠"
"1030","ナメクジシスター","物品","309","レタス","可偷食材","蛞蝓修女","生菜"
"1030","ナメクジシスター","物品","165","ネバネバ粘液","可偷素材","蛞蝓修女","黏糊糊粘液"
"1030","ナメクジシスター","防具","1816","ナメクジシスターパンツ","可偷内裤","蛞蝓修女","蛞蝓修女内裤"
"1031","スラグスターズ","物品","31","器用さの種","掉落","蛞蝓群星","灵巧之种"
"1031","スラグスターズ","物品","165","ネバネバ粘液","掉落","蛞蝓群星","黏糊糊粘液"
"1031","スラグスターズ","防具","2619","レンジャー","掉落","蛞蝓群星","游侠"
"1032","ジャックオーランタン","物品","446","どんぐり","掉落","杰克灯笼","橡果"
"1032","ジャックオーランタン","武器","2461","ロッド","掉落","杰克灯笼","法杖"
"1032","ジャックオーランタン","物品","169","不思議などんぐり","掉落","杰克灯笼","不可思议的橡果"
"1032","ジャックオーランタン","物品","447","松ぼっくり","可偷物品","杰克灯笼","松果"
"1032","ジャックオーランタン","防具","234","魔導師の帽子","可偷物品","杰克灯笼","魔导师的帽子"
"1032","ジャックオーランタン","物品","435","アメ玉","可偷食材","杰克灯笼","糖球"
"1032","ジャックオーランタン","物品","169","不思議などんぐり","可偷素材","杰克灯笼","不可思议的橡果"
"1032","ジャックオーランタン","防具","1817","かぼちゃパンツ","可偷内裤","杰克灯笼","南瓜内裤"
"1033","ローパー娘","防具","2811","シェル","掉落","树绳妖娘","壳"
"1033","ローパー娘","物品","161","ヌルヌル粘液","掉落","树绳妖娘","黏滑粘液"
"1033","ローパー娘","物品","53","赤熱紅炎石","掉落","树绳妖娘","赤热红炎石"
"1033","ローパー娘","物品","1","薬草","可偷物品","树绳妖娘","药草"
"1033","ローパー娘","防具","1061","不思議なかんざし","可偷物品","树绳妖娘","不可思议的发簪"
"1033","ローパー娘","物品","312","大根","可偷食材","树绳妖娘","白萝卜"
"1033","ローパー娘","物品","161","ヌルヌル粘液","可偷素材","树绳妖娘","黏滑粘液"
"1034","メーダ娘","防具","3212","マスク","掉落","梅达娘","面具"
"1034","メーダ娘","物品","432","ほしにく","掉落","梅达娘","干肉"
"1034","メーダ娘","物品","61","電光黄雷石","掉落","梅达娘","电光黄雷石"
"1034","メーダ娘","物品","14","目薬","可偷物品","梅达娘","眼药水"
"1034","メーダ娘","物品","11","フェニックスの尾","可偷物品","梅达娘","凤凰之尾"
"1034","メーダ娘","物品","432","ほしにく","可偷食材","梅达娘","干肉"
"1034","メーダ娘","物品","59","雷石","可偷素材","梅达娘","雷石"
"1035","キャンドル娘","物品","11","フェニックスの尾","掉落","蜡烛娘","凤凰之尾"
"1035","キャンドル娘","物品","51","炎石","掉落","蜡烛娘","炎石"
"1035","キャンドル娘","防具","3665","オーブ","掉落","蜡烛娘","宝珠"
"1035","キャンドル娘","物品","1","薬草","可偷物品","蜡烛娘","药草"
"1035","キャンドル娘","物品","51","炎石","可偷物品","蜡烛娘","炎石"
"1035","キャンドル娘","物品","338","小麦粉","可偷食材","蜡烛娘","面粉"
"1035","キャンドル娘","物品","51","炎石","可偷素材","蜡烛娘","炎石"
"1036","イーター","武器","2254","嘆き","掉落","伊塔","叹息"
"1036","イーター","物品","172","混沌の欠片","掉落","伊塔","混沌的碎片"
"1036","イーター","物品","61","電光黄雷石","掉落","伊塔","电光黄雷石"
"1036","イーター","物品","1","薬草","可偷物品","伊塔","药草"
"1036","イーター","防具","1113","ライトリング","可偷物品","伊塔","轻灵戒指"
"1036","イーター","物品","172","混沌の欠片","可偷素材","伊塔","混沌的碎片"
"1037","ライオット","武器","1854","鉄拳","掉落","莱奥特","铁拳"
"1037","ライオット","物品","164","野獣の爪","掉落","莱奥特","野兽之爪"
"1037","ライオット","物品","166","混沌の石","掉落","莱奥特","混沌之石"
"1037","ライオット","物品","7","ブーストドリンク","可偷物品","莱奥特","能量饮料"
"1037","ライオット","防具","1016","パワーリスト","可偷物品","莱奥特","力量护腕"
"1037","ライオット","物品","166","混沌の石","可偷素材","莱奥特","混沌之石"
"1038","ルクスル","物品","11","フェニックスの尾","掉落","露克斯","凤凰之尾"
"1038","ルクスル","物品","172","混沌の欠片","掉落","露克斯","混沌的碎片"
"1038","ルクスル","武器","3765","ショット","掉落","露克斯","射击"
"1038","ルクスル","物品","11","フェニックスの尾","可偷物品","露克斯","凤凰之尾"
"1038","ルクスル","物品","79","闇石","可偷物品","露克斯","暗石"
"1038","ルクスル","物品","166","混沌の石","可偷素材","露克斯","混沌之石"
"1039","ダークエルフ","物品","1","薬草","掉落","暗精灵","药草"
"1039","ダークエルフ","物品","170","涙の凝石","掉落","暗精灵","泪之凝石"
"1039","ダークエルフ","武器","1014","ゴーシュ","掉落","暗精灵","格挡匕首"
"1039","ダークエルフ","物品","1","薬草","可偷物品","暗精灵","药草"
"1039","ダークエルフ","防具","1011","不思議なタトゥー","可偷物品","暗精灵","不可思议纹身"
"1039","ダークエルフ","物品","343","パン","可偷食材","暗精灵","面包"
"1039","ダークエルフ","物品","170","涙の凝石","可偷素材","暗精灵","泪之凝石"
"1039","ダークエルフ","防具","1818","ダークエルフショーツ","可偷内裤","暗精灵","暗精灵短裤"
"1040","ダークエルフ","防具","3361","サークレット","掉落","暗精灵","头环"
"1040","ダークエルフ","物品","170","涙の凝石","掉落","暗精灵","泪之凝石"
"1040","ダークエルフ","物品","55","氷石","掉落","暗精灵","冰石"
"1040","ダークエルフ","物品","15","山彦草","可偷物品","暗精灵","山彦草"
"1040","ダークエルフ","防具","1100","ミラーリング","可偷物品","暗精灵","镜像反射"
"1040","ダークエルフ","物品","331","ソーセージ","可偷食材","暗精灵","香肠"
"1040","ダークエルフ","物品","170","涙の凝石","可偷素材","暗精灵","泪之凝石"
"1040","ダークエルフ","防具","1819","ダークエルフパンツ","可偷内裤","暗精灵","暗精灵内裤"
"1041","フェアリー","武器","2464","マジック","掉落","妖精","魔法"
"1041","フェアリー","物品","169","不思議などんぐり","掉落","妖精","不可思议的橡果"
"1041","フェアリー","物品","65","疾風緑風石","掉落","妖精","疾风绿风石"
"1041","フェアリー","物品","446","どんぐり","可偷物品","妖精","橡果"
"1041","フェアリー","防具","1372","自然感応の書","可偷物品","妖精","自然感应之书"
"1041","フェアリー","物品","304","さくらんぼ","可偷食材","妖精","樱桃"
"1041","フェアリー","物品","188","妖精のどんぐり","可偷素材","妖精","妖精的橡果"
"1041","フェアリー","防具","1839","ブラウニーズミニパンツ","可偷内裤","妖精","棕精灵迷你内裤"
"1042","ミニカニ娘","防具","2812","タートル","掉落","迷你蟹娘","龟壳"
"1042","ミニカニ娘","物品","335","のり","掉落","迷你蟹娘","海苔"
"1042","ミニカニ娘","物品","171","綺麗な珊瑚","掉落","迷你蟹娘","美丽的珊瑚"
"1042","ミニカニ娘","物品","1","薬草","可偷物品","迷你蟹娘","药草"
"1042","ミニカニ娘","物品","71","水石","可偷物品","迷你蟹娘","水石"
"1042","ミニカニ娘","物品","335","のり","可偷食材","迷你蟹娘","海苔"
"1042","ミニカニ娘","物品","171","綺麗な珊瑚","可偷素材","迷你蟹娘","美丽的珊瑚"
"1043","ナマズ娘","防具","3401","髪飾り","掉落","鲶鱼娘","发饰"
"1043","ナマズ娘","物品","165","ネバネバ粘液","掉落","鲶鱼娘","黏糊糊粘液"
"1043","ナマズ娘","物品","61","電光黄雷石","掉落","鲶鱼娘","电光黄雷石"
"1043","ナマズ娘","物品","7","ブーストドリンク","可偷物品","鲶鱼娘","能量饮料"
"1043","ナマズ娘","物品","59","雷石","可偷物品","鲶鱼娘","雷石"
"1043","ナマズ娘","物品","328","うなぎ","可偷食材","鲶鱼娘","鳗鱼"
"1043","ナマズ娘","物品","165","ネバネバ粘液","可偷素材","鲶鱼娘","黏糊糊粘液"
"1044","ラフレシア娘","防具","2511","ウェア","掉落","霸王花娘","服装"
"1044","ラフレシア娘","物品","321","とうがらし","掉落","霸王花娘","辣椒"
"1044","ラフレシア娘","物品","163","魔葉","掉落","霸王花娘","魔叶"
"1044","ラフレシア娘","物品","1","薬草","可偷物品","霸王花娘","药草"
"1044","ラフレシア娘","防具","1721","守護香","可偷物品","霸王花娘","守护香"
"1044","ラフレシア娘","物品","321","とうがらし","可偷食材","霸王花娘","辣椒"
"1044","ラフレシア娘","物品","163","魔葉","可偷素材","霸王花娘","魔叶"
"1045","セントール","物品","14","目薬","掉落","半人马","眼药水"
"1045","セントール","物品","173","丈夫な蹄","掉落","半人马","坚固的蹄"
"1045","セントール","武器","1506","スピア","掉落","半人马","矛"
"1045","セントール","物品","173","丈夫な蹄","可偷物品","半人马","坚固的蹄"
"1045","セントール","防具","1730","修行リスト","可偷物品","半人马","修行手环"
"1045","セントール","物品","310","にんじん","可偷食材","半人马","胡萝卜"
"1045","セントール","物品","173","丈夫な蹄","可偷素材","半人马","坚固的蹄"
"1046","銀狐二尾","武器","3051","扇","掉落","银狐二尾","扇"
"1046","銀狐二尾","物品","333","あぶらあげ","掉落","银狐二尾","油豆腐"
"1046","銀狐二尾","物品","174","ふわふわしっぽ","掉落","银狐二尾","蓬松尾巴"
"1046","銀狐二尾","物品","174","ふわふわしっぽ","可偷物品","银狐二尾","蓬松尾巴"
"1046","銀狐二尾","物品","67","土石","可偷物品","银狐二尾","土石"
"1046","銀狐二尾","物品","370","いなりずし","可偷食材","银狐二尾","稻荷寿司"
"1046","銀狐二尾","物品","174","ふわふわしっぽ","可偷素材","银狐二尾","蓬松尾巴"
"1046","銀狐二尾","防具","1821","妖狐のひよこパンツ","可偷内裤","银狐二尾","妖狐的小鸡内裤"
"1047","かむろ二尾","防具","3353","烏帽子","掉落","神室二尾","乌帽子"
"1047","かむろ二尾","物品","174","ふわふわしっぽ","掉落","神室二尾","蓬松尾巴"
"1047","かむろ二尾","物品","69","土流橙土石","掉落","神室二尾","土流橙土石"
"1047","かむろ二尾","物品","1","薬草","可偷物品","神室二尾","药草"
"1047","かむろ二尾","防具","1061","不思議なかんざし","可偷物品","神室二尾","不可思议的发簪"
"1047","かむろ二尾","物品","333","あぶらあげ","可偷食材","神室二尾","油豆腐"
"1047","かむろ二尾","物品","174","ふわふわしっぽ","可偷素材","神室二尾","蓬松尾巴"
"1047","かむろ二尾","防具","1822","かむろのパンツ","可偷内裤","神室二尾","神室的内裤"
"1048","クモ娘","防具","2612","チェスト","掉落","蜘蛛娘","胸甲"
"1048","クモ娘","物品","432","ほしにく","掉落","蜘蛛娘","干肉"
"1048","クモ娘","物品","175","蜘蛛の糸","掉落","蜘蛛娘","蜘蛛之丝"
"1048","クモ娘","物品","13","毒消し草","可偷物品","蜘蛛娘","解毒草"
"1048","クモ娘","防具","163","あぶない水着","可偷物品","蜘蛛娘","危险泳装"
"1048","クモ娘","物品","432","ほしにく","可偷食材","蜘蛛娘","干肉"
"1048","クモ娘","物品","175","蜘蛛の糸","可偷素材","蜘蛛娘","蜘蛛之丝"
"1049","ミミック娘","防具","3672","ロザリオ","掉落","宝箱娘","罗莎莉奥"
"1049","ミミック娘","物品","161","ヌルヌル粘液","掉落","宝箱娘","黏滑粘液"
"1049","ミミック娘","物品","32","小さなメダル","掉落","宝箱娘","小奖章"
"1049","ミミック娘","物品","11","フェニックスの尾","可偷物品","宝箱娘","凤凰之尾"
"1049","ミミック娘","物品","32","小さなメダル","可偷物品","宝箱娘","小奖章"
"1049","ミミック娘","物品","359","ピザ","可偷食材","宝箱娘","披萨"
"1049","ミミック娘","物品","161","ヌルヌル粘液","可偷素材","宝箱娘","黏滑粘液"
"1049","ミミック娘","防具","1823","ミミックパンツ","可偷内裤","宝箱娘","宝箱怪内裤"
"1050","七尾","物品","5","エルフの霊薬","掉落","七尾","精灵的灵药"
"1050","七尾","物品","174","ふわふわしっぽ","掉落","七尾","蓬松尾巴"
"1050","七尾","防具","2856","儀式","掉落","七尾","仪式"
"1051","モリガン","物品","10","ラストエリクサー","掉落","摩莉甘","最终圣灵药"
"1051","モリガン","物品","38","超天使の種","掉落","摩莉甘","超天使之种"
"1051","モリガン","武器","1454","覚醒","掉落","摩莉甘","觉醒"
"1051","モリガン","防具","1824","モリガンパンツ","可偷内裤","摩莉甘","摩莉甘内裤"
"1052","ナマコ娘","武器","1301","巨剣","掉落","海参娘","巨剑"
"1052","ナマコ娘","物品","171","綺麗な珊瑚","掉落","海参娘","美丽的珊瑚"
"1052","ナマコ娘","物品","73","激流青水石","掉落","海参娘","激流青水石"
"1052","ナマコ娘","物品","2","高級薬草","可偷物品","海参娘","高级药草"
"1052","ナマコ娘","物品","71","水石","可偷物品","海参娘","水石"
"1052","ナマコ娘","物品","322","さかな","可偷食材","海参娘","鱼"
"1052","ナマコ娘","物品","171","綺麗な珊瑚","可偷素材","海参娘","美丽的珊瑚"
"1053","貝娘","防具","2811","シェル","掉落","贝娘","壳"
"1053","貝娘","物品","176","頑丈な貝殻","掉落","贝娘","坚固的贝壳"
"1053","貝娘","物品","389","味噌汁","掉落","贝娘","味噌汤"
"1053","貝娘","物品","2","高級薬草","可偷物品","贝娘","高级药草"
"1053","貝娘","物品","27","守りの種","可偷物品","贝娘","守护之种"
"1053","貝娘","物品","389","味噌汁","可偷食材","贝娘","味噌汤"
"1053","貝娘","物品","176","頑丈な貝殻","可偷素材","贝娘","坚固的贝壳"
"1054","カニ娘","武器","2064","ブッチャー","掉落","螃蟹娘","屠夫"
"1054","カニ娘","物品","326","カニ","掉落","螃蟹娘","蟹"
"1054","カニ娘","物品","171","綺麗な珊瑚","掉落","螃蟹娘","美丽的珊瑚"
"1054","カニ娘","物品","17","満月草","可偷物品","螃蟹娘","满月草"
"1054","カニ娘","防具","1558","パラライチェック","可偷物品","螃蟹娘","麻痹抵抗"
"1054","カニ娘","物品","326","カニ","可偷食材","螃蟹娘","蟹"
"1054","カニ娘","物品","171","綺麗な珊瑚","可偷素材","螃蟹娘","美丽的珊瑚"
"1055","スライムベス娘","武器","2864","ホーク","掉落","史莱姆贝丝娘","隼"
"1055","スライムベス娘","物品","414","チョコレート","掉落","史莱姆贝丝娘","巧克力"
"1055","スライムベス娘","物品","177","にゅるにゅるゼリー","掉落","史莱姆贝丝娘","滑溜溜果冻"
"1055","スライムベス娘","物品","2","高級薬草","可偷物品","史莱姆贝丝娘","高级药草"
"1055","スライムベス娘","防具","1375","粘液技の書","可偷物品","史莱姆贝丝娘","粘液技之书"
"1055","スライムベス娘","物品","329","肉","可偷食材","史莱姆贝丝娘","肉"
"1055","スライムベス娘","物品","177","にゅるにゅるゼリー","可偷素材","史莱姆贝丝娘","滑溜溜果冻"
"1056","スイカ娘","物品","304","さくらんぼ","掉落","西瓜娘","樱桃"
"1056","スイカ娘","物品","163","魔葉","掉落","西瓜娘","魔叶"
"1056","スイカ娘","防具","3063","ビキニ","掉落","西瓜娘","比基尼"
"1056","スイカ娘","物品","163","魔葉","可偷物品","西瓜娘","魔叶"
"1056","スイカ娘","武器","8","メイジマッシャー","可偷物品","西瓜娘","法师杀手"
"1056","スイカ娘","物品","304","さくらんぼ","可偷食材","西瓜娘","樱桃"
"1056","スイカ娘","物品","163","魔葉","可偷素材","西瓜娘","魔叶"
"1057","ウツボカズラ娘","武器","3264","トレード","掉落","猪笼草娘","贸易"
"1057","ウツボカズラ娘","物品","448","カブトムシ","掉落","猪笼草娘","独角仙"
"1057","ウツボカズラ娘","物品","163","魔葉","掉落","猪笼草娘","魔叶"
"1057","ウツボカズラ娘","物品","2","高級薬草","可偷物品","猪笼草娘","高级药草"
"1057","ウツボカズラ娘","防具","1576","メルトチェック","可偷物品","猪笼草娘","消化抵抗"
"1057","ウツボカズラ娘","物品","337","イチゴジャム","可偷食材","猪笼草娘","草莓酱"
"1057","ウツボカズラ娘","物品","163","魔葉","可偷素材","猪笼草娘","魔叶"
"1058","ラミア","物品","16","気付け薬","掉落","拉米亚","提神药"
"1058","ラミア","物品","178","ラミアの尾","掉落","拉米亚","拉米亚的尾巴"
"1058","ラミア","武器","2951","鉄球","掉落","拉米亚","铁球"
"1058","ラミア","物品","16","気付け薬","可偷物品","拉米亚","提神药"
"1058","ラミア","防具","1381","蛇技の書","可偷物品","拉米亚","蛇技之书"
"1058","ラミア","物品","376","ハンバーグ","可偷食材","拉米亚","汉堡肉"
"1058","ラミア","物品","178","ラミアの尾","可偷素材","拉米亚","拉米亚的尾巴"
"1059","ワカメ娘","武器","3462","トランプ","掉落","裙带菜娘","扑克牌"
"1059","ワカメ娘","物品","335","のり","掉落","裙带菜娘","海苔"
"1059","ワカメ娘","物品","73","激流青水石","掉落","裙带菜娘","激流青水石"
"1059","ワカメ娘","物品","2","高級薬草","可偷物品","裙带菜娘","高级药草"
"1059","ワカメ娘","防具","1142","清水","可偷物品","裙带菜娘","清水"
"1059","ワカメ娘","物品","335","のり","可偷食材","裙带菜娘","海苔"
"1059","ワカメ娘","物品","71","水石","可偷素材","裙带菜娘","水石"
"1060","クラゲ娘","防具","2561","ジャケット","掉落","海蜇娘","夹克"
"1060","クラゲ娘","物品","179","あやしい触手","掉落","海蜇娘","诡异的触手"
"1060","クラゲ娘","物品","73","激流青水石","掉落","海蜇娘","激流青水石"
"1060","クラゲ娘","物品","17","満月草","可偷物品","海蜇娘","满月草"
"1060","クラゲ娘","防具","1115","コンバートリング","可偷物品","海蜇娘","转换戒指"
"1060","クラゲ娘","物品","322","さかな","可偷食材","海蜇娘","鱼"
"1060","クラゲ娘","物品","179","あやしい触手","可偷素材","海蜇娘","诡异的触手"
"1061","イソギンチャク娘","武器","2665","バインド","掉落","海葵娘","束缚"
"1061","イソギンチャク娘","物品","179","あやしい触手","掉落","海葵娘","诡异的触手"
"1061","イソギンチャク娘","物品","322","さかな","掉落","海葵娘","鱼"
"1061","イソギンチャク娘","物品","13","毒消し草","可偷物品","海葵娘","解毒草"
"1061","イソギンチャク娘","防具","1548","ポイズンチェック","可偷物品","海葵娘","中毒抵抗"
"1061","イソギンチャク娘","物品","322","さかな","可偷食材","海葵娘","鱼"
"1061","イソギンチャク娘","物品","179","あやしい触手","可偷素材","海葵娘","诡异的触手"
"1062","アンコウ娘","物品","327","エビ","掉落","鮟鱇鱼娘","虾"
"1062","アンコウ娘","物品","73","激流青水石","掉落","鮟鱇鱼娘","激流青水石"
"1062","アンコウ娘","防具","3662","イヤリング","掉落","鮟鱇鱼娘","耳环"
"1062","アンコウ娘","物品","14","目薬","可偷物品","鮟鱇鱼娘","眼药水"
"1062","アンコウ娘","武器","408","アクアハンマー","可偷物品","鮟鱇鱼娘","水锤"
"1062","アンコウ娘","物品","327","エビ","可偷食材","鮟鱇鱼娘","虾"
"1062","アンコウ娘","物品","71","水石","可偷素材","鮟鱇鱼娘","水石"
"1063","メイア","物品","5","エルフの霊薬","掉落","梅尔","精灵的灵药"
"1063","メイア","物品","73","激流青水石","掉落","梅尔","激流青水石"
"1063","メイア","武器","2770","ハーモニー","掉落","梅尔","和谐"
"1063","メイア","物品","4","霊薬","可偷物品","梅尔","灵药"
"1063","メイア","武器","525","ホーリーロッド","可偷物品","梅尔","神圣法杖"
"1063","メイア","物品","322","さかな","可偷食材","梅尔","鱼"
"1063","メイア","物品","204","人魚の鱗","可偷素材","梅尔","人鱼的鳞片"
"1064","17ページ","物品","109","魔導書のページ","掉落","17页","魔导书的书页"
"1064","17ページ","物品","180","貴重な羊皮紙","掉落","17页","珍贵的羊皮纸"
"1064","17ページ","武器","2465","カーズ","掉落","17页","诅咒"
"1064","17ページ","物品","17","満月草","可偷物品","17页","满月草"
"1064","17ページ","防具","1007","ムーンオーブ","可偷物品","17页","月之宝珠"
"1064","17ページ","物品","314","ピーマン","可偷食材","17页","青椒"
"1064","17ページ","物品","180","貴重な羊皮紙","可偷素材","17页","珍贵的羊皮纸"
"1065","257ページ","物品","109","魔導書のページ","掉落","257页","魔导书的书页"
"1065","257ページ","物品","180","貴重な羊皮紙","掉落","257页","珍贵的羊皮纸"
"1065","257ページ","武器","3655","写本","掉落","257页","手抄本"
"1065","257ページ","物品","15","山彦草","可偷物品","257页","山彦草"
"1065","257ページ","防具","1552","サイレスチェック","可偷物品","257页","沉默抵抗"
"1065","257ページ","物品","418","チョコケーキ","可偷食材","257页","巧克力蛋糕"
"1065","257ページ","物品","180","貴重な羊皮紙","可偷素材","257页","珍贵的羊皮纸"
"1065","257ページ","防具","1825","257ページのパンツ","可偷内裤","257页","257页的内裤"
"1066","65537ページ","物品","29","精神の種","掉落","65537页","精神之种"
"1066","65537ページ","物品","180","貴重な羊皮紙","掉落","65537页","珍贵的羊皮纸"
"1066","65537ページ","武器","3660","全書","掉落","65537页","全书"
"1066","65537ページ","防具","1826","65537ページのパンツ","可偷内裤","65537页","65537页的内裤"
"1067","シスターラミア","武器","2355","神官","掉落","修女拉米亚","神官"
"1067","シスターラミア","物品","178","ラミアの尾","掉落","修女拉米亚","拉米亚的尾巴"
"1067","シスターラミア","物品","77","天空白聖石","掉落","修女拉米亚","天空白圣石"
"1067","シスターラミア","物品","19","聖水","可偷物品","修女拉米亚","圣水"
"1067","シスターラミア","武器","59","誘惑の剣","可偷物品","修女拉米亚","诱惑之剑"
"1067","シスターラミア","物品","317","にんにく","可偷食材","修女拉米亚","大蒜"
"1067","シスターラミア","物品","178","ラミアの尾","可偷素材","修女拉米亚","拉米亚的尾巴"
"1068","シスキュバス","武器","2356","祈り","掉落","修女魅魔","祈祷"
"1068","シスキュバス","物品","181","淫魔の尻尾","掉落","修女魅魔","淫魔的尾巴"
"1068","シスキュバス","物品","77","天空白聖石","掉落","修女魅魔","天空白圣石"
"1068","シスキュバス","物品","4","霊薬","可偷物品","修女魅魔","灵药"
"1068","シスキュバス","防具","1315","杖の書","可偷物品","修女魅魔","杖之书"
"1068","シスキュバス","物品","317","にんにく","可偷食材","修女魅魔","大蒜"
"1068","シスキュバス","物品","181","淫魔の尻尾","可偷素材","修女魅魔","淫魔的尾巴"
"1068","シスキュバス","防具","1827","シスキュバスのパンツ","可偷内裤","修女魅魔","修女魅魔的内裤"
"1069","アリクイ娘","物品","3","究極薬草","掉落","食蚁兽娘","究极药草"
"1069","アリクイ娘","物品","182","魔獣の爪","掉落","食蚁兽娘","魔兽之爪"
"1069","アリクイ娘","防具","2514","セーター","掉落","食蚁兽娘","毛衣"
"1069","アリクイ娘","物品","2","高級薬草","可偷物品","食蚁兽娘","高级药草"
"1069","アリクイ娘","武器","294","黄金の爪","可偷物品","食蚁兽娘","黄金爪"
"1069","アリクイ娘","物品","336","あんこ","可偷食材","食蚁兽娘","豆沙"
"1069","アリクイ娘","物品","182","魔獣の爪","可偷素材","食蚁兽娘","魔兽之爪"
"1069","アリクイ娘","防具","1828","アリクイパンツ","可偷内裤","食蚁兽娘","食蚁兽内裤"
"1070","グリズリー娘","物品","329","肉","掉落","灰熊娘","肉"
"1070","グリズリー娘","物品","182","魔獣の爪","掉落","灰熊娘","魔兽之爪"
"1070","グリズリー娘","武器","1967","ビースト","掉落","灰熊娘","野兽"
"1070","グリズリー娘","物品","7","ブーストドリンク","可偷物品","灰熊娘","能量饮料"
"1070","グリズリー娘","防具","1378","獣技の書","可偷物品","灰熊娘","兽技之书"
"1070","グリズリー娘","物品","329","肉","可偷食材","灰熊娘","肉"
"1070","グリズリー娘","物品","182","魔獣の爪","可偷素材","灰熊娘","魔兽之爪"
"1071","XX-7","物品","7","ブーストドリンク","掉落","XX-7","能量饮料"
"1071","XX-7","物品","183","精巧な歯車","掉落","XX-7","精巧的齿轮"
"1071","XX-7","防具","2714","オーバー","掉落","XX-7","超越"
"1071","XX-7","物品","7","ブーストドリンク","可偷物品","XX-7","能量饮料"
"1071","XX-7","防具","1042","職人の首飾り","可偷物品","XX-7","工匠项链"
"1071","XX-7","物品","339","カレー粉","可偷食材","XX-7","咖喱粉"
"1071","XX-7","物品","183","精巧な歯車","可偷素材","XX-7","精巧的齿轮"
"1072","リトルバグ","物品","3","究極薬草","掉落","小虫","究极药草"
"1072","リトルバグ","物品","184","キメラ細胞","掉落","小虫","奇美拉细胞"
"1072","リトルバグ","武器","3466","デッキ","掉落","小虫","卡组"
"1072","リトルバグ","物品","2","高級薬草","可偷物品","小虫","高级药草"
"1072","リトルバグ","物品","30","素早さの種","可偷物品","小虫","敏捷之种"
"1072","リトルバグ","物品","301","りんご","可偷食材","小虫","苹果"
"1072","リトルバグ","物品","184","キメラ細胞","可偷素材","小虫","奇美拉细胞"
"1073","キャンサーロイド","物品","20","金の針","掉落","巨蟹机器人","金针"
"1073","キャンサーロイド","物品","183","精巧な歯車","掉落","巨蟹机器人","精巧的齿轮"
"1073","キャンサーロイド","武器","3754","機関銃","掉落","巨蟹机器人","机关铳"
"1073","キャンサーロイド","物品","20","金の針","可偷物品","巨蟹机器人","金针"
"1073","キャンサーロイド","防具","1022","ミスリルの小手","可偷物品","巨蟹机器人","秘银制护手"
"1073","キャンサーロイド","物品","326","カニ","可偷食材","巨蟹机器人","蟹"
"1073","キャンサーロイド","物品","183","精巧な歯車","可偷素材","巨蟹机器人","精巧的齿轮"
"1074","ブリュンヒルデ","物品","183","精巧な歯車","掉落","布伦希尔德","精巧的齿轮"
"1074","ブリュンヒルデ","物品","81","輝晶黒闇石","掉落","布伦希尔德","辉晶黑暗石"
"1074","ブリュンヒルデ","防具","3669","勲章","掉落","布伦希尔德","勋章"
"1075","ゴースト","物品","5","エルフの霊薬","掉落","幽灵","精灵的灵药"
"1075","ゴースト","物品","185","幽霊の髪","掉落","幽灵","幽灵的头发"
"1075","ゴースト","武器","2255","恨み","掉落","幽灵","怨恨"
"1075","ゴースト","物品","4","霊薬","可偷物品","幽灵","灵药"
"1075","ゴースト","防具","70","ダークメイル","可偷物品","幽灵","黑暗铠甲"
"1075","ゴースト","物品","311","なすび","可偷食材","幽灵","茄子"
"1075","ゴースト","物品","185","幽霊の髪","可偷素材","幽灵","幽灵的头发"
"1075","ゴースト","防具","1829","ゴーストパンツ","可偷内裤","幽灵","幽灵内裤"
"1076","呪いの人形娘","防具","2957","羽衣","掉落","诅咒人偶娘","羽衣"
"1076","呪いの人形娘","物品","183","精巧な歯車","掉落","诅咒人偶娘","精巧的齿轮"
"1076","呪いの人形娘","物品","185","幽霊の髪","掉落","诅咒人偶娘","幽灵的头发"
"1076","呪いの人形娘","物品","18","打出の小槌","可偷物品","诅咒人偶娘","打出的小槌"
"1076","呪いの人形娘","武器","446","デスシックル","可偷物品","诅咒人偶娘","死亡之镰"
"1076","呪いの人形娘","物品","435","アメ玉","可偷食材","诅咒人偶娘","糖球"
"1076","呪いの人形娘","物品","185","幽霊の髪","可偷素材","诅咒人偶娘","幽灵的头发"
"1076","呪いの人形娘","防具","1830","ドールパンツ","可偷内裤","诅咒人偶娘","人偶内裤"
"1077","ゾンビ剣士","物品","3","究極薬草","掉落","僵尸剑士","究极药草"
"1077","ゾンビ剣士","物品","186","ゾンビパウダー","掉落","僵尸剑士","僵尸粉"
"1077","ゾンビ剣士","武器","1112","スラッシュ","掉落","僵尸剑士","斩击"
"1077","ゾンビ剣士","物品","2","高級薬草","可偷物品","僵尸剑士","高级药草"
"1077","ゾンビ剣士","防具","3","旅人の服","可偷物品","僵尸剑士","旅行者的服装"
"1077","ゾンビ剣士","物品","432","ほしにく","可偷食材","僵尸剑士","干肉"
"1077","ゾンビ剣士","物品","186","ゾンビパウダー","可偷素材","僵尸剑士","僵尸粉"
"1077","ゾンビ剣士","防具","1831","ゾンビ剣士のパンツ","可偷内裤","僵尸剑士","僵尸剑士的内裤"
"1078","ゾンビ娘","武器","2955","失墜","掉落","僵尸娘","失坠"
"1078","ゾンビ娘","物品","432","ほしにく","掉落","僵尸娘","干肉"
"1078","ゾンビ娘","物品","186","ゾンビパウダー","掉落","僵尸娘","僵尸粉"
"1078","ゾンビ娘","物品","16","気付け薬","可偷物品","僵尸娘","提神药"
"1078","ゾンビ娘","防具","1556","スリープチェック","可偷物品","僵尸娘","睡眠抵抗"
"1078","ゾンビ娘","物品","432","ほしにく","可偷食材","僵尸娘","干肉"
"1078","ゾンビ娘","物品","186","ゾンビパウダー","可偷素材","僵尸娘","僵尸粉"
"1078","ゾンビ娘","防具","1833","ゾンビ娘の黒パンツ","可偷内裤","僵尸娘","僵尸娘的黑色内裤"
"1079","ゾンビ娘","防具","3212","マスク","掉落","僵尸娘","面具"
"1079","ゾンビ娘","物品","444","ドクロ","掉落","僵尸娘","骷髅"
"1079","ゾンビ娘","物品","186","ゾンビパウダー","掉落","僵尸娘","僵尸粉"
"1079","ゾンビ娘","物品","13","毒消し草","可偷物品","僵尸娘","解毒草"
"1079","ゾンビ娘","防具","1167","遺言状","可偷物品","僵尸娘","遗嘱"
"1079","ゾンビ娘","物品","432","ほしにく","可偷食材","僵尸娘","干肉"
"1079","ゾンビ娘","物品","186","ゾンビパウダー","可偷素材","僵尸娘","僵尸粉"
"1079","ゾンビ娘","防具","1834","ゾンビ娘の赤パンツ","可偷内裤","僵尸娘","僵尸娘的红内裤"
"1080","ゾンビ娘","物品","17","満月草","掉落","僵尸娘","满月草"
"1080","ゾンビ娘","物品","186","ゾンビパウダー","掉落","僵尸娘","僵尸粉"
"1080","ゾンビ娘","武器","2052","両断","掉落","僵尸娘","斩断"
"1080","ゾンビ娘","物品","17","満月草","可偷物品","僵尸娘","满月草"
"1080","ゾンビ娘","防具","1002","ハッスルベルト","可偷物品","僵尸娘","活力腰带"
"1080","ゾンビ娘","物品","432","ほしにく","可偷食材","僵尸娘","干肉"
"1080","ゾンビ娘","物品","186","ゾンビパウダー","可偷素材","僵尸娘","僵尸粉"
"1080","ゾンビ娘","防具","1835","ゾンビエルフのパンツ","可偷内裤","僵尸娘","僵尸精灵的内裤"
"1081","ゾンビ娘","武器","2566","アイ","掉落","僵尸娘","眼"
"1081","ゾンビ娘","物品","170","涙の凝石","掉落","僵尸娘","泪之凝石"
"1081","ゾンビ娘","物品","186","ゾンビパウダー","掉落","僵尸娘","僵尸粉"
"1081","ゾンビ娘","物品","4","霊薬","可偷物品","僵尸娘","灵药"
"1081","ゾンビ娘","防具","1572","ゾンビチェック","可偷物品","僵尸娘","僵尸抵抗"
"1081","ゾンビ娘","物品","432","ほしにく","可偷食材","僵尸娘","干肉"
"1081","ゾンビ娘","物品","186","ゾンビパウダー","可偷素材","僵尸娘","僵尸粉"
"1081","ゾンビ娘","防具","1832","ゾンビ娘のギリギリパンツ","可偷内裤","僵尸娘","僵尸娘的紧身内裤"
"1082","フレデリカ","物品","186","ゾンビパウダー","掉落","芙蕾德莉卡","僵尸粉"
"1082","フレデリカ","物品","79","闇石","掉落","芙蕾德莉卡","暗石"
"1082","フレデリカ","防具","2717","クラッド","掉落","芙蕾德莉卡","覆层"
"1082","フレデリカ","防具","1836","フレデリカのパンツ","可偷内裤","芙蕾德莉卡","芙蕾德莉卡的内裤"
"1083","クロム","物品","181","淫魔の尻尾","掉落","库洛姆","淫魔的尾巴"
"1083","クロム","物品","423","プリン","掉落","库洛姆","布丁"
"1083","クロム","武器","3367","ドクター","掉落","库洛姆","医生"
"1083","クロム","防具","1837","クロムちゃんパンツ","可偷内裤","库洛姆","库洛姆酱内裤"
"1084","エルフ","物品","4","霊薬","掉落","精灵","灵药"
"1084","エルフ","物品","187","涙の宝石","掉落","精灵","泪之宝石"
"1084","エルフ","武器","2561","アロー","掉落","精灵","箭矢"
"1084","エルフ","物品","4","霊薬","可偷物品","精灵","灵药"
"1084","エルフ","防具","73","フォレストガード","可偷物品","精灵","森林守卫"
"1084","エルフ","物品","311","なすび","可偷食材","精灵","茄子"
"1084","エルフ","物品","187","涙の宝石","可偷素材","精灵","泪之宝石"
"1084","エルフ","防具","1838","エルフのパンツ","可偷内裤","精灵","精灵的内裤"
"1085","ブラウニーズ","武器","2153","木槌","掉落","棕精灵们","木锤"
"1085","ブラウニーズ","物品","320","とうもろこし","掉落","棕精灵们","玉米"
"1085","ブラウニーズ","物品","188","妖精のどんぐり","掉落","棕精灵们","妖精的橡果"
"1085","ブラウニーズ","物品","1","薬草","可偷物品","棕精灵们","药草"
"1085","ブラウニーズ","防具","1006","マジックオーブ","可偷物品","棕精灵们","魔法宝珠"
"1085","ブラウニーズ","物品","320","とうもろこし","可偷食材","棕精灵们","玉米"
"1085","ブラウニーズ","物品","169","不思議などんぐり","可偷素材","棕精灵们","不可思议的橡果"
"1085","ブラウニーズ","防具","1820","妖精のミニミニパンツ","可偷内裤","棕精灵们","妖精的迷你迷你内裤"
"1086","ツインズフェアリー","物品","450","ちぃぱっぱ","掉落","小仙子姐妹","叽啪啪"
"1086","ツインズフェアリー","物品","188","妖精のどんぐり","掉落","小仙子姐妹","妖精的橡果"
"1086","ツインズフェアリー","武器","2462","スティック","掉落","小仙子姐妹","棍棒"
"1086","ツインズフェアリー","物品","447","松ぼっくり","可偷物品","小仙子姐妹","松果"
"1086","ツインズフェアリー","防具","1007","ムーンオーブ","可偷物品","小仙子姐妹","月之宝珠"
"1086","ツインズフェアリー","物品","301","りんご","可偷食材","小仙子姐妹","苹果"
"1086","ツインズフェアリー","物品","188","妖精のどんぐり","可偷素材","小仙子姐妹","妖精的橡果"
"1086","ツインズフェアリー","防具","1840","双子妖精のミニミニパンツ","可偷内裤","小仙子姐妹","双胞胎妖精的迷你内裤"
"1087","フェアリーズ","物品","450","ちぃぱっぱ","掉落","小仙子们","叽啪啪"
"1087","フェアリーズ","物品","188","妖精のどんぐり","掉落","小仙子们","妖精的橡果"
"1087","フェアリーズ","武器","1015","スピード","掉落","小仙子们","速度"
"1087","フェアリーズ","物品","2","高級薬草","可偷物品","小仙子们","高级药草"
"1087","フェアリーズ","防具","1276","回復の書","可偷物品","小仙子们","恢复之书"
"1087","フェアリーズ","物品","435","アメ玉","可偷食材","小仙子们","糖球"
"1087","フェアリーズ","物品","188","妖精のどんぐり","可偷素材","小仙子们","妖精的橡果"
"1087","フェアリーズ","防具","1841","妖精達のミニミニパンツ","可偷内裤","小仙子们","妖精们的迷你内裤"
"1088","フェアリーズ","物品","450","ちぃぱっぱ","掉落","小仙子们","叽啪啪"
"1088","フェアリーズ","物品","4","霊薬","掉落","小仙子们","灵药"
"1088","フェアリーズ","武器","2265","フィアー","掉落","小仙子们","菲亚"
"1088","フェアリーズ","物品","4","霊薬","可偷物品","小仙子们","灵药"
"1088","フェアリーズ","防具","1115","コンバートリング","可偷物品","小仙子们","转换戒指"
"1088","フェアリーズ","物品","301","りんご","可偷食材","小仙子们","苹果"
"1088","フェアリーズ","物品","188","妖精のどんぐり","可偷素材","小仙子们","妖精的橡果"
"1088","フェアリーズ","防具","1841","妖精達のミニミニパンツ","可偷内裤","小仙子们","妖精们的迷你内裤"
"1089","フェアリーズ","物品","304","さくらんぼ","掉落","小仙子们","樱桃"
"1089","フェアリーズ","防具","2861","ローブ","掉落","小仙子们","长袍"
"1089","フェアリーズ","物品","188","妖精のどんぐり","掉落","小仙子们","妖精的橡果"
"1089","フェアリーズ","物品","11","フェニックスの尾","可偷物品","小仙子们","凤凰之尾"
"1089","フェアリーズ","武器","520","ミスリルロッド","可偷物品","小仙子们","秘银法杖"
"1089","フェアリーズ","物品","304","さくらんぼ","可偷食材","小仙子们","樱桃"
"1089","フェアリーズ","物品","188","妖精のどんぐり","可偷素材","小仙子们","妖精的橡果"
"1089","フェアリーズ","防具","1841","妖精達のミニミニパンツ","可偷内裤","小仙子们","妖精们的迷你内裤"
"1090","フェアリーズ","物品","450","ちぃぱっぱ","掉落","小仙子们","叽啪啪"
"1090","フェアリーズ","物品","188","妖精のどんぐり","掉落","小仙子们","妖精的橡果"
"1090","フェアリーズ","防具","3402","蕾","掉落","小仙子们","蕾"
"1090","フェアリーズ","物品","19","聖水","可偷物品","小仙子们","圣水"
"1090","フェアリーズ","武器","561","疾風の弓矢","可偷物品","小仙子们","疾风之箭"
"1090","フェアリーズ","物品","417","ケーキ","可偷食材","小仙子们","蛋糕"
"1090","フェアリーズ","物品","64","緑風石","可偷素材","小仙子们","绿风石"
"1090","フェアリーズ","防具","1841","妖精達のミニミニパンツ","可偷内裤","小仙子们","妖精们的迷你内裤"
"1091","フェアリーズ","防具","3363","スピカ","掉落","小仙子们","斯皮卡"
"1091","フェアリーズ","物品","188","妖精のどんぐり","掉落","小仙子们","妖精的橡果"
"1091","フェアリーズ","物品","434","ビスケット","掉落","小仙子们","饼干"
"1091","フェアリーズ","物品","18","打出の小槌","可偷物品","小仙子们","打出的小槌"
"1091","フェアリーズ","物品","12","世界樹の葉","可偷物品","小仙子们","世界树之叶"
"1091","フェアリーズ","物品","434","ビスケット","可偷食材","小仙子们","饼干"
"1091","フェアリーズ","物品","188","妖精のどんぐり","可偷素材","小仙子们","妖精的橡果"
"1091","フェアリーズ","防具","1841","妖精達のミニミニパンツ","可偷内裤","小仙子们","妖精们的迷你内裤"
"1092","フェアリーズ","物品","450","ちぃぱっぱ","掉落","小仙子们","叽啪啪"
"1092","フェアリーズ","物品","188","妖精のどんぐり","掉落","小仙子们","妖精的橡果"
"1092","フェアリーズ","武器","2855","月","掉落","小仙子们","月"
"1092","フェアリーズ","物品","2","高級薬草","可偷物品","小仙子们","高级药草"
"1092","フェアリーズ","武器","894","ガーランド","可偷物品","小仙子们","加兰德"
"1092","フェアリーズ","物品","361","おにぎり","可偷食材","小仙子们","饭团"
"1092","フェアリーズ","物品","188","妖精のどんぐり","可偷素材","小仙子们","妖精的橡果"
"1092","フェアリーズ","防具","1841","妖精達のミニミニパンツ","可偷内裤","小仙子们","妖精们的迷你内裤"
"1093","シルフ","物品","450","ちぃぱっぱ","掉落","希尔芙","叽啪啪"
"1093","シルフ","物品","12","世界樹の葉","掉落","希尔芙","世界树之叶"
"1093","シルフ","防具","3668","お守り","掉落","希尔芙","护身符"
"1093","シルフ","防具","1842","シルフパンツ","可偷内裤","希尔芙","希尔芙内裤"
"1095","タランチュラ娘","物品","17","満月草","掉落","塔兰图拉毒蛛娘","满月草"
"1095","タランチュラ娘","物品","175","蜘蛛の糸","掉落","塔兰图拉毒蛛娘","蜘蛛之丝"
"1095","タランチュラ娘","武器","2965","ロック","掉落","塔兰图拉毒蛛娘","岩石"
"1095","タランチュラ娘","物品","17","満月草","可偷物品","塔兰图拉毒蛛娘","满月草"
"1095","タランチュラ娘","防具","1393","虫技の書","可偷物品","塔兰图拉毒蛛娘","虫技之书"
"1095","タランチュラ娘","物品","329","肉","可偷食材","塔兰图拉毒蛛娘","肉"
"1095","タランチュラ娘","物品","175","蜘蛛の糸","可偷素材","塔兰图拉毒蛛娘","蜘蛛之丝"
"1096","ミノタウロス娘","物品","342","ミルク","掉落","米诺陶洛斯娘","牛奶"
"1096","ミノタウロス娘","物品","189","猛牛の角","掉落","米诺陶洛斯娘","猛牛之角"
"1096","ミノタウロス娘","武器","2054","怒り","掉落","米诺陶洛斯娘","愤怒"
"1096","ミノタウロス娘","物品","7","ブーストドリンク","可偷物品","米诺陶洛斯娘","能量饮料"
"1096","ミノタウロス娘","防具","1306","斧の書","可偷物品","米诺陶洛斯娘","斧之书"
"1096","ミノタウロス娘","物品","342","ミルク","可偷食材","米诺陶洛斯娘","牛奶"
"1096","ミノタウロス娘","物品","189","猛牛の角","可偷素材","米诺陶洛斯娘","猛牛之角"
"1096","ミノタウロス娘","防具","1843","ミノタウロスパンツ","可偷内裤","米诺陶洛斯娘","米诺陶洛斯内裤"
"1097","バンダースナッチ娘","物品","3","究極薬草","掉落","攫速者娘","究极药草"
"1097","バンダースナッチ娘","物品","69","土流橙土石","掉落","攫速者娘","土流橙土石"
"1097","バンダースナッチ娘","武器","1854","鉄拳","掉落","攫速者娘","铁拳"
"1097","バンダースナッチ娘","物品","2","高級薬草","可偷物品","攫速者娘","高级药草"
"1097","バンダースナッチ娘","防具","1300","拳の書","可偷物品","攫速者娘","拳套之书"
"1097","バンダースナッチ娘","物品","312","大根","可偷食材","攫速者娘","白萝卜"
"1097","バンダースナッチ娘","物品","68","橙土石","可偷素材","攫速者娘","橙土石"
"1098","エヴァ","物品","181","淫魔の尻尾","掉落","伊娃","淫魔的尾巴"
"1098","エヴァ","物品","442","魚の骨","掉落","伊娃","鱼骨"
"1098","エヴァ","防具","3052","露出","掉落","伊娃","露出"
"1098","エヴァ","防具","1844","エヴァパンツ","可偷内裤","伊娃","伊娃内裤"
"1099","サボレス","物品","2","高級薬草","掉落","萨博雷斯","高级药草"
"1099","サボレス","物品","190","スキュラの触手","掉落","萨博雷斯","斯库拉的触手"
"1099","サボレス","防具","3153","被り物","掉落","萨博雷斯","覆盖物"
"1099","サボレス","物品","2","高級薬草","可偷物品","萨博雷斯","高级药草"
"1099","サボレス","防具","1120","崖っぷちの鉢巻き","可偷物品","萨博雷斯","悬崖边的头带"
"1099","サボレス","物品","330","鳥足","可偷食材","萨博雷斯","鸟足"
"1099","サボレス","物品","190","スキュラの触手","可偷素材","萨博雷斯","斯库拉的触手"
"1100","ムカデ娘","物品","3","究極薬草","掉落","蜈蚣娘","究极药草"
"1100","ムカデ娘","物品","69","土流橙土石","掉落","蜈蚣娘","土流橙土石"
"1100","ムカデ娘","防具","2561","ジャケット","掉落","蜈蚣娘","夹克"
"1100","ムカデ娘","物品","2","高級薬草","可偷物品","蜈蚣娘","高级药草"
"1100","ムカデ娘","防具","1022","ミスリルの小手","可偷物品","蜈蚣娘","秘银制护手"
"1100","ムカデ娘","物品","432","ほしにく","可偷食材","蜈蚣娘","干肉"
"1100","ムカデ娘","物品","68","橙土石","可偷素材","蜈蚣娘","橙土石"
"1101","サソリ娘","物品","13","毒消し草","掉落","蝎娘","解毒草"
"1101","サソリ娘","物品","61","電光黄雷石","掉落","蝎娘","电光黄雷石"
"1101","サソリ娘","防具","2662","チェイン","掉落","蝎娘","链条"
"1101","サソリ娘","物品","13","毒消し草","可偷物品","蝎娘","解毒草"
"1101","サソリ娘","防具","1711","サソリのお守り","可偷物品","蝎娘","蝎子的护符"
"1101","サソリ娘","物品","303","ぶどう","可偷食材","蝎娘","葡萄"
"1101","サソリ娘","物品","60","黄雷石","可偷素材","蝎娘","黄雷石"
"1102","サボテン娘","物品","20","金の針","掉落","仙人掌娘","金针"
"1102","サボテン娘","物品","191","サボテンの棘","掉落","仙人掌娘","仙人掌的刺"
"1102","サボテン娘","武器","2661","ウィップ","掉落","仙人掌娘","鞭"
"1102","サボテン娘","物品","17","満月草","可偷物品","仙人掌娘","满月草"
"1102","サボテン娘","防具","1558","パラライチェック","可偷物品","仙人掌娘","麻痹抵抗"
"1102","サボテン娘","物品","316","タマネギ","可偷食材","仙人掌娘","洋葱"
"1102","サボテン娘","物品","191","サボテンの棘","可偷素材","仙人掌娘","仙人掌的刺"
"1103","ダチョウ娘","武器","3053","はりせん","掉落","鸵鸟娘","刺猬"
"1103","ダチョウ娘","物品","307","キャベツ","掉落","鸵鸟娘","卷心菜"
"1103","ダチョウ娘","物品","192","不思議な羽根","掉落","鸵鸟娘","不可思议的羽毛"
"1103","ダチョウ娘","物品","23","ハーピーの羽","可偷物品","鸵鸟娘","哈比之羽"
"1103","ダチョウ娘","防具","8","疾風の服","可偷物品","鸵鸟娘","疾风的服装"
"1103","ダチョウ娘","物品","307","キャベツ","可偷食材","鸵鸟娘","卷心菜"
"1103","ダチョウ娘","物品","192","不思議な羽根","可偷素材","鸵鸟娘","不可思议的羽毛"
"1104","ランプの魔女","物品","4","霊薬","掉落","神灯魔女","灵药"
"1104","ランプの魔女","物品","53","赤熱紅炎石","掉落","神灯魔女","赤热红炎石"
"1104","ランプの魔女","防具","3352","宮殿","掉落","神灯魔女","宫殿"
"1104","ランプの魔女","物品","4","霊薬","可偷物品","神灯魔女","灵药"
"1104","ランプの魔女","武器","93","血塗られた騎士剣","可偷物品","神灯魔女","血染的骑士剑"
"1104","ランプの魔女","物品","363","カレーライス","可偷食材","神灯魔女","咖喱饭"
"1104","ランプの魔女","物品","52","紅炎石","可偷素材","神灯魔女","红炎石"
"1105","ミイラ娘","物品","186","ゾンビパウダー","掉落","木乃伊娘","僵尸粉"
"1105","ミイラ娘","物品","61","電光黄雷石","掉落","木乃伊娘","电光黄雷石"
"1105","ミイラ娘","武器","1553","馬上槍","掉落","木乃伊娘","马上枪"
"1105","ミイラ娘","物品","59","雷石","可偷物品","木乃伊娘","雷石"
"1105","ミイラ娘","防具","1264","闇の書","可偷物品","木乃伊娘","暗之书"
"1105","ミイラ娘","物品","432","ほしにく","可偷食材","木乃伊娘","干肉"
"1105","ミイラ娘","物品","186","ゾンビパウダー","可偷素材","木乃伊娘","僵尸粉"
"1106","コブラ娘","物品","13","毒消し草","掉落","眼镜蛇娘","解毒草"
"1106","コブラ娘","物品","193","魅惑の蛇尾","掉落","眼镜蛇娘","魅惑的蛇尾"
"1106","コブラ娘","武器","2952","破壊","掉落","眼镜蛇娘","破坏"
"1106","コブラ娘","物品","13","毒消し草","可偷物品","眼镜蛇娘","解毒草"
"1106","コブラ娘","防具","1333","鉄球の書","可偷物品","眼镜蛇娘","铁球之书"
"1106","コブラ娘","物品","329","肉","可偷食材","眼镜蛇娘","肉"
"1106","コブラ娘","物品","193","魅惑の蛇尾","可偷素材","眼镜蛇娘","魅惑的蛇尾"
"1107","ネフェルラミアス","物品","2","高級薬草","掉落","奈夫顿拉米亚集团","高级药草"
"1107","ネフェルラミアス","物品","193","魅惑の蛇尾","掉落","奈夫顿拉米亚集团","魅惑的蛇尾"
"1107","ネフェルラミアス","防具","3412","クラウン","掉落","奈夫顿拉米亚集团","冠冕"
"1107","ネフェルラミアス","物品","4","霊薬","可偷物品","奈夫顿拉米亚集团","灵药"
"1107","ネフェルラミアス","防具","300","ダークシールド","可偷物品","奈夫顿拉米亚集团","黑暗之盾"
"1107","ネフェルラミアス","物品","419","ロールケーキ","可偷食材","奈夫顿拉米亚集团","蛋糕卷"
"1107","ネフェルラミアス","物品","193","魅惑の蛇尾","可偷素材","奈夫顿拉米亚集团","魅惑的蛇尾"
"1108","スフィンクス","物品","10","ラストエリクサー","掉落","斯芬克斯","最终圣灵药"
"1108","スフィンクス","物品","25","不思議な木の実","掉落","斯芬克斯","不可思议之果"
"1108","スフィンクス","防具","3070","ビーナス","掉落","斯芬克斯","维纳斯"
"1109","サラ","物品","28","魔力の種","掉落","萨拉","魔力之种"
"1109","サラ","物品","181","淫魔の尻尾","掉落","萨拉","淫魔的尾巴"
"1109","サラ","防具","3059","欲望","掉落","萨拉","欲望"
"1110","アスタロト","物品","10","ラストエリクサー","掉落","阿斯塔洛特","最终圣灵药"
"1110","アスタロト","物品","31","器用さの種","掉落","阿斯塔洛特","灵巧之种"
"1110","アスタロト","防具","2859","異端","掉落","阿斯塔洛特","异端"
"1110","アスタロト","防具","1845","アスタロトパンツ","可偷内裤","阿斯塔洛特","阿斯塔洛特内裤"
"1111","ワニ娘","武器","1952","顎","掉落","鳄鱼娘","顎"
"1111","ワニ娘","物品","194","鋭い牙","掉落","鳄鱼娘","尖牙"
"1111","ワニ娘","物品","330","鳥足","掉落","鳄鱼娘","鸟足"
"1111","ワニ娘","物品","7","ブーストドリンク","可偷物品","鳄鱼娘","能量饮料"
"1111","ワニ娘","防具","1082","武道家の黒帯","可偷物品","鳄鱼娘","武道家的黑带"
"1111","ワニ娘","物品","330","鳥足","可偷食材","鳄鱼娘","鸟足"
"1111","ワニ娘","物品","194","鋭い牙","可偷素材","鳄鱼娘","尖牙"
"1112","サキ","物品","31","器用さの種","掉落","萨琪","灵巧之种"
"1112","サキ","物品","181","淫魔の尻尾","掉落","萨琪","淫魔的尾巴"
"1112","サキ","武器","3069","スプラッシュ","掉落","萨琪","溅射"
"1112","サキ","防具","1846","アイドルパンツ","可偷内裤","萨琪","偶像内裤"
"1113","デビルファイター","物品","3","究極薬草","掉落","恶魔战士","究极药草"
"1113","デビルファイター","物品","53","赤熱紅炎石","掉落","恶魔战士","赤热红炎石"
"1113","デビルファイター","武器","1214","ナイト","掉落","恶魔战士","骑士"
"1113","デビルファイター","物品","2","高級薬草","可偷物品","恶魔战士","高级药草"
"1113","デビルファイター","防具","1285","剣の書","可偷物品","恶魔战士","剑之书"
"1113","デビルファイター","物品","320","とうもろこし","可偷食材","恶魔战士","玉米"
"1113","デビルファイター","物品","52","紅炎石","可偷素材","恶魔战士","红炎石"
"1113","デビルファイター","防具","1847","デビルファイターパンツ","可偷内裤","恶魔战士","恶魔战士内裤"
"1114","大蜘蛛","物品","17","満月草","掉落","大蜘蛛","满月草"
"1114","大蜘蛛","物品","175","蜘蛛の糸","掉落","大蜘蛛","蜘蛛之丝"
"1114","大蜘蛛","武器","1756","蜻蛉","掉落","大蜘蛛","蜻蛉"
"1114","大蜘蛛","物品","17","満月草","可偷物品","大蜘蛛","满月草"
"1114","大蜘蛛","防具","1012","底力のタトゥー","可偷物品","大蜘蛛","底力纹身"
"1114","大蜘蛛","物品","360","ライス","可偷食材","大蜘蛛","米饭"
"1114","大蜘蛛","物品","175","蜘蛛の糸","可偷素材","大蜘蛛","蜘蛛之丝"
"1115","サックボア","武器","2754","囁き","掉落","榨精生物","低语"
"1115","サックボア","物品","110","錬金砂","掉落","榨精生物","炼金砂"
"1115","サックボア","物品","195","魔力の結晶","掉落","榨精生物","魔力的结晶"
"1115","サックボア","物品","4","霊薬","可偷物品","榨精生物","灵药"
"1115","サックボア","防具","1163","幸運のお守り","可偷物品","榨精生物","幸运护符"
"1115","サックボア","物品","343","パン","可偷食材","榨精生物","面包"
"1115","サックボア","物品","195","魔力の結晶","可偷素材","榨精生物","魔力的结晶"
"1116","アイアンメイデン","防具","2713","クロス","掉落","铁处女","十字"
"1116","アイアンメイデン","物品","195","魔力の結晶","掉落","铁处女","魔力的结晶"
"1116","アイアンメイデン","物品","110","錬金砂","掉落","铁处女","炼金砂"
"1116","アイアンメイデン","物品","19","聖水","可偷物品","铁处女","圣水"
"1116","アイアンメイデン","防具","1402","造技の書","可偷物品","铁处女","造技之书"
"1116","アイアンメイデン","物品","432","ほしにく","可偷食材","铁处女","干肉"
"1116","アイアンメイデン","物品","195","魔力の結晶","可偷素材","铁处女","魔力的结晶"
"1117","ワームビレッジャ","物品","4","霊薬","掉落","蠕虫村姑","灵药"
"1117","ワームビレッジャ","武器","2455","呪い","掉落","蠕虫村姑","诅咒"
"1117","ワームビレッジャ","物品","111","魔水銀","掉落","蠕虫村姑","魔水银"
"1117","ワームビレッジャ","物品","4","霊薬","可偷物品","蠕虫村姑","灵药"
"1117","ワームビレッジャ","防具","1384","触手技の書","可偷物品","蠕虫村姑","触手技之书"
"1117","ワームビレッジャ","物品","337","イチゴジャム","可偷食材","蠕虫村姑","草莓酱"
"1117","ワームビレッジャ","物品","195","魔力の結晶","可偷素材","蠕虫村姑","魔力的结晶"
"1117","ワームビレッジャ","防具","1848","村娘のパンツ","可偷内裤","蠕虫村姑","村姑的内裤"
"1118","ウーストレル","物品","324","タコ","掉落","乌斯托尔","章鱼"
"1118","ウーストレル","物品","190","スキュラの触手","掉落","乌斯托尔","斯库拉的触手"
"1118","ウーストレル","武器","3565","ファミリー","掉落","乌斯托尔","家庭"
"1118","ウーストレル","物品","4","霊薬","可偷物品","乌斯托尔","灵药"
"1118","ウーストレル","防具","1734","ハードグロウリスト","可偷物品","乌斯托尔","困难成长腕带"
"1118","ウーストレル","物品","324","タコ","可偷食材","乌斯托尔","章鱼"
"1118","ウーストレル","物品","190","スキュラの触手","可偷素材","乌斯托尔","斯库拉的触手"
"1119","蜜壺","物品","111","魔水銀","掉落","蜜壶","魔水银"
"1119","蜜壺","武器","2669","テンタクル","掉落","蜜壶","触手"
"1119","蜜壺","物品","32","小さなメダル","掉落","蜜壶","小奖章"
"1119","蜜壺","物品","3","究極薬草","可偷物品","蜜壶","究极药草"
"1119","蜜壺","物品","32","小さなメダル","可偷物品","蜜壶","小奖章"
"1119","蜜壺","物品","436","ハチミツ","可偷食材","蜜壶","蜂蜜"
"1119","蜜壺","物品","177","にゅるにゅるゼリー","可偷素材","蜜壶","滑溜溜果冻"
"1120","リリィ","物品","28","魔力の種","掉落","莉莉","魔力之种"
"1120","リリィ","物品","112","賢者の石","掉落","莉莉","贤者之石"
"1120","リリィ","武器","2259","処刑","掉落","莉莉","处刑"
"1120","リリィ","防具","1849","リリィのロイヤルパンツ","可偷内裤","莉莉","莉莉的皇家内裤"
"1121","小鬼","物品","361","おにぎり","掉落","小鬼","饭团"
"1121","小鬼","物品","196","小鬼の角","掉落","小鬼","小鬼之角"
"1121","小鬼","武器","2152","金槌","掉落","小鬼","金锤"
"1121","小鬼","物品","2","高級薬草","可偷物品","小鬼","高级药草"
"1121","小鬼","防具","1309","棍の書","可偷物品","小鬼","棍之书"
"1121","小鬼","物品","332","豆腐","可偷食材","小鬼","豆腐"
"1121","小鬼","物品","196","小鬼の角","可偷素材","小鬼","小鬼之角"
"1121","小鬼","防具","1850","小鬼のふんどし","可偷内裤","小鬼","小鬼的兜裆布"
"1122","オナホ娘","物品","5","エルフの霊薬","掉落","飞机杯娘","精灵的灵药"
"1122","オナホ娘","物品","111","魔水銀","掉落","飞机杯娘","魔水银"
"1122","オナホ娘","武器","2863","イーグル","掉落","飞机杯娘","鹰"
"1122","オナホ娘","物品","4","霊薬","可偷物品","飞机杯娘","灵药"
"1122","オナホ娘","防具","1360","淫具の書","可偷物品","飞机杯娘","淫具之书"
"1122","オナホ娘","物品","422","ゼリー","可偷食材","飞机杯娘","果冻"
"1122","オナホ娘","物品","195","魔力の結晶","可偷素材","飞机杯娘","魔力的结晶"
"1123","ナーキュバス","物品","3","究極薬草","掉落","护士魅魔","究极药草"
"1123","ナーキュバス","物品","181","淫魔の尻尾","掉落","护士魅魔","淫魔的尾巴"
"1123","ナーキュバス","武器","3356","看護婦","掉落","护士魅魔","看护妇"
"1123","ナーキュバス","物品","2","高級薬草","可偷物品","护士魅魔","高级药草"
"1123","ナーキュバス","防具","1345","メスの書","可偷物品","护士魅魔","手术刀之书"
"1123","ナーキュバス","物品","357","サンドウイッチ","可偷食材","护士魅魔","三明治"
"1123","ナーキュバス","物品","181","淫魔の尻尾","可偷素材","护士魅魔","淫魔的尾巴"
"1123","ナーキュバス","防具","1851","ナーキュバスのパンツ","可偷内裤","护士魅魔","护士魅魔的内裤"
"1124","ルシア","物品","28","魔力の種","掉落","露西亚","魔力之种"
"1124","ルシア","物品","112","賢者の石","掉落","露西亚","贤者之石"
"1124","ルシア","武器","3659","教典","掉落","露西亚","教典"
"1125","百々目鬼","物品","14","目薬","掉落","百目鬼","眼药水"
"1125","百々目鬼","物品","196","小鬼の角","掉落","百目鬼","小鬼之角"
"1125","百々目鬼","武器","1658","左文字","掉落","百目鬼","左文字"
"1125","百々目鬼","物品","14","目薬","可偷物品","百目鬼","眼药水"
"1125","百々目鬼","防具","1550","ブラインチェック","可偷物品","百目鬼","失明抵抗"
"1125","百々目鬼","物品","360","ライス","可偷食材","百目鬼","米饭"
"1125","百々目鬼","物品","196","小鬼の角","可偷素材","百目鬼","小鬼之角"
"1125","百々目鬼","防具","1852","百々目鬼の腰布","可偷内裤","百目鬼","百目鬼的腰布"
"1126","リザードシーフ","物品","3","究極薬草","掉落","蜥蜴盗贼","究极药草"
"1126","リザードシーフ","物品","197","竜の鱗","掉落","蜥蜴盗贼","龙鳞"
"1126","リザードシーフ","武器","1005","略奪","掉落","蜥蜴盗贼","掠夺"
"1126","リザードシーフ","物品","2","高級薬草","可偷物品","蜥蜴盗贼","高级药草"
"1126","リザードシーフ","防具","1282","短剣の書","可偷物品","蜥蜴盗贼","短剑之书"
"1126","リザードシーフ","物品","340","たまご","可偷食材","蜥蜴盗贼","鸡蛋"
"1126","リザードシーフ","物品","197","竜の鱗","可偷素材","蜥蜴盗贼","龙鳞"
"1126","リザードシーフ","防具","1853","盗賊竜のスポーツパンツ","可偷内裤","蜥蜴盗贼","盗贼龙的体育内裤"
"1127","リザードシーフ","物品","7","ブーストドリンク","掉落","蜥蜴盗贼","能量饮料"
"1127","リザードシーフ","物品","197","竜の鱗","掉落","蜥蜴盗贼","龙鳞"
"1127","リザードシーフ","武器","1215","キラー","掉落","蜥蜴盗贼","杀手"
"1127","リザードシーフ","物品","7","ブーストドリンク","可偷物品","蜥蜴盗贼","能量饮料"
"1127","リザードシーフ","防具","1002","ハッスルベルト","可偷物品","蜥蜴盗贼","活力腰带"
"1127","リザードシーフ","物品","343","パン","可偷食材","蜥蜴盗贼","面包"
"1127","リザードシーフ","物品","197","竜の鱗","可偷素材","蜥蜴盗贼","龙鳞"
"1127","リザードシーフ","防具","1854","盗賊竜のブランドパンツ","可偷内裤","蜥蜴盗贼","盗贼龙的奢侈内裤"
"1128","リザードボス","物品","26","力の種","掉落","蜥蜴首领","力量之种"
"1128","リザードボス","物品","197","竜の鱗","掉落","蜥蜴首领","龙鳞"
"1128","リザードボス","武器","1220","デュランダル","掉落","蜥蜴首领","杜兰达尔"
"1128","リザードボス","防具","1855","盗賊竜のサポートパンツ","可偷内裤","蜥蜴首领","盗贼龙的支撑内裤"
"1129","蜃気楼娘","物品","5","エルフの霊薬","掉落","海市蜃楼娘","精灵的灵药"
"1129","蜃気楼娘","物品","53","赤熱紅炎石","掉落","海市蜃楼娘","赤热红炎石"
"1129","蜃気楼娘","武器","2369","シャイン","掉落","海市蜃楼娘","闪耀"
"1129","蜃気楼娘","物品","4","霊薬","可偷物品","海市蜃楼娘","灵药"
"1129","蜃気楼娘","防具","1318","ロッドの書","可偷物品","海市蜃楼娘","法杖之书"
"1129","蜃気楼娘","物品","316","タマネギ","可偷食材","海市蜃楼娘","洋葱"
"1129","蜃気楼娘","物品","52","紅炎石","可偷素材","海市蜃楼娘","红炎石"
"1129","蜃気楼娘","防具","1857","ノームパンツ","可偷内裤","海市蜃楼娘","诺姆内裤"
"1130","アリジゴク娘","物品","432","ほしにく","掉落","蚁狮娘","干肉"
"1130","アリジゴク娘","物品","201","魔虫の表皮","掉落","蚁狮娘","魔虫的表皮"
"1130","アリジゴク娘","武器","2854","星","掉落","蚁狮娘","星"
"1130","アリジゴク娘","物品","68","橙土石","可偷物品","蚁狮娘","橙土石"
"1130","アリジゴク娘","防具","1393","虫技の書","可偷物品","蚁狮娘","虫技之书"
"1130","アリジゴク娘","物品","432","ほしにく","可偷食材","蚁狮娘","干肉"
"1130","アリジゴク娘","物品","201","魔虫の表皮","可偷素材","蚁狮娘","魔虫的表皮"
"1131","サンドワーム娘","武器","2954","本能","掉落","沙虫娘","本能"
"1131","サンドワーム娘","物品","201","魔虫の表皮","掉落","沙虫娘","魔虫的表皮"
"1131","サンドワーム娘","物品","303","ぶどう","掉落","沙虫娘","葡萄"
"1131","サンドワーム娘","物品","2","高級薬草","可偷物品","沙虫娘","高级药草"
"1131","サンドワーム娘","物品","26","力の種","可偷物品","沙虫娘","力量之种"
"1131","サンドワーム娘","物品","303","ぶどう","可偷食材","沙虫娘","葡萄"
"1131","サンドワーム娘","物品","201","魔虫の表皮","可偷素材","沙虫娘","魔虫的表皮"
"1132","デザートスキュラ","物品","2","高級薬草","掉落","沙漠斯库拉","高级药草"
"1132","デザートスキュラ","物品","202","巻き付く触手","掉落","沙漠斯库拉","缠绕的触手"
"1132","デザートスキュラ","武器","2656","触手","掉落","沙漠斯库拉","触手"
"1132","デザートスキュラ","物品","2","高級薬草","可偷物品","沙漠斯库拉","高级药草"
"1132","デザートスキュラ","防具","1384","触手技の書","可偷物品","沙漠斯库拉","触手技之书"
"1132","デザートスキュラ","物品","330","鳥足","可偷食材","沙漠斯库拉","鸟足"
"1132","デザートスキュラ","物品","202","巻き付く触手","可偷素材","沙漠斯库拉","缠绕的触手"
"1133","ノーム","物品","69","土流橙土石","掉落","诺姆","土流橙土石"
"1133","ノーム","物品","421","エクレア","掉落","诺姆","闪电泡芙"
"1133","ノーム","武器","2169","クェイク","掉落","诺姆","地震"
"1133","ノーム","防具","1858","絵画のパンツ","可偷内裤","诺姆","绘画的内裤"
"1134","ヴィタエ","物品","198","混沌の結晶","掉落","薇塔耶","混沌的结晶"
"1134","ヴィタエ","物品","177","にゅるにゅるゼリー","掉落","薇塔耶","滑溜溜果冻"
"1134","ヴィタエ","武器","2857","飛燕","掉落","薇塔耶","飞燕"
"1134","ヴィタエ","物品","71","水石","可偷物品","薇塔耶","水石"
"1134","ヴィタエ","防具","1066","生命の指輪","可偷物品","薇塔耶","生命之戒"
"1134","ヴィタエ","物品","198","混沌の結晶","可偷素材","薇塔耶","混沌的结晶"
"1135","ヴェータラ","物品","17","満月草","掉落","维塔拉","满月草"
"1135","ヴェータラ","物品","198","混沌の結晶","掉落","维塔拉","混沌的结晶"
"1135","ヴェータラ","防具","2653","諦観","掉落","维塔拉","谛观"
"1135","ヴェータラ","物品","17","満月草","可偷物品","维塔拉","满月草"
"1135","ヴェータラ","防具","1149","暴走の仮面","可偷物品","维塔拉","暴走的假面"
"1135","ヴェータラ","物品","198","混沌の結晶","可偷素材","维塔拉","混沌的结晶"
"1136","ヴァルト","物品","198","混沌の結晶","掉落","瓦尔特","混沌的结晶"
"1136","ヴァルト","物品","200","理知の歯車","掉落","瓦尔特","理智的齿轮"
"1136","ヴァルト","武器","3755","狙撃手","掉落","瓦尔特","狙击手"
"1136","ヴァルト","物品","60","黄雷石","可偷物品","瓦尔特","黄雷石"
"1136","ヴァルト","防具","1564","ショックチェック","可偷物品","瓦尔特","电击抵抗"
"1136","ヴァルト","物品","198","混沌の結晶","可偷素材","瓦尔特","混沌的结晶"
"1137","シニファ","物品","5","エルフの霊薬","掉落","希妮法","精灵的灵药"
"1137","シニファ","物品","198","混沌の結晶","掉落","希妮法","混沌的结晶"
"1137","シニファ","防具","3502","愚者","掉落","希妮法","愚者"
"1137","シニファ","物品","4","霊薬","可偷物品","希妮法","灵药"
"1137","シニファ","防具","1111","危機の狐面","可偷物品","希妮法","危机之狐面"
"1137","シニファ","物品","198","混沌の結晶","可偷素材","希妮法","混沌的结晶"
"1138","シャドー娘","物品","16","気付け薬","掉落","影子娘","提神药"
"1138","シャドー娘","物品","185","幽霊の髪","掉落","影子娘","幽灵的头发"
"1138","シャドー娘","武器","2753","音色","掉落","影子娘","音色"
"1138","シャドー娘","物品","16","気付け薬","可偷物品","影子娘","提神药"
"1138","シャドー娘","防具","1086","魔のハチマキ","可偷物品","影子娘","魔的围巾"
"1138","シャドー娘","物品","321","とうがらし","可偷食材","影子娘","辣椒"
"1138","シャドー娘","物品","185","幽霊の髪","可偷素材","影子娘","幽灵的头发"
"1139","ガイストビーネ","物品","109","魔導書のページ","掉落","画像娘","魔导书的书页"
"1139","ガイストビーネ","物品","185","幽霊の髪","掉落","画像娘","幽灵的头发"
"1139","ガイストビーネ","武器","3665","オカルト","掉落","画像娘","神秘学"
"1139","ガイストビーネ","物品","2","高級薬草","可偷物品","画像娘","高级药草"
"1139","ガイストビーネ","防具","1539","デスチェック","可偷物品","画像娘","即死抵抗"
"1139","ガイストビーネ","物品","313","トマト","可偷食材","画像娘","番茄"
"1139","ガイストビーネ","物品","185","幽霊の髪","可偷素材","画像娘","幽灵的头发"
"1139","ガイストビーネ","防具","1856","蜃気楼のひよこパンツ","可偷内裤","画像娘","海市蜃楼的雏鸡内裤"
"1140","キメラホムンクルス","物品","111","魔水銀","掉落","奇美拉人造人","魔水银"
"1140","キメラホムンクルス","物品","110","錬金砂","掉落","奇美拉人造人","炼金砂"
"1140","キメラホムンクルス","防具","3162","フード","掉落","奇美拉人造人","兜帽"
"1140","キメラホムンクルス","物品","4","霊薬","可偷物品","奇美拉人造人","灵药"
"1140","キメラホムンクルス","防具","1554","コンフュチェック","可偷物品","奇美拉人造人","混乱抵抗"
"1140","キメラホムンクルス","物品","325","イカ","可偷食材","奇美拉人造人","鱿鱼"
"1140","キメラホムンクルス","物品","199","ドグマ細胞","可偷素材","奇美拉人造人","教义细胞"
"1141","アイアンメイデン改","物品","110","錬金砂","掉落","铁处女改","炼金砂"
"1141","アイアンメイデン改","物品","199","ドグマ細胞","掉落","铁处女改","教义细胞"
"1141","アイアンメイデン改","防具","2663","ロウ","掉落","铁处女改","罗"
"1141","アイアンメイデン改","物品","19","聖水","可偷物品","铁处女改","圣水"
"1141","アイアンメイデン改","防具","1584","ラプチャチェック","可偷物品","铁处女改","恍惚抵抗"
"1141","アイアンメイデン改","物品","301","りんご","可偷食材","铁处女改","苹果"
"1141","アイアンメイデン改","物品","199","ドグマ細胞","可偷素材","铁处女改","教义细胞"
"1142","ジャンクドール娘","物品","109","魔導書のページ","掉落","废品人偶娘","魔导书的书页"
"1142","ジャンクドール娘","物品","200","理知の歯車","掉落","废品人偶娘","理智的齿轮"
"1142","ジャンクドール娘","武器","3853","搾取","掉落","废品人偶娘","榨取"
"1142","ジャンクドール娘","物品","23","ハーピーの羽","可偷物品","废品人偶娘","哈比之羽"
"1142","ジャンクドール娘","防具","1267","音波の書","可偷物品","废品人偶娘","音波之书"
"1142","ジャンクドール娘","物品","338","小麦粉","可偷食材","废品人偶娘","面粉"
"1142","ジャンクドール娘","物品","200","理知の歯車","可偷素材","废品人偶娘","理智的齿轮"
"1143","アドラメレク","物品","26","力の種","掉落","阿德拉梅莱克","力量之种"
"1143","アドラメレク","物品","46","超種の種","掉落","阿德拉梅莱克","超种之种"
"1143","アドラメレク","防具","3673","アミュレット","掉落","阿德拉梅莱克","护符"
"1144","アリスフィーズ16世","物品","24","命の木の実","掉落","爱丽丝菲兹16世","生命之果"
"1144","アリスフィーズ16世","物品","81","輝晶黒闇石","掉落","爱丽丝菲兹16世","辉晶黑暗石"
"1144","アリスフィーズ16世","武器","1367","ローズ","掉落","爱丽丝菲兹16世","萝丝"
"1144","アリスフィーズ16世","物品","9","エリクサー","可偷物品","爱丽丝菲兹16世","圣灵药"
"1144","アリスフィーズ16世","物品","24","命の木の実","可偷物品","爱丽丝菲兹16世","生命之果"
"1144","アリスフィーズ16世","物品","409","あまあまだんご","可偷食材","爱丽丝菲兹16世","甜甜团子"
"1144","アリスフィーズ16世","物品","264","オズマ細胞","可偷素材","爱丽丝菲兹16世","奥兹玛细胞"
"1144","アリスフィーズ16世","防具","1953","魔王のパンツ","可偷内裤","爱丽丝菲兹16世","魔王的内裤"
"1145","死神","物品","10","ラストエリクサー","掉落","死神","最终圣灵药"
"1145","死神","物品","29","精神の種","掉落","死神","精神之种"
"1145","死神","武器","2268","デスサイズ","掉落","死神","死亡之爪"
"1145","死神","物品","9","エリクサー","可偷物品","死神","圣灵药"
"1145","死神","物品","24","命の木の実","可偷物品","死神","生命之果"
"1145","死神","物品","444","ドクロ","可偷食材","死神","骷髅"
"1145","死神","物品","273","ハインリヒ細胞","可偷素材","死神","海因里希细胞"
"1145","死神","防具","1973","八尾のふんどし","可偷内裤","死神","八尾的兜裆布"
"1148","インプ","物品","7","ブーストドリンク","掉落","小恶魔","能量饮料"
"1148","インプ","物品","162","インプの尻尾","掉落","小恶魔","小恶魔的尾巴"
"1148","インプ","武器","1856","俺","掉落","小恶魔","俺"
"1148","インプ","物品","1","薬草","可偷物品","小恶魔","药草"
"1148","インプ","防具","1171","緊縛の縄","可偷物品","小恶魔","紧缚之绳"
"1148","インプ","物品","357","サンドウイッチ","可偷食材","小恶魔","三明治"
"1148","インプ","物品","162","インプの尻尾","可偷素材","小恶魔","小恶魔的尾巴"
"1148","インプ","防具","1802","こあくまインプのパンツ","可偷内裤","小恶魔","小恶魔的内裤"
"1149","インプ","武器","2364","ヒール","掉落","小恶魔","治愈"
"1149","インプ","物品","162","インプの尻尾","掉落","小恶魔","小恶魔的尾巴"
"1149","インプ","物品","301","りんご","掉落","小恶魔","苹果"
"1149","インプ","物品","1","薬草","可偷物品","小恶魔","药草"
"1149","インプ","防具","1171","緊縛の縄","可偷物品","小恶魔","紧缚之绳"
"1149","インプ","物品","357","サンドウイッチ","可偷食材","小恶魔","三明治"
"1149","インプ","物品","162","インプの尻尾","可偷素材","小恶魔","小恶魔的尾巴"
"1149","インプ","防具","1802","こあくまインプのパンツ","可偷内裤","小恶魔","小恶魔的内裤"
"1151","きのこ娘","防具","3413","ヴェール","掉落","蘑菇娘","面纱"
"1151","きのこ娘","物品","318","しいたけ","掉落","蘑菇娘","香菇"
"1151","きのこ娘","物品","443","毒キノコ","掉落","蘑菇娘","毒蘑菇"
"1151","きのこ娘","物品","2","高級薬草","可偷物品","蘑菇娘","高级药草"
"1151","きのこ娘","防具","1556","スリープチェック","可偷物品","蘑菇娘","睡眠抵抗"
"1151","きのこ娘","物品","318","しいたけ","可偷食材","蘑菇娘","香菇"
"1151","きのこ娘","物品","56","蒼氷石","可偷素材","蘑菇娘","苍冰石"
"1152","ノビスタドール娘","武器","2966","ヘヴィ","掉落","隐形虫娘","沉重"
"1152","ノビスタドール娘","物品","201","魔虫の表皮","掉落","隐形虫娘","魔虫的表皮"
"1152","ノビスタドール娘","物品","342","ミルク","掉落","隐形虫娘","牛奶"
"1152","ノビスタドール娘","物品","2","高級薬草","可偷物品","隐形虫娘","高级药草"
"1152","ノビスタドール娘","防具","1736","ハードジョブリスト","可偷物品","隐形虫娘","专注职业手环"
"1152","ノビスタドール娘","物品","342","ミルク","可偷食材","隐形虫娘","牛奶"
"1152","ノビスタドール娘","物品","201","魔虫の表皮","可偷素材","隐形虫娘","魔虫的表皮"
"1153","ウルスキュラ","物品","202","巻き付く触手","掉落","狼首斯库拉","缠绕的触手"
"1153","ウルスキュラ","物品","73","激流青水石","掉落","狼首斯库拉","激流青水石"
"1153","ウルスキュラ","武器","2852","輪","掉落","狼首斯库拉","輪"
"1153","ウルスキュラ","物品","4","霊薬","可偷物品","狼首斯库拉","灵药"
"1153","ウルスキュラ","防具","1123","蘇生の宝玉","可偷物品","狼首斯库拉","复活之宝玉"
"1153","ウルスキュラ","物品","322","さかな","可偷食材","狼首斯库拉","鱼"
"1153","ウルスキュラ","物品","202","巻き付く触手","可偷素材","狼首斯库拉","缠绕的触手"
"1154","襖","物品","15","山彦草","掉落","袄","山彦草"
"1154","襖","物品","203","式紙","掉落","袄","式纸"
"1154","襖","防具","2502","巫女服","掉落","袄","巫女服"
"1154","襖","物品","15","山彦草","可偷物品","袄","山彦草"
"1154","襖","防具","1312","鎌の書","可偷物品","袄","镰之书"
"1154","襖","物品","332","豆腐","可偷食材","袄","豆腐"
"1154","襖","物品","203","式紙","可偷素材","袄","式纸"
"1154","襖","防具","1859","襖の溶解ふんどし","可偷内裤","袄","袄的溶解兜裆布"
"1155","マーメイド","物品","5","エルフの霊薬","掉落","人鱼","精灵的灵药"
"1155","マーメイド","物品","204","人魚の鱗","掉落","人鱼","人鱼的鳞片"
"1155","マーメイド","武器","2752","歌","掉落","人鱼","歌"
"1155","マーメイド","物品","4","霊薬","可偷物品","人鱼","灵药"
"1155","マーメイド","武器","525","ホーリーロッド","可偷物品","人鱼","神圣法杖"
"1155","マーメイド","物品","322","さかな","可偷食材","人鱼","鱼"
"1155","マーメイド","物品","204","人魚の鱗","可偷素材","人鱼","人鱼的鳞片"
"1156","商人マーメイド","物品","3","究極薬草","掉落","商人人鱼","究极药草"
"1156","商人マーメイド","物品","204","人魚の鱗","掉落","商人人鱼","人鱼的鳞片"
"1156","商人マーメイド","武器","3251","そろばん","掉落","商人人鱼","算盘"
"1156","商人マーメイド","物品","2","高級薬草","可偷物品","商人人鱼","高级药草"
"1156","商人マーメイド","武器","781","魔法のそろばん","可偷物品","商人人鱼","魔法算盘"
"1156","商人マーメイド","物品","368","お寿司","可偷食材","商人人鱼","寿司"
"1156","商人マーメイド","物品","204","人魚の鱗","可偷素材","商人人鱼","人鱼的鳞片"
"1157","海賊マーメイド","物品","3","究極薬草","掉落","海贼人鱼","究极药草"
"1157","海賊マーメイド","物品","204","人魚の鱗","掉落","海贼人鱼","人鱼的鳞片"
"1157","海賊マーメイド","武器","2062","アンガー","掉落","海贼人鱼","愤怒"
"1157","海賊マーメイド","物品","2","高級薬草","可偷物品","海贼人鱼","高级药草"
"1157","海賊マーメイド","防具","200","パイレーツメット","可偷物品","海贼人鱼","海贼头盔"
"1157","海賊マーメイド","物品","327","エビ","可偷食材","海贼人鱼","虾"
"1157","海賊マーメイド","物品","204","人魚の鱗","可偷素材","海贼人鱼","人鱼的鳞片"
"1158","一反木綿娘","物品","3","究極薬草","掉落","一反木绵娘","究极药草"
"1158","一反木綿娘","物品","203","式紙","掉落","一反木绵娘","式纸"
"1158","一反木綿娘","防具","2553","腰巻き","掉落","一反木绵娘","腰卷"
"1158","一反木綿娘","物品","2","高級薬草","可偷物品","一反木绵娘","高级药草"
"1158","一反木綿娘","防具","1062","魔法のかんざし","可偷物品","一反木绵娘","魔法发簪"
"1158","一反木綿娘","物品","361","おにぎり","可偷食材","一反木绵娘","饭团"
"1158","一反木綿娘","物品","203","式紙","可偷素材","一反木绵娘","式纸"
"1158","一反木綿娘","防具","1860","一反木綿娘のふんどし","可偷内裤","一反木绵娘","一反木绵娘的兜裆布"
"1159","一反木綿娘","物品","5","エルフの霊薬","掉落","一反木绵娘","精灵的灵药"
"1159","一反木綿娘","物品","203","式紙","掉落","一反木绵娘","式纸"
"1159","一反木綿娘","武器","3661","ブック","掉落","一反木绵娘","书"
"1159","一反木綿娘","物品","4","霊薬","可偷物品","一反木绵娘","灵药"
"1159","一反木綿娘","防具","1065","窮地のかんざし","可偷物品","一反木绵娘","困境之簪"
"1159","一反木綿娘","物品","384","さしみ","可偷食材","一反木绵娘","生鱼片"
"1159","一反木綿娘","物品","203","式紙","可偷素材","一反木绵娘","式纸"
"1159","一反木綿娘","防具","1860","一反木綿娘のふんどし","可偷内裤","一反木绵娘","一反木绵娘的兜裆布"
"1160","一反木綿娘","物品","7","ブーストドリンク","掉落","一反木绵娘","能量饮料"
"1160","一反木綿娘","物品","203","式紙","掉落","一反木绵娘","式纸"
"1160","一反木綿娘","武器","3463","ロリコン","掉落","一反木绵娘","萝莉控"
"1160","一反木綿娘","物品","7","ブーストドリンク","可偷物品","一反木绵娘","能量饮料"
"1160","一反木綿娘","防具","1143","祓水","可偷物品","一反木绵娘","祓水"
"1160","一反木綿娘","物品","383","焼き魚","可偷食材","一反木绵娘","烤鱼"
"1160","一反木綿娘","物品","203","式紙","可偷素材","一反木绵娘","式纸"
"1160","一反木綿娘","防具","1860","一反木綿娘のふんどし","可偷内裤","一反木绵娘","一反木绵娘的兜裆布"
"1161","ダゴン娘","物品","324","タコ","掉落","达贡娘","章鱼"
"1161","ダゴン娘","物品","202","巻き付く触手","掉落","达贡娘","缠绕的触手"
"1161","ダゴン娘","防具","2956","悪女","掉落","达贡娘","恶女"
"1161","ダゴン娘","物品","72","青水石","可偷物品","达贡娘","青水石"
"1161","ダゴン娘","防具","1060","窮地のマント","可偷物品","达贡娘","绝境斗篷"
"1161","ダゴン娘","物品","324","タコ","可偷食材","达贡娘","章鱼"
"1161","ダゴン娘","物品","202","巻き付く触手","可偷素材","达贡娘","缠绕的触手"
"1162","人魂娘","物品","5","エルフの霊薬","掉落","人魂娘","精灵的灵药"
"1162","人魂娘","物品","185","幽霊の髪","掉落","人魂娘","幽灵的头发"
"1162","人魂娘","武器","2266","ゴースト","掉落","人魂娘","幽灵"
"1162","人魂娘","物品","4","霊薬","可偷物品","人魂娘","灵药"
"1162","人魂娘","防具","1055","窮地の数珠","可偷物品","人魂娘","绝境念珠"
"1162","人魂娘","物品","334","かつおぶし","可偷食材","人魂娘","鲣鱼干"
"1162","人魂娘","物品","185","幽霊の髪","可偷素材","人魂娘","幽灵的头发"
"1163","アシェル","物品","27","守りの種","掉落","阿谢尔","守护之种"
"1163","アシェル","物品","204","人魚の鱗","掉落","阿谢尔","人鱼的鳞片"
"1163","アシェル","武器","3567","パーティ","掉落","阿谢尔","队伍"
"1164","ボニー","物品","24","命の木の実","掉落","波妮","生命之果"
"1164","ボニー","物品","204","人魚の鱗","掉落","波妮","人鱼的鳞片"
"1164","ボニー","武器","1368","ブラッド","掉落","波妮","血"
"1165","タツノコ海兵","物品","3","究極薬草","掉落","龙之子海兵","究极药草"
"1165","タツノコ海兵","物品","171","綺麗な珊瑚","掉落","龙之子海兵","美丽的珊瑚"
"1165","タツノコ海兵","武器","1562","パルチザン","掉落","龙之子海兵","阔头枪"
"1165","タツノコ海兵","物品","2","高級薬草","可偷物品","龙之子海兵","高级药草"
"1165","タツノコ海兵","防具","1165","幸福の袋","可偷物品","龙之子海兵","幸福之袋"
"1165","タツノコ海兵","物品","365","チャーハン","可偷食材","龙之子海兵","炒饭"
"1165","タツノコ海兵","物品","171","綺麗な珊瑚","可偷素材","龙之子海兵","美丽的珊瑚"
"1166","ウミウシ海兵","武器","1115","ブランド","掉落","海蛞蝓海兵","品牌"
"1166","ウミウシ海兵","物品","327","エビ","掉落","海蛞蝓海兵","虾"
"1166","ウミウシ海兵","物品","176","頑丈な貝殻","掉落","海蛞蝓海兵","坚固的贝壳"
"1166","ウミウシ海兵","物品","2","高級薬草","可偷物品","海蛞蝓海兵","高级药草"
"1166","ウミウシ海兵","防具","1449","スロウの印","可偷物品","海蛞蝓海兵","减速之印"
"1166","ウミウシ海兵","物品","326","カニ","可偷食材","海蛞蝓海兵","蟹"
"1166","ウミウシ海兵","物品","176","頑丈な貝殻","可偷素材","海蛞蝓海兵","坚固的贝壳"
"1167","リヴァイアサン娘","物品","26","力の種","掉落","利维坦娘","力量之种"
"1167","リヴァイアサン娘","物品","73","激流青水石","掉落","利维坦娘","激流青水石"
"1167","リヴァイアサン娘","武器","1568","ロンギヌス","掉落","利维坦娘","朗基努斯"
"1168","カエル娘","物品","328","うなぎ","掉落","青蛙娘","鳗鱼"
"1168","カエル娘","物品","165","ネバネバ粘液","掉落","青蛙娘","黏糊糊粘液"
"1168","カエル娘","武器","1863","セスタス","掉落","青蛙娘","格斗爪"
"1168","カエル娘","物品","72","青水石","可偷物品","青蛙娘","青水石"
"1168","カエル娘","防具","1470","ヌルヌルの印","可偷物品","青蛙娘","黏滑之印"
"1168","カエル娘","物品","328","うなぎ","可偷食材","青蛙娘","鳗鱼"
"1168","カエル娘","物品","165","ネバネバ粘液","可偷素材","青蛙娘","黏糊糊粘液"
"1169","カエル娘","物品","322","さかな","掉落","青蛙娘","鱼"
"1169","カエル娘","物品","165","ネバネバ粘液","掉落","青蛙娘","黏糊糊粘液"
"1169","カエル娘","武器","2963","ダスト","掉落","青蛙娘","尘埃"
"1169","カエル娘","物品","68","橙土石","可偷物品","青蛙娘","橙土石"
"1169","カエル娘","防具","1580","ヌルヌルチェック","可偷物品","青蛙娘","黏滑抵抗"
"1169","カエル娘","物品","322","さかな","可偷食材","青蛙娘","鱼"
"1169","カエル娘","物品","165","ネバネバ粘液","可偷素材","青蛙娘","黏糊糊粘液"
"1170","ケンタウロス娘","武器","1553","馬上槍","掉落","马人娘","马上枪"
"1170","ケンタウロス娘","物品","310","にんじん","掉落","马人娘","胡萝卜"
"1170","ケンタウロス娘","物品","173","丈夫な蹄","掉落","马人娘","坚固的蹄"
"1170","ケンタウロス娘","物品","7","ブーストドリンク","可偷物品","马人娘","能量饮料"
"1170","ケンタウロス娘","防具","1038","俊足の腕輪","可偷物品","马人娘","疾风手镯"
"1170","ケンタウロス娘","物品","310","にんじん","可偷食材","马人娘","胡萝卜"
"1170","ケンタウロス娘","物品","173","丈夫な蹄","可偷素材","马人娘","坚固的蹄"
"1171","アルラウネ","物品","311","なすび","掉落","阿娜温","茄子"
"1171","アルラウネ","物品","205","アルラウネの花","掉落","阿娜温","阿娜温的花"
"1171","アルラウネ","武器","2655","花","掉落","阿娜温","花"
"1171","アルラウネ","物品","3","究極薬草","可偷物品","阿娜温","究极药草"
"1171","アルラウネ","防具","1476","恍惚の印","可偷物品","阿娜温","恍惚之印"
"1171","アルラウネ","物品","305","バナナ","可偷食材","阿娜温","香蕉"
"1171","アルラウネ","物品","205","アルラウネの花","可偷素材","阿娜温","阿娜温的花"
"1171","アルラウネ","防具","1861","お花の香りパンツ","可偷内裤","阿娜温","花香内裤"
"1172","御菊蟲","武器","2065","グランド","掉落","御菊虫","大地"
"1172","御菊蟲","物品","308","はくさい","掉落","御菊虫","白菜"
"1172","御菊蟲","物品","201","魔虫の表皮","掉落","御菊虫","魔虫的表皮"
"1172","御菊蟲","物品","2","高級薬草","可偷物品","御菊虫","高级药草"
"1172","御菊蟲","防具","1148","絶無のシール","可偷物品","御菊虫","绝无的贴纸"
"1172","御菊蟲","物品","308","はくさい","可偷食材","御菊虫","白菜"
"1172","御菊蟲","物品","201","魔虫の表皮","可偷素材","御菊虫","魔虫的表皮"
"1173","幽霊娘","物品","360","ライス","掉落","幽灵娘","米饭"
"1173","幽霊娘","物品","210","妖怪の髪","掉落","幽灵娘","妖怪的头发"
"1173","幽霊娘","武器","2262","デッド","掉落","幽灵娘","死亡"
"1173","幽霊娘","物品","52","紅炎石","可偷物品","幽灵娘","红炎石"
"1173","幽霊娘","武器","156","闇のサーベル","可偷物品","幽灵娘","暗之佩剑"
"1173","幽霊娘","物品","360","ライス","可偷食材","幽灵娘","米饭"
"1173","幽霊娘","物品","210","妖怪の髪","可偷素材","幽灵娘","妖怪的头发"
"1173","幽霊娘","防具","1873","サムライエルフのふんどし","可偷内裤","幽灵娘","武士精灵的兜裆布"
"1174","ハコイリ","防具","3674","ヘッドドレス","掉落","箱中千金","头饰"
"1174","ハコイリ","物品","195","魔力の結晶","掉落","箱中千金","魔力的结晶"
"1174","ハコイリ","物品","32","小さなメダル","掉落","箱中千金","小奖章"
"1174","ハコイリ","防具","1183","あやしい宝箱","可偷物品","箱中千金","可疑的宝箱"
"1174","ハコイリ","物品","32","小さなメダル","可偷物品","箱中千金","小奖章"
"1174","ハコイリ","物品","418","チョコケーキ","可偷食材","箱中千金","巧克力蛋糕"
"1174","ハコイリ","物品","195","魔力の結晶","可偷素材","箱中千金","魔力的结晶"
"1175","デュラハン","物品","26","力の種","掉落","杜拉罕","力量之种"
"1175","デュラハン","物品","187","涙の宝石","掉落","杜拉罕","泪之宝石"
"1175","デュラハン","武器","1207","騎士","掉落","杜拉罕","骑士"
"1175","デュラハン","防具","1862","幽霊娘のパンツ","可偷内裤","杜拉罕","幽灵娘的内裤"
"1176","ケルベロス","物品","30","素早さの種","掉落","刻耳柏洛斯","敏捷之种"
"1176","ケルベロス","物品","194","鋭い牙","掉落","刻耳柏洛斯","尖牙"
"1176","ケルベロス","武器","1960","叫び","掉落","刻耳柏洛斯","咆哮"
"1177","アルマエルマ","物品","12","世界樹の葉","掉落","阿露艾露玛","世界树之叶"
"1177","アルマエルマ","物品","181","淫魔の尻尾","掉落","阿露艾露玛","淫魔的尾巴"
"1177","アルマエルマ","武器","3867","ドレイン","掉落","阿露艾露玛","吸血"
"1177","アルマエルマ","防具","1863","ハコイリパンツ","可偷内裤","阿露艾露玛","箱中千金的内裤"
"1178","グランベリア","物品","26","力の種","掉落","古兰贝莉娅","力量之种"
"1178","グランベリア","物品","197","竜の鱗","掉落","古兰贝莉娅","龙鳞"
"1178","グランベリア","武器","1308","スペシャル","掉落","古兰贝莉娅","特别"
"1178","グランベリア","防具","1895","サキュバスのぴっちりパンツ","可偷内裤","古兰贝莉娅","魅魔的紧身内裤"
"1179","濡れ女","物品","211","魔性の蛇尾","掉落","濡女","魔性的蛇尾"
"1179","濡れ女","物品","57","凍結蒼氷石","掉落","濡女","冻结苍冰石"
"1179","濡れ女","武器","1661","鬼丸国綱","掉落","濡女","鬼丸国纲"
"1179","濡れ女","物品","56","蒼氷石","可偷物品","濡女","苍冰石"
"1179","濡れ女","武器","739","あやかし蛇扇","可偷物品","濡女","妖蛇扇"
"1179","濡れ女","物品","384","さしみ","可偷食材","濡女","生鱼片"
"1179","濡れ女","物品","211","魔性の蛇尾","可偷素材","濡女","魔性的蛇尾"
"1180","ハイミノタウロス","物品","378","すきやき","掉落","高阶米诺陶洛斯","寿喜烧"
"1180","ハイミノタウロス","物品","213","猛牛の蹄","掉落","高阶米诺陶洛斯","猛牛的蹄"
"1180","ハイミノタウロス","武器","2053","暴力","掉落","高阶米诺陶洛斯","暴力"
"1180","ハイミノタウロス","物品","8","バーストドリンク","可偷物品","高阶米诺陶洛斯","爆发饮料"
"1180","ハイミノタウロス","防具","1018","ハイパーリスト","可偷物品","高阶米诺陶洛斯","超级护腕"
"1180","ハイミノタウロス","物品","329","肉","可偷食材","高阶米诺陶洛斯","肉"
"1180","ハイミノタウロス","物品","213","猛牛の蹄","可偷素材","高阶米诺陶洛斯","猛牛的蹄"
"1180","ハイミノタウロス","防具","1877","毛倡妓パンツ","可偷内裤","高阶米诺陶洛斯","毛倡妓内裤"
"1181","ミズタウロス","武器","2066","オックス","掉落","米诺陶洛斯女士","公牛"
"1181","ミズタウロス","物品","213","猛牛の蹄","掉落","米诺陶洛斯女士","猛牛的蹄"
"1181","ミズタウロス","物品","342","ミルク","掉落","米诺陶洛斯女士","牛奶"
"1181","ミズタウロス","物品","2","高級薬草","可偷物品","米诺陶洛斯女士","高级药草"
"1181","ミズタウロス","武器","763","鬼包丁","可偷物品","米诺陶洛斯女士","鬼菜刀"
"1181","ミズタウロス","物品","342","ミルク","可偷食材","米诺陶洛斯女士","牛奶"
"1181","ミズタウロス","物品","213","猛牛の蹄","可偷素材","米诺陶洛斯女士","猛牛的蹄"
"1181","ミズタウロス","防具","1878","マジカルアゲハのパンツ","可偷内裤","米诺陶洛斯女士","魔法凤蝶的内裤"
"1182","ジニタウロス","物品","378","すきやき","掉落","技师米诺陶洛斯","寿喜烧"
"1182","ジニタウロス","物品","213","猛牛の蹄","掉落","技师米诺陶洛斯","猛牛的蹄"
"1182","ジニタウロス","武器","3761","ガン","掉落","技师米诺陶洛斯","枪"
"1182","ジニタウロス","物品","14","目薬","可偷物品","技师米诺陶洛斯","眼药水"
"1182","ジニタウロス","防具","1013","波動のタトゥー","可偷物品","技师米诺陶洛斯","波动纹身"
"1182","ジニタウロス","物品","375","目玉焼き","可偷食材","技师米诺陶洛斯","荷包蛋"
"1182","ジニタウロス","物品","213","猛牛の蹄","可偷素材","技师米诺陶洛斯","猛牛的蹄"
"1182","ジニタウロス","防具","1879","マジカルフライのパンツ","可偷内裤","技师米诺陶洛斯","魔法飞蛾的内裤"
"1183","斉天大聖","物品","8","バーストドリンク","掉落","齐天大圣","爆发饮料"
"1183","斉天大聖","物品","203","式紙","掉落","齐天大圣","式纸"
"1183","斉天大聖","武器","2170","ピラー","掉落","齐天大圣","柱子"
"1183","斉天大聖","物品","8","バーストドリンク","可偷物品","齐天大圣","爆发饮料"
"1183","斉天大聖","防具","1084","天下無双の黒帯","可偷物品","齐天大圣","天下无双的黑带"
"1183","斉天大聖","物品","305","バナナ","可偷食材","齐天大圣","香蕉"
"1183","斉天大聖","物品","250","神代紙","可偷素材","齐天大圣","神代纸"
"1183","斉天大聖","防具","1971","くのいちアラクネのパンツ","可偷内裤","齐天大圣","女忍阿拉克涅的内裤"
"1184","牛魔王","物品","26","力の種","掉落","牛魔王","力量之种"
"1184","牛魔王","物品","213","猛牛の蹄","掉落","牛魔王","猛牛的蹄"
"1184","牛魔王","武器","2057","憤怒","掉落","牛魔王","愤怒"
"1184","牛魔王","防具","1880","マジカルテントウのパンツ","可偷内裤","牛魔王","魔法瓢虫的内裤"
"1185","くのいちエルフ","武器","1757","菊花","掉落","女忍精灵","菊花"
"1185","くのいちエルフ","物品","361","おにぎり","掉落","女忍精灵","饭团"
"1185","くのいちエルフ","物品","187","涙の宝石","掉落","女忍精灵","泪之宝石"
"1185","くのいちエルフ","物品","101","手裏剣","可偷物品","女忍精灵","手里剑"
"1185","くのいちエルフ","防具","1452","ストップの印","可偷物品","女忍精灵","停止之印"
"1185","くのいちエルフ","物品","361","おにぎり","可偷食材","女忍精灵","饭团"
"1185","くのいちエルフ","物品","187","涙の宝石","可偷素材","女忍精灵","泪之宝石"
"1185","くのいちエルフ","防具","1871","牛魔王のパンツ","可偷内裤","女忍精灵","牛魔王的内裤"
"1186","サムライエルフ","物品","411","かしわもち","掉落","武士精灵","柏饼"
"1186","サムライエルフ","物品","187","涙の宝石","掉落","武士精灵","泪之宝石"
"1186","サムライエルフ","武器","1655","菊一文字","掉落","武士精灵","菊一文字"
"1186","サムライエルフ","物品","8","バーストドリンク","可偷物品","武士精灵","爆发饮料"
"1186","サムライエルフ","防具","31","アイアンプレート","可偷物品","武士精灵","铁胸甲"
"1186","サムライエルフ","物品","329","肉","可偷食材","武士精灵","肉"
"1186","サムライエルフ","物品","187","涙の宝石","可偷素材","武士精灵","泪之宝石"
"1186","サムライエルフ","防具","1872","くのいちエルフのふんどし","可偷内裤","武士精灵","女忍精灵的兜裆布"
"1187","雪女","物品","3","究極薬草","掉落","雪女","究极药草"
"1187","雪女","物品","210","妖怪の髪","掉落","雪女","妖怪的头发"
"1187","雪女","防具","2952","花嫁","掉落","雪女","新娘"
"1187","雪女","物品","2","高級薬草","可偷物品","雪女","高级药草"
"1187","雪女","防具","1497","氷のペンダント","可偷物品","雪女","冰之吊坠"
"1187","雪女","物品","424","アイスクリーム","可偷食材","雪女","冰淇淋"
"1187","雪女","物品","56","蒼氷石","可偷素材","雪女","苍冰石"
"1187","雪女","防具","1870","ジニタウロスパンツ","可偷内裤","雪女","技师米诺陶洛斯内裤"
"1188","ねこまた","物品","334","かつおぶし","掉落","猫又","鲣鱼干"
"1188","ねこまた","物品","206","猫のヒゲ","掉落","猫又","猫的胡须"
"1188","ねこまた","武器","1961","ファング","掉落","猫又","獠牙"
"1188","ねこまた","物品","334","かつおぶし","可偷物品","猫又","鲣鱼干"
"1188","ねこまた","武器","309","ビーストクロウ","可偷物品","猫又","兽之爪"
"1188","ねこまた","物品","334","かつおぶし","可偷食材","猫又","鲣鱼干"
"1188","ねこまた","物品","206","猫のヒゲ","可偷素材","猫又","猫的胡须"
"1189","あかなめ","防具","3051","下着","掉落","垢舐鬼","内衣"
"1189","あかなめ","物品","408","おだんご","掉落","垢舐鬼","团子"
"1189","あかなめ","物品","210","妖怪の髪","掉落","垢舐鬼","妖怪的头发"
"1189","あかなめ","物品","2","高級薬草","可偷物品","垢舐鬼","高级药草"
"1189","あかなめ","防具","1467","スタンの印","可偷物品","垢舐鬼","眩晕之印"
"1189","あかなめ","物品","408","おだんご","可偷食材","垢舐鬼","团子"
"1189","あかなめ","物品","210","妖怪の髪","可偷素材","垢舐鬼","妖怪的头发"
"1189","あかなめ","防具","1874","雪女のパンツ","可偷内裤","垢舐鬼","雪女的内裤"
"1190","河童","物品","306","きゅうり","掉落","河童","黄瓜"
"1190","河童","物品","212","河童の皿","掉落","河童","河童之盘"
"1190","河童","防具","2801","甲羅","掉落","河童","甲壳"
"1190","河童","物品","212","河童の皿","可偷物品","河童","河童之盘"
"1190","河童","防具","1513","水のペンダント","可偷物品","河童","水之吊坠"
"1190","河童","物品","306","きゅうり","可偷食材","河童","黄瓜"
"1190","河童","物品","212","河童の皿","可偷素材","河童","河童之盘"
"1191","二口娘","物品","361","おにぎり","掉落","二口娘","饭团"
"1191","二口娘","武器","1754","霞","掉落","二口娘","霞"
"1191","二口娘","物品","368","お寿司","掉落","二口娘","寿司"
"1191","二口娘","物品","361","おにぎり","可偷物品","二口娘","饭团"
"1191","二口娘","物品","425","パフェ","可偷物品","二口娘","芭菲"
"1191","二口娘","物品","410","三色だんご","可偷食材","二口娘","三色团子"
"1191","二口娘","物品","210","妖怪の髪","可偷素材","二口娘","妖怪的头发"
"1191","二口娘","防具","1881","マジカルピクシーのパンツ","可偷内裤","二口娘","魔法皮克西的内裤"
"1192","白蛇様","物品","29","精神の種","掉落","白蛇大人","精神之种"
"1192","白蛇様","物品","211","魔性の蛇尾","掉落","白蛇大人","魔性的蛇尾"
"1192","白蛇様","武器","2369","シャイン","掉落","白蛇大人","闪耀"
"1193","巫女ラミア","物品","211","魔性の蛇尾","掉落","巫女拉米亚","魔性的蛇尾"
"1193","巫女ラミア","物品","77","天空白聖石","掉落","巫女拉米亚","天空白圣石"
"1193","巫女ラミア","防具","2502","巫女服","掉落","巫女拉米亚","巫女服"
"1193","巫女ラミア","物品","76","白聖石","可偷物品","巫女拉米亚","白圣石"
"1193","巫女ラミア","防具","1174","生け贄の松明","可偷物品","巫女拉米亚","祭品的火把"
"1193","巫女ラミア","物品","332","豆腐","可偷食材","巫女拉米亚","豆腐"
"1193","巫女ラミア","物品","211","魔性の蛇尾","可偷素材","巫女拉米亚","魔性的蛇尾"
"1194","巫女アラクネ","物品","410","三色だんご","掉落","巫女阿拉克涅","三色团子"
"1194","巫女アラクネ","物品","175","蜘蛛の糸","掉落","巫女阿拉克涅","蜘蛛之丝"
"1194","巫女アラクネ","防具","12","祝福の巫女服","掉落","巫女阿拉克涅","祝福的巫女服"
"1194","巫女アラクネ","物品","5","エルフの霊薬","可偷物品","巫女阿拉克涅","精灵的灵药"
"1194","巫女アラクネ","防具","1567","スロウガード","可偷物品","巫女阿拉克涅","减速防护"
"1194","巫女アラクネ","物品","408","おだんご","可偷食材","巫女阿拉克涅","团子"
"1194","巫女アラクネ","物品","175","蜘蛛の糸","可偷素材","巫女阿拉克涅","蜘蛛之丝"
"1195","毛倡妓","物品","3","究極薬草","掉落","毛倡妓","究极药草"
"1195","毛倡妓","物品","210","妖怪の髪","掉落","毛倡妓","妖怪的头发"
"1195","毛倡妓","武器","1656","備前長船","掉落","毛倡妓","备前长船"
"1195","毛倡妓","物品","2","高級薬草","可偷物品","毛倡妓","高级药草"
"1195","毛倡妓","防具","1425","暗闇の印","可偷物品","毛倡妓","黑暗之印"
"1195","毛倡妓","物品","383","焼き魚","可偷食材","毛倡妓","烤鱼"
"1195","毛倡妓","物品","210","妖怪の髪","可偷素材","毛倡妓","妖怪的头发"
"1195","毛倡妓","防具","1875","あかなめパンツ","可偷内裤","毛倡妓","垢舐鬼的内裤"
"1196","ヤマタノオロチ","物品","9","エリクサー","掉落","八岐大蛇","圣灵药"
"1196","ヤマタノオロチ","物品","25","不思議な木の実","掉落","八岐大蛇","不可思议之果"
"1196","ヤマタノオロチ","武器","2960","破軍","掉落","八岐大蛇","破军"
"1197","マジカルアゲハ","物品","343","パン","掉落","魔法凤蝶","面包"
"1197","マジカルアゲハ","物品","207","マジカル鱗粉","掉落","魔法凤蝶","魔法鳞粉"
"1197","マジカルアゲハ","防具","3062","ブラ","掉落","魔法凤蝶","胸罩"
"1197","マジカルアゲハ","物品","64","緑風石","可偷物品","魔法凤蝶","绿风石"
"1197","マジカルアゲハ","防具","1211","バイオシンボル","可偷物品","魔法凤蝶","生化符号"
"1197","マジカルアゲハ","物品","343","パン","可偷食材","魔法凤蝶","面包"
"1197","マジカルアゲハ","物品","207","マジカル鱗粉","可偷素材","魔法凤蝶","魔法鳞粉"
"1197","マジカルアゲハ","防具","1864","デュラハンのパンツ","可偷内裤","魔法凤蝶","杜拉罕的内裤"
"1198","マジカルフライ","物品","344","ノアパン","掉落","魔法飞蛾","诺亚长棍面包"
"1198","マジカルフライ","物品","207","マジカル鱗粉","掉落","魔法飞蛾","魔法鳞粉"
"1198","マジカルフライ","武器","2453","記憶","掉落","魔法飞蛾","记忆"
"1198","マジカルフライ","物品","68","橙土石","可偷物品","魔法飞蛾","橙土石"
"1198","マジカルフライ","武器","874","精霊の書","可偷物品","魔法飞蛾","精灵之书"
"1198","マジカルフライ","物品","344","ノアパン","可偷食材","魔法飞蛾","诺亚长棍面包"
"1198","マジカルフライ","物品","207","マジカル鱗粉","可偷素材","魔法飞蛾","魔法鳞粉"
"1198","マジカルフライ","防具","1865","アルマエルマのパンツ","可偷内裤","魔法飞蛾","阿露艾露玛的内裤"
"1199","マジカルテントウ","物品","435","アメ玉","掉落","魔法瓢虫","糖球"
"1199","マジカルテントウ","物品","207","マジカル鱗粉","掉落","魔法瓢虫","魔法鳞粉"
"1199","マジカルテントウ","防具","3351","魔帽","掉落","魔法瓢虫","魔帽"
"1199","マジカルテントウ","物品","72","青水石","可偷物品","魔法瓢虫","青水石"
"1199","マジカルテントウ","防具","1437","麻痺の印","可偷物品","魔法瓢虫","麻痹之印"
"1199","マジカルテントウ","物品","406","あんまん","可偷食材","魔法瓢虫","豆沙包"
"1199","マジカルテントウ","物品","207","マジカル鱗粉","可偷素材","魔法瓢虫","魔法鳞粉"
"1199","マジカルテントウ","防具","1866","グランベリアのパンツ","可偷内裤","魔法瓢虫","古兰贝莉娅的内裤"
"1200","マジカルピクシー","物品","18","打出の小槌","掉落","魔法皮克西","打出的小槌"
"1200","マジカルピクシー","物品","208","マジカルエキス","掉落","魔法皮克西","魔法精华"
"1200","マジカルピクシー","防具","2852","末裔","掉落","魔法皮克西","末裔"
"1200","マジカルピクシー","物品","18","打出の小槌","可偷物品","魔法皮克西","打出的小槌"
"1200","マジカルピクシー","武器","636","妖精のハープ","可偷物品","魔法皮克西","妖精的竖琴"
"1200","マジカルピクシー","物品","424","アイスクリーム","可偷食材","魔法皮克西","冰淇淋"
"1200","マジカルピクシー","物品","208","マジカルエキス","可偷素材","魔法皮克西","魔法精华"
"1200","マジカルピクシー","防具","1867","斉天大聖のふんどし","可偷内裤","魔法皮克西","齐天大圣的兜裆布"
"1201","マジカルエルフ","物品","208","マジカルエキス","掉落","魔法精灵","魔法精华"
"1201","マジカルエルフ","武器","2564","シーズン","掉落","魔法精灵","季节"
"1201","マジカルエルフ","物品","5","エルフの霊薬","掉落","魔法精灵","精灵的灵药"
"1201","マジカルエルフ","物品","5","エルフの霊薬","可偷物品","魔法精灵","精灵的灵药"
"1201","マジカルエルフ","防具","1446","ショックの印","可偷物品","魔法精灵","电击之印"
"1201","マジカルエルフ","物品","349","やきそばパン","可偷食材","魔法精灵","炒面面包"
"1201","マジカルエルフ","物品","208","マジカルエキス","可偷素材","魔法精灵","魔法精华"
"1201","マジカルエルフ","防具","1868","ハイミノタウロスパンツ","可偷内裤","魔法精灵","高阶米诺陶洛斯内裤"
"1202","マジカルサキュバス","物品","21","脱淫薬","掉落","魔法魅魔","脱淫药"
"1202","マジカルサキュバス","物品","208","マジカルエキス","掉落","魔法魅魔","魔法精华"
"1202","マジカルサキュバス","武器","3852","悦び","掉落","魔法魅魔","愉悦"
"1202","マジカルサキュバス","物品","56","蒼氷石","可偷物品","魔法魅魔","苍冰石"
"1202","マジカルサキュバス","防具","1443","フリーズの印","可偷物品","魔法魅魔","冻结之印"
"1202","マジカルサキュバス","物品","348","メロンパン","可偷食材","魔法魅魔","蜜瓜包"
"1202","マジカルサキュバス","物品","208","マジカルエキス","可偷素材","魔法魅魔","魔法精华"
"1203","メフィスト","物品","28","魔力の種","掉落","梅菲斯特","魔力之种"
"1203","メフィスト","物品","208","マジカルエキス","掉落","梅菲斯特","魔法精华"
"1203","メフィスト","武器","3659","教典","掉落","梅菲斯特","教典"
"1203","メフィスト","防具","1869","ミズタウロスパンツ","可偷内裤","梅菲斯特","米诺陶洛斯女士内裤"
"1204","カマキリ娘","武器","2261","シックル","掉落","螳螂娘","镰刀"
"1204","カマキリ娘","物品","214","魔虫の羽根","掉落","螳螂娘","魔虫之羽"
"1204","カマキリ娘","物品","448","カブトムシ","掉落","螳螂娘","独角仙"
"1204","カマキリ娘","物品","2","高級薬草","可偷物品","螳螂娘","高级药草"
"1204","カマキリ娘","物品","30","素早さの種","可偷物品","螳螂娘","敏捷之种"
"1204","カマキリ娘","物品","448","カブトムシ","可偷食材","螳螂娘","独角仙"
"1204","カマキリ娘","物品","214","魔虫の羽根","可偷素材","螳螂娘","魔虫之羽"
"1205","カイコ娘","物品","21","脱淫薬","掉落","蚕娘","脱淫药"
"1205","カイコ娘","物品","214","魔虫の羽根","掉落","蚕娘","魔虫之羽"
"1205","カイコ娘","防具","2563","バトラー","掉落","蚕娘","战士"
"1205","カイコ娘","物品","21","脱淫薬","可偷物品","蚕娘","脱淫药"
"1205","カイコ娘","防具","1476","恍惚の印","可偷物品","蚕娘","恍惚之印"
"1205","カイコ娘","物品","308","はくさい","可偷食材","蚕娘","白菜"
"1205","カイコ娘","物品","214","魔虫の羽根","可偷素材","蚕娘","魔虫之羽"
"1206","アルラ・アルム","物品","216","不思議な葉っぱ","掉落","阿娜・阿尔姆","不可思议的叶子"
"1206","アルラ・アルム","武器","2655","花","掉落","阿娜・阿尔姆","花"
"1206","アルラ・アルム","物品","3","究極薬草","掉落","阿娜・阿尔姆","究极药草"
"1206","アルラ・アルム","物品","3","究極薬草","可偷物品","阿娜・阿尔姆","究极药草"
"1206","アルラ・アルム","物品","60","黄雷石","可偷物品","阿娜・阿尔姆","黄雷石"
"1206","アルラ・アルム","物品","307","キャベツ","可偷食材","阿娜・阿尔姆","卷心菜"
"1206","アルラ・アルム","物品","216","不思議な葉っぱ","可偷素材","阿娜・阿尔姆","不可思议的叶子"
"1207","アルラ・ルーティー","物品","312","大根","掉落","阿娜・鲁蒂","白萝卜"
"1207","アルラ・ルーティー","防具","2552","胴着","掉落","阿娜・鲁蒂","上身服"
"1207","アルラ・ルーティー","物品","216","不思議な葉っぱ","掉落","阿娜・鲁蒂","不可思议的叶子"
"1207","アルラ・ルーティー","物品","8","バーストドリンク","可偷物品","阿娜・鲁蒂","爆发饮料"
"1207","アルラ・ルーティー","防具","1428","沈黙の印","可偷物品","阿娜・鲁蒂","沉默之印"
"1207","アルラ・ルーティー","物品","312","大根","可偷食材","阿娜・鲁蒂","白萝卜"
"1207","アルラ・ルーティー","物品","216","不思議な葉っぱ","可偷素材","阿娜・鲁蒂","不可思议的叶子"
"1208","アルラ・ボア","物品","14","目薬","掉落","阿娜・吞噬藤","眼药水"
"1208","アルラ・ボア","物品","216","不思議な葉っぱ","掉落","阿娜・吞噬藤","不可思议的叶子"
"1208","アルラ・ボア","武器","2354","輝き","掉落","阿娜・吞噬藤","光辉"
"1208","アルラ・ボア","物品","14","目薬","可偷物品","阿娜・吞噬藤","眼药水"
"1208","アルラ・ボア","防具","1464","消化の印","可偷物品","阿娜・吞噬藤","消化之印"
"1208","アルラ・ボア","物品","329","肉","可偷食材","阿娜・吞噬藤","肉"
"1208","アルラ・ボア","物品","216","不思議な葉っぱ","可偷素材","阿娜・吞噬藤","不可思议的叶子"
"1209","アルラ・パラソル","防具","2953","恋人","掉落","阿娜・伞菌","恋人"
"1209","アルラ・パラソル","物品","443","毒キノコ","掉落","阿娜・伞菌","毒蘑菇"
"1209","アルラ・パラソル","物品","216","不思議な葉っぱ","掉落","阿娜・伞菌","不可思议的叶子"
"1209","アルラ・パラソル","物品","17","満月草","可偷物品","阿娜・伞菌","满月草"
"1209","アルラ・パラソル","防具","1437","麻痺の印","可偷物品","阿娜・伞菌","麻痹之印"
"1209","アルラ・パラソル","物品","443","毒キノコ","可偷食材","阿娜・伞菌","毒蘑菇"
"1209","アルラ・パラソル","物品","216","不思議な葉っぱ","可偷素材","阿娜・伞菌","不可思议的叶子"
"1210","アルラ・プリズン","物品","21","脱淫薬","掉落","阿娜・囚笼花","脱淫药"
"1210","アルラ・プリズン","物品","216","不思議な葉っぱ","掉落","阿娜・囚笼花","不可思议的叶子"
"1210","アルラ・プリズン","防具","3369","シリウス","掉落","阿娜・囚笼花","西里乌斯"
"1210","アルラ・プリズン","物品","21","脱淫薬","可偷物品","阿娜・囚笼花","脱淫药"
"1210","アルラ・プリズン","防具","1529","バイオペンダント","可偷物品","阿娜・囚笼花","生化吊坠"
"1210","アルラ・プリズン","物品","314","ピーマン","可偷食材","阿娜・囚笼花","青椒"
"1210","アルラ・プリズン","物品","216","不思議な葉っぱ","可偷素材","阿娜・囚笼花","不可思议的叶子"
"1211","アルラ・マッシュ","武器","1011","ダガー","掉落","阿娜・菌菇","匕首"
"1211","アルラ・マッシュ","物品","318","しいたけ","掉落","阿娜・菌菇","香菇"
"1211","アルラ・マッシュ","物品","216","不思議な葉っぱ","掉落","阿娜・菌菇","不可思议的叶子"
"1211","アルラ・マッシュ","物品","16","気付け薬","可偷物品","阿娜・菌菇","提神药"
"1211","アルラ・マッシュ","防具","1446","ショックの印","可偷物品","阿娜・菌菇","电击之印"
"1211","アルラ・マッシュ","物品","318","しいたけ","可偷食材","阿娜・菌菇","香菇"
"1211","アルラ・マッシュ","物品","216","不思議な葉っぱ","可偷素材","阿娜・菌菇","不可思议的叶子"
"1212","ドローシー","物品","22","万能薬","掉落","多萝西","万能药"
"1212","ドローシー","物品","31","器用さの種","掉落","多萝西","灵巧之种"
"1212","ドローシー","武器","1505","絶望","掉落","多萝西","绝望"
"1213","ラフィ","物品","25","不思議な木の実","掉落","拉菲","不可思议之果"
"1213","ラフィ","物品","232","艶めかしい花びら","掉落","拉菲","艳丽的花瓣"
"1213","ラフィ","武器","2659","屈服","掉落","拉菲","屈服"
"1214","ディーナ","物品","9","エリクサー","掉落","迪娜","圣灵药"
"1214","ディーナ","物品","24","命の木の実","掉落","迪娜","生命之果"
"1214","ディーナ","武器","1358","螺旋","掉落","迪娜","螺旋"
"1215","アルラ・プリエステス","物品","9","エリクサー","掉落","阿娜-普莉艾丝缇丝","圣灵药"
"1215","アルラ・プリエステス","物品","29","精神の種","掉落","阿娜-普莉艾丝缇丝","精神之种"
"1215","アルラ・プリエステス","武器","1367","ローズ","掉落","阿娜-普莉艾丝缇丝","萝丝"
"1216","モス娘","物品","17","満月草","掉落","蛾娘","满月草"
"1216","モス娘","物品","214","魔虫の羽根","掉落","蛾娘","魔虫之羽"
"1216","モス娘","武器","3052","舞い","掉落","蛾娘","舞"
"1216","モス娘","物品","17","満月草","可偷物品","蛾娘","满月草"
"1216","モス娘","防具","1437","麻痺の印","可偷物品","蛾娘","麻痹之印"
"1216","モス娘","物品","336","あんこ","可偷食材","蛾娘","豆沙"
"1216","モス娘","物品","214","魔虫の羽根","可偷素材","蛾娘","魔虫之羽"
"1217","モスキート娘","防具","2652","砂漠","掉落","蚊子娘","沙漠"
"1217","モスキート娘","物品","337","イチゴジャム","掉落","蚊子娘","草莓酱"
"1217","モスキート娘","物品","214","魔虫の羽根","掉落","蚊子娘","魔虫之羽"
"1217","モスキート娘","物品","2","高級薬草","可偷物品","蚊子娘","高级药草"
"1217","モスキート娘","防具","1107","燃える魂","可偷物品","蚊子娘","燃烧的灵魂"
"1217","モスキート娘","物品","337","イチゴジャム","可偷食材","蚊子娘","草莓酱"
"1217","モスキート娘","物品","214","魔虫の羽根","可偷素材","蚊子娘","魔虫之羽"
"1218","イモムシ娘","防具","2802","亀甲","掉落","毛毛虫娘","龟甲"
"1218","イモムシ娘","物品","302","みかん","掉落","毛毛虫娘","橘子"
"1218","イモムシ娘","物品","303","ぶどう","掉落","毛毛虫娘","葡萄"
"1218","イモムシ娘","物品","1","薬草","可偷物品","毛毛虫娘","药草"
"1218","イモムシ娘","防具","1688","幸せの靴","可偷物品","毛毛虫娘","幸运的鞋子"
"1218","イモムシ娘","物品","302","みかん","可偷食材","毛毛虫娘","橘子"
"1218","イモムシ娘","物品","64","緑風石","可偷素材","毛毛虫娘","绿风石"
"1219","スズメバチ娘","武器","1861","ナックル","掉落","胡蜂娘","指虎"
"1219","スズメバチ娘","物品","436","ハチミツ","掉落","胡蜂娘","蜂蜜"
"1219","スズメバチ娘","物品","217","猛毒の針","掉落","胡蜂娘","猛毒的针"
"1219","スズメバチ娘","物品","13","毒消し草","可偷物品","胡蜂娘","解毒草"
"1219","スズメバチ娘","物品","436","ハチミツ","可偷物品","胡蜂娘","蜂蜜"
"1219","スズメバチ娘","物品","436","ハチミツ","可偷食材","胡蜂娘","蜂蜜"
"1219","スズメバチ娘","物品","217","猛毒の針","可偷素材","胡蜂娘","猛毒的针"
"1220","クィーン・ビー","物品","27","守りの種","掉落","蜂后","守护之种"
"1220","クィーン・ビー","物品","217","猛毒の針","掉落","蜂后","猛毒的针"
"1220","クィーン・ビー","武器","1869","ラッシュ","掉落","蜂后","冲刺"
"1221","テスカトリポカ","物品","206","猫のヒゲ","掉落","特斯卡特利波卡","猫的胡须"
"1221","テスカトリポカ","物品","5","エルフの霊薬","掉落","特斯卡特利波卡","精灵的灵药"
"1221","テスカトリポカ","武器","2760","旋律","掉落","特斯卡特利波卡","旋律"
"1221","テスカトリポカ","物品","6","イリアスの霊薬","可偷物品","特斯卡特利波卡","伊莉娅丝的灵药"
"1221","テスカトリポカ","防具","1695","バステトの鈴","可偷物品","特斯卡特利波卡","芭丝特的铃铛"
"1221","テスカトリポカ","物品","374","ねこごはん","可偷食材","特斯卡特利波卡","猫饭"
"1221","テスカトリポカ","物品","251","妖艶なる尻尾","可偷素材","特斯卡特利波卡","妖艳的尾巴"
"1222","ケツァルコァトル","物品","29","精神の種","掉落","羽蛇神","精神之种"
"1222","ケツァルコァトル","物品","192","不思議な羽根","掉落","羽蛇神","不可思议的羽毛"
"1222","ケツァルコァトル","武器","3060","幻","掉落","羽蛇神","幻"
"1222","ケツァルコァトル","物品","3","究極薬草","可偷物品","羽蛇神","究极药草"
"1222","ケツァルコァトル","防具","1251","雷の極意書","可偷物品","羽蛇神","雷之极意书"
"1222","ケツァルコァトル","物品","383","焼き魚","可偷食材","羽蛇神","烤鱼"
"1222","ケツァルコァトル","物品","251","妖艶なる尻尾","可偷素材","羽蛇神","妖艳的尾巴"
"1223","グノーシス","物品","29","精神の種","掉落","格诺西丝","精神之种"
"1223","グノーシス","物品","241","天使の羽根","掉落","格诺西丝","天使的羽毛"
"1223","グノーシス","防具","3672","ロザリオ","掉落","格诺西丝","罗莎莉奥"
"1224","シオン","物品","27","守りの種","掉落","锡安","守护之种"
"1224","シオン","物品","241","天使の羽根","掉落","锡安","天使的羽毛"
"1224","シオン","防具","3669","勲章","掉落","锡安","勋章"
"1224","シオン","防具","1944","エクスキューショナーのパンツ","可偷内裤","锡安","艾斯丘雪娜的内裤"
"1225","ジェリー娘","物品","4","霊薬","掉落","果冻娘","灵药"
"1225","ジェリー娘","物品","218","ぐにゅぐにゅゼリー","掉落","果冻娘","咕啾咕啾的果冻"
"1225","ジェリー娘","武器","2862","エッジ","掉落","果冻娘","刃"
"1225","ジェリー娘","物品","4","霊薬","可偷物品","果冻娘","灵药"
"1225","ジェリー娘","防具","1114","ヘビィリング","可偷物品","果冻娘","重戒"
"1225","ジェリー娘","物品","423","プリン","可偷食材","果冻娘","布丁"
"1225","ジェリー娘","物品","218","ぐにゅぐにゅゼリー","可偷素材","果冻娘","咕啾咕啾的果冻"
"1226","ブロブ娘","物品","329","肉","掉落","粘体娘","肉"
"1226","ブロブ娘","防具","2612","チェスト","掉落","粘体娘","胸甲"
"1226","ブロブ娘","物品","218","ぐにゅぐにゅゼリー","掉落","粘体娘","咕啾咕啾的果冻"
"1226","ブロブ娘","物品","8","バーストドリンク","可偷物品","粘体娘","爆发饮料"
"1226","ブロブ娘","防具","1176","ブロブコア","可偷物品","粘体娘","布洛布核心"
"1226","ブロブ娘","物品","329","肉","可偷食材","粘体娘","肉"
"1226","ブロブ娘","物品","218","ぐにゅぐにゅゼリー","可偷素材","粘体娘","咕啾咕啾的果冻"
"1227","グリーンスライム","物品","2","高級薬草","掉落","绿史莱姆","高级药草"
"1227","グリーンスライム","物品","218","ぐにゅぐにゅゼリー","掉落","绿史莱姆","咕啾咕啾的果冻"
"1227","グリーンスライム","武器","1001","短剣","掉落","绿史莱姆","短剑"
"1227","グリーンスライム","物品","64","緑風石","可偷物品","绿史莱姆","绿风石"
"1227","グリーンスライム","物品","218","ぐにゅぐにゅゼリー","可偷物品","绿史莱姆","咕啾咕啾的果冻"
"1227","グリーンスライム","物品","414","チョコレート","可偷食材","绿史莱姆","巧克力"
"1227","グリーンスライム","物品","218","ぐにゅぐにゅゼリー","可偷素材","绿史莱姆","咕啾咕啾的果冻"
"1228","レッドスライム","物品","8","バーストドリンク","掉落","红史莱姆","爆发饮料"
"1228","レッドスライム","物品","218","ぐにゅぐにゅゼリー","掉落","红史莱姆","咕啾咕啾的果冻"
"1228","レッドスライム","防具","3161","ハット","掉落","红史莱姆","帽子"
"1228","レッドスライム","物品","52","紅炎石","可偷物品","红史莱姆","红炎石"
"1228","レッドスライム","防具","82","朱雀の鎧","可偷物品","红史莱姆","朱雀之铠"
"1228","レッドスライム","物品","417","ケーキ","可偷食材","红史莱姆","蛋糕"
"1228","レッドスライム","物品","218","ぐにゅぐにゅゼリー","可偷素材","红史莱姆","咕啾咕啾的果冻"
"1229","ブルースライム","物品","4","霊薬","掉落","蓝史莱姆","灵药"
"1229","ブルースライム","物品","218","ぐにゅぐにゅゼリー","掉落","蓝史莱姆","咕啾咕啾的果冻"
"1229","ブルースライム","防具","3453","小盾","掉落","蓝史莱姆","小盾"
"1229","ブルースライム","物品","72","青水石","可偷物品","蓝史莱姆","青水石"
"1229","ブルースライム","防具","213","青龍の兜","可偷物品","蓝史莱姆","青龙之盔"
"1229","ブルースライム","物品","424","アイスクリーム","可偷食材","蓝史莱姆","冰淇淋"
"1229","ブルースライム","物品","218","ぐにゅぐにゅゼリー","可偷素材","蓝史莱姆","咕啾咕啾的果冻"
"1230","パープルスライム","物品","218","ぐにゅぐにゅゼリー","掉落","紫史莱姆","咕啾咕啾的果冻"
"1230","パープルスライム","防具","3512","ポーン","掉落","紫史莱姆","卒"
"1230","パープルスライム","物品","9","エリクサー","掉落","紫史莱姆","圣灵药"
"1230","パープルスライム","物品","2","高級薬草","可偷物品","紫史莱姆","高级药草"
"1230","パープルスライム","物品","9","エリクサー","可偷物品","紫史莱姆","圣灵药"
"1230","パープルスライム","物品","427","コーヒー","可偷食材","紫史莱姆","咖啡"
"1230","パープルスライム","物品","218","ぐにゅぐにゅゼリー","可偷素材","紫史莱姆","咕啾咕啾的果冻"
"1231","ウンディーネ","物品","4","霊薬","掉落","温蒂妮","灵药"
"1231","ウンディーネ","物品","218","ぐにゅぐにゅゼリー","掉落","温蒂妮","咕啾咕啾的果冻"
"1231","ウンディーネ","武器","2859","大三角","掉落","温蒂妮","大三角"
"1232","エルベティエ","物品","24","命の木の実","掉落","艾露贝提耶","生命之果"
"1232","エルベティエ","物品","218","ぐにゅぐにゅゼリー","掉落","艾露贝提耶","咕啾咕啾的果冻"
"1232","エルベティエ","防具","3675","エンゲージリング","掉落","艾露贝提耶","订婚戒指"
"1233","アリ娘","武器","1852","手甲","掉落","蚁娘","手甲"
"1233","アリ娘","物品","336","あんこ","掉落","蚁娘","豆沙"
"1233","アリ娘","物品","214","魔虫の羽根","掉落","蚁娘","魔虫之羽"
"1233","アリ娘","物品","2","高級薬草","可偷物品","蚁娘","高级药草"
"1233","アリ娘","物品","214","魔虫の羽根","可偷物品","蚁娘","魔虫之羽"
"1233","アリ娘","物品","336","あんこ","可偷食材","蚁娘","豆沙"
"1233","アリ娘","物品","214","魔虫の羽根","可偷素材","蚁娘","魔虫之羽"
"1234","オートマータ娘","物品","21","脱淫薬","掉落","自动机娘","脱淫药"
"1234","オートマータ娘","物品","219","魔導の歯車","掉落","自动机娘","魔导齿轮"
"1234","オートマータ娘","武器","3552","食器","掉落","自动机娘","食器"
"1234","オートマータ娘","物品","21","脱淫薬","可偷物品","自动机娘","脱淫药"
"1234","オートマータ娘","防具","1169","末期の懐中時計","可偷物品","自动机娘","末期怀表"
"1234","オートマータ娘","物品","357","サンドウイッチ","可偷食材","自动机娘","三明治"
"1234","オートマータ娘","物品","219","魔導の歯車","可偷素材","自动机娘","魔导齿轮"
"1235","パイズリ人形","物品","2","高級薬草","掉落","乳交人偶","高级药草"
"1235","パイズリ人形","物品","219","魔導の歯車","掉落","乳交人偶","魔导齿轮"
"1235","パイズリ人形","防具","3053","おっぱい","掉落","乳交人偶","胸部"
"1235","パイズリ人形","物品","2","高級薬草","可偷物品","乳交人偶","高级药草"
"1235","パイズリ人形","防具","1691","メイドのヘッドドレス","可偷物品","乳交人偶","女仆的头饰"
"1235","パイズリ人形","物品","417","ケーキ","可偷食材","乳交人偶","蛋糕"
"1235","パイズリ人形","物品","219","魔導の歯車","可偷素材","乳交人偶","魔导齿轮"
"1235","パイズリ人形","防具","1883","ケツァルパンツ","可偷内裤","乳交人偶","羽蛇神内裤"
"1236","スキュラ","武器","2651","鞭","掉落","斯库拉","鞭"
"1236","スキュラ","物品","324","タコ","掉落","斯库拉","章鱼"
"1236","スキュラ","物品","202","巻き付く触手","掉落","斯库拉","缠绕的触手"
"1236","スキュラ","物品","2","高級薬草","可偷物品","斯库拉","高级药草"
"1236","スキュラ","武器","605","グレイプニル","可偷物品","斯库拉","格雷普尼尔"
"1236","スキュラ","物品","324","タコ","可偷食材","斯库拉","章鱼"
"1236","スキュラ","物品","202","巻き付く触手","可偷素材","斯库拉","缠绕的触手"
"1237","メデューサ","物品","20","金の針","掉落","美杜莎","金针"
"1237","メデューサ","物品","220","メデューサの蛇","掉落","美杜莎","美杜莎的蛇"
"1237","メデューサ","武器","2965","ロック","掉落","美杜莎","岩石"
"1237","メデューサ","物品","20","金の針","可偷物品","美杜莎","金针"
"1237","メデューサ","防具","1461","石化の印","可偷物品","美杜莎","石化之印"
"1237","メデューサ","物品","315","ネギ","可偷食材","美杜莎","葱"
"1237","メデューサ","物品","220","メデューサの蛇","可偷素材","美杜莎","美杜莎的蛇"
"1237","メデューサ","防具","1884","シオンのパンツ","可偷内裤","美杜莎","锡安的内裤"
"1238","あげは娘","防具","2966","ブライド","掉落","凤蝶娘","新娘"
"1238","あげは娘","物品","302","みかん","掉落","凤蝶娘","橘子"
"1238","あげは娘","物品","214","魔虫の羽根","掉落","凤蝶娘","魔虫之羽"
"1238","あげは娘","物品","17","満月草","可偷物品","凤蝶娘","满月草"
"1238","あげは娘","防具","1047","エルフの櫛","可偷物品","凤蝶娘","精灵梳子"
"1238","あげは娘","物品","301","りんご","可偷食材","凤蝶娘","苹果"
"1238","あげは娘","物品","214","魔虫の羽根","可偷素材","凤蝶娘","魔虫之羽"
"1238","あげは娘","防具","1885","パイズリ人形のパンツ","可偷内裤","凤蝶娘","乳交人偶的内裤"
"1239","ブロム娘","物品","13","毒消し草","掉落","剧毒史莱姆娘","解毒草"
"1239","ブロム娘","物品","218","ぐにゅぐにゅゼリー","掉落","剧毒史莱姆娘","咕啾咕啾的果冻"
"1239","ブロム娘","武器","2864","ホーク","掉落","剧毒史莱姆娘","隼"
"1239","ブロム娘","物品","13","毒消し草","可偷物品","剧毒史莱姆娘","解毒草"
"1239","ブロム娘","防具","1211","バイオシンボル","可偷物品","剧毒史莱姆娘","生化符号"
"1239","ブロム娘","物品","338","小麦粉","可偷食材","剧毒史莱姆娘","面粉"
"1239","ブロム娘","物品","218","ぐにゅぐにゅゼリー","可偷素材","剧毒史莱姆娘","咕啾咕啾的果冻"
"1240","ウォーマー","防具","3264","ガリア","掉落","沼泽毒尸","加利亚"
"1240","ウォーマー","物品","165","ネバネバ粘液","掉落","沼泽毒尸","黏糊糊粘液"
"1240","ウォーマー","物品","221","ネクロパウダー","掉落","沼泽毒尸","死灵粉末"
"1240","ウォーマー","物品","13","毒消し草","可偷物品","沼泽毒尸","解毒草"
"1240","ウォーマー","物品","80","黒闇石","可偷物品","沼泽毒尸","黑暗石"
"1240","ウォーマー","物品","331","ソーセージ","可偷食材","沼泽毒尸","香肠"
"1240","ウォーマー","物品","221","ネクロパウダー","可偷素材","沼泽毒尸","死灵粉末"
"1241","グール","防具","2511","ウェア","掉落","食尸鬼","服装"
"1241","グール","物品","444","ドクロ","掉落","食尸鬼","骷髅"
"1241","グール","物品","221","ネクロパウダー","掉落","食尸鬼","死灵粉末"
"1241","グール","物品","15","山彦草","可偷物品","食尸鬼","山彦草"
"1241","グール","物品","80","黒闇石","可偷物品","食尸鬼","黑暗石"
"1241","グール","物品","432","ほしにく","可偷食材","食尸鬼","干肉"
"1241","グール","物品","221","ネクロパウダー","可偷素材","食尸鬼","死灵粉末"
"1242","グール","物品","14","目薬","掉落","食尸鬼","眼药水"
"1242","グール","物品","221","ネクロパウダー","掉落","食尸鬼","死灵粉末"
"1242","グール","武器","2154","柱","掉落","食尸鬼","柱"
"1242","グール","物品","14","目薬","可偷物品","食尸鬼","眼药水"
"1242","グール","物品","80","黒闇石","可偷物品","食尸鬼","黑暗石"
"1242","グール","物品","432","ほしにく","可偷食材","食尸鬼","干肉"
"1242","グール","物品","221","ネクロパウダー","可偷素材","食尸鬼","死灵粉末"
"1243","グール","武器","2954","本能","掉落","食尸鬼","本能"
"1243","グール","物品","432","ほしにく","掉落","食尸鬼","干肉"
"1243","グール","物品","221","ネクロパウダー","掉落","食尸鬼","死灵粉末"
"1243","グール","物品","21","脱淫薬","可偷物品","食尸鬼","脱淫药"
"1243","グール","物品","80","黒闇石","可偷物品","食尸鬼","黑暗石"
"1243","グール","物品","432","ほしにく","可偷食材","食尸鬼","干肉"
"1243","グール","物品","221","ネクロパウダー","可偷素材","食尸鬼","死灵粉末"
"1244","フェイクジェリー","物品","326","カニ","掉落","假水母","蟹"
"1244","フェイクジェリー","物品","11","フェニックスの尾","掉落","假水母","凤凰之尾"
"1244","フェイクジェリー","武器","1003","青春","掉落","假水母","青春"
"1244","フェイクジェリー","物品","11","フェニックスの尾","可偷物品","假水母","凤凰之尾"
"1244","フェイクジェリー","防具","1109","オンリー魂","可偷物品","假水母","唯一灵魂"
"1244","フェイクジェリー","物品","326","カニ","可偷食材","假水母","蟹"
"1244","フェイクジェリー","物品","190","スキュラの触手","可偷素材","假水母","斯库拉的触手"
"1244","フェイクジェリー","防具","1886","メデューサのTバック","可偷内裤","假水母","美杜莎的T字裤"
"1245","ウィングハーピー","物品","23","ハーピーの羽","掉落","翼身哈比","哈比之羽"
"1245","ウィングハーピー","物品","192","不思議な羽根","掉落","翼身哈比","不可思议的羽毛"
"1245","ウィングハーピー","武器","3055","怪鳥","掉落","翼身哈比","怪鸟"
"1245","ウィングハーピー","物品","23","ハーピーの羽","可偷物品","翼身哈比","哈比之羽"
"1245","ウィングハーピー","防具","1118","頑丈な肩パッド","可偷物品","翼身哈比","坚固的肩垫"
"1245","ウィングハーピー","物品","358","ハンバーガー","可偷食材","翼身哈比","汉堡"
"1245","ウィングハーピー","物品","192","不思議な羽根","可偷素材","翼身哈比","不可思议的羽毛"
"1245","ウィングハーピー","防具","1888","フェイクジェリーのパンツ","可偷内裤","翼身哈比","假水母的内裤"
"1246","ナイトハーピー","物品","23","ハーピーの羽","掉落","骑士哈比","哈比之羽"
"1246","ナイトハーピー","物品","192","不思議な羽根","掉落","骑士哈比","不可思议的羽毛"
"1246","ナイトハーピー","防具","2701","重鎧","掉落","骑士哈比","重铠"
"1246","ナイトハーピー","物品","23","ハーピーの羽","可偷物品","骑士哈比","哈比之羽"
"1246","ナイトハーピー","防具","1118","頑丈な肩パッド","可偷物品","骑士哈比","坚固的肩垫"
"1246","ナイトハーピー","物品","358","ハンバーガー","可偷食材","骑士哈比","汉堡"
"1246","ナイトハーピー","物品","192","不思議な羽根","可偷素材","骑士哈比","不可思议的羽毛"
"1246","ナイトハーピー","防具","1888","フェイクジェリーのパンツ","可偷内裤","骑士哈比","假水母的内裤"
"1247","マッドゴーレム娘","物品","219","魔導の歯車","掉落","疯狂泥魔像娘","魔导齿轮"
"1247","マッドゴーレム娘","物品","111","魔水銀","掉落","疯狂泥魔像娘","魔水银"
"1247","マッドゴーレム娘","防具","3554","城壁","掉落","疯狂泥魔像娘","城墙"
"1247","マッドゴーレム娘","物品","80","黒闇石","可偷物品","疯狂泥魔像娘","黑暗石"
"1247","マッドゴーレム娘","物品","5","エルフの霊薬","可偷物品","疯狂泥魔像娘","精灵的灵药"
"1247","マッドゴーレム娘","物品","430","ゴルドカクテル","可偷食材","疯狂泥魔像娘","戈尔德鸡尾酒"
"1247","マッドゴーレム娘","物品","219","魔導の歯車","可偷素材","疯狂泥魔像娘","魔导齿轮"
"1248","ゴーレム娘","物品","26","力の種","掉落","魔像娘","力量之种"
"1248","ゴーレム娘","物品","219","魔導の歯車","掉落","魔像娘","魔导齿轮"
"1248","ゴーレム娘","防具","3557","巨盾","掉落","魔像娘","巨盾"
"1249","ハナビラカマキリ娘","物品","17","満月草","掉落","兰花螳螂娘","满月草"
"1249","ハナビラカマキリ娘","物品","214","魔虫の羽根","掉落","兰花螳螂娘","魔虫之羽"
"1249","ハナビラカマキリ娘","武器","1659","宗像","掉落","兰花螳螂娘","宗像"
"1249","ハナビラカマキリ娘","物品","17","満月草","可偷物品","兰花螳螂娘","满月草"
"1249","ハナビラカマキリ娘","防具","1509","土のペンダント","可偷物品","兰花螳螂娘","土之吊坠"
"1249","ハナビラカマキリ娘","物品","362","特上おにぎり","可偷食材","兰花螳螂娘","特级饭团"
"1249","ハナビラカマキリ娘","物品","214","魔虫の羽根","可偷素材","兰花螳螂娘","魔虫之羽"
"1250","ブラックゴーレム","物品","219","魔導の歯車","掉落","黑暗魔像","魔导齿轮"
"1250","ブラックゴーレム","物品","110","錬金砂","掉落","黑暗魔像","炼金砂"
"1250","ブラックゴーレム","武器","2465","カーズ","掉落","黑暗魔像","诅咒"
"1250","ブラックゴーレム","物品","5","エルフの霊薬","可偷物品","黑暗魔像","精灵的灵药"
"1250","ブラックゴーレム","物品","9","エリクサー","可偷物品","黑暗魔像","圣灵药"
"1250","ブラックゴーレム","物品","301","りんご","可偷食材","黑暗魔像","苹果"
"1250","ブラックゴーレム","物品","219","魔導の歯車","可偷素材","黑暗魔像","魔导齿轮"
"1251","狐獣","物品","333","あぶらあげ","掉落","狐兽","油豆腐"
"1251","狐獣","物品","209","ふかふかしっぽ","掉落","狐兽","蓬松的尾巴"
"1251","狐獣","武器","1965","ゲイル","掉落","狐兽","风暴"
"1251","狐獣","物品","5","エルフの霊薬","可偷物品","狐兽","精灵的灵药"
"1251","狐獣","防具","1051","鉄拳の数珠","可偷物品","狐兽","铁拳念珠"
"1251","狐獣","物品","333","あぶらあげ","可偷食材","狐兽","油豆腐"
"1251","狐獣","物品","209","ふかふかしっぽ","可偷素材","狐兽","蓬松的尾巴"
"1252","くのいち三尾","物品","333","あぶらあげ","掉落","女忍三尾","油豆腐"
"1252","くのいち三尾","物品","209","ふかふかしっぽ","掉落","女忍三尾","蓬松的尾巴"
"1252","くのいち三尾","武器","1759","秋水","掉落","女忍三尾","秋水"
"1252","くのいち三尾","物品","101","手裏剣","可偷物品","女忍三尾","手里剑"
"1252","くのいち三尾","防具","1154","先駆けの靴","可偷物品","女忍三尾","先驱之靴"
"1252","くのいち三尾","物品","333","あぶらあげ","可偷食材","女忍三尾","油豆腐"
"1252","くのいち三尾","物品","209","ふかふかしっぽ","可偷素材","女忍三尾","蓬松的尾巴"
"1253","もののふ四尾","物品","333","あぶらあげ","掉落","武士四尾","油豆腐"
"1253","もののふ四尾","物品","209","ふかふかしっぽ","掉落","武士四尾","蓬松的尾巴"
"1253","もののふ四尾","武器","1660","兼光","掉落","武士四尾","兼光"
"1253","もののふ四尾","武器","243","無銘の刀","可偷物品","武士四尾","无铭之刀"
"1253","もののふ四尾","防具","1193","契りの杯","可偷物品","武士四尾","契约之杯"
"1253","もののふ四尾","物品","333","あぶらあげ","可偷食材","武士四尾","油豆腐"
"1253","もののふ四尾","物品","209","ふかふかしっぽ","可偷素材","武士四尾","蓬松的尾巴"
"1253","もののふ四尾","防具","1896","サキュバスのふんわりパンツ","可偷内裤","武士四尾","魅魔的蓬松内裤"
"1254","クィーンアント","物品","27","守りの種","掉落","蚁后","守护之种"
"1254","クィーンアント","物品","214","魔虫の羽根","掉落","蚁后","魔虫之羽"
"1254","クィーンアント","防具","3270","トゥルース","掉落","蚁后","真实"
"1255","リリス","物品","28","魔力の種","掉落","莉莉丝","魔力之种"
"1255","リリス","物品","222","艶めかしい尻尾","掉落","莉莉丝","艳丽的尾巴"
"1255","リリス","武器","3868","ドリーム","掉落","莉莉丝","梦"
"1255","リリス","防具","1887","あげはパンツ","可偷内裤","莉莉丝","凤蝶娘的内裤"
"1256","溶岩娘","物品","339","カレー粉","掉落","熔岩娘","咖喱粉"
"1256","溶岩娘","物品","8","バーストドリンク","掉落","熔岩娘","爆发饮料"
"1256","溶岩娘","防具","3202","面","掉落","熔岩娘","面"
"1256","溶岩娘","物品","8","バーストドリンク","可偷物品","熔岩娘","爆发饮料"
"1256","溶岩娘","防具","1202","炎のシンボル","可偷物品","熔岩娘","炎之符号"
"1256","溶岩娘","物品","339","カレー粉","可偷食材","熔岩娘","咖喱粉"
"1256","溶岩娘","物品","52","紅炎石","可偷素材","熔岩娘","红炎石"
"1257","デーモンラミア","武器","2955","失墜","掉落","恶魔拉米亚","失坠"
"1257","デーモンラミア","物品","345","クロワッサン","掉落","恶魔拉米亚","牛角面包"
"1257","デーモンラミア","物品","211","魔性の蛇尾","掉落","恶魔拉米亚","魔性的蛇尾"
"1257","デーモンラミア","物品","21","脱淫薬","可偷物品","恶魔拉米亚","脱淫药"
"1257","デーモンラミア","防具","1192","理力のリング","可偷物品","恶魔拉米亚","理力之戒指"
"1257","デーモンラミア","物品","345","クロワッサン","可偷食材","恶魔拉米亚","牛角面包"
"1257","デーモンラミア","物品","211","魔性の蛇尾","可偷素材","恶魔拉米亚","魔性的蛇尾"
"1258","デーモンスキュラ","物品","325","イカ","掉落","恶魔斯库拉","鱿鱼"
"1258","デーモンスキュラ","物品","202","巻き付く触手","掉落","恶魔斯库拉","缠绕的触手"
"1258","デーモンスキュラ","武器","2661","ウィップ","掉落","恶魔斯库拉","鞭"
"1258","デーモンスキュラ","物品","3","究極薬草","可偷物品","恶魔斯库拉","究极药草"
"1258","デーモンスキュラ","防具","1431","混乱の印","可偷物品","恶魔斯库拉","混乱之印"
"1258","デーモンスキュラ","物品","325","イカ","可偷食材","恶魔斯库拉","鱿鱼"
"1258","デーモンスキュラ","物品","202","巻き付く触手","可偷素材","恶魔斯库拉","缠绕的触手"
"1259","セイレーン","物品","16","気付け薬","掉落","塞壬","提神药"
"1259","セイレーン","物品","227","輝く羽根","掉落","塞壬","闪耀的羽毛"
"1259","セイレーン","武器","3063","ダンサー","掉落","塞壬","舞者"
"1259","セイレーン","物品","16","気付け薬","可偷物品","塞壬","提神药"
"1259","セイレーン","防具","1526","音波のアミュレット","可偷物品","塞壬","音波之护符"
"1259","セイレーン","物品","330","鳥足","可偷食材","塞壬","鸟足"
"1259","セイレーン","物品","227","輝く羽根","可偷素材","塞壬","闪耀的羽毛"
"1260","サンゴ娘","物品","20","金の針","掉落","珊瑚娘","金针"
"1260","サンゴ娘","物品","226","大海の珊瑚","掉落","珊瑚娘","大海的珊瑚"
"1260","サンゴ娘","防具","3462","バックラー","掉落","珊瑚娘","バックラー"
"1260","サンゴ娘","物品","20","金の針","可偷物品","珊瑚娘","金针"
"1260","サンゴ娘","防具","1575","ストーンガード","可偷物品","珊瑚娘","石化防护"
"1260","サンゴ娘","物品","328","うなぎ","可偷食材","珊瑚娘","鳗鱼"
"1260","サンゴ娘","物品","226","大海の珊瑚","可偷素材","珊瑚娘","大海的珊瑚"
"1261","ヒトデ娘","物品","8","バーストドリンク","掉落","海星娘","爆发饮料"
"1261","ヒトデ娘","物品","226","大海の珊瑚","掉落","海星娘","大海的珊瑚"
"1261","ヒトデ娘","武器","3264","トレード","掉落","海星娘","贸易"
"1261","ヒトデ娘","物品","8","バーストドリンク","可偷物品","海星娘","爆发饮料"
"1261","ヒトデ娘","防具","1546","バインドチェック","可偷物品","海星娘","束缚抵抗"
"1261","ヒトデ娘","物品","326","カニ","可偷食材","海星娘","蟹"
"1261","ヒトデ娘","物品","226","大海の珊瑚","可偷素材","海星娘","大海的珊瑚"
"1262","ベルゼバブ","物品","231","魔虫の甲殻","掉落","别西卜","魔虫的甲壳"
"1262","ベルゼバブ","物品","81","輝晶黒闇石","掉落","别西卜","辉晶黑暗石"
"1262","ベルゼバブ","武器","3569","プレイ","掉落","别西卜","Play"
"1263","ベルゼバブ","物品","29","精神の種","掉落","别西卜","精神之种"
"1263","ベルゼバブ","物品","231","魔虫の甲殻","掉落","别西卜","魔虫的甲壳"
"1263","ベルゼバブ","武器","3160","美食","掉落","别西卜","美食"
"1264","ベルゼバブ","物品","27","守りの種","掉落","别西卜","守护之种"
"1264","ベルゼバブ","物品","231","魔虫の甲殻","掉落","别西卜","魔虫的甲壳"
"1264","ベルゼバブ","武器","3657","立法","掉落","别西卜","立法"
"1265","アークジェリー","物品","323","鯛","掉落","电弧水母","鲷鱼"
"1265","アークジェリー","物品","226","大海の珊瑚","掉落","电弧水母","大海的珊瑚"
"1265","アークジェリー","防具","2602","憂鬱","掉落","电弧水母","忧郁"
"1265","アークジェリー","物品","73","激流青水石","可偷物品","电弧水母","激流青水石"
"1265","アークジェリー","防具","1559","パラライガード","可偷物品","电弧水母","麻痹防护"
"1265","アークジェリー","物品","323","鯛","可偷食材","电弧水母","鲷鱼"
"1265","アークジェリー","物品","226","大海の珊瑚","可偷素材","电弧水母","大海的珊瑚"
"1266","エルダースキュラ","物品","202","巻き付く触手","掉落","长老斯库拉","缠绕的触手"
"1266","エルダースキュラ","物品","3","究極薬草","掉落","长老斯库拉","究极药草"
"1266","エルダースキュラ","武器","1754","霞","掉落","长老斯库拉","霞"
"1266","エルダースキュラ","物品","3","究極薬草","可偷物品","长老斯库拉","究极药草"
"1266","エルダースキュラ","武器","607","オリハルコンの鞭","可偷物品","长老斯库拉","奥利哈钢制鞭"
"1266","エルダースキュラ","物品","335","のり","可偷食材","长老斯库拉","海苔"
"1266","エルダースキュラ","物品","202","巻き付く触手","可偷素材","长老斯库拉","缠绕的触手"
"1267","ポセイドネス","物品","26","力の種","掉落","波塞冬尼斯","力量之种"
"1267","ポセイドネス","物品","226","大海の珊瑚","掉落","波塞冬尼斯","大海的珊瑚"
"1267","ポセイドネス","武器","1559","竜槍","掉落","波塞冬尼斯","龙枪"
"1268","サキュバス","物品","415","ホワイトハートチョコ","掉落","魅魔","白心巧克力"
"1268","サキュバス","物品","222","艶めかしい尻尾","掉落","魅魔","艳丽的尾巴"
"1268","サキュバス","武器","3854","愛","掉落","魅魔","爱"
"1268","サキュバス","物品","52","紅炎石","可偷物品","魅魔","红炎石"
"1268","サキュバス","防具","1473","敏感の印","可偷物品","魅魔","敏感之印"
"1268","サキュバス","物品","415","ホワイトハートチョコ","可偷食材","魅魔","白心巧克力"
"1268","サキュバス","物品","222","艶めかしい尻尾","可偷素材","魅魔","艳丽的尾巴"
"1268","サキュバス","防具","1889","ナイトハーピーのパンツ","可偷内裤","魅魔","骑士哈比的内裤"
"1269","サキュバス","物品","419","ロールケーキ","掉落","魅魔","蛋糕卷"
"1269","サキュバス","物品","222","艶めかしい尻尾","掉落","魅魔","艳丽的尾巴"
"1269","サキュバス","防具","3065","エッチ","掉落","魅魔","色情"
"1269","サキュバス","物品","64","緑風石","可偷物品","魅魔","绿风石"
"1269","サキュバス","防具","1476","恍惚の印","可偷物品","魅魔","恍惚之印"
"1269","サキュバス","物品","419","ロールケーキ","可偷食材","魅魔","蛋糕卷"
"1269","サキュバス","物品","222","艶めかしい尻尾","可偷素材","魅魔","艳丽的尾巴"
"1269","サキュバス","防具","1890","くのいち三尾のふんどし","可偷内裤","魅魔","女忍三尾的兜裆布"
"1270","サキュバス","物品","424","アイスクリーム","掉落","魅魔","冰淇淋"
"1270","サキュバス","物品","222","艶めかしい尻尾","掉落","魅魔","艳丽的尾巴"
"1270","サキュバス","防具","3054","性欲","掉落","魅魔","性欲"
"1270","サキュバス","物品","68","橙土石","可偷物品","魅魔","橙土石"
"1270","サキュバス","防具","1479","誘惑の印","可偷物品","魅魔","诱惑之印"
"1270","サキュバス","物品","424","アイスクリーム","可偷食材","魅魔","冰淇淋"
"1270","サキュバス","物品","222","艶めかしい尻尾","可偷素材","魅魔","艳丽的尾巴"
"1270","サキュバス","防具","1891","もののふ四尾のふんどし","可偷内裤","魅魔","武士四尾的兜裆布"
"1271","サキュバス","物品","423","プリン","掉落","魅魔","布丁"
"1271","サキュバス","物品","222","艶めかしい尻尾","掉落","魅魔","艳丽的尾巴"
"1271","サキュバス","武器","2654","拷問","掉落","魅魔","拷问"
"1271","サキュバス","物品","72","青水石","可偷物品","魅魔","青水石"
"1271","サキュバス","防具","1482","失禁の印","可偷物品","魅魔","失禁之印"
"1271","サキュバス","物品","423","プリン","可偷食材","魅魔","布丁"
"1271","サキュバス","物品","222","艶めかしい尻尾","可偷素材","魅魔","艳丽的尾巴"
"1271","サキュバス","防具","1892","リリスパンツ","可偷内裤","魅魔","莉莉丝内裤"
"1272","メイキュバス","物品","418","チョコケーキ","掉落","女仆魅魔","巧克力蛋糕"
"1272","メイキュバス","物品","222","艶めかしい尻尾","掉落","女仆魅魔","艳丽的尾巴"
"1272","メイキュバス","武器","3556","いたずら","掉落","女仆魅魔","恶作剧"
"1272","メイキュバス","物品","21","脱淫薬","可偷物品","女仆魅魔","脱淫药"
"1272","メイキュバス","物品","64","緑風石","可偷物品","女仆魅魔","绿风石"
"1272","メイキュバス","物品","418","チョコケーキ","可偷食材","女仆魅魔","巧克力蛋糕"
"1272","メイキュバス","物品","222","艶めかしい尻尾","可偷素材","女仆魅魔","艳丽的尾巴"
"1272","メイキュバス","防具","1894","サキュバスの赤パンツ","可偷内裤","女仆魅魔","魅魔的红色内裤"
"1273","マキュバス","物品","21","脱淫薬","掉落","魔力魅魔","脱淫药"
"1273","マキュバス","物品","222","艶めかしい尻尾","掉落","魔力魅魔","艳丽的尾巴"
"1273","マキュバス","防具","3063","ビキニ","掉落","魔力魅魔","比基尼"
"1273","マキュバス","物品","21","脱淫薬","可偷物品","魔力魅魔","脱淫药"
"1273","マキュバス","防具","1201","快楽のシンボル","可偷物品","魔力魅魔","快乐之符号"
"1273","マキュバス","物品","394","スパゲティ","可偷食材","魔力魅魔","意大利面"
"1273","マキュバス","物品","222","艶めかしい尻尾","可偷素材","魔力魅魔","艳丽的尾巴"
"1274","ミンキュバス","武器","3463","ロリコン","掉落","幼女魅魔","萝莉控"
"1274","ミンキュバス","物品","415","ホワイトハートチョコ","掉落","幼女魅魔","白心巧克力"
"1274","ミンキュバス","物品","222","艶めかしい尻尾","掉落","幼女魅魔","艳丽的尾巴"
"1274","ミンキュバス","物品","21","脱淫薬","可偷物品","幼女魅魔","脱淫药"
"1274","ミンキュバス","防具","1201","快楽のシンボル","可偷物品","幼女魅魔","快乐之符号"
"1274","ミンキュバス","物品","415","ホワイトハートチョコ","可偷食材","幼女魅魔","白心巧克力"
"1274","ミンキュバス","物品","222","艶めかしい尻尾","可偷素材","幼女魅魔","艳丽的尾巴"
"1275","レンキュバス","武器","3554","幼馴染み","掉落","吸能魅魔","青梅竹马"
"1275","レンキュバス","物品","342","ミルク","掉落","吸能魅魔","牛奶"
"1275","レンキュバス","物品","222","艶めかしい尻尾","掉落","吸能魅魔","艳丽的尾巴"
"1275","レンキュバス","物品","21","脱淫薬","可偷物品","吸能魅魔","脱淫药"
"1275","レンキュバス","防具","1201","快楽のシンボル","可偷物品","吸能魅魔","快乐之符号"
"1275","レンキュバス","物品","342","ミルク","可偷食材","吸能魅魔","牛奶"
"1275","レンキュバス","物品","222","艶めかしい尻尾","可偷素材","吸能魅魔","艳丽的尾巴"
"1276","サキュバス","物品","31","器用さの種","掉落","魅魔","灵巧之种"
"1276","サキュバス","物品","319","じゃがいも","掉落","魅魔","土豆"
"1276","サキュバス","防具","3067","ハイレグ","掉落","魅魔","高叉泳装"
"1277","ナターシャ","物品","180","貴重な羊皮紙","掉落","娜塔莎","珍贵的羊皮纸"
"1277","ナターシャ","物品","5","エルフの霊薬","掉落","娜塔莎","精灵的灵药"
"1277","ナターシャ","武器","3467","タロット","掉落","娜塔莎","塔罗"
"1277","ナターシャ","物品","5","エルフの霊薬","可偷物品","娜塔莎","精灵的灵药"
"1277","ナターシャ","防具","1077","暗黒の指輪","可偷物品","娜塔莎","暗黑之戒"
"1277","ナターシャ","物品","321","とうがらし","可偷食材","娜塔莎","辣椒"
"1277","ナターシャ","物品","180","貴重な羊皮紙","可偷素材","娜塔莎","珍贵的羊皮纸"
"1278","メイドスキュラ","物品","30","素早さの種","掉落","女仆斯库拉","敏捷之种"
"1278","メイドスキュラ","物品","202","巻き付く触手","掉落","女仆斯库拉","缠绕的触手"
"1278","メイドスキュラ","武器","3558","給仕","掉落","女仆斯库拉","侍者"
"1279","マダムインセクト","物品","345","クロワッサン","掉落","昆虫夫人","牛角面包"
"1279","マダムインセクト","物品","214","魔虫の羽根","掉落","昆虫夫人","魔虫之羽"
"1279","マダムインセクト","武器","1353","貴婦人","掉落","昆虫夫人","贵妇人"
"1279","マダムインセクト","物品","60","黄雷石","可偷物品","昆虫夫人","黄雷石"
"1279","マダムインセクト","物品","5","エルフの霊薬","可偷物品","昆虫夫人","精灵的灵药"
"1279","マダムインセクト","物品","345","クロワッサン","可偷食材","昆虫夫人","牛角面包"
"1279","マダムインセクト","物品","214","魔虫の羽根","可偷素材","昆虫夫人","魔虫之羽"
"1280","マダムアンブレラ","物品","325","イカ","掉落","伞夫人","鱿鱼"
"1280","マダムアンブレラ","物品","202","巻き付く触手","掉落","伞夫人","缠绕的触手"
"1280","マダムアンブレラ","防具","3411","ティアラ","掉落","伞夫人","冠饰"
"1280","マダムアンブレラ","物品","3","究極薬草","可偷物品","伞夫人","究极药草"
"1280","マダムアンブレラ","物品","56","蒼氷石","可偷物品","伞夫人","苍冰石"
"1280","マダムアンブレラ","物品","325","イカ","可偷食材","伞夫人","鱿鱼"
"1280","マダムアンブレラ","物品","202","巻き付く触手","可偷素材","伞夫人","缠绕的触手"
"1281","アラディア","物品","224","夜の黒片","掉落","阿拉迪亚","夜的黑片"
"1281","アラディア","武器","2466","ウィッチ","掉落","阿拉迪亚","女巫"
"1281","アラディア","物品","28","魔力の種","掉落","阿拉迪亚","魔力之种"
"1281","アラディア","物品","5","エルフの霊薬","可偷物品","阿拉迪亚","精灵的灵药"
"1281","アラディア","防具","1009","クリスタルオーブ","可偷物品","阿拉迪亚","水晶宝珠"
"1281","アラディア","物品","421","エクレア","可偷食材","阿拉迪亚","闪电泡芙"
"1281","アラディア","物品","224","夜の黒片","可偷素材","阿拉迪亚","夜的黑片"
"1282","キャンディ","物品","419","ロールケーキ","掉落","坎蒂","蛋糕卷"
"1282","キャンディ","物品","425","パフェ","掉落","坎蒂","芭菲"
"1282","キャンディ","武器","1360","貴族","掉落","坎蒂","贵族"
"1282","キャンディ","防具","1909","エリザベートのパンツ","可偷内裤","坎蒂","伊丽莎白的内裤"
"1283","バジリスク娘","武器","1964","クライ","掉落","鸡蛇娘","哭泣"
"1283","バジリスク娘","物品","330","鳥足","掉落","鸡蛇娘","鸟足"
"1283","バジリスク娘","物品","192","不思議な羽根","掉落","鸡蛇娘","不可思议的羽毛"
"1283","バジリスク娘","物品","20","金の針","可偷物品","鸡蛇娘","金针"
"1283","バジリスク娘","防具","1461","石化の印","可偷物品","鸡蛇娘","石化之印"
"1283","バジリスク娘","物品","330","鳥足","可偷食材","鸡蛇娘","鸟足"
"1283","バジリスク娘","物品","192","不思議な羽根","可偷素材","鸡蛇娘","不可思议的羽毛"
"1284","ドラゴン娘","物品","223","竜の牙","掉落","龙娘","龙的牙齿"
"1284","ドラゴン娘","物品","52","紅炎石","掉落","龙娘","红炎石"
"1284","ドラゴン娘","武器","1555","紋章","掉落","龙娘","纹章"
"1284","ドラゴン娘","物品","52","紅炎石","可偷物品","龙娘","红炎石"
"1284","ドラゴン娘","防具","1493","炎のペンダント","可偷物品","龙娘","炎之吊坠"
"1284","ドラゴン娘","物品","358","ハンバーガー","可偷食材","龙娘","汉堡"
"1284","ドラゴン娘","物品","223","竜の牙","可偷素材","龙娘","龙的牙齿"
"1285","サラマンダー","物品","8","バーストドリンク","掉落","萨拉曼达","爆发饮料"
"1285","サラマンダー","物品","52","紅炎石","掉落","萨拉曼达","红炎石"
"1285","サラマンダー","武器","1867","バーニング","掉落","萨拉曼达","燃烧"
"1287","ゼラチナスキューブ娘","物品","422","ゼリー","掉落","凝胶立方娘","果冻"
"1287","ゼラチナスキューブ娘","物品","218","ぐにゅぐにゅゼリー","掉落","凝胶立方娘","咕啾咕啾的果冻"
"1287","ゼラチナスキューブ娘","武器","2861","ブーメラン","掉落","凝胶立方娘","回旋镖"
"1287","ゼラチナスキューブ娘","物品","72","青水石","可偷物品","凝胶立方娘","青水石"
"1287","ゼラチナスキューブ娘","防具","154","水の羽衣","可偷物品","凝胶立方娘","水之羽衣"
"1287","ゼラチナスキューブ娘","物品","422","ゼリー","可偷食材","凝胶立方娘","果冻"
"1287","ゼラチナスキューブ娘","物品","218","ぐにゅぐにゅゼリー","可偷素材","凝胶立方娘","咕啾咕啾的果冻"
"1288","妖鬼","物品","215","鬼の角","掉落","妖鬼","鬼之角"
"1288","妖鬼","物品","3","究極薬草","掉落","妖鬼","究极药草"
"1288","妖鬼","武器","2155","鉄槌","掉落","妖鬼","铁锤"
"1288","妖鬼","物品","3","究極薬草","可偷物品","妖鬼","究极药草"
"1288","妖鬼","物品","215","鬼の角","可偷物品","妖鬼","鬼之角"
"1288","妖鬼","物品","378","すきやき","可偷食材","妖鬼","寿喜烧"
"1288","妖鬼","物品","215","鬼の角","可偷素材","妖鬼","鬼之角"
"1288","妖鬼","防具","1882","マジカルエルフのパンツ","可偷内裤","妖鬼","魔法精灵的内裤"
"1289","虎娘","物品","431","ヤマタイ酒","掉落","虎娘","邪马台酒"
"1289","虎娘","武器","1654","業物","掉落","虎娘","业物"
"1289","虎娘","物品","194","鋭い牙","掉落","虎娘","尖牙"
"1289","虎娘","物品","8","バーストドリンク","可偷物品","虎娘","爆发饮料"
"1289","虎娘","武器","315","オリハルコンの爪","可偷物品","虎娘","奥利哈钢制爪"
"1289","虎娘","物品","431","ヤマタイ酒","可偷食材","虎娘","邪马台酒"
"1289","虎娘","物品","194","鋭い牙","可偷素材","虎娘","尖牙"
"1290","ヴァンパイア","物品","21","脱淫薬","掉落","吸血鬼","脱淫药"
"1290","ヴァンパイア","物品","224","夜の黒片","掉落","吸血鬼","夜的黑片"
"1290","ヴァンパイア","防具","2861","ローブ","掉落","吸血鬼","长袍"
"1290","ヴァンパイア","物品","21","脱淫薬","可偷物品","吸血鬼","脱淫药"
"1290","ヴァンパイア","防具","1057","エルフのマント","可偷物品","吸血鬼","精灵斗篷"
"1290","ヴァンパイア","物品","313","トマト","可偷食材","吸血鬼","番茄"
"1290","ヴァンパイア","物品","224","夜の黒片","可偷素材","吸血鬼","夜的黑片"
"1290","ヴァンパイア","防具","1897","メイキュバスのパンツ","可偷内裤","吸血鬼","女仆魅魔的内裤"
"1291","ジェライラ","物品","22","万能薬","掉落","杰莱拉","万能药"
"1291","ジェライラ","物品","235","混沌の塊","掉落","杰莱拉","混沌的块"
"1291","ジェライラ","武器","2754","囁き","掉落","杰莱拉","低语"
"1291","ジェライラ","物品","22","万能薬","可偷物品","杰莱拉","万能药"
"1291","ジェライラ","防具","1526","音波のアミュレット","可偷物品","杰莱拉","音波之护符"
"1291","ジェライラ","物品","235","混沌の塊","可偷素材","杰莱拉","混沌的块"
"1292","リボ・リボ","物品","233","傀儡歯車","掉落","莉波・莉波","傀儡齿轮"
"1292","リボ・リボ","物品","225","イリス細胞","掉落","莉波・莉波","伊莉丝细胞"
"1292","リボ・リボ","防具","2663","ロウ","掉落","莉波・莉波","罗"
"1292","リボ・リボ","物品","5","エルフの霊薬","可偷物品","莉波・莉波","精灵的灵药"
"1292","リボ・リボ","防具","1538","ステータスガード","可偷物品","莉波・莉波","弱化防护"
"1292","リボ・リボ","物品","235","混沌の塊","可偷素材","莉波・莉波","混沌的块"
"1293","アンフィル","物品","235","混沌の塊","掉落","安菲尔","混沌的块"
"1293","アンフィル","物品","225","イリス細胞","掉落","安菲尔","伊莉丝细胞"
"1293","アンフィル","武器","2653","緊縛","掉落","安菲尔","紧缚"
"1293","アンフィル","物品","3","究極薬草","可偷物品","安菲尔","究极药草"
"1293","アンフィル","防具","1530","バイオアミュレット","可偷物品","安菲尔","生化护符"
"1293","アンフィル","物品","235","混沌の塊","可偷素材","安菲尔","混沌的块"
"1294","ツィンケル","武器","3753","拳銃","掉落","辛克尔","手铳"
"1294","ツィンケル","物品","233","傀儡歯車","掉落","辛克尔","傀儡齿轮"
"1294","ツィンケル","物品","31","器用さの種","掉落","辛克尔","灵巧之种"
"1294","ツィンケル","物品","8","バーストドリンク","可偷物品","辛克尔","爆发饮料"
"1294","ツィンケル","防具","1364","機械の秘伝書","可偷物品","辛克尔","机械之秘传书"
"1294","ツィンケル","物品","235","混沌の塊","可偷素材","辛克尔","混沌的块"
"1295","リリス＆リリム","物品","31","器用さの種","掉落","莉莉斯＆莉莉姆","灵巧之种"
"1295","リリス＆リリム","物品","222","艶めかしい尻尾","掉落","莉莉斯＆莉莉姆","艳丽的尾巴"
"1295","リリス＆リリム","武器","3855","接吻","掉落","莉莉斯＆莉莉姆","接吻"
"1296","エミリ","物品","9","エリクサー","掉落","艾米莉","圣灵药"
"1296","エミリ","物品","27","守りの種","掉落","艾米莉","守护之种"
"1296","エミリ","防具","2968","プリンセス","掉落","艾米莉","公主"
"1297","カサンドラ","物品","29","精神の種","掉落","卡桑德拉","精神之种"
"1297","カサンドラ","物品","218","ぐにゅぐにゅゼリー","掉落","卡桑德拉","咕啾咕啾的果冻"
"1297","カサンドラ","武器","1368","ブラッド","掉落","卡桑德拉","血"
"1298","ウィッチサキュバス","物品","12","世界樹の葉","掉落","女巫魅魔","世界树之叶"
"1298","ウィッチサキュバス","物品","28","魔力の種","掉落","女巫魅魔","魔力之种"
"1298","ウィッチサキュバス","武器","2470","ソーサラー","掉落","女巫魅魔","术士"
"1298","ウィッチサキュバス","防具","1893","サキュバスのVパンツ","可偷内裤","女巫魅魔","魅魔的V型内裤"
"1299","シーアネモネ","物品","323","鯛","掉落","海百合","鲷鱼"
"1299","シーアネモネ","物品","226","大海の珊瑚","掉落","海百合","大海的珊瑚"
"1299","シーアネモネ","武器","1011","ダガー","掉落","海百合","匕首"
"1299","シーアネモネ","物品","5","エルフの霊薬","可偷物品","海百合","精灵的灵药"
"1299","シーアネモネ","防具","1583","センシブガード","可偷物品","海百合","敏感防护"
"1299","シーアネモネ","物品","323","鯛","可偷食材","海百合","鲷鱼"
"1299","シーアネモネ","物品","226","大海の珊瑚","可偷素材","海百合","大海的珊瑚"
"1300","水龍娘","物品","223","竜の牙","掉落","水龙娘","龙的牙齿"
"1300","水龍娘","物品","226","大海の珊瑚","掉落","水龙娘","大海的珊瑚"
"1300","水龍娘","武器","1502","矛","掉落","水龙娘","矛"
"1300","水龍娘","物品","5","エルフの霊薬","可偷物品","水龙娘","精灵的灵药"
"1300","水龍娘","武器","417","大地のハンマー","可偷物品","水龙娘","大地之锤"
"1300","水龍娘","物品","323","鯛","可偷食材","水龙娘","鲷鱼"
"1300","水龍娘","物品","194","鋭い牙","可偷素材","水龙娘","尖牙"
"1301","マンタ娘","物品","226","大海の珊瑚","掉落","蝠鲼娘","大海的珊瑚"
"1301","マンタ娘","防具","2719","フリーダム","掉落","蝠鲼娘","自由"
"1301","マンタ娘","物品","24","命の木の実","掉落","蝠鲼娘","生命之果"
"1301","マンタ娘","物品","12","世界樹の葉","可偷物品","蝠鲼娘","世界树之叶"
"1301","マンタ娘","防具","1097","金の勾玉","可偷物品","蝠鲼娘","金制勾玉"
"1301","マンタ娘","物品","366","カニタマ","可偷食材","蝠鲼娘","蟹玉丼"
"1301","マンタ娘","物品","226","大海の珊瑚","可偷素材","蝠鲼娘","大海的珊瑚"
"1302","イッカク娘","物品","228","大一角","掉落","独角鲸娘","大一角"
"1302","イッカク娘","武器","1653","太刀","掉落","独角鲸娘","太刀"
"1302","イッカク娘","物品","9","エリクサー","掉落","独角鲸娘","圣灵药"
"1302","イッカク娘","物品","9","エリクサー","可偷物品","独角鲸娘","圣灵药"
"1302","イッカク娘","物品","25","不思議な木の実","可偷物品","独角鲸娘","不可思议之果"
"1302","イッカク娘","物品","396","おでん","可偷食材","独角鲸娘","关东煮"
"1302","イッカク娘","物品","228","大一角","可偷素材","独角鲸娘","大一角"
"1303","トリックフェアリー","物品","229","精霊のどんぐり","掉落","捣蛋小仙子","精灵的橡果"
"1303","トリックフェアリー","物品","450","ちぃぱっぱ","掉落","捣蛋小仙子","叽啪啪"
"1303","トリックフェアリー","武器","2353","泉","掉落","捣蛋小仙子","泉"
"1303","トリックフェアリー","物品","5","エルフの霊薬","可偷物品","捣蛋小仙子","精灵的灵药"
"1303","トリックフェアリー","防具","1373","自然感応の秘伝書","可偷物品","捣蛋小仙子","自然感应之秘传书"
"1303","トリックフェアリー","物品","412","うさぎもち","可偷食材","捣蛋小仙子","兔子年糕"
"1303","トリックフェアリー","物品","229","精霊のどんぐり","可偷素材","捣蛋小仙子","精灵的橡果"
"1304","アマゾネスエルフ","物品","5","エルフの霊薬","掉落","亚马逊精灵","精灵的灵药"
"1304","アマゾネスエルフ","物品","230","涙の魔石","掉落","亚马逊精灵","泪的魔石"
"1304","アマゾネスエルフ","武器","2554","密猟","掉落","亚马逊精灵","偷猎"
"1304","アマゾネスエルフ","物品","8","バーストドリンク","可偷物品","亚马逊精灵","爆发饮料"
"1304","アマゾネスエルフ","防具","1710","エルフの魔晶石","可偷物品","亚马逊精灵","精灵的魔晶石"
"1304","アマゾネスエルフ","物品","319","じゃがいも","可偷食材","亚马逊精灵","土豆"
"1304","アマゾネスエルフ","物品","230","涙の魔石","可偷素材","亚马逊精灵","泪的魔石"
"1304","アマゾネスエルフ","防具","1899","妖鬼のふんどし","可偷内裤","亚马逊精灵","妖鬼的兜裆布"
"1305","カーバンクル娘","物品","450","ちぃぱっぱ","掉落","卡班克尔娘","叽啪啪"
"1305","カーバンクル娘","物品","109","魔導書のページ","掉落","卡班克尔娘","魔导书的书页"
"1305","カーバンクル娘","武器","1103","冒険","掉落","卡班克尔娘","冒险"
"1305","カーバンクル娘","物品","5","エルフの霊薬","可偷物品","卡班克尔娘","精灵的灵药"
"1305","カーバンクル娘","防具","1009","クリスタルオーブ","可偷物品","卡班克尔娘","水晶宝珠"
"1305","カーバンクル娘","物品","379","コロッケ","可偷食材","卡班克尔娘","可乐饼"
"1305","カーバンクル娘","物品","65","疾風緑風石","可偷素材","卡班克尔娘","疾风绿风石"
"1306","ジャイガンテック娘","物品","8","バーストドリンク","掉落","巨人娘","爆发饮料"
"1306","ジャイガンテック娘","武器","1307","タワー","掉落","巨人娘","塔"
"1306","ジャイガンテック娘","物品","26","力の種","掉落","巨人娘","力量之种"
"1306","ジャイガンテック娘","物品","8","バーストドリンク","可偷物品","巨人娘","爆发饮料"
"1306","ジャイガンテック娘","防具","1024","巨人の小手","可偷物品","巨人娘","巨人护手"
"1306","ジャイガンテック娘","物品","329","肉","可偷食材","巨人娘","肉"
"1306","ジャイガンテック娘","物品","69","土流橙土石","可偷素材","巨人娘","土流橙土石"
"1306","ジャイガンテック娘","防具","1898","キャンディパンツ","可偷内裤","巨人娘","坎蒂内裤"
"1307","クィーンフェアリー","物品","28","魔力の種","掉落","妖精女王","魔力之种"
"1307","クィーンフェアリー","物品","229","精霊のどんぐり","掉落","妖精女王","精灵的橡果"
"1307","クィーンフェアリー","防具","3666","指輪","掉落","妖精女王","戒指"
"1307","クィーンフェアリー","防具","1900","ヴァンパイアパンツ","可偷内裤","妖精女王","吸血鬼内裤"
"1308","クィーンエルフ","物品","29","精神の種","掉落","精灵女王","精神之种"
"1308","クィーンエルフ","物品","230","涙の魔石","掉落","精灵女王","泪的魔石"
"1308","クィーンエルフ","武器","2559","黄昏","掉落","精灵女王","黄昏"
"1308","クィーンエルフ","防具","1901","ウィッチサキュバスのパンツ","可偷内裤","精灵女王","女巫魅魔的内裤"
"1309","フォレストアルラウネ","物品","232","艶めかしい花びら","掉落","森林阿娜温","艳丽的花瓣"
"1309","フォレストアルラウネ","物品","3","究極薬草","掉落","森林阿娜温","究极药草"
"1309","フォレストアルラウネ","防具","3361","サークレット","掉落","森林阿娜温","头环"
"1309","フォレストアルラウネ","物品","3","究極薬草","可偷物品","森林阿娜温","究极药草"
"1309","フォレストアルラウネ","防具","1609","鞭の勲章","可偷物品","森林阿娜温","鞭子之勋章"
"1309","フォレストアルラウネ","物品","390","クリームシチュー","可偷食材","森林阿娜温","奶油炖菜"
"1309","フォレストアルラウネ","物品","232","艶めかしい花びら","可偷素材","森林阿娜温","艳丽的花瓣"
"1310","フォレストドリアード","物品","232","艶めかしい花びら","掉落","森林树精","艳丽的花瓣"
"1310","フォレストドリアード","物品","5","エルフの霊薬","掉落","森林树精","精灵的灵药"
"1310","フォレストドリアード","防具","2661","アーマー","掉落","森林树精","盔甲"
"1310","フォレストドリアード","物品","5","エルフの霊薬","可偷物品","森林树精","精灵的灵药"
"1310","フォレストドリアード","防具","1230","植物破りの呪符","可偷物品","森林树精","植物破咒符"
"1310","フォレストドリアード","物品","367","パエリア","可偷食材","森林树精","海鲜饭"
"1310","フォレストドリアード","物品","232","艶めかしい花びら","可偷素材","森林树精","艳丽的花瓣"
"1311","ワルラウネ","物品","22","万能薬","掉落","恶娜温","万能药"
"1311","ワルラウネ","物品","232","艶めかしい花びら","掉落","恶娜温","艳丽的花瓣"
"1311","ワルラウネ","武器","3353","感染","掉落","恶娜温","感染"
"1311","ワルラウネ","物品","22","万能薬","可偷物品","恶娜温","万能药"
"1311","ワルラウネ","防具","1194","吸精の薔薇","可偷物品","恶娜温","吸精玫瑰"
"1311","ワルラウネ","物品","393","グラタン","可偷食材","恶娜温","奶汁烤菜"
"1311","ワルラウネ","物品","232","艶めかしい花びら","可偷素材","恶娜温","艳丽的花瓣"
"1312","ドリアード","物品","22","万能薬","掉落","树精","万能药"
"1312","ドリアード","物品","232","艶めかしい花びら","掉落","树精","艳丽的花瓣"
"1312","ドリアード","防具","2562","モンク","掉落","树精","僧侣"
"1312","ドリアード","物品","22","万能薬","可偷物品","树精","万能药"
"1312","ドリアード","防具","1585","ラプチャガード","可偷物品","树精","恍惚防护"
"1312","ドリアード","物品","381","野菜サラダ","可偷食材","树精","蔬菜沙拉"
"1312","ドリアード","物品","232","艶めかしい花びら","可偷素材","树精","艳丽的花瓣"
"1313","ドリアード","武器","3252","商人","掉落","树精","商人"
"1313","ドリアード","物品","232","艶めかしい花びら","掉落","树精","艳丽的花瓣"
"1313","ドリアード","物品","29","精神の種","掉落","树精","精神之种"
"1313","ドリアード","物品","22","万能薬","可偷物品","树精","万能药"
"1313","ドリアード","防具","1549","ポイズンガード","可偷物品","树精","中毒防护"
"1313","ドリアード","物品","380","野菜炒め","可偷食材","树精","炒蔬菜"
"1313","ドリアード","物品","232","艶めかしい花びら","可偷素材","树精","艳丽的花瓣"
"1314","クィーンアルラウネ","物品","5","エルフの霊薬","掉落","阿娜温女王","精灵的灵药"
"1314","クィーンアルラウネ","物品","232","艶めかしい花びら","掉落","阿娜温女王","艳丽的花瓣"
"1314","クィーンアルラウネ","武器","2359","奇跡","掉落","阿娜温女王","奇迹"
"1315","アジ・ダハーカ","物品","223","竜の牙","掉落","阿兹・达哈卡","龙的牙齿"
"1315","アジ・ダハーカ","物品","9","エリクサー","掉落","阿兹・达哈卡","圣灵药"
"1315","アジ・ダハーカ","武器","2060","戦争","掉落","阿兹・达哈卡","战争"
"1315","アジ・ダハーカ","物品","9","エリクサー","可偷物品","阿兹・达哈卡","圣灵药"
"1315","アジ・ダハーカ","防具","1015","覇王のタトゥー","可偷物品","阿兹・达哈卡","霸王纹身"
"1315","アジ・ダハーカ","物品","371","牛丼","可偷食材","阿兹・达哈卡","牛丼"
"1315","アジ・ダハーカ","物品","247","覇竜の牙","可偷素材","阿兹・达哈卡","霸龙的牙齿"
"1316","ナイトマーメイド","物品","234","神秘の鱗","掉落","骑士人鱼","神秘的鳞片"
"1316","ナイトマーメイド","物品","3","究極薬草","掉落","骑士人鱼","究极药草"
"1316","ナイトマーメイド","武器","1205","栄光","掉落","骑士人鱼","荣耀"
"1316","ナイトマーメイド","物品","73","激流青水石","可偷物品","骑士人鱼","激流青水石"
"1316","ナイトマーメイド","防具","1370","海技の秘伝書","可偷物品","骑士人鱼","海技之秘传书"
"1316","ナイトマーメイド","物品","357","サンドウイッチ","可偷食材","骑士人鱼","三明治"
"1316","ナイトマーメイド","物品","234","神秘の鱗","可偷素材","骑士人鱼","神秘的鳞片"
"1317","ジェネラルマーメイド","物品","234","神秘の鱗","掉落","将军人鱼","神秘的鳞片"
"1317","ジェネラルマーメイド","物品","29","精神の種","掉落","将军人鱼","精神之种"
"1317","ジェネラルマーメイド","武器","1563","ハルベルト","掉落","将军人鱼","长矛"
"1317","ジェネラルマーメイド","物品","5","エルフの霊薬","可偷物品","将军人鱼","精灵的灵药"
"1317","ジェネラルマーメイド","防具","1291","槍の書","可偷物品","将军人鱼","枪之书"
"1317","ジェネラルマーメイド","物品","382","フルーツサラダ","可偷食材","将军人鱼","水果沙拉"
"1317","ジェネラルマーメイド","物品","234","神秘の鱗","可偷素材","将军人鱼","神秘的鳞片"
"1318","ローレライ","物品","234","神秘の鱗","掉落","罗蕾莱","神秘的鳞片"
"1318","ローレライ","物品","5","エルフの霊薬","掉落","罗蕾莱","精灵的灵药"
"1318","ローレライ","防具","2713","クロス","掉落","罗蕾莱","十字"
"1318","ローレライ","物品","5","エルフの霊薬","可偷物品","罗蕾莱","精灵的灵药"
"1318","ローレライ","防具","1291","槍の書","可偷物品","罗蕾莱","枪之书"
"1318","ローレライ","物品","382","フルーツサラダ","可偷食材","罗蕾莱","水果沙拉"
"1318","ローレライ","物品","234","神秘の鱗","可偷素材","罗蕾莱","神秘的鳞片"
"1319","エル","物品","25","不思議な木の実","掉落","艾露","不可思议之果"
"1319","エル","物品","234","神秘の鱗","掉落","艾露","神秘的鳞片"
"1319","エル","防具","3359","光","掉落","艾露","光"
"1320","クィーンマーメイド","物品","29","精神の種","掉落","人鱼女王","精神之种"
"1320","クィーンマーメイド","物品","234","神秘の鱗","掉落","人鱼女王","神秘的鳞片"
"1320","クィーンマーメイド","武器","2768","フォーチュン","掉落","人鱼女王","幸运"
"1321","アラクネ","物品","175","蜘蛛の糸","掉落","阿拉克涅","蜘蛛之丝"
"1321","アラクネ","物品","3","究極薬草","掉落","阿拉克涅","究极药草"
"1321","アラクネ","武器","2262","デッド","掉落","阿拉克涅","死亡"
"1321","アラクネ","物品","65","疾風緑風石","可偷物品","阿拉克涅","疾风绿风石"
"1321","アラクネ","防具","1450","スロウの秘印","可偷物品","阿拉克涅","减速之秘印"
"1321","アラクネ","物品","319","じゃがいも","可偷食材","阿拉克涅","土豆"
"1321","アラクネ","物品","175","蜘蛛の糸","可偷素材","阿拉克涅","蜘蛛之丝"
"1322","アラクネ","物品","175","蜘蛛の糸","掉落","阿拉克涅","蜘蛛之丝"
"1322","アラクネ","物品","3","究極薬草","掉落","阿拉克涅","究极药草"
"1322","アラクネ","防具","2651","鎧","掉落","阿拉克涅","铠"
"1322","アラクネ","物品","69","土流橙土石","可偷物品","阿拉克涅","土流橙土石"
"1322","アラクネ","防具","1450","スロウの秘印","可偷物品","阿拉克涅","减速之秘印"
"1322","アラクネ","物品","321","とうがらし","可偷食材","阿拉克涅","辣椒"
"1322","アラクネ","物品","175","蜘蛛の糸","可偷素材","阿拉克涅","蜘蛛之丝"
"1323","アラクネ","物品","175","蜘蛛の糸","掉落","阿拉克涅","蜘蛛之丝"
"1323","アラクネ","物品","3","究極薬草","掉落","阿拉克涅","究极药草"
"1323","アラクネ","防具","3503","兵士","掉落","阿拉克涅","士兵"
"1323","アラクネ","物品","73","激流青水石","可偷物品","阿拉克涅","激流青水石"
"1323","アラクネ","防具","1450","スロウの秘印","可偷物品","阿拉克涅","减速之秘印"
"1323","アラクネ","物品","315","ネギ","可偷食材","阿拉克涅","葱"
"1323","アラクネ","物品","175","蜘蛛の糸","可偷素材","阿拉克涅","蜘蛛之丝"
"1324","あやし土蜘蛛","物品","17","満月草","掉落","诡怪土蜘蛛","满月草"
"1324","あやし土蜘蛛","物品","175","蜘蛛の糸","掉落","诡怪土蜘蛛","蜘蛛之丝"
"1324","あやし土蜘蛛","武器","1760","垂氷","掉落","诡怪土蜘蛛","垂冰"
"1324","あやし土蜘蛛","物品","17","満月草","可偷物品","诡怪土蜘蛛","满月草"
"1324","あやし土蜘蛛","防具","1569","ストップガード","可偷物品","诡怪土蜘蛛","停止防护"
"1324","あやし土蜘蛛","物品","332","豆腐","可偷食材","诡怪土蜘蛛","豆腐"
"1324","あやし土蜘蛛","物品","175","蜘蛛の糸","可偷素材","诡怪土蜘蛛","蜘蛛之丝"
"1325","アラクネロード","物品","22","万能薬","掉落","阿拉克涅领主","万能药"
"1325","アラクネロード","物品","175","蜘蛛の糸","掉落","阿拉克涅领主","蜘蛛之丝"
"1325","アラクネロード","武器","2053","暴力","掉落","阿拉克涅领主","暴力"
"1325","アラクネロード","物品","22","万能薬","可偷物品","阿拉克涅领主","万能药"
"1325","アラクネロード","防具","29","アサルトスーツ","可偷物品","阿拉克涅领主","突击套装"
"1325","アラクネロード","物品","351","プレッツェル","可偷食材","阿拉克涅领主","扭结面包"
"1325","アラクネロード","物品","175","蜘蛛の糸","可偷素材","阿拉克涅领主","蜘蛛之丝"
"1326","アトラク＝ナクア","物品","3","究極薬草","掉落","阿特拉克・纳克亚","究极药草"
"1326","アトラク＝ナクア","物品","175","蜘蛛の糸","掉落","阿特拉克・纳克亚","蜘蛛之丝"
"1326","アトラク＝ナクア","武器","3156","満腹","掉落","阿特拉克・纳克亚","饱腹"
"1326","アトラク＝ナクア","物品","22","万能薬","可偷物品","阿特拉克・纳克亚","万能药"
"1326","アトラク＝ナクア","防具","29","アサルトスーツ","可偷物品","阿特拉克・纳克亚","突击套装"
"1326","アトラク＝ナクア","物品","351","プレッツェル","可偷食材","阿特拉克・纳克亚","扭结面包"
"1326","アトラク＝ナクア","物品","175","蜘蛛の糸","可偷素材","阿特拉克・纳克亚","蜘蛛之丝"
"1327","蜘蛛之皇女","物品","31","器用さの種","掉落","蜘蛛之皇女","灵巧之种"
"1327","蜘蛛之皇女","物品","175","蜘蛛の糸","掉落","蜘蛛之皇女","蜘蛛之丝"
"1327","蜘蛛之皇女","武器","1666","村雨","掉落","蜘蛛之皇女","村雨"
"1328","コンキスタ","物品","21","脱淫薬","掉落","征服者","脱淫药"
"1328","コンキスタ","物品","224","夜の黒片","掉落","征服者","夜的黑片"
"1328","コンキスタ","武器","1003","青春","掉落","征服者","青春"
"1328","コンキスタ","物品","20","金の針","可偷物品","征服者","金针"
"1328","コンキスタ","防具","1216","吸血鬼破りの呪符","可偷物品","征服者","吸血鬼破除的咒符"
"1328","コンキスタ","物品","313","トマト","可偷食材","征服者","番茄"
"1328","コンキスタ","物品","224","夜の黒片","可偷素材","征服者","夜的黑片"
"1329","ヴェンデッタ","物品","22","万能薬","掉落","仇杀者","万能药"
"1329","ヴェンデッタ","物品","224","夜の黒片","掉落","仇杀者","夜的黑片"
"1329","ヴェンデッタ","武器","2456","憎悪","掉落","仇杀者","憎恶"
"1329","ヴェンデッタ","物品","20","金の針","可偷物品","仇杀者","金针"
"1329","ヴェンデッタ","防具","1216","吸血鬼破りの呪符","可偷物品","仇杀者","吸血鬼破除的咒符"
"1329","ヴェンデッタ","物品","313","トマト","可偷食材","仇杀者","番茄"
"1329","ヴェンデッタ","物品","224","夜の黒片","可偷素材","仇杀者","夜的黑片"
"1330","エルダーヴァンパイア","物品","20","金の針","掉落","长老吸血鬼","金针"
"1330","エルダーヴァンパイア","物品","224","夜の黒片","掉落","长老吸血鬼","夜的黑片"
"1330","エルダーヴァンパイア","防具","3255","意志","掉落","长老吸血鬼","意志"
"1330","エルダーヴァンパイア","物品","20","金の針","可偷物品","长老吸血鬼","金针"
"1330","エルダーヴァンパイア","防具","1216","吸血鬼破りの呪符","可偷物品","长老吸血鬼","吸血鬼破除的咒符"
"1330","エルダーヴァンパイア","物品","313","トマト","可偷食材","长老吸血鬼","番茄"
"1330","エルダーヴァンパイア","物品","224","夜の黒片","可偷素材","长老吸血鬼","夜的黑片"
"1331","カーミラ","物品","224","夜の黒片","掉落","卡米拉","夜的黑片"
"1331","カーミラ","物品","3","究極薬草","掉落","卡米拉","究极药草"
"1331","カーミラ","防具","2869","ドグマ","掉落","卡米拉","教义"
"1331","カーミラ","物品","3","究極薬草","可偷物品","卡米拉","究极药草"
"1331","カーミラ","防具","1250","雷の秘伝書","可偷物品","卡米拉","雷之秘传书"
"1331","カーミラ","物品","382","フルーツサラダ","可偷食材","卡米拉","水果沙拉"
"1331","カーミラ","物品","224","夜の黒片","可偷素材","卡米拉","夜的黑片"
"1331","カーミラ","防具","1910","吸血女王のパンツ","可偷内裤","卡米拉","吸血女王的内裤"
"1332","エリザベート","物品","224","夜の黒片","掉落","伊丽莎白","夜的黑片"
"1332","エリザベート","物品","3","究極薬草","掉落","伊丽莎白","究极药草"
"1332","エリザベート","防具","2708","魔鎧","掉落","伊丽莎白","魔铠"
"1332","エリザベート","物品","3","究極薬草","可偷物品","伊丽莎白","究极药草"
"1332","エリザベート","防具","1048","千里眼の櫛","可偷物品","伊丽莎白","千里眼梳子"
"1332","エリザベート","物品","386","ローストチキン","可偷食材","伊丽莎白","烤鸡"
"1332","エリザベート","物品","224","夜の黒片","可偷素材","伊丽莎白","夜的黑片"
"1332","エリザベート","防具","1911","マスターシャドウのパンツ","可偷内裤","伊丽莎白","幽影之主的内裤"
"1333","クィーンヴァンパイア","物品","28","魔力の種","掉落","吸血鬼女王","魔力之种"
"1333","クィーンヴァンパイア","物品","224","夜の黒片","掉落","吸血鬼女王","夜的黑片"
"1333","クィーンヴァンパイア","武器","1009","雷鳴","掉落","吸血鬼女王","雷鸣"
"1333","クィーンヴァンパイア","防具","1912","キリンパンツ","可偷内裤","吸血鬼女王","麒麟内裤"
"1334","マスターシャドウ","物品","210","妖怪の髪","掉落","幽影之主","妖怪的头发"
"1334","マスターシャドウ","物品","5","エルフの霊薬","掉落","幽影之主","精灵的灵药"
"1334","マスターシャドウ","武器","2252","悲鳴","掉落","幽影之主","尖叫"
"1334","マスターシャドウ","物品","5","エルフの霊薬","可偷物品","幽影之主","精灵的灵药"
"1334","マスターシャドウ","防具","1400","屍技の秘伝書","可偷物品","幽影之主","尸技之秘传书"
"1334","マスターシャドウ","物品","311","なすび","可偷食材","幽影之主","茄子"
"1334","マスターシャドウ","物品","210","妖怪の髪","可偷素材","幽影之主","妖怪的头发"
"1334","マスターシャドウ","防具","1922","キューピッドのパンツ","可偷内裤","幽影之主","丘比特的内裤"
"1335","煙々羅","武器","1752","小太刀","掉落","烟烟罗","小太刀"
"1335","煙々羅","物品","236","妖力の結晶","掉落","烟烟罗","妖力的结晶"
"1335","煙々羅","物品","25","不思議な木の実","掉落","烟烟罗","不可思议之果"
"1335","煙々羅","物品","22","万能薬","可偷物品","烟烟罗","万能药"
"1335","煙々羅","防具","1214","妖怪破りの呪符","可偷物品","烟烟罗","妖怪破除的咒符"
"1335","煙々羅","物品","408","おだんご","可偷食材","烟烟罗","团子"
"1335","煙々羅","物品","236","妖力の結晶","可偷素材","烟烟罗","妖力的结晶"
"1336","麒麟","物品","236","妖力の結晶","掉落","麒麟","妖力的结晶"
"1336","麒麟","物品","5","エルフの霊薬","掉落","麒麟","精灵的灵药"
"1336","麒麟","武器","1566","チャージ","掉落","麒麟","充能"
"1336","麒麟","物品","5","エルフの霊薬","可偷物品","麒麟","精灵的灵药"
"1336","麒麟","防具","1250","雷の秘伝書","可偷物品","麒麟","雷之秘传书"
"1336","麒麟","物品","403","たこ焼き","可偷食材","麒麟","章鱼烧"
"1336","麒麟","物品","236","妖力の結晶","可偷素材","麒麟","妖力的结晶"
"1336","麒麟","防具","1923","ヴァルキリーのパンツ","可偷内裤","麒麟","瓦尔基里穿过的内裤"
"1337","蛇骨女","物品","236","妖力の結晶","掉落","蛇骨女","妖力的结晶"
"1337","蛇骨女","武器","2962","ブレイク","掉落","蛇骨女","破坏"
"1337","蛇骨女","物品","28","魔力の種","掉落","蛇骨女","魔力之种"
"1337","蛇骨女","物品","5","エルフの霊薬","可偷物品","蛇骨女","精灵的灵药"
"1337","蛇骨女","防具","1382","蛇技の秘伝書","可偷物品","蛇骨女","蛇技之秘传书"
"1337","蛇骨女","物品","383","焼き魚","可偷食材","蛇骨女","烤鱼"
"1337","蛇骨女","物品","236","妖力の結晶","可偷素材","蛇骨女","妖力的结晶"
"1337","蛇骨女","防具","1926","タイタニアのパンツ","可偷内裤","蛇骨女","缇坦妮雅的内裤"
"1338","ベヒーモス娘","武器","1953","猟犬","掉落","贝希摩斯娘","猎犬"
"1338","ベヒーモス娘","物品","238","狂獣の爪","掉落","贝希摩斯娘","狂兽的爪子"
"1338","ベヒーモス娘","物品","26","力の種","掉落","贝希摩斯娘","力量之种"
"1338","ベヒーモス娘","物品","8","バーストドリンク","可偷物品","贝希摩斯娘","爆发饮料"
"1338","ベヒーモス娘","防具","1379","獣技の秘伝書","可偷物品","贝希摩斯娘","兽技之秘传书"
"1338","ベヒーモス娘","物品","371","牛丼","可偷食材","贝希摩斯娘","牛丼"
"1338","ベヒーモス娘","物品","238","狂獣の爪","可偷素材","贝希摩斯娘","狂兽的爪子"
"1339","ワイバーン","物品","237","真竜の牙","掉落","飞龙","真龙的牙齿"
"1339","ワイバーン","物品","3","究極薬草","掉落","飞龙","究极药草"
"1339","ワイバーン","武器","1554","革命","掉落","飞龙","革命"
"1339","ワイバーン","物品","3","究極薬草","可偷物品","飞龙","究极药草"
"1339","ワイバーン","防具","1494","炎のアミュレット","可偷物品","飞龙","炎之护符"
"1339","ワイバーン","物品","386","ローストチキン","可偷食材","飞龙","烤鸡"
"1339","ワイバーン","物品","237","真竜の牙","可偷素材","飞龙","真龙的牙齿"
"1340","巨竜娘","物品","237","真竜の牙","掉落","巨龙娘","真龙的牙齿"
"1340","巨竜娘","物品","27","守りの種","掉落","巨龙娘","守护之种"
"1340","巨竜娘","防具","2812","タートル","掉落","巨龙娘","龟壳"
"1340","巨竜娘","物品","237","真竜の牙","可偷物品","巨龙娘","真龙的牙齿"
"1340","巨竜娘","防具","1024","巨人の小手","可偷物品","巨龙娘","巨人护手"
"1340","巨竜娘","物品","435","アメ玉","可偷食材","巨龙娘","糖球"
"1340","巨竜娘","物品","237","真竜の牙","可偷素材","巨龙娘","真龙的牙齿"
"1341","モンクサキュバス","物品","8","バーストドリンク","掉落","僧侣魅魔","爆发饮料"
"1341","モンクサキュバス","物品","222","艶めかしい尻尾","掉落","僧侣魅魔","艳丽的尾巴"
"1341","モンクサキュバス","武器","1854","鉄拳","掉落","僧侣魅魔","铁拳"
"1341","モンクサキュバス","物品","8","バーストドリンク","可偷物品","僧侣魅魔","爆发饮料"
"1341","モンクサキュバス","防具","1083","達人の黒帯","可偷物品","僧侣魅魔","达人的黑带"
"1341","モンクサキュバス","物品","358","ハンバーガー","可偷食材","僧侣魅魔","汉堡"
"1341","モンクサキュバス","物品","222","艶めかしい尻尾","可偷素材","僧侣魅魔","艳丽的尾巴"
"1341","モンクサキュバス","防具","1924","ソニアパンツ","可偷内裤","僧侣魅魔","索尼娅的内裤"
"1342","モンクデーモン","物品","236","妖力の結晶","掉落","僧侣恶魔","妖力的结晶"
"1342","モンクデーモン","物品","3","究極薬草","掉落","僧侣恶魔","究极药草"
"1342","モンクデーモン","武器","1865","パンチ","掉落","僧侣恶魔","拳击"
"1342","モンクデーモン","物品","3","究極薬草","可偷物品","僧侣恶魔","究极药草"
"1342","モンクデーモン","防具","1301","拳の秘伝書","可偷物品","僧侣恶魔","拳套之秘传书"
"1342","モンクデーモン","物品","402","ホットドッグ","可偷食材","僧侣恶魔","热狗"
"1342","モンクデーモン","物品","236","妖力の結晶","可偷素材","僧侣恶魔","妖力的结晶"
"1342","モンクデーモン","防具","1925","フェルナンデスのパンツ","可偷内裤","僧侣恶魔","费尔南德斯的内裤"
"1343","スキュラサーバント","物品","202","巻き付く触手","掉落","斯库拉女仆","缠绕的触手"
"1343","スキュラサーバント","物品","3","究極薬草","掉落","斯库拉女仆","究极药草"
"1343","スキュラサーバント","武器","3562","ディッシュ","掉落","斯库拉女仆","碟子"
"1343","スキュラサーバント","物品","3","究極薬草","可偷物品","斯库拉女仆","究极药草"
"1343","スキュラサーバント","防具","1618","皿の勲章","可偷物品","斯库拉女仆","盘之勋章"
"1343","スキュラサーバント","物品","393","グラタン","可偷食材","斯库拉女仆","奶汁烤菜"
"1343","スキュラサーバント","物品","202","巻き付く触手","可偷素材","斯库拉女仆","缠绕的触手"
"1344","ヴィーヴル娘","物品","236","妖力の結晶","掉落","薇薇尔娘","妖力的结晶"
"1344","ヴィーヴル娘","物品","5","エルフの霊薬","掉落","薇薇尔娘","精灵的灵药"
"1344","ヴィーヴル娘","武器","2365","ライト","掉落","薇薇尔娘","光明"
"1344","ヴィーヴル娘","物品","5","エルフの霊薬","可偷物品","薇薇尔娘","精灵的灵药"
"1344","ヴィーヴル娘","防具","1367","魔技の秘伝書","可偷物品","薇薇尔娘","魔技之秘传书"
"1344","ヴィーヴル娘","物品","350","チョココロネ","可偷食材","薇薇尔娘","巧克力螺旋面包"
"1344","ヴィーヴル娘","物品","236","妖力の結晶","可偷素材","薇薇尔娘","妖力的结晶"
"1345","黒華","物品","9","エリクサー","掉落","黑华","圣灵药"
"1345","黒華","物品","31","器用さの種","掉落","黑华","灵巧之种"
"1345","黒華","武器","3869","サキュバス","掉落","黑华","魅魔"
"1345","黒華","防具","1928","玉藻のふんどし","可偷内裤","黑华","玉藻的兜裆布"
"1346","黒蛇","物品","26","力の種","掉落","黑蛇","力量之种"
"1346","黒蛇","物品","220","メデューサの蛇","掉落","黑蛇","美杜莎的蛇"
"1346","黒蛇","防具","2720","マクシミリアン","掉落","黑蛇","马克西米利安式板甲"
"1347","黒薔薇","物品","22","万能薬","掉落","黑蔷薇","万能药"
"1347","黒薔薇","物品","27","守りの種","掉落","黑蔷薇","守护之种"
"1347","黒薔薇","武器","1210","王者","掉落","黑蔷薇","王者"
"1347","黒薔薇","防具","1929","ホリィパンツ","可偷内裤","黑蔷薇","霍莉内裤"
"1348","黒のアリス","物品","6","イリアスの霊薬","掉落","黑之爱丽丝","伊莉娅丝的灵药"
"1348","黒のアリス","物品","243","禍々しい結晶","掉落","黑之爱丽丝","不祥的结晶"
"1348","黒のアリス","防具","2968","プリンセス","掉落","黑之爱丽丝","公主"
"1348","黒のアリス","防具","1930","リノアパンツ","可偷内裤","黑之爱丽丝","莉诺雅内裤"
"1349","黒のアリス","物品","9","エリクサー","掉落","黑之爱丽丝","圣灵药"
"1349","黒のアリス","物品","243","禍々しい結晶","掉落","黑之爱丽丝","不祥的结晶"
"1349","黒のアリス","武器","2468","セプター","掉落","黑之爱丽丝","权杖"
"1350","黒のアリス","物品","10","ラストエリクサー","掉落","黑之爱丽丝","最终圣灵药"
"1350","黒のアリス","物品","243","禍々しい結晶","掉落","黑之爱丽丝","不祥的结晶"
"1350","黒のアリス","防具","3673","アミュレット","掉落","黑之爱丽丝","护符"
"1351","氷の魔女","物品","236","妖力の結晶","掉落","冰之魔女","妖力的结晶"
"1351","氷の魔女","物品","5","エルフの霊薬","掉落","冰之魔女","精灵的灵药"
"1351","氷の魔女","武器","2455","呪い","掉落","冰之魔女","诅咒"
"1351","氷の魔女","物品","5","エルフの霊薬","可偷物品","冰之魔女","精灵的灵药"
"1351","氷の魔女","防具","1498","氷のアミュレット","可偷物品","冰之魔女","冰之护符"
"1351","氷の魔女","物品","424","アイスクリーム","可偷食材","冰之魔女","冰淇淋"
"1351","氷の魔女","物品","236","妖力の結晶","可偷素材","冰之魔女","妖力的结晶"
"1351","氷の魔女","防具","1931","ハイネパンツ","可偷内裤","冰之魔女","海涅内裤"
"1352","シロクマ娘","物品","416","くまさんチョコ","掉落","白熊娘","熊熊巧克力"
"1352","シロクマ娘","物品","238","狂獣の爪","掉落","白熊娘","狂兽的爪子"
"1352","シロクマ娘","武器","1865","パンチ","掉落","白熊娘","拳击"
"1352","シロクマ娘","物品","57","凍結蒼氷石","可偷物品","白熊娘","冻结苍冰石"
"1352","シロクマ娘","防具","1304","牙の秘伝書","可偷物品","白熊娘","牙之秘传书"
"1352","シロクマ娘","物品","416","くまさんチョコ","可偷食材","白熊娘","熊熊巧克力"
"1352","シロクマ娘","物品","238","狂獣の爪","可偷素材","白熊娘","狂兽的爪子"
"1353","天使兵","物品","241","天使の羽根","掉落","天使兵","天使的羽毛"
"1353","天使兵","物品","3","究極薬草","掉落","天使兵","究极药草"
"1353","天使兵","武器","2652","束縛","掉落","天使兵","束缚"
"1353","天使兵","物品","3","究極薬草","可偷物品","天使兵","究极药草"
"1353","天使兵","物品","77","天空白聖石","可偷物品","天使兵","天空白圣石"
"1353","天使兵","物品","329","肉","可偷食材","天使兵","肉"
"1353","天使兵","物品","241","天使の羽根","可偷素材","天使兵","天使的羽毛"
"1353","天使兵","防具","1933","ギャルのパンツ","可偷内裤","天使兵","辣妹的内裤"
"1354","天使兵","物品","8","バーストドリンク","掉落","天使兵","爆发饮料"
"1354","天使兵","物品","241","天使の羽根","掉落","天使兵","天使的羽毛"
"1354","天使兵","防具","2703","自由","掉落","天使兵","自由"
"1354","天使兵","物品","8","バーストドリンク","可偷物品","天使兵","爆发饮料"
"1354","天使兵","物品","77","天空白聖石","可偷物品","天使兵","天空白圣石"
"1354","天使兵","物品","319","じゃがいも","可偷食材","天使兵","土豆"
"1354","天使兵","物品","241","天使の羽根","可偷素材","天使兵","天使的羽毛"
"1354","天使兵","防具","1933","ギャルのパンツ","可偷内裤","天使兵","辣妹的内裤"
"1355","天使兵","物品","241","天使の羽根","掉落","天使兵","天使的羽毛"
"1355","天使兵","武器","1213","ブレイブ","掉落","天使兵","勇气"
"1355","天使兵","物品","6","イリアスの霊薬","掉落","天使兵","伊莉娅丝的灵药"
"1355","天使兵","物品","77","天空白聖石","可偷物品","天使兵","天空白圣石"
"1355","天使兵","物品","6","イリアスの霊薬","可偷物品","天使兵","伊莉娅丝的灵药"
"1355","天使兵","物品","316","タマネギ","可偷食材","天使兵","洋葱"
"1355","天使兵","物品","241","天使の羽根","可偷素材","天使兵","天使的羽毛"
"1355","天使兵","防具","1933","ギャルのパンツ","可偷内裤","天使兵","辣妹的内裤"
"1356","天使兵","物品","22","万能薬","掉落","天使兵","万能药"
"1356","天使兵","物品","241","天使の羽根","掉落","天使兵","天使的羽毛"
"1356","天使兵","武器","3862","ホール","掉落","天使兵","洞"
"1356","天使兵","物品","22","万能薬","可偷物品","天使兵","万能药"
"1356","天使兵","物品","77","天空白聖石","可偷物品","天使兵","天空白圣石"
"1356","天使兵","物品","339","カレー粉","可偷食材","天使兵","咖喱粉"
"1356","天使兵","物品","241","天使の羽根","可偷素材","天使兵","天使的羽毛"
"1356","天使兵","防具","1933","ギャルのパンツ","可偷内裤","天使兵","辣妹的内裤"
"1357","天使兵","物品","241","天使の羽根","掉落","天使兵","天使的羽毛"
"1357","天使兵","武器","3361","メス","掉落","天使兵","手术刀"
"1357","天使兵","物品","12","世界樹の葉","掉落","天使兵","世界树之叶"
"1357","天使兵","物品","77","天空白聖石","可偷物品","天使兵","天空白圣石"
"1357","天使兵","物品","12","世界樹の葉","可偷物品","天使兵","世界树之叶"
"1357","天使兵","物品","360","ライス","可偷食材","天使兵","米饭"
"1357","天使兵","物品","241","天使の羽根","可偷素材","天使兵","天使的羽毛"
"1357","天使兵","防具","1933","ギャルのパンツ","可偷内裤","天使兵","辣妹的内裤"
"1358","トリニティ","物品","241","天使の羽根","掉落","三位一体","天使的羽毛"
"1358","トリニティ","武器","2753","音色","掉落","三位一体","音色"
"1358","トリニティ","物品","29","精神の種","掉落","三位一体","精神之种"
"1358","トリニティ","物品","6","イリアスの霊薬","可偷物品","三位一体","伊莉娅丝的灵药"
"1358","トリニティ","防具","1406","歌奥義書","可偷物品","三位一体","歌奥义书"
"1358","トリニティ","物品","424","アイスクリーム","可偷食材","三位一体","冰淇淋"
"1358","トリニティ","物品","241","天使の羽根","可偷素材","三位一体","天使的羽毛"
"1358","トリニティ","防具","1934","ターサのパンツ","可偷内裤","三位一体","塔莎的内裤"
"1359","トリニティ","物品","424","アイスクリーム","掉落","三位一体","冰淇淋"
"1359","トリニティ","物品","241","天使の羽根","掉落","三位一体","天使的羽毛"
"1359","トリニティ","防具","2865","ホープ","掉落","三位一体","希望"
"1359","トリニティ","物品","77","天空白聖石","可偷物品","三位一体","天空白圣石"
"1359","トリニティ","物品","9","エリクサー","可偷物品","三位一体","圣灵药"
"1359","トリニティ","物品","424","アイスクリーム","可偷食材","三位一体","冰淇淋"
"1359","トリニティ","物品","241","天使の羽根","可偷素材","三位一体","天使的羽毛"
"1359","トリニティ","防具","1934","ターサのパンツ","可偷内裤","三位一体","塔莎的内裤"
"1360","トリニティ","物品","241","天使の羽根","掉落","三位一体","天使的羽毛"
"1360","トリニティ","物品","3","究極薬草","掉落","三位一体","究极药草"
"1360","トリニティ","防具","2954","処女","掉落","三位一体","处女"
"1360","トリニティ","物品","3","究極薬草","可偷物品","三位一体","究极药草"
"1360","トリニティ","防具","1268","音波の秘伝書","可偷物品","三位一体","音波之秘传书"
"1360","トリニティ","物品","424","アイスクリーム","可偷食材","三位一体","冰淇淋"
"1360","トリニティ","物品","241","天使の羽根","可偷素材","三位一体","天使的羽毛"
"1360","トリニティ","防具","1934","ターサのパンツ","可偷内裤","三位一体","塔莎的内裤"
"1361","ウラヌス","物品","241","天使の羽根","掉落","乌拉诺斯","天使的羽毛"
"1361","ウラヌス","物品","3","究極薬草","掉落","乌拉诺斯","究极药草"
"1361","ウラヌス","武器","1853","爪","掉落","乌拉诺斯","爪"
"1361","ウラヌス","物品","3","究極薬草","可偷物品","乌拉诺斯","究极药草"
"1361","ウラヌス","物品","24","命の木の実","可偷物品","乌拉诺斯","生命之果"
"1361","ウラヌス","物品","348","メロンパン","可偷食材","乌拉诺斯","蜜瓜包"
"1361","ウラヌス","物品","241","天使の羽根","可偷素材","乌拉诺斯","天使的羽毛"
"1362","エリシエル","物品","301","りんご","掉落","伊利西艾尔","苹果"
"1362","エリシエル","武器","2661","ウィップ","掉落","伊利西艾尔","鞭"
"1362","エリシエル","物品","241","天使の羽根","掉落","伊利西艾尔","天使的羽毛"
"1362","エリシエル","物品","22","万能薬","可偷物品","伊利西艾尔","万能药"
"1362","エリシエル","防具","1409","花粉奥義書","可偷物品","伊利西艾尔","花粉奥义书"
"1362","エリシエル","物品","301","りんご","可偷食材","伊利西艾尔","苹果"
"1362","エリシエル","物品","240","イデア細胞","可偷素材","伊利西艾尔","伊迪亚细胞"
"1363","キューピッド","物品","241","天使の羽根","掉落","丘比特","天使的羽毛"
"1363","キューピッド","物品","5","エルフの霊薬","掉落","丘比特","精灵的灵药"
"1363","キューピッド","武器","2561","アロー","掉落","丘比特","箭矢"
"1363","キューピッド","物品","6","イリアスの霊薬","可偷物品","丘比特","伊莉娅丝的灵药"
"1363","キューピッド","防具","1636","狩人の悟り","可偷物品","丘比特","猎人的领悟"
"1363","キューピッド","物品","425","パフェ","可偷食材","丘比特","芭菲"
"1363","キューピッド","物品","252","奇跡の羽根","可偷素材","丘比特","奇迹的羽毛"
"1363","キューピッド","防具","1954","死神のパンツ","可偷内裤","丘比特","死神的内裤"
"1364","ヴァルキリー","物品","7","ブーストドリンク","掉落","瓦尔基里","能量饮料"
"1364","ヴァルキリー","物品","241","天使の羽根","掉落","瓦尔基里","天使的羽毛"
"1364","ヴァルキリー","武器","1552","戦槍","掉落","瓦尔基里","战枪"
"1364","ヴァルキリー","物品","8","バーストドリンク","可偷物品","瓦尔基里","爆发饮料"
"1364","ヴァルキリー","防具","1632","竜騎士の悟り","可偷物品","瓦尔基里","龙骑士的领悟"
"1364","ヴァルキリー","物品","378","すきやき","可偷食材","瓦尔基里","寿喜烧"
"1364","ヴァルキリー","物品","252","奇跡の羽根","可偷素材","瓦尔基里","奇迹的羽毛"
"1364","ヴァルキリー","防具","1955","ミカエラのパンツ","可偷内裤","瓦尔基里","米迦艾拉的内裤"
"1365","エデン","物品","30","素早さの種","掉落","伊甸","敏捷之种"
"1365","エデン","物品","241","天使の羽根","掉落","伊甸","天使的羽毛"
"1365","エデン","武器","1555","紋章","掉落","伊甸","纹章"
"1366","ヘリエル","物品","77","天空白聖石","掉落","海莉艾尔","天空白圣石"
"1366","ヘリエル","物品","6","イリアスの霊薬","掉落","海莉艾尔","伊莉娅丝的灵药"
"1366","ヘリエル","武器","2866","チャクラム","掉落","海莉艾尔","查克拉姆"
"1366","ヘリエル","物品","6","イリアスの霊薬","可偷物品","海莉艾尔","伊莉娅丝的灵药"
"1366","ヘリエル","防具","1063","秘宝のかんざし","可偷物品","海莉艾尔","秘宝发簪"
"1366","ヘリエル","物品","376","ハンバーグ","可偷食材","海莉艾尔","汉堡肉"
"1366","ヘリエル","物品","77","天空白聖石","可偷素材","海莉艾尔","天空白圣石"
"1367","アルシエル","物品","241","天使の羽根","掉落","艾尔西艾尔","天使的羽毛"
"1367","アルシエル","武器","2366","ワンダー","掉落","艾尔西艾尔","奇迹"
"1367","アルシエル","物品","9","エリクサー","掉落","艾尔西艾尔","圣灵药"
"1367","アルシエル","物品","9","エリクサー","可偷物品","艾尔西艾尔","圣灵药"
"1367","アルシエル","防具","1272","バイオの極意書","可偷物品","艾尔西艾尔","生化之极意书"
"1367","アルシエル","物品","355","エッグベーグルサンド","可偷食材","艾尔西艾尔","鸡蛋贝果三明治"
"1367","アルシエル","物品","247","覇竜の牙","可偷素材","艾尔西艾尔","霸龙的牙齿"
"1368","ソニアマズダ","物品","28","魔力の種","掉落","索尼娅・马兹达","魔力之种"
"1368","ソニアマズダ","物品","37","天使の種","掉落","索尼娅・马兹达","天使之种"
"1368","ソニアマズダ","防具","3675","エンゲージリング","掉落","索尼娅・马兹达","订婚戒指"
"1368","ソニアマズダ","防具","1938","ヴィヌムのパンツ","可偷内裤","索尼娅・马兹达","薇诺姆的内裤"
"1369","ソニアマンユ","物品","31","器用さの種","掉落","索尼娅・曼纽","灵巧之种"
"1369","ソニアマンユ","物品","42","超職の種","掉落","索尼娅・曼纽","超职之种"
"1369","ソニアマンユ","防具","3667","勾玉","掉落","索尼娅・曼纽","勾玉"
"1369","ソニアマンユ","防具","1938","ヴィヌムのパンツ","可偷内裤","索尼娅・曼纽","薇诺姆的内裤"
"1370","ソニアカオス","物品","24","命の木の実","掉落","索尼娅・卡奥斯","生命之果"
"1370","ソニアカオス","物品","81","輝晶黒闇石","掉落","索尼娅・卡奥斯","辉晶黑暗石"
"1370","ソニアカオス","防具","3675","エンゲージリング","掉落","索尼娅・卡奥斯","订婚戒指"
"1370","ソニアカオス","防具","1938","ヴィヌムのパンツ","可偷内裤","索尼娅・卡奥斯","薇诺姆的内裤"
"1371","ミカエラ","武器","1208","聖剣","掉落","米迦艾拉","圣剑"
"1371","ミカエラ","防具","1545","熾天使のお守り","掉落","米迦艾拉","炽天使护符"
"1371","ミカエラ","武器","116","天軍の剣","掉落","米迦艾拉","天军之剑"
"1371","ミカエラ","防具","1938","ヴィヌムのパンツ","可偷内裤","米迦艾拉","薇诺姆的内裤"
"1372","ルシフィナ","武器","2557","聖弓","掉落","路西菲娜","圣弓"
"1372","ルシフィナ","防具","1545","熾天使のお守り","掉落","路西菲娜","炽天使护符"
"1372","ルシフィナ","防具","325","明星の盾","掉落","路西菲娜","明星之盾"
"1372","ルシフィナ","防具","1938","ヴィヌムのパンツ","可偷内裤","路西菲娜","薇诺姆的内裤"
"1373","キメラビースト","物品","215","鬼の角","掉落","奇美拉兽","鬼之角"
"1373","キメラビースト","物品","239","きらめく結晶","掉落","奇美拉兽","闪耀的结晶"
"1373","キメラビースト","武器","1853","爪","掉落","奇美拉兽","爪"
"1373","キメラビースト","物品","3","究極薬草","可偷物品","奇美拉兽","究极药草"
"1373","キメラビースト","防具","1127","重バリア発生装置","可偷物品","奇美拉兽","重屏障发生装置"
"1373","キメラビースト","物品","329","肉","可偷食材","奇美拉兽","肉"
"1373","キメラビースト","物品","225","イリス細胞","可偷素材","奇美拉兽","伊莉丝细胞"
"1374","S-2","物品","218","ぐにゅぐにゅゼリー","掉落","S-2","咕啾咕啾的果冻"
"1374","S-2","物品","240","イデア細胞","掉落","S-2","伊迪亚细胞"
"1374","S-2","防具","2611","プレート","掉落","S-2","胸甲"
"1374","S-2","物品","3","究極薬草","可偷物品","S-2","究极药草"
"1374","S-2","防具","225","流星の魔兜","可偷物品","S-2","流星制魔头盔"
"1374","S-2","物品","414","チョコレート","可偷食材","S-2","巧克力"
"1374","S-2","物品","225","イリス細胞","可偷素材","S-2","伊莉丝细胞"
"1375","A-3","物品","202","巻き付く触手","掉落","A-3","缠绕的触手"
"1375","A-3","物品","240","イデア細胞","掉落","A-3","伊迪亚细胞"
"1375","A-3","武器","2354","輝き","掉落","A-3","光辉"
"1375","A-3","物品","76","白聖石","可偷物品","A-3","白圣石"
"1375","A-3","防具","1416","昇天の印","可偷物品","A-3","升天之印"
"1375","A-3","物品","317","にんにく","可偷食材","A-3","大蒜"
"1375","A-3","物品","225","イリス細胞","可偷素材","A-3","伊莉丝细胞"
"1376","AD-5","物品","221","ネクロパウダー","掉落","AD-5","死灵粉末"
"1376","AD-5","物品","240","イデア細胞","掉落","AD-5","伊迪亚细胞"
"1376","AD-5","武器","2056","無惨","掉落","AD-5","无惨"
"1376","AD-5","物品","80","黒闇石","可偷物品","AD-5","黑暗石"
"1376","AD-5","防具","1413","即死の印","可偷物品","AD-5","即死之印"
"1376","AD-5","物品","338","小麦粉","可偷食材","AD-5","面粉"
"1376","AD-5","物品","225","イリス細胞","可偷素材","AD-5","伊莉丝细胞"
"1377","Q-5","物品","202","巻き付く触手","掉落","Q-5","缠绕的触手"
"1377","Q-5","物品","240","イデア細胞","掉落","Q-5","伊迪亚细胞"
"1377","Q-5","武器","1761","胡蝶","掉落","Q-5","蝴蝶"
"1377","Q-5","物品","3","究極薬草","可偷物品","Q-5","究极药草"
"1377","Q-5","防具","1131","ガードビット","可偷物品","Q-5","防御比特"
"1377","Q-5","物品","316","タマネギ","可偷食材","Q-5","洋葱"
"1377","Q-5","物品","225","イリス細胞","可偷素材","Q-5","伊莉丝细胞"
"1378","フェルナンデス","物品","9","エリクサー","掉落","费尔南德斯","圣灵药"
"1378","フェルナンデス","物品","26","力の種","掉落","费尔南德斯","力量之种"
"1378","フェルナンデス","武器","1019","グラディウス","掉落","费尔南德斯","宽刃短剑"
"1378","フェルナンデス","防具","1948","","可偷内裤","费尔南德斯",""
"1379","タイタニア","物品","12","世界樹の葉","掉落","缇坦妮雅","世界树之叶"
"1379","タイタニア","物品","28","魔力の種","掉落","缇坦妮雅","魔力之种"
"1379","タイタニア","武器","2459","魔導師","掉落","缇坦妮雅","魔导师"
"1379","タイタニア","防具","1949","","可偷内裤","缇坦妮雅",""
"1380","ロザ","物品","29","精神の種","掉落","罗莎","精神之种"
"1380","ロザ","物品","226","大海の珊瑚","掉落","罗莎","大海的珊瑚"
"1380","ロザ","武器","1218","ディフェンダー","掉落","罗莎","防御者"
"1381","クィーンラミア","物品","27","守りの種","掉落","拉米亚女王","守护之种"
"1381","クィーンラミア","物品","211","魔性の蛇尾","掉落","拉米亚女王","魔性的蛇尾"
"1381","クィーンラミア","武器","2959","彗星","掉落","拉米亚女王","彗星"
"1382","クィーンハーピー","物品","30","素早さの種","掉落","哈比女王","敏捷之种"
"1382","クィーンハーピー","物品","227","輝く羽根","掉落","哈比女王","闪耀的羽毛"
"1382","クィーンハーピー","武器","1567","ドラグーン","掉落","哈比女王","龙枪"
"1383","クィーンスキュラ","物品","31","器用さの種","掉落","斯库拉女王","灵巧之种"
"1383","クィーンスキュラ","物品","22","万能薬","掉落","斯库拉女王","万能药"
"1383","クィーンスキュラ","武器","2670","グレイプニル","掉落","斯库拉女王","格雷普尼尔"
"1384","玉藻","物品","28","魔力の種","掉落","玉藻","魔力之种"
"1384","玉藻","物品","10","ラストエリクサー","掉落","玉藻","最终圣灵药"
"1384","玉藻","武器","3060","幻","掉落","玉藻","幻"
"1386","ルカ・ホリィ","物品","30","素早さの種","掉落","鲁卡・霍莉","敏捷之种"
"1386","ルカ・ホリィ","物品","241","天使の羽根","掉落","鲁卡・霍莉","天使的羽毛"
"1386","ルカ・ホリィ","防具","3666","指輪","掉落","鲁卡・霍莉","戒指"
"1386","ルカ・ホリィ","物品","8","バーストドリンク","可偷物品","鲁卡・霍莉","爆发饮料"
"1386","ルカ・ホリィ","物品","77","天空白聖石","可偷物品","鲁卡・霍莉","天空白圣石"
"1386","ルカ・ホリィ","物品","319","じゃがいも","可偷食材","鲁卡・霍莉","土豆"
"1386","ルカ・ホリィ","物品","241","天使の羽根","可偷素材","鲁卡・霍莉","天使的羽毛"
"1386","ルカ・ホリィ","防具","1933","ギャルのパンツ","可偷内裤","鲁卡・霍莉","辣妹的内裤"
"1387","ルカ・リノア","物品","24","命の木の実","掉落","鲁卡・莉诺雅","生命之果"
"1387","ルカ・リノア","物品","241","天使の羽根","掉落","鲁卡・莉诺雅","天使的羽毛"
"1387","ルカ・リノア","武器","1219","アロンダイト","掉落","鲁卡・莉诺雅","阿隆戴特"
"1387","ルカ・リノア","物品","8","バーストドリンク","可偷物品","鲁卡・莉诺雅","爆发饮料"
"1387","ルカ・リノア","物品","77","天空白聖石","可偷物品","鲁卡・莉诺雅","天空白圣石"
"1387","ルカ・リノア","物品","319","じゃがいも","可偷食材","鲁卡・莉诺雅","土豆"
"1387","ルカ・リノア","物品","241","天使の羽根","可偷素材","鲁卡・莉诺雅","天使的羽毛"
"1387","ルカ・リノア","防具","1933","ギャルのパンツ","可偷内裤","鲁卡・莉诺雅","辣妹的内裤"
"1388","ルカ・ハイネ","物品","26","力の種","掉落","鲁卡・海涅","力量之种"
"1388","ルカ・ハイネ","物品","241","天使の羽根","掉落","鲁卡・海涅","天使的羽毛"
"1388","ルカ・ハイネ","武器","2068","バルディッシュ","掉落","鲁卡・海涅","战斧"
"1388","ルカ・ハイネ","物品","8","バーストドリンク","可偷物品","鲁卡・海涅","爆发饮料"
"1388","ルカ・ハイネ","物品","77","天空白聖石","可偷物品","鲁卡・海涅","天空白圣石"
"1388","ルカ・ハイネ","物品","319","じゃがいも","可偷食材","鲁卡・海涅","土豆"
"1388","ルカ・ハイネ","物品","241","天使の羽根","可偷素材","鲁卡・海涅","天使的羽毛"
"1388","ルカ・ハイネ","防具","1933","ギャルのパンツ","可偷内裤","鲁卡・海涅","辣妹的内裤"
"1389","ルカ・キリエ","物品","28","魔力の種","掉落","鲁卡・姬莉叶","魔力之种"
"1389","ルカ・キリエ","物品","241","天使の羽根","掉落","鲁卡・姬莉叶","天使的羽毛"
"1389","ルカ・キリエ","武器","1557","聖槍","掉落","鲁卡・姬莉叶","圣枪"
"1389","ルカ・キリエ","物品","8","バーストドリンク","可偷物品","鲁卡・姬莉叶","爆发饮料"
"1389","ルカ・キリエ","物品","77","天空白聖石","可偷物品","鲁卡・姬莉叶","天空白圣石"
"1389","ルカ・キリエ","物品","319","じゃがいも","可偷食材","鲁卡・姬莉叶","土豆"
"1389","ルカ・キリエ","物品","241","天使の羽根","可偷素材","鲁卡・姬莉叶","天使的羽毛"
"1389","ルカ・キリエ","防具","1933","ギャルのパンツ","可偷内裤","鲁卡・姬莉叶","辣妹的内裤"
"1390","フェルナンデス","物品","9","エリクサー","掉落","费尔南德斯","圣灵药"
"1390","フェルナンデス","物品","26","力の種","掉落","费尔南德斯","力量之种"
"1390","フェルナンデス","武器","1218","ディフェンダー","掉落","费尔南德斯","防御者"
"1390","フェルナンデス","防具","1948","","可偷内裤","费尔南德斯",""
"1391","タイタニア","物品","12","世界樹の葉","掉落","缇坦妮雅","世界树之叶"
"1391","タイタニア","物品","28","魔力の種","掉落","缇坦妮雅","魔力之种"
"1391","タイタニア","防具","3068","レオタード","掉落","缇坦妮雅","紧身衣"
"1391","タイタニア","防具","1949","","可偷内裤","缇坦妮雅",""
"1392","ロザ","物品","29","精神の種","掉落","罗莎","精神之种"
"1392","ロザ","物品","226","大海の珊瑚","掉落","罗莎","大海的珊瑚"
"1392","ロザ","武器","2760","旋律","掉落","罗莎","旋律"
"1393","クィーンラミア","物品","27","守りの種","掉落","拉米亚女王","守护之种"
"1393","クィーンラミア","物品","211","魔性の蛇尾","掉落","拉米亚女王","魔性的蛇尾"
"1393","クィーンラミア","武器","2369","シャイン","掉落","拉米亚女王","闪耀"
"1394","クィーンハーピー","物品","30","素早さの種","掉落","哈比女王","敏捷之种"
"1394","クィーンハーピー","物品","227","輝く羽根","掉落","哈比女王","闪耀的羽毛"
"1394","クィーンハーピー","武器","3070","スカイ","掉落","哈比女王","天空"
"1395","クィーンスキュラ","物品","31","器用さの種","掉落","斯库拉女王","灵巧之种"
"1395","クィーンスキュラ","物品","22","万能薬","掉落","斯库拉女王","万能药"
"1395","クィーンスキュラ","防具","3420","グロリア","掉落","斯库拉女王","格洛丽亚"
"1397","天使殺し","物品","29","精神の種","掉落","天使杀手","精神之种"
"1397","天使殺し","物品","38","超天使の種","掉落","天使杀手","超天使之种"
"1397","天使殺し","武器","1217","ブリンガー","掉落","天使杀手","布林加"
"1397","天使殺し","防具","1938","ヴィヌムのパンツ","可偷内裤","天使杀手","薇诺姆的内裤"
"1398","ジャッジメント","物品","28","魔力の種","掉落","审判","魔力之种"
"1398","ジャッジメント","物品","38","超天使の種","掉落","审判","超天使之种"
"1398","ジャッジメント","武器","2368","ヘブン","掉落","审判","天堂"
"1398","ジャッジメント","防具","1938","ヴィヌムのパンツ","可偷内裤","审判","薇诺姆的内裤"
"1399","ワールドブレイカー","物品","31","器用さの種","掉落","世界破坏者","灵巧之种"
"1399","ワールドブレイカー","物品","46","超種の種","掉落","世界破坏者","超种之种"
"1399","ワールドブレイカー","武器","3769","ウェポン","掉落","世界破坏者","武器"
"1399","ワールドブレイカー","防具","1938","ヴィヌムのパンツ","可偷内裤","世界破坏者","薇诺姆的内裤"
"1455","ランパス","物品","3","究極薬草","掉落","兰帕丝","究极药草"
"1455","ランパス","物品","232","艶めかしい花びら","掉落","兰帕丝","艳丽的花瓣"
"1455","ランパス","物品","50","ランパスドロップ","掉落","兰帕丝","兰帕丝蜜糖"
"1455","ランパス","物品","22","万能薬","可偷物品","兰帕丝","万能药"
"1455","ランパス","防具","1194","吸精の薔薇","可偷物品","兰帕丝","吸精玫瑰"
"1455","ランパス","物品","393","グラタン","可偷食材","兰帕丝","奶汁烤菜"
"1455","ランパス","物品","232","艶めかしい花びら","可偷素材","兰帕丝","艳丽的花瓣"
"1456","妖狐","物品","431","ヤマタイ酒","掉落","妖狐","邪马台酒"
"1456","妖狐","物品","242","もふもふしっぽ","掉落","妖狐","毛绒绒的尾巴"
"1456","妖狐","物品","32","小さなメダル","掉落","妖狐","小奖章"
"1456","妖狐","物品","5","エルフの霊薬","可偷物品","妖狐","精灵的灵药"
"1456","妖狐","防具","1051","鉄拳の数珠","可偷物品","妖狐","铁拳念珠"
"1456","妖狐","物品","333","あぶらあげ","可偷食材","妖狐","油豆腐"
"1456","妖狐","物品","209","ふかふかしっぽ","可偷素材","妖狐","蓬松的尾巴"
"1457","躯","物品","11","フェニックスの尾","掉落","躯","凤凰之尾"
"1457","躯","物品","233","傀儡歯車","掉落","躯","傀儡齿轮"
"1457","躯","物品","24","命の木の実","掉落","躯","生命之果"
"1457","躯","物品","21","脱淫薬","可偷物品","躯","脱淫药"
"1457","躯","防具","1169","末期の懐中時計","可偷物品","躯","末期怀表"
"1457","躯","物品","357","サンドウイッチ","可偷食材","躯","三明治"
"1457","躯","物品","219","魔導の歯車","可偷素材","躯","魔导齿轮"
"1462","サキュバス","物品","423","プリン","掉落","魅魔","布丁"
"1462","サキュバス","物品","222","艶めかしい尻尾","掉落","魅魔","艳丽的尾巴"
"1462","サキュバス","物品","29","精神の種","掉落","魅魔","精神之种"
"1462","サキュバス","物品","52","紅炎石","可偷物品","魅魔","红炎石"
"1462","サキュバス","防具","1473","敏感の印","可偷物品","魅魔","敏感之印"
"1462","サキュバス","物品","415","ホワイトハートチョコ","可偷食材","魅魔","白心巧克力"
"1462","サキュバス","物品","222","艶めかしい尻尾","可偷素材","魅魔","艳丽的尾巴"
"1462","サキュバス","防具","1889","ナイトハーピーのパンツ","可偷内裤","魅魔","骑士哈比的内裤"
"1477","エクスキューショナー","物品","30","素早さの種","掉落","艾斯丘雪娜","敏捷之种"
"1477","エクスキューショナー","物品","222","艶めかしい尻尾","掉落","艾斯丘雪娜","艳丽的尾巴"
"1477","エクスキューショナー","防具","3466","サークル","掉落","艾斯丘雪娜","サークル"
"1477","エクスキューショナー","防具","1887","あげはパンツ","可偷内裤","艾斯丘雪娜","凤蝶娘的内裤"
"1478","オーガトゥース","物品","26","力の種","掉落","奥伽图丝","力量之种"
"1478","オーガトゥース","物品","222","艶めかしい尻尾","掉落","奥伽图丝","艳丽的尾巴"
"1478","オーガトゥース","武器","1867","バーニング","掉落","奥伽图丝","燃烧"
"1478","オーガトゥース","防具","1887","あげはパンツ","可偷内裤","奥伽图丝","凤蝶娘的内裤"
"1479","ミステルテイン","物品","28","魔力の種","掉落","米斯特汀","魔力之种"
"1479","ミステルテイン","物品","222","艶めかしい尻尾","掉落","米斯特汀","艳丽的尾巴"
"1479","ミステルテイン","武器","1459","フォース","掉落","米斯特汀","力量"
"1479","ミステルテイン","防具","1887","あげはパンツ","可偷内裤","米斯特汀","凤蝶娘的内裤"
"1480","ミュスカ","物品","31","器用さの種","掉落","缪丝卡","灵巧之种"
"1480","ミュスカ","物品","222","艶めかしい尻尾","掉落","缪丝卡","艳丽的尾巴"
"1480","ミュスカ","武器","2558","魔弓","掉落","缪丝卡","魔弓"
"1480","ミュスカ","防具","1887","あげはパンツ","可偷内裤","缪丝卡","凤蝶娘的内裤"
"1481","ネメア","物品","28","魔力の種","掉落","涅梅雅","魔力之种"
"1481","ネメア","物品","222","艶めかしい尻尾","掉落","涅梅雅","艳丽的尾巴"
"1481","ネメア","武器","2368","ヘブン","掉落","涅梅雅","天堂"
"1481","ネメア","防具","1887","あげはパンツ","可偷内裤","涅梅雅","凤蝶娘的内裤"
"1482","ヴィヌム","物品","26","力の種","掉落","薇诺姆","力量之种"
"1482","ヴィヌム","物品","222","艶めかしい尻尾","掉落","薇诺姆","艳丽的尾巴"
"1482","ヴィヌム","防具","3069","ビスチェ","掉落","薇诺姆","胸衣"
"1482","ヴィヌム","防具","1887","あげはパンツ","可偷内裤","薇诺姆","凤蝶娘的内裤"
"1483","ベル","物品","241","天使の羽根","掉落","贝尔","天使的羽毛"
"1483","ベル","物品","421","エクレア","掉落","贝尔","闪电泡芙"
"1483","ベル","防具","2520","ベスト","掉落","贝尔","背心"
"1483","ベル","物品","8","バーストドリンク","可偷物品","贝尔","爆发饮料"
"1483","ベル","防具","1083","達人の黒帯","可偷物品","贝尔","达人的黑带"
"1483","ベル","物品","358","ハンバーガー","可偷食材","贝尔","汉堡"
"1483","ベル","物品","222","艶めかしい尻尾","可偷素材","贝尔","艳丽的尾巴"
"1483","ベル","防具","1924","ソニアパンツ","可偷内裤","贝尔","索尼娅的内裤"
"1484","リラ","物品","241","天使の羽根","掉落","莉拉","天使的羽毛"
"1484","リラ","物品","424","アイスクリーム","掉落","莉拉","冰淇淋"
"1484","リラ","防具","3418","ハーレム","掉落","莉拉","后宫"
"1484","リラ","物品","8","バーストドリンク","可偷物品","莉拉","爆发饮料"
"1484","リラ","防具","1083","達人の黒帯","可偷物品","莉拉","达人的黑带"
"1484","リラ","物品","358","ハンバーガー","可偷食材","莉拉","汉堡"
"1484","リラ","物品","222","艶めかしい尻尾","可偷素材","莉拉","艳丽的尾巴"
"1484","リラ","防具","1924","ソニアパンツ","可偷内裤","莉拉","索尼娅的内裤"
"1485","ミュゼット","物品","9","エリクサー","掉落","缪泽特","圣灵药"
"1485","ミュゼット","物品","425","パフェ","掉落","缪泽特","芭菲"
"1485","ミュゼット","武器","2468","セプター","掉落","缪泽特","权杖"
"1485","ミュゼット","物品","8","バーストドリンク","可偷物品","缪泽特","爆发饮料"
"1485","ミュゼット","防具","1083","達人の黒帯","可偷物品","缪泽特","达人的黑带"
"1485","ミュゼット","物品","358","ハンバーガー","可偷食材","缪泽特","汉堡"
"1485","ミュゼット","物品","222","艶めかしい尻尾","可偷素材","缪泽特","艳丽的尾巴"
"1485","ミュゼット","防具","1924","ソニアパンツ","可偷内裤","缪泽特","索尼娅的内裤"
"1486","フルビュア","物品","32","小さなメダル","掉落","芙尔维娅","小奖章"
"1486","フルビュア","物品","222","艶めかしい尻尾","掉落","芙尔维娅","艳丽的尾巴"
"1486","フルビュア","武器","2667","クィーン","掉落","芙尔维娅","女王"
"1486","フルビュア","防具","1887","あげはパンツ","可偷内裤","芙尔维娅","凤蝶娘的内裤"
"1487","ギルゴーン","物品","9","エリクサー","掉落","吉尔贡","圣灵药"
"1487","ギルゴーン","物品","81","輝晶黒闇石","掉落","吉尔贡","辉晶黑暗石"
"1487","ギルゴーン","防具","3673","アミュレット","掉落","吉尔贡","护符"
"1487","ギルゴーン","防具","1930","リノアパンツ","可偷内裤","吉尔贡","莉诺雅内裤"
"1488","大明海","物品","29","精神の種","掉落","大明海","精神之种"
"1488","大明海","物品","361","おにぎり","掉落","大明海","饭团"
"1488","大明海","防具","2869","ドグマ","掉落","大明海","教义"
"1488","大明海","防具","1930","リノアパンツ","可偷内裤","大明海","莉诺雅内裤"
"1489","ターサ","物品","31","器用さの種","掉落","塔莎","灵巧之种"
"1489","ターサ","物品","222","艶めかしい尻尾","掉落","塔莎","艳丽的尾巴"
"1489","ターサ","武器","3069","スプラッシュ","掉落","塔莎","溅射"
"1489","ターサ","防具","1887","あげはパンツ","可偷内裤","塔莎","凤蝶娘的内裤"
"1490","妲己","物品","12","世界樹の葉","掉落","妲己","世界树之叶"
"1490","妲己","物品","242","もふもふしっぽ","掉落","妲己","毛绒绒的尾巴"
"1490","妲己","防具","3369","シリウス","掉落","妲己","西里乌斯"
"1491","エスト","物品","10","ラストエリクサー","掉落","艾斯特","最终圣灵药"
"1491","エスト","物品","222","艶めかしい尻尾","掉落","艾斯特","艳丽的尾巴"
"1491","エスト","武器","3868","ドリーム","掉落","艾斯特","梦"
"1491","エスト","防具","1887","あげはパンツ","可偷内裤","艾斯特","凤蝶娘的内裤"
"1492","サキュバス","物品","431","ヤマタイ酒","掉落","魅魔","邪马台酒"
"1492","サキュバス","物品","222","艶めかしい尻尾","掉落","魅魔","艳丽的尾巴"
"1492","サキュバス","物品","2","高級薬草","掉落","魅魔","高级药草"
"1492","サキュバス","物品","52","紅炎石","可偷物品","魅魔","红炎石"
"1492","サキュバス","防具","1473","敏感の印","可偷物品","魅魔","敏感之印"
"1492","サキュバス","物品","415","ホワイトハートチョコ","可偷食材","魅魔","白心巧克力"
"1492","サキュバス","物品","222","艶めかしい尻尾","可偷素材","魅魔","艳丽的尾巴"
"1492","サキュバス","防具","1889","ナイトハーピーのパンツ","可偷内裤","魅魔","骑士哈比的内裤"
"1494","サキュバス","物品","417","ケーキ","掉落","魅魔","蛋糕"
"1494","サキュバス","物品","222","艶めかしい尻尾","掉落","魅魔","艳丽的尾巴"
"1494","サキュバス","物品","25","不思議な木の実","掉落","魅魔","不可思议之果"
"1494","サキュバス","物品","52","紅炎石","可偷物品","魅魔","红炎石"
"1494","サキュバス","防具","1473","敏感の印","可偷物品","魅魔","敏感之印"
"1494","サキュバス","物品","415","ホワイトハートチョコ","可偷食材","魅魔","白心巧克力"
"1494","サキュバス","物品","222","艶めかしい尻尾","可偷素材","魅魔","艳丽的尾巴"
"1494","サキュバス","防具","1889","ナイトハーピーのパンツ","可偷内裤","魅魔","骑士哈比的内裤"
"1497","イデア・ルカス","物品","24","命の木の実","掉落","伊迪亚・鲁卡斯","生命之果"
"1497","イデア・ルカス","物品","38","超天使の種","掉落","伊迪亚・鲁卡斯","超天使之种"
"1497","イデア・ルカス","武器","1220","デュランダル","掉落","伊迪亚・鲁卡斯","杜兰达尔"
"1497","イデア・ルカス","防具","1938","ヴィヌムのパンツ","可偷内裤","伊迪亚・鲁卡斯","薇诺姆的内裤"
"1498","カサンドラ","物品","29","精神の種","掉落","卡桑德拉","精神之种"
"1498","カサンドラ","物品","218","ぐにゅぐにゅゼリー","掉落","卡桑德拉","咕啾咕啾的果冻"
"1498","カサンドラ","武器","1369","ノーブル","掉落","卡桑德拉","贵族"
"1500","魔王カサンドラ","物品","25","不思議な木の実","掉落","魔王卡桑德拉","不可思议之果"
"1500","魔王カサンドラ","物品","81","輝晶黒闇石","掉落","魔王卡桑德拉","辉晶黑暗石"
"1500","魔王カサンドラ","武器","1371","ソレイユ","掉落","魔王卡桑德拉","曙光"
"1500","魔王カサンドラ","物品","9","エリクサー","可偷物品","魔王卡桑德拉","圣灵药"
"1500","魔王カサンドラ","物品","24","命の木の実","可偷物品","魔王卡桑德拉","生命之果"
"1500","魔王カサンドラ","物品","409","あまあまだんご","可偷食材","魔王卡桑德拉","甜甜团子"
"1500","魔王カサンドラ","物品","264","オズマ細胞","可偷素材","魔王卡桑德拉","奥兹玛细胞"
"1500","魔王カサンドラ","防具","1953","魔王のパンツ","可偷内裤","魔王卡桑德拉","魔王的内裤"
"1647","マルケルス","物品","27","守りの種","掉落","马鲁塞勒斯","守护之种"
"1647","マルケルス","物品","42","超職の種","掉落","马鲁塞勒斯","超职之种"
"1647","マルケルス","武器","1460","エターナル","掉落","马鲁塞勒斯","永恒"
"1647","マルケルス","防具","1938","ヴィヌムのパンツ","可偷内裤","马鲁塞勒斯","薇诺姆的内裤"
"2001","カオススライム","物品","901","混沌薬草","掉落","混沌史莱姆","混沌药草"
"2001","カオススライム","物品","823","きらきらゼリー","掉落","混沌史莱姆","闪闪发光的果冻"
"2001","カオススライム","物品","2103","HPの超秘石","掉落","混沌史莱姆","HP的超秘石"
"2001","カオススライム","物品","1","薬草","可偷物品","混沌史莱姆","药草"
"2001","カオススライム","武器","657","ブーメラン","可偷物品","混沌史莱姆","回旋镖"
"2001","カオススライム","物品","322","さかな","可偷食材","混沌史莱姆","鱼"
"2001","カオススライム","物品","160","ぷるぷるゼリー","可偷素材","混沌史莱姆","弹弹果冻"
"2003","堕粘兎","物品","901","混沌薬草","掉落","堕粘兔","混沌药草"
"2003","堕粘兎","物品","823","きらきらゼリー","掉落","堕粘兔","闪闪发光的果冻"
"2003","堕粘兎","物品","2501","素早さの超秘石","掉落","堕粘兔","敏捷的超秘石"
"2003","堕粘兎","物品","1","薬草","可偷物品","堕粘兔","药草"
"2003","堕粘兎","防具","1175","スライムコア","可偷物品","堕粘兔","史莱姆核心"
"2003","堕粘兎","物品","310","にんじん","可偷食材","堕粘兔","胡萝卜"
"2003","堕粘兎","物品","160","ぷるぷるゼリー","可偷素材","堕粘兔","弹弹果冻"
"2004","カオススラッグ","物品","22","万能薬","掉落","混沌蛞蝓","万能药"
"2004","カオススラッグ","物品","828","侵蝕の粘液","掉落","混沌蛞蝓","侵蚀的粘液"
"2004","カオススラッグ","物品","2624","ヌルヌル付加の超秘石","掉落","混沌蛞蝓","黏滑附加的超秘石"
"2004","カオススラッグ","物品","13","毒消し草","可偷物品","混沌蛞蝓","解毒草"
"2004","カオススラッグ","防具","1026","イヤリング","可偷物品","混沌蛞蝓","耳环"
"2004","カオススラッグ","物品","309","レタス","可偷食材","混沌蛞蝓","生菜"
"2004","カオススラッグ","物品","161","ヌルヌル粘液","可偷素材","混沌蛞蝓","黏滑粘液"
"2004","カオススラッグ","防具","1801","ネバネバパンツ","可偷内裤","混沌蛞蝓","黏糊糊内裤"
"2005","カオスインプ","物品","6","イリアスの霊薬","掉落","混沌小恶魔","伊莉娅丝的灵药"
"2005","カオスインプ","物品","844","大淫魔の尻尾","掉落","混沌小恶魔","大淫魔的尾巴"
"2005","カオスインプ","物品","2845","魔力の超秘石","掉落","混沌小恶魔","魔力的超秘石"
"2005","カオスインプ","物品","1","薬草","可偷物品","混沌小恶魔","药草"
"2005","カオスインプ","防具","1171","緊縛の縄","可偷物品","混沌小恶魔","紧缚之绳"
"2005","カオスインプ","物品","357","サンドウイッチ","可偷食材","混沌小恶魔","三明治"
"2005","カオスインプ","物品","162","インプの尻尾","可偷素材","混沌小恶魔","小恶魔的尾巴"
"2005","カオスインプ","防具","1802","こあくまインプのパンツ","可偷内裤","混沌小恶魔","小恶魔的内裤"
"2006","ヘルスクリーム","物品","381","野菜サラダ","掉落","地狱尖啸","蔬菜沙拉"
"2006","ヘルスクリーム","物品","831","魔界樹の花びら","掉落","地狱尖啸","魔界树的花瓣"
"2006","ヘルスクリーム","防具","1269","音波の極意書","掉落","地狱尖啸","音波之极意书"
"2006","ヘルスクリーム","物品","1","薬草","可偷物品","地狱尖啸","药草"
"2006","ヘルスクリーム","物品","163","魔葉","可偷物品","地狱尖啸","魔叶"
"2006","ヘルスクリーム","物品","307","キャベツ","可偷食材","地狱尖啸","卷心菜"
"2006","ヘルスクリーム","物品","163","魔葉","可偷素材","地狱尖啸","魔叶"
"2007","混沌の魔犬","物品","323","鯛","掉落","混沌的魔犬","鲷鱼"
"2007","混沌の魔犬","物品","845","神獣の爪","掉落","混沌的魔犬","神兽的爪"
"2007","混沌の魔犬","防具","1469","スタンの真印","掉落","混沌的魔犬","眩晕真印"
"2007","混沌の魔犬","物品","442","魚の骨","可偷物品","混沌的魔犬","鱼骨"
"2007","混沌の魔犬","物品","11","フェニックスの尾","可偷物品","混沌的魔犬","凤凰之尾"
"2007","混沌の魔犬","物品","442","魚の骨","可偷食材","混沌的魔犬","鱼骨"
"2007","混沌の魔犬","物品","164","野獣の爪","可偷素材","混沌的魔犬","野兽之爪"
"2007","混沌の魔犬","防具","1805","わんわんパンツ","可偷内裤","混沌的魔犬","汪汪内裤"
"2008","カオスワーム","物品","905","カオスドリンク","掉落","混沌蠕虫","混沌饮料"
"2008","カオスワーム","物品","828","侵蝕の粘液","掉落","混沌蠕虫","侵蚀的粘液"
"2008","カオスワーム","物品","2152","窮地の超秘石","掉落","混沌蠕虫","绝境的超秘石"
"2008","カオスワーム","物品","13","毒消し草","可偷物品","混沌蠕虫","解毒草"
"2008","カオスワーム","物品","67","土石","可偷物品","混沌蠕虫","土石"
"2008","カオスワーム","物品","301","りんご","可偷食材","混沌蠕虫","苹果"
"2008","カオスワーム","物品","161","ヌルヌル粘液","可偷素材","混沌蠕虫","黏滑粘液"
"2013","コラプスラット","物品","359","ピザ","掉落","崩坏鼠","披萨"
"2013","コラプスラット","物品","845","神獣の爪","掉落","崩坏鼠","神兽的爪"
"2013","コラプスラット","防具","1272","バイオの極意書","掉落","崩坏鼠","生化之极意书"
"2013","コラプスラット","物品","1","薬草","可偷物品","崩坏鼠","药草"
"2013","コラプスラット","防具","1036","銀の腕輪","可偷物品","崩坏鼠","银手镯"
"2013","コラプスラット","物品","341","チーズ","可偷食材","崩坏鼠","奶酪"
"2013","コラプスラット","物品","164","野獣の爪","可偷素材","崩坏鼠","野兽之爪"
"2013","コラプスラット","防具","1809","ネズミ水玉パンツ","可偷内裤","崩坏鼠","鼠娘圆点内裤"
"2014","カオスウルフ","物品","905","カオスドリンク","掉落","混沌狼","混沌饮料"
"2014","カオスウルフ","物品","845","神獣の爪","掉落","混沌狼","神兽的爪"
"2014","カオスウルフ","防具","1305","牙の極意書","掉落","混沌狼","牙之极意书"
"2014","カオスウルフ","物品","7","ブーストドリンク","可偷物品","混沌狼","能量饮料"
"2014","カオスウルフ","物品","11","フェニックスの尾","可偷物品","混沌狼","凤凰之尾"
"2014","カオスウルフ","物品","329","肉","可偷食材","混沌狼","肉"
"2014","カオスウルフ","物品","164","野獣の爪","可偷素材","混沌狼","野兽之爪"
"2016","カオスヒル","物品","22","万能薬","掉落","混沌水蛭","万能药"
"2016","カオスヒル","物品","828","侵蝕の粘液","掉落","混沌水蛭","侵蚀的粘液"
"2016","カオスヒル","防具","1472","ヌルヌルの真印","掉落","混沌水蛭","黏滑真印"
"2016","カオスヒル","物品","13","毒消し草","可偷物品","混沌水蛭","解毒草"
"2016","カオスヒル","防具","1041","細心の首飾り","可偷物品","混沌水蛭","细心项链"
"2016","カオスヒル","物品","337","イチゴジャム","可偷食材","混沌水蛭","草莓酱"
"2016","カオスヒル","物品","165","ネバネバ粘液","可偷素材","混沌水蛭","黏糊糊粘液"
"2017","ピンクバニー","物品","12","世界樹の葉","掉落","粉红毛毛兔","世界树之叶"
"2017","ピンクバニー","物品","845","神獣の爪","掉落","粉红毛毛兔","神兽的爪"
"2017","ピンクバニー","防具","1323","弓矢の極意書","掉落","粉红毛毛兔","弓箭之极意书"
"2017","ピンクバニー","物品","1","薬草","可偷物品","粉红毛毛兔","药草"
"2017","ピンクバニー","武器","550","アイアンボウ","可偷物品","粉红毛毛兔","铁弓"
"2017","ピンクバニー","物品","310","にんじん","可偷食材","粉红毛毛兔","胡萝卜"
"2017","ピンクバニー","物品","51","炎石","可偷素材","粉红毛毛兔","炎石"
"2017","ピンクバニー","防具","1811","ウサギ娘のショーツ","可偷内裤","粉红毛毛兔","兔娘的内裤"
"2018","レッドラム","物品","458","超絶美酒・夢天","掉落","赤红羊羔","超绝美酒・梦天"
"2018","レッドラム","物品","845","神獣の爪","掉落","赤红羊羔","神兽的爪"
"2018","レッドラム","物品","2564","睡眠付加の超秘石","掉落","赤红羊羔","睡眠附加的超秘石"
"2018","レッドラム","物品","433","スルメ","可偷物品","赤红羊羔","鱿鱼干"
"2018","レッドラム","防具","1147","隠遁のシール","可偷物品","赤红羊羔","隐遁的贴纸"
"2018","レッドラム","物品","431","ヤマタイ酒","可偷食材","赤红羊羔","邪马台酒"
"2018","レッドラム","物品","55","氷石","可偷素材","赤红羊羔","冰石"
"2018","レッドラム","防具","1812","羊娘の地味パンツ","可偷内裤","赤红羊羔","羊娘朴素内裤"
"2019","シュリーオリジン","物品","935","カオスサファイア","掉落","修莉起源","混沌蓝宝石"
"2019","シュリーオリジン","物品","878","カオスマター","掉落","修莉起源","混沌物质"
"2019","シュリーオリジン","防具","1696","究極の鈴","掉落","修莉起源","究极铃铛"
"2019","シュリーオリジン","物品","55","氷石","可偷物品","修莉起源","冰石"
"2019","シュリーオリジン","防具","1006","マジックオーブ","可偷物品","修莉起源","魔法宝珠"
"2019","シュリーオリジン","物品","166","混沌の石","可偷素材","修莉起源","混沌之石"
"2020","ジェイドオリジン","物品","934","カオストパーズ","掉落","杰伊德起源","混沌黄玉"
"2020","ジェイドオリジン","物品","878","カオスマター","掉落","杰伊德起源","混沌物质"
"2020","ジェイドオリジン","防具","1690","究極の靴","掉落","杰伊德起源","究极的鞋子"
"2020","ジェイドオリジン","物品","59","雷石","可偷物品","杰伊德起源","雷石"
"2020","ジェイドオリジン","防具","1011","不思議なタトゥー","可偷物品","杰伊德起源","不可思议纹身"
"2020","ジェイドオリジン","物品","166","混沌の石","可偷素材","杰伊德起源","混沌之石"
"2021","シェスタオリジン","物品","95","空の極秘石","掉落","谢丝塔起源","空的极秘石"
"2021","シェスタオリジン","物品","878","カオスマター","掉落","谢丝塔起源","混沌物质"
"2021","シェスタオリジン","防具","1693","究極のヘッドドレス","掉落","谢丝塔起源","究极的头饰"
"2021","シェスタオリジン","物品","166","混沌の石","可偷物品","谢丝塔起源","混沌之石"
"2021","シェスタオリジン","防具","148","革のドレス","可偷物品","谢丝塔起源","皮革礼服"
"2021","シェスタオリジン","物品","166","混沌の石","可偷素材","谢丝塔起源","混沌之石"
"2021","シェスタオリジン","防具","1813","シェスタのパンツ","可偷内裤","谢丝塔起源","谢丝塔的内裤"
"2022","ヌルの肖像","物品","459","カオスシチュー","掉落","努尔的肖像","混沌炖菜"
"2022","ヌルの肖像","物品","872","ヌル細胞","掉落","努尔的肖像","努尔细胞"
"2022","ヌルの肖像","防具","1750","カオスピラ","掉落","努尔的肖像","混沌之柱"
"2023","カオスオーク","物品","376","ハンバーグ","掉落","混沌兽人","汉堡肉"
"2023","カオスオーク","物品","845","神獣の爪","掉落","混沌兽人","神兽的爪"
"2023","カオスオーク","物品","2396","棍技使用可能の超秘石","掉落","混沌兽人","可以使用棍技的超秘石"
"2023","カオスオーク","物品","23","ハーピーの羽","可偷物品","混沌兽人","哈比之羽"
"2023","カオスオーク","防具","1016","パワーリスト","可偷物品","混沌兽人","力量护腕"
"2023","カオスオーク","物品","331","ソーセージ","可偷食材","混沌兽人","香肠"
"2023","カオスオーク","物品","67","土石","可偷素材","混沌兽人","土石"
"2024","クリムゾンハニー","物品","54","サラマンダールビー","掉落","绯红蜂蜜","萨拉曼达红宝石"
"2024","クリムゾンハニー","物品","830","究極の針","掉落","绯红蜂蜜","究极的针"
"2024","クリムゾンハニー","防具","1423","毒の秘印","掉落","绯红蜂蜜","毒之秘印"
"2024","クリムゾンハニー","物品","14","目薬","可偷物品","绯红蜂蜜","眼药水"
"2024","クリムゾンハニー","物品","167","硬い針","可偷物品","绯红蜂蜜","硬针"
"2024","クリムゾンハニー","物品","436","ハチミツ","可偷食材","绯红蜂蜜","蜂蜜"
"2024","クリムゾンハニー","物品","167","硬い針","可偷素材","绯红蜂蜜","硬针"
"2025","残照雀","物品","901","混沌薬草","掉落","残照雀","混沌药草"
"2025","残照雀","物品","829","蒼天の羽根","掉落","残照雀","苍天的羽毛"
"2025","残照雀","物品","3079","回避の超秘石","掉落","残照雀","回避的超秘石"
"2025","残照雀","物品","1","薬草","可偷物品","残照雀","药草"
"2025","残照雀","物品","23","ハーピーの羽","可偷物品","残照雀","哈比之羽"
"2025","残照雀","物品","360","ライス","可偷食材","残照雀","米饭"
"2025","残照雀","物品","168","綺麗な羽根","可偷素材","残照雀","美丽的羽毛"
"2025","残照雀","防具","1814","スズメ娘の羽毛パンツ","可偷内裤","残照雀","麻雀娘的羽毛内裤"
"2026","カオスハーピー","物品","66","シルフエメラルド","掉落","混沌哈比","希尔芙翡翠"
"2026","カオスハーピー","物品","829","蒼天の羽根","掉落","混沌哈比","苍天的羽毛"
"2026","カオスハーピー","物品","3525","翼技使用可能の超秘石","掉落","混沌哈比","可以使用翼技的超秘石"
"2026","カオスハーピー","物品","23","ハーピーの羽","可偷物品","混沌哈比","哈比之羽"
"2026","カオスハーピー","物品","63","風石","可偷物品","混沌哈比","风石"
"2026","カオスハーピー","物品","361","おにぎり","可偷食材","混沌哈比","饭团"
"2026","カオスハーピー","物品","168","綺麗な羽根","可偷素材","混沌哈比","美丽的羽毛"
"2027","カオスツインズ","物品","382","フルーツサラダ","掉落","混沌双子","水果沙拉"
"2027","カオスツインズ","物品","829","蒼天の羽根","掉落","混沌双子","苍天的羽毛"
"2027","カオスツインズ","防具","1389","翼技の極意書","掉落","混沌双子","翼技之极意书"
"2027","カオスツインズ","物品","23","ハーピーの羽","可偷物品","混沌双子","哈比之羽"
"2027","カオスツインズ","物品","168","綺麗な羽根","可偷物品","混沌双子","美丽的羽毛"
"2027","カオスツインズ","物品","305","バナナ","可偷食材","混沌双子","香蕉"
"2027","カオスツインズ","物品","168","綺麗な羽根","可偷素材","混沌双子","美丽的羽毛"
"2028","碧鳥姫","物品","9","エリクサー","掉落","碧鸟姬","圣灵药"
"2028","碧鳥姫","物品","829","蒼天の羽根","掉落","碧鸟姬","苍天的羽毛"
"2028","碧鳥姫","物品","4048","ハーピーのための絶秘石","掉落","碧鸟姬","哈比的绝秘石"
"2029","フロストスラッグ","物品","58","フロストアメジスト","掉落","霜冻蛞蝓","霜冻紫水晶"
"2029","フロストスラッグ","物品","828","侵蝕の粘液","掉落","霜冻蛞蝓","侵蚀的粘液"
"2029","フロストスラッグ","物品","2392","尖剣技使用可能の超秘石","掉落","霜冻蛞蝓","可以使用尖剑技的超秘石"
"2029","フロストスラッグ","物品","13","毒消し草","可偷物品","霜冻蛞蝓","解毒草"
"2029","フロストスラッグ","防具","1145","派手なマニキュア","可偷物品","霜冻蛞蝓","华丽的指甲油"
"2029","フロストスラッグ","物品","309","レタス","可偷食材","霜冻蛞蝓","生菜"
"2029","フロストスラッグ","物品","165","ネバネバ粘液","可偷素材","霜冻蛞蝓","黏糊糊粘液"
"2029","フロストスラッグ","防具","1815","ナメクジ高級パンツ","可偷内裤","霜冻蛞蝓","蛞蝓高档内裤"
"2030","フォールンシスター","物品","381","野菜サラダ","掉落","堕落修女","蔬菜沙拉"
"2030","フォールンシスター","物品","828","侵蝕の粘液","掉落","堕落修女","侵蚀的粘液"
"2030","フォールンシスター","物品","2973","白魔法使用可能の超秘石","掉落","堕落修女","可以使用白魔法的超秘石"
"2030","フォールンシスター","物品","13","毒消し草","可偷物品","堕落修女","解毒草"
"2030","フォールンシスター","防具","1031","ガードロザリオ","可偷物品","堕落修女","守护念珠"
"2030","フォールンシスター","物品","309","レタス","可偷食材","堕落修女","生菜"
"2030","フォールンシスター","物品","165","ネバネバ粘液","可偷素材","堕落修女","黏糊糊粘液"
"2030","フォールンシスター","防具","1816","ナメクジシスターパンツ","可偷内裤","堕落修女","蛞蝓修女内裤"
"2031","カーズスターズ","物品","905","カオスドリンク","掉落","诅咒之星","混沌饮料"
"2031","カーズスターズ","物品","828","侵蝕の粘液","掉落","诅咒之星","侵蚀的粘液"
"2031","カーズスターズ","物品","2644","失禁付加の超秘石","掉落","诅咒之星","失禁附加的超秘石"
"2032","ウィルオーウィスプ","物品","419","ロールケーキ","掉落","鬼火","蛋糕卷"
"2032","ウィルオーウィスプ","物品","822","神様のどんぐり","掉落","鬼火","神大人的橡果"
"2032","ウィルオーウィスプ","物品","2974","黒魔法使用可能の超秘石","掉落","鬼火","可以使用黑魔法的超秘石"
"2032","ウィルオーウィスプ","物品","447","松ぼっくり","可偷物品","鬼火","松果"
"2032","ウィルオーウィスプ","防具","234","魔導師の帽子","可偷物品","鬼火","魔导师的帽子"
"2032","ウィルオーウィスプ","物品","435","アメ玉","可偷食材","鬼火","糖球"
"2032","ウィルオーウィスプ","物品","169","不思議などんぐり","可偷素材","鬼火","不可思议的橡果"
"2032","ウィルオーウィスプ","防具","1817","かぼちゃパンツ","可偷内裤","鬼火","南瓜内裤"
"2033","カオスローパー","物品","901","混沌薬草","掉落","混沌树绳妖","混沌药草"
"2033","カオスローパー","物品","827","深淵の触手","掉落","混沌树绳妖","深渊的触手"
"2033","カオスローパー","防具","1326","鞭の極意書","掉落","混沌树绳妖","鞭之极意书"
"2033","カオスローパー","物品","1","薬草","可偷物品","混沌树绳妖","药草"
"2033","カオスローパー","防具","1061","不思議なかんざし","可偷物品","混沌树绳妖","不可思议的发簪"
"2033","カオスローパー","物品","312","大根","可偷食材","混沌树绳妖","白萝卜"
"2033","カオスローパー","物品","161","ヌルヌル粘液","可偷素材","混沌树绳妖","黏滑粘液"
"2034","ヒートメーダ","物品","54","サラマンダールビー","掉落","炽热梅达","萨拉曼达红宝石"
"2034","ヒートメーダ","物品","830","究極の針","掉落","炽热梅达","究极的针"
"2034","ヒートメーダ","防具","1395","虫技の極意書","掉落","炽热梅达","虫技之极意书"
"2034","ヒートメーダ","物品","14","目薬","可偷物品","炽热梅达","眼药水"
"2034","ヒートメーダ","物品","11","フェニックスの尾","可偷物品","炽热梅达","凤凰之尾"
"2034","ヒートメーダ","物品","432","ほしにく","可偷食材","炽热梅达","干肉"
"2034","ヒートメーダ","物品","59","雷石","可偷素材","炽热梅达","雷石"
"2035","カオスキャンドル","物品","12","世界樹の葉","掉落","混沌蜡烛","世界树之叶"
"2035","カオスキャンドル","物品","839","冥府の髪","掉落","混沌蜡烛","冥府的头发"
"2035","カオスキャンドル","防具","1245","炎の極意書","掉落","混沌蜡烛","炎之极意书"
"2035","カオスキャンドル","物品","1","薬草","可偷物品","混沌蜡烛","药草"
"2035","カオスキャンドル","物品","51","炎石","可偷物品","混沌蜡烛","炎石"
"2035","カオスキャンドル","物品","338","小麦粉","可偷食材","混沌蜡烛","面粉"
"2035","カオスキャンドル","物品","51","炎石","可偷素材","混沌蜡烛","炎石"
"2036","イーターオリジン","物品","386","ローストチキン","掉落","伊塔起源","烤鸡"
"2036","イーターオリジン","物品","878","カオスマター","掉落","伊塔起源","混沌物质"
"2036","イーターオリジン","防具","1699","肉球レジェンド","掉落","伊塔起源","肉球传奇"
"2036","イーターオリジン","物品","1","薬草","可偷物品","伊塔起源","药草"
"2036","イーターオリジン","防具","1113","ライトリング","可偷物品","伊塔起源","轻灵戒指"
"2036","イーターオリジン","物品","172","混沌の欠片","可偷素材","伊塔起源","混沌的碎片"
"2037","ライオットオリジン","物品","906","ファイナルドリンク","掉落","莱奥特起源","最终饮料"
"2037","ライオットオリジン","物品","878","カオスマター","掉落","莱奥特起源","混沌物质"
"2037","ライオットオリジン","防具","1702","盗賊神の腕輪","掉落","莱奥特起源","盗贼神手镯"
"2037","ライオットオリジン","物品","7","ブーストドリンク","可偷物品","莱奥特起源","能量饮料"
"2037","ライオットオリジン","防具","1016","パワーリスト","可偷物品","莱奥特起源","力量护腕"
"2037","ライオットオリジン","物品","166","混沌の石","可偷素材","莱奥特起源","混沌之石"
"2038","ルクスルオリジン","物品","932","カオストルマリン","掉落","露克斯起源","混沌电气石"
"2038","ルクスルオリジン","物品","878","カオスマター","掉落","露克斯起源","混沌物质"
"2038","ルクスルオリジン","防具","1705","究極のチケット","掉落","露克斯起源","究极券"
"2038","ルクスルオリジン","物品","11","フェニックスの尾","可偷物品","露克斯起源","凤凰之尾"
"2038","ルクスルオリジン","物品","79","闇石","可偷物品","露克斯起源","暗石"
"2038","ルクスルオリジン","物品","166","混沌の石","可偷素材","露克斯起源","混沌之石"
"2039","カオスエルフ","物品","901","混沌薬草","掉落","混沌精灵","混沌药草"
"2039","カオスエルフ","物品","821","神の涙石","掉落","混沌精灵","神的泪石"
"2039","カオスエルフ","防具","1287","剣の極意書","掉落","混沌精灵","剑之极意书"
"2039","カオスエルフ","物品","1","薬草","可偷物品","混沌精灵","药草"
"2039","カオスエルフ","防具","1011","不思議なタトゥー","可偷物品","混沌精灵","不可思议纹身"
"2039","カオスエルフ","物品","343","パン","可偷食材","混沌精灵","面包"
"2039","カオスエルフ","物品","170","涙の凝石","可偷素材","混沌精灵","泪之凝石"
"2039","カオスエルフ","防具","1818","ダークエルフショーツ","可偷内裤","混沌精灵","暗精灵短裤"
"2040","カオスサモナー","物品","22","万能薬","掉落","混沌布道者","万能药"
"2040","カオスサモナー","物品","821","神の涙石","掉落","混沌布道者","神的泪石"
"2040","カオスサモナー","物品","2976","召喚使用可能の超秘石","掉落","混沌布道者","可以使用召唤的超秘石"
"2040","カオスサモナー","物品","15","山彦草","可偷物品","混沌布道者","山彦草"
"2040","カオスサモナー","防具","1100","ミラーリング","可偷物品","混沌布道者","镜像反射"
"2040","カオスサモナー","物品","331","ソーセージ","可偷食材","混沌布道者","香肠"
"2040","カオスサモナー","物品","170","涙の凝石","可偷素材","混沌布道者","泪之凝石"
"2040","カオスサモナー","防具","1819","ダークエルフパンツ","可偷内裤","混沌布道者","暗精灵内裤"
"2041","カオスフェアリー","物品","903","カオスの霊薬","掉落","混沌小仙子","混沌的灵药"
"2041","カオスフェアリー","物品","822","神様のどんぐり","掉落","混沌小仙子","神大人的橡果"
"2041","カオスフェアリー","防具","1374","自然感応の極意書","掉落","混沌小仙子","自然感应之极意书"
"2041","カオスフェアリー","物品","446","どんぐり","可偷物品","混沌小仙子","橡果"
"2041","カオスフェアリー","防具","1372","自然感応の書","可偷物品","混沌小仙子","自然感应之书"
"2041","カオスフェアリー","物品","304","さくらんぼ","可偷食材","混沌小仙子","樱桃"
"2041","カオスフェアリー","物品","188","妖精のどんぐり","可偷素材","混沌小仙子","妖精的橡果"
"2041","カオスフェアリー","防具","1839","ブラウニーズミニパンツ","可偷内裤","混沌小仙子","棕精灵迷你内裤"
"2042","ロストバブル","物品","358","ハンバーガー","掉落","失落泡沫","汉堡"
"2042","ロストバブル","物品","832","魔海の珊瑚","掉落","失落泡沫","魔海的珊瑚"
"2042","ロストバブル","物品","3059","守りの超秘石","掉落","失落泡沫","守护的超秘石"
"2042","ロストバブル","物品","1","薬草","可偷物品","失落泡沫","药草"
"2042","ロストバブル","物品","71","水石","可偷物品","失落泡沫","水石"
"2042","ロストバブル","物品","335","のり","可偷食材","失落泡沫","海苔"
"2042","ロストバブル","物品","171","綺麗な珊瑚","可偷素材","失落泡沫","美丽的珊瑚"
"2043","雷神鯰","物品","62","プラズマトルマリン","掉落","雷神鲶","等离子电气石"
"2043","雷神鯰","物品","832","魔海の珊瑚","掉落","雷神鲶","魔海的珊瑚"
"2043","雷神鯰","防具","1251","雷の極意書","掉落","雷神鲶","雷之极意书"
"2043","雷神鯰","物品","7","ブーストドリンク","可偷物品","雷神鲶","能量饮料"
"2043","雷神鯰","物品","59","雷石","可偷物品","雷神鲶","雷石"
"2043","雷神鯰","物品","328","うなぎ","可偷食材","雷神鲶","鳗鱼"
"2043","雷神鯰","物品","165","ネバネバ粘液","可偷素材","雷神鲶","黏糊糊粘液"
"2044","カオスラフレシア","物品","110","錬金砂","掉落","混沌霸王花","炼金砂"
"2044","カオスラフレシア","物品","855","世界樹の花びら","掉落","混沌霸王花","世界树的花瓣"
"2044","カオスラフレシア","防具","1478","恍惚の真印","掉落","混沌霸王花","恍惚之真印"
"2044","カオスラフレシア","物品","1","薬草","可偷物品","混沌霸王花","药草"
"2044","カオスラフレシア","防具","1721","守護香","可偷物品","混沌霸王花","守护香"
"2044","カオスラフレシア","物品","321","とうがらし","可偷食材","混沌霸王花","辣椒"
"2044","カオスラフレシア","物品","163","魔葉","可偷素材","混沌霸王花","魔叶"
"2045","堕馬","物品","22","万能薬","掉落","堕马","万能药"
"2045","堕馬","物品","845","神獣の爪","掉落","堕马","神兽的爪"
"2045","堕馬","防具","1040","星降る腕輪","掉落","堕马","星降手镯"
"2045","堕馬","物品","173","丈夫な蹄","可偷物品","堕马","坚固的蹄"
"2045","堕馬","防具","1730","修行リスト","可偷物品","堕马","修行手环"
"2045","堕馬","物品","310","にんじん","可偷食材","堕马","胡萝卜"
"2045","堕馬","物品","173","丈夫な蹄","可偷素材","堕马","坚固的蹄"
"2046","虚狐","物品","424","アイスクリーム","掉落","虚狐","冰淇淋"
"2046","虚狐","物品","826","白面のしっぽ","掉落","虚狐","白面的尾巴"
"2046","虚狐","物品","2734","忍術使用可能の超秘石","掉落","虚狐","可以使用忍术的超秘石"
"2046","虚狐","物品","174","ふわふわしっぽ","可偷物品","虚狐","蓬松尾巴"
"2046","虚狐","物品","67","土石","可偷物品","虚狐","土石"
"2046","虚狐","物品","370","いなりずし","可偷食材","虚狐","稻荷寿司"
"2046","虚狐","物品","174","ふわふわしっぽ","可偷素材","虚狐","蓬松尾巴"
"2046","虚狐","防具","1821","妖狐のひよこパンツ","可偷内裤","虚狐","妖狐的小鸡内裤"
"2047","混沌かむろ","物品","401","きつねうどん","掉落","混沌神室","狐狸乌冬面"
"2047","混沌かむろ","物品","826","白面のしっぽ","掉落","混沌神室","白面的尾巴"
"2047","混沌かむろ","防具","1338","扇の極意書","掉落","混沌神室","扇之极意书"
"2047","混沌かむろ","物品","1","薬草","可偷物品","混沌神室","药草"
"2047","混沌かむろ","防具","1061","不思議なかんざし","可偷物品","混沌神室","不可思议的发簪"
"2047","混沌かむろ","物品","333","あぶらあげ","可偷食材","混沌神室","油豆腐"
"2047","混沌かむろ","物品","174","ふわふわしっぽ","可偷素材","混沌神室","蓬松尾巴"
"2047","混沌かむろ","防具","1822","かむろのパンツ","可偷内裤","混沌神室","神室的内裤"
"2048","カオススパイダー","物品","93","空の超秘石","掉落","混沌蜘蛛","空的超秘石"
"2048","カオススパイダー","物品","830","究極の針","掉落","混沌蜘蛛","究极的针"
"2048","カオススパイダー","物品","2589","スロウ付加の超秘石","掉落","混沌蜘蛛","减速附加的超秘石"
"2048","カオススパイダー","物品","13","毒消し草","可偷物品","混沌蜘蛛","解毒草"
"2048","カオススパイダー","防具","163","あぶない水着","可偷物品","混沌蜘蛛","危险泳装"
"2048","カオススパイダー","物品","432","ほしにく","可偷食材","混沌蜘蛛","干肉"
"2048","カオススパイダー","物品","175","蜘蛛の糸","可偷素材","混沌蜘蛛","蜘蛛之丝"
"2049","カオスミミック","物品","39","女神の種","掉落","混沌宝箱怪","女神之种"
"2049","カオスミミック","物品","828","侵蝕の粘液","掉落","混沌宝箱怪","侵蚀的粘液"
"2049","カオスミミック","物品","900","大きなメダル","掉落","混沌宝箱怪","大奖章"
"2049","カオスミミック","物品","11","フェニックスの尾","可偷物品","混沌宝箱怪","凤凰之尾"
"2049","カオスミミック","物品","32","小さなメダル","可偷物品","混沌宝箱怪","小奖章"
"2049","カオスミミック","物品","359","ピザ","可偷食材","混沌宝箱怪","披萨"
"2049","カオスミミック","物品","161","ヌルヌル粘液","可偷素材","混沌宝箱怪","黏滑粘液"
"2049","カオスミミック","防具","1823","ミミックパンツ","可偷内裤","混沌宝箱怪","宝箱怪内裤"
"2050","紅七尾","物品","903","カオスの霊薬","掉落","红七尾","混沌的灵药"
"2050","紅七尾","物品","826","白面のしっぽ","掉落","红七尾","白面的尾巴"
"2050","紅七尾","物品","2955","陰陽術の絶秘石","掉落","红七尾","阴阳术的绝秘石"
"2052","カオスナマコ","物品","901","混沌薬草","掉落","混沌海参","混沌药草"
"2052","カオスナマコ","物品","832","魔海の珊瑚","掉落","混沌海参","魔海的珊瑚"
"2052","カオスナマコ","防具","1260","水の極意書","掉落","混沌海参","水之极意书"
"2052","カオスナマコ","物品","2","高級薬草","可偷物品","混沌海参","高级药草"
"2052","カオスナマコ","物品","71","水石","可偷物品","混沌海参","水石"
"2052","カオスナマコ","物品","322","さかな","可偷食材","混沌海参","鱼"
"2052","カオスナマコ","物品","171","綺麗な珊瑚","可偷素材","混沌海参","美丽的珊瑚"
"2053","ネイチャーシェル","物品","74","ウンディーネサファイア","掉落","天然贝壳","温蒂妮蓝宝石"
"2053","ネイチャーシェル","物品","832","魔海の珊瑚","掉落","天然贝壳","魔海的珊瑚"
"2053","ネイチャーシェル","物品","3096","窮地物理耐性の超秘石","掉落","天然贝壳","绝境物理耐性的超秘石"
"2053","ネイチャーシェル","物品","2","高級薬草","可偷物品","天然贝壳","高级药草"
"2053","ネイチャーシェル","物品","27","守りの種","可偷物品","天然贝壳","守护之种"
"2053","ネイチャーシェル","物品","389","味噌汁","可偷食材","天然贝壳","味噌汤"
"2053","ネイチャーシェル","物品","176","頑丈な貝殻","可偷素材","天然贝壳","坚固的贝壳"
"2054","カオスキャンサー","物品","93","空の超秘石","掉落","混沌巨蟹","空的超秘石"
"2054","カオスキャンサー","物品","832","魔海の珊瑚","掉落","混沌巨蟹","魔海的珊瑚"
"2054","カオスキャンサー","物品","4262","反射ダメージの超秘石","掉落","混沌巨蟹","反射伤害的超秘石"
"2054","カオスキャンサー","物品","17","満月草","可偷物品","混沌巨蟹","满月草"
"2054","カオスキャンサー","防具","1558","パラライチェック","可偷物品","混沌巨蟹","麻痹抵抗"
"2054","カオスキャンサー","物品","326","カニ","可偷食材","混沌巨蟹","蟹"
"2054","カオスキャンサー","物品","171","綺麗な珊瑚","可偷素材","混沌巨蟹","美丽的珊瑚"
"2055","ステルスジェル","物品","385","焼き鳥","掉落","隐身胶体","烤鸡串"
"2055","ステルスジェル","物品","823","きらきらゼリー","掉落","隐身胶体","闪闪发光的果冻"
"2055","ステルスジェル","物品","2614","消化付加の超秘石","掉落","隐身胶体","消化附加的超秘石"
"2055","ステルスジェル","物品","2","高級薬草","可偷物品","隐身胶体","高级药草"
"2055","ステルスジェル","防具","1375","粘液技の書","可偷物品","隐身胶体","粘液技之书"
"2055","ステルスジェル","物品","329","肉","可偷食材","隐身胶体","肉"
"2055","ステルスジェル","物品","177","にゅるにゅるゼリー","可偷素材","隐身胶体","滑溜溜果冻"
"2056","堕西瓜","物品","417","ケーキ","掉落","堕西瓜","蛋糕"
"2056","堕西瓜","物品","855","世界樹の花びら","掉落","堕西瓜","世界树的花瓣"
"2056","堕西瓜","物品","2559","混乱付加の超秘石","掉落","堕西瓜","混乱附加的超秘石"
"2056","堕西瓜","物品","163","魔葉","可偷物品","堕西瓜","魔叶"
"2056","堕西瓜","武器","8","メイジマッシャー","可偷物品","堕西瓜","法师杀手"
"2056","堕西瓜","物品","304","さくらんぼ","可偷食材","堕西瓜","樱桃"
"2056","堕西瓜","物品","163","魔葉","可偷素材","堕西瓜","魔叶"
"2057","エビルカズラ","物品","901","混沌薬草","掉落","邪蔓","混沌药草"
"2057","エビルカズラ","物品","855","世界樹の花びら","掉落","邪蔓","世界树的花瓣"
"2057","エビルカズラ","物品","2634","恍惚付加の超秘石","掉落","邪蔓","恍惚附加的超秘石"
"2057","エビルカズラ","物品","2","高級薬草","可偷物品","邪蔓","高级药草"
"2057","エビルカズラ","防具","1576","メルトチェック","可偷物品","邪蔓","消化抵抗"
"2057","エビルカズラ","物品","337","イチゴジャム","可偷食材","邪蔓","草莓酱"
"2057","エビルカズラ","物品","163","魔葉","可偷素材","邪蔓","魔叶"
"2058","カオスラミア","物品","93","空の超秘石","掉落","混沌拉米亚","空的超秘石"
"2058","カオスラミア","物品","838","魔王の蛇尾","掉落","混沌拉米亚","魔王的蛇尾"
"2058","カオスラミア","防具","1383","蛇技の極意書","掉落","混沌拉米亚","蛇技之极意书"
"2058","カオスラミア","物品","16","気付け薬","可偷物品","混沌拉米亚","提神药"
"2058","カオスラミア","防具","1381","蛇技の書","可偷物品","混沌拉米亚","蛇技之书"
"2058","カオスラミア","物品","376","ハンバーグ","可偷食材","混沌拉米亚","汉堡肉"
"2058","カオスラミア","物品","178","ラミアの尾","可偷素材","混沌拉米亚","拉米亚的尾巴"
"2059","混沌に揺れるワカメ","物品","389","味噌汁","掉落","混沌中摇曳的裙带菜","味噌汤"
"2059","混沌に揺れるワカメ","物品","832","魔海の珊瑚","掉落","混沌中摇曳的裙带菜","魔海的珊瑚"
"2059","混沌に揺れるワカメ","防具","4076","混沌回避コア","掉落","混沌中摇曳的裙带菜","混沌回避核心"
"2059","混沌に揺れるワカメ","物品","2","高級薬草","可偷物品","混沌中摇曳的裙带菜","高级药草"
"2059","混沌に揺れるワカメ","防具","1142","清水","可偷物品","混沌中摇曳的裙带菜","清水"
"2059","混沌に揺れるワカメ","物品","335","のり","可偷食材","混沌中摇曳的裙带菜","海苔"
"2059","混沌に揺れるワカメ","物品","71","水石","可偷素材","混沌中摇曳的裙带菜","水石"
"2060","カオスクラゲ","物品","74","ウンディーネサファイア","掉落","混沌海蜇","温蒂妮蓝宝石"
"2060","カオスクラゲ","物品","832","魔海の珊瑚","掉落","混沌海蜇","魔海的珊瑚"
"2060","カオスクラゲ","物品","2584","ショック付加の超秘石","掉落","混沌海蜇","电击附加的超秘石"
"2060","カオスクラゲ","物品","17","満月草","可偷物品","混沌海蜇","满月草"
"2060","カオスクラゲ","防具","1115","コンバートリング","可偷物品","混沌海蜇","转换戒指"
"2060","カオスクラゲ","物品","322","さかな","可偷食材","混沌海蜇","鱼"
"2060","カオスクラゲ","物品","179","あやしい触手","可偷素材","混沌海蜇","诡异的触手"
"2061","カーズギンチャク","物品","93","空の超秘石","掉落","究极海葵","空的超秘石"
"2061","カーズギンチャク","物品","832","魔海の珊瑚","掉落","究极海葵","魔海的珊瑚"
"2061","カーズギンチャク","物品","2163","種族特攻強化の超秘石","掉落","究极海葵","种族特攻强化的超秘石"
"2061","カーズギンチャク","物品","13","毒消し草","可偷物品","究极海葵","解毒草"
"2061","カーズギンチャク","防具","1548","ポイズンチェック","可偷物品","究极海葵","中毒抵抗"
"2061","カーズギンチャク","物品","322","さかな","可偷食材","究极海葵","鱼"
"2061","カーズギンチャク","物品","179","あやしい触手","可偷素材","究极海葵","诡异的触手"
"2062","ディープアンコウ","物品","388","エビチリ","掉落","深渊鮟鱇鱼","虾仁炒饭"
"2062","ディープアンコウ","物品","832","魔海の珊瑚","掉落","深渊鮟鱇鱼","魔海的珊瑚"
"2062","ディープアンコウ","防具","1275","種族特攻の極意書","掉落","深渊鮟鱇鱼","种族特攻之极意书"
"2062","ディープアンコウ","物品","14","目薬","可偷物品","深渊鮟鱇鱼","眼药水"
"2062","ディープアンコウ","武器","408","アクアハンマー","可偷物品","深渊鮟鱇鱼","水锤"
"2062","ディープアンコウ","物品","327","エビ","可偷食材","深渊鮟鱇鱼","虾"
"2062","ディープアンコウ","物品","71","水石","可偷素材","深渊鮟鱇鱼","水石"
"2063","少年を喰らいし者","物品","112","賢者の石","掉落","吞噬少年的存在","贤者之石"
"2063","少年を喰らいし者","物品","832","魔海の珊瑚","掉落","吞噬少年的存在","魔海的珊瑚"
"2063","少年を喰らいし者","物品","3668","銀河に親しむ者の大秘石","掉落","吞噬少年的存在","银河亲和者的大秘石"
"2063","少年を喰らいし者","物品","4","霊薬","可偷物品","吞噬少年的存在","灵药"
"2063","少年を喰らいし者","武器","525","ホーリーロッド","可偷物品","吞噬少年的存在","神圣法杖"
"2063","少年を喰らいし者","物品","322","さかな","可偷食材","吞噬少年的存在","鱼"
"2063","少年を喰らいし者","物品","204","人魚の鱗","可偷素材","吞噬少年的存在","人鱼的鳞片"
"2064","170077ページ","物品","62","プラズマトルマリン","掉落","170077页","等离子电气石"
"2064","170077ページ","物品","834","シャインエキス","掉落","170077页","闪耀精华"
"2064","170077ページ","物品","3208","風土水耐性の超秘石","掉落","170077页","风土水耐性的超秘石"
"2064","170077ページ","物品","17","満月草","可偷物品","170077页","满月草"
"2064","170077ページ","防具","1007","ムーンオーブ","可偷物品","170077页","月之宝珠"
"2064","170077ページ","物品","314","ピーマン","可偷食材","170077页","青椒"
"2064","170077ページ","物品","180","貴重な羊皮紙","可偷素材","170077页","珍贵的羊皮纸"
"2065","257000757ページ","物品","111","魔水銀","掉落","257000757页","魔水银"
"2065","257000757ページ","物品","834","シャインエキス","掉落","257000757页","闪耀精华"
"2065","257000757ページ","防具","1356","魔導書の極意書","掉落","257000757页","魔导书之极意书"
"2065","257000757ページ","物品","15","山彦草","可偷物品","257000757页","山彦草"
"2065","257000757ページ","防具","1552","サイレスチェック","可偷物品","257000757页","沉默抵抗"
"2065","257000757ページ","物品","418","チョコケーキ","可偷食材","257000757页","巧克力蛋糕"
"2065","257000757ページ","物品","180","貴重な羊皮紙","可偷素材","257000757页","珍贵的羊皮纸"
"2065","257000757ページ","防具","1825","257ページのパンツ","可偷内裤","257000757页","257页的内裤"
"2066","1420.406ページ","物品","93","空の超秘石","掉落","1420.406ページ","空的超秘石"
"2066","1420.406ページ","物品","834","シャインエキス","掉落","1420.406ページ","闪耀精华"
"2066","1420.406ページ","物品","3874","魔導司書のための絶秘石","掉落","1420.406ページ","魔导司书的绝秘石"
"2066","1420.406ページ","防具","1826","65537ページのパンツ","可偷内裤","1420.406ページ","65537页的内裤"
"2067","ピュートーン","物品","12","世界樹の葉","掉落","皮同","世界树之叶"
"2067","ピュートーン","物品","838","魔王の蛇尾","掉落","皮同","魔王的蛇尾"
"2067","ピュートーン","防具","1010","マスターオーブ","掉落","皮同","大师宝珠"
"2067","ピュートーン","物品","19","聖水","可偷物品","皮同","圣水"
"2067","ピュートーン","武器","59","誘惑の剣","可偷物品","皮同","诱惑之剑"
"2067","ピュートーン","物品","317","にんにく","可偷食材","皮同","大蒜"
"2067","ピュートーン","物品","178","ラミアの尾","可偷素材","皮同","拉米亚的尾巴"
"2068","フォールンマザー","物品","78","エンジェルダイヤモンド","掉落","堕落圣母","天使钻石"
"2068","フォールンマザー","物品","844","大淫魔の尻尾","掉落","堕落圣母","大淫魔的尾巴"
"2068","フォールンマザー","防具","4516","ナイトメアの秘伝書","掉落","堕落圣母","噩梦之秘传书"
"2068","フォールンマザー","物品","4","霊薬","可偷物品","堕落圣母","灵药"
"2068","フォールンマザー","防具","1315","杖の書","可偷物品","堕落圣母","杖之书"
"2068","フォールンマザー","物品","317","にんにく","可偷食材","堕落圣母","大蒜"
"2068","フォールンマザー","物品","181","淫魔の尻尾","可偷素材","堕落圣母","淫魔的尾巴"
"2068","フォールンマザー","防具","1827","シスキュバスのパンツ","可偷内裤","堕落圣母","修女魅魔的内裤"
"2069","蟻を喰らう者","物品","901","混沌薬草","掉落","噬蚁者","混沌药草"
"2069","蟻を喰らう者","物品","845","神獣の爪","掉落","噬蚁者","神兽的爪"
"2069","蟻を喰らう者","防具","1302","拳の極意書","掉落","噬蚁者","拳套之极意书"
"2069","蟻を喰らう者","物品","2","高級薬草","可偷物品","噬蚁者","高级药草"
"2069","蟻を喰らう者","武器","294","黄金の爪","可偷物品","噬蚁者","黄金爪"
"2069","蟻を喰らう者","物品","336","あんこ","可偷食材","噬蚁者","豆沙"
"2069","蟻を喰らう者","物品","182","魔獣の爪","可偷素材","噬蚁者","魔兽之爪"
"2069","蟻を喰らう者","防具","1828","アリクイパンツ","可偷内裤","噬蚁者","食蚁兽内裤"
"2070","カオスグリズリー","物品","377","ステーキ","掉落","混沌灰熊","牛排"
"2070","カオスグリズリー","物品","845","神獣の爪","掉落","混沌灰熊","神兽的爪"
"2070","カオスグリズリー","物品","2442","会心を繰り出す者の超秘石","掉落","混沌灰熊","会心一击者的超秘石"
"2070","カオスグリズリー","物品","7","ブーストドリンク","可偷物品","混沌灰熊","能量饮料"
"2070","カオスグリズリー","防具","1378","獣技の書","可偷物品","混沌灰熊","兽技之书"
"2070","カオスグリズリー","物品","329","肉","可偷食材","混沌灰熊","肉"
"2070","カオスグリズリー","物品","182","魔獣の爪","可偷素材","混沌灰熊","魔兽之爪"
"2071","XXXX-7","物品","905","カオスドリンク","掉落","XXXX-7","混沌饮料"
"2071","XXXX-7","物品","842","高次半導体","掉落","XXXX-7","高次半导体"
"2071","XXXX-7","防具","1404","造技の極意書","掉落","XXXX-7","造技之极意书"
"2071","XXXX-7","物品","7","ブーストドリンク","可偷物品","XXXX-7","能量饮料"
"2071","XXXX-7","防具","1042","職人の首飾り","可偷物品","XXXX-7","工匠项链"
"2071","XXXX-7","物品","339","カレー粉","可偷食材","XXXX-7","咖喱粉"
"2071","XXXX-7","物品","183","精巧な歯車","可偷素材","XXXX-7","精巧的齿轮"
"2072","カオスバグ","物品","901","混沌薬草","掉落","混沌虫","混沌药草"
"2072","カオスバグ","物品","830","究極の針","掉落","混沌虫","究极的针"
"2072","カオスバグ","物品","2738","オラクル使用可能の超秘石","掉落","混沌虫","可以使用神谕的超秘石"
"2072","カオスバグ","物品","2","高級薬草","可偷物品","混沌虫","高级药草"
"2072","カオスバグ","物品","30","素早さの種","可偷物品","混沌虫","敏捷之种"
"2072","カオスバグ","物品","301","りんご","可偷食材","混沌虫","苹果"
"2072","カオスバグ","物品","184","キメラ細胞","可偷素材","混沌虫","奇美拉细胞"
"2073","機甲蟹","物品","93","空の超秘石","掉落","机甲蟹","空的超秘石"
"2073","機甲蟹","物品","842","高次半導体","掉落","机甲蟹","高次半导体"
"2073","機甲蟹","物品","2123","狙う者の超秘石","掉落","机甲蟹","瞄准者的超秘石"
"2073","機甲蟹","物品","20","金の針","可偷物品","机甲蟹","金针"
"2073","機甲蟹","防具","1022","ミスリルの小手","可偷物品","机甲蟹","秘银制护手"
"2073","機甲蟹","物品","326","カニ","可偷食材","机甲蟹","蟹"
"2073","機甲蟹","物品","183","精巧な歯車","可偷素材","机甲蟹","精巧的齿轮"
"2074","カオスマリア","物品","927","禁忌の種","掉落","混沌玛利亚","禁忌之种"
"2074","カオスマリア","物品","866","オメガコア","掉落","混沌玛利亚","欧米伽核心"
"2074","カオスマリア","防具","4540","イオンの神書","掉落","混沌玛利亚","离子之神书"
"2075","カオスゴースト","物品","903","カオスの霊薬","掉落","混沌幽灵","混沌的灵药"
"2075","カオスゴースト","物品","839","冥府の髪","掉落","混沌幽灵","冥府的头发"
"2075","カオスゴースト","物品","4090","ゴーストのための絶秘石","掉落","混沌幽灵","幽灵的绝秘石"
"2075","カオスゴースト","物品","4","霊薬","可偷物品","混沌幽灵","灵药"
"2075","カオスゴースト","防具","70","ダークメイル","可偷物品","混沌幽灵","黑暗铠甲"
"2075","カオスゴースト","物品","311","なすび","可偷食材","混沌幽灵","茄子"
"2075","カオスゴースト","物品","185","幽霊の髪","可偷素材","混沌幽灵","幽灵的头发"
"2075","カオスゴースト","防具","1829","ゴーストパンツ","可偷内裤","混沌幽灵","幽灵内裤"
"2076","混沌人形","物品","423","プリン","掉落","混沌人偶","布丁"
"2076","混沌人形","物品","851","量子の歯車","掉落","混沌人偶","量子的齿轮"
"2076","混沌人形","物品","4096","ドールのための絶秘石","掉落","混沌人偶","人偶的绝秘石"
"2076","混沌人形","物品","18","打出の小槌","可偷物品","混沌人偶","打出的小槌"
"2076","混沌人形","武器","446","デスシックル","可偷物品","混沌人偶","死亡之镰"
"2076","混沌人形","物品","435","アメ玉","可偷食材","混沌人偶","糖球"
"2076","混沌人形","物品","185","幽霊の髪","可偷素材","混沌人偶","幽灵的头发"
"2076","混沌人形","防具","1830","ドールパンツ","可偷内裤","混沌人偶","人偶内裤"
"2077","虚剣士","物品","901","混沌薬草","掉落","虚空剑士","混沌药草"
"2077","虚剣士","物品","850","冥界のパウダー","掉落","虚空剑士","冥界的粉末"
"2077","虚剣士","物品","2317","剣技の絶秘石","掉落","虚空剑士","剑技的绝秘石"
"2077","虚剣士","物品","2","高級薬草","可偷物品","虚空剑士","高级药草"
"2077","虚剣士","防具","3","旅人の服","可偷物品","虚空剑士","旅行者的服装"
"2077","虚剣士","物品","432","ほしにく","可偷食材","虚空剑士","干肉"
"2077","虚剣士","物品","186","ゾンビパウダー","可偷素材","虚空剑士","僵尸粉"
"2077","虚剣士","防具","1831","ゾンビ剣士のパンツ","可偷内裤","虚空剑士","僵尸剑士的内裤"
"2078","カオスゾンビ","物品","22","万能薬","掉落","混沌僵尸","万能药"
"2078","カオスゾンビ","物品","850","冥界のパウダー","掉落","混沌僵尸","冥界的粉末"
"2078","カオスゾンビ","物品","4084","ゾンビのための絶秘石","掉落","混沌僵尸","僵尸的绝秘石"
"2078","カオスゾンビ","物品","16","気付け薬","可偷物品","混沌僵尸","提神药"
"2078","カオスゾンビ","防具","1556","スリープチェック","可偷物品","混沌僵尸","睡眠抵抗"
"2078","カオスゾンビ","物品","432","ほしにく","可偷食材","混沌僵尸","干肉"
"2078","カオスゾンビ","物品","186","ゾンビパウダー","可偷素材","混沌僵尸","僵尸粉"
"2078","カオスゾンビ","防具","1833","ゾンビ娘の黒パンツ","可偷内裤","混沌僵尸","僵尸娘的黑色内裤"
"2079","カオスゾンビ","物品","375","目玉焼き","掉落","混沌僵尸","荷包蛋"
"2079","カオスゾンビ","物品","850","冥界のパウダー","掉落","混沌僵尸","冥界的粉末"
"2079","カオスゾンビ","物品","2605","ゾンビ付加の絶秘石","掉落","混沌僵尸","僵尸附加的绝秘石"
"2079","カオスゾンビ","物品","13","毒消し草","可偷物品","混沌僵尸","解毒草"
"2079","カオスゾンビ","防具","1167","遺言状","可偷物品","混沌僵尸","遗嘱"
"2079","カオスゾンビ","物品","432","ほしにく","可偷食材","混沌僵尸","干肉"
"2079","カオスゾンビ","物品","186","ゾンビパウダー","可偷素材","混沌僵尸","僵尸粉"
"2079","カオスゾンビ","防具","1834","ゾンビ娘の赤パンツ","可偷内裤","混沌僵尸","僵尸娘的红内裤"
"2080","カオスゾンビ","物品","402","ホットドッグ","掉落","混沌僵尸","热狗"
"2080","カオスゾンビ","物品","850","冥界のパウダー","掉落","混沌僵尸","冥界的粉末"
"2080","カオスゾンビ","物品","3198","バイオ無効の絶秘石","掉落","混沌僵尸","生化无效的绝秘石"
"2080","カオスゾンビ","物品","17","満月草","可偷物品","混沌僵尸","满月草"
"2080","カオスゾンビ","防具","1002","ハッスルベルト","可偷物品","混沌僵尸","活力腰带"
"2080","カオスゾンビ","物品","432","ほしにく","可偷食材","混沌僵尸","干肉"
"2080","カオスゾンビ","物品","186","ゾンビパウダー","可偷素材","混沌僵尸","僵尸粉"
"2080","カオスゾンビ","防具","1835","ゾンビエルフのパンツ","可偷内裤","混沌僵尸","僵尸精灵的内裤"
"2081","カオスゾンビ","物品","111","魔水銀","掉落","混沌僵尸","魔水银"
"2081","カオスゾンビ","物品","850","冥界のパウダー","掉落","混沌僵尸","冥界的粉末"
"2081","カオスゾンビ","物品","3209","風土水耐性の絶秘石","掉落","混沌僵尸","风土水耐性的绝秘石"
"2081","カオスゾンビ","物品","4","霊薬","可偷物品","混沌僵尸","灵药"
"2081","カオスゾンビ","防具","1572","ゾンビチェック","可偷物品","混沌僵尸","僵尸抵抗"
"2081","カオスゾンビ","物品","432","ほしにく","可偷食材","混沌僵尸","干肉"
"2081","カオスゾンビ","物品","186","ゾンビパウダー","可偷素材","混沌僵尸","僵尸粉"
"2081","カオスゾンビ","防具","1832","ゾンビ娘のギリギリパンツ","可偷内裤","混沌僵尸","僵尸娘的紧身内裤"
"2084","虚無の弓姫","物品","903","カオスの霊薬","掉落","虚无的弓姬","混沌的灵药"
"2084","虚無の弓姫","物品","821","神の涙石","掉落","虚无的弓姬","神的泪石"
"2084","虚無の弓姫","物品","2511","器用さの超秘石","掉落","虚无的弓姬","灵巧的超秘石"
"2084","虚無の弓姫","物品","4","霊薬","可偷物品","虚无的弓姬","灵药"
"2084","虚無の弓姫","防具","73","フォレストガード","可偷物品","虚无的弓姬","森林守卫"
"2084","虚無の弓姫","物品","311","なすび","可偷食材","虚无的弓姬","茄子"
"2084","虚無の弓姫","物品","187","涙の宝石","可偷素材","虚无的弓姬","泪之宝石"
"2084","虚無の弓姫","防具","1838","エルフのパンツ","可偷内裤","虚无的弓姬","精灵的内裤"
"2085","虚無の鍛冶屋","物品","905","カオスドリンク","掉落","虚无的铁匠","混沌饮料"
"2085","虚無の鍛冶屋","物品","822","神様のどんぐり","掉落","虚无的铁匠","神大人的橡果"
"2085","虚無の鍛冶屋","物品","2113","力の超秘石","掉落","虚无的铁匠","力量的超秘石"
"2085","虚無の鍛冶屋","物品","1","薬草","可偷物品","虚无的铁匠","药草"
"2085","虚無の鍛冶屋","防具","1006","マジックオーブ","可偷物品","虚无的铁匠","魔法宝珠"
"2085","虚無の鍛冶屋","物品","320","とうもろこし","可偷食材","虚无的铁匠","玉米"
"2085","虚無の鍛冶屋","物品","169","不思議などんぐり","可偷素材","虚无的铁匠","不可思议的橡果"
"2085","虚無の鍛冶屋","防具","1820","妖精のミニミニパンツ","可偷内裤","虚无的铁匠","妖精的迷你迷你内裤"
"2086","カオスジェミニ","物品","450","ちぃぱっぱ","掉落","混沌双子星","叽啪啪"
"2086","カオスジェミニ","物品","822","神様のどんぐり","掉落","混沌双子星","神大人的橡果"
"2086","カオスジェミニ","物品","3530","自然感応使用可能の超秘石","掉落","混沌双子星","可以使用自然感应的超秘石"
"2086","カオスジェミニ","物品","447","松ぼっくり","可偷物品","混沌双子星","松果"
"2086","カオスジェミニ","防具","1007","ムーンオーブ","可偷物品","混沌双子星","月之宝珠"
"2086","カオスジェミニ","物品","301","りんご","可偷食材","混沌双子星","苹果"
"2086","カオスジェミニ","物品","188","妖精のどんぐり","可偷素材","混沌双子星","妖精的橡果"
"2086","カオスジェミニ","防具","1840","双子妖精のミニミニパンツ","可偷内裤","混沌双子星","双胞胎妖精的迷你内裤"
"2087","カオスフェアリーズ","物品","450","ちぃぱっぱ","掉落","混沌小仙子们","叽啪啪"
"2087","カオスフェアリーズ","物品","822","神様のどんぐり","掉落","混沌小仙子们","神大人的橡果"
"2087","カオスフェアリーズ","物品","3143","炎耐性の超秘石","掉落","混沌小仙子们","炎耐性的超秘石"
"2087","カオスフェアリーズ","物品","2","高級薬草","可偷物品","混沌小仙子们","高级药草"
"2087","カオスフェアリーズ","防具","1276","回復の書","可偷物品","混沌小仙子们","恢复之书"
"2087","カオスフェアリーズ","物品","435","アメ玉","可偷食材","混沌小仙子们","糖球"
"2087","カオスフェアリーズ","物品","188","妖精のどんぐり","可偷素材","混沌小仙子们","妖精的橡果"
"2087","カオスフェアリーズ","防具","1841","妖精達のミニミニパンツ","可偷内裤","混沌小仙子们","妖精们的迷你内裤"
"2088","カオスフェアリーズ","物品","450","ちぃぱっぱ","掉落","混沌小仙子们","叽啪啪"
"2088","カオスフェアリーズ","物品","822","神様のどんぐり","掉落","混沌小仙子们","神大人的橡果"
"2088","カオスフェアリーズ","物品","3149","氷耐性の超秘石","掉落","混沌小仙子们","冰耐性的超秘石"
"2088","カオスフェアリーズ","物品","4","霊薬","可偷物品","混沌小仙子们","灵药"
"2088","カオスフェアリーズ","防具","1115","コンバートリング","可偷物品","混沌小仙子们","转换戒指"
"2088","カオスフェアリーズ","物品","301","りんご","可偷食材","混沌小仙子们","苹果"
"2088","カオスフェアリーズ","物品","188","妖精のどんぐり","可偷素材","混沌小仙子们","妖精的橡果"
"2088","カオスフェアリーズ","防具","1841","妖精達のミニミニパンツ","可偷内裤","混沌小仙子们","妖精们的迷你内裤"
"2089","カオスフェアリーズ","物品","346","あんぱん","掉落","混沌小仙子们","红豆面包"
"2089","カオスフェアリーズ","物品","822","神様のどんぐり","掉落","混沌小仙子们","神大人的橡果"
"2089","カオスフェアリーズ","物品","3155","雷耐性の超秘石","掉落","混沌小仙子们","雷耐性的超秘石"
"2089","カオスフェアリーズ","物品","11","フェニックスの尾","可偷物品","混沌小仙子们","凤凰之尾"
"2089","カオスフェアリーズ","武器","520","ミスリルロッド","可偷物品","混沌小仙子们","秘银法杖"
"2089","カオスフェアリーズ","物品","304","さくらんぼ","可偷食材","混沌小仙子们","樱桃"
"2089","カオスフェアリーズ","物品","188","妖精のどんぐり","可偷素材","混沌小仙子们","妖精的橡果"
"2089","カオスフェアリーズ","防具","1841","妖精達のミニミニパンツ","可偷内裤","混沌小仙子们","妖精们的迷你内裤"
"2090","カオスフェアリーズ","物品","66","シルフエメラルド","掉落","混沌小仙子们","希尔芙翡翠"
"2090","カオスフェアリーズ","物品","822","神様のどんぐり","掉落","混沌小仙子们","神大人的橡果"
"2090","カオスフェアリーズ","物品","3161","風耐性の超秘石","掉落","混沌小仙子们","风耐性的超秘石"
"2090","カオスフェアリーズ","物品","19","聖水","可偷物品","混沌小仙子们","圣水"
"2090","カオスフェアリーズ","武器","561","疾風の弓矢","可偷物品","混沌小仙子们","疾风之箭"
"2090","カオスフェアリーズ","物品","417","ケーキ","可偷食材","混沌小仙子们","蛋糕"
"2090","カオスフェアリーズ","物品","64","緑風石","可偷素材","混沌小仙子们","绿风石"
"2090","カオスフェアリーズ","防具","1841","妖精達のミニミニパンツ","可偷内裤","混沌小仙子们","妖精们的迷你内裤"
"2091","カオスフェアリーズ","物品","58","フロストアメジスト","掉落","混沌小仙子们","霜冻紫水晶"
"2091","カオスフェアリーズ","物品","822","神様のどんぐり","掉落","混沌小仙子们","神大人的橡果"
"2091","カオスフェアリーズ","物品","3167","土耐性の超秘石","掉落","混沌小仙子们","土耐性的超秘石"
"2091","カオスフェアリーズ","物品","18","打出の小槌","可偷物品","混沌小仙子们","打出的小槌"
"2091","カオスフェアリーズ","物品","12","世界樹の葉","可偷物品","混沌小仙子们","世界树之叶"
"2091","カオスフェアリーズ","物品","434","ビスケット","可偷食材","混沌小仙子们","饼干"
"2091","カオスフェアリーズ","物品","188","妖精のどんぐり","可偷素材","混沌小仙子们","妖精的橡果"
"2091","カオスフェアリーズ","防具","1841","妖精達のミニミニパンツ","可偷内裤","混沌小仙子们","妖精们的迷你内裤"
"2092","カオスフェアリーズ","物品","398","麻婆豆腐","掉落","混沌小仙子们","麻婆豆腐"
"2092","カオスフェアリーズ","物品","822","神様のどんぐり","掉落","混沌小仙子们","神大人的橡果"
"2092","カオスフェアリーズ","物品","3173","水耐性の超秘石","掉落","混沌小仙子们","水耐性的超秘石"
"2092","カオスフェアリーズ","物品","2","高級薬草","可偷物品","混沌小仙子们","高级药草"
"2092","カオスフェアリーズ","武器","894","ガーランド","可偷物品","混沌小仙子们","加兰德"
"2092","カオスフェアリーズ","物品","361","おにぎり","可偷食材","混沌小仙子们","饭团"
"2092","カオスフェアリーズ","物品","188","妖精のどんぐり","可偷素材","混沌小仙子们","妖精的橡果"
"2092","カオスフェアリーズ","防具","1841","妖精達のミニミニパンツ","可偷内裤","混沌小仙子们","妖精们的迷你内裤"
"2093","シルフオリジン","物品","933","カオスエメラルド","掉落","希尔芙起源","混沌翡翠"
"2093","シルフオリジン","物品","868","ハイエレメントコア","掉落","希尔芙起源","高阶元素核心"
"2093","シルフオリジン","防具","4467","風の神書","掉落","希尔芙起源","风之神书"
"2093","シルフオリジン","防具","1842","シルフパンツ","可偷内裤","希尔芙起源","希尔芙内裤"
"2095","カオスタランチュラ","物品","70","ノームトパーズ","掉落","混沌塔兰图拉毒蛛","诺姆黄玉"
"2095","カオスタランチュラ","物品","830","究極の針","掉落","混沌塔兰图拉毒蛛","究极的针"
"2095","カオスタランチュラ","物品","3197","バイオ耐性の超秘石","掉落","混沌塔兰图拉毒蛛","生化耐性的超秘石"
"2095","カオスタランチュラ","物品","17","満月草","可偷物品","混沌塔兰图拉毒蛛","满月草"
"2095","カオスタランチュラ","防具","1393","虫技の書","可偷物品","混沌塔兰图拉毒蛛","虫技之书"
"2095","カオスタランチュラ","物品","329","肉","可偷食材","混沌塔兰图拉毒蛛","肉"
"2095","カオスタランチュラ","物品","175","蜘蛛の糸","可偷素材","混沌塔兰图拉毒蛛","蜘蛛之丝"
"2096","カオスタウロス","物品","371","牛丼","掉落","混沌牛头怪","牛丼"
"2096","カオスタウロス","物品","859","牛魔王の角","掉落","混沌牛头怪","牛魔王的角"
"2096","カオスタウロス","物品","2128","会心の超秘石","掉落","混沌牛头怪","会心的超秘石"
"2096","カオスタウロス","物品","7","ブーストドリンク","可偷物品","混沌牛头怪","能量饮料"
"2096","カオスタウロス","防具","1306","斧の書","可偷物品","混沌牛头怪","斧之书"
"2096","カオスタウロス","物品","342","ミルク","可偷食材","混沌牛头怪","牛奶"
"2096","カオスタウロス","物品","189","猛牛の角","可偷素材","混沌牛头怪","猛牛之角"
"2096","カオスタウロス","防具","1843","ミノタウロスパンツ","可偷内裤","混沌牛头怪","米诺陶洛斯内裤"
"2097","カオススナッチ","物品","111","魔水銀","掉落","混沌攫速者","魔水银"
"2097","カオススナッチ","物品","834","シャインエキス","掉落","混沌攫速者","闪耀精华"
"2097","カオススナッチ","物品","2143","万能反撃の超秘石","掉落","混沌攫速者","万能反击的超秘石"
"2097","カオススナッチ","物品","2","高級薬草","可偷物品","混沌攫速者","高级药草"
"2097","カオススナッチ","防具","1300","拳の書","可偷物品","混沌攫速者","拳套之书"
"2097","カオススナッチ","物品","312","大根","可偷食材","混沌攫速者","白萝卜"
"2097","カオススナッチ","物品","68","橙土石","可偷素材","混沌攫速者","橙土石"
"2098","フリーダム","物品","460","しあわせミルク","掉落","自由","幸福牛奶"
"2098","フリーダム","物品","844","大淫魔の尻尾","掉落","自由","大淫魔的尾巴"
"2098","フリーダム","物品","3089","万能回避の超秘石","掉落","自由","万能回避的超秘石"
"2098","フリーダム","防具","1844","エヴァパンツ","可偷内裤","自由","伊娃内裤"
"2099","カオスサボレス","物品","901","混沌薬草","掉落","混沌萨博雷斯","混沌药草"
"2099","カオスサボレス","物品","827","深淵の触手","掉落","混沌萨博雷斯","深渊的触手"
"2099","カオスサボレス","防具","1430","沈黙の真印","掉落","混沌萨博雷斯","沉默之真印"
"2099","カオスサボレス","物品","2","高級薬草","可偷物品","混沌萨博雷斯","高级药草"
"2099","カオスサボレス","防具","1120","崖っぷちの鉢巻き","可偷物品","混沌萨博雷斯","悬崖边的头带"
"2099","カオスサボレス","物品","330","鳥足","可偷食材","混沌萨博雷斯","鸟足"
"2099","カオスサボレス","物品","190","スキュラの触手","可偷素材","混沌萨博雷斯","斯库拉的触手"
"2100","カオスセンチピート","物品","905","カオスドリンク","掉落","混沌蜈蚣","混沌饮料"
"2100","カオスセンチピート","物品","830","究極の針","掉落","混沌蜈蚣","究极的针"
"2100","カオスセンチピート","防具","1433","混乱の真印","掉落","混沌蜈蚣","混乱之真印"
"2100","カオスセンチピート","物品","2","高級薬草","可偷物品","混沌蜈蚣","高级药草"
"2100","カオスセンチピート","防具","1022","ミスリルの小手","可偷物品","混沌蜈蚣","秘银制护手"
"2100","カオスセンチピート","物品","432","ほしにく","可偷食材","混沌蜈蚣","干肉"
"2100","カオスセンチピート","物品","68","橙土石","可偷素材","混沌蜈蚣","橙土石"
"2101","カオススコーピオン","物品","22","万能薬","掉落","混沌蝎子","万能药"
"2101","カオススコーピオン","物品","830","究極の針","掉落","混沌蝎子","究极的针"
"2101","カオススコーピオン","防具","1415","即死の真印","掉落","混沌蝎子","即死之真印"
"2101","カオススコーピオン","物品","13","毒消し草","可偷物品","混沌蝎子","解毒草"
"2101","カオススコーピオン","防具","1711","サソリのお守り","可偷物品","混沌蝎子","蝎子的护符"
"2101","カオススコーピオン","物品","303","ぶどう","可偷食材","混沌蝎子","葡萄"
"2101","カオススコーピオン","物品","60","黄雷石","可偷素材","混沌蝎子","黄雷石"
"2102","紅針嬢","物品","382","フルーツサラダ","掉落","红针娘","水果沙拉"
"2102","紅針嬢","物品","831","魔界樹の花びら","掉落","红针娘","魔界树的花瓣"
"2102","紅針嬢","物品","4252","物理反射の超秘石","掉落","红针娘","物理反射的超秘石"
"2102","紅針嬢","物品","17","満月草","可偷物品","红针娘","满月草"
"2102","紅針嬢","防具","1558","パラライチェック","可偷物品","红针娘","麻痹抵抗"
"2102","紅針嬢","物品","316","タマネギ","可偷食材","红针娘","洋葱"
"2102","紅針嬢","物品","191","サボテンの棘","可偷素材","红针娘","仙人掌的刺"
"2103","カオスダチョウ","物品","363","カレーライス","掉落","混沌鸵鸟","咖喱饭"
"2103","カオスダチョウ","物品","829","蒼天の羽根","掉落","混沌鸵鸟","苍天的羽毛"
"2103","カオスダチョウ","物品","3356","代謝の超秘石","掉落","混沌鸵鸟","代谢的超秘石"
"2103","カオスダチョウ","物品","23","ハーピーの羽","可偷物品","混沌鸵鸟","哈比之羽"
"2103","カオスダチョウ","防具","8","疾風の服","可偷物品","混沌鸵鸟","疾风的服装"
"2103","カオスダチョウ","物品","307","キャベツ","可偷食材","混沌鸵鸟","卷心菜"
"2103","カオスダチョウ","物品","192","不思議な羽根","可偷素材","混沌鸵鸟","不可思议的羽毛"
"2104","ワンダーランプ","物品","903","カオスの霊薬","掉落","奇迹之灯","混沌的灵药"
"2104","ワンダーランプ","物品","843","終焉の結晶","掉落","奇迹之灯","终焉的结晶"
"2104","ワンダーランプ","物品","3624","雷に親しむ者の超秘石","掉落","奇迹之灯","雷之亲和者的超秘石"
"2104","ワンダーランプ","物品","4","霊薬","可偷物品","奇迹之灯","灵药"
"2104","ワンダーランプ","武器","93","血塗られた騎士剣","可偷物品","奇迹之灯","血染的骑士剑"
"2104","ワンダーランプ","物品","363","カレーライス","可偷食材","奇迹之灯","咖喱饭"
"2104","ワンダーランプ","物品","52","紅炎石","可偷素材","奇迹之灯","红炎石"
"2105","カオスマミー","物品","917","カンフル","掉落","混沌木乃伊","强心剂"
"2105","カオスマミー","物品","850","冥界のパウダー","掉落","混沌木乃伊","冥界的粉末"
"2105","カオスマミー","武器","4402","冥府斧","掉落","混沌木乃伊","冥府之斧"
"2105","カオスマミー","物品","59","雷石","可偷物品","混沌木乃伊","雷石"
"2105","カオスマミー","防具","1264","闇の書","可偷物品","混沌木乃伊","暗之书"
"2105","カオスマミー","物品","432","ほしにく","可偷食材","混沌木乃伊","干肉"
"2105","カオスマミー","物品","186","ゾンビパウダー","可偷素材","混沌木乃伊","僵尸粉"
"2106","カオスコブラ","物品","918","ワクチン","掉落","混沌眼镜蛇","疫苗"
"2106","カオスコブラ","物品","838","魔王の蛇尾","掉落","混沌眼镜蛇","魔王的蛇尾"
"2106","カオスコブラ","物品","2554","沈黙付加の超秘石","掉落","混沌眼镜蛇","沉默附加的超秘石"
"2106","カオスコブラ","物品","13","毒消し草","可偷物品","混沌眼镜蛇","解毒草"
"2106","カオスコブラ","防具","1333","鉄球の書","可偷物品","混沌眼镜蛇","铁球之书"
"2106","カオスコブラ","物品","329","肉","可偷食材","混沌眼镜蛇","肉"
"2106","カオスコブラ","物品","193","魅惑の蛇尾","可偷素材","混沌眼镜蛇","魅惑的蛇尾"
"2107","カオスラミアス","物品","93","空の超秘石","掉落","混沌拉米亚集团","空的超秘石"
"2107","カオスラミアス","物品","838","魔王の蛇尾","掉落","混沌拉米亚集团","魔王的蛇尾"
"2107","カオスラミアス","防具","481","屍者の黒鎧","掉落","混沌拉米亚集团","尸者的黑铠"
"2107","カオスラミアス","物品","4","霊薬","可偷物品","混沌拉米亚集团","灵药"
"2107","カオスラミアス","防具","300","ダークシールド","可偷物品","混沌拉米亚集团","黑暗之盾"
"2107","カオスラミアス","物品","419","ロールケーキ","可偷食材","混沌拉米亚集团","蛋糕卷"
"2107","カオスラミアス","物品","193","魅惑の蛇尾","可偷素材","混沌拉米亚集团","魅惑的蛇尾"
"2108","シェセプ・アンク","物品","9","エリクサー","掉落","生命的雕像","圣灵药"
"2108","シェセプ・アンク","物品","845","神獣の爪","掉落","生命的雕像","神兽的爪"
"2108","シェセプ・アンク","物品","2520","SP消費軽減の絶秘石","掉落","生命的雕像","SP消耗减轻的绝秘石"
"2109","砂漠の淫蕩姫","物品","460","しあわせミルク","掉落","沙漠的淫荡姬","幸福牛奶"
"2109","砂漠の淫蕩姫","物品","844","大淫魔の尻尾","掉落","沙漠的淫荡姬","大淫魔的尾巴"
"2109","砂漠の淫蕩姫","防具","1512","土のエンゲージリング","掉落","沙漠的淫荡姬","土之订婚戒指"
"2111","カオスアリゲーター","物品","905","カオスドリンク","掉落","混沌鳄鱼","混沌饮料"
"2111","カオスアリゲーター","物品","845","神獣の爪","掉落","混沌鳄鱼","神兽的爪"
"2111","カオスアリゲーター","物品","3346","溜める者の超秘石","掉落","混沌鳄鱼","蓄力者的超秘石"
"2111","カオスアリゲーター","物品","7","ブーストドリンク","可偷物品","混沌鳄鱼","能量饮料"
"2111","カオスアリゲーター","防具","1082","武道家の黒帯","可偷物品","混沌鳄鱼","武道家的黑带"
"2111","カオスアリゲーター","物品","330","鳥足","可偷食材","混沌鳄鱼","鸟足"
"2111","カオスアリゲーター","物品","194","鋭い牙","可偷素材","混沌鳄鱼","尖牙"
"2112","カオスアイドル","物品","926","器用さの神種","掉落","混沌偶像","灵巧的神种"
"2112","カオスアイドル","物品","844","大淫魔の尻尾","掉落","混沌偶像","大淫魔的尾巴"
"2112","カオスアイドル","物品","4255","万能反射の超秘石","掉落","混沌偶像","万能反射的超秘石"
"2112","カオスアイドル","防具","1846","アイドルパンツ","可偷内裤","混沌偶像","偶像内裤"
"2113","カオスファイター","物品","901","混沌薬草","掉落","混沌战士","混沌药草"
"2113","カオスファイター","物品","843","終焉の結晶","掉落","混沌战士","终焉的结晶"
"2113","カオスファイター","物品","2979","魔法剣使用可能の超秘石","掉落","混沌战士","可以使用魔法剑的超秘石"
"2113","カオスファイター","物品","2","高級薬草","可偷物品","混沌战士","高级药草"
"2113","カオスファイター","防具","1285","剣の書","可偷物品","混沌战士","剑之书"
"2113","カオスファイター","物品","320","とうもろこし","可偷食材","混沌战士","玉米"
"2113","カオスファイター","物品","52","紅炎石","可偷素材","混沌战士","红炎石"
"2113","カオスファイター","防具","1847","デビルファイターパンツ","可偷内裤","混沌战士","恶魔战士内裤"
"2114","混沌の大蜘蛛","物品","70","ノームトパーズ","掉落","混沌大蜘蛛","诺姆黄玉"
"2114","混沌の大蜘蛛","物品","830","究極の針","掉落","混沌大蜘蛛","究极的针"
"2114","混沌の大蜘蛛","防具","1451","スロウの真印","掉落","混沌大蜘蛛","减速之真印"
"2114","混沌の大蜘蛛","物品","17","満月草","可偷物品","混沌大蜘蛛","满月草"
"2114","混沌の大蜘蛛","防具","1012","底力のタトゥー","可偷物品","混沌大蜘蛛","底力纹身"
"2114","混沌の大蜘蛛","物品","360","ライス","可偷食材","混沌大蜘蛛","米饭"
"2114","混沌の大蜘蛛","物品","175","蜘蛛の糸","可偷素材","混沌大蜘蛛","蜘蛛之丝"
"2115","カオスボア","物品","905","カオスドリンク","掉落","混沌蟒蛇","混沌饮料"
"2115","カオスボア","物品","857","グランエキス","掉落","混沌蟒蛇","格兰精华"
"2115","カオスボア","物品","2860","快楽強化の絶秘石","掉落","混沌蟒蛇","快乐强化的绝秘石"
"2115","カオスボア","物品","4","霊薬","可偷物品","混沌蟒蛇","灵药"
"2115","カオスボア","防具","1163","幸運のお守り","可偷物品","混沌蟒蛇","幸运护符"
"2115","カオスボア","物品","343","パン","可偷食材","混沌蟒蛇","面包"
"2115","カオスボア","物品","195","魔力の結晶","可偷素材","混沌蟒蛇","魔力的结晶"
"2116","カオスメイデン","物品","111","魔水銀","掉落","混沌处女","魔水银"
"2116","カオスメイデン","物品","857","グランエキス","掉落","混沌处女","格兰精华"
"2116","カオスメイデン","物品","3138","快楽無効の絶秘石","掉落","混沌处女","快乐无效的绝秘石"
"2116","カオスメイデン","物品","19","聖水","可偷物品","混沌处女","圣水"
"2116","カオスメイデン","防具","1402","造技の書","可偷物品","混沌处女","造技之书"
"2116","カオスメイデン","物品","432","ほしにく","可偷食材","混沌处女","干肉"
"2116","カオスメイデン","物品","195","魔力の結晶","可偷素材","混沌处女","魔力的结晶"
"2117","カオスビレッジャ","物品","93","空の超秘石","掉落","混沌村姑","空的超秘石"
"2117","カオスビレッジャ","物品","857","グランエキス","掉落","混沌村姑","格兰精华"
"2117","カオスビレッジャ","物品","3291","魔法軽減の絶秘石","掉落","混沌村姑","魔法减伤的绝秘石"
"2117","カオスビレッジャ","物品","4","霊薬","可偷物品","混沌村姑","灵药"
"2117","カオスビレッジャ","防具","1384","触手技の書","可偷物品","混沌村姑","触手技之书"
"2117","カオスビレッジャ","物品","337","イチゴジャム","可偷食材","混沌村姑","草莓酱"
"2117","カオスビレッジャ","物品","195","魔力の結晶","可偷素材","混沌村姑","魔力的结晶"
"2117","カオスビレッジャ","防具","1848","村娘のパンツ","可偷内裤","混沌村姑","村姑的内裤"
"2118","カオスウーストレル","物品","367","パエリア","掉落","混沌乌斯托尔","海鲜饭"
"2118","カオスウーストレル","物品","827","深淵の触手","掉落","混沌乌斯托尔","深渊的触手"
"2118","カオスウーストレル","物品","2970","魔本術の絶秘石","掉落","混沌乌斯托尔","魔本术的绝秘石"
"2118","カオスウーストレル","物品","4","霊薬","可偷物品","混沌乌斯托尔","灵药"
"2118","カオスウーストレル","防具","1734","ハードグロウリスト","可偷物品","混沌乌斯托尔","困难成长腕带"
"2118","カオスウーストレル","物品","324","タコ","可偷食材","混沌乌斯托尔","章鱼"
"2118","カオスウーストレル","物品","190","スキュラの触手","可偷素材","混沌乌斯托尔","斯库拉的触手"
"2119","虚無の蜜壺","物品","43","神職の種","掉落","虚无的蜜壶","神职之种"
"2119","虚無の蜜壺","物品","827","深淵の触手","掉落","虚无的蜜壶","深渊的触手"
"2119","虚無の蜜壺","物品","900","大きなメダル","掉落","虚无的蜜壶","大奖章"
"2119","虚無の蜜壺","物品","3","究極薬草","可偷物品","虚无的蜜壶","究极药草"
"2119","虚無の蜜壺","物品","32","小さなメダル","可偷物品","虚无的蜜壶","小奖章"
"2119","虚無の蜜壺","物品","436","ハチミツ","可偷食材","虚无的蜜壶","蜂蜜"
"2119","虚無の蜜壺","物品","177","にゅるにゅるゼリー","可偷素材","虚无的蜜壶","滑溜溜果冻"
"2121","零鬼","物品","362","特上おにぎり","掉落","零鬼","特级饭团"
"2121","零鬼","物品","837","神々しい角","掉落","零鬼","神圣的角"
"2121","零鬼","防具","1311","棍の極意書","掉落","零鬼","棍之极意书"
"2121","零鬼","物品","2","高級薬草","可偷物品","零鬼","高级药草"
"2121","零鬼","防具","1309","棍の書","可偷物品","零鬼","棍之书"
"2121","零鬼","物品","332","豆腐","可偷食材","零鬼","豆腐"
"2121","零鬼","物品","196","小鬼の角","可偷素材","零鬼","小鬼之角"
"2121","零鬼","防具","1850","小鬼のふんどし","可偷内裤","零鬼","小鬼的兜裆布"
"2122","カオスオナホ","物品","903","カオスの霊薬","掉落","混沌飞机杯","混沌的灵药"
"2122","カオスオナホ","物品","857","グランエキス","掉落","混沌飞机杯","格兰精华"
"2122","カオスオナホ","物品","2965","錬金術の絶秘石","掉落","混沌飞机杯","炼金术的绝秘石"
"2122","カオスオナホ","物品","4","霊薬","可偷物品","混沌飞机杯","灵药"
"2122","カオスオナホ","防具","1360","淫具の書","可偷物品","混沌飞机杯","淫具之书"
"2122","カオスオナホ","物品","422","ゼリー","可偷食材","混沌飞机杯","果冻"
"2122","カオスオナホ","物品","195","魔力の結晶","可偷素材","混沌飞机杯","魔力的结晶"
"2123","フォールンナース","物品","349","やきそばパン","掉落","堕落护士","炒面面包"
"2123","フォールンナース","物品","858","大淫婦の尻尾","掉落","堕落护士","大淫妇的尾巴"
"2123","フォールンナース","物品","3916","医者のための絶秘石","掉落","堕落护士","医生的绝秘石"
"2123","フォールンナース","物品","2","高級薬草","可偷物品","堕落护士","高级药草"
"2123","フォールンナース","防具","1345","メスの書","可偷物品","堕落护士","手术刀之书"
"2123","フォールンナース","物品","357","サンドウイッチ","可偷食材","堕落护士","三明治"
"2123","フォールンナース","物品","181","淫魔の尻尾","可偷素材","堕落护士","淫魔的尾巴"
"2123","フォールンナース","防具","1851","ナーキュバスのパンツ","可偷内裤","堕落护士","护士魅魔的内裤"
"2125","サウザンドアイズ","物品","22","万能薬","掉落","千目","万能药"
"2125","サウザンドアイズ","物品","837","神々しい角","掉落","千目","神圣的角"
"2125","サウザンドアイズ","物品","3519","魔技使用可能の超秘石","掉落","千目","可以使用魔技的超秘石"
"2125","サウザンドアイズ","物品","14","目薬","可偷物品","千目","眼药水"
"2125","サウザンドアイズ","防具","1550","ブラインチェック","可偷物品","千目","失明抵抗"
"2125","サウザンドアイズ","物品","360","ライス","可偷食材","千目","米饭"
"2125","サウザンドアイズ","物品","196","小鬼の角","可偷素材","千目","小鬼之角"
"2125","サウザンドアイズ","防具","1852","百々目鬼の腰布","可偷内裤","千目","百目鬼的腰布"
"2126","カオスリザード","物品","901","混沌薬草","掉落","混沌蜥蜴","混沌药草"
"2126","カオスリザード","物品","833","竜王の牙","掉落","混沌蜥蜴","龙王的牙齿"
"2126","カオスリザード","防具","1284","短剣の極意書","掉落","混沌蜥蜴","短剑之极意书"
"2126","カオスリザード","物品","2","高級薬草","可偷物品","混沌蜥蜴","高级药草"
"2126","カオスリザード","防具","1282","短剣の書","可偷物品","混沌蜥蜴","短剑之书"
"2126","カオスリザード","物品","340","たまご","可偷食材","混沌蜥蜴","鸡蛋"
"2126","カオスリザード","物品","197","竜の鱗","可偷素材","混沌蜥蜴","龙鳞"
"2126","カオスリザード","防具","1853","盗賊竜のスポーツパンツ","可偷内裤","混沌蜥蜴","盗贼龙的体育内裤"
"2127","カオスリザード","物品","905","カオスドリンク","掉落","混沌蜥蜴","混沌饮料"
"2127","カオスリザード","物品","833","竜王の牙","掉落","混沌蜥蜴","龙王的牙齿"
"2127","カオスリザード","物品","2733","盗賊技使用可能の超秘石","掉落","混沌蜥蜴","可以使用盗贼技的超秘石"
"2127","カオスリザード","物品","7","ブーストドリンク","可偷物品","混沌蜥蜴","能量饮料"
"2127","カオスリザード","防具","1002","ハッスルベルト","可偷物品","混沌蜥蜴","活力腰带"
"2127","カオスリザード","物品","343","パン","可偷食材","混沌蜥蜴","面包"
"2127","カオスリザード","物品","197","竜の鱗","可偷素材","混沌蜥蜴","龙鳞"
"2127","カオスリザード","防具","1854","盗賊竜のブランドパンツ","可偷内裤","混沌蜥蜴","盗贼龙的奢侈内裤"
"2128","鱗の盗王","物品","32","小さなメダル","掉落","鳞片盗王","小奖章"
"2128","鱗の盗王","物品","833","竜王の牙","掉落","鳞片盗王","龙王的牙齿"
"2128","鱗の盗王","物品","4203","核熱強化の超秘石","掉落","鳞片盗王","核热强化的超秘石"
"2128","鱗の盗王","防具","1855","盗賊竜のサポートパンツ","可偷内裤","鳞片盗王","盗贼龙的支撑内裤"
"2129","カオスミラージュ","物品","905","カオスドリンク","掉落","混沌蜃景","混沌饮料"
"2129","カオスミラージュ","物品","839","冥府の髪","掉落","混沌蜃景","冥府的头发"
"2129","カオスミラージュ","物品","3654","音波に親しむ者の超秘石","掉落","混沌蜃景","音波亲和者的超秘石"
"2129","カオスミラージュ","物品","4","霊薬","可偷物品","混沌蜃景","灵药"
"2129","カオスミラージュ","防具","1318","ロッドの書","可偷物品","混沌蜃景","法杖之书"
"2129","カオスミラージュ","物品","316","タマネギ","可偷食材","混沌蜃景","洋葱"
"2129","カオスミラージュ","物品","52","紅炎石","可偷素材","混沌蜃景","红炎石"
"2129","カオスミラージュ","防具","1857","ノームパンツ","可偷内裤","混沌蜃景","诺姆内裤"
"2130","カオスアリジゴク","物品","93","空の超秘石","掉落","混沌蚁狮","空的超秘石"
"2130","カオスアリジゴク","物品","830","究極の針","掉落","混沌蚁狮","究极的针"
"2130","カオスアリジゴク","防具","1463","石化の真印","掉落","混沌蚁狮","石化真印"
"2130","カオスアリジゴク","物品","68","橙土石","可偷物品","混沌蚁狮","橙土石"
"2130","カオスアリジゴク","防具","1393","虫技の書","可偷物品","混沌蚁狮","虫技之书"
"2130","カオスアリジゴク","物品","432","ほしにく","可偷食材","混沌蚁狮","干肉"
"2130","カオスアリジゴク","物品","201","魔虫の表皮","可偷素材","混沌蚁狮","魔虫的表皮"
"2131","ギガントワーム","物品","93","空の超秘石","掉落","巨型蠕虫","空的超秘石"
"2131","ギガントワーム","物品","830","究極の針","掉落","巨型蠕虫","究极的针"
"2131","ギガントワーム","物品","3579","巨技使用可能の超秘石","掉落","巨型蠕虫","可以使用巨技的超秘石"
"2131","ギガントワーム","物品","2","高級薬草","可偷物品","巨型蠕虫","高级药草"
"2131","ギガントワーム","物品","26","力の種","可偷物品","巨型蠕虫","力量之种"
"2131","ギガントワーム","物品","303","ぶどう","可偷食材","巨型蠕虫","葡萄"
"2131","ギガントワーム","物品","201","魔虫の表皮","可偷素材","巨型蠕虫","魔虫的表皮"
"2132","熱砂の虚足","物品","901","混沌薬草","掉落","热砂的虚足","混沌药草"
"2132","熱砂の虚足","物品","827","深淵の触手","掉落","热砂的虚足","深渊的触手"
"2132","熱砂の虚足","物品","3524","触手技使用可能の超秘石","掉落","热砂的虚足","可以使用触手技的超秘石"
"2132","熱砂の虚足","物品","2","高級薬草","可偷物品","热砂的虚足","高级药草"
"2132","熱砂の虚足","防具","1384","触手技の書","可偷物品","热砂的虚足","触手技之书"
"2132","熱砂の虚足","物品","330","鳥足","可偷食材","热砂的虚足","鸟足"
"2132","熱砂の虚足","物品","202","巻き付く触手","可偷素材","热砂的虚足","缠绕的触手"
"2133","ノームオリジン","物品","934","カオストパーズ","掉落","诺姆起源","混沌黄玉"
"2133","ノームオリジン","物品","868","ハイエレメントコア","掉落","诺姆起源","高阶元素核心"
"2133","ノームオリジン","防具","4471","土の神書","掉落","诺姆起源","土之神书"
"2133","ノームオリジン","防具","1858","絵画のパンツ","可偷内裤","诺姆起源","绘画的内裤"
"2134","ヴィタエオリジン","物品","459","カオスシチュー","掉落","薇塔耶起源","混沌炖菜"
"2134","ヴィタエオリジン","物品","878","カオスマター","掉落","薇塔耶起源","混沌物质"
"2134","ヴィタエオリジン","防具","1141","女神のレシピ","掉落","薇塔耶起源","女神的配方"
"2134","ヴィタエオリジン","物品","71","水石","可偷物品","薇塔耶起源","水石"
"2134","ヴィタエオリジン","防具","1066","生命の指輪","可偷物品","薇塔耶起源","生命之戒"
"2134","ヴィタエオリジン","物品","198","混沌の結晶","可偷素材","薇塔耶起源","混沌的结晶"
"2135","ヴェータラオリジン","物品","112","賢者の石","掉落","维塔拉起源","贤者之石"
"2135","ヴェータラオリジン","物品","878","カオスマター","掉落","维塔拉起源","混沌物质"
"2135","ヴェータラオリジン","物品","4254","物理反射の極秘石","掉落","维塔拉起源","物理反射的极秘石"
"2135","ヴェータラオリジン","物品","17","満月草","可偷物品","维塔拉起源","满月草"
"2135","ヴェータラオリジン","防具","1149","暴走の仮面","可偷物品","维塔拉起源","暴走的假面"
"2135","ヴェータラオリジン","物品","198","混沌の結晶","可偷素材","维塔拉起源","混沌的结晶"
"2136","ヴァルトオリジン","物品","934","カオストパーズ","掉落","瓦尔特起源","混沌黄玉"
"2136","ヴァルトオリジン","物品","878","カオスマター","掉落","瓦尔特起源","混沌物质"
"2136","ヴァルトオリジン","物品","3283","反射する者の極秘石","掉落","瓦尔特起源","反射者的极秘石"
"2136","ヴァルトオリジン","物品","60","黄雷石","可偷物品","瓦尔特起源","黄雷石"
"2136","ヴァルトオリジン","防具","1564","ショックチェック","可偷物品","瓦尔特起源","电击抵抗"
"2136","ヴァルトオリジン","物品","198","混沌の結晶","可偷素材","瓦尔特起源","混沌的结晶"
"2137","シニファオリジン","物品","95","空の極秘石","掉落","希妮法起源","空的极秘石"
"2137","シニファオリジン","物品","878","カオスマター","掉落","希妮法起源","混沌物质"
"2137","シニファオリジン","防具","4491","バイオの神書","掉落","希妮法起源","生化之神书"
"2137","シニファオリジン","物品","4","霊薬","可偷物品","希妮法起源","灵药"
"2137","シニファオリジン","防具","1111","危機の狐面","可偷物品","希妮法起源","危机之狐面"
"2137","シニファオリジン","物品","198","混沌の結晶","可偷素材","希妮法起源","混沌的结晶"
"2138","混沌の影","物品","22","万能薬","掉落","混沌之影","万能药"
"2138","混沌の影","物品","839","冥府の髪","掉落","混沌之影","冥府的头发"
"2138","混沌の影","物品","3185","闇耐性の超秘石","掉落","混沌之影","暗耐性的超秘石"
"2138","混沌の影","物品","16","気付け薬","可偷物品","混沌之影","提神药"
"2138","混沌の影","防具","1086","魔のハチマキ","可偷物品","混沌之影","魔的围巾"
"2138","混沌の影","物品","321","とうがらし","可偷食材","混沌之影","辣椒"
"2138","混沌の影","物品","185","幽霊の髪","可偷素材","混沌之影","幽灵的头发"
"2139","カーズアート","物品","913","賢者の秘薬","掉落","诅咒艺术品","贤者的秘药"
"2139","カーズアート","物品","839","冥府の髪","掉落","诅咒艺术品","冥府的头发"
"2139","カーズアート","物品","2741","話す使用可能の超秘石","掉落","诅咒艺术品","可以使用交谈的超秘石"
"2139","カーズアート","物品","2","高級薬草","可偷物品","诅咒艺术品","高级药草"
"2139","カーズアート","防具","1539","デスチェック","可偷物品","诅咒艺术品","即死抵抗"
"2139","カーズアート","物品","313","トマト","可偷食材","诅咒艺术品","番茄"
"2139","カーズアート","物品","185","幽霊の髪","可偷素材","诅咒艺术品","幽灵的头发"
"2139","カーズアート","防具","1856","蜃気楼のひよこパンツ","可偷内裤","诅咒艺术品","海市蜃楼的雏鸡内裤"
"2140","カオスホムンクルス","物品","112","賢者の石","掉落","混沌人造人","贤者之石"
"2140","カオスホムンクルス","物品","840","超無限細胞","掉落","混沌人造人","超无限细胞"
"2140","カオスホムンクルス","物品","4159","道を求める者の超秘石","掉落","混沌人造人","追寻者的超秘石"
"2140","カオスホムンクルス","物品","4","霊薬","可偷物品","混沌人造人","灵药"
"2140","カオスホムンクルス","防具","1554","コンフュチェック","可偷物品","混沌人造人","混乱抵抗"
"2140","カオスホムンクルス","物品","325","イカ","可偷食材","混沌人造人","鱿鱼"
"2140","カオスホムンクルス","物品","199","ドグマ細胞","可偷素材","混沌人造人","教义细胞"
"2141","カオスメイデン改","物品","111","魔水銀","掉落","混沌处女改","魔水银"
"2141","カオスメイデン改","物品","840","超無限細胞","掉落","混沌处女改","超无限细胞"
"2141","カオスメイデン改","物品","2737","EXアイテム使用可能の超秘石","掉落","混沌处女改","可以使用EX物品的超秘石"
"2141","カオスメイデン改","物品","19","聖水","可偷物品","混沌处女改","圣水"
"2141","カオスメイデン改","防具","1584","ラプチャチェック","可偷物品","混沌处女改","恍惚抵抗"
"2141","カオスメイデン改","物品","301","りんご","可偷食材","混沌处女改","苹果"
"2141","カオスメイデン改","物品","199","ドグマ細胞","可偷素材","混沌处女改","教义细胞"
"2142","メギドジャンク","物品","93","空の超秘石","掉落","米吉多废弃品","空的超秘石"
"2142","メギドジャンク","物品","840","超無限細胞","掉落","米吉多废弃品","超无限细胞"
"2142","メギドジャンク","物品","4188","銀河強化の超秘石","掉落","米吉多废弃品","银河强化的超秘石"
"2142","メギドジャンク","物品","23","ハーピーの羽","可偷物品","米吉多废弃品","哈比之羽"
"2142","メギドジャンク","防具","1267","音波の書","可偷物品","米吉多废弃品","音波之书"
"2142","メギドジャンク","物品","338","小麦粉","可偷食材","米吉多废弃品","面粉"
"2142","メギドジャンク","物品","200","理知の歯車","可偷素材","米吉多废弃品","理智的齿轮"
"2143","第四法則","物品","929","禁種の種","掉落","第四法则","禁种之种"
"2143","第四法則","物品","887","反物質","掉落","第四法则","反物质"
"2143","第四法則","防具","4526","核熱の神書","掉落","第四法则","核热之神书"
"2148","怠惰の残影","物品","906","ファイナルドリンク","掉落","怠惰的残影","最终饮料"
"2148","怠惰の残影","物品","858","大淫婦の尻尾","掉落","怠惰的残影","大淫妇的尾巴"
"2148","怠惰の残影","武器","4760","七つの大罪・怠惰","掉落","怠惰的残影","七宗罪・怠惰"
"2148","怠惰の残影","物品","1","薬草","可偷物品","怠惰的残影","药草"
"2148","怠惰の残影","防具","1171","緊縛の縄","可偷物品","怠惰的残影","紧缚之绳"
"2148","怠惰の残影","物品","357","サンドウイッチ","可偷食材","怠惰的残影","三明治"
"2148","怠惰の残影","物品","162","インプの尻尾","可偷素材","怠惰的残影","小恶魔的尾巴"
"2148","怠惰の残影","防具","1802","こあくまインプのパンツ","可偷内裤","怠惰的残影","小恶魔的内裤"
"2151","カオスウィドウ","物品","901","混沌薬草","掉落","混沌遗孀","混沌药草"
"2151","カオスウィドウ","物品","849","悪夢の胞子","掉落","混沌遗孀","恶梦的孢子"
"2151","カオスウィドウ","防具","1436","睡眠の真印","掉落","混沌遗孀","睡眠之真印"
"2151","カオスウィドウ","物品","2","高級薬草","可偷物品","混沌遗孀","高级药草"
"2151","カオスウィドウ","防具","1556","スリープチェック","可偷物品","混沌遗孀","睡眠抵抗"
"2151","カオスウィドウ","物品","318","しいたけ","可偷食材","混沌遗孀","香菇"
"2151","カオスウィドウ","物品","56","蒼氷石","可偷素材","混沌遗孀","苍冰石"
"2152","コラプスドール","物品","901","混沌薬草","掉落","崩溃虫","混沌药草"
"2152","コラプスドール","物品","830","究極の針","掉落","崩溃虫","究极的针"
"2152","コラプスドール","防具","1457","ミニマムの真印","掉落","崩溃虫","缩小之真印"
"2152","コラプスドール","物品","2","高級薬草","可偷物品","崩溃虫","高级药草"
"2152","コラプスドール","防具","1736","ハードジョブリスト","可偷物品","崩溃虫","专注职业手环"
"2152","コラプスドール","物品","342","ミルク","可偷食材","崩溃虫","牛奶"
"2152","コラプスドール","物品","201","魔虫の表皮","可偷素材","崩溃虫","魔虫的表皮"
"2153","ウル","物品","935","カオスサファイア","掉落","狼","混沌蓝宝石"
"2153","ウル","物品","831","魔界樹の花びら","掉落","狼","魔界树的花瓣"
"2153","ウル","物品","2160","三回攻撃の超秘石","掉落","狼","三次攻击的超秘石"
"2153","ウル","物品","4","霊薬","可偷物品","狼","灵药"
"2153","ウル","防具","1123","蘇生の宝玉","可偷物品","狼","复活之宝玉"
"2153","ウル","物品","322","さかな","可偷食材","狼","鱼"
"2153","ウル","物品","202","巻き付く触手","可偷素材","狼","缠绕的触手"
"2154","虚襖","物品","93","空の超秘石","掉落","虚袄","空的超秘石"
"2154","虚襖","物品","839","冥府の髪","掉落","虚袄","冥府的头发"
"2154","虚襖","防具","1254","風の極意書","掉落","虚袄","风之极意书"
"2154","虚襖","物品","15","山彦草","可偷物品","虚袄","山彦草"
"2154","虚襖","防具","1312","鎌の書","可偷物品","虚袄","镰之书"
"2154","虚襖","物品","332","豆腐","可偷食材","虚袄","豆腐"
"2154","虚襖","物品","203","式紙","可偷素材","虚袄","式纸"
"2154","虚襖","防具","1859","襖の溶解ふんどし","可偷内裤","虚袄","袄的溶解兜裆布"
"2155","カオスマーメイド","物品","903","カオスの霊薬","掉落","混沌人鱼","混沌的灵药"
"2155","カオスマーメイド","物品","848","永遠の鱗","掉落","混沌人鱼","永恒的鳞片"
"2155","カオスマーメイド","物品","3520","海技使用可能の超秘石","掉落","混沌人鱼","可以使用海技的超秘石"
"2155","カオスマーメイド","物品","4","霊薬","可偷物品","混沌人鱼","灵药"
"2155","カオスマーメイド","武器","525","ホーリーロッド","可偷物品","混沌人鱼","神圣法杖"
"2155","カオスマーメイド","物品","322","さかな","可偷食材","混沌人鱼","鱼"
"2155","カオスマーメイド","物品","204","人魚の鱗","可偷素材","混沌人鱼","人鱼的鳞片"
"2156","虚無の商人","物品","901","混沌薬草","掉落","虚无商人","混沌药草"
"2156","虚無の商人","物品","848","永遠の鱗","掉落","虚无商人","永恒的鳞片"
"2156","虚無の商人","武器","4717","グローバルライツ","掉落","虚无商人","全球之光"
"2156","虚無の商人","物品","2","高級薬草","可偷物品","虚无商人","高级药草"
"2156","虚無の商人","武器","781","魔法のそろばん","可偷物品","虚无商人","魔法算盘"
"2156","虚無の商人","物品","368","お寿司","可偷食材","虚无商人","寿司"
"2156","虚無の商人","物品","204","人魚の鱗","可偷素材","虚无商人","人鱼的鳞片"
"2157","時空海賊","物品","905","カオスドリンク","掉落","时空海贼","混沌饮料"
"2157","時空海賊","物品","848","永遠の鱗","掉落","时空海贼","永恒的鳞片"
"2157","時空海賊","物品","2735","海賊技使用可能の超秘石","掉落","时空海贼","可以使用海贼技的超秘石"
"2157","時空海賊","物品","2","高級薬草","可偷物品","时空海贼","高级药草"
"2157","時空海賊","防具","200","パイレーツメット","可偷物品","时空海贼","海贼头盔"
"2157","時空海賊","物品","327","エビ","可偷食材","时空海贼","虾"
"2157","時空海賊","物品","204","人魚の鱗","可偷素材","时空海贼","人鱼的鳞片"
"2158","虚空木綿","物品","901","混沌薬草","掉落","虚空木绵","混沌药草"
"2158","虚空木綿","物品","839","冥府の髪","掉落","虚空木绵","冥府的头发"
"2158","虚空木綿","物品","2402","扇技使用可能の超秘石","掉落","虚空木绵","扇技可用的超秘石"
"2158","虚空木綿","物品","2","高級薬草","可偷物品","虚空木绵","高级药草"
"2158","虚空木綿","防具","1062","魔法のかんざし","可偷物品","虚空木绵","魔法发簪"
"2158","虚空木綿","物品","361","おにぎり","可偷食材","虚空木绵","饭团"
"2158","虚空木綿","物品","203","式紙","可偷素材","虚空木绵","式纸"
"2158","虚空木綿","防具","1860","一反木綿娘のふんどし","可偷内裤","虚空木绵","一反木绵娘的兜裆布"
"2159","虚空木綿","物品","410","三色だんご","掉落","虚空木绵","三色团子"
"2159","虚空木綿","物品","839","冥府の髪","掉落","虚空木绵","冥府的头发"
"2159","虚空木綿","物品","2501","素早さの超秘石","掉落","虚空木绵","敏捷的超秘石"
"2159","虚空木綿","物品","4","霊薬","可偷物品","虚空木绵","灵药"
"2159","虚空木綿","防具","1065","窮地のかんざし","可偷物品","虚空木绵","困境之簪"
"2159","虚空木綿","物品","384","さしみ","可偷食材","虚空木绵","生鱼片"
"2159","虚空木綿","物品","203","式紙","可偷素材","虚空木绵","式纸"
"2159","虚空木綿","防具","1860","一反木綿娘のふんどし","可偷内裤","虚空木绵","一反木绵娘的兜裆布"
"2160","虚空木綿","物品","905","カオスドリンク","掉落","虚空木绵","混沌饮料"
"2160","虚空木綿","物品","839","冥府の髪","掉落","虚空木绵","冥府的头发"
"2160","虚空木綿","物品","3276","回避する者の超秘石","掉落","虚空木绵","回避者的超秘石"
"2160","虚空木綿","物品","7","ブーストドリンク","可偷物品","虚空木绵","能量饮料"
"2160","虚空木綿","防具","1143","祓水","可偷物品","虚空木绵","祓水"
"2160","虚空木綿","物品","383","焼き魚","可偷食材","虚空木绵","烤鱼"
"2160","虚空木綿","物品","203","式紙","可偷素材","虚空木绵","式纸"
"2160","虚空木綿","防具","1860","一反木綿娘のふんどし","可偷内裤","虚空木绵","一反木绵娘的兜裆布"
"2161","カーズダゴン","物品","403","たこ焼き","掉落","诅咒达贡","章鱼烧"
"2161","カーズダゴン","物品","832","魔海の珊瑚","掉落","诅咒达贡","魔海的珊瑚"
"2161","カーズダゴン","物品","2743","料理使用可能の超秘石","掉落","诅咒达贡","可以使用料理的超秘石"
"2161","カーズダゴン","物品","72","青水石","可偷物品","诅咒达贡","青水石"
"2161","カーズダゴン","防具","1060","窮地のマント","可偷物品","诅咒达贡","绝境斗篷"
"2161","カーズダゴン","物品","324","タコ","可偷食材","诅咒达贡","章鱼"
"2161","カーズダゴン","物品","202","巻き付く触手","可偷素材","诅咒达贡","缠绕的触手"
"2162","レッドスピリッツ","物品","54","サラマンダールビー","掉落","赤红精魂","萨拉曼达红宝石"
"2162","レッドスピリッツ","物品","839","冥府の髪","掉落","赤红精魂","冥府的头发"
"2162","レッドスピリッツ","防具","1266","闇の極意書","掉落","赤红精魂","暗之极意书"
"2162","レッドスピリッツ","物品","4","霊薬","可偷物品","赤红精魂","灵药"
"2162","レッドスピリッツ","防具","1055","窮地の数珠","可偷物品","赤红精魂","绝境念珠"
"2162","レッドスピリッツ","物品","334","かつおぶし","可偷食材","赤红精魂","鲣鱼干"
"2162","レッドスピリッツ","物品","185","幽霊の髪","可偷素材","赤红精魂","幽灵的头发"
"2165","タツノコ虚兵","物品","901","混沌薬草","掉落","龙之子虚兵","混沌药草"
"2165","タツノコ虚兵","物品","832","魔海の珊瑚","掉落","龙之子虚兵","魔海的珊瑚"
"2165","タツノコ虚兵","防具","1281","通常攻撃の極意書","掉落","龙之子虚兵","普通攻击之极意书"
"2165","タツノコ虚兵","物品","2","高級薬草","可偷物品","龙之子虚兵","高级药草"
"2165","タツノコ虚兵","防具","1165","幸福の袋","可偷物品","龙之子虚兵","幸福之袋"
"2165","タツノコ虚兵","物品","365","チャーハン","可偷食材","龙之子虚兵","炒饭"
"2165","タツノコ虚兵","物品","171","綺麗な珊瑚","可偷素材","龙之子虚兵","美丽的珊瑚"
"2166","ウミウシ虚兵","物品","74","ウンディーネサファイア","掉落","虚空海蛞蝓兵","温蒂妮蓝宝石"
"2166","ウミウシ虚兵","物品","832","魔海の珊瑚","掉落","虚空海蛞蝓兵","魔海的珊瑚"
"2166","ウミウシ虚兵","防具","1491","快楽のリング","掉落","虚空海蛞蝓兵","快乐之戒指"
"2166","ウミウシ虚兵","物品","2","高級薬草","可偷物品","虚空海蛞蝓兵","高级药草"
"2166","ウミウシ虚兵","防具","1449","スロウの印","可偷物品","虚空海蛞蝓兵","减速之印"
"2166","ウミウシ虚兵","物品","326","カニ","可偷食材","虚空海蛞蝓兵","蟹"
"2166","ウミウシ虚兵","物品","176","頑丈な貝殻","可偷素材","虚空海蛞蝓兵","坚固的贝壳"
"2167","タイダリアサン","物品","921","力の神種","掉落","泰达利亚桑","力量的神种"
"2167","タイダリアサン","物品","832","魔海の珊瑚","掉落","泰达利亚桑","魔海的珊瑚"
"2167","タイダリアサン","物品","3709","ナノに親しむ者の絶秘石","掉落","泰达利亚桑","纳米亲和者的绝秘石"
"2168","カオスフロッグ","物品","372","うな重","掉落","混沌青蛙","鳗鱼饭"
"2168","カオスフロッグ","物品","828","侵蝕の粘液","掉落","混沌青蛙","侵蚀的粘液"
"2168","カオスフロッグ","防具","1427","暗闇の真印","掉落","混沌青蛙","黑暗之真印"
"2168","カオスフロッグ","物品","72","青水石","可偷物品","混沌青蛙","青水石"
"2168","カオスフロッグ","防具","1470","ヌルヌルの印","可偷物品","混沌青蛙","黏滑之印"
"2168","カオスフロッグ","物品","328","うなぎ","可偷食材","混沌青蛙","鳗鱼"
"2168","カオスフロッグ","物品","165","ネバネバ粘液","可偷素材","混沌青蛙","黏糊糊粘液"
"2169","カオスフロッグ","物品","368","お寿司","掉落","混沌青蛙","寿司"
"2169","カオスフロッグ","物品","828","侵蝕の粘液","掉落","混沌青蛙","侵蚀的粘液"
"2169","カオスフロッグ","物品","2740","歌う使用可能の超秘石","掉落","混沌青蛙","可以使用唱歌的超秘石"
"2169","カオスフロッグ","物品","68","橙土石","可偷物品","混沌青蛙","橙土石"
"2169","カオスフロッグ","防具","1580","ヌルヌルチェック","可偷物品","混沌青蛙","黏滑抵抗"
"2169","カオスフロッグ","物品","322","さかな","可偷食材","混沌青蛙","鱼"
"2169","カオスフロッグ","物品","165","ネバネバ粘液","可偷素材","混沌青蛙","黏糊糊粘液"
"2170","カオスケンタウロス","物品","905","カオスドリンク","掉落","混沌马人","混沌饮料"
"2170","カオスケンタウロス","物品","845","神獣の爪","掉落","混沌马人","神兽的爪"
"2170","カオスケンタウロス","物品","2394","槍技使用可能の超秘石","掉落","混沌马人","可以使用枪技的超秘石"
"2170","カオスケンタウロス","物品","7","ブーストドリンク","可偷物品","混沌马人","能量饮料"
"2170","カオスケンタウロス","防具","1038","俊足の腕輪","可偷物品","混沌马人","疾风手镯"
"2170","カオスケンタウロス","物品","310","にんじん","可偷食材","混沌马人","胡萝卜"
"2170","カオスケンタウロス","物品","173","丈夫な蹄","可偷素材","混沌马人","坚固的蹄"
"2171","カオスアルラウネ","物品","455","アルティメットサラダ","掉落","混沌阿娜温","究极沙拉"
"2171","カオスアルラウネ","物品","855","世界樹の花びら","掉落","混沌阿娜温","世界树的花瓣"
"2171","カオスアルラウネ","防具","1481","誘惑の真印","掉落","混沌阿娜温","诱惑之真印"
"2171","カオスアルラウネ","物品","3","究極薬草","可偷物品","混沌阿娜温","究极药草"
"2171","カオスアルラウネ","防具","1476","恍惚の印","可偷物品","混沌阿娜温","恍惚之印"
"2171","カオスアルラウネ","物品","305","バナナ","可偷食材","混沌阿娜温","香蕉"
"2171","カオスアルラウネ","物品","205","アルラウネの花","可偷素材","混沌阿娜温","阿娜温的花"
"2171","カオスアルラウネ","防具","1861","お花の香りパンツ","可偷内裤","混沌阿娜温","花香内裤"
"2172","彼岸蟲","物品","901","混沌薬草","掉落","彼岸虫","混沌药草"
"2172","彼岸蟲","物品","830","究極の針","掉落","彼岸虫","究极的针"
"2172","彼岸蟲","物品","2599","ミニマム付加の超秘石","掉落","彼岸虫","缩小附加的超秘石"
"2172","彼岸蟲","物品","2","高級薬草","可偷物品","彼岸虫","高级药草"
"2172","彼岸蟲","防具","1148","絶無のシール","可偷物品","彼岸虫","绝无的贴纸"
"2172","彼岸蟲","物品","308","はくさい","可偷食材","彼岸虫","白菜"
"2172","彼岸蟲","物品","201","魔虫の表皮","可偷素材","彼岸虫","魔虫的表皮"
"2173","虚霊","物品","368","お寿司","掉落","虚灵","寿司"
"2173","虚霊","物品","839","冥府の髪","掉落","虚灵","冥府的头发"
"2173","虚霊","物品","2579","フリーズ付加の超秘石","掉落","虚灵","冻结附加的超秘石"
"2173","虚霊","物品","52","紅炎石","可偷物品","虚灵","红炎石"
"2173","虚霊","武器","156","闇のサーベル","可偷物品","虚灵","暗之佩剑"
"2173","虚霊","物品","360","ライス","可偷食材","虚灵","米饭"
"2173","虚霊","物品","210","妖怪の髪","可偷素材","虚灵","妖怪的头发"
"2173","虚霊","防具","1873","サムライエルフのふんどし","可偷内裤","虚灵","武士精灵的兜裆布"
"2174","カオスハコイリ","物品","47","神種の種","掉落","混沌箱中千金","神种之种"
"2174","カオスハコイリ","物品","827","深淵の触手","掉落","混沌箱中千金","深渊的触手"
"2174","カオスハコイリ","物品","900","大きなメダル","掉落","混沌箱中千金","大奖章"
"2174","カオスハコイリ","防具","1183","あやしい宝箱","可偷物品","混沌箱中千金","可疑的宝箱"
"2174","カオスハコイリ","物品","32","小さなメダル","可偷物品","混沌箱中千金","小奖章"
"2174","カオスハコイリ","物品","418","チョコケーキ","可偷食材","混沌箱中千金","巧克力蛋糕"
"2174","カオスハコイリ","物品","195","魔力の結晶","可偷素材","混沌箱中千金","魔力的结晶"
"2175","カオスデュラハン","物品","921","力の神種","掉落","混沌杜拉罕","力量的神种"
"2175","カオスデュラハン","物品","843","終焉の結晶","掉落","混沌杜拉罕","终焉的结晶"
"2175","カオスデュラハン","物品","2391","剣技使用可能の超秘石","掉落","混沌杜拉罕","可以使用剑技的超秘石"
"2175","カオスデュラハン","防具","1862","幽霊娘のパンツ","可偷内裤","混沌杜拉罕","幽灵娘的内裤"
"2176","カオスケルベロス","物品","925","素早さの神種","掉落","混沌刻耳柏洛斯","敏捷的神种"
"2176","カオスケルベロス","物品","845","神獣の爪","掉落","混沌刻耳柏洛斯","神兽的爪"
"2176","カオスケルベロス","防具","1380","獣技の極意書","掉落","混沌刻耳柏洛斯","兽技之极意书"
"2179","侵す女","物品","383","焼き魚","掉落","侵女","烤鱼"
"2179","侵す女","物品","837","神々しい角","掉落","侵女","神圣的角"
"2179","侵す女","物品","3523","蛇技使用可能の超秘石","掉落","侵女","可以使用蛇技的超秘石"
"2179","侵す女","物品","56","蒼氷石","可偷物品","侵女","苍冰石"
"2179","侵す女","武器","739","あやかし蛇扇","可偷物品","侵女","妖蛇扇"
"2179","侵す女","物品","384","さしみ","可偷食材","侵女","生鱼片"
"2179","侵す女","物品","211","魔性の蛇尾","可偷素材","侵女","魔性的蛇尾"
"2180","カーズミノタウロス","物品","378","すきやき","掉落","诅咒米诺陶洛斯","寿喜烧"
"2180","カーズミノタウロス","物品","859","牛魔王の角","掉落","诅咒米诺陶洛斯","牛魔王的角"
"2180","カーズミノタウロス","物品","3748","重戦士のための絶秘石","掉落","诅咒米诺陶洛斯","重战士的绝秘石"
"2180","カーズミノタウロス","物品","8","バーストドリンク","可偷物品","诅咒米诺陶洛斯","爆发饮料"
"2180","カーズミノタウロス","防具","1018","ハイパーリスト","可偷物品","诅咒米诺陶洛斯","超级护腕"
"2180","カーズミノタウロス","物品","329","肉","可偷食材","诅咒米诺陶洛斯","肉"
"2180","カーズミノタウロス","物品","213","猛牛の蹄","可偷素材","诅咒米诺陶洛斯","猛牛的蹄"
"2180","カーズミノタウロス","防具","1877","毛倡妓パンツ","可偷内裤","诅咒米诺陶洛斯","毛倡妓内裤"
"2181","美齢虚牛","物品","378","すきやき","掉落","美龄虚牛","寿喜烧"
"2181","美齢虚牛","物品","859","牛魔王の角","掉落","美龄虚牛","牛魔王的角"
"2181","美齢虚牛","物品","2337","斧技の絶秘石","掉落","美龄虚牛","斧技的绝秘石"
"2181","美齢虚牛","物品","2","高級薬草","可偷物品","美龄虚牛","高级药草"
"2181","美齢虚牛","武器","763","鬼包丁","可偷物品","美龄虚牛","鬼菜刀"
"2181","美齢虚牛","物品","342","ミルク","可偷食材","美龄虚牛","牛奶"
"2181","美齢虚牛","物品","213","猛牛の蹄","可偷素材","美龄虚牛","猛牛的蹄"
"2181","美齢虚牛","防具","1878","マジカルアゲハのパンツ","可偷内裤","美龄虚牛","魔法凤蝶的内裤"
"2182","空賢牛","物品","378","すきやき","掉落","空贤牛","寿喜烧"
"2182","空賢牛","物品","859","牛魔王の角","掉落","空贤牛","牛魔王的角"
"2182","空賢牛","物品","3880","技師のための絶秘石","掉落","空贤牛","技师的绝秘石"
"2182","空賢牛","物品","14","目薬","可偷物品","空贤牛","眼药水"
"2182","空賢牛","防具","1013","波動のタトゥー","可偷物品","空贤牛","波动纹身"
"2182","空賢牛","物品","375","目玉焼き","可偷食材","空贤牛","荷包蛋"
"2182","空賢牛","物品","213","猛牛の蹄","可偷素材","空贤牛","猛牛的蹄"
"2182","空賢牛","防具","1879","マジカルフライのパンツ","可偷内裤","空贤牛","魔法飞蛾的内裤"
"2183","闘神の虚像","物品","921","力の神種","掉落","斗神之虚像","力量的神种"
"2183","闘神の虚像","物品","867","古神の依代","掉落","斗神之虚像","古神的依代"
"2183","闘神の虚像","防具","4440","強敵破りの極符","掉落","斗神之虚像","强敌破之极符"
"2183","闘神の虚像","物品","8","バーストドリンク","可偷物品","斗神之虚像","爆发饮料"
"2183","闘神の虚像","防具","1084","天下無双の黒帯","可偷物品","斗神之虚像","天下无双的黑带"
"2183","闘神の虚像","物品","305","バナナ","可偷食材","斗神之虚像","香蕉"
"2183","闘神の虚像","物品","250","神代紙","可偷素材","斗神之虚像","神代纸"
"2183","闘神の虚像","防具","1971","くのいちアラクネのパンツ","可偷内裤","斗神之虚像","女忍阿拉克涅的内裤"
"2185","虚忍エルフ","物品","941","無の手裏剣","掉落","虚忍精灵","無制手里剑"
"2185","虚忍エルフ","物品","821","神の涙石","掉落","虚忍精灵","神的泪石"
"2185","虚忍エルフ","防具","5172","テラのアミュレット","掉落","虚忍精灵","大地之护符"
"2185","虚忍エルフ","物品","101","手裏剣","可偷物品","虚忍精灵","手里剑"
"2185","虚忍エルフ","防具","1452","ストップの印","可偷物品","虚忍精灵","停止之印"
"2185","虚忍エルフ","物品","361","おにぎり","可偷食材","虚忍精灵","饭团"
"2185","虚忍エルフ","物品","187","涙の宝石","可偷素材","虚忍精灵","泪之宝石"
"2185","虚忍エルフ","防具","1871","牛魔王のパンツ","可偷内裤","虚忍精灵","牛魔王的内裤"
"2186","虚侍エルフ","物品","458","超絶美酒・夢天","掉落","虚侍精灵","超绝美酒・梦天"
"2186","虚侍エルフ","物品","821","神の涙石","掉落","虚侍精灵","神的泪石"
"2186","虚侍エルフ","防具","896","不動","掉落","虚侍精灵","不动"
"2186","虚侍エルフ","物品","8","バーストドリンク","可偷物品","虚侍精灵","爆发饮料"
"2186","虚侍エルフ","防具","31","アイアンプレート","可偷物品","虚侍精灵","铁胸甲"
"2186","虚侍エルフ","物品","329","肉","可偷食材","虚侍精灵","肉"
"2186","虚侍エルフ","物品","187","涙の宝石","可偷素材","虚侍精灵","泪之宝石"
"2186","虚侍エルフ","防具","1872","くのいちエルフのふんどし","可偷内裤","虚侍精灵","女忍精灵的兜裆布"
"2187","零女","物品","58","フロストアメジスト","掉落","零女","霜冻紫水晶"
"2187","零女","物品","837","神々しい角","掉落","零女","神圣的角"
"2187","零女","防具","1320","ロッドの極意書","掉落","零女","法杖之极意书"
"2187","零女","物品","2","高級薬草","可偷物品","零女","高级药草"
"2187","零女","防具","1497","氷のペンダント","可偷物品","零女","冰之吊坠"
"2187","零女","物品","424","アイスクリーム","可偷食材","零女","冰淇淋"
"2187","零女","物品","56","蒼氷石","可偷素材","零女","苍冰石"
"2187","零女","防具","1870","ジニタウロスパンツ","可偷内裤","零女","技师米诺陶洛斯内裤"
"2188","虚猫","物品","374","ねこごはん","掉落","虚猫","猫饭"
"2188","虚猫","物品","845","神獣の爪","掉落","虚猫","神兽的爪"
"2188","虚猫","防具","1744","にゃんこ肉球","掉落","虚猫","喵喵肉球"
"2188","虚猫","物品","334","かつおぶし","可偷物品","虚猫","鲣鱼干"
"2188","虚猫","武器","309","ビーストクロウ","可偷物品","虚猫","兽之爪"
"2188","虚猫","物品","334","かつおぶし","可偷食材","虚猫","鲣鱼干"
"2188","虚猫","物品","206","猫のヒゲ","可偷素材","虚猫","猫的胡须"
"2189","虚空を舐める者","物品","373","お子様ランチ","掉落","虚空舔舐者","儿童午餐"
"2189","虚空を舐める者","物品","837","神々しい角","掉落","虚空舔舐者","神圣的角"
"2189","虚空を舐める者","防具","1743","ベロリンガール","掉落","虚空舔舐者","舔舔女孩"
"2189","虚空を舐める者","物品","2","高級薬草","可偷物品","虚空舔舐者","高级药草"
"2189","虚空を舐める者","防具","1467","スタンの印","可偷物品","虚空舔舐者","眩晕之印"
"2189","虚空を舐める者","物品","408","おだんご","可偷食材","虚空舔舐者","团子"
"2189","虚空を舐める者","物品","210","妖怪の髪","可偷素材","虚空舔舐者","妖怪的头发"
"2189","虚空を舐める者","防具","1874","雪女のパンツ","可偷内裤","虚空舔舐者","雪女的内裤"
"2190","虚河童","物品","905","カオスドリンク","掉落","虚河童","混沌饮料"
"2190","虚河童","物品","837","神々しい角","掉落","虚河童","神圣的角"
"2190","虚河童","防具","1353","皿の極意書","掉落","虚河童","盘之极意书"
"2190","虚河童","物品","212","河童の皿","可偷物品","虚河童","河童之盘"
"2190","虚河童","防具","1513","水のペンダント","可偷物品","虚河童","水之吊坠"
"2190","虚河童","物品","306","きゅうり","可偷食材","虚河童","黄瓜"
"2190","虚河童","物品","212","河童の皿","可偷素材","虚河童","河童之盘"
"2191","零口娘","物品","362","特上おにぎり","掉落","零口娘","特级饭团"
"2191","零口娘","物品","837","神々しい角","掉落","零口娘","神圣的角"
"2191","零口娘","防具","1341","包丁の極意書","掉落","零口娘","菜刀之极意书"
"2191","零口娘","物品","361","おにぎり","可偷物品","零口娘","饭团"
"2191","零口娘","物品","425","パフェ","可偷物品","零口娘","芭菲"
"2191","零口娘","物品","410","三色だんご","可偷食材","零口娘","三色团子"
"2191","零口娘","物品","210","妖怪の髪","可偷素材","零口娘","妖怪的头发"
"2191","零口娘","防具","1881","マジカルピクシーのパンツ","可偷内裤","零口娘","魔法皮克西的内裤"
"2192","虚蛇様","物品","924","精神の神種","掉落","虚蛇大人","精神的神种"
"2192","虚蛇様","物品","838","魔王の蛇尾","掉落","虚蛇大人","魔王的蛇尾"
"2192","虚蛇様","防具","5184","永劫のアミュレット","掉落","虚蛇大人","永劫之护符"
"2193","黄泉ラミア","物品","78","エンジェルダイヤモンド","掉落","黄泉拉米亚","天使钻石"
"2193","黄泉ラミア","物品","838","魔王の蛇尾","掉落","黄泉拉米亚","魔王的蛇尾"
"2193","黄泉ラミア","防具","4565","永劫の秘伝書","掉落","黄泉拉米亚","永劫之秘传书"
"2193","黄泉ラミア","物品","76","白聖石","可偷物品","黄泉拉米亚","白圣石"
"2193","黄泉ラミア","防具","1174","生け贄の松明","可偷物品","黄泉拉米亚","祭品的火把"
"2193","黄泉ラミア","物品","332","豆腐","可偷食材","黄泉拉米亚","豆腐"
"2193","黄泉ラミア","物品","211","魔性の蛇尾","可偷素材","黄泉拉米亚","魔性的蛇尾"
"2194","黄泉アラクネ","物品","411","かしわもち","掉落","黄泉阿拉克涅","柏饼"
"2194","黄泉アラクネ","物品","830","究極の針","掉落","黄泉阿拉克涅","究极的针"
"2194","黄泉アラクネ","物品","2975","時魔法使用可能の超秘石","掉落","黄泉阿拉克涅","可以使用时魔法的超秘石"
"2194","黄泉アラクネ","物品","5","エルフの霊薬","可偷物品","黄泉阿拉克涅","精灵的灵药"
"2194","黄泉アラクネ","防具","1567","スロウガード","可偷物品","黄泉阿拉克涅","减速防护"
"2194","黄泉アラクネ","物品","408","おだんご","可偷食材","黄泉阿拉克涅","团子"
"2194","黄泉アラクネ","物品","175","蜘蛛の糸","可偷素材","黄泉阿拉克涅","蜘蛛之丝"
"2195","毛虚倡妓","物品","93","空の超秘石","掉落","毛虚倡妓","空的超秘石"
"2195","毛虚倡妓","物品","837","神々しい角","掉落","毛虚倡妓","神圣的角"
"2195","毛虚倡妓","物品","4223","テラ強化の超秘石","掉落","毛虚倡妓","大地强化的超秘石"
"2195","毛虚倡妓","物品","2","高級薬草","可偷物品","毛虚倡妓","高级药草"
"2195","毛虚倡妓","防具","1425","暗闇の印","可偷物品","毛虚倡妓","黑暗之印"
"2195","毛虚倡妓","物品","383","焼き魚","可偷食材","毛虚倡妓","烤鱼"
"2195","毛虚倡妓","物品","210","妖怪の髪","可偷素材","毛虚倡妓","妖怪的头发"
"2195","毛虚倡妓","防具","1875","あかなめパンツ","可偷内裤","毛虚倡妓","垢舐鬼的内裤"
"2196","マガタノオロチ","物品","911","巨人の秘薬","掉落","真蛇","巨人的秘药"
"2196","マガタノオロチ","物品","838","魔王の蛇尾","掉落","真蛇","魔王的蛇尾"
"2196","マガタノオロチ","防具","1189","最終皆伝の証","掉落","真蛇","最终皆传之证"
"2197","メギドアゲハ","物品","345","クロワッサン","掉落","魔界凤蝶","牛角面包"
"2197","メギドアゲハ","物品","834","シャインエキス","掉落","魔界凤蝶","闪耀精华"
"2197","メギドアゲハ","物品","3365","狙われない超秘石","掉落","魔界凤蝶","不被盯上的超秘石"
"2197","メギドアゲハ","物品","64","緑風石","可偷物品","魔界凤蝶","绿风石"
"2197","メギドアゲハ","防具","1211","バイオシンボル","可偷物品","魔界凤蝶","生化符号"
"2197","メギドアゲハ","物品","343","パン","可偷食材","魔界凤蝶","面包"
"2197","メギドアゲハ","物品","207","マジカル鱗粉","可偷素材","魔界凤蝶","魔法鳞粉"
"2197","メギドアゲハ","防具","1864","デュラハンのパンツ","可偷内裤","魔界凤蝶","杜拉罕的内裤"
"2198","メギドフライ","物品","355","エッグベーグルサンド","掉落","魔界飞蛾","鸡蛋贝果三明治"
"2198","メギドフライ","物品","834","シャインエキス","掉落","魔界飞蛾","闪耀精华"
"2198","メギドフライ","物品","3378","休息の超秘石","掉落","魔界飞蛾","休息的超秘石"
"2198","メギドフライ","物品","68","橙土石","可偷物品","魔界飞蛾","橙土石"
"2198","メギドフライ","武器","874","精霊の書","可偷物品","魔界飞蛾","精灵之书"
"2198","メギドフライ","物品","344","ノアパン","可偷食材","魔界飞蛾","诺亚长棍面包"
"2198","メギドフライ","物品","207","マジカル鱗粉","可偷素材","魔界飞蛾","魔法鳞粉"
"2198","メギドフライ","防具","1865","アルマエルマのパンツ","可偷内裤","魔界飞蛾","阿露艾露玛的内裤"
"2199","メギドテントウ","物品","421","エクレア","掉落","魔界天牛","闪电泡芙"
"2199","メギドテントウ","物品","834","シャインエキス","掉落","魔界天牛","闪耀精华"
"2199","メギドテントウ","防具","1049","百発百中の櫛","掉落","魔界天牛","百发百中梳子"
"2199","メギドテントウ","物品","72","青水石","可偷物品","魔界天牛","青水石"
"2199","メギドテントウ","防具","1437","麻痺の印","可偷物品","魔界天牛","麻痹之印"
"2199","メギドテントウ","物品","406","あんまん","可偷食材","魔界天牛","豆沙包"
"2199","メギドテントウ","物品","207","マジカル鱗粉","可偷素材","魔界天牛","魔法鳞粉"
"2199","メギドテントウ","防具","1866","グランベリアのパンツ","可偷内裤","魔界天牛","古兰贝莉娅的内裤"
"2200","メギドピクシー","物品","22","万能薬","掉落","魔界皮克西","万能药"
"2200","メギドピクシー","物品","834","シャインエキス","掉落","魔界皮克西","闪耀精华"
"2200","メギドピクシー","防具","1102","魔鏡のリング","掉落","魔界皮克西","魔镜之戒指"
"2200","メギドピクシー","物品","18","打出の小槌","可偷物品","魔界皮克西","打出的小槌"
"2200","メギドピクシー","武器","636","妖精のハープ","可偷物品","魔界皮克西","妖精的竖琴"
"2200","メギドピクシー","物品","424","アイスクリーム","可偷食材","魔界皮克西","冰淇淋"
"2200","メギドピクシー","物品","208","マジカルエキス","可偷素材","魔界皮克西","魔法精华"
"2200","メギドピクシー","防具","1867","斉天大聖のふんどし","可偷内裤","魔界皮克西","齐天大圣的兜裆布"
"2201","メギドエルフ","物品","903","カオスの霊薬","掉落","魔界精灵","混沌的灵药"
"2201","メギドエルフ","物品","834","シャインエキス","掉落","魔界精灵","闪耀精华"
"2201","メギドエルフ","物品","3333","ターンMP回復の超秘石","掉落","魔界精灵","回合MP恢复的超秘石"
"2201","メギドエルフ","物品","5","エルフの霊薬","可偷物品","魔界精灵","精灵的灵药"
"2201","メギドエルフ","防具","1446","ショックの印","可偷物品","魔界精灵","电击之印"
"2201","メギドエルフ","物品","349","やきそばパン","可偷食材","魔界精灵","炒面面包"
"2201","メギドエルフ","物品","208","マジカルエキス","可偷素材","魔界精灵","魔法精华"
"2201","メギドエルフ","防具","1868","ハイミノタウロスパンツ","可偷内裤","魔界精灵","高阶米诺陶洛斯内裤"
"2202","メギドサキュバス","物品","111","魔水銀","掉落","米吉多魅魔","魔水银"
"2202","メギドサキュバス","物品","834","シャインエキス","掉落","米吉多魅魔","闪耀精华"
"2202","メギドサキュバス","物品","3362","狙われる超秘石","掉落","米吉多魅魔","被盯上的超秘石"
"2202","メギドサキュバス","物品","56","蒼氷石","可偷物品","米吉多魅魔","苍冰石"
"2202","メギドサキュバス","防具","1443","フリーズの印","可偷物品","米吉多魅魔","冻结之印"
"2202","メギドサキュバス","物品","348","メロンパン","可偷食材","米吉多魅魔","蜜瓜包"
"2202","メギドサキュバス","物品","208","マジカルエキス","可偷素材","米吉多魅魔","魔法精华"
"2204","サイコマンティス","物品","901","混沌薬草","掉落","念动曼提斯","混沌药草"
"2204","サイコマンティス","物品","854","集合意識の甲殻","掉落","念动曼提斯","集合意识的甲壳"
"2204","サイコマンティス","物品","2397","鎌技使用可能の超秘石","掉落","念动曼提斯","可以使用镰技的超秘石"
"2204","サイコマンティス","物品","2","高級薬草","可偷物品","念动曼提斯","高级药草"
"2204","サイコマンティス","物品","30","素早さの種","可偷物品","念动曼提斯","敏捷之种"
"2204","サイコマンティス","物品","448","カブトムシ","可偷食材","念动曼提斯","独角仙"
"2204","サイコマンティス","物品","214","魔虫の羽根","可偷素材","念动曼提斯","魔虫之羽"
"2205","カオスシルク","物品","22","万能薬","掉落","混沌丝绸","万能药"
"2205","カオスシルク","物品","854","集合意識の甲殻","掉落","混沌丝绸","集合意识的甲壳"
"2205","カオスシルク","防具","1257","土の極意書","掉落","混沌丝绸","土之极意书"
"2205","カオスシルク","物品","21","脱淫薬","可偷物品","混沌丝绸","脱淫药"
"2205","カオスシルク","防具","1476","恍惚の印","可偷物品","混沌丝绸","恍惚之印"
"2205","カオスシルク","物品","308","はくさい","可偷食材","混沌丝绸","白菜"
"2205","カオスシルク","物品","214","魔虫の羽根","可偷素材","混沌丝绸","魔虫之羽"
"2206","メギド・アルム","物品","381","野菜サラダ","掉落","梅吉德・阿尔姆","蔬菜沙拉"
"2206","メギド・アルム","物品","855","世界樹の花びら","掉落","梅吉德・阿尔姆","世界树的花瓣"
"2206","メギド・アルム","物品","2565","睡眠付加の絶秘石","掉落","梅吉德・阿尔姆","睡眠附加的绝秘石"
"2206","メギド・アルム","物品","3","究極薬草","可偷物品","梅吉德・阿尔姆","究极药草"
"2206","メギド・アルム","物品","60","黄雷石","可偷物品","梅吉德・阿尔姆","黄雷石"
"2206","メギド・アルム","物品","307","キャベツ","可偷食材","梅吉德・阿尔姆","卷心菜"
"2206","メギド・アルム","物品","216","不思議な葉っぱ","可偷素材","梅吉德・阿尔姆","不可思议的叶子"
"2207","メギド・ルーティー","物品","905","カオスドリンク","掉落","米吉多・鲁蒂","混沌饮料"
"2207","メギド・ルーティー","物品","855","世界樹の花びら","掉落","米吉多・鲁蒂","世界树的花瓣"
"2207","メギド・ルーティー","物品","2674","EXアイテムの絶秘石","掉落","米吉多・鲁蒂","EX物品的绝秘石"
"2207","メギド・ルーティー","物品","8","バーストドリンク","可偷物品","米吉多・鲁蒂","爆发饮料"
"2207","メギド・ルーティー","防具","1428","沈黙の印","可偷物品","米吉多・鲁蒂","沉默之印"
"2207","メギド・ルーティー","物品","312","大根","可偷食材","米吉多・鲁蒂","白萝卜"
"2207","メギド・ルーティー","物品","216","不思議な葉っぱ","可偷素材","米吉多・鲁蒂","不可思议的叶子"
"2208","メギド・ボア","物品","22","万能薬","掉落","米吉多・博亚","万能药"
"2208","メギド・ボア","物品","855","世界樹の花びら","掉落","米吉多・博亚","世界树的花瓣"
"2208","メギド・ボア","物品","2492","SPの絶秘石","掉落","米吉多・博亚","SP的绝秘石"
"2208","メギド・ボア","物品","14","目薬","可偷物品","米吉多・博亚","眼药水"
"2208","メギド・ボア","防具","1464","消化の印","可偷物品","米吉多・博亚","消化之印"
"2208","メギド・ボア","物品","329","肉","可偷食材","米吉多・博亚","肉"
"2208","メギド・ボア","物品","216","不思議な葉っぱ","可偷素材","米吉多・博亚","不可思议的叶子"
"2209","メギド・パラソル","物品","390","クリームシチュー","掉落","米吉多・伞菌","奶油炖菜"
"2209","メギド・パラソル","物品","855","世界樹の花びら","掉落","米吉多・伞菌","世界树的花瓣"
"2209","メギド・パラソル","物品","2689","歌の絶秘石","掉落","米吉多・伞菌","歌唱的绝秘石"
"2209","メギド・パラソル","物品","17","満月草","可偷物品","米吉多・伞菌","满月草"
"2209","メギド・パラソル","防具","1437","麻痺の印","可偷物品","米吉多・伞菌","麻痹之印"
"2209","メギド・パラソル","物品","443","毒キノコ","可偷食材","米吉多・伞菌","毒蘑菇"
"2209","メギド・パラソル","物品","216","不思議な葉っぱ","可偷素材","米吉多・伞菌","不可思议的叶子"
"2210","メギド・プリズン","物品","66","シルフエメラルド","掉落","米吉多・监狱","希尔芙翡翠"
"2210","メギド・プリズン","物品","855","世界樹の花びら","掉落","米吉多・监狱","世界树的花瓣"
"2210","メギド・プリズン","物品","2694","話術の絶秘石","掉落","米吉多・监狱","话术的绝秘石"
"2210","メギド・プリズン","物品","21","脱淫薬","可偷物品","米吉多・监狱","脱淫药"
"2210","メギド・プリズン","防具","1529","バイオペンダント","可偷物品","米吉多・监狱","生化吊坠"
"2210","メギド・プリズン","物品","314","ピーマン","可偷食材","米吉多・监狱","青椒"
"2210","メギド・プリズン","物品","216","不思議な葉っぱ","可偷素材","米吉多・监狱","不可思议的叶子"
"2211","メギド・マッシュ","物品","62","プラズマトルマリン","掉落","米吉多・糊菇","等离子电气石"
"2211","メギド・マッシュ","物品","855","世界樹の花びら","掉落","米吉多・糊菇","世界树的花瓣"
"2211","メギド・マッシュ","物品","2630","敏感付加の絶秘石","掉落","米吉多・糊菇","敏感附加的绝秘石"
"2211","メギド・マッシュ","物品","16","気付け薬","可偷物品","米吉多・糊菇","提神药"
"2211","メギド・マッシュ","防具","1446","ショックの印","可偷物品","米吉多・糊菇","电击之印"
"2211","メギド・マッシュ","物品","318","しいたけ","可偷食材","米吉多・糊菇","香菇"
"2211","メギド・マッシュ","物品","216","不思議な葉っぱ","可偷素材","米吉多・糊菇","不可思议的叶子"
"2212","カーズドローシー","物品","39","女神の種","掉落","诅咒多萝西","女神之种"
"2212","カーズドローシー","物品","855","世界樹の花びら","掉落","诅咒多萝西","世界树的花瓣"
"2212","カーズドローシー","物品","2124","狙う者の絶秘石","掉落","诅咒多萝西","瞄准者的绝秘石"
"2213","カーズラフィ","物品","43","神職の種","掉落","诅咒之刃","神职之种"
"2213","カーズラフィ","物品","855","世界樹の花びら","掉落","诅咒之刃","世界树的花瓣"
"2213","カーズラフィ","物品","2704","料理の絶秘石","掉落","诅咒之刃","料理的绝秘石"
"2214","カーズディーナ","物品","47","神種の種","掉落","诅咒迪娜","神种之种"
"2214","カーズディーナ","物品","855","世界樹の花びら","掉落","诅咒迪娜","世界树的花瓣"
"2214","カーズディーナ","物品","2357","鞭技の絶秘石","掉落","诅咒迪娜","鞭技的绝秘石"
"2216","カオスモス","物品","22","万能薬","掉落","混沌之母","万能药"
"2216","カオスモス","物品","854","集合意識の甲殻","掉落","混沌之母","集合意识的甲壳"
"2216","カオスモス","物品","2620","スタン付加の絶秘石","掉落","混沌之母","眩晕附加的绝秘石"
"2216","カオスモス","物品","17","満月草","可偷物品","混沌之母","满月草"
"2216","カオスモス","防具","1437","麻痺の印","可偷物品","混沌之母","麻痹之印"
"2216","カオスモス","物品","336","あんこ","可偷食材","混沌之母","豆沙"
"2216","カオスモス","物品","214","魔虫の羽根","可偷素材","混沌之母","魔虫之羽"
"2217","カオスモスキート","物品","901","混沌薬草","掉落","混沌蚊","混沌药草"
"2217","カオスモスキート","物品","854","集合意識の甲殻","掉落","混沌蚊","集合意识的甲壳"
"2217","カオスモスキート","物品","2595","ストップ付加の絶秘石","掉落","混沌蚊","停止附加的绝秘石"
"2217","カオスモスキート","物品","2","高級薬草","可偷物品","混沌蚊","高级药草"
"2217","カオスモスキート","防具","1107","燃える魂","可偷物品","混沌蚊","燃烧的灵魂"
"2217","カオスモスキート","物品","337","イチゴジャム","可偷食材","混沌蚊","草莓酱"
"2217","カオスモスキート","物品","214","魔虫の羽根","可偷素材","混沌蚊","魔虫之羽"
"2218","カオスイモムシ","物品","413","焼きいも","掉落","混沌蛆","烤红薯"
"2218","カオスイモムシ","物品","854","集合意識の甲殻","掉落","混沌蛆","集合意识的甲壳"
"2218","カオスイモムシ","物品","2915","回復強化の絶秘石","掉落","混沌蛆","恢复强化的绝秘石"
"2218","カオスイモムシ","物品","1","薬草","可偷物品","混沌蛆","药草"
"2218","カオスイモムシ","防具","1688","幸せの靴","可偷物品","混沌蛆","幸运的鞋子"
"2218","カオスイモムシ","物品","302","みかん","可偷食材","混沌蛆","橘子"
"2218","カオスイモムシ","物品","64","緑風石","可偷素材","混沌蛆","绿风石"
"2219","カオスワスプ","物品","93","空の超秘石","掉落","混沌黄蜂","空的超秘石"
"2219","カオスワスプ","物品","854","集合意識の甲殻","掉落","混沌黄蜂","集合意识的甲壳"
"2219","カオスワスプ","物品","2545","毒付加の絶秘石","掉落","混沌黄蜂","毒附加的绝秘石"
"2219","カオスワスプ","物品","13","毒消し草","可偷物品","混沌黄蜂","解毒草"
"2219","カオスワスプ","物品","436","ハチミツ","可偷物品","混沌黄蜂","蜂蜜"
"2219","カオスワスプ","物品","436","ハチミツ","可偷食材","混沌黄蜂","蜂蜜"
"2219","カオスワスプ","物品","217","猛毒の針","可偷素材","混沌黄蜂","猛毒的针"
"2220","クィーン・ビー","物品","457","妖精のパフェ","掉落","蜂后","妖精的芭菲"
"2220","クィーン・ビー","物品","854","集合意識の甲殻","掉落","蜂后","集合意识的甲壳"
"2220","クィーン・ビー","物品","3760","武道家のための絶秘石","掉落","蜂后","武道家的绝秘石"
"2221","煙を吐く虚像","物品","913","賢者の秘薬","掉落","吐烟的虚像","贤者的秘药"
"2221","煙を吐く虚像","物品","867","古神の依代","掉落","吐烟的虚像","古神的依代"
"2221","煙を吐く虚像","武器","4465","シュレディンガー","掉落","吐烟的虚像","薛定谔"
"2221","煙を吐く虚像","物品","6","イリアスの霊薬","可偷物品","吐烟的虚像","伊莉娅丝的灵药"
"2221","煙を吐く虚像","防具","1695","バステトの鈴","可偷物品","吐烟的虚像","芭丝特的铃铛"
"2221","煙を吐く虚像","物品","374","ねこごはん","可偷食材","吐烟的虚像","猫饭"
"2221","煙を吐く虚像","物品","251","妖艶なる尻尾","可偷素材","吐烟的虚像","妖艳的尾巴"
"2222","羽毛ある蛇の虚像","物品","915","闘士の秘薬","掉落","有羽毛的蛇的虚像","斗士的秘药"
"2222","羽毛ある蛇の虚像","物品","867","古神の依代","掉落","有羽毛的蛇的虚像","古神的依代"
"2222","羽毛ある蛇の虚像","武器","4388","虚牙","掉落","有羽毛的蛇的虚像","虚牙"
"2222","羽毛ある蛇の虚像","物品","3","究極薬草","可偷物品","有羽毛的蛇的虚像","究极药草"
"2222","羽毛ある蛇の虚像","防具","1251","雷の極意書","可偷物品","有羽毛的蛇的虚像","雷之极意书"
"2222","羽毛ある蛇の虚像","物品","383","焼き魚","可偷食材","有羽毛的蛇的虚像","烤鱼"
"2222","羽毛ある蛇の虚像","物品","251","妖艶なる尻尾","可偷素材","有羽毛的蛇的虚像","妖艳的尾巴"
"2224","シオン","物品","936","カオスダイヤモンド","掉落","锡安","混沌钻石"
"2224","シオン","防具","1134","アルテマビット","掉落","锡安","究极比特"
"2224","シオン","物品","4233","永劫強化の超秘石","掉落","锡安","永劫强化的超秘石"
"2224","シオン","防具","1944","エクスキューショナーのパンツ","可偷内裤","锡安","艾斯丘雪娜的内裤"
"2225","クリムゾンジェリー","物品","903","カオスの霊薬","掉落","绯红果冻","混沌的灵药"
"2225","クリムゾンジェリー","物品","823","きらきらゼリー","掉落","绯红果冻","闪闪发光的果冻"
"2225","クリムゾンジェリー","物品","3614","炎に親しむ者の超秘石","掉落","绯红果冻","炎之亲和者的超秘石"
"2225","クリムゾンジェリー","物品","4","霊薬","可偷物品","绯红果冻","灵药"
"2225","クリムゾンジェリー","防具","1114","ヘビィリング","可偷物品","绯红果冻","重戒"
"2225","クリムゾンジェリー","物品","423","プリン","可偷食材","绯红果冻","布丁"
"2225","クリムゾンジェリー","物品","218","ぐにゅぐにゅゼリー","可偷素材","绯红果冻","咕啾咕啾的果冻"
"2226","コバルトブロブ","物品","371","牛丼","掉落","钴蓝史莱姆","牛丼"
"2226","コバルトブロブ","物品","823","きらきらゼリー","掉落","钴蓝史莱姆","闪闪发光的果冻"
"2226","コバルトブロブ","物品","3619","氷に親しむ者の超秘石","掉落","钴蓝史莱姆","冰之亲和者的超秘石"
"2226","コバルトブロブ","物品","8","バーストドリンク","可偷物品","钴蓝史莱姆","爆发饮料"
"2226","コバルトブロブ","防具","1176","ブロブコア","可偷物品","钴蓝史莱姆","布洛布核心"
"2226","コバルトブロブ","物品","329","肉","可偷食材","钴蓝史莱姆","肉"
"2226","コバルトブロブ","物品","218","ぐにゅぐにゅゼリー","可偷素材","钴蓝史莱姆","咕啾咕啾的果冻"
"2227","ブラッディスライム","物品","901","混沌薬草","掉落","血腥史莱姆","混沌药草"
"2227","ブラッディスライム","物品","823","きらきらゼリー","掉落","血腥史莱姆","闪闪发光的果冻"
"2227","ブラッディスライム","物品","3114","立ち上がる者の超秘石","掉落","血腥史莱姆","站起者的超秘石"
"2227","ブラッディスライム","物品","64","緑風石","可偷物品","血腥史莱姆","绿风石"
"2227","ブラッディスライム","物品","218","ぐにゅぐにゅゼリー","可偷物品","血腥史莱姆","咕啾咕啾的果冻"
"2227","ブラッディスライム","物品","414","チョコレート","可偷食材","血腥史莱姆","巧克力"
"2227","ブラッディスライム","物品","218","ぐにゅぐにゅゼリー","可偷素材","血腥史莱姆","咕啾咕啾的果冻"
"2228","シャインスライム","物品","905","カオスドリンク","掉落","闪光史莱姆","混沌饮料"
"2228","シャインスライム","物品","823","きらきらゼリー","掉落","闪光史莱姆","闪闪发光的果冻"
"2228","シャインスライム","物品","3644","光に親しむ者の超秘石","掉落","闪光史莱姆","光之亲和者的超秘石"
"2228","シャインスライム","物品","52","紅炎石","可偷物品","闪光史莱姆","红炎石"
"2228","シャインスライム","防具","82","朱雀の鎧","可偷物品","闪光史莱姆","朱雀之铠"
"2228","シャインスライム","物品","417","ケーキ","可偷食材","闪光史莱姆","蛋糕"
"2228","シャインスライム","物品","218","ぐにゅぐにゅゼリー","可偷素材","闪光史莱姆","咕啾咕啾的果冻"
"2229","フォールンスライム","物品","425","パフェ","掉落","堕落史莱姆","芭菲"
"2229","フォールンスライム","物品","823","きらきらゼリー","掉落","堕落史莱姆","闪闪发光的果冻"
"2229","フォールンスライム","物品","3649","闇に親しむ者の超秘石","掉落","堕落史莱姆","暗之亲和者的超秘石"
"2229","フォールンスライム","物品","72","青水石","可偷物品","堕落史莱姆","青水石"
"2229","フォールンスライム","防具","213","青龍の兜","可偷物品","堕落史莱姆","青龙之盔"
"2229","フォールンスライム","物品","424","アイスクリーム","可偷食材","堕落史莱姆","冰淇淋"
"2229","フォールンスライム","物品","218","ぐにゅぐにゅゼリー","可偷素材","堕落史莱姆","咕啾咕啾的果冻"
"2230","コラプススライム","物品","93","空の超秘石","掉落","崩溃史莱姆","空的超秘石"
"2230","コラプススライム","物品","823","きらきらゼリー","掉落","崩溃史莱姆","闪闪发光的果冻"
"2230","コラプススライム","物品","3659","バイオに親しむ者の超秘石","掉落","崩溃史莱姆","生化亲和者的超秘石"
"2230","コラプススライム","物品","2","高級薬草","可偷物品","崩溃史莱姆","高级药草"
"2230","コラプススライム","物品","9","エリクサー","可偷物品","崩溃史莱姆","圣灵药"
"2230","コラプススライム","物品","427","コーヒー","可偷食材","崩溃史莱姆","咖啡"
"2230","コラプススライム","物品","218","ぐにゅぐにゅゼリー","可偷素材","崩溃史莱姆","咕啾咕啾的果冻"
"2231","ウンディーネオリジン","物品","903","カオスの霊薬","掉落","温蒂妮原型","混沌的灵药"
"2231","ウンディーネオリジン","物品","868","ハイエレメントコア","掉落","温蒂妮原型","高阶元素核心"
"2231","ウンディーネオリジン","防具","4475","水の神書","掉落","温蒂妮原型","水之神书"
"2233","マインドアント","物品","901","混沌薬草","掉落","心灵蚁","混沌药草"
"2233","マインドアント","物品","830","究極の針","掉落","心灵蚁","究极的针"
"2233","マインドアント","物品","3191","音波耐性の超秘石","掉落","心灵蚁","音波耐性的超秘石"
"2233","マインドアント","物品","2","高級薬草","可偷物品","心灵蚁","高级药草"
"2233","マインドアント","物品","214","魔虫の羽根","可偷物品","心灵蚁","魔虫之羽"
"2233","マインドアント","物品","336","あんこ","可偷食材","心灵蚁","豆沙"
"2233","マインドアント","物品","214","魔虫の羽根","可偷素材","心灵蚁","魔虫之羽"
"2234","カオスマータ","物品","62","プラズマトルマリン","掉落","混沌玛塔","等离子电气石"
"2234","カオスマータ","物品","851","量子の歯車","掉落","混沌玛塔","量子的齿轮"
"2234","カオスマータ","物品","3529","造技使用可能の超秘石","掉落","混沌玛塔","可以使用造技的超秘石"
"2234","カオスマータ","物品","21","脱淫薬","可偷物品","混沌玛塔","脱淫药"
"2234","カオスマータ","防具","1169","末期の懐中時計","可偷物品","混沌玛塔","末期怀表"
"2234","カオスマータ","物品","357","サンドウイッチ","可偷食材","混沌玛塔","三明治"
"2234","カオスマータ","物品","219","魔導の歯車","可偷素材","混沌玛塔","魔导齿轮"
"2235","堕乳人形","物品","901","混沌薬草","掉落","堕乳交人偶","混沌药草"
"2235","堕乳人形","物品","851","量子の歯車","掉落","堕乳交人偶","量子的齿轮"
"2235","堕乳人形","物品","2748","淫技使用可能の超秘石","掉落","堕乳交人偶","淫技可用的超秘石"
"2235","堕乳人形","物品","2","高級薬草","可偷物品","堕乳交人偶","高级药草"
"2235","堕乳人形","防具","1691","メイドのヘッドドレス","可偷物品","堕乳交人偶","女仆的头饰"
"2235","堕乳人形","物品","417","ケーキ","可偷食材","堕乳交人偶","蛋糕"
"2235","堕乳人形","物品","219","魔導の歯車","可偷素材","堕乳交人偶","魔导齿轮"
"2235","堕乳人形","防具","1883","ケツァルパンツ","可偷内裤","堕乳交人偶","羽蛇神内裤"
"2236","カオススキュラ","物品","901","混沌薬草","掉落","混沌之刺","混沌药草"
"2236","カオススキュラ","物品","827","深淵の触手","掉落","混沌之刺","深渊的触手"
"2236","カオススキュラ","防具","1386","触手技の極意書","掉落","混沌之刺","触手技之极意书"
"2236","カオススキュラ","物品","2","高級薬草","可偷物品","混沌之刺","高级药草"
"2236","カオススキュラ","武器","605","グレイプニル","可偷物品","混沌之刺","格雷普尼尔"
"2236","カオススキュラ","物品","324","タコ","可偷食材","混沌之刺","章鱼"
"2236","カオススキュラ","物品","202","巻き付く触手","可偷素材","混沌之刺","缠绕的触手"
"2237","カオスメデューサ","物品","82","サタンクリスタル","掉落","混沌之美杜莎","撒旦水晶"
"2237","カオスメデューサ","物品","838","魔王の蛇尾","掉落","混沌之美杜莎","魔王的蛇尾"
"2237","カオスメデューサ","物品","2609","石化付加の超秘石","掉落","混沌之美杜莎","石化附加的超秘石"
"2237","カオスメデューサ","物品","20","金の針","可偷物品","混沌之美杜莎","金针"
"2237","カオスメデューサ","防具","1461","石化の印","可偷物品","混沌之美杜莎","石化之印"
"2237","カオスメデューサ","物品","315","ネギ","可偷食材","混沌之美杜莎","葱"
"2237","カオスメデューサ","物品","220","メデューサの蛇","可偷素材","混沌之美杜莎","美杜莎的蛇"
"2237","カオスメデューサ","防具","1884","シオンのパンツ","可偷内裤","混沌之美杜莎","锡安的内裤"
"2238","夢胡蝶","物品","424","アイスクリーム","掉落","梦蝴蝶","冰淇淋"
"2238","夢胡蝶","物品","830","究極の針","掉落","梦蝴蝶","究极的针"
"2238","夢胡蝶","物品","2629","敏感付加の超秘石","掉落","梦蝴蝶","敏感附加的超秘石"
"2238","夢胡蝶","物品","17","満月草","可偷物品","梦蝴蝶","满月草"
"2238","夢胡蝶","防具","1047","エルフの櫛","可偷物品","梦蝴蝶","精灵梳子"
"2238","夢胡蝶","物品","301","りんご","可偷食材","梦蝴蝶","苹果"
"2238","夢胡蝶","物品","214","魔虫の羽根","可偷素材","梦蝴蝶","魔虫之羽"
"2238","夢胡蝶","防具","1885","パイズリ人形のパンツ","可偷内裤","梦蝴蝶","乳交人偶的内裤"
"2239","カオスブロム","物品","22","万能薬","掉落","混沌之布洛姆","万能药"
"2239","カオスブロム","物品","823","きらきらゼリー","掉落","混沌之布洛姆","闪闪发光的果冻"
"2239","カオスブロム","物品","3659","バイオに親しむ者の超秘石","掉落","混沌之布洛姆","生化亲和者的超秘石"
"2239","カオスブロム","物品","13","毒消し草","可偷物品","混沌之布洛姆","解毒草"
"2239","カオスブロム","防具","1211","バイオシンボル","可偷物品","混沌之布洛姆","生化符号"
"2239","カオスブロム","物品","338","小麦粉","可偷食材","混沌之布洛姆","面粉"
"2239","カオスブロム","物品","218","ぐにゅぐにゅゼリー","可偷素材","混沌之布洛姆","咕啾咕啾的果冻"
"2240","カオスウォーマー","物品","405","肉まん","掉落","混沌之沼泽毒尸","肉包"
"2240","カオスウォーマー","物品","850","冥界のパウダー","掉落","混沌之沼泽毒尸","冥界的粉末"
"2240","カオスウォーマー","物品","3528","屍技使用可能の超秘石","掉落","混沌之沼泽毒尸","可以使用尸技的超秘石"
"2240","カオスウォーマー","物品","13","毒消し草","可偷物品","混沌之沼泽毒尸","解毒草"
"2240","カオスウォーマー","物品","80","黒闇石","可偷物品","混沌之沼泽毒尸","黑暗石"
"2240","カオスウォーマー","物品","331","ソーセージ","可偷食材","混沌之沼泽毒尸","香肠"
"2240","カオスウォーマー","物品","221","ネクロパウダー","可偷素材","混沌之沼泽毒尸","死灵粉末"
"2241","カオスグール","物品","22","万能薬","掉落","混沌之食尸鬼","万能药"
"2241","カオスグール","物品","850","冥界のパウダー","掉落","混沌之食尸鬼","冥界的粉末"
"2241","カオスグール","防具","1401","屍技の極意書","掉落","混沌之食尸鬼","尸技之极意书"
"2241","カオスグール","物品","15","山彦草","可偷物品","混沌之食尸鬼","山彦草"
"2241","カオスグール","物品","80","黒闇石","可偷物品","混沌之食尸鬼","黑暗石"
"2241","カオスグール","物品","432","ほしにく","可偷食材","混沌之食尸鬼","干肉"
"2241","カオスグール","物品","221","ネクロパウダー","可偷素材","混沌之食尸鬼","死灵粉末"
"2242","カオスグール","物品","376","ハンバーグ","掉落","混沌之食尸鬼","汉堡肉"
"2242","カオスグール","物品","850","冥界のパウダー","掉落","混沌之食尸鬼","冥界的粉末"
"2242","カオスグール","物品","3127","食いしばる者の超秘石","掉落","混沌之食尸鬼","咬紧牙关者的超秘石"
"2242","カオスグール","物品","14","目薬","可偷物品","混沌之食尸鬼","眼药水"
"2242","カオスグール","物品","80","黒闇石","可偷物品","混沌之食尸鬼","黑暗石"
"2242","カオスグール","物品","432","ほしにく","可偷食材","混沌之食尸鬼","干肉"
"2242","カオスグール","物品","221","ネクロパウダー","可偷素材","混沌之食尸鬼","死灵粉末"
"2243","カオスグール","物品","111","魔水銀","掉落","混沌之食尸鬼","魔水银"
"2243","カオスグール","物品","850","冥界のパウダー","掉落","混沌之食尸鬼","冥界的粉末"
"2243","カオスグール","物品","2604","ゾンビ付加の超秘石","掉落","混沌之食尸鬼","僵尸附加的超秘石"
"2243","カオスグール","物品","21","脱淫薬","可偷物品","混沌之食尸鬼","脱淫药"
"2243","カオスグール","物品","80","黒闇石","可偷物品","混沌之食尸鬼","黑暗石"
"2243","カオスグール","物品","432","ほしにく","可偷食材","混沌之食尸鬼","干肉"
"2243","カオスグール","物品","221","ネクロパウダー","可偷素材","混沌之食尸鬼","死灵粉末"
"2244","コバルトジェリー","物品","366","カニタマ","掉落","钴蓝果冻","蟹玉丼"
"2244","コバルトジェリー","物品","832","魔海の珊瑚","掉落","钴蓝果冻","魔海的珊瑚"
"2244","コバルトジェリー","物品","4252","物理反射の超秘石","掉落","钴蓝果冻","物理反射的超秘石"
"2244","コバルトジェリー","物品","11","フェニックスの尾","可偷物品","钴蓝果冻","凤凰之尾"
"2244","コバルトジェリー","防具","1109","オンリー魂","可偷物品","钴蓝果冻","唯一灵魂"
"2244","コバルトジェリー","物品","326","カニ","可偷食材","钴蓝果冻","蟹"
"2244","コバルトジェリー","物品","190","スキュラの触手","可偷素材","钴蓝果冻","斯库拉的触手"
"2244","コバルトジェリー","防具","1886","メデューサのTバック","可偷内裤","钴蓝果冻","美杜莎的T字裤"
"2245","カオスウィング","物品","66","シルフエメラルド","掉落","混沌之翼","希尔芙翡翠"
"2245","カオスウィング","物品","829","蒼天の羽根","掉落","混沌之翼","苍天的羽毛"
"2245","カオスウィング","物品","3079","回避の超秘石","掉落","混沌之翼","回避的超秘石"
"2245","カオスウィング","物品","23","ハーピーの羽","可偷物品","混沌之翼","哈比之羽"
"2245","カオスウィング","防具","1118","頑丈な肩パッド","可偷物品","混沌之翼","坚固的肩垫"
"2245","カオスウィング","物品","358","ハンバーガー","可偷食材","混沌之翼","汉堡"
"2245","カオスウィング","物品","192","不思議な羽根","可偷素材","混沌之翼","不可思议的羽毛"
"2245","カオスウィング","防具","1888","フェイクジェリーのパンツ","可偷内裤","混沌之翼","假水母的内裤"
"2246","虚空の騎士","物品","905","カオスドリンク","掉落","虚空骑士","混沌饮料"
"2246","虚空の騎士","物品","829","蒼天の羽根","掉落","虚空骑士","苍天的羽毛"
"2246","虚空の騎士","物品","2491","SPの超秘石","掉落","虚空骑士","SP的超秘石"
"2246","虚空の騎士","物品","23","ハーピーの羽","可偷物品","虚空骑士","哈比之羽"
"2246","虚空の騎士","防具","1118","頑丈な肩パッド","可偷物品","虚空骑士","坚固的肩垫"
"2246","虚空の騎士","物品","358","ハンバーガー","可偷食材","虚空骑士","汉堡"
"2246","虚空の騎士","物品","192","不思議な羽根","可偷素材","虚空骑士","不可思议的羽毛"
"2246","虚空の騎士","防具","1888","フェイクジェリーのパンツ","可偷内裤","虚空骑士","假水母的内裤"
"2247","虚泥の巨人","物品","93","空の超秘石","掉落","虚泥巨人","空的超秘石"
"2247","虚泥の巨人","物品","834","シャインエキス","掉落","虚泥巨人","闪耀精华"
"2247","虚泥の巨人","物品","2982","錬金術使用可能の超秘石","掉落","虚泥巨人","可以使用炼金术的超秘石"
"2247","虚泥の巨人","物品","80","黒闇石","可偷物品","虚泥巨人","黑暗石"
"2247","虚泥の巨人","物品","5","エルフの霊薬","可偷物品","虚泥巨人","精灵的灵药"
"2247","虚泥の巨人","物品","430","ゴルドカクテル","可偷食材","虚泥巨人","戈尔德鸡尾酒"
"2247","虚泥の巨人","物品","219","魔導の歯車","可偷素材","虚泥巨人","魔导齿轮"
"2248","虚岩の巨人","物品","93","空の超秘石","掉落","虚岩巨人","空的超秘石"
"2248","虚岩の巨人","物品","834","シャインエキス","掉落","虚岩巨人","闪耀精华"
"2248","虚岩の巨人","防具","5135","修羅のペンダント","掉落","虚岩巨人","修罗之吊坠"
"2249","虚華鎌","物品","396","おでん","掉落","虚华镰","关东煮"
"2249","虚華鎌","物品","830","究極の針","掉落","虚华镰","究极的针"
"2249","虚華鎌","防具","1314","鎌の極意書","掉落","虚华镰","镰之极意书"
"2249","虚華鎌","物品","17","満月草","可偷物品","虚华镰","满月草"
"2249","虚華鎌","防具","1509","土のペンダント","可偷物品","虚华镰","土之吊坠"
"2249","虚華鎌","物品","362","特上おにぎり","可偷食材","虚华镰","特级饭团"
"2249","虚華鎌","物品","214","魔虫の羽根","可偷素材","虚华镰","魔虫之羽"
"2250","メギドゴーレム","物品","903","カオスの霊薬","掉落","米吉多魔像","混沌的灵药"
"2250","メギドゴーレム","物品","834","シャインエキス","掉落","米吉多魔像","闪耀精华"
"2250","メギドゴーレム","物品","2835","MPの超秘石","掉落","米吉多魔像","MP的超秘石"
"2250","メギドゴーレム","物品","5","エルフの霊薬","可偷物品","米吉多魔像","精灵的灵药"
"2250","メギドゴーレム","物品","9","エリクサー","可偷物品","米吉多魔像","圣灵药"
"2250","メギドゴーレム","物品","301","りんご","可偷食材","米吉多魔像","苹果"
"2250","メギドゴーレム","物品","219","魔導の歯車","可偷素材","米吉多魔像","魔导齿轮"
"2251","虚狐獣","物品","370","いなりずし","掉落","虚狐兽","稻荷寿司"
"2251","虚狐獣","物品","826","白面のしっぽ","掉落","虚狐兽","白面的尾巴"
"2251","虚狐獣","物品","3634","土に親しむ者の超秘石","掉落","虚狐兽","土之亲和者的超秘石"
"2251","虚狐獣","物品","5","エルフの霊薬","可偷物品","虚狐兽","精灵的灵药"
"2251","虚狐獣","防具","1051","鉄拳の数珠","可偷物品","虚狐兽","铁拳念珠"
"2251","虚狐獣","物品","333","あぶらあげ","可偷食材","虚狐兽","油豆腐"
"2251","虚狐獣","物品","209","ふかふかしっぽ","可偷素材","虚狐兽","蓬松的尾巴"
"2252","虚忍三尾","物品","401","きつねうどん","掉落","虚忍三尾","狐狸乌冬面"
"2252","虚忍三尾","物品","826","白面のしっぽ","掉落","虚忍三尾","白面的尾巴"
"2252","虚忍三尾","防具","1299","忍者刀の極意書","掉落","虚忍三尾","忍者刀之极意书"
"2252","虚忍三尾","物品","101","手裏剣","可偷物品","虚忍三尾","手里剑"
"2252","虚忍三尾","防具","1154","先駆けの靴","可偷物品","虚忍三尾","先驱之靴"
"2252","虚忍三尾","物品","333","あぶらあげ","可偷食材","虚忍三尾","油豆腐"
"2252","虚忍三尾","物品","209","ふかふかしっぽ","可偷素材","虚忍三尾","蓬松的尾巴"
"2253","虚侍四尾","物品","362","特上おにぎり","掉落","虚侍四尾","特级饭团"
"2253","虚侍四尾","物品","826","白面のしっぽ","掉落","虚侍四尾","白面的尾巴"
"2253","虚侍四尾","防具","1296","刀の極意書","掉落","虚侍四尾","刀之极意书"
"2253","虚侍四尾","武器","243","無銘の刀","可偷物品","虚侍四尾","无铭之刀"
"2253","虚侍四尾","防具","1193","契りの杯","可偷物品","虚侍四尾","契约之杯"
"2253","虚侍四尾","物品","333","あぶらあげ","可偷食材","虚侍四尾","油豆腐"
"2253","虚侍四尾","物品","209","ふかふかしっぽ","可偷素材","虚侍四尾","蓬松的尾巴"
"2253","虚侍四尾","防具","1896","サキュバスのふんわりパンツ","可偷内裤","虚侍四尾","魅魔的蓬松内裤"
"2254","クィーンアント","物品","94","空の絶秘石","掉落","蚁后","空的绝秘石"
"2254","クィーンアント","物品","854","集合意識の甲殻","掉落","蚁后","集合意识的甲壳"
"2254","クィーンアント","物品","3481","虫技の絶秘石","掉落","蚁后","虫技的绝秘石"
"2256","カオスマグマ","物品","363","カレーライス","掉落","混沌岩浆","咖喱饭"
"2256","カオスマグマ","物品","823","きらきらゼリー","掉落","混沌岩浆","闪闪发光的果冻"
"2256","カオスマグマ","防具","5148","核熱のアミュレット","掉落","混沌岩浆","核热之护符"
"2256","カオスマグマ","物品","8","バーストドリンク","可偷物品","混沌岩浆","爆发饮料"
"2256","カオスマグマ","防具","1202","炎のシンボル","可偷物品","混沌岩浆","炎之符号"
"2256","カオスマグマ","物品","339","カレー粉","可偷食材","混沌岩浆","咖喱粉"
"2256","カオスマグマ","物品","52","紅炎石","可偷素材","混沌岩浆","红炎石"
"2257","メギドラミア","物品","22","万能薬","掉落","米吉多拉米亚","万能药"
"2257","メギドラミア","物品","838","魔王の蛇尾","掉落","米吉多拉米亚","魔王的蛇尾"
"2257","メギドラミア","防具","1335","鉄球の極意書","掉落","米吉多拉米亚","铁球之极意书"
"2257","メギドラミア","物品","21","脱淫薬","可偷物品","米吉多拉米亚","脱淫药"
"2257","メギドラミア","防具","1192","理力のリング","可偷物品","米吉多拉米亚","理力之戒指"
"2257","メギドラミア","物品","345","クロワッサン","可偷食材","米吉多拉米亚","牛角面包"
"2257","メギドラミア","物品","211","魔性の蛇尾","可偷素材","米吉多拉米亚","魔性的蛇尾"
"2258","メギドスキュラ","物品","368","お寿司","掉落","米吉多斯库拉","寿司"
"2258","メギドスキュラ","物品","827","深淵の触手","掉落","米吉多斯库拉","深渊的触手"
"2258","メギドスキュラ","物品","3639","水に親しむ者の超秘石","掉落","米吉多斯库拉","水之亲和者的超秘石"
"2258","メギドスキュラ","物品","3","究極薬草","可偷物品","米吉多斯库拉","究极药草"
"2258","メギドスキュラ","防具","1431","混乱の印","可偷物品","米吉多斯库拉","混乱之印"
"2258","メギドスキュラ","物品","325","イカ","可偷食材","米吉多斯库拉","鱿鱼"
"2258","メギドスキュラ","物品","202","巻き付く触手","可偷素材","米吉多斯库拉","缠绕的触手"
"2259","カオスセイレーン","物品","93","空の超秘石","掉落","混沌塞壬","空的超秘石"
"2259","カオスセイレーン","物品","829","蒼天の羽根","掉落","混沌塞壬","苍天的羽毛"
"2259","カオスセイレーン","物品","3609","快楽に親しむ者の超秘石","掉落","混沌塞壬","快乐亲和者的超秘石"
"2259","カオスセイレーン","物品","16","気付け薬","可偷物品","混沌塞壬","提神药"
"2259","カオスセイレーン","防具","1526","音波のアミュレット","可偷物品","混沌塞壬","音波之护符"
"2259","カオスセイレーン","物品","330","鳥足","可偷食材","混沌塞壬","鸟足"
"2259","カオスセイレーン","物品","227","輝く羽根","可偷素材","混沌塞壬","闪耀的羽毛"
"2260","カオスサンゴ","物品","58","フロストアメジスト","掉落","混沌珊瑚","霜冻紫水晶"
"2260","カオスサンゴ","物品","832","魔海の珊瑚","掉落","混沌珊瑚","魔海的珊瑚"
"2260","カオスサンゴ","防具","1454","ストップの真印","掉落","混沌珊瑚","停止之真印"
"2260","カオスサンゴ","物品","20","金の針","可偷物品","混沌珊瑚","金针"
"2260","カオスサンゴ","防具","1575","ストーンガード","可偷物品","混沌珊瑚","石化防护"
"2260","カオスサンゴ","物品","328","うなぎ","可偷食材","混沌珊瑚","鳗鱼"
"2260","カオスサンゴ","物品","226","大海の珊瑚","可偷素材","混沌珊瑚","大海的珊瑚"
"2261","カオスヒトデ","物品","905","カオスドリンク","掉落","混沌海星","混沌饮料"
"2261","カオスヒトデ","物品","832","魔海の珊瑚","掉落","混沌海星","魔海的珊瑚"
"2261","カオスヒトデ","防具","1371","海技の極意書","掉落","混沌海星","海技之极意书"
"2261","カオスヒトデ","物品","8","バーストドリンク","可偷物品","混沌海星","爆发饮料"
"2261","カオスヒトデ","防具","1546","バインドチェック","可偷物品","混沌海星","束缚抵抗"
"2261","カオスヒトデ","物品","326","カニ","可偷食材","混沌海星","蟹"
"2261","カオスヒトデ","物品","226","大海の珊瑚","可偷素材","混沌海星","大海的珊瑚"
"2262","ベルゼバブ","物品","47","神種の種","掉落","别西卜","神种之种"
"2262","ベルゼバブ","物品","830","究極の針","掉落","别西卜","究极的针"
"2262","ベルゼバブ","物品","4072","妖虫のための絶秘石","掉落","别西卜","妖虫的绝秘石"
"2263","ベルゼバブ","物品","912","魔神の秘薬","掉落","别西卜","魔神的秘药"
"2263","ベルゼバブ","物品","854","集合意識の甲殻","掉落","别西卜","集合意识的甲壳"
"2263","ベルゼバブ","物品","2610","石化付加の絶秘石","掉落","别西卜","石化附加的绝秘石"
"2264","ベルゼバブ","物品","922","守りの神種","掉落","别西卜","守护的神种"
"2264","ベルゼバブ","防具","4531","量子の極意書","掉落","别西卜","量子之极意书"
"2264","ベルゼバブ","物品","3192","音波無効の絶秘石","掉落","别西卜","音波无效的绝秘石"
"2265","プラズマジェリー","物品","368","お寿司","掉落","等离子果冻","寿司"
"2265","プラズマジェリー","物品","832","魔海の珊瑚","掉落","等离子果冻","魔海的珊瑚"
"2265","プラズマジェリー","防具","5160","イオンのアミュレット","掉落","等离子果冻","离子之护符"
"2265","プラズマジェリー","物品","73","激流青水石","可偷物品","等离子果冻","激流青水石"
"2265","プラズマジェリー","防具","1559","パラライガード","可偷物品","等离子果冻","麻痹防护"
"2265","プラズマジェリー","物品","323","鯛","可偷食材","等离子果冻","鲷鱼"
"2265","プラズマジェリー","物品","226","大海の珊瑚","可偷素材","等离子果冻","大海的珊瑚"
"2266","虚無の触手","物品","93","空の超秘石","掉落","虚无之触手","空的超秘石"
"2266","虚無の触手","物品","827","深淵の触手","掉落","虚无之触手","深渊的触手"
"2266","虚無の触手","物品","4147","奢りし者の超秘石","掉落","虚无之触手","奢靡者的超秘石"
"2266","虚無の触手","物品","3","究極薬草","可偷物品","虚无之触手","究极药草"
"2266","虚無の触手","武器","607","オリハルコンの鞭","可偷物品","虚无之触手","奥利哈钢制鞭"
"2266","虚無の触手","物品","335","のり","可偷食材","虚无之触手","海苔"
"2266","虚無の触手","物品","202","巻き付く触手","可偷素材","虚无之触手","缠绕的触手"
"2267","カオスポセイドン","物品","454","古代寿司","掉落","混沌波塞冬","古代寿司"
"2267","カオスポセイドン","物品","832","魔海の珊瑚","掉落","混沌波塞冬","魔海的珊瑚"
"2267","カオスポセイドン","物品","4066","海棲種のための絶秘石","掉落","混沌波塞冬","海栖种的绝秘石"
"2268","カオスサキュバス","物品","415","ホワイトハートチョコ","掉落","混沌魅魔","白心巧克力"
"2268","カオスサキュバス","物品","858","大淫婦の尻尾","掉落","混沌魅魔","大淫妇的尾巴"
"2268","カオスサキュバス","物品","2649","盗賊技の絶秘石","掉落","混沌魅魔","盗贼技的绝秘石"
"2268","カオスサキュバス","物品","52","紅炎石","可偷物品","混沌魅魔","红炎石"
"2268","カオスサキュバス","防具","1473","敏感の印","可偷物品","混沌魅魔","敏感之印"
"2268","カオスサキュバス","物品","415","ホワイトハートチョコ","可偷食材","混沌魅魔","白心巧克力"
"2268","カオスサキュバス","物品","222","艶めかしい尻尾","可偷素材","混沌魅魔","艳丽的尾巴"
"2268","カオスサキュバス","防具","1889","ナイトハーピーのパンツ","可偷内裤","混沌魅魔","骑士哈比的内裤"
"2269","カオスサキュバス","物品","419","ロールケーキ","掉落","混沌魅魔","蛋糕卷"
"2269","カオスサキュバス","物品","858","大淫婦の尻尾","掉落","混沌魅魔","大淫妇的尾巴"
"2269","カオスサキュバス","物品","2679","オラクルの絶秘石","掉落","混沌魅魔","神谕的绝秘石"
"2269","カオスサキュバス","物品","64","緑風石","可偷物品","混沌魅魔","绿风石"
"2269","カオスサキュバス","防具","1476","恍惚の印","可偷物品","混沌魅魔","恍惚之印"
"2269","カオスサキュバス","物品","419","ロールケーキ","可偷食材","混沌魅魔","蛋糕卷"
"2269","カオスサキュバス","物品","222","艶めかしい尻尾","可偷素材","混沌魅魔","艳丽的尾巴"
"2269","カオスサキュバス","防具","1890","くのいち三尾のふんどし","可偷内裤","混沌魅魔","女忍三尾的兜裆布"
"2270","カオスサキュバス","物品","424","アイスクリーム","掉落","混沌魅魔","冰淇淋"
"2270","カオスサキュバス","物品","858","大淫婦の尻尾","掉落","混沌魅魔","大淫妇的尾巴"
"2270","カオスサキュバス","物品","3351","アイテム好きの絶秘石","掉落","混沌魅魔","道具爱好者的绝秘石"
"2270","カオスサキュバス","物品","68","橙土石","可偷物品","混沌魅魔","橙土石"
"2270","カオスサキュバス","防具","1479","誘惑の印","可偷物品","混沌魅魔","诱惑之印"
"2270","カオスサキュバス","物品","424","アイスクリーム","可偷食材","混沌魅魔","冰淇淋"
"2270","カオスサキュバス","物品","222","艶めかしい尻尾","可偷素材","混沌魅魔","艳丽的尾巴"
"2270","カオスサキュバス","防具","1891","もののふ四尾のふんどし","可偷内裤","混沌魅魔","武士四尾的兜裆布"
"2271","カオスサキュバス","物品","423","プリン","掉落","混沌魅魔","布丁"
"2271","カオスサキュバス","物品","858","大淫婦の尻尾","掉落","混沌魅魔","大淫妇的尾巴"
"2271","カオスサキュバス","物品","2915","回復強化の絶秘石","掉落","混沌魅魔","恢复强化的绝秘石"
"2271","カオスサキュバス","物品","72","青水石","可偷物品","混沌魅魔","青水石"
"2271","カオスサキュバス","防具","1482","失禁の印","可偷物品","混沌魅魔","失禁之印"
"2271","カオスサキュバス","物品","423","プリン","可偷食材","混沌魅魔","布丁"
"2271","カオスサキュバス","物品","222","艶めかしい尻尾","可偷素材","混沌魅魔","艳丽的尾巴"
"2271","カオスサキュバス","防具","1892","リリスパンツ","可偷内裤","混沌魅魔","莉莉丝内裤"
"2272","堕落の奉仕者","物品","420","ウェディングケーキ","掉落","堕落的侍奉者","婚礼蛋糕"
"2272","堕落の奉仕者","物品","858","大淫婦の尻尾","掉落","堕落的侍奉者","大淫妇的尾巴"
"2272","堕落の奉仕者","物品","2714","御奉仕の絶秘石","掉落","堕落的侍奉者","侍奉的绝秘石"
"2272","堕落の奉仕者","物品","21","脱淫薬","可偷物品","堕落的侍奉者","脱淫药"
"2272","堕落の奉仕者","物品","64","緑風石","可偷物品","堕落的侍奉者","绿风石"
"2272","堕落の奉仕者","物品","418","チョコケーキ","可偷食材","堕落的侍奉者","巧克力蛋糕"
"2272","堕落の奉仕者","物品","222","艶めかしい尻尾","可偷素材","堕落的侍奉者","艳丽的尾巴"
"2272","堕落の奉仕者","防具","1894","サキュバスの赤パンツ","可偷内裤","堕落的侍奉者","魅魔的红色内裤"
"2273","堕落の娼婦","物品","66","シルフエメラルド","掉落","堕落的娼妇","希尔芙翡翠"
"2273","堕落の娼婦","物品","858","大淫婦の尻尾","掉落","堕落的娼妇","大淫妇的尾巴"
"2273","堕落の娼婦","物品","3850","娼婦のための絶秘石","掉落","堕落的娼妇","娼妇的绝秘石"
"2273","堕落の娼婦","物品","21","脱淫薬","可偷物品","堕落的娼妇","脱淫药"
"2273","堕落の娼婦","防具","1201","快楽のシンボル","可偷物品","堕落的娼妇","快乐之符号"
"2273","堕落の娼婦","物品","394","スパゲティ","可偷食材","堕落的娼妇","意大利面"
"2273","堕落の娼婦","物品","222","艶めかしい尻尾","可偷素材","堕落的娼妇","艳丽的尾巴"
"2274","堕落の牧妹","物品","457","妖精のパフェ","掉落","堕落的牧妹","妖精的芭菲"
"2274","堕落の牧妹","物品","858","大淫婦の尻尾","掉落","堕落的牧妹","大淫妇的尾巴"
"2274","堕落の牧妹","物品","2645","失禁付加の絶秘石","掉落","堕落的牧妹","失禁附加的绝秘石"
"2274","堕落の牧妹","物品","21","脱淫薬","可偷物品","堕落的牧妹","脱淫药"
"2274","堕落の牧妹","防具","1201","快楽のシンボル","可偷物品","堕落的牧妹","快乐之符号"
"2274","堕落の牧妹","物品","415","ホワイトハートチョコ","可偷食材","堕落的牧妹","白心巧克力"
"2274","堕落の牧妹","物品","222","艶めかしい尻尾","可偷素材","堕落的牧妹","艳丽的尾巴"
"2275","堕落の牧姉","物品","93","空の超秘石","掉落","堕落的牧姐","空的超秘石"
"2275","堕落の牧姉","物品","858","大淫婦の尻尾","掉落","堕落的牧姐","大淫妇的尾巴"
"2275","堕落の牧姉","物品","2540","絶頂付加の絶秘石","掉落","堕落的牧姐","绝顶附加的绝秘石"
"2275","堕落の牧姉","物品","21","脱淫薬","可偷物品","堕落的牧姐","脱淫药"
"2275","堕落の牧姉","防具","1201","快楽のシンボル","可偷物品","堕落的牧姐","快乐之符号"
"2275","堕落の牧姉","物品","342","ミルク","可偷食材","堕落的牧姐","牛奶"
"2275","堕落の牧姉","物品","222","艶めかしい尻尾","可偷素材","堕落的牧姐","艳丽的尾巴"
"2278","メイドミラージュ","物品","93","空の超秘石","掉落","女仆幻影","空的超秘石"
"2278","メイドミラージュ","物品","827","深淵の触手","掉落","女仆幻影","深渊的触手"
"2278","メイドミラージュ","物品","2307","通常攻撃の絶秘石","掉落","女仆幻影","普通攻击的绝秘石"
"2279","マザーインセクト","物品","420","ウェディングケーキ","掉落","母虫","婚礼蛋糕"
"2279","マザーインセクト","物品","854","集合意識の甲殻","掉落","母虫","集合意识的甲壳"
"2279","マザーインセクト","物品","3060","守りの絶秘石","掉落","母虫","守护的绝秘石"
"2279","マザーインセクト","物品","60","黄雷石","可偷物品","母虫","黄雷石"
"2279","マザーインセクト","物品","5","エルフの霊薬","可偷物品","母虫","精灵的灵药"
"2279","マザーインセクト","物品","345","クロワッサン","可偷食材","母虫","牛角面包"
"2279","マザーインセクト","物品","214","魔虫の羽根","可偷素材","母虫","魔虫之羽"
"2280","マザーアンブレラ","物品","399","揚げ出し豆腐","掉落","母伞","炸豆腐"
"2280","マザーアンブレラ","物品","827","深淵の触手","掉落","母伞","深渊的触手"
"2280","マザーアンブレラ","物品","4289","量子耐性の絶秘石","掉落","母伞","量子耐性的绝秘石"
"2280","マザーアンブレラ","物品","3","究極薬草","可偷物品","母伞","究极药草"
"2280","マザーアンブレラ","物品","56","蒼氷石","可偷物品","母伞","苍冰石"
"2280","マザーアンブレラ","物品","325","イカ","可偷食材","母伞","鱿鱼"
"2280","マザーアンブレラ","物品","202","巻き付く触手","可偷素材","母伞","缠绕的触手"
"2281","マザーアラディア","物品","93","空の超秘石","掉落","阿拉迪亚","空的超秘石"
"2281","マザーアラディア","物品","843","終焉の結晶","掉落","阿拉迪亚","终焉的结晶"
"2281","マザーアラディア","物品","4253","物理反射の絶秘石","掉落","阿拉迪亚","物理反射的绝秘石"
"2281","マザーアラディア","物品","5","エルフの霊薬","可偷物品","阿拉迪亚","精灵的灵药"
"2281","マザーアラディア","防具","1009","クリスタルオーブ","可偷物品","阿拉迪亚","水晶宝珠"
"2281","マザーアラディア","物品","421","エクレア","可偷食材","阿拉迪亚","闪电泡芙"
"2281","マザーアラディア","物品","224","夜の黒片","可偷素材","阿拉迪亚","夜的黑片"
"2282","暴食の残影","物品","457","妖精のパフェ","掉落","暴食的残影","妖精的芭菲"
"2282","暴食の残影","物品","853","メギドの結晶","掉落","暴食的残影","米吉多的结晶"
"2282","暴食の残影","武器","4701","七つの大罪・暴食","掉落","暴食的残影","七宗罪・暴食"
"2282","暴食の残影","防具","1909","エリザベートのパンツ","可偷内裤","暴食的残影","伊丽莎白的内裤"
"2283","カオスバジリスク","物品","376","ハンバーグ","掉落","混沌鸡蛇","汉堡肉"
"2283","カオスバジリスク","物品","845","神獣の爪","掉落","混沌鸡蛇","神兽的爪"
"2283","カオスバジリスク","防具","4068","爆砕鉄甲","掉落","混沌鸡蛇","爆碎铁甲"
"2283","カオスバジリスク","物品","20","金の針","可偷物品","混沌鸡蛇","金针"
"2283","カオスバジリスク","防具","1461","石化の印","可偷物品","混沌鸡蛇","石化之印"
"2283","カオスバジリスク","物品","330","鳥足","可偷食材","混沌鸡蛇","鸟足"
"2283","カオスバジリスク","物品","192","不思議な羽根","可偷素材","混沌鸡蛇","不可思议的羽毛"
"2284","カオスドラゴン娘","物品","93","空の超秘石","掉落","混沌龙娘","空的超秘石"
"2284","カオスドラゴン娘","物品","833","竜王の牙","掉落","混沌龙娘","龙王的牙齿"
"2284","カオスドラゴン娘","防具","1180","竜神の魂","掉落","混沌龙娘","龙神的灵魂"
"2284","カオスドラゴン娘","物品","52","紅炎石","可偷物品","混沌龙娘","红炎石"
"2284","カオスドラゴン娘","防具","1493","炎のペンダント","可偷物品","混沌龙娘","炎之吊坠"
"2284","カオスドラゴン娘","物品","358","ハンバーガー","可偷食材","混沌龙娘","汉堡"
"2284","カオスドラゴン娘","物品","223","竜の牙","可偷素材","混沌龙娘","龙的牙齿"
"2285","サラマンダーオリジン","物品","930","カオスルビー","掉落","萨拉曼达起源","混沌红宝石"
"2285","サラマンダーオリジン","物品","868","ハイエレメントコア","掉落","萨拉曼达起源","高阶元素核心"
"2285","サラマンダーオリジン","防具","4455","炎の神書","掉落","萨拉曼达起源","炎之神书"
"2287","シャインキューブ","物品","425","パフェ","掉落","闪耀立方","芭菲"
"2287","シャインキューブ","物品","823","きらきらゼリー","掉落","闪耀立方","闪闪发光的果冻"
"2287","シャインキューブ","防具","1377","粘液技の極意書","掉落","闪耀立方","粘液技之极意书"
"2287","シャインキューブ","物品","72","青水石","可偷物品","闪耀立方","青水石"
"2287","シャインキューブ","防具","154","水の羽衣","可偷物品","闪耀立方","水之羽衣"
"2287","シャインキューブ","物品","422","ゼリー","可偷食材","闪耀立方","果冻"
"2287","シャインキューブ","物品","218","ぐにゅぐにゅゼリー","可偷素材","闪耀立方","咕啾咕啾的果冻"
"2288","虚鬼","物品","456","究極の牛丼","掉落","虚鬼","究极牛丼"
"2288","虚鬼","物品","837","神々しい角","掉落","虚鬼","神圣的角"
"2288","虚鬼","物品","3578","妖術使用可能の超秘石","掉落","虚鬼","可以使用妖术的超秘石"
"2288","虚鬼","物品","3","究極薬草","可偷物品","虚鬼","究极药草"
"2288","虚鬼","物品","215","鬼の角","可偷物品","虚鬼","鬼之角"
"2288","虚鬼","物品","378","すきやき","可偷食材","虚鬼","寿喜烧"
"2288","虚鬼","物品","215","鬼の角","可偷素材","虚鬼","鬼之角"
"2288","虚鬼","防具","1882","マジカルエルフのパンツ","可偷内裤","虚鬼","魔法精灵的内裤"
"2289","虚虎","物品","458","超絶美酒・夢天","掉落","虚虎","超绝美酒・梦天"
"2289","虚虎","物品","845","神獣の爪","掉落","虚虎","神兽的爪"
"2289","虚虎","物品","2393","刀技使用可能の超秘石","掉落","虚虎","可以使用刀技的超秘石"
"2289","虚虎","物品","8","バーストドリンク","可偷物品","虚虎","爆发饮料"
"2289","虚虎","武器","315","オリハルコンの爪","可偷物品","虚虎","奥利哈钢制爪"
"2289","虚虎","物品","431","ヤマタイ酒","可偷食材","虚虎","邪马台酒"
"2289","虚虎","物品","194","鋭い牙","可偷素材","虚虎","尖牙"
"2290","カオスヴァンパイア","物品","62","プラズマトルマリン","掉落","混沌吸血鬼","等离子电气石"
"2290","カオスヴァンパイア","物品","856","不滅の黒片","掉落","混沌吸血鬼","不灭的黑片"
"2290","カオスヴァンパイア","物品","2390","短剣技使用可能の超秘石","掉落","混沌吸血鬼","可以使用短剑技的超秘石"
"2290","カオスヴァンパイア","物品","21","脱淫薬","可偷物品","混沌吸血鬼","脱淫药"
"2290","カオスヴァンパイア","防具","1057","エルフのマント","可偷物品","混沌吸血鬼","精灵斗篷"
"2290","カオスヴァンパイア","物品","313","トマト","可偷食材","混沌吸血鬼","番茄"
"2290","カオスヴァンパイア","物品","224","夜の黒片","可偷素材","混沌吸血鬼","夜的黑片"
"2290","カオスヴァンパイア","防具","1897","メイキュバスのパンツ","可偷内裤","混沌吸血鬼","女仆魅魔的内裤"
"2291","ジェライラオリジン","物品","914","女神の秘薬","掉落","杰莱拉起源","女神的秘药"
"2291","ジェライラオリジン","物品","878","カオスマター","掉落","杰莱拉起源","混沌物质"
"2291","ジェライラオリジン","防具","4487","音波の神書","掉落","杰莱拉起源","音波之神书"
"2291","ジェライラオリジン","物品","22","万能薬","可偷物品","杰莱拉起源","万能药"
"2291","ジェライラオリジン","防具","1526","音波のアミュレット","可偷物品","杰莱拉起源","音波之护符"
"2291","ジェライラオリジン","物品","235","混沌の塊","可偷素材","杰莱拉起源","混沌的块"
"2292","リボ・リボオリジン","物品","934","カオストパーズ","掉落","莉波・莉波起源","混沌黄玉"
"2292","リボ・リボオリジン","物品","878","カオスマター","掉落","莉波・莉波起源","混沌物质"
"2292","リボ・リボオリジン","武器","4552","EMPC","掉落","莉波・莉波起源","EMPC"
"2292","リボ・リボオリジン","物品","5","エルフの霊薬","可偷物品","莉波・莉波起源","精灵的灵药"
"2292","リボ・リボオリジン","防具","1538","ステータスガード","可偷物品","莉波・莉波起源","弱化防护"
"2292","リボ・リボオリジン","物品","235","混沌の塊","可偷素材","莉波・莉波起源","混沌的块"
"2293","アンフィルオリジン","物品","916","鬼神の秘薬","掉落","安菲尔起源","鬼神的秘药"
"2293","アンフィルオリジン","物品","878","カオスマター","掉落","安菲尔起源","混沌物质"
"2293","アンフィルオリジン","武器","4585","ハドロンビュート","掉落","安菲尔起源","强子鞭"
"2293","アンフィルオリジン","物品","3","究極薬草","可偷物品","安菲尔起源","究极药草"
"2293","アンフィルオリジン","防具","1530","バイオアミュレット","可偷物品","安菲尔起源","生化护符"
"2293","アンフィルオリジン","物品","235","混沌の塊","可偷素材","安菲尔起源","混沌的块"
"2294","ツィンケルオリジン","物品","912","魔神の秘薬","掉落","辛克尔原型","魔神的秘药"
"2294","ツィンケルオリジン","物品","878","カオスマター","掉落","辛克尔原型","混沌物质"
"2294","ツィンケルオリジン","物品","4278","ナイトメア耐性の極秘石","掉落","辛克尔原型","噩梦耐性的极秘石"
"2294","ツィンケルオリジン","物品","8","バーストドリンク","可偷物品","辛克尔原型","爆发饮料"
"2294","ツィンケルオリジン","防具","1364","機械の秘伝書","可偷物品","辛克尔原型","机械之秘传书"
"2294","ツィンケルオリジン","物品","235","混沌の塊","可偷素材","辛克尔原型","混沌的块"
"2296","レッドエミリ","物品","9","エリクサー","掉落","红艾米莉","圣灵药"
"2296","レッドエミリ","物品","827","深淵の触手","掉落","红艾米莉","深渊的触手"
"2296","レッドエミリ","防具","1496","炎のエンゲージリング","掉落","红艾米莉","炎之订婚戒指"
"2299","カオスアネモネ","物品","369","特上寿司","掉落","混沌海百合","特上寿司"
"2299","カオスアネモネ","物品","832","魔海の珊瑚","掉落","混沌海百合","魔海的珊瑚"
"2299","カオスアネモネ","物品","2890","水強化の絶秘石","掉落","混沌海百合","水强化的绝秘石"
"2299","カオスアネモネ","物品","5","エルフの霊薬","可偷物品","混沌海百合","精灵的灵药"
"2299","カオスアネモネ","防具","1583","センシブガード","可偷物品","混沌海百合","敏感防护"
"2299","カオスアネモネ","物品","323","鯛","可偷食材","混沌海百合","鲷鱼"
"2299","カオスアネモネ","物品","226","大海の珊瑚","可偷素材","混沌海百合","大海的珊瑚"
"2300","紅龍娘","物品","930","カオスルビー","掉落","红龙娘","混沌红宝石"
"2300","紅龍娘","物品","833","竜王の牙","掉落","红龙娘","龙王的牙齿"
"2300","紅龍娘","物品","4313","ナノ耐性の絶秘石","掉落","红龙娘","纳米耐性的绝秘石"
"2300","紅龍娘","物品","5","エルフの霊薬","可偷物品","红龙娘","精灵的灵药"
"2300","紅龍娘","武器","417","大地のハンマー","可偷物品","红龙娘","大地之锤"
"2300","紅龍娘","物品","323","鯛","可偷食材","红龙娘","鲷鱼"
"2300","紅龍娘","物品","194","鋭い牙","可偷素材","红龙娘","尖牙"
"2301","カオスマンタ","物品","94","空の絶秘石","掉落","混沌蝠鲼","空的绝秘石"
"2301","カオスマンタ","物品","848","永遠の鱗","掉落","混沌蝠鲼","永恒的鳞片"
"2301","カオスマンタ","物品","3429","海強化の絶秘石","掉落","混沌蝠鲼","海强化的绝秘石"
"2301","カオスマンタ","物品","12","世界樹の葉","可偷物品","混沌蝠鲼","世界树之叶"
"2301","カオスマンタ","防具","1097","金の勾玉","可偷物品","混沌蝠鲼","金制勾玉"
"2301","カオスマンタ","物品","366","カニタマ","可偷食材","混沌蝠鲼","蟹玉丼"
"2301","カオスマンタ","物品","226","大海の珊瑚","可偷素材","混沌蝠鲼","大海的珊瑚"
"2302","大海虚角","物品","94","空の絶秘石","掉落","大海虚角","空的绝秘石"
"2302","大海虚角","物品","837","神々しい角","掉落","大海虚角","神圣的角"
"2302","大海虚角","物品","2149","反撃強化の絶秘石","掉落","大海虚角","反击强化的绝秘石"
"2302","大海虚角","物品","9","エリクサー","可偷物品","大海虚角","圣灵药"
"2302","大海虚角","物品","25","不思議な木の実","可偷物品","大海虚角","不可思议之果"
"2302","大海虚角","物品","396","おでん","可偷食材","大海虚角","关东煮"
"2302","大海虚角","物品","228","大一角","可偷素材","大海虚角","大一角"
"2303","カオストリック","物品","933","カオスエメラルド","掉落","混沌特里克","混沌翡翠"
"2303","カオストリック","物品","822","神様のどんぐり","掉落","混沌特里克","神大人的橡果"
"2303","カオストリック","物品","4012","フェアリーのための絶秘石","掉落","混沌特里克","妖精的绝秘石"
"2303","カオストリック","物品","5","エルフの霊薬","可偷物品","混沌特里克","精灵的灵药"
"2303","カオストリック","防具","1373","自然感応の秘伝書","可偷物品","混沌特里克","自然感应之秘传书"
"2303","カオストリック","物品","412","うさぎもち","可偷食材","混沌特里克","兔子年糕"
"2303","カオストリック","物品","229","精霊のどんぐり","可偷素材","混沌特里克","精灵的橡果"
"2304","カオスアマゾネス","物品","904","最後の霊薬","掉落","混沌亚马逊","最终之灵药"
"2304","カオスアマゾネス","物品","821","神の涙石","掉落","混沌亚马逊","神的泪石"
"2304","カオスアマゾネス","物品","4006","エルフのための絶秘石","掉落","混沌亚马逊","精灵的绝秘石"
"2304","カオスアマゾネス","物品","8","バーストドリンク","可偷物品","混沌亚马逊","爆发饮料"
"2304","カオスアマゾネス","防具","1710","エルフの魔晶石","可偷物品","混沌亚马逊","精灵的魔晶石"
"2304","カオスアマゾネス","物品","319","じゃがいも","可偷食材","混沌亚马逊","土豆"
"2304","カオスアマゾネス","物品","230","涙の魔石","可偷素材","混沌亚马逊","泪的魔石"
"2304","カオスアマゾネス","防具","1899","妖鬼のふんどし","可偷内裤","混沌亚马逊","妖鬼的兜裆布"
"2305","レッドカーバンクル","物品","457","妖精のパフェ","掉落","红宝石戒指","妖精的芭菲"
"2305","レッドカーバンクル","物品","822","神様のどんぐり","掉落","红宝石戒指","神大人的橡果"
"2305","レッドカーバンクル","物品","3109","魔法反射の絶秘石","掉落","红宝石戒指","魔法反射的绝秘石"
"2305","レッドカーバンクル","物品","5","エルフの霊薬","可偷物品","红宝石戒指","精灵的灵药"
"2305","レッドカーバンクル","防具","1009","クリスタルオーブ","可偷物品","红宝石戒指","水晶宝珠"
"2305","レッドカーバンクル","物品","379","コロッケ","可偷食材","红宝石戒指","可乐饼"
"2305","レッドカーバンクル","物品","65","疾風緑風石","可偷素材","红宝石戒指","疾风绿风石"
"2306","カオスジャイガンテック","物品","94","空の絶秘石","掉落","混沌巨人科技","空的绝秘石"
"2306","カオスジャイガンテック","物品","821","神の涙石","掉落","混沌巨人科技","神的泪石"
"2306","カオスジャイガンテック","武器","4428","オライオン","掉落","混沌巨人科技","奥拉昂"
"2306","カオスジャイガンテック","物品","8","バーストドリンク","可偷物品","混沌巨人科技","爆发饮料"
"2306","カオスジャイガンテック","防具","1024","巨人の小手","可偷物品","混沌巨人科技","巨人护手"
"2306","カオスジャイガンテック","物品","329","肉","可偷食材","混沌巨人科技","肉"
"2306","カオスジャイガンテック","物品","69","土流橙土石","可偷素材","混沌巨人科技","土流橙土石"
"2306","カオスジャイガンテック","防具","1898","キャンディパンツ","可偷内裤","混沌巨人科技","坎蒂内裤"
"2307","ヴァンデミエール","物品","923","魔力の神種","掉落","葡月","魔力的神种"
"2307","ヴァンデミエール","物品","822","神様のどんぐり","掉落","葡月","神大人的橡果"
"2307","ヴァンデミエール","防具","1746","テスタメント","掉落","葡月","圣约"
"2307","ヴァンデミエール","防具","1900","ヴァンパイアパンツ","可偷内裤","葡月","吸血鬼内裤"
"2308","ブリュメール","物品","926","器用さの神種","掉落","雾月","灵巧的神种"
"2308","ブリュメール","物品","821","神の涙石","掉落","雾月","神的泪石"
"2308","ブリュメール","防具","1748","究極の初手","掉落","雾月","究极先手"
"2308","ブリュメール","防具","1901","ウィッチサキュバスのパンツ","可偷内裤","雾月","女巫魅魔的内裤"
"2309","ジークアルラウネ","物品","455","アルティメットサラダ","掉落","齐格阿尔劳内","究极沙拉"
"2309","ジークアルラウネ","物品","855","世界樹の花びら","掉落","齐格阿尔劳内","世界树的花瓣"
"2309","ジークアルラウネ","物品","2925","黒魔法の絶秘石","掉落","齐格阿尔劳内","黑魔法的绝秘石"
"2309","ジークアルラウネ","物品","3","究極薬草","可偷物品","齐格阿尔劳内","究极药草"
"2309","ジークアルラウネ","防具","1609","鞭の勲章","可偷物品","齐格阿尔劳内","鞭子之勋章"
"2309","ジークアルラウネ","物品","390","クリームシチュー","可偷食材","齐格阿尔劳内","奶油炖菜"
"2309","ジークアルラウネ","物品","232","艶めかしい花びら","可偷素材","齐格阿尔劳内","艳丽的花瓣"
"2310","ジークドリアード","物品","902","最終薬草","掉落","齐格树精","最终药草"
"2310","ジークドリアード","物品","855","世界樹の花びら","掉落","齐格树精","世界树的花瓣"
"2310","ジークドリアード","物品","2920","白魔法の絶秘石","掉落","齐格树精","白魔法的绝秘石"
"2310","ジークドリアード","物品","5","エルフの霊薬","可偷物品","齐格树精","精灵的灵药"
"2310","ジークドリアード","防具","1230","植物破りの呪符","可偷物品","齐格树精","植物破咒符"
"2310","ジークドリアード","物品","367","パエリア","可偷食材","齐格树精","海鲜饭"
"2310","ジークドリアード","物品","232","艶めかしい花びら","可偷素材","齐格树精","艳丽的花瓣"
"2311","メギドラウネ","物品","94","空の絶秘石","掉落","米吉多拉乌涅","空的绝秘石"
"2311","メギドラウネ","物品","855","世界樹の花びら","掉落","米吉多拉乌涅","世界树的花瓣"
"2311","メギドラウネ","物品","2570","麻痺付加の絶秘石","掉落","米吉多拉乌涅","麻痹附加的绝秘石"
"2311","メギドラウネ","物品","22","万能薬","可偷物品","米吉多拉乌涅","万能药"
"2311","メギドラウネ","防具","1194","吸精の薔薇","可偷物品","米吉多拉乌涅","吸精玫瑰"
"2311","メギドラウネ","物品","393","グラタン","可偷食材","米吉多拉乌涅","奶汁烤菜"
"2311","メギドラウネ","物品","232","艶めかしい花びら","可偷素材","米吉多拉乌涅","艳丽的花瓣"
"2312","カオスドリアード","物品","22","万能薬","掉落","混沌树精","万能药"
"2312","カオスドリアード","物品","855","世界樹の花びら","掉落","混沌树精","世界树的花瓣"
"2312","カオスドリアード","物品","2669","商技の絶秘石","掉落","混沌树精","商技的绝秘石"
"2312","カオスドリアード","物品","22","万能薬","可偷物品","混沌树精","万能药"
"2312","カオスドリアード","防具","1585","ラプチャガード","可偷物品","混沌树精","恍惚防护"
"2312","カオスドリアード","物品","381","野菜サラダ","可偷食材","混沌树精","蔬菜沙拉"
"2312","カオスドリアード","物品","232","艶めかしい花びら","可偷素材","混沌树精","艳丽的花瓣"
"2313","カオスドリアード","物品","902","最終薬草","掉落","混沌树精","最终药草"
"2313","カオスドリアード","物品","855","世界樹の花びら","掉落","混沌树精","世界树的花瓣"
"2313","カオスドリアード","物品","2545","毒付加の絶秘石","掉落","混沌树精","毒附加的绝秘石"
"2313","カオスドリアード","物品","22","万能薬","可偷物品","混沌树精","万能药"
"2313","カオスドリアード","防具","1549","ポイズンガード","可偷物品","混沌树精","中毒防护"
"2313","カオスドリアード","物品","380","野菜炒め","可偷食材","混沌树精","炒蔬菜"
"2313","カオスドリアード","物品","232","艶めかしい花びら","可偷素材","混沌树精","艳丽的花瓣"
"2314","テルミドール","物品","9","エリクサー","掉落","热月","圣灵药"
"2314","テルミドール","物品","855","世界樹の花びら","掉落","热月","世界树的花瓣"
"2314","テルミドール","物品","3772","魔物使いのための絶秘石","掉落","热月","魔物使的绝秘石"
"2315","ダハーカの虚像","物品","921","力の神種","掉落","达哈卡的虚像","力量的神种"
"2315","ダハーカの虚像","物品","867","古神の依代","掉落","达哈卡的虚像","古神的依代"
"2315","ダハーカの虚像","防具","4585","種族特攻の神書","掉落","达哈卡的虚像","种族特攻之神书"
"2315","ダハーカの虚像","物品","9","エリクサー","可偷物品","达哈卡的虚像","圣灵药"
"2315","ダハーカの虚像","防具","1015","覇王のタトゥー","可偷物品","达哈卡的虚像","霸王纹身"
"2315","ダハーカの虚像","物品","371","牛丼","可偷食材","达哈卡的虚像","牛丼"
"2315","ダハーカの虚像","物品","247","覇竜の牙","可偷素材","达哈卡的虚像","霸龙的牙齿"
"2316","虚海の騎士","物品","906","ファイナルドリンク","掉落","虚海骑士","最终饮料"
"2316","虚海の騎士","物品","848","永遠の鱗","掉落","虚海骑士","永恒的鳞片"
"2316","虚海の騎士","物品","3730","剣士のための絶秘石","掉落","虚海骑士","剑士的绝秘石"
"2316","虚海の騎士","物品","73","激流青水石","可偷物品","虚海骑士","激流青水石"
"2316","虚海の騎士","防具","1370","海技の秘伝書","可偷物品","虚海骑士","海技之秘传书"
"2316","虚海の騎士","物品","357","サンドウイッチ","可偷食材","虚海骑士","三明治"
"2316","虚海の騎士","物品","234","神秘の鱗","可偷素材","虚海骑士","神秘的鳞片"
"2317","ディープジェネラル","物品","931","カオスアメジスト","掉落","深渊将军","混沌紫水晶"
"2317","ディープジェネラル","物品","848","永遠の鱗","掉落","深渊将军","永恒的鳞片"
"2317","ディープジェネラル","物品","3736","竜騎士のための絶秘石","掉落","深渊将军","龙骑士的绝秘石"
"2317","ディープジェネラル","物品","5","エルフの霊薬","可偷物品","深渊将军","精灵的灵药"
"2317","ディープジェネラル","防具","1291","槍の書","可偷物品","深渊将军","枪之书"
"2317","ディープジェネラル","物品","382","フルーツサラダ","可偷食材","深渊将军","水果沙拉"
"2317","ディープジェネラル","物品","234","神秘の鱗","可偷素材","深渊将军","神秘的鳞片"
"2318","レッドローレライ","物品","94","空の絶秘石","掉落","赤红罗蕾莱","空的绝秘石"
"2318","レッドローレライ","物品","848","永遠の鱗","掉落","赤红罗蕾莱","永恒的鳞片"
"2318","レッドローレライ","物品","2865","炎強化の絶秘石","掉落","赤红罗蕾莱","炎强化的绝秘石"
"2318","レッドローレライ","物品","5","エルフの霊薬","可偷物品","赤红罗蕾莱","精灵的灵药"
"2318","レッドローレライ","防具","1291","槍の書","可偷物品","赤红罗蕾莱","枪之书"
"2318","レッドローレライ","物品","382","フルーツサラダ","可偷食材","赤红罗蕾莱","水果沙拉"
"2318","レッドローレライ","物品","234","神秘の鱗","可偷素材","赤红罗蕾莱","神秘的鳞片"
"2319","人魚虚姫","物品","920","不思議な神実","掉落","人鱼虚姬","不可思议的神实"
"2319","人魚虚姫","物品","848","永遠の鱗","掉落","人鱼虚姬","永恒的鳞片"
"2319","人魚虚姫","物品","2905","音波強化の絶秘石","掉落","人鱼虚姬","音波强化的绝秘石"
"2320","オケアノス","物品","924","精神の神種","掉落","俄刻阿诺斯","精神的神种"
"2320","オケアノス","物品","848","永遠の鱗","掉落","俄刻阿诺斯","永恒的鳞片"
"2320","オケアノス","防具","1516","水のエンゲージリング","掉落","俄刻阿诺斯","水之订婚戒指"
"2321","カオスアラクネ","物品","358","ハンバーガー","掉落","混沌阿拉克涅","汉堡"
"2321","カオスアラクネ","物品","854","集合意識の甲殻","掉落","混沌阿拉克涅","集合意识的甲壳"
"2321","カオスアラクネ","物品","3070","精神の絶秘石","掉落","混沌阿拉克涅","精神的绝秘石"
"2321","カオスアラクネ","物品","65","疾風緑風石","可偷物品","混沌阿拉克涅","疾风绿风石"
"2321","カオスアラクネ","防具","1450","スロウの秘印","可偷物品","混沌阿拉克涅","减速之秘印"
"2321","カオスアラクネ","物品","319","じゃがいも","可偷食材","混沌阿拉克涅","土豆"
"2321","カオスアラクネ","物品","175","蜘蛛の糸","可偷素材","混沌阿拉克涅","蜘蛛之丝"
"2322","カオスアラクネ","物品","917","カンフル","掉落","混沌阿拉克涅","强心剂"
"2322","カオスアラクネ","物品","854","集合意識の甲殻","掉落","混沌阿拉克涅","集合意识的甲壳"
"2322","カオスアラクネ","物品","2836","MPの絶秘石","掉落","混沌阿拉克涅","MP的绝秘石"
"2322","カオスアラクネ","物品","69","土流橙土石","可偷物品","混沌阿拉克涅","土流橙土石"
"2322","カオスアラクネ","防具","1450","スロウの秘印","可偷物品","混沌阿拉克涅","减速之秘印"
"2322","カオスアラクネ","物品","321","とうがらし","可偷食材","混沌阿拉克涅","辣椒"
"2322","カオスアラクネ","物品","175","蜘蛛の糸","可偷素材","混沌阿拉克涅","蜘蛛之丝"
"2323","カオスアラクネ","物品","918","ワクチン","掉落","混沌阿拉克涅","疫苗"
"2323","カオスアラクネ","物品","854","集合意識の甲殻","掉落","混沌阿拉克涅","集合意识的甲壳"
"2323","カオスアラクネ","物品","2550","暗闇付加の絶秘石","掉落","混沌阿拉克涅","黑暗附加的绝秘石"
"2323","カオスアラクネ","物品","73","激流青水石","可偷物品","混沌阿拉克涅","激流青水石"
"2323","カオスアラクネ","防具","1450","スロウの秘印","可偷物品","混沌阿拉克涅","减速之秘印"
"2323","カオスアラクネ","物品","315","ネギ","可偷食材","混沌阿拉克涅","葱"
"2323","カオスアラクネ","物品","175","蜘蛛の糸","可偷素材","混沌阿拉克涅","蜘蛛之丝"
"2324","あやし虚蜘蛛","物品","906","ファイナルドリンク","掉落","诡怪虚蜘蛛","最终饮料"
"2324","あやし虚蜘蛛","物品","854","集合意識の甲殻","掉落","诡怪虚蜘蛛","集合意识的甲壳"
"2324","あやし虚蜘蛛","物品","3570","妖術の絶秘石","掉落","诡怪虚蜘蛛","妖术的绝秘石"
"2324","あやし虚蜘蛛","物品","17","満月草","可偷物品","诡怪虚蜘蛛","满月草"
"2324","あやし虚蜘蛛","防具","1569","ストップガード","可偷物品","诡怪虚蜘蛛","停止防护"
"2324","あやし虚蜘蛛","物品","332","豆腐","可偷食材","诡怪虚蜘蛛","豆腐"
"2324","あやし虚蜘蛛","物品","175","蜘蛛の糸","可偷素材","诡怪虚蜘蛛","蜘蛛之丝"
"2325","メギドアラクネ","物品","902","最終薬草","掉落","米吉多阿拉克涅","最终药草"
"2325","メギドアラクネ","物品","854","集合意識の甲殻","掉落","米吉多阿拉克涅","集合意识的甲壳"
"2325","メギドアラクネ","物品","3790","時魔道士のための絶秘石","掉落","米吉多阿拉克涅","时魔道士的绝秘石"
"2325","メギドアラクネ","物品","22","万能薬","可偷物品","米吉多阿拉克涅","万能药"
"2325","メギドアラクネ","防具","29","アサルトスーツ","可偷物品","米吉多阿拉克涅","突击套装"
"2325","メギドアラクネ","物品","351","プレッツェル","可偷食材","米吉多阿拉克涅","扭结面包"
"2325","メギドアラクネ","物品","175","蜘蛛の糸","可偷素材","米吉多阿拉克涅","蜘蛛之丝"
"2326","カオスナクア","物品","94","空の絶秘石","掉落","混沌纳克亚","空的绝秘石"
"2326","カオスナクア","物品","854","集合意識の甲殻","掉落","混沌纳克亚","集合意识的甲壳"
"2326","カオスナクア","物品","2945","闇技の絶秘石","掉落","混沌纳克亚","暗技的绝秘石"
"2326","カオスナクア","物品","22","万能薬","可偷物品","混沌纳克亚","万能药"
"2326","カオスナクア","防具","29","アサルトスーツ","可偷物品","混沌纳克亚","突击套装"
"2326","カオスナクア","物品","351","プレッツェル","可偷食材","混沌纳克亚","扭结面包"
"2326","カオスナクア","物品","175","蜘蛛の糸","可偷素材","混沌纳克亚","蜘蛛之丝"
"2327","蜘蛛之皇女","物品","458","超絶美酒・夢天","掉落","蜘蛛之皇女","超绝美酒・梦天"
"2327","蜘蛛之皇女","防具","1745","愚神礼讃","掉落","蜘蛛之皇女","愚神礼赞"
"2327","蜘蛛之皇女","物品","4265","銀河耐性の絶秘石","掉落","蜘蛛之皇女","银河耐性的绝秘石"
"2328","カオスコンキスタ","物品","112","賢者の石","掉落","混沌征服者","贤者之石"
"2328","カオスコンキスタ","物品","856","不滅の黒片","掉落","混沌征服者","不灭的黑片"
"2328","カオスコンキスタ","物品","2585","ショック付加の絶秘石","掉落","混沌征服者","电击附加的绝秘石"
"2328","カオスコンキスタ","物品","20","金の針","可偷物品","混沌征服者","金针"
"2328","カオスコンキスタ","防具","1216","吸血鬼破りの呪符","可偷物品","混沌征服者","吸血鬼破除的咒符"
"2328","カオスコンキスタ","物品","313","トマト","可偷食材","混沌征服者","番茄"
"2328","カオスコンキスタ","物品","224","夜の黒片","可偷素材","混沌征服者","夜的黑片"
"2329","カオスヴェンデッタ","物品","932","カオストルマリン","掉落","混沌仇杀者","混沌电气石"
"2329","カオスヴェンデッタ","物品","856","不滅の黒片","掉落","混沌仇杀者","不灭的黑片"
"2329","カオスヴェンデッタ","物品","3156","雷無効の絶秘石","掉落","混沌仇杀者","雷无效的绝秘石"
"2329","カオスヴェンデッタ","物品","20","金の針","可偷物品","混沌仇杀者","金针"
"2329","カオスヴェンデッタ","防具","1216","吸血鬼破りの呪符","可偷物品","混沌仇杀者","吸血鬼破除的咒符"
"2329","カオスヴェンデッタ","物品","313","トマト","可偷食材","混沌仇杀者","番茄"
"2329","カオスヴェンデッタ","物品","224","夜の黒片","可偷素材","混沌仇杀者","夜的黑片"
"2330","フルムーン","物品","94","空の絶秘石","掉落","满月","空的绝秘石"
"2330","フルムーン","物品","856","不滅の黒片","掉落","满月","不灭的黑片"
"2330","フルムーン","物品","3802","召喚士のための絶秘石","掉落","满月","召唤士的绝秘石"
"2330","フルムーン","物品","20","金の針","可偷物品","满月","金针"
"2330","フルムーン","防具","1216","吸血鬼破りの呪符","可偷物品","满月","吸血鬼破除的咒符"
"2330","フルムーン","物品","313","トマト","可偷食材","满月","番茄"
"2330","フルムーン","物品","224","夜の黒片","可偷素材","满月","夜的黑片"
"2331","フォールンカーミラ","物品","921","力の神種","掉落","堕落卡米拉","力量的神种"
"2331","フォールンカーミラ","物品","856","不滅の黒片","掉落","堕落卡米拉","不灭的黑片"
"2331","フォールンカーミラ","物品","3994","吸血鬼のための絶秘石","掉落","堕落卡米拉","吸血鬼的绝秘石"
"2331","フォールンカーミラ","物品","3","究極薬草","可偷物品","堕落卡米拉","究极药草"
"2331","フォールンカーミラ","防具","1250","雷の秘伝書","可偷物品","堕落卡米拉","雷之秘传书"
"2331","フォールンカーミラ","物品","382","フルーツサラダ","可偷食材","堕落卡米拉","水果沙拉"
"2331","フォールンカーミラ","物品","224","夜の黒片","可偷素材","堕落卡米拉","夜的黑片"
"2331","フォールンカーミラ","防具","1910","吸血女王のパンツ","可偷内裤","堕落卡米拉","吸血女王的内裤"
"2332","フォールンエリザベート","物品","923","魔力の神種","掉落","堕落伊丽莎白","魔力的神种"
"2332","フォールンエリザベート","物品","856","不滅の黒片","掉落","堕落伊丽莎白","不灭的黑片"
"2332","フォールンエリザベート","物品","4295","イオン耐性の絶秘石","掉落","堕落伊丽莎白","离子耐性的绝秘石"
"2332","フォールンエリザベート","物品","3","究極薬草","可偷物品","堕落伊丽莎白","究极药草"
"2332","フォールンエリザベート","防具","1048","千里眼の櫛","可偷物品","堕落伊丽莎白","千里眼梳子"
"2332","フォールンエリザベート","物品","386","ローストチキン","可偷食材","堕落伊丽莎白","烤鸡"
"2332","フォールンエリザベート","物品","224","夜の黒片","可偷素材","堕落伊丽莎白","夜的黑片"
"2332","フォールンエリザベート","防具","1911","マスターシャドウのパンツ","可偷内裤","堕落伊丽莎白","幽影之主的内裤"
"2334","輝ける影","物品","399","揚げ出し豆腐","掉落","光辉之影","炸豆腐"
"2334","輝ける影","物品","839","冥府の髪","掉落","光辉之影","冥府的头发"
"2334","輝ける影","物品","3952","魔法少女のための絶秘石","掉落","光辉之影","魔法少女的绝秘石"
"2334","輝ける影","物品","5","エルフの霊薬","可偷物品","光辉之影","精灵的灵药"
"2334","輝ける影","防具","1400","屍技の秘伝書","可偷物品","光辉之影","尸技之秘传书"
"2334","輝ける影","物品","311","なすび","可偷食材","光辉之影","茄子"
"2334","輝ける影","物品","210","妖怪の髪","可偷素材","光辉之影","妖怪的头发"
"2334","輝ける影","防具","1922","キューピッドのパンツ","可偷内裤","光辉之影","丘比特的内裤"
"2335","虚煙羅","物品","931","カオスアメジスト","掉落","虚烟罗","混沌紫水晶"
"2335","虚煙羅","物品","837","神々しい角","掉落","虚烟罗","神圣的角"
"2335","虚煙羅","物品","3277","回避する者の絶秘石","掉落","虚烟罗","回避者的绝秘石"
"2335","虚煙羅","物品","22","万能薬","可偷物品","虚烟罗","万能药"
"2335","虚煙羅","防具","1214","妖怪破りの呪符","可偷物品","虚烟罗","妖怪破除的咒符"
"2335","虚煙羅","物品","408","おだんご","可偷食材","虚烟罗","团子"
"2335","虚煙羅","物品","236","妖力の結晶","可偷素材","虚烟罗","妖力的结晶"
"2336","虚麒麟","物品","932","カオストルマリン","掉落","虚麒麟","混沌电气石"
"2336","虚麒麟","物品","837","神々しい角","掉落","虚麒麟","神圣的角"
"2336","虚麒麟","物品","2875","雷強化の絶秘石","掉落","虚麒麟","雷强化的绝秘石"
"2336","虚麒麟","物品","5","エルフの霊薬","可偷物品","虚麒麟","精灵的灵药"
"2336","虚麒麟","防具","1250","雷の秘伝書","可偷物品","虚麒麟","雷之秘传书"
"2336","虚麒麟","物品","403","たこ焼き","可偷食材","虚麒麟","章鱼烧"
"2336","虚麒麟","物品","236","妖力の結晶","可偷素材","虚麒麟","妖力的结晶"
"2336","虚麒麟","防具","1923","ヴァルキリーのパンツ","可偷内裤","虚麒麟","瓦尔基里穿过的内裤"
"2337","虚蛇骨","物品","917","カンフル","掉落","虚蛇骨","强心剂"
"2337","虚蛇骨","物品","838","魔王の蛇尾","掉落","虚蛇骨","魔王的蛇尾"
"2337","虚蛇骨","物品","2684","踊りの絶秘石","掉落","虚蛇骨","舞蹈的绝秘石"
"2337","虚蛇骨","物品","5","エルフの霊薬","可偷物品","虚蛇骨","精灵的灵药"
"2337","虚蛇骨","防具","1382","蛇技の秘伝書","可偷物品","虚蛇骨","蛇技之秘传书"
"2337","虚蛇骨","物品","383","焼き魚","可偷食材","虚蛇骨","烤鱼"
"2337","虚蛇骨","物品","236","妖力の結晶","可偷素材","虚蛇骨","妖力的结晶"
"2337","虚蛇骨","防具","1926","タイタニアのパンツ","可偷内裤","虚蛇骨","缇坦妮雅的内裤"
"2338","カオスベヒーモス","物品","906","ファイナルドリンク","掉落","混沌贝希摩斯","最终饮料"
"2338","カオスベヒーモス","物品","845","神獣の爪","掉落","混沌贝希摩斯","神兽的爪"
"2338","カオスベヒーモス","物品","3461","獣技の絶秘石","掉落","混沌贝希摩斯","兽技的绝秘石"
"2338","カオスベヒーモス","物品","8","バーストドリンク","可偷物品","混沌贝希摩斯","爆发饮料"
"2338","カオスベヒーモス","防具","1379","獣技の秘伝書","可偷物品","混沌贝希摩斯","兽技之秘传书"
"2338","カオスベヒーモス","物品","371","牛丼","可偷食材","混沌贝希摩斯","牛丼"
"2338","カオスベヒーモス","物品","238","狂獣の爪","可偷素材","混沌贝希摩斯","狂兽的爪子"
"2339","カオスワイバーン","物品","930","カオスルビー","掉落","混沌飞龙","混沌红宝石"
"2339","カオスワイバーン","物品","833","竜王の牙","掉落","混沌飞龙","龙王的牙齿"
"2339","カオスワイバーン","物品","3476","翼技の絶秘石","掉落","混沌飞龙","翼技的绝秘石"
"2339","カオスワイバーン","物品","3","究極薬草","可偷物品","混沌飞龙","究极药草"
"2339","カオスワイバーン","防具","1494","炎のアミュレット","可偷物品","混沌飞龙","炎之护符"
"2339","カオスワイバーン","物品","386","ローストチキン","可偷食材","混沌飞龙","烤鸡"
"2339","カオスワイバーン","物品","237","真竜の牙","可偷素材","混沌飞龙","真龙的牙齿"
"2340","ニーズヘッグ","物品","94","空の絶秘石","掉落","尼兹海格","空的绝秘石"
"2340","ニーズヘッグ","物品","833","竜王の牙","掉落","尼兹海格","龙王的牙齿"
"2340","ニーズヘッグ","物品","3575","巨技の絶秘石","掉落","尼兹海格","巨技的绝秘石"
"2340","ニーズヘッグ","物品","237","真竜の牙","可偷物品","尼兹海格","真龙的牙齿"
"2340","ニーズヘッグ","防具","1024","巨人の小手","可偷物品","尼兹海格","巨人护手"
"2340","ニーズヘッグ","物品","435","アメ玉","可偷食材","尼兹海格","糖球"
"2340","ニーズヘッグ","物品","237","真竜の牙","可偷素材","尼兹海格","真龙的牙齿"
"2341","堕影拳妖","物品","906","ファイナルドリンク","掉落","堕影拳妖","最终饮料"
"2341","堕影拳妖","物品","844","大淫魔の尻尾","掉落","堕影拳妖","大淫魔的尾巴"
"2341","堕影拳妖","物品","2139","魔法反撃の絶秘石","掉落","堕影拳妖","魔法反击的绝秘石"
"2341","堕影拳妖","物品","8","バーストドリンク","可偷物品","堕影拳妖","爆发饮料"
"2341","堕影拳妖","防具","1083","達人の黒帯","可偷物品","堕影拳妖","达人的黑带"
"2341","堕影拳妖","物品","358","ハンバーガー","可偷食材","堕影拳妖","汉堡"
"2341","堕影拳妖","物品","222","艶めかしい尻尾","可偷素材","堕影拳妖","艳丽的尾巴"
"2341","堕影拳妖","防具","1924","ソニアパンツ","可偷内裤","堕影拳妖","索尼娅的内裤"
"2342","虚影拳魔","物品","902","最終薬草","掉落","虚影拳魔","最终药草"
"2342","虚影拳魔","物品","843","終焉の結晶","掉落","虚影拳魔","终焉的结晶"
"2342","虚影拳魔","物品","2387","格闘の絶秘石","掉落","虚影拳魔","格斗的绝秘石"
"2342","虚影拳魔","物品","3","究極薬草","可偷物品","虚影拳魔","究极药草"
"2342","虚影拳魔","防具","1301","拳の秘伝書","可偷物品","虚影拳魔","拳套之秘传书"
"2342","虚影拳魔","物品","402","ホットドッグ","可偷食材","虚影拳魔","热狗"
"2342","虚影拳魔","物品","236","妖力の結晶","可偷素材","虚影拳魔","妖力的结晶"
"2342","虚影拳魔","防具","1925","フェルナンデスのパンツ","可偷内裤","虚影拳魔","费尔南德斯的内裤"
"2343","メギドサーバント","物品","455","アルティメットサラダ","掉落","米吉多仆从","究极沙拉"
"2343","メギドサーバント","物品","827","深淵の触手","掉落","米吉多仆从","深渊的触手"
"2343","メギドサーバント","物品","2714","御奉仕の絶秘石","掉落","米吉多仆从","侍奉的绝秘石"
"2343","メギドサーバント","物品","3","究極薬草","可偷物品","米吉多仆从","究极药草"
"2343","メギドサーバント","防具","1618","皿の勲章","可偷物品","米吉多仆从","盘之勋章"
"2343","メギドサーバント","物品","393","グラタン","可偷食材","米吉多仆从","奶汁烤菜"
"2343","メギドサーバント","物品","202","巻き付く触手","可偷素材","米吉多仆从","缠绕的触手"
"2344","メギドヴィーヴル","物品","937","カオスクリスタル","掉落","米吉多薇薇尔","混沌水晶"
"2344","メギドヴィーヴル","物品","843","終焉の結晶","掉落","米吉多薇薇尔","终焉的结晶"
"2344","メギドヴィーヴル","物品","3446","魔技の絶秘石","掉落","米吉多薇薇尔","魔技的绝秘石"
"2344","メギドヴィーヴル","物品","5","エルフの霊薬","可偷物品","米吉多薇薇尔","精灵的灵药"
"2344","メギドヴィーヴル","防具","1367","魔技の秘伝書","可偷物品","米吉多薇薇尔","魔技之秘传书"
"2344","メギドヴィーヴル","物品","350","チョココロネ","可偷食材","米吉多薇薇尔","巧克力螺旋面包"
"2344","メギドヴィーヴル","物品","236","妖力の結晶","可偷素材","米吉多薇薇尔","妖力的结晶"
"2351","虚氷の女王","物品","58","フロストアメジスト","掉落","虚冰的女王","霜冻紫水晶"
"2351","虚氷の女王","物品","843","終焉の結晶","掉落","虚冰的女王","终焉的结晶"
"2351","虚氷の女王","防具","1248","氷の極意書","掉落","虚冰的女王","冰之极意书"
"2351","虚氷の女王","物品","5","エルフの霊薬","可偷物品","虚冰的女王","精灵的灵药"
"2351","虚氷の女王","防具","1498","氷のアミュレット","可偷物品","虚冰的女王","冰之护符"
"2351","虚氷の女王","物品","424","アイスクリーム","可偷食材","虚冰的女王","冰淇淋"
"2351","虚氷の女王","物品","236","妖力の結晶","可偷素材","虚冰的女王","妖力的结晶"
"2351","虚氷の女王","防具","1931","ハイネパンツ","可偷内裤","虚冰的女王","海涅内裤"
"2352","虚無の白熊","物品","377","ステーキ","掉落","虚无的白熊","牛排"
"2352","虚無の白熊","物品","845","神獣の爪","掉落","虚无的白熊","神兽的爪"
"2352","虚無の白熊","防具","1487","物理のリング","掉落","虚无的白熊","物理之戒指"
"2352","虚無の白熊","物品","57","凍結蒼氷石","可偷物品","虚无的白熊","冻结苍冰石"
"2352","虚無の白熊","防具","1304","牙の秘伝書","可偷物品","虚无的白熊","牙之秘传书"
"2352","虚無の白熊","物品","416","くまさんチョコ","可偷食材","虚无的白熊","熊熊巧克力"
"2352","虚無の白熊","物品","238","狂獣の爪","可偷素材","虚无的白熊","狂兽的爪子"
"2353","堕天使兵","物品","901","混沌薬草","掉落","堕天使兵","混沌药草"
"2353","堕天使兵","物品","824","黙示の羽根","掉落","堕天使兵","启示的羽毛"
"2353","堕天使兵","防具","1317","杖の極意書","掉落","堕天使兵","杖之极意书"
"2353","堕天使兵","物品","3","究極薬草","可偷物品","堕天使兵","究极药草"
"2353","堕天使兵","物品","77","天空白聖石","可偷物品","堕天使兵","天空白圣石"
"2353","堕天使兵","物品","329","肉","可偷食材","堕天使兵","肉"
"2353","堕天使兵","物品","241","天使の羽根","可偷素材","堕天使兵","天使的羽毛"
"2353","堕天使兵","防具","1933","ギャルのパンツ","可偷内裤","堕天使兵","辣妹的内裤"
"2354","堕天使兵","物品","905","カオスドリンク","掉落","堕天使兵","混沌饮料"
"2354","堕天使兵","物品","824","黙示の羽根","掉落","堕天使兵","启示的羽毛"
"2354","堕天使兵","物品","2977","聖技使用可能の超秘石","掉落","堕天使兵","可以使用圣技的超秘石"
"2354","堕天使兵","物品","8","バーストドリンク","可偷物品","堕天使兵","爆发饮料"
"2354","堕天使兵","物品","77","天空白聖石","可偷物品","堕天使兵","天空白圣石"
"2354","堕天使兵","物品","319","じゃがいも","可偷食材","堕天使兵","土豆"
"2354","堕天使兵","物品","241","天使の羽根","可偷素材","堕天使兵","天使的羽毛"
"2354","堕天使兵","防具","1933","ギャルのパンツ","可偷内裤","堕天使兵","辣妹的内裤"
"2355","堕天使兵","物品","903","カオスの霊薬","掉落","堕天使兵","混沌的灵药"
"2355","堕天使兵","物品","824","黙示の羽根","掉落","堕天使兵","启示的羽毛"
"2355","堕天使兵","物品","3276","回避する者の超秘石","掉落","堕天使兵","回避者的超秘石"
"2355","堕天使兵","物品","77","天空白聖石","可偷物品","堕天使兵","天空白圣石"
"2355","堕天使兵","物品","6","イリアスの霊薬","可偷物品","堕天使兵","伊莉娅丝的灵药"
"2355","堕天使兵","物品","316","タマネギ","可偷食材","堕天使兵","洋葱"
"2355","堕天使兵","物品","241","天使の羽根","可偷素材","堕天使兵","天使的羽毛"
"2355","堕天使兵","防具","1933","ギャルのパンツ","可偷内裤","堕天使兵","辣妹的内裤"
"2356","堕天使兵","物品","22","万能薬","掉落","堕天使兵","万能药"
"2356","堕天使兵","物品","824","黙示の羽根","掉落","堕天使兵","启示的羽毛"
"2356","堕天使兵","物品","3069","精神の超秘石","掉落","堕天使兵","精神的超秘石"
"2356","堕天使兵","物品","22","万能薬","可偷物品","堕天使兵","万能药"
"2356","堕天使兵","物品","77","天空白聖石","可偷物品","堕天使兵","天空白圣石"
"2356","堕天使兵","物品","339","カレー粉","可偷食材","堕天使兵","咖喱粉"
"2356","堕天使兵","物品","241","天使の羽根","可偷素材","堕天使兵","天使的羽毛"
"2356","堕天使兵","防具","1933","ギャルのパンツ","可偷内裤","堕天使兵","辣妹的内裤"
"2357","堕天使兵","物品","78","エンジェルダイヤモンド","掉落","堕天使兵","天使钻石"
"2357","堕天使兵","物品","824","黙示の羽根","掉落","堕天使兵","启示的羽毛"
"2357","堕天使兵","物品","3099","窮地魔法耐性の超秘石","掉落","堕天使兵","绝境魔法耐性的超秘石"
"2357","堕天使兵","物品","77","天空白聖石","可偷物品","堕天使兵","天空白圣石"
"2357","堕天使兵","物品","12","世界樹の葉","可偷物品","堕天使兵","世界树之叶"
"2357","堕天使兵","物品","360","ライス","可偷食材","堕天使兵","米饭"
"2357","堕天使兵","物品","241","天使の羽根","可偷素材","堕天使兵","天使的羽毛"
"2357","堕天使兵","防具","1933","ギャルのパンツ","可偷内裤","堕天使兵","辣妹的内裤"
"2358","フォールントリニティ","物品","62","プラズマトルマリン","掉落","堕落三位一体","等离子电气石"
"2358","フォールントリニティ","物品","824","黙示の羽根","掉落","堕落三位一体","启示的羽毛"
"2358","フォールントリニティ","防具","1329","竪琴の極意書","掉落","堕落三位一体","竖琴之极意书"
"2358","フォールントリニティ","物品","6","イリアスの霊薬","可偷物品","堕落三位一体","伊莉娅丝的灵药"
"2358","フォールントリニティ","防具","1406","歌奥義書","可偷物品","堕落三位一体","歌奥义书"
"2358","フォールントリニティ","物品","424","アイスクリーム","可偷食材","堕落三位一体","冰淇淋"
"2358","フォールントリニティ","物品","241","天使の羽根","可偷素材","堕落三位一体","天使的羽毛"
"2358","フォールントリニティ","防具","1934","ターサのパンツ","可偷内裤","堕落三位一体","塔莎的内裤"
"2359","フォールントリニティ","物品","58","フロストアメジスト","掉落","堕落三位一体","霜冻紫水晶"
"2359","フォールントリニティ","物品","824","黙示の羽根","掉落","堕落三位一体","启示的羽毛"
"2359","フォールントリニティ","物品","4213","イオン強化の超秘石","掉落","堕落三位一体","离子强化的超秘石"
"2359","フォールントリニティ","物品","77","天空白聖石","可偷物品","堕落三位一体","天空白圣石"
"2359","フォールントリニティ","物品","9","エリクサー","可偷物品","堕落三位一体","圣灵药"
"2359","フォールントリニティ","物品","424","アイスクリーム","可偷食材","堕落三位一体","冰淇淋"
"2359","フォールントリニティ","物品","241","天使の羽根","可偷素材","堕落三位一体","天使的羽毛"
"2359","フォールントリニティ","防具","1934","ターサのパンツ","可偷内裤","堕落三位一体","塔莎的内裤"
"2360","フォールントリニティ","物品","54","サラマンダールビー","掉落","堕落三位一体","萨拉曼达红宝石"
"2360","フォールントリニティ","物品","824","黙示の羽根","掉落","堕落三位一体","启示的羽毛"
"2360","フォールントリニティ","物品","2740","歌う使用可能の超秘石","掉落","堕落三位一体","可以使用唱歌的超秘石"
"2360","フォールントリニティ","物品","3","究極薬草","可偷物品","堕落三位一体","究极药草"
"2360","フォールントリニティ","防具","1268","音波の秘伝書","可偷物品","堕落三位一体","音波之秘传书"
"2360","フォールントリニティ","物品","424","アイスクリーム","可偷食材","堕落三位一体","冰淇淋"
"2360","フォールントリニティ","物品","241","天使の羽根","可偷素材","堕落三位一体","天使的羽毛"
"2360","フォールントリニティ","防具","1934","ターサのパンツ","可偷内裤","堕落三位一体","塔莎的内裤"
"2361","フォールンウラヌス","物品","905","カオスドリンク","掉落","堕落乌拉诺斯","混沌饮料"
"2361","フォールンウラヌス","物品","824","黙示の羽根","掉落","堕落乌拉诺斯","启示的羽毛"
"2361","フォールンウラヌス","防具","4551","テラの秘伝書","掉落","堕落乌拉诺斯","大地之秘传书"
"2361","フォールンウラヌス","物品","3","究極薬草","可偷物品","堕落乌拉诺斯","究极药草"
"2361","フォールンウラヌス","物品","24","命の木の実","可偷物品","堕落乌拉诺斯","生命之果"
"2361","フォールンウラヌス","物品","348","メロンパン","可偷食材","堕落乌拉诺斯","蜜瓜包"
"2361","フォールンウラヌス","物品","241","天使の羽根","可偷素材","堕落乌拉诺斯","天使的羽毛"
"2362","フォールンエリシエル","物品","457","妖精のパフェ","掉落","堕落伊利西艾尔","妖精的芭菲"
"2362","フォールンエリシエル","物品","824","黙示の羽根","掉落","堕落伊利西艾尔","启示的羽毛"
"2362","フォールンエリシエル","物品","3629","風に親しむ者の超秘石","掉落","堕落伊利西艾尔","风之亲和者的超秘石"
"2362","フォールンエリシエル","物品","22","万能薬","可偷物品","堕落伊利西艾尔","万能药"
"2362","フォールンエリシエル","防具","1409","花粉奥義書","可偷物品","堕落伊利西艾尔","花粉奥义书"
"2362","フォールンエリシエル","物品","301","りんご","可偷食材","堕落伊利西艾尔","苹果"
"2362","フォールンエリシエル","物品","240","イデア細胞","可偷素材","堕落伊利西艾尔","伊迪亚细胞"
"2363","フォールンキューピッド","物品","457","妖精のパフェ","掉落","堕落丘比特","妖精的芭菲"
"2363","フォールンキューピッド","物品","824","黙示の羽根","掉落","堕落丘比特","启示的羽毛"
"2363","フォールンキューピッド","物品","2639","誘惑付加の超秘石","掉落","堕落丘比特","诱惑附加的超秘石"
"2363","フォールンキューピッド","物品","6","イリアスの霊薬","可偷物品","堕落丘比特","伊莉娅丝的灵药"
"2363","フォールンキューピッド","防具","1636","狩人の悟り","可偷物品","堕落丘比特","猎人的领悟"
"2363","フォールンキューピッド","物品","425","パフェ","可偷食材","堕落丘比特","芭菲"
"2363","フォールンキューピッド","物品","252","奇跡の羽根","可偷素材","堕落丘比特","奇迹的羽毛"
"2363","フォールンキューピッド","防具","1954","死神のパンツ","可偷内裤","堕落丘比特","死神的内裤"
"2364","フォールンヴァルキリー","物品","905","カオスドリンク","掉落","堕落瓦尔基里","混沌饮料"
"2364","フォールンヴァルキリー","物品","824","黙示の羽根","掉落","堕落瓦尔基里","启示的羽毛"
"2364","フォールンヴァルキリー","防具","1293","槍の極意書","掉落","堕落瓦尔基里","枪之极意书"
"2364","フォールンヴァルキリー","物品","8","バーストドリンク","可偷物品","堕落瓦尔基里","爆发饮料"
"2364","フォールンヴァルキリー","防具","1632","竜騎士の悟り","可偷物品","堕落瓦尔基里","龙骑士的领悟"
"2364","フォールンヴァルキリー","物品","378","すきやき","可偷食材","堕落瓦尔基里","寿喜烧"
"2364","フォールンヴァルキリー","物品","252","奇跡の羽根","可偷素材","堕落瓦尔基里","奇迹的羽毛"
"2364","フォールンヴァルキリー","防具","1955","ミカエラのパンツ","可偷内裤","堕落瓦尔基里","米迦艾拉的内裤"
"2366","ヘリエルオリジン","物品","78","エンジェルダイヤモンド","掉落","海莉艾尔起源","天使钻石"
"2366","ヘリエルオリジン","物品","878","カオスマター","掉落","海莉艾尔起源","混沌物质"
"2366","ヘリエルオリジン","武器","4628","ナノアセンブラ","掉落","海莉艾尔起源","纳米装配器"
"2366","ヘリエルオリジン","物品","6","イリアスの霊薬","可偷物品","海莉艾尔起源","伊莉娅丝的灵药"
"2366","ヘリエルオリジン","防具","1063","秘宝のかんざし","可偷物品","海莉艾尔起源","秘宝发簪"
"2366","ヘリエルオリジン","物品","376","ハンバーグ","可偷食材","海莉艾尔起源","汉堡肉"
"2366","ヘリエルオリジン","物品","77","天空白聖石","可偷素材","海莉艾尔起源","天空白圣石"
"2367","アルシエルオリジン","物品","94","空の絶秘石","掉落","艾尔西艾尔起源","空的绝秘石"
"2367","アルシエルオリジン","物品","878","カオスマター","掉落","艾尔西艾尔起源","混沌物质"
"2367","アルシエルオリジン","武器","4648","ミドガルズオルム","掉落","艾尔西艾尔起源","尘世巨蟒"
"2367","アルシエルオリジン","物品","9","エリクサー","可偷物品","艾尔西艾尔起源","圣灵药"
"2367","アルシエルオリジン","防具","1272","バイオの極意書","可偷物品","艾尔西艾尔起源","生化之极意书"
"2367","アルシエルオリジン","物品","355","エッグベーグルサンド","可偷食材","艾尔西艾尔起源","鸡蛋贝果三明治"
"2367","アルシエルオリジン","物品","247","覇竜の牙","可偷素材","艾尔西艾尔起源","霸龙的牙齿"
"2368","第五法則・堕天","物品","928","禁職の種","掉落","第五法则・堕天","禁职之种"
"2368","第五法則・堕天","物品","887","反物質","掉落","第五法则・堕天","反物质"
"2368","第五法則・堕天","防具","4568","永劫の神書","掉落","第五法则・堕天","永劫之神书"
"2368","第五法則・堕天","防具","1938","ヴィヌムのパンツ","可偷内裤","第五法则・堕天","薇诺姆的内裤"
"2369","第五法則・入滅","物品","929","禁種の種","掉落","第五法则・入灭","禁种之种"
"2369","第五法則・入滅","物品","887","反物質","掉落","第五法则・入灭","反物质"
"2369","第五法則・入滅","防具","4575","終焉の神書","掉落","第五法则・入灭","终焉之神书"
"2369","第五法則・入滅","防具","1938","ヴィヌムのパンツ","可偷内裤","第五法则・入灭","薇诺姆的内裤"
"2370","第五法則","物品","927","禁忌の種","掉落","第五法则","禁忌之种"
"2370","第五法則","物品","887","反物質","掉落","第五法则","反物质"
"2370","第五法則","防具","4505","銀河の神書","掉落","第五法则","银河之神书"
"2370","第五法則","防具","1938","ヴィヌムのパンツ","可偷内裤","第五法则","薇诺姆的内裤"
"2373","メギドビースト","物品","902","最終薬草","掉落","米吉多兽","最终药草"
"2373","メギドビースト","物品","860","Q極細胞","掉落","米吉多兽","Q极细胞"
"2373","メギドビースト","物品","2443","会心を繰り出す者の絶秘石","掉落","米吉多兽","会心一击者的绝秘石"
"2373","メギドビースト","物品","3","究極薬草","可偷物品","米吉多兽","究极药草"
"2373","メギドビースト","防具","1127","重バリア発生装置","可偷物品","米吉多兽","重屏障发生装置"
"2373","メギドビースト","物品","329","肉","可偷食材","米吉多兽","肉"
"2373","メギドビースト","物品","225","イリス細胞","可偷素材","米吉多兽","伊莉丝细胞"
"2374","XXS-2","物品","906","ファイナルドリンク","掉落","XXS-2","最终饮料"
"2374","XXS-2","物品","860","Q極細胞","掉落","XXS-2","Q极细胞"
"2374","XXS-2","物品","3496","造技の絶秘石","掉落","XXS-2","造技的绝秘石"
"2374","XXS-2","物品","3","究極薬草","可偷物品","XXS-2","究极药草"
"2374","XXS-2","防具","225","流星の魔兜","可偷物品","XXS-2","流星制魔头盔"
"2374","XXS-2","物品","414","チョコレート","可偷食材","XXS-2","巧克力"
"2374","XXS-2","物品","225","イリス細胞","可偷素材","XXS-2","伊莉丝细胞"
"2375","XXA-3","物品","933","カオスエメラルド","掉落","XXA-3","混沌翡翠"
"2375","XXA-3","物品","860","Q極細胞","掉落","XXA-3","Q极细胞"
"2375","XXA-3","物品","2895","聖強化の絶秘石","掉落","XXA-3","圣强化的绝秘石"
"2375","XXA-3","物品","76","白聖石","可偷物品","XXA-3","白圣石"
"2375","XXA-3","防具","1416","昇天の印","可偷物品","XXA-3","升天之印"
"2375","XXA-3","物品","317","にんにく","可偷食材","XXA-3","大蒜"
"2375","XXA-3","物品","225","イリス細胞","可偷素材","XXA-3","伊莉丝细胞"
"2376","XXAD-5","物品","936","カオスダイヤモンド","掉落","XXAD-5","混沌钻石"
"2376","XXAD-5","物品","860","Q極細胞","掉落","XXAD-5","Q极细胞"
"2376","XXAD-5","物品","3180","聖無効の絶秘石","掉落","XXAD-5","圣无效的绝秘石"
"2376","XXAD-5","物品","80","黒闇石","可偷物品","XXAD-5","黑暗石"
"2376","XXAD-5","防具","1413","即死の印","可偷物品","XXAD-5","即死之印"
"2376","XXAD-5","物品","338","小麦粉","可偷食材","XXAD-5","面粉"
"2376","XXAD-5","物品","225","イリス細胞","可偷素材","XXAD-5","伊莉丝细胞"
"2377","XXQ-5","物品","935","カオスサファイア","掉落","XXQ-5","混沌蓝宝石"
"2377","XXQ-5","物品","860","Q極細胞","掉落","XXQ-5","Q极细胞"
"2377","XXQ-5","物品","3174","水無効の絶秘石","掉落","XXQ-5","水无效的绝秘石"
"2377","XXQ-5","物品","3","究極薬草","可偷物品","XXQ-5","究极药草"
"2377","XXQ-5","防具","1131","ガードビット","可偷物品","XXQ-5","防御比特"
"2377","XXQ-5","物品","316","タマネギ","可偷食材","XXQ-5","洋葱"
"2377","XXQ-5","物品","225","イリス細胞","可偷素材","XXQ-5","伊莉丝细胞"
"2378","コラプスフェルナンデス","物品","921","力の神種","掉落","崩溃费尔南德斯","力量的神种"
"2378","コラプスフェルナンデス","物品","821","神の涙石","掉落","崩溃费尔南德斯","神的泪石"
"2378","コラプスフェルナンデス","物品","2115","力の極秘石","掉落","崩溃费尔南德斯","力量的极秘石"
"2378","コラプスフェルナンデス","防具","1948","","可偷内裤","崩溃费尔南德斯",""
"2379","コラプスタイタニア","物品","923","魔力の神種","掉落","崩溃缇坦妮雅","魔力的神种"
"2379","コラプスタイタニア","物品","822","神様のどんぐり","掉落","崩溃缇坦妮雅","神大人的橡果"
"2379","コラプスタイタニア","物品","2847","魔力の極秘石","掉落","崩溃缇坦妮雅","魔力的极秘石"
"2379","コラプスタイタニア","防具","1949","","可偷内裤","崩溃缇坦妮雅",""
"2380","コラプスロザ","物品","924","精神の神種","掉落","崩溃罗莎","精神的神种"
"2380","コラプスロザ","物品","848","永遠の鱗","掉落","崩溃罗莎","永恒的鳞片"
"2380","コラプスロザ","物品","3071","精神の極秘石","掉落","崩溃罗莎","精神的极秘石"
"2381","コラプスアリア","物品","922","守りの神種","掉落","崩溃阿莉亚","守护的神种"
"2381","コラプスアリア","物品","838","魔王の蛇尾","掉落","崩溃阿莉亚","魔王的蛇尾"
"2381","コラプスアリア","物品","3061","守りの極秘石","掉落","崩溃阿莉亚","守护的极秘石"
"2382","コラプスリフレツィア","物品","925","素早さの神種","掉落","崩溃莉芙蕾琪亚","敏捷的神种"
"2382","コラプスリフレツィア","物品","864","虹色の羽根","掉落","崩溃莉芙蕾琪亚","彩虹色的羽毛"
"2382","コラプスリフレツィア","物品","2503","素早さの極秘石","掉落","崩溃莉芙蕾琪亚","敏捷的极秘石"
"2383","コラプスゼノビア","物品","926","器用さの神種","掉落","崩坏芝诺比娅","灵巧的神种"
"2383","コラプスゼノビア","物品","827","深淵の触手","掉落","崩坏芝诺比娅","深渊的触手"
"2383","コラプスゼノビア","物品","2513","器用さの極秘石","掉落","崩坏芝诺比娅","灵巧的极秘石"
"2385","淫魔女王の虚像","物品","933","カオスエメラルド","掉落","淫魔女王的虚影","混沌翡翠"
"2385","淫魔女王の虚像","物品","886","根源の闇","掉落","淫魔女王的虚影","根源的黑暗"
"2385","淫魔女王の虚像","防具","4042","究極の首飾り","掉落","淫魔女王的虚影","究极项链"
"2385","淫魔女王の虚像","防具","1863","ハコイリパンツ","可偷内裤","淫魔女王的虚影","箱中千金的内裤"
"2396","嫉妬の残影","物品","112","賢者の石","掉落","嫉妒的残影","贤者之石"
"2396","嫉妬の残影","物品","857","グランエキス","掉落","嫉妒的残影","格兰精华"
"2396","嫉妬の残影","武器","4575","七つの大罪・嫉妬","掉落","嫉妒的残影","七宗罪・嫉妒"
"2501","カオスガルーダ","物品","925","素早さの神種","掉落","混沌迦楼罗","敏捷的神种"
"2501","カオスガルーダ","物品","864","虹色の羽根","掉落","混沌迦楼罗","彩虹色的羽毛"
"2501","カオスガルーダ","物品","4302","ハドロン耐性の極秘石","掉落","混沌迦楼罗","强子耐性的极秘石"
"2502","カオスローチ","物品","395","お好み焼き","掉落","混沌蟑螂","御好烧"
"2502","カオスローチ","物品","854","集合意識の甲殻","掉落","混沌蟑螂","集合意识的甲壳"
"2502","カオスローチ","物品","2134","反撃の絶秘石","掉落","混沌蟑螂","反击的绝秘石"
"2502","カオスローチ","物品","3","究極薬草","可偷物品","混沌蟑螂","究极药草"
"2502","カオスローチ","防具","1229","虫破りの呪符","可偷物品","混沌蟑螂","虫破咒符"
"2502","カオスローチ","物品","387","てんぷら","可偷食材","混沌蟑螂","天妇罗"
"2502","カオスローチ","物品","231","魔虫の甲殻","可偷素材","混沌蟑螂","魔虫的甲壳"
"2502","カオスローチ","防具","1902","アマゾネスエルフのパンツ","可偷内裤","混沌蟑螂","亚马逊精灵的内裤"
"2503","コラプスローチ","物品","905","カオスドリンク","掉落","崩坏蟑螂","混沌饮料"
"2503","コラプスローチ","物品","854","集合意識の甲殻","掉落","崩坏蟑螂","集合意识的甲壳"
"2503","コラプスローチ","物品","3080","回避の絶秘石","掉落","崩坏蟑螂","回避的绝秘石"
"2503","コラプスローチ","物品","8","バーストドリンク","可偷物品","崩坏蟑螂","爆发饮料"
"2503","コラプスローチ","防具","1039","エルメスの腕輪","可偷物品","崩坏蟑螂","赫尔墨斯手镯"
"2503","コラプスローチ","物品","379","コロッケ","可偷食材","崩坏蟑螂","可乐饼"
"2503","コラプスローチ","物品","231","魔虫の甲殻","可偷素材","崩坏蟑螂","魔虫的甲壳"
"2503","コラプスローチ","防具","1903","ジャイアントパンツ","可偷内裤","崩坏蟑螂","巨型内裤"
"2504","クィーンローチ","物品","460","しあわせミルク","掉落","萝切尔女王","幸福牛奶"
"2504","クィーンローチ","防具","4510","修羅の極意書","掉落","萝切尔女王","修罗之极意书"
"2504","クィーンローチ","物品","2302","物理強化の絶秘石","掉落","萝切尔女王","物理强化的绝秘石"
"2507","メギドポット","物品","928","禁職の種","掉落","米吉多之壶","禁职之种"
"2507","メギドポット","物品","828","侵蝕の粘液","掉落","米吉多之壶","侵蚀的粘液"
"2507","メギドポット","物品","900","大きなメダル","掉落","米吉多之壶","大奖章"
"2507","メギドポット","物品","9","エリクサー","可偷物品","米吉多之壶","圣灵药"
"2507","メギドポット","物品","32","小さなメダル","可偷物品","米吉多之壶","小奖章"
"2507","メギドポット","物品","415","ホワイトハートチョコ","可偷食材","米吉多之壶","白心巧克力"
"2507","メギドポット","物品","218","ぐにゅぐにゅゼリー","可偷素材","米吉多之壶","咕啾咕啾的果冻"
"2508","豆虚狸","物品","368","お寿司","掉落","豆虚狸","寿司"
"2508","豆虚狸","物品","826","白面のしっぽ","掉落","豆虚狸","白面的尾巴"
"2508","豆虚狸","物品","2736","商技使用可能の超秘石","掉落","豆虚狸","可以使用商技的超秘石"
"2508","豆虚狸","物品","18","打出の小槌","可偷物品","豆虚狸","打出的小槌"
"2508","豆虚狸","防具","1571","ミニマムガード","可偷物品","豆虚狸","缩小防护"
"2508","豆虚狸","物品","404","たいやき","可偷食材","豆虚狸","鲷鱼烧"
"2508","豆虚狸","物品","69","土流橙土石","可偷素材","豆虚狸","土流橙土石"
"2508","豆虚狸","防具","1919","氷の魔女のパンツ","可偷内裤","豆虚狸","冰之魔女的内裤"
"2509","上虚狸","物品","903","カオスの霊薬","掉落","上虚狸","混沌的灵药"
"2509","上虚狸","物品","826","白面のしっぽ","掉落","上虚狸","白面的尾巴"
"2509","上虚狸","防具","4552","テラの極意書","掉落","上虚狸","大地之极意书"
"2509","上虚狸","物品","18","打出の小槌","可偷物品","上虚狸","打出的小槌"
"2509","上虚狸","防具","1571","ミニマムガード","可偷物品","上虚狸","缩小防护"
"2509","上虚狸","物品","404","たいやき","可偷食材","上虚狸","鲷鱼烧"
"2509","上虚狸","物品","69","土流橙土石","可偷素材","上虚狸","土流橙土石"
"2509","上虚狸","防具","1919","氷の魔女のパンツ","可偷内裤","上虚狸","冰之魔女的内裤"
"2510","忍虚狸","物品","905","カオスドリンク","掉落","忍虚狸","混沌饮料"
"2510","忍虚狸","物品","826","白面のしっぽ","掉落","忍虚狸","白面的尾巴"
"2510","忍虚狸","物品","2654","忍術の絶秘石","掉落","忍虚狸","忍术的绝秘石"
"2510","忍虚狸","物品","18","打出の小槌","可偷物品","忍虚狸","打出的小槌"
"2510","忍虚狸","防具","1571","ミニマムガード","可偷物品","忍虚狸","缩小防护"
"2510","忍虚狸","物品","404","たいやき","可偷食材","忍虚狸","鲷鱼烧"
"2510","忍虚狸","物品","69","土流橙土石","可偷素材","忍虚狸","土流橙土石"
"2510","忍虚狸","防具","1919","氷の魔女のパンツ","可偷内裤","忍虚狸","冰之魔女的内裤"
"2511","化虚狸","物品","934","カオストパーズ","掉落","化虚狸","混沌黄玉"
"2511","化虚狸","物品","826","白面のしっぽ","掉落","化虚狸","白面的尾巴"
"2511","化虚狸","物品","3168","土無効の絶秘石","掉落","化虚狸","土无效的绝秘石"
"2511","化虚狸","物品","22","万能薬","可偷物品","化虚狸","万能药"
"2511","化虚狸","防具","1613","扇の勲章","可偷物品","化虚狸","扇之勋章"
"2511","化虚狸","物品","395","お好み焼き","可偷食材","化虚狸","御好烧"
"2511","化虚狸","物品","69","土流橙土石","可偷素材","化虚狸","土流橙土石"
"2512","酒天隠神","物品","458","超絶美酒・夢天","掉落","酒天隐神","超绝美酒・梦天"
"2512","酒天隠神","物品","826","白面のしっぽ","掉落","酒天隐神","白面的尾巴"
"2512","酒天隠神","物品","2950","魔法剣の絶秘石","掉落","酒天隐神","魔法剑的绝秘石"
"2512","酒天隠神","物品","9","エリクサー","可偷物品","酒天隐神","圣灵药"
"2512","酒天隠神","防具","1511","土のリング","可偷物品","酒天隐神","土之戒指"
"2512","酒天隠神","物品","431","ヤマタイ酒","可偷食材","酒天隐神","邪马台酒"
"2512","酒天隠神","物品","69","土流橙土石","可偷素材","酒天隐神","土流橙土石"
"2512","酒天隠神","防具","1920","天使兵のパンツ","可偷内裤","酒天隐神","天使兵的内裤"
"2513","黒虚狸","物品","9","エリクサー","掉落","黑虚狸","圣灵药"
"2513","黒虚狸","物品","826","白面のしっぽ","掉落","黑虚狸","白面的尾巴"
"2513","黒虚狸","物品","3704","テラに親しむ者の絶秘石","掉落","黑虚狸","大地亲和者的绝秘石"
"2513","黒虚狸","防具","1921","トリニティのパンツ","可偷内裤","黑虚狸","三位一体的内裤"
"2514","天照の虚像","物品","936","カオスダイヤモンド","掉落","天照的虚像","混沌钻石"
"2514","天照の虚像","物品","867","古神の依代","掉落","天照的虚像","古神的依代"
"2514","天照の虚像","防具","1094","虹の髪飾り","掉落","天照的虚像","虹制发饰"
"2514","天照の虚像","物品","6","イリアスの霊薬","可偷物品","天照的虚像","伊莉娅丝的灵药"
"2514","天照の虚像","防具","1063","秘宝のかんざし","可偷物品","天照的虚像","秘宝发簪"
"2514","天照の虚像","物品","372","うな重","可偷食材","天照的虚像","鳗鱼饭"
"2514","天照の虚像","物品","250","神代紙","可偷素材","天照的虚像","神代纸"
"2514","天照の虚像","防具","1969","くのいちハーピーのパンツ","可偷内裤","天照的虚像","女忍哈比的内裤"
"2515","虚忍エルフ","物品","902","最終薬草","掉落","虚忍精灵","最终药草"
"2515","虚忍エルフ","物品","821","神の涙石","掉落","虚忍精灵","神的泪石"
"2515","虚忍エルフ","物品","3080","回避の絶秘石","掉落","虚忍精灵","回避的绝秘石"
"2515","虚忍エルフ","物品","102","風魔手裏剣","可偷物品","虚忍精灵","风魔手里剑"
"2515","虚忍エルフ","防具","1298","忍者刀の秘伝書","可偷物品","虚忍精灵","忍者刀之秘传书"
"2515","虚忍エルフ","物品","361","おにぎり","可偷食材","虚忍精灵","饭团"
"2515","虚忍エルフ","物品","230","涙の魔石","可偷素材","虚忍精灵","泪的魔石"
"2515","虚忍エルフ","防具","1917","黒薔薇のパンツ","可偷内裤","虚忍精灵","黑蔷薇的内裤"
"2516","虚忍エルフ","物品","906","ファイナルドリンク","掉落","虚忍精灵","最终饮料"
"2516","虚忍エルフ","物品","821","神の涙石","掉落","虚忍精灵","神的泪石"
"2516","虚忍エルフ","物品","3086","魔法回避の絶秘石","掉落","虚忍精灵","魔法回避的绝秘石"
"2516","虚忍エルフ","物品","102","風魔手裏剣","可偷物品","虚忍精灵","风魔手里剑"
"2516","虚忍エルフ","防具","1551","ブラインガード","可偷物品","虚忍精灵","失明防护"
"2516","虚忍エルフ","物品","368","お寿司","可偷食材","虚忍精灵","寿司"
"2516","虚忍エルフ","物品","230","涙の魔石","可偷素材","虚忍精灵","泪的魔石"
"2516","虚忍エルフ","防具","1917","黒薔薇のパンツ","可偷内裤","虚忍精灵","黑蔷薇的内裤"
"2517","虚忍エルフ","物品","372","うな重","掉落","虚忍精灵","鳗鱼饭"
"2517","虚忍エルフ","物品","821","神の涙石","掉落","虚忍精灵","神的泪石"
"2517","虚忍エルフ","物品","3162","風無効の絶秘石","掉落","虚忍精灵","风无效的绝秘石"
"2517","虚忍エルフ","物品","102","風魔手裏剣","可偷物品","虚忍精灵","风魔手里剑"
"2517","虚忍エルフ","防具","1553","サイレスガード","可偷物品","虚忍精灵","沉默防护"
"2517","虚忍エルフ","物品","389","味噌汁","可偷食材","虚忍精灵","味噌汤"
"2517","虚忍エルフ","物品","230","涙の魔石","可偷素材","虚忍精灵","泪的魔石"
"2517","虚忍エルフ","防具","1917","黒薔薇のパンツ","可偷内裤","虚忍精灵","黑蔷薇的内裤"
"2518","虚忍サキュバス","物品","460","しあわせミルク","掉落","虚忍魅魔","幸福牛奶"
"2518","虚忍サキュバス","物品","844","大淫魔の尻尾","掉落","虚忍魅魔","大淫魔的尾巴"
"2518","虚忍サキュバス","物品","3988","サキュバスのための絶秘石","掉落","虚忍魅魔","魅魔的绝秘石"
"2518","虚忍サキュバス","物品","102","風魔手裏剣","可偷物品","虚忍魅魔","风魔手里剑"
"2518","虚忍サキュバス","防具","1240","快楽の書","可偷物品","虚忍魅魔","快乐之书"
"2518","虚忍サキュバス","物品","361","おにぎり","可偷食材","虚忍魅魔","饭团"
"2518","虚忍サキュバス","物品","222","艶めかしい尻尾","可偷素材","虚忍魅魔","艳丽的尾巴"
"2518","虚忍サキュバス","防具","1913","蛇骨パンツ","可偷内裤","虚忍魅魔","蛇骨内裤"
"2519","虚忍ハーピー","物品","457","妖精のパフェ","掉落","虚忍哈比","妖精的芭菲"
"2519","虚忍ハーピー","物品","829","蒼天の羽根","掉落","虚忍哈比","苍天的羽毛"
"2519","虚忍ハーピー","物品","3832","忍者のための絶秘石","掉落","虚忍哈比","忍者的绝秘石"
"2519","虚忍ハーピー","物品","102","風魔手裏剣","可偷物品","虚忍哈比","风魔手里剑"
"2519","虚忍ハーピー","防具","1177","身代わり型代","可偷物品","虚忍哈比","替身型代"
"2519","虚忍ハーピー","物品","384","さしみ","可偷食材","虚忍哈比","生鱼片"
"2519","虚忍ハーピー","物品","227","輝く羽根","可偷素材","虚忍哈比","闪耀的羽毛"
"2519","虚忍ハーピー","防具","1914","格闘淫魔のパンツ","可偷内裤","虚忍哈比","格斗淫魔的内裤"
"2520","虚忍スキュラ","物品","454","古代寿司","掉落","虚忍斯库拉","古代寿司"
"2520","虚忍スキュラ","物品","827","深淵の触手","掉落","虚忍斯库拉","深渊的触手"
"2520","虚忍スキュラ","物品","2512","器用さの絶秘石","掉落","虚忍斯库拉","灵巧的绝秘石"
"2520","虚忍スキュラ","物品","102","風魔手裏剣","可偷物品","虚忍斯库拉","风魔手里剑"
"2520","虚忍スキュラ","防具","1190","居合いの眼帯","可偷物品","虚忍斯库拉","居合的眼罩"
"2520","虚忍スキュラ","物品","385","焼き鳥","可偷食材","虚忍斯库拉","烤鸡串"
"2520","虚忍スキュラ","物品","202","巻き付く触手","可偷素材","虚忍斯库拉","缠绕的触手"
"2520","虚忍スキュラ","防具","1915","格闘妖魔のパンツ","可偷内裤","虚忍斯库拉","格斗妖魔的内裤"
"2521","虚忍アラクネ","物品","456","究極の牛丼","掉落","虚忍阿拉克涅","究极牛丼"
"2521","虚忍アラクネ","物品","830","究極の針","掉落","虚忍阿拉克涅","究极的针"
"2521","虚忍アラクネ","物品","2590","スロウ付加の絶秘石","掉落","虚忍阿拉克涅","减速附加的绝秘石"
"2521","虚忍アラクネ","物品","102","風魔手裏剣","可偷物品","虚忍阿拉克涅","风魔手里剑"
"2521","虚忍アラクネ","防具","1104","痛恨の形代","可偷物品","虚忍阿拉克涅","痛恨的替身"
"2521","虚忍アラクネ","物品","400","おそば","可偷食材","虚忍阿拉克涅","荞麦面"
"2521","虚忍アラクネ","物品","175","蜘蛛の糸","可偷素材","虚忍阿拉克涅","蜘蛛之丝"
"2521","虚忍アラクネ","防具","1016","パワーリスト","可偷内裤","虚忍阿拉克涅","力量护腕"
"2522","無想陰姫","物品","921","力の神種","掉落","无想阴姬","力量的神种"
"2522","無想陰姫","物品","821","神の涙石","掉落","无想阴姬","神的泪石"
"2522","無想陰姫","物品","2186","ボス特攻の絶秘石","掉落","无想阴姬","Boss特攻的绝秘石"
"2522","無想陰姫","防具","1918","黒のアリスのパンツ","可偷内裤","无想阴姬","黑之爱丽丝的内裤"
"2523","伊邪那美の虚像","物品","937","カオスクリスタル","掉落","伊邪那美的虚像","混沌水晶"
"2523","伊邪那美の虚像","物品","867","古神の依代","掉落","伊邪那美的虚像","古神的依代"
"2523","伊邪那美の虚像","防具","1098","虹の勾玉","掉落","伊邪那美的虚像","虹制勾玉"
"2523","伊邪那美の虚像","物品","9","エリクサー","可偷物品","伊邪那美的虚像","圣灵药"
"2523","伊邪那美の虚像","防具","1248","氷の極意書","可偷物品","伊邪那美的虚像","冰之极意书"
"2523","伊邪那美の虚像","物品","362","特上おにぎり","可偷食材","伊邪那美的虚像","特级饭团"
"2523","伊邪那美の虚像","物品","81","輝晶黒闇石","可偷素材","伊邪那美的虚像","辉晶黑暗石"
"2524","勇者の虚骸","物品","10","ラストエリクサー","掉落","勇者的虚骸","最终圣灵药"
"2524","勇者の虚骸","物品","877","勇者の魂","掉落","勇者的虚骸","勇者的魂"
"2524","勇者の虚骸","物品","2283","天使特攻の極秘石","掉落","勇者的虚骸","天使特攻的极秘石"
"2525","黄金八尾","物品","934","カオストパーズ","掉落","黄金八尾","混沌黄玉"
"2525","黄金八尾","物品","826","白面のしっぽ","掉落","黄金八尾","白面的尾巴"
"2525","黄金八尾","物品","4030","妖狐のための絶秘石","掉落","黄金八尾","妖狐的绝秘石"
"2525","黄金八尾","防具","1943","ミュゼットのパンツ","可偷内裤","黄金八尾","缪泽特的内裤"
"2526","メギドサキュバス","物品","460","しあわせミルク","掉落","米吉多魅魔","幸福牛奶"
"2526","メギドサキュバス","物品","844","大淫魔の尻尾","掉落","米吉多魅魔","大淫魔的尾巴"
"2526","メギドサキュバス","物品","2729","淫技の絶秘石","掉落","米吉多魅魔","淫技的绝秘石"
"2526","メギドサキュバス","物品","22","万能薬","可偷物品","米吉多魅魔","万能药"
"2526","メギドサキュバス","防具","1544","エクスタスガード","可偷物品","米吉多魅魔","绝顶防护"
"2526","メギドサキュバス","物品","425","パフェ","可偷食材","米吉多魅魔","芭菲"
"2526","メギドサキュバス","物品","243","禍々しい結晶","可偷素材","米吉多魅魔","不祥的结晶"
"2526","メギドサキュバス","防具","1942","リラのパンツ","可偷内裤","米吉多魅魔","莉拉的内裤"
"2527","メギドセントール","物品","906","ファイナルドリンク","掉落","米吉多半人马","最终饮料"
"2527","メギドセントール","物品","845","神獣の爪","掉落","米吉多半人马","神兽的爪"
"2527","メギドセントール","物品","2332","槍技の絶秘石","掉落","米吉多半人马","枪技的绝秘石"
"2527","メギドセントール","物品","8","バーストドリンク","可偷物品","米吉多半人马","爆发饮料"
"2527","メギドセントール","防具","1135","気合いのリング","可偷物品","米吉多半人马","气势戒指"
"2527","メギドセントール","物品","310","にんじん","可偷食材","米吉多半人马","胡萝卜"
"2527","メギドセントール","物品","173","丈夫な蹄","可偷素材","米吉多半人马","坚固的蹄"
"2528","カオスエイビス","物品","930","カオスルビー","掉落","混沌龙鸟","混沌红宝石"
"2528","カオスエイビス","物品","833","竜王の牙","掉落","混沌龙鸟","龙王的牙齿"
"2528","カオスエイビス","物品","3506","ブレスの絶秘石","掉落","混沌龙鸟","吐息的绝秘石"
"2528","カオスエイビス","物品","3","究極薬草","可偷物品","混沌龙鸟","究极药草"
"2528","カオスエイビス","防具","1388","翼技の秘伝書","可偷物品","混沌龙鸟","翼技之秘传书"
"2528","カオスエイビス","物品","386","ローストチキン","可偷食材","混沌龙鸟","烤鸡"
"2528","カオスエイビス","物品","53","赤熱紅炎石","可偷素材","混沌龙鸟","赤热红炎石"
"2529","虚導五尾","物品","915","闘士の秘薬","掉落","虚导五尾","斗士的秘药"
"2529","虚導五尾","物品","826","白面のしっぽ","掉落","虚导五尾","白面的尾巴"
"2529","虚導五尾","物品","3808","陰陽師のための絶秘石","掉落","虚导五尾","阴阳师的绝秘石"
"2529","虚導五尾","物品","69","土流橙土石","可偷物品","虚导五尾","土流橙土石"
"2529","虚導五尾","防具","1112","窮地の狐面","可偷物品","虚导五尾","绝境之狐面"
"2529","虚導五尾","物品","401","きつねうどん","可偷食材","虚导五尾","狐狸乌冬面"
"2529","虚導五尾","物品","242","もふもふしっぽ","可偷素材","虚导五尾","毛绒绒的尾巴"
"2529","虚導五尾","防具","1940","ギルゴーンのパンツ","可偷内裤","虚导五尾","吉尔贡的内裤"
"2530","虚魁六尾","物品","913","賢者の秘薬","掉落","虚魁六尾","贤者的秘药"
"2530","虚魁六尾","物品","826","白面のしっぽ","掉落","虚魁六尾","白面的尾巴"
"2530","虚魁六尾","物品","2372","扇技の絶秘石","掉落","虚魁六尾","扇技的绝秘石"
"2530","虚魁六尾","物品","3","究極薬草","可偷物品","虚魁六尾","究极药草"
"2530","虚魁六尾","防具","1097","金の勾玉","可偷物品","虚魁六尾","金制勾玉"
"2530","虚魁六尾","物品","370","いなりずし","可偷食材","虚魁六尾","稻荷寿司"
"2530","虚魁六尾","物品","242","もふもふしっぽ","可偷素材","虚魁六尾","毛绒绒的尾巴"
"2530","虚魁六尾","防具","1941","ベルのパンツ","可偷内裤","虚魁六尾","贝尔的内裤"
"2531","虚黒華","物品","914","女神の秘薬","掉落","虚黑华","女神的秘药"
"2531","虚黒華","物品","843","終焉の結晶","掉落","虚黑华","终焉的结晶"
"2531","虚黒華","防具","859","マーベラスプロテクト","掉落","虚黑华","华丽防护"
"2531","虚黒華","防具","1928","玉藻のふんどし","可偷内裤","虚黑华","玉藻的兜裆布"
"2532","虚黒蛇","物品","912","魔神の秘薬","掉落","虚黑蛇","魔神的秘药"
"2532","虚黒蛇","物品","843","終焉の結晶","掉落","虚黑蛇","终焉的结晶"
"2532","虚黒蛇","武器","4266","グングニル","掉落","虚黑蛇","冈格尼尔"
"2533","虚黒薔薇","物品","916","鬼神の秘薬","掉落","虚黑蔷薇","鬼神的秘药"
"2533","虚黒薔薇","物品","843","終焉の結晶","掉落","虚黑蔷薇","终焉的结晶"
"2533","虚黒薔薇","武器","4097","魔剣グラム","掉落","虚黑蔷薇","魔剑格拉墨"
"2533","虚黒薔薇","防具","1929","ホリィパンツ","可偷内裤","虚黑蔷薇","霍莉内裤"
"2534","九尾の虚像","物品","920","不思議な神実","掉落","九尾虚像","不可思议的神实"
"2534","九尾の虚像","物品","886","根源の闇","掉落","九尾虚像","根源的黑暗"
"2534","九尾の虚像","防具","4027","究極のイヤリング","掉落","九尾虚像","究极耳环"
"2534","九尾の虚像","防具","1932","キリエパンツ","可偷内裤","九尾虚像","姬莉叶内裤"
"2535","粘魔女王の虚像","物品","919","命の神実","掉落","粘魔女王的虚像","生命之神果"
"2535","粘魔女王の虚像","物品","886","根源の闇","掉落","粘魔女王的虚像","根源的黑暗"
"2535","粘魔女王の虚像","防具","4002","アルティメットベルト","掉落","粘魔女王的虚像","究极腰带"
"2536","竜剣士の虚像","物品","930","カオスルビー","掉落","龙剑士的虚像","混沌红宝石"
"2536","竜剣士の虚像","物品","886","根源の闇","掉落","龙剑士的虚像","根源的黑暗"
"2536","竜剣士の虚像","防具","4017","アルティメットリスト","掉落","龙剑士的虚像","究极护腕"
"2536","竜剣士の虚像","防具","1895","サキュバスのぴっちりパンツ","可偷内裤","龙剑士的虚像","魅魔的紧身内裤"
"2538","イズライール","物品","921","力の神種","掉落","伊斯拉伊尔","力量的神种"
"2538","イズライール","物品","885","熾天使の羽根","掉落","伊斯拉伊尔","炽天使的羽毛"
"2538","イズライール","防具","4012","究極のタトゥー","掉落","伊斯拉伊尔","究极纹身"
"2538","イズライール","防具","1944","エクスキューショナーのパンツ","可偷内裤","伊斯拉伊尔","艾斯丘雪娜的内裤"
"2539","アルケー","物品","924","精神の神種","掉落","阿尔凯","精神的神种"
"2539","アルケー","物品","885","熾天使の羽根","掉落","阿尔凯","炽天使的羽毛"
"2539","アルケー","防具","4007","アルティメットオーブ","掉落","阿尔凯","究极宝珠"
"2544","熱砂の虚王","物品","934","カオストパーズ","掉落","热砂的虚王","混沌黄玉"
"2544","熱砂の虚王","物品","852","ゼロマター","掉落","热砂的虚王","零物质"
"2544","熱砂の虚王","物品","3934","王のための絶秘石","掉落","热砂的虚王","王的绝秘石"
"2545","アモルドールオリジン","物品","95","空の極秘石","掉落","阿莫尔人偶起源","空的极秘石"
"2545","アモルドールオリジン","物品","878","カオスマター","掉落","阿莫尔人偶起源","混沌物质"
"2545","アモルドールオリジン","物品","3227","全即死系無効の極秘石","掉落","阿莫尔人偶起源","全即死系无效的极秘石"
"2545","アモルドールオリジン","物品","8","バーストドリンク","可偷物品","阿莫尔人偶起源","爆发饮料"
"2545","アモルドールオリジン","防具","1045","神業の首飾り","可偷物品","阿莫尔人偶起源","神技项链"
"2545","アモルドールオリジン","物品","253","カオストロン","可偷素材","阿莫尔人偶起源","混沌之核"
"2546","アモルラームオリジン","物品","932","カオストルマリン","掉落","阿莫尔忆体起源","混沌电气石"
"2546","アモルラームオリジン","物品","878","カオスマター","掉落","阿莫尔忆体起源","混沌物质"
"2546","アモルラームオリジン","物品","3157","雷吸収の極秘石","掉落","阿莫尔忆体起源","雷吸收的极秘石"
"2546","アモルラームオリジン","物品","8","バーストドリンク","可偷物品","阿莫尔忆体起源","爆发饮料"
"2546","アモルラームオリジン","防具","1045","神業の首飾り","可偷物品","阿莫尔忆体起源","神技项链"
"2546","アモルラームオリジン","物品","253","カオストロン","可偷素材","阿莫尔忆体起源","混沌之核"
"2547","アモルリームオリジン","物品","918","ワクチン","掉落","阿莫尔肢体起源","疫苗"
"2547","アモルリームオリジン","物品","878","カオスマター","掉落","阿莫尔肢体起源","混沌物质"
"2547","アモルリームオリジン","物品","3204","炎氷雷無効の極秘石","掉落","阿莫尔肢体起源","炎冰雷无效的极秘石"
"2547","アモルリームオリジン","物品","8","バーストドリンク","可偷物品","阿莫尔肢体起源","爆发饮料"
"2547","アモルリームオリジン","防具","1045","神業の首飾り","可偷物品","阿莫尔肢体起源","神技项链"
"2547","アモルリームオリジン","物品","253","カオストロン","可偷素材","阿莫尔肢体起源","混沌之核"
"2548","ペルセポネオリジン","物品","937","カオスクリスタル","掉落","珀耳塞福涅起源","混沌水晶"
"2548","ペルセポネオリジン","物品","878","カオスマター","掉落","珀耳塞福涅起源","混沌物质"
"2548","ペルセポネオリジン","物品","3660","バイオに親しむ者の極秘石","掉落","珀耳塞福涅起源","生化亲和者的极秘石"
"2548","ペルセポネオリジン","物品","81","輝晶黒闇石","可偷物品","珀耳塞福涅起源","辉晶黑暗石"
"2548","ペルセポネオリジン","防具","1477","恍惚の秘印","可偷物品","珀耳塞福涅起源","恍惚之秘印"
"2548","ペルセポネオリジン","物品","253","カオストロン","可偷素材","珀耳塞福涅起源","混沌之核"
"2549","トリロバイトオリジン","物品","95","空の極秘石","掉落","三叶虫起源","空的极秘石"
"2549","トリロバイトオリジン","物品","878","カオスマター","掉落","三叶虫起源","混沌物质"
"2549","トリロバイトオリジン","物品","3660","バイオに親しむ者の極秘石","掉落","三叶虫起源","生化亲和者的极秘石"
"2549","トリロバイトオリジン","物品","9","エリクサー","可偷物品","三叶虫起源","圣灵药"
"2549","トリロバイトオリジン","防具","1681","被造者の悟り","可偷物品","三叶虫起源","被造者的领悟"
"2549","トリロバイトオリジン","物品","253","カオストロン","可偷素材","三叶虫起源","混沌之核"
"2550","カオスゲート","物品","936","カオスダイヤモンド","掉落","混沌之门","混沌钻石"
"2550","カオスゲート","物品","883","ゴッドライト","掉落","混沌之门","神光"
"2550","カオスゲート","防具","4032","アルティメットロザリオ","掉落","混沌之门","究极念珠"
"2551","ネフィリムウェポン・ゼロ","物品","888","アルテマコア","掉落","伟大兵器・零","究极核心"
"2551","ネフィリムウェポン・ゼロ","防具","4444","ロードオブザベルト","掉落","伟大兵器・零","腰带之王"
"2551","ネフィリムウェポン・ゼロ","防具","5186","永劫のリング","掉落","伟大兵器・零","永劫之戒指"
"2552","ギガントウェポン・ゼロ","物品","888","アルテマコア","掉落","巨大兵器・零","究极核心"
"2552","ギガントウェポン・ゼロ","防具","1053","神拳の数珠","掉落","巨大兵器・零","神拳念珠"
"2552","ギガントウェポン・ゼロ","防具","5192","終焉のリング","掉落","巨大兵器・零","终焉之戒指"
"2554","フォールンマリエル","物品","421","エクレア","掉落","堕落玛丽艾尔","闪电泡芙"
"2554","フォールンマリエル","物品","824","黙示の羽根","掉落","堕落玛丽艾尔","启示的羽毛"
"2554","フォールンマリエル","物品","2398","弓技使用可能の超秘石","掉落","堕落玛丽艾尔","可以使用弓技的超秘石"
"2554","フォールンマリエル","物品","6","イリアスの霊薬","可偷物品","堕落玛丽艾尔","伊莉娅丝的灵药"
"2554","フォールンマリエル","防具","1073","大天使の指輪","可偷物品","堕落玛丽艾尔","大天使之戒"
"2554","フォールンマリエル","物品","423","プリン","可偷食材","堕落玛丽艾尔","布丁"
"2554","フォールンマリエル","物品","240","イデア細胞","可偷素材","堕落玛丽艾尔","伊迪亚细胞"
"2554","フォールンマリエル","防具","1937","ネメアのパンツ","可偷内裤","堕落玛丽艾尔","涅梅雅的内裤"
"2555","淫乳虚天","物品","365","チャーハン","掉落","淫乳虚天","炒饭"
"2555","淫乳虚天","物品","824","黙示の羽根","掉落","淫乳虚天","启示的羽毛"
"2555","淫乳虚天","物品","2405","格闘使用可能の超秘石","掉落","淫乳虚天","格斗可用的超秘石"
"2555","淫乳虚天","物品","6","イリアスの霊薬","可偷物品","淫乳虚天","伊莉娅丝的灵药"
"2555","淫乳虚天","防具","1048","千里眼の櫛","可偷物品","淫乳虚天","千里眼梳子"
"2555","淫乳虚天","物品","398","麻婆豆腐","可偷食材","淫乳虚天","麻婆豆腐"
"2555","淫乳虚天","物品","241","天使の羽根","可偷素材","淫乳虚天","天使的羽毛"
"2555","淫乳虚天","防具","1935","エストのパンツ","可偷内裤","淫乳虚天","艾斯特的内裤"
"2556","メギドテンタクル","物品","901","混沌薬草","掉落","米吉多触手","混沌药草"
"2556","メギドテンタクル","物品","827","深淵の触手","掉落","米吉多触手","深渊的触手"
"2556","メギドテンタクル","物品","2399","鞭技使用可能の超秘石","掉落","米吉多触手","可以使用鞭技的超秘石"
"2556","メギドテンタクル","物品","3","究極薬草","可偷物品","米吉多触手","究极药草"
"2556","メギドテンタクル","防具","1385","触手技の秘伝書","可偷物品","米吉多触手","触手技之秘传书"
"2556","メギドテンタクル","物品","324","タコ","可偷食材","米吉多触手","章鱼"
"2556","メギドテンタクル","物品","240","イデア細胞","可偷素材","米吉多触手","伊迪亚细胞"
"2558","フォールンアリエル","物品","78","エンジェルダイヤモンド","掉落","堕落阿莉艾尔","天使钻石"
"2558","フォールンアリエル","物品","824","黙示の羽根","掉落","堕落阿莉艾尔","启示的羽毛"
"2558","フォールンアリエル","防具","5159","イオンのペンダント","掉落","堕落阿莉艾尔","离子之吊坠"
"2558","フォールンアリエル","物品","6","イリアスの霊薬","可偷物品","堕落阿莉艾尔","伊莉娅丝的灵药"
"2558","フォールンアリエル","防具","1093","金の髪飾り","可偷物品","堕落阿莉艾尔","金制发饰"
"2558","フォールンアリエル","物品","357","サンドウイッチ","可偷食材","堕落阿莉艾尔","三明治"
"2558","フォールンアリエル","物品","241","天使の羽根","可偷素材","堕落阿莉艾尔","天使的羽毛"
"2558","フォールンアリエル","防具","1936","ミュスカのパンツ","可偷内裤","堕落阿莉艾尔","缪丝卡的内裤"
"2559","フォールンラナエル","物品","903","カオスの霊薬","掉落","堕落拉娜艾尔","混沌的灵药"
"2559","フォールンラナエル","物品","824","黙示の羽根","掉落","堕落拉娜艾尔","启示的羽毛"
"2559","フォールンラナエル","防具","5183","永劫のペンダント","掉落","堕落拉娜艾尔","永劫之吊坠"
"2559","フォールンラナエル","物品","3","究極薬草","可偷物品","堕落拉娜艾尔","究极药草"
"2559","フォールンラナエル","防具","1468","スタンの秘印","可偷物品","堕落拉娜艾尔","眩晕秘印"
"2559","フォールンラナエル","物品","356","サーモンベーグルサンド","可偷食材","堕落拉娜艾尔","鲑鱼贝果三明治"
"2559","フォールンラナエル","物品","252","奇跡の羽根","可偷素材","堕落拉娜艾尔","奇迹的羽毛"
"2562","フォールンナガエル","物品","901","混沌薬草","掉落","堕落娜迦艾尔","混沌药草"
"2562","フォールンナガエル","物品","838","魔王の蛇尾","掉落","堕落娜迦艾尔","魔王的蛇尾"
"2562","フォールンナガエル","物品","2401","鉄球技使用可能の超秘石","掉落","堕落娜迦艾尔","铁球技可用的超秘石"
"2562","フォールンナガエル","物品","6","イリアスの霊薬","可偷物品","堕落娜迦艾尔","伊莉娅丝的灵药"
"2562","フォールンナガエル","防具","1423","毒の秘印","可偷物品","堕落娜迦艾尔","毒之秘印"
"2562","フォールンナガエル","物品","331","ソーセージ","可偷食材","堕落娜迦艾尔","香肠"
"2562","フォールンナガエル","物品","245","覇蛇の蛇尾","可偷素材","堕落娜迦艾尔","霸蛇的蛇尾"
"2563","メギドメデュラハン","物品","376","ハンバーグ","掉落","米吉多杜拉罕","汉堡肉"
"2563","メギドメデュラハン","物品","838","魔王の蛇尾","掉落","米吉多杜拉罕","魔王的蛇尾"
"2563","メギドメデュラハン","防具","1368","魔技の極意書","掉落","米吉多杜拉罕","魔技之极意书"
"2563","メギドメデュラハン","物品","22","万能薬","可偷物品","米吉多杜拉罕","万能药"
"2563","メギドメデュラハン","防具","1382","蛇技の秘伝書","可偷物品","米吉多杜拉罕","蛇技之秘传书"
"2563","メギドメデュラハン","物品","340","たまご","可偷食材","米吉多杜拉罕","鸡蛋"
"2563","メギドメデュラハン","物品","240","イデア細胞","可偷素材","米吉多杜拉罕","伊迪亚细胞"
"2565","フォールンラタエル","物品","455","アルティメットサラダ","掉落","堕落菈塔艾尔","究极沙拉"
"2565","フォールンラタエル","物品","831","魔界樹の花びら","掉落","堕落菈塔艾尔","魔界树的花瓣"
"2565","フォールンラタエル","防具","1035","スペースロザリオ","掉落","堕落菈塔艾尔","空间念珠"
"2565","フォールンラタエル","物品","3","究極薬草","可偷物品","堕落菈塔艾尔","究极药草"
"2565","フォールンラタエル","物品","77","天空白聖石","可偷物品","堕落菈塔艾尔","天空白圣石"
"2565","フォールンラタエル","物品","329","肉","可偷食材","堕落菈塔艾尔","肉"
"2565","フォールンラタエル","物品","241","天使の羽根","可偷素材","堕落菈塔艾尔","天使的羽毛"
"2565","フォールンラタエル","防具","1933","ギャルのパンツ","可偷内裤","堕落菈塔艾尔","辣妹的内裤"
"2566","フォールンリファイール","物品","12","世界樹の葉","掉落","堕落利芙艾尔","世界树之叶"
"2566","フォールンリファイール","物品","831","魔界樹の花びら","掉落","堕落利芙艾尔","魔界树的花瓣"
"2566","フォールンリファイール","防具","1519","聖なるリング","掉落","堕落利芙艾尔","神圣戒指"
"2566","フォールンリファイール","物品","12","世界樹の葉","可偷物品","堕落利芙艾尔","世界树之叶"
"2566","フォールンリファイール","防具","1195","吸魔の薔薇","可偷物品","堕落利芙艾尔","吸魔玫瑰"
"2566","フォールンリファイール","物品","399","揚げ出し豆腐","可偷食材","堕落利芙艾尔","炸豆腐"
"2566","フォールンリファイール","物品","248","えるえるゼリー","可偷素材","堕落利芙艾尔","咕噜咕噜果冻"
"2567","ガブリエラ","物品","831","魔界樹の花びら","掉落","加百艾拉","魔界树的花瓣"
"2567","ガブリエラ","防具","4064","奇跡のバングル","掉落","加百艾拉","奇迹手镯"
"2567","ガブリエラ","武器","4563","ペンテシレアの鞭","掉落","加百艾拉","彭忒西勒亚之鞭"
"2567","ガブリエラ","防具","1957","","可偷内裤","加百艾拉",""
"2568","フォールンギリエル","物品","905","カオスドリンク","掉落","堕落吉莉艾尔","混沌饮料"
"2568","フォールンギリエル","物品","824","黙示の羽根","掉落","堕落吉莉艾尔","启示的羽毛"
"2568","フォールンギリエル","物品","2447","反撃する者の超秘石","掉落","堕落吉莉艾尔","反击者的超秘石"
"2568","フォールンギリエル","物品","3","究極薬草","可偷物品","堕落吉莉艾尔","究极药草"
"2568","フォールンギリエル","物品","77","天空白聖石","可偷物品","堕落吉莉艾尔","天空白圣石"
"2568","フォールンギリエル","物品","329","肉","可偷食材","堕落吉莉艾尔","肉"
"2568","フォールンギリエル","物品","241","天使の羽根","可偷素材","堕落吉莉艾尔","天使的羽毛"
"2568","フォールンギリエル","防具","1933","ギャルのパンツ","可偷内裤","堕落吉莉艾尔","辣妹的内裤"
"2569","トルーパードグマ","物品","93","空の超秘石","掉落","士兵教条","空的超秘石"
"2569","トルーパードグマ","物品","842","高次半導体","掉落","士兵教条","高次半导体"
"2569","トルーパードグマ","防具","1359","銃の極意書","掉落","士兵教条","铳之极意书"
"2569","トルーパードグマ","物品","8","バーストドリンク","可偷物品","士兵教条","爆发饮料"
"2569","トルーパードグマ","防具","1664","技師の悟り","可偷物品","士兵教条","技师的领悟"
"2569","トルーパードグマ","物品","364","オムライス","可偷食材","士兵教条","蛋包饭"
"2569","トルーパードグマ","物品","233","傀儡歯車","可偷素材","士兵教条","傀儡齿轮"
"2571","フォールンサビリエル","物品","78","エンジェルダイヤモンド","掉落","堕落萨比莉艾尔","天使钻石"
"2571","フォールンサビリエル","物品","824","黙示の羽根","掉落","堕落萨比莉艾尔","启示的羽毛"
"2571","フォールンサビリエル","物品","4193","修羅強化の超秘石","掉落","堕落萨比莉艾尔","修罗强化的超秘石"
"2571","フォールンサビリエル","物品","3","究極薬草","可偷物品","堕落萨比莉艾尔","究极药草"
"2571","フォールンサビリエル","物品","77","天空白聖石","可偷物品","堕落萨比莉艾尔","天空白圣石"
"2571","フォールンサビリエル","物品","329","肉","可偷食材","堕落萨比莉艾尔","肉"
"2571","フォールンサビリエル","物品","241","天使の羽根","可偷素材","堕落萨比莉艾尔","天使的羽毛"
"2571","フォールンサビリエル","防具","1933","ギャルのパンツ","可偷内裤","堕落萨比莉艾尔","辣妹的内裤"
"2572","ハイウィンド","物品","933","カオスエメラルド","掉落","疾风枪","混沌翡翠"
"2572","ハイウィンド","物品","821","神の涙石","掉落","疾风枪","神的泪石"
"2572","ハイウィンド","防具","4439","強敵破りの呪符","掉落","疾风枪","强敌破咒符"
"2572","ハイウィンド","防具","1948","","可偷内裤","疾风枪",""
"2573","ウリエラ","物品","921","力の神種","掉落","乌列艾拉","力量的神种"
"2573","ウリエラ","防具","4094","混沌反撃システムIII","掉落","乌列艾拉","混沌反击系统III"
"2573","ウリエラ","物品","2129","会心の絶秘石","掉落","乌列艾拉","会心的绝秘石"
"2574","フォールンムズキエル","物品","93","空の超秘石","掉落","堕落穆祖吉艾尔","空的超秘石"
"2574","フォールンムズキエル","物品","830","究極の針","掉落","堕落穆祖吉艾尔","究极的针"
"2574","フォールンムズキエル","物品","3526","虫技使用可能の超秘石","掉落","堕落穆祖吉艾尔","可以使用虫技的超秘石"
"2574","フォールンムズキエル","物品","3","究極薬草","可偷物品","堕落穆祖吉艾尔","究极药草"
"2574","フォールンムズキエル","防具","1678","妖虫の悟り","可偷物品","堕落穆祖吉艾尔","妖虫的领悟"
"2574","フォールンムズキエル","物品","395","お好み焼き","可偷食材","堕落穆祖吉艾尔","御好烧"
"2574","フォールンムズキエル","物品","246","覇虫の針","可偷素材","堕落穆祖吉艾尔","霸虫的针"
"2575","フォールンシルキエル","物品","22","万能薬","掉落","堕落希尔吉艾尔","万能药"
"2575","フォールンシルキエル","物品","830","究極の針","掉落","堕落希尔吉艾尔","究极的针"
"2575","フォールンシルキエル","物品","3085","魔法回避の超秘石","掉落","堕落希尔吉艾尔","魔法回避的超秘石"
"2575","フォールンシルキエル","物品","3","究極薬草","可偷物品","堕落希尔吉艾尔","究极药草"
"2575","フォールンシルキエル","防具","1035","スペースロザリオ","可偷物品","堕落希尔吉艾尔","空间念珠"
"2575","フォールンシルキエル","物品","415","ホワイトハートチョコ","可偷食材","堕落希尔吉艾尔","白心巧克力"
"2575","フォールンシルキエル","物品","250","神代紙","可偷素材","堕落希尔吉艾尔","神代纸"
"2576","サリエラ","物品","923","魔力の神種","掉落","沙利艾拉","魔力的神种"
"2576","サリエラ","防具","4590","状態異常特攻の極意書","掉落","沙利艾拉","状态异常特攻之极意书"
"2576","サリエラ","物品","4239","終焉強化の極秘石","掉落","沙利艾拉","终焉强化的极秘石"
"2576","サリエラ","防具","1956","ルシフィナのパンツ","可偷内裤","沙利艾拉","路西菲娜的内裤"
"2577","フォールンベリエル","物品","901","混沌薬草","掉落","堕落贝莉艾尔","混沌药草"
"2577","フォールンベリエル","物品","824","黙示の羽根","掉落","堕落贝莉艾尔","启示的羽毛"
"2577","フォールンベリエル","防具","5165","ハドロンのペンダント","掉落","堕落贝莉艾尔","强子的护符"
"2577","フォールンベリエル","物品","3","究極薬草","可偷物品","堕落贝莉艾尔","究极药草"
"2577","フォールンベリエル","防具","1679","アルラウネの悟り","可偷物品","堕落贝莉艾尔","阿娜温的领悟"
"2577","フォールンベリエル","物品","304","さくらんぼ","可偷食材","堕落贝莉艾尔","樱桃"
"2577","フォールンベリエル","物品","248","えるえるゼリー","可偷素材","堕落贝莉艾尔","咕噜咕噜果冻"
"2578","メギドプラント","物品","375","目玉焼き","掉落","米吉多植物","荷包蛋"
"2578","メギドプラント","物品","840","超無限細胞","掉落","米吉多植物","超无限细胞"
"2578","メギドプラント","防具","1484","失禁の真印","掉落","米吉多植物","失禁之真印"
"2578","メギドプラント","物品","22","万能薬","可偷物品","米吉多植物","万能药"
"2578","メギドプラント","防具","1555","コンフュガード","可偷物品","米吉多植物","混乱防护"
"2578","メギドプラント","物品","314","ピーマン","可偷食材","米吉多植物","青椒"
"2578","メギドプラント","物品","232","艶めかしい花びら","可偷素材","米吉多植物","艳丽的花瓣"
"2579","フォールンリヴァエル","物品","93","空の超秘石","掉落","堕落莉瓦艾尔","空的超秘石"
"2579","フォールンリヴァエル","物品","824","黙示の羽根","掉落","堕落莉瓦艾尔","启示的羽毛"
"2579","フォールンリヴァエル","防具","1263","聖なる極意書","掉落","堕落莉瓦艾尔","圣之极意书"
"2579","フォールンリヴァエル","物品","12","世界樹の葉","可偷物品","堕落莉瓦艾尔","世界树之叶"
"2579","フォールンリヴァエル","防具","1125","奇跡の宝玉","可偷物品","堕落莉瓦艾尔","奇迹之宝玉"
"2579","フォールンリヴァエル","物品","340","たまご","可偷食材","堕落莉瓦艾尔","鸡蛋"
"2579","フォールンリヴァエル","物品","249","奇跡の卵","可偷素材","堕落莉瓦艾尔","奇迹的蛋"
"2584","メギドタン","物品","901","混沌薬草","掉落","米吉多舌","混沌药草"
"2584","メギドタン","物品","840","超無限細胞","掉落","米吉多舌","超无限细胞"
"2584","メギドタン","防具","1475","敏感の真印","掉落","米吉多舌","敏感真印"
"2584","メギドタン","物品","3","究極薬草","可偷物品","米吉多舌","究极药草"
"2584","メギドタン","防具","1530","バイオアミュレット","可偷物品","米吉多舌","生化护符"
"2584","メギドタン","物品","435","アメ玉","可偷食材","米吉多舌","糖球"
"2584","メギドタン","物品","240","イデア細胞","可偷素材","米吉多舌","伊迪亚细胞"
"2585","メギドバグ","物品","425","パフェ","掉落","米吉多虫","芭菲"
"2585","メギドバグ","物品","840","超無限細胞","掉落","米吉多虫","超无限细胞"
"2585","メギドバグ","防具","5153","量子のペンダント","掉落","米吉多虫","量子之吊坠"
"2585","メギドバグ","物品","3","究極薬草","可偷物品","米吉多虫","究极药草"
"2585","メギドバグ","防具","1531","バイオリング","可偷物品","米吉多虫","生化戒指"
"2585","メギドバグ","物品","419","ロールケーキ","可偷食材","米吉多虫","蛋糕卷"
"2585","メギドバグ","物品","240","イデア細胞","可偷素材","米吉多虫","伊迪亚细胞"
"2585","メギドバグ","防具","1951","","可偷内裤","米吉多虫",""
"2586","メギドスラッグ","物品","905","カオスドリンク","掉落","米吉多蛞蝓","混沌饮料"
"2586","メギドスラッグ","物品","840","超無限細胞","掉落","米吉多蛞蝓","超无限细胞"
"2586","メギドスラッグ","防具","1421","絶頂の真印","掉落","米吉多蛞蝓","绝顶之真印"
"2586","メギドスラッグ","物品","3","究極薬草","可偷物品","米吉多蛞蝓","究极药草"
"2586","メギドスラッグ","防具","1127","重バリア発生装置","可偷物品","米吉多蛞蝓","重屏障发生装置"
"2586","メギドスラッグ","物品","329","肉","可偷食材","米吉多蛞蝓","肉"
"2586","メギドスラッグ","物品","225","イリス細胞","可偷素材","米吉多蛞蝓","伊莉丝细胞"
"2587","インフィニティ","物品","93","空の超秘石","掉落","无限","空的超秘石"
"2587","インフィニティ","物品","840","超無限細胞","掉落","无限","超无限细胞"
"2587","インフィニティ","物品","3340","ターンSP回復の超秘石","掉落","无限","回合SP恢复的超秘石"
"2587","インフィニティ","物品","3","究極薬草","可偷物品","无限","究极药草"
"2587","インフィニティ","防具","1397","植物技の秘伝書","可偷物品","无限","植物技之秘传书"
"2587","インフィニティ","物品","309","レタス","可偷食材","无限","生菜"
"2587","インフィニティ","物品","240","イデア細胞","可偷素材","无限","伊迪亚细胞"
"2589","メギドカトブレパス","物品","22","万能薬","掉落","米吉多卡托布莱帕斯","万能药"
"2589","メギドカトブレパス","物品","840","超無限細胞","掉落","米吉多卡托布莱帕斯","超无限细胞"
"2589","メギドカトブレパス","物品","2529","即死付加の超秘石","掉落","米吉多卡托布莱帕斯","即死附加的超秘石"
"2589","メギドカトブレパス","物品","22","万能薬","可偷物品","米吉多卡托布莱帕斯","万能药"
"2589","メギドカトブレパス","防具","1575","ストーンガード","可偷物品","米吉多卡托布莱帕斯","石化防护"
"2589","メギドカトブレパス","物品","386","ローストチキン","可偷食材","米吉多卡托布莱帕斯","烤鸡"
"2589","メギドカトブレパス","物品","240","イデア細胞","可偷素材","米吉多卡托布莱帕斯","伊迪亚细胞"
"2590","メギドテュポーン","物品","377","ステーキ","掉落","米吉多堤丰","牛排"
"2590","メギドテュポーン","物品","840","超無限細胞","掉落","米吉多堤丰","超无限细胞"
"2590","メギドテュポーン","防具","1392","ブレスの極意書","掉落","米吉多堤丰","吐息之极意书"
"2590","メギドテュポーン","物品","3","究極薬草","可偷物品","米吉多堤丰","究极药草"
"2590","メギドテュポーン","防具","1124","復活の宝玉","可偷物品","米吉多堤丰","复苏之宝玉"
"2590","メギドテュポーン","物品","383","焼き魚","可偷食材","米吉多堤丰","烤鱼"
"2590","メギドテュポーン","物品","240","イデア細胞","可偷素材","米吉多堤丰","伊迪亚细胞"
"2592","ラプラス","物品","926","器用さの神種","掉落","拉普拉斯","灵巧的神种"
"2592","ラプラス","防具","1130","クァンタバリア","掉落","拉普拉斯","量子屏障"
"2592","ラプラス","物品","2742","マキナ使用可能の超秘石","掉落","拉普拉斯","可以使用器械的超秘石"
"2592","ラプラス","防具","1947","夢魔のパンツ","可偷内裤","拉普拉斯","梦魔的内裤"
"2593","ムーンテミス","物品","32","小さなメダル","掉落","月亮忒弥斯","小奖章"
"2593","ムーンテミス","物品","824","黙示の羽根","掉落","月亮忒弥斯","启示的羽毛"
"2593","ムーンテミス","物品","3131","物理耐性の超秘石","掉落","月亮忒弥斯","物理耐性的超秘石"
"2593","ムーンテミス","物品","20","金の針","可偷物品","月亮忒弥斯","金针"
"2593","ムーンテミス","防具","1462","石化の秘印","可偷物品","月亮忒弥斯","石化之秘印"
"2593","ムーンテミス","物品","338","小麦粉","可偷食材","月亮忒弥斯","面粉"
"2593","ムーンテミス","物品","77","天空白聖石","可偷素材","月亮忒弥斯","天空白圣石"
"2595","フォールンフーリエル","物品","423","プリン","掉落","堕落傅里艾尔","布丁"
"2595","フォールンフーリエル","物品","846","神威の羽根","掉落","堕落傅里艾尔","神威的羽毛"
"2595","フォールンフーリエル","物品","2981","魔導科学使用可能の超秘石","掉落","堕落傅里艾尔","可以使用魔导科学的超秘石"
"2595","フォールンフーリエル","物品","3","究極薬草","可偷物品","堕落傅里艾尔","究极药草"
"2595","フォールンフーリエル","物品","77","天空白聖石","可偷物品","堕落傅里艾尔","天空白圣石"
"2595","フォールンフーリエル","物品","329","肉","可偷食材","堕落傅里艾尔","肉"
"2595","フォールンフーリエル","物品","241","天使の羽根","可偷素材","堕落傅里艾尔","天使的羽毛"
"2595","フォールンフーリエル","防具","1933","ギャルのパンツ","可偷内裤","堕落傅里艾尔","辣妹的内裤"
"2596","フォールンプラント","物品","901","混沌薬草","掉落","堕落植物","混沌药草"
"2596","フォールンプラント","物品","840","超無限細胞","掉落","堕落植物","超无限细胞"
"2596","フォールンプラント","物品","3137","快楽耐性の超秘石","掉落","堕落植物","快乐耐性的超秘石"
"2596","フォールンプラント","物品","6","イリアスの霊薬","可偷物品","堕落植物","伊莉娅丝的灵药"
"2596","フォールンプラント","防具","1166","奇跡の袋","可偷物品","堕落植物","奇迹之袋"
"2596","フォールンプラント","物品","329","肉","可偷食材","堕落植物","肉"
"2596","フォールンプラント","物品","240","イデア細胞","可偷素材","堕落植物","伊迪亚细胞"
"2597","ドレインドグマ","物品","93","空の超秘石","掉落","榨精教条","空的超秘石"
"2597","ドレインドグマ","物品","842","高次半導体","掉落","榨精教条","高次半导体"
"2597","ドレインドグマ","物品","2511","器用さの超秘石","掉落","榨精教条","灵巧的超秘石"
"2597","ドレインドグマ","物品","3","究極薬草","可偷物品","榨精教条","究极药草"
"2597","ドレインドグマ","防具","1420","絶頂の秘印","可偷物品","榨精教条","绝顶之秘印"
"2597","ドレインドグマ","物品","342","ミルク","可偷食材","榨精教条","牛奶"
"2597","ドレインドグマ","物品","233","傀儡歯車","可偷素材","榨精教条","傀儡齿轮"
"2598","ハンディドグマ","物品","460","しあわせミルク","掉落","巧手教条","幸福牛奶"
"2598","ハンディドグマ","物品","842","高次半導体","掉落","巧手教条","高次半导体"
"2598","ハンディドグマ","物品","2629","敏感付加の超秘石","掉落","巧手教条","敏感附加的超秘石"
"2598","ハンディドグマ","物品","61","電光黄雷石","可偷物品","巧手教条","电光黄雷石"
"2598","ハンディドグマ","防具","1477","恍惚の秘印","可偷物品","巧手教条","恍惚之秘印"
"2598","ハンディドグマ","物品","417","ケーキ","可偷食材","巧手教条","蛋糕"
"2598","ハンディドグマ","物品","233","傀儡歯車","可偷素材","巧手教条","傀儡齿轮"
"2598","ハンディドグマ","防具","1946","ミステルテインのパンツ","可偷内裤","巧手教条","米斯特汀的内裤"
"2599","メタトローネ","武器","4535","ヴィシュヌの弓","掉落","梅塔特隆妮","毗湿奴之弓"
"2599","メタトローネ","防具","1591","リボン","掉落","梅塔特隆妮","缎带"
"2599","メタトローネ","物品","3814","狩人のための絶秘石","掉落","梅塔特隆妮","猎人的绝秘石"
"2599","メタトローネ","防具","1959","コックローチパンツ","可偷内裤","梅塔特隆妮","蟑螂内裤"
"2600","サンダルフォーネ","武器","4822","禁霊銃ネピリム","掉落","圣德芬妮","禁灵铳拿非利"
"2600","サンダルフォーネ","防具","4055","ユートピアブローチ","掉落","圣德芬妮","乌托邦胸针"
"2600","サンダルフォーネ","物品","3820","ガンナーのための絶秘石","掉落","圣德芬妮","铳手的绝秘石"
"2601","フォールンメイド","物品","455","アルティメットサラダ","掉落","堕落女仆","究极沙拉"
"2601","フォールンメイド","物品","846","神威の羽根","掉落","堕落女仆","神威的羽毛"
"2601","フォールンメイド","物品","3922","メイドのための絶秘石","掉落","堕落女仆","女仆的绝秘石"
"2601","フォールンメイド","物品","12","世界樹の葉","可偷物品","堕落女仆","世界树之叶"
"2601","フォールンメイド","防具","1125","奇跡の宝玉","可偷物品","堕落女仆","奇迹之宝玉"
"2601","フォールンメイド","物品","340","たまご","可偷食材","堕落女仆","鸡蛋"
"2601","フォールンメイド","物品","249","奇跡の卵","可偷素材","堕落女仆","奇迹的蛋"
"2602","フォールンコック","物品","456","究極の牛丼","掉落","堕落厨娘","究极牛丼"
"2602","フォールンコック","物品","846","神威の羽根","掉落","堕落厨娘","神威的羽毛"
"2602","フォールンコック","物品","3910","料理人のための絶秘石","掉落","堕落厨娘","料理人的绝秘石"
"2602","フォールンコック","物品","12","世界樹の葉","可偷物品","堕落厨娘","世界树之叶"
"2602","フォールンコック","防具","1125","奇跡の宝玉","可偷物品","堕落厨娘","奇迹之宝玉"
"2602","フォールンコック","物品","340","たまご","可偷食材","堕落厨娘","鸡蛋"
"2602","フォールンコック","物品","249","奇跡の卵","可偷素材","堕落厨娘","奇迹的蛋"
"2603","フォールンワイティエル","物品","457","妖精のパフェ","掉落","堕落怀蒂艾尔","妖精的芭菲"
"2603","フォールンワイティエル","物品","846","神威の羽根","掉落","堕落怀蒂艾尔","神威的羽毛"
"2603","フォールンワイティエル","物品","3213","六属性耐性の超秘石","掉落","堕落怀蒂艾尔","六属性耐性的超秘石"
"2603","フォールンワイティエル","物品","3","究極薬草","可偷物品","堕落怀蒂艾尔","究极药草"
"2603","フォールンワイティエル","物品","77","天空白聖石","可偷物品","堕落怀蒂艾尔","天空白圣石"
"2603","フォールンワイティエル","物品","329","肉","可偷食材","堕落怀蒂艾尔","肉"
"2603","フォールンワイティエル","物品","241","天使の羽根","可偷素材","堕落怀蒂艾尔","天使的羽毛"
"2603","フォールンワイティエル","防具","1933","ギャルのパンツ","可偷内裤","堕落怀蒂艾尔","辣妹的内裤"
"2604","ラミアンドグマ","物品","93","空の超秘石","掉落","拉米亚教条","空的超秘石"
"2604","ラミアンドグマ","物品","842","高次半導体","掉落","拉米亚教条","高次半导体"
"2604","ラミアンドグマ","防具","1362","淫具の極意書","掉落","拉米亚教条","淫具之极意书"
"2604","ラミアンドグマ","物品","3","究極薬草","可偷物品","拉米亚教条","究极药草"
"2604","ラミアンドグマ","防具","1251","雷の極意書","可偷物品","拉米亚教条","雷之极意书"
"2604","ラミアンドグマ","物品","419","ロールケーキ","可偷食材","拉米亚教条","蛋糕卷"
"2604","ラミアンドグマ","物品","233","傀儡歯車","可偷素材","拉米亚教条","傀儡齿轮"
"2611","フォールンエンディエル","物品","111","魔水銀","掉落","堕落安迪艾尔","魔水银"
"2611","フォールンエンディエル","物品","846","神威の羽根","掉落","堕落安迪艾尔","神威的羽毛"
"2611","フォールンエンディエル","防具","5142","ナイトメアのアミュレット","掉落","堕落安迪艾尔","噩梦之护符"
"2611","フォールンエンディエル","物品","6","イリアスの霊薬","可偷物品","堕落安迪艾尔","伊莉娅丝的灵药"
"2611","フォールンエンディエル","防具","1241","快楽の秘伝書","可偷物品","堕落安迪艾尔","快乐之秘传书"
"2611","フォールンエンディエル","物品","372","うな重","可偷食材","堕落安迪艾尔","鳗鱼饭"
"2611","フォールンエンディエル","物品","252","奇跡の羽根","可偷素材","堕落安迪艾尔","奇迹的羽毛"
"2613","カオスレプリア","物品","47","神種の種","掉落","混沌新人类","神种之种"
"2613","カオスレプリア","物品","840","超無限細胞","掉落","混沌新人类","超无限细胞"
"2613","カオスレプリア","防具","1347","メスの極意書","掉落","混沌新人类","手术刀之极意书"
"2613","カオスレプリア","物品","12","世界樹の葉","可偷物品","混沌新人类","世界树之叶"
"2613","カオスレプリア","防具","1468","スタンの秘印","可偷物品","混沌新人类","眩晕秘印"
"2613","カオスレプリア","物品","319","じゃがいも","可偷食材","混沌新人类","土豆"
"2613","カオスレプリア","物品","53","赤熱紅炎石","可偷素材","混沌新人类","赤热红炎石"
"2616","メギドプリズン","物品","901","混沌薬草","掉落","米吉多监狱","混沌药草"
"2616","メギドプリズン","物品","840","超無限細胞","掉落","米吉多监狱","超无限细胞"
"2616","メギドプリズン","防具","1439","麻痺の真印","掉落","米吉多监狱","麻痹之真印"
"2616","メギドプリズン","物品","3","究極薬草","可偷物品","米吉多监狱","究极药草"
"2616","メギドプリズン","防具","1127","重バリア発生装置","可偷物品","米吉多监狱","重屏障发生装置"
"2616","メギドプリズン","物品","329","肉","可偷食材","米吉多监狱","肉"
"2616","メギドプリズン","物品","225","イリス細胞","可偷素材","米吉多监狱","伊莉丝细胞"
"2618","スピカ","物品","923","魔力の神種","掉落","斯皮卡","魔力的神种"
"2618","スピカ","物品","822","神様のどんぐり","掉落","斯皮卡","神大人的橡果"
"2618","スピカ","防具","1747","シャッフルスキル","掉落","斯皮卡","技能洗牌"
"2618","スピカ","防具","1949","","可偷内裤","斯皮卡",""
"2619","カオスマイコニド","物品","12","世界樹の葉","掉落","混沌蕈人","世界树之叶"
"2619","カオスマイコニド","物品","849","悪夢の胞子","掉落","混沌蕈人","恶梦的孢子"
"2619","カオスマイコニド","物品","2560","混乱付加の絶秘石","掉落","混沌蕈人","混乱附加的绝秘石"
"2619","カオスマイコニド","物品","22","万能薬","可偷物品","混沌蕈人","万能药"
"2619","カオスマイコニド","防具","1549","ポイズンガード","可偷物品","混沌蕈人","中毒防护"
"2619","カオスマイコニド","物品","380","野菜炒め","可偷食材","混沌蕈人","炒蔬菜"
"2619","カオスマイコニド","物品","232","艶めかしい花びら","可偷素材","混沌蕈人","艳丽的花瓣"
"2620","カオスマタンゴ","物品","94","空の絶秘石","掉落","混沌玛坦戈","空的绝秘石"
"2620","カオスマタンゴ","物品","849","悪夢の胞子","掉落","混沌玛坦戈","恶梦的孢子"
"2620","カオスマタンゴ","物品","2930","時魔法の絶秘石","掉落","混沌玛坦戈","时魔法的绝秘石"
"2620","カオスマタンゴ","物品","3","究極薬草","可偷物品","混沌玛坦戈","究极药草"
"2620","カオスマタンゴ","防具","1432","混乱の秘印","可偷物品","混沌玛坦戈","混乱之秘印"
"2620","カオスマタンゴ","物品","443","毒キノコ","可偷食材","混沌玛坦戈","毒蘑菇"
"2620","カオスマタンゴ","物品","248","えるえるゼリー","可偷素材","混沌玛坦戈","咕噜咕噜果冻"
"2621","ホワイトモス","物品","902","最終薬草","掉落","白蛾","最终药草"
"2621","ホワイトモス","物品","830","究極の針","掉落","白蛾","究极的针"
"2621","ホワイトモス","物品","2635","恍惚付加の絶秘石","掉落","白蛾","恍惚附加的绝秘石"
"2621","ホワイトモス","物品","3","究極薬草","可偷物品","白蛾","究极药草"
"2621","ホワイトモス","防具","1269","音波の極意書","可偷物品","白蛾","音波之极意书"
"2621","ホワイトモス","物品","356","サーモンベーグルサンド","可偷食材","白蛾","鲑鱼贝果三明治"
"2621","ホワイトモス","物品","246","覇虫の針","可偷素材","白蛾","霸虫的针"
"2622","メギドローズ","物品","906","ファイナルドリンク","掉落","米吉多蔷薇","最终饮料"
"2622","メギドローズ","物品","855","世界樹の花びら","掉落","米吉多蔷薇","世界树的花瓣"
"2622","メギドローズ","物品","2625","ヌルヌル付加の絶秘石","掉落","米吉多蔷薇","黏滑附加的绝秘石"
"2622","メギドローズ","物品","2","高級薬草","可偷物品","米吉多蔷薇","高级药草"
"2622","メギドローズ","防具","1396","植物技の書","可偷物品","米吉多蔷薇","植物技之书"
"2622","メギドローズ","物品","308","はくさい","可偷食材","米吉多蔷薇","白菜"
"2622","メギドローズ","物品","163","魔葉","可偷素材","米吉多蔷薇","魔叶"
"2623","インフィニティ・ボア","物品","94","空の絶秘石","掉落","无限・蟒蛇","空的绝秘石"
"2623","インフィニティ・ボア","物品","855","世界樹の花びら","掉落","无限・蟒蛇","世界树的花瓣"
"2623","インフィニティ・ボア","物品","4102","キメラのための絶秘石","掉落","无限・蟒蛇","奇美拉的绝秘石"
"2623","インフィニティ・ボア","物品","3","究極薬草","可偷物品","无限・蟒蛇","究极药草"
"2623","インフィニティ・ボア","防具","1577","メルトガード","可偷物品","无限・蟒蛇","消化防护"
"2623","インフィニティ・ボア","物品","311","なすび","可偷食材","无限・蟒蛇","茄子"
"2623","インフィニティ・ボア","物品","240","イデア細胞","可偷素材","无限・蟒蛇","伊迪亚细胞"
"2626","虚帽のアリス","物品","364","オムライス","掉落","虚帽之爱丽丝","蛋包饭"
"2626","虚帽のアリス","物品","876","虚夢の欠片","掉落","虚帽之爱丽丝","虚梦的碎片"
"2626","虚帽のアリス","防具","833","八咫烏","掉落","虚帽之爱丽丝","八咫乌"
"2626","虚帽のアリス","防具","1930","リノアパンツ","可偷内裤","虚帽之爱丽丝","莉诺雅内裤"
"2627","虚傘のアリス","物品","455","アルティメットサラダ","掉落","虚伞之爱丽丝","究极沙拉"
"2627","虚傘のアリス","物品","876","虚夢の欠片","掉落","虚伞之爱丽丝","虚梦的碎片"
"2627","虚傘のアリス","物品","3392","金持ちの極秘石","掉落","虚伞之爱丽丝","富翁的极秘石"
"2627","虚傘のアリス","防具","1930","リノアパンツ","可偷内裤","虚伞之爱丽丝","莉诺雅内裤"
"2628","虚赤のアリス","物品","367","パエリア","掉落","虚赤之爱丽丝","海鲜饭"
"2628","虚赤のアリス","物品","876","虚夢の欠片","掉落","虚赤之爱丽丝","虚梦的碎片"
"2628","虚赤のアリス","物品","3615","炎に親しむ者の極秘石","掉落","虚赤之爱丽丝","炎之亲和者的极秘石"
"2628","虚赤のアリス","防具","1930","リノアパンツ","可偷内裤","虚赤之爱丽丝","莉诺雅内裤"
"2629","虚冬のアリス","物品","397","お鍋","掉落","虚冬之爱丽丝","火锅"
"2629","虚冬のアリス","物品","876","虚夢の欠片","掉落","虚冬之爱丽丝","虚梦的碎片"
"2629","虚冬のアリス","物品","3379","休息の極秘石","掉落","虚冬之爱丽丝","休息的极秘石"
"2629","虚冬のアリス","防具","1930","リノアパンツ","可偷内裤","虚冬之爱丽丝","莉诺雅内裤"
"2630","虚剣のアリス","物品","364","オムライス","掉落","虚剑之爱丽丝","蛋包饭"
"2630","虚剣のアリス","物品","876","虚夢の欠片","掉落","虚剑之爱丽丝","虚梦的碎片"
"2630","虚剣のアリス","武器","4210","黙示の尖剣","掉落","虚剑之爱丽丝","默示的尖剑"
"2630","虚剣のアリス","防具","1930","リノアパンツ","可偷内裤","虚剑之爱丽丝","莉诺雅内裤"
"2631","虚武のアリス","物品","365","チャーハン","掉落","虚武之爱丽丝","炒饭"
"2631","虚武のアリス","物品","876","虚夢の欠片","掉落","虚武之爱丽丝","虚梦的碎片"
"2631","虚武のアリス","武器","4360","デストロフィスト","掉落","虚武之爱丽丝","死亡破坏拳"
"2631","虚武のアリス","防具","1930","リノアパンツ","可偷内裤","虚武之爱丽丝","莉诺雅内裤"
"2632","アジ・ダハーカ","物品","43","神職の種","掉落","阿兹・达哈卡","神职之种"
"2632","アジ・ダハーカ","物品","833","竜王の牙","掉落","阿兹・达哈卡","龙王的牙齿"
"2632","アジ・ダハーカ","物品","4208","量子強化の超秘石","掉落","阿兹・达哈卡","量子强化的超秘石"
"2632","アジ・ダハーカ","物品","9","エリクサー","可偷物品","阿兹・达哈卡","圣灵药"
"2632","アジ・ダハーカ","防具","1015","覇王のタトゥー","可偷物品","阿兹・达哈卡","霸王纹身"
"2632","アジ・ダハーカ","物品","371","牛丼","可偷食材","阿兹・达哈卡","牛丼"
"2632","アジ・ダハーカ","物品","247","覇竜の牙","可偷素材","阿兹・达哈卡","霸龙的牙齿"
"2633","虚白のアリス","物品","390","クリームシチュー","掉落","虚白之爱丽丝","奶油炖菜"
"2633","虚白のアリス","物品","876","虚夢の欠片","掉落","虚白之爱丽丝","虚梦的碎片"
"2633","虚白のアリス","物品","3665","癒しに親しむ者の極秘石","掉落","虚白之爱丽丝","治愈亲和者的极秘石"
"2633","虚白のアリス","防具","1930","リノアパンツ","可偷内裤","虚白之爱丽丝","莉诺雅内裤"
"2634","虚侍のアリス","物品","369","特上寿司","掉落","虚侍之爱丽丝","特上寿司"
"2634","虚侍のアリス","物品","876","虚夢の欠片","掉落","虚侍之爱丽丝","虚梦的碎片"
"2634","虚侍のアリス","物品","2444","会心を繰り出す者の極秘石","掉落","虚侍之爱丽丝","会心一击者的极秘石"
"2634","虚侍のアリス","防具","1930","リノアパンツ","可偷内裤","虚侍之爱丽丝","莉诺雅内裤"
"2635","虚忍のアリス","物品","362","特上おにぎり","掉落","虚忍爱丽丝","特级饭团"
"2635","虚忍のアリス","物品","876","虚夢の欠片","掉落","虚忍爱丽丝","虚梦的碎片"
"2635","虚忍のアリス","物品","3402","盗む者の極秘石","掉落","虚忍爱丽丝","盗窃者的极秘石"
"2635","虚忍のアリス","防具","1930","リノアパンツ","可偷内裤","虚忍爱丽丝","莉诺雅内裤"
"2637","虚猟のアリス","物品","377","ステーキ","掉落","虚猎之爱丽丝","牛排"
"2637","虚猟のアリス","物品","876","虚夢の欠片","掉落","虚猎之爱丽丝","虚梦的碎片"
"2637","虚猟のアリス","物品","3397","拾得品の極秘石","掉落","虚猎之爱丽丝","拾得品的极秘石"
"2637","虚猟のアリス","防具","1930","リノアパンツ","可偷内裤","虚猎之爱丽丝","莉诺雅内裤"
"2638","虚舞のアリス","物品","366","カニタマ","掉落","虚舞之爱丽丝","蟹玉丼"
"2638","虚舞のアリス","物品","876","虚夢の欠片","掉落","虚舞之爱丽丝","虚梦的碎片"
"2638","虚舞のアリス","物品","3387","職業成長の極秘石","掉落","虚舞之爱丽丝","职业成长的极秘石"
"2638","虚舞のアリス","防具","1930","リノアパンツ","可偷内裤","虚舞之爱丽丝","莉诺雅内裤"
"2639","虚呪のアリス","物品","363","カレーライス","掉落","虚咒之爱丽丝","咖喱饭"
"2639","虚呪のアリス","物品","876","虚夢の欠片","掉落","虚咒之爱丽丝","虚梦的碎片"
"2639","虚呪のアリス","武器","4602","禁じられたハープ","掉落","虚咒之爱丽丝","禁忌之琴"
"2639","虚呪のアリス","防具","1930","リノアパンツ","可偷内裤","虚咒之爱丽丝","莉诺雅内裤"
"2640","虚兎のアリス","物品","310","にんじん","掉落","虚兔之爱丽丝","胡萝卜"
"2640","虚兎のアリス","物品","876","虚夢の欠片","掉落","虚兔之爱丽丝","虚梦的碎片"
"2640","虚兎のアリス","物品","3382","成長の極秘石","掉落","虚兔之爱丽丝","成长的极秘石"
"2640","虚兎のアリス","防具","1930","リノアパンツ","可偷内裤","虚兔之爱丽丝","莉诺雅内裤"
"2642","虚蝕のアリス","物品","420","ウェディングケーキ","掉落","虚蚀之爱丽丝","婚礼蛋糕"
"2642","虚蝕のアリス","物品","876","虚夢の欠片","掉落","虚蚀之爱丽丝","虚梦的碎片"
"2642","虚蝕のアリス","物品","4272","修羅耐性の極秘石","掉落","虚蚀之爱丽丝","修罗耐性的极秘石"
"2643","虚海のアリス","物品","454","古代寿司","掉落","虚海之爱丽丝","古代寿司"
"2643","虚海のアリス","物品","876","虚夢の欠片","掉落","虚海之爱丽丝","虚梦的碎片"
"2643","虚海のアリス","物品","3640","水に親しむ者の極秘石","掉落","虚海之爱丽丝","水之亲和者的极秘石"
"2643","虚海のアリス","防具","1930","リノアパンツ","可偷内裤","虚海之爱丽丝","莉诺雅内裤"
"2644","虚魔のアリス","物品","457","妖精のパフェ","掉落","虚魔之爱丽丝","妖精的芭菲"
"2644","虚魔のアリス","物品","876","虚夢の欠片","掉落","虚魔之爱丽丝","虚梦的碎片"
"2644","虚魔のアリス","物品","3110","魔法反射の極秘石","掉落","虚魔之爱丽丝","魔法反射的极秘石"
"2644","虚魔のアリス","防具","1930","リノアパンツ","可偷内裤","虚魔之爱丽丝","莉诺雅内裤"
"2645","勇者の虚像","物品","9","エリクサー","掉落","勇者的虚像","圣灵药"
"2645","勇者の虚像","物品","877","勇者の魂","掉落","勇者的虚像","勇者的魂"
"2645","勇者の虚像","防具","4057","エクソダスブローチ","掉落","勇者的虚像","天国胸针"
"2646","勇者の虚栄","物品","9","エリクサー","掉落","勇者的虚荣","圣灵药"
"2646","勇者の虚栄","物品","877","勇者の魂","掉落","勇者的虚荣","勇者的魂"
"2646","勇者の虚栄","防具","4050","大勇者の秘宝","掉落","勇者的虚荣","大勇者的秘宝"
"2647","魔王殺しの虚像","物品","10","ラストエリクサー","掉落","魔王杀手的虚像","最终圣灵药"
"2647","魔王殺しの虚像","物品","877","勇者の魂","掉落","魔王杀手的虚像","勇者的魂"
"2647","魔王殺しの虚像","防具","4512","修羅の神書","掉落","魔王杀手的虚像","修罗之神书"
"2648","黒のアリス","物品","927","禁忌の種","掉落","黑之爱丽丝","禁忌之种"
"2648","黒のアリス","物品","3319","全能の極秘石","掉落","黑之爱丽丝","全能的极秘石"
"2648","黒のアリス","物品","810","第三の神の禁璧","掉落","黑之爱丽丝","第三神的禁璧"
"2650","マガツシコメ","物品","22","万能薬","掉落","祸津丑女","万能药"
"2650","マガツシコメ","物品","839","冥府の髪","掉落","祸津丑女","冥府的头发"
"2650","マガツシコメ","物品","2550","暗闇付加の絶秘石","掉落","祸津丑女","黑暗附加的绝秘石"
"2650","マガツシコメ","物品","22","万能薬","可偷物品","祸津丑女","万能药"
"2650","マガツシコメ","防具","1426","暗闇の秘印","可偷物品","祸津丑女","黑暗之秘印"
"2650","マガツシコメ","物品","387","てんぷら","可偷食材","祸津丑女","天妇罗"
"2650","マガツシコメ","物品","240","イデア細胞","可偷素材","祸津丑女","伊迪亚细胞"
"2651","カオスメサーラ","物品","937","カオスクリスタル","掉落","拉之子美西混沌","混沌水晶"
"2651","カオスメサーラ","物品","850","冥界のパウダー","掉落","拉之子美西混沌","冥界的粉末"
"2651","カオスメサーラ","物品","2555","沈黙付加の絶秘石","掉落","拉之子美西混沌","沉默附加的绝秘石"
"2651","カオスメサーラ","物品","57","凍結蒼氷石","可偷物品","拉之子美西混沌","冻结苍冰石"
"2651","カオスメサーラ","防具","1680","アンデッドの悟り","可偷物品","拉之子美西混沌","不死族的领悟"
"2651","カオスメサーラ","物品","433","スルメ","可偷食材","拉之子美西混沌","鱿鱼干"
"2651","カオスメサーラ","物品","221","ネクロパウダー","可偷素材","拉之子美西混沌","死灵粉末"
"2652","フォールングール","物品","94","空の絶秘石","掉落","堕落食尸鬼","空的绝秘石"
"2652","フォールングール","物品","850","冥界のパウダー","掉落","堕落食尸鬼","冥界的粉末"
"2652","フォールングール","物品","3016","魔法会心の絶秘石","掉落","堕落食尸鬼","魔法会心的绝秘石"
"2652","フォールングール","物品","6","イリアスの霊薬","可偷物品","堕落食尸鬼","伊莉娅丝的灵药"
"2652","フォールングール","防具","1102","魔鏡のリング","可偷物品","堕落食尸鬼","魔镜之戒指"
"2652","フォールングール","物品","424","アイスクリーム","可偷食材","堕落食尸鬼","冰淇淋"
"2652","フォールングール","物品","243","禍々しい結晶","可偷素材","堕落食尸鬼","不祥的结晶"
"2653","コラプスドラゴン","物品","930","カオスルビー","掉落","崩坏龙","混沌红宝石"
"2653","コラプスドラゴン","物品","850","冥界のパウダー","掉落","崩坏龙","冥界的粉末"
"2653","コラプスドラゴン","物品","3144","炎無効の絶秘石","掉落","崩坏龙","炎无效的绝秘石"
"2653","コラプスドラゴン","物品","8","バーストドリンク","可偷物品","崩坏龙","爆发饮料"
"2653","コラプスドラゴン","防具","1245","炎の極意書","可偷物品","崩坏龙","炎之极意书"
"2653","コラプスドラゴン","物品","377","ステーキ","可偷食材","崩坏龙","牛排"
"2653","コラプスドラゴン","物品","247","覇竜の牙","可偷素材","崩坏龙","霸龙的牙齿"
"2654","シグルドリーヴァ","物品","900","大きなメダル","掉落","希格德利法","大奖章"
"2654","シグルドリーヴァ","防具","4096","混沌反撃システムX","掉落","希格德利法","混沌反击系统X"
"2654","シグルドリーヴァ","物品","2377","銃技の絶秘石","掉落","希格德利法","铳技的绝秘石"
"2655","フォールンドッペル","物品","32","小さなメダル","掉落","堕落克隆体","小奖章"
"2655","フォールンドッペル","物品","841","ドッペル細胞Σ","掉落","堕落克隆体","克隆体细胞Σ"
"2655","フォールンドッペル","物品","2747","勇者技使用可能の超秘石","掉落","堕落克隆体","勇者技可用的超秘石"
"2655","フォールンドッペル","物品","8","バーストドリンク","可偷物品","堕落克隆体","爆发饮料"
"2655","フォールンドッペル","物品","77","天空白聖石","可偷物品","堕落克隆体","天空白圣石"
"2655","フォールンドッペル","物品","319","じゃがいも","可偷食材","堕落克隆体","土豆"
"2655","フォールンドッペル","物品","241","天使の羽根","可偷素材","堕落克隆体","天使的羽毛"
"2655","フォールンドッペル","防具","1933","ギャルのパンツ","可偷内裤","堕落克隆体","辣妹的内裤"
"2656","メギドサルラック","物品","93","空の超秘石","掉落","米吉多沙拉克","空的超秘石"
"2656","メギドサルラック","物品","827","深淵の触手","掉落","米吉多沙拉克","深渊的触手"
"2656","メギドサルラック","防具","5217","巨人の悟り","掉落","米吉多沙拉克","巨人的领悟"
"2656","メギドサルラック","物品","2","高級薬草","可偷物品","米吉多沙拉克","高级药草"
"2656","メギドサルラック","物品","26","力の種","可偷物品","米吉多沙拉克","力量之种"
"2656","メギドサルラック","物品","303","ぶどう","可偷食材","米吉多沙拉克","葡萄"
"2656","メギドサルラック","物品","201","魔虫の表皮","可偷素材","米吉多沙拉克","魔虫的表皮"
"2657","フォールンホリィ","物品","925","素早さの神種","掉落","堕落霍莉","敏捷的神种"
"2657","フォールンホリィ","物品","841","ドッペル細胞Σ","掉落","堕落霍莉","克隆体细胞Σ"
"2657","フォールンホリィ","防具","1448","ショックの真印","掉落","堕落霍莉","电击之真印"
"2657","フォールンホリィ","物品","8","バーストドリンク","可偷物品","堕落霍莉","爆发饮料"
"2657","フォールンホリィ","物品","77","天空白聖石","可偷物品","堕落霍莉","天空白圣石"
"2657","フォールンホリィ","物品","319","じゃがいも","可偷食材","堕落霍莉","土豆"
"2657","フォールンホリィ","物品","241","天使の羽根","可偷素材","堕落霍莉","天使的羽毛"
"2657","フォールンホリィ","防具","1933","ギャルのパンツ","可偷内裤","堕落霍莉","辣妹的内裤"
"2658","フォールンリノア","物品","919","命の神実","掉落","堕落莉诺雅","生命之神果"
"2658","フォールンリノア","物品","841","ドッペル細胞Σ","掉落","堕落莉诺雅","克隆体细胞Σ"
"2658","フォールンリノア","防具","5136","修羅のアミュレット","掉落","堕落莉诺雅","修罗之护符"
"2658","フォールンリノア","物品","8","バーストドリンク","可偷物品","堕落莉诺雅","爆发饮料"
"2658","フォールンリノア","物品","77","天空白聖石","可偷物品","堕落莉诺雅","天空白圣石"
"2658","フォールンリノア","物品","319","じゃがいも","可偷食材","堕落莉诺雅","土豆"
"2658","フォールンリノア","物品","241","天使の羽根","可偷素材","堕落莉诺雅","天使的羽毛"
"2658","フォールンリノア","防具","1933","ギャルのパンツ","可偷内裤","堕落莉诺雅","辣妹的内裤"
"2659","フォールンハイネ","物品","921","力の神種","掉落","堕落海涅","力量的神种"
"2659","フォールンハイネ","物品","841","ドッペル細胞Σ","掉落","堕落海涅","克隆体细胞Σ"
"2659","フォールンハイネ","防具","1308","斧の極意書","掉落","堕落海涅","斧之极意书"
"2659","フォールンハイネ","物品","8","バーストドリンク","可偷物品","堕落海涅","爆发饮料"
"2659","フォールンハイネ","物品","77","天空白聖石","可偷物品","堕落海涅","天空白圣石"
"2659","フォールンハイネ","物品","319","じゃがいも","可偷食材","堕落海涅","土豆"
"2659","フォールンハイネ","物品","241","天使の羽根","可偷素材","堕落海涅","天使的羽毛"
"2659","フォールンハイネ","防具","1933","ギャルのパンツ","可偷内裤","堕落海涅","辣妹的内裤"
"2660","フォールンキリエ","物品","923","魔力の神種","掉落","堕落姬莉叶","魔力的神种"
"2660","フォールンキリエ","物品","841","ドッペル細胞Σ","掉落","堕落姬莉叶","克隆体细胞Σ"
"2660","フォールンキリエ","防具","1418","昇天の真印","掉落","堕落姬莉叶","升天之真印"
"2660","フォールンキリエ","物品","8","バーストドリンク","可偷物品","堕落姬莉叶","爆发饮料"
"2660","フォールンキリエ","物品","77","天空白聖石","可偷物品","堕落姬莉叶","天空白圣石"
"2660","フォールンキリエ","物品","319","じゃがいも","可偷食材","堕落姬莉叶","土豆"
"2660","フォールンキリエ","物品","241","天使の羽根","可偷素材","堕落姬莉叶","天使的羽毛"
"2660","フォールンキリエ","防具","1933","ギャルのパンツ","可偷内裤","堕落姬莉叶","辣妹的内裤"
"2662","フォールンシリエル","物品","936","カオスダイヤモンド","掉落","堕落希莉艾尔","混沌钻石"
"2662","フォールンシリエル","物品","875","永劫の羽根","掉落","堕落希莉艾尔","永劫的羽根"
"2662","フォールンシリエル","物品","4277","ナイトメア耐性の絶秘石","掉落","堕落希莉艾尔","噩梦耐性的绝秘石"
"2662","フォールンシリエル","物品","3","究極薬草","可偷物品","堕落希莉艾尔","究极药草"
"2662","フォールンシリエル","物品","77","天空白聖石","可偷物品","堕落希莉艾尔","天空白圣石"
"2662","フォールンシリエル","物品","329","肉","可偷食材","堕落希莉艾尔","肉"
"2662","フォールンシリエル","物品","241","天使の羽根","可偷素材","堕落希莉艾尔","天使的羽毛"
"2662","フォールンシリエル","防具","1933","ギャルのパンツ","可偷内裤","堕落希莉艾尔","辣妹的内裤"
"2663","フォールンエグエル","物品","904","最後の霊薬","掉落","堕落艾格艾尔","最终之灵药"
"2663","フォールンエグエル","物品","875","永劫の羽根","掉落","堕落艾格艾尔","永劫的羽根"
"2663","フォールンエグエル","物品","2940","聖技の絶秘石","掉落","堕落艾格艾尔","圣技的绝秘石"
"2663","フォールンエグエル","物品","9","エリクサー","可偷物品","堕落艾格艾尔","圣灵药"
"2663","フォールンエグエル","防具","1689","幸福の靴","可偷物品","堕落艾格艾尔","幸福的鞋子"
"2663","フォールンエグエル","物品","375","目玉焼き","可偷食材","堕落艾格艾尔","荷包蛋"
"2663","フォールンエグエル","物品","249","奇跡の卵","可偷素材","堕落艾格艾尔","奇迹的蛋"
"2664","メギドチャリオッツ","物品","906","ファイナルドリンク","掉落","米吉多战车","最终饮料"
"2664","メギドチャリオッツ","物品","860","Q極細胞","掉落","米吉多战车","Q极细胞"
"2664","メギドチャリオッツ","物品","3588","気力充填の絶秘石","掉落","米吉多战车","气力充填的绝秘石"
"2664","メギドチャリオッツ","物品","3","究極薬草","可偷物品","米吉多战车","究极药草"
"2664","メギドチャリオッツ","防具","1127","重バリア発生装置","可偷物品","米吉多战车","重屏障发生装置"
"2664","メギドチャリオッツ","物品","329","肉","可偷食材","米吉多战车","肉"
"2664","メギドチャリオッツ","物品","225","イリス細胞","可偷素材","米吉多战车","伊莉丝细胞"
"2665","ナイトドグマ","物品","912","魔神の秘薬","掉落","骑士教条","魔神的秘药"
"2665","ナイトドグマ","物品","860","Q極細胞","掉落","骑士教条","Q极细胞"
"2665","ナイトドグマ","物品","3674","修羅に親しむ者の絶秘石","掉落","骑士教条","修罗亲和者的绝秘石"
"2665","ナイトドグマ","物品","9","エリクサー","可偷物品","骑士教条","圣灵药"
"2665","ナイトドグマ","防具","1632","竜騎士の悟り","可偷物品","骑士教条","龙骑士的领悟"
"2665","ナイトドグマ","物品","376","ハンバーグ","可偷食材","骑士教条","汉堡肉"
"2665","ナイトドグマ","物品","233","傀儡歯車","可偷素材","骑士教条","傀儡齿轮"
"2666","アサシンドグマ","物品","916","鬼神の秘薬","掉落","刺客教条","鬼神的秘药"
"2666","アサシンドグマ","物品","860","Q極細胞","掉落","刺客教条","Q极细胞"
"2666","アサシンドグマ","物品","3516","装備武器の絶秘石","掉落","刺客教条","装备武器的绝秘石"
"2666","アサシンドグマ","物品","9","エリクサー","可偷物品","刺客教条","圣灵药"
"2666","アサシンドグマ","防具","1628","シーフの悟り・短剣編","可偷物品","刺客教条","盗贼的领悟・短剑篇"
"2666","アサシンドグマ","物品","432","ほしにく","可偷食材","刺客教条","干肉"
"2666","アサシンドグマ","物品","244","覇獣の爪","可偷素材","刺客教条","霸兽的爪子"
"2666","アサシンドグマ","防具","1952","","可偷内裤","刺客教条",""
"2667","楽園の虚像","物品","919","命の神実","掉落","乐园的虚像","生命之神果"
"2667","楽園の虚像","物品","885","熾天使の羽根","掉落","乐园的虚像","炽天使的羽毛"
"2667","楽園の虚像","防具","4037","真・星降る腕輪","掉落","乐园的虚像","真・星降手镯"
"2668","フォールンユリエル","物品","94","空の絶秘石","掉落","堕落尤莉艾尔","空的绝秘石"
"2668","フォールンユリエル","物品","875","永劫の羽根","掉落","堕落尤莉艾尔","永劫的羽根"
"2668","フォールンユリエル","物品","3714","永劫に親しむ者の絶秘石","掉落","堕落尤莉艾尔","永劫亲和者的绝秘石"
"2668","フォールンユリエル","物品","3","究極薬草","可偷物品","堕落尤莉艾尔","究极药草"
"2668","フォールンユリエル","物品","77","天空白聖石","可偷物品","堕落尤莉艾尔","天空白圣石"
"2668","フォールンユリエル","物品","329","肉","可偷食材","堕落尤莉艾尔","肉"
"2668","フォールンユリエル","物品","241","天使の羽根","可偷素材","堕落尤莉艾尔","天使的羽毛"
"2668","フォールンユリエル","防具","1933","ギャルのパンツ","可偷内裤","堕落尤莉艾尔","辣妹的内裤"
"2669","フォールンメルシエル","物品","906","ファイナルドリンク","掉落","堕落梅尔希艾尔","最终饮料"
"2669","フォールンメルシエル","物品","875","永劫の羽根","掉落","堕落梅尔希艾尔","永劫的羽根"
"2669","フォールンメルシエル","物品","3456","粘液技の絶秘石","掉落","堕落梅尔希艾尔","粘液技的绝秘石"
"2669","フォールンメルシエル","物品","8","バーストドリンク","可偷物品","堕落梅尔希艾尔","爆发饮料"
"2669","フォールンメルシエル","武器","180","白の剣","可偷物品","堕落梅尔希艾尔","白之剑"
"2669","フォールンメルシエル","物品","342","ミルク","可偷食材","堕落梅尔希艾尔","牛奶"
"2669","フォールンメルシエル","物品","249","奇跡の卵","可偷素材","堕落梅尔希艾尔","奇迹的蛋"
"2669","フォールンメルシエル","防具","1961","たぬきパンツ","可偷内裤","堕落梅尔希艾尔","狸猫内裤"
"2670","フォールンセバスイール","物品","902","最終薬草","掉落","堕落塞巴西艾尔","最终药草"
"2670","フォールンセバスイール","物品","875","永劫の羽根","掉落","堕落塞巴西艾尔","永劫的羽根"
"2670","フォールンセバスイール","物品","2724","勇者技の絶秘石","掉落","堕落塞巴西艾尔","勇者技的绝秘石"
"2670","フォールンセバスイール","物品","8","バーストドリンク","可偷物品","堕落塞巴西艾尔","爆发饮料"
"2670","フォールンセバスイール","防具","1629","剣士の悟り","可偷物品","堕落塞巴西艾尔","剑士的领悟"
"2670","フォールンセバスイール","物品","354","焼肉パン","可偷食材","堕落塞巴西艾尔","烤肉面包"
"2670","フォールンセバスイール","物品","252","奇跡の羽根","可偷素材","堕落塞巴西艾尔","奇迹的羽毛"
"2671","ラプンツェル・ゼロ","物品","919","命の神実","掉落","长发公主・零","生命之神果"
"2671","ラプンツェル・ゼロ","物品","866","オメガコア","掉落","长发公主・零","欧米伽核心"
"2671","ラプンツェル・ゼロ","物品","3766","盾騎士のための絶秘石","掉落","长发公主・零","盾骑士的绝秘石"
"2672","ハイヌウェレ・ゼロ","物品","925","素早さの神種","掉落","海奴韦莱・零","敏捷的神种"
"2672","ハイヌウェレ・ゼロ","物品","866","オメガコア","掉落","海奴韦莱・零","欧米伽核心"
"2672","ハイヌウェレ・ゼロ","物品","3826","シーフのための絶秘石","掉落","海奴韦莱・零","盗贼的绝秘石"
"2673","アンフィスバエナ・ゼロ","物品","926","器用さの神種","掉落","双头蛇・零","灵巧的神种"
"2673","アンフィスバエナ・ゼロ","物品","866","オメガコア","掉落","双头蛇・零","欧米伽核心"
"2673","アンフィスバエナ・ゼロ","物品","4114","ロイドのための絶秘石","掉落","双头蛇・零","机器人的绝秘石"
"2674","ツクヨミ・ゼロ","物品","923","魔力の神種","掉落","月读・零","魔力的神种"
"2674","ツクヨミ・ゼロ","物品","866","オメガコア","掉落","月读・零","欧米伽核心"
"2674","ツクヨミ・ゼロ","物品","3214","六属性耐性の絶秘石","掉落","月读・零","六属性耐性的绝秘石"
"2675","アルカンシエル・ゼロ","物品","921","力の神種","掉落","天空之弧・零","力量的神种"
"2675","アルカンシエル・ゼロ","物品","866","オメガコア","掉落","天空之弧・零","欧米伽核心"
"2675","アルカンシエル・ゼロ","物品","3940","勇者のための絶秘石","掉落","天空之弧・零","勇者的绝秘石"
"2676","フォールンホルミエル","物品","936","カオスダイヤモンド","掉落","堕落霍尔米艾尔","混沌钻石"
"2676","フォールンホルミエル","物品","875","永劫の羽根","掉落","堕落霍尔米艾尔","永劫的羽根"
"2676","フォールンホルミエル","武器","4492","マグニフィセントワン","掉落","堕落霍尔米艾尔","壮丽一击"
"2676","フォールンホルミエル","物品","3","究極薬草","可偷物品","堕落霍尔米艾尔","究极药草"
"2676","フォールンホルミエル","物品","77","天空白聖石","可偷物品","堕落霍尔米艾尔","天空白圣石"
"2676","フォールンホルミエル","物品","329","肉","可偷食材","堕落霍尔米艾尔","肉"
"2676","フォールンホルミエル","物品","241","天使の羽根","可偷素材","堕落霍尔米艾尔","天使的羽毛"
"2676","フォールンホルミエル","防具","1933","ギャルのパンツ","可偷内裤","堕落霍尔米艾尔","辣妹的内裤"
"2677","フォールンアプティエル","物品","95","空の極秘石","掉落","堕落阿普蒂艾尔","空的极秘石"
"2677","フォールンアプティエル","物品","875","永劫の羽根","掉落","堕落阿普蒂艾尔","永劫的羽根"
"2677","フォールンアプティエル","物品","4326","終焉耐性の極秘石","掉落","堕落阿普蒂艾尔","终焉耐性的极秘石"
"2677","フォールンアプティエル","物品","3","究極薬草","可偷物品","堕落阿普蒂艾尔","究极药草"
"2677","フォールンアプティエル","物品","77","天空白聖石","可偷物品","堕落阿普蒂艾尔","天空白圣石"
"2677","フォールンアプティエル","物品","329","肉","可偷食材","堕落阿普蒂艾尔","肉"
"2677","フォールンアプティエル","物品","241","天使の羽根","可偷素材","堕落阿普蒂艾尔","天使的羽毛"
"2677","フォールンアプティエル","防具","1933","ギャルのパンツ","可偷内裤","堕落阿普蒂艾尔","辣妹的内裤"
"2678","レッドクリオネラ","物品","902","最終薬草","掉落","赤红海天使","最终药草"
"2678","レッドクリオネラ","物品","881","混沌水銀","掉落","赤红海天使","混沌水银"
"2678","レッドクリオネラ","物品","4284","核熱耐性の極秘石","掉落","赤红海天使","核热耐性的极秘石"
"2678","レッドクリオネラ","物品","9","エリクサー","可偷物品","赤红海天使","圣灵药"
"2678","レッドクリオネラ","防具","1417","昇天の秘印","可偷物品","赤红海天使","升天之秘印"
"2678","レッドクリオネラ","物品","390","クリームシチュー","可偷食材","赤红海天使","奶油炖菜"
"2678","レッドクリオネラ","物品","252","奇跡の羽根","可偷素材","赤红海天使","奇迹的羽毛"
"2679","フォールンロズニエル","物品","904","最後の霊薬","掉落","堕落罗兹尼艾尔","最终之灵药"
"2679","フォールンロズニエル","物品","875","永劫の羽根","掉落","堕落罗兹尼艾尔","永劫的羽根"
"2679","フォールンロズニエル","物品","4320","永劫耐性の極秘石","掉落","堕落罗兹尼艾尔","永劫耐性的极秘石"
"2679","フォールンロズニエル","物品","12","世界樹の葉","可偷物品","堕落罗兹尼艾尔","世界树之叶"
"2679","フォールンロズニエル","防具","1534","エレメンタルアミュレット","可偷物品","堕落罗兹尼艾尔","元素护符"
"2679","フォールンロズニエル","物品","366","カニタマ","可偷食材","堕落罗兹尼艾尔","蟹玉丼"
"2679","フォールンロズニエル","物品","245","覇蛇の蛇尾","可偷素材","堕落罗兹尼艾尔","霸蛇的蛇尾"
"2680","フォールンキュビエル","物品","906","ファイナルドリンク","掉落","堕落丘比艾尔","最终饮料"
"2680","フォールンキュビエル","物品","875","永劫の羽根","掉落","堕落丘比艾尔","永劫的羽根"
"2680","フォールンキュビエル","物品","3645","光に親しむ者の極秘石","掉落","堕落丘比艾尔","光之亲和者的极秘石"
"2680","フォールンキュビエル","物品","9","エリクサー","可偷物品","堕落丘比艾尔","圣灵药"
"2680","フォールンキュビエル","防具","1263","聖なる極意書","可偷物品","堕落丘比艾尔","圣之极意书"
"2680","フォールンキュビエル","物品","369","特上寿司","可偷食材","堕落丘比艾尔","特上寿司"
"2680","フォールンキュビエル","物品","252","奇跡の羽根","可偷素材","堕落丘比艾尔","奇迹的羽毛"
"2680","フォールンキュビエル","防具","1962","上狸のふんどし","可偷内裤","堕落丘比艾尔","上狸的兜裆布"
"2681","フォールンワミエル","物品","927","禁忌の種","掉落","堕落瓦米艾尔","禁忌之种"
"2681","フォールンワミエル","物品","882","侵蝕する触手","掉落","堕落瓦米艾尔","侵蚀的触手"
"2681","フォールンワミエル","防具","912","オールトの盾","掉落","堕落瓦米艾尔","全能之盾"
"2681","フォールンワミエル","物品","9","エリクサー","可偷物品","堕落瓦米艾尔","圣灵药"
"2681","フォールンワミエル","防具","1417","昇天の秘印","可偷物品","堕落瓦米艾尔","升天之秘印"
"2681","フォールンワミエル","物品","390","クリームシチュー","可偷食材","堕落瓦米艾尔","奶油炖菜"
"2681","フォールンワミエル","物品","252","奇跡の羽根","可偷素材","堕落瓦米艾尔","奇迹的羽毛"
"2682","ジルフィ・ゼロ","物品","933","カオスエメラルド","掉落","吉尔菲・零","混沌翡翠"
"2682","ジルフィ・ゼロ","物品","868","ハイエレメントコア","掉落","吉尔菲・零","高阶元素核心"
"2682","ジルフィ・ゼロ","物品","4301","ハドロン耐性の絶秘石","掉落","吉尔菲・零","强子耐性的绝秘石"
"2682","ジルフィ・ゼロ","防具","1945","オーガトゥースのパンツ","可偷内裤","吉尔菲・零","奥伽图丝的内裤"
"2683","ノーマレン・ゼロ","物品","934","カオストパーズ","掉落","诺玛伦・零","混沌黄玉"
"2683","ノーマレン・ゼロ","物品","868","ハイエレメントコア","掉落","诺玛伦・零","高阶元素核心"
"2683","ノーマレン・ゼロ","物品","4307","テラ耐性の絶秘石","掉落","诺玛伦・零","大地耐性的绝秘石"
"2684","グランディーネ・ゼロ","物品","935","カオスサファイア","掉落","格兰蒂妮・零","混沌蓝宝石"
"2684","グランディーネ・ゼロ","物品","868","ハイエレメントコア","掉落","格兰蒂妮・零","高阶元素核心"
"2684","グランディーネ・ゼロ","物品","4313","ナノ耐性の絶秘石","掉落","格兰蒂妮・零","纳米耐性的绝秘石"
"2685","ギガマンドラ・ゼロ","物品","930","カオスルビー","掉落","千兆曼德拉・零","混沌红宝石"
"2685","ギガマンドラ・ゼロ","物品","868","ハイエレメントコア","掉落","千兆曼德拉・零","高阶元素核心"
"2685","ギガマンドラ・ゼロ","物品","4283","核熱耐性の絶秘石","掉落","千兆曼德拉・零","核热耐性的绝秘石"
"2686","ミカエラ","物品","921","力の神種","掉落","米迦艾拉","力量的神种"
"2686","ミカエラ","防具","5184","永劫のアミュレット","掉落","米迦艾拉","永劫之护符"
"2686","ミカエラ","物品","2144","万能反撃の絶秘石","掉落","米迦艾拉","万能反击的绝秘石"
"2686","ミカエラ","防具","1963","忍狸のふんどし","可偷内裤","米迦艾拉","忍狸的兜裆布"
"2690","ラファエラ","物品","460","しあわせミルク","掉落","拉斐艾拉","幸福牛奶"
"2690","ラファエラ","防具","4595","回復の神書","掉落","拉斐艾拉","恢复之神书"
"2690","ラファエラ","物品","4199","ナイトメア強化の極秘石","掉落","拉斐艾拉","噩梦强化的极秘石"
"2691","カオスフェンリル","物品","905","カオスドリンク","掉落","混沌芬里尔","混沌饮料"
"2691","カオスフェンリル","物品","845","神獣の爪","掉落","混沌芬里尔","神兽的爪"
"2691","カオスフェンリル","物品","3522","獣技使用可能の超秘石","掉落","混沌芬里尔","可以使用兽技的超秘石"
"2691","カオスフェンリル","物品","8","バーストドリンク","可偷物品","混沌芬里尔","爆发饮料"
"2691","カオスフェンリル","防具","1674","獣の悟り","可偷物品","混沌芬里尔","兽的领悟"
"2691","カオスフェンリル","物品","329","肉","可偷食材","混沌芬里尔","肉"
"2691","カオスフェンリル","物品","244","覇獣の爪","可偷素材","混沌芬里尔","霸兽的爪子"
"2691","カオスフェンリル","防具","1966","ヒミコのふんどし","可偷内裤","混沌芬里尔","卑弥呼的兜裆布"
"2692","カーズマセラ","物品","901","混沌薬草","掉落","诅咒恶魔","混沌药草"
"2692","カーズマセラ","物品","843","終焉の結晶","掉落","诅咒恶魔","终焉的结晶"
"2692","カーズマセラ","物品","2978","闇技使用可能の超秘石","掉落","诅咒恶魔","可以使用暗技的超秘石"
"2692","カーズマセラ","物品","6","イリアスの霊薬","可偷物品","诅咒恶魔","伊莉娅丝的灵药"
"2692","カーズマセラ","防具","1432","混乱の秘印","可偷物品","诅咒恶魔","混乱之秘印"
"2692","カーズマセラ","物品","407","ピザまん","可偷食材","诅咒恶魔","披萨包子"
"2692","カーズマセラ","物品","238","狂獣の爪","可偷素材","诅咒恶魔","狂兽的爪子"
"2693","超重ギガオーク","物品","371","牛丼","掉落","超重千兆兽人","牛丼"
"2693","超重ギガオーク","物品","845","神獣の爪","掉落","超重千兆兽人","神兽的爪"
"2693","超重ギガオーク","防具","1020","ギガントリスト","掉落","超重千兆兽人","巨人护腕"
"2693","超重ギガオーク","物品","23","ハーピーの羽","可偷物品","超重千兆兽人","哈比之羽"
"2693","超重ギガオーク","防具","1016","パワーリスト","可偷物品","超重千兆兽人","力量护腕"
"2693","超重ギガオーク","物品","331","ソーセージ","可偷食材","超重千兆兽人","香肠"
"2693","超重ギガオーク","物品","67","土石","可偷素材","超重千兆兽人","土石"
"2694","混沌菖蒲","物品","93","空の超秘石","掉落","混沌菖蒲","空的超秘石"
"2694","混沌菖蒲","物品","858","大淫婦の尻尾","掉落","混沌菖蒲","大淫妇的尾巴"
"2694","混沌菖蒲","物品","3282","反射する者の絶秘石","掉落","混沌菖蒲","反射者的绝秘石"
"2694","混沌菖蒲","物品","21","脱淫薬","可偷物品","混沌菖蒲","脱淫药"
"2694","混沌菖蒲","防具","1201","快楽のシンボル","可偷物品","混沌菖蒲","快乐之符号"
"2694","混沌菖蒲","物品","394","スパゲティ","可偷食材","混沌菖蒲","意大利面"
"2694","混沌菖蒲","物品","222","艶めかしい尻尾","可偷素材","混沌菖蒲","艳丽的尾巴"
"2695","混沌燕子花","物品","22","万能薬","掉落","混沌燕子花","万能药"
"2695","混沌燕子花","物品","858","大淫婦の尻尾","掉落","混沌燕子花","大淫妇的尾巴"
"2695","混沌燕子花","物品","3784","黒魔道士のための絶秘石","掉落","混沌燕子花","黑魔道士的绝秘石"
"2695","混沌燕子花","物品","21","脱淫薬","可偷物品","混沌燕子花","脱淫药"
"2695","混沌燕子花","防具","1201","快楽のシンボル","可偷物品","混沌燕子花","快乐之符号"
"2695","混沌燕子花","物品","394","スパゲティ","可偷食材","混沌燕子花","意大利面"
"2695","混沌燕子花","物品","222","艶めかしい尻尾","可偷素材","混沌燕子花","艳丽的尾巴"
"2697","カオスバフォメット","物品","903","カオスの霊薬","掉落","混沌巴风特","混沌的灵药"
"2697","カオスバフォメット","物品","843","終焉の結晶","掉落","混沌巴风特","终焉的结晶"
"2697","カオスバフォメット","防具","5216","妖術師の悟り","掉落","混沌巴风特","妖术师的领悟"
"2697","カオスバフォメット","物品","5","エルフの霊薬","可偷物品","混沌巴风特","精灵的灵药"
"2697","カオスバフォメット","防具","1091","因果の手甲","可偷物品","混沌巴风特","因果的手甲"
"2697","カオスバフォメット","物品","316","タマネギ","可偷食材","混沌巴风特","洋葱"
"2697","カオスバフォメット","物品","215","鬼の角","可偷素材","混沌巴风特","鬼之角"
"2698","虚件","物品","905","カオスドリンク","掉落","虚件","混沌饮料"
"2698","虚件","物品","837","神々しい角","掉落","虚件","神圣的角"
"2698","虚件","物品","2486","状態異常特攻強化の超秘石","掉落","虚件","状态异常特攻强化的超秘石"
"2698","虚件","物品","20","金の針","可偷物品","虚件","金针"
"2698","虚件","防具","1087","鏡のハチマキ","可偷物品","虚件","镜的围巾"
"2698","虚件","物品","332","豆腐","可偷食材","虚件","豆腐"
"2698","虚件","物品","210","妖怪の髪","可偷素材","虚件","妖怪的头发"
"2699","カオスヴェルラウネ","物品","22","万能薬","掉落","混沌丝绒娜温","万能药"
"2699","カオスヴェルラウネ","物品","831","魔界樹の花びら","掉落","混沌丝绒娜温","魔界树的花瓣"
"2699","カオスヴェルラウネ","防具","1398","植物技の極意書","掉落","混沌丝绒娜温","植物技之极意书"
"2699","カオスヴェルラウネ","物品","22","万能薬","可偷物品","混沌丝绒娜温","万能药"
"2699","カオスヴェルラウネ","防具","1194","吸精の薔薇","可偷物品","混沌丝绒娜温","吸精玫瑰"
"2699","カオスヴェルラウネ","物品","393","グラタン","可偷食材","混沌丝绒娜温","奶汁烤菜"
"2699","カオスヴェルラウネ","物品","232","艶めかしい花びら","可偷素材","混沌丝绒娜温","艳丽的花瓣"
"2700","カオスネペンデス","物品","93","空の超秘石","掉落","混沌食人花","空的超秘石"
"2700","カオスネペンデス","物品","831","魔界樹の花びら","掉落","混沌食人花","魔界树的花瓣"
"2700","カオスネペンデス","物品","2138","魔法反撃の超秘石","掉落","混沌食人花","魔法反击的超秘石"
"2700","カオスネペンデス","物品","22","万能薬","可偷物品","混沌食人花","万能药"
"2700","カオスネペンデス","防具","1194","吸精の薔薇","可偷物品","混沌食人花","吸精玫瑰"
"2700","カオスネペンデス","物品","393","グラタン","可偷食材","混沌食人花","奶汁烤菜"
"2700","カオスネペンデス","物品","232","艶めかしい花びら","可偷素材","混沌食人花","艳丽的花瓣"
"2701","薔薇虚族","物品","12","世界樹の葉","掉落","蔷薇虚族","世界树之叶"
"2701","薔薇虚族","物品","831","魔界樹の花びら","掉落","蔷薇虚族","魔界树的花瓣"
"2701","薔薇虚族","防具","1290","尖剣の極意書","掉落","蔷薇虚族","尖剑之极意书"
"2701","薔薇虚族","物品","22","万能薬","可偷物品","蔷薇虚族","万能药"
"2701","薔薇虚族","防具","1194","吸精の薔薇","可偷物品","蔷薇虚族","吸精玫瑰"
"2701","薔薇虚族","物品","393","グラタン","可偷食材","蔷薇虚族","奶汁烤菜"
"2701","薔薇虚族","物品","232","艶めかしい花びら","可偷素材","蔷薇虚族","艳丽的花瓣"
"2703","華音の虚腕","物品","22","万能薬","掉落","华音的虚腕","万能药"
"2703","華音の虚腕","物品","831","魔界樹の花びら","掉落","华音的虚腕","魔界树的花瓣"
"2703","華音の虚腕","物品","2544","毒付加の超秘石","掉落","华音的虚腕","毒附加的超秘石"
"2704","華音の無腕","物品","901","混沌薬草","掉落","华音的无腕","混沌药草"
"2704","華音の無腕","物品","831","魔界樹の花びら","掉落","华音的无腕","魔界树的花瓣"
"2704","華音の無腕","物品","2549","暗闇付加の超秘石","掉落","华音的无腕","黑暗附加的超秘石"
"2705","華音","武器","4564","アルテミシアの鞭","掉落","华音","阿尔忒弥西亚之鞭"
"2705","華音","物品","831","魔界樹の花びら","掉落","华音","魔界树的花瓣"
"2705","華音","防具","4544","ハドロンの秘伝書","掉落","华音","强子之秘传书"
"2706","アトムスライム","物品","398","麻婆豆腐","掉落","原子史莱姆","麻婆豆腐"
"2706","アトムスライム","物品","823","きらきらゼリー","掉落","原子史莱姆","闪闪发光的果冻"
"2706","アトムスライム","防具","4523","核熱の秘伝書","掉落","原子史莱姆","核热之秘传书"
"2706","アトムスライム","物品","3","究極薬草","可偷物品","原子史莱姆","究极药草"
"2706","アトムスライム","防具","1673","スライムの悟り","可偷物品","原子史莱姆","史莱姆的领悟"
"2706","アトムスライム","物品","422","ゼリー","可偷食材","原子史莱姆","果冻"
"2706","アトムスライム","物品","73","激流青水石","可偷素材","原子史莱姆","激流青水石"
"2707","スペクトルスライム","物品","423","プリン","掉落","光谱史莱姆","布丁"
"2707","スペクトルスライム","物品","823","きらきらゼリー","掉落","光谱史莱姆","闪闪发光的果冻"
"2707","スペクトルスライム","防具","5154","量子のアミュレット","掉落","光谱史莱姆","量子之护符"
"2707","スペクトルスライム","物品","3","究極薬草","可偷物品","光谱史莱姆","究极药草"
"2707","スペクトルスライム","防具","1673","スライムの悟り","可偷物品","光谱史莱姆","史莱姆的领悟"
"2707","スペクトルスライム","物品","422","ゼリー","可偷食材","光谱史莱姆","果冻"
"2707","スペクトルスライム","物品","73","激流青水石","可偷素材","光谱史莱姆","激流青水石"
"2708","ミラージュスライム","物品","32","小さなメダル","掉落","蜃景史莱姆","小奖章"
"2708","ミラージュスライム","物品","823","きらきらゼリー","掉落","蜃景史莱姆","闪闪发光的果冻"
"2708","ミラージュスライム","物品","2746","王技使用可能の超秘石","掉落","蜃景史莱姆","王技可用的超秘石"
"2708","ミラージュスライム","物品","4","霊薬","可偷物品","蜃景史莱姆","灵药"
"2708","ミラージュスライム","防具","1114","ヘビィリング","可偷物品","蜃景史莱姆","重戒"
"2708","ミラージュスライム","物品","423","プリン","可偷食材","蜃景史莱姆","布丁"
"2708","ミラージュスライム","物品","218","ぐにゅぐにゅゼリー","可偷素材","蜃景史莱姆","咕啾咕啾的果冻"
"2709","マガツアスラ","物品","905","カオスドリンク","掉落","祸津阿修罗","混沌饮料"
"2709","マガツアスラ","物品","837","神々しい角","掉落","祸津阿修罗","神圣的角"
"2709","マガツアスラ","防具","4102","絶鏡","掉落","祸津阿修罗","绝镜"
"2709","マガツアスラ","物品","4","霊薬","可偷物品","祸津阿修罗","灵药"
"2709","マガツアスラ","防具","1186","キラーピアス","可偷物品","祸津阿修罗","杀手耳环"
"2709","マガツアスラ","物品","339","カレー粉","可偷食材","祸津阿修罗","咖喱粉"
"2709","マガツアスラ","物品","76","白聖石","可偷素材","祸津阿修罗","白圣石"
"2709","マガツアスラ","防具","1876","二口娘のロリパン","可偷内裤","祸津阿修罗","二口娘的萝莉内裤"
"2710","テラスライム","物品","919","命の神実","掉落","太拉史莱姆","生命之神果"
"2710","テラスライム","物品","823","きらきらゼリー","掉落","太拉史莱姆","闪闪发光的果冻"
"2710","テラスライム","物品","3326","ターンHP回復の超秘石","掉落","太拉史莱姆","回合HP恢复的超秘石"
"2710","テラスライム","物品","3","究極薬草","可偷物品","太拉史莱姆","究极药草"
"2710","テラスライム","防具","1673","スライムの悟り","可偷物品","太拉史莱姆","史莱姆的领悟"
"2710","テラスライム","物品","422","ゼリー","可偷食材","太拉史莱姆","果冻"
"2710","テラスライム","物品","73","激流青水石","可偷素材","太拉史莱姆","激流青水石"
"2712","禍撫","武器","4618","タナトスのブーメラン","掉落","祸抚","塔纳托斯之回旋镖"
"2712","禍撫","防具","4589","状態異常特攻の秘伝書","掉落","祸抚","状态异常特攻之秘传书"
"2712","禍撫","物品","3127","食いしばる者の超秘石","掉落","祸抚","咬紧牙关者的超秘石"
"2713","虚夢のラミア","物品","377","ステーキ","掉落","虚梦拉米亚","牛排"
"2713","虚夢のラミア","物品","838","魔王の蛇尾","掉落","虚梦拉米亚","魔王的蛇尾"
"2713","虚夢のラミア","物品","4198","ナイトメア強化の超秘石","掉落","虚梦拉米亚","噩梦强化的超秘石"
"2713","虚夢のラミア","物品","5","エルフの霊薬","可偷物品","虚梦拉米亚","精灵的灵药"
"2713","虚夢のラミア","防具","1009","クリスタルオーブ","可偷物品","虚梦拉米亚","水晶宝珠"
"2713","虚夢のラミア","物品","421","エクレア","可偷食材","虚梦拉米亚","闪电泡芙"
"2713","虚夢のラミア","物品","224","夜の黒片","可偷素材","虚梦拉米亚","夜的黑片"
"2714","虚無千蛇","物品","93","空の超秘石","掉落","虚无千蛇","空的超秘石"
"2714","虚無千蛇","物品","838","魔王の蛇尾","掉落","虚无千蛇","魔王的蛇尾"
"2714","虚無千蛇","防具","1445","フリーズの真印","掉落","虚无千蛇","冻结之真印"
"2714","虚無千蛇","物品","6","イリアスの霊薬","可偷物品","虚无千蛇","伊莉娅丝的灵药"
"2714","虚無千蛇","防具","1187","イリュージョンピアス","可偷物品","虚无千蛇","幻象耳环"
"2714","虚無千蛇","物品","375","目玉焼き","可偷食材","虚无千蛇","荷包蛋"
"2714","虚無千蛇","物品","81","輝晶黒闇石","可偷素材","虚无千蛇","辉晶黑暗石"
"2715","メギドパンドラ","物品","929","禁種の種","掉落","米吉多潘多拉","禁种之种"
"2715","メギドパンドラ","物品","853","メギドの結晶","掉落","米吉多潘多拉","米吉多的结晶"
"2715","メギドパンドラ","物品","900","大きなメダル","掉落","米吉多潘多拉","大奖章"
"2715","メギドパンドラ","物品","9","エリクサー","可偷物品","米吉多潘多拉","圣灵药"
"2715","メギドパンドラ","物品","32","小さなメダル","可偷物品","米吉多潘多拉","小奖章"
"2715","メギドパンドラ","物品","372","うな重","可偷食材","米吉多潘多拉","鳗鱼饭"
"2715","メギドパンドラ","物品","243","禍々しい結晶","可偷素材","米吉多潘多拉","不祥的结晶"
"2715","メギドパンドラ","防具","1927","先代ハーピーのパンツ","可偷内裤","米吉多潘多拉","前代哈比的内裤"
"2716","慈愛女帝の肖像","物品","922","守りの神種","掉落","慈爱女帝的肖像","守护的神种"
"2716","慈愛女帝の肖像","物品","838","魔王の蛇尾","掉落","慈爱女帝的肖像","魔王的蛇尾"
"2716","慈愛女帝の肖像","物品","2619","スタン付加の超秘石","掉落","慈爱女帝的肖像","眩晕附加的超秘石"
"2717","碧炎の虚像","物品","930","カオスルビー","掉落","碧炎的虚像","混沌红宝石"
"2717","碧炎の虚像","物品","868","ハイエレメントコア","掉落","碧炎的虚像","高阶元素核心"
"2717","碧炎の虚像","物品","4204","核熱強化の極秘石","掉落","碧炎的虚像","核热强化的极秘石"
"2718","カオスウツボ","物品","901","混沌薬草","掉落","混沌海鳝","混沌药草"
"2718","カオスウツボ","物品","832","魔海の珊瑚","掉落","混沌海鳝","魔海的珊瑚"
"2718","カオスウツボ","物品","2569","麻痺付加の超秘石","掉落","混沌海鳝","麻痹附加的超秘石"
"2718","カオスウツボ","物品","8","バーストドリンク","可偷物品","混沌海鳝","爆发饮料"
"2718","カオスウツボ","防具","1546","バインドチェック","可偷物品","混沌海鳝","束缚抵抗"
"2718","カオスウツボ","物品","326","カニ","可偷食材","混沌海鳝","蟹"
"2718","カオスウツボ","物品","226","大海の珊瑚","可偷素材","混沌海鳝","大海的珊瑚"
"2719","レジェンドスキュラ","物品","93","空の超秘石","掉落","传奇斯库拉","空的超秘石"
"2719","レジェンドスキュラ","物品","827","深淵の触手","掉落","传奇斯库拉","深渊的触手"
"2719","レジェンドスキュラ","防具","4572","終焉の秘伝書","掉落","传奇斯库拉","终焉之秘传书"
"2719","レジェンドスキュラ","物品","3","究極薬草","可偷物品","传奇斯库拉","究极药草"
"2719","レジェンドスキュラ","防具","1049","百発百中の櫛","可偷物品","传奇斯库拉","百发百中梳子"
"2719","レジェンドスキュラ","物品","399","揚げ出し豆腐","可偷食材","传奇斯库拉","炸豆腐"
"2719","レジェンドスキュラ","物品","61","電光黄雷石","可偷素材","传奇斯库拉","电光黄雷石"
"2720","触手賢帝の虚像","物品","926","器用さの神種","掉落","触手贤帝的虚像","灵巧的神种"
"2720","触手賢帝の虚像","物品","827","深淵の触手","掉落","触手贤帝的虚像","深渊的触手"
"2720","触手賢帝の虚像","防具","1278","回復の極意書","掉落","触手贤帝的虚像","恢复之极意书"
"2721","紅流の虚像","物品","935","カオスサファイア","掉落","红流的虚像","混沌蓝宝石"
"2721","紅流の虚像","物品","868","ハイエレメントコア","掉落","红流的虚像","高阶元素核心"
"2721","紅流の虚像","物品","4229","ナノ強化の極秘石","掉落","红流的虚像","纳米强化的极秘石"
"2724","イゴールナク","物品","94","空の絶秘石","掉落","伊戈罗纳克","空的绝秘石"
"2724","イゴールナク","物品","870","名状しがたき触手","掉落","伊戈罗纳克","难以名状的触手"
"2724","イゴールナク","物品","2181","神特攻の絶秘石","掉落","伊戈罗纳克","神特攻的绝秘石"
"2724","イゴールナク","物品","3","究極薬草","可偷物品","伊戈罗纳克","究极药草"
"2724","イゴールナク","防具","1579","スタンガード","可偷物品","伊戈罗纳克","眩晕防护"
"2724","イゴールナク","物品","363","カレーライス","可偷食材","伊戈罗纳克","咖喱饭"
"2724","イゴールナク","物品","236","妖力の結晶","可偷素材","伊戈罗纳克","妖力的结晶"
"2724","イゴールナク","防具","1939","フルビュアのパンツ","可偷内裤","伊戈罗纳克","芙尔维娅的内裤"
"2725","光る猫神","物品","456","究極の牛丼","掉落","光之猫神","究极牛丼"
"2725","光る猫神","物品","837","神々しい角","掉落","光之猫神","神圣的角"
"2725","光る猫神","物品","2502","素早さの絶秘石","掉落","光之猫神","敏捷的绝秘石"
"2725","光る猫神","物品","334","かつおぶし","可偷物品","光之猫神","鲣鱼干"
"2725","光る猫神","武器","309","ビーストクロウ","可偷物品","光之猫神","兽之爪"
"2725","光る猫神","物品","334","かつおぶし","可偷食材","光之猫神","鲣鱼干"
"2725","光る猫神","物品","206","猫のヒゲ","可偷素材","光之猫神","猫的胡须"
"2726","輝鬼","物品","906","ファイナルドリンク","掉落","辉鬼","最终饮料"
"2726","輝鬼","物品","837","神々しい角","掉落","辉鬼","神圣的角"
"2726","輝鬼","物品","2342","棍技の絶秘石","掉落","辉鬼","棍技的绝秘石"
"2726","輝鬼","物品","3","究極薬草","可偷物品","辉鬼","究极药草"
"2726","輝鬼","物品","215","鬼の角","可偷物品","辉鬼","鬼之角"
"2726","輝鬼","物品","378","すきやき","可偷食材","辉鬼","寿喜烧"
"2726","輝鬼","物品","215","鬼の角","可偷素材","辉鬼","鬼之角"
"2726","輝鬼","防具","1882","マジカルエルフのパンツ","可偷内裤","辉鬼","魔法精灵的内裤"
"2727","陰陽虚蠍","物品","94","空の絶秘石","掉落","阴阳虚蝎","空的绝秘石"
"2727","陰陽虚蠍","物品","830","究極の針","掉落","阴阳虚蝎","究极的针"
"2727","陰陽虚蠍","物品","2885","土強化の絶秘石","掉落","阴阳虚蝎","土强化的绝秘石"
"2727","陰陽虚蠍","物品","5","エルフの霊薬","可偷物品","阴阳虚蝎","精灵的灵药"
"2727","陰陽虚蠍","物品","29","精神の種","可偷物品","阴阳虚蝎","精神之种"
"2727","陰陽虚蠍","物品","332","豆腐","可偷食材","阴阳虚蝎","豆腐"
"2727","陰陽虚蠍","物品","214","魔虫の羽根","可偷素材","阴阳虚蝎","魔虫之羽"
"2729","エルバッキー","物品","932","カオストルマリン","掉落","艾尔巴基","混沌电气石"
"2729","エルバッキー","物品","851","量子の歯車","掉落","艾尔巴基","量子的齿轮"
"2729","エルバッキー","物品","2699","マキナの絶秘石","掉落","艾尔巴基","器械的绝秘石"
"2729","エルバッキー","物品","8","バーストドリンク","可偷物品","艾尔巴基","爆发饮料"
"2729","エルバッキー","防具","1698","肉球ハンド","可偷物品","艾尔巴基","肉球手套"
"2729","エルバッキー","物品","374","ねこごはん","可偷食材","艾尔巴基","猫饭"
"2729","エルバッキー","物品","244","覇獣の爪","可偷素材","艾尔巴基","霸兽的爪子"
"2730","フォックスドグマ","物品","94","空の絶秘石","掉落","狐狸教条","空的绝秘石"
"2730","フォックスドグマ","物品","851","量子の歯車","掉落","狐狸教条","量子的齿轮"
"2730","フォックスドグマ","物品","2950","魔法剣の絶秘石","掉落","狐狸教条","魔法剑的绝秘石"
"2730","フォックスドグマ","物品","6","イリアスの霊薬","可偷物品","狐狸教条","伊莉娅丝的灵药"
"2730","フォックスドグマ","防具","1651","陰陽師の悟り","可偷物品","狐狸教条","阴阳师的领悟"
"2730","フォックスドグマ","物品","401","きつねうどん","可偷食材","狐狸教条","狐狸乌冬面"
"2730","フォックスドグマ","物品","242","もふもふしっぽ","可偷素材","狐狸教条","毛绒绒的尾巴"
"2730","フォックスドグマ","防具","1968","くのいちサキュバスのパンツ","可偷内裤","狐狸教条","女忍魅魔的内裤"
"2731","玉藻","武器","4670","ツクヨミの扇","掉落","玉藻","月读之扇"
"2731","玉藻","防具","1089","応報の狐面","掉落","玉藻","报应的狐面"
"2731","玉藻","物品","3635","土に親しむ者の極秘石","掉落","玉藻","土之亲和者的极秘石"
"2732","メギドエイビス","物品","933","カオスエメラルド","掉落","米吉多龙鸟","混沌翡翠"
"2732","メギドエイビス","物品","833","竜王の牙","掉落","米吉多龙鸟","龙王的牙齿"
"2732","メギドエイビス","防具","1302","拳の極意書","掉落","米吉多龙鸟","拳套之极意书"
"2732","メギドエイビス","物品","3","究極薬草","可偷物品","米吉多龙鸟","究极药草"
"2732","メギドエイビス","防具","1495","炎のリング","可偷物品","米吉多龙鸟","炎之戒指"
"2732","メギドエイビス","物品","376","ハンバーグ","可偷食材","米吉多龙鸟","汉堡肉"
"2732","メギドエイビス","物品","247","覇竜の牙","可偷素材","米吉多龙鸟","霸龙的牙齿"
"2733","カオスマルコシアス","物品","930","カオスルビー","掉落","混沌马可西亚斯","混沌红宝石"
"2733","カオスマルコシアス","物品","833","竜王の牙","掉落","混沌马可西亚斯","龙王的牙齿"
"2733","カオスマルコシアス","物品","3531","ブレス使用可能の超秘石","掉落","混沌马可西亚斯","可以使用吐息的超秘石"
"2733","カオスマルコシアス","物品","3","究極薬草","可偷物品","混沌马可西亚斯","究极药草"
"2733","カオスマルコシアス","防具","1023","ガントレット","可偷物品","混沌马可西亚斯","金属护手"
"2733","カオスマルコシアス","物品","330","鳥足","可偷食材","混沌马可西亚斯","鸟足"
"2733","カオスマルコシアス","物品","52","紅炎石","可偷素材","混沌马可西亚斯","红炎石"
"2735","飛将戦神の虚像","物品","925","素早さの神種","掉落","飞将战神的虚像","敏捷的神种"
"2735","飛将戦神の虚像","物品","829","蒼天の羽根","掉落","飞将战神的虚像","苍天的羽毛"
"2735","飛将戦神の虚像","物品","3117","揺るがない者の超秘石","掉落","飞将战神的虚像","不移者的超秘石"
"2736","虚空の妖帝","物品","917","カンフル","掉落","虚空的妖帝","强心剂"
"2736","虚空の妖帝","物品","858","大淫婦の尻尾","掉落","虚空的妖帝","大淫妇的尾巴"
"2736","虚空の妖帝","物品","3699","ハドロンに親しむ者の絶秘石","掉落","虚空的妖帝","强子亲和者的绝秘石"
"2736","虚空の妖帝","物品","21","脱淫薬","可偷物品","虚空的妖帝","脱淫药"
"2736","虚空の妖帝","防具","1201","快楽のシンボル","可偷物品","虚空的妖帝","快乐之符号"
"2736","虚空の妖帝","物品","394","スパゲティ","可偷食材","虚空的妖帝","意大利面"
"2736","虚空の妖帝","物品","222","艶めかしい尻尾","可偷素材","虚空的妖帝","艳丽的尾巴"
"2737","カオスロッサ","物品","918","ワクチン","掉落","混沌罗飒","疫苗"
"2737","カオスロッサ","物品","853","メギドの結晶","掉落","混沌罗飒","米吉多的结晶"
"2737","カオスロッサ","物品","2322","尖剣技の絶秘石","掉落","混沌罗飒","尖剑技的绝秘石"
"2737","カオスロッサ","物品","21","脱淫薬","可偷物品","混沌罗飒","脱淫药"
"2737","カオスロッサ","防具","1201","快楽のシンボル","可偷物品","混沌罗飒","快乐之符号"
"2737","カオスロッサ","物品","394","スパゲティ","可偷食材","混沌罗飒","意大利面"
"2737","カオスロッサ","物品","222","艶めかしい尻尾","可偷素材","混沌罗飒","艳丽的尾巴"
"2738","上級時空海賊","物品","935","カオスサファイア","掉落","上级时空海贼","混沌蓝宝石"
"2738","上級時空海賊","物品","848","永遠の鱗","掉落","上级时空海贼","永恒的鳞片"
"2738","上級時空海賊","物品","2659","海賊技の絶秘石","掉落","上级时空海贼","海贼技的绝秘石"
"2738","上級時空海賊","物品","2","高級薬草","可偷物品","上级时空海贼","高级药草"
"2738","上級時空海賊","防具","200","パイレーツメット","可偷物品","上级时空海贼","海贼头盔"
"2738","上級時空海賊","物品","327","エビ","可偷食材","上级时空海贼","虾"
"2738","上級時空海賊","物品","204","人魚の鱗","可偷素材","上级时空海贼","人鱼的鳞片"
"2739","カオスマーマン","物品","94","空の絶秘石","掉落","混沌海魔","空的绝秘石"
"2739","カオスマーマン","物品","848","永遠の鱗","掉落","混沌海魔","永恒的鳞片"
"2739","カオスマーマン","物品","2870","氷強化の絶秘石","掉落","混沌海魔","冰强化的绝秘石"
"2739","カオスマーマン","物品","3","究極薬草","可偷物品","混沌海魔","究极药草"
"2739","カオスマーマン","防具","1672","人魚の悟り","可偷物品","混沌海魔","人鱼的领悟"
"2739","カオスマーマン","物品","386","ローストチキン","可偷食材","混沌海魔","烤鸡"
"2739","カオスマーマン","物品","234","神秘の鱗","可偷素材","混沌海魔","神秘的鳞片"
"2741","海賊女帝の虚像","物品","900","大きなメダル","掉落","海贼女帝的虚像","大奖章"
"2741","海賊女帝の虚像","物品","848","永遠の鱗","掉落","海贼女帝的虚像","永恒的鳞片"
"2741","海賊女帝の虚像","物品","3928","海賊のための絶秘石","掉落","海贼女帝的虚像","海贼的绝秘石"
"2742","テラドライアド","物品","94","空の絶秘石","掉落","太拉树精","空的绝秘石"
"2742","テラドライアド","物品","855","世界樹の花びら","掉落","太拉树精","世界树的花瓣"
"2742","テラドライアド","物品","4120","巨人のための絶秘石","掉落","太拉树精","巨人的绝秘石"
"2742","テラドライアド","物品","22","万能薬","可偷物品","太拉树精","万能药"
"2742","テラドライアド","防具","1549","ポイズンガード","可偷物品","太拉树精","中毒防护"
"2742","テラドライアド","物品","380","野菜炒め","可偷食材","太拉树精","炒蔬菜"
"2742","テラドライアド","物品","232","艶めかしい花びら","可偷素材","太拉树精","艳丽的花瓣"
"2743","赤嵐の虚像","物品","933","カオスエメラルド","掉落","赤岚的虚像","混沌翡翠"
"2743","赤嵐の虚像","物品","868","ハイエレメントコア","掉落","赤岚的虚像","高阶元素核心"
"2743","赤嵐の虚像","物品","4219","ハドロン強化の極秘石","掉落","赤岚的虚像","强子强化的极秘石"
"2743","赤嵐の虚像","防具","1842","シルフパンツ","可偷内裤","赤岚的虚像","希尔芙内裤"
"2745","虚無の錬金術師","物品","112","賢者の石","掉落","虚无的炼金术师","贤者之石"
"2745","虚無の錬金術師","物品","858","大淫婦の尻尾","掉落","虚无的炼金术师","大淫妇的尾巴"
"2745","虚無の錬金術師","物品","3868","錬金術士のための絶秘石","掉落","虚无的炼金术师","炼金术士的绝秘石"
"2745","虚無の錬金術師","物品","21","脱淫薬","可偷物品","虚无的炼金术师","脱淫药"
"2745","虚無の錬金術師","防具","1201","快楽のシンボル","可偷物品","虚无的炼金术师","快乐之符号"
"2745","虚無の錬金術師","物品","394","スパゲティ","可偷食材","虚无的炼金术师","意大利面"
"2745","虚無の錬金術師","物品","222","艶めかしい尻尾","可偷素材","虚无的炼金术师","艳丽的尾巴"
"2746","虚鞭妖姫","物品","460","しあわせミルク","掉落","虚鞭妖姬","幸福牛奶"
"2746","虚鞭妖姫","物品","858","大淫婦の尻尾","掉落","虚鞭妖姬","大淫妇的尾巴"
"2746","虚鞭妖姫","物品","3856","サイコソルジャーのための絶秘石","掉落","虚鞭妖姬","念动战士的绝秘石"
"2746","虚鞭妖姫","物品","21","脱淫薬","可偷物品","虚鞭妖姬","脱淫药"
"2746","虚鞭妖姫","防具","1201","快楽のシンボル","可偷物品","虚鞭妖姬","快乐之符号"
"2746","虚鞭妖姫","物品","394","スパゲティ","可偷食材","虚鞭妖姬","意大利面"
"2746","虚鞭妖姫","物品","222","艶めかしい尻尾","可偷素材","虚鞭妖姬","艳丽的尾巴"
"2747","虚空淫王","物品","94","空の絶秘石","掉落","虚空淫王","空的绝秘石"
"2747","虚空淫王","物品","858","大淫婦の尻尾","掉落","虚空淫王","大淫妇的尾巴"
"2747","虚空淫王","防具","4451","快楽の神書","掉落","虚空淫王","快乐之神书"
"2747","虚空淫王","物品","21","脱淫薬","可偷物品","虚空淫王","脱淫药"
"2747","虚空淫王","防具","1201","快楽のシンボル","可偷物品","虚空淫王","快乐之符号"
"2747","虚空淫王","物品","394","スパゲティ","可偷食材","虚空淫王","意大利面"
"2747","虚空淫王","物品","222","艶めかしい尻尾","可偷素材","虚空淫王","艳丽的尾巴"
"2751","魅凪","武器","4343","キュベレの拳","掉落","魅凪","西布莉之拳"
"2751","魅凪","防具","1535","エレメンタルリング","掉落","魅凪","元素戒指"
"2751","魅凪","物品","3610","快楽に親しむ者の極秘石","掉落","魅凪","快乐亲和者的极秘石"
"2753","ハーゲンベック・ゼロ","物品","382","フルーツサラダ","掉落","哈根贝克・零","水果沙拉"
"2753","ハーゲンベック・ゼロ","物品","853","メギドの結晶","掉落","哈根贝克・零","米吉多的结晶"
"2753","ハーゲンベック・ゼロ","物品","3772","魔物使いのための絶秘石","掉落","哈根贝克・零","魔物使的绝秘石"
"2753","ハーゲンベック・ゼロ","物品","3","究極薬草","可偷物品","哈根贝克・零","究极药草"
"2753","ハーゲンベック・ゼロ","防具","1221","魔獣破りの呪符","可偷物品","哈根贝克・零","魔兽破除符咒"
"2753","ハーゲンベック・ゼロ","物品","329","肉","可偷食材","哈根贝克・零","肉"
"2753","ハーゲンベック・ゼロ","物品","233","傀儡歯車","可偷素材","哈根贝克・零","傀儡齿轮"
"2753","ハーゲンベック・ゼロ","防具","1904","クィーンフェアリーのパンツ","可偷内裤","哈根贝克・零","妖精女王的内裤"
"2754","ベック・ザ・ビースト・ゼロ","物品","911","巨人の秘薬","掉落","野兽贝克・零","巨人的秘药"
"2754","ベック・ザ・ビースト・ゼロ","物品","865","時の歯車","掉落","野兽贝克・零","时间的齿轮"
"2754","ベック・ザ・ビースト・ゼロ","物品","4024","魔獣のための絶秘石","掉落","野兽贝克・零","魔兽的绝秘石"
"2754","ベック・ザ・ビースト・ゼロ","物品","61","電光黄雷石","可偷物品","野兽贝克・零","电光黄雷石"
"2754","ベック・ザ・ビースト・ゼロ","防具","1212","人破りの呪符","可偷物品","野兽贝克・零","破人之咒符"
"2754","ベック・ザ・ビースト・ゼロ","物品","233","傀儡歯車","可偷素材","野兽贝克・零","傀儡齿轮"
"2755","サンタマリア・ゼロ","物品","393","グラタン","掉落","圣玛利亚・零","奶汁烤菜"
"2755","サンタマリア・ゼロ","物品","845","神獣の爪","掉落","圣玛利亚・零","神兽的爪"
"2755","サンタマリア・ゼロ","物品","2846","魔力の絶秘石","掉落","圣玛利亚・零","魔力的绝秘石"
"2755","サンタマリア・ゼロ","物品","3","究極薬草","可偷物品","圣玛利亚・零","究极药草"
"2755","サンタマリア・ゼロ","武器","494","プリズムスタッフ","可偷物品","圣玛利亚・零","棱镜杖"
"2755","サンタマリア・ゼロ","物品","317","にんにく","可偷食材","圣玛利亚・零","大蒜"
"2755","サンタマリア・ゼロ","物品","233","傀儡歯車","可偷素材","圣玛利亚・零","傀儡齿轮"
"2755","サンタマリア・ゼロ","防具","1905","クィーンエルフのパンツ","可偷内裤","圣玛利亚・零","精灵女王的内裤"
"2756","セントメイデン・ゼロ","物品","936","カオスダイヤモンド","掉落","圣少女・零","混沌钻石"
"2756","セントメイデン・ゼロ","物品","865","時の歯車","掉落","圣少女・零","时间的齿轮"
"2756","セントメイデン・ゼロ","物品","4319","永劫耐性の絶秘石","掉落","圣少女・零","永劫耐性的绝秘石"
"2756","セントメイデン・ゼロ","物品","61","電光黄雷石","可偷物品","圣少女・零","电光黄雷石"
"2756","セントメイデン・ゼロ","防具","1034","アースロザリオ","可偷物品","圣少女・零","大地念珠"
"2756","セントメイデン・ゼロ","物品","233","傀儡歯車","可偷素材","圣少女・零","傀儡齿轮"
"2757","切り裂きエリス・ゼロ","物品","932","カオストルマリン","掉落","开膛手厄里斯・零","混沌电气石"
"2757","切り裂きエリス・ゼロ","物品","865","時の歯車","掉落","开膛手厄里斯・零","时间的齿轮"
"2757","切り裂きエリス・ゼロ","物品","2327","刀技の絶秘石","掉落","开膛手厄里斯・零","刀技的绝秘石"
"2757","切り裂きエリス・ゼロ","物品","3","究極薬草","可偷物品","开膛手厄里斯・零","究极药草"
"2757","切り裂きエリス・ゼロ","防具","1221","魔獣破りの呪符","可偷物品","开膛手厄里斯・零","魔兽破除符咒"
"2757","切り裂きエリス・ゼロ","物品","329","肉","可偷食材","开膛手厄里斯・零","肉"
"2757","切り裂きエリス・ゼロ","物品","233","傀儡歯車","可偷素材","开膛手厄里斯・零","傀儡齿轮"
"2757","切り裂きエリス・ゼロ","防具","1904","クィーンフェアリーのパンツ","可偷内裤","开膛手厄里斯・零","妖精女王的内裤"
"2759","シャウトマータ・ゼロ","物品","918","ワクチン","掉落","咆哮人偶・零","疫苗"
"2759","シャウトマータ・ゼロ","物品","865","時の歯車","掉落","咆哮人偶・零","时间的齿轮"
"2759","シャウトマータ・ゼロ","物品","2905","音波強化の絶秘石","掉落","咆哮人偶・零","音波强化的绝秘石"
"2759","シャウトマータ・ゼロ","物品","3","究極薬草","可偷物品","咆哮人偶・零","究极药草"
"2759","シャウトマータ・ゼロ","防具","1221","魔獣破りの呪符","可偷物品","咆哮人偶・零","魔兽破除符咒"
"2759","シャウトマータ・ゼロ","物品","329","肉","可偷食材","咆哮人偶・零","肉"
"2759","シャウトマータ・ゼロ","物品","233","傀儡歯車","可偷素材","咆哮人偶・零","傀儡齿轮"
"2759","シャウトマータ・ゼロ","防具","1904","クィーンフェアリーのパンツ","可偷内裤","咆哮人偶・零","妖精女王的内裤"
"2760","ジャイアントセーラ・ゼロ","物品","906","ファイナルドリンク","掉落","巨人莎拉・零","最终饮料"
"2760","ジャイアントセーラ・ゼロ","物品","865","時の歯車","掉落","巨人莎拉・零","时间的齿轮"
"2760","ジャイアントセーラ・ゼロ","物品","3132","物理無効の絶秘石","掉落","巨人莎拉・零","物理无效的绝秘石"
"2760","ジャイアントセーラ・ゼロ","物品","8","バーストドリンク","可偷物品","巨人莎拉・零","爆发饮料"
"2760","ジャイアントセーラ・ゼロ","防具","1236","巨人破りの呪符","可偷物品","巨人莎拉・零","巨人破除的咒符"
"2760","ジャイアントセーラ・ゼロ","物品","423","プリン","可偷食材","巨人莎拉・零","布丁"
"2760","ジャイアントセーラ・ゼロ","物品","233","傀儡歯車","可偷素材","巨人莎拉・零","傀儡齿轮"
"2760","ジャイアントセーラ・ゼロ","防具","1906","コンキスタのパンツ","可偷内裤","巨人莎拉・零","征服者的内裤"
"2762","堕乳人形零式","物品","417","ケーキ","掉落","堕乳人偶零式","蛋糕"
"2762","堕乳人形零式","物品","865","時の歯車","掉落","堕乳人偶零式","时间的齿轮"
"2762","堕乳人形零式","物品","2635","恍惚付加の絶秘石","掉落","堕乳人偶零式","恍惚附加的绝秘石"
"2762","堕乳人形零式","物品","3","究極薬草","可偷物品","堕乳人偶零式","究极药草"
"2762","堕乳人形零式","防具","1221","魔獣破りの呪符","可偷物品","堕乳人偶零式","魔兽破除符咒"
"2762","堕乳人形零式","物品","329","肉","可偷食材","堕乳人偶零式","肉"
"2762","堕乳人形零式","物品","233","傀儡歯車","可偷素材","堕乳人偶零式","傀儡齿轮"
"2762","堕乳人形零式","防具","1904","クィーンフェアリーのパンツ","可偷内裤","堕乳人偶零式","妖精女王的内裤"
"2763","ラブマータ・ゼロ","物品","22","万能薬","掉落","爱情人偶・零","万能药"
"2763","ラブマータ・ゼロ","物品","865","時の歯車","掉落","爱情人偶・零","时间的齿轮"
"2763","ラブマータ・ゼロ","物品","2729","淫技の絶秘石","掉落","爱情人偶・零","淫技的绝秘石"
"2763","ラブマータ・ゼロ","物品","3","究極薬草","可偷物品","爱情人偶・零","究极药草"
"2763","ラブマータ・ゼロ","防具","1221","魔獣破りの呪符","可偷物品","爱情人偶・零","魔兽破除符咒"
"2763","ラブマータ・ゼロ","物品","329","肉","可偷食材","爱情人偶・零","肉"
"2763","ラブマータ・ゼロ","物品","233","傀儡歯車","可偷素材","爱情人偶・零","傀儡齿轮"
"2763","ラブマータ・ゼロ","防具","1904","クィーンフェアリーのパンツ","可偷内裤","爱情人偶・零","妖精女王的内裤"
"2765","ブラヴァツキー・ゼロ","物品","913","賢者の秘薬","掉落","布拉瓦茨基・零","贤者的秘药"
"2765","ブラヴァツキー・ゼロ","物品","839","冥府の髪","掉落","布拉瓦茨基・零","冥府的头发"
"2765","ブラヴァツキー・ゼロ","物品","3719","終焉に親しむ者の絶秘石","掉落","布拉瓦茨基・零","终焉亲和者的绝秘石"
"2765","ブラヴァツキー・ゼロ","物品","22","万能薬","可偷物品","布拉瓦茨基・零","万能药"
"2765","ブラヴァツキー・ゼロ","防具","1232","ゴースト破りの呪符","可偷物品","布拉瓦茨基・零","幽灵破咒符"
"2765","ブラヴァツキー・ゼロ","物品","391","トマトスープ","可偷食材","布拉瓦茨基・零","番茄汤"
"2765","ブラヴァツキー・ゼロ","物品","233","傀儡歯車","可偷素材","布拉瓦茨基・零","傀儡齿轮"
"2765","ブラヴァツキー・ゼロ","防具","1907","ヴェンデッタのパンツ","可偷内裤","布拉瓦茨基・零","仇杀者的内裤"
"2767","決戦人型兵器アグニ・ゼロ","物品","922","守りの神種","掉落","决战人型兵器阿耆尼・零","守护的神种"
"2767","決戦人型兵器アグニ・ゼロ","物品","865","時の歯車","掉落","决战人型兵器阿耆尼・零","时间的齿轮"
"2767","決戦人型兵器アグニ・ゼロ","武器","4830","影銃・傀儡月","掉落","决战人型兵器阿耆尼・零","影铳・傀儡月"
"2767","決戦人型兵器アグニ・ゼロ","物品","3","究極薬草","可偷物品","决战人型兵器阿耆尼・零","究极药草"
"2767","決戦人型兵器アグニ・ゼロ","防具","1221","魔獣破りの呪符","可偷物品","决战人型兵器阿耆尼・零","魔兽破除符咒"
"2767","決戦人型兵器アグニ・ゼロ","物品","329","肉","可偷食材","决战人型兵器阿耆尼・零","肉"
"2767","決戦人型兵器アグニ・ゼロ","物品","233","傀儡歯車","可偷素材","决战人型兵器阿耆尼・零","傀儡齿轮"
"2767","決戦人型兵器アグニ・ゼロ","防具","1904","クィーンフェアリーのパンツ","可偷内裤","决战人型兵器阿耆尼・零","妖精女王的内裤"
"2768","快楽人形・雅姫零式","物品","926","器用さの神種","掉落","快乐人偶・雅姬零式","灵巧的神种"
"2768","快楽人形・雅姫零式","物品","865","時の歯車","掉落","快乐人偶・雅姬零式","时间的齿轮"
"2768","快楽人形・雅姫零式","武器","4831","黒銃・紬糸","掉落","快乐人偶・雅姬零式","黑铳・织丝"
"2768","快楽人形・雅姫零式","物品","3","究極薬草","可偷物品","快乐人偶・雅姬零式","究极药草"
"2768","快楽人形・雅姫零式","防具","1221","魔獣破りの呪符","可偷物品","快乐人偶・雅姬零式","魔兽破除符咒"
"2768","快楽人形・雅姫零式","物品","329","肉","可偷食材","快乐人偶・雅姬零式","肉"
"2768","快楽人形・雅姫零式","物品","233","傀儡歯車","可偷素材","快乐人偶・雅姬零式","傀儡齿轮"
"2768","快楽人形・雅姫零式","防具","1904","クィーンフェアリーのパンツ","可偷内裤","快乐人偶・雅姬零式","妖精女王的内裤"
"2769","影紬","物品","31","器用さの種","掉落","影紬","灵巧之种"
"2769","影紬","物品","278","最終歯車","掉落","影紬","最终齿轮"
"2769","影紬","防具","1045","神業の首飾り","掉落","影紬","神技项链"
"2769","影紬","防具","1908","カーミラのパンツ","可偷内裤","影紬","卡米拉的内裤"
"2770","黄泉蜘蛛","物品","26","力の種","掉落","黄泉蜘蛛","力量之种"
"2770","黄泉蜘蛛","物品","35","導きの糸","掉落","黄泉蜘蛛","引导之线"
"2770","黄泉蜘蛛","物品","39","女神の種","掉落","黄泉蜘蛛","女神之种"
"2771","魁狐々","物品","28","魔力の種","掉落","魁狐狐","魔力之种"
"2771","魁狐々","物品","826","白面のしっぽ","掉落","魁狐狐","白面的尾巴"
"2771","魁狐々","物品","43","神職の種","掉落","魁狐狐","神职之种"
"2772","蘭天狗","物品","30","素早さの種","掉落","兰天狗","敏捷之种"
"2772","蘭天狗","物品","271","天空の羽根","掉落","兰天狗","天空之羽"
"2772","蘭天狗","物品","47","神種の種","掉落","兰天狗","神种之种"
"2773","虚踊麗姫","物品","906","ファイナルドリンク","掉落","虚舞丽姬","最终饮料"
"2773","虚踊麗姫","物品","844","大淫魔の尻尾","掉落","虚舞丽姬","大淫魔的尾巴"
"2773","虚踊麗姫","物品","2739","踊る使用可能の超秘石","掉落","虚舞丽姬","可以使用舞蹈的超秘石"
"2773","虚踊麗姫","物品","8","バーストドリンク","可偷物品","虚舞丽姬","爆发饮料"
"2773","虚踊麗姫","防具","1083","達人の黒帯","可偷物品","虚舞丽姬","达人的黑带"
"2773","虚踊麗姫","物品","358","ハンバーガー","可偷食材","虚舞丽姬","汉堡"
"2773","虚踊麗姫","物品","222","艶めかしい尻尾","可偷素材","虚舞丽姬","艳丽的尾巴"
"2773","虚踊麗姫","防具","1924","ソニアパンツ","可偷内裤","虚舞丽姬","索尼娅的内裤"
"2774","メギドパビルサグ","物品","93","空の超秘石","掉落","米吉多帕皮尔萨格","空的超秘石"
"2774","メギドパビルサグ","物品","830","究極の針","掉落","米吉多帕皮尔萨格","究极的针"
"2774","メギドパビルサグ","物品","3202","炎氷雷耐性の超秘石","掉落","米吉多帕皮尔萨格","炎冰雷耐性的超秘石"
"2774","メギドパビルサグ","物品","3","究極薬草","可偷物品","米吉多帕皮尔萨格","究极药草"
"2774","メギドパビルサグ","防具","1414","即死の秘印","可偷物品","米吉多帕皮尔萨格","即死之秘印"
"2774","メギドパビルサグ","物品","378","すきやき","可偷食材","米吉多帕皮尔萨格","寿喜烧"
"2774","メギドパビルサグ","物品","246","覇虫の針","可偷素材","米吉多帕皮尔萨格","霸虫的针"
"2775","カオスマンイーター","物品","425","パフェ","掉落","混沌食人者","芭菲"
"2775","カオスマンイーター","物品","827","深淵の触手","掉落","混沌食人者","深渊的触手"
"2775","カオスマンイーター","物品","3108","魔法反射の超秘石","掉落","混沌食人者","魔法反射的超秘石"
"2775","カオスマンイーター","物品","4","霊薬","可偷物品","混沌食人者","灵药"
"2775","カオスマンイーター","防具","1008","スターオーブ","可偷物品","混沌食人者","星之宝珠"
"2775","カオスマンイーター","物品","417","ケーキ","可偷食材","混沌食人者","蛋糕"
"2775","カオスマンイーター","物品","208","マジカルエキス","可偷素材","混沌食人者","魔法精华"
"2776","ホヤウカムイ","物品","920","不思議な神実","掉落","蛇神威","不可思议的神实"
"2776","ホヤウカムイ","物品","863","竜神の牙","掉落","蛇神威","龙神的牙齿"
"2776","ホヤウカムイ","防具","4463","雷の神書","掉落","蛇神威","雷之神书"
"2776","ホヤウカムイ","物品","3","究極薬草","可偷物品","蛇神威","究极药草"
"2776","ホヤウカムイ","防具","1391","ブレスの秘伝書","可偷物品","蛇神威","吐息之秘传书"
"2776","ホヤウカムイ","物品","329","肉","可偷食材","蛇神威","肉"
"2776","ホヤウカムイ","物品","237","真竜の牙","可偷素材","蛇神威","真龙的牙齿"
"2778","焦泥の虚像","物品","934","カオストパーズ","掉落","焦泥的虚像","混沌黄玉"
"2778","焦泥の虚像","物品","868","ハイエレメントコア","掉落","焦泥的虚像","高阶元素核心"
"2778","焦泥の虚像","物品","4224","テラ強化の極秘石","掉落","焦泥的虚像","大地强化的极秘石"
"2778","焦泥の虚像","防具","1858","絵画のパンツ","可偷内裤","焦泥的虚像","绘画的内裤"
"2781","虚列車","物品","906","ファイナルドリンク","掉落","虚列车","最终饮料"
"2781","虚列車","物品","842","高次半導体","掉落","虚列车","高次半导体"
"2781","虚列車","物品","3286","物理軽減の絶秘石","掉落","虚列车","物理减伤的绝秘石"
"2781","虚列車","物品","8","バーストドリンク","可偷物品","虚列车","爆发饮料"
"2781","虚列車","防具","1435","睡眠の秘印","可偷物品","虚列车","睡眠之秘印"
"2781","虚列車","物品","253","カオストロン","可偷素材","虚列车","混沌之核"
"2782","カーズバフォメット","物品","459","カオスシチュー","掉落","诅咒巴风特","混沌炖菜"
"2782","カーズバフォメット","物品","853","メギドの結晶","掉落","诅咒巴风特","米吉多的结晶"
"2782","カーズバフォメット","物品","2935","召喚の絶秘石","掉落","诅咒巴风特","召唤的绝秘石"
"2782","カーズバフォメット","物品","5","エルフの霊薬","可偷物品","诅咒巴风特","精灵的灵药"
"2782","カーズバフォメット","防具","1091","因果の手甲","可偷物品","诅咒巴风特","因果的手甲"
"2782","カーズバフォメット","物品","316","タマネギ","可偷食材","诅咒巴风特","洋葱"
"2782","カーズバフォメット","物品","215","鬼の角","可偷素材","诅咒巴风特","鬼之角"
"2783","フォールンエルフ","物品","904","最後の霊薬","掉落","堕落精灵","最终之灵药"
"2783","フォールンエルフ","物品","821","神の涙石","掉落","堕落精灵","神的泪石"
"2783","フォールンエルフ","物品","2352","弓技の絶秘石","掉落","堕落精灵","弓技的绝秘石"
"2783","フォールンエルフ","物品","8","バーストドリンク","可偷物品","堕落精灵","爆发饮料"
"2783","フォールンエルフ","防具","1710","エルフの魔晶石","可偷物品","堕落精灵","精灵的魔晶石"
"2783","フォールンエルフ","物品","319","じゃがいも","可偷食材","堕落精灵","土豆"
"2783","フォールンエルフ","物品","230","涙の魔石","可偷素材","堕落精灵","泪的魔石"
"2783","フォールンエルフ","防具","1899","妖鬼のふんどし","可偷内裤","堕落精灵","妖鬼的兜裆布"
"2784","蛭蟲","武器","4375","バハムートの牙","掉落","蛭虫","巴哈姆特之牙"
"2784","蛭蟲","物品","835","超蛭蟲細胞","掉落","蛭虫","超蛭虫细胞"
"2784","蛭蟲","物品","3471","触手技の絶秘石","掉落","蛭虫","触手技的绝秘石"
"2785","魔王人形零式III型","物品","925","素早さの神種","掉落","魔王人偶零式III型","敏捷的神种"
"2785","魔王人形零式III型","物品","884","魔王核熱結晶","掉落","魔王人偶零式III型","魔王核热结晶"
"2785","魔王人形零式III型","防具","4036","星降る腕輪改","掉落","魔王人偶零式III型","星降手镯改"
"2786","魔王人形零式IV型","物品","920","不思議な神実","掉落","魔王人偶零式IV型","不可思议的神实"
"2786","魔王人形零式IV型","物品","884","魔王核熱結晶","掉落","魔王人偶零式IV型","魔王核热结晶"
"2786","魔王人形零式IV型","防具","4065","波動のバングル","掉落","魔王人偶零式IV型","波动手镯"
"2787","魔王人形零式V型","物品","922","守りの神種","掉落","魔王人偶零式V型","守护的神种"
"2787","魔王人形零式V型","物品","884","魔王核熱結晶","掉落","魔王人偶零式V型","魔王核热结晶"
"2787","魔王人形零式V型","防具","4011","超覇王のタトゥー","掉落","魔王人偶零式V型","超霸王纹身"
"2788","魔王人形零式VI型","物品","921","力の神種","掉落","魔王人偶零式VI型","力量的神种"
"2788","魔王人形零式VI型","物品","884","魔王核熱結晶","掉落","魔王人偶零式VI型","魔王核热结晶"
"2788","魔王人形零式VI型","防具","4021","超魔神の小手","掉落","魔王人偶零式VI型","超魔神护手"
"2789","魔王人形零式VII型","物品","926","器用さの神種","掉落","魔王人偶零式VII型","灵巧的神种"
"2789","魔王人形零式VII型","物品","884","魔王核熱結晶","掉落","魔王人偶零式VII型","魔王核热结晶"
"2789","魔王人形零式VII型","防具","4031","フォースロザリオ","掉落","魔王人偶零式VII型","力量念珠"
"2790","魔王人形零式IX型","物品","925","素早さの神種","掉落","魔王人偶零式IX型","敏捷的神种"
"2790","魔王人形零式IX型","物品","884","魔王核熱結晶","掉落","魔王人偶零式IX型","魔王核热结晶"
"2790","魔王人形零式IX型","防具","4016","グランドリスト","掉落","魔王人偶零式IX型","至尊护腕"
"2791","魔王人形零式X型","物品","923","魔力の神種","掉落","魔王人偶零式X型","魔力的神种"
"2791","魔王人形零式X型","物品","884","魔王核熱結晶","掉落","魔王人偶零式X型","魔王核热结晶"
"2791","魔王人形零式X型","防具","4026","神威のイヤリング","掉落","魔王人偶零式X型","神威耳环"
"2792","魔王人形零式XI＋XII型","物品","919","命の神実","掉落","魔王人偶零式XI+XII型","生命之神果"
"2792","魔王人形零式XI＋XII型","物品","884","魔王核熱結晶","掉落","魔王人偶零式XI+XII型","魔王核热结晶"
"2792","魔王人形零式XI＋XII型","防具","4001","グランドベルト","掉落","魔王人偶零式XI+XII型","大地腰带"
"2793","魔王人形零式XIII型","物品","919","命の神実","掉落","魔王人偶零式XIII型","生命之神果"
"2793","魔王人形零式XIII型","物品","884","魔王核熱結晶","掉落","魔王人偶零式XIII型","魔王核热结晶"
"2793","魔王人形零式XIII型","防具","4041","職神の首飾り","掉落","魔王人偶零式XIII型","职神项链"
"2794","魔王人形零式XIV型","物品","924","精神の神種","掉落","魔王人偶零式XIV型","精神的神种"
"2794","魔王人形零式XIV型","物品","884","魔王核熱結晶","掉落","魔王人偶零式XIV型","魔王核热结晶"
"2794","魔王人形零式XIV型","防具","4006","ミラクルオーブ","掉落","魔王人偶零式XIV型","奇迹宝珠"
"2798","白兎・虚無","物品","930","カオスルビー","掉落","白兔・虚无","混沌红宝石"
"2798","白兎・虚無","物品","878","カオスマター","掉落","白兔・虚无","混沌物质"
"2798","白兎・虚無","物品","4266","銀河耐性の極秘石","掉落","白兔・虚无","银河耐性的极秘石"
"2798","白兎・虚無","物品","9","エリクサー","可偷物品","白兔・虚无","圣灵药"
"2798","白兎・虚無","物品","25","不思議な木の実","可偷物品","白兔・虚无","不可思议之果"
"2798","白兎・虚無","物品","412","うさぎもち","可偷食材","白兔・虚无","兔子年糕"
"2798","白兎・虚無","物品","262","神々しい花びら","可偷素材","白兔・虚无","神圣花瓣"
"2798","白兎・虚無","防具","1974","エルダーサキュバスのパンツ","可偷内裤","白兔・虚无","长老魅魔的内裤"
"2799","白兎・妄無","物品","931","カオスアメジスト","掉落","白兔・妄无","混沌紫水晶"
"2799","白兎・妄無","物品","878","カオスマター","掉落","白兔・妄无","混沌物质"
"2799","白兎・妄無","物品","4176","永劫をまとう者の極秘石","掉落","白兔・妄无","永劫缠身者的极秘石"
"2799","白兎・妄無","物品","9","エリクサー","可偷物品","白兔・妄无","圣灵药"
"2799","白兎・妄無","物品","25","不思議な木の実","可偷物品","白兔・妄无","不可思议之果"
"2799","白兎・妄無","物品","412","うさぎもち","可偷食材","白兔・妄无","兔子年糕"
"2799","白兎・妄無","物品","262","神々しい花びら","可偷素材","白兔・妄无","神圣花瓣"
"2799","白兎・妄無","防具","1974","エルダーサキュバスのパンツ","可偷内裤","白兔・妄无","长老魅魔的内裤"
"2800","白兎・沌無","物品","932","カオストルマリン","掉落","白兔・混沌无","混沌电气石"
"2800","白兎・沌無","物品","878","カオスマター","掉落","白兔・混沌无","混沌物质"
"2800","白兎・沌無","物品","4189","銀河強化の極秘石","掉落","白兔・混沌无","银河强化的极秘石"
"2800","白兎・沌無","物品","9","エリクサー","可偷物品","白兔・混沌无","圣灵药"
"2800","白兎・沌無","物品","25","不思議な木の実","可偷物品","白兔・混沌无","不可思议之果"
"2800","白兎・沌無","物品","412","うさぎもち","可偷食材","白兔・混沌无","兔子年糕"
"2800","白兎・沌無","物品","262","神々しい花びら","可偷素材","白兔・混沌无","神圣花瓣"
"2800","白兎・沌無","防具","1974","エルダーサキュバスのパンツ","可偷内裤","白兔・混沌无","长老魅魔的内裤"
"2801","死神・虚無","物品","933","カオスエメラルド","掉落","死神・虚无","混沌翡翠"
"2801","死神・虚無","物品","878","カオスマター","掉落","死神・虚无","混沌物质"
"2801","死神・虚無","防具","508","黄泉の鎧","掉落","死神・虚无","黄泉之铠"
"2801","死神・虚無","物品","9","エリクサー","可偷物品","死神・虚无","圣灵药"
"2801","死神・虚無","物品","24","命の木の実","可偷物品","死神・虚无","生命之果"
"2801","死神・虚無","物品","444","ドクロ","可偷食材","死神・虚无","骷髅"
"2801","死神・虚無","物品","273","ハインリヒ細胞","可偷素材","死神・虚无","海因里希细胞"
"2801","死神・虚無","防具","1973","八尾のふんどし","可偷内裤","死神・虚无","八尾的兜裆布"
"2802","死神・妄無","物品","934","カオストパーズ","掉落","死神・妄无","混沌黄玉"
"2802","死神・妄無","物品","878","カオスマター","掉落","死神・妄无","混沌物质"
"2802","死神・妄無","防具","728","黄泉の兜","掉落","死神・妄无","黄泉之盔"
"2802","死神・妄無","物品","9","エリクサー","可偷物品","死神・妄无","圣灵药"
"2802","死神・妄無","物品","24","命の木の実","可偷物品","死神・妄无","生命之果"
"2802","死神・妄無","物品","444","ドクロ","可偷食材","死神・妄无","骷髅"
"2802","死神・妄無","物品","273","ハインリヒ細胞","可偷素材","死神・妄无","海因里希细胞"
"2802","死神・妄無","防具","1973","八尾のふんどし","可偷内裤","死神・妄无","八尾的兜裆布"
"2803","死神・沌無","物品","935","カオスサファイア","掉落","死神・混沌无","混沌蓝宝石"
"2803","死神・沌無","物品","878","カオスマター","掉落","死神・混沌无","混沌物质"
"2803","死神・沌無","防具","897","黄泉の盾","掉落","死神・混沌无","黄泉之盾"
"2803","死神・沌無","物品","9","エリクサー","可偷物品","死神・混沌无","圣灵药"
"2803","死神・沌無","物品","24","命の木の実","可偷物品","死神・混沌无","生命之果"
"2803","死神・沌無","物品","444","ドクロ","可偷食材","死神・混沌无","骷髅"
"2803","死神・沌無","物品","273","ハインリヒ細胞","可偷素材","死神・混沌无","海因里希细胞"
"2803","死神・沌無","防具","1973","八尾のふんどし","可偷内裤","死神・混沌无","八尾的兜裆布"
"2804","死兎無夢","物品","94","空の絶秘石","掉落","死兔无梦","空的绝秘石"
"2804","死兎無夢","物品","878","カオスマター","掉落","死兔无梦","混沌物质"
"2804","死兎無夢","物品","3584","チェーン強化の極秘石","掉落","死兔无梦","连锁强化的极秘石"
"2804","死兎無夢","物品","9","エリクサー","可偷物品","死兔无梦","圣灵药"
"2804","死兎無夢","物品","24","命の木の実","可偷物品","死兔无梦","生命之果"
"2804","死兎無夢","物品","444","ドクロ","可偷食材","死兔无梦","骷髅"
"2804","死兎無夢","物品","273","ハインリヒ細胞","可偷素材","死兔无梦","海因里希细胞"
"2804","死兎無夢","防具","1973","八尾のふんどし","可偷内裤","死兔无梦","八尾的兜裆布"
"2805","虚夢のソニア","物品","936","カオスダイヤモンド","掉落","虚梦的索尼娅","混沌钻石"
"2805","虚夢のソニア","物品","878","カオスマター","掉落","虚梦的索尼娅","混沌物质"
"2805","虚夢のソニア","防具","1520","聖なるエンゲージリング","掉落","虚梦的索尼娅","圣订婚戒指"
"2805","虚夢のソニア","物品","9","エリクサー","可偷物品","虚梦的索尼娅","圣灵药"
"2805","虚夢のソニア","物品","24","命の木の実","可偷物品","虚梦的索尼娅","生命之果"
"2805","虚夢のソニア","物品","444","ドクロ","可偷食材","虚梦的索尼娅","骷髅"
"2805","虚夢のソニア","物品","273","ハインリヒ細胞","可偷素材","虚梦的索尼娅","海因里希细胞"
"2805","虚夢のソニア","防具","1973","八尾のふんどし","可偷内裤","虚梦的索尼娅","八尾的兜裆布"
"2806","虚無のソニア","物品","937","カオスクリスタル","掉落","虚无的索尼娅","混沌水晶"
"2806","虚無のソニア","物品","878","カオスマター","掉落","虚无的索尼娅","混沌物质"
"2806","虚無のソニア","物品","2482","無を嫌う者の極秘石","掉落","虚无的索尼娅","厌恶虚无者的极秘石"
"2806","虚無のソニア","物品","9","エリクサー","可偷物品","虚无的索尼娅","圣灵药"
"2806","虚無のソニア","物品","24","命の木の実","可偷物品","虚无的索尼娅","生命之果"
"2806","虚無のソニア","物品","444","ドクロ","可偷食材","虚无的索尼娅","骷髅"
"2806","虚無のソニア","物品","273","ハインリヒ細胞","可偷素材","虚无的索尼娅","海因里希细胞"
"2806","虚無のソニア","防具","1973","八尾のふんどし","可偷内裤","虚无的索尼娅","八尾的兜裆布"
"2807","カオスガーゴイル","物品","458","超絶美酒・夢天","掉落","混沌石像鬼","超绝美酒・梦天"
"2807","カオスガーゴイル","物品","853","メギドの結晶","掉落","混沌石像鬼","米吉多的结晶"
"2807","カオスガーゴイル","物品","2530","即死付加の絶秘石","掉落","混沌石像鬼","即死附加的绝秘石"
"2807","カオスガーゴイル","物品","22","万能薬","可偷物品","混沌石像鬼","万能药"
"2807","カオスガーゴイル","防具","1462","石化の秘印","可偷物品","混沌石像鬼","石化之秘印"
"2807","カオスガーゴイル","物品","385","焼き鳥","可偷食材","混沌石像鬼","烤鸡串"
"2807","カオスガーゴイル","物品","81","輝晶黒闇石","可偷素材","混沌石像鬼","辉晶黑暗石"
"2808","カオスアテナ","物品","906","ファイナルドリンク","掉落","混沌雅典娜","最终饮料"
"2808","カオスアテナ","物品","853","メギドの結晶","掉落","混沌雅典娜","米吉多的结晶"
"2808","カオスアテナ","物品","2114","力の絶秘石","掉落","混沌雅典娜","力量的绝秘石"
"2808","カオスアテナ","物品","6","イリアスの霊薬","可偷物品","混沌雅典娜","伊莉娅丝的灵药"
"2808","カオスアテナ","防具","1172","法王の聖十字","可偷物品","混沌雅典娜","教皇的圣十字"
"2808","カオスアテナ","物品","390","クリームシチュー","可偷食材","混沌雅典娜","奶油炖菜"
"2808","カオスアテナ","物品","252","奇跡の羽根","可偷素材","混沌雅典娜","奇迹的羽毛"
"2809","ヌル・リリス","物品","926","器用さの神種","掉落","虚无莉莉丝","灵巧的神种"
"2809","ヌル・リリス","物品","886","根源の闇","掉落","虚无莉莉丝","根源的黑暗"
"2809","ヌル・リリス","防具","4519","ナイトメアの神書","掉落","虚无莉莉丝","噩梦之神书"
"2809","ヌル・リリス","防具","1887","あげはパンツ","可偷内裤","虚无莉莉丝","凤蝶娘的内裤"
"2811","エルベティエ・カナデ","物品","919","命の神実","掉落","艾露贝提耶・祸抚","生命之神果"
"2811","エルベティエ・カナデ","防具","4558","ナノの秘伝書","掉落","艾露贝提耶・祸抚","纳米之秘传书"
"2811","エルベティエ・カナデ","物品","2103","HPの超秘石","掉落","艾露贝提耶・祸抚","HP的超秘石"
"2812","混沌阿吽","物品","458","超絶美酒・夢天","掉落","混沌阿吽","超绝美酒・梦天"
"2812","混沌阿吽","物品","862","栄光の角","掉落","混沌阿吽","荣耀的角"
"2812","混沌阿吽","防具","4559","ナノの極意書","掉落","混沌阿吽","纳米之极意书"
"2812","混沌阿吽","物品","3","究極薬草","可偷物品","混沌阿吽","究极药草"
"2812","混沌阿吽","防具","1088","吽のハチマキ","可偷物品","混沌阿吽","吽的围巾"
"2812","混沌阿吽","物品","369","特上寿司","可偷食材","混沌阿吽","特上寿司"
"2812","混沌阿吽","物品","53","赤熱紅炎石","可偷素材","混沌阿吽","赤热红炎石"
"2813","メギドヘッド","物品","921","力の神種","掉落","米吉多首","力量的神种"
"2813","メギドヘッド","物品","863","竜神の牙","掉落","米吉多首","龙神的牙齿"
"2813","メギドヘッド","物品","4194","修羅強化の極秘石","掉落","米吉多首","修罗强化的极秘石"
"2813","メギドヘッド","物品","3","究極薬草","可偷物品","米吉多首","究极药草"
"2813","メギドヘッド","防具","1023","ガントレット","可偷物品","米吉多首","金属护手"
"2813","メギドヘッド","物品","330","鳥足","可偷食材","米吉多首","鸟足"
"2813","メギドヘッド","物品","52","紅炎石","可偷素材","米吉多首","红炎石"
"2814","カオスモンストロ","物品","456","究極の牛丼","掉落","混沌巨鲸","究极牛丼"
"2814","カオスモンストロ","物品","848","永遠の鱗","掉落","混沌巨鲸","永恒的鳞片"
"2814","カオスモンストロ","防具","4061","覇拳の数珠","掉落","混沌巨鲸","霸拳念珠"
"2814","カオスモンストロ","物品","9","エリクサー","可偷物品","混沌巨鲸","圣灵药"
"2814","カオスモンストロ","防具","1515","水のリング","可偷物品","混沌巨鲸","水之戒指"
"2814","カオスモンストロ","物品","377","ステーキ","可偷食材","混沌巨鲸","牛排"
"2814","カオスモンストロ","物品","243","禍々しい結晶","可偷素材","混沌巨鲸","不祥的结晶"
"2815","メギドシヴァ","物品","95","空の極秘石","掉落","米吉多湿婆","空的极秘石"
"2815","メギドシヴァ","物品","862","栄光の角","掉落","米吉多湿婆","荣耀的角"
"2815","メギドシヴァ","防具","4447","物理の神書","掉落","米吉多湿婆","物理之神书"
"2815","メギドシヴァ","物品","12","世界樹の葉","可偷物品","米吉多湿婆","世界树之叶"
"2815","メギドシヴァ","防具","1642","バトルマスターの悟り","可偷物品","米吉多湿婆","战斗大师的领悟"
"2815","メギドシヴァ","物品","362","特上おにぎり","可偷食材","米吉多湿婆","特级饭团"
"2815","メギドシヴァ","物品","81","輝晶黒闇石","可偷素材","米吉多湿婆","辉晶黑暗石"
"2815","メギドシヴァ","防具","1967","くのいちエルフのふんどし","可偷内裤","米吉多湿婆","女忍精灵的兜裆布"
"2816","魔導妖魔の虚像","物品","923","魔力の神種","掉落","魔导妖魔的虚像","魔力的神种"
"2816","魔導妖魔の虚像","物品","861","災厄の結晶","掉落","魔导妖魔的虚像","灾厄的结晶"
"2816","魔導妖魔の虚像","武器","4485","ゼウスの雷霆","掉落","魔导妖魔的虚像","宙斯之雷霆"
"2816","魔導妖魔の虚像","防具","1869","ミズタウロスパンツ","可偷内裤","魔导妖魔的虚像","米诺陶洛斯女士内裤"
"2817","メギドネプチューン","物品","454","古代寿司","掉落","米吉多尼普顿","古代寿司"
"2817","メギドネプチューン","物品","881","混沌水銀","掉落","米吉多尼普顿","混沌水银"
"2817","メギドネプチューン","物品","4314","ナノ耐性の極秘石","掉落","米吉多尼普顿","纳米耐性的极秘石"
"2817","メギドネプチューン","物品","9","エリクサー","可偷物品","米吉多尼普顿","圣灵药"
"2817","メギドネプチューン","防具","1515","水のリング","可偷物品","米吉多尼普顿","水之戒指"
"2817","メギドネプチューン","物品","377","ステーキ","可偷食材","米吉多尼普顿","牛排"
"2817","メギドネプチューン","物品","243","禍々しい結晶","可偷素材","米吉多尼普顿","不祥的结晶"
"2818","メギドタオ","物品","112","賢者の石","掉落","米吉多道","贤者之石"
"2818","メギドタオ","物品","867","古神の依代","掉落","米吉多道","古神的依代"
"2818","メギドタオ","武器","4524","ガンマトロン","掉落","米吉多道","伽马托隆"
"2818","メギドタオ","物品","2","高級薬草","可偷物品","米吉多道","高级药草"
"2818","メギドタオ","防具","3","旅人の服","可偷物品","米吉多道","旅行者的服装"
"2818","メギドタオ","物品","432","ほしにく","可偷食材","米吉多道","干肉"
"2818","メギドタオ","物品","186","ゾンビパウダー","可偷素材","米吉多道","僵尸粉"
"2818","メギドタオ","防具","1831","ゾンビ剣士のパンツ","可偷内裤","米吉多道","僵尸剑士的内裤"
"2819","メギドモルボル","物品","95","空の極秘石","掉落","米吉多魔界花","空的极秘石"
"2819","メギドモルボル","物品","867","古神の依代","掉落","米吉多魔界花","古神的依代"
"2819","メギドモルボル","物品","3312","体・魔・技の極秘石","掉落","米吉多魔界花","体・魔・技的极秘石"
"2819","メギドモルボル","物品","22","万能薬","可偷物品","米吉多魔界花","万能药"
"2819","メギドモルボル","防具","1194","吸精の薔薇","可偷物品","米吉多魔界花","吸精玫瑰"
"2819","メギドモルボル","物品","393","グラタン","可偷食材","米吉多魔界花","奶汁烤菜"
"2819","メギドモルボル","物品","232","艶めかしい花びら","可偷素材","米吉多魔界花","艳丽的花瓣"
"2820","虚鳥王","物品","925","素早さの神種","掉落","虚鸟王","敏捷的神种"
"2820","虚鳥王","物品","867","古神の依代","掉落","虚鸟王","古神的依代"
"2820","虚鳥王","物品","3278","回避する者の極秘石","掉落","虚鸟王","回避者的极秘石"
"2820","虚鳥王","物品","3","究極薬草","可偷物品","虚鸟王","究极药草"
"2820","虚鳥王","防具","1254","風の極意書","可偷物品","虚鸟王","风之极意书"
"2820","虚鳥王","物品","383","焼き魚","可偷食材","虚鸟王","烤鱼"
"2820","虚鳥王","物品","227","輝く羽根","可偷素材","虚鸟王","闪耀的羽毛"
"2821","虚蛸王","物品","928","禁職の種","掉落","虚蛸王","禁职之种"
"2821","虚蛸王","物品","882","侵蝕する触手","掉落","虚蛸王","侵蚀的触手"
"2821","虚蛸王","物品","4290","量子耐性の極秘石","掉落","虚蛸王","量子耐性的极秘石"
"2821","虚蛸王","物品","8","バーストドリンク","可偷物品","虚蛸王","爆发饮料"
"2821","虚蛸王","防具","1639","パワーファイターの悟り","可偷物品","虚蛸王","力量战士的领悟"
"2821","虚蛸王","物品","394","スパゲティ","可偷食材","虚蛸王","意大利面"
"2821","虚蛸王","物品","57","凍結蒼氷石","可偷素材","虚蛸王","冻结苍冰石"
"2822","虚蛇王","物品","929","禁種の種","掉落","虚蛇王","禁种之种"
"2822","虚蛇王","物品","869","エキドナの蛇尾","掉落","虚蛇王","厄喀德那的蛇尾"
"2822","虚蛇王","防具","4022","究極の小手","掉落","虚蛇王","究极护手"
"2822","虚蛇王","物品","9","エリクサー","可偷物品","虚蛇王","圣灵药"
"2822","虚蛇王","防具","1675","ラミアの悟り","可偷物品","虚蛇王","拉米亚的领悟"
"2822","虚蛇王","物品","405","肉まん","可偷食材","虚蛇王","肉包"
"2822","虚蛇王","物品","245","覇蛇の蛇尾","可偷素材","虚蛇王","霸蛇的蛇尾"
"2824","沙蛇","武器","4195","メルクリウス","掉落","沙蛇","墨丘利"
"2824","沙蛇","防具","4430","魔王殺しの符","掉落","沙蛇","魔王杀符"
"2824","沙蛇","物品","781","妖魔の禁璧","掉落","沙蛇","妖魔的禁璧"
"2828","虚雷前鬼","物品","905","カオスドリンク","掉落","虚雷前鬼","混沌饮料"
"2828","虚雷前鬼","物品","837","神々しい角","掉落","虚雷前鬼","神圣的角"
"2828","虚雷前鬼","防具","4538","イオンの極意書","掉落","虚雷前鬼","离子之极意书"
"2828","虚雷前鬼","物品","9","エリクサー","可偷物品","虚雷前鬼","圣灵药"
"2828","虚雷前鬼","物品","25","不思議な木の実","可偷物品","虚雷前鬼","不可思议之果"
"2828","虚雷前鬼","物品","412","うさぎもち","可偷食材","虚雷前鬼","兔子年糕"
"2828","虚雷前鬼","物品","262","神々しい花びら","可偷素材","虚雷前鬼","神圣花瓣"
"2828","虚雷前鬼","防具","1974","エルダーサキュバスのパンツ","可偷内裤","虚雷前鬼","长老魅魔的内裤"
"2829","虚毒後鬼","物品","903","カオスの霊薬","掉落","虚毒后鬼","混沌的灵药"
"2829","虚毒後鬼","物品","837","神々しい角","掉落","虚毒后鬼","神圣的角"
"2829","虚毒後鬼","物品","2910","バイオ強化の絶秘石","掉落","虚毒后鬼","生化强化的绝秘石"
"2829","虚毒後鬼","物品","9","エリクサー","可偷物品","虚毒后鬼","圣灵药"
"2829","虚毒後鬼","物品","25","不思議な木の実","可偷物品","虚毒后鬼","不可思议之果"
"2829","虚毒後鬼","物品","412","うさぎもち","可偷食材","虚毒后鬼","兔子年糕"
"2829","虚毒後鬼","物品","262","神々しい花びら","可偷素材","虚毒后鬼","神圣花瓣"
"2829","虚毒後鬼","防具","1974","エルダーサキュバスのパンツ","可偷内裤","虚毒后鬼","长老魅魔的内裤"
"2832","虚無の玉座","物品","78","エンジェルダイヤモンド","掉落","虚无王座","天使钻石"
"2832","虚無の玉座","物品","824","黙示の羽根","掉落","虚无王座","启示的羽毛"
"2832","虚無の玉座","物品","2539","絶頂付加の超秘石","掉落","虚无王座","绝顶附加的超秘石"
"2832","虚無の玉座","物品","3","究極薬草","可偷物品","虚无王座","究极药草"
"2832","虚無の玉座","防具","1483","失禁の秘印","可偷物品","虚无王座","失禁之秘印"
"2832","虚無の玉座","物品","329","肉","可偷食材","虚无王座","肉"
"2832","虚無の玉座","物品","240","イデア細胞","可偷素材","虚无王座","伊迪亚细胞"
"2833","メギドアンデッド","物品","82","サタンクリスタル","掉落","米吉多不死族","撒旦水晶"
"2833","メギドアンデッド","物品","839","冥府の髪","掉落","米吉多不死族","冥府的头发"
"2833","メギドアンデッド","物品","4238","終焉強化の超秘石","掉落","米吉多不死族","终焉强化的超秘石"
"2833","メギドアンデッド","物品","5","エルフの霊薬","可偷物品","米吉多不死族","精灵的灵药"
"2833","メギドアンデッド","防具","1400","屍技の秘伝書","可偷物品","米吉多不死族","尸技之秘传书"
"2833","メギドアンデッド","物品","311","なすび","可偷食材","米吉多不死族","茄子"
"2833","メギドアンデッド","物品","210","妖怪の髪","可偷素材","米吉多不死族","妖怪的头发"
"2833","メギドアンデッド","防具","1922","キューピッドのパンツ","可偷内裤","米吉多不死族","丘比特的内裤"
"2834","イズン","物品","901","混沌薬草","掉落","伊敦","混沌药草"
"2834","イズン","物品","827","深淵の触手","掉落","伊敦","深渊的触手"
"2834","イズン","武器","4694","ヘスティアの包丁","掉落","伊敦","赫斯提亚的菜刀"
"2834","イズン","物品","9","エリクサー","可偷物品","伊敦","圣灵药"
"2834","イズン","物品","25","不思議な木の実","可偷物品","伊敦","不可思议之果"
"2834","イズン","物品","412","うさぎもち","可偷食材","伊敦","兔子年糕"
"2834","イズン","物品","262","神々しい花びら","可偷素材","伊敦","神圣花瓣"
"2834","イズン","防具","1974","エルダーサキュバスのパンツ","可偷内裤","伊敦","长老魅魔的内裤"
"2835","カースエンジェルズ","物品","6","イリアスの霊薬","掉落","诅咒天使","伊莉娅丝的灵药"
"2835","カースエンジェルズ","物品","824","黙示の羽根","掉落","诅咒天使","启示的羽毛"
"2835","カースエンジェルズ","物品","2137","魔法反撃の大秘石","掉落","诅咒天使","魔法反击的大秘石"
"2835","カースエンジェルズ","物品","9","エリクサー","可偷物品","诅咒天使","圣灵药"
"2835","カースエンジェルズ","物品","25","不思議な木の実","可偷物品","诅咒天使","不可思议之果"
"2835","カースエンジェルズ","物品","412","うさぎもち","可偷食材","诅咒天使","兔子年糕"
"2835","カースエンジェルズ","物品","262","神々しい花びら","可偷素材","诅咒天使","神圣花瓣"
"2835","カースエンジェルズ","防具","1974","エルダーサキュバスのパンツ","可偷内裤","诅咒天使","长老魅魔的内裤"
"2836","カースエンジェルズ","物品","78","エンジェルダイヤモンド","掉落","诅咒天使","天使钻石"
"2836","カースエンジェルズ","物品","824","黙示の羽根","掉落","诅咒天使","启示的羽毛"
"2836","カースエンジェルズ","物品","2844","魔力の大秘石","掉落","诅咒天使","魔力的大秘石"
"2836","カースエンジェルズ","物品","9","エリクサー","可偷物品","诅咒天使","圣灵药"
"2836","カースエンジェルズ","物品","25","不思議な木の実","可偷物品","诅咒天使","不可思议之果"
"2836","カースエンジェルズ","物品","412","うさぎもち","可偷食材","诅咒天使","兔子年糕"
"2836","カースエンジェルズ","物品","262","神々しい花びら","可偷素材","诅咒天使","神圣花瓣"
"2836","カースエンジェルズ","防具","1974","エルダーサキュバスのパンツ","可偷内裤","诅咒天使","长老魅魔的内裤"
"2837","カースエンジェルズ","物品","823","きらきらゼリー","掉落","诅咒天使","闪闪发光的果冻"
"2837","カースエンジェルズ","物品","824","黙示の羽根","掉落","诅咒天使","启示的羽毛"
"2837","カースエンジェルズ","物品","3068","精神の大秘石","掉落","诅咒天使","精神的大秘石"
"2837","カースエンジェルズ","物品","9","エリクサー","可偷物品","诅咒天使","圣灵药"
"2837","カースエンジェルズ","物品","25","不思議な木の実","可偷物品","诅咒天使","不可思议之果"
"2837","カースエンジェルズ","物品","412","うさぎもち","可偷食材","诅咒天使","兔子年糕"
"2837","カースエンジェルズ","物品","262","神々しい花びら","可偷素材","诅咒天使","神圣花瓣"
"2837","カースエンジェルズ","防具","1974","エルダーサキュバスのパンツ","可偷内裤","诅咒天使","长老魅魔的内裤"
"2838","アルジェミニ","物品","62","プラズマトルマリン","掉落","阿尔杰米妮","等离子电气石"
"2838","アルジェミニ","物品","825","ダークマター","掉落","阿尔杰米妮","暗物质"
"2838","アルジェミニ","物品","2510","器用さの大秘石","掉落","阿尔杰米妮","灵巧的大秘石"
"2838","アルジェミニ","物品","9","エリクサー","可偷物品","阿尔杰米妮","圣灵药"
"2838","アルジェミニ","防具","1287","剣の極意書","可偷物品","阿尔杰米妮","剑之极意书"
"2838","アルジェミニ","物品","54","サラマンダールビー","可偷素材","阿尔杰米妮","萨拉曼达红宝石"
"2839","エルジェミニ","物品","917","カンフル","掉落","艾尔杰米妮","强心剂"
"2839","エルジェミニ","物品","825","ダークマター","掉落","艾尔杰米妮","暗物质"
"2839","エルジェミニ","物品","2112","力の大秘石","掉落","艾尔杰米妮","力量的大秘石"
"2839","エルジェミニ","物品","9","エリクサー","可偷物品","艾尔杰米妮","圣灵药"
"2839","エルジェミニ","防具","1359","銃の極意書","可偷物品","艾尔杰米妮","铳之极意书"
"2839","エルジェミニ","物品","58","フロストアメジスト","可偷素材","艾尔杰米妮","霜冻紫水晶"
"2840","ネロ","物品","9","エリクサー","掉落","尼禄","圣灵药"
"2840","ネロ","防具","1756","ギガネ","掉落","尼禄","Giga眼镜"
"2840","ネロ","物品","2845","魔力の超秘石","掉落","尼禄","魔力的超秘石"
"2841","ネリス","物品","39","女神の種","掉落","妮莉丝","女神之种"
"2841","ネリス","物品","838","魔王の蛇尾","掉落","妮莉丝","魔王的蛇尾"
"2841","ネリス","物品","2113","力の超秘石","掉落","妮莉丝","力量的超秘石"
"2842","アピロ・ラゴス","物品","412","うさぎもち","掉落","阿皮洛・拉戈斯","兔子年糕"
"2842","アピロ・ラゴス","物品","825","ダークマター","掉落","阿皮洛・拉戈斯","暗物质"
"2842","アピロ・ラゴス","物品","2500","素早さの大秘石","掉落","阿皮洛・拉戈斯","敏捷的大秘石"
"2842","アピロ・ラゴス","物品","9","エリクサー","可偷物品","阿皮洛・拉戈斯","圣灵药"
"2842","アピロ・ラゴス","物品","25","不思議な木の実","可偷物品","阿皮洛・拉戈斯","不可思议之果"
"2842","アピロ・ラゴス","物品","412","うさぎもち","可偷食材","阿皮洛・拉戈斯","兔子年糕"
"2842","アピロ・ラゴス","物品","262","神々しい花びら","可偷素材","阿皮洛・拉戈斯","神圣花瓣"
"2842","アピロ・ラゴス","防具","1974","エルダーサキュバスのパンツ","可偷内裤","阿皮洛・拉戈斯","长老魅魔的内裤"
"2843","シェムハザ","物品","901","混沌薬草","掉落","示米哈扎","混沌药草"
"2843","シェムハザ","物品","825","ダークマター","掉落","示米哈扎","暗物质"
"2843","シェムハザ","武器","4219","カオティック","掉落","示米哈扎","混沌"
"2843","シェムハザ","物品","9","エリクサー","可偷物品","示米哈扎","圣灵药"
"2843","シェムハザ","防具","1263","聖なる極意書","可偷物品","示米哈扎","圣之极意书"
"2843","シェムハザ","物品","277","究極の羽根","可偷素材","示米哈扎","究极之羽"
"2844","アグレイブ","物品","93","空の超秘石","掉落","阿格雷夫","空的超秘石"
"2844","アグレイブ","物品","842","高次半導体","掉落","阿格雷夫","高次半导体"
"2844","アグレイブ","防具","722","超重滅兜","掉落","阿格雷夫","超重灭之盔"
"2844","アグレイブ","物品","9","エリクサー","可偷物品","阿格雷夫","圣灵药"
"2844","アグレイブ","物品","1117","ワームビレッジャのミルク","可偷物品","阿格雷夫","蠕虫村姑的乳汁"
"2844","アグレイブ","物品","62","プラズマトルマリン","可偷素材","阿格雷夫","等离子电气石"
"2845","アドラメレク","物品","54","サラマンダールビー","掉落","阿德拉梅莱克","萨拉曼达红宝石"
"2845","アドラメレク","物品","825","ダークマター","掉落","阿德拉梅莱克","暗物质"
"2845","アドラメレク","物品","2103","HPの超秘石","掉落","阿德拉梅莱克","HP的超秘石"
"2846","エクス・ソニア","物品","924","精神の神種","掉落","艾克斯・索尼娅","精神的神种"
"2846","エクス・ソニア","防具","1263","聖なる極意書","掉落","艾克斯・索尼娅","圣之极意书"
"2846","エクス・ソニア","物品","3069","精神の超秘石","掉落","艾克斯・索尼娅","精神的超秘石"
"2846","エクス・ソニア","防具","1938","ヴィヌムのパンツ","可偷内裤","艾克斯・索尼娅","薇诺姆的内裤"
"2847","アンゴルモア","物品","921","力の神種","掉落","安哥尔摩亚","力量的神种"
"2847","アンゴルモア","防具","1239","物理の極意書","掉落","安哥尔摩亚","物理之极意书"
"2847","アンゴルモア","物品","2404","多武器技使用可能の超秘石","掉落","安哥尔摩亚","多武器技可用的超秘石"
"2847","アンゴルモア","物品","9","エリクサー","可偷物品","安哥尔摩亚","圣灵药"
"2847","アンゴルモア","物品","25","不思議な木の実","可偷物品","安哥尔摩亚","不可思议之果"
"2847","アンゴルモア","物品","412","うさぎもち","可偷食材","安哥尔摩亚","兔子年糕"
"2847","アンゴルモア","物品","262","神々しい花びら","可偷素材","安哥尔摩亚","神圣花瓣"
"2847","アンゴルモア","防具","1974","エルダーサキュバスのパンツ","可偷内裤","安哥尔摩亚","长老魅魔的内裤"
"2848","スターマ","物品","93","空の超秘石","掉落","斯塔玛","空的超秘石"
"2848","スターマ","物品","825","ダークマター","掉落","斯塔玛","暗物质"
"2848","スターマ","防具","633","叛逆天使の墜落","掉落","斯塔玛","叛逆天使的坠落"
"2848","スターマ","物品","3","究極薬草","可偷物品","斯塔玛","究极药草"
"2848","スターマ","物品","77","天空白聖石","可偷物品","斯塔玛","天空白圣石"
"2848","スターマ","物品","329","肉","可偷食材","斯塔玛","肉"
"2848","スターマ","物品","241","天使の羽根","可偷素材","斯塔玛","天使的羽毛"
"2848","スターマ","防具","1933","ギャルのパンツ","可偷内裤","斯塔玛","辣妹的内裤"
"2849","ラジャーラ","物品","70","ノームトパーズ","掉落","拉贾拉","诺姆黄玉"
"2849","ラジャーラ","物品","825","ダークマター","掉落","拉贾拉","暗物质"
"2849","ラジャーラ","防具","722","超重滅兜","掉落","拉贾拉","超重灭之盔"
"2849","ラジャーラ","物品","3","究極薬草","可偷物品","拉贾拉","究极药草"
"2849","ラジャーラ","物品","77","天空白聖石","可偷物品","拉贾拉","天空白圣石"
"2849","ラジャーラ","物品","329","肉","可偷食材","拉贾拉","肉"
"2849","ラジャーラ","物品","241","天使の羽根","可偷素材","拉贾拉","天使的羽毛"
"2849","ラジャーラ","防具","1933","ギャルのパンツ","可偷内裤","拉贾拉","辣妹的内裤"
"2850","アプティルト","物品","82","サタンクリスタル","掉落","阿普蒂尔特","撒旦水晶"
"2850","アプティルト","物品","825","ダークマター","掉落","阿普蒂尔特","暗物质"
"2850","アプティルト","物品","2534","昇天付加の超秘石","掉落","阿普蒂尔特","升天附加的超秘石"
"2850","アプティルト","物品","3","究極薬草","可偷物品","阿普蒂尔特","究极药草"
"2850","アプティルト","物品","77","天空白聖石","可偷物品","阿普蒂尔特","天空白圣石"
"2850","アプティルト","物品","329","肉","可偷食材","阿普蒂尔特","肉"
"2850","アプティルト","物品","241","天使の羽根","可偷素材","阿普蒂尔特","天使的羽毛"
"2850","アプティルト","防具","1933","ギャルのパンツ","可偷内裤","阿普蒂尔特","辣妹的内裤"
"2851","メギドリアード","物品","12","世界樹の葉","掉落","米吉多树精","世界树之叶"
"2851","メギドリアード","物品","831","魔界樹の花びら","掉落","米吉多树精","魔界树的花瓣"
"2851","メギドリアード","物品","3527","植物技使用可能の超秘石","掉落","米吉多树精","可以使用植物技的超秘石"
"2851","メギドリアード","物品","9","エリクサー","可偷物品","米吉多树精","圣灵药"
"2851","メギドリアード","物品","25","不思議な木の実","可偷物品","米吉多树精","不可思议之果"
"2851","メギドリアード","物品","412","うさぎもち","可偷食材","米吉多树精","兔子年糕"
"2851","メギドリアード","物品","262","神々しい花びら","可偷素材","米吉多树精","神圣花瓣"
"2851","メギドリアード","防具","1974","エルダーサキュバスのパンツ","可偷内裤","米吉多树精","长老魅魔的内裤"
"2852","エグセラ","物品","93","空の超秘石","掉落","艾克撒拉","空的超秘石"
"2852","エグセラ","物品","823","きらきらゼリー","掉落","艾克撒拉","闪闪发光的果冻"
"2852","エグセラ","防具","1767","エクスプローダー","掉落","艾克撒拉","爆破者"
"2852","エグセラ","物品","3","究極薬草","可偷物品","艾克撒拉","究极药草"
"2852","エグセラ","物品","77","天空白聖石","可偷物品","艾克撒拉","天空白圣石"
"2852","エグセラ","物品","329","肉","可偷食材","艾克撒拉","肉"
"2852","エグセラ","物品","241","天使の羽根","可偷素材","艾克撒拉","天使的羽毛"
"2852","エグセラ","防具","1933","ギャルのパンツ","可偷内裤","艾克撒拉","辣妹的内裤"
"2853","アプサラス","物品","93","空の超秘石","掉落","阿普萨拉丝","空的超秘石"
"2853","アプサラス","物品","843","終焉の結晶","掉落","阿普萨拉丝","终焉的结晶"
"2853","アプサラス","武器","4844","ユートピア","掉落","阿普萨拉丝","乌托邦"
"2853","アプサラス","物品","9","エリクサー","可偷物品","阿普萨拉丝","圣灵药"
"2853","アプサラス","物品","24","命の木の実","可偷物品","阿普萨拉丝","生命之果"
"2853","アプサラス","物品","444","ドクロ","可偷食材","阿普萨拉丝","骷髅"
"2853","アプサラス","物品","273","ハインリヒ細胞","可偷素材","阿普萨拉丝","海因里希细胞"
"2853","アプサラス","防具","1973","八尾のふんどし","可偷内裤","阿普萨拉丝","八尾的兜裆布"
"2854","アザゼル","物品","923","魔力の神種","掉落","阿撒兹勒","魔力的神种"
"2854","アザゼル","防具","1242","快楽の極意書","掉落","阿撒兹勒","快乐之极意书"
"2854","アザゼル","物品","2845","魔力の超秘石","掉落","阿撒兹勒","魔力的超秘石"
"2854","アザゼル","物品","3","究極薬草","可偷物品","阿撒兹勒","究极药草"
"2854","アザゼル","防具","1301","拳の秘伝書","可偷物品","阿撒兹勒","拳套之秘传书"
"2854","アザゼル","物品","402","ホットドッグ","可偷食材","阿撒兹勒","热狗"
"2854","アザゼル","物品","236","妖力の結晶","可偷素材","阿撒兹勒","妖力的结晶"
"2854","アザゼル","防具","1925","フェルナンデスのパンツ","可偷内裤","阿撒兹勒","费尔南德斯的内裤"
"2855","グリゴリ","物品","843","終焉の結晶","掉落","守望者","终焉的结晶"
"2855","グリゴリ","防具","5129","銀河のペンダント","掉落","守望者","银河之吊坠"
"2855","グリゴリ","物品","3019","サイコ使用可能の超秘石","掉落","守望者","念动可用的超秘石"
"2855","グリゴリ","物品","3","究極薬草","可偷物品","守望者","究极药草"
"2855","グリゴリ","防具","1301","拳の秘伝書","可偷物品","守望者","拳套之秘传书"
"2855","グリゴリ","物品","402","ホットドッグ","可偷食材","守望者","热狗"
"2855","グリゴリ","物品","236","妖力の結晶","可偷素材","守望者","妖力的结晶"
"2855","グリゴリ","防具","1925","フェルナンデスのパンツ","可偷内裤","守望者","费尔南德斯的内裤"
"2856","蛭蟲分裂体","物品","47","神種の種","掉落","蛭虫分裂体","神种之种"
"2856","蛭蟲分裂体","物品","835","超蛭蟲細胞","掉落","蛭虫分裂体","超蛭虫细胞"
"2856","蛭蟲分裂体","防具","1466","消化の真印","掉落","蛭虫分裂体","消化真印"
"2857","クレオ・アドラ","物品","921","力の神種","掉落","克莱奥・阿德拉","力量的神种"
"2857","クレオ・アドラ","防具","4524","核熱の極意書","掉落","克莱奥・阿德拉","核热之极意书"
"2857","クレオ・アドラ","物品","3311","体・魔・技の超秘石","掉落","克莱奥・阿德拉","体・魔・技的超秘石"
"2858","アピロ・ラゴス","物品","412","うさぎもち","掉落","阿皮洛・拉戈斯","兔子年糕"
"2858","アピロ・ラゴス","物品","836","偏在兎","掉落","阿皮洛・拉戈斯","偏在兔"
"2858","アピロ・ラゴス","防具","637","オルギア","掉落","阿皮洛・拉戈斯","奥尔吉亚"
"2858","アピロ・ラゴス","物品","9","エリクサー","可偷物品","阿皮洛・拉戈斯","圣灵药"
"2858","アピロ・ラゴス","物品","25","不思議な木の実","可偷物品","阿皮洛・拉戈斯","不可思议之果"
"2858","アピロ・ラゴス","物品","412","うさぎもち","可偷食材","阿皮洛・拉戈斯","兔子年糕"
"2858","アピロ・ラゴス","物品","262","神々しい花びら","可偷素材","阿皮洛・拉戈斯","神圣花瓣"
"2858","アピロ・ラゴス","防具","1974","エルダーサキュバスのパンツ","可偷内裤","阿皮洛・拉戈斯","长老魅魔的内裤"
"2859","アピロ・ラゴス","物品","43","神職の種","掉落","阿皮洛・拉戈斯","神职之种"
"2859","アピロ・ラゴス","物品","836","偏在兎","掉落","阿皮洛・拉戈斯","偏在兔"
"2859","アピロ・ラゴス","防具","5141","ナイトメアのペンダント","掉落","阿皮洛・拉戈斯","噩梦之吊坠"
"2859","アピロ・ラゴス","物品","9","エリクサー","可偷物品","阿皮洛・拉戈斯","圣灵药"
"2859","アピロ・ラゴス","物品","25","不思議な木の実","可偷物品","阿皮洛・拉戈斯","不可思议之果"
"2859","アピロ・ラゴス","物品","412","うさぎもち","可偷食材","阿皮洛・拉戈斯","兔子年糕"
"2859","アピロ・ラゴス","物品","262","神々しい花びら","可偷素材","阿皮洛・拉戈斯","神圣花瓣"
"2859","アピロ・ラゴス","防具","1974","エルダーサキュバスのパンツ","可偷内裤","阿皮洛・拉戈斯","长老魅魔的内裤"
"2860","マガツオオミカミ","物品","9","エリクサー","可偷物品","祸津大御神","圣灵药"
"2860","マガツオオミカミ","物品","25","不思議な木の実","可偷物品","祸津大御神","不可思议之果"
"2860","マガツオオミカミ","物品","412","うさぎもち","可偷食材","祸津大御神","兔子年糕"
"2860","マガツオオミカミ","物品","262","神々しい花びら","可偷素材","祸津大御神","神圣花瓣"
"2860","マガツオオミカミ","防具","1974","エルダーサキュバスのパンツ","可偷内裤","祸津大御神","长老魅魔的内裤"
"2861","マガツオオミカミ","防具","4530","量子の秘伝書","掉落","祸津大御神","量子之秘传书"
"2861","マガツオオミカミ","物品","2980","陰陽術使用可能の超秘石","掉落","祸津大御神","可以使用阴阳术的超秘石"
"2861","マガツオオミカミ","武器","4246","天沼矛","掉落","祸津大御神","天沼矛"
"2861","マガツオオミカミ","物品","9","エリクサー","可偷物品","祸津大御神","圣灵药"
"2861","マガツオオミカミ","物品","25","不思議な木の実","可偷物品","祸津大御神","不可思议之果"
"2861","マガツオオミカミ","物品","412","うさぎもち","可偷食材","祸津大御神","兔子年糕"
"2861","マガツオオミカミ","物品","262","神々しい花びら","可偷素材","祸津大御神","神圣花瓣"
"2861","マガツオオミカミ","防具","1974","エルダーサキュバスのパンツ","可偷内裤","祸津大御神","长老魅魔的内裤"
"2862","ゾルオクト","物品","93","空の超秘石","掉落","佐尔奥克托","空的超秘石"
"2862","ゾルオクト","物品","842","高次半導体","掉落","佐尔奥克托","高次半导体"
"2862","ゾルオクト","防具","695","オートフォース","掉落","佐尔奥克托","自动力量"
"2862","ゾルオクト","物品","3","究極薬草","可偷物品","佐尔奥克托","究极药草"
"2862","ゾルオクト","物品","28","魔力の種","可偷物品","佐尔奥克托","魔力之种"
"2862","ゾルオクト","物品","253","カオストロン","可偷素材","佐尔奥克托","混沌之核"
"2863","ティアマト","物品","93","空の超秘石","掉落","提亚玛特","空的超秘石"
"2863","ティアマト","物品","842","高次半導体","掉落","提亚玛特","高次半导体"
"2863","ティアマト","防具","1766","回転ネビュラ","掉落","提亚玛特","旋转星云"
"2863","ティアマト","物品","9","エリクサー","可偷物品","提亚玛特","圣灵药"
"2863","ティアマト","防具","1040","星降る腕輪","可偷物品","提亚玛特","星降手镯"
"2863","ティアマト","物品","363","カレーライス","可偷食材","提亚玛特","咖喱饭"
"2863","ティアマト","物品","244","覇獣の爪","可偷素材","提亚玛特","霸兽的爪子"
"2864","シンギュラリティ","物品","926","器用さの神種","掉落","奇点","灵巧的神种"
"2864","シンギュラリティ","物品","4404","シンギュラリティの極秘石","掉落","奇点","奇点的极秘石"
"2864","シンギュラリティ","物品","804","ロイドの禁璧","掉落","奇点","机器人的禁璧"
"2865","奉仕種族","物品","74","ウンディーネサファイア","掉落","仆从种族","温蒂妮蓝宝石"
"2865","奉仕種族","物品","870","名状しがたき触手","掉落","仆从种族","难以名状的触手"
"2865","奉仕種族","物品","3281","反射する者の超秘石","掉落","仆从种族","反射者的超秘石"
"2866","落とし子","物品","47","神種の種","掉落","眷族","神种之种"
"2866","落とし子","物品","870","名状しがたき触手","掉落","眷族","难以名状的触手"
"2866","落とし子","防具","5178","ナノのアミュレット","掉落","眷族","纳米之护符"
"2866","落とし子","物品","9","エリクサー","可偷物品","眷族","圣灵药"
"2866","落とし子","物品","25","不思議な木の実","可偷物品","眷族","不可思议之果"
"2866","落とし子","物品","412","うさぎもち","可偷食材","眷族","兔子年糕"
"2866","落とし子","物品","262","神々しい花びら","可偷素材","眷族","神圣花瓣"
"2866","落とし子","防具","1974","エルダーサキュバスのパンツ","可偷内裤","眷族","长老魅魔的内裤"
"2867","シスエル","物品","936","カオスダイヤモンド","掉落","希斯艾尔","混沌钻石"
"2867","シスエル","物品","846","神威の羽根","掉落","希斯艾尔","神威的羽毛"
"2867","シスエル","物品","3179","聖耐性の超秘石","掉落","希斯艾尔","圣耐性的超秘石"
"2867","シスエル","物品","9","エリクサー","可偷物品","希斯艾尔","圣灵药"
"2867","シスエル","物品","25","不思議な木の実","可偷物品","希斯艾尔","不可思议之果"
"2867","シスエル","物品","412","うさぎもち","可偷食材","希斯艾尔","兔子年糕"
"2867","シスエル","物品","262","神々しい花びら","可偷素材","希斯艾尔","神圣花瓣"
"2867","シスエル","防具","1974","エルダーサキュバスのパンツ","可偷内裤","希斯艾尔","长老魅魔的内裤"
"2868","エクスキュウビ","物品","934","カオストパーズ","掉落","极・九尾","混沌黄玉"
"2868","エクスキュウビ","物品","826","白面のしっぽ","掉落","极・九尾","白面的尾巴"
"2868","エクスキュウビ","防具","5171","テラのペンダント","掉落","极・九尾","大地之吊坠"
"2869","フレール","物品","935","カオスサファイア","掉落","弗莱尔","混沌蓝宝石"
"2869","フレール","物品","840","超無限細胞","掉落","弗莱尔","超无限细胞"
"2869","フレール","防具","5177","ナノのペンダント","掉落","弗莱尔","纳米之吊坠"
"2869","フレール","物品","3","究極薬草","可偷物品","弗莱尔","究极药草"
"2869","フレール","物品","77","天空白聖石","可偷物品","弗莱尔","天空白圣石"
"2869","フレール","物品","329","肉","可偷食材","弗莱尔","肉"
"2869","フレール","物品","241","天使の羽根","可偷素材","弗莱尔","天使的羽毛"
"2869","フレール","防具","1933","ギャルのパンツ","可偷内裤","弗莱尔","辣妹的内裤"
"2870","ブラッディドラゴン","物品","930","カオスルビー","掉落","血龙","混沌红宝石"
"2870","ブラッディドラゴン","物品","843","終焉の結晶","掉落","血龙","终焉的结晶"
"2870","ブラッディドラゴン","防具","5147","核熱のペンダント","掉落","血龙","核热之吊坠"
"2870","ブラッディドラゴン","物品","9","エリクサー","可偷物品","血龙","圣灵药"
"2870","ブラッディドラゴン","物品","25","不思議な木の実","可偷物品","血龙","不可思议之果"
"2870","ブラッディドラゴン","物品","412","うさぎもち","可偷食材","血龙","兔子年糕"
"2870","ブラッディドラゴン","物品","262","神々しい花びら","可偷素材","血龙","神圣花瓣"
"2870","ブラッディドラゴン","防具","1974","エルダーサキュバスのパンツ","可偷内裤","血龙","长老魅魔的内裤"
"2871","アプティルト","物品","937","カオスクリスタル","掉落","阿普蒂尔特","混沌水晶"
"2871","アプティルト","物品","852","ゼロマター","掉落","阿普蒂尔特","零物质"
"2871","アプティルト","防具","5189","終焉のペンダント","掉落","阿普蒂尔特","终焉之吊坠"
"2871","アプティルト","物品","3","究極薬草","可偷物品","阿普蒂尔特","究极药草"
"2871","アプティルト","物品","77","天空白聖石","可偷物品","阿普蒂尔特","天空白圣石"
"2871","アプティルト","物品","329","肉","可偷食材","阿普蒂尔特","肉"
"2871","アプティルト","物品","241","天使の羽根","可偷素材","阿普蒂尔特","天使的羽毛"
"2871","アプティルト","防具","1933","ギャルのパンツ","可偷内裤","阿普蒂尔特","辣妹的内裤"
"2872","アムナリオ","物品","93","空の超秘石","掉落","阿姆纳里奥","空的超秘石"
"2872","アムナリオ","物品","852","ゼロマター","掉落","阿姆纳里奥","零物质"
"2872","アムナリオ","防具","767","断罪のサークレット","掉落","阿姆纳里奥","断罪头环"
"2872","アムナリオ","物品","3","究極薬草","可偷物品","阿姆纳里奥","究极药草"
"2872","アムナリオ","物品","77","天空白聖石","可偷物品","阿姆纳里奥","天空白圣石"
"2872","アムナリオ","物品","329","肉","可偷食材","阿姆纳里奥","肉"
"2872","アムナリオ","物品","241","天使の羽根","可偷素材","阿姆纳里奥","天使的羽毛"
"2872","アムナリオ","防具","1933","ギャルのパンツ","可偷内裤","阿姆纳里奥","辣妹的内裤"
"2873","サマエル","物品","926","器用さの神種","掉落","萨麦尔","灵巧的神种"
"2873","サマエル","物品","856","不滅の黒片","掉落","萨麦尔","不灭的黑片"
"2873","サマエル","物品","2403","銃技使用可能の超秘石","掉落","萨麦尔","铳技可用的超秘石"
"2873","サマエル","物品","3","究極薬草","可偷物品","萨麦尔","究极药草"
"2873","サマエル","防具","1641","ガンナーの悟り","可偷物品","萨麦尔","铳手的领悟"
"2873","サマエル","物品","424","アイスクリーム","可偷食材","萨麦尔","冰淇淋"
"2873","サマエル","物品","243","禍々しい結晶","可偷素材","萨麦尔","不祥的结晶"
"2874","シャドウアサシン","物品","93","空の超秘石","掉落","影之刺客","空的超秘石"
"2874","シャドウアサシン","物品","843","終焉の結晶","掉落","影之刺客","终焉的结晶"
"2874","シャドウアサシン","武器","4170","斬釘截鉄","掉落","影之刺客","斩钉截铁"
"2874","シャドウアサシン","物品","9","エリクサー","可偷物品","影之刺客","圣灵药"
"2874","シャドウアサシン","物品","25","不思議な木の実","可偷物品","影之刺客","不可思议之果"
"2874","シャドウアサシン","物品","412","うさぎもち","可偷食材","影之刺客","兔子年糕"
"2874","シャドウアサシン","物品","262","神々しい花びら","可偷素材","影之刺客","神圣花瓣"
"2874","シャドウアサシン","防具","1974","エルダーサキュバスのパンツ","可偷内裤","影之刺客","长老魅魔的内裤"
"2875","正体不明","物品","902","最終薬草","掉落","身份不明","最终药草"
"2875","正体不明","物品","847","アンノウンセル","掉落","身份不明","未知之卵"
"2875","正体不明","物品","2103","HPの超秘石","掉落","身份不明","HP的超秘石"
"2875","正体不明","物品","9","エリクサー","可偷物品","身份不明","圣灵药"
"2875","正体不明","物品","25","不思議な木の実","可偷物品","身份不明","不可思议之果"
"2875","正体不明","物品","412","うさぎもち","可偷食材","身份不明","兔子年糕"
"2875","正体不明","物品","262","神々しい花びら","可偷素材","身份不明","神圣花瓣"
"2875","正体不明","防具","1974","エルダーサキュバスのパンツ","可偷内裤","身份不明","长老魅魔的内裤"
"2876","正体不明","物品","827","深淵の触手","掉落","身份不明","深渊的触手"
"2876","正体不明","物品","847","アンノウンセル","掉落","身份不明","未知之卵"
"2876","正体不明","物品","2511","器用さの超秘石","掉落","身份不明","灵巧的超秘石"
"2876","正体不明","物品","9","エリクサー","可偷物品","身份不明","圣灵药"
"2876","正体不明","物品","25","不思議な木の実","可偷物品","身份不明","不可思议之果"
"2876","正体不明","物品","412","うさぎもち","可偷食材","身份不明","兔子年糕"
"2876","正体不明","物品","262","神々しい花びら","可偷素材","身份不明","神圣花瓣"
"2876","正体不明","防具","1974","エルダーサキュバスのパンツ","可偷内裤","身份不明","长老魅魔的内裤"
"2877","正体不明","物品","905","カオスドリンク","掉落","身份不明","混沌饮料"
"2877","正体不明","物品","847","アンノウンセル","掉落","身份不明","未知之卵"
"2877","正体不明","物品","2113","力の超秘石","掉落","身份不明","力量的超秘石"
"2877","正体不明","物品","9","エリクサー","可偷物品","身份不明","圣灵药"
"2877","正体不明","物品","25","不思議な木の実","可偷物品","身份不明","不可思议之果"
"2877","正体不明","物品","412","うさぎもち","可偷食材","身份不明","兔子年糕"
"2877","正体不明","物品","262","神々しい花びら","可偷素材","身份不明","神圣花瓣"
"2877","正体不明","防具","1974","エルダーサキュバスのパンツ","可偷内裤","身份不明","长老魅魔的内裤"
"2878","正体不明","物品","12","世界樹の葉","掉落","身份不明","世界树之叶"
"2878","正体不明","物品","847","アンノウンセル","掉落","身份不明","未知之卵"
"2878","正体不明","物品","2835","MPの超秘石","掉落","身份不明","MP的超秘石"
"2878","正体不明","物品","9","エリクサー","可偷物品","身份不明","圣灵药"
"2878","正体不明","物品","25","不思議な木の実","可偷物品","身份不明","不可思议之果"
"2878","正体不明","物品","412","うさぎもち","可偷食材","身份不明","兔子年糕"
"2878","正体不明","物品","262","神々しい花びら","可偷素材","身份不明","神圣花瓣"
"2878","正体不明","防具","1974","エルダーサキュバスのパンツ","可偷内裤","身份不明","长老魅魔的内裤"
"2879","正体不明","物品","919","命の神実","掉落","身份不明","生命之神果"
"2879","正体不明","防具","4994","巨技の極意書","掉落","身份不明","巨技之极意书"
"2879","正体不明","物品","3376","気力充填の超秘石","掉落","身份不明","气力充填的超秘石"
"2879","正体不明","物品","9","エリクサー","可偷物品","身份不明","圣灵药"
"2879","正体不明","物品","25","不思議な木の実","可偷物品","身份不明","不可思议之果"
"2879","正体不明","物品","412","うさぎもち","可偷食材","身份不明","兔子年糕"
"2879","正体不明","物品","262","神々しい花びら","可偷素材","身份不明","神圣花瓣"
"2879","正体不明","防具","1974","エルダーサキュバスのパンツ","可偷内裤","身份不明","长老魅魔的内裤"
"2880","強欲の残影","物品","930","カオスルビー","掉落","贪婪的残影","混沌红宝石"
"2880","強欲の残影","物品","833","竜王の牙","掉落","贪婪的残影","龙王的牙齿"
"2880","強欲の残影","武器","4722","七つの大罪・強欲","掉落","贪婪的残影","七宗罪・贪婪"
"2880","強欲の残影","防具","1808","ミニ竜の腰布","可偷内裤","贪婪的残影","小龙腰布"
"2881","バンシィ","物品","903","カオスの霊薬","掉落","报丧女妖","混沌的灵药"
"2881","バンシィ","物品","848","永遠の鱗","掉落","报丧女妖","永恒的鳞片"
"2881","バンシィ","物品","2594","ストップ付加の超秘石","掉落","报丧女妖","停止附加的超秘石"
"2881","バンシィ","物品","9","エリクサー","可偷物品","报丧女妖","圣灵药"
"2881","バンシィ","物品","25","不思議な木の実","可偷物品","报丧女妖","不可思议之果"
"2881","バンシィ","物品","412","うさぎもち","可偷食材","报丧女妖","兔子年糕"
"2881","バンシィ","物品","262","神々しい花びら","可偷素材","报丧女妖","神圣花瓣"
"2881","バンシィ","防具","1974","エルダーサキュバスのパンツ","可偷内裤","报丧女妖","长老魅魔的内裤"
"2882","ボアバンシィ","物品","93","空の超秘石","掉落","嗜吞报丧女妖","空的超秘石"
"2882","ボアバンシィ","物品","848","永遠の鱗","掉落","嗜吞报丧女妖","永恒的鳞片"
"2882","ボアバンシィ","物品","4228","ナノ強化の超秘石","掉落","嗜吞报丧女妖","纳米强化的超秘石"
"2882","ボアバンシィ","物品","9","エリクサー","可偷物品","嗜吞报丧女妖","圣灵药"
"2882","ボアバンシィ","物品","25","不思議な木の実","可偷物品","嗜吞报丧女妖","不可思议之果"
"2882","ボアバンシィ","物品","412","うさぎもち","可偷食材","嗜吞报丧女妖","兔子年糕"
"2882","ボアバンシィ","物品","262","神々しい花びら","可偷素材","嗜吞报丧女妖","神圣花瓣"
"2882","ボアバンシィ","防具","1974","エルダーサキュバスのパンツ","可偷内裤","嗜吞报丧女妖","长老魅魔的内裤"
"2883","ワールドドロウン","物品","848","永遠の鱗","掉落","世界沉没者","永恒的鳞片"
"2883","ワールドドロウン","物品","4407","ワールドドロウンの極秘石","掉落","世界沉没者","世界沉没者的极秘石"
"2883","ワールドドロウン","物品","785","マーメイドの禁璧","掉落","世界沉没者","人鱼的禁璧"
"2883","ワールドドロウン","物品","9","エリクサー","可偷物品","世界沉没者","圣灵药"
"2883","ワールドドロウン","物品","25","不思議な木の実","可偷物品","世界沉没者","不可思议之果"
"2883","ワールドドロウン","物品","412","うさぎもち","可偷食材","世界沉没者","兔子年糕"
"2883","ワールドドロウン","物品","262","神々しい花びら","可偷素材","世界沉没者","神圣花瓣"
"2883","ワールドドロウン","防具","1974","エルダーサキュバスのパンツ","可偷内裤","世界沉没者","长老魅魔的内裤"
"2884","パズズ","物品","925","素早さの神種","掉落","帕祖祖","敏捷的神种"
"2884","パズズ","物品","852","ゼロマター","掉落","帕祖祖","零物质"
"2884","パズズ","武器","4201","シルバーローズ","掉落","帕祖祖","银蔷薇"
"2884","パズズ","物品","9","エリクサー","可偷物品","帕祖祖","圣灵药"
"2884","パズズ","物品","25","不思議な木の実","可偷物品","帕祖祖","不可思议之果"
"2884","パズズ","物品","412","うさぎもち","可偷食材","帕祖祖","兔子年糕"
"2884","パズズ","物品","262","神々しい花びら","可偷素材","帕祖祖","神圣花瓣"
"2884","パズズ","防具","1974","エルダーサキュバスのパンツ","可偷内裤","帕祖祖","长老魅魔的内裤"
"2885","マステマ","物品","93","空の超秘石","掉落","莫斯提马","空的超秘石"
"2885","マステマ","物品","822","神様のどんぐり","掉落","莫斯提马","神大人的橡果"
"2885","マステマ","防具","802","緑皇の冠","掉落","莫斯提马","绿皇之冠"
"2885","マステマ","物品","9","エリクサー","可偷物品","莫斯提马","圣灵药"
"2885","マステマ","物品","25","不思議な木の実","可偷物品","莫斯提马","不可思议之果"
"2885","マステマ","物品","412","うさぎもち","可偷食材","莫斯提马","兔子年糕"
"2885","マステマ","物品","262","神々しい花びら","可偷素材","莫斯提马","神圣花瓣"
"2885","マステマ","防具","1974","エルダーサキュバスのパンツ","可偷内裤","莫斯提马","长老魅魔的内裤"
"2886","コスモス","防具","5166","ハドロンのアミュレット","掉落","宇宙神蝶","强子之护符"
"2886","コスモス","物品","4410","コスモスの極秘石","掉落","宇宙神蝶","宇宙神蝶的极秘石"
"2886","コスモス","物品","787","フェアリーの禁璧","掉落","宇宙神蝶","妖精的禁璧"
"2886","コスモス","物品","3","究極薬草","可偷物品","宇宙神蝶","究极药草"
"2886","コスモス","防具","1269","音波の極意書","可偷物品","宇宙神蝶","音波之极意书"
"2886","コスモス","物品","356","サーモンベーグルサンド","可偷食材","宇宙神蝶","鲑鱼贝果三明治"
"2886","コスモス","物品","246","覇虫の針","可偷素材","宇宙神蝶","霸虫的针"
"2887","ノーライフキング","物品","8","バーストドリンク","可偷物品","无生之王","爆发饮料"
"2887","ノーライフキング","防具","1245","炎の極意書","可偷物品","无生之王","炎之极意书"
"2887","ノーライフキング","物品","377","ステーキ","可偷食材","无生之王","牛排"
"2887","ノーライフキング","物品","247","覇竜の牙","可偷素材","无生之王","霸龙的牙齿"
"2888","アメノハヅチ","物品","93","空の超秘石","掉落","天羽槌","空的超秘石"
"2888","アメノハヅチ","物品","852","ゼロマター","掉落","天羽槌","零物质"
"2888","アメノハヅチ","武器","4246","天沼矛","掉落","天羽槌","天沼矛"
"2888","アメノハヅチ","物品","8","バーストドリンク","可偷物品","天羽槌","爆发饮料"
"2888","アメノハヅチ","防具","1020","ギガントリスト","可偷物品","天羽槌","巨人护腕"
"2888","アメノハヅチ","物品","371","牛丼","可偷食材","天羽槌","牛丼"
"2888","アメノハヅチ","物品","251","妖艶なる尻尾","可偷素材","天羽槌","妖艳的尾巴"
"2889","八尺様","物品","902","最終薬草","掉落","八尺大人","最终药草"
"2889","八尺様","物品","849","悪夢の胞子","掉落","八尺大人","恶梦的孢子"
"2889","八尺様","武器","4569","万年樹鞭","掉落","八尺大人","万年树鞭"
"2889","八尺様","物品","9","エリクサー","可偷物品","八尺大人","圣灵药"
"2889","八尺様","物品","25","不思議な木の実","可偷物品","八尺大人","不可思议之果"
"2889","八尺様","物品","412","うさぎもち","可偷食材","八尺大人","兔子年糕"
"2889","八尺様","物品","262","神々しい花びら","可偷素材","八尺大人","神圣花瓣"
"2889","八尺様","防具","1974","エルダーサキュバスのパンツ","可偷内裤","八尺大人","长老魅魔的内裤"
"2890","ニフタ・テロス","物品","112","賢者の石","掉落","尼菲特・泰罗斯","贤者之石"
"2890","ニフタ・テロス","防具","4573","終焉の極意書","掉落","尼菲特・泰罗斯","终焉之极意书"
"2890","ニフタ・テロス","物品","2900","闇強化の絶秘石","掉落","尼菲特・泰罗斯","暗强化的绝秘石"
"2890","ニフタ・テロス","物品","9","エリクサー","可偷物品","尼菲特・泰罗斯","圣灵药"
"2890","ニフタ・テロス","物品","24","命の木の実","可偷物品","尼菲特・泰罗斯","生命之果"
"2890","ニフタ・テロス","物品","444","ドクロ","可偷食材","尼菲特・泰罗斯","骷髅"
"2890","ニフタ・テロス","物品","273","ハインリヒ細胞","可偷素材","尼菲特・泰罗斯","海因里希细胞"
"2890","ニフタ・テロス","防具","1973","八尾のふんどし","可偷内裤","尼菲特・泰罗斯","八尾的兜裆布"
"2891","ノーライフキング","防具","771","ノーライフキング","掉落","无生之王","无生之王"
"2891","ノーライフキング","物品","4413","ノーライフキングの極秘石","掉落","无生之王","无生之王的极秘石"
"2891","ノーライフキング","物品","799","ゾンビの禁璧","掉落","无生之王","僵尸的禁璧"
"2891","ノーライフキング","物品","8","バーストドリンク","可偷物品","无生之王","爆发饮料"
"2891","ノーライフキング","防具","1245","炎の極意書","可偷物品","无生之王","炎之极意书"
"2891","ノーライフキング","物品","377","ステーキ","可偷食材","无生之王","牛排"
"2891","ノーライフキング","物品","247","覇竜の牙","可偷素材","无生之王","霸龙的牙齿"
"2892","アンゴルモア","防具","856","アンゴルモア","掉落","安哥尔摩亚","安哥尔摩亚"
"2892","アンゴルモア","物品","4398","アンゴルモアの極秘石","掉落","安哥尔摩亚","安哥尔摩亚的极秘石"
"2892","アンゴルモア","物品","786","エルフの禁璧","掉落","安哥尔摩亚","精灵的禁璧"
"2892","アンゴルモア","物品","9","エリクサー","可偷物品","安哥尔摩亚","圣灵药"
"2892","アンゴルモア","物品","25","不思議な木の実","可偷物品","安哥尔摩亚","不可思议之果"
"2892","アンゴルモア","物品","412","うさぎもち","可偷食材","安哥尔摩亚","兔子年糕"
"2892","アンゴルモア","物品","262","神々しい花びら","可偷素材","安哥尔摩亚","神圣花瓣"
"2892","アンゴルモア","防具","1974","エルダーサキュバスのパンツ","可偷内裤","安哥尔摩亚","长老魅魔的内裤"
"2893","マガツオオミカミ","武器","4296","フツノミタマ","掉落","祸津大御神","普通之魂"
"2893","マガツオオミカミ","物品","4401","マガツオオミカミの極秘石","掉落","祸津大御神","祸津大御神的极秘石"
"2893","マガツオオミカミ","物品","782","亜人の禁璧","掉落","祸津大御神","亚人的禁璧"
"2893","マガツオオミカミ","物品","9","エリクサー","可偷物品","祸津大御神","圣灵药"
"2893","マガツオオミカミ","物品","25","不思議な木の実","可偷物品","祸津大御神","不可思议之果"
"2893","マガツオオミカミ","物品","412","うさぎもち","可偷食材","祸津大御神","兔子年糕"
"2893","マガツオオミカミ","物品","262","神々しい花びら","可偷素材","祸津大御神","神圣花瓣"
"2893","マガツオオミカミ","防具","1974","エルダーサキュバスのパンツ","可偷内裤","祸津大御神","长老魅魔的内裤"
"2894","アリスフィーズ3世","物品","10","ラストエリクサー","掉落","爱丽丝菲兹3世","最终圣灵药"
"2894","アリスフィーズ3世","物品","886","根源の闇","掉落","爱丽丝菲兹3世","根源的黑暗"
"2894","アリスフィーズ3世","物品","3630","風に親しむ者の極秘石","掉落","爱丽丝菲兹3世","风之亲和者的极秘石"
"2895","アリスフィーズ4世","物品","913","賢者の秘薬","掉落","爱丽丝菲兹4世","贤者的秘药"
"2895","アリスフィーズ4世","物品","843","終焉の結晶","掉落","爱丽丝菲兹4世","终焉的结晶"
"2895","アリスフィーズ4世","防具","4502","銀河の秘伝書","掉落","爱丽丝菲兹4世","银河之秘传书"
"2896","アリスフィーズ5世","物品","930","カオスルビー","掉落","爱丽丝菲兹5世","混沌红宝石"
"2896","アリスフィーズ5世","物品","884","魔王核熱結晶","掉落","爱丽丝菲兹5世","魔王核热结晶"
"2896","アリスフィーズ5世","防具","4104","滅鏡","掉落","爱丽丝菲兹5世","灭镜"
"2897","アリスフィーズ6世","物品","906","ファイナルドリンク","掉落","爱丽丝菲兹6世","最终饮料"
"2897","アリスフィーズ6世","物品","853","メギドの結晶","掉落","爱丽丝菲兹6世","米吉多的结晶"
"2897","アリスフィーズ6世","物品","4054","ドラゴンのための絶秘石","掉落","爱丽丝菲兹6世","龙的绝秘石"
"2898","アリスフィーズ7世","物品","904","最後の霊薬","掉落","爱丽丝菲兹7世","最终之灵药"
"2898","アリスフィーズ7世","物品","884","魔王核熱結晶","掉落","爱丽丝菲兹7世","魔王核热结晶"
"2898","アリスフィーズ7世","物品","3486","植物技の絶秘石","掉落","爱丽丝菲兹7世","植物技的绝秘石"
"2899","アリスフィーズ9世","物品","42","超職の種","掉落","爱丽丝菲兹9世","超职之种"
"2899","アリスフィーズ9世","物品","886","根源の闇","掉落","爱丽丝菲兹9世","根源的黑暗"
"2899","アリスフィーズ9世","物品","3650","闇に親しむ者の極秘石","掉落","爱丽丝菲兹9世","暗之亲和者的极秘石"
"2900","アリスフィーズ10世","物品","112","賢者の石","掉落","爱丽丝菲兹10世","贤者之石"
"2900","アリスフィーズ10世","物品","853","メギドの結晶","掉落","爱丽丝菲兹10世","米吉多的结晶"
"2900","アリスフィーズ10世","物品","3491","屍技の絶秘石","掉落","爱丽丝菲兹10世","尸技的绝秘石"
"2901","アリスフィーズ11世","物品","933","カオスエメラルド","掉落","爱丽丝菲兹11世","混沌翡翠"
"2901","アリスフィーズ11世","物品","848","永遠の鱗","掉落","爱丽丝菲兹11世","永恒的鳞片"
"2901","アリスフィーズ11世","物品","3451","海技の絶秘石","掉落","爱丽丝菲兹11世","海技的绝秘石"
"2902","アリスフィーズ12世","物品","925","素早さの神種","掉落","爱丽丝菲兹12世","敏捷的神种"
"2902","アリスフィーズ12世","物品","845","神獣の爪","掉落","爱丽丝菲兹12世","神兽的爪"
"2902","アリスフィーズ12世","物品","4024","魔獣のための絶秘石","掉落","爱丽丝菲兹12世","魔兽的绝秘石"
"2903","アリスフィーズ13世","物品","919","命の神実","掉落","爱丽丝菲兹13世","生命之神果"
"2903","アリスフィーズ13世","物品","845","神獣の爪","掉落","爱丽丝菲兹13世","神兽的爪"
"2903","アリスフィーズ13世","物品","3423","森強化の絶秘石","掉落","爱丽丝菲兹13世","森林强化的绝秘石"
"2904","アリスフィーズ14世","物品","914","女神の秘薬","掉落","爱丽丝菲兹14世","女神的秘药"
"2904","アリスフィーズ14世","物品","884","魔王核熱結晶","掉落","爱丽丝菲兹14世","魔王核热结晶"
"2904","アリスフィーズ14世","防具","1412","魔王の証","掉落","爱丽丝菲兹14世","魔王的证明"
"2905","禍撫分裂体","物品","423","プリン","掉落","祸抚分裂体","布丁"
"2905","禍撫分裂体","物品","823","きらきらゼリー","掉落","祸抚分裂体","闪闪发光的果冻"
"2905","禍撫分裂体","武器","4622","アーネンエルベ","掉落","祸抚分裂体","阿伦艾尔贝"
"2906","蛭蟲分裂体","物品","47","神種の種","掉落","蛭虫分裂体","神种之种"
"2906","蛭蟲分裂体","物品","835","超蛭蟲細胞","掉落","蛭虫分裂体","超蛭虫细胞"
"2906","蛭蟲分裂体","武器","4515","アポクリファ","掉落","蛭虫分裂体","伪典"
"2907","ゲシュタルト","物品","93","空の超秘石","掉落","格式塔","空的超秘石"
"2907","ゲシュタルト","物品","852","ゼロマター","掉落","格式塔","零物质"
"2907","ゲシュタルト","武器","4348","明鏡止水の拳","掉落","格式塔","明镜止水的拳"
"2907","ゲシュタルト","物品","9","エリクサー","可偷物品","格式塔","圣灵药"
"2907","ゲシュタルト","物品","25","不思議な木の実","可偷物品","格式塔","不可思议之果"
"2907","ゲシュタルト","物品","412","うさぎもち","可偷食材","格式塔","兔子年糕"
"2907","ゲシュタルト","物品","262","神々しい花びら","可偷素材","格式塔","神圣花瓣"
"2907","ゲシュタルト","防具","1974","エルダーサキュバスのパンツ","可偷内裤","格式塔","长老魅魔的内裤"
"2908","ハイブマインド","物品","922","守りの神種","掉落","蜂巢思维","守护的神种"
"2908","ハイブマインド","物品","852","ゼロマター","掉落","蜂巢思维","零物质"
"2908","ハイブマインド","防具","1769","伝説の再来","掉落","蜂巢思维","传说的再现"
"2908","ハイブマインド","物品","9","エリクサー","可偷物品","蜂巢思维","圣灵药"
"2908","ハイブマインド","物品","25","不思議な木の実","可偷物品","蜂巢思维","不可思议之果"
"2908","ハイブマインド","物品","412","うさぎもち","可偷食材","蜂巢思维","兔子年糕"
"2908","ハイブマインド","物品","262","神々しい花びら","可偷素材","蜂巢思维","神圣花瓣"
"2908","ハイブマインド","防具","1974","エルダーサキュバスのパンツ","可偷内裤","蜂巢思维","长老魅魔的内裤"
"2909","バアル・ゼブブ","物品","47","神種の種","掉落","巴力・西卜","神种之种"
"2909","バアル・ゼブブ","物品","4416","バアル・ゼブブの極秘石","掉落","巴力・西卜","巴力・西卜的极秘石"
"2909","バアル・ゼブブ","物品","797","魔蟲の禁璧","掉落","巴力・西卜","魔虫的禁璧"
"2909","バアル・ゼブブ","物品","9","エリクサー","可偷物品","巴力・西卜","圣灵药"
"2909","バアル・ゼブブ","防具","1238","物理の秘伝書","可偷物品","巴力・西卜","物理之秘传书"
"2909","バアル・ゼブブ","物品","367","パエリア","可偷食材","巴力・西卜","海鲜饭"
"2909","バアル・ゼブブ","物品","251","妖艶なる尻尾","可偷素材","巴力・西卜","妖艳的尾巴"
"2910","強欲の残影","物品","934","カオストパーズ","掉落","贪婪的残影","混沌黄玉"
"2910","強欲の残影","物品","837","神々しい角","掉落","贪婪的残影","神圣的角"
"2910","強欲の残影","武器","4722","七つの大罪・強欲","掉落","贪婪的残影","七宗罪・贪婪"
"2910","強欲の残影","防具","1806","ゴブリンパンツ","可偷内裤","贪婪的残影","哥布林内裤"
"2911","強欲の残影","物品","935","カオスサファイア","掉落","贪婪的残影","混沌蓝宝石"
"2911","強欲の残影","物品","838","魔王の蛇尾","掉落","贪婪的残影","魔王的蛇尾"
"2911","強欲の残影","武器","4722","七つの大罪・強欲","掉落","贪婪的残影","七宗罪・贪婪"
"2912","強欲の残影","物品","933","カオスエメラルド","掉落","贪婪的残影","混沌翡翠"
"2912","強欲の残影","物品","856","不滅の黒片","掉落","贪婪的残影","不灭的黑片"
"2912","強欲の残影","武器","4722","七つの大罪・強欲","掉落","贪婪的残影","七宗罪・贪婪"
"2912","強欲の残影","防具","1807","こうもりパンツ","可偷内裤","贪婪的残影","蝙蝠内裤"
"2913","マダムラミア","物品","93","空の超秘石","掉落","拉米亚夫人","空的超秘石"
"2913","マダムラミア","物品","838","魔王の蛇尾","掉落","拉米亚夫人","魔王的蛇尾"
"2913","マダムラミア","武器","4641","聖王球","掉落","拉米亚夫人","圣王球"
"2913","マダムラミア","物品","9","エリクサー","可偷物品","拉米亚夫人","圣灵药"
"2913","マダムラミア","物品","24","命の木の実","可偷物品","拉米亚夫人","生命之果"
"2913","マダムラミア","物品","444","ドクロ","可偷食材","拉米亚夫人","骷髅"
"2913","マダムラミア","物品","273","ハインリヒ細胞","可偷素材","拉米亚夫人","海因里希细胞"
"2913","マダムラミア","防具","1973","八尾のふんどし","可偷内裤","拉米亚夫人","八尾的兜裆布"
"2914","嫉妬の残影","物品","9","エリクサー","掉落","嫉妒的残影","圣灵药"
"2914","嫉妬の残影","物品","857","グランエキス","掉落","嫉妒的残影","格兰精华"
"2914","嫉妬の残影","武器","4575","七つの大罪・嫉妬","掉落","嫉妒的残影","七宗罪・嫉妒"
"2914","嫉妬の残影","防具","1849","リリィのロイヤルパンツ","可偷内裤","嫉妒的残影","莉莉的皇家内裤"
"2915","憤怒の残影","物品","456","究極の牛丼","掉落","愤怒之残影","究极牛丼"
"2915","憤怒の残影","物品","859","牛魔王の角","掉落","愤怒之残影","牛魔王的角"
"2915","憤怒の残影","武器","4432","七つの大罪・憤怒","掉落","愤怒之残影","七宗罪・愤怒"
"2915","憤怒の残影","防具","1880","マジカルテントウのパンツ","可偷内裤","愤怒之残影","魔法瓢虫的内裤"
"2916","暴食の残影","物品","924","精神の神種","掉落","暴食的残影","精神的神种"
"2916","暴食の残影","物品","853","メギドの結晶","掉落","暴食的残影","米吉多的结晶"
"2916","暴食の残影","武器","4701","七つの大罪・暴食","掉落","暴食的残影","七宗罪・暴食"
"2917","色欲の残影","物品","926","器用さの神種","掉落","色欲的残影","灵巧的神种"
"2917","色欲の残影","物品","858","大淫婦の尻尾","掉落","色欲的残影","大淫妇的尾巴"
"2917","色欲の残影","武器","4848","七つの大罪・色欲","掉落","色欲的残影","七宗罪・色欲"
"2918","色欲の残影","物品","112","賢者の石","掉落","色欲的残影","贤者之石"
"2918","色欲の残影","物品","858","大淫婦の尻尾","掉落","色欲的残影","大淫妇的尾巴"
"2918","色欲の残影","武器","4848","七つの大罪・色欲","掉落","色欲的残影","七宗罪・色欲"
"2918","色欲の残影","防具","1893","サキュバスのVパンツ","可偷内裤","色欲的残影","魅魔的V型内裤"
"2921","傲慢の残影","物品","932","カオストルマリン","掉落","傲慢的残影","混沌电气石"
"2921","傲慢の残影","物品","856","不滅の黒片","掉落","傲慢的残影","不灭的黑片"
"2921","傲慢の残影","武器","4099","七つの大罪・傲慢","掉落","傲慢的残影","七宗罪・傲慢"
"2921","傲慢の残影","防具","1912","キリンパンツ","可偷内裤","傲慢的残影","麒麟内裤"
"2922","サタナキア","物品","93","空の超秘石","掉落","萨塔妮基亚","空的超秘石"
"2922","サタナキア","物品","853","メギドの結晶","掉落","萨塔妮基亚","米吉多的结晶"
"2922","サタナキア","武器","4221","忘れられた魔導王の剣","掉落","萨塔妮基亚","被遗忘的魔导王之剑"
"2922","サタナキア","物品","9","エリクサー","可偷物品","萨塔妮基亚","圣灵药"
"2922","サタナキア","物品","25","不思議な木の実","可偷物品","萨塔妮基亚","不可思议之果"
"2922","サタナキア","物品","412","うさぎもち","可偷食材","萨塔妮基亚","兔子年糕"
"2922","サタナキア","物品","262","神々しい花びら","可偷素材","萨塔妮基亚","神圣花瓣"
"2922","サタナキア","防具","1974","エルダーサキュバスのパンツ","可偷内裤","萨塔妮基亚","长老魅魔的内裤"
"2923","ブラッディドラゴン","物品","921","力の神種","掉落","血龙","力量的神种"
"2923","ブラッディドラゴン","物品","853","メギドの結晶","掉落","血龙","米吉多的结晶"
"2923","ブラッディドラゴン","武器","4144","騎士王剣","掉落","血龙","骑士王剑"
"2923","ブラッディドラゴン","物品","9","エリクサー","可偷物品","血龙","圣灵药"
"2923","ブラッディドラゴン","物品","25","不思議な木の実","可偷物品","血龙","不可思议之果"
"2923","ブラッディドラゴン","物品","412","うさぎもち","可偷食材","血龙","兔子年糕"
"2923","ブラッディドラゴン","物品","262","神々しい花びら","可偷素材","血龙","神圣花瓣"
"2923","ブラッディドラゴン","防具","1974","エルダーサキュバスのパンツ","可偷内裤","血龙","长老魅魔的内裤"
"2924","強欲のエヴァ","物品","3","究極薬草","掉落","贪婪的伊娃","究极药草"
"2924","強欲のエヴァ","物品","5","エルフの霊薬","掉落","贪婪的伊娃","精灵的灵药"
"2924","強欲のエヴァ","物品","403","たこ焼き","掉落","贪婪的伊娃","章鱼烧"
"2924","強欲のエヴァ","防具","1844","エヴァパンツ","可偷内裤","贪婪的伊娃","伊娃内裤"
"2925","嫉妬のエヴァ","物品","2","高級薬草","掉落","嫉妒的伊娃","高级药草"
"2925","嫉妬のエヴァ","物品","4","霊薬","掉落","嫉妒的伊娃","灵药"
"2925","嫉妬のエヴァ","物品","301","りんご","掉落","嫉妒的伊娃","苹果"
"2925","嫉妬のエヴァ","防具","1844","エヴァパンツ","可偷内裤","嫉妒的伊娃","伊娃内裤"
"2926","怠惰のエヴァ","物品","1","薬草","掉落","懒惰的伊娃","药草"
"2926","怠惰のエヴァ","物品","442","魚の骨","掉落","懒惰的伊娃","鱼骨"
"2926","怠惰のエヴァ","武器","4760","七つの大罪・怠惰","掉落","懒惰的伊娃","七宗罪・怠惰"
"2926","怠惰のエヴァ","防具","1844","エヴァパンツ","可偷内裤","懒惰的伊娃","伊娃内裤"
"2927","七つの大罪","物品","43","神職の種","掉落","七宗罪","神职之种"
"2927","七つの大罪","物品","4419","七つの大罪の極秘石","掉落","七宗罪","七宗罪的极秘石"
"2927","七つの大罪","物品","784","吸血鬼の禁璧","掉落","七宗罪","吸血鬼的禁璧"
"2927","七つの大罪","物品","3","究極薬草","可偷物品","七宗罪","究极药草"
"2927","七つの大罪","防具","1301","拳の秘伝書","可偷物品","七宗罪","拳套之秘传书"
"2927","七つの大罪","物品","402","ホットドッグ","可偷食材","七宗罪","热狗"
"2927","七つの大罪","物品","236","妖力の結晶","可偷素材","七宗罪","妖力的结晶"
"2927","七つの大罪","防具","1925","フェルナンデスのパンツ","可偷内裤","七宗罪","费尔南德斯的内裤"
"2928","パイズリ人形終異体","物品","361","おにぎり","掉落","乳交人偶终异体","饭团"
"2928","パイズリ人形終異体","物品","865","時の歯車","掉落","乳交人偶终异体","时间的齿轮"
"2928","パイズリ人形終異体","防具","612","ドールズクィーン","掉落","乳交人偶终异体","人偶女王"
"2928","パイズリ人形終異体","物品","9","エリクサー","可偷物品","乳交人偶终异体","圣灵药"
"2928","パイズリ人形終異体","物品","25","不思議な木の実","可偷物品","乳交人偶终异体","不可思议之果"
"2928","パイズリ人形終異体","物品","412","うさぎもち","可偷食材","乳交人偶终异体","兔子年糕"
"2928","パイズリ人形終異体","物品","262","神々しい花びら","可偷素材","乳交人偶终异体","神圣花瓣"
"2928","パイズリ人形終異体","防具","1974","エルダーサキュバスのパンツ","可偷内裤","乳交人偶终异体","长老魅魔的内裤"
"2929","アイアンメイデン終異体","物品","936","カオスダイヤモンド","掉落","铁处女终异体","混沌钻石"
"2929","アイアンメイデン終異体","物品","865","時の歯車","掉落","铁处女终异体","时间的齿轮"
"2929","アイアンメイデン終異体","武器","4803","ブック・オブ・エターナル","掉落","铁处女终异体","永恒之书"
"2929","アイアンメイデン終異体","物品","9","エリクサー","可偷物品","铁处女终异体","圣灵药"
"2929","アイアンメイデン終異体","物品","24","命の木の実","可偷物品","铁处女终异体","生命之果"
"2929","アイアンメイデン終異体","物品","444","ドクロ","可偷食材","铁处女终异体","骷髅"
"2929","アイアンメイデン終異体","物品","273","ハインリヒ細胞","可偷素材","铁处女终异体","海因里希细胞"
"2929","アイアンメイデン終異体","防具","1973","八尾のふんどし","可偷内裤","铁处女终异体","八尾的兜裆布"
"2930","呪いの人形終異体","物品","924","精神の神種","掉落","诅咒人偶终异体","精神的神种"
"2930","呪いの人形終異体","物品","865","時の歯車","掉落","诅咒人偶终异体","时间的齿轮"
"2930","呪いの人形終異体","武器","4699","満天星","掉落","诅咒人偶终异体","满天星"
"2930","呪いの人形終異体","物品","9","エリクサー","可偷物品","诅咒人偶终异体","圣灵药"
"2930","呪いの人形終異体","物品","25","不思議な木の実","可偷物品","诅咒人偶终异体","不可思议之果"
"2930","呪いの人形終異体","物品","412","うさぎもち","可偷食材","诅咒人偶终异体","兔子年糕"
"2930","呪いの人形終異体","物品","262","神々しい花びら","可偷素材","诅咒人偶终异体","神圣花瓣"
"2930","呪いの人形終異体","防具","1974","エルダーサキュバスのパンツ","可偷内裤","诅咒人偶终异体","长老魅魔的内裤"
"2931","量産型影紬","物品","926","器用さの神種","掉落","量产型影䌷","灵巧的神种"
"2931","量産型影紬","物品","94","空の絶秘石","掉落","量产型影䌷","空的绝秘石"
"2931","量産型影紬","物品","2512","器用さの絶秘石","掉落","量产型影䌷","灵巧的绝秘石"
"2931","量産型影紬","防具","1908","カーミラのパンツ","可偷内裤","量产型影䌷","卡米拉的内裤"
"2932","マグダ","物品","918","ワクチン","掉落","玛格达","疫苗"
"2932","マグダ","物品","875","永劫の羽根","掉落","玛格达","永劫的羽根"
"2932","マグダ","防具","672","アンチライフマター","掉落","玛格达","反生命物质"
"2932","マグダ","物品","3","究極薬草","可偷物品","玛格达","究极药草"
"2932","マグダ","物品","77","天空白聖石","可偷物品","玛格达","天空白圣石"
"2932","マグダ","物品","329","肉","可偷食材","玛格达","肉"
"2932","マグダ","物品","241","天使の羽根","可偷素材","玛格达","天使的羽毛"
"2932","マグダ","防具","1933","ギャルのパンツ","可偷内裤","玛格达","辣妹的内裤"
"2933","シスエル","物品","94","空の絶秘石","掉落","希斯艾尔","空的绝秘石"
"2933","シスエル","物品","875","永劫の羽根","掉落","希斯艾尔","永劫的羽根"
"2933","シスエル","武器","4265","銀河槍","掉落","希斯艾尔","银河枪"
"2933","シスエル","物品","9","エリクサー","可偷物品","希斯艾尔","圣灵药"
"2933","シスエル","物品","25","不思議な木の実","可偷物品","希斯艾尔","不可思议之果"
"2933","シスエル","物品","412","うさぎもち","可偷食材","希斯艾尔","兔子年糕"
"2933","シスエル","物品","262","神々しい花びら","可偷素材","希斯艾尔","神圣花瓣"
"2933","シスエル","防具","1974","エルダーサキュバスのパンツ","可偷内裤","希斯艾尔","长老魅魔的内裤"
"2934","アザゼル","物品","923","魔力の神種","掉落","阿撒兹勒","魔力的神种"
"2934","アザゼル","物品","861","災厄の結晶","掉落","阿撒兹勒","灾厄的结晶"
"2934","アザゼル","武器","4457","黒の魔奏","掉落","阿撒兹勒","黑色魔奏"
"2934","アザゼル","物品","3","究極薬草","可偷物品","阿撒兹勒","究极药草"
"2934","アザゼル","防具","1301","拳の秘伝書","可偷物品","阿撒兹勒","拳套之秘传书"
"2934","アザゼル","物品","402","ホットドッグ","可偷食材","阿撒兹勒","热狗"
"2934","アザゼル","物品","236","妖力の結晶","可偷素材","阿撒兹勒","妖力的结晶"
"2934","アザゼル","防具","1925","フェルナンデスのパンツ","可偷内裤","阿撒兹勒","费尔南德斯的内裤"
"2935","グリゴリ","物品","112","賢者の石","掉落","守望者","贤者之石"
"2935","グリゴリ","物品","861","災厄の結晶","掉落","守望者","灾厄的结晶"
"2935","グリゴリ","武器","4484","1000と1の杖","掉落","守望者","1000与1的杖"
"2935","グリゴリ","物品","3","究極薬草","可偷物品","守望者","究极药草"
"2935","グリゴリ","防具","1301","拳の秘伝書","可偷物品","守望者","拳套之秘传书"
"2935","グリゴリ","物品","402","ホットドッグ","可偷食材","守望者","热狗"
"2935","グリゴリ","物品","236","妖力の結晶","可偷素材","守望者","妖力的结晶"
"2935","グリゴリ","防具","1925","フェルナンデスのパンツ","可偷内裤","守望者","费尔南德斯的内裤"
"2936","白天狐","物品","904","最後の霊薬","掉落","白天狐","最终之灵药"
"2936","白天狐","物品","826","白面のしっぽ","掉落","白天狐","白面的尾巴"
"2936","白天狐","物品","2531","即死付加の極秘石","掉落","白天狐","即死附加的极秘石"
"2936","白天狐","物品","9","エリクサー","可偷物品","白天狐","圣灵药"
"2936","白天狐","物品","24","命の木の実","可偷物品","白天狐","生命之果"
"2936","白天狐","物品","444","ドクロ","可偷食材","白天狐","骷髅"
"2936","白天狐","物品","273","ハインリヒ細胞","可偷素材","白天狐","海因里希细胞"
"2936","白天狐","防具","1973","八尾のふんどし","可偷内裤","白天狐","八尾的兜裆布"
"2937","妙法絡新婦","物品","924","精神の神種","掉落","妙法络新妇","精神的神种"
"2937","妙法絡新婦","物品","3433","洞窟強化の絶秘石","掉落","妙法络新妇","洞窟强化的绝秘石"
"2937","妙法絡新婦","物品","3087","魔法回避の極秘石","掉落","妙法络新妇","魔法回避的极秘石"
"2937","妙法絡新婦","物品","9","エリクサー","可偷物品","妙法络新妇","圣灵药"
"2937","妙法絡新婦","物品","24","命の木の実","可偷物品","妙法络新妇","生命之果"
"2937","妙法絡新婦","物品","444","ドクロ","可偷食材","妙法络新妇","骷髅"
"2937","妙法絡新婦","物品","273","ハインリヒ細胞","可偷素材","妙法络新妇","海因里希细胞"
"2937","妙法絡新婦","防具","1973","八尾のふんどし","可偷内裤","妙法络新妇","八尾的兜裆布"
"2938","全てを識る者","物品","914","女神の秘薬","掉落","全知者","女神的秘药"
"2938","全てを識る者","物品","4422","全てを識る者の極秘石","掉落","全知者","全知者的极秘石"
"2938","全てを識る者","物品","739","全テヲ識ル禁璧","掉落","全知者","全知者的禁璧"
"2938","全てを識る者","物品","8","バーストドリンク","可偷物品","全知者","爆发饮料"
"2938","全てを識る者","防具","1083","達人の黒帯","可偷物品","全知者","达人的黑带"
"2938","全てを識る者","物品","358","ハンバーガー","可偷食材","全知者","汉堡"
"2938","全てを識る者","物品","222","艶めかしい尻尾","可偷素材","全知者","艳丽的尾巴"
"2938","全てを識る者","防具","1924","ソニアパンツ","可偷内裤","全知者","索尼娅的内裤"
"2939","モリガン","物品","906","ファイナルドリンク","掉落","摩莉甘","最终饮料"
"2939","モリガン","物品","858","大淫婦の尻尾","掉落","摩莉甘","大淫妇的尾巴"
"2939","モリガン","物品","3011","サイコの絶秘石","掉落","摩莉甘","念动的绝秘石"
"2939","モリガン","防具","1824","モリガンパンツ","可偷内裤","摩莉甘","摩莉甘内裤"
"2940","アスタロト","物品","933","カオスエメラルド","掉落","阿斯塔洛特","混沌翡翠"
"2940","アスタロト","物品","858","大淫婦の尻尾","掉落","阿斯塔洛特","大淫妇的尾巴"
"2940","アスタロト","物品","4301","ハドロン耐性の絶秘石","掉落","阿斯塔洛特","强子耐性的绝秘石"
"2940","アスタロト","防具","1845","アスタロトパンツ","可偷内裤","阿斯塔洛特","阿斯塔洛特内裤"
"2941","リリス","物品","460","しあわせミルク","掉落","莉莉丝","幸福牛奶"
"2941","リリス","物品","858","大淫婦の尻尾","掉落","莉莉丝","大淫妇的尾巴"
"2941","リリス","防具","4333","ナイトメアのシンボル","掉落","莉莉丝","噩梦的象征"
"2941","リリス","防具","1887","あげはパンツ","可偷内裤","莉莉丝","凤蝶娘的内裤"
"2942","エキドナ","物品","94","空の絶秘石","掉落","厄喀德那","空的绝秘石"
"2942","エキドナ","物品","869","エキドナの蛇尾","掉落","厄喀德那","厄喀德那的蛇尾"
"2942","エキドナ","防具","484","原罪の蛇","掉落","厄喀德那","原罪之蛇"
"2942","エキドナ","物品","9","エリクサー","可偷物品","厄喀德那","圣灵药"
"2942","エキドナ","武器","930","アフロディーテの唇","可偷物品","厄喀德那","阿佛洛狄忒的唇"
"2942","エキドナ","物品","391","トマトスープ","可偷食材","厄喀德那","番茄汤"
"2942","エキドナ","物品","249","奇跡の卵","可偷素材","厄喀德那","奇迹的蛋"
"2943","エキドナクィーン","防具","515","エキドナ","掉落","厄喀德那女王","厄喀德那"
"2943","エキドナクィーン","物品","4425","エキドナの極秘石","掉落","厄喀德那女王","厄喀德那的极秘石"
"2943","エキドナクィーン","物品","791","ラミアの禁璧","掉落","厄喀德那女王","拉米亚的禁璧"
"2943","エキドナクィーン","物品","9","エリクサー","可偷物品","厄喀德那女王","圣灵药"
"2943","エキドナクィーン","武器","930","アフロディーテの唇","可偷物品","厄喀德那女王","阿佛洛狄忒的唇"
"2943","エキドナクィーン","物品","391","トマトスープ","可偷食材","厄喀德那女王","番茄汤"
"2943","エキドナクィーン","物品","249","奇跡の卵","可偷素材","厄喀德那女王","奇迹的蛋"
"2944","奉仕種族","物品","935","カオスサファイア","掉落","仆从种族","混沌蓝宝石"
"2944","奉仕種族","物品","870","名状しがたき触手","掉落","仆从种族","难以名状的触手"
"2944","奉仕種族","武器","4577","名状しがたき触手鞭","掉落","仆从种族","无法名状的触手鞭"
"2945","落とし子","物品","47","神種の種","掉落","眷族","神种之种"
"2945","落とし子","物品","870","名状しがたき触手","掉落","眷族","难以名状的触手"
"2945","落とし子","武器","4153","名状しがたき剣","掉落","眷族","不可名状之剑"
"2945","落とし子","物品","9","エリクサー","可偷物品","眷族","圣灵药"
"2945","落とし子","物品","25","不思議な木の実","可偷物品","眷族","不可思议之果"
"2945","落とし子","物品","412","うさぎもち","可偷食材","眷族","兔子年糕"
"2945","落とし子","物品","262","神々しい花びら","可偷素材","眷族","神圣花瓣"
"2945","落とし子","防具","1974","エルダーサキュバスのパンツ","可偷内裤","眷族","长老魅魔的内裤"
"2946","クトゥルフ","物品","47","神種の種","掉落","克苏鲁","神种之种"
"2946","クトゥルフ","物品","4434","クトゥルフの極秘石","掉落","克苏鲁","克苏鲁的极秘石"
"2946","クトゥルフ","物品","796","海棲種の禁璧","掉落","克苏鲁","海栖种的禁璧"
"2946","クトゥルフ","物品","9","エリクサー","可偷物品","克苏鲁","圣灵药"
"2946","クトゥルフ","物品","25","不思議な木の実","可偷物品","克苏鲁","不可思议之果"
"2946","クトゥルフ","物品","412","うさぎもち","可偷食材","克苏鲁","兔子年糕"
"2946","クトゥルフ","物品","262","神々しい花びら","可偷素材","克苏鲁","神圣花瓣"
"2946","クトゥルフ","防具","1974","エルダーサキュバスのパンツ","可偷内裤","克苏鲁","长老魅魔的内裤"
"2947","触手の眷属","物品","918","ワクチン","掉落","触手眷属","疫苗"
"2947","触手の眷属","物品","871","次元浸食細胞","掉落","触手眷属","次元浸蚀细胞"
"2947","触手の眷属","物品","3272","惑わない者の絶秘石","掉落","触手眷属","不惑者的绝秘石"
"2947","触手の眷属","物品","9","エリクサー","可偷物品","触手眷属","圣灵药"
"2947","触手の眷属","物品","25","不思議な木の実","可偷物品","触手眷属","不可思议之果"
"2947","触手の眷属","物品","412","うさぎもち","可偷食材","触手眷属","兔子年糕"
"2947","触手の眷属","物品","262","神々しい花びら","可偷素材","触手眷属","神圣花瓣"
"2947","触手の眷属","防具","1974","エルダーサキュバスのパンツ","可偷内裤","触手眷属","长老魅魔的内裤"
"2948","粘膜の眷属","物品","906","ファイナルドリンク","掉落","粘膜眷属","最终饮料"
"2948","粘膜の眷属","物品","871","次元浸食細胞","掉落","粘膜眷属","次元浸蚀细胞"
"2948","粘膜の眷属","物品","2626","ヌルヌル付加の極秘石","掉落","粘膜眷属","黏滑附加的极秘石"
"2948","粘膜の眷属","物品","9","エリクサー","可偷物品","粘膜眷属","圣灵药"
"2948","粘膜の眷属","物品","25","不思議な木の実","可偷物品","粘膜眷属","不可思议之果"
"2948","粘膜の眷属","物品","412","うさぎもち","可偷食材","粘膜眷属","兔子年糕"
"2948","粘膜の眷属","物品","262","神々しい花びら","可偷素材","粘膜眷属","神圣花瓣"
"2948","粘膜の眷属","防具","1974","エルダーサキュバスのパンツ","可偷内裤","粘膜眷属","长老魅魔的内裤"
"2949","アウタージェリー","物品","94","空の絶秘石","掉落","域外水母","空的绝秘石"
"2949","アウタージェリー","物品","871","次元浸食細胞","掉落","域外水母","次元浸蚀细胞"
"2949","アウタージェリー","防具","607","昏き深海のドレス","掉落","域外水母","昏暗深海之礼服"
"2949","アウタージェリー","物品","9","エリクサー","可偷物品","域外水母","圣灵药"
"2949","アウタージェリー","物品","25","不思議な木の実","可偷物品","域外水母","不可思议之果"
"2949","アウタージェリー","物品","412","うさぎもち","可偷食材","域外水母","兔子年糕"
"2949","アウタージェリー","物品","262","神々しい花びら","可偷素材","域外水母","神圣花瓣"
"2949","アウタージェリー","防具","1974","エルダーサキュバスのパンツ","可偷内裤","域外水母","长老魅魔的内裤"
"2950","アウターワーム","物品","921","力の神種","掉落","域外蠕虫","力量的神种"
"2950","アウターワーム","物品","871","次元浸食細胞","掉落","域外蠕虫","次元浸蚀细胞"
"2950","アウターワーム","防具","553","侵蝕された甲羅","掉落","域外蠕虫","被侵蚀的甲壳"
"2950","アウターワーム","物品","9","エリクサー","可偷物品","域外蠕虫","圣灵药"
"2950","アウターワーム","物品","25","不思議な木の実","可偷物品","域外蠕虫","不可思议之果"
"2950","アウターワーム","物品","412","うさぎもち","可偷食材","域外蠕虫","兔子年糕"
"2950","アウターワーム","物品","262","神々しい花びら","可偷素材","域外蠕虫","神圣花瓣"
"2950","アウターワーム","防具","1974","エルダーサキュバスのパンツ","可偷内裤","域外蠕虫","长老魅魔的内裤"
"2951","次元侵蝕者","物品","916","鬼神の秘薬","掉落","次元侵蚀者","鬼神的秘药"
"2951","次元侵蝕者","物品","4431","次元侵蝕者の極秘石","掉落","次元侵蚀者","次元侵蚀者的极秘石"
"2951","次元侵蝕者","物品","795","陸棲種の禁璧","掉落","次元侵蚀者","陆栖种的禁璧"
"2951","次元侵蝕者","物品","9","エリクサー","可偷物品","次元侵蚀者","圣灵药"
"2951","次元侵蝕者","物品","25","不思議な木の実","可偷物品","次元侵蚀者","不可思议之果"
"2951","次元侵蝕者","物品","412","うさぎもち","可偷食材","次元侵蚀者","兔子年糕"
"2951","次元侵蝕者","物品","262","神々しい花びら","可偷素材","次元侵蚀者","神圣花瓣"
"2951","次元侵蝕者","防具","1974","エルダーサキュバスのパンツ","可偷内裤","次元侵蚀者","长老魅魔的内裤"
"2952","フェニックス娘","物品","907","不死鳥の魂","掉落","凤凰娘","不死鸟之魂"
"2952","フェニックス娘","防具","4455","炎の神書","掉落","凤凰娘","炎之神书"
"2952","フェニックス娘","物品","4170","核熱をまとう者の極秘石","掉落","凤凰娘","核热缠身者的极秘石"
"2952","フェニックス娘","物品","9","エリクサー","可偷物品","凤凰娘","圣灵药"
"2952","フェニックス娘","物品","25","不思議な木の実","可偷物品","凤凰娘","不可思议之果"
"2952","フェニックス娘","物品","412","うさぎもち","可偷食材","凤凰娘","兔子年糕"
"2952","フェニックス娘","物品","262","神々しい花びら","可偷素材","凤凰娘","神圣花瓣"
"2952","フェニックス娘","防具","1974","エルダーサキュバスのパンツ","可偷内裤","凤凰娘","长老魅魔的内裤"
"2953","ダークフェニックス","武器","4677","ダークフェニックス","掉落","黑暗凤凰","黑暗凤凰"
"2953","ダークフェニックス","物品","4428","ダークフェニックスの極秘石","掉落","黑暗凤凰","暗黑凤凰的极秘石"
"2953","ダークフェニックス","物品","793","ハーピーの禁璧","掉落","黑暗凤凰","哈比的禁璧"
"2953","ダークフェニックス","物品","9","エリクサー","可偷物品","黑暗凤凰","圣灵药"
"2953","ダークフェニックス","物品","25","不思議な木の実","可偷物品","黑暗凤凰","不可思议之果"
"2953","ダークフェニックス","物品","412","うさぎもち","可偷食材","黑暗凤凰","兔子年糕"
"2953","ダークフェニックス","物品","262","神々しい花びら","可偷素材","黑暗凤凰","神圣花瓣"
"2953","ダークフェニックス","防具","1974","エルダーサキュバスのパンツ","可偷内裤","黑暗凤凰","长老魅魔的内裤"
"2954","星喰い","物品","9","エリクサー","可偷物品","星喰","圣灵药"
"2954","星喰い","物品","25","不思議な木の実","可偷物品","星喰","不可思议之果"
"2954","星喰い","物品","412","うさぎもち","可偷食材","星喰","兔子年糕"
"2954","星喰い","物品","262","神々しい花びら","可偷素材","星喰","神圣花瓣"
"2954","星喰い","防具","1974","エルダーサキュバスのパンツ","可偷内裤","星喰","长老魅魔的内裤"
"2955","星喰い","武器","4433","星喰い","掉落","星喰","星喰"
"2955","星喰い","物品","4437","星喰いの極秘石","掉落","星喰","星喰的极秘石"
"2955","星喰い","物品","805","巨人の禁璧","掉落","星喰","巨人的禁璧"
"2955","星喰い","物品","9","エリクサー","可偷物品","星喰","圣灵药"
"2955","星喰い","物品","25","不思議な木の実","可偷物品","星喰","不可思议之果"
"2955","星喰い","物品","412","うさぎもち","可偷食材","星喰","兔子年糕"
"2955","星喰い","物品","262","神々しい花びら","可偷素材","星喰","神圣花瓣"
"2955","星喰い","防具","1974","エルダーサキュバスのパンツ","可偷内裤","星喰","长老魅魔的内裤"
"2956","ヌルの眷属","物品","931","カオスアメジスト","掉落","黏黏的眷属","混沌紫水晶"
"2956","ヌルの眷属","物品","872","ヌル細胞","掉落","黏黏的眷属","努尔细胞"
"2956","ヌルの眷属","物品","3689","量子に親しむ者の絶秘石","掉落","黏黏的眷属","量子亲和者的绝秘石"
"2956","ヌルの眷属","物品","9","エリクサー","可偷物品","黏黏的眷属","圣灵药"
"2956","ヌルの眷属","物品","25","不思議な木の実","可偷物品","黏黏的眷属","不可思议之果"
"2956","ヌルの眷属","物品","412","うさぎもち","可偷食材","黏黏的眷属","兔子年糕"
"2956","ヌルの眷属","物品","262","神々しい花びら","可偷素材","黏黏的眷属","神圣花瓣"
"2956","ヌルの眷属","防具","1974","エルダーサキュバスのパンツ","可偷内裤","黏黏的眷属","长老魅魔的内裤"
"2957","ヌルの眷属","物品","930","カオスルビー","掉落","黏黏的眷属","混沌红宝石"
"2957","ヌルの眷属","物品","872","ヌル細胞","掉落","黏黏的眷属","努尔细胞"
"2957","ヌルの眷属","物品","3684","核熱に親しむ者の絶秘石","掉落","黏黏的眷属","核热亲和者的绝秘石"
"2957","ヌルの眷属","物品","9","エリクサー","可偷物品","黏黏的眷属","圣灵药"
"2957","ヌルの眷属","物品","25","不思議な木の実","可偷物品","黏黏的眷属","不可思议之果"
"2957","ヌルの眷属","物品","412","うさぎもち","可偷食材","黏黏的眷属","兔子年糕"
"2957","ヌルの眷属","物品","262","神々しい花びら","可偷素材","黏黏的眷属","神圣花瓣"
"2957","ヌルの眷属","防具","1974","エルダーサキュバスのパンツ","可偷内裤","黏黏的眷属","长老魅魔的内裤"
"2958","ヌルの眷属","物品","932","カオストルマリン","掉落","黏黏的眷属","混沌电气石"
"2958","ヌルの眷属","物品","872","ヌル細胞","掉落","黏黏的眷属","努尔细胞"
"2958","ヌルの眷属","物品","3694","イオンに親しむ者の絶秘石","掉落","黏黏的眷属","离子亲和者的绝秘石"
"2958","ヌルの眷属","物品","9","エリクサー","可偷物品","黏黏的眷属","圣灵药"
"2958","ヌルの眷属","物品","25","不思議な木の実","可偷物品","黏黏的眷属","不可思议之果"
"2958","ヌルの眷属","物品","412","うさぎもち","可偷食材","黏黏的眷属","兔子年糕"
"2958","ヌルの眷属","物品","262","神々しい花びら","可偷素材","黏黏的眷属","神圣花瓣"
"2958","ヌルの眷属","防具","1974","エルダーサキュバスのパンツ","可偷内裤","黏黏的眷属","长老魅魔的内裤"
"2959","TT","物品","94","空の絶秘石","掉落","TT","空的绝秘石"
"2959","TT","物品","872","ヌル細胞","掉落","TT","努尔细胞"
"2959","TT","物品","4184","無属性強化の絶秘石","掉落","TT","无属性强化的绝秘石"
"2960","QQ","物品","919","命の神実","掉落","QQ","生命之神果"
"2960","QQ","物品","872","ヌル細胞","掉落","QQ","努尔细胞"
"2960","QQ","武器","4646","カタストロフィ","掉落","QQ","大灾难"
"2961","ヌール・コギト","物品","912","魔神の秘薬","掉落","努尔・科吉托","魔神的秘药"
"2961","ヌール・コギト","物品","4330","ヌル耐性の極秘石","掉落","努尔・科吉托","虚无耐性的极秘石"
"2961","ヌール・コギト","物品","812","混沌の精霊の禁璧","掉落","努尔・科吉托","混沌的精灵的禁璧"
"2962","グラン・アラーニェ","物品","934","カオストパーズ","掉落","巨型阿拉涅","混沌黄玉"
"2962","グラン・アラーニェ","物品","873","テラ甲殻","掉落","巨型阿拉涅","大地甲壳"
"2962","グラン・アラーニェ","防具","547","プレセペ","掉落","巨型阿拉涅","普雷塞佩"
"2962","グラン・アラーニェ","物品","9","エリクサー","可偷物品","巨型阿拉涅","圣灵药"
"2962","グラン・アラーニェ","物品","24","命の木の実","可偷物品","巨型阿拉涅","生命之果"
"2962","グラン・アラーニェ","物品","444","ドクロ","可偷食材","巨型阿拉涅","骷髅"
"2962","グラン・アラーニェ","物品","273","ハインリヒ細胞","可偷素材","巨型阿拉涅","海因里希细胞"
"2962","グラン・アラーニェ","防具","1973","八尾のふんどし","可偷内裤","巨型阿拉涅","八尾的兜裆布"
"2963","白兎・蝕","物品","94","空の絶秘石","掉落","白兔・蚀","空的绝秘石"
"2963","白兎・蝕","物品","878","カオスマター","掉落","白兔・蚀","混沌物质"
"2963","白兎・蝕","防具","680","白兎帽子","掉落","白兔・蚀","白兔帽子"
"2963","白兎・蝕","物品","9","エリクサー","可偷物品","白兔・蚀","圣灵药"
"2963","白兎・蝕","物品","25","不思議な木の実","可偷物品","白兔・蚀","不可思议之果"
"2963","白兎・蝕","物品","412","うさぎもち","可偷食材","白兔・蚀","兔子年糕"
"2963","白兎・蝕","物品","262","神々しい花びら","可偷素材","白兔・蚀","神圣花瓣"
"2963","白兎・蝕","防具","1974","エルダーサキュバスのパンツ","可偷内裤","白兔・蚀","长老魅魔的内裤"
"2964","死神・蝕","物品","94","空の絶秘石","掉落","死神・蚀","空的绝秘石"
"2964","死神・蝕","物品","878","カオスマター","掉落","死神・蚀","混沌物质"
"2964","死神・蝕","防具","681","死神フード","掉落","死神・蚀","死神兜帽"
"2964","死神・蝕","物品","9","エリクサー","可偷物品","死神・蚀","圣灵药"
"2964","死神・蝕","物品","24","命の木の実","可偷物品","死神・蚀","生命之果"
"2964","死神・蝕","物品","444","ドクロ","可偷食材","死神・蚀","骷髅"
"2964","死神・蝕","物品","273","ハインリヒ細胞","可偷素材","死神・蚀","海因里希细胞"
"2964","死神・蝕","防具","1973","八尾のふんどし","可偷内裤","死神・蚀","八尾的兜裆布"
"2965","第二法則","物品","95","空の極秘石","掉落","第二法则","空的极秘石"
"2965","第二法則","物品","889","ビッグバンの結晶","掉落","第二法则","大爆炸的结晶"
"2965","第二法則","物品","3090","万能回避の極秘石","掉落","第二法则","万能回避的极秘石"
"2965","第二法則","物品","9","エリクサー","可偷物品","第二法则","圣灵药"
"2965","第二法則","物品","25","不思議な木の実","可偷物品","第二法则","不可思议之果"
"2965","第二法則","物品","412","うさぎもち","可偷食材","第二法则","兔子年糕"
"2965","第二法則","物品","262","神々しい花びら","可偷素材","第二法则","神圣花瓣"
"2965","第二法則","防具","1974","エルダーサキュバスのパンツ","可偷内裤","第二法则","长老魅魔的内裤"
"2966","第一法則","物品","95","空の極秘石","掉落","第一法则","空的极秘石"
"2966","第一法則","物品","890","ビッグクランチの結晶","掉落","第一法则","大收缩的结晶"
"2966","第一法則","物品","3319","全能の極秘石","掉落","第一法则","全能的极秘石"
"2966","第一法則","物品","9","エリクサー","可偷物品","第一法则","圣灵药"
"2966","第一法則","物品","24","命の木の実","可偷物品","第一法则","生命之果"
"2966","第一法則","物品","444","ドクロ","可偷食材","第一法则","骷髅"
"2966","第一法則","物品","273","ハインリヒ細胞","可偷素材","第一法则","海因里希细胞"
"2966","第一法則","防具","1973","八尾のふんどし","可偷内裤","第一法则","八尾的兜裆布"
"2967","エクス・ソニア","物品","927","禁忌の種","掉落","艾克斯・索尼娅","禁忌之种"
"2967","エクス・ソニア","防具","4479","聖なる神書","掉落","艾克斯・索尼娅","圣之神书"
"2967","エクス・ソニア","物品","807","使徒の禁璧","掉落","艾克斯・索尼娅","使徒的禁璧"
"2967","エクス・ソニア","防具","1938","ヴィヌムのパンツ","可偷内裤","艾克斯・索尼娅","薇诺姆的内裤"
"2968","ベリアル","物品","929","禁種の種","掉落","贝利亚尔","禁种之种"
"2968","ベリアル","防具","4483","闇の神書","掉落","贝利亚尔","暗之神书"
"2968","ベリアル","物品","802","キメラの禁璧","掉落","贝利亚尔","奇美拉的禁璧"
"2968","ベリアル","物品","9","エリクサー","可偷物品","贝利亚尔","圣灵药"
"2968","ベリアル","物品","25","不思議な木の実","可偷物品","贝利亚尔","不可思议之果"
"2968","ベリアル","物品","412","うさぎもち","可偷食材","贝利亚尔","兔子年糕"
"2968","ベリアル","物品","262","神々しい花びら","可偷素材","贝利亚尔","神圣花瓣"
"2968","ベリアル","防具","1974","エルダーサキュバスのパンツ","可偷内裤","贝利亚尔","长老魅魔的内裤"
"2969","虚竜","物品","9","エリクサー","可偷物品","虚龙","圣灵药"
"2969","虚竜","物品","25","不思議な木の実","可偷物品","虚龙","不可思议之果"
"2969","虚竜","物品","412","うさぎもち","可偷食材","虚龙","兔子年糕"
"2969","虚竜","物品","262","神々しい花びら","可偷素材","虚龙","神圣花瓣"
"2969","虚竜","防具","1974","エルダーサキュバスのパンツ","可偷内裤","虚龙","长老魅魔的内裤"
"2970","虚竜","武器","4156","虚竜","掉落","虚龙","虚龙"
"2970","虚竜","物品","4440","虚竜の極秘石","掉落","虚龙","虚龙的极秘石"
"2970","虚竜","物品","794","ドラゴンの禁璧","掉落","虚龙","龙的禁璧"
"2970","虚竜","物品","9","エリクサー","可偷物品","虚龙","圣灵药"
"2970","虚竜","物品","25","不思議な木の実","可偷物品","虚龙","不可思议之果"
"2970","虚竜","物品","412","うさぎもち","可偷食材","虚龙","兔子年糕"
"2970","虚竜","物品","262","神々しい花びら","可偷素材","虚龙","神圣花瓣"
"2970","虚竜","防具","1974","エルダーサキュバスのパンツ","可偷内裤","虚龙","长老魅魔的内裤"
"2971","アピロ・ラゴス","物品","908","グランドエリクシル","掉落","阿皮洛・拉戈斯","大万能药"
"2971","アピロ・ラゴス","防具","4036","星降る腕輪改","掉落","阿皮洛・拉戈斯","星降手镯改"
"2971","アピロ・ラゴス","物品","2591","スロウ付加の極秘石","掉落","阿皮洛・拉戈斯","减速附加的极秘石"
"2971","アピロ・ラゴス","物品","9","エリクサー","可偷物品","阿皮洛・拉戈斯","圣灵药"
"2971","アピロ・ラゴス","物品","25","不思議な木の実","可偷物品","阿皮洛・拉戈斯","不可思议之果"
"2971","アピロ・ラゴス","物品","412","うさぎもち","可偷食材","阿皮洛・拉戈斯","兔子年糕"
"2971","アピロ・ラゴス","物品","262","神々しい花びら","可偷素材","阿皮洛・拉戈斯","神圣花瓣"
"2971","アピロ・ラゴス","防具","1974","エルダーサキュバスのパンツ","可偷内裤","阿皮洛・拉戈斯","长老魅魔的内裤"
"2972","ゲイザー","物品","928","禁職の種","掉落","凝视者","禁职之种"
"2972","ゲイザー","物品","879","紅蓮の瞳","掉落","凝视者","红莲之瞳"
"2972","ゲイザー","物品","3187","闇吸収の極秘石","掉落","凝视者","暗吸收的极秘石"
"2972","ゲイザー","物品","9","エリクサー","可偷物品","凝视者","圣灵药"
"2972","ゲイザー","防具","1646","時魔導士の悟り","可偷物品","凝视者","时魔导师的领悟"
"2972","ゲイザー","物品","364","オムライス","可偷食材","凝视者","蛋包饭"
"2972","ゲイザー","物品","251","妖艶なる尻尾","可偷素材","凝视者","妖艳的尾巴"
"2973","インドラ","物品","906","ファイナルドリンク","掉落","因陀罗","最终饮料"
"2973","インドラ","物品","880","雷土の結晶石","掉落","因陀罗","雷土的结晶石"
"2973","インドラ","武器","4306","蚩尤","掉落","因陀罗","蚩尤"
"2973","インドラ","物品","9","エリクサー","可偷物品","因陀罗","圣灵药"
"2973","インドラ","物品","25","不思議な木の実","可偷物品","因陀罗","不可思议之果"
"2973","インドラ","物品","412","うさぎもち","可偷食材","因陀罗","兔子年糕"
"2973","インドラ","物品","262","神々しい花びら","可偷素材","因陀罗","神圣花瓣"
"2973","インドラ","防具","1974","エルダーサキュバスのパンツ","可偷内裤","因陀罗","长老魅魔的内裤"
"2974","トンベリ娘","物品","10","ラストエリクサー","掉落","冬贝利娘","最终圣灵药"
"2974","トンベリ娘","物品","874","包丁の破片","掉落","冬贝利娘","菜刀的碎片"
"2974","トンベリ娘","武器","4177","レーヴァテイン","掉落","冬贝利娘","莱瓦汀"
"2974","トンベリ娘","物品","9","エリクサー","可偷物品","冬贝利娘","圣灵药"
"2974","トンベリ娘","物品","24","命の木の実","可偷物品","冬贝利娘","生命之果"
"2974","トンベリ娘","物品","444","ドクロ","可偷食材","冬贝利娘","骷髅"
"2974","トンベリ娘","物品","273","ハインリヒ細胞","可偷素材","冬贝利娘","海因里希细胞"
"2974","トンベリ娘","防具","1973","八尾のふんどし","可偷内裤","冬贝利娘","八尾的兜裆布"
"2975","トンベリーズ娘","物品","900","大きなメダル","掉落","冬贝利群娘","大奖章"
"2975","トンベリーズ娘","物品","874","包丁の破片","掉落","冬贝利群娘","菜刀的碎片"
"2975","トンベリーズ娘","防具","863","混沌の盾","掉落","冬贝利群娘","混沌之盾"
"2975","トンベリーズ娘","物品","9","エリクサー","可偷物品","冬贝利群娘","圣灵药"
"2975","トンベリーズ娘","物品","24","命の木の実","可偷物品","冬贝利群娘","生命之果"
"2975","トンベリーズ娘","物品","444","ドクロ","可偷食材","冬贝利群娘","骷髅"
"2975","トンベリーズ娘","物品","273","ハインリヒ細胞","可偷素材","冬贝利群娘","海因里希细胞"
"2975","トンベリーズ娘","防具","1973","八尾のふんどし","可偷内裤","冬贝利群娘","八尾的兜裆布"
"2976","アバドン","物品","112","賢者の石","掉落","亚巴顿","贤者之石"
"2976","アバドン","物品","873","テラ甲殻","掉落","亚巴顿","大地甲壳"
"2976","アバドン","防具","485","混沌の鎧","掉落","亚巴顿","混沌之铠"
"2976","アバドン","物品","9","エリクサー","可偷物品","亚巴顿","圣灵药"
"2976","アバドン","防具","1136","チャージリング","可偷物品","亚巴顿","充能戒指"
"2976","アバドン","物品","393","グラタン","可偷食材","亚巴顿","奶汁烤菜"
"2976","アバドン","物品","246","覇虫の針","可偷素材","亚巴顿","霸虫的针"
"2977","エクスキュウビ","物品","923","魔力の神種","掉落","极・九尾","魔力的神种"
"2977","エクスキュウビ","物品","880","雷土の結晶石","掉落","极・九尾","雷土的结晶石"
"2977","エクスキュウビ","防具","4554","テラの神書","掉落","极・九尾","大地之神书"
"2978","ドーラドーラ","物品","908","グランドエリクシル","掉落","朵拉朵拉","大万能药"
"2978","ドーラドーラ","物品","879","紅蓮の瞳","掉落","朵拉朵拉","红莲之瞳"
"2978","ドーラドーラ","防具","614","カオスドレス","掉落","朵拉朵拉","混沌礼服"
"2978","ドーラドーラ","物品","9","エリクサー","可偷物品","朵拉朵拉","圣灵药"
"2978","ドーラドーラ","物品","25","不思議な木の実","可偷物品","朵拉朵拉","不可思议之果"
"2978","ドーラドーラ","物品","412","うさぎもち","可偷食材","朵拉朵拉","兔子年糕"
"2978","ドーラドーラ","物品","262","神々しい花びら","可偷素材","朵拉朵拉","神圣花瓣"
"2978","ドーラドーラ","防具","1974","エルダーサキュバスのパンツ","可偷内裤","朵拉朵拉","长老魅魔的内裤"
"2979","ベルゼバブ終異体","物品","94","空の絶秘石","掉落","别西卜终异体","空的绝秘石"
"2979","ベルゼバブ終異体","物品","877","勇者の魂","掉落","别西卜终异体","勇者的魂"
"2979","ベルゼバブ終異体","武器","4161","カオスブレイド","掉落","别西卜终异体","混沌之刃"
"2979","ベルゼバブ終異体","物品","9","エリクサー","可偷物品","别西卜终异体","圣灵药"
"2979","ベルゼバブ終異体","物品","24","命の木の実","可偷物品","别西卜终异体","生命之果"
"2979","ベルゼバブ終異体","物品","444","ドクロ","可偷食材","别西卜终异体","骷髅"
"2979","ベルゼバブ終異体","物品","273","ハインリヒ細胞","可偷素材","别西卜终异体","海因里希细胞"
"2979","ベルゼバブ終異体","防具","1973","八尾のふんどし","可偷内裤","别西卜终异体","八尾的兜裆布"
"2980","メルカヴァ","物品","9","エリクサー","掉落","灵轮","圣灵药"
"2980","メルカヴァ","物品","883","ゴッドライト","掉落","灵轮","神光"
"2980","メルカヴァ","武器","4838","ブラッディアームズ","掉落","灵轮","血腥武器"
"2980","メルカヴァ","物品","9","エリクサー","可偷物品","灵轮","圣灵药"
"2980","メルカヴァ","防具","1159","再生の砂時計","可偷物品","灵轮","再生沙漏"
"2980","メルカヴァ","物品","277","究極の羽根","可偷素材","灵轮","究极之羽"
"2981","フレール","物品","904","最後の霊薬","掉落","弗莱尔","最终之灵药"
"2981","フレール","物品","881","混沌水銀","掉落","弗莱尔","混沌水银"
"2981","フレール","防具","4561","ナノの神書","掉落","弗莱尔","纳米之神书"
"2981","フレール","物品","3","究極薬草","可偷物品","弗莱尔","究极药草"
"2981","フレール","物品","77","天空白聖石","可偷物品","弗莱尔","天空白圣石"
"2981","フレール","物品","329","肉","可偷食材","弗莱尔","肉"
"2981","フレール","物品","241","天使の羽根","可偷素材","弗莱尔","天使的羽毛"
"2981","フレール","防具","1933","ギャルのパンツ","可偷内裤","弗莱尔","辣妹的内裤"
"2982","アガリアレプト","物品","460","しあわせミルク","掉落","阿加利亚雷普特","幸福牛奶"
"2982","アガリアレプト","物品","876","虚夢の欠片","掉落","阿加利亚雷普特","虚梦的碎片"
"2982","アガリアレプト","防具","4547","ハドロンの神書","掉落","阿加利亚雷普特","强子之神书"
"2982","アガリアレプト","物品","9","エリクサー","可偷物品","阿加利亚雷普特","圣灵药"
"2982","アガリアレプト","物品","25","不思議な木の実","可偷物品","阿加利亚雷普特","不可思议之果"
"2982","アガリアレプト","物品","412","うさぎもち","可偷食材","阿加利亚雷普特","兔子年糕"
"2982","アガリアレプト","物品","262","神々しい花びら","可偷素材","阿加利亚雷普特","神圣花瓣"
"2982","アガリアレプト","防具","1974","エルダーサキュバスのパンツ","可偷内裤","阿加利亚雷普特","长老魅魔的内裤"
"2983","ゲイザー","物品","920","不思議な神実","掉落","凝视者","不可思议的神实"
"2983","ゲイザー","物品","879","紅蓮の瞳","掉落","凝视者","红莲之瞳"
"2983","ゲイザー","防具","4533","量子の神書","掉落","凝视者","量子之神书"
"2983","ゲイザー","物品","9","エリクサー","可偷物品","凝视者","圣灵药"
"2983","ゲイザー","防具","1646","時魔導士の悟り","可偷物品","凝视者","时魔导师的领悟"
"2983","ゲイザー","物品","364","オムライス","可偷食材","凝视者","蛋包饭"
"2983","ゲイザー","物品","251","妖艶なる尻尾","可偷素材","凝视者","妖艳的尾巴"
"2984","ベリアル","物品","907","不死鳥の魂","掉落","贝利亚尔","不死鸟之魂"
"2984","ベリアル","物品","882","侵蝕する触手","掉落","贝利亚尔","侵蚀的触手"
"2984","ベリアル","武器","4810","プロメテウス","掉落","贝利亚尔","普罗米修斯"
"2984","ベリアル","物品","9","エリクサー","可偷物品","贝利亚尔","圣灵药"
"2984","ベリアル","物品","25","不思議な木の実","可偷物品","贝利亚尔","不可思议之果"
"2984","ベリアル","物品","412","うさぎもち","可偷食材","贝利亚尔","兔子年糕"
"2984","ベリアル","物品","262","神々しい花びら","可偷素材","贝利亚尔","神圣花瓣"
"2984","ベリアル","防具","1974","エルダーサキュバスのパンツ","可偷内裤","贝利亚尔","长老魅魔的内裤"
"2985","魔神","物品","912","魔神の秘薬","掉落","魔神","魔神的秘药"
"2985","魔神","防具","4435","神殺しの呪符","掉落","魔神","弑神咒符"
"2985","魔神","物品","4449","三闘神・混沌の極秘石","掉落","魔神","三斗神・混沌的极秘石"
"2985","魔神","物品","9","エリクサー","可偷物品","魔神","圣灵药"
"2985","魔神","物品","25","不思議な木の実","可偷物品","魔神","不可思议之果"
"2985","魔神","物品","412","うさぎもち","可偷食材","魔神","兔子年糕"
"2985","魔神","物品","262","神々しい花びら","可偷素材","魔神","神圣花瓣"
"2985","魔神","防具","1974","エルダーサキュバスのパンツ","可偷内裤","魔神","长老魅魔的内裤"
"2986","女神","物品","914","女神の秘薬","掉落","女神","女神的秘药"
"2986","女神","防具","1064","万象のかんざし","掉落","女神","万象之簪"
"2986","女神","物品","4443","三闘神・光の極秘石","掉落","女神","三斗神・光的极秘石"
"2986","女神","物品","9","エリクサー","可偷物品","女神","圣灵药"
"2986","女神","物品","25","不思議な木の実","可偷物品","女神","不可思议之果"
"2986","女神","物品","412","うさぎもち","可偷食材","女神","兔子年糕"
"2986","女神","物品","262","神々しい花びら","可偷素材","女神","神圣花瓣"
"2986","女神","防具","1974","エルダーサキュバスのパンツ","可偷内裤","女神","长老魅魔的内裤"
"2987","鬼神","物品","916","鬼神の秘薬","掉落","鬼神","鬼神的秘药"
"2987","鬼神","防具","1059","森羅のマント","掉落","鬼神","森罗斗篷"
"2987","鬼神","物品","4446","三闘神・闇の極秘石","掉落","鬼神","三斗神・暗的极秘石"
"2987","鬼神","物品","9","エリクサー","可偷物品","鬼神","圣灵药"
"2987","鬼神","物品","25","不思議な木の実","可偷物品","鬼神","不可思议之果"
"2987","鬼神","物品","412","うさぎもち","可偷食材","鬼神","兔子年糕"
"2987","鬼神","物品","262","神々しい花びら","可偷素材","鬼神","神圣花瓣"
"2987","鬼神","防具","1974","エルダーサキュバスのパンツ","可偷内裤","鬼神","长老魅魔的内裤"
"2988","ワールドブレイカー","物品","928","禁職の種","掉落","世界破坏者","禁职之种"
"2988","ワールドブレイカー","防具","4051","破壊者の秘宝","掉落","世界破坏者","破坏者的秘宝"
"2988","ワールドブレイカー","物品","4455","ワールドブレイカーの神秘石","掉落","世界破坏者","世界破坏者的神秘石"
"2988","ワールドブレイカー","防具","1938","ヴィヌムのパンツ","可偷内裤","世界破坏者","薇诺姆的内裤"
"2989","ジャッジメント","物品","929","禁種の種","掉落","审判","禁种之种"
"2989","ジャッジメント","防具","4058","ジャッジメントブローチ","掉落","审判","审判胸针"
"2989","ジャッジメント","物品","4458","ジャッジメントの神秘石","掉落","审判","审判者的神秘石"
"2989","ジャッジメント","防具","1938","ヴィヌムのパンツ","可偷内裤","审判","薇诺姆的内裤"
"2990","デウスエクスマキナ","物品","813","デウスエクスマキナの禁璧","掉落","机械降神","机械降神的禁璧"
"2990","デウスエクスマキナ","物品","936","カオスダイヤモンド","掉落","机械降神","混沌钻石"
"2990","デウスエクスマキナ","物品","937","カオスクリスタル","掉落","机械降神","混沌水晶"
"2990","デウスエクスマキナ","物品","9","エリクサー","可偷物品","机械降神","圣灵药"
"2990","デウスエクスマキナ","物品","24","命の木の実","可偷物品","机械降神","生命之果"
"2990","デウスエクスマキナ","物品","277","究極の羽根","可偷素材","机械降神","究极之羽"
"2991","カオス","物品","10","ラストエリクサー","可偷物品","混沌","最终圣灵药"
"2991","カオス","物品","32","小さなメダル","可偷物品","混沌","小奖章"
"2991","カオス","物品","277","究極の羽根","可偷素材","混沌","究极之羽"
"2991","カオス","防具","2070","サマエルのパンツ","可偷内裤","混沌","萨麦尔的内裤"
"2992","カオス","物品","10","ラストエリクサー","可偷物品","混沌","最终圣灵药"
"2992","カオス","物品","32","小さなメダル","可偷物品","混沌","小奖章"
"2992","カオス","物品","277","究極の羽根","可偷素材","混沌","究极之羽"
"2992","カオス","防具","2070","サマエルのパンツ","可偷内裤","混沌","萨麦尔的内裤"
"2993","カオス","物品","811","カオスの禁璧","掉落","混沌","混沌的禁璧"
"2993","カオス","防具","4078","混沌回避フォース","掉落","混沌","混沌回避力"
"2993","カオス","物品","4461","カオスの神秘石","掉落","混沌","混沌的神秘石"
"2993","カオス","物品","10","ラストエリクサー","可偷物品","混沌","最终圣灵药"
"2993","カオス","物品","32","小さなメダル","可偷物品","混沌","小奖章"
"2993","カオス","物品","277","究極の羽根","可偷素材","混沌","究极之羽"
"2993","カオス","防具","2070","サマエルのパンツ","可偷内裤","混沌","萨麦尔的内裤"
"2994","蛭蟲","物品","900","大きなメダル","掉落","蛭虫","大奖章"
"2994","蛭蟲","物品","4042","スキュラのための絶秘石","掉落","蛭虫","斯库拉的绝秘石"
"2994","蛭蟲","物品","792","スキュラの禁璧","掉落","蛭虫","斯库拉的禁璧"
"2995","華音","物品","902","最終薬草","掉落","华音","最终药草"
"2995","華音","物品","457","妖精のパフェ","掉落","华音","妖精的芭菲"
"2995","華音","物品","4078","アルラウネのための絶秘石","掉落","华音","阿娜温的绝秘石"
"2996","禍撫","物品","919","命の神実","掉落","祸抚","生命之神果"
"2996","禍撫","防具","4056","アガルタブローチ","掉落","祸抚","阿卡拉胸针"
"2996","禍撫","物品","4018","スライムのための絶秘石","掉落","祸抚","史莱姆的绝秘石"
"2997","イデア・ルカス","物品","459","カオスシチュー","掉落","伊迪亚・鲁卡斯","混沌炖菜"
"2997","イデア・ルカス","物品","877","勇者の魂","掉落","伊迪亚・鲁卡斯","勇者的魂"
"2997","イデア・ルカス","防具","4447","物理の神書","掉落","伊迪亚・鲁卡斯","物理之神书"
"2997","イデア・ルカス","防具","1938","ヴィヌムのパンツ","可偷内裤","伊迪亚・鲁卡斯","薇诺姆的内裤"
"2998","アガリアレプト","物品","460","しあわせミルク","掉落","阿加利亚雷普特","幸福牛奶"
"2998","アガリアレプト","防具","4451","快楽の神書","掉落","阿加利亚雷普特","快乐之神书"
"2998","アガリアレプト","物品","3679","悪夢に親しむ者の絶秘石","掉落","阿加利亚雷普特","噩梦亲和者的绝秘石"
"2998","アガリアレプト","物品","9","エリクサー","可偷物品","阿加利亚雷普特","圣灵药"
"2998","アガリアレプト","物品","25","不思議な木の実","可偷物品","阿加利亚雷普特","不可思议之果"
"2998","アガリアレプト","物品","412","うさぎもち","可偷食材","阿加利亚雷普特","兔子年糕"
"2998","アガリアレプト","物品","262","神々しい花びら","可偷素材","阿加利亚雷普特","神圣花瓣"
"2998","アガリアレプト","防具","1974","エルダーサキュバスのパンツ","可偷内裤","阿加利亚雷普特","长老魅魔的内裤"
