"来源ID","日本名称","学习等级","学习类型","学习对象ID","日本技能/能力名称","日本所属","日本说明","HP消耗","MP消耗","SP消耗（内部TP）","所需AP（记忆容量）","技能类型ID","中文名称","中文技能/能力名称","中文所属","中文说明"
"1","戦士","2","技能","917","切り返し","剣技","威力：Ｅ（力）　対象：敵単体
斬り下ろしの直後に手首を返して斬り上げる剣技","0","0","2","","7","战士","反击","剑技","威力：Ｅ（力）　対象：敵単体
斩下后迅速手腕回转斩上的剑技"
"1","戦士","3","能力","61","HP10%アップ","戦技アビリティ","最大HPが10%アップする","","","","3","1","战士","HP提升10%","战技能力","最大HP提升10%"
"1","戦士","4","技能","918","疾風突き","剣技","威力：Ｅ（力）　対象：敵単体　属性：風　効果：速攻
疾風のように踏み込み、敵に刃を叩き込む剣技","0","0","1","","7","战士","疾风突刺","剑技","威力：Ｅ（力）　対象：敵単体　属性：風　効果：速攻
如疾风般突进，将刃击入敌方的剑技"
"1","戦士","5","技能","3096","力溜め","特技","対象：使用者　効果：攻撃力アップ
力を溜め、次のターンの攻撃力をアップさせる","0","0","1","","63","战士","蓄力","特技","対象：使用者　効果：攻撃力アップ
蓄力，提升下一回合的攻击力"
"1","戦士","6","技能","919","払車剣","剣技","威力：Ｄ（力）　対象：敵単体
車輪状の衝撃波を放ち敵を切り裂く剣技","0","0","3","","7","战士","扫车剑","剑技","威力：Ｄ（力）　対象：敵単体
释放车轮状的冲击波，斩裂敌人"
"1","戦士","7","能力","544","防御力10%アップ","防御アビリティ","防御力が10%アップする","","","","3","4","战士","防御力提升10%","防御能力","防御力提升10%"
"1","戦士","8","技能","920","諸刃斬り","剣技","威力：Ｂ（力）　対象：敵単体　効果：自分もダメージ
高威力だが自身もダメージを受けてしまう両刃の斬撃","0","0","2","","7","战士","双刃斩","剑技","威力：Ｂ（力）　対象：敵単体　効果：自分もダメージ
高威力但自身也会受到伤害的双刃斩击"
"1","戦士","9","能力","66","攻撃力10%アップ","戦技アビリティ","攻撃力が10%アップする","","","","3","1","战士","攻击力提升10%","战技能力","攻击力提升10%"
"1","戦士","10","技能","921","隼斬り","剣技","威力：Ｃ（力）　対象：敵単体2回
素早く二連続の斬撃を繰り出す剣技","0","0","4","","7","战士","隼斩","剑技","威力：Ｃ（力）　対象：敵単体2回
迅速连续发出两次斩击的剑技"
"2","剣士","2","技能","932","烈風剣","剣技","威力：Ｄ（力）　対象：敵全体　属性：風
剣撃によって真空の刃を発生させ敵全体に放つ剣技","0","0","4","","7","剑士","烈风剑","剑技","威力：Ｄ（力）　対象：敵全体　属性：風
通过剑击产生真空之刃，对全体敌人放出的剑技"
"2","剣士","3","能力","62","HP20%アップ","戦技アビリティ","最大HPが20%アップする","","","","5","1","剑士","HP提升20%","战技能力","最大HP提升20%"
"2","剣士","4","技能","935","デッドクラッシュ","剣技","威力：Ｃ（力）　対象：敵単体　効果：即死
渾身の力で刃を振り下ろし、命を絶つ剣技","0","0","4","","7","剑士","死亡冲击","剑技","威力：Ｃ（力）　対象：敵単体　効果：即死
全力挥下剑刃，斩断生命的剑技"
"2","剣士","5","技能","3097","気合い溜め","特技","対象：使用者　効果：攻撃力アップ
力を溜め、次のターンの攻撃力を大きくアップさせる","0","0","2","","63","剑士","集中蓄力","特技","対象：使用者　効果：攻撃力アップ
蓄力，大幅提升下一回合的攻击力"
"2","剣士","6","技能","933","月影の太刀","剣技","威力：Ｂ（力）　対象：敵単体
月影の下に舞い、敵を一閃する剣技","0","0","5","","7","剑士","月影之太刀","剑技","威力：Ｂ（力）　対象：敵単体
在月影下舞动，一闪敌人的剑技"
"2","剣士","7","能力","212","「剣」装備可能","戦技アビリティ","「剣」「騎士剣」が装備可能になる","","","","5","1","剑士","可以装备「剑」","战技能力","变得可以装备「剑」「骑士剑」"
"2","剣士","8","技能","934","魔神斬り","剣技","威力：Ｓ（力）　対象：敵単体　効果：会心orミス
魔神のように会心の一撃を繰り出すが、外す可能性も高い","0","0","2","","7","剑士","魔神斩","剑技","威力：Ｓ（力）　対象：敵単体　効果：会心orミス
如魔神般放出会心一击，但失误的可能性也很高"
"2","剣士","9","能力","163","剣ブースター","戦技アビリティ","剣装備時、その武器によるダメージが15%アップする","","","","10","1","剑士","剑增强","战技能力","装备剑时，该武器造成的伤害提升15%"
"2","剣士","10","技能","936","二刀十字斬","剣技","威力：Ｂ（力）　対象：敵単体2回
二本の刃で十字を描くように敵を切り裂く斬撃","0","0","5","","7","剑士","二刀十字斩","剑技","威力：Ｂ（力）　対象：敵単体2回
用两把剑划出十字，斩裂敌人的斩击"
"3","剣聖","2","技能","946","屠竜撃","剣技","威力：Ａ（力）　対象：敵単体　効果：竜特攻
竜をも討ち滅ぼす必殺の斬撃","0","0","7","","7","剑圣","屠龙击","剑技","威力：Ａ（力）　対象：敵単体　効果：竜特攻
必杀的斩击，连龙也能讨伐"
"3","剣聖","3","能力","63","HP30%アップ","戦技アビリティ","最大HPが30%アップする","","","","7","1","剑圣","HP提升30%","战技能力","最大HP提升30%"
"3","剣聖","4","技能","953","死剣・乱れ星","剣技","威力：Ａ（力）　対象：敵ランダム5回
何度も斬撃を繰り出し、敵に連続攻撃を浴びせる魔剣技","0","0","8","","7","剑圣","死剑・乱星","剑技","威力：Ａ（力）　対象：敵ランダム5回
多次斩击，对敌人进行连续攻击的魔剑技"
"3","剣聖","5","技能","3098","全力溜め","特技","対象：使用者　効果：攻撃力アップ
力を溜め、次のターンの攻撃力を爆発的にアップさせる","0","0","4","","63","剑圣","全力蓄力","特技","対象：使用者　効果：攻撃力アップ
蓄力，爆发性地提升下一回合的攻击力"
"3","剣聖","6","技能","1704","魔法剣ホーリー","魔法剣","対象：使用者　効果：物理攻撃聖属性付加
武器に聖なる魔力を宿し、聖属性の攻撃を繰り出す魔法剣","0","6","0","","28","剑圣","魔法剑---圣","魔法剑","対象：使用者　効果：物理攻撃聖属性付加
武器寄宿神圣魔力，释放圣属性攻击的魔法剑"
"3","剣聖","7","能力","230","「剣技」使用可能","戦技アビリティ","「剣技」が使用可能になる","","","","5","1","剑圣","「剑技」可以使用","战技能力","可以使用「剑技」"
"3","剣聖","8","技能","947","雲身払車剣","剣技","威力：Ａ（力）　対象：敵全体
車輪状の衝撃波を複数生じさせ、敵全体を切り裂く剣技","0","0","8","","7","剑圣","云身拂车剑","剑技","威力：Ａ（力）　対象：敵全体
产生多个车轮状冲击波，斩裂全体敌人的剑技"
"3","剣聖","9","能力","164","剣ハイブースター","戦技アビリティ","剣装備時、その武器によるダメージが30%アップする","","","","20","1","剑圣","剑高级增强","战技能力","装备剑时，该武器造成的伤害提升30%"
"3","剣聖","10","技能","961","月下散華","剣技","威力：Ｓ（力）　対象：敵単体
月の下、相手の命を花と散らす奥義","0","0","10","","7","剑圣","月下散华","剑技","威力：Ｓ（力）　対象：敵単体
在月光下，将对手的生命如花般散落，奥义"
"3","剣聖","10","能力","8444","剣マスタリー","特殊アビリティ","剣の装備効果が上昇する","","","","10","5","剑圣","剑精通","特殊能力","剑的装备效果提升"
"4","魔剣士","2","技能","948","滅世斬","剣技","威力：Ｓ（力）　対象：敵単体　属性：闇
暗黒の力を刃に込めた必滅の奥義","10%当前HP","0","5","","7","魔剑士","灭世斩","剑技","威力：Ｓ（力）　対象：敵単体　属性：闇
将暗黑之力注入刃中的必灭奥义"
"4","魔剣士","3","能力","213","「巨剣」装備可能","戦技アビリティ","「巨剣」が装備可能になる","","","","5","1","魔剑士","可以装备「巨剑」","战技能力","变得可以装备「巨剑」"
"4","魔剣士","4","能力","110","暗黒","戦技アビリティ","通常攻撃の威力が大幅に上がるが最大HPの2%を消費する","","","","5","1","魔剑士","黑暗","战技能力","普通攻击威力大幅上升，但消耗最大HP的2%"
"4","魔剣士","5","能力","147","闇属性付加","戦技アビリティ","物理攻撃に闇属性を付加する","","","","20","1","魔剑士","暗属性附加","战技能力","物理攻击附加暗属性"
"4","魔剣士","6","技能","1705","魔法剣ダーク","魔法剣","対象：使用者　効果：物理攻撃闇属性付加
武器に闇の魔力を宿し、闇属性の攻撃を繰り出す魔法剣","0","6","0","","28","魔剑士","魔法剑---暗","魔法剑","対象：使用者　効果：物理攻撃闇属性付加
武器寄宿暗之魔力，释放暗属性攻击的魔法剑"
"4","魔剣士","7","能力","230","「剣技」使用可能","戦技アビリティ","「剣技」が使用可能になる","","","","5","1","魔剑士","「剑技」可以使用","战技能力","可以使用「剑技」"
"4","魔剣士","8","技能","954","魔影流星斬","剣技","威力：Ｓ（力）　対象：敵ランダム5回　属性：闇
流星のような斬撃の嵐で敵を滅ぼす闇の奥義","10%当前HP","0","5","","7","魔剑士","魔影流星斩","剑技","威力：Ｓ（力）　対象：敵ランダム5回　属性：闇
以流星般的斩击风暴消灭敌人的暗之奥义"
"4","魔剣士","9","能力","164","剣ハイブースター","戦技アビリティ","剣装備時、その武器によるダメージが30%アップする","","","","20","1","魔剑士","剑高级增强","战技能力","装备剑时，该武器造成的伤害提升30%"
"4","魔剣士","10","技能","962","魔刃・雪時雨","剣技","威力：Ｓ（力）　対象：敵単体
舞い散る雪時雨の中、敵を切り裂く奥義","0","0","10","","7","魔剑士","魔刃・雪时雨","剑技","威力：Ｓ（力）　対象：敵単体
在飘散的雪时雨中，斩裂敌人的奥义"
"4","魔剣士","10","能力","8444","剣マスタリー","特殊アビリティ","剣の装備効果が上昇する","","","","10","5","魔剑士","剑精通","特殊能力","剑的装备效果提升"
"5","聖堂騎士","2","技能","1051","アンデッドスレイヤー","槍技","威力：Ｃ（力・速）　対象：敵単体　効果：ゾンビ・ゴースト特攻
死から蘇ったモンスターを滅ぼす、聖なる槍技","0","0","4","","10","圣堂骑士","亡灵猎手","枪技","威力：Ｃ（力・速）　対象：敵単体　効果：ゾンビ・ゴースト特攻
消灭从死亡中复苏的魔物，神圣的枪技"
"5","聖堂騎士","3","能力","545","防御力20%アップ","防御アビリティ","防御力が20%アップする","","","","5","4","圣堂骑士","防御力提升20%","防御能力","防御力提升20%"
"5","聖堂騎士","4","技能","1088","聖槍ガード","槍技","対象：味方全体　効果：防御力アップ
聖なる槍を掲げて守護し、味方全体の防御力をアップさせる","0","0","4","","10","圣堂骑士","圣枪守护","枪技","対象：味方全体　効果：防御力アップ
高举神圣的枪守护，提升我方全体的防御力"
"5","聖堂騎士","5","技能","1053","ホーリーシフト","槍技","威力：Ｂ（力・速）　対象：敵単体　属性：聖
破邪のオーラを込め、敵単体を刺し貫く槍技","0","6","3","","10","圣堂骑士","神圣转移","枪技","威力：Ｂ（力・速）　対象：敵単体　属性：聖
蕴含破邪之气的枪技，贯穿单体敌人"
"5","聖堂騎士","6","能力","134","ゾンビ特攻","戦技アビリティ","ゾンビに対して特攻ダメージを与える","","","","12","1","圣堂骑士","僵尸特攻","战技能力","对僵尸造成特攻伤害"
"5","聖堂騎士","7","能力","135","ゴースト特攻","戦技アビリティ","ゴーストに対して特攻ダメージを与える","","","","12","1","圣堂骑士","幽灵特攻","战技能力","对幽灵造成特攻伤害"
"5","聖堂騎士","8","技能","1085","祈りの聖槍","槍技","対象：味方単体　効果：HP中回復
聖なる槍を天に掲げて祈り、味方単体のHPを回復させる","0","0","2","","10","圣堂骑士","祈祷的圣枪","枪技","対象：味方単体　効果：HP中回復
高举神圣的枪向天祈祷，恢复我方单体的HP"
"5","聖堂騎士","9","能力","566","大防御","防御アビリティ","防御のダメージ減少率が2倍になる","","","","10","4","圣堂骑士","大防御","防御能力","防御的伤害减少率变为2倍"
"5","聖堂騎士","10","技能","1054","スパイラルファイア","槍技","威力：Ａ（力・速）　対象：敵単体3回　特殊：炎
縦横無尽に疾走し、炎を纏った槍を連続で叩き込む技","0","0","7","","10","圣堂骑士","螺旋火焰","枪技","威力：Ａ（力・速）　対象：敵単体3回　特殊：炎
纵横驰骋，连续施展缠绕火焰的枪技"
"6","ホーリーナイト","2","技能","1052","レクイエムランス","槍技","威力：Ｂ（力・速）　対象：敵全体　効果：吸血鬼・ゾンビ・ゴースト特攻
不浄を討ち払い、闇の魔物を地獄に送り返す槍技","0","0","6","","10","圣骑士","镇魂之枪","枪技","威力：Ｂ（力・速）　対象：敵全体　効果：吸血鬼・ゾンビ・ゴースト特攻
驱除不洁，将黑暗魔物送回地狱的枪技"
"6","ホーリーナイト","3","能力","546","防御力30%アップ","防御アビリティ","防御力が30%アップする","","","","7","4","圣骑士","防御力提升30%","防御能力","防御力提升30%"
"6","ホーリーナイト","4","技能","1087","聖槍チャージ","槍技","対象：味方全体　効果：攻撃力アップ
聖なる槍を掲げて鼓舞し、味方全体の攻撃力をアップさせる","0","0","4","","10","圣骑士","圣枪充能","枪技","対象：味方全体　効果：攻撃力アップ
高举神圣的枪鼓舞，提升我方全体的攻击力"
"6","ホーリーナイト","5","能力","118","淫魔特攻","戦技アビリティ","淫魔に対して特攻ダメージを与える","","","","12","1","圣骑士","淫魔特攻","战技能力","对淫魔造成特攻伤害"
"6","ホーリーナイト","6","技能","1061","サン・コンキスタ","槍技","威力：Ａ（力・速）　対象：敵ランダム3回　属性：聖
破邪の力がこもった槍を乱舞させ、三連続で敵を貫く奥義","0","8","4","","10","圣骑士","圣・征服","枪技","威力：Ａ（力・速）　対象：敵ランダム3回　属性：聖
蕴含破邪之力的枪乱舞，连续三次贯穿敌人的奥义"
"6","ホーリーナイト","7","能力","119","吸血鬼特攻","戦技アビリティ","吸血鬼に対して特攻ダメージを与える","","","","12","1","圣骑士","吸血鬼特攻","战技能力","对吸血鬼造成特攻伤害"
"6","ホーリーナイト","8","技能","1086","奇跡の聖槍","槍技","対象：味方全体　効果：HP中回復
奇跡の槍を天に掲げて祈り、味方全員のHPを回復させる","0","0","4","","10","圣骑士","奇迹的圣枪","枪技","対象：味方全体　効果：HP中回復
高举奇迹的枪向天祈祷，恢复我方全体的HP"
"6","ホーリーナイト","9","能力","567","究極防御","防御アビリティ","防御のダメージ減少率が4倍になる","","","","20","4","圣骑士","究极防御","防御能力","防御的伤害减少率变为4倍"
"6","ホーリーナイト","10","技能","1062","サン・リベリオン","槍技","威力：Ｓ（力・速）　対象：敵単体　属性：聖
破邪の力を槍に宿し、悪を滅する神聖奥義","0","12","5","","10","圣骑士","圣・叛逆","枪技","威力：Ｓ（力・速）　対象：敵単体　属性：聖
将破邪之力寄宿于枪中，消灭邪恶的神圣奥义"
"6","ホーリーナイト","10","能力","8448","槍マスタリー","特殊アビリティ","槍の装備効果が上昇する","","","","10","5","圣骑士","枪精通","特殊能力","枪的装备效果提升"
"7","魔法戦士","2","技能","1698","魔法剣ファイア","魔法剣","対象：使用者　効果：物理攻撃炎属性付加
武器に炎の魔力を宿し、炎属性の攻撃を繰り出す魔法剣","0","3","0","","28","魔法战士","魔法剑---火","魔法剑","対象：使用者　効果：物理攻撃炎属性付加
武器寄宿火焰魔力，释放炎属性攻击的魔法剑"
"7","魔法戦士","2","技能","1699","魔法剣ブリザード","魔法剣","対象：使用者　効果：物理攻撃氷属性付加
武器に氷の魔力を宿し、氷属性の攻撃を繰り出す魔法剣","0","3","0","","28","魔法战士","魔法剑---冰","魔法剑","対象：使用者　効果：物理攻撃氷属性付加
武器寄宿冰之魔力，释放冰属性攻击的魔法剑"
"7","魔法戦士","2","技能","1700","魔法剣サンダー","魔法剣","対象：使用者　効果：物理攻撃雷属性付加
武器に雷の魔力を宿し、雷属性の攻撃を繰り出す魔法剣","0","3","0","","28","魔法战士","魔法剑---雷","魔法剑","対象：使用者　効果：物理攻撃雷属性付加
武器寄宿雷之魔力，释放雷属性攻击的魔法剑"
"7","魔法戦士","3","能力","565","瀕死時魔法耐性50%","防御アビリティ","瀕死時、受ける魔法ダメージを半分にする","","","","5","4","魔法战士","濒死时魔法耐性50%","防御能力","濒死时，受到的魔法伤害减半"
"7","魔法戦士","4","技能","922","火炎斬り","剣技","威力：Ｃ（力）　対象：敵単体　属性：炎
炎の魔力を帯びた斬撃","0","4","2","","7","魔法战士","火焰斩","剑技","威力：Ｃ（力）　対象：敵単体　属性：炎
带有火焰魔力的斩击"
"7","魔法戦士","5","技能","923","氷斬り","剣技","威力：Ｃ（力）　対象：敵単体　属性：氷
氷の魔力を帯びた斬撃","0","4","2","","7","魔法战士","冰斩","剑技","威力：Ｃ（力）　対象：敵単体　属性：氷
带有冰之魔力的斩击"
"7","魔法戦士","6","技能","924","稲妻斬り","剣技","威力：Ｃ（力）　対象：敵単体　属性：雷
雷の魔力を帯びた斬撃","0","4","2","","7","魔法战士","闪电斩","剑技","威力：Ｃ（力）　対象：敵単体　属性：雷
带有雷之魔力的斩击"
"7","魔法戦士","7","技能","1706","魔法剣ポイズン","魔法剣","対象：使用者　効果：物理攻撃毒付加
武器に毒の魔力を宿し、毒の状態異常にする魔法剣","0","3","0","","28","魔法战士","魔法剑---毒","魔法剑","対象：使用者　効果：物理攻撃毒付加
武器寄宿毒之魔力，使敌人中毒的魔法剑"
"7","魔法戦士","7","技能","1707","魔法剣ブライン","魔法剣","対象：使用者　効果：物理攻撃暗闇付加
武器に暗闇の魔力を宿し、暗闇の状態異常にする魔法剣","0","3","0","","28","魔法战士","魔法剑---失明","魔法剑","対象：使用者　効果：物理攻撃暗闇付加
武器寄宿黑暗之魔力，使敌人黑暗的魔法剑"
"7","魔法戦士","7","技能","1708","魔法剣サイレンス","魔法剣","対象：使用者　効果：物理攻撃沈黙付加
武器に沈黙の魔力を宿し、沈黙の状態異常にする魔法剣","0","3","0","","28","魔法战士","魔法剑---沉默","魔法剑","対象：使用者　効果：物理攻撃沈黙付加
武器寄宿沉默之魔力，使敌人沉默的魔法剑"
"7","魔法戦士","8","技能","1716","マジックバリア","魔法剣","対象：味方全体　効果：魔法ダメージ半減
味方全体を魔法から守るバリアを展開する","0","10","0","","28","魔法战士","魔法屏障","魔法剑","対象：味方全体　効果：魔法ダメージ半減
展开守护我方全体的魔法屏障"
"7","魔法戦士","9","技能","1714","魔法剣ドレイン","魔法剣","対象：使用者　効果：物理攻撃HP吸収
武器に体力吸収の力を宿し、HPを奪う魔法剣","0","4","0","","28","魔法战士","魔法剑---吸血","魔法剑","対象：使用者　効果：物理攻撃HP吸収
武器寄宿体力吸收之力，吸取HP的魔法剑"
"7","魔法戦士","10","技能","931","真空斬り","剣技","威力：Ａ（力）　対象：敵単体　属性：風
あまりの鋭さに真空を生じさせる斬撃","0","8","4","","7","魔法战士","真空斩","剑技","威力：Ａ（力）　対象：敵単体　属性：風
因过于锐利而产生真空的斩击"
"8","マスターソーサラー","2","技能","1701","魔法剣ウィンド","魔法剣","対象：使用者　効果：物理攻撃風属性付加
武器に風の魔力を宿し、風属性の攻撃を繰り出す魔法剣","0","3","0","","28","奥法战士","魔法剑---风","魔法剑","対象：使用者　効果：物理攻撃風属性付加
武器寄宿风之魔力，释放风属性攻击的魔法剑"
"8","マスターソーサラー","2","技能","1702","魔法剣アース","魔法剣","対象：使用者　効果：物理攻撃土属性付加
武器に土の魔力を宿し、土属性の攻撃を繰り出す魔法剣","0","3","0","","28","奥法战士","魔法剑---土","魔法剑","対象：使用者　効果：物理攻撃土属性付加
武器寄宿土之魔力，释放土属性攻击的魔法剑"
"8","マスターソーサラー","2","技能","1703","魔法剣アクア","魔法剣","対象：使用者　効果：物理攻撃水属性付加
武器に水の魔力を宿し、水属性の攻撃を繰り出す魔法剣","0","3","0","","28","奥法战士","魔法剑---水","魔法剑","対象：使用者　効果：物理攻撃水属性付加
武器寄宿水之魔力，释放水属性攻击的魔法剑"
"8","マスターソーサラー","3","能力","522","「魔法剣」使用可能","魔法アビリティ","「魔法剣」が使用可能になる","","","","5","3","奥法战士","可以使用「魔法剑」","魔法能力","可以使用「魔法剑」"
"8","マスターソーサラー","3","能力","6736","マジカルソード","戦技アビリティ","「剣技」の威力が魔力にのみ依存する","","","","2","1","奥法战士","魔法剑","战技能力","「剑技」的威力仅取决于魔力"
"8","マスターソーサラー","4","技能","942","フレイムスラッシュ","剣技","威力：Ｂ（力）　対象：敵全体　属性：炎
炎の魔力を剣に宿し、敵を一閃する奥義","0","7","3","","7","奥法战士","烈焰斩","剑技","威力：Ｂ（力）　対象：敵全体　属性：炎
将炎之魔力注入剑中，一闪敌人的奥义"
"8","マスターソーサラー","5","技能","943","アイススラッシュ","剣技","威力：Ｂ（力）　対象：敵全体　属性：氷
氷の魔力を剣に宿し、敵を一閃する奥義","0","7","3","","7","奥法战士","冰霜斩","剑技","威力：Ｂ（力）　対象：敵全体　属性：氷
将冰之魔力注入剑中，一闪敌人的奥义"
"8","マスターソーサラー","6","技能","944","サンダースラッシュ","剣技","威力：Ｂ（力）　対象：敵全体　属性：雷
雷の魔力を剣に宿し、敵を一閃する奥義","0","7","3","","7","奥法战士","雷电斩","剑技","威力：Ｂ（力）　対象：敵全体　属性：雷
将雷之魔力注入剑中，一闪斩敌的奥义"
"8","マスターソーサラー","7","技能","1709","魔法剣パラライズ","魔法剣","対象：使用者　効果：物理攻撃麻痺付加
武器に麻痺の魔力を宿し、麻痺の状態異常にする魔法剣","0","4","0","","28","奥法战士","魔法剑---麻痹","魔法剑","対象：使用者　効果：物理攻撃麻痺付加
武器寄宿麻痹之魔力，使敌人麻痹的魔法剑"
"8","マスターソーサラー","7","技能","1710","魔法剣コンフューズ","魔法剣","対象：使用者　効果：物理攻撃混乱付加
武器に混乱の魔力を宿し、混乱の状態異常にする魔法剣","0","4","0","","28","奥法战士","魔法剑---混乱","魔法剑","対象：使用者　効果：物理攻撃混乱付加
武器寄宿混乱魔力，使敌人陷入混乱状态的魔法剑"
"8","マスターソーサラー","7","技能","1711","魔法剣スリープ","魔法剣","対象：使用者　効果：物理攻撃睡眠付加
武器に睡眠の魔力を宿し、睡眠の状態異常にする魔法剣","0","4","0","","28","奥法战士","魔法剑---睡眠","魔法剑","対象：使用者　効果：物理攻撃睡眠付加
武器寄宿睡眠魔力，使敌人陷入睡眠状态的魔法剑"
"8","マスターソーサラー","8","技能","1717","マジックリフレクト","魔法剣","対象：味方全体　効果：魔法反射
魔法を反射するバリアを展開する","0","15","5","","28","奥法战士","魔法反射","魔法剑","対象：味方全体　効果：魔法反射
展开反射魔法的屏障"
"8","マスターソーサラー","8","能力","7584","アタックマギ","魔法アビリティ","攻撃魔法の威力が攻撃力に依存するようになる","","","","4","3","奥法战士","攻击魔法","魔法能力","攻击魔法的威力取决于攻击力"
"8","マスターソーサラー","9","技能","1712","魔法剣デス","魔法剣","対象：使用者　効果：物理攻撃即死付加
武器に死の魔力を宿し、敵を即死させる魔法剣","0","5","0","","28","奥法战士","魔法剑---死亡","魔法剑","対象：使用者　効果：物理攻撃即死付加
武器寄宿死亡魔力，使敌人即死的魔法剑"
"8","マスターソーサラー","10","技能","959","ギガスラッシュ","剣技","威力：Ａ（力）　対象：敵全体　属性：炎・氷・雷
三属性の魔力を刃に込め、敵を一閃する破壊奥義","0","10","4","","7","奥法战士","巨型斩击","剑技","威力：Ａ（力）　対象：敵全体　属性：炎・氷・雷
将三属性的魔力注入刀刃，一闪敌人，破坏奥义"
"8","マスターソーサラー","10","能力","8444","剣マスタリー","特殊アビリティ","剣の装備効果が上昇する","","","","10","5","奥法战士","剑精通","特殊能力","剑的装备效果提升"
"9","竜騎士","2","技能","1041","ハイジャンプ","槍技","威力：Ｃ（力・速）　対象：敵単体
天高く飛び跳ね、落下の衝撃を込めた一撃を繰り出す槍技","0","0","4","","10","龙骑士","高跳","枪技","威力：Ｃ（力・速）　対象：敵単体
高高跃起，以落下的冲击力施展一记枪技"
"9","竜騎士","3","技能","1042","鳥落とし","槍技","威力：Ｄ（力・速）　対象：敵単体　効果：鳥特攻
空を駆け、飛翔する魔物を槍で叩き落とす","0","0","3","","10","龙骑士","落鸟","枪技","威力：Ｄ（力・速）　対象：敵単体　効果：鳥特攻
在空中疾驰，用枪将飞翔的魔物击落"
"9","竜騎士","4","技能","1082","竜剣","槍技","威力：Ｅ（力・速）　対象：敵単体　効果：HP吸収・SP吸収
魔力を込めた槍で敵のHPとSPを吸収する技","0","0","2","","10","龙骑士","龙剑","枪技","威力：Ｅ（力・速）　対象：敵単体　効果：HP吸収・SP吸収
用魔力注入的枪吸收敌人的HP和SP的技能"
"9","竜騎士","5","能力","128","ハーピー特攻","戦技アビリティ","ハーピーに対して特攻ダメージを与える","","","","12","1","龙骑士","对哈比特攻","战技能力","对哈比造成特攻伤害"
"9","竜騎士","6","技能","1045","火炎槍","槍技","威力：Ｃ（力・速）　対象：敵単体　属性：炎
火炎を伴った槍で頭上から敵を貫く","0","0","4","","10","龙骑士","火炎枪","枪技","威力：Ｃ（力・速）　対象：敵単体　属性：炎
用带有火焰的枪从头顶贯穿敌人"
"9","竜騎士","7","技能","1048","ハイウィンド","槍技","威力：Ｃ（力・速）　対象：敵単体　属性：風
真空を伴った槍で敵を切り裂く","0","0","4","","10","龙骑士","疾风枪","枪技","威力：Ｃ（力・速）　対象：敵単体　属性：風
用带有真空的枪切割敌人"
"9","竜騎士","8","技能","1043","インパクトスピア","槍技","威力：Ｃ（力・速）　対象：敵全体
天高く飛び跳ね、槍を振るって衝撃波を敵全体に浴びせる","0","0","5","","10","龙骑士","冲击之矛","枪技","威力：Ｃ（力・速）　対象：敵全体
高高跃起，挥舞枪向全体敌人释放冲击波"
"9","竜騎士","9","能力","169","槍ブースター","戦技アビリティ","槍装備時、その武器によるダメージが15%アップする","","","","10","1","龙骑士","枪增强","战技能力","装备枪时，该武器造成的伤害提升15%"
"9","竜騎士","10","技能","1044","飛竜の舞い","槍技","威力：Ｂ（力・速）　対象：敵ランダム3回
何度も連続で飛び跳ね、落下の刺突を3連続で繰り出す","0","0","5","","10","龙骑士","飞龙之舞","枪技","威力：Ｂ（力・速）　対象：敵ランダム3回
多次连续跳跃，连续施展三次落下的刺击"
"10","ホーリーランサー","2","技能","1069","イリュージョンランス","槍技","威力：Ｓ（力・速）　対象：敵単体　属性：聖
槍先を乱舞させ、闇を打ち払う神聖奥義","0","12","5","","10","圣枪骑士","幻象之枪","枪技","威力：Ｓ（力・速）　対象：敵単体　属性：聖
枪尖乱舞，驱散黑暗的神圣奥义"
"10","ホーリーランサー","3","技能","1047","雷迅槍","槍技","威力：Ｃ（力・速）　対象：敵単体　属性：雷
雷を伴った槍で頭上から敵を貫く","0","0","4","","10","圣枪骑士","雷迅枪","枪技","威力：Ｃ（力・速）　対象：敵単体　属性：雷
用带有雷的枪从头顶贯穿敌人"
"10","ホーリーランサー","4","技能","1050","アクアランス","槍技","威力：Ｃ（力・速）　対象：敵単体　属性：水
水の力を込めた槍で素早く敵を穿つ","0","0","4","","10","圣枪骑士","碧水枪","枪技","威力：Ｃ（力・速）　対象：敵単体　属性：水
用蕴含水之力的枪迅速贯穿敌人"
"10","ホーリーランサー","5","能力","215","「槍」装備可能","戦技アビリティ","「槍」「重槍」が装備可能になる","","","","5","1","圣枪骑士","可以装备「枪」","战技能力","变得可以装备「枪」「重枪」"
"10","ホーリーランサー","5","能力","6743","空の槍","戦技アビリティ","「槍技」の威力が素早さにのみ依存する","","","","2","1","圣枪骑士","空之枪","战技能力","「枪技」的威力仅取决于敏捷"
"10","ホーリーランサー","6","技能","1071","ホーリーランディング","槍技","威力：Ａ（力・速）　対象：敵全体　属性：聖
天高く飛翔し、地上に向かって聖なる槍を降らせる奥義","0","10","4","","10","圣枪骑士","神圣降临","枪技","威力：Ａ（力・速）　対象：敵全体　属性：聖
高高飞翔，向地面降下神圣之枪的奥义"
"10","ホーリーランサー","7","能力","233","「槍技」使用可能","戦技アビリティ","「槍技」が使用可能になる","","","","5","1","圣枪骑士","「枪技」可以使用","战技能力","可以使用「枪技」"
"10","ホーリーランサー","8","技能","1083","神竜剣","槍技","威力：Ｄ（力・速）　対象：敵単体　効果：HP吸収・MP吸収・SP吸収
聖なる魔力を込めた槍で敵のHPとMP、SPを吸収する技","0","0","4","","10","圣枪骑士","神龙剑","枪技","威力：Ｄ（力・速）　対象：敵単体　効果：HP吸収・MP吸収・SP吸収
用神圣魔力注入的枪吸收敌人的HP、MP和SP的技能"
"10","ホーリーランサー","9","能力","170","槍ハイブースター","戦技アビリティ","槍装備時、その武器によるダメージが30%アップする","","","","20","1","圣枪骑士","枪高级增强","战技能力","装备枪时，该武器造成的伤害提升30%"
"10","ホーリーランサー","10","技能","1073","聖槍乱舞","槍技","威力：Ｓ（力・速）　対象：敵ランダム4回　属性：聖
聖なる波動を込めた突きを4連続で繰り出す乱舞奥義","0","12","5","","10","圣枪骑士","圣枪乱舞","枪技","威力：Ｓ（力・速）　対象：敵ランダム4回　属性：聖
蕴含神圣波动的突刺连续四次施展的乱舞奥义"
"10","ホーリーランサー","10","能力","8448","槍マスタリー","特殊アビリティ","槍の装備効果が上昇する","","","","10","5","圣枪骑士","枪精通","特殊能力","枪的装备效果提升"
"11","邪竜騎士","2","技能","1070","ナイトメアランス","槍技","威力：Ｓ（力・速）　対象：敵単体　属性：闇
闇の波動を槍に帯び、敵を刺し貫く闇の奥義","10%当前HP","0","5","","10","邪龙骑士","噩梦长枪","枪技","威力：Ｓ（力・速）　対象：敵単体　属性：闇
带着黑暗波动，贯穿敌人的黑暗奥义"
"11","邪竜騎士","3","技能","1046","絶氷槍","槍技","威力：Ｃ（力・速）　対象：敵単体　属性：氷
氷を伴った槍で頭上から敵を貫く","0","0","4","","10","邪龙骑士","绝冰枪","枪技","威力：Ｃ（力・速）　対象：敵単体　属性：氷
用带有冰的枪从头顶贯穿敌人"
"11","邪竜騎士","4","技能","1049","岩烈槍","槍技","威力：Ｃ（力・速）　対象：敵単体　属性：土
大地の力を込めた槍で敵を両断する","0","0","4","","10","邪龙骑士","岩烈枪","枪技","威力：Ｃ（力・速）　対象：敵単体　属性：土
用蕴含大地之力的枪将敌人斩断"
"11","邪竜騎士","5","能力","215","「槍」装備可能","戦技アビリティ","「槍」「重槍」が装備可能になる","","","","5","1","邪龙骑士","可以装备「枪」","战技能力","变得可以装备「枪」「重枪」"
"11","邪竜騎士","5","能力","6742","剛の槍","戦技アビリティ","「槍技」の威力が攻撃力にのみ依存する","","","","2","1","邪龙骑士","刚之枪","战技能力","「枪技」的威力仅取决于攻击力"
"11","邪竜騎士","6","技能","1072","ダークネスドライブ","槍技","威力：Ａ（力・速）　対象：敵全体　属性：闇
天空を駆けて闇の魔法陣を描き、敵全体を破壊の波動に巻き込む奥義","10%当前HP","0","4","","10","邪龙骑士","黑暗驱动","枪技","威力：Ａ（力・速）　対象：敵全体　属性：闇
在天空疾驰，描绘黑暗魔法阵，将全体敌人卷入破坏波动的奥义"
"11","邪竜騎士","7","能力","233","「槍技」使用可能","戦技アビリティ","「槍技」が使用可能になる","","","","5","1","邪龙骑士","「枪技」可以使用","战技能力","可以使用「枪技」"
"11","邪竜騎士","8","技能","1084","邪竜剣","槍技","威力：Ｄ（力・速）　対象：敵単体　効果：HP吸収・SP吸収・即死
敵のHPとSPを吸収し、同時に即死させる闇の槍技","0","0","4","","10","邪龙骑士","邪龙剑","枪技","威力：Ｄ（力・速）　対象：敵単体　効果：HP吸収・SP吸収・即死
吸收敌人的HP和SP，同时使其即死的黑暗枪技"
"11","邪竜騎士","9","能力","170","槍ハイブースター","戦技アビリティ","槍装備時、その武器によるダメージが30%アップする","","","","20","1","邪龙骑士","枪高级增强","战技能力","装备枪时，该武器造成的伤害提升30%"
"11","邪竜騎士","10","技能","1074","魔槍乱舞","槍技","威力：Ｓ（力・速）　対象：敵ランダム4回　属性：闇
闇の波動を込めた突きを4連続で繰り出す乱舞奥義","10%当前HP","0","5","","10","邪龙骑士","魔枪乱舞","枪技","威力：Ｓ（力・速）　対象：敵ランダム4回　属性：闇
蕴含黑暗波动的突刺连续四次施展的乱舞奥义"
"11","邪竜騎士","10","能力","8448","槍マスタリー","特殊アビリティ","槍の装備効果が上昇する","","","","10","5","邪龙骑士","枪精通","特殊能力","枪的装备效果提升"
"12","侍","2","技能","1007","峰打ち","刀技","威力：Ｅ（力・器）　対象：敵単体　効果：麻痺
峰で敵を殴打し、気絶に至らせる刀技","0","0","2","","9","侍","峰打","刀技","威力：Ｅ（力・器）　対象：敵単体　効果：麻痺
用峰殴打敌人，使其昏厥的刀技"
"12","侍","3","技能","1033","肉斬骨断","刀技","対象：使用者　効果：攻撃力・器用さアップ・防御力ダウン
防御を捨て、攻撃のみに専念する秘技","0","0","2","","9","侍","肉斩骨断","刀技","対象：使用者　効果：攻撃力・器用さアップ・防御力ダウン
舍弃防御，专注于攻击的秘技"
"12","侍","4","技能","1008","三連斬","刀技","威力：Ｂ（力・器）　対象：敵単体3回
軽やかな刀さばきで三連撃を繰り出す技","0","0","5","","9","侍","三连斩","刀技","威力：Ｂ（力・器）　対象：敵単体3回
用轻快的刀法连续三次攻击的技巧"
"12","侍","5","能力","564","瀕死時物理耐性50%","防御アビリティ","瀕死時、受ける物理ダメージを半分にする","","","","5","4","侍","濒死时物理耐性50%","防御能力","濒死时，受到的物理伤害减半"
"12","侍","6","技能","1009","居合い抜き","刀技","威力：Ｂ（力・器）　対象：敵全体
いったん刀を鞘に収め、一撃で撫で斬りにする居合い技","0","0","6","","9","侍","居合斩","刀技","威力：Ｂ（力・器）　対象：敵全体
先将刀收入鞘中，一击斩杀的居合技"
"12","侍","7","技能","1032","心頭滅却","刀技","対象：使用者　効果：六属性無効
強靱な精神力により、3ターンの間は属性ダメージを受け付けない秘技","0","0","3","","9","侍","心头灭却","刀技","対象：使用者　効果：六属性無効
凭借坚韧的精神力，3回合内不受属性伤害的秘技"
"12","侍","8","技能","1010","牙突","刀技","威力：Ａ（力・器）　対象：敵単体
強靱な体のバネを用いて繰り出す必殺の突き技","0","0","6","","9","侍","牙突","刀技","威力：Ａ（力・器）　対象：敵単体
利用强韧的身体弹力施展的必杀突刺技"
"12","侍","9","能力","172","刀ブースター","戦技アビリティ","刀装備時、その武器によるダメージが15%アップする","","","","10","1","侍","刀增强","战技能力","装备刀时，该武器造成的伤害提升15%"
"12","侍","10","技能","1011","居合・焔ノ太刀","刀技","威力：Ｓ（力・器）　対象：敵単体　属性：炎
炎を伴う居合い抜きで、敵一体を斬る刀技","0","0","9","","9","侍","居合・焰之太刀","刀技","威力：Ｓ（力・器）　対象：敵単体　属性：炎
用伴随着炎的居合斩，斩杀单个敌人的刀技"
"13","聖侍","2","技能","1013","居合・雷土ノ太刀","刀技","威力：Ｓ（力・器）　対象：敵単体　属性：雷
雷を伴う居合い抜きで、敵一体を斬る刀技","0","0","9","","9","圣武士","居合・雷土之太刀","刀技","威力：Ｓ（力・器）　対象：敵単体　属性：雷
用伴随着雷的居合斩，斩杀单个敌人的刀技"
"13","聖侍","3","能力","216","「刀」装備可能","戦技アビリティ","「刀」が装備可能になる","","","","5","1","圣武士","可以装备「刀」","战技能力","变得可以装备「刀」"
"13","聖侍","4","技能","1018","滅魂刀","刀技","威力：Ｂ（力・器）　対象：敵単体　効果：ゴースト特攻
汚れなき白刃で、迷える魂を討ち滅ぼす刀技","0","0","5","","9","圣武士","灭魂刀","刀技","威力：Ｂ（力・器）　対象：敵単体　効果：ゴースト特攻
用无垢的白刃，讨伐迷途的灵魂的刀技"
"13","聖侍","5","能力","232","「刀技」使用可能","戦技アビリティ","「刀技」が使用可能になる","","","","5","1","圣武士","「刀技」使用可能","战技能力","可以使用「刀技」"
"13","聖侍","5","能力","6741","閃の刃","戦技アビリティ","「刀技」の威力が器用さにのみ依存する","","","","2","1","圣武士","闪之刃","战技能力","「刀技」的威力仅取决于灵巧"
"13","聖侍","6","技能","1022","縮地・焔閃","刀技","威力：Ａ（力・器）　対象：敵全体　属性：炎
神速の斬撃を繰り出し、灼熱の剣閃で敵を一掃する奥義","0","0","8","","9","圣武士","缩地・焰闪","刀技","威力：Ａ（力・器）　対象：敵全体　属性：炎
以神速斩击，用灼热的剑闪一扫敌人的奥义"
"13","聖侍","7","技能","3116","明鏡止水","特技","対象：使用者　効果：命中率・回避率アップ
心を水の流れに委ね、物理攻撃のことごとくを回避する秘技","0","0","4","","63","圣武士","明镜止水","特技","対象：使用者　効果：命中率・回避率アップ
心灵与水流合一，完全回避物理攻击的秘技"
"13","聖侍","8","技能","1024","神刀・鏡花水月","刀技","威力：Ｓ（力・器）　対象：敵単体　属性：聖
敵の命を花と散らせる明鏡止水の必殺奥義","0","12","5","","9","圣武士","神刀・镜花水月","刀技","威力：Ｓ（力・器）　対象：敵単体　属性：聖
让敌人的生命如花般散落的明镜止水必杀奥义"
"13","聖侍","9","能力","173","刀ハイブースター","戦技アビリティ","刀装備時、その武器によるダメージが30%アップする","","","","20","1","圣武士","刀高级增强","战技能力","装备刀时，该武器造成的伤害提升30%"
"13","聖侍","10","技能","1026","聖刃七星天","刀技","威力：Ｓ（力・器）　対象：敵ランダム7回　属性：聖
聖なる閃きと共に無数の剣閃を繰り出す必殺奥義","0","12","5","","9","圣武士","圣刃七星天","刀技","威力：Ｓ（力・器）　対象：敵ランダム7回　属性：聖
与神圣闪光一同施展无数剑闪的必杀奥义"
"13","聖侍","10","能力","8450","刀マスタリー","特殊アビリティ","刀の装備効果が上昇する","","","","10","5","圣武士","刀精通","特殊能力","刀的装备效果提升"
"14","魔侍","2","技能","1012","居合・吹雪ノ太刀","刀技","威力：Ｓ（力・器）　対象：敵単体　属性：氷
氷を伴う居合い抜きで、敵一体を斬る刀技","0","0","9","","9","魔武士","居合・吹雪之太刀","刀技","威力：Ｓ（力・器）　対象：敵単体　属性：氷
用伴随着冰的居合斩，斩杀单个敌人的刀技"
"14","魔侍","3","能力","216","「刀」装備可能","戦技アビリティ","「刀」が装備可能になる","","","","5","1","魔武士","可以装备「刀」","战技能力","变得可以装备「刀」"
"14","魔侍","4","技能","1019","斬神斬魔","刀技","威力：Ｂ（力・器）　対象：敵単体　効果：亜人特攻
曇りなき白刃で、妖怪変化の類を滅ぼす刀技","0","0","5","","9","魔武士","斩神斩魔","刀技","威力：Ｂ（力・器）　対象：敵単体　効果：亜人特攻
用无瑕的白刃，灭除妖孽的刀技"
"14","魔侍","5","能力","232","「刀技」使用可能","戦技アビリティ","「刀技」が使用可能になる","","","","5","1","魔武士","「刀技」使用可能","战技能力","可以使用「刀技」"
"14","魔侍","5","能力","6740","絶の刃","戦技アビリティ","「刀技」の威力が攻撃力にのみ依存する","","","","2","1","魔武士","绝之刃","战技能力","「刀技」的威力仅取决于攻击力"
"14","魔侍","6","技能","1023","魔刀・明鏡止水","刀技","威力：Ａ（力・器）　対象：敵全体　属性：水
明鏡止水の心のままに、居合い斬りを繰り出す奥義","0","0","8","","9","魔武士","魔刀・明镜止水","刀技","威力：Ａ（力・器）　対象：敵全体　属性：水
心如明镜止水，施展居合斩的奥义"
"14","魔侍","7","技能","1034","切り捨て御免","刀技","対象：使用者　効果：通常攻撃即死100%
刃に必滅の呪いを込め、少しの間通常攻撃に即死効果が伴う","0","0","2","","9","魔武士","切舍御免","刀技","対象：使用者　効果：通常攻撃即死100%
将必灭的诅咒注入刀刃，短时间内普通攻击附带即死效果"
"14","魔侍","8","技能","1025","微塵滅閃","刀技","威力：Ｓ（力・器）　対象：敵単体　属性：闇
呪怨の刃で敵を縦横無尽に切り裂く闇の必殺奥義","10%当前HP","0","5","","9","魔武士","微尘灭闪","刀技","威力：Ｓ（力・器）　対象：敵単体　属性：闇
用诅咒之刃将敌人纵横无忌地斩裂的暗之必杀奥义"
"14","魔侍","9","能力","173","刀ハイブースター","戦技アビリティ","刀装備時、その武器によるダメージが30%アップする","","","","20","1","魔武士","刀高级增强","战技能力","装备刀时，该武器造成的伤害提升30%"
"14","魔侍","10","技能","1027","桜花幻舞","刀技","威力：Ｓ（力・器）　対象：敵ランダム6回　属性：闇
闇の居合いを連続で繰り出す裏の奥義","10%当前HP","0","5","","9","魔武士","樱花幻舞","刀技","威力：Ｓ（力・器）　対象：敵ランダム6回　属性：闇
连续施展暗之居合的里奥义"
"14","魔侍","10","能力","8450","刀マスタリー","特殊アビリティ","刀の装備効果が上昇する","","","","10","5","魔武士","刀精通","特殊能力","刀的装备效果提升"
"15","パワーファイター","2","技能","1124","剛襲棍","棍技","威力：Ｂ（力）　対象：敵単体
剛力で敵を一撃し、粉砕する棍技","0","0","5","","12","力量斗士","刚袭棍","棍技","威力：Ｂ（力）　対象：敵単体
用刚力一击粉碎敌人的棍技"
"15","パワーファイター","3","能力","67","攻撃力20%アップ","戦技アビリティ","攻撃力が20%アップする","","","","5","1","力量斗士","攻击力提升20%","战技能力","攻击力提升20%"
"15","パワーファイター","3","技能","1288","ヘビィスパイラル","鉄球技","威力：Ｃ（力）　対象：敵全体
重い鉄球を軽やかに振り回し、敵全体を攻撃する技","0","0","5","","17","力量斗士","重螺旋","铁球技","威力：Ｃ（力）　対象：敵全体
轻松挥动沉重的铁球，攻击全体敌人的技能"
"15","パワーファイター","4","能力","221","「棍」装備可能","戦技アビリティ","「棍」が装備可能になる","","","","5","1","力量斗士","可以装备「棍」","战技能力","变得可以装备「棍」"
"15","パワーファイター","5","能力","226","「鉄球」装備可能","戦技アビリティ","「鉄球」が装備可能になる","","","","5","1","力量斗士","可以装备「铁球」","战技能力","变得可以装备「铁球」"
"15","パワーファイター","5","技能","3097","気合い溜め","特技","対象：使用者　効果：攻撃力アップ
力を溜め、次のターンの攻撃力を大きくアップさせる","0","0","2","","63","力量斗士","集中蓄力","特技","対象：使用者　効果：攻撃力アップ
蓄力，大幅提升下一回合的攻击力"
"15","パワーファイター","6","能力","585","食いしばり","防御アビリティ","HPが30%以上残っていれば戦闘不能にならずHPが1残る","","","","10","4","力量斗士","咬紧牙关","防御能力","HP剩余30%以上时不会战斗不能，HP剩1"
"15","パワーファイター","7","能力","187","棍ブースター","戦技アビリティ","棍装備時、その武器によるダメージが15%アップする","","","","10","1","力量斗士","棍增强","战技能力","装备棍时，该武器造成的伤害提升15%"
"15","パワーファイター","8","能力","202","鉄球ブースター","戦技アビリティ","鉄球装備時、その武器によるダメージが15%アップする","","","","10","1","力量斗士","铁球增强","战技能力","装备铁球时，该武器造成的伤害提升15%"
"15","パワーファイター","9","技能","1125","乱打棍","棍技","威力：Ａ（力）　対象：敵単体3回
素早い棍さばきで敵に連続攻撃を叩き込む技","0","0","6","","12","力量斗士","乱打棍","棍技","威力：Ａ（力）　対象：敵単体3回
用敏捷的棍术对敌人进行连续攻击的技术"
"15","パワーファイター","10","技能","1289","チェインドライブ","鉄球技","威力：Ａ（力）　対象：敵ランダム3回
鉄球に重量を乗せ、連続で叩きつける技","0","0","6","","17","力量斗士","链猛击","铁球技","威力：Ａ（力）　対象：敵ランダム3回
加重铁球，连续猛击的技能"
"16","ギガファイター","2","技能","1141","ワイルドフルスィング","棍技","威力：Ａ（力）　対象：敵全体
剛力で棍を振り回し、回転しながら敵全体を攻撃する技","0","0","8","","12","巨力斗士","狂野全挥","棍技","威力：Ａ（力）　対象：敵全体
用刚力挥舞棍棒，旋转攻击全体敌人"
"16","ギガファイター","3","能力","68","攻撃力30%アップ","戦技アビリティ","攻撃力が30%アップする","","","","7","1","巨力斗士","攻击力提升30%","战技能力","攻击力提升30%"
"16","ギガファイター","3","技能","1295","クリティカルアーク","鉄球技","威力：Ａ（力）　対象：敵全体
剛力で鉄球を振り回し、敵全体を薙ぎ倒す技","0","0","8","","17","巨力斗士","致命弧线","铁球技","威力：Ａ（力）　対象：敵全体
用刚力挥舞铁球，扫荡全体敌人的技术"
"16","ギガファイター","4","能力","235","「棍技」使用可能","戦技アビリティ","「棍技」が使用可能になる","","","","5","1","巨力斗士","「棍技」使用可能","战技能力","可以使用「棍技」"
"16","ギガファイター","5","能力","240","「鉄球技」使用可能","戦技アビリティ","「鉄球技」が使用可能になる","","","","5","1","巨力斗士","「铁球技」可以使用","战技能力","可以使用「铁球技」"
"16","ギガファイター","5","技能","3098","全力溜め","特技","対象：使用者　効果：攻撃力アップ
力を溜め、次のターンの攻撃力を爆発的にアップさせる","0","0","4","","63","巨力斗士","全力蓄力","特技","対象：使用者　効果：攻撃力アップ
蓄力，爆发性地提升下一回合的攻击力"
"16","ギガファイター","6","能力","586","超食いしばり","防御アビリティ","HPが20%以上残っていれば戦闘不能にならずHPが1残る","","","","15","4","巨力斗士","超咬紧牙关","防御能力","HP剩余20%以上时不会战斗不能，HP剩1"
"16","ギガファイター","7","能力","188","棍ハイブースター","戦技アビリティ","棍装備時、その武器によるダメージが30%アップする","","","","20","1","巨力斗士","棍高级增强","战技能力","装备棍时，该武器造成的伤害提升30%"
"16","ギガファイター","8","能力","203","鉄球ハイブースター","戦技アビリティ","鉄球装備時、その武器によるダメージが30%アップする","","","","20","1","巨力斗士","铁球高级增强","战技能力","装备铁球时，该武器造成的伤害提升30%"
"16","ギガファイター","9","技能","1142","コズミックブラスト","棍技","威力：Ｓ（力）　対象：敵単体
銀河の星々をも破壊すると言われる棍の奥義","0","0","10","","12","巨力斗士","宇宙爆破","棍技","威力：Ｓ（力）　対象：敵単体
传说中能破坏银河星辰的棍棒奥义"
"16","ギガファイター","10","技能","1296","ウロボロス","鉄球技","威力：Ｓ（力）　対象：敵単体
敵単体に乱撃を集中する鉄球奥義","0","0","10","","17","巨力斗士","衔尾蛇","铁球技","威力：Ｓ（力）　対象：敵単体
铁球奥义，集中乱击单体敌人"
"16","ギガファイター","10","能力","8460","棍マスタリー","特殊アビリティ","棍の装備効果が上昇する","","","","10","5","巨力斗士","棍精通","特殊能力","棍棒的装备效果提升"
"16","ギガファイター","10","能力","8476","鉄球マスタリー","特殊アビリティ","鉄球の装備効果が上昇する","","","","10","5","巨力斗士","铁球精通","特殊能力","铁球的装备效果提升"
"17","狂戦士","2","技能","1101","ボルケーノアックス","斧技","威力：Ｂ（力）　対象：敵単体　属性：炎
荒れ狂う火山のごとき一撃を敵に叩き込む技","0","0","5","","11","狂战士","火山斧","斧技","威力：Ｂ（力）　対象：敵単体　属性：炎
如狂暴火山般的一击猛击敌人"
"17","狂戦士","3","能力","67","攻撃力20%アップ","戦技アビリティ","攻撃力が20%アップする","","","","5","1","狂战士","攻击力提升20%","战技能力","攻击力提升20%"
"17","狂戦士","4","技能","3124","バーサーカー化","特技","対象：使用者　効果：バーサク
暴走状態になるが攻撃力が大幅上昇","0","0","1","","63","狂战士","狂战士化","特技","対象：使用者　効果：バーサク
进入暴走状态，攻击力大幅提升"
"17","狂戦士","5","能力","220","「斧」装備可能","戦技アビリティ","「斧」が装備可能になる","","","","5","1","狂战士","可以装备「斧」","战技能力","变得可以装备「斧」"
"17","狂戦士","6","技能","1102","スィングハリケーン","斧技","威力：Ｃ（力）　対象：敵全体　属性：風
素早い振りで真空波を巻き起こし、敵全体を攻撃する斧技","0","0","5","","11","狂战士","飓风挥斩","斧技","威力：Ｃ（力）　対象：敵全体　属性：風
快速挥动引发真空波，攻击全体敌人"
"17","狂戦士","7","能力","740","バーサーカー","特殊アビリティ","常にバーサク状態になる","","","","1","5","狂战士","狂战士","特殊能力","常驻狂暴状态"
"17","狂戦士","8","能力","723","SPチャージ1.5倍","特殊アビリティ","SPの回復量が1.5倍になる","","","","10","5","狂战士","SPチャージ1.5倍","特殊能力","SPの回復量が1.5倍になる"
"17","狂戦士","9","能力","184","斧ブースター","戦技アビリティ","斧装備時、その武器によるダメージが15%アップする","","","","10","1","狂战士","斧增强","战技能力","装备斧时，该武器造成的伤害提升15%"
"17","狂戦士","10","技能","1103","バーサーカーラッシュ","斧技","威力：Ａ（力）　対象：敵ランダム3回
狂戦士の斧さばきで、敵に乱撃を食らわせる斧技","0","0","6","","11","狂战士","狂战突击","斧技","威力：Ａ（力）　対象：敵ランダム3回
狂战士般的斧技，对敌人进行乱击"
"18","ベルセルク","2","技能","1112","壊斧・大山鳴動","斧技","威力：Ｓ（力）　対象：敵単体　属性：土
土の力を斧に宿し、渾身の力を込めて叩き込む奥義","0","12","5","","11","狂怒战士","坏斧・大山鸣动","斧技","威力：Ｓ（力）　対象：敵単体　属性：土
将土之力附在斧头上，全力一击的奥义"
"18","ベルセルク","3","能力","68","攻撃力30%アップ","戦技アビリティ","攻撃力が30%アップする","","","","7","1","狂怒战士","攻击力提升30%","战技能力","攻击力提升30%"
"18","ベルセルク","4","能力","741","ハイバーサーカー","特殊アビリティ","常にバーサク・二回行動状態になる","","","","3","5","狂怒战士","超级狂暴者","特殊能力","常驻狂暴・二回行动状态"
"18","ベルセルク","5","能力","234","「斧技」使用可能","戦技アビリティ","「斧技」が使用可能になる","","","","5","1","狂怒战士","「斧技」使用可能","战技能力","可以使用「斧技」"
"18","ベルセルク","6","技能","1113","デッドリーホーク","斧技","威力：Ａ（力）　対象：敵全体
斧をブーメランのように何度も投げ付ける技","0","0","8","","11","狂怒战士","致命鹰击","斧技","威力：Ａ（力）　対象：敵全体
像回旋镖一样多次投掷斧头的技能"
"18","ベルセルク","7","技能","3125","超バーサーカー化","特技","対象：使用者　効果：バーサク・2回行動
暴走状態になるが攻撃力が大幅上昇、2回行動可能に","0","0","3","","63","狂怒战士","超级狂战士化","特技","対象：使用者　効果：バーサク・2回行動
进入暴走状态，攻击力大幅提升，可2次行动"
"18","ベルセルク","8","能力","724","SPチャージ2倍","特殊アビリティ","SPの回復量が2倍になる","","","","15","5","狂怒战士","SP充能2倍","特殊能力","SP恢复量变为2倍"
"18","ベルセルク","9","能力","185","斧ハイブースター","戦技アビリティ","斧装備時、その武器によるダメージが30%アップする","","","","20","1","狂怒战士","斧高级增强","战技能力","装备斧时，该武器造成的伤害提升30%"
"18","ベルセルク","10","技能","1114","オクト・ディアボロ","斧技","威力：Ｓ（力）　対象：敵ランダム8回
闘争心を極限にまで高め、敵の群れに斧の乱打を叩き込む奥義","0","0","10","","11","狂怒战士","八重・魔神击","斧技","威力：Ｓ（力）　対象：敵ランダム8回
将斗志提升到极限，对敌人群进行斧头乱打的奥义"
"18","ベルセルク","10","能力","8458","斧マスタリー","特殊アビリティ","斧の装備効果が上昇する","","","","10","5","狂怒战士","斧精通","特殊能力","斧头的装备效果提升"
"19","陰陽剣士","2","技能","925","霊風招刃","剣技","威力：Ｂ（力）　対象：敵単体　属性：風　効果：風弱体
陰陽式を剣に込め、風の力で敵を斬る剣技","0","6","3","","7","阴阳剑士","灵风招刃","剑技","威力：Ｂ（力）　対象：敵単体　属性：風　効果：風弱体
将阴阳式注入剑中，以风之力斩击敌人"
"19","陰陽剣士","3","技能","926","土刻剣","剣技","威力：Ｂ（力）　対象：敵単体　属性：土　効果：土弱体
陰陽式を剣に込め、土の力で敵を斬る剣技","0","6","3","","7","阴阳剑士","土刻剑","剑技","威力：Ｂ（力）　対象：敵単体　属性：土　効果：土弱体
将阴阳式注入剑中，以土之力斩击敌人"
"19","陰陽剣士","4","技能","927","御剣十二水","剣技","威力：Ｂ（力）　対象：敵単体　属性：水　効果：水弱体
陰陽式を剣に込め、水の力で敵を斬る剣技","0","6","3","","7","阴阳剑士","御剑十二水","剑技","威力：Ｂ（力）　対象：敵単体　属性：水　効果：水弱体
将阴阳式注入剑中，用水之力斩击敌人的剑技"
"19","陰陽剣士","5","能力","479","風ブースター","魔法アビリティ","風属性のダメージが15%アップする","","","","8","3","阴阳剑士","风增强","魔法能力","风属性伤害提升15%"
"19","陰陽剣士","6","技能","1745","飛禹歩","陰陽術","対象：使用者　効果：回避率小アップ・SPターン小回復
回避率がアップし、SPが徐々に回復していく陰陽の式","0","0","2","","29","阴阳剑士","飞禹步","阴阳术","対象：使用者　効果：回避率小アップ・SPターン小回復
回避率提升，SP逐渐恢复的阴阳之式"
"19","陰陽剣士","7","能力","482","土ブースター","魔法アビリティ","土属性のダメージが15%アップする","","","","8","3","阴阳剑士","土增强","魔法能力","土属性伤害提升15%"
"19","陰陽剣士","8","技能","928","奪魂刃","剣技","威力：Ｂ（力）　対象：敵単体　効果：HP吸収
特殊な陰陽式を刃に込め、敵の生命力を奪い取る剣技","0","6","3","","7","阴阳剑士","夺魂刃","剑技","威力：Ｂ（力）　対象：敵単体　効果：HP吸収
将特殊阴阳式注入刃中，夺取敌人生命力的剑技"
"19","陰陽剣士","9","能力","485","水ブースター","魔法アビリティ","水属性のダメージが15%アップする","","","","8","3","阴阳剑士","水增强","魔法能力","水属性伤害提升15%"
"19","陰陽剣士","10","技能","929","入滅斬","剣技","威力：Ａ（力）　対象：敵単体　効果：即死
死の陰陽式を刃に込め、敵を一撃で葬る剣技","0","10","4","","7","阴阳剑士","入灭斩","剑技","威力：Ａ（力）　対象：敵単体　効果：即死
将死之阴阳式注入刃中，一击葬敌的剑技"
"20","九字剣神","2","技能","955","白虎ノ太刀","剣技","威力：Ａ（力）　対象：敵全体　属性：風　効果：風弱体
白虎の陰陽式を刃に込め、敵を一閃する風の奥義","0","8","4","","7","九字剑神","白虎之太刀","剑技","威力：Ａ（力）　対象：敵全体　属性：風　効果：風弱体
将白虎的阴阳术注入刃中，一闪敌人的风之奥义"
"20","九字剣神","3","能力","480","風ハイブースター","魔法アビリティ","風属性のダメージが30%アップする","","","","16","3","九字剑神","风高级增强","魔法能力","风属性伤害提升30%"
"20","九字剣神","3","能力","6737","テクニカルソード","戦技アビリティ","「剣技」の威力が器用さにのみ依存する","","","","2","1","九字剑神","技术之剑","战技能力","「剑技」的威力仅取决于灵巧"
"20","九字剣神","4","技能","956","玄武ノ太刀","剣技","威力：Ａ（力）　対象：敵全体　属性：土　効果：土弱体
玄武の陰陽式を刃に込め、敵を一閃する土の奥義","0","8","4","","7","九字剑神","玄武之太刀","剑技","威力：Ａ（力）　対象：敵全体　属性：土　効果：土弱体
将玄武的阴阳术注入刃中，一闪敌人的土之奥义"
"20","九字剣神","5","能力","483","土ハイブースター","魔法アビリティ","土属性のダメージが30%アップする","","","","16","3","九字剑神","土高级增强","魔法能力","土属性伤害提升30%"
"20","九字剣神","6","技能","957","青竜ノ太刀","剣技","威力：Ａ（力）　対象：敵全体　属性：水　効果：水弱体
青竜の陰陽式を刃に込め、敵を一閃する水の奥義","0","8","4","","7","九字剑神","青龙之太刀","剑技","威力：Ａ（力）　対象：敵全体　属性：水　効果：水弱体
将青龙的阴阳术注入刃中，一闪敌人的水之奥义"
"20","九字剣神","7","能力","486","水ハイブースター","魔法アビリティ","水属性のダメージが30%アップする","","","","16","3","九字剑神","水高级增强","魔法能力","水属性伤害提升30%"
"20","九字剣神","8","能力","512","「魔導剣」装備可能","魔法アビリティ","「魔導剣」が装備可能になる","","","","5","3","九字剑神","可以装备「魔导剑」","魔法能力","变得可以装备「魔导剑」"
"20","九字剣神","9","技能","1746","竜禹歩","陰陽術","対象：使用者　効果：回避率中アップ・SPターン中回復
回避率が大アップし、SPが大きく回復していく陰陽の式","0","0","4","","29","九字剑神","龙禹步","阴阳术","対象：使用者　効果：回避率中アップ・SPターン中回復
大幅提升回避率，SP大幅恢复的阴阳之式"
"20","九字剣神","10","技能","958","朱雀ノ太刀","剣技","威力：Ａ（力）　対象：敵全体　属性：炎　効果：炎弱体
朱雀の陰陽式を刃に込め、敵を一閃する火の奥義","0","8","4","","7","九字剑神","朱雀之太刀","剑技","威力：Ａ（力）　対象：敵全体　属性：炎　効果：炎弱体
将朱雀的阴阳式注入刀刃，一闪敌人，火之奥义"
"20","九字剣神","10","能力","8444","剣マスタリー","特殊アビリティ","剣の装備効果が上昇する","","","","10","5","九字剑神","剑精通","特殊能力","剑的装备效果提升"
"20","九字剣神","10","能力","8504","兜マスタリー","特殊アビリティ","兜・重兜の装備効果が上昇する","","","","5","5","九字剑神","盔精通","特殊能力","盔・重盔的装备效果提升"
"22","武道家","2","技能","1400","足払い","格闘","威力：Ｅ（力・速）　対象：敵単体　効果：スタン・速攻
敵の足を払い、体勢を崩してスタンさせる技","0","0","1","","21","武道家","扫堂腿","格闘","威力：Ｅ（力・速）　対象：敵単体　効果：スタン・速攻
扫敌人的腿，使其失去平衡并眩晕的技能"
"22","武道家","3","能力","273","素早さ10%アップ","職技アビリティ","素早さが10%アップする","","","","3","2","武道家","敏捷提升10%","职技能力","敏捷提升10%"
"22","武道家","4","技能","1401","飛び膝蹴り","格闘","威力：Ｅ（力・速）　対象：敵単体　効果：鳥特攻・速攻
跳躍して膝蹴りを繰り出し、鳥系に大ダメージ","0","0","2","","21","武道家","飞膝踢","格闘","威力：Ｅ（力・速）　対象：敵単体　効果：鳥特攻・速攻
跳跃并施展膝踢，对鸟系造成大伤害"
"22","武道家","5","能力","81","カウンター10%","戦技アビリティ","カウンター率が10%になる","","","","4","1","武道家","反击10%","战技能力","反击率增加10%"
"22","武道家","6","技能","1402","回し蹴り","格闘","威力：Ｅ（力・速）　対象：敵全体
鋭い回し蹴りを繰り出し、敵全体にダメージを与える技","0","0","2","","21","武道家","回旋踢","格闘","威力：Ｅ（力・速）　対象：敵全体
施展锐利的回旋踢，对全体敌人造成伤害的技能"
"22","武道家","7","技能","3099","練気","特技","対象：使用者　効果：攻撃力・会心率アップ
3ターンの間、気を練って格闘能力を高める技","0","0","2","","63","武道家","练气","特技","対象：使用者　効果：攻撃力・会心率アップ
3回合内，练气提升格斗能力"
"22","武道家","7","技能","3101","鋼体","特技","対象：使用者　効果：防御力アップ
内気功で肉体を硬化させ、防御力をアップさせる","0","0","2","","63","武道家","钢体","特技","対象：使用者　効果：防御力アップ
内气功硬化肉体，提升防御力"
"22","武道家","8","技能","1403","秘孔","格闘","威力：Ｅ（力・速）　対象：敵単体　効果：即死
敵の急所を突き、一撃で即死させる技","0","0","2","","21","武道家","秘孔","格闘","威力：Ｅ（力・速）　対象：敵単体　効果：即死
攻击敌人的要害，一击必杀的技能"
"22","武道家","9","能力","75","会心10%","戦技アビリティ","会心率が10%になる","","","","5","1","武道家","会心10%","战技能力","会心率增加10%"
"22","武道家","10","技能","1405","正拳突き","格闘","威力：Ｄ（力・速）　対象：敵単体
鋭く踏み込み、全力で拳を繰り出す技","0","0","3","","21","武道家","正拳突刺","格闘","威力：Ｄ（力・速）　対象：敵単体
猛然踏步，全力出拳的技能"
"23","拳豪","2","技能","1446","チャクラ","格闘","対象：使用者　効果：HP回復
癒しの気をみなぎらせ、自身の傷を癒す回復技","0","0","2","","21","拳豪","查克拉","格闘","対象：使用者　効果：HP回復
充满治愈之气，治愈自身伤势的恢复技"
"23","拳豪","3","能力","274","素早さ20%アップ","職技アビリティ","素早さが20%アップする","","","","5","2","拳豪","敏捷提升20%","职技能力","敏捷提升20%"
"23","拳豪","4","技能","1406","羅刹掌","格闘","威力：Ｃ（力・速）　対象：敵単体
気を集中させた掌底を敵に叩き込む技","0","0","4","","21","拳豪","罗刹掌","格闘","威力：Ｃ（力・速）　対象：敵単体
集中气力，用掌底猛击敌人的技能"
"23","拳豪","5","能力","82","カウンター30%","戦技アビリティ","カウンター率が30%になる","","","","8","1","拳豪","反击30%","战技能力","反击率增加30%"
"23","拳豪","6","技能","1407","爆裂拳","格闘","威力：Ｂ（力・速）　対象：敵ランダム4回
連続で拳を繰り出し、敵に何度もダメージを与える技","0","0","5","","21","拳豪","爆裂拳","格闘","威力：Ｂ（力・速）　対象：敵ランダム4回
连续出拳，对敌人造成多次伤害的技能"
"23","拳豪","7","能力","76","会心30%","戦技アビリティ","会心率が30%になる","","","","10","1","拳豪","会心30%","战技能力","会心率增加30%"
"23","拳豪","8","技能","1450","蘇生","格闘","対象：味方単体　効果：蘇生
武道家に伝わる蘇生術で、味方の息を吹き返す技","0","0","3","","21","拳豪","复活","格闘","対象：味方単体　効果：蘇生
武道家传承的复活术，让友方恢复呼吸"
"23","拳豪","9","能力","178","拳ブースター","戦技アビリティ","拳装備時、その武器によるダメージが15%アップする","","","","10","1","拳豪","拳增强","战技能力","装备拳时，该武器造成的伤害提升15%"
"23","拳豪","10","技能","1408","電塵連脚","格闘","威力：Ｂ（力・速）　対象：敵単体　属性：雷
電撃をまとった蹴りを敵単体に集中させる技","0","0","5","","21","拳豪","电尘连脚","格闘","威力：Ｂ（力・速）　対象：敵単体　属性：雷
集中电击的踢击，对单体敌人造成伤害的技能"
"24","拳聖","2","技能","1425","聖光裂閃撃","格闘","威力：Ａ（力・速）　対象：敵全体　属性：聖
聖なるオーラを伴い、敵全体に拳の乱打を放つ技","0","12","5","","21","拳圣","圣光裂闪击","格闘","威力：Ａ（力・速）　対象：敵全体　属性：聖
伴随着神圣的气息，对全体敌人施展拳击乱打"
"24","拳聖","3","能力","275","素早さ30%アップ","職技アビリティ","素早さが30%アップする","","","","7","2","拳圣","敏捷提升30%","职技能力","敏捷提升30%"
"24","拳聖","4","能力","218","「拳」装備可能","戦技アビリティ","「拳」が装備可能になる","","","","5","1","拳圣","可以装备「拳」","战技能力","变得可以装备「拳」"
"24","拳聖","5","技能","1427","四天光掌","格闘","威力：Ｓ（力・速）　対象：敵ランダム4回　属性：聖
聖なるオーラを拳に集中し、4連撃を繰り出す奥義","0","12","5","","21","拳圣","四天光掌","格闘","威力：Ｓ（力・速）　対象：敵ランダム4回　属性：聖
将神圣的气息集中在拳头上，施展四连击的奥义"
"24","拳聖","6","能力","83","カウンター50%","戦技アビリティ","カウンター率が50%になる","","","","12","1","拳圣","反击50%","战技能力","反击率增加50%"
"24","拳聖","6","能力","6758","躍の拳","戦技アビリティ","「格闘」の威力が素早さにのみ依存する","","","","2","1","拳圣","跃动的拳","战技能力","「格斗」的威力仅取决于敏捷"
"24","拳聖","7","技能","1447","拡散チャクラ","格闘","対象：味方全体　効果：HP回復
癒しの気を拡散させ、味方全体を癒やす回復技","0","0","3","","21","拳圣","扩散查克拉","格闘","対象：味方全体　効果：HP回復
扩散治愈之气，治愈我方全体的恢复技"
"24","拳聖","8","能力","244","「格闘」使用可能","戦技アビリティ","「格闘」が使用可能になる","","","","5","1","拳圣","「格斗」可以使用","战技能力","可以使用「格斗」"
"24","拳聖","9","能力","179","拳ハイブースター","戦技アビリティ","拳装備時、その武器によるダメージが30%アップする","","","","20","1","拳圣","拳高级增强","战技能力","装备拳时，该武器造成的伤害提升30%"
"24","拳聖","9","技能","1429","烈気光掌","格闘","威力：Ｓ（力・速）　対象：敵単体
全ての気を集中させた掌底を敵に叩き込む格闘奥義","0","0","10","","21","拳圣","烈气光掌","格闘","威力：Ｓ（力・速）　対象：敵単体
将所有气集中于掌底，对敌人施展格斗奥义"
"24","拳聖","10","技能","1433","当て身光掌","格闘","威力：Ａ（器）　対象：敵単体　効果：物理カウンター発動
静かに身構え、敵の攻撃に対して掌底を繰り出す反撃奥義","0","0","7","","21","拳圣","反击光掌","格闘","威力：Ａ（器）　対象：敵単体　効果：物理カウンター発動
静静地摆好架势，对敌人的攻击进行反击的奥义"
"24","拳聖","10","能力","8454","拳マスタリー","特殊アビリティ","拳の装備効果が上昇する","","","","10","5","拳圣","拳精通","特殊能力","拳套的装备效果提升"
"25","邪拳王","2","技能","1426","暗黒連衝拳","格闘","威力：Ａ（力・速）　対象：敵全体　属性：闇
闇のオーラを伴い、敵全体に拳の乱打を放つ技","10%当前HP","0","5","","21","邪拳王","暗黑连冲拳","格闘","威力：Ａ（力・速）　対象：敵全体　属性：闇
伴随着黑暗的气息，对全体敌人施展拳击乱打"
"25","邪拳王","3","能力","697","「武道着」装備可能","防御アビリティ","「服」「武道着」が装備可能になる","","","","5","4","邪拳王","可以装备「武道服」","防御能力","变得可以装备「服」「武道服」"
"25","邪拳王","4","能力","218","「拳」装備可能","戦技アビリティ","「拳」が装備可能になる","","","","5","1","邪拳王","可以装备「拳」","战技能力","变得可以装备「拳」"
"25","邪拳王","5","技能","1428","四星滅功","格闘","威力：Ｓ（力・速）　対象：敵ランダム4回　属性：闇
闇のオーラを拳に集中し、4連撃を繰り出す奥義","10%当前HP","0","5","","21","邪拳王","四星灭功","格闘","威力：Ｓ（力・速）　対象：敵ランダム4回　属性：闇
将黑暗的气息集中在拳头上，施展四连击的奥义"
"25","邪拳王","6","能力","77","会心50%","戦技アビリティ","会心率が50%になる","","","","15","1","邪拳王","会心50%","战技能力","会心率增加50%"
"25","邪拳王","6","能力","6757","重の拳","戦技アビリティ","「格闘」の威力が攻撃力にのみ依存する","","","","2","1","邪拳王","重拳","战技能力","「格斗」的威力仅取决于攻击力"
"25","邪拳王","7","能力","110","暗黒","戦技アビリティ","通常攻撃の威力が大幅に上がるが最大HPの2%を消費する","","","","5","1","邪拳王","黑暗","战技能力","普通攻击威力大幅上升，但消耗最大HP的2%"
"25","邪拳王","8","能力","244","「格闘」使用可能","戦技アビリティ","「格闘」が使用可能になる","","","","5","1","邪拳王","「格斗」可以使用","战技能力","可以使用「格斗」"
"25","邪拳王","9","能力","179","拳ハイブースター","戦技アビリティ","拳装備時、その武器によるダメージが30%アップする","","","","20","1","邪拳王","拳高级增强","战技能力","装备拳时，该武器造成的伤害提升30%"
"25","邪拳王","10","技能","1430","瞬獄殺","格闘","威力：Ｓ（力・速）　対象：敵単体
暗黒のオーラをまといながら乱撃を繰り出し、敵を葬る闇奥義","0","0","10","","21","邪拳王","瞬狱杀","格闘","威力：Ｓ（力・速）　対象：敵単体
缠绕着黑暗的气息施展乱击，葬送敌人的黑暗奥义"
"25","邪拳王","10","能力","8454","拳マスタリー","特殊アビリティ","拳の装備効果が上昇する","","","","10","5","邪拳王","拳精通","特殊能力","拳套的装备效果提升"
"26","魔導拳士","2","技能","1409","炎舞三連撃","格闘","威力：Ｂ（力・速）　対象：敵単体3回　属性：炎　効果：炎属性付加・強化
炎の魔力を宿した拳で三連撃を浴びせる技","0","6","3","","21","魔导拳士","炎舞三连击","格闘","威力：Ｂ（力・速）　対象：敵単体3回　属性：炎　効果：炎属性付加・強化
用宿有炎之魔力的拳进行三连击的技能"
"26","魔導拳士","3","能力","86","魔法カウンター30%","戦技アビリティ","魔法カウンター率が30%になる","","","","8","1","魔导拳士","魔法反击30%","战技能力","魔法反击率增加30%"
"26","魔導拳士","4","技能","1410","氷拳乱雹撃","格闘","威力：Ｂ（力・速）　対象：敵単体　属性：氷　効果：氷属性付加・強化
氷の魔力を宿した拳を叩き込み、激しい雹を巻き起こす技","0","6","3","","21","魔导拳士","冰拳乱雹击","格闘","威力：Ｂ（力・速）　対象：敵単体　属性：氷　効果：氷属性付加・強化
用宿有冰之魔力的拳猛击，引发猛烈的冰雹的技能"
"26","魔導拳士","5","技能","3100","裏練気","特技","対象：使用者　効果：攻撃力大アップ・会心率100%
3ターンの間、気を練って格闘能力を大幅に高める技","5%当前HP","0","2","","63","魔导拳士","暗练气","特技","対象：使用者　効果：攻撃力大アップ・会心率100%
3回合内，练气大幅提升格斗能力"
"26","魔導拳士","6","技能","1411","雷神喝撃","格闘","威力：Ｂ（力・速）　対象：敵単体　属性：雷　効果：雷属性付加・強化
雷の魔力を拳に集め、敵に一瞬で叩き込む技","0","6","3","","21","魔导拳士","雷神喝击","格闘","威力：Ｂ（力・速）　対象：敵単体　属性：雷　効果：雷属性付加・強化
集中雷之魔力于拳，瞬间猛击敌人的技能"
"26","魔導拳士","7","能力","106","魔導撃","戦技アビリティ","通常攻撃でMPを消費し大ダメージを与える","","","","3","1","魔导拳士","魔导击","战技能力","普通攻击消耗MP造成大伤害"
"26","魔導拳士","8","技能","1452","三魔の拳","格闘","対象：使用者　効果：通常攻撃炎・氷・雷属性
元素の力を拳に集め、3つの属性を同時に宿す技","0","0","3","","21","魔导拳士","三魔之拳","格闘","対象：使用者　効果：通常攻撃炎・氷・雷属性
将元素之力集中在拳头上，同时赋予三种属性"
"26","魔導拳士","9","技能","1448","裏チャクラ","格闘","対象：使用者　効果：MP小回復
魔導の気を体内に巡らせ、MPを回復する技","5%当前HP","0","4","","21","魔导拳士","里查克拉","格闘","対象：使用者　効果：MP小回復
在体内循环魔导之气，恢复MP的技巧"
"26","魔導拳士","10","技能","1453","四精の拳","格闘","対象：使用者　効果：通常攻撃炎・風・土・水属性
元素の力を拳に集め、4つの属性を同時に宿す技","0","0","3","","21","魔导拳士","四精之拳","格闘","対象：使用者　効果：通常攻撃炎・風・土・水属性
将元素之力集中在拳头上，同时赋予四种属性"
"27","フォースモンク","2","技能","1412","真空波動掌","格闘","威力：Ａ（力・速）　対象：敵単体　属性：風　効果：風属性付加・強化
真空の魔力を掌に集中させ、敵に向かって放つ技","0","8","4","","21","武僧","真空波动掌","格闘","威力：Ａ（力・速）　対象：敵単体　属性：風　効果：風属性付加・強化
集中真空魔力于掌，向敌人放出的技能"
"27","フォースモンク","3","能力","87","魔法カウンター50%","戦技アビリティ","魔法カウンター率が50%になる","","","","12","1","武僧","魔法反击50%","战技能力","魔法反击率增加50%"
"27","フォースモンク","4","技能","3122","裏背水","特技","対象：使用者　効果：SP全回復
瀕死のダメージと引き替えにSPが回復する","0","0","0","","63","武僧","反背水","特技","対象：使用者　効果：SP全回復
濒死伤害换取SP回复"
"27","フォースモンク","5","技能","1413","土刻金剛拳","格闘","威力：Ａ（力・速）　対象：敵単体　属性：土　効果：土属性付加・強化
大地の魔力を拳に集中し、敵に叩き込む技","0","8","4","","21","武僧","土刻金刚拳","格闘","威力：Ａ（力・速）　対象：敵単体　属性：土　効果：土属性付加・強化
将大地的魔力集中在拳上，向敌人猛击的技能"
"27","フォースモンク","6","能力","109","吸魔撃","戦技アビリティ","通常攻撃で敵のMPにダメージを与え、吸収する
即死効果が発生する事がある","","","","10","1","武僧","吸魔击","战技能力","普通攻击对敌人MP造成伤害并吸收
有时会产生即死效果"
"27","フォースモンク","7","技能","1454","聖魔の拳","格闘","対象：使用者　効果：通常攻撃聖・闇属性
聖と闇のオーラを拳に集め、2属性を同時に宿す技","0","0","4","","21","武僧","圣魔之拳","格闘","対象：使用者　効果：通常攻撃聖・闇属性
将圣与暗的气息集中在拳头上，同时赋予两种属性"
"27","フォースモンク","8","技能","1414","波断水裂蹴","格闘","威力：Ａ（力・速）　対象：敵単体　属性：水　効果：水属性付加・強化
足に水の魔力を集め、敵に蹴りを放つ技","0","8","4","","21","武僧","波断水裂蹴","格闘","威力：Ａ（力・速）　対象：敵単体　属性：水　効果：水属性付加・強化
将水的魔力集中在脚上，向敌人踢出的技能"
"27","フォースモンク","9","技能","1451","裏蘇生","格闘","対象：味方単体　効果：完全蘇生
秘伝の蘇生術で、味方を全快させつつ復活させる技","0","0","5","","21","武僧","里复活","格闘","対象：味方単体　効果：完全蘇生
秘传复活术，让友方完全恢复并复活"
"27","フォースモンク","9","能力","7585","ラピッドマギ","魔法アビリティ","攻撃魔法の威力が素早さに依存するようになる","","","","4","3","武僧","快速魔法","魔法能力","攻击魔法的威力取决于敏捷"
"27","フォースモンク","10","技能","1431","エレメントフィニッシュ","格闘","威力：Ｓ（力・速）　対象：敵単体6回　属性：炎・氷・雷・風・土・水
敵1体に6属性の魔力を込めた連撃を叩き込む奥義","0","15","5","","21","武僧","元素终结","格闘","威力：Ｓ（力・速）　対象：敵単体6回　属性：炎・氷・雷・風・土・水
对单体敌人施展蕴含六种属性魔力的连续打击的奥义"
"27","フォースモンク","10","能力","8454","拳マスタリー","特殊アビリティ","拳の装備効果が上昇する","","","","10","5","武僧","拳精通","特殊能力","拳套的装备效果提升"
"28","パラディン","2","技能","1660","聖者の祈り","聖技","対象：味方全体　効果：HP大回復
聖者の祈りにより、味方全体を癒やす回復技","0","10","3","","26","圣堂武士","圣者的祈祷","圣技","対象：味方全体　効果：HP大回復
通过圣者的祈祷，治愈我方全体的恢复技"
"28","パラディン","3","能力","550","精神力20%アップ","防御アビリティ","精神力が20%アップする","","","","5","4","圣堂武士","精神力提升20%","防御能力","精神力提升20%"
"28","パラディン","4","技能","1415","金剛神掌","格闘","威力：Ｂ（力・速）　対象：敵単体　属性：聖
聖なるオーラを掌に集中して叩き込み、敵を内部から破壊する技","0","6","3","","21","圣堂武士","金刚神掌","格闘","威力：Ｂ（力・速）　対象：敵単体　属性：聖
将神圣的光环集中在掌中猛击，从内部破坏敌人的技能"
"28","パラディン","5","技能","1665","聖者の守護","聖技","対象：味方全体　効果：防御力・魔法防御力アップ
聖者の加護で味方全員の防御力と魔法防御力がアップする","0","5","2","","26","圣堂武士","圣者的守护","圣技","対象：味方全体　効果：防御力・魔法防御力アップ
圣者的加护使全体我方防御力和魔法防御力提升"
"28","パラディン","6","能力","677","ゾンビ回避","防御アビリティ","ゾンビ状態を50%の確率で無効化する","","","","2","4","圣堂武士","僵尸回避","防御能力","僵尸状态50%的概率无效化"
"28","パラディン","7","技能","1662","聖者の治癒","聖技","対象：味方全体　効果：全状態異常回復
聖者の祈りで味方全体の状態異常を癒やす技","0","5","2","","26","圣堂武士","圣者的治愈","圣技","対象：味方全体　効果：全状態異常回復
通过圣者的祈祷，治愈我方全体状态异常的技"
"28","パラディン","8","能力","646","昇天回避","防御アビリティ","昇天攻撃を50%の確率で無効化する","","","","2","4","圣堂武士","升天回避","防御能力","升天攻击50%的概率无效化"
"28","パラディン","9","技能","1666","聖者の自爆","聖技","威力：可変　対象：敵全体
聖者の命と引き替えに、敵を壊滅させる自爆技","0","0","0","","26","圣堂武士","圣者的自爆","圣技","威力：可変　対象：敵全体
以圣者的生命为代价，毁灭敌人的自爆技"
"28","パラディン","10","技能","1638","グランドクロス","聖技","威力：Ａ（力or精）　対象：敵全体　属性：聖
聖なる気で十字を描き、邪悪を滅ぼす聖技","0","10","4","","26","圣堂武士","大十字","圣技","威力：Ａ（力or精）　対象：敵全体　属性：聖
用神圣之气画出十字，消灭邪恶的圣技"
"29","ゴッドハンド","2","技能","1661","聖者の大祈祷","聖技","対象：味方全体　効果：HP全回復
聖者の祈祷により、味方全体を癒やす回復技","0","20","5","","26","神之手","圣者的大祈祷","圣技","対象：味方全体　効果：HP全回復
通过圣者的祈祷，治愈我方全体的恢复技"
"29","ゴッドハンド","3","能力","551","精神力30%アップ","防御アビリティ","精神力が30%アップする","","","","7","4","神之手","精神力提升30%","防御能力","精神力提升30%"
"29","ゴッドハンド","4","能力","105","捨身撃","戦技アビリティ","通常攻撃の威力が大幅に上がるが、そのターンの防御力が低下する","","","","2","1","神之手","舍身击","战技能力","普通攻击威力大幅上升，但该回合防御力下降"
"29","ゴッドハンド","5","能力","678","ゾンビ無効","防御アビリティ","ゾンビ状態を完全に無効化する","","","","4","4","神之手","僵尸无效","防御能力","僵尸状态完全无效化"
"29","ゴッドハンド","6","技能","1416","神の鉄拳","格闘","威力：Ａ（力・速）　対象：敵単体　属性：聖
神の怒りを込めた鉄拳を敵に叩き込む奥義","0","8","4","","21","神之手","神之铁拳","格闘","威力：Ａ（力・速）　対象：敵単体　属性：聖
将神的愤怒注入铁拳，向敌人猛击的奥义"
"29","ゴッドハンド","7","技能","1663","聖者の奇跡","聖技","対象：味方単体　効果：蘇生
奇跡をもたらし、味方単体を復活させる技","0","5","2","","26","神之手","圣者的奇迹","圣技","対象：味方単体　効果：蘇生
带来奇迹，复活我方单体的技"
"29","ゴッドハンド","8","能力","647","昇天無効","防御アビリティ","昇天攻撃を完全に無効化する","","","","4","4","神之手","升天无效","防御能力","升天攻击完全无效化"
"29","ゴッドハンド","9","技能","1664","聖者の殉教","聖技","対象：味方全体　効果：HP全回復・完全蘇生
自身の犠牲と引き替えに、味方全体を回復・蘇生する技","0","0","0","","26","神之手","圣者的殉教","圣技","対象：味方全体　効果：HP全回復・完全蘇生
以自身牺牲为代价，治愈并复活我方全体的技"
"29","ゴッドハンド","10","技能","1641","ゴールデンハンマー","聖技","威力：Ｓ（力or精）　対象：敵全体　属性：聖
天の怒りを拳に換え、鉄槌を下す奥義","0","15","6","","26","神之手","黄金锤","圣技","威力：Ｓ（力or精）　対象：敵全体　属性：聖
将天之怒化为拳，降下铁锤的奥义"
"29","ゴッドハンド","10","能力","8454","拳マスタリー","特殊アビリティ","拳の装備効果が上昇する","","","","10","5","神之手","拳精通","特殊能力","拳套的装备效果提升"
"30","バトルマスター","2","能力","67","攻撃力20%アップ","戦技アビリティ","攻撃力が20%アップする","","","","5","1","战斗大师","攻击力提升20%","战技能力","攻击力提升20%"
"30","バトルマスター","2","技能","1374","ミックスゲイズ","多武器技","威力：Ｂ（力）　対象：敵単体2回
斬撃と格闘技を同時に叩き込むミックス技","0","0","5","","20","战斗大师","混合迷阵","多武器技","威力：Ｂ（力）　対象：敵単体2回
同时施展斩击和格斗技的混合技"
"30","バトルマスター","3","能力","545","防御力20%アップ","防御アビリティ","防御力が20%アップする","","","","5","4","战斗大师","防御力提升20%","防御能力","防御力提升20%"
"30","バトルマスター","3","能力","655","暗闇回避","防御アビリティ","暗闇状態を50%の確率で無効化する","","","","2","4","战斗大师","黑暗回避","防御能力","黑暗状态50%的概率无效化"
"30","バトルマスター","4","技能","1375","アームドストーム","多武器技","威力：Ｂ（力）　対象：敵ランダム4回
広範囲に刃の嵐を放ち、敵に何度も斬撃を喰らわせる技","0","0","5","","20","战斗大师","武装风暴","多武器技","威力：Ｂ（力）　対象：敵ランダム4回
释放刃之风暴，对敌人进行多次斩击"
"30","バトルマスター","5","能力","90","反撃ミニブースター","戦技アビリティ","カウンターの攻撃力が1段階アップする","","","","3","1","战斗大师","反击小增强","战技能力","反击攻击力提升1级"
"30","バトルマスター","6","技能","1393","セカンドシフト","多武器技","対象：使用者　効果：乱れ撃ち可能
精神を研ぎ澄まし、剣を振る回数を上げる技","0","0","2","","20","战斗大师","第二形态","多武器技","対象：使用者　効果：乱れ撃ち可能
磨练精神，增加挥剑次数的技能"
"30","バトルマスター","7","技能","1376","ワイドスマッシュ","多武器技","威力：Ｂ（力）　対象：敵全体
広範囲を両刃で撫で斬りにする剣技","0","0","6","","20","战斗大师","广域粉碎","多武器技","威力：Ｂ（力）　対象：敵全体
用双刃对广范围进行抚斩的剑技"
"30","バトルマスター","8","能力","665","バーン回避","防御アビリティ","バーン状態を50%の確率で無効化する","","","","2","4","战斗大师","燃烧回避","防御能力","燃烧状态50%的概率无效化"
"30","バトルマスター","8","能力","667","フリーズ回避","防御アビリティ","フリーズ状態を50%の確率で無効化する","","","","2","4","战斗大师","冻结回避","防御能力","冻结状态50%的概率无效化"
"30","バトルマスター","8","能力","669","ショック回避","防御アビリティ","ショック状態を50%の確率で無効化する","","","","2","4","战斗大师","电击回避","防御能力","电击状态50%的概率无效化"
"30","バトルマスター","9","能力","100","二回攻撃","戦技アビリティ","通常攻撃を二連続で繰り出す","","","","5","1","战斗大师","两次攻击","战技能力","普通攻击连续进行两次"
"30","バトルマスター","10","技能","1377","クレイジータイム","多武器技","威力：Ａ（力）　対象：敵ランダム6回
格闘と剣技を組み合わせ、拳と刃を連続で振るう総合武技","0","0","6","","20","战斗大师","疯狂时刻","多武器技","威力：Ａ（力）　対象：敵ランダム6回
结合格斗和剑技，连续挥舞拳和刃的综合武技"
"31","バトルエンペラー","2","技能","1381","ツインオプティック","多武器技","威力：ＳＳ（力）　対象：敵全体2回
二本の刃を振るい、敵の群れを往復で撫で斬る剣技","0","0","17","","20","战斗皇帝","双重视觉","多武器技","威力：ＳＳ（力）　対象：敵全体2回
挥舞两把刀，对敌群进行往返斩击的剑技"
"31","バトルエンペラー","3","能力","101","三回攻撃","戦技アビリティ","通常攻撃を三連続で繰り出す","","","","10","1","战斗皇帝","三次攻击","战技能力","普通攻击连续进行三次"
"31","バトルエンペラー","3","能力","656","暗闇無効","防御アビリティ","暗闇状態を完全に無効化する","","","","4","4","战斗皇帝","黑暗无效","防御能力","黑暗状态完全无效化"
"31","バトルエンペラー","4","能力","91","反撃ブースター","戦技アビリティ","カウンターの攻撃力が2段階アップする","","","","6","1","战斗皇帝","反击增强","战技能力","反击攻击力提升2级"
"31","バトルエンペラー","5","能力","158","通常攻撃ブースター","戦技アビリティ","通常攻撃のダメージが2段階アップする","","","","10","1","战斗皇帝","普通攻击增强","战技能力","普通攻击伤害提升2级"
"31","バトルエンペラー","5","技能","1394","サードシフト","多武器技","対象：使用者　効果：皆伝乱れ撃ち可能
精神を研ぎ澄まし、剣を振る回数を上げる技","0","0","8","","20","战斗皇帝","第三形态","多武器技","対象：使用者　効果：皆伝乱れ撃ち可能
磨练精神，增加挥剑次数的技能"
"31","バトルエンペラー","6","能力","7917","二刀流","特殊アビリティ","武器を両手に装備できる","","","","12","5","战斗皇帝","二刀流","特殊能力","可以双手装备武器"
"31","バトルエンペラー","7","能力","69","攻撃力40%アップ","戦技アビリティ","攻撃力が40%アップする","","","","10","1","战斗皇帝","攻击力提升40%","战技能力","攻击力提升40%"
"31","バトルエンペラー","7","能力","547","防御力40%アップ","防御アビリティ","防御力が40%アップする","","","","10","4","战斗皇帝","防御力提升40%","防御能力","防御力提升40%"
"31","バトルエンペラー","8","能力","243","「多武器技」使用可能","戦技アビリティ","「多武器技」が使用可能になる","","","","5","1","战斗皇帝","「多武器技」使用可能","战技能力","可以使用「多武器技」"
"31","バトルエンペラー","9","能力","102","乱れ撃ち","戦技アビリティ","通常攻撃をランダムに四連続で繰り出す","","","","15","1","战斗皇帝","乱击","战技能力","普通攻击随机连续进行四次"
"31","バトルエンペラー","10","技能","1383","アサルトランタイム","多武器技","威力：ＳＳ（力）　対象：敵ランダム6回
斬撃と拳を同時に乱舞させる統合武技の奥義","0","0","14","","20","战斗皇帝","突击时刻","多武器技","威力：ＳＳ（力）　対象：敵ランダム6回
同时乱舞斩击和拳的综合武技的奥义"
"33","魔法使い","2","技能","1496","ファイア","黒魔法","威力：Ｄ（魔）　対象：敵単体　属性：炎
敵を焼き尽くす炎の初級魔法","0","3","0","","23","魔法师","火焰","黑魔法","威力：Ｄ（魔）　対象：敵単体　属性：炎
烧尽敌人的初级火魔法"
"33","魔法使い","2","技能","1502","ブリザード","黒魔法","威力：Ｄ（魔）　対象：敵単体　属性：氷
敵を凍てつかせる氷の初級魔法","0","3","0","","23","魔法师","暴雪","黑魔法","威力：Ｄ（魔）　対象：敵単体　属性：氷
将敌人冻结的冰之初级魔法"
"33","魔法使い","2","技能","1508","サンダー","黒魔法","威力：Ｄ（魔）　対象：敵単体　属性：雷
敵に電撃を落とす雷の初級魔法","0","3","0","","23","魔法师","雷电","黑魔法","威力：Ｄ（魔）　対象：敵単体　属性：雷
向敌人降下电击的雷之初级魔法"
"33","魔法使い","3","能力","451","魔力10%アップ","魔法アビリティ","魔力が10%アップする","","","","3","3","魔法师","魔力提升10%","魔法能力","魔力提升10%"
"33","魔法使い","4","技能","1534","ポイズン","黒魔法","対象：敵全体　効果：毒
敵全体を毒状態にする魔法","0","3","0","","23","魔法师","毒","黑魔法","対象：敵全体　効果：毒
使全体敌人陷入中毒状态的魔法"
"33","魔法使い","5","能力","446","MP10%アップ","魔法アビリティ","最大MPが10%アップする","","","","3","3","魔法师","MP提升10%","魔法能力","最大MP提升10%"
"33","魔法使い","6","技能","1535","ブラインド","黒魔法","対象：敵全体　効果：暗闇
敵全体を暗闇状態にする魔法","0","3","0","","23","魔法师","失明","黑魔法","対象：敵全体　効果：暗闇
使敌方全体陷入黑暗状态的魔法"
"33","魔法使い","7","能力","657","沈黙回避","防御アビリティ","沈黙状態を50%の確率で無効化する","","","","2","4","魔法师","沉默回避","防御能力","沉默状态50%的概率无效化"
"33","魔法使い","8","技能","1497","メガファイア","黒魔法","威力：Ｃ（魔）　対象：敵全体　属性：炎
敵の群れを焼き尽くす炎の魔法","0","7","0","","23","魔法师","大火焰","黑魔法","威力：Ｃ（魔）　対象：敵全体　属性：炎
烧尽敌人群体的火魔法"
"33","魔法使い","8","技能","1503","メガブリザード","黒魔法","威力：Ｃ（魔）　対象：敵全体　属性：氷
敵の群れを凍てつかせる氷の魔法","0","7","0","","23","魔法师","大暴雪","黑魔法","威力：Ｃ（魔）　対象：敵全体　属性：氷
将敌人群体冻结的冰之魔法"
"33","魔法使い","8","技能","1509","メガサンダー","黒魔法","威力：Ｃ（魔）　対象：敵全体　属性：雷
敵の群れに電撃を落とす雷の魔法","0","7","0","","23","魔法师","大雷电","黑魔法","威力：Ｃ（魔）　対象：敵全体　属性：雷
对敌群降下雷击的雷魔法"
"33","魔法使い","9","技能","1536","サイレンス","黒魔法","対象：敵全体　効果：沈黙
敵全体を沈黙状態にする魔法","0","3","0","","23","魔法师","沉默","黑魔法","対象：敵全体　効果：沈黙
使全体敌人陷入沉默状态的魔法"
"33","魔法使い","10","技能","3103","魔力集中","特技","対象：使用者　効果：魔力・精神力アップ
魔力を集中し、次のターンの魔力と精神力をアップさせる","0","0","2","","63","魔法师","魔力集中","特技","対象：使用者　效果：魔力・精神力提升
集中魔力，提升下一回合的魔力和精神力"
"34","黒魔導師","2","技能","1530","ドレイン","黒魔法","威力：Ｅ（魔）　対象：敵単体　効果：HP吸収
敵のHPを奪い、自分のものにする魔法","0","4","0","","23","黑魔导师","吸血","黑魔法","威力：Ｅ（魔）　対象：敵単体　効果：HP吸収
夺取敌人的HP，转化为自己的魔法"
"34","黒魔導師","3","能力","452","魔力20%アップ","魔法アビリティ","魔力が20%アップする","","","","5","3","黑魔导师","魔力提升20%","魔法能力","魔力提升20%"
"34","黒魔導師","4","能力","658","沈黙無効","防御アビリティ","沈黙状態を完全に無効化する","","","","4","4","黑魔导师","沉默无效","防御能力","完全无效化沉默状态"
"34","黒魔導師","5","技能","1499","ブレイズ","黒魔法","威力：Ｂ（魔）　対象：敵単体　属性：炎
敵を業火に巻き込む炎の上級魔法","0","12","0","","23","黑魔导师","烈焰","黑魔法","威力：Ｂ（魔）　対象：敵単体　属性：炎
将敌人卷入业火的炎之上级魔法"
"34","黒魔導師","5","技能","1505","フロスト","黒魔法","威力：Ｂ（魔）　対象：敵単体　属性：氷
敵を凍結させる氷の上級魔法","0","12","0","","23","黑魔导师","霜冻","黑魔法","威力：Ｂ（魔）　対象：敵単体　属性：氷
将敌人冻结的冰之上级魔法"
"34","黒魔導師","5","技能","1511","スパーク","黒魔法","威力：Ｂ（魔）　対象：敵単体　属性：雷
敵を落雷を浴びせる雷の上級魔法","0","12","0","","23","黑魔导师","火花","黑魔法","威力：Ｂ（魔）　対象：敵単体　属性：雷
对敌降下雷击的上级雷魔法"
"34","黒魔導師","6","技能","1537","コンフューズ","黒魔法","対象：敵全体　効果：混乱
敵全体を混乱状態にする魔法","0","5","0","","23","黑魔导师","混乱","黑魔法","対象：敵全体　効果：混乱
使全体敌人陷入混乱状态的魔法"
"34","黒魔導師","7","技能","1538","スリープ","黒魔法","対象：敵全体　効果：睡眠
敵全体を睡眠状態にする魔法","0","5","0","","23","黑魔导师","睡眠","黑魔法","対象：敵全体　効果：睡眠
使全体敌人陷入睡眠状态的魔法"
"34","黒魔導師","8","技能","1539","パラライズ","黒魔法","対象：敵全体　効果：麻痺
敵全体を麻痺状態にする魔法","0","5","0","","23","黑魔导师","麻痹","黑魔法","対象：敵全体　効果：麻痺
使全体敌人陷入麻痹状态的魔法"
"34","黒魔導師","9","技能","1532","デス","黒魔法","対象：敵単体　効果：即死
敵単体を即死させる魔法","0","5","0","","23","黑魔导师","死亡","黑魔法","対象：敵単体　効果：即死
使单体敌人即死的魔法"
"34","黒魔導師","10","技能","1531","マドレイン","黒魔法","対象：敵単体　効果：MP吸収
敵のMPを奪い、自分のものにする魔法","0","4","0","","23","黑魔导师","吸魔","黑魔法","対象：敵単体　効果：MP吸収
夺取敌人的MP，转化为自己的魔法"
"35","灼熱魔導師","2","技能","1500","オメガブレイズ","黒魔法","威力：Ａ（魔）　対象：敵全体　属性：炎
業火の渦で敵全体を焼き尽くす炎の最上級魔法","0","20","0","","23","灼热魔导师","欧米伽烈焰","黑魔法","威力：Ａ（魔）　対象：敵全体　属性：炎
用业火的漩涡将全体敌人烧尽的炎之最上级魔法"
"35","灼熱魔導師","3","能力","453","魔力30%アップ","魔法アビリティ","魔力が30%アップする","","","","7","3","灼热魔导师","魔力提升30%","魔法能力","魔力提升30%"
"35","灼熱魔導師","4","能力","140","炎属性付加","戦技アビリティ","物理攻撃に炎属性を付加する","","","","15","1","灼热魔导师","炎属性附加","战技能力","物理攻击附加炎属性"
"35","灼熱魔導師","5","能力","666","バーン無効","防御アビリティ","バーン状態を完全に無効化する","","","","4","4","灼热魔导师","燃烧无效","防御能力","燃烧状态完全无效化"
"35","灼熱魔導師","6","能力","600","炎ダメージ無効","防御アビリティ","炎属性のダメージを無効化する","","","","15","4","灼热魔导师","炎伤害无效","防御能力","炎属性的伤害无效化"
"35","灼熱魔導師","7","能力","514","「ロッド」装備可能","魔法アビリティ","「ロッド」が装備可能になる","","","","5","3","灼热魔导师","可以装备「法杖」","魔法能力","变得可以装备「法杖」"
"35","灼熱魔導師","8","能力","517","「黒魔法」使用可能","魔法アビリティ","「黒魔法」が使用可能になる","","","","5","3","灼热魔导师","可以使用「黑魔法」","魔法能力","可以使用「黑魔法」"
"35","灼熱魔導師","9","能力","471","炎ハイブースター","魔法アビリティ","炎属性のダメージが30%アップする","","","","16","3","灼热魔导师","炎高级增强","魔法能力","炎属性的伤害提升30%"
"35","灼熱魔導師","10","技能","1501","プロミネンス","黒魔法","威力：Ｓ（魔）　対象：敵全体　属性：炎
灼熱の業火で敵全体を滅ぼす炎の究極魔法","0","25","0","","23","灼热魔导师","日珥","黑魔法","威力：Ｓ（魔）　対象：敵全体　属性：炎
用灼热的业火将全体敌人消灭的炎之究极魔法"
"35","灼熱魔導師","10","能力","8466","ロッドマスタリー","特殊アビリティ","ロッド・魔導剣の装備効果が上昇する","","","","10","5","灼热魔导师","法杖精通","特殊能力","法杖・魔导剑的装备效果提升"
"36","輝氷魔導師","2","技能","1506","シグマフロスト","黒魔法","威力：Ａ（魔）　対象：敵全体　属性：氷
激しい冷気で敵全体を凍結させる氷の最上級魔法","0","20","0","","23","辉冰魔导师","西格玛霜冻","黑魔法","威力：Ａ（魔）　対象：敵全体　属性：氷
用强烈的冷气将全体敌人冻结的冰之最上级魔法"
"36","輝氷魔導師","3","能力","453","魔力30%アップ","魔法アビリティ","魔力が30%アップする","","","","7","3","辉冰魔导师","魔力提升30%","魔法能力","魔力提升30%"
"36","輝氷魔導師","4","能力","141","氷属性付加","戦技アビリティ","物理攻撃に氷属性を付加する","","","","15","1","辉冰魔导师","冰属性附加","战技能力","物理攻击附加冰属性"
"36","輝氷魔導師","5","能力","668","フリーズ無効","防御アビリティ","フリーズ状態を完全に無効化する","","","","4","4","辉冰魔导师","冻结无效","防御能力","冻结状态完全无效化"
"36","輝氷魔導師","6","能力","604","氷ダメージ無効","防御アビリティ","氷属性のダメージを無効化する","","","","15","4","辉冰魔导师","冰伤害无效","防御能力","冰属性的伤害无效化"
"36","輝氷魔導師","7","能力","514","「ロッド」装備可能","魔法アビリティ","「ロッド」が装備可能になる","","","","5","3","辉冰魔导师","可以装备「法杖」","魔法能力","变得可以装备「法杖」"
"36","輝氷魔導師","8","能力","517","「黒魔法」使用可能","魔法アビリティ","「黒魔法」が使用可能になる","","","","5","3","辉冰魔导师","可以使用「黑魔法」","魔法能力","可以使用「黑魔法」"
"36","輝氷魔導師","9","能力","474","氷ハイブースター","魔法アビリティ","氷属性のダメージが30%アップする","","","","16","3","辉冰魔导师","冰高级增强","魔法能力","冰属性伤害提升30%"
"36","輝氷魔導師","10","技能","1507","アイスエイジ","黒魔法","威力：Ｓ（魔）　対象：敵全体　属性：氷
空間そのものを凍結させる氷の究極魔法","0","25","0","","23","辉冰魔导师","冰河世纪","黑魔法","威力：Ｓ（魔）　対象：敵全体　属性：氷
将空间本身冻结的冰之究极魔法"
"36","輝氷魔導師","10","能力","8466","ロッドマスタリー","特殊アビリティ","ロッド・魔導剣の装備効果が上昇する","","","","10","5","辉冰魔导师","法杖精通","特殊能力","法杖・魔导剑的装备效果提升"
"37","極雷魔導師","2","技能","1512","ラムダスパーク","黒魔法","威力：Ａ（魔）　対象：敵全体　属性：雷
極大の落雷で敵全体を討つ雷の最上級魔法","0","20","0","","23","极雷魔导师","拉姆达火花","黑魔法","威力：Ａ（魔）　対象：敵全体　属性：雷
用极大雷击讨伐全体敌人的最上级雷魔法"
"37","極雷魔導師","3","能力","453","魔力30%アップ","魔法アビリティ","魔力が30%アップする","","","","7","3","极雷魔导师","魔力提升30%","魔法能力","魔力提升30%"
"37","極雷魔導師","4","能力","142","雷属性付加","戦技アビリティ","物理攻撃に雷属性を付加する","","","","15","1","极雷魔导师","雷属性附加","战技能力","物理攻击附加雷属性"
"37","極雷魔導師","5","能力","670","ショック無効","防御アビリティ","ショック状態を完全に無効化する","","","","4","4","极雷魔导师","电击无效","防御能力","电击状态完全无效化"
"37","極雷魔導師","6","能力","608","雷ダメージ無効","防御アビリティ","雷属性のダメージを無効化する","","","","15","4","极雷魔导师","雷伤害无效","防御能力","雷属性的伤害无效化"
"37","極雷魔導師","7","能力","514","「ロッド」装備可能","魔法アビリティ","「ロッド」が装備可能になる","","","","5","3","极雷魔导师","可以装备「法杖」","魔法能力","变得可以装备「法杖」"
"37","極雷魔導師","8","能力","517","「黒魔法」使用可能","魔法アビリティ","「黒魔法」が使用可能になる","","","","5","3","极雷魔导师","可以使用「黑魔法」","魔法能力","可以使用「黑魔法」"
"37","極雷魔導師","9","能力","477","雷ハイブースター","魔法アビリティ","雷属性のダメージが30%アップする","","","","16","3","极雷魔导师","雷高级增强","魔法能力","雷属性伤害提升30%"
"37","極雷魔導師","10","技能","1513","ライトニング","黒魔法","威力：Ｓ（魔）　対象：敵全体　属性：雷
空間に電光を走らせる雷の究極魔法","0","25","0","","23","极雷魔导师","闪电","黑魔法","威力：Ｓ（魔）　対象：敵全体　属性：雷
让电光在空间中奔走的究极雷魔法"
"37","極雷魔導師","10","能力","8466","ロッドマスタリー","特殊アビリティ","ロッド・魔導剣の装備効果が上昇する","","","","10","5","极雷魔导师","法杖精通","特殊能力","法杖・魔导剑的装备效果提升"
"38","時魔導師","2","技能","1547","スロウ","時魔法","対象：敵単体　効果：スロウ
敵単体の時間を遅くし、スロウ状態にする魔法","0","3","0","","24","时魔导师","减速","时魔法","対象：敵単体　効果：スロウ
使单体敌人时间减慢，陷入减速状态的魔法"
"38","時魔導師","3","技能","1569","ワープ","時魔法","対象：パーティ全体　効果：フィールド移動
一度行った事のある場所にワープする魔法","0","2","0","","24","时魔导师","传送","时魔法","対象：パーティ全体　効果：フィールド移動
传送到曾经去过的地方的魔法"
"38","時魔導師","4","技能","1570","テレポート","時魔法","対象：パーティ全体　効果：ダンジョン脱出
ダンジョンから脱出し、地上に出る魔法","0","5","0","","24","时魔导师","瞬间移动","时魔法","対象：パーティ全体　効果：ダンジョン脱出
从迷宫中逃脱，回到地面的魔法"
"38","時魔導師","5","技能","1549","クィック","時魔法","対象：味方単体　効果：クィック
味方単体の時間を早め、クィック状態にする魔法","0","3","0","","24","时魔导师","加速","时魔法","対象：味方単体　効果：クィック
使我方单体时间加快，陷入加速状态的魔法"
"38","時魔導師","6","技能","1551","ストップ","時魔法","対象：敵単体　効果：ストップ
敵単体の時間を停止させ、ストップ状態にする魔法","0","3","0","","24","时魔导师","停止","时魔法","対象：敵単体　効果：ストップ
使单体敌人的时间停止，陷入停止状态的魔法"
"38","時魔導師","7","能力","671","スロウ回避","防御アビリティ","スロウ状態を50%の確率で無効化する","","","","2","4","时魔导师","减速回避","防御能力","减速状态50%的概率无效化"
"38","時魔導師","8","技能","1557","グラビディ","時魔法","威力：割合ダメージ　対象：敵単体
重力を操作し、敵単体を押し潰す魔法","0","7","0","","24","时魔导师","重力","时魔法","威力：割合ダメージ　対象：敵単体
操纵重力，将单体敌人压碎的魔法"
"38","時魔導師","9","能力","673","ストップ回避","防御アビリティ","ストップ状態を50%の確率で無効化する","","","","2","4","时魔导师","停止回避","防御能力","停止状态50%的概率无效化"
"38","時魔導師","9","技能","1553","フォシル","時魔法","対象：敵単体　効果：石化
敵単体の経年状態を過剰促進させ、石化させる魔法","0","4","0","","24","时魔导师","石化","时魔法","対象：敵単体　効果：石化
使单体敌人的衰老状态过度加速，使其石化的魔法"
"38","時魔導師","10","技能","1559","コメット","時魔法","威力：Ｂ（魔）　対象：敵単体　属性：銀河
時空を歪め、隕石を直撃させる魔法","0","12","0","","24","时魔导师","彗星","时魔法","威力：Ｂ（魔）　対象：敵単体　属性：銀河
扭曲时空，使陨石直接击中的魔法"
"39","時空魔導師","2","技能","1548","オールスロウ","時魔法","対象：敵全体　効果：スロウ
敵全体の時間を遅くし、スロウ状態にする魔法","0","8","0","","24","时空魔导师","全体减速","时魔法","対象：敵全体　効果：スロウ
使全体敌人时间减慢，陷入减速状态的魔法"
"39","時空魔導師","3","技能","1550","オールクィック","時魔法","対象：味方全体　効果：クィック
味方全体の時間を早め、クィック状態にする魔法","0","8","0","","24","时空魔导师","全体加速","时魔法","対象：味方全体　効果：クィック
使我方全体时间加快，陷入加速状态的魔法"
"39","時空魔導師","4","技能","1552","オールストップ","時魔法","対象：敵全体　効果：ストップ
敵全体の時間を停止させ、ストップ状態にする魔法","0","8","0","","24","时空魔导师","全体停止","时魔法","対象：敵全体　効果：ストップ
使全体敌人的时间停止，陷入停止状态的魔法"
"39","時空魔導師","5","技能","1555","リゾーン","時魔法","対象：敵単体　効果：即死
敵単体を異空間に放り込み、即死させる魔法","0","5","0","","24","时空魔导师","异空间","时魔法","対象：敵単体　効果：即死
将单体敌人投入异空间，使其即死的魔法"
"39","時空魔導師","6","能力","672","スロウ無効","防御アビリティ","スロウ状態を完全に無効化する","","","","4","4","时空魔导师","减速无效","防御能力","减速状态完全无效化"
"39","時空魔導師","7","技能","1558","ハイグラビディ","時魔法","威力：割合ダメージ　対象：敵全体
重力を操作し、敵全体を押し潰す魔法","0","12","0","","24","时空魔导师","高级重力","时魔法","威力：割合ダメージ　対象：敵全体
操纵重力，将全体敌人压碎的魔法"
"39","時空魔導師","8","能力","518","「時魔法」使用可能","魔法アビリティ","「時魔法」が使用可能になる","","","","5","3","时空魔导师","可以使用「时魔法」","魔法能力","可以使用「时魔法」"
"39","時空魔導師","9","能力","674","ストップ無効","防御アビリティ","ストップ状態を完全に無効化する","","","","4","4","时空魔导师","停止无效","防御能力","停止状态完全无效化"
"39","時空魔導師","10","技能","1560","メテオ","時魔法","威力：Ａ（魔）　対象：敵全体　属性：銀河
時空を歪め、巨大隕石を召喚する魔法","0","20","0","","24","时空魔导师","陨石","时魔法","威力：Ａ（魔）　対象：敵全体　属性：銀河
扭曲时空，召唤巨大陨石的魔法"
"39","時空魔導師","10","能力","8466","ロッドマスタリー","特殊アビリティ","ロッド・魔導剣の装備効果が上昇する","","","","10","5","时空魔导师","法杖精通","特殊能力","法杖・魔导剑的装备效果提升"
"40","召喚士","2","技能","1576","ゴブリン","召喚","威力：Ｃ（魔or器）　対象：敵単体
ゴブリンを呼び出す召喚魔法","0","3","0","","25","召唤士","哥布林","召唤","威力：Ｃ（魔or器）　対象：敵単体
召唤哥布林的召唤魔法"
"40","召喚士","3","能力","447","MP20%アップ","魔法アビリティ","最大MPが20%アップする","","","","5","3","召唤士","MP提升20%","魔法能力","最大MP提升20%"
"40","召喚士","4","技能","1577","ラミア","召喚","威力：Ｂ（魔or器）　対象：敵全体　効果：スタン
ラミアを呼び出す召喚魔法","0","15","0","","25","召唤士","拉米亚","召唤","威力：Ｂ（魔or器）　対象：敵全体　効果：スタン
召唤拉米亚的召唤魔法"
"40","召喚士","5","技能","1578","カーバンクル","召喚","対象：味方全体　効果：魔法反射
カーバンクルを呼び出す召喚魔法","0","15","0","","25","召唤士","卡班克尔","召唤","対象：味方全体　効果：魔法反射
召唤卡班克尔的召唤魔法"
"40","召喚士","6","技能","1579","スキュラ","召喚","威力：Ｂ（魔or器）　対象：敵全体　効果：拘束
スキュラを呼び出す召喚魔法","0","15","0","","25","召唤士","斯库拉","召唤","威力：Ｂ（魔or器）　対象：敵全体　効果：拘束
召唤斯库拉的召唤魔法"
"40","召喚士","7","技能","1580","ラクシュミ","召喚","対象：味方全体　効果：HP全回復
ラクシュミを呼び出す召喚魔法","0","25","0","","25","召唤士","吉祥天女","召唤","対象：味方全体　効果：HP全回復
召唤吉祥天女的召唤魔法"
"40","召喚士","8","技能","1581","ドラゴン","召喚","威力：Ａ（魔or器）　対象：敵全体　属性：炎
ドラゴンを呼び出す召喚魔法","0","20","0","","25","召唤士","龙","召唤","威力：Ａ（魔or器）　対象：敵全体　属性：炎
召唤龙的召唤魔法"
"40","召喚士","9","能力","506","ロッドブースター","魔法アビリティ","ロッド装備時、その武器によるダメージが15%アップする","","","","10","3","召唤士","法杖增强","魔法能力","装备法杖时，该武器造成的伤害提升15%"
"40","召喚士","10","技能","1582","フェニックス","召喚","威力：Ｂ（魔or器）　対象：敵全体　属性：炎　効果：味方全体蘇生
フェニックスを呼び出す召喚魔法","0","20","0","","25","召唤士","凤凰","召唤","威力：Ｂ（魔or器）　対象：敵全体　属性：炎　効果：味方全体蘇生
召唤凤凰的召唤魔法"
"41","精霊召喚士","2","技能","1585","シルフ","召喚","威力：Ｓ（速or魔）　対象：敵全体　属性：風　効果：使用者強化
シルフを召喚し、その身に風を宿す","0","30","0","","25","精灵召唤士","希尔芙","召唤","威力：Ｓ（速or魔）　対象：敵全体　属性：風　効果：使用者強化
召唤希尔芙，使其身披风之力"
"41","精霊召喚士","3","技能","1586","ノーム","召喚","威力：Ｓ（防or魔）　対象：敵全体　属性：土　効果：使用者強化
ノームを召喚し、その体に土を宿す","0","30","0","","25","精灵召唤士","诺姆","召唤","威力：Ｓ（防or魔）　対象：敵全体　属性：土　効果：使用者強化
召唤诺姆，使其体披土之力"
"41","精霊召喚士","4","能力","448","MP30%アップ","魔法アビリティ","最大MPが30%アップする","","","","7","3","精灵召唤士","MP提升30%","魔法能力","最大MP提升30%"
"41","精霊召喚士","5","技能","1587","ウンディーネ","召喚","威力：Ｓ（精or魔）　対象：敵全体　属性：水　効果：使用者強化
ウンディーネを召喚し、その身に水を宿す","0","30","0","","25","精灵召唤士","温蒂妮","召唤","威力：Ｓ（精or魔）　対象：敵全体　属性：水　効果：使用者強化
召唤温蒂妮，使其身披水之力"
"41","精霊召喚士","6","技能","1588","サラマンダー","召喚","威力：Ｓ（力or魔）　対象：敵全体　属性：火　効果：使用者強化
サラマンダーを召喚し、その身に火を宿す","0","30","0","","25","精灵召唤士","萨拉曼达","召唤","威力：Ｓ（力or魔）　対象：敵全体　属性：火　効果：使用者強化
召唤萨拉曼达，使其身披火之力"
"41","精霊召喚士","7","能力","519","「召喚」使用可能","魔法アビリティ","「召喚」が使用可能になる","","","","5","3","精灵召唤士","可以使用「召唤」","魔法能力","可以使用「召唤」"
"41","精霊召喚士","8","技能","1594","死神","召喚","威力：Ｓ（魔or器）　対象：敵全体　属性：闇　効果：即死
死神を呼び出す召喚魔法","12%当前HP","33","0","","25","精灵召唤士","死神","召唤","威力：Ｓ（魔or器）　対象：敵全体　属性：闇　効果：即死
召唤死神的召唤魔法"
"41","精霊召喚士","9","能力","507","ロッドハイブースター","魔法アビリティ","ロッド装備時、その武器によるダメージが30%アップする","","","","20","3","精灵召唤士","法杖高级增强","魔法能力","装备法杖时，该武器造成的伤害提升30%"
"41","精霊召喚士","10","技能","1593","神竜","召喚","威力：ＳＳ（魔or器）　対象：敵全体　属性：聖　効果：昇天
神竜を呼び出す召喚魔法","0","55","0","","25","精灵召唤士","神龙","召唤","威力：ＳＳ（魔or器）　対象：敵全体　属性：聖　効果：昇天
召唤神龙的召唤魔法"
"41","精霊召喚士","10","能力","8466","ロッドマスタリー","特殊アビリティ","ロッド・魔導剣の装備効果が上昇する","","","","10","5","精灵召唤士","法杖精通","特殊能力","法杖・魔导剑的装备效果提升"
"42","陰陽師","2","技能","1723","陰陽・風暗符","陰陽術","威力：Ｃ（魔or器）　対象：敵全体　属性：風　効果：暗闇・風弱体
風の力を持つ符で、ダメージを与えると同時に抵抗力を下げる","0","10","0","","29","阴阳师","阴阳・风暗符","阴阳术","威力：Ｃ（魔or器）　対象：敵全体　属性：風　効果：暗闇・風弱体
持有风之力的符，给予伤害的同时降低抵抗力"
"42","陰陽師","3","技能","1724","陰陽・土黙符","陰陽術","威力：Ｃ（魔or器）　対象：敵全体　属性：土　効果：沈黙・土弱体
土の力を持つ符で、ダメージを与えると同時に抵抗力を下げる","0","10","0","","29","阴阳师","阴阳・土默符","阴阳术","威力：Ｃ（魔or器）　対象：敵全体　属性：土　効果：沈黙・土弱体
拥有土之力的符，给予伤害的同时降低抵抗力"
"42","陰陽師","4","技能","1725","陰陽・水淀符","陰陽術","威力：Ｃ（魔or器）　対象：敵全体　属性：水　効果：毒・水弱体
水の力を持つ符で、ダメージを与えると同時に抵抗力を下げる","0","10","0","","29","阴阳师","阴阳・水淀符","阴阳术","威力：Ｃ（魔or器）　対象：敵全体　属性：水　効果：毒・水弱体
拥有水之力的符，给予伤害的同时降低抵抗力"
"42","陰陽師","5","能力","610","風ダメージ軽減","防御アビリティ","風属性のダメージを3/4にする","","","","5","4","阴阳师","风伤害减轻","防御能力","风属性的伤害降低至3/4"
"42","陰陽師","6","能力","117","亜人特攻","戦技アビリティ","亜人に対して特攻ダメージを与える","","","","12","1","阴阳师","亚人特攻","战技能力","对亚人造成特攻伤害"
"42","陰陽師","7","能力","614","土ダメージ軽減","防御アビリティ","土属性のダメージを3/4にする","","","","5","4","阴阳师","土伤害减轻","防御能力","土属性的伤害降低至3/4"
"42","陰陽師","8","技能","1743","霊禹歩","陰陽術","対象：使用者　効果：回避率小アップ・MPターン小回復
回避率がアップし、MPが徐々に回復していく陰陽の式","0","5","0","","29","阴阳师","灵禹步","阴阳术","対象：使用者　効果：回避率小アップ・MPターン小回復
回避率提升，MP逐渐恢复的阴阳之式"
"42","陰陽師","9","能力","618","水ダメージ軽減","防御アビリティ","水属性のダメージを3/4にする","","","","5","4","阴阳师","水伤害减轻","防御能力","水属性的伤害降低至3/4"
"42","陰陽師","10","技能","1726","陰陽・光吸符","陰陽術","威力：Ｂ（魔or器）　対象：敵全体　属性：聖　効果：HP吸収・聖弱体
聖なる力を持つ符で、ダメージを与えると同時に抵抗力を下げる","0","15","0","","29","阴阳师","阴阳・光吸符","阴阳术","威力：Ｂ（魔or器）　対象：敵全体　属性：聖　効果：HP吸収・聖弱体
持有神圣力量的符，给予伤害的同时降低抵抗力"
"43","天地陰陽師","2","技能","1727","陰陽・炎乱唱","陰陽術","威力：Ａ（魔or器）　対象：敵全体　属性：炎　効果：混乱・炎弱体
炎の力を持つ符で、ダメージを与えると同時に抵抗力を下げる","0","20","0","","29","天地阴阳师","阴阳・炎乱唱","阴阳术","威力：Ａ（魔or器）　対象：敵全体　属性：炎　効果：混乱・炎弱体
炎之力符，造成伤害的同时降低抵抗力"
"43","天地陰陽師","3","能力","612","風ダメージ無効","防御アビリティ","風属性のダメージを無効化する","","","","15","4","天地阴阳师","风伤害无效","防御能力","风属性的伤害无效"
"43","天地陰陽師","4","技能","1728","陰陽・氷夢唱","陰陽術","威力：Ａ（魔or器）　対象：敵全体　属性：氷　効果：睡眠・氷弱体
氷の力を持つ符で、ダメージを与えると同時に抵抗力を下げる","0","20","0","","29","天地阴阳师","阴阳・冰梦唱","阴阳术","威力：Ａ（魔or器）　対象：敵全体　属性：氷　効果：睡眠・氷弱体
冰之力符，造成伤害的同时降低抵抗力"
"43","天地陰陽師","5","能力","616","土ダメージ無効","防御アビリティ","土属性のダメージを無効化する","","","","15","4","天地阴阳师","土伤害无效","防御能力","土属性的伤害无效化"
"43","天地陰陽師","6","技能","1729","陰陽・雷痺唱","陰陽術","威力：Ａ（魔or器）　対象：敵全体　属性：雷　効果：麻痺・雷弱体
雷の力を持つ符で、ダメージを与えると同時に抵抗力を下げる","0","20","0","","29","天地阴阳师","阴阳・雷痹唱","阴阳术","威力：Ａ（魔or器）　対象：敵全体　属性：雷　効果：麻痺・雷弱体
使用雷之力符，造成伤害的同时降低抵抗力"
"43","天地陰陽師","7","能力","620","水ダメージ無効","防御アビリティ","水属性のダメージを無効化する","","","","15","4","天地阴阳师","水伤害无效","防御能力","水属性伤害的无效化"
"43","天地陰陽師","8","技能","1730","陰陽・闇貪唱","陰陽術","威力：Ｓ（魔or器）　対象：敵単体　属性：闇　効果：即死・闇弱体
闇の力を持つ符で、ダメージを与えると同時に抵抗力を下げる","10%当前HP","12","0","","29","天地阴阳师","阴阳・暗贪唱","阴阳术","威力：Ｓ（魔or器）　対象：敵単体　属性：闇　効果：即死・闇弱体
拥有暗之力的符，给予伤害的同时降低抵抗力"
"43","天地陰陽師","8","技能","1744","神禹歩","陰陽術","対象：使用者　効果：回避率中アップ・MPターン中回復
回避率が大アップし、MPが大きく回復していく陰陽の式","0","10","0","","29","天地阴阳师","神禹步","阴阳术","対象：使用者　効果：回避率中アップ・MPターン中回復
大幅提升回避率，MP大幅恢复的阴阳之式"
"43","天地陰陽師","9","能力","523","「陰陽術」使用可能","魔法アビリティ","「陰陽術」が使用可能になる","","","","5","3","天地阴阳师","可以使用「阴阳术」","魔法能力","可以使用「阴阳术」"
"43","天地陰陽師","10","技能","1740","陰陽・魔祓陣","陰陽術","威力：Ａ（魔or器）　対象：敵単体　属性：銀河　効果：魔法カウンター発動
陰陽の式を打ち、魔法攻撃に対してカウンターを行う奥義","0","16","0","","29","天地阴阳师","阴阳・魔祓阵","阴阳术","威力：Ａ（魔or器）　対象：敵単体　属性：銀河　効果：魔法カウンター発動
打出阴阳之式，对魔法攻击进行反击的奥义"
"43","天地陰陽師","10","能力","8466","ロッドマスタリー","特殊アビリティ","ロッド・魔導剣の装備効果が上昇する","","","","10","5","天地阴阳师","法杖精通","特殊能力","法杖・魔导剑的装备效果提升"
"44","僧侶","2","技能","1460","ヒール","白魔法","対象：味方単体　効果：HP中回復
味方単体の体力を回復する癒しの魔法","0","2","0","","22","僧侣","治愈","白魔法","対象：味方単体　効果：HP中回復
恢复我方单体体力的治愈魔法"
"44","僧侶","3","能力","549","精神力10%アップ","防御アビリティ","精神力が10%アップする","","","","3","4","僧侣","精神力提升10%","防御能力","精神力提升10%"
"44","僧侶","4","技能","1476","マジック","白魔法","対象：味方単体　効果：魔力アップ
味方単体の魔力をアップさせる魔法","0","3","0","","22","僧侣","魔法","白魔法","対象：味方単体　効果：魔力アップ
提升我方单体魔力的魔法"
"44","僧侶","4","技能","1478","マインド","白魔法","対象：味方単体　効果：精神力アップ
味方単体の精神力をアップさせる魔法","0","3","0","","22","僧侣","精神","白魔法","対象：味方単体　効果：精神力アップ
提升我方单体精神力的魔法"
"44","僧侶","5","技能","1464","キュア","白魔法","対象：味方単体　効果：軽状態異常回復
味方単体の状態異常を回復する魔法","0","3","0","","22","僧侣","愈疗","白魔法","対象：味方単体　効果：軽状態異常回復
恢复我方单体异常状态的魔法"
"44","僧侶","6","技能","1466","レイズ","白魔法","対象：味方単体　効果：蘇生
味方単体を体力半分の状態で蘇生させる魔法","0","10","0","","22","僧侣","复活","白魔法","対象：味方単体　効果：蘇生
复活我方单体并恢复一半体力的魔法"
"44","僧侶","7","技能","1462","オールヒール","白魔法","対象：味方全体　効果：HP中回復
味方全体の体力を回復する癒しの魔法","0","5","0","","22","僧侣","全体治愈","白魔法","対象：味方全体　効果：HP中回復
恢复我方全体的体力的治愈魔法"
"44","僧侶","8","技能","1479","テクニック","白魔法","対象：味方単体　効果：器用さアップ
味方単体の器用さをアップさせる魔法","0","3","0","","22","僧侣","技巧","白魔法","対象：味方単体　効果：器用さアップ
提升我方单体灵巧的魔法"
"44","僧侶","9","技能","1475","アタック","白魔法","対象：味方単体　効果：攻撃力アップ
味方単体の攻撃力をアップさせる魔法","0","3","0","","22","僧侣","攻击","白魔法","対象：味方単体　効果：攻撃力アップ
提升我方单体攻击力的魔法"
"44","僧侶","9","技能","1477","ガード","白魔法","対象：味方単体　効果：防御力アップ
味方単体の防御力をアップさせる魔法","0","3","0","","22","僧侣","防御","白魔法","対象：味方単体　効果：防御力アップ
提升我方单体防御力的魔法"
"44","僧侶","10","技能","1489","キャンセル","白魔法","対象：敵単体　効果：強化解除
敵単体の強化を解除する魔法","0","3","0","","22","僧侣","取消","白魔法","対象：敵単体　効果：強化解除
解除单体敌人强化的魔法"
"45","白魔導師","2","技能","1461","メガヒール","白魔法","対象：味方単体　効果：HP大回復
味方単体の体力を大回復する癒しの魔法","0","5","0","","22","白魔导师","大治愈","白魔法","対象：味方単体　効果：HP大回復
大幅恢复我方单体体力的治愈魔法"
"45","白魔導師","3","能力","550","精神力20%アップ","防御アビリティ","精神力が20%アップする","","","","5","4","白魔导师","精神力提升20%","防御能力","精神力提升20%"
"45","白魔導師","4","技能","1465","オールキュア","白魔法","対象：味方全体　効果：軽状態異常回復
味方全体の状態異常を回復する魔法","0","7","0","","22","白魔导师","全体愈疗","白魔法","対象：味方全体　効果：軽状態異常回復
恢复我方全体状态异常的魔法"
"45","白魔導師","5","技能","1482","オールガード","白魔法","対象：味方全体　効果：防御力アップ
味方全体の防御力をアップさせる魔法","0","10","0","","22","白魔导师","全体防御","白魔法","対象：味方全体　効果：防御力アップ
提升我方全体防御力的魔法"
"45","白魔導師","5","技能","1483","オールマインド","白魔法","対象：味方全体　効果：精神力アップ
味方全体の精神力をアップさせる魔法","0","10","0","","22","白魔导师","全体精神","白魔法","対象：味方全体　効果：精神力アップ
提升我方全体精神力的魔法"
"45","白魔導師","6","技能","1469","ホーリーアロー","白魔法","威力：Ｃ（魔or精）　対象：敵単体　属性：聖
聖なる魔力を矢に変えて敵を射貫く魔法","0","15","0","","22","白魔导师","神圣之箭","白魔法","威力：Ｃ（魔or精）　対象：敵単体　属性：聖
将神圣魔力化为箭矢贯穿敌人的魔法"
"45","白魔導師","7","技能","1473","ヘブン","白魔法","対象：敵単体　特殊：昇天
聖なる波動で敵単体を昇天させる魔法","0","5","0","","22","白魔导师","天堂","白魔法","対象：敵単体　特殊：昇天
用神圣波动使单体敌人升天的魔法"
"45","白魔導師","8","能力","503","杖ブースター","魔法アビリティ","杖装備時、その武器によるダメージが15%アップする","","","","10","3","白魔导师","杖增强","魔法能力","装备杖时，该武器造成的伤害提升15%"
"45","白魔導師","9","技能","1463","オールメガヒール","白魔法","対象：味方全体　効果：HP大回復
味方全体の体力を大回復する癒しの魔法","0","15","0","","22","白魔导师","全体大治愈","白魔法","対象：味方全体　効果：HP大回復
恢复我方全体的体力的大治愈魔法"
"45","白魔導師","10","技能","1467","メガレイズ","白魔法","対象：味方単体　効果：完全蘇生
味方単体を体力全快の状態で蘇生させる魔法","0","20","0","","22","白魔导师","大复活","白魔法","対象：味方単体　効果：完全蘇生
复活我方单体并完全恢复体力的魔法"
"46","聖魔導師","2","技能","1481","オールマジック","白魔法","対象：味方全体　効果：魔力アップ
味方全体の魔力をアップさせる魔法","0","10","0","","22","圣魔导师","全体魔法","白魔法","対象：味方全体　効果：魔力アップ
提升我方全体魔力的魔法"
"46","聖魔導師","3","能力","551","精神力30%アップ","防御アビリティ","精神力が30%アップする","","","","7","4","圣魔导师","精神力提升30%","防御能力","精神力提升30%"
"46","聖魔導師","4","技能","1484","オールテクニック","白魔法","対象：味方全体　効果：器用さアップ
味方全体の器用さをアップさせる魔法","0","10","0","","22","圣魔导师","全体技巧","白魔法","対象：味方全体　効果：器用さアップ
提升我方全体灵巧的魔法"
"46","聖魔導師","5","能力","513","「杖」装備可能","魔法アビリティ","「杖」が装備可能になる","","","","5","3","圣魔导师","可以装备「杖」","魔法能力","变得可以装备「杖」"
"46","聖魔導師","6","技能","1480","オールアタック","白魔法","対象：味方全体　効果：攻撃力アップ
味方全体の攻撃力をアップさせる魔法","0","10","0","","22","圣魔导师","全体攻击","白魔法","対象：味方全体　効果：攻撃力アップ
提升我方全体攻击力的魔法"
"46","聖魔導師","7","能力","516","「白魔法」使用可能","魔法アビリティ","「白魔法」が使用可能になる","","","","5","3","圣魔导师","可以使用「白魔法」","魔法能力","可以使用「白魔法」"
"46","聖魔導師","8","技能","1470","ニルヴァーナ","白魔法","威力：Ａ（魔or精）　対象：敵全体　属性：聖
天から聖なる矢を無数に降り注がせる魔法","0","30","0","","22","圣魔导师","涅槃","白魔法","威力：Ａ（魔or精）　対象：敵全体　属性：聖
从天而降无数神圣箭矢的魔法"
"46","聖魔導師","9","能力","504","杖ハイブースター","魔法アビリティ","杖装備時、その武器によるダメージが30%アップする","","","","20","3","圣魔导师","杖高级增强","魔法能力","装备杖时，该武器造成的伤害提升30%"
"46","聖魔導師","10","技能","1468","オールメガレイズ","白魔法","対象：味方全体　効果：完全蘇生
味方全体を体力全快の状態で蘇生させる魔法","0","40","0","","22","圣魔导师","全体大复活","白魔法","対象：味方全体　効果：完全蘇生
复活我方全体并完全恢复体力的魔法"
"46","聖魔導師","10","能力","8464","杖マスタリー","特殊アビリティ","杖の装備効果が上昇する","","","","10","5","圣魔导师","杖精通","特殊能力","杖的装备效果提升"
"47","賢者","2","能力","470","炎ブースター","魔法アビリティ","炎属性のダメージが15%アップする","","","","8","3","贤者","炎增强","魔法能力","炎属性的伤害提升15%"
"47","賢者","2","能力","473","氷ブースター","魔法アビリティ","氷属性のダメージが15%アップする","","","","8","3","贤者","冰增强","魔法能力","冰霜属性的伤害提升15%"
"47","賢者","2","能力","476","雷ブースター","魔法アビリティ","雷属性のダメージが15%アップする","","","","8","3","贤者","雷增强","魔法能力","雷属性伤害提升15%"
"47","賢者","3","技能","1498","ファイアテンペスト","黒魔法","威力：Ａ（魔）　対象：敵ランダム4回　属性：炎
敵の群れを炎の竜巻で巻き込む魔法","0","15","0","","23","贤者","火焰烈风","黑魔法","威力：Ａ（魔）　対象：敵ランダム4回　属性：炎
用火焰龙卷风卷入敌人的魔法"
"47","賢者","4","技能","1486","マジックカーテン","白魔法","対象：味方単体　効果：ダメージMP変換
受けたダメージに応じてMPが回復する魔法","0","10","0","","22","贤者","魔法帷幕","白魔法","対象：味方単体　効果：ダメージMP変換
根据受到的伤害恢复MP的魔法"
"47","賢者","5","技能","1504","ブリザードストーム","黒魔法","威力：Ａ（魔）　対象：敵ランダム4回　属性：氷
敵の群れを氷の竜巻で巻き込む魔法","0","15","0","","23","贤者","暴风雪","黑魔法","威力：Ａ（魔）　対象：敵ランダム4回　属性：氷
用冰之龙卷风卷入敌人的魔法"
"47","賢者","6","能力","701","「魔帽」装備可能","防御アビリティ","「帽子」「魔帽」「高級帽」が装備可能になる","","","","5","4","贤者","可以装备「魔法帽」","防御能力","变得可以装备「帽子」「魔法帽」「高级帽」"
"47","賢者","6","能力","7582","クロッシングヒール","魔法アビリティ","「白魔法」の威力が魔力に依存するようになる","","","","2","3","贤者","交叉治愈","魔法能力","「白魔法」的威力取决于魔力"
"47","賢者","7","技能","1510","サンダーハリケーン","黒魔法","威力：Ａ（魔）　対象：敵ランダム4回　属性：雷
敵の群れを雷の竜巻で巻き込む魔法","0","15","0","","23","贤者","雷电飓风","黑魔法","威力：Ａ（魔）　対象：敵ランダム4回　属性：雷
用雷电龙卷风卷入敌群的魔法"
"47","賢者","8","能力","456","MP消費3/4","魔法アビリティ","スキル使用時のMP消費が3/4になる","","","","10","3","贤者","MP消費3/4","魔法能力","スキル使用時のMP消費が3/4になる"
"47","賢者","9","技能","1541","ヒールタイフーン","黒魔法","対象：味方ランダム4回　効果：HP中回復
癒しの嵐で味方達を回復する魔法","0","7","0","","23","贤者","治愈台风","黑魔法","対象：味方ランダム4回　効果：HP中回復
用治愈风暴恢复我方成员的魔法"
"47","賢者","10","能力","713","毎ターンMP1%回復","特殊アビリティ","ターンごとにMPが1%回復する","","","","5","5","贤者","每回合MP恢复1%","特殊能力","每回合MP恢复1%"
"48","森羅万象士","2","技能","1533","オールデス","黒魔法","対象：敵全体　効果：即死
敵全体を即死させる魔法","0","10","0","","23","森罗万象士","全体死亡","黑魔法","対象：敵全体　効果：即死
使全体敌人即死的魔法"
"48","森羅万象士","3","能力","454","魔力40%アップ","魔法アビリティ","魔力が40%アップする","","","","10","3","森罗万象士","魔力提升40%","魔法能力","魔力提升40%"
"48","森羅万象士","3","能力","552","精神力40%アップ","防御アビリティ","精神力が40%アップする","","","","10","4","森罗万象士","精神力提升40%","防御能力","精神力提升40%"
"48","森羅万象士","4","技能","1474","オールヘブン","白魔法","対象：敵全体　特殊：昇天
聖なる波動で敵全体を昇天させる魔法","0","10","0","","22","森罗万象士","全体天堂","白魔法","対象：敵全体　特殊：昇天
用神圣波动使全体敌人升天的魔法"
"48","森羅万象士","4","能力","7252","魔法会心10%アップ","魔法アビリティ","魔法会心率が10%になる","","","","5","3","森罗万象士","魔法暴击提升10%","魔法能力","魔法暴击率增加10%"
"48","森羅万象士","5","技能","1523","カーズ","黒魔法","威力：Ｓ（魔）　対象：敵全体　属性：バイオ　効果：毒・暗闇・沈黙・混乱・睡眠・麻痺
敵全体を魔の呪いで包み、様々な状態異常にする魔法","0","30","0","","23","森罗万象士","诅咒","黑魔法","威力：Ｓ（魔）　対象：敵全体　属性：バイオ　効果：毒・暗闇・沈黙・混乱・睡眠・麻痺
以魔之诅咒包围全体敌人，使其陷入各种异常状态的魔法"
"48","森羅万象士","6","技能","1487","マジックウォール","白魔法","対象：味方単体　効果：ダメージMP消費
受けたダメージをMPで肩代わりする魔法","0","5","0","","22","森罗万象士","魔法墙","白魔法","対象：味方単体　効果：ダメージMP消費
用MP抵消受到的伤害的魔法"
"48","森羅万象士","6","技能","1563","アーク","時魔法","威力：Ｓ（魔）　対象：敵全体　属性：音波　効果：スロウ・ストップ・石化
敵全体を時の呪いで包み、様々な状態異常にする魔法","0","30","0","","24","森罗万象士","弧光","时魔法","威力：Ｓ（魔）　対象：敵全体　属性：音波　効果：スロウ・ストップ・石化
用时间的诅咒包裹全体敌人，使其陷入各种异常状态的魔法"
"48","森羅万象士","7","能力","699","「ローブ」装備可能","防御アビリティ","「ローブ」「ドレス」「薄着」が装備可能になる","","","","5","4","森罗万象士","可以装备「长袍」","防御能力","变得可以装备「长袍」「礼服」「薄衣」"
"48","森羅万象士","7","能力","7583","テクニカルマギ","魔法アビリティ","攻撃魔法の威力が器用さに依存するようになる","","","","4","3","森罗万象士","技术魔法","魔法能力","攻击魔法的威力取决于灵巧"
"48","森羅万象士","8","技能","1485","ジルオール","白魔法","対象：味方全体　効果：全能力値アップ
味方全体の能力値をアップさせる魔法","0","50","0","","22","森罗万象士","全体强化","白魔法","対象：味方全体　効果：全能力値アップ
提升我方全体能力值的魔法"
"48","森羅万象士","9","能力","457","MP消費1/2","魔法アビリティ","スキル使用時のMP消費が半分になる","","","","20","3","森罗万象士","MP消費1/2","魔法能力","技能使用时的MP消耗减半"
"48","森羅万象士","9","能力","8500","ローブマスタリー","特殊アビリティ","ローブの装備効果が上昇する","","","","5","5","森罗万象士","长袍精通","特殊能力","长袍的装备效果提升"
"48","森羅万象士","10","技能","9210","オーバーロード","黒魔法","威力：可変　対象：敵全体
全ての魔力を破壊の力に変換し、一気に解放する究極魔法","0","100%当前MP","0","","23","森罗万象士","超负荷","黑魔法","威力：可変　対象：敵全体
将所有魔力转化为破坏之力，一口气释放的究极魔法"
"49","魔法少女","2","技能","3128","マジカルチェンジ","特技","対象：使用者　効果：変身
MPを消費し5ターンの間ヒーローに変身する","0","5","0","","63","魔法少女","魔法变身","特技","対象：使用者　効果：変身
消耗MP，5回合内变身成英雄"
"49","魔法少女","3","技能","1852","マジカルスター","ヒーロー技","威力：Ｂ（魔）　対象：敵単体　属性：銀河
星の魔力で悪を討つ","0","6","0","","33","魔法少女","魔力之星","英雄技","威力：Ｂ（魔）　対象：敵単体　属性：銀河
用星辰的魔力讨伐邪恶"
"49","魔法少女","4","能力","598","炎ダメージ軽減","防御アビリティ","炎属性のダメージを3/4にする","","","","5","4","魔法少女","炎伤害减轻","防御能力","炎属性的伤害降低至3/4"
"49","魔法少女","5","技能","1854","マジカルヒール","ヒーロー技","対象：味方全体　効果：HP中回復・軽状態異常回復
汚れなき祈りが癒しをもたらす","0","10","0","","33","魔法少女","魔力治愈","英雄技","対象：味方全体　効果：HP中回復・軽状態異常回復
无垢的祈祷带来治愈"
"49","魔法少女","6","能力","602","氷ダメージ軽減","防御アビリティ","氷属性のダメージを3/4にする","","","","5","4","魔法少女","冰伤害减轻","防御能力","冰属性的伤害降低至3/4"
"49","魔法少女","7","技能","1853","マジカルオーラ","ヒーロー技","威力：Ｂ（魔）　対象：敵全体　属性：銀河
生命の波動で邪悪を倒す","0","8","0","","33","魔法少女","魔力光环","英雄技","威力：Ｂ（魔）　対象：敵全体　属性：銀河
用生命的波动击倒邪恶"
"49","魔法少女","8","能力","606","雷ダメージ軽減","防御アビリティ","雷属性のダメージを3/4にする","","","","5","4","魔法少女","雷伤害减轻","防御能力","雷属性的伤害降低至3/4"
"49","魔法少女","9","能力","714","毎ターンMP2%回復","特殊アビリティ","ターンごとにMPが2%回復する","","","","10","5","魔法少女","每回合MP恢复2%","特殊能力","每回合MP恢复2%"
"49","魔法少女","10","技能","1855","円環の理","ヒーロー技","対象：使用者　効果：自動蘇生
円環の理に導かれ再生する奥義","0","15","0","","33","魔法少女","圆环之理","英雄技","対象：使用者　効果：自動蘇生
被圆环之理引导再生的奥义"
"50","魔女","2","技能","1862","禍星","ヒーロー技","威力：ＳＳ（魔）　対象：敵単体　属性：闇・銀河　効果：石化
憎しみに彩られた星の力を解放する","12%当前HP","20","0","","33","魔女","祸星","英雄技","威力：ＳＳ（魔）　対象：敵単体　属性：闇・銀河　効果：石化
解放被憎恨染色的星之力"
"50","魔女","2","技能","3129","魔女化","特技","対象：使用者　効果：変身
MPを中消費し戦闘中ずっと変身状態になる","0","15","0","","63","魔女","魔女化","特技","対象：使用者　効果：変身
中量消耗MP，战斗中一直保持变身状态"
"50","魔女","3","能力","450","MP50%アップ","魔法アビリティ","最大MPが50%アップする","","","","15","3","魔女","MP提升50%","魔法能力","最大MP提升50%"
"50","魔女","3","能力","455","魔力50%アップ","魔法アビリティ","魔力が50%アップする","","","","15","3","魔女","魔力提升50%","魔法能力","魔力提升50%"
"50","魔女","3","能力","553","精神力50%アップ","防御アビリティ","精神力が50%アップする","","","","15","4","魔女","精神力提升50%","防御能力","精神力提升50%"
"50","魔女","4","能力","6534","状態異常特攻ブースター","戦技アビリティ","状態異常特攻ダメージが25%アップする","","","","10","1","魔女","状态异常特攻增强","战技能力","状态异常特攻伤害提升25%"
"50","魔女","5","能力","599","炎ダメージ半減","防御アビリティ","炎属性のダメージを半分にする","","","","10","4","魔女","炎伤害减半","防御能力","炎属性的伤害减半"
"50","魔女","5","技能","1865","呪詩","ヒーロー技","対象：敵全体　効果：スロウ・ストップ・石化・即死
死の怨念を周囲に満たし、敵全体を即死させる技","0","8","0","","33","魔女","咒诗","英雄技","対象：敵全体　効果：スロウ・ストップ・石化・即死
充满死亡怨念，使全体敌人即死的技能"
"50","魔女","6","能力","603","氷ダメージ半減","防御アビリティ","氷属性のダメージを半分にする","","","","10","4","魔女","冰伤害减半","防御能力","冰属性的伤害减半"
"50","魔女","6","能力","6896","ダークフォース","職技アビリティ","ヒーロー技で闇穢状態の敵に特攻が発生する","","","","2","2","魔女","黑暗之力","职技能力","英雄技对处于暗秽状态的敌人发动特攻"
"50","魔女","7","能力","607","雷ダメージ半減","防御アビリティ","雷属性のダメージを半分にする","","","","10","4","魔女","雷伤害减半","防御能力","雷属性的伤害减半"
"50","魔女","7","技能","1863","カーズウェーブ","ヒーロー技","威力：ＳＳ（魔）　対象：敵ランダム4回　属性：闇・音波　効果：睡眠・混乱
呪いの波動を周囲へと撒き散らす奥義","12%当前HP","20","0","","33","魔女","诅咒波动","英雄技","威力：ＳＳ（魔）　対象：敵ランダム4回　属性：闇・音波　効果：睡眠・混乱
释放诅咒的波动，向四周散布的奥义"
"50","魔女","8","能力","7266","波動拡散魔導","魔法アビリティ","敵複数時、全魔法の威力が30%アップする
※収束魔導系との併用は不可能","","","","10","3","魔女","波动扩散魔导","魔法能力","敌人为复数时，所有魔法的威力提升30%
※无法与收敛魔导系同时使用"
"50","魔女","8","能力","8506","帽子マスタリー","特殊アビリティ","帽子・魔帽・高級帽の装備効果が上昇する","","","","5","5","魔女","帽子精通","特殊能力","帽子・魔法帽・高级帽的装备效果提升"
"50","魔女","9","能力","715","毎ターンMP4%回復","特殊アビリティ","ターンごとにMPが4%回復する","","","","20","5","魔女","每回合MP恢复4%","特殊能力","每回合MP恢复4%"
"50","魔女","9","技能","9789","魔法収束","特技","対象：使用者　効果：魔法スキル単体化・威力アップ
3ターンの間、魔法スキルが単体化し威力がアップする","0","0","3","","63","魔女","魔法集中","特技","対象：使用者　効果：魔法スキル単体化・威力アップ
3回合内，魔法技能变为单体攻击且威力提升"
"50","魔女","10","技能","1864","ワルプルギスの夜","ヒーロー技","威力：ＳＳＳ（魔）　対象：敵全体　属性：終焉　効果：石化・即死
最強の魔女と化し、絶望と破壊を撒き散らす奥義","16%当前HP","40","0","","33","魔女","魔女之夜","英雄技","威力：ＳＳＳ（魔）　対象：敵全体　属性：終焉　効果：石化・即死
化身为最强魔女，散布绝望与破坏的奥义"
"50","魔女","10","能力","9823","魔女の証","マスターアビリティ","魔法APの最大値が10上昇し、魔法ヒーロー技ダメージが20%アップ","","","","0","999","魔女","魔女的证明","大师能力","魔法AP的最大值提升10，魔法英雄技伤害增加20%"
"52","狩人","2","技能","1182","重ね撃ち","弓技","威力：Ｅ（力・器）　対象：敵単体2回
敵単体に一瞬で複数の矢を打ち込む弓技","0","0","2","","14","猎人","重叠射击","弓技","威力：Ｅ（力・器）　対象：敵単体2回
对单体敌人瞬间射入多支箭的弓技"
"52","狩人","3","能力","71","命中率5%アップ","戦技アビリティ","命中率が5%アップする","","","","3","1","猎人","命中率提升5%","战技能力","命中率提升5%"
"52","狩人","3","能力","278","器用さ10%アップ","職技アビリティ","器用さが10%アップする","","","","3","2","猎人","灵巧提升10%","职技能力","灵巧提升10%"
"52","狩人","4","技能","1199","ビーストキラー","弓技","威力：Ｅ（力・器）　対象：敵単体　効果：獣特攻
魔獣に大ダメージを与える狩人の一撃","0","0","2","","14","猎人","野兽杀手","弓技","威力：Ｅ（力・器）　対象：敵単体　効果：獣特攻
对魔兽造成巨大伤害的猎人一击"
"52","狩人","5","技能","3104","精神集中","特技","対象：使用者　効果：器用さ・素早さアップ
精神を集中し、次のターンの器用さと素早さをアップさせる","0","0","2","","63","猎人","精神集中","特技","対象：使用者　効果：器用さ・素早さアップ
集中精神，提升下一回合的灵巧和敏捷"
"52","狩人","6","技能","1198","エビルキラー","弓技","威力：Ｅ（力・器）　対象：敵単体　効果：陸棲種特攻
陸棲種に大ダメージを与える狩人の一撃","0","0","2","","14","猎人","陆栖种杀手","弓技","威力：Ｅ（力・器）　対象：敵単体　効果：陸棲種特攻
对陆栖种造成巨大伤害的猎人一击"
"52","狩人","7","能力","124","魔獣特攻","戦技アビリティ","魔獣に対して特攻ダメージを与える","","","","12","1","猎人","魔兽特攻","战技能力","对魔兽造成特攻伤害"
"52","狩人","7","能力","130","陸棲種特攻","戦技アビリティ","陸棲種に対して特攻ダメージを与える","","","","12","1","猎人","陆栖种特攻","战技能力","对陆栖种造成特攻伤害"
"52","狩人","8","技能","1185","炎の矢","弓技","威力：Ｅ（力・器）　対象：敵単体　属性：炎
魔力で炎を宿した矢を敵に撃ち込む弓技","0","1","1","","14","猎人","炎之箭","弓技","威力：Ｅ（力・器）　対象：敵単体　属性：炎
用魔力赋予火焰的箭矢射向敌人的弓技"
"52","狩人","8","技能","1186","氷の矢","弓技","威力：Ｅ（力・器）　対象：敵単体　属性：氷
魔力で氷を宿した矢を敵に撃ち込む弓技","0","1","1","","14","猎人","冰之箭","弓技","威力：Ｅ（力・器）　対象：敵単体　属性：氷
魔力使箭矢附着冰属性，对敌人进行射击的弓技"
"52","狩人","8","技能","1187","雷の矢","弓技","威力：Ｅ（力・器）　対象：敵単体　属性：雷
魔力で雷を宿した矢を敵に撃ち込む弓技","0","1","1","","14","猎人","雷之箭","弓技","威力：Ｅ（力・器）　対象：敵単体　属性：雷
魔力使箭矢附着雷属性，对敌人进行射击的弓技"
"52","狩人","9","能力","767","仲間確率1.5倍","特殊アビリティ","モンスターが仲間になる確率が1.5倍になる","","","","10","5","猎人","仲間確率1.5倍","特殊能力","モンスターが仲間になる確率が1.5倍になる"
"52","狩人","10","技能","1183","乱れ矢","弓技","威力：Ｄ（力・器）　対象：敵ランダム4回
敵の群れに矢を乱れ撃ちをする弓技","0","0","3","","14","猎人","乱箭","弓技","威力：Ｄ（力・器）　対象：敵ランダム4回
对敌群乱击箭矢的弓技"
"53","ボウマスター","2","技能","1191","スプラッシュアロー","弓技","威力：Ｂ（力・器）　対象：敵単体4回
敵単体に連続で矢を打ち込む弓技","0","0","5","","14","弓箭大师","溅射箭","弓技","威力：Ｂ（力・器）　対象：敵単体4回
对单体敌人连续射击的弓技"
"53","ボウマスター","3","能力","72","命中率10%アップ","戦技アビリティ","命中率が10%アップする","","","","6","1","弓箭大师","命中率提升10%","战技能力","命中率提升10%"
"53","ボウマスター","4","能力","223","「弓矢」装備可能","戦技アビリティ","「弓矢」が装備可能になる","","","","5","1","弓箭大师","可以装备「弓箭」","战技能力","变得可以装备「弓箭」"
"53","ボウマスター","5","技能","1201","インセクトハント","弓技","威力：Ｃ（力・器）　対象：敵単体　効果：虫特攻
昆虫モンスターに大ダメージを与える狩人の一撃","0","0","4","","14","弓箭大师","猎虫","弓技","威力：Ｃ（力・器）　対象：敵単体　効果：虫特攻
对昆虫魔物造成巨大伤害的猎人一击"
"53","ボウマスター","6","能力","781","森強化","特殊アビリティ","森での戦闘時、能力値が20%アップする","","","","5","5","弓箭大师","森林强化","特殊能力","在森林战斗时，能力值提升20%"
"53","ボウマスター","7","技能","1200","フラワーハント","弓技","威力：Ｃ（力・器）　対象：敵単体　効果：植物特攻
植物モンスターに大ダメージを与える狩人の一撃","0","0","4","","14","弓箭大师","猎花","弓技","威力：Ｃ（力・器）　対象：敵単体　効果：植物特攻
对植物魔物造成巨大伤害的猎人一击"
"53","ボウマスター","8","能力","132","虫特攻","戦技アビリティ","虫に対して特攻ダメージを与える","","","","12","1","弓箭大师","虫特攻","战技能力","对虫造成特攻伤害"
"53","ボウマスター","8","能力","133","植物特攻","戦技アビリティ","植物に対して特攻ダメージを与える","","","","12","1","弓箭大师","植物特攻","战技能力","对植物造成特攻伤害"
"53","ボウマスター","9","能力","193","弓矢ブースター","戦技アビリティ","弓矢装備時、その武器によるダメージが15%アップする","","","","10","1","弓箭大师","弓箭增强","战技能力","装备弓箭时，该武器造成的伤害提升15%"
"53","ボウマスター","10","技能","1192","レインアロー","弓技","威力：Ｃ（力・器）　対象：敵全体
敵の群れの頭上に矢の雨を降らせる弓技","0","0","5","","14","弓箭大师","箭雨","弓技","威力：Ｃ（力・器）　対象：敵全体
在敌群头顶降下箭雨的弓技"
"54","神弓手","2","技能","1203","ラミアバスター","弓技","威力：Ｃ（力・器）　対象：敵単体　効果：ラミア特攻
ラミアに大ダメージを与える狩人の一撃","0","0","4","","14","神射手","拉米亚破坏者","弓技","威力：Ｃ（力・器）　対象：敵単体　効果：ラミア特攻
对拉米亚造成巨大伤害的猎人一击"
"54","神弓手","3","能力","73","命中率20%アップ","戦技アビリティ","命中率が20%アップする","","","","9","1","神射手","命中率提升20%","战技能力","命中率提升20%"
"54","神弓手","4","能力","237","「弓技」使用可能","戦技アビリティ","「弓技」が使用可能になる","","","","5","1","神射手","「弓技」使用可能","战技能力","可以使用「弓技」"
"54","神弓手","5","技能","1204","スキュラバスター","弓技","威力：Ｃ（力・器）　対象：敵単体　効果：スキュラ特攻
スキュラに大ダメージを与える狩人の一撃","0","0","4","","14","神射手","斯库拉破坏者","弓技","威力：Ｃ（力・器）　対象：敵単体　効果：スキュラ特攻
对斯库拉造成巨大伤害的猎人一击"
"54","神弓手","6","能力","782","森超強化","特殊アビリティ","森での戦闘時、能力値が40%アップする","","","","10","5","神射手","森林超强化","特殊能力","在森林战斗时，能力值提升40%"
"54","神弓手","7","能力","126","ラミア特攻","戦技アビリティ","ラミアに対して特攻ダメージを与える","","","","12","1","神射手","拉米亚特攻","战技能力","对拉米亚造成特攻伤害"
"54","神弓手","8","能力","127","スキュラ特攻","戦技アビリティ","スキュラに対して特攻ダメージを与える","","","","12","1","神射手","斯库拉特攻","战技能力","对斯库拉造成特攻伤害"
"54","神弓手","9","能力","194","弓矢ハイブースター","戦技アビリティ","弓矢装備時、その武器によるダメージが30%アップする","","","","20","1","神射手","弓箭高级增强","战技能力","装备弓箭时，该武器造成的伤害提升30%"
"54","神弓手","10","技能","1219","流星乱矢","弓技","威力：Ｓ（力・器）　対象：敵ランダム6回　属性：聖
聖なる力を込め、流星のように矢を乱舞させる奥義","0","12","5","","14","神射手","流星乱箭","弓技","威力：Ｓ（力・器）　対象：敵ランダム6回　属性：聖
注入神圣之力，使箭如流星般乱舞的奥义"
"54","神弓手","10","能力","8468","弓矢マスタリー","特殊アビリティ","弓矢の装備効果が上昇する","","","","10","5","神射手","弓箭精通","特殊能力","弓箭的装备效果提升"
"55","影狩人","2","技能","1205","エルフ狩り","弓技","威力：Ｃ（力・器）　対象：敵単体　効果：エルフ特攻
エルフに大ダメージを与える狩人の一撃","0","0","4","","14","影猎人","精灵狩猎","弓技","威力：Ｃ（力・器）　対象：敵単体　効果：エルフ特攻
对精灵造成巨大伤害的猎人一击"
"55","影狩人","3","能力","73","命中率20%アップ","戦技アビリティ","命中率が20%アップする","","","","9","1","影猎人","命中率提升20%","战技能力","命中率提升20%"
"55","影狩人","4","能力","237","「弓技」使用可能","戦技アビリティ","「弓技」が使用可能になる","","","","5","1","影猎人","「弓技」使用可能","战技能力","可以使用「弓技」"
"55","影狩人","5","技能","1206","フェアリー狩り","弓技","威力：Ｃ（力・器）　対象：敵単体　効果：妖精特攻
フェアリーに大ダメージを与える狩人の一撃","0","0","4","","14","影猎人","妖精狩猎","弓技","威力：Ｃ（力・器）　対象：敵単体　効果：妖精特攻
对妖精造成巨大伤害的猎人一击"
"55","影狩人","6","能力","782","森超強化","特殊アビリティ","森での戦闘時、能力値が40%アップする","","","","10","5","影猎人","森林超强化","特殊能力","在森林战斗时，能力值提升40%"
"55","影狩人","7","能力","121","エルフ特攻","戦技アビリティ","エルフに対して特攻ダメージを与える","","","","12","1","影猎人","精灵特攻","战技能力","对精灵造成特攻伤害"
"55","影狩人","8","能力","122","妖精特攻","戦技アビリティ","妖精に対して特攻ダメージを与える","","","","12","1","影猎人","妖精特攻","战技能力","对妖精造成特攻伤害"
"55","影狩人","9","能力","194","弓矢ハイブースター","戦技アビリティ","弓矢装備時、その武器によるダメージが30%アップする","","","","20","1","影猎人","弓箭高级增强","战技能力","装备弓箭时，该武器造成的伤害提升30%"
"55","影狩人","10","技能","1220","散華乱矢","弓技","威力：Ｓ（力・器）　対象：敵ランダム6回　属性：闇
闇の力を込めた矢を乱れ撃つ奥義","10%当前HP","0","5","","14","影猎人","散华乱箭","弓技","威力：Ｓ（力・器）　対象：敵ランダム6回　属性：闇
注入黑暗之力的箭乱击的奥义"
"55","影狩人","10","能力","8468","弓矢マスタリー","特殊アビリティ","弓矢の装備効果が上昇する","","","","10","5","影猎人","弓箭精通","特殊能力","弓箭的装备效果提升"
"56","ガンナー","2","技能","1338","双弾","銃技","威力：Ｅ（器）　対象：敵単体2回
敵単体に対し、二発の弾丸を同時に撃ち込む銃技","0","0","2","","19","铳手","双弹","铳技","威力：Ｅ（器）　対象：敵単体2回
对单体敌人同时射入两发子弹的铳技"
"56","ガンナー","3","能力","279","器用さ20%アップ","職技アビリティ","器用さが20%アップする","","","","5","2","铳手","灵巧提升20%","职技能力","灵巧提升20%"
"56","ガンナー","4","技能","1339","全体射撃","銃技","威力：Ｄ（器）　対象：敵全体
敵全体に銃弾を浴びせる銃技","0","0","4","","19","铳手","全体射击","铳技","威力：Ｄ（器）　対象：敵全体
对全体敌人施加子弹的铳技"
"56","ガンナー","5","技能","1343","鳥殺弾","銃技","威力：Ｃ（器）　対象：敵単体　効果：鳥特攻
ハーピー族に効果のある弾丸を撃ち込む銃技","0","0","4","","19","铳手","鸟杀弹","铳技","威力：Ｃ（器）　対象：敵単体　効果：鳥特攻
对哈比族有效的子弹射击的铳技"
"56","ガンナー","5","技能","1344","淫滅弾","銃技","威力：Ｃ（器）　対象：敵単体　効果：淫魔特攻
サキュバスに効果のある弾丸を撃ち込む銃技","0","0","4","","19","铳手","淫灭弹","铳技","威力：Ｃ（器）　対象：敵単体　効果：淫魔特攻
对魅魔有效的子弹射击的铳技"
"56","ガンナー","6","技能","1340","集中射撃","銃技","威力：Ｂ（器）　対象：敵単体4回
敵単体に集中して銃撃を浴びせる銃技","0","0","5","","19","铳手","集中射击","铳技","威力：Ｂ（器）　対象：敵単体4回
对单体敌人集中进行枪击的铳技"
"56","ガンナー","7","技能","1367","回復弾","銃技","対象：味方単体　効果：HP大回復
回復の力が込められた弾丸を味方単体に撃ち込む","0","0","3","","19","铳手","恢复弹","铳技","対象：味方単体　効果：HP大回復
将蕴含恢复力量的子弹射向同伴"
"56","ガンナー","8","技能","1341","散弾","銃技","威力：Ｂ（器）　対象：敵単体　効果：スタン
敵単体に散弾を撃ち込み、動きを封じる銃技","0","0","4","","19","铳手","散弹","铳技","威力：Ｂ（器）　対象：敵単体　効果：スタン
对单体敌人发射散弹，封锁其行动的铳技"
"56","ガンナー","9","能力","208","銃ブースター","戦技アビリティ","銃装備時、その武器によるダメージが15%アップする","","","","10","1","铳手","铳增强","战技能力","装备铳时，该武器造成的伤害提升15%"
"56","ガンナー","10","技能","1342","跳弾","銃技","威力：Ｂ（器）　対象：敵単体
壁に銃弾を反射させ、破壊力を増して撃ち込む銃技","0","0","5","","19","铳手","跳弹","铳技","威力：Ｂ（器）　対象：敵単体
使子弹在墙壁上反射，增加破坏力进行射击的铳技"
"57","神銃士","2","技能","1353","セントローズ","銃技","威力：Ｓ（器）　対象：敵単体　属性：聖
聖なる銃弾を撃ち込み、花のような爆炎を発生させる銃技","0","12","5","","19","神铳手","圣之蔷薇花","铳技","威力：Ｓ（器）　対象：敵単体　属性：聖
发射圣之子弹，引发如花朵般的爆炎的铳技"
"57","神銃士","3","能力","280","器用さ30%アップ","職技アビリティ","器用さが30%アップする","","","","7","2","神铳手","灵巧提升30%","职技能力","灵巧提升30%"
"57","神銃士","4","技能","1355","ダンシングフレア","銃技","威力：Ａ（器）　対象：敵全体　属性：炎
敵全体に炎の弾丸を乱れ撃つ銃技","0","0","8","","19","神铳手","舞动之焰","铳技","威力：Ａ（器）　対象：敵全体　属性：炎
对全体敌人乱击炎之子弹的铳技"
"57","神銃士","5","能力","228","「銃」装備可能","戦技アビリティ","「銃」が装備可能になる","","","","5","1","神铳手","可以装备「铳」","战技能力","变得可以装备「铳」"
"57","神銃士","6","技能","1345","銀の弾丸","銃技","威力：Ｃ（器）　対象：敵単体　効果：妖魔・吸血鬼特攻
魔族に効果のある弾丸を撃ち込む銃技","0","0","4","","19","神铳手","银弹","铳技","威力：Ｃ（器）　対象：敵単体　効果：妖魔・吸血鬼特攻
对魔族有效的子弹射击的铳技"
"57","神銃士","6","技能","1346","滅屍の弾丸","銃技","威力：Ｃ（器）　対象：敵単体　効果：ゾンビ・ゴースト特攻
アンデッドに効果のある弾丸を撃ち込む銃技","0","0","4","","19","神铳手","灭尸弹","铳技","威力：Ｃ（器）　対象：敵単体　効果：ゾンビ・ゴースト特攻
对不死族有效的子弹射击的铳技"
"57","神銃士","7","能力","242","「銃技」使用可能","戦技アビリティ","「銃技」が使用可能になる","","","","5","1","神铳手","「铳技」可以使用","战技能力","可以使用「铳技」"
"57","神銃士","8","技能","1368","回復弾乱射","銃技","対象：味方ランダム8回　効果：HP大回復
回復の力が込められた弾丸を味方に乱射する","0","0","5","","19","神铳手","恢复弹乱射","铳技","対象：味方ランダム8回　効果：HP大回復
向同伴乱射蕴含恢复力量的子弹"
"57","神銃士","9","能力","209","銃ハイブースター","戦技アビリティ","銃装備時、その武器によるダメージが30%アップする","","","","20","1","神铳手","铳高级增强","战技能力","装备铳时，该武器造成的伤害提升30%"
"57","神銃士","10","技能","1357","ホーリーデスペラード","銃技","威力：Ｓ（器）　対象：敵ランダム4回　属性：聖
敵の群れに聖なる弾丸を乱れ撃つ奥義","0","12","5","","19","神铳手","神圣亡命徒","铳技","威力：Ｓ（器）　対象：敵ランダム4回　属性：聖
对敌群乱击圣之子弹的奥义"
"57","神銃士","10","能力","8492","銃マスタリー","特殊アビリティ","銃の装備効果が上昇する","","","","10","5","神铳手","铳精通","特殊能力","铳的装备效果提升"
"58","魔弾の射手","2","技能","1354","ブラックダリア","銃技","威力：Ｓ（器）　対象：敵単体　属性：闇
闇の銃弾を撃ち込み、花のような爆炎を発生させる銃技","10%当前HP","0","5","","19","魔弹射手","黑之大丽花","铳技","威力：Ｓ（器）　対象：敵単体　属性：闇
发射暗之子弹，引发如花朵般的爆炎的铳技"
"58","魔弾の射手","3","能力","280","器用さ30%アップ","職技アビリティ","器用さが30%アップする","","","","7","2","魔弹射手","灵巧提升30%","职技能力","灵巧提升30%"
"58","魔弾の射手","4","技能","1356","メギドバースト","銃技","威力：Ａ（器）　対象：敵全体　属性：氷
敵全体に氷の弾丸を乱れ撃つ銃技","0","0","8","","19","魔弹射手","毁灭水爆弹","铳技","威力：Ａ（器）　対象：敵全体　属性：氷
对全体敌人乱击冰之子弹的铳技"
"58","魔弾の射手","5","能力","228","「銃」装備可能","戦技アビリティ","「銃」が装備可能になる","","","","5","1","魔弹射手","可以装备「铳」","战技能力","变得可以装备「铳」"
"58","魔弾の射手","6","技能","1347","猛毒の螺旋弾","銃技","威力：Ｃ（器）　対象：敵単体　効果：陸棲種・海棲種特攻
生物系モンスターに効果のある弾丸を撃ち込む銃技","0","0","4","","19","魔弹射手","猛毒螺旋弹","铳技","威力：Ｃ（器）　対象：敵単体　効果：陸棲種・海棲種特攻
对生物系魔物有效的子弹射击的铳技"
"58","魔弾の射手","6","技能","1348","幻獣弾","銃技","威力：Ｃ（器）　対象：敵単体　効果：人魚・狐・竜特攻
幻獣に効果のある弾丸を撃ち込む銃技","0","0","4","","19","魔弹射手","幻兽弹","铳技","威力：Ｃ（器）　対象：敵単体　効果：人魚・狐・竜特攻
对幻兽有效的子弹射击的铳技"
"58","魔弾の射手","7","能力","242","「銃技」使用可能","戦技アビリティ","「銃技」が使用可能になる","","","","5","1","魔弹射手","「铳技」可以使用","战技能力","可以使用「铳技」"
"58","魔弾の射手","8","技能","1349","陰陽弾","銃技","威力：Ｂ（器）　対象：敵単体　効果：石化・即死
呪いを込めた弾丸を的に撃ち込む銃技","0","0","5","","19","魔弹射手","阴阳弹","铳技","威力：Ｂ（器）　対象：敵単体　効果：石化・即死
注入诅咒的子弹射击的铳技"
"58","魔弾の射手","9","能力","209","銃ハイブースター","戦技アビリティ","銃装備時、その武器によるダメージが30%アップする","","","","20","1","魔弹射手","铳高级增强","战技能力","装备铳时，该武器造成的伤害提升30%"
"58","魔弾の射手","10","技能","1358","シャドウデスペラード","銃技","威力：Ｓ（器）　対象：敵ランダム4回　属性：闇
敵の群れに闇の弾丸を乱れ撃つ奥義","10%当前HP","0","5","","19","魔弹射手","暗影亡命徒","铳技","威力：Ｓ（器）　対象：敵ランダム4回　属性：闇
对敌群乱击暗之子弹的奥义"
"58","魔弾の射手","10","能力","8492","銃マスタリー","特殊アビリティ","銃の装備効果が上昇する","","","","10","5","魔弹射手","铳精通","特殊能力","铳的装备效果提升"
"59","魔物使い","2","技能","1233","しびれ打ち","鞭技","威力：Ｃ（力・器）　対象：敵単体　属性：快楽　効果：麻痺
魔物の体を痺れさせる鞭の一撃","0","0","3","","15","魔物使","麻痹打击","鞭技","威力：Ｃ（力・器）　対象：敵単体　属性：快楽　効果：麻痺
使魔物身体麻痹的鞭击"
"59","魔物使い","3","技能","3146","なだめる","特技","対象：敵全体　効果：スタン
敵全体を威圧し、スタンさせる猛獣使いの技","0","0","2","","63","魔物使","驯服","特技","対象：敵全体　効果：スタン
威慑全体敌人，使其陷入眩晕的猛兽使技能"
"59","魔物使い","4","技能","1249","拘束の鞭","鞭技","威力：Ｄ（力・器）　対象：敵全体　属性：快楽　効果：拘束
鞭を敵に巻き付かせ、自由を奪う技","0","0","3","","15","魔物使","拘束之鞭","鞭技","威力：Ｄ（力・器）　対象：敵全体　属性：快楽　効果：拘束
用鞭子缠绕敌人，剥夺其自由的技能"
"59","魔物使い","5","技能","1250","混乱の鞭","鞭技","威力：Ｄ（力・器）　対象：敵全体　属性：快楽　効果：混乱
敵の頭を打ち据え、混乱させる鞭技","0","0","3","","15","魔物使","混乱之鞭","鞭技","威力：Ｄ（力・器）　対象：敵全体　属性：快楽　効果：混乱
用鞭子打击敌人的头部，使其陷入混乱的技能"
"59","魔物使い","6","技能","1251","愛の鞭","鞭技","威力：Ｄ（力・器）　対象：敵全体　属性：快楽　効果：誘惑
愛を込めて打ち据え、敵を魅了する鞭技","0","0","3","","15","魔物使","爱之鞭","鞭技","威力：Ｄ（力・器）　対象：敵全体　属性：快楽　効果：誘惑
充满爱意地击打，用鞭子魅惑敌人"
"59","魔物使い","7","技能","1252","モンスターサーバント","鞭技","効果：ランダム
鞭を振るい、魔物を呼び出して攻撃させる技","0","0","1","","15","魔物使","魔物仆从","鞭技","効果：ランダム
挥动鞭子，召唤魔物进行攻击的技能"
"59","魔物使い","8","能力","196","鞭ブースター","戦技アビリティ","鞭装備時、その武器によるダメージが15%アップする","","","","10","1","魔物使","鞭增强","战技能力","装备鞭子时，该武器造成的伤害提升15%"
"59","魔物使い","9","能力","768","仲間確率2倍","特殊アビリティ","モンスターが仲間になる確率が2倍になる","","","","20","5","魔物使","伙伴概率2倍","特殊能力","魔物成为同伴的概率变为2倍"
"59","魔物使い","10","技能","1234","スネークテイル","鞭技","威力：Ｂ（力・器）　対象：敵全体　属性：快楽　効果：麻痺
蛇のようにうねる軌道で敵全体を打ちのめす鞭技","0","0","5","","15","魔物使","蛇尾鞭","鞭技","威力：Ｂ（力・器）　対象：敵全体　属性：快楽　効果：麻痺
以蛇形轨迹击倒全体敌人的鞭技"
"60","ドラゴン使い","2","技能","1235","ドラゴンスレイヤー","鞭技","威力：Ｃ（力・器）　対象：敵全体　属性：快楽　効果：竜特攻・麻痺
ドラゴン種に大ダメージを与える鞭使い特有の技","0","0","5","","15","龙使","屠龙鞭","鞭技","威力：Ｃ（力・器）　対象：敵全体　属性：快楽　効果：竜特攻・麻痺
对龙种造成大伤害的鞭技"
"60","ドラゴン使い","3","能力","224","「鞭」装備可能","戦技アビリティ","「鞭」が装備可能になる","","","","5","1","龙使","可以装备「鞭」","战技能力","变得可以装备「鞭」"
"60","ドラゴン使い","4","能力","129","竜特攻","戦技アビリティ","ドラゴンに対して特攻ダメージを与える","","","","12","1","龙使","龙特攻","战技能力","对龙造成特攻伤害"
"60","ドラゴン使い","5","技能","1243","ドラゴンテイル","鞭技","威力：Ａ（力・器）　対象：敵全体　属性：快楽・聖　効果：麻痺
竜の尾のような剛力で敵全体を打ち据える鞭技","0","10","4","","15","龙使","龙尾鞭","鞭技","威力：Ａ（力・器）　対象：敵全体　属性：快楽・聖　効果：麻痺
以龙尾般的刚力将全体敌人击溃的鞭技"
"60","ドラゴン使い","6","能力","238","「鞭技」使用可能","戦技アビリティ","「鞭技」が使用可能になる","","","","5","1","龙使","「鞭技」使用可能","战技能力","可以使用「鞭技」"
"60","ドラゴン使い","7","技能","1253","ホーリーサーバント","鞭技","効果：ランダム
鞭を振るい、聖なる存在を呼び出して攻撃させる技","0","0","3","","15","龙使","神圣仆从","鞭技","効果：ランダム
挥动鞭子，召唤神圣存在进行攻击的技能"
"60","ドラゴン使い","8","能力","197","鞭ハイブースター","戦技アビリティ","鞭装備時、その武器によるダメージが30%アップする","","","","20","1","龙使","鞭高级增强","战技能力","装备鞭时，该武器造成的伤害提升30%"
"60","ドラゴン使い","9","能力","769","仲間確率3倍","特殊アビリティ","モンスターが仲間になる確率が3倍になる","","","","30","5","龙使","伙伴概率3倍","特殊能力","魔物成为同伴的概率变为3倍"
"60","ドラゴン使い","10","技能","1244","大蛇の舞い","鞭技","威力：Ｓ（力・器）　対象：敵ランダム4回　属性：快楽・聖　効果：麻痺
剛力としなやかさを融合させ、敵の群れを荒れ狂う鞭の乱撃奥義","0","12","5","","15","龙使","大蛇之舞","鞭技","威力：Ｓ（力・器）　対象：敵ランダム4回　属性：快楽・聖　効果：麻痺
融合刚力与柔韧，对敌群进行鞭之乱击的奥义"
"60","ドラゴン使い","10","能力","8470","鞭マスタリー","特殊アビリティ","鞭の装備効果が上昇する","","","","10","5","龙使","鞭子精通","特殊能力","鞭子的装备效果提升"
"61","デビルサマナー","2","技能","1236","デビルバスター","鞭技","威力：Ｃ（力・器）　対象：敵全体　属性：快楽　効果：妖魔特攻・麻痺
妖魔に大ダメージを与えるデビルサマナー特有の鞭技","0","0","5","","15","恶魔召唤师","破魔鞭","鞭技","威力：Ｃ（力・器）　対象：敵全体　属性：快楽　効果：妖魔特攻・麻痺
对妖魔造成大伤害的鞭技"
"61","デビルサマナー","3","能力","224","「鞭」装備可能","戦技アビリティ","「鞭」が装備可能になる","","","","5","1","恶魔召唤师","可以装备「鞭」","战技能力","变得可以装备「鞭」"
"61","デビルサマナー","4","能力","116","妖魔特攻","戦技アビリティ","妖魔に対して特攻ダメージを与える","","","","12","1","恶魔召唤师","妖魔特攻","战技能力","对妖魔造成特攻伤害"
"61","デビルサマナー","5","技能","1245","漆黒の大蛇","鞭技","威力：Ａ（力・器）　対象：敵全体　属性：快楽・闇　効果：麻痺
闇のオーラを伴いながら敵全体を打ち据える鞭技","10%当前HP","0","4","","15","恶魔召唤师","漆黑的大蛇","鞭技","威力：Ａ（力・器）　対象：敵全体　属性：快楽・闇　効果：麻痺
伴随着黑暗的气息，用鞭子压制全体敌人的技能"
"61","デビルサマナー","6","能力","238","「鞭技」使用可能","戦技アビリティ","「鞭技」が使用可能になる","","","","5","1","恶魔召唤师","「鞭技」使用可能","战技能力","可以使用「鞭技」"
"61","デビルサマナー","7","技能","1254","デビルサーバント","鞭技","効果：ランダム
鞭を振るい、闇の存在を呼び出して攻撃させる技","0","0","3","","15","恶魔召唤师","恶魔仆从","鞭技","効果：ランダム
挥动鞭子，召唤黑暗存在进行攻击的技能"
"61","デビルサマナー","8","能力","197","鞭ハイブースター","戦技アビリティ","鞭装備時、その武器によるダメージが30%アップする","","","","20","1","恶魔召唤师","鞭高级增强","战技能力","装备鞭时，该武器造成的伤害提升30%"
"61","デビルサマナー","9","能力","769","仲間確率3倍","特殊アビリティ","モンスターが仲間になる確率が3倍になる","","","","30","5","恶魔召唤师","伙伴概率3倍","特殊能力","魔物成为同伴的概率变为3倍"
"61","デビルサマナー","10","技能","1246","闇の螺旋鞭","鞭技","威力：Ｓ（力・器）　対象：敵単体　属性：快楽・闇　効果：麻痺
闇のオーラを込め、敵一体を螺旋軌道で打ち据える鞭奥義","10%当前HP","0","5","","15","恶魔召唤师","暗之螺旋鞭","鞭技","威力：Ｓ（力・器）　対象：敵単体　属性：快楽・闇　効果：麻痺
注入暗之气息，以螺旋轨迹将敌人单体击溃的鞭技奥义"
"61","デビルサマナー","10","能力","8470","鞭マスタリー","特殊アビリティ","鞭の装備効果が上昇する","","","","10","5","恶魔召唤师","鞭子精通","特殊能力","鞭子的装备效果提升"
"62","シーフ","2","技能","1751","盗む","盗賊技","対象：敵単体　効果：盗む
敵の持っているアイテムを盗む","0","0","0","","30","盗贼","偷窃","盗贼技","対象：敵単体　効果：盗む
偷窃敌人持有的物品"
"62","シーフ","3","能力","273","素早さ10%アップ","職技アビリティ","素早さが10%アップする","","","","3","2","盗贼","敏捷提升10%","职技能力","敏捷提升10%"
"62","シーフ","4","技能","901","ナイフ投げ","短剣技","威力：Ｅ（力・器）　対象：敵単体
敵単体にナイフを投げ付ける短剣技","0","0","1","","6","盗贼","小刀投掷","短剑技","威力：Ｅ（力・器）　対象：敵単体
向单体敌人投掷小刀的短剑技"
"62","シーフ","5","能力","554","回避率10%","防御アビリティ","物理回避率が10%になる","","","","5","4","盗贼","回避率10%","防御能力","物理回避率增加10%"
"62","シーフ","6","能力","764","盗賊の解錠1","特殊アビリティ","青の宝箱が開けられるようになる","","","","3","5","盗贼","盗賊の解錠1","特殊能力","可以打开蓝色宝箱"
"62","シーフ","7","技能","1764","とんずら","盗賊技","対象：パーティ全体　効果：逃走
特殊な戦闘以外、100%の成功率で戦闘から逃走する","0","0","1","","30","盗贼","逃跑","盗贼技","対象：パーティ全体　効果：逃走
在特殊战斗以外，100%成功率从战斗中逃跑"
"62","シーフ","8","能力","770","盗む確率アップ1.5倍","特殊アビリティ","敵からアイテムを盗める確率が1.5倍になる","","","","5","5","盗贼","盗む確率アップ1.5倍","特殊能力","敵からアイテムを盗める確率が1.5倍になる"
"62","シーフ","9","能力","211","「短剣」装備可能","戦技アビリティ","「短剣」が装備可能になる","","","","5","1","盗贼","可以装备「短剑」","战技能力","变得可以装备「短剑」"
"62","シーフ","9","能力","744","不意打ち無効","特殊アビリティ","不意打ちを無効にする","","","","3","5","盗贼","偷袭无效","特殊能力","无效化偷袭"
"62","シーフ","10","技能","902","連続ナイフ投げ","短剣技","威力：Ｄ（力・器）　対象：敵単体3回
敵単体に連続でナイフを投げ付ける短剣技","0","0","2","","6","盗贼","连续小刀投掷","短剑技","威力：Ｄ（力・器）　対象：敵単体3回
向单体敌人连续投掷小刀的短剑技"
"63","マスターシーフ","2","技能","1755","ぶんどる","盗賊技","対象：敵単体　効果：盗む
攻撃すると同時にアイテムを盗む","0","0","0","","30","大师盗贼","抢夺","盗贼技","対象：敵単体　効果：盗む
攻击的同时偷窃物品"
"63","マスターシーフ","3","能力","555","回避率20%","防御アビリティ","物理回避率が20%になる","","","","10","4","大师盗贼","回避率20%","防御能力","物理回避率增加20%"
"63","マスターシーフ","3","能力","745","先制攻撃アップ","特殊アビリティ","先制攻撃が発生する確率が上がる","","","","3","5","大师盗贼","先制攻击提升","特殊能力","先制攻击发生的概率提高"
"63","マスターシーフ","4","技能","904","トリックナイフ","短剣技","威力：Ｃ（力・器）　対象：敵単体
トリッキーに切り付けダメージを負わせる短剣技","0","0","3","","6","大师盗贼","诡计小刀","短剑技","威力：Ｃ（力・器）　対象：敵単体
巧妙地切入造成伤害的短剑技"
"63","マスターシーフ","5","能力","229","「短剣技」使用可能","戦技アビリティ","「短剣技」が使用可能になる","","","","5","1","大师盗贼","「短剑技」可以使用","战技能力","可以使用「短剑技」"
"63","マスターシーフ","6","技能","1760","HPを盗む","盗賊技","威力：Ｅ（器）　対象：敵単体　効果：HP吸収
敵からHPを盗み、自分のものにする","0","0","2","","30","大师盗贼","偷窃HP","盗贼技","威力：Ｅ（器）　対象：敵単体　効果：HP吸収
从敌人那里偷取HP，据为己有"
"63","マスターシーフ","7","能力","765","盗賊の解錠2","特殊アビリティ","青・緑の宝箱が開けられるようになる","","","","5","5","大师盗贼","盗賊の解錠2","特殊能力","可以打开蓝色和绿色的宝箱"
"63","マスターシーフ","8","技能","905","アサシンスロー","短剣技","威力：Ｄ（力・器）　対象：敵単体　効果：即死
急所を狙い、敵の命を奪い去る暗殺者の刃","0","0","2","","6","大师盗贼","刺客投掷","短剑技","威力：Ｄ（力・器）　対象：敵単体　効果：即死
瞄准要害，夺取敌人生命的暗杀者之刃"
"63","マスターシーフ","9","能力","160","短剣ブースター","戦技アビリティ","短剣装備時、その武器によるダメージが15%アップする","","","","10","1","大师盗贼","短剑增强","战技能力","装备短剑时，该武器造成的伤害提升15%"
"63","マスターシーフ","10","能力","771","盗む確率アップ2倍","特殊アビリティ","敵からアイテムを盗める確率が2倍になる","","","","10","5","大师盗贼","偷窃概率提升至2倍","特殊能力","从敌人那里偷取物品的概率变为2倍"
"64","トリックスター","2","技能","907","アサシンダンス","短剣技","威力：Ｂ（力・器）　対象：敵ランダム3回　効果：即死
踊るような動きで敵の急所を何度も攻撃し、命を奪う","0","0","5","","6","诡计之星","刺客之舞","短剑技","威力：Ｂ（力・器）　対象：敵ランダム3回　効果：即死
以舞蹈般的动作多次攻击敌人的要害，夺取生命"
"64","トリックスター","3","能力","556","回避率30%","防御アビリティ","物理回避率が30%になる","","","","15","4","诡计之星","回避率30%","防御能力","物理回避率增加30%"
"64","トリックスター","4","技能","908","ナイフインフィニティ","短剣技","威力：Ａ（力・器）　対象：敵単体
敵単体に無数のナイフ投げを叩き込む短剣技","0","0","7","","6","诡计之星","无限刀刃","短剑技","威力：Ａ（力・器）　対象：敵単体
对单体敌人投掷无数小刀的短剑技"
"64","トリックスター","5","能力","407","「盗賊技」使用可能","職技アビリティ","「盗賊技」が使用可能になる","","","","5","2","诡计之星","可以使用「盗贼技」","职技能力","可以使用「盗贼技」"
"64","トリックスター","5","能力","6735","テクニカルナイフ","戦技アビリティ","「短剣技」の威力が器用さにのみ依存する","","","","2","1","诡计之星","技术小刀","战技能力","「短剑技」的威力仅取决于灵巧"
"64","トリックスター","6","技能","1761","MPを盗む","盗賊技","対象：敵単体　効果：MP吸収
敵からMPを盗み、自分のものにする","0","0","4","","30","诡计之星","偷窃MP","盗贼技","対象：敵単体　効果：MP吸収
从敌人那里偷取MP，据为己有"
"64","トリックスター","6","技能","1762","SPを盗む","盗賊技","対象：敵単体　効果：SP吸収
敵からSPを盗み、自分のものにする","0","0","2","","30","诡计之星","偷窃SP","盗贼技","対象：敵単体　効果：SP吸収
从敌人那里偷取SP，据为己有"
"64","トリックスター","7","能力","766","盗賊の解錠3","特殊アビリティ","青・緑・プラチナの宝箱が開けられるようになる","","","","10","5","诡计之星","盗賊の解錠3","特殊能力","可以打开蓝色・绿色和铂金的宝箱"
"64","トリックスター","8","能力","772","盗む確率アップ3倍","特殊アビリティ","敵からアイテムを盗める確率が3倍になる","","","","15","5","诡计之星","偷窃概率提升至3倍","特殊能力","从敌人那里偷取物品的概率变为3倍"
"64","トリックスター","9","能力","161","短剣ハイブースター","戦技アビリティ","短剣装備時、その武器によるダメージが30%アップする","","","","20","1","诡计之星","短剑高级增强","战技能力","装备短剑时，该武器造成的伤害提升30%"
"64","トリックスター","10","技能","1763","盗賊の証","盗賊技","威力：可変（器or速）　対象：敵単体　効果：全能力ダウン
盗賊の極技を敵へと刻む込む一撃、盗んだ回数で威力アップ","0","0","8","","30","诡计之星","盗贼的证明","盗贼技","威力：可変（器or速）　対象：敵単体　効果：全能力ダウン
盗贼的绝技刻入敌人的一击，偷取次数越多威力提升"
"64","トリックスター","10","能力","8442","短剣マスタリー","特殊アビリティ","短剣の装備効果が上昇する","","","","10","5","诡计之星","短剑精通","特殊能力","短剑装备效果提升"
"65","忍者","2","技能","1778","忍法・火遁","忍術","威力：Ｃ（力or器）　対象：敵全体　属性：炎
忍術で業火を呼び、周囲を薙ぎ払う","0","0","5","","31","忍者","忍法・火遁","忍术","威力：Ｃ（力or器）　対象：敵全体　属性：炎
忍术召唤业火，扫荡周围"
"65","忍者","3","能力","274","素早さ20%アップ","職技アビリティ","素早さが20%アップする","","","","5","2","忍者","敏捷提升20%","职技能力","敏捷提升20%"
"65","忍者","4","技能","1806","忍法・分身の術","忍術","対象：使用者　効果：回避率大アップ
分身の忍術で、敵の攻撃を当たりにくくする","0","0","2","","31","忍者","忍法・分身之术","忍术","対象：使用者　効果：回避率大アップ
通过分身忍术，使敌人的攻击难以命中"
"65","忍者","5","技能","1779","忍法・水遁","忍術","威力：Ｃ（力or器）　対象：敵全体　属性：水
忍術で水流を呼び、敵を押し流す","0","0","5","","31","忍者","忍法・水遁","忍术","威力：Ｃ（力or器）　対象：敵全体　属性：水
忍术召唤水流，冲走敌人"
"65","忍者","6","能力","611","風ダメージ半減","防御アビリティ","風属性のダメージを半分にする","","","","10","4","忍者","风伤害减半","防御能力","风属性的伤害减半"
"65","忍者","7","技能","1807","忍法・煙幕隠れ","忍術","対象：パーティ全体　効果：逃走
煙幕を張り、特殊戦闘以外は100%の確率で逃走する","0","0","1","","31","忍者","忍法・烟幕隐匿","忍术","対象：パーティ全体　効果：逃走
张开烟幕，除了特殊战斗外，100%概率逃走"
"65","忍者","8","能力","217","「忍者刀」装備可能","戦技アビリティ","「忍者刀」が装備可能になる","","","","5","1","忍者","可以装备「忍者刀」","战技能力","变得可以装备「忍者刀」"
"65","忍者","9","能力","175","忍者刀ブースター","戦技アビリティ","忍者刀装備時、その武器によるダメージが15%アップする","","","","10","1","忍者","忍者刀增强","战技能力","装备忍者刀时，该武器造成的伤害提升15%"
"65","忍者","10","技能","1780","忍法・雷迅","忍術","威力：Ｃ（力or器）　対象：敵全体　属性：雷
忍術で電流を発生させ、敵を感電させる","0","0","5","","31","忍者","忍法・雷迅","忍术","威力：Ｃ（力or器）　対象：敵全体　属性：雷
忍术产生电流，使敌人感电"
"66","極忍","2","技能","1786","忍法・散り桜","忍術","威力：Ｓ（力or器）　対象：敵単体　効果：即死
敵の急所を刺し貫き、命を散らせる忍の技","0","0","10","","31","极忍","忍法・散樱","忍术","威力：Ｓ（力or器）　対象：敵単体　効果：即死
刺穿敌人的要害，使其生命消散的忍术"
"66","極忍","3","能力","275","素早さ30%アップ","職技アビリティ","素早さが30%アップする","","","","7","2","极忍","敏捷提升30%","职技能力","敏捷提升30%"
"66","極忍","4","能力","143","風属性付加","戦技アビリティ","物理攻撃に風属性を付加する","","","","15","1","极忍","风属性附加","战技能力","物理攻击附加风属性"
"66","極忍","5","技能","1792","忍奥義・五行烈風陣","忍術","威力：Ａ（力or器）　対象：敵全体　属性：炎・風・土・水
忍術で自然の力を解放し、吹きすさぶ烈風を呼ぶ忍奥義","0","0","8","","31","极忍","忍奥义・五行烈风阵","忍术","威力：Ａ（力or器）　対象：敵全体　属性：炎・風・土・水
以忍术解放自然之力，召唤狂暴烈风的忍奥义"
"66","極忍","6","能力","612","風ダメージ無効","防御アビリティ","風属性のダメージを無効化する","","","","15","4","极忍","风伤害无效","防御能力","风属性的伤害无效"
"66","極忍","7","能力","408","「忍術」使用可能","職技アビリティ","「忍術」が使用可能になる","","","","5","2","极忍","可以使用「忍术」","职技能力","可以使用「忍术」"
"66","極忍","8","能力","7917","二刀流","特殊アビリティ","武器を両手に装備できる","","","","12","5","极忍","二刀流","特殊能力","可以双手装备武器"
"66","極忍","9","能力","176","忍者刀ハイブースター","戦技アビリティ","忍者刀装備時、その武器によるダメージが30%アップする","","","","20","1","极忍","忍者刀高级增强","战技能力","装备忍者刀时，该武器造成的伤害提升30%"
"66","極忍","10","技能","1793","忍奥義・乱れ螺旋殺","忍術","威力：Ｓ（力or器）　対象：敵ランダム6回
敵の周囲を疾走し、印を込めた斬撃を繰り出す忍奥義","0","0","10","","31","极忍","忍奥义・乱螺旋杀","忍术","威力：Ｓ（力or器）　対象：敵ランダム6回
在敌人周围疾走，施展蕴含印记的斩击的忍奥义"
"66","極忍","10","能力","8452","忍者刀マスタリー","特殊アビリティ","忍者刀の装備効果が上昇する","","","","10","5","极忍","忍者刀精通","特殊能力","忍者刀的装备效果提升"
"67","淫流くのいち","2","技能","1800","淫技・乱れ魔蜘蛛","忍術","威力：Ｓ（力or器）　対象：敵ランダム6回　属性：快楽　効果：敏感
掌で艶めかしく性器を愛撫するくのいちの淫技","0","0","10","","31","淫流女忍","淫技・乱魔蜘蛛","忍术","威力：Ｓ（力or器）　対象：敵ランダム6回　属性：快楽　効果：敏感
用掌心妖艳地爱抚性器的女忍淫技"
"67","淫流くのいち","3","能力","150","快楽属性付加","戦技アビリティ","物理攻撃に快楽属性を付加する","","","","20","1","淫流女忍","快乐属性附加","战技能力","物理攻击附加快乐属性"
"67","淫流くのいち","4","技能","1801","淫技・夜の大蛇","忍術","威力：Ａ（力or器）　対象：敵単体3回　属性：快楽　効果：ヌルヌル
口でねっとりと性器を舐め回すくのいちの淫技","0","0","7","","31","淫流女忍","淫技・夜之大蛇","忍术","威力：Ａ（力or器）　対象：敵単体3回　属性：快楽　効果：ヌルヌル
用口舌缠绵地舔舐性器的女忍淫技"
"67","淫流くのいち","5","能力","692","誘惑無効","防御アビリティ","誘惑状態を完全に無効化する","","","","4","4","淫流女忍","诱惑无效","防御能力","完全消除诱惑状态"
"67","淫流くのいち","6","技能","1802","淫技・乳包楽","忍術","威力：Ａ（力or器）　対象：敵全体　属性：快楽　効果：恍惚
豊満な胸で性器を愛撫するくのいちの淫技","0","0","8","","31","淫流女忍","淫技・乳包乐","忍术","威力：Ａ（力or器）　対象：敵全体　属性：快楽　効果：恍惚
用丰满的胸部爱抚性器的女忍淫技"
"67","淫流くのいち","7","能力","775","淫技状態異常率アップ","特殊アビリティ","淫技使用時のステータス異常発生率がアップする","","","","10","5","淫流女忍","淫技状态异常率提升","特殊能力","淫技使用时状态异常发生率提升"
"67","淫流くのいち","8","技能","1803","淫技・足舞","忍術","威力：Ｂ（力or器）　対象：敵ランダム3回　属性：物理・快楽
器用な足で性器を弄びくのいちの淫技","0","0","7","","31","淫流女忍","淫技・足舞","忍术","威力：Ｂ（力or器）　対象：敵ランダム3回　属性：物理・快楽
用灵巧的脚玩弄性器的女忍淫技"
"67","淫流くのいち","9","能力","371","物理攻撃誘惑付加25%","職技アビリティ","物理攻撃に25%の誘惑効果が付加する","","","","20","2","淫流女忍","物理攻击诱惑附加25%","职技能力","物理攻击附加25%的诱惑效果"
"67","淫流くのいち","10","技能","1804","絶技・筒涸らし","忍術","威力：Ｓ（力or器）　対象：敵単体　属性：快楽　効果：絶頂・拘束・HP吸収
相手を犯し、精を搾り取るくのいちの奥義","0","0","10","","31","淫流女忍","绝技・筒涸","忍术","威力：Ｓ（力or器）　対象：敵単体　属性：快楽　効果：絶頂・拘束・HP吸収
侵犯对手，榨取精液的女忍奥义"
"67","淫流くのいち","10","能力","8452","忍者刀マスタリー","特殊アビリティ","忍者刀の装備効果が上昇する","","","","10","5","淫流女忍","忍者刀精通","特殊能力","忍者刀的装备效果提升"
"68","海賊","2","技能","1813","切り刻み","海賊技","威力：Ｂ（力or器or速）　対象：敵単体3回
刃で豪快に敵を切り刻む海賊技","0","0","5","","32","海贼","切割","海盗技","威力：Ｂ（力or器or速）　対象：敵単体3回
用刀豪快地切割敌人的海贼技"
"68","海賊","3","能力","619","水ダメージ半減","防御アビリティ","水属性のダメージを半分にする","","","","10","4","海贼","水伤害减半","防御能力","水属性的伤害减半"
"68","海賊","3","能力","661","睡眠回避","防御アビリティ","睡眠状態を50%の確率で無効化する","","","","2","4","海贼","睡眠回避","防御能力","睡眠状态50%的概率无效化"
"68","海賊","4","技能","1818","マーメイドハント","海賊技","威力：Ｃ（力or器or速）　対象：敵単体　効果：人魚特攻
海賊が編み出した、人魚に対して効果の高い攻撃","0","0","4","","32","海贼","人鱼狩猎","海盗技","威力：Ｃ（力or器or速）　対象：敵単体　効果：人魚特攻
海贼编制的，对人鱼效果显著的攻击"
"68","海賊","5","能力","120","人魚特攻","戦技アビリティ","人魚に対して特攻ダメージを与える","","","","12","1","海贼","人鱼特攻","战技能力","对人鱼造成特攻伤害"
"68","海賊","5","能力","785","海強化","特殊アビリティ","海での戦闘時、能力値が20%アップする","","","","5","5","海贼","海洋强化","特殊能力","在海洋战斗时，能力值提升20%"
"68","海賊","6","技能","1820","略奪","海賊技","威力：Ｄ（力or器or速）　対象：敵単体　効果：盗む
攻撃と同時にアイテムを盗む","0","0","3","","32","海贼","掠夺","海盗技","威力：Ｄ（力or器or速）　対象：敵単体　効果：盗む
攻击的同时偷窃物品"
"68","海賊","7","技能","1833","支援砲撃","海賊技","威力：Ｂ（力or器or速）　対象：敵ランダム4回　効果：毎ターン発動
海賊船からの砲撃を要請し、3ターン砲弾が降り注ぐ","0","0","5","","32","海贼","支援炮击","海盗技","威力：Ｂ（力or器or速）　対象：敵ランダム4回　効果：毎ターン発動
请求海贼船的炮击，3回合内炮弹如雨般倾泻"
"68","海賊","8","技能","1822","凪拳","海賊技","威力：Ｂ（力or器or速）　対象：敵単体　属性：風
風の刃で敵を裂く海賊特有の格闘術","0","0","5","","32","海贼","凪拳","海盗技","威力：Ｂ（力or器or速）　対象：敵単体　属性：風
用風刃撕裂敌人的海贼特有的格斗术"
"68","海賊","9","能力","283","SP消費3/4","職技アビリティ","スキル使用時のSP消費が3/4になる","","","","10","2","海贼","SP消費3/4","职技能力","スキル使用時のSP消費が3/4になる"
"68","海賊","10","技能","1814","血祭り","海賊技","威力：Ｂ（力or器or速）　対象：敵ランダム3回
容赦のない乱撃で敵を叩き伏せる海賊技","0","0","5","","32","海贼","血祭","海盗技","威力：Ｂ（力or器or速）　対象：敵ランダム3回
毫不留情的乱击将敌人击倒的海贼技"
"69","海賊王","2","技能","1826","七海覇斬","海賊技","威力：Ａ（力or器or速）　対象：敵全体
押し寄せる波のごとく敵を切り払う海賊王の剣技","0","0","8","","32","海贼王","七海霸斩","海盗技","威力：Ａ（力or器or速）　対象：敵全体
如涌来的波浪般斩杀敌人的海贼王剑技"
"69","海賊王","3","能力","620","水ダメージ無効","防御アビリティ","水属性のダメージを無効化する","","","","15","4","海贼王","水伤害无效","防御能力","水属性伤害的无效化"
"69","海賊王","3","能力","662","睡眠無効","防御アビリティ","睡眠状態を完全に無効化する","","","","4","4","海贼王","睡眠无效","防御能力","完全无效化睡眠状态"
"69","海賊王","4","能力","145","水属性付加","戦技アビリティ","物理攻撃に水属性を付加する","","","","15","1","海贼王","水属性附加","战技能力","物理攻击附加水属性"
"69","海賊王","5","能力","786","海超強化","特殊アビリティ","海での戦闘時、能力値が40%アップする","","","","10","5","海贼王","海洋超强化","特殊能力","在海洋战斗时，能力值提升40%"
"69","海賊王","6","能力","409","「海賊技」使用可能","職技アビリティ","「海賊技」が使用可能になる","","","","5","2","海贼王","可以使用「海贼技」","职技能力","可以使用「海贼技」"
"69","海賊王","7","技能","1834","カイザーフリート","海賊技","威力：Ｓ（力or器or速）　対象：敵ランダム4回　属性：炎
海賊王の率いる船団から砲弾が降り注ぎ、5ターン持続","0","0","12","","32","海贼王","凯撒舰队","海盗技","威力：Ｓ（力or器or速）　対象：敵ランダム4回　属性：炎
海贼王的船团发射的炮弹如雨般倾泻而下，持续5回合"
"69","海賊王","8","技能","1823","四連凪刃","海賊技","威力：Ｓ（力or器or速）　対象：敵単体4回　属性：風
風の刃を四連続で発生させる海賊の格闘奥義","0","0","10","","32","海贼王","四连凪刃","海盗技","威力：Ｓ（力or器or速）　対象：敵単体4回　属性：風
连续四次生成風刃的海贼格斗奥义"
"69","海賊王","9","能力","284","SP消費1/2","職技アビリティ","スキル使用時のSP消費が半分になる","","","","20","2","海贼王","SP消費1/2","职技能力","技能使用时的SP消耗减半"
"69","海賊王","10","技能","1827","八艘跳び","海賊技","威力：Ｓ（力or器or速）　対象：敵全体8回
舞うように船上を跳び、連撃を繰り出す海賊王の奥義","0","0","12","","32","海贼王","八艘跳","海盗技","威力：Ｓ（力or器or速）　対象：敵全体8回
如舞蹈般在船上跳跃，连续发动攻击的海贼王奥义"
"69","海賊王","10","能力","8444","剣マスタリー","特殊アビリティ","剣の装備効果が上昇する","","","","10","5","海贼王","剑精通","特殊能力","剑的装备效果提升"
"72","兵士","2","技能","3133","アーマーブレイク","特技","威力：Ｅ（力）　対象：敵単体　特殊：防御力ダウン
敵単体の防御力を減少させる攻撃技","0","0","2","","63","士兵","护甲破坏","特技","威力：Ｅ（力）　対象：敵単体　特殊：防御力ダウン
减少单体敌人防御力的攻击技能"
"72","兵士","3","能力","268","SP10%アップ","職技アビリティ","最大SPが10%アップする","","","","3","2","士兵","SP提升10%","职技能力","最大SP提升10%"
"72","兵士","4","技能","3135","マインドブレイク","特技","威力：Ｅ（力）　対象：敵単体　特殊：精神力ダウン
敵単体の精神力を減少させる攻撃技","0","0","2","","63","士兵","精神破坏","特技","威力：Ｅ（力）　対象：敵単体　特殊：精神力ダウン
减少单体敌人精神力的攻击技能"
"72","兵士","5","技能","3130","確保ホールド","特技","対象：敵単体　効果：拘束
敵単体を押さえつけ、拘束状態にする","0","0","1","","63","士兵","确保拘捕","特技","対象：敵単体　効果：拘束
压制单体敌人，使其陷入拘束状态"
"72","兵士","6","技能","3136","スピードブレイク","特技","威力：Ｅ（力）　対象：敵単体　特殊：素早さダウン
敵単体の素早さを減少させる攻撃技","0","0","2","","63","士兵","速度破坏","特技","威力：Ｅ（力）　対象：敵単体　特殊：素早さダウン
减少单体敌人敏捷的攻击技能"
"72","兵士","6","技能","3137","テクニックブレイク","特技","威力：Ｅ（力）　対象：敵単体　特殊：器用さダウン
敵単体の器用さを減少させる攻撃技","0","0","2","","63","士兵","技巧破坏","特技","威力：Ｅ（力）　対象：敵単体　特殊：器用さダウン
减少单体敌人灵巧的攻击技能"
"72","兵士","7","技能","3134","マジックブレイク","特技","威力：Ｅ（力）　対象：敵単体　特殊：魔力ダウン
敵単体の魔力を減少させる攻撃技","0","0","2","","63","士兵","魔法破坏","特技","威力：Ｅ（力）　対象：敵単体　特殊：魔力ダウン
减少单体敌人魔力的攻击技能"
"72","兵士","8","能力","702","「盾」装備可能","防御アビリティ","「軽盾」「盾」「重盾」が装備可能になる","","","","5","4","士兵","可以装备「盾」","防御能力","变得可以装备「轻盾」「盾」「重盾」"
"72","兵士","9","技能","3132","ウェポンブレイク","特技","威力：Ｅ（力）　対象：敵単体　特殊：攻撃力ダウン
敵単体の攻撃力を減少させる攻撃技","0","0","2","","63","士兵","武器破坏","特技","威力：Ｅ（力）　対象：敵単体　特殊：攻撃力ダウン
减少单体敌人攻击力的攻击技能"
"72","兵士","10","技能","3131","援軍要請","特技","威力：Ｅ（力）　対象：敵ランダム3回　効果：毎ターン発動
援軍を要請し、3ターン攻撃してもらう","0","0","2","","63","士兵","请求援军","特技","威力：Ｅ（力）　対象：敵ランダム3回　効果：毎ターン発動
请求援军，3回合内进行攻击"
"73","王宮騎士","2","技能","3139","アーマーインパクト","特技","威力：Ｄ（力）　対象：敵全体　特殊：防御力ダウン
敵全体の防御力を減少させる攻撃技","0","0","4","","63","王宫骑士","护甲冲击","特技","威力：Ｄ（力）　対象：敵全体　特殊：防御力ダウン
减少全体敌人防御力的攻击技能"
"73","王宮騎士","3","能力","269","SP20%アップ","職技アビリティ","最大SPが20%アップする","","","","5","2","王宫骑士","SP提升20%","职技能力","最大SP提升20%"
"73","王宮騎士","4","技能","3141","マインドインパクト","特技","威力：Ｄ（力）　対象：敵全体　特殊：精神力ダウン
敵全体の精神力を減少させる攻撃技","0","0","4","","63","王宫骑士","精神冲击","特技","威力：Ｄ（力）　対象：敵全体　特殊：精神力ダウン
减少全体敌人精神力的攻击技能"
"73","王宮騎士","5","技能","3142","スピードインパクト","特技","威力：Ｄ（力）　対象：敵全体　特殊：素早さダウン
敵全体の素早さを減少させる攻撃技","0","0","4","","63","王宫骑士","速度冲击","特技","威力：Ｄ（力）　対象：敵全体　特殊：素早さダウン
减少全体敌人敏捷的攻击技能"
"73","王宮騎士","6","能力","791","市街強化","特殊アビリティ","市街での戦闘時、能力値が20%アップする","","","","5","5","王宫骑士","城市强化","特殊能力","在城市战斗时，能力值提升20%"
"73","王宮騎士","7","技能","3143","テクニックインパクト","特技","威力：Ｄ（力）　対象：敵全体　特殊：器用さダウン
敵全体の器用さを減少させる攻撃技","0","0","4","","63","王宫骑士","技巧冲击","特技","威力：Ｄ（力）　対象：敵全体　特殊：器用さダウン
减少全体敌人灵巧的攻击技能"
"73","王宮騎士","8","技能","3140","マジックインパクト","特技","威力：Ｄ（力）　対象：敵全体　特殊：魔力ダウン
敵全体の魔力を減少させる攻撃技","0","0","4","","63","王宫骑士","魔法冲击","特技","威力：Ｄ（力）　対象：敵全体　特殊：魔力ダウン
减少全体敌人魔力的攻击技能"
"73","王宮騎士","9","能力","700","「兜」装備可能","防御アビリティ","「兜」「重兜」が装備可能になる","","","","5","4","王宫骑士","可以装备「盔」","防御能力","变得可以装备「盔」「重盔」"
"73","王宮騎士","10","技能","3138","ウェポンインパクト","特技","威力：Ｄ（力）　対象：敵全体　特殊：攻撃力ダウン
敵全体の攻撃力を減少させる攻撃技","0","0","4","","63","王宫骑士","武器冲击","特技","威力：Ｄ（力）　対象：敵全体　特殊：攻撃力ダウン
减少全体敌人攻击力的攻击技能"
"74","ナイツオブラウンド","2","能力","104","全体攻撃","戦技アビリティ","通常攻撃が全体化する","","","","8","1","圆桌骑士","全体攻击","战技能力","普通攻击变为全体攻击"
"74","ナイツオブラウンド","3","能力","270","SP30%アップ","職技アビリティ","最大SPが30%アップする","","","","7","2","圆桌骑士","SP提升30%","职技能力","最大SP提升30%"
"74","ナイツオブラウンド","4","技能","1713","魔法剣ヘブン","魔法剣","対象：使用者　効果：物理攻撃昇天付加
武器に死の魔力を宿し、敵を昇天させる魔法剣","0","5","0","","28","圆桌骑士","魔法剑---天堂","魔法剑","対象：使用者　効果：物理攻撃昇天付加
武器寄宿死亡魔力，使敌人升天的魔法剑"
"74","ナイツオブラウンド","5","技能","1715","魔法剣マドレイン","魔法剣","対象：使用者　効果：物理攻撃MP吸収
武器に魔力吸収の力を宿し、MPを奪う魔法剣","0","4","0","","28","圆桌骑士","魔法剑---吸魔","魔法剑","対象：使用者　効果：物理攻撃MP吸収
武器寄宿魔力吸收之力，吸取MP的魔法剑"
"74","ナイツオブラウンド","6","能力","792","市街超強化","特殊アビリティ","市街での戦闘時、能力値が40%アップする","","","","10","5","圆桌骑士","市街超强化","特殊能力","在市街战斗时，能力值提升40%"
"74","ナイツオブラウンド","7","能力","157","通常攻撃ミニブースター","戦技アビリティ","通常攻撃のダメージが1段階アップする","","","","5","1","圆桌骑士","普通攻击小增强","战技能力","普通攻击伤害提升1级"
"74","ナイツオブラウンド","8","技能","3152","聖杯の奇跡","特技","対象：使用者　効果：仲間を自動復活・治療
聖杯の加護により、戦闘不能や状態異常の仲間をターン終了時に癒す","0","0","15","","63","圆桌骑士","圣杯的奇迹","特技","対象：使用者　効果：仲間を自動復活・治療
在圣杯的庇护下，战斗不能或状态异常的同伴在回合结束时治愈"
"74","ナイツオブラウンド","8","能力","8508","盾マスタリー","特殊アビリティ","盾の装備効果が上昇する","","","","5","5","圆桌骑士","盾精通","特殊能力","盾的装备效果提升"
"74","ナイツオブラウンド","9","能力","698","「鎧」装備可能","防御アビリティ","「鎧」「重鎧」「胸当て」が装備可能になる","","","","5","4","圆桌骑士","可以装备「铠」","防御能力","变得可以装备「铠」「重铠」「胸甲」"
"74","ナイツオブラウンド","9","能力","8498","鎧マスタリー","特殊アビリティ","胸当て・鎧・重鎧・甲羅の装備効果が上昇する","","","","5","5","圆桌骑士","铠精通","特殊能力","胸甲・铠・重铠・甲壳的装备效果提升"
"74","ナイツオブラウンド","10","技能","960","ラウンドオブビリオン","剣技","威力：Ａ（力）　対象：敵全体　効果：全能力ダウン
円卓の力を敵に叩き込み、心身を破壊する秘奥義","0","0","8","","7","圆桌骑士","亿万圆桌","剑技","威力：Ａ（力）　対象：敵全体　効果：全能力ダウン
将圆桌之力击入敌人，破坏身心，秘奥义"
"74","ナイツオブラウンド","10","能力","8444","剣マスタリー","特殊アビリティ","剣の装備効果が上昇する","","","","10","5","圆桌骑士","剑精通","特殊能力","剑的装备效果提升"
"75","海兵","2","技能","1815","海兵流・滝割り","海賊技","威力：Ｃ（力or器or速）　対象：敵単体　属性：水
海兵が会得している、滝を両断する剣技","0","0","4","","32","海兵","海兵流・瀑割","海盗技","威力：Ｃ（力or器or速）　対象：敵単体　属性：水
海兵掌握的，能斩断瀑布的剑技"
"75","海兵","3","能力","619","水ダメージ半減","防御アビリティ","水属性のダメージを半分にする","","","","10","4","海兵","水伤害减半","防御能力","水属性的伤害减半"
"75","海兵","3","能力","659","混乱回避","防御アビリティ","混乱状態を50%の確率で無効化する","","","","2","4","海兵","混乱回避","防御能力","混乱状态50%的概率无效化"
"75","海兵","4","技能","1819","オーシャンスレイヤー","海賊技","威力：Ｃ（力or器or速）　対象：敵単体　効果：海棲種特攻
海賊が編み出した、海洋生物に対して効果の高い攻撃","0","0","4","","32","海兵","海洋猎手","海盗技","威力：Ｃ（力or器or速）　対象：敵単体　効果：海棲種特攻
海贼编制的，对海洋生物效果显著的攻击"
"75","海兵","5","能力","785","海強化","特殊アビリティ","海での戦闘時、能力値が20%アップする","","","","5","5","海兵","海洋强化","特殊能力","在海洋战斗时，能力值提升20%"
"75","海兵","6","能力","131","海棲種特攻","戦技アビリティ","海棲種に対して特攻ダメージを与える","","","","12","1","海兵","海栖种特攻","战技能力","对海栖种造成特攻伤害"
"75","海兵","7","技能","1833","支援砲撃","海賊技","威力：Ｂ（力or器or速）　対象：敵ランダム4回　効果：毎ターン発動
海賊船からの砲撃を要請し、3ターン砲弾が降り注ぐ","0","0","5","","32","海兵","支援炮击","海盗技","威力：Ｂ（力or器or速）　対象：敵ランダム4回　効果：毎ターン発動
请求海贼船的炮击，3回合内炮弹如雨般倾泻"
"75","海兵","8","技能","1824","水破","海賊技","威力：Ｂ（力or器or速）　対象：敵単体　属性：水
水撃を敵に叩き込む海兵特有の格闘術","0","0","5","","32","海兵","水破","海盗技","威力：Ｂ（力or器or速）　対象：敵単体　属性：水
用拳头将水击打入敌人的海兵特有的格斗术"
"75","海兵","9","能力","746","戦闘開始時SP増加","特殊アビリティ","戦闘開始時のSPが増加する","","","","10","5","海兵","战斗开始时SP增加","特殊能力","战斗开始时的SP增加"
"75","海兵","10","技能","1816","海兵乱舞","海賊技","威力：Ｂ（力or器or速）　対象：敵単体4回
敵に刃の雨を浴びせる海兵直伝の剣技","0","0","5","","32","海兵","海兵乱舞","海盗技","威力：Ｂ（力or器or速）　対象：敵単体4回
向敌人倾泻刀雨的海兵直传剑技"
"76","海軍大将","2","技能","1828","剛刀・水走り","海賊技","威力：Ａ（力or器or速）　対象：敵全体　属性：水
水面を駆けながら刃を振るう海軍大将の豪快な剣技","0","0","8","","32","海军大将","刚刀・水行走","海盗技","威力：Ａ（力or器or速）　対象：敵全体　属性：水
在水面上疾驰的同时挥舞刀刃的海军大将豪迈剑技"
"76","海軍大将","3","能力","620","水ダメージ無効","防御アビリティ","水属性のダメージを無効化する","","","","15","4","海军大将","水伤害无效","防御能力","水属性伤害的无效化"
"76","海軍大将","3","能力","660","混乱無効","防御アビリティ","混乱状態を完全に無効化する","","","","4","4","海军大将","混乱无效","防御能力","完全无效化混乱状态"
"76","海軍大将","4","能力","145","水属性付加","戦技アビリティ","物理攻撃に水属性を付加する","","","","15","1","海军大将","水属性附加","战技能力","物理攻击附加水属性"
"76","海軍大将","5","能力","786","海超強化","特殊アビリティ","海での戦闘時、能力値が40%アップする","","","","10","5","海军大将","海洋超强化","特殊能力","在海洋战斗时，能力值提升40%"
"76","海軍大将","6","能力","409","「海賊技」使用可能","職技アビリティ","「海賊技」が使用可能になる","","","","5","2","海军大将","可以使用「海贼技」","职技能力","可以使用「海贼技」"
"76","海軍大将","7","技能","1835","無敵艦隊一斉砲撃","海賊技","威力：Ｓ（力or器or速）　対象：敵ランダム4回　属性：炎
海軍の無敵艦隊から砲弾が降り注ぎ、5ターン持続","0","0","12","","32","海军大将","无敌舰队齐射","海盗技","威力：Ｓ（力or器or速）　対象：敵ランダム4回　属性：炎
海军无敌舰队发射的炮弹如雨般倾泻而下，持续5回合"
"76","海軍大将","8","技能","1825","四鳴水破","海賊技","威力：Ｓ（力or器or速）　対象：敵単体4回　属性：水
水撃を四連続で発生させる海兵の格闘奥義","0","0","10","","32","海军大将","四鸣水破","海盗技","威力：Ｓ（力or器or速）　対象：敵単体4回　属性：水
连续四次生成水击的海兵格斗奥义"
"76","海軍大将","9","能力","747","戦闘開始時SP最大","特殊アビリティ","戦闘開始時のSPが最大になる","","","","20","5","海军大将","战斗开始时SP最大","特殊能力","战斗开始时SP达到最大"
"76","海軍大将","10","技能","1829","大将剛乱舞","海賊技","威力：Ｓ（力or器or速）　対象：敵単体4回
剛力と刃の鋭さを両立させ、敵を乱れ斬る海軍大将の奥義","0","0","10","","32","海军大将","大将刚乱舞","海盗技","威力：Ｓ（力or器or速）　対象：敵単体4回
兼具刚力和锋利刀刃，将敌人乱斩的海军大将奥义"
"76","海軍大将","10","能力","8444","剣マスタリー","特殊アビリティ","剣の装備効果が上昇する","","","","10","5","海军大将","剑精通","特殊能力","剑的装备效果提升"
"77","正義のヒーロー","2","技能","3126","変身","特技","対象：使用者　効果：変身
SPを消費し5ターンの間ヒーローに変身する","0","0","3","","63","正义的英雄","变身","特技","対象：使用者　効果：変身
消耗SP，5回合内变身成英雄"
"77","正義のヒーロー","3","技能","1842","正義のファイヤーパンチ","ヒーロー技","威力：Ｂ（力）　対象：敵単体　属性：炎
炎をまとった正義のパンチ","0","0","2","","33","正义的英雄","正义的火拳","英雄技","威力：Ｂ（力）　対象：敵単体　属性：炎
缠绕火焰的正义之拳"
"77","正義のヒーロー","4","能力","642","能力弱体回避","防御アビリティ","能力弱体を50%の確率で無効化する","","","","2","4","正义的英雄","能力弱化回避","防御能力","能力弱化50%的概率无效化"
"77","正義のヒーロー","5","技能","1843","正義のブリザードナックル","ヒーロー技","威力：Ｂ（力）　対象：敵単体3回　属性：氷
氷をまとった正義の連撃","0","0","2","","33","正义的英雄","正义的暴雪指虎","英雄技","威力：Ｂ（力）　対象：敵単体3回　属性：氷
缠绕冰的正义连击"
"77","正義のヒーロー","6","能力","98","孤独ゆえの強さ","戦技アビリティ","戦闘不能の仲間数に応じて全ての能力がアップする","","","","3","1","正义的英雄","因孤独而强大","战技能力","根据战斗不能的同伴数量，所有能力提升"
"77","正義のヒーロー","7","技能","1844","正義のサンダーキック","ヒーロー技","威力：Ｂ（力）　対象：敵単体　属性：雷
雷をまとった正義のキック","0","0","2","","33","正义的英雄","正义的雷霆踢","英雄技","威力：Ｂ（力）　対象：敵単体　属性：雷
缠绕雷电的正义之踢"
"77","正義のヒーロー","8","技能","1849","ヒーローガッツ","ヒーロー技","対象：使用者　効果：HP大回復
正義のパワーで体力を回復","0","0","1","","33","正义的英雄","英雄勇气","英雄技","対象：使用者　効果：HP大回復
用正义的力量恢复体力"
"77","正義のヒーロー","9","能力","94","不屈の闘志","戦技アビリティ","瀕死時、全ての能力がアップする","","","","3","1","正义的英雄","不屈的斗志","战技能力","濒死时，所有能力提升"
"77","正義のヒーロー","10","技能","1845","ヒーロー乱舞","ヒーロー技","威力：Ａ（力）　対象：敵単体4回
正義の魂を込めた、殴る蹴るの暴行","0","0","4","","33","正义的英雄","英雄乱舞","英雄技","威力：Ａ（力）　対象：敵単体4回
注入正义之魂的拳打脚踢暴行"
"78","ジャスティスカイザー","2","技能","1846","カイザーキック","ヒーロー技","威力：ＳＳ（力）　対象：敵単体
悪を憎む信念の蹴り","0","0","7","","33","正义凯撒","凯撒踢","英雄技","威力：ＳＳ（力）　対象：敵単体
憎恶邪恶的信念之踢"
"78","ジャスティスカイザー","2","技能","3127","超変身","特技","対象：使用者　効果：変身
SPを中消費し戦闘中ずっと変身状態になる","0","0","6","","63","正义凯撒","超级变身","特技","対象：使用者　効果：変身
中量消耗SP，战斗中一直保持变身状态"
"78","ジャスティスカイザー","3","能力","65","HP50%アップ","戦技アビリティ","最大HPが50%アップする","","","","15","1","正义凯撒","HP提升50%","战技能力","最大HP提升50%"
"78","ジャスティスカイザー","3","能力","70","攻撃力50%アップ","戦技アビリティ","攻撃力が50%アップする","","","","15","1","正义凯撒","攻击力提升50%","战技能力","攻击力提升50%"
"78","ジャスティスカイザー","3","能力","272","SP50%アップ","職技アビリティ","最大SPが50%アップする","","","","15","2","正义凯撒","SP提升50%","职技能力","最大SP提升50%"
"78","ジャスティスカイザー","4","能力","643","能力弱体無効","防御アビリティ","能力弱体を完全に無効化する","","","","4","4","正义凯撒","能力弱化无效","防御能力","能力弱化完全无效化"
"78","ジャスティスカイザー","4","能力","8520","ヒーローの備え","特殊アビリティ","スキルが剣・拳・ロッド装備時の威力になる","","","","4","5","正义凯撒","英雄的准备","特殊能力","使用技能时视为装备了剑・拳・法杖"
"78","ジャスティスカイザー","5","技能","1851","カイザーバリア","ヒーロー技","対象：使用者　効果：ディフレクト2回
正義のバリアであらゆる攻撃を防ぐ","0","0","4","","33","正义凯撒","凯撒屏障","英雄技","対象：使用者　効果：ディフレクト2回
用正义的屏障防御所有攻击"
"78","ジャスティスカイザー","6","能力","99","超孤独ゆえの強さ","戦技アビリティ","戦闘不能の仲間数に応じて全ての能力が大きくアップする","","","","6","1","正义凯撒","超因孤独而强大","战技能力","根据战斗不能的同伴数量，所有能力大幅提升"
"78","ジャスティスカイザー","7","技能","1847","カイザーファイナルソード","ヒーロー技","威力：ＳＳ（力）　対象：敵全体
正義を貫く魂の一閃","0","0","8","","33","正义凯撒","凯撒最终剑","英雄技","威力：ＳＳ（力）　対象：敵全体
贯穿正义的灵魂一闪"
"78","ジャスティスカイザー","7","能力","6905","強敵を打ち破る一撃","職技アビリティ","ヒーロー技でボスに与えるダメージが15%アップ","","","","3","2","正义凯撒","击破强敌的一击","职技能力","英雄技对Boss造成的伤害提升15%"
"78","ジャスティスカイザー","8","能力","95","超不屈の闘志","戦技アビリティ","瀕死時、全ての能力が大きくアップする","","","","6","1","正义凯撒","超不屈的斗志","战技能力","濒死时，所有能力大幅提升"
"78","ジャスティスカイザー","8","技能","1850","カイザーリフレイン","ヒーロー技","対象：使用者　効果：HP全回復
正義の魂が肉体を大きく癒やす","0","0","2","","33","正义凯撒","凯撒迭歌","英雄技","対象：使用者　効果：HP全回復
正义的灵魂大大治愈肉体"
"78","ジャスティスカイザー","9","能力","6892","孤高の英雄","職技アビリティ","敵複数時、全職技の威力が30%アップする","","","","10","2","正义凯撒","孤高的英雄","职技能力","敌人为复数时，所有职技威力提升30%"
"78","ジャスティスカイザー","9","能力","8330","チェーンスキル強化","特殊アビリティ","チェーン発動したスキルの威力が30%アップする","","","","10","5","正义凯撒","链技能强化","特殊能力","连锁发动的技能威力提升30%"
"78","ジャスティスカイザー","10","技能","1848","カイザークライマックスキック","ヒーロー技","威力：ＳＳＳ（力）　対象：敵単体
悪を滅ぼす最後のキック","0","0","9","","33","正义凯撒","凯撒高潮踢","英雄技","威力：ＳＳＳ（力）　対象：敵単体
消灭邪恶的最后一踢"
"78","ジャスティスカイザー","10","能力","9832","ジャスティスカイザーの証","マスターアビリティ","戦技APの最大値が10上昇し、物理ヒーロー技ダメージが20%アップ","","","","0","999","正义凯撒","正义凯撒的证明","大师能力","战技AP的最大值提升10，物理英雄技伤害增加20%"
"79","商人","2","技能","1896","薬草購入","商技","対象：味方単体　効果：HP50回復
薬草を購入し、即座に使用する","0","0","0","","34","商人","购买药草","商技","対象：味方単体　効果：HP50回復
购买药草并立即使用"
"79","商人","3","能力","61","HP10%アップ","戦技アビリティ","最大HPが10%アップする","","","","3","1","商人","HP提升10%","战技能力","最大HP提升10%"
"79","商人","3","技能","1908","毒消し草購入","商技","対象：味方単体　効果：毒治療
毒消し草を購入し、即座に使用する","0","0","0","","34","商人","购买解毒草","商技","対象：味方単体　効果：毒治療
购买解毒草并立即使用"
"79","商人","3","技能","1909","目薬購入","商技","対象：味方単体　効果：暗闇治療
目薬を購入し、即座に使用する","0","0","0","","34","商人","购买眼药水","商技","対象：味方単体　効果：暗闇治療
购买眼药水并立即使用"
"79","商人","3","技能","1912","満月草購入","商技","対象：味方単体　効果：麻痺治療
満月草を購入し、即座に使用する","0","0","0","","34","商人","购买满月草","商技","対象：味方単体　効果：麻痺治療
购买满月草并立即使用"
"79","商人","4","技能","1874","銭投げ","商技","威力：レベル依存　対象：敵全体
お金を敵に投げつけ、ダメージを与える","0","0","0","","34","商人","投钱","商技","威力：レベル依存　対象：敵全体
向敌人投掷金钱，造成伤害"
"79","商人","5","技能","1919","レスキュー要請","商技","対象：パーティ全体　効果：ダンジョン脱出
金の消費と引き替えに、ダンジョンから脱出する","0","0","0","","34","商人","救援请求","商技","対象：パーティ全体　効果：ダンジョン脱出
用金钱交换，从迷宫逃脱"
"79","商人","6","能力","726","薬の知識1","特殊アビリティ","回復アイテムの効果が1.5倍になる","","","","3","5","商人","薬の知識1","特殊能力","回復アイテムの効果が1.5倍になる"
"79","商人","6","技能","1906","フェニックスの尾購入","商技","対象：味方単体　効果：蘇生
フェニックスの尾を購入し、即座に使用する","0","0","0","","34","商人","购买凤凰之尾","商技","対象：味方単体　効果：蘇生
购买凤凰之尾并立即使用"
"79","商人","7","技能","1918","馬車","商技","対象：パーティ全体　効果：フィールド移動
金の消費と引き替えに、一度行った場所に移動する","0","0","0","","34","商人","马车","商技","対象：パーティ全体　効果：フィールド移動
用金钱交换，移动到曾经去过的地方"
"79","商人","8","能力","288","生命保険","職技アビリティ","戦闘不能時、ゴールドを獲得","","","","5","2","商人","人寿保险","职技能力","战斗不能时，获得金币"
"79","商人","8","技能","1910","山彦草購入","商技","対象：味方単体　効果：沈黙治療
山彦草を購入し、即座に使用する","0","0","0","","34","商人","购买山彦草","商技","対象：味方単体　効果：沈黙治療
购买山彦草并立即使用"
"79","商人","8","技能","1911","気付け薬購入","商技","対象：味方単体　効果：睡眠・混乱治療
気付け薬を購入し、即座に使用する","0","0","0","","34","商人","购买提神药","商技","対象：味方単体　効果：睡眠・混乱治療
购买提神药并立即使用"
"79","商人","9","能力","758","獲得ゴールド1.5倍","特殊アビリティ","獲得するゴールドが1.5倍になる","","","","5","5","商人","獲得ゴールド1.5倍","特殊能力","獲得するゴールドが1.5倍になる"
"79","商人","10","技能","1891","商品納入","商技","対象：使用者　効果：アイテム取得
金を支払い、ランダムにアイテムを取得する","0","0","0","","34","商人","商品交付","商技","対象：使用者　効果：アイテム取得
支付金币，随机获得物品"
"79","商人","10","技能","1899","霊薬購入","商技","対象：味方単体　効果：MP30回復
霊薬を購入し、即座に使用する","0","0","0","","34","商人","购买灵药","商技","対象：味方単体　効果：MP30回復
购买灵药并立即使用"
"80","闇商人","2","技能","1897","高級薬草購入","商技","対象：味方単体　効果：HP300回復
高級薬草を購入し、即座に使用する","0","0","0","","34","暗商人","购买高级药草","商技","対象：味方単体　効果：HP300回復
购买高级药草并立即使用"
"80","闇商人","3","能力","62","HP20%アップ","戦技アビリティ","最大HPが20%アップする","","","","5","1","暗商人","HP提升20%","战技能力","最大HP提升20%"
"80","闇商人","4","技能","1875","超銭投げ","商技","威力：レベル依存　対象：敵全体
お金を敵に投げつけ、ダメージを与える","0","0","0","","34","暗商人","超级投钱","商技","威力：レベル依存　対象：敵全体
向敌人投掷金钱，造成伤害"
"80","闇商人","4","技能","1913","打ち出の小槌購入","商技","対象：味方単体　効果：ミニマム治療
打ち出の小槌を購入し、即座に使用する","0","0","0","","34","暗商人","购买万宝槌","商技","対象：味方単体　効果：ミニマム治療
购买万宝槌并立即使用"
"80","闇商人","4","技能","1914","聖水購入","商技","対象：味方単体　効果：ゾンビ治療
聖水を購入し、即座に使用する","0","0","0","","34","暗商人","购买圣水","商技","対象：味方単体　効果：ゾンビ治療
购买圣水并立即使用"
"80","闇商人","4","技能","1915","金の針購入","商技","対象：味方単体　効果：石化治療
金の針を購入し、即座に使用する","0","0","0","","34","暗商人","购买金针","商技","対象：味方単体　効果：石化治療
购买金针并立即使用"
"80","闇商人","5","能力","402","「そろばん」装備可能","職技アビリティ","「そろばん」が装備可能になる","","","","5","2","暗商人","可以装备「算盘」","职技能力","变得可以装备「算盘」"
"80","闇商人","6","技能","1879","賄賂","商技","対象：敵単体　効果：逃走
敵に賄賂を渡し、穏便に帰ってもらう","0","0","0","","34","暗商人","贿赂","商技","対象：敵単体　効果：逃走
向敌人行贿，让对方和平地回去"
"80","闇商人","6","技能","1902","ブーストドリンク購入","商技","対象：味方単体　効果：SP半分回復
ブーストドリンクを購入し、即座に使用する","0","0","0","","34","暗商人","购买能量饮料","商技","対象：味方単体　効果：SP半分回復
购买能量饮料并立即使用"
"80","闇商人","6","技能","1916","脱淫薬購入","商技","対象：味方単体　効果：敏感・恍惚・誘惑治療
脱淫薬を購入し、即座に使用する","0","0","0","","34","暗商人","购买脱淫药","商技","対象：味方単体　効果：敏感・恍惚・誘惑治療
购买脱淫药并立即使用"
"80","闇商人","7","能力","382","そろばんブースター","職技アビリティ","そろばん装備時、その武器によるダメージが15%アップする","","","","10","2","暗商人","算盘增强","职技能力","装备算盘时，该武器造成的伤害提升15%"
"80","闇商人","8","技能","1885","生命保険個人加入","商技","対象：使用者　効果：死亡時にゴールド取得
自身が戦闘不能になると、ゴールドが支払われる","0","0","0","","34","暗商人","个人生命保险","商技","対象：使用者　効果：死亡時にゴールド取得
自身战斗不能时，获得金钱"
"80","闇商人","8","技能","1900","エルフの霊薬購入","商技","対象：味方単体　効果：MP100回復
エルフの霊薬を購入し、即座に使用する","0","0","0","","34","暗商人","购买精灵的灵药","商技","対象：味方単体　効果：MP100回復
购买精灵的灵药并立即使用"
"80","闇商人","9","能力","759","獲得ゴールド2倍","特殊アビリティ","獲得するゴールドが2倍になる","","","","10","5","暗商人","获得金币2倍","特殊能力","获得金币变为2倍"
"80","闇商人","10","技能","1892","闇商品納入","商技","対象：使用者　効果：アイテム取得
金を支払い、ランダムにアイテムを取得する","0","0","0","","34","暗商人","黑市商品交付","商技","対象：使用者　効果：アイテム取得
支付金币，随机获得物品"
"80","闇商人","10","技能","1904","エリクサー購入","商技","対象：味方単体　効果：HP・MP全回復
エリクサーを購入し、即座に使用する","0","0","0","","34","暗商人","购买圣灵药","商技","対象：味方単体　効果：HP・MP全回復
购买圣灵药并立即使用"
"81","神の見えざる手","2","技能","1898","究極薬草購入","商技","対象：味方単体　効果：HP5000回復
究極薬草を購入し、即座に使用する","0","0","0","","34","无形的大手","购买究极药草","商技","対象：味方単体　効果：HP5000回復
购买究极药草并立即使用"
"81","神の見えざる手","3","能力","63","HP30%アップ","戦技アビリティ","最大HPが30%アップする","","","","7","1","无形的大手","HP提升30%","战技能力","最大HP提升30%"
"81","神の見えざる手","3","技能","1903","バーストドリンク購入","商技","対象：味方単体　効果：SP全回復
バーストドリンクを購入し、即座に使用する","0","0","0","","34","无形的大手","购买爆发饮料","商技","対象：味方単体　効果：SP全回復
购买爆发饮料并立即使用"
"81","神の見えざる手","4","技能","1876","最終銭投げ","商技","威力：レベル依存　対象：敵全体
お金を敵に投げつけ、ダメージを与える","0","0","0","","34","无形的大手","最终投钱","商技","威力：レベル依存　対象：敵全体
向敌人投掷金钱，造成伤害"
"81","神の見えざる手","5","能力","410","「商技」使用可能","職技アビリティ","「商技」が使用可能になる","","","","5","2","无形的大手","可以使用「商技」","职技能力","可以使用「商技」"
"81","神の見えざる手","5","技能","1917","万能薬購入","商技","対象：味方単体　効果：全状態異常治療
万能薬を購入し、即座に使用する","0","0","0","","34","无形的大手","购买万能药","商技","対象：味方単体　効果：全状態異常治療
购买万能药并立即使用"
"81","神の見えざる手","6","技能","1880","賄賂バラ撒き","商技","対象：敵全体　効果：逃走
敵全体に賄賂をバラ撒き、穏便に帰ってもらう","0","0","0","","34","无形的大手","行贿撒钱","商技","対象：敵全体　効果：逃走
向全体敌人撒钱，让对方和平地回去"
"81","神の見えざる手","7","能力","383","そろばんハイブースター","職技アビリティ","そろばん装備時、その武器によるダメージが30%アップする","","","","20","2","无形的大手","算盘高级增强","职技能力","装备算盘时，该武器造成的伤害提升30%"
"81","神の見えざる手","7","技能","1907","世界樹の葉購入","商技","対象：味方単体　効果：完全蘇生
世界樹の葉を購入し、即座に使用する","0","0","0","","34","无形的大手","购买世界树之叶","商技","対象：味方単体　効果：完全蘇生
购买世界树之叶并立即使用"
"81","神の見えざる手","8","技能","1886","生命保険パーティ加入","商技","対象：味方全体　効果：死亡時にゴールド取得
仲間達が戦闘不能になると、ゴールドが支払われる","0","0","0","","34","无形的大手","团队生命保险","商技","対象：味方全体　効果：死亡時にゴールド取得
伙伴们在战斗不能时，金币会被支付"
"81","神の見えざる手","8","技能","1901","イリアスの霊薬購入","商技","対象：味方単体　効果：MP500回復
イリアスの霊薬を購入し、即座に使用する","0","0","0","","34","无形的大手","购买伊莉娅丝的灵药","商技","対象：味方単体　効果：MP500回復
购买伊莉娅丝的灵药并立即使用"
"81","神の見えざる手","9","能力","760","獲得ゴールド3倍","特殊アビリティ","獲得するゴールドが3倍になる","","","","15","5","无形的大手","获得金币3倍","特殊能力","获得金币变为3倍"
"81","神の見えざる手","9","技能","1893","究極納入","商技","対象：使用者　効果：アイテム取得
金を支払い、ランダムにアイテムを取得する","0","0","0","","34","无形的大手","究极交付","商技","対象：使用者　効果：アイテム取得
支付金币，随机获得物品"
"81","神の見えざる手","10","技能","1905","ラストエリクサー購入","商技","対象：味方全体　効果：HP・MP全回復
ラストエリクサーを購入し、即座に使用する","0","0","0","","34","无形的大手","购买最终圣灵药","商技","対象：味方全体　効果：HP・MP全回復
购买最终圣灵药并立即使用"
"81","神の見えざる手","10","能力","8482","そろばんマスタリー","特殊アビリティ","そろばんの装備効果が上昇する","","","","10","5","无形的大手","算盘精通","特殊能力","算盘的装备效果提升"
"82","アイテム士","2","技能","1921","全体化:薬草","EXアイテム","対象：味方全体　効果：HP50回復
薬草の効果を全体化する","0","0","0","","35","道具师","全体化:薬草","EX物品","対象：味方全体　効果：HP50回復
药草的效果全体化"
"82","アイテム士","2","技能","1942","漸時:薬草","EXアイテム","対象：味方全体　効果：ターンHP小回復
薬草の効果をターンごとに分散する","0","0","0","","35","道具师","漸時:薬草","EX物品","対象：味方全体　効果：ターンHP小回復
将药草的效果分散到每个回合"
"82","アイテム士","3","技能","1932","全体化:毒消し草","EXアイテム","対象：味方全体　効果：毒治療
毒消し草の効果を全体化する","0","0","0","","35","道具师","全体化:毒消し草","EX物品","対象：味方全体　効果：毒治療
解毒草的效果全体化"
"82","アイテム士","3","技能","1933","全体化:目薬","EXアイテム","対象：味方全体　効果：暗闇治療
目薬の効果を全体化する","0","0","0","","35","道具师","全体化:目薬","EX物品","対象：味方全体　効果：暗闇治療
眼药水的效果全体化"
"82","アイテム士","3","技能","1936","全体化:満月草","EXアイテム","対象：味方全体　効果：麻痺治療
満月草の効果を全体化する","0","0","0","","35","道具师","全体化:満月草","EX物品","対象：味方全体　効果：麻痺治療
满月草的效果全体化"
"82","アイテム士","3","技能","1954","予防：毒消し草","EXアイテム","対象：味方全体　効果：毒防御
毒消し草を予防使用する","0","0","0","","35","道具师","予防：毒消し草","EX物品","対象：味方全体　効果：毒防御
使用解毒草进行预防"
"82","アイテム士","3","技能","1955","予防：目薬","EXアイテム","対象：味方全体　効果：暗闇防御
目薬を予防使用する","0","0","0","","35","道具师","予防：目薬","EX物品","対象：味方全体　効果：暗闇防御
使用眼药水进行预防"
"82","アイテム士","3","技能","1958","予防：満月草","EXアイテム","対象：味方全体　効果：麻痺防御
満月草を予防使用する","0","0","0","","35","道具师","予防：満月草","EX物品","対象：味方全体　効果：麻痺防御
使用满月草进行预防"
"82","アイテム士","3","技能","1965","反転：毒消し草","EXアイテム","対象：敵全体　効果：毒
毒消し草を反転使用する","0","0","0","","35","道具师","反転：毒消し草","EX物品","対象：敵全体　効果：毒
反向使用解毒草"
"82","アイテム士","3","技能","1966","反転：目薬","EXアイテム","対象：敵全体　効果：暗闇
目薬を反転使用する","0","0","0","","35","道具师","反転：目薬","EX物品","対象：敵全体　効果：暗闇
反向使用眼药水"
"82","アイテム士","3","技能","1969","反転：満月草","EXアイテム","対象：敵全体　効果：麻痺
満月草を反転使用する","0","0","0","","35","道具师","反転：満月草","EX物品","対象：敵全体　効果：麻痺
反向使用满月草"
"82","アイテム士","4","技能","1263","スパイラルエッジ","投擲技","威力：Ｃ（力・器）　対象：敵全体
風を切るようにブーメランを投げ付け、敵全体を攻撃する投擲技","0","0","5","","16","道具师","螺旋利刃","投掷技","威力：Ｃ（力・器）　対象：敵全体
像切割风一样投掷回旋镖，攻击全体敌人的投掷技"
"82","アイテム士","4","技能","1927","全体化:ブーストドリンク","EXアイテム","対象：味方全体　効果：SP半分回復
ブーストドリンクの効果を全体化する","0","0","0","","35","道具师","全体化:ブーストドリンク","EX物品","対象：味方全体　効果：SP半分回復
能量饮料的效果全体化"
"82","アイテム士","4","技能","1948","漸時:ブーストドリンク","EXアイテム","対象：味方全体　効果：ターンSP中回復
ブーストドリンクの効果をターンごとに分散する","0","0","0","","35","道具师","漸時:ブーストドリンク","EX物品","対象：味方全体　効果：ターンSP中回復
将能量饮料的效果分散到每个回合"
"82","アイテム士","5","技能","1934","全体化:山彦草","EXアイテム","対象：味方全体　効果：沈黙治療
山彦草の効果を全体化する","0","0","0","","35","道具师","全体化:山彦草","EX物品","対象：味方全体　効果：沈黙治療
山彦草的效果全体化"
"82","アイテム士","5","技能","1935","全体化:気付け薬","EXアイテム","対象：味方全体　効果：混乱・睡眠治療
気付け薬の効果を全体化する","0","0","0","","35","道具师","全体化:気付け薬","EX物品","対象：味方全体　効果：混乱・睡眠治療
提神药的效果全体化"
"82","アイテム士","5","技能","1956","予防：山彦草","EXアイテム","対象：味方全体　効果：沈黙防御
山彦草を予防使用する","0","0","0","","35","道具师","予防：山彦草","EX物品","対象：味方全体　効果：沈黙防御
使用山彦草进行预防"
"82","アイテム士","5","技能","1957","予防：気付け薬","EXアイテム","対象：味方全体　効果：混乱・睡眠防御
気付け薬を予防使用する","0","0","0","","35","道具师","予防：気付け薬","EX物品","対象：味方全体　効果：混乱・睡眠防御
使用提神药进行预防"
"82","アイテム士","5","技能","1967","反転：山彦草","EXアイテム","対象：敵全体　効果：沈黙
山彦草を反転使用する","0","0","0","","35","道具师","反転：山彦草","EX物品","対象：敵全体　効果：沈黙
反向使用山彦草"
"82","アイテム士","5","技能","1968","反転：気付け薬","EXアイテム","対象：敵全体　効果：混乱・睡眠
気付け薬を反転使用する","0","0","0","","35","道具师","反転：気付け薬","EX物品","対象：敵全体　効果：混乱・睡眠
反向使用提神药"
"82","アイテム士","6","技能","1922","全体化:高級薬草","EXアイテム","対象：味方全体　効果：HP300回復
高級薬草の効果を全体化する","0","0","0","","35","道具师","全体化:高級薬草","EX物品","対象：味方全体　効果：HP300回復
高级药草的效果全体化"
"82","アイテム士","6","技能","1943","漸時:高級薬草","EXアイテム","対象：味方全体　効果：ターンHP中回復
高級薬草の効果をターンごとに分散する","0","0","0","","35","道具师","漸時:高級薬草","EX物品","対象：味方全体　効果：ターンHP中回復
将高级药草的效果分散到每个回合"
"82","アイテム士","7","技能","1937","全体化:打出の小槌","EXアイテム","対象：味方全体　効果：ミニマム治療
打出の小槌の効果を全体化する","0","0","0","","35","道具师","全体化:打出の小槌","EX物品","対象：味方全体　効果：ミニマム治療
打出的小槌的效果全体化"
"82","アイテム士","7","技能","1938","全体化:聖水","EXアイテム","対象：味方全体　効果：ゾンビ治療
聖水の効果を全体化する","0","0","0","","35","道具师","全体化:聖水","EX物品","対象：味方全体　効果：ゾンビ治療
圣水的效果全体化"
"82","アイテム士","7","技能","1939","全体化:金の針","EXアイテム","対象：味方全体　効果：石化治療
金の針の効果を全体化する","0","0","0","","35","道具师","全体化:金の針","EX物品","対象：味方全体　効果：石化治療
金针的效果全体化"
"82","アイテム士","7","技能","1959","予防：打出の小槌","EXアイテム","対象：味方全体　効果：ミニマム防御
打出の小槌を予防使用する","0","0","0","","35","道具师","予防：打出の小槌","EX物品","対象：味方全体　効果：ミニマム防御
使用打出的小槌进行预防"
"82","アイテム士","7","技能","1960","予防：聖水","EXアイテム","対象：味方全体　効果：ゾンビ防御
聖水を予防使用する","0","0","0","","35","道具师","予防：聖水","EX物品","対象：味方全体　効果：ゾンビ防御
使用圣水进行预防"
"82","アイテム士","7","技能","1961","予防：金の針","EXアイテム","対象：味方全体　効果：石化防御
金の針を予防使用する","0","0","0","","35","道具师","予防：金の針","EX物品","対象：味方全体　効果：石化防御
使用金针进行预防"
"82","アイテム士","7","技能","1970","反転：打出の小槌","EXアイテム","対象：敵全体　効果：ミニマム
打出の小槌を反転使用する","0","0","0","","35","道具师","反転：打出の小槌","EX物品","対象：敵全体　効果：ミニマム
反向使用打出的小槌"
"82","アイテム士","7","技能","1971","反転：聖水","EXアイテム","対象：敵全体　効果：ゾンビ
聖水を反転使用する","0","0","0","","35","道具师","反転：聖水","EX物品","対象：敵全体　効果：ゾンビ
反向使用圣水"
"82","アイテム士","7","技能","1972","反転：金の針","EXアイテム","対象：敵全体　効果：石化
金の針を反転使用する","0","0","0","","35","道具师","反転：金の針","EX物品","対象：敵全体　効果：石化
反向使用金针"
"82","アイテム士","8","技能","1930","全体化:フェニックスの尾","EXアイテム","対象：味方全体　効果：蘇生
フェニックスの尾の効果を全体化する","0","0","0","","35","道具师","全体化:フェニックスの尾","EX物品","対象：味方全体　効果：蘇生
凤凰之尾的效果全体化"
"82","アイテム士","8","技能","1952","予防：フェニックスの尾","EXアイテム","対象：味方全体　効果：即死・昇天・絶頂防御
フェニックスの尾を予防使用する","0","0","0","","35","道具师","予防：フェニックスの尾","EX物品","対象：味方全体　効果：即死・昇天・絶頂防御
使用凤凰之尾进行预防"
"82","アイテム士","8","技能","1964","反転：フェニックスの尾","EXアイテム","対象：敵全体　効果：昇天
フェニックスの尾を反転使用する","0","0","0","","35","道具师","反転：フェニックスの尾","EX物品","対象：敵全体　効果：昇天
反向使用凤凰之尾"
"82","アイテム士","9","能力","727","薬の知識2","特殊アビリティ","回復アイテムの効果が2倍になる","","","","5","5","道具师","薬の知識2","特殊能力","恢复道具效果变为2倍"
"82","アイテム士","9","技能","1924","全体化:霊薬","EXアイテム","対象：味方全体　効果：MP30回復
霊薬の効果を全体化する","0","0","0","","35","道具师","全体化:霊薬","EX物品","対象：味方全体　効果：MP30回復
灵药的效果全体化"
"82","アイテム士","9","技能","1945","漸時:霊薬","EXアイテム","対象：味方全体　効果：ターンMP小回復
霊薬の効果をターンごとに分散する","0","0","0","","35","道具师","漸時:霊薬","EX物品","対象：味方全体　効果：ターンMP小回復
将灵药的效果分散到每个回合"
"82","アイテム士","10","技能","1975","無限使用：炎石","EXアイテム","威力：Ｅ（器）　対象：敵全体　属性：炎
炎石を消費せずに使用する","0","0","0","","35","道具师","無限使用：炎石","EX物品","威力：Ｅ（器）　対象：敵全体　属性：炎
不消耗炎石使用"
"82","アイテム士","10","技能","1976","無限使用：氷石","EXアイテム","威力：Ｅ（器）　対象：敵全体　属性：氷
氷石を消費せずに使用する","0","0","0","","35","道具师","無限使用：氷石","EX物品","威力：Ｅ（器）　対象：敵全体　属性：氷
不消耗冰石使用"
"82","アイテム士","10","技能","1977","無限使用：雷石","EXアイテム","威力：Ｅ（器）　対象：敵全体　属性：雷
雷石を消費せずに使用する","0","0","0","","35","道具师","無限使用：雷石","EX物品","威力：Ｅ（器）　対象：敵全体　属性：雷
不消耗雷石使用"
"83","マスターアイテム","2","技能","1978","無限使用：風石","EXアイテム","威力：Ｅ（器）　対象：敵全体　属性：風
風石を消費せずに使用する","0","0","0","","35","道具大师","無限使用：風石","EX物品","威力：Ｅ（器）　対象：敵全体　属性：風
不消耗风石使用"
"83","マスターアイテム","2","技能","1979","無限使用：土石","EXアイテム","威力：Ｅ（器）　対象：敵全体　属性：土
土石を消費せずに使用する","0","0","0","","35","道具大师","無限使用：土石","EX物品","威力：Ｅ（器）　対象：敵全体　属性：土
不消耗土石使用"
"83","マスターアイテム","2","技能","1980","無限使用：水石","EXアイテム","威力：Ｅ（器）　対象：敵全体　属性：水
水石を消費せずに使用する","0","0","0","","35","道具大师","無限使用：水石","EX物品","威力：Ｅ（器）　対象：敵全体　属性：水
不消耗水石使用"
"83","マスターアイテム","3","技能","1269","スターゲイザー","投擲技","威力：Ａ（力・器）　対象：敵単体
星々の力を込めたブーメランを敵に投げ付ける投擲技","0","0","7","","16","道具大师","观星者","投掷技","威力：Ａ（力・器）　対象：敵単体
投掷蕴含星辰之力的飞镖攻击敌人的投掷技"
"83","マスターアイテム","3","技能","1940","全体化:脱淫薬","EXアイテム","対象：味方全体　効果：敏感・恍惚・誘惑治療
脱淫薬の効果を全体化する","0","0","0","","35","道具大师","全体化:脱淫薬","EX物品","対象：味方全体　効果：敏感・恍惚・誘惑治療
脱淫药的效果全体化"
"83","マスターアイテム","3","技能","1962","予防：脱淫薬","EXアイテム","対象：味方全体　効果：敏感・恍惚・誘惑防御
脱淫薬を予防使用する","0","0","0","","35","道具大师","予防：脱淫薬","EX物品","対象：味方全体　効果：敏感・恍惚・誘惑防御
使用脱淫药进行预防"
"83","マスターアイテム","3","技能","1973","反転：脱淫薬","EXアイテム","対象：敵全体　効果：敏感・恍惚・誘惑
脱淫薬を反転使用する","0","0","0","","35","道具大师","反転：脱淫薬","EX物品","対象：敵全体　効果：敏感・恍惚・誘惑
反向使用脱淫药"
"83","マスターアイテム","4","技能","1925","全体化:エルフの霊薬","EXアイテム","対象：味方全体　効果：MP100回復
エルフの霊薬の効果を全体化する","0","0","0","","35","道具大师","全体化:エルフの霊薬","EX物品","対象：味方全体　効果：MP100回復
精灵的灵药的效果全体化"
"83","マスターアイテム","4","技能","1946","漸時:エルフの霊薬","EXアイテム","対象：味方全体　効果：ターンMP中回復
エルフの霊薬の効果をターンごとに分散する","0","0","0","","35","道具大师","漸時:エルフの霊薬","EX物品","対象：味方全体　効果：ターンMP中回復
将精灵的灵药的效果分散到每个回合"
"83","マスターアイテム","5","能力","411","「EXアイテム」使用可能","職技アビリティ","「EXアイテム」が使用可能になる","","","","5","2","道具大师","可以使用「EX物品」","职技能力","可以使用「EX物品」"
"83","マスターアイテム","5","技能","1928","全体化:バーストドリンク","EXアイテム","対象：味方全体　効果：SP全回復
バーストドリンクの効果を全体化する","0","0","0","","35","道具大师","全体化:バーストドリンク","EX物品","対象：味方全体　効果：SP全回復
爆发饮料的效果全体化"
"83","マスターアイテム","5","技能","1949","漸時:バーストドリンク","EXアイテム","対象：味方全体　効果：ターンSP大回復
バーストドリンクの効果をターンごとに分散する","0","0","0","","35","道具大师","漸時:バーストドリンク","EX物品","対象：味方全体　効果：ターンSP大回復
将爆发饮料的效果分散到每个回合"
"83","マスターアイテム","5","技能","1981","無限使用：聖石","EXアイテム","威力：Ｅ（器）　対象：敵全体　属性：聖
聖石を消費せずに使用する","0","0","0","","35","道具大师","無限使用：聖石","EX物品","威力：Ｅ（器）　対象：敵全体　属性：聖
不消耗圣石使用"
"83","マスターアイテム","5","技能","1982","無限使用：闇石","EXアイテム","威力：Ｅ（器）　対象：敵全体　属性：闇
闇石を消費せずに使用する","0","0","0","","35","道具大师","無限使用：闇石","EX物品","威力：Ｅ（器）　対象：敵全体　属性：闇
不消耗暗石使用"
"83","マスターアイテム","6","技能","1923","全体化:究極薬草","EXアイテム","対象：味方全体　効果：HP5000回復
究極薬草の効果を全体化する","0","0","0","","35","道具大师","全体化:究極薬草","EX物品","対象：味方全体　効果：HP5000回復
究极药草的效果全体化"
"83","マスターアイテム","6","技能","1941","全体化:万能薬","EXアイテム","対象：味方全体　効果：全状態異常治療
万能薬の効果を全体化する","0","0","0","","35","道具大师","全体化:万能薬","EX物品","対象：味方全体　効果：全状態異常治療
万能药的效果全体化"
"83","マスターアイテム","6","技能","1944","漸時:究極薬草","EXアイテム","対象：味方全体　効果：ターンHP大回復
究極薬草の効果をターンごとに分散する","0","0","0","","35","道具大师","漸時:究極薬草","EX物品","対象：味方全体　効果：ターンHP大回復
将究极药草的效果分散到每个回合"
"83","マスターアイテム","6","技能","1963","予防：万能薬","EXアイテム","対象：味方全体　効果：状態異常防御
万能薬を予防使用する","0","0","0","","35","道具大师","予防：万能薬","EX物品","対象：味方全体　効果：状態異常防御
使用万能药进行预防"
"83","マスターアイテム","6","技能","1974","反転：万能薬","EXアイテム","対象：敵全体　効果：ランダム状態異常
万能薬を反転使用する","0","0","0","","35","道具大师","反転：万能薬","EX物品","対象：敵全体　効果：ランダム状態異常
反向使用万能药"
"83","マスターアイテム","7","技能","1931","全体化:世界樹の葉","EXアイテム","対象：味方全体　効果：完全蘇生
世界樹の葉の効果を全体化する","0","0","0","","35","道具大师","全体化:世界樹の葉","EX物品","対象：味方全体　効果：完全蘇生
世界树之叶的效果全体化"
"83","マスターアイテム","7","技能","1953","予防：世界樹の葉","EXアイテム","対象：味方単体　効果：再蘇生
世界樹の葉を予防使用する","0","0","0","","35","道具大师","予防：世界樹の葉","EX物品","対象：味方単体　効果：再蘇生
使用世界树之叶进行预防"
"83","マスターアイテム","8","技能","1926","全体化:イリアスの霊薬","EXアイテム","対象：味方全体　効果：MP500回復
イリアスの霊薬の効果を全体化する","0","0","0","","35","道具大师","全体化:イリアスの霊薬","EX物品","対象：味方全体　効果：MP500回復
伊莉娅丝的灵药的效果全体化"
"83","マスターアイテム","8","技能","1947","漸時:イリアスの霊薬","EXアイテム","対象：味方全体　効果：ターンMP大回復
イリアスの霊薬の効果をターンごとに分散する","0","0","0","","35","道具大师","漸時:イリアスの霊薬","EX物品","対象：味方全体　効果：ターンMP大回復
将伊莉娅丝的灵药的效果分散到每个回合"
"83","マスターアイテム","9","能力","728","薬の知識3","特殊アビリティ","回復アイテムの効果が3倍になる","","","","10","5","道具大师","薬の知識3","特殊能力","恢复道具的效果变为3倍"
"83","マスターアイテム","9","技能","1929","全体化:エリクサー","EXアイテム","対象：味方全体　効果：HP・MP完全回復
エリクサーの効果を全体化する","0","0","0","","35","道具大师","全体化:エリクサー","EX物品","対象：味方全体　効果：HP・MP完全回復
圣灵药的效果全体化"
"83","マスターアイテム","9","技能","1950","漸時:エリクサー","EXアイテム","対象：味方全体　効果：ターンHP・MP・SP大回復
エリクサーの効果をターンごとに分散する","0","0","0","","35","道具大师","漸時:エリクサー","EX物品","対象：味方全体　効果：ターンHP・MP・SP大回復
将圣灵药的效果分散到每个回合"
"83","マスターアイテム","10","技能","1951","漸時:ラストエリクサー","EXアイテム","対象：味方全体　効果：ターンHP・MP・SP全回復
ラストエリクサーの効果をターンごとに分散する","0","0","0","","35","道具大师","漸時:ラストエリクサー","EX物品","対象：味方全体　効果：ターンHP・MP・SP全回復
将最终圣灵药的效果分散到每个回合"
"83","マスターアイテム","10","能力","8474","ブーメランマスタリー","特殊アビリティ","ブーメランの装備効果が上昇する","","","","10","5","道具大师","回旋镖精通","特殊能力","回旋镖的装备效果提升"
"84","冒険家","2","技能","3117","深呼吸","特技","対象：使用者　効果：HP・SPターン小回復
精神を落ち着け、HPとSPを徐々に回復させる","0","0","2","","63","冒险家","深呼吸","特技","対象：使用者　効果：HP・SPターン小回復
平复精神，逐渐回复HP和SP"
"84","冒険家","3","能力","783","砂漠強化","特殊アビリティ","砂漠での戦闘時、能力値が20%アップする","","","","5","5","冒险家","沙漠强化","特殊能力","在沙漠战斗时，能力值提升20%"
"84","冒険家","3","能力","789","洞窟強化","特殊アビリティ","洞窟での戦闘時、能力値が20%アップする","","","","5","5","冒险家","洞穴强化","特殊能力","在洞穴战斗时，能力值提升20%"
"84","冒険家","4","技能","1268","シューティングスター","投擲技","威力：Ｂ（力・器）　対象：敵単体
流れ星のごとく敵単体にブーメランをぶつける投擲技","0","0","5","","16","冒险家","流星","投掷技","威力：Ｂ（力・器）　対象：敵単体
如流星般投掷飞镖击中单体敌人的投掷技"
"84","冒険家","5","能力","225","「ブーメラン」装備可能","戦技アビリティ","「ブーメラン」が装備可能になる","","","","5","1","冒险家","可以装备「回旋镖」","战技能力","变得可以装备「回旋镖」"
"84","冒険家","6","技能","3119","自己治療","特技","対象：使用者　効果：軽状態異常回復
自身に応急処置を施し状態異常を治療する","0","0","1","","63","冒险家","自我治疗","特技","対象：使用者　効果：軽状態異常回復
对自己进行急救，治疗状态异常"
"84","冒険家","7","能力","644","即死回避","防御アビリティ","即死攻撃を50%の確率で無効化する","","","","2","4","冒险家","即死回避","防御能力","即死攻击50%的概率无效化"
"84","冒険家","7","能力","793","床ダメージ半減","特殊アビリティ","毒沼やバリアで受ける移動ダメージを半減する","","","","2","5","冒险家","地面伤害减半","特殊能力","在毒沼或屏障中受到的移动伤害减半"
"84","冒険家","8","能力","748","戦闘後小休止","特殊アビリティ","戦闘後、HPとMPを小回復","","","","10","5","冒险家","战斗后小休息","特殊能力","战斗后，HP和MP小幅恢复"
"84","冒険家","9","能力","199","ブーメランブースター","戦技アビリティ","ブーメラン装備時、その武器によるダメージが15%アップする","","","","10","1","冒险家","回旋镖增强","战技能力","装备回旋镖时，该武器造成的伤害提升15%"
"84","冒険家","10","技能","3144","間欠泉","特技","威力：Ａ（器）　対象：敵単体　属性：水
間欠泉を噴出させ敵を攻撃する技","0","0","6","","63","冒险家","间歇泉","特技","威力：Ａ（器）　対象：敵単体　属性：水
喷出间歇泉攻击敌人的技能"
"85","レンジャー","2","技能","3118","戦術的呼吸法","特技","対象：使用者　効果：HP・SPターン大回復
訓練された呼吸法で、HPとSPをみるみる回復させる","0","0","5","","63","游侠","战术呼吸法","特技","対象：使用者　効果：HP・SPターン大回復
通过训练有素的呼吸法，迅速回复HP和SP"
"85","レンジャー","3","能力","784","砂漠超強化","特殊アビリティ","砂漠での戦闘時、能力値が40%アップする","","","","10","5","游侠","沙漠超强化","特殊能力","在沙漠战斗时，能力值提升40%"
"85","レンジャー","3","能力","790","洞窟超強化","特殊アビリティ","洞窟での戦闘時、能力値が40%アップする","","","","10","5","游侠","洞穴超强化","特殊能力","在洞穴战斗时，能力值提升40%"
"85","レンジャー","4","技能","3145","アクアスプラッシュ","特技","威力：Ａ（器）　対象：敵全体　属性：水
大地から放った水流で敵全体を攻撃する奥義","0","0","8","","63","游侠","水花飞溅","特技","威力：Ａ（器）　対象：敵全体　属性：水
从大地释放水流攻击全体敌人的奥义"
"85","レンジャー","5","能力","239","「投擲技」使用可能","戦技アビリティ","「投擲技」が使用可能になる","","","","5","1","游侠","「投掷技」可以使用","战技能力","可以使用「投掷技」"
"85","レンジャー","6","技能","3120","超自己治療","特技","対象：使用者　効果：軽状態異常予防
自身に応急処置を施し状態異常を予防する","0","0","2","","63","游侠","超级自我治疗","特技","対象：使用者　効果：軽状態異常予防
对自己进行急救，预防状态异常"
"85","レンジャー","7","能力","645","即死無効","防御アビリティ","即死攻撃を完全に無効化する","","","","4","4","游侠","即死无效","防御能力","即死攻击完全无效化"
"85","レンジャー","7","能力","794","床ダメージ無効","特殊アビリティ","毒沼やバリアで受ける移動ダメージを無効化する","","","","5","5","游侠","地面伤害无效","特殊能力","在毒沼或屏障中受到的移动伤害无效化"
"85","レンジャー","8","能力","749","戦闘後大休止","特殊アビリティ","戦闘後、HPとMPを中回復","","","","15","5","游侠","战斗后大休息","特殊能力","战斗后，HP和MP中幅恢复"
"85","レンジャー","9","能力","200","ブーメランハイブースター","戦技アビリティ","ブーメラン装備時、その武器によるダメージが30%アップする","","","","20","1","游侠","回旋镖高级增强","战技能力","装备回旋镖时，该武器造成的伤害提升30%"
"85","レンジャー","9","能力","8496","服マスタリー","特殊アビリティ","服・武道着の装備効果が上昇する","","","","5","5","游侠","服装精通","特殊能力","服装・武道服的装备效果提升"
"85","レンジャー","10","技能","1271","コズミックスルー","投擲技","威力：Ｓ（力・器）　対象：敵ランダム4回
流星のごとくブーメランを何度も投げ付ける投擲技","0","0","9","","16","游侠","宇穿","投掷技","威力：Ｓ（力・器）　対象：敵ランダム4回
如流星般多次投掷飞镖的投掷技"
"85","レンジャー","10","能力","8474","ブーメランマスタリー","特殊アビリティ","ブーメランの装備効果が上昇する","","","","10","5","游侠","回旋镖精通","特殊能力","回旋镖的装备效果提升"
"86","占い師","2","技能","1993","運命のタロット","オラクル","効果：ランダム
引いたカードによって効果が異なるランダム技","0","0","1","","36","占卜师","命运塔罗","神谕","効果：ランダム
根据抽到的卡牌效果不同的随机技能"
"86","占い師","3","能力","278","器用さ10%アップ","職技アビリティ","器用さが10%アップする","","","","3","2","占卜师","灵巧提升10%","职技能力","灵巧提升10%"
"86","占い師","4","技能","1984","カード投げ","オラクル","威力：Ｅ（器）　対象：敵単体
敵単体にカードを投げ付ける技","0","0","1","","36","占卜师","卡牌投掷","神谕","威力：Ｅ（器）　対象：敵単体
向单体敌人投掷卡牌"
"86","占い師","5","能力","549","精神力10%アップ","防御アビリティ","精神力が10%アップする","","","","3","4","占卜师","精神力提升10%","防御能力","精神力提升10%"
"86","占い師","6","技能","2008","幸運の星","オラクル","対象：敵味方ランダム単体　効果：能力強化
敵味方のうちランダムの一人が大幅強化される","0","0","2","","36","占卜师","幸运之星","神谕","対象：敵味方ランダム単体　効果：能力強化
敌我双方中随机一人大幅强化"
"86","占い師","7","能力","290","最期の託宣","職技アビリティ","戦闘不能時、アイテムを入手","","","","5","2","占卜师","最后的赐福","职技能力","战斗不能时，获得物品"
"86","占い師","8","技能","2011","天の贈り物","オラクル","効果：アイテム取得
ランダムでアイテムを取得する","0","10","5","","36","占卜师","天赐之礼","神谕","効果：アイテム取得
随机获得物品"
"86","占い師","9","能力","761","アイテムドロップ率1.5倍","特殊アビリティ","敵がアイテムを落とす確率が1.5倍になる","","","","5","5","占卜师","アイテムドロップ率1.5倍","特殊能力","敵がアイテムを落とす確率が1.5倍になる"
"86","占い師","10","技能","1994","女神の託宣","オラクル","効果：ランダム
女神の託宣を受ける、機嫌次第のランダム技","0","0","1","","36","占卜师","女神的赐福","神谕","効果：ランダム
接受女神的赐福，效果随机的技能"
"87","ギャンブラー","2","技能","1995","スロット","オラクル","効果：ランダム
スロットの出た目によって効果が変わるランダム技","0","0","2","","36","赌徒","老虎机","神谕","効果：ランダム
根据老虎机的结果效果变化的随机技能"
"87","ギャンブラー","3","能力","279","器用さ20%アップ","職技アビリティ","器用さが20%アップする","","","","5","2","赌徒","灵巧提升20%","职技能力","灵巧提升20%"
"87","ギャンブラー","4","技能","1985","バニシングカード","オラクル","威力：Ｃ（器）　対象：敵単体
トリッキーなカード投げで敵にダメージを与える","0","0","3","","36","赌徒","消失卡牌","神谕","威力：Ｃ（器）　対象：敵単体
用狡猾的卡牌投掷对敌人造成伤害"
"87","ギャンブラー","5","能力","404","「カード」装備可能","職技アビリティ","「カード」が装備可能になる","","","","5","2","赌徒","可以装备「卡牌」","职技能力","变得可以装备「卡牌」"
"87","ギャンブラー","6","技能","1989","コイントス","オラクル","対象：使用者or敵単体　効果：即死
コインを投げ、自分か敵のどちらかを即死させる","0","0","1","","36","赌徒","抛硬币","神谕","対象：使用者or敵単体　効果：即死
抛硬币，使自己或敌人即死"
"87","ギャンブラー","7","能力","291","ラストスロット","職技アビリティ","戦闘不能時、より良いアイテムを入手","","","","10","2","赌徒","最后的机会","职技能力","战斗不能时，获得更好的物品"
"87","ギャンブラー","8","技能","2012","アイテムスロット","オラクル","効果：アイテム取得
ランダムでアイテムを取得する","0","50","10","","36","赌徒","物品老虎机","神谕","効果：アイテム取得
随机获得物品"
"87","ギャンブラー","9","能力","762","アイテムドロップ率2倍","特殊アビリティ","敵がアイテムを落とす確率が2倍になる","","","","10","5","赌徒","物品掉落率2倍","特殊能力","敌人掉落物品的概率变为2倍"
"87","ギャンブラー","10","技能","2009","ラッキーハンター","オラクル","対象：使用者　効果：経験値・職業経験値・ゴールド2倍
その戦闘のみ、獲得経験値・職業経験値とゴールドが倍になる","0","0","2","","36","赌徒","幸运猎人","神谕","対象：使用者　効果：経験値・職業経験値・ゴールド2倍
仅限该战斗，获得的经验值・职业经验值和金币翻倍"
"88","闇の賭博師","2","技能","1996","ポーカー","オラクル","効果：ランダム
ポーカーの役によって効果が変わるランダム技","0","0","2","","36","暗之赌徒","扑克","神谕","効果：ランダム
根据扑克的牌型效果变化的随机技能"
"88","闇の賭博師","3","能力","280","器用さ30%アップ","職技アビリティ","器用さが30%アップする","","","","7","2","暗之赌徒","灵巧提升30%","职技能力","灵巧提升30%"
"88","闇の賭博師","4","技能","1988","ジャックポット","オラクル","威力：可変（器）　対象：敵単体
威力がランダムで激変するギャンブラーの一撃","0","0","3","","36","暗之赌徒","累积奖池","神谕","威力：可変（器）　対象：敵単体
威力随机剧烈变化的赌徒一击"
"88","闇の賭博師","5","能力","412","「オラクル」使用可能","職技アビリティ","「オラクル」が使用可能になる","","","","5","2","暗之赌徒","可以使用「神谕」","职技能力","可以使用「神谕」"
"88","闇の賭博師","6","技能","1991","死のルーレット","オラクル","対象：敵味方ランダム単体　効果：即死
ルーレットを回し、敵味方全体の一人を即死させる","0","0","2","","36","暗之赌徒","死亡轮盘","神谕","対象：敵味方ランダム単体　効果：即死
转动轮盘，随机选择敌我全体中的一人使其即死"
"88","闇の賭博師","7","能力","292","ファイナルチャンス","職技アビリティ","戦闘不能時、レアアイテムを入手","","","","20","2","暗之赌徒","最终机会","职技能力","战斗不能时，获得稀有物品"
"88","闇の賭博師","8","技能","2013","闇アイテムスロット","オラクル","効果：アイテム取得
ランダムでアイテムを取得する","0","100","15","","36","暗之赌徒","黑暗物品老虎机","神谕","効果：アイテム取得
随机获得物品"
"88","闇の賭博師","9","能力","763","アイテムドロップ率3倍","特殊アビリティ","敵がアイテムを落とす確率が3倍になる","","","","15","5","暗之赌徒","物品掉落率3倍","特殊能力","敌人掉落物品的概率变为3倍"
"88","闇の賭博師","10","技能","1990","闇の罰ゲーム","オラクル","威力：可変　対象：敵全体or味方全体
敵全体か味方全体かどちらかに瀕死ダメージを与える","0","0","2","","36","暗之赌徒","暗之惩罚游戏","神谕","威力：可変　対象：敵全体or味方全体
对全体敌人或我方全体造成濒死伤害"
"88","闇の賭博師","10","能力","8486","カードマスタリー","特殊アビリティ","カードの装備効果が上昇する","","","","10","5","暗之赌徒","卡牌精通","特殊能力","卡牌的装备效果提升"
"89","カードバトラー","2","技能","1997","アタックドロー","オラクル","効果：ランダム
デッキからアタックカードをドローするランダム技","0","0","0","","36","卡牌战士","攻击抽牌","神谕","効果：ランダム
从牌组中抽取攻击卡的随机技能"
"89","カードバトラー","3","能力","550","精神力20%アップ","防御アビリティ","精神力が20%アップする","","","","5","4","卡牌战士","精神力提升20%","防御能力","精神力提升20%"
"89","カードバトラー","4","技能","1986","スラッシュカード","オラクル","威力：Ｃ（器）　対象：敵単体
カードのエッジで敵を斬りつける技","0","0","3","","36","卡牌战士","切割卡牌","神谕","威力：Ｃ（器）　対象：敵単体
用卡牌的边缘斩击敌人"
"89","カードバトラー","5","技能","1998","ヒールドロー","オラクル","効果：ランダム
デッキからヒールカードをドローするランダム技","0","0","0","","36","卡牌战士","治愈抽牌","神谕","効果：ランダム
从牌组中抽取治愈卡的随机技能"
"89","カードバトラー","6","能力","683","スタン回避","防御アビリティ","スタン状態を50%の確率で無効化する","","","","2","4","卡牌战士","眩晕回避","防御能力","眩晕状态50%的概率无效化"
"89","カードバトラー","7","能力","404","「カード」装備可能","職技アビリティ","「カード」が装備可能になる","","","","5","2","卡牌战士","可以装备「卡牌」","职技能力","变得可以装备「卡牌」"
"89","カードバトラー","8","技能","1999","サポートドロー","オラクル","効果：ランダム
デッキからサポートカードをドローするランダム技","0","0","0","","36","卡牌战士","支援抽牌","神谕","効果：ランダム
从牌组中抽取支援卡的随机技能"
"89","カードバトラー","9","能力","388","カードブースター","職技アビリティ","カード装備時、その武器によるダメージが15%アップする","","","","10","2","卡牌战士","卡牌增强","职技能力","装备卡牌时，该武器造成的伤害提升15%"
"89","カードバトラー","10","能力","423","デュエル魂","職技アビリティ","「オラクル」しか使用できないが、二回連続発動","","","","5","2","卡牌战士","决斗之魂","职技能力","只能使用「神谕」，但可以连续发动两次"
"90","カードサマナー","2","技能","2000","下級ドロー","オラクル","効果：ランダム
デッキから下級召喚カードをドローするランダム技","0","0","0","","36","卡牌召唤师","下级抽牌","神谕","効果：ランダム
从卡组中抽取下级召唤卡的随机技能"
"90","カードサマナー","3","能力","551","精神力30%アップ","防御アビリティ","精神力が30%アップする","","","","7","4","卡牌召唤师","精神力提升30%","防御能力","精神力提升30%"
"90","カードサマナー","4","技能","1987","ミリオンカード","オラクル","威力：Ａ（器）　対象：敵ランダム4回
敵にカードを乱舞させる技","0","0","5","","36","卡牌召唤师","百万卡牌","神谕","威力：Ａ（器）　対象：敵ランダム4回
向敌人乱舞卡牌"
"90","カードサマナー","5","技能","1992","ランダマイザ","オラクル","対象：敵全体　効果：ランダム状態異常
敵全体にランダムの状態異常を引き起こす","0","0","4","","36","卡牌召唤师","随机发生器","神谕","対象：敵全体　効果：ランダム状態異常
对全体敌人随机引发状态异常"
"90","カードサマナー","6","能力","684","スタン無効","防御アビリティ","スタン状態を完全に無効化する","","","","4","4","卡牌召唤师","眩晕无效","防御能力","完全无效眩晕状态"
"90","カードサマナー","7","能力","412","「オラクル」使用可能","職技アビリティ","「オラクル」が使用可能になる","","","","5","2","卡牌召唤师","可以使用「神谕」","职技能力","可以使用「神谕」"
"90","カードサマナー","8","技能","2001","上級ドロー","オラクル","効果：ランダム
デッキから上級召喚カードをドローするランダム技","0","0","2","","36","卡牌召唤师","上级抽牌","神谕","効果：ランダム
从卡组中抽取上级召唤卡的随机技能"
"90","カードサマナー","9","能力","389","カードハイブースター","職技アビリティ","カード装備時、その武器によるダメージが30%アップする","","","","20","2","卡牌召唤师","卡牌高级增强","职技能力","装备卡牌时，该武器造成的伤害提升30%"
"90","カードサマナー","10","技能","2010","ずっと俺のターン","オラクル","対象：使用者　効果：5回行動・オラクルのみ
オラクルのみしか使えないが、5回行動が可能","0","0","10","","36","卡牌召唤师","一直都是我的回合","神谕","対象：使用者　効果：5回行動・オラクルのみ
只能使用神谕，但可以行动5次"
"90","カードサマナー","10","能力","8486","カードマスタリー","特殊アビリティ","カードの装備効果が上昇する","","","","10","5","卡牌召唤师","卡牌精通","特殊能力","卡牌的装备效果提升"
"91","ゴッドファーザー","2","技能","1361","報復","銃技","威力：可変　対象：敵単体
使用者の体力が少ないほど威力が高くなる銃技","0","0","3","","19","教父","报复","铳技","威力：可変　対象：敵単体
使用者体力越少威力越高的铳技"
"91","ゴッドファーザー","3","能力","796","エンカウントなし","特殊アビリティ","敵と遭遇しなくなる（特殊な敵は除く）","","","","2","5","教父","无遭遇","特殊能力","敵と遭遇しなくなる（特殊な敵は除く）"
"91","ゴッドファーザー","4","技能","1362","仁義","銃技","威力：可変（器）　対象：敵単体
味方の戦闘不能者が多いほど威力が高くなる銃技","0","0","3","","19","教父","仁义","铳技","威力：可変（器）　対象：敵単体
同伴战斗不能者越多威力越高的铳技"
"91","ゴッドファーザー","5","技能","1364","制裁","銃技","威力：可変　対象：味方単体
味方を銃撃し、瀕死に追い込む容赦のない技","0","0","1","","19","教父","制裁","铳技","威力：可変　対象：味方単体
对同伴进行枪击，毫不留情的技能"
"91","ゴッドファーザー","6","能力","107","リベンジアタック","戦技アビリティ","戦闘不能になっている味方の数だけ通常攻撃の威力が増す","","","","4","1","教父","复仇攻击","战技能力","战斗不能的队友数量越多，普通攻击威力越大"
"91","ゴッドファーザー","7","技能","1363","暗殺","銃技","威力：Ｂ（器）　対象：敵単体　効果：即死
敵一体の急所に弾丸を撃ち込み、即死させる","0","0","4","","19","教父","暗杀","铳技","威力：Ｂ（器）　対象：敵単体　効果：即死
对敌人一击致命的子弹"
"91","ゴッドファーザー","8","技能","1365","粛正","銃技","対象：味方単体　効果：即死
味方単体を即死させる冷徹な銃撃","0","0","2","","19","教父","肃正","铳技","対象：味方単体　効果：即死
对同伴一击致命的冷酷枪击"
"91","ゴッドファーザー","9","能力","157","通常攻撃ミニブースター","戦技アビリティ","通常攻撃のダメージが1段階アップする","","","","5","1","教父","普通攻击小增强","战技能力","普通攻击伤害提升1级"
"91","ゴッドファーザー","10","技能","1366","悪の華","銃技","威力：可変　対象：敵全体
使用者が傷付き、味方が倒れるほど威力が高くなる銃技","0","0","6","","19","教父","恶之华","铳技","威力：可変　対象：敵全体
使用者受伤，同伴倒下越多威力越高的铳技"
"92","遊び人","2","能力","795","エンカウント半分","特殊アビリティ","敵と遭遇する確率が半分になる","","","","1","5","游人","遭遇率减半","特殊能力","敌人遭遇率减半"
"92","遊び人","2","能力","797","エンカウント2倍","特殊アビリティ","敵と遭遇する確率が2倍になる","","","","1","5","游人","遭遇率加倍","特殊能力","敌人遭遇率加倍"
"92","遊び人","3","能力","554","回避率10%","防御アビリティ","物理回避率が10%になる","","","","5","4","游人","回避率10%","防御能力","物理回避率增加10%"
"92","遊び人","4","技能","3147","ぱふぱふ","特技","対象：敵単体　効果：使用キャラ依存
おっぱいで相手の頭を挟み込むが、効果は使用キャラ次第","0","0","1","","63","游人","啪呼啪呼","特技","対象：敵単体　効果：使用キャラ依存
用胸部夹住对方的头，但效果取决于使用角色"
"92","遊び人","5","能力","559","魔法回避率10%","防御アビリティ","魔法回避率が10%になる","","","","5","4","游人","魔法回避率10%","防御能力","魔法回避率增加10%"
"92","遊び人","6","技能","2032","誘う踊り","踊る","対象：敵単体　効果：スタン
つられて踊りたくなる舞いで敵をスタンさせる","0","0","1","","37","游人","诱人之舞","踊る","対象：敵単体　効果：スタン
让人不由自主想跳舞的舞蹈，使敌人眩晕"
"92","遊び人","7","能力","806","遊び好き","特殊アビリティ","獲得経験値が1.5倍になるが、戦闘中勝手に遊ぶ事がある","","","","1","5","游人","爱玩","特殊能力","獲得経験値が1.5倍になるが、戦闘中勝手に遊ぶ事がある"
"92","遊び人","8","技能","2102","ラッキーソング","歌う","対象：味方全体　効果：獲得経験値・職業経験値2倍
幸福の歌で戦闘経験が倍になる","0","0","3","","38","游人","幸运之歌","歌唱","対象：味方全体　効果：獲得経験値・職業経験値2倍
幸福的歌声让战斗经验翻倍"
"92","遊び人","9","能力","798","エンカウント5倍","特殊アビリティ","敵と遭遇する確率が5倍になる","","","","2","5","游人","遭遇率五倍","特殊能力","敌人遭遇率五倍"
"92","遊び人","10","技能","3148","破廉恥盗み","特技","対象：敵単体　効果：盗む
相手の下着を盗む破廉恥極まりない技","0","0","2","","63","游人","无耻偷窃","特技","対象：敵単体　効果：盗む
偷窃对方内衣的无耻至极的技能"
"93","踊り子","2","技能","2033","不思議な踊り","踊る","威力：Ｅ（器・魔）　対象：敵単体　効果：MP吸収
魔力のこもった舞いで敵のMPを吸い取る","0","0","1","","37","舞者","不可思议之舞","踊る","威力：Ｅ（器・魔）　対象：敵単体　効果：MP吸収
充满魔力的舞蹈，吸取敌人的MP"
"93","踊り子","2","技能","2051","鼓舞の踊り","踊る","対象：味方全体　効果：力・素早さアップ
味方を鼓舞する踊りで攻撃力と素早さを高める","0","0","5","","37","舞者","鼓舞之舞","踊る","対象：味方全体　効果：力・素早さアップ
鼓舞队友的舞蹈，提升攻击力和敏捷"
"93","踊り子","3","能力","555","回避率20%","防御アビリティ","物理回避率が20%になる","","","","10","4","舞者","回避率20%","防御能力","物理回避率增加20%"
"93","踊り子","4","技能","2035","セクシーダンス","踊る","対象：敵全体　効果：敏感・恍惚
セクシーな舞いで敵を興奮させる","0","0","2","","37","舞者","性感之舞","踊る","対象：敵全体　効果：敏感・恍惚
性感的舞蹈，使敌人兴奋"
"93","踊り子","5","能力","733","アピール","特殊アビリティ","戦闘時、敵に狙われる確率が上がる","","","","1","5","舞者","吸引","特殊能力","战斗时，被敌人盯上的概率提高"
"93","踊り子","6","技能","1311","真空扇","扇技","威力：Ｃ（器・速）　対象：敵単体　属性：風
扇で真空を伴う斬撃を繰り出す技","0","0","4","","18","舞者","真空扇","扇技","威力：Ｃ（器・速）　対象：敵単体　属性：風
扇引发真空斩击的技能"
"93","踊り子","7","能力","227","「扇」装備可能","戦技アビリティ","「扇」が装備可能になる","","","","5","1","舞者","可以装备「扇」","战技能力","变得可以装备「扇」"
"93","踊り子","8","技能","2036","呪いの踊り","踊る","対象：敵全体　効果：毒・暗闇・沈黙
呪いを込めた舞いで敵を状態異常にする","0","0","2","","37","舞者","诅咒之舞","踊る","対象：敵全体　効果：毒・暗闇・沈黙
注入诅咒的舞蹈使敌人陷入异常状态"
"93","踊り子","9","能力","205","扇ブースター","戦技アビリティ","扇装備時、その武器によるダメージが15%アップする","","","","10","1","舞者","扇增强","战技能力","装备扇时，该武器造成的伤害提升15%"
"93","踊り子","10","技能","2042","死の踊り","踊る","対象：敵全体　効果：即死
死の舞いで敵全体の息の根を止める","0","0","5","","37","舞者","死之舞","踊る","対象：敵全体　効果：即死
死亡之舞使全体敌人停止呼吸"
"94","戦巫女","2","技能","2024","剣の舞い","踊る","威力：Ａ（器）　対象：敵ランダム4回
剣を携えて舞い踊り、無数の斬撃を繰り出す","0","0","7","","37","战巫女","剑之舞","踊る","威力：Ａ（器）　対象：敵ランダム4回
手持剑跳舞，释放无数斩击"
"94","戦巫女","3","能力","556","回避率30%","防御アビリティ","物理回避率が30%になる","","","","15","4","战巫女","回避率30%","防御能力","物理回避率增加30%"
"94","戦巫女","4","能力","241","「扇技」使用可能","戦技アビリティ","「扇技」が使用可能になる","","","","5","1","战巫女","「扇技」使用可能","战技能力","可以使用「扇技」"
"94","戦巫女","5","能力","734","超アピール","特殊アビリティ","戦闘時、敵に狙われる確率が大きく上がる","","","","3","5","战巫女","超吸引","特殊能力","战斗时，被敌人盯上的概率大幅提高"
"94","戦巫女","6","技能","1328","落葉の舞い","扇技","威力：Ａ（器・速）　対象：敵単体　効果：睡眠
空に舞う葉を斬るが如く、奥義で華麗に敵を刻む奥義","0","0","7","","18","战巫女","落叶之舞","扇技","威力：Ａ（器・速）　対象：敵単体　効果：睡眠
如斩空中飞舞的叶子般，华丽地切割敌人的奥义"
"94","戦巫女","7","能力","413","「踊る」使用可能","職技アビリティ","「踊る」が使用可能になる","","","","5","2","战巫女","可以使用「舞蹈」","职技能力","可以使用「舞蹈」"
"94","戦巫女","8","技能","2050","生贄の舞い","踊る","対象：味方全体　効果：HP全回復・完全蘇生
自身を生け贄に捧げる舞いで味方を全回復・蘇生する","0","0","0","","37","战巫女","祭品之舞","踊る","対象：味方全体　効果：HP全回復・完全蘇生
以自身为祭品的舞蹈，为队友进行全回复和复活"
"94","戦巫女","9","能力","206","扇ハイブースター","戦技アビリティ","扇装備時、その武器によるダメージが30%アップする","","","","20","1","战巫女","扇高级增强","战技能力","装备扇时，该武器造成的伤害提升30%"
"94","戦巫女","10","技能","2025","鳴神招雷","踊る","威力：Ａ（器）　対象：敵全体　属性：雷
神の雷を招来する舞いで、敵に裁きを与える","0","10","4","","37","战巫女","鸣神招雷","踊る","威力：Ａ（器）　対象：敵全体　属性：雷
召唤神雷的舞蹈，对敌人施以裁决"
"94","戦巫女","10","能力","8478","扇マスタリー","特殊アビリティ","扇の装備効果が上昇する","","","","10","5","战巫女","扇精通","特殊能力","扇的装备效果提升"
"95","吟遊詩人","2","技能","2086","生命の歌","歌う","対象：味方全体　効果：ターンHP小回復
生命力を促進させる歌でターンごとにHPを回復する","0","0","2","","38","吟游诗人","生命之歌","歌唱","対象：味方全体　効果：ターンHP小回復
促进生命力的歌，每回合恢复HP"
"95","吟遊詩人","3","能力","560","魔法回避率20%","防御アビリティ","魔法回避率が20%になる","","","","10","4","吟游诗人","魔法回避率20%","防御能力","魔法回避率增加20%"
"95","吟遊詩人","4","技能","2090","守勢の歌","歌う","対象：味方全体　効果：防御力・魔法防御力アップ
落ち着いた歌で味方全体の防御性能を高める","0","0","5","","38","吟游诗人","守势之歌","歌唱","対象：味方全体　効果：防御力・魔法防御力アップ
用平静的歌提升我方全体的防御性能"
"95","吟遊詩人","5","能力","735","ハインド","特殊アビリティ","戦闘時、敵に狙われる確率が下がる","","","","1","5","吟游诗人","隐蔽","特殊能力","战斗时，被敌人盯上的概率降低"
"95","吟遊詩人","6","技能","2087","活力の歌","歌う","対象：味方全体　効果：ターンSP小回復
活力を促進させる歌でターンごとにSPを回復する","0","0","2","","38","吟游诗人","活力之歌","歌唱","対象：味方全体　効果：ターンSP小回復
促进活力的歌，每回合恢复SP"
"95","吟遊詩人","7","能力","400","「竪琴」装備可能","職技アビリティ","「竪琴」が装備可能になる","","","","5","2","吟游诗人","可以装备「竖琴」","职技能力","变得可以装备「竖琴」"
"95","吟遊詩人","8","技能","2089","攻勢の歌","歌う","対象：味方全体　効果：攻撃力・魔力アップ
華々しい歌で味方全体の闘争心を高める","0","0","5","","38","吟游诗人","攻势之歌","歌唱","対象：味方全体　効果：攻撃力・魔力アップ
用华丽的歌提升我方全体的斗志"
"95","吟遊詩人","9","能力","376","竪琴ブースター","職技アビリティ","竪琴装備時、その武器によるダメージが15%アップする","","","","10","2","吟游诗人","竖琴增强","职技能力","装备竖琴时，该武器造成的伤害提升15%"
"95","吟遊詩人","10","技能","2088","魔力の歌","歌う","対象：味方全体　効果：ターンMP小回復
魔力を促進させる歌でターンごとにMPを回復する","0","0","2","","38","吟游诗人","魔力之歌","歌唱","対象：味方全体　効果：ターンMP小回復
促进魔力的歌，每回合恢复MP"
"96","神唱の歌姫","2","技能","2092","空蝉の歌","歌う","対象：味方全体　効果：回避率大アップ
不思議な歌で分身を生み出し、回避率をアップさせる","0","0","4","","38","神唱的歌姬","空蝉之歌","歌唱","対象：味方全体　効果：回避率大アップ
用神奇的歌声产生分身，提高回避率"
"96","神唱の歌姫","3","能力","561","魔法回避率30%","防御アビリティ","魔法回避率が30%になる","","","","15","4","神唱的歌姬","魔法回避率30%","防御能力","魔法回避率增加30%"
"96","神唱の歌姫","4","技能","2079","愛の歌","歌う","対象：敵全体　効果：恍惚
甘いメロディーで敵全体を恍惚に浸らせる","0","0","2","","38","神唱的歌姬","爱之歌","歌唱","対象：敵全体　効果：恍惚
甜美的旋律使全体敌人陷入恍惚"
"96","神唱の歌姫","5","能力","736","超ハインド","特殊アビリティ","戦闘時、敵に狙われる確率が大きく下がる","","","","3","5","神唱的歌姬","超级隐蔽","特殊能力","战斗时，被敌人盯上的概率大幅降低"
"96","神唱の歌姫","6","技能","2075","レクイエム","歌う","威力：Ｃ（器）　対象：敵全体　属性：音波　効果：ゾンビ・幽霊特攻
死者に捧げる鎮魂歌でアンデッドにダメージを与える","0","0","4","","38","神唱的歌姬","镇魂曲","歌唱","威力：Ｃ（器）　対象：敵全体　属性：音波　効果：ゾンビ・幽霊特攻
献给死者的镇魂曲，对不死族造成伤害"
"96","神唱の歌姫","7","能力","414","「歌う」使用可能","職技アビリティ","「歌う」が使用可能になる","","","","5","2","神唱的歌姬","可以使用「歌唱」","职技能力","可以使用「歌唱」"
"96","神唱の歌姫","8","技能","2091","英雄の歌","歌う","対象：味方全体　効果：全能力アップ
勇ましい歌で味方全体の潜在能力を引き出す","0","0","8","","38","神唱的歌姬","英雄之歌","歌唱","対象：味方全体　効果：全能力アップ
用勇猛的歌激发我方全体的潜在能力"
"96","神唱の歌姫","9","能力","377","竪琴ハイブースター","職技アビリティ","竪琴装備時、その武器によるダメージが30%アップする","","","","20","2","神唱的歌姬","竖琴高级增强","职技能力","装备竖琴时，该武器造成的伤害提升30%"
"96","神唱の歌姫","10","技能","2085","精霊の歌","歌う","対象：味方全体　効果：蘇生
精霊に捧げる歌で戦闘不能の仲間を蘇生させる","0","0","3","","38","神唱的歌姬","精灵之歌","歌唱","対象：味方全体　効果：蘇生
献给精灵的歌，使战斗不能的同伴复活"
"96","神唱の歌姫","10","能力","8472","竪琴マスタリー","特殊アビリティ","竪琴の装備効果が上昇する","","","","10","5","神唱的歌姬","竖琴精通","特殊能力","竖琴的装备效果提升"
"97","娼婦","2","技能","2460","手淫","淫技","威力：Ｃ（器）　対象：敵単体　属性：快楽　効果：敏感
手で性器を愛撫する淫技","0","0","4","","49","娼妇","手淫","淫技","威力：Ｃ（器）　対象：敵単体　属性：快楽　効果：敏感
用手爱抚性器的淫技"
"97","娼婦","3","能力","687","敏感回避","防御アビリティ","敏感状態を50%の確率で無効化する","","","","2","4","娼妇","敏感回避","防御能力","敏感状态50%的概率无效化"
"97","娼婦","4","技能","2465","口淫","淫技","威力：Ｃ（器）　対象：敵単体　属性：快楽　効果：ヌルヌル
性器を口で愛撫する淫技","0","0","4","","49","娼妇","口淫","淫技","威力：Ｃ（器）　対象：敵単体　属性：快楽　効果：ヌルヌル
用口爱抚性器的淫技"
"97","娼婦","5","能力","689","恍惚回避","防御アビリティ","恍惚状態を50%の確率で無効化する","","","","2","4","娼妇","恍惚回避","防御能力","恍惚状态50%的概率无效化"
"97","娼婦","6","技能","2468","パイズリ","淫技","威力：Ｃ（器）　対象：敵単体　属性：快楽　効果：恍惚
柔らかな胸で相手の性器を刺激する性技","0","0","4","","49","娼妇","乳交","淫技","威力：Ｃ（器）　対象：敵単体　属性：快楽　効果：恍惚
用柔软的胸部刺激对方的性器"
"97","娼婦","7","能力","364","物理攻撃敏感付加10%","職技アビリティ","物理攻撃に10%の敏感効果が付加する","","","","10","2","娼妇","物理攻击敏感附加10%","职技能力","物理攻击附加10%的敏感效果"
"97","娼婦","8","能力","367","物理攻撃恍惚付加10%","職技アビリティ","物理攻撃に10%の恍惚効果が付加する","","","","10","2","娼妇","物理攻击恍惚附加10%","职技能力","物理攻击附加10%的恍惚效果"
"97","娼婦","9","能力","394","淫具ブースター","職技アビリティ","淫具装備時、その武器によるダメージが15%アップする","","","","10","2","娼妇","淫具增强","职技能力","装备淫具时，该武器造成的伤害提升15%"
"97","娼婦","10","技能","2471","騎乗位","淫技","威力：Ｂ（器）　対象：敵単体　属性：快楽　効果：拘束
相手にまたがり騎乗位で敵を犯す淫技","0","0","5","","49","娼妇","骑乘位","淫技","威力：Ｂ（器）　対象：敵単体　属性：快楽　効果：拘束
跨坐在对手身上，骑乘位侵犯敌人的淫技"
"98","慈愛の聖娼","2","技能","2461","恍惚の指使い","淫技","威力：Ｂ（器）　対象：敵全体　属性：快楽　効果：敏感・恍惚
艶めかしい指使いで性器をなぞり恍惚に浸らせる淫技","0","0","7","","49","慈爱的圣娼","恍惚的指法","淫技","威力：Ｂ（器）　対象：敵全体　属性：快楽　効果：敏感・恍惚
用艳丽的手法抚摸性器，使其陷入恍惚的淫技"
"98","慈愛の聖娼","3","能力","406","「淫具」装備可能","職技アビリティ","「淫具」が装備可能になる","","","","5","2","慈爱的圣娼","可以装备「淫具」","职技能力","变得可以装备「淫具」"
"98","慈愛の聖娼","4","技能","2466","至福の口淫","淫技","威力：Ａ（器）　対象：敵ランダム4回　属性：快楽　効果：ヌルヌル
甘い快楽を与える事を目的とした艶めかしい口淫","0","0","7","","49","慈爱的圣娼","至福的口交","淫技","威力：Ａ（器）　対象：敵ランダム4回　属性：快楽　効果：ヌルヌル
以给予甜美快乐为目的的艳丽口交"
"98","慈愛の聖娼","5","能力","688","敏感無効","防御アビリティ","敏感状態を完全に無効化する","","","","4","4","慈爱的圣娼","敏感无效","防御能力","完全消除敏感状态"
"98","慈愛の聖娼","6","技能","2476","ヘブンズキッス","淫技","威力：Ｂ（器）　対象：敵ランダム3回　属性：快楽　効果：敏感・昇天
天国のキッスで昇天させる淫技","0","0","7","","49","慈爱的圣娼","天堂之吻","淫技","威力：Ｂ（器）　対象：敵ランダム3回　属性：快楽　効果：敏感・昇天
用天堂之吻使其升天的淫技"
"98","慈愛の聖娼","7","能力","365","物理攻撃敏感付加25%","職技アビリティ","物理攻撃に25%の敏感効果が付加する","","","","20","2","慈爱的圣娼","物理攻击敏感附加25%","职技能力","物理攻击附加25%的敏感效果"
"98","慈愛の聖娼","8","技能","2469","慈愛の乳圧","淫技","威力：Ａ（器）　対象：敵全体　属性：快楽　効果：恍惚
性器を乳房で圧迫し慈愛に浸らせる淫技","0","0","8","","49","慈爱的圣娼","慈爱的乳压","淫技","威力：Ａ（器）　対象：敵全体　属性：快楽　効果：恍惚
用乳房压迫性器，使其沉浸在慈爱中的淫技"
"98","慈愛の聖娼","9","能力","395","淫具ハイブースター","職技アビリティ","淫具装備時、その武器によるダメージが30%アップする","","","","20","2","慈爱的圣娼","淫具高级增强","职技能力","装备淫具时，该武器造成的伤害提升30%"
"98","慈愛の聖娼","10","技能","2472","天上のカーマストラ","淫技","威力：Ｓ（器）　対象：敵単体　属性：快楽　効果：拘束
相手に天上の快楽を与える騎乗位奥義","0","0","9","","49","慈爱的圣娼","天上的爱经","淫技","威力：Ｓ（器）　対象：敵単体　属性：快楽　効果：拘束
给予对手天上快乐的骑乘位奥义"
"98","慈愛の聖娼","10","能力","8494","淫具マスタリー","特殊アビリティ","淫具の装備効果が上昇する","","","","10","5","慈爱的圣娼","淫具精通","特殊能力","淫具的装备效果提升"
"99","傾国の魔娼","2","技能","2462","昇天の指使い","淫技","威力：Ｂ（器）　対象：敵全体　属性：快楽　効果：敏感・絶頂
艶めかしい指使いで性器をなぞり昇天させる淫技","0","0","7","","49","倾国的魔娼","升天的指法","淫技","威力：Ｂ（器）　対象：敵全体　属性：快楽　効果：敏感・絶頂
用艳丽的手法抚摸性器，使其升天的淫技"
"99","傾国の魔娼","3","能力","422","「淫技」使用可能","職技アビリティ","「淫技」が使用可能になる","","","","5","2","倾国的魔娼","可以使用「淫技」","职技能力","可以使用「淫技」"
"99","傾国の魔娼","4","技能","2467","種吸いの口淫","淫技","威力：Ａ（器）　対象：敵ランダム4回　属性：快楽　効果：ヌルヌル
射精させる事を目的とした無慈悲な口淫","0","0","7","","49","倾国的魔娼","吸精的口交","淫技","威力：Ａ（器）　対象：敵ランダム4回　属性：快楽　効果：ヌルヌル
以射精为目的的无情口交"
"99","傾国の魔娼","5","能力","690","恍惚無効","防御アビリティ","恍惚状態を完全に無効化する","","","","4","4","倾国的魔娼","恍惚无效","防御能力","完全消除恍惚状态"
"99","傾国の魔娼","6","技能","2477","デスキッス","淫技","威力：Ｂ（器）　対象：敵ランダム3回　属性：快楽　効果：敏感・即死
魔性のキッスで死に誘う淫技","0","0","7","","49","倾国的魔娼","死亡之吻","淫技","威力：Ｂ（器）　対象：敵ランダム3回　属性：快楽　効果：敏感・即死
用魔性之吻诱其死亡的淫技"
"99","傾国の魔娼","7","能力","368","物理攻撃恍惚付加25%","職技アビリティ","物理攻撃に25%の恍惚効果が付加する","","","","20","2","倾国的魔娼","物理攻击恍惚附加25%","职技能力","物理攻击附加25%的恍惚效果"
"99","傾国の魔娼","8","技能","2470","悪夢の胸搾り","淫技","威力：Ａ（器）　対象：敵全体　属性：快楽　効果：恍惚
性器を乳房で圧迫し快楽地獄に悶えさせる淫技","0","0","8","","49","倾国的魔娼","恶梦的胸榨","淫技","威力：Ａ（器）　対象：敵全体　属性：快楽　効果：恍惚
用乳房压迫性器，使其在快乐地狱中挣扎的淫技"
"99","傾国の魔娼","9","能力","395","淫具ハイブースター","職技アビリティ","淫具装備時、その武器によるダメージが30%アップする","","","","20","2","倾国的魔娼","淫具高级增强","职技能力","装备淫具时，该武器造成的伤害提升30%"
"99","傾国の魔娼","10","技能","2473","傾国の夢","淫技","威力：Ｓ（器）　対象：敵単体　属性：快楽　効果：拘束
あらゆる男女を虜にする騎乗位奥義","0","0","9","","49","倾国的魔娼","倾国之梦","淫技","威力：Ｓ（器）　対象：敵単体　属性：快楽　効果：拘束
能俘获所有男女的骑乘位奥义"
"99","傾国の魔娼","10","能力","8494","淫具マスタリー","特殊アビリティ","淫具の装備効果が上昇する","","","","10","5","倾国的魔娼","淫具精通","特殊能力","淫具的装备效果提升"
"100","スーパースター","2","技能","3149","セクシービーム","特技","威力：Ｂ（器）　対象：敵単体　属性：快楽　効果：誘惑
セクシーポーズから放たれる光線で狙い撃ち","0","0","4","","63","超级巨星","性感光束","特技","威力：Ｂ（器）　対象：敵単体　属性：快楽　効果：誘惑
从性感姿势中发射的光线进行狙击"
"100","スーパースター","3","能力","691","誘惑回避","防御アビリティ","誘惑状態を50%の確率で無効化する","","","","2","4","超级巨星","诱惑回避","防御能力","诱惑状态50%的概率无效化"
"100","スーパースター","4","能力","773","踊り状態異常率アップ","特殊アビリティ","踊り使用時のステータス異常発生率がアップする","","","","10","5","超级巨星","舞蹈状态异常率提升","特殊能力","跳舞时状态异常发生率提升"
"100","スーパースター","5","技能","2047","ハッスルダンス","踊る","対象：味方全体　効果：HP中回復
生命力みなぎる踊りで味方全体の体力を回復する","0","0","2","","37","超级巨星","活力之舞","踊る","対象：味方全体　効果：HP中回復
充满生命力的舞蹈，为我方全体恢复体力"
"100","スーパースター","6","能力","774","歌状態異常率アップ","特殊アビリティ","歌使用時のステータス異常発生率がアップする","","","","10","5","超级巨星","歌唱状态异常率提升","特殊能力","唱歌时状态异常发生率提升"
"100","スーパースター","7","技能","2081","キラッ☆","歌う","対象：敵全体　効果：スタン・誘惑
歌姫の輝きで全てのギャラリーを魅了する","0","0","2","","38","超级巨星","闪亮☆","歌唱","対象：敵全体　効果：スタン・誘惑
歌姬的光辉魅惑所有观众"
"100","スーパースター","8","能力","370","物理攻撃誘惑付加10%","職技アビリティ","物理攻撃に10%の誘惑効果が付加する","","","","10","2","超级巨星","物理攻击诱惑附加10%","职技能力","物理攻击附加10%的诱惑效果"
"100","スーパースター","9","技能","3151","ステージタイム","特技","対象：使用者　効果：2回行動・「踊る」「歌う」のみ・SP自動回復
2回行動が可能になるが、「踊る」と「歌う」しか使えない","0","0","3","","63","超级巨星","舞台时间","特技","対象：使用者　効果：2回行動・「踊る」「歌う」のみ・SP自動回復
可以进行2次行动，但只能使用「舞蹈」和「歌唱」"
"100","スーパースター","10","技能","3150","ピンクタイフーン","特技","威力：Ｂ（器）　対象：敵全体　属性：快楽　効果：誘惑
お色気のタイフーンでどんな敵もメロメロに","0","0","6","","63","超级巨星","粉红台风","特技","威力：Ｂ（器）　対象：敵全体　属性：快楽　効果：誘惑
用色气的台风让任何敌人都心醉神迷"
"101","バトルファッカー","2","技能","2463","ゴールドフィンガー","淫技","威力：Ｂ（器）　対象：敵単体　属性：快楽　効果：敏感・失禁
相手を失禁に至らせる黄金の指技","0","0","5","","49","BF斗士","黄金手指","淫技","威力：Ｂ（器）　対象：敵単体　属性：快楽　効果：敏感・失禁
使对方失禁的黄金手指技"
"101","バトルファッカー","3","能力","648","絶頂回避","防御アビリティ","絶頂攻撃を50%の確率で無効化する","","","","2","4","BF斗士","绝顶回避","防御能力","绝顶攻击50%的概率无效化"
"101","バトルファッカー","3","能力","693","失禁回避","防御アビリティ","失禁状態を50%の確率で無効化する","","","","2","4","BF斗士","失禁回避","防御能力","失禁状态50%的概率无效化"
"101","バトルファッカー","4","技能","2478","淫楽絡み締め","淫技","威力：Ｂ（器）　対象：敵単体　属性：快楽　効果：拘束
絡み付くように密着し、柔らかな肉体で締め上げる絞め技","0","0","5","","49","BF斗士","淫乐缠绞","淫技","威力：Ｂ（器）　対象：敵単体　属性：快楽　効果：拘束
像缠绕一样紧密贴合，用柔软的身体收紧的绞杀技"
"101","バトルファッカー","5","能力","373","物理攻撃失禁付加10%","職技アビリティ","物理攻撃に10%の失禁効果が付加する","","","","10","2","BF斗士","物理攻击失禁附加10%","职技能力","物理攻击附加10%的失禁效果"
"101","バトルファッカー","6","技能","2480","股間連続蹴り","淫技","威力：Ｂ（器or速）　対象：敵単体　属性：物理・快楽　効果：麻痺
股間を連続で蹴り付け、麻痺させる技","0","0","5","","49","BF斗士","股间连续踢","淫技","威力：Ｂ（器or速）　対象：敵単体　属性：物理・快楽　効果：麻痺
连续踢击股间，使其麻痹的技"
"101","バトルファッカー","7","能力","594","快楽ダメージ軽減","防御アビリティ","快楽属性のダメージを3/4にする","","","","10","4","BF斗士","快乐伤害减轻","防御能力","快乐属性的伤害降低至3/4"
"101","バトルファッカー","8","技能","2511","悦楽の防護","淫技","対象：使用者　効果：快楽半減
精神を集中し受ける快楽を軽減する","0","0","3","","49","BF斗士","悦乐防护","淫技","対象：使用者　効果：快楽半減
集中精神减轻所受的快乐"
"101","バトルファッカー","9","能力","467","快楽ブースター","魔法アビリティ","快楽属性のダメージが15%アップする","","","","8","3","BF斗士","快乐增强","魔法能力","快乐属性的伤害提升15%"
"101","バトルファッカー","10","技能","2474","秒殺グラインド","淫技","威力：Ａ（器）　対象：敵単体　属性：快楽　効果：拘束・絶頂
激しい腰の動きでたちどころに絶頂させる騎乗位の奥義","0","0","6","","49","BF斗士","秒杀扭臀","淫技","威力：Ａ（器）　対象：敵単体　属性：快楽　効果：拘束・絶頂
用激烈的腰部动作瞬间使其达到高潮的骑乘位奥义"
"102","クィーンファッカー","2","技能","2464","瞬殺の指技","淫技","威力：Ｓ（器）　対象：敵全体　属性：快楽　効果：敏感・絶頂
たちどころに相手を絶頂させる魔性の指技","0","0","12","","49","女王BF","瞬杀的指技","淫技","威力：Ｓ（器）　対象：敵全体　属性：快楽　効果：敏感・絶頂
瞬间使对方达到高潮的魔性手法"
"102","クィーンファッカー","3","能力","649","絶頂無効","防御アビリティ","絶頂攻撃を完全に無効化する","","","","4","4","女王BF","绝顶无效","防御能力","绝顶攻击完全无效化"
"102","クィーンファッカー","3","能力","694","失禁無効","防御アビリティ","失禁状態を完全に無効化する","","","","4","4","女王BF","失禁无效","防御能力","完全消除失禁状态"
"102","クィーンファッカー","4","技能","2475","吸精殺","淫技","威力：ＳＳ（器）　対象：敵単体　属性：快楽　効果：拘束・HP吸収
精気をじわじわと吸い上げる騎乗位の奥義","0","0","14","","49","女王BF","吸精杀","淫技","威力：ＳＳ（器）　対象：敵単体　属性：快楽　効果：拘束・HP吸収
慢慢吸取精气的骑乘位奥义"
"102","クィーンファッカー","5","能力","374","物理攻撃失禁付加25%","職技アビリティ","物理攻撃に25%の失禁効果が付加する","","","","20","2","女王BF","物理攻击失禁附加25%","职技能力","物理攻击附加25%的失禁效果"
"102","クィーンファッカー","6","技能","2481","超速電気アンマ","淫技","威力：Ａ（器or速）　対象：敵単体　属性：物理・快楽　効果：麻痺
相手の股間に足で振動を与え嫐りたてる淫技","0","0","7","","49","女王BF","超速电击按摩","淫技","威力：Ａ（器or速）　対象：敵単体　属性：物理・快楽　効果：麻痺
用脚在对手的股间施加振动，使其感到痛苦的淫技"
"102","クィーンファッカー","7","能力","595","快楽ダメージ半減","防御アビリティ","快楽属性のダメージを半分にする","","","","20","4","女王BF","快乐伤害减半","防御能力","快乐属性的伤害减半"
"102","クィーンファッカー","8","技能","2512","悦楽の遮断","淫技","対象：使用者　効果：快楽無効
精神を集中しいっさいの快楽を遮断する","0","0","6","","49","女王BF","悦乐遮断","淫技","対象：使用者　効果：快楽無効
集中精神完全遮断一切快乐"
"102","クィーンファッカー","9","能力","468","快楽ハイブースター","魔法アビリティ","快楽属性のダメージが30%アップする","","","","16","3","女王BF","快乐高级增强","魔法能力","快乐属性的伤害提升30%"
"102","クィーンファッカー","9","能力","8502","ドレスマスタリー","特殊アビリティ","ドレス・薄着の装備効果が上昇する","","","","5","5","女王BF","礼服精通","特殊能力","礼服・薄衣的装备效果提升"
"102","クィーンファッカー","10","技能","2479","愛と淫欲のドグマ","淫技","威力：ＳＳ（器）　対象：敵全体　属性：快楽　効果：拘束・絶頂
究極の性技とも言われている淫乱奥義","0","0","17","","49","女王BF","爱与淫欲的教义","淫技","威力：ＳＳ（器）　対象：敵全体　属性：快楽　効果：拘束・絶頂
被称为究极性技的淫乱奥义"
"102","クィーンファッカー","10","能力","8494","淫具マスタリー","特殊アビリティ","淫具の装備効果が上昇する","","","","10","5","女王BF","淫具精通","特殊能力","淫具的装备效果提升"
"103","学者","2","技能","2132","燃焼反応","魔導科学","威力：Ｄ（魔or器）　対象：敵全体　属性：炎
科学の力で燃焼反応を起こす","0","0","3","","40","学者","燃烧反应","魔導科学","威力：Ｄ（魔or器）　対象：敵全体　属性：炎
用科学的力量引发燃烧反应"
"103","学者","3","技能","2135","凝結反応","魔導科学","威力：Ｄ（魔or器）　対象：敵全体　属性：氷
科学の力で凝結反応を起こす","0","0","3","","40","学者","凝结反应","魔導科学","威力：Ｄ（魔or器）　対象：敵全体　属性：氷
利用科学的力量引发凝结反应"
"103","学者","4","技能","2138","通電反応","魔導科学","威力：Ｄ（魔or器）　対象：敵全体　属性：雷
科学の力で通電反応を起こす","0","0","3","","40","学者","通电反应","魔導科学","威力：Ｄ（魔or器）　対象：敵全体　属性：雷
利用科学的力量引发通电反应"
"103","学者","5","能力","634","バイオダメージ軽減","防御アビリティ","バイオ属性のダメージを3/4にする","","","","5","4","学者","生化伤害减轻","防御能力","生化属性的伤害降低至3/4"
"103","学者","6","能力","630","音波ダメージ軽減","防御アビリティ","音波属性のダメージを3/4にする","","","","5","4","学者","音波伤害减轻","防御能力","音波属性的伤害降低至3/4"
"103","学者","7","技能","2147","全環境防護","魔導科学","対象：使用者　効果：炎・氷・雷無効
全環境に耐えうる防護装備を着用する","0","0","2","","40","学者","全环境防护","魔導科学","対象：使用者　効果：炎・氷・雷無効
穿上能耐受全环境的防护装备"
"103","学者","8","技能","2152","SP変換","魔導科学","対象：使用者　効果：SP小回復
MPをSPに変換する","0","5","0","","40","学者","SP转换","魔導科学","対象：使用者　効果：SP小回復
将MP转换为SP"
"103","学者","9","技能","2148","対化学防護","魔導科学","対象：使用者　効果：状態異常予防
化学戦に耐えうる防護装備を着用する","0","0","2","","40","学者","化学防护","魔導科学","対象：使用者　効果：状態異常予防
穿上能耐受化学战的防护装备"
"103","学者","10","技能","2149","MP変換","魔導科学","対象：使用者　効果：MP小回復
SPをMPに変換する","0","0","3","","40","学者","MP转换","魔導科学","対象：使用者　効果：MP小回復
将SP转换为MP"
"104","魔導学者","2","技能","2133","超熱輻射","魔導科学","威力：Ｃ（魔or器）　対象：敵全体　属性：炎
科学の力で超熱輻射を起こす","0","0","5","","40","魔导学者","超热辐射","魔導科学","威力：Ｃ（魔or器）　対象：敵全体　属性：炎
利用科学的力量引发超热辐射"
"104","魔導学者","3","技能","2136","電荷相転移","魔導科学","威力：Ｃ（魔or器）　対象：敵全体　属性：氷
科学の力で電荷相転移を起こす","0","0","5","","40","魔导学者","电荷相变","魔導科学","威力：Ｃ（魔or器）　対象：敵全体　属性：氷
利用科学的力量引发电荷相变"
"104","魔導学者","4","技能","2139","真空放電","魔導科学","威力：Ｃ（魔or器）　対象：敵全体　属性：雷
科学の力で真空放電を起こす","0","0","5","","40","魔导学者","真空放电","魔導科学","威力：Ｃ（魔or器）　対象：敵全体　属性：雷
利用科学的力量引发真空放电"
"104","魔導学者","5","能力","631","音波ダメージ半減","防御アビリティ","音波属性のダメージを半分にする","","","","10","4","魔导学者","音波伤害减半","防御能力","音波属性的伤害减半"
"104","魔導学者","5","能力","635","バイオダメージ半減","防御アビリティ","バイオ属性のダメージを半分にする","","","","10","4","魔导学者","生化伤害减半","防御能力","生化属性的伤害减半"
"104","魔導学者","6","能力","137","キメラ特攻","戦技アビリティ","キメラに対して特攻ダメージを与える","","","","12","1","魔导学者","奇美拉特攻","战技能力","对奇美拉造成特攻伤害"
"104","魔導学者","7","技能","2153","超SP変換","魔導科学","対象：使用者　効果：SP中回復
大量のMPをSPに変換する","0","10","0","","40","魔导学者","超SP转换","魔導科学","対象：使用者　効果：SP中回復
将大量MP转换为SP"
"104","魔導学者","8","技能","2150","超MP変換","魔導科学","対象：使用者　効果：MP中回復
大量のSPをMPに変換する","0","0","8","","40","魔导学者","超MP转换","魔導科学","対象：使用者　効果：MP中回復
将大量SP转换为MP"
"104","魔導学者","9","技能","2142","デザインブレイク","魔導科学","威力：Ｂ（魔or器）　対象：敵単体　効果：キメラ特攻
遺伝子操作された特別な魔物を破壊する","0","0","5","","40","魔导学者","设计破坏","魔導科学","威力：Ｂ（魔or器）　対象：敵単体　効果：キメラ特攻
破坏经过基因操作的特殊魔物"
"104","魔導学者","10","技能","2141","沈黙の春","魔導科学","威力：Ｂ（魔or器）　対象：敵全体　属性：バイオ　効果：暗闇・沈黙
特別に生成された化学兵器を使用する","0","0","6","","40","魔导学者","寂静的春天","魔導科学","威力：Ｂ（魔or器）　対象：敵全体　属性：バイオ　効果：暗闇・沈黙
使用特别生成的化学武器"
"105","マスターアルケミスト","2","技能","2134","爆縮","魔導科学","威力：Ａ（魔or器）　対象：敵全体　属性：炎
科学の力で爆縮を起こす","0","0","8","","40","大师炼金术士","内爆","魔導科学","威力：Ａ（魔or器）　対象：敵全体　属性：炎
利用科学的力量引发内爆"
"105","マスターアルケミスト","3","能力","632","音波ダメージ無効","防御アビリティ","音波属性のダメージを無効化する","","","","15","4","大师炼金术士","音波伤害无效","防御能力","音波属性的伤害无效化"
"105","マスターアルケミスト","3","能力","636","バイオダメージ無効","防御アビリティ","バイオ属性のダメージを無効化する","","","","15","4","大师炼金术士","生化伤害无效","防御能力","生化属性的伤害无效化"
"105","マスターアルケミスト","4","技能","2143","IDデストラクション","魔導科学","威力：Ｂ（魔or器）　対象：敵全体　効果：キメラ特攻
遺伝子操作された特別な魔物を抹消する","0","0","6","","40","大师炼金术士","ID破坏","魔導科学","威力：Ｂ（魔or器）　対象：敵全体　効果：キメラ特攻
抹消经过基因操作的特殊魔物"
"105","マスターアルケミスト","5","技能","2137","絶対零度","魔導科学","威力：Ａ（魔or器）　対象：敵全体　属性：氷
科学の力で絶対零度を起こす","0","0","8","","40","大师炼金术士","绝对零度","魔導科学","威力：Ａ（魔or器）　対象：敵全体　属性：氷
利用科学的力量引发绝对零度"
"105","マスターアルケミスト","6","能力","524","「魔導科学」使用可能","魔法アビリティ","「魔導科学」が使用可能になる","","","","5","3","大师炼金术士","可以使用「魔导科学」","魔法能力","可以使用「魔导科学」"
"105","マスターアルケミスト","7","技能","2154","極SP変換","魔導科学","対象：使用者　効果：SP大回復
膨大な量のMPをSPに変換する","0","20","0","","40","大师炼金术士","极SP转换","魔導科学","対象：使用者　効果：SP大回復
将庞大数量的MP转换为SP"
"105","マスターアルケミスト","8","技能","2140","プラズマ","魔導科学","威力：Ａ（魔or器）　対象：敵全体　属性：雷
科学の力でプラズマを起こす","0","0","8","","40","大师炼金术士","等离子","魔導科学","威力：Ａ（魔or器）　対象：敵全体　属性：雷
利用科学的力量引发等离子体"
"105","マスターアルケミスト","9","技能","2151","極MP変換","魔導科学","対象：使用者　効果：MP大回復
膨大な量のSPをMPに変換する","0","0","12","","40","大师炼金术士","极MP转换","魔導科学","対象：使用者　効果：MP大回復
将庞大数量的SP转换为MP"
"105","マスターアルケミスト","10","技能","2146","ニュークリア","魔導科学","威力：Ｓ（魔or器）　対象：敵全体　属性：核熱
科学の力で核融合反応を引き起こす","0","0","11","","40","大师炼金术士","核","魔導科学","威力：Ｓ（魔or器）　対象：敵全体　属性：核熱
用科学的力量引发核融合反应"
"105","マスターアルケミスト","10","能力","8490","魔導書マスタリー","特殊アビリティ","魔導書の装備効果が上昇する","","","","10","5","大师炼金术士","魔导书精通","特殊能力","魔导书的装备效果提升"
"106","錬金術士","2","技能","2157","アル・ポーション","錬金術","対象：味方単体　効果：HP中回復
アル・ポーションを錬成し、体力を回復させる","0","0","0","","41","炼金术士","炼金药水","炼金术","対象：味方単体　効果：HP中回復
炼成炼金药水，恢复体力"
"106","錬金術士","2","技能","2179","英雄の勝鬨","錬金術","対象：味方全体　効果：全能力値アップ
英雄の勝鬨を錬成し、能力を大幅に高める","0","0","0","","41","炼金术士","英雄的欢呼","炼金术","対象：味方全体　効果：全能力値アップ
炼成英雄的欢呼，大幅提升能力"
"106","錬金術士","2","技能","2182","クラッシュドラム","錬金術","対象：味方全体　効果：攻撃必中・絶対会心
クラッシュドラムを錬成し、攻撃能力を高める","0","0","0","","41","炼金术士","粉碎鼓","炼金术","対象：味方全体　効果：攻撃必中・絶対会心
炼成粉碎鼓，提升攻击能力"
"106","錬金術士","2","技能","2185","プラネットライト","錬金術","対象：味方全体　効果：経験値・職業経験値・ゴールド5倍
プラネットライトを錬成し、戦果が大幅にアップ","0","0","0","","41","炼金术士","行星之光","炼金术","対象：味方全体　効果：経験値・職業経験値・ゴールド5倍
炼成行星之光，战斗成果大幅提升"
"106","錬金術士","3","技能","2167","世界樹の枝","錬金術","対象：味方全体　効果：蘇生
世界樹の枝を錬成し、蘇生させる","0","0","0","","41","炼金术士","世界树之枝","炼金术","対象：味方全体　効果：蘇生
炼成世界树之枝，使其复活"
"106","錬金術士","3","技能","2169","炎の剣","錬金術","対象：味方全体　効果：通常攻撃炎属性・炎属性無効
味方全体が炎の剣を装備し、炎の加護を得る","0","0","0","","41","炼金术士","炎之剑","炼金术","対象：味方全体　効果：通常攻撃炎属性・炎属性無効
全体队友装备炎之剑，获得炎的庇护"
"106","錬金術士","3","技能","2170","氷の剣","錬金術","対象：味方全体　効果：通常攻撃氷属性・氷属性無効
味方全体が氷の剣を装備し、氷の加護を得る","0","0","0","","41","炼金术士","冰之剑","炼金术","対象：味方全体　効果：通常攻撃氷属性・氷属性無効
全体队友装备冰之剑，获得冰的庇护"
"106","錬金術士","3","技能","2173","土の剣","錬金術","対象：味方全体　効果：通常攻撃土属性・土属性無効
味方全体が土の剣を装備し、土の加護を得る","0","0","0","","41","炼金术士","土之剑","炼金术","対象：味方全体　効果：通常攻撃土属性・土属性無効
我方全体装备土之剑，获得土之庇护"
"106","錬金術士","4","技能","2160","アル・エーテル","錬金術","対象：味方単体　効果：MP小回復
アル・エーテルを錬成し、MPを回復させる","0","0","0","","41","炼金术士","炼金以太","炼金术","対象：味方単体　効果：MP小回復
炼成炼金以太，恢复MP"
"106","錬金術士","4","技能","2171","雷の剣","錬金術","対象：味方全体　効果：通常攻撃雷属性・雷属性無効
味方全体が雷の剣を装備し、雷の加護を得る","0","0","0","","41","炼金术士","雷之剑","炼金术","対象：味方全体　効果：通常攻撃雷属性・雷属性無効
全体队友装备雷之剑，获得雷的庇护"
"106","錬金術士","4","技能","2172","風の剣","錬金術","対象：味方全体　効果：通常攻撃風属性・風属性無効
味方全体が風の剣を装備し、風の加護を得る","0","0","0","","41","炼金术士","风之剑","炼金术","対象：味方全体　効果：通常攻撃風属性・風属性無効
全体队友装备风之剑，获得风的庇护"
"106","錬金術士","4","技能","2174","水の剣","錬金術","対象：味方全体　効果：通常攻撃水属性・水属性無効
味方全体が水の剣を装備し、水の加護を得る","0","0","0","","41","炼金术士","水之剑","炼金术","対象：味方全体　効果：通常攻撃水属性・水属性無効
我方全体装备水之剑，获得水之庇护"
"106","錬金術士","5","技能","2158","グラン・ポーション","錬金術","対象：味方単体　効果：HP全回復
グラン・ポーションを錬成し、体力を回復させる","0","0","0","","41","炼金术士","大药水","炼金术","対象：味方単体　効果：HP全回復
炼成大药水，恢复体力"
"106","錬金術士","5","技能","2163","アル・ブースト","錬金術","対象：味方単体　効果：SP全回復
アル・ブーストを錬成し、SPを回復させる","0","0","0","","41","炼金术士","炼金能量","炼金术","対象：味方単体　効果：SP全回復
炼成炼金能量，恢复SP"
"106","錬金術士","5","技能","2180","守護天使の兜","錬金術","対象：味方全体　効果：即死・昇天・絶頂無効
守護天使の兜を錬成し、即死系効果を予防する","0","0","0","","41","炼金术士","守护天使之盔","炼金术","対象：味方全体　効果：即死・昇天・絶頂無効
炼成守护天使之盔，预防即死效果"
"106","錬金術士","5","技能","2183","白い太陽","錬金術","対象：味方全体　効果：物理属性吸収
白い太陽を錬成し、物理属性を吸収する","0","0","0","","41","炼金术士","白色的太阳","炼金术","対象：味方全体　効果：物理属性吸収
炼成白色的太阳，吸收物理属性"
"106","錬金術士","5","技能","2186","造られし者の崩壊","錬金術","威力：ＳＳＳ（魔or器）　対象：敵全体　効果：人形・キメラ特攻
造られし者のみに圧倒的な効果がある錬金術の奥義","0","0","0","","41","炼金术士","被造者的崩坏","炼金术","威力：ＳＳＳ（魔or器）　対象：敵全体　効果：人形・キメラ特攻
对被造者有压倒性效果的炼金术奥义"
"106","錬金術士","6","技能","2161","グラン・エーテル","錬金術","対象：味方単体　効果：MP全回復
グラン・エーテルを錬成し、MPを回復させる","0","0","0","","41","炼金术士","大以太","炼金术","対象：味方単体　効果：MP全回復
炼成大以太，恢复MP"
"106","錬金術士","6","技能","2175","聖なる剣","錬金術","対象：味方全体　効果：通常攻撃聖属性・聖属性半減
味方全体が聖なる剣を装備し、聖なる加護を得る","0","0","0","","41","炼金术士","圣之剑","炼金术","対象：味方全体　効果：通常攻撃聖属性・聖属性半減
我方全体装备圣之剑，获得圣之庇护"
"106","錬金術士","6","技能","2176","闇の剣","錬金術","対象：味方全体　効果：通常攻撃闇属性・闇属性半減
味方全体が闇の剣を装備し、闇の加護を得る","0","0","0","","41","炼金术士","暗之剑","炼金术","対象：味方全体　効果：通常攻撃闇属性・闇属性半減
我方全体装备暗之剑，获得暗之庇护"
"106","錬金術士","6","技能","2177","疾風の靴","錬金術","対象：味方全体　効果：回避率大アップ
疾風の靴を錬成し、回避率を大幅に高める","0","0","0","","41","炼金术士","疾风之靴","炼金术","対象：味方全体　効果：回避率大アップ
炼成疾风之靴，大幅提高回避率"
"106","錬金術士","7","技能","2159","最後のポーション","錬金術","対象：味方全体　効果：HP全回復
最後のポーションを錬成し、体力を回復させる","0","0","0","","41","炼金术士","最后的药水","炼金术","対象：味方全体　効果：HP全回復
炼成最后的药水，恢复体力"
"106","錬金術士","7","技能","2164","最後のブースト","錬金術","対象：味方全体　効果：SP全回復
最後のブーストを錬成し、SPを回復させる","0","0","0","","41","炼金术士","最后的能量","炼金术","対象：味方全体　効果：SP全回復
炼成最后的能量，恢复SP"
"106","錬金術士","7","技能","2178","ワンダールビー","錬金術","対象：味方全体　効果：魔法回避率大アップ
ワンダールビーを錬成し、魔法回避率を大幅に高める","0","0","0","","41","炼金术士","奇迹红宝石","炼金术","対象：味方全体　効果：魔法回避率大アップ
炼成奇迹红宝石，大幅提高魔法回避率"
"106","錬金術士","8","技能","2162","最後のエーテル","錬金術","対象：味方全体　効果：MP全回復
最後のエーテルを錬成し、MPを回復させる","0","0","0","","41","炼金术士","最后的以太","炼金术","対象：味方全体　効果：MP全回復
炼成最后的以太，恢复MP"
"106","錬金術士","8","技能","2168","フェニックスソウル","錬金術","対象：味方全体　効果：自動蘇生
フェニックスソウルを錬成し、自動蘇生させる","0","0","0","","41","炼金术士","不死鸟之魂","炼金术","対象：味方全体　効果：自動蘇生
炼成不死鸟之魂，自动复活"
"106","錬金術士","9","技能","2165","万能シャワー","錬金術","対象：味方全体　効果：全状態異常回復
万能シャワーを錬成し、状態異常を回復する","0","0","0","","41","炼金术士","万能淋浴","炼金术","対象：味方全体　効果：全状態異常回復
炼成万能淋浴，恢复异常状态"
"106","錬金術士","9","技能","2181","安堵のドレス","錬金術","対象：味方全体　効果：状態異常予防
安堵のドレスを錬成し、状態異常を予防する","0","0","0","","41","炼金术士","安心的礼服","炼金术","対象：味方全体　効果：状態異常予防
炼成安心的礼服，预防状态异常"
"106","錬金術士","9","技能","2184","月の微笑","錬金術","対象：味方全体　効果：快楽属性吸収
月の微笑を錬成し、快楽属性を吸収する","0","0","0","","41","炼金术士","月亮的微笑","炼金术","対象：味方全体　効果：快楽属性吸収
炼成月亮的微笑，吸收快乐属性"
"106","錬金術士","9","能力","8406","錬金素材自動ゲット","特殊アビリティ","戦闘中、錬金素材をゲットする事がある","","","","10","5","炼金术士","炼金素材自动获取","特殊能力","战斗中，有机会获得炼金素材"
"106","錬金術士","10","技能","2166","シャインオーラ","錬金術","対象：味方全体　効果：HP・MP・SPターン大回復
シャインオーラを錬成し、徐々に体力や気力を回復させる","0","0","0","","41","炼金术士","闪耀光环","炼金术","対象：味方全体　効果：HP・MP・SPターン大回復
炼成闪耀光环，逐渐恢复体力和气力"
"107","錬金宝具士","2","技能","2188","真理の鎧","錬金術","対象：味方全体　効果：炎・氷・雷・風・土・水吸収
真理の鎧を錬成し、六属性を吸収する","0","0","0","","41","炼金宝具士","真理之铠","炼金术","対象：味方全体　効果：炎・氷・雷・風・土・水吸収
炼成真理之铠，吸收六属性"
"107","錬金宝具士","3","技能","2189","巨人のマスク","錬金術","対象：味方全体　効果：最大HP2倍
巨人のマスクを錬成し、一時的に最大HPを増強する","0","0","0","","41","炼金宝具士","巨人的面具","炼金术","対象：味方全体　効果：最大HP2倍
炼成巨人的面具，暂时增强最大HP"
"107","錬金宝具士","4","技能","2190","アテナの腕輪","錬金術","対象：味方全体　効果：武技二連続発動
アテナの腕輪を錬成し、武技スキルを二連続で発動させる","0","0","0","","41","炼金宝具士","雅典娜的手镯","炼金术","対象：味方全体　効果：武技二連続発動
炼成雅典娜的手镯，使武技技能连续发动两次"
"107","錬金宝具士","5","技能","2191","アリスソウル","錬金術","対象：味方全体　効果：魔法二連続発動
アリスソウルを錬成し、魔法スキルを二連続で発動させる","0","0","0","","41","炼金宝具士","爱丽丝之魂","炼金术","対象：味方全体　効果：魔法二連続発動
炼成爱丽丝之魂，使魔法技能连续发动两次"
"107","錬金宝具士","6","技能","2192","ファイナルエリクサー","錬金術","対象：味方全体　効果：HP・MP・SP全回復
ファイナルエリクサーを錬成し、即座に使用する","0","0","0","","41","炼金宝具士","终极圣灵药","炼金术","対象：味方全体　効果：HP・MP・SP全回復
炼成终极圣灵药，立即使用"
"107","錬金宝具士","7","技能","2193","フルイージス","錬金術","対象：味方全体　効果：物理・快楽反射
フルイージスを錬成し、物理と快楽を反射する","0","0","0","","41","炼金宝具士","全防御","炼金术","対象：味方全体　効果：物理・快楽反射
炼成全防御，反射物理和快乐"
"107","錬金宝具士","8","技能","2194","オールトの雲","錬金術","対象：味方全体　効果：万能耐性
オールトの雲を錬成し、万能耐性を高める","0","0","0","","41","炼金宝具士","奥尔特云","炼金术","対象：味方全体　効果：万能耐性
炼成奥尔特云，提高万能耐性"
"107","錬金宝具士","9","能力","525","「錬金術」使用可能","魔法アビリティ","「錬金術」が使用可能になる","","","","5","3","炼金宝具士","可以使用「炼金术」","魔法能力","可以使用「炼金术」"
"107","錬金宝具士","9","技能","2195","ホムンクルス・ロア","錬金術","対象：味方全体　効果：二回行動
ホムンクルス・ロアを錬成し、二回行動が可能になる","0","0","0","","41","炼金宝具士","人造人・洛阿","炼金术","対象：味方全体　効果：二回行動
炼成人造人・洛阿，使两次行动成为可能"
"107","錬金宝具士","10","技能","2196","エクスカリバー","錬金術","対象：使用者　効果：「エクスカリバー」装備
エクスカリバーを錬成し、一撃を放つと同時に装備する","0","0","0","","41","炼金宝具士","断钢剑","炼金术","対象：使用者　効果：「エクスカリバー」装備
炼成断钢剑，放出一击的同时装备"
"107","錬金宝具士","10","能力","8490","魔導書マスタリー","特殊アビリティ","魔導書の装備効果が上昇する","","","","10","5","炼金宝具士","魔导书精通","特殊能力","魔导书的装备效果提升"
"108","魔導司書","2","技能","2200","炎の4ページ","魔本術","威力：Ｃ（魔）　対象：敵全体　属性：炎
魔本の力で業火を発生させる術","0","0","0","","42","魔导司书","炎的4页","魔本术","威力：Ｃ（魔）　対象：敵全体　属性：炎
魔书之力引发业火之术"
"108","魔導司書","3","技能","2201","氷の8ページ","魔本術","威力：Ｃ（魔）　対象：敵全体　属性：氷
魔本の力で敵を凍結させる術","0","0","0","","42","魔导司书","冰的8页","魔本术","威力：Ｃ（魔）　対象：敵全体　属性：氷
魔书之力冻结敌人之术"
"108","魔導司書","4","技能","2202","雷の16ページ","魔本術","威力：Ｃ（魔）　対象：敵全体　属性：雷
魔本の力で落雷を発生させる術","0","0","0","","42","魔导司书","雷的16页","魔本术","威力：Ｃ（魔）　対象：敵全体　属性：雷
魔书之力引发落雷之术"
"108","魔導司書","5","能力","462","魔導コンバーター","魔法アビリティ","魔力と精神力が1.5倍になるが、力と防御力が半分になる","","","","10","3","魔导司书","魔导转换器","魔法能力","魔力と精神力が1.5倍になるが、力と防御力が半分になる"
"108","魔導司書","6","技能","2213","麻痺の12ページ","魔本術","対象：敵全体　効果：麻痺
魔本の力で敵全体を麻痺させる術","0","0","0","","42","魔导司书","麻痹的12页","魔本术","対象：敵全体　効果：麻痺
魔本之力使全体敌人麻痹的术"
"108","魔導司書","7","能力","515","「魔導書」装備可能","魔法アビリティ","「魔導書」が装備可能になる","","","","5","3","魔导司书","可以装备「魔导书」","魔法能力","变得可以装备「魔导书」"
"108","魔導司書","8","技能","2217","癒しの777ページ","魔本術","対象：味方全体　効果：HP大回復
魔本の力で味方全体を癒やす術","0","0","0","","42","魔导司书","治愈的777页","魔本术","対象：味方全体　効果：HP大回復
魔本之力治愈我方全体的术"
"108","魔導司書","9","能力","509","魔導書ブースター","魔法アビリティ","魔導書装備時、その武器によるダメージが15%アップする","","","","10","3","魔导司书","魔导书增强","魔法能力","装备魔导书时，该武器造成的伤害提升15%"
"108","魔導司書","10","技能","2214","服従の24ページ","魔本術","対象：敵全体　効果：誘惑
魔本の力で敵全体を誘惑する術","0","0","0","","42","魔导司书","服从的24页","魔本术","対象：敵全体　効果：誘惑
魔本之力诱惑全体敌人的术"
"109","ロードライブラリー","2","技能","2203","風の32ページ","魔本術","威力：Ａ（魔）　対象：敵全体　属性：風
魔本の力で真空の刃を発生させる術","0","0","0","","42","图书馆领主","风的32页","魔本术","威力：Ａ（魔）　対象：敵全体　属性：風
魔书之力引发真空之刃之术"
"109","ロードライブラリー","3","技能","2220","加護の1001ページ","魔本術","対象：味方全体　効果：全能力アップ
魔本の力で味方全体に加護を与える術","0","0","0","","42","图书馆领主","加护的1001页","魔本术","対象：味方全体　効果：全能力アップ
魔书之力给予友方全体加护之术"
"109","ロードライブラリー","4","技能","2204","土の64ページ","魔本術","威力：Ａ（魔）　対象：敵全体　属性：土
魔本の力で落石を発生させる術","0","0","0","","42","图书馆领主","土的64页","魔本术","威力：Ａ（魔）　対象：敵全体　属性：土
魔书之力引发落石之术"
"109","ロードライブラリー","5","能力","526","「魔本術」使用可能","魔法アビリティ","「魔本術」が使用可能になる","","","","5","3","图书馆领主","可以使用「魔本术」","魔法能力","可以使用「魔本术」"
"109","ロードライブラリー","6","技能","2205","水の128ページ","魔本術","威力：Ａ（魔）　対象：敵全体　属性：水
魔本の力で水撃を発生させる術","0","0","0","","42","图书馆领主","水的128页","魔本术","威力：Ａ（魔）　対象：敵全体　属性：水
魔本之力引发水击之术"
"109","ロードライブラリー","7","能力","463","魔導リフレクト","魔法アビリティ","魔法を反射するが、受ける物理ダメージが2倍になる","","","","6","3","图书馆领主","魔导反射","魔法能力","反射魔法，但受到的物理伤害翻倍"
"109","ロードライブラリー","8","技能","2218","奇跡の888ページ","魔本術","対象：味方全体　効果：HP全回復
魔本の力で味方全体を大きく癒やす術","0","0","0","","42","图书馆领主","奇迹的888页","魔本术","対象：味方全体　効果：HP全回復
魔本之力大大治愈我方全体的术"
"109","ロードライブラリー","9","能力","510","魔導書ハイブースター","魔法アビリティ","魔導書装備時、その武器によるダメージが30%アップする","","","","20","3","图书馆领主","魔导书高级增强","魔法能力","装备魔导书时，该武器造成的伤害增加30%"
"109","ロードライブラリー","10","技能","2212","無の99999ページ","魔本術","威力：ＳＳ（魔）　対象：敵全体　属性：終焉
魔本の力で混沌を導き、終末を到来させる術","0","0","0","","42","图书馆领主","無的99999页","魔本术","威力：ＳＳ（魔）　対象：敵全体　属性：終焉
魔本之力引导混沌，带来终结的术"
"109","ロードライブラリー","10","能力","8490","魔導書マスタリー","特殊アビリティ","魔導書の装備効果が上昇する","","","","10","5","图书馆领主","魔导书精通","特殊能力","魔导书的装备效果提升"
"110","技師","2","技能","2230","オートボウガン","マキナ","威力：Ｅ（器）　対象：敵全体
連続発射機構が組み込まれた機械製ボウガン","0","0","3","","43","技师","自动弩","器械","威力：Ｅ（器）　対象：敵全体
内置连续发射装置的机械弩"
"110","技師","3","能力","278","器用さ10%アップ","職技アビリティ","器用さが10%アップする","","","","3","2","技师","灵巧提升10%","职技能力","灵巧提升10%"
"110","技師","4","技能","2231","バイオブラスト","マキナ","威力：Ｅ（器）　対象：敵全体　属性：バイオ
猛毒のガスを周囲に散布する化学兵器","0","0","2","","43","技师","生化爆破","器械","威力：Ｅ（器）　対象：敵全体　属性：バイオ
释放猛毒气体到周围的化学武器"
"110","技師","5","技能","2232","ブラストボイス","マキナ","威力：Ｅ（器）　対象：敵全体　属性：音波
破壊音波を発生させるマキナ","0","0","2","","43","技师","爆破音波","器械","威力：Ｅ（器）　対象：敵全体　属性：音波
产生破坏声波的器械"
"110","技師","6","技能","2233","デュエルカノン","マキナ","威力：Ｄ（器）　対象：敵単体
徹甲弾を発射する大型キャノン砲","0","0","3","","43","技师","决斗加农炮","器械","威力：Ｄ（器）　対象：敵単体
发射穿甲弹的大型加农炮"
"110","技師","7","技能","2234","オーシャンアンカー","マキナ","威力：Ｅ（器）　対象：敵単体　効果：人魚・海棲種特攻
海棲モンスターに有効なイカリを発射するマキナ","0","0","2","","43","技师","海洋锚","器械","威力：Ｅ（器）　対象：敵単体　効果：人魚・海棲種特攻
对海栖魔物有效的鱼叉发射器械"
"110","技師","8","技能","2235","スティンガー","マキナ","威力：Ｅ（器）　対象：敵単体　効果：鳥特攻
飛翔モンスターに有効な対空ミサイルを発射するマキナ","0","0","2","","43","技师","毒刺","器械","威力：Ｅ（器）　対象：敵単体　効果：鳥特攻
对飞行魔物有效的防空导弹发射器械"
"110","技師","9","技能","2236","火炎放射器","マキナ","威力：Ｄ（器）　対象：敵全体　属性：炎
火炎を発生させ敵全体に放射するマキナ","0","0","4","","43","技师","火焰喷射器","器械","威力：Ｄ（器）　対象：敵全体　属性：炎
产生火焰并向全体敌人喷射的器械"
"110","技師","10","技能","2237","電束放射器","マキナ","威力：Ｄ（器）　対象：敵全体　属性：雷
電気を収束させ敵全体に放射するマキナ","0","0","4","","43","技师","电束发射器","器械","威力：Ｄ（器）　対象：敵全体　属性：雷
将电能集中并向全体敌人放射的器械"
"111","マキナマイスター","2","技能","2238","マシンバルカン","マキナ","威力：Ｃ（器）　対象：敵全体
多銃身の回転機構で弾丸を連続発射する機械兵器","0","0","5","","43","器械工匠","火神机炮","器械","威力：Ｃ（器）　対象：敵全体
多枪管旋转机构连续发射子弹的机械武器"
"111","マキナマイスター","3","能力","279","器用さ20%アップ","職技アビリティ","器用さが20%アップする","","","","5","2","器械工匠","灵巧提升20%","职技能力","灵巧提升20%"
"111","マキナマイスター","4","技能","2239","高周波カッター","マキナ","威力：Ｂ（器）　対象：敵単体3回
刀身から高周波を放つことで切れ味を増した切断兵器","0","0","5","","43","器械工匠","高频切割器","器械","威力：Ｂ（器）　対象：敵単体3回
刀身释放高频波增加切割力的切割武器"
"111","マキナマイスター","5","技能","2240","キルリアンレンジ","マキナ","威力：Ｃ（器）　対象：敵全体　属性：音波　効果：ゴースト特攻
ゴーストに有効な霊的フィールドを発生させるマキナ","0","0","5","","43","器械工匠","基尔里安力场","器械","威力：Ｃ（器）　対象：敵全体　属性：音波　効果：ゴースト特攻
对幽灵有效的灵场发生器械"
"111","マキナマイスター","6","能力","136","ドール特攻","戦技アビリティ","ドールに対して特攻ダメージを与える","","","","12","1","器械工匠","人偶特攻","战技能力","对人偶造成特攻伤害"
"111","マキナマイスター","7","技能","2241","トライパニッシャー","マキナ","威力：Ｃ（器）　対象：敵全体　効果：吸血鬼特攻
ガトリングなどの重火器が仕込まれた十字架型兵装","0","0","5","","43","器械工匠","三重惩罚者","器械","威力：Ｃ（器）　対象：敵全体　効果：吸血鬼特攻
内置加特林等重火器的十字架型装备"
"111","マキナマイスター","8","技能","2242","電磁アーマー","マキナ","対象：使用者　効果：ディフレクト2回
電磁防壁を発生させる防御マキナ","0","0","2","","43","器械工匠","电磁装甲","器械","対象：使用者　効果：ディフレクト2回
产生电磁防壁的防御器械"
"111","マキナマイスター","9","能力","397","マキナブースター","職技アビリティ","「マキナ」によるダメージが15%アップする","","","","10","2","器械工匠","器械增强","职技能力","「器械」造成的伤害提升15%"
"111","マキナマイスター","10","技能","2243","ドリル","マキナ","威力：Ａ（器）　対象：敵単体
先端部が回転し、対象を貫く対物マキナ","0","0","7","","43","器械工匠","钻头","器械","威力：Ａ（器）　対象：敵単体
前端旋转，贯穿目标的对物器械"
"112","マスターマシーナリー","2","技能","2244","超震動ブレード","マキナ","威力：Ａ（器）　対象：敵単体　効果：即死
ブレード部が超振動を起こし、あらゆる物質を切断するマキナ","0","0","7","","43","机械大师","超震动刀刃","器械","威力：Ａ（器）　対象：敵単体　効果：即死
刀刃部产生超振动，切断一切物质的器械"
"112","マスターマシーナリー","3","能力","280","器用さ30%アップ","職技アビリティ","器用さが30%アップする","","","","7","2","机械大师","灵巧提升30%","职技能力","灵巧提升30%"
"112","マスターマシーナリー","4","技能","2245","MLRS","マキナ","威力：Ａ（器）　対象：敵全体　属性：炎
連装ロケットを発射する強力な対軍マキナ","0","0","8","","43","机械大师","MLRS","器械","威力：Ａ（器）　対象：敵全体　属性：炎
发射连装火箭的强力对军器械"
"112","マスターマシーナリー","5","能力","416","「マキナ」使用可能","職技アビリティ","「マキナ」が使用可能になる","","","","5","2","机械大师","可以使用「器械」","职技能力","可以使用「器械」"
"112","マスターマシーナリー","6","技能","2247","ハイペリオン","マキナ","威力：Ｓ（器）　対象：敵単体
光子弾を発射し、あらゆる対象を破壊する戦略マキナ","0","0","8","","43","机械大师","亥伯龙神","器械","威力：Ｓ（器）　対象：敵単体
发射光子弹，摧毁所有目标的战略器械"
"112","マスターマシーナリー","7","技能","2252","ウィークメーカー","マキナ","対象：敵単体　効果：ランダム属性弱点化
ランダムで弱点属性一つを付加する未知のマキナ","0","0","3","","43","机械大师","弱点制造者","器械","対象：敵単体　効果：ランダム属性弱点化
随机附加一个弱点属性的未知器械"
"112","マスターマシーナリー","8","技能","2248","エルドリッジ","マキナ","威力：Ｓ（器）　対象：敵ランダム8回
次元を越えた一斉砲撃を放つ異文明の軍艦","0","0","8","","43","机械大师","埃尔德里奇","器械","威力：Ｓ（器）　対象：敵ランダム8回
超越次元的一齐炮击，异文明的战舰"
"112","マスターマシーナリー","9","能力","398","マキナハイブースター","職技アビリティ","「マキナ」によるダメージが30%アップする","","","","20","2","机械大师","器械高级增强","职技能力","「器械」造成的伤害提升30%"
"112","マスターマシーナリー","10","技能","2251","ラグナロク","マキナ","威力：ＳＳ（器）　対象：敵全体　属性：修羅・核熱
神々の闘争に使用されたという究極の破壊マキナ","0","0","14","","43","机械大师","诸神黄昏","器械","威力：ＳＳ（器）　対象：敵全体　属性：修羅・核熱
据说是神明之间斗争使用的究极破坏器械"
"112","マスターマシーナリー","10","能力","8492","銃マスタリー","特殊アビリティ","銃の装備効果が上昇する","","","","10","5","机械大师","铳精通","特殊能力","铳的装备效果提升"
"113","魔芸師","2","技能","1600","噛み付きアニー","召喚","威力：Ｄ（魔・器）　対象：敵単体
使役ゾンビ「噛み付きアニー」を呼び出す","4%当前HP","0","0","","25","魔艺师","咬人安妮","召唤","威力：Ｄ（魔・器）　対象：敵単体
召唤使役僵尸「咬人安妮」"
"113","魔芸師","3","技能","1609","取り憑きディアナ","召喚","威力：Ｅ（魔）　対象：敵単体
使役ゴースト「取り憑きディアナ」を呼び出す","0","2","0","","25","魔艺师","被附身的黛安娜","召唤","威力：Ｅ（魔）　対象：敵単体
召唤使役幽灵「被附身的黛安娜」"
"113","魔芸師","4","技能","1618","切り裂きエリス","召喚","威力：Ｄ（器）　対象：敵ランダム3回
からくり人形「切り裂きエリス」を呼び出す","0","0","3","","25","魔艺师","开膛手厄里斯","召唤","威力：Ｄ（器）　対象：敵ランダム3回
召唤机关人偶「开膛手厄里斯」"
"113","魔芸師","5","能力","66","攻撃力10%アップ","戦技アビリティ","攻撃力が10%アップする","","","","3","1","魔艺师","攻击力提升10%","战技能力","攻击力提升10%"
"113","魔芸師","6","技能","1156","重ね斬り","鎌技","威力：Ｄ（力or魔）　対象：敵単体2回
刃で素早く二回斬り付ける鎌技","0","0","2","","13","魔艺师","重叠斩","镰技","威力：Ｄ（力or魔）　対象：敵単体2回
用刀刃快速斩击两次的镰技"
"113","魔芸師","7","能力","451","魔力10%アップ","魔法アビリティ","魔力が10%アップする","","","","3","3","魔艺师","魔力提升10%","魔法能力","魔力提升10%"
"113","魔芸師","8","技能","3104","精神集中","特技","対象：使用者　効果：器用さ・素早さアップ
精神を集中し、次のターンの器用さと素早さをアップさせる","0","0","2","","63","魔艺师","精神集中","特技","対象：使用者　効果：器用さ・素早さアップ
集中精神，提升下一回合的灵巧和敏捷"
"113","魔芸師","9","能力","278","器用さ10%アップ","職技アビリティ","器用さが10%アップする","","","","3","2","魔艺师","灵巧提升10%","职技能力","灵巧提升10%"
"113","魔芸師","10","能力","108","ドレインアタック","戦技アビリティ","通常攻撃で敵のHPを吸収する","","","","8","1","魔艺师","吸血攻击","战技能力","普通攻击吸收敌人HP"
"113","魔芸師","10","能力","519","「召喚」使用可能","魔法アビリティ","「召喚」が使用可能になる","","","","5","3","魔艺师","可以使用「召唤」","魔法能力","可以使用「召唤」"
"114","ネクロマンサー","2","技能","1601","アマゾネスジェーン","召喚","威力：Ｂ（魔・器）　対象：敵単体　属性：バイオ
使役ゾンビ「アマゾネスジェーン」を呼び出す","12%当前HP","0","0","","25","死灵法师","亚马逊珍","召唤","威力：Ｂ（魔・器）　対象：敵単体　属性：バイオ
召唤僵尸「亚马逊珍」"
"114","ネクロマンサー","3","能力","653","毒回避","防御アビリティ","毒状態を50%の確率で無効化する","","","","2","4","死灵法师","毒回避","防御能力","中毒状态50%的概率无效化"
"114","ネクロマンサー","4","技能","1602","ネクロシェリー","召喚","威力：Ｃ（魔・器）　対象：敵全体　属性：炎
使役ゾンビ「ネクロシェリー」を呼び出す","12%当前HP","0","0","","25","死灵法师","亡灵雪莉","召唤","威力：Ｃ（魔・器）　対象：敵全体　属性：炎
召唤僵尸「亡灵雪莉」"
"114","ネクロマンサー","5","能力","134","ゾンビ特攻","戦技アビリティ","ゾンビに対して特攻ダメージを与える","","","","12","1","死灵法师","僵尸特攻","战技能力","对僵尸造成特攻伤害"
"114","ネクロマンサー","6","技能","1160","一閃薙ぎ払い","鎌技","威力：Ｃ（力or魔）　対象：敵全体　効果：ゾンビ特攻
敵の群れを一撃で薙ぎ払う広範囲攻撃","0","0","5","","13","死灵法师","一闪横扫","镰技","威力：Ｃ（力or魔）　対象：敵全体　効果：ゾンビ特攻
一击扫荡敌群的广范围攻击"
"114","ネクロマンサー","7","能力","222","「鎌」装備可能","戦技アビリティ","「鎌」が装備可能になる","","","","5","1","死灵法师","可以装备「镰」","战技能力","变得可以装备「镰」"
"114","ネクロマンサー","8","技能","1604","身代わりクララ","召喚","対象：使用者　効果：ディフレクト2回
使役ゾンビ「身代わりクララ」を呼び出す","10%当前HP","0","0","","25","死灵法师","替身克拉拉","召唤","対象：使用者　効果：ディフレクト2回
召唤使役僵尸「替身克拉拉」"
"114","ネクロマンサー","9","能力","190","鎌ブースター","戦技アビリティ","鎌装備時、その武器によるダメージが15%アップする","","","","10","1","死灵法师","镰增强","战技能力","装备镰时，该武器造成的伤害提升15%"
"114","ネクロマンサー","10","技能","1603","乾きのエリザベス","召喚","威力：Ａ（魔・器）　対象：敵単体　属性：快楽
使役ゾンビ「乾きのエリザベス」を呼び出す","16%当前HP","0","0","","25","死灵法师","干渴的艾利莎贝","召唤","威力：Ａ（魔・器）　対象：敵単体　属性：快楽
召唤使役僵尸「干渴的艾利莎贝」"
"115","ネクロマスター","2","技能","1605","腐騎士アレクシア","召喚","威力：Ｓ（魔・器）　対象：敵単体　属性：バイオ
使役ゾンビ「腐騎士アレクシア」を呼び出す","20%当前HP","0","0","","25","死灵大师","腐骑士亚莉克希亚","召唤","威力：Ｓ（魔・器）　対象：敵単体　属性：バイオ
召唤使役僵尸「腐骑士亚莉克希亚」"
"115","ネクロマスター","3","能力","654","毒無効","防御アビリティ","毒状態を完全に無効化する","","","","4","4","死灵大师","毒无效","防御能力","毒状态完全无效化"
"115","ネクロマスター","4","技能","1606","絢爛たる屍精姫レイナ","召喚","威力：Ａ（魔・器）　対象：敵全体　属性：快楽
使役ゾンビ「絢爛たる屍精姫レイナ」を呼び出す","20%当前HP","0","0","","25","死灵大师","绚烂的尸精姬蕾娜","召唤","威力：Ａ（魔・器）　対象：敵全体　属性：快楽
召唤使役僵尸「绚烂的尸精姬蕾娜」"
"115","ネクロマスター","5","能力","149","バイオ属性付加","戦技アビリティ","物理攻撃にバイオ属性を付加する","","","","15","1","死灵大师","生化属性附加","战技能力","物理攻击附加生化属性"
"115","ネクロマスター","6","技能","1161","暗黒一閃","鎌技","威力：Ｓ（力or魔）　対象：敵単体　効果：ゾンビ特攻
神速の刃で敵を一閃する鎌での居合い","0","0","10","","13","死灵大师","暗黑一闪","镰技","威力：Ｓ（力or魔）　対象：敵単体　効果：ゾンビ特攻
用神速刀刃一闪敌人的镰居合技"
"115","ネクロマスター","7","能力","236","「鎌技」使用可能","戦技アビリティ","「鎌技」が使用可能になる","","","","5","1","死灵大师","「镰技」可以使用","战技能力","可以使用「镰技」"
"115","ネクロマスター","8","技能","1607","女王ネクロディア","召喚","威力：Ａ（魔・器）　対象：敵全体　属性：バイオ
使役ゾンビ「女王ネクロディア」を呼び出す","20%当前HP","0","0","","25","死灵大师","女王涅克洛迪雅","召唤","威力：Ａ（魔・器）　対象：敵全体　属性：バイオ
召唤使役僵尸「女王涅克洛迪雅」"
"115","ネクロマスター","9","能力","191","鎌ハイブースター","戦技アビリティ","鎌装備時、その武器によるダメージが30%アップする","","","","20","1","死灵大师","镰高级增强","战技能力","装备镰时，该武器造成的伤害提升30%"
"115","ネクロマスター","10","技能","1608","大屍軍エリミネア","召喚","威力：Ｓ（魔・器）　対象：敵ランダム4回
使役ゾンビ「大屍軍エリミネア」を呼び出す","20%当前HP","0","0","","25","死灵大师","大尸军艾莉米妮亚","召唤","威力：Ｓ（魔・器）　対象：敵ランダム4回
召唤使役僵尸「大尸军艾莉米妮亚」"
"115","ネクロマスター","10","能力","8462","鎌マスタリー","特殊アビリティ","鎌の装備効果が上昇する","","","","10","5","死灵大师","镰精通","特殊能力","镰的装备效果提升"
"116","降霊術師","2","技能","1612","ブラッディーマリー","召喚","威力：Ａ（魔）　対象：敵ランダム3回
使役ゴースト「ブラッディーマリー」を呼び出す","0","16","0","","25","降灵术士","血腥玛丽","召唤","威力：Ａ（魔）　対象：敵ランダム3回
召唤幽灵「血腥玛丽」"
"116","降霊術師","3","能力","663","麻痺回避","防御アビリティ","麻痺状態を50%の確率で無効化する","","","","2","4","降灵术士","麻痹回避","防御能力","麻痹状态50%的概率无效化"
"116","降霊術師","4","技能","1611","霊魔導師エリー","召喚","威力：Ｃ（魔）　対象：敵全体　属性：氷
使役ゴースト「霊魔導師エリー」を呼び出す","0","10","0","","25","降灵术士","灵魔导师艾莉","召唤","威力：Ｃ（魔）　対象：敵全体　属性：氷
召唤使役幽灵「灵魔导师艾莉」"
"116","降霊術師","5","能力","135","ゴースト特攻","戦技アビリティ","ゴーストに対して特攻ダメージを与える","","","","12","1","降灵术士","幽灵特攻","战技能力","对幽灵造成特攻伤害"
"116","降霊術師","6","技能","1162","闇封陣","鎌技","威力：Ｂ（力or魔）　対象：敵単体　効果：ゴースト特攻
魔力の刃で次元を裂き、闇の力を噴出させる奥義","0","0","5","","13","降灵术士","暗封阵","镰技","威力：Ｂ（力or魔）　対象：敵単体　効果：ゴースト特攻
用魔力刀刃撕裂次元，喷出黑暗力量的奥义"
"116","降霊術師","7","能力","222","「鎌」装備可能","戦技アビリティ","「鎌」が装備可能になる","","","","5","1","降灵术士","可以装备「镰」","战技能力","变得可以装备「镰」"
"116","降霊術師","8","技能","1613","幽霊僧侶マリア","召喚","対象：味方単体　効果：HP中回復
使役ゴースト「幽霊僧侶マリア」を呼び出す","0","4","0","","25","降灵术士","幽灵修女玛利亚","召唤","対象：味方単体　効果：HP中回復
召唤幽灵「幽灵修女玛利亚」"
"116","降霊術師","9","能力","190","鎌ブースター","戦技アビリティ","鎌装備時、その武器によるダメージが15%アップする","","","","10","1","降灵术士","镰增强","战技能力","装备镰时，该武器造成的伤害提升15%"
"116","降霊術師","10","技能","1610","色情霊アンナ","召喚","威力：Ｂ（魔）　対象：敵単体　属性：快楽
使役ゴースト「色情霊アンナ」を呼び出す","0","12","0","","25","降灵术士","色情灵安娜","召唤","威力：Ｂ（魔）　対象：敵単体　属性：快楽
召唤使役幽灵「色情灵安娜」"
"117","マスターシャーマン","2","技能","1614","トモエ御前","召喚","威力：Ｓ（魔）　対象：敵単体
使役ゴースト「トモエ御前」を呼び出す","0","25","0","","25","大师萨满","巴御前","召唤","威力：Ｓ（魔）　対象：敵単体
召唤幽灵「巴御前」"
"117","マスターシャーマン","3","能力","664","麻痺無効","防御アビリティ","麻痺状態を完全に無効化する","","","","4","4","大师萨满","麻痹无效","防御能力","完全无效化麻痹状态"
"117","マスターシャーマン","4","技能","1615","大魔導師グレゴリア","召喚","威力：Ａ（魔）　対象：敵全体　属性：氷
使役ゴースト「大魔導師グレゴリア」を呼び出す","0","20","0","","25","大师萨满","大魔导师格雷戈里亚","召唤","威力：Ａ（魔）　対象：敵全体　属性：氷
召唤幽灵「大魔导师格雷戈里亚」"
"117","マスターシャーマン","5","能力","779","闇の契約","特殊アビリティ","闇属性スキルを使用した際のHP消費が半減する","","","","15","5","大师萨满","暗之契约","特殊能力","使用暗属性技能时的HP消耗减半"
"117","マスターシャーマン","6","技能","1163","闇散華","鎌技","威力：Ｓ（力or魔）　対象：敵単体　効果：ゴースト特攻
闇の刃で敵を斬り、華と散らせる無慈悲な鎌技","0","0","10","","13","大师萨满","暗散华","镰技","威力：Ｓ（力or魔）　対象：敵単体　効果：ゴースト特攻
用黑暗刀刃斩击敌人，使其如花般散落的残酷镰技"
"117","マスターシャーマン","7","能力","236","「鎌技」使用可能","戦技アビリティ","「鎌技」が使用可能になる","","","","5","1","大师萨满","「镰技」可以使用","战技能力","可以使用「镰技」"
"117","マスターシャーマン","8","技能","1616","幽淫婦マージェリー","召喚","威力：Ｓ（魔）　対象：敵単体　属性：快楽
使役ゴースト「幽淫婦マージェリー」を呼び出す","0","25","0","","25","大师萨满","幽淫妇玛杰莉","召唤","威力：Ｓ（魔）　対象：敵単体　属性：快楽
召唤幽灵「幽淫妇玛杰莉」"
"117","マスターシャーマン","9","能力","191","鎌ハイブースター","戦技アビリティ","鎌装備時、その武器によるダメージが30%アップする","","","","20","1","大师萨满","镰高级增强","战技能力","装备镰时，该武器造成的伤害提升30%"
"117","マスターシャーマン","10","技能","1617","吸精皇女ヒルダ","召喚","威力：Ｓ（魔）　対象：敵単体　属性：快楽　効果：HP吸収
使役ゴースト「吸精皇女ヒルダ」を呼び出す","0","25","0","","25","大师萨满","吸精皇女希尔达","召唤","威力：Ｓ（魔）　対象：敵単体　属性：快楽　効果：HP吸収
召唤幽灵「吸精皇女希尔达」"
"117","マスターシャーマン","10","能力","8462","鎌マスタリー","特殊アビリティ","鎌の装備効果が上昇する","","","","10","5","大师萨满","镰精通","特殊能力","镰的装备效果提升"
"118","からくり人形師","2","技能","1620","騒霊人形","召喚","威力：Ｂ（器）　対象：敵ランダム3回　属性：音波
からくり人形「騒霊人形」を呼び出す","0","0","5","","25","机关人偶师","骚灵人偶","召唤","威力：Ｂ（器）　対象：敵ランダム3回　属性：音波
召唤机关人偶「骚灵人偶」"
"118","からくり人形師","3","能力","679","石化回避","防御アビリティ","石化状態を50%の確率で無効化する","","","","2","4","机关人偶师","石化回避","防御能力","石化状态50%的概率无效化"
"118","からくり人形師","4","技能","1621","シャウトマータ","召喚","威力：Ｃ（器）　対象：敵全体　属性：音波
からくり人形「シャウトマータ」を呼び出す","0","0","5","","25","机关人偶师","咆哮人偶","召唤","威力：Ｃ（器）　対象：敵全体　属性：音波
召唤机关人偶「咆哮人偶」"
"118","からくり人形師","5","能力","136","ドール特攻","戦技アビリティ","ドールに対して特攻ダメージを与える","","","","12","1","机关人偶师","人偶特攻","战技能力","对人偶造成特攻伤害"
"118","からくり人形師","6","技能","1164","フェイントザッパー","鎌技","威力：Ｂ（力or魔）　対象：敵単体　効果：人形特攻
フェイントを織り交ぜ、敵を解体する鎌技","0","0","5","","13","机关人偶师","虚晃灭杀","镰技","威力：Ｂ（力or魔）　対象：敵単体　効果：人形特攻
交织虚晃，解体敌人的镰技"
"118","からくり人形師","7","能力","222","「鎌」装備可能","戦技アビリティ","「鎌」が装備可能になる","","","","5","1","机关人偶师","可以装备「镰」","战技能力","变得可以装备「镰」"
"118","からくり人形師","8","技能","1622","ラブマータ","召喚","威力：Ｂ（器）　対象：敵単体　属性：快楽
からくり人形「ラブマータ」を呼び出す","0","0","5","","25","机关人偶师","爱情人偶","召唤","威力：Ｂ（器）　対象：敵単体　属性：快楽
召唤机关人偶「爱情人偶」"
"118","からくり人形師","9","能力","190","鎌ブースター","戦技アビリティ","鎌装備時、その武器によるダメージが15%アップする","","","","10","1","机关人偶师","镰增强","战技能力","装备镰时，该武器造成的伤害提升15%"
"118","からくり人形師","10","技能","1619","セントメイデン","召喚","威力：Ａ（器）　対象：敵単体　効果：拘束
からくり人形「セントメイデン」を呼び出す","0","0","6","","25","机关人偶师","圣少女","召唤","威力：Ａ（器）　対象：敵単体　効果：拘束
召唤机关人偶「圣少女」"
"119","マスタードーラー","2","技能","1623","ベック・ザ・ビースト","召喚","威力：Ｓ（器）　対象：敵単体
からくり人形「ベック・ザ・ビースト」を呼び出す","0","0","10","","25","大师操偶者","野兽贝克","召唤","威力：Ｓ（器）　対象：敵単体
召唤机关人偶「野兽贝克」"
"119","マスタードーラー","3","能力","680","石化無効","防御アビリティ","石化状態を完全に無効化する","","","","4","4","大师操偶者","石化无效","防御能力","完全无效石化状态"
"119","マスタードーラー","4","技能","1624","ジャイアントセーラ","召喚","威力：Ａ（器）　対象：敵全体
からくり人形「ジャイアントセーラ」を呼び出す","0","0","8","","25","大师操偶者","巨人莎拉","召唤","威力：Ａ（器）　対象：敵全体
召唤机关人偶「巨人莎拉」"
"119","マスタードーラー","5","能力","148","音波属性付加","戦技アビリティ","物理攻撃に音波属性を付加する","","","","15","1","大师操偶者","音波属性附加","战技能力","物理攻击附加音波属性"
"119","マスタードーラー","6","技能","1165","人形破壊撃","鎌技","威力：Ｓ（力or魔）　対象：敵単体　効果：人形特攻
からくりに練達し、人形を解体する鎌技","0","0","10","","13","大师操偶者","人偶破坏击","镰技","威力：Ｓ（力or魔）　対象：敵単体　効果：人形特攻
熟练于机关，解体人偶的镰技"
"119","マスタードーラー","7","能力","236","「鎌技」使用可能","戦技アビリティ","「鎌技」が使用可能になる","","","","5","1","大师操偶者","「镰技」可以使用","战技能力","可以使用「镰技」"
"119","マスタードーラー","8","技能","1625","決戦人型兵器アグニ","召喚","威力：Ｓ（器）　対象：敵ランダム4回 属性：炎
からくり人形「決戦人型兵器アグニ」を呼び出す","0","0","10","","25","大师操偶者","决战人型兵器阿耆尼","召唤","威力：Ｓ（器）　対象：敵ランダム4回 属性：炎
召唤机关人偶「决战人型兵器阿耆尼」"
"119","マスタードーラー","9","能力","191","鎌ハイブースター","戦技アビリティ","鎌装備時、その武器によるダメージが30%アップする","","","","20","1","大师操偶者","镰高级增强","战技能力","装备镰时，该武器造成的伤害提升30%"
"119","マスタードーラー","10","技能","1626","快楽人形・雅姫","召喚","威力：Ｓ（器）　対象：敵単体　属性：快楽
からくり人形「快楽人形・雅姫」を呼び出す","0","0","10","","25","大师操偶者","快乐人偶・雅姬","召唤","威力：Ｓ（器）　対象：敵単体　属性：快楽
召唤机关人偶「快乐人偶・雅姬」"
"119","マスタードーラー","10","能力","8462","鎌マスタリー","特殊アビリティ","鎌の装備効果が上昇する","","","","10","5","大师操偶者","镰精通","特殊能力","镰的装备效果提升"
"120","情報屋","2","技能","2109","話し掛ける","話す","対象：敵単体　効果：敵と会話
フレンドリーに話し掛け、敵を会話に誘う","0","0","1","","39","情报贩子","搭话","交谈","対象：敵単体　効果：敵と会話
友好地搭话，诱导敌人进行对话"
"120","情報屋","3","能力","549","精神力10%アップ","防御アビリティ","精神力が10%アップする","","","","3","4","情报贩子","精神力提升10%","防御能力","精神力提升10%"
"120","情報屋","4","技能","2112","挑発する","話す","対象：敵単体　効果：友好度小ダウン
敵を挑発し、友好度を少し下げる","0","0","1","","39","情报贩子","挑衅","交谈","対象：敵単体　効果：友好度小ダウン
挑衅敌人，稍微降低友好度"
"120","情報屋","5","技能","2119","おもしろい話","話す","対象：敵全体　効果：スタン
おもしろい話で敵全体をスタンさせる","0","0","2","","39","情报贩子","有趣的故事","交谈","対象：敵全体　効果：スタン
用有趣的故事让全体敌人眩晕"
"120","情報屋","6","技能","2120","いやらしい話","話す","対象：敵全体　効果：敏感
淫らな話で敵を敏感にする","0","0","2","","39","情报贩子","下流的故事","交谈","対象：敵全体　効果：敏感
用淫秽的故事让敌人变得敏感"
"120","情報屋","7","技能","1262","ツインシュート","投擲技","威力：Ｄ（力・器）　対象：敵単体2回
二つに分裂させたブーメランを敵1体に投げ付ける投擲技","0","0","3","","16","情报贩子","双射","投掷技","威力：Ｄ（力・器）　対象：敵単体2回
分裂成两个的回旋镖投向一个敌人的投掷技"
"120","情報屋","8","技能","2121","怖い話","話す","対象：敵全体　効果：麻痺
怖い話で敵全体を麻痺させる","0","0","2","","39","情报贩子","恐怖的故事","交谈","対象：敵全体　効果：麻痺
用恐怖的故事让全体敌人麻痹"
"120","情報屋","9","技能","2122","寒いギャグ","話す","対象：敵全体　効果：沈黙・フリーズ
寒いギャグで敵を硬直させる","0","0","2","","39","情报贩子","冷笑话","交谈","対象：敵全体　効果：沈黙・フリーズ
用冷笑话让敌人僵直"
"120","情報屋","10","技能","2110","ほめる","話す","対象：敵単体　効果：友好度小アップ
敵を褒め、友好度を少し上げる","0","0","3","","39","情报贩子","称赞","交谈","対象：敵単体　効果：友好度小アップ
夸奖敌人，稍微提升友好度"
"121","話術士","2","技能","2117","おどす","話す","対象：敵単体　効果：敵逃走・友好度微ダウン
敵単体を脅し、戦闘から逃走させる","0","0","2","","39","话术士","威胁","交谈","対象：敵単体　効果：敵逃走・友好度微ダウン
恐吓单体敌人，使其从战斗中逃跑"
"121","話術士","3","能力","550","精神力20%アップ","防御アビリティ","精神力が20%アップする","","","","5","4","话术士","精神力提升20%","防御能力","精神力提升20%"
"121","話術士","4","技能","2114","お金をもらう","話す","対象：敵単体　効果：ゴールド獲得・友好度微ダウン
敵からゴールドをもらうが、友好度が少し下がる","0","0","2","","39","话术士","获得金钱","交谈","対象：敵単体　効果：ゴールド獲得・友好度微ダウン
从敌人那里要到金币，但友好度会稍微下降"
"121","話術士","5","技能","2115","アイテムをもらう","話す","対象：敵単体　効果：アイテム獲得・友好度微ダウン
敵からアイテムをもらうが、友好度が少し下がる","0","0","2","","39","话术士","获得物品","交谈","対象：敵単体　効果：アイテム獲得・友好度微ダウン
从敌人那里要到物品，但友好度会稍微下降"
"121","話術士","6","技能","2116","仲間に誘う","話す","対象：敵全体　効果：仲間確率3倍
敵を勧誘し、その戦闘で仲間になりやすくする","0","0","4","","39","话术士","邀请成为伙伴","交谈","対象：敵全体　効果：仲間確率3倍
劝诱敌人，使其在这场战斗中更容易成为伙伴"
"121","話術士","7","能力","293","遺言","職技アビリティ","戦闘不能時、仲間全員の能力が大アップ","","","","5","2","话术士","遗言","职技能力","战斗不能时，全体队友能力大幅提升"
"121","話術士","8","技能","1264","ウィンドスルー","投擲技","威力：Ｃ（力・器）　対象：敵全体　属性：風
風のブーメランを投げ付け、敵全体を薙ぎ倒す投擲技","0","0","5","","16","话术士","风穿","投掷技","威力：Ｃ（力・器）　対象：敵全体　属性：風
投掷风之飞镖，横扫全体敌人的投掷技"
"121","話術士","9","技能","2118","帰ってもらう","話す","対象：敵全体　効果：敵逃走・友好度微ダウン
敵全体を言葉で諭し、帰ってもらう","0","0","4","","39","话术士","请回去","交谈","対象：敵全体　効果：敵逃走・友好度微ダウン
用言语劝说全体敌人，让其回去"
"121","話術士","10","技能","2123","言葉の爆弾","話す","威力：Ａ（器）　対象：敵全体　属性：音波
言霊の力で爆発を起こす","0","0","7","","39","话术士","言语之炸弹","交谈","威力：Ａ（器）　対象：敵全体　属性：音波
用言灵的力量引发爆炸"
"122","話神","2","技能","2113","大罵倒","話す","対象：敵単体　効果：友好度大ダウン
敵を罵倒し、友好度を大きく下げる","0","0","2","","39","话神","大骂倒","交谈","対象：敵単体　効果：友好度大ダウン
辱骂敌人，大幅降低友好度"
"122","話神","3","能力","551","精神力30%アップ","防御アビリティ","精神力が30%アップする","","","","7","4","话神","精神力提升30%","防御能力","精神力提升30%"
"122","話神","4","技能","2126","英雄譚","話す","対象：味方全体　効果：全能力アップ
言霊の力で味方全体の潜在能力を解放する","0","0","8","","39","话神","英雄谭","交谈","対象：味方全体　効果：全能力アップ
用言灵的力量解放我方全体的潜在能力"
"122","話神","5","技能","2124","呪詛","話す","対象：敵全体　効果：即死・闇穢
言霊の力で敵全体に呪いを振りまく","0","0","6","","39","话神","诅咒","交谈","対象：敵全体　効果：即死・闇穢
用言灵的力量对全体敌人施加诅咒"
"122","話神","6","能力","424","口先八丁","職技アビリティ","「話す」しか使用できないが、消費SPが低下
回避率と魔法回避率が30%アップ","","","","5","2","话神","能言善辩","职技能力","只能使用「交谈」，但消耗SP降低
回避率和魔法回避率提升30%"
"122","話神","7","技能","1270","バーニングエッジ","投擲技","威力：Ａ（力・器）　対象：敵全体　属性：炎
業火を伴うブーメランで敵全体を焼き尽くす投擲技","0","0","8","","16","话神","燃烧利刃","投掷技","威力：Ａ（力・器）　対象：敵全体　属性：炎
投掷带有业火的飞镖，焚烧全体敌人的投掷技"
"122","話神","8","能力","415","「話す」使用可能","職技アビリティ","「話す」が使用可能になる","","","","5","2","话神","可以使用「交谈」","职技能力","可以使用「交谈」"
"122","話神","9","技能","2125","祝詞","話す","対象：味方全体　効果：HP大回復
言霊の力で味方全体を癒やす","0","0","5","","39","话神","祝词","交谈","対象：味方全体　効果：HP大回復
用言灵的力量治愈我方全体"
"122","話神","10","技能","2111","大賞賛","話す","対象：敵単体　効果：友好度大アップ
敵を賞賛し、友好度を大きく上げる","0","0","10","","39","话神","大赞赏","交谈","対象：敵単体　効果：友好度大アップ
赞美敌人，大幅提升友好度"
"122","話神","10","能力","8474","ブーメランマスタリー","特殊アビリティ","ブーメランの装備効果が上昇する","","","","10","5","话神","回旋镖精通","特殊能力","回旋镖的装备效果提升"
"123","料理人","2","技能","2257","目玉焼き","料理","威力：Ｄ（器）　対象：敵単体
目玉焼きを作り、料理効果を発揮する","0","0","0","","44","厨师","荷包蛋","料理","威力：Ｄ（器）　対象：敵単体
制作荷包蛋，发挥料理效果"
"123","料理人","2","技能","2258","おにぎり","料理","威力：Ｄ（器）　対象：敵単体　属性：炎
おにぎりを作り、料理効果を発揮する","0","0","0","","44","厨师","饭团","料理","威力：Ｄ（器）　対象：敵単体　属性：炎
制作饭团，发挥料理效果"
"123","料理人","2","技能","2259","サンドウイッチ","料理","威力：Ｄ（器）　対象：敵単体　属性：氷
サンドウィッチを作り、料理効果を発揮する","0","0","0","","44","厨师","三明治","料理","威力：Ｄ（器）　対象：敵単体　属性：氷
制作三明治，发挥料理效果"
"123","料理人","2","技能","2260","野菜炒め","料理","威力：Ｄ（器）　対象：敵単体　属性：雷
野菜炒めを作り、料理効果を発揮する","0","0","0","","44","厨师","炒蔬菜","料理","威力：Ｄ（器）　対象：敵単体　属性：雷
制作炒蔬菜，发挥料理效果"
"123","料理人","3","能力","730","代謝アップ","特殊アビリティ","回復魔法やアイテムを受けた時の効果が2倍になる","","","","3","5","厨师","代谢提升","特殊能力","受到恢复魔法或道具时的效果变为2倍"
"123","料理人","4","技能","2261","ハンバーグ","料理","対象：味方単体　効果：会心率アップ
ハンバーグを作り、料理効果を発揮する","0","0","0","","44","厨师","汉堡肉","料理","対象：味方単体　効果：会心率アップ
制作汉堡肉，发挥料理效果"
"123","料理人","4","技能","2262","焼き魚","料理","対象：味方単体　効果：命中率アップ
焼き魚を作り、料理効果を発揮する","0","0","0","","44","厨师","烤鱼","料理","対象：味方単体　効果：命中率アップ
制作烤鱼，发挥料理效果"
"123","料理人","4","技能","2263","味噌汁","料理","対象：味方単体　効果：回避率アップ
味噌汁を作り、料理効果を発揮する","0","0","0","","44","厨师","味噌汤","料理","対象：味方単体　効果：回避率アップ
制作味噌汤，发挥料理效果"
"123","料理人","4","技能","2264","ねこごはん","料理","対象：味方単体　効果：魔法回避率アップ
ねこごはんを作り、料理効果を発揮する","0","0","0","","44","厨师","猫饭","料理","対象：味方単体　効果：魔法回避率アップ
制作猫饭，发挥料理效果"
"123","料理人","5","技能","2265","ハンバーガー","料理","対象：味方単体　効果：HP小回復
ハンバーガーを作り、料理効果を発揮する","0","0","0","","44","厨师","汉堡","料理","対象：味方単体　効果：HP小回復
制作汉堡，发挥料理效果"
"123","料理人","5","技能","2266","ホットドッグ","料理","対象：味方単体　効果：攻撃力アップ
ホットドッグを作り、料理効果を発揮する","0","0","0","","44","厨师","热狗","料理","対象：味方単体　効果：攻撃力アップ
制作热狗，发挥料理效果"
"123","料理人","5","技能","2267","野菜サラダ","料理","対象：味方単体　効果：防御力アップ
野菜サラダを作り、料理効果を発揮する","0","0","0","","44","厨师","蔬菜沙拉","料理","対象：味方単体　効果：防御力アップ
制作蔬菜沙拉，发挥料理效果"
"123","料理人","5","技能","2268","フルーツサラダ","料理","対象：味方単体　効果：素早さアップ
フルーツサラダを作り、料理効果を発揮する","0","0","0","","44","厨师","水果沙拉","料理","対象：味方単体　効果：素早さアップ
制作水果沙拉，发挥料理效果"
"123","料理人","6","能力","681","消化回避","防御アビリティ","消化状態を50%の確率で無効化する","","","","2","4","厨师","消化回避","防御能力","消化状态50%的概率无效化"
"123","料理人","7","技能","2269","カレーライス","料理","対象：味方単体　効果：魔力アップ
カレーライスを作り、料理効果を発揮する","0","0","0","","44","厨师","咖喱饭","料理","対象：味方単体　効果：魔力アップ
制作咖喱饭，发挥料理效果"
"123","料理人","7","技能","2270","ピザ","料理","対象：味方単体　効果：精神力アップ
ピザを作り、料理効果を発揮する","0","0","0","","44","厨师","披萨","料理","対象：味方単体　効果：精神力アップ
制作披萨，发挥料理效果"
"123","料理人","7","技能","2271","クリームシチュー","料理","対象：味方単体　効果：器用さアップ
クリームシチューを作り、料理効果を発揮する","0","0","0","","44","厨师","奶油炖菜","料理","対象：味方単体　効果：器用さアップ
制作奶油炖菜，发挥料理效果"
"123","料理人","7","技能","2272","スパゲティ","料理","対象：味方単体　効果：SPチャージ2倍
スパゲティを作り、料理効果を発揮する","0","0","0","","44","厨师","意大利面","料理","対象：味方単体　効果：SPチャージ2倍
制作意大利面，发挥料理效果"
"123","料理人","8","技能","2273","さしみ","料理","対象：味方全体　効果：ターンHP小回復
さしみを作り、料理効果を発揮する","0","0","0","","44","厨师","生鱼片","料理","対象：味方全体　効果：ターンHP小回復
制作生鱼片，发挥料理效果"
"123","料理人","8","技能","2274","焼き鳥","料理","対象：味方全体　効果：ターンSP小回復
焼き鳥を作り、料理効果を発揮する","0","0","0","","44","厨师","烤鸡串","料理","対象：味方全体　効果：ターンSP小回復
制作烤鸡串，发挥料理效果"
"123","料理人","8","技能","2275","おそば","料理","対象：味方全体　効果：ターンMP小回復
おそばを作り、料理効果を発揮する","0","0","0","","44","厨师","荞麦面","料理","対象：味方全体　効果：ターンMP小回復
制作荞麦面，发挥料理效果"
"123","料理人","9","技能","2320","食材採取","料理","対象：敵単体　効果：食材盗む
敵の持っている食材を盗む","0","0","0","","44","厨师","食材采集","料理","対象：敵単体　効果：食材盗む
偷窃敌人持有的食材"
"123","料理人","10","技能","2276","コロッケ","料理","威力：Ｄ（器）　対象：敵全体
コロッケを作り、料理効果を発揮する","0","0","0","","44","厨师","可乐饼","料理","威力：Ｄ（器）　対象：敵全体
制作可乐饼，发挥料理效果"
"123","料理人","10","技能","2277","てんぷら","料理","威力：Ｄ（器）　対象：敵全体　属性：炎
てんぷらを作り、料理効果を発揮する","0","0","0","","44","厨师","天妇罗","料理","威力：Ｄ（器）　対象：敵全体　属性：炎
制作天妇罗，发挥料理效果"
"123","料理人","10","技能","2278","オムライス","料理","威力：Ｄ（器）　対象：敵全体　属性：氷
オムライスを作り、料理効果を発揮する","0","0","0","","44","厨师","蛋包饭","料理","威力：Ｄ（器）　対象：敵全体　属性：氷
制作蛋包饭，发挥料理效果"
"123","料理人","10","技能","2279","トマトスープ","料理","威力：Ｄ（器）　対象：敵全体　属性：雷
トマトスープを作り、料理効果を発揮する","0","0","0","","44","厨师","番茄汤","料理","威力：Ｄ（器）　対象：敵全体　属性：雷
制作番茄汤，发挥料理效果"
"124","トリプルコック","2","技能","2280","グラタン","料理","威力：Ｃ（器）　対象：敵単体　属性：雷
グラタンを作り、料理効果を発揮する","0","0","0","","44","三星厨师","奶汁烤菜","料理","威力：Ｃ（器）　対象：敵単体　属性：雷
制作奶汁烤菜，发挥料理效果"
"124","トリプルコック","2","技能","2281","パエリア","料理","威力：Ｃ（器）　対象：敵単体　属性：氷
パエリアを作り、料理効果を発揮する","0","0","0","","44","三星厨师","海鲜饭","料理","威力：Ｃ（器）　対象：敵単体　属性：氷
制作海鲜饭，发挥料理效果"
"124","トリプルコック","2","技能","2282","えびチリ","料理","威力：Ｃ（器）　対象：敵単体　属性：炎
えびチリを作り、料理効果を発揮する","0","0","0","","44","三星厨师","干烧明虾","料理","威力：Ｃ（器）　対象：敵単体　属性：炎
制作了干烧明虾，发挥料理效果"
"124","トリプルコック","3","能力","731","超代謝","特殊アビリティ","回復魔法やアイテムを受けた時の効果が3倍になる","","","","5","5","三星厨师","超级代谢","特殊能力","受到恢复魔法或道具时的效果变为3倍"
"124","トリプルコック","4","技能","2283","たこ焼き","料理","威力：Ｃ（器）　対象：敵単体　属性：風
たこ焼きを作り、料理効果を発揮する","0","0","0","","44","三星厨师","章鱼烧","料理","威力：Ｃ（器）　対象：敵単体　属性：風
制作了章鱼烧，发挥料理效果"
"124","トリプルコック","4","技能","2284","たいやき","料理","威力：Ｃ（器）　対象：敵単体　属性：水
たいやきを作り、料理効果を発揮する","0","0","0","","44","三星厨师","鲷鱼烧","料理","威力：Ｃ（器）　対象：敵単体　属性：水
制作了鲷鱼烧，发挥料理效果"
"124","トリプルコック","4","技能","2285","お好み焼き","料理","威力：Ｃ（器）　対象：敵単体　属性：土
お好み焼きを作り、料理効果を発揮する","0","0","0","","44","三星厨师","御好烧","料理","威力：Ｃ（器）　対象：敵単体　属性：土
制作了御好烧，发挥料理效果"
"124","トリプルコック","5","能力","682","消化無効","防御アビリティ","消化状態を完全に無効化する","","","","4","4","三星厨师","消化无效","防御能力","完全无效消化状态"
"124","トリプルコック","6","技能","2286","あんぱん","料理","対象：味方全体　効果：HP小回復
あんぱんを作り、料理効果を発揮する","0","0","0","","44","三星厨师","红豆面包","料理","対象：味方全体　効果：HP小回復
制作了红豆面包，发挥料理效果"
"124","トリプルコック","6","技能","2287","チョココロネ","料理","対象：味方全体　効果：器用さアップ
チョココロネを作り、料理効果を発揮する","0","0","0","","44","三星厨师","巧克力螺旋面包","料理","対象：味方全体　効果：器用さアップ
制作巧克力螺旋面包，发挥料理效果"
"124","トリプルコック","6","技能","2288","メロンパン","料理","対象：味方全体　効果：魔力アップ
メロンパンを作り、料理効果を発揮する","0","0","0","","44","三星厨师","蜜瓜包","料理","対象：味方全体　効果：魔力アップ
制作蜜瓜包，发挥料理效果"
"124","トリプルコック","6","技能","2289","カレーパン","料理","対象：味方全体　効果：攻撃力アップ
カレーパンを作り、料理効果を発揮する","0","0","0","","44","三星厨师","咖喱面包","料理","対象：味方全体　効果：攻撃力アップ
制作咖喱面包，发挥料理效果"
"124","トリプルコック","6","技能","2290","コロッケパン","料理","対象：味方全体　効果：SPチャージ2倍
コロッケパンを作り、料理効果を発揮する","0","0","0","","44","三星厨师","可乐饼面包","料理","対象：味方全体　効果：SPチャージ2倍
制作可乐饼面包，发挥料理效果"
"124","トリプルコック","7","能力","401","「包丁」装備可能","職技アビリティ","「包丁」が装備可能になる","","","","5","2","三星厨师","可以装备「菜刀」","职技能力","变得可以装备「菜刀」"
"124","トリプルコック","8","技能","2291","肉まん","料理","威力：Ｂ（器）　対象：敵全体　属性：炎
肉まんを作り、料理効果を発揮する","0","0","0","","44","三星厨师","肉包","料理","威力：Ｂ（器）　対象：敵全体　属性：炎
制作肉包，发挥料理效果"
"124","トリプルコック","8","技能","2292","あんまん","料理","威力：Ｂ（器）　対象：敵全体　属性：氷
あんまんを作り、料理効果を発揮する","0","0","0","","44","三星厨师","豆沙包","料理","威力：Ｂ（器）　対象：敵全体　属性：氷
制作豆沙包，发挥料理效果"
"124","トリプルコック","8","技能","2293","ピザまん","料理","威力：Ｂ（器）　対象：敵全体　属性：雷
ピザまんを作り、料理効果を発揮する","0","0","0","","44","三星厨师","披萨包子","料理","威力：Ｂ（器）　対象：敵全体　属性：雷
制作披萨包子，发挥料理效果"
"124","トリプルコック","9","能力","379","包丁ブースター","職技アビリティ","包丁装備時、その武器によるダメージが15%アップする","","","","10","2","三星厨师","菜刀增强","职技能力","装备菜刀时，该武器造成的伤害提升15%"
"124","トリプルコック","10","技能","2294","牛丼","料理","威力：Ｂ（器）　対象：敵全体
牛丼を作り、料理効果を発揮する","0","0","0","","44","三星厨师","牛丼","料理","威力：Ｂ（器）　対象：敵全体
制作牛丼，发挥料理效果"
"124","トリプルコック","10","技能","2295","チャーハン","料理","威力：Ｂ（器）　対象：敵全体　属性：風
チャーハンを作り、料理効果を発揮する","0","0","0","","44","三星厨师","炒饭","料理","威力：Ｂ（器）　対象：敵全体　属性：風
制作炒饭，发挥料理效果"
"124","トリプルコック","10","技能","2296","お鍋","料理","威力：Ｂ（器）　対象：敵全体　属性：土
お鍋を作り、料理効果を発揮する","0","0","0","","44","三星厨师","火锅","料理","威力：Ｂ（器）　対象：敵全体　属性：土
制作火锅，发挥料理效果"
"124","トリプルコック","10","技能","2297","おでん","料理","威力：Ｂ（器）　対象：敵全体　属性：水
おでんを作り、料理効果を発揮する","0","0","0","","44","三星厨师","关东煮","料理","威力：Ｂ（器）　対象：敵全体　属性：水
制作关东煮，发挥料理效果"
"125","味皇","2","技能","2298","お寿司","料理","対象：味方全体　効果：防御力アップ
お寿司を作り、料理効果を発揮する","0","0","0","","44","味皇","寿司","料理","対象：味方全体　効果：防御力アップ
制作寿司，发挥料理效果"
"125","味皇","2","技能","2299","麻婆豆腐","料理","対象：味方全体　効果：攻撃力アップ
麻婆豆腐を作り、料理効果を発揮する","0","0","0","","44","味皇","麻婆豆腐","料理","対象：味方全体　効果：攻撃力アップ
制作麻婆豆腐，发挥料理效果"
"125","味皇","2","技能","2300","揚げ出し豆腐","料理","対象：味方全体　効果：精神力アップ
揚げ出し豆腐を作り、料理効果を発揮する","0","0","0","","44","味皇","炸豆腐","料理","対象：味方全体　効果：精神力アップ
制作炸豆腐，发挥料理效果"
"125","味皇","2","技能","2301","ローストチキン","料理","対象：味方全体　効果：魔力アップ
ローストチキンを作り、料理効果を発揮する","0","0","0","","44","味皇","烤鸡","料理","対象：味方全体　効果：魔力アップ
制作烤鸡，发挥料理效果"
"125","味皇","3","能力","732","究極代謝","特殊アビリティ","回復魔法やアイテムを受けた時の効果が5倍になる","","","","8","5","味皇","究极代谢","特殊能力","受到恢复魔法或道具时的效果变为5倍"
"125","味皇","4","技能","2302","やきそばパン","料理","対象：味方全体　効果：素早さアップ
やきそばパンを作り、料理効果を発揮する","0","0","0","","44","味皇","炒面面包","料理","対象：味方全体　効果：素早さアップ
制作炒面面包，发挥料理效果"
"125","味皇","4","技能","2303","焼肉パン","料理","対象：味方全体　効果：器用さアップ
焼肉パンを作り、料理効果を発揮する","0","0","0","","44","味皇","烤肉面包","料理","対象：味方全体　効果：器用さアップ
制作烤肉面包，发挥料理效果"
"125","味皇","4","技能","2304","エッグベーグルサンド","料理","対象：味方単体　効果：MP小回復
エッグベーグルサンドを作り、料理効果を発揮する","0","0","0","","44","味皇","鸡蛋贝果三明治","料理","対象：味方単体　効果：MP小回復
制作鸡蛋贝果三明治，发挥料理效果"
"125","味皇","4","技能","2305","サーモンベーグルサンド","料理","対象：味方単体　効果：SP小回復
サーモンベーグルサンドを作り、料理効果を発揮する","0","0","0","","44","味皇","鲑鱼贝果三明治","料理","対象：味方単体　効果：SP小回復
制作鲑鱼贝果三明治，发挥料理效果"
"125","味皇","5","技能","2321","気まぐれシェフのお任せ料理","料理","効果：ランダム
ランダムで料理を作り、料理効果を発揮する","0","0","1","","44","味皇","随性厨师的委托料理","料理","効果：ランダム
随机制作料理，发挥料理效果"
"125","味皇","6","技能","2306","カニタマ","料理","威力：Ａ（器）　対象：敵全体　属性：炎
カニタマを作り、料理効果を発揮する","0","0","0","","44","味皇","蟹玉丼","料理","威力：Ａ（器）　対象：敵全体　属性：炎
制作蟹玉丼，发挥料理效果"
"125","味皇","6","技能","2307","アイスクリーム","料理","威力：Ａ（器）　対象：敵全体　属性：氷
アイスクリームを作り、料理効果を発揮する","0","0","0","","44","味皇","冰淇淋","料理","威力：Ａ（器）　対象：敵全体　属性：氷
制作冰淇淋，发挥料理效果"
"125","味皇","6","技能","2308","プリン","料理","威力：Ａ（器）　対象：敵全体　属性：雷
プリンを作り、料理効果を発揮する","0","0","0","","44","味皇","布丁","料理","威力：Ａ（器）　対象：敵全体　属性：雷
制作布丁，发挥料理效果"
"125","味皇","6","技能","2309","パフェ","料理","対象：味方全体　効果：HP大回復
パフェを作り、料理効果を発揮する","0","0","0","","44","味皇","芭菲","料理","対象：味方全体　効果：HP大回復
制作芭菲，发挥料理效果"
"125","味皇","7","能力","417","「料理」使用可能","職技アビリティ","「料理」が使用可能になる","","","","5","2","味皇","可以使用「料理」","职技能力","可以使用「料理」"
"125","味皇","8","技能","2310","お子様ランチ","料理","対象：味方単体　効果：自動蘇生
お子様ランチを作り、料理効果を発揮する","0","0","0","","44","味皇","儿童午餐","料理","対象：味方単体　効果：自動蘇生
制作儿童午餐，发挥料理效果"
"125","味皇","8","技能","2311","ステーキ","料理","威力：Ａ（器）　対象：敵全体　属性：風
ステーキを作り、料理効果を発揮する","0","0","0","","44","味皇","牛排","料理","威力：Ａ（器）　対象：敵全体　属性：風
制作牛排，发挥料理效果"
"125","味皇","8","技能","2312","特上おにぎり","料理","威力：Ａ（器）　対象：敵全体　属性：土
特上おにぎりを作り、料理効果を発揮する","0","0","0","","44","味皇","特级饭团","料理","威力：Ａ（器）　対象：敵全体　属性：土
制作特级饭团，发挥料理效果"
"125","味皇","8","技能","2313","特上寿司","料理","威力：Ａ（器）　対象：敵全体　属性：水
特上寿司を作り、料理効果を発揮する","0","0","0","","44","味皇","特上寿司","料理","威力：Ａ（器）　対象：敵全体　属性：水
制作特级寿司，发挥料理效果"
"125","味皇","9","能力","380","包丁ハイブースター","職技アビリティ","包丁装備時、その武器によるダメージが30%アップする","","","","20","2","味皇","菜刀高级增强","职技能力","装备菜刀时，该武器造成的伤害提升30%"
"125","味皇","9","技能","2314","すきやき","料理","対象：味方単体　効果：MP大回復
すきやきを作り、料理効果を発揮する","0","0","0","","44","味皇","寿喜烧","料理","対象：味方単体　効果：MP大回復
制作寿喜烧，发挥料理效果"
"125","味皇","9","技能","2315","うな重","料理","対象：味方単体　効果：SP大回復
うな重を作り、料理効果を発揮する","0","0","0","","44","味皇","鳗鱼饭","料理","対象：味方単体　効果：SP大回復
制作鳗鱼饭，发挥料理效果"
"125","味皇","10","技能","2316","ジャイアンシチュー","料理","威力：Ａ（器）　対象：敵全体　属性：闇
ジャイアンシチューを作り、料理効果を発揮する","0","0","0","","44","味皇","胖虎炖菜","料理","威力：Ａ（器）　対象：敵全体　属性：闇
制作胖虎炖菜，发挥料理效果"
"125","味皇","10","技能","2317","ウェディングケーキ","料理","威力：Ａ（器）　対象：敵全体　属性：聖
ウェディングケーキを作り、料理効果を発揮する","0","0","0","","44","味皇","婚礼蛋糕","料理","威力：Ａ（器）　対象：敵全体　属性：聖
制作婚礼蛋糕，发挥料理效果"
"125","味皇","10","能力","8480","包丁マスタリー","特殊アビリティ","包丁の装備効果が上昇する","","","","10","5","味皇","菜刀精通","特殊能力","菜刀的装备效果提升"
"126","ナース","2","技能","2336","応急治療","医術","対象：味方単体　効果：HP中回復
応急的な処置でHPを回復する医療技","0","0","1","","45","护士","紧急治疗","医术","対象：味方単体　効果：HP中回復
用紧急处理恢复HP的医疗技能"
"126","ナース","3","技能","2327","メス投げ","医術","威力：Ｅ（力・器）　対象：敵単体
敵単体に鋭いメスを投げ付ける護身技","0","0","1","","45","护士","手术刀投掷","医术","威力：Ｅ（力・器）　対象：敵単体
向单体敌人投掷锋利的手术刀的防身技"
"126","ナース","4","技能","2340","応急治癒","医術","対象：味方単体　効果：軽状態異常回復
味方単体の状態異常を回復する医療技","0","0","1","","45","护士","紧急治愈","医术","対象：味方単体　効果：軽状態異常回復
恢复我方单体异常状态的医疗技能"
"126","ナース","5","技能","2334","お医者さんごっこ","医術","威力：Ｄ（器）　対象：敵単体　属性：快楽　効果：敏感
艶めかしい触診で快楽ダメージを与える遊戯","0","0","3","","45","护士","医生游戏","医术","威力：Ｄ（器）　対象：敵単体　属性：快楽　効果：敏感
用艳丽的触诊给予快乐伤害的游戏"
"126","ナース","6","技能","2344","代謝活性","医術","対象：味方全体　効果：HPターン小回復
代謝を活性化させ、HPを徐々に回復させる医療技","0","0","2","","45","护士","代谢激活","医术","対象：味方全体　効果：HPターン小回復
激活代谢，逐渐恢复HP的医疗技能"
"126","ナース","6","技能","2347","魔導活性","医術","対象：味方全体　効果：MPターン小回復
魔導代謝を活性化させ、MPを徐々に回復させる医療技","0","0","2","","45","护士","魔导激活","医术","対象：味方全体　効果：MPターン小回復
激活魔导代谢，逐渐恢复MP的医疗技能"
"126","ナース","7","能力","403","「メス」装備可能","職技アビリティ","「メス」が装備可能になる","","","","5","2","护士","可以装备「手术刀」","职技能力","变得可以装备「手术刀」"
"126","ナース","8","技能","2335","強制排尿","医術","威力：Ｃ（器）　対象：敵単体　属性：快楽　効果：失禁
練達した手さばきで失禁を誘う医療技","0","0","4","","45","护士","强制排尿","医术","威力：Ｃ（器）　対象：敵単体　属性：快楽　効果：失禁
熟练的手法诱导失禁的医疗技能"
"126","ナース","9","技能","2338","集団治療","医術","対象：味方全体　効果：HP中回復
応急的な処置で仲間達のHPを回復する医療技","0","0","3","","45","护士","集体治疗","医术","対象：味方全体　効果：HP中回復
通过紧急处理来恢复同伴们的HP的医疗技能"
"126","ナース","10","技能","2350","ドーピング","医術","対象：味方単体　効果：最大HP1.5倍
特殊な薬を味方単体に飲ませ、一時的に最大HPを増強する","0","0","2","","45","护士","兴奋剂","医术","対象：味方単体　効果：最大HP1.5倍
给单个队友服用特殊药物，暂时增强最大HP"
"127","医者","2","技能","2337","緊急オペ","医術","対象：味方単体　効果：HP全回復
本格的な処置でHPを大きく回復する医療技","0","0","2","","45","医生","紧急手术","医术","対象：味方単体　効果：HP全回復
用正式处理大幅恢复HP的医疗技能"
"127","医者","3","技能","2328","解剖","医術","威力：Ｃ（力・器）　対象：敵単体
敵単体を解体する医師の秘技","0","0","3","","45","医生","解剖","医术","威力：Ｃ（力・器）　対象：敵単体
解剖单体敌人的医师秘技"
"127","医者","4","技能","2340","応急治癒","医術","対象：味方単体　効果：軽状態異常回復
味方単体の状態異常を回復する医療技","0","0","1","","45","医生","紧急治愈","医术","対象：味方単体　効果：軽状態異常回復
恢复我方单体异常状态的医疗技能"
"127","医者","5","技能","2342","蘇生","医術","対象：味方単体　効果：蘇生
味方単体を蘇生する医療技","0","0","2","","45","医生","复活","医术","対象：味方単体　効果：蘇生
复活我方单体的医疗技能"
"127","医者","6","技能","2345","裏代謝活性","医術","対象：味方全体　効果：HPターン中回復
代謝を活性化させ、HPを徐々に回復させる医療技","0","0","4","","45","医生","深层代谢激活","医术","対象：味方全体　効果：HPターン中回復
激活代谢，逐渐恢复HP的医疗技能"
"127","医者","6","技能","2348","裏魔導活性","医術","対象：味方全体　効果：MPターン中回復
魔導代謝を活性化させ、MPを徐々に回復させる医療技","0","0","4","","45","医生","裏魔导活性","医术","対象：味方全体　効果：MPターン中回復
激活魔导代谢，逐渐恢复MP的医疗技能"
"127","医者","7","技能","2352","抗生物質注射","医術","対象：味方単体　効果：状態異常予防
抗生物質を味方単体に注射し、状態異常を予防する","0","0","2","","45","医生","抗生素注射","医术","対象：味方単体　効果：状態異常予防
给单个队友注射抗生素，预防状态异常"
"127","医者","8","技能","2354","耐ショック注射","医術","対象：味方単体　効果：即死・昇天・絶頂無効
抵抗薬を味方単体に注射し、即死系効果を予防する","0","0","2","","45","医生","抗休克注射","医术","対象：味方単体　効果：即死・昇天・絶頂無効
给单个队友注射抵抗药，预防即死效果"
"127","医者","9","能力","385","メスブースター","職技アビリティ","メス装備時、その武器によるダメージが15%アップする","","","","10","2","医生","手术刀增强","职技能力","装备手术刀时，该武器造成的伤害提升15%"
"127","医者","10","技能","2351","みんなドーピング","医術","対象：味方全体　効果：最大HP1.5倍
特殊な薬を味方全体に飲ませ、一時的に最大HPを増強する","0","0","6","","45","医生","全员兴奋剂","医术","対象：味方全体　効果：最大HP1.5倍
给全体队友服用特殊药物，暂时增强最大HP"
"128","神医","2","技能","2339","集団オペ","医術","対象：味方全体　効果：HP全回復
本格的な処置で仲間達のHPを大きく回復する医療技","0","0","5","","45","神医","集体手术","医术","対象：味方全体　効果：HP全回復
通过正式处理来大幅恢复同伴们的HP的医疗技能"
"128","神医","3","技能","2330","ターヘルアナトミア","医術","威力：Ａ（力・器）　対象：敵単体　効果：即死　効果：ゾンビ特攻
敵単体の命を奪う致命的医療行為","0","0","7","","45","神医","解体新书","医术","威力：Ａ（力・器）　対象：敵単体　効果：即死　効果：ゾンビ特攻
夺取单体敌人生命的致命医疗行为"
"128","神医","4","技能","2356","再蘇生処置","医術","対象：味方単体　効果：自動蘇生
特殊な処置を施し、戦闘不能になっても自動蘇生させる","0","0","8","","45","神医","再苏生处理","医术","対象：味方単体　効果：自動蘇生
施加特殊处理，即使战斗不能也能自动复活"
"128","神医","5","能力","418","「医術」使用可能","職技アビリティ","「医術」が使用可能になる","","","","5","2","神医","可以使用「医术」","职技能力","可以使用「医术」"
"128","神医","6","技能","2346","外法代謝活性","医術","対象：味方全体　効果：HPターン大回復
代謝を活性化させ、HPを徐々に回復させる医療技","0","0","6","","45","神医","外法代谢激活","医术","対象：味方全体　効果：HPターン大回復
激活代谢，逐渐恢复HP的医疗技能"
"128","神医","6","技能","2349","外法魔導活性","医術","対象：味方全体　効果：MPターン大回復
魔導代謝を活性化させ、MPを徐々に回復させる医療技","0","0","6","","45","神医","外法魔导活性","医术","対象：味方全体　効果：MPターン大回復
激活魔导代谢，逐渐恢复MP的医疗技能"
"128","神医","7","技能","2353","みんな抗生物質注射","医術","対象：味方全体　効果：状態異常予防
抗生物質を味方全体に注射し、状態異常を予防する","0","0","6","","45","神医","全员抗生素注射","医术","対象：味方全体　効果：状態異常予防
给全体队友注射抗生素，预防状态异常"
"128","神医","8","技能","2355","みんな耐ショック注射","医術","対象：味方全体　効果：即死・昇天・絶頂無効
抵抗薬を味方単体に注射し、即死系効果を予防する","0","0","6","","45","神医","全员抗休克注射","医术","対象：味方全体　効果：即死・昇天・絶頂無効
给单个队友注射抵抗药，预防即死效果"
"128","神医","9","能力","386","メスハイブースター","職技アビリティ","メス装備時、その武器によるダメージが30%アップする","","","","20","2","神医","手术刀高级增强","职技能力","装备手术刀时，该武器造成的伤害提升30%"
"128","神医","10","技能","2343","集団蘇生","医術","対象：味方全体　効果：蘇生
味方全体を蘇生する医療技","0","0","4","","45","神医","集体复活","医术","対象：味方全体　効果：蘇生
复活我方全体的医疗技能"
"128","神医","10","能力","8484","メスマスタリー","特殊アビリティ","メスの装備効果が上昇する","","","","10","5","神医","手术刀精通","特殊能力","手术刀的装备效果提升"
"129","メイド","2","技能","2389","お茶が入りました","御奉仕","対象：味方単体　効果：HP・SP小回復
メイド特製のお茶で体力と気力を回復する","0","0","1","","46","女仆","茶已倒入","侍奉","対象：味方単体　効果：HP・SP小回復
用女仆特制的茶回复体力和气力"
"129","メイド","3","技能","2377","恍惚のマッサージ","御奉仕","威力：Ｅ（器）　対象：敵単体　属性：快楽　効果：恍惚
甘い性奉仕で対象を恍惚に導く","0","0","2","","46","女仆","恍惚的按摩","侍奉","威力：Ｅ（器）　対象：敵単体　属性：快楽　効果：恍惚
用甜蜜的性侍奉引导对方进入恍惚状态"
"129","メイド","4","能力","615","土ダメージ半減","防御アビリティ","土属性のダメージを半分にする","","","","10","4","女仆","土伤害减半","防御能力","土属性的伤害减半"
"129","メイド","5","技能","2375","殺虫スプレー","御奉仕","威力：Ｄ（器）　対象：敵全体　属性：バイオ　効果：虫特攻
殺虫スプレーを撒き、虫に大ダメージを与える","0","0","4","","46","女仆","杀虫喷雾","侍奉","威力：Ｄ（器）　対象：敵全体　属性：バイオ　効果：虫特攻
喷洒杀虫喷雾，对虫子造成大伤害"
"129","メイド","6","技能","2376","メイドの剪定","御奉仕","威力：Ｄ（器）　対象：敵全体　効果：植物特攻
枝を剪定し、植物に大ダメージを与える","0","0","4","","46","女仆","女仆的修剪","侍奉","威力：Ｄ（器）　対象：敵全体　効果：植物特攻
修剪树枝，对植物造成大伤害"
"129","メイド","7","技能","2367","ハタキ乱舞","御奉仕","威力：Ｄ（器）　対象：敵単体　効果：暗闇
ハタキを振り回し、砂埃で視界を奪う","0","0","3","","46","女仆","掸子乱舞","侍奉","威力：Ｄ（器）　対象：敵単体　効果：暗闇
挥舞掸子，用沙尘夺取视线"
"129","メイド","8","能力","132","虫特攻","戦技アビリティ","虫に対して特攻ダメージを与える","","","","12","1","女仆","虫特攻","战技能力","对虫造成特攻伤害"
"129","メイド","9","能力","133","植物特攻","戦技アビリティ","植物に対して特攻ダメージを与える","","","","12","1","女仆","植物特攻","战技能力","对植物造成特攻伤害"
"129","メイド","10","技能","2397","家庭菜園の収穫","御奉仕","対象：使用者　効果：食材獲得
世話していた菜園から食材を収穫する","0","0","5","","46","女仆","家庭菜园的收获","侍奉","対象：使用者　効果：食材獲得
从照料的菜园中收获食材"
"130","マスターメイド","2","技能","2390","特製ハーブティーです","御奉仕","対象：味方単体　効果：HP・SP中回復
特製のハーブティーで体力と気力を回復する","0","0","2","","46","大师女仆","特制草本茶","侍奉","対象：味方単体　効果：HP・SP中回復
用特制的草本茶回复体力和气力"
"130","マスターメイド","3","技能","2378","失禁のマッサージ","御奉仕","威力：Ｃ（器）　対象：敵単体　属性：快楽　効果：失禁
甘い性奉仕で対象を失禁に導く","0","0","4","","46","大师女仆","失禁的按摩","侍奉","威力：Ｃ（器）　対象：敵単体　属性：快楽　効果：失禁
用甜蜜的性侍奉引导对方进入失禁状态"
"130","マスターメイド","4","能力","616","土ダメージ無効","防御アビリティ","土属性のダメージを無効化する","","","","15","4","大师女仆","土伤害无效","防御能力","土属性的伤害无效化"
"130","マスターメイド","5","技能","2380","メイドの乳搾り","御奉仕","対象：敵単体　効果：ミルク獲得
牧畜作業にも通じたメイドの乳搾り","0","0","1","","46","大师女仆","女仆的挤奶","侍奉","対象：敵単体　効果：ミルク獲得
结合畜牧作业的女仆挤奶"
"130","マスターメイド","6","能力","685","ヌルヌル回避","防御アビリティ","ヌルヌル状態を50%の確率で無効化する","","","","2","4","大师女仆","黏滑回避","防御能力","黏滑状态50%的概率无效化"
"130","マスターメイド","7","技能","2369","疾駆・雑巾掛け","御奉仕","威力：Ｃ（器）　対象：敵全体　効果：ヌルヌル
雑巾をかけながら敵の群れに突進する","0","0","4","","46","大师女仆","疾驰・擦地","侍奉","威力：Ｃ（器）　対象：敵全体　効果：ヌルヌル
一边擦地一边冲向敌群"
"130","マスターメイド","8","能力","405","「皿」装備可能","職技アビリティ","「皿」が装備可能になる","","","","5","2","大师女仆","可以装备「盘」","职技能力","变得可以装备「盘」"
"130","マスターメイド","9","能力","391","皿ブースター","職技アビリティ","皿装備時、その武器によるダメージが15%アップする","","","","10","2","大师女仆","盘增强","职技能力","装备盘时，该武器造成的伤害提升15%"
"130","マスターメイド","10","能力","755","職業経験値1.5倍","特殊アビリティ","獲得する職業経験値が1.5倍になる","","","","10","5","大师女仆","職業経験値1.5倍","特殊能力","獲得する職業経験値が1.5倍になる"
"131","パーフェクトメイド","2","技能","2391","禁断のハーブティーです","御奉仕","対象：味方単体　効果：HP・SP大回復
禁断のハーブティーで体力と気力を回復する","0","0","4","","46","完美女仆","禁忌草本茶","侍奉","対象：味方単体　効果：HP・SP大回復
用禁忌草本茶回复体力和气力"
"131","パーフェクトメイド","3","技能","2379","昇天のマッサージ","御奉仕","威力：Ａ（器）　対象：敵単体　属性：快楽　効果：絶頂
甘い性奉仕で対象を昇天させる","0","0","7","","46","完美女仆","升天的按摩","侍奉","威力：Ａ（器）　対象：敵単体　属性：快楽　効果：絶頂
通过甜蜜的性侍奉让对象升天"
"131","パーフェクトメイド","4","能力","144","土属性付加","戦技アビリティ","物理攻撃に土属性を付加する","","","","15","1","完美女仆","土属性附加","战技能力","物理攻击附加土属性"
"131","パーフェクトメイド","5","技能","2381","強制おもらし","御奉仕","威力：Ａ（器）　対象：敵単体　属性：快楽　効果：失禁
性器に最高の快楽を与え、屈辱のおもらしに導く","0","0","7","","46","完美女仆","强制失禁","侍奉","威力：Ａ（器）　対象：敵単体　属性：快楽　効果：失禁
给予性器官最高快乐，引导至屈辱的失禁"
"131","パーフェクトメイド","6","能力","686","ヌルヌル無効","防御アビリティ","ヌルヌル状態を完全に無効化する","","","","4","4","完美女仆","黏滑无效","防御能力","完全无效黏滑状态"
"131","パーフェクトメイド","7","技能","2371","皿投げ千枚桜","御奉仕","威力：Ａ（器）　対象：敵ランダム4回
無数の皿を連続で乱れ投げる","0","0","7","","46","完美女仆","千樱盘投掷","侍奉","威力：Ａ（器）　対象：敵ランダム4回
连续投掷无数的盘"
"131","パーフェクトメイド","8","能力","419","「御奉仕」使用可能","職技アビリティ","「御奉仕」が使用可能になる","","","","5","2","完美女仆","可以使用「侍奉」","职技能力","可以使用「侍奉」"
"131","パーフェクトメイド","9","能力","392","皿ハイブースター","職技アビリティ","皿装備時、その武器によるダメージが30%アップする","","","","20","2","完美女仆","盘高级增强","职技能力","装备盘时，该武器造成的伤害提升30%"
"131","パーフェクトメイド","10","能力","756","職業経験値2倍","特殊アビリティ","獲得する職業経験値が2倍になる","","","","20","5","完美女仆","职业经验值2倍","特殊能力","获得职业经验值变为2倍"
"131","パーフェクトメイド","10","能力","8488","皿マスタリー","特殊アビリティ","皿の装備効果が上昇する","","","","10","5","完美女仆","盘精通","特殊能力","盘的装备效果提升"
"134","貴族","2","技能","985","チャージレイ","尖剣技","威力：Ｅ（力・速）　対象：敵単体
鋭く踏み込み、剣先を回転させながら敵にねじ込む尖剣技","0","0","2","","8","贵族","蓄能射线","尖剑技","威力：Ｅ（力・速）　対象：敵単体
锐利地踏入，一边旋转剑尖一边将剑刺入敌人的尖锐剑技"
"134","貴族","3","能力","568","魔法反射10%","防御アビリティ","魔法を10%の確率で反射する","","","","8","4","贵族","魔法反射10%","防御能力","魔法10%的概率反射"
"134","貴族","4","技能","987","ダンシングサーブル","尖剣技","威力：Ｄ（力・速）　対象：敵ランダム3回
踊るような足さばきで連続突きを浴びせる尖剣技","0","0","3","","8","贵族","舞刃之锋","尖剑技","威力：Ｄ（力・速）　対象：敵ランダム3回
以舞蹈般的步伐连续刺击敌人的尖锐剑技"
"134","貴族","5","能力","214","「尖剣」装備可能","戦技アビリティ","「尖剣」が装備可能になる","","","","5","1","贵族","可以装备「尖剑」","战技能力","变得可以装备「尖剑」"
"134","貴族","5","能力","231","「尖剣技」使用可能","戦技アビリティ","「尖剣技」が使用可能になる","","","","5","1","贵族","「尖剑技」可以使用","战技能力","可以使用「尖剑技」"
"134","貴族","6","技能","988","スプラッシュフルーレ","尖剣技","威力：Ｅ（力・速）　対象：敵全体
華麗な足さばきで敵全体を突く尖剣技","0","0","3","","8","贵族","溅洒花剑","尖剑技","威力：Ｅ（力・速）　対象：敵全体
以华丽的步伐刺击全体敌人的尖锐剑技"
"134","貴族","7","能力","708","毎ターンHP5%回復","特殊アビリティ","ターンごとにHPが5%回復する","","","","5","5","贵族","每回合HP恢复5%","特殊能力","每回合HP恢复5%"
"134","貴族","8","技能","1001","ノブレス・オブリージュ","尖剣技","対象：使用者　効果：「尖剣技」連続発動・SP自動回復
3ターンの間尖剣技が連続発動、それ以外のスキルは使用不能","0","0","4","","8","贵族","贵族的义务","尖剑技","対象：使用者　効果：「尖剣技」連続発動・SP自動回復
3回合内尖剑技连续发动，其他技能无法使用"
"134","貴族","9","能力","752","経験値1.5倍","特殊アビリティ","獲得する経験値が1.5倍になる","","","","10","5","贵族","経験値1.5倍","特殊能力","獲得する経験値が1.5倍になる"
"134","貴族","10","技能","986","Vスラッシュ","尖剣技","威力：Ｃ（力・速）　対象：敵単体2回
Vの字に敵を切り裂く華麗な尖剣技","0","0","4","","8","贵族","V斩击","尖剑技","威力：Ｃ（力・速）　対象：敵単体2回
以V字形切开敌人的华丽尖锐剑技"
"135","王","2","技能","2403","陽斬","王技","威力：Ｂ（力）　対象：敵単体　属性：炎
武芸に長けた王族が修得する炎の刃","0","0","4","","47","王","阳斩","王技","威力：Ｂ（力）　対象：敵単体　属性：炎
擅长武艺的王族修得的炎之刃"
"135","王","3","能力","572","会心無効","防御アビリティ","敵の会心攻撃を通常ダメージに変換する","","","","15","4","王","会心无效","防御能力","将敌人的会心攻击转换为普通伤害"
"135","王","4","技能","2420","王の威光","王技","対象：使用者　効果：全能力アップ
王の威光で全能力を覚醒させる","0","0","4","","47","王","王的威光","王技","対象：使用者　効果：全能力アップ
王的威光唤醒全能力"
"135","王","5","能力","166","尖剣ブースター","戦技アビリティ","尖剣装備時、その武器によるダメージが15%アップする","","","","10","1","王","尖剑增强","战技能力","装备尖剑时，该武器造成的伤害提升15%"
"135","王","6","技能","2421","王権神授","王技","対象：使用者　効果：HP・SP・MPターン大回復
神の恩寵を受けHPやMP、SPが徐々に回復していく","0","0","3","","47","王","君权神授","王技","対象：使用者　効果：HP・SP・MPターン大回復
接受神的恩宠，HP、MP、SP逐渐回复"
"135","王","7","能力","709","毎ターンHP10%回復","特殊アビリティ","ターンごとにHPが10%回復する","","","","10","5","王","每回合HP恢复10%","特殊能力","每回合HP恢复10%"
"135","王","8","技能","2413","王の軍隊","王技","威力：Ａ（力）　対象：敵ランダム4回
王の軍隊を招集し、敵の群れを攻撃させる","0","0","6","","47","王","王的军队","王技","威力：Ａ（力）　対象：敵ランダム4回
召集王的军队，攻击敌群"
"135","王","9","能力","753","経験値2倍","特殊アビリティ","獲得する経験値が2倍になる","","","","20","5","王","经验值2倍","特殊能力","获得的经验值变为2倍"
"135","王","10","技能","2404","王命剣","王技","威力：Ａ（力）　対象：敵全体　属性：炎
王者の信念を込めて繰り出される爆炎の剣","0","0","7","","47","王","王命剑","王技","威力：Ａ（力）　対象：敵全体　属性：炎
蕴含王者信念的爆炎之剑"
"136","騎士王","2","技能","2405","キングスクルセイド","王技","威力：Ｓ（力）　対象：敵単体
王者にのみ伝えられる伝説の剣技","0","0","10","","47","骑士王","王之东征","王技","威力：Ｓ（力）　対象：敵単体
只有王者才能传承的传说剑技"
"136","騎士王","3","能力","64","HP40%アップ","戦技アビリティ","最大HPが40%アップする","","","","10","1","骑士王","HP提升40%","战技能力","最大HP提升40%"
"136","騎士王","4","能力","420","「王技」使用可能","職技アビリティ","「王技」が使用可能になる","","","","5","2","骑士王","可以使用「王技」","职技能力","可以使用「王技」"
"136","騎士王","5","能力","167","尖剣ハイブースター","戦技アビリティ","尖剣装備時、その武器によるダメージが30%アップする","","","","20","1","骑士王","尖剑高级增强","战技能力","装备尖剑时，该武器造成的伤害提升30%"
"136","騎士王","6","能力","590","物理ダメージ軽減","防御アビリティ","物理属性のダメージを3/4にする","","","","10","4","骑士王","物理伤害减轻","防御能力","物理属性的伤害降低至3/4"
"136","騎士王","7","能力","710","毎ターンHP20%回復","特殊アビリティ","ターンごとにHPが20%回復する","","","","20","5","骑士王","每回合HP恢复20%","特殊能力","每回合HP恢复20%"
"136","騎士王","8","技能","2414","王国騎士団","王技","威力：Ｓ（力）　対象：敵ランダム6回
王国騎士団を招集し、敵の群れを攻撃させる","0","0","10","","47","骑士王","王国骑士团","王技","威力：Ｓ（力）　対象：敵ランダム6回
召集王国骑士团，攻击敌群"
"136","騎士王","8","能力","6350","獅子奮迅","戦技アビリティ","敵複数時、全武技および王技・勇者技の威力が15%アップする
※強敵との戦い・勇者の挑戦系との併用は不可能","","","","5","1","骑士王","狮子奋迅","战技能力","敌人为复数时，所有武技和王技・勇者技的威力提升15%
※无法与强敌对峙・勇者的挑战系技能同时使用"
"136","騎士王","9","能力","7175","王技防御力半分付加","職技アビリティ","王技の威力に防御力の半分を付加する","","","","10","2","骑士王","王技附加一半的防御力","职技能力","王技の威力に防御力の半分を付加する"
"136","騎士王","9","能力","8498","鎧マスタリー","特殊アビリティ","胸当て・鎧・重鎧・甲羅の装備効果が上昇する","","","","5","5","骑士王","铠精通","特殊能力","胸甲・铠・重铠・甲壳的装备效果提升"
"136","騎士王","10","技能","2406","覇道皇塵剣","王技","威力：Ｓ（力）　対象：敵全体
王の信念をもって放たれる、絶大なる奥義","0","0","12","","47","骑士王","霸道皇尘剑","王技","威力：Ｓ（力）　対象：敵全体
以王者的信念释放的强大奥义"
"136","騎士王","10","能力","8446","尖剣マスタリー","特殊アビリティ","尖剣の装備効果が上昇する","","","","10","5","骑士王","尖剑精通","特殊能力","尖剑的装备效果提升"
"137","魔導王","2","技能","2407","ルミナスレイ","王技","威力：Ｓ（魔）　対象：敵単体
魔反鏡で敵を囲み、熱線を照射する魔術","0","25","0","","47","魔导王","光之射线","王技","威力：Ｓ（魔）　対象：敵単体
用魔镜包围敌人并向其发射热射线的魔法"
"137","魔導王","3","能力","449","MP40%アップ","魔法アビリティ","最大MPが40%アップする","","","","10","3","魔导王","MP提升40%","魔法能力","最大MP提升40%"
"137","魔導王","4","能力","420","「王技」使用可能","職技アビリティ","「王技」が使用可能になる","","","","5","2","魔导王","可以使用「王技」","职技能力","可以使用「王技」"
"137","魔導王","5","能力","167","尖剣ハイブースター","戦技アビリティ","尖剣装備時、その武器によるダメージが30%アップする","","","","20","1","魔导王","尖剑高级增强","战技能力","装备尖剑时，该武器造成的伤害提升30%"
"137","魔導王","6","能力","638","属性ダメージ軽減","防御アビリティ","聖と闇以外の属性ダメージを3/4にする","","","","10","4","魔导王","属性伤害减轻","防御能力","圣与暗以外的属性伤害降低至3/4"
"137","魔導王","7","能力","710","毎ターンHP20%回復","特殊アビリティ","ターンごとにHPが20%回復する","","","","20","5","魔导王","每回合HP恢复20%","特殊能力","每回合HP恢复20%"
"137","魔導王","8","技能","2415","国教魔導団","王技","威力：Ｓ（魔）　対象：敵ランダム6回　属性：炎・氷・雷
国教魔導団を招集し、敵の群れを攻撃させる","0","25","0","","47","魔导王","国教魔导团","王技","威力：Ｓ（魔）　対象：敵ランダム6回　属性：炎・氷・雷
召集国教魔导团，攻击敌群"
"137","魔導王","9","能力","7176","王技精神力半分付加","職技アビリティ","王技の威力に精神力の半分を付加する","","","","10","2","魔导王","王技附加一半的精神力","职技能力","王技の威力に精神力の半分を付加する"
"137","魔導王","9","能力","8500","ローブマスタリー","特殊アビリティ","ローブの装備効果が上昇する","","","","5","5","魔导王","长袍精通","特殊能力","长袍的装备效果提升"
"137","魔導王","10","技能","2408","魔導滅光","王技","威力：Ｓ（魔）　対象：敵全体
天空から破壊光線を照射させる魔導王の奥義","0","30","0","","47","魔导王","魔导灭光","王技","威力：Ｓ（魔）　対象：敵全体
从天空照射破坏光线的魔导王奥义"
"137","魔導王","10","能力","8466","ロッドマスタリー","特殊アビリティ","ロッド・魔導剣の装備効果が上昇する","","","","10","5","魔导王","法杖精通","特殊能力","法杖・魔导剑的装备效果提升"
"138","法王","2","技能","2422","癒しの恩寵","王技","対象：味方全体　効果：HP中回復・SP小回復
法王の祈りにより、味方全体のHPとSPが回復する","0","30","0","","47","教皇","治愈的恩宠","王技","対象：味方全体　効果：HP中回復・SP小回復
教皇的祈祷，使我方全体的HP和SP回复"
"138","法王","3","能力","569","魔法反射30%","防御アビリティ","魔法を30%の確率で反射する","","","","12","4","教皇","魔法反射30%","防御能力","魔法30%的概率反射"
"138","法王","4","技能","2424","聖者再臨","王技","対象：使用者　効果：再蘇生
真摯な祈りにより、自身の自動復活が可能になる","0","0","3","","47","教皇","圣者再临","王技","対象：使用者　効果：再蘇生
真挚的祈祷，使自身能够自动复活"
"138","法王","5","能力","500","回復ブースター","魔法アビリティ","回復属性の効果が30%アップする","","","","8","3","教皇","恢复增强","魔法能力","恢复属性效果提升30%"
"138","法王","6","技能","2409","第13法典・鉄槌","王技","威力：Ｂ（魔）　対象：敵全体　属性：聖
聖波動で邪悪を照らし出す法王の聖術","0","8","3","","47","教皇","第13法典・铁锤","王技","威力：Ｂ（魔）　対象：敵全体　属性：聖
用圣波动照出邪恶的教皇圣术"
"138","法王","7","能力","488","聖ブースター","魔法アビリティ","聖属性のダメージが15%アップする","","","","8","3","教皇","圣增强","魔法能力","圣属性伤害提升15%"
"138","法王","8","能力","298","聖者殉教","職技アビリティ","戦闘不能時、味方全体のHPを全回復および完全蘇生","","","","10","2","教皇","圣者殉教","职技能力","战斗不能时，我方全体HP全恢复及完全复活"
"138","法王","9","能力","753","経験値2倍","特殊アビリティ","獲得する経験値が2倍になる","","","","20","5","教皇","经验值2倍","特殊能力","获得的经验值变为2倍"
"138","法王","10","技能","2418","回転説法","王技","威力：Ｄ（魔）　対象：敵全体　効果：昇天
回転しながらの説法で敵全体を昇天させる","0","10","4","","47","教皇","旋转布道","王技","威力：Ｄ（魔）　対象：敵全体　効果：昇天
旋转布道使全体敌人升天"
"139","神聖法王","2","技能","2423","復活の恩寵","王技","対象：味方全体（待機メンバー含む）　効果：蘇生
深き祈りにより、待機メンバー含む味方全体が蘇生","0","30","8","","47","神圣教皇","复活的恩宠","王技","対象：味方全体（待機メンバー含む）　効果：蘇生
深切的祈祷，使包括待机成员在内的我方全体复活"
"139","神聖法王","3","能力","570","魔法反射50%","防御アビリティ","魔法を50%の確率で反射する","","","","20","4","神圣教皇","魔法反射50%","防御能力","魔法50%的概率反射"
"139","神聖法王","4","技能","2425","使徒再臨","王技","対象：味方全体　効果：戦闘不能時復活
真摯な祈りにより、味方全体の自動復活が可能になる","0","0","20","","47","神圣教皇","使徒再临","王技","対象：味方全体　効果：戦闘不能時復活
真挚的祈祷，使我方全体能够自动复活"
"139","神聖法王","5","能力","501","回復ハイブースター","魔法アビリティ","回復属性の効果が50%アップする","","","","16","3","神圣教皇","恢复高级增强","魔法能力","恢复属性效果提升50%"
"139","神聖法王","6","技能","2410","第666法典・黙示","王技","威力：Ｓ（魔）　対象：敵全体　属性：聖　効果：昇天
聖波動を連続照射し悪を滅ぼす法王の奥義","0","15","6","","47","神圣教皇","第666法典・启示","王技","威力：Ｓ（魔）　対象：敵全体　属性：聖　効果：昇天
连续照射圣波动消灭邪恶的教皇奥义"
"139","神聖法王","7","能力","489","聖ハイブースター","魔法アビリティ","聖属性のダメージが30%アップする","","","","16","3","神圣教皇","圣高级增强","魔法能力","圣属性伤害提升30%"
"139","神聖法王","8","技能","2416","十字軍","王技","威力：Ｓ（魔）　対象：敵ランダム6回
十字軍を招集し、敵の群れを攻撃させる","0","12","5","","47","神圣教皇","十字军","王技","威力：Ｓ（魔）　対象：敵ランダム6回
召集十字军，攻击敌群"
"139","神聖法王","8","能力","8506","帽子マスタリー","特殊アビリティ","帽子・魔帽・高級帽の装備効果が上昇する","","","","5","5","神圣教皇","帽子精通","特殊能力","帽子・魔法帽・高级帽的装备效果提升"
"139","神聖法王","9","能力","7176","王技精神力半分付加","職技アビリティ","王技の威力に精神力の半分を付加する","","","","10","2","神圣教皇","王技附加一半的精神力","职技能力","王技の威力に精神力の半分を付加する"
"139","神聖法王","9","能力","8500","ローブマスタリー","特殊アビリティ","ローブの装備効果が上昇する","","","","5","5","神圣教皇","长袍精通","特殊能力","长袍的装备效果提升"
"139","神聖法王","10","技能","2419","昇天説法","王技","威力：Ａ（魔）　対象：敵全体　効果：昇天
昇天しながらの説法で敵全体を昇天させる","0","15","6","","47","神圣教皇","升天布道","王技","威力：Ａ（魔）　対象：敵全体　効果：昇天
升天布道使全体敌人升天"
"139","神聖法王","10","能力","8464","杖マスタリー","特殊アビリティ","杖の装備効果が上昇する","","","","10","5","神圣教皇","杖精通","特殊能力","杖的装备效果提升"
"140","機甲法王","2","技能","2411","ホーリーグレネード","王技","威力：Ｓ（器）　対象：敵全体　属性：炎・聖　効果：昇天・バーン
アンティオキアの聖なる手榴弾で邪悪を滅ぼす","0","15","6","","47","机甲教皇","神圣手榴弹","王技","威力：Ｓ（器）　対象：敵全体　属性：炎・聖　効果：昇天・バーン
用安提奥基亚的神圣手榴弹消灭邪恶"
"140","機甲法王","3","能力","570","魔法反射50%","防御アビリティ","魔法を50%の確率で反射する","","","","20","4","机甲教皇","魔法反射50%","防御能力","魔法50%的概率反射"
"140","機甲法王","4","能力","299","聖者玉砕","職技アビリティ","戦闘不能時、敵全体に炎・聖属性の大ダメージ","","","","10","2","机甲教皇","圣者玉碎","职技能力","战斗不能时，对全体敌人造成炎・圣属性的大伤害"
"140","機甲法王","5","能力","501","回復ハイブースター","魔法アビリティ","回復属性の効果が50%アップする","","","","16","3","机甲教皇","恢复高级增强","魔法能力","恢复属性效果提升50%"
"140","機甲法王","6","技能","2426","ブリッツクリーグ","王技","対象：使用者　効果：2回行動・被ダメージ2倍
2回行動が可能になるが、受けるダメージも倍増する","0","0","3","","47","机甲教皇","闪电战","王技","対象：使用者　効果：2回行動・被ダメージ2倍
可以进行2次行动，但受到的伤害也会倍增"
"140","機甲法王","7","能力","489","聖ハイブースター","魔法アビリティ","聖属性のダメージが30%アップする","","","","16","3","机甲教皇","圣高级增强","魔法能力","圣属性伤害提升30%"
"140","機甲法王","8","技能","2417","機甲十字軍","王技","威力：Ｓ（器）　対象：敵ランダム6回　属性：炎
機甲十字軍を招集し、敵の群れを攻撃させる","0","12","5","","47","机甲教皇","机甲十字军","王技","威力：Ｓ（器）　対象：敵ランダム6回　属性：炎
召集机甲十字军，攻击敌群"
"140","機甲法王","9","能力","7177","王技器用さ半分付加","職技アビリティ","王技の威力に器用さの半分を付加する","","","","10","2","机甲教皇","王技附加一半的灵巧","职技能力","王技の威力に器用さの半分を付加する"
"140","機甲法王","9","能力","8500","ローブマスタリー","特殊アビリティ","ローブの装備効果が上昇する","","","","5","5","机甲教皇","长袍精通","特殊能力","长袍的装备效果提升"
"140","機甲法王","10","技能","2249","8.8cm滅魔教会砲","マキナ","威力：ＳＳＳ（器）　対象：敵単体　属性：修羅・核熱
古代機械兵器の粋を集め、教会が極秘開発した究極火砲","0","0","18","","43","机甲教皇","8.8cm滅魔教会砲","器械","威力：ＳＳＳ（器）　対象：敵単体　属性：修羅・核熱
集古代机械兵器之精华，教会秘密开发的究极火炮"
"140","機甲法王","10","能力","8492","銃マスタリー","特殊アビリティ","銃の装備効果が上昇する","","","","10","5","机甲教皇","铳精通","特殊能力","铳的装备效果提升"
"141","見習い勇者","2","技能","2432","やたらめった斬り","勇者技","威力：Ｅ（力）　対象：敵ランダム4回
めちゃくちゃに剣を振り回す剣技","0","0","1","","48","见习勇者","胡乱斩击","勇者技","威力：Ｅ（力）　対象：敵ランダム4回
胡乱挥舞一气的剑技"
"141","見習い勇者","3","能力","268","SP10%アップ","職技アビリティ","最大SPが10%アップする","","","","3","2","见习勇者","SP提升10%","职技能力","最大SP提升10%"
"141","見習い勇者","4","能力","123","スライム特攻","戦技アビリティ","スライムに対して特攻ダメージを与える","","","","12","1","见习勇者","史莱姆特攻","战技能力","对史莱姆造成特攻伤害"
"141","見習い勇者","5","技能","3121","背水","特技","対象：使用者　効果：会心率大アップ
瀕死のダメージと引き替えに会心率が大きく上がる","0","0","0","","63","见习勇者","背水","特技","対象：使用者　効果：会心率大アップ
濒死伤害换取会心率大幅提高"
"141","見習い勇者","6","能力","801","快楽のとりこ","特殊アビリティ","快楽ダメージが2倍になるが、獲得経験値が50%アップする","","","","1","5","见习勇者","快乐俘虏","特殊能力","快乐伤害变为2倍，但获得的经验值提升50%"
"141","見習い勇者","7","技能","2433","我流ファイア斬","勇者技","威力：Ｄ（力）　対象：敵単体　属性：炎
炎の力で斬りつける我流の剣技","0","0","3","","48","见习勇者","我流火焰斩","勇者技","威力：Ｄ（力）　対象：敵単体　属性：炎
用火焰之力斩击的我流剑技"
"141","見習い勇者","8","能力","573","女神の加護","防御アビリティ","戦闘不能時、一度だけ瀕死の状態で蘇生する","","","","10","4","见习勇者","女神的加护","防御能力","战斗不能时，有一次以濒死状态复活"
"141","見習い勇者","9","能力","718","毎ターンSP5%回復","特殊アビリティ","ターンごとにSPが5%回復する","","","","5","5","见习勇者","每回合SP恢复5%","特殊能力","每回合SP恢复5%"
"141","見習い勇者","10","技能","2434","燃えろ！ぐるぐる斬","勇者技","威力：Ｄ（力）　対象：敵全体　属性：炎
剣に炎を宿し、ぐるぐる回転する無茶な技","0","0","4","","48","见习勇者","燃烧吧！转啊转斩","勇者技","威力：Ｄ（力）　対象：敵全体　属性：炎
剑上寄宿火焰，咕噜咕噜旋转的疯狂技"
"142","勇者","2","技能","2435","妖魔斬","勇者技","威力：Ｃ（力）　対象：敵単体　効果：妖魔・吸血鬼特攻
妖魔を滅ぼす勇者の剣","0","0","3","","48","勇者","妖魔斩","勇者技","威力：Ｃ（力）　対象：敵単体　効果：妖魔・吸血鬼特攻
消灭妖魔的勇者之剑"
"142","勇者","2","技能","2436","不死斬","勇者技","威力：Ｃ（力）　対象：敵単体　効果：ゾンビ・ゴースト特攻
アンデッドを滅ぼす勇者の剣","0","0","3","","48","勇者","不死斩","勇者技","威力：Ｃ（力）　対象：敵単体　効果：ゾンビ・ゴースト特攻
消灭不死族的勇者之剑"
"142","勇者","3","能力","269","SP20%アップ","職技アビリティ","最大SPが20%アップする","","","","5","2","勇者","SP提升20%","职技能力","最大SP提升20%"
"142","勇者","4","能力","116","妖魔特攻","戦技アビリティ","妖魔に対して特攻ダメージを与える","","","","12","1","勇者","妖魔特攻","战技能力","对妖魔造成特攻伤害"
"142","勇者","4","能力","118","淫魔特攻","戦技アビリティ","淫魔に対して特攻ダメージを与える","","","","12","1","勇者","淫魔特攻","战技能力","对淫魔造成特攻伤害"
"142","勇者","4","能力","119","吸血鬼特攻","戦技アビリティ","吸血鬼に対して特攻ダメージを与える","","","","12","1","勇者","吸血鬼特攻","战技能力","对吸血鬼造成特攻伤害"
"142","勇者","5","技能","2437","烈火天翔閃","勇者技","威力：Ｂ（力）　対象：敵単体　属性：炎
刃に炎を宿し、渾身の振り下ろしを繰り出す勇者の剣技","0","0","5","","48","勇者","烈火天翔闪","勇者技","威力：Ｂ（力）　対象：敵単体　属性：炎
剑刃附着火焰，全力挥下的勇者剑技"
"142","勇者","6","能力","574","女神の奇跡","防御アビリティ","戦闘不能時、一度だけHP半分の状態で蘇生する","","","","15","4","勇者","女神的奇迹","防御能力","战斗不能时，有一次以HP半满状态复活"
"142","勇者","7","能力","719","毎ターンSP10%回復","特殊アビリティ","ターンごとにSPが10%回復する","","","","10","5","勇者","每回合SP恢复10%","特殊能力","每回合SP恢复10%"
"142","勇者","8","技能","2438","紅蓮廻天斬","勇者技","威力：Ｂ（力）　対象：敵全体　属性：炎
紅蓮の炎をまとい回転斬りを繰り出す勇者の剣技","0","0","6","","48","勇者","红莲回天斩","勇者技","威力：Ｂ（力）　対象：敵全体　属性：炎
附着红莲之炎，旋转斩击的勇者剑技"
"142","勇者","9","能力","151","物理ブースター","戦技アビリティ","物理ダメージが15%アップする","","","","10","1","勇者","物理增强","战技能力","物理伤害提升15%"
"142","勇者","10","技能","2439","紅蓮炎舞","勇者技","威力：Ａ（力）　対象：敵ランダム4回　属性：炎
業火をまとった勇者の四連撃","0","0","6","","48","勇者","红莲炎舞","勇者技","威力：Ａ（力）　対象：敵ランダム4回　属性：炎
附着业火的勇者四连击"
"143","光の勇者","2","技能","2440","プラズマブレイク","勇者技","威力：Ｓ（力）　対象：敵単体　属性：雷
プラズマを発生させながら袈裟斬りにする剣技","0","0","10","","48","光之勇者","电浆破碎","勇者技","威力：Ｓ（力）　対象：敵単体　属性：雷
产生等离子体的同时进行袈裟斩的剑技"
"143","光の勇者","2","能力","6404","光を断つ勇技","戦技アビリティ","勇者技で聖痕状態の敵に特攻が発生する","","","","2","1","光之勇者","断光勇技","战技能力","勇者技对处于圣痕状态的敌人发动特攻"
"143","光の勇者","3","能力","271","SP40%アップ","職技アビリティ","最大SPが40%アップする","","","","10","2","光之勇者","SP提升40%","职技能力","最大SP提升40%"
"143","光の勇者","3","能力","7326","シルフの助け","魔法アビリティ","戦闘開始時、シルフが自動召喚される","","","","10","3","光之勇者","希尔芙的帮助","魔法能力","战斗开始时，会自动召唤希尔芙"
"143","光の勇者","4","技能","2457","ブレイブウォール","勇者技","対象：味方単体　効果：ディフレクト2回
どんな攻撃も2回だけ防ぐ防護壁を作り出す","0","0","4","","48","光之勇者","勇气之墙","勇者技","対象：味方単体　効果：ディフレクト2回
制造出一道能防御任何攻击两次的防护墙"
"143","光の勇者","4","能力","6522","ボス特攻30%","戦技アビリティ","ボスへのダメージが30%アップする","","","","20","1","光之勇者","BOSS特攻30%","战技能力","对BOSS的伤害提升30%"
"143","光の勇者","4","能力","7893","最大HP・MP・SP10%アップ","特殊アビリティ","最大HP・MP・SPが10%アップする","","","","5","5","光之勇者","最大HP・MP・SP提升10%","特殊能力","最大HP・MP・SP提升10%"
"143","光の勇者","5","能力","421","「勇者技」使用可能","職技アビリティ","「勇者技」が使用可能になる","","","","5","2","光之勇者","可以使用「勇者技」","职技能力","可以使用「勇者技」"
"143","光の勇者","5","能力","626","闇ダメージ軽減","防御アビリティ","闇属性のダメージを3/4にする","","","","10","4","光之勇者","暗伤害减轻","防御能力","暗属性的伤害降低至3/4"
"143","光の勇者","6","技能","2442","グランドリオン","勇者技","威力：ＳＳ（力）　対象：敵全体
正義の心が導く必殺の剣閃","0","0","17","","48","光之勇者","格兰多利昂","勇者技","威力：ＳＳ（力）　対象：敵全体
正义之心引导的必杀剑闪"
"143","光の勇者","6","能力","7329","サラマンダーの助け","魔法アビリティ","攻撃を受けた時、サラマンダーが召喚反撃を行う事がある","","","","10","3","光之勇者","萨拉曼达的帮助","魔法能力","受到攻击时，有时会召唤萨拉曼达进行反击"
"143","光の勇者","7","能力","575","女神の傀儡","防御アビリティ","戦闘不能時、一度だけHP全快の状態で蘇生する","","","","20","4","光之勇者","女神的傀儡","防御能力","战斗不能时，有一次以HP全满状态复活"
"143","光の勇者","7","能力","720","毎ターンSP20%回復","特殊アビリティ","ターンごとにSPが20%回復する","","","","20","5","光之勇者","每回合SP恢复20%","特殊能力","每回合SP恢复20%"
"143","光の勇者","7","能力","6376","勇気ある者の剣","戦技アビリティ","短剣技・剣技・尖剣技・刀技・勇者技でボスに与えるダメージが15%アップ","","","","5","1","光之勇者","勇者的剑","战技能力","短剑技・剑技・尖剑技・刀技・勇者技对Boss造成的伤害提升15%"
"143","光の勇者","8","能力","7179","勇者技精神力半分付加","職技アビリティ","勇者技の威力に精神力の半分を付加する","","","","10","2","光之勇者","勇者技附加一半的精神力","职技能力","勇者技の威力に精神力の半分を付加する"
"143","光の勇者","8","能力","8235","勇者チェーン","特殊アビリティ","「剣技」の後に「勇者技」を発動できる","","","","10","5","光之勇者","勇者链","特殊能力","「剑技」之后可以发动「勇者技」"
"143","光の勇者","9","能力","152","物理ハイブースター","戦技アビリティ","物理ダメージが30%アップする","","","","20","1","光之勇者","物理高级增强","战技能力","物理伤害提升30%"
"143","光の勇者","9","能力","6347","強敵との対峙","戦技アビリティ","敵単体時、全武技および王技・勇者技の威力が15%アップする
※獅子奮迅・一騎当千系との併用は不可能","","","","5","1","光之勇者","与强敌对峙","战技能力","敌人为单体时，所有武技和王技・勇者技的威力提升15%
※无法与狮子奋迅・一骑当千系技能同时使用"
"143","光の勇者","10","技能","2444","烈心聖光斬","勇者技","威力：ＳＳＳ（力）　対象：敵単体　属性：聖
聖なる波動をまとった浄化の剣","0","30","9","","48","光之勇者","烈心圣光斩","勇者技","威力：ＳＳＳ（力）　対象：敵単体　属性：聖
附着神圣波动的净化之剑"
"143","光の勇者","10","能力","8445","剣ハイマスタリー","特殊アビリティ","剣の装備効果が格段に上昇する","","","","15","5","光之勇者","剑高级精通","特殊能力","剑的装备效果显著提升"
"143","光の勇者","10","能力","9852","勇者の証","マスターアビリティ","戦技APの最大値が10上昇し、勇者技ダメージが20%アップ","","","","0","999","光之勇者","勇者的证明","大师能力","战技AP的最大值增加10，勇者技伤害提升20%"
"144","闇の勇者","2","技能","2441","シャドウブレイク","勇者技","威力：ＳＳ（力）　対象：敵単体　属性：闇
闇のオーラをまといながら袈裟斬りにする剣技","8%当前HP","0","7","","48","暗之勇者","暗影破碎","勇者技","威力：ＳＳ（力）　対象：敵単体　属性：闇
附着暗之气息的同时进行袈裟斩的剑技"
"144","闇の勇者","2","能力","6405","闇を断つ勇技","戦技アビリティ","勇者技で闇穢状態の敵に特攻が発生する","","","","2","1","暗之勇者","断暗勇技","战技能力","勇者技对处于暗秽状态的敌人发动特攻"
"144","闇の勇者","3","能力","271","SP40%アップ","職技アビリティ","最大SPが40%アップする","","","","10","2","暗之勇者","SP提升40%","职技能力","最大SP提升40%"
"144","闇の勇者","3","能力","7327","ノームの助け","魔法アビリティ","ターン終了時、ノームが自動召喚される事がある","","","","10","3","暗之勇者","诺姆的帮助","魔法能力","回合结束时，诺姆有可能自动召唤"
"144","闇の勇者","4","技能","3123","究極背水","特技","対象：使用者　効果：全能力アップ
瀕死のダメージと引き替えに全能力が上がる","0","0","0","","63","暗之勇者","究极背水","特技","対象：使用者　効果：全能力アップ
濒死伤害换取全能力提升"
"144","闇の勇者","4","能力","6522","ボス特攻30%","戦技アビリティ","ボスへのダメージが30%アップする","","","","20","1","暗之勇者","BOSS特攻30%","战技能力","对BOSS的伤害提升30%"
"144","闇の勇者","4","能力","7893","最大HP・MP・SP10%アップ","特殊アビリティ","最大HP・MP・SPが10%アップする","","","","5","5","暗之勇者","最大HP・MP・SP提升10%","特殊能力","最大HP・MP・SP提升10%"
"144","闇の勇者","5","能力","138","天使特攻","戦技アビリティ","天使に対して特攻ダメージを与える","","","","12","1","暗之勇者","天使特攻","战技能力","对天使造成特攻伤害"
"144","闇の勇者","5","能力","421","「勇者技」使用可能","職技アビリティ","「勇者技」が使用可能になる","","","","5","2","暗之勇者","可以使用「勇者技」","职技能力","可以使用「勇者技」"
"144","闇の勇者","5","能力","622","聖ダメージ軽減","防御アビリティ","聖属性のダメージを3/4にする","","","","10","4","暗之勇者","圣伤害减轻","防御能力","圣属性的伤害降低至3/4"
"144","闇の勇者","6","技能","2443","ヴェルデリオン","勇者技","威力：ＳＳ（力）　対象：敵全体　属性：闇
闇の波動を解放する必殺の剣閃","12%当前HP","0","9","","48","暗之勇者","威尔帝利昂","勇者技","威力：ＳＳ（力）　対象：敵全体　属性：闇
解放暗之波动的必杀剑闪"
"144","闇の勇者","6","能力","7328","ウンディーネの助け","魔法アビリティ","ターン開始時、ウンディーネが自動召喚される事がある","","","","10","3","暗之勇者","温蒂妮的帮助","魔法能力","回合开始时，有时会自动召唤温蒂妮"
"144","闇の勇者","7","能力","720","毎ターンSP20%回復","特殊アビリティ","ターンごとにSPが20%回復する","","","","20","5","暗之勇者","每回合SP恢复20%","特殊能力","每回合SP恢复20%"
"144","闇の勇者","7","能力","6376","勇気ある者の剣","戦技アビリティ","短剣技・剣技・尖剣技・刀技・勇者技でボスに与えるダメージが15%アップ","","","","5","1","暗之勇者","勇者的剑","战技能力","短剑技・剑技・尖剑技・刀技・勇者技对Boss造成的伤害提升15%"
"144","闇の勇者","8","能力","7178","勇者技防御力半分付加","職技アビリティ","勇者技の威力に防御力の半分を付加する","","","","10","2","暗之勇者","勇者技附加一半的防御力","职技能力","勇者技の威力に防御力の半分を付加する"
"144","闇の勇者","8","能力","8235","勇者チェーン","特殊アビリティ","「剣技」の後に「勇者技」を発動できる","","","","10","5","暗之勇者","勇者链","特殊能力","「剑技」之后可以发动「勇者技」"
"144","闇の勇者","9","能力","152","物理ハイブースター","戦技アビリティ","物理ダメージが30%アップする","","","","20","1","暗之勇者","物理高级增强","战技能力","物理伤害提升30%"
"144","闇の勇者","9","能力","6347","強敵との対峙","戦技アビリティ","敵単体時、全武技および王技・勇者技の威力が15%アップする
※獅子奮迅・一騎当千系との併用は不可能","","","","5","1","暗之勇者","与强敌对峙","战技能力","敌人为单体时，所有武技和王技・勇者技的威力提升15%
※无法与狮子奋迅・一骑当千系技能同时使用"
"144","闇の勇者","10","技能","2431","シャドウラプソディ","勇者技","威力：ＳＳＳ（力）　対象：敵ランダム4回　属性：闇
闇のオーラをまといながら乱撃を繰り出す奥義","14%当前HP","0","9","","48","暗之勇者","暗影狂想曲","勇者技","威力：ＳＳＳ（力）　対象：敵ランダム4回　属性：闇
伴随着暗之气息的乱击奥义"
"144","闇の勇者","10","能力","8445","剣ハイマスタリー","特殊アビリティ","剣の装備効果が格段に上昇する","","","","15","5","暗之勇者","剑高级精通","特殊能力","剑的装备效果显著提升"
"144","闇の勇者","10","能力","9852","勇者の証","マスターアビリティ","戦技APの最大値が10上昇し、勇者技ダメージが20%アップ","","","","0","999","暗之勇者","勇者的证明","大师能力","战技AP的最大值增加10，勇者技伤害提升20%"
"6998","野生児","2","技能","2686","噛み付き","獣技","威力：Ｄ（力）　対象：敵単体
鋭い牙で噛み付く獣技","0","0","2","","53","野孩子","咬击","獣技","威力：Ｄ（力）　対象：敵単体
用锐利的牙齿咬击的兽技"
"6998","野生児","3","能力","61","HP10%アップ","戦技アビリティ","最大HPが10%アップする","","","","3","1","野孩子","HP提升10%","战技能力","最大HP提升10%"
"6998","野生児","4","能力","268","SP10%アップ","職技アビリティ","最大SPが10%アップする","","","","3","2","野孩子","SP提升10%","职技能力","最大SP提升10%"
"6998","野生児","5","能力","66","攻撃力10%アップ","戦技アビリティ","攻撃力が10%アップする","","","","3","1","野孩子","攻击力提升10%","战技能力","攻击力提升10%"
"6998","野生児","6","技能","2694","体当たり","獣技","威力：Ｄ（力）　対象：敵単体
突進し勢いをつけての体当たり","0","0","2","","53","野孩子","冲撞","獣技","威力：Ｄ（力）　対象：敵単体
突进并用力冲撞"
"6998","野生児","7","能力","9977","暴徹","特殊アビリティ","全魔物スキルの威力が攻撃力にのみ依存する","","","","2","5","野孩子","暴彻","特殊能力","所有魔物技能的威力仅取决于攻击力"
"6998","野生児","8","能力","9981","速徹","特殊アビリティ","全魔物スキルの威力が素早さにのみ依存する","","","","2","5","野孩子","速彻","特殊能力","所有魔物技能的威力仅取决于敏捷"
"6998","野生児","9","能力","9972","魔物技消費SP3/4","特殊アビリティ","全魔物スキル使用時のSP消費が3/4になる","","","","10","5","野孩子","魔物技消費SP3/4","特殊能力","所有魔物技能使用时的SP消耗变为3/4"
"6998","野生児","10","能力","9989","獣性","特殊アビリティ","魔物技しか使えないようになるが、威力が1.5倍になる","","","","5","5","野孩子","兽性","特殊能力","魔物技しか使えないようになるが、威力が1.5倍になる"
"6999","魔物魂","2","技能","2687","連続噛み付き","獣技","威力：Ｂ（力）　対象：敵単体2回
鋭い噛み付きを二連続で繰り出す獣技","0","0","5","","53","魔物魂","连续咬击","獣技","威力：Ｂ（力）　対象：敵単体2回
用锐利的咬击连续两次出击的兽技"
"6999","魔物魂","3","能力","62","HP20%アップ","戦技アビリティ","最大HPが20%アップする","","","","5","1","魔物魂","HP提升20%","战技能力","最大HP提升20%"
"6999","魔物魂","4","能力","269","SP20%アップ","職技アビリティ","最大SPが20%アップする","","","","5","2","魔物魂","SP提升20%","职技能力","最大SP提升20%"
"6999","魔物魂","5","能力","67","攻撃力20%アップ","戦技アビリティ","攻撃力が20%アップする","","","","5","1","魔物魂","攻击力提升20%","战技能力","攻击力提升20%"
"6999","魔物魂","6","技能","2695","大暴れ","獣技","威力：Ａ（力）　対象：敵ランダム4回
周囲を駆け回り連続体当たりを繰り出す技","0","0","6","","53","魔物魂","大暴走","獣技","威力：Ａ（力）　対象：敵ランダム4回
在周围疾驰并连续冲撞的技能"
"6999","魔物魂","7","能力","9979","魔徹","特殊アビリティ","全魔物スキルの威力が魔力にのみ依存する","","","","2","5","魔物魂","魔彻","特殊能力","所有魔物技能的威力仅取决于魔力"
"6999","魔物魂","7","能力","9982","技徹","特殊アビリティ","全魔物スキルの威力が器用さにのみ依存する","","","","2","5","魔物魂","技彻","特殊能力","所有魔物技能的威力仅取决于灵巧"
"6999","魔物魂","8","能力","219","「牙」装備可能","戦技アビリティ","「牙」が装備可能になる","","","","5","1","魔物魂","可以装备「牙」","战技能力","变得可以装备「牙」"
"6999","魔物魂","9","能力","9973","魔物技消費SP1/2","特殊アビリティ","全魔物スキル使用時のSP消費が1/2になる","","","","20","5","魔物魂","魔物技消費SP1/2","特殊能力","所有魔物技能使用时的SP消耗变为1/2"
"6999","魔物魂","10","能力","181","牙ブースター","戦技アビリティ","牙装備時、その武器によるダメージが15%アップする","","","","10","1","魔物魂","牙增强","战技能力","装备牙时，该武器造成的伤害提升15%"
"6999","魔物魂","10","能力","9985","魔物技ブースター","特殊アビリティ","全魔物技によるダメージが15%アップする","","","","15","5","魔物魂","魔物技增强","特殊能力","所有魔物技造成的伤害提升15%"
"7000","ワイルドハート","2","技能","2688","轟蓮牙","獣技","威力：Ｓ（力）　対象：敵単体3回
強烈な噛み付きを三連続で繰り出す奥義","0","0","10","","53","野性之心","轰莲牙","獣技","威力：Ｓ（力）　対象：敵単体3回
用强烈的咬击连续三次出击的奥义"
"7000","ワイルドハート","3","能力","63","HP30%アップ","戦技アビリティ","最大HPが30%アップする","","","","7","1","野性之心","HP提升30%","战技能力","最大HP提升30%"
"7000","ワイルドハート","3","能力","68","攻撃力30%アップ","戦技アビリティ","攻撃力が30%アップする","","","","7","1","野性之心","攻击力提升30%","战技能力","攻击力提升30%"
"7000","ワイルドハート","3","能力","270","SP30%アップ","職技アビリティ","最大SPが30%アップする","","","","7","2","野性之心","SP提升30%","职技能力","最大SP提升30%"
"7000","ワイルドハート","4","技能","2696","蹂躙撃","獣技","威力：Ｓ（力）　対象：敵ランダム6回
周囲を疾走し敵を蹂躙する奥義","0","0","10","","53","野性之心","蹂躏击","獣技","威力：Ｓ（力）　対象：敵ランダム6回
在周围疾驰并蹂躏敌人的奥义"
"7000","ワイルドハート","5","能力","9978","守徹","特殊アビリティ","全魔物スキルの威力が防御力にのみ依存する","","","","2","5","野性之心","守彻","特殊能力","所有魔物技能的威力仅取决于防御力"
"7000","ワイルドハート","5","能力","9980","精徹","特殊アビリティ","全魔物スキルの威力が精神力にのみ依存する","","","","2","5","野性之心","精彻","特殊能力","所有魔物技能的威力仅取决于精神力"
"7000","ワイルドハート","6","能力","851","「獣技」使用可能","特殊アビリティ","「獣技」が使用可能になる","","","","5","5","野性之心","「兽技」可以使用","特殊能力","可以使用「兽技」"
"7000","ワイルドハート","7","能力","9974","魔物技消費SP1/4","特殊アビリティ","全魔物スキル使用時のSP消費が1/4になる","","","","30","5","野性之心","魔物技消費SP1/4","特殊能力","所有魔物技能使用时的SP消耗变为1/4"
"7000","ワイルドハート","8","能力","151","物理ブースター","戦技アビリティ","物理ダメージが15%アップする","","","","10","1","野性之心","物理增强","战技能力","物理伤害提升15%"
"7000","ワイルドハート","8","能力","182","牙ハイブースター","戦技アビリティ","牙装備時、その武器によるダメージが30%アップする","","","","20","1","野性之心","牙高级增强","战技能力","装备牙时，该武器造成的伤害提升30%"
"7000","ワイルドハート","9","能力","9986","魔物技ハイブースター","特殊アビリティ","全魔物技によるダメージが30%アップする","","","","30","5","野性之心","魔物技高级增强","特殊能力","所有魔物技造成的伤害提升30%"
"7000","ワイルドハート","10","能力","8456","牙マスタリー","特殊アビリティ","牙の装備効果が上昇する","","","","10","5","野性之心","牙精通","特殊能力","獠牙的装备效果提升"
"7000","ワイルドハート","10","能力","9990","過剰獣性","特殊アビリティ","魔物技しか使えないようになるが、全能力値が1.3倍になる","","","","10","5","野性之心","过度兽性","特殊能力","魔物技しか使えないようになるが、全能力値が1.3倍になる"
"7001","エスパー","2","技能","9707","サイコ","サイコ","威力：Ｃ（精or器）　対象：敵単体　属性：無
念動力で衝撃波を放つ技","0","8","0","","67","超能力者","念动","念动","威力：Ｃ（精or器）　対象：敵単体　属性：無
用念动力释放冲击波的技能"
"7001","エスパー","3","能力","273","素早さ10%アップ","職技アビリティ","素早さが10%アップする","","","","3","2","超能力者","敏捷提升10%","职技能力","敏捷提升10%"
"7001","エスパー","3","能力","549","精神力10%アップ","防御アビリティ","精神力が10%アップする","","","","3","4","超能力者","精神力提升10%","防御能力","精神力提升10%"
"7001","エスパー","4","技能","9710","サイコファイア","サイコ","威力：Ｃ（精or器）　対象：敵単体　属性：炎・無
念動力により火炎を発生させる技","0","8","0","","67","超能力者","念动火焰","念动","威力：Ｃ（精or器）　対象：敵単体　属性：炎・無
通过念动力产生火焰的技能"
"7001","エスパー","4","技能","9712","サイコブリザード","サイコ","威力：Ｃ（精or器）　対象：敵単体　属性：氷・無
念動力により氷雪を発生させる技","0","8","0","","67","超能力者","念动暴雪","念动","威力：Ｃ（精or器）　対象：敵単体　属性：氷・無
利用念动力产生冰雪的技能"
"7001","エスパー","4","技能","9714","サイコサンダー","サイコ","威力：Ｃ（精or器）　対象：敵単体　属性：雷・無
念動力により稲妻を発生させる技","0","8","0","","67","超能力者","念动雷电","念动","威力：Ｃ（精or器）　対象：敵単体　属性：雷・無
利用念动力产生闪电的技能"
"7001","エスパー","5","能力","713","毎ターンMP1%回復","特殊アビリティ","ターンごとにMPが1%回復する","","","","5","5","超能力者","每回合MP恢复1%","特殊能力","每回合MP恢复1%"
"7001","エスパー","6","能力","7742","サイコシールド","防御アビリティ","戦闘開始時に防御壁1枚を展開する","","","","20","4","超能力者","念动盾","防御能力","战斗开始时展开一面防御墙"
"7001","エスパー","7","能力","7657","念の剣","魔法アビリティ","剣を装備していなくても剣技の威力が最大まで引き出せる","","","","1","3","超能力者","念之剑","魔法能力","即使没有装备剑，剑技的威力也能发挥到最大"
"7001","エスパー","7","能力","7658","念の手袋","魔法アビリティ","淫具を装備していなくても淫技の威力が最大まで引き出せる","","","","1","3","超能力者","念之手套","魔法能力","即使没有装备淫具，淫技的威力也能发挥到最大"
"7001","エスパー","8","技能","3103","魔力集中","特技","対象：使用者　効果：魔力・精神力アップ
魔力を集中し、次のターンの魔力と精神力をアップさせる","0","0","2","","63","超能力者","魔力集中","特技","対象：使用者　效果：魔力・精神力提升
集中魔力，提升下一回合的魔力和精神力"
"7001","エスパー","8","技能","3104","精神集中","特技","対象：使用者　効果：器用さ・素早さアップ
精神を集中し、次のターンの器用さと素早さをアップさせる","0","0","2","","63","超能力者","精神集中","特技","対象：使用者　効果：器用さ・素早さアップ
集中精神，提升下一回合的灵巧和敏捷"
"7001","エスパー","9","能力","6874","ヘビィテクニック","職技アビリティ","全スキルの消費SPが2倍になるが、器用さは1.5倍になる","","","","10","2","超能力者","重技巧","职技能力","全スキルの消費SPが2倍になるが、器用さは1.5倍になる"
"7001","エスパー","9","能力","7708","ヘビィマインド","防御アビリティ","全魔法の消費MPが2倍になるが、精神力は1.5倍になる","","","","10","4","超能力者","重精神","防御能力","全魔法の消費MPが2倍になるが、精神力は1.5倍になる"
"7001","エスパー","10","技能","9718","サイコドレイン","サイコ","威力：Ｂ（精or器）　対象：敵単体　属性：快楽・無　効果：HP吸収
念動力で相手の精気を吸い取る快楽技","0","12","0","","67","超能力者","念动榨取","念动","威力：Ｂ（精or器）　対象：敵単体　属性：快楽・無　効果：HP吸収
用念动力吸取对手精气的快乐技能"
"7002","ハイサイキック","2","技能","9708","サイコブラスト","サイコ","威力：Ｂ（精or器）　対象：敵全体　属性：無
念動力の衝撃波を周囲に展開する大技","0","12","0","","67","高阶通灵者","念动爆轰","念动","威力：Ｂ（精or器）　対象：敵全体　属性：無
用念动力的冲击波在周围展开的大招"
"7002","ハイサイキック","3","能力","274","素早さ20%アップ","職技アビリティ","素早さが20%アップする","","","","5","2","高阶通灵者","敏捷提升20%","职技能力","敏捷提升20%"
"7002","ハイサイキック","3","能力","550","精神力20%アップ","防御アビリティ","精神力が20%アップする","","","","5","4","高阶通灵者","精神力提升20%","防御能力","精神力提升20%"
"7002","ハイサイキック","4","技能","9726","サイコヒール","サイコ","対象：味方全体　効果：HP中回復・SP小回復
味方全体の体力と気力を回復する癒しのオーラ","0","30","0","","67","高阶通灵者","念动治愈","念动","対象：味方全体　効果：HP中回復・SP小回復
恢复我方全体的体力和精神的治愈光环"
"7002","ハイサイキック","5","能力","714","毎ターンMP2%回復","特殊アビリティ","ターンごとにMPが2%回復する","","","","10","5","高阶通灵者","每回合MP恢复2%","特殊能力","每回合MP恢复2%"
"7002","ハイサイキック","6","能力","462","魔導コンバーター","魔法アビリティ","魔力と精神力が1.5倍になるが、力と防御力が半分になる","","","","10","3","高阶通灵者","魔导转换器","魔法能力","魔力と精神力が1.5倍になるが、力と防御力が半分になる"
"7002","ハイサイキック","6","能力","7743","サイコアーマー","防御アビリティ","戦闘開始時に防御壁2枚を展開する","","","","30","4","高阶通灵者","念动装甲","防御能力","战斗开始时展开2层防御壁"
"7002","ハイサイキック","7","能力","7534","サイコブースター","魔法アビリティ","「サイコ」によるダメージが15%アップする","","","","10","3","高阶通灵者","念动增强","魔法能力","「念动」造成的伤害提升15%"
"7002","ハイサイキック","8","技能","9775","コンセントレイト","特技","対象：使用者　効果：魔力・精神力アップ
魔力を集中し、次のターンの魔力と精神力を爆発的にアップさせる","0","0","4","","63","高阶通灵者","集中","特技","対象：使用者　效果：魔力・精神力提升
集中魔力，使下一回合的魔力和精神力爆发性提升"
"7002","ハイサイキック","9","能力","7377","無属性ブースター","魔法アビリティ","無属性のダメージが15%アップする","","","","8","3","高阶通灵者","无属性增强","魔法能力","无属性伤害提升15%"
"7002","ハイサイキック","9","能力","7554","「サイコ」使用可能","魔法アビリティ","「サイコ」が使用可能になる","","","","5","3","高阶通灵者","「念动」可用","魔法能力","「念动」变为可用"
"7002","ハイサイキック","10","技能","9719","サイコヘブン","サイコ","威力：Ａ（精or器）　対象：敵ランダム4回　属性：快楽・無　効果：絶頂
念動力で愛撫の嵐を巻き起こす快楽技","0","16","0","","67","高阶通灵者","念动天堂","念动","威力：Ａ（精or器）　対象：敵ランダム4回　属性：快楽・無　効果：絶頂
念动力掀起爱抚的风暴的快乐技"
"7003","サイコソルジャー","2","技能","9711","サイコフレア","サイコ","威力：Ａ（精or器）　対象：敵全体　属性：炎・無
念動力により強烈な火炎を発生させる奥義","0","16","0","","67","念动战士","念动闪焰","念动","威力：Ａ（精or器）　対象：敵全体　属性：炎・無
使用念动力产生强烈火焰的奥义"
"7003","サイコソルジャー","2","技能","9713","サイコフロスト","サイコ","威力：Ａ（精or器）　対象：敵全体　属性：氷・無
念動力により強烈な氷雪を発生させる奥義","0","16","0","","67","念动战士","念动霜冻","念动","威力：Ａ（精or器）　対象：敵全体　属性：氷・無
通过念动力产生强烈冰雪的奥义"
"7003","サイコソルジャー","2","技能","9715","サイコプラズマ","サイコ","威力：Ａ（精or器）　対象：敵全体　属性：雷・無
念動力により強烈な稲妻を発生させる奥義","0","16","0","","67","念动战士","念动电浆","念动","威力：Ａ（精or器）　対象：敵全体　属性：雷・無
使用念动力产生强烈闪电的奥义"
"7003","サイコソルジャー","3","能力","275","素早さ30%アップ","職技アビリティ","素早さが30%アップする","","","","7","2","念动战士","敏捷提升30%","职技能力","敏捷提升30%"
"7003","サイコソルジャー","3","能力","551","精神力30%アップ","防御アビリティ","精神力が30%アップする","","","","7","4","念动战士","精神力提升30%","防御能力","精神力提升30%"
"7003","サイコソルジャー","4","技能","9720","サイコエクスタス","サイコ","威力：Ａ（精or器）　対象：敵全体　属性：快楽・無　効果：絶頂
念動力で敵の集団をまとめて絶頂させる快楽奥義","0","20","0","","67","念动战士","念动绝顶","念动","威力：Ａ（精or器）　対象：敵全体　属性：快楽・無　効果：絶頂
念动力让敌群一起绝顶的快乐奥义"
"7003","サイコソルジャー","5","能力","715","毎ターンMP4%回復","特殊アビリティ","ターンごとにMPが4%回復する","","","","20","5","念动战士","每回合MP恢复4%","特殊能力","每回合MP恢复4%"
"7003","サイコソルジャー","6","能力","6875","絶技コンバーター","職技アビリティ","器用さと素早さが1.5倍になるが、攻撃力と魔力が半分になる","","","","10","2","念动战士","绝技转换器","职技能力","器用さと素早さが1.5倍になるが、攻撃力と魔力が半分になる"
"7003","サイコソルジャー","7","能力","7535","サイコハイブースター","魔法アビリティ","「サイコ」によるダメージが30%アップする","","","","20","3","念动战士","念动高级增强","魔法能力","「念动」造成的伤害提升30%"
"7003","サイコソルジャー","8","能力","6764","剣技精神力半分付加","戦技アビリティ","剣技の威力に精神力の半分を付加する","","","","10","1","念动战士","剑技附加一半的精神力","战技能力","剣技の威力に精神力の半分を付加する"
"7003","サイコソルジャー","8","能力","7182","淫技精神力半分付加","職技アビリティ","淫技の威力に精神力の半分を付加する","","","","10","2","念动战士","淫技附加一半的精神力","职技能力","淫技の威力に精神力の半分を付加する"
"7003","サイコソルジャー","9","能力","7378","無属性ハイブースター","魔法アビリティ","無属性のダメージが30%アップする","","","","16","3","念动战士","无属性高级增强","魔法能力","无属性伤害提升30%"
"7003","サイコソルジャー","10","技能","9709","サイコフォース","サイコ","威力：Ｓ（精or器）　対象：敵全体　属性：無
オーラの結界で敵を消滅させる念動力の奥義","0","30","0","","67","念动战士","念动力场","念动","威力：Ｓ（精or器）　対象：敵全体　属性：無
用灵气结界消灭敌人的念动力奥义"
"7004","フェンサー","2","技能","991","フォティトゥリア","尖剣技","威力：Ａ（力・速）　対象：敵ランダム3回　属性：炎
舞うように繰り出される炎の乱撃","0","0","6","","8","剑术家","光辉裁决","尖剑技","威力：Ａ（力・速）　対象：敵ランダム3回　属性：炎
如舞蹈般挥出的炎之乱击"
"7004","フェンサー","2","技能","992","パゴストゥリア","尖剣技","威力：Ａ（力・速）　対象：敵ランダム3回　属性：氷
舞うように繰り出される氷の乱撃","0","0","6","","8","剑术家","冰霜裁决","尖剑技","威力：Ａ（力・速）　対象：敵ランダム3回　属性：氷
如舞蹈般挥出的冰之乱击"
"7004","フェンサー","2","技能","993","ケラヴトゥリア","尖剣技","威力：Ａ（力・速）　対象：敵ランダム3回　属性：雷
舞うように繰り出される雷の乱撃","0","0","6","","8","剑术家","雷霆裁决","尖剑技","威力：Ａ（力・速）　対象：敵ランダム3回　属性：雷
如舞蹈般挥出的雷之乱击"
"7004","フェンサー","3","能力","269","SP20%アップ","職技アビリティ","最大SPが20%アップする","","","","5","2","剑术家","SP提升20%","职技能力","最大SP提升20%"
"7004","フェンサー","3","能力","274","素早さ20%アップ","職技アビリティ","素早さが20%アップする","","","","5","2","剑术家","敏捷提升20%","职技能力","敏捷提升20%"
"7004","フェンサー","4","能力","7684","物理反射10%","防御アビリティ","物理攻撃を10%の確率で反射する","","","","8","4","剑术家","物理反射10%","防御能力","物理攻击10%的概率反射"
"7004","フェンサー","5","能力","7696","反射ミニブースター","防御アビリティ","反射ダメージが1段階アップする","","","","3","4","剑术家","反射小增强","防御能力","反射伤害提升1级"
"7004","フェンサー","6","能力","6738","マギレイピア","戦技アビリティ","「尖剣技」の威力で攻撃力の代わりに魔力が用いられる","","","","2","1","剑术家","魔法之刺","战技能力","「尖剑技」的威力使用魔力代替攻击力"
"7004","フェンサー","6","能力","6739","スピードレイピア","戦技アビリティ","「尖剣技」の威力が素早さのみに依存する","","","","2","1","剑术家","速度之刺","战技能力","「尖剑技」的威力仅取决于敏捷"
"7004","フェンサー","7","能力","6521","ボス特攻15%","戦技アビリティ","ボスへのダメージが15%アップする","","","","10","1","剑术家","BOSS特攻15%","战技能力","对BOSS的伤害提升15%"
"7004","フェンサー","8","能力","166","尖剣ブースター","戦技アビリティ","尖剣装備時、その武器によるダメージが15%アップする","","","","10","1","剑术家","尖剑增强","战技能力","装备尖剑时，该武器造成的伤害提升15%"
"7004","フェンサー","8","技能","9777","ソフィスティケイト","特技","対象：使用者　効果：器用さ・素早さアップ
精神を集中し、次のターンの器用さと素早さを爆発的にアップさせる","0","0","4","","63","剑术家","精密提升","特技","対象：使用者　効果：器用さ・素早さアップ
集中精神，使下一回合的灵巧和敏捷爆发性提升"
"7004","フェンサー","9","能力","6703","尖剣技連撃回数1アップ","戦技アビリティ","連撃尖剣スキルのヒット数が1アップ","","","","3","1","剑术家","尖剑技连击次数增加1","战技能力","连击尖剑技能的命中次数增加1"
"7004","フェンサー","9","技能","9029","クロス・ノイエ","尖剣技","威力：Ｂ（力・速）　対象：敵全体2回
敵全体にサーベルの二連突きを繰り出す技","0","0","6","","8","剑术家","新十字","尖剑技","威力：Ｂ（力・速）　対象：敵全体2回
对全体敌人施展双刀二连突刺的技能"
"7004","フェンサー","10","能力","6421","チェイン・フルーレ","戦技アビリティ","尖剣技使用後、スプラッシュフルーレが発動する","","","","6","1","剑术家","链・弗雷","战技能力","使用尖剑技后，发动溅洒花剑"
"7005","ノーブルフェンサー","2","技能","994","ゼクスルージュ","尖剣技","威力：Ｓ（力・速）　対象：敵単体6回
神業のサーベルさばきで敵単体に六連撃を仕掛ける","0","0","10","","8","高贵剑士","胭红六刃","尖剑技","威力：Ｓ（力・速）　対象：敵単体6回
神技般的剑术对单体敌人施展六连击"
"7005","ノーブルフェンサー","3","能力","270","SP30%アップ","職技アビリティ","最大SPが30%アップする","","","","7","2","高贵剑士","SP提升30%","职技能力","最大SP提升30%"
"7005","ノーブルフェンサー","3","能力","275","素早さ30%アップ","職技アビリティ","素早さが30%アップする","","","","7","2","高贵剑士","敏捷提升30%","职技能力","敏捷提升30%"
"7005","ノーブルフェンサー","4","能力","7685","物理反射30%","防御アビリティ","物理攻撃を30%の確率で反射する","","","","12","4","高贵剑士","物理反射30%","防御能力","物理攻击30%的概率反射"
"7005","ノーブルフェンサー","5","能力","7697","反射ブースター","防御アビリティ","反射ダメージが2段階アップする","","","","6","4","高贵剑士","反射增强","防御能力","反射伤害提升2级"
"7005","ノーブルフェンサー","6","能力","8446","尖剣マスタリー","特殊アビリティ","尖剣の装備効果が上昇する","","","","10","5","高贵剑士","尖剑精通","特殊能力","尖剑的装备效果提升"
"7005","ノーブルフェンサー","7","能力","6522","ボス特攻30%","戦技アビリティ","ボスへのダメージが30%アップする","","","","20","1","高贵剑士","BOSS特攻30%","战技能力","对BOSS的伤害提升30%"
"7005","ノーブルフェンサー","8","能力","167","尖剣ハイブースター","戦技アビリティ","尖剣装備時、その武器によるダメージが30%アップする","","","","20","1","高贵剑士","尖剑高级增强","战技能力","装备尖剑时，该武器造成的伤害提升30%"
"7005","ノーブルフェンサー","8","技能","1002","オブリージュ・アンフィニ","尖剣技","対象：使用者　効果：「尖剣技」三連続発動・SP自動回復
3ターンの間尖剣技が三連続発動、それ以外のスキルは使用不能","0","0","7","","8","高贵剑士","无限的义务","尖剑技","対象：使用者　効果：「尖剣技」三連続発動・SP自動回復
3回合内尖剑技三连发，其他技能无法使用"
"7005","ノーブルフェンサー","9","能力","6704","尖剣技連撃回数2アップ","戦技アビリティ","連撃尖剣スキルのヒット数が2アップ","","","","6","1","高贵剑士","尖剑技连击次数增加2","战技能力","连击尖剑技能的命中次数增加2"
"7005","ノーブルフェンサー","9","技能","9030","トライ・グランテ","尖剣技","威力：Ａ（力・速）　対象：敵全体3回
敵全体にサーベルの三連突きを繰り出す奥義","0","0","8","","8","高贵剑士","三重恩典","尖剑技","威力：Ａ（力・速）　対象：敵全体3回
对全体敌人施展三次连续突刺的奥义"
"7005","ノーブルフェンサー","10","能力","6422","チェイン・ノイエ","戦技アビリティ","尖剣技使用後、クロス・ノイエが発動する","","","","12","1","高贵剑士","链・诺伊","战技能力","使用尖剑技后，发动新十字"
"7006","妖術師","2","能力","447","MP20%アップ","魔法アビリティ","最大MPが20%アップする","","","","5","3","妖术师","MP提升20%","魔法能力","最大MP提升20%"
"7006","妖術師","3","能力","269","SP20%アップ","職技アビリティ","最大SPが20%アップする","","","","5","2","妖术师","SP提升20%","职技能力","最大SP提升20%"
"7006","妖術師","4","能力","713","毎ターンMP1%回復","特殊アビリティ","ターンごとにMPが1%回復する","","","","5","5","妖术师","每回合MP恢复1%","特殊能力","每回合MP恢复1%"
"7006","妖術師","5","能力","718","毎ターンSP5%回復","特殊アビリティ","ターンごとにSPが5%回復する","","","","5","5","妖术师","每回合SP恢复5%","特殊能力","每回合SP恢复5%"
"7006","妖術師","6","能力","568","魔法反射10%","防御アビリティ","魔法を10%の確率で反射する","","","","8","4","妖术师","魔法反射10%","防御能力","魔法10%的概率反射"
"7006","妖術師","7","能力","7684","物理反射10%","防御アビリティ","物理攻撃を10%の確率で反射する","","","","8","4","妖术师","物理反射10%","防御能力","物理攻击10%的概率反射"
"7006","妖術師","8","能力","8087","妖術ブースター","特殊アビリティ","「妖術」によるダメージが15%アップする","","","","10","5","妖术师","妖术增强","特殊能力","「妖术」造成的伤害提升15%"
"7006","妖術師","9","能力","8094","特技ブースター","特殊アビリティ","「特技」によるダメージが15%アップする","","","","10","5","妖术师","特技增强","特殊能力","「特技」造成的伤害提升15%"
"7006","妖術師","10","能力","6534","状態異常特攻ブースター","戦技アビリティ","状態異常特攻ダメージが25%アップする","","","","10","1","妖术师","状态异常特攻增强","战技能力","状态异常特攻伤害提升25%"
"7006","妖術師","10","能力","8109","「妖術」使用可能","特殊アビリティ","「妖術」が使用可能になる","","","","5","5","妖术师","「妖术」可用","特殊能力","「妖术」变为可用"
"7007","異界妖術師","2","能力","448","MP30%アップ","魔法アビリティ","最大MPが30%アップする","","","","7","3","异界妖术师","MP提升30%","魔法能力","最大MP提升30%"
"7007","異界妖術師","3","能力","270","SP30%アップ","職技アビリティ","最大SPが30%アップする","","","","7","2","异界妖术师","SP提升30%","职技能力","最大SP提升30%"
"7007","異界妖術師","4","能力","714","毎ターンMP2%回復","特殊アビリティ","ターンごとにMPが2%回復する","","","","10","5","异界妖术师","每回合MP恢复2%","特殊能力","每回合MP恢复2%"
"7007","異界妖術師","5","能力","719","毎ターンSP10%回復","特殊アビリティ","ターンごとにSPが10%回復する","","","","10","5","异界妖术师","每回合SP恢复10%","特殊能力","每回合SP恢复10%"
"7007","異界妖術師","6","能力","569","魔法反射30%","防御アビリティ","魔法を30%の確率で反射する","","","","12","4","异界妖术师","魔法反射30%","防御能力","魔法30%的概率反射"
"7007","異界妖術師","7","能力","7685","物理反射30%","防御アビリティ","物理攻撃を30%の確率で反射する","","","","12","4","异界妖术师","物理反射30%","防御能力","物理攻击30%的概率反射"
"7007","異界妖術師","8","能力","8088","妖術ハイブースター","特殊アビリティ","「妖術」によるダメージが30%アップする","","","","20","5","异界妖术师","妖术高级增强","特殊能力","「妖术」造成的伤害提升30%"
"7007","異界妖術師","9","能力","8095","特技ハイブースター","特殊アビリティ","「特技」によるダメージが30%アップする","","","","20","5","异界妖术师","特技高级增强","特殊能力","「特技」造成的伤害提升30%"
"7007","異界妖術師","10","能力","6535","状態異常特攻ハイブースター","戦技アビリティ","状態異常特攻ダメージが50%アップする","","","","20","1","异界妖术师","状态异常特攻高级增强","战技能力","状态异常特攻伤害提升50%"
"7007","異界妖術師","10","能力","8018","ラーニング","特殊アビリティ","ラーニング可能になる","","","","5","5","异界妖术师","学习","特殊能力","可习得妖术"
"7008","シールドナイト","2","能力","7724","シールドバッシュPG","防御アビリティ","20%の確率で物理攻撃を無効化して反撃する","","","","12","4","盾骑士","盾击PG","防御能力","20%的概率使物理攻击无效并反击"
"7008","シールドナイト","3","能力","545","防御力20%アップ","防御アビリティ","防御力が20%アップする","","","","5","4","盾骑士","防御力提升20%","防御能力","防御力提升20%"
"7008","シールドナイト","3","能力","550","精神力20%アップ","防御アビリティ","精神力が20%アップする","","","","5","4","盾骑士","精神力提升20%","防御能力","精神力提升20%"
"7008","シールドナイト","4","技能","9119","シールドスルー","投擲技","威力：Ｂ（防）　対象：敵全体
シールドを投げて敵全体を薙ぎ払う攻撃技","0","0","6","","16","盾骑士","盾穿","投掷技","威力：Ｂ（防）　対象：敵全体
投掷盾牌扫荡全体敌人的攻击技"
"7008","シールドナイト","5","能力","585","食いしばり","防御アビリティ","HPが30%以上残っていれば戦闘不能にならずHPが1残る","","","","10","4","盾骑士","咬紧牙关","防御能力","HP剩余30%以上时不会战斗不能，HP剩1"
"7008","シールドナイト","5","能力","733","アピール","特殊アビリティ","戦闘時、敵に狙われる確率が上がる","","","","1","5","盾骑士","吸引","特殊能力","战斗时，被敌人盯上的概率提高"
"7008","シールドナイト","6","技能","9125","シールドリフレクト","投擲技","対象：使用者　効果：高確率で物理・魔法攻撃反射
（両手盾のみ）シールドで敵の攻撃を反射する防御技","0","0","2","","16","盾骑士","盾反射","投掷技","対象：使用者　効果：高確率で物理・魔法攻撃反射
（仅限双手盾）用盾反射敌人的攻击的防御技能"
"7008","シールドナイト","7","能力","239","「投擲技」使用可能","戦技アビリティ","「投擲技」が使用可能になる","","","","5","1","盾骑士","「投掷技」可以使用","战技能力","可以使用「投掷技」"
"7008","シールドナイト","8","技能","9123","シールドヒール","投擲技","対象：味方全体　効果：HP中回復・ディフレクト1回
（両手盾のみ）シールドを掲げ加護のオーラを振りまく回復技","0","0","5","","16","盾骑士","盾之治愈","投掷技","対象：味方全体　効果：HP中回復・ディフレクト1回
（仅限双手盾）举起盾牌，挥洒加护光环的恢复技能"
"7008","シールドナイト","9","能力","7709","防御コンバーター","防御アビリティ","防御力と精神力が1.5倍になるが、他の能力値が半分になる","","","","10","4","盾骑士","防御转换器","防御能力","防御力と精神力が1.5倍になるが、他の能力値が半分になる"
"7008","シールドナイト","10","技能","9127","ダイヤモンドガード","投擲技","対象：味方全体　効果：物理無効
（両手盾のみ）強固なオーラで味方全体を物理攻撃から守る防御技","0","40","10","","16","盾骑士","钻石守护","投掷技","対象：味方全体　効果：物理無効
（仅限双手盾）用坚固的气场保护全体队友免受物理攻击的防御技能"
"7009","キャプテンシールド","2","能力","7725","シールドバッシュMG","防御アビリティ","20%の確率で魔法攻撃を無効化して反撃する","","","","12","4","盾队长","盾击MG","防御能力","20%的概率使魔法攻击无效并反击"
"7009","キャプテンシールド","3","能力","546","防御力30%アップ","防御アビリティ","防御力が30%アップする","","","","7","4","盾队长","防御力提升30%","防御能力","防御力提升30%"
"7009","キャプテンシールド","3","能力","551","精神力30%アップ","防御アビリティ","精神力が30%アップする","","","","7","4","盾队长","精神力提升30%","防御能力","精神力提升30%"
"7009","キャプテンシールド","4","技能","9120","シールドスター","投擲技","威力：Ｓ（防）　対象：敵ランダム4回
敵の群れに連続でシールドを投げつける奥義","0","0","10","","16","盾队长","盾之星","投掷技","威力：Ｓ（防）　対象：敵ランダム4回
向敌群连续投掷盾牌的奥义"
"7009","キャプテンシールド","5","能力","586","超食いしばり","防御アビリティ","HPが20%以上残っていれば戦闘不能にならずHPが1残る","","","","15","4","盾队长","超咬紧牙关","防御能力","HP剩余20%以上时不会战斗不能，HP剩1"
"7009","キャプテンシールド","5","能力","734","超アピール","特殊アビリティ","戦闘時、敵に狙われる確率が大きく上がる","","","","3","5","盾队长","超吸引","特殊能力","战斗时，被敌人盯上的概率大幅提高"
"7009","キャプテンシールド","6","技能","9126","アルティメットリフレクト","投擲技","対象：使用者　効果：高確率で物理・魔法・必中攻撃反射
（両手盾のみ）シールドで敵の攻撃を反射する防御奥義","0","0","15","","16","盾队长","究极反射","投掷技","対象：使用者　効果：高確率で物理・魔法・必中攻撃反射
（仅限双手盾）用盾反射敌人的攻击的防御奥义"
"7009","キャプテンシールド","7","能力","7832","投擲技後ガード","防御アビリティ","投擲技の使用後、防御状態になる","","","","10","4","盾队长","投掷技后防御","防御能力","投掷技使用后，进入防御状态"
"7009","キャプテンシールド","8","技能","9128","クリスタルガード","投擲技","対象：味方全体　効果：魔法無効
（両手盾のみ）神秘的なオーラで味方全体を魔法攻撃から守る防御技","0","40","10","","16","盾队长","水晶守护","投掷技","対象：味方全体　効果：魔法無効
（仅限双手盾）用神秘的气场保护全体队友免受魔法攻击的防御技能"
"7009","キャプテンシールド","9","能力","7923","ダブルシールド","特殊アビリティ","盾を両手に装備でき、投擲技の威力が防御力に依存する","","","","12","5","盾队长","双盾","特殊能力","可以双手装备盾，投掷技能的威力取决于防御力"
"7009","キャプテンシールド","9","能力","8508","盾マスタリー","特殊アビリティ","盾の装備効果が上昇する","","","","5","5","盾队长","盾精通","特殊能力","盾的装备效果提升"
"7009","キャプテンシールド","10","技能","9131","シールドアッセンブル","投擲技","対象：味方全体　効果：全ダメージ半減、その他支援効果
（両手盾のみ）シールドを掲げ味方全体を鼓舞する英雄的な奥義","0","0","35","","16","盾队长","盾牌集结","投掷技","対象：味方全体　効果：全ダメージ半減、その他支援効果
（仅限双手盾）举起盾牌鼓舞全体队友的英雄奥义"
"7011","究極剣士","2","技能","968","瞬撃・疾風雷鳴","剣技","威力：ＳＳ（力）　対象：敵単体　属性：雷・風　効果：速攻
風と雷の力を駆使し、一息で敵を串刺しにする究極の突き奥義","0","20","7","","7","究极剑士","瞬击・疾风雷鸣","剑技","威力：ＳＳ（力）　対象：敵単体　属性：雷・風　効果：速攻
运用风雷之力，一瞬间将敌人串刺的究极突刺奥义"
"7011","究極剣士","3","能力","64","HP40%アップ","戦技アビリティ","最大HPが40%アップする","","","","10","1","究极剑士","HP提升40%","战技能力","最大HP提升40%"
"7011","究極剣士","3","能力","69","攻撃力40%アップ","戦技アビリティ","攻撃力が40%アップする","","","","10","1","究极剑士","攻击力提升40%","战技能力","攻击力提升40%"
"7011","究極剣士","4","能力","6683","剣技防御力無視","戦技アビリティ","剣技で防御力を無視してダメージを与えるが、消費量が1.3倍になる","","","","10","1","究极剑士","剑技无视防御力","战技能力","剣技で防御力を無視してダメージを与えるが、消費量が1.3倍になる"
"7011","究極剣士","5","技能","969","諸刃微塵斬り","剣技","威力：ＳＳＳ（力）　対象：敵単体　効果：自分もダメージ
己のダメージと引き換えに凄まじい連続斬りを繰り出す奥義","0","0","5","","7","究极剑士","诸刃微尘斩","剑技","威力：ＳＳＳ（力）　対象：敵単体　効果：自分もダメージ
以自身伤害为代价，施展出惊人的连续斩击奥义"
"7011","究極剣士","6","能力","6408","機先の剣","戦技アビリティ","短剣技・剣技・尖剣技・刀技にスタン効果を付加する","","","","2","1","究极剑士","先机之剑","战技能力","短剑技・剑技・尖剑技・刀技附加眩晕效果"
"7011","究極剣士","6","能力","8512","剣士の備え","特殊アビリティ","スキルが短剣・剣・尖剣・刀装備時の威力になる","","","","4","5","究极剑士","剑士的准备","特殊能力","使用技能时视为装备了短剑・剑・尖剑・刀"
"7011","究極剣士","7","技能","971","聖光六閃斬","剣技","威力：ＳＳＳ（力）　対象：敵ランダム6回　属性：聖
聖なるオーラをまとい六連斬撃を繰り出す聖奥義","0","30","9","","7","究极剑士","圣光六闪斩","剑技","威力：ＳＳＳ（力）　対象：敵ランダム6回　属性：聖
圣之气息缠绕，施展六连斩击的圣奥义"
"7011","究極剣士","8","能力","7915","一刀の誇り","特殊アビリティ","武器を一本だけ装備している際、付加能力を含む装備効果がアップする
攻撃力と防御力が少しだけ上昇","","","","10","5","究极剑士","一刀的骄傲","特殊能力","仅装备一把武器时，包括附加能力的装备效果提升
攻击力和防御力略有提升"
"7011","究極剣士","9","能力","6701","剣技連撃回数2アップ","戦技アビリティ","剣技連撃スキルのヒット数が2アップ","","","","10","1","究极剑士","剑技连击次数增加2","战技能力","剑技连击技能的命中次数增加2"
"7011","究極剣士","10","能力","152","物理ハイブースター","戦技アビリティ","物理ダメージが30%アップする","","","","20","1","究极剑士","物理高级增强","战技能力","物理伤害提升30%"
"7011","究極剣士","11","技能","970","メギドカリバーン","剣技","威力：ＳＳ（力）　対象：敵全体　属性：闇
闇の剣で一気に敵を薙ぎ払う暗黒奥義","14%当前HP","0","8","","7","究极剑士","毁灭之王剑","剑技","威力：ＳＳ（力）　対象：敵全体　属性：闇
用暗之剑一口气扫荡敌人的黑暗奥义"
"7011","究極剣士","12","能力","6376","勇気ある者の剣","戦技アビリティ","短剣技・剣技・尖剣技・刀技・勇者技でボスに与えるダメージが15%アップ","","","","5","1","究极剑士","勇者的剑","战技能力","短剑技・剑技・尖剑技・刀技・勇者技对Boss造成的伤害提升15%"
"7011","究極剣士","13","能力","6666","剣技速攻","戦技アビリティ","剣技が速攻で発動するが、消費SPが1.5倍になる","","","","25","1","究极剑士","剑技速攻","战技能力","剣技が速攻で発動するが、消費SPが1.5倍になる"
"7011","究極剣士","14","能力","165","剣エクスブースター","戦技アビリティ","剣装備時、その武器によるダメージが50%アップする","","","","30","1","究极剑士","剑极限增强","战技能力","装备剑时，该武器造成的伤害提升50%"
"7011","究極剣士","14","技能","972","闇天","剣技","威力：４Ｓ（力）　対象：敵単体　属性：修羅
修羅の刃で全てを断つ混沌奥義","0","0","22","","7","究极剑士","暗天","剑技","威力：４Ｓ（力）　対象：敵単体　属性：修羅
修罗之刃斩断一切的混沌奥义"
"7011","究極剣士","15","能力","8445","剣ハイマスタリー","特殊アビリティ","剣の装備効果が格段に上昇する","","","","15","5","究极剑士","剑高级精通","特殊能力","剑的装备效果显著提升"
"7011","究極剣士","15","能力","9810","究極剣士の証","マスターアビリティ","戦技APの最大値が10上昇し、剣技ダメージが20%アップ","","","","0","999","究极剑士","究极剑士的证明","大师能力","战技AP最大值增加10，剑技伤害提升20%"
"7012","フォースマスター","2","技能","1718","魔法剣カーズ","魔法剣","対象：使用者　効果：物理攻撃バイオ属性・複数状態異常付加
武器に呪いの魔力を宿し、様々な状態異常を引き起こす魔法剣","0","10","0","","28","力量大师","魔法剑---诅咒","魔法剑","対象：使用者　効果：物理攻撃バイオ属性・複数状態異常付加
武器寄宿诅咒魔力，引发各种状态异常的魔法剑"
"7012","フォースマスター","2","能力","8209","魔法剣チェーン","特殊アビリティ","「魔法剣」の後に「剣技」を発動できる","","","","10","5","力量大师","魔法剑连锁","特殊能力","「魔法剑」之后可以发动「剑技」"
"7012","フォースマスター","3","能力","454","魔力40%アップ","魔法アビリティ","魔力が40%アップする","","","","10","3","力量大师","魔力提升40%","魔法能力","魔力提升40%"
"7012","フォースマスター","4","技能","973","アトミックスラッシュ","剣技","威力：ＳＳ（力）　対象：敵全体　属性：修羅・核熱
核熱の力を剣に宿し、敵を一閃する混沌奥義","0","27","8","","7","力量大师","原子斩","剑技","威力：ＳＳ（力）　対象：敵全体　属性：修羅・核熱
将核热之力注入剑中，一闪敌人的混沌奥义"
"7012","フォースマスター","5","能力","7308","フォースエッジ","魔法アビリティ","魔法剣発動後の攻撃で追加属性攻撃が発生する","","","","5","3","力量大师","力量之刃","魔法能力","魔法剑发动后的攻击会产生追加属性攻击"
"7012","フォースマスター","6","技能","974","クァンタスラッシュ","剣技","威力：ＳＳ（力）　対象：敵全体　属性：修羅・量子
量子の力を剣に宿し、敵を一閃する混沌奥義","0","27","8","","7","力量大师","量子斩","剑技","威力：ＳＳ（力）　対象：敵全体　属性：修羅・量子
将量子之力注入剑中，一闪敌人的混沌奥义"
"7012","フォースマスター","7","能力","7309","ランダムフォース","魔法アビリティ","戦闘開始時、ランダムに魔法剣が発動する","","","","5","3","力量大师","随机之力","魔法能力","战斗开始时，随机发动魔法剑"
"7012","フォースマスター","8","技能","975","イオンスラッシュ","剣技","威力：ＳＳ（力）　対象：敵全体　属性：修羅・イオン
イオンの力を剣に宿し、敵を一閃する混沌奥義","0","27","8","","7","力量大师","离子斩","剑技","威力：ＳＳ（力）　対象：敵全体　属性：修羅・イオン
将离子之力注入剑中，一闪敌人的混沌奥义"
"7012","フォースマスター","9","能力","8208","魔法戦士チェーン","特殊アビリティ","「剣技」の後に「黒魔法」を発動できる","","","","10","5","力量大师","魔法战士连锁","特殊能力","「剑技」之后可以发动「黑魔法」"
"7012","フォースマスター","10","技能","1719","魔導スラッシャー","魔法剣","対象：使用者　効果：無効化反撃
2ターンの間、敵の白魔法・黒魔法・時魔法・召喚を無効化し反撃する","0","10","0","","28","力量大师","魔导斩杀者","魔法剑","対象：使用者　効果：無効化反撃
2回合内，使敌人的白魔法・黑魔法・时魔法・召唤术无效化并反击"
"7012","フォースマスター","11","能力","8210","陰陽剣士チェーン","特殊アビリティ","「剣技」の後に「陰陽術」を発動できる","","","","10","5","力量大师","阴阳剑士连锁","特殊能力","「剑技」之后可以发动「阴阳术」"
"7012","フォースマスター","11","能力","8211","陰陽侍チェーン","特殊アビリティ","「刀技」の後に「陰陽術」を発動できる","","","","10","5","力量大师","阴阳武士连锁","特殊能力","「刀技」之后可以发动「阴阳术」"
"7012","フォースマスター","12","技能","9008","四方神獣剣","剣技","威力：ＳＳ（力）　対象：敵全体　属性：炎・風・土・水　効果：炎・風・土・水弱体
四神獣の力を同時に解き放つ最強の陰陽剣奥義","0","27","8","","7","力量大师","四方神兽剑","剑技","威力：ＳＳ（力）　対象：敵全体　属性：炎・風・土・水　効果：炎・風・土・水弱体
同时解放四神兽之力的最强阴阳剑奥义"
"7012","フォースマスター","13","能力","6763","剣技魔力半分付加","戦技アビリティ","剣技の威力に魔力の半分を付加する","","","","10","1","力量大师","剑技附加一半的魔力","战技能力","剣技の威力に魔力の半分を付加する"
"7012","フォースマスター","13","能力","7562","魔法剣速攻","魔法アビリティ","魔法剣が速攻で発動するが、消費MPが1.5倍になる","","","","25","3","力量大师","魔法剑速攻","魔法能力","魔法剣が速攻で発動するが、消費MPが1.5倍になる"
"7012","フォースマスター","14","能力","8505","兜ハイマスタリー","特殊アビリティ","兜・重兜の装備効果が格段に上昇する","","","","15","5","力量大师","盔高级精通","特殊能力","盔・重盔的装备效果显著提升"
"7012","フォースマスター","14","技能","9009","ギガスラッシュクロス","剣技","威力：ＳＳＳ（力）　対象：敵全体2回　属性：炎・氷・雷
ギガスラッシュを二連続で繰り出す魔法剣の奥義","0","40","10","","7","力量大师","极巨十字斩","剑技","威力：ＳＳＳ（力）　対象：敵全体2回　属性：炎・氷・雷
连续两次施展巨型斩击的魔法剑奥义"
"7012","フォースマスター","15","能力","7310","魔法剣混沌属性付加","魔法アビリティ","魔法剣を発動した際、上位の混沌属性も付加される","","","","8","3","力量大师","魔法剑混沌属性附加","魔法能力","发动魔法剑时，也会附加上位的混沌属性"
"7012","フォースマスター","15","能力","9811","フォースマスターの証","マスターアビリティ","魔法APの最大値が10上昇し、魔法剣ダメージが20%アップ","","","","0","999","力量大师","力量大师的证明","大师能力","魔法AP的最大值增加10，魔法剑伤害提升20%"
"7013","神竜の騎士","2","技能","1079","ラストレクイエム","槍技","威力：Ｓ（力・速）　対象：敵全体　属性：聖　効果：吸血鬼・ゾンビ・ゴースト特攻
神聖なる力を槍に宿し、敵の群れを一閃する破邪の奥義","0","15","6","","10","神龙骑士","最终镇魂曲","枪技","威力：Ｓ（力・速）　対象：敵全体　属性：聖　効果：吸血鬼・ゾンビ・ゴースト特攻
将神圣之力注入枪中，一闪敌群的破邪奥义"
"7013","神竜の騎士","2","能力","6383","鳥刺しの槍","戦技アビリティ","槍技で飛行している相手に特攻ダメージを与える","","","","2","1","神龙骑士","刺鸟之枪","战技能力","枪技对飞行中的对手造成特攻伤害"
"7013","神竜の騎士","3","能力","276","素早さ40%アップ","職技アビリティ","素早さが40%アップする","","","","10","2","神龙骑士","敏捷提升40%","职技能力","敏捷提升40%"
"7013","神竜の騎士","4","能力","6354","クリティカルランス","戦技アビリティ","槍技でスロウ・ストップ・素早さ低下状態の敵への特攻ダメージが大幅アップ","","","","2","1","神龙骑士","致命长枪","战技能力","枪技对处于减速・停止・敏捷降低状态的敌人特攻伤害大幅提升"
"7013","神竜の騎士","4","能力","8513","騎士の備え","特殊アビリティ","スキルが尖剣・槍装備時の威力になる","","","","4","5","神龙骑士","骑士的准备","特殊能力","使用技能时视为装备了尖剑・枪"
"7013","神竜の騎士","5","技能","1081","絶竜剣","槍技","威力：Ａ（力・速）　対象：敵単体　効果：HP/MP/SP吸収・即死
混沌の力を込めた槍で敵のHPとMP、SPを吸収する技","0","0","7","","10","神龙骑士","绝龙剑","枪技","威力：Ａ（力・速）　対象：敵単体　効果：HP/MP/SP吸収・即死
将混沌之力注入枪中，吸收敌人的HP、MP和SP的技能"
"7013","神竜の騎士","5","能力","6686","槍技防御力無視","戦技アビリティ","槍技で防御力を無視してダメージを与えるが、消費量が1.3倍になる","","","","10","1","神龙骑士","枪技无视防御力","战技能力","槍技で防御力を無視してダメージを与えるが、消費量が1.3倍になる"
"7013","神竜の騎士","6","能力","6855","防御破壊の槍","戦技アビリティ","槍技に防御ダウン効果を付加する","","","","2","1","神龙骑士","防御破坏之枪","战技能力","枪技附加防御下降效果"
"7013","神竜の騎士","7","技能","1094","制空","槍技","対象：使用者　効果：無効化反撃
2ターンの間、敵の槍技・翼技を無効化し反撃する","0","0","4","","10","神龙骑士","制空","枪技","対象：使用者　効果：無効化反撃
2回合内，使敌人的枪技和翼技无效并反击"
"7013","神竜の騎士","7","能力","7714","回避竜剣","防御アビリティ","攻撃を回避した際に竜剣を発動する","","","","5","4","神龙骑士","回避龙剑","防御能力","回避攻击时发动龙剑"
"7013","神竜の騎士","8","技能","9050","真・聖槍乱舞","槍技","威力：ＳＳＳ（力・速）　対象：敵ランダム6回　属性：永劫
聖なる波動を込めた突きを6連続で繰り出す究極乱舞奥義","0","30","9","","10","神龙骑士","真・圣枪乱舞","枪技","威力：ＳＳＳ（力・速）　対象：敵ランダム6回　属性：永劫
蕴含神圣波动的突刺连续施展6次的究极乱舞奥义"
"7013","神竜の騎士","9","能力","6426","オート聖槍発動","戦技アビリティ","聖槍チャージor聖槍ガードが戦闘開始時にランダム発動する","","","","8","1","神龙骑士","自动圣枪发动","战技能力","战斗开始时随机发动圣枪充能或圣枪守护"
"7013","神竜の騎士","10","能力","6879","先の先","職技アビリティ","ターン中、最初に行動すると攻撃の威力がアップする","","","","5","2","神龙骑士","先发制人","职技能力","回合中，先行动时攻击威力提升"
"7013","神竜の騎士","11","技能","9051","真・魔槍乱舞","槍技","威力：ＳＳＳ（力・速）　対象：敵ランダム6回　属性：終焉
闇の波動を込めた突きを6連続で繰り出す究極乱舞奥義","14%当前HP","0","9","","10","神龙骑士","真・魔枪乱舞","枪技","威力：ＳＳＳ（力・速）　対象：敵ランダム6回　属性：終焉
注入暗之波动的突刺连续六次施展的究极乱舞奥义"
"7013","神竜の騎士","12","能力","6709","槍技連撃回数2アップ","戦技アビリティ","槍技連撃スキルのヒット数が2アップ","","","","10","1","神龙骑士","枪技连击次数增加2","战技能力","枪技连击技能的命中次数增加2"
"7013","神竜の騎士","13","能力","6669","槍技速攻","戦技アビリティ","槍技が速攻で発動するが、消費SPが1.5倍になる","","","","25","1","神龙骑士","枪技速攻","战技能力","槍技が速攻で発動するが、消費SPが1.5倍になる"
"7013","神竜の騎士","14","能力","171","槍エクスブースター","戦技アビリティ","槍装備時、その武器によるダメージが50%アップする","","","","30","1","神龙骑士","枪极限增强","战技能力","装备枪时，该武器造成的伤害提升50%"
"7013","神竜の騎士","14","技能","9054","スターダストエンド","槍技","威力：４Ｓ（力・速）　対象：敵単体　属性：銀河
銀河を終わらせるといわれる混沌奥義","0","0","22","","10","神龙骑士","星尘终结","枪技","威力：４Ｓ（力・速）　対象：敵単体　属性：銀河
据说能终结银河的混沌奥义"
"7013","神竜の騎士","15","能力","8449","槍ハイマスタリー","特殊アビリティ","槍の装備効果が格段に上昇する","","","","15","5","神龙骑士","枪高级精通","特殊能力","枪的装备效果显著提升"
"7013","神竜の騎士","15","能力","9812","神竜の騎士の証","マスターアビリティ","戦技APの最大値が10上昇し、槍技ダメージが20%アップ","","","","0","999","神龙骑士","神龙骑士的证明","大师能力","战技AP的最大值增加10，枪技伤害提升20%"
"7014","修羅","2","能力","6409","絶命の刃","戦技アビリティ","短剣技・剣技・尖剣技・刀技に即死効果を付加する","","","","2","1","修罗","绝命之刃","战技能力","短剑技・剑技・尖剑技・刀技附加即死效果"
"7014","修羅","2","技能","9041","十四連斬","刀技","威力：ＳＳＳ（力・器）　対象：敵単体14回
一瞬で十四回もの斬撃を叩き込む奥義","0","0","18","","9","修罗","十四连斩","刀技","威力：ＳＳＳ（力・器）　対象：敵単体14回
一瞬间施展十四次斩击的奥义"
"7014","修羅","3","能力","281","器用さ40%アップ","職技アビリティ","器用さが40%アップする","","","","10","2","修罗","灵巧提升40%","职技能力","灵巧提升40%"
"7014","修羅","4","能力","6380","破邪の刃","戦技アビリティ","刀技で亜人・妖狐に特攻ダメージを与える","","","","2","1","修罗","破邪之刃","战技能力","刀技对亚人・妖狐造成特攻伤害"
"7014","修羅","4","能力","6382","斬鉄","戦技アビリティ","刀技でロイドに特攻ダメージを与える","","","","2","1","修罗","斩铁","战技能力","刀技对机器人造成特攻伤害"
"7014","修羅","5","技能","1028","天墜","刀技","威力：Ｓ（力・器）　対象：敵全体　効果：天使特攻
天使を地上に墜とすという秘伝の奥義","0","0","12","","9","修罗","天坠","刀技","威力：Ｓ（力・器）　対象：敵全体　効果：天使特攻
将天使坠落于地上的秘传奥义"
"7014","修羅","6","能力","6685","刀技防御力無視","戦技アビリティ","刀技で防御力を無視してダメージを与えるが、消費量が1.3倍になる","","","","10","1","修罗","刀技无视防御力","战技能力","刀技で防御力を無視してダメージを与えるが、消費量が1.3倍になる"
"7014","修羅","7","技能","1038","断罪者への天誅","刀技","対象：使用者　効果：無効化反撃
2ターンの間、敵の鎌技・鞭技を無効化し反撃する","0","0","4","","9","修罗","对断罪者的天诛","刀技","対象：使用者　効果：無効化反撃
2回合内，无效化敌人的镰技・鞭技并反击"
"7014","修羅","7","能力","6424","残心","戦技アビリティ","刀技後、カウンター体勢に入る","","","","8","1","修罗","残心","战技能力","刀技后，进入反击姿态"
"7014","修羅","8","能力","6668","刀技速攻","戦技アビリティ","刀技が速攻で発動するが、消費SPが1.5倍になる","","","","25","1","修罗","刀技速攻","战技能力","刀技が速攻で発動するが、消費SPが1.5倍になる"
"7014","修羅","9","技能","1030","居合い・伊邪那岐","刀技","威力：ＳＳ（力・器）　対象：敵全体　属性：聖
光の根源に達するという神速の居合い斬り","0","27","8","","9","修罗","居合・伊邪那岐","刀技","威力：ＳＳ（力・器）　対象：敵全体　属性：聖
达到光之根源的神速居合斩"
"7014","修羅","10","能力","6770","刀技素早さ半分付加","戦技アビリティ","刀技の威力に素早さの半分を付加する","","","","10","1","修罗","刀技附加一半的敏捷","战技能力","刀技の威力に素早さの半分を付加する"
"7014","修羅","11","技能","1031","居合い・伊邪那美","刀技","威力：ＳＳ（力・器）　対象：敵全体　属性：闇
闇の根源に達するという神速の居合い斬り","14%当前HP","0","8","","9","修罗","居合・伊邪那美","刀技","威力：ＳＳ（力・器）　対象：敵全体　属性：闇
达到暗之根源的神速居合斩"
"7014","修羅","12","技能","1037","則天去私","刀技","対象：使用者　効果：命中率・回避率・会心率・会心ダメージ大アップ
己を捨てて天に委ね、3ターンの間は様々な技能が限界まで向上する","0","0","6","","9","修罗","则天去私","刀技","対象：使用者　効果：命中率・回避率・会心率・会心ダメージ大アップ
舍弃自我，将一切托付于天，3回合内各项技能达到极限"
"7014","修羅","13","能力","8207","剣士チェーン","特殊アビリティ","「刀技」の後に「剣技」を発動できる","","","","10","5","修罗","剑士连锁","特殊能力","「刀技」之后可以发动「剑技」"
"7014","修羅","13","技能","9044","修羅の舞い","刀技","威力：４Ｓ（力・器）　対象：敵単体3回　属性：修羅
舞うような修羅の剣技でいかなる敵も果てる混沌奥義","0","0","22","","9","修罗","修罗之舞","刀技","威力：４Ｓ（力・器）　対象：敵単体3回　属性：修羅
以舞动的修罗剑技将任何敌人终结的混沌奥义"
"7014","修羅","14","能力","174","刀エクスブースター","戦技アビリティ","刀装備時、その武器によるダメージが50%アップする","","","","30","1","修罗","刀极限增强","战技能力","装备刀时，该武器造成的伤害提升50%"
"7014","修羅","14","能力","6540","修羅ブースター","戦技アビリティ","修羅属性のダメージが15%アップする","","","","15","1","修罗","修罗增强","战技能力","修罗属性伤害提升15%"
"7014","修羅","15","能力","8451","刀ハイマスタリー","特殊アビリティ","刀の装備効果が格段に上昇する","","","","15","5","修罗","刀高级精通","特殊能力","刀的装备效果显著提升"
"7014","修羅","15","能力","9813","修羅の証","マスターアビリティ","戦技APの最大値が10上昇し、刀技ダメージが20%アップ","","","","0","999","修罗","修罗的证明","大师能力","战技AP的最大值增加10，刀技伤害提升20%"
"7015","メテオブレイカー","2","能力","6343","武技SPバースト","戦技アビリティ","SPの残量が多いほど武技の威力がアップする","","","","5","1","流星破坏者","武技SP爆发","战技能力","SP剩余量越多，武技威力提升"
"7015","メテオブレイカー","2","能力","8514","重戦士の備え","特殊アビリティ","スキルが斧・棍・鉄球装備時の威力になる","","","","4","5","流星破坏者","重战士的准备","特殊能力","使用技能时视为装备了斧・棍・铁球"
"7015","メテオブレイカー","3","能力","69","攻撃力40%アップ","戦技アビリティ","攻撃力が40%アップする","","","","10","1","流星破坏者","攻击力提升40%","战技能力","攻击力提升40%"
"7015","メテオブレイカー","4","能力","6356","クリティカルアックス","戦技アビリティ","斧技で防御力低下状態の敵への特攻ダメージが大幅アップ","","","","2","1","流星破坏者","致命斧","战技能力","斧技对防御力降低状态的敌人特攻伤害大幅提升"
"7015","メテオブレイカー","4","能力","6357","クリティカルハンマー","戦技アビリティ","棍技でフリーズ状態の敵への特攻ダメージが大幅アップ","","","","2","1","流星破坏者","致命锤击","战技能力","棍技对处于冻结状态的敌人特攻伤害大幅提升"
"7015","メテオブレイカー","4","能力","6360","クリティカルフレイル","戦技アビリティ","鉄球技でスタン状態の敵への特攻ダメージが大幅アップ","","","","2","1","流星破坏者","致命铁球","战技能力","铁球技对处于眩晕状态的敌人特攻伤害大幅提升"
"7015","メテオブレイカー","5","技能","9071","メテオブレイク","棍技","威力：４Ｓ（力）　対象：敵単体　属性：銀河・テラ　効果：スタン
隕石の如く繰り出される棍の一撃","0","0","22","","12","流星破坏者","陨石粉碎","棍技","威力：４Ｓ（力）　対象：敵単体　属性：銀河・テラ　効果：スタン
如陨石般挥出的棍之一击"
"7015","メテオブレイカー","6","能力","6688","棍技防御力無視","戦技アビリティ","棍技で防御力を無視してダメージを与えるが、消費量が1.3倍になる","","","","10","1","流星破坏者","棍技无视防御力","战技能力","棍技で防御力を無視してダメージを与えるが、消費量が1.3倍になる"
"7015","メテオブレイカー","7","能力","6687","斧技防御力無視","戦技アビリティ","斧技で防御力を無視してダメージを与えるが、消費量が1.3倍になる","","","","10","1","流星破坏者","斧技无视防御力","战技能力","斧技で防御力を無視してダメージを与えるが、消費量が1.3倍になる"
"7015","メテオブレイカー","8","能力","6693","鉄球技防御力無視","戦技アビリティ","鉄球技で防御力を無視してダメージを与えるが、消費量が1.3倍になる","","","","10","1","流星破坏者","铁球技防御力无视","战技能力","鉄球技で防御力を無視してダメージを与えるが、消費量が1.3倍になる"
"7015","メテオブレイカー","9","能力","725","SPチャージ3倍","特殊アビリティ","SPの回復量が3倍になる","","","","20","5","流星破坏者","SP充能3倍","特殊能力","SP恢复量变为3倍"
"7015","メテオブレイカー","10","技能","1117","タイタンズレガシー","斧技","威力：ＳＳＳ（力）　対象：敵全体　属性：修羅・テラ
惑星をも砕く巨人の混沌奥義","0","0","21","","11","流星破坏者","泰坦遗产","斧技","威力：ＳＳＳ（力）　対象：敵全体　属性：修羅・テラ
连行星都能粉碎的巨人混沌奥义"
"7015","メテオブレイカー","11","能力","189","棍エクスブースター","戦技アビリティ","棍装備時、その武器によるダメージが50%アップする","","","","30","1","流星破坏者","棍极限增强","战技能力","装备棍时，该武器造成的伤害提升50%"
"7015","メテオブレイカー","12","能力","186","斧エクスブースター","戦技アビリティ","斧装備時、その武器によるダメージが50%アップする","","","","30","1","流星破坏者","斧极限增强","战技能力","装备斧时，该武器造成的伤害提升50%"
"7015","メテオブレイカー","13","能力","204","鉄球エクスブースター","戦技アビリティ","鉄球装備時、その武器によるダメージが50%アップする","","","","30","1","流星破坏者","铁球极限增强","战技能力","装备铁球时，该武器造成的伤害提升50%"
"7015","メテオブレイカー","14","能力","8459","斧ハイマスタリー","特殊アビリティ","斧の装備効果が格段に上昇する","","","","15","5","流星破坏者","斧头高级精通","特殊能力","斧头的装备效果大幅提升"
"7015","メテオブレイカー","14","能力","8461","棍ハイマスタリー","特殊アビリティ","棍の装備効果が格段に上昇する","","","","15","5","流星破坏者","棍棒高级精通","特殊能力","棍棒的装备效果大幅提升"
"7015","メテオブレイカー","14","能力","8477","鉄球ハイマスタリー","特殊アビリティ","鉄球の装備効果が格段に上昇する","","","","15","5","流星破坏者","铁球高级精通","特殊能力","铁球的装备效果显著提升"
"7015","メテオブレイカー","15","技能","1303","テラフォーミング","鉄球技","威力：ＳＳＳ（力）　対象：敵全体　属性：修羅・テラ
惑星を創世するという混沌奥義","0","0","21","","17","流星破坏者","大地重塑","铁球技","威力：ＳＳＳ（力）　対象：敵全体　属性：修羅・テラ
创造星球的混沌奥义"
"7015","メテオブレイカー","15","能力","9814","メテオブレイカーの証","マスターアビリティ","戦技APの最大値が10上昇し、斧技・棍技・鉄球技ダメージが20%アップ","","","","0","999","流星破坏者","流星破坏者的证明","大师能力","战技AP的最大值增加10，斧技・棍技・铁球技伤害提升20%"
"7016","拳神","2","技能","1435","金剛八連拳","格闘","威力：ＳＳ（力・速）　対象：敵ランダム8回　属性：聖
聖なるオーラを集中した拳を八連続で繰り出す奥義","0","20","7","","21","拳神","金刚八连拳","格闘","威力：ＳＳ（力・速）　対象：敵ランダム8回　属性：聖
集中圣之气息的拳头连续打出八次的奥义"
"7016","拳神","2","能力","6373","時刻みの拳","戦技アビリティ","格闘でスロウ・ストップ状態の敵に特攻が発生する","","","","2","1","拳神","时刻之拳","战技能力","格斗对处于减速・停止状态的敌人发动特攻"
"7016","拳神","3","能力","84","完全カウンター","戦技アビリティ","必ずカウンターが発生する","","","","20","1","拳神","完全反击","战技能力","必定触发反击"
"7016","拳神","3","能力","276","素早さ40%アップ","職技アビリティ","素早さが40%アップする","","","","10","2","拳神","敏捷提升40%","职技能力","敏捷提升40%"
"7016","拳神","4","能力","88","完全魔法カウンター","戦技アビリティ","必ず魔法カウンターが発生する","","","","20","1","拳神","完全魔法反击","战技能力","必定触发魔法反击"
"7016","拳神","4","技能","9159","真・瞬獄殺","格闘","威力：ＳＳＳ（力・速）　対象：敵単体4回　属性：終焉
暗黒のオーラをまといながら究極の連撃を繰り出す闇奥義","14%当前HP","0","9","","21","拳神","真・瞬狱杀","格闘","威力：ＳＳＳ（力・速）　対象：敵単体4回　属性：終焉
暗黑气息缠绕，发动究极连击的暗黑奥义"
"7016","拳神","5","能力","77","会心50%","戦技アビリティ","会心率が50%になる","","","","15","1","拳神","会心50%","战技能力","会心率增加50%"
"7016","拳神","5","能力","8515","武道家の備え","特殊アビリティ","スキルが拳・棍装備時の威力になる","","","","4","5","拳神","武道家的准备","特殊能力","使用技能时视为装备了拳・棍"
"7016","拳神","6","技能","1455","後手の格闘王","格闘","対象：使用者　効果：無効化反撃
2ターンの間、敵の格闘を無効化し反撃する","0","0","4","","21","拳神","后手格斗王","格闘","対象：使用者　効果：無効化反撃
2回合内，无效化敌人的格斗并反击"
"7016","拳神","6","能力","6313","会心ダメージ25%アップ","戦技アビリティ","会心時のダメージが25%アップする","","","","5","1","拳神","会心伤害提升25%","战技能力","会心时伤害提升25%"
"7016","拳神","7","技能","9157","電塵乱皇脚","格闘","威力：ＳＳＳ（力・速）　対象：敵ランダム4回　属性：イオン
電撃をまとった脚で蹴りの乱舞を繰り出す奥義","0","30","9","","21","拳神","电尘乱皇脚","格闘","威力：ＳＳＳ（力・速）　対象：敵ランダム4回　属性：イオン
以带电的脚进行踢击乱舞的奥义"
"7016","拳神","8","能力","6322","万能カウンター50%","戦技アビリティ","万能カウンター率が50%になる","","","","15","1","拳神","万能反击50%","战技能力","万能反击率增加50%"
"7016","拳神","9","技能","1436","紅蓮大拳舞","格闘","威力：ＳＳ（力・速）　対象：敵全体　属性：核熱
紅蓮の拳を敵の集団に叩き込む奥義","0","27","8","","21","拳神","红莲大拳舞","格闘","威力：ＳＳ（力・速）　対象：敵全体　属性：核熱
用红莲之拳对敌人群进行打击的奥义"
"7016","拳神","10","能力","6799","格闘魔力半分付加","戦技アビリティ","格闘の威力に魔力の半分を付加する","","","","10","1","拳神","格斗附加一半的魔力","战技能力","格闘の威力に魔力の半分を付加する"
"7016","拳神","11","技能","9156","零拳","格闘","威力：ＳＳ（力・速）　対象：敵全体　属性：量子　効果：フリーズ
万物を凍結させる拳の乱打奥義","0","20","8","","21","拳神","零拳","格闘","威力：ＳＳ（力・速）　対象：敵全体　属性：量子　効果：フリーズ
冻结万物的拳击乱打奥义"
"7016","拳神","12","能力","6680","格闘速攻","戦技アビリティ","格闘が速攻で発動するが、消費SPが1.5倍になる","","","","25","1","拳神","格斗速攻","战技能力","格闘が速攻で発動するが、消費SPが1.5倍になる"
"7016","拳神","13","能力","6335","渾身の一撃","戦技アビリティ","単発スキル（攻撃判定が一度だけ）の威力がアップする","","","","5","1","拳神","全力一击","战技能力","单发技能（攻击判定只有一次）的威力提升"
"7016","拳神","13","技能","9163","破滅の鉄槌","格闘","威力：４Ｓ（力・速）　対象：敵単体3回　属性：修羅
全てを破滅させる拳の混沌奥義","0","0","22","","21","拳神","破灭之铁锤","格闘","威力：４Ｓ（力・速）　対象：敵単体3回　属性：修羅
毁灭一切的拳之混沌奥义"
"7016","拳神","14","能力","180","拳エクスブースター","戦技アビリティ","拳装備時、その武器によるダメージが50%アップする","","","","30","1","拳神","拳极限增强","战技能力","装备拳时，该武器造成的伤害提升50%"
"7016","拳神","14","能力","6540","修羅ブースター","戦技アビリティ","修羅属性のダメージが15%アップする","","","","15","1","拳神","修罗增强","战技能力","修罗属性伤害提升15%"
"7016","拳神","15","能力","8455","拳ハイマスタリー","特殊アビリティ","拳の装備効果が格段に上昇する","","","","15","5","拳神","拳套高级精通","特殊能力","拳套的装备效果大幅提升"
"7016","拳神","15","能力","9815","拳神の証","マスターアビリティ","戦技APの最大値が10上昇し、格闘ダメージが20%アップ","","","","0","999","拳神","拳神的证明","大师能力","战技AP的最大值增加10，格斗伤害提升20%"
"7017","神の守護者","2","技能","9158","破邪顕正","格闘","威力：ＳＳ（力・速）　対象：敵全体　属性：炎・聖
邪悪を滅ぼす神拳を敵に叩き込む聖奥義","0","27","8","","21","神之守护者","破邪显正","格闘","威力：ＳＳ（力・速）　対象：敵全体　属性：炎・聖
将消灭邪恶的神拳击向敌人的神圣奥义"
"7017","神の守護者","3","能力","552","精神力40%アップ","防御アビリティ","精神力が40%アップする","","","","10","4","神之守护者","精神力提升40%","防御能力","精神力提升40%"
"7017","神の守護者","3","能力","7926","HPコンバーター","特殊アビリティ","最大HPが1.5倍になるが、最大MPとSPが半分になる","","","","10","5","神之守护者","HP转换器","特殊能力","最大HPが1.5倍になるが、最大MPとSPが半分になる"
"7017","神の守護者","4","能力","6403","成仏拳","戦技アビリティ","格闘でゾンビ・ゴーストに特攻ダメージを与える","","","","2","1","神之守护者","成佛拳","战技能力","格斗对僵尸・幽灵造成特攻伤害"
"7017","神の守護者","4","能力","6414","昇天拳","戦技アビリティ","格闘に昇天効果を付加する","","","","2","1","神之守护者","升天拳","战技能力","格斗附加升天效果"
"7017","神の守護者","5","技能","9290","聖者の大自爆","聖技","威力：可変　対象：敵全体
聖者の命と引き替えに、塵も残さず敵を滅ぼす究極自爆技","0","0","15","","26","神之守护者","圣者的大自爆","圣技","威力：可変　対象：敵全体
以圣者的生命为代价，将敌人彻底毁灭的究极自爆技"
"7017","神の守護者","6","能力","6697","格闘防御力無視","戦技アビリティ","格闘で防御力を無視してダメージを与えるが、消費量が1.3倍になる","","","","10","1","神之守护者","格斗防御力无视","战技能力","格闘で防御力を無視してダメージを与えるが、消費量が1.3倍になる"
"7017","神の守護者","7","能力","6800","格闘防御力半分付加","戦技アビリティ","格闘の威力に防御力の半分を付加する","","","","10","1","神之守护者","格斗附加一半的防御力","战技能力","格闘の威力に防御力の半分を付加する"
"7017","神の守護者","7","能力","6801","格闘精神力半分付加","戦技アビリティ","格闘の威力に精神力の半分を付加する","","","","10","1","神之守护者","格斗附加一半的精神力","战技能力","格闘の威力に精神力の半分を付加する"
"7017","神の守護者","8","技能","1456","不浄撃滅の構え","格闘","対象：使用者　効果：無効化反撃
2ターンの間、敵の屍技を無効化し反撃する","0","0","4","","21","神之守护者","不净击灭之构","格闘","対象：使用者　効果：無効化反撃
2回合内，无效化敌人的尸技并反击"
"7017","神の守護者","9","能力","6443","滅捨身撃","戦技アビリティ","通常攻撃の威力が爆発的に上がるが、そのターンに受けるダメージが倍増する","","","","4","1","神之守护者","灭舍身击","战技能力","普通攻击威力爆炸性上升，但该回合受到的伤害翻倍"
"7017","神の守護者","9","能力","7947","自爆ブースト","特殊アビリティ","自爆技の威力がアップする","","","","5","5","神之守护者","自爆增强","特殊能力","自爆技能的威力提升"
"7017","神の守護者","10","技能","9289","究極の祈祷","聖技","対象：味方全体　効果：HP全回復・完全蘇生
味方全体を癒やすと同時に、死者をも蘇生させる究極祈祷","0","60","18","","26","神之守护者","究极祈祷","圣技","対象：味方全体　効果：HP全回復・完全蘇生
治愈全体队友的同时，也能使死者复活的最强祈祷"
"7017","神の守護者","11","能力","650","全即死系無効","防御アビリティ","即死・昇天・絶頂攻撃を完全に無効化する","","","","10","4","神之守护者","全即死系无效","防御能力","即死・升天・绝顶攻击完全无效化"
"7017","神の守護者","12","能力","6818","格闘頑強発動","戦技アビリティ","ターン中、状態異常・戦闘不能になっても格闘が発動する
その代わり、消費MPとSPが30%アップする","","","","15","1","神之守护者","格斗顽强发动","战技能力","回合中，即使陷入异常状态或战斗不能，格斗仍会发动
作为代价，消耗的MP和SP增加30%"
"7017","神の守護者","13","能力","7616","聖技頑強発動","魔法アビリティ","ターン中、状態異常・戦闘不能になっても聖技が発動する
その代わり、消費MPとSPが30%アップする","","","","15","3","神之守护者","圣技顽强发动","魔法能力","回合中，即使陷入异常状态或战斗不能，圣技也会发动
作为代价，消耗的MP和SP增加30%"
"7017","神の守護者","14","能力","7719","守護者の祈り","防御アビリティ","戦闘不能の仲間がいるとターン終了時に復活させる事がある","","","","20","4","神之守护者","守护者的祈祷","防御能力","有战斗不能的同伴时，回合结束时有几率复活"
"7017","神の守護者","15","技能","1646","クロスハレルヤ","聖技","威力：ＳＳＳ（力or精）　対象：敵全体　属性：聖　効果：ゾンビ・ゴースト特攻
神に仕えし守護者が繰り出す祝福の聖奥義","0","40","10","","26","神之守护者","十字圣赞","圣技","威力：ＳＳＳ（力or精）　対象：敵全体　属性：聖　効果：ゾンビ・ゴースト特攻
侍奉神明的守护者施展的祝福圣奥义"
"7017","神の守護者","15","能力","9816","神の守護者の証","マスターアビリティ","防御APの最大値が20上昇し、聖技ダメージが20%アップ","","","","0","999","神之守护者","神之守护者的证明","大师能力","防御AP的最大值增加20，圣技伤害提升20%"
"7018","終焉魔導師","2","能力","7268","バリアントマジック","魔法アビリティ","黒魔法でバーン・フリーズ・ショック状態の敵に特攻が発生する","","","","2","3","终焉魔导师","变异魔法","魔法能力","黑魔法对处于燃烧・冻结・电击状态的敌人发动特攻"
"7018","終焉魔導師","2","技能","9192","ガンマバースト","黒魔法","威力：ＳＳ（魔）　対象：敵全体　属性：核熱
世界を核の炎で包む混沌魔法","0","55","0","","23","终焉魔导师","伽马爆发","黑魔法","威力：ＳＳ（魔）　対象：敵全体　属性：核熱
用核炎包裹世界的混沌魔法"
"7018","終焉魔導師","3","能力","454","魔力40%アップ","魔法アビリティ","魔力が40%アップする","","","","10","3","终焉魔导师","魔力提升40%","魔法能力","魔力提升40%"
"7018","終焉魔導師","4","能力","533","炎ダメージ反射","防御アビリティ","炎属性のダメージを反射する","","","","20","4","终焉魔导师","炎伤害反射","防御能力","反射炎属性的伤害"
"7018","終焉魔導師","4","能力","534","氷ダメージ反射","防御アビリティ","氷属性のダメージを反射する","","","","20","4","终焉魔导师","冰伤害反射","防御能力","反射冰属性的伤害"
"7018","終焉魔導師","4","能力","535","雷ダメージ反射","防御アビリティ","雷属性のダメージを反射する","","","","20","4","终焉魔导师","雷伤害反射","防御能力","反射雷属性的伤害"
"7018","終焉魔導師","5","技能","9194","クァンタゾーン","黒魔法","威力：ＳＳ（魔）　対象：敵全体　属性：量子
量子に干渉し空間を凍結させる混沌魔法","0","55","0","","23","终焉魔导师","量子区域","黑魔法","威力：ＳＳ（魔）　対象：敵全体　属性：量子
干涉量子冻结空间的混沌魔法"
"7018","終焉魔導師","6","能力","7280","アンチエレメンタル","魔法アビリティ","黒魔法でエルフ・妖精に特攻ダメージを与える","","","","2","3","终焉魔导师","反元素","魔法能力","黑魔法对精灵・妖精造成特攻伤害"
"7018","終焉魔導師","7","能力","7626","黒魔法単体化","魔法アビリティ","黒魔法の効果が単体化するが、威力が大幅にアップする","","","","6","3","终焉魔导师","黑魔法单体化","魔法能力","黑魔法的效果变为单体化，但威力大幅提升"
"7018","終焉魔導師","8","技能","9196","イオンブラスト","黒魔法","威力：ＳＳ（魔）　対象：敵全体　属性：イオン
イオンに干渉し強力な雷を発生させる混沌魔法","0","55","0","","23","终焉魔导师","离子冲击","黑魔法","威力：ＳＳ（魔）　対象：敵全体　属性：イオン
干涉离子产生强力雷电的混沌魔法"
"7018","終焉魔導師","9","能力","7570","黒魔法防御力無視","魔法アビリティ","黒魔法で防御力を無視してダメージを与えるが、消費量が1.3倍になる","","","","10","3","终焉魔导师","黑魔法防御力无视","魔法能力","黒魔法で防御力を無視してダメージを与えるが、消費量が1.3倍になる"
"7018","終焉魔導師","10","能力","7557","黒魔法速攻","魔法アビリティ","黒魔法が速攻で発動するが、消費MPが1.5倍になる","","","","25","3","终焉魔导师","黑魔法速攻","魔法能力","黒魔法が速攻で発動するが、消費MPが1.5倍になる"
"7018","終焉魔導師","11","能力","7592","黒魔法精神力半分付加","魔法アビリティ","黒魔法の威力に精神力の半分を付加する","","","","10","3","终焉魔导师","黑魔法附加一半的精神力","魔法能力","黒魔法の威力に精神力の半分を付加する"
"7018","終焉魔導師","12","能力","7262","収束魔導","魔法アビリティ","敵単体時、全魔法の威力が15%アップする
※拡散魔導系との併用は不可能","","","","5","3","终焉魔导师","收敛魔导","魔法能力","敌人为单体时，所有魔法的威力提升15%
※无法与扩散魔导系同时使用"
"7018","終焉魔導師","13","能力","472","炎エクスブースター","魔法アビリティ","炎属性のダメージが50%アップする","","","","24","3","终焉魔导师","炎极限增强","魔法能力","炎属性的伤害提升50%"
"7018","終焉魔導師","13","能力","475","氷エクスブースター","魔法アビリティ","氷属性のダメージが50%アップする","","","","24","3","终焉魔导师","冰极限增强","魔法能力","冰属性伤害提升50%"
"7018","終焉魔導師","13","能力","478","雷エクスブースター","魔法アビリティ","雷属性のダメージが50%アップする","","","","24","3","终焉魔导师","雷极限增强","魔法能力","雷属性伤害提升50%"
"7018","終焉魔導師","14","能力","7447","終焉ブースター","魔法アビリティ","終焉属性のダメージが15%アップする","","","","10","3","终焉魔导师","终焉增强","魔法能力","终焉属性伤害提升15%"
"7018","終焉魔導師","14","技能","9204","カオスリバレート","黒魔法","威力：ＳＳＳ（魔）　対象：敵全体　属性：終焉
混沌の力を解放し、全てを滅ぼす究極魔法","16%当前HP","80","0","","23","终焉魔导师","混沌解放","黑魔法","威力：ＳＳＳ（魔）　対象：敵全体　属性：終焉
解放混沌之力，毁灭一切的究极魔法"
"7018","終焉魔導師","15","能力","8467","ロッドハイマスタリー","特殊アビリティ","ロッド・魔導剣の装備効果が格段に上昇する","","","","15","5","终焉魔导师","法杖高级精通","特殊能力","法杖・魔导剑的装备效果大幅提升"
"7018","終焉魔導師","15","能力","9817","終焉魔導師の証","マスターアビリティ","魔法APの最大値が10上昇し、黒魔法ダメージが20%アップ","","","","0","999","终焉魔导师","终焉魔导师的证明","大师能力","魔法AP的最大值增加10，黑魔法伤害提升20%"
"7019","銀河魔導師","2","能力","7271","時の浸食","魔法アビリティ","時魔法でスロウ・ストップ状態の敵に特攻が発生する","","","","2","3","银河魔导师","时间的侵蚀","魔法能力","时魔法对处于减速・停止状态的敌人发动特攻"
"7019","銀河魔導師","2","技能","9222","オーバースロウ","時魔法","対象：敵単体　効果：全行動遅攻
相手の時間を遅らせ、最遅で行動させる魔法","0","25","0","","24","银河魔导师","超减速","时魔法","対象：敵単体　効果：全行動遅攻
使对方时间减慢，使其行动最迟的魔法"
"7019","銀河魔導師","3","能力","7627","時魔法単体化","魔法アビリティ","時魔法の効果が単体化するが、威力が大幅にアップする","","","","6","3","银河魔导师","时魔法单体化","魔法能力","时魔法的效果变为单体化，但威力大幅提升"
"7019","銀河魔導師","3","技能","9228","コメットレイン","時魔法","威力：ＳＳＳ（魔）　対象：敵ランダム4回　属性：銀河
時空を歪め、複数の隕石を飛来させる魔法","0","60","0","","24","银河魔导师","彗星雨","时魔法","威力：ＳＳＳ（魔）　対象：敵ランダム4回　属性：銀河
扭曲时空，召唤多颗陨石坠落的魔法"
"7019","銀河魔導師","4","能力","7571","時魔法防御力無視","魔法アビリティ","時魔法で防御力を無視してダメージを与えるが、消費量が1.3倍になる","","","","10","3","银河魔导师","时魔法防御力无视","魔法能力","時魔法で防御力を無視してダメージを与えるが、消費量が1.3倍になる"
"7019","銀河魔導師","5","技能","9223","オーバークィック","時魔法","対象：味方単体　効果：全行動速攻
味方単体の時間を早め、高速での行動を可能にする魔法","0","25","0","","24","银河魔导师","超加速","时魔法","対象：味方単体　効果：全行動速攻
使我方单体时间加快，实现高速行动的魔法"
"7019","銀河魔導師","6","能力","7281","人形劣化術","魔法アビリティ","時魔法でドールに特攻ダメージを与える","","","","2","3","银河魔导师","人偶劣化术","魔法能力","时魔法对人偶造成特攻伤害"
"7019","銀河魔導師","6","技能","9225","リライフ","時魔法","対象：味方全体　効果：HP中回復
生命力を回帰させる時魔法唯一の回復術","0","10","0","","24","银河魔导师","再生","时魔法","対象：味方全体　効果：HP中回復
唯一能恢复生命力的时魔法"
"7019","銀河魔導師","7","能力","7265","拡散魔導","魔法アビリティ","敵複数時、全魔法の威力が15%アップする
※収束魔導系との併用は不可能","","","","5","3","银河魔导师","扩散魔导","魔法能力","敌人为复数时，所有魔法的威力提升15%
※无法与收敛魔导系同时使用"
"7019","銀河魔導師","8","技能","9227","リピートメテオ","時魔法","威力：Ａ（魔）　対象：敵全体　属性：銀河　効果：3ターン継続
招来した巨大隕石の衝突を何度もリピートさせる奥義","0","35","0","","24","银河魔导师","重复陨石","时魔法","威力：Ａ（魔）　対象：敵全体　属性：銀河　効果：3ターン継続
召唤的巨大陨石碰撞多次重复的奥义"
"7019","銀河魔導師","9","能力","7558","時魔法速攻","魔法アビリティ","時魔法が速攻で発動するが、消費MPが1.5倍になる","","","","25","3","银河魔导师","时魔法速攻","魔法能力","時魔法が速攻で発動するが、消費MPが1.5倍になる"
"7019","銀河魔導師","10","能力","7723","リープタイム","防御アビリティ","攻撃を受けそうになると、時間をスキップして無効化する事がある","","","","10","4","银河魔导师","跳跃时间","防御能力","攻击即将到来时，有时会跳过时间来无效化"
"7019","銀河魔導師","11","技能","9226","オーバーグラビディ","時魔法","威力：割合ダメージ　対象：敵全体　効果：スロウ・ストップ
強大な重力で時空さえねじ曲げる魔法","0","20","0","","24","银河魔导师","超重力","时魔法","威力：割合ダメージ　対象：敵全体　効果：スロウ・ストップ
用强大重力扭曲时空的魔法"
"7019","銀河魔導師","12","能力","8216","魔道士チェーン","特殊アビリティ","「時魔法」の後に「白魔法or黒魔法」を発動できる","","","","10","5","银河魔导师","魔道士链","特殊能力","「时魔法」之后可以发动「白魔法或黑魔法」"
"7019","銀河魔導師","13","技能","9224","セカンドアクト","時魔法","対象：味方単体　効果：二回行動
相手の時間を極端に早め、二連続での行動を可能にする魔法","0","99","0","","24","银河魔导师","第二幕","时魔法","対象：味方単体　効果：二回行動
极端加快对方时间，使其能连续两次行动的魔法"
"7019","銀河魔導師","14","能力","7384","銀河ブースター","魔法アビリティ","銀河属性のダメージが15%アップする","","","","10","3","银河魔导师","银河增强","魔法能力","银河属性伤害提升15%"
"7019","銀河魔導師","14","技能","9230","ギャラクシー","時魔法","威力：ＳＳＳ（魔）　対象：敵全体　属性：銀河
銀河のエネルギーを凝縮し、一気に炸裂させる魔法","0","80","0","","24","银河魔导师","银河","时魔法","威力：ＳＳＳ（魔）　対象：敵全体　属性：銀河
凝聚银河能量，瞬间爆发的魔法"
"7019","銀河魔導師","15","能力","8467","ロッドハイマスタリー","特殊アビリティ","ロッド・魔導剣の装備効果が格段に上昇する","","","","15","5","银河魔导师","法杖高级精通","特殊能力","法杖・魔导剑的装备效果大幅提升"
"7019","銀河魔導師","15","能力","9818","銀河魔導師の証","マスターアビリティ","魔法APの最大値が10上昇し、時魔法ダメージが20%アップ","","","","0","999","银河魔导师","银河魔导师的证明","大师能力","魔法AP的最大值增加10，时魔法伤害提升20%"
"7020","混沌召喚士","2","技能","1595","サマエル","召喚","威力：ＳＳ（魔or器）　対象：敵ランダム6回　属性：修羅
サマエルを呼び出す召喚魔法","0","40","0","","25","混沌召唤士","萨麦尔","召唤","威力：ＳＳ（魔or器）　対象：敵ランダム6回　属性：修羅
召唤萨麦尔的召唤魔法"
"7020","混沌召喚士","2","能力","7273","不覚の召喚","魔法アビリティ","召喚で暗闇・沈黙状態の敵に特攻が発生する","","","","2","3","混沌召唤士","失策的召唤","魔法能力","召唤术对处于黑暗・沉默状态的敌人发动特攻"
"7020","混沌召喚士","3","能力","449","MP40%アップ","魔法アビリティ","最大MPが40%アップする","","","","10","3","混沌召唤士","MP提升40%","魔法能力","最大MP提升40%"
"7020","混沌召喚士","4","能力","7319","先駆けの召喚","魔法アビリティ","戦闘開始時、ランダムで召喚技が発動する","","","","10","3","混沌召唤士","先驱召唤","魔法能力","战斗开始时，随机发动召唤技"
"7020","混沌召喚士","4","能力","7628","召喚単体化","魔法アビリティ","召喚の効果が単体化するが、威力が大幅にアップする","","","","6","3","混沌召唤士","召唤单体化","魔法能力","召唤的效果变为单体化，但威力大幅提升"
"7020","混沌召喚士","5","技能","1596","ゲイザー","召喚","威力：ＳＳＳ（魔or器）　対象：敵全体　属性：終焉　効果：沈黙・睡眠・混乱
ゲイザーを呼び出す召喚魔法","16%当前HP","40","0","","25","混沌召唤士","凝视者","召唤","威力：ＳＳＳ（魔or器）　対象：敵全体　属性：終焉　効果：沈黙・睡眠・混乱
召唤凝视者的召唤魔法"
"7020","混沌召喚士","6","能力","7320","カウンター召喚","魔法アビリティ","攻撃を受けた際、ランダム召喚で反撃する","","","","7","3","混沌召唤士","反击召唤","魔法能力","受到攻击时，随机召唤魔物娘进行反击"
"7020","混沌召喚士","6","能力","7572","召喚防御力無視","魔法アビリティ","召喚で防御力を無視してダメージを与えるが、消費量が1.3倍になる","","","","10","3","混沌召唤士","召唤防御力无视","魔法能力","召喚で防御力を無視してダメージを与えるが、消費量が1.3倍になる"
"7020","混沌召喚士","7","能力","7615","召喚頑強発動","魔法アビリティ","ターン中、状態異常・戦闘不能になっても召喚が発動する
その代わり、消費MPとSPが30%アップする","","","","15","3","混沌召唤士","召唤顽强发动","魔法能力","回合中，即使处于异常状态或战斗不能，召唤也会发动
作为代价，消耗的MP和SP增加30%"
"7020","混沌召喚士","8","技能","9244","アバドン","召喚","威力：ＳＳＳ（魔or器）　対象：敵全体　属性：量子　効果：フリーズ
アバドンを呼び出す召喚魔法","0","80","0","","25","混沌召唤士","亚巴顿","召唤","威力：ＳＳＳ（魔or器）　対象：敵全体　属性：量子　効果：フリーズ
召唤亚巴顿的召唤魔法"
"7020","混沌召喚士","9","能力","7598","召喚精神力半分付加","魔法アビリティ","召喚の威力に精神力の半分を付加する","","","","10","3","混沌召唤士","召唤附加一半的精神力","魔法能力","召喚の威力に精神力の半分を付加する"
"7020","混沌召喚士","10","能力","7559","召喚速攻","魔法アビリティ","召喚が速攻で発動するが、消費MPが1.5倍になる","","","","25","3","混沌召唤士","召唤速攻","魔法能力","召喚が速攻で発動するが、消費MPが1.5倍になる"
"7020","混沌召喚士","11","技能","9245","メルカヴァ","召喚","威力：ＳＳＳ（魔or器）　対象：敵ランダム8回　属性：永劫
メルカヴァを呼び出す召喚魔法","0","60","0","","25","混沌召唤士","灵轮","召唤","威力：ＳＳＳ（魔or器）　対象：敵ランダム8回　属性：永劫
召唤灵轮的召唤魔法"
"7020","混沌召喚士","12","能力","8217","召喚士チェーン","特殊アビリティ","「時魔法」の後に「召喚」を発動できる","","","","10","5","混沌召唤士","召唤士链","特殊能力","「时魔法」之后可以发动「召唤」"
"7020","混沌召喚士","13","技能","9248","ソニアマズダ","召喚","威力：４Ｓ（魔or器）　対象：敵全体　属性：永劫　効果：昇天
ソニアマズダを呼び出す召喚魔法","0","100","0","","25","混沌召唤士","索尼娅・马兹达","召唤","威力：４Ｓ（魔or器）　対象：敵全体　属性：永劫　効果：昇天
召唤索尼娅・马兹达的召唤魔法"
"7020","混沌召喚士","13","技能","9249","ソニアマンユ","召喚","威力：４Ｓ（魔or器）　対象：敵全体　属性：終焉　効果：即死
ソニアマンユを呼び出す召喚魔法","0","100","0","","25","混沌召唤士","索尼娅・曼纽","召唤","威力：４Ｓ（魔or器）　対象：敵全体　属性：終焉　効果：即死
召唤索尼娅・曼纽的召唤魔法"
"7020","混沌召喚士","14","能力","508","ロッドエクスブースター","魔法アビリティ","ロッド装備時、その武器によるダメージが50%アップする","","","","30","3","混沌召唤士","法杖极限增强","魔法能力","装备法杖时，该武器造成的伤害提升50%"
"7020","混沌召喚士","14","技能","9247","アドラメレク","召喚","威力：４Ｓ（魔or器）　対象：敵全体　属性：修羅・核熱
アドラメレクを呼び出す召喚魔法","0","100","0","","25","混沌召唤士","阿德拉梅莱克","召唤","威力：４Ｓ（魔or器）　対象：敵全体　属性：修羅・核熱
召唤阿德拉梅莱克的召唤魔法"
"7020","混沌召喚士","15","能力","8467","ロッドハイマスタリー","特殊アビリティ","ロッド・魔導剣の装備効果が格段に上昇する","","","","15","5","混沌召唤士","法杖高级精通","特殊能力","法杖・魔导剑的装备效果大幅提升"
"7020","混沌召喚士","15","能力","9819","混沌召喚士の証","マスターアビリティ","魔法APの最大値が10上昇し、召喚魔法ダメージが20%アップ","","","","0","999","混沌召唤士","混沌召唤士的证明","大师能力","魔法AP的最大值增加10，召唤魔法伤害提升20%"
"7021","太極陰陽師","2","能力","7291","破邪の符","魔法アビリティ","陰陽術で亜人・妖狐に特攻ダメージを与える","","","","2","3","太极阴阳师","破邪之符","魔法能力","阴阳术对亚人・妖狐造成特攻伤害"
"7021","太極陰陽師","2","技能","9304","陰陽外行・炎水陣","陰陽術","威力：ＳＳ（魔or器）　対象：敵全体　属性：炎・水　効果：毒・混乱・炎/水弱体
炎と水の符を同時に用い、爆発的な反応を起こす禁忌の術","0","55","0","","29","太极阴阳师","阴阳外行・炎水阵","阴阳术","威力：ＳＳ（魔or器）　対象：敵全体　属性：炎・水　効果：毒・混乱・炎/水弱体
同时使用炎与水的符咒，引发爆炸性反应的禁忌之术"
"7021","太極陰陽師","3","技能","1747","絶禹歩","陰陽術","対象：使用者　効果：回避率・魔法回避率大アップ・MP・SPターン大回復
回避率が大アップし、MPとSPが大きく回復していく陰陽の式","0","15","0","","29","太极阴阳师","绝禹步","阴阳术","対象：使用者　効果：回避率・魔法回避率大アップ・MP・SPターン大回復
大幅提升回避率，MP和SP大幅恢复的阴阳之式"
"7021","太極陰陽師","3","能力","7631","陰陽術単体化","魔法アビリティ","陰陽術の効果が単体化するが、威力が大幅にアップする","","","","6","3","太极阴阳师","阴阳术单体化","魔法能力","阴阳术的效果变为单体化，但威力大幅提升"
"7021","太極陰陽師","4","能力","536","風ダメージ反射","防御アビリティ","風属性のダメージを反射する","","","","20","4","太极阴阳师","风伤害反射","防御能力","反射风属性的伤害"
"7021","太極陰陽師","4","能力","537","土ダメージ反射","防御アビリティ","土属性のダメージを反射する","","","","20","4","太极阴阳师","土伤害反射","防御能力","反射土属性的伤害"
"7021","太極陰陽師","4","能力","538","水ダメージ反射","防御アビリティ","水属性のダメージを反射する","","","","20","4","太极阴阳师","水伤害反射","防御能力","反射水属性的伤害"
"7021","太極陰陽師","5","技能","9305","陰陽外行・氷風陣","陰陽術","威力：ＳＳ（魔or器）　対象：敵全体　属性：氷・風　効果：暗闇・睡眠・氷/風弱体
氷と風の符を同時に用い、爆発的な反応を起こす禁忌の術","0","55","0","","29","太极阴阳师","阴阳外行・冰风阵","阴阳术","威力：ＳＳ（魔or器）　対象：敵全体　属性：氷・風　効果：暗闇・睡眠・氷/風弱体
同时使用冰与风的符咒，引发爆炸性反应的禁忌之术"
"7021","太極陰陽師","6","能力","7322","魔力ダメージ吸収","魔法アビリティ","魔法を受けた際、魔力を吸収し自己強化する","","","","6","3","太极阴阳师","魔力伤害吸收","魔法能力","受到魔法攻击时，吸收魔力进行自我强化"
"7021","太極陰陽師","7","能力","7575","陰陽術防御力無視","魔法アビリティ","陰陽術で防御力を無視してダメージを与えるが、消費量が1.3倍になる","","","","10","3","太极阴阳师","阴阳术防御力无视","魔法能力","陰陽術で防御力を無視してダメージを与えるが、消費量が1.3倍になる"
"7021","太極陰陽師","8","技能","9306","陰陽外行・雷土陣","陰陽術","威力：ＳＳ（魔or器）　対象：敵全体　属性：雷・土　効果：沈黙・麻痺・雷/土弱体
雷と土の符を同時に用い、爆発的な反応を起こす禁忌の術","0","55","0","","29","太极阴阳师","阴阳外行・雷土阵","阴阳术","威力：ＳＳ（魔or器）　対象：敵全体　属性：雷・土　効果：沈黙・麻痺・雷/土弱体
同时使用雷与土的符咒，引发爆炸性反应的禁忌之术"
"7021","太極陰陽師","9","技能","1748","森羅反転","陰陽術","対象：使用者　効果：無効化反撃
2ターンの間、敵の自然感応を無効化し反撃する","0","10","0","","29","太极阴阳师","森罗反转","阴阳术","対象：使用者　効果：無効化反撃
2回合内，使敌人的自然感应无效并反击"
"7021","太極陰陽師","10","能力","7563","陰陽術速攻","魔法アビリティ","陰陽術が速攻で発動するが、消費MPが1.5倍になる","","","","25","3","太极阴阳师","阴阳术速攻","魔法能力","陰陽術が速攻で発動するが、消費MPが1.5倍になる"
"7021","太極陰陽師","11","技能","9309","陰陽外行・万祓陣","陰陽術","威力：ＳＳＳ（魔or器）　対象：敵全体　属性：銀河　効果：魔法カウンター
魔法攻撃に対し銀河の力を収束して反撃を繰り出す秘術","0","80","0","","29","太极阴阳师","阴阳外行・万祓阵","阴阳术","威力：ＳＳＳ（魔or器）　対象：敵全体　属性：銀河　効果：魔法カウンター
对魔法攻击凝聚银河之力进行反击的秘术"
"7021","太極陰陽師","12","能力","8218","陰陽師チェーン","特殊アビリティ","「陰陽術」の後に「召喚」を発動できる","","","","10","5","太极阴阳师","阴阳师链","特殊能力","「阴阳术」之后可以发动「召唤」"
"7021","太極陰陽師","13","能力","481","風エクスブースター","魔法アビリティ","風属性のダメージが50%アップする","","","","24","3","太极阴阳师","风极限增强","魔法能力","风属性伤害提升50%"
"7021","太極陰陽師","13","能力","484","土エクスブースター","魔法アビリティ","土属性のダメージが50%アップする","","","","24","3","太极阴阳师","土极限增强","魔法能力","土属性伤害提升50%"
"7021","太極陰陽師","13","能力","487","水エクスブースター","魔法アビリティ","水属性のダメージが50%アップする","","","","24","3","太极阴阳师","水极限增强","魔法能力","水属性伤害提升50%"
"7021","太極陰陽師","14","能力","7426","テラブースター","魔法アビリティ","テラ属性のダメージが15%アップする","","","","10","3","太极阴阳师","大地增强","魔法能力","大地属性伤害提升15%"
"7021","太極陰陽師","14","技能","9311","陰陽外行・星ノ諱","陰陽術","威力：４Ｓ（魔or器）　対象：敵単体　属性：テラ・銀河　効果：土弱体
星の力で敵を滅する禁断の術","0","80","0","","29","太极阴阳师","阴阳外行・星之讳","阴阳术","威力：４Ｓ（魔or器）　対象：敵単体　属性：テラ・銀河　効果：土弱体
以星之力灭敌的禁术"
"7021","太極陰陽師","15","能力","8467","ロッドハイマスタリー","特殊アビリティ","ロッド・魔導剣の装備効果が格段に上昇する","","","","15","5","太极阴阳师","法杖高级精通","特殊能力","法杖・魔导剑的装备效果大幅提升"
"7021","太極陰陽師","15","能力","9820","太極陰陽師の証","マスターアビリティ","魔法APの最大値が10上昇し、陰陽術ダメージが20%アップ","","","","0","999","太极阴阳师","太极阴阳师的证明","大师能力","魔法AP的最大值增加10，阴阳术伤害提升20%"
"7022","永劫魔導師","2","能力","7279","吸魔殺しの魔術","魔法アビリティ","白魔法でサキュバス・吸血鬼に特攻ダメージを与える","","","","2","3","永劫魔导师","吸魔杀之魔术","魔法能力","白魔法对魅魔・吸血鬼造成特攻伤害"
"7022","永劫魔導師","2","技能","9179","ディレイヒール","白魔法","対象：味方全体　効果：HP大回復・遅攻
ターン終了後に発動し、一気にパーティの体勢を立て直す回復魔法","0","20","0","","22","永劫魔导师","延迟治愈","白魔法","対象：味方全体　効果：HP大回復・遅攻
回合结束后发动，一口气恢复队伍的体力并恢复状态的魔法"
"7022","永劫魔導師","3","能力","552","精神力40%アップ","防御アビリティ","精神力が40%アップする","","","","10","4","永劫魔导师","精神力提升40%","防御能力","精神力提升40%"
"7022","永劫魔導師","3","能力","7314","ウィズガード","魔法アビリティ","白魔法に属する回復スキルに防御力アップ効果が付加する","","","","15","3","永劫魔导师","防御之力","魔法能力","白魔法中的恢复技能附加防御力提升效果"
"7022","永劫魔導師","4","能力","7316","ウィズクイック","魔法アビリティ","白魔法に属する回復スキルに素早さアップ効果が付加する","","","","15","3","永劫魔导师","迅捷之力","魔法能力","白魔法中的恢复技能附加敏捷提升效果"
"7022","永劫魔導師","4","技能","9184","ブレイブ","白魔法","対象：味方単体　効果：SP中回復
勇気を高めSPを回復させる魔法","0","20","0","","22","永劫魔导师","勇气","白魔法","対象：味方単体　効果：SP中回復
提升勇气并恢复SP的魔法"
"7022","永劫魔導師","5","能力","7313","ウィズアタック","魔法アビリティ","白魔法に属する回復スキルに攻撃力アップ効果が付加する","","","","15","3","永劫魔导师","攻击之力","魔法能力","白魔法中的恢复技能附加攻击力提升效果"
"7022","永劫魔導師","5","能力","7315","ウィズマジック","魔法アビリティ","白魔法に属する回復スキルに魔力アップ効果が付加する","","","","15","3","永劫魔导师","魔法之力","魔法能力","白魔法中的恢复技能附加魔力提升效果"
"7022","永劫魔導師","6","能力","7317","ウィズテクニック","魔法アビリティ","白魔法に属する回復スキルに器用さアップ効果が付加する","","","","15","3","永劫魔导师","技巧之力","魔法能力","白魔法中的恢复技能附加灵巧提升效果"
"7022","永劫魔導師","6","技能","9182","ハイレイズ","白魔法","対象：味方単体　効果：完全蘇生・SP全回復
味方単体を体力とSPが全快した状態で蘇生させる魔法","0","40","0","","22","永劫魔导师","高级复活","白魔法","対象：味方単体　効果：完全蘇生・SP全回復
将我方单体以体力和SP全满的状态复活的魔法"
"7022","永劫魔導師","7","能力","7311","ウィズヒール","魔法アビリティ","白魔法に属する回復スキルにHPターン回復効果が付加する","","","","15","3","永劫魔导师","治愈之力","魔法能力","白魔法中的恢复技能附加HP回合恢复效果"
"7022","永劫魔導師","7","能力","7937","サポートターン延長","特殊アビリティ","仲間や自分に与えた能力値アップ効果の持続ターンが増加する","","","","8","5","永劫魔导师","支援回合延长","特殊能力","给予同伴或自己的能力值提升效果的持续回合增加"
"7022","永劫魔導師","8","能力","7312","ウィズブレイブ","魔法アビリティ","白魔法に属する回復スキルにSPターン回復効果が付加する","","","","15","3","永劫魔导师","勇气之力","魔法能力","白魔法中的恢复技能附加SP回合恢复效果"
"7022","永劫魔導師","8","能力","7569","白魔法防御力無視","魔法アビリティ","白魔法で防御力を無視してダメージを与えるが、消費量が1.3倍になる","","","","10","3","永劫魔导师","白魔法防御力无视","魔法能力","白魔法で防御力を無視してダメージを与えるが、消費量が1.3倍になる"
"7022","永劫魔導師","9","技能","9178","ラピッドヒール","白魔法","対象：味方全体　効果：HP大回復・速攻
大量のMPを消費するものの、ターンの最初に発動する最高位回復魔法","0","250","0","","22","永劫魔导师","快速治愈","白魔法","対象：味方全体　効果：HP大回復・速攻
虽然消耗大量MP，但在回合开始时发动的最高级恢复魔法"
"7022","永劫魔導師","10","能力","7721","オートクリア","防御アビリティ","能力低下状態の仲間がいると、ターン終了時に自動治療する","","","","15","4","永劫魔导师","自动清除","防御能力","有状态降低的同伴时，回合结束时自动治疗"
"7022","永劫魔導師","11","技能","9183","リレイズ","白魔法","対象：味方単体　効果：戦闘不能時復活
聖なる加護により、戦闘不能時に自動蘇生するようになる魔法","0","25","0","","22","永劫魔导师","重生","白魔法","対象：味方単体　効果：戦闘不能時復活
神圣的加护使得战斗不能时自动复活"
"7022","永劫魔導師","12","能力","7556","白魔法速攻","魔法アビリティ","白魔法が速攻で発動するが、消費MPが1.5倍になる","","","","25","3","永劫魔导师","白魔法速攻","魔法能力","白魔法が速攻で発動するが、消費MPが1.5倍になる"
"7022","永劫魔導師","13","能力","505","杖エクスブースター","魔法アビリティ","杖装備時、その武器によるダメージが50%アップする","","","","30","3","永劫魔导师","杖极限增强","魔法能力","装备杖时，该武器造成的伤害提升50%"
"7022","永劫魔導師","14","能力","7440","永劫ブースター","魔法アビリティ","永劫属性のダメージが15%アップする","","","","10","3","永劫魔导师","永劫增强","魔法能力","永劫属性伤害提升15%"
"7022","永劫魔導師","14","技能","9185","エターナル","白魔法","威力：ＳＳＳ（魔or精）　対象：敵全体　属性：永劫
永劫の力で闇を消滅させる混沌の魔法","0","80","0","","22","永劫魔导师","永恒","白魔法","威力：ＳＳＳ（魔or精）　対象：敵全体　属性：永劫
用永劫之力消灭黑暗的混沌魔法"
"7022","永劫魔導師","15","能力","8465","杖ハイマスタリー","特殊アビリティ","杖の装備効果が格段に上昇する","","","","15","5","永劫魔导师","杖高级精通","特殊能力","杖的装备效果大幅提升"
"7022","永劫魔導師","15","能力","9821","永劫魔導師の証","マスターアビリティ","魔法APの最大値が10上昇し、白魔法ダメージが20%アップ","","","","0","999","永劫魔导师","永劫魔导师的证明","大师能力","魔法AP的最大值提升10，白魔法伤害增加20%"
"7023","ソーサラースプリーム","2","能力","8516","魔導師の備え","特殊アビリティ","スキルが杖・ロッド・魔導書装備時の威力になる","","","","4","5","至高魔法师","魔导师的准备","特殊能力","使用技能时视为装备了杖・法杖・魔导书"
"7023","ソーサラースプリーム","2","技能","9206","オーバーカーズ","黒魔法","威力：４Ｓ（魔）　対象：敵全体　属性：バイオ・銀河　効果：毒・暗闇・沈黙・混乱・睡眠・麻痺
強力な呪いにより破滅的な状態異常を引き起こす究極魔法","0","100","0","","23","至高魔法师","超诅咒","黑魔法","威力：４Ｓ（魔）　対象：敵全体　属性：バイオ・銀河　効果：毒・暗闇・沈黙・混乱・睡眠・麻痺
强力诅咒引发毁灭性状态异常的究极魔法"
"7023","ソーサラースプリーム","3","能力","7253","魔法会心30%アップ","魔法アビリティ","魔法会心率が30%になる","","","","10","3","至高魔法师","魔法暴击提升30%","魔法能力","魔法暴击率增加30%"
"7023","ソーサラースプリーム","4","技能","9233","オーバーアーク","時魔法","威力：４Ｓ（魔）　対象：敵全体　属性：音波・銀河　効果：スロウ・ストップ・石化
強力無比なる時の呪いで破滅的状態異常を引き起こす魔法","0","100","0","","24","至高魔法师","超弧光","时魔法","威力：４Ｓ（魔）　対象：敵全体　属性：音波・銀河　効果：スロウ・ストップ・石化
以无比强大的时间诅咒引发毁灭性状态异常的魔法"
"7023","ソーサラースプリーム","5","能力","7938","サポートターン超延長","特殊アビリティ","仲間や自分に与えた能力値アップ効果の持続ターンが大幅に増加する","","","","16","5","至高魔法师","支援回合超延长","特殊能力","给予同伴或自己的能力值提升效果的持续回合大幅增加"
"7023","ソーサラースプリーム","6","能力","7258","魔法MPバースト","魔法アビリティ","MPの残量が多いほど魔法の威力がアップする","","","","5","3","至高魔法师","魔法MP爆发","魔法能力","MP剩余越多魔法威力提升"
"7023","ソーサラースプリーム","7","技能","9186","マグニフィセントワン","白魔法","威力：４Ｓ（魔or精）　対象：敵単体　属性：イオン
混沌の雷を降り注がせる魔法","0","80","0","","22","至高魔法师","壮丽一击","白魔法","威力：４Ｓ（魔or精）　対象：敵単体　属性：イオン
降下混沌之雷的魔法"
"7023","ソーサラースプリーム","8","能力","7263","螺旋収束魔導","魔法アビリティ","敵単体時、全魔法の威力が30%アップする
※拡散魔導系との併用は不可能","","","","10","3","至高魔法师","螺旋收敛魔导","魔法能力","敌人为单体时，所有魔法的威力提升30%
※无法与扩散魔导系同时使用"
"7023","ソーサラースプリーム","9","能力","7318","ウィズオール","魔法アビリティ","白魔法に属する回復スキルに全能力アップ効果が付加する","","","","30","3","至高魔法师","全能之力","魔法能力","白魔法中的恢复技能附加全能力提升效果"
"7023","ソーサラースプリーム","10","技能","9312","陰陽外行・天地人","陰陽術","威力：４Ｓ（魔or器）　対象：敵全体　属性：風・土・水　効果：風・土・水弱体
荒れ狂う自然の息吹を限界まで引き出す秘術","0","100","0","","29","至高魔法师","阴阳外行・天地人","阴阳术","威力：４Ｓ（魔or器）　対象：敵全体　属性：風・土・水　効果：風・土・水弱体
引出狂暴自然的气息至极限的秘术"
"7023","ソーサラースプリーム","11","能力","7555","全魔法スキル使用可能","魔法アビリティ","全魔法スキルが使用可能になる","","","","20","3","至高魔法师","所有魔法技能可用","魔法能力","所有魔法技能变为可用"
"7023","ソーサラースプリーム","11","能力","10057","極上の一本","特殊アビリティ","武器を一本だけ装備している際、付加能力を含む装備効果がアップする
魔力と精神力が少しだけ上昇","","","","10","5","至高魔法师","极上的一击","特殊能力","仅装备一把武器时，包括附加能力的装备效果提升
魔力和精神力稍微提升"
"7023","ソーサラースプリーム","12","技能","9205","トリニティ","黒魔法","威力：４Ｓ（魔）　対象：敵全体　属性：炎・氷・雷
魔導の根源である三属性の力を融合させた最上位攻撃魔法","0","100","0","","23","至高魔法师","三位一体","黑魔法","威力：４Ｓ（魔）　対象：敵全体　属性：炎・氷・雷
融合了魔法根源的三属性力量的最上级攻击魔法"
"7023","ソーサラースプリーム","13","能力","7398","核熱ブースター","魔法アビリティ","核熱属性のダメージが15%アップする","","","","10","3","至高魔法师","核热增强","魔法能力","核热属性伤害提升15%"
"7023","ソーサラースプリーム","13","能力","7405","量子ブースター","魔法アビリティ","量子属性のダメージが15%アップする","","","","10","3","至高魔法师","量子增强","魔法能力","量子属性伤害提升15%"
"7023","ソーサラースプリーム","13","能力","7412","イオンブースター","魔法アビリティ","イオン属性のダメージが15%アップする","","","","10","3","至高魔法师","离子增强","魔法能力","离子属性伤害提升15%"
"7023","ソーサラースプリーム","14","能力","458","MP消費1/4","魔法アビリティ","スキル使用時のMP消費が1/4になる","","","","30","3","至高魔法师","MP消費1/4","魔法能力","スキル使用時のMP消費が1/4になる"
"7023","ソーサラースプリーム","14","能力","8501","ローブハイマスタリー","特殊アビリティ","ローブの装備効果が格段に上昇する","","","","15","5","至高魔法师","长袍高级精通","特殊能力","长袍的装备效果大幅提升"
"7023","ソーサラースプリーム","15","技能","9251","全てを識る者","召喚","威力：Ｚ（魔or器）　対象：敵全体　属性：核熱・量子・イオン・銀河
全てを識る者を呼び出す召喚魔法","0","180","0","","25","至高魔法师","全知者","召唤","威力：Ｚ（魔or器）　対象：敵全体　属性：核熱・量子・イオン・銀河
召唤全知者的召唤魔法"
"7023","ソーサラースプリーム","15","能力","9822","ソーサラースプリームの証","マスターアビリティ","魔法APの最大値が10上昇し、全魔法ダメージが20%アップ
闇技のダメージはさらに20%アップ","","","","0","999","至高魔法师","至高魔法师的证明","大师能力","魔法AP的最大值提升10，所有魔法伤害增加20%
暗技伤害额外增加20%"
"7024","アルティメット魔法少女","2","能力","6897","アルティメットフォース","職技アビリティ","ヒーロー技で聖痕・闇穢状態の敵に特攻が発生する","","","","2","2","究极魔法少女","究极之力","职技能力","英雄技对处于圣痕・暗秽状态的敌人发动特攻"
"7024","アルティメット魔法少女","2","技能","9773","アルティメットチャージ","特技","対象：使用者　効果：攻撃力アップ
力を溜め、次のターンの攻撃力を究極アップさせる","0","0","10","","63","究极魔法少女","究极充能","特技","対象：使用者　効果：攻撃力アップ
积蓄力量，使下一回合的攻击力达到极致提升"
"7024","アルティメット魔法少女","3","能力","7242","MP75%アップ","魔法アビリティ","最大MPが75%アップする","","","","20","3","究极魔法少女","MP提升75%","魔法能力","最大MP提升75%"
"7024","アルティメット魔法少女","3","能力","7247","魔力75%アップ","魔法アビリティ","魔力が75%アップする","","","","20","3","究极魔法少女","魔力提升75%","魔法能力","魔力提升75%"
"7024","アルティメット魔法少女","3","能力","7669","精神力75%アップ","防御アビリティ","精神力が75%アップする","","","","20","4","究极魔法少女","精神力提升75%","防御能力","精神力提升75%"
"7024","アルティメット魔法少女","4","能力","716","毎ターンMP8%回復","特殊アビリティ","ターンごとにMPが8%回復する","","","","30","5","究极魔法少女","每回合MP恢复8%","特殊能力","每回合MP恢复8%"
"7024","アルティメット魔法少女","5","技能","1856","アルティメット円環の理","ヒーロー技","対象：味方全体　効果：戦闘不能時復活
円環の理に導かれ全員が再生する奥義","0","55","0","","33","究极魔法少女","究极圆环之理","英雄技","対象：味方全体　効果：戦闘不能時復活
被圆环之理引导全员再生的奥义"
"7024","アルティメット魔法少女","6","能力","7258","魔法MPバースト","魔法アビリティ","MPの残量が多いほど魔法の威力がアップする","","","","5","3","究极魔法少女","魔法MP爆发","魔法能力","MP剩余越多魔法威力提升"
"7024","アルティメット魔法少女","7","技能","1867","バタフライドリーム","ヒーロー技","威力：Ｚ（魔）　対象：敵全体　属性：ナイトメア・永劫・銀河
快楽の概念を空間そのものに展開する禁断の快楽術","0","90","0","","33","究极魔法少女","蝴蝶之梦","英雄技","威力：Ｚ（魔）　対象：敵全体　属性：ナイトメア・永劫・銀河
将快乐的概念展开到空间本身的禁断快乐术"
"7024","アルティメット魔法少女","8","能力","6535","状態異常特攻ハイブースター","戦技アビリティ","状態異常特攻ダメージが50%アップする","","","","20","1","究极魔法少女","状态异常特攻高级增强","战技能力","状态异常特攻伤害提升50%"
"7024","アルティメット魔法少女","9","能力","7164","ヒーロー技精神力半分付加","職技アビリティ","ヒーロー技の威力に精神力の半分を付加する","","","","10","2","究极魔法少女","英雄技附加一半的精神力","职技能力","ヒーロー技の威力に精神力の半分を付加する"
"7024","アルティメット魔法少女","10","技能","9790","魔法拡散","特技","対象：使用者　効果：魔法スキル全体化
3ターンの間、魔法スキルが全体化する","0","0","5","","63","究极魔法少女","魔法扩散","特技","対象：使用者　効果：魔法スキル全体化
3回合内，魔法技能全体化"
"7024","アルティメット魔法少女","11","能力","7267","真・波動拡散魔導","魔法アビリティ","敵複数時、全魔法の威力が50%アップする
※収束魔導系との併用は不可能","","","","15","3","究极魔法少女","真・波动扩散魔导","魔法能力","敌人为复数时，所有魔法的威力提升50%
※无法与收敛魔导系同时使用"
"7024","アルティメット魔法少女","12","能力","8253","アルティメットムーブ","特殊アビリティ","「黒魔法」「時魔法」「ヒーロー技」の順番で発動できる","","","","20","5","究极魔法少女","究极动作","特殊能力","「黑魔法」「时魔法」「英雄技」的顺序可以发动"
"7024","アルティメット魔法少女","13","能力","7753","銀河反射","防御アビリティ","銀河属性のダメージを反射する","","","","60","4","究极魔法少女","银河反射","防御能力","反射银河属性的伤害"
"7024","アルティメット魔法少女","14","能力","7384","銀河ブースター","魔法アビリティ","銀河属性のダメージが15%アップする","","","","10","3","究极魔法少女","银河增强","魔法能力","银河属性伤害提升15%"
"7024","アルティメット魔法少女","14","能力","8507","帽子ハイマスタリー","特殊アビリティ","帽子・魔帽・高級帽の装備効果が格段に上昇する","","","","15","5","究极魔法少女","帽子高级精通","特殊能力","帽子・魔法帽・高级帽的装备效果显著提升"
"7024","アルティメット魔法少女","15","技能","1866","アルテマ","ヒーロー技","威力：ＺＺ（魔）　対象：敵全体　属性：修羅・核熱・永劫・銀河
太古に編み出されたという禁断の究極魔法","0","135","0","","33","究极魔法少女","究极","英雄技","威力：ＺＺ（魔）　対象：敵全体　属性：修羅・核熱・永劫・銀河
传说中由太古编织出的禁断究极魔法"
"7024","アルティメット魔法少女","15","能力","9824","アルティメット魔法少女の証","マスターアビリティ","魔法APの最大値が20上昇し、最大MPと魔力が20%アップ
魔法ヒーロー技ダメージが50%アップ","","","","0","999","究极魔法少女","终极魔法少女的证明","大师能力","魔法AP的最大值提升20，最大MP和魔力增加20%
魔法英雄技伤害增加50%"
"7025","狩神","2","能力","6359","クリティカルアロー","戦技アビリティ","弓技で弱体状態の敵への特攻ダメージが大幅アップ","","","","2","1","狩神","致命箭","战技能力","弓技对处于弱化状态的敌人特攻伤害大幅提升"
"7025","狩神","2","技能","9087","スプラッシュストーム","弓技","威力：ＳＳ（力・器）　対象：敵全体　効果：スタン
敵の集団に何本もの矢を全方位から打ち込む弓奥義","0","0","17","","14","狩神","溅射风暴","弓技","威力：ＳＳ（力・器）　対象：敵全体　効果：スタン
从全方位向敌群射出多支箭的弓术奥义"
"7025","狩神","3","能力","281","器用さ40%アップ","職技アビリティ","器用さが40%アップする","","","","10","2","狩神","灵巧提升40%","职技能力","灵巧提升40%"
"7025","狩神","3","能力","6311","命中率50%アップ","戦技アビリティ","命中率が50%アップする","","","","12","1","狩神","命中率提升50%","战技能力","命中率提升50%"
"7025","狩神","4","能力","6388","獣狩りの矢","戦技アビリティ","弓技で魔獣・妖狐に特攻ダメージを与える","","","","2","1","狩神","猎兽之矢","战技能力","弓技对魔兽・妖狐造成特攻伤害"
"7025","狩神","4","能力","6389","人狩りの矢","戦技アビリティ","弓技で人間・エルフに特攻ダメージを与える","","","","2","1","狩神","猎人之矢","战技能力","弓技对人类・精灵造成特攻伤害"
"7025","狩神","5","能力","6690","弓技防御力無視","戦技アビリティ","弓技で防御力を無視してダメージを与えるが、消費量が1.3倍になる","","","","10","1","狩神","弓技无视防御力","战技能力","弓技で防御力を無視してダメージを与えるが、消費量が1.3倍になる"
"7025","狩神","6","技能","1223","真・流星乱矢","弓技","威力：ＳＳＳ（力・器）　対象：敵ランダム8回　属性：永劫
流星のように聖なる矢を乱舞させる秘奥義","0","30","9","","14","狩神","真・流星乱箭","弓技","威力：ＳＳＳ（力・器）　対象：敵ランダム8回　属性：永劫
使神圣之箭如流星般乱舞的秘奥义"
"7025","狩神","7","能力","6363","落鳳","戦技アビリティ","弓技・投擲技・銃技で飛行敵への特攻ダメージが大幅アップ","","","","2","1","狩神","落凤","战技能力","弓技・投掷技・铳技对飞行敌人特攻伤害大幅提升"
"7025","狩神","8","能力","6782","弓技素早さ半分付加","戦技アビリティ","弓技の威力に素早さの半分を付加する","","","","10","1","狩神","弓技附加一半的敏捷","战技能力","弓技の威力に素早さの半分を付加する"
"7025","狩神","9","技能","1224","絶・散華乱矢","弓技","威力：ＳＳＳ（力・器）　対象：敵ランダム8回　属性：終焉
闇の矢を乱れ撃ち敵を散華させる秘奥義","14%当前HP","0","9","","14","狩神","绝・散华乱箭","弓技","威力：ＳＳＳ（力・器）　対象：敵ランダム8回　属性：終焉
乱击黑暗之箭使敌人散华的秘奥义"
"7025","狩神","10","能力","6717","弓技連撃回数3アップ","戦技アビリティ","弓技連撃スキルのヒット数が3アップ","","","","10","1","狩神","弓技连击次数增加3","战技能力","弓技连击技能的命中次数增加3"
"7025","狩神","11","能力","6410","足止めの火矢","戦技アビリティ","弓技にスロウ・バーン効果を付加する","","","","2","1","狩神","止步之火矢","战技能力","弓技附加减速・燃烧效果"
"7025","狩神","12","能力","6673","弓技速攻","戦技アビリティ","弓技が速攻で発動するが、消費SPが1.5倍になる","","","","25","1","狩神","弓技速攻","战技能力","弓技が速攻で発動するが、消費SPが1.5倍になる"
"7025","狩神","13","能力","195","弓矢エクスブースター","戦技アビリティ","弓矢装備時、その武器によるダメージが50%アップする","","","","30","1","狩神","弓箭极限增强","战技能力","装备弓箭时，该武器造成的伤害提升50%"
"7025","狩神","14","能力","7419","ハドロンブースター","魔法アビリティ","ハドロン属性のダメージが15%アップする","","","","10","3","狩神","强子增强","魔法能力","强子属性伤害提升15%"
"7025","狩神","14","技能","9090","ハドロンアーチャー","弓技","威力：ＳＳＳ（力・器）　対象：敵全体　属性：ハドロン
ハドロンのエネルギーを照射する混沌奥義","0","0","21","","14","狩神","强子弓箭手","弓技","威力：ＳＳＳ（力・器）　対象：敵全体　属性：ハドロン
照射强子能量的混沌奥义"
"7025","狩神","15","能力","8469","弓矢ハイマスタリー","特殊アビリティ","弓矢の装備効果が格段に上昇する","","","","15","5","狩神","弓箭高级精通","特殊能力","弓箭的装备效果大幅提升"
"7025","狩神","15","能力","9825","狩神の証","マスターアビリティ","戦技APの最大値が10上昇し、弓技ダメージが20%アップ","","","","0","999","狩神","狩神的证明","大师能力","战技AP的最大值提升10，弓技伤害增加20%"
"7026","銃神","2","能力","6362","クリティカルバレット","戦技アビリティ","銃技で強化状態の敵への特攻ダメージが大幅アップ","","","","2","1","铳神","致命子弹","战技能力","铳技对处于强化状态的敌人特攻伤害大幅提升"
"7026","銃神","2","技能","9143","カオスデスペラード","銃技","威力：ＳＳＳ（器）　対象：敵ランダム6回　属性：聖・闇
聖と闇の弾丸を混ぜ合わせて乱舞させる銃撃奥義","9%当前HP","20","6","","19","铳神","混沌亡命徒","铳技","威力：ＳＳＳ（器）　対象：敵ランダム6回　属性：聖・闇
将圣与暗的子弹混合乱舞的枪击奥义"
"7026","銃神","3","能力","281","器用さ40%アップ","職技アビリティ","器用さが40%アップする","","","","10","2","铳神","灵巧提升40%","职技能力","灵巧提升40%"
"7026","銃神","4","能力","6412","アンチガードバレット","戦技アビリティ","銃技に防御ダウン効果を付加する","","","","2","1","铳神","反防御子弹","战技能力","铳技附加防御下降效果"
"7026","銃神","4","能力","6695","銃技防御力無視","戦技アビリティ","銃技で防御力を無視してダメージを与えるが、消費量が1.3倍になる","","","","10","1","铳神","铳技防御力无视","战技能力","銃技で防御力を無視してダメージを与えるが、消費量が1.3倍になる"
"7026","銃神","5","技能","1359","シャイニングローズ","銃技","威力：ＳＳＳ（器）　対象：敵単体　属性：永劫
セントローズをさらに強化した究極の神聖銃奥義","0","30","9","","19","铳神","闪耀蔷薇花","铳技","威力：ＳＳＳ（器）　対象：敵単体　属性：永劫
强化圣之蔷薇花的究极神圣铳奥义"
"7026","銃神","6","能力","6729","銃技連撃回数3アップ","戦技アビリティ","連撃銃スキルのヒット数が3アップ","","","","10","1","铳神","铳技连击次数增加3","战技能力","铳技连击技能的命中次数增加3"
"7026","銃神","7","能力","6400","自然破壊の弾丸","戦技アビリティ","銃技で虫・植物に特攻ダメージを与える","","","","2","1","铳神","自然破坏弹丸","战技能力","铳技对虫・植物造成特攻伤害"
"7026","銃神","7","技能","9152","相殺の弾幕","銃技","対象：使用者　効果：無効化反撃
2ターンの間、敵の弓技・投擲技・銃技を無効化し反撃する","0","0","4","","19","铳神","相消的弹幕","铳技","対象：使用者　効果：無効化反撃
2回合内，使敌人的弓技・投掷技・铳技无效并反击"
"7026","銃神","8","技能","1360","ダークネスダリア","銃技","威力：ＳＳＳ（器）　対象：敵単体　属性：終焉
ブラックローズをさらに強化した究極の暗黒銃奥義","14%当前HP","0","9","","19","铳神","暗黑大丽花","铳技","威力：ＳＳＳ（器）　対象：敵単体　属性：終焉
黑蔷薇进一步强化的究极暗黑铳奥义"
"7026","銃神","9","能力","6795","銃技素早さ半分付加","戦技アビリティ","銃技の威力に素早さの半分を付加する","","","","10","1","铳神","铳技附加一半的敏捷","战技能力","銃技の威力に素早さの半分を付加する"
"7026","銃神","10","能力","6678","銃技速攻","戦技アビリティ","銃技が速攻で発動するが、消費SPが1.5倍になる","","","","25","1","铳神","铳技速攻","战技能力","銃技が速攻で発動するが、消費SPが1.5倍になる"
"7026","銃神","11","技能","9145","エクセリオン","銃技","威力：ＳＳＳ（器）　対象：敵全体
弾丸の飽和攻撃で空間自体を破壊する究極奥義","0","0","21","","19","铳神","火凤凰","铳技","威力：ＳＳＳ（器）　対象：敵全体
子弹的饱和攻击将空间本身破坏的究极奥义"
"7026","銃神","12","能力","6428","エクセリオン・クリア","戦技アビリティ","強化状態の敵がいると、ターン終了時に無効化銃撃を発動する","","","","15","1","铳神","火凤凰・清除","战技能力","当有强化状态的敌人时，回合结束时发动无效化枪击"
"7026","銃神","13","能力","210","銃エクスブースター","戦技アビリティ","銃装備時、その武器によるダメージが50%アップする","","","","30","1","铳神","铳极限增强","战技能力","装备铳时，该武器造成的伤害提升50%"
"7026","銃神","14","能力","6540","修羅ブースター","戦技アビリティ","修羅属性のダメージが15%アップする","","","","15","1","铳神","修罗增强","战技能力","修罗属性伤害提升15%"
"7026","銃神","14","技能","9146","サンズブラッド","銃技","威力：４Ｓ（器）　対象：敵ランダム4回　属性：修羅
修羅の弾丸を乱れ撃つ混沌奥義","0","0","22","","19","铳神","三途血","铳技","威力：４Ｓ（器）　対象：敵ランダム4回　属性：修羅
修罗子弹乱击的混沌奥义"
"7026","銃神","15","能力","8493","銃ハイマスタリー","特殊アビリティ","銃の装備効果が格段に上昇する","","","","15","5","铳神","铳高级精通","特殊能力","铳的装备效果大幅提升"
"7026","銃神","15","能力","9826","銃神の証","マスターアビリティ","戦技APの最大値が10上昇し、銃技ダメージが20%アップ","","","","0","999","铳神","铳神的证明","大师能力","战技AP的最大值提升10，铳技伤害增加20%"
"7027","カオスバスター","2","能力","6369","追い打ちの鞭","戦技アビリティ","鞭技で毒・暗闇・沈黙・混乱・睡眠・麻痺状態の敵に特攻が発生する","","","","2","1","混沌破坏者","追击的鞭子","战技能力","鞭技对处于中毒・黑暗・沉默・混乱・睡眠・麻痹状态的敌人发动特攻"
"7027","カオスバスター","2","技能","9106","カオスバスター","鞭技","威力：Ｓ（力・器）　対象：敵全体　属性：快楽　効果：アポトーシス特攻・麻痺
アポトーシスに大ダメージを与え一掃する鞭技奥義","0","0","12","","15","混沌破坏者","混沌破坏者","鞭技","威力：Ｓ（力・器）　対象：敵全体　属性：快楽　効果：アポトーシス特攻・麻痺
对凋零者造成巨大伤害并一扫而空的鞭技奥义"
"7027","カオスバスター","3","能力","6393","獣狩りの鞭","戦技アビリティ","鞭技で魔獣・妖狐に特攻ダメージを与える","","","","2","1","混沌破坏者","猎兽之鞭","战技能力","鞭技对魔兽・妖狐造成特攻伤害"
"7027","カオスバスター","3","能力","6394","竜狩りの鞭","戦技アビリティ","鞭技でドラゴンに特攻ダメージを与える","","","","2","1","混沌破坏者","屠龙鞭","战技能力","鞭技对龙造成特攻伤害"
"7027","カオスバスター","4","能力","6691","鞭技防御力無視","戦技アビリティ","鞭技で防御力を無視してダメージを与えるが、消費量が1.3倍になる","","","","10","1","混沌破坏者","鞭技无视防御力","战技能力","鞭技で防御力を無視してダメージを与えるが、消費量が1.3倍になる"
"7027","カオスバスター","5","技能","9105","エンジェルスレイヤー","鞭技","威力：Ｓ（力・器）　対象：敵全体　属性：快楽　効果：天使特攻・麻痺
天使に大ダメージを与え一掃する鞭技奥義","0","0","12","","15","混沌破坏者","天使杀手","鞭技","威力：Ｓ（力・器）　対象：敵全体　属性：快楽　効果：天使特攻・麻痺
对天使造成巨大伤害并一扫而空的鞭技奥义"
"7027","カオスバスター","6","能力","6719","鞭技連撃回数2アップ","戦技アビリティ","鞭技連撃スキルのヒット数が2アップ","","","","10","1","混沌破坏者","鞭技连击次数增加2","战技能力","鞭技连击技能的命中次数增加2"
"7027","カオスバスター","7","技能","9108","女王様の鞭","鞭技","威力：ＳＳ（力・器）　対象：敵全体　属性：快楽　効果：麻痺・恍惚・誘惑・拘束
様々な快楽状態異常を引き起こす女王様の鞭奥義","10%当前HP","0","17","","15","混沌破坏者","女王之鞭","鞭技","威力：ＳＳ（力・器）　対象：敵全体　属性：快楽　効果：麻痺・恍惚・誘惑・拘束
引发各种快乐状态异常的女王的鞭奥义"
"7027","カオスバスター","8","技能","1256","ビーストシージ","鞭技","対象：使用者　効果：無効化反撃
2ターンの間、敵の獣技を無効化し反撃する","0","0","4","","15","混沌破坏者","野兽围攻","鞭技","対象：使用者　効果：無効化反撃
2回合内，使敌人的兽技无效并反击"
"7027","カオスバスター","9","能力","6509","アポトーシス特攻","戦技アビリティ","アポトーシスに対して特攻ダメージを与える","","","","15","1","混沌破坏者","凋零者特攻","战技能力","对凋零者造成特攻伤害"
"7027","カオスバスター","10","技能","9107","竜神の舞い","鞭技","威力：ＳＳ（力・器）　対象：敵ランダム6回　属性：快楽・聖　効果：麻痺
竜神が舞うごとく鞭を踊らせる究極の乱撃奥義","0","20","7","","15","混沌破坏者","龙神之舞","鞭技","威力：ＳＳ（力・器）　対象：敵ランダム6回　属性：快楽・聖　効果：麻痺
龙神舞动鞭子，施展究极乱击奥义"
"7027","カオスバスター","11","能力","6674","鞭技速攻","戦技アビリティ","鞭技が速攻で発動するが、消費SPが1.5倍になる","","","","25","1","混沌破坏者","鞭技速攻","战技能力","鞭技が速攻で発動するが、消費SPが1.5倍になる"
"7027","カオスバスター","11","能力","8403","仲間確率5倍","特殊アビリティ","モンスターが仲間になる確率が5倍になる","","","","40","5","混沌破坏者","伙伴概率5倍","特殊能力","魔物成为伙伴的概率变为5倍"
"7027","カオスバスター","12","技能","1255","アポトサーバント","鞭技","効果：ランダム
鞭を振るい、アポトーシスを呼び出して攻撃させる技","0","0","6","","15","混沌破坏者","凋零仆从","鞭技","効果：ランダム
挥动鞭子，召唤凋零者进行攻击的技能"
"7027","カオスバスター","13","能力","198","鞭エクスブースター","戦技アビリティ","鞭装備時、その武器によるダメージが50%アップする","","","","30","1","混沌破坏者","鞭极限增强","战技能力","装备鞭时，该武器造成的伤害提升50%"
"7027","カオスバスター","14","能力","7419","ハドロンブースター","魔法アビリティ","ハドロン属性のダメージが15%アップする","","","","10","3","混沌破坏者","强子增强","魔法能力","强子属性伤害提升15%"
"7027","カオスバスター","14","技能","9111","ハドロンスフィア","鞭技","威力：ＳＳＳ（力・器）　対象：敵全体　属性：快楽・ハドロン　効果：麻痺
ハドロンフィールドで周囲を消滅させる混沌奥義","0","0","21","","15","混沌破坏者","强子球","鞭技","威力：ＳＳＳ（力・器）　対象：敵全体　属性：快楽・ハドロン　効果：麻痺
在强子场中使周围消亡的混沌奥义"
"7027","カオスバスター","15","能力","8471","鞭ハイマスタリー","特殊アビリティ","鞭の装備効果が格段に上昇する","","","","15","5","混沌破坏者","鞭子高级精通","特殊能力","鞭子的装备效果大幅提升"
"7027","カオスバスター","15","能力","9827","カオスバスターの証","マスターアビリティ","戦技APの最大値が10上昇し、鞭技ダメージが20%アップ","","","","0","999","混沌破坏者","混沌破坏者的证明","大师能力","战技AP的最大值提升10，鞭技伤害增加20%"
"7028","パーフェクトアームズ","2","能力","103","皆伝乱れ撃ち","戦技アビリティ","通常攻撃をランダムに八連続で繰り出す","","","","20","1","完美武器","皆传乱击","战技能力","普通攻击随机连续进行八次"
"7028","パーフェクトアームズ","2","能力","6413","重刃圧倒","戦技アビリティ","多武器技にスタン効果を付加する","","","","2","1","完美武器","重刃压倒","战技能力","多武器技附加眩晕效果"
"7028","パーフェクトアームズ","3","能力","70","攻撃力50%アップ","戦技アビリティ","攻撃力が50%アップする","","","","15","1","完美武器","攻击力提升50%","战技能力","攻击力提升50%"
"7028","パーフェクトアームズ","3","能力","282","器用さ50%アップ","職技アビリティ","器用さが50%アップする","","","","15","2","完美武器","灵巧提升50%","职技能力","灵巧提升50%"
"7028","パーフェクトアームズ","4","能力","74","完全必中","戦技アビリティ","必ず攻撃が命中する","","","","15","1","完美武器","完全必中","战技能力","攻击必定命中"
"7028","パーフェクトアームズ","4","能力","846","全武器装備可能","特殊アビリティ","全ての武器が装備可能になる","","","","10","5","完美武器","可以装备全武器","特殊能力","变得可以装备全武器"
"7028","パーフェクトアームズ","5","能力","159","通常攻撃ハイブースター","戦技アビリティ","通常攻撃のダメージが3段階アップする","","","","20","1","完美武器","普通攻击高级增强","战技能力","普通攻击伤害提升3级"
"7028","パーフェクトアームズ","5","能力","7920","三刀流","特殊アビリティ","両手とアクセサリに武器を装備できるようになる","","","","18","5","完美武器","三刀流","特殊能力","可以双手和饰品装备武器"
"7028","パーフェクトアームズ","6","能力","6325","反撃ハイブースター","戦技アビリティ","カウンターの攻撃力が3段階アップする","","","","10","1","完美武器","反击高级增强","战技能力","反击攻击力提升3级"
"7028","パーフェクトアームズ","6","技能","9785","武技収束","特技","対象：使用者　効果：武技スキル単体化・威力アップ
3ターンの間、武技スキルが単体化し威力がアップする","0","0","3","","63","完美武器","武技集中","特技","対象：使用者　効果：武技スキル単体化・威力アップ
3回合内，武技技能变为单体攻击且威力提升"
"7028","パーフェクトアームズ","7","能力","6401","軟体殺刃","戦技アビリティ","多武器技でスキュラ・陸棲種に特攻ダメージを与える","","","","2","1","完美武器","软体杀刃","战技能力","多武器技对斯库拉・陆栖种造成特攻伤害"
"7028","パーフェクトアームズ","7","能力","6696","多武器技防御力無視","戦技アビリティ","多武器技で防御力を無視してダメージを与えるが、消費量が1.3倍になる","","","","10","1","完美武器","多武器技防御力无视","战技能力","多武器技で防御力を無視してダメージを与えるが、消費量が1.3倍になる"
"7028","パーフェクトアームズ","8","技能","1396","剣殺し","多武器技","対象：使用者　効果：無効化反撃
2ターンの間、敵の短剣技・剣技・尖剣技・刀技を無効化し反撃する","0","0","4","","20","完美武器","剑杀","多武器技","対象：使用者　効果：無効化反撃
2回合内，使敌人的短剑技・剑技・尖剑技・刀技无效并反击"
"7028","パーフェクトアームズ","8","能力","6798","多武器技器用さ半分付加","戦技アビリティ","多武器技の威力に器用さの半分を付加する","","","","10","1","完美武器","多武器技附加一半的灵巧","战技能力","多武器技の威力に器用さの半分を付加する"
"7028","パーフェクトアームズ","9","能力","6339","ヒートアップコンボ","戦技アビリティ","連撃スキル（攻撃判定が複数）の威力がアップする","","","","10","1","完美武器","热力连击","战技能力","连击技能（攻击判定多次）的威力提升"
"7028","パーフェクトアームズ","10","技能","1387","サウザンドブレイド","多武器技","威力：ＳＳＳ（力）　対象：敵全体
両手の武器を振るい、刃の嵐を繰り出す奥義","0","0","21","","20","完美武器","千刃","多武器技","威力：ＳＳＳ（力）　対象：敵全体
双手武器挥舞，刃之风暴袭来之奥义"
"7028","パーフェクトアームズ","11","能力","8330","チェーンスキル強化","特殊アビリティ","チェーン発動したスキルの威力が30%アップする","","","","10","5","完美武器","链技能强化","特殊能力","连锁发动的技能威力提升30%"
"7028","パーフェクトアームズ","12","能力","6664","全武技スキル使用可能","戦技アビリティ","全武技スキルが使用可能になる","","","","20","1","完美武器","所有武技技能可用","战技能力","所有武技技能变为可用"
"7028","パーフェクトアームズ","13","能力","8328","チェーン消費50%","特殊アビリティ","スキルをチェーン発動した際のMP・SP消費量が50%になる","","","","10","5","完美武器","链消耗50%","特殊能力","技能连锁发动时的MP・SP消耗量变为50%"
"7028","パーフェクトアームズ","14","能力","7921","三刀流強化","特殊アビリティ","三刀流時、付加能力を含む装備効果がアップする","","","","10","5","完美武器","三刀流强化","特殊能力","三刀流时，包括附加能力的装备效果提升"
"7028","パーフェクトアームズ","15","技能","1382","アームドインフェルノ","多武器技","威力：４Ｓ（力）　対象：敵全体
周囲一帯に斬撃の嵐を繰り出し、敵の群れを斬り刻む奥義","0","0","25","","20","完美武器","武装炼狱","多武器技","威力：４Ｓ（力）　対象：敵全体
对周围一带施展斩击风暴，斩击敌群的奥义"
"7028","パーフェクトアームズ","15","能力","9828","パーフェクトアームズの証","マスターアビリティ","戦技APの最大値が10上昇し、全武技ダメージが20%アップ
多武器技のダメージはさらに20%アップ","","","","0","999","完美武器","完美武器的证明","大师能力","战技AP的最大值提升10，所有武技伤害增加20%
多武器技伤害额外增加20%"
"7029","盗神","2","技能","911","アサシンストーム","短剣技","威力：ＳＳ（力・器）　対象：敵ランダム5回　効果：即死
命を奪う一撃を嵐のように連続で繰り出す短剣奥義","0","0","14","","6","盗神","刺客风暴","短剑技","威力：ＳＳ（力・器）　対象：敵ランダム5回　効果：即死
如风暴般连续施展夺命一击的短剑奥义"
"7029","盗神","2","能力","6353","クリティカルナイフ","戦技アビリティ","短剣技でショック状態の敵への特攻ダメージが大幅アップ","","","","2","1","盗神","致命小刀","战技能力","短剑技对处于电击状态的敌人特攻伤害大幅提升"
"7029","盗神","3","能力","281","器用さ40%アップ","職技アビリティ","器用さが40%アップする","","","","10","2","盗神","灵巧提升40%","职技能力","灵巧提升40%"
"7029","盗神","3","能力","6883","短剣技でぶんどる","職技アビリティ","短剣技に盗む効果が付加される","","","","12","2","盗神","短剑技抢夺","职技能力","短剑技附加偷窃效果"
"7029","盗神","4","能力","6406","猛毒のナイフ","戦技アビリティ","短剣技に毒・暗闇・麻痺効果を付加する","","","","2","1","盗神","剧毒之小刀","战技能力","短剑技能附加中毒・黑暗・麻痹效果"
"7029","盗神","4","能力","6682","短剣技防御力無視","戦技アビリティ","短剣技で防御力を無視してダメージを与えるが、消費量が1.3倍になる","","","","10","1","盗神","短剑技无视防御力","战技能力","短剣技で防御力を無視してダメージを与えるが、消費量が1.3倍になる"
"7029","盗神","5","能力","6375","長物断ちのナイフ","戦技アビリティ","短剣技でラミア・スキュラに特攻ダメージを与える","","","","2","1","盗神","长物斩断的小刀","战技能力","短剑技对拉米亚・斯库拉造成特攻伤害"
"7029","盗神","5","能力","6761","短剣技素早さ半分付加","戦技アビリティ","短剣技の威力に素早さの半分を付加する","","","","10","1","盗神","短剑技附加一半的敏捷","战技能力","短剣技の威力に素早さの半分を付加する"
"7029","盗神","6","能力","8017","盗賊神の心得","特殊アビリティ","不意打ち無効・先制攻撃率アップ・プラチナ宝箱解錠可能になる","","","","1","5","盗神","盗贼神的心得","特殊能力","偷袭无效・先制攻击率提升・可解锁铂金宝箱"
"7029","盗神","6","能力","8435","盗みの経験","特殊アビリティ","盗んだ回数が多いほど与えるダメージがアップする","","","","5","5","盗神","偷窃的经验","特殊能力","偷窃次数越多，造成的伤害越高"
"7029","盗神","7","能力","6665","短剣技速攻","戦技アビリティ","短剣技が速攻で発動するが、消費SPが1.5倍になる","","","","25","1","盗神","短剑技速攻","战技能力","短剣技が速攻で発動するが、消費SPが1.5倍になる"
"7029","盗神","7","能力","7119","盗賊技速攻","職技アビリティ","盗賊技が速攻で発動するが、消費SPが1.5倍になる","","","","25","2","盗神","盗贼技速攻","职技能力","盗賊技が速攻で発動するが、消費SPが1.5倍になる"
"7029","盗神","8","能力","6933","ファーストスティール","職技アビリティ","戦闘開始時、敵の持ち物をぶんどる","","","","5","2","盗神","初次偷窃","职技能力","战斗开始时，抢夺敌人的物品"
"7029","盗神","9","能力","8401","盗む確率アップ5倍","特殊アビリティ","敵からアイテムを盗める確率が5倍になる","","","","20","5","盗神","偷窃概率提升至5倍","特殊能力","从敌人那里偷窃物品的概率变为5倍"
"7029","盗神","10","能力","8219","シーフチェーン","特殊アビリティ","「短剣技」の後に「盗賊技」を発動できる","","","","10","5","盗神","盗贼链","特殊能力","「短剑技」之后可以发动「盗贼技」"
"7029","盗神","11","技能","1766","真・盗賊の証","盗賊技","威力：可変（器or速）　対象：敵全体　効果：全能力ダウン
盗賊の極技を敵集団に見舞う奥義、盗んだ回数で威力アップ","0","0","12","","30","盗神","真・盗贼的证明","盗贼技","威力：可変（器or速）　対象：敵全体　効果：全能力ダウン
盗贼的绝技对敌人群施展的奥义，偷取次数越多威力提升"
"7029","盗神","12","能力","162","短剣エクスブースター","戦技アビリティ","短剣装備時、その武器によるダメージが50%アップする","","","","30","1","盗神","短剑极限增强","战技能力","装备短剑时，该武器造成的伤害提升50%"
"7029","盗神","13","技能","912","イオンストリーク","短剣技","威力：ＳＳＳ（力・器）　対象：敵ランダム6回　属性：修羅・イオン　効果：ショック
イオンの刃で敵集団を何度も斬り裂く混沌奥義","0","0","18","","6","盗神","离子突击","短剑技","威力：ＳＳＳ（力・器）　対象：敵ランダム6回　属性：修羅・イオン　効果：ショック
以离子刃多次斩裂敌群的混沌奥义"
"7029","盗神","14","技能","1765","絶対盗む","盗賊技","対象：敵単体　効果：盗む
MPとSPを全消費し、敵の持っているアイテムを確実に盗む","0","100%最大MP","100%最大SP","","30","盗神","绝对偷窃","盗贼技","対象：敵単体　効果：盗む
消耗全部MP和SP，必定偷窃敌人持有的物品"
"7029","盗神","14","能力","7412","イオンブースター","魔法アビリティ","イオン属性のダメージが15%アップする","","","","10","3","盗神","离子增强","魔法能力","离子属性伤害提升15%"
"7029","盗神","15","能力","8443","短剣ハイマスタリー","特殊アビリティ","短剣の装備効果が格段に上昇する","","","","15","5","盗神","短剑高级精通","特殊能力","短剑的装备效果显著提升"
"7029","盗神","15","能力","9829","盗神の証","マスターアビリティ","職技APの最大値が10上昇し、短剣技ダメージが20%アップ","","","","0","999","盗神","盗神的证明","大师能力","职业技AP的最大值提升10，短剑技伤害增加20%"
"7030","忍神","2","技能","1799","虚術・火遁爆熱","忍術","威力：ＳＳ（力or器）　対象：敵全体　属性：核熱
忍術で核熱の炎を呼び出し、敵全体を焼き払う混沌奥義","0","0","17","","31","忍神","虚术・火遁爆热","忍术","威力：ＳＳ（力or器）　対象：敵全体　属性：核熱
忍术召唤核热之炎，焚烧全体敌人的混沌奥义"
"7030","忍神","2","能力","6918","猛毒のクナイ","職技アビリティ","忍術に毒・暗闇・麻痺効果を付加する","","","","2","2","忍神","猛毒的苦无","职技能力","忍术附加中毒・黑暗・麻痹效果"
"7030","忍神","3","能力","276","素早さ40%アップ","職技アビリティ","素早さが40%アップする","","","","10","2","忍神","敏捷提升40%","职技能力","敏捷提升40%"
"7030","忍神","3","能力","281","器用さ40%アップ","職技アビリティ","器用さが40%アップする","","","","10","2","忍神","灵巧提升40%","职技能力","灵巧提升40%"
"7030","忍神","4","能力","7137","忍術防御力無視","職技アビリティ","忍術で防御力を無視してダメージを与えるが、消費量が1.3倍になる","","","","10","2","忍神","忍术防御力无视","职技能力","忍術で防御力を無視してダメージを与えるが、消費量が1.3倍になる"
"7030","忍神","4","技能","9320","虚術・水遁瀑布","忍術","威力：ＳＳ（力or器）　対象：敵全体　属性：ナノ
忍術でナノレベルの潮流を呼び出し、敵全体を押し流す混沌奥義","0","0","17","","31","忍神","虚术・水遁瀑布","忍术","威力：ＳＳ（力or器）　対象：敵全体　属性：ナノ
忍术召唤纳米级别的潮流，将全体敌人冲走的混沌奥义"
"7030","忍神","5","能力","6903","破邪のクナイ","職技アビリティ","忍術で亜人・妖狐に特攻ダメージを与える","","","","2","2","忍神","破邪的苦无","职技能力","忍术对亚人・妖狐造成特攻伤害"
"7030","忍神","5","能力","7160","忍術素早さ半分付加","職技アビリティ","忍術の威力に素早さの半分を付加する","","","","10","2","忍神","忍术附加一半的敏捷","职技能力","忍術の威力に素早さの半分を付加する"
"7030","忍神","6","技能","9321","虚術・雷迅閃光","忍術","威力：ＳＳ（力or器）　対象：敵全体　属性：イオン
忍術でイオンの電流を連続発生させ、敵全体を討ち滅ぼす混沌奥義","0","0","17","","31","忍神","虚术・雷迅闪光","忍术","威力：ＳＳ（力or器）　対象：敵全体　属性：イオン
忍术连续产生离子电流，将全体敌人消灭的混沌奥义"
"7030","忍神","7","能力","6934","手裏剣ダメージ強化","職技アビリティ","手裏剣によるダメージがアップする","","","","3","2","忍神","手里剑伤害强化","职技能力","手里剑造成的伤害提升"
"7030","忍神","8","技能","1808","忍法・くのいちの極み","忍術","対象：使用者　効果：全攻撃に快楽属性付加・快楽耐性アップ
10ターンの間、全攻撃に快楽属性が付加する奥義","0","0","5","","31","忍神","忍法・女忍的极致","忍术","対象：使用者　効果：全攻撃に快楽属性付加・快楽耐性アップ
10回合内，所有攻击附加快乐属性"
"7030","忍神","9","技能","1810","忍奥義・古術封じ","忍術","対象：使用者　効果：無効化反撃
2ターンの間、敵の刀技・陰陽術・忍術を無効化し反撃する","0","0","4","","31","忍神","忍奥义・古术封印","忍术","対象：使用者　効果：無効化反撃
2回合内，敌人的刀技・阴阳术・忍术无效化并反击"
"7030","忍神","10","技能","9328","虚術・夢果て","忍術","威力：ＳＳＳ（力or器）　対象：敵単体　属性：快楽　効果：誘惑・絶頂
あらゆる夢も快楽の中に朽ちるというくのいち奥義","0","0","18","","31","忍神","虚术・梦果","忍术","威力：ＳＳＳ（力or器）　対象：敵単体　属性：快楽　効果：誘惑・絶頂
让所有梦想在快乐中腐朽的忍者奥义"
"7030","忍神","11","能力","8221","忍者チェーン","特殊アビリティ","「短剣技」の後に「忍術」を発動できる","","","","10","5","忍神","忍者链","特殊能力","「短剑技」之后可以发动「忍术」"
"7030","忍神","11","能力","8222","くのいちチェーン","特殊アビリティ","「忍術」の後に「淫技」を発動できる","","","","10","5","忍神","女忍链","特殊能力","「忍术」之后可以发动「淫技」"
"7030","忍神","12","能力","7918","二刀流強化","特殊アビリティ","二刀流時、付加能力を含む装備効果がアップする","","","","10","5","忍神","二刀流强化","特殊能力","二刀流时，包括附加能力的装备效果提升"
"7030","忍神","13","能力","7120","忍術速攻","職技アビリティ","忍術が速攻で発動するが、消費SPが1.5倍になる","","","","25","2","忍神","忍术速攻","职技能力","忍術が速攻で発動するが、消費SPが1.5倍になる"
"7030","忍神","14","能力","177","忍者刀エクスブースター","戦技アビリティ","忍者刀装備時、その武器によるダメージが50%アップする","","","","30","1","忍神","忍者刀极限增强","战技能力","装备忍者刀时，该武器造成的伤害提升50%"
"7030","忍神","14","技能","9322","虚術・葬星","忍術","威力：ＳＳＳ（力or器）　対象：敵全体　属性：テラ
星をも粉砕するという虚無の混沌忍術","0","0","21","","31","忍神","虚术・葬星","忍术","威力：ＳＳＳ（力or器）　対象：敵全体　属性：テラ
能粉碎星辰的虚无混沌忍术"
"7030","忍神","15","能力","8453","忍者刀ハイマスタリー","特殊アビリティ","忍者刀の装備効果が格段に上昇する","","","","15","5","忍神","忍者刀高级精通","特殊能力","忍者刀的装备效果大幅提升"
"7030","忍神","15","能力","9830","忍神の証","マスターアビリティ","職技APの最大値が10上昇し、忍術ダメージが20%アップ","","","","0","999","忍神","忍神的证明","大师能力","职业技AP的最大值提升10，忍术伤害增加20%"
"7031","七海覇王","2","能力","6919","海賊の搦め手","職技アビリティ","海賊技に攻撃力・防御力低下効果を付加する","","","","2","2","七海霸王","海贼的绞杀技","职技能力","海贼技附加攻击力・防御力降低效果"
"7031","七海覇王","2","技能","9333","海凪六閃","海賊技","威力：ＳＳ（力or器or速）　対象：敵ランダム6回　属性：風・水
風と水の波動を連続で繰り出す海の究極奥義","0","0","14","","32","七海霸王","海凪六闪","海盗技","威力：ＳＳ（力or器or速）　対象：敵ランダム6回　属性：風・水
连续释放风与水的波动，海的究极奥义"
"7031","七海覇王","3","能力","7942","戦闘開始時SP超過","特殊アビリティ","戦闘開始時の初期SPが最大値の130%になる","","","","25","5","七海霸王","战斗开始时SP超额","特殊能力","战斗开始时的初始SP最大值增加130%"
"7031","七海覇王","3","能力","8519","海賊の備え","特殊アビリティ","スキルが剣・銃装備時の威力になる","","","","4","5","七海霸王","海贼的准备","特殊能力","使用技能时视为装备了剑・铳"
"7031","七海覇王","4","能力","6904","海狩り","職技アビリティ","海賊技で人魚・海棲種に特攻ダメージを与える","","","","2","2","七海霸王","海狩","职技能力","海贼技对人鱼・海栖种造成特攻伤害"
"7031","七海覇王","4","能力","7138","海賊技防御力無視","職技アビリティ","海賊技で防御力を無視してダメージを与えるが、消費量が1.3倍になる","","","","10","2","七海霸王","海贼技防御力无视","职技能力","海賊技で防御力を無視してダメージを与えるが、消費量が1.3倍になる"
"7031","七海覇王","5","技能","1837","禁断兵器・核熱砲撃","海賊技","威力：ＳＳ（力or器or速）　対象：敵ランダム4回　属性：修羅・核熱
禁断の戦術核砲弾を使用し陸地を焦土に変える、5ターン持続","0","0","17","","32","七海霸王","禁断兵灵・核热炮击","海盗技","威力：ＳＳ（力or器or速）　対象：敵ランダム4回　属性：修羅・核熱
使用禁断的战术核炮弹，将陆地化为焦土，持续5回合"
"7031","七海覇王","6","技能","1838","海守の刃","海賊技","対象：使用者　効果：無効化反撃
2ターンの間、敵の海賊技・海技を無効化し反撃する","0","0","4","","32","七海霸王","海守之刃","海盗技","対象：使用者　効果：無効化反撃
2回合内，使敌人的海贼技・海技无效化并反击"
"7031","七海覇王","7","能力","7848","海賊技後ガード","防御アビリティ","海賊技の使用後、防御状態になる","","","","10","4","七海霸王","海贼技后防御","防御能力","海贼技使用后，进入防御状态"
"7031","七海覇王","8","技能","9334","真・七海覇斬","海賊技","威力：ＳＳ（力or器or速）　対象：敵全体　属性：修羅・ナノ
絶技をもって繰り出される七海覇斬の究極進化技","0","0","17","","32","七海霸王","真・七海霸斩","海盗技","威力：ＳＳ（力or器or速）　対象：敵全体　属性：修羅・ナノ
以绝技施展的七海霸斩的究极进化技"
"7031","七海覇王","9","能力","6884","海賊技でぶんどる","職技アビリティ","海賊技に盗む効果が付加される","","","","12","2","七海霸王","海贼技抢夺","职技能力","海贼技附加偷窃效果"
"7031","七海覇王","10","能力","7161","海賊技防御力半分付加","職技アビリティ","海賊技の威力に防御力の半分を付加する","","","","10","2","七海霸王","海贼技附加一半的防御力","职技能力","海賊技の威力に防御力の半分を付加する"
"7031","七海覇王","11","技能","9335","絶・海皇剛乱舞","海賊技","威力：ＳＳＳ（力or器or速）　対象：敵単体8回　属性：修羅・ナノ
絶技をもって繰り出される大将剛乱舞の究極進化技","0","0","18","","32","七海霸王","绝・海皇刚乱舞","海盗技","威力：ＳＳＳ（力or器or速）　対象：敵単体8回　属性：修羅・ナノ
以绝技施展的大将刚乱舞的究极进化技"
"7031","七海覇王","12","能力","8233","海賊チェーン","特殊アビリティ","「海賊技」の後に「剣技or銃技」を発動できる","","","","10","5","七海霸王","海贼链","特殊能力","「海贼技」之后可以发动「剑技or铳技」"
"7031","七海覇王","13","能力","7186","海賊技頑強発動","職技アビリティ","ターン中、状態異常・戦闘不能になっても海賊技が発動する
その代わり、消費MPとSPが30%アップする","","","","15","2","七海霸王","海贼技顽强发动","职技能力","回合中，即使陷入异常状态或战斗不能，海贼技也会发动
作为代价，消耗的MP和SP增加30%"
"7031","七海覇王","14","能力","6540","修羅ブースター","戦技アビリティ","修羅属性のダメージが15%アップする","","","","15","1","七海霸王","修罗增强","战技能力","修罗属性伤害提升15%"
"7031","七海覇王","14","技能","9336","破軍八艘跳び","海賊技","威力：４Ｓ（力or器or速）　対象：敵全体8回　属性・修羅
八艘跳びをより強化した海の王者による破壊奥義","0","0","25","","32","七海霸王","破军八艘跳","海盗技","威力：４Ｓ（力or器or速）　対象：敵全体8回　属性・修羅
由海之王者强化的八艘跳的破坏奥义"
"7031","七海覇王","15","能力","8445","剣ハイマスタリー","特殊アビリティ","剣の装備効果が格段に上昇する","","","","15","5","七海霸王","剑高级精通","特殊能力","剑的装备效果显著提升"
"7031","七海覇王","15","能力","9831","七海覇王の証","マスターアビリティ","戦技APの最大値が10上昇し、海賊技ダメージが20%アップ","","","","0","999","七海霸王","七海霸王的证明","大师能力","战技AP的最大值提升10，海贼技伤害增加20%"
"7032","エクセルシオール","2","技能","1857","エクセルラッシュ","ヒーロー技","威力：Ｚ（力）　対象：敵ランダム4回　属性：修羅
無限の力で乱撃を繰り出す","0","0","15","","33","破界英雄","破界突击","英雄技","威力：Ｚ（力）　対象：敵ランダム4回　属性：修羅
以无限之力发动乱击"
"7032","エクセルシオール","3","能力","6301","HP75%アップ","戦技アビリティ","最大HPが75%アップする","","","","20","1","破界英雄","HP提升75%","战技能力","最大HP提升75%"
"7032","エクセルシオール","3","能力","6306","攻撃力75%アップ","戦技アビリティ","攻撃力が75%アップする","","","","20","1","破界英雄","攻击力提升75%","战技能力","攻击力提升75%"
"7032","エクセルシオール","3","能力","6858","SP75%アップ","職技アビリティ","最大SPが75%アップする","","","","20","2","破界英雄","SP提升75%","职技能力","最大SP提升75%"
"7032","エクセルシオール","4","技能","9783","究極変身","特技","対象：使用者　効果：永久変身
SPを大消費し究極ヒーローに変身する","0","0","25","","63","破界英雄","究极变身","特技","対象：使用者　効果：永久変身
大量消耗SP，变身为究极英雄"
"7032","エクセルシオール","5","能力","7139","ヒーロー技防御力無視","職技アビリティ","ヒーロー技で防御力を無視してダメージを与えるが、消費量が1.3倍になる","","","","10","2","破界英雄","英雄技防御力无视","职技能力","ヒーロー技で防御力を無視してダメージを与えるが、消費量が1.3倍になる"
"7032","エクセルシオール","6","能力","7929","ヒーローコンバーター","特殊アビリティ","HP・MP・SPが1.5倍になるが、防御力と精神力が半分になる","","","","10","5","破界英雄","英雄转换器","特殊能力","HP・MP・SPが1.5倍になるが、防御力と精神力が半分になる"
"7032","エクセルシオール","7","能力","7163","ヒーロー技防御力半分付加","職技アビリティ","ヒーロー技の威力に防御力の半分を付加する","","","","10","2","破界英雄","英雄技附加一半的防御力","职技能力","ヒーロー技の威力に防御力の半分を付加する"
"7032","エクセルシオール","8","能力","6950","生身の英雄","職技アビリティ","変身しなくてもヒーロー技が使用可能になる","","","","7","2","破界英雄","肉身的英雄","职技能力","即使不变身也能使用英雄技"
"7032","エクセルシオール","9","能力","7122","ヒーロー技速攻","職技アビリティ","ヒーロー技が速攻で発動するが、消費SPが1.5倍になる","","","","25","2","破界英雄","英雄技速攻","职技能力","ヒーロー技が速攻で発動するが、消費SPが1.5倍になる"
"7032","エクセルシオール","10","技能","1858","エクセルジエンド","ヒーロー技","威力：ＺＺ（力）　対象：敵単体　属性：修羅・核熱
無限の力で悪を滅ぼす","0","0","20","","33","破界英雄","破界终结","英雄技","威力：ＺＺ（力）　対象：敵単体　属性：修羅・核熱
以无限之力消灭邪恶"
"7032","エクセルシオール","11","能力","8252","ヒーローフィニッシュムーブ","特殊アビリティ","「格闘」「剣技」「ヒーロー技」の順番で発動できる","","","","20","5","破界英雄","英雄终结技","特殊能力","「格斗」「剑技」「英雄技」的顺序可以发动"
"7032","エクセルシオール","12","能力","6893","真・孤高の英雄","職技アビリティ","敵複数時、全職技の威力が50%アップする","","","","15","2","破界英雄","真・孤高的英雄","职技能力","敌人为复数时，所有职技威力提升50%"
"7032","エクセルシオール","13","能力","6906","真の必殺技","職技アビリティ","ヒーロー技でボスに与えるダメージが30%アップ","","","","6","2","破界英雄","真正的必杀技","职技能力","英雄技对Boss造成的伤害提升30%"
"7032","エクセルシオール","14","能力","8331","チェーンスキル超強化","特殊アビリティ","チェーン発動したスキルの威力が50%アップする","","","","15","5","破界英雄","链技能超强化","特殊能力","连锁发动的技能威力提升50%"
"7032","エクセルシオール","15","技能","1859","エクセルシオール","ヒーロー技","威力：ＺＺ（力）　対象：敵全体　属性：修羅・核熱・永劫・銀河
常に向上せよ！","0","0","25","","33","破界英雄","破界英雄","英雄技","威力：ＺＺ（力）　対象：敵全体　属性：修羅・核熱・永劫・銀河
常に向上せよ！"
"7032","エクセルシオール","15","能力","9833","エクセルシオールの証","マスターアビリティ","戦技APの最大値が20上昇し、最大HPと攻撃力が20%アップ
物理ヒーロー技ダメージが50%アップ","","","","0","999","破界英雄","破界英雄的证明","大师能力","战技AP的最大值提升20，最大HP和攻击力增加20%
物理英雄技伤害增加50%"
"7033","商神","2","技能","9348","混沌薬草購入","商技","対象：味方単体　効果：HP15000回復
混沌薬草を購入し、即座に使用する","0","0","0","","34","商神","购买混沌药草","商技","対象：味方単体　効果：HP15000回復
购买混沌药草，立即使用"
"7033","商神","2","技能","9367","全体化:混沌薬草","EXアイテム","対象：味方全体　効果：HP100000回復
混沌薬草の効果を全体化する","0","0","0","","35","商神","全体化:混沌薬草","EX物品","対象：味方全体　効果：HP100000回復
混沌药草的效果全体化"
"7033","商神","3","能力","64","HP40%アップ","戦技アビリティ","最大HPが40%アップする","","","","10","1","商神","HP提升40%","战技能力","最大HP提升40%"
"7033","商神","3","能力","7330","魔石ダメージ強化","魔法アビリティ","魔石によるダメージがアップする","","","","5","3","商神","魔石伤害强化","魔法能力","魔石造成的伤害提升"
"7033","商神","4","技能","9362","カンフル購入","商技","対象：味方全体　効果：即死・昇天・絶頂無効
カンフルを購入し、即座に使用する","0","0","0","","34","商神","购买强心剂","商技","対象：味方全体　効果：即死・昇天・絶頂無効
购买了强心剂，并立即使用"
"7033","商神","4","技能","9363","ワクチン購入","商技","対象：味方全体　効果：状態異常予防
ワクチンを購入し、即座に使用する","0","0","0","","34","商神","购买疫苗","商技","対象：味方全体　効果：状態異常予防
购买了疫苗，并立即使用"
"7033","商神","5","技能","9352","カオスドリンク購入","商技","対象：味方単体　効果：最大SPの150%まで回復
カオスドリンクを購入し、即座に使用する","0","0","0","","34","商神","购买混沌饮料","商技","対象：味方単体　効果：最大SPの150%まで回復
购买混沌饮料并立即使用"
"7033","商神","5","技能","9371","全体化:カオスドリンク","EXアイテム","対象：味方全体　効果：最大SPの150%まで回復
カオスドリンクの効果を全体化する","0","0","0","","35","商神","全体化:カオスドリンク","EX物品","対象：味方全体　効果：最大SPの150%まで回復
将混沌饮料的效果全体化"
"7033","商神","6","能力","7140","商技防御力無視","職技アビリティ","商技で防御力を無視してダメージを与えるが、消費量が1.3倍になる","","","","10","2","商神","商技防御力无视","职技能力","商技で防御力を無視してダメージを与えるが、消費量が1.3倍になる"
"7033","商神","6","能力","7141","EXアイテム防御力無視","職技アビリティ","EXアイテムで防御力を無視してダメージを与えるが、消費量が1.3倍になる","","","","10","2","商神","EX物品防御力无视","职技能力","EXアイテムで防御力を無視してダメージを与えるが、消費量が1.3倍になる"
"7033","商神","7","技能","1277","コメットフォール","投擲技","威力：ＳＳＳ（力・器）　対象：敵単体
彗星のごとく頭上から落下させるブーメランの秘奥義","0","0","18","","16","商神","星陨","投掷技","威力：ＳＳＳ（力・器）　対象：敵単体
如彗星般从头顶落下的飞镖秘奥义"
"7033","商神","8","能力","8228","商人チェーン","特殊アビリティ","「投擲技」の後に「商技」を発動できる","","","","10","5","商神","商人链","特殊能力","「投掷技」之后可以发动「商技」"
"7033","商神","9","能力","8410","EXアイテム節約","特殊アビリティ","EXアイテム使用時、50%の確率でアイテムを消費しない","","","","10","5","商神","EX物品节约","特殊能力","EX物品使用时，50%的概率不消耗物品"
"7033","商神","10","技能","9350","カオスの霊薬購入","商技","対象：味方単体　効果：MP1000回復
カオスの霊薬を購入し、即座に使用する","0","0","0","","34","商神","购买混沌的灵药","商技","対象：味方単体　効果：MP1000回復
购买混沌的灵药，立即使用"
"7033","商神","10","技能","9369","全体化:カオスの霊薬","EXアイテム","対象：味方全体　効果：MP2500回復
カオスの霊薬の効果を全体化する","0","0","0","","35","商神","全体化:カオスの霊薬","EX物品","対象：味方全体　効果：MP2500回復
混沌的灵药的效果全体化"
"7033","商神","11","能力","7124","EXアイテム速攻","職技アビリティ","EXアイテムが速攻で発動するが、消費SPが1.5倍になる","","","","25","2","商神","EX物品速攻","职技能力","EXアイテムが速攻で発動するが、消費SPが1.5倍になる"
"7033","商神","12","能力","729","究極薬効","特殊アビリティ","回復アイテムの効果が5倍になる","","","","15","5","商神","究极药效","特殊能力","恢复道具的效果变为5倍"
"7033","商神","13","技能","9342","神の銭投げ","商技","威力：レベル依存　対象：敵全体
お金を敵に投げつけ、ダメージを与える","0","0","0","","34","商神","神之投钱","商技","威力：レベル依存　対象：敵全体
向敌人投掷金钱，造成伤害"
"7033","商神","14","能力","384","そろばんエクスブースター","職技アビリティ","そろばん装備時、その武器によるダメージが50%アップする","","","","30","2","商神","算盘极限增强","职技能力","装备算盘时，该武器造成的伤害提升50%"
"7033","商神","14","技能","9346","秘石納入","商技","対象：使用者　効果：アイテム取得
金を支払い、ランダムに秘石を取得する","0","0","0","","34","商神","秘石交付","商技","対象：使用者　効果：アイテム取得
支付金钱，随机获得秘石"
"7033","商神","15","能力","8483","そろばんハイマスタリー","特殊アビリティ","そろばんの装備効果が格段に上昇する","","","","15","5","商神","算盘高级精通","特殊能力","算盘的装备效果显著提升"
"7033","商神","15","能力","9834","商神の証","マスターアビリティ","職技APの最大値が10上昇し、商技・EXアイテムのダメージが20%アップ","","","","0","999","商神","商神的证明","大师能力","职业技AP的最大值提升10，商技・EX物品的伤害增加20%"
"7034","ラストサバイバー","2","能力","6411","猛毒のブーメラン","戦技アビリティ","投擲技に毒・暗闇・麻痺効果を付加する","","","","2","1","最后幸存者","猛毒之回旋镖","战技能力","投掷技附加中毒・黑暗・麻痹效果"
"7034","ラストサバイバー","2","技能","9782","リライズブレス","特技","対象：使用者　効果：HP・SPターン特大回復
訓練された呼吸法で、HPとSPを一気に回復させる","0","0","10","","63","最后幸存者","释放吐息","特技","対象：使用者　効果：HP・SPターン特大回復
通过训练有素的呼吸法，一口气恢复HP和SP"
"7034","ラストサバイバー","3","能力","8518","レンジャーの備え","特殊アビリティ","スキルが短剣・ブーメラン・忍者刀装備時の威力になる","","","","4","5","最后幸存者","游侠的准备","特殊能力","使用技能时视为装备了短剑・回旋镖・忍者刀"
"7034","ラストサバイバー","4","能力","6395","対LSサバイバルブーメラン","戦技アビリティ","投擲技で陸棲種・海棲種に特攻ダメージを与える","","","","2","1","最后幸存者","对LS生存回旋镖","战技能力","投掷技对陆栖种・海栖种造成特攻伤害"
"7034","ラストサバイバー","4","能力","6396","対IPサバイバルブーメラン","戦技アビリティ","投擲技で虫・植物に特攻ダメージを与える","","","","2","1","最后幸存者","对IP生存回旋镖","战技能力","投掷技对虫・植物造成特攻伤害"
"7034","ラストサバイバー","5","能力","6876","ダメージをSP変換","職技アビリティ","攻撃を受けた際にSPを小回復する
※必中カウンターは発動しなくなる","","","","10","2","最后幸存者","伤害转换为SP","职技能力","受到攻击时小幅恢复SP
※必中反击不会发动"
"7034","ラストサバイバー","6","能力","6512","飛行特攻","戦技アビリティ","飛行する相手に対して特攻ダメージを与える","","","","15","1","最后幸存者","飞行特攻","战技能力","对飞行对手造成特攻伤害"
"7034","ラストサバイバー","7","技能","9795","追い風","特技","対象：使用者　効果：無効化反撃
2ターンの間、敵のブレスを無効化し反撃する","0","0","4","","63","最后幸存者","顺风","特技","対象：使用者　効果：無効化反撃
2回合内，使敌人的吐息无效化并反击"
"7034","ラストサバイバー","8","能力","750","勝利の叫び","特殊アビリティ","戦闘後、HPとMPを大回復","","","","20","5","最后幸存者","胜利的呐喊","特殊能力","战斗后，HP和MP大幅恢复"
"7034","ラストサバイバー","9","技能","9797","ナノスプラッシュ","特技","威力：ＳＳ（器）　対象：敵全体　属性：ナノ　効果：攻撃力・防御力ダウン
大地からナノエネルギーを噴出させる混沌奥義","0","0","17","","63","最后幸存者","纳米喷溅","特技","威力：ＳＳ（器）　対象：敵全体　属性：ナノ　効果：攻撃力・防御力ダウン
从大地喷出纳米能量的混沌奥义"
"7034","ラストサバイバー","10","能力","6675","投擲技速攻","戦技アビリティ","投擲技が速攻で発動するが、消費SPが1.5倍になる","","","","25","1","最后幸存者","投掷技速攻","战技能力","投擲技が速攻で発動するが、消費SPが1.5倍になる"
"7034","ラストサバイバー","11","能力","8220","レンジャーチェーン","特殊アビリティ","「投擲技」の後に「短剣技」を発動できる","","","","10","5","最后幸存者","游侠链","特殊能力","「投掷技」之后可以发动「短剑技」"
"7034","ラストサバイバー","12","能力","7720","リフレッシュ","防御アビリティ","状態異常を受けた際、ターン終了時に自動治療する","","","","15","4","最后幸存者","刷新","防御能力","受到状态异常时，回合结束时自动治疗"
"7034","ラストサバイバー","13","能力","201","ブーメランエクスブースター","戦技アビリティ","ブーメラン装備時、その武器によるダメージが50%アップする","","","","30","1","最后幸存者","回旋镖极限增强","战技能力","装备回旋镖时，该武器造成的伤害提升50%"
"7034","ラストサバイバー","13","能力","8497","服ハイマスタリー","特殊アビリティ","服・武道着の装備効果が格段に上昇する","","","","15","5","最后幸存者","服装高级精通","特殊能力","服装・武道服的装备效果大幅提升"
"7034","ラストサバイバー","14","技能","1276","ナノアセンブラ","投擲技","威力：ＳＳ（力・器）　対象：敵全体　属性：ナノ
乱舞するブーメランでナノレベルまで破壊する混沌奥義","0","0","17","","16","最后幸存者","纳米装配器","投掷技","威力：ＳＳ（力・器）　対象：敵全体　属性：ナノ
乱舞的飞镖将敌人破坏至纳米级别的混沌奥义"
"7034","ラストサバイバー","14","能力","7433","ナノブースター","魔法アビリティ","ナノ属性のダメージが15%アップする","","","","10","3","最后幸存者","纳米增强","魔法能力","纳米属性伤害提升15%"
"7034","ラストサバイバー","15","能力","8475","ブーメランハイマスタリー","特殊アビリティ","ブーメランの装備効果が格段に上昇する","","","","15","5","最后幸存者","回旋镖高级精通","特殊能力","回旋镖的装备效果显著提升"
"7034","ラストサバイバー","15","能力","9835","ラストサバイバーの証","マスターアビリティ","防御APの最大値が20上昇し、投擲技ダメージが20%アップ","","","","0","999","最后幸存者","最后幸存者的证明","大师能力","防御AP的最大值提升20，投掷技伤害增加20%"
"7035","ゴッドギャンブラー","2","能力","6907","欲喰いギャンブル","職技アビリティ","オラクルで淫魔・吸血鬼に特攻ダメージを与える","","","","2","2","赌神","贪食赌博","职技能力","神谕对淫魔・吸血鬼造成特攻伤害"
"7035","ゴッドギャンブラー","2","技能","9380","ダブルアップ","オラクル","効果：獲得経験値・ゴールド二倍、重ね掛け可能
獲得経験値とゴールドが倍になるが、失敗すると爆発し効果消滅","0","0","1","","36","赌神","双倍投注","神谕","効果：獲得経験値・ゴールド二倍、重ね掛け可能
获得的经验值和金币翻倍，但失败会爆炸并失去效果"
"7035","ゴッドギャンブラー","3","能力","281","器用さ40%アップ","職技アビリティ","器用さが40%アップする","","","","10","2","赌神","灵巧提升40%","职技能力","灵巧提升40%"
"7035","ゴッドギャンブラー","4","能力","6937","オートランダマイザ","職技アビリティ","ターン開始時、敵味方全体にランダム状態異常が発生する","","","","3","2","赌神","自动随机发生器","职技能力","回合开始时，敌我全体随机陷入异常状态"
"7035","ゴッドギャンブラー","4","能力","7142","オラクル防御力無視","職技アビリティ","オラクルで防御力を無視してダメージを与えるが、消費量が1.3倍になる","","","","10","2","赌神","神谕防御力无视","职技能力","オラクルで防御力を無視してダメージを与えるが、消費量が1.3倍になる"
"7035","ゴッドギャンブラー","5","技能","9376","きまぐれジョーカー","オラクル","威力：可変（器）　対象：敵全体　属性：闇　効果：即死
ジョーカーの力で死神を呼び出しランダムダメージを与える","0","0","12","","36","赌神","随性小丑","神谕","威力：可変（器）　対象：敵全体　属性：闇　効果：即死
小丑之力召唤死神，随机造成伤害"
"7035","ゴッドギャンブラー","6","能力","7165","オラクル魔力半分付加","職技アビリティ","オラクルの威力に魔力の半分を付加する","","","","10","2","赌神","神谕附加一半的魔力","职技能力","オラクルの威力に魔力の半分を付加する"
"7035","ゴッドギャンブラー","7","能力","6936","ファーストランダマイザ","職技アビリティ","戦闘開始時、敵全体を状態異常にする","","","","10","2","赌神","初次随机发生器","职技能力","战斗开始时，使全体敌人陷入异常状态"
"7035","ゴッドギャンブラー","8","能力","6940","ギャンブルジャンキー","職技アビリティ","オラクル以外は使用できなくなるが、消費SPが0になり威力アップ","","","","2","2","赌神","赌博狂","职技能力","除神谕外无法使用，但消耗SP变为0且威力提升"
"7035","ゴッドギャンブラー","9","能力","7125","オラクル速攻","職技アビリティ","オラクルが速攻で発動するが、消費SPが1.5倍になる","","","","25","2","赌神","神谕速攻","职技能力","オラクルが速攻で発動するが、消費SPが1.5倍になる"
"7035","ゴッドギャンブラー","10","技能","2014","秘石スロット","オラクル","効果：秘石取得
ランダムで秘石を取得する","0","200","20","","36","赌神","秘石老虎机","神谕","効果：秘石取得
随机获得秘石"
"7035","ゴッドギャンブラー","11","能力","6939","スキルルーレット","職技アビリティ","戦闘開始時、ランダムでスキルが強化される","","","","10","2","赌神","技能轮盘","职技能力","战斗开始时，随机强化技能"
"7035","ゴッドギャンブラー","12","能力","6938","属性ルーレット","職技アビリティ","戦闘開始時、ランダムで属性が強化される","","","","10","2","赌神","属性轮盘","职技能力","战斗开始时，随机强化属性"
"7035","ゴッドギャンブラー","13","能力","8399","アイテムドロップ率5倍","特殊アビリティ","敵がアイテムを落とす確率が5倍になる","","","","20","5","赌神","物品掉落率5倍","特殊能力","敌人掉落物品的概率变为5倍"
"7035","ゴッドギャンブラー","14","能力","390","カードエクスブースター","職技アビリティ","カード装備時、その武器によるダメージが50%アップする","","","","30","2","赌神","卡牌极限增强","职技能力","装备卡牌时，该武器造成的伤害提升50%"
"7035","ゴッドギャンブラー","14","技能","9378","超越者ドロー","オラクル","効果：ランダム
デッキから超越者召喚カードをドローするランダム技","0","0","5","","36","赌神","超越者抽牌","神谕","効果：ランダム
从牌组中抽取超越者召唤卡的随机技能"
"7035","ゴッドギャンブラー","15","能力","8487","カードハイマスタリー","特殊アビリティ","カードの装備効果が格段に上昇する","","","","15","5","赌神","卡牌高级精通","特殊能力","卡牌的装备效果显著提升"
"7035","ゴッドギャンブラー","15","能力","9836","ゴッドギャンブラーの証","マスターアビリティ","職技APの最大値が10上昇し、オラクルダメージが20%アップ","","","","0","999","赌神","赌神的证明","大师能力","职业技AP的最大值提升10，神谕伤害增加20%"
"7036","舞踏神","2","能力","6361","クリティカルファン","戦技アビリティ","扇技で恍惚・誘惑・失禁状態の敵への特攻ダメージが大幅アップ","","","","2","1","舞蹈神","致命扇","战技能力","扇技对处于恍惚・诱惑・失禁状态的敌人特攻伤害大幅提升"
"7036","舞踏神","2","技能","9392","エクスタシーダンス","踊る","対象：敵全体　効果：敏感・恍惚・誘惑・失禁・絶頂
情欲を極限まで刺激するエロティックな踊り","0","0","6","","37","舞蹈神","绝顶之舞","踊る","対象：敵全体　効果：敏感・恍惚・誘惑・失禁・絶頂
将情欲刺激到极限的色情之舞"
"7036","舞踏神","3","能力","6920","ショッキングダンス","職技アビリティ","踊りにスタン・混乱効果を付加する","","","","2","2","舞蹈神","震撼舞蹈","职技能力","舞蹈附加眩晕・混乱效果"
"7036","舞踏神","3","能力","7933","極アピール","特殊アビリティ","戦闘時、敵に狙われる確率が極端に上がる","","","","5","5","舞蹈神","极吸引","特殊能力","战斗时，被敌人盯上的概率极端上升"
"7036","舞踏神","4","技能","9385","神剣天舞","踊る","威力：ＳＳＳ（器）　対象：敵ランダム6回
剣を携えて神舞を踊り、究極の斬撃を繰り出す奥義","0","0","18","","37","舞蹈神","神剑天舞","踊る","威力：ＳＳＳ（器）　対象：敵ランダム6回
持剑起舞，施展究极斩击的奥义"
"7036","舞踏神","5","能力","6694","扇技防御力無視","戦技アビリティ","扇技で防御力を無視してダメージを与えるが、消費量が1.3倍になる","","","","10","1","舞蹈神","扇技防御力无视","战技能力","扇技で防御力を無視してダメージを与えるが、消費量が1.3倍になる"
"7036","舞踏神","6","能力","6399","扇舞決闘","戦技アビリティ","扇技で妖狐・ハーピーに特攻ダメージを与える","","","","2","1","舞蹈神","扇舞决斗","战技能力","扇技对妖狐・哈比造成特攻伤害"
"7036","舞踏神","6","能力","6908","ダンスで勝負","職技アビリティ","踊りで妖精・ハーピーに特攻ダメージを与える","","","","2","2","舞蹈神","舞蹈对决","职技能力","舞蹈对妖精・哈比造成特攻伤害"
"7036","舞踏神","7","技能","2030","氷雨風雪の舞","踊る","威力：ＳＳ（器）　対象：敵全体　属性：氷・風　効果：フリーズ
氷雨風雪を招来する巫女の神舞","0","27","8","","37","舞蹈神","冰雨风雪之舞","踊る","威力：ＳＳ（器）　対象：敵全体　属性：氷・風　効果：フリーズ
招来冰雨风雪的巫女神舞"
"7036","舞踏神","8","技能","9401","歌封じの踊り","踊る","対象：使用者　効果：無効化反撃
2ターンの間、敵の歌を無効化し反撃する","0","0","4","","37","舞蹈神","歌封之舞","踊る","対象：使用者　効果：無効化反撃
2回合内，使敌人的歌声无效并反击"
"7036","舞踏神","9","能力","6792","扇技精神力半分付加","戦技アビリティ","扇技の威力に精神力の半分を付加する","","","","10","1","舞蹈神","扇技附加一半的精神力","战技能力","扇技の威力に精神力の半分を付加する"
"7036","舞踏神","9","能力","7167","踊る精神力半分付加","職技アビリティ","踊るの威力に精神力の半分を付加する","","","","10","2","舞蹈神","舞蹈附加一半的精神力","职技能力","踊るの威力に精神力の半分を付加する"
"7036","舞踏神","10","技能","9393","極呪の踊り","踊る","対象：敵全体　効果：毒・暗闇・沈黙・混乱・睡眠・麻痺・石化
強力な呪いを込めた舞いで敵を状態異常にする","0","0","4","","37","舞蹈神","极咒之舞","踊る","対象：敵全体　効果：毒・暗闇・沈黙・混乱・睡眠・麻痺・石化
以强力诅咒之舞使敌人陷入状态异常"
"7036","舞踏神","11","能力","6677","扇技速攻","戦技アビリティ","扇技が速攻で発動するが、消費SPが1.5倍になる","","","","25","1","舞蹈神","扇技速攻","战技能力","扇技が速攻で発動するが、消費SPが1.5倍になる"
"7036","舞踏神","12","能力","6944","ディレイダンス","職技アビリティ","踊りが二連続で発動するが、行動順が最遅になる","","","","15","2","舞蹈神","延迟舞蹈","职技能力","舞蹈会连续发动两次，但行动顺序变为最慢"
"7036","舞踏神","13","技能","9394","極死の踊り","踊る","対象：敵全体　効果：即死・昇天・絶頂
多種多様なる死の呪いをもたらす恐怖の舞","0","0","8","","37","舞蹈神","极死之舞","踊る","対象：敵全体　効果：即死・昇天・絶頂
带来多种多样死亡诅咒的恐怖之舞"
"7036","舞踏神","14","能力","207","扇エクスブースター","戦技アビリティ","扇装備時、その武器によるダメージが50%アップする","","","","30","1","舞蹈神","扇极限增强","战技能力","装备扇时，该武器造成的伤害提升50%"
"7036","舞踏神","14","技能","1331","銀河連扇","扇技","威力：ＳＳＳ（器・速）　対象：敵単体　属性：銀河
銀河のエネルギーを放出する扇の連撃技","14%当前HP","0","18","","18","舞蹈神","银河连扇","扇技","威力：ＳＳＳ（器・速）　対象：敵単体　属性：銀河
释放银河能量的扇连击技"
"7036","舞踏神","15","能力","8479","扇ハイマスタリー","特殊アビリティ","扇の装備効果が格段に上昇する","","","","15","5","舞蹈神","扇高级精通","特殊能力","扇的装备效果显著提升"
"7036","舞踏神","15","能力","9837","舞踏神の証","マスターアビリティ","職技APの最大値が10上昇し、踊るダメージが20%アップ","","","","0","999","舞蹈神","舞蹈神的证明","大师能力","职业技AP的最大值提升10，舞蹈伤害增加20%"
"7037","歌唱神","2","能力","6894","クリティカルハープ","職技アビリティ","歌うで混乱・誘惑状態の敵への特攻ダメージが大幅アップ","","","","2","2","歌唱神","致命竖琴","职技能力","歌唱对混乱・诱惑状态的敌人特攻伤害大幅提升"
"7037","歌唱神","2","技能","9405","破邪の歌","歌う","威力：Ｓ（器）　対象：敵全体　属性：聖　効果：妖魔・吸血鬼特攻・昇天
邪悪なる存在を退ける効果を持つ、聖なる歌唱","0","15","6","","38","歌唱神","破邪之歌","歌唱","威力：Ｓ（器）　対象：敵全体　属性：聖　効果：妖魔・吸血鬼特攻・昇天
具有驱散邪恶存在效果的圣歌"
"7037","歌唱神","3","能力","7934","極ハインド","特殊アビリティ","戦闘時、敵に狙われる確率が極端に下がる","","","","5","5","歌唱神","极回避","特殊能力","战斗时，被敌人盯上的概率极端下降"
"7037","歌唱神","3","技能","9419","回帰の歌","歌う","対象：味方全体　効果：ターンHP・MP・SP中回復
生命活動を促進させる歌でターンごとに体力や魔力が大幅回復する","0","0","10","","38","歌唱神","回归之歌","歌唱","対象：味方全体　効果：ターンHP・MP・SP中回復
促进生命活动的歌曲，每回合大幅恢复体力、魔力和精力"
"7037","歌唱神","4","技能","2076","レクイエム・キリエ","歌う","威力：Ｓ（器）　対象：敵全体　属性：音波　効果：ゾンビ・幽霊特攻
強力なレクイエムでアンデッドを消滅させる","0","0","12","","38","歌唱神","镇魂曲・垂怜经","歌唱","威力：Ｓ（器）　対象：敵全体　属性：音波　効果：ゾンビ・幽霊特攻
强大的镇魂曲，消灭不死族"
"7037","歌唱神","4","能力","6921","ショッキングソング","職技アビリティ","歌うにスタン・混乱効果を付加する","","","","2","2","歌唱神","震撼歌曲","职技能力","歌唱附加眩晕・混乱效果"
"7037","歌唱神","5","能力","6909","歌唱対決","職技アビリティ","歌うで妖精・人魚に特攻ダメージを与える","","","","2","2","歌唱神","歌唱对决","职技能力","歌唱对妖精・人鱼造成特攻伤害"
"7037","歌唱神","5","技能","9421","無垢なる愛の歌","歌う","対象：敵全体　効果：スロウ・ストップ・石化・昇天
無垢なる愛を歌い、敵全体の身も心も狂おしくかき乱す","0","0","4","","38","歌唱神","无垢的爱之歌","歌唱","対象：敵全体　効果：スロウ・ストップ・石化・昇天
唱出无垢的爱，使全体敌人身心狂乱"
"7037","歌唱神","6","技能","9406","堕天の歌","歌う","威力：Ｓ（器）　対象：敵全体　属性：音波　効果：天使特攻
堕天をもたらす禁断の歌で天使に大ダメージを与える","0","15","6","","38","歌唱神","堕天之歌","歌唱","威力：Ｓ（器）　対象：敵全体　属性：音波　効果：天使特攻
带来堕天的禁歌，对天使造成巨大伤害"
"7037","歌唱神","7","能力","7192","歌う頑強発動","職技アビリティ","ターン中、状態異常・戦闘不能になっても歌うが発動する
その代わり、消費MPとSPが30%アップする","","","","15","2","歌唱神","歌唱顽强发动","职技能力","回合中，即使陷入异常状态或战斗不能，歌唱也会发动
作为代价，消耗的MP和SP增加30%"
"7037","歌唱神","8","技能","9429","踊り封じの歌","歌う","対象：使用者　効果：無効化反撃
2ターンの間、敵の扇技・踊りを無効化し反撃する","0","0","4","","38","歌唱神","舞封之歌","歌唱","対象：使用者　効果：無効化反撃
2回合内，敌方的扇技・舞蹈无效并反击"
"7037","歌唱神","9","技能","9408","ヘルクライ","歌う","威力：ＳＳ（器）　対象：敵全体　属性：音波
音速の衝撃波で全てを破壊する音波奥義","0","0","17","","38","歌唱神","地狱之唤","歌唱","威力：ＳＳ（器）　対象：敵全体　属性：音波
以音速冲击波摧毁一切的音波奥义"
"7037","歌唱神","10","能力","7170","歌う精神力半分付加","職技アビリティ","歌うの威力に精神力の半分を付加する","","","","10","2","歌唱神","歌唱附加一半的精神力","职技能力","歌うの威力に精神力の半分を付加する"
"7037","歌唱神","11","技能","9420","シン・英雄の歌","歌う","対象：味方全体　効果：2ターン全能力大アップ
真の英雄を称える歌により味方全体の潜在能力を格段に押し上げる","0","0","25","","38","歌唱神","真・英雄之歌","歌唱","対象：味方全体　効果：2ターン全能力大アップ
赞颂真正英雄的歌曲，使我方全体的潜在能力大幅提升"
"7037","歌唱神","12","技能","9423","先駆けの歌","歌う","対象：味方全体　効果：全体速攻
闘志が沸き立ち、仲間全員が先駆けて攻める歌","0","0","15","","38","歌唱神","先驱之歌","歌唱","対象：味方全体　効果：全体速攻
斗志沸腾，伙伴全员率先出击的歌"
"7037","歌唱神","13","能力","496","音波エクスブースター","魔法アビリティ","音波属性のダメージが50%アップする","","","","24","3","歌唱神","音波极限增强","魔法能力","音波属性伤害提升50%"
"7037","歌唱神","14","能力","378","竪琴エクスブースター","職技アビリティ","竪琴装備時、その武器によるダメージが50%アップする","","","","30","2","歌唱神","竖琴极限增强","职技能力","装备竖琴时，该武器造成的伤害提升50%"
"7037","歌唱神","14","技能","9407","虚空聖唱","歌う","威力：ＳＳ（器）　対象：敵全体　属性：聖　効果：アポトーシス特攻・昇天
聖なる力を込めた天使の歌声で敵を昇天させ、アポトーシスに効果絶大","0","26","8","","38","歌唱神","虚空圣唱","歌唱","威力：ＳＳ（器）　対象：敵全体　属性：聖　効果：アポトーシス特攻・昇天
以神圣之力注入的天使之歌，使敌人升天，对凋零者效果极大"
"7037","歌唱神","15","能力","8473","竪琴ハイマスタリー","特殊アビリティ","竪琴の装備効果が格段に上昇する","","","","15","5","歌唱神","竖琴高级精通","特殊能力","竖琴的装备效果显著提升"
"7037","歌唱神","15","能力","9838","歌唱神の証","マスターアビリティ","職技APの最大値が10上昇し、歌うダメージが20%アップ","","","","0","999","歌唱神","歌唱神的证明","大师能力","职业技AP的最大值提升10，歌唱伤害增加20%"
"7038","コズミックアイドル","2","能力","8521","アイドルの備え","特殊アビリティ","スキルが扇・竪琴・淫具装備時の威力になる","","","","4","5","宇宙偶像","偶像的准备","特殊能力","使用技能时视为装备了扇・竖琴・淫具"
"7038","コズミックアイドル","2","技能","9398","銀河の波動","踊る","対象：味方全体　効果：銀河属性の与ダメージ2倍
銀河の力を凝縮し、仲間達に分け与える舞","0","0","10","","37","宇宙偶像","银河的波动","踊る","対象：味方全体　効果：銀河属性の与ダメージ2倍
凝聚银河之力，分给伙伴们的舞蹈"
"7038","コズミックアイドル","3","能力","6922","アイドルダンス","職技アビリティ","踊りにスタン・敏感・誘惑効果を付加する","","","","2","2","宇宙偶像","偶像舞蹈","职技能力","舞蹈附加眩晕・敏感・诱惑效果"
"7038","コズミックアイドル","3","能力","6923","アイドルソング","職技アビリティ","歌うにスタン・敏感・誘惑効果を付加する","","","","2","2","宇宙偶像","偶像歌曲","职技能力","歌唱附加眩晕・敏感・诱惑效果"
"7038","コズミックアイドル","4","技能","9428","銀河の守り","歌う","対象：味方全体　効果：銀河属性半減・混沌属性軽減
銀河の力を凝縮し、仲間達を守る歌","0","0","20","","38","宇宙偶像","银河的守护","歌唱","対象：味方全体　効果：銀河属性半減・混沌属性軽減
凝聚银河之力，守护同伴的歌曲"
"7038","コズミックアイドル","5","能力","7143","踊る防御力無視","職技アビリティ","踊るで防御力を無視してダメージを与えるが、消費量が1.3倍になる","","","","10","2","宇宙偶像","舞蹈防御力无视","职技能力","踊るで防御力を無視してダメージを与えるが、消費量が1.3倍になる"
"7038","コズミックアイドル","5","能力","7144","歌う防御力無視","職技アビリティ","歌うで防御力を無視してダメージを与えるが、消費量が1.3倍になる","","","","10","2","宇宙偶像","歌唱防御力无视","职技能力","歌うで防御力を無視してダメージを与えるが、消費量が1.3倍になる"
"7038","コズミックアイドル","6","技能","9422","銀河のキラッ☆","歌う","対象：敵全体　効果：スタン・恍惚・誘惑・失禁・絶頂
銀河の輝きで全てのギャラリーを圧倒する","0","0","4","","38","宇宙偶像","银河的闪亮☆","歌唱","対象：敵全体　効果：スタン・恍惚・誘惑・失禁・絶頂
用银河的光辉压倒所有观众"
"7038","コズミックアイドル","7","能力","7718","回避握手","防御アビリティ","攻撃を回避した際に「魅惑の握手」を発動する","","","","8","4","宇宙偶像","回避握手","防御能力","回避攻击时发动「魅惑的握手」"
"7038","コズミックアイドル","8","技能","9412","氷棺の魔歌","歌う","威力：４Ｓ（器）　対象：敵単体　属性：量子・音波　効果：フリーズ
相手を絶対零度の氷棺に封じ込める魔性の歌","0","40","11","","38","宇宙偶像","冰棺的魔歌","歌唱","威力：４Ｓ（器）　対象：敵単体　属性：量子・音波　効果：フリーズ
将对手封入绝对零度的冰棺中的魔性之歌"
"7038","コズミックアイドル","9","能力","6941","魅了の開幕","職技アビリティ","戦闘開始時、相手を魅了する","","","","7","2","宇宙偶像","魅惑的开场","职技能力","战斗开始时，魅惑对手"
"7038","コズミックアイドル","10","技能","9396","マーベラスダンス","踊る","対象：味方全体（控え含む）　効果：HP大回復
生命力みなぎる踊りで控えも含めた味方全体の体力を回復する","0","0","15","","37","宇宙偶像","绝妙之舞","踊る","対象：味方全体（控え含む）　効果：HP大回復
充满生命力的舞蹈，恢复包括替补在内的我方全体的体力"
"7038","コズミックアイドル","11","能力","7168","踊る素早さ半分付加","職技アビリティ","踊るの威力に素早さの半分を付加する","","","","10","2","宇宙偶像","舞蹈附加一半的敏捷","职技能力","踊るの威力に素早さの半分を付加する"
"7038","コズミックアイドル","11","能力","7171","歌う素早さ半分付加","職技アビリティ","歌うの威力に素早さの半分を付加する","","","","10","2","宇宙偶像","歌唱附加一半的敏捷","职技能力","歌うの威力に素早さの半分を付加する"
"7038","コズミックアイドル","12","技能","9798","ファンタスティックハリケーン","特技","威力：ＳＳＳ（器）　対象：敵全体　属性：快楽　効果：誘惑・絶頂
ファンタスティックなハリケーンがギャラリーを魅了し尽くす","0","0","21","","63","宇宙偶像","幻想飓风","特技","威力：ＳＳＳ（器）　対象：敵全体　属性：快楽　効果：誘惑・絶頂
幻想般的飓风迷住了所有观众"
"7038","コズミックアイドル","13","能力","8223","アイドルチェーン","特殊アビリティ","「踊る」の後に「歌う」を発動できる","","","","10","5","宇宙偶像","偶像链","特殊能力","「舞蹈」之后可以发动「歌唱」"
"7038","コズミックアイドル","14","技能","9386","コズミックダンス","踊る","威力：ＳＳＳ（器）　対象：敵全体　属性：銀河
銀河の力を招来し、相手を消滅させる舞","0","40","10","","37","宇宙偶像","宇宙之舞","踊る","威力：ＳＳＳ（器）　対象：敵全体　属性：銀河
招来银河之力，将对手消灭的舞蹈"
"7038","コズミックアイドル","15","能力","7385","銀河ハイブースター","魔法アビリティ","銀河属性のダメージが30%アップする","","","","20","3","宇宙偶像","银河高级增强","魔法能力","银河属性的伤害提升30%"
"7038","コズミックアイドル","15","能力","9839","コズミックアイドルの証","マスターアビリティ","職技APの最大値が10上昇し、踊る・歌うダメージが20%アップ","","","","0","999","宇宙偶像","宇宙偶像的证明","大师能力","职业技AP的最大值提升10，舞蹈・歌唱伤害增加20%"
"7039","QOBF","2","能力","6932","クィーンの淫技","職技アビリティ","淫技に拘束・絶頂効果を付加する","","","","2","2","QOBF","女王的淫技","职技能力","淫技附加拘束・高潮效果"
"7039","QOBF","2","技能","9527","ライトニングジョブ","淫技","威力：ＳＳＳ（器）　対象：敵ランダム4回　属性：快楽　効果：敏感
電光石火の早業で敵を蹂躙する快楽奥義","0","0","18","","49","QOBF","闪电交媾","淫技","威力：ＳＳＳ（器）　対象：敵ランダム4回　属性：快楽　効果：敏感
以电光石火的快速攻击蹂躏敌人的快乐奥义"
"7039","QOBF","3","能力","281","器用さ40%アップ","職技アビリティ","器用さが40%アップする","","","","10","2","QOBF","灵巧提升40%","职技能力","灵巧提升40%"
"7039","QOBF","3","能力","6902","快楽ラッシュ","職技アビリティ","淫技で拘束・スタン状態の敵に特攻が発生する","","","","2","2","QOBF","极乐冲击","职技能力","淫技对处于拘束・眩晕状态的敌人发动特攻"
"7039","QOBF","4","能力","7151","淫技防御力無視","職技アビリティ","淫技で防御力を無視してダメージを与えるが、消費量が1.3倍になる","","","","10","2","QOBF","淫技防御力无视","职技能力","淫技で防御力を無視してダメージを与えるが、消費量が1.3倍になる"
"7039","QOBF","4","能力","7820","快楽状態異常無効","防御アビリティ","快楽状態異常を無効化する","","","","8","4","QOBF","快乐状态异常无效","防御能力","使快乐状态异常无效化"
"7039","QOBF","5","能力","6370","快楽昇天の鞭","戦技アビリティ","鞭技で快楽状態異常の敵に特攻が発生する","","","","2","1","QOBF","快乐升天的鞭子","战技能力","鞭技对快乐状态异常的敌人发动特攻"
"7039","QOBF","5","能力","6374","快楽昇天の拳","戦技アビリティ","格闘で快楽状態異常の敵に特攻が発生する","","","","2","1","QOBF","快乐升天的拳","战技能力","格斗对快乐状态异常的敌人产生特攻"
"7039","QOBF","6","能力","7715","交錯する誘惑","防御アビリティ","攻撃を回避した際に魅惑のポーズを発動する","","","","8","4","QOBF","交错的诱惑","防御能力","回避攻击时发动魅惑的姿势"
"7039","QOBF","7","能力","7157","淫技連撃回数2アップ","職技アビリティ","淫技連撃スキルのヒット数が2アップ","","","","10","2","QOBF","淫技连击次数增加2","职技能力","淫技连击技能的命中次数增加2"
"7039","QOBF","8","能力","7180","淫技攻撃力半分付加","職技アビリティ","淫技の威力に攻撃力の半分を付加する","","","","10","2","QOBF","淫技附加一半的攻击力","职技能力","淫技の威力に攻撃力の半分を付加する"
"7039","QOBF","9","能力","7135","淫技速攻","職技アビリティ","淫技が速攻で発動するが、消費SPが1.5倍になる","","","","25","2","QOBF","淫技速攻","职技能力","淫技が速攻で発動するが、消費SPが1.5倍になる"
"7039","QOBF","10","技能","9528","ナイトメアアーツ","淫技","威力：ＳＳ（器）　対象：敵全体　属性：ナイトメア　効果：敏感
敵全体に狂おしい愛撫を与える悪夢の快楽体技","0","0","17","","49","QOBF","噩梦技艺","淫技","威力：ＳＳ（器）　対象：敵全体　属性：ナイトメア　効果：敏感
对全体敌人施加疯狂的爱抚，恶梦般的快乐体技"
"7039","QOBF","11","能力","596","快楽ダメージ無効","防御アビリティ","快楽属性のダメージを無効化する","","","","30","4","QOBF","快乐伤害无效","防御能力","快乐属性的伤害无效化"
"7039","QOBF","12","能力","396","淫具エクスブースター","職技アビリティ","淫具装備時、その武器によるダメージが50%アップする","","","","30","2","QOBF","淫具极限增强","职技能力","装备淫具时，该武器造成的伤害提升50%"
"7039","QOBF","13","能力","469","快楽エクスブースター","魔法アビリティ","快楽属性のダメージが50%アップする","","","","24","3","QOBF","快乐极限增强","魔法能力","快乐属性的伤害提升50%"
"7039","QOBF","13","能力","8503","ドレスハイマスタリー","特殊アビリティ","ドレス・薄着の装備効果が格段に上昇する","","","","15","5","QOBF","礼服高级精通","特殊能力","礼服・薄衣的装备效果显著提升"
"7039","QOBF","14","技能","2482","QUJC","淫技","威力：４Ｓ（器）　対象：敵単体4回　属性：ナイトメア　効果：敏感・失禁
複数の快楽技を同時に放つ究極のコンネーションアーツ","0","0","22","","49","QOBF","QUJC","淫技","威力：４Ｓ（器）　対象：敵単体4回　属性：ナイトメア　効果：敏感・失禁
同时释放多个快乐技能的究极组合技"
"7039","QOBF","14","能力","7391","ナイトメアブースター","魔法アビリティ","ナイトメア属性のダメージが15%アップする","","","","10","3","QOBF","噩梦增强","魔法能力","噩梦属性的伤害提升15%"
"7039","QOBF","15","能力","8495","淫具ハイマスタリー","特殊アビリティ","淫具の装備効果が格段に上昇する","","","","15","5","QOBF","淫具高级精通","特殊能力","淫具的装备效果大幅提升"
"7039","QOBF","15","能力","9840","QOBFの証","マスターアビリティ","職技APの最大値が10上昇し、淫技ダメージが20%アップ","","","","0","999","QOBF","QOBF的证明","大师能力","职业技AP的最大值提升10，淫技伤害增加20%"
"7040","禁忌科学者","2","能力","6911","被造物への対抗策","魔法アビリティ","魔導科学でキメラ・ロイドに特攻ダメージを与える","","","","2","3","禁忌科学家","对造物的对策","魔法能力","魔导科学对奇美拉・机器人造成特攻伤害"
"7040","禁忌科学者","2","技能","9443","核の冬","魔導科学","威力：ＳＳ（魔or器）　対象：敵全体　属性：核熱
混沌を科学で解析し、核による破滅をもたらす","0","0","17","","40","禁忌科学家","核冬天","魔導科学","威力：ＳＳ（魔or器）　対象：敵全体　属性：核熱
用科学解析混沌，带来核毁灭"
"7040","禁忌科学者","3","能力","541","音波ダメージ反射","防御アビリティ","音波属性のダメージを反射する","","","","20","4","禁忌科学家","音波伤害反射","防御能力","反射音波属性的伤害"
"7040","禁忌科学者","3","能力","542","バイオダメージ反射","防御アビリティ","バイオ属性のダメージを反射する","","","","20","4","禁忌科学家","生化伤害反射","防御能力","反射生化属性的伤害"
"7040","禁忌科学者","4","能力","6506","ロイド特攻","戦技アビリティ","ロイドに対して特攻ダメージを与える","","","","12","1","禁忌科学家","机器人特攻","战技能力","对机器人造成特攻伤害"
"7040","禁忌科学者","4","能力","7576","魔導科学防御力無視","魔法アビリティ","魔導科学で防御力を無視してダメージを与えるが、消費量が1.3倍になる","","","","10","3","禁忌科学家","魔导科学防御力无视","魔法能力","魔導科学で防御力を無視してダメージを与えるが、消費量が1.3倍になる"
"7040","禁忌科学者","5","技能","9444","フェルミアーク","魔導科学","威力：ＳＳ（魔or器）　対象：敵全体　属性：量子
混沌を科学で解析し、量子的破滅事象をもたらす","0","0","17","","40","禁忌科学家","费米弧","魔導科学","威力：ＳＳ（魔or器）　対象：敵全体　属性：量子
用科学解析混沌，带来量子的破灭事象"
"7040","禁忌科学者","6","技能","9453","錬金素材創出","魔導科学","効果：錬金砂×3、魔水銀×1獲得
SPを錬金素材に変換する","0","0","20","","40","禁忌科学家","炼金素材创造","魔導科学","効果：錬金砂×3、魔水銀×1獲得
将SP转换为炼金素材"
"7040","禁忌科学者","6","技能","9454","ページ創出","魔導科学","効果：ページ×3獲得
SPを魔導書のページに変換する","0","0","15","","40","禁忌科学家","书页创造","魔導科学","効果：ページ×3獲得
将SP转换为魔导书的书页"
"7040","禁忌科学者","7","技能","9445","電離崩壊","魔導科学","威力：ＳＳ（魔or器）　対象：敵全体　属性：イオン
混沌を科学で解析し、イオン干渉による破滅的崩壊をもたらす","0","0","17","","40","禁忌科学家","电离崩坏","魔導科学","威力：ＳＳ（魔or器）　対象：敵全体　属性：イオン
用科学解析混沌，带来离子干扰的毁灭性崩坏"
"7040","禁忌科学者","8","技能","9455","機構解析","魔導科学","対象：使用者　効果：無効化反撃
2ターンの間、敵のマキナ・造技を無効化し反撃する","0","0","4","","40","禁忌科学家","机构解析","魔導科学","対象：使用者　効果：無効化反撃
2回合内，使敌人的器械・造技无效化并反击"
"7040","禁忌科学者","9","能力","7607","魔導科学精神力半分付加","魔法アビリティ","魔導科学の威力に精神力の半分を付加する","","","","10","3","禁忌科学家","魔导科学附加一半的精神力","魔法能力","魔導科学の威力に精神力の半分を付加する"
"7040","禁忌科学者","10","技能","9451","拡散MP変換","魔導科学","対象：味方全体　効果：MP中回復
SPをMPに変換し、味方全体に拡散する","0","0","15","","40","禁忌科学家","扩散MP转换","魔導科学","対象：味方全体　効果：MP中回復
将SP转换为MP，扩散到我方全体"
"7040","禁忌科学者","11","技能","9452","拡散SP変換","魔導科学","対象：味方全体　効果：SP中回復
MPをSPに変換し、味方全体に拡散する","0","30","0","","40","禁忌科学家","扩散SP转换","魔導科学","対象：味方全体　効果：SP中回復
将MP转换为SP，扩散到我方全体"
"7040","禁忌科学者","12","能力","7564","魔導科学速攻","魔法アビリティ","魔導科学が速攻で発動するが、消費SPが1.5倍になる","","","","25","3","禁忌科学家","魔导科学速攻","魔法能力","魔導科学が速攻で発動するが、消費SPが1.5倍になる"
"7040","禁忌科学者","13","能力","7398","核熱ブースター","魔法アビリティ","核熱属性のダメージが15%アップする","","","","10","3","禁忌科学家","核热增强","魔法能力","核热属性伤害提升15%"
"7040","禁忌科学者","13","能力","7412","イオンブースター","魔法アビリティ","イオン属性のダメージが15%アップする","","","","10","3","禁忌科学家","离子增强","魔法能力","离子属性伤害提升15%"
"7040","禁忌科学者","14","能力","511","魔導書エクスブースター","魔法アビリティ","魔導書装備時、その武器によるダメージが50%アップする","","","","30","3","禁忌科学家","魔导书极限增强","魔法能力","装备魔导书时，该武器造成的伤害增加50%"
"7040","禁忌科学者","14","技能","9447","B-H輻射","魔導科学","威力：ＳＳＳ（魔or器）　対象：敵全体　属性：終焉・銀河
究極のブラックホールを作り出す混沌奥義","0","0","21","","40","禁忌科学家","B-H輻射","魔導科学","威力：ＳＳＳ（魔or器）　対象：敵全体　属性：終焉・銀河
创造究极黑洞的混沌奥义"
"7040","禁忌科学者","15","能力","8491","魔導書ハイマスタリー","特殊アビリティ","魔導書の装備効果が格段に上昇する","","","","15","5","禁忌科学家","魔导书高级精通","特殊能力","魔导书的装备效果显著提升"
"7040","禁忌科学者","15","能力","9841","禁忌科学者の証","マスターアビリティ","魔法APの最大値が10上昇し、魔導科学ダメージが20%アップ","","","","0","999","禁忌科学家","禁忌科学家的证明","大师能力","魔法AP的最大值提升10，魔导科学伤害增加20%"
"7041","トリスメギストス","2","技能","2197","銀河の剣","錬金術","対象：味方全体　効果：銀河属性付加
味方全体が銀河の剣を装備し、銀河の加護を得る","0","0","0","","41","三重伟大","银河之剑","炼金术","対象：味方全体　効果：銀河属性付加
全体队友装备银河之剑，获得银河的庇护"
"7041","トリスメギストス","3","能力","8407","錬金素材大量ゲット","特殊アビリティ","戦闘中、錬金素材を頻繁にゲットする","","","","20","5","三重伟大","炼金素材大量获得","特殊能力","战斗中，频繁获得炼金素材"
"7041","トリスメギストス","4","能力","8414","錬金素材節約","特殊アビリティ","錬金術使用時、50%の確率で錬金素材を消費しない","","","","10","5","三重伟大","炼金素材节约","特殊能力","炼金术使用时，50%的概率不消耗炼金素材"
"7041","トリスメギストス","5","能力","7577","錬金術防御力無視","魔法アビリティ","錬金術で防御力を無視してダメージを与えるが、消費量が1.3倍になる","","","","10","3","三重伟大","炼金术防御力无视","魔法能力","錬金術で防御力を無視してダメージを与えるが、消費量が1.3倍になる"
"7041","トリスメギストス","5","能力","8143","装備武器防御力無視","特殊アビリティ","装備武器で防御力を無視してダメージを与えるが、消費量が1.3倍になる","","","","10","5","三重伟大","装备武器防御力无视","特殊能力","装備武器で防御力を無視してダメージを与えるが、消費量が1.3倍になる"
"7041","トリスメギストス","6","能力","7324","カウンター錬金術","魔法アビリティ","魔法を受けた際、魔力を吸収して錬金素材に変換する","","","","10","3","三重伟大","反击炼金术","魔法能力","受到魔法攻击时，吸收魔力转换为炼金素材"
"7041","トリスメギストス","7","技能","2187","宇宙創造の風","錬金術","威力：４Ｓ（魔or器）　対象：敵全体　属性：ハドロン・銀河
宇宙創造時のエネルギーを生み出す錬金術の究極破壊奥義","0","0","0","","41","三重伟大","宇宙创造之风","炼金术","威力：４Ｓ（魔or器）　対象：敵全体　属性：ハドロン・銀河
产生宇宙创造时能量的炼金术究极破坏奥义"
"7041","トリスメギストス","8","能力","8188","装備武器器用さ半分付加","特殊アビリティ","装備武器の威力に器用さの半分を付加する","","","","10","5","三重伟大","装备武器附加一半的灵巧","特殊能力","装備武器の威力に器用さの半分を付加する"
"7041","トリスメギストス","9","能力","7565","錬金術速攻","魔法アビリティ","錬金術が速攻で発動するが、消費SPが1.5倍になる","","","","25","3","三重伟大","炼金术速攻","魔法能力","錬金術が速攻で発動するが、消費SPが1.5倍になる"
"7041","トリスメギストス","10","能力","8125","装備武器速攻","特殊アビリティ","装備武器が速攻で発動するが、消費MP・SPが1.5倍になる","","","","25","5","三重伟大","装备武器速攻","特殊能力","装備武器が速攻で発動するが、消費MP・SPが1.5倍になる"
"7041","トリスメギストス","11","能力","8225","錬金術師チェーン","特殊アビリティ","「魔導科学」の後に「錬金術」を発動できる","","","","10","5","三重伟大","炼金术师链","特殊能力","「魔导科学」之后可以发动「炼金术」"
"7041","トリスメギストス","12","技能","9460","ネコソギイタダキ","錬金術","対象：敵単体　効果：アイテム全ドロップ
この毒を浴びた敵は、撃破時に所持アイテムを全て落とす","0","0","0","","41","三重伟大","寸草不留","炼金术","対象：敵単体　効果：アイテム全ドロップ
中了这种毒的敌人，在击败时会掉落所有持有的物品"
"7041","トリスメギストス","13","能力","7419","ハドロンブースター","魔法アビリティ","ハドロン属性のダメージが15%アップする","","","","10","3","三重伟大","强子增强","魔法能力","强子属性伤害提升15%"
"7041","トリスメギストス","14","能力","511","魔導書エクスブースター","魔法アビリティ","魔導書装備時、その武器によるダメージが50%アップする","","","","30","3","三重伟大","魔导书极限增强","魔法能力","装备魔导书时，该武器造成的伤害增加50%"
"7041","トリスメギストス","14","技能","2198","混沌の帳","錬金術","対象：味方全体　効果：1ターン完全無敵
混沌の帳を展開し、1ターンのみあらゆる攻撃を無効化する","0","0","0","","41","三重伟大","混沌之帐","炼金术","対象：味方全体　効果：1ターン完全無敵
展开混沌之帐，1回合内使所有攻击无效化"
"7041","トリスメギストス","15","能力","8491","魔導書ハイマスタリー","特殊アビリティ","魔導書の装備効果が格段に上昇する","","","","15","5","三重伟大","魔导书高级精通","特殊能力","魔导书的装备效果显著提升"
"7041","トリスメギストス","15","能力","9842","トリスメギストスの証","マスターアビリティ","特殊APの最大値が10上昇し、錬金術ダメージが20%アップ","","","","0","999","三重伟大","三重伟大的证明","大师能力","特殊AP的最大值提升10，炼金术伤害增加20%"
"7042","アカシックレコード","2","能力","7296","精神錯乱の本","魔法アビリティ","魔本術に混乱・睡眠効果を付加する","","","","2","3","阿卡西记录","精神错乱之书","魔法能力","魔本术附加混乱・睡眠效果"
"7042","アカシックレコード","2","技能","9464","核熱の256ページ","魔本術","威力：ＳＳ（魔）　対象：敵全体　属性：核熱
魔本の力で核熱の炎を発生させる混沌術","0","0","0","","42","阿卡西记录","核热的256页","魔本术","威力：ＳＳ（魔）　対象：敵全体　属性：核熱
魔本之力引发核热之炎的混沌术"
"7042","アカシックレコード","3","能力","7277","バリアントブック","魔法アビリティ","魔本術で暗闇・沈黙状態の敵に特攻が発生する","","","","2","3","阿卡西记录","变种书","魔法能力","魔本术对处于黑暗・沉默状态的敌人发动特攻"
"7042","アカシックレコード","3","能力","8408","魔導書ページ自動ゲット","特殊アビリティ","戦闘中、魔導書のページをゲットする事がある","","","","10","5","阿卡西记录","魔导书页自动获得","特殊能力","战斗中，有机会获得魔导书的书页"
"7042","アカシックレコード","4","能力","8416","ページ節約","特殊アビリティ","魔本術使用時、50%の確率でページを消費しない","","","","10","5","阿卡西记录","页面节约","特殊能力","魔本术使用时，50%的概率不消耗书页"
"7042","アカシックレコード","5","技能","9465","量子の512ページ","魔本術","威力：ＳＳ（魔）　対象：敵全体　属性：量子
魔本の力で量子的干渉を引き起こす混沌術","0","0","0","","42","阿卡西记录","量子的512页","魔本术","威力：ＳＳ（魔）　対象：敵全体　属性：量子
魔本之力引发量子的干涉混沌术"
"7042","アカシックレコード","6","能力","7578","魔本術防御力無視","魔法アビリティ","魔本術で防御力を無視してダメージを与えるが、消費量が1.3倍になる","","","","10","3","阿卡西记录","魔本术防御力无视","魔法能力","魔本術で防御力を無視してダメージを与えるが、消費量が1.3倍になる"
"7042","アカシックレコード","7","技能","9466","イオンの1024ページ","魔本術","威力：ＳＳ（魔）　対象：敵全体　属性：イオン
魔本の力でイオン的干渉を引き起こす混沌術","0","0","0","","42","阿卡西记录","离子的1024页","魔本术","威力：ＳＳ（魔）　対象：敵全体　属性：イオン
魔本之力引发离子的干涉混沌术"
"7042","アカシックレコード","8","能力","7292","妖魔殺しの本","魔法アビリティ","魔本術で妖魔に特攻ダメージを与える","","","","2","3","阿卡西记录","妖魔杀手之书","魔法能力","魔本术对妖魔造成特攻伤害"
"7042","アカシックレコード","9","能力","7323","カウンターページ","魔法アビリティ","魔法を受けた際、魔力を吸収してページに変換する","","","","10","3","阿卡西记录","反击页","魔法能力","受到魔法攻击时，吸收魔力转换为页"
"7042","アカシックレコード","10","技能","9471","神癒の7777ページ","魔本術","対象：味方全体（控え含む）　効果：HP全回復
魔本の力で全ての味方を限界まで癒やす術","0","0","0","","42","阿卡西记录","神愈的7777页","魔本术","対象：味方全体（控え含む）　効果：HP全回復
魔本之力将所有队友治愈到极限的术"
"7042","アカシックレコード","11","能力","7566","魔本術速攻","魔法アビリティ","魔本術が速攻で発動するが、消費SPが1.5倍になる","","","","25","3","阿卡西记录","魔本术速攻","魔法能力","魔本術が速攻で発動するが、消費SPが1.5倍になる"
"7042","アカシックレコード","12","能力","7433","ナノブースター","魔法アビリティ","ナノ属性のダメージが15%アップする","","","","10","3","阿卡西记录","纳米增强","魔法能力","纳米属性伤害提升15%"
"7042","アカシックレコード","13","能力","8224","魔導司書チェーン","特殊アビリティ","「魔導科学」の後に「魔本術」を発動できる","","","","10","5","阿卡西记录","魔导司书链","特殊能力","「魔导科学」之后可以发动「魔本术」"
"7042","アカシックレコード","14","能力","511","魔導書エクスブースター","魔法アビリティ","魔導書装備時、その武器によるダメージが50%アップする","","","","30","3","阿卡西记录","魔导书极限增强","魔法能力","装备魔导书时，该武器造成的伤害增加50%"
"7042","アカシックレコード","14","技能","9468","拡張1111100111ページ","魔本術","威力：ＳＳＳ（魔）　対象：敵全体　属性：ハドロン・テラ・ナノ
未知の言語で記された謎のページ","0","0","0","","42","阿卡西记录","扩展1111100111页","魔本术","威力：ＳＳＳ（魔）　対象：敵全体　属性：ハドロン・テラ・ナノ
用未知语言记载的谜之页面"
"7042","アカシックレコード","15","能力","8491","魔導書ハイマスタリー","特殊アビリティ","魔導書の装備効果が格段に上昇する","","","","15","5","阿卡西记录","魔导书高级精通","特殊能力","魔导书的装备效果显著提升"
"7042","アカシックレコード","15","能力","9843","アカシックレコードの証","マスターアビリティ","魔法APの最大値が10上昇し、魔本術ダメージが20%アップ","","","","0","999","阿卡西记录","阿卡西记录的证明","大师能力","魔法AP的最大值提升10，魔本术伤害增加20%"
"7043","ゴッドマシーナリー","2","技能","2253","クァンタセイバー","マキナ","威力：ＳＳＳ（器）　対象：敵ランダム5回　属性：量子
量子の刃で敵を断ち切る未知のマキナ","0","0","18","","43","神之机械","量子之刃","器械","威力：ＳＳＳ（器）　対象：敵ランダム5回　属性：量子
用量子之刃斩断敌人的未知器械"
"7043","ゴッドマシーナリー","3","能力","281","器用さ40%アップ","職技アビリティ","器用さが40%アップする","","","","10","2","神之机械","灵巧提升40%","职技能力","灵巧提升40%"
"7043","ゴッドマシーナリー","4","技能","9475","SOL","マキナ","威力：ＳＳ（器）　対象：敵全体　属性：イオン・ナノ　効果：3ターン継続
攻撃衛星兵器にアクセスし、3ターンの間レーザーを照射する","0","0","20","","43","神之机械","SOL","器械","威力：ＳＳ（器）　対象：敵全体　属性：イオン・ナノ　効果：3ターン継続
访问攻击卫星武器，在3回合内照射激光"
"7043","ゴッドマシーナリー","5","能力","6912","対兵器用マキナ","職技アビリティ","マキナでキメラ・ロイドに特攻ダメージを与える","","","","2","2","神之机械","对兵器用器械","职技能力","器械对奇美拉・机器人造成特攻伤害"
"7043","ゴッドマシーナリー","6","能力","7194","マキナ頑強発動","職技アビリティ","ターン中、状態異常・戦闘不能になってもマキナが発動する
その代わり、消費MPとSPが30%アップする","","","","15","2","神之机械","器械顽强发动","职技能力","回合中，即使陷入异常状态或战斗不能，器械也会发动
作为代价，消耗的MP和SP增加30%"
"7043","ゴッドマシーナリー","7","能力","6927","致死のマキナ","職技アビリティ","マキナに即死効果を付加する","","","","2","2","神之机械","致命的器械","职技能力","器械附加即死效果"
"7043","ゴッドマシーナリー","8","能力","7172","マキナ攻撃力半分付加","職技アビリティ","マキナの威力に攻撃力の半分を付加する","","","","10","2","神之机械","器械附加一半的攻击力","职技能力","マキナの威力に攻撃力の半分を付加する"
"7043","ゴッドマシーナリー","9","能力","6945","固定砲台","職技アビリティ","マキナが二連続で発動するが、行動順が最遅になる","","","","15","2","神之机械","固定炮台","职技能力","器械会连续发动两次，但行动顺序变为最慢"
"7043","ゴッドマシーナリー","10","能力","6891","対多職術","職技アビリティ","敵複数時、全職技の威力が15%アップする","","","","5","2","神之机械","对多职业术","职技能力","敌人为复数时，所有职技威力提升15%"
"7043","ゴッドマシーナリー","11","能力","8226","技師チェーン","特殊アビリティ","「銃技」の後に「マキナ」を発動できる","","","","10","5","神之机械","技师链","特殊能力","「铳技」之后可以发动「器械」"
"7043","ゴッドマシーナリー","12","技能","9477","荷電粒子加速砲","マキナ","威力：ＳＳＳ（器）　対象：敵単体　属性：イオン・ハドロン
高速の荷電粒子を発射する最先端の攻撃マキナ","0","0","18","","43","神之机械","荷电粒子加速炮","器械","威力：ＳＳＳ（器）　対象：敵単体　属性：イオン・ハドロン
发射高速荷电粒子的最尖端攻击器械"
"7043","ゴッドマシーナリー","13","能力","399","マキナエクスブースター","職技アビリティ","「マキナ」によるダメージが50%アップする","","","","30","2","神之机械","器械极限增强","职技能力","「器械」造成的伤害提升50%"
"7043","ゴッドマシーナリー","14","技能","9478","陽子ビームキャノン","マキナ","威力：ＳＳＳ（器）　対象：敵全体　属性：核熱・イオン
陽子ビームを放出し対象を消滅させる最先端の攻撃マキナ","0","0","21","","43","神之机械","质子光束加农炮","器械","威力：ＳＳＳ（器）　対象：敵全体　属性：核熱・イオン
释放质子光束消灭目标的最尖端攻击器械"
"7043","ゴッドマシーナリー","15","能力","8493","銃ハイマスタリー","特殊アビリティ","銃の装備効果が格段に上昇する","","","","15","5","神之机械","铳高级精通","特殊能力","铳的装备效果大幅提升"
"7043","ゴッドマシーナリー","15","能力","9844","ゴッドマシーナリーの証","マスターアビリティ","職技APの最大値が10上昇し、マキナダメージが20%アップ","","","","0","999","神之机械","神之机械的证明","大师能力","职技AP的最大值提升10，器械伤害增加20%"
"7044","究極魔芸師","2","技能","9256","イザナミ","召喚","威力：ＳＳ（魔・器）　対象：敵全体　属性：終焉　効果：即死
使役ゾンビ「イザナミ」を呼び出す","28%当前HP","0","0","","25","究极魔艺师","伊邪那美","召唤","威力：ＳＳ（魔・器）　対象：敵全体　属性：終焉　効果：即死
召唤使役僵尸「伊邪那美」"
"7044","究極魔芸師","3","能力","6358","クリティカルシックル","戦技アビリティ","鎌技で沈黙・混乱・睡眠状態の敵への特攻ダメージが大幅アップ","","","","2","1","究极魔艺师","致命镰刀","战技能力","镰技对处于沉默・混乱・睡眠状态的敌人特攻伤害大幅提升"
"7044","究極魔芸師","3","能力","8522","魔芸師の備え","特殊アビリティ","スキルがロッド・メス・銃装備時の威力になる","","","","4","5","究极魔艺师","魔艺师的准备","特殊能力","使用技能时视为装备了法杖・手术刀・铳"
"7044","究極魔芸師","4","技能","9259","無銘の姉妹","召喚","威力：ＳＳＳ（魔）　対象：敵ランダム4回　属性：聖・闇
使役ゴースト「無銘の姉妹」を呼び出す","0","60","0","","25","究极魔艺师","无名姐妹","召唤","威力：ＳＳＳ（魔）　対象：敵ランダム4回　属性：聖・闇
召唤使役幽灵「无名姐妹」"
"7044","究極魔芸師","5","能力","6715","鎌技連撃回数2アップ","戦技アビリティ","鎌技連撃スキルのヒット数が2アップ","","","","10","1","究极魔艺师","镰技连击次数增加2","战技能力","镰技连击技能的命中次数增加2"
"7044","究極魔芸師","6","技能","9262","呪いの人形終異体","召喚","威力：ＳＳＳ（器）　対象：敵単体　属性：修羅　効果：暗闇・麻痺
からくり人形「呪いの人形終異体」を呼び出す","0","0","18","","25","究极魔艺师","诅咒人偶终异体","召唤","威力：ＳＳＳ（器）　対象：敵単体　属性：修羅　効果：暗闇・麻痺
召唤机关人偶「诅咒人偶终异体」"
"7044","究極魔芸師","7","技能","9775","コンセントレイト","特技","対象：使用者　効果：魔力・精神力アップ
魔力を集中し、次のターンの魔力と精神力を爆発的にアップさせる","0","0","4","","63","究极魔艺师","集中","特技","対象：使用者　效果：魔力・精神力提升
集中魔力，使下一回合的魔力和精神力爆发性提升"
"7044","究極魔芸師","7","技能","9777","ソフィスティケイト","特技","対象：使用者　効果：器用さ・素早さアップ
精神を集中し、次のターンの器用さと素早さを爆発的にアップさせる","0","0","4","","63","究极魔艺师","精密提升","特技","対象：使用者　効果：器用さ・素早さアップ
集中精神，使下一回合的灵巧和敏捷爆发性提升"
"7044","究極魔芸師","8","能力","6386","使役者の鎌","戦技アビリティ","鎌技でゾンビ・ゴースト・ドールに特攻ダメージを与える","","","","2","1","究极魔艺师","使役者之镰","战技能力","镰技对僵尸・幽灵・人偶造成特攻伤害"
"7044","究極魔芸師","9","技能","1171","量子分解","鎌技","威力：ＳＳ（力or魔）　対象：敵全体　属性：修羅・量子
敵全体を量子単位にまで分解する混沌奥義","0","0","17","","13","究极魔艺师","量子分解","镰技","威力：ＳＳ（力or魔）　対象：敵全体　属性：修羅・量子
将全体敌人分解至量子单位的混沌奥义"
"7044","究極魔芸師","10","能力","7599","召喚器用さ半分付加","魔法アビリティ","召喚の威力に器用さの半分を付加する","","","","10","3","究极魔艺师","召唤附加一半的灵巧","魔法能力","召喚の威力に器用さの半分を付加する"
"7044","究極魔芸師","11","能力","8227","魔芸師チェーン","特殊アビリティ","「鎌技」の後に「召喚」を発動できる","","","","10","5","究极魔艺师","魔艺师链","特殊能力","「镰技」之后可以发动「召唤」"
"7044","究極魔芸師","12","技能","9257","アメノハヅチ","召喚","威力：ＳＳＳ（魔・器）　対象：敵全体　属性：永劫
使役ゾンビ「アメノハヅチ」を呼び出す","32%当前HP","0","0","","25","究极魔艺师","天羽槌","召唤","威力：ＳＳＳ（魔・器）　対象：敵全体　属性：永劫
使役ゾンビ「アメノハヅチ」を呼び出す"
"7044","究極魔芸師","13","技能","9260","八尺様","召喚","威力：ＳＳＳ（魔）　対象：敵全体　属性：終焉
使役ゴースト「八尺様」を呼び出す","16%当前HP","80","0","","25","究极魔艺师","八尺大人","召唤","威力：ＳＳＳ（魔）　対象：敵全体　属性：終焉
使役ゴースト「八尺様」を呼び出す"
"7044","究極魔芸師","14","能力","192","鎌エクスブースター","戦技アビリティ","鎌装備時、その武器によるダメージが50%アップする","","","","30","1","究极魔艺师","镰极限增强","战技能力","装备镰时，该武器造成的伤害提升50%"
"7044","究極魔芸師","14","技能","9263","ドーラドーラ","召喚","威力：ＳＳＳ（器）　対象：敵全体　属性：終焉・銀河
からくり人形「ドーラドーラ」を呼び出す","0","0","21","","25","究极魔艺师","朵拉朵拉","召唤","威力：ＳＳＳ（器）　対象：敵全体　属性：終焉・銀河
からくり人形「ドーラドーラ」を呼び出す"
"7044","究極魔芸師","15","能力","8463","鎌ハイマスタリー","特殊アビリティ","鎌の装備効果が格段に上昇する","","","","15","5","究极魔艺师","镰高级精通","特殊能力","镰的装备效果大幅提升"
"7044","究極魔芸師","15","能力","9845","究極魔芸師の証","マスターアビリティ","特殊APの最大値が10上昇し、鎌技・召喚魔芸ダメージが20%アップ","","","","0","999","究极魔艺师","究极魔艺师的证明","大师能力","特殊AP的最大值提升10，镰技・召唤术魔艺伤害增加20%"
"7045","言霊神","2","技能","2128","オーバーワード","話す","対象：敵全体　効果：混乱・睡眠・石化・ミニマム
敵に呪いを振りまく禁断の言霊","0","0","5","","39","言灵神","过度话语","交谈","対象：敵全体　効果：混乱・睡眠・石化・ミニマム
对敌施加诅咒的禁断言灵"
"7045","言霊神","2","能力","6926","精神錯乱の話術","職技アビリティ","話すに沈黙・混乱・睡眠効果を付加する","","","","2","2","言灵神","精神错乱的言术","职技能力","交谈附加沉默・混乱・睡眠效果"
"7045","言霊神","3","能力","552","精神力40%アップ","防御アビリティ","精神力が40%アップする","","","","10","4","言灵神","精神力提升40%","防御能力","精神力提升40%"
"7045","言霊神","4","技能","9434","超罵倒","話す","対象：敵単体　効果：友好度が0になる
敵を罵倒し、友好度を限界まで下げる","0","0","3","","39","言灵神","超骂倒","交谈","対象：敵単体　効果：友好度が0になる
骂倒敌人，将友好度降至极限"
"7045","言霊神","5","能力","7145","話す防御力無視","職技アビリティ","話すで防御力を無視してダメージを与えるが、消費量が1.3倍になる","","","","10","2","言灵神","交谈防御力无视","职技能力","話すで防御力を無視してダメージを与えるが、消費量が1.3倍になる"
"7045","言霊神","6","能力","6910","除霊の話術","職技アビリティ","話すでゴースト・ドールに特攻ダメージを与える","","","","2","2","言灵神","除灵的谈话术","职技能力","交谈对幽灵・人偶造成特攻伤害"
"7045","言霊神","7","技能","9435","大呪詛","話す","対象：敵全体　効果：即死・石化・ミニマム・ゾンビ・闇穢
言霊の力で敵全体に破滅的な呪いを振りまく","0","0","8","","39","言灵神","大诅咒","交谈","対象：敵全体　効果：即死・石化・ミニマム・ゾンビ・闇穢
用言灵之力对全体敌人施加毁灭性的诅咒"
"7045","言霊神","8","技能","2129","行動予約","話す","対象：使用者　効果：次ターンに三回行動
そのターンは行動せずに、次ターンに三連続で行動する","0","0","10","","39","言灵神","行动预约","交谈","対象：使用者　効果：次ターンに三回行動
该回合不行动，下次回合连续行动三次"
"7045","言霊神","9","技能","9436","大祝詞","話す","対象：味方全体　効果：HP大回復・防御力/精神力アップ
言霊の力で味方全体を癒し、被ダメージ減少の祝福を与える","0","0","10","","39","言灵神","大祝词","交谈","対象：味方全体　効果：HP大回復・防御力/精神力アップ
用言灵之力治愈我方全体，给予减少被伤害的祝福"
"7045","言霊神","10","技能","9433","超賞賛","話す","対象：敵単体　効果：友好度特大アップ
敵を賞賛し、友好度を大幅に上げる","0","0","30","","39","言灵神","超赞赏","交谈","対象：敵単体　効果：友好度特大アップ
赞赏敌人，大幅提升友好度"
"7045","言霊神","11","技能","9437","毒の言霊","話す","威力：ＳＳ（器）　対象：敵全体　属性：バイオ　効果：毒
敵全体に毒をもたらす呪いの言霊","0","0","17","","39","言灵神","毒之言灵","交谈","威力：ＳＳ（器）　対象：敵全体　属性：バイオ　効果：毒
对全体敌人施加毒咒的言灵"
"7045","言霊神","12","技能","9438","音の言霊","話す","威力：ＳＳ（器）　対象：敵全体　属性：音波　効果：混乱
敵全体の精神を乱す音波の言霊","0","0","17","","39","言灵神","音之言灵","交谈","威力：ＳＳ（器）　対象：敵全体　属性：音波　効果：混乱
扰乱全体敌人精神的音波言灵"
"7045","言霊神","13","能力","7128","話す速攻","職技アビリティ","話すが速攻で発動するが、消費SPが1.5倍になる","","","","25","2","言灵神","交谈速攻","职技能力","話すが速攻で発動するが、消費SPが1.5倍になる"
"7045","言霊神","14","技能","2127","クィックワード","話す","対象：味方全体　効果：二回行動1ターン
味方全体が機敏に動くようになる支援の言霊","0","0","25","","39","言灵神","快速话语","交谈","対象：味方全体　効果：二回行動1ターン
让我方全体敏捷行动的支援言灵"
"7045","言霊神","14","能力","8229","話術士チェーン","特殊アビリティ","「投擲技」の後に「話す」を発動できる","","","","10","5","言灵神","话术士链","特殊能力","「投掷技」之后可以发动「交谈」"
"7045","言霊神","15","能力","8475","ブーメランハイマスタリー","特殊アビリティ","ブーメランの装備効果が格段に上昇する","","","","15","5","言灵神","回旋镖高级精通","特殊能力","回旋镖的装备效果显著提升"
"7045","言霊神","15","能力","9846","言霊神の証","マスターアビリティ","職技APの最大値が10上昇し、話すダメージが20%アップ","","","","0","999","言灵神","言灵神的证明","大师能力","职技AP的最大值提升10，交谈伤害增加20%"
"7046","料理神","2","技能","2322","無から造ったステーキ","料理","威力：Ａ（器）　対象：敵全体　属性：風
食材を消費せずにステーキを作り、料理効果を発揮する","0","60","20","","44","料理神","无中生有的牛排","料理","威力：Ａ（器）　対象：敵全体　属性：風
不消耗食材制作牛排，发挥料理效果"
"7046","料理神","2","能力","6928","洗礼料理","職技アビリティ","料理に昇天・聖痕効果を付加する","","","","2","2","料理神","洗礼料理","职技能力","料理附加升天・圣痕效果"
"7046","料理神","3","能力","6929","サバト料理","職技アビリティ","料理に即死・闇穢効果を付加する","","","","2","2","料理神","萨巴特料理","职技能力","料理附加即死・暗秽效果"
"7046","料理神","3","能力","8412","食材節約","特殊アビリティ","料理使用時、50%の確率で食材を消費しない","","","","10","5","料理神","食材节约","特殊能力","料理使用时，50%的概率不消耗食材"
"7046","料理神","4","技能","9483","アルティメットサラダ","料理","威力：ＳＳ（器）　対象：敵全体　属性：ハドロン
アルティメットサラダを作り、料理効果を発揮する","0","0","0","","44","料理神","究极沙拉","料理","威力：ＳＳ（器）　対象：敵全体　属性：ハドロン
制作究极沙拉，发挥料理效果"
"7046","料理神","5","能力","6913","高貴なる者も満足の味","職技アビリティ","料理で妖魔・吸血鬼に特攻ダメージを与える","","","","2","2","料理神","高贵者也满足的味道","职技能力","料理对妖魔・吸血鬼造成特攻伤害"
"7046","料理神","5","能力","6914","天使をも魅了する味","職技アビリティ","料理で天使に特攻ダメージを与える","","","","2","2","料理神","连天使也为之倾倒的味道","职技能力","料理对天使造成特攻伤害"
"7046","料理神","6","技能","2323","無から造ったパフェ","料理","対象：味方全体　効果：HP大回復
食材を消費せずにパフェを作り、料理効果を発揮する","0","75","25","","44","料理神","无中生有的芭菲","料理","対象：味方全体　効果：HP大回復
不消耗食材制作芭菲，发挥料理效果"
"7046","料理神","6","能力","7146","料理防御力無視","職技アビリティ","料理で防御力を無視してダメージを与えるが、消費量が1.3倍になる","","","","10","2","料理神","烹饪防御力无视","职技能力","料理で防御力を無視してダメージを与えるが、消費量が1.3倍になる"
"7046","料理神","7","技能","9484","究極の牛丼","料理","威力：ＳＳ（器）　対象：敵全体　属性：核熱
究極の牛丼を作り、料理効果を発揮する","0","0","0","","44","料理神","究极牛丼","料理","威力：ＳＳ（器）　対象：敵全体　属性：核熱
制作究极牛丼，发挥料理效果"
"7046","料理神","8","能力","6947","元気モリモリ料理","職技アビリティ","味方への料理にHPターン回復効果が付加する","","","","5","2","料理神","元气满满料理","职技能力","对队友的料理附加HP回合恢复效果"
"7046","料理神","8","能力","6948","活力モリモリ料理","職技アビリティ","味方への料理にSPターン回復効果が付加する","","","","5","2","料理神","活力满满料理","职技能力","对队友的料理附加SP回合恢复效果"
"7046","料理神","9","能力","7195","料理頑強発動","職技アビリティ","ターン中、状態異常・戦闘不能になっても料理が発動する
その代わり、消費MPとSPが30%アップする","","","","15","2","料理神","料理顽强发动","职技能力","回合中，即使陷入异常状态或战斗不能，料理也会发动
作为代价，消耗的MP和SP增加30%"
"7046","料理神","10","技能","9485","古代寿司","料理","威力：ＳＳ（器）　対象：敵全体　属性：テラ
古代寿司を作り、料理効果を発揮する","0","0","0","","44","料理神","古代寿司","料理","威力：ＳＳ（器）　対象：敵全体　属性：テラ
制作古代寿司，发挥料理效果"
"7046","料理神","11","能力","6946","オートクッキング","職技アビリティ","ターン終了後、自動的に料理を作る","","","","12","2","料理神","自动烹饪","职技能力","回合结束后，自动制作料理"
"7046","料理神","12","能力","8404","料理数アップ","特殊アビリティ","料理スキルで完成する料理の数が2倍になる","","","","10","5","料理神","料理数量增加","特殊能力","料理技能完成的料理数量变为2倍"
"7046","料理神","13","能力","7130","料理速攻","職技アビリティ","料理が速攻で発動するが、消費SPが1.5倍になる","","","","25","2","料理神","料理速攻","职技能力","料理が速攻で発動するが、消費SPが1.5倍になる"
"7046","料理神","13","技能","9487","妖精のパフェ","料理","対象：味方全体　効果：HP・MP・SP全回復
妖精のパフェを作り、料理効果を発揮する","0","0","0","","44","料理神","妖精的芭菲","料理","対象：味方全体　効果：HP・MP・SP全回復
制作妖精的芭菲，发挥料理效果"
"7046","料理神","14","能力","381","包丁エクスブースター","職技アビリティ","包丁装備時、その武器によるダメージが50%アップする","","","","30","2","料理神","菜刀极限增强","职技能力","装备菜刀时，该武器造成的伤害提升50%"
"7046","料理神","14","技能","9486","超絶美酒・夢天","料理","威力：ＳＳＳ（器）　対象：敵全体　属性：銀河
超絶美酒・夢天を醸造し、料理効果を発揮する","0","0","0","","44","料理神","超绝美酒・梦天","料理","威力：ＳＳＳ（器）　対象：敵全体　属性：銀河
酿造超绝美酒・梦天，发挥料理效果"
"7046","料理神","15","能力","8481","包丁ハイマスタリー","特殊アビリティ","包丁の装備効果が格段に上昇する","","","","15","5","料理神","菜刀高级精通","特殊能力","菜刀的装备效果显著提升"
"7046","料理神","15","能力","9847","料理神の証","マスターアビリティ","職技APの最大値が10上昇し、料理ダメージが20%アップ","","","","0","999","料理神","料理神的证明","大师能力","职技AP的最大值提升10，料理伤害增加20%"
"7047","禁医","2","能力","6895","クリティカルメディスン","職技アビリティ","医術で毒・ゾンビ状態の敵への特攻ダメージが大幅アップ","","","","2","2","禁医","致命治疗","职技能力","医术对中毒・僵尸状态的敌人特攻伤害大幅提升"
"7047","禁医","2","技能","9494","待機患者治療","医術","対象：控えメンバー全員　効果：HP中回復
待機しているメンバーをまとめて治療する医師の秘術","0","0","5","","45","禁医","待机患者治疗","医术","対象：控えメンバー全員　効果：HP中回復
一次性治疗所有待机成员的医师秘术"
"7047","禁医","3","能力","6930","非道なる医術","職技アビリティ","医術に毒・ゾンビ・即死効果を付加する","","","","2","2","禁医","非道的医术","职技能力","医术附加中毒・僵尸・即死效果"
"7047","禁医","3","技能","9499","禁忌複合活性","医術","対象：味方全体　効果：HP・MP・SPターン中回復
代謝を活性化させ、体力や魔力を徐々に回復させる禁断の医術","0","0","12","","45","禁医","禁忌复合激活","医术","対象：味方全体　効果：HP・MP・SPターン中回復
激活代谢，逐渐恢复体力与魔力的禁断医术"
"7047","禁医","4","能力","7147","医術防御力無視","職技アビリティ","医術で防御力を無視してダメージを与えるが、消費量が1.3倍になる","","","","10","2","禁医","医术防御力无视","职技能力","医術で防御力を無視してダメージを与えるが、消費量が1.3倍になる"
"7047","禁医","4","技能","9496","待機患者治癒","医術","対象：控えメンバー全員　効果：全状態異常治療
待機しているメンバーをまとめて治癒する医師の秘術","0","0","8","","45","禁医","替补患者治愈","医术","対象：控えメンバー全員　効果：全状態異常治療
一次性治愈所有待机成员的医师秘术"
"7047","禁医","5","能力","6915","効率的人体破壊","職技アビリティ","医術で人間・ゾンビに特攻ダメージを与える","","","","2","2","禁医","高效的人体破坏","职技能力","医术对人类・僵尸造成特攻伤害"
"7047","禁医","6","技能","9497","待機患者活性化","医術","対象：控えメンバー全員　効果：SP・MP大回復
待機しているメンバーをまとめて活性化させる医師の秘術","0","0","12","","45","禁医","替补患者激活","医术","対象：控えメンバー全員　効果：SP・MP大回復
一次性激活所有待机成员的医师秘术"
"7047","禁医","7","技能","9502","二種混合耐性薬注射","医術","対象：味方全体　効果：全状態異常・即死効果無効
特殊な薬品を味方全体に注射し、状態異常と即死効果を予防する","0","0","10","","45","禁医","两种混合耐性药注射","医术","対象：味方全体　効果：全状態異常・即死効果無効
向全体队友注射特殊药品，预防状态异常与即死效果"
"7047","禁医","8","技能","9495","待機患者蘇生","医術","対象：控えメンバー全員　効果：完全蘇生
待機しているメンバーをまとめて蘇生する医師の秘術","0","0","10","","45","禁医","替补患者复活","医术","対象：控えメンバー全員　効果：完全蘇生
一次性复活所有待机成员的医师秘术"
"7047","禁医","9","技能","9500","みんな禁忌ドーピング","医術","対象：味方全体　効果：最大HP2倍
禁忌の薬を味方全体に飲ませ、最大HPを大幅に増強する","0","0","10","","45","禁医","全员禁忌兴奋剂","医术","対象：味方全体　効果：最大HP2倍
让全体队友服用禁忌药物，大幅增强最大HP"
"7047","禁医","10","能力","7173","医術素早さ半分付加","職技アビリティ","医術の威力に素早さの半分を付加する","","","","10","2","禁医","医术附加一半的敏捷","职技能力","医術の威力に素早さの半分を付加する"
"7047","禁医","11","技能","9493","悪夢のお医者さんごっこ","医術","威力：ＳＳＳ（力・器）　対象：敵単体　属性：ナイトメア　効果：敏感・恍惚・失禁
快楽の極みを味わわせる医師の戯れ","0","0","18","","45","禁医","恶梦医生游戏","医术","威力：ＳＳＳ（力・器）　対象：敵単体　属性：ナイトメア　効果：敏感・恍惚・失禁
让对方体验快乐极致的医生戏弄"
"7047","禁医","12","能力","7131","医術速攻","職技アビリティ","医術が速攻で発動するが、消費SPが1.5倍になる","","","","25","2","禁医","医术速攻","职技能力","医術が速攻で発動するが、消費SPが1.5倍になる"
"7047","禁医","13","技能","9490","マーシレストリアージ","医術","威力：ＳＳＳ（力・器）　対象：敵単体3回　属性：バイオ　効果：毒・即死
無慈悲に治療不可能なダメージを与える残虐なメスさばき","0","0","18","","45","禁医","无情分诊","医术","威力：ＳＳＳ（力・器）　対象：敵単体3回　属性：バイオ　効果：毒・即死
无情地给予无法治愈的伤害的残忍宰杀"
"7047","禁医","14","能力","387","メスエクスブースター","職技アビリティ","メス装備時、その武器によるダメージが50%アップする","","","","30","2","禁医","手术刀极限增强","职技能力","装备手术刀时，该武器造成的伤害提升50%"
"7047","禁医","14","技能","9501","オーバードーピング","医術","対象：味方単体　効果：最大HP3倍、MP・SPなし
体力が限界を超えて増強されるが、魔力と気力を失う薬を使う","0","0","10","","45","禁医","过量兴奋剂","医术","対象：味方単体　効果：最大HP3倍、MP・SPなし
使用药物使体力超越极限增强，但失去魔力与气力"
"7047","禁医","15","能力","8485","メスハイマスタリー","特殊アビリティ","メスの装備効果が格段に上昇する","","","","15","5","禁医","手术刀高级精通","特殊能力","手术刀的装备效果显著提升"
"7047","禁医","15","能力","9848","禁医の証","マスターアビリティ","職技APの最大値が10上昇し、医術ダメージが20%アップ","","","","0","999","禁医","禁医的证明","大师能力","职技AP的最大值提升10，医术伤害增加20%"
"7048","ゴッドメイド","2","能力","6931","過剰な御奉仕","職技アビリティ","御奉仕に失禁・絶頂効果を付加する","","","","2","2","神之女仆","过度的侍奉","职技能力","侍奉附加失禁・高潮效果"
"7048","ゴッドメイド","2","技能","9510","ミラクルガーデニング","御奉仕","威力：Ｓ（器）　対象：敵全体　属性：バイオ　効果：虫・植物特攻
殺虫スプレーと的確な剪定により虫や雑草を駆除するメイド奥義","0","0","12","","46","神之女仆","奇迹园艺","侍奉","威力：Ｓ（器）　対象：敵全体　属性：バイオ　効果：虫・植物特攻
通过杀虫喷雾和精准修剪来清除害虫和杂草的女仆奥义"
"7048","ゴッドメイド","3","能力","8421","備蓄獲得","特殊アビリティ","戦闘中、手裏剣・ページ・錬金素材をゲットする事がある","","","","15","5","神之女仆","储备获得","特殊能力","战斗中，有时会获得手里剑・页面・炼金素材"
"7048","ゴッドメイド","4","技能","9511","恍惚失禁昇天のマッサージ","御奉仕","威力：ＳＳ（器）　対象：敵単体　属性：快楽　効果：恍惚・失禁・絶頂
甘い性奉仕で対象を天国に導く","0","0","14","","46","神之女仆","恍惚失禁升天的按摩","侍奉","威力：ＳＳ（器）　対象：敵単体　属性：快楽　効果：恍惚・失禁・絶頂
用甜蜜的性侍奉引导目标进入天堂"
"7048","ゴッドメイド","5","能力","7148","御奉仕防御力無視","職技アビリティ","御奉仕で防御力を無視してダメージを与えるが、消費量が1.3倍になる","","","","10","2","神之女仆","侍奉防御力无视","职技能力","御奉仕で防御力を無視してダメージを与えるが、消費量が1.3倍になる"
"7048","ゴッドメイド","6","能力","6901","快楽の奉仕者","職技アビリティ","御奉仕で敏感・恍惚・誘惑・失禁状態の敵に特攻が発生する","","","","2","2","神之女仆","极乐的侍奉者","职技能力","侍奉对处于敏感・恍惚・诱惑・失禁状态的敌人发动特攻"
"7048","ゴッドメイド","7","能力","6916","高貴なる者への御奉仕","職技アビリティ","御奉仕で妖魔・吸血鬼に特攻ダメージを与える","","","","2","2","神之女仆","对高贵者的侍奉","职技能力","侍奉对妖魔・吸血鬼造成特攻伤害"
"7048","ゴッドメイド","8","技能","9515","神のハーブティーです","御奉仕","対象：味方単体　効果：HP全回復・SP全回復
神のハーブティーで体力と気力を大幅に回復する","0","0","8","","46","神之女仆","神之草本茶","侍奉","対象：味方単体　効果：HP全回復・SP全回復
神之草本茶让体力和气力大幅回复"
"7048","ゴッドメイド","9","能力","7174","御奉仕素早さ半分付加","職技アビリティ","御奉仕の威力に素早さの半分を付加する","","","","10","2","神之女仆","侍奉附加一半的敏捷","职技能力","御奉仕の威力に素早さの半分を付加する"
"7048","ゴッドメイド","10","技能","9512","神技の乳搾り","御奉仕","対象：敵単体　効果：ミルク獲得
高確率でミルクを搾り取るメイドの神技","0","0","5","","46","神之女仆","神技的挤奶","侍奉","対象：敵単体　効果：ミルク獲得
高概率挤出牛奶的女仆神技"
"7048","ゴッドメイド","11","能力","6888","心尽くしの職技","職技アビリティ","敵単体時、全職技の威力が15%アップする","","","","5","2","神之女仆","全心全意的职技","职技能力","敌人为单体时，所有职技威力提升15%"
"7048","ゴッドメイド","12","能力","6949","メイドの片手間料理","職技アビリティ","ターン終了後、自動的に料理を作る事がある","","","","6","2","神之女仆","女仆的空闲料理","职技能力","回合结束后，有时会自动制作料理"
"7048","ゴッドメイド","13","能力","7132","御奉仕速攻","職技アビリティ","御奉仕が速攻で発動するが、消費SPが1.5倍になる","","","","25","2","神之女仆","侍奉速攻","职技能力","御奉仕が速攻で発動するが、消費SPが1.5倍になる"
"7048","ゴッドメイド","14","能力","393","皿エクスブースター","職技アビリティ","皿装備時、その武器によるダメージが50%アップする","","","","30","2","神之女仆","盘极限增强","职技能力","装备盘时，该武器造成的伤害提升50%"
"7048","ゴッドメイド","14","技能","2374","花鳥風月皿ノ舞","御奉仕","威力：ＳＳＳ（器）　対象：敵ランダム6回
皿を投げ付けつつ舞い踊るメイド奥義","0","0","18","","46","神之女仆","花鸟风月盘之舞","侍奉","威力：ＳＳＳ（器）　対象：敵ランダム6回
一边投掷盘一边跳舞的女仆奥义"
"7048","ゴッドメイド","15","能力","8489","皿ハイマスタリー","特殊アビリティ","皿の装備効果が格段に上昇する","","","","15","5","神之女仆","盘高级精通","特殊能力","盘的装备效果显著提升"
"7048","ゴッドメイド","15","能力","9849","ゴッドメイドの証","マスターアビリティ","職技APの最大値が10上昇し、御奉仕ダメージが20%アップ","","","","0","999","神之女仆","神之女仆的证明","大师能力","职技AP的最大值提升10，侍奉伤害增加20%"
"7049","オールジョブラウンダー","2","技能","9349","最終薬草購入","商技","対象：味方単体　効果：HP全回復
最終薬草を購入し、即座に使用する","0","0","0","","34","全能职业者","购买最终药草","商技","対象：味方単体　効果：HP全回復
购买最终药草，立即使用"
"7049","オールジョブラウンダー","2","技能","9351","最後の霊薬購入","商技","対象：味方単体　効果：MP全回復
最後の霊薬を購入し、即座に使用する","0","0","0","","34","全能职业者","购买最终之灵药","商技","対象：味方単体　効果：MP全回復
购买最终之灵药，立即使用"
"7049","オールジョブラウンダー","2","技能","9353","ファイナルドリンク購入","商技","対象：味方単体　効果：最大SPの200%まで回復
ファイナルドリンクを購入し、即座に使用する","0","0","0","","34","全能职业者","购买最终饮料","商技","対象：味方単体　効果：最大SPの200%まで回復
购买最终饮料并立即使用"
"7049","オールジョブラウンダー","3","能力","7900","全能力値10%アップ","特殊アビリティ","全能力値が10%アップする","","","","5","5","全能职业者","全能力值提升10%","特殊能力","全能力值提升10%"
"7049","オールジョブラウンダー","3","能力","8523","職人の備え","特殊アビリティ","スキルが各種職業武器装備時の威力になる","","","","4","5","全能职业者","工匠的准备","特殊能力","使用技能时视为装备了各种职业武器"
"7049","オールジョブラウンダー","4","技能","2362","きまぐれドクターのおまかせオペ","医術","対象：敵全体　効果：ランダム状態異常
気紛れに医術的処置を行い、敵全体に多種の状態異常をもたらす","0","0","5","","45","全能职业者","随性医生的委托手术","医术","対象：敵全体　効果：ランダム状態異常
随意进行医术处理，给全体敌人带来多种状态异常"
"7049","オールジョブラウンダー","4","能力","7331","魔石ダメージ超強化","魔法アビリティ","魔石によるダメージが大幅にアップする","","","","10","3","全能职业者","魔石伤害超强化","魔法能力","魔石造成的伤害大幅提升"
"7049","オールジョブラウンダー","5","能力","8411","EXアイテム超節約","特殊アビリティ","EXアイテム使用時、75%の確率でアイテムを消費しない","","","","20","5","全能职业者","EX物品超节约","特殊能力","EX物品使用时，75%的概率不消耗物品"
"7049","オールジョブラウンダー","5","能力","8413","食材超節約","特殊アビリティ","料理使用時、75%の確率で食材を消費しない","","","","20","5","全能职业者","食材超节约","特殊能力","料理使用时，75%的概率不消耗食材"
"7049","オールジョブラウンダー","6","能力","6877","職技SPバースト","職技アビリティ","SPの残量が多いほど職技の威力がアップする","","","","5","2","全能职业者","职技SP爆发","职技能力","SP剩余越多，职技威力越大"
"7049","オールジョブラウンダー","7","能力","7201","頑固一徹","職技アビリティ","ターン中、状態異常・戦闘不能になっても職技スキルが発動する
その代わり、消費MPとSPが30%アップする","","","","25","2","全能职业者","顽固一彻","职技能力","回合中，即使陷入异常状态或战斗不能，职技技能也会发动
作为代价，消耗的MP和SP增加30%"
"7049","オールジョブラウンダー","7","能力","8420","商人話術","特殊アビリティ","商技使用時の消費ゴールドが減少する","","","","15","5","全能职业者","商人话术","特殊能力","商技使用时的消费金币减少"
"7049","オールジョブラウンダー","8","技能","9787","職技収束","特技","対象：使用者　効果：職技スキル単体化・威力アップ
3ターンの間、職技スキルが単体化し威力がアップする","0","0","3","","63","全能职业者","职技集中","特技","対象：使用者　効果：職技スキル単体化・威力アップ
3回合内，职业技能变为单体攻击且威力提升"
"7049","オールジョブラウンダー","9","技能","9368","全体化:最終薬草","EXアイテム","対象：味方全体　効果：HP全回復
最終薬草の効果を全体化する","0","0","0","","35","全能职业者","全体化:最終薬草","EX物品","対象：味方全体　効果：HP全回復
最终药草的效果全体化"
"7049","オールジョブラウンダー","9","技能","9370","全体化:最後の霊薬","EXアイテム","対象：味方全体　効果：MP全回復
最後の霊薬の効果を全体化する","0","0","0","","35","全能职业者","全体化:最後の霊薬","EX物品","対象：味方全体　効果：MP全回復
将最终之灵药的效果全体化"
"7049","オールジョブラウンダー","9","技能","9372","全体化:ファイナルドリンク","EXアイテム","対象：味方全体　効果：最大SPの200%まで回復
ファイナルドリンクの効果を全体化する","0","0","0","","35","全能职业者","全体化:ファイナルドリンク","EX物品","対象：味方全体　効果：最大SPの200%まで回復
将最终饮料的效果全体化"
"7049","オールジョブラウンダー","10","技能","9498","待機患者大救済","医術","対象：控えメンバー全員　効果：HP・SP大回復・全状態異常治療
待機しているメンバーをまとめて治療する医師の秘術","0","0","10","","45","全能职业者","替补患者大救济","医术","対象：控えメンバー全員　効果：HP・SP大回復・全状態異常治療
一次性治疗所有待机成员的医师秘术"
"7049","オールジョブラウンダー","11","技能","9506","メイドナースのハーレムナイトメア","御奉仕","威力：ＳＳＳ（器）　対象：敵全体　属性：ナイトメア　効果：敏感・恍惚・誘惑
ハーレムの快楽をもたらすメイドの奉仕奥義","0","0","21","","46","全能职业者","女仆护士的后宫噩梦","侍奉","威力：ＳＳＳ（器）　対象：敵全体　属性：ナイトメア　効果：敏感・恍惚・誘惑
带来哈雷姆快乐的女仆侍奉奥义"
"7049","オールジョブラウンダー","12","能力","8230","シェフチェーン","特殊アビリティ","「商技」の後に「料理」を発動できる","","","","10","5","全能职业者","厨师链","特殊能力","「商技」之后可以发动「料理」"
"7049","オールジョブラウンダー","12","能力","8231","メイドチェーン","特殊アビリティ","「御奉仕」の後に「オラクル」を発動できる","","","","10","5","全能职业者","女仆链","特殊能力","「侍奉」之后可以发动「神谕」"
"7049","オールジョブラウンダー","12","能力","8232","ドクターチェーン","特殊アビリティ","「医術」の後に「話す」を発動できる","","","","10","5","全能职业者","医生链","特殊能力","「医术」之后可以发动「交谈」"
"7049","オールジョブラウンダー","13","技能","9356","巨人の秘薬購入","商技","対象：味方全体　効果：最大HP1.5倍
巨人の秘薬を購入し、即座に使用する","0","0","0","","34","全能职业者","购买巨人的秘药","商技","対象：味方全体　効果：最大HP1.5倍
购买巨人的秘药并立即使用"
"7049","オールジョブラウンダー","13","技能","9358","賢者の秘薬購入","商技","対象：味方全体　効果：最大MP1.5倍
賢者の秘薬を購入し、即座に使用する","0","0","0","","34","全能职业者","购买贤者的秘药","商技","対象：味方全体　効果：最大MP1.5倍
购买贤者的秘药并立即使用"
"7049","オールジョブラウンダー","13","技能","9360","闘士の秘薬購入","商技","対象：味方全体　効果：最大SP1.5倍
闘士の秘薬を購入し、即座に使用する","0","0","0","","34","全能职业者","购买斗士的秘药","商技","対象：味方全体　効果：最大SP1.5倍
购买了斗士的秘药，并立即使用"
"7049","オールジョブラウンダー","14","能力","757","職業経験値3倍","特殊アビリティ","獲得する職業経験値が3倍になる","","","","30","5","全能职业者","职业经验值3倍","特殊能力","获得职业经验值变为3倍"
"7049","オールジョブラウンダー","14","能力","6889","一意専心","職技アビリティ","敵単体時、全職技の威力が30%アップする","","","","10","2","全能职业者","一心一意","职技能力","敌人为单体时，所有职技威力提升30%"
"7049","オールジョブラウンダー","15","技能","3153","ハードジョブモード","特技","対象：使用者　効果：2回行動・職技連続発動・SPターン回復
行動回数が増えるが、HPを消費していく","0","0","2","","63","全能职业者","硬核工作模式","特技","対象：使用者　効果：2回行動・職技連続発動・SPターン回復
行动次数增加，但会消耗HP"
"7049","オールジョブラウンダー","15","能力","7118","全職技スキル使用可能","職技アビリティ","全職技スキルが使用可能になる","","","","20","2","全能职业者","全职技技能可用","职技能力","全职技技能变为可用"
"7049","オールジョブラウンダー","15","能力","9850","オールジョブラウンダーの証","マスターアビリティ","職技APの最大値が10上昇し、職技ダメージが20%アップ","","","","0","999","全能职业者","全能职业者的证明","大师能力","职技AP的最大值提升10，职技伤害增加20%"
"7050","覇王","2","能力","8524","王の備え","特殊アビリティ","スキルが剣・杖・ロッド装備時の威力になる","","","","4","5","霸王","王的准备","特殊能力","使用技能时视为装备了剑・杖・法杖"
"7050","覇王","2","技能","9522","覇王の親衛隊","王技","威力：４Ｓ（力）　対象：敵ランダム6回　属性：修羅
覇王に付き従う親衛隊の一斉攻撃","0","0","22","","47","霸王","霸王的亲卫队","王技","威力：４Ｓ（力）　対象：敵ランダム6回　属性：修羅
霸王麾下的亲卫队进行齐攻"
"7050","覇王","3","能力","711","毎ターンHP30%回復","特殊アビリティ","ターンごとにHPが30%回復する","","","","30","5","霸王","每回合HP恢复30%","特殊能力","每回合HP恢复30%"
"7050","覇王","3","能力","7894","最大HP・MP・SP20%アップ","特殊アビリティ","最大HP・MP・SPが20%アップする","","","","10","5","霸王","最大HP・MP・SP提升20%","特殊能力","最大HP・MP・SP提升20%"
"7050","覇王","4","技能","9523","覇王の恩寵","王技","対象：味方全体　効果：HP大回復・SP中回復
覇王の恩寵により、味方全体のHPとSPが回復する","0","50","0","","47","霸王","霸王的恩宠","王技","対象：味方全体　効果：HP大回復・SP中回復
霸王的恩宠使我方全体HP和SP回复"
"7050","覇王","5","技能","2412","禁忌法典・天魔覆滅","王技","威力：ＳＳＳ（魔）　対象：敵全体　属性：イオン・永劫　効果：昇天
絶大なる魔力で悪を処断するという禁断の法術","0","40","10","","47","霸王","禁忌法典・天魔覆灭","王技","威力：ＳＳＳ（魔）　対象：敵全体　属性：イオン・永劫　効果：昇天
以巨大的魔力处决邪恶的禁忌法术"
"7050","覇王","6","能力","6917","天地を統べる","職技アビリティ","王技で妖魔・天使に特攻ダメージを与える","","","","2","2","霸王","统御天地","职技能力","王技对妖魔・天使造成特攻伤害"
"7050","覇王","7","能力","7149","王技防御力無視","職技アビリティ","王技で防御力を無視してダメージを与えるが、消費量が1.3倍になる","","","","10","2","霸王","王技防御力无视","职技能力","王技で防御力を無視してダメージを与えるが、消費量が1.3倍になる"
"7050","覇王","8","能力","7690","物理・魔法反射50%","防御アビリティ","物理・魔法攻撃を50%の確率で反射する","","","","30","4","霸王","物理・魔法反射50%","防御能力","物理・魔法攻击50%的概率反射"
"7050","覇王","9","能力","6351","一騎当千","戦技アビリティ","敵複数時、全武技および王技・勇者技の威力が30%アップする
※強敵との戦い・勇者の挑戦系との併用は不可能","","","","10","1","霸王","一骑当千","战技能力","敌人为复数时，所有武技和王技・勇者技的威力提升30%
※无法与强敌对峙・勇者的挑战系技能同时使用"
"7050","覇王","10","技能","9520","魔導王の裁き","王技","威力：ＳＳＳ（魔）　対象：敵全体　属性：核熱・イオン　効果：バーン
魔導王の怒りにより敵を焼き払う奥義","0","80","0","","47","霸王","魔导王的裁决","王技","威力：ＳＳＳ（魔）　対象：敵全体　属性：核熱・イオン　効果：バーン
魔导王的愤怒将敌人烧尽的奥义"
"7050","覇王","11","能力","7133","王技速攻","職技アビリティ","王技が速攻で発動するが、消費SPとMPが1.5倍になる","","","","25","2","霸王","王技速攻","职技能力","王技が速攻で発動するが、消費SPとMPが1.5倍になる"
"7050","覇王","12","能力","8234","王チェーン","特殊アビリティ","「王技」の後に「剣技or黒魔法or聖技」を発動できる","","","","10","5","霸王","王链","特殊能力","「王技」之后可以发动「剑技或黑魔法或圣技」"
"7050","覇王","13","能力","754","経験値3倍","特殊アビリティ","獲得する経験値が3倍になる","","","","30","5","霸王","经验值3倍","特殊能力","获得的经验值变为3倍"
"7050","覇王","13","技能","9519","真・覇王星剣","王技","威力：４Ｓ（力）　対象：敵全体　属性：修羅・核熱
覇王にのみ伝えられ、全てを塵と化す伝説の奥義","0","0","25","","47","霸王","真・霸王星剑","王技","威力：４Ｓ（力）　対象：敵全体　属性：修羅・核熱
只有霸王才能传承，将一切化为尘埃的传说奥义"
"7050","覇王","14","能力","8465","杖ハイマスタリー","特殊アビリティ","杖の装備効果が格段に上昇する","","","","15","5","霸王","杖高级精通","特殊能力","杖的装备效果大幅提升"
"7050","覇王","14","能力","8467","ロッドハイマスタリー","特殊アビリティ","ロッド・魔導剣の装備効果が格段に上昇する","","","","15","5","霸王","法杖高级精通","特殊能力","法杖・魔导剑的装备效果大幅提升"
"7050","覇王","15","能力","8445","剣ハイマスタリー","特殊アビリティ","剣の装備効果が格段に上昇する","","","","15","5","霸王","剑高级精通","特殊能力","剑的装备效果显著提升"
"7050","覇王","15","能力","8499","鎧ハイマスタリー","特殊アビリティ","胸当て・鎧・重鎧・甲羅の装備効果が格段に上昇する","","","","15","5","霸王","铠高级精通","特殊能力","胸甲・铠・重铠・甲壳的装备效果大幅提升"
"7050","覇王","15","能力","9851","覇王の証","マスターアビリティ","特殊APの最大値が10上昇し、王技ダメージが20%アップ","","","","0","999","霸王","霸王的证明","大师能力","特殊AP的最大值增加10，王技伤害提升20%"
"7051","混沌の勇者","2","能力","651","拘束回避","防御アビリティ","拘束攻撃を50%の確率で無効化する","","","","10","4","混沌的勇者","拘束回避","防御能力","拘束攻击50%的概率无效化"
"7051","混沌の勇者","2","技能","2445","天塵剣","勇者技","威力：ＳＳＳ（力）　対象：敵単体　属性：聖・闇　効果：天使特攻
天使を斬るためにのみ研ぎ澄まされた堕剣","9%当前HP","20","6","","48","混沌的勇者","天尘剑","勇者技","威力：ＳＳＳ（力）　対象：敵単体　属性：聖・闇　効果：天使特攻
专为斩杀天使而磨砺的堕落之剑"
"7051","混沌の勇者","3","能力","721","毎ターンSP30%回復","特殊アビリティ","ターンごとにSPが30%回復する","","","","30","5","混沌的勇者","每回合SP恢复30%","特殊能力","每回合SP恢复30%"
"7051","混沌の勇者","3","能力","7894","最大HP・MP・SP20%アップ","特殊アビリティ","最大HP・MP・SPが20%アップする","","","","10","5","混沌的勇者","最大HP・MP・SP提升20%","特殊能力","最大HP・MP・SP提升20%"
"7051","混沌の勇者","4","技能","2446","アルティメットメサイア","勇者技","威力：４Ｓ（力）　対象：敵全体　属性：永劫
勇者の汚れなき心が生み出す浄化の奔流","0","50","12","","48","混沌的勇者","究极弥赛亚","勇者技","威力：４Ｓ（力）　対象：敵全体　属性：永劫
勇者纯净之心所产生的净化洪流"
"7051","混沌の勇者","4","能力","7150","勇者技防御力無視","職技アビリティ","勇者技で防御力を無視してダメージを与えるが、消費量が1.3倍になる","","","","10","2","混沌的勇者","勇者技防御力无视","职技能力","勇者技で防御力を無視してダメージを与えるが、消費量が1.3倍になる"
"7051","混沌の勇者","5","能力","623","聖ダメージ半減","防御アビリティ","聖属性のダメージを半分にする","","","","20","4","混沌的勇者","圣伤害减半","防御能力","圣属性伤害的减半"
"7051","混沌の勇者","5","能力","627","闇ダメージ半減","防御アビリティ","闇属性のダメージを半分にする","","","","20","4","混沌的勇者","暗伤害减半","防御能力","暗属性的伤害减半"
"7051","混沌の勇者","6","技能","2447","シャドウメサイア","勇者技","威力：４Ｓ（力）　対象：敵全体　属性：終焉
勇者の強き信念が生み出す暗黒の奔流","18%当前HP","0","12","","48","混沌的勇者","暗影弥赛亚","勇者技","威力：４Ｓ（力）　対象：敵全体　属性：終焉
勇者坚定信念所产生的黑暗洪流"
"7051","混沌の勇者","6","能力","6377","勇気を極めた剣","戦技アビリティ","短剣技・剣技・尖剣技・刀技・勇者技でボスに与えるダメージが30%アップ","","","","10","1","混沌的勇者","极致勇气的剑","战技能力","短剑技・剑技・尖剑技・刀技・勇者技对Boss造成的伤害提升30%"
"7051","混沌の勇者","7","能力","7134","勇者技速攻","職技アビリティ","勇者技が速攻で発動するが、消費SPが1.5倍になる","","","","25","2","混沌的勇者","勇者技速攻","职技能力","勇者技が速攻で発動するが、消費SPが1.5倍になる"
"7051","混沌の勇者","8","技能","3111","四精霊同時召喚","特技","威力：４Ｓ（力・速・器・魔）　対象：敵全体　属性：炎・風・土・水　効果：使用者強化
四精霊を同時に召喚する究極奥義","0","130","0","","63","混沌的勇者","四精灵同时召唤","特技","威力：４Ｓ（力・速・器・魔）　対象：敵全体　属性：炎・風・土・水　効果：使用者強化
同时召唤四精灵的究极奥义"
"7051","混沌の勇者","9","能力","751","勝利の雄叫び","特殊アビリティ","戦闘後、HPとMPを全回復","","","","30","5","混沌的勇者","胜利的雄吼","特殊能力","战斗后，HP和MP完全恢复"
"7051","混沌の勇者","10","能力","8432","羞恥の経験","特殊アビリティ","イかされた数が多いほど与えるダメージがアップする","","","","5","5","混沌的勇者","羞耻的经验","特殊能力","被高潮的次数越多，造成的伤害越高"
"7051","混沌の勇者","11","能力","6348","勇者の挑戦","戦技アビリティ","敵単体時、全武技および王技・勇者技の威力が30%アップする
※獅子奮迅・一騎当千系との併用は不可能","","","","10","1","混沌的勇者","勇者的挑战","战技能力","敌人为单体时，所有武技和王技・勇者技的威力提升30%
※无法与狮子奋迅・一骑当千系技能同时使用"
"7051","混沌の勇者","12","技能","2450","烈心天塵剣","勇者技","威力：Ｚ（力）　対象：敵単体　属性：修羅・永劫・終焉　効果：天使特攻
光の勇者と闇の勇者の奥義を同時に放つ最大最後の混沌奥義","12%当前HP","40","10","","48","混沌的勇者","烈心天尘剑","勇者技","威力：Ｚ（力）　対象：敵単体　属性：修羅・永劫・終焉　効果：天使特攻
光之勇者与暗之勇者的奥义同时释放的最大最后混沌奥义"
"7051","混沌の勇者","13","能力","6540","修羅ブースター","戦技アビリティ","修羅属性のダメージが15%アップする","","","","15","1","混沌的勇者","修罗增强","战技能力","修罗属性伤害提升15%"
"7051","混沌の勇者","14","能力","153","物理エクスブースター","戦技アビリティ","物理ダメージが50%アップする","","","","30","1","混沌的勇者","物理极限增强","战技能力","物理伤害提升50%"
"7051","混沌の勇者","14","能力","6523","ボス特攻50%","戦技アビリティ","ボスへのダメージが50%アップする","","","","30","1","混沌的勇者","BOSS特攻50%","战技能力","对BOSS的伤害提升50%"
"7051","混沌の勇者","15","技能","2451","エンジェルダスト","勇者技","威力：Ｚ（力）　対象：敵全体　属性：修羅・永劫・終焉　効果：天使特攻
全ての天使を塵へと還す究極の魔導奔流","0","0","40","","48","混沌的勇者","天使尘埃","勇者技","威力：Ｚ（力）　対象：敵全体　属性：修羅・永劫・終焉　効果：天使特攻
将所有天使化为尘埃的究极魔导奔流"
"7051","混沌の勇者","15","能力","9853","混沌の勇者の証","マスターアビリティ","戦技APの最大値が10上昇し、勇者技ダメージが20%アップ","","","","0","999","混沌的勇者","混沌的勇者的证明","大师能力","战技AP的最大值增加10，勇者技伤害提升20%"
"7052","サイコトリニティ","2","能力","7297","アドバンスドサイコ","魔法アビリティ","サイコに拘束・絶頂効果を付加する","","","","2","3","念动三位一体","高级念动","魔法能力","念动附加拘束・绝顶效果"
"7052","サイコトリニティ","2","技能","9717","サイコインフェルノ","サイコ","威力：ＳＳ（精or器）　対象：敵全体　属性：闇・核熱　効果：バーン
オーラを展開し周囲に灼熱地獄を作り出す念動力奥義","14%当前HP","27","0","","67","念动三位一体","念动业火","念动","威力：ＳＳ（精or器）　対象：敵全体　属性：闇・核熱　効果：バーン
展开气场，在周围创造出灼热地狱的念动力奥义"
"7052","サイコトリニティ","3","能力","276","素早さ40%アップ","職技アビリティ","素早さが40%アップする","","","","10","2","念动三位一体","敏捷提升40%","职技能力","敏捷提升40%"
"7052","サイコトリニティ","3","能力","552","精神力40%アップ","防御アビリティ","精神力が40%アップする","","","","10","4","念动三位一体","精神力提升40%","防御能力","精神力提升40%"
"7052","サイコトリニティ","4","能力","7278","バリアントサイコ","魔法アビリティ","サイコで拘束・スタン状態の敵に特攻が発生する","","","","2","3","念动三位一体","变种念动","魔法能力","念动对处于拘束・眩晕状态的敌人发动特攻"
"7052","サイコトリニティ","4","技能","9716","サイコホーリー","サイコ","威力：ＳＳ（精or器）　対象：敵全体　属性：聖・イオン　効果：ショック
オーラを展開し周囲に聖エネルギーの潮流を作り出す念動力奥義","0","55","0","","67","念动三位一体","念动圣光","念动","威力：ＳＳ（精or器）　対象：敵全体　属性：聖・イオン　効果：ショック
展开气场，在周围创造出圣能量的潮流的念动力奥义"
"7052","サイコトリニティ","5","能力","716","毎ターンMP8%回復","特殊アビリティ","ターンごとにMPが8%回復する","","","","30","5","念动三位一体","每回合MP恢复8%","特殊能力","每回合MP恢复8%"
"7052","サイコトリニティ","6","能力","7927","MPコンバーター","特殊アビリティ","最大MPが1.5倍になるが、最大SPが半分になる","","","","10","5","念动三位一体","MP转换器","特殊能力","最大MPが1.5倍になるが、最大SPが半分になる"
"7052","サイコトリニティ","6","能力","7928","SPコンバーター","特殊アビリティ","最大SPが1.5倍になるが、最大MPが半分になる","","","","10","5","念动三位一体","SP转换器","特殊能力","最大SPが1.5倍になるが、最大MPが半分になる"
"7052","サイコトリニティ","7","能力","7181","淫技魔力半分付加","職技アビリティ","淫技の威力に魔力の半分を付加する","","","","10","2","念动三位一体","淫技附加一半的魔力","职技能力","淫技の威力に魔力の半分を付加する"
"7052","サイコトリニティ","8","能力","7623","サイコ頑強発動","魔法アビリティ","ターン中、状態異常・戦闘不能になってもサイコが発動する
その代わり、消費MPとSPが30%アップする","","","","15","3","念动三位一体","念动顽强发动","魔法能力","回合中，即使陷入异常状态或战斗不能，念动也会发动
作为代价，消耗的MP和SP增加30%"
"7052","サイコトリニティ","9","能力","8237","サイコチェーン","特殊アビリティ","「サイコ」の後に「淫技」を発動できる","","","","10","5","念动三位一体","念动链","特殊能力","「念动」之后可以发动「淫技」"
"7052","サイコトリニティ","10","能力","7609","サイコ魔力半分付加","魔法アビリティ","サイコの威力に魔力の半分を付加する","","","","10","3","念动三位一体","念动附加一半的魔力","魔法能力","サイコの威力に魔力の半分を付加する"
"7052","サイコトリニティ","10","能力","7610","サイコ素早さ半分付加","魔法アビリティ","サイコの威力に素早さの半分を付加する","","","","10","3","念动三位一体","念动附加一半的敏捷","魔法能力","サイコの威力に素早さの半分を付加する"
"7052","サイコトリニティ","11","能力","7567","サイコ速攻","魔法アビリティ","サイコが速攻で発動するが、消費MPが1.5倍になる","","","","25","3","念动三位一体","念动速攻","魔法能力","サイコが速攻で発動するが、消費MPが1.5倍になる"
"7052","サイコトリニティ","12","能力","7722","サイコリフレッシュ","防御アビリティ","快楽状態異常の仲間がいると、ターン終了時に吸収し自己強化する","","","","15","4","念动三位一体","念动刷新","防御能力","有快乐状态异常的同伴时，回合结束时吸收并自我强化"
"7052","サイコトリニティ","13","能力","7379","無属性エクスブースター","魔法アビリティ","無属性のダメージが50%アップする","","","","24","3","念动三位一体","无属性极限增强","魔法能力","无属性伤害提升50%"
"7052","サイコトリニティ","14","能力","7536","サイコエクスブースター","魔法アビリティ","「サイコ」によるダメージが50%アップする","","","","30","3","念动三位一体","念动极限增强","魔法能力","「念动」造成的伤害提升50%"
"7052","サイコトリニティ","15","技能","9722","サイコリバレート","サイコ","威力：４Ｓ（精or器）　対象：敵単体　属性：ナイトメア　効果：絶頂
オーラで包み込み悪夢の快楽を味わわせる念動力奥義","0","80","0","","67","念动三位一体","念动解放","念动","威力：４Ｓ（精or器）　対象：敵単体　属性：ナイトメア　効果：絶頂
用气场包裹，让敌人体验恶梦般的快乐，念动力奥义"
"7052","サイコトリニティ","15","能力","9854","サイコトリニティの証","マスターアビリティ","魔法APの最大値が10上昇し、サイコダメージが20%アップ","","","","0","999","念动三位一体","念动三位一体的证明","大师能力","魔法AP的最大值增加10，念动伤害提升20%"
"7053","ラストノーブル","2","技能","9031","エクスィス","尖剣技","威力：ＳＳＳ（力・速）　対象：敵ランダム6回
華麗に連続剣閃を繰り出す尖剣の秘奥義","0","0","18","","8","最后的贵族","存在之刃","尖剑技","威力：ＳＳＳ（力・速）　対象：敵ランダム6回
华丽地连续施展剑闪的尖剑秘奥义"
"7053","ラストノーブル","3","能力","276","素早さ40%アップ","職技アビリティ","素早さが40%アップする","","","","10","2","最后的贵族","敏捷提升40%","职技能力","敏捷提升40%"
"7053","ラストノーブル","4","能力","271","SP40%アップ","職技アビリティ","最大SPが40%アップする","","","","10","2","最后的贵族","SP提升40%","职技能力","最大SP提升40%"
"7053","ラストノーブル","5","能力","6355","クリティカルレイピア","戦技アビリティ","尖剣技でバーン状態の敵への特攻ダメージが大幅アップ","","","","2","1","最后的贵族","致命细剑","战技能力","尖剑技对处于燃烧状态的敌人特攻伤害大幅提升"
"7053","ラストノーブル","6","能力","6705","尖剣技連撃回数3アップ","戦技アビリティ","連撃尖剣スキルのヒット数が3アップ","","","","10","1","最后的贵族","尖剑技连击次数增加3","战技能力","连击尖剑技能的命中次数增加3"
"7053","ラストノーブル","7","能力","6423","チェイン・グランテ","戦技アビリティ","尖剣技使用後、トライ・グランテが発動する","","","","18","1","最后的贵族","链・格兰特","战技能力","使用尖剑技后，触发三重恩典"
"7053","ラストノーブル","8","能力","7686","物理反射50%","防御アビリティ","物理攻撃を50%の確率で反射する","","","","20","4","最后的贵族","物理反射50%","防御能力","物理攻击50%的概率反射"
"7053","ラストノーブル","9","能力","6880","先々の先","職技アビリティ","ターン中、最初に行動する場合のみスキルが二連続で発動","","","","10","2","最后的贵族","先发制人II","职技能力","回合中，先行动时技能连续发动两次"
"7053","ラストノーブル","10","能力","6379","高貴なる決闘","戦技アビリティ","尖剣技で妖魔に特攻ダメージを与える","","","","2","1","最后的贵族","高贵的决斗","战技能力","尖剑技对妖魔造成特攻伤害"
"7053","ラストノーブル","11","能力","6684","尖剣技防御力無視","戦技アビリティ","尖剣技で防御力を無視してダメージを与えるが、消費量が1.3倍になる","","","","10","1","最后的贵族","尖剑技无视防御力","战技能力","尖剣技で防御力を無視してダメージを与えるが、消費量が1.3倍になる"
"7053","ラストノーブル","12","能力","7698","反射ハイブースター","防御アビリティ","反射ダメージが3段階アップする","","","","10","4","最后的贵族","反射高级增强","防御能力","反射伤害提升3级"
"7053","ラストノーブル","13","能力","6667","尖剣技速攻","戦技アビリティ","尖剣技が速攻で発動するが、消費SPが1.5倍になる","","","","25","1","最后的贵族","尖剑技速攻","战技能力","尖剣技が速攻で発動するが、消費SPが1.5倍になる"
"7053","ラストノーブル","14","能力","168","尖剣エクスブースター","戦技アビリティ","尖剣装備時、その武器によるダメージが50%アップする","","","","30","1","最后的贵族","尖剑极限增强","战技能力","装备尖剑时，该武器造成的伤害提升50%"
"7053","ラストノーブル","14","技能","9032","ギャラクシア","尖剣技","威力：４Ｓ（力・速）　対象：敵単体5回　属性：銀河
銀河の力を凝縮し連続突きを繰り出す尖剣奥義","0","0","22","","8","最后的贵族","银河剑舞","尖剑技","威力：４Ｓ（力・速）　対象：敵単体5回　属性：銀河
凝聚银河之力施展连续突刺的尖剑奥义"
"7053","ラストノーブル","15","能力","8447","尖剣ハイマスタリー","特殊アビリティ","尖剣の装備効果が格段に上昇する","","","","15","5","最后的贵族","尖剑高级精通","特殊能力","尖剑的装备效果显著提升"
"7053","ラストノーブル","15","能力","9855","ラストノーブルの証","マスターアビリティ","戦技APの最大値が10上昇し、尖剣技ダメージが20%アップ","","","","0","999","最后的贵族","最后的贵族的证明","大师能力","战技AP的最大值增加10，尖剑技伤害提升20%"
"7054","禁忌妖術師","2","能力","271","SP40%アップ","職技アビリティ","最大SPが40%アップする","","","","10","2","禁忌妖术师","SP提升40%","职技能力","最大SP提升40%"
"7054","禁忌妖術師","2","能力","449","MP40%アップ","魔法アビリティ","最大MPが40%アップする","","","","10","3","禁忌妖术师","MP提升40%","魔法能力","最大MP提升40%"
"7054","禁忌妖術師","3","能力","8142","特技防御力無視","特殊アビリティ","特技で防御力を無視してダメージを与えるが、消費量が1.3倍になる","","","","10","5","禁忌妖术师","特技防御力无视","特殊能力","特技で防御力を無視してダメージを与えるが、消費量が1.3倍になる"
"7054","禁忌妖術師","3","能力","8144","妖術防御力無視","特殊アビリティ","妖術で防御力を無視してダメージを与えるが、消費量が1.3倍になる","","","","10","5","禁忌妖术师","妖术防御力无视","特殊能力","妖術で防御力を無視してダメージを与えるが、消費量が1.3倍になる"
"7054","禁忌妖術師","4","能力","8155","妖術連撃回数2アップ","特殊アビリティ","妖術連撃スキルのヒット数が2アップ","","","","10","5","禁忌妖术师","妖术连击次数增加2","特殊能力","妖术连击技能的命中次数增加2次"
"7054","禁忌妖術師","5","能力","7952","孤勢の陣","特殊アビリティ","敵単体時、全魔物技の威力が15%アップする","","","","5","5","禁忌妖术师","孤势之阵","特殊能力","敌人为单体时，所有魔物技的威力提升15%"
"7054","禁忌妖術師","6","能力","7955","多勢の陣","特殊アビリティ","敵複数時、全魔物技の威力が15%アップする","","","","5","5","禁忌妖术师","多势之阵","特殊能力","敌人为复数时，所有魔物技的威力提升15%"
"7054","禁忌妖術師","7","能力","8186","妖術精神力半分付加","特殊アビリティ","妖術の威力に精神力の半分を付加する","","","","10","5","禁忌妖术师","妖术附加一半的精神力","特殊能力","妖術の威力に精神力の半分を付加する"
"7054","禁忌妖術師","7","能力","8187","特技精神力半分付加","特殊アビリティ","特技の威力に精神力の半分を付加する","","","","10","5","禁忌妖术师","特技附加一半的精神力","特殊能力","特技の威力に精神力の半分を付加する"
"7054","禁忌妖術師","8","能力","8236","妖術師チェーン","特殊アビリティ","「特技」の後に「妖術」を発動できる","","","","10","5","禁忌妖术师","妖术师链","特殊能力","「特技」之后可以发动「妖术」"
"7054","禁忌妖術師","9","技能","9796","魔封じの陣","特技","対象：使用者　効果：無効化反撃
2ターンの間、敵の魔技を無効化し反撃する","0","0","4","","63","禁忌妖术师","魔封之阵","特技","対象：使用者　効果：無効化反撃
2回合内，使敌人的魔技无效化并反击"
"7054","禁忌妖術師","10","能力","8124","特技速攻","特殊アビリティ","特技が速攻で発動するが、消費MP・SPが1.5倍になる","","","","25","5","禁忌妖术师","特技速攻","特殊能力","特技が速攻で発動するが、消費MP・SPが1.5倍になる"
"7054","禁忌妖術師","11","能力","8126","妖術速攻","特殊アビリティ","妖術が速攻で発動するが、消費MP・SPが1.5倍になる","","","","25","5","禁忌妖术师","妖术速攻","特殊能力","妖術が速攻で発動するが、消費MP・SPが1.5倍になる"
"7054","禁忌妖術師","12","能力","7945","魔物技SPバースト","特殊アビリティ","SPの残量が多いほど魔物技の威力がアップする","","","","5","5","禁忌妖术师","魔物技SP爆发","特殊能力","SP剩余越多，魔物技的威力越大"
"7054","禁忌妖術師","13","能力","8096","特技エクスブースター","特殊アビリティ","「特技」によるダメージが50%アップする","","","","30","5","禁忌妖术师","特技极限增强","特殊能力","「特技」造成的伤害提升50%"
"7054","禁忌妖術師","14","能力","8089","妖術エクスブースター","特殊アビリティ","「妖術」によるダメージが50%アップする","","","","30","5","禁忌妖术师","妖术极限增强","特殊能力","「妖术」造成的伤害提升50%"
"7054","禁忌妖術師","15","能力","8384","特技二連続発動","特殊アビリティ","特技が二回連続で発動、消費量が1.5倍になる","","","","15","5","禁忌妖术师","特技二連続発動","特殊能力","特技が二回連続で発動、消費量が1.5倍になる"
"7054","禁忌妖術師","15","能力","9856","禁忌妖術師の証","マスターアビリティ","特殊APの最大値が10上昇し、妖術ダメージが20%アップ","","","","0","999","禁忌妖术师","禁忌妖术师的证明","大师能力","特殊AP的最大值增加10，妖术伤害提升20%"
"7055","シールドヒーロー","2","能力","7726","シールドバッシュPMG","防御アビリティ","20%の確率で物理・魔法攻撃を無効化して反撃する","","","","16","4","盾牌英雄","盾击PMG","防御能力","20%的概率使物理・魔法攻击无效并反击"
"7055","シールドヒーロー","3","能力","547","防御力40%アップ","防御アビリティ","防御力が40%アップする","","","","10","4","盾牌英雄","防御力提升40%","防御能力","防御力提升40%"
"7055","シールドヒーロー","3","能力","552","精神力40%アップ","防御アビリティ","精神力が40%アップする","","","","10","4","盾牌英雄","精神力提升40%","防御能力","精神力提升40%"
"7055","シールドヒーロー","4","技能","9124","シールドエクスヒール","投擲技","対象：味方全体　効果：HP全回復・ディフレクト2回
（両手盾のみ）シールドを掲げ奇跡のオーラで満たす回復技","0","0","30","","16","盾牌英雄","盾之极致治愈","投掷技","対象：味方全体　効果：HP全回復・ディフレクト2回
（仅限双手盾）举起盾牌，用奇迹光环充满的恢复技能"
"7055","シールドヒーロー","5","能力","6786","投擲技防御力半分付加","戦技アビリティ","投擲技の威力に防御力の半分を付加する","","","","10","1","盾牌英雄","投掷技附加一半的防御力","战技能力","投擲技の威力に防御力の半分を付加する"
"7055","シールドヒーロー","6","能力","6787","投擲技精神力半分付加","戦技アビリティ","投擲技の威力に精神力の半分を付加する","","","","10","1","盾牌英雄","投掷技附加一半的精神力","战技能力","投擲技の威力に精神力の半分を付加する"
"7055","シールドヒーロー","7","能力","7729","ファーストアッセンブル","防御アビリティ","戦闘開始時にシールドアッセンブルをランダム発動する","","","","20","4","盾牌英雄","初次集结","防御能力","战斗开始时随机发动盾牌集结"
"7055","シールドヒーロー","8","技能","9133","ヘビィカウンター","投擲技","対象：使用者　効果：無効化反撃
2ターンの間、敵の斧技・棍技・鉄球技を無効化し反撃する","0","0","4","","16","盾牌英雄","重反击","投掷技","対象：使用者　効果：無効化反撃
2回合内，无效化敌人的斧技・棍技・铁球技并反击"
"7055","シールドヒーロー","9","能力","7727","シールドバッシュ強化","防御アビリティ","シールドバッシュの威力を強化する","","","","4","4","盾牌英雄","盾击强化","防御能力","强化盾击的威力"
"7055","シールドヒーロー","10","能力","7924","ダブルシールド強化","特殊アビリティ","ダブルシールド時の防御力アップ効果が強化される","","","","10","5","盾牌英雄","双盾强化","特殊能力","双盾时的防御力提升效果得到强化"
"7055","シールドヒーロー","11","技能","9129","アダマンガード","投擲技","対象：味方全体　効果：万能半減
（両手盾のみ）強固なオーラで味方全体を万能攻撃から守る防御技","0","180","30","","16","盾牌英雄","坚石守护","投掷技","対象：味方全体　効果：万能半減
（仅限双手盾）用坚固的气场保护全体队友免受万能攻击的防御技能"
"7055","シールドヒーロー","12","能力","8356","無効化反撃1ターン延長","特殊アビリティ","無効化反撃スキルの持続ターンが1ターン延長される","","","","10","5","盾牌英雄","无效反击1回合延长","特殊能力","无效反击技能的持续回合延长1回合"
"7055","シールドヒーロー","13","能力","7730","シールドガード自動発動","防御アビリティ","ターン開始時にシールドガードをランダム発動する","","","","15","4","盾牌英雄","盾防御自动发动","防御能力","回合开始时随机发动盾防御"
"7055","シールドヒーロー","14","能力","7744","ボスからのダメージ軽減15%","防御アビリティ","ボスから受けるダメージを15%軽減する","","","","15","4","盾牌英雄","减少15%来自BOSS的伤害","防御能力","减轻15%来自BOSS的伤害"
"7055","シールドヒーロー","14","技能","9121","シールドレガシー","投擲技","威力：ＳＳ（防）　対象：敵全体
シールドを投擲し敵全体を一掃する盾奥義","0","0","17","","16","盾牌英雄","盾之遗产","投掷技","威力：ＳＳ（防）　対象：敵全体
投掷盾牌一扫全体敌人的盾奥义"
"7055","シールドヒーロー","15","能力","8509","盾ハイマスタリー","特殊アビリティ","盾の装備効果が格段に上昇する","","","","15","5","盾牌英雄","盾高级精通","特殊能力","盾的装备效果显著提升"
"7055","シールドヒーロー","15","能力","9857","シールドヒーローの証","マスターアビリティ","防御APの最大値が20上昇し、投擲技ダメージが20%アップ","","","","0","999","盾牌英雄","盾牌英雄的证明","大师能力","防御AP的最大值提升20，投掷技伤害增加20%"
"7056","超魔生物","2","技能","2685","死舞爪","獣技","威力：ＳＳＳ（力・速）　対象：敵ランダム4回　属性：修羅
舞うような引っ掻きを乱舞させる究極奥義","0","0","18","","53","超魔生物","死舞爪","獣技","威力：ＳＳＳ（力・速）　対象：敵ランダム4回　属性：修羅
以舞动的抓挠乱舞的究极奥义"
"7056","超魔生物","3","能力","65","HP50%アップ","戦技アビリティ","最大HPが50%アップする","","","","15","1","超魔生物","HP提升50%","战技能力","最大HP提升50%"
"7056","超魔生物","3","能力","70","攻撃力50%アップ","戦技アビリティ","攻撃力が50%アップする","","","","15","1","超魔生物","攻击力提升50%","战技能力","攻击力提升50%"
"7056","超魔生物","3","能力","272","SP50%アップ","職技アビリティ","最大SPが50%アップする","","","","15","2","超魔生物","SP提升50%","职技能力","最大SP提升50%"
"7056","超魔生物","4","技能","9579","百魔乱舞","獣技","威力：ＳＳＳ（力）　対象：敵ランダム6回
超スピードで疾走し敵を蹂躙する究極の乱撃","0","0","18","","53","超魔生物","百魔乱舞","獣技","威力：ＳＳＳ（力）　対象：敵ランダム6回
以超速度疾驰，践踏敌人的究极乱击"
"7056","超魔生物","5","能力","651","拘束回避","防御アビリティ","拘束攻撃を50%の確率で無効化する","","","","10","4","超魔生物","拘束回避","防御能力","拘束攻击50%的概率无效化"
"7056","超魔生物","6","能力","9976","魔物技精神力付加","特殊アビリティ","全魔物スキルの威力に精神力を付加する","","","","15","5","超魔生物","魔物技精神力附加","特殊能力","全魔物スキルの威力に精神力を付加する"
"7056","超魔生物","7","能力","9992","捕食無効","防御アビリティ","捕食を完全に無効化する","","","","4","4","超魔生物","捕食无效","防御能力","完全无效化捕食"
"7056","超魔生物","8","能力","9993","貪欲の極み","特殊アビリティ","捕食技を全体化する","","","","5","5","超魔生物","贪婪之极","特殊能力","捕食技全体化"
"7056","超魔生物","9","能力","8110","全魔物スキル使用可能","特殊アビリティ","全魔物スキルが使用可能になる","","","","20","5","超魔生物","全魔物技能可用","特殊能力","全魔物技能变为可用"
"7056","超魔生物","10","能力","9983","魔物技ダブルチェーン","特殊アビリティ","任意の魔物技を二連続でチェーン発動できる","","","","10","5","超魔生物","魔物技双重链","特殊能力","可以连续两次发动任意魔物技"
"7056","超魔生物","11","能力","152","物理ハイブースター","戦技アビリティ","物理ダメージが30%アップする","","","","20","1","超魔生物","物理高级增强","战技能力","物理伤害提升30%"
"7056","超魔生物","11","能力","183","牙エクスブースター","戦技アビリティ","牙装備時、その武器によるダメージが50%アップする","","","","30","1","超魔生物","牙极限增强","战技能力","装备牙时，该武器造成的伤害提升50%"
"7056","超魔生物","12","能力","6540","修羅ブースター","戦技アビリティ","修羅属性のダメージが15%アップする","","","","15","1","超魔生物","修罗增强","战技能力","修罗属性伤害提升15%"
"7056","超魔生物","13","能力","9987","魔物技エクスブースター","特殊アビリティ","全魔物技によるダメージが50%アップする","","","","45","5","超魔生物","魔物技极限增强","特殊能力","所有魔物技造成的伤害提升50%"
"7056","超魔生物","14","能力","8457","牙ハイマスタリー","特殊アビリティ","牙の装備効果が格段に上昇する","","","","15","5","超魔生物","牙高级精通","特殊能力","獠牙的装备效果大幅提升"
"7056","超魔生物","15","能力","9998","超魔生物の証","マスターアビリティ","特殊APの最大値が10上昇し、全魔物技ダメージが20%アップ","","","","0","999","超魔生物","超魔生物的证明","大师能力","特殊AP最大值增加10，全魔物技伤害提升20%"
"7057","剣ヲ極メシ者","2","技能","9014","メギドカブラ","剣技","威力：Ｚ（力）　対象：敵全体　属性：修羅・核熱・イオン　効果：バーン・ショック
灼熱の炎と轟雷を伴い一閃する魔法剣の究極奥義","0","90","20","","7","剑之极致者","终极一闪","剑技","威力：Ｚ（力）　対象：敵全体　属性：修羅・核熱・イオン　効果：バーン・ショック
伴随着灼热的火焰和轰雷，一闪而过的魔法剑究极奥义"
"7057","剣ヲ極メシ者","3","能力","6306","攻撃力75%アップ","戦技アビリティ","攻撃力が75%アップする","","","","20","1","剑之极致者","攻击力提升75%","战技能力","攻击力提升75%"
"7057","剣ヲ極メシ者","4","能力","6417","修羅の刃","戦技アビリティ","短剣技・剣技・尖剣技・刀技に修羅属性を付加する","","","","5","1","剑之极致者","修罗之刃","战技能力","短剑技・剑技・尖剑技・刀技附加修罗属性"
"7057","剣ヲ極メシ者","5","能力","6702","剣技連撃回数3アップ","戦技アビリティ","剣技連撃スキルのヒット数が3アップ","","","","20","1","剑之极致者","剑技连击次数增加3","战技能力","剑技连击技能的命中次数增加3"
"7057","剣ヲ極メシ者","6","能力","6425","常時肉斬骨断","戦技アビリティ","攻撃力と器用さが1.5倍になる
防御力と精神力が大幅ダウンし、被ダメージが1.5倍になる","","","","5","1","剑之极致者","常时肉斩骨断","战技能力","攻撃力と器用さが1.5倍になる
防御力と精神力が大幅ダウンし、被ダメージが1.5倍になる"
"7057","剣ヲ極メシ者","7","技能","9045","神祖烈星斬","刀技","威力：Ｚ（力・器）　対象：敵全体　属性：修羅・終焉・銀河
流星のような斬撃を無数に繰り出す混沌奥義","0","0","40","","9","剑之极致者","神祖烈星斩","刀技","威力：Ｚ（力・器）　対象：敵全体　属性：修羅・終焉・銀河
如同流星般的斩击无数次施展的混沌奥义"
"7057","剣ヲ極メシ者","8","能力","8338","オート断罪者への天誅","特殊アビリティ","戦闘開始から2ターンの間、敵の鎌技・鞭技を無効化反撃","","","","15","5","剑之极致者","自动断罪者天罚","特殊能力","战斗开始后的2回合内，敌人的镰技・鞭技无效并反击"
"7057","剣ヲ極メシ者","8","能力","8340","オート魔導スラッシャー","特殊アビリティ","戦闘開始から2ターンの間、敵の白魔法・黒魔法・時魔法・召喚を無効化反撃","","","","15","5","剑之极致者","自动魔导斩杀者","特殊能力","战斗开始后的2回合内，敌人的白魔法・黑魔法・时魔法・召唤术技无效并反击"
"7057","剣ヲ極メシ者","9","能力","6377","勇気を極めた剣","戦技アビリティ","短剣技・剣技・尖剣技・刀技・勇者技でボスに与えるダメージが30%アップ","","","","10","1","剑之极致者","极致勇气的剑","战技能力","短剑技・剑技・尖剑技・刀技・勇者技对Boss造成的伤害提升30%"
"7057","剣ヲ極メシ者","10","技能","9772","最終奥義","特技","対象：使用者　効果：攻撃力・会心率・会心ダメージアップ
精神を一心に集中し、次のターンに最終奥義を繰り出す","0","0","10","","63","剑之极致者","最终奥义","特技","対象：使用者　効果：攻撃力・会心率・会心ダメージアップ
精神集中于一心，下一回合施展最终奥义"
"7057","剣ヲ極メシ者","11","能力","7916","一刀の極み","特殊アビリティ","武器を一本だけ装備している際、付加能力を含む装備効果が大幅にアップする
攻撃力と防御力が少しだけ上昇","","","","15","5","剑之极致者","一刀的极致","特殊能力","仅装备一把武器时，包括附加能力的装备效果大幅提升
攻击力和防御力略有提升"
"7057","剣ヲ極メシ者","12","能力","285","SP消費1/4","職技アビリティ","スキル使用時のSP消費が1/4になる","","","","30","2","剑之极致者","SP消費1/4","职技能力","スキル使用時のSP消費が1/4になる"
"7057","剣ヲ極メシ者","13","能力","8242","三星剣","特殊アビリティ","「短剣技or尖剣技」「刀技」「剣技」の順番で発動できる","","","","20","5","剑之极致者","三星剑","特殊能力","「短剑技or尖剑技」「刀技」「剑技」的顺序可以发动"
"7057","剣ヲ極メシ者","14","技能","9046","終ノ閃","刀技","威力：ＺＺ（力・器）　対象：敵単体　属性：修羅・量子・終焉　効果：即死
万物を終局に導くという刀技の究極混沌奥義","0","0","40","","9","剑之极致者","终之闪","刀技","威力：ＺＺ（力・器）　対象：敵単体　属性：修羅・量子・終焉　効果：即死
引导万物走向终结的刀技究极混沌奥义"
"7057","剣ヲ極メシ者","15","能力","6551","剣オーバーブースター","戦技アビリティ","剣を用いたダメージと消費MP・SPが2倍になる
※同系統のブースターと同時セット可能","","","","3","1","剑之极致者","剑超增强","战技能力","使用剑造成的伤害和消耗的MP・SP变为两倍
※可与同系列增强同时装备"
"7057","剣ヲ極メシ者","15","能力","6554","刀オーバーブースター","戦技アビリティ","刀を用いたダメージと消費MP・SPが2倍になる
※同系統のブースターと同時セット可能","","","","3","1","剑之极致者","刀超增强","战技能力","使用刀造成的伤害和消耗的MP・SP变为两倍
※可与同系列增强同时装备"
"7057","剣ヲ極メシ者","16","技能","9016","乱れ雪月花","剣技","威力：ＺＺ（力）　対象：敵単体3回　属性：修羅・量子・ハドロン・ナノ
剣の奥義の中でも頂点の三技を連続で繰り出す究極奥義","0","0","40","","7","剑之极致者","纷乱雪月花","剑技","威力：ＺＺ（力）　対象：敵単体3回　属性：修羅・量子・ハドロン・ナノ
剑之奥义中的顶点三技连续施展的究极奥义"
"7057","剣ヲ極メシ者","17","能力","6541","修羅ハイブースター","戦技アビリティ","修羅属性のダメージが30%アップする","","","","30","1","剑之极致者","修罗高级增强","战技能力","修罗属性伤害提升30%"
"7057","剣ヲ極メシ者","18","能力","9958","力のオーバーロード","戦技アビリティ","攻撃力が75%アップするが、消費MPおよびSPが2倍になる","","","","3","1","剑之极致者","力量超负荷","战技能力","攻击力提升75%，但消耗MP和SP变为两倍"
"7057","剣ヲ極メシ者","19","能力","9939","斬武器マスタリーΩ","特殊アビリティ","剣・騎士剣・巨剣・魔導剣・刀の装備効果が極限まで上昇する","","","","25","5","剑之极致者","斩武器精通Ω","特殊能力","剑・骑士剑・巨剑・魔导剑・刀的装备效果提升至极限"
"7057","剣ヲ極メシ者","20","能力","9858","剣ヲ極メシ者の証","マスターアビリティ","戦技APの最大値が20上昇し、攻撃力と防御力が20%アップ
剣技・刀技のダメージが50%アップ","","","","0","999","剑之极致者","剑之极致者的证明","大师能力","战技AP的最大值增加20，攻击力和防御力提升20%
剑技・刀技的伤害提升50%"
"7058","全テヲ穿ツ者","2","技能","9055","聖魔六乱撃","槍技","威力：Ｚ（力・速）　対象：敵ランダム6回　属性：永劫・終焉
聖と闇の相反する力で乱撃を繰り出す槍奥義","12%当前HP","40","10","","10","贯穿一切者","圣魔六乱击","枪技","威力：Ｚ（力・速）　対象：敵ランダム6回　属性：永劫・終焉
以圣与暗相斥之力施展乱击的枪技奥义"
"7058","全テヲ穿ツ者","3","能力","6863","素早さ75%アップ","職技アビリティ","素早さが75%アップする","","","","20","2","贯穿一切者","敏捷提升75%","职技能力","敏捷提升75%"
"7058","全テヲ穿ツ者","4","能力","7699","反射エクスブースター","防御アビリティ","反射ダメージが4段階アップする","","","","15","4","贯穿一切者","反射极限增强","防御能力","反射伤害提升4级"
"7058","全テヲ穿ツ者","5","技能","9034","ギャラクシア・エクス","尖剣技","威力：ＺＺ（力・速）　対象：敵単体6回　属性：修羅・銀河
銀河の力を一瞬で敵に何度も叩き込む究極の奥義","0","0","40","","8","贯穿一切者","银河剑舞・极","尖剑技","威力：ＺＺ（力・速）　対象：敵単体6回　属性：修羅・銀河
瞬间将银河之力多次击打敌人的究极奥义"
"7058","全テヲ穿ツ者","6","能力","6766","尖剣技器用さ半分付加","戦技アビリティ","尖剣技の威力に器用さの半分を付加する","","","","10","1","贯穿一切者","尖剑技附加一半的灵巧","战技能力","尖剣技の威力に器用さの半分を付加する"
"7058","全テヲ穿ツ者","6","能力","6773","槍技器用さ半分付加","戦技アビリティ","槍技の威力に器用さの半分を付加する","","","","10","1","贯穿一切者","枪技附加一半的灵巧","战技能力","槍技の威力に器用さの半分を付加する"
"7058","全テヲ穿ツ者","7","能力","6339","ヒートアップコンボ","戦技アビリティ","連撃スキル（攻撃判定が複数）の威力がアップする","","","","10","1","贯穿一切者","热力连击","战技能力","连击技能（攻击判定多次）的威力提升"
"7058","全テヲ穿ツ者","8","能力","8212","竜騎士チェーン","特殊アビリティ","「尖剣技」の後に「槍技」を発動できる","","","","10","5","贯穿一切者","龙骑士连锁","特殊能力","「尖剑技」之后可以发动「枪技」"
"7058","全テヲ穿ツ者","9","能力","6415","神槍","戦技アビリティ","槍技に聖属性およびゾンビ・ゴースト特攻効果を付加する","","","","5","1","贯穿一切者","神枪","战技能力","枪技附加圣属性及对僵尸・幽灵特攻效果"
"7058","全テヲ穿ツ者","9","能力","6416","邪剣","戦技アビリティ","短剣技・剣技・尖剣技・刀技に闇属性および天使特攻効果を付加する","","","","5","1","贯穿一切者","邪剑","战技能力","短剑技・剑技・尖剑技・刀技附加暗属性及对天使特攻效果"
"7058","全テヲ穿ツ者","10","能力","10010","灰燼の武技","戦技アビリティ","全武技でバーン状態の敵に特攻が発生する","","","","5","1","贯穿一切者","灰烬武技","战技能力","所有武技对处于燃烧状态的敌人发动特攻"
"7058","全テヲ穿ツ者","10","能力","10011","驚速の武技","戦技アビリティ","全武技で素早さ低下・スロウ・ストップ状態の敵に特攻が発生する","","","","5","1","贯穿一切者","惊速武技","战技能力","所有武技对处于敏捷降低・减速・停止状态的敌人发动特攻"
"7058","全テヲ穿ツ者","11","能力","6853","闇を貫く槍","戦技アビリティ","槍技で聖痕状態の敵に特攻が発生する","","","","2","1","贯穿一切者","贯穿黑暗的枪","战技能力","枪技对处于圣痕状态的敌人发动特攻"
"7058","全テヲ穿ツ者","11","能力","6854","光を貫く槍","戦技アビリティ","槍技で闇穢状態の敵に特攻が発生する","","","","2","1","贯穿一切者","贯穿光之枪","战技能力","枪技对处于暗秽状态的敌人发动特攻"
"7058","全テヲ穿ツ者","12","技能","9035","アルテマエンデ","尖剣技","威力：ＺＺ（力・速）　対象：敵ランダム8回　属性：修羅・銀河
目にも止まらない動作で敵に何百発もの突きを叩き込む尖剣の究極奥義","0","0","40","","8","贯穿一切者","究极终末","尖剑技","威力：ＺＺ（力・速）　対象：敵ランダム8回　属性：修羅・銀河
以目不暇接的动作向敌人施展数百次突刺的尖剑究极奥义"
"7058","全テヲ穿ツ者","13","技能","1003","オブリージュ・フィーネ","尖剣技","対象：使用者　効果：武技三連続発動・SP自動回復
3ターンの間武技が三連続発動、それ以外のスキルは使用不能","0","0","25","","8","贯穿一切者","义务的终结","尖剑技","対象：使用者　効果：武技三連続発動・SP自動回復
3回合内武技三连发，其他技能无法使用"
"7058","全テヲ穿ツ者","13","能力","8335","オート制空","特殊アビリティ","戦闘開始から2ターンの間、敵の槍技・翼技を無効化反撃","","","","15","5","贯穿一切者","自动制空","特殊能力","战斗开始后的2回合内，敌人的枪技・翼技无效并反击"
"7058","全テヲ穿ツ者","14","能力","6706","尖剣技連撃回数4アップ","戦技アビリティ","尖剣技連撃スキルのヒット数が4アップ","","","","20","1","贯穿一切者","尖剑技连击次数增加4","战技能力","尖剑技连击技能的命中次数增加4"
"7058","全テヲ穿ツ者","14","能力","6710","槍技連撃回数3アップ","戦技アビリティ","槍技連撃スキルのヒット数が3アップ","","","","20","1","贯穿一切者","枪技连击次数增加3","战技能力","枪技连击技能的命中次数增加3"
"7058","全テヲ穿ツ者","15","能力","6663","物理耐性貫通","戦技アビリティ","物理属性攻撃が敵の耐性を貫通する","","","","15","1","贯穿一切者","物理耐性贯通","战技能力","物理属性攻击穿透敌人的耐性"
"7058","全テヲ穿ツ者","16","能力","6552","尖剣オーバーブースター","戦技アビリティ","尖剣を用いたダメージと消費MP・SPが2倍になる
※同系統のブースターと同時セット可能","","","","3","1","贯穿一切者","尖剑超增强","战技能力","使用尖剑造成的伤害和消耗的MP・SP变为两倍
※可与同系列增强同时装备"
"7058","全テヲ穿ツ者","16","能力","6553","槍オーバーブースター","戦技アビリティ","槍を用いたダメージと消費MP・SPが2倍になる
※同系統のブースターと同時セット可能","","","","3","1","贯穿一切者","枪超增强","战技能力","使用枪造成的伤害和消耗的MP・SP变为两倍
※可与同系列增强同时装备"
"7058","全テヲ穿ツ者","17","技能","9056","スターバーストノヴァ","槍技","威力：Ｚ（力・速）　対象：敵全体　属性：銀河
銀河規模の破壊をもたらすという究極の槍奥義","0","0","40","","10","贯穿一切者","星爆新星","枪技","威力：Ｚ（力・速）　対象：敵全体　属性：銀河
带来银河规模破坏的究极枪技"
"7058","全テヲ穿ツ者","18","能力","9958","力のオーバーロード","戦技アビリティ","攻撃力が75%アップするが、消費MPおよびSPが2倍になる","","","","3","1","贯穿一切者","力量超负荷","战技能力","攻击力提升75%，但消耗MP和SP变为两倍"
"7058","全テヲ穿ツ者","18","能力","9962","素早さのオーバーロード","職技アビリティ","素早さが75%アップするが、消費MPおよびSPが2倍になる","","","","3","2","贯穿一切者","敏捷超负荷","职技能力","敏捷提升75%，但消耗MP和SP变为两倍"
"7058","全テヲ穿ツ者","19","能力","9940","突武器マスタリーΩ","特殊アビリティ","尖剣・槍・重槍の装備効果が極限まで上昇する","","","","25","5","贯穿一切者","突武器精通Ω","特殊能力","尖剑・枪・重枪的装备效果提升至极限"
"7058","全テヲ穿ツ者","20","能力","9859","全テヲ穿ツ者の証","マスターアビリティ","特殊APの最大値が20上昇し、攻撃力と素早さが20%アップ
尖剣技・槍技のダメージが50%アップ","","","","0","999","贯穿一切者","贯穿一切者的证明","大师能力","特殊AP的最大值增加20，攻击力和敏捷提升20%
尖剑技・枪技的伤害提升50%"
"7059","全テヲ壊ス者","2","技能","9072","コスモクライシス","棍技","威力：Ｚ（力）　対象：敵全体　属性：修羅・テラ・銀河　効果：スタン
隕石の如く繰り出される棍の究極最終奥義","0","0","40","","12","破坏一切者","宇宙危机","棍技","威力：Ｚ（力）　対象：敵全体　属性：修羅・テラ・銀河　効果：スタン
如陨石般挥出的棍棒究极奥义"
"7059","全テヲ壊ス者","3","能力","6306","攻撃力75%アップ","戦技アビリティ","攻撃力が75%アップする","","","","20","1","破坏一切者","攻击力提升75%","战技能力","攻击力提升75%"
"7059","全テヲ壊ス者","3","能力","6427","オーバーウェイト","戦技アビリティ","武技の威力が極限までアップするが、行動順が最遅になる","","","","10","1","破坏一切者","超重","战技能力","武技威力提升至极限，但行动顺序变为最慢"
"7059","全テヲ壊ス者","4","能力","6435","大戦の火蓋","戦技アビリティ","ターン開始時、頻繁に力溜めを発動する","","","","25","1","破坏一切者","大战揭幕","战技能力","回合开始时，频繁发动蓄力"
"7059","全テヲ壊ス者","5","能力","6774","斧技防御力半分付加","戦技アビリティ","斧技の威力に防御力の半分を付加する","","","","10","1","破坏一切者","斧技附加一半的防御力","战技能力","斧技の威力に防御力の半分を付加する"
"7059","全テヲ壊ス者","5","能力","6776","棍技防御力半分付加","戦技アビリティ","棍技の威力に防御力の半分を付加する","","","","10","1","破坏一切者","棍技附加一半的防御力","战技能力","棍技の威力に防御力の半分を付加する"
"7059","全テヲ壊ス者","5","能力","6789","鉄球技防御力半分付加","戦技アビリティ","鉄球技の威力に防御力の半分を付加する","","","","10","1","破坏一切者","铁球技附加一半的防御力","战技能力","鉄球技の威力に防御力の半分を付加する"
"7059","全テヲ壊ス者","6","技能","9064","破壊の化身","斧技","威力：Ｚ（力）　対象：敵全体　属性：修羅・テラ
破壊の化身と化し万物を粉砕する斧の最終奥義","0","0","40","","11","破坏一切者","破坏的化身","斧技","威力：Ｚ（力）　対象：敵全体　属性：修羅・テラ
化身为破坏的化身，粉碎万物的斧之最终奥义"
"7059","全テヲ壊ス者","7","能力","6397","甲殻潰しの鉄球","戦技アビリティ","鉄球技で虫に特攻ダメージを与える","","","","2","1","破坏一切者","破甲铁球","战技能力","铁球技对虫造成特攻伤害"
"7059","全テヲ壊ス者","8","能力","6384","大樹断ちの斧","戦技アビリティ","斧技で植物に特攻ダメージを与える","","","","2","1","破坏一切者","大树斩斧","战技能力","斧技对植物造成特攻伤害"
"7059","全テヲ壊ス者","9","能力","6385","スライム潰しの棍","戦技アビリティ","棍技でスライムに特攻ダメージを与える","","","","2","1","破坏一切者","史莱姆粉碎棍","战技能力","棍技对史莱姆造成特攻伤害"
"7059","全テヲ壊ス者","10","技能","1305","巨星崩壊","鉄球技","威力：Ｚ（力）　対象：敵全体　属性：テラ・銀河
巨星のエネルギーで全てを圧壊させる鉄球奥義","0","0","40","","17","破坏一切者","巨星崩坏","铁球技","威力：Ｚ（力）　対象：敵全体　属性：テラ・銀河
以巨星的能量将一切压碎的铁球奥义"
"7059","全テヲ壊ス者","11","能力","6344","武技SPハイバースト","戦技アビリティ","SPの残量が多いほど武技の威力が大アップする","","","","10","1","破坏一切者","武技SP超爆发","战技能力","SP剩余量越多，武技威力大幅提升"
"7059","全テヲ壊ス者","12","能力","8243","剛力三連撃","特殊アビリティ","「棍技」「斧技」「鉄球技」の順番で発動できる","","","","20","5","破坏一切者","刚力三连击","特殊能力","「棍技」「斧技」「铁球技」的顺序可以发动"
"7059","全テヲ壊ス者","13","能力","7426","テラブースター","魔法アビリティ","テラ属性のダメージが15%アップする","","","","10","3","破坏一切者","大地增强","魔法能力","大地属性伤害提升15%"
"7059","全テヲ壊ス者","14","能力","10012","圧壊の武技","戦技アビリティ","全武技でスタン・防御力低下状態の敵に特攻が発生する","","","","5","1","破坏一切者","压碎武技","战技能力","所有武技对处于眩晕・防御力降低状态的敌人发动特攻"
"7059","全テヲ壊ス者","14","能力","10037","全魔法攻撃力付加","魔法アビリティ","全魔法の威力に攻撃力を付加する","","","","15","3","破坏一切者","所有魔法附加攻击力","魔法能力","全魔法の威力に攻撃力を付加する"
"7059","全テヲ壊ス者","15","技能","9075","ガイアの怒り","棍技","対象：使用者　効果：1ターン攻撃力強化・テラ付加・大幅強化
1ターンの間、攻撃力とテラ属性の威力を大幅に強化する","0","0","10","","12","破坏一切者","盖亚之怒","棍技","対象：使用者　効果：1ターン攻撃力強化・テラ付加・大幅強化
1回合内，攻击力和大地属性的威力大幅强化"
"7059","全テヲ壊ス者","16","能力","6558","斧オーバーブースター","戦技アビリティ","斧を用いたダメージと消費MP・SPが2倍になる
※同系統のブースターと同時セット可能","","","","3","1","破坏一切者","斧超增强","战技能力","使用斧造成的伤害和消耗的MP・SP变为两倍
※可与同系列增强同时装备"
"7059","全テヲ壊ス者","16","能力","6559","棍オーバーブースター","戦技アビリティ","棍を用いたダメージと消費MP・SPが2倍になる
※同系統のブースターと同時セット可能","","","","3","1","破坏一切者","棍超增强","战技能力","使用棍造成的伤害和消耗的MP・SP变为两倍
※可与同系列增强同时装备"
"7059","全テヲ壊ス者","16","能力","6564","鉄球オーバーブースター","戦技アビリティ","鉄球を用いたダメージと消費MP・SPが2倍になる
※同系統のブースターと同時セット可能","","","","3","1","破坏一切者","铁球超增强","战技能力","使用铁球造成的伤害和消耗的MP・SP变为两倍
※可与同系列增强同时装备"
"7059","全テヲ壊ス者","17","能力","6438","二重溜め","戦技アビリティ","溜めスキルの使用後、再度溜めスキルが発動する","","","","15","1","破坏一切者","双重蓄力","战技能力","使用蓄力技能后，再次发动蓄力技能"
"7059","全テヲ壊ス者","18","能力","9958","力のオーバーロード","戦技アビリティ","攻撃力が75%アップするが、消費MPおよびSPが2倍になる","","","","3","1","破坏一切者","力量超负荷","战技能力","攻击力提升75%，但消耗MP和SP变为两倍"
"7059","全テヲ壊ス者","19","能力","9941","打武器マスタリーΩ","特殊アビリティ","斧・棍・鉄球の装備効果が極限まで上昇する","","","","25","5","破坏一切者","打武器精通Ω","特殊能力","斧・棍・铁球的装备效果提升至极限"
"7059","全テヲ壊ス者","20","能力","9860","全テヲ壊ス者の証","マスターアビリティ","戦技APの最大値が20上昇し、最大HPと攻撃力が20%アップ
斧技・棍技・鉄球技のダメージが50%アップ","","","","0","999","破坏一切者","破坏一切者的证明","大师能力","战技AP的最大值提升20，最大HP和攻击力增加20%
斧技・棍技・铁球技的伤害提升50%"
"7059","全テヲ壊ス者","20","能力","10099","ウルトラチャンス","特殊アビリティ","乾坤一擲やバレットタイム発動時、全能力が大幅アップする
ウィッチタイムには適用されない","","","","10","5","破坏一切者","超级机会","特殊能力","乾坤一掷或子弹时间发动时，所有能力大幅提升
不适用于魔女时间"
"7060","拳ヲ極メシ者","2","技能","9165","聖天轟裂撃","格闘","威力：Ｚ（力・速）　対象：敵単体　属性：修羅・永劫
聖なる気を全身に集め、大地ごと敵を砕く奥義","0","60","15","","21","拳之极致者","圣天轰裂击","格闘","威力：Ｚ（力・速）　対象：敵単体　属性：修羅・永劫
将神圣之气聚集全身，将敌人连同大地一起粉碎的奥义"
"7060","拳ヲ極メシ者","2","技能","9166","魔天冥煌撃","格闘","威力：Ｚ（力・速）　対象：敵単体　属性：修羅・終焉
闇の気を全身に集め、一気に炸裂させる奥義","18%当前HP","0","15","","21","拳之极致者","魔天冥煌击","格闘","威力：Ｚ（力・速）　対象：敵単体　属性：修羅・終焉
将暗之气聚集全身，一口气炸裂的奥义"
"7060","拳ヲ極メシ者","3","能力","6863","素早さ75%アップ","職技アビリティ","素早さが75%アップする","","","","20","2","拳之极致者","敏捷提升75%","职技能力","敏捷提升75%"
"7060","拳ヲ極メシ者","4","能力","6402","竜滅の拳","戦技アビリティ","格闘でドラゴンに特攻ダメージを与える","","","","2","1","拳之极致者","龙灭之拳","战技能力","格斗对龙造成特攻伤害"
"7060","拳ヲ極メシ者","5","技能","1449","究極チャクラ","格闘","対象：使用者　効果：HP・MP・SP回復
究極の内気功で、自身の体力などを大きく回復させる技","0","0","5","","21","拳之极致者","究极查克拉","格闘","対象：使用者　効果：HP・MP・SP回復
究极内气功，大幅恢复自身体力等"
"7060","拳ヲ極メシ者","6","能力","6324","完全万能カウンター","戦技アビリティ","必ず万能カウンターが発生する","","","","25","1","拳之极致者","完全万能反击","战技能力","必定发生万能反击"
"7060","拳ヲ極メシ者","7","能力","6314","会心ダメージ50%アップ","戦技アビリティ","会心時のダメージが50%アップする","","","","10","1","拳之极致者","会心伤害提升50%","战技能力","会心时伤害提升50%"
"7060","拳ヲ極メシ者","8","能力","6733","格闘連撃回数2アップ","戦技アビリティ","格闘連撃スキルのヒット数が2アップ","","","","10","1","拳之极致者","格斗连击次数增加2","战技能力","格斗连击技能的命中次数增加2"
"7060","拳ヲ極メシ者","9","技能","9167","覆滅陰陽掌","格闘","威力：ＺＺ（力・速）　対象：敵単体　属性：修羅・風・土・水
陰陽の力を拳に集中し、敵へと叩き込む最上級の秘奥義","0","90","20","","21","拳之极致者","覆灭阴阳掌","格闘","威力：ＺＺ（力・速）　対象：敵単体　属性：修羅・風・土・水
将阴阳之力集中于拳，向敌人猛击的最上乘秘奥义"
"7060","拳ヲ極メシ者","10","能力","8339","オート後手の格闘王","特殊アビリティ","戦闘開始から2ターンの間、敵の格闘を無効化反撃","","","","15","5","拳之极致者","自动后手格斗王","特殊能力","战斗开始后的2回合内，敌人的格斗无效并反击"
"7060","拳ヲ極メシ者","11","能力","78","完全会心","戦技アビリティ","必ず会心の一撃が発生する","","","","25","1","拳之极致者","完全会心","战技能力","必定触发会心一击"
"7060","拳ヲ極メシ者","12","技能","9774","最終練気","特技","対象：使用者　効果：攻撃力・素早さ・会心率・会心ダメージ大アップ
3ターンの間、究極にまで研ぎ澄ませた練気で肉体能力を高める","0","0","10","","63","拳之极致者","最终炼气","特技","対象：使用者　効果：攻撃力・素早さ・会心率・会心ダメージ大アップ
3回合内，以极致磨练的炼气提升身体能力"
"7060","拳ヲ極メシ者","13","能力","8214","武道家チェーン","特殊アビリティ","「格闘」の後に武技を発動できる","","","","10","5","拳之极致者","武道家链","特殊能力","「格斗」之后可以发动武技"
"7060","拳ヲ極メシ者","14","能力","6336","超渾身の一撃","戦技アビリティ","単発スキル（攻撃判定が一度だけ）の威力が大アップする","","","","10","1","拳之极致者","超浑身一击","战技能力","单发技能（攻击判定仅一次）的威力大幅提升"
"7060","拳ヲ極メシ者","15","技能","9164","修羅爆裂拳","格闘","威力：ＺＺ（力・速）　対象：敵ランダム6回　属性：核熱・修羅
必滅の力を込めた拳を連続で撃ち込む混沌の格闘奥義","0","0","40","","21","拳之极致者","修罗爆裂拳","格闘","威力：ＺＺ（力・速）　対象：敵ランダム6回　属性：核熱・修羅
注入必灭之力的拳连续击打的混沌格斗奥义"
"7060","拳ヲ極メシ者","16","能力","6556","拳オーバーブースター","戦技アビリティ","拳を用いたダメージと消費MP・SPが2倍になる
※同系統のブースターと同時セット可能","","","","3","1","拳之极致者","拳超增强","战技能力","使用拳造成的伤害和消耗的MP・SP变为两倍
※可与同系列增强同时装备"
"7060","拳ヲ極メシ者","17","能力","6541","修羅ハイブースター","戦技アビリティ","修羅属性のダメージが30%アップする","","","","30","1","拳之极致者","修罗高级增强","战技能力","修罗属性伤害提升30%"
"7060","拳ヲ極メシ者","18","能力","9958","力のオーバーロード","戦技アビリティ","攻撃力が75%アップするが、消費MPおよびSPが2倍になる","","","","3","1","拳之极致者","力量超负荷","战技能力","攻击力提升75%，但消耗MP和SP变为两倍"
"7060","拳ヲ極メシ者","18","能力","9962","素早さのオーバーロード","職技アビリティ","素早さが75%アップするが、消費MPおよびSPが2倍になる","","","","3","2","拳之极致者","敏捷超负荷","职技能力","敏捷提升75%，但消耗MP和SP变为两倍"
"7060","拳ヲ極メシ者","19","能力","9942","体武器マスタリーΩ","特殊アビリティ","拳・牙・淫具の装備効果が極限まで上昇する","","","","25","5","拳之极致者","体武器精通Ω","特殊能力","拳・牙・淫具的装备效果提升至极限"
"7060","拳ヲ極メシ者","20","能力","9861","拳ヲ極メシ者の証","マスターアビリティ","防御APの最大値が20上昇し、攻撃力と素早さが20%アップ
格闘のダメージが50%アップ","","","","0","999","拳之极致者","拳之极致者的证明","大师能力","防御AP的最大值增加20，攻击力和敏捷提升20%
格斗伤害增加50%"
"7060","拳ヲ極メシ者","20","能力","10017","乾坤一擲","戦技アビリティ","攻撃を回避した際、次のターンに乾坤一擲が発動する
乾坤一擲中、ダメージ判定が一度のみのスキル威力超アップ","","","","25","1","拳之极致者","孤注一掷","战技能力","成功回避攻击时，下一回合会发动乾坤一掷
乾坤一掷中，伤害判定为一次性的技能威力大幅提升"
"7061","全テヲ護ル者","2","技能","9130","アルテマガード","投擲技","対象：味方全体　効果：物理・魔法無効・万能半減
（両手盾のみ）強固なオーラで味方全体を攻撃から守る究極防御技","0","300","50","","16","守护一切者","究极守护","投掷技","対象：味方全体　効果：物理・魔法無効・万能半減
（仅限双手盾）用坚固的气场保护全体队友免受攻击的究极防御技能"
"7061","全テヲ護ル者","3","能力","7664","防御力75%アップ","防御アビリティ","防御力が75%アップする","","","","20","4","守护一切者","防御力提升75%","防御能力","防御力提升75%"
"7061","全テヲ護ル者","3","能力","7669","精神力75%アップ","防御アビリティ","精神力が75%アップする","","","","20","4","守护一切者","精神力提升75%","防御能力","精神力提升75%"
"7061","全テヲ護ル者","4","能力","7731","シールドリフレクト自動発動","防御アビリティ","ターン開始時にシールドリフレクトをランダム発動する","","","","20","4","守护一切者","盾反射自动发动","防御能力","回合开始时随机发动盾反射"
"7061","全テヲ護ル者","5","技能","9122","シールドエンパイア","投擲技","威力：Ｚ（防）　対象：敵ランダム4回　属性：永劫
聖なる力を込めて盾を乱舞させる守護者の投擲奥義","0","60","15","","16","守护一切者","盾之帝国","投掷技","威力：Ｚ（防）　対象：敵ランダム4回　属性：永劫
注入神圣之力乱舞盾的守护者投掷奥义"
"7061","全テヲ護ル者","6","能力","6813","投擲技頑強発動","戦技アビリティ","ターン中、状態異常・戦闘不能になっても投擲技が発動する
その代わり、消費MPとSPが30%アップする","","","","15","1","守护一切者","投掷技顽强发动","战技能力","回合中，即使陷入异常状态或战斗不能，投掷技仍会发动
作为代价，消耗的MP和SP增加30%"
"7061","全テヲ護ル者","7","能力","7948","自爆超ブースト","特殊アビリティ","自爆技の威力が大幅にアップする","","","","10","5","守护一切者","自爆超级增强","特殊能力","自爆技能的威力大幅提升"
"7061","全テヲ護ル者","8","能力","7925","ダブルシールド超強化","特殊アビリティ","ダブルシールド時の防御力アップ効果が大幅に強化される","","","","15","5","守护一切者","双盾超强化","特殊能力","双盾时的防御力提升效果大幅强化"
"7061","全テヲ護ル者","9","能力","8215","パラディンチェーン","特殊アビリティ","「格闘」の後に「聖技」を発動できる","","","","10","5","守护一切者","圣堂武士链","特殊能力","「格斗」之后可以发动「圣技」"
"7061","全テヲ護ル者","10","能力","7728","シールドバッシュ大強化","防御アビリティ","シールドバッシュの威力を大幅に強化する","","","","8","4","守护一切者","盾击大幅强化","防御能力","大幅强化盾击的威力"
"7061","全テヲ護ル者","11","能力","8336","オートヘビィカウンター","特殊アビリティ","戦闘開始から2ターンの間、敵の斧技・棍技・鉄球技を無効化反撃","","","","15","5","守护一切者","自动重反击","特殊能力","战斗开始后的2回合内，敌人的斧技・棍技・铁球技无效并反击"
"7061","全テヲ護ル者","11","能力","8353","オート不浄撃滅の構え","特殊アビリティ","戦闘開始から2ターンの間、敵の屍技を無効化反撃","","","","15","5","守护一切者","自动不净击灭之构","特殊能力","战斗开始后的2回合内，敌人的尸技无效反击"
"7061","全テヲ護ル者","12","能力","10018","全武技防御力付加","戦技アビリティ","防御力を参照しない全武技の威力に防御力を付加する","","","","15","1","守护一切者","全武技防御力附加","战技能力","防御力を参照しない全武技の威力に防御力を付加する"
"7061","全テヲ護ル者","12","能力","10026","全職技防御力付加","職技アビリティ","全職技の威力に防御力を付加する","","","","15","2","守护一切者","全职技防御力附加","职技能力","全職技の威力に防御力を付加する"
"7061","全テヲ護ル者","12","能力","10038","全魔法防御力付加","魔法アビリティ","全魔法の威力に防御力を付加する","","","","15","3","守护一切者","所有魔法附加防御力","魔法能力","全魔法の威力に防御力を付加する"
"7061","全テヲ護ル者","13","技能","1650","アメイジンググレイス","聖技","威力：Ｚ（力or精）　対象：敵全体　属性：永劫・銀河
大いなる祝福で神敵を滅ぼす究極の聖技","0","90","20","","26","守护一切者","惊奇恩典","圣技","威力：Ｚ（力or精）　対象：敵全体　属性：永劫・銀河
以伟大的祝福消灭神敌的究极圣技"
"7061","全テヲ護ル者","14","能力","8357","無効化反撃2ターン延長","特殊アビリティ","無効化反撃スキルの持続ターンが2ターン延長される","","","","20","5","守护一切者","无效反击2回合延长","特殊能力","无效反击技能的持续回合延长2回合"
"7061","全テヲ護ル者","15","能力","7884","全武技スキル後ガード","防御アビリティ","武技スキルの使用後、防御状態になる","","","","25","4","守护一切者","全武技技能后防御","防御能力","使用武技技能后，进入防御状态"
"7061","全テヲ護ル者","16","技能","9132","ワールドアッセンブル","投擲技","対象：味方全体　効果：全ダメージ半減、その他支援効果
（両手盾のみ）シールドを掲げ味方全体を極限まで鼓舞する守護奥義","0","0","99","","16","守护一切者","世界集结","投掷技","対象：味方全体　効果：全ダメージ半減、その他支援効果
（仅限双手盾）举起盾牌将全体队友鼓舞到极限的守护奥义"
"7061","全テヲ護ル者","17","能力","7745","ボスからのダメージ軽減30%","防御アビリティ","ボスから受けるダメージを30%軽減する","","","","30","4","守护一切者","减少30%来自BOSS的伤害","防御能力","减轻30%来自BOSS的伤害"
"7061","全テヲ護ル者","18","能力","9959","守りのオーバーロード","防御アビリティ","防御力が75%アップするが、消費MPおよびSPが2倍になる","","","","3","4","守护一切者","守护超负荷","防御能力","防御力提升75%，但消耗MP和SP变为两倍"
"7061","全テヲ護ル者","18","能力","9961","精神のオーバーロード","防御アビリティ","精神力が75%アップするが、消費MPおよびSPが2倍になる","","","","3","4","守护一切者","精神超负荷","防御能力","精神力提升75%，但消耗MP和SP变为两倍"
"7061","全テヲ護ル者","19","能力","9956","盾マスタリーΩ","特殊アビリティ","盾の装備効果が極限まで上昇する","","","","15","5","守护一切者","盾精通Ω","特殊能力","盾的装备效果提升至极限"
"7061","全テヲ護ル者","20","能力","9862","全テヲ護ル者の証","マスターアビリティ","防御APの最大値が20上昇し、防御力と精神力が20%アップ
投擲技のダメージが50%アップ","","","","0","999","守护一切者","守护一切者的证明","大师能力","防御AP的最大值增加20，防御力和精神力提升20%
投掷技伤害增加50%"
"7062","千ノ武具ヲ極メシ者","2","技能","1390","マキシマムランタイム","多武器技","威力：ＺＺ（力）　対象：敵単体　属性：修羅・ナノ
手持ちの刃を全て敵単体に叩き込む破壊奥義","0","0","40","","20","千种武具之极致者","极限时刻","多武器技","威力：ＺＺ（力）　対象：敵単体　属性：修羅・ナノ
将所有刃尽数击向单体敌人之破坏奥义"
"7062","千ノ武具ヲ極メシ者","3","能力","6306","攻撃力75%アップ","戦技アビリティ","攻撃力が75%アップする","","","","20","1","千种武具之极致者","攻击力提升75%","战技能力","攻击力提升75%"
"7062","千ノ武具ヲ極メシ者","3","能力","6868","器用さ75%アップ","職技アビリティ","器用さが75%アップする","","","","20","2","千种武具之极致者","灵巧提升75%","职技能力","灵巧提升75%"
"7062","千ノ武具ヲ極メシ者","4","能力","6372","重刃必殺","戦技アビリティ","多武器技でスタン状態の敵に特攻が発生する","","","","2","1","千种武具之极致者","重刃必杀","战技能力","多武器技对处于眩晕状态的敌人发动特攻"
"7062","千ノ武具ヲ極メシ者","5","能力","6326","反撃エクスブースター","戦技アビリティ","カウンターの攻撃力が4段階アップする","","","","15","1","千种武具之极致者","反击极限增强","战技能力","反击攻击力提升4级"
"7062","千ノ武具ヲ極メシ者","6","能力","6340","超ヒートアップコンボ","戦技アビリティ","連撃スキル（攻撃判定が複数）の威力が大アップする","","","","15","1","千种武具之极致者","超热力连击","战技能力","连击技能（攻击判定多次）的威力大幅提升"
"7062","千ノ武具ヲ極メシ者","7","能力","6547","通常攻撃エクスブースター","戦技アビリティ","通常攻撃のダメージが4段階アップする","","","","30","1","千种武具之极致者","普通攻击极限增强","战技能力","普通攻击伤害提升4级"
"7062","千ノ武具ヲ極メシ者","8","能力","8334","オート剣殺し","特殊アビリティ","戦闘開始から2ターンの間、敵の短剣技・剣技・尖剣技・刀技を無効化反撃","","","","15","5","千种武具之极致者","自动剑杀","特殊能力","战斗开始后的2回合内，敌人的短剑技・剑技・尖剑技・刀技无效并反击"
"7062","千ノ武具ヲ極メシ者","9","能力","8348","オートビーストシージ","特殊アビリティ","戦闘開始から2ターンの間、敵の獣技を無効化反撃","","","","15","5","千种武具之极致者","自动野兽围攻","特殊能力","战斗开始后的2回合内，敌人的兽技无效化反击"
"7062","千ノ武具ヲ極メシ者","10","能力","8244","千刃舞","特殊アビリティ","「多武器技」→「多武器技」→「全武技」の順番で発動できる","","","","20","5","千种武具之极致者","千刃舞","特殊能力","「多武器技」→「多武器技」→「全武技」的顺序可以发动"
"7062","千ノ武具ヲ極メシ者","11","能力","8329","チェーン消費なし","特殊アビリティ","スキルをチェーン発動した際にMP・SPを消費しない","","","","20","5","千种武具之极致者","链消耗无","特殊能力","技能连锁发动时不消耗MP・SP"
"7062","千ノ武具ヲ極メシ者","12","技能","9112","ハドロンノヴァ","鞭技","威力：Ｚ（力・器）　対象：敵全体　属性：ハドロン・ナイトメア　効果：麻痺
ハドロンを凝縮した波動で敵を滅ぼす鞭の混沌奥義","0","0","40","","15","千种武具之极致者","强子新星","鞭技","威力：Ｚ（力・器）　対象：敵全体　属性：ハドロン・ナイトメア　効果：麻痺
用浓缩强子波动消灭敌人的鞭子混沌奥义"
"7062","千ノ武具ヲ極メシ者","13","技能","9786","武技拡散","特技","対象：使用者　効果：武技スキル全体化
3ターンの間、武技スキルが全体化する","0","0","5","","63","千种武具之极致者","武技扩散","特技","対象：使用者　効果：武技スキル全体化
3回合内，武技技能变为全体攻击"
"7062","千ノ武具ヲ極メシ者","14","能力","7922","三刀流超強化","特殊アビリティ","三刀流時、付加能力を含む装備効果が大幅にアップする","","","","15","5","千种武具之极致者","三刀流超强化","特殊能力","三刀流时，包含附加能力的装备效果大幅提升"
"7062","千ノ武具ヲ極メシ者","15","能力","6562","鞭オーバーブースター","戦技アビリティ","鞭を用いたダメージと消費MP・SPが2倍になる
※同系統のブースターと同時セット可能","","","","3","1","千种武具之极致者","鞭超增强","战技能力","使用鞭子造成的伤害和消耗的MP・SP变为两倍
※可与同系列增强同时装备"
"7062","千ノ武具ヲ極メシ者","16","能力","7420","ハドロンハイブースター","魔法アビリティ","ハドロン属性のダメージが30%アップする","","","","20","3","千种武具之极致者","强子高级增强","魔法能力","强子属性伤害提升30%"
"7062","千ノ武具ヲ極メシ者","17","能力","6442","十六連乱れ撃ち","戦技アビリティ","通常攻撃をランダムに十六連続で繰り出す","","","","30","1","千种武具之极致者","十六连乱击","战技能力","普通攻击随机连续十六次"
"7062","千ノ武具ヲ極メシ者","18","能力","9958","力のオーバーロード","戦技アビリティ","攻撃力が75%アップするが、消費MPおよびSPが2倍になる","","","","3","1","千种武具之极致者","力量超负荷","战技能力","攻击力提升75%，但消耗MP和SP变为两倍"
"7062","千ノ武具ヲ極メシ者","18","能力","9963","器用さのオーバーロード","職技アビリティ","器用さが75%アップするが、消費MPおよびSPが2倍になる","","","","3","2","千种武具之极致者","灵巧超负荷","职技能力","灵巧提升75%，但消耗MP和SP变为两倍"
"7062","千ノ武具ヲ極メシ者","19","能力","245","武技二連続発動","戦技アビリティ","物理スキルが二回連続で発動、消費量が1.5倍になる","","","","30","1","千种武具之极致者","武技二連続発動","战技能力","物理スキルが二回連続で発動、消費量が1.5倍になる"
"7062","千ノ武具ヲ極メシ者","20","能力","9863","千ノ武具ヲ極メシ者の証","マスターアビリティ","戦技APの最大値が20上昇し、最大SPと攻撃力が20%アップ
鎌技・鞭技・多武器技・装備武器のダメージが50%アップ","","","","0","999","千种武具之极致者","千种武具之极致者的证明","大师能力","战技AP的最大值增加20，最大SP和攻击力提升20%
镰技・鞭技・多武器技・装备武器伤害增加50%"
"7063","全テヲ識ル者","2","技能","9313","陰陽極行・神ノ理","陰陽術","威力：Ｚ（魔or器）　対象：敵全体　属性：ハドロン・テラ・ナノ　効果：風・土・水弱体
神の理に通じ、森羅万象のエネルギーを暴走させる秘術","0","180","0","","29","全知者","阴阳极行・神之理","阴阳术","威力：Ｚ（魔or器）　対象：敵全体　属性：ハドロン・テラ・ナノ　効果：風・土・水弱体
通神之理，使森罗万象的能量暴走的秘术"
"7063","全テヲ識ル者","3","能力","7242","MP75%アップ","魔法アビリティ","最大MPが75%アップする","","","","20","3","全知者","MP提升75%","魔法能力","最大MP提升75%"
"7063","全テヲ識ル者","3","能力","7247","魔力75%アップ","魔法アビリティ","魔力が75%アップする","","","","20","3","全知者","魔力提升75%","魔法能力","魔力提升75%"
"7063","全テヲ識ル者","3","能力","7669","精神力75%アップ","防御アビリティ","精神力が75%アップする","","","","20","4","全知者","精神力提升75%","防御能力","精神力提升75%"
"7063","全テヲ識ル者","4","技能","9234","サンスフィア","時魔法","威力：Ｚ（魔）　対象：敵全体　属性：核熱・イオン・銀河　効果：バーン
太陽のエネルギーを間近で炸裂させる破壊的魔法","0","180","0","","24","全知者","太阳光球","时魔法","威力：Ｚ（魔）　対象：敵全体　属性：核熱・イオン・銀河　効果：バーン
近距离引爆太阳能量的破坏性魔法"
"7063","全テヲ識ル者","5","能力","7259","魔法MPハイバースト","魔法アビリティ","MPの残量が多いほど魔法の威力が大アップする","","","","10","3","全知者","魔法MP超级爆发","魔法能力","MP剩余越多魔法威力大幅提升"
"7063","全テヲ識ル者","6","能力","7264","真・螺旋収束魔導","魔法アビリティ","敵単体時、全魔法の威力が50%アップする
※拡散魔導系との併用は不可能","","","","15","3","全知者","真・螺旋收敛魔导","魔法能力","敌人为单体时，所有魔法的威力提升50%
※无法与扩散魔导系同时使用"
"7063","全テヲ識ル者","6","能力","7909","毎ターンMP15%回復","特殊アビリティ","ターンごとにMPが15%回復する","","","","40","5","全知者","每回合MP恢复15%","特殊能力","每回合MP恢复15%"
"7063","全テヲ識ル者","7","技能","9187","アヴェマリア","白魔法","威力：Ｚ（魔or精）　対象：敵全体　属性：永劫　効果：昇天
神威により神敵を抹消する究極の聖魔法","0","180","0","","22","全知者","圣母颂","白魔法","威力：Ｚ（魔or精）　対象：敵全体　属性：永劫　効果：昇天
神威抹消神敌的究极圣魔法"
"7063","全テヲ識ル者","8","能力","7254","魔法会心50%アップ","魔法アビリティ","魔法会心率が50%になる","","","","15","3","全知者","魔法暴击提升50%","魔法能力","魔法暴击率增加50%"
"7063","全テヲ識ル者","8","能力","8354","オート森羅反転","特殊アビリティ","戦闘開始から2ターンの間、敵の自然感応を無効化反撃","","","","15","5","全知者","自动森罗反转","特殊能力","战斗开始后的2回合内，敌人的自然感应无效反击"
"7063","全テヲ識ル者","9","能力","10019","全武技魔力付加","戦技アビリティ","全武技の威力に魔力を付加する","","","","15","1","全知者","全武技魔力附加","战技能力","全武技の威力に魔力を付加する"
"7063","全テヲ識ル者","9","能力","10027","全職技魔力付加","職技アビリティ","全職技の威力に魔力を付加する","","","","15","2","全知者","全职技魔力附加","职技能力","全職技の威力に魔力を付加する"
"7063","全テヲ識ル者","10","技能","9207","アポカリプス","黒魔法","威力：Ｚ（魔）　対象：敵全体　属性：核熱・量子・イオン・終焉
終焉をもたらす究極の破壊魔法","18%当前HP","180","0","","23","全知者","启示录","黑魔法","威力：Ｚ（魔）　対象：敵全体　属性：核熱・量子・イオン・終焉
带来终焉的究极破坏魔法"
"7063","全テヲ識ル者","11","能力","8245","ソーサラーバースト","特殊アビリティ","「白魔法」「黒魔法」「時魔法」の順番で発動できる","","","","20","5","全知者","魔法师爆发","特殊能力","「白魔法」「黑魔法」「时魔法」的顺序可以发动"
"7063","全テヲ識ル者","12","能力","7385","銀河ハイブースター","魔法アビリティ","銀河属性のダメージが30%アップする","","","","20","3","全知者","银河高级增强","魔法能力","银河属性的伤害提升30%"
"7063","全テヲ識ル者","12","能力","10058","至高の一本","特殊アビリティ","武器を一本だけ装備している際、付加能力を含む装備効果が大幅にアップする
魔力と精神力が少しだけ上昇","","","","15","5","全知者","至高的一击","特殊能力","仅装备一把武器时，包括附加能力的装备效果大幅提升
魔力和精神力稍微提升"
"7063","全テヲ識ル者","13","能力","7465","杖オーバーブースター","魔法アビリティ","杖を用いたダメージと消費MP・SPが2倍になる
※同系統のブースターと同時セット可能","","","","3","3","全知者","杖超增强","魔法能力","使用杖造成的伤害和消耗的MP・SP变为2倍
※可与同系列增强同时装备"
"7063","全テヲ識ル者","13","能力","7466","ロッドオーバーブースター","魔法アビリティ","ロッドを用いたダメージと消費MP・SPが2倍になる
※同系統のブースターと同時セット可能","","","","3","3","全知者","法杖超增强","魔法能力","使用法杖造成的伤害和消耗的MP・SP变为2倍
※可与同系列增强同时装备"
"7063","全テヲ識ル者","14","能力","7399","核熱ハイブースター","魔法アビリティ","核熱属性のダメージが30%アップする","","","","20","3","全知者","核热高级增强","魔法能力","核热属性伤害提升30%"
"7063","全テヲ識ル者","14","能力","7413","イオンハイブースター","魔法アビリティ","イオン属性のダメージが30%アップする","","","","20","3","全知者","离子高级增强","魔法能力","离子属性伤害提升30%"
"7063","全テヲ識ル者","14","能力","7427","テラハイブースター","魔法アビリティ","テラ属性のダメージが30%アップする","","","","20","3","全知者","大地高级增强","魔法能力","大地属性伤害提升30%"
"7063","全テヲ識ル者","15","技能","9252","魔神","召喚","威力：ＺＺ（魔or器）　対象：敵全体　属性：銀河・ナイトメア
魔神を呼び出す召喚魔法","0","270","0","","25","全知者","魔神","召唤","威力：ＺＺ（魔or器）　対象：敵全体　属性：銀河・ナイトメア
召唤魔神的召唤魔法"
"7063","全テヲ識ル者","15","技能","9253","鬼神","召喚","威力：ＺＺ（魔or器）　対象：敵全体　属性：核熱・終焉
鬼神を呼び出す召喚魔法","20%当前HP","270","0","","25","全知者","鬼神","召唤","威力：ＺＺ（魔or器）　対象：敵全体　属性：核熱・終焉
召唤鬼神的魔法"
"7063","全テヲ識ル者","15","技能","9254","女神","召喚","威力：ＺＺ（魔or器）　対象：敵全体　属性：イオン・永劫
女神を呼び出す召喚魔法","0","270","0","","25","全知者","女神","召唤","威力：ＺＺ（魔or器）　対象：敵全体　属性：イオン・永劫
召唤女神的魔法"
"7063","全テヲ識ル者","16","能力","7441","永劫ハイブースター","魔法アビリティ","永劫属性のダメージが30%アップする","","","","20","3","全知者","永劫高级增强","魔法能力","永劫属性伤害提升30%"
"7063","全テヲ識ル者","16","能力","7448","終焉ハイブースター","魔法アビリティ","終焉属性のダメージが30%アップする","","","","20","3","全知者","终焉高级增强","魔法能力","终焉属性的伤害提升30%"
"7063","全テヲ識ル者","17","能力","527","魔法二連続発動","魔法アビリティ","魔法スキルが二回連続で発動、消費量が1.5倍になる","","","","30","3","全知者","魔法二連続発動","魔法能力","魔法スキルが二回連続で発動、消費量が1.5倍になる"
"7063","全テヲ識ル者","17","能力","10032","ウィッチタイム","魔法アビリティ","敵の攻撃を回避した際、時間が2ターン停止する
ウィッチタイム中は能力大アップ、スキルが消費なしで発動可能","","","","30","3","全知者","魔女时间","魔法能力","敌人攻击被回避时，时间停止2回合
魔女时间中能力大幅提升，技能无消耗发动"
"7063","全テヲ識ル者","18","能力","9960","魔力のオーバーロード","魔法アビリティ","魔力が75%アップするが、消費MPおよびSPが2倍になる","","","","3","3","全知者","魔力超负荷","魔法能力","魔力提升75%，但消耗MP和SP变为两倍"
"7063","全テヲ識ル者","18","能力","9961","精神のオーバーロード","防御アビリティ","精神力が75%アップするが、消費MPおよびSPが2倍になる","","","","3","4","全知者","精神超负荷","防御能力","精神力提升75%，但消耗MP和SP变为两倍"
"7063","全テヲ識ル者","19","能力","9943","魔武器マスタリーΩ","特殊アビリティ","鎌・杖・ロッド・扇・魔導書の装備効果が極限まで上昇する","","","","25","5","全知者","魔武器精通Ω","特殊能力","镰・杖・法杖・魔导书・扇的装备效果提升至极限"
"7063","全テヲ識ル者","19","能力","9952","ローブマスタリーΩ","特殊アビリティ","ローブの装備効果が極限まで上昇する","","","","15","5","全知者","长袍精通Ω","特殊能力","长袍的装备效果提升至极限"
"7063","全テヲ識ル者","20","能力","9864","全テヲ識ル者の証","マスターアビリティ","魔法APの最大値が20上昇し、最大MPと魔力が20%アップ
全魔法のダメージが50%アップ","","","","0","999","全知者","全知者的证明","大师能力","魔法AP的最大值提升20，最大MP和魔力增加20%
所有魔法伤害增加50%"
"7064","全テヲ撃チ抜ク者","2","技能","9093","聖魔乱矢","弓技","威力：Ｚ（力・器）　対象：敵ランダム6回　属性：永劫・終焉
聖と闇の力を混ぜた矢を乱れ打つ奥義","12%当前HP","40","10","","14","全能击穿者","圣魔乱矢","弓技","威力：Ｚ（力・器）　対象：敵ランダム6回　属性：永劫・終焉
将圣与闇之力混合的箭矢乱射的奥义"
"7064","全テヲ撃チ抜ク者","3","能力","6868","器用さ75%アップ","職技アビリティ","器用さが75%アップする","","","","20","2","全能击穿者","灵巧提升75%","职技能力","灵巧提升75%"
"7064","全テヲ撃チ抜ク者","4","能力","8517","狩人の備え","特殊アビリティ","スキルが弓矢・ブーメラン・銃装備時の威力になる","","","","4","5","全能击穿者","猎人的准备","特殊能力","使用技能时视为装备了弓箭・回旋镖・铳"
"7064","全テヲ撃チ抜ク者","5","技能","9148","白と黒の華","銃技","威力：ＺＺ（器）　対象：敵単体　属性：核熱・永劫・終焉
聖なる爆炎と闇の爆炎を同時に巻き起こす強力無比な奥義","13%当前HP","60","13","","19","全能击穿者","白与黑的华","铳技","威力：ＺＺ（器）　対象：敵単体　属性：核熱・永劫・終焉
同时卷起神圣爆炎和暗之爆炎的无比强大的奥义"
"7064","全テヲ撃チ抜ク者","6","能力","74","完全必中","戦技アビリティ","必ず攻撃が命中する","","","","15","1","全能击穿者","完全必中","战技能力","攻击必定命中"
"7064","全テヲ撃チ抜ク者","7","能力","6339","ヒートアップコンボ","戦技アビリティ","連撃スキル（攻撃判定が複数）の威力がアップする","","","","10","1","全能击穿者","热力连击","战技能力","连击技能（攻击判定多次）的威力提升"
"7064","全テヲ撃チ抜ク者","8","能力","6418","修羅の弾丸","戦技アビリティ","銃技に修羅属性を付加する","","","","5","1","全能击穿者","修罗之弹","战技能力","铳技附加修罗属性"
"7064","全テヲ撃チ抜ク者","8","能力","7300","烈風の矢","魔法アビリティ","弓技にハドロン属性を付加する","","","","5","3","全能击穿者","烈风之矢","魔法能力","弓技附加强子属性"
"7064","全テヲ撃チ抜ク者","9","能力","8213","狩人チェーン","特殊アビリティ","「弓技」の後に「銃技」を発動できる","","","","10","5","全能击穿者","猎人链","特殊能力","「弓技」之后可以发动「铳技」"
"7064","全テヲ撃チ抜ク者","10","技能","9094","エメラルド・レイ","弓技","威力：Ｚ（力・器）　対象：敵全体　属性：修羅・ハドロン
ハドロンのエネルギーを凝縮し発射する最終混沌奥義","0","0","40","","14","全能击穿者","翡翠之光","弓技","威力：Ｚ（力・器）　対象：敵全体　属性：修羅・ハドロン
将强子能量浓缩并发射的最终混沌奥义"
"7064","全テヲ撃チ抜ク者","11","能力","6663","物理耐性貫通","戦技アビリティ","物理属性攻撃が敵の耐性を貫通する","","","","15","1","全能击穿者","物理耐性贯通","战技能力","物理属性攻击穿透敌人的耐性"
"7064","全テヲ撃チ抜ク者","11","能力","10022","全武技器用さ付加","戦技アビリティ","器用さを参照しない全武技の威力に器用さを付加する","","","","15","1","全能击穿者","全武技灵巧附加","战技能力","器用さを参照しない全武技の威力に器用さを付加する"
"7064","全テヲ撃チ抜ク者","12","能力","8337","オート相殺の弾幕","特殊アビリティ","戦闘開始から2ターンの間、敵の弓技・投擲技・銃技を無効化反撃","","","","15","5","全能击穿者","自动相消弹幕","特殊能力","战斗开始后的2回合内，敌人的弓技・投掷技・铳技无效并反击"
"7064","全テヲ撃チ抜ク者","13","能力","10013","追打の武技","戦技アビリティ","全武技で弱体状態の敵に特攻が発生する","","","","5","1","全能击穿者","追打武技","战技能力","所有武技对处于弱化状态的敌人发动特攻"
"7064","全テヲ撃チ抜ク者","13","能力","10014","逆境の武技","戦技アビリティ","全武技で強化状態の敵に特攻が発生する","","","","5","1","全能击穿者","逆境武技","战技能力","所有武技对处于强化状态的敌人发动特攻"
"7064","全テヲ撃チ抜ク者","14","能力","6561","弓矢オーバーブースター","戦技アビリティ","弓矢を用いたダメージと消費MP・SPが2倍になる
※同系統のブースターと同時セット可能","","","","3","1","全能击穿者","弓箭超增强","战技能力","使用弓箭造成的伤害和消耗的MP・SP变为两倍
※可与同系列增强同时装备"
"7064","全テヲ撃チ抜ク者","14","能力","6566","銃オーバーブースター","戦技アビリティ","銃を用いたダメージと消費MP・SPが2倍になる
※同系統のブースターと同時セット可能","","","","3","1","全能击穿者","铳超增强","战技能力","使用铳造成的伤害和消耗的MP・SP变为两倍
※可与同系列增强同时装备"
"7064","全テヲ撃チ抜ク者","15","技能","9150","メギドブラッド","銃技","威力：ＺＺ（器）　対象：敵ランダム6回　属性：修羅・イオン
修羅の弾丸を乱射し敵を滅ぼす混沌奥義","0","0","40","","19","全能击穿者","终末血弹","铳技","威力：ＺＺ（器）　対象：敵ランダム6回　属性：修羅・イオン
修罗的子弹乱射，消灭敌人的混沌奥义"
"7064","全テヲ撃チ抜ク者","16","能力","6541","修羅ハイブースター","戦技アビリティ","修羅属性のダメージが30%アップする","","","","30","1","全能击穿者","修罗高级增强","战技能力","修罗属性伤害提升30%"
"7064","全テヲ撃チ抜ク者","17","能力","7420","ハドロンハイブースター","魔法アビリティ","ハドロン属性のダメージが30%アップする","","","","20","3","全能击穿者","强子高级增强","魔法能力","强子属性伤害提升30%"
"7064","全テヲ撃チ抜ク者","18","能力","9963","器用さのオーバーロード","職技アビリティ","器用さが75%アップするが、消費MPおよびSPが2倍になる","","","","3","2","全能击穿者","灵巧超负荷","职技能力","灵巧提升75%，但消耗MP和SP变为两倍"
"7064","全テヲ撃チ抜ク者","19","能力","9944","射武器マスタリーΩ","特殊アビリティ","弓矢・ブーメラン・銃の装備効果が極限まで上昇する","","","","25","5","全能击穿者","射武器精通Ω","特殊能力","弓矢・回旋镖・铳的装备效果提升至极限"
"7064","全テヲ撃チ抜ク者","20","能力","9865","全テヲ撃チ抜ク者の証","マスターアビリティ","特殊APの最大値が20上昇し、最大SPと器用さが20%アップ
弓技・銃技のダメージが50%アップ","","","","0","999","全能击穿者","全能击穿者的证明","大师能力","特殊AP的最大值增加20，最大SP和灵巧提升20%
弓技・铳技伤害增加50%"
"7064","全テヲ撃チ抜ク者","20","能力","10009","バレットタイム","戦技アビリティ","攻撃を回避した際、次のターンにバレットタイムが発動する
バレットタイム中は連撃スキルのヒット数が増えるごとにダメージが増大","","","","25","1","全能击穿者","子弹时间","战技能力","回避攻击时，下一回合触发子弹时间
子弹时间中，连击技能的命中次数越多，伤害越大"
"7065","音ヨリモ速キ者","2","技能","9002","絶命","短剣技","威力：Ｚ（力・器）　対象：敵単体　属性：修羅・終焉　効果：全状態異常特攻
全ての状態異常に対して必殺の一撃を繰り出す究極の奥義","0","0","30","","6","超音速者","绝命","短剑技","威力：Ｚ（力・器）　対象：敵単体　属性：修羅・終焉　効果：全状態異常特攻
对所有状态异常施展必杀一击的究极奥义"
"7065","音ヨリモ速キ者","3","能力","6863","素早さ75%アップ","職技アビリティ","素早さが75%アップする","","","","20","2","超音速者","敏捷提升75%","职技能力","敏捷提升75%"
"7065","音ヨリモ速キ者","3","能力","6868","器用さ75%アップ","職技アビリティ","器用さが75%アップする","","","","20","2","超音速者","灵巧提升75%","职技能力","灵巧提升75%"
"7065","音ヨリモ速キ者","4","能力","6364","毒殺し","戦技アビリティ","短剣技・投擲技・忍術で毒・暗闇・麻痺状態の敵に特攻が発生する","","","","2","1","超音速者","毒杀","战技能力","短剑技・投掷技・忍术对处于中毒・黑暗・麻痹状态的敌人发动特攻"
"7065","音ヨリモ速キ者","4","能力","6885","武技でぶんどる","職技アビリティ","全武技に盗む効果が付加される","","","","15","2","超音速者","武技抢夺","职技能力","全武技附加偷窃效果"
"7065","音ヨリモ速キ者","5","能力","6935","手裏剣ダメージ超強化","職技アビリティ","手裏剣によるダメージが大幅にアップする","","","","6","2","超音速者","手里剑伤害超强化","职技能力","手里剑造成的伤害大幅提升"
"7065","音ヨリモ速キ者","5","能力","10043","警戒職技","防御アビリティ","全職技を使用した後、回避率がアップする","","","","8","4","超音速者","警戒职技","防御能力","使用全职技后，回避率上升"
"7065","音ヨリモ速キ者","6","技能","9329","虚術・桃源千里","忍術","威力：Ｚ（力or器）　対象：敵単体　属性：ナイトメア　効果：恍惚・誘惑・絶頂
桃源郷に相手を誘い込み昇天させる伝説の快楽忍術","0","0","30","","31","超音速者","虚术・桃源千里","忍术","威力：Ｚ（力or器）　対象：敵単体　属性：ナイトメア　効果：恍惚・誘惑・絶頂
将对手引入桃源乡使其升天的传说快乐忍术"
"7065","音ヨリモ速キ者","7","能力","8341","オート忍奥義・古術封じ","特殊アビリティ","戦闘開始から2ターンの間、敵の刀技・陰陽術・忍術を無効化反撃","","","","15","5","超音速者","自动忍奥义・古术封印","特殊能力","战斗开始后的2回合内，敌人的刀技・阴阳术・忍术无效并反击"
"7065","音ヨリモ速キ者","7","能力","8355","オート追い風","特殊アビリティ","戦闘開始から2ターンの間、敵のブレスを無効化反撃","","","","15","5","超音速者","自动顺风","特殊能力","战斗开始后的2回合内，敌人的吐息无效反击"
"7065","音ヨリモ速キ者","8","能力","6788","投擲技素早さ半分付加","戦技アビリティ","投擲技の威力に素早さの半分を付加する","","","","10","1","超音速者","投掷技附加一半的敏捷","战技能力","投擲技の威力に素早さの半分を付加する"
"7065","音ヨリモ速キ者","8","能力","10015","暗殺の武技","戦技アビリティ","全武技で暗闇・麻痺・睡眠・ショック状態の敵に特攻が発生する","","","","5","1","超音速者","暗杀武技","战技能力","所有武技对处于黑暗・麻痹・睡眠・电击状态的敌人发动特攻"
"7065","音ヨリモ速キ者","9","技能","1279","ナノバリオン","投擲技","威力：Ｚ（力・器）　対象：敵ランダム5回　属性：ナノ・銀河
ナノレベルまで分解するブーメランを連続で繰り出す混沌奥義","0","0","30","","16","超音速者","纳米重子","投掷技","威力：Ｚ（力・器）　対象：敵ランダム5回　属性：ナノ・銀河
连续施展将敌人分解至纳米级别的飞镖混沌奥义"
"7065","音ヨリモ速キ者","10","能力","7919","二刀流超強化","特殊アビリティ","二刀流時、付加能力を含む装備効果が大幅にアップする","","","","15","5","超音速者","二刀流超强化","特殊能力","二刀流时，包括附加能力的装备效果大幅提升"
"7065","音ヨリモ速キ者","11","能力","8246","刺・擲・忍","特殊アビリティ","「短剣技」「投擲技」「忍術」の順番で発動できる","","","","20","5","超音速者","刺・掷・忍","特殊能力","「短剑技」「投掷技」「忍术」的顺序可以发动"
"7065","音ヨリモ速キ者","12","技能","9003","雷旺","短剣技","威力：Ｚ（力・器）　対象：敵全体　属性：修羅・イオン　効果：ショック
電光の竜を形作り敵全体を一掃する短剣の究極奥義","0","0","40","","6","超音速者","雷旺","短剑技","威力：Ｚ（力・器）　対象：敵全体　属性：修羅・イオン　効果：ショック
形成电光之龙将全体敌人一扫而空的短剑究极奥义"
"7065","音ヨリモ速キ者","13","能力","8593","盗賊の解錠マスター","特殊アビリティ","全ての宝箱が開けられるようになる","","","","15","5","超音速者","盗贼的开锁大师","特殊能力","所有宝箱都能打开"
"7065","音ヨリモ速キ者","13","能力","10021","全武技素早さ付加","戦技アビリティ","全武技の威力に素早さを付加する","","","","15","1","超音速者","全武技敏捷附加","战技能力","全武技の威力に素早さを付加する"
"7065","音ヨリモ速キ者","14","能力","10044","回避パワーチャージ","防御アビリティ","攻撃を回避した際に全力溜めが発動する","","","","25","4","超音速者","回避力量充能","防御能力","回避攻击时发动全力蓄力"
"7065","音ヨリモ速キ者","14","能力","10045","回避マジックチャージ","防御アビリティ","攻撃を回避した際にコンセントレイトが発動する","","","","25","4","超音速者","回避魔法充能","防御能力","回避攻击时发动集中"
"7065","音ヨリモ速キ者","14","能力","10046","回避テクニックチャージ","防御アビリティ","攻撃を回避した際にソフィスティケイトが発動する","","","","25","4","超音速者","回避技巧充能","防御能力","回避攻击时发动精密提升"
"7065","音ヨリモ速キ者","15","技能","9005","マガツイカヅチ","短剣技","対象：使用者　効果：1ターンイオン・終焉付加・大幅強化
物理攻撃にイオン・終焉属性を付加し、威力を大幅に強化する","0","0","10","","6","超音速者","祸津雷","短剑技","対象：使用者　効果：1ターンイオン・終焉付加・大幅強化
物理攻击附加离子・终焉属性，威力大幅强化"
"7065","音ヨリモ速キ者","16","能力","6550","短剣オーバーブースター","戦技アビリティ","短剣を用いたダメージと消費MP・SPが2倍になる
※同系統のブースターと同時セット可能","","","","3","1","超音速者","短剑超增强","战技能力","使用短剑的伤害和消耗MP・SP变为2倍
※可与同系列增强同时装备"
"7065","音ヨリモ速キ者","16","能力","6555","忍者刀オーバーブースター","戦技アビリティ","忍者刀を用いたダメージと消費MP・SPが2倍になる
※同系統のブースターと同時セット可能","","","","3","1","超音速者","忍者刀超增强","战技能力","使用忍者刀造成的伤害和消耗的MP・SP变为两倍
※可与同系列增强同时装备"
"7065","音ヨリモ速キ者","16","能力","6563","ブーメランオーバーブースター","戦技アビリティ","ブーメランを用いたダメージと消費MP・SPが2倍になる
※同系統のブースターと同時セット可能","","","","3","1","超音速者","回旋镖超增强","战技能力","使用回旋镖造成的伤害和消耗的MP・SP变为两倍
※可与同系列增强同时装备"
"7065","音ヨリモ速キ者","17","技能","9325","虚術・星龍","忍術","威力：Ｚ（力or器）　対象：敵全体　属性：修羅・テラ
星龍の力で大地ごと敵を砕く忍術奥義","0","0","40","","31","超音速者","虚术・星龙","忍术","威力：Ｚ（力or器）　対象：敵全体　属性：修羅・テラ
星龍之力将大地与敌人一同粉碎的忍术奥义"
"7065","音ヨリモ速キ者","18","能力","9962","素早さのオーバーロード","職技アビリティ","素早さが75%アップするが、消費MPおよびSPが2倍になる","","","","3","2","超音速者","敏捷超负荷","职技能力","敏捷提升75%，但消耗MP和SP变为两倍"
"7065","音ヨリモ速キ者","18","能力","9963","器用さのオーバーロード","職技アビリティ","器用さが75%アップするが、消費MPおよびSPが2倍になる","","","","3","2","超音速者","灵巧超负荷","职技能力","灵巧提升75%，但消耗MP和SP变为两倍"
"7065","音ヨリモ速キ者","19","能力","9945","速武器マスタリーΩ","特殊アビリティ","短剣・忍者刀の装備効果が極限まで上昇する","","","","25","5","超音速者","速武器精通Ω","特殊能力","短剑・忍者刀的装备效果提升至极限"
"7065","音ヨリモ速キ者","19","能力","9950","服マスタリーΩ","特殊アビリティ","服・武道着の装備効果が極限まで上昇する","","","","15","5","超音速者","服装精通Ω","特殊能力","服装・武道服的装备效果提升至极限"
"7065","音ヨリモ速キ者","20","能力","9866","音ヨリモ速キ者の証","マスターアビリティ","防御APの最大値が20上昇し、素早さと器用さが20%アップ
短剣技・盗賊技・忍術のダメージが50%アップ","","","","0","999","超音速者","超音速者的证明","大师能力","防御AP的最大值增加20，敏捷和灵巧提升20%
短剑技・盗贼技・忍术伤害增加50%"
"7066","極マリシ偶像","2","技能","9424","マックスボルテージ","歌う","対象：味方全体　効果：連撃スキル4アップ
ボルテージが上がり、連続攻撃回数がアップする歌","0","0","10","","38","极致偶像","最大电压","歌唱","対象：味方全体　効果：連撃スキル4アップ
电压上升，连续攻击次数增加的歌"
"7066","極マリシ偶像","3","能力","6924","極まりし偶像の踊り","職技アビリティ","踊りにスタン・敏感・恍惚・誘惑・失禁・絶頂効果を付加する","","","","2","2","极致偶像","极致偶像之舞","职技能力","舞蹈附加眩晕・敏感・恍惚・诱惑・失禁・高潮效果"
"7066","極マリシ偶像","3","能力","6925","極まりし偶像の歌","職技アビリティ","歌うにスタン・敏感・恍惚・誘惑・失禁・絶頂効果を付加する","","","","2","2","极致偶像","极致偶像之歌","职技能力","歌唱附加眩晕・敏感・恍惚・诱惑・失禁・高潮效果"
"7066","極マリシ偶像","4","能力","6898","快楽昇天の踊り","職技アビリティ","踊りで快楽状態異常の敵に特攻が発生する","","","","2","2","极致偶像","极乐升天的舞蹈","职技能力","舞蹈对极乐状态异常的敌人触发特攻"
"7066","極マリシ偶像","4","能力","6899","快楽昇天の歌","職技アビリティ","歌うで快楽状態異常の敵に特攻が発生する","","","","2","2","极致偶像","极乐升天的歌声","职技能力","歌唱对极乐状态异常的敌人触发特攻"
"7066","極マリシ偶像","5","技能","9430","救世主の歌","歌う","対象：味方全体　効果：状態異常・即死効果など無効化
状態異常や即死、敵からの痛恨や特攻を無効化する加護の歌","0","0","15","","38","极致偶像","救世主之歌","歌唱","対象：味方全体　効果：状態異常・即死効果など無効化
使状态异常、即死、敌方的痛恨和特攻无效的加护之歌"
"7066","極マリシ偶像","6","能力","7126","踊る速攻","職技アビリティ","踊るが速攻で発動するが、消費SPが1.5倍になる","","","","25","2","极致偶像","舞蹈速攻","职技能力","踊るが速攻で発動するが、消費SPが1.5倍になる"
"7066","極マリシ偶像","6","能力","7127","歌う速攻","職技アビリティ","歌うが速攻で発動するが、消費SPが1.5倍になる","","","","25","2","极致偶像","歌唱速攻","职技能力","歌うが速攻で発動するが、消費SPが1.5倍になる"
"7066","極マリシ偶像","7","能力","8343","オート踊り封じの歌","特殊アビリティ","戦闘開始から2ターンの間、敵の扇技・踊りを無効化反撃","","","","15","5","极致偶像","自动舞封之歌","特殊能力","战斗开始后的2回合内，敌人的扇技・舞蹈无效化反击"
"7066","極マリシ偶像","7","能力","8344","オート歌封じの踊り","特殊アビリティ","戦闘開始から2ターンの間、敵の歌を無効化反撃","","","","15","5","极致偶像","自动歌封之舞","特殊能力","战斗开始后的2回合内，敌人的歌声无效化反击"
"7066","極マリシ偶像","8","能力","10055","トリは踊りで","特殊アビリティ","武技の後に「踊る」を発動できる","","","","10","5","极致偶像","鸟跃舞","特殊能力","武技后可以发动「舞蹈」"
"7066","極マリシ偶像","8","能力","10056","トリは歌で","特殊アビリティ","魔法の後に「歌う」を発動できる","","","","10","5","极致偶像","鸟鸣曲","特殊能力","魔法后可以发动「歌唱」"
"7066","極マリシ偶像","9","技能","9387","銀河大連舞","踊る","威力：Ｚ（器）　対象：敵ランダム6回　属性：ハドロン・ナノ・銀河
大宇宙のエネルギーを凝縮する究極の招来演舞","0","60","15","","37","极致偶像","银河大联舞","踊る","威力：Ｚ（器）　対象：敵ランダム6回　属性：ハドロン・ナノ・銀河
凝聚大宇宙能量的究极招来演舞"
"7066","極マリシ偶像","10","能力","6942","ノンストップダンシング","職技アビリティ","ターン終了後、ランダムで「踊る」が発動する","","","","10","2","极致偶像","不停歇的舞蹈","职技能力","回合结束后，随机发动「舞蹈」"
"7066","極マリシ偶像","10","能力","6943","ノンストップシンギング","職技アビリティ","ターン終了後、ランダムで「歌う」が発動する","","","","10","2","极致偶像","不停歌唱","职技能力","回合结束后，随机发动「歌唱」"
"7066","極マリシ偶像","11","技能","9413","百億光年銀河","歌う","威力：Ｚ（器）　対象：敵全体　属性：量子・音波・銀河　効果：フリーズ
銀河のエネルギーを集めて敵集団に照射する究極の歌","0","90","20","","38","极致偶像","百亿光年银河","歌唱","威力：Ｚ（器）　対象：敵全体　属性：量子・音波・銀河　効果：フリーズ
聚集银河能量照射敌群的究极之歌"
"7066","極マリシ偶像","12","能力","8247","ステージスペシャル","特殊アビリティ","「扇技」「踊る」「歌う」の順番で発動できる","","","","20","5","极致偶像","舞台特别","特殊能力","「扇技」「舞蹈」「歌唱」的顺序可以发动"
"7066","極マリシ偶像","13","能力","10029","全職技素早さ付加","職技アビリティ","全職技の威力に素早さを付加する","","","","15","2","极致偶像","全职技敏捷附加","职技能力","全職技の威力に素早さを付加する"
"7066","極マリシ偶像","13","能力","10040","全魔法素早さ付加","魔法アビリティ","全魔法の威力に素早さを付加する","","","","15","3","极致偶像","所有魔法附加敏捷","魔法能力","全魔法の威力に素早さを付加する"
"7066","極マリシ偶像","14","能力","7386","銀河エクスブースター","魔法アビリティ","銀河属性のダメージが50%アップする","","","","30","3","极致偶像","银河极限增强","魔法能力","银河属性的伤害提升50%"
"7066","極マリシ偶像","15","能力","7011","竪琴オーバーブースター","職技アビリティ","竪琴を用いたダメージと消費MP・SPが2倍になる
※同系統のブースターと同時セット可能","","","","3","2","极致偶像","竖琴超增强","职技能力","使用竖琴造成的伤害和消耗的MP・SP变为两倍
※可与同系列增强同时装备"
"7066","極マリシ偶像","16","能力","6565","扇オーバーブースター","戦技アビリティ","扇を用いたダメージと消費MP・SPが2倍になる
※同系統のブースターと同時セット可能","","","","3","1","极致偶像","扇超增强","战技能力","使用扇造成的伤害和消耗的MP・SP变为两倍
※可与同系列增强同时装备"
"7066","極マリシ偶像","17","技能","2069","時止めの舞","踊る","対象：全世界　効果：時間停止
時の流れに干渉し、時間を止める踊り","0","0","12","","37","极致偶像","时停之舞","踊る","対象：全世界　効果：時間停止
干涉时间流动，使时间停止的舞蹈"
"7066","極マリシ偶像","18","能力","9963","器用さのオーバーロード","職技アビリティ","器用さが75%アップするが、消費MPおよびSPが2倍になる","","","","3","2","极致偶像","灵巧超负荷","职技能力","灵巧提升75%，但消耗MP和SP变为两倍"
"7066","極マリシ偶像","19","能力","9946","楽武器マスタリーΩ","特殊アビリティ","竪琴・扇の装備効果が極限まで上昇する","","","","25","5","极致偶像","乐武器精通Ω","特殊能力","竖琴・扇的装备效果提升至极限"
"7066","極マリシ偶像","20","技能","9425","凍てつかない波動","歌う","対象：味方全体　効果：凍てつく波動系効果無効
3ターンの間、こちらの強化を解除する敵スキルを無効化する","0","0","10","","38","极致偶像","不冻结的波动","歌唱","対象：味方全体　効果：凍てつく波動系効果無効
3回合内，使解除我方强化的敌方技能无效化"
"7066","極マリシ偶像","20","能力","9867","極マリシ偶像の証","マスターアビリティ","職技APの最大値が20上昇し、最大SPと器用さが20%アップ
扇技・踊る・歌うのダメージが50%アップ","","","","0","999","极致偶像","极致偶像的证明","大师能力","职业技AP的最大值增加20，最大SP和灵巧提升20%
扇技・舞蹈・歌唱伤害增加50%"
"7067","快楽ヲ極メシ者","2","能力","7302","快楽を極めし者","魔法アビリティ","淫技・サイコにナイトメア属性を付加する","","","","5","3","极乐追求者","快乐达到极致者","魔法能力","淫技・念动控制附加噩梦属性"
"7067","快楽ヲ極メシ者","2","技能","9529","オーバーグローリー","淫技","威力：ＺＺ（器）　対象：敵ランダム4回　属性：ハドロン・ナイトメア　効果：敏感
電光石火の愛撫を連続で繰り出し集団を蹂躙する究極の快楽奥義","0","0","40","","49","极乐追求者","超极乐","淫技","威力：ＺＺ（器）　対象：敵ランダム4回　属性：ハドロン・ナイトメア　効果：敏感
以电光石火的连续爱抚蹂躏敌人的究极快乐奥义"
"7067","快楽ヲ極メシ者","3","能力","6868","器用さ75%アップ","職技アビリティ","器用さが75%アップする","","","","20","2","极乐追求者","灵巧提升75%","职技能力","灵巧提升75%"
"7067","快楽ヲ極メシ者","3","能力","7669","精神力75%アップ","防御アビリティ","精神力が75%アップする","","","","20","4","极乐追求者","精神力提升75%","防御能力","精神力提升75%"
"7067","快楽ヲ極メシ者","4","能力","597","快楽ダメージ吸収","防御アビリティ","快楽属性のダメージを吸収する","","","","40","4","极乐追求者","快乐伤害吸收","防御能力","吸收快乐属性的伤害"
"7067","快楽ヲ極メシ者","4","能力","8002","天国技巧","特殊アビリティ","淫技・サイコに拘束・敏感・恍惚・誘惑・失禁・絶頂効果を付加する","","","","5","5","极乐追求者","天堂技巧","特殊能力","淫技・念动附加拘束・敏感・恍惚・诱惑・失禁・绝顶效果"
"7067","快楽ヲ極メシ者","5","技能","9724","サイコボルテージ","サイコ","威力：ＺＺ（精or器）　対象：敵単体　属性：イオン・ナイトメア　効果：ショック・失禁・絶頂
快楽神経を直接刺激するオーラ電流を放つ念動力究極奥義","0","180","0","","67","极乐追求者","念动电压","念动","威力：ＺＺ（精or器）　対象：敵単体　属性：イオン・ナイトメア　効果：ショック・失禁・絶頂
释放出直接刺激快乐神经的气场电流的念动力究极奥义"
"7067","快楽ヲ極メシ者","6","能力","7158","淫技連撃回数3アップ","職技アビリティ","淫技連撃スキルのヒット数が3アップ","","","","20","2","极乐追求者","淫技连击次数增加3","职技能力","淫技连击技能的命中次数增加3"
"7067","快楽ヲ極メシ者","7","能力","7009","物理攻撃失禁付加75%","職技アビリティ","物理攻撃に75%の失禁効果が付加する","","","","40","2","极乐追求者","物理攻击失禁附加75%","职技能力","物理攻击有75%的几率附加失禁效果"
"7067","快楽ヲ極メシ者","7","能力","10024","絶え間なき魅惑","職技アビリティ","ターン開始時、魅惑のポーズを確率発動する","","","","10","2","极乐追求者","无尽的魅惑","职技能力","回合开始时，概率发动魅惑的姿势"
"7067","快楽ヲ極メシ者","8","能力","7183","淫技素早さ半分付加","職技アビリティ","淫技の威力に素早さの半分を付加する","","","","10","2","极乐追求者","淫技附加一半的敏捷","职技能力","淫技の威力に素早さの半分を付加する"
"7067","快楽ヲ極メシ者","9","能力","8248","ナイトメアロンド","特殊アビリティ","「鞭技or格闘」「サイコ」「淫技」の順番で発動できる","","","","20","5","极乐追求者","噩梦轮舞","特殊能力","「鞭技or格斗」「念动」「淫技」的顺序可以发动"
"7067","快楽ヲ極メシ者","10","技能","9723","サイコオルギア","サイコ","威力：Ｚ（精or器）　対象：敵全体　属性：ハドロン・ナイトメア　効果：恍惚・失禁・絶頂
オーラにより快楽空間を展開し、悪夢のように嫐り尽くす究極奥義","0","180","0","","67","极乐追求者","念动狂欢","念动","威力：Ｚ（精or器）　対象：敵全体　属性：ハドロン・ナイトメア　効果：恍惚・失禁・絶頂
通过气场展开快乐空间，像恶梦一样折磨敌人的究极奥义"
"7067","快楽ヲ極メシ者","11","能力","8430","バトルファッカーの経験","特殊アビリティ","敵をイかせた数が多いほど与えるダメージがアップする","","","","5","5","极乐追求者","BF斗士的经验","特殊能力","使敌人高潮的次数越多，造成的伤害越高"
"7067","快楽ヲ極メシ者","12","能力","10016","お仕置きの武技","戦技アビリティ","全武技で快楽状態異常に特攻が発生する","","","","5","1","极乐追求者","惩罚的武技","战技能力","所有武技对快乐状态异常的敌人有特攻效果"
"7067","快楽ヲ極メシ者","12","能力","10023","お仕置きの職技","職技アビリティ","全職技で快楽状態異常に特攻が発生する","","","","5","2","极乐追求者","惩罚的职技","职技能力","所有职技对快乐状态异常的敌人有特攻效果"
"7067","快楽ヲ極メシ者","13","技能","9115","快楽の支配者","鞭技","対象：使用者　効果：快楽・ナイトメア強化・敵快楽弱点
自身の快楽ダメージを大幅に強化し、敵を快楽弱点にする","0","0","10","","15","极乐追求者","快乐的支配者","鞭技","対象：使用者　効果：快楽・ナイトメア強化・敵快楽弱点
大幅强化自身的快乐伤害，使敌人成为快乐弱点"
"7067","快楽ヲ極メシ者","14","能力","7333","快楽オーバーブースター","魔法アビリティ","快楽属性のダメージと消費MP・SPが2倍になる
※同系統のブースターと同時セット可能","","","","3","3","极乐追求者","快乐超增强","魔法能力","快乐属性的伤害和消耗的MP・SP变为2倍
※可与同系列增强同时装备"
"7067","快楽ヲ極メシ者","14","能力","7380","無属性オーバーブースター","魔法アビリティ","無属性のダメージと消費MP・SPが2倍になる
※同系統のブースターと同時セット可能","","","","3","3","极乐追求者","无属性超增强","魔法能力","无属性伤害和消耗MP・SP翻倍
※可与同系列增强同时装备"
"7067","快楽ヲ極メシ者","15","能力","7017","淫具オーバーブースター","職技アビリティ","淫具を用いたダメージと消費MP・SPが2倍になる
※同系統のブースターと同時セット可能","","","","3","2","极乐追求者","淫具超增强","职技能力","使用淫具造成的伤害和消耗的MP・SP变为两倍
※可与同系列增强同时装备"
"7067","快楽ヲ極メシ者","15","能力","7537","サイコオーバーブースター","魔法アビリティ","「サイコ」によるダメージと消費MP・SPが2倍になる
※同系統のブースターと同時セット可能","","","","3","3","极乐追求者","念动超增强","魔法能力","「念动」造成的伤害和消耗MP・SP翻倍
※可与同系列增强同时装备"
"7067","快楽ヲ極メシ者","16","技能","9530","死に至る快楽","淫技","威力：ＺＺ（器）　対象：敵単体　属性：修羅・ナイトメア　効果：絶頂
死に至るほどの快楽で相手を責め嫐る究極の快楽奥義","0","0","40","","49","极乐追求者","致死的快乐","淫技","威力：ＺＺ（器）　対象：敵単体　属性：修羅・ナイトメア　効果：絶頂
以致死的快乐折磨对手的究极快乐奥义"
"7067","快楽ヲ極メシ者","17","能力","7392","ナイトメアハイブースター","魔法アビリティ","ナイトメア属性のダメージが30%アップする","","","","20","3","极乐追求者","噩梦高级增强","魔法能力","噩梦属性的伤害提升30%"
"7067","快楽ヲ極メシ者","18","能力","9963","器用さのオーバーロード","職技アビリティ","器用さが75%アップするが、消費MPおよびSPが2倍になる","","","","3","2","极乐追求者","灵巧超负荷","职技能力","灵巧提升75%，但消耗MP和SP变为两倍"
"7067","快楽ヲ極メシ者","19","能力","9947","淫武器マスタリーΩ","特殊アビリティ","鞭・淫具の装備効果が極限まで上昇する","","","","25","5","极乐追求者","淫武器精通Ω","特殊能力","鞭・淫具的装备效果提升至极限"
"7067","快楽ヲ極メシ者","19","能力","9953","ドレスマスタリーΩ","特殊アビリティ","ドレス・薄着の装備効果が極限まで上昇する","","","","15","5","极乐追求者","礼服精通Ω","特殊能力","礼服・薄衣的装备效果提升至极限"
"7067","快楽ヲ極メシ者","20","能力","9868","快楽ヲ極メシ者の証","マスターアビリティ","職技APの最大値が20上昇し、精神力と器用さが20%アップ
淫技・サイコのダメージが50%アップ","","","","0","999","极乐追求者","追求快乐者的证明","大师能力","职业技AP的最大值增加20，心灵和灵巧提升20%
淫技・念动伤害增加50%"
"7068","真理ノ探究者","2","技能","9448","ニュークリア・ゼロ","魔導科学","威力：Ｚ（魔or器）　対象：敵全体　属性：核熱・イオン
恒星に匹敵する核爆発を発生させる究極の魔導科学奥義","0","0","40","","40","真理探究者","核零","魔導科学","威力：Ｚ（魔or器）　対象：敵全体　属性：核熱・イオン
引发恒星级核爆的究极魔导科学奥义"
"7068","真理ノ探究者","3","能力","6868","器用さ75%アップ","職技アビリティ","器用さが75%アップする","","","","20","2","真理探究者","灵巧提升75%","职技能力","灵巧提升75%"
"7068","真理ノ探究者","3","能力","8418","求道者の節約","特殊アビリティ","錬金術・魔本術使用時、75%の確率で素材を消費しない","","","","25","5","真理探究者","求道者节约","特殊能力","炼金术・魔本术使用时，75%的概率不消耗素材"
"7068","真理ノ探究者","3","能力","8419","求道者の贅沢","特殊アビリティ","錬金術と魔本術の威力1.5倍になるが、素材の消費量が2倍になる","","","","20","5","真理探究者","求道者奢华","特殊能力","錬金術と魔本術の威力1.5倍になるが、素材の消費量が2倍になる"
"7068","真理ノ探究者","4","技能","9479","神殺しのチェーンソー","マキナ","威力：ＺＺ（器）　対象：敵ランダム9回　属性：修羅・終焉　効果：神特攻
神殺しの力が備わると言われている出自不明のチェーンソー","0","0","40","","43","真理探究者","弑神链锯","器械","威力：ＺＺ（器）　対象：敵ランダム9回　属性：修羅・終焉　効果：神特攻
据说拥有弑神之力的不明来源链锯"
"7068","真理ノ探究者","5","能力","10030","対聖素消滅反応","魔法アビリティ","全魔法で聖痕状態の敵に特攻が発生する","","","","5","3","真理探究者","对圣素消亡反应","魔法能力","所有魔法对处于圣痕状态的敌人发动特攻"
"7068","真理ノ探究者","5","能力","10031","対魔素消滅反応","魔法アビリティ","全魔法で闇穢状態の敵に特攻が発生する","","","","5","3","真理探究者","对魔素消亡反应","魔法能力","所有魔法对处于暗秽状态的敌人发动特攻"
"7068","真理ノ探究者","6","能力","7129","マキナ速攻","職技アビリティ","マキナが速攻で発動するが、消費SPが1.5倍になる","","","","25","2","真理探究者","器械速攻","职技能力","マキナが速攻で発動するが、消費SPが1.5倍になる"
"7068","真理ノ探究者","6","能力","8345","オート機構解析","特殊アビリティ","戦闘開始から2ターンの間、敵のマキナ・造技を無効化反撃","","","","15","5","真理探究者","自动机构解析","特殊能力","战斗开始后的2回合内，敌人的器械・造技无效化反击"
"7068","真理ノ探究者","7","能力","10041","全魔法器用さ付加","魔法アビリティ","全魔法の威力に器用さを付加する","","","","15","3","真理探究者","所有魔法附加灵巧","魔法能力","全魔法の威力に器用さを付加する"
"7068","真理ノ探究者","7","能力","10096","ラッシュターン延長","特殊アビリティ","乾坤一擲やバレットタイムの持続ターンが1ターン増加する
ウィッチタイムには適用されない","","","","15","5","真理探究者","急速回合延长","特殊能力","乾坤一掷或子弹时间的持续回合增加1回合
不适用于魔女时间"
"7068","真理ノ探究者","8","能力","8249","求道者コンボ","特殊アビリティ","「魔導科学」「魔本術」「召喚or錬金術orマキナ」の順番で発動できる","","","","20","5","真理探究者","求道者连击","特殊能力","「魔导科学」「魔本术」「召唤or炼金术or器械」的顺序可以发动"
"7068","真理ノ探究者","9","技能","9459","反物質","錬金術","威力：ＺＺ（魔or器）　対象：敵全体　属性：永劫・終焉・銀河
反物質を精製し対反応による破滅的現象を引き起こす","0","0","0","","41","真理探究者","反物质","炼金术","威力：ＺＺ（魔or器）　対象：敵全体　属性：永劫・終焉・銀河
精炼反物质，引发对反应造成的毁灭现象"
"7068","真理ノ探究者","10","技能","9469","焦土のXXXページ","魔本術","威力：Ｚ（魔）　対象：敵全体　属性：核熱・量子・イオン
世界を焦土に変えるという番号不明のページ","0","0","0","","42","真理探究者","焦土的XXX页","魔本术","威力：Ｚ（魔）　対象：敵全体　属性：核熱・量子・イオン
将世界变为焦土的编号不明的页面"
"7068","真理ノ探究者","11","技能","9480","次元崩壊ランチャー","マキナ","威力：４Ｚ（器）　対象：敵全体　属性：イオン・ハドロン・ナノ
次元を崩壊させる力を備えた混沌兵器","0","0","70","","43","真理探究者","次元崩坏发射器","器械","威力：４Ｚ（器）　対象：敵全体　属性：イオン・ハドロン・ナノ
具备崩坏次元之力的混沌兵器"
"7068","真理ノ探究者","12","技能","9450","クインテッセンス","魔導科学","威力：ＺＺ（魔or器）　対象：敵全体　属性：核熱・量子・イオン・銀河
混沌を科学で解析し、未知のエネルギーによる破滅事象を引き起こす","0","0","50","","40","真理探究者","精质","魔導科学","威力：ＺＺ（魔or器）　対象：敵全体　属性：核熱・量子・イオン・銀河
通过科学解析混沌，引发未知能量造成的破灭事象"
"7068","真理ノ探究者","13","技能","9258","ノーライフキング","召喚","威力：ＺＺ（魔or器）　対象：敵全体　属性：量子・終焉・バイオ
使役ゾンビ「ノーライフキング」を呼び出す","45%当前HP","0","0","","25","真理探究者","无生之王","召唤","威力：ＺＺ（魔or器）　対象：敵全体　属性：量子・終焉・バイオ
使役ゾンビ「ノーライフキング」を呼び出す"
"7068","真理ノ探究者","13","技能","9261","ワールドドロウン","召喚","威力：ＺＺ（魔or器）　対象：敵全体　属性：ナノ・終焉
使役ゴースト「ワールドドロウン」を呼び出す","0","270","0","","25","真理探究者","世界沉没者","召唤","威力：ＺＺ（魔or器）　対象：敵全体　属性：ナノ・終焉
使役ゴースト「ワールドドロウン」を呼び出す"
"7068","真理ノ探究者","13","技能","9264","デウスエクスマキナ","召喚","威力：ＺＺ（魔or器）　対象：敵全体　属性：修羅・永劫・終焉・銀河
からくり人形「デウスエクスマキナ」を呼び出す","0","0","50","","25","真理探究者","机械降神","召唤","威力：ＺＺ（魔or器）　対象：敵全体　属性：修羅・永劫・終焉・銀河
からくり人形「デウスエクスマキナ」を呼び出す"
"7068","真理ノ探究者","14","能力","7399","核熱ハイブースター","魔法アビリティ","核熱属性のダメージが30%アップする","","","","20","3","真理探究者","核热高级增强","魔法能力","核热属性伤害提升30%"
"7068","真理ノ探究者","14","能力","7413","イオンハイブースター","魔法アビリティ","イオン属性のダメージが30%アップする","","","","20","3","真理探究者","离子高级增强","魔法能力","离子属性伤害提升30%"
"7068","真理ノ探究者","15","能力","7420","ハドロンハイブースター","魔法アビリティ","ハドロン属性のダメージが30%アップする","","","","20","3","真理探究者","强子高级增强","魔法能力","强子属性伤害提升30%"
"7068","真理ノ探究者","15","能力","7434","ナノハイブースター","魔法アビリティ","ナノ属性のダメージが30%アップする","","","","20","3","真理探究者","纳米高级增强","魔法能力","纳米属性伤害提升30%"
"7068","真理ノ探究者","16","能力","10047","衝撃吸収パワーチャージ","防御アビリティ","カウンターで全力溜めを確率発動する","","","","25","4","真理探究者","冲击吸收力量充能","防御能力","反击时概率发动全力蓄力"
"7068","真理ノ探究者","16","能力","10048","衝撃吸収マジックチャージ","防御アビリティ","カウンターでコンセントレイトを確率発動する","","","","25","4","真理探究者","冲击吸收魔法充能","防御能力","反击时概率发动集中"
"7068","真理ノ探究者","16","能力","10049","衝撃吸収テクニックチャージ","防御アビリティ","カウンターでソフィストケイトを確率発動する","","","","25","4","真理探究者","冲击吸收技巧充能","防御能力","反击时概率发动精密提升"
"7068","真理ノ探究者","17","能力","6560","鎌オーバーブースター","戦技アビリティ","鎌を用いたダメージと消費MP・SPが2倍になる
※同系統のブースターと同時セット可能","","","","3","1","真理探究者","镰超增强","战技能力","使用镰造成的伤害和消耗的MP・SP变为两倍
※可与同系列增强同时装备"
"7068","真理ノ探究者","17","能力","7078","マキナオーバーブースター","職技アビリティ","「マキナ」によるダメージと消費MP・SPが2倍になる
※同系統のブースターと同時セット可能","","","","3","2","真理探究者","器械超增强","职技能力","「器械」造成的伤害和消耗的MP・SP变为2倍
※可与同系列增强同时装备"
"7068","真理ノ探究者","17","能力","7467","魔導書オーバーブースター","魔法アビリティ","魔導書を用いたダメージと消費MP・SPが2倍になる
※同系統のブースターと同時セット可能","","","","3","3","真理探究者","魔导书超增强","魔法能力","使用魔导书造成的伤害和消耗的MP・SP变为2倍
※可与同系列增强同时装备"
"7068","真理ノ探究者","18","能力","9960","魔力のオーバーロード","魔法アビリティ","魔力が75%アップするが、消費MPおよびSPが2倍になる","","","","3","3","真理探究者","魔力超负荷","魔法能力","魔力提升75%，但消耗MP和SP变为两倍"
"7068","真理ノ探究者","18","能力","9963","器用さのオーバーロード","職技アビリティ","器用さが75%アップするが、消費MPおよびSPが2倍になる","","","","3","2","真理探究者","灵巧超负荷","职技能力","灵巧提升75%，但消耗MP和SP变为两倍"
"7068","真理ノ探究者","19","能力","9955","帽子マスタリーΩ","特殊アビリティ","帽子・魔帽・高級帽の装備効果が極限まで上昇する","","","","15","5","真理探究者","帽子精通Ω","特殊能力","帽子・魔法帽・高级帽的装备效果提升至极限"
"7068","真理ノ探究者","20","能力","9869","真理ノ探究者の証","マスターアビリティ","魔法APの最大値が20上昇し、魔力と器用さが20%アップ
魔導科学・錬金術・魔本術・マキナのダメージが50%アップ","","","","0","999","真理探究者","真理探究者的证明","大师能力","魔法AP的最大值增加20，魔力和灵巧提升20%
魔导科学・炼金术・魔本术・器械伤害增加50%"
"7068","真理ノ探究者","20","能力","10097","ラッシュターン超延長","特殊アビリティ","乾坤一擲やバレットタイムの持続ターンが3ターン増加する
ウィッチタイムには適用されない","","","","30","5","真理探究者","急速回合超延长","特殊能力","乾坤一掷或子弹时间的持续回合增加3回合
不适用于魔女时间"
"7069","万職ヲ極メシ仕事人","2","技能","9343","混沌銭投げ","商技","威力：レベル依存　対象：敵全体
お金を敵に投げつけ、ダメージを与える","0","0","0","","34","万职极尽的工匠","混沌投钱","商技","威力：レベル依存　対象：敵全体
向敌人投掷金钱，造成伤害"
"7069","万職ヲ極メシ仕事人","2","技能","9354","不死鳥の魂購入","商技","対象：味方全体（控え含む）　効果：完全蘇生
不死鳥の魂を購入し、即座に使用する","0","0","0","","34","万职极尽的工匠","购买不死鸟之魂","商技","対象：味方全体（控え含む）　効果：完全蘇生
购买不死鸟之魂并立即使用"
"7069","万職ヲ極メシ仕事人","2","技能","9355","グランドエリクシル購入","商技","対象：味方全体（控え含む）　効果：HP/MP/SP全回復・全状態異常治療
味方全体のHPとMPおよびSP、あらゆる状態異常を治療する神薬","0","0","0","","34","万职极尽的工匠","购买大万能药","商技","対象：味方全体（控え含む）　効果：HP/MP/SP全回復・全状態異常治療
能恢复我方全体的HP、MP和SP，治疗所有异常状态的神药"
"7069","万職ヲ極メシ仕事人","3","能力","7901","全能力値20%アップ","特殊アビリティ","全能力値が20%アップする","","","","10","5","万职极尽的工匠","全能力值提升20%","特殊能力","全能力值提升20%"
"7069","万職ヲ極メシ仕事人","3","能力","7931","最終薬効","特殊アビリティ","回復アイテムの効果が10倍になる","","","","20","5","万职极尽的工匠","最终药效","特殊能力","恢复道具的效果变为10倍"
"7069","万職ヲ極メシ仕事人","4","能力","7332","魔石ダメージ極強化","魔法アビリティ","魔石によるダメージが極大アップする","","","","15","3","万职极尽的工匠","魔石伤害极强化","魔法能力","魔石造成的伤害极大提升"
"7069","万職ヲ極メシ仕事人","4","能力","8422","極上備蓄獲得","特殊アビリティ","戦闘中、手裏剣・ページ・錬金素材を頻繁にゲットする","","","","25","5","万职极尽的工匠","极上储备获得","特殊能力","战斗中，频繁获得手里剑・页面・炼金素材"
"7069","万職ヲ極メシ仕事人","5","能力","7012","包丁オーバーブースター","職技アビリティ","包丁を用いたダメージと消費MP・SPが2倍になる
※同系統のブースターと同時セット可能","","","","3","2","万职极尽的工匠","菜刀超增强","职技能力","使用菜刀造成的伤害和消耗的MP・SP变为两倍
※可与同系列增强同时装备"
"7069","万職ヲ極メシ仕事人","5","能力","8405","料理数超アップ","特殊アビリティ","料理スキルで完成する料理の数が3倍になる","","","","20","5","万职极尽的工匠","料理数量超增加","特殊能力","料理技能完成的料理数量变为3倍"
"7069","万職ヲ極メシ仕事人","6","能力","7015","カードオーバーブースター","職技アビリティ","カードを用いたダメージと消費MP・SPが2倍になる
※同系統のブースターと同時セット可能","","","","3","2","万职极尽的工匠","卡牌超增强","职技能力","使用卡牌造成的伤害和消耗的MP・SP变为两倍
※可与同系列增强同时装备"
"7069","万職ヲ極メシ仕事人","6","技能","9377","プログレッシブジャックポット","オラクル","威力：可変（器）　対象：敵ランダム9回　属性：銀河
威力がランダムで激変するギャンブラーの究極奥義","0","0","25","","36","万职极尽的工匠","渐进式累积奖池","神谕","威力：可変（器）　対象：敵ランダム9回　属性：銀河
威力随机剧烈变化的赌徒究极奥义"
"7069","万職ヲ極メシ仕事人","7","能力","6878","職技SPハイバースト","職技アビリティ","SPの残量が多いほど職技の威力が大アップする","","","","10","2","万职极尽的工匠","职技SP超级爆发","职技能力","SP剩余越多，职技威力大幅提升"
"7069","万職ヲ極メシ仕事人","7","技能","9488","カオスシチュー","料理","威力：Ｚ（器）　対象：敵全体　属性：永劫・終焉　効果：即死
カオスシチューを作り、料理効果を発揮する","0","0","0","","44","万职极尽的工匠","混沌炖菜","料理","威力：Ｚ（器）　対象：敵全体　属性：永劫・終焉　効果：即死
制作混沌炖菜，发挥料理效果"
"7069","万職ヲ極メシ仕事人","8","能力","7016","皿オーバーブースター","職技アビリティ","皿を用いたダメージと消費MP・SPが2倍になる
※同系統のブースターと同時セット可能","","","","3","2","万职极尽的工匠","盘超增强","职技能力","使用盘造成的伤害和消耗的MP・SP变为两倍
※可与同系列增强同时装备"
"7069","万職ヲ極メシ仕事人","8","技能","9507","メイドユニバース","御奉仕","威力：Ｚ（器）　対象：敵全体　属性：銀河
詳細は不明だが、メイド界に伝わる伝説の奥義","0","0","40","","46","万职极尽的工匠","女仆宇宙","侍奉","威力：Ｚ（器）　対象：敵全体　属性：銀河
详情不明，但据传是女仆界流传的传说奥义"
"7069","万職ヲ極メシ仕事人","9","能力","6890","真・一意専心","職技アビリティ","敵単体時、全職技の威力が50%アップする","","","","15","2","万职极尽的工匠","真・一心一意","职技能力","敌人为单体时，所有职技威力提升50%"
"7069","万職ヲ極メシ仕事人","9","技能","9439","禁じられた言霊","話す","威力：Ｚ（器）　対象：敵全体　属性：銀河
禁じられた存在を想起させる究極の言霊","0","0","40","","39","万职极尽的工匠","禁忌之言灵","交谈","威力：Ｚ（器）　対象：敵全体　属性：銀河
唤起禁忌存在的究极言灵"
"7069","万職ヲ極メシ仕事人","10","能力","7014","メスオーバーブースター","職技アビリティ","メスを用いたダメージと消費MP・SPが2倍になる
※同系統のブースターと同時セット可能","","","","3","2","万职极尽的工匠","手术刀超增强","职技能力","使用手术刀造成的伤害和消耗的MP・SP变为两倍
※可与同系列增强同时装备"
"7069","万職ヲ極メシ仕事人","10","技能","9491","絶滅医術","医術","威力：Ｚ（力・器）　対象：敵単体4回　属性：バイオ　効果：毒・即死
絶滅をもたらすという禁断の医術","0","0","30","","45","万职极尽的工匠","灭绝医术","医术","威力：Ｚ（力・器）　対象：敵単体4回　属性：バイオ　効果：毒・即死
带来灭绝的禁忌医术"
"7069","万職ヲ極メシ仕事人","11","技能","9788","職技拡散","特技","対象：使用者　効果：職技スキル全体化
3ターンの間、職技スキルが全体化する","0","0","5","","63","万职极尽的工匠","职技扩散","特技","対象：使用者　効果：職技スキル全体化
3回合内，职业技能变为全体攻击"
"7069","万職ヲ極メシ仕事人","12","能力","7885","全職技スキル後ガード","防御アビリティ","職技スキルの使用後、防御状態になる","","","","25","4","万职极尽的工匠","全职技技能后防御","防御能力","使用职业技能后，进入防御状态"
"7069","万職ヲ極メシ仕事人","13","技能","9357","魔神の秘薬購入","商技","対象：味方全体　効果：最大HP2倍
魔神の秘薬を購入し、即座に使用する","0","0","0","","34","万职极尽的工匠","购买魔神的秘药","商技","対象：味方全体　効果：最大HP2倍
购买魔神的秘药并立即使用"
"7069","万職ヲ極メシ仕事人","13","技能","9359","女神の秘薬購入","商技","対象：味方全体　効果：最大MP2倍
女神の秘薬を購入し、即座に使用する","0","0","0","","34","万职极尽的工匠","购买女神的秘药","商技","対象：味方全体　効果：最大MP2倍
购买女神的秘药并立即使用"
"7069","万職ヲ極メシ仕事人","13","技能","9361","鬼神の秘薬購入","商技","対象：味方全体　効果：最大SP2倍
鬼神の秘薬を購入し、即座に使用する","0","0","0","","34","万职极尽的工匠","购买鬼神的秘药","商技","対象：味方全体　効果：最大SP2倍
购买了鬼神的秘药，并立即使用"
"7069","万職ヲ極メシ仕事人","14","技能","9347","混沌納入","商技","対象：使用者　効果：アイテム取得
金を支払い、ランダムに稀少なアイテムを取得する","0","0","0","","34","万职极尽的工匠","混沌缴纳","商技","対象：使用者　効果：アイテム取得
支付金钱，随机获得稀有物品"
"7069","万職ヲ極メシ仕事人","15","能力","7013","そろばんオーバーブースター","職技アビリティ","そろばんを用いたダメージと消費MP・SPが2倍になる
※同系統のブースターと同時セット可能","","","","3","2","万职极尽的工匠","算盘超增强","职技能力","使用算盘造成的伤害和消耗的MP・SP变为两倍
※可与同系列增强同时装备"
"7069","万職ヲ極メシ仕事人","16","能力","8250","ジョブマスターコンボ表","特殊アビリティ","「医術」「話す」「商技」の順番で発動できる","","","","20","5","万职极尽的工匠","职业大师连击表","特殊能力","「医术」「交谈」「商技」的顺序可以发动"
"7069","万職ヲ極メシ仕事人","16","能力","8251","ジョブマスターコンボ裏","特殊アビリティ","「御奉仕」「オラクル」「料理」の順番で発動できる","","","","20","5","万职极尽的工匠","职业大师连击里","特殊能力","「侍奉」「神谕」「料理」的顺序可以发动"
"7069","万職ヲ極メシ仕事人","17","能力","425","職技二連続発動","職技アビリティ","職技スキルが二回連続で発動、消費量が1.5倍になる","","","","30","2","万职极尽的工匠","職技二連続発動","职技能力","職技スキルが二回連続で発動、消費量が1.5倍になる"
"7069","万職ヲ極メシ仕事人","18","能力","9963","器用さのオーバーロード","職技アビリティ","器用さが75%アップするが、消費MPおよびSPが2倍になる","","","","3","2","万职极尽的工匠","灵巧超负荷","职技能力","灵巧提升75%，但消耗MP和SP变为两倍"
"7069","万職ヲ極メシ仕事人","19","能力","9948","職武器マスタリーΩ","特殊アビリティ","包丁・そろばん・メス・カード・皿の装備効果が極限まで上昇する","","","","25","5","万职极尽的工匠","职武器精通Ω","特殊能力","菜刀・算盘・手术刀・卡牌・盘的装备效果提升至极限"
"7069","万職ヲ極メシ仕事人","20","能力","9870","万職ヲ極メシ仕事人の証","マスターアビリティ","職技APの最大値が20上昇し、最大SPと器用さが20%アップ
全職技のダメージが50%アップ","","","","0","999","万职极尽的工匠","万职极尽的工匠的证明","大师能力","职业技AP的最大值增加20，最大SP和灵巧提升20%
全职业技伤害增加50%"
"7069","万職ヲ極メシ仕事人","20","能力","10025","ランダムアクト","職技アビリティ","ランダムに行動回数が増える事がある","","","","30","2","万职极尽的工匠","随机行动","职技能力","有时会增加随机行动次数"
"7070","英雄王","2","技能","9338","海覇閃旺","海賊技","威力：ＺＺ（力or器or速）　対象：敵ランダム6回　属性：修羅・量子・ナノ
究極の海賊技として伝えられる、海を統べる者の奥義","0","0","40","","32","英雄王","海霸闪旺","海盗技","威力：ＺＺ（力or器or速）　対象：敵ランダム6回　属性：修羅・量子・ナノ
作为究极海贼技传承的，统治海洋者的奥义"
"7070","英雄王","3","能力","6301","HP75%アップ","戦技アビリティ","最大HPが75%アップする","","","","20","1","英雄王","HP提升75%","战技能力","最大HP提升75%"
"7070","英雄王","3","能力","6858","SP75%アップ","職技アビリティ","最大SPが75%アップする","","","","20","2","英雄王","SP提升75%","职技能力","最大SP提升75%"
"7070","英雄王","4","能力","6352","真・一騎当千","戦技アビリティ","敵複数時、全武技および王技・勇者技の威力が50%アップする
※強敵との戦い・勇者の挑戦系との併用は不可能","","","","15","1","英雄王","真・一骑当千","战技能力","敌人为复数时，所有武技和王技・勇者技的威力提升50%
※无法与强敌对峙・勇者的挑战系技能同时使用"
"7070","英雄王","5","能力","652","拘束無効","防御アビリティ","拘束攻撃を完全に無効化する","","","","20","4","英雄王","拘束无效","防御能力","拘束攻击完全无效化"
"7070","英雄王","5","能力","8342","オート海守の刃","特殊アビリティ","戦闘開始から2ターンの間、敵の海賊技・海技を無効化反撃","","","","15","5","英雄王","自动海守之刃","特殊能力","战斗开始后的2回合内，敌人的海贼技・海技无效化反击"
"7070","英雄王","6","能力","7907","毎ターンHP50%回復","特殊アビリティ","ターンごとにHPが50%回復する","","","","50","5","英雄王","每回合HP恢复50%","特殊能力","每回合HP恢复50%"
"7070","英雄王","6","能力","7913","毎ターンSP50%回復","特殊アビリティ","ターンごとにSPが50%回復する","","","","50","5","英雄王","每回合SP恢复50%","特殊能力","每回合SP恢复50%"
"7070","英雄王","7","能力","8254","英雄王の偉業","特殊アビリティ","「剣技」「王技」「勇者技」の順番で発動できる","","","","20","5","英雄王","英雄王的伟业","特殊能力","「剑技」「王技」「勇者技」的顺序可以发动"
"7070","英雄王","8","能力","847","全防具装備可能","特殊アビリティ","全ての防具が装備可能になる","","","","10","5","英雄王","可以装备全防具","特殊能力","变得可以装备全防具"
"7070","英雄王","9","技能","9521","天臥裂煌","王技","威力：ＺＺＺ（力）　対象：敵全体　属性：修羅・永劫・終焉
天地を裂き全てを消滅させる、王者の究極奥義","0","0","60","","47","英雄王","天卧裂煌","王技","威力：ＺＺＺ（力）　対象：敵全体　属性：修羅・永劫・終焉
撕裂天地，将一切消灭的王者究极奥义"
"7070","英雄王","10","能力","6349","真・勇者の挑戦","戦技アビリティ","敵単体時、全武技および王技・勇者技の威力が50%アップする
※獅子奮迅・一騎当千系との併用は不可能","","","","15","1","英雄王","真・勇者的挑战","战技能力","敌人为单体时，所有武技和王技・勇者技的威力提升50%
※无法与狮子奋迅・一骑当千系技能同时使用"
"7070","英雄王","11","能力","7943","戦闘開始時SP大超過","特殊アビリティ","戦闘開始時の初期SPが最大値の150%になる","","","","30","5","英雄王","战斗开始时SP大超额","特殊能力","战斗开始时的初始SP最大值增加150%"
"7070","英雄王","12","能力","7895","最大HP・MP・SP30%アップ","特殊アビリティ","最大HP・MP・SPが30%アップする","","","","15","5","英雄王","最大HP・MP・SP提升30%","特殊能力","最大HP・MP・SP提升30%"
"7070","英雄王","13","能力","8429","勝利の経験","特殊アビリティ","敵を倒した数が多いほど与えるダメージがアップする","","","","5","5","英雄王","胜利的经验","特殊能力","击败的敌人越多，造成的伤害越高"
"7070","英雄王","13","能力","10100","精霊強化","魔法アビリティ","四精霊および麒麟・氷帰蝶の効果を大幅に強化する","","","","15","3","英雄王","精灵强化","魔法能力","四大精灵及麒麟・冰归蝶的效果大幅强化"
"7070","英雄王","14","技能","2452","八夜羅刹斬","勇者技","威力：ＺＺＺ（力）　対象：敵全体　属性：修羅・永劫・終焉
全てを混沌へと還す、勇者の究極最終奥義","0","0","60","","48","英雄王","八夜罗刹斩","勇者技","威力：ＺＺＺ（力）　対象：敵全体　属性：修羅・永劫・終焉
将一切归于混沌的勇者究极最终奥义"
"7070","英雄王","15","能力","6524","ボス特攻75%","戦技アビリティ","ボスへのダメージが75%アップする","","","","40","1","英雄王","BOSS特攻75%","战技能力","对BOSS的伤害提升75%"
"7070","英雄王","16","能力","6526","物理オーバーブースター","戦技アビリティ","物理属性のダメージと消費MP・SPが2倍になる
※同系統のブースターと同時セット可能","","","","3","1","英雄王","物理超增强","战技能力","物理属性伤害和消耗MP・SP变为2倍
※可与同系列增强同时装备"
"7070","英雄王","17","能力","6541","修羅ハイブースター","戦技アビリティ","修羅属性のダメージが30%アップする","","","","30","1","英雄王","修罗高级增强","战技能力","修罗属性伤害提升30%"
"7070","英雄王","18","能力","9958","力のオーバーロード","戦技アビリティ","攻撃力が75%アップするが、消費MPおよびSPが2倍になる","","","","3","1","英雄王","力量超负荷","战技能力","攻击力提升75%，但消耗MP和SP变为两倍"
"7070","英雄王","19","能力","9951","鎧マスタリーΩ","特殊アビリティ","胸当て・鎧・重鎧・甲羅の装備効果が極限まで上昇する","","","","15","5","英雄王","铠精通Ω","特殊能力","胸甲・铠・重铠・甲壳的装备效果提升至极限"
"7070","英雄王","19","能力","9954","兜マスタリーΩ","特殊アビリティ","兜・重兜の装備効果が極限まで上昇する","","","","15","5","英雄王","盔精通Ω","特殊能力","盔・重盔的装备效果提升至极限"
"7070","英雄王","20","技能","2453","烈心天塵英雄剣","勇者技","威力：５Ｚ（力）　対象：敵ランダム4回　属性：修羅・永劫・終焉　効果：天使特攻
烈心天塵剣を四連続で繰り出す限界を超えた混沌奥義","18%当前HP","135","24","","48","英雄王","烈心天尘英雄剑","勇者技","威力：５Ｚ（力）　対象：敵ランダム4回　属性：修羅・永劫・終焉　効果：天使特攻
连续四次使出烈心天尘剑的超越极限混沌奥义"
"7070","英雄王","20","能力","9871","英雄王の証","マスターアビリティ","特殊APの最大値が20上昇し、最大HP・最大SP・攻撃力が20%アップ
海賊技・ヒーロー技・王技・勇者技のダメージが50%アップ","","","","0","999","英雄王","英雄王的证明","大师能力","特殊AP的最大值增加20，最大HP・最大SP・攻击力增加20%
海贼技・英雄技・王技・勇者技的伤害增加50%"
"7071","ジャッジメント","2","技能","9023","天軍滅星","剣技","威力：５Ｚ（力）　対象：敵単体　属性：修羅・永劫・終焉
神に背く者を断罪する究極の一撃","0","200","35","","7","审判","天军灭星","剑技","威力：５Ｚ（力）　対象：敵単体　属性：修羅・永劫・終焉
对违背神者施以究极审判的一击"
"7071","ジャッジメント","3","能力","6303","HP150%アップ","戦技アビリティ","最大HPが150%アップする","","","","30","1","审判","HP提升150%","战技能力","最大HP提升150%"
"7071","ジャッジメント","4","技能","9277","明星塵煌","聖技","威力：４Ｚ（力or精）　対象：敵全体　属性：修羅・永劫・終焉　効果：物理・魔法カウンター発動
審判者に宿った明星の輝き","0","225","35","","26","审判","明星尘煌","圣技","威力：４Ｚ（力or精）　対象：敵全体　属性：修羅・永劫・終焉　効果：物理・魔法カウンター発動
审判者所宿的明星光辉"
"7071","ジャッジメント","5","能力","7244","MP150%アップ","魔法アビリティ","最大MPが150%アップする","","","","30","3","审判","MP提升150%","魔法能力","最大MP提升150%"
"7071","ジャッジメント","6","能力","9964","絶対的神聖存在","特殊アビリティ","HP・MP・SPおよび全能力値が1.5倍になるが「聖技」しか使用できない","","","","3","5","审判","绝对神圣存在","特殊能力","HP・MP・SPおよび全能力値が1.5倍になるが「聖技」しか使用できない"
"7071","ジャッジメント","7","能力","7249","魔力150%アップ","魔法アビリティ","魔力が150%アップする","","","","30","3","审判","魔力提升150%","魔法能力","魔力提升150%"
"7071","ジャッジメント","8","技能","3110","創世の女神イリアス","特技","威力：４Ｚ（精）　対象：敵全体　属性：イオン・永劫　効果：昇天
女神イリアスを召喚し、聖なるオーラを周囲に満たす","0","450","0","","63","审判","创世女神伊莉娅丝","特技","威力：４Ｚ（精）　対象：敵全体　属性：イオン・永劫　効果：昇天
召唤女神伊莉娅丝，充满神圣的光环"
"7071","ジャッジメント","9","能力","7671","精神力150%アップ","防御アビリティ","精神力が150%アップする","","","","30","4","审判","精神力提升150%","防御能力","精神力提升150%"
"7071","ジャッジメント","10","能力","7601","聖技魔力半分付加","魔法アビリティ","聖技の威力に魔力の半分を付加する","","","","10","3","审判","圣技附加一半的魔力","魔法能力","聖技の威力に魔力の半分を付加する"
"7071","ジャッジメント","11","能力","6870","器用さ150%アップ","職技アビリティ","器用さが150%アップする","","","","30","2","审判","灵巧提升150%","职技能力","灵巧提升150%"
"7071","ジャッジメント","12","能力","7806","永劫吸収","防御アビリティ","永劫属性のダメージを吸収する","","","","60","4","审判","永劫吸收","防御能力","吸收永劫属性的伤害"
"7071","ジャッジメント","13","能力","8322","三連神光","特殊アビリティ","「聖技」「聖技」「聖技」の順番で発動できる","","","","20","5","审判","三连神光","特殊能力","「圣技」「圣技」「圣技」的顺序可以发动"
"7071","ジャッジメント","14","能力","7746","ボスからのダメージ軽減50%","防御アビリティ","ボスから受けるダメージを50%軽減する","","","","50","4","审判","减少50%来自BOSS的伤害","防御能力","减轻50%来自BOSS的伤害"
"7071","ジャッジメント","15","能力","9966","フォトンエンジン","特殊アビリティ","永劫属性の威力が2倍になるが、消費MPおよびSPが1.5倍になる","","","","3","5","审判","光子引擎","特殊能力","永劫属性の威力が2倍になるが、消費MPおよびSPが1.5倍になる"
"7071","ジャッジメント","16","能力","7443","永劫オーバーブースター","魔法アビリティ","永劫属性のダメージと消費MP・SPが2倍になる
※同系統のブースターと同時セット可能","","","","3","3","审判","永劫超增强","魔法能力","永劫属性伤害和消耗MP・SP变为2倍
※可与同系列增强同时装备"
"7071","ジャッジメント","17","技能","9285","ジャッジメント","聖技","威力：N/A（器or精）　対象：敵全体　属性：修羅・永劫・終焉・銀河　効果：昇天
終末の到来と共に行われる最後にして最大の審判","0","450","80","","26","审判","审判","圣技","威力：N/A（器or精）　対象：敵全体　属性：修羅・永劫・終焉・銀河　効果：昇天
伴随着终末的到来，进行最后的也是最大的审判"
"7071","ジャッジメント","18","能力","738","二回行動","特殊アビリティ","1ターンに2回行動できる","","","","50","5","审判","两次行动","特殊能力","1回合可以行动2次"
"7071","ジャッジメント","19","能力","9949","混沌マスタリーΩ","特殊アビリティ","混沌武器の装備効果が極限まで上昇する","","","","25","5","审判","混沌精通Ω","特殊能力","混沌武器的装备效果提升至极限"
"7071","ジャッジメント","20","能力","9872","ジャッジメントの証","マスターアビリティ","全APの最大値が10上昇し、全能力が20%アップ
白魔法・聖技・カオスのダメージが50%アップ","","","","0","999","审判","审判者的证明","大师能力","所有AP的最大值增加10，所有能力增加20%
白魔法・圣技・混沌的伤害增加50%"
"7072","ワールドブレイカー","2","技能","9294","システム：シルフV2","闇技","威力：４Ｚ（力or魔）　対象：敵全体　属性：修羅・ハドロン・終焉　効果：強化解除
破壊者の兵装に宿った風精の力を解放する","0","0","70","","27","世界破坏者","システム：シルフV2","暗技","威力：４Ｚ（力or魔）　対象：敵全体　属性：修羅・ハドロン・終焉　効果：強化解除
解放破坏者兵装中宿有的风精灵之力"
"7072","ワールドブレイカー","3","能力","6303","HP150%アップ","戦技アビリティ","最大HPが150%アップする","","","","30","1","世界破坏者","HP提升150%","战技能力","最大HP提升150%"
"7072","ワールドブレイカー","4","技能","9295","ノーム/ガイアGH","闇技","威力：４Ｚ（力or魔）　対象：敵全体　属性：修羅・テラ・終焉
破壊者の兵装に宿った土精の力を解放する","0","0","70","","27","世界破坏者","诺姆/盖亚GH","暗技","威力：４Ｚ（力or魔）　対象：敵全体　属性：修羅・テラ・終焉
解放破坏者兵装中宿有的土精之力"
"7072","ワールドブレイカー","5","能力","6860","SP150%アップ","職技アビリティ","最大SPが150%アップする","","","","30","2","世界破坏者","SP提升150%","职技能力","最大SP提升150%"
"7072","ワールドブレイカー","6","技能","9296","ウンディーネレーザー穿式","闇技","威力：５Ｚ（力or魔）　対象：敵単体　属性：修羅・ナノ・終焉
破壊者の兵装に宿った水精の力を解放する","0","0","70","","27","世界破坏者","温蒂妮激光穿透式","暗技","威力：５Ｚ（力or魔）　対象：敵単体　属性：修羅・ナノ・終焉
解放破坏者兵装中宿有的水精之力"
"7072","ワールドブレイカー","6","能力","9965","絶対的破壊存在","特殊アビリティ","HP・MP・SPおよび全能力値が1.5倍になるが「闇技」しか使用できない","","","","3","5","世界破坏者","绝对的破坏存在","特殊能力","HP・MP・SPおよび全能力値が1.5倍になるが「闇技」しか使用できない"
"7072","ワールドブレイカー","7","能力","7666","防御力150%アップ","防御アビリティ","防御力が150%アップする","","","","30","4","世界破坏者","防御力提升150%","防御能力","防御力提升150%"
"7072","ワールドブレイカー","8","技能","9297","サラマンダー終式カノン","闇技","威力：５Ｚ（力or魔）　対象：敵ランダム8回　属性：修羅・核熱・終焉
破壊者の兵装に宿った火精の力を解放する","0","0","70","","27","世界破坏者","萨拉曼达终式加农","暗技","威力：５Ｚ（力or魔）　対象：敵ランダム8回　属性：修羅・核熱・終焉
解放破坏者兵装中宿有的火精之力"
"7072","ワールドブレイカー","9","能力","6308","攻撃力150%アップ","戦技アビリティ","攻撃力が150%アップする","","","","30","1","世界破坏者","攻击力提升150%","战技能力","攻击力提升150%"
"7072","ワールドブレイカー","10","能力","7602","闇技精神力半分付加","魔法アビリティ","闇技の威力に精神力の半分を付加する","","","","10","3","世界破坏者","暗技附加一半的精神力","魔法能力","闇技の威力に精神力の半分を付加する"
"7072","ワールドブレイカー","11","能力","6865","素早さ150%アップ","職技アビリティ","素早さが150%アップする","","","","30","2","世界破坏者","敏捷提升150%","职技能力","敏捷提升150%"
"7072","ワールドブレイカー","12","能力","7812","終焉吸収","防御アビリティ","終焉属性のダメージを吸収する","","","","60","4","世界破坏者","终焉吸收","防御能力","吸收终焉属性的伤害"
"7072","ワールドブレイカー","13","能力","8323","三連滅鏖","特殊アビリティ","「闇技」「闇技」「闇技」の順番で発動できる","","","","20","5","世界破坏者","三连灭鏖","特殊能力","「暗技」「暗技」「暗技」的顺序可以发动"
"7072","ワールドブレイカー","14","能力","6525","ボス特攻100%","戦技アビリティ","ボスへのダメージが100%アップする","","","","50","1","世界破坏者","BOSS特攻100%","战技能力","对BOSS的伤害提升100%"
"7072","ワールドブレイカー","15","能力","9967","ワールドエンジン","特殊アビリティ","終焉属性の威力が2倍になるが、消費MPおよびSPが1.5倍になる","","","","3","5","世界破坏者","世界引擎","特殊能力","終焉属性の威力が2倍になるが、消費MPおよびSPが1.5倍になる"
"7072","ワールドブレイカー","16","能力","7450","終焉オーバーブースター","魔法アビリティ","終焉属性のダメージと消費MP・SPが2倍になる
※同系統のブースターと同時セット可能","","","","3","3","世界破坏者","终焉超增强","魔法能力","终焉属性的伤害和消耗MP・SP变为两倍
※可与同系列增强同时装备"
"7072","ワールドブレイカー","17","技能","9298","ワールドブレイカー","闇技","威力：N/A（力or魔）　対象：敵全体　属性：修羅・永劫・終焉・銀河
破壊者が天より放つ次元消滅の光","35%当前HP","0","80","","27","世界破坏者","世界破坏者","暗技","威力：N/A（力or魔）　対象：敵全体　属性：修羅・永劫・終焉・銀河
破坏者从天而降的次元消灭之光"
"7072","ワールドブレイカー","18","能力","738","二回行動","特殊アビリティ","1ターンに2回行動できる","","","","50","5","世界破坏者","两次行动","特殊能力","1回合可以行动2次"
"7072","ワールドブレイカー","19","能力","9949","混沌マスタリーΩ","特殊アビリティ","混沌武器の装備効果が極限まで上昇する","","","","25","5","世界破坏者","混沌精通Ω","特殊能力","混沌武器的装备效果提升至极限"
"7072","ワールドブレイカー","20","能力","9873","ワールドブレイカーの証","マスターアビリティ","全APの最大値が10上昇し、全能力が20%アップ
黒魔法・闇技・カオスのダメージが50%アップ","","","","0","999","世界破坏者","世界破坏者的证明","大师能力","所有AP的最大值增加10，所有能力增加20%
黑魔法・暗技・混沌的伤害增加50%"
"7073","破滅事象","2","技能","9577","破壊の爪","獣技","威力：Ｚ（力・速）　対象：敵全体　属性：修羅・テラ
混沌の力を宿した爪で全てを引き裂く魔獣の究極奥義","0","0","40","","53","破灭事象","破坏之爪","獣技","威力：Ｚ（力・速）　対象：敵全体　属性：修羅・テラ
蕴含混沌之力的爪子撕裂一切的魔兽究极奥义"
"7073","破滅事象","3","能力","6301","HP75%アップ","戦技アビリティ","最大HPが75%アップする","","","","20","1","破灭事象","HP提升75%","战技能力","最大HP提升75%"
"7073","破滅事象","4","能力","6858","SP75%アップ","職技アビリティ","最大SPが75%アップする","","","","20","2","破灭事象","SP提升75%","职技能力","最大SP提升75%"
"7073","破滅事象","5","能力","6306","攻撃力75%アップ","戦技アビリティ","攻撃力が75%アップする","","","","20","1","破灭事象","攻击力提升75%","战技能力","攻击力提升75%"
"7073","破滅事象","6","技能","9580","空間蹂躙","獣技","威力：ＺＺ（力）　対象：敵ランダム6回　属性：修羅・銀河
空間そのものを破壊エネルギーで侵蝕する究極混沌奥義","0","0","40","","53","破灭事象","空间蹂躏","獣技","威力：ＺＺ（力）　対象：敵ランダム6回　属性：修羅・銀河
用破坏能量侵蚀空间本身的究极混沌奥义"
"7073","破滅事象","7","能力","652","拘束無効","防御アビリティ","拘束攻撃を完全に無効化する","","","","20","4","破灭事象","拘束无效","防御能力","拘束攻击完全无效化"
"7073","破滅事象","8","能力","9975","魔物技消費SPなし","特殊アビリティ","全魔物スキル使用時のSP消費がなくなる","","","","50","5","破灭事象","魔物技无消耗SP","特殊能力","所有魔物技能使用时不再消耗SP"
"7073","破滅事象","9","能力","9994","破滅の晩鐘","特殊アビリティ","魔技・自然感応で聖痕・闇穢状態の敵に特攻が発生する","","","","2","5","破灭事象","毁灭的晚钟","特殊能力","魔技・自然感应对处于圣痕・暗秽状态的敌人发动特攻"
"7073","破滅事象","10","能力","9995","破滅の遮蔽","特殊アビリティ","海技・触手技で暗闇・沈黙状態の敵に特攻が発生する","","","","2","5","破灭事象","破灭的遮蔽","特殊能力","海技・触手技对处于黑暗・沉默状态的敌人发动特攻"
"7073","破滅事象","11","能力","9996","破滅の追撃","特殊アビリティ","翼技・ブレス・巨技で能力低下状態の敵に特攻が発生する","","","","2","5","破灭事象","破灭的追击","特殊能力","翼技・吐息・巨技对处于能力降低状态的敌人发动特攻"
"7073","破滅事象","12","能力","9997","破滅の逆境","特殊アビリティ","虫技・植物技で強化状態の敵に特攻が発生する","","","","2","5","破灭事象","破灭的逆境","特殊能力","虫技・植物技对处于强化状态的敌人发动特攻"
"7073","破滅事象","13","能力","9984","魔物技トリプルチェーン","特殊アビリティ","任意の魔物技を三連続でチェーン発動できる","","","","20","5","破灭事象","魔物技三重链","特殊能力","可以连续三次发动任意魔物技"
"7073","破滅事象","14","能力","6557","牙オーバーブースター","戦技アビリティ","牙を用いたダメージと消費MP・SPが2倍になる
※同系統のブースターと同時セット可能","","","","3","1","破灭事象","牙超增强","战技能力","使用牙造成的伤害和消耗的MP・SP变为两倍
※可与同系列增强同时装备"
"7073","破滅事象","15","能力","153","物理エクスブースター","戦技アビリティ","物理ダメージが50%アップする","","","","30","1","破灭事象","物理极限增强","战技能力","物理伤害提升50%"
"7073","破滅事象","16","能力","6541","修羅ハイブースター","戦技アビリティ","修羅属性のダメージが30%アップする","","","","30","1","破灭事象","修罗高级增强","战技能力","修罗属性伤害提升30%"
"7073","破滅事象","17","能力","9988","魔物技オーバーブースター","特殊アビリティ","全魔物技によるダメージと消費MP・SPが2倍になる
※同系統のブースターと同時セット可能","","","","15","5","破灭事象","魔物技超增强","特殊能力","所有魔物技造成的伤害和消耗的MP・SP变为两倍
※可与同系列增强同时装备"
"7073","破滅事象","18","能力","862","魔物技二連続発動","特殊アビリティ","魔物スキルが二回連続で発動、消費量が1.5倍になる","","","","30","5","破灭事象","魔物技二連続発動","特殊能力","魔物スキルが二回連続で発動、消費量が1.5倍になる"
"7073","破滅事象","19","能力","9942","体武器マスタリーΩ","特殊アビリティ","拳・牙・淫具の装備効果が極限まで上昇する","","","","25","5","破灭事象","体武器精通Ω","特殊能力","拳・牙・淫具的装备效果提升至极限"
"7073","破滅事象","20","能力","9991","破滅獣性","特殊アビリティ","魔物技しか使えないようになるが、全APが1.5倍になる","","","","30","5","破灭事象","毁灭兽性","特殊能力","魔物技しか使えないようになるが、全APが1.5倍になる"
"7073","破滅事象","20","能力","9999","破滅事象の証","マスターアビリティ","特殊APの最大値が20上昇し、攻撃力と素早さが20%アップ
全魔物技のダメージが50%アップ","","","","0","999","破灭事象","破灭事象的证明","大师能力","特殊AP的最大值增加20，攻击力和敏捷提升20%
全魔物技伤害提升50%"
"7077","職無キ者","2","能力","8423","全装備可能","特殊アビリティ","全ての装備品が装備可能になる","","","","15","5","无职者","可以装备全装备","特殊能力","变得可以装备全装备"
"7077","職無キ者","2","能力","8544","全職の備え","特殊アビリティ","スキルが全武器装備時の威力になる","","","","4","5","无职者","全职业的准备","特殊能力","技能威力与全武器装备时相同"
"7077","職無キ者","3","能力","6327","反撃ゴッドブースター","戦技アビリティ","カウンターの攻撃力が5段階アップする","","","","20","1","无职者","反击神级增强","战技能力","反击攻击力提升5级"
"7077","職無キ者","4","能力","7700","反射ゴッドブースター","防御アビリティ","反射ダメージが5段階アップする","","","","20","4","无职者","反射神级增强","防御能力","反射伤害提升5级"
"7077","職無キ者","5","能力","7946","魔物技SPハイバースト","特殊アビリティ","SPの残量が多いほど魔物技の威力が大アップする","","","","10","5","无职者","魔物技SP超级爆发","特殊能力","SP剩余越多，魔物技的威力大幅提升"
"7077","職無キ者","5","能力","8346","オート魔封じの陣","特殊アビリティ","戦闘開始から2ターンの間、敵の魔技を無効化反撃","","","","15","5","无职者","自动魔封之阵","特殊能力","战斗开始后的2回合内，敌人的魔技无效化反击"
"7077","職無キ者","6","能力","8424","武器アビリティ強化","特殊アビリティ","装備した武器の付加能力を強化する","","","","10","5","无职者","武器能力强化","特殊能力","强化已装备武器的附加能力"
"7077","職無キ者","7","能力","8425","体防具アビリティ強化","特殊アビリティ","装備した体防具の付加能力を強化する","","","","10","5","无职者","身体防具能力强化","特殊能力","强化已装备身体防具的附加能力"
"7077","職無キ者","7","能力","8427","盾アビリティ強化","特殊アビリティ","装備した盾の付加能力を強化する","","","","10","5","无职者","盾能力强化","特殊能力","强化已装备盾的附加能力"
"7077","職無キ者","8","能力","8426","頭防具アビリティ強化","特殊アビリティ","装備した頭防具の付加能力を強化する","","","","10","5","无职者","头部防具能力强化","特殊能力","强化已装备头部防具的附加能力"
"7077","職無キ者","8","能力","8428","アクセサリアビリティ強化","特殊アビリティ","装備したアクセサリの付加能力を強化する","","","","10","5","无职者","饰品能力强化","特殊能力","强化已装备饰品的附加能力"
"7077","職無キ者","9","能力","7930","SPチャージ5倍","特殊アビリティ","SPの回復量が5倍になる","","","","25","5","无职者","SP充能5倍","特殊能力","SP恢复量变为5倍"
"7077","職無キ者","10","能力","8434","友情の力","特殊アビリティ","好感度が高いほど与えるダメージがアップする","","","","5","5","无职者","友情的力量","特殊能力","好感度越高，造成的伤害越高"
"7077","職無キ者","11","能力","6316","会心ダメージ200%アップ","戦技アビリティ","会心時のダメージが200%アップする","","","","30","1","无职者","会心伤害提升200%","战技能力","会心时伤害提升200%"
"7077","職無キ者","12","能力","8238","特技チェーンA","特殊アビリティ","「特技」の後に武技を発動できる","","","","10","5","无职者","特技链A","特殊能力","「特技」之后可以发动武技"
"7077","職無キ者","12","能力","8239","特技チェーンJ","特殊アビリティ","「特技」の後に職技を発動できる","","","","10","5","无职者","特技链J","特殊能力","「特技」之后可以发动职技"
"7077","職無キ者","13","能力","8240","特技チェーンM","特殊アビリティ","「特技」の後に魔法を発動できる","","","","10","5","无职者","特技链M","特殊能力","「特技」之后可以发动魔法"
"7077","職無キ者","13","能力","8241","特技チェーンX","特殊アビリティ","「特技」の後に魔物技を発動できる","","","","10","5","无职者","特技链X","特殊能力","「特技」之后可以发动魔物技"
"7077","職無キ者","14","能力","7896","最大HP・MP・SP40%アップ","特殊アビリティ","最大HP・MP・SPが40%アップする","","","","20","5","无职者","最大HP・MP・SP提升40%","特殊能力","最大HP・MP・SP提升40%"
"7077","職無キ者","15","能力","7903","全能力値40%アップ","特殊アビリティ","全能力値が40%アップする","","","","20","5","无职者","全能力值提升40%","特殊能力","全能力值提升40%"
"7077","職無キ者","16","能力","861","全スキル使用可能","特殊アビリティ","全てのスキルが使用可能になる","","","","40","5","无职者","所有技能可用","特殊能力","所有技能变得可用"
"7077","職無キ者","17","能力","8332","チェーンスキル絶強化","特殊アビリティ","チェーン発動したスキルの威力が75%アップする","","","","20","5","无职者","连锁技能绝对强化","特殊能力","连锁发动的技能威力提升75%"
"7077","職無キ者","18","能力","8090","妖術オーバーブースター","特殊アビリティ","「妖術」によるダメージと消費MP・SPが2倍になる
※同系統のブースターと同時セット可能","","","","3","5","无职者","妖术超增强","特殊能力","「妖术」造成的伤害和消耗MP・SP变为2倍
※可与同系列增强同时装备"
"7077","職無キ者","18","能力","8097","特技オーバーブースター","特殊アビリティ","「特技」によるダメージと消費MP・SPが2倍になる
※同系統のブースターと同時セット可能","","","","3","5","无职者","特技超增强","特殊能力","「特技」造成的伤害和消耗MP・SP变为2倍
※可与同系列增强同时装备"
"7077","職無キ者","19","能力","6341","極ヒートアップコンボ","戦技アビリティ","連撃スキル（攻撃判定が複数）の威力が極大アップする","","","","20","1","无职者","极热力连击","战技能力","连击技能（攻击判定多次）的威力极大提升"
"7077","職無キ者","20","能力","9874","職無キ者の証","マスターアビリティ","全APの最大値が10上昇し、全能力が20%アップ
全スキルのダメージが50%アップ","","","","0","999","无职者","无职者的证明","大师能力","所有AP的最大值增加10，所有能力增加20%
所有技能的伤害增加50%"
"7078","もんむす・くえすと！","2","能力","6304","HP200%アップ","戦技アビリティ","最大HPが200%アップする","","","","35","1","もんむす・くえすと！","HP提升200%","战技能力","最大HP提升200%"
"7078","もんむす・くえすと！","3","能力","7245","MP200%アップ","魔法アビリティ","最大MPが200%アップする","","","","35","3","もんむす・くえすと！","MP提升200%","魔法能力","最大MP提升200%"
"7078","もんむす・くえすと！","4","能力","6861","SP200%アップ","職技アビリティ","最大SPが200%アップする","","","","35","2","もんむす・くえすと！","SP提升200%","职技能力","最大SP提升200%"
"7078","もんむす・くえすと！","5","能力","6309","攻撃力200%アップ","戦技アビリティ","攻撃力が200%アップする","","","","35","1","もんむす・くえすと！","攻击力提升200%","战技能力","攻击力提升200%"
"7078","もんむす・くえすと！","6","能力","7667","防御力200%アップ","防御アビリティ","防御力が200%アップする","","","","35","4","もんむす・くえすと！","防御力提升200%","防御能力","防御力提升200%"
"7078","もんむす・くえすと！","7","能力","7250","魔力200%アップ","魔法アビリティ","魔力が200%アップする","","","","35","3","もんむす・くえすと！","魔力提升200%","魔法能力","魔力提升200%"
"7078","もんむす・くえすと！","8","能力","7672","精神力200%アップ","防御アビリティ","精神力が200%アップする","","","","35","4","もんむす・くえすと！","精神力提升200%","防御能力","精神力提升200%"
"7078","もんむす・くえすと！","9","能力","6866","素早さ200%アップ","職技アビリティ","素早さが200%アップする","","","","35","2","もんむす・くえすと！","敏捷提升200%","职技能力","敏捷提升200%"
"7078","もんむす・くえすと！","10","能力","6871","器用さ200%アップ","職技アビリティ","器用さが200%アップする","","","","35","2","もんむす・くえすと！","灵巧提升200%","职技能力","灵巧提升200%"
"7078","もんむす・くえすと！","11","技能","9773","アルティメットチャージ","特技","対象：使用者　効果：攻撃力アップ
力を溜め、次のターンの攻撃力を究極アップさせる","0","0","10","","63","もんむす・くえすと！","究极充能","特技","対象：使用者　効果：攻撃力アップ
积蓄力量，使下一回合的攻击力达到极致提升"
"7078","もんむす・くえすと！","12","技能","9778","アクセルクィック","特技","対象：使用者　効果：素早さアップ
力を溜め、次のターンの素早さを究極アップさせる","0","0","10","","63","もんむす・くえすと！","加速","特技","対象：使用者　効果：素早さアップ
积蓄力量，使下一回合的敏捷达到极致提升"
"7078","もんむす・くえすと！","13","技能","9776","魔導暴走","特技","対象：使用者　効果：魔力・精神力アップ
力を溜め、次のターンの魔力と精神力を究極アップさせる","0","50","0","","63","もんむす・くえすと！","魔导暴走","特技","対象：使用者　效果：魔力・精神力提升
积蓄力量，使下一回合的魔力和精神力达到极致提升"
"7078","もんむす・くえすと！","14","技能","9779","テクニカルバースト","特技","対象：使用者　効果：器用さアップ
力を溜め、次のターンの器用さを究極アップさせる","0","0","10","","63","もんむす・くえすと！","技术爆发","特技","対象：使用者　効果：器用さアップ
积蓄力量，使下一回合的灵巧达到极致提升"
"7078","もんむす・くえすと！","15","能力","7884","全武技スキル後ガード","防御アビリティ","武技スキルの使用後、防御状態になる","","","","25","4","もんむす・くえすと！","全武技技能后防御","防御能力","使用武技技能后，进入防御状态"
"7078","もんむす・くえすと！","16","能力","7898","最大HP・MP・SP75%アップ","特殊アビリティ","最大HP・MP・SPが75%アップする","","","","40","5","もんむす・くえすと！","最大HP・MP・SP提升75%","特殊能力","最大HP・MP・SP提升75%"
"7078","もんむす・くえすと！","17","能力","7905","全能力値75%アップ","特殊アビリティ","全能力値が75%アップする","","","","40","5","もんむす・くえすと！","全能力值提升75%","特殊能力","全能力值提升75%"
"7078","もんむす・くえすと！","18","能力","8333","チェーンスキル極強化","特殊アビリティ","チェーン発動したスキルの威力が100%アップする","","","","25","5","もんむす・くえすと！","连锁技能极致强化","特殊能力","连锁发动的技能威力提升100%"
"7078","もんむす・くえすと！","19","技能","9794","超ものまね","特技","対象：可変　効果：ターン中の敵味方の行動を全て模倣
敵味方の行動を完全に再現する奥義","0","0","10","","63","もんむす・くえすと！","超级模仿","特技","対象：可変　効果：ターン中の敵味方の行動を全て模倣
完全再现敌我双方行动的奥义"
"7078","もんむす・くえすと！","20","能力","9875","もんむす・くえすと！の証","マスターアビリティ","全APの最大値が20上昇し、全能力が30%アップ
全スキルのダメージが75%アップ","","","","0","999","もんむす・くえすと！","勇者大战魔物娘！的证明","大师能力","所有AP的最大值增加20，所有能力增加30%
所有技能的伤害增加75%"
"7080","全テヲ癒ス者","2","技能","10001","オーバーヒール","白魔法","対象：味方全体（控え含む）　効果：HP全回復
控え含む味方全体の体力を全回復する究極回復魔法","0","150","0","","22","全治愈者","超治愈","白魔法","対象：味方全体（控え含む）　効果：HP全回復
包括替补在内的我方全体的体力完全恢复的究极恢复魔法"
"7080","全テヲ癒ス者","3","能力","7242","MP75%アップ","魔法アビリティ","最大MPが75%アップする","","","","20","3","全治愈者","MP提升75%","魔法能力","最大MP提升75%"
"7080","全テヲ癒ス者","3","能力","7669","精神力75%アップ","防御アビリティ","精神力が75%アップする","","","","20","4","全治愈者","精神力提升75%","防御能力","精神力提升75%"
"7080","全テヲ癒ス者","4","技能","9190","オーバーヘブン","白魔法","威力：Ｚ（魔）　対象：敵全体　属性：永劫　効果：昇天
魂そのものをも消滅させるという究極の昇天魔法","0","180","0","","22","全治愈者","超天堂","白魔法","威力：Ｚ（魔）　対象：敵全体　属性：永劫　効果：昇天
使灵魂本身也消亡的究极升天魔法"
"7080","全テヲ癒ス者","4","技能","10006","オールブレイブ","白魔法","対象：味方全体　効果：SP大回復
勇気を高め全員のSPを大幅に回復させる魔法","0","100","0","","22","全治愈者","全体勇气","白魔法","対象：味方全体　効果：SP大回復
提升勇气，大幅回复全体队友的SP"
"7080","全テヲ癒ス者","5","能力","7939","サポートターン永続","特殊アビリティ","仲間や自分に与えた能力値アップ効果が永続する","","","","24","5","全治愈者","支援回合永久","特殊能力","给予同伴或自己的能力值提升效果永久持续"
"7080","全テヲ癒ス者","5","技能","10003","アンチェインド","白魔法","対象：味方全体（控え含む）　効果：拘束解除
控え含む味方全体を拘束状態から解き放つ究極解除魔法","0","35","0","","22","全治愈者","解缚","白魔法","対象：味方全体（控え含む）　効果：拘束解除
包括替补在内的全体队友从拘束状态中解放的究极解除魔法"
"7080","全テヲ癒ス者","6","技能","10002","オーバーキュア","白魔法","対象：味方全体（控え含む）　効果：全状態異常回復
控え含む味方全体の状態異常（聖痕・闇穢含む）を回復する究極治療魔法","0","120","0","","22","全治愈者","超愈疗","白魔法","対象：味方全体（控え含む）　効果：全状態異常回復
包括替补在内的我方全体状态异常（包括圣痕・暗秽）完全恢复的究极治疗魔法"
"7080","全テヲ癒ス者","7","能力","10033","癒し手の使命","魔法アビリティ","ターン中、状態異常・戦闘不能になっても白魔法・医術が発動する","","","","20","3","全治愈者","治愈者的使命","魔法能力","回合中，即使陷入异常状态或战斗不能，白魔法・医术也会发动"
"7080","全テヲ癒ス者","8","技能","1650","アメイジンググレイス","聖技","威力：Ｚ（力or精）　対象：敵全体　属性：永劫・銀河
大いなる祝福で神敵を滅ぼす究極の聖技","0","90","20","","26","全治愈者","惊奇恩典","圣技","威力：Ｚ（力or精）　対象：敵全体　属性：永劫・銀河
以伟大的祝福消灭神敌的究极圣技"
"7080","全テヲ癒ス者","9","技能","10007","オーバージルオール","白魔法","対象：味方全体（控え含む）　効果：全能力値アップ
控え含む味方全体の能力値をアップさせる究極強化魔法","0","125","0","","22","全治愈者","超全体强化","白魔法","対象：味方全体（控え含む）　効果：全能力値アップ
提升包括替补在内的我方全体的能力值的究极强化魔法"
"7080","全テヲ癒ス者","10","能力","10042","真・守護者の祈り","防御アビリティ","戦闘不能の仲間がいるとターン終了時に高確率で復活させる","","","","30","4","全治愈者","真・守护者的祈祷","防御能力","战斗不能的同伴在回合结束时有高概率复活"
"7080","全テヲ癒ス者","10","能力","10054","癒し手のコンボ","特殊アビリティ","「白魔法」「医術」「聖技」の順番で発動できる","","","","20","5","全治愈者","治愈手组合","特殊能力","可以按「白魔法」「医术」「圣技」的顺序发动"
"7080","全テヲ癒ス者","11","技能","9293","永劫の祈祷","聖技","対象：味方全体（控え含む）　効果：HP全回復・完全蘇生
全ての仲間を危機から救う究極を超えた祈祷","0","180","40","","26","全治愈者","永劫的祈祷","圣技","対象：味方全体（控え含む）　効果：HP全回復・完全蘇生
拯救所有同伴于危机之中的超越究极的祈祷"
"7080","全テヲ癒ス者","12","技能","10004","オーバーレイズ","白魔法","対象：味方全体（控え含む）　効果：完全蘇生
控え含む味方全体を体力全快の状態で復活させる究極蘇生魔法","0","400","0","","22","全治愈者","超复活","白魔法","対象：味方全体（控え含む）　効果：完全蘇生
包括替补在内的全体队友以体力全满的状态复活的究极复活魔法"
"7080","全テヲ癒ス者","13","能力","10020","全武技精神力付加","戦技アビリティ","全武技の威力に精神力を付加する","","","","15","1","全治愈者","全武技精神力附加","战技能力","全武技の威力に精神力を付加する"
"7080","全テヲ癒ス者","13","能力","10028","全職技精神力付加","職技アビリティ","全職技の威力に精神力を付加する","","","","15","2","全治愈者","全职技精神力附加","职技能力","全職技の威力に精神力を付加する"
"7080","全テヲ癒ス者","13","能力","10039","全魔法精神力付加","魔法アビリティ","精神力を参照しない全魔法の威力に精神力を付加する","","","","15","3","全治愈者","所有魔法附加精神力","魔法能力","精神力を参照しない全魔法の威力に精神力を付加する"
"7080","全テヲ癒ス者","14","技能","10005","オールリレイズ","白魔法","対象：味方全体　効果：戦闘不能時復活
聖なる加護により、戦闘不能時に自動蘇生するようになる魔法","0","500","0","","22","全治愈者","全体重生","白魔法","対象：味方全体　効果：戦闘不能時復活
神圣的加护使得战斗不能时自动复活"
"7080","全テヲ癒ス者","14","技能","10008","救世の念","白魔法","対象：使用者　効果：1ターン魔力・精神力特大アップ
救世の波動で、次のターンの魔力と精神力を爆発的にアップさせる","0","25","0","","22","全治愈者","救世之念","白魔法","対象：使用者　効果：1ターン魔力・精神力特大アップ
救世的波动，使下一回合的魔力和精神力爆发性提升"
"7080","全テヲ癒ス者","15","能力","7441","永劫ハイブースター","魔法アビリティ","永劫属性のダメージが30%アップする","","","","20","3","全治愈者","永劫高级增强","魔法能力","永劫属性伤害提升30%"
"7080","全テヲ癒ス者","15","能力","10034","癒しより他に道無し","魔法アビリティ","全ダメージ軽減、全状態異常および全即死効果無効、戦闘中二回まで再蘇生
白魔法・医術・聖技しか使用できなくなる","","","","1","3","全治愈者","除了治愈别无他法","魔法能力","全伤害减轻，全异常状态及全即死效果无效，战斗中最多复活两次
只能使用白魔法・医术・圣技"
"7080","全テヲ癒ス者","16","技能","2363","ナイチンゲールの神薬","医術","対象：味方全体　効果：最大HP1.5倍・HP/MP/SPターン大回復
さらに全状態異常および即死効果を無効化、再蘇生を付加する神薬","0","0","100%最大SP","","45","全治愈者","南丁格尔的神药","医术","対象：味方全体　効果：最大HP1.5倍・HP/MP/SPターン大回復
还能使所有状态异常和即死效果无效化，附加复活的神药"
"7080","全テヲ癒ス者","17","能力","7014","メスオーバーブースター","職技アビリティ","メスを用いたダメージと消費MP・SPが2倍になる
※同系統のブースターと同時セット可能","","","","3","2","全治愈者","手术刀超增强","职技能力","使用手术刀造成的伤害和消耗的MP・SP变为两倍
※可与同系列增强同时装备"
"7080","全テヲ癒ス者","17","能力","7461","回復オーバーブースター","魔法アビリティ","回復属性の効果が200%アップ、全スキルの消費MPが1.3倍になる
※同系統のブースターと同時セット可能","","","","3","3","全治愈者","回复超增强","魔法能力","回復属性の効果が200%アップ、全スキルの消費MPが1.3倍になる
※可与同系列增强同时装备"
"7080","全テヲ癒ス者","17","能力","7465","杖オーバーブースター","魔法アビリティ","杖を用いたダメージと消費MP・SPが2倍になる
※同系統のブースターと同時セット可能","","","","3","3","全治愈者","杖超增强","魔法能力","使用杖造成的伤害和消耗的MP・SP变为2倍
※可与同系列增强同时装备"
"7080","全テヲ癒ス者","18","能力","9961","精神のオーバーロード","防御アビリティ","精神力が75%アップするが、消費MPおよびSPが2倍になる","","","","3","4","全治愈者","精神超负荷","防御能力","精神力提升75%，但消耗MP和SP变为两倍"
"7080","全テヲ癒ス者","19","能力","9943","魔武器マスタリーΩ","特殊アビリティ","鎌・杖・ロッド・扇・魔導書の装備効果が極限まで上昇する","","","","25","5","全治愈者","魔武器精通Ω","特殊能力","镰・杖・法杖・魔导书・扇的装备效果提升至极限"
"7080","全テヲ癒ス者","19","能力","9955","帽子マスタリーΩ","特殊アビリティ","帽子・魔帽・高級帽の装備効果が極限まで上昇する","","","","15","5","全治愈者","帽子精通Ω","特殊能力","帽子・魔法帽・高级帽的装备效果提升至极限"
"7080","全テヲ癒ス者","20","能力","9971","全テヲ癒ス者の証","マスターアビリティ","防御APの最大値が20上昇し、最大MPと精神力が20%アップ
白魔法・聖技・医術ダメージが50%アップ","","","","0","999","全治愈者","全治愈者的证明","大师能力","防御AP的最大值增加20，最大MP和精神力提升20%
白魔法・圣技・医术伤害提升50%"
