"能力ID","日文名称","日文所属","日文说明","可学习职业（日文，含等级）","可学习种族（日文，含等级）","所需AP","中文名称","中文所属","中文说明","可学习职业（中文，含等级）","可学习种族（中文，含等级）","技能类型ID"
"52","もがく","戦技アビリティ","","","","0","挣扎","战技能力","","","","1"
"61","HP10%アップ","戦技アビリティ","最大HPが10%アップする","1:戦士（Lv3）；79:商人（Lv3）；6998:野生児（Lv3）","223:スライム（Lv3）；283:ドラゴン（Lv3）；293:陸棲種（Lv3）；301:海棲種（Lv3）；328:ゾンビ（Lv3）；354:キメラ（Lv4）；7408:巨人（Lv7）","3","HP提升10%","战技能力","最大HP提升10%","1:战士（Lv3）；79:商人（Lv3）；6998:野孩子（Lv3）","223:史莱姆（Lv3）；283:龙（Lv3）；293:陆栖种（Lv3）；301:海栖种（Lv3）；328:僵尸（Lv3）；354:奇美拉（Lv4）；7408:巨人（Lv7）","1"
"62","HP20%アップ","戦技アビリティ","最大HPが20%アップする","2:剣士（Lv3）；80:闇商人（Lv3）；6999:魔物魂（Lv3）","170:妖鬼（Lv3）；199:行商マーメイド（Lv2）；217:土精（Lv3）；224:メガスライム（Lv3）；237:ミノタウロス（Lv3）；284:竜人（Lv3）；294:陸上魔類（Lv3）；302:海洋搾精種（Lv3）；329:ハイアンデッド（Lv3）；349:ゴーレム（Lv3）；355:三種混合体（Lv3）；7409:ギガース（Lv7）","5","HP提升20%","战技能力","最大HP提升20%","2:剑士（Lv3）；80:暗商人（Lv3）；6999:魔物魂（Lv3）","170:妖鬼（Lv3）；199:行商人鱼（Lv2）；217:土精（Lv3）；224:大史莱姆（Lv3）；237:米诺陶洛斯（Lv3）；284:龙人（Lv3）；294:陆上魔类（Lv3）；302:海洋榨精种（Lv3）；329:高级不死族（Lv3）；349:魔像（Lv3）；355:三重混合体（Lv3）；7409:巨灵（Lv7）","1"
"63","HP30%アップ","戦技アビリティ","最大HPが30%アップする","3:剣聖（Lv3）；81:神の見えざる手（Lv3）；7000:ワイルドハート（Lv3）","171:鬼神（Lv3）；200:海運王ローレライ（Lv3）；218:土の精霊（Lv3）；225:ギガスライム（Lv3）；238:ギガタウロス（Lv3）；285:覇竜（Lv3）；295:エビルスピーシーズ（Lv3）；303:マリンプリンセス（Lv3）；330:マスターアンデッド（Lv3）；350:マスターゴーレム（Lv3）；356:ギガミュータント（Lv3）；7410:巨神（Lv7）","7","HP提升30%","战技能力","最大HP提升30%","3:剑圣（Lv3）；81:无形的大手（Lv3）；7000:野性之心（Lv3）","171:鬼神（Lv3）；200:海运王罗蕾莱（Lv3）；218:土之精灵（Lv3）；225:千兆史莱姆（Lv3）；238:巨型弥诺陶洛斯（Lv3）；285:霸龙（Lv3）；295:邪恶精灵（Lv3）；303:海洋公主（Lv3）；330:大师不死族（Lv3）；350:大师魔像（Lv3）；356:巨型突变体（Lv3）；7410:巨神（Lv7）","1"
"64","HP40%アップ","戦技アビリティ","最大HPが40%アップする","136:騎士王（Lv3）；7011:究極剣士（Lv3）；7033:商神（Lv3）","230:クィーンスライム（Lv3）","10","HP提升40%","战技能力","最大HP提升40%","136:骑士王（Lv3）；7011:究极剑士（Lv3）；7033:商神（Lv3）","230:史莱姆女王（Lv3）","1"
"65","HP50%アップ","戦技アビリティ","最大HPが50%アップする","78:ジャスティスカイザー（Lv3）；7056:超魔生物（Lv3）","231:究極群体生命（Lv3）；300:百魔の王（Lv3）；308:海神（Lv3）；335:カオスアンデッド（Lv3）；361:ウェポンタイプ（Lv3）；7445:巨神王（Lv3）","15","HP提升50%","战技能力","最大HP提升50%","78:正义凯撒（Lv3）；7056:超魔生物（Lv3）","231:究极群体生命（Lv3）；300:百魔之王（Lv3）；308:海神（Lv3）；335:混沌不死族（Lv3）；361:武器类型（Lv3）；7445:巨神王（Lv3）","1"
"66","攻撃力10%アップ","戦技アビリティ","攻撃力が10%アップする","1:戦士（Lv9）；113:魔芸師（Lv5）；6998:野生児（Lv5）","232:魔獣（Lv4）；283:ドラゴン（Lv5）；328:ゾンビ（Lv4）；354:キメラ（Lv6）；7401:試作ロイド（Lv3）；7408:巨人（Lv3）","3","攻击力提升10%","战技能力","攻击力提升10%","1:战士（Lv9）；113:魔艺师（Lv5）；6998:野孩子（Lv5）","232:魔兽（Lv4）；283:龙（Lv5）；328:僵尸（Lv4）；354:奇美拉（Lv6）；7401:试作型机器人（Lv3）；7408:巨人（Lv3）","1"
"67","攻撃力20%アップ","戦技アビリティ","攻撃力が20%アップする","15:パワーファイター（Lv3）；17:狂戦士（Lv3）；30:バトルマスター（Lv2）；6999:魔物魂（Lv5）","170:妖鬼（Lv4）；197:海賊マーメイド（Lv3）；210:デュラハン（Lv3）；217:土精（Lv3）；228:肉食スライム（Lv3）；233:ルナティックビースト（Lv2）；237:ミノタウロス（Lv3）；261:メデューサ（Lv3）；268:サムライスキュラ（Lv3）；277:ハーピーナイト（Lv3）；279:エイビス（Lv3）；284:竜人（Lv5）；324:食虫淫花（Lv3）；329:ハイアンデッド（Lv4）；349:ゴーレム（Lv6）；355:三種混合体（Lv5）；366:ヴァルキリー（Lv3）；7406:近接型ロイド（Lv3）；7409:ギガース（Lv3）","5","攻击力提升20%","战技能力","攻击力提升20%","15:力量斗士（Lv3）；17:狂战士（Lv3）；30:战斗大师（Lv2）；6999:魔物魂（Lv5）","170:妖鬼（Lv4）；197:海贼人鱼（Lv3）；210:杜拉罕（Lv3）；217:土精（Lv3）；228:肉食史莱姆（Lv3）；233:月夜狂兽（Lv2）；237:米诺陶洛斯（Lv3）；261:美杜莎（Lv3）；268:剑士斯库拉（Lv3）；277:哈比骑士（Lv3）；279:龙鸟（Lv3）；284:龙人（Lv5）；324:食虫淫花（Lv3）；329:高级不死族（Lv4）；349:魔像（Lv6）；355:三重混合体（Lv5）；366:瓦尔基里（Lv3）；7406:近战型机器人（Lv3）；7409:巨灵（Lv3）","1"
"68","攻撃力30%アップ","戦技アビリティ","攻撃力が30%アップする","16:ギガファイター（Lv3）；18:ベルセルク（Lv3）；7000:ワイルドハート（Lv3）","171:鬼神（Lv4）；198:海賊王ローレライ（Lv3）；211:ロードデュラハン（Lv3）；218:土の精霊（Lv3）；229:淫酷の粘妖（Lv3）；234:血塗られた狂獣（Lv3）；238:ギガタウロス（Lv3）；262:ロードメデューサ（Lv3）；269:天下無双スキュラ（Lv3）；278:スカイハイ（Lv3）；280:ガルーダ（Lv3）；285:覇竜（Lv5）；325:ビーナスネペンテス（Lv3）；330:マスターアンデッド（Lv4）；350:マスターゴーレム（Lv5）；356:ギガミュータント（Lv5）；367:ロードヴァルキュリア（Lv3）；7407:アサルトロイド（Lv3）；7410:巨神（Lv3）","7","攻击力提升30%","战技能力","攻击力提升30%","16:巨力斗士（Lv3）；18:狂怒战士（Lv3）；7000:野性之心（Lv3）","171:鬼神（Lv4）；198:海贼王罗蕾莱（Lv3）；211:领主杜拉罕（Lv3）；218:土之精灵（Lv3）；229:淫酷粘妖（Lv3）；234:血染的狂兽（Lv3）；238:巨型弥诺陶洛斯（Lv3）；262:美杜莎领主（Lv3）；269:天下无双斯库拉（Lv3）；278:至高天（Lv3）；280:迦楼罗（Lv3）；285:霸龙（Lv5）；325:维纳斯之花（Lv3）；330:大师不死族（Lv4）；350:大师魔像（Lv5）；356:巨型突变体（Lv5）；367:女武神领主（Lv3）；7407:突击机器人（Lv3）；7410:巨神（Lv3）","1"
"69","攻撃力40%アップ","戦技アビリティ","攻撃力が40%アップする","31:バトルエンペラー（Lv7）；7011:究極剣士（Lv3）；7015:メテオブレイカー（Lv3）","","10","攻击力提升40%","战技能力","攻击力提升40%","31:战斗皇帝（Lv7）；7011:究极剑士（Lv3）；7015:流星破坏者（Lv3）","","1"
"70","攻撃力50%アップ","戦技アビリティ","攻撃力が50%アップする","78:ジャスティスカイザー（Lv3）；7028:パーフェクトアームズ（Lv3）；7056:超魔生物（Lv3）","244:百獣王（Lv3）；291:神竜（Lv3）；361:ウェポンタイプ（Lv4）；370:熾天使（Lv3）；7445:巨神王（Lv5）","15","攻击力提升50%","战技能力","攻击力提升50%","78:正义凯撒（Lv3）；7028:完美武器（Lv3）；7056:超魔生物（Lv3）","244:百兽王（Lv3）；291:神龙（Lv3）；361:武器类型（Lv4）；370:炽天使（Lv3）；7445:巨神王（Lv5）","1"
"71","命中率5%アップ","戦技アビリティ","命中率が5%アップする","52:狩人（Lv3）","203:エルフ（Lv5）","3","命中率提升5%","战技能力","命中率提升5%","52:猎人（Lv3）","203:精灵（Lv5）","1"
"72","命中率10%アップ","戦技アビリティ","命中率が10%アップする","53:ボウマスター（Lv3）","204:ハイエルフ（Lv3）","6","命中率提升10%","战技能力","命中率提升10%","53:弓箭大师（Lv3）","204:高等精灵（Lv3）","1"
"73","命中率20%アップ","戦技アビリティ","命中率が20%アップする","54:神弓手（Lv3）；55:影狩人（Lv3）","205:マスターエルフ（Lv4）","9","命中率提升20%","战技能力","命中率提升20%","54:神射手（Lv3）；55:影猎人（Lv3）","205:大师精灵（Lv4）","1"
"74","完全必中","戦技アビリティ","必ず攻撃が命中する","7028:パーフェクトアームズ（Lv4）；7064:全テヲ撃チ抜ク者（Lv6）","212:クィーンエルフ（Lv5）","15","完全必中","战技能力","攻击必定命中","7028:完美武器（Lv4）；7064:全能击穿者（Lv6）","212:精灵女王（Lv5）","1"
"75","会心10%","戦技アビリティ","会心率が10%になる","22:武道家（Lv9）","","5","会心10%","战技能力","会心率增加10%","22:武道家（Lv9）","","1"
"76","会心30%","戦技アビリティ","会心率が30%になる","23:拳豪（Lv7）","","10","会心30%","战技能力","会心率增加30%","23:拳豪（Lv7）","","1"
"77","会心50%","戦技アビリティ","会心率が50%になる","25:邪拳王（Lv6）；7016:拳神（Lv5）","","15","会心50%","战技能力","会心率增加50%","25:邪拳王（Lv6）；7016:拳神（Lv5）","","1"
"78","完全会心","戦技アビリティ","必ず会心の一撃が発生する","7060:拳ヲ極メシ者（Lv11）","7451:邪神（Lv13）","25","完全会心","战技能力","必定触发会心一击","7060:拳之极致者（Lv11）","7451:邪神（Lv13）","1"
"79","瀕死時会心アップ","戦技アビリティ","瀕死時、会心率が50%アップする","","237:ミノタウロス（Lv8）","2","濒死时会心提升","战技能力","濒死时，会心率提升50%","","237:米诺陶洛斯（Lv8）","1"
"80","瀕死時絶対会心","戦技アビリティ","瀕死時、必ず会心の一撃が発生する","","238:ギガタウロス（Lv9）","5","濒死时绝对会心","战技能力","濒死时，必定触发会心一击","","238:巨型弥诺陶洛斯（Lv9）","1"
"81","カウンター10%","戦技アビリティ","カウンター率が10%になる","22:武道家（Lv5）","232:魔獣（Lv3）","4","反击10%","战技能力","反击率增加10%","22:武道家（Lv5）","232:魔兽（Lv3）","1"
"82","カウンター30%","戦技アビリティ","カウンター率が30%になる","23:拳豪（Lv5）","241:ねこまた（Lv5）；261:メデューサ（Lv3）","8","反击30%","战技能力","反击率增加30%","23:拳豪（Lv5）","241:猫又（Lv5）；261:美杜莎（Lv3）","1"
"83","カウンター50%","戦技アビリティ","カウンター率が50%になる","24:拳聖（Lv6）","242:武神キャット（Lv5）；262:ロードメデューサ（Lv3）","12","反击50%","战技能力","反击率增加50%","24:拳圣（Lv6）","242:武神猫（Lv5）；262:美杜莎领主（Lv3）","1"
"84","完全カウンター","戦技アビリティ","必ずカウンターが発生する","7016:拳神（Lv3）","244:百獣王（Lv6）","20","完全反击","战技能力","必定触发反击","7016:拳神（Lv3）","244:百兽王（Lv6）","1"
"85","魔法カウンター10%","戦技アビリティ","魔法カウンター率が10%になる","","232:魔獣（Lv8）","4","魔法反击10%","战技能力","魔法反击率增加10%","","232:魔兽（Lv8）","1"
"86","魔法カウンター30%","戦技アビリティ","魔法カウンター率が30%になる","26:魔導拳士（Lv3）","239:ケンタウロス（Lv3）","8","魔法反击30%","战技能力","魔法反击率增加30%","26:魔导拳士（Lv3）","239:马人（Lv3）","1"
"87","魔法カウンター50%","戦技アビリティ","魔法カウンター率が50%になる","27:フォースモンク（Lv3）","240:グランセントール（Lv4）","12","魔法反击50%","战技能力","魔法反击率增加50%","27:武僧（Lv3）","240:巨型半人马（Lv4）","1"
"88","完全魔法カウンター","戦技アビリティ","必ず魔法カウンターが発生する","7016:拳神（Lv4）","244:百獣王（Lv6）","20","完全魔法反击","战技能力","必定触发魔法反击","7016:拳神（Lv4）","244:百兽王（Lv6）","1"
"89","究極カウンター","戦技アビリティ","どんな攻撃にも必ずカウンターが発生する","","7422:時の神獣（Lv7）","35","究极反击","战技能力","任何攻击都必定触发反击","","7422:时之神兽（Lv7）","1"
"90","反撃ミニブースター","戦技アビリティ","カウンターの攻撃力が1段階アップする","30:バトルマスター（Lv5）","237:ミノタウロス（Lv4）","3","反击小增强","战技能力","反击攻击力提升1级","30:战斗大师（Lv5）","237:米诺陶洛斯（Lv4）","1"
"91","反撃ブースター","戦技アビリティ","カウンターの攻撃力が2段階アップする","31:バトルエンペラー（Lv4）","238:ギガタウロス（Lv4）","6","反击增强","战技能力","反击攻击力提升2级","31:战斗皇帝（Lv4）","238:巨型弥诺陶洛斯（Lv4）","1"
"92","粘液カウンター","戦技アビリティ","物理攻撃に対して、50%の確率で粘液カウンター","","228:肉食スライム（Lv8）；296:軟体搾精種（Lv7）","4","粘液反击","战技能力","对物理攻击，有50%的几率触发粘液反击","","228:肉食史莱姆（Lv8）；296:软体榨精种（Lv7）","1"
"93","消化粘液カウンター","戦技アビリティ","物理攻撃に対して、50%の確率で消化粘液カウンター","","229:淫酷の粘妖（Lv8）；297:ハイクリーチャー（Lv7）","6","消化粘液反击","战技能力","对物理攻击，有50%的几率触发消化粘液反击","","229:淫酷粘妖（Lv8）；297:高级生物（Lv7）","1"
"94","不屈の闘志","戦技アビリティ","瀕死時、全ての能力がアップする","77:正義のヒーロー（Lv9）","170:妖鬼（Lv5）","3","不屈的斗志","战技能力","濒死时，所有能力提升","77:正义的英雄（Lv9）","170:妖鬼（Lv5）","1"
"95","超不屈の闘志","戦技アビリティ","瀕死時、全ての能力が大きくアップする","78:ジャスティスカイザー（Lv8）","171:鬼神（Lv5）","6","超不屈的斗志","战技能力","濒死时，所有能力大幅提升","78:正义凯撒（Lv8）","171:鬼神（Lv5）","1"
"96","ランブル","戦技アビリティ","瀕死時にバーサク、HP・SP・MPがターン小回復","","163:半獣妖魔（Lv8）；248:狐魔獣（Lv3）","2","狂乱","战技能力","濒死时狂暴，HP・SP・MP回合小恢复","","163:半兽妖魔（Lv8）；248:狐魔兽（Lv3）","1"
"97","ウォーランブル","戦技アビリティ","瀕死時にバーサク、HP・SP・MPがターン大回復","","164:邪獣妖魔（Lv7）；249:上級狐魔獣（Lv3）","4","战争狂乱","战技能力","濒死时狂暴，HP・SP・MP回合大恢复","","164:邪兽妖魔（Lv7）；249:上级狐魔兽（Lv3）","1"
"98","孤独ゆえの強さ","戦技アビリティ","戦闘不能の仲間数に応じて全ての能力がアップする","77:正義のヒーロー（Lv6）","","3","因孤独而强大","战技能力","根据战斗不能的同伴数量，所有能力提升","77:正义的英雄（Lv6）","","1"
"99","超孤独ゆえの強さ","戦技アビリティ","戦闘不能の仲間数に応じて全ての能力が大きくアップする","78:ジャスティスカイザー（Lv6）","","6","超因孤独而强大","战技能力","根据战斗不能的同伴数量，所有能力大幅提升","78:正义凯撒（Lv6）","","1"
"100","二回攻撃","戦技アビリティ","通常攻撃を二連続で繰り出す","30:バトルマスター（Lv9）","164:邪獣妖魔（Lv8）；172:夜叉（Lv9）；236:疾空の魔獣（Lv6）；266:ハイスキュラ（Lv10）；351:下位アポトーシス（Lv8）","5","两次攻击","战技能力","普通攻击连续进行两次","30:战斗大师（Lv9）","164:邪兽妖魔（Lv8）；172:夜叉（Lv9）；236:疾空魔兽（Lv6）；266:高等斯库拉（Lv10）；351:下位凋零者（Lv8）","1"
"101","三回攻撃","戦技アビリティ","通常攻撃を三連続で繰り出す","31:バトルエンペラー（Lv3）","173:阿修羅（Lv9）；267:エルダースキュラ（Lv10）","10","三次攻击","战技能力","普通攻击连续进行三次","31:战斗皇帝（Lv3）","173:阿修罗（Lv9）；267:长老斯库拉（Lv10）","1"
"102","乱れ撃ち","戦技アビリティ","通常攻撃をランダムに四連続で繰り出す","31:バトルエンペラー（Lv9）","272:クィーンスキュラ（Lv10）；7447:X型アポトーシス（Lv9）","15","乱击","战技能力","普通攻击随机连续进行四次","31:战斗皇帝（Lv9）","272:斯库拉女王（Lv10）；7447:X型凋零者（Lv9）","1"
"103","皆伝乱れ撃ち","戦技アビリティ","通常攻撃をランダムに八連続で繰り出す","7028:パーフェクトアームズ（Lv2）","273:インフィニティスキュラ（Lv14）；7448:XX型アポトーシス（Lv15）","20","皆传乱击","战技能力","普通攻击随机连续进行八次","7028:完美武器（Lv2）","273:无限斯库拉（Lv14）；7448:XX型凋零者（Lv15）","1"
"104","全体攻撃","戦技アビリティ","通常攻撃が全体化する","74:ナイツオブラウンド（Lv2）","269:天下無双スキュラ（Lv7）；352:上位アポトーシス（Lv8）；367:ロードヴァルキュリア（Lv4）","8","全体攻击","战技能力","普通攻击变为全体攻击","74:圆桌骑士（Lv2）","269:天下无双斯库拉（Lv7）；352:上位凋零者（Lv8）；367:女武神领主（Lv4）","1"
"105","捨身撃","戦技アビリティ","通常攻撃の威力が大幅に上がるが、そのターンの防御力が低下する","29:ゴッドハンド（Lv4）","311:冥蟲（Lv7）","2","舍身击","战技能力","普通攻击威力大幅上升，但该回合防御力下降","29:神之手（Lv4）","311:冥虫（Lv7）","1"
"106","魔導撃","戦技アビリティ","通常攻撃でMPを消費し大ダメージを与える","26:魔導拳士（Lv7）","178:モンクサキュバス（Lv9）","3","魔导击","战技能力","普通攻击消耗MP造成大伤害","26:魔导拳士（Lv7）","178:僧侣魅魔（Lv9）","1"
"107","リベンジアタック","戦技アビリティ","戦闘不能になっている味方の数だけ通常攻撃の威力が増す","91:ゴッドファーザー（Lv6）","313:マザーレギオン（Lv8）","4","复仇攻击","战技能力","战斗不能的队友数量越多，普通攻击威力越大","91:教父（Lv6）","313:母军团（Lv8）","1"
"108","ドレインアタック","戦技アビリティ","通常攻撃で敵のHPを吸収する","113:魔芸師（Lv10）","155:ワームサマナー（Lv7）；178:モンクサキュバス（Lv9）；336:ゴースト（Lv10）","8","吸血攻击","战技能力","普通攻击吸收敌人HP","113:魔艺师（Lv10）","155:蠕虫召唤师（Lv7）；178:僧侣魅魔（Lv9）；336:幽灵（Lv10）","1"
"109","吸魔撃","戦技アビリティ","通常攻撃で敵のMPにダメージを与え、吸収する
即死効果が発生する事がある","27:フォースモンク（Lv6）","156:マスターホムンクル（Lv9）；179:淫闘サキュバス（Lv9）；337:エビルミスト（Lv10）","10","吸魔击","战技能力","普通攻击对敌人MP造成伤害并吸收
有时会产生即死效果","27:武僧（Lv6）","156:大师人造人（Lv9）；179:淫斗魅魔（Lv9）；337:邪恶迷雾（Lv10）","1"
"110","暗黒","戦技アビリティ","通常攻撃の威力が大幅に上がるが最大HPの2%を消費する","4:魔剣士（Lv4）；25:邪拳王（Lv7）","","5","黑暗","战技能力","普通攻击威力大幅上升，但消耗最大HP的2%","4:魔剑士（Lv4）；25:邪拳王（Lv7）","","1"
"111","でたらめ攻撃","戦技アビリティ","通常攻撃が敵味方を問わず乱れ飛ぶが、SPの回復値が高い","","268:サムライスキュラ（Lv9）","1","胡乱攻击","战技能力","普通攻击不分敌我乱飞，但SP恢复值高","","268:剑士斯库拉（Lv9）","1"
"112","一掃の居合い","戦技アビリティ","戦闘開始時、敵を一掃する居合いを一定確率で放つ","","291:神竜（Lv7）","10","一扫而空的一刀","战技能力","战斗开始时，有一定概率释放一扫敌人的居合斩","","291:神龙（Lv7）","1"
"113","必滅の居合い","戦技アビリティ","戦闘開始時、敵を一掃する居合いを必ず放つ","","7427:虚竜（Lv8）","15","必灭的一刀","战技能力","战斗开始时，必定释放一扫敌人的居合斩","","7427:虚龙（Lv8）","1"
"115","人間特攻","戦技アビリティ","人間に対して特攻ダメージを与える","","298:魔物狩り狩り（Lv7）；329:ハイアンデッド（Lv6）","12","人类特攻","战技能力","对人类造成特攻伤害","","298:魔物狩猎（Lv7）；329:高级不死族（Lv6）","1"
"116","妖魔特攻","戦技アビリティ","妖魔に対して特攻ダメージを与える","61:デビルサマナー（Lv4）；142:勇者（Lv4）","364:上位天使（Lv3）","12","妖魔特攻","战技能力","对妖魔造成特攻伤害","61:恶魔召唤师（Lv4）；142:勇者（Lv4）","364:上位天使（Lv3）","1"
"117","亜人特攻","戦技アビリティ","亜人に対して特攻ダメージを与える","42:陰陽師（Lv6）","367:ロードヴァルキュリア（Lv5）","12","亚人特攻","战技能力","对亚人造成特攻伤害","42:阴阳师（Lv6）","367:女武神领主（Lv5）","1"
"118","淫魔特攻","戦技アビリティ","淫魔に対して特攻ダメージを与える","6:ホーリーナイト（Lv5）；142:勇者（Lv4）","284:竜人（Lv6）","12","淫魔特攻","战技能力","对淫魔造成特攻伤害","6:圣骑士（Lv5）；142:勇者（Lv4）","284:龙人（Lv6）","1"
"119","吸血鬼特攻","戦技アビリティ","吸血鬼に対して特攻ダメージを与える","6:ホーリーナイト（Lv7）；142:勇者（Lv4）","284:竜人（Lv8）；367:ロードヴァルキュリア（Lv7）","12","吸血鬼特攻","战技能力","对吸血鬼造成特攻伤害","6:圣骑士（Lv7）；142:勇者（Lv4）","284:龙人（Lv8）；367:女武神领主（Lv7）","1"
"120","人魚特攻","戦技アビリティ","人魚に対して特攻ダメージを与える","68:海賊（Lv5）","304:深海搾精種（Lv6）","12","人鱼特攻","战技能力","对人鱼造成特攻伤害","68:海贼（Lv5）","304:深海榨精种（Lv6）","1"
"121","エルフ特攻","戦技アビリティ","エルフに対して特攻ダメージを与える","55:影狩人（Lv7）","298:魔物狩り狩り（Lv7）","12","精灵特攻","战技能力","对精灵造成特攻伤害","55:影猎人（Lv7）","298:魔物狩猎（Lv7）","1"
"122","妖精特攻","戦技アビリティ","妖精に対して特攻ダメージを与える","55:影狩人（Lv8）","","12","妖精特攻","战技能力","对妖精造成特攻伤害","55:影猎人（Lv8）","","1"
"123","スライム特攻","戦技アビリティ","スライムに対して特攻ダメージを与える","141:見習い勇者（Lv4）","170:妖鬼（Lv7）","12","史莱姆特攻","战技能力","对史莱姆造成特攻伤害","141:见习勇者（Lv4）","170:妖鬼（Lv7）","1"
"124","魔獣特攻","戦技アビリティ","魔獣に対して特攻ダメージを与える","52:狩人（Lv7）","235:スピードビースト（Lv7）","12","魔兽特攻","战技能力","对魔兽造成特攻伤害","52:猎人（Lv7）","235:速度兽（Lv7）","1"
"125","妖狐特攻","戦技アビリティ","妖狐に対して特攻ダメージを与える","","239:ケンタウロス（Lv5）；277:ハーピーナイト（Lv5）","12","妖狐特攻","战技能力","对妖狐造成特攻伤害","","239:马人（Lv5）；277:哈比骑士（Lv5）","1"
"126","ラミア特攻","戦技アビリティ","ラミアに対して特攻ダメージを与える","54:神弓手（Lv7）","265:スキュラ（Lv8）；280:ガルーダ（Lv7）","12","拉米亚特攻","战技能力","对拉米亚造成特攻伤害","54:神射手（Lv7）","265:斯库拉（Lv8）；280:迦楼罗（Lv7）","1"
"127","スキュラ特攻","戦技アビリティ","スキュラに対して特攻ダメージを与える","54:神弓手（Lv8）","255:ラミアンボア（Lv6）；280:ガルーダ（Lv8）","12","斯库拉特攻","战技能力","对斯库拉造成特攻伤害","54:神射手（Lv8）","255:拉米亚波亚（Lv6）；280:迦楼罗（Lv8）","1"
"128","ハーピー特攻","戦技アビリティ","ハーピーに対して特攻ダメージを与える","9:竜騎士（Lv5）","223:スライム（Lv8）","12","对哈比特攻","战技能力","对哈比造成特攻伤害","9:龙骑士（Lv5）","223:史莱姆（Lv8）","1"
"129","竜特攻","戦技アビリティ","ドラゴンに対して特攻ダメージを与える","60:ドラゴン使い（Lv4）","240:グランセントール（Lv6）；278:スカイハイ（Lv5）","12","龙特攻","战技能力","对龙造成特攻伤害","60:龙使（Lv4）","240:巨型半人马（Lv6）；278:至高天（Lv5）","1"
"130","陸棲種特攻","戦技アビリティ","陸棲種に対して特攻ダメージを与える","52:狩人（Lv7）","279:エイビス（Lv6）","12","陆栖种特攻","战技能力","对陆栖种造成特攻伤害","52:猎人（Lv7）","279:龙鸟（Lv6）","1"
"131","海棲種特攻","戦技アビリティ","海棲種に対して特攻ダメージを与える","75:海兵（Lv6）","304:深海搾精種（Lv6）","12","海栖种特攻","战技能力","对海栖种造成特攻伤害","75:海兵（Lv6）","304:深海榨精种（Lv6）","1"
"132","虫特攻","戦技アビリティ","虫に対して特攻ダメージを与える","53:ボウマスター（Lv8）；129:メイド（Lv8）","279:エイビス（Lv6）","12","虫特攻","战技能力","对虫造成特攻伤害","53:弓箭大师（Lv8）；129:女仆（Lv8）","279:龙鸟（Lv6）","1"
"133","植物特攻","戦技アビリティ","植物に対して特攻ダメージを与える","53:ボウマスター（Lv8）；129:メイド（Lv9）","172:夜叉（Lv7）","12","植物特攻","战技能力","对植物造成特攻伤害","53:弓箭大师（Lv8）；129:女仆（Lv9）","172:夜叉（Lv7）","1"
"134","ゾンビ特攻","戦技アビリティ","ゾンビに対して特攻ダメージを与える","5:聖堂騎士（Lv6）；114:ネクロマンサー（Lv5）","334:デスプロフェッサー（Lv3）；366:ヴァルキリー（Lv5）","12","僵尸特攻","战技能力","对僵尸造成特攻伤害","5:圣堂骑士（Lv6）；114:死灵法师（Lv5）","334:死亡教授（Lv3）；366:瓦尔基里（Lv5）","1"
"135","ゴースト特攻","戦技アビリティ","ゴーストに対して特攻ダメージを与える","5:聖堂騎士（Lv7）；116:降霊術師（Lv5）","366:ヴァルキリー（Lv7）","12","幽灵特攻","战技能力","对幽灵造成特攻伤害","5:圣堂骑士（Lv7）；116:降灵术士（Lv5）","366:瓦尔基里（Lv7）","1"
"136","ドール特攻","戦技アビリティ","ドールに対して特攻ダメージを与える","111:マキナマイスター（Lv6）；118:からくり人形師（Lv5）","","12","人偶特攻","战技能力","对人偶造成特攻伤害","111:器械工匠（Lv6）；118:机关人偶师（Lv5）","","1"
"137","キメラ特攻","戦技アビリティ","キメラに対して特攻ダメージを与える","104:魔導学者（Lv6）","","12","奇美拉特攻","战技能力","对奇美拉造成特攻伤害","104:魔导学者（Lv6）","","1"
"138","天使特攻","戦技アビリティ","天使に対して特攻ダメージを与える","144:闇の勇者（Lv5）","365:堕天使（Lv3）","12","天使特攻","战技能力","对天使造成特攻伤害","144:暗之勇者（Lv5）","365:堕天使（Lv3）","1"
"139","巨体特攻","戦技アビリティ","巨体の敵に対して特攻ダメージを与える","","299:巨人殺し（Lv7）","12","巨体特攻","战技能力","对巨型敌人造成特攻伤害","","299:巨人杀手（Lv7）","1"
"140","炎属性付加","戦技アビリティ","物理攻撃に炎属性を付加する","35:灼熱魔導師（Lv4）","159:上級妖魔（Lv6）","15","炎属性附加","战技能力","物理攻击附加炎属性","35:灼热魔导师（Lv4）","159:上级妖魔（Lv6）","1"
"141","氷属性付加","戦技アビリティ","物理攻撃に氷属性を付加する","36:輝氷魔導師（Lv4）","168:妖怪（Lv5）","15","冰属性附加","战技能力","物理攻击附加冰属性","36:辉冰魔导师（Lv4）","168:妖怪（Lv5）","1"
"142","雷属性付加","戦技アビリティ","物理攻撃に雷属性を付加する","37:極雷魔導師（Lv4）","187:マージヴァンパイア（Lv7）","15","雷属性附加","战技能力","物理攻击附加雷属性","37:极雷魔导师（Lv4）","187:合并吸血鬼（Lv7）","1"
"143","風属性付加","戦技アビリティ","物理攻撃に風属性を付加する","66:極忍（Lv4）","179:淫闘サキュバス（Lv7）","15","风属性附加","战技能力","物理攻击附加风属性","66:极忍（Lv4）","179:淫斗魅魔（Lv7）","1"
"144","土属性付加","戦技アビリティ","物理攻撃に土属性を付加する","131:パーフェクトメイド（Lv4）","246:中級妖狐（Lv3）","15","土属性附加","战技能力","物理攻击附加土属性","131:完美女仆（Lv4）","246:中级妖狐（Lv3）","1"
"145","水属性付加","戦技アビリティ","物理攻撃に水属性を付加する","69:海賊王（Lv4）；76:海軍大将（Lv4）","197:海賊マーメイド（Lv7）","15","水属性附加","战技能力","物理攻击附加水属性","69:海贼王（Lv4）；76:海军大将（Lv4）","197:海贼人鱼（Lv7）","1"
"146","聖属性付加","戦技アビリティ","物理攻撃に聖属性を付加する","","367:ロードヴァルキュリア（Lv9）","20","圣属性附加","战技能力","物理攻击附加圣属性","","367:女武神领主（Lv9）","1"
"147","闇属性付加","戦技アビリティ","物理攻撃に闇属性を付加する","4:魔剣士（Lv5）","166:魔王（Lv11）","20","暗属性附加","战技能力","物理攻击附加暗属性","4:魔剑士（Lv5）","166:魔王（Lv11）","1"
"148","音波属性付加","戦技アビリティ","物理攻撃に音波属性を付加する","119:マスタードーラー（Lv5）","194:マーメイド（Lv8）；347:ボーカロイド（Lv7）","15","音波属性附加","战技能力","物理攻击附加音波属性","119:大师操偶者（Lv5）","194:人鱼（Lv8）；347:声乐人偶（Lv7）","1"
"149","バイオ属性付加","戦技アビリティ","物理攻撃にバイオ属性を付加する","115:ネクロマスター（Lv5）","333:ゾンビドクター（Lv7）","15","生化属性附加","战技能力","物理攻击附加生化属性","115:死灵大师（Lv5）","333:僵尸医生（Lv7）","1"
"150","快楽属性付加","戦技アビリティ","物理攻撃に快楽属性を付加する","67:淫流くのいち（Lv3）","178:モンクサキュバス（Lv7）","20","快乐属性附加","战技能力","物理攻击附加快乐属性","67:淫流女忍（Lv3）","178:僧侣魅魔（Lv7）","1"
"151","物理ブースター","戦技アビリティ","物理ダメージが15%アップする","142:勇者（Lv9）；7000:ワイルドハート（Lv8）","152:魔人（Lv8）","10","物理增强","战技能力","物理伤害提升15%","142:勇者（Lv9）；7000:野性之心（Lv8）","152:魔人（Lv8）","1"
"152","物理ハイブースター","戦技アビリティ","物理ダメージが30%アップする","143:光の勇者（Lv9）；144:闇の勇者（Lv9）；7011:究極剣士（Lv10）；7056:超魔生物（Lv11）","153:魔神（Lv8）","20","物理高级增强","战技能力","物理伤害提升30%","143:光之勇者（Lv9）；144:暗之勇者（Lv9）；7011:究极剑士（Lv10）；7056:超魔生物（Lv11）","153:魔神（Lv8）","1"
"153","物理エクスブースター","戦技アビリティ","物理ダメージが50%アップする","7051:混沌の勇者（Lv14）；7073:破滅事象（Lv15）","154:超魔神（Lv11）；7445:巨神王（Lv18）","30","物理极限增强","战技能力","物理伤害提升50%","7051:混沌的勇者（Lv14）；7073:破灭事象（Lv15）","154:超魔神（Lv11）；7445:巨神王（Lv18）","1"
"154","種族特攻ブースター","戦技アビリティ","種族特攻ダメージが25%アップする","","298:魔物狩り狩り（Lv9）","10","种族特攻增强","战技能力","种族特攻伤害提升25%","","298:魔物狩猎（Lv9）","1"
"155","種族特攻ハイブースター","戦技アビリティ","種族特攻ダメージが50%アップする","","299:巨人殺し（Lv9）","20","种族特攻高级增强","战技能力","种族特攻伤害提升50%","","299:巨人杀手（Lv9）","1"
"156","種族特攻エクスブースター","戦技アビリティ","種族特攻ダメージが100%アップする","","300:百魔の王（Lv15）","30","种族特攻极限增强","战技能力","种族特攻伤害提升100%","","300:百魔之王（Lv15）","1"
"157","通常攻撃ミニブースター","戦技アビリティ","通常攻撃のダメージが1段階アップする","74:ナイツオブラウンド（Lv7）；91:ゴッドファーザー（Lv9）","351:下位アポトーシス（Lv9）","5","普通攻击小增强","战技能力","普通攻击伤害提升1级","74:圆桌骑士（Lv7）；91:教父（Lv9）","351:下位凋零者（Lv9）","1"
"158","通常攻撃ブースター","戦技アビリティ","通常攻撃のダメージが2段階アップする","31:バトルエンペラー（Lv5）","352:上位アポトーシス（Lv9）","10","普通攻击增强","战技能力","普通攻击伤害提升2级","31:战斗皇帝（Lv5）","352:上位凋零者（Lv9）","1"
"159","通常攻撃ハイブースター","戦技アビリティ","通常攻撃のダメージが3段階アップする","7028:パーフェクトアームズ（Lv5）","353:究極至高人形（Lv12）；7447:X型アポトーシス（Lv15）","20","普通攻击高级增强","战技能力","普通攻击伤害提升3级","7028:完美武器（Lv5）","353:究极至高人偶（Lv12）；7447:X型凋零者（Lv15）","1"
"160","短剣ブースター","戦技アビリティ","短剣装備時、その武器によるダメージが15%アップする","63:マスターシーフ（Lv9）","185:ノスフェラトゥ（Lv8）","10","短剑增强","战技能力","装备短剑时，该武器造成的伤害提升15%","63:大师盗贼（Lv9）","185:诺斯费拉图（Lv8）","1"
"161","短剣ハイブースター","戦技アビリティ","短剣装備時、その武器によるダメージが30%アップする","64:トリックスター（Lv9）","186:夜の帝王（Lv8）","20","短剑高级增强","战技能力","装备短剑时，该武器造成的伤害提升30%","64:诡计之星（Lv9）","186:夜之帝王（Lv8）","1"
"162","短剣エクスブースター","戦技アビリティ","短剣装備時、その武器によるダメージが50%アップする","7029:盗神（Lv12）","193:ドラキュリーナ（Lv15）","30","短剑极限增强","战技能力","装备短剑时，该武器造成的伤害提升50%","7029:盗神（Lv12）","193:德古莉娜（Lv15）","1"
"163","剣ブースター","戦技アビリティ","剣装備時、その武器によるダメージが15%アップする","2:剣士（Lv9）","210:デュラハン（Lv9）；7406:近接型ロイド（Lv9）","10","剑增强","战技能力","装备剑时，该武器造成的伤害提升15%","2:剑士（Lv9）","210:杜拉罕（Lv9）；7406:近战型机器人（Lv9）","1"
"164","剣ハイブースター","戦技アビリティ","剣装備時、その武器によるダメージが30%アップする","3:剣聖（Lv9）；4:魔剣士（Lv9）","211:ロードデュラハン（Lv9）；7407:アサルトロイド（Lv9）","20","剑高级增强","战技能力","装备剑时，该武器造成的伤害提升30%","3:剑圣（Lv9）；4:魔剑士（Lv9）","211:领主杜拉罕（Lv9）；7407:突击机器人（Lv9）","1"
"165","剣エクスブースター","戦技アビリティ","剣装備時、その武器によるダメージが50%アップする","7011:究極剣士（Lv14）","213:アルフ神族（Lv17）；291:神竜（Lv18）；370:熾天使（Lv17）；7443:アサルトバスター（Lv17）","30","剑极限增强","战技能力","装备剑时，该武器造成的伤害提升50%","7011:究极剑士（Lv14）","213:亚尔夫神族（Lv17）；291:神龙（Lv18）；370:炽天使（Lv17）；7443:突击破坏者（Lv17）","1"
"166","尖剣ブースター","戦技アビリティ","尖剣装備時、その武器によるダメージが15%アップする","135:王（Lv5）；7004:フェンサー（Lv8）","160:妖魔貴族（Lv3）","10","尖剑增强","战技能力","装备尖剑时，该武器造成的伤害提升15%","135:王（Lv5）；7004:剑术家（Lv8）","160:妖魔贵族（Lv3）","1"
"167","尖剣ハイブースター","戦技アビリティ","尖剣装備時、その武器によるダメージが30%アップする","136:騎士王（Lv5）；137:魔導王（Lv5）；7005:ノーブルフェンサー（Lv8）","","20","尖剑高级增强","战技能力","装备尖剑时，该武器造成的伤害提升30%","136:骑士王（Lv5）；137:魔导王（Lv5）；7005:高贵剑士（Lv8）","","1"
"168","尖剣エクスブースター","戦技アビリティ","尖剣装備時、その武器によるダメージが50%アップする","7053:ラストノーブル（Lv14）","166:魔王（Lv13）","30","尖剑极限增强","战技能力","装备尖剑时，该武器造成的伤害提升50%","7053:最后的贵族（Lv14）","166:魔王（Lv13）","1"
"169","槍ブースター","戦技アビリティ","槍装備時、その武器によるダメージが15%アップする","9:竜騎士（Lv9）","","10","枪增强","战技能力","装备枪时，该武器造成的伤害提升15%","9:龙骑士（Lv9）","","1"
"170","槍ハイブースター","戦技アビリティ","槍装備時、その武器によるダメージが30%アップする","10:ホーリーランサー（Lv9）；11:邪竜騎士（Lv9）","","20","枪高级增强","战技能力","装备枪时，该武器造成的伤害提升30%","10:圣枪骑士（Lv9）；11:邪龙骑士（Lv9）","","1"
"171","槍エクスブースター","戦技アビリティ","槍装備時、その武器によるダメージが50%アップする","7013:神竜の騎士（Lv14）","282:神鳥（Lv16）；370:熾天使（Lv17）","30","枪极限增强","战技能力","装备枪时，该武器造成的伤害提升50%","7013:神龙骑士（Lv14）","282:神鸟（Lv16）；370:炽天使（Lv17）","1"
"172","刀ブースター","戦技アビリティ","刀装備時、その武器によるダメージが15%アップする","12:侍（Lv9）","","10","刀增强","战技能力","装备刀时，该武器造成的伤害提升15%","12:侍（Lv9）","","1"
"173","刀ハイブースター","戦技アビリティ","刀装備時、その武器によるダメージが30%アップする","13:聖侍（Lv9）；14:魔侍（Lv9）","","20","刀高级增强","战技能力","装备刀时，该武器造成的伤害提升30%","13:圣武士（Lv9）；14:魔武士（Lv9）","","1"
"174","刀エクスブースター","戦技アビリティ","刀装備時、その武器によるダメージが50%アップする","7014:修羅（Lv14）","174:妖怪王（Lv15）；273:インフィニティスキュラ（Lv17）","30","刀极限增强","战技能力","装备刀时，该武器造成的伤害提升50%","7014:修罗（Lv14）","174:妖怪王（Lv15）；273:无限斯库拉（Lv17）","1"
"175","忍者刀ブースター","戦技アビリティ","忍者刀装備時、その武器によるダメージが15%アップする","65:忍者（Lv9）","","10","忍者刀增强","战技能力","装备忍者刀时，该武器造成的伤害提升15%","65:忍者（Lv9）","","1"
"176","忍者刀ハイブースター","戦技アビリティ","忍者刀装備時、その武器によるダメージが30%アップする","66:極忍（Lv9）","","20","忍者刀高级增强","战技能力","装备忍者刀时，该武器造成的伤害提升30%","66:极忍（Lv9）","","1"
"177","忍者刀エクスブースター","戦技アビリティ","忍者刀装備時、その武器によるダメージが50%アップする","7030:忍神（Lv14）","193:ドラキュリーナ（Lv15）；253:零尾の狐（Lv15）","30","忍者刀极限增强","战技能力","装备忍者刀时，该武器造成的伤害提升50%","7030:忍神（Lv14）","193:德古莉娜（Lv15）；253:零尾之狐（Lv15）","1"
"178","拳ブースター","戦技アビリティ","拳装備時、その武器によるダメージが15%アップする","23:拳豪（Lv9）","","10","拳增强","战技能力","装备拳时，该武器造成的伤害提升15%","23:拳豪（Lv9）","","1"
"179","拳ハイブースター","戦技アビリティ","拳装備時、その武器によるダメージが30%アップする","24:拳聖（Lv9）；25:邪拳王（Lv9）","","20","拳高级增强","战技能力","装备拳时，该武器造成的伤害提升30%","24:拳圣（Lv9）；25:邪拳王（Lv9）","","1"
"180","拳エクスブースター","戦技アビリティ","拳装備時、その武器によるダメージが50%アップする","7016:拳神（Lv14）","244:百獣王（Lv17）；291:神竜（Lv18）；318:神蟲（Lv18）","30","拳极限增强","战技能力","装备拳时，该武器造成的伤害提升50%","7016:拳神（Lv14）","244:百兽王（Lv17）；291:神龙（Lv18）；318:神虫（Lv18）","1"
"181","牙ブースター","戦技アビリティ","牙装備時、その武器によるダメージが15%アップする","6999:魔物魂（Lv10）","235:スピードビースト（Lv9）；248:狐魔獣（Lv9）；279:エイビス（Lv9）；287:飛竜（Lv7）","10","牙增强","战技能力","装备牙时，该武器造成的伤害提升15%","6999:魔物魂（Lv10）","235:速度兽（Lv9）；248:狐魔兽（Lv9）；279:龙鸟（Lv9）；287:飞龙（Lv7）","1"
"182","牙ハイブースター","戦技アビリティ","牙装備時、その武器によるダメージが30%アップする","7000:ワイルドハート（Lv8）","236:疾空の魔獣（Lv9）；249:上級狐魔獣（Lv8）；280:ガルーダ（Lv9）；288:バハムート（Lv6）","20","牙高级增强","战技能力","装备牙时，该武器造成的伤害提升30%","7000:野性之心（Lv8）","236:疾空魔兽（Lv9）；249:上级狐魔兽（Lv8）；280:迦楼罗（Lv9）；288:巴哈姆特（Lv6）","1"
"183","牙エクスブースター","戦技アビリティ","牙装備時、その武器によるダメージが50%アップする","7056:超魔生物（Lv11）","166:魔王（Lv13）；244:百獣王（Lv17）；291:神竜（Lv18）","30","牙极限增强","战技能力","装备牙时，该武器造成的伤害提升50%","7056:超魔生物（Lv11）","166:魔王（Lv13）；244:百兽王（Lv17）；291:神龙（Lv18）","1"
"184","斧ブースター","戦技アビリティ","斧装備時、その武器によるダメージが15%アップする","17:狂戦士（Lv9）","","10","斧增强","战技能力","装备斧时，该武器造成的伤害提升15%","17:狂战士（Lv9）","","1"
"185","斧ハイブースター","戦技アビリティ","斧装備時、その武器によるダメージが30%アップする","18:ベルセルク（Lv9）","","20","斧高级增强","战技能力","装备斧时，该武器造成的伤害提升30%","18:狂怒战士（Lv9）","","1"
"186","斧エクスブースター","戦技アビリティ","斧装備時、その武器によるダメージが50%アップする","7015:メテオブレイカー（Lv12）","244:百獣王（Lv18）","30","斧极限增强","战技能力","装备斧时，该武器造成的伤害提升50%","7015:流星破坏者（Lv12）","244:百兽王（Lv18）","1"
"187","棍ブースター","戦技アビリティ","棍装備時、その武器によるダメージが15%アップする","15:パワーファイター（Lv7）","","10","棍增强","战技能力","装备棍时，该武器造成的伤害提升15%","15:力量斗士（Lv7）","","1"
"188","棍ハイブースター","戦技アビリティ","棍装備時、その武器によるダメージが30%アップする","16:ギガファイター（Lv7）","","20","棍高级增强","战技能力","装备棍时，该武器造成的伤害提升30%","16:巨力斗士（Lv7）","","1"
"189","棍エクスブースター","戦技アビリティ","棍装備時、その武器によるダメージが50%アップする","7015:メテオブレイカー（Lv11）","174:妖怪王（Lv15）；335:カオスアンデッド（Lv16）","30","棍极限增强","战技能力","装备棍时，该武器造成的伤害提升50%","7015:流星破坏者（Lv11）","174:妖怪王（Lv15）；335:混沌不死族（Lv16）","1"
"190","鎌ブースター","戦技アビリティ","鎌装備時、その武器によるダメージが15%アップする","114:ネクロマンサー（Lv9）；116:降霊術師（Lv9）；118:からくり人形師（Lv9）","152:魔人（Lv3）；337:エビルミスト（Lv9）","10","镰增强","战技能力","装备镰时，该武器造成的伤害提升15%","114:死灵法师（Lv9）；116:降灵术士（Lv9）；118:机关人偶师（Lv9）","152:魔人（Lv3）；337:邪恶迷雾（Lv9）","1"
"191","鎌ハイブースター","戦技アビリティ","鎌装備時、その武器によるダメージが30%アップする","115:ネクロマスター（Lv9）；117:マスターシャーマン（Lv9）；119:マスタードーラー（Lv9）","152:魔人（Lv7）；338:マスターシャドウ（Lv9）","20","镰高级增强","战技能力","装备镰时，该武器造成的伤害提升30%","115:死灵大师（Lv9）；117:大师萨满（Lv9）；119:大师操偶者（Lv9）","152:魔人（Lv7）；338:幽影之主（Lv9）","1"
"192","鎌エクスブースター","戦技アビリティ","鎌装備時、その武器によるダメージが50%アップする","7044:究極魔芸師（Lv14）","153:魔神（Lv6）；343:エターニティ（Lv18）","30","镰极限增强","战技能力","装备镰时，该武器造成的伤害提升50%","7044:究极魔艺师（Lv14）","153:魔神（Lv6）；343:永恒（Lv18）","1"
"193","弓矢ブースター","戦技アビリティ","弓矢装備時、その武器によるダメージが15%アップする","53:ボウマスター（Lv9）","204:ハイエルフ（Lv9）","10","弓箭增强","战技能力","装备弓箭时，该武器造成的伤害提升15%","53:弓箭大师（Lv9）","204:高等精灵（Lv9）","1"
"194","弓矢ハイブースター","戦技アビリティ","弓矢装備時、その武器によるダメージが30%アップする","54:神弓手（Lv9）；55:影狩人（Lv9）","205:マスターエルフ（Lv9）","20","弓箭高级增强","战技能力","装备弓箭时，该武器造成的伤害提升30%","54:神射手（Lv9）；55:影猎人（Lv9）","205:大师精灵（Lv9）","1"
"195","弓矢エクスブースター","戦技アビリティ","弓矢装備時、その武器によるダメージが50%アップする","7025:狩神（Lv13）","213:アルフ神族（Lv18）；300:百魔の王（Lv17）","30","弓箭极限增强","战技能力","装备弓箭时，该武器造成的伤害提升50%","7025:狩神（Lv13）","213:亚尔夫神族（Lv18）；300:百魔之王（Lv17）","1"
"196","鞭ブースター","戦技アビリティ","鞭装備時、その武器によるダメージが15%アップする","59:魔物使い（Lv8）","322:ワルラウネ（Lv9）","10","鞭增强","战技能力","装备鞭子时，该武器造成的伤害提升15%","59:魔物使（Lv8）","322:恶娜温（Lv9）","1"
"197","鞭ハイブースター","戦技アビリティ","鞭装備時、その武器によるダメージが30%アップする","60:ドラゴン使い（Lv8）；61:デビルサマナー（Lv8）","323:彼岸の魔花（Lv9）","20","鞭高级增强","战技能力","装备鞭时，该武器造成的伤害提升30%","60:龙使（Lv8）；61:恶魔召唤师（Lv8）","323:彼岸的魔花（Lv9）","1"
"198","鞭エクスブースター","戦技アビリティ","鞭装備時、その武器によるダメージが50%アップする","7027:カオスバスター（Lv13）","327:世界樹花（Lv18）","30","鞭极限增强","战技能力","装备鞭时，该武器造成的伤害提升50%","7027:混沌破坏者（Lv13）","327:世界树之花（Lv18）","1"
"199","ブーメランブースター","戦技アビリティ","ブーメラン装備時、その武器によるダメージが15%アップする","84:冒険家（Lv9）","224:メガスライム（Lv9）","10","回旋镖增强","战技能力","装备回旋镖时，该武器造成的伤害提升15%","84:冒险家（Lv9）","224:大史莱姆（Lv9）","1"
"200","ブーメランハイブースター","戦技アビリティ","ブーメラン装備時、その武器によるダメージが30%アップする","85:レンジャー（Lv9）","225:ギガスライム（Lv9）","20","回旋镖高级增强","战技能力","装备回旋镖时，该武器造成的伤害提升30%","85:游侠（Lv9）","225:千兆史莱姆（Lv9）","1"
"201","ブーメランエクスブースター","戦技アビリティ","ブーメラン装備時、その武器によるダメージが50%アップする","7034:ラストサバイバー（Lv13）","231:究極群体生命（Lv15）","30","回旋镖极限增强","战技能力","装备回旋镖时，该武器造成的伤害提升50%","7034:最后幸存者（Lv13）","231:究极群体生命（Lv15）","1"
"202","鉄球ブースター","戦技アビリティ","鉄球装備時、その武器によるダメージが15%アップする","15:パワーファイター（Lv8）","","10","铁球增强","战技能力","装备铁球时，该武器造成的伤害提升15%","15:力量斗士（Lv8）","","1"
"203","鉄球ハイブースター","戦技アビリティ","鉄球装備時、その武器によるダメージが30%アップする","16:ギガファイター（Lv8）","","20","铁球高级增强","战技能力","装备铁球时，该武器造成的伤害提升30%","16:巨力斗士（Lv8）","","1"
"204","鉄球エクスブースター","戦技アビリティ","鉄球装備時、その武器によるダメージが50%アップする","7015:メテオブレイカー（Lv13）","264:ウロボロス（Lv18）","30","铁球极限增强","战技能力","装备铁球时，该武器造成的伤害提升50%","7015:流星破坏者（Lv13）","264:衔尾蛇（Lv18）","1"
"205","扇ブースター","戦技アビリティ","扇装備時、その武器によるダメージが15%アップする","93:踊り子（Lv9）","","10","扇增强","战技能力","装备扇时，该武器造成的伤害提升15%","93:舞者（Lv9）","","1"
"206","扇ハイブースター","戦技アビリティ","扇装備時、その武器によるダメージが30%アップする","94:戦巫女（Lv9）","","20","扇高级增强","战技能力","装备扇时，该武器造成的伤害提升30%","94:战巫女（Lv9）","","1"
"207","扇エクスブースター","戦技アビリティ","扇装備時、その武器によるダメージが50%アップする","7036:舞踏神（Lv14）","253:零尾の狐（Lv15）；282:神鳥（Lv15）；308:海神（Lv14）","30","扇极限增强","战技能力","装备扇时，该武器造成的伤害提升50%","7036:舞蹈神（Lv14）","253:零尾之狐（Lv15）；282:神鸟（Lv15）；308:海神（Lv14）","1"
"208","銃ブースター","戦技アビリティ","銃装備時、その武器によるダメージが15%アップする","56:ガンナー（Lv9）","359:キメラロイド（Lv9）；7402:サイボーグ（Lv9）","10","铳增强","战技能力","装备铳时，该武器造成的伤害提升15%","56:铳手（Lv9）","359:奇美拉机器人（Lv9）；7402:电子人（Lv9）","1"
"209","銃ハイブースター","戦技アビリティ","銃装備時、その武器によるダメージが30%アップする","57:神銃士（Lv9）；58:魔弾の射手（Lv9）","360:機神（Lv8）；7403:ナノアンドロイド（Lv9）","20","铳高级增强","战技能力","装备铳时，该武器造成的伤害提升30%","57:神铳手（Lv9）；58:魔弹射手（Lv9）","360:机神（Lv8）；7403:纳米仿生人（Lv9）","1"
"210","銃エクスブースター","戦技アビリティ","銃装備時、その武器によるダメージが50%アップする","7026:銃神（Lv13）","361:ウェポンタイプ（Lv17）；7443:アサルトバスター（Lv16）","30","铳极限增强","战技能力","装备铳时，该武器造成的伤害提升50%","7026:铳神（Lv13）","361:武器类型（Lv17）；7443:突击破坏者（Lv16）","1"
"211","「短剣」装備可能","戦技アビリティ","「短剣」が装備可能になる","62:シーフ（Lv9）","","5","可以装备「短剑」","战技能力","变得可以装备「短剑」","62:盗贼（Lv9）","","1"
"212","「剣」装備可能","戦技アビリティ","「剣」「騎士剣」が装備可能になる","2:剣士（Lv7）","208:ダークエルフ（Lv8）；210:デュラハン（Lv9）；7406:近接型ロイド（Lv7）","5","可以装备「剑」","战技能力","变得可以装备「剑」「骑士剑」","2:剑士（Lv7）","208:暗精灵（Lv8）；210:杜拉罕（Lv9）；7406:近战型机器人（Lv7）","1"
"213","「巨剣」装備可能","戦技アビリティ","「巨剣」が装備可能になる","4:魔剣士（Lv3）","285:覇竜（Lv9）","5","可以装备「巨剑」","战技能力","变得可以装备「巨剑」","4:魔剑士（Lv3）","285:霸龙（Lv9）","1"
"214","「尖剣」装備可能","戦技アビリティ","「尖剣」が装備可能になる","134:貴族（Lv5）","","5","可以装备「尖剑」","战技能力","变得可以装备「尖剑」","134:贵族（Lv5）","","1"
"215","「槍」装備可能","戦技アビリティ","「槍」「重槍」が装備可能になる","10:ホーリーランサー（Lv5）；11:邪竜騎士（Lv5）","239:ケンタウロス（Lv9）；277:ハーピーナイト（Lv9）","5","可以装备「枪」","战技能力","变得可以装备「枪」「重枪」","10:圣枪骑士（Lv5）；11:邪龙骑士（Lv5）","239:马人（Lv9）；277:哈比骑士（Lv9）","1"
"216","「刀」装備可能","戦技アビリティ","「刀」が装備可能になる","13:聖侍（Lv3）；14:魔侍（Lv3）","172:夜叉（Lv9）；268:サムライスキュラ（Lv9）","5","可以装备「刀」","战技能力","变得可以装备「刀」","13:圣武士（Lv3）；14:魔武士（Lv3）","172:夜叉（Lv9）；268:剑士斯库拉（Lv9）","1"
"217","「忍者刀」装備可能","戦技アビリティ","「忍者刀」が装備可能になる","65:忍者（Lv8）","189:シノビヴァンパイア（Lv8）","5","可以装备「忍者刀」","战技能力","变得可以装备「忍者刀」","65:忍者（Lv8）","189:忍者吸血鬼（Lv8）","1"
"218","「拳」装備可能","戦技アビリティ","「拳」が装備可能になる","24:拳聖（Lv4）；25:邪拳王（Lv4）","178:モンクサキュバス（Lv7）；241:ねこまた（Lv8）","5","可以装备「拳」","战技能力","变得可以装备「拳」","24:拳圣（Lv4）；25:邪拳王（Lv4）","178:僧侣魅魔（Lv7）；241:猫又（Lv8）","1"
"219","「牙」装備可能","戦技アビリティ","「牙」が装備可能になる","6999:魔物魂（Lv8）","233:ルナティックビースト（Lv8）；279:エイビス（Lv8）；289:海竜（Lv5）","5","可以装备「牙」","战技能力","变得可以装备「牙」","6999:魔物魂（Lv8）","233:月夜狂兽（Lv8）；279:龙鸟（Lv8）；289:海龙（Lv5）","1"
"220","「斧」装備可能","戦技アビリティ","「斧」が装備可能になる","17:狂戦士（Lv5）","217:土精（Lv5）；237:ミノタウロス（Lv9）","5","可以装备「斧」","战技能力","变得可以装备「斧」","17:狂战士（Lv5）","217:土精（Lv5）；237:米诺陶洛斯（Lv9）","1"
"221","「棍」装備可能","戦技アビリティ","「棍」が装備可能になる","15:パワーファイター（Lv4）","170:妖鬼（Lv9）；217:土精（Lv4）","5","可以装备「棍」","战技能力","变得可以装备「棍」","15:力量斗士（Lv4）","170:妖鬼（Lv9）；217:土精（Lv4）","1"
"222","「鎌」装備可能","戦技アビリティ","「鎌」が装備可能になる","114:ネクロマンサー（Lv7）；116:降霊術師（Lv7）；118:からくり人形師（Lv7）","","5","可以装备「镰」","战技能力","变得可以装备「镰」","114:死灵法师（Lv7）；116:降灵术士（Lv7）；118:机关人偶师（Lv7）","","1"
"223","「弓矢」装備可能","戦技アビリティ","「弓矢」が装備可能になる","53:ボウマスター（Lv4）","204:ハイエルフ（Lv8）","5","可以装备「弓箭」","战技能力","变得可以装备「弓箭」","53:弓箭大师（Lv4）","204:高等精灵（Lv8）","1"
"224","「鞭」装備可能","戦技アビリティ","「鞭」が装備可能になる","60:ドラゴン使い（Lv3）；61:デビルサマナー（Lv3）","","5","可以装备「鞭」","战技能力","变得可以装备「鞭」","60:龙使（Lv3）；61:恶魔召唤师（Lv3）","","1"
"225","「ブーメラン」装備可能","戦技アビリティ","「ブーメラン」が装備可能になる","84:冒険家（Lv5）","224:メガスライム（Lv6）","5","可以装备「回旋镖」","战技能力","变得可以装备「回旋镖」","84:冒险家（Lv5）","224:大史莱姆（Lv6）","1"
"226","「鉄球」装備可能","戦技アビリティ","「鉄球」が装備可能になる","15:パワーファイター（Lv5）","218:土の精霊（Lv5）","5","可以装备「铁球」","战技能力","变得可以装备「铁球」","15:力量斗士（Lv5）","218:土之精灵（Lv5）","1"
"227","「扇」装備可能","戦技アビリティ","「扇」が装備可能になる","93:踊り子（Lv7）","","5","可以装备「扇」","战技能力","变得可以装备「扇」","93:舞者（Lv7）","","1"
"228","「銃」装備可能","戦技アビリティ","「銃」が装備可能になる","57:神銃士（Lv5）；58:魔弾の射手（Lv5）","7402:サイボーグ（Lv7）","5","可以装备「铳」","战技能力","变得可以装备「铳」","57:神铳手（Lv5）；58:魔弹射手（Lv5）","7402:电子人（Lv7）","1"
"229","「短剣技」使用可能","戦技アビリティ","「短剣技」が使用可能になる","63:マスターシーフ（Lv5）","","5","「短剑技」可以使用","战技能力","可以使用「短剑技」","63:大师盗贼（Lv5）","","1"
"230","「剣技」使用可能","戦技アビリティ","「剣技」が使用可能になる","3:剣聖（Lv7）；4:魔剣士（Lv7）","209:アークエルフ（Lv9）；211:ロードデュラハン（Lv9）；7407:アサルトロイド（Lv7）","5","「剑技」可以使用","战技能力","可以使用「剑技」","3:剑圣（Lv7）；4:魔剑士（Lv7）","209:大精灵（Lv9）；211:领主杜拉罕（Lv9）；7407:突击机器人（Lv7）","1"
"231","「尖剣技」使用可能","戦技アビリティ","「尖剣技」が使用可能になる","134:貴族（Lv5）","","5","「尖剑技」可以使用","战技能力","可以使用「尖剑技」","134:贵族（Lv5）","","1"
"232","「刀技」使用可能","戦技アビリティ","「刀技」が使用可能になる","13:聖侍（Lv5）；14:魔侍（Lv5）","173:阿修羅（Lv9）；269:天下無双スキュラ（Lv9）","5","「刀技」使用可能","战技能力","可以使用「刀技」","13:圣武士（Lv5）；14:魔武士（Lv5）","173:阿修罗（Lv9）；269:天下无双斯库拉（Lv9）","1"
"233","「槍技」使用可能","戦技アビリティ","「槍技」が使用可能になる","10:ホーリーランサー（Lv7）；11:邪竜騎士（Lv7）","240:グランセントール（Lv9）；278:スカイハイ（Lv9）","5","「枪技」可以使用","战技能力","可以使用「枪技」","10:圣枪骑士（Lv7）；11:邪龙骑士（Lv7）","240:巨型半人马（Lv9）；278:至高天（Lv9）","1"
"234","「斧技」使用可能","戦技アビリティ","「斧技」が使用可能になる","18:ベルセルク（Lv5）","238:ギガタウロス（Lv9）","5","「斧技」使用可能","战技能力","可以使用「斧技」","18:狂怒战士（Lv5）","238:巨型弥诺陶洛斯（Lv9）","1"
"235","「棍技」使用可能","戦技アビリティ","「棍技」が使用可能になる","16:ギガファイター（Lv4）","171:鬼神（Lv9）","5","「棍技」使用可能","战技能力","可以使用「棍技」","16:巨力斗士（Lv4）","171:鬼神（Lv9）","1"
"236","「鎌技」使用可能","戦技アビリティ","「鎌技」が使用可能になる","115:ネクロマスター（Lv7）；117:マスターシャーマン（Lv7）；119:マスタードーラー（Lv7）","","5","「镰技」可以使用","战技能力","可以使用「镰技」","115:死灵大师（Lv7）；117:大师萨满（Lv7）；119:大师操偶者（Lv7）","","1"
"237","「弓技」使用可能","戦技アビリティ","「弓技」が使用可能になる","54:神弓手（Lv4）；55:影狩人（Lv4）","205:マスターエルフ（Lv9）","5","「弓技」使用可能","战技能力","可以使用「弓技」","54:神射手（Lv4）；55:影猎人（Lv4）","205:大师精灵（Lv9）","1"
"238","「鞭技」使用可能","戦技アビリティ","「鞭技」が使用可能になる","60:ドラゴン使い（Lv6）；61:デビルサマナー（Lv6）","","5","「鞭技」使用可能","战技能力","可以使用「鞭技」","60:龙使（Lv6）；61:恶魔召唤师（Lv6）","","1"
"239","「投擲技」使用可能","戦技アビリティ","「投擲技」が使用可能になる","85:レンジャー（Lv5）；7008:シールドナイト（Lv7）","225:ギガスライム（Lv6）","5","「投掷技」可以使用","战技能力","可以使用「投掷技」","85:游侠（Lv5）；7008:盾骑士（Lv7）","225:千兆史莱姆（Lv6）","1"
"240","「鉄球技」使用可能","戦技アビリティ","「鉄球技」が使用可能になる","16:ギガファイター（Lv5）","","5","「铁球技」可以使用","战技能力","可以使用「铁球技」","16:巨力斗士（Lv5）","","1"
"241","「扇技」使用可能","戦技アビリティ","「扇技」が使用可能になる","94:戦巫女（Lv4）","","5","「扇技」使用可能","战技能力","可以使用「扇技」","94:战巫女（Lv4）","","1"
"242","「銃技」使用可能","戦技アビリティ","「銃技」が使用可能になる","57:神銃士（Lv7）；58:魔弾の射手（Lv7）","7403:ナノアンドロイド（Lv7）","5","「铳技」可以使用","战技能力","可以使用「铳技」","57:神铳手（Lv7）；58:魔弹射手（Lv7）","7403:纳米仿生人（Lv7）","1"
"243","「多武器技」使用可能","戦技アビリティ","「多武器技」が使用可能になる","31:バトルエンペラー（Lv8）","","5","「多武器技」使用可能","战技能力","可以使用「多武器技」","31:战斗皇帝（Lv8）","","1"
"244","「格闘」使用可能","戦技アビリティ","「格闘」が使用可能になる","24:拳聖（Lv8）；25:邪拳王（Lv8）","179:淫闘サキュバス（Lv9）；242:武神キャット（Lv9）","5","「格斗」可以使用","战技能力","可以使用「格斗」","24:拳圣（Lv8）；25:邪拳王（Lv8）","179:淫斗魅魔（Lv9）；242:武神猫（Lv9）","1"
"245","武技二連続発動","戦技アビリティ","物理スキルが二回連続で発動、消費量が1.5倍になる","7062:千ノ武具ヲ極メシ者（Lv19）","","30","武技二連続発動","战技能力","物理スキルが二回連続で発動、消費量が1.5倍になる","7062:千种武具之极致者（Lv19）","","1"
"268","SP10%アップ","職技アビリティ","最大SPが10%アップする","72:兵士（Lv3）；141:見習い勇者（Lv3）；6998:野生児（Lv4）","167:亜人（Lv3）；362:下位天使（Lv3）","3","SP提升10%","职技能力","最大SP提升10%","72:士兵（Lv3）；141:见习勇者（Lv3）；6998:野孩子（Lv4）","167:亚人（Lv3）；362:下位天使（Lv3）","2"
"269","SP20%アップ","職技アビリティ","最大SPが20%アップする","73:王宮騎士（Lv3）；142:勇者（Lv3）；6999:魔物魂（Lv4）；7004:フェンサー（Lv3）；7006:妖術師（Lv3）","168:妖怪（Lv3）；208:ダークエルフ（Lv3）；366:ヴァルキリー（Lv3）","5","SP提升20%","职技能力","最大SP提升20%","73:王宫骑士（Lv3）；142:勇者（Lv3）；6999:魔物魂（Lv4）；7004:剑术家（Lv3）；7006:妖术师（Lv3）","168:妖怪（Lv3）；208:暗精灵（Lv3）；366:瓦尔基里（Lv3）","2"
"270","SP30%アップ","職技アビリティ","最大SPが30%アップする","74:ナイツオブラウンド（Lv3）；7000:ワイルドハート（Lv3）；7005:ノーブルフェンサー（Lv3）；7007:異界妖術師（Lv3）","169:妖神（Lv3）；209:アークエルフ（Lv3）；367:ロードヴァルキュリア（Lv3）","7","SP提升30%","职技能力","最大SP提升30%","74:圆桌骑士（Lv3）；7000:野性之心（Lv3）；7005:高贵剑士（Lv3）；7007:异界妖术师（Lv3）","169:妖神（Lv3）；209:大精灵（Lv3）；367:女武神领主（Lv3）","2"
"271","SP40%アップ","職技アビリティ","最大SPが40%アップする","143:光の勇者（Lv3）；144:闇の勇者（Lv3）；7053:ラストノーブル（Lv4）；7054:禁忌妖術師（Lv2）","212:クィーンエルフ（Lv3）","10","SP提升40%","职技能力","最大SP提升40%","143:光之勇者（Lv3）；144:暗之勇者（Lv3）；7053:最后的贵族（Lv4）；7054:禁忌妖术师（Lv2）","212:精灵女王（Lv3）","2"
"272","SP50%アップ","職技アビリティ","最大SPが50%アップする","78:ジャスティスカイザー（Lv3）；7056:超魔生物（Lv3）","174:妖怪王（Lv3）；213:アルフ神族（Lv3）","15","SP提升50%","职技能力","最大SP提升50%","78:正义凯撒（Lv3）；7056:超魔生物（Lv3）","174:妖怪王（Lv3）；213:亚尔夫神族（Lv3）","2"
"273","素早さ10%アップ","職技アビリティ","素早さが10%アップする","22:武道家（Lv3）；62:シーフ（Lv3）；7001:エスパー（Lv3）","158:妖魔（Lv2）；232:魔獣（Lv3）；274:ハーピー（Lv3）；7401:試作ロイド（Lv4）","3","敏捷提升10%","职技能力","敏捷提升10%","22:武道家（Lv3）；62:盗贼（Lv3）；7001:超能力者（Lv3）","158:妖魔（Lv2）；232:魔兽（Lv3）；274:哈比（Lv3）；7401:试作型机器人（Lv4）","2"
"274","素早さ20%アップ","職技アビリティ","素早さが20%アップする","23:拳豪（Lv3）；65:忍者（Lv3）；7002:ハイサイキック（Lv3）；7004:フェンサー（Lv3）","163:半獣妖魔（Lv3）；178:モンクサキュバス（Lv3）；235:スピードビースト（Lv3）；239:ケンタウロス（Lv3）；241:ねこまた（Lv3）；248:狐魔獣（Lv3）；275:ウィングハーピー（Lv3）；287:飛竜（Lv3）；312:レギオン（Lv3）；7402:サイボーグ（Lv3）","5","敏捷提升20%","职技能力","敏捷提升20%","23:拳豪（Lv3）；65:忍者（Lv3）；7002:高阶通灵者（Lv3）；7004:剑术家（Lv3）","163:半兽妖魔（Lv3）；178:僧侣魅魔（Lv3）；235:速度兽（Lv3）；239:马人（Lv3）；241:猫又（Lv3）；248:狐魔兽（Lv3）；275:翼身哈比（Lv3）；287:飞龙（Lv3）；312:军团（Lv3）；7402:电子人（Lv3）","2"
"275","素早さ30%アップ","職技アビリティ","素早さが30%アップする","24:拳聖（Lv3）；66:極忍（Lv3）；7003:サイコソルジャー（Lv3）；7005:ノーブルフェンサー（Lv3）","164:邪獣妖魔（Lv3）；179:淫闘サキュバス（Lv3）；236:疾空の魔獣（Lv3）；240:グランセントール（Lv3）；242:武神キャット（Lv3）；249:上級狐魔獣（Lv3）；276:エルダーハーピー（Lv3）；288:バハムート（Lv3）；313:マザーレギオン（Lv3）；7403:ナノアンドロイド（Lv3）","7","敏捷提升30%","职技能力","敏捷提升30%","24:拳圣（Lv3）；66:极忍（Lv3）；7003:念动战士（Lv3）；7005:高贵剑士（Lv3）","164:邪兽妖魔（Lv3）；179:淫斗魅魔（Lv3）；236:疾空魔兽（Lv3）；240:巨型半人马（Lv3）；242:武神猫（Lv3）；249:上级狐魔兽（Lv3）；276:长老哈比（Lv3）；288:巴哈姆特（Lv3）；313:母军团（Lv3）；7403:纳米仿生人（Lv3）","2"
"276","素早さ40%アップ","職技アビリティ","素早さが40%アップする","7013:神竜の騎士（Lv3）；7016:拳神（Lv3）；7030:忍神（Lv3）；7052:サイコトリニティ（Lv3）；7053:ラストノーブル（Lv3）","165:古神（Lv3）；182:クィーンサキュバス（Lv3）；281:クィーンハーピー（Lv3）；317:クィーンインセクト（Lv3）","10","敏捷提升40%","职技能力","敏捷提升40%","7013:神龙骑士（Lv3）；7016:拳神（Lv3）；7030:忍神（Lv3）；7052:念动三位一体（Lv3）；7053:最后的贵族（Lv3）","165:古神（Lv3）；182:魅魔女王（Lv3）；281:哈比女王（Lv3）；317:昆虫女王（Lv3）","2"
"277","素早さ50%アップ","職技アビリティ","素早さが50%アップする","","166:魔王（Lv3）；183:リリスナイトメア（Lv3）；244:百獣王（Lv3）；282:神鳥（Lv3）；318:神蟲（Lv3）","15","敏捷提升50%","职技能力","敏捷提升50%","","166:魔王（Lv3）；183:莉莉丝梦魇（Lv3）；244:百兽王（Lv3）；282:神鸟（Lv3）；318:神虫（Lv3）","2"
"278","器用さ10%アップ","職技アビリティ","器用さが10%アップする","52:狩人（Lv3）；86:占い師（Lv3）；110:技師（Lv3）；113:魔芸師（Lv9）","175:インプ（Lv3）；184:ヴァンパイア（Lv4）；203:エルフ（Lv5）；265:スキュラ（Lv3）；298:魔物狩り狩り（Lv3）；301:海棲種（Lv3）；344:ドール（Lv3）；7401:試作ロイド（Lv4）","3","灵巧提升10%","职技能力","灵巧提升10%","52:猎人（Lv3）；86:占卜师（Lv3）；110:技师（Lv3）；113:魔艺师（Lv9）","175:小恶魔（Lv3）；184:吸血鬼（Lv4）；203:精灵（Lv5）；265:斯库拉（Lv3）；298:魔物狩猎（Lv3）；301:海栖种（Lv3）；344:人偶（Lv3）；7401:试作型机器人（Lv4）","2"
"279","器用さ20%アップ","職技アビリティ","器用さが20%アップする","56:ガンナー（Lv3）；87:ギャンブラー（Lv3）；111:マキナマイスター（Lv3）","176:サキュバス（Lv3）；185:ノスフェラトゥ（Lv4）；204:ハイエルフ（Lv3）；219:ダークフェアリー（Lv3）；250:狐芸者（Lv3）；259:蛇巫女（Lv3）；266:ハイスキュラ（Lv2）；270:スキュラメイド（Lv3）；299:巨人殺し（Lv3）；306:竜宮舞妓（Lv3）；333:ゾンビドクター（Lv3）；345:エビルマータ（Lv4）；359:キメラロイド（Lv3）；7404:射撃型ロイド（Lv3）","5","灵巧提升20%","职技能力","灵巧提升20%","56:铳手（Lv3）；87:赌徒（Lv3）；111:器械工匠（Lv3）","176:魅魔（Lv3）；185:诺斯费拉图（Lv4）；204:高等精灵（Lv3）；219:暗黑妖精（Lv3）；250:狐艺伎（Lv3）；259:蛇巫女（Lv3）；266:高等斯库拉（Lv2）；270:斯库拉女仆（Lv3）；299:巨人杀手（Lv3）；306:龙宫舞妓（Lv3）；333:僵尸医生（Lv3）；345:邪恶标记（Lv4）；359:奇美拉机器人（Lv3）；7404:射击型机器人（Lv3）","2"
"280","器用さ30%アップ","職技アビリティ","器用さが30%アップする","57:神銃士（Lv3）；58:魔弾の射手（Lv3）；88:闇の賭博師（Lv3）；112:マスターマシーナリー（Lv3）","177:エルダーサキュバス（Lv3）；186:夜の帝王（Lv4）；205:マスターエルフ（Lv3）；220:アークフェアリー（Lv3）；251:狐花魁（Lv3）；260:白蛇神楽（Lv3）；267:エルダースキュラ（Lv3）；271:スキュラサーバント（Lv3）；307:竜宮姫（Lv3）；334:デスプロフェッサー（Lv3）；346:フォースドール（Lv3）；360:機神（Lv3）；7405:バスターロイド（Lv3）","7","灵巧提升30%","职技能力","灵巧提升30%","57:神铳手（Lv3）；58:魔弹射手（Lv3）；88:暗之赌徒（Lv3）；112:机械大师（Lv3）","177:长老魅魔（Lv3）；186:夜之帝王（Lv4）；205:大师精灵（Lv3）；220:大妖精（Lv3）；251:狐花魁（Lv3）；260:白蛇神乐（Lv3）；267:长老斯库拉（Lv3）；271:斯库拉女仆（Lv3）；307:龙宫姬（Lv3）；334:死亡教授（Lv3）；346:强制人偶（Lv3）；360:机神（Lv3）；7405:破坏者机器人（Lv3）","2"
"281","器用さ40%アップ","職技アビリティ","器用さが40%アップする","7014:修羅（Lv3）；7025:狩神（Lv3）；7026:銃神（Lv3）；7029:盗神（Lv3）；7030:忍神（Lv3）；7035:ゴッドギャンブラー（Lv3）；7039:QOBF（Lv3）；7043:ゴッドマシーナリー（Lv3）","182:クィーンサキュバス（Lv3）；192:クィーンヴァンパイア（Lv3）；212:クィーンエルフ（Lv3）；252:九尾の狐（Lv3）；272:クィーンスキュラ（Lv3）","10","灵巧提升40%","职技能力","灵巧提升40%","7014:修罗（Lv3）；7025:狩神（Lv3）；7026:铳神（Lv3）；7029:盗神（Lv3）；7030:忍神（Lv3）；7035:赌神（Lv3）；7039:QOBF（Lv3）；7043:神之机械（Lv3）","182:魅魔女王（Lv3）；192:吸血鬼女王（Lv3）；212:精灵女王（Lv3）；252:九尾狐（Lv3）；272:斯库拉女王（Lv3）","2"
"282","器用さ50%アップ","職技アビリティ","器用さが50%アップする","7028:パーフェクトアームズ（Lv3）","183:リリスナイトメア（Lv3）；193:ドラキュリーナ（Lv3）；213:アルフ神族（Lv3）；253:零尾の狐（Lv3）；273:インフィニティスキュラ（Lv3）；308:海神（Lv3）；327:世界樹花（Lv3）；353:究極至高人形（Lv3）；361:ウェポンタイプ（Lv5）；7443:アサルトバスター（Lv3）","15","灵巧提升50%","职技能力","灵巧提升50%","7028:完美武器（Lv3）","183:莉莉丝梦魇（Lv3）；193:德古莉娜（Lv3）；213:亚尔夫神族（Lv3）；253:零尾之狐（Lv3）；273:无限斯库拉（Lv3）；308:海神（Lv3）；327:世界树之花（Lv3）；353:究极至高人偶（Lv3）；361:武器类型（Lv5）；7443:突击破坏者（Lv3）","2"
"283","SP消費3/4","職技アビリティ","スキル使用時のSP消費が3/4になる","68:海賊（Lv9）","168:妖怪（Lv8）；197:海賊マーメイド（Lv9）","10","SP消費3/4","职技能力","スキル使用時のSP消費が3/4になる","68:海贼（Lv9）","168:妖怪（Lv8）；197:海贼人鱼（Lv9）","2"
"284","SP消費1/2","職技アビリティ","スキル使用時のSP消費が半分になる","69:海賊王（Lv9）","169:妖神（Lv8）；198:海賊王ローレライ（Lv9）","20","SP消費1/2","职技能力","技能使用时的SP消耗减半","69:海贼王（Lv9）","169:妖神（Lv8）；198:海贼王罗蕾莱（Lv9）","2"
"285","SP消費1/4","職技アビリティ","スキル使用時のSP消費が1/4になる","7057:剣ヲ極メシ者（Lv12）","7415:マガツオオミカミ（Lv13）","30","SP消費1/4","职技能力","スキル使用時のSP消費が1/4になる","7057:剑之极致者（Lv12）","7415:祸津大御神（Lv13）","2"
"286","SP究極消費ダウン","職技アビリティ","スキル使用時のSP消費が1/100になる","","7451:邪神（Lv12）","50","SP究极消耗降低","职技能力","スキル使用時のSP消費が1/100になる","","7451:邪神（Lv12）","2"
"287","いつでもぶんどる","職技アビリティ","通常攻撃が「ぶんどる」になる","","236:疾空の魔獣（Lv4）","10","随时抢夺","职技能力","普通攻击变为「抢夺」","","236:疾空魔兽（Lv4）","2"
"288","生命保険","職技アビリティ","戦闘不能時、ゴールドを獲得","79:商人（Lv8）","","5","人寿保险","职技能力","战斗不能时，获得金币","79:商人（Lv8）","","2"
"289","ずっと殴られ得","職技アビリティ","受けたダメージに応じてゴールドを獲得","","200:海運王ローレライ（Lv7）","10","一直挨打赚钱","职技能力","根据受到的伤害获得金币","","200:海运王罗蕾莱（Lv7）","2"
"290","最期の託宣","職技アビリティ","戦闘不能時、アイテムを入手","86:占い師（Lv7）","","5","最后的赐福","职技能力","战斗不能时，获得物品","86:占卜师（Lv7）","","2"
"291","ラストスロット","職技アビリティ","戦闘不能時、より良いアイテムを入手","87:ギャンブラー（Lv7）","","10","最后的机会","职技能力","战斗不能时，获得更好的物品","87:赌徒（Lv7）","","2"
"292","ファイナルチャンス","職技アビリティ","戦闘不能時、レアアイテムを入手","88:闇の賭博師（Lv7）","","20","最终机会","职技能力","战斗不能时，获得稀有物品","88:暗之赌徒（Lv7）","","2"
"293","遺言","職技アビリティ","戦闘不能時、仲間全員の能力が大アップ","121:話術士（Lv7）","","5","遗言","职技能力","战斗不能时，全体队友能力大幅提升","121:话术士（Lv7）","","2"
"294","道連れBC兵器","職技アビリティ","戦闘不能時、猛毒を撒き散らす","","333:ゾンビドクター（Lv5）","5","同归于尽BC兵器","职技能力","战斗不能时，散布猛毒","","333:僵尸医生（Lv5）","2"
"295","末期の奉仕","職技アビリティ","戦闘不能時、味方の全体のHP・MP・SPを大回復","","270:スキュラメイド（Lv8）","10","末期的侍奉","职技能力","战斗不能时，全体队友的HP・MP・SP大幅恢复","","270:斯库拉女仆（Lv8）","2"
"296","メイドの土産","職技アビリティ","戦闘不能時、味方の全体のHP・MP・SPを全回復","","271:スキュラサーバント（Lv7）","20","女仆的礼物","职技能力","战斗不能时，全体队友的HP・MP・SP完全恢复","","271:斯库拉女仆（Lv7）","2"
"297","縛られメイド","職技アビリティ","戦闘開始時に暗闇・麻痺・沈黙、獲得経験値2倍","","270:スキュラメイド（Lv9）","1","束缚女仆","职技能力","战斗开始时陷入黑暗・麻痹・沉默，获得经验值2倍","","270:斯库拉女仆（Lv9）","2"
"298","聖者殉教","職技アビリティ","戦闘不能時、味方全体のHPを全回復および完全蘇生","138:法王（Lv8）","","10","圣者殉教","职技能力","战斗不能时，我方全体HP全恢复及完全复活","138:教皇（Lv8）","","2"
"299","聖者玉砕","職技アビリティ","戦闘不能時、敵全体に炎・聖属性の大ダメージ","140:機甲法王（Lv4）","","10","圣者玉碎","职技能力","战斗不能时，对全体敌人造成炎・圣属性的大伤害","140:机甲教皇（Lv4）","","2"
"300","出会い頭のおたけび","職技アビリティ","戦闘開始時、敵全体をスタンさせるおたけびを一定確率で放つ","","234:血塗られた狂獣（Lv8）","10","初次见面的呐喊","职技能力","战斗开始时，有一定概率对全体敌人发出使其眩晕的咆哮","","234:血染的狂兽（Lv8）","2"
"301","獣王の畏怖","職技アビリティ","戦闘開始時、敵全体をスタンさせるおたけびを必ず放つ","","244:百獣王（Lv15）","15","兽王的敬畏","职技能力","战斗开始时，必定对全体敌人发出使其眩晕的咆哮","","244:百兽王（Lv15）","2"
"302","開幕びっくり箱","職技アビリティ","戦闘開始時、敵全体を驚かせてスタンさせる","","342:パンドラ（Lv2）","10","开场惊吓箱","职技能力","战斗开始时，使全体敌人惊吓并眩晕","","342:潘多拉（Lv2）","2"
"303","バビロンの大淫婦","職技アビリティ","ターン終了時、快楽系状態異常（ヌルヌル以外）の敵を即死させる","","7416:バビロンの大淫婦（Lv13）","25","巴比伦的大淫妇","职技能力","回合结束时，使处于快乐状态异常（除黏滑外）的敌人立即死亡","","7416:巴比伦的大淫妇（Lv13）","2"
"304","物理攻撃即死付加10%","職技アビリティ","物理攻撃に10%の即死効果が付加する","","337:エビルミスト（Lv5）","10","物理攻击即死附加10%","职技能力","物理攻击附加10%的即死效果","","337:邪恶迷雾（Lv5）","2"
"305","物理攻撃即死付加25%","職技アビリティ","物理攻撃に25%の即死効果が付加する","","338:マスターシャドウ（Lv5）","20","物理攻击即死附加25%","职技能力","物理攻击附加25%的即死效果","","338:幽影之主（Lv5）","2"
"306","物理攻撃即死付加50%","職技アビリティ","物理攻撃に50%の即死効果が付加する","","343:エターニティ（Lv6）","30","物理攻击即死附加50%","职技能力","物理攻击附加50%的即死效果","","343:永恒（Lv6）","2"
"307","物理攻撃昇天付加10%","職技アビリティ","物理攻撃に10%の昇天効果が付加する","","368:キューピッド（Lv5）","10","物理攻击升天附加10%","职技能力","物理攻击附加10%的升天效果","","368:丘比特（Lv5）","2"
"308","物理攻撃昇天付加25%","職技アビリティ","物理攻撃に25%の昇天効果が付加する","","369:淫欲のクピド（Lv5）","20","物理攻击升天附加25%","职技能力","物理攻击附加25%的升天效果","","369:淫欲的丘比特（Lv5）","2"
"309","物理攻撃昇天付加50%","職技アビリティ","物理攻撃に50%の昇天効果が付加する","","370:熾天使（Lv10）","30","物理攻击升天附加50%","职技能力","物理攻击附加50%的升天效果","","370:炽天使（Lv10）","2"
"310","物理攻撃絶頂付加10%","職技アビリティ","物理攻撃に10%の絶頂効果が付加する","","176:サキュバス（Lv5）","10","物理攻击绝顶附加10%","职技能力","物理攻击附加10%的绝顶效果","","176:魅魔（Lv5）","2"
"311","物理攻撃絶頂付加25%","職技アビリティ","物理攻撃に25%の絶頂効果が付加する","","177:エルダーサキュバス（Lv4）","20","物理攻击绝顶附加25%","职技能力","物理攻击附加25%的绝顶效果","","177:长老魅魔（Lv4）","2"
"312","物理攻撃絶頂付加50%","職技アビリティ","物理攻撃に50%の絶頂効果が付加する","","183:リリスナイトメア（Lv9）","30","物理攻击绝顶附加50%","职技能力","物理攻击附加50%的绝顶效果","","183:莉莉丝梦魇（Lv9）","2"
"313","物理攻撃毒付加10%","職技アビリティ","物理攻撃に10%の毒効果が付加する","","322:ワルラウネ（Lv5）","5","物理攻击中毒附加10%","职技能力","物理攻击附加10%的中毒效果","","322:恶娜温（Lv5）","2"
"314","物理攻撃毒付加25%","職技アビリティ","物理攻撃に25%の毒効果が付加する","","323:彼岸の魔花（Lv5）","10","物理攻击中毒附加25%","职技能力","物理攻击附加25%的中毒效果","","323:彼岸的魔花（Lv5）","2"
"315","物理攻撃毒付加50%","職技アビリティ","物理攻撃に50%の毒効果が付加する","","326:クィーンアルラウネ（Lv8）","15","物理攻击中毒附加50%","职技能力","物理攻击附加50%的中毒效果","","326:阿娜温女王（Lv8）","2"
"316","物理攻撃暗闇付加10%","職技アビリティ","物理攻撃に10%の暗闇効果が付加する","","235:スピードビースト（Lv3）","5","物理攻击黑暗附加10%","职技能力","物理攻击附加10%的黑暗效果","","235:速度兽（Lv3）","2"
"317","物理攻撃暗闇付加25%","職技アビリティ","物理攻撃に25%の暗闇効果が付加する","","236:疾空の魔獣（Lv3）","10","物理攻击黑暗附加25%","职技能力","物理攻击附加25%的黑暗效果","","236:疾空魔兽（Lv3）","2"
"318","物理攻撃暗闇付加50%","職技アビリティ","物理攻撃に50%の暗闇効果が付加する","","244:百獣王（Lv4）","15","物理攻击黑暗附加50%","职技能力","物理攻击附加50%的黑暗效果","","244:百兽王（Lv4）","2"
"319","物理攻撃沈黙付加10%","職技アビリティ","物理攻撃に10%の沈黙効果が付加する","","259:蛇巫女（Lv8）","5","物理攻击沉默附加10%","职技能力","物理攻击附加10%的沉默效果","","259:蛇巫女（Lv8）","2"
"320","物理攻撃沈黙付加25%","職技アビリティ","物理攻撃に25%の沈黙効果が付加する","","260:白蛇神楽（Lv6）","10","物理攻击沉默附加25%","职技能力","物理攻击附加25%的沉默效果","","260:白蛇神乐（Lv6）","2"
"321","物理攻撃沈黙付加50%","職技アビリティ","物理攻撃に50%の沈黙効果が付加する","","263:クィーンラミア（Lv8）","15","物理攻击沉默附加50%","职技能力","物理攻击附加50%的沉默效果","","263:拉米亚女王（Lv8）","2"
"322","物理攻撃混乱付加10%","職技アビリティ","物理攻撃に10%の混乱効果が付加する","","322:ワルラウネ（Lv6）","10","物理攻击混乱附加10%","职技能力","物理攻击附加10%的混乱效果","","322:恶娜温（Lv6）","2"
"323","物理攻撃混乱付加25%","職技アビリティ","物理攻撃に25%の混乱効果が付加する","","323:彼岸の魔花（Lv6）","20","物理攻击混乱附加25%","职技能力","物理攻击附加25%的混乱效果","","323:彼岸的魔花（Lv6）","2"
"324","物理攻撃混乱付加50%","職技アビリティ","物理攻撃に50%の混乱効果が付加する","","327:世界樹花（Lv6）","30","物理攻击混乱附加50%","职技能力","物理攻击附加50%的混乱效果","","327:世界树之花（Lv6）","2"
"325","物理攻撃睡眠付加10%","職技アビリティ","物理攻撃に10%の睡眠効果が付加する","","197:海賊マーメイド（Lv8）","10","物理攻击睡眠附加10%","职技能力","物理攻击附加10%的睡眠效果","","197:海贼人鱼（Lv8）","2"
"326","物理攻撃睡眠付加25%","職技アビリティ","物理攻撃に25%の睡眠効果が付加する","","198:海賊王ローレライ（Lv8）","20","物理攻击睡眠附加25%","职技能力","物理攻击附加25%的睡眠效果","","198:海贼王罗蕾莱（Lv8）","2"
"327","物理攻撃睡眠付加50%","職技アビリティ","物理攻撃に50%の睡眠効果が付加する","","202:伝説の神魚（Lv6）","30","物理攻击睡眠附加50%","职技能力","物理攻击附加50%的睡眠效果","","202:传说之神鱼（Lv6）","2"
"328","物理攻撃麻痺付加10%","職技アビリティ","物理攻撃に10%の麻痺効果が付加する","","312:レギオン（Lv5）；324:食虫淫花（Lv5）","10","物理攻击麻痹附加10%","职技能力","物理攻击附加10%的麻痹效果","","312:军团（Lv5）；324:食虫淫花（Lv5）","2"
"329","物理攻撃麻痺付加25%","職技アビリティ","物理攻撃に25%の麻痺効果が付加する","","313:マザーレギオン（Lv5）；325:ビーナスネペンテス（Lv5）","20","物理攻击麻痹附加25%","职技能力","物理攻击附加25%的麻痹效果","","313:母军团（Lv5）；325:维纳斯之花（Lv5）","2"
"330","物理攻撃麻痺付加50%","職技アビリティ","物理攻撃に50%の麻痺効果が付加する","","327:世界樹花（Lv6）","30","物理攻击麻痹附加50%","职技能力","物理攻击附加50%的麻痹效果","","327:世界树之花（Lv6）","2"
"331","物理攻撃バーン付加10%","職技アビリティ","物理攻撃に10%のバーン効果が付加する","","159:上級妖魔（Lv8）；287:飛竜（Lv5）","10","物理攻击燃烧附加10%","职技能力","物理攻击附加10%的燃烧效果","","159:上级妖魔（Lv8）；287:飞龙（Lv5）","2"
"332","物理攻撃バーン付加25%","職技アビリティ","物理攻撃に25%のバーン効果が付加する","","160:妖魔貴族（Lv6）；288:バハムート（Lv5）","20","物理攻击燃烧附加25%","职技能力","物理攻击附加25%的燃烧效果","","160:妖魔贵族（Lv6）；288:巴哈姆特（Lv5）","2"
"333","物理攻撃バーン付加50%","職技アビリティ","物理攻撃に50%のバーン効果が付加する","","166:魔王（Lv5）","30","物理攻击燃烧附加50%","职技能力","物理攻击附加50%的燃烧效果","","166:魔王（Lv5）","2"
"334","物理攻撃フリーズ付加10%","職技アビリティ","物理攻撃に10%のフリーズ効果が付加する","","172:夜叉（Lv5）；289:海竜（Lv4）","10","物理攻击冻结附加10%","职技能力","物理攻击附加10%的冻结效果","","172:夜叉（Lv5）；289:海龙（Lv4）","2"
"335","物理攻撃フリーズ付加25%","職技アビリティ","物理攻撃に25%のフリーズ効果が付加する","","173:阿修羅（Lv5）；290:リヴァイアサン（Lv5）","20","物理攻击冻结附加25%","职技能力","物理攻击附加25%的冻结效果","","173:阿修罗（Lv5）；290:利维坦（Lv5）","2"
"336","物理攻撃フリーズ付加50%","職技アビリティ","物理攻撃に50%のフリーズ効果が付加する","","174:妖怪王（Lv6）","30","物理攻击冻结附加50%","职技能力","物理攻击附加50%的冻结效果","","174:妖怪王（Lv6）","2"
"337","物理攻撃ショック付加10%","職技アビリティ","物理攻撃に10%のショック効果が付加する","","187:マージヴァンパイア（Lv4）；359:キメラロイド（Lv5）","10","物理攻击电击附加10%","职技能力","物理攻击附加10%的电击效果","","187:合并吸血鬼（Lv4）；359:奇美拉机器人（Lv5）","2"
"338","物理攻撃ショック付加25%","職技アビリティ","物理攻撃に25%のショック効果が付加する","","188:アークヴァンパイア（Lv4）；360:機神（Lv5）","20","物理攻击电击附加25%","职技能力","物理攻击附加25%的电击效果","","188:大吸血鬼（Lv4）；360:机神（Lv5）","2"
"339","物理攻撃ショック付加50%","職技アビリティ","物理攻撃に50%のショック効果が付加する","","192:クィーンヴァンパイア（Lv6）","30","物理攻击电击附加50%","职技能力","物理攻击附加50%的电击效果","","192:吸血鬼女王（Lv6）","2"
"340","物理攻撃スロウ付加10%","職技アビリティ","物理攻撃に10%のスロウ効果が付加する","","314:アラクネ（Lv7）","10","物理攻击减速附加10%","职技能力","物理攻击附加10%的减速效果","","314:阿拉克涅（Lv7）","2"
"341","物理攻撃スロウ付加25%","職技アビリティ","物理攻撃に25%のスロウ効果が付加する","","315:アトラク＝ナクア（Lv5）","20","物理攻击减速附加25%","职技能力","物理攻击附加25%的减速效果","","315:阿特拉克・纳克亚（Lv5）","2"
"342","物理攻撃スロウ付加50%","職技アビリティ","物理攻撃に50%のスロウ効果が付加する","","317:クィーンインセクト（Lv8）；318:神蟲（Lv6）","30","物理攻击减速附加50%","职技能力","物理攻击附加50%的减速效果","","317:昆虫女王（Lv8）；318:神虫（Lv6）","2"
"343","物理攻撃ストップ付加10%","職技アビリティ","物理攻撃に10%のストップ効果が付加する","","189:シノビヴァンパイア（Lv9）；314:アラクネ（Lv7）","10","物理攻击停止附加10%","职技能力","物理攻击附加10%的停止效果","","189:忍者吸血鬼（Lv9）；314:阿拉克涅（Lv7）","2"
"344","物理攻撃ストップ付加25%","職技アビリティ","物理攻撃に25%のストップ効果が付加する","","190:クノイチナイトメア（Lv9）；315:アトラク＝ナクア（Lv6）","20","物理攻击停止附加25%","职技能力","物理攻击附加25%的停止效果","","190:女忍噩梦（Lv9）；315:阿特拉克・纳克亚（Lv6）","2"
"345","物理攻撃ストップ付加50%","職技アビリティ","物理攻撃に50%のストップ効果が付加する","","192:クィーンヴァンパイア（Lv7）；318:神蟲（Lv7）","30","物理攻击停止附加50%","职技能力","物理攻击附加50%的停止效果","","192:吸血鬼女王（Lv7）；318:神虫（Lv7）","2"
"346","物理攻撃ミニマム付加10%","職技アビリティ","物理攻撃に10%のミニマム効果が付加する","","331:マミー（Lv5）","10","物理攻击缩小附加10%","职技能力","物理攻击附加10%的缩小效果","","331:木乃伊（Lv5）","2"
"347","物理攻撃ミニマム付加25%","職技アビリティ","物理攻撃に25%のミニマム効果が付加する","","332:イシス（Lv5）","20","物理攻击缩小附加25%","职技能力","物理攻击附加25%的缩小效果","","332:伊西斯（Lv5）","2"
"348","物理攻撃ミニマム付加50%","職技アビリティ","物理攻撃に50%のミニマム効果が付加する","","335:カオスアンデッド（Lv7）","30","物理攻击缩小附加50%","职技能力","物理攻击附加50%的缩小效果","","335:混沌不死族（Lv7）","2"
"349","物理攻撃ゾンビ付加10%","職技アビリティ","物理攻撃に10%のゾンビ効果が付加する","","329:ハイアンデッド（Lv3）","10","物理攻击僵尸附加10%","职技能力","物理攻击附加10%的僵尸效果","","329:高级不死族（Lv3）","2"
"350","物理攻撃ゾンビ付加25%","職技アビリティ","物理攻撃に25%のゾンビ効果が付加する","","330:マスターアンデッド（Lv3）","20","物理攻击僵尸附加25%","职技能力","物理攻击附加25%的僵尸效果","","330:大师不死族（Lv3）","2"
"351","物理攻撃ゾンビ付加50%","職技アビリティ","物理攻撃に50%のゾンビ効果が付加する","","335:カオスアンデッド（Lv6）","30","物理攻击僵尸附加50%","职技能力","物理攻击附加50%的僵尸效果","","335:混沌不死族（Lv6）","2"
"352","物理攻撃石化付加10%","職技アビリティ","物理攻撃に10%の石化効果が付加する","","261:メデューサ（Lv9）；331:マミー（Lv7）","10","物理攻击石化附加10%","职技能力","物理攻击附加10%的石化效果","","261:美杜莎（Lv9）；331:木乃伊（Lv7）","2"
"353","物理攻撃石化付加25%","職技アビリティ","物理攻撃に25%の石化効果が付加する","","262:ロードメデューサ（Lv9）；332:イシス（Lv7）","20","物理攻击石化附加25%","职技能力","物理攻击附加25%的石化效果","","262:美杜莎领主（Lv9）；332:伊西斯（Lv7）","2"
"354","物理攻撃石化付加50%","職技アビリティ","物理攻撃に50%の石化効果が付加する","","264:ウロボロス（Lv9）；335:カオスアンデッド（Lv8）","30","物理攻击石化附加50%","职技能力","物理攻击附加50%的石化效果","","264:衔尾蛇（Lv9）；335:混沌不死族（Lv8）","2"
"355","物理攻撃消化付加10%","職技アビリティ","物理攻撃に10%の消化効果が付加する","","228:肉食スライム（Lv7）；324:食虫淫花（Lv8）","10","物理攻击消化附加10%","职技能力","物理攻击附加10%的消化效果","","228:肉食史莱姆（Lv7）；324:食虫淫花（Lv8）","2"
"356","物理攻撃消化付加25%","職技アビリティ","物理攻撃に25%の消化効果が付加する","","229:淫酷の粘妖（Lv7）；325:ビーナスネペンテス（Lv8）","20","物理攻击消化附加25%","职技能力","物理攻击附加25%的消化效果","","229:淫酷粘妖（Lv7）；325:维纳斯之花（Lv8）","2"
"357","物理攻撃消化付加50%","職技アビリティ","物理攻撃に50%の消化効果が付加する","","231:究極群体生命（Lv6）","30","物理攻击消化附加50%","职技能力","物理攻击附加50%的消化效果","","231:究极群体生命（Lv6）","2"
"358","物理攻撃スタン付加10%","職技アビリティ","物理攻撃に10%のスタン効果が付加する","","261:メデューサ（Lv8）","10","物理攻击眩晕附加10%","职技能力","物理攻击附加10%的眩晕效果","","261:美杜莎（Lv8）","2"
"359","物理攻撃スタン付加25%","職技アビリティ","物理攻撃に25%のスタン効果が付加する","","262:ロードメデューサ（Lv8）","20","物理攻击眩晕附加25%","职技能力","物理攻击附加25%的眩晕效果","","262:美杜莎领主（Lv8）","2"
"360","物理攻撃スタン付加50%","職技アビリティ","物理攻撃に50%のスタン効果が付加する","","264:ウロボロス（Lv8）","30","物理攻击眩晕附加50%","职技能力","物理攻击附加50%的眩晕效果","","264:衔尾蛇（Lv8）","2"
"361","物理攻撃ヌルヌル付加10%","職技アビリティ","物理攻撃に10%のヌルヌル効果が付加する","","224:メガスライム（Lv3）；296:軟体搾精種（Lv5）","10","物理攻击黏滑附加10%","职技能力","物理攻击附加10%的黏滑效果","","224:大史莱姆（Lv3）；296:软体榨精种（Lv5）","2"
"362","物理攻撃ヌルヌル付加25%","職技アビリティ","物理攻撃に25%のヌルヌル効果が付加する","","225:ギガスライム（Lv4）；297:ハイクリーチャー（Lv5）","20","物理攻击黏滑附加25%","职技能力","物理攻击附加25%的黏滑效果","","225:千兆史莱姆（Lv4）；297:高级生物（Lv5）","2"
"363","物理攻撃ヌルヌル付加50%","職技アビリティ","物理攻撃に50%のヌルヌル効果が付加する","","231:究極群体生命（Lv6）；300:百魔の王（Lv4）","30","物理攻击黏滑附加50%","职技能力","物理攻击附加50%的黏滑效果","","231:究极群体生命（Lv6）；300:百魔之王（Lv4）","2"
"364","物理攻撃敏感付加10%","職技アビリティ","物理攻撃に10%の敏感効果が付加する","97:娼婦（Lv7）","178:モンクサキュバス（Lv3）","10","物理攻击敏感附加10%","职技能力","物理攻击附加10%的敏感效果","97:娼妇（Lv7）","178:僧侣魅魔（Lv3）","2"
"365","物理攻撃敏感付加25%","職技アビリティ","物理攻撃に25%の敏感効果が付加する","98:慈愛の聖娼（Lv7）","179:淫闘サキュバス（Lv3）","20","物理攻击敏感附加25%","职技能力","物理攻击附加25%的敏感效果","98:慈爱的圣娼（Lv7）","179:淫斗魅魔（Lv3）","2"
"366","物理攻撃敏感付加50%","職技アビリティ","物理攻撃に50%の敏感効果が付加する","","183:リリスナイトメア（Lv7）","30","物理攻击敏感附加50%","职技能力","物理攻击附加50%的敏感效果","","183:莉莉丝梦魇（Lv7）","2"
"367","物理攻撃恍惚付加10%","職技アビリティ","物理攻撃に10%の恍惚効果が付加する","97:娼婦（Lv8）","176:サキュバス（Lv5）","10","物理攻击恍惚附加10%","职技能力","物理攻击附加10%的恍惚效果","97:娼妇（Lv8）","176:魅魔（Lv5）","2"
"368","物理攻撃恍惚付加25%","職技アビリティ","物理攻撃に25%の恍惚効果が付加する","99:傾国の魔娼（Lv7）","177:エルダーサキュバス（Lv4）","20","物理攻击恍惚附加25%","职技能力","物理攻击附加25%的恍惚效果","99:倾国的魔娼（Lv7）","177:长老魅魔（Lv4）","2"
"369","物理攻撃恍惚付加50%","職技アビリティ","物理攻撃に50%の恍惚効果が付加する","","183:リリスナイトメア（Lv7）","30","物理攻击恍惚附加50%","职技能力","物理攻击附加50%的恍惚效果","","183:莉莉丝梦魇（Lv7）","2"
"370","物理攻撃誘惑付加10%","職技アビリティ","物理攻撃に10%の誘惑効果が付加する","100:スーパースター（Lv8）","180:ウィッチサキュバス（Lv4）；368:キューピッド（Lv5）","10","物理攻击诱惑附加10%","职技能力","物理攻击附加10%的诱惑效果","100:超级巨星（Lv8）","180:女巫魅魔（Lv4）；368:丘比特（Lv5）","2"
"371","物理攻撃誘惑付加25%","職技アビリティ","物理攻撃に25%の誘惑効果が付加する","67:淫流くのいち（Lv9）","181:アークサキュバス（Lv3）；369:淫欲のクピド（Lv5）","20","物理攻击诱惑附加25%","职技能力","物理攻击附加25%的诱惑效果","67:淫流女忍（Lv9）","181:大魅魔（Lv3）；369:淫欲的丘比特（Lv5）","2"
"372","物理攻撃誘惑付加50%","職技アビリティ","物理攻撃に50%の誘惑効果が付加する","","183:リリスナイトメア（Lv9）；7416:バビロンの大淫婦（Lv8）","30","物理攻击诱惑附加50%","职技能力","物理攻击附加50%的诱惑效果","","183:莉莉丝梦魇（Lv9）；7416:巴比伦的大淫妇（Lv8）","2"
"373","物理攻撃失禁付加10%","職技アビリティ","物理攻撃に10%の失禁効果が付加する","101:バトルファッカー（Lv5）","182:クィーンサキュバス（Lv5）；368:キューピッド（Lv5）","10","物理攻击失禁附加10%","职技能力","物理攻击附加10%的失禁效果","101:BF斗士（Lv5）","182:魅魔女王（Lv5）；368:丘比特（Lv5）","2"
"374","物理攻撃失禁付加25%","職技アビリティ","物理攻撃に25%の失禁効果が付加する","102:クィーンファッカー（Lv5）","183:リリスナイトメア（Lv10）；369:淫欲のクピド（Lv5）","20","物理攻击失禁附加25%","职技能力","物理攻击附加25%的失禁效果","102:女王BF（Lv5）","183:莉莉丝梦魇（Lv10）；369:淫欲的丘比特（Lv5）","2"
"375","物理攻撃失禁付加50%","職技アビリティ","物理攻撃に50%の失禁効果が付加する","","7416:バビロンの大淫婦（Lv8）","30","物理攻击失禁附加50%","职技能力","物理攻击附加50%的失禁效果","","7416:巴比伦的大淫妇（Lv8）","2"
"376","竪琴ブースター","職技アビリティ","竪琴装備時、その武器によるダメージが15%アップする","95:吟遊詩人（Lv9）","195:ハイマーメイド（Lv3）","10","竖琴增强","职技能力","装备竖琴时，该武器造成的伤害提升15%","95:吟游诗人（Lv9）","195:高等人鱼（Lv3）","2"
"377","竪琴ハイブースター","職技アビリティ","竪琴装備時、その武器によるダメージが30%アップする","96:神唱の歌姫（Lv9）","196:ローレライ（Lv4）","20","竖琴高级增强","职技能力","装备竖琴时，该武器造成的伤害提升30%","96:神唱的歌姬（Lv9）","196:罗蕾莱（Lv4）","2"
"378","竪琴エクスブースター","職技アビリティ","竪琴装備時、その武器によるダメージが50%アップする","7037:歌唱神（Lv14）","202:伝説の神魚（Lv15）；308:海神（Lv15）；353:究極至高人形（Lv15）","30","竖琴极限增强","职技能力","装备竖琴时，该武器造成的伤害提升50%","7037:歌唱神（Lv14）","202:传说之神鱼（Lv15）；308:海神（Lv15）；353:究极至高人偶（Lv15）","2"
"379","包丁ブースター","職技アビリティ","包丁装備時、その武器によるダメージが15%アップする","124:トリプルコック（Lv9）","","10","菜刀增强","职技能力","装备菜刀时，该武器造成的伤害提升15%","124:三星厨师（Lv9）","","2"
"380","包丁ハイブースター","職技アビリティ","包丁装備時、その武器によるダメージが30%アップする","125:味皇（Lv9）","","20","菜刀高级增强","职技能力","装备菜刀时，该武器造成的伤害提升30%","125:味皇（Lv9）","","2"
"381","包丁エクスブースター","職技アビリティ","包丁装備時、その武器によるダメージが50%アップする","7046:料理神（Lv14）","253:零尾の狐（Lv15）","30","菜刀极限增强","职技能力","装备菜刀时，该武器造成的伤害提升50%","7046:料理神（Lv14）","253:零尾之狐（Lv15）","2"
"382","そろばんブースター","職技アビリティ","そろばん装備時、その武器によるダメージが15%アップする","80:闇商人（Lv7）","","10","算盘增强","职技能力","装备算盘时，该武器造成的伤害提升15%","80:暗商人（Lv7）","","2"
"383","そろばんハイブースター","職技アビリティ","そろばん装備時、その武器によるダメージが30%アップする","81:神の見えざる手（Lv7）","","20","算盘高级增强","职技能力","装备算盘时，该武器造成的伤害提升30%","81:无形的大手（Lv7）","","2"
"384","そろばんエクスブースター","職技アビリティ","そろばん装備時、その武器によるダメージが50%アップする","7033:商神（Lv14）","202:伝説の神魚（Lv15）","30","算盘极限增强","职技能力","装备算盘时，该武器造成的伤害提升50%","7033:商神（Lv14）","202:传说之神鱼（Lv15）","2"
"385","メスブースター","職技アビリティ","メス装備時、その武器によるダメージが15%アップする","127:医者（Lv9）","","10","手术刀增强","职技能力","装备手术刀时，该武器造成的伤害提升15%","127:医生（Lv9）","","2"
"386","メスハイブースター","職技アビリティ","メス装備時、その武器によるダメージが30%アップする","128:神医（Lv9）","","20","手术刀高级增强","职技能力","装备手术刀时，该武器造成的伤害提升30%","128:神医（Lv9）","","2"
"387","メスエクスブースター","職技アビリティ","メス装備時、その武器によるダメージが50%アップする","7047:禁医（Lv14）","335:カオスアンデッド（Lv17）","30","手术刀极限增强","职技能力","装备手术刀时，该武器造成的伤害提升50%","7047:禁医（Lv14）","335:混沌不死族（Lv17）","2"
"388","カードブースター","職技アビリティ","カード装備時、その武器によるダメージが15%アップする","89:カードバトラー（Lv9）","","10","卡牌增强","职技能力","装备卡牌时，该武器造成的伤害提升15%","89:卡牌战士（Lv9）","","2"
"389","カードハイブースター","職技アビリティ","カード装備時、その武器によるダメージが30%アップする","90:カードサマナー（Lv9）","","20","卡牌高级增强","职技能力","装备卡牌时，该武器造成的伤害提升30%","90:卡牌召唤师（Lv9）","","2"
"390","カードエクスブースター","職技アビリティ","カード装備時、その武器によるダメージが50%アップする","7035:ゴッドギャンブラー（Lv14）","222:コスモフェアリー（Lv15）","30","卡牌极限增强","职技能力","装备卡牌时，该武器造成的伤害提升50%","7035:赌神（Lv14）","222:宇宙妖精（Lv15）","2"
"391","皿ブースター","職技アビリティ","皿装備時、その武器によるダメージが15%アップする","130:マスターメイド（Lv9）","345:エビルマータ（Lv8）","10","盘增强","职技能力","装备盘时，该武器造成的伤害提升15%","130:大师女仆（Lv9）","345:邪恶标记（Lv8）","2"
"392","皿ハイブースター","職技アビリティ","皿装備時、その武器によるダメージが30%アップする","131:パーフェクトメイド（Lv9）","346:フォースドール（Lv8）","20","盘高级增强","职技能力","装备盘时，该武器造成的伤害提升30%","131:完美女仆（Lv9）","346:强制人偶（Lv8）","2"
"393","皿エクスブースター","職技アビリティ","皿装備時、その武器によるダメージが50%アップする","7048:ゴッドメイド（Lv14）","273:インフィニティスキュラ（Lv18）；353:究極至高人形（Lv16）","30","盘极限增强","职技能力","装备盘时，该武器造成的伤害提升50%","7048:神之女仆（Lv14）","273:无限斯库拉（Lv18）；353:究极至高人偶（Lv16）","2"
"394","淫具ブースター","職技アビリティ","淫具装備時、その武器によるダメージが15%アップする","97:娼婦（Lv9）","180:ウィッチサキュバス（Lv9）","10","淫具增强","职技能力","装备淫具时，该武器造成的伤害提升15%","97:娼妇（Lv9）","180:女巫魅魔（Lv9）","2"
"395","淫具ハイブースター","職技アビリティ","淫具装備時、その武器によるダメージが30%アップする","98:慈愛の聖娼（Lv9）；99:傾国の魔娼（Lv9）","181:アークサキュバス（Lv9）","20","淫具高级增强","职技能力","装备淫具时，该武器造成的伤害提升30%","98:慈爱的圣娼（Lv9）；99:倾国的魔娼（Lv9）","181:大魅魔（Lv9）","2"
"396","淫具エクスブースター","職技アビリティ","淫具装備時、その武器によるダメージが50%アップする","7039:QOBF（Lv12）","183:リリスナイトメア（Lv16）","30","淫具极限增强","职技能力","装备淫具时，该武器造成的伤害提升50%","7039:QOBF（Lv12）","183:莉莉丝梦魇（Lv16）","2"
"397","マキナブースター","職技アビリティ","「マキナ」によるダメージが15%アップする","111:マキナマイスター（Lv9）","7404:射撃型ロイド（Lv9）","10","器械增强","职技能力","「器械」造成的伤害提升15%","111:器械工匠（Lv9）","7404:射击型机器人（Lv9）","2"
"398","マキナハイブースター","職技アビリティ","「マキナ」によるダメージが30%アップする","112:マスターマシーナリー（Lv9）","7405:バスターロイド（Lv9）","20","器械高级增强","职技能力","「器械」造成的伤害提升30%","112:机械大师（Lv9）","7405:破坏者机器人（Lv9）","2"
"399","マキナエクスブースター","職技アビリティ","「マキナ」によるダメージが50%アップする","7043:ゴッドマシーナリー（Lv13）","361:ウェポンタイプ（Lv17）；7443:アサルトバスター（Lv18）","30","器械极限增强","职技能力","「器械」造成的伤害提升50%","7043:神之机械（Lv13）","361:武器类型（Lv17）；7443:突击破坏者（Lv18）","2"
"400","「竪琴」装備可能","職技アビリティ","「竪琴」が装備可能になる","95:吟遊詩人（Lv7）","","5","可以装备「竖琴」","职技能力","变得可以装备「竖琴」","95:吟游诗人（Lv7）","","2"
"401","「包丁」装備可能","職技アビリティ","「包丁」が装備可能になる","124:トリプルコック（Lv7）","","5","可以装备「菜刀」","职技能力","变得可以装备「菜刀」","124:三星厨师（Lv7）","","2"
"402","「そろばん」装備可能","職技アビリティ","「そろばん」が装備可能になる","80:闇商人（Lv5）","199:行商マーメイド（Lv6）","5","可以装备「算盘」","职技能力","变得可以装备「算盘」","80:暗商人（Lv5）","199:行商人鱼（Lv6）","2"
"403","「メス」装備可能","職技アビリティ","「メス」が装備可能になる","126:ナース（Lv7）","","5","可以装备「手术刀」","职技能力","变得可以装备「手术刀」","126:护士（Lv7）","","2"
"404","「カード」装備可能","職技アビリティ","「カード」が装備可能になる","87:ギャンブラー（Lv5）；89:カードバトラー（Lv7）","","5","可以装备「卡牌」","职技能力","变得可以装备「卡牌」","87:赌徒（Lv5）；89:卡牌战士（Lv7）","","2"
"405","「皿」装備可能","職技アビリティ","「皿」が装備可能になる","130:マスターメイド（Lv8）","270:スキュラメイド（Lv9）","5","可以装备「盘」","职技能力","变得可以装备「盘」","130:大师女仆（Lv8）","270:斯库拉女仆（Lv9）","2"
"406","「淫具」装備可能","職技アビリティ","「淫具」が装備可能になる","98:慈愛の聖娼（Lv3）","176:サキュバス（Lv6）","5","可以装备「淫具」","职技能力","变得可以装备「淫具」","98:慈爱的圣娼（Lv3）","176:魅魔（Lv6）","2"
"407","「盗賊技」使用可能","職技アビリティ","「盗賊技」が使用可能になる","64:トリックスター（Lv5）","","5","可以使用「盗贼技」","职技能力","可以使用「盗贼技」","64:诡计之星（Lv5）","","2"
"408","「忍術」使用可能","職技アビリティ","「忍術」が使用可能になる","66:極忍（Lv7）","190:クノイチナイトメア（Lv7）","5","可以使用「忍术」","职技能力","可以使用「忍术」","66:极忍（Lv7）","190:女忍噩梦（Lv7）","2"
"409","「海賊技」使用可能","職技アビリティ","「海賊技」が使用可能になる","69:海賊王（Lv6）；76:海軍大将（Lv6）","198:海賊王ローレライ（Lv8）","5","可以使用「海贼技」","职技能力","可以使用「海贼技」","69:海贼王（Lv6）；76:海军大将（Lv6）","198:海贼王罗蕾莱（Lv8）","2"
"410","「商技」使用可能","職技アビリティ","「商技」が使用可能になる","81:神の見えざる手（Lv5）","200:海運王ローレライ（Lv8）","5","可以使用「商技」","职技能力","可以使用「商技」","81:无形的大手（Lv5）","200:海运王罗蕾莱（Lv8）","2"
"411","「EXアイテム」使用可能","職技アビリティ","「EXアイテム」が使用可能になる","83:マスターアイテム（Lv5）","","5","可以使用「EX物品」","职技能力","可以使用「EX物品」","83:道具大师（Lv5）","","2"
"412","「オラクル」使用可能","職技アビリティ","「オラクル」が使用可能になる","88:闇の賭博師（Lv5）；90:カードサマナー（Lv7）","","5","可以使用「神谕」","职技能力","可以使用「神谕」","88:暗之赌徒（Lv5）；90:卡牌召唤师（Lv7）","","2"
"413","「踊る」使用可能","職技アビリティ","「踊る」が使用可能になる","94:戦巫女（Lv7）","242:武神キャット（Lv7）；260:白蛇神楽（Lv9）；348:アカデミードール（Lv9）","5","可以使用「舞蹈」","职技能力","可以使用「舞蹈」","94:战巫女（Lv7）","242:武神猫（Lv7）；260:白蛇神乐（Lv9）；348:学院人偶（Lv9）","2"
"414","「歌う」使用可能","職技アビリティ","「歌う」が使用可能になる","96:神唱の歌姫（Lv7）","347:ボーカロイド（Lv9）","5","可以使用「歌唱」","职技能力","可以使用「歌唱」","96:神唱的歌姬（Lv7）","347:声乐人偶（Lv9）","2"
"415","「話す」使用可能","職技アビリティ","「話す」が使用可能になる","122:話神（Lv8）","","5","可以使用「交谈」","职技能力","可以使用「交谈」","122:话神（Lv8）","","2"
"416","「マキナ」使用可能","職技アビリティ","「マキナ」が使用可能になる","112:マスターマシーナリー（Lv5）","7404:射撃型ロイド（Lv7）","5","可以使用「器械」","职技能力","可以使用「器械」","112:机械大师（Lv5）","7404:射击型机器人（Lv7）","2"
"417","「料理」使用可能","職技アビリティ","「料理」が使用可能になる","125:味皇（Lv7）","","5","可以使用「料理」","职技能力","可以使用「料理」","125:味皇（Lv7）","","2"
"418","「医術」使用可能","職技アビリティ","「医術」が使用可能になる","128:神医（Lv5）","","5","可以使用「医术」","职技能力","可以使用「医术」","128:神医（Lv5）","","2"
"419","「御奉仕」使用可能","職技アビリティ","「御奉仕」が使用可能になる","131:パーフェクトメイド（Lv8）","271:スキュラサーバント（Lv9）","5","可以使用「侍奉」","职技能力","可以使用「侍奉」","131:完美女仆（Lv8）","271:斯库拉女仆（Lv9）","2"
"420","「王技」使用可能","職技アビリティ","「王技」が使用可能になる","136:騎士王（Lv4）；137:魔導王（Lv4）","","5","可以使用「王技」","职技能力","可以使用「王技」","136:骑士王（Lv4）；137:魔导王（Lv4）","","2"
"421","「勇者技」使用可能","職技アビリティ","「勇者技」が使用可能になる","143:光の勇者（Lv5）；144:闇の勇者（Lv5）","","5","可以使用「勇者技」","职技能力","可以使用「勇者技」","143:光之勇者（Lv5）；144:暗之勇者（Lv5）","","2"
"422","「淫技」使用可能","職技アビリティ","「淫技」が使用可能になる","99:傾国の魔娼（Lv3）","177:エルダーサキュバス（Lv6）","5","可以使用「淫技」","职技能力","可以使用「淫技」","99:倾国的魔娼（Lv3）","177:长老魅魔（Lv6）","2"
"423","デュエル魂","職技アビリティ","「オラクル」しか使用できないが、二回連続発動","89:カードバトラー（Lv10）","","5","决斗之魂","职技能力","只能使用「神谕」，但可以连续发动两次","89:卡牌战士（Lv10）","","2"
"424","口先八丁","職技アビリティ","「話す」しか使用できないが、消費SPが低下
回避率と魔法回避率が30%アップ","122:話神（Lv6）","","5","能言善辩","职技能力","只能使用「交谈」，但消耗SP降低
回避率和魔法回避率提升30%","122:话神（Lv6）","","2"
"425","職技二連続発動","職技アビリティ","職技スキルが二回連続で発動、消費量が1.5倍になる","7069:万職ヲ極メシ仕事人（Lv17）","","30","職技二連続発動","职技能力","職技スキルが二回連続で発動、消費量が1.5倍になる","7069:万职极尽的工匠（Lv17）","","2"
"446","MP10%アップ","魔法アビリティ","最大MPが10%アップする","33:魔法使い（Lv5）","","3","MP提升10%","魔法能力","最大MP提升10%","33:魔法师（Lv5）","","3"
"447","MP20%アップ","魔法アビリティ","最大MPが20%アップする","40:召喚士（Lv3）；7006:妖術師（Lv2）","155:ワームサマナー（Lv3）；156:マスターホムンクル（Lv3）；180:ウィッチサキュバス（Lv4）；187:マージヴァンパイア（Lv4）；331:マミー（Lv3）；357:魔導キメラ（Lv3）","5","MP提升20%","魔法能力","最大MP提升20%","40:召唤士（Lv3）；7006:妖术师（Lv2）","155:蠕虫召唤师（Lv3）；156:大师人造人（Lv3）；180:女巫魅魔（Lv4）；187:合并吸血鬼（Lv4）；331:木乃伊（Lv3）；357:魔导奇美拉（Lv3）","3"
"448","MP30%アップ","魔法アビリティ","最大MPが30%アップする","41:精霊召喚士（Lv4）；7007:異界妖術師（Lv2）","181:アークサキュバス（Lv4）；188:アークヴァンパイア（Lv4）；286:竜神（Lv3）；332:イシス（Lv3）；358:フォースミュータント（Lv3）","7","MP提升30%","魔法能力","最大MP提升30%","41:精灵召唤士（Lv4）；7007:异界妖术师（Lv2）","181:大魅魔（Lv4）；188:大吸血鬼（Lv4）；286:龙神（Lv3）；332:伊西斯（Lv3）；358:力量突变体（Lv3）","3"
"449","MP40%アップ","魔法アビリティ","最大MPが40%アップする","137:魔導王（Lv3）；7020:混沌召喚士（Lv3）；7054:禁忌妖術師（Lv2）","221:クィーンフェアリー（Lv3）；326:クィーンアルラウネ（Lv3）","10","MP提升40%","魔法能力","最大MP提升40%","137:魔导王（Lv3）；7020:混沌召唤士（Lv3）；7054:禁忌妖术师（Lv2）","221:妖精女王（Lv3）；326:阿娜温女王（Lv3）","3"
"450","MP50%アップ","魔法アビリティ","最大MPが50%アップする","50:魔女（Lv3）","157:ワームエンプレス（Lv3）；222:コスモフェアリー（Lv3）；327:世界樹花（Lv3）","15","MP提升50%","魔法能力","最大MP提升50%","50:魔女（Lv3）","157:蠕虫女皇（Lv3）；222:宇宙妖精（Lv3）；327:世界树之花（Lv3）","3"
"451","魔力10%アップ","魔法アビリティ","魔力が10%アップする","33:魔法使い（Lv3）；113:魔芸師（Lv7）","158:妖魔（Lv2）；214:フェアリー（Lv3）；245:妖狐（Lv3）；336:ゴースト（Lv3）","3","魔力提升10%","魔法能力","魔力提升10%","33:魔法师（Lv3）；113:魔艺师（Lv7）","158:妖魔（Lv2）；214:妖精（Lv3）；245:妖狐（Lv3）；336:幽灵（Lv3）","3"
"452","魔力20%アップ","魔法アビリティ","魔力が20%アップする","34:黒魔導師（Lv3）","155:ワームサマナー（Lv3）；159:上級妖魔（Lv3）；180:ウィッチサキュバス（Lv3）；187:マージヴァンパイア（Lv3）；215:風精（Lv2）；246:中級妖狐（Lv3）；314:アラクネ（Lv3）；322:ワルラウネ（Lv3）；331:マミー（Lv3）；337:エビルミスト（Lv3）；357:魔導キメラ（Lv3）","5","魔力提升20%","魔法能力","魔力提升20%","34:黑魔导师（Lv3）","155:蠕虫召唤师（Lv3）；159:上级妖魔（Lv3）；180:女巫魅魔（Lv3）；187:合并吸血鬼（Lv3）；215:风精灵（Lv2）；246:中级妖狐（Lv3）；314:阿拉克涅（Lv3）；322:恶娜温（Lv3）；331:木乃伊（Lv3）；337:邪恶迷雾（Lv3）；357:魔导奇美拉（Lv3）","3"
"453","魔力30%アップ","魔法アビリティ","魔力が30%アップする","35:灼熱魔導師（Lv3）；36:輝氷魔導師（Lv3）；37:極雷魔導師（Lv3）","156:マスターホムンクル（Lv3）；160:妖魔貴族（Lv3）；181:アークサキュバス（Lv3）；188:アークヴァンパイア（Lv3）；216:風の精霊（Lv2）；247:上級妖狐（Lv3）；286:竜神（Lv3）；315:アトラク＝ナクア（Lv3）；323:彼岸の魔花（Lv4）；332:イシス（Lv3）；338:マスターシャドウ（Lv3）；358:フォースミュータント（Lv3）；365:堕天使（Lv3）","7","魔力提升30%","魔法能力","魔力提升30%","35:灼热魔导师（Lv3）；36:辉冰魔导师（Lv3）；37:极雷魔导师（Lv3）","156:大师人造人（Lv3）；160:妖魔贵族（Lv3）；181:大魅魔（Lv3）；188:大吸血鬼（Lv3）；216:风之精灵（Lv2）；247:上级妖狐（Lv3）；286:龙神（Lv3）；315:阿特拉克・纳克亚（Lv3）；323:彼岸的魔花（Lv4）；332:伊西斯（Lv3）；338:幽影之主（Lv3）；358:力量突变体（Lv3）；365:堕天使（Lv3）","3"
"454","魔力40%アップ","魔法アビリティ","魔力が40%アップする","48:森羅万象士（Lv3）；7012:フォースマスター（Lv3）；7018:終焉魔導師（Lv3）","165:古神（Lv4）；192:クィーンヴァンパイア（Lv3）；221:クィーンフェアリー（Lv3）；252:九尾の狐（Lv3）","10","魔力提升40%","魔法能力","魔力提升40%","48:森罗万象士（Lv3）；7012:力量大师（Lv3）；7018:终焉魔导师（Lv3）","165:古神（Lv4）；192:吸血鬼女王（Lv3）；221:妖精女王（Lv3）；252:九尾狐（Lv3）","3"
"455","魔力50%アップ","魔法アビリティ","魔力が50%アップする","50:魔女（Lv3）","157:ワームエンプレス（Lv3）；166:魔王（Lv3）；193:ドラキュリーナ（Lv3）；222:コスモフェアリー（Lv3）；253:零尾の狐（Lv3）；343:エターニティ（Lv3）；370:熾天使（Lv4）","15","魔力提升50%","魔法能力","魔力提升50%","50:魔女（Lv3）","157:蠕虫女皇（Lv3）；166:魔王（Lv3）；193:德古莉娜（Lv3）；222:宇宙妖精（Lv3）；253:零尾之狐（Lv3）；343:永恒（Lv3）；370:炽天使（Lv4）","3"
"456","MP消費3/4","魔法アビリティ","スキル使用時のMP消費が3/4になる","47:賢者（Lv8）","215:風精（Lv10）","10","MP消費3/4","魔法能力","スキル使用時のMP消費が3/4になる","47:贤者（Lv8）","215:风精灵（Lv10）","3"
"457","MP消費1/2","魔法アビリティ","スキル使用時のMP消費が半分になる","48:森羅万象士（Lv9）","216:風の精霊（Lv10）","20","MP消費1/2","魔法能力","技能使用时的MP消耗减半","48:森罗万象士（Lv9）","216:风之精灵（Lv10）","3"
"458","MP消費1/4","魔法アビリティ","スキル使用時のMP消費が1/4になる","7023:ソーサラースプリーム（Lv14）","7420:コスモス（Lv13）","30","MP消費1/4","魔法能力","スキル使用時のMP消費が1/4になる","7023:至高魔法师（Lv14）","7420:宇宙神蝶（Lv13）","3"
"459","MP究極消費ダウン","魔法アビリティ","スキル使用時のMP消費が1/100になる","","7450:創世の女神（Lv12）","50","MP究极消耗降低","魔法能力","スキル使用時のMP消費が1/100になる","","7450:创世女神（Lv12）","3"
"460","ライトマジック","魔法アビリティ","魔法の消費MPが半分になるが、魔力も半分になる","","155:ワームサマナー（Lv5）；180:ウィッチサキュバス（Lv5）；187:マージヴァンパイア（Lv5）；286:竜神（Lv5）；314:アラクネ（Lv5）；339:魔棲の書物（Lv6）；357:魔導キメラ（Lv4）","5","轻魔法","魔法能力","魔法消耗的MP减半，但魔力也减半","","155:蠕虫召唤师（Lv5）；180:女巫魅魔（Lv5）；187:合并吸血鬼（Lv5）；286:龙神（Lv5）；314:阿拉克涅（Lv5）；339:魔栖之书（Lv6）；357:魔导奇美拉（Lv4）","3"
"461","ヘビィマジック","魔法アビリティ","全スキルの消費MPが2倍になるが、魔力は1.5倍になる","","156:マスターホムンクル（Lv5）；181:アークサキュバス（Lv5）；188:アークヴァンパイア（Lv5）；286:竜神（Lv5）；315:アトラク＝ナクア（Lv7）；340:ページオブロード（Lv6）；358:フォースミュータント（Lv5）","10","重魔法","魔法能力","全スキルの消費MPが2倍になるが、魔力は1.5倍になる","","156:大师人造人（Lv5）；181:大魅魔（Lv5）；188:大吸血鬼（Lv5）；286:龙神（Lv5）；315:阿特拉克・纳克亚（Lv7）；340:页之载（Lv6）；358:力量突变体（Lv5）","3"
"462","魔導コンバーター","魔法アビリティ","魔力と精神力が1.5倍になるが、力と防御力が半分になる","108:魔導司書（Lv5）；7002:ハイサイキック（Lv6）","357:魔導キメラ（Lv8）","10","魔导转换器","魔法能力","魔力と精神力が1.5倍になるが、力と防御力が半分になる","108:魔导司书（Lv5）；7002:高阶通灵者（Lv6）","357:魔导奇美拉（Lv8）","3"
"463","魔導リフレクト","魔法アビリティ","魔法を反射するが、受ける物理ダメージが2倍になる","109:ロードライブラリー（Lv7）","","6","魔导反射","魔法能力","反射魔法，但受到的物理伤害翻倍","109:图书馆领主（Lv7）","","3"
"464","常時マジックカーテン","魔法アビリティ","受けたダメージに応じてMPが回復","","156:マスターホムンクル（Lv7）；286:竜神（Lv9）；357:魔導キメラ（Lv9）","20","常时魔法屏障","魔法能力","根据受到的伤害恢复MP","","156:大师人造人（Lv7）；286:龙神（Lv9）；357:魔导奇美拉（Lv9）","3"
"465","妖精の生け贄","魔法アビリティ","死亡時、ランダム召喚","","219:ダークフェアリー（Lv5）","10","妖精的祭品","魔法能力","死亡时，随机召唤","","219:暗黑妖精（Lv5）","3"
"467","快楽ブースター","魔法アビリティ","快楽属性のダメージが15%アップする","101:バトルファッカー（Lv9）","176:サキュバス（Lv9）","8","快乐增强","魔法能力","快乐属性的伤害提升15%","101:BF斗士（Lv9）","176:魅魔（Lv9）","3"
"468","快楽ハイブースター","魔法アビリティ","快楽属性のダメージが30%アップする","102:クィーンファッカー（Lv9）","177:エルダーサキュバス（Lv9）","16","快乐高级增强","魔法能力","快乐属性的伤害提升30%","102:女王BF（Lv9）","177:长老魅魔（Lv9）","3"
"469","快楽エクスブースター","魔法アビリティ","快楽属性のダメージが50%アップする","7039:QOBF（Lv13）","183:リリスナイトメア（Lv16）","24","快乐极限增强","魔法能力","快乐属性的伤害提升50%","7039:QOBF（Lv13）","183:莉莉丝梦魇（Lv16）","3"
"470","炎ブースター","魔法アビリティ","炎属性のダメージが15%アップする","47:賢者（Lv2）","159:上級妖魔（Lv9）；287:飛竜（Lv9）","8","炎增强","魔法能力","炎属性的伤害提升15%","47:贤者（Lv2）","159:上级妖魔（Lv9）；287:飞龙（Lv9）","3"
"471","炎ハイブースター","魔法アビリティ","炎属性のダメージが30%アップする","35:灼熱魔導師（Lv9）","160:妖魔貴族（Lv8）；288:バハムート（Lv8）","16","炎高级增强","魔法能力","炎属性的伤害提升30%","35:灼热魔导师（Lv9）","160:妖魔贵族（Lv8）；288:巴哈姆特（Lv8）","3"
"472","炎エクスブースター","魔法アビリティ","炎属性のダメージが50%アップする","7018:終焉魔導師（Lv13）","166:魔王（Lv14）；291:神竜（Lv16）","24","炎极限增强","魔法能力","炎属性的伤害提升50%","7018:终焉魔导师（Lv13）","166:魔王（Lv14）；291:神龙（Lv16）","3"
"473","氷ブースター","魔法アビリティ","氷属性のダメージが15%アップする","47:賢者（Lv2）","163:半獣妖魔（Lv9）；168:妖怪（Lv9）；289:海竜（Lv8）","8","冰增强","魔法能力","冰霜属性的伤害提升15%","47:贤者（Lv2）","163:半兽妖魔（Lv9）；168:妖怪（Lv9）；289:海龙（Lv8）","3"
"474","氷ハイブースター","魔法アビリティ","氷属性のダメージが30%アップする","36:輝氷魔導師（Lv9）","164:邪獣妖魔（Lv9）；169:妖神（Lv9）；290:リヴァイアサン（Lv8）","16","冰高级增强","魔法能力","冰属性伤害提升30%","36:辉冰魔导师（Lv9）","164:邪兽妖魔（Lv9）；169:妖神（Lv9）；290:利维坦（Lv8）","3"
"475","氷エクスブースター","魔法アビリティ","氷属性のダメージが50%アップする","7018:終焉魔導師（Lv13）","174:妖怪王（Lv16）；291:神竜（Lv16）","24","冰极限增强","魔法能力","冰属性伤害提升50%","7018:终焉魔导师（Lv13）","174:妖怪王（Lv16）；291:神龙（Lv16）","3"
"476","雷ブースター","魔法アビリティ","雷属性のダメージが15%アップする","47:賢者（Lv2）","161:聖魔（Lv9）；187:マージヴァンパイア（Lv9）","8","雷增强","魔法能力","雷属性伤害提升15%","47:贤者（Lv2）","161:圣魔（Lv9）；187:合并吸血鬼（Lv9）","3"
"477","雷ハイブースター","魔法アビリティ","雷属性のダメージが30%アップする","37:極雷魔導師（Lv9）","162:神魔（Lv9）；188:アークヴァンパイア（Lv9）","16","雷高级增强","魔法能力","雷属性伤害提升30%","37:极雷魔导师（Lv9）","162:神魔（Lv9）；188:大吸血鬼（Lv9）","3"
"478","雷エクスブースター","魔法アビリティ","雷属性のダメージが50%アップする","7018:終焉魔導師（Lv13）","193:ドラキュリーナ（Lv17）","24","雷极限增强","魔法能力","雷属性伤害提升50%","7018:终焉魔导师（Lv13）","193:德古莉娜（Lv17）","3"
"479","風ブースター","魔法アビリティ","風属性のダメージが15%アップする","19:陰陽剣士（Lv5）","180:ウィッチサキュバス（Lv9）；215:風精（Lv9）；287:飛竜（Lv8）","8","风增强","魔法能力","风属性伤害提升15%","19:阴阳剑士（Lv5）","180:女巫魅魔（Lv9）；215:风精灵（Lv9）；287:飞龙（Lv8）","3"
"480","風ハイブースター","魔法アビリティ","風属性のダメージが30%アップする","20:九字剣神（Lv3）","181:アークサキュバス（Lv9）；216:風の精霊（Lv9）；288:バハムート（Lv7）","16","风高级增强","魔法能力","风属性伤害提升30%","20:九字剑神（Lv3）","181:大魅魔（Lv9）；216:风之精灵（Lv9）；288:巴哈姆特（Lv7）","3"
"481","風エクスブースター","魔法アビリティ","風属性のダメージが50%アップする","7021:太極陰陽師（Lv13）","222:コスモフェアリー（Lv16）","24","风极限增强","魔法能力","风属性伤害提升50%","7021:太极阴阳师（Lv13）","222:宇宙妖精（Lv16）","3"
"482","土ブースター","魔法アビリティ","土属性のダメージが15%アップする","19:陰陽剣士（Lv7）","217:土精（Lv8）；246:中級妖狐（Lv9）","8","土增强","魔法能力","土属性伤害提升15%","19:阴阳剑士（Lv7）","217:土精（Lv8）；246:中级妖狐（Lv9）","3"
"483","土ハイブースター","魔法アビリティ","土属性のダメージが30%アップする","20:九字剣神（Lv5）","218:土の精霊（Lv7）；247:上級妖狐（Lv9）","16","土高级增强","魔法能力","土属性伤害提升30%","20:九字剑神（Lv5）","218:土之精灵（Lv7）；247:上级妖狐（Lv9）","3"
"484","土エクスブースター","魔法アビリティ","土属性のダメージが50%アップする","7021:太極陰陽師（Lv13）","253:零尾の狐（Lv16）","24","土极限增强","魔法能力","土属性伤害提升50%","7021:太极阴阳师（Lv13）","253:零尾之狐（Lv16）","3"
"485","水ブースター","魔法アビリティ","水属性のダメージが15%アップする","19:陰陽剣士（Lv9）","197:海賊マーメイド（Lv9）；289:海竜（Lv7）；302:海洋搾精種（Lv9）","8","水增强","魔法能力","水属性伤害提升15%","19:阴阳剑士（Lv9）","197:海贼人鱼（Lv9）；289:海龙（Lv7）；302:海洋榨精种（Lv9）","3"
"486","水ハイブースター","魔法アビリティ","水属性のダメージが30%アップする","20:九字剣神（Lv7）","198:海賊王ローレライ（Lv9）；290:リヴァイアサン（Lv8）；303:マリンプリンセス（Lv9）","16","水高级增强","魔法能力","水属性伤害提升30%","20:九字剑神（Lv7）","198:海贼王罗蕾莱（Lv9）；290:利维坦（Lv8）；303:海洋公主（Lv9）","3"
"487","水エクスブースター","魔法アビリティ","水属性のダメージが50%アップする","7021:太極陰陽師（Lv13）","202:伝説の神魚（Lv16）；308:海神（Lv16）","24","水极限增强","魔法能力","水属性伤害提升50%","7021:太极阴阳师（Lv13）","202:传说之神鱼（Lv16）；308:海神（Lv16）","3"
"488","聖ブースター","魔法アビリティ","聖属性のダメージが15%アップする","138:法王（Lv7）","363:中位天使（Lv9）","8","圣增强","魔法能力","圣属性伤害提升15%","138:教皇（Lv7）","363:中位天使（Lv9）","3"
"489","聖ハイブースター","魔法アビリティ","聖属性のダメージが30%アップする","139:神聖法王（Lv7）；140:機甲法王（Lv7）","364:上位天使（Lv9）","16","圣高级增强","魔法能力","圣属性伤害提升30%","139:神圣教皇（Lv7）；140:机甲教皇（Lv7）","364:上位天使（Lv9）","3"
"490","聖エクスブースター","魔法アビリティ","聖属性のダメージが50%アップする","","370:熾天使（Lv16）","24","圣极限增强","魔法能力","圣属性伤害提升50%","","370:炽天使（Lv16）","3"
"491","闇ブースター","魔法アビリティ","闇属性のダメージが15%アップする","","152:魔人（Lv3）","8","暗增强","魔法能力","暗属性伤害提升15%","","152:魔人（Lv3）","3"
"492","闇ハイブースター","魔法アビリティ","闇属性のダメージが30%アップする","","152:魔人（Lv7）；365:堕天使（Lv9）","16","暗高级增强","魔法能力","暗属性伤害提升30%","","152:魔人（Lv7）；365:堕天使（Lv9）","3"
"493","闇エクスブースター","魔法アビリティ","闇属性のダメージが50%アップする","","153:魔神（Lv6）","24","暗极限增强","魔法能力","暗属性伤害提升50%","","153:魔神（Lv6）","3"
"494","音波ブースター","魔法アビリティ","音波属性のダメージが15%アップする","","199:行商マーメイド（Lv9）","8","音波增强","魔法能力","音波属性伤害提升15%","","199:行商人鱼（Lv9）","3"
"495","音波ハイブースター","魔法アビリティ","音波属性のダメージが30%アップする","","200:海運王ローレライ（Lv9）","16","音波高级增强","魔法能力","音波属性伤害提升30%","","200:海运王罗蕾莱（Lv9）","3"
"496","音波エクスブースター","魔法アビリティ","音波属性のダメージが50%アップする","7037:歌唱神（Lv13）","202:伝説の神魚（Lv16）；353:究極至高人形（Lv18）；7445:巨神王（Lv17）","24","音波极限增强","魔法能力","音波属性伤害提升50%","7037:歌唱神（Lv13）","202:传说之神鱼（Lv16）；353:究极至高人偶（Lv18）；7445:巨神王（Lv17）","3"
"497","バイオブースター","魔法アビリティ","バイオ属性のダメージが15%アップする","","294:陸上魔類（Lv9）；333:ゾンビドクター（Lv9）","8","生化增强","魔法能力","生化属性伤害提升15%","","294:陆上魔类（Lv9）；333:僵尸医生（Lv9）","3"
"498","バイオハイブースター","魔法アビリティ","バイオ属性のダメージが30%アップする","","295:エビルスピーシーズ（Lv9）；334:デスプロフェッサー（Lv9）","16","生化高级增强","魔法能力","生化属性伤害提升30%","","295:邪恶精灵（Lv9）；334:死亡教授（Lv9）","3"
"499","バイオエクスブースター","魔法アビリティ","バイオ属性のダメージが50%アップする","","300:百魔の王（Lv19）；335:カオスアンデッド（Lv18）","24","生化极限增强","魔法能力","生化属性伤害提升50%","","300:百魔之王（Lv19）；335:混沌不死族（Lv18）","3"
"500","回復ブースター","魔法アビリティ","回復属性の効果が30%アップする","138:法王（Lv5）","161:聖魔（Lv9）；195:ハイマーメイド（Lv9）；257:シスターラミア（Lv9）；368:キューピッド（Lv9）","8","恢复增强","魔法能力","恢复属性效果提升30%","138:教皇（Lv5）","161:圣魔（Lv9）；195:高等人鱼（Lv9）；257:修女拉米亚（Lv9）；368:丘比特（Lv9）","3"
"501","回復ハイブースター","魔法アビリティ","回復属性の効果が50%アップする","139:神聖法王（Lv5）；140:機甲法王（Lv5）","162:神魔（Lv8）；196:ローレライ（Lv9）；258:慈愛の聖蛇（Lv9）；369:淫欲のクピド（Lv9）","16","恢复高级增强","魔法能力","恢复属性效果提升50%","139:神圣教皇（Lv5）；140:机甲教皇（Lv5）","162:神魔（Lv8）；196:罗蕾莱（Lv9）；258:慈爱之圣蛇（Lv9）；369:淫欲的丘比特（Lv9）","3"
"502","回復エクスブースター","魔法アビリティ","回復属性の効果が100%アップする","","201:クィーンマーメイド（Lv9）；263:クィーンラミア（Lv9）","24","恢复极限增强","魔法能力","恢复属性效果提升100%","","201:人鱼女王（Lv9）；263:拉米亚女王（Lv9）","3"
"503","杖ブースター","魔法アビリティ","杖装備時、その武器によるダメージが15%アップする","45:白魔導師（Lv8）","","10","杖增强","魔法能力","装备杖时，该武器造成的伤害提升15%","45:白魔导师（Lv8）","","3"
"504","杖ハイブースター","魔法アビリティ","杖装備時、その武器によるダメージが30%アップする","46:聖魔導師（Lv9）","","20","杖高级增强","魔法能力","装备杖时，该武器造成的伤害提升30%","46:圣魔导师（Lv9）","","3"
"505","杖エクスブースター","魔法アビリティ","杖装備時、その武器によるダメージが50%アップする","7022:永劫魔導師（Lv13）","231:究極群体生命（Lv14）；264:ウロボロス（Lv17）；327:世界樹花（Lv18）","30","杖极限增强","魔法能力","装备杖时，该武器造成的伤害提升50%","7022:永劫魔导师（Lv13）","231:究极群体生命（Lv14）；264:衔尾蛇（Lv17）；327:世界树之花（Lv18）","3"
"506","ロッドブースター","魔法アビリティ","ロッド装備時、その武器によるダメージが15%アップする","40:召喚士（Lv9）","","10","法杖增强","魔法能力","装备法杖时，该武器造成的伤害提升15%","40:召唤士（Lv9）","","3"
"507","ロッドハイブースター","魔法アビリティ","ロッド装備時、その武器によるダメージが30%アップする","41:精霊召喚士（Lv9）","","20","法杖高级增强","魔法能力","装备法杖时，该武器造成的伤害提升30%","41:精灵召唤士（Lv9）","","3"
"508","ロッドエクスブースター","魔法アビリティ","ロッド装備時、その武器によるダメージが50%アップする","7020:混沌召喚士（Lv14）","157:ワームエンプレス（Lv19）；222:コスモフェアリー（Lv15）；318:神蟲（Lv18）；343:エターニティ（Lv17）","30","法杖极限增强","魔法能力","装备法杖时，该武器造成的伤害提升50%","7020:混沌召唤士（Lv14）","157:蠕虫女皇（Lv19）；222:宇宙妖精（Lv15）；318:神虫（Lv18）；343:永恒（Lv17）","3"
"509","魔導書ブースター","魔法アビリティ","魔導書装備時、その武器によるダメージが15%アップする","108:魔導司書（Lv9）","","10","魔导书增强","魔法能力","装备魔导书时，该武器造成的伤害提升15%","108:魔导司书（Lv9）","","3"
"510","魔導書ハイブースター","魔法アビリティ","魔導書装備時、その武器によるダメージが30%アップする","109:ロードライブラリー（Lv9）","","20","魔导书高级增强","魔法能力","装备魔导书时，该武器造成的伤害增加30%","109:图书馆领主（Lv9）","","3"
"511","魔導書エクスブースター","魔法アビリティ","魔導書装備時、その武器によるダメージが50%アップする","7040:禁忌科学者（Lv14）；7041:トリスメギストス（Lv14）；7042:アカシックレコード（Lv14）","343:エターニティ（Lv17）","30","魔导书极限增强","魔法能力","装备魔导书时，该武器造成的伤害增加50%","7040:禁忌科学家（Lv14）；7041:三重伟大（Lv14）；7042:阿卡西记录（Lv14）","343:永恒（Lv17）","3"
"512","「魔導剣」装備可能","魔法アビリティ","「魔導剣」が装備可能になる","20:九字剣神（Lv8）","","5","可以装备「魔导剑」","魔法能力","变得可以装备「魔导剑」","20:九字剑神（Lv8）","","3"
"513","「杖」装備可能","魔法アビリティ","「杖」が装備可能になる","46:聖魔導師（Lv5）","","5","可以装备「杖」","魔法能力","变得可以装备「杖」","46:圣魔导师（Lv5）","","3"
"514","「ロッド」装備可能","魔法アビリティ","「ロッド」が装備可能になる","35:灼熱魔導師（Lv7）；36:輝氷魔導師（Lv7）；37:極雷魔導師（Lv7）","","5","可以装备「法杖」","魔法能力","变得可以装备「法杖」","35:灼热魔导师（Lv7）；36:辉冰魔导师（Lv7）；37:极雷魔导师（Lv7）","","3"
"515","「魔導書」装備可能","魔法アビリティ","「魔導書」が装備可能になる","108:魔導司書（Lv7）","","5","可以装备「魔导书」","魔法能力","变得可以装备「魔导书」","108:魔导司书（Lv7）","","3"
"516","「白魔法」使用可能","魔法アビリティ","「白魔法」が使用可能になる","46:聖魔導師（Lv7）","162:神魔（Lv8）；258:慈愛の聖蛇（Lv9）","5","可以使用「白魔法」","魔法能力","可以使用「白魔法」","46:圣魔导师（Lv7）","162:神魔（Lv8）；258:慈爱之圣蛇（Lv9）","3"
"517","「黒魔法」使用可能","魔法アビリティ","「黒魔法」が使用可能になる","35:灼熱魔導師（Lv8）；36:輝氷魔導師（Lv8）；37:極雷魔導師（Lv8）","","5","可以使用「黑魔法」","魔法能力","可以使用「黑魔法」","35:灼热魔导师（Lv8）；36:辉冰魔导师（Lv8）；37:极雷魔导师（Lv8）","","3"
"518","「時魔法」使用可能","魔法アビリティ","「時魔法」が使用可能になる","39:時空魔導師（Lv8）","","5","可以使用「时魔法」","魔法能力","可以使用「时魔法」","39:时空魔导师（Lv8）","","3"
"519","「召喚」使用可能","魔法アビリティ","「召喚」が使用可能になる","41:精霊召喚士（Lv7）；113:魔芸師（Lv10）","","5","可以使用「召唤」","魔法能力","可以使用「召唤」","41:精灵召唤士（Lv7）；113:魔艺师（Lv10）","","3"
"520","「聖技」使用可能","魔法アビリティ","「聖技」が使用可能になる","","370:熾天使（Lv9）","5","可以使用「圣技」","魔法能力","可以使用「圣技」","","370:炽天使（Lv9）","3"
"521","「闇技」使用可能","魔法アビリティ","「闇技」が使用可能になる","","166:魔王（Lv7）","5","可以使用「暗技」","魔法能力","可以使用「暗技」","","166:魔王（Lv7）","3"
"522","「魔法剣」使用可能","魔法アビリティ","「魔法剣」が使用可能になる","8:マスターソーサラー（Lv3）","","5","可以使用「魔法剑」","魔法能力","可以使用「魔法剑」","8:奥法战士（Lv3）","","3"
"523","「陰陽術」使用可能","魔法アビリティ","「陰陽術」が使用可能になる","43:天地陰陽師（Lv9）","","5","可以使用「阴阳术」","魔法能力","可以使用「阴阳术」","43:天地阴阳师（Lv9）","","3"
"524","「魔導科学」使用可能","魔法アビリティ","「魔導科学」が使用可能になる","105:マスターアルケミスト（Lv6）","","5","可以使用「魔导科学」","魔法能力","可以使用「魔导科学」","105:大师炼金术士（Lv6）","","3"
"525","「錬金術」使用可能","魔法アビリティ","「錬金術」が使用可能になる","107:錬金宝具士（Lv9）","","5","可以使用「炼金术」","魔法能力","可以使用「炼金术」","107:炼金宝具士（Lv9）","","3"
"526","「魔本術」使用可能","魔法アビリティ","「魔本術」が使用可能になる","109:ロードライブラリー（Lv5）","340:ページオブロード（Lv9）","5","可以使用「魔本术」","魔法能力","可以使用「魔本术」","109:图书馆领主（Lv5）","340:页之载（Lv9）","3"
"527","魔法二連続発動","魔法アビリティ","魔法スキルが二回連続で発動、消費量が1.5倍になる","7063:全テヲ識ル者（Lv17）","","30","魔法二連続発動","魔法能力","魔法スキルが二回連続で発動、消費量が1.5倍になる","7063:全知者（Lv17）","","3"
"531","物理ダメージ反射","防御アビリティ","物理属性のダメージを反射する","","7449:混沌の使徒（Lv4）","40","物理伤害反射","防御能力","反射物理属性的伤害","","7449:混沌的使徒（Lv4）","4"
"532","快楽ダメージ反射","防御アビリティ","快楽属性のダメージを反射する","","","40","快乐伤害反射","防御能力","反射快乐属性的伤害","","","4"
"533","炎ダメージ反射","防御アビリティ","炎属性のダメージを反射する","7018:終焉魔導師（Lv4）","","20","炎伤害反射","防御能力","反射炎属性的伤害","7018:终焉魔导师（Lv4）","","4"
"534","氷ダメージ反射","防御アビリティ","氷属性のダメージを反射する","7018:終焉魔導師（Lv4）","","20","冰伤害反射","防御能力","反射冰属性的伤害","7018:终焉魔导师（Lv4）","","4"
"535","雷ダメージ反射","防御アビリティ","雷属性のダメージを反射する","7018:終焉魔導師（Lv4）","","20","雷伤害反射","防御能力","反射雷属性的伤害","7018:终焉魔导师（Lv4）","","4"
"536","風ダメージ反射","防御アビリティ","風属性のダメージを反射する","7021:太極陰陽師（Lv4）","","20","风伤害反射","防御能力","反射风属性的伤害","7021:太极阴阳师（Lv4）","","4"
"537","土ダメージ反射","防御アビリティ","土属性のダメージを反射する","7021:太極陰陽師（Lv4）","","20","土伤害反射","防御能力","反射土属性的伤害","7021:太极阴阳师（Lv4）","","4"
"538","水ダメージ反射","防御アビリティ","水属性のダメージを反射する","7021:太極陰陽師（Lv4）","","20","水伤害反射","防御能力","反射水属性的伤害","7021:太极阴阳师（Lv4）","","4"
"539","聖ダメージ反射","防御アビリティ","聖属性のダメージを反射する","","7436:天の軍団長（Lv8）","40","圣伤害反射","防御能力","反射圣属性的伤害","","7436:天之军团长（Lv8）","4"
"540","闇ダメージ反射","防御アビリティ","闇属性のダメージを反射する","","7437:明けの明星（Lv8）","40","暗伤害反射","防御能力","反射暗属性的伤害","","7437:璀璨之明星（Lv8）","4"
"541","音波ダメージ反射","防御アビリティ","音波属性のダメージを反射する","7040:禁忌科学者（Lv3）","","20","音波伤害反射","防御能力","反射音波属性的伤害","7040:禁忌科学家（Lv3）","","4"
"542","バイオダメージ反射","防御アビリティ","バイオ属性のダメージを反射する","7040:禁忌科学者（Lv3）","","20","生化伤害反射","防御能力","反射生化属性的伤害","7040:禁忌科学家（Lv3）","","4"
"543","属性ダメージ反射","防御アビリティ","聖と闇以外の属性ダメージを反射する","","","20","属性伤害反射","防御能力","反射圣与暗以外的属性伤害","","","4"
"544","防御力10%アップ","防御アビリティ","防御力が10%アップする","1:戦士（Lv7）","254:ラミア（Lv3）；293:陸棲種（Lv4）；309:妖虫（Lv3）；7401:試作ロイド（Lv3）；7408:巨人（Lv5）","3","防御力提升10%","防御能力","防御力提升10%","1:战士（Lv7）","254:拉米亚（Lv3）；293:陆栖种（Lv4）；309:妖虫（Lv3）；7401:试作型机器人（Lv3）；7408:巨人（Lv5）","4"
"545","防御力20%アップ","防御アビリティ","防御力が20%アップする","5:聖堂騎士（Lv3）；30:バトルマスター（Lv3）；7008:シールドナイト（Lv3）","255:ラミアンボア（Lv3）；289:海竜（Lv3）；296:軟体搾精種（Lv3）；304:深海搾精種（Lv3）；310:闇蟲（Lv3）；341:ミミック（Lv4）；349:ゴーレム（Lv6）；7406:近接型ロイド（Lv3）；7409:ギガース（Lv5）","5","防御力提升20%","防御能力","防御力提升20%","5:圣堂骑士（Lv3）；30:战斗大师（Lv3）；7008:盾骑士（Lv3）","255:拉米亚波亚（Lv3）；289:海龙（Lv3）；296:软体榨精种（Lv3）；304:深海榨精种（Lv3）；310:暗虫（Lv3）；341:宝箱怪（Lv4）；349:魔像（Lv6）；7406:近战型机器人（Lv3）；7409:巨灵（Lv5）","4"
"546","防御力30%アップ","防御アビリティ","防御力が30%アップする","6:ホーリーナイト（Lv3）；7009:キャプテンシールド（Lv3）","256:ラミアンナイトメア（Lv3）；290:リヴァイアサン（Lv3）；297:ハイクリーチャー（Lv3）；305:深淵の主（Lv3）；311:冥蟲（Lv3）；342:パンドラ（Lv3）；350:マスターゴーレム（Lv5）；7407:アサルトロイド（Lv3）；7410:巨神（Lv5）","7","防御力提升30%","防御能力","防御力提升30%","6:圣骑士（Lv3）；7009:盾队长（Lv3）","256:梦魇拉米亚（Lv3）；290:利维坦（Lv3）；297:高级生物（Lv3）；305:深渊之主（Lv3）；311:冥虫（Lv3）；342:潘多拉（Lv3）；350:大师魔像（Lv5）；7407:突击机器人（Lv3）；7410:巨神（Lv5）","4"
"547","防御力40%アップ","防御アビリティ","防御力が40%アップする","31:バトルエンペラー（Lv7）；7055:シールドヒーロー（Lv3）","263:クィーンラミア（Lv3）；317:クィーンインセクト（Lv3）","10","防御力提升40%","防御能力","防御力提升40%","31:战斗皇帝（Lv7）；7055:盾牌英雄（Lv3）","263:拉米亚女王（Lv3）；317:昆虫女王（Lv3）","4"
"548","防御力50%アップ","防御アビリティ","防御力が50%アップする","","264:ウロボロス（Lv3）；300:百魔の王（Lv3）；318:神蟲（Lv3）；7445:巨神王（Lv7）","15","防御力提升50%","防御能力","防御力提升50%","","264:衔尾蛇（Lv3）；300:百魔之王（Lv3）；318:神虫（Lv3）；7445:巨神王（Lv7）","4"
"549","精神力10%アップ","防御アビリティ","精神力が10%アップする","44:僧侶（Lv3）；86:占い師（Lv5）；120:情報屋（Lv3）；7001:エスパー（Lv3）","194:マーメイド（Lv3）；319:アルラウネ（Lv3）；362:下位天使（Lv3）","3","精神力提升10%","防御能力","精神力提升10%","44:僧侣（Lv3）；86:占卜师（Lv5）；120:情报贩子（Lv3）；7001:超能力者（Lv3）","194:人鱼（Lv3）；319:阿娜温（Lv3）；362:下位天使（Lv3）","4"
"550","精神力20%アップ","防御アビリティ","精神力が20%アップする","28:パラディン（Lv3）；45:白魔導師（Lv3）；89:カードバトラー（Lv3）；121:話術士（Lv3）；7002:ハイサイキック（Lv3）；7008:シールドナイト（Lv3）","161:聖魔（Lv3）；195:ハイマーメイド（Lv3）；226:癒しのスライム（Lv3）；257:シスターラミア（Lv3）；289:海竜（Lv3）；314:アラクネ（Lv3）；320:ハイアルラウネ（Lv3）；363:中位天使（Lv3）；368:キューピッド（Lv3）","5","精神力提升20%","防御能力","精神力提升20%","28:圣堂武士（Lv3）；45:白魔导师（Lv3）；89:卡牌战士（Lv3）；121:话术士（Lv3）；7002:高阶通灵者（Lv3）；7008:盾骑士（Lv3）","161:圣魔（Lv3）；195:高等人鱼（Lv3）；226:治愈的史莱姆（Lv3）；257:修女拉米亚（Lv3）；289:海龙（Lv3）；314:阿拉克涅（Lv3）；320:高等阿娜温（Lv3）；363:中位天使（Lv3）；368:丘比特（Lv3）","4"
"551","精神力30%アップ","防御アビリティ","精神力が30%アップする","29:ゴッドハンド（Lv3）；46:聖魔導師（Lv3）；90:カードサマナー（Lv3）；122:話神（Lv3）；7003:サイコソルジャー（Lv3）；7009:キャプテンシールド（Lv3）","162:神魔（Lv3）；196:ローレライ（Lv3）；227:破邪の粘妖（Lv3）；258:慈愛の聖蛇（Lv3）；290:リヴァイアサン（Lv3）；315:アトラク＝ナクア（Lv3）；321:慈愛の聖花（Lv3）；364:上位天使（Lv3）；369:淫欲のクピド（Lv3）","7","精神力提升30%","防御能力","精神力提升30%","29:神之手（Lv3）；46:圣魔导师（Lv3）；90:卡牌召唤师（Lv3）；122:话神（Lv3）；7003:念动战士（Lv3）；7009:盾队长（Lv3）","162:神魔（Lv3）；196:罗蕾莱（Lv3）；227:破邪粘妖（Lv3）；258:慈爱之圣蛇（Lv3）；290:利维坦（Lv3）；315:阿特拉克・纳克亚（Lv3）；321:慈爱的圣花（Lv3）；364:上位天使（Lv3）；369:淫欲的丘比特（Lv3）","4"
"552","精神力40%アップ","防御アビリティ","精神力が40%アップする","48:森羅万象士（Lv3）；7017:神の守護者（Lv3）；7022:永劫魔導師（Lv3）；7045:言霊神（Lv3）；7052:サイコトリニティ（Lv3）；7055:シールドヒーロー（Lv3）","165:古神（Lv5）；201:クィーンマーメイド（Lv3）；317:クィーンインセクト（Lv5）；326:クィーンアルラウネ（Lv3）","10","精神力提升40%","防御能力","精神力提升40%","48:森罗万象士（Lv3）；7017:神之守护者（Lv3）；7022:永劫魔导师（Lv3）；7045:言灵神（Lv3）；7052:念动三位一体（Lv3）；7055:盾牌英雄（Lv3）","165:古神（Lv5）；201:人鱼女王（Lv3）；317:昆虫女王（Lv5）；326:阿娜温女王（Lv3）","4"
"553","精神力50%アップ","防御アビリティ","精神力が50%アップする","50:魔女（Lv3）","202:伝説の神魚（Lv3）；264:ウロボロス（Lv3）；327:世界樹花（Lv3）；370:熾天使（Lv5）","15","精神力提升50%","防御能力","精神力提升50%","50:魔女（Lv3）","202:传说之神鱼（Lv3）；264:衔尾蛇（Lv3）；327:世界树之花（Lv3）；370:炽天使（Lv5）","4"
"554","回避率10%","防御アビリティ","物理回避率が10%になる","62:シーフ（Lv5）；92:遊び人（Lv3）","274:ハーピー（Lv3）","5","回避率10%","防御能力","物理回避率增加10%","62:盗贼（Lv5）；92:游人（Lv3）","274:哈比（Lv3）","4"
"555","回避率20%","防御アビリティ","物理回避率が20%になる","63:マスターシーフ（Lv3）；93:踊り子（Lv3）","189:シノビヴァンパイア（Lv3）；241:ねこまた（Lv3）；275:ウィングハーピー（Lv2）；347:ボーカロイド（Lv3）","10","回避率20%","防御能力","物理回避率增加20%","63:大师盗贼（Lv3）；93:舞者（Lv3）","189:忍者吸血鬼（Lv3）；241:猫又（Lv3）；275:翼身哈比（Lv2）；347:声乐人偶（Lv3）","4"
"556","回避率30%","防御アビリティ","物理回避率が30%になる","64:トリックスター（Lv3）；94:戦巫女（Lv3）","190:クノイチナイトメア（Lv3）；242:武神キャット（Lv3）；276:エルダーハーピー（Lv3）；348:アカデミードール（Lv3）","15","回避率30%","防御能力","物理回避率增加30%","64:诡计之星（Lv3）；94:战巫女（Lv3）","190:女忍噩梦（Lv3）；242:武神猫（Lv3）；276:长老哈比（Lv3）；348:学院人偶（Lv3）","4"
"557","完全物理回避","防御アビリティ","物理攻撃を完全に回避する","","7426:フェニックス（Lv15）","40","完全物理回避","防御能力","完全回避物理攻击","","7426:凤凰（Lv15）","4"
"558","瀕死時回避率アップ","防御アビリティ","瀕死時、物理回避率が75%アップする","","163:半獣妖魔（Lv3）","5","濒死时闪避率提升","防御能力","濒死时，物理回避率提升75%","","163:半兽妖魔（Lv3）","4"
"559","魔法回避率10%","防御アビリティ","魔法回避率が10%になる","92:遊び人（Lv5）","","5","魔法回避率10%","防御能力","魔法回避率增加10%","92:游人（Lv5）","","4"
"560","魔法回避率20%","防御アビリティ","魔法回避率が20%になる","95:吟遊詩人（Lv3）","189:シノビヴァンパイア（Lv5）；206:フォレストエルフ（Lv3）；351:下位アポトーシス（Lv3）","10","魔法回避率20%","防御能力","魔法回避率增加20%","95:吟游诗人（Lv3）","189:忍者吸血鬼（Lv5）；206:森林精灵（Lv3）；351:下位凋零者（Lv3）","4"
"561","魔法回避率30%","防御アビリティ","魔法回避率が30%になる","96:神唱の歌姫（Lv3）","190:クノイチナイトメア（Lv5）；207:ワンダーエルフ（Lv3）；352:上位アポトーシス（Lv3）","15","魔法回避率30%","防御能力","魔法回避率增加30%","96:神唱的歌姬（Lv3）","190:女忍噩梦（Lv5）；207:奇迹精灵（Lv3）；352:上位凋零者（Lv3）","4"
"562","完全魔法回避","防御アビリティ","魔法攻撃を完全に回避する","","7434:影、紬ぐ人形（Lv7）","40","完全魔法回避","防御能力","完全回避魔法攻击","","7434:影、䌷人偶（Lv7）","4"
"563","瀕死時魔法回避率アップ","防御アビリティ","瀕死時、魔法回避率が75%アップする","","164:邪獣妖魔（Lv3）","5","濒死时魔法闪避率提升","防御能力","濒死时，魔法回避率提升75%","","164:邪兽妖魔（Lv3）","4"
"564","瀕死時物理耐性50%","防御アビリティ","瀕死時、受ける物理ダメージを半分にする","12:侍（Lv5）","","5","濒死时物理耐性50%","防御能力","濒死时，受到的物理伤害减半","12:侍（Lv5）","","4"
"565","瀕死時魔法耐性50%","防御アビリティ","瀕死時、受ける魔法ダメージを半分にする","7:魔法戦士（Lv3）","","5","濒死时魔法耐性50%","防御能力","濒死时，受到的魔法伤害减半","7:魔法战士（Lv3）","","4"
"566","大防御","防御アビリティ","防御のダメージ減少率が2倍になる","5:聖堂騎士（Lv9）","309:妖虫（Lv6）","10","大防御","防御能力","防御的伤害减少率变为2倍","5:圣堂骑士（Lv9）","309:妖虫（Lv6）","4"
"567","究極防御","防御アビリティ","防御のダメージ減少率が4倍になる","6:ホーリーナイト（Lv9）","310:闇蟲（Lv7）","20","究极防御","防御能力","防御的伤害减少率变为4倍","6:圣骑士（Lv9）","310:暗虫（Lv7）","4"
"568","魔法反射10%","防御アビリティ","魔法を10%の確率で反射する","134:貴族（Lv3）；7006:妖術師（Lv6）","336:ゴースト（Lv8）","8","魔法反射10%","防御能力","魔法10%的概率反射","134:贵族（Lv3）；7006:妖术师（Lv6）","336:幽灵（Lv8）","4"
"569","魔法反射30%","防御アビリティ","魔法を30%の確率で反射する","138:法王（Lv3）；7007:異界妖術師（Lv6）","208:ダークエルフ（Lv6）；339:魔棲の書物（Lv3）","12","魔法反射30%","防御能力","魔法30%的概率反射","138:教皇（Lv3）；7007:异界妖术师（Lv6）","208:暗精灵（Lv6）；339:魔栖之书（Lv3）","4"
"570","魔法反射50%","防御アビリティ","魔法を50%の確率で反射する","139:神聖法王（Lv3）；140:機甲法王（Lv3）","209:アークエルフ（Lv3）；340:ページオブロード（Lv3）","20","魔法反射50%","防御能力","魔法50%的概率反射","139:神圣教皇（Lv3）；140:机甲教皇（Lv3）","209:大精灵（Lv3）；340:页之载（Lv3）","4"
"571","完全魔法反射","防御アビリティ","魔法を必ず反射する","","343:エターニティ（Lv15）；7419:アンゴルモア（Lv8）","50","完全魔法反射","防御能力","魔法必定被反射","","343:永恒（Lv15）；7419:安哥尔摩亚（Lv8）","4"
"572","会心無効","防御アビリティ","敵の会心攻撃を通常ダメージに変換する","135:王（Lv3）","286:竜神（Lv7）","15","会心无效","防御能力","将敌人的会心攻击转换为普通伤害","135:王（Lv3）","286:龙神（Lv7）","4"
"573","女神の加護","防御アビリティ","戦闘不能時、一度だけ瀕死の状態で蘇生する","141:見習い勇者（Lv8）","","10","女神的加护","防御能力","战斗不能时，有一次以濒死状态复活","141:见习勇者（Lv8）","","4"
"574","女神の奇跡","防御アビリティ","戦闘不能時、一度だけHP半分の状態で蘇生する","142:勇者（Lv6）","","15","女神的奇迹","防御能力","战斗不能时，有一次以HP半满状态复活","142:勇者（Lv6）","","4"
"575","女神の傀儡","防御アビリティ","戦闘不能時、一度だけHP全快の状態で蘇生する","143:光の勇者（Lv7）","","20","女神的傀儡","防御能力","战斗不能时，有一次以HP全满状态复活","143:光之勇者（Lv7）","","4"
"576","スライムボディ","防御アビリティ","50以下の被ダメージを無効化する","","223:スライム（Lv10）；354:キメラ（Lv9）","5","史莱姆身体","防御能力","受到的50以下的伤害无效化","","223:史莱姆（Lv10）；354:奇美拉（Lv9）","4"
"577","ソフトボディ","防御アビリティ","200以下の被ダメージを無効化する","","224:メガスライム（Lv10）；296:軟体搾精種（Lv9）；355:三種混合体（Lv8）","10","柔软身躯","防御能力","受到的200以下的伤害无效化","","224:大史莱姆（Lv10）；296:软体榨精种（Lv9）；355:三重混合体（Lv8）","4"
"578","シュプルボディ","防御アビリティ","500以下の被ダメージを無効化する","","225:ギガスライム（Lv10）；297:ハイクリーチャー（Lv9）；356:ギガミュータント（Lv8）","15","咻噗露之躯","防御能力","受到的500以下的伤害无效化","","225:千兆史莱姆（Lv10）；297:高级生物（Lv9）；356:巨型突变体（Lv8）","4"
"579","ナノボディ","防御アビリティ","1000以下の被ダメージを無効化する","","360:機神（Lv9）；7428:次元侵蝕者（Lv9）","25","纳米身躯","防御能力","受到的1000以下的伤害无效化","","360:机神（Lv9）；7428:次元侵蚀者（Lv9）","4"
"580","クァンタボディ","防御アビリティ","5000以下の被ダメージを無効化する","","361:ウェポンタイプ（Lv11）","35","量子身躯","防御能力","受到的5000以下的伤害无效化","","361:武器类型（Lv11）","4"
"581","加護の肉体","防御アビリティ","瀕死時、100以下の被ダメージを無効化する","","362:下位天使（Lv9）","10","加护之躯","防御能力","濒死时，受到的100以下的伤害无效化","","362:下位天使（Lv9）","4"
"582","恩寵の肉体","防御アビリティ","瀕死時、300以下の被ダメージを無効化する","","363:中位天使（Lv9）","20","恩宠之躯","防御能力","濒死时，受到的300以下的伤害无效化","","363:中位天使（Lv9）","4"
"583","奇跡の肉体","防御アビリティ","瀕死時、1000以下の被ダメージを無効化する","","364:上位天使（Lv7）；365:堕天使（Lv7）","30","奇迹之躯","防御能力","濒死时，受到的1000以下的伤害无效化","","364:上位天使（Lv7）；365:堕天使（Lv7）","4"
"584","神代の肉体","防御アビリティ","瀕死時、7000以下の被ダメージを無効化する","","370:熾天使（Lv12）","40","神代之躯","防御能力","濒死时，受到的7000以下的伤害无效化","","370:炽天使（Lv12）","4"
"585","食いしばり","防御アビリティ","HPが30%以上残っていれば戦闘不能にならずHPが1残る","15:パワーファイター（Lv6）；7008:シールドナイト（Lv5）","261:メデューサ（Lv9）；298:魔物狩り狩り（Lv8）；349:ゴーレム（Lv9）","10","咬紧牙关","防御能力","HP剩余30%以上时不会战斗不能，HP剩1","15:力量斗士（Lv6）；7008:盾骑士（Lv5）","261:美杜莎（Lv9）；298:魔物狩猎（Lv8）；349:魔像（Lv9）","4"
"586","超食いしばり","防御アビリティ","HPが20%以上残っていれば戦闘不能にならずHPが1残る","16:ギガファイター（Lv6）；7009:キャプテンシールド（Lv5）","262:ロードメデューサ（Lv9）；299:巨人殺し（Lv8）；350:マスターゴーレム（Lv9）","15","超咬紧牙关","防御能力","HP剩余20%以上时不会战斗不能，HP剩1","16:巨力斗士（Lv6）；7009:盾队长（Lv5）","262:美杜莎领主（Lv9）；299:巨人杀手（Lv8）；350:大师魔像（Lv9）","4"
"587","究極食いしばり","防御アビリティ","HPが10%以上残っていれば戦闘不能にならずHPが1残る","","300:百魔の王（Lv7）","20","究极咬紧牙关","防御能力","HP剩余10%以上时不会战斗不能，HP剩1","","300:百魔之王（Lv7）","4"
"588","集団の盾","防御アビリティ","戦闘開始時、集団が身代わりとなり二回だけ攻撃を防ぐ","","313:マザーレギオン（Lv4）","30","群体之盾","防御能力","战斗开始时，群体成为替身，可防御两次攻击","","313:母军团（Lv4）","4"
"589","振動装甲","防御アビリティ","物理ダメージを受けると振動波で反撃","","360:機神（Lv4）","10","振动装甲","防御能力","受到物理伤害时，以振动波反击","","360:机神（Lv4）","4"
"590","物理ダメージ軽減","防御アビリティ","物理属性のダメージを3/4にする","136:騎士王（Lv6）","152:魔人（Lv4）","10","物理伤害减轻","防御能力","物理属性的伤害降低至3/4","136:骑士王（Lv6）","152:魔人（Lv4）","4"
"591","物理ダメージ半減","防御アビリティ","物理属性のダメージを半分にする","","153:魔神（Lv3）","20","物理伤害减半","防御能力","物理属性的伤害减半","","153:魔神（Lv3）","4"
"592","物理ダメージ無効","防御アビリティ","物理属性のダメージを無効化する","","154:超魔神（Lv9）","30","物理伤害无效","防御能力","物理属性的伤害无效化","","154:超魔神（Lv9）","4"
"593","物理ダメージ吸収","防御アビリティ","物理属性のダメージを吸収する","","7450:創世の女神（Lv11）","40","物理伤害吸收","防御能力","吸收物理属性的伤害","","7450:创世女神（Lv11）","4"
"594","快楽ダメージ軽減","防御アビリティ","快楽属性のダメージを3/4にする","101:バトルファッカー（Lv7）","351:下位アポトーシス（Lv5）","10","快乐伤害减轻","防御能力","快乐属性的伤害降低至3/4","101:BF斗士（Lv7）","351:下位凋零者（Lv5）","4"
"595","快楽ダメージ半減","防御アビリティ","快楽属性のダメージを半分にする","102:クィーンファッカー（Lv7）","352:上位アポトーシス（Lv5）","20","快乐伤害减半","防御能力","快乐属性的伤害减半","102:女王BF（Lv7）","352:上位凋零者（Lv5）","4"
"596","快楽ダメージ無効","防御アビリティ","快楽属性のダメージを無効化する","7039:QOBF（Lv11）","154:超魔神（Lv8）","30","快乐伤害无效","防御能力","快乐属性的伤害无效化","7039:QOBF（Lv11）","154:超魔神（Lv8）","4"
"597","快楽ダメージ吸収","防御アビリティ","快楽属性のダメージを吸収する","7067:快楽ヲ極メシ者（Lv4）","7416:バビロンの大淫婦（Lv2）；7451:邪神（Lv11）","40","快乐伤害吸收","防御能力","吸收快乐属性的伤害","7067:极乐追求者（Lv4）","7416:巴比伦的大淫妇（Lv2）；7451:邪神（Lv11）","4"
"598","炎ダメージ軽減","防御アビリティ","炎属性のダメージを3/4にする","49:魔法少女（Lv4）","158:妖魔（Lv9）","5","炎伤害减轻","防御能力","炎属性的伤害降低至3/4","49:魔法少女（Lv4）","158:妖魔（Lv9）","4"
"599","炎ダメージ半減","防御アビリティ","炎属性のダメージを半分にする","50:魔女（Lv5）","159:上級妖魔（Lv4）；208:ダークエルフ（Lv5）；279:エイビス（Lv4）","10","炎伤害减半","防御能力","炎属性的伤害减半","50:魔女（Lv5）","159:上级妖魔（Lv4）；208:暗精灵（Lv5）；279:龙鸟（Lv4）","4"
"600","炎ダメージ無効","防御アビリティ","炎属性のダメージを無効化する","35:灼熱魔導師（Lv6）","160:妖魔貴族（Lv5）；209:アークエルフ（Lv5）；280:ガルーダ（Lv3）","15","炎伤害无效","防御能力","炎属性的伤害无效化","35:灼热魔导师（Lv6）","160:妖魔贵族（Lv5）；209:大精灵（Lv5）；280:迦楼罗（Lv3）","4"
"601","炎ダメージ吸収","防御アビリティ","炎属性のダメージを吸収する","","166:魔王（Lv6）","20","炎伤害吸收","防御能力","吸收炎属性的伤害","","166:魔王（Lv6）","4"
"602","氷ダメージ軽減","防御アビリティ","氷属性のダメージを3/4にする","49:魔法少女（Lv6）","167:亜人（Lv3）","5","冰伤害减轻","防御能力","冰属性的伤害降低至3/4","49:魔法少女（Lv6）","167:亚人（Lv3）","4"
"603","氷ダメージ半減","防御アビリティ","氷属性のダメージを半分にする","50:魔女（Lv6）","163:半獣妖魔（Lv5）；172:夜叉（Lv3）；208:ダークエルフ（Lv5）","10","冰伤害减半","防御能力","冰属性的伤害减半","50:魔女（Lv6）","163:半兽妖魔（Lv5）；172:夜叉（Lv3）；208:暗精灵（Lv5）","4"
"604","氷ダメージ無効","防御アビリティ","氷属性のダメージを無効化する","36:輝氷魔導師（Lv6）","164:邪獣妖魔（Lv5）；173:阿修羅（Lv3）；209:アークエルフ（Lv7）","15","冰伤害无效","防御能力","冰属性的伤害无效化","36:辉冰魔导师（Lv6）","164:邪兽妖魔（Lv5）；173:阿修罗（Lv3）；209:大精灵（Lv7）","4"
"605","氷ダメージ吸収","防御アビリティ","氷属性のダメージを吸収する","","174:妖怪王（Lv4）","20","冰伤害吸收","防御能力","吸收冰属性的伤害","","174:妖怪王（Lv4）","4"
"606","雷ダメージ軽減","防御アビリティ","雷属性のダメージを3/4にする","49:魔法少女（Lv8）","184:ヴァンパイア（Lv8）","5","雷伤害减轻","防御能力","雷属性的伤害降低至3/4","49:魔法少女（Lv8）","184:吸血鬼（Lv8）","4"
"607","雷ダメージ半減","防御アビリティ","雷属性のダメージを半分にする","50:魔女（Lv7）","161:聖魔（Lv5）；185:ノスフェラトゥ（Lv6）；208:ダークエルフ（Lv5）","10","雷伤害减半","防御能力","雷属性的伤害减半","50:魔女（Lv7）","161:圣魔（Lv5）；185:诺斯费拉图（Lv6）；208:暗精灵（Lv5）","4"
"608","雷ダメージ無効","防御アビリティ","雷属性のダメージを無効化する","37:極雷魔導師（Lv6）","162:神魔（Lv5）；186:夜の帝王（Lv6）；209:アークエルフ（Lv9）","15","雷伤害无效","防御能力","雷属性的伤害无效化","37:极雷魔导师（Lv6）","162:神魔（Lv5）；186:夜之帝王（Lv6）；209:大精灵（Lv9）","4"
"609","雷ダメージ吸収","防御アビリティ","雷属性のダメージを吸収する","","192:クィーンヴァンパイア（Lv4）","20","雷伤害吸收","防御能力","吸收雷属性的伤害","","192:吸血鬼女王（Lv4）","4"
"610","風ダメージ軽減","防御アビリティ","風属性のダメージを3/4にする","42:陰陽師（Lv5）","214:フェアリー（Lv5）","5","风伤害减轻","防御能力","风属性的伤害降低至3/4","42:阴阳师（Lv5）","214:妖精（Lv5）","4"
"611","風ダメージ半減","防御アビリティ","風属性のダメージを半分にする","65:忍者（Lv6）","215:風精（Lv5）","10","风伤害减半","防御能力","风属性的伤害减半","65:忍者（Lv6）","215:风精灵（Lv5）","4"
"612","風ダメージ無効","防御アビリティ","風属性のダメージを無効化する","43:天地陰陽師（Lv3）；66:極忍（Lv6）","216:風の精霊（Lv5）","15","风伤害无效","防御能力","风属性的伤害无效","43:天地阴阳师（Lv3）；66:极忍（Lv6）","216:风之精灵（Lv5）","4"
"613","風ダメージ吸収","防御アビリティ","風属性のダメージを吸収する","","221:クィーンフェアリー（Lv6）","20","风伤害吸收","防御能力","吸收风属性的伤害","","221:妖精女王（Lv6）","4"
"614","土ダメージ軽減","防御アビリティ","土属性のダメージを3/4にする","42:陰陽師（Lv7）","245:妖狐（Lv4）","5","土伤害减轻","防御能力","土属性的伤害降低至3/4","42:阴阳师（Lv7）","245:妖狐（Lv4）","4"
"615","土ダメージ半減","防御アビリティ","土属性のダメージを半分にする","129:メイド（Lv4）","217:土精（Lv4）；246:中級妖狐（Lv4）；349:ゴーレム（Lv4）","10","土伤害减半","防御能力","土属性的伤害减半","129:女仆（Lv4）","217:土精（Lv4）；246:中级妖狐（Lv4）；349:魔像（Lv4）","4"
"616","土ダメージ無効","防御アビリティ","土属性のダメージを無効化する","43:天地陰陽師（Lv5）；130:マスターメイド（Lv4）","218:土の精霊（Lv5）；247:上級妖狐（Lv4）；350:マスターゴーレム（Lv8）","15","土伤害无效","防御能力","土属性的伤害无效化","43:天地阴阳师（Lv5）；130:大师女仆（Lv4）","218:土之精灵（Lv5）；247:上级妖狐（Lv4）；350:大师魔像（Lv8）","4"
"617","土ダメージ吸収","防御アビリティ","土属性のダメージを吸収する","","252:九尾の狐（Lv4）","20","土伤害吸收","防御能力","吸收土属性的伤害","","252:九尾狐（Lv4）","4"
"618","水ダメージ軽減","防御アビリティ","水属性のダメージを3/4にする","42:陰陽師（Lv9）","194:マーメイド（Lv4）；223:スライム（Lv4）；301:海棲種（Lv4）","5","水伤害减轻","防御能力","水属性的伤害降低至3/4","42:阴阳师（Lv9）","194:人鱼（Lv4）；223:史莱姆（Lv4）；301:海栖种（Lv4）","4"
"619","水ダメージ半減","防御アビリティ","水属性のダメージを半分にする","68:海賊（Lv3）；75:海兵（Lv3）","197:海賊マーメイド（Lv5）；226:癒しのスライム（Lv5）；304:深海搾精種（Lv5）","10","水伤害减半","防御能力","水属性的伤害减半","68:海贼（Lv3）；75:海兵（Lv3）","197:海贼人鱼（Lv5）；226:治愈的史莱姆（Lv5）；304:深海榨精种（Lv5）","4"
"620","水ダメージ無効","防御アビリティ","水属性のダメージを無効化する","43:天地陰陽師（Lv7）；69:海賊王（Lv3）；76:海軍大将（Lv3）","198:海賊王ローレライ（Lv5）；227:破邪の粘妖（Lv5）；305:深淵の主（Lv3）","15","水伤害无效","防御能力","水属性伤害的无效化","43:天地阴阳师（Lv7）；69:海贼王（Lv3）；76:海军大将（Lv3）","198:海贼王罗蕾莱（Lv5）；227:破邪粘妖（Lv5）；305:深渊之主（Lv3）","4"
"621","水ダメージ吸収","防御アビリティ","水属性のダメージを吸収する","","201:クィーンマーメイド（Lv4）；230:クィーンスライム（Lv3）；308:海神（Lv2）","20","水伤害吸收","防御能力","吸收水属性的伤害","","201:人鱼女王（Lv4）；230:史莱姆女王（Lv3）；308:海神（Lv2）","4"
"622","聖ダメージ軽減","防御アビリティ","聖属性のダメージを3/4にする","144:闇の勇者（Lv5）","363:中位天使（Lv3）","10","圣伤害减轻","防御能力","圣属性的伤害降低至3/4","144:暗之勇者（Lv5）","363:中位天使（Lv3）","4"
"623","聖ダメージ半減","防御アビリティ","聖属性のダメージを半分にする","7051:混沌の勇者（Lv5）","364:上位天使（Lv5）","20","圣伤害减半","防御能力","圣属性伤害的减半","7051:混沌的勇者（Lv5）","364:上位天使（Lv5）","4"
"624","聖ダメージ無効","防御アビリティ","聖属性のダメージを無効化する","","7438:慈愛の聖百合（Lv4）；7439:律法の守護者（Lv6）；7440:天界決戦兵器（Lv5）；7442:核動力天使（Lv4）","30","圣伤害无效","防御能力","圣属性的伤害无效化","","7438:慈爱的圣百合（Lv4）；7439:律法的守护者（Lv6）；7440:天界决战兵器（Lv5）；7442:核动力天使（Lv4）","4"
"625","聖ダメージ吸収","防御アビリティ","聖属性のダメージを吸収する","","7450:創世の女神（Lv8）","40","圣伤害吸收","防御能力","吸收圣属性的伤害","","7450:创世女神（Lv8）","4"
"626","闇ダメージ軽減","防御アビリティ","闇属性のダメージを3/4にする","143:光の勇者（Lv5）","","10","暗伤害减轻","防御能力","暗属性的伤害降低至3/4","143:光之勇者（Lv5）","","4"
"627","闇ダメージ半減","防御アビリティ","闇属性のダメージを半分にする","7051:混沌の勇者（Lv5）","365:堕天使（Lv5）","20","暗伤害减半","防御能力","暗属性的伤害减半","7051:混沌的勇者（Lv5）","365:堕天使（Lv5）","4"
"628","闇ダメージ無効","防御アビリティ","闇属性のダメージを無効化する","","7441:死の獄卒（Lv4）","30","暗伤害无效","防御能力","暗属性的伤害无效化","","7441:死之狱卒（Lv4）","4"
"629","闇ダメージ吸収","防御アビリティ","闇属性のダメージを吸収する","","7451:邪神（Lv9）","40","暗伤害吸收","防御能力","吸收暗属性的伤害","","7451:邪神（Lv9）","4"
"630","音波ダメージ軽減","防御アビリティ","音波属性のダメージを3/4にする","103:学者（Lv6）","194:マーメイド（Lv4）","5","音波伤害减轻","防御能力","音波属性的伤害降低至3/4","103:学者（Lv6）","194:人鱼（Lv4）","4"
"631","音波ダメージ半減","防御アビリティ","音波属性のダメージを半分にする","104:魔導学者（Lv5）","199:行商マーメイド（Lv3）","10","音波伤害减半","防御能力","音波属性的伤害减半","104:魔导学者（Lv5）","199:行商人鱼（Lv3）","4"
"632","音波ダメージ無効","防御アビリティ","音波属性のダメージを無効化する","105:マスターアルケミスト（Lv3）","200:海運王ローレライ（Lv3）","15","音波伤害无效","防御能力","音波属性的伤害无效化","105:大师炼金术士（Lv3）","200:海运王罗蕾莱（Lv3）","4"
"633","音波ダメージ吸収","防御アビリティ","音波属性のダメージを吸収する","","201:クィーンマーメイド（Lv5）","20","音波伤害吸收","防御能力","吸收音波属性的伤害","","201:人鱼女王（Lv5）","4"
"634","バイオダメージ軽減","防御アビリティ","バイオ属性のダメージを3/4にする","103:学者（Lv5）","328:ゾンビ（Lv8）","5","生化伤害减轻","防御能力","生化属性的伤害降低至3/4","103:学者（Lv5）","328:僵尸（Lv8）","4"
"635","バイオダメージ半減","防御アビリティ","バイオ属性のダメージを半分にする","104:魔導学者（Lv5）","329:ハイアンデッド（Lv7）","10","生化伤害减半","防御能力","生化属性的伤害减半","104:魔导学者（Lv5）","329:高级不死族（Lv7）","4"
"636","バイオダメージ無効","防御アビリティ","バイオ属性のダメージを無効化する","105:マスターアルケミスト（Lv3）","330:マスターアンデッド（Lv6）","15","生化伤害无效","防御能力","生化属性的伤害无效化","105:大师炼金术士（Lv3）","330:大师不死族（Lv6）","4"
"637","バイオダメージ吸収","防御アビリティ","バイオ属性のダメージを吸収する","","335:カオスアンデッド（Lv3）","20","生化伤害吸收","防御能力","吸收生化属性的伤害","","335:混沌不死族（Lv3）","4"
"638","属性ダメージ軽減","防御アビリティ","聖と闇以外の属性ダメージを3/4にする","137:魔導王（Lv6）","362:下位天使（Lv10）","10","属性伤害减轻","防御能力","圣与暗以外的属性伤害降低至3/4","137:魔导王（Lv6）","362:下位天使（Lv10）","4"
"639","属性ダメージ半減","防御アビリティ","聖と闇以外の属性ダメージを半分にする","","368:キューピッド（Lv8）","20","属性伤害减半","防御能力","圣与暗以外的属性伤害减半","","368:丘比特（Lv8）","4"
"640","属性ダメージ無効","防御アビリティ","聖と闇以外の属性ダメージを無効化する","","369:淫欲のクピド（Lv7）","30","属性伤害无效","防御能力","圣与暗以外的属性伤害无效","","369:淫欲的丘比特（Lv7）","4"
"641","属性ダメージ吸収","防御アビリティ","聖と闇以外の属性ダメージを吸収する","","7436:天の軍団長（Lv12）；7437:明けの明星（Lv12）；7438:慈愛の聖百合（Lv11）；7439:律法の守護者（Lv11）；7440:天界決戦兵器（Lv12）；7441:死の獄卒（Lv11）；7442:核動力天使（Lv12）","40","属性伤害吸收","防御能力","吸收圣与暗以外的属性伤害","","7436:天之军团长（Lv12）；7437:璀璨之明星（Lv12）；7438:慈爱的圣百合（Lv11）；7439:律法的守护者（Lv11）；7440:天界决战兵器（Lv12）；7441:死之狱卒（Lv11）；7442:核动力天使（Lv12）","4"
"642","能力弱体回避","防御アビリティ","能力弱体を50%の確率で無効化する","77:正義のヒーロー（Lv4）","331:マミー（Lv4）","2","能力弱化回避","防御能力","能力弱化50%的概率无效化","77:正义的英雄（Lv4）","331:木乃伊（Lv4）","4"
"643","能力弱体無効","防御アビリティ","能力弱体を完全に無効化する","78:ジャスティスカイザー（Lv4）","332:イシス（Lv4）","4","能力弱化无效","防御能力","能力弱化完全无效化","78:正义凯撒（Lv4）","332:伊西斯（Lv4）","4"
"644","即死回避","防御アビリティ","即死攻撃を50%の確率で無効化する","84:冒険家（Lv7）","210:デュラハン（Lv6）","2","即死回避","防御能力","即死攻击50%的概率无效化","84:冒险家（Lv7）","210:杜拉罕（Lv6）","4"
"645","即死無効","防御アビリティ","即死攻撃を完全に無効化する","85:レンジャー（Lv7）","211:ロードデュラハン（Lv6）；336:ゴースト（Lv6）","4","即死无效","防御能力","即死攻击完全无效化","85:游侠（Lv7）","211:领主杜拉罕（Lv6）；336:幽灵（Lv6）","4"
"646","昇天回避","防御アビリティ","昇天攻撃を50%の確率で無効化する","28:パラディン（Lv8）","362:下位天使（Lv7）","2","升天回避","防御能力","升天攻击50%的概率无效化","28:圣堂武士（Lv8）","362:下位天使（Lv7）","4"
"647","昇天無効","防御アビリティ","昇天攻撃を完全に無効化する","29:ゴッドハンド（Lv8）","363:中位天使（Lv7）","4","升天无效","防御能力","升天攻击完全无效化","29:神之手（Lv8）","363:中位天使（Lv7）","4"
"648","絶頂回避","防御アビリティ","絶頂攻撃を50%の確率で無効化する","101:バトルファッカー（Lv3）","178:モンクサキュバス（Lv5）","2","绝顶回避","防御能力","绝顶攻击50%的概率无效化","101:BF斗士（Lv3）","178:僧侣魅魔（Lv5）","4"
"649","絶頂無効","防御アビリティ","絶頂攻撃を完全に無効化する","102:クィーンファッカー（Lv3）","179:淫闘サキュバス（Lv5）","4","绝顶无效","防御能力","绝顶攻击完全无效化","102:女王BF（Lv3）","179:淫斗魅魔（Lv5）","4"
"650","全即死系無効","防御アビリティ","即死・昇天・絶頂攻撃を完全に無効化する","7017:神の守護者（Lv11）","212:クィーンエルフ（Lv7）；221:クィーンフェアリー（Lv7）","10","全即死系无效","防御能力","即死・升天・绝顶攻击完全无效化","7017:神之守护者（Lv11）","212:精灵女王（Lv7）；221:妖精女王（Lv7）","4"
"651","拘束回避","防御アビリティ","拘束攻撃を50%の確率で無効化する","7051:混沌の勇者（Lv2）；7056:超魔生物（Lv5）","272:クィーンスキュラ（Lv5）","10","拘束回避","防御能力","拘束攻击50%的概率无效化","7051:混沌的勇者（Lv2）；7056:超魔生物（Lv5）","272:斯库拉女王（Lv5）","4"
"652","拘束無効","防御アビリティ","拘束攻撃を完全に無効化する","7070:英雄王（Lv5）；7073:破滅事象（Lv7）","273:インフィニティスキュラ（Lv13）","20","拘束无效","防御能力","拘束攻击完全无效化","7070:英雄王（Lv5）；7073:破灭事象（Lv7）","273:无限斯库拉（Lv13）","4"
"653","毒回避","防御アビリティ","毒状態を50%の確率で無効化する","114:ネクロマンサー（Lv3）","294:陸上魔類（Lv8）；322:ワルラウネ（Lv3）","2","毒回避","防御能力","中毒状态50%的概率无效化","114:死灵法师（Lv3）","294:陆上魔类（Lv8）；322:恶娜温（Lv3）","4"
"654","毒無効","防御アビリティ","毒状態を完全に無効化する","115:ネクロマスター（Lv3）","295:エビルスピーシーズ（Lv6）；323:彼岸の魔花（Lv3）","4","毒无效","防御能力","毒状态完全无效化","115:死灵大师（Lv3）","295:邪恶精灵（Lv6）；323:彼岸的魔花（Lv3）","4"
"655","暗闇回避","防御アビリティ","暗闇状態を50%の確率で無効化する","30:バトルマスター（Lv3）","184:ヴァンパイア（Lv3）；233:ルナティックビースト（Lv3）；268:サムライスキュラ（Lv5）；304:深海搾精種（Lv3）","2","黑暗回避","防御能力","黑暗状态50%的概率无效化","30:战斗大师（Lv3）","184:吸血鬼（Lv3）；233:月夜狂兽（Lv3）；268:剑士斯库拉（Lv5）；304:深海榨精种（Lv3）","4"
"656","暗闇無効","防御アビリティ","暗闇状態を完全に無効化する","31:バトルエンペラー（Lv3）","185:ノスフェラトゥ（Lv3）；234:血塗られた狂獣（Lv3）；269:天下無双スキュラ（Lv5）；305:深淵の主（Lv3）","4","黑暗无效","防御能力","黑暗状态完全无效化","31:战斗皇帝（Lv3）","185:诺斯费拉图（Lv3）；234:血染的狂兽（Lv3）；269:天下无双斯库拉（Lv5）；305:深渊之主（Lv3）","4"
"657","沈黙回避","防御アビリティ","沈黙状態を50%の確率で無効化する","33:魔法使い（Lv7）","214:フェアリー（Lv3）","2","沉默回避","防御能力","沉默状态50%的概率无效化","33:魔法师（Lv7）","214:妖精（Lv3）","4"
"658","沈黙無効","防御アビリティ","沈黙状態を完全に無効化する","34:黒魔導師（Lv4）","215:風精（Lv2）","4","沉默无效","防御能力","完全无效化沉默状态","34:黑魔导师（Lv4）","215:风精灵（Lv2）","4"
"659","混乱回避","防御アビリティ","混乱状態を50%の確率で無効化する","75:海兵（Lv3）","197:海賊マーメイド（Lv3）；268:サムライスキュラ（Lv7）；322:ワルラウネ（Lv3）","2","混乱回避","防御能力","混乱状态50%的概率无效化","75:海兵（Lv3）","197:海贼人鱼（Lv3）；268:剑士斯库拉（Lv7）；322:恶娜温（Lv3）","4"
"660","混乱無効","防御アビリティ","混乱状態を完全に無効化する","76:海軍大将（Lv3）","198:海賊王ローレライ（Lv3）；269:天下無双スキュラ（Lv6）；323:彼岸の魔花（Lv3）","4","混乱无效","防御能力","完全无效化混乱状态","76:海军大将（Lv3）","198:海贼王罗蕾莱（Lv3）；269:天下无双斯库拉（Lv6）；323:彼岸的魔花（Lv3）","4"
"661","睡眠回避","防御アビリティ","睡眠状態を50%の確率で無効化する","68:海賊（Lv3）","270:スキュラメイド（Lv3）","2","睡眠回避","防御能力","睡眠状态50%的概率无效化","68:海贼（Lv3）","270:斯库拉女仆（Lv3）","4"
"662","睡眠無効","防御アビリティ","睡眠状態を完全に無効化する","69:海賊王（Lv3）","271:スキュラサーバント（Lv3）","4","睡眠无效","防御能力","完全无效化睡眠状态","69:海贼王（Lv3）","271:斯库拉女仆（Lv3）","4"
"663","麻痺回避","防御アビリティ","麻痺状態を50%の確率で無効化する","116:降霊術師（Lv3）","203:エルフ（Lv7）；312:レギオン（Lv3）；324:食虫淫花（Lv6）","2","麻痹回避","防御能力","麻痹状态50%的概率无效化","116:降灵术士（Lv3）","203:精灵（Lv7）；312:军团（Lv3）；324:食虫淫花（Lv6）","4"
"664","麻痺無効","防御アビリティ","麻痺状態を完全に無効化する","117:マスターシャーマン（Lv3）","204:ハイエルフ（Lv6）；313:マザーレギオン（Lv3）；325:ビーナスネペンテス（Lv3）","4","麻痹无效","防御能力","完全无效化麻痹状态","117:大师萨满（Lv3）","204:高等精灵（Lv6）；313:母军团（Lv3）；325:维纳斯之花（Lv3）","4"
"665","バーン回避","防御アビリティ","バーン状態を50%の確率で無効化する","30:バトルマスター（Lv8）","158:妖魔（Lv5）；287:飛竜（Lv4）","2","燃烧回避","防御能力","燃烧状态50%的概率无效化","30:战斗大师（Lv8）","158:妖魔（Lv5）；287:飞龙（Lv4）","4"
"666","バーン無効","防御アビリティ","バーン状態を完全に無効化する","35:灼熱魔導師（Lv5）","159:上級妖魔（Lv3）；288:バハムート（Lv3）","4","燃烧无效","防御能力","燃烧状态完全无效化","35:灼热魔导师（Lv5）","159:上级妖魔（Lv3）；288:巴哈姆特（Lv3）","4"
"667","フリーズ回避","防御アビリティ","フリーズ状態を50%の確率で無効化する","30:バトルマスター（Lv8）","170:妖鬼（Lv3）；289:海竜（Lv4）","2","冻结回避","防御能力","冻结状态50%的概率无效化","30:战斗大师（Lv8）","170:妖鬼（Lv3）；289:海龙（Lv4）","4"
"668","フリーズ無効","防御アビリティ","フリーズ状態を完全に無効化する","36:輝氷魔導師（Lv5）","171:鬼神（Lv3）；290:リヴァイアサン（Lv4）","4","冻结无效","防御能力","冻结状态完全无效化","36:辉冰魔导师（Lv5）","171:鬼神（Lv3）；290:利维坦（Lv4）","4"
"669","ショック回避","防御アビリティ","ショック状態を50%の確率で無効化する","30:バトルマスター（Lv8）","187:マージヴァンパイア（Lv3）；359:キメラロイド（Lv3）","2","电击回避","防御能力","电击状态50%的概率无效化","30:战斗大师（Lv8）","187:合并吸血鬼（Lv3）；359:奇美拉机器人（Lv3）","4"
"670","ショック無効","防御アビリティ","ショック状態を完全に無効化する","37:極雷魔導師（Lv5）","188:アークヴァンパイア（Lv3）；360:機神（Lv3）","4","电击无效","防御能力","电击状态完全无效化","37:极雷魔导师（Lv5）","188:大吸血鬼（Lv3）；360:机神（Lv3）","4"
"671","スロウ回避","防御アビリティ","スロウ状態を50%の確率で無効化する","38:時魔導師（Lv7）","235:スピードビースト（Lv4）","2","减速回避","防御能力","减速状态50%的概率无效化","38:时魔导师（Lv7）","235:速度兽（Lv4）","4"
"672","スロウ無効","防御アビリティ","スロウ状態を完全に無効化する","39:時空魔導師（Lv6）","236:疾空の魔獣（Lv5）","4","减速无效","防御能力","减速状态完全无效化","39:时空魔导师（Lv6）","236:疾空魔兽（Lv5）","4"
"673","ストップ回避","防御アビリティ","ストップ状態を50%の確率で無効化する","38:時魔導師（Lv9）","239:ケンタウロス（Lv9）","2","停止回避","防御能力","停止状态50%的概率无效化","38:时魔导师（Lv9）","239:马人（Lv9）","4"
"674","ストップ無効","防御アビリティ","ストップ状態を完全に無効化する","39:時空魔導師（Lv9）","240:グランセントール（Lv9）","4","停止无效","防御能力","停止状态完全无效化","39:时空魔导师（Lv9）","240:巨型半人马（Lv9）","4"
"675","ミニマム回避","防御アビリティ","ミニマム状態を50%の確率で無効化する","","298:魔物狩り狩り（Lv5）","2","缩小回避","防御能力","缩小状态50%的概率无效化","","298:魔物狩猎（Lv5）","4"
"676","ミニマム無効","防御アビリティ","ミニマム状態を完全に無効化する","","299:巨人殺し（Lv5）","4","缩小无效","防御能力","缩小状态完全无效化","","299:巨人杀手（Lv5）","4"
"677","ゾンビ回避","防御アビリティ","ゾンビ状態を50%の確率で無効化する","28:パラディン（Lv6）","210:デュラハン（Lv5）；333:ゾンビドクター（Lv3）","2","僵尸回避","防御能力","僵尸状态50%的概率无效化","28:圣堂武士（Lv6）","210:杜拉罕（Lv5）；333:僵尸医生（Lv3）","4"
"678","ゾンビ無効","防御アビリティ","ゾンビ状態を完全に無効化する","29:ゴッドハンド（Lv5）","211:ロードデュラハン（Lv5）；334:デスプロフェッサー（Lv8）","4","僵尸无效","防御能力","僵尸状态完全无效化","29:神之手（Lv5）","211:领主杜拉罕（Lv5）；334:死亡教授（Lv8）","4"
"679","石化回避","防御アビリティ","石化状態を50%の確率で無効化する","118:からくり人形師（Lv3）","261:メデューサ（Lv5）；331:マミー（Lv4）；349:ゴーレム（Lv8）","2","石化回避","防御能力","石化状态50%的概率无效化","118:机关人偶师（Lv3）","261:美杜莎（Lv5）；331:木乃伊（Lv4）；349:魔像（Lv8）","4"
"680","石化無効","防御アビリティ","石化状態を完全に無効化する","119:マスタードーラー（Lv3）","262:ロードメデューサ（Lv5）；332:イシス（Lv4）；350:マスターゴーレム（Lv7）","4","石化无效","防御能力","完全无效石化状态","119:大师操偶者（Lv3）","262:美杜莎领主（Lv5）；332:伊西斯（Lv4）；350:大师魔像（Lv7）","4"
"681","消化回避","防御アビリティ","消化状態を50%の確率で無効化する","123:料理人（Lv6）","228:肉食スライム（Lv5）；324:食虫淫花（Lv9）","2","消化回避","防御能力","消化状态50%的概率无效化","123:厨师（Lv6）","228:肉食史莱姆（Lv5）；324:食虫淫花（Lv9）","4"
"682","消化無効","防御アビリティ","消化状態を完全に無効化する","124:トリプルコック（Lv5）","229:淫酷の粘妖（Lv5）；325:ビーナスネペンテス（Lv9）","4","消化无效","防御能力","完全无效消化状态","124:三星厨师（Lv5）","229:淫酷粘妖（Lv5）；325:维纳斯之花（Lv9）","4"
"683","スタン回避","防御アビリティ","スタン状態を50%の確率で無効化する","89:カードバトラー（Lv6）","239:ケンタウロス（Lv8）；257:シスターラミア（Lv4）；277:ハーピーナイト（Lv3）","2","眩晕回避","防御能力","眩晕状态50%的概率无效化","89:卡牌战士（Lv6）","239:马人（Lv8）；257:修女拉米亚（Lv4）；277:哈比骑士（Lv3）","4"
"684","スタン無効","防御アビリティ","スタン状態を完全に無効化する","90:カードサマナー（Lv6）","240:グランセントール（Lv7）；258:慈愛の聖蛇（Lv5）；278:スカイハイ（Lv7）","4","眩晕无效","防御能力","完全无效眩晕状态","90:卡牌召唤师（Lv6）","240:巨型半人马（Lv7）；258:慈爱之圣蛇（Lv5）；278:至高天（Lv7）","4"
"685","ヌルヌル回避","防御アビリティ","ヌルヌル状態を50%の確率で無効化する","130:マスターメイド（Lv6）","228:肉食スライム（Lv3）；296:軟体搾精種（Lv3）","2","黏滑回避","防御能力","黏滑状态50%的概率无效化","130:大师女仆（Lv6）","228:肉食史莱姆（Lv3）；296:软体榨精种（Lv3）","4"
"686","ヌルヌル無効","防御アビリティ","ヌルヌル状態を完全に無効化する","131:パーフェクトメイド（Lv6）","229:淫酷の粘妖（Lv3）；297:ハイクリーチャー（Lv3）","4","黏滑无效","防御能力","完全无效黏滑状态","131:完美女仆（Lv6）","229:淫酷粘妖（Lv3）；297:高级生物（Lv3）","4"
"687","敏感回避","防御アビリティ","敏感状態を50%の確率で無効化する","97:娼婦（Lv3）","208:ダークエルフ（Lv4）；322:ワルラウネ（Lv8）","2","敏感回避","防御能力","敏感状态50%的概率无效化","97:娼妇（Lv3）","208:暗精灵（Lv4）；322:恶娜温（Lv8）","4"
"688","敏感無効","防御アビリティ","敏感状態を完全に無効化する","98:慈愛の聖娼（Lv5）","209:アークエルフ（Lv3）；323:彼岸の魔花（Lv8）","4","敏感无效","防御能力","完全消除敏感状态","98:慈爱的圣娼（Lv5）","209:大精灵（Lv3）；323:彼岸的魔花（Lv8）","4"
"689","恍惚回避","防御アビリティ","恍惚状態を50%の確率で無効化する","97:娼婦（Lv5）","324:食虫淫花（Lv6）","2","恍惚回避","防御能力","恍惚状态50%的概率无效化","97:娼妇（Lv5）","324:食虫淫花（Lv6）","4"
"690","恍惚無効","防御アビリティ","恍惚状態を完全に無効化する","99:傾国の魔娼（Lv5）","325:ビーナスネペンテス（Lv6）","4","恍惚无效","防御能力","完全消除恍惚状态","99:倾国的魔娼（Lv5）","325:维纳斯之花（Lv6）","4"
"691","誘惑回避","防御アビリティ","誘惑状態を50%の確率で無効化する","100:スーパースター（Lv3）","","2","诱惑回避","防御能力","诱惑状态50%的概率无效化","100:超级巨星（Lv3）","","4"
"692","誘惑無効","防御アビリティ","誘惑状態を完全に無効化する","67:淫流くのいち（Lv5）","","4","诱惑无效","防御能力","完全消除诱惑状态","67:淫流女忍（Lv5）","","4"
"693","失禁回避","防御アビリティ","失禁状態を50%の確率で無効化する","101:バトルファッカー（Lv3）","217:土精（Lv7）；270:スキュラメイド（Lv6）","2","失禁回避","防御能力","失禁状态50%的概率无效化","101:BF斗士（Lv3）","217:土精（Lv7）；270:斯库拉女仆（Lv6）","4"
"694","失禁無効","防御アビリティ","失禁状態を完全に無効化する","102:クィーンファッカー（Lv3）","218:土の精霊（Lv7）；271:スキュラサーバント（Lv5）","4","失禁无效","防御能力","完全消除失禁状态","102:女王BF（Lv3）","218:土之精灵（Lv7）；271:斯库拉女仆（Lv5）","4"
"695","全状態異常回避","防御アビリティ","全ての状態異常を50%の確率で無効化する","","351:下位アポトーシス（Lv7）","15","全状态异常回避","防御能力","所有状态异常50%的概率无效化","","351:下位凋零者（Lv7）","4"
"696","全状態異常無効","防御アビリティ","全ての状態異常を完全に無効化する","","352:上位アポトーシス（Lv7）","35","全状态异常无效","防御能力","所有状态异常完全无效化","","352:上位凋零者（Lv7）","4"
"697","「武道着」装備可能","防御アビリティ","「服」「武道着」が装備可能になる","25:邪拳王（Lv3）","","5","可以装备「武道服」","防御能力","变得可以装备「服」「武道服」","25:邪拳王（Lv3）","","4"
"698","「鎧」装備可能","防御アビリティ","「鎧」「重鎧」「胸当て」が装備可能になる","74:ナイツオブラウンド（Lv9）","211:ロードデュラハン（Lv8）；278:スカイハイ（Lv8）","5","可以装备「铠」","防御能力","变得可以装备「铠」「重铠」「胸甲」","74:圆桌骑士（Lv9）","211:领主杜拉罕（Lv8）；278:至高天（Lv8）","4"
"699","「ローブ」装備可能","防御アビリティ","「ローブ」「ドレス」「薄着」が装備可能になる","48:森羅万象士（Lv7）","","5","可以装备「长袍」","防御能力","变得可以装备「长袍」「礼服」「薄衣」","48:森罗万象士（Lv7）","","4"
"700","「兜」装備可能","防御アビリティ","「兜」「重兜」が装備可能になる","73:王宮騎士（Lv9）","210:デュラハン（Lv8）；277:ハーピーナイト（Lv7）","5","可以装备「盔」","防御能力","变得可以装备「盔」「重盔」","73:王宫骑士（Lv9）","210:杜拉罕（Lv8）；277:哈比骑士（Lv7）","4"
"701","「魔帽」装備可能","防御アビリティ","「帽子」「魔帽」「高級帽」が装備可能になる","47:賢者（Lv6）","","5","可以装备「魔法帽」","防御能力","变得可以装备「帽子」「魔法帽」「高级帽」","47:贤者（Lv6）","","4"
"702","「盾」装備可能","防御アビリティ","「軽盾」「盾」「重盾」が装備可能になる","72:兵士（Lv8）","210:デュラハン（Lv8）；277:ハーピーナイト（Lv7）","5","可以装备「盾」","防御能力","变得可以装备「轻盾」「盾」「重盾」","72:士兵（Lv8）","210:杜拉罕（Lv8）；277:哈比骑士（Lv7）","4"
"708","毎ターンHP5%回復","特殊アビリティ","ターンごとにHPが5%回復する","134:貴族（Lv7）","223:スライム（Lv9）","5","每回合HP恢复5%","特殊能力","每回合HP恢复5%","134:贵族（Lv7）","223:史莱姆（Lv9）","5"
"709","毎ターンHP10%回復","特殊アビリティ","ターンごとにHPが10%回復する","135:王（Lv7）","226:癒しのスライム（Lv9）","10","每回合HP恢复10%","特殊能力","每回合HP恢复10%","135:王（Lv7）","226:治愈的史莱姆（Lv9）","5"
"710","毎ターンHP20%回復","特殊アビリティ","ターンごとにHPが20%回復する","136:騎士王（Lv7）；137:魔導王（Lv7）","227:破邪の粘妖（Lv9）","20","每回合HP恢复20%","特殊能力","每回合HP恢复20%","136:骑士王（Lv7）；137:魔导王（Lv7）","227:破邪粘妖（Lv9）","5"
"711","毎ターンHP30%回復","特殊アビリティ","ターンごとにHPが30%回復する","7050:覇王（Lv3）","230:クィーンスライム（Lv9）","30","每回合HP恢复30%","特殊能力","每回合HP恢复30%","7050:霸王（Lv3）","230:史莱姆女王（Lv9）","5"
"712","生命回帰","特殊アビリティ","ターンごとにHPが完全回復する","","7452:第三の神（Lv17）","99","生命回归","特殊能力","每回合HP完全恢复","","7452:第三神（Lv17）","5"
"713","毎ターンMP1%回復","特殊アビリティ","ターンごとにMPが1%回復する","47:賢者（Lv10）；7001:エスパー（Lv5）；7006:妖術師（Lv4）","214:フェアリー（Lv10）","5","每回合MP恢复1%","特殊能力","每回合MP恢复1%","47:贤者（Lv10）；7001:超能力者（Lv5）；7006:妖术师（Lv4）","214:妖精（Lv10）","5"
"714","毎ターンMP2%回復","特殊アビリティ","ターンごとにMPが2%回復する","49:魔法少女（Lv9）；7002:ハイサイキック（Lv5）；7007:異界妖術師（Lv4）","155:ワームサマナー（Lv9）；215:風精（Lv9）；331:マミー（Lv9）","10","每回合MP恢复2%","特殊能力","每回合MP恢复2%","49:魔法少女（Lv9）；7002:高阶通灵者（Lv5）；7007:异界妖术师（Lv4）","155:蠕虫召唤师（Lv9）；215:风精灵（Lv9）；331:木乃伊（Lv9）","5"
"715","毎ターンMP4%回復","特殊アビリティ","ターンごとにMPが4%回復する","50:魔女（Lv9）；7003:サイコソルジャー（Lv5）","156:マスターホムンクル（Lv9）；216:風の精霊（Lv9）；332:イシス（Lv9）","20","每回合MP恢复4%","特殊能力","每回合MP恢复4%","50:魔女（Lv9）；7003:念动战士（Lv5）","156:大师人造人（Lv9）；216:风之精灵（Lv9）；332:伊西斯（Lv9）","5"
"716","毎ターンMP8%回復","特殊アビリティ","ターンごとにMPが8%回復する","7024:アルティメット魔法少女（Lv4）；7052:サイコトリニティ（Lv5）","157:ワームエンプレス（Lv9）；221:クィーンフェアリー（Lv9）","30","每回合MP恢复8%","特殊能力","每回合MP恢复8%","7024:究极魔法少女（Lv4）；7052:念动三位一体（Lv5）","157:蠕虫女皇（Lv9）；221:妖精女王（Lv9）","5"
"717","魔導回帰","特殊アビリティ","ターンごとにMPが完全回復する","","7450:創世の女神（Lv17）","99","魔导回归","特殊能力","每回合MP完全恢复","","7450:创世女神（Lv17）","5"
"718","毎ターンSP5%回復","特殊アビリティ","ターンごとにSPが5%回復する","141:見習い勇者（Lv9）；7006:妖術師（Lv5）","245:妖狐（Lv9）","5","每回合SP恢复5%","特殊能力","每回合SP恢复5%","141:见习勇者（Lv9）；7006:妖术师（Lv5）","245:妖狐（Lv9）","5"
"719","毎ターンSP10%回復","特殊アビリティ","ターンごとにSPが10%回復する","142:勇者（Lv7）；7007:異界妖術師（Lv5）","248:狐魔獣（Lv8）","10","每回合SP恢复10%","特殊能力","每回合SP恢复10%","142:勇者（Lv7）；7007:异界妖术师（Lv5）","248:狐魔兽（Lv8）","5"
"720","毎ターンSP20%回復","特殊アビリティ","ターンごとにSPが20%回復する","143:光の勇者（Lv7）；144:闇の勇者（Lv7）","249:上級狐魔獣（Lv5）","20","每回合SP恢复20%","特殊能力","每回合SP恢复20%","143:光之勇者（Lv7）；144:暗之勇者（Lv7）","249:上级狐魔兽（Lv5）","5"
"721","毎ターンSP30%回復","特殊アビリティ","ターンごとにSPが30%回復する","7051:混沌の勇者（Lv3）","252:九尾の狐（Lv9）","30","每回合SP恢复30%","特殊能力","每回合SP恢复30%","7051:混沌的勇者（Lv3）","252:九尾狐（Lv9）","5"
"722","気力回帰","特殊アビリティ","ターンごとにSPが完全回復する","","7451:邪神（Lv17）","99","气力回归","特殊能力","每回合SP完全恢复","","7451:邪神（Lv17）","5"
"723","SPチャージ1.5倍","特殊アビリティ","SPの回復量が1.5倍になる","17:狂戦士（Lv8）","217:土精（Lv6）；284:竜人（Lv9）","10","SPチャージ1.5倍","特殊能力","SPの回復量が1.5倍になる","17:狂战士（Lv8）","217:土精（Lv6）；284:龙人（Lv9）","5"
"724","SPチャージ2倍","特殊アビリティ","SPの回復量が2倍になる","18:ベルセルク（Lv8）","218:土の精霊（Lv6）；285:覇竜（Lv6）","15","SP充能2倍","特殊能力","SP恢复量变为2倍","18:狂怒战士（Lv8）","218:土之精灵（Lv6）；285:霸龙（Lv6）","5"
"725","SPチャージ3倍","特殊アビリティ","SPの回復量が3倍になる","7015:メテオブレイカー（Lv9）","291:神竜（Lv3）","20","SP充能3倍","特殊能力","SP恢复量变为3倍","7015:流星破坏者（Lv9）","291:神龙（Lv3）","5"
"726","薬の知識1","特殊アビリティ","回復アイテムの効果が1.5倍になる","79:商人（Lv6）","319:アルラウネ（Lv6）","3","薬の知識1","特殊能力","回復アイテムの効果が1.5倍になる","79:商人（Lv6）","319:阿娜温（Lv6）","5"
"727","薬の知識2","特殊アビリティ","回復アイテムの効果が2倍になる","82:アイテム士（Lv9）","320:ハイアルラウネ（Lv8）","5","薬の知識2","特殊能力","恢复道具效果变为2倍","82:道具师（Lv9）","320:高等阿娜温（Lv8）","5"
"728","薬の知識3","特殊アビリティ","回復アイテムの効果が3倍になる","83:マスターアイテム（Lv9）","321:慈愛の聖花（Lv8）","10","薬の知識3","特殊能力","恢复道具的效果变为3倍","83:道具大师（Lv9）","321:慈爱的圣花（Lv8）","5"
"729","究極薬効","特殊アビリティ","回復アイテムの効果が5倍になる","7033:商神（Lv12）","326:クィーンアルラウネ（Lv9）；327:世界樹花（Lv7）；7431:千樹華音（Lv9）","15","究极药效","特殊能力","恢复道具的效果变为5倍","7033:商神（Lv12）","326:阿娜温女王（Lv9）；327:世界树之花（Lv7）；7431:千树华音（Lv9）","5"
"730","代謝アップ","特殊アビリティ","回復魔法やアイテムを受けた時の効果が2倍になる","123:料理人（Lv3）","293:陸棲種（Lv6）","3","代谢提升","特殊能力","受到恢复魔法或道具时的效果变为2倍","123:厨师（Lv3）","293:陆栖种（Lv6）","5"
"731","超代謝","特殊アビリティ","回復魔法やアイテムを受けた時の効果が3倍になる","124:トリプルコック（Lv3）","294:陸上魔類（Lv5）","5","超级代谢","特殊能力","受到恢复魔法或道具时的效果变为3倍","124:三星厨师（Lv3）","294:陆上魔类（Lv5）","5"
"732","究極代謝","特殊アビリティ","回復魔法やアイテムを受けた時の効果が5倍になる","125:味皇（Lv3）","295:エビルスピーシーズ（Lv7）","8","究极代谢","特殊能力","受到恢复魔法或道具时的效果变为5倍","125:味皇（Lv3）","295:邪恶精灵（Lv7）","5"
"733","アピール","特殊アビリティ","戦闘時、敵に狙われる確率が上がる","93:踊り子（Lv5）；7008:シールドナイト（Lv5）","151:人間（Lv5）；274:ハーピー（Lv9）","1","吸引","特殊能力","战斗时，被敌人盯上的概率提高","93:舞者（Lv5）；7008:盾骑士（Lv5）","151:人类（Lv5）；274:哈比（Lv9）","5"
"734","超アピール","特殊アビリティ","戦闘時、敵に狙われる確率が大きく上がる","94:戦巫女（Lv5）；7009:キャプテンシールド（Lv5）","275:ウィングハーピー（Lv8）","3","超吸引","特殊能力","战斗时，被敌人盯上的概率大幅提高","94:战巫女（Lv5）；7009:盾队长（Lv5）","275:翼身哈比（Lv8）","5"
"735","ハインド","特殊アビリティ","戦闘時、敵に狙われる確率が下がる","95:吟遊詩人（Lv5）","341:ミミック（Lv7）","1","隐蔽","特殊能力","战斗时，被敌人盯上的概率降低","95:吟游诗人（Lv5）","341:宝箱怪（Lv7）","5"
"736","超ハインド","特殊アビリティ","戦闘時、敵に狙われる確率が大きく下がる","96:神唱の歌姫（Lv5）","342:パンドラ（Lv3）","3","超级隐蔽","特殊能力","战斗时，被敌人盯上的概率大幅降低","96:神唱的歌姬（Lv5）","342:潘多拉（Lv3）","5"
"737","瀕死時二回行動","特殊アビリティ","瀕死時、1ターンに2回行動できる","","165:古神（Lv9）","10","濒死时两次行动","特殊能力","濒死时，1回合可以行动2次","","165:古神（Lv9）","5"
"738","二回行動","特殊アビリティ","1ターンに2回行動できる","7071:ジャッジメント（Lv18）；7072:ワールドブレイカー（Lv18）","","50","两次行动","特殊能力","1回合可以行动2次","7071:审判（Lv18）；7072:世界破坏者（Lv18）","","5"
"739","三回行動","特殊アビリティ","1ターンに3回行動できる","","","99","三次行动","特殊能力","1回合可以行动3次","","","5"
"740","バーサーカー","特殊アビリティ","常にバーサク状態になる","17:狂戦士（Lv7）","170:妖鬼（Lv8）","1","狂战士","特殊能力","常驻狂暴状态","17:狂战士（Lv7）","170:妖鬼（Lv8）","5"
"741","ハイバーサーカー","特殊アビリティ","常にバーサク・二回行動状態になる","18:ベルセルク（Lv4）","171:鬼神（Lv8）","3","超级狂暴者","特殊能力","常驻狂暴・二回行动状态","18:狂怒战士（Lv4）","171:鬼神（Lv8）","5"
"742","ゾンビ体質","特殊アビリティ","回復魔法でダメージを受け、バイオ属性で回復する
また即死魔法でHPが完全回復する","","328:ゾンビ（Lv1）","1","僵尸体质","特殊能力","受到恢复魔法伤害，生化属性恢复
同时即死魔法使HP完全恢复","","328:僵尸（Lv1）","5"
"743","瀕死時変身","特殊アビリティ","瀕死時、自動的に変身状態になる","","","5","濒死变身","特殊能力","濒死时，自动进入变身状态","","","5"
"744","不意打ち無効","特殊アビリティ","不意打ちを無効にする","62:シーフ（Lv9）","298:魔物狩り狩り（Lv4）","3","偷袭无效","特殊能力","无效化偷袭","62:盗贼（Lv9）","298:魔物狩猎（Lv4）","5"
"745","先制攻撃アップ","特殊アビリティ","先制攻撃が発生する確率が上がる","63:マスターシーフ（Lv3）","299:巨人殺し（Lv4）","3","先制攻击提升","特殊能力","先制攻击发生的概率提高","63:大师盗贼（Lv3）","299:巨人杀手（Lv4）","5"
"746","戦闘開始時SP増加","特殊アビリティ","戦闘開始時のSPが増加する","75:海兵（Lv9）","170:妖鬼（Lv9）；217:土精（Lv9）；7406:近接型ロイド（Lv5）","10","战斗开始时SP增加","特殊能力","战斗开始时的SP增加","75:海兵（Lv9）","170:妖鬼（Lv9）；217:土精（Lv9）；7406:近战型机器人（Lv5）","5"
"747","戦闘開始時SP最大","特殊アビリティ","戦闘開始時のSPが最大になる","76:海軍大将（Lv9）","171:鬼神（Lv9）；218:土の精霊（Lv9）；7407:アサルトロイド（Lv5）","20","战斗开始时SP最大","特殊能力","战斗开始时SP达到最大","76:海军大将（Lv9）","171:鬼神（Lv9）；218:土之精灵（Lv9）；7407:突击机器人（Lv5）","5"
"748","戦闘後小休止","特殊アビリティ","戦闘後、HPとMPを小回復","84:冒険家（Lv8）","","10","战斗后小休息","特殊能力","战斗后，HP和MP小幅恢复","84:冒险家（Lv8）","","5"
"749","戦闘後大休止","特殊アビリティ","戦闘後、HPとMPを中回復","85:レンジャー（Lv8）","","15","战斗后大休息","特殊能力","战斗后，HP和MP中幅恢复","85:游侠（Lv8）","","5"
"750","勝利の叫び","特殊アビリティ","戦闘後、HPとMPを大回復","7034:ラストサバイバー（Lv8）","","20","胜利的呐喊","特殊能力","战斗后，HP和MP大幅恢复","7034:最后幸存者（Lv8）","","5"
"751","勝利の雄叫び","特殊アビリティ","戦闘後、HPとMPを全回復","7051:混沌の勇者（Lv9）","","30","胜利的雄吼","特殊能力","战斗后，HP和MP完全恢复","7051:混沌的勇者（Lv9）","","5"
"752","経験値1.5倍","特殊アビリティ","獲得する経験値が1.5倍になる","134:貴族（Lv9）","","10","経験値1.5倍","特殊能力","獲得する経験値が1.5倍になる","134:贵族（Lv9）","","5"
"753","経験値2倍","特殊アビリティ","獲得する経験値が2倍になる","135:王（Lv9）；138:法王（Lv9）","","20","经验值2倍","特殊能力","获得的经验值变为2倍","135:王（Lv9）；138:教皇（Lv9）","","5"
"754","経験値3倍","特殊アビリティ","獲得する経験値が3倍になる","7050:覇王（Lv13）","","30","经验值3倍","特殊能力","获得的经验值变为3倍","7050:霸王（Lv13）","","5"
"755","職業経験値1.5倍","特殊アビリティ","獲得する職業経験値が1.5倍になる","130:マスターメイド（Lv10）","","10","職業経験値1.5倍","特殊能力","獲得する職業経験値が1.5倍になる","130:大师女仆（Lv10）","","5"
"756","職業経験値2倍","特殊アビリティ","獲得する職業経験値が2倍になる","131:パーフェクトメイド（Lv10）","","20","职业经验值2倍","特殊能力","获得职业经验值变为2倍","131:完美女仆（Lv10）","","5"
"757","職業経験値3倍","特殊アビリティ","獲得する職業経験値が3倍になる","7049:オールジョブラウンダー（Lv14）","","30","职业经验值3倍","特殊能力","获得职业经验值变为3倍","7049:全能职业者（Lv14）","","5"
"758","獲得ゴールド1.5倍","特殊アビリティ","獲得するゴールドが1.5倍になる","79:商人（Lv9）","","5","獲得ゴールド1.5倍","特殊能力","獲得するゴールドが1.5倍になる","79:商人（Lv9）","","5"
"759","獲得ゴールド2倍","特殊アビリティ","獲得するゴールドが2倍になる","80:闇商人（Lv9）","199:行商マーメイド（Lv9）","10","获得金币2倍","特殊能力","获得金币变为2倍","80:暗商人（Lv9）","199:行商人鱼（Lv9）","5"
"760","獲得ゴールド3倍","特殊アビリティ","獲得するゴールドが3倍になる","81:神の見えざる手（Lv9）","200:海運王ローレライ（Lv9）","15","获得金币3倍","特殊能力","获得金币变为3倍","81:无形的大手（Lv9）","200:海运王罗蕾莱（Lv9）","5"
"761","アイテムドロップ率1.5倍","特殊アビリティ","敵がアイテムを落とす確率が1.5倍になる","86:占い師（Lv9）","219:ダークフェアリー（Lv8）","5","アイテムドロップ率1.5倍","特殊能力","敵がアイテムを落とす確率が1.5倍になる","86:占卜师（Lv9）","219:暗黑妖精（Lv8）","5"
"762","アイテムドロップ率2倍","特殊アビリティ","敵がアイテムを落とす確率が2倍になる","87:ギャンブラー（Lv9）","220:アークフェアリー（Lv9）","10","物品掉落率2倍","特殊能力","敌人掉落物品的概率变为2倍","87:赌徒（Lv9）","220:大妖精（Lv9）","5"
"763","アイテムドロップ率3倍","特殊アビリティ","敵がアイテムを落とす確率が3倍になる","88:闇の賭博師（Lv9）","222:コスモフェアリー（Lv9）","15","物品掉落率3倍","特殊能力","敌人掉落物品的概率变为3倍","88:暗之赌徒（Lv9）","222:宇宙妖精（Lv9）","5"
"764","盗賊の解錠1","特殊アビリティ","青の宝箱が開けられるようになる","62:シーフ（Lv6）","","3","盗賊の解錠1","特殊能力","可以打开蓝色宝箱","62:盗贼（Lv6）","","5"
"765","盗賊の解錠2","特殊アビリティ","青・緑の宝箱が開けられるようになる","63:マスターシーフ（Lv7）","","5","盗賊の解錠2","特殊能力","可以打开蓝色和绿色的宝箱","63:大师盗贼（Lv7）","","5"
"766","盗賊の解錠3","特殊アビリティ","青・緑・プラチナの宝箱が開けられるようになる","64:トリックスター（Lv7）","","10","盗賊の解錠3","特殊能力","可以打开蓝色・绿色和铂金的宝箱","64:诡计之星（Lv7）","","5"
"767","仲間確率1.5倍","特殊アビリティ","モンスターが仲間になる確率が1.5倍になる","52:狩人（Lv9）","","10","仲間確率1.5倍","特殊能力","モンスターが仲間になる確率が1.5倍になる","52:猎人（Lv9）","","5"
"768","仲間確率2倍","特殊アビリティ","モンスターが仲間になる確率が2倍になる","59:魔物使い（Lv9）","","20","伙伴概率2倍","特殊能力","魔物成为同伴的概率变为2倍","59:魔物使（Lv9）","","5"
"769","仲間確率3倍","特殊アビリティ","モンスターが仲間になる確率が3倍になる","60:ドラゴン使い（Lv9）；61:デビルサマナー（Lv9）","","30","伙伴概率3倍","特殊能力","魔物成为同伴的概率变为3倍","60:龙使（Lv9）；61:恶魔召唤师（Lv9）","","5"
"770","盗む確率アップ1.5倍","特殊アビリティ","敵からアイテムを盗める確率が1.5倍になる","62:シーフ（Lv8）","","5","盗む確率アップ1.5倍","特殊能力","敵からアイテムを盗める確率が1.5倍になる","62:盗贼（Lv8）","","5"
"771","盗む確率アップ2倍","特殊アビリティ","敵からアイテムを盗める確率が2倍になる","63:マスターシーフ（Lv10）","","10","偷窃概率提升至2倍","特殊能力","从敌人那里偷取物品的概率变为2倍","63:大师盗贼（Lv10）","","5"
"772","盗む確率アップ3倍","特殊アビリティ","敵からアイテムを盗める確率が3倍になる","64:トリックスター（Lv8）","","15","偷窃概率提升至3倍","特殊能力","从敌人那里偷取物品的概率变为3倍","64:诡计之星（Lv8）","","5"
"773","踊り状態異常率アップ","特殊アビリティ","踊り使用時のステータス異常発生率がアップする","100:スーパースター（Lv4）","216:風の精霊（Lv7）；281:クィーンハーピー（Lv7）；307:竜宮姫（Lv7）；348:アカデミードール（Lv5）","10","舞蹈状态异常率提升","特殊能力","跳舞时状态异常发生率提升","100:超级巨星（Lv4）","216:风之精灵（Lv7）；281:哈比女王（Lv7）；307:龙宫姬（Lv7）；348:学院人偶（Lv5）","5"
"774","歌状態異常率アップ","特殊アビリティ","歌使用時のステータス異常発生率がアップする","100:スーパースター（Lv6）","201:クィーンマーメイド（Lv8）；307:竜宮姫（Lv6）；348:アカデミードール（Lv8）","10","歌唱状态异常率提升","特殊能力","唱歌时状态异常发生率提升","100:超级巨星（Lv6）","201:人鱼女王（Lv8）；307:龙宫姬（Lv6）；348:学院人偶（Lv8）","5"
"775","淫技状態異常率アップ","特殊アビリティ","淫技使用時のステータス異常発生率がアップする","67:淫流くのいち（Lv7）","182:クィーンサキュバス（Lv5）","10","淫技状态异常率提升","特殊能力","淫技使用时状态异常发生率提升","67:淫流女忍（Lv7）","182:魅魔女王（Lv5）","5"
"776","魔眼状態異常率アップ","特殊アビリティ","魔眼使用時のステータス異常発生率がアップする","","162:神魔（Lv7）；192:クィーンヴァンパイア（Lv9）；263:クィーンラミア（Lv5）","10","魔眼状态异常率提升","特殊能力","魔眼使用时状态异常发生率提升","","162:神魔（Lv7）；192:吸血鬼女王（Lv9）；263:拉米亚女王（Lv5）","5"
"777","花粉状態異常率アップ","特殊アビリティ","花粉使用時のステータス異常発生率がアップする","","326:クィーンアルラウネ（Lv5）","10","花粉状态异常率提升","特殊能力","花粉使用时状态异常发生率提升","","326:阿娜温女王（Lv5）","5"
"778","群体生命","特殊アビリティ","自爆技でのHP消費量がダウンする","","230:クィーンスライム（Lv7）","15","群体生命","特殊能力","自爆技的HP消耗量下降","","230:史莱姆女王（Lv7）","5"
"779","闇の契約","特殊アビリティ","闇属性スキルを使用した際のHP消費が半減する","117:マスターシャーマン（Lv5）","152:魔人（Lv4）；166:魔王（Lv12）","15","暗之契约","特殊能力","使用暗属性技能时的HP消耗减半","117:大师萨满（Lv5）","152:魔人（Lv4）；166:魔王（Lv12）","5"
"780","闇の支配者","特殊アビリティ","闇属性スキルを使用した際のHP消費がなくなる","","153:魔神（Lv5）；7414:大魔王（Lv13）","30","暗之支配者","特殊能力","使用暗属性技能时HP消耗消失","","153:魔神（Lv5）；7414:大魔王（Lv13）","5"
"781","森強化","特殊アビリティ","森での戦闘時、能力値が20%アップする","53:ボウマスター（Lv6）","203:エルフ（Lv9）","5","森林强化","特殊能力","在森林战斗时，能力值提升20%","53:弓箭大师（Lv6）","203:精灵（Lv9）","5"
"782","森超強化","特殊アビリティ","森での戦闘時、能力値が40%アップする","54:神弓手（Lv6）；55:影狩人（Lv6）","207:ワンダーエルフ（Lv8）","10","森林超强化","特殊能力","在森林战斗时，能力值提升40%","54:神射手（Lv6）；55:影猎人（Lv6）","207:奇迹精灵（Lv8）","5"
"783","砂漠強化","特殊アビリティ","砂漠での戦闘時、能力値が20%アップする","84:冒険家（Lv3）","309:妖虫（Lv10）","5","沙漠强化","特殊能力","在沙漠战斗时，能力值提升20%","84:冒险家（Lv3）","309:妖虫（Lv10）","5"
"784","砂漠超強化","特殊アビリティ","砂漠での戦闘時、能力値が40%アップする","85:レンジャー（Lv3）","317:クィーンインセクト（Lv9）","10","沙漠超强化","特殊能力","在沙漠战斗时，能力值提升40%","85:游侠（Lv3）","317:昆虫女王（Lv9）","5"
"785","海強化","特殊アビリティ","海での戦闘時、能力値が20%アップする","68:海賊（Lv5）；75:海兵（Lv5）","194:マーメイド（Lv9）；289:海竜（Lv9）；301:海棲種（Lv9）","5","海洋强化","特殊能力","在海洋战斗时，能力值提升20%","68:海贼（Lv5）；75:海兵（Lv5）","194:人鱼（Lv9）；289:海龙（Lv9）；301:海栖种（Lv9）","5"
"786","海超強化","特殊アビリティ","海での戦闘時、能力値が40%アップする","69:海賊王（Lv5）；76:海軍大将（Lv5）","290:リヴァイアサン（Lv9）；302:海洋搾精種（Lv7）","10","海洋超强化","特殊能力","在海洋战斗时，能力值提升40%","69:海贼王（Lv5）；76:海军大将（Lv5）","290:利维坦（Lv9）；302:海洋榨精种（Lv7）","5"
"787","深海強化","特殊アビリティ","深海での戦闘時、能力値が20%アップする","","304:深海搾精種（Lv7）","5","深海强化","特殊能力","在深海战斗时，能力值提升20%","","304:深海榨精种（Lv7）","5"
"788","深海超強化","特殊アビリティ","深海での戦闘時、能力値が40%アップする","","305:深淵の主（Lv8）","10","深海超强化","特殊能力","在深海战斗时，能力值提升40%","","305:深渊之主（Lv8）","5"
"789","洞窟強化","特殊アビリティ","洞窟での戦闘時、能力値が20%アップする","84:冒険家（Lv3）","341:ミミック（Lv8）","5","洞穴强化","特殊能力","在洞穴战斗时，能力值提升20%","84:冒险家（Lv3）","341:宝箱怪（Lv8）","5"
"790","洞窟超強化","特殊アビリティ","洞窟での戦闘時、能力値が40%アップする","85:レンジャー（Lv3）","342:パンドラ（Lv7）","10","洞穴超强化","特殊能力","在洞穴战斗时，能力值提升40%","85:游侠（Lv3）","342:潘多拉（Lv7）","5"
"791","市街強化","特殊アビリティ","市街での戦闘時、能力値が20%アップする","73:王宮騎士（Lv6）","298:魔物狩り狩り（Lv3）","5","城市强化","特殊能力","在城市战斗时，能力值提升20%","73:王宫骑士（Lv6）","298:魔物狩猎（Lv3）","5"
"792","市街超強化","特殊アビリティ","市街での戦闘時、能力値が40%アップする","74:ナイツオブラウンド（Lv6）","299:巨人殺し（Lv3）","10","市街超强化","特殊能力","在市街战斗时，能力值提升40%","74:圆桌骑士（Lv6）","299:巨人杀手（Lv3）","5"
"793","床ダメージ半減","特殊アビリティ","毒沼やバリアで受ける移動ダメージを半減する","84:冒険家（Lv7）","351:下位アポトーシス（Lv4）","2","地面伤害减半","特殊能力","在毒沼或屏障中受到的移动伤害减半","84:冒险家（Lv7）","351:下位凋零者（Lv4）","5"
"794","床ダメージ無効","特殊アビリティ","毒沼やバリアで受ける移動ダメージを無効化する","85:レンジャー（Lv7）","352:上位アポトーシス（Lv4）","5","地面伤害无效","特殊能力","在毒沼或屏障中受到的移动伤害无效化","85:游侠（Lv7）","352:上位凋零者（Lv4）","5"
"795","エンカウント半分","特殊アビリティ","敵と遭遇する確率が半分になる","92:遊び人（Lv2）","","1","遭遇率减半","特殊能力","敌人遭遇率减半","92:游人（Lv2）","","5"
"796","エンカウントなし","特殊アビリティ","敵と遭遇しなくなる（特殊な敵は除く）","91:ゴッドファーザー（Lv3）","","2","无遭遇","特殊能力","敵と遭遇しなくなる（特殊な敵は除く）","91:教父（Lv3）","","5"
"797","エンカウント2倍","特殊アビリティ","敵と遭遇する確率が2倍になる","92:遊び人（Lv2）","","1","遭遇率加倍","特殊能力","敌人遭遇率加倍","92:游人（Lv2）","","5"
"798","エンカウント5倍","特殊アビリティ","敵と遭遇する確率が5倍になる","92:遊び人（Lv9）","","2","遭遇率五倍","特殊能力","敌人遭遇率五倍","92:游人（Lv9）","","5"
"799","捨て身の修行","特殊アビリティ","最大HPが半分になるが、獲得経験値が1.5倍になる","","151:人間（Lv6）","1","舍身修行","特殊能力","最大HPが半分になるが、獲得経験値が1.5倍になる","","151:人类（Lv6）","5"
"800","瀕死の修行","特殊アビリティ","最大HPが1/100になるが、獲得経験値が2倍になる","","151:人間（Lv9）","1","濒死修行","特殊能力","最大HPが1/100になるが、獲得経験値が2倍になる","","151:人类（Lv9）","5"
"801","快楽のとりこ","特殊アビリティ","快楽ダメージが2倍になるが、獲得経験値が50%アップする","141:見習い勇者（Lv6）","","1","快乐俘虏","特殊能力","快乐伤害变为2倍，但获得的经验值提升50%","141:见习勇者（Lv6）","","5"
"802","経験値優先修行","特殊アビリティ","獲得経験値が1.5倍になるが、獲得職業経験値は半分になる","","151:人間（Lv2）","1","经验优先修行","特殊能力","獲得経験値が1.5倍になるが、獲得職業経験値は半分になる","","151:人类（Lv2）","5"
"803","経験値専念修行","特殊アビリティ","獲得経験値が2倍になるが、職業経験値は得られない","","151:人間（Lv7）","1","经验专注修行","特殊能力","获得的经验值变为2倍，但无法获得职业经验值","","151:人类（Lv7）","5"
"804","職業優先修行","特殊アビリティ","獲得職業経験値が1.5倍になるが、獲得経験値は半分になる","","151:人間（Lv3）","3","职业优先修行","特殊能力","獲得職業経験値が1.5倍になるが、獲得経験値は半分になる","","151:人类（Lv3）","5"
"805","職業専念修行","特殊アビリティ","獲得職業経験値が2倍になるが、経験値は得られない","","151:人間（Lv8）","3","职业专注修行","特殊能力","获得的职业经验值变为2倍，但无法获得经验值","","151:人类（Lv8）","5"
"806","遊び好き","特殊アビリティ","獲得経験値が1.5倍になるが、戦闘中勝手に遊ぶ事がある","92:遊び人（Lv7）","","1","爱玩","特殊能力","獲得経験値が1.5倍になるが、戦闘中勝手に遊ぶ事がある","92:游人（Lv7）","","5"
"807","魔技ブースター","特殊アビリティ","「魔技」によるダメージが15%アップする","","159:上級妖魔（Lv9）；168:妖怪（Lv9）；185:ノスフェラトゥ（Lv9）","10","魔技增强","特殊能力","「魔技」造成的伤害增加15%","","159:上级妖魔（Lv9）；168:妖怪（Lv9）；185:诺斯费拉图（Lv9）","5"
"808","魔技ハイブースター","特殊アビリティ","「魔技」によるダメージが30%アップする","","160:妖魔貴族（Lv9）；169:妖神（Lv9）；186:夜の帝王（Lv9）","20","魔技高级增强","特殊能力","「魔技」造成的伤害增加30%","","160:妖魔贵族（Lv9）；169:妖神（Lv9）；186:夜之帝王（Lv9）","5"
"809","魔技エクスブースター","特殊アビリティ","「魔技」によるダメージが50%アップする","","166:魔王（Lv14）；174:妖怪王（Lv16）；193:ドラキュリーナ（Lv17）；212:クィーンエルフ（Lv8）","30","魔技极限增强","特殊能力","「魔技」造成的伤害增加50%","","166:魔王（Lv14）；174:妖怪王（Lv16）；193:德古莉娜（Lv17）；212:精灵女王（Lv8）","5"
"810","海技ブースター","特殊アビリティ","「海技」によるダメージが15%アップする","","195:ハイマーメイド（Lv9）","10","海技增强","特殊能力","「海技」造成的伤害增加15%","","195:高等人鱼（Lv9）","5"
"811","海技ハイブースター","特殊アビリティ","「海技」によるダメージが30%アップする","","196:ローレライ（Lv9）","20","海技高级增强","特殊能力","「海技」造成的伤害增加30%","","196:罗蕾莱（Lv9）","5"
"812","海技エクスブースター","特殊アビリティ","「海技」によるダメージが50%アップする","","202:伝説の神魚（Lv15）","30","海技极限增强","特殊能力","「海技」造成的伤害增加50%","","202:传说之神鱼（Lv15）","5"
"813","自然感応ブースター","特殊アビリティ","「自然感応」によるダメージが15%アップする","","206:フォレストエルフ（Lv10）；215:風精（Lv8）","10","自然感应增强","特殊能力","「自然感应」造成的伤害增加15%","","206:森林精灵（Lv10）；215:风精灵（Lv8）","5"
"814","自然感応ハイブースター","特殊アビリティ","「自然感応」によるダメージが30%アップする","","207:ワンダーエルフ（Lv9）；216:風の精霊（Lv8）","20","自然感应高级增强","特殊能力","「自然感应」造成的伤害增加30%","","207:奇迹精灵（Lv9）；216:风之精灵（Lv8）","5"
"815","自然感応エクスブースター","特殊アビリティ","「自然感応」によるダメージが50%アップする","","212:クィーンエルフ（Lv9）；222:コスモフェアリー（Lv16）","30","自然感应极限增强","特殊能力","「自然感应」造成的伤害提升50%","","212:精灵女王（Lv9）；222:宇宙妖精（Lv16）","5"
"816","粘液技ブースター","特殊アビリティ","「粘液技」によるダメージが15%アップする","","228:肉食スライム（Lv9）","10","粘液技增强","特殊能力","「粘液技」造成的伤害提升15%","","228:肉食史莱姆（Lv9）","5"
"817","粘液技ハイブースター","特殊アビリティ","「粘液技」によるダメージが30%アップする","","229:淫酷の粘妖（Lv9）","20","粘液技高级增强","特殊能力","「粘液技」造成的伤害提升30%","","229:淫酷粘妖（Lv9）","5"
"818","粘液技エクスブースター","特殊アビリティ","「粘液技」によるダメージが50%アップする","","231:究極群体生命（Lv17）","30","粘液技极限增强","特殊能力","「粘液技」造成的伤害提升50%","","231:究极群体生命（Lv17）","5"
"819","獣技ブースター","特殊アビリティ","「獣技」によるダメージが15%アップする","","233:ルナティックビースト（Lv9）；248:狐魔獣（Lv9）","10","兽技增强","特殊能力","「兽技」造成的伤害提升15%","","233:月夜狂兽（Lv9）；248:狐魔兽（Lv9）","5"
"820","獣技ハイブースター","特殊アビリティ","「獣技」によるダメージが30%アップする","","234:血塗られた狂獣（Lv9）；249:上級狐魔獣（Lv9）","20","兽技高级增强","特殊能力","「兽技」造成的伤害提升30%","","234:血染的狂兽（Lv9）；249:上级狐魔兽（Lv9）","5"
"821","獣技エクスブースター","特殊アビリティ","「獣技」によるダメージが50%アップする","","244:百獣王（Lv18）；253:零尾の狐（Lv16）","30","兽技极限增强","特殊能力","「兽技」造成的伤害提升50%","","244:百兽王（Lv18）；253:零尾之狐（Lv16）","5"
"822","蛇技ブースター","特殊アビリティ","「蛇技」によるダメージが15%アップする","","255:ラミアンボア（Lv9）","10","蛇技增强","特殊能力","「蛇技」造成的伤害提升15%","","255:拉米亚波亚（Lv9）","5"
"823","蛇技ハイブースター","特殊アビリティ","「蛇技」によるダメージが30%アップする","","256:ラミアンナイトメア（Lv9）","20","蛇技高级增强","特殊能力","「蛇技」造成的伤害提升30%","","256:梦魇拉米亚（Lv9）","5"
"824","蛇技エクスブースター","特殊アビリティ","「蛇技」によるダメージが50%アップする","","264:ウロボロス（Lv19）","30","蛇技极限增强","特殊能力","「蛇技」造成的伤害提升50%","","264:衔尾蛇（Lv19）","5"
"825","触手技ブースター","特殊アビリティ","「触手技」によるダメージが15%アップする","","266:ハイスキュラ（Lv9）；304:深海搾精種（Lv9）","10","触手技增强","特殊能力","「触手技」造成的伤害提升15%","","266:高等斯库拉（Lv9）；304:深海榨精种（Lv9）","5"
"826","触手技ハイブースター","特殊アビリティ","「触手技」によるダメージが30%アップする","","267:エルダースキュラ（Lv9）；305:深淵の主（Lv9）","20","触手技高级增强","特殊能力","「触手技」造成的伤害提升30%","","267:长老斯库拉（Lv9）；305:深渊之主（Lv9）","5"
"827","触手技エクスブースター","特殊アビリティ","「触手技」によるダメージが50%アップする","","273:インフィニティスキュラ（Lv19）","30","触手技极限增强","特殊能力","「触手技」造成的伤害提升50%","","273:无限斯库拉（Lv19）","5"
"828","翼技ブースター","特殊アビリティ","「翼技」によるダメージが15%アップする","","275:ウィングハーピー（Lv9）","10","翼技增强","特殊能力","「翼技」造成的伤害提升15%","","275:翼身哈比（Lv9）","5"
"829","翼技ハイブースター","特殊アビリティ","「翼技」によるダメージが30%アップする","","276:エルダーハーピー（Lv9）","20","翼技高级增强","特殊能力","「翼技」造成的伤害提升30%","","276:长老哈比（Lv9）","5"
"830","翼技エクスブースター","特殊アビリティ","「翼技」によるダメージが50%アップする","","282:神鳥（Lv18）","30","翼技极限增强","特殊能力","「翼技」造成的伤害提升50%","","282:神鸟（Lv18）","5"
"831","ブレスブースター","特殊アビリティ","「ブレス」によるダメージが15%アップする","","289:海竜（Lv9）；355:三種混合体（Lv9）","10","吐息增强","特殊能力","「吐息」造成的伤害提升15%","","289:海龙（Lv9）；355:三重混合体（Lv9）","5"
"832","ブレスハイブースター","特殊アビリティ","「ブレス」によるダメージが30%アップする","","290:リヴァイアサン（Lv6）；356:ギガミュータント（Lv9）","20","吐息高级增强","特殊能力","「吐息」造成的伤害提升30%","","290:利维坦（Lv6）；356:巨型突变体（Lv9）","5"
"833","ブレスエクスブースター","特殊アビリティ","「ブレス」によるダメージが50%アップする","","291:神竜（Lv16）；361:ウェポンタイプ（Lv18）","30","吐息极限增强","特殊能力","「吐息」造成的伤害提升50%","","291:神龙（Lv16）；361:武器类型（Lv18）","5"
"834","虫技ブースター","特殊アビリティ","「虫技」によるダメージが15%アップする","","310:闇蟲（Lv9）","10","虫技增强","特殊能力","「虫技」造成的伤害提升15%","","310:暗虫（Lv9）","5"
"835","虫技ハイブースター","特殊アビリティ","「虫技」によるダメージが30%アップする","","311:冥蟲（Lv9）","20","虫技高级增强","特殊能力","「虫技」造成的伤害提升30%","","311:冥虫（Lv9）","5"
"836","虫技エクスブースター","特殊アビリティ","「虫技」によるダメージが50%アップする","","318:神蟲（Lv19）","30","虫技极限增强","特殊能力","「虫技」造成的伤害提升50%","","318:神虫（Lv19）","5"
"837","植物技ブースター","特殊アビリティ","「植物技」によるダメージが15%アップする","","320:ハイアルラウネ（Lv9）","10","植物技增强","特殊能力","「植物技」造成的伤害提升15%","","320:高等阿娜温（Lv9）","5"
"838","植物技ハイブースター","特殊アビリティ","「植物技」によるダメージが30%アップする","","321:慈愛の聖花（Lv9）","20","植物技高级增强","特殊能力","「植物技」造成的伤害提升30%","","321:慈爱的圣花（Lv9）","5"
"839","植物技エクスブースター","特殊アビリティ","「植物技」によるダメージが50%アップする","","327:世界樹花（Lv19）","30","植物技极限增强","特殊能力","「植物技」造成的伤害提升50%","","327:世界树之花（Lv19）","5"
"840","屍技ブースター","特殊アビリティ","「屍技」によるダメージが15%アップする","","329:ハイアンデッド（Lv9）；341:ミミック（Lv9）","10","尸技增强","特殊能力","「尸技」造成的伤害提升15%","","329:高级不死族（Lv9）；341:宝箱怪（Lv9）","5"
"841","屍技ハイブースター","特殊アビリティ","「屍技」によるダメージが30%アップする","","330:マスターアンデッド（Lv9）；342:パンドラ（Lv9）","20","尸技高级增强","特殊能力","「尸技」造成的伤害提升30%","","330:大师不死族（Lv9）；342:潘多拉（Lv9）","5"
"842","屍技エクスブースター","特殊アビリティ","「屍技」によるダメージが50%アップする","","335:カオスアンデッド（Lv19）；343:エターニティ（Lv18）","30","尸技极限增强","特殊能力","「尸技」造成的伤害提升50%","","335:混沌不死族（Lv19）；343:永恒（Lv18）","5"
"843","造技ブースター","特殊アビリティ","「造技」によるダメージが15%アップする","","345:エビルマータ（Lv9）；346:フォースドール（Lv5）；359:キメラロイド（Lv9）；7402:サイボーグ（Lv9）；7404:射撃型ロイド（Lv8）；7406:近接型ロイド（Lv9）","10","造技增强","特殊能力","「造技」造成的伤害提升15%","","345:邪恶标记（Lv9）；346:强制人偶（Lv5）；359:奇美拉机器人（Lv9）；7402:电子人（Lv9）；7404:射击型机器人（Lv8）；7406:近战型机器人（Lv9）","5"
"844","造技ハイブースター","特殊アビリティ","「造技」によるダメージが30%アップする","","346:フォースドール（Lv9）；360:機神（Lv9）；7403:ナノアンドロイド（Lv9）；7405:バスターロイド（Lv8）；7407:アサルトロイド（Lv9）","20","造技高级增强","特殊能力","「造技」造成的伤害提升30%","","346:强制人偶（Lv9）；360:机神（Lv9）；7403:纳米仿生人（Lv9）；7405:破坏者机器人（Lv8）；7407:突击机器人（Lv9）","5"
"845","造技エクスブースター","特殊アビリティ","「造技」によるダメージが50%アップする","","353:究極至高人形（Lv19）；361:ウェポンタイプ（Lv19）；7443:アサルトバスター（Lv19）","30","造技极限增强","特殊能力","「造技」造成的伤害提升50%","","353:究极至高人偶（Lv19）；361:武器类型（Lv19）；7443:突击破坏者（Lv19）","5"
"846","全武器装備可能","特殊アビリティ","全ての武器が装備可能になる","7028:パーフェクトアームズ（Lv4）","","10","可以装备全武器","特殊能力","变得可以装备全武器","7028:完美武器（Lv4）","","5"
"847","全防具装備可能","特殊アビリティ","全ての防具が装備可能になる","7070:英雄王（Lv8）","","10","可以装备全防具","特殊能力","变得可以装备全防具","7070:英雄王（Lv8）","","5"
"848","「魔技」使用可能","特殊アビリティ","「魔技」が使用可能になる","","165:古神（Lv5）；192:クィーンヴァンパイア（Lv4）","5","「魔技」使用可能","特殊能力","可以使用「魔技」","","165:古神（Lv5）；192:吸血鬼女王（Lv4）","5"
"849","「海技」使用可能","特殊アビリティ","「海技」が使用可能になる","","201:クィーンマーメイド（Lv7）","5","「海技」使用可能","特殊能力","可以使用「海技」","","201:人鱼女王（Lv7）","5"
"850","「粘液技」使用可能","特殊アビリティ","「粘液技」が使用可能になる","","230:クィーンスライム（Lv5）","5","「粘液技」使用可能","特殊能力","可以使用「粘液技」","","230:史莱姆女王（Lv5）","5"
"851","「獣技」使用可能","特殊アビリティ","「獣技」が使用可能になる","7000:ワイルドハート（Lv6）","236:疾空の魔獣（Lv7）","5","「兽技」可以使用","特殊能力","可以使用「兽技」","7000:野性之心（Lv6）","236:疾空魔兽（Lv7）","5"
"852","「蛇技」使用可能","特殊アビリティ","「蛇技」が使用可能になる","","263:クィーンラミア（Lv7）","5","「蛇技」可用","特殊能力","「蛇技」变得可用","","263:拉米亚女王（Lv7）","5"
"853","「触手技」使用可能","特殊アビリティ","「触手技」が使用可能になる","","272:クィーンスキュラ（Lv7）","5","「触手技」可用","特殊能力","「触手技」变得可用","","272:斯库拉女王（Lv7）","5"
"854","「翼技」使用可能","特殊アビリティ","「翼技」が使用可能になる","","281:クィーンハーピー（Lv5）","5","「翼技」可用","特殊能力","「翼技」变得可用","","281:哈比女王（Lv5）","5"
"855","「虫技」使用可能","特殊アビリティ","「虫技」が使用可能になる","","317:クィーンインセクト（Lv7）","5","「虫技」可用","特殊能力","「虫技」变得可用","","317:昆虫女王（Lv7）","5"
"856","「植物技」使用可能","特殊アビリティ","「植物技」が使用可能になる","","326:クィーンアルラウネ（Lv6）","5","「植物技」可用","特殊能力","「植物技」变得可用","","326:阿娜温女王（Lv6）","5"
"857","「屍技」使用可能","特殊アビリティ","「屍技」が使用可能になる","","338:マスターシャドウ（Lv6）","5","「尸技」可用","特殊能力","「尸技」变得可用","","338:幽影之主（Lv6）","5"
"858","「造技」使用可能","特殊アビリティ","「造技」が使用可能になる","","358:フォースミュータント（Lv9）；7401:試作ロイド（Lv8）","5","「造技」可用","特殊能力","「造技」变得可用","","358:力量突变体（Lv9）；7401:试作型机器人（Lv8）","5"
"859","「自然感応」使用可能","特殊アビリティ","「自然感応」が使用可能になる","","221:クィーンフェアリー（Lv4）","5","「自然感应」可用","特殊能力","「自然感应」变得可用","","221:妖精女王（Lv4）","5"
"860","「ブレス」使用可能","特殊アビリティ","「ブレス」が使用可能になる","","280:ガルーダ（Lv9）；288:バハムート（Lv9）；290:リヴァイアサン（Lv9）","5","「吐息」可用","特殊能力","「吐息」变得可用","","280:迦楼罗（Lv9）；288:巴哈姆特（Lv9）；290:利维坦（Lv9）","5"
"861","全スキル使用可能","特殊アビリティ","全てのスキルが使用可能になる","7077:職無キ者（Lv16）","","40","所有技能可用","特殊能力","所有技能变得可用","7077:无职者（Lv16）","","5"
"862","魔物技二連続発動","特殊アビリティ","魔物スキルが二回連続で発動、消費量が1.5倍になる","7073:破滅事象（Lv18）","7414:大魔王（Lv15）","30","魔物技二連続発動","特殊能力","魔物スキルが二回連続で発動、消費量が1.5倍になる","7073:破灭事象（Lv18）","7414:大魔王（Lv15）","5"
"863","背水の陣","特殊アビリティ","戦闘開始時に瀕死になり、全能力が上昇する","","","1","背水之阵","特殊能力","战斗开始时濒死，全能力提升","","","5"
"864","反回復の陣","特殊アビリティ","最大HPが1.5倍になるが、回復スキルやターンHP回復が無効になる","","","1","反回复之阵","特殊能力","最大HPが1.5倍になるが、回復スキルやターンHP回復が無効になる","","","5"
"865","属性否定の陣","特殊アビリティ","通常攻撃属性が物理のみになるが、通常攻撃ダメージが100%上昇","","","1","属性否定之阵","特殊能力","普通攻击属性变为物理属性，普通攻击伤害提升100%","","","5"
"866","七つの世界の勇者達","特殊アビリティ","「夜の国」の力で、全ての攻撃に快楽属性が宿る","","","15","七世界的勇者们","特殊能力","「夜之国」的力量，所有攻击附加快乐属性","","","5"
"867","セックスバトル封印","特殊アビリティ","「淫技」が使用不可能になるが、全能力が10%アップする","","","1","性战斗封印","特殊能力","「淫技」无法使用，但全能力提升10%","","","5"
"873","酒飲み羊","特殊アビリティ","反撃率と会心がアップし、敵に狙われる確率が少し低い
指示を無視して酒を飲む事がある","","","1","酒鬼羊","特殊能力","反击率和会心提升，被敌人瞄准的概率略低
有时会无视命令喝酒","","","5"
"874","器用貧乏淫魔","特殊アビリティ","どんな職業・種族でも様々な職業スキルを使用できる
戦闘中、勝手にオラクル技を使用する事がある","","","1","笨拙淫魔","特殊能力","无论什么职业・种族都能使用各种职业技能
战斗中有时会擅自使用神谕","","","5"
"875","残念なマーメイド","特殊アビリティ","「商技」の消費ゴールドが1/2になる
敵に狙われる確率が極端に低く、まれに突然死する","","","1","残念的人鱼","特殊能力","「商技」の消費ゴールドが1/2になる
被敌人瞄准的概率极低，偶尔会突然死亡","","","5"
"876","酔いどれおかしら","特殊アビリティ","「海賊技」を使用可能、威力がアップ
指示を無視して酒を飲む事がある","","","1","醉醺醺的船长","特殊能力","可以使用「海贼技」，威力提升
有时会无视命令喝酒","","","5"
"877","魁の忍","特殊アビリティ","忍術が使用可能になり、速攻で発動する","","","5","魁忍","特殊能力","可以使用忍术，快速发动","","","5"
"878","魔法少女まじかる☆りじぇお","特殊アビリティ","戦闘開始時、魔法少女に変身する事がある
淫技の威力が魔力に依存する","","","5","魔法少女Magical☆莉洁奥","特殊能力","战斗开始时，有时会变身成魔法少女
淫技的威力取决于魔力","","","5"
"879","キズナの指輪","特殊アビリティ","「召喚」が使用でき、マイルームの仲間達を召喚可能
「召喚」の威力が少しアップし、器用さに依存する","","","1","羁绊之戒","特殊能力","可以使用「召唤」，可以召唤我的房间的伙伴
「召唤」的威力稍微提升，取决于灵巧","","","5"
"880","出世貧乏淫魔","特殊アビリティ","「王技」と様々な職業スキルを使用可能
戦闘中、勝手にオラクル技を使用する事がある","","","1","出人头地的淫魔","特殊能力","可以使用「王技」和各种职业技能
战斗中有时会擅自使用神谕","","","5"
"881","レインボーの力","特殊アビリティ","七つの大罪の力が全て同時発動する","","","1","彩虹之力","特殊能力","七宗罪的力量同时发动","","","5"
"882","白兎の目","特殊アビリティ","会心率と会心ダメージがアップし、物理属性に修羅属性を付加
修羅属性と「勇者技」の威力が大幅にアップする","","","1","白兔之眼","特殊能力","会心率和会心伤害提升，物理属性附加修罗属性
修罗属性和「勇者技」的威力大幅提升","","","5"
"883","四天王の誓い","特殊アビリティ","アリスがパーティにいると能力アップ
聖属性および闇属性のダメージを軽減する","","","1","四天王的誓言","特殊能力","爱丽丝在队伍中时能力提升
减轻圣属性和暗属性的伤害","","","5"
"884","魔法少女の誓い","特殊アビリティ","変身しなくてもヒーロー技を使用可能、威力が攻撃力依存になる
「ヒーロー技」「刀技」「剣技」の順にチェーン発動、かつ各種強化","","","1","魔法少女的誓言","特殊能力","即使不变身也可以使用英雄技，威力取决于攻击力
「英雄技」「刀技」「剑技」按顺序连锁发动，并且各自强化","","","5"
"885","合一クロムちゃんなのじゃ！","特殊アビリティ","魔力・精神力・器用さがアップ
「召喚」「マキナ」「医術」の威力が大幅にアップ","","","1","合一クロムちゃんなのじゃ！","特殊能力","魔力・精神力・灵巧提升
「召唤」「器械」「医术」的威力大幅提升","","","5"
"886","魅凪の弟子","特殊アビリティ","全攻撃にナイトメア属性が付加かつ耐性貫通
敵の攻撃を無効化し天地開闢拳で反撃、かつ各種強化","","","1","魅凪的弟子","特殊能力","所有攻击附加噩梦属性且耐性贯通
敌人的攻击无效化并以天地开辟拳反击，且各种强化","","","5"
"887","酔いどれ陰陽剣士","特殊アビリティ","全攻撃にナイトメア属性が付加かつ耐性貫通
敵の攻撃を無効化し天地開闢拳で反撃、かつ各種強化","","","1","酩酊阴阳剑士","特殊能力","所有攻击附加噩梦属性且耐性贯通
敌人的攻击无效化并以天地开辟拳反击，且各种强化","","","5"
"3224","ランダム：闇の罰ゲーム1","戦技アビリティ","スキル1990","","","0","ランダム：闇の罰ゲーム1","战技能力","スキル1990","","","1"
"3225","ランダム：闇の罰ゲーム2","戦技アビリティ","スキル1990","","","0","ランダム：闇の罰ゲーム2","战技能力","スキル1990","","","1"
"4942","触手全身責め","戦技アビリティ","","","","0","触手全身责备","战技能力","","","","1"
"4943","触手乳首責め","戦技アビリティ","","","","0","触手乳头责备","战技能力","","","","1"
"4944","触手乳首責め","戦技アビリティ","","","","0","触手乳头责备","战技能力","","","","1"
"4945","触手股間責め","戦技アビリティ","","","","0","触手胯下责备","战技能力","","","","1"
"4946","触手股間責め","戦技アビリティ","","","","0","触手胯下责备","战技能力","","","","1"
"4947","触手アナル責め","戦技アビリティ","","","","0","触手肛门责备","战技能力","","","","1"
"5054","ヌルヌル触手全身責め","戦技アビリティ","","","","0","黏滑触手全身责罚","战技能力","","","","1"
"5055","ヌルヌル触手股間責め","戦技アビリティ","","","","0","黏滑触手股间责罚","战技能力","","","","1"
"5056","ヌルヌル触手股間責め","戦技アビリティ","","","","0","黏滑触手股间责罚","战技能力","","","","1"
"6301","HP75%アップ","戦技アビリティ","最大HPが75%アップする","7032:エクセルシオール（Lv3）；7070:英雄王（Lv3）；7073:破滅事象（Lv3）","7421:カナデ（Lv3）；7428:次元侵蝕者（Lv3）；7429:名状しがたきもの（Lv3）；7432:ノーライフキング（Lv3）；7435:オメガタイプ（Lv3）；7440:天界決戦兵器（Lv3）；7446:星喰い（Lv3）","20","HP提升75%","战技能力","最大HP提升75%","7032:破界英雄（Lv3）；7070:英雄王（Lv3）；7073:破灭事象（Lv3）","7421:祸抚（Lv3）；7428:次元侵蚀者（Lv3）；7429:不可名状之物（Lv3）；7432:无生之王（Lv3）；7435:欧米伽之型（Lv3）；7440:天界决战兵器（Lv3）；7446:星喰（Lv3）","1"
"6302","HP100%アップ","戦技アビリティ","最大HPが100%アップする","","7452:第三の神（Lv3）","25","HP提升100%","战技能力","最大HP提升100%","","7452:第三神（Lv3）","1"
"6303","HP150%アップ","戦技アビリティ","最大HPが150%アップする","7071:ジャッジメント（Lv3）；7072:ワールドブレイカー（Lv3）","","30","HP提升150%","战技能力","最大HP提升150%","7071:审判（Lv3）；7072:世界破坏者（Lv3）","","1"
"6304","HP200%アップ","戦技アビリティ","最大HPが200%アップする","7078:もんむす・くえすと！（Lv2）","","35","HP提升200%","战技能力","最大HP提升200%","7078:もんむす・くえすと！（Lv2）","","1"
"6305","/HP300%アップ","戦技アビリティ","最大HPが300%アップする","","","20","/HP300%アップ","战技能力","最大HP提升300%","","","1"
"6306","攻撃力75%アップ","戦技アビリティ","攻撃力が75%アップする","7032:エクセルシオール（Lv3）；7057:剣ヲ極メシ者（Lv3）；7059:全テヲ壊ス者（Lv3）；7062:千ノ武具ヲ極メシ者（Lv3）；7073:破滅事象（Lv5）","7422:時の神獣（Lv3）；7427:虚竜（Lv3）；7435:オメガタイプ（Lv4）；7436:天の軍団長（Lv3）；7440:天界決戦兵器（Lv3）；7442:核動力天使（Lv3）；7446:星喰い（Lv5）","20","攻击力提升75%","战技能力","攻击力提升75%","7032:破界英雄（Lv3）；7057:剑之极致者（Lv3）；7059:破坏一切者（Lv3）；7062:千种武具之极致者（Lv3）；7073:破灭事象（Lv5）","7422:时之神兽（Lv3）；7427:虚龙（Lv3）；7435:欧米伽之型（Lv4）；7436:天之军团长（Lv3）；7440:天界决战兵器（Lv3）；7442:核动力天使（Lv3）；7446:星喰（Lv5）","1"
"6307","攻撃力100%アップ","戦技アビリティ","攻撃力が100%アップする","","7451:邪神（Lv5）","25","攻击力提升100%","战技能力","攻击力提升100%","","7451:邪神（Lv5）","1"
"6308","攻撃力150%アップ","戦技アビリティ","攻撃力が150%アップする","7072:ワールドブレイカー（Lv9）","","30","攻击力提升150%","战技能力","攻击力提升150%","7072:世界破坏者（Lv9）","","1"
"6309","攻撃力200%アップ","戦技アビリティ","攻撃力が200%アップする","7078:もんむす・くえすと！（Lv5）","","35","攻击力提升200%","战技能力","攻击力提升200%","7078:もんむす・くえすと！（Lv5）","","1"
"6310","/攻撃力300%アップ","戦技アビリティ","攻撃力が300%アップする","","","20","/攻撃力300%アップ","战技能力","攻击力提升300%","","","1"
"6311","命中率50%アップ","戦技アビリティ","命中率が50%アップする","7025:狩神（Lv3）","","12","命中率提升50%","战技能力","命中率提升50%","7025:狩神（Lv3）","","1"
"6312","会心75%","戦技アビリティ","会心率が75%になる","","","20","会心率75%","战技能力","会心率增加75%","","","1"
"6313","会心ダメージ25%アップ","戦技アビリティ","会心時のダメージが25%アップする","7016:拳神（Lv6）","7447:X型アポトーシス（Lv10）","5","会心伤害提升25%","战技能力","会心时伤害提升25%","7016:拳神（Lv6）","7447:X型凋零者（Lv10）","1"
"6314","会心ダメージ50%アップ","戦技アビリティ","会心時のダメージが50%アップする","7060:拳ヲ極メシ者（Lv7）","7448:XX型アポトーシス（Lv13）","10","会心伤害提升50%","战技能力","会心时伤害提升50%","7060:拳之极致者（Lv7）","7448:XX型凋零者（Lv13）","1"
"6315","会心ダメージ100%アップ","戦技アビリティ","会心時のダメージが100%アップする","","7449:混沌の使徒（Lv11）；7452:第三の神（Lv11）","20","会心伤害提升100%","战技能力","会心时伤害提升100%","","7449:混沌的使徒（Lv11）；7452:第三神（Lv11）","1"
"6316","会心ダメージ200%アップ","戦技アビリティ","会心時のダメージが200%アップする","7077:職無キ者（Lv11）","","30","会心伤害提升200%","战技能力","会心时伤害提升200%","7077:无职者（Lv11）","","1"
"6317","/会心ダメージ300%アップ","戦技アビリティ","会心時のダメージが300%アップする","","","20","/会心ダメージ300%アップ","战技能力","会心时伤害提升300%","","","1"
"6318","カウンター75%","戦技アビリティ","カウンター率が75%になる","","","16","反击75%","战技能力","反击率增加75%","","","1"
"6319","魔法カウンター75%","戦技アビリティ","魔法カウンター率が75%になる","","","16","魔法反击75%","战技能力","魔法反击率增加75%","","","1"
"6320","万能カウンター10%","戦技アビリティ","万能カウンター率が10%になる","","","5","万能反击10%","战技能力","万能反击率增加10%","","","1"
"6321","万能カウンター30%","戦技アビリティ","万能カウンター率が30%になる","","","10","万能反击30%","战技能力","万能反击率增加30%","","","1"
"6322","万能カウンター50%","戦技アビリティ","万能カウンター率が50%になる","7016:拳神（Lv8）","","15","万能反击50%","战技能力","万能反击率增加50%","7016:拳神（Lv8）","","1"
"6323","万能カウンター75%","戦技アビリティ","万能カウンター率が75%になる","","","20","万能反击75%","战技能力","万能反击率增加75%","","","1"
"6324","完全万能カウンター","戦技アビリティ","必ず万能カウンターが発生する","7060:拳ヲ極メシ者（Lv6）","","25","完全万能反击","战技能力","必定发生万能反击","7060:拳之极致者（Lv6）","","1"
"6325","反撃ハイブースター","戦技アビリティ","カウンターの攻撃力が3段階アップする","7028:パーフェクトアームズ（Lv6）","244:百獣王（Lv11）","10","反击高级增强","战技能力","反击攻击力提升3级","7028:完美武器（Lv6）","244:百兽王（Lv11）","1"
"6326","反撃エクスブースター","戦技アビリティ","カウンターの攻撃力が4段階アップする","7062:千ノ武具ヲ極メシ者（Lv5）","7422:時の神獣（Lv7）","15","反击极限增强","战技能力","反击攻击力提升4级","7062:千种武具之极致者（Lv5）","7422:时之神兽（Lv7）","1"
"6327","反撃ゴッドブースター","戦技アビリティ","カウンターの攻撃力が5段階アップする","7077:職無キ者（Lv3）","","20","反击神级增强","战技能力","反击攻击力提升5级","7077:无职者（Lv3）","","1"
"6328","ドレインカウンター","戦技アビリティ","攻撃を受けた際、50%の確率でドレインワームで反撃する","","157:ワームエンプレス（Lv7）","10","吸血反击","战技能力","受到攻击时，有50%概率使用吸血虫反击","","157:蠕虫女皇（Lv7）","1"
"6329","/極不屈の闘志","戦技アビリティ","瀕死時、全ての能力が極大アップする","","","6","/極不屈の闘志","战技能力","濒死时，所有能力极大提升","","","1"
"6330","/極孤独ゆえの強さ","戦技アビリティ","戦闘不能の仲間数に応じて全ての能力が極大アップする","","","6","/極孤独ゆえの強さ","战技能力","根据战斗不能的同伴数量，所有能力极大提升","","","1"
"6331","みなぎる活力","戦技アビリティ","HP最大時、能力が上昇する","","300:百魔の王（Lv10）","5","充盈的活力","战技能力","HP最大时，能力提升","","300:百魔之王（Lv10）","1"
"6332","超みなぎる活力","戦技アビリティ","HP最大時、能力が大幅に上昇する","","7428:次元侵蝕者（Lv7）","10","超充盈的活力","战技能力","HP最大时，能力大幅提升","","7428:次元侵蚀者（Lv7）","1"
"6333","ヘビィアタック","戦技アビリティ","全スキルの消費SPが2倍になるが、攻撃力は1.5倍になる","","152:魔人（Lv5）；7406:近接型ロイド（Lv8）","10","重攻击","战技能力","全スキルの消費SPが2倍になるが、攻撃力は1.5倍になる","","152:魔人（Lv5）；7406:近战型机器人（Lv8）","1"
"6334","物理コンバーター","戦技アビリティ","攻撃力と防御力が1.5倍になるが、魔力と精神力が半分になる","","152:魔人（Lv9）","10","物理转换器","战技能力","攻撃力と防御力が1.5倍になるが、魔力と精神力が半分になる","","152:魔人（Lv9）","1"
"6335","渾身の一撃","戦技アビリティ","単発スキル（攻撃判定が一度だけ）の威力がアップする","7016:拳神（Lv13）","","5","全力一击","战技能力","单发技能（攻击判定只有一次）的威力提升","7016:拳神（Lv13）","","1"
"6336","超渾身の一撃","戦技アビリティ","単発スキル（攻撃判定が一度だけ）の威力が大アップする","7060:拳ヲ極メシ者（Lv14）","291:神竜（Lv13）","10","超浑身一击","战技能力","单发技能（攻击判定仅一次）的威力大幅提升","7060:拳之极致者（Lv14）","291:神龙（Lv13）","1"
"6337","極渾身の一撃","戦技アビリティ","単発スキル（攻撃判定が一度だけ）の威力が極大アップする","","7427:虚竜（Lv15）","15","极浑身一击","战技能力","单发技能（攻击判定仅一次）的威力极大提升","","7427:虚龙（Lv15）","1"
"6338","/神渾身の一撃","戦技アビリティ","単発スキル（攻撃判定が一度だけ）の威力が超絶アップする","","","30","/神渾身の一撃","战技能力","单发技能（攻击判定仅一次）的威力超绝提升","","","1"
"6339","ヒートアップコンボ","戦技アビリティ","連撃スキル（攻撃判定が複数）の威力がアップする","7028:パーフェクトアームズ（Lv9）；7058:全テヲ穿ツ者（Lv7）；7064:全テヲ撃チ抜ク者（Lv7）","273:インフィニティスキュラ（Lv16）","10","热力连击","战技能力","连击技能（攻击判定多次）的威力提升","7028:完美武器（Lv9）；7058:贯穿一切者（Lv7）；7064:全能击穿者（Lv7）","273:无限斯库拉（Lv16）","1"
"6340","超ヒートアップコンボ","戦技アビリティ","連撃スキル（攻撃判定が複数）の威力が大アップする","7062:千ノ武具ヲ極メシ者（Lv6）","7425:正体不明触手禍（Lv15）","15","超热力连击","战技能力","连击技能（攻击判定多次）的威力大幅提升","7062:千种武具之极致者（Lv6）","7425:正体不明触手祸（Lv15）","1"
"6341","極ヒートアップコンボ","戦技アビリティ","連撃スキル（攻撃判定が複数）の威力が極大アップする","7077:職無キ者（Lv19）","","20","极热力连击","战技能力","连击技能（攻击判定多次）的威力极大提升","7077:无职者（Lv19）","","1"
"6342","/神ヒートアップコンボ","戦技アビリティ","連撃スキル（攻撃判定が複数）の威力が超絶アップする","","","30","/神ヒートアップコンボ","战技能力","连击技能（攻击判定多次）的威力超绝提升","","","1"
"6343","武技SPバースト","戦技アビリティ","SPの残量が多いほど武技の威力がアップする","7015:メテオブレイカー（Lv2）","","5","武技SP爆发","战技能力","SP剩余量越多，武技威力提升","7015:流星破坏者（Lv2）","","1"
"6344","武技SPハイバースト","戦技アビリティ","SPの残量が多いほど武技の威力が大アップする","7059:全テヲ壊ス者（Lv11）","","10","武技SP超爆发","战技能力","SP剩余量越多，武技威力大幅提升","7059:破坏一切者（Lv11）","","1"
"6345","体力低下時武技強化","戦技アビリティ","体力が低いほど全武技の威力がアップする","","291:神竜（Lv9）","6","体力降低时武技强化","战技能力","体力越低，所有武技的威力提升","","291:神龙（Lv9）","1"
"6346","体力低下時武技超強化","戦技アビリティ","体力が低いほど全武技の威力が大幅にアップする","","7427:虚竜（Lv9）","12","体力降低时武技超强化","战技能力","体力越低，所有武技的威力大幅提升","","7427:虚龙（Lv9）","1"
"6347","強敵との対峙","戦技アビリティ","敵単体時、全武技および王技・勇者技の威力が15%アップする
※獅子奮迅・一騎当千系との併用は不可能","143:光の勇者（Lv9）；144:闇の勇者（Lv9）","","5","与强敌对峙","战技能力","敌人为单体时，所有武技和王技・勇者技的威力提升15%
※无法与狮子奋迅・一骑当千系技能同时使用","143:光之勇者（Lv9）；144:暗之勇者（Lv9）","","1"
"6348","勇者の挑戦","戦技アビリティ","敵単体時、全武技および王技・勇者技の威力が30%アップする
※獅子奮迅・一騎当千系との併用は不可能","7051:混沌の勇者（Lv11）","","10","勇者的挑战","战技能力","敌人为单体时，所有武技和王技・勇者技的威力提升30%
※无法与狮子奋迅・一骑当千系技能同时使用","7051:混沌的勇者（Lv11）","","1"
"6349","真・勇者の挑戦","戦技アビリティ","敵単体時、全武技および王技・勇者技の威力が50%アップする
※獅子奮迅・一騎当千系との併用は不可能","7070:英雄王（Lv10）","","15","真・勇者的挑战","战技能力","敌人为单体时，所有武技和王技・勇者技的威力提升50%
※无法与狮子奋迅・一骑当千系技能同时使用","7070:英雄王（Lv10）","","1"
"6350","獅子奮迅","戦技アビリティ","敵複数時、全武技および王技・勇者技の威力が15%アップする
※強敵との戦い・勇者の挑戦系との併用は不可能","136:騎士王（Lv8）","","5","狮子奋迅","战技能力","敌人为复数时，所有武技和王技・勇者技的威力提升15%
※无法与强敌对峙・勇者的挑战系技能同时使用","136:骑士王（Lv8）","","1"
"6351","一騎当千","戦技アビリティ","敵複数時、全武技および王技・勇者技の威力が30%アップする
※強敵との戦い・勇者の挑戦系との併用は不可能","7050:覇王（Lv9）","","10","一骑当千","战技能力","敌人为复数时，所有武技和王技・勇者技的威力提升30%
※无法与强敌对峙・勇者的挑战系技能同时使用","7050:霸王（Lv9）","","1"
"6352","真・一騎当千","戦技アビリティ","敵複数時、全武技および王技・勇者技の威力が50%アップする
※強敵との戦い・勇者の挑戦系との併用は不可能","7070:英雄王（Lv4）","","15","真・一骑当千","战技能力","敌人为复数时，所有武技和王技・勇者技的威力提升50%
※无法与强敌对峙・勇者的挑战系技能同时使用","7070:英雄王（Lv4）","","1"
"6353","クリティカルナイフ","戦技アビリティ","短剣技でショック状態の敵への特攻ダメージが大幅アップ","7029:盗神（Lv2）","193:ドラキュリーナ（Lv7）","2","致命小刀","战技能力","短剑技对处于电击状态的敌人特攻伤害大幅提升","7029:盗神（Lv2）","193:德古莉娜（Lv7）","1"
"6354","クリティカルランス","戦技アビリティ","槍技でスロウ・ストップ・素早さ低下状態の敵への特攻ダメージが大幅アップ","7013:神竜の騎士（Lv4）","","2","致命长枪","战技能力","枪技对处于减速・停止・敏捷降低状态的敌人特攻伤害大幅提升","7013:神龙骑士（Lv4）","","1"
"6355","クリティカルレイピア","戦技アビリティ","尖剣技でバーン状態の敵への特攻ダメージが大幅アップ","7053:ラストノーブル（Lv5）","","2","致命细剑","战技能力","尖剑技对处于燃烧状态的敌人特攻伤害大幅提升","7053:最后的贵族（Lv5）","","1"
"6356","クリティカルアックス","戦技アビリティ","斧技で防御力低下状態の敵への特攻ダメージが大幅アップ","7015:メテオブレイカー（Lv4）","","2","致命斧","战技能力","斧技对防御力降低状态的敌人特攻伤害大幅提升","7015:流星破坏者（Lv4）","","1"
"6357","クリティカルハンマー","戦技アビリティ","棍技でフリーズ状態の敵への特攻ダメージが大幅アップ","7015:メテオブレイカー（Lv4）","","2","致命锤击","战技能力","棍技对处于冻结状态的敌人特攻伤害大幅提升","7015:流星破坏者（Lv4）","","1"
"6358","クリティカルシックル","戦技アビリティ","鎌技で沈黙・混乱・睡眠状態の敵への特攻ダメージが大幅アップ","7044:究極魔芸師（Lv3）","","2","致命镰刀","战技能力","镰技对处于沉默・混乱・睡眠状态的敌人特攻伤害大幅提升","7044:究极魔艺师（Lv3）","","1"
"6359","クリティカルアロー","戦技アビリティ","弓技で弱体状態の敵への特攻ダメージが大幅アップ","7025:狩神（Lv2）","","2","致命箭","战技能力","弓技对处于弱化状态的敌人特攻伤害大幅提升","7025:狩神（Lv2）","","1"
"6360","クリティカルフレイル","戦技アビリティ","鉄球技でスタン状態の敵への特攻ダメージが大幅アップ","7015:メテオブレイカー（Lv4）","","2","致命铁球","战技能力","铁球技对处于眩晕状态的敌人特攻伤害大幅提升","7015:流星破坏者（Lv4）","","1"
"6361","クリティカルファン","戦技アビリティ","扇技で恍惚・誘惑・失禁状態の敵への特攻ダメージが大幅アップ","7036:舞踏神（Lv2）","","2","致命扇","战技能力","扇技对处于恍惚・诱惑・失禁状态的敌人特攻伤害大幅提升","7036:舞蹈神（Lv2）","","1"
"6362","クリティカルバレット","戦技アビリティ","銃技で強化状態の敵への特攻ダメージが大幅アップ","7026:銃神（Lv2）","","2","致命子弹","战技能力","铳技对处于强化状态的敌人特攻伤害大幅提升","7026:铳神（Lv2）","","1"
"6363","落鳳","戦技アビリティ","弓技・投擲技・銃技で飛行敵への特攻ダメージが大幅アップ","7025:狩神（Lv7）","","2","落凤","战技能力","弓技・投掷技・铳技对飞行敌人特攻伤害大幅提升","7025:狩神（Lv7）","","1"
"6364","毒殺し","戦技アビリティ","短剣技・投擲技・忍術で毒・暗闇・麻痺状態の敵に特攻が発生する","7065:音ヨリモ速キ者（Lv4）","","2","毒杀","战技能力","短剑技・投掷技・忍术对处于中毒・黑暗・麻痹状态的敌人发动特攻","7065:超音速者（Lv4）","","1"
"6365","闇を支配する者のレイピア","戦技アビリティ","尖剣技で闇穢状態の敵に特攻が発生する","","7414:大魔王（Lv2）","2","支配黑暗者的细剑","战技能力","尖剑技对处于暗秽状态的敌人发动特攻","","7414:大魔王（Lv2）","1"
"6366","ヌルヌル殺しの刃","戦技アビリティ","刀技・多武器技でヌルヌル状態の敵に特攻が発生する","","7425:正体不明触手禍（Lv7）","2","黏滑杀手的刀刃","战技能力","刀技・多武器技对处于黏滑状态的敌人发动特攻","","7425:正体不明触手祸（Lv7）","1"
"6367","暗闇からの槍先","戦技アビリティ","槍技で暗闇状態の敵に特攻が発生する","","7422:時の神獣（Lv8）","2","来自黑暗的枪","战技能力","枪技对处于黑暗状态的敌人发动特攻","","7422:时之神兽（Lv8）","1"
"6368","暗闇からの斧撃","戦技アビリティ","斧技で暗闇状態の敵に特攻が発生する","","7422:時の神獣（Lv11）","2","来自黑暗的斧击","战技能力","斧技对处于黑暗状态的敌人发动特攻","","7422:时之神兽（Lv11）","1"
"6369","追い打ちの鞭","戦技アビリティ","鞭技で毒・暗闇・沈黙・混乱・睡眠・麻痺状態の敵に特攻が発生する","7027:カオスバスター（Lv2）","7438:慈愛の聖百合（Lv2）","2","追击的鞭子","战技能力","鞭技对处于中毒・黑暗・沉默・混乱・睡眠・麻痹状态的敌人发动特攻","7027:混沌破坏者（Lv2）","7438:慈爱的圣百合（Lv2）","1"
"6370","快楽昇天の鞭","戦技アビリティ","鞭技で快楽状態異常の敵に特攻が発生する","7039:QOBF（Lv5）","7438:慈愛の聖百合（Lv4）","2","快乐升天的鞭子","战技能力","鞭技对快乐状态异常的敌人发动特攻","7039:QOBF（Lv5）","7438:慈爱的圣百合（Lv4）","1"
"6371","粘度反応ブーメラン","戦技アビリティ","投擲技でヌルヌル状態の敵に特攻が発生する","","231:究極群体生命（Lv8）","2","粘度反应回旋镖","战技能力","投掷技对处于黏滑状态的敌人发动特攻","","231:究极群体生命（Lv8）","1"
"6372","重刃必殺","戦技アビリティ","多武器技でスタン状態の敵に特攻が発生する","7062:千ノ武具ヲ極メシ者（Lv4）","","2","重刃必杀","战技能力","多武器技对处于眩晕状态的敌人发动特攻","7062:千种武具之极致者（Lv4）","","1"
"6373","時刻みの拳","戦技アビリティ","格闘でスロウ・ストップ状態の敵に特攻が発生する","7016:拳神（Lv2）","","2","时刻之拳","战技能力","格斗对处于减速・停止状态的敌人发动特攻","7016:拳神（Lv2）","","1"
"6374","快楽昇天の拳","戦技アビリティ","格闘で快楽状態異常の敵に特攻が発生する","7039:QOBF（Lv5）","183:リリスナイトメア（Lv6）","2","快乐升天的拳","战技能力","格斗对快乐状态异常的敌人产生特攻","7039:QOBF（Lv5）","183:莉莉丝梦魇（Lv6）","1"
"6375","長物断ちのナイフ","戦技アビリティ","短剣技でラミア・スキュラに特攻ダメージを与える","7029:盗神（Lv5）","","2","长物斩断的小刀","战技能力","短剑技对拉米亚・斯库拉造成特攻伤害","7029:盗神（Lv5）","","1"
"6376","勇気ある者の剣","戦技アビリティ","短剣技・剣技・尖剣技・刀技・勇者技でボスに与えるダメージが15%アップ","143:光の勇者（Lv7）；144:闇の勇者（Lv7）；7011:究極剣士（Lv12）","","5","勇者的剑","战技能力","短剑技・剑技・尖剑技・刀技・勇者技对Boss造成的伤害提升15%","143:光之勇者（Lv7）；144:暗之勇者（Lv7）；7011:究极剑士（Lv12）","","1"
"6377","勇気を極めた剣","戦技アビリティ","短剣技・剣技・尖剣技・刀技・勇者技でボスに与えるダメージが30%アップ","7051:混沌の勇者（Lv6）；7057:剣ヲ極メシ者（Lv9）","","10","极致勇气的剑","战技能力","短剑技・剑技・尖剑技・刀技・勇者技对Boss造成的伤害提升30%","7051:混沌的勇者（Lv6）；7057:剑之极致者（Lv9）","","1"
"6378","必殺竜撃","戦技アビリティ","剣技・格闘でバーン・フリーズ・ショック状態の敵に特攻が発生する","","291:神竜（Lv2）","2","必杀龙击","战技能力","剑技・格斗对处于燃烧・冻结・电击状态的敌人产生特攻","","291:神龙（Lv2）","1"
"6379","高貴なる決闘","戦技アビリティ","尖剣技で妖魔に特攻ダメージを与える","7053:ラストノーブル（Lv10）","","2","高贵的决斗","战技能力","尖剑技对妖魔造成特攻伤害","7053:最后的贵族（Lv10）","","1"
"6380","破邪の刃","戦技アビリティ","刀技で亜人・妖狐に特攻ダメージを与える","7014:修羅（Lv4）","","2","破邪之刃","战技能力","刀技对亚人・妖狐造成特攻伤害","7014:修罗（Lv4）","","1"
"6381","蛇殺しの刃","戦技アビリティ","刀技・多武器技でラミアに特攻ダメージを与える","","7425:正体不明触手禍（Lv4）","2","蛇杀之刃","战技能力","刀技・多武器技对拉米亚造成特攻伤害","","7425:正体不明触手祸（Lv4）","1"
"6382","斬鉄","戦技アビリティ","刀技でロイドに特攻ダメージを与える","7014:修羅（Lv4）","","2","斩铁","战技能力","刀技对机器人造成特攻伤害","7014:修罗（Lv4）","","1"
"6383","鳥刺しの槍","戦技アビリティ","槍技で飛行している相手に特攻ダメージを与える","7013:神竜の騎士（Lv2）","","2","刺鸟之枪","战技能力","枪技对飞行中的对手造成特攻伤害","7013:神龙骑士（Lv2）","","1"
"6384","大樹断ちの斧","戦技アビリティ","斧技で植物に特攻ダメージを与える","7059:全テヲ壊ス者（Lv8）","","2","大树斩斧","战技能力","斧技对植物造成特攻伤害","7059:破坏一切者（Lv8）","","1"
"6385","スライム潰しの棍","戦技アビリティ","棍技でスライムに特攻ダメージを与える","7059:全テヲ壊ス者（Lv9）","","2","史莱姆粉碎棍","战技能力","棍技对史莱姆造成特攻伤害","7059:破坏一切者（Lv9）","","1"
"6386","使役者の鎌","戦技アビリティ","鎌技でゾンビ・ゴースト・ドールに特攻ダメージを与える","7044:究極魔芸師（Lv8）","","2","使役者之镰","战技能力","镰技对僵尸・幽灵・人偶造成特攻伤害","7044:究极魔艺师（Lv8）","","1"
"6387","混沌を狩る鎌","戦技アビリティ","鎌技でアポトーシスに特攻ダメージを与える","","153:魔神（Lv8）","2","混沌猎镰","战技能力","镰技对凋零者造成特攻伤害","","153:魔神（Lv8）","1"
"6388","獣狩りの矢","戦技アビリティ","弓技で魔獣・妖狐に特攻ダメージを与える","7025:狩神（Lv4）","","2","猎兽之矢","战技能力","弓技对魔兽・妖狐造成特攻伤害","7025:狩神（Lv4）","","1"
"6389","人狩りの矢","戦技アビリティ","弓技で人間・エルフに特攻ダメージを与える","7025:狩神（Lv4）","","2","猎人之矢","战技能力","弓技对人类・精灵造成特攻伤害","7025:狩神（Lv4）","","1"
"6390","アルフの弓技","戦技アビリティ","弓技でボスに与えるダメージが15%アップ","","213:アルフ神族（Lv10）","5","亚尔夫的弓技","战技能力","弓技对Boss造成的伤害提升15%","","213:亚尔夫神族（Lv10）","1"
"6391","アンゴルモアの弓技","戦技アビリティ","弓技で神に特攻ダメージを与える","","7419:アンゴルモア（Lv10）","10","安哥尔摩亚的弓技","战技能力","弓技对神造成特攻伤害","","7419:安哥尔摩亚（Lv10）","1"
"6392","対カオス投射兵器","戦技アビリティ","弓技・銃技でアポトーシスに特攻ダメージを与える","","7442:核動力天使（Lv7）","2","对混沌投射武器","战技能力","弓技・铳技对凋零者造成特攻伤害","","7442:核动力天使（Lv7）","1"
"6393","獣狩りの鞭","戦技アビリティ","鞭技で魔獣・妖狐に特攻ダメージを与える","7027:カオスバスター（Lv3）","","2","猎兽之鞭","战技能力","鞭技对魔兽・妖狐造成特攻伤害","7027:混沌破坏者（Lv3）","","1"
"6394","竜狩りの鞭","戦技アビリティ","鞭技でドラゴンに特攻ダメージを与える","7027:カオスバスター（Lv3）","","2","屠龙鞭","战技能力","鞭技对龙造成特攻伤害","7027:混沌破坏者（Lv3）","","1"
"6395","対LSサバイバルブーメラン","戦技アビリティ","投擲技で陸棲種・海棲種に特攻ダメージを与える","7034:ラストサバイバー（Lv4）","","2","对LS生存回旋镖","战技能力","投掷技对陆栖种・海栖种造成特攻伤害","7034:最后幸存者（Lv4）","","1"
"6396","対IPサバイバルブーメラン","戦技アビリティ","投擲技で虫・植物に特攻ダメージを与える","7034:ラストサバイバー（Lv4）","","2","对IP生存回旋镖","战技能力","投掷技对虫・植物造成特攻伤害","7034:最后幸存者（Lv4）","","1"
"6397","甲殻潰しの鉄球","戦技アビリティ","鉄球技で虫に特攻ダメージを与える","7059:全テヲ壊ス者（Lv7）","","2","破甲铁球","战技能力","铁球技对虫造成特攻伤害","7059:破坏一切者（Lv7）","","1"
"6398","触手殺しの鉄球","戦技アビリティ","鉄球技でスキュラに特攻ダメージを与える","","7424:淫欲の堕蛇（Lv7）","2","触手杀手的铁球","战技能力","铁球技对斯库拉造成特攻伤害","","7424:淫欲的堕蛇（Lv7）","1"
"6399","扇舞決闘","戦技アビリティ","扇技で妖狐・ハーピーに特攻ダメージを与える","7036:舞踏神（Lv6）","","2","扇舞决斗","战技能力","扇技对妖狐・哈比造成特攻伤害","7036:舞蹈神（Lv6）","","1"
"6400","自然破壊の弾丸","戦技アビリティ","銃技で虫・植物に特攻ダメージを与える","7026:銃神（Lv7）","","2","自然破坏弹丸","战技能力","铳技对虫・植物造成特攻伤害","7026:铳神（Lv7）","","1"
"6401","軟体殺刃","戦技アビリティ","多武器技でスキュラ・陸棲種に特攻ダメージを与える","7028:パーフェクトアームズ（Lv7）","","2","软体杀刃","战技能力","多武器技对斯库拉・陆栖种造成特攻伤害","7028:完美武器（Lv7）","","1"
"6402","竜滅の拳","戦技アビリティ","格闘でドラゴンに特攻ダメージを与える","7060:拳ヲ極メシ者（Lv4）","","2","龙灭之拳","战技能力","格斗对龙造成特攻伤害","7060:拳之极致者（Lv4）","","1"
"6403","成仏拳","戦技アビリティ","格闘でゾンビ・ゴーストに特攻ダメージを与える","7017:神の守護者（Lv4）","","2","成佛拳","战技能力","格斗对僵尸・幽灵造成特攻伤害","7017:神之守护者（Lv4）","","1"
"6404","光を断つ勇技","戦技アビリティ","勇者技で聖痕状態の敵に特攻が発生する","143:光の勇者（Lv2）","","2","断光勇技","战技能力","勇者技对处于圣痕状态的敌人发动特攻","143:光之勇者（Lv2）","","1"
"6405","闇を断つ勇技","戦技アビリティ","勇者技で闇穢状態の敵に特攻が発生する","144:闇の勇者（Lv2）","","2","断暗勇技","战技能力","勇者技对处于暗秽状态的敌人发动特攻","144:暗之勇者（Lv2）","","1"
"6406","猛毒のナイフ","戦技アビリティ","短剣技に毒・暗闇・麻痺効果を付加する","7029:盗神（Lv4）","","2","剧毒之小刀","战技能力","短剑技能附加中毒・黑暗・麻痹效果","7029:盗神（Lv4）","","1"
"6407","弱体剣技","戦技アビリティ","剣技に全能力弱体効果を付加する","","7419:アンゴルモア（Lv5）","2","弱化剑技","战技能力","剑技附加全能力弱化效果","","7419:安哥尔摩亚（Lv5）","1"
"6408","機先の剣","戦技アビリティ","短剣技・剣技・尖剣技・刀技にスタン効果を付加する","7011:究極剣士（Lv6）","","2","先机之剑","战技能力","短剑技・剑技・尖剑技・刀技附加眩晕效果","7011:究极剑士（Lv6）","","1"
"6409","絶命の刃","戦技アビリティ","短剣技・剣技・尖剣技・刀技に即死効果を付加する","7014:修羅（Lv2）","","2","绝命之刃","战技能力","短剑技・剑技・尖剑技・刀技附加即死效果","7014:修罗（Lv2）","","1"
"6410","足止めの火矢","戦技アビリティ","弓技にスロウ・バーン効果を付加する","7025:狩神（Lv11）","","2","止步之火矢","战技能力","弓技附加减速・燃烧效果","7025:狩神（Lv11）","","1"
"6411","猛毒のブーメラン","戦技アビリティ","投擲技に毒・暗闇・麻痺効果を付加する","7034:ラストサバイバー（Lv2）","","2","猛毒之回旋镖","战技能力","投掷技附加中毒・黑暗・麻痹效果","7034:最后幸存者（Lv2）","","1"
"6412","アンチガードバレット","戦技アビリティ","銃技に防御ダウン効果を付加する","7026:銃神（Lv4）","","2","反防御子弹","战技能力","铳技附加防御下降效果","7026:铳神（Lv4）","","1"
"6413","重刃圧倒","戦技アビリティ","多武器技にスタン効果を付加する","7028:パーフェクトアームズ（Lv2）","","2","重刃压倒","战技能力","多武器技附加眩晕效果","7028:完美武器（Lv2）","","1"
"6414","昇天拳","戦技アビリティ","格闘に昇天効果を付加する","7017:神の守護者（Lv4）","","2","升天拳","战技能力","格斗附加升天效果","7017:神之守护者（Lv4）","","1"
"6415","神槍","戦技アビリティ","槍技に聖属性およびゾンビ・ゴースト特攻効果を付加する","7058:全テヲ穿ツ者（Lv9）","","5","神枪","战技能力","枪技附加圣属性及对僵尸・幽灵特攻效果","7058:贯穿一切者（Lv9）","","1"
"6416","邪剣","戦技アビリティ","短剣技・剣技・尖剣技・刀技に闇属性および天使特攻効果を付加する","7058:全テヲ穿ツ者（Lv9）","","5","邪剑","战技能力","短剑技・剑技・尖剑技・刀技附加暗属性及对天使特攻效果","7058:贯穿一切者（Lv9）","","1"
"6417","修羅の刃","戦技アビリティ","短剣技・剣技・尖剣技・刀技に修羅属性を付加する","7057:剣ヲ極メシ者（Lv4）","","5","修罗之刃","战技能力","短剑技・剑技・尖剑技・刀技附加修罗属性","7057:剑之极致者（Lv4）","","1"
"6418","修羅の弾丸","戦技アビリティ","銃技に修羅属性を付加する","7064:全テヲ撃チ抜ク者（Lv8）","","5","修罗之弹","战技能力","铳技附加修罗属性","7064:全能击穿者（Lv8）","","1"
"6419","目潰しの武技","戦技アビリティ","全武技に暗闇を付加する","","244:百獣王（Lv7）","5","致盲武技","战技能力","全武技附加黑暗效果","","244:百兽王（Lv7）","1"
"6420","時を紡ぐ拳","戦技アビリティ","格闘にスロウ・ストップを付加する","","7430:バアル・ゼブブ（Lv7）","2","纺时之拳","战技能力","格斗附加减速・停止效果","","7430:巴力・西卜（Lv7）","1"
"6421","チェイン・フルーレ","戦技アビリティ","尖剣技使用後、スプラッシュフルーレが発動する","7004:フェンサー（Lv10）","","6","链・弗雷","战技能力","使用尖剑技后，发动溅洒花剑","7004:剑术家（Lv10）","","1"
"6422","チェイン・ノイエ","戦技アビリティ","尖剣技使用後、クロス・ノイエが発動する","7005:ノーブルフェンサー（Lv10）","","12","链・诺伊","战技能力","使用尖剑技后，发动新十字","7005:高贵剑士（Lv10）","","1"
"6423","チェイン・グランテ","戦技アビリティ","尖剣技使用後、トライ・グランテが発動する","7053:ラストノーブル（Lv7）","","18","链・格兰特","战技能力","使用尖剑技后，触发三重恩典","7053:最后的贵族（Lv7）","","1"
"6424","残心","戦技アビリティ","刀技後、カウンター体勢に入る","7014:修羅（Lv7）","","8","残心","战技能力","刀技后，进入反击姿态","7014:修罗（Lv7）","","1"
"6425","常時肉斬骨断","戦技アビリティ","攻撃力と器用さが1.5倍になる
防御力と精神力が大幅ダウンし、被ダメージが1.5倍になる","7057:剣ヲ極メシ者（Lv6）","","5","常时肉斩骨断","战技能力","攻撃力と器用さが1.5倍になる
防御力と精神力が大幅ダウンし、被ダメージが1.5倍になる","7057:剑之极致者（Lv6）","","1"
"6426","オート聖槍発動","戦技アビリティ","聖槍チャージor聖槍ガードが戦闘開始時にランダム発動する","7013:神竜の騎士（Lv9）","","8","自动圣枪发动","战技能力","战斗开始时随机发动圣枪充能或圣枪守护","7013:神龙骑士（Lv9）","","1"
"6427","オーバーウェイト","戦技アビリティ","武技の威力が極限までアップするが、行動順が最遅になる","7059:全テヲ壊ス者（Lv3）","","10","超重","战技能力","武技威力提升至极限，但行动顺序变为最慢","7059:破坏一切者（Lv3）","","1"
"6428","エクセリオン・クリア","戦技アビリティ","強化状態の敵がいると、ターン終了時に無効化銃撃を発動する","7026:銃神（Lv12）","","15","火凤凰・清除","战技能力","当有强化状态的敌人时，回合结束时发动无效化枪击","7026:铳神（Lv12）","","1"
"6429","接触的侵蝕","戦技アビリティ","攻撃を受けた際、敵を高確率で毒・暗闇・ヌルヌル状態にする","","300:百魔の王（Lv2）","2","接触性侵蚀","战技能力","受到攻击时，高概率使敌人陷入中毒・黑暗・黏滑状态","","300:百魔之王（Lv2）","1"
"6430","精神的侵蝕","戦技アビリティ","攻撃を受けた際、敵を高確率で暗闇・沈黙・混乱状態にする","","308:海神（Lv4）","2","精神性侵蚀","战技能力","受到攻击时，高概率使敌人陷入黑暗・沉默・混乱状态","","308:海神（Lv4）","1"
"6431","天軍逆撃","戦技アビリティ","敵の攻撃を受けた際、天軍の剣で反撃する事がある","","7436:天の軍団長（Lv14）","20","天军逆击","战技能力","受到敌人攻击时，有时会用天军之剑反击","","7436:天之军团长（Lv14）","1"
"6432","明星伏撃","戦技アビリティ","敵の攻撃を無効化し、明けの明星で反撃する事がある","","7437:明けの明星（Lv14）","20","明星伏击","战技能力","一定概率无效化敌人的攻击，并用『璀璨之明星』进行反击","","7437:璀璨之明星（Lv14）","1"
"6433","巨人の暴虐","戦技アビリティ","最大HP、攻撃力、防御力が大幅に上昇するが、素早さがダウンし全行動遅攻","","7408:巨人（Lv6）","15","巨人的暴虐","战技能力","最大HP、攻击力、防御力大幅上升，但敏捷下降，全行动迟缓","","7408:巨人（Lv6）","1"
"6434","戦の火蓋","戦技アビリティ","ターン開始時、力溜めを発動することがある","","7408:巨人（Lv9）","15","战火揭幕","战技能力","回合开始时，有时会发动蓄力","","7408:巨人（Lv9）","1"
"6435","大戦の火蓋","戦技アビリティ","ターン開始時、頻繁に力溜めを発動する","7059:全テヲ壊ス者（Lv4）","7445:巨神王（Lv15）","25","大战揭幕","战技能力","回合开始时，频繁发动蓄力","7059:破坏一切者（Lv4）","7445:巨神王（Lv15）","1"
"6436","溜め持続","戦技アビリティ","溜めスキルの効果ターンが1ターン増加する","","7409:ギガース（Lv6）","15","蓄力持续","战技能力","蓄力技能的效果回合增加1回合","","7409:巨灵（Lv6）","1"
"6437","溜め超持続","戦技アビリティ","溜めスキルの効果ターンが2ターン増加する","","7446:星喰い（Lv15）","25","蓄力超持续","战技能力","蓄力技能的效果回合增加2回合","","7446:星喰（Lv15）","1"
"6438","二重溜め","戦技アビリティ","溜めスキルの使用後、再度溜めスキルが発動する","7059:全テヲ壊ス者（Lv17）","7410:巨神（Lv6）","15","双重蓄力","战技能力","使用蓄力技能后，再次发动蓄力技能","7059:破坏一切者（Lv17）","7410:巨神（Lv6）","1"
"6439","プレスコンボ","戦技アビリティ","武技発動後にメガトンプレスが発動する","","7445:巨神王（Lv13）","10","压力连击","战技能力","武技发动后，发动百万吨压力","","7445:巨神王（Lv13）","1"
"6440","四回攻撃","戦技アビリティ","通常攻撃を四連続で繰り出す","","174:妖怪王（Lv6）","13","四次攻击","战技能力","普通攻击连续进行四次","","174:妖怪王（Lv6）","1"
"6441","六回攻撃","戦技アビリティ","通常攻撃を六連続で繰り出す","","7415:マガツオオミカミ（Lv4）","18","六次攻击","战技能力","普通攻击连续六次","","7415:祸津大御神（Lv4）","1"
"6442","十六連乱れ撃ち","戦技アビリティ","通常攻撃をランダムに十六連続で繰り出す","7062:千ノ武具ヲ極メシ者（Lv17）","7412:混沌の魔神（Lv11）；7425:正体不明触手禍（Lv14）","30","十六连乱击","战技能力","普通攻击随机连续十六次","7062:千种武具之极致者（Lv17）","7412:混沌的魔神（Lv11）；7425:正体不明触手祸（Lv14）","1"
"6443","滅捨身撃","戦技アビリティ","通常攻撃の威力が爆発的に上がるが、そのターンに受けるダメージが倍増する","7017:神の守護者（Lv9）","","4","灭舍身击","战技能力","普通攻击威力爆炸性上升，但该回合受到的伤害翻倍","7017:神之守护者（Lv9）","","1"
"6444","銀河属性付加","戦技アビリティ","物理攻撃に銀河属性を付加する","","","30","银河属性附加","战技能力","物理攻击附加银河属性","","","1"
"6445","修羅属性付加","戦技アビリティ","物理攻撃に修羅属性を付加する","","","30","修罗属性附加","战技能力","物理攻击附加修罗属性","","","1"
"6446","ナイトメア属性付加","戦技アビリティ","物理攻撃にナイトメア属性を付加する","","","30","噩梦属性附加","战技能力","物理攻击附加噩梦属性","","","1"
"6447","核熱属性付加","戦技アビリティ","物理攻撃に核熱属性を付加する","","","30","核热属性附加","战技能力","物理攻击附加核热属性","","","1"
"6448","量子属性付加","戦技アビリティ","物理攻撃に量子属性を付加する","","","30","量子属性附加","战技能力","物理攻击附加量子属性","","","1"
"6449","イオン属性付加","戦技アビリティ","物理攻撃にイオン属性を付加する","","","30","离子属性附加","战技能力","物理攻击附加离子属性","","","1"
"6450","ハドロン属性付加","戦技アビリティ","物理攻撃にハドロン属性を付加する","","","30","强子属性附加","战技能力","物理攻击附加强子属性","","","1"
"6451","テラ属性付加","戦技アビリティ","物理攻撃にテラ属性を付加する","","","30","大地属性附加","战技能力","物理攻击附加大地属性","","","1"
"6452","ナノ属性付加","戦技アビリティ","物理攻撃にナノ属性を付加する","","","30","纳米属性附加","战技能力","物理攻击附加纳米属性","","","1"
"6453","永劫属性付加","戦技アビリティ","物理攻撃に永劫属性を付加する","","","40","永劫属性附加","战技能力","物理攻击附加永劫属性","","","1"
"6454","終焉属性付加","戦技アビリティ","物理攻撃に終焉属性を付加する","","","40","终焉属性附加","战技能力","物理攻击附加终焉属性","","","1"
"6455","ヌル属性付加","戦技アビリティ","物理攻撃にヌル属性を付加する","","","60","空属性附加","战技能力","物理攻击附加空属性","","","1"
"6456","/人間大特攻","戦技アビリティ","人間に対して特攻大ダメージを与える","","","20","/人間大特攻","战技能力","对人类造成大量特攻伤害","","","1"
"6457","/人間超特攻","戦技アビリティ","人間に対して特攻超ダメージを与える","","","20","/人間超特攻","战技能力","对人类造成特攻超伤害","","","1"
"6458","/妖魔大特攻","戦技アビリティ","妖魔に対して特攻大ダメージを与える","","","20","/妖魔大特攻","战技能力","对妖魔造成大量特攻伤害","","","1"
"6459","/妖魔超特攻","戦技アビリティ","妖魔に対して特攻超ダメージを与える","","","20","/妖魔超特攻","战技能力","对妖魔造成特攻超伤害","","","1"
"6460","/亜人大特攻","戦技アビリティ","亜人に対して特攻大ダメージを与える","","","20","/亜人大特攻","战技能力","对亚人造成大量特攻伤害","","","1"
"6461","/亜人超特攻","戦技アビリティ","亜人に対して特攻超ダメージを与える","","","20","/亜人超特攻","战技能力","对亚人造成特攻超伤害","","","1"
"6462","/淫魔大特攻","戦技アビリティ","淫魔に対して特攻大ダメージを与える","","","20","/淫魔大特攻","战技能力","对淫魔造成大量特攻伤害","","","1"
"6463","/淫魔超特攻","戦技アビリティ","淫魔に対して特攻超ダメージを与える","","","20","/淫魔超特攻","战技能力","对淫魔造成特攻超伤害","","","1"
"6464","/吸血鬼大特攻","戦技アビリティ","吸血鬼に対して特攻大ダメージを与える","","","20","/吸血鬼大特攻","战技能力","对吸血鬼造成大量特攻伤害","","","1"
"6465","/吸血鬼超特攻","戦技アビリティ","吸血鬼に対して特攻超ダメージを与える","","","20","/吸血鬼超特攻","战技能力","对吸血鬼造成特攻超伤害","","","1"
"6466","/人魚大特攻","戦技アビリティ","人魚に対して特攻大ダメージを与える","","","20","/人魚大特攻","战技能力","对人鱼造成大量特攻伤害","","","1"
"6467","/人魚超特攻","戦技アビリティ","人魚に対して特攻超ダメージを与える","","","20","/人魚超特攻","战技能力","对人鱼造成特攻超伤害","","","1"
"6468","/エルフ大特攻","戦技アビリティ","エルフに対して特攻大ダメージを与える","","","20","/エルフ大特攻","战技能力","对精灵造成大量特攻伤害","","","1"
"6469","/エルフ超特攻","戦技アビリティ","エルフに対して特攻超ダメージを与える","","","20","/エルフ超特攻","战技能力","对精灵造成特攻超伤害","","","1"
"6470","/妖精大特攻","戦技アビリティ","妖精に対して特攻大ダメージを与える","","","20","/妖精大特攻","战技能力","对妖精造成大量特攻伤害","","","1"
"6471","/妖精超特攻","戦技アビリティ","妖精に対して特攻超ダメージを与える","","","20","/妖精超特攻","战技能力","对妖精造成特攻超伤害","","","1"
"6472","/スライム大特攻","戦技アビリティ","スライムに対して特攻大ダメージを与える","","","20","/スライム大特攻","战技能力","对史莱姆造成大量特攻伤害","","","1"
"6473","/スライム超特攻","戦技アビリティ","スライムに対して特攻超ダメージを与える","","","20","/スライム超特攻","战技能力","对史莱姆造成特攻超伤害","","","1"
"6474","/魔獣大特攻","戦技アビリティ","魔獣に対して特攻大ダメージを与える","","","20","/魔獣大特攻","战技能力","对魔兽造成大量特攻伤害","","","1"
"6475","/魔獣超特攻","戦技アビリティ","魔獣に対して特攻超ダメージを与える","","","20","/魔獣超特攻","战技能力","对魔兽造成特攻超伤害","","","1"
"6476","/妖狐大特攻","戦技アビリティ","妖狐に対して特攻大ダメージを与える","","","20","/妖狐大特攻","战技能力","对妖狐造成大量特攻伤害","","","1"
"6477","/妖狐超特攻","戦技アビリティ","妖狐に対して特攻超ダメージを与える","","","20","/妖狐超特攻","战技能力","对妖狐造成特攻超伤害","","","1"
"6478","/ラミア大特攻","戦技アビリティ","ラミアに対して特攻大ダメージを与える","","","20","/ラミア大特攻","战技能力","对拉米亚造成大量特攻伤害","","","1"
"6479","/ラミア超特攻","戦技アビリティ","ラミアに対して特攻超ダメージを与える","","","20","/ラミア超特攻","战技能力","对拉米亚造成特攻超伤害","","","1"
"6480","/スキュラ大特攻","戦技アビリティ","スキュラに対して特攻大ダメージを与える","","","20","/スキュラ大特攻","战技能力","对斯库拉造成大量特攻伤害","","","1"
"6481","/スキュラ超特攻","戦技アビリティ","スキュラに対して特攻超ダメージを与える","","","20","/スキュラ超特攻","战技能力","对斯库拉造成特攻超伤害","","","1"
"6482","/ハーピー大特攻","戦技アビリティ","ハーピーに対して特攻大ダメージを与える","","","20","/ハーピー大特攻","战技能力","对哈比造成大量特攻伤害","","","1"
"6483","/ハーピー超特攻","戦技アビリティ","ハーピーに対して特攻超ダメージを与える","","","20","/ハーピー超特攻","战技能力","对哈比造成特攻超伤害","","","1"
"6484","/竜大特攻","戦技アビリティ","ドラゴンに対して特攻大ダメージを与える","","","20","/竜大特攻","战技能力","对龙造成大量特攻伤害","","","1"
"6485","/竜超特攻","戦技アビリティ","ドラゴンに対して特攻超ダメージを与える","","","20","/竜超特攻","战技能力","对龙造成特攻超伤害","","","1"
"6486","/陸棲種大特攻","戦技アビリティ","陸棲種に対して特攻大ダメージを与える","","","20","/陸棲種大特攻","战技能力","对陆栖种造成大量特攻伤害","","","1"
"6487","/陸棲種超特攻","戦技アビリティ","陸棲種に対して特攻超ダメージを与える","","","20","/陸棲種超特攻","战技能力","对陆栖种造成特攻超伤害","","","1"
"6488","/海棲種大特攻","戦技アビリティ","海棲種に対して特攻大ダメージを与える","","","20","/海棲種大特攻","战技能力","对海栖种造成大量特攻伤害","","","1"
"6489","/海棲種超特攻","戦技アビリティ","海棲種に対して特攻超ダメージを与える","","","20","/海棲種超特攻","战技能力","对海栖种造成特攻超伤害","","","1"
"6490","/虫大特攻","戦技アビリティ","虫に対して特攻大ダメージを与える","","","20","/虫大特攻","战技能力","对虫造成大量特攻伤害","","","1"
"6491","/虫超特攻","戦技アビリティ","虫に対して特攻超ダメージを与える","","","20","/虫超特攻","战技能力","对虫类造成特攻超伤害","","","1"
"6492","/植物大特攻","戦技アビリティ","植物に対して特攻大ダメージを与える","","","20","/植物大特攻","战技能力","对植物造成大量特攻伤害","","","1"
"6493","/植物超特攻","戦技アビリティ","植物に対して特攻超ダメージを与える","","","20","/植物超特攻","战技能力","对植物造成特攻超伤害","","","1"
"6494","/ゾンビ大特攻","戦技アビリティ","ゾンビに対して特攻大ダメージを与える","","","20","/ゾンビ大特攻","战技能力","对僵尸造成大量特攻伤害","","","1"
"6495","/ゾンビ超特攻","戦技アビリティ","ゾンビに対して特攻超ダメージを与える","","","20","/ゾンビ超特攻","战技能力","对僵尸造成特攻超伤害","","","1"
"6496","/ゴースト大特攻","戦技アビリティ","ゴーストに対して特攻大ダメージを与える","","","20","/ゴースト大特攻","战技能力","对幽灵造成大量特攻伤害","","","1"
"6497","/ゴースト超特攻","戦技アビリティ","ゴーストに対して特攻超ダメージを与える","","","20","/ゴースト超特攻","战技能力","对幽灵造成特攻超伤害","","","1"
"6498","/ドール大特攻","戦技アビリティ","ドールに対して特攻大ダメージを与える","","","20","/ドール大特攻","战技能力","对人偶造成大量特攻伤害","","","1"
"6499","/ドール超特攻","戦技アビリティ","ドールに対して特攻超ダメージを与える","","","20","/ドール超特攻","战技能力","对人偶造成特攻超伤害","","","1"
"6500","/キメラ大特攻","戦技アビリティ","キメラに対して特攻大ダメージを与える","","","20","/キメラ大特攻","战技能力","对奇美拉造成大量特攻伤害","","","1"
"6501","/キメラ超特攻","戦技アビリティ","キメラに対して特攻超ダメージを与える","","","20","/キメラ超特攻","战技能力","对奇美拉造成特攻超伤害","","","1"
"6502","/天使大特攻","戦技アビリティ","天使に対して特攻大ダメージを与える","","","20","/天使大特攻","战技能力","对天使造成大量特攻伤害","","","1"
"6503","/天使超特攻","戦技アビリティ","天使に対して特攻超ダメージを与える","","","20","/天使超特攻","战技能力","对天使造成特攻超伤害","","","1"
"6504","/巨体大特攻","戦技アビリティ","巨体の敵に対して特攻大ダメージを与える","","","20","/巨体大特攻","战技能力","对巨体敌人造成大量特攻伤害","","","1"
"6505","/巨体超特攻","戦技アビリティ","巨体の敵に対して特攻超ダメージを与える","","","20","/巨体超特攻","战技能力","对巨体敌人造成特攻超伤害","","","1"
"6506","ロイド特攻","戦技アビリティ","ロイドに対して特攻ダメージを与える","7040:禁忌科学者（Lv4）","","12","机器人特攻","战技能力","对机器人造成特攻伤害","7040:禁忌科学家（Lv4）","","1"
"6507","/ロイド大特攻","戦技アビリティ","ロイドに対して特攻大ダメージを与える","","","20","/ロイド大特攻","战技能力","对机器人造成大量特攻伤害","","","1"
"6508","/ロイド超特攻","戦技アビリティ","ロイドに対して特攻超ダメージを与える","","","20","/ロイド超特攻","战技能力","对机器人造成特攻超伤害","","","1"
"6509","アポトーシス特攻","戦技アビリティ","アポトーシスに対して特攻ダメージを与える","7027:カオスバスター（Lv9）","","15","凋零者特攻","战技能力","对凋零者造成特攻伤害","7027:混沌破坏者（Lv9）","","1"
"6510","混沌中和","戦技アビリティ","アポトーシスに対して特攻大ダメージを与える","","7454:混沌の精霊（Lv15）","20","混沌中和","战技能力","对凋零者造成大量特攻伤害","","7454:混沌精灵（Lv15）","1"
"6511","/アポトーシス超特攻","戦技アビリティ","アポトーシスに対して特攻超ダメージを与える","","","20","/アポトーシス超特攻","战技能力","对凋零者造成特攻超伤害","","","1"
"6512","飛行特攻","戦技アビリティ","飛行する相手に対して特攻ダメージを与える","7034:ラストサバイバー（Lv6）","","15","飞行特攻","战技能力","对飞行对手造成特攻伤害","7034:最后幸存者（Lv6）","","1"
"6513","/飛行大特攻","戦技アビリティ","飛行する相手に対して特攻大ダメージを与える","","","20","/飛行大特攻","战技能力","对飞行对手造成大量特攻伤害","","","1"
"6514","/飛行超特攻","戦技アビリティ","飛行する相手に対して特攻超ダメージを与える","","","20","/飛行超特攻","战技能力","对飞行对手造成特攻超伤害","","","1"
"6515","魔王特攻","戦技アビリティ","魔王に対して特攻ダメージを与える","","","15","魔王特攻","战技能力","对魔王造成特攻伤害","","","1"
"6516","/魔王大特攻","戦技アビリティ","魔王に対して特攻大ダメージを与える","","","25","/魔王大特攻","战技能力","对魔王造成大量特攻伤害","","","1"
"6517","/魔王超特攻","戦技アビリティ","魔王に対して特攻超ダメージを与える","","","25","/魔王超特攻","战技能力","对魔王造成特攻超伤害","","","1"
"6518","神特攻","戦技アビリティ","神に対して特攻ダメージを与える","","7452:第三の神（Lv10）","20","神特攻","战技能力","对神造成特攻伤害","","7452:第三神（Lv10）","1"
"6519","/神大特攻","戦技アビリティ","神に対して特攻大ダメージを与える","","","30","/神大特攻","战技能力","对神造成大量特攻伤害","","","1"
"6520","/神超特攻","戦技アビリティ","神に対して特攻超ダメージを与える","","","30","/神超特攻","战技能力","对神造成特攻超伤害","","","1"
"6521","ボス特攻15%","戦技アビリティ","ボスへのダメージが15%アップする","7004:フェンサー（Lv7）","","10","BOSS特攻15%","战技能力","对BOSS的伤害提升15%","7004:剑术家（Lv7）","","1"
"6522","ボス特攻30%","戦技アビリティ","ボスへのダメージが30%アップする","143:光の勇者（Lv4）；144:闇の勇者（Lv4）；7005:ノーブルフェンサー（Lv7）","","20","BOSS特攻30%","战技能力","对BOSS的伤害提升30%","143:光之勇者（Lv4）；144:暗之勇者（Lv4）；7005:高贵剑士（Lv7）","","1"
"6523","ボス特攻50%","戦技アビリティ","ボスへのダメージが50%アップする","7051:混沌の勇者（Lv14）","","30","BOSS特攻50%","战技能力","对BOSS的伤害提升50%","7051:混沌的勇者（Lv14）","","1"
"6524","ボス特攻75%","戦技アビリティ","ボスへのダメージが75%アップする","7070:英雄王（Lv15）","","40","BOSS特攻75%","战技能力","对BOSS的伤害提升75%","7070:英雄王（Lv15）","","1"
"6525","ボス特攻100%","戦技アビリティ","ボスへのダメージが100%アップする","7072:ワールドブレイカー（Lv14）","","50","BOSS特攻100%","战技能力","对BOSS的伤害提升100%","7072:世界破坏者（Lv14）","","1"
"6526","物理オーバーブースター","戦技アビリティ","物理属性のダメージと消費MP・SPが2倍になる
※同系統のブースターと同時セット可能","7070:英雄王（Lv16）","7412:混沌の魔神（Lv16）；7446:星喰い（Lv18）","3","物理超增强","战技能力","物理属性伤害和消耗MP・SP变为2倍
※可与同系列增强同时装备","7070:英雄王（Lv16）","7412:混沌的魔神（Lv16）；7446:星喰（Lv18）","1"
"6527","/物理ブースター","戦技アビリティ","物理属性のダメージが75%アップする","","","10","/物理ブースター","战技能力","物理属性伤害提升75%","","","1"
"6528","/物理ブースター","戦技アビリティ","物理属性のダメージが100%アップする","","","10","/物理ブースター","战技能力","物理属性伤害提升100%","","","1"
"6529","/物理ブースター","戦技アビリティ","物理属性のダメージが200%アップする","","","10","/物理ブースター","战技能力","物理属性伤害提升200%","","","1"
"6530","種族特攻オーバーブースター","戦技アビリティ","種族特攻ダメージが200%アップ、全スキルの消費SPが2倍になる
※同系統のブースターと同時セット可能","","7428:次元侵蝕者（Lv15）","3","种族特攻超增强","战技能力","种族特攻伤害提升200%，所有技能的消耗SP变为2倍
※可与同系列增强同时装备","","7428:次元侵蚀者（Lv15）","1"
"6531","/種族特攻ブースター","戦技アビリティ","種族特攻ダメージが200%アップする","","","10","/種族特攻ブースター","战技能力","种族特攻伤害提升200%","","","1"
"6532","/種族特攻ブースター","戦技アビリティ","種族特攻ダメージが300%アップする","","","10","/種族特攻ブースター","战技能力","种族特攻伤害提升300%","","","1"
"6533","/種族特攻ブースター","戦技アビリティ","種族特攻ダメージが500%アップする","","","10","/種族特攻ブースター","战技能力","种族特攻伤害提升500%","","","1"
"6534","状態異常特攻ブースター","戦技アビリティ","状態異常特攻ダメージが25%アップする","50:魔女（Lv4）；7006:妖術師（Lv10）","","10","状态异常特攻增强","战技能力","状态异常特攻伤害提升25%","50:魔女（Lv4）；7006:妖术师（Lv10）","","1"
"6535","状態異常特攻ハイブースター","戦技アビリティ","状態異常特攻ダメージが50%アップする","7007:異界妖術師（Lv10）；7024:アルティメット魔法少女（Lv8）","327:世界樹花（Lv15）","20","状态异常特攻高级增强","战技能力","状态异常特攻伤害提升50%","7007:异界妖术师（Lv10）；7024:究极魔法少女（Lv8）","327:世界树之花（Lv15）","1"
"6536","状態異常特攻エクスブースター","戦技アビリティ","状態異常特攻ダメージが100%アップする","","7431:千樹華音（Lv15）","30","状态异常特攻极限增强","战技能力","状态异常特攻伤害提升100%","","7431:千树华音（Lv15）","1"
"6537","状態異常特攻オーバーブースター","戦技アビリティ","状態異常特攻ダメージが200%アップ、全スキルの消費SPが2倍になる
※同系統のブースターと同時セット可能","","7452:第三の神（Lv12）","3","状态异常特攻超增强","战技能力","状态异常特攻伤害提升200%，所有技能的消耗SP变为2倍
※可与同系列增强同时装备","","7452:第三神（Lv12）","1"
"6538","/状態異常特攻ブースター","戦技アビリティ","状態異常特攻ダメージが200%アップする","","","10","/状態異常特攻ブースター","战技能力","状态异常特攻伤害提升200%","","","1"
"6539","/状態異常特攻ブースター","戦技アビリティ","状態異常特攻ダメージが300%アップする","","","10","/状態異常特攻ブースター","战技能力","状态异常特攻伤害提升300%","","","1"
"6540","修羅ブースター","戦技アビリティ","修羅属性のダメージが15%アップする","7014:修羅（Lv14）；7016:拳神（Lv14）；7026:銃神（Lv14）；7031:七海覇王（Lv14）；7051:混沌の勇者（Lv13）；7056:超魔生物（Lv12）","153:魔神（Lv9）","15","修罗增强","战技能力","修罗属性伤害提升15%","7014:修罗（Lv14）；7016:拳神（Lv14）；7026:铳神（Lv14）；7031:七海霸王（Lv14）；7051:混沌的勇者（Lv13）；7056:超魔生物（Lv12）","153:魔神（Lv9）","1"
"6541","修羅ハイブースター","戦技アビリティ","修羅属性のダメージが30%アップする","7057:剣ヲ極メシ者（Lv17）；7060:拳ヲ極メシ者（Lv17）；7064:全テヲ撃チ抜ク者（Lv16）；7070:英雄王（Lv17）；7073:破滅事象（Lv16）","154:超魔神（Lv18）；213:アルフ神族（Lv19）；244:百獣王（Lv19）；291:神竜（Lv19）","30","修罗高级增强","战技能力","修罗属性伤害提升30%","7057:剑之极致者（Lv17）；7060:拳之极致者（Lv17）；7064:全能击穿者（Lv16）；7070:英雄王（Lv17）；7073:破灭事象（Lv16）","154:超魔神（Lv18）；213:亚尔夫神族（Lv19）；244:百兽王（Lv19）；291:神龙（Lv19）","1"
"6542","修羅エクスブースター","戦技アビリティ","修羅属性のダメージが50%アップする","","7412:混沌の魔神（Lv19）；7419:アンゴルモア（Lv19）；7422:時の神獣（Lv19）；7427:虚竜（Lv19）","45","修罗极限增强","战技能力","修罗属性伤害提升50%","","7412:混沌的魔神（Lv19）；7419:安哥尔摩亚（Lv19）；7422:时之神兽（Lv19）；7427:虚龙（Lv19）","1"
"6543","修羅オーバーブースター","戦技アビリティ","修羅属性のダメージと消費MP・SPが2倍になる
※同系統のブースターと同時セット可能","","7452:第三の神（Lv18）","3","修罗超增强","战技能力","修罗属性伤害和消耗MP・SP变为2倍
※可与同系列增强同时装备","","7452:第三神（Lv18）","1"
"6544","/修羅ブースター","戦技アビリティ","修羅属性のダメージが75%アップする","","","10","/修羅ブースター","战技能力","修罗属性伤害提升75%","","","1"
"6545","/修羅ブースター","戦技アビリティ","修羅属性のダメージが100%アップする","","","10","/修羅ブースター","战技能力","修罗属性伤害提升100%","","","1"
"6546","/修羅ブースター","戦技アビリティ","修羅属性のダメージが200%アップする","","","10","/修羅ブースター","战技能力","修罗属性伤害提升200%","","","1"
"6547","通常攻撃エクスブースター","戦技アビリティ","通常攻撃のダメージが4段階アップする","7062:千ノ武具ヲ極メシ者（Lv7）","7434:影、紬ぐ人形（Lv12）；7448:XX型アポトーシス（Lv12）","30","普通攻击极限增强","战技能力","普通攻击伤害提升4级","7062:千种武具之极致者（Lv7）","7434:影、䌷人偶（Lv12）；7448:XX型凋零者（Lv12）","1"
"6548","/通常攻撃ゴッドブースター","戦技アビリティ","通常攻撃のダメージが5段階アップする","","","10","/通常攻撃ゴッドブースター","战技能力","普通攻击伤害提升5级","","","1"
"6549","/通常攻撃ブースター","戦技アビリティ","通常攻撃のダメージが6段階アップする","","","10","/通常攻撃ブースター","战技能力","普通攻击伤害提升6级","","","1"
"6550","短剣オーバーブースター","戦技アビリティ","短剣を用いたダメージと消費MP・SPが2倍になる
※同系統のブースターと同時セット可能","7065:音ヨリモ速キ者（Lv16）","7417:神祖（Lv16）","3","短剑超增强","战技能力","使用短剑的伤害和消耗MP・SP变为2倍
※可与同系列增强同时装备","7065:超音速者（Lv16）","7417:神祖（Lv16）","1"
"6551","剣オーバーブースター","戦技アビリティ","剣を用いたダメージと消費MP・SPが2倍になる
※同系統のブースターと同時セット可能","7057:剣ヲ極メシ者（Lv15）","7419:アンゴルモア（Lv17）；7427:虚竜（Lv18）；7436:天の軍団長（Lv17）；7444:シンギュラリティ（Lv17）","3","剑超增强","战技能力","使用剑造成的伤害和消耗的MP・SP变为两倍
※可与同系列增强同时装备","7057:剑之极致者（Lv15）","7419:安哥尔摩亚（Lv17）；7427:虚龙（Lv18）；7436:天之军团长（Lv17）；7444:奇点（Lv17）","1"
"6552","尖剣オーバーブースター","戦技アビリティ","尖剣を用いたダメージと消費MP・SPが2倍になる
※同系統のブースターと同時セット可能","7058:全テヲ穿ツ者（Lv16）","7414:大魔王（Lv17）","3","尖剑超增强","战技能力","使用尖剑造成的伤害和消耗的MP・SP变为两倍
※可与同系列增强同时装备","7058:贯穿一切者（Lv16）","7414:大魔王（Lv17）","1"
"6553","槍オーバーブースター","戦技アビリティ","槍を用いたダメージと消費MP・SPが2倍になる
※同系統のブースターと同時セット可能","7058:全テヲ穿ツ者（Lv16）","7426:フェニックス（Lv16）；7436:天の軍団長（Lv17）","3","枪超增强","战技能力","使用枪造成的伤害和消耗的MP・SP变为两倍
※可与同系列增强同时装备","7058:贯穿一切者（Lv16）","7426:凤凰（Lv16）；7436:天之军团长（Lv17）","1"
"6554","刀オーバーブースター","戦技アビリティ","刀を用いたダメージと消費MP・SPが2倍になる
※同系統のブースターと同時セット可能","7057:剣ヲ極メシ者（Lv15）","7415:マガツオオミカミ（Lv15）；7425:正体不明触手禍（Lv18）","3","刀超增强","战技能力","使用刀造成的伤害和消耗的MP・SP变为两倍
※可与同系列增强同时装备","7057:剑之极致者（Lv15）","7415:祸津大御神（Lv15）；7425:正体不明触手祸（Lv18）","1"
"6555","忍者刀オーバーブースター","戦技アビリティ","忍者刀を用いたダメージと消費MP・SPが2倍になる
※同系統のブースターと同時セット可能","7065:音ヨリモ速キ者（Lv16）","7417:神祖（Lv16）；7423:白面金毛九尾の狐（Lv15）","3","忍者刀超增强","战技能力","使用忍者刀造成的伤害和消耗的MP・SP变为两倍
※可与同系列增强同时装备","7065:超音速者（Lv16）","7417:神祖（Lv16）；7423:白面金毛九尾狐（Lv15）","1"
"6556","拳オーバーブースター","戦技アビリティ","拳を用いたダメージと消費MP・SPが2倍になる
※同系統のブースターと同時セット可能","7060:拳ヲ極メシ者（Lv16）","7422:時の神獣（Lv16）；7427:虚竜（Lv18）；7430:バアル・ゼブブ（Lv18）；7440:天界決戦兵器（Lv18）","3","拳超增强","战技能力","使用拳造成的伤害和消耗的MP・SP变为两倍
※可与同系列增强同时装备","7060:拳之极致者（Lv16）","7422:时之神兽（Lv16）；7427:虚龙（Lv18）；7430:巴力・西卜（Lv18）；7440:天界决战兵器（Lv18）","1"
"6557","牙オーバーブースター","戦技アビリティ","牙を用いたダメージと消費MP・SPが2倍になる
※同系統のブースターと同時セット可能","7073:破滅事象（Lv14）","7422:時の神獣（Lv18）；7427:虚竜（Lv18）","3","牙超增强","战技能力","使用牙造成的伤害和消耗的MP・SP变为两倍
※可与同系列增强同时装备","7073:破灭事象（Lv14）","7422:时之神兽（Lv18）；7427:虚龙（Lv18）","1"
"6558","斧オーバーブースター","戦技アビリティ","斧を用いたダメージと消費MP・SPが2倍になる
※同系統のブースターと同時セット可能","7059:全テヲ壊ス者（Lv16）","7422:時の神獣（Lv16）","3","斧超增强","战技能力","使用斧造成的伤害和消耗的MP・SP变为两倍
※可与同系列增强同时装备","7059:破坏一切者（Lv16）","7422:时之神兽（Lv16）","1"
"6559","棍オーバーブースター","戦技アビリティ","棍を用いたダメージと消費MP・SPが2倍になる
※同系統のブースターと同時セット可能","7059:全テヲ壊ス者（Lv16）","7415:マガツオオミカミ（Lv15）；7432:ノーライフキング（Lv17）","3","棍超增强","战技能力","使用棍造成的伤害和消耗的MP・SP变为两倍
※可与同系列增强同时装备","7059:破坏一切者（Lv16）","7415:祸津大御神（Lv15）；7432:无生之王（Lv17）","1"
"6560","鎌オーバーブースター","戦技アビリティ","鎌を用いたダメージと消費MP・SPが2倍になる
※同系統のブースターと同時セット可能","7068:真理ノ探究者（Lv17）","154:超魔神（Lv13）；7433:死神（Lv17）；7441:死の獄卒（Lv17）","3","镰超增强","战技能力","使用镰造成的伤害和消耗的MP・SP变为两倍
※可与同系列增强同时装备","7068:真理探究者（Lv17）","154:超魔神（Lv13）；7433:死神（Lv17）；7441:死之狱卒（Lv17）","1"
"6561","弓矢オーバーブースター","戦技アビリティ","弓矢を用いたダメージと消費MP・SPが2倍になる
※同系統のブースターと同時セット可能","7064:全テヲ撃チ抜ク者（Lv14）","7419:アンゴルモア（Lv18）；7428:次元侵蝕者（Lv18）；7437:明けの明星（Lv17）；7442:核動力天使（Lv18）","3","弓箭超增强","战技能力","使用弓箭造成的伤害和消耗的MP・SP变为两倍
※可与同系列增强同时装备","7064:全能击穿者（Lv14）","7419:安哥尔摩亚（Lv18）；7428:次元侵蚀者（Lv18）；7437:璀璨之明星（Lv17）；7442:核动力天使（Lv18）","1"
"6562","鞭オーバーブースター","戦技アビリティ","鞭を用いたダメージと消費MP・SPが2倍になる
※同系統のブースターと同時セット可能","7062:千ノ武具ヲ極メシ者（Lv15）","7431:千樹華音（Lv18）；7438:慈愛の聖百合（Lv18）","3","鞭超增强","战技能力","使用鞭子造成的伤害和消耗的MP・SP变为两倍
※可与同系列增强同时装备","7062:千种武具之极致者（Lv15）","7431:千树华音（Lv18）；7438:慈爱的圣百合（Lv18）","1"
"6563","ブーメランオーバーブースター","戦技アビリティ","ブーメランを用いたダメージと消費MP・SPが2倍になる
※同系統のブースターと同時セット可能","7065:音ヨリモ速キ者（Lv16）","7421:カナデ（Lv16）","3","回旋镖超增强","战技能力","使用回旋镖造成的伤害和消耗的MP・SP变为两倍
※可与同系列增强同时装备","7065:超音速者（Lv16）","7421:祸抚（Lv16）","1"
"6564","鉄球オーバーブースター","戦技アビリティ","鉄球を用いたダメージと消費MP・SPが2倍になる
※同系統のブースターと同時セット可能","7059:全テヲ壊ス者（Lv16）","7424:淫欲の堕蛇（Lv18）","3","铁球超增强","战技能力","使用铁球造成的伤害和消耗的MP・SP变为两倍
※可与同系列增强同时装备","7059:破坏一切者（Lv16）","7424:淫欲的堕蛇（Lv18）","1"
"6565","扇オーバーブースター","戦技アビリティ","扇を用いたダメージと消費MP・SPが2倍になる
※同系統のブースターと同時セット可能","7066:極マリシ偶像（Lv16）","7423:白面金毛九尾の狐（Lv15）；7426:フェニックス（Lv16）；7429:名状しがたきもの（Lv15）","3","扇超增强","战技能力","使用扇造成的伤害和消耗的MP・SP变为两倍
※可与同系列增强同时装备","7066:极致偶像（Lv16）","7423:白面金毛九尾狐（Lv15）；7426:凤凰（Lv16）；7429:不可名状之物（Lv15）","1"
"6566","銃オーバーブースター","戦技アビリティ","銃を用いたダメージと消費MP・SPが2倍になる
※同系統のブースターと同時セット可能","7064:全テヲ撃チ抜ク者（Lv14）","7435:オメガタイプ（Lv16）；7442:核動力天使（Lv18）；7444:シンギュラリティ（Lv16）","3","铳超增强","战技能力","使用铳造成的伤害和消耗的MP・SP变为两倍
※可与同系列增强同时装备","7064:全能击穿者（Lv14）","7435:欧米伽之型（Lv16）；7442:核动力天使（Lv18）；7444:奇点（Lv16）","1"
"6567","短剣技ハイブースター","戦技アビリティ","「短剣技」によるダメージが30%アップする","","","20","短剑技高级增强","战技能力","「短剑技」造成的伤害提升30%","","","1"
"6568","短剣技エクスブースター","戦技アビリティ","「短剣技」によるダメージが50%アップする","","","30","短剑技极限增强","战技能力","「短剑技」造成的伤害提升50%","","","1"
"6569","短剣技オーバーブースター","戦技アビリティ","「短剣技」によるダメージと消費MP・SPが2倍になる","","","10","短剑技超增强","战技能力","「短剑技」造成的伤害和消耗的MP・SP变为两倍","","","1"
"6570","/短剣技ブースター","戦技アビリティ","「短剣技」によるダメージが75%アップする","","","10","/短剣技ブースター","战技能力","「短剑技」造成的伤害提升75%","","","1"
"6571","/短剣技ブースター","戦技アビリティ","「短剣技」によるダメージが100%アップする","","","10","/短剣技ブースター","战技能力","「短剑技」造成的伤害提升100%","","","1"
"6572","/短剣技ブースター","戦技アビリティ","「短剣技」によるダメージが200%アップする","","","10","/短剣技ブースター","战技能力","「短剑技」造成的伤害提升200%","","","1"
"6573","剣技ハイブースター","戦技アビリティ","「剣技」によるダメージが30%アップする","","","20","剑技高级增强","战技能力","「剑技」造成的伤害提升30%","","","1"
"6574","剣技エクスブースター","戦技アビリティ","「剣技」によるダメージが50%アップする","","","30","剑技极限增强","战技能力","「剑技」造成的伤害提升50%","","","1"
"6575","剣技オーバーブースター","戦技アビリティ","「剣技」によるダメージと消費MP・SPが2倍になる","","","10","剑技超增强","战技能力","「剑技」造成的伤害和消耗MP・SP变为2倍","","","1"
"6576","/剣技ブースター","戦技アビリティ","「剣技」によるダメージが75%アップする","","","10","/剣技ブースター","战技能力","「剑技」造成的伤害提升75%","","","1"
"6577","/剣技ブースター","戦技アビリティ","「剣技」によるダメージが100%アップする","","","10","/剣技ブースター","战技能力","「剑技」造成的伤害提升100%","","","1"
"6578","/剣技ブースター","戦技アビリティ","「剣技」によるダメージが200%アップする","","","10","/剣技ブースター","战技能力","「剑技」造成的伤害提升200%","","","1"
"6579","尖剣技ハイブースター","戦技アビリティ","「尖剣技」によるダメージが30%アップする","","","20","尖剑技高级增强","战技能力","「尖剑技」造成的伤害提升30%","","","1"
"6580","尖剣技エクスブースター","戦技アビリティ","「尖剣技」によるダメージが50%アップする","","","30","尖剑技极限增强","战技能力","「尖剑技」造成的伤害提升50%","","","1"
"6581","尖剣技オーバーブースター","戦技アビリティ","「尖剣技」によるダメージと消費MP・SPが2倍になる","","","10","尖剑技超增强","战技能力","「尖剑技」造成的伤害和消耗MP・SP变为两倍","","","1"
"6582","/尖剣技ブースター","戦技アビリティ","「尖剣技」によるダメージが75%アップする","","","10","/尖剣技ブースター","战技能力","「尖剑技」造成的伤害提升75%","","","1"
"6583","/尖剣技ブースター","戦技アビリティ","「尖剣技」によるダメージが100%アップする","","","10","/尖剣技ブースター","战技能力","「尖剑技」造成的伤害提升100%","","","1"
"6584","/尖剣技ブースター","戦技アビリティ","「尖剣技」によるダメージが200%アップする","","","10","/尖剣技ブースター","战技能力","「尖剑技」造成的伤害提升200%","","","1"
"6585","刀技ハイブースター","戦技アビリティ","「刀技」によるダメージが30%アップする","","","20","刀技高级增强","战技能力","「刀技」造成的伤害提升30%","","","1"
"6586","刀技エクスブースター","戦技アビリティ","「刀技」によるダメージが50%アップする","","","30","刀技极限增强","战技能力","「刀技」造成的伤害提升50%","","","1"
"6587","刀技オーバーブースター","戦技アビリティ","「刀技」によるダメージと消費MP・SPが2倍になる","","","10","刀技超增强","战技能力","「刀技」造成的伤害和消耗MP・SP变为两倍","","","1"
"6588","/刀技ブースター","戦技アビリティ","「刀技」によるダメージが75%アップする","","","10","/刀技ブースター","战技能力","「刀技」造成的伤害提升75%","","","1"
"6589","/刀技ブースター","戦技アビリティ","「刀技」によるダメージが100%アップする","","","10","/刀技ブースター","战技能力","「刀技」造成的伤害提升100%","","","1"
"6590","/刀技ブースター","戦技アビリティ","「刀技」によるダメージが200%アップする","","","10","/刀技ブースター","战技能力","「刀技」造成的伤害提升200%","","","1"
"6591","槍技ハイブースター","戦技アビリティ","「槍技」によるダメージが30%アップする","","","20","枪技高级增强","战技能力","「枪技」造成的伤害提升30%","","","1"
"6592","槍技エクスブースター","戦技アビリティ","「槍技」によるダメージが50%アップする","","","30","枪技极限增强","战技能力","「枪技」造成的伤害提升50%","","","1"
"6593","槍技オーバーブースター","戦技アビリティ","「槍技」によるダメージと消費MP・SPが2倍になる","","","10","枪技超增强","战技能力","「枪技」造成的伤害和消耗MP・SP变为两倍","","","1"
"6594","/槍技ブースター","戦技アビリティ","「槍技」によるダメージが75%アップする","","","10","/槍技ブースター","战技能力","「枪技」造成的伤害提升75%","","","1"
"6595","/槍技ブースター","戦技アビリティ","「槍技」によるダメージが100%アップする","","","10","/槍技ブースター","战技能力","「枪技」造成的伤害提升100%","","","1"
"6596","/槍技ブースター","戦技アビリティ","「槍技」によるダメージが200%アップする","","","10","/槍技ブースター","战技能力","「枪技」造成的伤害提升200%","","","1"
"6597","斧技ハイブースター","戦技アビリティ","「斧技」によるダメージが30%アップする","","","20","斧技高级增强","战技能力","「斧技」造成的伤害提升30%","","","1"
"6598","斧技エクスブースター","戦技アビリティ","「斧技」によるダメージが50%アップする","","","30","斧技极限增强","战技能力","「斧技」造成的伤害提升50%","","","1"
"6599","斧技オーバーブースター","戦技アビリティ","「斧技」によるダメージと消費MP・SPが2倍になる","","","10","斧技超增强","战技能力","「斧技」造成的伤害和消耗MP・SP变为两倍","","","1"
"6600","/斧技ブースター","戦技アビリティ","「斧技」によるダメージが75%アップする","","","10","/斧技ブースター","战技能力","「斧技」造成的伤害提升75%","","","1"
"6601","/斧技ブースター","戦技アビリティ","「斧技」によるダメージが100%アップする","","","10","/斧技ブースター","战技能力","「斧技」造成的伤害提升100%","","","1"
"6602","/斧技ブースター","戦技アビリティ","「斧技」によるダメージが200%アップする","","","10","/斧技ブースター","战技能力","「斧技」造成的伤害提升200%","","","1"
"6603","棍技ハイブースター","戦技アビリティ","「棍技」によるダメージが30%アップする","","","20","棍技高级增强","战技能力","「棍技」造成的伤害提升30%","","","1"
"6604","棍技エクスブースター","戦技アビリティ","「棍技」によるダメージが50%アップする","","","30","棍技极限增强","战技能力","「棍技」造成的伤害提升50%","","","1"
"6605","棍技オーバーブースター","戦技アビリティ","「棍技」によるダメージと消費MP・SPが2倍になる","","","10","棍技超增强","战技能力","「棍技」造成的伤害和消耗MP・SP变为2倍","","","1"
"6606","/棍技ブースター","戦技アビリティ","「棍技」によるダメージが75%アップする","","","10","/棍技ブースター","战技能力","「棍技」造成的伤害提升75%","","","1"
"6607","/棍技ブースター","戦技アビリティ","「棍技」によるダメージが100%アップする","","","10","/棍技ブースター","战技能力","「棍技」造成的伤害提升100%","","","1"
"6608","/棍技ブースター","戦技アビリティ","「棍技」によるダメージが200%アップする","","","10","/棍技ブースター","战技能力","「棍技」造成的伤害提升200%","","","1"
"6609","鎌技ハイブースター","戦技アビリティ","「鎌技」によるダメージが30%アップする","","","20","镰技高级增强","战技能力","「镰技」造成的伤害提升30%","","","1"
"6610","鎌技エクスブースター","戦技アビリティ","「鎌技」によるダメージが50%アップする","","","30","镰技极限增强","战技能力","「镰技」造成的伤害提升50%","","","1"
"6611","鎌技オーバーブースター","戦技アビリティ","「鎌技」によるダメージと消費MP・SPが2倍になる","","","10","镰技超增强","战技能力","「镰技」造成的伤害和消耗MP・SP变为2倍","","","1"
"6612","/鎌技ブースター","戦技アビリティ","「鎌技」によるダメージが75%アップする","","","10","/鎌技ブースター","战技能力","「镰技」造成的伤害提升75%","","","1"
"6613","/鎌技ブースター","戦技アビリティ","「鎌技」によるダメージが100%アップする","","","10","/鎌技ブースター","战技能力","「镰技」造成的伤害提升100%","","","1"
"6614","/鎌技ブースター","戦技アビリティ","「鎌技」によるダメージが200%アップする","","","10","/鎌技ブースター","战技能力","「镰技」造成的伤害提升200%","","","1"
"6615","弓技ハイブースター","戦技アビリティ","「技」によるダメージが30%アップする","","","20","弓技高级增强","战技能力","「技」造成的伤害提升30%","","","1"
"6616","弓技エクスブースター","戦技アビリティ","「技」によるダメージが50%アップする","","","30","弓技极限增强","战技能力","「技」造成的伤害提升50%","","","1"
"6617","弓技オーバーブースター","戦技アビリティ","「弓技」によるダメージと消費MP・SPが2倍になる","","","10","弓技超增强","战技能力","「弓技」造成的伤害和消耗MP・SP翻倍","","","1"
"6618","/弓技ブースター","戦技アビリティ","「弓技」によるダメージが75%アップする","","","10","/弓技ブースター","战技能力","「弓技」造成的伤害提升75%","","","1"
"6619","/弓技ブースター","戦技アビリティ","「弓技」によるダメージが100%アップする","","","10","/弓技ブースター","战技能力","「弓技」造成的伤害提升100%","","","1"
"6620","/弓技ブースター","戦技アビリティ","「弓技」によるダメージが200%アップする","","","10","/弓技ブースター","战技能力","「弓技」造成的伤害提升200%","","","1"
"6621","鞭技ハイブースター","戦技アビリティ","「鞭技」によるダメージが30%アップする","","","20","鞭技高级增强","战技能力","「鞭技」造成的伤害提升30%","","","1"
"6622","鞭技エクスブースター","戦技アビリティ","「鞭技」によるダメージが50%アップする","","","30","鞭技极限增强","战技能力","「鞭技」造成的伤害提升50%","","","1"
"6623","鞭技オーバーブースター","戦技アビリティ","「鞭技」によるダメージと消費MP・SPが2倍になる","","","10","鞭技超增强","战技能力","「鞭技」造成的伤害和消耗MP・SP翻倍","","","1"
"6624","/鞭技ブースター","戦技アビリティ","「鞭技」によるダメージが75%アップする","","","10","/鞭技ブースター","战技能力","「鞭技」造成的伤害提升75%","","","1"
"6625","/鞭技ブースター","戦技アビリティ","「鞭技」によるダメージが100%アップする","","","10","/鞭技ブースター","战技能力","「鞭技」造成的伤害提升100%","","","1"
"6626","/鞭技ブースター","戦技アビリティ","「鞭技」によるダメージが200%アップする","","","10","/鞭技ブースター","战技能力","「鞭技」造成的伤害提升200%","","","1"
"6627","投擲技ハイブースター","戦技アビリティ","「投擲技」によるダメージが30%アップする","","","20","投掷技高级增强","战技能力","「投掷技」造成的伤害提升30%","","","1"
"6628","投擲技エクスブースター","戦技アビリティ","「投擲技」によるダメージが50%アップする","","","30","投掷技极限增强","战技能力","「投掷技」造成的伤害提升50%","","","1"
"6629","投擲技オーバーブースター","戦技アビリティ","「投擲技」によるダメージと消費MP・SPが2倍になる","","","10","投掷技超增强","战技能力","「投掷技」造成的伤害和消耗MP・SP变为2倍","","","1"
"6630","/投擲技ブースター","戦技アビリティ","「投擲技」によるダメージが75%アップする","","","10","/投擲技ブースター","战技能力","「投掷技」造成的伤害提升75%","","","1"
"6631","/投擲技ブースター","戦技アビリティ","「投擲技」によるダメージが100%アップする","","","10","/投擲技ブースター","战技能力","「投掷技」造成的伤害提升100%","","","1"
"6632","/投擲技ブースター","戦技アビリティ","「投擲技」によるダメージが200%アップする","","","10","/投擲技ブースター","战技能力","「投掷技」造成的伤害提升200%","","","1"
"6633","鉄球技ハイブースター","戦技アビリティ","「鉄球技」によるダメージが30%アップする","","","20","铁球技高级增强","战技能力","「铁球技」造成的伤害提升30%","","","1"
"6634","鉄球技エクスブースター","戦技アビリティ","「鉄球技」によるダメージが50%アップする","","","30","铁球技极限增强","战技能力","「铁球技」造成的伤害提升50%","","","1"
"6635","鉄球技オーバーブースター","戦技アビリティ","「鉄球技」によるダメージと消費MP・SPが2倍になる","","","10","铁球技超增强","战技能力","「铁球技」造成的伤害和消耗MP・SP变为2倍","","","1"
"6636","/鉄球技ブースター","戦技アビリティ","「鉄球技」によるダメージが75%アップする","","","10","/鉄球技ブースター","战技能力","「铁球技」造成的伤害提升75%","","","1"
"6637","/鉄球技ブースター","戦技アビリティ","「鉄球技」によるダメージが100%アップする","","","10","/鉄球技ブースター","战技能力","「铁球技」造成的伤害提升100%","","","1"
"6638","/鉄球技ブースター","戦技アビリティ","「鉄球技」によるダメージが200%アップする","","","10","/鉄球技ブースター","战技能力","「铁球技」造成的伤害提升200%","","","1"
"6639","扇技ハイブースター","戦技アビリティ","「扇技」によるダメージが30%アップする","","","20","扇技高级增强","战技能力","「扇技」造成的伤害提升30%","","","1"
"6640","扇技エクスブースター","戦技アビリティ","「扇技」によるダメージが50%アップする","","","30","扇技极限增强","战技能力","「扇技」造成的伤害提升50%","","","1"
"6641","扇技オーバーブースター","戦技アビリティ","「扇技」によるダメージと消費MP・SPが2倍になる","","","10","扇技超增强","战技能力","「扇技」造成的伤害和消耗MP・SP变为2倍","","","1"
"6642","/扇技ブースター","戦技アビリティ","「扇技」によるダメージが75%アップする","","","10","/扇技ブースター","战技能力","「扇技」造成的伤害提升75%","","","1"
"6643","/扇技ブースター","戦技アビリティ","「扇技」によるダメージが100%アップする","","","10","/扇技ブースター","战技能力","「扇技」造成的伤害提升100%","","","1"
"6644","/扇技ブースター","戦技アビリティ","「扇技」によるダメージが200%アップする","","","10","/扇技ブースター","战技能力","「扇技」造成的伤害提升200%","","","1"
"6645","銃技ハイブースター","戦技アビリティ","「銃技」によるダメージが30%アップする","","","20","铳技高级增强","战技能力","「铳技」造成的伤害提升30%","","","1"
"6646","銃技エクスブースター","戦技アビリティ","「銃技」によるダメージが50%アップする","","","30","铳技极限增强","战技能力","「铳技」造成的伤害提升50%","","","1"
"6647","銃技オーバーブースター","戦技アビリティ","「銃技」によるダメージと消費MP・SPが2倍になる","","","10","铳技超增强","战技能力","「铳技」造成的伤害和消耗MP・SP变为两倍","","","1"
"6648","/銃技ブースター","戦技アビリティ","「銃技」によるダメージが75%アップする","","","10","/銃技ブースター","战技能力","「铳技」造成的伤害提升75%","","","1"
"6649","/銃技ブースター","戦技アビリティ","「銃技」によるダメージが100%アップする","","","10","/銃技ブースター","战技能力","「铳技」造成的伤害提升100%","","","1"
"6650","/銃技ブースター","戦技アビリティ","「銃技」によるダメージが200%アップする","","","10","/銃技ブースター","战技能力","「铳技」造成的伤害提升200%","","","1"
"6651","多武器技ハイブースター","戦技アビリティ","「多武器技」によるダメージが30%アップする","","","20","多武器技高级增强","战技能力","「多武器技」造成的伤害提升30%","","","1"
"6652","多武器技エクスブースター","戦技アビリティ","「多武器技」によるダメージが50%アップする","","","30","多武器技极限增强","战技能力","「多武器技」造成的伤害提升50%","","","1"
"6653","多武器技オーバーブースター","戦技アビリティ","「多武器技」によるダメージと消費MP・SPが2倍になる","","","10","多武器技超增强","战技能力","「多武器技」造成的伤害和消耗MP・SP变为两倍","","","1"
"6654","/多武器技ブースター","戦技アビリティ","「多武器技」によるダメージが75%アップする","","","10","/多武器技ブースター","战技能力","「多武器技」造成的伤害提升75%","","","1"
"6655","/多武器技ブースター","戦技アビリティ","「多武器技」によるダメージが100%アップする","","","10","/多武器技ブースター","战技能力","「多武器技」造成的伤害提升100%","","","1"
"6656","/多武器技ブースター","戦技アビリティ","「多武器技」によるダメージが200%アップする","","","10","/多武器技ブースター","战技能力","「多武器技」造成的伤害提升200%","","","1"
"6657","格闘ハイブースター","戦技アビリティ","「格闘」によるダメージが30%アップする","","","20","格斗高级增强","战技能力","「格斗」造成的伤害提升30%","","","1"
"6658","格闘エクスブースター","戦技アビリティ","「格闘」によるダメージが50%アップする","","","30","格斗极限增强","战技能力","「格斗」造成的伤害提升50%","","","1"
"6659","格闘オーバーブースター","戦技アビリティ","「格闘」によるダメージと消費MP・SPが2倍になる","","","10","格斗超增强","战技能力","「格斗」造成的伤害和消耗MP・SP翻倍","","","1"
"6660","/格闘ブースター","戦技アビリティ","「格闘」によるダメージが75%アップする","","","10","/格闘ブースター","战技能力","「格斗」造成的伤害提升75%","","","1"
"6661","/格闘ブースター","戦技アビリティ","「格闘」によるダメージが100%アップする","","","10","/格闘ブースター","战技能力","「格斗」造成的伤害提升100%","","","1"
"6662","/格闘ブースター","戦技アビリティ","「格闘」によるダメージが200%アップする","","","10","/格闘ブースター","战技能力","「格斗」造成的伤害提升200%","","","1"
"6663","物理耐性貫通","戦技アビリティ","物理属性攻撃が敵の耐性を貫通する","7058:全テヲ穿ツ者（Lv15）；7064:全テヲ撃チ抜ク者（Lv11）","7412:混沌の魔神（Lv8）","15","物理耐性贯通","战技能力","物理属性攻击穿透敌人的耐性","7058:贯穿一切者（Lv15）；7064:全能击穿者（Lv11）","7412:混沌的魔神（Lv8）","1"
"6664","全武技スキル使用可能","戦技アビリティ","全武技スキルが使用可能になる","7028:パーフェクトアームズ（Lv12）","","20","所有武技技能可用","战技能力","所有武技技能变为可用","7028:完美武器（Lv12）","","1"
"6665","短剣技速攻","戦技アビリティ","短剣技が速攻で発動するが、消費SPが1.5倍になる","7029:盗神（Lv7）","","25","短剑技速攻","战技能力","短剣技が速攻で発動するが、消費SPが1.5倍になる","7029:盗神（Lv7）","","1"
"6666","剣技速攻","戦技アビリティ","剣技が速攻で発動するが、消費SPが1.5倍になる","7011:究極剣士（Lv13）","","25","剑技速攻","战技能力","剣技が速攻で発動するが、消費SPが1.5倍になる","7011:究极剑士（Lv13）","","1"
"6667","尖剣技速攻","戦技アビリティ","尖剣技が速攻で発動するが、消費SPが1.5倍になる","7053:ラストノーブル（Lv13）","","25","尖剑技速攻","战技能力","尖剣技が速攻で発動するが、消費SPが1.5倍になる","7053:最后的贵族（Lv13）","","1"
"6668","刀技速攻","戦技アビリティ","刀技が速攻で発動するが、消費SPが1.5倍になる","7014:修羅（Lv8）","","25","刀技速攻","战技能力","刀技が速攻で発動するが、消費SPが1.5倍になる","7014:修罗（Lv8）","","1"
"6669","槍技速攻","戦技アビリティ","槍技が速攻で発動するが、消費SPが1.5倍になる","7013:神竜の騎士（Lv13）","","25","枪技速攻","战技能力","槍技が速攻で発動するが、消費SPが1.5倍になる","7013:神龙骑士（Lv13）","","1"
"6670","斧技速攻","戦技アビリティ","斧技が速攻で発動するが、消費SPが1.5倍になる","","7422:時の神獣（Lv9）","25","斧技速攻","战技能力","斧技が速攻で発動するが、消費SPが1.5倍になる","","7422:时之神兽（Lv9）","1"
"6671","棍技速攻","戦技アビリティ","棍技が速攻で発動するが、消費SPが1.5倍になる","","7432:ノーライフキング（Lv14）","25","棍技速攻","战技能力","棍技が速攻で発動するが、消費SPが1.5倍になる","","7432:无生之王（Lv14）","1"
"6672","鎌技速攻","戦技アビリティ","鎌技が速攻で発動するが、消費SPが1.5倍になる","","7433:死神（Lv10）","25","镰技速攻","战技能力","鎌技が速攻で発動するが、消費SPが1.5倍になる","","7433:死神（Lv10）","1"
"6673","弓技速攻","戦技アビリティ","弓技が速攻で発動するが、消費SPが1.5倍になる","7025:狩神（Lv12）","","25","弓技速攻","战技能力","弓技が速攻で発動するが、消費SPが1.5倍になる","7025:狩神（Lv12）","","1"
"6674","鞭技速攻","戦技アビリティ","鞭技が速攻で発動するが、消費SPが1.5倍になる","7027:カオスバスター（Lv11）","","25","鞭技速攻","战技能力","鞭技が速攻で発動するが、消費SPが1.5倍になる","7027:混沌破坏者（Lv11）","","1"
"6675","投擲技速攻","戦技アビリティ","投擲技が速攻で発動するが、消費SPが1.5倍になる","7034:ラストサバイバー（Lv10）","","25","投掷技速攻","战技能力","投擲技が速攻で発動するが、消費SPが1.5倍になる","7034:最后幸存者（Lv10）","","1"
"6676","鉄球技速攻","戦技アビリティ","鉄球技が速攻で発動するが、消費SPが1.5倍になる","","7424:淫欲の堕蛇（Lv11）","25","铁球技速攻","战技能力","鉄球技が速攻で発動するが、消費SPが1.5倍になる","","7424:淫欲的堕蛇（Lv11）","1"
"6677","扇技速攻","戦技アビリティ","扇技が速攻で発動するが、消費SPが1.5倍になる","7036:舞踏神（Lv11）","","25","扇技速攻","战技能力","扇技が速攻で発動するが、消費SPが1.5倍になる","7036:舞蹈神（Lv11）","","1"
"6678","銃技速攻","戦技アビリティ","銃技が速攻で発動するが、消費SPが1.5倍になる","7026:銃神（Lv10）","","25","铳技速攻","战技能力","銃技が速攻で発動するが、消費SPが1.5倍になる","7026:铳神（Lv10）","","1"
"6679","多武器技速攻","戦技アビリティ","多武器技が速攻で発動するが、消費SPが1.5倍になる","","7415:マガツオオミカミ（Lv7）","25","多武器技速攻","战技能力","多武器技が速攻で発動するが、消費SPが1.5倍になる","","7415:祸津大御神（Lv7）","1"
"6680","格闘速攻","戦技アビリティ","格闘が速攻で発動するが、消費SPが1.5倍になる","7016:拳神（Lv12）","","25","格斗速攻","战技能力","格闘が速攻で発動するが、消費SPが1.5倍になる","7016:拳神（Lv12）","","1"
"6681","全武技スキル速攻","戦技アビリティ","全武技スキルが速攻で発動するが、消費MP・SPが1.5倍になる","","","40","全武技技能迅速发动","战技能力","全武技スキルが速攻で発動するが、消費MP・SPが1.5倍になる","","","1"
"6682","短剣技防御力無視","戦技アビリティ","短剣技で防御力を無視してダメージを与えるが、消費量が1.3倍になる","7029:盗神（Lv4）","","10","短剑技无视防御力","战技能力","短剣技で防御力を無視してダメージを与えるが、消費量が1.3倍になる","7029:盗神（Lv4）","","1"
"6683","剣技防御力無視","戦技アビリティ","剣技で防御力を無視してダメージを与えるが、消費量が1.3倍になる","7011:究極剣士（Lv4）","","10","剑技无视防御力","战技能力","剣技で防御力を無視してダメージを与えるが、消費量が1.3倍になる","7011:究极剑士（Lv4）","","1"
"6684","尖剣技防御力無視","戦技アビリティ","尖剣技で防御力を無視してダメージを与えるが、消費量が1.3倍になる","7053:ラストノーブル（Lv11）","","10","尖剑技无视防御力","战技能力","尖剣技で防御力を無視してダメージを与えるが、消費量が1.3倍になる","7053:最后的贵族（Lv11）","","1"
"6685","刀技防御力無視","戦技アビリティ","刀技で防御力を無視してダメージを与えるが、消費量が1.3倍になる","7014:修羅（Lv6）","","10","刀技无视防御力","战技能力","刀技で防御力を無視してダメージを与えるが、消費量が1.3倍になる","7014:修罗（Lv6）","","1"
"6686","槍技防御力無視","戦技アビリティ","槍技で防御力を無視してダメージを与えるが、消費量が1.3倍になる","7013:神竜の騎士（Lv5）","","10","枪技无视防御力","战技能力","槍技で防御力を無視してダメージを与えるが、消費量が1.3倍になる","7013:神龙骑士（Lv5）","","1"
"6687","斧技防御力無視","戦技アビリティ","斧技で防御力を無視してダメージを与えるが、消費量が1.3倍になる","7015:メテオブレイカー（Lv7）","","10","斧技无视防御力","战技能力","斧技で防御力を無視してダメージを与えるが、消費量が1.3倍になる","7015:流星破坏者（Lv7）","","1"
"6688","棍技防御力無視","戦技アビリティ","棍技で防御力を無視してダメージを与えるが、消費量が1.3倍になる","7015:メテオブレイカー（Lv6）","","10","棍技无视防御力","战技能力","棍技で防御力を無視してダメージを与えるが、消費量が1.3倍になる","7015:流星破坏者（Lv6）","","1"
"6689","鎌技防御力無視","戦技アビリティ","鎌技で防御力を無視してダメージを与えるが、消費量が1.3倍になる","","153:魔神（Lv5）","10","镰技无视防御力","战技能力","鎌技で防御力を無視してダメージを与えるが、消費量が1.3倍になる","","153:魔神（Lv5）","1"
"6690","弓技防御力無視","戦技アビリティ","弓技で防御力を無視してダメージを与えるが、消費量が1.3倍になる","7025:狩神（Lv5）","","10","弓技无视防御力","战技能力","弓技で防御力を無視してダメージを与えるが、消費量が1.3倍になる","7025:狩神（Lv5）","","1"
"6691","鞭技防御力無視","戦技アビリティ","鞭技で防御力を無視してダメージを与えるが、消費量が1.3倍になる","7027:カオスバスター（Lv4）","","10","鞭技无视防御力","战技能力","鞭技で防御力を無視してダメージを与えるが、消費量が1.3倍になる","7027:混沌破坏者（Lv4）","","1"
"6692","投擲技防御力無視","戦技アビリティ","投擲技で防御力を無視してダメージを与えるが、消費量が1.3倍になる","","231:究極群体生命（Lv9）","10","投掷技防御力无视","战技能力","投擲技で防御力を無視してダメージを与えるが、消費量が1.3倍になる","","231:究极群体生命（Lv9）","1"
"6693","鉄球技防御力無視","戦技アビリティ","鉄球技で防御力を無視してダメージを与えるが、消費量が1.3倍になる","7015:メテオブレイカー（Lv8）","","10","铁球技防御力无视","战技能力","鉄球技で防御力を無視してダメージを与えるが、消費量が1.3倍になる","7015:流星破坏者（Lv8）","","1"
"6694","扇技防御力無視","戦技アビリティ","扇技で防御力を無視してダメージを与えるが、消費量が1.3倍になる","7036:舞踏神（Lv5）","","10","扇技防御力无视","战技能力","扇技で防御力を無視してダメージを与えるが、消費量が1.3倍になる","7036:舞蹈神（Lv5）","","1"
"6695","銃技防御力無視","戦技アビリティ","銃技で防御力を無視してダメージを与えるが、消費量が1.3倍になる","7026:銃神（Lv4）","","10","铳技防御力无视","战技能力","銃技で防御力を無視してダメージを与えるが、消費量が1.3倍になる","7026:铳神（Lv4）","","1"
"6696","多武器技防御力無視","戦技アビリティ","多武器技で防御力を無視してダメージを与えるが、消費量が1.3倍になる","7028:パーフェクトアームズ（Lv7）","","10","多武器技防御力无视","战技能力","多武器技で防御力を無視してダメージを与えるが、消費量が1.3倍になる","7028:完美武器（Lv7）","","1"
"6697","格闘防御力無視","戦技アビリティ","格闘で防御力を無視してダメージを与えるが、消費量が1.3倍になる","7017:神の守護者（Lv6）","","10","格斗防御力无视","战技能力","格闘で防御力を無視してダメージを与えるが、消費量が1.3倍になる","7017:神之守护者（Lv6）","","1"
"6698","全武技スキル防御力無視","戦技アビリティ","武技スキルで防御力を無視してダメージを与えるが、消費量が1.3倍になる","","","20","全武技技能防御力无视","战技能力","武技スキルで防御力を無視してダメージを与えるが、消費量が1.3倍になる","","","1"
"6699","短剣技連撃回数2アップ","戦技アビリティ","短剣技連撃スキルのヒット数が2アップ","","193:ドラキュリーナ（Lv8）","10","短剑技连击次数增加2","战技能力","短剑技连击技能的命中次数增加2","","193:德古莉娜（Lv8）","1"
"6700","短剣技連撃回数3アップ","戦技アビリティ","短剣技連撃スキルのヒット数が3アップ","","7417:神祖（Lv11）","20","短剑技连击次数增加3","战技能力","短剑技连击技能的命中次数增加3","","7417:神祖（Lv11）","1"
"6701","剣技連撃回数2アップ","戦技アビリティ","剣技連撃スキルのヒット数が2アップ","7011:究極剣士（Lv9）","","10","剑技连击次数增加2","战技能力","剑技连击技能的命中次数增加2","7011:究极剑士（Lv9）","","1"
"6702","剣技連撃回数3アップ","戦技アビリティ","剣技連撃スキルのヒット数が3アップ","7057:剣ヲ極メシ者（Lv5）","","20","剑技连击次数增加3","战技能力","剑技连击技能的命中次数增加3","7057:剑之极致者（Lv5）","","1"
"6703","尖剣技連撃回数1アップ","戦技アビリティ","連撃尖剣スキルのヒット数が1アップ","7004:フェンサー（Lv9）","","3","尖剑技连击次数增加1","战技能力","连击尖剑技能的命中次数增加1","7004:剑术家（Lv9）","","1"
"6704","尖剣技連撃回数2アップ","戦技アビリティ","連撃尖剣スキルのヒット数が2アップ","7005:ノーブルフェンサー（Lv9）","","6","尖剑技连击次数增加2","战技能力","连击尖剑技能的命中次数增加2","7005:高贵剑士（Lv9）","","1"
"6705","尖剣技連撃回数3アップ","戦技アビリティ","連撃尖剣スキルのヒット数が3アップ","7053:ラストノーブル（Lv6）","","10","尖剑技连击次数增加3","战技能力","连击尖剑技能的命中次数增加3","7053:最后的贵族（Lv6）","","1"
"6706","尖剣技連撃回数4アップ","戦技アビリティ","尖剣技連撃スキルのヒット数が4アップ","7058:全テヲ穿ツ者（Lv14）","","20","尖剑技连击次数增加4","战技能力","尖剑技连击技能的命中次数增加4","7058:贯穿一切者（Lv14）","","1"
"6707","刀技連撃回数2アップ","戦技アビリティ","刀技連撃スキルのヒット数が2アップ","","174:妖怪王（Lv9）","10","刀技连击次数增加2","战技能力","刀技连击技能的命中次数增加2","","174:妖怪王（Lv9）","1"
"6708","刀技連撃回数3アップ","戦技アビリティ","刀技連撃スキルのヒット数が3アップ","","7415:マガツオオミカミ（Lv6）","20","刀技连击次数增加3","战技能力","刀技连击技能的命中次数增加3","","7415:祸津大御神（Lv6）","1"
"6709","槍技連撃回数2アップ","戦技アビリティ","槍技連撃スキルのヒット数が2アップ","7013:神竜の騎士（Lv12）","","10","枪技连击次数增加2","战技能力","枪技连击技能的命中次数增加2","7013:神龙骑士（Lv12）","","1"
"6710","槍技連撃回数3アップ","戦技アビリティ","槍技連撃スキルのヒット数が3アップ","7058:全テヲ穿ツ者（Lv14）","","20","枪技连击次数增加3","战技能力","枪技连击技能的命中次数增加3","7058:贯穿一切者（Lv14）","","1"
"6711","斧技連撃回数2アップ","戦技アビリティ","斧技連撃スキルのヒット数が2アップ","","244:百獣王（Lv12）","10","斧技连击次数增加2","战技能力","斧技连击技能的命中次数增加2","","244:百兽王（Lv12）","1"
"6712","斧技連撃回数3アップ","戦技アビリティ","斧技連撃スキルのヒット数が3アップ","","7422:時の神獣（Lv13）","20","斧技连击次数增加3","战技能力","斧技连击技能的命中次数增加3","","7422:时之神兽（Lv13）","1"
"6713","棍技連撃回数2アップ","戦技アビリティ","棍技連撃スキルのヒット数が2アップ","","","10","棍技连击次数增加2","战技能力","棍技连击技能的命中次数增加2","","","1"
"6714","棍技連撃回数3アップ","戦技アビリティ","棍技連撃スキルのヒット数が3アップ","","","20","棍技连击次数增加3","战技能力","棍技连击技能的命中次数增加3","","","1"
"6715","鎌技連撃回数2アップ","戦技アビリティ","鎌技連撃スキルのヒット数が2アップ","7044:究極魔芸師（Lv5）","","10","镰技连击次数增加2","战技能力","镰技连击技能的命中次数增加2","7044:究极魔艺师（Lv5）","","1"
"6716","鎌技連撃回数3アップ","戦技アビリティ","鎌技連撃スキルのヒット数が3アップ","","7441:死の獄卒（Lv10）","20","镰技连击次数增加3","战技能力","镰技连击技能的命中次数增加3","","7441:死之狱卒（Lv10）","1"
"6717","弓技連撃回数3アップ","戦技アビリティ","弓技連撃スキルのヒット数が3アップ","7025:狩神（Lv10）","","10","弓技连击次数增加3","战技能力","弓技连击技能的命中次数增加3","7025:狩神（Lv10）","","1"
"6718","弓技連撃回数4アップ","戦技アビリティ","弓技連撃スキルのヒット数が4アップ","","7442:核動力天使（Lv10）","20","弓技连击次数增加4","战技能力","弓技连击技能的命中次数增加4","","7442:核动力天使（Lv10）","1"
"6719","鞭技連撃回数2アップ","戦技アビリティ","鞭技連撃スキルのヒット数が2アップ","7027:カオスバスター（Lv6）","","10","鞭技连击次数增加2","战技能力","鞭技连击技能的命中次数增加2","7027:混沌破坏者（Lv6）","","1"
"6720","鞭技連撃回数3アップ","戦技アビリティ","鞭技連撃スキルのヒット数が3アップ","","7438:慈愛の聖百合（Lv10）","20","鞭技连击次数增加3","战技能力","鞭技连击技能的命中次数增加3","","7438:慈爱的圣百合（Lv10）","1"
"6721","投擲技連撃回数2アップ","戦技アビリティ","投擲技連撃スキルのヒット数が2アップ","","231:究極群体生命（Lv9）","10","投掷技连击次数增加2","战技能力","投掷技连击技能的命中次数增加2","","231:究极群体生命（Lv9）","1"
"6722","投擲技連撃回数3アップ","戦技アビリティ","投擲技連撃スキルのヒット数が3アップ","","7421:カナデ（Lv11）","20","投掷技连击次数增加3","战技能力","投掷技连击技能的命中次数增加3","","7421:祸抚（Lv11）","1"
"6723","鉄球技連撃回数2アップ","戦技アビリティ","鉄球技連撃スキルのヒット数が2アップ","","264:ウロボロス（Lv11）","10","铁球技连击次数增加2","战技能力","铁球技连击技能的命中次数增加2","","264:衔尾蛇（Lv11）","1"
"6724","鉄球技連撃回数3アップ","戦技アビリティ","鉄球技連撃スキルのヒット数が3アップ","","7424:淫欲の堕蛇（Lv15）","20","铁球技连击次数增加3","战技能力","铁球技连击技能的命中次数增加3","","7424:淫欲的堕蛇（Lv15）","1"
"6725","扇技連撃回数2アップ","戦技アビリティ","扇技連撃スキルのヒット数が2アップ","","253:零尾の狐（Lv6）","10","扇技连击次数增加2","战技能力","扇技连击技能的命中次数增加2","","253:零尾之狐（Lv6）","1"
"6726","扇技連撃回数3アップ","戦技アビリティ","扇技連撃スキルのヒット数が3アップ","","7423:白面金毛九尾の狐（Lv10）","20","扇技连击次数增加3","战技能力","扇技连击技能的命中次数增加3","","7423:白面金毛九尾狐（Lv10）","1"
"6727","銃技連撃回数1アップ","戦技アビリティ","連撃銃スキルのヒット数が1アップ","","7402:サイボーグ（Lv8）","3","铳技连击次数增加1","战技能力","铳技连击技能的命中次数增加1","","7402:电子人（Lv8）","1"
"6728","銃技連撃回数2アップ","戦技アビリティ","連撃銃スキルのヒット数が2アップ","","7403:ナノアンドロイド（Lv8）","6","铳技连击次数增加2","战技能力","铳技连击技能的命中次数增加2","","7403:纳米仿生人（Lv8）","1"
"6729","銃技連撃回数3アップ","戦技アビリティ","連撃銃スキルのヒット数が3アップ","7026:銃神（Lv6）","7443:アサルトバスター（Lv12）","10","铳技连击次数增加3","战技能力","铳技连击技能的命中次数增加3","7026:铳神（Lv6）","7443:突击破坏者（Lv12）","1"
"6730","銃技連撃回数4アップ","戦技アビリティ","銃技連撃スキルのヒット数が4アップ","","7442:核動力天使（Lv10）；7444:シンギュラリティ（Lv12）","20","铳技连击次数增加4","战技能力","铳技连击技能的命中次数增加4","","7442:核动力天使（Lv10）；7444:奇点（Lv12）","1"
"6731","多武器技連撃回数3アップ","戦技アビリティ","多武器技連撃スキルのヒット数が3アップ","","273:インフィニティスキュラ（Lv9）","10","多武器技连击次数增加3","战技能力","多武器技连击技能的命中次数增加3","","273:无限斯库拉（Lv9）","1"
"6732","多武器技連撃回数4アップ","戦技アビリティ","多武器技連撃スキルのヒット数が4アップ","","7425:正体不明触手禍（Lv9）","20","多武器技连击次数增加4","战技能力","多武器技连击技能的命中次数增加4","","7425:正体不明触手祸（Lv9）","1"
"6733","格闘連撃回数2アップ","戦技アビリティ","格闘連撃スキルのヒット数が2アップ","7060:拳ヲ極メシ者（Lv8）","318:神蟲（Lv10）","10","格斗连击次数增加2","战技能力","格斗连击技能的命中次数增加2","7060:拳之极致者（Lv8）","318:神虫（Lv10）","1"
"6734","格闘連撃回数3アップ","戦技アビリティ","格闘連撃スキルのヒット数が3アップ","","7430:バアル・ゼブブ（Lv9）","20","格斗连击次数增加3","战技能力","格斗连击技能的命中次数增加3","","7430:巴力・西卜（Lv9）","1"
"6735","テクニカルナイフ","戦技アビリティ","「短剣技」の威力が器用さにのみ依存する","64:トリックスター（Lv5）","186:夜の帝王（Lv5）","2","技术小刀","战技能力","「短剑技」的威力仅取决于灵巧","64:诡计之星（Lv5）","186:夜之帝王（Lv5）","1"
"6736","マジカルソード","戦技アビリティ","「剣技」の威力が魔力にのみ依存する","8:マスターソーサラー（Lv3）","","2","魔法剑","战技能力","「剑技」的威力仅取决于魔力","8:奥法战士（Lv3）","","1"
"6737","テクニカルソード","戦技アビリティ","「剣技」の威力が器用さにのみ依存する","20:九字剣神（Lv3）","","2","技术之剑","战技能力","「剑技」的威力仅取决于灵巧","20:九字剑神（Lv3）","","1"
"6738","マギレイピア","戦技アビリティ","「尖剣技」の威力で攻撃力の代わりに魔力が用いられる","7004:フェンサー（Lv6）","162:神魔（Lv2）","2","魔法之刺","战技能力","「尖剑技」的威力使用魔力代替攻击力","7004:剑术家（Lv6）","162:神魔（Lv2）","1"
"6739","スピードレイピア","戦技アビリティ","「尖剣技」の威力が素早さのみに依存する","7004:フェンサー（Lv6）","","2","速度之刺","战技能力","「尖剑技」的威力仅取决于敏捷","7004:剑术家（Lv6）","","1"
"6740","絶の刃","戦技アビリティ","「刀技」の威力が攻撃力にのみ依存する","14:魔侍（Lv5）","","2","绝之刃","战技能力","「刀技」的威力仅取决于攻击力","14:魔武士（Lv5）","","1"
"6741","閃の刃","戦技アビリティ","「刀技」の威力が器用さにのみ依存する","13:聖侍（Lv5）","173:阿修羅（Lv5）","2","闪之刃","战技能力","「刀技」的威力仅取决于灵巧","13:圣武士（Lv5）","173:阿修罗（Lv5）","1"
"6742","剛の槍","戦技アビリティ","「槍技」の威力が攻撃力にのみ依存する","11:邪竜騎士（Lv5）","","2","刚之枪","战技能力","「枪技」的威力仅取决于攻击力","11:邪龙骑士（Lv5）","","1"
"6743","空の槍","戦技アビリティ","「槍技」の威力が素早さにのみ依存する","10:ホーリーランサー（Lv5）","240:グランセントール（Lv6）；278:スカイハイ（Lv5）","2","空之枪","战技能力","「枪技」的威力仅取决于敏捷","10:圣枪骑士（Lv5）","240:巨型半人马（Lv6）；278:至高天（Lv5）","1"
"6744","マスターシックル","戦技アビリティ","「鎌技」の威力が攻撃力にのみ依存する","","153:魔神（Lv2）","2","大师之镰","战技能力","「镰技」的威力仅取决于攻击力","","153:魔神（Lv2）","1"
"6745","マジカルアロー","戦技アビリティ","「弓技」の威力で攻撃力の代わりに魔力が用いられる","","","2","魔法之箭","战技能力","「弓技」的威力使用魔力代替攻击力","","","1"
"6746","マインドアロー","戦技アビリティ","「弓技」の威力で攻撃力の代わりに精神力が用いられる","","","2","精神之箭","战技能力","「弓技」的威力使用精神力代替攻击力","","","1"
"6747","テクニカルアロー","戦技アビリティ","「弓技」の威力が器用さにのみ依存する","","","2","技术之箭","战技能力","「弓技」的威力仅取决于灵巧","","","1"
"6748","マジカルウィップ","戦技アビリティ","「鞭技」の威力で攻撃力の代わりに魔力が用いられる","","323:彼岸の魔花（Lv2）","2","魔法鞭","战技能力","「鞭技」的威力使用魔力代替攻击力","","323:彼岸的魔花（Lv2）","1"
"6749","マインドウィップ","戦技アビリティ","「鞭技」の威力で攻撃力の代わりに精神力が用いられる","","321:慈愛の聖花（Lv2）","2","精神鞭","战技能力","「鞭技」的威力使用精神力代替攻击力","","321:慈爱的圣花（Lv2）","1"
"6750","テクニカルウィップ","戦技アビリティ","「鞭技」の威力が器用さにのみ依存する","","325:ビーナスネペンテス（Lv3）","2","技术鞭","战技能力","「鞭技」的威力仅取决于灵巧","","325:维纳斯之花（Lv3）","1"
"6751","ガードブーメラン","戦技アビリティ","「投擲技」の威力で攻撃力の代わりに防御力が用いられる","","225:ギガスライム（Lv3）","2","防御回旋镖","战技能力","「投掷技」的威力使用防御力代替攻击力","","225:千兆史莱姆（Lv3）","1"
"6752","マインドブーメラン","戦技アビリティ","「投擲技」の威力で攻撃力の代わりに精神力が用いられる","","227:破邪の粘妖（Lv2）","2","精神回旋镖","战技能力","「投掷技」的威力使用精神力代替攻击力","","227:破邪粘妖（Lv2）","1"
"6753","テクニカルブーメラン","戦技アビリティ","「投擲技」の威力が器用さにのみ依存する","","229:淫酷の粘妖（Lv2）","2","技术回旋镖","战技能力","「投掷技」的威力仅取决于灵巧","","229:淫酷粘妖（Lv2）","1"
"6754","防護の鉄球","戦技アビリティ","「鉄球技」の威力が防御力にのみ依存する","","256:ラミアンナイトメア（Lv2）","2","防护铁球","战技能力","「铁球技」的威力仅取决于防御力","","256:梦魇拉米亚（Lv2）","1"
"6755","精神の鉄球","戦技アビリティ","「鉄球技」の威力が精神力にのみ依存する","","258:慈愛の聖蛇（Lv2）","2","精神的铁球","战技能力","「铁球技」的威力仅取决于精神力","","258:慈爱之圣蛇（Lv2）","1"
"6756","器用の鉄球","戦技アビリティ","「鉄球技」の威力が器用さにのみ依存する","","260:白蛇神楽（Lv2）","2","灵巧的铁球","战技能力","「铁球技」的威力仅取决于灵巧","","260:白蛇神乐（Lv2）","1"
"6757","重の拳","戦技アビリティ","「格闘」の威力が攻撃力にのみ依存する","25:邪拳王（Lv6）","","2","重拳","战技能力","「格斗」的威力仅取决于攻击力","25:邪拳王（Lv6）","","1"
"6758","躍の拳","戦技アビリティ","「格闘」の威力が素早さにのみ依存する","24:拳聖（Lv6）","","2","跃动的拳","战技能力","「格斗」的威力仅取决于敏捷","24:拳圣（Lv6）","","1"
"6759","流麗拳法","戦技アビリティ","「格闘」の威力で攻撃力の代わりに器用さが用いられる","","","2","流丽拳法","战技能力","「格斗」的威力使用灵巧代替攻击力","","","1"
"6760","短剣技魔力半分付加","戦技アビリティ","短剣技の威力に魔力の半分を付加する","","193:ドラキュリーナ（Lv12）","10","短剑技附加一半的魔力","战技能力","短剣技の威力に魔力の半分を付加する","","193:德古莉娜（Lv12）","1"
"6761","短剣技素早さ半分付加","戦技アビリティ","短剣技の威力に素早さの半分を付加する","7029:盗神（Lv5）","","10","短剑技附加一半的敏捷","战技能力","短剣技の威力に素早さの半分を付加する","7029:盗神（Lv5）","","1"
"6762","剣技防御力半分付加","戦技アビリティ","剣技の威力に防御力の半分を付加する","","291:神竜（Lv10）","10","剑技附加一半的防御力","战技能力","剣技の威力に防御力の半分を付加する","","291:神龙（Lv10）","1"
"6763","剣技魔力半分付加","戦技アビリティ","剣技の威力に魔力の半分を付加する","7012:フォースマスター（Lv13）","","10","剑技附加一半的魔力","战技能力","剣技の威力に魔力の半分を付加する","7012:力量大师（Lv13）","","1"
"6764","剣技精神力半分付加","戦技アビリティ","剣技の威力に精神力の半分を付加する","7003:サイコソルジャー（Lv8）","7436:天の軍団長（Lv13）","10","剑技附加一半的精神力","战技能力","剣技の威力に精神力の半分を付加する","7003:念动战士（Lv8）","7436:天之军团长（Lv13）","1"
"6765","剣技器用さ半分付加","戦技アビリティ","剣技の威力に器用さの半分を付加する","","7419:アンゴルモア（Lv9）","10","剑技附加一半的灵巧","战技能力","剣技の威力に器用さの半分を付加する","","7419:安哥尔摩亚（Lv9）","1"
"6766","尖剣技器用さ半分付加","戦技アビリティ","尖剣技の威力に器用さの半分を付加する","7058:全テヲ穿ツ者（Lv6）","","10","尖剑技附加一半的灵巧","战技能力","尖剣技の威力に器用さの半分を付加する","7058:贯穿一切者（Lv6）","","1"
"6767","尖剣技魔力半分付加","戦技アビリティ","尖剣技の威力に魔力の半分を付加する","","166:魔王（Lv9）","10","尖剑技附加一半的魔力","战技能力","尖剣技の威力に魔力の半分を付加する","","166:魔王（Lv9）","1"
"6768","尖剣技精神力半分付加","戦技アビリティ","尖剣技の威力に精神力の半分を付加する","","7414:大魔王（Lv11）","10","尖剑技附加一半的精神力","战技能力","尖剣技の威力に精神力の半分を付加する","","7414:大魔王（Lv11）","1"
"6769","刀技魔力半分付加","戦技アビリティ","刀技の威力に魔力の半分を付加する","","7415:マガツオオミカミ（Lv9）","10","刀技附加一半的魔力","战技能力","刀技の威力に魔力の半分を付加する","","7415:祸津大御神（Lv9）","1"
"6770","刀技素早さ半分付加","戦技アビリティ","刀技の威力に素早さの半分を付加する","7014:修羅（Lv10）","","10","刀技附加一半的敏捷","战技能力","刀技の威力に素早さの半分を付加する","7014:修罗（Lv10）","","1"
"6771","槍技魔力半分付加","戦技アビリティ","槍技の威力に魔力の半分を付加する","","282:神鳥（Lv12）","10","枪技附加一半的魔力","战技能力","槍技の威力に魔力の半分を付加する","","282:神鸟（Lv12）","1"
"6772","槍技精神力半分付加","戦技アビリティ","槍技の威力に精神力の半分を付加する","","7436:天の軍団長（Lv13）","10","枪技附加一半的精神力","战技能力","槍技の威力に精神力の半分を付加する","","7436:天之军团长（Lv13）","1"
"6773","槍技器用さ半分付加","戦技アビリティ","槍技の威力に器用さの半分を付加する","7058:全テヲ穿ツ者（Lv6）","","10","枪技附加一半的灵巧","战技能力","槍技の威力に器用さの半分を付加する","7058:贯穿一切者（Lv6）","","1"
"6774","斧技防御力半分付加","戦技アビリティ","斧技の威力に防御力の半分を付加する","7059:全テヲ壊ス者（Lv5）","","10","斧技附加一半的防御力","战技能力","斧技の威力に防御力の半分を付加する","7059:破坏一切者（Lv5）","","1"
"6775","斧技魔力半分付加","戦技アビリティ","斧技の威力に魔力の半分を付加する","","222:コスモフェアリー（Lv7）","10","斧技附加一半的魔力","战技能力","斧技の威力に魔力の半分を付加する","","222:宇宙妖精（Lv7）","1"
"6776","棍技防御力半分付加","戦技アビリティ","棍技の威力に防御力の半分を付加する","7059:全テヲ壊ス者（Lv5）","","10","棍技附加一半的防御力","战技能力","棍技の威力に防御力の半分を付加する","7059:破坏一切者（Lv5）","","1"
"6777","棍技魔力半分付加","戦技アビリティ","棍技の威力に魔力の半分を付加する","","7415:マガツオオミカミ（Lv9）；7420:コスモス（Lv11）","10","棍技附加一半的魔力","战技能力","棍技の威力に魔力の半分を付加する","","7415:祸津大御神（Lv9）；7420:宇宙神蝶（Lv11）","1"
"6778","鎌技精神力半分付加","戦技アビリティ","鎌技の威力に精神力の半分を付加する","","343:エターニティ（Lv9）；7441:死の獄卒（Lv14）","10","镰技附加一半的精神力","战技能力","鎌技の威力に精神力の半分を付加する","","343:永恒（Lv9）；7441:死之狱卒（Lv14）","1"
"6779","鎌技器用さ半分付加","戦技アビリティ","鎌技の威力に器用さの半分を付加する","","154:超魔神（Lv6）","10","镰技附加一半的灵巧","战技能力","鎌技の威力に器用さの半分を付加する","","154:超魔神（Lv6）","1"
"6780","弓技魔力半分付加","戦技アビリティ","弓技の威力に魔力の半分を付加する","","213:アルフ神族（Lv8）","10","弓技附加一半的魔力","战技能力","弓技の威力に魔力の半分を付加する","","213:亚尔夫神族（Lv8）","1"
"6781","弓技精神力半分付加","戦技アビリティ","弓技の威力に精神力の半分を付加する","","213:アルフ神族（Lv12）；7437:明けの明星（Lv8）；7442:核動力天使（Lv15）","10","弓技附加一半的精神力","战技能力","弓技の威力に精神力の半分を付加する","","213:亚尔夫神族（Lv12）；7437:璀璨之明星（Lv8）；7442:核动力天使（Lv15）","1"
"6782","弓技素早さ半分付加","戦技アビリティ","弓技の威力に素早さの半分を付加する","7025:狩神（Lv8）","","10","弓技附加一半的敏捷","战技能力","弓技の威力に素早さの半分を付加する","7025:狩神（Lv8）","","1"
"6783","鞭技魔力半分付加","戦技アビリティ","鞭技の威力に魔力の半分を付加する","","327:世界樹花（Lv12）","10","鞭技附加一半的魔力","战技能力","鞭技の威力に魔力の半分を付加する","","327:世界树之花（Lv12）","1"
"6784","鞭技精神力半分付加","戦技アビリティ","鞭技の威力に精神力の半分を付加する","","7438:慈愛の聖百合（Lv14）","10","鞭技附加一半的精神力","战技能力","鞭技の威力に精神力の半分を付加する","","7438:慈爱的圣百合（Lv14）","1"
"6785","鞭技素早さ半分付加","戦技アビリティ","鞭技の威力に素早さの半分を付加する","","327:世界樹花（Lv12）","10","鞭技附加一半的敏捷","战技能力","鞭技の威力に素早さの半分を付加する","","327:世界树之花（Lv12）","1"
"6786","投擲技防御力半分付加","戦技アビリティ","投擲技の威力に防御力の半分を付加する","7055:シールドヒーロー（Lv5）","","10","投掷技附加一半的防御力","战技能力","投擲技の威力に防御力の半分を付加する","7055:盾牌英雄（Lv5）","","1"
"6787","投擲技精神力半分付加","戦技アビリティ","投擲技の威力に精神力の半分を付加する","7055:シールドヒーロー（Lv6）","","10","投掷技附加一半的精神力","战技能力","投擲技の威力に精神力の半分を付加する","7055:盾牌英雄（Lv6）","","1"
"6788","投擲技素早さ半分付加","戦技アビリティ","投擲技の威力に素早さの半分を付加する","7065:音ヨリモ速キ者（Lv8）","","10","投掷技附加一半的敏捷","战技能力","投擲技の威力に素早さの半分を付加する","7065:超音速者（Lv8）","","1"
"6789","鉄球技防御力半分付加","戦技アビリティ","鉄球技の威力に防御力の半分を付加する","7059:全テヲ壊ス者（Lv5）","","10","铁球技附加一半的防御力","战技能力","鉄球技の威力に防御力の半分を付加する","7059:破坏一切者（Lv5）","","1"
"6790","鉄球技精神力半分付加","戦技アビリティ","鉄球技の威力に精神力の半分を付加する","","264:ウロボロス（Lv13）","10","铁球技附加一半的精神力","战技能力","鉄球技の威力に精神力の半分を付加する","","264:衔尾蛇（Lv13）","1"
"6791","扇技魔力半分付加","戦技アビリティ","扇技の威力に魔力の半分を付加する","","253:零尾の狐（Lv10）","10","扇技附加一半的魔力","战技能力","扇技の威力に魔力の半分を付加する","","253:零尾之狐（Lv10）","1"
"6792","扇技精神力半分付加","戦技アビリティ","扇技の威力に精神力の半分を付加する","7036:舞踏神（Lv9）","282:神鳥（Lv11）","10","扇技附加一半的精神力","战技能力","扇技の威力に精神力の半分を付加する","7036:舞蹈神（Lv9）","282:神鸟（Lv11）","1"
"6793","銃技防御力半分付加","戦技アビリティ","銃技の威力に防御力の半分を付加する","","361:ウェポンタイプ（Lv9）","10","铳技附加一半的防御力","战技能力","銃技の威力に防御力の半分を付加する","","361:武器类型（Lv9）","1"
"6794","銃技精神力半分付加","戦技アビリティ","銃技の威力に精神力の半分を付加する","","7442:核動力天使（Lv15）","10","铳技附加一半的精神力","战技能力","銃技の威力に精神力の半分を付加する","","7442:核动力天使（Lv15）","1"
"6795","銃技素早さ半分付加","戦技アビリティ","銃技の威力に素早さの半分を付加する","7026:銃神（Lv9）","","10","铳技附加一半的敏捷","战技能力","銃技の威力に素早さの半分を付加する","7026:铳神（Lv9）","","1"
"6796","多武器技魔力半分付加","戦技アビリティ","多武器技の威力に魔力の半分を付加する","","7415:マガツオオミカミ（Lv10）","10","多武器技附加一半的魔力","战技能力","多武器技の威力に魔力の半分を付加する","","7415:祸津大御神（Lv10）","1"
"6797","多武器技素早さ半分付加","戦技アビリティ","多武器技の威力に素早さの半分を付加する","","7415:マガツオオミカミ（Lv10）","10","多武器技附加一半的敏捷","战技能力","多武器技の威力に素早さの半分を付加する","","7415:祸津大御神（Lv10）","1"
"6798","多武器技器用さ半分付加","戦技アビリティ","多武器技の威力に器用さの半分を付加する","7028:パーフェクトアームズ（Lv8）","","10","多武器技附加一半的灵巧","战技能力","多武器技の威力に器用さの半分を付加する","7028:完美武器（Lv8）","","1"
"6799","格闘魔力半分付加","戦技アビリティ","格闘の威力に魔力の半分を付加する","7016:拳神（Lv10）","","10","格斗附加一半的魔力","战技能力","格闘の威力に魔力の半分を付加する","7016:拳神（Lv10）","","1"
"6800","格闘防御力半分付加","戦技アビリティ","格闘の威力に防御力の半分を付加する","7017:神の守護者（Lv7）","","10","格斗附加一半的防御力","战技能力","格闘の威力に防御力の半分を付加する","7017:神之守护者（Lv7）","","1"
"6801","格闘精神力半分付加","戦技アビリティ","格闘の威力に精神力の半分を付加する","7017:神の守護者（Lv7）","7440:天界決戦兵器（Lv10）","10","格斗附加一半的精神力","战技能力","格闘の威力に精神力の半分を付加する","7017:神之守护者（Lv7）","7440:天界决战兵器（Lv10）","1"
"6802","格闘器用さ半分付加","戦技アビリティ","格闘の威力に器用さの半分を付加する","","183:リリスナイトメア（Lv13）","10","格斗附加一半的灵巧","战技能力","格闘の威力に器用さの半分を付加する","","183:莉莉丝梦魇（Lv13）","1"
"6803","短剣技頑強発動","戦技アビリティ","ターン中、状態異常・戦闘不能になっても短剣技が発動する
その代わり、消費MPとSPが30%アップする","","","15","短剑技顽强发动","战技能力","回合中，即使陷入异常状态或战斗不能，短剑技也会发动
作为代价，消耗的MP和SP增加30%","","","1"
"6804","剣技頑強発動","戦技アビリティ","ターン中、状態異常・戦闘不能になっても剣技が発動する
その代わり、消費MPとSPが30%アップする","","","15","剑技顽强发动","战技能力","回合中，即使陷入异常状态或战斗不能，剑技也会发动
作为代价，消耗的MP和SP增加30%","","","1"
"6805","尖剣技頑強発動","戦技アビリティ","ターン中、状態異常・戦闘不能になっても尖剣技が発動する
その代わり、消費MPとSPが30%アップする","","","15","尖剑技顽强发动","战技能力","回合中，即使陷入异常状态或战斗不能，尖剑技也会发动
作为代价，消耗的MP和SP增加30%","","","1"
"6806","刀技頑強発動","戦技アビリティ","ターン中、状態異常・戦闘不能になっても刀技が発動する
その代わり、消費MPとSPが30%アップする","","","15","刀技顽强发动","战技能力","回合中，即使陷入异常状态或战斗不能，刀技也会发动
作为代价，消耗的MP和SP增加30%","","","1"
"6807","槍技頑強発動","戦技アビリティ","ターン中、状態異常・戦闘不能になっても槍技が発動する
その代わり、消費MPとSPが30%アップする","","","15","枪技顽强发动","战技能力","回合中，即使陷入异常状态或战斗不能，枪技也会发动
作为代价，消耗的MP和SP增加30%","","","1"
"6808","斧技頑強発動","戦技アビリティ","ターン中、状態異常・戦闘不能になっても斧技が発動する
その代わり、消費MPとSPが30%アップする","","","15","斧技顽强发动","战技能力","回合中，即使陷入异常状态或战斗不能，斧技仍会发动
作为代价，消耗的MP和SP增加30%","","","1"
"6809","棍技頑強発動","戦技アビリティ","ターン中、状態異常・戦闘不能になっても棍技が発動する
その代わり、消費MPとSPが30%アップする","","","15","棍技顽强发动","战技能力","回合中，即使陷入异常状态或战斗不能，棍技仍会发动
作为代价，消耗的MP和SP增加30%","","","1"
"6810","鎌技頑強発動","戦技アビリティ","ターン中、状態異常・戦闘不能になっても鎌技が発動する
その代わり、消費MPとSPが30%アップする","","","15","镰技顽强发动","战技能力","回合中，即使陷入异常状态或战斗不能，镰技仍会发动
作为代价，消耗的MP和SP增加30%","","","1"
"6811","弓技頑強発動","戦技アビリティ","ターン中、状態異常・戦闘不能になっても弓技が発動する
その代わり、消費MPとSPが30%アップする","","","15","弓技顽强发动","战技能力","回合中，即使陷入异常状态或战斗不能，弓技仍会发动
作为代价，消耗的MP和SP增加30%","","","1"
"6812","鞭技頑強発動","戦技アビリティ","ターン中、状態異常・戦闘不能になっても鞭技が発動する
その代わり、消費MPとSPが30%アップする","","","15","鞭技顽强发动","战技能力","回合中，即使陷入异常状态或战斗不能，鞭技仍会发动
作为代价，消耗的MP和SP增加30%","","","1"
"6813","投擲技頑強発動","戦技アビリティ","ターン中、状態異常・戦闘不能になっても投擲技が発動する
その代わり、消費MPとSPが30%アップする","7061:全テヲ護ル者（Lv6）","","15","投掷技顽强发动","战技能力","回合中，即使陷入异常状态或战斗不能，投掷技仍会发动
作为代价，消耗的MP和SP增加30%","7061:守护一切者（Lv6）","","1"
"6814","鉄球技頑強発動","戦技アビリティ","ターン中、状態異常・戦闘不能になっても鉄球技が発動する
その代わり、消費MPとSPが30%アップする","","","15","铁球技顽强发动","战技能力","回合中，即使陷入异常状态或战斗不能，铁球技仍会发动
作为代价，消耗的MP和SP增加30%","","","1"
"6815","扇技頑強発動","戦技アビリティ","ターン中、状態異常・戦闘不能になっても扇技が発動する
その代わり、消費MPとSPが30%アップする","","","15","扇技顽强发动","战技能力","回合中，即使陷入异常状态或战斗不能，扇技仍会发动
作为代价，消耗的MP和SP增加30%","","","1"
"6816","銃技頑強発動","戦技アビリティ","ターン中、状態異常・戦闘不能になっても銃技が発動する
その代わり、消費MPとSPが30%アップする","","","15","铳技顽强发动","战技能力","回合中，即使陷入异常状态或战斗不能，铳技仍会发动
作为代价，消耗的MP和SP增加30%","","","1"
"6817","多武器技頑強発動","戦技アビリティ","ターン中、状態異常・戦闘不能になっても多武器技が発動する
その代わり、消費MPとSPが30%アップする","","","15","多武器技顽强发动","战技能力","回合中，即使陷入异常状态或战斗不能，多武器技仍会发动
作为代价，消耗的MP和SP增加30%","","","1"
"6818","格闘頑強発動","戦技アビリティ","ターン中、状態異常・戦闘不能になっても格闘が発動する
その代わり、消費MPとSPが30%アップする","7017:神の守護者（Lv12）","","15","格斗顽强发动","战技能力","回合中，即使陷入异常状态或战斗不能，格斗仍会发动
作为代价，消耗的MP和SP增加30%","7017:神之守护者（Lv12）","","1"
"6819","全武技スキル頑強発動","戦技アビリティ","ターン中、状態異常・戦闘不能になっても武技スキルが発動する
その代わり、消費MPとSPが30%アップする","","","25","全武技技能顽强发动","战技能力","回合中，即使陷入异常状态或战斗不能，武技技能仍会发动
作为代价，消耗的MP和SP增加30%","","","1"
"6820","短剣技二連続発動","戦技アビリティ","短剣技が二回連続で発動、消費量が1.5倍になる","","","15","短剣技二連続発動","战技能力","短剣技が二回連続で発動、消費量が1.5倍になる","","","1"
"6821","/短剣技三連続発動","戦技アビリティ","短剣技が三回連続で発動、消費量が1.5倍になる","","","25","/短剣技三連続発動","战技能力","短剣技が三回連続で発動、消費量が1.5倍になる","","","1"
"6822","剣技二連続発動","戦技アビリティ","剣技が二回連続で発動、消費量が1.5倍になる","","","15","剣技二連続発動","战技能力","剣技が二回連続で発動、消費量が1.5倍になる","","","1"
"6823","/剣技三連続発動","戦技アビリティ","剣技が三回連続で発動、消費量が1.5倍になる","","","25","/剣技三連続発動","战技能力","剣技が三回連続で発動、消費量が1.5倍になる","","","1"
"6824","尖剣技二連続発動","戦技アビリティ","尖剣技が二回連続で発動、消費量が1.5倍になる","","","15","尖剣技二連続発動","战技能力","尖剣技が二回連続で発動、消費量が1.5倍になる","","","1"
"6825","/尖剣技三連続発動","戦技アビリティ","尖剣技が三回連続で発動、消費量が1.5倍になる","","","25","/尖剣技三連続発動","战技能力","尖剣技が三回連続で発動、消費量が1.5倍になる","","","1"
"6826","刀技二連続発動","戦技アビリティ","刀技が二回連続で発動、消費量が1.5倍になる","","","15","刀技二連続発動","战技能力","刀技が二回連続で発動、消費量が1.5倍になる","","","1"
"6827","/刀技三連続発動","戦技アビリティ","刀技が三回連続で発動、消費量が1.5倍になる","","","25","/刀技三連続発動","战技能力","刀技が三回連続で発動、消費量が1.5倍になる","","","1"
"6828","槍技二連続発動","戦技アビリティ","槍技が二回連続で発動、消費量が1.5倍になる","","","15","槍技二連続発動","战技能力","槍技が二回連続で発動、消費量が1.5倍になる","","","1"
"6829","/槍技三連続発動","戦技アビリティ","槍技が三回連続で発動、消費量が1.5倍になる","","","25","/槍技三連続発動","战技能力","槍技が三回連続で発動、消費量が1.5倍になる","","","1"
"6830","斧技二連続発動","戦技アビリティ","斧技が二回連続で発動、消費量が1.5倍になる","","","15","斧技二連続発動","战技能力","斧技が二回連続で発動、消費量が1.5倍になる","","","1"
"6831","/斧技三連続発動","戦技アビリティ","斧技が三回連続で発動、消費量が1.5倍になる","","","25","/斧技三連続発動","战技能力","斧技が三回連続で発動、消費量が1.5倍になる","","","1"
"6832","棍技二連続発動","戦技アビリティ","棍技が二回連続で発動、消費量が1.5倍になる","","","15","棍技二連続発動","战技能力","棍技が二回連続で発動、消費量が1.5倍になる","","","1"
"6833","/棍技三連続発動","戦技アビリティ","棍技が三回連続で発動、消費量が1.5倍になる","","","25","/棍技三連続発動","战技能力","棍技が三回連続で発動、消費量が1.5倍になる","","","1"
"6834","鎌技二連続発動","戦技アビリティ","鎌技が二回連続で発動、消費量が1.5倍になる","","","15","鎌技二連続発動","战技能力","鎌技が二回連続で発動、消費量が1.5倍になる","","","1"
"6835","/鎌技三連続発動","戦技アビリティ","鎌技が三回連続で発動、消費量が1.5倍になる","","","25","/鎌技三連続発動","战技能力","鎌技が三回連続で発動、消費量が1.5倍になる","","","1"
"6836","弓技二連続発動","戦技アビリティ","弓技が二回連続で発動、消費量が1.5倍になる","","","15","弓技二連続発動","战技能力","弓技が二回連続で発動、消費量が1.5倍になる","","","1"
"6837","/弓技三連続発動","戦技アビリティ","弓技が三回連続で発動、消費量が1.5倍になる","","","25","/弓技三連続発動","战技能力","弓技が三回連続で発動、消費量が1.5倍になる","","","1"
"6838","鞭技二連続発動","戦技アビリティ","鞭技が二回連続で発動、消費量が1.5倍になる","","","15","鞭技二連続発動","战技能力","鞭技が二回連続で発動、消費量が1.5倍になる","","","1"
"6839","/鞭技三連続発動","戦技アビリティ","鞭技が三回連続で発動、消費量が1.5倍になる","","","25","/鞭技三連続発動","战技能力","鞭技が三回連続で発動、消費量が1.5倍になる","","","1"
"6840","投擲技二連続発動","戦技アビリティ","投擲技が二回連続で発動、消費量が1.5倍になる","","","15","投擲技二連続発動","战技能力","投擲技が二回連続で発動、消費量が1.5倍になる","","","1"
"6841","/投擲技三連続発動","戦技アビリティ","投擲技が三回連続で発動、消費量が1.5倍になる","","","25","/投擲技三連続発動","战技能力","投擲技が三回連続で発動、消費量が1.5倍になる","","","1"
"6842","鉄球技二連続発動","戦技アビリティ","鉄球技が二回連続で発動、消費量が1.5倍になる","","","15","鉄球技二連続発動","战技能力","鉄球技が二回連続で発動、消費量が1.5倍になる","","","1"
"6843","/鉄球技三連続発動","戦技アビリティ","鉄球技が三回連続で発動、消費量が1.5倍になる","","","25","/鉄球技三連続発動","战技能力","鉄球技が三回連続で発動、消費量が1.5倍になる","","","1"
"6844","扇技二連続発動","戦技アビリティ","扇技が二回連続で発動、消費量が1.5倍になる","","","15","扇技二連続発動","战技能力","扇技が二回連続で発動、消費量が1.5倍になる","","","1"
"6845","/扇技三連続発動","戦技アビリティ","扇技が三回連続で発動、消費量が1.5倍になる","","","25","/扇技三連続発動","战技能力","扇技が三回連続で発動、消費量が1.5倍になる","","","1"
"6846","銃技二連続発動","戦技アビリティ","銃技が二回連続で発動、消費量が1.5倍になる","","","15","銃技二連続発動","战技能力","銃技が二回連続で発動、消費量が1.5倍になる","","","1"
"6847","/銃技三連続発動","戦技アビリティ","銃技が三回連続で発動、消費量が1.5倍になる","","","25","/銃技三連続発動","战技能力","銃技が三回連続で発動、消費量が1.5倍になる","","","1"
"6848","多武器技二連続発動","戦技アビリティ","多武器技が二回連続で発動、消費量が1.5倍になる","","","15","多武器技二連続発動","战技能力","多武器技が二回連続で発動、消費量が1.5倍になる","","","1"
"6849","/多武器技三連続発動","戦技アビリティ","多武器技が三回連続で発動、消費量が1.5倍になる","","","25","/多武器技三連続発動","战技能力","多武器技が三回連続で発動、消費量が1.5倍になる","","","1"
"6850","格闘二連続発動","戦技アビリティ","格闘が二回連続で発動、消費量が1.5倍になる","","","15","格闘二連続発動","战技能力","格闘が二回連続で発動、消費量が1.5倍になる","","","1"
"6851","/格闘三連続発動","戦技アビリティ","格闘が三回連続で発動、消費量が1.5倍になる","","","25","/格闘三連続発動","战技能力","格闘が三回連続で発動、消費量が1.5倍になる","","","1"
"6852","/武技三連続発動","戦技アビリティ","物理スキルが三回連続で発動、消費量が1.5倍になる","","","40","/武技三連続発動","战技能力","物理スキルが三回連続で発動、消費量が1.5倍になる","","","1"
"6853","闇を貫く槍","戦技アビリティ","槍技で聖痕状態の敵に特攻が発生する","7058:全テヲ穿ツ者（Lv11）","","2","贯穿黑暗的枪","战技能力","枪技对处于圣痕状态的敌人发动特攻","7058:贯穿一切者（Lv11）","","1"
"6854","光を貫く槍","戦技アビリティ","槍技で闇穢状態の敵に特攻が発生する","7058:全テヲ穿ツ者（Lv11）","","2","贯穿光之枪","战技能力","枪技对处于暗秽状态的敌人发动特攻","7058:贯穿一切者（Lv11）","","1"
"6855","防御破壊の槍","戦技アビリティ","槍技に防御ダウン効果を付加する","7013:神竜の騎士（Lv6）","","2","防御破坏之枪","战技能力","枪技附加防御下降效果","7013:神龙骑士（Lv6）","","1"
"6858","SP75%アップ","職技アビリティ","最大SPが75%アップする","7032:エクセルシオール（Lv3）；7070:英雄王（Lv3）；7073:破滅事象（Lv4）","7415:マガツオオミカミ（Lv3）；7419:アンゴルモア（Lv3）；7441:死の獄卒（Lv3）","20","SP提升75%","职技能力","最大SP提升75%","7032:破界英雄（Lv3）；7070:英雄王（Lv3）；7073:破灭事象（Lv4）","7415:祸津大御神（Lv3）；7419:安哥尔摩亚（Lv3）；7441:死之狱卒（Lv3）","2"
"6859","SP100%アップ","職技アビリティ","最大SPが100%アップする","","7451:邪神（Lv3）","25","SP提升100%","职技能力","最大SP提升100%","","7451:邪神（Lv3）","2"
"6860","SP150%アップ","職技アビリティ","最大SPが150%アップする","7072:ワールドブレイカー（Lv5）","","30","SP提升150%","职技能力","最大SP提升150%","7072:世界破坏者（Lv5）","","2"
"6861","SP200%アップ","職技アビリティ","最大SPが200%アップする","7078:もんむす・くえすと！（Lv4）","","35","SP提升200%","职技能力","最大SP提升200%","7078:もんむす・くえすと！（Lv4）","","2"
"6862","/SP300%アップ","職技アビリティ","最大SPが300%アップする","","","20","/SP300%アップ","职技能力","最大SP提升300%","","","2"
"6863","素早さ75%アップ","職技アビリティ","素早さが75%アップする","7058:全テヲ穿ツ者（Lv3）；7060:拳ヲ極メシ者（Lv3）；7065:音ヨリモ速キ者（Lv3）","7414:大魔王（Lv3）；7416:バビロンの大淫婦（Lv3）；7422:時の神獣（Lv3）；7426:フェニックス（Lv3）；7430:バアル・ゼブブ（Lv3）；7436:天の軍団長（Lv3）","20","敏捷提升75%","职技能力","敏捷提升75%","7058:贯穿一切者（Lv3）；7060:拳之极致者（Lv3）；7065:超音速者（Lv3）","7414:大魔王（Lv3）；7416:巴比伦的大淫妇（Lv3）；7422:时之神兽（Lv3）；7426:凤凰（Lv3）；7430:巴力・西卜（Lv3）；7436:天之军团长（Lv3）","2"
"6864","素早さ100%アップ","職技アビリティ","素早さが100%アップする","","7451:邪神（Lv8）；7452:第三の神（Lv7）","25","敏捷提升100%","职技能力","敏捷提升100%","","7451:邪神（Lv8）；7452:第三神（Lv7）","2"
"6865","素早さ150%アップ","職技アビリティ","素早さが150%アップする","7072:ワールドブレイカー（Lv11）","","30","敏捷提升150%","职技能力","敏捷提升150%","7072:世界破坏者（Lv11）","","2"
"6866","素早さ200%アップ","職技アビリティ","素早さが200%アップする","7078:もんむす・くえすと！（Lv9）","","35","敏捷提升200%","职技能力","敏捷提升200%","7078:もんむす・くえすと！（Lv9）","","2"
"6867","/素早さ300%アップ","職技アビリティ","素早さが300%アップする","","","20","/素早さ300%アップ","职技能力","敏捷提升300%","","","2"
"6868","器用さ75%アップ","職技アビリティ","器用さが75%アップする","7062:千ノ武具ヲ極メシ者（Lv3）；7064:全テヲ撃チ抜ク者（Lv3）；7065:音ヨリモ速キ者（Lv3）；7067:快楽ヲ極メシ者（Lv3）；7068:真理ノ探究者（Lv3）","7416:バビロンの大淫婦（Lv3）；7417:神祖（Lv3）；7419:アンゴルモア（Lv4）；7423:白面金毛九尾の狐（Lv3）；7425:正体不明触手禍（Lv3）；7429:名状しがたきもの（Lv3）；7431:千樹華音（Lv3）；7434:影、紬ぐ人形（Lv3）；7435:オメガタイプ（Lv5）；7437:明けの明星（Lv3）；7438:慈愛の聖百合（Lv3）；7439:律法の守護者（Lv3）；7442:核動力天使（Lv3）；7444:シンギュラリティ（Lv3）","20","灵巧提升75%","职技能力","灵巧提升75%","7062:千种武具之极致者（Lv3）；7064:全能击穿者（Lv3）；7065:超音速者（Lv3）；7067:极乐追求者（Lv3）；7068:真理探究者（Lv3）","7416:巴比伦的大淫妇（Lv3）；7417:神祖（Lv3）；7419:安哥尔摩亚（Lv4）；7423:白面金毛九尾狐（Lv3）；7425:正体不明触手祸（Lv3）；7429:不可名状之物（Lv3）；7431:千树华音（Lv3）；7434:影、䌷人偶（Lv3）；7435:欧米伽之型（Lv5）；7437:璀璨之明星（Lv3）；7438:慈爱的圣百合（Lv3）；7439:律法的守护者（Lv3）；7442:核动力天使（Lv3）；7444:奇点（Lv3）","2"
"6869","器用さ100%アップ","職技アビリティ","器用さが100%アップする","","7450:創世の女神（Lv9）；7454:混沌の精霊（Lv3）；7455:デウスエクスマキナ（Lv3）","25","灵巧提升100%","职技能力","灵巧提升100%","","7450:创世女神（Lv9）；7454:混沌精灵（Lv3）；7455:机械降神（Lv3）","2"
"6870","器用さ150%アップ","職技アビリティ","器用さが150%アップする","7071:ジャッジメント（Lv11）","","30","灵巧提升150%","职技能力","灵巧提升150%","7071:审判（Lv11）","","2"
"6871","器用さ200%アップ","職技アビリティ","器用さが200%アップする","7078:もんむす・くえすと！（Lv10）","","35","灵巧提升200%","职技能力","灵巧提升200%","7078:もんむす・くえすと！（Lv10）","","2"
"6872","/器用さ300%アップ","職技アビリティ","器用さが300%アップする","","","20","/器用さ300%アップ","职技能力","灵巧提升300%","","","2"
"6873","ヘビィスピード","職技アビリティ","全スキルの消費SPが2倍になるが、素早さは1.5倍になる","","","10","重速度","职技能力","全スキルの消費SPが2倍になるが、素早さは1.5倍になる","","","2"
"6874","ヘビィテクニック","職技アビリティ","全スキルの消費SPが2倍になるが、器用さは1.5倍になる","7001:エスパー（Lv9）","","10","重技巧","职技能力","全スキルの消費SPが2倍になるが、器用さは1.5倍になる","7001:超能力者（Lv9）","","2"
"6875","絶技コンバーター","職技アビリティ","器用さと素早さが1.5倍になるが、攻撃力と魔力が半分になる","7003:サイコソルジャー（Lv6）","7405:バスターロイド（Lv7）","10","绝技转换器","职技能力","器用さと素早さが1.5倍になるが、攻撃力と魔力が半分になる","7003:念动战士（Lv6）","7405:破坏者机器人（Lv7）","2"
"6876","ダメージをSP変換","職技アビリティ","攻撃を受けた際にSPを小回復する
※必中カウンターは発動しなくなる","7034:ラストサバイバー（Lv5）","","10","伤害转换为SP","职技能力","受到攻击时小幅恢复SP
※必中反击不会发动","7034:最后幸存者（Lv5）","","2"
"6877","職技SPバースト","職技アビリティ","SPの残量が多いほど職技の威力がアップする","7049:オールジョブラウンダー（Lv6）","","5","职技SP爆发","职技能力","SP剩余越多，职技威力越大","7049:全能职业者（Lv6）","","2"
"6878","職技SPハイバースト","職技アビリティ","SPの残量が多いほど職技の威力が大アップする","7069:万職ヲ極メシ仕事人（Lv7）","","10","职技SP超级爆发","职技能力","SP剩余越多，职技威力大幅提升","7069:万职极尽的工匠（Lv7）","","2"
"6879","先の先","職技アビリティ","ターン中、最初に行動すると攻撃の威力がアップする","7013:神竜の騎士（Lv10）","","5","先发制人","职技能力","回合中，先行动时攻击威力提升","7013:神龙骑士（Lv10）","","2"
"6880","先々の先","職技アビリティ","ターン中、最初に行動する場合のみスキルが二連続で発動","7053:ラストノーブル（Lv9）","","10","先发制人II","职技能力","回合中，先行动时技能连续发动两次","7053:最后的贵族（Lv9）","","2"
"6881","後の先","職技アビリティ","ターン中、最後に行動すると攻撃の威力がアップする","","7445:巨神王（Lv10）","5","后发制人","职技能力","回合中，最后行动时攻击威力提升","","7445:巨神王（Lv10）","2"
"6882","後々の先","職技アビリティ","ターン中、最後に行動する場合のみスキルが二連続で発動","","7446:星喰い（Lv13）","10","后发制人II","职技能力","回合中，最后行动时技能连续发动两次","","7446:星喰（Lv13）","2"
"6883","短剣技でぶんどる","職技アビリティ","短剣技に盗む効果が付加される","7029:盗神（Lv3）","","12","短剑技抢夺","职技能力","短剑技附加偷窃效果","7029:盗神（Lv3）","","2"
"6884","海賊技でぶんどる","職技アビリティ","海賊技に盗む効果が付加される","7031:七海覇王（Lv9）","","12","海贼技抢夺","职技能力","海贼技附加偷窃效果","7031:七海霸王（Lv9）","","2"
"6885","武技でぶんどる","職技アビリティ","全武技に盗む効果が付加される","7065:音ヨリモ速キ者（Lv4）","","15","武技抢夺","职技能力","全武技附加偷窃效果","7065:超音速者（Lv4）","","2"
"6886","体力低下時職技強化","職技アビリティ","体力が低いほど全職技の威力がアップする","","253:零尾の狐（Lv9）","5","体力降低时职技强化","职技能力","体力越低，所有职技威力越大","","253:零尾之狐（Lv9）","2"
"6887","体力低下時職技超強化","職技アビリティ","体力が低いほど全職技の威力が大幅にアップする","","7423:白面金毛九尾の狐（Lv9）","10","体力降低时职技超强化","职技能力","体力越低，所有职技的威力大幅提升","","7423:白面金毛九尾狐（Lv9）","2"
"6888","心尽くしの職技","職技アビリティ","敵単体時、全職技の威力が15%アップする","7048:ゴッドメイド（Lv11）","","5","全心全意的职技","职技能力","敌人为单体时，所有职技威力提升15%","7048:神之女仆（Lv11）","","2"
"6889","一意専心","職技アビリティ","敵単体時、全職技の威力が30%アップする","7049:オールジョブラウンダー（Lv14）","","10","一心一意","职技能力","敌人为单体时，所有职技威力提升30%","7049:全能职业者（Lv14）","","2"
"6890","真・一意専心","職技アビリティ","敵単体時、全職技の威力が50%アップする","7069:万職ヲ極メシ仕事人（Lv9）","","15","真・一心一意","职技能力","敌人为单体时，所有职技威力提升50%","7069:万职极尽的工匠（Lv9）","","2"
"6891","対多職術","職技アビリティ","敵複数時、全職技の威力が15%アップする","7043:ゴッドマシーナリー（Lv10）","","5","对多职业术","职技能力","敌人为复数时，所有职技威力提升15%","7043:神之机械（Lv10）","","2"
"6892","孤高の英雄","職技アビリティ","敵複数時、全職技の威力が30%アップする","78:ジャスティスカイザー（Lv9）","","10","孤高的英雄","职技能力","敌人为复数时，所有职技威力提升30%","78:正义凯撒（Lv9）","","2"
"6893","真・孤高の英雄","職技アビリティ","敵複数時、全職技の威力が50%アップする","7032:エクセルシオール（Lv12）","","15","真・孤高的英雄","职技能力","敌人为复数时，所有职技威力提升50%","7032:破界英雄（Lv12）","","2"
"6894","クリティカルハープ","職技アビリティ","歌うで混乱・誘惑状態の敵への特攻ダメージが大幅アップ","7037:歌唱神（Lv2）","","2","致命竖琴","职技能力","歌唱对混乱・诱惑状态的敌人特攻伤害大幅提升","7037:歌唱神（Lv2）","","2"
"6895","クリティカルメディスン","職技アビリティ","医術で毒・ゾンビ状態の敵への特攻ダメージが大幅アップ","7047:禁医（Lv2）","","2","致命治疗","职技能力","医术对中毒・僵尸状态的敌人特攻伤害大幅提升","7047:禁医（Lv2）","","2"
"6896","ダークフォース","職技アビリティ","ヒーロー技で闇穢状態の敵に特攻が発生する","50:魔女（Lv6）","","2","黑暗之力","职技能力","英雄技对处于暗秽状态的敌人发动特攻","50:魔女（Lv6）","","2"
"6897","アルティメットフォース","職技アビリティ","ヒーロー技で聖痕・闇穢状態の敵に特攻が発生する","7024:アルティメット魔法少女（Lv2）","","2","究极之力","职技能力","英雄技对处于圣痕・暗秽状态的敌人发动特攻","7024:究极魔法少女（Lv2）","","2"
"6898","快楽昇天の踊り","職技アビリティ","踊りで快楽状態異常の敵に特攻が発生する","7066:極マリシ偶像（Lv4）","","2","极乐升天的舞蹈","职技能力","舞蹈对极乐状态异常的敌人触发特攻","7066:极致偶像（Lv4）","","2"
"6899","快楽昇天の歌","職技アビリティ","歌うで快楽状態異常の敵に特攻が発生する","7066:極マリシ偶像（Lv4）","","2","极乐升天的歌声","职技能力","歌唱对极乐状态异常的敌人触发特攻","7066:极致偶像（Lv4）","","2"
"6900","ヌルヌル殺しの御奉仕","職技アビリティ","御奉仕でヌルヌル状態の敵に特攻が発生する","","7425:正体不明触手禍（Lv7）","2","黏滑杀手的侍奉","职技能力","侍奉对处于黏滑状态的敌人发动特攻","","7425:正体不明触手祸（Lv7）","2"
"6901","快楽の奉仕者","職技アビリティ","御奉仕で敏感・恍惚・誘惑・失禁状態の敵に特攻が発生する","7048:ゴッドメイド（Lv6）","","2","极乐的侍奉者","职技能力","侍奉对处于敏感・恍惚・诱惑・失禁状态的敌人发动特攻","7048:神之女仆（Lv6）","","2"
"6902","快楽ラッシュ","職技アビリティ","淫技で拘束・スタン状態の敵に特攻が発生する","7039:QOBF（Lv3）","","2","极乐冲击","职技能力","淫技对处于拘束・眩晕状态的敌人发动特攻","7039:QOBF（Lv3）","","2"
"6903","破邪のクナイ","職技アビリティ","忍術で亜人・妖狐に特攻ダメージを与える","7030:忍神（Lv5）","","2","破邪的苦无","职技能力","忍术对亚人・妖狐造成特攻伤害","7030:忍神（Lv5）","","2"
"6904","海狩り","職技アビリティ","海賊技で人魚・海棲種に特攻ダメージを与える","7031:七海覇王（Lv4）","","2","海狩","职技能力","海贼技对人鱼・海栖种造成特攻伤害","7031:七海霸王（Lv4）","","2"
"6905","強敵を打ち破る一撃","職技アビリティ","ヒーロー技でボスに与えるダメージが15%アップ","78:ジャスティスカイザー（Lv7）","","3","击破强敌的一击","职技能力","英雄技对Boss造成的伤害提升15%","78:正义凯撒（Lv7）","","2"
"6906","真の必殺技","職技アビリティ","ヒーロー技でボスに与えるダメージが30%アップ","7032:エクセルシオール（Lv13）","","6","真正的必杀技","职技能力","英雄技对Boss造成的伤害提升30%","7032:破界英雄（Lv13）","","2"
"6907","欲喰いギャンブル","職技アビリティ","オラクルで淫魔・吸血鬼に特攻ダメージを与える","7035:ゴッドギャンブラー（Lv2）","","2","贪食赌博","职技能力","神谕对淫魔・吸血鬼造成特攻伤害","7035:赌神（Lv2）","","2"
"6908","ダンスで勝負","職技アビリティ","踊りで妖精・ハーピーに特攻ダメージを与える","7036:舞踏神（Lv6）","","2","舞蹈对决","职技能力","舞蹈对妖精・哈比造成特攻伤害","7036:舞蹈神（Lv6）","","2"
"6909","歌唱対決","職技アビリティ","歌うで妖精・人魚に特攻ダメージを与える","7037:歌唱神（Lv5）","","2","歌唱对决","职技能力","歌唱对妖精・人鱼造成特攻伤害","7037:歌唱神（Lv5）","","2"
"6910","除霊の話術","職技アビリティ","話すでゴースト・ドールに特攻ダメージを与える","7045:言霊神（Lv6）","","2","除灵的谈话术","职技能力","交谈对幽灵・人偶造成特攻伤害","7045:言灵神（Lv6）","","2"
"6911","被造物への対抗策","魔法アビリティ","魔導科学でキメラ・ロイドに特攻ダメージを与える","7040:禁忌科学者（Lv2）","","2","对造物的对策","魔法能力","魔导科学对奇美拉・机器人造成特攻伤害","7040:禁忌科学家（Lv2）","","3"
"6912","対兵器用マキナ","職技アビリティ","マキナでキメラ・ロイドに特攻ダメージを与える","7043:ゴッドマシーナリー（Lv5）","","2","对兵器用器械","职技能力","器械对奇美拉・机器人造成特攻伤害","7043:神之机械（Lv5）","","2"
"6913","高貴なる者も満足の味","職技アビリティ","料理で妖魔・吸血鬼に特攻ダメージを与える","7046:料理神（Lv5）","","2","高贵者也满足的味道","职技能力","料理对妖魔・吸血鬼造成特攻伤害","7046:料理神（Lv5）","","2"
"6914","天使をも魅了する味","職技アビリティ","料理で天使に特攻ダメージを与える","7046:料理神（Lv5）","","2","连天使也为之倾倒的味道","职技能力","料理对天使造成特攻伤害","7046:料理神（Lv5）","","2"
"6915","効率的人体破壊","職技アビリティ","医術で人間・ゾンビに特攻ダメージを与える","7047:禁医（Lv5）","","2","高效的人体破坏","职技能力","医术对人类・僵尸造成特攻伤害","7047:禁医（Lv5）","","2"
"6916","高貴なる者への御奉仕","職技アビリティ","御奉仕で妖魔・吸血鬼に特攻ダメージを与える","7048:ゴッドメイド（Lv7）","","2","对高贵者的侍奉","职技能力","侍奉对妖魔・吸血鬼造成特攻伤害","7048:神之女仆（Lv7）","","2"
"6917","天地を統べる","職技アビリティ","王技で妖魔・天使に特攻ダメージを与える","7050:覇王（Lv6）","","2","统御天地","职技能力","王技对妖魔・天使造成特攻伤害","7050:霸王（Lv6）","","2"
"6918","猛毒のクナイ","職技アビリティ","忍術に毒・暗闇・麻痺効果を付加する","7030:忍神（Lv2）","","2","猛毒的苦无","职技能力","忍术附加中毒・黑暗・麻痹效果","7030:忍神（Lv2）","","2"
"6919","海賊の搦め手","職技アビリティ","海賊技に攻撃力・防御力低下効果を付加する","7031:七海覇王（Lv2）","","2","海贼的绞杀技","职技能力","海贼技附加攻击力・防御力降低效果","7031:七海霸王（Lv2）","","2"
"6920","ショッキングダンス","職技アビリティ","踊りにスタン・混乱効果を付加する","7036:舞踏神（Lv3）","","2","震撼舞蹈","职技能力","舞蹈附加眩晕・混乱效果","7036:舞蹈神（Lv3）","","2"
"6921","ショッキングソング","職技アビリティ","歌うにスタン・混乱効果を付加する","7037:歌唱神（Lv4）","","2","震撼歌曲","职技能力","歌唱附加眩晕・混乱效果","7037:歌唱神（Lv4）","","2"
"6922","アイドルダンス","職技アビリティ","踊りにスタン・敏感・誘惑効果を付加する","7038:コズミックアイドル（Lv3）","","2","偶像舞蹈","职技能力","舞蹈附加眩晕・敏感・诱惑效果","7038:宇宙偶像（Lv3）","","2"
"6923","アイドルソング","職技アビリティ","歌うにスタン・敏感・誘惑効果を付加する","7038:コズミックアイドル（Lv3）","","2","偶像歌曲","职技能力","歌唱附加眩晕・敏感・诱惑效果","7038:宇宙偶像（Lv3）","","2"
"6924","極まりし偶像の踊り","職技アビリティ","踊りにスタン・敏感・恍惚・誘惑・失禁・絶頂効果を付加する","7066:極マリシ偶像（Lv3）","","2","极致偶像之舞","职技能力","舞蹈附加眩晕・敏感・恍惚・诱惑・失禁・高潮效果","7066:极致偶像（Lv3）","","2"
"6925","極まりし偶像の歌","職技アビリティ","歌うにスタン・敏感・恍惚・誘惑・失禁・絶頂効果を付加する","7066:極マリシ偶像（Lv3）","","2","极致偶像之歌","职技能力","歌唱附加眩晕・敏感・恍惚・诱惑・失禁・高潮效果","7066:极致偶像（Lv3）","","2"
"6926","精神錯乱の話術","職技アビリティ","話すに沈黙・混乱・睡眠効果を付加する","7045:言霊神（Lv2）","","2","精神错乱的言术","职技能力","交谈附加沉默・混乱・睡眠效果","7045:言灵神（Lv2）","","2"
"6927","致死のマキナ","職技アビリティ","マキナに即死効果を付加する","7043:ゴッドマシーナリー（Lv7）","","2","致命的器械","职技能力","器械附加即死效果","7043:神之机械（Lv7）","","2"
"6928","洗礼料理","職技アビリティ","料理に昇天・聖痕効果を付加する","7046:料理神（Lv2）","","2","洗礼料理","职技能力","料理附加升天・圣痕效果","7046:料理神（Lv2）","","2"
"6929","サバト料理","職技アビリティ","料理に即死・闇穢効果を付加する","7046:料理神（Lv3）","","2","萨巴特料理","职技能力","料理附加即死・暗秽效果","7046:料理神（Lv3）","","2"
"6930","非道なる医術","職技アビリティ","医術に毒・ゾンビ・即死効果を付加する","7047:禁医（Lv3）","","2","非道的医术","职技能力","医术附加中毒・僵尸・即死效果","7047:禁医（Lv3）","","2"
"6931","過剰な御奉仕","職技アビリティ","御奉仕に失禁・絶頂効果を付加する","7048:ゴッドメイド（Lv2）","","2","过度的侍奉","职技能力","侍奉附加失禁・高潮效果","7048:神之女仆（Lv2）","","2"
"6932","クィーンの淫技","職技アビリティ","淫技に拘束・絶頂効果を付加する","7039:QOBF（Lv2）","","2","女王的淫技","职技能力","淫技附加拘束・高潮效果","7039:QOBF（Lv2）","","2"
"6933","ファーストスティール","職技アビリティ","戦闘開始時、敵の持ち物をぶんどる","7029:盗神（Lv8）","","5","初次偷窃","职技能力","战斗开始时，抢夺敌人的物品","7029:盗神（Lv8）","","2"
"6934","手裏剣ダメージ強化","職技アビリティ","手裏剣によるダメージがアップする","7030:忍神（Lv7）","","3","手里剑伤害强化","职技能力","手里剑造成的伤害提升","7030:忍神（Lv7）","","2"
"6935","手裏剣ダメージ超強化","職技アビリティ","手裏剣によるダメージが大幅にアップする","7065:音ヨリモ速キ者（Lv5）","","6","手里剑伤害超强化","职技能力","手里剑造成的伤害大幅提升","7065:超音速者（Lv5）","","2"
"6936","ファーストランダマイザ","職技アビリティ","戦闘開始時、敵全体を状態異常にする","7035:ゴッドギャンブラー（Lv7）","","10","初次随机发生器","职技能力","战斗开始时，使全体敌人陷入异常状态","7035:赌神（Lv7）","","2"
"6937","オートランダマイザ","職技アビリティ","ターン開始時、敵味方全体にランダム状態異常が発生する","7035:ゴッドギャンブラー（Lv4）","","3","自动随机发生器","职技能力","回合开始时，敌我全体随机陷入异常状态","7035:赌神（Lv4）","","2"
"6938","属性ルーレット","職技アビリティ","戦闘開始時、ランダムで属性が強化される","7035:ゴッドギャンブラー（Lv12）","","10","属性轮盘","职技能力","战斗开始时，随机强化属性","7035:赌神（Lv12）","","2"
"6939","スキルルーレット","職技アビリティ","戦闘開始時、ランダムでスキルが強化される","7035:ゴッドギャンブラー（Lv11）","","10","技能轮盘","职技能力","战斗开始时，随机强化技能","7035:赌神（Lv11）","","2"
"6940","ギャンブルジャンキー","職技アビリティ","オラクル以外は使用できなくなるが、消費SPが0になり威力アップ","7035:ゴッドギャンブラー（Lv8）","","2","赌博狂","职技能力","除神谕外无法使用，但消耗SP变为0且威力提升","7035:赌神（Lv8）","","2"
"6941","魅了の開幕","職技アビリティ","戦闘開始時、相手を魅了する","7038:コズミックアイドル（Lv9）","","7","魅惑的开场","职技能力","战斗开始时，魅惑对手","7038:宇宙偶像（Lv9）","","2"
"6942","ノンストップダンシング","職技アビリティ","ターン終了後、ランダムで「踊る」が発動する","7066:極マリシ偶像（Lv10）","","10","不停歇的舞蹈","职技能力","回合结束后，随机发动「舞蹈」","7066:极致偶像（Lv10）","","2"
"6943","ノンストップシンギング","職技アビリティ","ターン終了後、ランダムで「歌う」が発動する","7066:極マリシ偶像（Lv10）","","10","不停歌唱","职技能力","回合结束后，随机发动「歌唱」","7066:极致偶像（Lv10）","","2"
"6944","ディレイダンス","職技アビリティ","踊りが二連続で発動するが、行動順が最遅になる","7036:舞踏神（Lv12）","","15","延迟舞蹈","职技能力","舞蹈会连续发动两次，但行动顺序变为最慢","7036:舞蹈神（Lv12）","","2"
"6945","固定砲台","職技アビリティ","マキナが二連続で発動するが、行動順が最遅になる","7043:ゴッドマシーナリー（Lv9）","","15","固定炮台","职技能力","器械会连续发动两次，但行动顺序变为最慢","7043:神之机械（Lv9）","","2"
"6946","オートクッキング","職技アビリティ","ターン終了後、自動的に料理を作る","7046:料理神（Lv11）","","12","自动烹饪","职技能力","回合结束后，自动制作料理","7046:料理神（Lv11）","","2"
"6947","元気モリモリ料理","職技アビリティ","味方への料理にHPターン回復効果が付加する","7046:料理神（Lv8）","","5","元气满满料理","职技能力","对队友的料理附加HP回合恢复效果","7046:料理神（Lv8）","","2"
"6948","活力モリモリ料理","職技アビリティ","味方への料理にSPターン回復効果が付加する","7046:料理神（Lv8）","","5","活力满满料理","职技能力","对队友的料理附加SP回合恢复效果","7046:料理神（Lv8）","","2"
"6949","メイドの片手間料理","職技アビリティ","ターン終了後、自動的に料理を作る事がある","7048:ゴッドメイド（Lv12）","","6","女仆的空闲料理","职技能力","回合结束后，有时会自动制作料理","7048:神之女仆（Lv12）","","2"
"6950","生身の英雄","職技アビリティ","変身しなくてもヒーロー技が使用可能になる","7032:エクセルシオール（Lv8）","","7","肉身的英雄","职技能力","即使不变身也能使用英雄技","7032:破界英雄（Lv8）","","2"
"6951","支援ビット","職技アビリティ","支援ビットが毎ターン終了時に敵全体を攻撃する","","7404:射撃型ロイド（Lv4）","6","支援比特","职技能力","支援比特在每回合结束时攻击全体敌人","","7404:射击型机器人（Lv4）","2"
"6952","バスタービット","職技アビリティ","バスタービットが毎ターン終了時に敵全体を攻撃する","","7405:バスターロイド（Lv4）","12","破坏比特","职技能力","破坏比特在每回合结束时攻击全体敌人","","7405:破坏者机器人（Lv4）","2"
"6953","サテライトビット","職技アビリティ","サテライトビットが毎ターン終了時に敵全体を攻撃する","","7443:アサルトバスター（Lv11）","15","卫星比特","职技能力","卫星比特在每回合结束时攻击全体敌人","","7443:突击破坏者（Lv11）","2"
"6954","オメガビット","職技アビリティ","オメガビットが毎ターン終了時に敵全体を攻撃する","","7444:シンギュラリティ（Lv11）","18","欧米伽比特","职技能力","欧米伽比特在每回合结束时攻击全体敌人","","7444:奇点（Lv11）","2"
"6955","アシストバルカン","職技アビリティ","造技使用後、アシストバルカンが発動する","","7406:近接型ロイド（Lv10）","6","辅助火神","职技能力","造技使用后，辅助火神发动","","7406:近战型机器人（Lv10）","2"
"6956","アシストバースト","職技アビリティ","造技使用後、アシストバーストが発動する","","7407:アサルトロイド（Lv10）","12","辅助爆发","职技能力","造技使用后，辅助爆发发动","","7407:突击机器人（Lv10）","2"
"6957","アシストフルバースト","職技アビリティ","造技使用後、アシストフルバーストが発動する","","7443:アサルトバスター（Lv8）","15","辅助全爆发","职技能力","造技使用后，辅助全爆发发动","","7443:突击破坏者（Lv8）","2"
"6958","アシストギガバースト","職技アビリティ","造技使用後、アシストギガバーストが発動する","","7444:シンギュラリティ（Lv8）","18","辅助千兆爆发","职技能力","造技使用后，辅助千兆爆发发动","","7444:奇点（Lv8）","2"
"6959","多重ロックオン","職技アビリティ","敵複数時、銃技・マキナ・造技の威力が15%アップする","","7404:射撃型ロイド（Lv10）","6","多重锁定","职技能力","敌人为复数时，铳技・器械・造技的威力提升15%","","7404:射击型机器人（Lv10）","2"
"6960","フルロックオン","職技アビリティ","敵複数時、銃技・マキナ・造技の威力が30%アップする","","7405:バスターロイド（Lv10）","12","全锁定","职技能力","敌人为复数时，铳技・器械・造技的威力提升30%","","7405:破坏者机器人（Lv10）","2"
"6961","オーバーロックオン","職技アビリティ","敵複数時、銃技・マキナ・造技の威力が50%アップする","","7443:アサルトバスター（Lv7）","18","超锁定","职技能力","敌人为复数时，铳技・器械・造技的威力提升50%","","7443:突击破坏者（Lv7）","2"
"6962","加速装置","職技アビリティ","戦闘開始から3ターン、素早さと回避率・魔法回避率がアップする","","7402:サイボーグ（Lv4）","5","加速装置","职技能力","战斗开始后的3回合内，敏捷和回避率・魔法回避率提升","","7402:电子人（Lv4）","2"
"6963","物理攻撃即死付加75%","職技アビリティ","物理攻撃に75%の即死効果が付加する","","7433:死神（Lv5）","40","物理攻击即死附加75%","职技能力","物理攻击附加75%的即死效果","","7433:死神（Lv5）","2"
"6964","/物理攻撃即死付加100%","職技アビリティ","物理攻撃に100%の即死効果が付加する","","","10","/物理攻撃即死付加100%","职技能力","物理攻击附加100%的即死效果","","","2"
"6965","物理攻撃昇天付加75%","職技アビリティ","物理攻撃に75%の昇天効果が付加する","","7416:バビロンの大淫婦（Lv6）；7436:天の軍団長（Lv8）；7437:明けの明星（Lv7）；7439:律法の守護者（Lv7）","40","物理攻击升天附加75%","职技能力","物理攻击附加75%的升天效果","","7416:巴比伦的大淫妇（Lv6）；7436:天之军团长（Lv8）；7437:璀璨之明星（Lv7）；7439:律法的守护者（Lv7）","2"
"6966","/物理攻撃昇天付加100%","職技アビリティ","物理攻撃に100%の昇天効果が付加する","","","10","/物理攻撃昇天付加100%","职技能力","物理攻击附加100%的升天效果","","","2"
"6967","物理攻撃絶頂付加75%","職技アビリティ","物理攻撃に75%の絶頂効果が付加する","","","40","物理攻击绝顶附加75%","职技能力","物理攻击附加75%的绝顶效果","","","2"
"6968","/物理攻撃絶頂付加100%","職技アビリティ","物理攻撃に100%の絶頂効果が付加する","","","10","/物理攻撃絶頂付加100%","职技能力","物理攻击附加100%的绝顶效果","","","2"
"6969","物理攻撃毒付加75%","職技アビリティ","物理攻撃に75%の毒効果が付加する","","","20","物理攻击中毒附加75%","职技能力","物理攻击附加75%的中毒效果","","","2"
"6970","/物理攻撃毒付加100%","職技アビリティ","物理攻撃に100%の毒効果が付加する","","","5","/物理攻撃毒付加100%","职技能力","物理攻击附加100%的中毒效果","","","2"
"6971","物理攻撃暗闇付加75%","職技アビリティ","物理攻撃に75%の暗闇効果が付加する","","7422:時の神獣（Lv4）","20","物理攻击黑暗附加75%","职技能力","物理攻击附加75%的黑暗效果","","7422:时之神兽（Lv4）","2"
"6972","/物理攻撃暗闇付加100%","職技アビリティ","物理攻撃に100%の暗闇効果が付加する","","","5","/物理攻撃暗闇付加100%","职技能力","物理攻击附加100%的黑暗效果","","","2"
"6973","物理攻撃沈黙付加75%","職技アビリティ","物理攻撃に75%の沈黙効果が付加する","","","20","物理攻击沉默附加75%","职技能力","物理攻击附加75%的沉默效果","","","2"
"6974","/物理攻撃沈黙付加100%","職技アビリティ","物理攻撃に100%の沈黙効果が付加する","","","5","/物理攻撃沈黙付加100%","职技能力","物理攻击附加100%的沉默效果","","","2"
"6975","物理攻撃混乱付加75%","職技アビリティ","物理攻撃に75%の混乱効果が付加する","","7431:千樹華音（Lv7）","40","物理攻击混乱附加75%","职技能力","物理攻击附加75%的混乱效果","","7431:千树华音（Lv7）","2"
"6976","/物理攻撃混乱付加100%","職技アビリティ","物理攻撃に100%の混乱効果が付加する","","","10","/物理攻撃混乱付加100%","职技能力","物理攻击附加100%的混乱效果","","","2"
"6977","物理攻撃睡眠付加75%","職技アビリティ","物理攻撃に75%の睡眠効果が付加する","","7418:ワールドドロウン（Lv4）","40","物理攻击睡眠附加75%","职技能力","物理攻击附加75%的睡眠效果","","7418:世界沉没者（Lv4）","2"
"6978","/物理攻撃睡眠付加100%","職技アビリティ","物理攻撃に100%の睡眠効果が付加する","","","10","/物理攻撃睡眠付加100%","职技能力","物理攻击附加100%的睡眠效果","","","2"
"6979","物理攻撃麻痺付加75%","職技アビリティ","物理攻撃に75%の麻痺効果が付加する","","7431:千樹華音（Lv6）","40","物理攻击麻痹附加75%","职技能力","物理攻击附加75%的麻痹效果","","7431:千树华音（Lv6）","2"
"6980","/物理攻撃麻痺付加100%","職技アビリティ","物理攻撃に100%の麻痺効果が付加する","","","10","/物理攻撃麻痺付加100%","职技能力","物理攻击附加100%的麻痹效果","","","2"
"6981","物理攻撃バーン付加75%","職技アビリティ","物理攻撃に75%のバーン効果が付加する","","7414:大魔王（Lv6）","40","物理攻击燃烧附加75%","职技能力","物理攻击附加75%的燃烧效果","","7414:大魔王（Lv6）","2"
"6982","/物理攻撃バーン付加100%","職技アビリティ","物理攻撃に100%のバーン効果が付加する","","","10","/物理攻撃バーン付加100%","职技能力","物理攻击附加100%的燃烧效果","","","2"
"6983","物理攻撃フリーズ付加75%","職技アビリティ","物理攻撃に75%のフリーズ効果が付加する","","7415:マガツオオミカミ（Lv4）","40","物理攻击冻结附加75%","职技能力","物理攻击附加75%的冻结效果","","7415:祸津大御神（Lv4）","2"
"6984","/物理攻撃フリーズ付加100%","職技アビリティ","物理攻撃に100%のフリーズ効果が付加する","","","10","/物理攻撃フリーズ付加100%","职技能力","物理攻击附加100%的冻结效果","","","2"
"6985","物理攻撃ショック付加75%","職技アビリティ","物理攻撃に75%のショック効果が付加する","","","40","物理攻击电击附加75%","职技能力","物理攻击附加75%的电击效果","","","2"
"6986","/物理攻撃ショック付加100%","職技アビリティ","物理攻撃に100%のショック効果が付加する","","","10","/物理攻撃ショック付加100%","职技能力","物理攻击附加100%的电击效果","","","2"
"6987","物理攻撃スロウ付加75%","職技アビリティ","物理攻撃に75%のスロウ効果が付加する","","7430:バアル・ゼブブ（Lv4）","40","物理攻击减速附加75%","职技能力","物理攻击附加75%的减速效果","","7430:巴力・西卜（Lv4）","2"
"6988","/物理攻撃スロウ付加100%","職技アビリティ","物理攻撃に100%のスロウ効果が付加する","","","10","/物理攻撃スロウ付加100%","职技能力","物理攻击附加100%的减速效果","","","2"
"6989","物理攻撃ストップ付加75%","職技アビリティ","物理攻撃に75%のストップ効果が付加する","","7430:バアル・ゼブブ（Lv4）","40","物理攻击停止附加75%","职技能力","物理攻击附加75%的停止效果","","7430:巴力・西卜（Lv4）","2"
"6990","/物理攻撃ストップ付加100%","職技アビリティ","物理攻撃に100%のストップ効果が付加する","","","10","/物理攻撃ストップ付加100%","职技能力","物理攻击附加100%的停止效果","","","2"
"6991","物理攻撃ミニマム付加75%","職技アビリティ","物理攻撃に75%のミニマム効果が付加する","","7432:ノーライフキング（Lv10）","40","物理攻击缩小附加75%","职技能力","物理攻击附加75%的缩小效果","","7432:无生之王（Lv10）","2"
"6992","/物理攻撃ミニマム付加100%","職技アビリティ","物理攻撃に100%のミニマム効果が付加する","","","10","/物理攻撃ミニマム付加100%","职技能力","物理攻击附加100%的缩小效果","","","2"
"6993","物理攻撃ゾンビ付加75%","職技アビリティ","物理攻撃に75%のゾンビ効果が付加する","","7432:ノーライフキング（Lv9）","40","物理攻击僵尸化附加75%","职技能力","物理攻击附加75%的僵尸化效果","","7432:无生之王（Lv9）","2"
"6994","/物理攻撃ゾンビ付加100%","職技アビリティ","物理攻撃に100%のゾンビ効果が付加する","","","10","/物理攻撃ゾンビ付加100%","职技能力","物理攻击附加100%的僵尸化效果","","","2"
"6995","物理攻撃石化付加75%","職技アビリティ","物理攻撃に75%の石化効果が付加する","","7424:淫欲の堕蛇（Lv4）；7432:ノーライフキング（Lv11）","40","物理攻击石化附加75%","职技能力","物理攻击附加75%的石化效果","","7424:淫欲的堕蛇（Lv4）；7432:无生之王（Lv11）","2"
"6996","/物理攻撃石化付加100%","職技アビリティ","物理攻撃に100%の石化効果が付加する","","","10","/物理攻撃石化付加100%","职技能力","物理攻击附加100%的石化效果","","","2"
"6997","物理攻撃消化付加75%","職技アビリティ","物理攻撃に75%の消化効果が付加する","","7421:カナデ（Lv5）","40","物理攻击消化附加75%","职技能力","物理攻击附加75%的消化效果","","7421:祸抚（Lv5）","2"
"6998","/物理攻撃消化付加100%","職技アビリティ","物理攻撃に100%の消化効果が付加する","","","10","/物理攻撃消化付加100%","职技能力","物理攻击附加100%的消化效果","","","2"
"6999","物理攻撃スタン付加75%","職技アビリティ","物理攻撃に75%のスタン効果が付加する","","7424:淫欲の堕蛇（Lv4）","40","物理攻击眩晕附加75%","职技能力","物理攻击附加75%的眩晕效果","","7424:淫欲的堕蛇（Lv4）","2"
"7000","/物理攻撃スタン付加100%","職技アビリティ","物理攻撃に100%のスタン効果が付加する","","","10","/物理攻撃スタン付加100%","职技能力","物理攻击附加100%的眩晕效果","","","2"
"7001","物理攻撃ヌルヌル付加75%","職技アビリティ","物理攻撃に75%のヌルヌル効果が付加する","","7421:カナデ（Lv5）；7428:次元侵蝕者（Lv4）","40","物理攻击黏滑附加75%","职技能力","物理攻击附加75%的黏滑效果","","7421:祸抚（Lv5）；7428:次元侵蚀者（Lv4）","2"
"7002","/物理攻撃ヌルヌル付加100%","職技アビリティ","物理攻撃に100%のヌルヌル効果が付加する","","","10","/物理攻撃ヌルヌル付加100%","职技能力","物理攻击有100%的几率附加黏滑效果","","","2"
"7003","物理攻撃敏感付加75%","職技アビリティ","物理攻撃に75%の敏感効果が付加する","","7416:バビロンの大淫婦（Lv6）","40","物理攻击敏感附加75%","职技能力","物理攻击有75%的几率附加敏感效果","","7416:巴比伦的大淫妇（Lv6）","2"
"7004","/物理攻撃敏感付加100%","職技アビリティ","物理攻撃に100%の敏感効果が付加する","","","10","/物理攻撃敏感付加100%","职技能力","物理攻击有100%的几率附加敏感效果","","","2"
"7005","物理攻撃恍惚付加75%","職技アビリティ","物理攻撃に75%の恍惚効果が付加する","","7416:バビロンの大淫婦（Lv6）","40","物理攻击恍惚附加75%","职技能力","物理攻击有75%的几率附加恍惚效果","","7416:巴比伦的大淫妇（Lv6）","2"
"7006","/物理攻撃恍惚付加100%","職技アビリティ","物理攻撃に100%の恍惚効果が付加する","","","10","/物理攻撃恍惚付加100%","职技能力","物理攻击有100%的几率附加恍惚效果","","","2"
"7007","物理攻撃誘惑付加75%","職技アビリティ","物理攻撃に75%の誘惑効果が付加する","","","40","物理攻击诱惑附加75%","职技能力","物理攻击有75%的几率附加诱惑效果","","","2"
"7008","/物理攻撃誘惑付加100%","職技アビリティ","物理攻撃に100%の誘惑効果が付加する","","","10","/物理攻撃誘惑付加100%","职技能力","物理攻击有100%的几率附加诱惑效果","","","2"
"7009","物理攻撃失禁付加75%","職技アビリティ","物理攻撃に75%の失禁効果が付加する","7067:快楽ヲ極メシ者（Lv7）","","40","物理攻击失禁附加75%","职技能力","物理攻击有75%的几率附加失禁效果","7067:极乐追求者（Lv7）","","2"
"7010","/物理攻撃失禁付加100%","職技アビリティ","物理攻撃に100%の失禁効果が付加する","","","10","/物理攻撃失禁付加100%","职技能力","物理攻击有100%的几率附加失禁效果","","","2"
"7011","竪琴オーバーブースター","職技アビリティ","竪琴を用いたダメージと消費MP・SPが2倍になる
※同系統のブースターと同時セット可能","7066:極マリシ偶像（Lv15）","7418:ワールドドロウン（Lv16）；7429:名状しがたきもの（Lv15）；7434:影、紬ぐ人形（Lv13）","3","竖琴超增强","职技能力","使用竖琴造成的伤害和消耗的MP・SP变为两倍
※可与同系列增强同时装备","7066:极致偶像（Lv15）","7418:世界沉没者（Lv16）；7429:不可名状之物（Lv15）；7434:影、䌷人偶（Lv13）","2"
"7012","包丁オーバーブースター","職技アビリティ","包丁を用いたダメージと消費MP・SPが2倍になる
※同系統のブースターと同時セット可能","7069:万職ヲ極メシ仕事人（Lv5）","7423:白面金毛九尾の狐（Lv15）","3","菜刀超增强","职技能力","使用菜刀造成的伤害和消耗的MP・SP变为两倍
※可与同系列增强同时装备","7069:万职极尽的工匠（Lv5）","7423:白面金毛九尾狐（Lv15）","2"
"7013","そろばんオーバーブースター","職技アビリティ","そろばんを用いたダメージと消費MP・SPが2倍になる
※同系統のブースターと同時セット可能","7069:万職ヲ極メシ仕事人（Lv15）","7418:ワールドドロウン（Lv16）","3","算盘超增强","职技能力","使用算盘造成的伤害和消耗的MP・SP变为两倍
※可与同系列增强同时装备","7069:万职极尽的工匠（Lv15）","7418:世界沉没者（Lv16）","2"
"7014","メスオーバーブースター","職技アビリティ","メスを用いたダメージと消費MP・SPが2倍になる
※同系統のブースターと同時セット可能","7069:万職ヲ極メシ仕事人（Lv10）；7080:全テヲ癒ス者（Lv17）","7432:ノーライフキング（Lv15）","3","手术刀超增强","职技能力","使用手术刀造成的伤害和消耗的MP・SP变为两倍
※可与同系列增强同时装备","7069:万职极尽的工匠（Lv10）；7080:全治愈者（Lv17）","7432:无生之王（Lv15）","2"
"7015","カードオーバーブースター","職技アビリティ","カードを用いたダメージと消費MP・SPが2倍になる
※同系統のブースターと同時セット可能","7069:万職ヲ極メシ仕事人（Lv6）","7420:コスモス（Lv16）","3","卡牌超增强","职技能力","使用卡牌造成的伤害和消耗的MP・SP变为两倍
※可与同系列增强同时装备","7069:万职极尽的工匠（Lv6）","7420:宇宙神蝶（Lv16）","2"
"7016","皿オーバーブースター","職技アビリティ","皿を用いたダメージと消費MP・SPが2倍になる
※同系統のブースターと同時セット可能","7069:万職ヲ極メシ仕事人（Lv8）","7425:正体不明触手禍（Lv17）；7434:影、紬ぐ人形（Lv15）","3","盘超增强","职技能力","使用盘造成的伤害和消耗的MP・SP变为两倍
※可与同系列增强同时装备","7069:万职极尽的工匠（Lv8）","7425:正体不明触手祸（Lv17）；7434:影、䌷人偶（Lv15）","2"
"7017","淫具オーバーブースター","職技アビリティ","淫具を用いたダメージと消費MP・SPが2倍になる
※同系統のブースターと同時セット可能","7067:快楽ヲ極メシ者（Lv15）","7416:バビロンの大淫婦（Lv16）","3","淫具超增强","职技能力","使用淫具造成的伤害和消耗的MP・SP变为两倍
※可与同系列增强同时装备","7067:极乐追求者（Lv15）","7416:巴比伦的大淫妇（Lv16）","2"
"7018","盗賊技ハイブースター","職技アビリティ","「盗賊技」によるダメージが30%アップする","","","20","盗贼技高级增强","职技能力","「盗贼技」造成的伤害提升30%","","","2"
"7019","盗賊技エクスブースター","職技アビリティ","「盗賊技」によるダメージが50%アップする","","","30","盗贼技极限增强","职技能力","「盗贼技」造成的伤害提升50%","","","2"
"7020","盗賊技オーバーブースター","職技アビリティ","「盗賊技」によるダメージと消費MP・SPが2倍になる","","","10","盗贼技超增强","职技能力","「盗贼技」造成的伤害和消耗的MP・SP变为两倍","","","2"
"7021","/盗賊技ブースター","職技アビリティ","「盗賊技」によるダメージが75%アップする","","","10","/盗賊技ブースター","职技能力","「盗贼技」造成的伤害提升75%","","","2"
"7022","/盗賊技ブースター","職技アビリティ","「盗賊技」によるダメージが100%アップする","","","10","/盗賊技ブースター","职技能力","「盗贼技」造成的伤害提升100%","","","2"
"7023","/盗賊技ブースター","職技アビリティ","「盗賊技」によるダメージが200%アップする","","","10","/盗賊技ブースター","职技能力","「盗贼技」造成的伤害提升200%","","","2"
"7024","忍術ハイブースター","職技アビリティ","「忍術」によるダメージが30%アップする","","","20","忍术高级增强","职技能力","「忍术」造成的伤害提升30%","","","2"
"7025","忍術エクスブースター","職技アビリティ","「忍術」によるダメージが50%アップする","","","30","忍术极限增强","职技能力","「忍术」造成的伤害提升50%","","","2"
"7026","忍術オーバーブースター","職技アビリティ","「忍術」によるダメージと消費MP・SPが2倍になる","","","10","忍术超增强","职技能力","「忍术」造成的伤害和消耗MP・SP变为2倍","","","2"
"7027","/忍術ブースター","職技アビリティ","「忍術」によるダメージが75%アップする","","","10","/忍術ブースター","职技能力","「忍术」造成的伤害提升75%","","","2"
"7028","/忍術ブースター","職技アビリティ","「忍術」によるダメージが100%アップする","","","10","/忍術ブースター","职技能力","「忍术」造成的伤害提升100%","","","2"
"7029","/忍術ブースター","職技アビリティ","「忍術」によるダメージが200%アップする","","","10","/忍術ブースター","职技能力","「忍术」造成的伤害提升200%","","","2"
"7030","海賊技ハイブースター","職技アビリティ","「海賊技」によるダメージが30%アップする","","","20","海贼技高级增强","职技能力","「海贼技」造成的伤害提升30%","","","2"
"7031","海賊技エクスブースター","職技アビリティ","「海賊技」によるダメージが50%アップする","","","30","海贼技极限增强","职技能力","「海贼技」造成的伤害提升50%","","","2"
"7032","海賊技オーバーブースター","職技アビリティ","「海賊技」によるダメージと消費MP・SPが2倍になる","","","10","海贼技超增强","职技能力","「海贼技」造成的伤害和消耗的MP・SP变为2倍","","","2"
"7033","/海賊技ブースター","職技アビリティ","「海賊技」によるダメージが75%アップする","","","10","/海賊技ブースター","职技能力","「海贼技」造成的伤害提升75%","","","2"
"7034","/海賊技ブースター","職技アビリティ","「海賊技」によるダメージが100%アップする","","","10","/海賊技ブースター","职技能力","「海贼技」造成的伤害提升100%","","","2"
"7035","/海賊技ブースター","職技アビリティ","「海賊技」によるダメージが200%アップする","","","10","/海賊技ブースター","职技能力","「海贼技」造成的伤害提升200%","","","2"
"7036","ヒーロー技ハイブースター","職技アビリティ","「ヒーロー技」によるダメージが30%アップする","","","20","英雄技高级增强","职技能力","「英雄技」造成的伤害提升30%","","","2"
"7037","ヒーロー技エクスブースター","職技アビリティ","「ヒーロー技」によるダメージが50%アップする","","","30","英雄技极限增强","职技能力","「英雄技」造成的伤害提升50%","","","2"
"7038","ヒーロー技オーバーブースター","職技アビリティ","「ヒーロー技」によるダメージと消費MP・SPが2倍になる","","","10","英雄技超增强","职技能力","「英雄技」造成的伤害和消耗的MP・SP变为2倍","","","2"
"7039","/ヒーロー技ブースター","職技アビリティ","「ヒーロー技」によるダメージが75%アップする","","","10","/ヒーロー技ブースター","职技能力","「英雄技」造成的伤害提升75%","","","2"
"7040","/ヒーロー技ブースター","職技アビリティ","「ヒーロー技」によるダメージが100%アップする","","","10","/ヒーロー技ブースター","职技能力","「英雄技」造成的伤害提升100%","","","2"
"7041","/ヒーロー技ブースター","職技アビリティ","「ヒーロー技」によるダメージが200%アップする","","","10","/ヒーロー技ブースター","职技能力","「英雄技」造成的伤害提升200%","","","2"
"7042","商技ハイブースター","職技アビリティ","「商技」によるダメージが30%アップする","","","20","商技高级增强","职技能力","「商技」造成的伤害提升30%","","","2"
"7043","商技エクスブースター","職技アビリティ","「商技」によるダメージが50%アップする","","","30","商技极限增强","职技能力","「商技」造成的伤害提升50%","","","2"
"7044","商技オーバーブースター","職技アビリティ","「商技」によるダメージと消費MP・SPが2倍になる","","","10","商技超增强","职技能力","「商技」造成的伤害和消耗MP・SP变为2倍","","","2"
"7045","/商技ブースター","職技アビリティ","「商技」によるダメージが75%アップする","","","10","/商技ブースター","职技能力","「商技」造成的伤害提升75%","","","2"
"7046","/商技ブースター","職技アビリティ","「商技」によるダメージが100%アップする","","","10","/商技ブースター","职技能力","「商技」造成的伤害提升100%","","","2"
"7047","/商技ブースター","職技アビリティ","「商技」によるダメージが200%アップする","","","10","/商技ブースター","职技能力","「商技」造成的伤害提升200%","","","2"
"7048","EXアイテムハイブースター","職技アビリティ","「EXアイテム」によるダメージが30%アップする","","","20","EX物品高级增强","职技能力","「EX物品」造成的伤害提升30%","","","2"
"7049","EXアイテムエクスブースター","職技アビリティ","「EXアイテム」によるダメージが50%アップする","","","30","EX物品极限增强","职技能力","「EX物品」造成的伤害提升50%","","","2"
"7050","EXアイテムオーバーブースター","職技アビリティ","「EXアイテム」によるダメージと消費MP・SPが2倍になる","","","10","EX物品超增强","职技能力","「EX物品」造成的伤害和消耗MP・SP变为2倍","","","2"
"7051","/EXアイテムブースター","職技アビリティ","「EXアイテム」によるダメージが75%アップする","","","10","/EXアイテムブースター","职技能力","「EX物品」造成的伤害提升75%","","","2"
"7052","/EXアイテムブースター","職技アビリティ","「EXアイテム」によるダメージが100%アップする","","","10","/EXアイテムブースター","职技能力","「EX物品」造成的伤害提升100%","","","2"
"7053","/EXアイテムブースター","職技アビリティ","「EXアイテム」によるダメージが200%アップする","","","10","/EXアイテムブースター","职技能力","「EX物品」造成的伤害提升200%","","","2"
"7054","オラクルハイブースター","職技アビリティ","「オラクル」によるダメージが30%アップする","","","20","神谕高级增强","职技能力","「神谕」造成的伤害提升30%","","","2"
"7055","オラクルエクスブースター","職技アビリティ","「オラクル」によるダメージが50%アップする","","","30","神谕极限增强","职技能力","「神谕」造成的伤害提升50%","","","2"
"7056","オラクルオーバーブースター","職技アビリティ","「オラクル」によるダメージと消費MP・SPが2倍になる","","","10","神谕超增强","职技能力","「神谕」造成的伤害和消耗MP・SP变为两倍","","","2"
"7057","/オラクルブースター","職技アビリティ","「オラクル」によるダメージが75%アップする","","","10","/オラクルブースター","职技能力","「神谕」造成的伤害提升75%","","","2"
"7058","/オラクルブースター","職技アビリティ","「オラクル」によるダメージが100%アップする","","","10","/オラクルブースター","职技能力","「神谕」造成的伤害提升100%","","","2"
"7059","/オラクルブースター","職技アビリティ","「オラクル」によるダメージが200%アップする","","","10","/オラクルブースター","职技能力","「神谕」造成的伤害提升200%","","","2"
"7060","踊るハイブースター","職技アビリティ","「踊る」によるダメージが30%アップする","","","20","舞蹈高级增强","职技能力","「舞蹈」造成的伤害提升30%","","","2"
"7061","踊るエクスブースター","職技アビリティ","「踊る」によるダメージが50%アップする","","","30","舞蹈极限增强","职技能力","「舞蹈」造成的伤害提升50%","","","2"
"7062","踊るオーバーブースター","職技アビリティ","「踊る」によるダメージと消費MP・SPが2倍になる","","","10","舞蹈超增强","职技能力","「舞蹈」造成的伤害和消耗MP・SP变为两倍","","","2"
"7063","/踊るブースター","職技アビリティ","「踊る」によるダメージが75%アップする","","","10","/踊るブースター","职技能力","「舞蹈」造成的伤害提升75%","","","2"
"7064","/踊るブースター","職技アビリティ","「踊る」によるダメージが100%アップする","","","10","/踊るブースター","职技能力","「舞蹈」造成的伤害提升100%","","","2"
"7065","/踊るブースター","職技アビリティ","「踊る」によるダメージが200%アップする","","","10","/踊るブースター","职技能力","「舞蹈」造成的伤害提升200%","","","2"
"7066","歌うハイブースター","職技アビリティ","「歌う」によるダメージが30%アップする","","","20","歌唱高级增强","职技能力","「歌唱」造成的伤害提升30%","","","2"
"7067","歌うエクスブースター","職技アビリティ","「歌う」によるダメージが50%アップする","","","30","歌唱极限增强","职技能力","「歌唱」造成的伤害提升50%","","","2"
"7068","歌うオーバーブースター","職技アビリティ","「歌う」によるダメージと消費MP・SPが2倍になる","","","10","歌唱超增强","职技能力","「歌唱」造成的伤害和消耗MP・SP变为2倍","","","2"
"7069","/歌うブースター","職技アビリティ","「歌う」によるダメージが75%アップする","","","10","/歌うブースター","职技能力","「歌唱」造成的伤害提升75%","","","2"
"7070","/歌うブースター","職技アビリティ","「歌う」によるダメージが100%アップする","","","10","/歌うブースター","职技能力","「歌唱」造成的伤害提升100%","","","2"
"7071","/歌うブースター","職技アビリティ","「歌う」によるダメージが200%アップする","","","10","/歌うブースター","职技能力","「歌唱」造成的伤害提升200%","","","2"
"7072","話すハイブースター","職技アビリティ","「話す」によるダメージが30%アップする","","","20","交谈高级增强","职技能力","「交谈」造成的伤害提升30%","","","2"
"7073","話すエクスブースター","職技アビリティ","「話す」によるダメージが50%アップする","","","30","交谈极限增强","职技能力","「交谈」造成的伤害提升50%","","","2"
"7074","話すオーバーブースター","職技アビリティ","「話す」によるダメージと消費MP・SPが2倍になる","","","10","交谈超增强","职技能力","「交谈」造成的伤害和消耗MP・SP变为2倍","","","2"
"7075","/話すブースター","職技アビリティ","「話す」によるダメージが75%アップする","","","10","/話すブースター","职技能力","「交谈」造成的伤害提升75%","","","2"
"7076","/話すブースター","職技アビリティ","「話す」によるダメージが100%アップする","","","10","/話すブースター","职技能力","「交谈」造成的伤害提升100%","","","2"
"7077","/話すブースター","職技アビリティ","「話す」によるダメージが200%アップする","","","10","/話すブースター","职技能力","「交谈」造成的伤害提升200%","","","2"
"7078","マキナオーバーブースター","職技アビリティ","「マキナ」によるダメージと消費MP・SPが2倍になる
※同系統のブースターと同時セット可能","7068:真理ノ探究者（Lv17）","7435:オメガタイプ（Lv17）；7444:シンギュラリティ（Lv18）","3","器械超增强","职技能力","「器械」造成的伤害和消耗的MP・SP变为2倍
※可与同系列增强同时装备","7068:真理探究者（Lv17）","7435:欧米伽之型（Lv17）；7444:奇点（Lv18）","2"
"7079","/マキナブースター","職技アビリティ","「マキナ」によるダメージが75%アップする","","","10","/マキナブースター","职技能力","「器械」造成的伤害提升75%","","","2"
"7080","/マキナブースター","職技アビリティ","「マキナ」によるダメージが100%アップする","","","10","/マキナブースター","职技能力","「器械」造成的伤害提升100%","","","2"
"7081","/マキナブースター","職技アビリティ","「マキナ」によるダメージが200%アップする","","","10","/マキナブースター","职技能力","「器械」造成的伤害提升200%","","","2"
"7082","料理ハイブースター","職技アビリティ","「料理」によるダメージが30%アップする","","","20","料理高级增强","职技能力","「料理」造成的伤害提升30%","","","2"
"7083","料理エクスブースター","職技アビリティ","「料理」によるダメージが50%アップする","","","30","料理极限增强","职技能力","「料理」造成的伤害提升50%","","","2"
"7084","料理オーバーブースター","職技アビリティ","「料理」によるダメージと消費MP・SPが2倍になる","","","10","料理超增强","职技能力","「料理」造成的伤害和消耗的MP・SP变为2倍","","","2"
"7085","/料理ブースター","職技アビリティ","「料理」によるダメージが75%アップする","","","10","/料理ブースター","职技能力","「料理」造成的伤害提升75%","","","2"
"7086","/料理ブースター","職技アビリティ","「料理」によるダメージが100%アップする","","","10","/料理ブースター","职技能力","「料理」造成的伤害提升100%","","","2"
"7087","/料理ブースター","職技アビリティ","「料理」によるダメージが200%アップする","","","10","/料理ブースター","职技能力","「料理」造成的伤害提升200%","","","2"
"7088","医術ハイブースター","職技アビリティ","「医術」によるダメージが30%アップする","","","20","医术高级增强","职技能力","「医术」造成的伤害提升30%","","","2"
"7089","医術エクスブースター","職技アビリティ","「医術」によるダメージが50%アップする","","","30","医术极限增强","职技能力","「医术」造成的伤害提升50%","","","2"
"7090","医術オーバーブースター","職技アビリティ","「医術」によるダメージと消費MP・SPが2倍になる","","","10","医术超增强","职技能力","「医术」造成的伤害和消耗MP・SP变为2倍","","","2"
"7091","/医術ブースター","職技アビリティ","「医術」によるダメージが75%アップする","","","10","/医術ブースター","职技能力","「医术」造成的伤害提升75%","","","2"
"7092","/医術ブースター","職技アビリティ","「医術」によるダメージが100%アップする","","","10","/医術ブースター","职技能力","「医术」造成的伤害提升100%","","","2"
"7093","/医術ブースター","職技アビリティ","「医術」によるダメージが200%アップする","","","10","/医術ブースター","职技能力","「医术」造成的伤害提升200%","","","2"
"7094","御奉仕ハイブースター","職技アビリティ","「御奉仕」によるダメージが30%アップする","","","20","侍奉高级增强","职技能力","「侍奉」造成的伤害提升30%","","","2"
"7095","御奉仕エクスブースター","職技アビリティ","「御奉仕」によるダメージが50%アップする","","","30","侍奉极限增强","职技能力","「侍奉」造成的伤害提升50%","","","2"
"7096","御奉仕オーバーブースター","職技アビリティ","「御奉仕」によるダメージと消費MP・SPが2倍になる","","","10","侍奉超增强","职技能力","「侍奉」造成的伤害和消耗的MP・SP变为2倍","","","2"
"7097","/御奉仕ブースター","職技アビリティ","「御奉仕」によるダメージが75%アップする","","","10","/御奉仕ブースター","职技能力","「侍奉」造成的伤害提升75%","","","2"
"7098","/御奉仕ブースター","職技アビリティ","「御奉仕」によるダメージが100%アップする","","","10","/御奉仕ブースター","职技能力","「侍奉」造成的伤害提升100%","","","2"
"7099","/御奉仕ブースター","職技アビリティ","「御奉仕」によるダメージが200%アップする","","","10","/御奉仕ブースター","职技能力","「侍奉」造成的伤害提升200%","","","2"
"7100","王技ハイブースター","職技アビリティ","「王技」によるダメージが30%アップする","","","20","王技高级增强","职技能力","「王技」造成的伤害提升30%","","","2"
"7101","王技エクスブースター","職技アビリティ","「王技」によるダメージが50%アップする","","","30","王技极限增强","职技能力","「王技」造成的伤害提升50%","","","2"
"7102","王技オーバーブースター","職技アビリティ","「王技」によるダメージと消費MP・SPが2倍になる","","","10","王技超增强","职技能力","「王技」造成的伤害和消耗的MP・SP变为2倍","","","2"
"7103","/王技ブースター","職技アビリティ","「王技」によるダメージが75%アップする","","","10","/王技ブースター","职技能力","「王技」造成的伤害提升75%","","","2"
"7104","/王技ブースター","職技アビリティ","「王技」によるダメージが100%アップする","","","10","/王技ブースター","职技能力","「王技」造成的伤害提升100%","","","2"
"7105","/王技ブースター","職技アビリティ","「王技」によるダメージが200%アップする","","","10","/王技ブースター","职技能力","「王技」造成的伤害提升200%","","","2"
"7106","勇者技ハイブースター","職技アビリティ","「勇者技」によるダメージが30%アップする","","","20","勇者技高级增强","职技能力","「勇者技」造成的伤害提升30%","","","2"
"7107","勇者技エクスブースター","職技アビリティ","「勇者技」によるダメージが50%アップする","","","30","勇者技极限增强","职技能力","「勇者技」造成的伤害提升50%","","","2"
"7108","勇者技オーバーブースター","職技アビリティ","「勇者技」によるダメージと消費MP・SPが2倍になる","","","10","勇者技超增强","职技能力","「勇者技」造成的伤害和消耗MP・SP变为2倍","","","2"
"7109","/勇者技ブースター","職技アビリティ","「勇者技」によるダメージが75%アップする","","","10","/勇者技ブースター","职技能力","「勇者技」造成的伤害提升75%","","","2"
"7110","/勇者技ブースター","職技アビリティ","「勇者技」によるダメージが100%アップする","","","10","/勇者技ブースター","职技能力","「勇者技」造成的伤害提升100%","","","2"
"7111","/勇者技ブースター","職技アビリティ","「勇者技」によるダメージが200%アップする","","","10","/勇者技ブースター","职技能力","「勇者技」造成的伤害提升200%","","","2"
"7112","淫技ハイブースター","職技アビリティ","「淫技」によるダメージが30%アップする","","","20","淫技高级增强","职技能力","「淫技」造成的伤害提升30%","","","2"
"7113","淫技エクスブースター","職技アビリティ","「淫技」によるダメージが50%アップする","","","30","淫技极限增强","职技能力","「淫技」造成的伤害提升50%","","","2"
"7114","淫技オーバーブースター","職技アビリティ","「淫技」によるダメージと消費MP・SPが2倍になる","","","10","淫技超增强","职技能力","「淫技」造成的伤害和消耗MP・SP变为2倍","","","2"
"7115","/淫技ブースター","職技アビリティ","「淫技」によるダメージが75%アップする","","","10","/淫技ブースター","职技能力","「淫技」造成的伤害提升75%","","","2"
"7116","/淫技ブースター","職技アビリティ","「淫技」によるダメージが100%アップする","","","10","/淫技ブースター","职技能力","「淫技」造成的伤害提升100%","","","2"
"7117","/淫技ブースター","職技アビリティ","「淫技」によるダメージが200%アップする","","","10","/淫技ブースター","职技能力","「淫技」造成的伤害提升200%","","","2"
"7118","全職技スキル使用可能","職技アビリティ","全職技スキルが使用可能になる","7049:オールジョブラウンダー（Lv15）","","20","全职技技能可用","职技能力","全职技技能变为可用","7049:全能职业者（Lv15）","","2"
"7119","盗賊技速攻","職技アビリティ","盗賊技が速攻で発動するが、消費SPが1.5倍になる","7029:盗神（Lv7）","","25","盗贼技速攻","职技能力","盗賊技が速攻で発動するが、消費SPが1.5倍になる","7029:盗神（Lv7）","","2"
"7120","忍術速攻","職技アビリティ","忍術が速攻で発動するが、消費SPが1.5倍になる","7030:忍神（Lv13）","","25","忍术速攻","职技能力","忍術が速攻で発動するが、消費SPが1.5倍になる","7030:忍神（Lv13）","","2"
"7121","海賊技速攻","職技アビリティ","海賊技が速攻で発動するが、消費SPが1.5倍になる","","7418:ワールドドロウン（Lv11）","25","海贼技速攻","职技能力","海賊技が速攻で発動するが、消費SPが1.5倍になる","","7418:世界沉没者（Lv11）","2"
"7122","ヒーロー技速攻","職技アビリティ","ヒーロー技が速攻で発動するが、消費SPが1.5倍になる","7032:エクセルシオール（Lv9）","","25","英雄技速攻","职技能力","ヒーロー技が速攻で発動するが、消費SPが1.5倍になる","7032:破界英雄（Lv9）","","2"
"7123","商技速攻","職技アビリティ","商技が速攻で発動するが、消費SPが1.5倍になる","","7418:ワールドドロウン（Lv11）","25","商技速攻","职技能力","商技が速攻で発動するが、消費SPが1.5倍になる","","7418:世界沉没者（Lv11）","2"
"7124","EXアイテム速攻","職技アビリティ","EXアイテムが速攻で発動するが、消費SPが1.5倍になる","7033:商神（Lv11）","","25","EX物品速攻","职技能力","EXアイテムが速攻で発動するが、消費SPが1.5倍になる","7033:商神（Lv11）","","2"
"7125","オラクル速攻","職技アビリティ","オラクルが速攻で発動するが、消費SPが1.5倍になる","7035:ゴッドギャンブラー（Lv9）","","25","神谕速攻","职技能力","オラクルが速攻で発動するが、消費SPが1.5倍になる","7035:赌神（Lv9）","","2"
"7126","踊る速攻","職技アビリティ","踊るが速攻で発動するが、消費SPが1.5倍になる","7066:極マリシ偶像（Lv6）","","25","舞蹈速攻","职技能力","踊るが速攻で発動するが、消費SPが1.5倍になる","7066:极致偶像（Lv6）","","2"
"7127","歌う速攻","職技アビリティ","歌うが速攻で発動するが、消費SPが1.5倍になる","7066:極マリシ偶像（Lv6）","","25","歌唱速攻","职技能力","歌うが速攻で発動するが、消費SPが1.5倍になる","7066:极致偶像（Lv6）","","2"
"7128","話す速攻","職技アビリティ","話すが速攻で発動するが、消費SPが1.5倍になる","7045:言霊神（Lv13）","","25","交谈速攻","职技能力","話すが速攻で発動するが、消費SPが1.5倍になる","7045:言灵神（Lv13）","","2"
"7129","マキナ速攻","職技アビリティ","マキナが速攻で発動するが、消費SPが1.5倍になる","7068:真理ノ探究者（Lv6）","","25","器械速攻","职技能力","マキナが速攻で発動するが、消費SPが1.5倍になる","7068:真理探究者（Lv6）","","2"
"7130","料理速攻","職技アビリティ","料理が速攻で発動するが、消費SPが1.5倍になる","7046:料理神（Lv13）","","25","料理速攻","职技能力","料理が速攻で発動するが、消費SPが1.5倍になる","7046:料理神（Lv13）","","2"
"7131","医術速攻","職技アビリティ","医術が速攻で発動するが、消費SPが1.5倍になる","7047:禁医（Lv12）","","25","医术速攻","职技能力","医術が速攻で発動するが、消費SPが1.5倍になる","7047:禁医（Lv12）","","2"
"7132","御奉仕速攻","職技アビリティ","御奉仕が速攻で発動するが、消費SPが1.5倍になる","7048:ゴッドメイド（Lv13）","","25","侍奉速攻","职技能力","御奉仕が速攻で発動するが、消費SPが1.5倍になる","7048:神之女仆（Lv13）","","2"
"7133","王技速攻","職技アビリティ","王技が速攻で発動するが、消費SPとMPが1.5倍になる","7050:覇王（Lv11）","","25","王技速攻","职技能力","王技が速攻で発動するが、消費SPとMPが1.5倍になる","7050:霸王（Lv11）","","2"
"7134","勇者技速攻","職技アビリティ","勇者技が速攻で発動するが、消費SPが1.5倍になる","7051:混沌の勇者（Lv7）","","25","勇者技速攻","职技能力","勇者技が速攻で発動するが、消費SPが1.5倍になる","7051:混沌的勇者（Lv7）","","2"
"7135","淫技速攻","職技アビリティ","淫技が速攻で発動するが、消費SPが1.5倍になる","7039:QOBF（Lv9）","","25","淫技速攻","职技能力","淫技が速攻で発動するが、消費SPが1.5倍になる","7039:QOBF（Lv9）","","2"
"7136","全職技スキル速攻","職技アビリティ","全職技スキルが速攻で発動するが、消費MP・SPが1.5倍になる","","","40","全职技技能迅速发动","职技能力","全職技スキルが速攻で発動するが、消費MP・SPが1.5倍になる","","","2"
"7137","忍術防御力無視","職技アビリティ","忍術で防御力を無視してダメージを与えるが、消費量が1.3倍になる","7030:忍神（Lv4）","","10","忍术防御力无视","职技能力","忍術で防御力を無視してダメージを与えるが、消費量が1.3倍になる","7030:忍神（Lv4）","","2"
"7138","海賊技防御力無視","職技アビリティ","海賊技で防御力を無視してダメージを与えるが、消費量が1.3倍になる","7031:七海覇王（Lv4）","","10","海贼技防御力无视","职技能力","海賊技で防御力を無視してダメージを与えるが、消費量が1.3倍になる","7031:七海霸王（Lv4）","","2"
"7139","ヒーロー技防御力無視","職技アビリティ","ヒーロー技で防御力を無視してダメージを与えるが、消費量が1.3倍になる","7032:エクセルシオール（Lv5）","","10","英雄技防御力无视","职技能力","ヒーロー技で防御力を無視してダメージを与えるが、消費量が1.3倍になる","7032:破界英雄（Lv5）","","2"
"7140","商技防御力無視","職技アビリティ","商技で防御力を無視してダメージを与えるが、消費量が1.3倍になる","7033:商神（Lv6）","","10","商技防御力无视","职技能力","商技で防御力を無視してダメージを与えるが、消費量が1.3倍になる","7033:商神（Lv6）","","2"
"7141","EXアイテム防御力無視","職技アビリティ","EXアイテムで防御力を無視してダメージを与えるが、消費量が1.3倍になる","7033:商神（Lv6）","","10","EX物品防御力无视","职技能力","EXアイテムで防御力を無視してダメージを与えるが、消費量が1.3倍になる","7033:商神（Lv6）","","2"
"7142","オラクル防御力無視","職技アビリティ","オラクルで防御力を無視してダメージを与えるが、消費量が1.3倍になる","7035:ゴッドギャンブラー（Lv4）","","10","神谕防御力无视","职技能力","オラクルで防御力を無視してダメージを与えるが、消費量が1.3倍になる","7035:赌神（Lv4）","","2"
"7143","踊る防御力無視","職技アビリティ","踊るで防御力を無視してダメージを与えるが、消費量が1.3倍になる","7038:コズミックアイドル（Lv5）","","10","舞蹈防御力无视","职技能力","踊るで防御力を無視してダメージを与えるが、消費量が1.3倍になる","7038:宇宙偶像（Lv5）","","2"
"7144","歌う防御力無視","職技アビリティ","歌うで防御力を無視してダメージを与えるが、消費量が1.3倍になる","7038:コズミックアイドル（Lv5）","","10","歌唱防御力无视","职技能力","歌うで防御力を無視してダメージを与えるが、消費量が1.3倍になる","7038:宇宙偶像（Lv5）","","2"
"7145","話す防御力無視","職技アビリティ","話すで防御力を無視してダメージを与えるが、消費量が1.3倍になる","7045:言霊神（Lv5）","","10","交谈防御力无视","职技能力","話すで防御力を無視してダメージを与えるが、消費量が1.3倍になる","7045:言灵神（Lv5）","","2"
"7146","料理防御力無視","職技アビリティ","料理で防御力を無視してダメージを与えるが、消費量が1.3倍になる","7046:料理神（Lv6）","","10","烹饪防御力无视","职技能力","料理で防御力を無視してダメージを与えるが、消費量が1.3倍になる","7046:料理神（Lv6）","","2"
"7147","医術防御力無視","職技アビリティ","医術で防御力を無視してダメージを与えるが、消費量が1.3倍になる","7047:禁医（Lv4）","","10","医术防御力无视","职技能力","医術で防御力を無視してダメージを与えるが、消費量が1.3倍になる","7047:禁医（Lv4）","","2"
"7148","御奉仕防御力無視","職技アビリティ","御奉仕で防御力を無視してダメージを与えるが、消費量が1.3倍になる","7048:ゴッドメイド（Lv5）","","10","侍奉防御力无视","职技能力","御奉仕で防御力を無視してダメージを与えるが、消費量が1.3倍になる","7048:神之女仆（Lv5）","","2"
"7149","王技防御力無視","職技アビリティ","王技で防御力を無視してダメージを与えるが、消費量が1.3倍になる","7050:覇王（Lv7）","","10","王技防御力无视","职技能力","王技で防御力を無視してダメージを与えるが、消費量が1.3倍になる","7050:霸王（Lv7）","","2"
"7150","勇者技防御力無視","職技アビリティ","勇者技で防御力を無視してダメージを与えるが、消費量が1.3倍になる","7051:混沌の勇者（Lv4）","","10","勇者技防御力无视","职技能力","勇者技で防御力を無視してダメージを与えるが、消費量が1.3倍になる","7051:混沌的勇者（Lv4）","","2"
"7151","淫技防御力無視","職技アビリティ","淫技で防御力を無視してダメージを与えるが、消費量が1.3倍になる","7039:QOBF（Lv4）","","10","淫技防御力无视","职技能力","淫技で防御力を無視してダメージを与えるが、消費量が1.3倍になる","7039:QOBF（Lv4）","","2"
"7152","全職技スキル防御力無視","職技アビリティ","職技スキルで防御力を無視してダメージを与えるが、消費量が1.3倍になる","","","20","全职技技能防御力无视","职技能力","職技スキルで防御力を無視してダメージを与えるが、消費量が1.3倍になる","","","2"
"7153","忍術連撃回数2アップ","職技アビリティ","忍術連撃スキルのヒット数が2アップ","","253:零尾の狐（Lv6）","10","忍术连击次数增加2","职技能力","忍术连击技能的命中次数增加2","","253:零尾之狐（Lv6）","2"
"7154","忍術連撃回数3アップ","職技アビリティ","忍術連撃スキルのヒット数が3アップ","","7423:白面金毛九尾の狐（Lv10）","20","忍术连击次数增加3","职技能力","忍术连击技能的命中次数增加3","","7423:白面金毛九尾狐（Lv10）","2"
"7155","海賊技連撃回数2アップ","職技アビリティ","海賊技連撃スキルのヒット数が2アップ","","202:伝説の神魚（Lv7）","10","海贼技连击次数增加2","职技能力","海贼技连击技能的命中次数增加2","","202:传说之神鱼（Lv7）","2"
"7156","海賊技連撃回数3アップ","職技アビリティ","海賊技連撃スキルのヒット数が3アップ","","7418:ワールドドロウン（Lv9）","20","海贼技连击次数增加3","职技能力","海贼技连击技能的命中次数增加3","","7418:世界沉没者（Lv9）","2"
"7157","淫技連撃回数2アップ","職技アビリティ","淫技連撃スキルのヒット数が2アップ","7039:QOBF（Lv7）","","10","淫技连击次数增加2","职技能力","淫技连击技能的命中次数增加2","7039:QOBF（Lv7）","","2"
"7158","淫技連撃回数3アップ","職技アビリティ","淫技連撃スキルのヒット数が3アップ","7067:快楽ヲ極メシ者（Lv6）","","20","淫技连击次数增加3","职技能力","淫技连击技能的命中次数增加3","7067:极乐追求者（Lv6）","","2"
"7159","忍術魔力半分付加","職技アビリティ","忍術の威力に魔力の半分を付加する","","193:ドラキュリーナ（Lv13）","10","忍术附加一半的魔力","职技能力","忍術の威力に魔力の半分を付加する","","193:德古莉娜（Lv13）","2"
"7160","忍術素早さ半分付加","職技アビリティ","忍術の威力に素早さの半分を付加する","7030:忍神（Lv5）","","10","忍术附加一半的敏捷","职技能力","忍術の威力に素早さの半分を付加する","7030:忍神（Lv5）","","2"
"7161","海賊技防御力半分付加","職技アビリティ","海賊技の威力に防御力の半分を付加する","7031:七海覇王（Lv10）","","10","海贼技附加一半的防御力","职技能力","海賊技の威力に防御力の半分を付加する","7031:七海霸王（Lv10）","","2"
"7162","海賊技精神力半分付加","職技アビリティ","海賊技の威力に精神力の半分を付加する","","","10","海贼技附加一半的精神力","职技能力","海賊技の威力に精神力の半分を付加する","","","2"
"7163","ヒーロー技防御力半分付加","職技アビリティ","ヒーロー技の威力に防御力の半分を付加する","7032:エクセルシオール（Lv7）","","10","英雄技附加一半的防御力","职技能力","ヒーロー技の威力に防御力の半分を付加する","7032:破界英雄（Lv7）","","2"
"7164","ヒーロー技精神力半分付加","職技アビリティ","ヒーロー技の威力に精神力の半分を付加する","7024:アルティメット魔法少女（Lv9）","","10","英雄技附加一半的精神力","职技能力","ヒーロー技の威力に精神力の半分を付加する","7024:究极魔法少女（Lv9）","","2"
"7165","オラクル魔力半分付加","職技アビリティ","オラクルの威力に魔力の半分を付加する","7035:ゴッドギャンブラー（Lv6）","","10","神谕附加一半的魔力","职技能力","オラクルの威力に魔力の半分を付加する","7035:赌神（Lv6）","","2"
"7166","踊る魔力半分付加","職技アビリティ","踊るの威力に魔力の半分を付加する","","253:零尾の狐（Lv10）","10","舞蹈附加一半的魔力","职技能力","踊るの威力に魔力の半分を付加する","","253:零尾之狐（Lv10）","2"
"7167","踊る精神力半分付加","職技アビリティ","踊るの威力に精神力の半分を付加する","7036:舞踏神（Lv9）","308:海神（Lv8）","10","舞蹈附加一半的精神力","职技能力","踊るの威力に精神力の半分を付加する","7036:舞蹈神（Lv9）","308:海神（Lv8）","2"
"7168","踊る素早さ半分付加","職技アビリティ","踊るの威力に素早さの半分を付加する","7038:コズミックアイドル（Lv11）","","10","舞蹈附加一半的敏捷","职技能力","踊るの威力に素早さの半分を付加する","7038:宇宙偶像（Lv11）","","2"
"7169","歌う魔力半分付加","職技アビリティ","歌うの威力に魔力の半分を付加する","","253:零尾の狐（Lv10）","10","歌唱附加一半的魔力","职技能力","歌うの威力に魔力の半分を付加する","","253:零尾之狐（Lv10）","2"
"7170","歌う精神力半分付加","職技アビリティ","歌うの威力に精神力の半分を付加する","7037:歌唱神（Lv10）","308:海神（Lv8）","10","歌唱附加一半的精神力","职技能力","歌うの威力に精神力の半分を付加する","7037:歌唱神（Lv10）","308:海神（Lv8）","2"
"7171","歌う素早さ半分付加","職技アビリティ","歌うの威力に素早さの半分を付加する","7038:コズミックアイドル（Lv11）","","10","歌唱附加一半的敏捷","职技能力","歌うの威力に素早さの半分を付加する","7038:宇宙偶像（Lv11）","","2"
"7172","マキナ攻撃力半分付加","職技アビリティ","マキナの威力に攻撃力の半分を付加する","7043:ゴッドマシーナリー（Lv8）","","10","器械附加一半的攻击力","职技能力","マキナの威力に攻撃力の半分を付加する","7043:神之机械（Lv8）","","2"
"7173","医術素早さ半分付加","職技アビリティ","医術の威力に素早さの半分を付加する","7047:禁医（Lv10）","","10","医术附加一半的敏捷","职技能力","医術の威力に素早さの半分を付加する","7047:禁医（Lv10）","","2"
"7174","御奉仕素早さ半分付加","職技アビリティ","御奉仕の威力に素早さの半分を付加する","7048:ゴッドメイド（Lv9）","","10","侍奉附加一半的敏捷","职技能力","御奉仕の威力に素早さの半分を付加する","7048:神之女仆（Lv9）","","2"
"7175","王技防御力半分付加","職技アビリティ","王技の威力に防御力の半分を付加する","136:騎士王（Lv9）","","10","王技附加一半的防御力","职技能力","王技の威力に防御力の半分を付加する","136:骑士王（Lv9）","","2"
"7176","王技精神力半分付加","職技アビリティ","王技の威力に精神力の半分を付加する","137:魔導王（Lv9）；139:神聖法王（Lv9）","","10","王技附加一半的精神力","职技能力","王技の威力に精神力の半分を付加する","137:魔导王（Lv9）；139:神圣教皇（Lv9）","","2"
"7177","王技器用さ半分付加","職技アビリティ","王技の威力に器用さの半分を付加する","140:機甲法王（Lv9）","","10","王技附加一半的灵巧","职技能力","王技の威力に器用さの半分を付加する","140:机甲教皇（Lv9）","","2"
"7178","勇者技防御力半分付加","職技アビリティ","勇者技の威力に防御力の半分を付加する","144:闇の勇者（Lv8）","","10","勇者技附加一半的防御力","职技能力","勇者技の威力に防御力の半分を付加する","144:暗之勇者（Lv8）","","2"
"7179","勇者技精神力半分付加","職技アビリティ","勇者技の威力に精神力の半分を付加する","143:光の勇者（Lv8）","","10","勇者技附加一半的精神力","职技能力","勇者技の威力に精神力の半分を付加する","143:光之勇者（Lv8）","","2"
"7180","淫技攻撃力半分付加","職技アビリティ","淫技の威力に攻撃力の半分を付加する","7039:QOBF（Lv8）","","10","淫技附加一半的攻击力","职技能力","淫技の威力に攻撃力の半分を付加する","7039:QOBF（Lv8）","","2"
"7181","淫技魔力半分付加","職技アビリティ","淫技の威力に魔力の半分を付加する","7052:サイコトリニティ（Lv7）","","10","淫技附加一半的魔力","职技能力","淫技の威力に魔力の半分を付加する","7052:念动三位一体（Lv7）","","2"
"7182","淫技精神力半分付加","職技アビリティ","淫技の威力に精神力の半分を付加する","7003:サイコソルジャー（Lv8）","","10","淫技附加一半的精神力","职技能力","淫技の威力に精神力の半分を付加する","7003:念动战士（Lv8）","","2"
"7183","淫技素早さ半分付加","職技アビリティ","淫技の威力に素早さの半分を付加する","7067:快楽ヲ極メシ者（Lv8）","","10","淫技附加一半的敏捷","职技能力","淫技の威力に素早さの半分を付加する","7067:极乐追求者（Lv8）","","2"
"7184","盗賊技頑強発動","職技アビリティ","ターン中、状態異常・戦闘不能になっても盗賊技が発動する
その代わり、消費MPとSPが30%アップする","","","15","盗贼技顽强发动","职技能力","回合中，即使陷入异常状态或战斗不能，盗贼技也会发动
作为代价，消耗的MP和SP增加30%","","","2"
"7185","忍術頑強発動","職技アビリティ","ターン中、状態異常・戦闘不能になっても忍術が発動する
その代わり、消費MPとSPが30%アップする","","","15","忍术顽强发动","职技能力","回合中，即使陷入异常状态或战斗不能，忍术也会发动
作为代价，消耗的MP和SP增加30%","","","2"
"7186","海賊技頑強発動","職技アビリティ","ターン中、状態異常・戦闘不能になっても海賊技が発動する
その代わり、消費MPとSPが30%アップする","7031:七海覇王（Lv13）","","15","海贼技顽强发动","职技能力","回合中，即使陷入异常状态或战斗不能，海贼技也会发动
作为代价，消耗的MP和SP增加30%","7031:七海霸王（Lv13）","","2"
"7187","ヒーロー技頑強発動","職技アビリティ","ターン中、状態異常・戦闘不能になってもヒーロー技が発動する
その代わり、消費MPとSPが30%アップする","","","15","英雄技顽强发动","职技能力","回合中，即使陷入异常状态或战斗不能，英雄技也会发动
作为代价，消耗的MP和SP增加30%","","","2"
"7188","商技頑強発動","職技アビリティ","ターン中、状態異常・戦闘不能になっても商技が発動する
その代わり、消費MPとSPが30%アップする","","","15","商技顽强发动","职技能力","回合中，即使陷入异常状态或战斗不能，商技也会发动
作为代价，消耗的MP和SP增加30%","","","2"
"7189","EXアイテム頑強発動","職技アビリティ","ターン中、状態異常・戦闘不能になってもEXアイテムが発動する
その代わり、消費MPとSPが30%アップする","","","15","EX物品顽强发动","职技能力","回合中，即使陷入异常状态或战斗不能，EX物品也会发动
作为代价，消耗的MP和SP增加30%","","","2"
"7190","オラクル頑強発動","職技アビリティ","ターン中、状態異常・戦闘不能になってもオラクルが発動する
その代わり、消費MPとSPが30%アップする","","","15","神谕顽强发动","职技能力","回合中，即使陷入异常状态或战斗不能，神谕也会发动
作为代价，消耗的MP和SP增加30%","","","2"
"7191","踊る頑強発動","職技アビリティ","ターン中、状態異常・戦闘不能になっても踊るが発動する
その代わり、消費MPとSPが30%アップする","","","15","舞蹈顽强发动","职技能力","回合中，即使陷入异常状态或战斗不能，舞蹈也会发动
作为代价，消耗的MP和SP增加30%","","","2"
"7192","歌う頑強発動","職技アビリティ","ターン中、状態異常・戦闘不能になっても歌うが発動する
その代わり、消費MPとSPが30%アップする","7037:歌唱神（Lv7）","","15","歌唱顽强发动","职技能力","回合中，即使陷入异常状态或战斗不能，歌唱也会发动
作为代价，消耗的MP和SP增加30%","7037:歌唱神（Lv7）","","2"
"7193","話す頑強発動","職技アビリティ","ターン中、状態異常・戦闘不能になっても話すが発動する
その代わり、消費MPとSPが30%アップする","","","15","交谈顽强发动","职技能力","回合中，即使陷入异常状态或战斗不能，交谈也会发动
作为代价，消耗的MP和SP增加30%","","","2"
"7194","マキナ頑強発動","職技アビリティ","ターン中、状態異常・戦闘不能になってもマキナが発動する
その代わり、消費MPとSPが30%アップする","7043:ゴッドマシーナリー（Lv6）","","15","器械顽强发动","职技能力","回合中，即使陷入异常状态或战斗不能，器械也会发动
作为代价，消耗的MP和SP增加30%","7043:神之机械（Lv6）","","2"
"7195","料理頑強発動","職技アビリティ","ターン中、状態異常・戦闘不能になっても料理が発動する
その代わり、消費MPとSPが30%アップする","7046:料理神（Lv9）","","15","料理顽强发动","职技能力","回合中，即使陷入异常状态或战斗不能，料理也会发动
作为代价，消耗的MP和SP增加30%","7046:料理神（Lv9）","","2"
"7196","医術頑強発動","職技アビリティ","ターン中、状態異常・戦闘不能になっても医術が発動する
その代わり、消費MPとSPが30%アップする","","","15","医术顽强发动","职技能力","回合中，即使陷入异常状态或战斗不能，医术也会发动
作为代价，消耗的MP和SP增加30%","","","2"
"7197","御奉仕頑強発動","職技アビリティ","ターン中、状態異常・戦闘不能になっても御奉仕が発動する
その代わり、消費MPとSPが30%アップする","","","15","侍奉顽强发动","职技能力","回合中，即使陷入异常状态或战斗不能，侍奉也会发动
作为代价，消耗的MP和SP增加30%","","","2"
"7198","王技頑強発動","職技アビリティ","ターン中、状態異常・戦闘不能になっても王技が発動する
その代わり、消費MPとSPが30%アップする","","","15","王技顽强发动","职技能力","回合中，即使陷入异常状态或战斗不能，王技也会发动
作为代价，消耗的MP和SP增加30%","","","2"
"7199","勇者技頑強発動","職技アビリティ","ターン中、状態異常・戦闘不能になっても勇者技が発動する
その代わり、消費MPとSPが30%アップする","","","15","勇者技顽强发动","职技能力","回合中，即使陷入异常状态或战斗不能，勇者技也会发动
作为代价，消耗的MP和SP增加30%","","","2"
"7200","淫技頑強発動","職技アビリティ","ターン中、状態異常・戦闘不能になっても淫技が発動する
その代わり、消費MPとSPが30%アップする","","","15","淫技顽强发动","职技能力","回合中，即使陷入异常状态或战斗不能，淫技也会发动
作为代价，消耗的MP和SP增加30%","","","2"
"7201","頑固一徹","職技アビリティ","ターン中、状態異常・戦闘不能になっても職技スキルが発動する
その代わり、消費MPとSPが30%アップする","7049:オールジョブラウンダー（Lv7）","","25","顽固一彻","职技能力","回合中，即使陷入异常状态或战斗不能，职技技能也会发动
作为代价，消耗的MP和SP增加30%","7049:全能职业者（Lv7）","","2"
"7202","盗賊技二連続発動","職技アビリティ","盗賊技が二回連続で発動、消費量が1.5倍になる","","","15","盗賊技二連続発動","职技能力","盗賊技が二回連続で発動、消費量が1.5倍になる","","","2"
"7203","/盗賊技三連続発動","職技アビリティ","盗賊技が三回連続で発動、消費量が1.5倍になる","","","25","/盗賊技三連続発動","职技能力","盗賊技が三回連続で発動、消費量が1.5倍になる","","","2"
"7204","忍術二連続発動","職技アビリティ","忍術が二回連続で発動、消費量が1.5倍になる","","","15","忍術二連続発動","职技能力","忍術が二回連続で発動、消費量が1.5倍になる","","","2"
"7205","/忍術三連続発動","職技アビリティ","忍術が三回連続で発動、消費量が1.5倍になる","","","25","/忍術三連続発動","职技能力","忍術が三回連続で発動、消費量が1.5倍になる","","","2"
"7206","海賊技二連続発動","職技アビリティ","海賊技が二回連続で発動、消費量が1.5倍になる","","","15","海賊技二連続発動","职技能力","海賊技が二回連続で発動、消費量が1.5倍になる","","","2"
"7207","/海賊技三連続発動","職技アビリティ","海賊技が三回連続で発動、消費量が1.5倍になる","","","25","/海賊技三連続発動","职技能力","海賊技が三回連続で発動、消費量が1.5倍になる","","","2"
"7208","ヒーロー技二連続発動","職技アビリティ","ヒーロー技が二回連続で発動、消費量が1.5倍になる","","","15","ヒーロー技二連続発動","职技能力","ヒーロー技が二回連続で発動、消費量が1.5倍になる","","","2"
"7209","/ヒーロー技三連続発動","職技アビリティ","ヒーロー技が三回連続で発動、消費量が1.5倍になる","","","25","/ヒーロー技三連続発動","职技能力","ヒーロー技が三回連続で発動、消費量が1.5倍になる","","","2"
"7210","商技二連続発動","職技アビリティ","商技が二回連続で発動、消費量が1.5倍になる","","","15","商技二連続発動","职技能力","商技が二回連続で発動、消費量が1.5倍になる","","","2"
"7211","/商技三連続発動","職技アビリティ","商技が三回連続で発動、消費量が1.5倍になる","","","25","/商技三連続発動","职技能力","商技が三回連続で発動、消費量が1.5倍になる","","","2"
"7212","EXアイテム二連続発動","職技アビリティ","EXアイテムが二回連続で発動、消費量が1.5倍になる","","","15","EXアイテム二連続発動","职技能力","EXアイテムが二回連続で発動、消費量が1.5倍になる","","","2"
"7213","/EXアイテム三連続発動","職技アビリティ","EXアイテムが三回連続で発動、消費量が1.5倍になる","","","25","/EXアイテム三連続発動","职技能力","EXアイテムが三回連続で発動、消費量が1.5倍になる","","","2"
"7214","オラクル二連続発動","職技アビリティ","オラクルが二回連続で発動、消費量が1.5倍になる","","","15","オラクル二連続発動","职技能力","オラクルが二回連続で発動、消費量が1.5倍になる","","","2"
"7215","/オラクル三連続発動","職技アビリティ","オラクルが三回連続で発動、消費量が1.5倍になる","","","25","/オラクル三連続発動","职技能力","オラクルが三回連続で発動、消費量が1.5倍になる","","","2"
"7216","踊る二連続発動","職技アビリティ","踊るが二回連続で発動、消費量が1.5倍になる","","","15","踊る二連続発動","职技能力","踊るが二回連続で発動、消費量が1.5倍になる","","","2"
"7217","/踊る三連続発動","職技アビリティ","踊るが三回連続で発動、消費量が1.5倍になる","","","25","/踊る三連続発動","职技能力","踊るが三回連続で発動、消費量が1.5倍になる","","","2"
"7218","歌う二連続発動","職技アビリティ","歌うが二回連続で発動、消費量が1.5倍になる","","","15","歌う二連続発動","职技能力","歌うが二回連続で発動、消費量が1.5倍になる","","","2"
"7219","/歌う三連続発動","職技アビリティ","歌うが三回連続で発動、消費量が1.5倍になる","","","25","/歌う三連続発動","职技能力","歌うが三回連続で発動、消費量が1.5倍になる","","","2"
"7220","話す二連続発動","職技アビリティ","話すが二回連続で発動、消費量が1.5倍になる","","","15","話す二連続発動","职技能力","話すが二回連続で発動、消費量が1.5倍になる","","","2"
"7221","/話す三連続発動","職技アビリティ","話すが三回連続で発動、消費量が1.5倍になる","","","25","/話す三連続発動","职技能力","話すが三回連続で発動、消費量が1.5倍になる","","","2"
"7222","マキナ二連続発動","職技アビリティ","マキナが二回連続で発動、消費量が1.5倍になる","","","15","マキナ二連続発動","职技能力","マキナが二回連続で発動、消費量が1.5倍になる","","","2"
"7223","/マキナ三連続発動","職技アビリティ","マキナが三回連続で発動、消費量が1.5倍になる","","","25","/マキナ三連続発動","职技能力","マキナが三回連続で発動、消費量が1.5倍になる","","","2"
"7224","料理二連続発動","職技アビリティ","料理が二回連続で発動、消費量が1.5倍になる","","","15","料理二連続発動","职技能力","料理が二回連続で発動、消費量が1.5倍になる","","","2"
"7225","/料理三連続発動","職技アビリティ","料理が三回連続で発動、消費量が1.5倍になる","","","25","/料理三連続発動","职技能力","料理が三回連続で発動、消費量が1.5倍になる","","","2"
"7226","医術二連続発動","職技アビリティ","医術が二回連続で発動、消費量が1.5倍になる","","","15","医術二連続発動","职技能力","医術が二回連続で発動、消費量が1.5倍になる","","","2"
"7227","/医術三連続発動","職技アビリティ","医術が三回連続で発動、消費量が1.5倍になる","","","25","/医術三連続発動","职技能力","医術が三回連続で発動、消費量が1.5倍になる","","","2"
"7228","御奉仕二連続発動","職技アビリティ","御奉仕が二回連続で発動、消費量が1.5倍になる","","","15","御奉仕二連続発動","职技能力","御奉仕が二回連続で発動、消費量が1.5倍になる","","","2"
"7229","/御奉仕三連続発動","職技アビリティ","御奉仕が三回連続で発動、消費量が1.5倍になる","","","25","/御奉仕三連続発動","职技能力","御奉仕が三回連続で発動、消費量が1.5倍になる","","","2"
"7230","王技二連続発動","職技アビリティ","王技が二回連続で発動、消費量が1.5倍になる","","","15","王技二連続発動","职技能力","王技が二回連続で発動、消費量が1.5倍になる","","","2"
"7231","/王技三連続発動","職技アビリティ","王技が三回連続で発動、消費量が1.5倍になる","","","25","/王技三連続発動","职技能力","王技が三回連続で発動、消費量が1.5倍になる","","","2"
"7232","勇者技二連続発動","職技アビリティ","勇者技が二回連続で発動、消費量が1.5倍になる","","","15","勇者技二連続発動","职技能力","勇者技が二回連続で発動、消費量が1.5倍になる","","","2"
"7233","/勇者技三連続発動","職技アビリティ","勇者技が三回連続で発動、消費量が1.5倍になる","","","25","/勇者技三連続発動","职技能力","勇者技が三回連続で発動、消費量が1.5倍になる","","","2"
"7234","淫技二連続発動","職技アビリティ","淫技が二回連続で発動、消費量が1.5倍になる","","","15","淫技二連続発動","职技能力","淫技が二回連続で発動、消費量が1.5倍になる","","","2"
"7235","/淫技三連続発動","職技アビリティ","淫技が三回連続で発動、消費量が1.5倍になる","","","25","/淫技三連続発動","职技能力","淫技が三回連続で発動、消費量が1.5倍になる","","","2"
"7236","/職技三連続発動","職技アビリティ","職技スキルが三回連続で発動、消費量が1.5倍になる","","","40","/職技三連続発動","职技能力","職技スキルが三回連続で発動、消費量が1.5倍になる","","","2"
"7242","MP75%アップ","魔法アビリティ","最大MPが75%アップする","7024:アルティメット魔法少女（Lv3）；7063:全テヲ識ル者（Lv3）；7080:全テヲ癒ス者（Lv3）","7413:万魔の宿主（Lv3）；7420:コスモス（Lv3）；7431:千樹華音（Lv3）","20","MP提升75%","魔法能力","最大MP提升75%","7024:究极魔法少女（Lv3）；7063:全知者（Lv3）；7080:全治愈者（Lv3）","7413:万魔之宿主（Lv3）；7420:宇宙神蝶（Lv3）；7431:千树华音（Lv3）","3"
"7243","MP100%アップ","魔法アビリティ","最大MPが100%アップする","","7450:創世の女神（Lv3）","25","MP提升100%","魔法能力","最大MP提升100%","","7450:创世女神（Lv3）","3"
"7244","MP150%アップ","魔法アビリティ","最大MPが150%アップする","7071:ジャッジメント（Lv5）","","30","MP提升150%","魔法能力","最大MP提升150%","7071:审判（Lv5）","","3"
"7245","MP200%アップ","魔法アビリティ","最大MPが200%アップする","7078:もんむす・くえすと！（Lv3）","","35","MP提升200%","魔法能力","最大MP提升200%","7078:もんむす・くえすと！（Lv3）","","3"
"7246","/MP300%アップ","魔法アビリティ","最大MPが300%アップする","","","20","/MP300%アップ","魔法能力","最大MP提升300%","","","3"
"7247","魔力75%アップ","魔法アビリティ","魔力が75%アップする","7024:アルティメット魔法少女（Lv3）；7063:全テヲ識ル者（Lv3）","7413:万魔の宿主（Lv4）；7414:大魔王（Lv3）；7417:神祖（Lv3）；7420:コスモス（Lv3）；7423:白面金毛九尾の狐（Lv3）；7433:死神（Lv3）；7437:明けの明星（Lv3）；7441:死の獄卒（Lv3）","20","魔力提升75%","魔法能力","魔力提升75%","7024:究极魔法少女（Lv3）；7063:全知者（Lv3）","7413:万魔之宿主（Lv4）；7414:大魔王（Lv3）；7417:神祖（Lv3）；7420:宇宙神蝶（Lv3）；7423:白面金毛九尾狐（Lv3）；7433:死神（Lv3）；7437:璀璨之明星（Lv3）；7441:死之狱卒（Lv3）","3"
"7248","魔力100%アップ","魔法アビリティ","魔力が100%アップする","","7450:創世の女神（Lv5）；7452:第三の神（Lv5）","25","魔力提升100%","魔法能力","魔力提升100%","","7450:创世女神（Lv5）；7452:第三神（Lv5）","3"
"7249","魔力150%アップ","魔法アビリティ","魔力が150%アップする","7071:ジャッジメント（Lv7）","","30","魔力提升150%","魔法能力","魔力提升150%","7071:审判（Lv7）","","3"
"7250","魔力200%アップ","魔法アビリティ","魔力が200%アップする","7078:もんむす・くえすと！（Lv7）","","35","魔力提升200%","魔法能力","魔力提升200%","7078:もんむす・くえすと！（Lv7）","","3"
"7251","/魔力300%アップ","魔法アビリティ","魔力が300%アップする","","","20","/魔力300%アップ","魔法能力","魔力提升300%","","","3"
"7252","魔法会心10%アップ","魔法アビリティ","魔法会心率が10%になる","48:森羅万象士（Lv4）","","5","魔法暴击提升10%","魔法能力","魔法暴击率增加10%","48:森罗万象士（Lv4）","","3"
"7253","魔法会心30%アップ","魔法アビリティ","魔法会心率が30%になる","7023:ソーサラースプリーム（Lv3）","","10","魔法暴击提升30%","魔法能力","魔法暴击率增加30%","7023:至高魔法师（Lv3）","","3"
"7254","魔法会心50%アップ","魔法アビリティ","魔法会心率が50%になる","7063:全テヲ識ル者（Lv8）","","15","魔法暴击提升50%","魔法能力","魔法暴击率增加50%","7063:全知者（Lv8）","","3"
"7255","魔法会心75%アップ","魔法アビリティ","魔法会心率が75%になる","","","20","魔法暴击提升75%","魔法能力","魔法暴击率增加75%","","","3"
"7256","完全魔法会心","魔法アビリティ","必ず魔法会心が発生する","","7450:創世の女神（Lv13）","25","完全魔法暴击","魔法能力","必定触发魔法暴击","","7450:创世女神（Lv13）","3"
"7257","リミットバースト","魔法アビリティ","MPが少なくなると魔力と精神力が強化される","","157:ワームエンプレス（Lv17）","5","极限爆发","魔法能力","MP减少时魔力和精神力增强","","157:蠕虫女皇（Lv17）","3"
"7258","魔法MPバースト","魔法アビリティ","MPの残量が多いほど魔法の威力がアップする","7023:ソーサラースプリーム（Lv6）；7024:アルティメット魔法少女（Lv6）","","5","魔法MP爆发","魔法能力","MP剩余越多魔法威力提升","7023:至高魔法师（Lv6）；7024:究极魔法少女（Lv6）","","3"
"7259","魔法MPハイバースト","魔法アビリティ","MPの残量が多いほど魔法の威力が大アップする","7063:全テヲ識ル者（Lv5）","","10","魔法MP超级爆发","魔法能力","MP剩余越多魔法威力大幅提升","7063:全知者（Lv5）","","3"
"7260","体力低下時魔法強化","魔法アビリティ","体力が低いほど全魔法の威力がアップする","","343:エターニティ（Lv11）","5","体力降低时魔法强化","魔法能力","体力越低，所有魔法的威力提升","","343:永恒（Lv11）","3"
"7261","体力低下時魔法超強化","魔法アビリティ","体力が低いほど全魔法の威力が大幅にアップする","","7433:死神（Lv9）","10","体力降低时魔法超强化","魔法能力","体力越低，所有魔法的威力大幅提升","","7433:死神（Lv9）","3"
"7262","収束魔導","魔法アビリティ","敵単体時、全魔法の威力が15%アップする
※拡散魔導系との併用は不可能","7018:終焉魔導師（Lv12）","","5","收敛魔导","魔法能力","敌人为单体时，所有魔法的威力提升15%
※无法与扩散魔导系同时使用","7018:终焉魔导师（Lv12）","","3"
"7263","螺旋収束魔導","魔法アビリティ","敵単体時、全魔法の威力が30%アップする
※拡散魔導系との併用は不可能","7023:ソーサラースプリーム（Lv8）","","10","螺旋收敛魔导","魔法能力","敌人为单体时，所有魔法的威力提升30%
※无法与扩散魔导系同时使用","7023:至高魔法师（Lv8）","","3"
"7264","真・螺旋収束魔導","魔法アビリティ","敵単体時、全魔法の威力が50%アップする
※拡散魔導系との併用は不可能","7063:全テヲ識ル者（Lv6）","","15","真・螺旋收敛魔导","魔法能力","敌人为单体时，所有魔法的威力提升50%
※无法与扩散魔导系同时使用","7063:全知者（Lv6）","","3"
"7265","拡散魔導","魔法アビリティ","敵複数時、全魔法の威力が15%アップする
※収束魔導系との併用は不可能","7019:銀河魔導師（Lv7）","","5","扩散魔导","魔法能力","敌人为复数时，所有魔法的威力提升15%
※无法与收敛魔导系同时使用","7019:银河魔导师（Lv7）","","3"
"7266","波動拡散魔導","魔法アビリティ","敵複数時、全魔法の威力が30%アップする
※収束魔導系との併用は不可能","50:魔女（Lv8）","","10","波动扩散魔导","魔法能力","敌人为复数时，所有魔法的威力提升30%
※无法与收敛魔导系同时使用","50:魔女（Lv8）","","3"
"7267","真・波動拡散魔導","魔法アビリティ","敵複数時、全魔法の威力が50%アップする
※収束魔導系との併用は不可能","7024:アルティメット魔法少女（Lv11）","","15","真・波动扩散魔导","魔法能力","敌人为复数时，所有魔法的威力提升50%
※无法与收敛魔导系同时使用","7024:究极魔法少女（Lv11）","","3"
"7268","バリアントマジック","魔法アビリティ","黒魔法でバーン・フリーズ・ショック状態の敵に特攻が発生する","7018:終焉魔導師（Lv2）","","2","变异魔法","魔法能力","黑魔法对处于燃烧・冻结・电击状态的敌人发动特攻","7018:终焉魔导师（Lv2）","","3"
"7269","通電黒魔法","魔法アビリティ","黒魔法でヌルヌル状態の敵に特攻が発生する","","7413:万魔の宿主（Lv6）","2","通电黑魔法","魔法能力","黑魔法对处于黏滑状态的敌人发动特攻","","7413:万魔之宿主（Lv6）","3"
"7270","快楽昇天の魔導","魔法アビリティ","黒魔法で快楽状態異常の敵に特攻が発生する","","183:リリスナイトメア（Lv6）","2","快乐升天的魔导","魔法能力","黑魔法对快乐状态异常的敌人产生特攻","","183:莉莉丝梦魇（Lv6）","3"
"7271","時の浸食","魔法アビリティ","時魔法でスロウ・ストップ状態の敵に特攻が発生する","7019:銀河魔導師（Lv2）","","2","时间的侵蚀","魔法能力","时魔法对处于减速・停止状态的敌人发动特攻","7019:银河魔导师（Lv2）","","3"
"7272","混沌への傾倒","魔法アビリティ","時魔法で聖痕・闇穢状態の敵に特攻が発生する","","7447:X型アポトーシス（Lv11）","2","向混沌的倾斜","魔法能力","时魔法对处于圣痕・暗秽状态的敌人发动特攻","","7447:X型凋零者（Lv11）","3"
"7273","不覚の召喚","魔法アビリティ","召喚で暗闇・沈黙状態の敵に特攻が発生する","7020:混沌召喚士（Lv2）","","2","失策的召唤","魔法能力","召唤术对处于黑暗・沉默状态的敌人发动特攻","7020:混沌召唤士（Lv2）","","3"
"7274","白の洗礼","魔法アビリティ","聖技で聖痕状態の敵に特攻が発生する","","7450:創世の女神（Lv4）","2","白的洗礼","魔法能力","圣技对处于圣痕状态的敌人发动特攻","","7450:创世女神（Lv4）","3"
"7275","黒の洗礼","魔法アビリティ","闇技で闇穢状態の敵に特攻が発生する","","7451:邪神（Lv4）","2","黑的洗礼","魔法能力","暗技对处于暗秽状态的敌人发动特攻","","7451:邪神（Lv4）","3"
"7276","対反応陰陽術","魔法アビリティ","陰陽術でバーン・フリーズ・ショック状態の敵に特攻が発生する","","174:妖怪王（Lv5）","2","对反应阴阳术","魔法能力","阴阳术对处于燃烧・冻结・电击状态的敌人发动特攻","","174:妖怪王（Lv5）","3"
"7277","バリアントブック","魔法アビリティ","魔本術で暗闇・沈黙状態の敵に特攻が発生する","7042:アカシックレコード（Lv3）","","2","变种书","魔法能力","魔本术对处于黑暗・沉默状态的敌人发动特攻","7042:阿卡西记录（Lv3）","","3"
"7278","バリアントサイコ","魔法アビリティ","サイコで拘束・スタン状態の敵に特攻が発生する","7052:サイコトリニティ（Lv4）","","2","变种念动","魔法能力","念动对处于拘束・眩晕状态的敌人发动特攻","7052:念动三位一体（Lv4）","","3"
"7279","吸魔殺しの魔術","魔法アビリティ","白魔法でサキュバス・吸血鬼に特攻ダメージを与える","7022:永劫魔導師（Lv2）","","2","吸魔杀之魔术","魔法能力","白魔法对魅魔・吸血鬼造成特攻伤害","7022:永劫魔导师（Lv2）","","3"
"7280","アンチエレメンタル","魔法アビリティ","黒魔法でエルフ・妖精に特攻ダメージを与える","7018:終焉魔導師（Lv6）","","2","反元素","魔法能力","黑魔法对精灵・妖精造成特攻伤害","7018:终焉魔导师（Lv6）","","3"
"7281","人形劣化術","魔法アビリティ","時魔法でドールに特攻ダメージを与える","7019:銀河魔導師（Lv6）","","2","人偶劣化术","魔法能力","时魔法对人偶造成特攻伤害","7019:银河魔导师（Lv6）","","3"
"7282","抹消措置：白","魔法アビリティ","聖技で妖魔に特攻ダメージを与える","","7447:X型アポトーシス（Lv6）","2","抹消措施：白","魔法能力","圣技对妖魔造成特攻伤害","","7447:X型凋零者（Lv6）","3"
"7283","抹消措置：黒","魔法アビリティ","闇技で天使に特攻ダメージを与える","","7447:X型アポトーシス（Lv7）","2","抹消措施：黑","魔法能力","暗技对天使造成特攻伤害","","7447:X型凋零者（Lv7）","3"
"7284","抹消措置：時","魔法アビリティ","時魔法で天使・妖魔に特攻ダメージを与える","","7447:X型アポトーシス（Lv8）","2","抹消措施：时","魔法能力","时魔法对天使・妖魔造成特攻伤害","","7447:X型凋零者（Lv8）","3"
"7285","カオス対処措置：白","魔法アビリティ","聖技でアポトーシスに特攻ダメージを与える","","7448:XX型アポトーシス（Lv6）","2","混沌应对措施：白","魔法能力","圣技对凋零者造成特攻伤害","","7448:XX型凋零者（Lv6）","3"
"7286","カオス対処措置：黒","魔法アビリティ","闇技でアポトーシスに特攻ダメージを与える","","7448:XX型アポトーシス（Lv7）","2","混沌应对措施：黑","魔法能力","暗技对凋零者造成特攻伤害","","7448:XX型凋零者（Lv7）","3"
"7287","カオス対処措置：時","魔法アビリティ","時魔法でアポトーシスに特攻ダメージを与える","","7448:XX型アポトーシス（Lv8）","2","混沌应对措施：时","魔法能力","时魔法对凋零者造成特攻伤害","","7448:XX型凋零者（Lv8）","3"
"7288","対神抹消措置：白","魔法アビリティ","聖技で神に特攻ダメージを与える","","7449:混沌の使徒（Lv6）","2","对神抹消措施：白","魔法能力","圣技对神造成特攻伤害","","7449:混沌的使徒（Lv6）","3"
"7289","対神抹消措置：黒","魔法アビリティ","闇技で神に特攻ダメージを与える","","7449:混沌の使徒（Lv7）","2","对神抹消措施：黑","魔法能力","暗技对神造成特攻伤害","","7449:混沌的使徒（Lv7）","3"
"7290","対神抹消措置：時","魔法アビリティ","時魔法で神に特攻ダメージを与える","","7449:混沌の使徒（Lv8）","2","对神抹消措施：时","魔法能力","时魔法对神造成特攻伤害","","7449:混沌的使徒（Lv8）","3"
"7291","破邪の符","魔法アビリティ","陰陽術で亜人・妖狐に特攻ダメージを与える","7021:太極陰陽師（Lv2）","","2","破邪之符","魔法能力","阴阳术对亚人・妖狐造成特攻伤害","7021:太极阴阳师（Lv2）","","3"
"7292","妖魔殺しの本","魔法アビリティ","魔本術で妖魔に特攻ダメージを与える","7042:アカシックレコード（Lv8）","","2","妖魔杀手之书","魔法能力","魔本术对妖魔造成特攻伤害","7042:阿卡西记录（Lv8）","","3"
"7293","目潰しの魔法","魔法アビリティ","全魔法に暗闇効果を付加する","","7422:時の神獣（Lv6）","2","目盲之魔法","魔法能力","所有魔法附加黑暗效果","","7422:时之神兽（Lv6）","3"
"7294","聖魔反応時魔法","魔法アビリティ","時魔法に聖痕・闇穢効果を付加する","","7448:XX型アポトーシス（Lv5）","2","圣魔反应时魔法","魔法能力","时魔法附加圣痕・暗秽效果","","7448:XX型凋零者（Lv5）","3"
"7295","弱体召喚","魔法アビリティ","召喚スキルに応じた属性弱体効果を付加する","","222:コスモフェアリー（Lv8）","2","弱化召唤","魔法能力","召唤技能附加相应属性弱化效果","","222:宇宙妖精（Lv8）","3"
"7296","精神錯乱の本","魔法アビリティ","魔本術に混乱・睡眠効果を付加する","7042:アカシックレコード（Lv2）","","2","精神错乱之书","魔法能力","魔本术附加混乱・睡眠效果","7042:阿卡西记录（Lv2）","","3"
"7297","アドバンスドサイコ","魔法アビリティ","サイコに拘束・絶頂効果を付加する","7052:サイコトリニティ（Lv2）","","2","高级念动","魔法能力","念动附加拘束・绝顶效果","7052:念动三位一体（Lv2）","","3"
"7298","ホーリークリティカル","魔法アビリティ","聖技の聖痕付加率がアップする","","7436:天の軍団長（Lv2）；7452:第三の神（Lv4）","2","神圣致命","魔法能力","圣技的圣痕附加率提升","","7436:天之军团长（Lv2）；7452:第三神（Lv4）","3"
"7299","ダーククリティカル","魔法アビリティ","闇技の闇穢付加率がアップする","","7452:第三の神（Lv4）","2","暗黑暴击","魔法能力","暗技的暗秽附加率提升","","7452:第三神（Lv4）","3"
"7300","烈風の矢","魔法アビリティ","弓技にハドロン属性を付加する","7064:全テヲ撃チ抜ク者（Lv8）","","5","烈风之矢","魔法能力","弓技附加强子属性","7064:全能击穿者（Lv8）","","3"
"7301","ナイトメアマギ","魔法アビリティ","黒魔法にナイトメア属性を付加する","","7439:律法の守護者（Lv10）","5","噩梦魔法","魔法能力","黑魔法附加噩梦属性","","7439:律法的守护者（Lv10）","3"
"7302","快楽を極めし者","魔法アビリティ","淫技・サイコにナイトメア属性を付加する","7067:快楽ヲ極メシ者（Lv2）","","5","快乐达到极致者","魔法能力","淫技・念动控制附加噩梦属性","7067:极乐追求者（Lv2）","","3"
"7303","悪夢の触手","魔法アビリティ","触手技にナイトメア属性を付加する","","7413:万魔の宿主（Lv16）","5","恶梦触手","魔法能力","触手技附加噩梦属性","","7413:万魔之宿主（Lv16）","3"
"7304","悦楽の突風","魔法アビリティ","風属性に快楽属性を付加する","","183:リリスナイトメア（Lv12）","3","悦乐突风","魔法能力","风属性附加快乐属性","","183:莉莉丝梦魇（Lv12）","3"
"7305","悪夢の突風","魔法アビリティ","風属性にナイトメア属性を付加する","","7416:バビロンの大淫婦（Lv15）","5","恶梦突风","魔法能力","风属性附加噩梦属性","","7416:巴比伦的大淫妇（Lv15）","3"
"7306","怨嗟の人魚","魔法アビリティ","白魔法・歌・海技に闇属性を付加する","","7418:ワールドドロウン（Lv2）","3","怨嗟人鱼","魔法能力","白魔法・歌・海技附加暗属性","","7418:世界沉没者（Lv2）","3"
"7307","堕天反転","魔法アビリティ","永劫属性に終焉属性を付加する","","7437:明けの明星（Lv13）","5","堕天反转","魔法能力","永劫属性附加终焉属性","","7437:璀璨之明星（Lv13）","3"
"7308","フォースエッジ","魔法アビリティ","魔法剣発動後の攻撃で追加属性攻撃が発生する","7012:フォースマスター（Lv5）","","5","力量之刃","魔法能力","魔法剑发动后的攻击会产生追加属性攻击","7012:力量大师（Lv5）","","3"
"7309","ランダムフォース","魔法アビリティ","戦闘開始時、ランダムに魔法剣が発動する","7012:フォースマスター（Lv7）","","5","随机之力","魔法能力","战斗开始时，随机发动魔法剑","7012:力量大师（Lv7）","","3"
"7310","魔法剣混沌属性付加","魔法アビリティ","魔法剣を発動した際、上位の混沌属性も付加される","7012:フォースマスター（Lv15）","","8","魔法剑混沌属性附加","魔法能力","发动魔法剑时，也会附加上位的混沌属性","7012:力量大师（Lv15）","","3"
"7311","ウィズヒール","魔法アビリティ","白魔法に属する回復スキルにHPターン回復効果が付加する","7022:永劫魔導師（Lv7）","","15","治愈之力","魔法能力","白魔法中的恢复技能附加HP回合恢复效果","7022:永劫魔导师（Lv7）","","3"
"7312","ウィズブレイブ","魔法アビリティ","白魔法に属する回復スキルにSPターン回復効果が付加する","7022:永劫魔導師（Lv8）","","15","勇气之力","魔法能力","白魔法中的恢复技能附加SP回合恢复效果","7022:永劫魔导师（Lv8）","","3"
"7313","ウィズアタック","魔法アビリティ","白魔法に属する回復スキルに攻撃力アップ効果が付加する","7022:永劫魔導師（Lv5）","","15","攻击之力","魔法能力","白魔法中的恢复技能附加攻击力提升效果","7022:永劫魔导师（Lv5）","","3"
"7314","ウィズガード","魔法アビリティ","白魔法に属する回復スキルに防御力アップ効果が付加する","7022:永劫魔導師（Lv3）","","15","防御之力","魔法能力","白魔法中的恢复技能附加防御力提升效果","7022:永劫魔导师（Lv3）","","3"
"7315","ウィズマジック","魔法アビリティ","白魔法に属する回復スキルに魔力アップ効果が付加する","7022:永劫魔導師（Lv5）","","15","魔法之力","魔法能力","白魔法中的恢复技能附加魔力提升效果","7022:永劫魔导师（Lv5）","","3"
"7316","ウィズクイック","魔法アビリティ","白魔法に属する回復スキルに素早さアップ効果が付加する","7022:永劫魔導師（Lv4）","","15","迅捷之力","魔法能力","白魔法中的恢复技能附加敏捷提升效果","7022:永劫魔导师（Lv4）","","3"
"7317","ウィズテクニック","魔法アビリティ","白魔法に属する回復スキルに器用さアップ効果が付加する","7022:永劫魔導師（Lv6）","","15","技巧之力","魔法能力","白魔法中的恢复技能附加灵巧提升效果","7022:永劫魔导师（Lv6）","","3"
"7318","ウィズオール","魔法アビリティ","白魔法に属する回復スキルに全能力アップ効果が付加する","7023:ソーサラースプリーム（Lv9）","","30","全能之力","魔法能力","白魔法中的恢复技能附加全能力提升效果","7023:至高魔法师（Lv9）","","3"
"7319","先駆けの召喚","魔法アビリティ","戦闘開始時、ランダムで召喚技が発動する","7020:混沌召喚士（Lv4）","","10","先驱召唤","魔法能力","战斗开始时，随机发动召唤技","7020:混沌召唤士（Lv4）","","3"
"7320","カウンター召喚","魔法アビリティ","攻撃を受けた際、ランダム召喚で反撃する","7020:混沌召喚士（Lv6）","","7","反击召唤","魔法能力","受到攻击时，随机召唤魔物娘进行反击","7020:混沌召唤士（Lv6）","","3"
"7321","過重召喚","魔法アビリティ","召喚魔法の威力2倍になるが、消費MPおよびSPは3倍になる","","7413:万魔の宿主（Lv9）","30","过重召唤","魔法能力","召唤魔法的威力变为2倍，但消耗MP和SP变为3倍","","7413:万魔之宿主（Lv9）","3"
"7322","魔力ダメージ吸収","魔法アビリティ","魔法を受けた際、魔力を吸収し自己強化する","7021:太極陰陽師（Lv6）","","6","魔力伤害吸收","魔法能力","受到魔法攻击时，吸收魔力进行自我强化","7021:太极阴阳师（Lv6）","","3"
"7323","カウンターページ","魔法アビリティ","魔法を受けた際、魔力を吸収してページに変換する","7042:アカシックレコード（Lv9）","","10","反击页","魔法能力","受到魔法攻击时，吸收魔力转换为页","7042:阿卡西记录（Lv9）","","3"
"7324","カウンター錬金術","魔法アビリティ","魔法を受けた際、魔力を吸収して錬金素材に変換する","7041:トリスメギストス（Lv6）","","10","反击炼金术","魔法能力","受到魔法攻击时，吸收魔力转换为炼金素材","7041:三重伟大（Lv6）","","3"
"7325","カウンター癒しの雨","魔法アビリティ","攻撃を受けた際、癒しの雨を発動する事がある","","202:伝説の神魚（Lv11）","20","反击治愈之雨","魔法能力","受到攻击时，有几率发动治愈之雨","","202:传说之神鱼（Lv11）","3"
"7326","シルフの助け","魔法アビリティ","戦闘開始時、シルフが自動召喚される","143:光の勇者（Lv3）","","10","希尔芙的帮助","魔法能力","战斗开始时，会自动召唤希尔芙","143:光之勇者（Lv3）","","3"
"7327","ノームの助け","魔法アビリティ","ターン終了時、ノームが自動召喚される事がある","144:闇の勇者（Lv3）","","10","诺姆的帮助","魔法能力","回合结束时，诺姆有可能自动召唤","144:暗之勇者（Lv3）","","3"
"7328","ウンディーネの助け","魔法アビリティ","ターン開始時、ウンディーネが自動召喚される事がある","144:闇の勇者（Lv6）","","10","温蒂妮的帮助","魔法能力","回合开始时，有时会自动召唤温蒂妮","144:暗之勇者（Lv6）","","3"
"7329","サラマンダーの助け","魔法アビリティ","攻撃を受けた時、サラマンダーが召喚反撃を行う事がある","143:光の勇者（Lv6）","","10","萨拉曼达的帮助","魔法能力","受到攻击时，有时会召唤萨拉曼达进行反击","143:光之勇者（Lv6）","","3"
"7330","魔石ダメージ強化","魔法アビリティ","魔石によるダメージがアップする","7033:商神（Lv3）","","5","魔石伤害强化","魔法能力","魔石造成的伤害提升","7033:商神（Lv3）","","3"
"7331","魔石ダメージ超強化","魔法アビリティ","魔石によるダメージが大幅にアップする","7049:オールジョブラウンダー（Lv4）","","10","魔石伤害超强化","魔法能力","魔石造成的伤害大幅提升","7049:全能职业者（Lv4）","","3"
"7332","魔石ダメージ極強化","魔法アビリティ","魔石によるダメージが極大アップする","7069:万職ヲ極メシ仕事人（Lv4）","","15","魔石伤害极强化","魔法能力","魔石造成的伤害极大提升","7069:万职极尽的工匠（Lv4）","","3"
"7333","快楽オーバーブースター","魔法アビリティ","快楽属性のダメージと消費MP・SPが2倍になる
※同系統のブースターと同時セット可能","7067:快楽ヲ極メシ者（Lv14）","7416:バビロンの大淫婦（Lv16）；7439:律法の守護者（Lv15）","3","快乐超增强","魔法能力","快乐属性的伤害和消耗的MP・SP变为2倍
※可与同系列增强同时装备","7067:极乐追求者（Lv14）","7416:巴比伦的大淫妇（Lv16）；7439:律法的守护者（Lv15）","3"
"7334","/快楽ブースター","魔法アビリティ","快楽属性のダメージが75%アップする","","","10","/快楽ブースター","魔法能力","快乐属性的伤害提升75%","","","3"
"7335","/快楽ブースター","魔法アビリティ","快楽属性のダメージが100%アップする","","","10","/快楽ブースター","魔法能力","快乐属性的伤害提升100%","","","3"
"7336","/快楽ブースター","魔法アビリティ","快楽属性のダメージが200%アップする","","","10","/快楽ブースター","魔法能力","快乐属性的伤害提升200%","","","3"
"7337","炎オーバーブースター","魔法アビリティ","炎属性のダメージと消費MP・SPが2倍になる
※同系統のブースターと同時セット可能","","7414:大魔王（Lv17）；7427:虚竜（Lv16）","3","炎超增强","魔法能力","炎属性的伤害和消耗的MP・SP变为2倍
※可与同系列增强同时装备","","7414:大魔王（Lv17）；7427:虚龙（Lv16）","3"
"7338","/炎ブースター","魔法アビリティ","炎属性のダメージが75%アップする","","","10","/炎ブースター","魔法能力","炎属性的伤害提升75%","","","3"
"7339","/炎ブースター","魔法アビリティ","炎属性のダメージが100%アップする","","","10","/炎ブースター","魔法能力","炎属性伤害提升100%","","","3"
"7340","/炎ブースター","魔法アビリティ","炎属性のダメージが200%アップする","","","10","/炎ブースター","魔法能力","炎属性伤害提升200%","","","3"
"7341","氷オーバーブースター","魔法アビリティ","氷属性のダメージと消費MP・SPが2倍になる
※同系統のブースターと同時セット可能","","7415:マガツオオミカミ（Lv16）；7427:虚竜（Lv16）","3","冰超增强","魔法能力","冰属性伤害与消耗MP・SP翻倍
※可与同系列增强同时装备","","7415:祸津大御神（Lv16）；7427:虚龙（Lv16）","3"
"7342","/氷ブースター","魔法アビリティ","氷属性のダメージが75%アップする","","","10","/氷ブースター","魔法能力","冰属性伤害提升75%","","","3"
"7343","/氷ブースター","魔法アビリティ","氷属性のダメージが100%アップする","","","10","/氷ブースター","魔法能力","冰属性伤害提升100%","","","3"
"7344","/氷ブースター","魔法アビリティ","氷属性のダメージが200%アップする","","","10","/氷ブースター","魔法能力","冰属性伤害提升200%","","","3"
"7345","雷オーバーブースター","魔法アビリティ","雷属性のダメージと消費MP・SPが2倍になる
※同系統のブースターと同時セット可能","","7417:神祖（Lv17）","3","雷超增强","魔法能力","雷属性伤害与消耗MP・SP翻倍
※可与同系列增强同时装备","","7417:神祖（Lv17）","3"
"7346","/雷ブースター","魔法アビリティ","雷属性のダメージが75%アップする","","","10","/雷ブースター","魔法能力","雷属性伤害提升75%","","","3"
"7347","/雷ブースター","魔法アビリティ","雷属性のダメージが100%アップする","","","10","/雷ブースター","魔法能力","雷属性伤害提升100%","","","3"
"7348","/雷ブースター","魔法アビリティ","雷属性のダメージが200%アップする","","","10","/雷ブースター","魔法能力","雷属性伤害提升200%","","","3"
"7349","風オーバーブースター","魔法アビリティ","風属性のダメージと消費MP・SPが2倍になる
※同系統のブースターと同時セット可能","","7420:コスモス（Lv17）","3","风超增强","魔法能力","风属性伤害与消耗MP・SP翻倍
※可与同系列增强同时装备","","7420:宇宙神蝶（Lv17）","3"
"7350","/風ブースター","魔法アビリティ","風属性のダメージが75%アップする","","","10","/風ブースター","魔法能力","风属性伤害提升75%","","","3"
"7351","/風ブースター","魔法アビリティ","風属性のダメージが100%アップする","","","10","/風ブースター","魔法能力","风属性伤害提升100%","","","3"
"7352","/風ブースター","魔法アビリティ","風属性のダメージが200%アップする","","","10","/風ブースター","魔法能力","风属性伤害提升200%","","","3"
"7353","土オーバーブースター","魔法アビリティ","土属性のダメージと消費MP・SPが2倍になる
※同系統のブースターと同時セット可能","","7423:白面金毛九尾の狐（Lv16）","3","土超增强","魔法能力","土属性伤害和消耗MP・SP变为2倍
※可与同系列增强同时装备","","7423:白面金毛九尾狐（Lv16）","3"
"7354","/土ブースター","魔法アビリティ","土属性のダメージが75%アップする","","","10","/土ブースター","魔法能力","土属性伤害提升75%","","","3"
"7355","/土ブースター","魔法アビリティ","土属性のダメージが100%アップする","","","10","/土ブースター","魔法能力","土属性伤害提升100%","","","3"
"7356","/土ブースター","魔法アビリティ","土属性のダメージが200%アップする","","","10","/土ブースター","魔法能力","土属性伤害提升200%","","","3"
"7357","水オーバーブースター","魔法アビリティ","水属性のダメージと消費MP・SPが2倍になる
※同系統のブースターと同時セット可能","","7418:ワールドドロウン（Lv17）；7429:名状しがたきもの（Lv17）","3","水超增强","魔法能力","水属性伤害和消耗MP・SP变为2倍
※可与同系列增强同时装备","","7418:世界沉没者（Lv17）；7429:不可名状之物（Lv17）","3"
"7358","/水ブースター","魔法アビリティ","水属性のダメージが75%アップする","","","10","/水ブースター","魔法能力","水属性伤害提升75%","","","3"
"7359","/水ブースター","魔法アビリティ","水属性のダメージが100%アップする","","","10","/水ブースター","魔法能力","水属性伤害提升100%","","","3"
"7360","/水ブースター","魔法アビリティ","水属性のダメージが200%アップする","","","10","/水ブースター","魔法能力","水属性伤害提升200%","","","3"
"7361","聖オーバーブースター","魔法アビリティ","聖属性のダメージと消費MP・SPが2倍になる
※同系統のブースターと同時セット可能","","7436:天の軍団長（Lv16）；7437:明けの明星（Lv16）；7438:慈愛の聖百合（Lv17）；7439:律法の守護者（Lv15）；7440:天界決戦兵器（Lv16）；7441:死の獄卒（Lv15）；7442:核動力天使（Lv16）","3","圣超增强","魔法能力","圣属性伤害和消耗MP・SP变为2倍
※可与同系列增强同时装备","","7436:天之军团长（Lv16）；7437:璀璨之明星（Lv16）；7438:慈爱的圣百合（Lv17）；7439:律法的守护者（Lv15）；7440:天界决战兵器（Lv16）；7441:死之狱卒（Lv15）；7442:核动力天使（Lv16）","3"
"7362","/聖ブースター","魔法アビリティ","聖属性のダメージが75%アップする","","","10","/聖ブースター","魔法能力","圣属性伤害提升75%","","","3"
"7363","/聖ブースター","魔法アビリティ","聖属性のダメージが100%アップする","","","10","/聖ブースター","魔法能力","圣属性伤害提升100%","","","3"
"7364","/聖ブースター","魔法アビリティ","聖属性のダメージが200%アップする","","","10","/聖ブースター","魔法能力","圣属性伤害提升200%","","","3"
"7365","闇オーバーブースター","魔法アビリティ","闇属性のダメージと消費MP・SPが2倍になる
※同系統のブースターと同時セット可能","","154:超魔神（Lv14）","3","暗超增强","魔法能力","暗属性伤害和消耗MP・SP变为2倍
※可与同系列增强同时装备","","154:超魔神（Lv14）","3"
"7366","/闇ブースター","魔法アビリティ","闇属性のダメージが75%アップする","","","10","/闇ブースター","魔法能力","暗属性伤害提升75%","","","3"
"7367","/闇ブースター","魔法アビリティ","闇属性のダメージが100%アップする","","","10","/闇ブースター","魔法能力","暗属性伤害提升100%","","","3"
"7368","/闇ブースター","魔法アビリティ","闇属性のダメージが200%アップする","","","10","/闇ブースター","魔法能力","暗属性伤害提升200%","","","3"
"7369","音波オーバーブースター","魔法アビリティ","音波属性のダメージと消費MP・SPが2倍になる
※同系統のブースターと同時セット可能","","7418:ワールドドロウン（Lv17）；7434:影、紬ぐ人形（Lv16）；7446:星喰い（Lv17）","3","音波超增强","魔法能力","音波属性伤害和消耗MP・SP变为2倍
※可与同系列增强同时装备","","7418:世界沉没者（Lv17）；7434:影、䌷人偶（Lv16）；7446:星喰（Lv17）","3"
"7370","/音波ブースター","魔法アビリティ","音波属性のダメージが75%アップする","","","10","/音波ブースター","魔法能力","音波属性伤害提升75%","","","3"
"7371","/音波ブースター","魔法アビリティ","音波属性のダメージが100%アップする","","","10","/音波ブースター","魔法能力","音波属性伤害提升100%","","","3"
"7372","/音波ブースター","魔法アビリティ","音波属性のダメージが200%アップする","","","10","/音波ブースター","魔法能力","音波属性伤害提升200%","","","3"
"7373","バイオオーバーブースター","魔法アビリティ","バイオ属性のダメージと消費MP・SPが2倍になる
※同系統のブースターと同時セット可能","","7428:次元侵蝕者（Lv19）；7432:ノーライフキング（Lv18）","3","生化超增强","魔法能力","生化属性伤害和消耗MP・SP变为2倍
※可与同系列增强同时装备","","7428:次元侵蚀者（Lv19）；7432:无生之王（Lv18）","3"
"7374","/バイオブースター","魔法アビリティ","バイオ属性のダメージが75%アップする","","","10","/バイオブースター","魔法能力","生化属性伤害提升75%","","","3"
"7375","/バイオブースター","魔法アビリティ","バイオ属性のダメージが100%アップする","","","10","/バイオブースター","魔法能力","生化属性伤害提升100%","","","3"
"7376","/バイオブースター","魔法アビリティ","バイオ属性のダメージが200%アップする","","","10","/バイオブースター","魔法能力","生化属性伤害提升200%","","","3"
"7377","無属性ブースター","魔法アビリティ","無属性のダメージが15%アップする","7002:ハイサイキック（Lv9）","","8","无属性增强","魔法能力","无属性伤害提升15%","7002:高阶通灵者（Lv9）","","3"
"7378","無属性ハイブースター","魔法アビリティ","無属性のダメージが30%アップする","7003:サイコソルジャー（Lv9）","","16","无属性高级增强","魔法能力","无属性伤害提升30%","7003:念动战士（Lv9）","","3"
"7379","無属性エクスブースター","魔法アビリティ","無属性のダメージが50%アップする","7052:サイコトリニティ（Lv13）","","24","无属性极限增强","魔法能力","无属性伤害提升50%","7052:念动三位一体（Lv13）","","3"
"7380","無属性オーバーブースター","魔法アビリティ","無属性のダメージと消費MP・SPが2倍になる
※同系統のブースターと同時セット可能","7067:快楽ヲ極メシ者（Lv14）","","3","无属性超增强","魔法能力","无属性伤害和消耗MP・SP翻倍
※可与同系列增强同时装备","7067:极乐追求者（Lv14）","","3"
"7381","/無属性ブースター","魔法アビリティ","無属性のダメージが75%アップする","","","10","/無属性ブースター","魔法能力","无属性伤害提升75%","","","3"
"7382","/無属性ブースター","魔法アビリティ","無属性のダメージが100%アップする","","","10","/無属性ブースター","魔法能力","无属性伤害提升100%","","","3"
"7383","/無属性ブースター","魔法アビリティ","無属性のダメージが200%アップする","","","10","/無属性ブースター","魔法能力","无属性伤害提升200%","","","3"
"7384","銀河ブースター","魔法アビリティ","銀河属性のダメージが15%アップする","7019:銀河魔導師（Lv14）；7024:アルティメット魔法少女（Lv14）","","10","银河增强","魔法能力","银河属性伤害提升15%","7019:银河魔导师（Lv14）；7024:究极魔法少女（Lv14）","","3"
"7385","銀河ハイブースター","魔法アビリティ","銀河属性のダメージが30%アップする","7038:コズミックアイドル（Lv15）；7063:全テヲ識ル者（Lv12）","7447:X型アポトーシス（Lv16）","20","银河高级增强","魔法能力","银河属性的伤害提升30%","7038:宇宙偶像（Lv15）；7063:全知者（Lv12）","7447:X型凋零者（Lv16）","3"
"7386","銀河エクスブースター","魔法アビリティ","銀河属性のダメージが50%アップする","7066:極マリシ偶像（Lv14）","7448:XX型アポトーシス（Lv16）","30","银河极限增强","魔法能力","银河属性的伤害提升50%","7066:极致偶像（Lv14）","7448:XX型凋零者（Lv16）","3"
"7387","銀河オーバーブースター","魔法アビリティ","銀河属性のダメージと消費MP・SPが2倍になる
※同系統のブースターと同時セット可能","","7449:混沌の使徒（Lv16）","3","银河超增强","魔法能力","银河属性的伤害和消耗MP・SP变为两倍
※可与同系列增强同时装备","","7449:混沌的使徒（Lv16）","3"
"7388","/銀河ブースター","魔法アビリティ","銀河属性のダメージが75%アップする","","","10","/銀河ブースター","魔法能力","银河属性的伤害提升75%","","","3"
"7389","/銀河ブースター","魔法アビリティ","銀河属性のダメージが100%アップする","","","10","/銀河ブースター","魔法能力","银河属性的伤害提升100%","","","3"
"7390","/銀河ブースター","魔法アビリティ","銀河属性のダメージが200%アップする","","","10","/銀河ブースター","魔法能力","银河属性的伤害提升200%","","","3"
"7391","ナイトメアブースター","魔法アビリティ","ナイトメア属性のダメージが15%アップする","7039:QOBF（Lv14）","","10","噩梦增强","魔法能力","噩梦属性的伤害提升15%","7039:QOBF（Lv14）","","3"
"7392","ナイトメアハイブースター","魔法アビリティ","ナイトメア属性のダメージが30%アップする","7067:快楽ヲ極メシ者（Lv17）","183:リリスナイトメア（Lv19）","20","噩梦高级增强","魔法能力","噩梦属性的伤害提升30%","7067:极乐追求者（Lv17）","183:莉莉丝梦魇（Lv19）","3"
"7393","ナイトメアエクスブースター","魔法アビリティ","ナイトメア属性のダメージが50%アップする","","7416:バビロンの大淫婦（Lv19）","30","噩梦极限增强","魔法能力","噩梦属性的伤害提升50%","","7416:巴比伦的大淫妇（Lv19）","3"
"7394","ナイトメアオーバーブースター","魔法アビリティ","ナイトメア属性のダメージと消費MP・SPが2倍になる
※同系統のブースターと同時セット可能","","7452:第三の神（Lv18）","3","噩梦超增强","魔法能力","噩梦属性的伤害和消耗MP・SP变为两倍
※可与同系列增强同时装备","","7452:第三神（Lv18）","3"
"7395","/ナイトメアブースター","魔法アビリティ","ナイトメア属性のダメージが75%アップする","","","10","/ナイトメアブースター","魔法能力","噩梦属性的伤害提升75%","","","3"
"7396","/ナイトメアブースター","魔法アビリティ","ナイトメア属性のダメージが100%アップする","","","10","/ナイトメアブースター","魔法能力","噩梦属性伤害提升100%","","","3"
"7397","/ナイトメアブースター","魔法アビリティ","ナイトメア属性のダメージが200%アップする","","","10","/ナイトメアブースター","魔法能力","噩梦属性伤害提升200%","","","3"
"7398","核熱ブースター","魔法アビリティ","核熱属性のダメージが15%アップする","7023:ソーサラースプリーム（Lv13）；7040:禁忌科学者（Lv13）","","10","核热增强","魔法能力","核热属性伤害提升15%","7023:至高魔法师（Lv13）；7040:禁忌科学家（Lv13）","","3"
"7399","核熱ハイブースター","魔法アビリティ","核熱属性のダメージが30%アップする","7063:全テヲ識ル者（Lv14）；7068:真理ノ探究者（Lv14）","166:魔王（Lv19）；253:零尾の狐（Lv19）；291:神竜（Lv19）；343:エターニティ（Lv19）；7441:死の獄卒（Lv17）","20","核热高级增强","魔法能力","核热属性伤害提升30%","7063:全知者（Lv14）；7068:真理探究者（Lv14）","166:魔王（Lv19）；253:零尾之狐（Lv19）；291:神龙（Lv19）；343:永恒（Lv19）；7441:死之狱卒（Lv17）","3"
"7400","核熱エクスブースター","魔法アビリティ","核熱属性のダメージが50%アップする","","7414:大魔王（Lv19）；7423:白面金毛九尾の狐（Lv19）；7426:フェニックス（Lv19）；7427:虚竜（Lv19）；7433:死神（Lv19）","30","核热极限增强","魔法能力","核热属性伤害提升50%","","7414:大魔王（Lv19）；7423:白面金毛九尾狐（Lv19）；7426:凤凰（Lv19）；7427:虚龙（Lv19）；7433:死神（Lv19）","3"
"7401","核熱オーバーブースター","魔法アビリティ","核熱属性のダメージと消費MP・SPが2倍になる
※同系統のブースターと同時セット可能","","7453:カオス（Lv10）","3","核热超增强","魔法能力","核热属性伤害和消耗MP・SP变为2倍
※可与同系列增强同时装备","","7453:混沌（Lv10）","3"
"7402","/核熱ブースター","魔法アビリティ","核熱属性のダメージが75%アップする","","","10","/核熱ブースター","魔法能力","核热属性伤害提升75%","","","3"
"7403","/核熱ブースター","魔法アビリティ","核熱属性のダメージが100%アップする","","","10","/核熱ブースター","魔法能力","核热属性伤害提升100%","","","3"
"7404","/核熱ブースター","魔法アビリティ","核熱属性のダメージが200%アップする","","","10","/核熱ブースター","魔法能力","核热属性伤害提升200%","","","3"
"7405","量子ブースター","魔法アビリティ","量子属性のダメージが15%アップする","7023:ソーサラースプリーム（Lv13）","","10","量子增强","魔法能力","量子属性伤害提升15%","7023:至高魔法师（Lv13）","","3"
"7406","量子ハイブースター","魔法アビリティ","量子属性のダメージが30%アップする","","174:妖怪王（Lv19）；291:神竜（Lv19）","20","量子高级增强","魔法能力","量子属性伤害提升30%","","174:妖怪王（Lv19）；291:神龙（Lv19）","3"
"7407","量子エクスブースター","魔法アビリティ","量子属性のダメージが50%アップする","","7415:マガツオオミカミ（Lv19）；7427:虚竜（Lv19）","30","量子极限增强","魔法能力","量子属性伤害提升50%","","7415:祸津大御神（Lv19）；7427:虚龙（Lv19）","3"
"7408","量子オーバーブースター","魔法アビリティ","量子属性のダメージと消費MP・SPが2倍になる
※同系統のブースターと同時セット可能","","7453:カオス（Lv11）","3","量子超增强","魔法能力","量子属性伤害和消耗MP・SP变为2倍
※可与同系列增强同时装备","","7453:混沌（Lv11）","3"
"7409","/量子ブースター","魔法アビリティ","量子属性のダメージが75%アップする","","","10","/量子ブースター","魔法能力","量子属性伤害提升75%","","","3"
"7410","/量子ブースター","魔法アビリティ","量子属性のダメージが100%アップする","","","10","/量子ブースター","魔法能力","量子属性伤害提升100%","","","3"
"7411","/量子ブースター","魔法アビリティ","量子属性のダメージが200%アップする","","","10","/量子ブースター","魔法能力","量子属性伤害提升200%","","","3"
"7412","イオンブースター","魔法アビリティ","イオン属性のダメージが15%アップする","7023:ソーサラースプリーム（Lv13）；7029:盗神（Lv14）；7040:禁忌科学者（Lv13）","","10","离子增强","魔法能力","离子属性伤害提升15%","7023:至高魔法师（Lv13）；7029:盗神（Lv14）；7040:禁忌科学家（Lv13）","","3"
"7413","イオンハイブースター","魔法アビリティ","イオン属性のダメージが30%アップする","7063:全テヲ識ル者（Lv14）；7068:真理ノ探究者（Lv14）","193:ドラキュリーナ（Lv19）","20","离子高级增强","魔法能力","离子属性伤害提升30%","7063:全知者（Lv14）；7068:真理探究者（Lv14）","193:德古莉娜（Lv19）","3"
"7414","イオンエクスブースター","魔法アビリティ","イオン属性のダメージが50%アップする","","7417:神祖（Lv19）","30","离子极限增强","魔法能力","离子属性伤害提升50%","","7417:神祖（Lv19）","3"
"7415","イオンオーバーブースター","魔法アビリティ","イオン属性のダメージと消費MP・SPが2倍になる
※同系統のブースターと同時セット可能","","7453:カオス（Lv12）","3","离子超增强","魔法能力","离子属性伤害和消耗MP・SP变为2倍
※可与同系列增强同时装备","","7453:混沌（Lv12）","3"
"7416","/イオンブースター","魔法アビリティ","イオン属性のダメージが75%アップする","","","10","/イオンブースター","魔法能力","离子属性伤害提升75%","","","3"
"7417","/イオンブースター","魔法アビリティ","イオン属性のダメージが100%アップする","","","10","/イオンブースター","魔法能力","离子属性伤害提升100%","","","3"
"7418","/イオンブースター","魔法アビリティ","イオン属性のダメージが200%アップする","","","10","/イオンブースター","魔法能力","离子属性伤害提升200%","","","3"
"7419","ハドロンブースター","魔法アビリティ","ハドロン属性のダメージが15%アップする","7025:狩神（Lv14）；7027:カオスバスター（Lv14）；7041:トリスメギストス（Lv13）","","10","强子增强","魔法能力","强子属性伤害提升15%","7025:狩神（Lv14）；7027:混沌破坏者（Lv14）；7041:三重伟大（Lv13）","","3"
"7420","ハドロンハイブースター","魔法アビリティ","ハドロン属性のダメージが30%アップする","7062:千ノ武具ヲ極メシ者（Lv16）；7064:全テヲ撃チ抜ク者（Lv17）；7068:真理ノ探究者（Lv15）","183:リリスナイトメア（Lv19）；282:神鳥（Lv19）","20","强子高级增强","魔法能力","强子属性伤害提升30%","7062:千种武具之极致者（Lv16）；7064:全能击穿者（Lv17）；7068:真理探究者（Lv15）","183:莉莉丝梦魇（Lv19）；282:神鸟（Lv19）","3"
"7421","ハドロンエクスブースター","魔法アビリティ","ハドロン属性のダメージが50%アップする","","7416:バビロンの大淫婦（Lv19）；7426:フェニックス（Lv19）","30","强子极限增强","魔法能力","强子属性伤害提升50%","","7416:巴比伦的大淫妇（Lv19）；7426:凤凰（Lv19）","3"
"7422","ハドロンオーバーブースター","魔法アビリティ","ハドロン属性のダメージと消費MP・SPが2倍になる
※同系統のブースターと同時セット可能","","7453:カオス（Lv13）","3","强子超增强","魔法能力","强子属性伤害和消耗MP・SP翻倍
※可与同系列增强同时装备","","7453:混沌（Lv13）","3"
"7423","/ハドロンブースター","魔法アビリティ","ハドロン属性のダメージが75%アップする","","","10","/ハドロンブースター","魔法能力","强子属性伤害提升75%","","","3"
"7424","/ハドロンブースター","魔法アビリティ","ハドロン属性のダメージが100%アップする","","","10","/ハドロンブースター","魔法能力","强子属性伤害提升100%","","","3"
"7425","/ハドロンブースター","魔法アビリティ","ハドロン属性のダメージが200%アップする","","","10","/ハドロンブースター","魔法能力","强子属性伤害提升200%","","","3"
"7426","テラブースター","魔法アビリティ","テラ属性のダメージが15%アップする","7021:太極陰陽師（Lv14）；7059:全テヲ壊ス者（Lv13）","","10","大地增强","魔法能力","大地属性伤害提升15%","7021:太极阴阳师（Lv14）；7059:破坏一切者（Lv13）","","3"
"7427","テラハイブースター","魔法アビリティ","テラ属性のダメージが30%アップする","7063:全テヲ識ル者（Lv14）","222:コスモフェアリー（Lv19）；253:零尾の狐（Lv19）","20","大地高级增强","魔法能力","大地属性伤害提升30%","7063:全知者（Lv14）","222:宇宙妖精（Lv19）；253:零尾之狐（Lv19）","3"
"7428","テラエクスブースター","魔法アビリティ","テラ属性のダメージが50%アップする","","7420:コスモス（Lv19）；7423:白面金毛九尾の狐（Lv19）","30","大地极限增强","魔法能力","大地属性伤害提升50%","","7420:宇宙神蝶（Lv19）；7423:白面金毛九尾狐（Lv19）","3"
"7429","テラオーバーブースター","魔法アビリティ","テラ属性のダメージと消費MP・SPが2倍になる
※同系統のブースターと同時セット可能","","7453:カオス（Lv14）","3","大地超增强","魔法能力","大地属性伤害和消耗MP・SP翻倍
※可与同系列增强同时装备","","7453:混沌（Lv14）","3"
"7430","/テラブースター","魔法アビリティ","テラ属性のダメージが75%アップする","","","10","/テラブースター","魔法能力","大地属性伤害提升75%","","","3"
"7431","/テラブースター","魔法アビリティ","テラ属性のダメージが100%アップする","","","10","/テラブースター","魔法能力","大地属性伤害提升100%","","","3"
"7432","/テラブースター","魔法アビリティ","テラ属性のダメージが200%アップする","","","10","/テラブースター","魔法能力","大地属性伤害提升200%","","","3"
"7433","ナノブースター","魔法アビリティ","ナノ属性のダメージが15%アップする","7034:ラストサバイバー（Lv14）；7042:アカシックレコード（Lv12）","","10","纳米增强","魔法能力","纳米属性伤害提升15%","7034:最后幸存者（Lv14）；7042:阿卡西记录（Lv12）","","3"
"7434","ナノハイブースター","魔法アビリティ","ナノ属性のダメージが30%アップする","7068:真理ノ探究者（Lv15）","202:伝説の神魚（Lv19）；231:究極群体生命（Lv19）；308:海神（Lv19）","20","纳米高级增强","魔法能力","纳米属性伤害提升30%","7068:真理探究者（Lv15）","202:传说之神鱼（Lv19）；231:究极群体生命（Lv19）；308:海神（Lv19）","3"
"7435","ナノエクスブースター","魔法アビリティ","ナノ属性のダメージが50%アップする","","7418:ワールドドロウン（Lv19）；7421:カナデ（Lv19）；7429:名状しがたきもの（Lv19）","30","纳米极限增强","魔法能力","纳米属性伤害提升50%","","7418:世界沉没者（Lv19）；7421:祸抚（Lv19）；7429:不可名状之物（Lv19）","3"
"7436","ナノオーバーブースター","魔法アビリティ","ナノ属性のダメージと消費MP・SPが2倍になる
※同系統のブースターと同時セット可能","","7453:カオス（Lv15）","3","纳米超增强","魔法能力","纳米属性伤害和消耗MP・SP翻倍
※可与同系列增强同时装备","","7453:混沌（Lv15）","3"
"7437","/ナノブースター","魔法アビリティ","ナノ属性のダメージが75%アップする","","","10","/ナノブースター","魔法能力","纳米属性伤害提升75%","","","3"
"7438","/ナノブースター","魔法アビリティ","ナノ属性のダメージが100%アップする","","","10","/ナノブースター","魔法能力","纳米属性伤害提升100%","","","3"
"7439","/ナノブースター","魔法アビリティ","ナノ属性のダメージが200%アップする","","","10","/ナノブースター","魔法能力","纳米属性伤害提升200%","","","3"
"7440","永劫ブースター","魔法アビリティ","永劫属性のダメージが15%アップする","7022:永劫魔導師（Lv14）","370:熾天使（Lv20）；7447:X型アポトーシス（Lv18）","10","永劫增强","魔法能力","永劫属性伤害提升15%","7022:永劫魔导师（Lv14）","370:炽天使（Lv20）；7447:X型凋零者（Lv18）","3"
"7441","永劫ハイブースター","魔法アビリティ","永劫属性のダメージが30%アップする","7063:全テヲ識ル者（Lv16）；7080:全テヲ癒ス者（Lv15）","7436:天の軍団長（Lv19）；7437:明けの明星（Lv19）；7438:慈愛の聖百合（Lv19）；7439:律法の守護者（Lv19）；7440:天界決戦兵器（Lv19）；7441:死の獄卒（Lv18）；7442:核動力天使（Lv19）；7448:XX型アポトーシス（Lv18）","20","永劫高级增强","魔法能力","永劫属性伤害提升30%","7063:全知者（Lv16）；7080:全治愈者（Lv15）","7436:天之军团长（Lv19）；7437:璀璨之明星（Lv19）；7438:慈爱的圣百合（Lv19）；7439:律法的守护者（Lv19）；7440:天界决战兵器（Lv19）；7441:死之狱卒（Lv18）；7442:核动力天使（Lv19）；7448:XX型凋零者（Lv18）","3"
"7442","永劫エクスブースター","魔法アビリティ","永劫属性のダメージが50%アップする","","7449:混沌の使徒（Lv18）；7450:創世の女神（Lv19）；7452:第三の神（Lv19）；7454:混沌の精霊（Lv19）；7455:デウスエクスマキナ（Lv18）","30","永劫极限增强","魔法能力","永劫属性伤害提升50%","","7449:混沌的使徒（Lv18）；7450:创世女神（Lv19）；7452:第三神（Lv19）；7454:混沌精灵（Lv19）；7455:机械降神（Lv18）","3"
"7443","永劫オーバーブースター","魔法アビリティ","永劫属性のダメージと消費MP・SPが2倍になる
※同系統のブースターと同時セット可能","7071:ジャッジメント（Lv16）","7453:カオス（Lv16）","3","永劫超增强","魔法能力","永劫属性伤害和消耗MP・SP变为2倍
※可与同系列增强同时装备","7071:审判（Lv16）","7453:混沌（Lv16）","3"
"7444","/永劫ブースター","魔法アビリティ","永劫属性のダメージが75%アップする","","","10","/永劫ブースター","魔法能力","永劫属性伤害提升75%","","","3"
"7445","/永劫ブースター","魔法アビリティ","永劫属性のダメージが100%アップする","","","10","/永劫ブースター","魔法能力","永劫属性伤害提升100%","","","3"
"7446","/永劫ブースター","魔法アビリティ","永劫属性のダメージが200%アップする","","","10","/永劫ブースター","魔法能力","永劫属性伤害提升200%","","","3"
"7447","終焉ブースター","魔法アビリティ","終焉属性のダメージが15%アップする","7018:終焉魔導師（Lv14）","153:魔神（Lv9）；7447:X型アポトーシス（Lv19）","10","终焉增强","魔法能力","终焉属性伤害提升15%","7018:终焉魔导师（Lv14）","153:魔神（Lv9）；7447:X型凋零者（Lv19）","3"
"7448","終焉ハイブースター","魔法アビリティ","終焉属性のダメージが30%アップする","7063:全テヲ識ル者（Lv16）","154:超魔神（Lv19）；7414:大魔王（Lv19）；7441:死の獄卒（Lv19）；7448:XX型アポトーシス（Lv19）","20","终焉高级增强","魔法能力","终焉属性的伤害提升30%","7063:全知者（Lv16）","154:超魔神（Lv19）；7414:大魔王（Lv19）；7441:死之狱卒（Lv19）；7448:XX型凋零者（Lv19）","3"
"7449","終焉エクスブースター","魔法アビリティ","終焉属性のダメージが50%アップする","","7412:混沌の魔神（Lv19）；7449:混沌の使徒（Lv19）；7451:邪神（Lv19）；7452:第三の神（Lv19）；7454:混沌の精霊（Lv19）；7455:デウスエクスマキナ（Lv19）","30","终焉极限增强","魔法能力","终焉属性的伤害提升50%","","7412:混沌的魔神（Lv19）；7449:混沌的使徒（Lv19）；7451:邪神（Lv19）；7452:第三神（Lv19）；7454:混沌精灵（Lv19）；7455:机械降神（Lv19）","3"
"7450","終焉オーバーブースター","魔法アビリティ","終焉属性のダメージと消費MP・SPが2倍になる
※同系統のブースターと同時セット可能","7072:ワールドブレイカー（Lv16）","7453:カオス（Lv17）","3","终焉超增强","魔法能力","终焉属性的伤害和消耗MP・SP变为两倍
※可与同系列增强同时装备","7072:世界破坏者（Lv16）","7453:混沌（Lv17）","3"
"7451","/終焉ブースター","魔法アビリティ","終焉属性のダメージが75%アップする","","","10","/終焉ブースター","魔法能力","终焉属性的伤害提升75%","","","3"
"7452","/終焉ブースター","魔法アビリティ","終焉属性のダメージが100%アップする","","","10","/終焉ブースター","魔法能力","终焉属性的伤害提升100%","","","3"
"7453","/終焉ブースター","魔法アビリティ","終焉属性のダメージが200%アップする","","","10","/終焉ブースター","魔法能力","终焉属性的伤害提升200%","","","3"
"7454","/ヌルブースター","魔法アビリティ","ヌル属性のダメージが15%アップする","","","10","/ヌルブースター","魔法能力","虚无属性的伤害提升15%","","","3"
"7455","/ヌルハイブースター","魔法アビリティ","ヌル属性のダメージが30%アップする","","","20","/ヌルハイブースター","魔法能力","虚无属性的伤害提升30%","","","3"
"7456","/ヌルエクスブースター","魔法アビリティ","ヌル属性のダメージが50%アップする","","","30","/ヌルエクスブースター","魔法能力","虚无属性的伤害提升50%","","","3"
"7457","/ヌルオーバーブースター","魔法アビリティ","ヌル属性のダメージと消費MP・SPが2倍になる","","","3","/ヌルオーバーブースター","魔法能力","虚无属性的伤害和消耗MP・SP变为两倍","","","3"
"7458","/ヌルブースター","魔法アビリティ","ヌル属性のダメージが75%アップする","","","10","/ヌルブースター","魔法能力","虚无属性的伤害提升75%","","","3"
"7459","/ヌルブースター","魔法アビリティ","ヌル属性のダメージが100%アップする","","","10","/ヌルブースター","魔法能力","虚无属性的伤害提升100%","","","3"
"7460","/ヌルブースター","魔法アビリティ","ヌル属性のダメージが200%アップする","","","10","/ヌルブースター","魔法能力","虚无属性伤害提升200%","","","3"
"7461","回復オーバーブースター","魔法アビリティ","回復属性の効果が200%アップ、全スキルの消費MPが1.3倍になる
※同系統のブースターと同時セット可能","7080:全テヲ癒ス者（Lv17）","7418:ワールドドロウン（Lv15）；7438:慈愛の聖百合（Lv17）","3","回复超增强","魔法能力","回復属性の効果が200%アップ、全スキルの消費MPが1.3倍になる
※可与同系列增强同时装备","7080:全治愈者（Lv17）","7418:世界沉没者（Lv15）；7438:慈爱的圣百合（Lv17）","3"
"7462","/回復ブースター","魔法アビリティ","回復技の効果が200%アップする","","","10","/回復ブースター","魔法能力","回复技能效果提升200%","","","3"
"7463","/回復ブースター","魔法アビリティ","回復技の効果が300%アップする","","","10","/回復ブースター","魔法能力","回复技能效果提升300%","","","3"
"7464","/回復ブースター","魔法アビリティ","回復技の効果が500%アップする","","","10","/回復ブースター","魔法能力","回复技能效果提升500%","","","3"
"7465","杖オーバーブースター","魔法アビリティ","杖を用いたダメージと消費MP・SPが2倍になる
※同系統のブースターと同時セット可能","7063:全テヲ識ル者（Lv13）；7080:全テヲ癒ス者（Lv17）","7421:カナデ（Lv16）；7424:淫欲の堕蛇（Lv17）；7431:千樹華音（Lv16）；7439:律法の守護者（Lv17）","3","杖超增强","魔法能力","使用杖造成的伤害和消耗的MP・SP变为2倍
※可与同系列增强同时装备","7063:全知者（Lv13）；7080:全治愈者（Lv17）","7421:祸抚（Lv16）；7424:淫欲的堕蛇（Lv17）；7431:千树华音（Lv16）；7439:律法的守护者（Lv17）","3"
"7466","ロッドオーバーブースター","魔法アビリティ","ロッドを用いたダメージと消費MP・SPが2倍になる
※同系統のブースターと同時セット可能","7063:全テヲ識ル者（Lv13）","7413:万魔の宿主（Lv19）；7420:コスモス（Lv16）；7430:バアル・ゼブブ（Lv16）；7433:死神（Lv14）；7437:明けの明星（Lv17）","3","法杖超增强","魔法能力","使用法杖造成的伤害和消耗的MP・SP变为2倍
※可与同系列增强同时装备","7063:全知者（Lv13）","7413:万魔之宿主（Lv19）；7420:宇宙神蝶（Lv16）；7430:巴力・西卜（Lv16）；7433:死神（Lv14）；7437:璀璨之明星（Lv17）","3"
"7467","魔導書オーバーブースター","魔法アビリティ","魔導書を用いたダメージと消費MP・SPが2倍になる
※同系統のブースターと同時セット可能","7068:真理ノ探究者（Lv17）","7433:死神（Lv15）；7439:律法の守護者（Lv17）","3","魔导书超增强","魔法能力","使用魔导书造成的伤害和消耗的MP・SP变为2倍
※可与同系列增强同时装备","7068:真理探究者（Lv17）","7433:死神（Lv15）；7439:律法的守护者（Lv17）","3"
"7468","白魔法ハイブースター","魔法アビリティ","「白魔法」によるダメージが30%アップする","","","20","白魔法高级增强","魔法能力","「白魔法」造成的伤害提升30%","","","3"
"7469","白魔法エクスブースター","魔法アビリティ","「白魔法」によるダメージが50%アップする","","","30","白魔法极限增强","魔法能力","「白魔法」造成的伤害提升50%","","","3"
"7470","白魔法オーバーブースター","魔法アビリティ","「白魔法」によるダメージと消費MP・SPが2倍になる","","","10","白魔法超增强","魔法能力","「白魔法」造成的伤害和消耗的MP・SP变为2倍","","","3"
"7471","/白魔法ブースター","魔法アビリティ","「白魔法」によるダメージが75%アップする","","","10","/白魔法ブースター","魔法能力","「白魔法」造成的伤害提升75%","","","3"
"7472","/白魔法ブースター","魔法アビリティ","「白魔法」によるダメージが100%アップする","","","10","/白魔法ブースター","魔法能力","「白魔法」造成的伤害提升100%","","","3"
"7473","/白魔法ブースター","魔法アビリティ","「白魔法」によるダメージが200%アップする","","","10","/白魔法ブースター","魔法能力","「白魔法」造成的伤害提升200%","","","3"
"7474","黒魔法ハイブースター","魔法アビリティ","「黒魔法」によるダメージが30%アップする","","","20","黑魔法高级增强","魔法能力","「黑魔法」造成的伤害提升30%","","","3"
"7475","黒魔法エクスブースター","魔法アビリティ","「黒魔法」によるダメージが50%アップする","","","30","黑魔法极限增强","魔法能力","「黑魔法」造成的伤害提升50%","","","3"
"7476","黒魔法オーバーブースター","魔法アビリティ","「黒魔法」によるダメージと消費MP・SPが2倍になる","","","10","黑魔法超增强","魔法能力","「黑魔法」造成的伤害和消耗的MP・SP变为2倍","","","3"
"7477","/黒魔法ブースター","魔法アビリティ","「黒魔法」によるダメージが75%アップする","","","10","/黒魔法ブースター","魔法能力","「黑魔法」造成的伤害提升75%","","","3"
"7478","/黒魔法ブースター","魔法アビリティ","「黒魔法」によるダメージが100%アップする","","","10","/黒魔法ブースター","魔法能力","「黑魔法」造成的伤害提升100%","","","3"
"7479","/黒魔法ブースター","魔法アビリティ","「黒魔法」によるダメージが200%アップする","","","10","/黒魔法ブースター","魔法能力","「黑魔法」造成的伤害提升200%","","","3"
"7480","時魔法ハイブースター","魔法アビリティ","「時魔法」によるダメージが30%アップする","","","20","时魔法高级增强","魔法能力","「时魔法」造成的伤害提升30%","","","3"
"7481","時魔法エクスブースター","魔法アビリティ","「時魔法」によるダメージが50%アップする","","","30","时魔法极限增强","魔法能力","「时魔法」造成的伤害提升50%","","","3"
"7482","時魔法オーバーブースター","魔法アビリティ","「時魔法」によるダメージと消費MP・SPが2倍になる","","","10","时魔法超增强","魔法能力","「时魔法」造成的伤害和消耗MP・SP翻倍","","","3"
"7483","/時魔法ブースター","魔法アビリティ","「時魔法」によるダメージが75%アップする","","","10","/時魔法ブースター","魔法能力","「时魔法」造成的伤害提升75%","","","3"
"7484","/時魔法ブースター","魔法アビリティ","「時魔法」によるダメージが100%アップする","","","10","/時魔法ブースター","魔法能力","「时魔法」造成的伤害提升100%","","","3"
"7485","/時魔法ブースター","魔法アビリティ","「時魔法」によるダメージが200%アップする","","","10","/時魔法ブースター","魔法能力","「时魔法」造成的伤害提升200%","","","3"
"7486","召喚ハイブースター","魔法アビリティ","「召喚」によるダメージが30%アップする","","","20","召唤高级增强","魔法能力","「召唤」造成的伤害提升30%","","","3"
"7487","召喚エクスブースター","魔法アビリティ","「召喚」によるダメージが50%アップする","","","30","召唤极限增强","魔法能力","「召唤」造成的伤害提升50%","","","3"
"7488","召喚オーバーブースター","魔法アビリティ","「召喚」によるダメージと消費MP・SPが2倍になる","","","10","召唤超增强","魔法能力","「召唤」造成的伤害和消耗MP・SP翻倍","","","3"
"7489","/召喚ブースター","魔法アビリティ","「召喚」によるダメージが75%アップする","","","10","/召喚ブースター","魔法能力","「召唤」造成的伤害提升75%","","","3"
"7490","/召喚ブースター","魔法アビリティ","「召喚」によるダメージが100%アップする","","","10","/召喚ブースター","魔法能力","「召唤」造成的伤害提升100%","","","3"
"7491","/召喚ブースター","魔法アビリティ","「召喚」によるダメージが200%アップする","","","10","/召喚ブースター","魔法能力","「召唤」造成的伤害提升200%","","","3"
"7492","聖技ハイブースター","魔法アビリティ","「聖技」によるダメージが30%アップする","","","20","圣技高级增强","魔法能力","「圣技」造成的伤害提升30%","","","3"
"7493","聖技エクスブースター","魔法アビリティ","「聖技」によるダメージが50%アップする","","","30","圣技极限增强","魔法能力","「圣技」造成的伤害提升50%","","","3"
"7494","聖技オーバーブースター","魔法アビリティ","「聖技」によるダメージと消費MP・SPが2倍になる","","","10","圣技超增强","魔法能力","「圣技」造成的伤害和消耗MP・SP变为两倍","","","3"
"7495","/聖技ブースター","魔法アビリティ","「聖技」によるダメージが75%アップする","","","10","/聖技ブースター","魔法能力","「圣技」造成的伤害提升75%","","","3"
"7496","/聖技ブースター","魔法アビリティ","「聖技」によるダメージが100%アップする","","","10","/聖技ブースター","魔法能力","「圣技」造成的伤害提升100%","","","3"
"7497","/聖技ブースター","魔法アビリティ","「聖技」によるダメージが200%アップする","","","10","/聖技ブースター","魔法能力","「圣技」造成的伤害提升200%","","","3"
"7498","闇技ハイブースター","魔法アビリティ","「闇技」によるダメージが30%アップする","","","20","暗技高级增强","魔法能力","「暗技」造成的伤害提升30%","","","3"
"7499","闇技エクスブースター","魔法アビリティ","「闇技」によるダメージが50%アップする","","","30","暗技极限增强","魔法能力","「暗技」造成的伤害提升50%","","","3"
"7500","闇技オーバーブースター","魔法アビリティ","「闇技」によるダメージと消費MP・SPが2倍になる","","","10","暗技超增强","魔法能力","「暗技」造成的伤害和消耗MP・SP变为两倍","","","3"
"7501","/闇技ブースター","魔法アビリティ","「闇技」によるダメージが75%アップする","","","10","/闇技ブースター","魔法能力","「暗技」造成的伤害提升75%","","","3"
"7502","/闇技ブースター","魔法アビリティ","「闇技」によるダメージが100%アップする","","","10","/闇技ブースター","魔法能力","「暗技」造成的伤害提升100%","","","3"
"7503","/闇技ブースター","魔法アビリティ","「闇技」によるダメージが200%アップする","","","10","/闇技ブースター","魔法能力","「暗技」造成的伤害提升200%","","","3"
"7504","魔法剣ハイブースター","魔法アビリティ","「魔法剣」によるダメージが30%アップする","","","20","魔法剑高级增强","魔法能力","「魔法剑」造成的伤害提升30%","","","3"
"7505","魔法剣エクスブースター","魔法アビリティ","「魔法剣」によるダメージが50%アップする","","","30","魔法剑极限增强","魔法能力","「魔法剑」造成的伤害提升50%","","","3"
"7506","魔法剣オーバーブースター","魔法アビリティ","「魔法剣」によるダメージと消費MP・SPが2倍になる","","","10","魔法剑超增强","魔法能力","「魔法剑」造成的伤害和消耗MP・SP翻倍","","","3"
"7507","/魔法剣ブースター","魔法アビリティ","「魔法剣」によるダメージが75%アップする","","","10","/魔法剣ブースター","魔法能力","「魔法剑」造成的伤害提升75%","","","3"
"7508","/魔法剣ブースター","魔法アビリティ","「魔法剣」によるダメージが100%アップする","","","10","/魔法剣ブースター","魔法能力","「魔法剑」造成的伤害提升100%","","","3"
"7509","/魔法剣ブースター","魔法アビリティ","「魔法剣」によるダメージが200%アップする","","","10","/魔法剣ブースター","魔法能力","「魔法剑」造成的伤害提升200%","","","3"
"7510","陰陽術ハイブースター","魔法アビリティ","「陰陽術」によるダメージが30%アップする","","","20","阴阳术高级增强","魔法能力","「阴阳术」造成的伤害提升30%","","","3"
"7511","陰陽術エクスブースター","魔法アビリティ","「陰陽術」によるダメージが50%アップする","","","30","阴阳术极限增强","魔法能力","「阴阳术」造成的伤害提升50%","","","3"
"7512","陰陽術オーバーブースター","魔法アビリティ","「陰陽術」によるダメージと消費MP・SPが2倍になる","","","10","阴阳术超增强","魔法能力","「阴阳术」造成的伤害和消耗MP・SP翻倍","","","3"
"7513","/陰陽術ブースター","魔法アビリティ","「陰陽術」によるダメージが75%アップする","","","10","/陰陽術ブースター","魔法能力","「阴阳术」造成的伤害提升75%","","","3"
"7514","/陰陽術ブースター","魔法アビリティ","「陰陽術」によるダメージが100%アップする","","","10","/陰陽術ブースター","魔法能力","「阴阳术」造成的伤害提升100%","","","3"
"7515","/陰陽術ブースター","魔法アビリティ","「陰陽術」によるダメージが200%アップする","","","10","/陰陽術ブースター","魔法能力","「阴阳术」造成的伤害提升200%","","","3"
"7516","魔導科学ハイブースター","魔法アビリティ","「魔導科学」によるダメージが30%アップする","","","20","魔导科学高级增强","魔法能力","「魔导科学」造成的伤害提升30%","","","3"
"7517","魔導科学エクスブースター","魔法アビリティ","「魔導科学」によるダメージが50%アップする","","","30","魔导科学极限增强","魔法能力","「魔导科学」造成的伤害提升50%","","","3"
"7518","魔導科学オーバーブースター","魔法アビリティ","「魔導科学」によるダメージと消費MP・SPが2倍になる","","","10","魔导科学超增强","魔法能力","「魔导科学」造成的伤害和消耗MP・SP变为2倍","","","3"
"7519","/魔導科学ブースター","魔法アビリティ","「魔導科学」によるダメージが75%アップする","","","10","/魔導科学ブースター","魔法能力","「魔导科学」造成的伤害提升75%","","","3"
"7520","/魔導科学ブースター","魔法アビリティ","「魔導科学」によるダメージが100%アップする","","","10","/魔導科学ブースター","魔法能力","「魔导科学」造成的伤害提升100%","","","3"
"7521","/魔導科学ブースター","魔法アビリティ","「魔導科学」によるダメージが200%アップする","","","10","/魔導科学ブースター","魔法能力","「魔导科学」造成的伤害提升200%","","","3"
"7522","錬金術ハイブースター","魔法アビリティ","「錬金術」によるダメージが30%アップする","","","20","炼金术高级增强","魔法能力","「炼金术」造成的伤害提升30%","","","3"
"7523","錬金術エクスブースター","魔法アビリティ","「錬金術」によるダメージが50%アップする","","","30","炼金术极限增强","魔法能力","「炼金术」造成的伤害提升50%","","","3"
"7524","錬金術オーバーブースター","魔法アビリティ","「錬金術」によるダメージと消費MP・SPが2倍になる","","","10","炼金术超增强","魔法能力","「炼金术」造成的伤害和消耗MP・SP变为2倍","","","3"
"7525","/錬金術ブースター","魔法アビリティ","「錬金術」によるダメージが75%アップする","","","10","/錬金術ブースター","魔法能力","「炼金术」造成的伤害提升75%","","","3"
"7526","/錬金術ブースター","魔法アビリティ","「錬金術」によるダメージが100%アップする","","","10","/錬金術ブースター","魔法能力","「炼金术」造成的伤害提升100%","","","3"
"7527","/錬金術ブースター","魔法アビリティ","「錬金術」によるダメージが200%アップする","","","10","/錬金術ブースター","魔法能力","「炼金术」造成的伤害提升200%","","","3"
"7528","魔本術ハイブースター","魔法アビリティ","「魔本術」によるダメージが30%アップする","","","20","魔本术高级增强","魔法能力","「魔本术」造成的伤害提升30%","","","3"
"7529","魔本術エクスブースター","魔法アビリティ","「魔本術」によるダメージが50%アップする","","","30","魔本术极限增强","魔法能力","「魔本术」造成的伤害提升50%","","","3"
"7530","魔本術オーバーブースター","魔法アビリティ","「魔本術」によるダメージと消費MP・SPが2倍になる","","","10","魔本术超增强","魔法能力","「魔本术」造成的伤害和消耗MP・SP变为2倍","","","3"
"7531","/魔本術ブースター","魔法アビリティ","「魔本術」によるダメージが75%アップする","","","10","/魔本術ブースター","魔法能力","「魔本术」造成的伤害提升75%","","","3"
"7532","/魔本術ブースター","魔法アビリティ","「魔本術」によるダメージが100%アップする","","","10","/魔本術ブースター","魔法能力","「魔本术」造成的伤害提升100%","","","3"
"7533","/魔本術ブースター","魔法アビリティ","「魔本術」によるダメージが200%アップする","","","10","/魔本術ブースター","魔法能力","「魔本术」造成的伤害提升200%","","","3"
"7534","サイコブースター","魔法アビリティ","「サイコ」によるダメージが15%アップする","7002:ハイサイキック（Lv7）","","10","念动增强","魔法能力","「念动」造成的伤害提升15%","7002:高阶通灵者（Lv7）","","3"
"7535","サイコハイブースター","魔法アビリティ","「サイコ」によるダメージが30%アップする","7003:サイコソルジャー（Lv7）","","20","念动高级增强","魔法能力","「念动」造成的伤害提升30%","7003:念动战士（Lv7）","","3"
"7536","サイコエクスブースター","魔法アビリティ","「サイコ」によるダメージが50%アップする","7052:サイコトリニティ（Lv14）","","30","念动极限增强","魔法能力","「念动」造成的伤害提升50%","7052:念动三位一体（Lv14）","","3"
"7537","サイコオーバーブースター","魔法アビリティ","「サイコ」によるダメージと消費MP・SPが2倍になる
※同系統のブースターと同時セット可能","7067:快楽ヲ極メシ者（Lv15）","","3","念动超增强","魔法能力","「念动」造成的伤害和消耗MP・SP翻倍
※可与同系列增强同时装备","7067:极乐追求者（Lv15）","","3"
"7538","/サイコブースター","魔法アビリティ","「サイコ」によるダメージが75%アップする","","","10","/サイコブースター","魔法能力","「念动」造成的伤害提升75%","","","3"
"7539","/サイコブースター","魔法アビリティ","「サイコ」によるダメージが100%アップする","","","10","/サイコブースター","魔法能力","「念动」造成的伤害提升100%","","","3"
"7540","/サイコブースター","魔法アビリティ","「サイコ」によるダメージが200%アップする","","","10","/サイコブースター","魔法能力","「念动」造成的伤害提升200%","","","3"
"7541","快楽耐性貫通","魔法アビリティ","快楽属性攻撃が敵の耐性を貫通する","","7416:バビロンの大淫婦（Lv10）","15","快乐耐性贯通","魔法能力","快乐属性攻击穿透敌人的耐性","","7416:巴比伦的大淫妇（Lv10）","3"
"7542","炎耐性貫通","魔法アビリティ","炎属性攻撃が敵の耐性を貫通する","","7414:大魔王（Lv7）","10","炎耐性贯通","魔法能力","炎属性攻击穿透敌人的耐性","","7414:大魔王（Lv7）","3"
"7543","氷耐性貫通","魔法アビリティ","氷属性攻撃が敵の耐性を貫通する","","7415:マガツオオミカミ（Lv2）","10","冰耐性贯通","魔法能力","冰属性攻击穿透敌人的耐性","","7415:祸津大御神（Lv2）","3"
"7544","雷耐性貫通","魔法アビリティ","雷属性攻撃が敵の耐性を貫通する","","7417:神祖（Lv9）","10","雷耐性贯通","魔法能力","雷属性攻击穿透敌人的耐性","","7417:神祖（Lv9）","3"
"7545","風耐性貫通","魔法アビリティ","風属性攻撃が敵の耐性を貫通する","","7416:バビロンの大淫婦（Lv10）","10","风耐性贯通","魔法能力","风属性攻击能穿透敌人的耐性","","7416:巴比伦的大淫妇（Lv10）","3"
"7546","土耐性貫通","魔法アビリティ","土属性攻撃が敵の耐性を貫通する","","7423:白面金毛九尾の狐（Lv7）","10","土耐性贯通","魔法能力","土属性攻击能穿透敌人的耐性","","7423:白面金毛九尾狐（Lv7）","3"
"7547","水耐性貫通","魔法アビリティ","水属性攻撃が敵の耐性を貫通する","","7418:ワールドドロウン（Lv6）；7429:名状しがたきもの（Lv10）","10","水耐性贯通","魔法能力","水属性攻击能穿透敌人的耐性","","7418:世界沉没者（Lv6）；7429:不可名状之物（Lv10）","3"
"7548","聖耐性貫通","魔法アビリティ","聖属性攻撃が敵の耐性を貫通する","","7450:創世の女神（Lv6）","10","圣耐性贯通","魔法能力","圣属性攻击能穿透敌人的耐性","","7450:创世女神（Lv6）","3"
"7549","闇耐性貫通","魔法アビリティ","闇属性攻撃が敵の耐性を貫通する","","7451:邪神（Lv6）","10","暗耐性贯通","魔法能力","暗属性攻击能穿透敌人的耐性","","7451:邪神（Lv6）","3"
"7550","バイオ耐性貫通","魔法アビリティ","バイオ属性攻撃が敵の耐性を貫通する","","7432:ノーライフキング（Lv7）","10","生化耐性贯通","魔法能力","生化属性攻击能穿透敌人的耐性","","7432:无生之王（Lv7）","3"
"7551","音波耐性貫通","魔法アビリティ","音波属性攻撃が敵の耐性を貫通する","","202:伝説の神魚（Lv5）","10","音波耐性贯通","魔法能力","音波属性攻击能穿透敌人的耐性","","202:传说之神鱼（Lv5）","3"
"7552","銀河耐性貫通","魔法アビリティ","銀河属性攻撃が敵の耐性を貫通する","","7452:第三の神（Lv6）","10","银河耐性贯通","魔法能力","银河属性攻击能穿透敌人的耐性","","7452:第三神（Lv6）","3"
"7553","混沌耐性貫通","魔法アビリティ","混沌属性攻撃が敵の耐性を貫通する","","7453:カオス（Lv5）","15","混沌耐性贯通","魔法能力","混沌属性攻击能穿透敌人的耐性","","7453:混沌（Lv5）","3"
"7554","「サイコ」使用可能","魔法アビリティ","「サイコ」が使用可能になる","7002:ハイサイキック（Lv9）","","5","「念动」可用","魔法能力","「念动」变为可用","7002:高阶通灵者（Lv9）","","3"
"7555","全魔法スキル使用可能","魔法アビリティ","全魔法スキルが使用可能になる","7023:ソーサラースプリーム（Lv11）","","20","所有魔法技能可用","魔法能力","所有魔法技能变为可用","7023:至高魔法师（Lv11）","","3"
"7556","白魔法速攻","魔法アビリティ","白魔法が速攻で発動するが、消費MPが1.5倍になる","7022:永劫魔導師（Lv12）","","25","白魔法速攻","魔法能力","白魔法が速攻で発動するが、消費MPが1.5倍になる","7022:永劫魔导师（Lv12）","","3"
"7557","黒魔法速攻","魔法アビリティ","黒魔法が速攻で発動するが、消費MPが1.5倍になる","7018:終焉魔導師（Lv10）","","25","黑魔法速攻","魔法能力","黒魔法が速攻で発動するが、消費MPが1.5倍になる","7018:终焉魔导师（Lv10）","","3"
"7558","時魔法速攻","魔法アビリティ","時魔法が速攻で発動するが、消費MPが1.5倍になる","7019:銀河魔導師（Lv9）","","25","时魔法速攻","魔法能力","時魔法が速攻で発動するが、消費MPが1.5倍になる","7019:银河魔导师（Lv9）","","3"
"7559","召喚速攻","魔法アビリティ","召喚が速攻で発動するが、消費MPが1.5倍になる","7020:混沌召喚士（Lv10）","","25","召唤速攻","魔法能力","召喚が速攻で発動するが、消費MPが1.5倍になる","7020:混沌召唤士（Lv10）","","3"
"7560","聖技速攻","魔法アビリティ","聖技が速攻で発動するが、消費SPが1.5倍になる","","7450:創世の女神（Lv14）","25","圣技速攻","魔法能力","聖技が速攻で発動するが、消費SPが1.5倍になる","","7450:创世女神（Lv14）","3"
"7561","闇技速攻","魔法アビリティ","闇技が速攻で発動するが、消費SPが1.5倍になる","","7451:邪神（Lv14）","25","暗技速攻","魔法能力","闇技が速攻で発動するが、消費SPが1.5倍になる","","7451:邪神（Lv14）","3"
"7562","魔法剣速攻","魔法アビリティ","魔法剣が速攻で発動するが、消費MPが1.5倍になる","7012:フォースマスター（Lv13）","","25","魔法剑速攻","魔法能力","魔法剣が速攻で発動するが、消費MPが1.5倍になる","7012:力量大师（Lv13）","","3"
"7563","陰陽術速攻","魔法アビリティ","陰陽術が速攻で発動するが、消費MPが1.5倍になる","7021:太極陰陽師（Lv10）","","25","阴阳术速攻","魔法能力","陰陽術が速攻で発動するが、消費MPが1.5倍になる","7021:太极阴阳师（Lv10）","","3"
"7564","魔導科学速攻","魔法アビリティ","魔導科学が速攻で発動するが、消費SPが1.5倍になる","7040:禁忌科学者（Lv12）","","25","魔导科学速攻","魔法能力","魔導科学が速攻で発動するが、消費SPが1.5倍になる","7040:禁忌科学家（Lv12）","","3"
"7565","錬金術速攻","魔法アビリティ","錬金術が速攻で発動するが、消費SPが1.5倍になる","7041:トリスメギストス（Lv9）","","25","炼金术速攻","魔法能力","錬金術が速攻で発動するが、消費SPが1.5倍になる","7041:三重伟大（Lv9）","","3"
"7566","魔本術速攻","魔法アビリティ","魔本術が速攻で発動するが、消費SPが1.5倍になる","7042:アカシックレコード（Lv11）","","25","魔本术速攻","魔法能力","魔本術が速攻で発動するが、消費SPが1.5倍になる","7042:阿卡西记录（Lv11）","","3"
"7567","サイコ速攻","魔法アビリティ","サイコが速攻で発動するが、消費MPが1.5倍になる","7052:サイコトリニティ（Lv11）","","25","念动速攻","魔法能力","サイコが速攻で発動するが、消費MPが1.5倍になる","7052:念动三位一体（Lv11）","","3"
"7568","全魔法スキル速攻","魔法アビリティ","全魔法スキルが速攻で発動するが、消費MP・SPが1.5倍になる","","","40","所有魔法技能立即发动","魔法能力","全魔法スキルが速攻で発動するが、消費MP・SPが1.5倍になる","","","3"
"7569","白魔法防御力無視","魔法アビリティ","白魔法で防御力を無視してダメージを与えるが、消費量が1.3倍になる","7022:永劫魔導師（Lv8）","","10","白魔法防御力无视","魔法能力","白魔法で防御力を無視してダメージを与えるが、消費量が1.3倍になる","7022:永劫魔导师（Lv8）","","3"
"7570","黒魔法防御力無視","魔法アビリティ","黒魔法で防御力を無視してダメージを与えるが、消費量が1.3倍になる","7018:終焉魔導師（Lv9）","","10","黑魔法防御力无视","魔法能力","黒魔法で防御力を無視してダメージを与えるが、消費量が1.3倍になる","7018:终焉魔导师（Lv9）","","3"
"7571","時魔法防御力無視","魔法アビリティ","時魔法で防御力を無視してダメージを与えるが、消費量が1.3倍になる","7019:銀河魔導師（Lv4）","","10","时魔法防御力无视","魔法能力","時魔法で防御力を無視してダメージを与えるが、消費量が1.3倍になる","7019:银河魔导师（Lv4）","","3"
"7572","召喚防御力無視","魔法アビリティ","召喚で防御力を無視してダメージを与えるが、消費量が1.3倍になる","7020:混沌召喚士（Lv6）","","10","召唤防御力无视","魔法能力","召喚で防御力を無視してダメージを与えるが、消費量が1.3倍になる","7020:混沌召唤士（Lv6）","","3"
"7573","聖技防御力無視","魔法アビリティ","聖技で防御力を無視してダメージを与えるが、消費量が1.3倍になる","","370:熾天使（Lv11）","10","圣技防御力无视","魔法能力","聖技で防御力を無視してダメージを与えるが、消費量が1.3倍になる","","370:炽天使（Lv11）","3"
"7574","闇技防御力無視","魔法アビリティ","闇技で防御力を無視してダメージを与えるが、消費量が1.3倍になる","","166:魔王（Lv8）","10","暗技防御力无视","魔法能力","闇技で防御力を無視してダメージを与えるが、消費量が1.3倍になる","","166:魔王（Lv8）","3"
"7575","陰陽術防御力無視","魔法アビリティ","陰陽術で防御力を無視してダメージを与えるが、消費量が1.3倍になる","7021:太極陰陽師（Lv7）","","10","阴阳术防御力无视","魔法能力","陰陽術で防御力を無視してダメージを与えるが、消費量が1.3倍になる","7021:太极阴阳师（Lv7）","","3"
"7576","魔導科学防御力無視","魔法アビリティ","魔導科学で防御力を無視してダメージを与えるが、消費量が1.3倍になる","7040:禁忌科学者（Lv4）","","10","魔导科学防御力无视","魔法能力","魔導科学で防御力を無視してダメージを与えるが、消費量が1.3倍になる","7040:禁忌科学家（Lv4）","","3"
"7577","錬金術防御力無視","魔法アビリティ","錬金術で防御力を無視してダメージを与えるが、消費量が1.3倍になる","7041:トリスメギストス（Lv5）","","10","炼金术防御力无视","魔法能力","錬金術で防御力を無視してダメージを与えるが、消費量が1.3倍になる","7041:三重伟大（Lv5）","","3"
"7578","魔本術防御力無視","魔法アビリティ","魔本術で防御力を無視してダメージを与えるが、消費量が1.3倍になる","7042:アカシックレコード（Lv6）","","10","魔本术防御力无视","魔法能力","魔本術で防御力を無視してダメージを与えるが、消費量が1.3倍になる","7042:阿卡西记录（Lv6）","","3"
"7579","全魔法スキル防御力無視","魔法アビリティ","魔法スキルで防御力を無視してダメージを与えるが、消費量が1.3倍になる","","","20","所有魔法技能无视防御力","魔法能力","魔法スキルで防御力を無視してダメージを与えるが、消費量が1.3倍になる","","","3"
"7580","魔法連撃回数2アップ","魔法アビリティ","魔法連撃スキルのヒット数が2アップ","","157:ワームエンプレス（Lv16）","10","魔法连击次数增加2","魔法能力","魔法连击技能的命中次数增加2","","157:蠕虫女皇（Lv16）","3"
"7581","魔法連撃回数3アップ","魔法アビリティ","魔法連撃スキルのヒット数が3アップ","","7413:万魔の宿主（Lv8）","20","魔法连击次数增加3","魔法能力","魔法连击技能的命中次数增加3","","7413:万魔之宿主（Lv8）","3"
"7582","クロッシングヒール","魔法アビリティ","「白魔法」の威力が魔力に依存するようになる","47:賢者（Lv6）","162:神魔（Lv4）；196:ローレライ（Lv6）；321:慈愛の聖花（Lv5）","2","交叉治愈","魔法能力","「白魔法」的威力取决于魔力","47:贤者（Lv6）","162:神魔（Lv4）；196:罗蕾莱（Lv6）；321:慈爱的圣花（Lv5）","3"
"7583","テクニカルマギ","魔法アビリティ","攻撃魔法の威力が器用さに依存するようになる","48:森羅万象士（Lv7）","160:妖魔貴族（Lv6）；181:アークサキュバス（Lv6）；188:アークヴァンパイア（Lv5）；323:彼岸の魔花（Lv5）","4","技术魔法","魔法能力","攻击魔法的威力取决于灵巧","48:森罗万象士（Lv7）","160:妖魔贵族（Lv6）；181:大魅魔（Lv6）；188:大吸血鬼（Lv5）；323:彼岸的魔花（Lv5）","3"
"7584","アタックマギ","魔法アビリティ","攻撃魔法の威力が攻撃力に依存するようになる","8:マスターソーサラー（Lv8）","","4","攻击魔法","魔法能力","攻击魔法的威力取决于攻击力","8:奥法战士（Lv8）","","3"
"7585","ラピッドマギ","魔法アビリティ","攻撃魔法の威力が素早さに依存するようになる","27:フォースモンク（Lv9）","","4","快速魔法","魔法能力","攻击魔法的威力取决于敏捷","27:武僧（Lv9）","","3"
"7586","俊足時魔法","魔法アビリティ","「時魔法」の威力が素早さに依存する","","7422:時の神獣（Lv2）","2","敏捷时魔法","魔法能力","「时魔法」的威力取决于敏捷","","7422:时之神兽（Lv2）","3"
"7587","マジックサイコ","魔法アビリティ","サイコの威力が魔力に依存するようになる","","","2","魔法念动","魔法能力","念动的威力取决于魔力","","","3"
"7588","テクニカルサイコ","魔法アビリティ","サイコの威力が器用さに依存するようになる","","","2","技术念动","魔法能力","念动的威力取决于灵巧","","","3"
"7589","白魔法攻撃力半分付加","魔法アビリティ","白魔法の威力に攻撃力の半分を付加する","","202:伝説の神魚（Lv9）；7439:律法の守護者（Lv14）","10","白魔法附加一半的攻击力","魔法能力","白魔法の威力に攻撃力の半分を付加する","","202:传说之神鱼（Lv9）；7439:律法的守护者（Lv14）","3"
"7590","白魔法魔力半分付加","魔法アビリティ","白魔法の威力に魔力の半分を付加する","","202:伝説の神魚（Lv9）","10","白魔法附加一半的魔力","魔法能力","白魔法の威力に魔力の半分を付加する","","202:传说之神鱼（Lv9）","3"
"7591","黒魔法攻撃力半分付加","魔法アビリティ","黒魔法の威力に攻撃力の半分を付加する","","343:エターニティ（Lv10）","10","黑魔法附加一半的攻击力","魔法能力","黒魔法の威力に攻撃力の半分を付加する","","343:永恒（Lv10）","3"
"7592","黒魔法精神力半分付加","魔法アビリティ","黒魔法の威力に精神力の半分を付加する","7018:終焉魔導師（Lv11）","157:ワームエンプレス（Lv10）；7439:律法の守護者（Lv14）","10","黑魔法附加一半的精神力","魔法能力","黒魔法の威力に精神力の半分を付加する","7018:终焉魔导师（Lv11）","157:蠕虫女皇（Lv10）；7439:律法的守护者（Lv14）","3"
"7593","黒魔法器用さ半分付加","魔法アビリティ","黒魔法の威力に器用さの半分を付加する","","157:ワームエンプレス（Lv10）","10","黑魔法附加一半的灵巧","魔法能力","黒魔法の威力に器用さの半分を付加する","","157:蠕虫女皇（Lv10）","3"
"7594","時魔法攻撃力半分付加","魔法アビリティ","時魔法の威力に攻撃力の半分を付加する","","318:神蟲（Lv13）","10","时魔法附加一半的攻击力","魔法能力","時魔法の威力に攻撃力の半分を付加する","","318:神虫（Lv13）","3"
"7595","時魔法精神力半分付加","魔法アビリティ","時魔法の威力に精神力の半分を付加する","","7430:バアル・ゼブブ（Lv12）","10","时魔法附加一半的精神力","魔法能力","時魔法の威力に精神力の半分を付加する","","7430:巴力・西卜（Lv12）","3"
"7596","時魔法素早さ半分付加","魔法アビリティ","時魔法の威力に素早さの半分を付加する","","7422:時の神獣（Lv10）","10","时魔法附加一半的敏捷","魔法能力","時魔法の威力に素早さの半分を付加する","","7422:时之神兽（Lv10）","3"
"7597","召喚攻撃力半分付加","魔法アビリティ","召喚の威力に攻撃力の半分を付加する","","222:コスモフェアリー（Lv7）","10","召唤附加一半的攻击力","魔法能力","召喚の威力に攻撃力の半分を付加する","","222:宇宙妖精（Lv7）","3"
"7598","召喚精神力半分付加","魔法アビリティ","召喚の威力に精神力の半分を付加する","7020:混沌召喚士（Lv9）","","10","召唤附加一半的精神力","魔法能力","召喚の威力に精神力の半分を付加する","7020:混沌召唤士（Lv9）","","3"
"7599","召喚器用さ半分付加","魔法アビリティ","召喚の威力に器用さの半分を付加する","7044:究極魔芸師（Lv10）","","10","召唤附加一半的灵巧","魔法能力","召喚の威力に器用さの半分を付加する","7044:究极魔艺师（Lv10）","","3"
"7600","聖技攻撃力半分付加","魔法アビリティ","聖技の威力に攻撃力の半分を付加する","","370:熾天使（Lv13）；7440:天界決戦兵器（Lv10）","10","圣技附加一半的攻击力","魔法能力","聖技の威力に攻撃力の半分を付加する","","370:炽天使（Lv13）；7440:天界决战兵器（Lv10）","3"
"7601","聖技魔力半分付加","魔法アビリティ","聖技の威力に魔力の半分を付加する","7071:ジャッジメント（Lv10）","","10","圣技附加一半的魔力","魔法能力","聖技の威力に魔力の半分を付加する","7071:审判（Lv10）","","3"
"7602","闇技精神力半分付加","魔法アビリティ","闇技の威力に精神力の半分を付加する","7072:ワールドブレイカー（Lv10）","166:魔王（Lv9）","10","暗技附加一半的精神力","魔法能力","闇技の威力に精神力の半分を付加する","7072:世界破坏者（Lv10）","166:魔王（Lv9）","3"
"7603","闇技素早さ半分付加","魔法アビリティ","闇技の威力に素早さの半分を付加する","","7414:大魔王（Lv11）","10","暗技附加一半的敏捷","魔法能力","闇技の威力に素早さの半分を付加する","","7414:大魔王（Lv11）","3"
"7604","闇技器用さ半分付加","魔法アビリティ","闇技の威力に器用さの半分を付加する","","153:魔神（Lv7）","10","暗技附加一半的灵巧","魔法能力","闇技の威力に器用さの半分を付加する","","153:魔神（Lv7）","3"
"7605","陰陽術攻撃力半分付加","魔法アビリティ","陰陽術の威力に攻撃力の半分を付加する","","174:妖怪王（Lv7）","10","阴阳术附加一半的攻击力","魔法能力","陰陽術の威力に攻撃力の半分を付加する","","174:妖怪王（Lv7）","3"
"7606","陰陽術精神力半分付加","魔法アビリティ","陰陽術の威力に精神力の半分を付加する","","174:妖怪王（Lv7）","10","阴阳术附加一半的精神力","魔法能力","陰陽術の威力に精神力の半分を付加する","","174:妖怪王（Lv7）","3"
"7607","魔導科学精神力半分付加","魔法アビリティ","魔導科学の威力に精神力の半分を付加する","7040:禁忌科学者（Lv9）","","10","魔导科学附加一半的精神力","魔法能力","魔導科学の威力に精神力の半分を付加する","7040:禁忌科学家（Lv9）","","3"
"7608","魔本術精神力半分付加","魔法アビリティ","魔本術の威力に精神力の半分を付加する","","343:エターニティ（Lv10）","10","魔本术附加一半的精神力","魔法能力","魔本術の威力に精神力の半分を付加する","","343:永恒（Lv10）","3"
"7609","サイコ魔力半分付加","魔法アビリティ","サイコの威力に魔力の半分を付加する","7052:サイコトリニティ（Lv10）","","10","念动附加一半的魔力","魔法能力","サイコの威力に魔力の半分を付加する","7052:念动三位一体（Lv10）","","3"
"7610","サイコ素早さ半分付加","魔法アビリティ","サイコの威力に素早さの半分を付加する","7052:サイコトリニティ（Lv10）","","10","念动附加一半的敏捷","魔法能力","サイコの威力に素早さの半分を付加する","7052:念动三位一体（Lv10）","","3"
"7611","サイコ器用さ半分付加","魔法アビリティ","サイコの威力に器用さの半分を付加する","","183:リリスナイトメア（Lv13）","10","念动附加一半的灵巧","魔法能力","サイコの威力に器用さの半分を付加する","","183:莉莉丝梦魇（Lv13）","3"
"7612","白魔法頑強発動","魔法アビリティ","ターン中、状態異常・戦闘不能になっても白魔法が発動する
その代わり、消費MPとSPが30%アップする","","","15","白魔法顽强发动","魔法能力","回合中，即使处于异常状态或战斗不能，白魔法也会发动
作为代价，消耗的MP和SP增加30%","","","3"
"7613","黒魔法頑強発動","魔法アビリティ","ターン中、状態異常・戦闘不能になっても黒魔法が発動する
その代わり、消費MPとSPが30%アップする","","","15","黑魔法顽强发动","魔法能力","回合中，即使处于异常状态或战斗不能，黑魔法也会发动
作为代价，消耗的MP和SP增加30%","","","3"
"7614","時魔法頑強発動","魔法アビリティ","ターン中、状態異常・戦闘不能になっても時魔法が発動する
その代わり、消費MPとSPが30%アップする","","","15","时魔法顽强发动","魔法能力","回合中，即使处于异常状态或战斗不能，时魔法也会发动
作为代价，消耗的MP和SP增加30%","","","3"
"7615","召喚頑強発動","魔法アビリティ","ターン中、状態異常・戦闘不能になっても召喚が発動する
その代わり、消費MPとSPが30%アップする","7020:混沌召喚士（Lv7）","","15","召唤顽强发动","魔法能力","回合中，即使处于异常状态或战斗不能，召唤也会发动
作为代价，消耗的MP和SP增加30%","7020:混沌召唤士（Lv7）","","3"
"7616","聖技頑強発動","魔法アビリティ","ターン中、状態異常・戦闘不能になっても聖技が発動する
その代わり、消費MPとSPが30%アップする","7017:神の守護者（Lv13）","","15","圣技顽强发动","魔法能力","回合中，即使陷入异常状态或战斗不能，圣技也会发动
作为代价，消耗的MP和SP增加30%","7017:神之守护者（Lv13）","","3"
"7617","闇技頑強発動","魔法アビリティ","ターン中、状態異常・戦闘不能になっても闇技が発動する
その代わり、消費MPとSPが30%アップする","","","15","暗技顽强发动","魔法能力","回合中，即使陷入异常状态或战斗不能，暗技也会发动
作为代价，消耗的MP和SP增加30%","","","3"
"7618","魔法剣頑強発動","魔法アビリティ","ターン中、状態異常・戦闘不能になっても魔法剣が発動する
その代わり、消費MPとSPが30%アップする","","","15","魔法剑顽强发动","魔法能力","回合中，即使陷入异常状态或战斗不能，魔法剑也会发动
作为代价，消耗的MP和SP增加30%","","","3"
"7619","陰陽術頑強発動","魔法アビリティ","ターン中、状態異常・戦闘不能になっても陰陽術が発動する
その代わり、消費MPとSPが30%アップする","","","15","阴阳术顽强发动","魔法能力","回合中，即使陷入异常状态或战斗不能，阴阳术也会发动
作为代价，消耗的MP和SP增加30%","","","3"
"7620","魔導科学頑強発動","魔法アビリティ","ターン中、状態異常・戦闘不能になっても魔導科学が発動する
その代わり、消費MPとSPが30%アップする","","","15","魔导科学顽强发动","魔法能力","回合中，即使陷入异常状态或战斗不能，魔导科学也会发动
作为代价，消耗的MP和SP增加30%","","","3"
"7621","錬金術頑強発動","魔法アビリティ","ターン中、状態異常・戦闘不能になっても錬金術が発動する
その代わり、消費MPとSPが30%アップする","","","15","炼金术顽强发动","魔法能力","回合中，即使陷入异常状态或战斗不能，炼金术也会发动
作为代价，消耗的MP和SP增加30%","","","3"
"7622","魔本術頑強発動","魔法アビリティ","ターン中、状態異常・戦闘不能になっても魔本術が発動する
その代わり、消費MPとSPが30%アップする","","","15","魔本术顽强发动","魔法能力","回合中，即使陷入异常状态或战斗不能，魔本术也会发动
作为代价，消耗的MP和SP增加30%","","","3"
"7623","サイコ頑強発動","魔法アビリティ","ターン中、状態異常・戦闘不能になってもサイコが発動する
その代わり、消費MPとSPが30%アップする","7052:サイコトリニティ（Lv8）","","15","念动顽强发动","魔法能力","回合中，即使陷入异常状态或战斗不能，念动也会发动
作为代价，消耗的MP和SP增加30%","7052:念动三位一体（Lv8）","","3"
"7624","全魔法スキル頑強発動","魔法アビリティ","ターン中、状態異常・戦闘不能になっても魔法スキルが発動する
その代わり、消費MPとSPが30%アップする","","","25","所有魔法技能顽强发动","魔法能力","回合中，即使陷入异常状态或战斗不能，魔法技能也会发动
作为代价，消耗的MP和SP增加30%","","","3"
"7625","白魔法単体化","魔法アビリティ","白魔法の効果が単体化するが、威力が大幅にアップする","","","6","白魔法单体化","魔法能力","白魔法的效果变为单体化，但威力大幅提升","","","3"
"7626","黒魔法単体化","魔法アビリティ","黒魔法の効果が単体化するが、威力が大幅にアップする","7018:終焉魔導師（Lv7）","","6","黑魔法单体化","魔法能力","黑魔法的效果变为单体化，但威力大幅提升","7018:终焉魔导师（Lv7）","","3"
"7627","時魔法単体化","魔法アビリティ","時魔法の効果が単体化するが、威力が大幅にアップする","7019:銀河魔導師（Lv3）","","6","时魔法单体化","魔法能力","时魔法的效果变为单体化，但威力大幅提升","7019:银河魔导师（Lv3）","","3"
"7628","召喚単体化","魔法アビリティ","召喚の効果が単体化するが、威力が大幅にアップする","7020:混沌召喚士（Lv4）","","6","召唤单体化","魔法能力","召唤的效果变为单体化，但威力大幅提升","7020:混沌召唤士（Lv4）","","3"
"7629","聖技単体化","魔法アビリティ","聖技の効果が単体化するが、威力が大幅にアップする","","","6","圣技单体化","魔法能力","圣技的效果变为单体化，但威力大幅提升","","","3"
"7630","闇技単体化","魔法アビリティ","闇技の効果が単体化するが、威力が大幅にアップする","","","6","暗技单体化","魔法能力","暗技的效果变为单体化，但威力大幅提升","","","3"
"7631","陰陽術単体化","魔法アビリティ","陰陽術の効果が単体化するが、威力が大幅にアップする","7021:太極陰陽師（Lv3）","","6","阴阳术单体化","魔法能力","阴阳术的效果变为单体化，但威力大幅提升","7021:太极阴阳师（Lv3）","","3"
"7632","白魔法二連続発動","魔法アビリティ","白魔法が二回連続で発動、消費量が1.5倍になる","","","15","白魔法二連続発動","魔法能力","白魔法が二回連続で発動、消費量が1.5倍になる","","","3"
"7633","/白魔法三連続発動","魔法アビリティ","白魔法が三回連続で発動、消費量が1.5倍になる","","","25","/白魔法三連続発動","魔法能力","白魔法が三回連続で発動、消費量が1.5倍になる","","","3"
"7634","黒魔法二連続発動","魔法アビリティ","黒魔法が二回連続で発動、消費量が1.5倍になる","","","15","黒魔法二連続発動","魔法能力","黒魔法が二回連続で発動、消費量が1.5倍になる","","","3"
"7635","/黒魔法三連続発動","魔法アビリティ","黒魔法が三回連続で発動、消費量が1.5倍になる","","","25","/黒魔法三連続発動","魔法能力","黒魔法が三回連続で発動、消費量が1.5倍になる","","","3"
"7636","時魔法二連続発動","魔法アビリティ","時魔法が二回連続で発動、消費量が1.5倍になる","","","15","時魔法二連続発動","魔法能力","時魔法が二回連続で発動、消費量が1.5倍になる","","","3"
"7637","/時魔法三連続発動","魔法アビリティ","時魔法が三回連続で発動、消費量が1.5倍になる","","","25","/時魔法三連続発動","魔法能力","時魔法が三回連続で発動、消費量が1.5倍になる","","","3"
"7638","召喚二連続発動","魔法アビリティ","召喚が二回連続で発動、消費量が1.5倍になる","","","15","召喚二連続発動","魔法能力","召喚が二回連続で発動、消費量が1.5倍になる","","","3"
"7639","/召喚三連続発動","魔法アビリティ","召喚が三回連続で発動、消費量が1.5倍になる","","","25","/召喚三連続発動","魔法能力","召喚が三回連続で発動、消費量が1.5倍になる","","","3"
"7640","聖技二連続発動","魔法アビリティ","聖技が二回連続で発動、消費量が1.5倍になる","","","15","聖技二連続発動","魔法能力","聖技が二回連続で発動、消費量が1.5倍になる","","","3"
"7641","/聖技三連続発動","魔法アビリティ","聖技が三回連続で発動、消費量が1.5倍になる","","","25","/聖技三連続発動","魔法能力","聖技が三回連続で発動、消費量が1.5倍になる","","","3"
"7642","闇技二連続発動","魔法アビリティ","闇技が二回連続で発動、消費量が1.5倍になる","","","15","闇技二連続発動","魔法能力","闇技が二回連続で発動、消費量が1.5倍になる","","","3"
"7643","/闇技三連続発動","魔法アビリティ","闇技が三回連続で発動、消費量が1.5倍になる","","","25","/闇技三連続発動","魔法能力","闇技が三回連続で発動、消費量が1.5倍になる","","","3"
"7644","魔法剣二連続発動","魔法アビリティ","魔法剣が二回連続で発動、消費量が1.5倍になる","","","15","魔法剣二連続発動","魔法能力","魔法剣が二回連続で発動、消費量が1.5倍になる","","","3"
"7645","/魔法剣三連続発動","魔法アビリティ","魔法剣が三回連続で発動、消費量が1.5倍になる","","","25","/魔法剣三連続発動","魔法能力","魔法剣が三回連続で発動、消費量が1.5倍になる","","","3"
"7646","陰陽術二連続発動","魔法アビリティ","陰陽術が二回連続で発動、消費量が1.5倍になる","","","15","陰陽術二連続発動","魔法能力","陰陽術が二回連続で発動、消費量が1.5倍になる","","","3"
"7647","/陰陽術三連続発動","魔法アビリティ","陰陽術が三回連続で発動、消費量が1.5倍になる","","","25","/陰陽術三連続発動","魔法能力","陰陽術が三回連続で発動、消費量が1.5倍になる","","","3"
"7648","魔導科学二連続発動","魔法アビリティ","魔導科学が二回連続で発動、消費量が1.5倍になる","","","15","魔導科学二連続発動","魔法能力","魔導科学が二回連続で発動、消費量が1.5倍になる","","","3"
"7649","/魔導科学三連続発動","魔法アビリティ","魔導科学が三回連続で発動、消費量が1.5倍になる","","","25","/魔導科学三連続発動","魔法能力","魔導科学が三回連続で発動、消費量が1.5倍になる","","","3"
"7650","錬金術二連続発動","魔法アビリティ","錬金術が二回連続で発動、消費量が1.5倍になる","","","15","錬金術二連続発動","魔法能力","錬金術が二回連続で発動、消費量が1.5倍になる","","","3"
"7651","/錬金術三連続発動","魔法アビリティ","錬金術が三回連続で発動、消費量が1.5倍になる","","","25","/錬金術三連続発動","魔法能力","錬金術が三回連続で発動、消費量が1.5倍になる","","","3"
"7652","魔本術二連続発動","魔法アビリティ","魔本術が二回連続で発動、消費量が1.5倍になる","","","15","魔本術二連続発動","魔法能力","魔本術が二回連続で発動、消費量が1.5倍になる","","","3"
"7653","/魔本術三連続発動","魔法アビリティ","魔本術が三回連続で発動、消費量が1.5倍になる","","","25","/魔本術三連続発動","魔法能力","魔本術が三回連続で発動、消費量が1.5倍になる","","","3"
"7654","サイコ二連続発動","魔法アビリティ","サイコが二回連続で発動、消費量が1.5倍になる","","","15","サイコ二連続発動","魔法能力","サイコが二回連続で発動、消費量が1.5倍になる","","","3"
"7655","/サイコ三連続発動","魔法アビリティ","サイコが三回連続で発動、消費量が1.5倍になる","","","25","/サイコ三連続発動","魔法能力","サイコが三回連続で発動、消費量が1.5倍になる","","","3"
"7656","/魔法三連続発動","魔法アビリティ","魔法スキルが三回連続で発動、消費量が1.5倍になる","","","40","/魔法三連続発動","魔法能力","魔法スキルが三回連続で発動、消費量が1.5倍になる","","","3"
"7657","念の剣","魔法アビリティ","剣を装備していなくても剣技の威力が最大まで引き出せる","7001:エスパー（Lv7）","","1","念之剑","魔法能力","即使没有装备剑，剑技的威力也能发挥到最大","7001:超能力者（Lv7）","","3"
"7658","念の手袋","魔法アビリティ","淫具を装備していなくても淫技の威力が最大まで引き出せる","7001:エスパー（Lv7）","","1","念之手套","魔法能力","即使没有装备淫具，淫技的威力也能发挥到最大","7001:超能力者（Lv7）","","3"
"7659","洗礼の光","魔法アビリティ","戦闘開始時、洗礼の光が発動する","","","5","洗礼之光","魔法能力","战斗开始时，洗礼之光发动","","","3"
"7664","防御力75%アップ","防御アビリティ","防御力が75%アップする","7061:全テヲ護ル者（Lv3）","7424:淫欲の堕蛇（Lv3）；7428:次元侵蝕者（Lv3）；7430:バアル・ゼブブ（Lv3）；7446:星喰い（Lv7）","20","防御力提升75%","防御能力","防御力提升75%","7061:守护一切者（Lv3）","7424:淫欲的堕蛇（Lv3）；7428:次元侵蚀者（Lv3）；7430:巴力・西卜（Lv3）；7446:星喰（Lv7）","4"
"7665","防御力100%アップ","防御アビリティ","防御力が100%アップする","","7451:邪神（Lv7）","25","防御力提升100%","防御能力","防御力提升100%","","7451:邪神（Lv7）","4"
"7666","防御力150%アップ","防御アビリティ","防御力が150%アップする","7072:ワールドブレイカー（Lv7）","","30","防御力提升150%","防御能力","防御力提升150%","7072:世界破坏者（Lv7）","","4"
"7667","防御力200%アップ","防御アビリティ","防御力が200%アップする","7078:もんむす・くえすと！（Lv6）","","35","防御力提升200%","防御能力","防御力提升200%","7078:もんむす・くえすと！（Lv6）","","4"
"7668","/防御力300%アップ","防御アビリティ","防御力が300%アップする","","","20","/防御力300%アップ","防御能力","防御力提升300%","","","4"
"7669","精神力75%アップ","防御アビリティ","精神力が75%アップする","7024:アルティメット魔法少女（Lv3）；7061:全テヲ護ル者（Lv3）；7063:全テヲ識ル者（Lv3）；7067:快楽ヲ極メシ者（Lv3）；7080:全テヲ癒ス者（Lv3）","7418:ワールドドロウン（Lv3）；7424:淫欲の堕蛇（Lv3）；7431:千樹華音（Lv3）；7438:慈愛の聖百合（Lv3）；7439:律法の守護者（Lv3）","20","精神力提升75%","防御能力","精神力提升75%","7024:究极魔法少女（Lv3）；7061:守护一切者（Lv3）；7063:全知者（Lv3）；7067:极乐追求者（Lv3）；7080:全治愈者（Lv3）","7418:世界沉没者（Lv3）；7424:淫欲的堕蛇（Lv3）；7431:千树华音（Lv3）；7438:慈爱的圣百合（Lv3）；7439:律法的守护者（Lv3）","4"
"7670","精神力100%アップ","防御アビリティ","精神力が100%アップする","","7450:創世の女神（Lv7）","25","精神力提升100%","防御能力","精神力提升100%","","7450:创世女神（Lv7）","4"
"7671","精神力150%アップ","防御アビリティ","精神力が150%アップする","7071:ジャッジメント（Lv9）","","30","精神力提升150%","防御能力","精神力提升150%","7071:审判（Lv9）","","4"
"7672","精神力200%アップ","防御アビリティ","精神力が200%アップする","7078:もんむす・くえすと！（Lv8）","","35","精神力提升200%","防御能力","精神力提升200%","7078:もんむす・くえすと！（Lv8）","","4"
"7673","/精神力300%アップ","防御アビリティ","精神力が300%アップする","","","20","/精神力300%アップ","防御能力","精神力提升300%","","","4"
"7674","回避率50%","防御アビリティ","物理回避率が50%になる","","","20","回避率50%","防御能力","物理回避率增加50%","","","4"
"7675","回避率75%","防御アビリティ","物理回避率が75%になる","","","30","回避率75%","防御能力","物理回避率增加75%","","","4"
"7676","魔法回避率50%","防御アビリティ","魔法回避率が50%になる","","","20","魔法回避率50%","防御能力","魔法回避率增加50%","","","4"
"7677","魔法回避率75%","防御アビリティ","魔法回避率が75%になる","","","30","魔法回避率75%","防御能力","魔法回避率增加75%","","","4"
"7678","万能回避率10%","防御アビリティ","万能回避率が10%になる","","","10","万能回避率10%","防御能力","万能回避率增加10%","","","4"
"7679","万能回避率20%","防御アビリティ","万能回避率が20%になる","","","20","万能回避率20%","防御能力","万能回避率增加20%","","","4"
"7680","万能回避率30%","防御アビリティ","万能回避率が30%になる","","","30","万能回避率30%","防御能力","万能回避率增加30%","","","4"
"7681","万能回避率50%","防御アビリティ","万能回避率が50%になる","","","50","万能回避率50%","防御能力","万能回避率增加50%","","","4"
"7682","万能回避率75%","防御アビリティ","万能回避率が75%になる","","","75","万能回避率75%","防御能力","万能回避率增加75%","","","4"
"7683","完全万能回避","防御アビリティ","万能攻撃を完全に回避する","","","100","完全万能回避","防御能力","完全回避万能攻击","","","4"
"7684","物理反射10%","防御アビリティ","物理攻撃を10%の確率で反射する","7004:フェンサー（Lv4）；7006:妖術師（Lv7）","","8","物理反射10%","防御能力","物理攻击10%的概率反射","7004:剑术家（Lv4）；7006:妖术师（Lv7）","","4"
"7685","物理反射30%","防御アビリティ","物理攻撃を30%の確率で反射する","7005:ノーブルフェンサー（Lv4）；7007:異界妖術師（Lv7）","","12","物理反射30%","防御能力","物理攻击30%的概率反射","7005:高贵剑士（Lv4）；7007:异界妖术师（Lv7）","","4"
"7686","物理反射50%","防御アビリティ","物理攻撃を50%の確率で反射する","7053:ラストノーブル（Lv8）","","20","物理反射50%","防御能力","物理攻击50%的概率反射","7053:最后的贵族（Lv8）","","4"
"7687","物理反射75%","防御アビリティ","物理攻撃を75%の確率で反射する","","","35","物理反射75%","防御能力","物理攻击75%的概率反射","","","4"
"7688","物理反射100%","防御アビリティ","物理攻撃を100%の確率で反射する","","","50","物理反射100%","防御能力","物理攻击100%的概率反射","","","4"
"7689","魔法反射75%","防御アビリティ","魔法攻撃を75%の確率で反射する","","","35","魔法反射75%","防御能力","魔法攻击75%的概率反射","","","4"
"7690","物理・魔法反射50%","防御アビリティ","物理・魔法攻撃を50%の確率で反射する","7050:覇王（Lv8）","","30","物理・魔法反射50%","防御能力","物理・魔法攻击50%的概率反射","7050:霸王（Lv8）","","4"
"7691","万能反射10%","防御アビリティ","万能攻撃を10%の確率で反射する","","","10","万能反射10%","防御能力","万能攻击10%的概率反射","","","4"
"7692","万能反射30%","防御アビリティ","万能攻撃を30%の確率で反射する","","","30","万能反射30%","防御能力","万能攻击30%的概率反射","","","4"
"7693","万能反射50%","防御アビリティ","万能攻撃を50%の確率で反射する","","","50","万能反射50%","防御能力","万能攻击50%的概率反射","","","4"
"7694","万能反射75%","防御アビリティ","万能攻撃を75%の確率で反射する","","","75","万能反射75%","防御能力","万能攻击75%的概率反射","","","4"
"7695","万能反射100%","防御アビリティ","万能攻撃を必ず反射する","","","100","万能反射100%","防御能力","必定反射万能攻击","","","4"
"7696","反射ミニブースター","防御アビリティ","反射ダメージが1段階アップする","7004:フェンサー（Lv5）","","3","反射小增强","防御能力","反射伤害提升1级","7004:剑术家（Lv5）","","4"
"7697","反射ブースター","防御アビリティ","反射ダメージが2段階アップする","7005:ノーブルフェンサー（Lv5）","","6","反射增强","防御能力","反射伤害提升2级","7005:高贵剑士（Lv5）","","4"
"7698","反射ハイブースター","防御アビリティ","反射ダメージが3段階アップする","7053:ラストノーブル（Lv12）","","10","反射高级增强","防御能力","反射伤害提升3级","7053:最后的贵族（Lv12）","","4"
"7699","反射エクスブースター","防御アビリティ","反射ダメージが4段階アップする","7058:全テヲ穿ツ者（Lv4）","","15","反射极限增强","防御能力","反射伤害提升4级","7058:贯穿一切者（Lv4）","","4"
"7700","反射ゴッドブースター","防御アビリティ","反射ダメージが5段階アップする","7077:職無キ者（Lv4）","","20","反射神级增强","防御能力","反射伤害提升5级","7077:无职者（Lv4）","","4"
"7701","瀕死時物理耐性25%","防御アビリティ","瀕死時、受ける物理ダメージを1/4にする","","","3","濒死时物理耐性25%","防御能力","濒死时，受到的物理伤害减至1/4","","","4"
"7702","瀕死時完全物理耐性","防御アビリティ","瀕死時、受ける物理ダメージを無効化する","","","20","濒死时完全物理耐性","防御能力","濒死时，受到的物理伤害无效化","","","4"
"7703","瀕死時魔法耐性25%","防御アビリティ","瀕死時、受ける魔法ダメージを1/4にする","","","3","濒死时魔法耐性25%","防御能力","濒死时，受到的魔法伤害减至1/4","","","4"
"7704","瀕死時完全魔法耐性","防御アビリティ","瀕死時、受ける魔法ダメージを無効化する","","","20","濒死时完全魔法耐性","防御能力","濒死时，受到的魔法伤害无效化","","","4"
"7705","瀕死時万能耐性50%","防御アビリティ","瀕死時、受ける魔法ダメージを半分にする","","","30","濒死时万能耐性50%","防御能力","濒死时，受到的魔法伤害减半","","","4"
"7706","瀕死時万能耐性25%","防御アビリティ","瀕死時、受ける魔法ダメージを1/4にする","","","60","濒死时万能耐性25%","防御能力","濒死时，受到的魔法伤害减至1/4","","","4"
"7707","瀕死時完全万能耐性","防御アビリティ","瀕死時、受ける万能ダメージを無効化する","","","90","濒死时完全万能耐性","防御能力","濒死时，受到的万能伤害无效化","","","4"
"7708","ヘビィマインド","防御アビリティ","全魔法の消費MPが2倍になるが、精神力は1.5倍になる","7001:エスパー（Lv9）","","10","重精神","防御能力","全魔法の消費MPが2倍になるが、精神力は1.5倍になる","7001:超能力者（Lv9）","","4"
"7709","防御コンバーター","防御アビリティ","防御力と精神力が1.5倍になるが、他の能力値が半分になる","7008:シールドナイト（Lv9）","","10","防御转换器","防御能力","防御力と精神力が1.5倍になるが、他の能力値が半分になる","7008:盾骑士（Lv9）","","4"
"7710","特攻ダメージ半減","防御アビリティ","敵からの状態異常特攻・種族特攻ダメージを半減する","","193:ドラキュリーナ（Lv9）","5","特攻伤害减半","防御能力","敌人对状态异常特攻・种族特攻伤害减半","","193:德古莉娜（Lv9）","4"
"7711","特攻ダメージ無効","防御アビリティ","敵からの状態異常特攻・種族特攻ダメージを無効化する","","7417:神祖（Lv7）","10","特攻伤害无效","防御能力","敌人对状态异常特攻・种族特攻伤害无效化","","7417:神祖（Lv7）","4"
"7712","アルフの護り","防御アビリティ","同一ターン中に複数回攻撃を受けるほど被ダメージが減少する","","213:アルフ神族（Lv13）","10","亚尔夫的守护","防御能力","同一回合中受到多次攻击时，受到的伤害减少","","213:亚尔夫神族（Lv13）","4"
"7713","アンゴルモアの護り","防御アビリティ","同一ターン中に複数回攻撃を受けるほど被ダメージが大幅減少する","","7419:アンゴルモア（Lv16）","20","安哥尔摩亚的守护","防御能力","同一回合中受到多次攻击时，受到的伤害大幅减少","","7419:安哥尔摩亚（Lv16）","4"
"7714","回避竜剣","防御アビリティ","攻撃を回避した際に竜剣を発動する","7013:神竜の騎士（Lv7）","","5","回避龙剑","防御能力","回避攻击时发动龙剑","7013:神龙骑士（Lv7）","","4"
"7715","交錯する誘惑","防御アビリティ","攻撃を回避した際に魅惑のポーズを発動する","7039:QOBF（Lv6）","","8","交错的诱惑","防御能力","回避攻击时发动魅惑的姿势","7039:QOBF（Lv6）","","4"
"7716","スウェイハッスル","防御アビリティ","攻撃を回避した際にハッスルダンスを発動する","","282:神鳥（Lv7）","12","摇摆狂欢","防御能力","回避攻击时发动活力之舞","","282:神鸟（Lv7）","4"
"7717","スウェイフェニックス","防御アビリティ","攻撃を回避した際に真・不死鳥の踊りを発動する","","7426:フェニックス（Lv7）","15","摇摆凤凰","防御能力","回避攻击时发动真・不死鸟之舞","","7426:凤凰（Lv7）","4"
"7718","回避握手","防御アビリティ","攻撃を回避した際に「魅惑の握手」を発動する","7038:コズミックアイドル（Lv7）","","8","回避握手","防御能力","回避攻击时发动「魅惑的握手」","7038:宇宙偶像（Lv7）","","4"
"7719","守護者の祈り","防御アビリティ","戦闘不能の仲間がいるとターン終了時に復活させる事がある","7017:神の守護者（Lv14）","","20","守护者的祈祷","防御能力","有战斗不能的同伴时，回合结束时有几率复活","7017:神之守护者（Lv14）","","4"
"7720","リフレッシュ","防御アビリティ","状態異常を受けた際、ターン終了時に自動治療する","7034:ラストサバイバー（Lv12）","","15","刷新","防御能力","受到状态异常时，回合结束时自动治疗","7034:最后幸存者（Lv12）","","4"
"7721","オートクリア","防御アビリティ","能力低下状態の仲間がいると、ターン終了時に自動治療する","7022:永劫魔導師（Lv10）","","15","自动清除","防御能力","有状态降低的同伴时，回合结束时自动治疗","7022:永劫魔导师（Lv10）","","4"
"7722","サイコリフレッシュ","防御アビリティ","快楽状態異常の仲間がいると、ターン終了時に吸収し自己強化する","7052:サイコトリニティ（Lv12）","","15","念动刷新","防御能力","有快乐状态异常的同伴时，回合结束时吸收并自我强化","7052:念动三位一体（Lv12）","","4"
"7723","リープタイム","防御アビリティ","攻撃を受けそうになると、時間をスキップして無効化する事がある","7019:銀河魔導師（Lv10）","","10","跳跃时间","防御能力","攻击即将到来时，有时会跳过时间来无效化","7019:银河魔导师（Lv10）","","4"
"7724","シールドバッシュPG","防御アビリティ","20%の確率で物理攻撃を無効化して反撃する","7008:シールドナイト（Lv2）","","12","盾击PG","防御能力","20%的概率使物理攻击无效并反击","7008:盾骑士（Lv2）","","4"
"7725","シールドバッシュMG","防御アビリティ","20%の確率で魔法攻撃を無効化して反撃する","7009:キャプテンシールド（Lv2）","","12","盾击MG","防御能力","20%的概率使魔法攻击无效并反击","7009:盾队长（Lv2）","","4"
"7726","シールドバッシュPMG","防御アビリティ","20%の確率で物理・魔法攻撃を無効化して反撃する","7055:シールドヒーロー（Lv2）","","16","盾击PMG","防御能力","20%的概率使物理・魔法攻击无效并反击","7055:盾牌英雄（Lv2）","","4"
"7727","シールドバッシュ強化","防御アビリティ","シールドバッシュの威力を強化する","7055:シールドヒーロー（Lv9）","","4","盾击强化","防御能力","强化盾击的威力","7055:盾牌英雄（Lv9）","","4"
"7728","シールドバッシュ大強化","防御アビリティ","シールドバッシュの威力を大幅に強化する","7061:全テヲ護ル者（Lv10）","","8","盾击大幅强化","防御能力","大幅强化盾击的威力","7061:守护一切者（Lv10）","","4"
"7729","ファーストアッセンブル","防御アビリティ","戦闘開始時にシールドアッセンブルをランダム発動する","7055:シールドヒーロー（Lv7）","","20","初次集结","防御能力","战斗开始时随机发动盾牌集结","7055:盾牌英雄（Lv7）","","4"
"7730","シールドガード自動発動","防御アビリティ","ターン開始時にシールドガードをランダム発動する","7055:シールドヒーロー（Lv13）","","15","盾防御自动发动","防御能力","回合开始时随机发动盾防御","7055:盾牌英雄（Lv13）","","4"
"7731","シールドリフレクト自動発動","防御アビリティ","ターン開始時にシールドリフレクトをランダム発動する","7061:全テヲ護ル者（Lv4）","","20","盾反射自动发动","防御能力","回合开始时随机发动盾反射","7061:守护一切者（Lv4）","","4"
"7732","闇の衣","防御アビリティ","最初の2ターンのみ、闇の衣をまとい防御性能がアップする","","7417:神祖（Lv14）","15","暗之衣","防御能力","仅前两回合，披上暗之衣防御性能提升","","7417:神祖（Lv14）","4"
"7733","CIWS","防御アビリティ","敵の攻撃を遮断するカウンター攻撃を行う","","7406:近接型ロイド（Lv4）","6","CIWS","防御能力","进行阻挡敌人攻击的反击","","7406:近战型机器人（Lv4）","4"
"7734","アドバンスドCIWS","防御アビリティ","敵の攻撃を遮断するカウンター攻撃を行う","","7407:アサルトロイド（Lv4）","12","高级CIWS","防御能力","进行阻挡敌人攻击的反击","","7407:突击机器人（Lv4）","4"
"7735","ハイアドバンスドCIWS","防御アビリティ","敵の攻撃を遮断するカウンター攻撃を行う","","7443:アサルトバスター（Lv13）","15","超级CIWS","防御能力","进行阻挡敌人攻击的反击","","7443:突击破坏者（Lv13）","4"
"7736","オメガCIWS","防御アビリティ","敵の攻撃を遮断するカウンター攻撃を行う","","7444:シンギュラリティ（Lv13）","20","欧米伽CIWS","防御能力","进行阻挡敌人攻击的反击","","7444:奇点（Lv13）","4"
"7737","チタン装甲","防御アビリティ","戦闘開始から2ターン、被ダメージが半分になる","","7401:試作ロイド（Lv9）","5","钛装甲","防御能力","战斗开始后两回合，受到的伤害减半","","7401:试作型机器人（Lv9）","4"
"7738","フルシールド","防御アビリティ","戦闘開始から2ターン、被ダメージが1/4になる","","7406:近接型ロイド（Lv6）","10","全盾","防御能力","戦闘開始から2ターン、被ダメージが1/4になる","","7406:近战型机器人（Lv6）","4"
"7739","メガビームシールド","防御アビリティ","戦闘開始から2ターン、被ダメージが1/10になる","","7407:アサルトロイド（Lv6）","15","巨型光束盾","防御能力","戦闘開始から2ターン、被ダメージが1/10になる","","7407:突击机器人（Lv6）","4"
"7740","量子化","防御アビリティ","最初の1ターンのみ、敵からのダメージを受けない","","7403:ナノアンドロイド（Lv4）","15","量子化","防御能力","仅第一回合，不受敌人伤害","","7403:纳米仿生人（Lv4）","4"
"7741","完全量子化","防御アビリティ","最初の2ターンのみ、敵からのダメージを受けない","","7444:シンギュラリティ（Lv9）","25","完全量子化","防御能力","仅前两回合，不受敌人伤害","","7444:奇点（Lv9）","4"
"7742","サイコシールド","防御アビリティ","戦闘開始時に防御壁1枚を展開する","7001:エスパー（Lv6）","","20","念动盾","防御能力","战斗开始时展开一面防御墙","7001:超能力者（Lv6）","","4"
"7743","サイコアーマー","防御アビリティ","戦闘開始時に防御壁2枚を展開する","7002:ハイサイキック（Lv6）","","30","念动装甲","防御能力","战斗开始时展开2层防御壁","7002:高阶通灵者（Lv6）","","4"
"7744","ボスからのダメージ軽減15%","防御アビリティ","ボスから受けるダメージを15%軽減する","7055:シールドヒーロー（Lv14）","","15","减少15%来自BOSS的伤害","防御能力","减轻15%来自BOSS的伤害","7055:盾牌英雄（Lv14）","","4"
"7745","ボスからのダメージ軽減30%","防御アビリティ","ボスから受けるダメージを30%軽減する","7061:全テヲ護ル者（Lv17）","","30","减少30%来自BOSS的伤害","防御能力","减轻30%来自BOSS的伤害","7061:守护一切者（Lv17）","","4"
"7746","ボスからのダメージ軽減50%","防御アビリティ","ボスから受けるダメージを50%軽減する","7071:ジャッジメント（Lv14）","","50","减少50%来自BOSS的伤害","防御能力","减轻50%来自BOSS的伤害","7071:审判（Lv14）","","4"
"7747","/ボスからのダメージ軽減75%","防御アビリティ","ボスから受けるダメージを75%軽減する","","","35","/ボスからのダメージ軽減75%","防御能力","减轻75%来自BOSS的伤害","","","4"
"7748","銀河耐性75%","防御アビリティ","銀河属性のダメージを3/4にする","","222:コスモフェアリー（Lv4）；7447:X型アポトーシス（Lv4）","15","银河耐性75%","防御能力","银河属性的伤害降低至3/4","","222:宇宙妖精（Lv4）；7447:X型凋零者（Lv4）","4"
"7749","銀河耐性50%","防御アビリティ","銀河属性のダメージを半分にする","","222:コスモフェアリー（Lv18）；7447:X型アポトーシス（Lv17）","30","银河耐性50%","防御能力","银河属性的伤害减半","","222:宇宙妖精（Lv18）；7447:X型凋零者（Lv17）","4"
"7750","銀河耐性25%","防御アビリティ","銀河属性のダメージを1/4にする","","7420:コスモス（Lv4）；7448:XX型アポトーシス（Lv4）","40","银河耐性25%","防御能力","银河属性的伤害降低至1/4","","7420:宇宙神蝶（Lv4）；7448:XX型凋零者（Lv4）","4"
"7751","銀河無効","防御アビリティ","銀河属性のダメージを無効化する","","7420:コスモス（Lv14）；7448:XX型アポトーシス（Lv17）","50","银河无效","防御能力","银河属性的伤害无效化","","7420:宇宙神蝶（Lv14）；7448:XX型凋零者（Lv17）","4"
"7752","銀河吸収","防御アビリティ","銀河属性のダメージを吸収する","","7449:混沌の使徒（Lv17）；7452:第三の神（Lv14）","60","银河吸收","防御能力","吸收银河属性的伤害","","7449:混沌的使徒（Lv17）；7452:第三神（Lv14）","4"
"7753","銀河反射","防御アビリティ","銀河属性のダメージを反射する","7024:アルティメット魔法少女（Lv13）","","60","银河反射","防御能力","反射银河属性的伤害","7024:究极魔法少女（Lv13）","","4"
"7754","修羅耐性75%","防御アビリティ","修羅属性のダメージを3/4にする","","154:超魔神（Lv5）","15","修罗耐性75%","防御能力","修罗属性的伤害降低至3/4","","154:超魔神（Lv5）","4"
"7755","修羅耐性50%","防御アビリティ","修羅属性のダメージを半分にする","","154:超魔神（Lv16）","30","修罗耐性50%","防御能力","修罗属性的伤害减半","","154:超魔神（Lv16）","4"
"7756","修羅耐性25%","防御アビリティ","修羅属性のダメージを1/4にする","","7412:混沌の魔神（Lv4）","40","修罗耐性25%","防御能力","修罗属性的伤害降低至1/4","","7412:混沌的魔神（Lv4）","4"
"7757","修羅無効","防御アビリティ","修羅属性のダメージを無効化する","","7412:混沌の魔神（Lv18）","50","修罗无效","防御能力","修罗属性的伤害无效化","","7412:混沌的魔神（Lv18）","4"
"7758","修羅吸収","防御アビリティ","修羅属性のダメージを吸収する","","7452:第三の神（Lv16）","60","修罗吸收","防御能力","吸收修罗属性的伤害","","7452:第三神（Lv16）","4"
"7759","修羅反射","防御アビリティ","修羅属性のダメージを反射する","","","60","修罗反射","防御能力","反射修罗属性的伤害","","","4"
"7760","ナイトメア耐性75%","防御アビリティ","ナイトメア属性のダメージを3/4にする","","157:ワームエンプレス（Lv18）；183:リリスナイトメア（Lv4）；300:百魔の王（Lv18）","15","噩梦耐性75%","防御能力","噩梦属性的伤害降低至3/4","","157:蠕虫女皇（Lv18）；183:莉莉丝梦魇（Lv4）；300:百魔之王（Lv18）","4"
"7761","ナイトメア耐性50%","防御アビリティ","ナイトメア属性のダメージを半分にする","","183:リリスナイトメア（Lv18）；7413:万魔の宿主（Lv18）；7428:次元侵蝕者（Lv17）","30","噩梦耐性50%","防御能力","噩梦属性的伤害减半","","183:莉莉丝梦魇（Lv18）；7413:万魔之宿主（Lv18）；7428:次元侵蚀者（Lv17）","4"
"7762","ナイトメア耐性25%","防御アビリティ","ナイトメア属性のダメージを1/4にする","","7416:バビロンの大淫婦（Lv4）","40","噩梦耐性25%","防御能力","噩梦属性的伤害降低至1/4","","7416:巴比伦的大淫妇（Lv4）","4"
"7763","ナイトメア無効","防御アビリティ","ナイトメア属性のダメージを無効化する","","7416:バビロンの大淫婦（Lv18）","50","噩梦无效","防御能力","噩梦属性的伤害无效化","","7416:巴比伦的大淫妇（Lv18）","4"
"7764","ナイトメア吸収","防御アビリティ","ナイトメア属性のダメージを吸収する","","7452:第三の神（Lv16）","60","噩梦吸收","防御能力","吸收噩梦属性的伤害","","7452:第三神（Lv16）","4"
"7765","ナイトメア反射","防御アビリティ","ナイトメア属性のダメージを反射する","","","60","噩梦反射","防御能力","反射噩梦属性的伤害","","","4"
"7766","核熱耐性75%","防御アビリティ","核熱属性のダメージを3/4にする","","166:魔王（Lv4）","10","核热耐性75%","防御能力","核热属性的伤害降低至3/4","","166:魔王（Lv4）","4"
"7767","核熱耐性50%","防御アビリティ","核熱属性のダメージを半分にする","","166:魔王（Lv16）","20","核热耐性50%","防御能力","核热属性的伤害减半","","166:魔王（Lv16）","4"
"7768","核熱耐性25%","防御アビリティ","核熱属性のダメージを1/4にする","","7414:大魔王（Lv4）","25","核热耐性25%","防御能力","核热属性的伤害降低至1/4","","7414:大魔王（Lv4）","4"
"7769","核熱無効","防御アビリティ","核熱属性のダメージを無効化する","","7414:大魔王（Lv18）","30","核热无效","防御能力","核热属性的伤害无效化","","7414:大魔王（Lv18）","4"
"7770","核熱吸収","防御アビリティ","核熱属性のダメージを吸収する","","7426:フェニックス（Lv4）；7455:デウスエクスマキナ（Lv15）","40","核热吸收","防御能力","吸收核热属性的伤害","","7426:凤凰（Lv4）；7455:机械降神（Lv15）","4"
"7771","核熱反射","防御アビリティ","核熱属性のダメージを反射する","","","40","核热反射","防御能力","反射核热属性的伤害","","","4"
"7772","量子耐性75%","防御アビリティ","量子属性のダメージを3/4にする","","174:妖怪王（Lv4）","10","量子耐性75%","防御能力","量子属性的伤害降低至3/4","","174:妖怪王（Lv4）","4"
"7773","量子耐性50%","防御アビリティ","量子属性のダメージを半分にする","","174:妖怪王（Lv18）","20","量子耐性50%","防御能力","量子属性的伤害减半","","174:妖怪王（Lv18）","4"
"7774","量子耐性25%","防御アビリティ","量子属性のダメージを1/4にする","","7415:マガツオオミカミ（Lv3）","25","量子耐性25%","防御能力","量子属性的伤害降低至1/4","","7415:祸津大御神（Lv3）","4"
"7775","量子無効","防御アビリティ","量子属性のダメージを無効化する","","7415:マガツオオミカミ（Lv18）","30","量子无效","防御能力","量子属性的伤害无效化","","7415:祸津大御神（Lv18）","4"
"7776","量子吸収","防御アビリティ","量子属性のダメージを吸収する","","7455:デウスエクスマキナ（Lv16）","40","量子吸收","防御能力","吸收量子属性的伤害","","7455:机械降神（Lv16）","4"
"7777","量子反射","防御アビリティ","量子属性のダメージを反射する","","","40","量子反射","防御能力","反射量子属性的伤害","","","4"
"7778","イオン耐性75%","防御アビリティ","イオン属性のダメージを3/4にする","","193:ドラキュリーナ（Lv4）","10","离子耐性75%","防御能力","离子属性的伤害降低至3/4","","193:德古莉娜（Lv4）","4"
"7779","イオン耐性50%","防御アビリティ","イオン属性のダメージを半分にする","","193:ドラキュリーナ（Lv18）","20","离子耐性50%","防御能力","离子属性的伤害减半","","193:德古莉娜（Lv18）","4"
"7780","イオン耐性25%","防御アビリティ","イオン属性のダメージを1/4にする","","7417:神祖（Lv4）","25","离子耐性25%","防御能力","离子属性的伤害降低至1/4","","7417:神祖（Lv4）","4"
"7781","イオン無効","防御アビリティ","イオン属性のダメージを無効化する","","7417:神祖（Lv18）","30","离子无效","防御能力","离子属性的伤害无效化","","7417:神祖（Lv18）","4"
"7782","イオン吸収","防御アビリティ","イオン属性のダメージを吸収する","","7455:デウスエクスマキナ（Lv17）","40","离子吸收","防御能力","吸收离子属性的伤害","","7455:机械降神（Lv17）","4"
"7783","イオン反射","防御アビリティ","イオン属性のダメージを反射する","","","40","离子反射","防御能力","反射离子属性的伤害","","","4"
"7784","ハドロン耐性75%","防御アビリティ","ハドロン属性のダメージを3/4にする","","183:リリスナイトメア（Lv4）；213:アルフ神族（Lv6）；222:コスモフェアリー（Lv11）","10","强子耐性75%","防御能力","强子属性的伤害降低至3/4","","183:莉莉丝梦魇（Lv4）；213:亚尔夫神族（Lv6）；222:宇宙妖精（Lv11）","4"
"7785","ハドロン耐性50%","防御アビリティ","ハドロン属性のダメージを半分にする","","183:リリスナイトメア（Lv18）；7419:アンゴルモア（Lv12）；7420:コスモス（Lv6）","20","强子耐性50%","防御能力","强子属性的伤害减半","","183:莉莉丝梦魇（Lv18）；7419:安哥尔摩亚（Lv12）；7420:宇宙神蝶（Lv6）","4"
"7786","ハドロン耐性25%","防御アビリティ","ハドロン属性のダメージを1/4にする","","7416:バビロンの大淫婦（Lv4）；7420:コスモス（Lv18）","25","强子耐性25%","防御能力","强子属性的伤害降低至1/4","","7416:巴比伦的大淫妇（Lv4）；7420:宇宙神蝶（Lv18）","4"
"7787","ハドロン無効","防御アビリティ","ハドロン属性のダメージを無効化する","","7416:バビロンの大淫婦（Lv18）","30","强子无效","防御能力","强子属性的伤害无效化","","7416:巴比伦的大淫妇（Lv18）","4"
"7788","ハドロン吸収","防御アビリティ","ハドロン属性のダメージを吸収する","","7454:混沌の精霊（Lv17）","40","强子吸收","防御能力","吸收强子属性的伤害","","7454:混沌精灵（Lv17）","4"
"7789","ハドロン反射","防御アビリティ","ハドロン属性のダメージを反射する","","","40","强子反射","防御能力","反射强子属性的伤害","","","4"
"7790","テラ耐性75%","防御アビリティ","テラ属性のダメージを3/4にする","","213:アルフ神族（Lv11）；222:コスモフェアリー（Lv12）；253:零尾の狐（Lv4）","10","大地耐性75%","防御能力","大地属性的伤害降低至3/4","","213:亚尔夫神族（Lv11）；222:宇宙妖精（Lv12）；253:零尾之狐（Lv4）","4"
"7791","テラ耐性50%","防御アビリティ","テラ属性のダメージを半分にする","","253:零尾の狐（Lv18）；7419:アンゴルモア（Lv13）；7420:コスモス（Lv6）","20","大地耐性50%","防御能力","大地属性的伤害减半","","253:零尾之狐（Lv18）；7419:安哥尔摩亚（Lv13）；7420:宇宙神蝶（Lv6）","4"
"7792","テラ耐性25%","防御アビリティ","テラ属性のダメージを1/4にする","","7420:コスモス（Lv18）；7423:白面金毛九尾の狐（Lv4）","25","大地耐性25%","防御能力","大地属性的伤害降低至1/4","","7420:宇宙神蝶（Lv18）；7423:白面金毛九尾狐（Lv4）","4"
"7793","テラ無効","防御アビリティ","テラ属性のダメージを無効化する","","7423:白面金毛九尾の狐（Lv18）","30","大地无效","防御能力","大地属性的伤害无效化","","7423:白面金毛九尾狐（Lv18）","4"
"7794","テラ吸収","防御アビリティ","テラ属性のダメージを吸収する","","7454:混沌の精霊（Lv17）","40","大地吸收","防御能力","吸收大地属性的伤害","","7454:混沌精灵（Lv17）","4"
"7795","テラ反射","防御アビリティ","テラ属性のダメージを反射する","","","40","大地反射","防御能力","反射大地属性的伤害","","","4"
"7796","ナノ耐性75%","防御アビリティ","ナノ属性のダメージを3/4にする","","202:伝説の神魚（Lv4）；213:アルフ神族（Lv16）；222:コスモフェアリー（Lv13）；231:究極群体生命（Lv4）；308:海神（Lv4）","10","纳米耐性75%","防御能力","纳米属性的伤害降低至3/4","","202:传说之神鱼（Lv4）；213:亚尔夫神族（Lv16）；222:宇宙妖精（Lv13）；231:究极群体生命（Lv4）；308:海神（Lv4）","4"
"7797","ナノ耐性50%","防御アビリティ","ナノ属性のダメージを半分にする","","202:伝説の神魚（Lv18）；231:究極群体生命（Lv18）；308:海神（Lv18）；7419:アンゴルモア（Lv14）；7420:コスモス（Lv6）","20","纳米耐性50%","防御能力","纳米属性的伤害减半","","202:传说之神鱼（Lv18）；231:究极群体生命（Lv18）；308:海神（Lv18）；7419:安哥尔摩亚（Lv14）；7420:宇宙神蝶（Lv6）","4"
"7798","ナノ耐性25%","防御アビリティ","ナノ属性のダメージを1/4にする","","7418:ワールドドロウン（Lv4）；7420:コスモス（Lv18）；7421:カナデ（Lv4）；7429:名状しがたきもの（Lv4）","25","纳米耐性25%","防御能力","纳米属性的伤害降低至1/4","","7418:世界沉没者（Lv4）；7420:宇宙神蝶（Lv18）；7421:祸抚（Lv4）；7429:不可名状之物（Lv4）","4"
"7799","ナノ無効","防御アビリティ","ナノ属性のダメージを無効化する","","7418:ワールドドロウン（Lv18）；7421:カナデ（Lv18）；7429:名状しがたきもの（Lv18）","30","纳米无效","防御能力","纳米属性的伤害无效化","","7418:世界沉没者（Lv18）；7421:祸抚（Lv18）；7429:不可名状之物（Lv18）","4"
"7800","ナノ吸収","防御アビリティ","ナノ属性のダメージを吸収する","","7454:混沌の精霊（Lv17）","40","纳米吸收","防御能力","吸收纳米属性的伤害","","7454:混沌精灵（Lv17）","4"
"7801","ナノ反射","防御アビリティ","ナノ属性のダメージを反射する","","","40","纳米反射","防御能力","反射纳米属性的伤害","","","4"
"7802","永劫耐性75%","防御アビリティ","永劫属性のダメージを3/4にする","","370:熾天使（Lv6）","15","永劫耐性75%","防御能力","永劫属性的伤害降低至3/4","","370:炽天使（Lv6）","4"
"7803","永劫耐性50%","防御アビリティ","永劫属性のダメージを半分にする","","370:熾天使（Lv18）","30","永劫耐性50%","防御能力","永劫属性的伤害减半","","370:炽天使（Lv18）","4"
"7804","永劫耐性25%","防御アビリティ","永劫属性のダメージを1/4にする","","7436:天の軍団長（Lv4）；7437:明けの明星（Lv4）；7439:律法の守護者（Lv4）","40","永劫耐性25%","防御能力","永劫属性的伤害降低至1/4","","7436:天之军团长（Lv4）；7437:璀璨之明星（Lv4）；7439:律法的守护者（Lv4）","4"
"7805","永劫無効","防御アビリティ","永劫属性のダメージを無効化する","","7436:天の軍団長（Lv18）；7437:明けの明星（Lv18）；7439:律法の守護者（Lv18）","50","永劫无效","防御能力","永劫属性的伤害无效化","","7436:天之军团长（Lv18）；7437:璀璨之明星（Lv18）；7439:律法的守护者（Lv18）","4"
"7806","永劫吸収","防御アビリティ","永劫属性のダメージを吸収する","7071:ジャッジメント（Lv12）","","60","永劫吸收","防御能力","吸收永劫属性的伤害","7071:审判（Lv12）","","4"
"7807","永劫反射","防御アビリティ","永劫属性のダメージを反射する","","7450:創世の女神（Lv18）","60","永劫反射","防御能力","反射永劫属性的伤害","","7450:创世女神（Lv18）","4"
"7808","終焉耐性75%","防御アビリティ","終焉属性のダメージを3/4にする","","166:魔王（Lv4）","15","终焉耐性75%","防御能力","终焉属性的伤害降低至3/4","","166:魔王（Lv4）","4"
"7809","終焉耐性50%","防御アビリティ","終焉属性のダメージを半分にする","","166:魔王（Lv16）","30","终焉耐性50%","防御能力","终焉属性的伤害减半","","166:魔王（Lv16）","4"
"7810","終焉耐性25%","防御アビリティ","終焉属性のダメージを1/4にする","","7414:大魔王（Lv4）","40","终焉耐性25%","防御能力","终焉属性的伤害降低至1/4","","7414:大魔王（Lv4）","4"
"7811","終焉無効","防御アビリティ","終焉属性のダメージを無効化する","","7414:大魔王（Lv18）","50","终焉无效","防御能力","终焉属性的伤害无效化","","7414:大魔王（Lv18）","4"
"7812","終焉吸収","防御アビリティ","終焉属性のダメージを吸収する","7072:ワールドブレイカー（Lv12）","","60","终焉吸收","防御能力","吸收终焉属性的伤害","7072:世界破坏者（Lv12）","","4"
"7813","終焉反射","防御アビリティ","終焉属性のダメージを反射する","","7451:邪神（Lv18）","60","终焉反射","防御能力","反射终焉属性的伤害","","7451:邪神（Lv18）","4"
"7814","/ヌル耐性75%","防御アビリティ","ヌル属性のダメージを3/4にする","","","15","/ヌル耐性75%","防御能力","虚无属性的伤害降低至3/4","","","4"
"7815","/ヌル耐性50%","防御アビリティ","ヌル属性のダメージを半分にする","","","30","/ヌル耐性50%","防御能力","虚无属性的伤害减半","","","4"
"7816","/ヌル耐性25%","防御アビリティ","ヌル属性のダメージを1/4にする","","","35","/ヌル耐性25%","防御能力","虚无属性的伤害降低至1/4","","","4"
"7817","/ヌル無効","防御アビリティ","ヌル属性のダメージを無効化する","","","40","/ヌル無効","防御能力","虚无属性的伤害无效化","","","4"
"7818","/ヌル吸収","防御アビリティ","ヌル属性のダメージを吸収する","","","50","/ヌル吸収","防御能力","吸收虚无属性的伤害","","","4"
"7819","/ヌル反射","防御アビリティ","ヌル属性のダメージを反射する","","","50","/ヌル反射","防御能力","反射虚无属性的伤害","","","4"
"7820","快楽状態異常無効","防御アビリティ","快楽状態異常を無効化する","7039:QOBF（Lv4）","","8","快乐状态异常无效","防御能力","使快乐状态异常无效化","7039:QOBF（Lv4）","","4"
"7821","無謬の肉体","防御アビリティ","全状態異常と即死効果・能力低下効果を無効化する","","7412:混沌の魔神（Lv14）","40","无谬之肉体","防御能力","使所有状态异常和即死效果・能力降低效果无效化","","7412:混沌的魔神（Lv14）","4"
"7822","短剣技後ガード","防御アビリティ","短剣技の使用後、防御状態になる","","","10","短剑技后防御","防御能力","使用短剑技后，进入防御状态","","","4"
"7823","剣技後ガード","防御アビリティ","剣技の使用後、防御状態になる","","","10","剑技后防御","防御能力","使用剑技后，进入防御状态","","","4"
"7824","尖剣技後ガード","防御アビリティ","尖剣技の使用後、防御状態になる","","","10","尖剑技后防御","防御能力","使用尖剑技后，进入防御状态","","","4"
"7825","刀技後ガード","防御アビリティ","刀技の使用後、防御状態になる","","","10","刀技后防御","防御能力","使用刀技后，进入防御状态","","","4"
"7826","槍技後ガード","防御アビリティ","槍技の使用後、防御状態になる","","","10","枪技后防御","防御能力","使用枪技后，进入防御状态","","","4"
"7827","斧技後ガード","防御アビリティ","斧技の使用後、防御状態になる","","","10","斧技后防御","防御能力","使用斧技后，进入防御状态","","","4"
"7828","棍技後ガード","防御アビリティ","棍技の使用後、防御状態になる","","","10","棍技后防御","防御能力","棍技使用后，进入防御状态","","","4"
"7829","鎌技後ガード","防御アビリティ","鎌技の使用後、防御状態になる","","","10","镰技后防御","防御能力","镰技使用后，进入防御状态","","","4"
"7830","弓技後ガード","防御アビリティ","弓技の使用後、防御状態になる","","","10","弓技后防御","防御能力","弓技使用后，进入防御状态","","","4"
"7831","鞭技後ガード","防御アビリティ","鞭技の使用後、防御状態になる","","","10","鞭技后防御","防御能力","鞭技使用后，进入防御状态","","","4"
"7832","投擲技後ガード","防御アビリティ","投擲技の使用後、防御状態になる","7009:キャプテンシールド（Lv7）","","10","投掷技后防御","防御能力","投掷技使用后，进入防御状态","7009:盾队长（Lv7）","","4"
"7833","鉄球技後ガード","防御アビリティ","鉄球技の使用後、防御状態になる","","","10","铁球技后防御","防御能力","铁球技使用后，进入防御状态","","","4"
"7834","扇技後ガード","防御アビリティ","扇技の使用後、防御状態になる","","","10","扇技后防御","防御能力","扇技使用后，进入防御状态","","","4"
"7835","銃技後ガード","防御アビリティ","銃技の使用後、防御状態になる","","","10","铳技后防御","防御能力","铳技使用后，进入防御状态","","","4"
"7836","多武器技後ガード","防御アビリティ","多武器技の使用後、防御状態になる","","","10","多武器技后防御","防御能力","多武器技使用后，进入防御状态","","","4"
"7837","格闘後ガード","防御アビリティ","格闘の使用後、防御状態になる","","","10","格斗后防御","防御能力","格斗使用后，进入防御状态","","","4"
"7838","白魔法後ガード","防御アビリティ","白魔法の使用後、防御状態になる","","","10","白魔法后防御","防御能力","使用白魔法后，进入防御状态","","","4"
"7839","黒魔法後ガード","防御アビリティ","黒魔法の使用後、防御状態になる","","","10","黑魔法后防御","防御能力","使用黑魔法后，进入防御状态","","","4"
"7840","時魔法後ガード","防御アビリティ","時魔法の使用後、防御状態になる","","","10","时魔法后防御","防御能力","使用时魔法后，进入防御状态","","","4"
"7841","召喚後ガード","防御アビリティ","召喚の使用後、防御状態になる","","","10","召唤后防御","防御能力","使用召唤后，进入防御状态","","","4"
"7842","聖技後ガード","防御アビリティ","聖技の使用後、防御状態になる","","","10","圣技后防御","防御能力","使用圣技后，进入防御状态","","","4"
"7843","闇技後ガード","防御アビリティ","闇技の使用後、防御状態になる","","","10","暗技后防御","防御能力","使用暗技后，进入防御状态","","","4"
"7844","魔法剣後ガード","防御アビリティ","魔法剣の使用後、防御状態になる","","","10","魔法剑后防御","防御能力","使用魔法剑后，进入防御状态","","","4"
"7845","陰陽術後ガード","防御アビリティ","陰陽術の使用後、防御状態になる","","","10","阴阳术后防御","防御能力","使用阴阳术后，进入防御状态","","","4"
"7846","盗賊技後ガード","防御アビリティ","盗賊技の使用後、防御状態になる","","","10","盗贼技后防御","防御能力","使用盗贼技后，进入防御状态","","","4"
"7847","忍術後ガード","防御アビリティ","忍術の使用後、防御状態になる","","","10","忍术后防御","防御能力","使用忍术后，进入防御状态","","","4"
"7848","海賊技後ガード","防御アビリティ","海賊技の使用後、防御状態になる","7031:七海覇王（Lv7）","","10","海贼技后防御","防御能力","海贼技使用后，进入防御状态","7031:七海霸王（Lv7）","","4"
"7849","ヒーロー技後ガード","防御アビリティ","ヒーロー技の使用後、防御状態になる","","","10","英雄技后防御","防御能力","英雄技使用后，进入防御状态","","","4"
"7850","商技後ガード","防御アビリティ","商技の使用後、防御状態になる","","","10","商技后防御","防御能力","商技使用后，进入防御状态","","","4"
"7851","EXアイテム後ガード","防御アビリティ","EXアイテムの使用後、防御状態になる","","","10","EX物品后防御","防御能力","EX物品使用后，进入防御状态","","","4"
"7852","オラクル後ガード","防御アビリティ","オラクルの使用後、防御状態になる","","","10","神谕后防御","防御能力","神谕使用后，进入防御状态","","","4"
"7853","踊る後ガード","防御アビリティ","踊るの使用後、防御状態になる","","","10","舞蹈后防御","防御能力","舞蹈使用后，进入防御状态","","","4"
"7854","歌う後ガード","防御アビリティ","歌うの使用後、防御状態になる","","","10","歌唱后防御","防御能力","歌唱使用后，进入防御状态","","","4"
"7855","話す後ガード","防御アビリティ","話すの使用後、防御状態になる","","","10","交谈后防御","防御能力","交谈使用后，进入防御状态","","","4"
"7856","魔導科学後ガード","防御アビリティ","魔導科学の使用後、防御状態になる","","","10","魔导科学后防御","防御能力","魔导科学使用后，进入防御状态","","","4"
"7857","錬金術後ガード","防御アビリティ","錬金術の使用後、防御状態になる","","","10","炼金术后防御","防御能力","炼金术使用后，进入防御状态","","","4"
"7858","魔本術後ガード","防御アビリティ","魔本術の使用後、防御状態になる","","","10","魔本术后防御","防御能力","魔本术的使用后，进入防御状态","","","4"
"7859","マキナ後ガード","防御アビリティ","マキナの使用後、防御状態になる","","","10","器械后防御","防御能力","器械的使用后，进入防御状态","","","4"
"7860","料理後ガード","防御アビリティ","料理の使用後、防御状態になる","","","10","料理后防御","防御能力","料理的使用后，进入防御状态","","","4"
"7861","医術後ガード","防御アビリティ","医術の使用後、防御状態になる","","","10","医术后防御","防御能力","医术的使用后，进入防御状态","","","4"
"7862","御奉仕後ガード","防御アビリティ","御奉仕の使用後、防御状態になる","","","10","侍奉后防御","防御能力","侍奉的使用后，进入防御状态","","","4"
"7863","王技後ガード","防御アビリティ","王技の使用後、防御状態になる","","","10","王技后防御","防御能力","王技的使用后，进入防御状态","","","4"
"7864","勇者技後ガード","防御アビリティ","勇者技の使用後、防御状態になる","","","10","勇者技后防御","防御能力","勇者技的使用后，进入防御状态","","","4"
"7865","淫技後ガード","防御アビリティ","淫技の使用後、防御状態になる","","","10","淫技后防御","防御能力","淫技的使用后，进入防御状态","","","4"
"7866","魔技後ガード","防御アビリティ","魔技の使用後、防御状態になる","","","10","魔技后防御","防御能力","魔技的使用后，进入防御状态","","","4"
"7867","海技後ガード","防御アビリティ","海技の使用後、防御状態になる","","","10","海技后防御","防御能力","海技的使用后，进入防御状态","","","4"
"7868","粘液技後ガード","防御アビリティ","粘液技の使用後、防御状態になる","","","10","粘液技后防御","防御能力","使用粘液技后，进入防御状态","","","4"
"7869","獣技後ガード","防御アビリティ","獣技の使用後、防御状態になる","","","10","兽技后防御","防御能力","使用兽技后，进入防御状态","","","4"
"7870","蛇技後ガード","防御アビリティ","蛇技の使用後、防御状態になる","","","10","蛇技后防御","防御能力","使用蛇技后，进入防御状态","","","4"
"7871","触手技後ガード","防御アビリティ","触手技の使用後、防御状態になる","","","10","触手技后防御","防御能力","使用触手技后，进入防御状态","","","4"
"7872","翼技後ガード","防御アビリティ","翼技の使用後、防御状態になる","","","10","翼技后防御","防御能力","使用翼技后，进入防御状态","","","4"
"7873","虫技後ガード","防御アビリティ","虫技の使用後、防御状態になる","","","10","虫技后防御","防御能力","使用虫技后，进入防御状态","","","4"
"7874","植物技後ガード","防御アビリティ","植物技の使用後、防御状態になる","","","10","植物技后防御","防御能力","使用植物技后，进入防御状态","","","4"
"7875","屍技後ガード","防御アビリティ","屍技の使用後、防御状態になる","","","10","尸技后防御","防御能力","使用尸技后，进入防御状态","","","4"
"7876","造技後ガード","防御アビリティ","造技の使用後、防御状態になる","","","10","造技后防御","防御能力","使用造技后，进入防御状态","","","4"
"7877","自然感応後ガード","防御アビリティ","自然感応の使用後、防御状態になる","","","10","自然感应后防御","防御能力","使用自然感应后，进入防御状态","","","4"
"7878","ブレス後ガード","防御アビリティ","ブレスの使用後、防御状態になる","","","10","吐息后防御","防御能力","使用吐息后，进入防御状态","","","4"
"7879","特技後ガード","防御アビリティ","特技の使用後、防御状態になる","","","10","特技后防御","防御能力","使用特技后，进入防御状态","","","4"
"7880","装備武器後ガード","防御アビリティ","装備武器の使用後、防御状態になる","","","10","装备武器后防御","防御能力","使用装备武器后，进入防御状态","","","4"
"7881","サイコ後ガード","防御アビリティ","サイコの使用後、防御状態になる","","","10","念动后防御","防御能力","使用念动后，进入防御状态","","","4"
"7882","妖術後ガード","防御アビリティ","妖術の使用後、防御状態になる","","","10","妖术后防御","防御能力","使用妖术后，进入防御状态","","","4"
"7883","巨技後ガード","防御アビリティ","巨技の使用後、防御状態になる","","","10","巨技后防御","防御能力","使用巨技后，进入防御状态","","","4"
"7884","全武技スキル後ガード","防御アビリティ","武技スキルの使用後、防御状態になる","7061:全テヲ護ル者（Lv15）；7078:もんむす・くえすと！（Lv15）","","25","全武技技能后防御","防御能力","使用武技技能后，进入防御状态","7061:守护一切者（Lv15）；7078:もんむす・くえすと！（Lv15）","","4"
"7885","全職技スキル後ガード","防御アビリティ","職技スキルの使用後、防御状態になる","7069:万職ヲ極メシ仕事人（Lv12）","","25","全职技技能后防御","防御能力","使用职业技能后，进入防御状态","7069:万职极尽的工匠（Lv12）","","4"
"7886","全魔法スキル後ガード","防御アビリティ","魔法スキルの使用後、防御状態になる","","7413:万魔の宿主（Lv14）","25","所有魔法技能后防御","防御能力","使用魔法技能后，进入防御状态","","7413:万魔之宿主（Lv14）","4"
"7887","全魔物スキル後ガード","防御アビリティ","全魔物スキルの使用後、防御状態になる","","7435:オメガタイプ（Lv14）","25","全魔物技能后防御","防御能力","使用全魔物技能后，进入防御状态","","7435:欧米伽之型（Lv14）","4"
"7893","最大HP・MP・SP10%アップ","特殊アビリティ","最大HP・MP・SPが10%アップする","143:光の勇者（Lv4）；144:闇の勇者（Lv4）","","5","最大HP・MP・SP提升10%","特殊能力","最大HP・MP・SP提升10%","143:光之勇者（Lv4）；144:暗之勇者（Lv4）","","5"
"7894","最大HP・MP・SP20%アップ","特殊アビリティ","最大HP・MP・SPが20%アップする","7050:覇王（Lv3）；7051:混沌の勇者（Lv3）","","10","最大HP・MP・SP提升20%","特殊能力","最大HP・MP・SP提升20%","7050:霸王（Lv3）；7051:混沌的勇者（Lv3）","","5"
"7895","最大HP・MP・SP30%アップ","特殊アビリティ","最大HP・MP・SPが30%アップする","7070:英雄王（Lv12）","","15","最大HP・MP・SP提升30%","特殊能力","最大HP・MP・SP提升30%","7070:英雄王（Lv12）","","5"
"7896","最大HP・MP・SP40%アップ","特殊アビリティ","最大HP・MP・SPが40%アップする","7077:職無キ者（Lv14）","","20","最大HP・MP・SP提升40%","特殊能力","最大HP・MP・SP提升40%","7077:无职者（Lv14）","","5"
"7897","最大HP・MP・SP50%アップ","特殊アビリティ","最大HP・MP・SPが50%アップする","","7453:カオス（Lv3）","30","最大HP・MP・SP提升50%","特殊能力","最大HP・MP・SP提升50%","","7453:混沌（Lv3）","5"
"7898","最大HP・MP・SP75%アップ","特殊アビリティ","最大HP・MP・SPが75%アップする","7078:もんむす・くえすと！（Lv16）","","40","最大HP・MP・SP提升75%","特殊能力","最大HP・MP・SP提升75%","7078:もんむす・くえすと！（Lv16）","","5"
"7899","/最大HP・MP・SP100%アップ","特殊アビリティ","最大HP・MP・SPが100%アップする","","","6","/最大HP・MP・SP100%アップ","特殊能力","最大HP・MP・SP提升100%","","","5"
"7900","全能力値10%アップ","特殊アビリティ","全能力値が10%アップする","7049:オールジョブラウンダー（Lv3）","7447:X型アポトーシス（Lv3）","5","全能力值提升10%","特殊能力","全能力值提升10%","7049:全能职业者（Lv3）","7447:X型凋零者（Lv3）","5"
"7901","全能力値20%アップ","特殊アビリティ","全能力値が20%アップする","7069:万職ヲ極メシ仕事人（Lv3）","153:魔神（Lv3）；7448:XX型アポトーシス（Lv3）","10","全能力值提升20%","特殊能力","全能力值提升20%","7069:万职极尽的工匠（Lv3）","153:魔神（Lv3）；7448:XX型凋零者（Lv3）","5"
"7902","全能力値30%アップ","特殊アビリティ","全能力値が30%アップする","","154:超魔神（Lv3）；7449:混沌の使徒（Lv3）","15","全能力值提升30%","特殊能力","全能力值提升30%","","154:超魔神（Lv3）；7449:混沌的使徒（Lv3）","5"
"7903","全能力値40%アップ","特殊アビリティ","全能力値が40%アップする","7077:職無キ者（Lv15）","7412:混沌の魔神（Lv3）","20","全能力值提升40%","特殊能力","全能力值提升40%","7077:无职者（Lv15）","7412:混沌的魔神（Lv3）","5"
"7904","全能力値50%アップ","特殊アビリティ","全能力値が50%アップする","","7453:カオス（Lv4）","30","全能力值提升50%","特殊能力","全能力值提升50%","","7453:混沌（Lv4）","5"
"7905","全能力値75%アップ","特殊アビリティ","全能力値が75%アップする","7078:もんむす・くえすと！（Lv17）","","40","全能力值提升75%","特殊能力","全能力值提升75%","7078:もんむす・くえすと！（Lv17）","","5"
"7906","/全能力値100%アップ","特殊アビリティ","全能力値が100%アップする","","","6","/全能力値100%アップ","特殊能力","全能力值提升100%","","","5"
"7907","毎ターンHP50%回復","特殊アビリティ","ターンごとにHPが50%回復する","7070:英雄王（Lv6）","7421:カナデ（Lv11）","50","每回合HP恢复50%","特殊能力","每回合HP恢复50%","7070:英雄王（Lv6）","7421:祸抚（Lv11）","5"
"7908","毎ターンHP75%回復","特殊アビリティ","ターンごとにHPが75%回復する","","","75","每回合HP恢复75%","特殊能力","每回合HP恢复75%","","","5"
"7909","毎ターンMP15%回復","特殊アビリティ","ターンごとにMPが15%回復する","7063:全テヲ識ル者（Lv6）","222:コスモフェアリー（Lv8）；7413:万魔の宿主（Lv7）","40","每回合MP恢复15%","特殊能力","每回合MP恢复15%","7063:全知者（Lv6）","222:宇宙妖精（Lv8）；7413:万魔之宿主（Lv7）","5"
"7910","毎ターンMP25%回復","特殊アビリティ","ターンごとにMPが25%回復する","","","50","每回合MP恢复25%","特殊能力","每回合MP恢复25%","","","5"
"7911","毎ターンMP50%回復","特殊アビリティ","ターンごとにMPが50%回復する","","","60","每回合MP恢复50%","特殊能力","每回合MP恢复50%","","","5"
"7912","毎ターンMP75%回復","特殊アビリティ","ターンごとにMPが75%回復する","","","75","每回合MP恢复75%","特殊能力","每回合MP恢复75%","","","5"
"7913","毎ターンSP50%回復","特殊アビリティ","ターンごとにSPが50%回復する","7070:英雄王（Lv6）","7423:白面金毛九尾の狐（Lv13）","50","每回合SP恢复50%","特殊能力","每回合SP恢复50%","7070:英雄王（Lv6）","7423:白面金毛九尾狐（Lv13）","5"
"7914","毎ターンSP75%回復","特殊アビリティ","ターンごとにSPが75%回復する","","","75","每回合SP恢复75%","特殊能力","每回合SP恢复75%","","","5"
"7915","一刀の誇り","特殊アビリティ","武器を一本だけ装備している際、付加能力を含む装備効果がアップする
攻撃力と防御力が少しだけ上昇","7011:究極剣士（Lv8）","","10","一刀的骄傲","特殊能力","仅装备一把武器时，包括附加能力的装备效果提升
攻击力和防御力略有提升","7011:究极剑士（Lv8）","","5"
"7916","一刀の極み","特殊アビリティ","武器を一本だけ装備している際、付加能力を含む装備効果が大幅にアップする
攻撃力と防御力が少しだけ上昇","7057:剣ヲ極メシ者（Lv11）","","15","一刀的极致","特殊能力","仅装备一把武器时，包括附加能力的装备效果大幅提升
攻击力和防御力略有提升","7057:剑之极致者（Lv11）","","5"
"7917","二刀流","特殊アビリティ","武器を両手に装備できる","31:バトルエンペラー（Lv6）；66:極忍（Lv8）","173:阿修羅（Lv7）；190:クノイチナイトメア（Lv7）；269:天下無双スキュラ（Lv9）；7405:バスターロイド（Lv6）；7407:アサルトロイド（Lv7）","12","二刀流","特殊能力","可以双手装备武器","31:战斗皇帝（Lv6）；66:极忍（Lv8）","173:阿修罗（Lv7）；190:女忍噩梦（Lv7）；269:天下无双斯库拉（Lv9）；7405:破坏者机器人（Lv6）；7407:突击机器人（Lv7）","5"
"7918","二刀流強化","特殊アビリティ","二刀流時、付加能力を含む装備効果がアップする","7030:忍神（Lv12）","","10","二刀流强化","特殊能力","二刀流时，包括附加能力的装备效果提升","7030:忍神（Lv12）","","5"
"7919","二刀流超強化","特殊アビリティ","二刀流時、付加能力を含む装備効果が大幅にアップする","7065:音ヨリモ速キ者（Lv10）","","15","二刀流超强化","特殊能力","二刀流时，包括附加能力的装备效果大幅提升","7065:超音速者（Lv10）","","5"
"7920","三刀流","特殊アビリティ","両手とアクセサリに武器を装備できるようになる","7028:パーフェクトアームズ（Lv5）","","18","三刀流","特殊能力","可以双手和饰品装备武器","7028:完美武器（Lv5）","","5"
"7921","三刀流強化","特殊アビリティ","三刀流時、付加能力を含む装備効果がアップする","7028:パーフェクトアームズ（Lv14）","","10","三刀流强化","特殊能力","三刀流时，包括附加能力的装备效果提升","7028:完美武器（Lv14）","","5"
"7922","三刀流超強化","特殊アビリティ","三刀流時、付加能力を含む装備効果が大幅にアップする","7062:千ノ武具ヲ極メシ者（Lv14）","","15","三刀流超强化","特殊能力","三刀流时，包含附加能力的装备效果大幅提升","7062:千种武具之极致者（Lv14）","","5"
"7923","ダブルシールド","特殊アビリティ","盾を両手に装備でき、投擲技の威力が防御力に依存する","7009:キャプテンシールド（Lv9）","","12","双盾","特殊能力","可以双手装备盾，投掷技能的威力取决于防御力","7009:盾队长（Lv9）","","5"
"7924","ダブルシールド強化","特殊アビリティ","ダブルシールド時の防御力アップ効果が強化される","7055:シールドヒーロー（Lv10）","","10","双盾强化","特殊能力","双盾时的防御力提升效果得到强化","7055:盾牌英雄（Lv10）","","5"
"7925","ダブルシールド超強化","特殊アビリティ","ダブルシールド時の防御力アップ効果が大幅に強化される","7061:全テヲ護ル者（Lv8）","","15","双盾超强化","特殊能力","双盾时的防御力提升效果大幅强化","7061:守护一切者（Lv8）","","5"
"7926","HPコンバーター","特殊アビリティ","最大HPが1.5倍になるが、最大MPとSPが半分になる","7017:神の守護者（Lv3）","","10","HP转换器","特殊能力","最大HPが1.5倍になるが、最大MPとSPが半分になる","7017:神之守护者（Lv3）","","5"
"7927","MPコンバーター","特殊アビリティ","最大MPが1.5倍になるが、最大SPが半分になる","7052:サイコトリニティ（Lv6）","","10","MP转换器","特殊能力","最大MPが1.5倍になるが、最大SPが半分になる","7052:念动三位一体（Lv6）","","5"
"7928","SPコンバーター","特殊アビリティ","最大SPが1.5倍になるが、最大MPが半分になる","7052:サイコトリニティ（Lv6）","","10","SP转换器","特殊能力","最大SPが1.5倍になるが、最大MPが半分になる","7052:念动三位一体（Lv6）","","5"
"7929","ヒーローコンバーター","特殊アビリティ","HP・MP・SPが1.5倍になるが、防御力と精神力が半分になる","7032:エクセルシオール（Lv6）","","10","英雄转换器","特殊能力","HP・MP・SPが1.5倍になるが、防御力と精神力が半分になる","7032:破界英雄（Lv6）","","5"
"7930","SPチャージ5倍","特殊アビリティ","SPの回復量が5倍になる","7077:職無キ者（Lv9）","","25","SP充能5倍","特殊能力","SP恢复量变为5倍","7077:无职者（Lv9）","","5"
"7931","最終薬効","特殊アビリティ","回復アイテムの効果が10倍になる","7069:万職ヲ極メシ仕事人（Lv3）","","20","最终药效","特殊能力","恢复道具的效果变为10倍","7069:万职极尽的工匠（Lv3）","","5"
"7932","/最終代謝","特殊アビリティ","回復魔法やアイテムを受けた時の効果が10倍になる","","","12","/最終代謝","特殊能力","受到恢复魔法或道具时的效果变为10倍","","","5"
"7933","極アピール","特殊アビリティ","戦闘時、敵に狙われる確率が極端に上がる","7036:舞踏神（Lv3）","282:神鳥（Lv4）","5","极吸引","特殊能力","战斗时，被敌人盯上的概率极端上升","7036:舞蹈神（Lv3）","282:神鸟（Lv4）","5"
"7934","極ハインド","特殊アビリティ","戦闘時、敵に狙われる確率が極端に下がる","7037:歌唱神（Lv3）","343:エターニティ（Lv6）","5","极回避","特殊能力","战斗时，被敌人盯上的概率极端下降","7037:歌唱神（Lv3）","343:永恒（Lv6）","5"
"7935","不滅の肉体","特殊アビリティ","毎ターン自動的に復活する","","7432:ノーライフキング（Lv20）；7441:死の獄卒（Lv20）","50","不灭之躯","特殊能力","每回合自动复活","","7432:无生之王（Lv20）；7441:死之狱卒（Lv20）","5"
"7936","反生命存在","特殊アビリティ","HPが0でも戦闘不能にならない
ただし、このキャラのみが残ると全滅判定になる","","","70","反生命存在","特殊能力","HP为0也不会战斗不能
但只有此角色存活时会判定为全灭","","","5"
"7937","サポートターン延長","特殊アビリティ","仲間や自分に与えた能力値アップ効果の持続ターンが増加する","7022:永劫魔導師（Lv7）","202:伝説の神魚（Lv11）","8","支援回合延长","特殊能力","给予同伴或自己的能力值提升效果的持续回合增加","7022:永劫魔导师（Lv7）","202:传说之神鱼（Lv11）","5"
"7938","サポートターン超延長","特殊アビリティ","仲間や自分に与えた能力値アップ効果の持続ターンが大幅に増加する","7023:ソーサラースプリーム（Lv5）","7418:ワールドドロウン（Lv7）","16","支援回合超延长","特殊能力","给予同伴或自己的能力值提升效果的持续回合大幅增加","7023:至高魔法师（Lv5）","7418:世界沉没者（Lv7）","5"
"7939","サポートターン永続","特殊アビリティ","仲間や自分に与えた能力値アップ効果が永続する","7080:全テヲ癒ス者（Lv5）","","24","支援回合永久","特殊能力","给予同伴或自己的能力值提升效果永久持续","7080:全治愈者（Lv5）","","5"
"7940","MP代替消費100%","特殊アビリティ","SPが枯渇した際、SPの代わりに10倍のMPを消費してスキル発動可能","","157:ワームエンプレス（Lv14）","3","MP替代消耗100%","特殊能力","SP枯竭时，消耗10倍MP代替SP发动技能","","157:蠕虫女皇（Lv14）","5"
"7941","MP代替消費50%","特殊アビリティ","SPが枯渇した際、SPの代わりに5倍のMPを消費してスキル発動可能","","7413:万魔の宿主（Lv17）","5","MP替代消耗50%","特殊能力","当SP耗尽时，可以用5倍的MP代替SP来发动技能","","7413:万魔之宿主（Lv17）","5"
"7942","戦闘開始時SP超過","特殊アビリティ","戦闘開始時の初期SPが最大値の130%になる","7031:七海覇王（Lv3）","174:妖怪王（Lv10）","25","战斗开始时SP超额","特殊能力","战斗开始时的初始SP最大值增加130%","7031:七海霸王（Lv3）","174:妖怪王（Lv10）","5"
"7943","戦闘開始時SP大超過","特殊アビリティ","戦闘開始時の初期SPが最大値の150%になる","7070:英雄王（Lv11）","7415:マガツオオミカミ（Lv11）","30","战斗开始时SP大超额","特殊能力","战斗开始时的初始SP最大值增加150%","7070:英雄王（Lv11）","7415:祸津大御神（Lv11）","5"
"7944","/戦闘開始時SP極超過","特殊アビリティ","戦闘開始時の初期SPが最大値の200%になる","","","40","/戦闘開始時SP極超過","特殊能力","战斗开始时的初始SP最大值增加200%","","","5"
"7945","魔物技SPバースト","特殊アビリティ","SPの残量が多いほど魔物技の威力がアップする","7054:禁忌妖術師（Lv12）","","5","魔物技SP爆发","特殊能力","SP剩余越多，魔物技的威力越大","7054:禁忌妖术师（Lv12）","","5"
"7946","魔物技SPハイバースト","特殊アビリティ","SPの残量が多いほど魔物技の威力が大アップする","7077:職無キ者（Lv5）","","10","魔物技SP超级爆发","特殊能力","SP剩余越多，魔物技的威力大幅提升","7077:无职者（Lv5）","","5"
"7947","自爆ブースト","特殊アビリティ","自爆技の威力がアップする","7017:神の守護者（Lv9）","231:究極群体生命（Lv11）","5","自爆增强","特殊能力","自爆技能的威力提升","7017:神之守护者（Lv9）","231:究极群体生命（Lv11）","5"
"7948","自爆超ブースト","特殊アビリティ","自爆技の威力が大幅にアップする","7061:全テヲ護ル者（Lv7）","7421:カナデ（Lv6）","10","自爆超级增强","特殊能力","自爆技能的威力大幅提升","7061:守护一切者（Lv7）","7421:祸抚（Lv6）","5"
"7949","/自爆極ブースト","特殊アビリティ","自爆技の威力が極大アップする","","","12","/自爆極ブースト","特殊能力","自爆技能的威力极大提升","","","5"
"7950","体力低下時魔物技強化","特殊アビリティ","体力が低いほど全魔物技の威力がアップする","","361:ウェポンタイプ（Lv12）","5","体力降低时魔物技强化","特殊能力","体力越低，所有魔物技的威力越高","","361:武器类型（Lv12）","5"
"7951","体力低下時魔物技超強化","特殊アビリティ","体力が低いほど全魔物技の威力が大幅にアップする","","7435:オメガタイプ（Lv13）","10","体力降低时魔物技超强化","特殊能力","体力越低，所有魔物技的威力大幅提升","","7435:欧米伽之型（Lv13）","5"
"7952","孤勢の陣","特殊アビリティ","敵単体時、全魔物技の威力が15%アップする","7054:禁忌妖術師（Lv5）","","5","孤势之阵","特殊能力","敌人为单体时，所有魔物技的威力提升15%","7054:禁忌妖术师（Lv5）","","5"
"7953","孤勢の闇陣","特殊アビリティ","敵単体時、全魔物技の威力が30%アップする","","308:海神（Lv7）","10","孤势之暗阵","特殊能力","敌人为单体时，所有魔物技的威力提升30%","","308:海神（Lv7）","5"
"7954","真・孤勢の闇陣","特殊アビリティ","敵単体時、全魔物技の威力が50%アップする","","7429:名状しがたきもの（Lv9）","15","真・孤势之暗阵","特殊能力","敌人为单体时，所有魔物技的威力提升50%","","7429:不可名状之物（Lv9）","5"
"7955","多勢の陣","特殊アビリティ","敵複数時、全魔物技の威力が15%アップする","7054:禁忌妖術師（Lv6）","","5","多势之阵","特殊能力","敌人为复数时，所有魔物技的威力提升15%","7054:禁忌妖术师（Lv6）","","5"
"7956","多勢の闇陣","特殊アビリティ","敵複数時、全魔物技の威力が30%アップする","","300:百魔の王（Lv14）","10","多势之暗阵","特殊能力","敌人为复数时，所有魔物技的威力提升30%","","300:百魔之王（Lv14）","5"
"7957","真・多勢の闇陣","特殊アビリティ","敵複数時、全魔物技の威力が50%アップする","","7428:次元侵蝕者（Lv10）","15","真・多势之暗阵","特殊能力","敌人为复数时，所有魔物技的威力提升50%","","7428:次元侵蚀者（Lv10）","5"
"7958","クリティカルスライム","特殊アビリティ","粘液技でヌルヌル状態の敵への特攻ダメージが大幅アップ","","231:究極群体生命（Lv2）","2","致命史莱姆","特殊能力","粘液技对黏滑状态的敌人特攻伤害大幅提升","","231:究极群体生命（Lv2）","5"
"7959","クリティカルラミア","特殊アビリティ","蛇技で拘束状態の敵への特攻ダメージが大幅アップ","","264:ウロボロス（Lv6）","2","致命拉米亚","特殊能力","蛇技对拘束状态的敌人特攻伤害大幅提升","","264:衔尾蛇（Lv6）","5"
"7960","クリティカルプラント","特殊アビリティ","植物技で毒・混乱・麻痺状態の敵への特攻ダメージが大幅アップ","","327:世界樹花（Lv2）","2","致命植物","特殊能力","植物技对中毒・混乱・麻痹状态的敌人特攻伤害大幅提升","","327:世界树之花（Lv2）","5"
"7961","クリティカルデッド","特殊アビリティ","屍技で毒・ゾンビ状態の敵への特攻ダメージが大幅アップ","","335:カオスアンデッド（Lv4）","2","致命死灵","特殊能力","尸技对中毒・僵尸状态的敌人特攻伤害大幅提升","","335:混沌不死族（Lv4）","5"
"7962","クリティカルゴースト","特殊アビリティ","屍技で混乱・睡眠状態の敵への特攻ダメージが大幅アップ","","343:エターニティ（Lv4）","2","致命幽灵","特殊能力","尸技对混乱・睡眠状态的敌人特攻伤害大幅提升","","343:永恒（Lv4）","5"
"7963","クリティカルウェポン","特殊アビリティ","造技でショック・フリーズ・バーン状態の敵への特攻ダメージが大幅アップ","","7443:アサルトバスター（Lv6）","2","致命武器","特殊能力","造技对电击・冻结・燃烧状态的敌人特攻伤害大幅提升","","7443:突击破坏者（Lv6）","5"
"7964","闇への傾倒","特殊アビリティ","魔技で闇穢状態の敵に特攻が発生する","","166:魔王（Lv6）","2","向黑暗倾斜","特殊能力","魔技对处于暗秽状态的敌人发动特攻","","166:魔王（Lv6）","5"
"7965","滅びの海難","特殊アビリティ","海技で暗闇・沈黙・混乱状態の敵に特攻が発生する","","7429:名状しがたきもの（Lv2）","2","毁灭的海难","特殊能力","海技对处于黑暗・沉默・混乱状态的敌人发动特攻","","7429:不可名状之物（Lv2）","5"
"7966","快楽反応スライム","特殊アビリティ","粘液技で快楽状態異常の敵に特攻が発生する","","231:究極群体生命（Lv8）","2","快乐反应史莱姆","特殊能力","粘液技对快乐状态异常的敌人特攻发生","","231:究极群体生命（Lv8）","5"
"7967","智略の獣暴","特殊アビリティ","獣技で毒・沈黙・混乱・麻痺・睡眠状態の敵に特攻が発生する","","253:零尾の狐（Lv5）","2","智略的兽暴","特殊能力","兽技对处于中毒・沉默・混乱・麻痹・睡眠状态的敌人发动特攻","","253:零尾之狐（Lv5）","5"
"7968","マーベルドール","特殊アビリティ","造技で敏感・恍惚・誘惑・失禁状態の敵に特攻が発生する","","353:究極至高人形（Lv4）","2","玛贝尔人偶","特殊能力","造技对处于敏感・恍惚・诱惑・失禁状态的敌人发动特攻","","353:究极至高人偶（Lv4）","5"
"7969","バリアントインパクト","特殊アビリティ","巨技でスタン状態の敵に特攻が発生する","","7446:星喰い（Lv9）","2","变异冲击","特殊能力","巨技对处于眩晕状态的敌人发动特攻","","7446:星喰（Lv9）","5"
"7970","科学的対処","特殊アビリティ","棍技・魔導科学・医術でフリーズ・ゾンビ状態の敵に特攻が発生する","","335:カオスアンデッド（Lv11）","2","科学应对","特殊能力","棍技・魔导科学・医术对处于冻结・僵尸状态的敌人发动特攻","","335:混沌不死族（Lv11）","5"
"7971","天軍の技能","特殊アビリティ","剣技・槍技・聖技で妖魔に特攻ダメージを与える","","7436:天の軍団長（Lv7）","2","天军技能","特殊能力","剑技・枪技・圣技对妖魔造成特攻伤害","","7436:天之军团长（Lv7）","5"
"7972","堕天の技能","特殊アビリティ","弓技・黒魔法・聖技で天使に特攻ダメージを与える","","7437:明けの明星（Lv7）","2","堕天技能","特殊能力","弓技・黑魔法・圣技对天使造成特攻伤害","","7437:璀璨之明星（Lv7）","5"
"7973","ミカエラの裁き","特殊アビリティ","剣技・槍技で聖痕状態の敵に特攻が発生する","","7436:天の軍団長（Lv9）","2","米迦艾拉的裁决","特殊能力","剑技・枪技对处于圣痕状态的敌人发动特攻","","7436:天之军团长（Lv9）","5"
"7974","ルシフィナの裁き","特殊アビリティ","弓技・黒魔法で聖痕状態の敵に特攻が発生する","","7437:明けの明星（Lv9）","2","路西菲娜的裁决","特殊能力","弓技・黑魔法对处于圣痕状态的敌人发动特攻","","7437:璀璨之明星（Lv9）","5"
"7975","ガブリエラの裁き","特殊アビリティ","鞭技・植物技で聖痕状態の敵に特攻が発生する","","7438:慈愛の聖百合（Lv9）","2","加百艾拉的裁决","特殊能力","鞭技・植物技对处于圣痕状态的敌人发动特攻","","7438:慈爱的圣百合（Lv9）","5"
"7976","ラファエラの裁き","特殊アビリティ","黒魔法・淫技で聖痕状態の敵に特攻が発生する","","7439:律法の守護者（Lv9）","2","拉斐艾拉的裁决","特殊能力","黑魔法・淫技对处于圣痕状态的敌人发动特攻","","7439:律法的守护者（Lv9）","5"
"7977","ウリエラの裁き","特殊アビリティ","格闘・マキナで聖痕状態の敵に特攻が発生する","","7440:天界決戦兵器（Lv9）","2","乌列艾拉的裁决","特殊能力","格斗・器械对处于圣痕状态的敌人发动特攻","","7440:天界决战兵器（Lv9）","5"
"7978","サリエラの裁き","特殊アビリティ","鎌技・屍技で聖痕状態の敵に特攻が発生する","","7441:死の獄卒（Lv9）","2","沙利艾拉的裁决","特殊能力","镰技・尸技对处于圣痕状态的敌人发动特攻","","7441:死之狱卒（Lv9）","5"
"7979","双子天使の裁き","特殊アビリティ","弓技・銃技・造技で聖痕状態の敵に特攻が発生する","","7442:核動力天使（Lv9）","2","双子天使的裁决","特殊能力","弓技・铳技・造技对处于圣痕状态的敌人发动特攻","","7442:核动力天使（Lv9）","5"
"7980","天使を滅ぼす魔技","特殊アビリティ","魔技で天使に特攻ダメージを与える","","7417:神祖（Lv6）","2","灭天使的魔技","特殊能力","魔技对天使造成特攻伤害","","7417:神祖（Lv6）","5"
"7981","陸への敵対種","特殊アビリティ","海技・触手技で陸棲種に特攻ダメージを与える","","7429:名状しがたきもの（Lv4）","2","陆地的敌对种","特殊能力","海技・触手技对陆栖种造成特攻伤害","","7429:不可名状之物（Lv4）","5"
"7982","海への敵対種","特殊アビリティ","粘液技・ブレスで海棲種に特攻ダメージを与える","","7428:次元侵蝕者（Lv2）","2","海洋的敌对种","特殊能力","粘液技・吐息对海栖种造成特攻伤害","","7428:次元侵蚀者（Lv2）","5"
"7983","触手殺しの蛇技","特殊アビリティ","蛇技でスキュラに特攻ダメージを与える","","264:ウロボロス（Lv7）","2","触手杀手的蛇技","特殊能力","蛇技对斯库拉造成特攻伤害","","264:衔尾蛇（Lv7）","5"
"7984","蛇殺しの触手","特殊アビリティ","触手技でラミアに特攻ダメージを与える","","273:インフィニティスキュラ（Lv7）","2","蛇杀手的触手","特殊能力","触手技对拉米亚造成特攻伤害","","273:无限斯库拉（Lv7）","5"
"7985","植物殺しの虫技","特殊アビリティ","虫技で植物に特攻ダメージを与える","","318:神蟲（Lv4）","2","植物杀手的虫技","特殊能力","虫技对植物造成特攻伤害","","318:神虫（Lv4）","5"
"7986","虫殺しの植物技","特殊アビリティ","植物技で虫に特攻ダメージを与える","","327:世界樹花（Lv4）","2","虫杀手的植物技","特殊能力","植物技对虫造成特攻伤害","","327:世界树之花（Lv4）","5"
"7987","破邪の屍技","特殊アビリティ","屍技で妖魔に特攻ダメージを与える","","7441:死の獄卒（Lv7）","2","破邪的尸技","特殊能力","尸技对妖魔造成特攻伤害","","7441:死之狱卒（Lv7）","5"
"7988","不浄","特殊アビリティ","屍技で天使に特攻ダメージを与える","","7432:ノーライフキング（Lv4）；7433:死神（Lv7）","2","不净","特殊能力","尸技对天使造成特攻伤害","","7432:无生之王（Lv4）；7433:死神（Lv7）","5"
"7989","対天使機構","特殊アビリティ","造技で天使に特攻ダメージを与える","","7435:オメガタイプ（Lv7）","2","对天使机构","特殊能力","造技对天使造成特攻伤害","","7435:欧米伽之型（Lv7）","5"
"7990","被造物破壊処置","特殊アビリティ","造技でキメラ・ロイドに特攻ダメージを与える","","7444:シンギュラリティ（Lv6）","2","被造物破坏处置","特殊能力","造技对奇美拉・机器人造成特攻伤害","","7444:奇点（Lv6）","5"
"7991","対カオス兵器","特殊アビリティ","造技でアポトーシスに特攻ダメージを与える","","7434:影、紬ぐ人形（Lv2）","2","对混沌兵器","特殊能力","造技对凋零者造成特攻伤害","","7434:影、䌷人偶（Lv2）","5"
"7992","巨人対抗処置","特殊アビリティ","マキナ・造技で巨人に特攻ダメージを与える","","7444:シンギュラリティ（Lv7）","2","巨人对抗处置","特殊能力","器械・造技对巨人造成特攻伤害","","7444:奇点（Lv7）","5"
"7993","キメラ殺しのブレス","特殊アビリティ","ブレスでキメラに特攻ダメージを与える","","7427:虚竜（Lv4）","2","奇美拉杀手的吐息","特殊能力","吐息对奇美拉造成特攻伤害","","7427:虚龙（Lv4）","5"
"7994","星を貪る巨人","特殊アビリティ","巨技でエルフ・フェアリーに特攻ダメージを与える","","7446:星喰い（Lv14）","2","贪星巨人","特殊能力","巨技对精灵・妖精造成特攻伤害","","7446:星喰（Lv14）","5"
"7995","ヌルヌルの触手","特殊アビリティ","触手技にヌルヌル効果を付加する","","157:ワームエンプレス（Lv6）","2","黏滑的触手","特殊能力","触手技附加黏滑效果","","157:蠕虫女皇（Lv6）","5"
"7996","感染屍技","特殊アビリティ","屍技にフリーズ・ストップ・ゾンビ・即死効果を付加する","","7432:ノーライフキング（Lv2）","2","感染尸技","特殊能力","尸技附加冻结・停止・僵尸・即死效果","","7432:无生之王（Lv2）","5"
"7997","怨念屍技","特殊アビリティ","屍技に沈黙・混乱・睡眠効果を付加する","","7433:死神（Lv4）","2","怨念尸技","特殊能力","尸技附加沉默・混乱・睡眠效果","","7433:死神（Lv4）","5"
"7998","弱体感応","特殊アビリティ","自然感応スキルに応じた弱体効果を付加する","","213:アルフ神族（Lv5）","2","弱化感应","特殊能力","根据自然感应技能附加弱化效果","","213:亚尔夫神族（Lv5）","5"
"7999","苛烈なるブレス","特殊アビリティ","ブレスのバーン・フリーズ・ショック発生率が大幅にアップする","","291:神竜（Lv6）","2","苛烈吐息","特殊能力","吐息的燃烧・冻结・电击发生率大幅提升","","291:神龙（Lv6）","5"
"8000","ジャイアントインパクト","特殊アビリティ","巨技にスタン効果を付加する","","7445:巨神王（Lv6）","2","巨人冲击","特殊能力","巨技附加眩晕效果","","7445:巨神王（Lv6）","5"
"8001","帯電放射","特殊アビリティ","剣技・銃技・マキナ・ブレスにショック効果を付加する","","361:ウェポンタイプ（Lv8）；7443:アサルトバスター（Lv9）","2","带电放射","特殊能力","剑技・铳技・器械・吐息附加电击效果","","361:武器类型（Lv8）；7443:突击破坏者（Lv9）","5"
"8002","天国技巧","特殊アビリティ","淫技・サイコに拘束・敏感・恍惚・誘惑・失禁・絶頂効果を付加する","7067:快楽ヲ極メシ者（Lv4）","","5","天堂技巧","特殊能力","淫技・念动附加拘束・敏感・恍惚・诱惑・失禁・绝顶效果","7067:极乐追求者（Lv4）","","5"
"8003","次元侵蝕技","特殊アビリティ","全魔物技に毒・暗闇・ヌルヌル効果を付加する","","7428:次元侵蝕者（Lv4）","3","次元侵蚀技","特殊能力","全魔物技附加中毒・黑暗・黏滑效果","","7428:次元侵蚀者（Lv4）","5"
"8004","宇宙的恐怖","特殊アビリティ","全魔物技に暗闇・沈黙・混乱効果を付加する","","7429:名状しがたきもの（Lv7）","3","宇宙的恐怖","特殊能力","全魔物技附加黑暗・沉默・混乱效果","","7429:不可名状之物（Lv7）","5"
"8005","魔神の肉体","特殊アビリティ","聖痕・闇穢になると全能力がアップする","","154:超魔神（Lv12）","5","魔神之躯","特殊能力","圣痕・暗秽状态下全能力提升","","154:超魔神（Lv12）","5"
"8006","魔神の憤怒","特殊アビリティ","状態異常になると全能力がアップする","","7412:混沌の魔神（Lv12）","10","魔神之愤怒","特殊能力","异常状态下全能力提升","","7412:混沌的魔神（Lv12）","5"
"8007","バッドトリップ","特殊アビリティ","快楽状態異常になると全能力がアップする","","7413:万魔の宿主（Lv11）","5","坏旅行","特殊能力","快乐异常状态下全能力提升","","7413:万魔之宿主（Lv11）","5"
"8008","侵蝕粘液の眷属","特殊アビリティ","ヌルヌル状態になると全能力がアップする","","300:百魔の王（Lv13）","5","侵蚀粘液的眷属","特殊能力","黏滑状态下全能力提升","","300:百魔之王（Lv13）","5"
"8009","時間停止時能力アップ","特殊アビリティ","時間停止スキル発動時、全能力がアップする","","7412:混沌の魔神（Lv7）","5","时间停止时能力提升","特殊能力","时间停止技能发动时，全能力提升","","7412:混沌的魔神（Lv7）","5"
"8010","カナデフルライフ","特殊アビリティ","最初の3ターン、HPがターンごとに全回復する","","7421:カナデ（Lv13）","20","祸抚全生命","特殊能力","最初的3回合，HP每回合全恢复","","7421:祸抚（Lv13）","5"
"8011","不言の覚醒","特殊アビリティ","常に沈黙状態になるが武技の威力がアップする","","335:カオスアンデッド（Lv12）","5","不言的觉醒","特殊能力","常处于沉默状态，但武技威力提升","","335:混沌不死族（Lv12）","5"
"8012","不見の覚醒","特殊アビリティ","常に暗闇状態になるが白魔法・黒魔法・時魔法・召喚・陰陽術の威力がアップする","","343:エターニティ（Lv14）","5","不见的觉醒","特殊能力","常处于黑暗状态，但白魔法・黑魔法・时魔法・召唤术・阴阳术的威力提升","","343:永恒（Lv14）","5"
"8013","核動力","特殊アビリティ","毎ターンSPが全回復するが、5ターン目以降は能力が大幅低下","","7442:核動力天使（Lv2）","15","核动力","特殊能力","每回合SP全恢复，但第5回合后能力大幅降低","","7442:核动力天使（Lv2）","5"
"8014","/瀕死時三回行動","特殊アビリティ","瀕死時、1ターンに3回行動できる","","","20","/瀕死時三回行動","特殊能力","濒死时，1回合内可行动3次","","","5"
"8015","/瀕死時四回行動","特殊アビリティ","瀕死時、1ターンに4回行動できる","","","10","/瀕死時四回行動","特殊能力","濒死时，1回合内可行动4次","","","5"
"8016","/四回行動","特殊アビリティ","1ターンに4回行動できる","","","50","/四回行動","特殊能力","1回合内可行动4次","","","5"
"8017","盗賊神の心得","特殊アビリティ","不意打ち無効・先制攻撃率アップ・プラチナ宝箱解錠可能になる","7029:盗神（Lv6）","","1","盗贼神的心得","特殊能力","偷袭无效・先制攻击率提升・可解锁铂金宝箱","7029:盗神（Lv6）","","5"
"8018","ラーニング","特殊アビリティ","ラーニング可能になる","7007:異界妖術師（Lv10）","","5","学习","特殊能力","可习得妖术","7007:异界妖术师（Lv10）","","5"
"8019","鎌技状態異常率アップ","特殊アビリティ","鎌技使用時のステータス異常発生率がアップする","","","10","镰技状态异常率提升","特殊能力","使用镰技时状态异常发生率提升","","","5"
"8020","鞭技状態異常率アップ","特殊アビリティ","鞭技使用時のステータス異常発生率がアップする","","","10","鞭技状态异常率提升","特殊能力","使用鞭技时状态异常发生率提升","","","5"
"8021","黒魔法状態異常率アップ","特殊アビリティ","黒魔法使用時のステータス異常発生率がアップする","","","10","黑魔法状态异常率提升","特殊能力","使用黑魔法时状态异常发生率提升","","","5"
"8022","時魔法状態異常率アップ","特殊アビリティ","時魔法使用時のステータス異常発生率がアップする","","","10","时魔法状态异常率提升","特殊能力","使用时魔法时状态异常发生率提升","","","5"
"8023","陰陽術状態異常率アップ","特殊アビリティ","陰陽術使用時のステータス異常発生率がアップする","","","10","阴阳术状态异常率提升","特殊能力","使用阴阳术时状态异常发生率提升","","","5"
"8024","話す状態異常率アップ","特殊アビリティ","話す使用時のステータス異常発生率がアップする","","","10","交谈状态异常率提升","特殊能力","使用交谈时状态异常发生率提升","","","5"
"8025","医術状態異常率アップ","特殊アビリティ","医術使用時のステータス異常発生率がアップする","","","10","医术状态异常率提升","特殊能力","使用医术时状态异常发生率提升","","","5"
"8026","鱗粉状態異常率アップ","特殊アビリティ","鱗粉使用時のステータス異常発生率がアップする","","","10","鳞粉状态异常率提升","特殊能力","使用鳞粉时状态异常发生率提升","","","5"
"8027","ブレス状態異常率アップ","特殊アビリティ","ブレス使用時のステータス異常発生率がアップする","","","10","吐息状态异常率提升","特殊能力","使用吐息时状态异常发生率提升","","","5"
"8028","魔技オーバーブースター","特殊アビリティ","「魔技」によるダメージと消費MP・SPが2倍になる
※同系統のブースターと同時セット可能","","7414:大魔王（Lv17）；7415:マガツオオミカミ（Lv16）；7417:神祖（Lv17）；7441:死の獄卒（Lv18）","3","魔技超增强","特殊能力","「魔技」造成的伤害和消耗MP・SP变为两倍
※可与同系列增强同时装备","","7414:大魔王（Lv17）；7415:祸津大御神（Lv16）；7417:神祖（Lv17）；7441:死之狱卒（Lv18）","5"
"8029","/魔技ブースター","特殊アビリティ","「魔技」によるダメージが75%アップする","","","10","/魔技ブースター","特殊能力","「魔技」造成的伤害提升75%","","","5"
"8030","/魔技ブースター","特殊アビリティ","「魔技」によるダメージが100%アップする","","","10","/魔技ブースター","特殊能力","「魔技」造成的伤害提升100%","","","5"
"8031","/魔技ブースター","特殊アビリティ","「魔技」によるダメージが200%アップする","","","10","/魔技ブースター","特殊能力","「魔技」造成的伤害提升200%","","","5"
"8032","海技オーバーブースター","特殊アビリティ","「海技」によるダメージと消費MP・SPが2倍になる
※同系統のブースターと同時セット可能","","7418:ワールドドロウン（Lv15）","3","海技超增强","特殊能力","「海技」造成的伤害和消耗MP・SP变为两倍
※可与同系列增强同时装备","","7418:世界沉没者（Lv15）","5"
"8033","/海技ブースター","特殊アビリティ","「海技」によるダメージが75%アップする","","","10","/海技ブースター","特殊能力","「海技」造成的伤害提升75%","","","5"
"8034","/海技ブースター","特殊アビリティ","「海技」によるダメージが100%アップする","","","10","/海技ブースター","特殊能力","「海技」造成的伤害提升100%","","","5"
"8035","/海技ブースター","特殊アビリティ","「海技」によるダメージが200%アップする","","","10","/海技ブースター","特殊能力","「海技」造成的伤害提升200%","","","5"
"8036","自然感応オーバーブースター","特殊アビリティ","「自然感応」によるダメージと消費MP・SPが2倍になる
※同系統のブースターと同時セット可能","","7420:コスモス（Lv17）","3","自然感应超增强","特殊能力","「自然感应」造成的伤害和消耗MP・SP变为2倍
※可与同系列增强同时装备","","7420:宇宙神蝶（Lv17）","5"
"8037","/自然感応ブースター","特殊アビリティ","「自然感応」によるダメージが75%アップする","","","10","/自然感応ブースター","特殊能力","「自然感应」造成的伤害提升75%","","","5"
"8038","/自然感応ブースター","特殊アビリティ","「自然感応」によるダメージが100%アップする","","","10","/自然感応ブースター","特殊能力","「自然感应」造成的伤害提升100%","","","5"
"8039","/自然感応ブースター","特殊アビリティ","「自然感応」によるダメージが200%アップする","","","10","/自然感応ブースター","特殊能力","「自然感应」造成的伤害提升200%","","","5"
"8040","粘液技オーバーブースター","特殊アビリティ","「粘液技」によるダメージと消費MP・SPが2倍になる
※同系統のブースターと同時セット可能","","7421:カナデ（Lv17）","3","粘液技超增强","特殊能力","「粘液技」造成的伤害和消耗MP・SP变为2倍
※可与同系列增强同时装备","","7421:祸抚（Lv17）","5"
"8041","/粘液技ブースター","特殊アビリティ","「粘液技」によるダメージが75%アップする","","","10","/粘液技ブースター","特殊能力","「粘液技」造成的伤害提升75%","","","5"
"8042","/粘液技ブースター","特殊アビリティ","「粘液技」によるダメージが100%アップする","","","10","/粘液技ブースター","特殊能力","「粘液技」造成的伤害提升100%","","","5"
"8043","/粘液技ブースター","特殊アビリティ","「粘液技」によるダメージが200%アップする","","","10","/粘液技ブースター","特殊能力","「粘液技」造成的伤害提升200%","","","5"
"8044","獣技オーバーブースター","特殊アビリティ","「獣技」によるダメージと消費MP・SPが2倍になる
※同系統のブースターと同時セット可能","","7422:時の神獣（Lv18）；7423:白面金毛九尾の狐（Lv16）","3","兽技超增强","特殊能力","「兽技」造成的伤害和消耗MP・SP变为2倍
※可与同系列增强同时装备","","7422:时之神兽（Lv18）；7423:白面金毛九尾狐（Lv16）","5"
"8045","/獣技ブースター","特殊アビリティ","「獣技」によるダメージが75%アップする","","","10","/獣技ブースター","特殊能力","「兽技」造成的伤害提升75%","","","5"
"8046","/獣技ブースター","特殊アビリティ","「獣技」によるダメージが100%アップする","","","10","/獣技ブースター","特殊能力","「兽技」造成的伤害提升100%","","","5"
"8047","/獣技ブースター","特殊アビリティ","「獣技」によるダメージが200%アップする","","","10","/獣技ブースター","特殊能力","「兽技」造成的伤害提升200%","","","5"
"8048","蛇技オーバーブースター","特殊アビリティ","「蛇技」によるダメージと消費MP・SPが2倍になる
※同系統のブースターと同時セット可能","","7424:淫欲の堕蛇（Lv19）","3","蛇技超增强","特殊能力","「蛇技」造成的伤害和消耗的MP・SP变为2倍
※可与同系列增强同时装备","","7424:淫欲的堕蛇（Lv19）","5"
"8049","/蛇技ブースター","特殊アビリティ","「蛇技」によるダメージが75%アップする","","","10","/蛇技ブースター","特殊能力","「蛇技」造成的伤害提升75%","","","5"
"8050","/蛇技ブースター","特殊アビリティ","「蛇技」によるダメージが100%アップする","","","10","/蛇技ブースター","特殊能力","「蛇技」造成的伤害提升100%","","","5"
"8051","/蛇技ブースター","特殊アビリティ","「蛇技」によるダメージが200%アップする","","","10","/蛇技ブースター","特殊能力","「蛇技」造成的伤害提升200%","","","5"
"8052","触手技オーバーブースター","特殊アビリティ","「触手技」によるダメージと消費MP・SPが2倍になる
※同系統のブースターと同時セット可能","","7425:正体不明触手禍（Lv19）","3","触手技超增强","特殊能力","「触手技」造成的伤害和消耗的MP・SP变为2倍
※可与同系列增强同时装备","","7425:正体不明触手祸（Lv19）","5"
"8053","/触手技ブースター","特殊アビリティ","「触手技」によるダメージが75%アップする","","","10","/触手技ブースター","特殊能力","「触手技」造成的伤害提升75%","","","5"
"8054","/触手技ブースター","特殊アビリティ","「触手技」によるダメージが100%アップする","","","10","/触手技ブースター","特殊能力","「触手技」造成的伤害提升100%","","","5"
"8055","/触手技ブースター","特殊アビリティ","「触手技」によるダメージが200%アップする","","","10","/触手技ブースター","特殊能力","「触手技」造成的伤害提升200%","","","5"
"8056","翼技オーバーブースター","特殊アビリティ","「翼技」によるダメージと消費MP・SPが2倍になる
※同系統のブースターと同時セット可能","","7426:フェニックス（Lv18）","3","翼技超增强","特殊能力","「翼技」造成的伤害和消耗的MP・SP变为2倍
※可与同系列增强同时装备","","7426:凤凰（Lv18）","5"
"8057","/翼技ブースター","特殊アビリティ","「翼技」によるダメージが75%アップする","","","10","/翼技ブースター","特殊能力","「翼技」造成的伤害提升75%","","","5"
"8058","/翼技ブースター","特殊アビリティ","「翼技」によるダメージが100%アップする","","","10","/翼技ブースター","特殊能力","「翼技」造成的伤害提升100%","","","5"
"8059","/翼技ブースター","特殊アビリティ","「翼技」によるダメージが200%アップする","","","10","/翼技ブースター","特殊能力","「翼技」造成的伤害提升200%","","","5"
"8060","ブレスオーバーブースター","特殊アビリティ","「ブレス」によるダメージと消費MP・SPが2倍になる
※同系統のブースターと同時セット可能","","7427:虚竜（Lv16）；7435:オメガタイプ（Lv18）","3","吐息超增强","特殊能力","「吐息」造成的伤害和消耗的MP・SP变为两倍
※可与同系列增强同时装备","","7427:虚龙（Lv16）；7435:欧米伽之型（Lv18）","5"
"8061","/ブレスブースター","特殊アビリティ","「ブレス」によるダメージが75%アップする","","","10","/ブレスブースター","特殊能力","「吐息」造成的伤害提升75%","","","5"
"8062","/ブレスブースター","特殊アビリティ","「ブレス」によるダメージが100%アップする","","","10","/ブレスブースター","特殊能力","「吐息」造成的伤害提升100%","","","5"
"8063","/ブレスブースター","特殊アビリティ","「ブレス」によるダメージが200%アップする","","","10","/ブレスブースター","特殊能力","「吐息」造成的伤害提升200%","","","5"
"8064","虫技オーバーブースター","特殊アビリティ","「虫技」によるダメージと消費MP・SPが2倍になる
※同系統のブースターと同時セット可能","","7430:バアル・ゼブブ（Lv19）","3","虫技超增强","特殊能力","「虫技」造成的伤害和消耗的MP・SP变为两倍
※可与同系列增强同时装备","","7430:巴力・西卜（Lv19）","5"
"8065","/虫技ブースター","特殊アビリティ","「虫技」によるダメージが75%アップする","","","10","/虫技ブースター","特殊能力","「虫技」造成的伤害提升75%","","","5"
"8066","/虫技ブースター","特殊アビリティ","「虫技」によるダメージが100%アップする","","","10","/虫技ブースター","特殊能力","「虫技」造成的伤害提升100%","","","5"
"8067","/虫技ブースター","特殊アビリティ","「虫技」によるダメージが200%アップする","","","10","/虫技ブースター","特殊能力","「虫技」造成的伤害提升200%","","","5"
"8068","植物技オーバーブースター","特殊アビリティ","「植物技」によるダメージと消費MP・SPが2倍になる
※同系統のブースターと同時セット可能","","7431:千樹華音（Lv19）；7438:慈愛の聖百合（Lv18）","3","植物技超增强","特殊能力","「植物技」造成的伤害和消耗的MP・SP变为两倍
※可与同系列增强同时装备","","7431:千树华音（Lv19）；7438:慈爱的圣百合（Lv18）","5"
"8069","/植物技ブースター","特殊アビリティ","「植物技」によるダメージが75%アップする","","","10","/植物技ブースター","特殊能力","「植物技」造成的伤害提升75%","","","5"
"8070","/植物技ブースター","特殊アビリティ","「植物技」によるダメージが100%アップする","","","10","/植物技ブースター","特殊能力","「植物技」造成的伤害提升100%","","","5"
"8071","/植物技ブースター","特殊アビリティ","「植物技」によるダメージが200%アップする","","","10","/植物技ブースター","特殊能力","「植物技」造成的伤害提升200%","","","5"
"8072","屍技オーバーブースター","特殊アビリティ","「屍技」によるダメージと消費MP・SPが2倍になる
※同系統のブースターと同時セット可能","","7432:ノーライフキング（Lv19）；7433:死神（Lv18）；7441:死の獄卒（Lv19）","3","尸技超增强","特殊能力","「尸技」造成的伤害和消耗MP・SP变为2倍
※可与同系列增强同时装备","","7432:无生之王（Lv19）；7433:死神（Lv18）；7441:死之狱卒（Lv19）","5"
"8073","/屍技ブースター","特殊アビリティ","「屍技」によるダメージが75%アップする","","","10","/屍技ブースター","特殊能力","「尸技」造成的伤害提升75%","","","5"
"8074","/屍技ブースター","特殊アビリティ","「屍技」によるダメージが100%アップする","","","10","/屍技ブースター","特殊能力","「尸技」造成的伤害提升100%","","","5"
"8075","/屍技ブースター","特殊アビリティ","「屍技」によるダメージが200%アップする","","","10","/屍技ブースター","特殊能力","「尸技」造成的伤害提升200%","","","5"
"8076","造技オーバーブースター","特殊アビリティ","「造技」によるダメージと消費MP・SPが2倍になる
※同系統のブースターと同時セット可能","","7434:影、紬ぐ人形（Lv18）；7435:オメガタイプ（Lv19）；7440:天界決戦兵器（Lv18）；7444:シンギュラリティ（Lv19）","3","造技超增强","特殊能力","「造技」造成的伤害和消耗MP・SP变为2倍
※可与同系列增强同时装备","","7434:影、䌷人偶（Lv18）；7435:欧米伽之型（Lv19）；7440:天界决战兵器（Lv18）；7444:奇点（Lv19）","5"
"8077","/造技ブースター","特殊アビリティ","「造技」によるダメージが75%アップする","","","10","/造技ブースター","特殊能力","「造技」造成的伤害提升75%","","","5"
"8078","/造技ブースター","特殊アビリティ","「造技」によるダメージが100%アップする","","","10","/造技ブースター","特殊能力","「造技」造成的伤害提升100%","","","5"
"8079","/造技ブースター","特殊アビリティ","「造技」によるダメージが200%アップする","","","10","/造技ブースター","特殊能力","「造技」造成的伤害提升200%","","","5"
"8080","巨技ブースター","特殊アビリティ","「巨技」によるダメージが15%アップする","","7409:ギガース（Lv9）","10","巨技增强","特殊能力","「巨技」造成的伤害提升15%","","7409:巨灵（Lv9）","5"
"8081","巨技ハイブースター","特殊アビリティ","「巨技」によるダメージが30%アップする","","7410:巨神（Lv9）","20","巨技高级增强","特殊能力","「巨技」造成的伤害提升30%","","7410:巨神（Lv9）","5"
"8082","巨技エクスブースター","特殊アビリティ","「巨技」によるダメージが50%アップする","","353:究極至高人形（Lv19）；7445:巨神王（Lv19）","30","巨技极限增强","特殊能力","「巨技」造成的伤害提升50%","","353:究极至高人偶（Lv19）；7445:巨神王（Lv19）","5"
"8083","巨技オーバーブースター","特殊アビリティ","「巨技」によるダメージと消費MP・SPが2倍になる
※同系統のブースターと同時セット可能","","7434:影、紬ぐ人形（Lv19）；7446:星喰い（Lv19）","3","巨技超增强","特殊能力","「巨技」造成的伤害和消耗MP・SP变为2倍
※可与同系列增强同时装备","","7434:影、䌷人偶（Lv19）；7446:星喰（Lv19）","5"
"8084","/巨技ブースター","特殊アビリティ","「巨技」によるダメージが75%アップする","","","10","/巨技ブースター","特殊能力","「巨技」造成的伤害提升75%","","","5"
"8085","/巨技ブースター","特殊アビリティ","「巨技」によるダメージが100%アップする","","","10","/巨技ブースター","特殊能力","「巨技」造成的伤害提升100%","","","5"
"8086","/巨技ブースター","特殊アビリティ","「巨技」によるダメージが200%アップする","","","10","/巨技ブースター","特殊能力","「巨技」造成的伤害提升200%","","","5"
"8087","妖術ブースター","特殊アビリティ","「妖術」によるダメージが15%アップする","7006:妖術師（Lv8）","","10","妖术增强","特殊能力","「妖术」造成的伤害提升15%","7006:妖术师（Lv8）","","5"
"8088","妖術ハイブースター","特殊アビリティ","「妖術」によるダメージが30%アップする","7007:異界妖術師（Lv8）","","20","妖术高级增强","特殊能力","「妖术」造成的伤害提升30%","7007:异界妖术师（Lv8）","","5"
"8089","妖術エクスブースター","特殊アビリティ","「妖術」によるダメージが50%アップする","7054:禁忌妖術師（Lv14）","","30","妖术极限增强","特殊能力","「妖术」造成的伤害提升50%","7054:禁忌妖术师（Lv14）","","5"
"8090","妖術オーバーブースター","特殊アビリティ","「妖術」によるダメージと消費MP・SPが2倍になる
※同系統のブースターと同時セット可能","7077:職無キ者（Lv18）","","3","妖术超增强","特殊能力","「妖术」造成的伤害和消耗MP・SP变为2倍
※可与同系列增强同时装备","7077:无职者（Lv18）","","5"
"8091","/妖術ブースター","特殊アビリティ","「妖術」によるダメージが75%アップする","","","10","/妖術ブースター","特殊能力","「妖术」造成的伤害提升75%","","","5"
"8092","/妖術ブースター","特殊アビリティ","「妖術」によるダメージが100%アップする","","","10","/妖術ブースター","特殊能力","「妖术」造成的伤害提升100%","","","5"
"8093","/妖術ブースター","特殊アビリティ","「妖術」によるダメージが200%アップする","","","10","/妖術ブースター","特殊能力","「妖术」造成的伤害提升200%","","","5"
"8094","特技ブースター","特殊アビリティ","「特技」によるダメージが15%アップする","7006:妖術師（Lv9）","","10","特技增强","特殊能力","「特技」造成的伤害提升15%","7006:妖术师（Lv9）","","5"
"8095","特技ハイブースター","特殊アビリティ","「特技」によるダメージが30%アップする","7007:異界妖術師（Lv9）","","20","特技高级增强","特殊能力","「特技」造成的伤害提升30%","7007:异界妖术师（Lv9）","","5"
"8096","特技エクスブースター","特殊アビリティ","「特技」によるダメージが50%アップする","7054:禁忌妖術師（Lv13）","","30","特技极限增强","特殊能力","「特技」造成的伤害提升50%","7054:禁忌妖术师（Lv13）","","5"
"8097","特技オーバーブースター","特殊アビリティ","「特技」によるダメージと消費MP・SPが2倍になる
※同系統のブースターと同時セット可能","7077:職無キ者（Lv18）","","3","特技超增强","特殊能力","「特技」造成的伤害和消耗MP・SP变为2倍
※可与同系列增强同时装备","7077:无职者（Lv18）","","5"
"8098","/特技ブースター","特殊アビリティ","「特技」によるダメージが75%アップする","","","10","/特技ブースター","特殊能力","「特技」造成的伤害提升75%","","","5"
"8099","/特技ブースター","特殊アビリティ","「特技」によるダメージが100%アップする","","","10","/特技ブースター","特殊能力","「特技」造成的伤害提升100%","","","5"
"8100","/特技ブースター","特殊アビリティ","「特技」によるダメージが200%アップする","","","10","/特技ブースター","特殊能力","「特技」造成的伤害提升200%","","","5"
"8101","装備武器ブースター","特殊アビリティ","「装備武器」によるダメージが15%アップする","","","10","装备武器增强","特殊能力","「装备武器」造成的伤害提升15%","","","5"
"8102","装備武器ハイブースター","特殊アビリティ","「装備武器」によるダメージが30%アップする","","","20","装备武器高级增强","特殊能力","「装备武器」造成的伤害提升30%","","","5"
"8103","装備武器エクスブースター","特殊アビリティ","「装備武器」によるダメージが50%アップする","","","30","装备武器极限增强","特殊能力","「装备武器」造成的伤害提升50%","","","5"
"8104","装備武器オーバーブースター","特殊アビリティ","「装備武器」によるダメージと消費MP・SPが2倍になる
※同系統のブースターと同時セット可能","","","3","装备武器超增强","特殊能力","「装备武器」造成的伤害和消耗MP・SP变为2倍
※可与同系列增强同时装备","","","5"
"8105","/装備武器ブースター","特殊アビリティ","「装備武器」によるダメージが75%アップする","","","10","/装備武器ブースター","特殊能力","「装备武器」造成的伤害提升75%","","","5"
"8106","/装備武器ブースター","特殊アビリティ","「装備武器」によるダメージが100%アップする","","","10","/装備武器ブースター","特殊能力","「装备武器」造成的伤害提升100%","","","5"
"8107","/装備武器ブースター","特殊アビリティ","「装備武器」によるダメージが200%アップする","","","10","/装備武器ブースター","特殊能力","「装备武器」造成的伤害提升200%","","","5"
"8108","「巨技」使用可能","特殊アビリティ","「巨技」が使用可能になる","","353:究極至高人形（Lv6）；7409:ギガース（Lv9）","5","「巨技」可用","特殊能力","「巨技」变为可用","","353:究极至高人偶（Lv6）；7409:巨灵（Lv9）","5"
"8109","「妖術」使用可能","特殊アビリティ","「妖術」が使用可能になる","7006:妖術師（Lv10）","","5","「妖术」可用","特殊能力","「妖术」变为可用","7006:妖术师（Lv10）","","5"
"8110","全魔物スキル使用可能","特殊アビリティ","全魔物スキルが使用可能になる","7056:超魔生物（Lv9）","166:魔王（Lv7）","20","全魔物技能可用","特殊能力","全魔物技能变为可用","7056:超魔生物（Lv9）","166:魔王（Lv7）","5"
"8111","魔技速攻","特殊アビリティ","魔技が速攻で発動するが、消費MP・SPが1.5倍になる","","7417:神祖（Lv13）","25","魔技速攻","特殊能力","魔技が速攻で発動するが、消費MP・SPが1.5倍になる","","7417:神祖（Lv13）","5"
"8112","海技速攻","特殊アビリティ","海技が速攻で発動するが、消費MP・SPが1.5倍になる","","7429:名状しがたきもの（Lv13）","25","海技速攻","特殊能力","海技が速攻で発動するが、消費MP・SPが1.5倍になる","","7429:不可名状之物（Lv13）","5"
"8113","粘液技速攻","特殊アビリティ","粘液技が速攻で発動するが、消費MP・SPが1.5倍になる","","7428:次元侵蝕者（Lv13）","25","粘液技速攻","特殊能力","粘液技が速攻で発動するが、消費MP・SPが1.5倍になる","","7428:次元侵蚀者（Lv13）","5"
"8114","獣技速攻","特殊アビリティ","獣技が速攻で発動するが、消費MP・SPが1.5倍になる","","7422:時の神獣（Lv15）","25","兽技速攻","特殊能力","獣技が速攻で発動するが、消費MP・SPが1.5倍になる","","7422:时之神兽（Lv15）","5"
"8115","蛇技速攻","特殊アビリティ","蛇技が速攻で発動するが、消費MP・SPが1.5倍になる","","7424:淫欲の堕蛇（Lv11）","25","蛇技速攻","特殊能力","蛇技が速攻で発動するが、消費MP・SPが1.5倍になる","","7424:淫欲的堕蛇（Lv11）","5"
"8116","触手技速攻","特殊アビリティ","触手技が速攻で発動するが、消費MP・SPが1.5倍になる","","7429:名状しがたきもの（Lv14）","25","触手技速攻","特殊能力","触手技が速攻で発動するが、消費MP・SPが1.5倍になる","","7429:不可名状之物（Lv14）","5"
"8117","翼技速攻","特殊アビリティ","翼技が速攻で発動するが、消費MP・SPが1.5倍になる","","7426:フェニックス（Lv10）","25","翼技速攻","特殊能力","翼技が速攻で発動するが、消費MP・SPが1.5倍になる","","7426:凤凰（Lv10）","5"
"8118","虫技速攻","特殊アビリティ","虫技が速攻で発動するが、消費MP・SPが1.5倍になる","","7430:バアル・ゼブブ（Lv15）","25","虫技速攻","特殊能力","虫技が速攻で発動するが、消費MP・SPが1.5倍になる","","7430:巴力・西卜（Lv15）","5"
"8119","植物技速攻","特殊アビリティ","植物技が速攻で発動するが、消費MP・SPが1.5倍になる","","7431:千樹華音（Lv13）","25","植物技速攻","特殊能力","植物技が速攻で発動するが、消費MP・SPが1.5倍になる","","7431:千树华音（Lv13）","5"
"8120","屍技速攻","特殊アビリティ","屍技が速攻で発動するが、消費MP・SPが1.5倍になる","","7433:死神（Lv11）","25","尸技速攻","特殊能力","屍技が速攻で発動するが、消費MP・SPが1.5倍になる","","7433:死神（Lv11）","5"
"8121","造技速攻","特殊アビリティ","造技が速攻で発動するが、消費MP・SPが1.5倍になる","","7435:オメガタイプ（Lv12）；7440:天界決戦兵器（Lv15）","25","造技速攻","特殊能力","造技が速攻で発動するが、消費MP・SPが1.5倍になる","","7435:欧米伽之型（Lv12）；7440:天界决战兵器（Lv15）","5"
"8122","自然感応速攻","特殊アビリティ","自然感応が速攻で発動するが、消費MP・SPが1.5倍になる","","7420:コスモス（Lv9）","25","自然感应速攻","特殊能力","自然感応が速攻で発動するが、消費MP・SPが1.5倍になる","","7420:宇宙神蝶（Lv9）","5"
"8123","ブレス速攻","特殊アビリティ","ブレスが速攻で発動するが、消費MP・SPが1.5倍になる","","7428:次元侵蝕者（Lv14）","25","吐息速攻","特殊能力","ブレスが速攻で発動するが、消費MP・SPが1.5倍になる","","7428:次元侵蚀者（Lv14）","5"
"8124","特技速攻","特殊アビリティ","特技が速攻で発動するが、消費MP・SPが1.5倍になる","7054:禁忌妖術師（Lv10）","","25","特技速攻","特殊能力","特技が速攻で発動するが、消費MP・SPが1.5倍になる","7054:禁忌妖术师（Lv10）","","5"
"8125","装備武器速攻","特殊アビリティ","装備武器が速攻で発動するが、消費MP・SPが1.5倍になる","7041:トリスメギストス（Lv10）","","25","装备武器速攻","特殊能力","装備武器が速攻で発動するが、消費MP・SPが1.5倍になる","7041:三重伟大（Lv10）","","5"
"8126","妖術速攻","特殊アビリティ","妖術が速攻で発動するが、消費MP・SPが1.5倍になる","7054:禁忌妖術師（Lv11）","","25","妖术速攻","特殊能力","妖術が速攻で発動するが、消費MP・SPが1.5倍になる","7054:禁忌妖术师（Lv11）","","5"
"8127","巨技速攻","特殊アビリティ","巨技が速攻で発動するが、消費MP・SPが1.5倍になる","","7446:星喰い（Lv10）","25","巨技速攻","特殊能力","巨技が速攻で発動するが、消費MP・SPが1.5倍になる","","7446:星喰（Lv10）","5"
"8128","全魔物スキル速攻","特殊アビリティ","全魔物スキルが速攻で発動するが、消費MP・SPが1.5倍になる","","","40","全魔物技能速攻","特殊能力","全魔物スキルが速攻で発動するが、消費MP・SPが1.5倍になる","","","5"
"8129","魔技防御力無視","特殊アビリティ","魔技で防御力を無視してダメージを与えるが、消費量が1.3倍になる","","193:ドラキュリーナ（Lv7）","10","魔技防御力无视","特殊能力","魔技で防御力を無視してダメージを与えるが、消費量が1.3倍になる","","193:德古莉娜（Lv7）","5"
"8130","海技防御力無視","特殊アビリティ","海技で防御力を無視してダメージを与えるが、消費量が1.3倍になる","","202:伝説の神魚（Lv6）","10","海技防御力无视","特殊能力","海技で防御力を無視してダメージを与えるが、消費量が1.3倍になる","","202:传说之神鱼（Lv6）","5"
"8131","粘液技防御力無視","特殊アビリティ","粘液技で防御力を無視してダメージを与えるが、消費量が1.3倍になる","","7421:カナデ（Lv8）","10","粘液技防御力无视","特殊能力","粘液技で防御力を無視してダメージを与えるが、消費量が1.3倍になる","","7421:祸抚（Lv8）","5"
"8132","獣技防御力無視","特殊アビリティ","獣技で防御力を無視してダメージを与えるが、消費量が1.3倍になる","","244:百獣王（Lv8）","10","兽技防御力无视","特殊能力","獣技で防御力を無視してダメージを与えるが、消費量が1.3倍になる","","244:百兽王（Lv8）","5"
"8133","蛇技防御力無視","特殊アビリティ","蛇技で防御力を無視してダメージを与えるが、消費量が1.3倍になる","","7424:淫欲の堕蛇（Lv9）","10","蛇技防御力无视","特殊能力","蛇技で防御力を無視してダメージを与えるが、消費量が1.3倍になる","","7424:淫欲的堕蛇（Lv9）","5"
"8134","触手技防御力無視","特殊アビリティ","触手技で防御力を無視してダメージを与えるが、消費量が1.3倍になる","","308:海神（Lv10）","10","触手技防御力无视","特殊能力","触手技で防御力を無視してダメージを与えるが、消費量が1.3倍になる","","308:海神（Lv10）","5"
"8135","翼技防御力無視","特殊アビリティ","翼技で防御力を無視してダメージを与えるが、消費量が1.3倍になる","","282:神鳥（Lv6）","10","翼技防御力无视","特殊能力","翼技で防御力を無視してダメージを与えるが、消費量が1.3倍になる","","282:神鸟（Lv6）","5"
"8136","虫技防御力無視","特殊アビリティ","虫技で防御力を無視してダメージを与えるが、消費量が1.3倍になる","","318:神蟲（Lv9）","10","虫技防御力无视","特殊能力","虫技で防御力を無視してダメージを与えるが、消費量が1.3倍になる","","318:神虫（Lv9）","5"
"8137","植物技防御力無視","特殊アビリティ","植物技で防御力を無視してダメージを与えるが、消費量が1.3倍になる","","7438:慈愛の聖百合（Lv7）","10","植物技防御力无视","特殊能力","植物技で防御力を無視してダメージを与えるが、消費量が1.3倍になる","","7438:慈爱的圣百合（Lv7）","5"
"8138","屍技防御力無視","特殊アビリティ","屍技で防御力を無視してダメージを与えるが、消費量が1.3倍になる","","335:カオスアンデッド（Lv9）","10","尸技防御力无视","特殊能力","屍技で防御力を無視してダメージを与えるが、消費量が1.3倍になる","","335:混沌不死族（Lv9）","5"
"8139","造技防御力無視","特殊アビリティ","造技で防御力を無視してダメージを与えるが、消費量が1.3倍になる","","361:ウェポンタイプ（Lv7）","10","造技防御力无视","特殊能力","造技で防御力を無視してダメージを与えるが、消費量が1.3倍になる","","361:武器类型（Lv7）","5"
"8140","自然感応防御力無視","特殊アビリティ","自然感応で防御力を無視してダメージを与えるが、消費量が1.3倍になる","","222:コスモフェアリー（Lv6）","10","自然感应防御力无视","特殊能力","自然感応で防御力を無視してダメージを与えるが、消費量が1.3倍になる","","222:宇宙妖精（Lv6）","5"
"8141","ブレス防御力無視","特殊アビリティ","ブレスで防御力を無視してダメージを与えるが、消費量が1.3倍になる","","300:百魔の王（Lv6）","10","吐息防御力无视","特殊能力","ブレスで防御力を無視してダメージを与えるが、消費量が1.3倍になる","","300:百魔之王（Lv6）","5"
"8142","特技防御力無視","特殊アビリティ","特技で防御力を無視してダメージを与えるが、消費量が1.3倍になる","7054:禁忌妖術師（Lv3）","","10","特技防御力无视","特殊能力","特技で防御力を無視してダメージを与えるが、消費量が1.3倍になる","7054:禁忌妖术师（Lv3）","","5"
"8143","装備武器防御力無視","特殊アビリティ","装備武器で防御力を無視してダメージを与えるが、消費量が1.3倍になる","7041:トリスメギストス（Lv5）","","10","装备武器防御力无视","特殊能力","装備武器で防御力を無視してダメージを与えるが、消費量が1.3倍になる","7041:三重伟大（Lv5）","","5"
"8144","妖術防御力無視","特殊アビリティ","妖術で防御力を無視してダメージを与えるが、消費量が1.3倍になる","7054:禁忌妖術師（Lv3）","","10","妖术防御力无视","特殊能力","妖術で防御力を無視してダメージを与えるが、消費量が1.3倍になる","7054:禁忌妖术师（Lv3）","","5"
"8145","巨技防御力無視","特殊アビリティ","巨技で防御力を無視してダメージを与えるが、消費量が1.3倍になる","","7445:巨神王（Lv9）","10","巨技防御力无视","特殊能力","巨技で防御力を無視してダメージを与えるが、消費量が1.3倍になる","","7445:巨神王（Lv9）","5"
"8146","全魔物スキル防御力無視","特殊アビリティ","魔物スキルで防御力を無視してダメージを与えるが、消費量が1.3倍になる","","","20","全魔物技能防御力无视","特殊能力","魔物スキルで防御力を無視してダメージを与えるが、消費量が1.3倍になる","","","5"
"8147","魔技連撃回数2アップ","特殊アビリティ","魔技連撃スキルのヒット数が2アップ","","166:魔王（Lv11）","10","魔技连击次数增加2","特殊能力","魔技连击技能的命中次数增加2次","","166:魔王（Lv11）","5"
"8148","魔技連撃回数3アップ","特殊アビリティ","魔技連撃スキルのヒット数が3アップ","","7414:大魔王（Lv9）","20","魔技连击次数增加3","特殊能力","魔技连击技能的命中次数增加3","","7414:大魔王（Lv9）","5"
"8149","獣技連撃回数2アップ","特殊アビリティ","獣技連撃スキルのヒット数が2アップ","","244:百獣王（Lv12）","10","兽技连击次数增加2","特殊能力","兽技连击技能的命中次数增加2次","","244:百兽王（Lv12）","5"
"8150","獣技連撃回数3アップ","特殊アビリティ","獣技連撃スキルのヒット数が3アップ","","7422:時の神獣（Lv13）","20","兽技连击次数增加3","特殊能力","兽技连击技能的命中次数增加3","","7422:时之神兽（Lv13）","5"
"8151","触手技連撃回数3アップ","特殊アビリティ","触手技連撃スキルのヒット数が3アップ","","273:インフィニティスキュラ（Lv8）","10","触手技连击次数增加3","特殊能力","触手技连击技能的命中次数增加3","","273:无限斯库拉（Lv8）","5"
"8152","触手技連撃回数4アップ","特殊アビリティ","触手技連撃スキルのヒット数が4アップ","","7425:正体不明触手禍（Lv10）","20","触手技连击次数增加4","特殊能力","触手技连击技能的命中次数增加4次","","7425:正体不明触手祸（Lv10）","5"
"8153","造技連撃回数2アップ","特殊アビリティ","造技連撃スキルのヒット数が2アップ","","353:究極至高人形（Lv8）","10","造技连击次数增加2","特殊能力","造技连击技能的命中次数增加2次","","353:究极至高人偶（Lv8）","5"
"8154","造技連撃回数3アップ","特殊アビリティ","造技連撃スキルのヒット数が3アップ","","7434:影、紬ぐ人形（Lv6）","20","造技连击次数增加3","特殊能力","造技连击技能的命中次数增加3","","7434:影、䌷人偶（Lv6）","5"
"8155","妖術連撃回数2アップ","特殊アビリティ","妖術連撃スキルのヒット数が2アップ","7054:禁忌妖術師（Lv4）","253:零尾の狐（Lv6）","10","妖术连击次数增加2","特殊能力","妖术连击技能的命中次数增加2次","7054:禁忌妖术师（Lv4）","253:零尾之狐（Lv6）","5"
"8156","妖術連撃回数3アップ","特殊アビリティ","妖術連撃スキルのヒット数が3アップ","","7423:白面金毛九尾の狐（Lv10）","20","妖术连击次数增加3","特殊能力","妖术连击技能的命中次数增加3","","7423:白面金毛九尾狐（Lv10）","5"
"8157","魔技攻撃力半分付加","特殊アビリティ","魔技の威力に攻撃力の半分を付加する","","174:妖怪王（Lv12）","10","魔技附加一半的攻击力","特殊能力","魔技の威力に攻撃力の半分を付加する","","174:妖怪王（Lv12）","5"
"8158","魔技魔力半分付加","特殊アビリティ","魔技の威力に魔力の半分を付加する","","193:ドラキュリーナ（Lv14）","10","魔技附加一半的魔力","特殊能力","魔技の威力に魔力の半分を付加する","","193:德古莉娜（Lv14）","5"
"8159","魔技素早さ半分付加","特殊アビリティ","魔技の威力に素早さの半分を付加する","","166:魔王（Lv9）","10","魔技附加一半的敏捷","特殊能力","魔技の威力に素早さの半分を付加する","","166:魔王（Lv9）","5"
"8160","魔技器用さ半分付加","特殊アビリティ","魔技の威力に器用さの半分を付加する","","183:リリスナイトメア（Lv13）","10","魔技附加一半的灵巧","特殊能力","魔技の威力に器用さの半分を付加する","","183:莉莉丝梦魇（Lv13）","5"
"8161","海技精神力半分付加","特殊アビリティ","海技の威力に精神力の半分を付加する","","202:伝説の神魚（Lv7）","10","海技附加一半的精神力","特殊能力","海技の威力に精神力の半分を付加する","","202:传说之神鱼（Lv7）","5"
"8162","海技器用さ半分付加","特殊アビリティ","海技の威力に器用さの半分を付加する","","308:海神（Lv11）","10","海技附加一半的灵巧","特殊能力","海技の威力に器用さの半分を付加する","","308:海神（Lv11）","5"
"8163","粘液技魔力半分付加","特殊アビリティ","粘液技の威力に魔力の半分を付加する","","343:エターニティ（Lv9）","10","粘液技附加一半的魔力","特殊能力","粘液技の威力に魔力の半分を付加する","","343:永恒（Lv9）","5"
"8164","粘液技防御力半分付加","特殊アビリティ","粘液技の威力に防御力の半分を付加する","","7421:カナデ（Lv9）","10","粘液技附加一半的防御力","特殊能力","粘液技の威力に防御力の半分を付加する","","7421:祸抚（Lv9）","5"
"8165","獣技器用さ半分付加","特殊アビリティ","獣技の威力に器用さの半分を付加する","","244:百獣王（Lv9）","10","兽技附加一半的灵巧","特殊能力","獣技の威力に器用さの半分を付加する","","244:百兽王（Lv9）","5"
"8166","蛇技精神力半分付加","特殊アビリティ","蛇技の威力に精神力の半分を付加する","","264:ウロボロス（Lv14）","10","蛇技附加一半的精神力","特殊能力","蛇技の威力に精神力の半分を付加する","","264:衔尾蛇（Lv14）","5"
"8167","触手技魔力半分付加","特殊アビリティ","触手技の威力に魔力の半分を付加する","","7413:万魔の宿主（Lv13）","10","触手技附加一半的魔力","特殊能力","触手技の威力に魔力の半分を付加する","","7413:万魔之宿主（Lv13）","5"
"8168","触手技素早さ半分付加","特殊アビリティ","触手技の威力に素早さの半分を付加する","","273:インフィニティスキュラ（Lv11）","10","触手技附加一半的敏捷","特殊能力","触手技の威力に素早さの半分を付加する","","273:无限斯库拉（Lv11）","5"
"8169","翼技攻撃力半分付加","特殊アビリティ","翼技の威力に攻撃力の半分を付加する","","282:神鳥（Lv13）","10","翼技附加一半的攻击力","特殊能力","翼技の威力に攻撃力の半分を付加する","","282:神鸟（Lv13）","5"
"8170","翼技魔力半分付加","特殊アビリティ","翼技の威力に魔力の半分を付加する","","7426:フェニックス（Lv9）","10","翼技附加一半的魔力","特殊能力","翼技の威力に魔力の半分を付加する","","7426:凤凰（Lv9）","5"
"8171","虫技素早さ半分付加","特殊アビリティ","虫技の威力に素早さの半分を付加する","","318:神蟲（Lv12）","10","虫技附加一半的敏捷","特殊能力","虫技の威力に素早さの半分を付加する","","318:神虫（Lv12）","5"
"8172","植物技精神力半分付加","特殊アビリティ","植物技の威力に精神力の半分を付加する","","327:世界樹花（Lv13）；7438:慈愛の聖百合（Lv15）","10","植物技附加一半的精神力","特殊能力","植物技の威力に精神力の半分を付加する","","327:世界树之花（Lv13）；7438:慈爱的圣百合（Lv15）","5"
"8173","屍技防御力半分付加","特殊アビリティ","屍技の威力に防御力の半分を付加する","","335:カオスアンデッド（Lv14）","10","尸技附加一半的防御力","特殊能力","屍技の威力に防御力の半分を付加する","","335:混沌不死族（Lv14）","5"
"8174","屍技精神力半分付加","特殊アビリティ","屍技の威力に精神力の半分を付加する","","343:エターニティ（Lv9）","10","尸技附加一半的精神力","特殊能力","屍技の威力に精神力の半分を付加する","","343:永恒（Lv9）","5"
"8175","造技攻撃力半分付加","特殊アビリティ","造技の威力に攻撃力の半分を付加する","","7407:アサルトロイド（Lv8）；7440:天界決戦兵器（Lv10）","10","造技附加一半的攻击力","特殊能力","造技の威力に攻撃力の半分を付加する","","7407:突击机器人（Lv8）；7440:天界决战兵器（Lv10）","5"
"8176","造技精神力半分付加","特殊アビリティ","造技の威力に精神力の半分を付加する","","7442:核動力天使（Lv15）","10","造技附加一半的精神力","特殊能力","造技の威力に精神力の半分を付加する","","7442:核动力天使（Lv15）","5"
"8177","造技素早さ半分付加","特殊アビリティ","造技の威力に素早さの半分を付加する","","7403:ナノアンドロイド（Lv7）","10","造技附加一半的敏捷","特殊能力","造技の威力に素早さの半分を付加する","","7403:纳米仿生人（Lv7）","5"
"8178","自然感応精神力半分付加","特殊アビリティ","自然感応の威力に精神力の半分を付加する","","222:コスモフェアリー（Lv6）","10","自然感应附加一半的精神力","特殊能力","自然感応の威力に精神力の半分を付加する","","222:宇宙妖精（Lv6）","5"
"8179","自然感応素早さ半分付加","特殊アビリティ","自然感応の威力に素早さの半分を付加する","","183:リリスナイトメア（Lv10）","10","自然感应附加一半的敏捷","特殊能力","自然感応の威力に素早さの半分を付加する","","183:莉莉丝梦魇（Lv10）","5"
"8180","自然感応器用さ半分付加","特殊アビリティ","自然感応の威力に器用さの半分を付加する","","213:アルフ神族（Lv9）","10","自然感应附加一半的灵巧","特殊能力","自然感応の威力に器用さの半分を付加する","","213:亚尔夫神族（Lv9）","5"
"8181","ブレス防御力半分付加","特殊アビリティ","ブレスの威力に防御力の半分を付加する","","291:神竜（Lv10）","10","吐息附加一半的防御力","特殊能力","ブレスの威力に防御力の半分を付加する","","291:神龙（Lv10）","5"
"8182","ブレス器用さ半分付加","特殊アビリティ","ブレスの威力に器用さの半分を付加する","","300:百魔の王（Lv9）","10","吐息附加一半的灵巧","特殊能力","ブレスの威力に器用さの半分を付加する","","300:百魔之王（Lv9）","5"
"8183","巨技防御力半分付加","特殊アビリティ","巨技の威力に防御力の半分を付加する","","7445:巨神王（Lv14）","10","巨技附加一半的防御力","特殊能力","巨技の威力に防御力の半分を付加する","","7445:巨神王（Lv14）","5"
"8184","巨技魔力半分付加","特殊アビリティ","巨技の威力に魔力の半分を付加する","","7434:影、紬ぐ人形（Lv9）","10","巨技附加一半的魔力","特殊能力","巨技の威力に魔力の半分を付加する","","7434:影、䌷人偶（Lv9）","5"
"8185","巨技器用さ半分付加","特殊アビリティ","巨技の威力に器用さの半分を付加する","","353:究極至高人形（Lv10）","10","巨技附加一半的灵巧","特殊能力","巨技の威力に器用さの半分を付加する","","353:究极至高人偶（Lv10）","5"
"8186","妖術精神力半分付加","特殊アビリティ","妖術の威力に精神力の半分を付加する","7054:禁忌妖術師（Lv7）","","10","妖术附加一半的精神力","特殊能力","妖術の威力に精神力の半分を付加する","7054:禁忌妖术师（Lv7）","","5"
"8187","特技精神力半分付加","特殊アビリティ","特技の威力に精神力の半分を付加する","7054:禁忌妖術師（Lv7）","","10","特技附加一半的精神力","特殊能力","特技の威力に精神力の半分を付加する","7054:禁忌妖术师（Lv7）","","5"
"8188","装備武器器用さ半分付加","特殊アビリティ","装備武器の威力に器用さの半分を付加する","7041:トリスメギストス（Lv8）","","10","装备武器附加一半的灵巧","特殊能力","装備武器の威力に器用さの半分を付加する","7041:三重伟大（Lv8）","","5"
"8189","魔技頑強発動","特殊アビリティ","ターン中、状態異常・戦闘不能になっても魔技が発動する
その代わり、消費MPとSPが30%アップする","","","15","魔技顽强发动","特殊能力","回合中，即使陷入异常状态或战斗不能，魔技也会发动
作为代价，消耗的MP和SP增加30%","","","5"
"8190","海技頑強発動","特殊アビリティ","ターン中、状態異常・戦闘不能になっても海技が発動する
その代わり、消費MPとSPが30%アップする","","","15","海技顽强发动","特殊能力","回合中，即使陷入异常状态或战斗不能，海技也会发动
作为代价，消耗的MP和SP增加30%","","","5"
"8191","粘液技頑強発動","特殊アビリティ","ターン中、状態異常・戦闘不能になっても粘液技が発動する
その代わり、消費MPとSPが30%アップする","","","15","粘液技顽强发动","特殊能力","回合中，即使陷入异常状态或战斗不能，粘液技也会发动
作为代价，消耗的MP和SP增加30%","","","5"
"8192","獣技頑強発動","特殊アビリティ","ターン中、状態異常・戦闘不能になっても獣技が発動する
その代わり、消費MPとSPが30%アップする","","","15","兽技顽强发动","特殊能力","回合中，即使陷入异常状态或战斗不能，兽技也会发动
作为代价，消耗的MP和SP增加30%","","","5"
"8193","蛇技頑強発動","特殊アビリティ","ターン中、状態異常・戦闘不能になっても蛇技が発動する
その代わり、消費MPとSPが30%アップする","","","15","蛇技顽强发动","特殊能力","回合中，即使陷入异常状态或战斗不能，蛇技也会发动
作为代价，消耗的MP和SP增加30%","","","5"
"8194","触手技頑強発動","特殊アビリティ","ターン中、状態異常・戦闘不能になっても触手技が発動する
その代わり、消費MPとSPが30%アップする","","","15","触手技顽强发动","特殊能力","回合中，即使陷入异常状态或战斗不能，触手技也会发动
作为代价，消耗的MP和SP增加30%","","","5"
"8195","翼技頑強発動","特殊アビリティ","ターン中、状態異常・戦闘不能になっても翼技が発動する
その代わり、消費MPとSPが30%アップする","","","15","翼技顽强发动","特殊能力","回合中，即使陷入异常状态或战斗不能，翼技也会发动
作为代价，消耗的MP和SP增加30%","","","5"
"8196","虫技頑強発動","特殊アビリティ","ターン中、状態異常・戦闘不能になっても虫技が発動する
その代わり、消費MPとSPが30%アップする","","","15","虫技顽强发动","特殊能力","回合中，即使陷入异常状态或战斗不能，虫技也会发动
作为代价，消耗的MP和SP增加30%","","","5"
"8197","植物技頑強発動","特殊アビリティ","ターン中、状態異常・戦闘不能になっても植物技が発動する
その代わり、消費MPとSPが30%アップする","","","15","植物技顽强发动","特殊能力","回合中，即使陷入异常状态或战斗不能，植物技也会发动
作为代价，消耗的MP和SP增加30%","","","5"
"8198","屍技頑強発動","特殊アビリティ","ターン中、状態異常・戦闘不能になっても屍技が発動する
その代わり、消費MPとSPが30%アップする","","","15","尸技顽强发动","特殊能力","回合中，即使陷入异常状态或战斗不能，尸技也会发动
作为代价，消耗的MP和SP增加30%","","","5"
"8199","造技頑強発動","特殊アビリティ","ターン中、状態異常・戦闘不能になっても造技が発動する
その代わり、消費MPとSPが30%アップする","","","15","造技顽强发动","特殊能力","回合中，即使陷入异常状态或战斗不能，造技也会发动
作为代价，消耗的MP和SP增加30%","","","5"
"8200","自然感応頑強発動","特殊アビリティ","ターン中、状態異常・戦闘不能になっても自然感応が発動する
その代わり、消費MPとSPが30%アップする","","","15","自然感应顽强发动","特殊能力","回合中，即使陷入异常状态或战斗不能，自然感应也会发动
作为代价，消耗的MP和SP增加30%","","","5"
"8201","ブレス頑強発動","特殊アビリティ","ターン中、状態異常・戦闘不能になってもブレスが発動する
その代わり、消費MPとSPが30%アップする","","","15","吐息顽强发动","特殊能力","回合中，即使陷入异常状态或战斗不能，吐息也会发动
作为代价，消耗的MP和SP增加30%","","","5"
"8202","特技頑強発動","特殊アビリティ","ターン中、状態異常・戦闘不能になっても特技が発動する
その代わり、消費MPとSPが30%アップする","","","15","特技顽强发动","特殊能力","回合中，即使陷入异常状态或战斗不能，特技也会发动
作为代价，消耗的MP和SP增加30%","","","5"
"8203","装備武器頑強発動","特殊アビリティ","ターン中、状態異常・戦闘不能になっても装備武器が発動する
その代わり、消費MPとSPが30%アップする","","","15","装备武器顽强发动","特殊能力","回合中，即使陷入异常状态或战斗不能，装备武器也会发动
作为代价，消耗的MP和SP增加30%","","","5"
"8204","妖術頑強発動","特殊アビリティ","ターン中、状態異常・戦闘不能になっても妖術が発動する
その代わり、消費MPとSPが30%アップする","","","15","妖术顽强发动","特殊能力","回合中，即使陷入异常状态或战斗不能，妖术也会发动
作为代价，消耗的MP和SP增加30%","","","5"
"8205","巨技頑強発動","特殊アビリティ","ターン中、状態異常・戦闘不能になっても巨技が発動する
その代わり、消費MPとSPが30%アップする","","7445:巨神王（Lv11）","15","巨技顽强发动","特殊能力","回合中，即使陷入异常状态或战斗不能，巨技也会发动
作为代价，消耗的MP和SP增加30%","","7445:巨神王（Lv11）","5"
"8206","全魔物スキル頑強発動","特殊アビリティ","ターン中、状態異常・戦闘不能になっても魔物スキルが発動する
その代わり、消費MPとSPが30%アップする","","","25","全魔物技能顽强发动","特殊能力","回合中，即使陷入异常状态或战斗不能，魔物技能也会发动
作为代价，消耗的MP和SP增加30%","","","5"
"8207","剣士チェーン","特殊アビリティ","「刀技」の後に「剣技」を発動できる","7014:修羅（Lv13）","","10","剑士连锁","特殊能力","「刀技」之后可以发动「剑技」","7014:修罗（Lv13）","","5"
"8208","魔法戦士チェーン","特殊アビリティ","「剣技」の後に「黒魔法」を発動できる","7012:フォースマスター（Lv9）","","10","魔法战士连锁","特殊能力","「剑技」之后可以发动「黑魔法」","7012:力量大师（Lv9）","","5"
"8209","魔法剣チェーン","特殊アビリティ","「魔法剣」の後に「剣技」を発動できる","7012:フォースマスター（Lv2）","","10","魔法剑连锁","特殊能力","「魔法剑」之后可以发动「剑技」","7012:力量大师（Lv2）","","5"
"8210","陰陽剣士チェーン","特殊アビリティ","「剣技」の後に「陰陽術」を発動できる","7012:フォースマスター（Lv11）","","10","阴阳剑士连锁","特殊能力","「剑技」之后可以发动「阴阳术」","7012:力量大师（Lv11）","","5"
"8211","陰陽侍チェーン","特殊アビリティ","「刀技」の後に「陰陽術」を発動できる","7012:フォースマスター（Lv11）","","10","阴阳武士连锁","特殊能力","「刀技」之后可以发动「阴阳术」","7012:力量大师（Lv11）","","5"
"8212","竜騎士チェーン","特殊アビリティ","「尖剣技」の後に「槍技」を発動できる","7058:全テヲ穿ツ者（Lv8）","","10","龙骑士连锁","特殊能力","「尖剑技」之后可以发动「枪技」","7058:贯穿一切者（Lv8）","","5"
"8213","狩人チェーン","特殊アビリティ","「弓技」の後に「銃技」を発動できる","7064:全テヲ撃チ抜ク者（Lv9）","","10","猎人链","特殊能力","「弓技」之后可以发动「铳技」","7064:全能击穿者（Lv9）","","5"
"8214","武道家チェーン","特殊アビリティ","「格闘」の後に武技を発動できる","7060:拳ヲ極メシ者（Lv13）","","10","武道家链","特殊能力","「格斗」之后可以发动武技","7060:拳之极致者（Lv13）","","5"
"8215","パラディンチェーン","特殊アビリティ","「格闘」の後に「聖技」を発動できる","7061:全テヲ護ル者（Lv9）","","10","圣堂武士链","特殊能力","「格斗」之后可以发动「圣技」","7061:守护一切者（Lv9）","","5"
"8216","魔道士チェーン","特殊アビリティ","「時魔法」の後に「白魔法or黒魔法」を発動できる","7019:銀河魔導師（Lv12）","","10","魔道士链","特殊能力","「时魔法」之后可以发动「白魔法或黑魔法」","7019:银河魔导师（Lv12）","","5"
"8217","召喚士チェーン","特殊アビリティ","「時魔法」の後に「召喚」を発動できる","7020:混沌召喚士（Lv12）","","10","召唤士链","特殊能力","「时魔法」之后可以发动「召唤」","7020:混沌召唤士（Lv12）","","5"
"8218","陰陽師チェーン","特殊アビリティ","「陰陽術」の後に「召喚」を発動できる","7021:太極陰陽師（Lv12）","","10","阴阳师链","特殊能力","「阴阳术」之后可以发动「召唤」","7021:太极阴阳师（Lv12）","","5"
"8219","シーフチェーン","特殊アビリティ","「短剣技」の後に「盗賊技」を発動できる","7029:盗神（Lv10）","","10","盗贼链","特殊能力","「短剑技」之后可以发动「盗贼技」","7029:盗神（Lv10）","","5"
"8220","レンジャーチェーン","特殊アビリティ","「投擲技」の後に「短剣技」を発動できる","7034:ラストサバイバー（Lv11）","","10","游侠链","特殊能力","「投掷技」之后可以发动「短剑技」","7034:最后幸存者（Lv11）","","5"
"8221","忍者チェーン","特殊アビリティ","「短剣技」の後に「忍術」を発動できる","7030:忍神（Lv11）","","10","忍者链","特殊能力","「短剑技」之后可以发动「忍术」","7030:忍神（Lv11）","","5"
"8222","くのいちチェーン","特殊アビリティ","「忍術」の後に「淫技」を発動できる","7030:忍神（Lv11）","","10","女忍链","特殊能力","「忍术」之后可以发动「淫技」","7030:忍神（Lv11）","","5"
"8223","アイドルチェーン","特殊アビリティ","「踊る」の後に「歌う」を発動できる","7038:コズミックアイドル（Lv13）","","10","偶像链","特殊能力","「舞蹈」之后可以发动「歌唱」","7038:宇宙偶像（Lv13）","","5"
"8224","魔導司書チェーン","特殊アビリティ","「魔導科学」の後に「魔本術」を発動できる","7042:アカシックレコード（Lv13）","","10","魔导司书链","特殊能力","「魔导科学」之后可以发动「魔本术」","7042:阿卡西记录（Lv13）","","5"
"8225","錬金術師チェーン","特殊アビリティ","「魔導科学」の後に「錬金術」を発動できる","7041:トリスメギストス（Lv11）","","10","炼金术师链","特殊能力","「魔导科学」之后可以发动「炼金术」","7041:三重伟大（Lv11）","","5"
"8226","技師チェーン","特殊アビリティ","「銃技」の後に「マキナ」を発動できる","7043:ゴッドマシーナリー（Lv11）","","10","技师链","特殊能力","「铳技」之后可以发动「器械」","7043:神之机械（Lv11）","","5"
"8227","魔芸師チェーン","特殊アビリティ","「鎌技」の後に「召喚」を発動できる","7044:究極魔芸師（Lv11）","","10","魔艺师链","特殊能力","「镰技」之后可以发动「召唤」","7044:究极魔艺师（Lv11）","","5"
"8228","商人チェーン","特殊アビリティ","「投擲技」の後に「商技」を発動できる","7033:商神（Lv8）","","10","商人链","特殊能力","「投掷技」之后可以发动「商技」","7033:商神（Lv8）","","5"
"8229","話術士チェーン","特殊アビリティ","「投擲技」の後に「話す」を発動できる","7045:言霊神（Lv14）","","10","话术士链","特殊能力","「投掷技」之后可以发动「交谈」","7045:言灵神（Lv14）","","5"
"8230","シェフチェーン","特殊アビリティ","「商技」の後に「料理」を発動できる","7049:オールジョブラウンダー（Lv12）","","10","厨师链","特殊能力","「商技」之后可以发动「料理」","7049:全能职业者（Lv12）","","5"
"8231","メイドチェーン","特殊アビリティ","「御奉仕」の後に「オラクル」を発動できる","7049:オールジョブラウンダー（Lv12）","","10","女仆链","特殊能力","「侍奉」之后可以发动「神谕」","7049:全能职业者（Lv12）","","5"
"8232","ドクターチェーン","特殊アビリティ","「医術」の後に「話す」を発動できる","7049:オールジョブラウンダー（Lv12）","","10","医生链","特殊能力","「医术」之后可以发动「交谈」","7049:全能职业者（Lv12）","","5"
"8233","海賊チェーン","特殊アビリティ","「海賊技」の後に「剣技or銃技」を発動できる","7031:七海覇王（Lv12）","","10","海贼链","特殊能力","「海贼技」之后可以发动「剑技or铳技」","7031:七海霸王（Lv12）","","5"
"8234","王チェーン","特殊アビリティ","「王技」の後に「剣技or黒魔法or聖技」を発動できる","7050:覇王（Lv12）","","10","王链","特殊能力","「王技」之后可以发动「剑技或黑魔法或圣技」","7050:霸王（Lv12）","","5"
"8235","勇者チェーン","特殊アビリティ","「剣技」の後に「勇者技」を発動できる","143:光の勇者（Lv8）；144:闇の勇者（Lv8）","","10","勇者链","特殊能力","「剑技」之后可以发动「勇者技」","143:光之勇者（Lv8）；144:暗之勇者（Lv8）","","5"
"8236","妖術師チェーン","特殊アビリティ","「特技」の後に「妖術」を発動できる","7054:禁忌妖術師（Lv8）","","10","妖术师链","特殊能力","「特技」之后可以发动「妖术」","7054:禁忌妖术师（Lv8）","","5"
"8237","サイコチェーン","特殊アビリティ","「サイコ」の後に「淫技」を発動できる","7052:サイコトリニティ（Lv9）","","10","念动链","特殊能力","「念动」之后可以发动「淫技」","7052:念动三位一体（Lv9）","","5"
"8238","特技チェーンA","特殊アビリティ","「特技」の後に武技を発動できる","7077:職無キ者（Lv12）","","10","特技链A","特殊能力","「特技」之后可以发动武技","7077:无职者（Lv12）","","5"
"8239","特技チェーンJ","特殊アビリティ","「特技」の後に職技を発動できる","7077:職無キ者（Lv12）","","10","特技链J","特殊能力","「特技」之后可以发动职技","7077:无职者（Lv12）","","5"
"8240","特技チェーンM","特殊アビリティ","「特技」の後に魔法を発動できる","7077:職無キ者（Lv13）","","10","特技链M","特殊能力","「特技」之后可以发动魔法","7077:无职者（Lv13）","","5"
"8241","特技チェーンX","特殊アビリティ","「特技」の後に魔物技を発動できる","7077:職無キ者（Lv13）","","10","特技链X","特殊能力","「特技」之后可以发动魔物技","7077:无职者（Lv13）","","5"
"8242","三星剣","特殊アビリティ","「短剣技or尖剣技」「刀技」「剣技」の順番で発動できる","7057:剣ヲ極メシ者（Lv13）","","20","三星剑","特殊能力","「短剑技or尖剑技」「刀技」「剑技」的顺序可以发动","7057:剑之极致者（Lv13）","","5"
"8243","剛力三連撃","特殊アビリティ","「棍技」「斧技」「鉄球技」の順番で発動できる","7059:全テヲ壊ス者（Lv12）","","20","刚力三连击","特殊能力","「棍技」「斧技」「铁球技」的顺序可以发动","7059:破坏一切者（Lv12）","","5"
"8244","千刃舞","特殊アビリティ","「多武器技」→「多武器技」→「全武技」の順番で発動できる","7062:千ノ武具ヲ極メシ者（Lv10）","","20","千刃舞","特殊能力","「多武器技」→「多武器技」→「全武技」的顺序可以发动","7062:千种武具之极致者（Lv10）","","5"
"8245","ソーサラーバースト","特殊アビリティ","「白魔法」「黒魔法」「時魔法」の順番で発動できる","7063:全テヲ識ル者（Lv11）","","20","魔法师爆发","特殊能力","「白魔法」「黑魔法」「时魔法」的顺序可以发动","7063:全知者（Lv11）","","5"
"8246","刺・擲・忍","特殊アビリティ","「短剣技」「投擲技」「忍術」の順番で発動できる","7065:音ヨリモ速キ者（Lv11）","","20","刺・掷・忍","特殊能力","「短剑技」「投掷技」「忍术」的顺序可以发动","7065:超音速者（Lv11）","","5"
"8247","ステージスペシャル","特殊アビリティ","「扇技」「踊る」「歌う」の順番で発動できる","7066:極マリシ偶像（Lv12）","","20","舞台特别","特殊能力","「扇技」「舞蹈」「歌唱」的顺序可以发动","7066:极致偶像（Lv12）","","5"
"8248","ナイトメアロンド","特殊アビリティ","「鞭技or格闘」「サイコ」「淫技」の順番で発動できる","7067:快楽ヲ極メシ者（Lv9）","","20","噩梦轮舞","特殊能力","「鞭技or格斗」「念动」「淫技」的顺序可以发动","7067:极乐追求者（Lv9）","","5"
"8249","求道者コンボ","特殊アビリティ","「魔導科学」「魔本術」「召喚or錬金術orマキナ」の順番で発動できる","7068:真理ノ探究者（Lv8）","","20","求道者连击","特殊能力","「魔导科学」「魔本术」「召唤or炼金术or器械」的顺序可以发动","7068:真理探究者（Lv8）","","5"
"8250","ジョブマスターコンボ表","特殊アビリティ","「医術」「話す」「商技」の順番で発動できる","7069:万職ヲ極メシ仕事人（Lv16）","","20","职业大师连击表","特殊能力","「医术」「交谈」「商技」的顺序可以发动","7069:万职极尽的工匠（Lv16）","","5"
"8251","ジョブマスターコンボ裏","特殊アビリティ","「御奉仕」「オラクル」「料理」の順番で発動できる","7069:万職ヲ極メシ仕事人（Lv16）","","20","职业大师连击里","特殊能力","「侍奉」「神谕」「料理」的顺序可以发动","7069:万职极尽的工匠（Lv16）","","5"
"8252","ヒーローフィニッシュムーブ","特殊アビリティ","「格闘」「剣技」「ヒーロー技」の順番で発動できる","7032:エクセルシオール（Lv11）","","20","英雄终结技","特殊能力","「格斗」「剑技」「英雄技」的顺序可以发动","7032:破界英雄（Lv11）","","5"
"8253","アルティメットムーブ","特殊アビリティ","「黒魔法」「時魔法」「ヒーロー技」の順番で発動できる","7024:アルティメット魔法少女（Lv12）","","20","究极动作","特殊能力","「黑魔法」「时魔法」「英雄技」的顺序可以发动","7024:究极魔法少女（Lv12）","","5"
"8254","英雄王の偉業","特殊アビリティ","「剣技」「王技」「勇者技」の順番で発動できる","7070:英雄王（Lv7）","","20","英雄王的伟业","特殊能力","「剑技」「王技」「勇者技」的顺序可以发动","7070:英雄王（Lv7）","","5"
"8255","魔神チェーン","特殊アビリティ","「聖技or闇技」の後に「鎌技」を発動できる","","154:超魔神（Lv17）","10","魔神链","特殊能力","「圣技或暗技」之后可以发动「镰技」","","154:超魔神（Lv17）","5"
"8256","魔神乱舞","特殊アビリティ","「聖技or闇技」「時魔法」「鎌技」の順番で発動できる","","7412:混沌の魔神（Lv10）","20","魔神乱舞","特殊能力","「圣技或暗技」「时魔法」「镰技」的顺序可以发动","","7412:混沌的魔神（Lv10）","5"
"8257","ワームチェーン","特殊アビリティ","「触手技」の後に「黒魔法or召喚」を発動できる","","157:ワームエンプレス（Lv13）","10","蠕虫链","特殊能力","「触手技」之后可以发动「黑魔法或召唤」","","157:蠕虫女皇（Lv13）","5"
"8258","ワームフォース","特殊アビリティ","「触手技」「黒魔法」「召喚」の順番で発動できる","","7413:万魔の宿主（Lv12）","20","蠕虫之力","特殊能力","「触手技」「黑魔法」「召唤」的顺序可以发动","","7413:万魔之宿主（Lv12）","5"
"8259","妖魔チェーン","特殊アビリティ","「魔技」の後に「尖剣技or闇技or獣技」を発動できる","","166:魔王（Lv18）","10","妖魔链","特殊能力","「魔技」之后可以发动「尖剑技或暗技或兽技」","","166:魔王（Lv18）","5"
"8260","魔王連技","特殊アビリティ","「闇技」「魔技」「尖剣技or獣技」の順番で発動できる","","7414:大魔王（Lv14）","20","魔王连技","特殊能力","「暗技」「魔技」「尖剑技或兽技」的顺序可以发动","","7414:大魔王（Lv14）","5"
"8261","妖怪チェーン","特殊アビリティ","「魔技」の後に「刀技or棍技or鎌技or陰陽術」を発動できる","","174:妖怪王（Lv13）","10","妖怪链","特殊能力","「魔技」之后可以发动「刀技或棍技或镰技或阴阳术」","","174:妖怪王（Lv13）","5"
"8262","マガツ輪舞","特殊アビリティ","「魔技」「鎌技」「刀技or棍技or多武器技」の順番で発動できる","","7415:マガツオオミカミ（Lv12）","20","祸津轮舞","特殊能力","「魔技」「镰技」「刀技or棍技or多武器技」的顺序可以发动","","7415:祸津大御神（Lv12）","5"
"8263","イズモ輪舞","特殊アビリティ","「陰陽術」「魔技」「鎌技」の順番で発動できる","","7415:マガツオオミカミ（Lv12）","20","伊兹莫轮舞","特殊能力","「阴阳术」「魔技」「镰技」的顺序可以发动","","7415:祸津大御神（Lv12）","5"
"8264","淫魔チェーン","特殊アビリティ","「淫技」の後に「格闘or黒魔法or自然感応orサイコ」を発動できる","","183:リリスナイトメア（Lv15）","10","淫魔链","特殊能力","「淫技」之后可以发动「格斗or黑魔法or自然感应or念动」","","183:莉莉丝梦魇（Lv15）","5"
"8265","大淫魔のワルツ","特殊アビリティ","「淫技」「自然感応」「格闘or黒魔法orサイコ」の順番で発動できる","","7416:バビロンの大淫婦（Lv12）","20","大淫魔的华尔兹","特殊能力","「淫技」「自然感应」「格斗or黑魔法or念动」的顺序可以发动","","7416:巴比伦的大淫妇（Lv12）","5"
"8266","吸血鬼チェーン","特殊アビリティ","「魔技」の後に「短剣技or忍術」を発動できる","","193:ドラキュリーナ（Lv10）","10","吸血鬼链","特殊能力","「魔技」之后可以发动「短剑技or忍术」","","193:德古莉娜（Lv10）","5"
"8267","フルムーンチェーン","特殊アビリティ","「魔技」「忍術」「短剣技」の順番で発動できる","","7417:神祖（Lv12）","20","满月链","特殊能力","「魔技」「忍术」「短剑技」的顺序可以发动","","7417:神祖（Lv12）","5"
"8268","人魚チェーン","特殊アビリティ","「海技」の後に「海賊技or歌うor商技」を発動できる","","202:伝説の神魚（Lv13）","10","人鱼链","特殊能力","「海技」之后可以发动「海贼技or唱歌or商技」","","202:传说之神鱼（Lv13）","5"
"8269","人魚の怒り","特殊アビリティ","「海技」「歌う」「海賊技」の順番で発動できる","","7418:ワールドドロウン（Lv12）","20","人鱼的愤怒","特殊能力","「海技」「歌唱」「海贼技」的顺序可以发动","","7418:世界沉没者（Lv12）","5"
"8270","人魚の神秘","特殊アビリティ","「海技」「白魔法」「黒魔法」の順番で発動できる","","7418:ワールドドロウン（Lv12）","20","人鱼的神秘","特殊能力","「海技」「白魔法」「黑魔法」的顺序可以发动","","7418:世界沉没者（Lv12）","5"
"8271","エルフチェーン","特殊アビリティ","「剣技or自然感応」の後に「弓技」を発動できる","","213:アルフ神族（Lv15）","10","精灵链","特殊能力","「剑技or自然感应」之后可以发动「弓技」","","213:亚尔夫神族（Lv15）","5"
"8272","アマゾネスコンボ","特殊アビリティ","「自然感応」「剣技」「弓技」の順番で発動できる","","7419:アンゴルモア（Lv11）","20","亚马逊组合","特殊能力","「自然感应」「剑技」「弓技」的顺序可以发动","","7419:安哥尔摩亚（Lv11）","5"
"8273","フェアリーチェーン","特殊アビリティ","「自然感応」の後に「召喚or踊るorオラクル」を発動できる","","222:コスモフェアリー（Lv14）","10","妖精链","特殊能力","「自然感应」之后可以发动「召唤or舞蹈or神谕」","","222:宇宙妖精（Lv14）","5"
"8274","大地讃頌","特殊アビリティ","「自然感応」「踊る」「召喚」の順番で発動できる","","7420:コスモス（Lv12）","20","大地赞颂","特殊能力","「自然感应」「舞蹈」「召唤」的顺序可以发动","","7420:宇宙神蝶（Lv12）","5"
"8275","土精チェーン","特殊アビリティ","「棍技」の後に「斧技」を発動できる","","222:コスモフェアリー（Lv14）","10","土精链","特殊能力","「棍技」之后可以发动「斧技」","","222:宇宙妖精（Lv14）","5"
"8276","土精コンボ","特殊アビリティ","「自然感応」「棍技」「斧技」の順番で発動できる","","7420:コスモス（Lv12）","20","土精组合","特殊能力","「自然感应」「棍技」「斧技」的顺序可以发动","","7420:宇宙神蝶（Lv12）","5"
"8277","スライムチェーン","特殊アビリティ","「粘液技」の後に「投擲技」を発動できる","","231:究極群体生命（Lv12）","10","史莱姆链","特殊能力","「粘液技」之后可以发动「投掷技」","","231:究极群体生命（Lv12）","5"
"8278","カナデムーブ","特殊アビリティ","「粘液技」「投擲技」「粘液技」の順番で発動できる","","7421:カナデ（Lv12）","20","祸抚移动","特殊能力","「粘液技」「投掷技」「粘液技」的顺序可以发动","","7421:祸抚（Lv12）","5"
"8279","魔獣チェーン","特殊アビリティ","「槍技or斧技or格闘」の後に「獣技」を発動できる","","244:百獣王（Lv14）","10","魔兽链","特殊能力","「枪技or斧技or格斗」之后可以发动「兽技」","","244:百兽王（Lv14）","5"
"8280","白兎乱舞","特殊アビリティ","「格闘」「時魔法」「槍技or斧技or獣技」の順番で発動できる","","7422:時の神獣（Lv12）","20","白兔乱舞","特殊能力","「格斗」「时魔法」「枪技or斧技or兽技」的顺序可以发动","","7422:时之神兽（Lv12）","5"
"8281","妖狐チェーン","特殊アビリティ","「獣技」の後に「扇技or陰陽術or忍術or踊るor歌う」を発動できる","","253:零尾の狐（Lv13）","10","妖狐链","特殊能力","「兽技」之后可以发动「扇技or阴阳术or忍术or舞蹈or歌唱」","","253:零尾之狐（Lv13）","5"
"8282","マガツ演舞","特殊アビリティ","「獣技」「陰陽術」「忍術」の順番で発動できる","","7423:白面金毛九尾の狐（Lv12）","20","祸津演舞","特殊能力","「兽技」「阴阳术」「忍术」的顺序可以发动","","7423:白面金毛九尾狐（Lv12）","5"
"8283","ミヤビ演舞","特殊アビリティ","「獣技」「踊る」「扇技」の順番で発動できる","","7423:白面金毛九尾の狐（Lv12）","20","风雅演舞","特殊能力","「兽技」「舞蹈」「扇技」的顺序可以发动","","7423:白面金毛九尾狐（Lv12）","5"
"8284","ラミアチェーン","特殊アビリティ","「蛇技」の後に「鉄球技or踊るor魔技」を発動できる","","264:ウロボロス（Lv16）","10","拉米亚链","特殊能力","「蛇技」之后可以发动「铁球技or舞蹈or魔技」","","264:衔尾蛇（Lv16）","5"
"8285","オロチ演舞","特殊アビリティ","「蛇技」「魔技」「鉄球技」の順番で発動できる","","7424:淫欲の堕蛇（Lv14）","20","大蛇演舞","特殊能力","「蛇技」「魔技」「铁球技」的顺序可以发动","","7424:淫欲的堕蛇（Lv14）","5"
"8286","スキュラチェーン","特殊アビリティ","「触手技」の後に「刀技or多武器技or御奉仕」を発動できる","","273:インフィニティスキュラ（Lv12）","10","斯库拉链","特殊能力","「触手技」之后可以发动「刀技or多武器技or侍奉」","","273:无限斯库拉（Lv12）","5"
"8287","触手多腕乱撃","特殊アビリティ","「触手技」「多武器」「刀技or御奉仕」の順番で発動できる","","7425:正体不明触手禍（Lv13）","20","触手多腕乱击","特殊能力","「触手技」「多武器」「刀技or侍奉」的顺序可以发动","","7425:正体不明触手祸（Lv13）","5"
"8288","ハーピーチェーン","特殊アビリティ","「翼技」の後に「槍技or扇技or踊るor獣技orブレス」を発動できる","","282:神鳥（Lv9）","10","哈比链","特殊能力","「翼技」之后可以发动「枪技or扇技or舞蹈or兽技or吐息」","","282:神鸟（Lv9）","5"
"8289","天空乱舞","特殊アビリティ","「翼技」「踊る」「槍技or扇技」の順番で発動できる","","7426:フェニックス（Lv12）","20","天空乱舞","特殊能力","「翼技」「舞蹈」「枪技or扇技」的顺序可以发动","","7426:凤凰（Lv12）","5"
"8290","猛鳥乱舞","特殊アビリティ","「ブレス」「翼技」「槍技or扇技or獣技」の順番で発動できる","","7426:フェニックス（Lv13）","20","猛鸟乱舞","特殊能力","「吐息」「翼技」「枪技or扇技or兽技」的顺序可以发动","","7426:凤凰（Lv13）","5"
"8291","ドラゴンチェーン","特殊アビリティ","「ブレス」の後に「剣技or格闘or獣技or自然感応」を発動できる","","291:神竜（Lv12）","10","龙链","特殊能力","「吐息」之后可以发动「剑技or格斗or兽技or自然感应」","","291:神龙（Lv12）","5"
"8292","猛々しき竜剣士の連撃","特殊アビリティ","「ブレス」「格闘」「剣技」の順番で発動できる","","7427:虚竜（Lv11）","20","猛烈的龙剑士连击","特殊能力","「吐息」「格斗」「剑技」的顺序可以发动","","7427:虚龙（Lv11）","5"
"8293","荒れ狂う竜の乱撃","特殊アビリティ","「自然感応」「ブレス」「獣技」の順番で発動できる","","7427:虚竜（Lv12）","20","狂暴的龙之乱击","特殊能力","「自然感应」「吐息」「兽技」的顺序可以发动","","7427:虚龙（Lv12）","5"
"8294","陸棲種チェーン","特殊アビリティ","「ブレス」の後に「弓技or獣技or粘液技」を発動できる","","300:百魔の王（Lv11）","10","陆栖种链","特殊能力","「吐息」之后可以发动「弓技or兽技or粘液技」","","300:百魔之王（Lv11）","5"
"8295","ハザマの戯","特殊アビリティ","「ブレス」「獣技」「弓技or粘液技」の順番で発動できる","","7428:次元侵蝕者（Lv11）","20","狭间之戏","特殊能力","「吐息」「兽技」「弓技or粘液技」的顺序可以发动","","7428:次元侵蚀者（Lv11）","5"
"8296","海棲種チェーン","特殊アビリティ","「踊るor歌うor触手技」の後に「海技」を発動できる","","308:海神（Lv12）","10","海栖种链","特殊能力","「舞蹈or歌唱or触手技」之后可以发动「海技」","","308:海神（Lv12）","5"
"8297","名状しがたき乱舞","特殊アビリティ","「踊るor歌う」「触手技」「海技」の順番で発動できる","","7429:名状しがたきもの（Lv11）","20","不可名状的乱舞","特殊能力","「踊るor歌う」「触手技」「海技」の順番で発動できる","","7429:不可名状之物（Lv11）","5"
"8298","魔虫チェーン","特殊アビリティ","「格闘or時魔法」の後に「虫技」を発動できる","","318:神蟲（Lv16）","10","魔虫链","特殊能力","「格斗or时魔法」之后可以发动「虫技」","","318:神虫（Lv16）","5"
"8299","ハイブコンボ","特殊アビリティ","「時魔法」「格闘」「虫技」の順番で発動できる","","7430:バアル・ゼブブ（Lv13）","20","蜂巢组合","特殊能力","「时魔法」「格斗」「虫技」的顺序可以发动","","7430:巴力・西卜（Lv13）","5"
"8300","アルラウネチェーン","特殊アビリティ","「鞭技or白魔法or黒魔法」の後に「植物技」を発動できる","","327:世界樹花（Lv16）","10","阿娜温链","特殊能力","「鞭技or白魔法or黑魔法」之后可以发动「植物技」","","327:世界树之花（Lv16）","5"
"8301","華音乱花","特殊アビリティ","「白魔法or黒魔法」「鞭技」「植物技」の順番で発動できる","","7431:千樹華音（Lv12）","20","华音乱花","特殊能力","「白魔法or黑魔法」「鞭技」「植物技」的顺序可以发动","","7431:千树华音（Lv12）","5"
"8302","ゾンビチェーン","特殊アビリティ","「屍技」の後に「棍技or魔導科学or医術」を発動できる","","335:カオスアンデッド（Lv13）","10","僵尸链","特殊能力","「尸技」之后可以发动「棍技or魔导科学or医术」","","335:混沌不死族（Lv13）","5"
"8303","屍王鎖技","特殊アビリティ","「屍技」「魔導科学or医術」「棍技」の順番で発動できる","","7432:ノーライフキング（Lv13）","20","尸王锁技","特殊能力","「尸技」「魔导科学or医术」「棍技」的顺序可以发动","","7432:无生之王（Lv13）","5"
"8304","ゴーストチェーン","特殊アビリティ","「屍技」の後に「鎌技or黒魔法or魔本術or魔技」を発動できる","","343:エターニティ（Lv13）","10","幽灵链","特殊能力","「尸技」之后可以发动「镰技or黑魔法or魔本术or魔技」","","343:永恒（Lv13）","5"
"8305","死神乱舞","特殊アビリティ","「屍技」「黒魔法」「鎌技or魔本術or魔技」の順番で発動できる","","7433:死神（Lv13）","20","死神乱舞","特殊能力","「尸技」「黑魔法」「镰技or魔本术or魔技」的顺序可以发动","","7433:死神（Lv13）","5"
"8306","ドールチェーン","特殊アビリティ","「踊るor歌うor御奉仕or巨技」の後に「造技」を発動できる","","353:究極至高人形（Lv13）","10","人偶链","特殊能力","「舞蹈or歌唱or侍奉or巨技」之后可以发动「造技」","","353:究极至高人偶（Lv13）","5"
"8307","人形大奉演","特殊アビリティ","「踊るor歌う」「御奉仕」「造技or巨技」の順番で発動できる","","7434:影、紬ぐ人形（Lv10）","20","人偶大奉演","特殊能力","「舞蹈or歌唱」「侍奉」「造技or巨技」的顺序可以发动","","7434:影、䌷人偶（Lv10）","5"
"8308","キメラチェーン","特殊アビリティ","「銃技orブレス」の後に「造技」を発動できる","","361:ウェポンタイプ（Lv14）","10","奇美拉链","特殊能力","「铳技or吐息」之后可以发动「造技」","","361:武器类型（Lv14）","5"
"8309","ウェポンラッシュ","特殊アビリティ","「銃技」「ブレス」「造技」の順番で発動できる","","7435:オメガタイプ（Lv11）","20","武器狂潮","特殊能力","「铳技」「吐息」「造技」的顺序可以发动","","7435:欧米伽之型（Lv11）","5"
"8310","天使チェーン","特殊アビリティ","「聖技」の後に「剣技or槍技or弓技」を発動できる","","370:熾天使（Lv15）","10","天使链","特殊能力","「圣技」之后可以发动「剑技or枪技or弓技」","","370:炽天使（Lv15）","5"
"8311","天軍乱舞","特殊アビリティ","「聖技」「槍技」「剣技」の順番で発動できる","","7436:天の軍団長（Lv11）","20","天军乱舞","特殊能力","「圣技」「枪技」「剑技」的顺序可以发动","","7436:天之军团长（Lv11）","5"
"8312","明星乱舞","特殊アビリティ","「聖技」「黒魔法」「弓技」の順番で発動できる","","7437:明けの明星（Lv11）","20","明星乱舞","特殊能力","「圣技」「黑魔法」「弓技」的顺序可以发动","","7437:璀璨之明星（Lv11）","5"
"8313","聖百合狂咲","特殊アビリティ","「聖技」「植物技」「鞭技」の順番で発動できる","","7438:慈愛の聖百合（Lv13）","20","圣百合狂舞","特殊能力","「圣技」「植物技」「鞭技」的顺序可以发动","","7438:慈爱的圣百合（Lv13）","5"
"8314","汚れなき輪舞","特殊アビリティ","「聖技」「黒魔法」「淫技」の順番で発動できる","","7439:律法の守護者（Lv13）","20","无垢的轮舞","特殊能力","「圣技」「黑魔法」「淫技」的顺序可以发动","","7439:律法的守护者（Lv13）","5"
"8315","メギドラッシュ","特殊アビリティ","「格闘」「聖技」「マキナor造技」の順番で発動できる","","7440:天界決戦兵器（Lv13）","20","终极冲锋","特殊能力","「格斗」「圣技」「器械或造技」的顺序可以发动","","7440:天界决战兵器（Lv13）","5"
"8316","獄卒の裁き","特殊アビリティ","「聖技」「屍技」「鎌技」の順番で発動できる","","7441:死の獄卒（Lv13）","20","狱卒的裁决","特殊能力","「圣技」「尸技」「镰技」的顺序可以发动","","7441:死之狱卒（Lv13）","5"
"8317","メタトローネラッシュ","特殊アビリティ","「聖技」「造技」「弓技」の順番で発動できる","","7442:核動力天使（Lv13）","20","梅塔特隆妮冲刺","特殊能力","「圣技」「造技」「弓技」的顺序可以发动","","7442:核动力天使（Lv13）","5"
"8318","サンダルフォーネラッシュ","特殊アビリティ","「聖技」「造技」「銃技」の順番で発動できる","","7442:核動力天使（Lv13）","20","圣德芬妮冲刺","特殊能力","「圣技」「造技」「铳技」的顺序可以发动","","7442:核动力天使（Lv13）","5"
"8319","ロイドチェーン","特殊アビリティ","「剣技or銃技orマキナ」の後に「造技」を発動できる","","7443:アサルトバスター（Lv14）","10","机器人链","特殊能力","「剑技or铳技or器械」之后可以发动「造技」","","7443:突击破坏者（Lv14）","5"
"8320","エクセルドライブ","特殊アビリティ","「剣技or銃技」「マキナ」「造技」の順番で発動できる","","7444:シンギュラリティ（Lv14）","20","破界驱动","特殊能力","「剑技or铳技」「器械」「造技」的顺序可以发动","","7444:奇点（Lv14）","5"
"8321","巨人チェーン","特殊アビリティ","武技の後に「巨技」を発動できる","","7446:星喰い（Lv11）","10","巨人链","特殊能力","武技之后可以发动「巨技」","","7446:星喰（Lv11）","5"
"8322","三連神光","特殊アビリティ","「聖技」「聖技」「聖技」の順番で発動できる","7071:ジャッジメント（Lv13）","","20","三连神光","特殊能力","「圣技」「圣技」「圣技」的顺序可以发动","7071:审判（Lv13）","","5"
"8323","三連滅鏖","特殊アビリティ","「闇技」「闇技」「闇技」の順番で発動できる","7072:ワールドブレイカー（Lv13）","","20","三连灭鏖","特殊能力","「暗技」「暗技」「暗技」的顺序可以发动","7072:世界破坏者（Lv13）","","5"
"8324","混沌チェーン","特殊アビリティ","「聖技」の後に「闇技」を発動できる","","7447:X型アポトーシス（Lv12）","10","混沌链","特殊能力","「圣技」之后可以发动「暗技」","","7447:X型凋零者（Lv12）","5"
"8325","混沌礼賛","特殊アビリティ","「聖技」「闇技」「時魔法」の順番で発動できる","","7448:XX型アポトーシス（Lv14）","20","混沌礼赞","特殊能力","「圣技」「暗技」「时魔法」的顺序可以发动","","7448:XX型凋零者（Lv14）","5"
"8326","カオスチェーン","特殊アビリティ","「聖技or闇技or時魔法」の後に「カオス」を発動できる","","7448:XX型アポトーシス（Lv9）","10","卡奥斯链","特殊能力","「圣技or暗技or时魔法」之后可以发动「混沌」","","7448:XX型凋零者（Lv9）","5"
"8327","混沌回帰","特殊アビリティ","「聖技」「闇技」「カオス」の順番で発動できる","","7449:混沌の使徒（Lv15）","20","混沌回归","特殊能力","「圣技」「暗技」「混沌」的顺序可以发动","","7449:混沌的使徒（Lv15）","5"
"8328","チェーン消費50%","特殊アビリティ","スキルをチェーン発動した際のMP・SP消費量が50%になる","7028:パーフェクトアームズ（Lv13）","","10","链消耗50%","特殊能力","技能连锁发动时的MP・SP消耗量变为50%","7028:完美武器（Lv13）","","5"
"8329","チェーン消費なし","特殊アビリティ","スキルをチェーン発動した際にMP・SPを消費しない","7062:千ノ武具ヲ極メシ者（Lv11）","","20","链消耗无","特殊能力","技能连锁发动时不消耗MP・SP","7062:千种武具之极致者（Lv11）","","5"
"8330","チェーンスキル強化","特殊アビリティ","チェーン発動したスキルの威力が30%アップする","78:ジャスティスカイザー（Lv9）；7028:パーフェクトアームズ（Lv11）","","10","链技能强化","特殊能力","连锁发动的技能威力提升30%","78:正义凯撒（Lv9）；7028:完美武器（Lv11）","","5"
"8331","チェーンスキル超強化","特殊アビリティ","チェーン発動したスキルの威力が50%アップする","7032:エクセルシオール（Lv14）","","15","链技能超强化","特殊能力","连锁发动的技能威力提升50%","7032:破界英雄（Lv14）","","5"
"8332","チェーンスキル絶強化","特殊アビリティ","チェーン発動したスキルの威力が75%アップする","7077:職無キ者（Lv17）","","20","连锁技能绝对强化","特殊能力","连锁发动的技能威力提升75%","7077:无职者（Lv17）","","5"
"8333","チェーンスキル極強化","特殊アビリティ","チェーン発動したスキルの威力が100%アップする","7078:もんむす・くえすと！（Lv18）","","25","连锁技能极致强化","特殊能力","连锁发动的技能威力提升100%","7078:もんむす・くえすと！（Lv18）","","5"
"8334","オート剣殺し","特殊アビリティ","戦闘開始から2ターンの間、敵の短剣技・剣技・尖剣技・刀技を無効化反撃","7062:千ノ武具ヲ極メシ者（Lv8）","","15","自动剑杀","特殊能力","战斗开始后的2回合内，敌人的短剑技・剑技・尖剑技・刀技无效并反击","7062:千种武具之极致者（Lv8）","","5"
"8335","オート制空","特殊アビリティ","戦闘開始から2ターンの間、敵の槍技・翼技を無効化反撃","7058:全テヲ穿ツ者（Lv13）","","15","自动制空","特殊能力","战斗开始后的2回合内，敌人的枪技・翼技无效并反击","7058:贯穿一切者（Lv13）","","5"
"8336","オートヘビィカウンター","特殊アビリティ","戦闘開始から2ターンの間、敵の斧技・棍技・鉄球技を無効化反撃","7061:全テヲ護ル者（Lv11）","","15","自动重反击","特殊能力","战斗开始后的2回合内，敌人的斧技・棍技・铁球技无效并反击","7061:守护一切者（Lv11）","","5"
"8337","オート相殺の弾幕","特殊アビリティ","戦闘開始から2ターンの間、敵の弓技・投擲技・銃技を無効化反撃","7064:全テヲ撃チ抜ク者（Lv12）","","15","自动相消弹幕","特殊能力","战斗开始后的2回合内，敌人的弓技・投掷技・铳技无效并反击","7064:全能击穿者（Lv12）","","5"
"8338","オート断罪者への天誅","特殊アビリティ","戦闘開始から2ターンの間、敵の鎌技・鞭技を無効化反撃","7057:剣ヲ極メシ者（Lv8）","","15","自动断罪者天罚","特殊能力","战斗开始后的2回合内，敌人的镰技・鞭技无效并反击","7057:剑之极致者（Lv8）","","5"
"8339","オート後手の格闘王","特殊アビリティ","戦闘開始から2ターンの間、敵の格闘を無効化反撃","7060:拳ヲ極メシ者（Lv10）","","15","自动后手格斗王","特殊能力","战斗开始后的2回合内，敌人的格斗无效并反击","7060:拳之极致者（Lv10）","","5"
"8340","オート魔導スラッシャー","特殊アビリティ","戦闘開始から2ターンの間、敵の白魔法・黒魔法・時魔法・召喚を無効化反撃","7057:剣ヲ極メシ者（Lv8）","","15","自动魔导斩杀者","特殊能力","战斗开始后的2回合内，敌人的白魔法・黑魔法・时魔法・召唤术技无效并反击","7057:剑之极致者（Lv8）","","5"
"8341","オート忍奥義・古術封じ","特殊アビリティ","戦闘開始から2ターンの間、敵の刀技・陰陽術・忍術を無効化反撃","7065:音ヨリモ速キ者（Lv7）","","15","自动忍奥义・古术封印","特殊能力","战斗开始后的2回合内，敌人的刀技・阴阳术・忍术无效并反击","7065:超音速者（Lv7）","","5"
"8342","オート海守の刃","特殊アビリティ","戦闘開始から2ターンの間、敵の海賊技・海技を無効化反撃","7070:英雄王（Lv5）","","15","自动海守之刃","特殊能力","战斗开始后的2回合内，敌人的海贼技・海技无效化反击","7070:英雄王（Lv5）","","5"
"8343","オート踊り封じの歌","特殊アビリティ","戦闘開始から2ターンの間、敵の扇技・踊りを無効化反撃","7066:極マリシ偶像（Lv7）","","15","自动舞封之歌","特殊能力","战斗开始后的2回合内，敌人的扇技・舞蹈无效化反击","7066:极致偶像（Lv7）","","5"
"8344","オート歌封じの踊り","特殊アビリティ","戦闘開始から2ターンの間、敵の歌を無効化反撃","7066:極マリシ偶像（Lv7）","","15","自动歌封之舞","特殊能力","战斗开始后的2回合内，敌人的歌声无效化反击","7066:极致偶像（Lv7）","","5"
"8345","オート機構解析","特殊アビリティ","戦闘開始から2ターンの間、敵のマキナ・造技を無効化反撃","7068:真理ノ探究者（Lv6）","","15","自动机构解析","特殊能力","战斗开始后的2回合内，敌人的器械・造技无效化反击","7068:真理探究者（Lv6）","","5"
"8346","オート魔封じの陣","特殊アビリティ","戦闘開始から2ターンの間、敵の魔技を無効化反撃","7077:職無キ者（Lv5）","","15","自动魔封之阵","特殊能力","战斗开始后的2回合内，敌人的魔技无效化反击","7077:无职者（Lv5）","","5"
"8347","オート飽和粘液","特殊アビリティ","戦闘開始から2ターンの間、敵の粘液技を無効化反撃","","7421:カナデ（Lv8）","15","自动饱和粘液","特殊能力","战斗开始后的2回合内，敌人的粘液技无效化反击","","7421:祸抚（Lv8）","5"
"8348","オートビーストシージ","特殊アビリティ","戦闘開始から2ターンの間、敵の獣技を無効化反撃","7062:千ノ武具ヲ極メシ者（Lv9）","","15","自动野兽围攻","特殊能力","战斗开始后的2回合内，敌人的兽技无效化反击","7062:千种武具之极致者（Lv9）","","5"
"8349","オート蛇技殺し","特殊アビリティ","戦闘開始から2ターンの間、敵の蛇技を無効化反撃","","7425:正体不明触手禍（Lv11）","15","自动蛇技杀","特殊能力","战斗开始后的2回合内，敌人的蛇技无效化反击","","7425:正体不明触手祸（Lv11）","5"
"8350","オート触手技殺し","特殊アビリティ","戦闘開始から2ターンの間、敵の触手技を無効化反撃","","7424:淫欲の堕蛇（Lv10）","15","自动触手技杀","特殊能力","战斗开始后的2回合内，敌人的触手技无效化反击","","7424:淫欲的堕蛇（Lv10）","5"
"8351","オート虫技殺し","特殊アビリティ","戦闘開始から2ターンの間、敵の植物技を無効化反撃","","7431:千樹華音（Lv10）","15","自动虫技杀","特殊能力","战斗开始后的2回合内，敌人的植物技无效化反击","","7431:千树华音（Lv10）","5"
"8352","オート植物技殺し","特殊アビリティ","戦闘開始から2ターンの間、敵の虫技を無効化反撃","","7430:バアル・ゼブブ（Lv10）","15","自动植物技杀","特殊能力","战斗开始后的2回合内，敌人的虫技无效反击","","7430:巴力・西卜（Lv10）","5"
"8353","オート不浄撃滅の構え","特殊アビリティ","戦闘開始から2ターンの間、敵の屍技を無効化反撃","7061:全テヲ護ル者（Lv11）","","15","自动不净击灭之构","特殊能力","战斗开始后的2回合内，敌人的尸技无效反击","7061:守护一切者（Lv11）","","5"
"8354","オート森羅反転","特殊アビリティ","戦闘開始から2ターンの間、敵の自然感応を無効化反撃","7063:全テヲ識ル者（Lv8）","","15","自动森罗反转","特殊能力","战斗开始后的2回合内，敌人的自然感应无效反击","7063:全知者（Lv8）","","5"
"8355","オート追い風","特殊アビリティ","戦闘開始から2ターンの間、敵のブレスを無効化反撃","7065:音ヨリモ速キ者（Lv7）","","15","自动顺风","特殊能力","战斗开始后的2回合内，敌人的吐息无效反击","7065:超音速者（Lv7）","","5"
"8356","無効化反撃1ターン延長","特殊アビリティ","無効化反撃スキルの持続ターンが1ターン延長される","7055:シールドヒーロー（Lv12）","","10","无效反击1回合延长","特殊能力","无效反击技能的持续回合延长1回合","7055:盾牌英雄（Lv12）","","5"
"8357","無効化反撃2ターン延長","特殊アビリティ","無効化反撃スキルの持続ターンが2ターン延長される","7061:全テヲ護ル者（Lv14）","","20","无效反击2回合延长","特殊能力","无效反击技能的持续回合延长2回合","7061:守护一切者（Lv14）","","5"
"8358","魔技二連続発動","特殊アビリティ","魔技が二回連続で発動、消費量が1.5倍になる","","","15","魔技二連続発動","特殊能力","魔技が二回連続で発動、消費量が1.5倍になる","","","5"
"8359","/魔技三連続発動","特殊アビリティ","魔技が三回連続で発動、消費量が1.5倍になる","","","25","/魔技三連続発動","特殊能力","魔技が三回連続で発動、消費量が1.5倍になる","","","5"
"8360","海技二連続発動","特殊アビリティ","海技が二回連続で発動、消費量が1.5倍になる","","","15","海技二連続発動","特殊能力","海技が二回連続で発動、消費量が1.5倍になる","","","5"
"8361","/海技三連続発動","特殊アビリティ","海技が三回連続で発動、消費量が1.5倍になる","","","25","/海技三連続発動","特殊能力","海技が三回連続で発動、消費量が1.5倍になる","","","5"
"8362","粘液技二連続発動","特殊アビリティ","粘液技が二回連続で発動、消費量が1.5倍になる","","","15","粘液技二連続発動","特殊能力","粘液技が二回連続で発動、消費量が1.5倍になる","","","5"
"8363","/粘液技三連続発動","特殊アビリティ","粘液技が三回連続で発動、消費量が1.5倍になる","","","25","/粘液技三連続発動","特殊能力","粘液技が三回連続で発動、消費量が1.5倍になる","","","5"
"8364","獣技二連続発動","特殊アビリティ","獣技が二回連続で発動、消費量が1.5倍になる","","","15","獣技二連続発動","特殊能力","獣技が二回連続で発動、消費量が1.5倍になる","","","5"
"8365","/獣技三連続発動","特殊アビリティ","獣技が三回連続で発動、消費量が1.5倍になる","","","25","/獣技三連続発動","特殊能力","獣技が三回連続で発動、消費量が1.5倍になる","","","5"
"8366","蛇技二連続発動","特殊アビリティ","蛇技が二回連続で発動、消費量が1.5倍になる","","","15","蛇技二連続発動","特殊能力","蛇技が二回連続で発動、消費量が1.5倍になる","","","5"
"8367","/蛇技三連続発動","特殊アビリティ","蛇技が三回連続で発動、消費量が1.5倍になる","","","25","/蛇技三連続発動","特殊能力","蛇技が三回連続で発動、消費量が1.5倍になる","","","5"
"8368","触手技二連続発動","特殊アビリティ","触手技が二回連続で発動、消費量が1.5倍になる","","","15","触手技二連続発動","特殊能力","触手技が二回連続で発動、消費量が1.5倍になる","","","5"
"8369","/触手技三連続発動","特殊アビリティ","触手技が三回連続で発動、消費量が1.5倍になる","","","25","/触手技三連続発動","特殊能力","触手技が三回連続で発動、消費量が1.5倍になる","","","5"
"8370","翼技二連続発動","特殊アビリティ","翼技が二回連続で発動、消費量が1.5倍になる","","","15","翼技二連続発動","特殊能力","翼技が二回連続で発動、消費量が1.5倍になる","","","5"
"8371","/翼技三連続発動","特殊アビリティ","翼技が三回連続で発動、消費量が1.5倍になる","","","25","/翼技三連続発動","特殊能力","翼技が三回連続で発動、消費量が1.5倍になる","","","5"
"8372","虫技二連続発動","特殊アビリティ","虫技が二回連続で発動、消費量が1.5倍になる","","","15","虫技二連続発動","特殊能力","虫技が二回連続で発動、消費量が1.5倍になる","","","5"
"8373","/虫技三連続発動","特殊アビリティ","虫技が三回連続で発動、消費量が1.5倍になる","","","25","/虫技三連続発動","特殊能力","虫技が三回連続で発動、消費量が1.5倍になる","","","5"
"8374","植物技二連続発動","特殊アビリティ","植物技が二回連続で発動、消費量が1.5倍になる","","","15","植物技二連続発動","特殊能力","植物技が二回連続で発動、消費量が1.5倍になる","","","5"
"8375","/植物技三連続発動","特殊アビリティ","植物技が三回連続で発動、消費量が1.5倍になる","","","25","/植物技三連続発動","特殊能力","植物技が三回連続で発動、消費量が1.5倍になる","","","5"
"8376","屍技二連続発動","特殊アビリティ","屍技が二回連続で発動、消費量が1.5倍になる","","","15","屍技二連続発動","特殊能力","屍技が二回連続で発動、消費量が1.5倍になる","","","5"
"8377","/屍技三連続発動","特殊アビリティ","屍技が三回連続で発動、消費量が1.5倍になる","","","25","/屍技三連続発動","特殊能力","屍技が三回連続で発動、消費量が1.5倍になる","","","5"
"8378","造技二連続発動","特殊アビリティ","造技が二回連続で発動、消費量が1.5倍になる","","","15","造技二連続発動","特殊能力","造技が二回連続で発動、消費量が1.5倍になる","","","5"
"8379","/造技三連続発動","特殊アビリティ","造技が三回連続で発動、消費量が1.5倍になる","","","25","/造技三連続発動","特殊能力","造技が三回連続で発動、消費量が1.5倍になる","","","5"
"8380","自然感応二連続発動","特殊アビリティ","自然感応が二回連続で発動、消費量が1.5倍になる","","","15","自然感応二連続発動","特殊能力","自然感応が二回連続で発動、消費量が1.5倍になる","","","5"
"8381","/自然感応三連続発動","特殊アビリティ","自然感応が三回連続で発動、消費量が1.5倍になる","","","25","/自然感応三連続発動","特殊能力","自然感応が三回連続で発動、消費量が1.5倍になる","","","5"
"8382","ブレス二連続発動","特殊アビリティ","ブレスが二回連続で発動、消費量が1.5倍になる","","","15","ブレス二連続発動","特殊能力","ブレスが二回連続で発動、消費量が1.5倍になる","","","5"
"8383","/ブレス三連続発動","特殊アビリティ","ブレスが三回連続で発動、消費量が1.5倍になる","","","25","/ブレス三連続発動","特殊能力","ブレスが三回連続で発動、消費量が1.5倍になる","","","5"
"8384","特技二連続発動","特殊アビリティ","特技が二回連続で発動、消費量が1.5倍になる","7054:禁忌妖術師（Lv15）","","15","特技二連続発動","特殊能力","特技が二回連続で発動、消費量が1.5倍になる","7054:禁忌妖术师（Lv15）","","5"
"8385","/特技三連続発動","特殊アビリティ","特技が三回連続で発動、消費量が1.5倍になる","","","25","/特技三連続発動","特殊能力","特技が三回連続で発動、消費量が1.5倍になる","","","5"
"8386","装備武器二連続発動","特殊アビリティ","装備武器が二回連続で発動、消費量が1.5倍になる","","","15","装備武器二連続発動","特殊能力","装備武器が二回連続で発動、消費量が1.5倍になる","","","5"
"8387","/装備武器三連続発動","特殊アビリティ","装備武器が三回連続で発動、消費量が1.5倍になる","","","25","/装備武器三連続発動","特殊能力","装備武器が三回連続で発動、消費量が1.5倍になる","","","5"
"8388","妖術二連続発動","特殊アビリティ","妖術が二回連続で発動、消費量が1.5倍になる","","","15","妖術二連続発動","特殊能力","妖術が二回連続で発動、消費量が1.5倍になる","","","5"
"8389","/妖術三連続発動","特殊アビリティ","妖術が三回連続で発動、消費量が1.5倍になる","","","25","/妖術三連続発動","特殊能力","妖術が三回連続で発動、消費量が1.5倍になる","","","5"
"8390","巨技二連続発動","特殊アビリティ","巨技が二回連続で発動、消費量が1.5倍になる","","","15","巨技二連続発動","特殊能力","巨技が二回連続で発動、消費量が1.5倍になる","","","5"
"8391","/巨技三連続発動","特殊アビリティ","巨技が三回連続で発動、消費量が1.5倍になる","","","25","/巨技三連続発動","特殊能力","巨技が三回連続で発動、消費量が1.5倍になる","","","5"
"8392","/魔物技三連続発動","特殊アビリティ","魔物スキルが二回連続で発動、消費量が1.5倍になる","","","40","/魔物技三連続発動","特殊能力","魔物スキルが二回連続で発動、消費量が1.5倍になる","","","5"
"8393","獲得経験値5倍","特殊アビリティ","獲得する経験値が5倍になる","","","40","获得经验值5倍","特殊能力","获得的经验值变为5倍","","","5"
"8394","/獲得経験値10倍","特殊アビリティ","獲得する経験値が10倍になる","","","40","/獲得経験値10倍","特殊能力","获得的经验值变为10倍","","","5"
"8395","獲得職業経験値5倍","特殊アビリティ","獲得する職業経験値が5倍になる","","","40","获得职业经验值5倍","特殊能力","获得的职业经验值变为5倍","","","5"
"8396","/獲得職業経験値10倍","特殊アビリティ","獲得する職業経験値が10倍になる","","","40","/獲得職業経験値10倍","特殊能力","获得的职业经验值变为10倍","","","5"
"8397","獲得ゴールド5倍","特殊アビリティ","獲得するゴールドが5倍になる","","","20","获得金币5倍","特殊能力","获得金币的数量变为5倍","","","5"
"8398","/獲得ゴールド10倍","特殊アビリティ","獲得するゴールドが10倍になる","","","20","/獲得ゴールド10倍","特殊能力","获得金币的数量变为10倍","","","5"
"8399","アイテムドロップ率5倍","特殊アビリティ","敵がアイテムを落とす確率が5倍になる","7035:ゴッドギャンブラー（Lv13）","7420:コスモス（Lv8）","20","物品掉落率5倍","特殊能力","敌人掉落物品的概率变为5倍","7035:赌神（Lv13）","7420:宇宙神蝶（Lv8）","5"
"8400","/アイテムドロップ率10倍","特殊アビリティ","敵がアイテムを落とす確率が10倍になる","","","20","/アイテムドロップ率10倍","特殊能力","敌人掉落物品的概率变为10倍","","","5"
"8401","盗む確率アップ5倍","特殊アビリティ","敵からアイテムを盗める確率が5倍になる","7029:盗神（Lv9）","","20","偷窃概率提升至5倍","特殊能力","从敌人那里偷窃物品的概率变为5倍","7029:盗神（Lv9）","","5"
"8402","/盗む確率アップ10倍","特殊アビリティ","敵からアイテムを盗める確率が10倍になる","","","20","/盗む確率アップ10倍","特殊能力","从敌人那里偷窃物品的概率变为10倍","","","5"
"8403","仲間確率5倍","特殊アビリティ","モンスターが仲間になる確率が5倍になる","7027:カオスバスター（Lv11）","","40","伙伴概率5倍","特殊能力","魔物成为伙伴的概率变为5倍","7027:混沌破坏者（Lv11）","","5"
"8404","料理数アップ","特殊アビリティ","料理スキルで完成する料理の数が2倍になる","7046:料理神（Lv12）","","10","料理数量增加","特殊能力","料理技能完成的料理数量变为2倍","7046:料理神（Lv12）","","5"
"8405","料理数超アップ","特殊アビリティ","料理スキルで完成する料理の数が3倍になる","7069:万職ヲ極メシ仕事人（Lv5）","","20","料理数量超增加","特殊能力","料理技能完成的料理数量变为3倍","7069:万职极尽的工匠（Lv5）","","5"
"8406","錬金素材自動ゲット","特殊アビリティ","戦闘中、錬金素材をゲットする事がある","106:錬金術士（Lv9）","","10","炼金素材自动获取","特殊能力","战斗中，有机会获得炼金素材","106:炼金术士（Lv9）","","5"
"8407","錬金素材大量ゲット","特殊アビリティ","戦闘中、錬金素材を頻繁にゲットする","7041:トリスメギストス（Lv3）","","20","炼金素材大量获得","特殊能力","战斗中，频繁获得炼金素材","7041:三重伟大（Lv3）","","5"
"8408","魔導書ページ自動ゲット","特殊アビリティ","戦闘中、魔導書のページをゲットする事がある","7042:アカシックレコード（Lv3）","","10","魔导书页自动获得","特殊能力","战斗中，有机会获得魔导书的书页","7042:阿卡西记录（Lv3）","","5"
"8409","魔導書ページ大量ゲット","特殊アビリティ","戦闘中、魔導書のページを頻繁にゲットする","","343:エターニティ（Lv7）","20","魔导书页大量获得","特殊能力","战斗中，频繁获得魔导书的书页","","343:永恒（Lv7）","5"
"8410","EXアイテム節約","特殊アビリティ","EXアイテム使用時、50%の確率でアイテムを消費しない","7033:商神（Lv9）","","10","EX物品节约","特殊能力","EX物品使用时，50%的概率不消耗物品","7033:商神（Lv9）","","5"
"8411","EXアイテム超節約","特殊アビリティ","EXアイテム使用時、75%の確率でアイテムを消費しない","7049:オールジョブラウンダー（Lv5）","","20","EX物品超节约","特殊能力","EX物品使用时，75%的概率不消耗物品","7049:全能职业者（Lv5）","","5"
"8412","食材節約","特殊アビリティ","料理使用時、50%の確率で食材を消費しない","7046:料理神（Lv3）","","10","食材节约","特殊能力","料理使用时，50%的概率不消耗食材","7046:料理神（Lv3）","","5"
"8413","食材超節約","特殊アビリティ","料理使用時、75%の確率で食材を消費しない","7049:オールジョブラウンダー（Lv5）","","20","食材超节约","特殊能力","料理使用时，75%的概率不消耗食材","7049:全能职业者（Lv5）","","5"
"8414","錬金素材節約","特殊アビリティ","錬金術使用時、50%の確率で錬金素材を消費しない","7041:トリスメギストス（Lv4）","","10","炼金素材节约","特殊能力","炼金术使用时，50%的概率不消耗炼金素材","7041:三重伟大（Lv4）","","5"
"8415","錬金素材超節約","特殊アビリティ","錬金術使用時、75%の確率で錬金素材を消費しない","","","20","炼金素材超节约","特殊能力","炼金术使用时，75%的概率不消耗炼金素材","","","5"
"8416","ページ節約","特殊アビリティ","魔本術使用時、50%の確率でページを消費しない","7042:アカシックレコード（Lv4）","","10","页面节约","特殊能力","魔本术使用时，50%的概率不消耗书页","7042:阿卡西记录（Lv4）","","5"
"8417","ページ超節約","特殊アビリティ","魔本術使用時、75%の確率でページを消費しない","","","20","页面超节约","特殊能力","魔本术使用时，75%的概率不消耗书页","","","5"
"8418","求道者の節約","特殊アビリティ","錬金術・魔本術使用時、75%の確率で素材を消費しない","7068:真理ノ探究者（Lv3）","","25","求道者节约","特殊能力","炼金术・魔本术使用时，75%的概率不消耗素材","7068:真理探究者（Lv3）","","5"
"8419","求道者の贅沢","特殊アビリティ","錬金術と魔本術の威力1.5倍になるが、素材の消費量が2倍になる","7068:真理ノ探究者（Lv3）","","20","求道者奢华","特殊能力","錬金術と魔本術の威力1.5倍になるが、素材の消費量が2倍になる","7068:真理探究者（Lv3）","","5"
"8420","商人話術","特殊アビリティ","商技使用時の消費ゴールドが減少する","7049:オールジョブラウンダー（Lv7）","","15","商人话术","特殊能力","商技使用时的消费金币减少","7049:全能职业者（Lv7）","","5"
"8421","備蓄獲得","特殊アビリティ","戦闘中、手裏剣・ページ・錬金素材をゲットする事がある","7048:ゴッドメイド（Lv3）","","15","储备获得","特殊能力","战斗中，有时会获得手里剑・页面・炼金素材","7048:神之女仆（Lv3）","","5"
"8422","極上備蓄獲得","特殊アビリティ","戦闘中、手裏剣・ページ・錬金素材を頻繁にゲットする","7069:万職ヲ極メシ仕事人（Lv4）","","25","极上储备获得","特殊能力","战斗中，频繁获得手里剑・页面・炼金素材","7069:万职极尽的工匠（Lv4）","","5"
"8423","全装備可能","特殊アビリティ","全ての装備品が装備可能になる","7077:職無キ者（Lv2）","","15","可以装备全装备","特殊能力","变得可以装备全装备","7077:无职者（Lv2）","","5"
"8424","武器アビリティ強化","特殊アビリティ","装備した武器の付加能力を強化する","7077:職無キ者（Lv6）","","10","武器能力强化","特殊能力","强化已装备武器的附加能力","7077:无职者（Lv6）","","5"
"8425","体防具アビリティ強化","特殊アビリティ","装備した体防具の付加能力を強化する","7077:職無キ者（Lv7）","","10","身体防具能力强化","特殊能力","强化已装备身体防具的附加能力","7077:无职者（Lv7）","","5"
"8426","頭防具アビリティ強化","特殊アビリティ","装備した頭防具の付加能力を強化する","7077:職無キ者（Lv8）","","10","头部防具能力强化","特殊能力","强化已装备头部防具的附加能力","7077:无职者（Lv8）","","5"
"8427","盾アビリティ強化","特殊アビリティ","装備した盾の付加能力を強化する","7077:職無キ者（Lv7）","","10","盾能力强化","特殊能力","强化已装备盾的附加能力","7077:无职者（Lv7）","","5"
"8428","アクセサリアビリティ強化","特殊アビリティ","装備したアクセサリの付加能力を強化する","7077:職無キ者（Lv8）","","10","饰品能力强化","特殊能力","强化已装备饰品的附加能力","7077:无职者（Lv8）","","5"
"8429","勝利の経験","特殊アビリティ","敵を倒した数が多いほど与えるダメージがアップする","7070:英雄王（Lv13）","","5","胜利的经验","特殊能力","击败的敌人越多，造成的伤害越高","7070:英雄王（Lv13）","","5"
"8430","バトルファッカーの経験","特殊アビリティ","敵をイかせた数が多いほど与えるダメージがアップする","7067:快楽ヲ極メシ者（Lv11）","","5","BF斗士的经验","特殊能力","使敌人高潮的次数越多，造成的伤害越高","7067:极乐追求者（Lv11）","","5"
"8431","敗北の経験","特殊アビリティ","倒された数が多いほど与えるダメージがアップする","","7447:X型アポトーシス（Lv13）","5","失败的经验","特殊能力","被击败的次数越多，造成的伤害越高","","7447:X型凋零者（Lv13）","5"
"8432","羞恥の経験","特殊アビリティ","イかされた数が多いほど与えるダメージがアップする","7051:混沌の勇者（Lv10）","","5","羞耻的经验","特殊能力","被高潮的次数越多，造成的伤害越高","7051:混沌的勇者（Lv10）","","5"
"8433","戦闘データ累積","特殊アビリティ","戦闘回数が多いほど与えるダメージがアップする","","7449:混沌の使徒（Lv14）","5","战斗数据累积","特殊能力","战斗次数越多，造成的伤害越高","","7449:混沌的使徒（Lv14）","5"
"8434","友情の力","特殊アビリティ","好感度が高いほど与えるダメージがアップする","7077:職無キ者（Lv10）","","5","友情的力量","特殊能力","好感度越高，造成的伤害越高","7077:无职者（Lv10）","","5"
"8435","盗みの経験","特殊アビリティ","盗んだ回数が多いほど与えるダメージがアップする","7029:盗神（Lv6）","","5","偷窃的经验","特殊能力","偷窃次数越多，造成的伤害越高","7029:盗神（Lv6）","","5"
"8436","混沌存在","特殊アビリティ","「カオス」が使用可能になり、ダメージが50%アップ","","7412:混沌の魔神（Lv15）；7448:XX型アポトーシス（Lv11）；7452:第三の神（Lv9）","20","混沌存在","特殊能力","「混沌」技能可用，伤害提升50%","","7412:混沌的魔神（Lv15）；7448:XX型凋零者（Lv11）；7452:第三神（Lv9）","5"
"8437","混沌の使徒","特殊アビリティ","「カオス」が使用可能になり精神力の半分を付加
ダメージが100%アップする","","7449:混沌の使徒（Lv10）；7454:混沌の精霊（Lv14）；7455:デウスエクスマキナ（Lv13）","30","混沌的使徒","特殊能力","「混沌」技能可用，精神力的一半附加
伤害提升100%","","7449:混沌的使徒（Lv10）；7454:混沌精灵（Lv14）；7455:机械降神（Lv13）","5"
"8438","混沌の神髄","特殊アビリティ","「カオス」が使用可能になり精神力の半分を付加
速攻で二連続発動し、ダメージが200%アップする","","7453:カオス（Lv6）","40","混沌的精髓","特殊能力","「混沌」技能可用，精神力的一半附加
快速连续发动两次，伤害提升200%","","7453:混沌（Lv6）","5"
"8439","全属性混沌化","特殊アビリティ","通常属性が全て混沌属性に置き換わる","","7453:カオス（Lv2）","30","全属性混沌化","特殊能力","通常属性全部替换为混沌属性","","7453:混沌（Lv2）","5"
"8440","時間停止無視","特殊アビリティ","時間停止の影響を受けない","","153:魔神（Lv4）；7449:混沌の使徒（Lv12）；7454:混沌の精霊（Lv13）；7455:デウスエクスマキナ（Lv12）","12","时间停止无效","特殊能力","不受时间停止影响","","153:魔神（Lv4）；7449:混沌的使徒（Lv12）；7454:混沌精灵（Lv13）；7455:机械降神（Lv12）","5"
"8441","時間停止カウンター","特殊アビリティ","相手が時間停止してきた際にカウンターで無効化する","","7454:混沌の精霊（Lv9）","20","时间停止反击","特殊能力","对手时间停止时触发反击无效化","","7454:混沌精灵（Lv9）","5"
"8442","短剣マスタリー","特殊アビリティ","短剣の装備効果が上昇する","64:トリックスター（Lv10）","186:夜の帝王（Lv2）","10","短剑精通","特殊能力","短剑装备效果提升","64:诡计之星（Lv10）","186:夜之帝王（Lv2）","5"
"8443","短剣ハイマスタリー","特殊アビリティ","短剣の装備効果が格段に上昇する","7029:盗神（Lv15）","","15","短剑高级精通","特殊能力","短剑的装备效果显著提升","7029:盗神（Lv15）","","5"
"8444","剣マスタリー","特殊アビリティ","剣の装備効果が上昇する","3:剣聖（Lv10）；4:魔剣士（Lv10）；8:マスターソーサラー（Lv10）；20:九字剣神（Lv10）；69:海賊王（Lv10）；74:ナイツオブラウンド（Lv10）；76:海軍大将（Lv10）","","10","剑精通","特殊能力","剑的装备效果提升","3:剑圣（Lv10）；4:魔剑士（Lv10）；8:奥法战士（Lv10）；20:九字剑神（Lv10）；69:海贼王（Lv10）；74:圆桌骑士（Lv10）；76:海军大将（Lv10）","","5"
"8445","剣ハイマスタリー","特殊アビリティ","剣の装備効果が格段に上昇する","143:光の勇者（Lv10）；144:闇の勇者（Lv10）；7011:究極剣士（Lv15）；7031:七海覇王（Lv15）；7050:覇王（Lv15）","","15","剑高级精通","特殊能力","剑的装备效果显著提升","143:光之勇者（Lv10）；144:暗之勇者（Lv10）；7011:究极剑士（Lv15）；7031:七海霸王（Lv15）；7050:霸王（Lv15）","","5"
"8446","尖剣マスタリー","特殊アビリティ","尖剣の装備効果が上昇する","136:騎士王（Lv10）；7005:ノーブルフェンサー（Lv6）","160:妖魔貴族（Lv2）","10","尖剑精通","特殊能力","尖剑的装备效果提升","136:骑士王（Lv10）；7005:高贵剑士（Lv6）","160:妖魔贵族（Lv2）","5"
"8447","尖剣ハイマスタリー","特殊アビリティ","尖剣の装備効果が格段に上昇する","7053:ラストノーブル（Lv15）","","15","尖剑高级精通","特殊能力","尖剑的装备效果显著提升","7053:最后的贵族（Lv15）","","5"
"8448","槍マスタリー","特殊アビリティ","槍の装備効果が上昇する","6:ホーリーナイト（Lv10）；10:ホーリーランサー（Lv10）；11:邪竜騎士（Lv10）","","10","枪精通","特殊能力","枪的装备效果提升","6:圣骑士（Lv10）；10:圣枪骑士（Lv10）；11:邪龙骑士（Lv10）","","5"
"8449","槍ハイマスタリー","特殊アビリティ","槍の装備効果が格段に上昇する","7013:神竜の騎士（Lv15）","","15","枪高级精通","特殊能力","枪的装备效果显著提升","7013:神龙骑士（Lv15）","","5"
"8450","刀マスタリー","特殊アビリティ","刀の装備効果が上昇する","13:聖侍（Lv10）；14:魔侍（Lv10）","","10","刀精通","特殊能力","刀的装备效果提升","13:圣武士（Lv10）；14:魔武士（Lv10）","","5"
"8451","刀ハイマスタリー","特殊アビリティ","刀の装備効果が格段に上昇する","7014:修羅（Lv15）","","15","刀高级精通","特殊能力","刀的装备效果显著提升","7014:修罗（Lv15）","","5"
"8452","忍者刀マスタリー","特殊アビリティ","忍者刀の装備効果が上昇する","66:極忍（Lv10）；67:淫流くのいち（Lv10）","","10","忍者刀精通","特殊能力","忍者刀的装备效果提升","66:极忍（Lv10）；67:淫流女忍（Lv10）","","5"
"8453","忍者刀ハイマスタリー","特殊アビリティ","忍者刀の装備効果が格段に上昇する","7030:忍神（Lv15）","","15","忍者刀高级精通","特殊能力","忍者刀的装备效果大幅提升","7030:忍神（Lv15）","","5"
"8454","拳マスタリー","特殊アビリティ","拳の装備効果が上昇する","24:拳聖（Lv10）；25:邪拳王（Lv10）；27:フォースモンク（Lv10）；29:ゴッドハンド（Lv10）","","10","拳精通","特殊能力","拳套的装备效果提升","24:拳圣（Lv10）；25:邪拳王（Lv10）；27:武僧（Lv10）；29:神之手（Lv10）","","5"
"8455","拳ハイマスタリー","特殊アビリティ","拳の装備効果が格段に上昇する","7016:拳神（Lv15）","","15","拳套高级精通","特殊能力","拳套的装备效果大幅提升","7016:拳神（Lv15）","","5"
"8456","牙マスタリー","特殊アビリティ","牙の装備効果が上昇する","7000:ワイルドハート（Lv10）","164:邪獣妖魔（Lv2）","10","牙精通","特殊能力","獠牙的装备效果提升","7000:野性之心（Lv10）","164:邪兽妖魔（Lv2）","5"
"8457","牙ハイマスタリー","特殊アビリティ","牙の装備効果が格段に上昇する","7056:超魔生物（Lv14）","","15","牙高级精通","特殊能力","獠牙的装备效果大幅提升","7056:超魔生物（Lv14）","","5"
"8458","斧マスタリー","特殊アビリティ","斧の装備効果が上昇する","18:ベルセルク（Lv10）","","10","斧精通","特殊能力","斧头的装备效果提升","18:狂怒战士（Lv10）","","5"
"8459","斧ハイマスタリー","特殊アビリティ","斧の装備効果が格段に上昇する","7015:メテオブレイカー（Lv14）","","15","斧头高级精通","特殊能力","斧头的装备效果大幅提升","7015:流星破坏者（Lv14）","","5"
"8460","棍マスタリー","特殊アビリティ","棍の装備効果が上昇する","16:ギガファイター（Lv10）","","10","棍精通","特殊能力","棍棒的装备效果提升","16:巨力斗士（Lv10）","","5"
"8461","棍ハイマスタリー","特殊アビリティ","棍の装備効果が格段に上昇する","7015:メテオブレイカー（Lv14）","","15","棍棒高级精通","特殊能力","棍棒的装备效果大幅提升","7015:流星破坏者（Lv14）","","5"
"8462","鎌マスタリー","特殊アビリティ","鎌の装備効果が上昇する","115:ネクロマスター（Lv10）；117:マスターシャーマン（Lv10）；119:マスタードーラー（Lv10）","169:妖神（Lv2）；338:マスターシャドウ（Lv2）","10","镰精通","特殊能力","镰的装备效果提升","115:死灵大师（Lv10）；117:大师萨满（Lv10）；119:大师操偶者（Lv10）","169:妖神（Lv2）；338:幽影之主（Lv2）","5"
"8463","鎌ハイマスタリー","特殊アビリティ","鎌の装備効果が格段に上昇する","7044:究極魔芸師（Lv15）","","15","镰高级精通","特殊能力","镰的装备效果大幅提升","7044:究极魔艺师（Lv15）","","5"
"8464","杖マスタリー","特殊アビリティ","杖の装備効果が上昇する","46:聖魔導師（Lv10）；139:神聖法王（Lv10）","","10","杖精通","特殊能力","杖的装备效果提升","46:圣魔导师（Lv10）；139:神圣教皇（Lv10）","","5"
"8465","杖ハイマスタリー","特殊アビリティ","杖の装備効果が格段に上昇する","7022:永劫魔導師（Lv15）；7050:覇王（Lv14）","","15","杖高级精通","特殊能力","杖的装备效果大幅提升","7022:永劫魔导师（Lv15）；7050:霸王（Lv14）","","5"
"8466","ロッドマスタリー","特殊アビリティ","ロッド・魔導剣の装備効果が上昇する","35:灼熱魔導師（Lv10）；36:輝氷魔導師（Lv10）；37:極雷魔導師（Lv10）；39:時空魔導師（Lv10）；41:精霊召喚士（Lv10）；43:天地陰陽師（Lv10）；137:魔導王（Lv10）","","10","法杖精通","特殊能力","法杖・魔导剑的装备效果提升","35:灼热魔导师（Lv10）；36:辉冰魔导师（Lv10）；37:极雷魔导师（Lv10）；39:时空魔导师（Lv10）；41:精灵召唤士（Lv10）；43:天地阴阳师（Lv10）；137:魔导王（Lv10）","","5"
"8467","ロッドハイマスタリー","特殊アビリティ","ロッド・魔導剣の装備効果が格段に上昇する","7018:終焉魔導師（Lv15）；7019:銀河魔導師（Lv15）；7020:混沌召喚士（Lv15）；7021:太極陰陽師（Lv15）；7050:覇王（Lv14）","","15","法杖高级精通","特殊能力","法杖・魔导剑的装备效果大幅提升","7018:终焉魔导师（Lv15）；7019:银河魔导师（Lv15）；7020:混沌召唤士（Lv15）；7021:太极阴阳师（Lv15）；7050:霸王（Lv14）","","5"
"8468","弓矢マスタリー","特殊アビリティ","弓矢の装備効果が上昇する","54:神弓手（Lv10）；55:影狩人（Lv10）","","10","弓箭精通","特殊能力","弓箭的装备效果提升","54:神射手（Lv10）；55:影猎人（Lv10）","","5"
"8469","弓矢ハイマスタリー","特殊アビリティ","弓矢の装備効果が格段に上昇する","7025:狩神（Lv15）","","15","弓箭高级精通","特殊能力","弓箭的装备效果大幅提升","7025:狩神（Lv15）","","5"
"8470","鞭マスタリー","特殊アビリティ","鞭の装備効果が上昇する","60:ドラゴン使い（Lv10）；61:デビルサマナー（Lv10）","267:エルダースキュラ（Lv2）；325:ビーナスネペンテス（Lv2）","10","鞭子精通","特殊能力","鞭子的装备效果提升","60:龙使（Lv10）；61:恶魔召唤师（Lv10）","267:长老斯库拉（Lv2）；325:维纳斯之花（Lv2）","5"
"8471","鞭ハイマスタリー","特殊アビリティ","鞭の装備効果が格段に上昇する","7027:カオスバスター（Lv15）","","15","鞭子高级精通","特殊能力","鞭子的装备效果大幅提升","7027:混沌破坏者（Lv15）","","5"
"8472","竪琴マスタリー","特殊アビリティ","竪琴の装備効果が上昇する","96:神唱の歌姫（Lv10）","","10","竖琴精通","特殊能力","竖琴的装备效果提升","96:神唱的歌姬（Lv10）","","5"
"8473","竪琴ハイマスタリー","特殊アビリティ","竪琴の装備効果が格段に上昇する","7037:歌唱神（Lv15）","","15","竖琴高级精通","特殊能力","竖琴的装备效果显著提升","7037:歌唱神（Lv15）","","5"
"8474","ブーメランマスタリー","特殊アビリティ","ブーメランの装備効果が上昇する","83:マスターアイテム（Lv10）；85:レンジャー（Lv10）；122:話神（Lv10）","225:ギガスライム（Lv2）","10","回旋镖精通","特殊能力","回旋镖的装备效果提升","83:道具大师（Lv10）；85:游侠（Lv10）；122:话神（Lv10）","225:千兆史莱姆（Lv2）","5"
"8475","ブーメランハイマスタリー","特殊アビリティ","ブーメランの装備効果が格段に上昇する","7034:ラストサバイバー（Lv15）；7045:言霊神（Lv15）","","15","回旋镖高级精通","特殊能力","回旋镖的装备效果显著提升","7034:最后幸存者（Lv15）；7045:言灵神（Lv15）","","5"
"8476","鉄球マスタリー","特殊アビリティ","鉄球の装備効果が上昇する","16:ギガファイター（Lv10）","","10","铁球精通","特殊能力","铁球的装备效果提升","16:巨力斗士（Lv10）","","5"
"8477","鉄球ハイマスタリー","特殊アビリティ","鉄球の装備効果が格段に上昇する","7015:メテオブレイカー（Lv14）","","15","铁球高级精通","特殊能力","铁球的装备效果显著提升","7015:流星破坏者（Lv14）","","5"
"8478","扇マスタリー","特殊アビリティ","扇の装備効果が上昇する","94:戦巫女（Lv10）","247:上級妖狐（Lv2）；251:狐花魁（Lv2）；276:エルダーハーピー（Lv2）","10","扇精通","特殊能力","扇的装备效果提升","94:战巫女（Lv10）","247:上级妖狐（Lv2）；251:狐花魁（Lv2）；276:长老哈比（Lv2）","5"
"8479","扇ハイマスタリー","特殊アビリティ","扇の装備効果が格段に上昇する","7036:舞踏神（Lv15）","","15","扇高级精通","特殊能力","扇的装备效果显著提升","7036:舞蹈神（Lv15）","","5"
"8480","包丁マスタリー","特殊アビリティ","包丁の装備効果が上昇する","125:味皇（Lv10）","","10","菜刀精通","特殊能力","菜刀的装备效果提升","125:味皇（Lv10）","","5"
"8481","包丁ハイマスタリー","特殊アビリティ","包丁の装備効果が格段に上昇する","7046:料理神（Lv15）","","15","菜刀高级精通","特殊能力","菜刀的装备效果显著提升","7046:料理神（Lv15）","","5"
"8482","そろばんマスタリー","特殊アビリティ","そろばんの装備効果が上昇する","81:神の見えざる手（Lv10）","","10","算盘精通","特殊能力","算盘的装备效果提升","81:无形的大手（Lv10）","","5"
"8483","そろばんハイマスタリー","特殊アビリティ","そろばんの装備効果が格段に上昇する","7033:商神（Lv15）","","15","算盘高级精通","特殊能力","算盘的装备效果显著提升","7033:商神（Lv15）","","5"
"8484","メスマスタリー","特殊アビリティ","メスの装備効果が上昇する","128:神医（Lv10）","","10","手术刀精通","特殊能力","手术刀的装备效果提升","128:神医（Lv10）","","5"
"8485","メスハイマスタリー","特殊アビリティ","メスの装備効果が格段に上昇する","7047:禁医（Lv15）","","15","手术刀高级精通","特殊能力","手术刀的装备效果显著提升","7047:禁医（Lv15）","","5"
"8486","カードマスタリー","特殊アビリティ","カードの装備効果が上昇する","88:闇の賭博師（Lv10）；90:カードサマナー（Lv10）","","10","卡牌精通","特殊能力","卡牌的装备效果提升","88:暗之赌徒（Lv10）；90:卡牌召唤师（Lv10）","","5"
"8487","カードハイマスタリー","特殊アビリティ","カードの装備効果が格段に上昇する","7035:ゴッドギャンブラー（Lv15）","","15","卡牌高级精通","特殊能力","卡牌的装备效果显著提升","7035:赌神（Lv15）","","5"
"8488","皿マスタリー","特殊アビリティ","皿の装備効果が上昇する","131:パーフェクトメイド（Lv10）","","10","盘精通","特殊能力","盘的装备效果提升","131:完美女仆（Lv10）","","5"
"8489","皿ハイマスタリー","特殊アビリティ","皿の装備効果が格段に上昇する","7048:ゴッドメイド（Lv15）","","15","盘高级精通","特殊能力","盘的装备效果显著提升","7048:神之女仆（Lv15）","","5"
"8490","魔導書マスタリー","特殊アビリティ","魔導書の装備効果が上昇する","105:マスターアルケミスト（Lv10）；107:錬金宝具士（Lv10）；109:ロードライブラリー（Lv10）","","10","魔导书精通","特殊能力","魔导书的装备效果提升","105:大师炼金术士（Lv10）；107:炼金宝具士（Lv10）；109:图书馆领主（Lv10）","","5"
"8491","魔導書ハイマスタリー","特殊アビリティ","魔導書の装備効果が格段に上昇する","7040:禁忌科学者（Lv15）；7041:トリスメギストス（Lv15）；7042:アカシックレコード（Lv15）","","15","魔导书高级精通","特殊能力","魔导书的装备效果显著提升","7040:禁忌科学家（Lv15）；7041:三重伟大（Lv15）；7042:阿卡西记录（Lv15）","","5"
"8492","銃マスタリー","特殊アビリティ","銃の装備効果が上昇する","57:神銃士（Lv10）；58:魔弾の射手（Lv10）；112:マスターマシーナリー（Lv10）；140:機甲法王（Lv10）","7403:ナノアンドロイド（Lv10）","10","铳精通","特殊能力","铳的装备效果提升","57:神铳手（Lv10）；58:魔弹射手（Lv10）；112:机械大师（Lv10）；140:机甲教皇（Lv10）","7403:纳米仿生人（Lv10）","5"
"8493","銃ハイマスタリー","特殊アビリティ","銃の装備効果が格段に上昇する","7026:銃神（Lv15）；7043:ゴッドマシーナリー（Lv15）","","15","铳高级精通","特殊能力","铳的装备效果大幅提升","7026:铳神（Lv15）；7043:神之机械（Lv15）","","5"
"8494","淫具マスタリー","特殊アビリティ","淫具の装備効果が上昇する","98:慈愛の聖娼（Lv10）；99:傾国の魔娼（Lv10）；102:クィーンファッカー（Lv10）","","10","淫具精通","特殊能力","淫具的装备效果提升","98:慈爱的圣娼（Lv10）；99:倾国的魔娼（Lv10）；102:女王BF（Lv10）","","5"
"8495","淫具ハイマスタリー","特殊アビリティ","淫具の装備効果が格段に上昇する","7039:QOBF（Lv15）","","15","淫具高级精通","特殊能力","淫具的装备效果大幅提升","7039:QOBF（Lv15）","","5"
"8496","服マスタリー","特殊アビリティ","服・武道着の装備効果が上昇する","85:レンジャー（Lv9）","","5","服装精通","特殊能力","服装・武道服的装备效果提升","85:游侠（Lv9）","","5"
"8497","服ハイマスタリー","特殊アビリティ","服・武道着の装備効果が格段に上昇する","7034:ラストサバイバー（Lv13）","","15","服装高级精通","特殊能力","服装・武道服的装备效果大幅提升","7034:最后幸存者（Lv13）","","5"
"8498","鎧マスタリー","特殊アビリティ","胸当て・鎧・重鎧・甲羅の装備効果が上昇する","74:ナイツオブラウンド（Lv9）；136:騎士王（Lv9）","","5","铠精通","特殊能力","胸甲・铠・重铠・甲壳的装备效果提升","74:圆桌骑士（Lv9）；136:骑士王（Lv9）","","5"
"8499","鎧ハイマスタリー","特殊アビリティ","胸当て・鎧・重鎧・甲羅の装備効果が格段に上昇する","7050:覇王（Lv15）","","15","铠高级精通","特殊能力","胸甲・铠・重铠・甲壳的装备效果大幅提升","7050:霸王（Lv15）","","5"
"8500","ローブマスタリー","特殊アビリティ","ローブの装備効果が上昇する","48:森羅万象士（Lv9）；137:魔導王（Lv9）；139:神聖法王（Lv9）；140:機甲法王（Lv9）","","5","长袍精通","特殊能力","长袍的装备效果提升","48:森罗万象士（Lv9）；137:魔导王（Lv9）；139:神圣教皇（Lv9）；140:机甲教皇（Lv9）","","5"
"8501","ローブハイマスタリー","特殊アビリティ","ローブの装備効果が格段に上昇する","7023:ソーサラースプリーム（Lv14）","","15","长袍高级精通","特殊能力","长袍的装备效果大幅提升","7023:至高魔法师（Lv14）","","5"
"8502","ドレスマスタリー","特殊アビリティ","ドレス・薄着の装備効果が上昇する","102:クィーンファッカー（Lv9）","","5","礼服精通","特殊能力","礼服・薄衣的装备效果提升","102:女王BF（Lv9）","","5"
"8503","ドレスハイマスタリー","特殊アビリティ","ドレス・薄着の装備効果が格段に上昇する","7039:QOBF（Lv13）","","15","礼服高级精通","特殊能力","礼服・薄衣的装备效果显著提升","7039:QOBF（Lv13）","","5"
"8504","兜マスタリー","特殊アビリティ","兜・重兜の装備効果が上昇する","20:九字剣神（Lv10）","","5","盔精通","特殊能力","盔・重盔的装备效果提升","20:九字剑神（Lv10）","","5"
"8505","兜ハイマスタリー","特殊アビリティ","兜・重兜の装備効果が格段に上昇する","7012:フォースマスター（Lv14）","","15","盔高级精通","特殊能力","盔・重盔的装备效果显著提升","7012:力量大师（Lv14）","","5"
"8506","帽子マスタリー","特殊アビリティ","帽子・魔帽・高級帽の装備効果が上昇する","50:魔女（Lv8）；139:神聖法王（Lv8）","","5","帽子精通","特殊能力","帽子・魔法帽・高级帽的装备效果提升","50:魔女（Lv8）；139:神圣教皇（Lv8）","","5"
"8507","帽子ハイマスタリー","特殊アビリティ","帽子・魔帽・高級帽の装備効果が格段に上昇する","7024:アルティメット魔法少女（Lv14）","","15","帽子高级精通","特殊能力","帽子・魔法帽・高级帽的装备效果显著提升","7024:究极魔法少女（Lv14）","","5"
"8508","盾マスタリー","特殊アビリティ","盾の装備効果が上昇する","74:ナイツオブラウンド（Lv8）；7009:キャプテンシールド（Lv9）","","5","盾精通","特殊能力","盾的装备效果提升","74:圆桌骑士（Lv8）；7009:盾队长（Lv9）","","5"
"8509","盾ハイマスタリー","特殊アビリティ","盾の装備効果が格段に上昇する","7055:シールドヒーロー（Lv15）","","15","盾高级精通","特殊能力","盾的装备效果显著提升","7055:盾牌英雄（Lv15）","","5"
"8510","混沌マスタリー","特殊アビリティ","混沌武器の装備効果が上昇する","","","10","混沌精通","特殊能力","混沌武器的装备效果提升","","","5"
"8511","混沌ハイマスタリー","特殊アビリティ","混沌武器の装備効果が格段に上昇する","","","15","混沌高级精通","特殊能力","混沌武器的装备效果显著提升","","","5"
"8512","剣士の備え","特殊アビリティ","スキルが短剣・剣・尖剣・刀装備時の威力になる","7011:究極剣士（Lv6）","","4","剑士的准备","特殊能力","使用技能时视为装备了短剑・剑・尖剑・刀","7011:究极剑士（Lv6）","","5"
"8513","騎士の備え","特殊アビリティ","スキルが尖剣・槍装備時の威力になる","7013:神竜の騎士（Lv4）","","4","骑士的准备","特殊能力","使用技能时视为装备了尖剑・枪","7013:神龙骑士（Lv4）","","5"
"8514","重戦士の備え","特殊アビリティ","スキルが斧・棍・鉄球装備時の威力になる","7015:メテオブレイカー（Lv2）","","4","重战士的准备","特殊能力","使用技能时视为装备了斧・棍・铁球","7015:流星破坏者（Lv2）","","5"
"8515","武道家の備え","特殊アビリティ","スキルが拳・棍装備時の威力になる","7016:拳神（Lv5）","","4","武道家的准备","特殊能力","使用技能时视为装备了拳・棍","7016:拳神（Lv5）","","5"
"8516","魔導師の備え","特殊アビリティ","スキルが杖・ロッド・魔導書装備時の威力になる","7023:ソーサラースプリーム（Lv2）","","4","魔导师的准备","特殊能力","使用技能时视为装备了杖・法杖・魔导书","7023:至高魔法师（Lv2）","","5"
"8517","狩人の備え","特殊アビリティ","スキルが弓矢・ブーメラン・銃装備時の威力になる","7064:全テヲ撃チ抜ク者（Lv4）","","4","猎人的准备","特殊能力","使用技能时视为装备了弓箭・回旋镖・铳","7064:全能击穿者（Lv4）","","5"
"8518","レンジャーの備え","特殊アビリティ","スキルが短剣・ブーメラン・忍者刀装備時の威力になる","7034:ラストサバイバー（Lv3）","193:ドラキュリーナ（Lv5）","4","游侠的准备","特殊能力","使用技能时视为装备了短剑・回旋镖・忍者刀","7034:最后幸存者（Lv3）","193:德古莉娜（Lv5）","5"
"8519","海賊の備え","特殊アビリティ","スキルが剣・銃装備時の威力になる","7031:七海覇王（Lv3）","","4","海贼的准备","特殊能力","使用技能时视为装备了剑・铳","7031:七海霸王（Lv3）","","5"
"8520","ヒーローの備え","特殊アビリティ","スキルが剣・拳・ロッド装備時の威力になる","78:ジャスティスカイザー（Lv4）","","4","英雄的准备","特殊能力","使用技能时视为装备了剑・拳・法杖","78:正义凯撒（Lv4）","","5"
"8521","アイドルの備え","特殊アビリティ","スキルが扇・竪琴・淫具装備時の威力になる","7038:コズミックアイドル（Lv2）","308:海神（Lv6）","4","偶像的准备","特殊能力","使用技能时视为装备了扇・竖琴・淫具","7038:宇宙偶像（Lv2）","308:海神（Lv6）","5"
"8522","魔芸師の備え","特殊アビリティ","スキルがロッド・メス・銃装備時の威力になる","7044:究極魔芸師（Lv3）","","4","魔艺师的准备","特殊能力","使用技能时视为装备了法杖・手术刀・铳","7044:究极魔艺师（Lv3）","","5"
"8523","職人の備え","特殊アビリティ","スキルが各種職業武器装備時の威力になる","7049:オールジョブラウンダー（Lv3）","","4","工匠的准备","特殊能力","使用技能时视为装备了各种职业武器","7049:全能职业者（Lv3）","","5"
"8524","王の備え","特殊アビリティ","スキルが剣・杖・ロッド装備時の威力になる","7050:覇王（Lv2）","","4","王的准备","特殊能力","使用技能时视为装备了剑・杖・法杖","7050:霸王（Lv2）","","5"
"8525","勇者の備え","特殊アビリティ","スキルが剣・刀・槍・斧装備時の威力になる","","","4","勇者的准备","特殊能力","使用技能时视为装备了剑・刀・枪・斧","","","5"
"8526","妖怪の備え","特殊アビリティ","スキルが刀・棍・鎌装備時の威力になる","","174:妖怪王（Lv3）","4","妖怪的准备","特殊能力","使用技能时视为装备了刀・棍・镰","","174:妖怪王（Lv3）","5"
"8527","淫魔の備え","特殊アビリティ","スキルが拳・ロッド・淫具装備時の威力になる","","183:リリスナイトメア（Lv2）","4","淫魔的准备","特殊能力","使用技能时视为装备了拳套・法杖・淫具","","183:莉莉丝梦魇（Lv2）","5"
"8528","人魚の備え","特殊アビリティ","スキルが杖・竪琴・そろばん装備時の威力になる","","202:伝説の神魚（Lv3）","4","人鱼的准备","特殊能力","使用技能时视为装备了杖・竖琴・算盘","","202:传说之神鱼（Lv3）","5"
"8529","エルフの備え","特殊アビリティ","スキルが剣・弓矢装備時の威力になる","","213:アルフ神族（Lv4）","4","精灵的准备","特殊能力","使用技能时视为装备了剑・弓箭","","213:亚尔夫神族（Lv4）","5"
"8530","妖精の備え","特殊アビリティ","スキルがロッド・カード装備時の威力になる","","222:コスモフェアリー（Lv4）","4","妖精的准备","特殊能力","使用技能时视为装备了法杖・卡牌","","222:宇宙妖精（Lv4）","5"
"8531","粘魔の備え","特殊アビリティ","スキルがブーメラン・杖装備時の威力になる","","231:究極群体生命（Lv5）","4","粘魔的准备","特殊能力","使用技能时视为装备了回旋镖・杖","","231:究极群体生命（Lv5）","5"
"8532","魔獣の備え","特殊アビリティ","スキルが槍・斧・拳・牙装備時の威力になる","","244:百獣王（Lv4）","4","魔兽的准备","特殊能力","使用技能时视为装备了枪・斧・拳套・牙","","244:百兽王（Lv4）","5"
"8533","妖狐の備え","特殊アビリティ","スキルが扇・忍者刀・包丁・ロッド装備時の威力になる","","253:零尾の狐（Lv4）","4","妖狐的准备","特殊能力","使用技能时视为装备了扇・忍者刀・菜刀・法杖","","253:零尾之狐（Lv4）","5"
"8534","ラミアの備え","特殊アビリティ","スキルが鉄球・杖装備時の威力になる","","264:ウロボロス（Lv4）","4","拉米亚的准备","特殊能力","使用技能时视为装备了铁球・杖","","264:衔尾蛇（Lv4）","5"
"8535","スキュラの備え","特殊アビリティ","スキルが刀・鞭・皿装備時の威力になる","","273:インフィニティスキュラ（Lv4）","4","斯库拉的准备","特殊能力","使用技能时视为装备了刀・鞭・盘","","273:无限斯库拉（Lv4）","5"
"8536","ハーピーの備え","特殊アビリティ","スキルが槍・扇装備時の威力になる","","282:神鳥（Lv4）","4","哈比的准备","特殊能力","使用技能时视为装备了枪・扇","","282:神鸟（Lv4）","5"
"8537","竜の備え","特殊アビリティ","スキルが剣・拳・牙装備時の威力になる","","291:神竜（Lv4）","4","龙的准备","特殊能力","使用技能时视为装备了剑・拳・牙","","291:神龙（Lv4）","5"
"8538","虫の備え","特殊アビリティ","スキルが拳・牙・ロッド装備時の威力になる","","318:神蟲（Lv4）","4","虫的准备","特殊能力","使用技能时视为装备了拳・牙・法杖","","318:神虫（Lv4）","5"
"8539","植物の備え","特殊アビリティ","スキルが鞭・杖装備時の威力になる","","327:世界樹花（Lv4）","4","植物的准备","特殊能力","使用技能时视为装备了鞭・杖","","327:世界树之花（Lv4）","5"
"8540","ゾンビの備え","特殊アビリティ","スキルが棍・メス装備時の威力になる","","335:カオスアンデッド（Lv4）","4","僵尸的准备","特殊能力","使用技能时视为装备了棍・手术刀","","335:混沌不死族（Lv4）","5"
"8541","幽霊の備え","特殊アビリティ","スキルが鎌・ロッド・魔導書装備時の威力になる","","343:エターニティ（Lv4）","4","幽灵的准备","特殊能力","使用技能时视为装备了镰・法杖・魔导书","","343:永恒（Lv4）","5"
"8542","人形の備え","特殊アビリティ","スキルが皿・扇・竪琴装備時の威力になる","","353:究極至高人形（Lv4）","4","人偶的准备","特殊能力","使用技能时视为装备了盘・扇・竖琴","","353:究极至高人偶（Lv4）","5"
"8543","天使の備え","特殊アビリティ","スキルが剣・槍・弓装備時の威力になる","","370:熾天使（Lv8）","4","天使的准备","特殊能力","使用技能时视为装备了装备剑・枪・弓","","370:炽天使（Lv8）","5"
"8544","全職の備え","特殊アビリティ","スキルが全武器装備時の威力になる","7077:職無キ者（Lv2）","","4","全职业的准备","特殊能力","技能威力与全武器装备时相同","7077:无职者（Lv2）","","5"
"8545","魔王獣","特殊アビリティ","邪獣に特化した能力値になる
※妖魔系の種族に就いていないとセットできない","","166:魔王（Lv2）","0","魔王兽","特殊能力","能力特化为邪兽的能力值
※非妖魔系种族无法装备","","166:魔王（Lv2）","5"
"8546","鬼神王","特殊アビリティ","鬼神に特化した能力値になる
※亜人系の種族に就いていないとセットできない","","174:妖怪王（Lv2）","0","鬼神王","特殊能力","能力特化为鬼神的能力值
※非亚人系种族无法装备","","174:妖怪王（Lv2）","5"
"8547","阿修羅王","特殊アビリティ","阿修羅に特化した能力値になる
※亜人系の種族に就いていないとセットできない","","174:妖怪王（Lv2）","0","阿修罗王","特殊能力","能力特化为阿修罗的能力值
※非亚人系种族无法装备","","174:妖怪王（Lv2）","5"
"8548","クノイチドラキュリーナ","特殊アビリティ","忍者に特化した能力値になる
※吸血鬼系の種族に就いていないとセットできない","","193:ドラキュリーナ（Lv2）","0","女忍德古莉娜","特殊能力","能力特化为忍者的能力值
※非吸血鬼系种族无法装备","","193:德古莉娜（Lv2）","5"
"8549","アークドラキュリーナ","特殊アビリティ","魔導師に特化した能力値になる
※吸血鬼系の種族に就いていないとセットできない","","193:ドラキュリーナ（Lv2）","0","大魔导士德古莉娜","特殊能力","能力特化为魔导师的能力值
※非吸血鬼系种族无法装备","","193:德古莉娜（Lv2）","5"
"8550","伝説の海賊人魚","特殊アビリティ","海賊に特化した能力値になる
※人魚系の種族に就いていないとセットできない","","202:伝説の神魚（Lv2）","0","传说中的海贼人鱼","特殊能力","能力特化为海贼的能力值
※如果不是人鱼系的种族就无法装备","","202:传说之神鱼（Lv2）","5"
"8551","アルフの剣士","特殊アビリティ","剣士に特化した能力値になる
※エルフ系の種族に就いていないとセットできない","","213:アルフ神族（Lv2）","0","亚尔夫剑士","特殊能力","能力特化为剑士的能力值
※如果不是精灵系的种族就无法装备","","213:亚尔夫神族（Lv2）","5"
"8552","コスモノーム","特殊アビリティ","土精に特化した能力値になる
※フェアリー系の種族に就いていないとセットできない","","222:コスモフェアリー（Lv2）","0","诺姆之子","特殊能力","能力特化为土精的能力值
※如果不是妖精系的种族就无法装备","","222:宇宙妖精（Lv2）","5"
"8553","猫又王","特殊アビリティ","ねこまたに特化した能力値になる
※魔獣系の種族に就いていないとセットできない","","244:百獣王（Lv2）","0","猫又王","特殊能力","能力特化为猫又的能力值
※如果不是魔兽系的种族就无法装备","","244:百兽王（Lv2）","5"
"8554","人馬王","特殊アビリティ","ケンタウロスに特化した能力値になる
※魔獣系の種族に就いていないとセットできない","","244:百獣王（Lv2）","0","人马王","特殊能力","能力特化为马人的能力值
※如果不是魔兽系的种族就无法装备","","244:百兽王（Lv2）","5"
"8555","牛魔王","特殊アビリティ","ミノタウロスに特化した能力値になる
※魔獣系の種族に就いていないとセットできない","","244:百獣王（Lv2）","0","牛魔王","特殊能力","能力特化为米诺陶洛斯的能力值
※如果不是魔兽系的种族就无法装备","","244:百兽王（Lv2）","5"
"8556","零尾獣","特殊アビリティ","狐獣に特化した能力値になる
※妖狐系の種族に就いていないとセットできない","","253:零尾の狐（Lv2）","0","零尾兽","特殊能力","能力特化为狐兽的能力值
※如果不是妖狐系的种族就无法装备","","253:零尾之狐（Lv2）","5"
"8557","無限聖蛇","特殊アビリティ","聖蛇に特化した能力値になる
※ラミア系の種族に就いていないとセットできない","","264:ウロボロス（Lv2）","0","无限圣蛇","特殊能力","能力特化为圣蛇的能力值
※如果不是拉米亚系的种族就无法装备","","264:衔尾蛇（Lv2）","5"
"8558","神蜘蛛","特殊アビリティ","アラクネに特化した能力値になる
※妖虫系の種族に就いていないとセットできない","","318:神蟲（Lv2）","0","神蜘蛛","特殊能力","能力特化为阿拉克涅的能力值
※非妖虫种族无法装备","","318:神虫（Lv2）","5"
"8559","カオスマミー","特殊アビリティ","マミーに特化した能力値になる
※ゾンビ系の種族に就いていないとセットできない","","335:カオスアンデッド（Lv2）","0","混沌木乃伊","特殊能力","能力特化为木乃伊的能力值
※非僵尸种族无法装备","","335:混沌不死族（Lv2）","5"
"8560","カオスドクター","特殊アビリティ","ゾンビドクターに特化した能力値になる
※ゾンビ系の種族に就いていないとセットできない","","335:カオスアンデッド（Lv2）","0","混沌医生","特殊能力","能力特化为僵尸医生的能力值
※非僵尸种族无法装备","","335:混沌不死族（Lv2）","5"
"8561","エターニティミミック","特殊アビリティ","ミミックに特化した能力値になる
※ゴースト系の種族に就いていないとセットできない","","343:エターニティ（Lv2）","0","永恒宝箱怪","特殊能力","能力特化为宝箱怪的能力值
※非幽灵种族无法装备","","343:永恒（Lv2）","5"
"8562","究極至高ゴーレム","特殊アビリティ","ゴーレムに特化した能力値になる
※ドール系の種族に就いていないとセットできない","","353:究極至高人形（Lv2）","0","究极至高魔像","特殊能力","能力特化为魔像的能力值
※非人偶种族无法装备","","353:究极至高人偶（Lv2）","5"
"8563","バスター特化兵装","特殊アビリティ","バスタータイプに特化した能力値になる
※ロイド系の種族に就いていないとセットできない","","7443:アサルトバスター（Lv4）","0","破坏者特化装备","特殊能力","能力特化为破坏者类型的能力值
※非机器人种族无法装备","","7443:突击破坏者（Lv4）","5"
"8564","アサルト特化兵装","特殊アビリティ","アサルトタイプに特化した能力値になる
※ロイド系の種族に就いていないとセットできない","","7443:アサルトバスター（Lv4）","0","突击特化装备","特殊能力","能力特化为突击类型的能力值
※非机器人种族无法装备","","7443:突击破坏者（Lv4）","5"
"8565","戦技APコンバーターA","特殊アビリティ","戦技APが50%アップし、職技APが50%ダウンする","","7424:淫欲の堕蛇（Lv6）","1","战技AP转换器A","特殊能力","战技AP提升50%，职技AP降低50%","","7424:淫欲的堕蛇（Lv6）","5"
"8566","戦技APコンバーターB","特殊アビリティ","戦技APが50%アップし、魔法APが50%ダウンする","","7427:虚竜（Lv6）","1","战技AP转换器B","特殊能力","战技AP提升50%，魔法AP降低50%","","7427:虚龙（Lv6）","5"
"8567","戦技APコンバーターC","特殊アビリティ","戦技APが50%アップし、防御APが50%ダウンする","","7422:時の神獣（Lv6）","1","战技AP转换器C","特殊能力","战技AP提升50%，防御AP降低50%","","7422:时之神兽（Lv6）","5"
"8568","戦技APコンバーターD","特殊アビリティ","戦技APが50%アップし、特殊APが50%ダウンする","","7415:マガツオオミカミ（Lv6）","1","战技AP转换器D","特殊能力","战技AP提升50%，特殊AP降低50%","","7415:祸津大御神（Lv6）","5"
"8569","戦技APコンバーターE","特殊アビリティ","戦技APが50%アップし、他APが15%ダウンする","","7446:星喰い（Lv6）","1","战技AP转换器E","特殊能力","战技AP提升50%，其他AP降低15%","","7446:星喰（Lv6）","5"
"8570","職技APコンバーターA","特殊アビリティ","職技APが50%アップし、戦技APが50%ダウンする","","7418:ワールドドロウン（Lv7）","1","职技AP转换器A","特殊能力","职技AP提升50%，战技AP降低50%","","7418:世界沉没者（Lv7）","5"
"8571","職技APコンバーターB","特殊アビリティ","職技APが50%アップし、魔法APが50%ダウンする","","7425:正体不明触手禍（Lv6）","1","职技AP转换器B","特殊能力","职技AP提升50%，魔法AP降低50%","","7425:正体不明触手祸（Lv6）","5"
"8572","職技APコンバーターC","特殊アビリティ","職技APが50%アップし、防御APが50%ダウンする","","7428:次元侵蝕者（Lv6）","1","职技AP转换器C","特殊能力","职技AP提升50%，防御AP降低50%","","7428:次元侵蚀者（Lv6）","5"
"8573","職技APコンバーターD","特殊アビリティ","職技APが50%アップし、特殊APが50%ダウンする","","7426:フェニックス（Lv6）","1","职技AP转换器D","特殊能力","职技AP提升50%，特殊AP降低50%","","7426:凤凰（Lv6）","5"
"8574","職技APコンバーターE","特殊アビリティ","職技APが50%アップし、他APが15%ダウンする","","7419:アンゴルモア（Lv6）","1","职技AP转换器E","特殊能力","职技AP提升50%，其他AP降低15%","","7419:安哥尔摩亚（Lv6）","5"
"8575","魔法APコンバーターA","特殊アビリティ","魔法APが50%アップし、戦技APが50%ダウンする","","7416:バビロンの大淫婦（Lv7）","1","魔法AP转换器A","特殊能力","魔法AP提升50%，战技AP降低50%","","7416:巴比伦的大淫妇（Lv7）","5"
"8576","魔法APコンバーターB","特殊アビリティ","魔法APが50%アップし、職技APが50%ダウンする","","7431:千樹華音（Lv4）","1","魔法AP转换器B","特殊能力","魔法AP提升50%，职技AP降低50%","","7431:千树华音（Lv4）","5"
"8577","魔法APコンバーターC","特殊アビリティ","魔法APが50%アップし、防御APが50%ダウンする","","7417:神祖（Lv8）","1","魔法AP转换器C","特殊能力","魔法AP提升50%，防御AP降低50%","","7417:神祖（Lv8）","5"
"8578","魔法APコンバーターD","特殊アビリティ","魔法APが50%アップし、特殊APが50%ダウンする","","7423:白面金毛九尾の狐（Lv6）","1","魔法AP转换器D","特殊能力","魔法AP提升50%，特殊AP降低50%","","7423:白面金毛九尾狐（Lv6）","5"
"8579","魔法APコンバーターE","特殊アビリティ","魔法APが50%アップし、他APが15%ダウンする","","7420:コスモス（Lv7）","1","魔法AP转换器E","特殊能力","魔法AP提升50%，其他AP降低15%","","7420:宇宙神蝶（Lv7）","5"
"8580","防御APコンバーターA","特殊アビリティ","防御APが50%アップし、戦技APが50%ダウンする","","7421:カナデ（Lv6）","1","防御AP转换器A","特殊能力","防御AP提升50%，战技AP降低50%","","7421:祸抚（Lv6）","5"
"8581","防御APコンバーターB","特殊アビリティ","防御APが50%アップし、職技APが50%ダウンする","","7430:バアル・ゼブブ（Lv6）","1","防御AP转换器B","特殊能力","防御AP提升50%，职技AP降低50%","","7430:巴力・西卜（Lv6）","5"
"8582","防御APコンバーターC","特殊アビリティ","防御APが50%アップし、魔法APが50%ダウンする","","7429:名状しがたきもの（Lv6）","1","防御AP转换器C","特殊能力","防御AP提升50%，魔法AP降低50%","","7429:不可名状之物（Lv6）","5"
"8583","防御APコンバーターD","特殊アビリティ","防御APが50%アップし、特殊APが50%ダウンする","","7434:影、紬ぐ人形（Lv4）","1","防御AP转换器D","特殊能力","防御AP提升50%，特殊AP降低50%","","7434:影、䌷人偶（Lv4）","5"
"8584","防御APコンバーターE","特殊アビリティ","防御APが50%アップし、他APが15%ダウンする","","7444:シンギュラリティ（Lv4）","1","防御AP转换器E","特殊能力","防御AP提升50%，其他AP降低15%","","7444:奇点（Lv4）","5"
"8585","特殊APコンバーターA","特殊アビリティ","特殊APが50%アップし、戦技APが50%ダウンする","","7433:死神（Lv6）","1","特殊AP转换器A","特殊能力","特殊AP提升50%，战技AP降低50%","","7433:死神（Lv6）","5"
"8586","特殊APコンバーターB","特殊アビリティ","特殊APが50%アップし、職技APが50%ダウンする","","7414:大魔王（Lv10）","1","特殊AP转换器B","特殊能力","特殊AP提升50%，职技AP降低50%","","7414:大魔王（Lv10）","5"
"8587","特殊APコンバーターC","特殊アビリティ","特殊APが50%アップし、魔法APが50%ダウンする","","7432:ノーライフキング（Lv6）","1","特殊AP转换器C","特殊能力","特殊AP提升50%，魔法AP降低50%","","7432:无生之王（Lv6）","5"
"8588","特殊APコンバーターD","特殊アビリティ","特殊APが50%アップし、防御APが50%ダウンする","","7436:天の軍団長（Lv6）；7437:明けの明星（Lv6）；7438:慈愛の聖百合（Lv6）；7439:律法の守護者（Lv5）；7440:天界決戦兵器（Lv7）；7441:死の獄卒（Lv6）；7442:核動力天使（Lv6）","1","特殊AP转换器D","特殊能力","特殊AP提升50%，防御AP降低50%","","7436:天之军团长（Lv6）；7437:璀璨之明星（Lv6）；7438:慈爱的圣百合（Lv6）；7439:律法的守护者（Lv5）；7440:天界决战兵器（Lv7）；7441:死之狱卒（Lv6）；7442:核动力天使（Lv6）","5"
"8589","特殊APコンバーターE","特殊アビリティ","特殊APが50%アップし、他APが15%ダウンする","","7435:オメガタイプ（Lv8）","1","特殊AP转换器E","特殊能力","特殊AP提升50%，其他AP降低15%","","7435:欧米伽之型（Lv8）","5"
"8590","マックスAPコンバーター","特殊アビリティ","全APが30%アップするが、経験値と職業経験値が獲得できない","","7412:混沌の魔神（Lv6）","1","最大AP转换器","特殊能力","所有AP提升30%，但无法获得经验值和职业经验值","","7412:混沌的魔神（Lv6）","5"
"8591","槍剣チェーン","特殊アビリティ","「槍技」の後に「剣技」を発動できる","","","10","枪剑链","特殊能力","「枪技」后可发动「剑技」","","","5"
"8592","サイコソードチェーン","特殊アビリティ","「サイコ」の後に「剣技」を発動できる","","","10","念动剑链","特殊能力","「念动」后可发动「剑技」","","","5"
"8593","盗賊の解錠マスター","特殊アビリティ","全ての宝箱が開けられるようになる","7065:音ヨリモ速キ者（Lv13）","","15","盗贼的开锁大师","特殊能力","所有宝箱都能打开","7065:超音速者（Lv13）","","5"
"9810","究極剣士の証","マスターアビリティ","戦技APの最大値が10上昇し、剣技ダメージが20%アップ","7011:究極剣士（Lv15）","","0","究极剑士的证明","大师能力","战技AP最大值增加10，剑技伤害提升20%","7011:究极剑士（Lv15）","","999"
"9811","フォースマスターの証","マスターアビリティ","魔法APの最大値が10上昇し、魔法剣ダメージが20%アップ","7012:フォースマスター（Lv15）","","0","力量大师的证明","大师能力","魔法AP的最大值增加10，魔法剑伤害提升20%","7012:力量大师（Lv15）","","999"
"9812","神竜の騎士の証","マスターアビリティ","戦技APの最大値が10上昇し、槍技ダメージが20%アップ","7013:神竜の騎士（Lv15）","","0","神龙骑士的证明","大师能力","战技AP的最大值增加10，枪技伤害提升20%","7013:神龙骑士（Lv15）","","999"
"9813","修羅の証","マスターアビリティ","戦技APの最大値が10上昇し、刀技ダメージが20%アップ","7014:修羅（Lv15）","","0","修罗的证明","大师能力","战技AP的最大值增加10，刀技伤害提升20%","7014:修罗（Lv15）","","999"
"9814","メテオブレイカーの証","マスターアビリティ","戦技APの最大値が10上昇し、斧技・棍技・鉄球技ダメージが20%アップ","7015:メテオブレイカー（Lv15）","","0","流星破坏者的证明","大师能力","战技AP的最大值增加10，斧技・棍技・铁球技伤害提升20%","7015:流星破坏者（Lv15）","","999"
"9815","拳神の証","マスターアビリティ","戦技APの最大値が10上昇し、格闘ダメージが20%アップ","7016:拳神（Lv15）","","0","拳神的证明","大师能力","战技AP的最大值增加10，格斗伤害提升20%","7016:拳神（Lv15）","","999"
"9816","神の守護者の証","マスターアビリティ","防御APの最大値が20上昇し、聖技ダメージが20%アップ","7017:神の守護者（Lv15）","","0","神之守护者的证明","大师能力","防御AP的最大值增加20，圣技伤害提升20%","7017:神之守护者（Lv15）","","999"
"9817","終焉魔導師の証","マスターアビリティ","魔法APの最大値が10上昇し、黒魔法ダメージが20%アップ","7018:終焉魔導師（Lv15）","","0","终焉魔导师的证明","大师能力","魔法AP的最大值增加10，黑魔法伤害提升20%","7018:终焉魔导师（Lv15）","","999"
"9818","銀河魔導師の証","マスターアビリティ","魔法APの最大値が10上昇し、時魔法ダメージが20%アップ","7019:銀河魔導師（Lv15）","","0","银河魔导师的证明","大师能力","魔法AP的最大值增加10，时魔法伤害提升20%","7019:银河魔导师（Lv15）","","999"
"9819","混沌召喚士の証","マスターアビリティ","魔法APの最大値が10上昇し、召喚魔法ダメージが20%アップ","7020:混沌召喚士（Lv15）","","0","混沌召唤士的证明","大师能力","魔法AP的最大值增加10，召唤魔法伤害提升20%","7020:混沌召唤士（Lv15）","","999"
"9820","太極陰陽師の証","マスターアビリティ","魔法APの最大値が10上昇し、陰陽術ダメージが20%アップ","7021:太極陰陽師（Lv15）","","0","太极阴阳师的证明","大师能力","魔法AP的最大值增加10，阴阳术伤害提升20%","7021:太极阴阳师（Lv15）","","999"
"9821","永劫魔導師の証","マスターアビリティ","魔法APの最大値が10上昇し、白魔法ダメージが20%アップ","7022:永劫魔導師（Lv15）","","0","永劫魔导师的证明","大师能力","魔法AP的最大值提升10，白魔法伤害增加20%","7022:永劫魔导师（Lv15）","","999"
"9822","ソーサラースプリームの証","マスターアビリティ","魔法APの最大値が10上昇し、全魔法ダメージが20%アップ
闇技のダメージはさらに20%アップ","7023:ソーサラースプリーム（Lv15）","","0","至高魔法师的证明","大师能力","魔法AP的最大值提升10，所有魔法伤害增加20%
暗技伤害额外增加20%","7023:至高魔法师（Lv15）","","999"
"9823","魔女の証","マスターアビリティ","魔法APの最大値が10上昇し、魔法ヒーロー技ダメージが20%アップ","50:魔女（Lv10）","","0","魔女的证明","大师能力","魔法AP的最大值提升10，魔法英雄技伤害增加20%","50:魔女（Lv10）","","999"
"9824","アルティメット魔法少女の証","マスターアビリティ","魔法APの最大値が20上昇し、最大MPと魔力が20%アップ
魔法ヒーロー技ダメージが50%アップ","7024:アルティメット魔法少女（Lv15）","","0","终极魔法少女的证明","大师能力","魔法AP的最大值提升20，最大MP和魔力增加20%
魔法英雄技伤害增加50%","7024:究极魔法少女（Lv15）","","999"
"9825","狩神の証","マスターアビリティ","戦技APの最大値が10上昇し、弓技ダメージが20%アップ","7025:狩神（Lv15）","","0","狩神的证明","大师能力","战技AP的最大值提升10，弓技伤害增加20%","7025:狩神（Lv15）","","999"
"9826","銃神の証","マスターアビリティ","戦技APの最大値が10上昇し、銃技ダメージが20%アップ","7026:銃神（Lv15）","","0","铳神的证明","大师能力","战技AP的最大值提升10，铳技伤害增加20%","7026:铳神（Lv15）","","999"
"9827","カオスバスターの証","マスターアビリティ","戦技APの最大値が10上昇し、鞭技ダメージが20%アップ","7027:カオスバスター（Lv15）","","0","混沌破坏者的证明","大师能力","战技AP的最大值提升10，鞭技伤害增加20%","7027:混沌破坏者（Lv15）","","999"
"9828","パーフェクトアームズの証","マスターアビリティ","戦技APの最大値が10上昇し、全武技ダメージが20%アップ
多武器技のダメージはさらに20%アップ","7028:パーフェクトアームズ（Lv15）","","0","完美武器的证明","大师能力","战技AP的最大值提升10，所有武技伤害增加20%
多武器技伤害额外增加20%","7028:完美武器（Lv15）","","999"
"9829","盗神の証","マスターアビリティ","職技APの最大値が10上昇し、短剣技ダメージが20%アップ","7029:盗神（Lv15）","","0","盗神的证明","大师能力","职业技AP的最大值提升10，短剑技伤害增加20%","7029:盗神（Lv15）","","999"
"9830","忍神の証","マスターアビリティ","職技APの最大値が10上昇し、忍術ダメージが20%アップ","7030:忍神（Lv15）","","0","忍神的证明","大师能力","职业技AP的最大值提升10，忍术伤害增加20%","7030:忍神（Lv15）","","999"
"9831","七海覇王の証","マスターアビリティ","戦技APの最大値が10上昇し、海賊技ダメージが20%アップ","7031:七海覇王（Lv15）","","0","七海霸王的证明","大师能力","战技AP的最大值提升10，海贼技伤害增加20%","7031:七海霸王（Lv15）","","999"
"9832","ジャスティスカイザーの証","マスターアビリティ","戦技APの最大値が10上昇し、物理ヒーロー技ダメージが20%アップ","78:ジャスティスカイザー（Lv10）","","0","正义凯撒的证明","大师能力","战技AP的最大值提升10，物理英雄技伤害增加20%","78:正义凯撒（Lv10）","","999"
"9833","エクセルシオールの証","マスターアビリティ","戦技APの最大値が20上昇し、最大HPと攻撃力が20%アップ
物理ヒーロー技ダメージが50%アップ","7032:エクセルシオール（Lv15）","","0","破界英雄的证明","大师能力","战技AP的最大值提升20，最大HP和攻击力增加20%
物理英雄技伤害增加50%","7032:破界英雄（Lv15）","","999"
"9834","商神の証","マスターアビリティ","職技APの最大値が10上昇し、商技・EXアイテムのダメージが20%アップ","7033:商神（Lv15）","","0","商神的证明","大师能力","职业技AP的最大值提升10，商技・EX物品的伤害增加20%","7033:商神（Lv15）","","999"
"9835","ラストサバイバーの証","マスターアビリティ","防御APの最大値が20上昇し、投擲技ダメージが20%アップ","7034:ラストサバイバー（Lv15）","","0","最后幸存者的证明","大师能力","防御AP的最大值提升20，投掷技伤害增加20%","7034:最后幸存者（Lv15）","","999"
"9836","ゴッドギャンブラーの証","マスターアビリティ","職技APの最大値が10上昇し、オラクルダメージが20%アップ","7035:ゴッドギャンブラー（Lv15）","","0","赌神的证明","大师能力","职业技AP的最大值提升10，神谕伤害增加20%","7035:赌神（Lv15）","","999"
"9837","舞踏神の証","マスターアビリティ","職技APの最大値が10上昇し、踊るダメージが20%アップ","7036:舞踏神（Lv15）","","0","舞蹈神的证明","大师能力","职业技AP的最大值提升10，舞蹈伤害增加20%","7036:舞蹈神（Lv15）","","999"
"9838","歌唱神の証","マスターアビリティ","職技APの最大値が10上昇し、歌うダメージが20%アップ","7037:歌唱神（Lv15）","","0","歌唱神的证明","大师能力","职业技AP的最大值提升10，歌唱伤害增加20%","7037:歌唱神（Lv15）","","999"
"9839","コズミックアイドルの証","マスターアビリティ","職技APの最大値が10上昇し、踊る・歌うダメージが20%アップ","7038:コズミックアイドル（Lv15）","","0","宇宙偶像的证明","大师能力","职业技AP的最大值提升10，舞蹈・歌唱伤害增加20%","7038:宇宙偶像（Lv15）","","999"
"9840","QOBFの証","マスターアビリティ","職技APの最大値が10上昇し、淫技ダメージが20%アップ","7039:QOBF（Lv15）","","0","QOBF的证明","大师能力","职业技AP的最大值提升10，淫技伤害增加20%","7039:QOBF（Lv15）","","999"
"9841","禁忌科学者の証","マスターアビリティ","魔法APの最大値が10上昇し、魔導科学ダメージが20%アップ","7040:禁忌科学者（Lv15）","","0","禁忌科学家的证明","大师能力","魔法AP的最大值提升10，魔导科学伤害增加20%","7040:禁忌科学家（Lv15）","","999"
"9842","トリスメギストスの証","マスターアビリティ","特殊APの最大値が10上昇し、錬金術ダメージが20%アップ","7041:トリスメギストス（Lv15）","","0","三重伟大的证明","大师能力","特殊AP的最大值提升10，炼金术伤害增加20%","7041:三重伟大（Lv15）","","999"
"9843","アカシックレコードの証","マスターアビリティ","魔法APの最大値が10上昇し、魔本術ダメージが20%アップ","7042:アカシックレコード（Lv15）","","0","阿卡西记录的证明","大师能力","魔法AP的最大值提升10，魔本术伤害增加20%","7042:阿卡西记录（Lv15）","","999"
"9844","ゴッドマシーナリーの証","マスターアビリティ","職技APの最大値が10上昇し、マキナダメージが20%アップ","7043:ゴッドマシーナリー（Lv15）","","0","神之机械的证明","大师能力","职技AP的最大值提升10，器械伤害增加20%","7043:神之机械（Lv15）","","999"
"9845","究極魔芸師の証","マスターアビリティ","特殊APの最大値が10上昇し、鎌技・召喚魔芸ダメージが20%アップ","7044:究極魔芸師（Lv15）","","0","究极魔艺师的证明","大师能力","特殊AP的最大值提升10，镰技・召唤术魔艺伤害增加20%","7044:究极魔艺师（Lv15）","","999"
"9846","言霊神の証","マスターアビリティ","職技APの最大値が10上昇し、話すダメージが20%アップ","7045:言霊神（Lv15）","","0","言灵神的证明","大师能力","职技AP的最大值提升10，交谈伤害增加20%","7045:言灵神（Lv15）","","999"
"9847","料理神の証","マスターアビリティ","職技APの最大値が10上昇し、料理ダメージが20%アップ","7046:料理神（Lv15）","","0","料理神的证明","大师能力","职技AP的最大值提升10，料理伤害增加20%","7046:料理神（Lv15）","","999"
"9848","禁医の証","マスターアビリティ","職技APの最大値が10上昇し、医術ダメージが20%アップ","7047:禁医（Lv15）","","0","禁医的证明","大师能力","职技AP的最大值提升10，医术伤害增加20%","7047:禁医（Lv15）","","999"
"9849","ゴッドメイドの証","マスターアビリティ","職技APの最大値が10上昇し、御奉仕ダメージが20%アップ","7048:ゴッドメイド（Lv15）","","0","神之女仆的证明","大师能力","职技AP的最大值提升10，侍奉伤害增加20%","7048:神之女仆（Lv15）","","999"
"9850","オールジョブラウンダーの証","マスターアビリティ","職技APの最大値が10上昇し、職技ダメージが20%アップ","7049:オールジョブラウンダー（Lv15）","","0","全能职业者的证明","大师能力","职技AP的最大值提升10，职技伤害增加20%","7049:全能职业者（Lv15）","","999"
"9851","覇王の証","マスターアビリティ","特殊APの最大値が10上昇し、王技ダメージが20%アップ","7050:覇王（Lv15）","","0","霸王的证明","大师能力","特殊AP的最大值增加10，王技伤害提升20%","7050:霸王（Lv15）","","999"
"9852","勇者の証","マスターアビリティ","戦技APの最大値が10上昇し、勇者技ダメージが20%アップ","143:光の勇者（Lv10）；144:闇の勇者（Lv10）","","0","勇者的证明","大师能力","战技AP的最大值增加10，勇者技伤害提升20%","143:光之勇者（Lv10）；144:暗之勇者（Lv10）","","999"
"9853","混沌の勇者の証","マスターアビリティ","戦技APの最大値が10上昇し、勇者技ダメージが20%アップ","7051:混沌の勇者（Lv15）","","0","混沌的勇者的证明","大师能力","战技AP的最大值增加10，勇者技伤害提升20%","7051:混沌的勇者（Lv15）","","999"
"9854","サイコトリニティの証","マスターアビリティ","魔法APの最大値が10上昇し、サイコダメージが20%アップ","7052:サイコトリニティ（Lv15）","","0","念动三位一体的证明","大师能力","魔法AP的最大值增加10，念动伤害提升20%","7052:念动三位一体（Lv15）","","999"
"9855","ラストノーブルの証","マスターアビリティ","戦技APの最大値が10上昇し、尖剣技ダメージが20%アップ","7053:ラストノーブル（Lv15）","","0","最后的贵族的证明","大师能力","战技AP的最大值增加10，尖剑技伤害提升20%","7053:最后的贵族（Lv15）","","999"
"9856","禁忌妖術師の証","マスターアビリティ","特殊APの最大値が10上昇し、妖術ダメージが20%アップ","7054:禁忌妖術師（Lv15）","","0","禁忌妖术师的证明","大师能力","特殊AP的最大值增加10，妖术伤害提升20%","7054:禁忌妖术师（Lv15）","","999"
"9857","シールドヒーローの証","マスターアビリティ","防御APの最大値が20上昇し、投擲技ダメージが20%アップ","7055:シールドヒーロー（Lv15）","","0","盾牌英雄的证明","大师能力","防御AP的最大值提升20，投掷技伤害增加20%","7055:盾牌英雄（Lv15）","","999"
"9858","剣ヲ極メシ者の証","マスターアビリティ","戦技APの最大値が20上昇し、攻撃力と防御力が20%アップ
剣技・刀技のダメージが50%アップ","7057:剣ヲ極メシ者（Lv20）","","0","剑之极致者的证明","大师能力","战技AP的最大值增加20，攻击力和防御力提升20%
剑技・刀技的伤害提升50%","7057:剑之极致者（Lv20）","","999"
"9859","全テヲ穿ツ者の証","マスターアビリティ","特殊APの最大値が20上昇し、攻撃力と素早さが20%アップ
尖剣技・槍技のダメージが50%アップ","7058:全テヲ穿ツ者（Lv20）","","0","贯穿一切者的证明","大师能力","特殊AP的最大值增加20，攻击力和敏捷提升20%
尖剑技・枪技的伤害提升50%","7058:贯穿一切者（Lv20）","","999"
"9860","全テヲ壊ス者の証","マスターアビリティ","戦技APの最大値が20上昇し、最大HPと攻撃力が20%アップ
斧技・棍技・鉄球技のダメージが50%アップ","7059:全テヲ壊ス者（Lv20）","","0","破坏一切者的证明","大师能力","战技AP的最大值提升20，最大HP和攻击力增加20%
斧技・棍技・铁球技的伤害提升50%","7059:破坏一切者（Lv20）","","999"
"9861","拳ヲ極メシ者の証","マスターアビリティ","防御APの最大値が20上昇し、攻撃力と素早さが20%アップ
格闘のダメージが50%アップ","7060:拳ヲ極メシ者（Lv20）","","0","拳之极致者的证明","大师能力","防御AP的最大值增加20，攻击力和敏捷提升20%
格斗伤害增加50%","7060:拳之极致者（Lv20）","","999"
"9862","全テヲ護ル者の証","マスターアビリティ","防御APの最大値が20上昇し、防御力と精神力が20%アップ
投擲技のダメージが50%アップ","7061:全テヲ護ル者（Lv20）","","0","守护一切者的证明","大师能力","防御AP的最大值增加20，防御力和精神力提升20%
投掷技伤害增加50%","7061:守护一切者（Lv20）","","999"
"9863","千ノ武具ヲ極メシ者の証","マスターアビリティ","戦技APの最大値が20上昇し、最大SPと攻撃力が20%アップ
鎌技・鞭技・多武器技・装備武器のダメージが50%アップ","7062:千ノ武具ヲ極メシ者（Lv20）","","0","千种武具之极致者的证明","大师能力","战技AP的最大值增加20，最大SP和攻击力提升20%
镰技・鞭技・多武器技・装备武器伤害增加50%","7062:千种武具之极致者（Lv20）","","999"
"9864","全テヲ識ル者の証","マスターアビリティ","魔法APの最大値が20上昇し、最大MPと魔力が20%アップ
全魔法のダメージが50%アップ","7063:全テヲ識ル者（Lv20）","","0","全知者的证明","大师能力","魔法AP的最大值提升20，最大MP和魔力增加20%
所有魔法伤害增加50%","7063:全知者（Lv20）","","999"
"9865","全テヲ撃チ抜ク者の証","マスターアビリティ","特殊APの最大値が20上昇し、最大SPと器用さが20%アップ
弓技・銃技のダメージが50%アップ","7064:全テヲ撃チ抜ク者（Lv20）","","0","全能击穿者的证明","大师能力","特殊AP的最大值增加20，最大SP和灵巧提升20%
弓技・铳技伤害增加50%","7064:全能击穿者（Lv20）","","999"
"9866","音ヨリモ速キ者の証","マスターアビリティ","防御APの最大値が20上昇し、素早さと器用さが20%アップ
短剣技・盗賊技・忍術のダメージが50%アップ","7065:音ヨリモ速キ者（Lv20）","","0","超音速者的证明","大师能力","防御AP的最大值增加20，敏捷和灵巧提升20%
短剑技・盗贼技・忍术伤害增加50%","7065:超音速者（Lv20）","","999"
"9867","極マリシ偶像の証","マスターアビリティ","職技APの最大値が20上昇し、最大SPと器用さが20%アップ
扇技・踊る・歌うのダメージが50%アップ","7066:極マリシ偶像（Lv20）","","0","极致偶像的证明","大师能力","职业技AP的最大值增加20，最大SP和灵巧提升20%
扇技・舞蹈・歌唱伤害增加50%","7066:极致偶像（Lv20）","","999"
"9868","快楽ヲ極メシ者の証","マスターアビリティ","職技APの最大値が20上昇し、精神力と器用さが20%アップ
淫技・サイコのダメージが50%アップ","7067:快楽ヲ極メシ者（Lv20）","","0","追求快乐者的证明","大师能力","职业技AP的最大值增加20，心灵和灵巧提升20%
淫技・念动伤害增加50%","7067:极乐追求者（Lv20）","","999"
"9869","真理ノ探究者の証","マスターアビリティ","魔法APの最大値が20上昇し、魔力と器用さが20%アップ
魔導科学・錬金術・魔本術・マキナのダメージが50%アップ","7068:真理ノ探究者（Lv20）","","0","真理探究者的证明","大师能力","魔法AP的最大值增加20，魔力和灵巧提升20%
魔导科学・炼金术・魔本术・器械伤害增加50%","7068:真理探究者（Lv20）","","999"
"9870","万職ヲ極メシ仕事人の証","マスターアビリティ","職技APの最大値が20上昇し、最大SPと器用さが20%アップ
全職技のダメージが50%アップ","7069:万職ヲ極メシ仕事人（Lv20）","","0","万职极尽的工匠的证明","大师能力","职业技AP的最大值增加20，最大SP和灵巧提升20%
全职业技伤害增加50%","7069:万职极尽的工匠（Lv20）","","999"
"9871","英雄王の証","マスターアビリティ","特殊APの最大値が20上昇し、最大HP・最大SP・攻撃力が20%アップ
海賊技・ヒーロー技・王技・勇者技のダメージが50%アップ","7070:英雄王（Lv20）","","0","英雄王的证明","大师能力","特殊AP的最大值增加20，最大HP・最大SP・攻击力增加20%
海贼技・英雄技・王技・勇者技的伤害增加50%","7070:英雄王（Lv20）","","999"
"9872","ジャッジメントの証","マスターアビリティ","全APの最大値が10上昇し、全能力が20%アップ
白魔法・聖技・カオスのダメージが50%アップ","7071:ジャッジメント（Lv20）","","0","审判者的证明","大师能力","所有AP的最大值增加10，所有能力增加20%
白魔法・圣技・混沌的伤害增加50%","7071:审判（Lv20）","","999"
"9873","ワールドブレイカーの証","マスターアビリティ","全APの最大値が10上昇し、全能力が20%アップ
黒魔法・闇技・カオスのダメージが50%アップ","7072:ワールドブレイカー（Lv20）","","0","世界破坏者的证明","大师能力","所有AP的最大值增加10，所有能力增加20%
黑魔法・暗技・混沌的伤害增加50%","7072:世界破坏者（Lv20）","","999"
"9874","職無キ者の証","マスターアビリティ","全APの最大値が10上昇し、全能力が20%アップ
全スキルのダメージが50%アップ","7077:職無キ者（Lv20）","","0","无职者的证明","大师能力","所有AP的最大值增加10，所有能力增加20%
所有技能的伤害增加50%","7077:无职者（Lv20）","","999"
"9875","もんむす・くえすと！の証","マスターアビリティ","全APの最大値が20上昇し、全能力が30%アップ
全スキルのダメージが75%アップ","7078:もんむす・くえすと！（Lv20）","","0","勇者大战魔物娘！的证明","大师能力","所有AP的最大值增加20，所有能力增加30%
所有技能的伤害增加75%","7078:もんむす・くえすと！（Lv20）","","999"
"9876","魔神の証","マスターアビリティ","特殊APの最大値が5上昇
鎌技・聖技・闇技ダメージが10%アップ","","153:魔神（Lv10）","0","魔神的证明","大师能力","特殊AP的最大值增加5
镰技・圣技・暗技的伤害增加10%","","153:魔神（Lv10）","999"
"9877","超魔神の証","マスターアビリティ","特殊APの最大値が10上昇
鎌技・聖技・闇技・カオスダメージが20%アップ","","154:超魔神（Lv20）","0","超魔神的证明","大师能力","特殊AP的最大值增加10
镰技・圣技・暗技・混沌的伤害增加20%","","154:超魔神（Lv20）","999"
"9878","混沌の魔神の証","マスターアビリティ","特殊APの最大値が20上昇し、全能力が20%アップ
鎌技・聖技・闇技・カオスダメージが50%アップ","","7412:混沌の魔神（Lv20）","0","混沌的魔神的证明","大师能力","特殊AP的最大值增加20，所有能力增加20%
镰技・圣技・暗技・混沌的伤害增加50%","","7412:混沌的魔神（Lv20）","999"
"9879","ワームエンプレスの証","マスターアビリティ","魔法・特殊APの最大値が5上昇
黒魔法・召喚・触手技ダメージが20%アップ","","157:ワームエンプレス（Lv20）","0","蠕虫女皇的证明","大师能力","魔法・特殊AP的最大值增加5
黑魔法・召唤术・触手技的伤害增加20%","","157:蠕虫女皇（Lv20）","999"
"9880","万魔の宿主の証","マスターアビリティ","魔法・特殊APの最大値が10上昇、最大MPと魔力が20%アップ
黒魔法・召喚・触手技ダメージが50%アップ","","7413:万魔の宿主（Lv20）","0","万魔之宿主的证明","大师能力","魔法・特殊AP的最大值增加10，最大MP和魔力提升20%
黑魔法・召唤术・触手技伤害提升50%","","7413:万魔之宿主（Lv20）","999"
"9881","魔王の証","マスターアビリティ","戦技・特殊APの最大値が5上昇
尖剣技・闇技・魔技ダメージが20%アップ","","166:魔王（Lv20）","0","魔王的证明","大师能力","战技・特殊AP的最大值增加5
尖剑技・暗技・魔技伤害提升20%","","166:魔王（Lv20）","999"
"9882","大魔王の証","マスターアビリティ","戦技・特殊APの最大値が10上昇、攻撃力と素早さが20%アップ
尖剣技・闇技・魔技ダメージが50%アップ","","7414:大魔王（Lv20）","0","大魔王的证明","大师能力","战技・特殊AP的最大值增加10，攻击力和敏捷提升20%
尖剑技・暗技・魔技伤害提升50%","","7414:大魔王（Lv20）","999"
"9883","妖怪王の証","マスターアビリティ","職技・特殊APの最大値が5上昇
刀技・棍技・鎌技・多武器技・陰陽術・魔技ダメージが20%アップ","","174:妖怪王（Lv20）","0","妖怪王的证明","大师能力","职业技・特殊AP的最大值增加5
刀技・棍技・镰技・多武器技・阴阳术・魔技伤害提升20%","","174:妖怪王（Lv20）","999"
"9884","マガツオオミカミの証","マスターアビリティ","職技・特殊APの最大値が10上昇、最大SPと攻撃力が20%アップ
刀技・棍技・鎌技・多武器技・陰陽術・魔技ダメージが50%アップ","","7415:マガツオオミカミ（Lv20）","0","祸津大御神的证明","大师能力","职业技・特殊AP的最大值增加10，最大SP和攻击力提升20%
刀技・棍技・镰技・多武器技・阴阳术・魔技伤害提升50%","","7415:祸津大御神（Lv20）","999"
"9885","リリスナイトメアの証","マスターアビリティ","魔法・特殊APの最大値が5上昇
淫技・サイコ・自然感応ダメージが20%アップ","","183:リリスナイトメア（Lv20）","0","莉莉丝梦魇的证明","大师能力","魔法・特殊AP的最大值增加5
淫技・念动・自然感应伤害提升20%","","183:莉莉丝梦魇（Lv20）","999"
"9886","バビロンの大淫婦の証","マスターアビリティ","魔法・特殊APの最大値が10上昇、素早さと器用さが20%アップ
淫技・サイコ・自然感応ダメージが50%アップ","","7416:バビロンの大淫婦（Lv20）","0","巴比伦的大淫妇的证明","大师能力","魔法・特殊AP的最大值增加10，敏捷和灵巧提升20%
淫技・念动・自然感应伤害提升50%","","7416:巴比伦的大淫妇（Lv20）","999"
"9887","ドラキュリーナの証","マスターアビリティ","職技・特殊APの最大値が5上昇
短剣技・黒魔法・忍術・魔技ダメージが20%アップ","","193:ドラキュリーナ（Lv20）","0","德古莉娜的证明","大师能力","职业技・特殊AP的最大值增加5
短剑技・黑魔法・忍术・魔技伤害提升20%","","193:德古莉娜（Lv20）","999"
"9888","神祖の証","マスターアビリティ","職技・特殊APの最大値が10上昇、攻撃力と魔力が20%アップ
短剣技・黒魔法・忍術・魔技ダメージが50%アップ","","7417:神祖（Lv20）","0","神祖的证明","大师能力","职业技能・特殊AP的最大值增加10，攻击力和魔力提升20%
短剑技・黑魔法・忍术・魔技伤害增加50%","","7417:神祖（Lv20）","999"
"9889","伝説の神魚の証","マスターアビリティ","魔法・特殊APの最大値が5上昇
白魔法・海賊技・商技・歌う・海技ダメージが20%アップ","","202:伝説の神魚（Lv20）","0","传说之神鱼的证明","大师能力","魔法・特殊AP的最大值增加5
白魔法・海贼技・商技・歌唱・海技伤害增加20%","","202:传说之神鱼（Lv20）","999"
"9890","ワールドドロウンの証","マスターアビリティ","魔法・特殊APの最大値が10上昇、魔力と精神力が20%アップ
白魔法・海賊技・商技・歌う・海技ダメージが50%アップ","","7418:ワールドドロウン（Lv20）","0","世界沉没者的证明","大师能力","魔法・特殊AP的最大值增加10，魔力和精神力提升20%
白魔法・海贼技・商技・歌唱・海技伤害增加50%","","7418:世界沉没者（Lv20）","999"
"9891","アルフ神族の証","マスターアビリティ","戦技・特殊APの最大値が5上昇
弓技・魔法剣・自然感応ダメージが20%アップ","","213:アルフ神族（Lv20）","0","亚尔夫神族的证明","大师能力","战技・特殊AP的最大值增加5
弓技・魔法剑・自然感应伤害增加20%","","213:亚尔夫神族（Lv20）","999"
"9892","アンゴルモアの証","マスターアビリティ","戦技・特殊APの最大値が10上昇、最大SPと器用さが20%アップ
弓技・魔法剣・自然感応ダメージが50%アップ","","7419:アンゴルモア（Lv20）","0","安哥尔摩亚的证明","大师能力","战斗技能・特殊AP的最大值增加10，最大SP和灵巧提升20%
弓技・魔法剑・自然感应伤害增加50%","","7419:安哥尔摩亚（Lv20）","999"
"9893","コスモフェアリーの証","マスターアビリティ","魔法・特殊APの最大値が5上昇
斧技・召喚・オラクル・踊る・自然感応ダメージが20%アップ","","222:コスモフェアリー（Lv20）","0","宇宙妖精的证明","大师能力","魔法・特殊AP的最大值增加5
斧技・召唤术・神谕・舞蹈・自然感应伤害增加20%","","222:宇宙妖精（Lv20）","999"
"9894","コスモスの証","マスターアビリティ","魔法・特殊APの最大値が10上昇、最大MPと魔力が20%アップ
斧技・召喚・オラクル・踊る・自然感応ダメージが50%アップ","","7420:コスモス（Lv20）","0","宇宙神蝶的证明","大师能力","魔法・特殊AP的最大值增加10，最大MP和魔力提升20%
斧技・召唤术・神谕・舞蹈・自然感应伤害增加50%","","7420:宇宙神蝶（Lv20）","999"
"9895","究極群体生命の証","マスターアビリティ","防御・特殊APの最大値が5上昇
投擲技・粘液技ダメージが20%アップ","","231:究極群体生命（Lv20）","0","究极群体生命的证明","大师能力","防御・特殊AP的最大值增加5
投掷技・粘液技伤害增加20%","","231:究极群体生命（Lv20）","999"
"9896","カナデの証","マスターアビリティ","防御・特殊APの最大値が10上昇、最大HPと防御力が20%アップ
投擲技・粘液技ダメージが50%アップ","","7421:カナデ（Lv20）","0","祸抚的证明","大师能力","防御・特殊AP的最大值增加10，最大HP和防御力提升20%
投掷技・粘液技伤害增加50%","","7421:祸抚（Lv20）","999"
"9897","百獣王の証","マスターアビリティ","戦技・特殊APの最大値が5上昇
槍技・斧技・盗賊技・獣技ダメージが20%アップ","","244:百獣王（Lv20）","0","百兽王的证明","大师能力","战技・特殊AP的最大值增加5
枪技・斧技・盗贼技・兽技伤害增加20%","","244:百兽王（Lv20）","999"
"9898","時の神獣の証","マスターアビリティ","戦技・特殊APの最大値が10上昇、攻撃力と素早さが20%アップ
槍技・斧技・盗賊技・獣技ダメージが50%アップ","","7422:時の神獣（Lv20）","0","时之神兽的证明","大师能力","战技・特殊AP的最大值增加10，攻击力和敏捷提升20%
枪技・斧技・盗贼技・兽技伤害增加50%","","7422:时之神兽（Lv20）","999"
"9899","零尾の狐の証","マスターアビリティ","職技・特殊APの最大値が5上昇
扇技・陰陽術・忍術・踊る・歌うダメージが20%アップ","","253:零尾の狐（Lv20）","0","零尾狐的证明","大师能力","职业技・特殊AP的最大值增加5
扇技・阴阳术・忍术・舞蹈・歌唱伤害增加20%","","253:零尾之狐（Lv20）","999"
"9900","白面金毛九尾の狐の証","マスターアビリティ","職技・特殊APの最大値が10上昇、魔力と器用さが20%アップ
扇技・陰陽術・忍術・踊る・歌うダメージが50%アップ","","7423:白面金毛九尾の狐（Lv20）","0","白面金毛九尾狐的证明","大师能力","职业技能・特殊AP最大值增加10，魔力和灵巧增加20%
扇技・阴阳术・忍术・舞蹈・歌唱伤害增加50%","","7423:白面金毛九尾狐（Lv20）","999"
"9901","ウロボロスの証","マスターアビリティ","防御・特殊APの最大値が5上昇
鉄球技・蛇技ダメージが20%アップ","","264:ウロボロス（Lv20）","0","衔尾蛇的证明","大师能力","防御・特殊AP的最大值增加5
铁球技・蛇技伤害增加20%","","264:衔尾蛇（Lv20）","999"
"9902","淫欲の堕蛇の証","マスターアビリティ","防御・特殊APの最大値が10上昇、防御力と精神力が20%アップ
鉄球技・蛇技ダメージが50%アップ","","7424:淫欲の堕蛇（Lv20）","0","淫欲的堕蛇的证明","大师能力","防御・特殊AP最大值增加10，防御力和精神力增加20%
铁球技・蛇技伤害增加50%","","7424:淫欲的堕蛇（Lv20）","999"
"9903","インフィニティスキュラの証","マスターアビリティ","職技・特殊APの最大値が5上昇
刀技・多武器技・御奉仕・触手技ダメージが20%アップ","","273:インフィニティスキュラ（Lv20）","0","无限斯库拉的证明","大师能力","职业技・特殊AP的最大值增加5
刀技・多武器技・侍奉・触手技伤害增加20%","","273:无限斯库拉（Lv20）","999"
"9904","正体不明触手禍の証","マスターアビリティ","職技・特殊APの最大値が10上昇、最大SPと器用さが20%アップ
刀技・多武器技・御奉仕・触手技ダメージが50%アップ","","7425:正体不明触手禍（Lv20）","0","正体不明触手祸的证明","大师能力","职业技能・特殊AP最大值增加10，最大SP和灵巧增加20%
刀技・多武器技・侍奉・触手技伤害增加50%","","7425:正体不明触手祸（Lv20）","999"
"9905","神鳥の証","マスターアビリティ","職技・特殊APの最大値が5上昇
槍技・扇技・盗賊技・翼技ダメージが20%アップ","","282:神鳥（Lv20）","0","神鸟的证明","大师能力","职业技・特殊AP的最大值增加5
枪技・扇技・盗贼技・翼技伤害增加20%","","282:神鸟（Lv20）","999"
"9906","フェニックスの証","マスターアビリティ","職技・特殊APの最大値が10上昇、最大SPと素早さが20%アップ
槍技・扇技・盗賊技・翼技ダメージが50%アップ","","7426:フェニックス（Lv20）","0","凤凰的证明","大师能力","职业技能・特殊AP最大值增加10，最大SP和敏捷增加20%
枪技・扇技・盗贼技・翼技伤害增加50%","","7426:凤凰（Lv20）","999"
"9907","神竜の証","マスターアビリティ","戦技・特殊APの最大値が5上昇
剣技・格闘・獣技・翼技・ブレスダメージが20%アップ","","291:神竜（Lv20）","0","神龙的证明","大师能力","战技・特殊AP的最大值增加5
剑技・格斗・兽技・翼技・吐息伤害增加20%","","291:神龙（Lv20）","999"
"9908","虚竜の証","マスターアビリティ","戦技・特殊APの最大値が10上昇、攻撃力と防御力が20%アップ
剣技・格闘・獣技・翼技・ブレスダメージが50%アップ","","7427:虚竜（Lv20）","0","虚龙的证明","大师能力","战技・特殊AP的最大值增加10，攻击力和防御力提升20%
剑技・格斗・兽技・翼技・吐息伤害提升50%","","7427:虚龙（Lv20）","999"
"9909","百魔の王の証","マスターアビリティ","防御・特殊APの最大値が5上昇
粘液技・獣技・ブレスダメージが20%アップ","","300:百魔の王（Lv20）","0","百魔之王的证明","大师能力","防御・特殊AP的最大值增加5
粘液技・兽技・吐息伤害提升20%","","300:百魔之王（Lv20）","999"
"9910","次元侵蝕者の証","マスターアビリティ","防御・特殊APの最大値が10上昇、防御力と器用さが20%アップ
粘液技・獣技・ブレスダメージが50%アップ","","7428:次元侵蝕者（Lv20）","0","次元侵蚀者的证明","大师能力","防御・特殊AP的最大值增加10，防御力和灵巧提升20%
粘液技・兽技・吐息伤害提升50%","","7428:次元侵蚀者（Lv20）","999"
"9911","海神の証","マスターアビリティ","職技・特殊APの最大値が5上昇
淫技・海技・触手技ダメージが20%アップ","","308:海神（Lv20）","0","海神的证明","大师能力","职业技・特殊AP的最大值增加5
淫技・海技・触手技伤害提升20%","","308:海神（Lv20）","999"
"9912","名状しがたきものの証","マスターアビリティ","職技・特殊APの最大値が10上昇、最大HPと精神力が20%アップ
淫技・海技・触手技ダメージが50%アップ","","7429:名状しがたきもの（Lv20）","0","不可名状之物的证明","大师能力","职业技・特殊AP的最大值增加10，最大HP和精神力提升20%
淫技・海技・触手技伤害提升50%","","7429:不可名状之物（Lv20）","999"
"9913","神蟲の証","マスターアビリティ","防御・特殊APの最大値が5上昇
格闘・時魔法・虫技ダメージが20%アップ","","318:神蟲（Lv20）","0","神虫的证明","大师能力","防御・特殊AP的最大值增加5
格斗・时魔法・虫技伤害提升20%","","318:神虫（Lv20）","999"
"9914","バアル・ゼブブの証","マスターアビリティ","防御・特殊APの最大値が10上昇、防御力と素早さが20%アップ
格闘・時魔法・虫技ダメージが50%アップ","","7430:バアル・ゼブブ（Lv20）","0","巴力・西卜的证明","大师能力","防御・特殊AP的最大值增加10，防御力和敏捷提升20%
格斗・时魔法・虫技伤害提升50%","","7430:巴力・西卜（Lv20）","999"
"9915","世界樹花の証","マスターアビリティ","魔法・特殊APの最大値が5上昇
鞭技・白魔法・植物技ダメージが20%アップ","","327:世界樹花（Lv20）","0","世界树之花的证明","大师能力","魔法・特殊AP的最大值增加5
鞭技・白魔法・植物技伤害提升20%","","327:世界树之花（Lv20）","999"
"9916","千樹華音の証","マスターアビリティ","魔法・特殊APの最大値が10上昇、魔力と器用さが20%アップ
鞭技・白魔法・植物技ダメージが50%アップ","","7431:千樹華音（Lv20）","0","千树华音的证明","大师能力","魔法・特殊AP的最大值增加10，魔力和灵巧提升20%
鞭技・白魔法・植物技伤害提升50%","","7431:千树华音（Lv20）","999"
"9917","カオスアンデッドの証","マスターアビリティ","防御・特殊APの最大値が5上昇
棍技・魔導科学・医術・屍技ダメージが20%アップ","","335:カオスアンデッド（Lv20）","0","混沌不死者的证明","大师能力","防御・特殊AP的最大值增加5
棍技・魔导科学・医术・尸技伤害提升20%","","335:混沌不死族（Lv20）","999"
"9918","ノーライフキングの証","マスターアビリティ","防御・特殊APの最大値が10上昇、最大HPと攻撃力が20%アップ
棍技・魔導科学・医術・屍技ダメージが50%アップ","","7432:ノーライフキング（Lv20）","0","无生之王的证明","大师能力","防御・特殊AP的最大值增加10，最大HP和攻击力增加20%
棍技・魔导科学・医术・尸技伤害增加50%","","7432:无生之王（Lv20）","999"
"9919","エターニティの証","マスターアビリティ","魔法・特殊APの最大値が5上昇
鎌技・錬金術・魔本術・屍技ダメージが20%アップ","","343:エターニティ（Lv20）","0","永恒的证明","大师能力","魔法・特殊AP的最大值增加5
镰技・炼金术・魔本术・尸技伤害增加20%","","343:永恒（Lv20）","999"
"9920","死神の証","マスターアビリティ","魔法・特殊APの最大値が10上昇、最大MPと魔力が20%アップ
鎌技・錬金術・魔本術・屍技ダメージが50%アップ","","7433:死神（Lv20）","0","死神的证明","大师能力","魔法・特殊AP的最大值增加10，最大MP和魔力提升20%
镰技・炼金术・魔本术・尸技伤害增加50%","","7433:死神（Lv20）","999"
"9921","究極至高人形の証","マスターアビリティ","職技・特殊APの最大値が5上昇
銃技・御奉仕・造技・巨技ダメージが20%アップ","","353:究極至高人形（Lv20）","0","究极至高人偶的证明","大师能力","职业技・特殊AP的最大值增加5
铳技・侍奉・造技・巨技伤害增加20%","","353:究极至高人偶（Lv20）","999"
"9922","影、紬ぐ人形の証","マスターアビリティ","職技・特殊APの最大値が10上昇、精神力と器用さが20%アップ
銃技・御奉仕・造技・巨技ダメージが50%アップ","","7434:影、紬ぐ人形（Lv20）","0","影、䌷人偶的证明","大师能力","职业技・特殊AP的最大值增加10，精神力和灵巧增加20%
铳技・侍奉・造技・巨技伤害增加50%","","7434:影、䌷人偶（Lv20）","999"
"9923","ウェポンタイプの証","マスターアビリティ","防御・特殊APの最大値が5上昇
マキナ・造技・ブレスダメージが20%アップ","","361:ウェポンタイプ（Lv20）","0","武器类型的证明","大师能力","防御・特殊AP的最大值增加5
器械・造技・吐息伤害增加20%","","361:武器类型（Lv20）","999"
"9924","オメガタイプの証","マスターアビリティ","防御・特殊APの最大値が10上昇、最大HPと最大SPが20%アップ
マキナ・造技・ブレスダメージが50%アップ","","7435:オメガタイプ（Lv20）","0","欧米伽之型的证明","大师能力","防御・特殊AP的最大值增加10，最大HP和最大SP增加20%
器械・造技・吐息伤害增加50%","","7435:欧米伽之型（Lv20）","999"
"9925","熾天使の証","マスターアビリティ","戦技・特殊APの最大値が5上昇
剣技・弓技・聖技ダメージが20%アップ","","370:熾天使（Lv20）","0","炽天使的证明","大师能力","战技・特殊AP的最大值增加5
剑技・弓技・圣技伤害增加20%","","370:炽天使（Lv20）","999"
"9926","七大天使の証","マスターアビリティ","戦技・特殊APの最大値が10上昇、攻撃力と精神力が20%アップ
剣技・弓技・聖技ダメージが50%アップ","","7438:慈愛の聖百合（Lv20）；7439:律法の守護者（Lv20）；7440:天界決戦兵器（Lv20）；7441:死の獄卒（Lv20）；7442:核動力天使（Lv20）","0","七大天使的证明","大师能力","战技・特殊AP的最大值增加10，攻击力和精神力增加20%
剑技・弓技・圣技伤害增加50%","","7438:慈爱的圣百合（Lv20）；7439:律法的守护者（Lv20）；7440:天界决战兵器（Lv20）；7441:死之狱卒（Lv20）；7442:核动力天使（Lv20）","999"
"9927","アサルトバスターの証","マスターアビリティ","防御・特殊APの最大値が5上昇
銃技・マキナ・造技ダメージが20%アップ","","7443:アサルトバスター（Lv20）","0","突击破坏者的证明","大师能力","防御・特殊AP的最大值增加5
铳技・器械・造技伤害提升20%","","7443:突击破坏者（Lv20）","999"
"9928","シンギュラリティの証","マスターアビリティ","防御・特殊APの最大値が10上昇、防御力と器用さが20%アップ
銃技・マキナ・造技ダメージが50%アップ","","7444:シンギュラリティ（Lv20）","0","奇点的证明","大师能力","防御・特殊AP的最大值增加10，防御力和灵巧提升20%
铳技・器械・造技伤害提升50%","","7444:奇点（Lv20）","999"
"9929","巨神王の証","マスターアビリティ","防御・特殊APの最大値が5上昇
斧技・棍技・鉄球技・巨技ダメージが20%アップ","","7445:巨神王（Lv20）","0","巨神王的证明","大师能力","防御・特殊AP的最大值增加5
斧技・棍技・铁球技・巨技伤害提升20%","","7445:巨神王（Lv20）","999"
"9930","星喰いの証","マスターアビリティ","防御・特殊APの最大値が10上昇、最大HPと攻撃力が20%アップ
斧技・棍技・鉄球技・巨技ダメージが50%アップ","","7446:星喰い（Lv20）","0","星喰的证明","大师能力","防御・特殊AP的最大值增加10，最大HP和攻击力增加20%
斧技・棍技・铁球技・巨技伤害提升50%","","7446:星喰（Lv20）","999"
"9931","X型アポトーシスの証","マスターアビリティ","戦技・特殊APの最大値が5上昇
時魔法・聖技・闇技ダメージが20%アップ","","7447:X型アポトーシス（Lv20）","0","X型凋零者的证明","大师能力","战技・特殊AP的最大值增加5
时魔法・圣技・暗技伤害提升20%","","7447:X型凋零者（Lv20）","999"
"9932","XX型アポトーシスの証","マスターアビリティ","戦技・特殊APの最大値が10上昇、最大SPと最大MPが20%アップ
時魔法・聖技・闇技ダメージが50%アップ","","7448:XX型アポトーシス（Lv20）","0","XX型凋零者的证明","大师能力","战技・特殊AP最大值提升10，最大SP和最大MP提升20%
时魔法・圣技・暗技伤害提升50%","","7448:XX型凋零者（Lv20）","999"
"9933","混沌の使徒の証","マスターアビリティ","全APの最大値が10上昇、全能力が20%アップ
聖技・闇技・カオスダメージが50%アップ","","7449:混沌の使徒（Lv20）","0","混沌的使徒的证明","大师能力","全AP最大值提升10，全能力提升20%
圣技・暗技・混沌伤害提升50%","","7449:混沌的使徒（Lv20）","999"
"9934","創世の女神の証","マスターアビリティ","全APの最大値が10上昇、全能力が20%アップ
弓技・白魔法・聖技ダメージが50%アップ","","7450:創世の女神（Lv20）","0","创世女神的证明","大师能力","全AP最大值提升10，全能力提升20%
弓技・白魔法・圣技伤害提升50%","","7450:创世女神（Lv20）","999"
"9935","邪神の証","マスターアビリティ","全APの最大値が10上昇、全能力が20%アップ
尖剣技・闇技・魔技ダメージが50%アップ","","7451:邪神（Lv20）","0","邪神的证明","大师能力","全AP最大值提升10，全能力提升20%
尖剑技・暗技・魔技伤害提升50%","","7451:邪神（Lv20）","999"
"9936","第三の神の証","マスターアビリティ","全APの最大値が10上昇、全能力が20%アップ
時魔法・聖技・闇技・カオスダメージが50%アップ","","7452:第三の神（Lv20）","0","第三神的证明","大师能力","全AP最大值提升10，全能力提升20%
时魔法・圣技・暗技・混沌伤害提升50%","","7452:第三神（Lv20）","999"
"9937","カオスの証","マスターアビリティ","全APの最大値が20上昇、全能力が30%アップ
聖技・闇技・カオスダメージが75%アップ","","7453:カオス（Lv20）","0","混沌的证明","大师能力","全AP最大值增加20，全能力提升30%
圣技・闇技・混沌伤害增加75%","","7453:混沌（Lv20）","999"
"9939","斬武器マスタリーΩ","特殊アビリティ","剣・騎士剣・巨剣・魔導剣・刀の装備効果が極限まで上昇する","7057:剣ヲ極メシ者（Lv19）","","25","斩武器精通Ω","特殊能力","剑・骑士剑・巨剑・魔导剑・刀的装备效果提升至极限","7057:剑之极致者（Lv19）","","5"
"9940","突武器マスタリーΩ","特殊アビリティ","尖剣・槍・重槍の装備効果が極限まで上昇する","7058:全テヲ穿ツ者（Lv19）","","25","突武器精通Ω","特殊能力","尖剑・枪・重枪的装备效果提升至极限","7058:贯穿一切者（Lv19）","","5"
"9941","打武器マスタリーΩ","特殊アビリティ","斧・棍・鉄球の装備効果が極限まで上昇する","7059:全テヲ壊ス者（Lv19）","","25","打武器精通Ω","特殊能力","斧・棍・铁球的装备效果提升至极限","7059:破坏一切者（Lv19）","","5"
"9942","体武器マスタリーΩ","特殊アビリティ","拳・牙・淫具の装備効果が極限まで上昇する","7060:拳ヲ極メシ者（Lv19）；7073:破滅事象（Lv19）","","25","体武器精通Ω","特殊能力","拳・牙・淫具的装备效果提升至极限","7060:拳之极致者（Lv19）；7073:破灭事象（Lv19）","","5"
"9943","魔武器マスタリーΩ","特殊アビリティ","鎌・杖・ロッド・扇・魔導書の装備効果が極限まで上昇する","7063:全テヲ識ル者（Lv19）；7080:全テヲ癒ス者（Lv19）","","25","魔武器精通Ω","特殊能力","镰・杖・法杖・魔导书・扇的装备效果提升至极限","7063:全知者（Lv19）；7080:全治愈者（Lv19）","","5"
"9944","射武器マスタリーΩ","特殊アビリティ","弓矢・ブーメラン・銃の装備効果が極限まで上昇する","7064:全テヲ撃チ抜ク者（Lv19）","","25","射武器精通Ω","特殊能力","弓矢・回旋镖・铳的装备效果提升至极限","7064:全能击穿者（Lv19）","","5"
"9945","速武器マスタリーΩ","特殊アビリティ","短剣・忍者刀の装備効果が極限まで上昇する","7065:音ヨリモ速キ者（Lv19）","","25","速武器精通Ω","特殊能力","短剑・忍者刀的装备效果提升至极限","7065:超音速者（Lv19）","","5"
"9946","楽武器マスタリーΩ","特殊アビリティ","竪琴・扇の装備効果が極限まで上昇する","7066:極マリシ偶像（Lv19）","","25","乐武器精通Ω","特殊能力","竖琴・扇的装备效果提升至极限","7066:极致偶像（Lv19）","","5"
"9947","淫武器マスタリーΩ","特殊アビリティ","鞭・淫具の装備効果が極限まで上昇する","7067:快楽ヲ極メシ者（Lv19）","","25","淫武器精通Ω","特殊能力","鞭・淫具的装备效果提升至极限","7067:极乐追求者（Lv19）","","5"
"9948","職武器マスタリーΩ","特殊アビリティ","包丁・そろばん・メス・カード・皿の装備効果が極限まで上昇する","7069:万職ヲ極メシ仕事人（Lv19）","","25","职武器精通Ω","特殊能力","菜刀・算盘・手术刀・卡牌・盘的装备效果提升至极限","7069:万职极尽的工匠（Lv19）","","5"
"9949","混沌マスタリーΩ","特殊アビリティ","混沌武器の装備効果が極限まで上昇する","7071:ジャッジメント（Lv19）；7072:ワールドブレイカー（Lv19）","7454:混沌の精霊（Lv4）；7455:デウスエクスマキナ（Lv4）","25","混沌精通Ω","特殊能力","混沌武器的装备效果提升至极限","7071:审判（Lv19）；7072:世界破坏者（Lv19）","7454:混沌精灵（Lv4）；7455:机械降神（Lv4）","5"
"9950","服マスタリーΩ","特殊アビリティ","服・武道着の装備効果が極限まで上昇する","7065:音ヨリモ速キ者（Lv19）","","15","服装精通Ω","特殊能力","服装・武道服的装备效果提升至极限","7065:超音速者（Lv19）","","5"
"9951","鎧マスタリーΩ","特殊アビリティ","胸当て・鎧・重鎧・甲羅の装備効果が極限まで上昇する","7070:英雄王（Lv19）","","15","铠精通Ω","特殊能力","胸甲・铠・重铠・甲壳的装备效果提升至极限","7070:英雄王（Lv19）","","5"
"9952","ローブマスタリーΩ","特殊アビリティ","ローブの装備効果が極限まで上昇する","7063:全テヲ識ル者（Lv19）","","15","长袍精通Ω","特殊能力","长袍的装备效果提升至极限","7063:全知者（Lv19）","","5"
"9953","ドレスマスタリーΩ","特殊アビリティ","ドレス・薄着の装備効果が極限まで上昇する","7067:快楽ヲ極メシ者（Lv19）","","15","礼服精通Ω","特殊能力","礼服・薄衣的装备效果提升至极限","7067:极乐追求者（Lv19）","","5"
"9954","兜マスタリーΩ","特殊アビリティ","兜・重兜の装備効果が極限まで上昇する","7070:英雄王（Lv19）","","15","盔精通Ω","特殊能力","盔・重盔的装备效果提升至极限","7070:英雄王（Lv19）","","5"
"9955","帽子マスタリーΩ","特殊アビリティ","帽子・魔帽・高級帽の装備効果が極限まで上昇する","7068:真理ノ探究者（Lv19）；7080:全テヲ癒ス者（Lv19）","","15","帽子精通Ω","特殊能力","帽子・魔法帽・高级帽的装备效果提升至极限","7068:真理探究者（Lv19）；7080:全治愈者（Lv19）","","5"
"9956","盾マスタリーΩ","特殊アビリティ","盾の装備効果が極限まで上昇する","7061:全テヲ護ル者（Lv19）","","15","盾精通Ω","特殊能力","盾的装备效果提升至极限","7061:守护一切者（Lv19）","","5"
"9957","###　野生児追加","戦技アビリティ","","","","0","###　野生児追加","战技能力","","","","1"
"9958","力のオーバーロード","戦技アビリティ","攻撃力が75%アップするが、消費MPおよびSPが2倍になる","7057:剣ヲ極メシ者（Lv18）；7058:全テヲ穿ツ者（Lv18）；7059:全テヲ壊ス者（Lv18）；7060:拳ヲ極メシ者（Lv18）；7062:千ノ武具ヲ極メシ者（Lv18）；7070:英雄王（Lv18）","","3","力量超负荷","战技能力","攻击力提升75%，但消耗MP和SP变为两倍","7057:剑之极致者（Lv18）；7058:贯穿一切者（Lv18）；7059:破坏一切者（Lv18）；7060:拳之极致者（Lv18）；7062:千种武具之极致者（Lv18）；7070:英雄王（Lv18）","","1"
"9959","守りのオーバーロード","防御アビリティ","防御力が75%アップするが、消費MPおよびSPが2倍になる","7061:全テヲ護ル者（Lv18）","","3","守护超负荷","防御能力","防御力提升75%，但消耗MP和SP变为两倍","7061:守护一切者（Lv18）","","4"
"9960","魔力のオーバーロード","魔法アビリティ","魔力が75%アップするが、消費MPおよびSPが2倍になる","7063:全テヲ識ル者（Lv18）；7068:真理ノ探究者（Lv18）","","3","魔力超负荷","魔法能力","魔力提升75%，但消耗MP和SP变为两倍","7063:全知者（Lv18）；7068:真理探究者（Lv18）","","3"
"9961","精神のオーバーロード","防御アビリティ","精神力が75%アップするが、消費MPおよびSPが2倍になる","7061:全テヲ護ル者（Lv18）；7063:全テヲ識ル者（Lv18）；7080:全テヲ癒ス者（Lv18）","","3","精神超负荷","防御能力","精神力提升75%，但消耗MP和SP变为两倍","7061:守护一切者（Lv18）；7063:全知者（Lv18）；7080:全治愈者（Lv18）","","4"
"9962","素早さのオーバーロード","職技アビリティ","素早さが75%アップするが、消費MPおよびSPが2倍になる","7058:全テヲ穿ツ者（Lv18）；7060:拳ヲ極メシ者（Lv18）；7065:音ヨリモ速キ者（Lv18）","","3","敏捷超负荷","职技能力","敏捷提升75%，但消耗MP和SP变为两倍","7058:贯穿一切者（Lv18）；7060:拳之极致者（Lv18）；7065:超音速者（Lv18）","","2"
"9963","器用さのオーバーロード","職技アビリティ","器用さが75%アップするが、消費MPおよびSPが2倍になる","7062:千ノ武具ヲ極メシ者（Lv18）；7064:全テヲ撃チ抜ク者（Lv18）；7065:音ヨリモ速キ者（Lv18）；7066:極マリシ偶像（Lv18）；7067:快楽ヲ極メシ者（Lv18）；7068:真理ノ探究者（Lv18）；7069:万職ヲ極メシ仕事人（Lv18）","","3","灵巧超负荷","职技能力","灵巧提升75%，但消耗MP和SP变为两倍","7062:千种武具之极致者（Lv18）；7064:全能击穿者（Lv18）；7065:超音速者（Lv18）；7066:极致偶像（Lv18）；7067:极乐追求者（Lv18）；7068:真理探究者（Lv18）；7069:万职极尽的工匠（Lv18）","","2"
"9964","絶対的神聖存在","特殊アビリティ","HP・MP・SPおよび全能力値が1.5倍になるが「聖技」しか使用できない","7071:ジャッジメント（Lv6）","","3","绝对神圣存在","特殊能力","HP・MP・SPおよび全能力値が1.5倍になるが「聖技」しか使用できない","7071:审判（Lv6）","","5"
"9965","絶対的破壊存在","特殊アビリティ","HP・MP・SPおよび全能力値が1.5倍になるが「闇技」しか使用できない","7072:ワールドブレイカー（Lv6）","","3","绝对的破坏存在","特殊能力","HP・MP・SPおよび全能力値が1.5倍になるが「闇技」しか使用できない","7072:世界破坏者（Lv6）","","5"
"9966","フォトンエンジン","特殊アビリティ","永劫属性の威力が2倍になるが、消費MPおよびSPが1.5倍になる","7071:ジャッジメント（Lv15）","","3","光子引擎","特殊能力","永劫属性の威力が2倍になるが、消費MPおよびSPが1.5倍になる","7071:审判（Lv15）","","5"
"9967","ワールドエンジン","特殊アビリティ","終焉属性の威力が2倍になるが、消費MPおよびSPが1.5倍になる","7072:ワールドブレイカー（Lv15）","","3","世界引擎","特殊能力","終焉属性の威力が2倍になるが、消費MPおよびSPが1.5倍になる","7072:世界破坏者（Lv15）","","5"
"9968","天軍の長の証","マスターアビリティ","戦技・特殊APの最大値が10上昇、攻撃力と精神力が20%アップ
剣技・槍技・聖技ダメージが50%アップ","","7436:天の軍団長（Lv20）","0","天军之长的证明","大师能力","战技・特殊AP的最大值增加10，攻击力和精神力增加20%
剑技・枪技・圣技伤害提升50%","","7436:天之军团长（Lv20）","999"
"9969","明けの明星の証","マスターアビリティ","魔法・特殊APの最大値が10上昇、精神力と器用さが20%アップ
弓技・黒魔法・聖技ダメージが50%アップ","","7437:明けの明星（Lv20）","0","璀璨之明星的证明","大师能力","魔法・特殊AP的最大值增加10，精神力和灵巧提升20%
弓技・黑魔法・圣技伤害提升50%","","7437:璀璨之明星（Lv20）","999"
"9970","全能のオーバーロード","特殊アビリティ","全能力が2倍になるが、消費MPおよびSPも2倍になる","","7453:カオス（Lv19）","3","全能超负荷","特殊能力","所有能力变为2倍，但消耗MP和SP也变为2倍","","7453:混沌（Lv19）","5"
"9971","全テヲ癒ス者の証","マスターアビリティ","防御APの最大値が20上昇し、最大MPと精神力が20%アップ
白魔法・聖技・医術ダメージが50%アップ","7080:全テヲ癒ス者（Lv20）","","0","全治愈者的证明","大师能力","防御AP的最大值增加20，最大MP和精神力提升20%
白魔法・圣技・医术伤害提升50%","7080:全治愈者（Lv20）","","999"
"9972","魔物技消費SP3/4","特殊アビリティ","全魔物スキル使用時のSP消費が3/4になる","6998:野生児（Lv9）","","10","魔物技消費SP3/4","特殊能力","所有魔物技能使用时的SP消耗变为3/4","6998:野孩子（Lv9）","","5"
"9973","魔物技消費SP1/2","特殊アビリティ","全魔物スキル使用時のSP消費が1/2になる","6999:魔物魂（Lv9）","","20","魔物技消費SP1/2","特殊能力","所有魔物技能使用时的SP消耗变为1/2","6999:魔物魂（Lv9）","","5"
"9974","魔物技消費SP1/4","特殊アビリティ","全魔物スキル使用時のSP消費が1/4になる","7000:ワイルドハート（Lv7）","","30","魔物技消費SP1/4","特殊能力","所有魔物技能使用时的SP消耗变为1/4","7000:野性之心（Lv7）","","5"
"9975","魔物技消費SPなし","特殊アビリティ","全魔物スキル使用時のSP消費がなくなる","7073:破滅事象（Lv8）","","50","魔物技无消耗SP","特殊能力","所有魔物技能使用时不再消耗SP","7073:破灭事象（Lv8）","","5"
"9976","魔物技精神力付加","特殊アビリティ","全魔物スキルの威力に精神力を付加する","7056:超魔生物（Lv6）","","15","魔物技精神力附加","特殊能力","全魔物スキルの威力に精神力を付加する","7056:超魔生物（Lv6）","","5"
"9977","暴徹","特殊アビリティ","全魔物スキルの威力が攻撃力にのみ依存する","6998:野生児（Lv7）","","2","暴彻","特殊能力","所有魔物技能的威力仅取决于攻击力","6998:野孩子（Lv7）","","5"
"9978","守徹","特殊アビリティ","全魔物スキルの威力が防御力にのみ依存する","7000:ワイルドハート（Lv5）","","2","守彻","特殊能力","所有魔物技能的威力仅取决于防御力","7000:野性之心（Lv5）","","5"
"9979","魔徹","特殊アビリティ","全魔物スキルの威力が魔力にのみ依存する","6999:魔物魂（Lv7）","","2","魔彻","特殊能力","所有魔物技能的威力仅取决于魔力","6999:魔物魂（Lv7）","","5"
"9980","精徹","特殊アビリティ","全魔物スキルの威力が精神力にのみ依存する","7000:ワイルドハート（Lv5）","","2","精彻","特殊能力","所有魔物技能的威力仅取决于精神力","7000:野性之心（Lv5）","","5"
"9981","速徹","特殊アビリティ","全魔物スキルの威力が素早さにのみ依存する","6998:野生児（Lv8）","","2","速彻","特殊能力","所有魔物技能的威力仅取决于敏捷","6998:野孩子（Lv8）","","5"
"9982","技徹","特殊アビリティ","全魔物スキルの威力が器用さにのみ依存する","6999:魔物魂（Lv7）","","2","技彻","特殊能力","所有魔物技能的威力仅取决于灵巧","6999:魔物魂（Lv7）","","5"
"9983","魔物技ダブルチェーン","特殊アビリティ","任意の魔物技を二連続でチェーン発動できる","7056:超魔生物（Lv10）","","10","魔物技双重链","特殊能力","可以连续两次发动任意魔物技","7056:超魔生物（Lv10）","","5"
"9984","魔物技トリプルチェーン","特殊アビリティ","任意の魔物技を三連続でチェーン発動できる","7073:破滅事象（Lv13）","","20","魔物技三重链","特殊能力","可以连续三次发动任意魔物技","7073:破灭事象（Lv13）","","5"
"9985","魔物技ブースター","特殊アビリティ","全魔物技によるダメージが15%アップする","6999:魔物魂（Lv10）","","15","魔物技增强","特殊能力","所有魔物技造成的伤害提升15%","6999:魔物魂（Lv10）","","5"
"9986","魔物技ハイブースター","特殊アビリティ","全魔物技によるダメージが30%アップする","7000:ワイルドハート（Lv9）","","30","魔物技高级增强","特殊能力","所有魔物技造成的伤害提升30%","7000:野性之心（Lv9）","","5"
"9987","魔物技エクスブースター","特殊アビリティ","全魔物技によるダメージが50%アップする","7056:超魔生物（Lv13）","","45","魔物技极限增强","特殊能力","所有魔物技造成的伤害提升50%","7056:超魔生物（Lv13）","","5"
"9988","魔物技オーバーブースター","特殊アビリティ","全魔物技によるダメージと消費MP・SPが2倍になる
※同系統のブースターと同時セット可能","7073:破滅事象（Lv17）","","15","魔物技超增强","特殊能力","所有魔物技造成的伤害和消耗的MP・SP变为两倍
※可与同系列增强同时装备","7073:破灭事象（Lv17）","","5"
"9989","獣性","特殊アビリティ","魔物技しか使えないようになるが、威力が1.5倍になる","6998:野生児（Lv10）","","5","兽性","特殊能力","魔物技しか使えないようになるが、威力が1.5倍になる","6998:野孩子（Lv10）","","5"
"9990","過剰獣性","特殊アビリティ","魔物技しか使えないようになるが、全能力値が1.3倍になる","7000:ワイルドハート（Lv10）","","10","过度兽性","特殊能力","魔物技しか使えないようになるが、全能力値が1.3倍になる","7000:野性之心（Lv10）","","5"
"9991","破滅獣性","特殊アビリティ","魔物技しか使えないようになるが、全APが1.5倍になる","7073:破滅事象（Lv20）","","30","毁灭兽性","特殊能力","魔物技しか使えないようになるが、全APが1.5倍になる","7073:破灭事象（Lv20）","","5"
"9992","捕食無効","防御アビリティ","捕食を完全に無効化する","7056:超魔生物（Lv7）","","4","捕食无效","防御能力","完全无效化捕食","7056:超魔生物（Lv7）","","4"
"9993","貪欲の極み","特殊アビリティ","捕食技を全体化する","7056:超魔生物（Lv8）","","5","贪婪之极","特殊能力","捕食技全体化","7056:超魔生物（Lv8）","","5"
"9994","破滅の晩鐘","特殊アビリティ","魔技・自然感応で聖痕・闇穢状態の敵に特攻が発生する","7073:破滅事象（Lv9）","","2","毁灭的晚钟","特殊能力","魔技・自然感应对处于圣痕・暗秽状态的敌人发动特攻","7073:破灭事象（Lv9）","","5"
"9995","破滅の遮蔽","特殊アビリティ","海技・触手技で暗闇・沈黙状態の敵に特攻が発生する","7073:破滅事象（Lv10）","","2","破灭的遮蔽","特殊能力","海技・触手技对处于黑暗・沉默状态的敌人发动特攻","7073:破灭事象（Lv10）","","5"
"9996","破滅の追撃","特殊アビリティ","翼技・ブレス・巨技で能力低下状態の敵に特攻が発生する","7073:破滅事象（Lv11）","","2","破灭的追击","特殊能力","翼技・吐息・巨技对处于能力降低状态的敌人发动特攻","7073:破灭事象（Lv11）","","5"
"9997","破滅の逆境","特殊アビリティ","虫技・植物技で強化状態の敵に特攻が発生する","7073:破滅事象（Lv12）","","2","破灭的逆境","特殊能力","虫技・植物技对处于强化状态的敌人发动特攻","7073:破灭事象（Lv12）","","5"
"9998","超魔生物の証","マスターアビリティ","特殊APの最大値が10上昇し、全魔物技ダメージが20%アップ","7056:超魔生物（Lv15）","","0","超魔生物的证明","大师能力","特殊AP最大值增加10，全魔物技伤害提升20%","7056:超魔生物（Lv15）","","999"
"9999","破滅事象の証","マスターアビリティ","特殊APの最大値が20上昇し、攻撃力と素早さが20%アップ
全魔物技のダメージが50%アップ","7073:破滅事象（Lv20）","","0","破灭事象的证明","大师能力","特殊AP的最大值增加20，攻击力和敏捷提升20%
全魔物技伤害提升50%","7073:破灭事象（Lv20）","","999"
"10000","###　全てを癒す者追加","戦技アビリティ","","","","0","###　全てを癒す者追加","战技能力","","","","1"
"10009","バレットタイム","戦技アビリティ","攻撃を回避した際、次のターンにバレットタイムが発動する
バレットタイム中は連撃スキルのヒット数が増えるごとにダメージが増大","7064:全テヲ撃チ抜ク者（Lv20）","","25","子弹时间","战技能力","回避攻击时，下一回合触发子弹时间
子弹时间中，连击技能的命中次数越多，伤害越大","7064:全能击穿者（Lv20）","","1"
"10010","灰燼の武技","戦技アビリティ","全武技でバーン状態の敵に特攻が発生する","7058:全テヲ穿ツ者（Lv10）","","5","灰烬武技","战技能力","所有武技对处于燃烧状态的敌人发动特攻","7058:贯穿一切者（Lv10）","","1"
"10011","驚速の武技","戦技アビリティ","全武技で素早さ低下・スロウ・ストップ状態の敵に特攻が発生する","7058:全テヲ穿ツ者（Lv10）","","5","惊速武技","战技能力","所有武技对处于敏捷降低・减速・停止状态的敌人发动特攻","7058:贯穿一切者（Lv10）","","1"
"10012","圧壊の武技","戦技アビリティ","全武技でスタン・防御力低下状態の敵に特攻が発生する","7059:全テヲ壊ス者（Lv14）","","5","压碎武技","战技能力","所有武技对处于眩晕・防御力降低状态的敌人发动特攻","7059:破坏一切者（Lv14）","","1"
"10013","追打の武技","戦技アビリティ","全武技で弱体状態の敵に特攻が発生する","7064:全テヲ撃チ抜ク者（Lv13）","","5","追打武技","战技能力","所有武技对处于弱化状态的敌人发动特攻","7064:全能击穿者（Lv13）","","1"
"10014","逆境の武技","戦技アビリティ","全武技で強化状態の敵に特攻が発生する","7064:全テヲ撃チ抜ク者（Lv13）","","5","逆境武技","战技能力","所有武技对处于强化状态的敌人发动特攻","7064:全能击穿者（Lv13）","","1"
"10015","暗殺の武技","戦技アビリティ","全武技で暗闇・麻痺・睡眠・ショック状態の敵に特攻が発生する","7065:音ヨリモ速キ者（Lv8）","","5","暗杀武技","战技能力","所有武技对处于黑暗・麻痹・睡眠・电击状态的敌人发动特攻","7065:超音速者（Lv8）","","1"
"10016","お仕置きの武技","戦技アビリティ","全武技で快楽状態異常に特攻が発生する","7067:快楽ヲ極メシ者（Lv12）","","5","惩罚的武技","战技能力","所有武技对快乐状态异常的敌人有特攻效果","7067:极乐追求者（Lv12）","","1"
"10017","乾坤一擲","戦技アビリティ","攻撃を回避した際、次のターンに乾坤一擲が発動する
乾坤一擲中、ダメージ判定が一度のみのスキル威力超アップ","7060:拳ヲ極メシ者（Lv20）","","25","孤注一掷","战技能力","成功回避攻击时，下一回合会发动乾坤一掷
乾坤一掷中，伤害判定为一次性的技能威力大幅提升","7060:拳之极致者（Lv20）","","1"
"10018","全武技防御力付加","戦技アビリティ","防御力を参照しない全武技の威力に防御力を付加する","7061:全テヲ護ル者（Lv12）","","15","全武技防御力附加","战技能力","防御力を参照しない全武技の威力に防御力を付加する","7061:守护一切者（Lv12）","","1"
"10019","全武技魔力付加","戦技アビリティ","全武技の威力に魔力を付加する","7063:全テヲ識ル者（Lv9）","","15","全武技魔力附加","战技能力","全武技の威力に魔力を付加する","7063:全知者（Lv9）","","1"
"10020","全武技精神力付加","戦技アビリティ","全武技の威力に精神力を付加する","7080:全テヲ癒ス者（Lv13）","","15","全武技精神力附加","战技能力","全武技の威力に精神力を付加する","7080:全治愈者（Lv13）","","1"
"10021","全武技素早さ付加","戦技アビリティ","全武技の威力に素早さを付加する","7065:音ヨリモ速キ者（Lv13）","","15","全武技敏捷附加","战技能力","全武技の威力に素早さを付加する","7065:超音速者（Lv13）","","1"
"10022","全武技器用さ付加","戦技アビリティ","器用さを参照しない全武技の威力に器用さを付加する","7064:全テヲ撃チ抜ク者（Lv11）","","15","全武技灵巧附加","战技能力","器用さを参照しない全武技の威力に器用さを付加する","7064:全能击穿者（Lv11）","","1"
"10023","お仕置きの職技","職技アビリティ","全職技で快楽状態異常に特攻が発生する","7067:快楽ヲ極メシ者（Lv12）","","5","惩罚的职技","职技能力","所有职技对快乐状态异常的敌人有特攻效果","7067:极乐追求者（Lv12）","","2"
"10024","絶え間なき魅惑","職技アビリティ","ターン開始時、魅惑のポーズを確率発動する","7067:快楽ヲ極メシ者（Lv7）","","10","无尽的魅惑","职技能力","回合开始时，概率发动魅惑的姿势","7067:极乐追求者（Lv7）","","2"
"10025","ランダムアクト","職技アビリティ","ランダムに行動回数が増える事がある","7069:万職ヲ極メシ仕事人（Lv20）","","30","随机行动","职技能力","有时会增加随机行动次数","7069:万职极尽的工匠（Lv20）","","2"
"10026","全職技防御力付加","職技アビリティ","全職技の威力に防御力を付加する","7061:全テヲ護ル者（Lv12）","","15","全职技防御力附加","职技能力","全職技の威力に防御力を付加する","7061:守护一切者（Lv12）","","2"
"10027","全職技魔力付加","職技アビリティ","全職技の威力に魔力を付加する","7063:全テヲ識ル者（Lv9）","","15","全职技魔力附加","职技能力","全職技の威力に魔力を付加する","7063:全知者（Lv9）","","2"
"10028","全職技精神力付加","職技アビリティ","全職技の威力に精神力を付加する","7080:全テヲ癒ス者（Lv13）","","15","全职技精神力附加","职技能力","全職技の威力に精神力を付加する","7080:全治愈者（Lv13）","","2"
"10029","全職技素早さ付加","職技アビリティ","全職技の威力に素早さを付加する","7066:極マリシ偶像（Lv13）","","15","全职技敏捷附加","职技能力","全職技の威力に素早さを付加する","7066:极致偶像（Lv13）","","2"
"10030","対聖素消滅反応","魔法アビリティ","全魔法で聖痕状態の敵に特攻が発生する","7068:真理ノ探究者（Lv5）","","5","对圣素消亡反应","魔法能力","所有魔法对处于圣痕状态的敌人发动特攻","7068:真理探究者（Lv5）","","3"
"10031","対魔素消滅反応","魔法アビリティ","全魔法で闇穢状態の敵に特攻が発生する","7068:真理ノ探究者（Lv5）","","5","对魔素消亡反应","魔法能力","所有魔法对处于暗秽状态的敌人发动特攻","7068:真理探究者（Lv5）","","3"
"10032","ウィッチタイム","魔法アビリティ","敵の攻撃を回避した際、時間が2ターン停止する
ウィッチタイム中は能力大アップ、スキルが消費なしで発動可能","7063:全テヲ識ル者（Lv17）","","30","魔女时间","魔法能力","敌人攻击被回避时，时间停止2回合
魔女时间中能力大幅提升，技能无消耗发动","7063:全知者（Lv17）","","3"
"10033","癒し手の使命","魔法アビリティ","ターン中、状態異常・戦闘不能になっても白魔法・医術が発動する","7080:全テヲ癒ス者（Lv7）","","20","治愈者的使命","魔法能力","回合中，即使陷入异常状态或战斗不能，白魔法・医术也会发动","7080:全治愈者（Lv7）","","3"
"10034","癒しより他に道無し","魔法アビリティ","全ダメージ軽減、全状態異常および全即死効果無効、戦闘中二回まで再蘇生
白魔法・医術・聖技しか使用できなくなる","7080:全テヲ癒ス者（Lv15）","","1","除了治愈别无他法","魔法能力","全伤害减轻，全异常状态及全即死效果无效，战斗中最多复活两次
只能使用白魔法・医术・圣技","7080:全治愈者（Lv15）","","3"
"10035","麒麟の助け","魔法アビリティ","攻撃を回避した際に麒麟が自動召喚される","","","10","麒麟的帮助","魔法能力","回避攻击时麒麟自动召唤","","","3"
"10036","氷帰蝶の助け","魔法アビリティ","自身が状態異常になった際に氷帰蝶が自動召喚される","","","10","冰归蝶的援助","魔法能力","自身陷入异常状态时，冰归蝶会自动召唤","","","3"
"10037","全魔法攻撃力付加","魔法アビリティ","全魔法の威力に攻撃力を付加する","7059:全テヲ壊ス者（Lv14）","","15","所有魔法附加攻击力","魔法能力","全魔法の威力に攻撃力を付加する","7059:破坏一切者（Lv14）","","3"
"10038","全魔法防御力付加","魔法アビリティ","全魔法の威力に防御力を付加する","7061:全テヲ護ル者（Lv12）","","15","所有魔法附加防御力","魔法能力","全魔法の威力に防御力を付加する","7061:守护一切者（Lv12）","","3"
"10039","全魔法精神力付加","魔法アビリティ","精神力を参照しない全魔法の威力に精神力を付加する","7080:全テヲ癒ス者（Lv13）","","15","所有魔法附加精神力","魔法能力","精神力を参照しない全魔法の威力に精神力を付加する","7080:全治愈者（Lv13）","","3"
"10040","全魔法素早さ付加","魔法アビリティ","全魔法の威力に素早さを付加する","7066:極マリシ偶像（Lv13）","","15","所有魔法附加敏捷","魔法能力","全魔法の威力に素早さを付加する","7066:极致偶像（Lv13）","","3"
"10041","全魔法器用さ付加","魔法アビリティ","全魔法の威力に器用さを付加する","7068:真理ノ探究者（Lv7）","","15","所有魔法附加灵巧","魔法能力","全魔法の威力に器用さを付加する","7068:真理探究者（Lv7）","","3"
"10042","真・守護者の祈り","防御アビリティ","戦闘不能の仲間がいるとターン終了時に高確率で復活させる","7080:全テヲ癒ス者（Lv10）","","30","真・守护者的祈祷","防御能力","战斗不能的同伴在回合结束时有高概率复活","7080:全治愈者（Lv10）","","4"
"10043","警戒職技","防御アビリティ","全職技を使用した後、回避率がアップする","7065:音ヨリモ速キ者（Lv5）","","8","警戒职技","防御能力","使用全职技后，回避率上升","7065:超音速者（Lv5）","","4"
"10044","回避パワーチャージ","防御アビリティ","攻撃を回避した際に全力溜めが発動する","7065:音ヨリモ速キ者（Lv14）","","25","回避力量充能","防御能力","回避攻击时发动全力蓄力","7065:超音速者（Lv14）","","4"
"10045","回避マジックチャージ","防御アビリティ","攻撃を回避した際にコンセントレイトが発動する","7065:音ヨリモ速キ者（Lv14）","","25","回避魔法充能","防御能力","回避攻击时发动集中","7065:超音速者（Lv14）","","4"
"10046","回避テクニックチャージ","防御アビリティ","攻撃を回避した際にソフィスティケイトが発動する","7065:音ヨリモ速キ者（Lv14）","","25","回避技巧充能","防御能力","回避攻击时发动精密提升","7065:超音速者（Lv14）","","4"
"10047","衝撃吸収パワーチャージ","防御アビリティ","カウンターで全力溜めを確率発動する","7068:真理ノ探究者（Lv16）","","25","冲击吸收力量充能","防御能力","反击时概率发动全力蓄力","7068:真理探究者（Lv16）","","4"
"10048","衝撃吸収マジックチャージ","防御アビリティ","カウンターでコンセントレイトを確率発動する","7068:真理ノ探究者（Lv16）","","25","冲击吸收魔法充能","防御能力","反击时概率发动集中","7068:真理探究者（Lv16）","","4"
"10049","衝撃吸収テクニックチャージ","防御アビリティ","カウンターでソフィストケイトを確率発動する","7068:真理ノ探究者（Lv16）","","25","冲击吸收技巧充能","防御能力","反击时概率发动精密提升","7068:真理探究者（Lv16）","","4"
"10050","混沌武器ブースター","特殊アビリティ","混沌武器装備時、その武器によるダメージが15%アップする","","","10","混沌武器增强","特殊能力","装备混沌武器时，该武器造成的伤害提升15%","","","5"
"10051","混沌武器ハイブースター","特殊アビリティ","混沌武器装備時、その武器によるダメージが30%アップする","","","20","混沌武器高级增强","特殊能力","装备混沌武器时，该武器造成的伤害提升30%","","","5"
"10052","混沌武器エクスブースター","特殊アビリティ","混沌武器装備時、その武器によるダメージが50%アップする","","","30","混沌武器极限增强","特殊能力","装备混沌武器时，该武器造成的伤害提升50%","","","5"
"10053","混沌武器オーバーブースター","特殊アビリティ","混沌武器を用いたダメージと消費MP・SPが2倍になる
※同系統のブースターと同時セット可能","","","3","混沌武器超增强","特殊能力","使用混沌武器造成的伤害和消耗的MP・SP变为两倍
※可与同系列增强同时装备","","","5"
"10054","癒し手のコンボ","特殊アビリティ","「白魔法」「医術」「聖技」の順番で発動できる","7080:全テヲ癒ス者（Lv10）","","20","治愈手组合","特殊能力","可以按「白魔法」「医术」「圣技」的顺序发动","7080:全治愈者（Lv10）","","5"
"10055","トリは踊りで","特殊アビリティ","武技の後に「踊る」を発動できる","7066:極マリシ偶像（Lv8）","","10","鸟跃舞","特殊能力","武技后可以发动「舞蹈」","7066:极致偶像（Lv8）","","5"
"10056","トリは歌で","特殊アビリティ","魔法の後に「歌う」を発動できる","7066:極マリシ偶像（Lv8）","","10","鸟鸣曲","特殊能力","魔法后可以发动「歌唱」","7066:极致偶像（Lv8）","","5"
"10057","極上の一本","特殊アビリティ","武器を一本だけ装備している際、付加能力を含む装備効果がアップする
魔力と精神力が少しだけ上昇","7023:ソーサラースプリーム（Lv11）","","10","极上的一击","特殊能力","仅装备一把武器时，包括附加能力的装备效果提升
魔力和精神力稍微提升","7023:至高魔法师（Lv11）","","5"
"10058","至高の一本","特殊アビリティ","武器を一本だけ装備している際、付加能力を含む装備効果が大幅にアップする
魔力と精神力が少しだけ上昇","7063:全テヲ識ル者（Lv12）","","15","至高的一击","特殊能力","仅装备一把武器时，包括附加能力的装备效果大幅提升
魔力和精神力稍微提升","7063:全知者（Lv12）","","5"
"10060","###混沌の精霊・デウスエクスマキナ追加","戦技アビリティ","","","","0","###混沌の精霊・デウスエクスマキナ追加","战技能力","","","","1"
"10071","混沌乾坤一擲","戦技アビリティ","敵の攻撃を受けた際、反撃として乾坤一擲が確率発動
乾坤一擲中、ダメージ判定が一度のみのスキル威力超アップ","","7449:混沌の使徒（Lv13）","30","混沌乾坤一掷","战技能力","受到敌人攻击时，概率发动乾坤一掷作为反击
乾坤一掷中，伤害判定为一次性的技能威力大幅提升","","7449:混沌的使徒（Lv13）","1"
"10072","混沌バレットタイム","戦技アビリティ","敵の攻撃を受けた際、反撃としてバレットタイムが確率発動
バレットタイム中は連撃スキルのヒット数が増えるごとにダメージが増大","","7454:混沌の精霊（Lv12）","30","混沌子弹时间","战技能力","受到敌人攻击时，概率发动子弹时间作为反击
子弹时间中，连击技能的命中次数越多，伤害越大","","7454:混沌精灵（Lv12）","1"
"10073","混沌撃","戦技アビリティ","通常攻撃の威力が最大限に上がるが最大HPの10%を消費する","","7449:混沌の使徒（Lv4）","10","混沌击","战技能力","普通攻击的威力上升至最大，但会消耗最大HP的10%","","7449:混沌的使徒（Lv4）","1"
"10074","銃技連撃回数5アップ","戦技アビリティ","銃技連撃スキルのヒット数が5アップ","","7455:デウスエクスマキナ（Lv7）","30","铳技连击次数增加5","战技能力","铳技连击技能的命中次数增加5","","7455:机械降神（Lv7）","1"
"10075","寝技","戦技アビリティ","格闘で拘束状態の敵に特攻が発生する","","","2","寝技","战技能力","格斗对处于被拘束状态的敌人发动特攻","","","1"
"10076","影紬大爆発","職技アビリティ","戦闘不能時、敵全体に核熱属性の特大ダメージ","","7434:影、紬ぐ人形（Lv17）","15","影䌷大爆炸","职技能力","战斗不能时，对全体敌人造成核热属性的特大伤害","","7434:影、䌷人偶（Lv17）","2"
"10077","混沌ウィッチタイム","魔法アビリティ","敵の攻撃を受けた際、反撃としてウィッチタイムが確率発動
ウィッチタイム中は能力大アップ、スキルが消費なしで発動可能","","7455:デウスエクスマキナ（Lv12）","40","混沌魔女时间","魔法能力","受到敌人攻击时，概率发动魔女时间作为反击
魔女时间中能力大幅提升，技能无消耗发动","","7455:机械降神（Lv12）","3"
"10078","聖技連撃回数3アップ","魔法アビリティ","聖技連撃スキルのヒット数が3アップ","","7454:混沌の精霊（Lv7）","10","圣技连击次数增加3","魔法能力","圣技连击技能的命中次数增加3","","7454:混沌精灵（Lv7）","3"
"10079","聖技連撃回数4アップ","魔法アビリティ","聖技連撃スキルのヒット数が4アップ","","7453:カオス（Lv7）","20","圣技连击次数增加4","魔法能力","圣技连击技能的命中次数增加4","","7453:混沌（Lv7）","3"
"10080","闇技連撃回数3アップ","魔法アビリティ","闇技連撃スキルのヒット数が3アップ","","7454:混沌の精霊（Lv8）","10","暗技连击次数增加3","魔法能力","暗技连击技能的命中次数增加3","","7454:混沌精灵（Lv8）","3"
"10081","闇技連撃回数4アップ","魔法アビリティ","闇技連撃スキルのヒット数が4アップ","","7453:カオス（Lv7）","20","暗技连击次数增加4","魔法能力","暗技连击技能的命中次数增加4","","7453:混沌（Lv7）","3"
"10082","混沌より迫るもの","特殊アビリティ","聖技・闇技・カオスでヌルヌル・拘束状態の敵に特攻が発生する","","7454:混沌の精霊（Lv4）","2","混沌逼近之物","特殊能力","圣技・暗技・混沌对处于黏滑・拘束状态的敌人发动特攻","","7454:混沌精灵（Lv4）","5"
"10083","混沌を祓う混沌","特殊アビリティ","カオスでアポトーシスに特攻が発生する","","7455:デウスエクスマキナ（Lv8）","2","驱除混沌的混沌","特殊能力","混沌对凋零者有特攻","","7455:机械降神（Lv8）","5"
"10084","触手技連撃回数5アップ","特殊アビリティ","触手技連撃スキルのヒット数が5アップ","","7454:混沌の精霊（Lv6）","30","触手技连击次数增加5","特殊能力","触手技连击技能的命中次数增加5","","7454:混沌精灵（Lv6）","5"
"10085","造技連撃回数4アップ","特殊アビリティ","造技連撃スキルのヒット数が4アップ","","7455:デウスエクスマキナ（Lv6）","30","造技连击次数增加4","特殊能力","造技连击技能的命中次数增加4","","7455:机械降神（Lv6）","5"
"10086","カオス連撃回数3アップ","特殊アビリティ","カオス連撃スキルのヒット数が3アップ","","7454:混沌の精霊（Lv18）","20","混沌连击次数增加3","特殊能力","混沌连击技能的命中次数增加3","","7454:混沌精灵（Lv18）","5"
"10087","カオス連撃回数4アップ","特殊アビリティ","カオス連撃スキルのヒット数が4アップ","","7453:カオス（Lv18）","30","混沌连击次数增加4","特殊能力","混沌连击技能的命中次数增加4","","7453:混沌（Lv18）","5"
"10088","デウスの鼓動","特殊アビリティ","聖技・闇技・カオスの威力に器用さを付加する","","7455:デウスエクスマキナ（Lv9）","15","神之鼓动","特殊能力","聖技・闇技・カオスの威力に器用さを付加する","","7455:机械降神（Lv9）","5"
"10089","ヌル・コンボ","特殊アビリティ","「触手技」「聖技」「闇技」「カオス」の順番で発動できる","","7454:混沌の精霊（Lv10）","25","软・连击","特殊能力","「触手技」「圣技」「暗技」「混沌」的顺序可以发动","","7454:混沌精灵（Lv10）","5"
"10090","デウスの連技","特殊アビリティ","「銃技orマキナor造技」「聖技」「闇技」「カオス」の順番で発動できる","","7455:デウスエクスマキナ（Lv10）","25","神之连技","特殊能力","「铳技or器械or造技」「圣技」「暗技」「混沌」的顺序可以发动","","7455:机械降神（Lv10）","5"
"10091","女神連技","特殊アビリティ","「白魔法」「白魔法or医術」「弓技」「聖技」の順番で発動できる","","7450:創世の女神（Lv16）","25","女神连技","特殊能力","「白魔法」「白魔法or医术」「弓技」「圣技」的顺序可以发动","","7450:创世女神（Lv16）","5"
"10092","邪神連技","特殊アビリティ","「尖剣技」「尖剣技」「魔技」「闇技」の順番で発動できる","","7451:邪神（Lv16）","25","邪神连技","特殊能力","「尖剑技」「尖剑技」「魔技」「暗技」的顺序可以发动","","7451:邪神（Lv16）","5"
"10093","三番目のロンド","特殊アビリティ","「白魔法or聖技」「黒魔法or闇技」「時魔法」「カオス」の順番で発動できる","","7452:第三の神（Lv15）","25","第三乐章","特殊能力","「白魔法or圣技」「黑魔法or暗技」「时魔法」「混沌」的顺序可以发动","","7452:第三神（Lv15）","5"
"10094","混沌の精霊の証","マスターアビリティ","全APの最大値が10上昇、全能力が20%アップ
触手技・聖技・闇技・カオスダメージが50%アップ","","7454:混沌の精霊（Lv20）","0","混沌精灵的证明","大师能力","全AP最大值提升10，全能力提升20%
触手技・圣技・暗技・混沌伤害增加50%","","7454:混沌精灵（Lv20）","999"
"10095","デウスエクスマキナの証","マスターアビリティ","全APの最大値が10上昇、全能力が20%アップ
造技・聖技・闇技・カオスダメージが50%アップ","","7455:デウスエクスマキナ（Lv20）","0","机械降神的证明","大师能力","全AP最大值提升10，全能力提升20%
造技・圣技・暗技・混沌伤害增加50%","","7455:机械降神（Lv20）","999"
"10096","ラッシュターン延長","特殊アビリティ","乾坤一擲やバレットタイムの持続ターンが1ターン増加する
ウィッチタイムには適用されない","7068:真理ノ探究者（Lv7）","","15","急速回合延长","特殊能力","乾坤一掷或子弹时间的持续回合增加1回合
不适用于魔女时间","7068:真理探究者（Lv7）","","5"
"10097","ラッシュターン超延長","特殊アビリティ","乾坤一擲やバレットタイムの持続ターンが3ターン増加する
ウィッチタイムには適用されない","7068:真理ノ探究者（Lv20）","","30","急速回合超延长","特殊能力","乾坤一掷或子弹时间的持续回合增加3回合
不适用于魔女时间","7068:真理探究者（Lv20）","","5"
"10098","/ラッシュターン永続","特殊アビリティ","乾坤一擲やバレットタイムの持続ターンが永続する
ウィッチタイムには適用されない","","","45","/ラッシュターン永続","特殊能力","乾坤一掷或子弹时间的持续回合永久
不适用于魔女时间","","","5"
"10099","ウルトラチャンス","特殊アビリティ","乾坤一擲やバレットタイム発動時、全能力が大幅アップする
ウィッチタイムには適用されない","7059:全テヲ壊ス者（Lv20）","","10","超级机会","特殊能力","乾坤一掷或子弹时间发动时，所有能力大幅提升
不适用于魔女时间","7059:破坏一切者（Lv20）","","5"
"10100","精霊強化","魔法アビリティ","四精霊および麒麟・氷帰蝶の効果を大幅に強化する","7070:英雄王（Lv13）","","15","精灵强化","魔法能力","四大精灵及麒麟・冰归蝶的效果大幅强化","7070:英雄王（Lv13）","","3"
"10102","固有アビリティ発動無効化","特殊アビリティ","自動発動系の固有アビリティを無効化する
戦闘開始時発動およびターン開始・終了時発動が無効","","","0","固有アビリティ発動無効化","特殊能力","自動発動系の固有アビリティを無効化する
戦闘開始時発動およびターン開始・終了時発動が無効","","","5"
