"角色ID","日本角色名称","Faces路径","Faces索引","角色立绘路径","角色立绘索引","角色Cut-inPictures路径","中文角色名称"
"1","ルカ","Graphics/Faces/ruka_fc1","0","Graphics/Characters/Main01_cip","0","Graphics/Pictures/80_ruka_st01；Graphics/Pictures/80_sylph_st01；Graphics/Pictures/80_gnome_st21；Graphics/Pictures/80_undine_st01；Graphics/Pictures/80_salamander_st02；Graphics/Pictures/ct_ruka3；Graphics/Pictures/iv_rukab3；Graphics/Pictures/ct_ruka2","鲁卡"
"2","ルカ","Graphics/Faces/ruka_fc4","0","Graphics/Characters/Main04_cip","3","Graphics/Pictures/80_ruka_st31b；Graphics/Pictures/80_sylph_st01；Graphics/Pictures/80_gnome_st21；Graphics/Pictures/80_undine_st01；Graphics/Pictures/80_salamander_st02；Graphics/Pictures/iv_rukab3","鲁卡"
"3","ルカ","Graphics/Faces/ruka_fc3","0","Graphics/Characters/Main03_cip","7","Graphics/Pictures/80_ruka_st21；Graphics/Pictures/80_sylph_st01；Graphics/Pictures/80_gnome_st21；Graphics/Pictures/80_undine_st01；Graphics/Pictures/80_salamander_st02；Graphics/Pictures/iv_rukab3","鲁卡"
"4","ルカ","Graphics/Faces/ruka_fc99","0","Graphics/Characters/Main03_cip","6","Graphics/Pictures/80_ruka_st99；Graphics/Pictures/80_sylph_st01；Graphics/Pictures/80_gnome_st21；Graphics/Pictures/80_undine_st01；Graphics/Pictures/80_salamander_st02；Graphics/Pictures/ct_ruka99","鲁卡"
"5","アリス","Graphics/Faces/alice_fc5","0","Graphics/Characters/Main02_cip","4","Graphics/Pictures/ct_alice1","爱丽丝"
"6","アリス","Graphics/Faces/alice_fc1","0","Graphics/Characters/Main01_cip","1","Graphics/Pictures/80_alice_st01","爱丽丝"
"7","アリス","Graphics/Faces/alice_fc7","0","Graphics/Characters/$Awakening_Alice_the16th_01_cip","0","Graphics/Pictures/80_alice_st51b","爱丽丝"
"9","ワールドブレイカー","Graphics/Faces/worldbreaker_fc1","0","Graphics/Characters/Main03_cip","3","Graphics/Pictures/80_sylph_st01；Graphics/Pictures/80_gnome_st21；Graphics/Pictures/80_undine_st01；Graphics/Pictures/80_salamander_st02；Graphics/Pictures/80_alice_st01","世界破坏者"
"10","ジャッジメント","Graphics/Faces/judgement_fc1","0","Graphics/Characters/Main03_cip","2","Graphics/Pictures/80_iriasu_st41","审判"
"12","シルフ","Graphics/Faces/sylph_fc1","0","Graphics/Characters/Main02_cip","0","Graphics/Pictures/80_sylph_st05","希尔芙"
"13","ノーム","Graphics/Faces/gnome_fc1","0","Graphics/Characters/Main02_cip","1","Graphics/Pictures/80_gnome_st21","诺姆"
"14","ウンディーネ","Graphics/Faces/undine_fc1","0","Graphics/Characters/Main02_cip","2","Graphics/Pictures/80_undine_st01","温蒂妮"
"15","サラマンダー","Graphics/Faces/salamander_fc1","0","Graphics/Characters/Main02_cip","3","Graphics/Pictures/80_salamander_st03","萨拉曼达"
"16","グランベリア","Graphics/Faces/granberia_fc3","0","Graphics/Characters/Main01_cip","4","Graphics/Pictures/ct_granberia1；Graphics/Pictures/ct_granberia2；Graphics/Pictures/ct_granberia3；Graphics/Pictures/ct_granberia5","古兰贝莉娅"
"17","グランベリア","Graphics/Faces/granberia_fc4","3","Graphics/Characters/Main02_cip","7","Graphics/Pictures/ct_granberia4","古兰贝莉娅"
"19","アルマエルマ","Graphics/Faces/arumaeruma_fc2","0","Graphics/Characters/Main01_cip","6","Graphics/Pictures/ct_arumaeruma1；Graphics/Pictures/ct_arumaeruma3；Graphics/Pictures/ct_arumaeruma4；Graphics/Pictures/ct_arumaeruma2","阿露艾露玛"
"21","たまも","Graphics/Faces/tamamo_fc1","0","Graphics/Characters/Main01_cip","5","","玉藻"
"22","玉藻","Graphics/Faces/tamamo_fc2","0","Graphics/Characters/Main03_cip","0","","玉藻"
"23","エルベティエ","Graphics/Faces/erbetie_fc1","0","Graphics/Characters/Main01_cip","7","","艾露贝提耶"
"24","エルベティエ・カナデ","Graphics/Faces/erbetie_fc2","0","Graphics/Characters/$Awakening_Erubetie01_cip","0","","艾露贝提耶・祸抚"
"26","イリアス","Graphics/Faces/iriasu_fc4","0","Graphics/Characters/Main02_cip","5","Graphics/Pictures/ct_iriasu1；Graphics/Pictures/ct_iriasu2","伊莉娅丝"
"27","イリアス","Graphics/Faces/iriasu_fc1","0","Graphics/Characters/Main01_cip","3","Graphics/Pictures/ct_iriasu3","伊莉娅丝"
"28","イリアス","Graphics/Faces/iriasu_fc3","0","Graphics/Characters/$Irias(Last)_cip","0","","伊莉娅丝"
"29","イリアス","Graphics/Faces/iriasu_fc6","0","Graphics/Characters/Main01_cip","3","Graphics/Pictures/80_iriasu_st41","伊莉娅丝"
"30","カオスイリアス","Graphics/Faces/iriasu_fc7","0","Graphics/Characters/Main03_cip","4","Graphics/Pictures/80_iriasu3_st01","混沌伊莉娅丝"
"32","ミカエラ","Graphics/Faces/micaela_fc2","0","Graphics/Characters/Civlian02_cip","0","Graphics/Pictures/ct_micaela1","米迦艾拉"
"33","ミカエラ","Graphics/Faces/micaela_fc3","0","Graphics/Characters/Angel05_cip","1","Graphics/Pictures/80_micaela_st42","米迦艾拉"
"34","ミカエラちゃん","Graphics/Faces/micaelac_fc1","0","Graphics/Characters/Angel04_cip","6","Graphics/Pictures/ct_micaelac2；Graphics/Pictures/ct_micaelac1","小米迦艾拉"
"35","ルシフィナ","Graphics/Faces/rucyfina_fc2","0","Graphics/Characters/Civlian02_cip","4","Graphics/Pictures/ct_rucyfina2；Graphics/Pictures/ct_rucyfina1","路西菲娜"
"36","ルシフィナちゃん","Graphics/Faces/rucyfinac_fc1","0","Graphics/Characters/Angel04_cip","7","Graphics/Pictures/80_rucyfinac_st01；Graphics/Pictures/ct_rucyfinac1","小路西菲娜"
"37","プロメスティン","Graphics/Faces/stein_fc1","0","Graphics/Characters/Angel01_cip","0","Graphics/Pictures/ct_stein2；Graphics/Pictures/ct_stein3；Graphics/Pictures/ct_tuta1；Graphics/Pictures/ct_tuta2；Graphics/Pictures/ct_utubo2；Graphics/Pictures/ct_haetori2","普罗米斯汀"
"38","プロメスティン","Graphics/Faces/stein_fc1","4","Graphics/Characters/Angel01_cip","1","Graphics/Pictures/80_stein_st21；Graphics/Pictures/ct_tuta1；Graphics/Pictures/ct_tuta2；Graphics/Pictures/ct_utubo2；Graphics/Pictures/ct_haetori2","普罗米斯汀"
"39","プロメスティン","Graphics/Faces/stein_fc1","7","Graphics/Characters/$Prometheusn(last)01_cip","0","Graphics/Pictures/80_stein2_st01；Graphics/Pictures/ct_tuta1；Graphics/Pictures/ct_tuta2；Graphics/Pictures/ct_utubo2；Graphics/Pictures/ct_haetori2","普罗米斯汀"
"40","プロメスティン","Graphics/Faces/stein_fc4","0","Graphics/Characters/$Prometheusn_stein_cip","0","Graphics/Pictures/ct_stein4；Graphics/Pictures/ct_tuta1；Graphics/Pictures/ct_tuta2；Graphics/Pictures/ct_utubo2；Graphics/Pictures/ct_haetori2","普罗米斯汀"
"41","プロメスティン","Graphics/Faces/stein_fc2","0","Graphics/Characters/Angel01_cip","7","Graphics/Pictures/ct_stein1","普罗米斯汀"
"45","アリストロメリア","Graphics/Faces/alicetromeria_fc1","4","Graphics/Characters/Civlian03_cip","7","Graphics/Pictures/ct_alicetromeria1","爱丽丝特洛梅利亚"
"53","ライム","Graphics/Faces/slime_fc1","0","Graphics/Characters/Slime01_cip","0","Graphics/Pictures/80_slime_st01；Graphics/Pictures/ct_slime1","莱姆"
"54","うさ","Graphics/Faces/bunnyslime_fc1","0","Graphics/Characters/Slime02_cip","0","Graphics/Pictures/80_bunnyslime_st01；Graphics/Pictures/ct_bunnyslime1","小兔子"
"55","メルク","Graphics/Faces/name_fc1","2","Graphics/Characters/Insect01_cip","0","Graphics/Pictures/ct_name1","梅尔克"
"56","ラミ","Graphics/Faces/inp_fc1","0","Graphics/Characters/Evil01_cip","5","Graphics/Pictures/ct_inp1","拉米"
"57","ルミ","Graphics/Faces/inp_fc3","0","Graphics/Characters/silk3","3","Graphics/Pictures/ct_inp2","露米"
"58","レミ","Graphics/Faces/inp_fc2","0","Graphics/Characters/silk3","2","Graphics/Pictures/ct_inp3","蕾米"
"59","ラゴラ","Graphics/Faces/mdg_fc1","0","Graphics/Characters/Plant01_cip","0","Graphics/Pictures/ct_mdg1；Graphics/Pictures/ct_tuta1；Graphics/Pictures/ct_tuta2；Graphics/Pictures/ct_utubo2；Graphics/Pictures/ct_haetori2","拉戈拉"
"60","ポチ","Graphics/Faces/dog_fc1","0","Graphics/Characters/silk14","0","Graphics/Pictures/80_dog_st01","波奇"
"61","ミミー","Graphics/Faces/mimizu_fc1","0","Graphics/Characters/Insect01_cip","1","Graphics/Pictures/ct_mimizu1","米米"
"62","ゴブ","Graphics/Faces/gob_fc1","0","Graphics/Characters/DemiHuman01_cip","0","Graphics/Pictures/80_gob_st01","葛布"
"63","ゴブ","Graphics/Faces/gob_fc3","0","Graphics/Characters/DemiHuman01_cip","6","Graphics/Pictures/80_gob_st31","葛布"
"64","プチ","Graphics/Faces/pramia_fc1","0","Graphics/Characters/Lamia01_cip","0","Graphics/Pictures/80_pramia_st11；Graphics/Pictures/80_pramia_st01","普蒂"
"65","プチ","Graphics/Faces/pramia_fc3","0","Graphics/Characters/Lamia03_cip","1","Graphics/Pictures/80_pramia_st11；Graphics/Pictures/80_pramia_st21","普蒂"
"66","ヴァニラ","Graphics/Faces/vgirl_fc1","0","Graphics/Characters/Evil01_cip","0","Graphics/Pictures/80_vgirl_st01","瓦尼拉"
"67","ヴァニラ","Graphics/Faces/vgirl_fc3","0","Graphics/Characters/Evil02_cip","6","Graphics/Pictures/80_vgirl_st31","瓦尼拉"
"68","パピ","Graphics/Faces/dragonp_fc1","0","Graphics/Characters/Lizerd01_cip","0","Graphics/Pictures/80_dragonp_st01","帕皮"
"69","パピ","Graphics/Faces/dragonp_fc3","0","Graphics/Characters/Lizerd01_cip","2","Graphics/Pictures/80_dragonp_st31","帕皮"
"70","ラティ","Graphics/Faces/nezumi_fc1","0","Graphics/Characters/silk15","1","Graphics/Pictures/80_nezumi_st01","拉蒂"
"71","アマラ","Graphics/Faces/okami_fc1","0","Graphics/Characters/silk15","2","Graphics/Pictures/ct_okami1","阿玛拉"
"72","ミニ","Graphics/Faces/phoenix_fc1","1","Graphics/Characters/Bird01_cip","3","Graphics/Pictures/80_phoenix_st02","米妮"
"73","ヒル","Graphics/Faces/hiru_fc1","0","Graphics/Characters/Insect01_cip","3","Graphics/Pictures/ct_hirum1","希尔"
"74","バーニー","Graphics/Faces/usagi_fc1","0","Graphics/Characters/silk15","3","Graphics/Pictures/ct_usagi1","巴妮"
"75","メリー","Graphics/Faces/hituzi_fc1","3","Graphics/Characters/silk15","0","Graphics/Pictures/80_hituzi_st04","梅丽"
"76","シュリー","Graphics/Faces/syuree_fc1","0","Graphics/Characters/silk17","3","Graphics/Pictures/ct_syuree1","修莉"
"77","ジェイド","Graphics/Faces/jeid_fc1","0","Graphics/Characters/silk16","0","Graphics/Pictures/ct_jeid1","杰伊德"
"78","シェスタ","Graphics/Faces/syesta_fc1","0","Graphics/Characters/silk19","6","Graphics/Pictures/ct_syesta1","谢丝塔"
"79","ヌルコ","Graphics/Faces/nuruko_fc1","0","Graphics/Characters/Unknown01","0","Graphics/Pictures/ct_nuruko1","黏黏子"
"80","ヒップ","Graphics/Faces/orc_fc1","0","Graphics/Characters/Beast03_cip","2","Graphics/Pictures/ct_orc1","臀部"
"81","ハニー","Graphics/Faces/mitubati_fc1","0","Graphics/Characters/Insect01_cip","2","Graphics/Pictures/ct_mitubati1","甜心"
"82","ちゅん","Graphics/Faces/suzume_fc1","0","Graphics/Characters/silk19","5","Graphics/Pictures/ct_suzume1","鹑"
"83","レイナ","Graphics/Faces/hapy_a_fc1","0","Graphics/Characters/Bird01_cip","0","Graphics/Pictures/80_hapy_a_st01","蕾娜"
"84","ピナ＆ピィ","Graphics/Faces/hapy_bc_fc1","0","Graphics/Characters/$HarpyTwins01_cip","0","Graphics/Pictures/80_hapy_bc_st01","皮娜＆皮伊"
"85","エリザベス","Graphics/Faces/highslag_fc1","0","Graphics/Characters/silk18","2","Graphics/Pictures/ct_highslag1","艾利莎贝"
"86","ロザリオ","Graphics/Faces/name_s_fc1","0","Graphics/Characters/silk20","3","Graphics/Pictures/80_name_s_st01","罗莎莉奥"
"87","メルティ","Graphics/Faces/name2_fc2","1","Graphics/Characters/$NamekujiMusumes01_cip","0","Graphics/Pictures/ct_name2_1；Graphics/Pictures/ct_name2_3","梅尔蒂"
"88","かぼちゃ","Graphics/Faces/jack_fc1","0","Graphics/Characters/silk15","7","Graphics/Pictures/ct_jack1","南瓜"
"89","シンディ","Graphics/Faces/ropa_fc1","0","Graphics/Characters/Insect01_cip","4","Graphics/Pictures/ct_ropa1","辛蒂"
"90","メルメル","Graphics/Faces/meda_fc1","0","Graphics/Characters/Insect01_cip","5","Graphics/Pictures/ct_meda1","梅鲁梅鲁"
"91","キャンドラ","Graphics/Faces/candle_fc1","0","Graphics/Characters/Create03_cip","0","Graphics/Pictures/ct_candle1","坎德拉"
"92","イーター","Graphics/Faces/eater_fc1","0","Graphics/Characters/silk14","5","Graphics/Pictures/ct_eater1；Graphics/Pictures/ct_tuta1；Graphics/Pictures/ct_utubo2；Graphics/Pictures/ct_haetori2","伊塔"
"93","ライオット","Graphics/Faces/liot_fc1","0","Graphics/Characters/silk18","4","Graphics/Pictures/ct_liot1","莱奥特"
"94","ルクスル","Graphics/Faces/luksl_fc1","0","Graphics/Characters/silk18","6","Graphics/Pictures/80_luksl_st01","露克斯"
"95","ロナ","Graphics/Faces/delh_a_fc1","0","Graphics/Characters/DemiHuman01_cip","1","Graphics/Pictures/80_delh_a_st01；Graphics/Pictures/ct_syokusyu1；Graphics/Pictures/ct_hiru3","罗娜"
"96","マリオン","Graphics/Faces/delh_b_fc1","0","Graphics/Characters/DemiHuman01_cip","2","Graphics/Pictures/ct_syokusyu1；Graphics/Pictures/ct_hiru3","玛丽昂"
"97","フェル","Graphics/Faces/fairy_fc1","0","Graphics/Characters/Fairy01_cip","0","Graphics/Pictures/80_fairy_st01","菲尔"
"98","エイミ","Graphics/Faces/minikani_fc1","0","Graphics/Characters/Fishes01_cip","7","Graphics/Pictures/ct_minikani1","艾米"
"99","ギギ","Graphics/Faces/namazu_fc1","0","Graphics/Characters/silk19","0","Graphics/Pictures/80_namazu_st01","吉吉"
"100","フレシア","Graphics/Faces/rahure_fc1","0","Graphics/Characters/Plant01_cip","2","Graphics/Pictures/ct_tuta1；Graphics/Pictures/ct_tuta2；Graphics/Pictures/80_rahure_st01；Graphics/Pictures/ct_utubo2；Graphics/Pictures/ct_haetori2","芙莉西亚"
"101","リヒティーヌ","Graphics/Faces/cent2_fc1","0","Graphics/Characters/Beast03_cip","4","Graphics/Pictures/ct_cent2_1","莉希蒂娜"
"102","きつね","Graphics/Faces/youko_fc1","0","Graphics/Characters/Beast01_cip","0","Graphics/Pictures/80_youko_st01","狐狸"
"103","かむろ","Graphics/Faces/kamuro_fc1","0","Graphics/Characters/Beast03_cip","7","Graphics/Pictures/80_kamuro_st01","神室"
"104","ラクネ","Graphics/Faces/kumo_fc1","0","Graphics/Characters/Insect01_cip","6","Graphics/Pictures/ct_kumo1","拉克涅"
"105","ミネリ","Graphics/Faces/mimic_fc1","0","Graphics/Characters/UnDead01_cip","0","Graphics/Pictures/80_mimic_st01","米内莉"
"106","七尾","Graphics/Faces/nanabi_fc1","0","Graphics/Characters/$Nanabi01_cip","0","Graphics/Pictures/ct_nanabi2；Graphics/Pictures/ct_nanabi1","七尾"
"107","ユメ","Graphics/Faces/namako_fc1","0","Graphics/Characters/Fishes01_cip","0","Graphics/Pictures/ct_namako1","梦"
"108","シェリー","Graphics/Faces/kai_fc1","0","Graphics/Characters/Fishes01_cip","1","Graphics/Pictures/ct_kai1","雪莉"
"109","ソープ","Graphics/Faces/kani_fc1","0","Graphics/Characters/Fishes01_cip","2","Graphics/Pictures/ct_kani1","索普"
"110","ベス","Graphics/Faces/slimelord_fc1","0","Graphics/Characters/silk5","6","Graphics/Pictures/80_slimelord_st01","贝丝"
"111","メロン","Graphics/Faces/suika_fc1","0","Graphics/Characters/Plant01_cip","7","Graphics/Pictures/ct_tuta1；Graphics/Pictures/ct_tuta2；Graphics/Pictures/ct_suika1；Graphics/Pictures/ct_utubo2；Graphics/Pictures/ct_haetori2","蜜瓜"
"112","かずら","Graphics/Faces/utubo_fc1","0","Graphics/Characters/silk19","7","Graphics/Pictures/ct_utubo3；Graphics/Pictures/ct_tuta1；Graphics/Pictures/ct_tuta2；Graphics/Pictures/ct_haetori2","葛"
"113","アナスタシア","Graphics/Faces/lamia_fc1","0","Graphics/Characters/Lamia01_cip","1","Graphics/Pictures/80_lamia_st01","安娜塔西亚"
"114","わかめ","Graphics/Faces/wakame_fc1","0","Graphics/Characters/plant03_cip","0","Graphics/Pictures/ct_wakame1；Graphics/Pictures/ct_tuta1；Graphics/Pictures/ct_tuta2；Graphics/Pictures/ct_utubo2；Graphics/Pictures/ct_haetori2","海带"
"115","くらげ","Graphics/Faces/kurage_fc1","0","Graphics/Characters/Fishes01_cip","3","Graphics/Pictures/ct_kurage1","水母"
"116","イザベル","Graphics/Faces/iso_fc1","0","Graphics/Characters/Fishes01_cip","4","Graphics/Pictures/ct_iso1","伊莎贝尔"
"117","あんこ","Graphics/Faces/ankou_fc1","0","Graphics/Characters/$AnkouMusume02","0","Graphics/Pictures/80_ankou_st01","豆沙"
"118","メイア","Graphics/Faces/meia_fc1","1","Graphics/Characters/Fishes02_cip","0","Graphics/Pictures/80_meia_st02；Graphics/Pictures/80_meia_st03","梅尔"
"119","アニー","Graphics/Faces/page17_fc1","0","Graphics/Characters/Create01_cip","0","Graphics/Pictures/ct_page17_1","安妮"
"120","ヨーコ","Graphics/Faces/page257_fc1","0","Graphics/Characters/Create01_cip","1","Graphics/Pictures/ct_page257_1","洋子"
"121","コーネリア","Graphics/Faces/page65537_fc1","0","Graphics/Characters/$65537Page01_cip","0","Graphics/Pictures/ct_page65537_1","科妮莉亚"
"122","ソフィア","Graphics/Faces/sisterlamia_fc1","0","Graphics/Characters/silk5","1","Graphics/Pictures/80_sisterlamia_st25；Graphics/Pictures/80_sisterlamia_st22；Graphics/Pictures/80_sisterlamia_st04","索菲亚"
"123","クリスティー","Graphics/Faces/sisccubus_fc1","0","Graphics/Characters/silk19","4","Graphics/Pictures/ct_sisccubus1","克莉丝蒂娜"
"124","杏奈","Graphics/Faces/arikui_fc1","0","Graphics/Characters/Beast04_cip","0","Graphics/Pictures/ct_arikui1","杏奈"
"125","アイシャ","Graphics/Faces/grizzly_fc1","0","Graphics/Characters/Beast03_cip","3","Graphics/Pictures/ct_grizzly1","艾莎"
"126","ロビン","Graphics/Faces/XX-7_fc1","0","Graphics/Characters/Chimera03_cip","2","Graphics/Pictures/ct_XX-7_1","罗宾"
"127","リッピー","Graphics/Faces/littlebug_fc1","0","Graphics/Characters/silk18","5","Graphics/Pictures/ct_littlebug1","莉皮"
"128","ジリアン","Graphics/Faces/kaniloid_fc1","0","Graphics/Characters/Create03_cip","3","Graphics/Pictures/ct_kaniloid1","吉莉安"
"129","ヒルデ","Graphics/Faces/brunhild_fc1","0","Graphics/Characters/Create03_cip","7","Graphics/Pictures/ct_brunhild1","希尔德"
"130","キャリー","Graphics/Faces/ghost_fc1","0","Graphics/Characters/UnDead01_cip","1","Graphics/Pictures/ct_ghost1","嘉莉"
"131","みやび","Graphics/Faces/doll_fc1","0","Graphics/Characters/UnDead01_cip","2","Graphics/Pictures/ct_doll1","美雅"
"132","エリィ","Graphics/Faces/zonbe_fc2","0","Graphics/Characters/UnDead01_cip","3","Graphics/Pictures/ct_zonbe1","艾莉"
"133","ゾンビーズ","Graphics/Faces/zonbe_fc3","3","Graphics/Characters/$ZombiMusumes01_cip","0","Graphics/Pictures/80_zonbe_st21","僵尸们"
"134","クロム","Graphics/Faces/chrom_fc2","0","Graphics/Characters/Undead02_cip","1","Graphics/Pictures/ct_chrom1；Graphics/Pictures/ct_chrom2","库洛姆"
"135","フレデリカ","Graphics/Faces/frederika_fc1","0","Graphics/Characters/Undead02_cip","0","Graphics/Pictures/ct_frederika1","芙蕾德莉卡"
"136","クローディア","Graphics/Faces/elf_fc1","0","Graphics/Characters/DemiHuman01_cip","3","Graphics/Pictures/80_elf_st01；Graphics/Pictures/ct_syokusyu1；Graphics/Pictures/ct_hiru3","克劳蒂娅"
"137","ラブ＆ラム","Graphics/Faces/braunys_fc1","6","Graphics/Characters/$Braunys","0","Graphics/Pictures/80_braunys_st01","拉布＆拉姆"
"138","ミル＆リル","Graphics/Faces/tfairy_fc1","0","Graphics/Characters/$TwinsFairy01_cip","0","Graphics/Pictures/80_tfairy_st01","米尔与莉尔"
"139","フェアリーズ","Graphics/Faces/fairys_fc1","3","Graphics/Characters/$Fairyes&Mobs01_cip","0","Graphics/Pictures/80_fairys_st01","小仙子们"
"140","ラチュラ","Graphics/Faces/taran_fc1","0","Graphics/Characters/Insect01_cip","7","Graphics/Pictures/ct_taran1","塔图拉"
"141","ミナ","Graphics/Faces/mino_fc1","0","Graphics/Characters/Beast01_cip","1","Graphics/Pictures/80_mino_st01","米娜"
"142","バナッチ","Graphics/Faces/bander_fc1","0","Graphics/Characters/Evil01_cip","7","Graphics/Pictures/ct_bander1","巴纳奇"
"143","エヴァ","Graphics/Faces/eva_fc1","0","Graphics/Characters/silk7","2","Graphics/Pictures/80_eva_st01；Graphics/Pictures/80_eva_st11","伊娃"
"144","サニー","Graphics/Faces/saboresu_fc1","0","Graphics/Characters/Insect02_cip","5","Graphics/Pictures/80_saboresu_st01","萨妮"
"145","ヴァネッサ","Graphics/Faces/mukade_fc1","0","Graphics/Characters/$mukade","0","Graphics/Pictures/ct_mukade1","温妮莎"
"146","スカーレット","Graphics/Faces/sasori_fc1","0","Graphics/Characters/Insect02_cip","0","Graphics/Pictures/ct_sasori1","斯卡蕾特"
"147","キャスタ","Graphics/Faces/saboten_fc1","0","Graphics/Characters/silk19","2","Graphics/Pictures/ct_saboten1；Graphics/Pictures/ct_tuta1；Graphics/Pictures/ct_tuta2；Graphics/Pictures/ct_utubo2；Graphics/Pictures/ct_haetori2","卡斯塔"
"148","ミュー","Graphics/Faces/datyou_fc1","0","Graphics/Characters/silk12","0","Graphics/Pictures/80_datyou_st04","缪"
"149","ジーニー","Graphics/Faces/lamp_fc1","0","Graphics/Characters/Beast01_cip","3","Graphics/Pictures/ct_lamp1","吉妮"
"150","パトラ","Graphics/Faces/mummy_fc1","0","Graphics/Characters/UnDead01_cip","7","Graphics/Pictures/ct_mummy1","帕特拉"
"151","ライラ","Graphics/Faces/kobura_fc1","0","Graphics/Characters/Lamia01_cip","2","Graphics/Pictures/ct_kobura1","莱拉"
"152","ネフェルラミアス","Graphics/Faces/lamias_fc2","4","Graphics/Characters/$NeferLamias01_cip","0","Graphics/Pictures/80_lamias_st01","奈夫顿拉米亚集团"
"153","スフィンクス","Graphics/Faces/sphinx_fc1","0","Graphics/Characters/$SphinxMusume01_cip","0","Graphics/Pictures/ct_sphinx1","斯芬克斯"
"154","ガー","Graphics/Faces/wani_fc1","0","Graphics/Characters/silk20","2","Graphics/Pictures/80_wani_st01","咬咬"
"155","サキ","Graphics/Faces/saki_fc1","3","Graphics/Characters/Sucbuss02_cip","4","Graphics/Pictures/ct_saki2；Graphics/Pictures/ct_saki1；Graphics/Pictures/ct_saki3","萨琪"
"156","レジーナ","Graphics/Faces/d_fighter_fc1","0","Graphics/Characters/silk18","0","Graphics/Pictures/ct_d_fighter1","蕾吉娜"
"157","アシダカ","Graphics/Faces/oogumo_fc1","0","Graphics/Characters/Insect03_cip","1","Graphics/Pictures/80_oogumo_st01","阿茜达卡"
"158","アンナ","Graphics/Faces/suckvore_fc1","2","Graphics/Characters/Chimera01_cip","1","Graphics/Pictures/80_suckvore_st01；Graphics/Pictures/ct_syokusyu2；Graphics/Pictures/ct_hiru4；Graphics/Pictures/ct_hiru1","安娜"
"159","メイデン","Graphics/Faces/ironmaiden_fc1","0","Graphics/Characters/Create01_cip","2","Graphics/Pictures/ct_ironmaiden1；Graphics/Pictures/ct_syokusyu2；Graphics/Pictures/ct_hiru4；Graphics/Pictures/ct_syokusyu1；Graphics/Pictures/ct_hiru3；Graphics/Pictures/ct_hiru1；Graphics/Pictures/80_ironmaiden_st11","梅登"
"160","ユリア","Graphics/Faces/wormv_fc1","0","Graphics/Characters/Chimera01_cip","3","Graphics/Pictures/ct_wormv1；Graphics/Pictures/ct_hiru4","尤莉亚"
"161","レモン","Graphics/Faces/ustrel_fc1","0","Graphics/Characters/Evil02_cip","1","Graphics/Pictures/80_ustrel_st01；Graphics/Pictures/ct_ustrel1；Graphics/Pictures/ct_hiru3","柠檬"
"162","蜜壺","Graphics/Faces/mitutubo_fc1","0","Graphics/Characters/silk18","7","Graphics/Pictures/ct_mitutubo1；Graphics/Pictures/80_mitutubo_st01","蜜壶"
"163","リリィ","Graphics/Faces/lily_fc1","0","Graphics/Characters/Chimera02_cip","1","Graphics/Pictures/ct_lily1；Graphics/Pictures/ct_syokusyu2；Graphics/Pictures/ct_hiru4；Graphics/Pictures/ct_hiru1","莉莉"
"164","雫","Graphics/Faces/kooni_fc1","0","Graphics/Characters/silk18","3","Graphics/Pictures/ct_kooni1","雫"
"165","ナホ","Graphics/Faces/onaho_fc1","0","Graphics/Characters/silk19","1","Graphics/Pictures/ct_onaho1","奈穗"
"166","ナビス","Graphics/Faces/narcubus_fc1","0","Graphics/Characters/silk5","3","Graphics/Pictures/80_narcubus_st11","娜维斯"
"167","ルシア","Graphics/Faces/lusia_fc1","0","Graphics/Characters/Chimera02_cip","6","Graphics/Pictures/ct_lusia1；Graphics/Pictures/ct_syokusyu2；Graphics/Pictures/ct_hiru4；Graphics/Pictures/ct_hiru1","露西亚"
"168","まなこ","Graphics/Faces/dodome_fc1","0","Graphics/Characters/Evil01_cip","6","Graphics/Pictures/ct_dodome1","真奈子"
"169","リル","Graphics/Faces/lizardthief_fc1","0","Graphics/Characters/silk12","3","Graphics/Pictures/80_lizardthief_st01","莉露"
"170","レン","Graphics/Faces/lizardthief_fc2","0","Graphics/Characters/silk12","4","Graphics/Pictures/80_lizardthief_st11","莲"
"171","ミランダ","Graphics/Faces/lizardboss_fc1","0","Graphics/Characters/silk12","2","Graphics/Pictures/ct_lizardboss1","米兰达"
"172","ミラージュ","Graphics/Faces/sinkiro_fc1","0","Graphics/Characters/silk12","5","Graphics/Pictures/80_sinkiro_st05","幻舞"
"173","ヘレン","Graphics/Faces/arizigoku_fc1","0","Graphics/Characters/Insect02_cip","1","Graphics/Pictures/ct_arizigoku1","海伦"
"174","ダリア","Graphics/Faces/sandw_fc1","0","Graphics/Characters/$SandwormMusume01_cip","0","Graphics/Pictures/ct_sandw1","达利亚"
"175","ディジィ","Graphics/Faces/d_scylla_fc1","0","Graphics/Characters/silk18","1","Graphics/Pictures/ct_d_scylla1","迪吉"
"176","ヴィタエ","Graphics/Faces/vitae_fc1","0","Graphics/Characters/silk20","1","Graphics/Pictures/80_vitae_st01","薇塔耶"
"177","ヴェータラ","Graphics/Faces/vetala_fc1","0","Graphics/Characters/silk20","0","Graphics/Pictures/ct_vetala1","维塔拉"
"178","ヴァルト","Graphics/Faces/valt_fc1","0","Graphics/Characters/Create04_cip","0","Graphics/Pictures/ct_valt1","瓦尔特"
"179","シニファ","Graphics/Faces/sinifa_fc1","0","Graphics/Characters/silk19","3","Graphics/Pictures/ct_sinifa1","希妮法"
"180","シャドー","Graphics/Faces/shadow_fc1","0","Graphics/Characters/silk2","5","Graphics/Pictures/80_shadow_st01","影"
"181","リザ","Graphics/Faces/gaistvine_fc1","0","Graphics/Characters/Create01_cip","5","Graphics/Pictures/80_gaistvine_st01","丽莎"
"182","クロウリー","Graphics/Faces/c_homunculus_fc1","0","Graphics/Characters/Chimera03_cip","0","Graphics/Pictures/ct_c_homunculus；Graphics/Pictures/ct_syokusyu2；Graphics/Pictures/ct_hiru4；Graphics/Pictures/ct_syokusyu1；Graphics/Pictures/ct_hiru3；Graphics/Pictures/ct_hiru1","克劳利"
"183","トーチャ","Graphics/Faces/ironmaiden_k_fc1","0","Graphics/Characters/Create01_cip","6","Graphics/Pictures/80_ironmaiden_k_st01；Graphics/Pictures/ct_syokusyu2；Graphics/Pictures/ct_hiru4；Graphics/Pictures/ct_syokusyu1；Graphics/Pictures/ct_hiru3；Graphics/Pictures/ct_hiru1","托琪亚"
"184","フランチェスカ","Graphics/Faces/junkdoll_fc2","0","Graphics/Characters/$JunkDoll01_cip","0","Graphics/Pictures/80_junkdoll_st01","弗朗西斯卡"
"185","ラディオ","Graphics/Faces/radio_fc1","0","Graphics/Characters/Create02_cip","5","Graphics/Pictures/ct_radio1","拉迪奥"
"191","ウィドウ","Graphics/Faces/kinoko_fc1","0","Graphics/Characters/Plant01_cip","6","Graphics/Pictures/ct_kinoko1；Graphics/Pictures/ct_tuta1；Graphics/Pictures/ct_tuta2；Graphics/Pictures/ct_utubo2；Graphics/Pictures/ct_haetori2","维德"
"192","ノービィ","Graphics/Faces/nobisutam_fc1","0","Graphics/Characters/Insect02_cip","7","Graphics/Pictures/ct_nobisutam1","诺维"
"193","フリル","Graphics/Faces/u_scylla_fc1","0","Graphics/Characters/silk26","3","","芙莉露"
"194","うらら","Graphics/Faces/husuma_fc1","0","Graphics/Characters/silk10","3","","乌拉拉"
"195","メーヌ","Graphics/Faces/mermaid_fc1","3","Graphics/Characters/silk3","0","","梅努"
"196","ミンク","Graphics/Faces/s_mermaid_fc1","0","Graphics/Characters/silk23","6","Graphics/Pictures/ct_s_mermaid1","米努克"
"197","ロリッタ","Graphics/Faces/k_mermaid_fc1","0","Graphics/Characters/Fishes03_cip","2","Graphics/Pictures/ct_k_mermaid1","洛丽塔"
"198","もめん","Graphics/Faces/ittanmomen_fc4","0","Graphics/Characters/$Ittanmomens01_cip","0","Graphics/Pictures/ct_ittanmomen1","木棉"
"199","セラフィ","Graphics/Faces/dagon_fc1","0","Graphics/Characters/Fishes01_cip","5","","赛拉菲"
"200","フィアー","Graphics/Faces/hitodama_fc1","0","Graphics/Characters/Undead03_cip","0","Graphics/Pictures/ct_hitodama1","菲亚"
"201","アシェル","Graphics/Faces/ashel_fc1","0","Graphics/Characters/Fishes02_cip","2","Graphics/Pictures/ct_ashel1","阿谢尔"
"202","ボニー","Graphics/Faces/bonny_fc1","1","Graphics/Characters/Fishes02_cip","3","Graphics/Pictures/ct_bonny1","波妮"
"203","たつこ","Graphics/Faces/tatunoko_k_fc1","0","Graphics/Characters/Fishes03_cip","0","Graphics/Pictures/ct_tatunoko_k1","辰子"
"204","ステイシー","Graphics/Faces/umiusi_k_fc1","0","Graphics/Characters/Fishes03_cip","1","Graphics/Pictures/ct_umiusi_k1","斯泰西"
"205","リヴィア","Graphics/Faces/levia_fc1","0","Graphics/Characters/$Levia01_cip","0","","莉维亚"
"206","けろろん＆クルル","Graphics/Faces/kaeru_fc4","0","Graphics/Characters/$Kaerumusumes01_cip","0","Graphics/Pictures/ct_kaeru1","克罗罗恩＆库鲁鲁"
"207","ポニー","Graphics/Faces/centa_fc1","0","Graphics/Characters/Beast01_cip","4","","小马"
"208","フローラ","Graphics/Faces/alraune_fc1","0","Graphics/Characters/Plant01_cip","3","Graphics/Pictures/ct_tuta1；Graphics/Pictures/ct_tuta2；Graphics/Pictures/ct_utubo2；Graphics/Pictures/ct_haetori2","芙萝拉"
"209","なのは","Graphics/Faces/okikumusi_fc1","0","Graphics/Characters/Insect03_cip","0","","奈叶"
"210","ぼたん","Graphics/Faces/ghost2_fc1","0","Graphics/Characters/Undead03_cip","1","Graphics/Pictures/ct_ghost2_1","牡丹"
"211","ステファニー","Graphics/Faces/hakoiri_fc1","0","Graphics/Characters/silk24","6","Graphics/Pictures/ct_hakoiri1","斯蒂芬妮"
"212","アーサー","Graphics/Faces/durahan_fc1","0","Graphics/Characters/Evil01_cip","1","","亚瑟"
"213","シーザー","Graphics/Faces/kerberos_fc1","0","Graphics/Characters/Beast01_cip","7","","凯撒"
"214","白波","Graphics/Faces/nureonnna_fc1","0","Graphics/Characters/Lamia03_cip","0","Graphics/Pictures/ct_nureonnna1","白波"
"215","キャロル","Graphics/Faces/h_mino_fc1","0","Graphics/Characters/silk22","4","Graphics/Pictures/ct_h_mino1","卡萝尔"
"216","オデット","Graphics/Faces/m_mino_fc1","0","Graphics/Characters/silk23","2","Graphics/Pictures/ct_m_mino1","奥黛塔"
"217","トーラ","Graphics/Faces/zinitauros_fc1","0","Graphics/Characters/silk12","6","","托特"
"218","牛魔王","Graphics/Faces/nyumaou_fc1","0","Graphics/Characters/$Nyumaou_02_cip","0","Graphics/Pictures/ct_nyumaou1","牛魔王"
"219","かすみ","Graphics/Faces/kunoitielf_fc1","0","Graphics/Characters/DemiHuman01_cip","5","","霞"
"220","月花","Graphics/Faces/samuraielf_fc1","0","Graphics/Characters/DemiHuman01_cip","4","","月花"
"221","お雪","Graphics/Faces/yukionna_fc1","0","Graphics/Characters/Evil01_cip","2","","阿雪"
"222","たま","Graphics/Faces/nekomata_fc1","2","Graphics/Characters/Beast03_cip","0","","小玉"
"223","かなめ","Graphics/Faces/akaname_fc2","1","Graphics/Characters/$akaname","0","","卡娜美"
"224","カワコ","Graphics/Faces/kappa_fc1","0","Graphics/Characters/silk16","1","Graphics/Pictures/ct_kappa1","川子"
"225","さくら","Graphics/Faces/hutakuti_fc1","5","Graphics/Characters/Evil02_cip","4","","樱"
"226","白蛇様","Graphics/Faces/sirohebisama_fc1","0","Graphics/Characters/silk8","2","","白蛇大人"
"227","魅月","Graphics/Faces/mikolamia_fc1","3","Graphics/Characters/silk8","4","","魅月"
"228","まや","Graphics/Faces/mikoarachne_fc1","0","Graphics/Characters/silk23","4","Graphics/Pictures/ct_mikoarachne1","麻耶"
"229","ツバキ","Graphics/Faces/kezyorou_fc1","0","Graphics/Characters/Evil02_cip","5","","椿"
"230","ヤマタノオロチ","Graphics/Faces/yamatanooroti_fc1","3","Graphics/Characters/$Yamatanoorochi01_cip","0","","八岐大蛇"
"231","バグスタッフ","Graphics/Faces/bugstaff_fc1","0","Graphics/Characters/$magi1","0","","魔法学院低级生"
"232","マギスタンズ","Graphics/Faces/magistans_fc1","0","Graphics/Characters/$magi2","0","","魔法学院高级生"
"233","メフィスト","Graphics/Faces/mefist_fc1","0","Graphics/Characters/silk11","4","","梅菲斯特"
"234","マティス","Graphics/Faces/kamakiri_fc1","0","Graphics/Characters/Insect02_cip","2","","玛蒂斯"
"235","シルク","Graphics/Faces/kaiko_fc1","0","Graphics/Characters/$kaiko","0","","丝露库"
"236","プランツイン","Graphics/Faces/plantwin_fc1","0","Graphics/Characters/$plants1","0","Graphics/Pictures/ct_tuta1；Graphics/Pictures/ct_tuta2；Graphics/Pictures/ct_utubo2；Graphics/Pictures/ct_haetori2","植物双胞胎"
"237","アルプランツ","Graphics/Faces/alplants_fc1","0","Graphics/Characters/$prants2","0","Graphics/Pictures/ct_tuta1；Graphics/Pictures/ct_tuta2；Graphics/Pictures/ct_utubo2；Graphics/Pictures/ct_haetori2","阿娜温们"
"238","ドローシー","Graphics/Faces/dorothy_fc1","0","Graphics/Characters/Plant02_cip","1","Graphics/Pictures/ct_tuta1；Graphics/Pictures/ct_tuta2；Graphics/Pictures/ct_utubo2；Graphics/Pictures/ct_haetori2","多萝西"
"239","ラフィ","Graphics/Faces/rafi_fc1","0","Graphics/Characters/Plant02_cip","2","Graphics/Pictures/ct_tuta1；Graphics/Pictures/ct_tuta2；Graphics/Pictures/ct_utubo2；Graphics/Pictures/ct_haetori2","拉菲"
"240","ディーナ","Graphics/Faces/dina_fc1","0","Graphics/Characters/Plant02_cip","3","Graphics/Pictures/ct_tuta1；Graphics/Pictures/ct_tuta2；Graphics/Pictures/ct_utubo2；Graphics/Pictures/ct_haetori2","迪娜"
"241","プリエステス","Graphics/Faces/a_emp_fc1","0","Graphics/Characters/Plant02_cip","0","Graphics/Pictures/ct_tuta1；Graphics/Pictures/ct_tuta2；Graphics/Pictures/ct_utubo2；Graphics/Pictures/ct_haetori2","普莉艾丝缇丝"
"242","プリエステス","Graphics/Faces/a_emp_fc1","3","Graphics/Characters/Plant02_cip","4","Graphics/Pictures/ct_tuta1；Graphics/Pictures/ct_tuta2；Graphics/Pictures/ct_utubo2；Graphics/Pictures/ct_haetori2","普莉艾丝缇丝"
"243","インセクツ","Graphics/Faces/insects_fc1","0","Graphics/Characters/$insects","0","","昆虫娘们"
"244","ビー","Graphics/Faces/suzumebati_fc1","0","Graphics/Characters/$suzumebati","0","","蜜蜂"
"245","蜜璃亜","Graphics/Faces/queenbee_fc1","0","Graphics/Characters/Insect04_cip","0","","蜜璃亚"
"246","ジェリル","Graphics/Faces/jelly_fc1","0","Graphics/Characters/Slime01_cip","1","","杰里尔"
"247","ブロブ","Graphics/Faces/blob_fc1","0","Graphics/Characters/Slime01_cip","2","","布洛布"
"248","スライミーズ","Graphics/Faces/slime_purple_fc1","3","Graphics/Characters/$SlimeGirls01_cip","0","Graphics/Pictures/ct_slimes1","史莱姆们"
"249","アント","Graphics/Faces/ant_fc1","0","Graphics/Characters/Insect03_cip","5","","蚂蚁"
"250","コッペリア","Graphics/Faces/artm_fc1","0","Graphics/Characters/Create01_cip","4","Graphics/Pictures/ct_artm1","科佩利亚"
"251","パイン","Graphics/Faces/paizuridoll_fc1","0","Graphics/Characters/Create03_cip","1","Graphics/Pictures/ct_paizuridoll1","阿乳"
"252","キューラ","Graphics/Faces/scylla_fc1","0","Graphics/Characters/Skylla01_cip","0","","库拉"
"253","デューサ","Graphics/Faces/medusa_fc1","0","Graphics/Characters/Evil01_cip","3","","杜莎"
"254","あげは","Graphics/Faces/ageha_fc1","0","Graphics/Characters/silk21","0","","凤蝶"
"255","ブルーム","Graphics/Faces/blom_fc1","0","Graphics/Characters/Slime02_cip","2","Graphics/Pictures/ct_blom1","布鲁姆"
"256","エルマ","Graphics/Faces/warmer_fc1","0","Graphics/Characters/silk11","2","","艾尔玛"
"257","グールズ","Graphics/Faces/gool_fc1","3","Graphics/Characters/$gool","0","","食尸鬼群"
"258","アルネ","Graphics/Faces/fakejelly_fc1","0","Graphics/Characters/silk22","1","","阿尔涅"
"259","つばさ","Graphics/Faces/w_hapy_fc1","0","Graphics/Characters/bird01_cip","4","","翼"
"260","クリス","Graphics/Faces/k_hapy_fc1","0","Graphics/Characters/silk22","6","","克莉丝"
"261","ノーグ","Graphics/Faces/madgolem_fc1","0","Graphics/Characters/$MadGolemMusume01_cip","0","","诺格"
"262","エメス","Graphics/Faces/golem_fc1","0","Graphics/Characters/$GolemMusume01_cip","0","","艾梅斯"
"263","ヒナゲシ","Graphics/Faces/h_kamakiri_fc1","0","Graphics/Characters/silk15","5","Graphics/Pictures/ct_h_kamakiri_ct1","虞美人"
"264","マイス","Graphics/Faces/bgolem_fc1","0","Graphics/Characters/Create03_cip","2","Graphics/Pictures/ct_bgolem1","麦丝"
"265","はるか","Graphics/Faces/kitunezyu_fc1","0","Graphics/Characters/silk25","0","","遥"
"266","ミナモ","Graphics/Faces/kunoitisanbi_fc1","0","Graphics/Characters/Beast04_cip","2","","美奈萌"
"267","イヅナ","Graphics/Faces/mononohuyonbi_fc1","0","Graphics/Characters/Beast04_cip","3","","伊津奈"
"268","アンティーヌ・アン","Graphics/Faces/queenant_fc1","0","Graphics/Characters/Insect04_cip","1","","安提妮・安"
"269","ロミ","Graphics/Faces/yougan_fc1","0","Graphics/Characters/Slime01_cip","7","","罗米"
"270","アルビーナ","Graphics/Faces/lamiad_fc1","0","Graphics/Characters/Lamia01_cip","7","","阿尔比娜"
"271","ミリアム","Graphics/Faces/scyllad_fc1","0","Graphics/Characters/Skylla01_cip","5","","米莉亚姆"
"272","レーネ","Graphics/Faces/seiren_fc1","0","Graphics/Characters/Bird01_cip","2","","蕾涅"
"273","サンゴ","Graphics/Faces/sango_fc1","0","Graphics/Characters/silk16","7","","珊瑚"
"274","アスタ","Graphics/Faces/hitode_fc1","0","Graphics/Characters/Fishes01_cip","6","","阿斯塔"
"275","バーバレラ","Graphics/Faces/beelzebub_fc1","0","Graphics/Characters/Insect04_cip","2","Graphics/Pictures/ct_beelzebub1","芭芭蕾拉"
"276","ストリガ","Graphics/Faces/beelzebub_fc2","0","Graphics/Characters/Insect04_cip","3","Graphics/Pictures/ct_beelzebub2","斯特里加"
"277","メディア","Graphics/Faces/beelzebub_fc3","0","Graphics/Characters/Insect04_cip","4","Graphics/Pictures/ct_beelzebub3","梅迪亚"
"278","サマンサ","Graphics/Faces/arkjelly_fc1","0","Graphics/Characters/silk14","2","Graphics/Pictures/ct_arkjelly1","萨曼莎"
"279","オーマ","Graphics/Faces/e_scylla_fc1","0","Graphics/Characters/silk14","4","Graphics/Pictures/ct_e_scylla1","奥玛"
"280","ポセイドネス","Graphics/Faces/poseidones_fc1","0","Graphics/Characters/$Poseidones01_cip","0","","波塞冬尼斯"
"281","ハーレム","Graphics/Faces/succubuses_fc1","0","Graphics/Characters/$silk2","0","Graphics/Pictures/ct_succubuses3；Graphics/Pictures/ct_succubuses2；Graphics/Pictures/ct_succubuses1；Graphics/Pictures/ct_succubuses4","后宫"
"282","メイ","Graphics/Faces/maycubbus_fc1","0","Graphics/Characters/Sucbuss02_cip","3","Graphics/Pictures/ct_maycubbus1","梅"
"283","メリッサ","Graphics/Faces/maccubus_fc1","1","Graphics/Characters/Sucbuss01_cip","0","","梅丽莎"
"284","セーラ","Graphics/Faces/minccubus_fc1","1","Graphics/Characters/Sucbuss01_cip","2","","塞拉"
"285","ニーナ","Graphics/Faces/renccubus_fc1","2","Graphics/Characters/Sucbuss01_cip","4","","妮娜"
"286","ウィッチ","Graphics/Faces/witchs_fc1","0","Graphics/Characters/Sucbuss02_cip","0","","女巫"
"287","サキュバス","Graphics/Faces/succubus_fc1","0","Graphics/Characters/Sucbuss01_cip","6","","魅魔"
"288","ナターシャ","Graphics/Faces/d_succubus_fc1","0","Graphics/Characters/silk21","5","","娜塔莎"
"289","ラン","Graphics/Faces/maidscyulla_fc1","1","Graphics/Characters/Skylla01_cip","3","","兰"
"290","シルヴィア","Graphics/Faces/madaminsect_fc1","0","Graphics/Characters/Insect02_cip","3","","希尔维娅"
"291","シャロン","Graphics/Faces/madamumbrella_fc1","0","Graphics/Characters/Skylla01_cip","1","","夏洛特"
"292","アラディア","Graphics/Faces/aradia_fc1","0","Graphics/Characters/Evil03_cip","4","Graphics/Pictures/ct_aradia2；Graphics/Pictures/ct_aradia1","阿拉迪亚"
"293","キャンディ","Graphics/Faces/candy_fc1","0","Graphics/Characters/$Candy01_cip","0","Graphics/Pictures/ct_candy1","坎蒂"
"294","エミリ","Graphics/Faces/emily_fc1","1","Graphics/Characters/Skylla02_cip","0","Graphics/Pictures/ct_emily1","艾米莉"
"295","カサンドラ","Graphics/Faces/cassandra_fc1","5","Graphics/Characters/Chimera04_cip","2","Graphics/Pictures/ct_cassandra1","卡桑德拉"
"296","カサンドラ","Graphics/Faces/cassandra_fc1","1","Graphics/Characters/Chimera02_cip","2","Graphics/Pictures/ct_cassandra3","卡桑德拉"
"297","バージリン","Graphics/Faces/basilisk_fc1","0","Graphics/Characters/Bird01_cip","1","","巴吉琳"
"298","グランテ","Graphics/Faces/dragon_fc1","0","Graphics/Characters/$DragonMusume01_cip","0","Graphics/Pictures/ct_dragon1","格兰特"
"299","マージュ","Graphics/Faces/gelatinous_fc1","0","Graphics/Characters/Slime02_cip","1","Graphics/Pictures/ct_gelatinous1","玛吉"
"300","くれは","Graphics/Faces/youki_fc1","0","Graphics/Characters/silk17","4","Graphics/Pictures/ct_youki1","克蕾雅"
"301","虎南","Graphics/Faces/tora_fc1","0","Graphics/Characters/silk26","2","","虎南"
"302","ヴィルヘルミナ","Graphics/Faces/vampire_fc1","0","Graphics/Characters/Evil01_cip","4","","维尔赫尔米娜"
"303","ジェライラ","Graphics/Faces/jeraira_fc1","0","Graphics/Characters/$Jeraira01_cip","0","","杰莱拉"
"304","リボ・リボ","Graphics/Faces/libolibo_fc1","0","Graphics/Characters/$Libolibo01_cip","0","","莉波・莉波"
"305","アンフィル","Graphics/Faces/anfill_fc1","0","Graphics/Characters/silk14","1","Graphics/Pictures/ct_anfill1","安菲尔"
"306","ツィンケル","Graphics/Faces/twinkel_fc1","0","Graphics/Characters/$Twinkel01_cip","0","Graphics/Pictures/ct_twinkel1","辛克尔"
"307","アネモ","Graphics/Faces/seaanemone_fc1","0","Graphics/Characters/silk17","0","","海百合"
"308","みお","Graphics/Faces/suiryu_fc1","0","Graphics/Characters/silk25","7","","美绪"
"309","オーシャン","Graphics/Faces/manta_fc1","0","Graphics/Characters/silk16","4","Graphics/Pictures/ct_manta1","奥珊"
"310","ホルン","Graphics/Faces/ikkaku_fc1","0","Graphics/Characters/$Ikkaku01_cip","0","","霍恩"
"311","シシリー","Graphics/Faces/trickfairy_fc1","0","Graphics/Characters/Fairy03_cip","0","","希希莉"
"312","サン","Graphics/Faces/amazoneself_fc1","0","Graphics/Characters/silk21","2","Graphics/Pictures/ct_amazoneself1","桑"
"313","カルカナ","Graphics/Faces/carbuncle_fc1","0","Graphics/Characters/silk24","3","","卡尔卡娜"
"314","ジェイム","Graphics/Faces/gigantic_fc1","0","Graphics/Characters/$GiganticMusume_cip","0","Graphics/Pictures/ct_gigantic1","杰姆"
"315","エアリー","Graphics/Faces/queenfairy_fc1","0","Graphics/Characters/Fairy02_cip","0","","艾尔莉"
"316","フレイヤ","Graphics/Faces/queenelf_fc1","0","Graphics/Characters/DemiHuman02_cip","0","","芙蕾雅"
"317","アリア","Graphics/Faces/f_alraune_fc1","0","Graphics/Characters/silk21","7","Graphics/Pictures/ct_tuta1；Graphics/Pictures/ct_tuta2；Graphics/Pictures/ct_utubo2；Graphics/Pictures/ct_haetori2","阿莉亚"
"318","ラシェル","Graphics/Faces/f_dryad_fc1","0","Graphics/Characters/silk22","0","Graphics/Pictures/ct_tuta1；Graphics/Pictures/ct_tuta2；Graphics/Pictures/ct_utubo2；Graphics/Pictures/ct_haetori2","拉谢尔"
"319","ベラドンナ","Graphics/Faces/walraune_fc1","3","Graphics/Characters/Plant01_cip","5","Graphics/Pictures/ct_tuta1；Graphics/Pictures/ct_tuta2；Graphics/Pictures/ct_utubo2；Graphics/Pictures/ct_haetori2","贝拉多娜"
"320","ドリア","Graphics/Faces/dryad_fc1","0","Graphics/Characters/silk1","7","Graphics/Pictures/ct_tuta1；Graphics/Pictures/ct_tuta2；Graphics/Pictures/ct_utubo2；Graphics/Pictures/ct_haetori2","多莉亚"
"321","ドリエ","Graphics/Faces/dryad_fc1","4","Graphics/Characters/silk1","6","Graphics/Pictures/ct_tuta1；Graphics/Pictures/ct_tuta2；Graphics/Pictures/ct_utubo2；Graphics/Pictures/ct_haetori2","多莉耶"
"322","アルルーナ","Graphics/Faces/queenalraune_fc1","0","Graphics/Characters/$QueenAlraune01_cip","0","Graphics/Pictures/ct_queenalraune1；Graphics/Pictures/ct_queenalraune2","阿娜露娜"
"323","ルクレツィア","Graphics/Faces/queenhapy_fc1","0","Graphics/Characters/Bird02_cip","0","","露克蕾琪亚"
"324","メリル","Graphics/Faces/knight_mermaid_fc1","0","Graphics/Characters/Fishes02_cip","4","","梅莉尔"
"325","ジェシー","Graphics/Faces/g_marmaid_fc1","0","Graphics/Characters/silk3","7","","杰西"
"326","ハイネ","Graphics/Faces/loreley_fc1","0","Graphics/Characters/Fishes03_cip","3","","海涅"
"327","エル","Graphics/Faces/ningyohime_fc1","4","Graphics/Characters/silk3","5","Graphics/Pictures/ct_ningyohime1","艾露"
"328","ローラ","Graphics/Faces/queenmermaid_fc1","0","Graphics/Characters/silk3","6","","罗拉"
"329","クラーケン","Graphics/Faces/kraken_fc1","0","Graphics/Characters/$KrakenMusume01_cip","0","","克拉肯"
"330","アラクネーズ","Graphics/Faces/arachnes_fc1","0","Graphics/Characters/$silk1","0","Graphics/Pictures/ct_arachnes1","阿拉克涅集团"
"331","ミズキ","Graphics/Faces/tutigumo_fc1","0","Graphics/Characters/silk4","7","Graphics/Pictures/ct_tutigumo1","水木"
"332","アラーニェ","Graphics/Faces/alakneload_fc1","0","Graphics/Characters/silk1","3","","阿拉涅"
"333","ナクア","Graphics/Faces/atlach_fc1","0","Graphics/Characters/Insect04_cip","7","","纳克亚"
"334","蜘蛛之皇女","Graphics/Faces/kumonomiko_fc1","0","Graphics/Characters/silk7","5","","蜘蛛之皇女"
"335","エビータ","Graphics/Faces/conquista_fc1","0","Graphics/Characters/silk24","4","Graphics/Pictures/ct_conquista1","艾薇塔"
"336","アンヘラ","Graphics/Faces/vendetta_fc1","0","Graphics/Characters/silk26","7","Graphics/Pictures/ct_vendetta1","安吉拉"
"337","ヴァルヘルト","Graphics/Faces/e_vampire_fc1","0","Graphics/Characters/Evil04_cip","0","","瓦尔赫尔特"
"338","カーミラ","Graphics/Faces/carmilla_fc1","0","Graphics/Characters/silk1","1","Graphics/Pictures/ct_carmilla1","卡米拉"
"339","エリザベート","Graphics/Faces/elisabeth_fc1","0","Graphics/Characters/silk1","2","Graphics/Pictures/ct_elisabeth1","伊丽莎白"
"340","ファティマ","Graphics/Faces/queenvampire_fc1","0","Graphics/Characters/silk1","0","Graphics/Pictures/ct_queenvampire1；Graphics/Pictures/ct_queenvampire2","法蒂玛"
"341","リリス＆リリム","Graphics/Faces/lilith_fc1","0","Graphics/Characters/$Lilith&Lilim01_cip","0","","莉莉斯＆莉莉姆"
"342","エスメラルダ","Graphics/Faces/m_shadow_fc1","0","Graphics/Characters/silk23","3","","艾斯梅拉达"
"343","夕霧","Graphics/Faces/enenra_fc1","1","Graphics/Characters/Evil02_cip","2","Graphics/Pictures/ct_enenra1","夕雾"
"344","キリン","Graphics/Faces/kirin_fc1","0","Graphics/Characters/Beast03_cip","6","Graphics/Pictures/ct_kirin1","绮铃"
"345","蛇骨殿","Graphics/Faces/zyakotuonna_fc1","0","Graphics/Characters/silk26","6","","蛇骨殿"
"346","ベヒーナ","Graphics/Faces/behemoth_fc1","0","Graphics/Characters/Beast03_cip","1","","贝希娜"
"347","ワーバイン","Graphics/Faces/wyvern_fc1","0","Graphics/Characters/Lizerd01_cip","1","","瓦尔拜因"
"348","ぎが","Graphics/Faces/kyoryuu_fc1","0","Graphics/Characters/$KyoryuuMusume01_cip","0","Graphics/Pictures/ct_kyoryuu1","巍峨"
"349","エルザ","Graphics/Faces/monk_sucubuss_fc1","0","Graphics/Characters/silk25","2","Graphics/Pictures/ct_monk_sucubuss1","厄萨"
"350","アニー","Graphics/Faces/monk_demon_fc1","0","Graphics/Characters/Sucbuss02_cip","5","Graphics/Pictures/ct_monk_demon1","安妮"
"351","セシール","Graphics/Faces/scylla_s_fc1","0","Graphics/Characters/silk26","0","Graphics/Pictures/ct_scylla_s1","塞西尔"
"352","ヴィーヴィー","Graphics/Faces/vouivre_fc1","0","Graphics/Characters/silk26","5","Graphics/Pictures/ct_vouivre1","薇薇"
"353","イルマ","Graphics/Faces/icemaze_fc1","0","Graphics/Characters/silk12","1","","艾尔玛"
"354","クヌート","Graphics/Faces/shirokuma_fc1","0","Graphics/Characters/silk26","1","Graphics/Pictures/ct_shirokuma1","克努特"
"355","エンジェルズ","Graphics/Faces/angels_fc1","0","Graphics/Characters/$angels","0","Graphics/Pictures/ct_angels1","天使们"
"356","トリニティ","Graphics/Faces/trinity_fc1","3","Graphics/Characters/$trinity","0","Graphics/Pictures/ct_trinity1","三位一体"
"357","ウラヌス","Graphics/Faces/uranus_fc1","0","Graphics/Characters/silk26","4","","乌拉诺斯"
"358","エリシエル","Graphics/Faces/erisiel_fc1","0","Graphics/Characters/silk14","6","","伊利西艾尔"
"359","キューピー","Graphics/Faces/cupid_fc1","0","Graphics/Characters/silk1","4","","丘比"
"360","ヴィクトリア","Graphics/Faces/valkyrie_fc1","0","Graphics/Characters/silk2","7","","维多利亚"
"361","ヘリエル","Graphics/Faces/heriel_fc1","0","Graphics/Characters/silk24","7","","海莉艾尔"
"362","アルシエル","Graphics/Faces/arusiel_fc1","0","Graphics/Characters/$Arusiel01_cip","0","","艾尔西艾尔"
"363","がぶり","Graphics/Faces/c_beast_fc1","0","Graphics/Characters/Chimera01_cip","5","","伽捕"
"364","あわわ","Graphics/Faces/c_s2_fc1","0","Graphics/Characters/silk7","4","","阿哇哇"
"365","ぱたぱた","Graphics/Faces/c_a3_fc1","0","Graphics/Characters/silk8","1","","啪嗒啪嗒"
"366","まっきー","Graphics/Faces/AD-5_fc1","0","Graphics/Characters/Chimera03_cip","1","","玛奇"
"367","ぐるる","Graphics/Faces/q_5_fc1","0","Graphics/Characters/silk25","5","","咕噜噜"
"368","フェルナンデス","Graphics/Faces/cirqueb_fc1","0","Graphics/Characters/silk2","0","Graphics/Pictures/ct_cirque1","费尔南德斯"
"369","フェルナンデス","Graphics/Faces/cirquec_fc1","0","Graphics/Characters/silk9","0","Graphics/Pictures/ct_cirqueb1","费尔南德斯"
"370","タイタニア","Graphics/Faces/cirqueb_fc2","0","Graphics/Characters/silk6","0","Graphics/Pictures/ct_cirque2","缇坦妮雅"
"371","タイタニア","Graphics/Faces/cirquec_fc2","0","Graphics/Characters/silk9","5","Graphics/Pictures/ct_cirqueb2","缇坦妮雅"
"372","ロザ","Graphics/Faces/cirqueb_fc3","0","Graphics/Characters/silk6","1","Graphics/Pictures/ct_cirque3","罗莎"
"373","ロザ","Graphics/Faces/cirquec_fc3","0","Graphics/Characters/silk9","3","Graphics/Pictures/ct_cirqueb3","罗莎"
"374","アリア・ラミア","Graphics/Faces/cirqueb_fc4","0","Graphics/Characters/silk6","2","Graphics/Pictures/ct_cirque4","阿莉亚・拉米亚"
"375","アリア・ラミア","Graphics/Faces/cirquec_fc4","0","Graphics/Characters/silk9","2","Graphics/Pictures/ct_cirqueb4","阿莉亚・拉米亚"
"376","リフレツィア","Graphics/Faces/cirqueb_fc5","0","Graphics/Characters/silk6","3","Graphics/Pictures/ct_cirque5","莉芙蕾琪亚"
"377","リフレツィア","Graphics/Faces/cirquec_fc5","0","Graphics/Characters/silk9","1","Graphics/Pictures/ct_cirqueb5","莉芙蕾琪亚"
"378","ゼノビア","Graphics/Faces/cirqueb_fc6","0","Graphics/Characters/silk6","4","Graphics/Pictures/ct_cirque6","芝诺比娅"
"379","ゼノビア","Graphics/Faces/cirquec_fc6","0","Graphics/Characters/silk9","4","Graphics/Pictures/ct_cirqueb6","芝诺比娅"
"382","モリガン","Graphics/Faces/morrigan_fc1","0","Graphics/Characters/Sucbuss03_cip","3","Graphics/Pictures/ct_morrigan1","摩莉甘"
"383","エデン","Graphics/Faces/eden_fc1","0","Graphics/Characters/Angel01_cip","5","Graphics/Pictures/ct_eden1","伊甸"
"384","エデン","Graphics/Faces/eden_fc1","3","Graphics/Characters/$Eden01_cip","0","Graphics/Pictures/80_eden_st01","伊甸"
"385","エデン","Graphics/Faces/eden_fc2","0","Graphics/Characters/Angel03_cip","0","Graphics/Pictures/ct_eden2","伊甸"
"386","エデン","Graphics/Faces/eden_fc4","0","Graphics/Characters/$Eden(True final)01_cip","0","Graphics/Pictures/ct_eden3","伊甸"
"387","エデン","Graphics/Faces/eden_fc3","0","Graphics/Characters/Angel05_cip","0","Graphics/Pictures/ct_eden5","伊甸"
"388","エデン・トリニティ","Graphics/Faces/eden_fc5","1","Graphics/Characters/$Ultimate_Eden01_cip","0","Graphics/Pictures/ct_eden4","伊甸・三位一体"
"391","メフィスト","Graphics/Faces/mefist_fc2","0","Graphics/Characters/$Mefist01_cip","0","","梅菲斯特"
"392","メフィスト","Graphics/Faces/mefist_fc3","0","Graphics/Characters/silk11","4","","梅菲斯特"
"393","メフィスト","Graphics/Faces/mefist_fc4","0","Graphics/Characters/$Mefist02_cip","0","","梅菲斯特"
"394","アスタロト","Graphics/Faces/astaroth_fc1","0","Graphics/Characters/Sucbuss03_cip","2","","阿斯塔洛特"
"395","リリス","Graphics/Faces/lilith2_fc1","0","Graphics/Characters/Sucbuss03_cip","1","","莉莉丝"
"396","リリスオリジン","Graphics/Faces/lilith2_fc2","0","Graphics/Characters/$Lilith(FullPower)_cip","0","","莉莉丝起源"
"397","シオン","Graphics/Faces/shion_fc1","0","Graphics/Characters/Angel03_cip","6","Graphics/Pictures/ct_shion1","锡安"
"398","シオン","Graphics/Faces/shion_fc3","0","Graphics/Characters/Angel07_cip","0","","锡安"
"399","シオン","Graphics/Faces/shion_fc5","0","Graphics/Characters/Angel07_cip","1","","锡安"
"400","シオン","Graphics/Faces/shion_fc7","1","Graphics/Characters/Angel07_cip","2","","锡安"
"401","グノーシス","Graphics/Faces/gnosis_fc1","0","Graphics/Characters/Angel03_cip","7","","格诺西丝"
"403","ガルダ","Graphics/Faces/galda_fc1","1","Graphics/Characters/Bird02_cip","1","","加鲁达"
"404","クローナ","Graphics/Faces/cockroacha_fc1","0","Graphics/Characters/Insect03_cip","4","","克萝娜"
"405","ローファ","Graphics/Faces/cockroachb_fc1","0","Graphics/Characters/silk25","6","","乐福"
"406","グロア","Graphics/Faces/queenroach_fc1","0","Graphics/Characters/$QueenRoach01_cip","0","","格洛亚"
"407","ポトフ","Graphics/Faces/magicpot_fc1","0","Graphics/Characters/Evil04_cip","2","","波托夫"
"408","ぽんぽこ","Graphics/Faces/mametanuki_fc1","0","Graphics/Characters/Beast04_cip","4","","蓬蓬可"
"409","たぬぽん","Graphics/Faces/zyoutanuki_fc1","0","Graphics/Characters/Beast05_cip","2","","狸咚"
"410","どろん","Graphics/Faces/shinobitanuki_fc1","0","Graphics/Characters/Beast05_cip","1","","忽隆"
"411","望月","Graphics/Faces/baketanuki_fc1","0","Graphics/Characters/$Bakedanuki01_cip","0","","望月"
"412","隠神刑部","Graphics/Faces/inugami_fc1","0","Graphics/Characters/Beast04_cip","5","","隐神刑部"
"413","黒狸","Graphics/Faces/kurodanuki_fc1","0","Graphics/Characters/Beast04_cip","7","","黑狸"
"414","夜の蜻蛉","Graphics/Faces/kunoitielf2_fc4","0","Graphics/Characters/$KunoichiElfs01_cip","0","Graphics/Pictures/ct_kunoitielf2_1；Graphics/Pictures/ct_kunoitielf2_3；Graphics/Pictures/ct_kunoitielf2_2","夜之蜻蛉"
"415","天音","Graphics/Faces/kuno_succubus_fc1","0","Graphics/Characters/silk23","0","Graphics/Pictures/ct_kuno_succubus1","天音"
"416","燕","Graphics/Faces/kuno_hapy_fc1","0","Graphics/Characters/silk22","7","Graphics/Pictures/ct_kuno_hapy1","燕"
"417","紫陽花","Graphics/Faces/kuno_scylla_fc1","0","Graphics/Characters/silk16","3","Graphics/Pictures/ct_kuno_scylla1","紫阳花"
"418","蛍","Graphics/Faces/kuno_arachne_fc1","0","Graphics/Characters/silk16","2","Graphics/Pictures/ct_kuno_arachne1","蛍"
"419","飛鳥命","Graphics/Faces/elfhime_fc1","0","Graphics/Characters/DemiHuman02_cip","1","","飞鸟命"
"420","八尾","Graphics/Faces/hatibi_fc1","0","Graphics/Characters/Beast02_cip","0","","八尾"
"421","アロマ","Graphics/Faces/esuccubus_fc1","0","Graphics/Characters/Sucbuss02_cip","2","","阿罗玛"
"422","ランスロット","Graphics/Faces/gran_centa_fc1","0","Graphics/Characters/silk22","3","","兰斯洛特"
"423","アンドレア","Graphics/Faces/abis_fc1","0","Graphics/Characters/silk24","0","Graphics/Pictures/ct_abis1","安茱莉亚"
"424","初音","Graphics/Faces/onmyougobi_fc1","0","Graphics/Characters/Beast04_cip","6","","初音"
"425","藤袴","Graphics/Faces/oiranrokubi_fc1","0","Graphics/Characters/$Oirangitune01_cip","0","","藤袴"
"426","黒華","Graphics/Faces/sanki0_fc1","0","Graphics/Characters/Sucbuss03_cip","0","Graphics/Pictures/ct_sanki2","黑华"
"427","黒蛇","Graphics/Faces/sanki1_fc1","0","Graphics/Characters/Lamia02_cip","0","Graphics/Pictures/ct_sanki1","黑蛇"
"428","黒薔薇","Graphics/Faces/sanki2_fc1","0","Graphics/Characters/Evil03_cip","0","Graphics/Pictures/ct_sanki3","黑蔷薇"
"429","アモルドール","Graphics/Faces/amoldoll_fc1","0","Graphics/Characters/$Amoldoll01_cip","0","","阿莫尔人偶"
"430","ペルセポネー","Graphics/Faces/persephone_fc1","0","Graphics/Characters/$Persephone01_cip","0","","珀耳塞福涅"
"431","トリロバイト","Graphics/Faces/trilobite_fc1","0","Graphics/Characters/$Trirobite01_cip","0","Graphics/Pictures/ct_tuta1；Graphics/Pictures/ct_tuta2；Graphics/Pictures/ct_utubo2；Graphics/Pictures/ct_haetori2","三叶虫"
"432","前鬼","Graphics/Faces/zenki_fc1","0","Graphics/Characters/Evil05_cip","6","","前鬼"
"433","後鬼","Graphics/Faces/kouki_fc1","0","Graphics/Characters/Evil05_cip","7","","后鬼"
"435","マリエル","Graphics/Faces/mariel_fc1","0","Graphics/Characters/silk8","0","","玛丽艾尔"
"436","乳々","Graphics/Faces/tennyo_fc1","0","Graphics/Characters/Angel02_cip","0","Graphics/Pictures/ct_tennyo1","乳乳"
"437","フィオナ","Graphics/Faces/c_tentacle_fc1","0","Graphics/Characters/silk7","1","","菲奥娜"
"438","アリエル","Graphics/Faces/ariel_fc1","3","Graphics/Characters/silk1","5","","阿莉艾尔"
"439","ラナエル","Graphics/Faces/ranael_fc1","0","Graphics/Characters/Angel01_cip","3","Graphics/Pictures/ct_tuta1；Graphics/Pictures/ct_tuta2；Graphics/Pictures/ct_utubo2；Graphics/Pictures/ct_haetori2","拉娜艾尔"
"440","ナガエル","Graphics/Faces/nagael_fc1","0","Graphics/Characters/$Nagael01_cip","0","","娜迦艾尔"
"441","ロンド","Graphics/Faces/c_medulahan_fc1","0","Graphics/Characters/silk7","0","","朗多"
"442","ラタエル","Graphics/Faces/ratael_fc1","0","Graphics/Characters/Angel02_cip","2","Graphics/Pictures/ct_ratael1","菈塔艾尔"
"443","リファイール","Graphics/Faces/rifaiel_fc1","0","Graphics/Characters/$Rifaiel01","0","Graphics/Pictures/ct_tuta1；Graphics/Pictures/ct_tuta2；Graphics/Pictures/ct_utubo2；Graphics/Pictures/ct_haetori2","利芙艾尔"
"444","ギリエル","Graphics/Faces/giriel_fc1","0","Graphics/Characters/Angel02_cip","1","Graphics/Pictures/ct_giriel1","吉莉艾尔"
"445","ポム","Graphics/Faces/trooperloid_fc1","0","Graphics/Characters/silk4","5","","波姆"
"446","サビリエル","Graphics/Faces/sabiriel_fc1","0","Graphics/Characters/Angel02_cip","5","Graphics/Pictures/ct_sabiriel1","萨比莉艾尔"
"447","ムズキエル","Graphics/Faces/muzukiel_fc1","0","Graphics/Characters/Angel01_cip","4","","穆祖吉艾尔"
"448","シルキエル","Graphics/Faces/silkiel_fc1","0","Graphics/Characters/Angel01_cip","6","","希尔吉艾尔"
"449","ベリエル","Graphics/Faces/berryel_fc1","0","Graphics/Characters/$Beriel01_cip","0","Graphics/Pictures/ct_tuta1；Graphics/Pictures/ct_tuta2；Graphics/Pictures/ct_utubo2；Graphics/Pictures/ct_haetori2","贝莉艾尔"
"450","エラント","Graphics/Faces/evilprant_fc1","0","Graphics/Characters/silk14","7","Graphics/Pictures/ct_tuta1；Graphics/Pictures/ct_tuta2；Graphics/Pictures/ct_utubo2；Graphics/Pictures/ct_haetori2","艾兰特"
"451","リヴァエル","Graphics/Faces/revel_fc1","0","Graphics/Characters/$Rivael01_cip","0","","莉瓦艾尔"
"452","レロール","Graphics/Faces/c_tangh_fc1","0","Graphics/Characters/Chimera01_cip","7","","雷罗尔"
"453","マリ","Graphics/Faces/c_bug_fc1","0","Graphics/Characters/silk4","0","","玛莉"
"454","ジェイン","Graphics/Faces/c_slag_fc1","0","Graphics/Characters/Chimera03_cip","4","","简"
"455","アリー","Graphics/Faces/c_dryad_fc1","0","Graphics/Characters/Chimera01_cip","0","Graphics/Pictures/ct_tuta1；Graphics/Pictures/ct_tuta2；Graphics/Pictures/ct_utubo2；Graphics/Pictures/ct_haetori2","阿利"
"456","ストーン","Graphics/Faces/catoblepas_fc1","0","Graphics/Characters/$CatoblepasMusume","0","","斯通"
"457","テュポーネ","Graphics/Faces/typhon_fc1","0","Graphics/Characters/$TyphonMusume_cip","0","","提丰妮"
"458","ラプラス","Graphics/Faces/laplace_fc1","0","Graphics/Characters/silk4","3","Graphics/Pictures/ct_laplace1","拉普拉斯"
"459","ビーナス","Graphics/Faces/traptemis_fc1","0","Graphics/Characters/silk5","5","","维纳斯"
"460","フーリエル","Graphics/Faces/furiel_fc1","0","Graphics/Characters/Angel05_cip","7","Graphics/Pictures/ct_furiel1","傅里艾尔"
"461","ドリス","Graphics/Faces/drainplant_fc1","0","Graphics/Characters/$DrainPlant01_cip","0","","多丽丝"
"462","ロゴス","Graphics/Faces/drainloid_fc1","0","Graphics/Characters/Create01_cip","7","","逻各斯"
"463","カーラ","Graphics/Faces/handyloid_fc1","0","Graphics/Characters/silk15","6","","卡拉"
"464","メイジェル","Graphics/Faces/maid_angel_fc1","0","Graphics/Characters/Angel08_cip","2","Graphics/Pictures/ct_maid_angel1","梅琪尔"
"465","クジェル","Graphics/Faces/cooc_angel_fc1","0","Graphics/Characters/Angel08_cip","1","Graphics/Pictures/ct_cooc_angel1","库琪尔"
"466","ワイティエル","Graphics/Faces/whiteyel_fc1","0","Graphics/Characters/Angel02_cip","7","Graphics/Pictures/ct_whiteyel1","怀蒂艾尔"
"467","プシェル","Graphics/Faces/lamianloid_fc1","0","Graphics/Characters/silk4","4","Graphics/Pictures/ct_lamianloid1","普谢尔"
"468","エンディエル","Graphics/Faces/endiel_fc1","0","Graphics/Characters/$Endyel01_cip","0","","安迪艾尔"
"469","リプラ","Graphics/Faces/replicant_fc1","0","Graphics/Characters/silk4","6","","瑞普拉"
"470","プリオ","Graphics/Faces/c_prison_fc1","0","Graphics/Characters/Chimera03_cip","5","","普里奥"
"471","デボラ","Graphics/Faces/maikonido_fc1","0","Graphics/Characters/plant03_cip","2","Graphics/Pictures/ct_tuta1；Graphics/Pictures/ct_tuta2；Graphics/Pictures/ct_utubo2；Graphics/Pictures/ct_haetori2","黛博拉"
"472","マタンゴ","Graphics/Faces/matango_fc1","6","Graphics/Characters/$Matango01_cip","0","Graphics/Pictures/ct_tuta1；Graphics/Pictures/ct_tuta2；Graphics/Pictures/ct_utubo2；Graphics/Pictures/ct_haetori2","玛坦戈"
"473","モスミー","Graphics/Faces/meltymoss_fc1","0","Graphics/Characters/Insect05_cip","0","","莫斯米"
"474","ローズ","Graphics/Faces/meltyrose_fc1","0","Graphics/Characters/silk16","5","Graphics/Pictures/ct_meltyrose1；Graphics/Pictures/ct_tuta1；Graphics/Pictures/ct_tuta2；Graphics/Pictures/ct_utubo2；Graphics/Pictures/ct_haetori2","萝丝"
"475","ジャンヌ","Graphics/Faces/c_dryad_vore_fc1","0","Graphics/Characters/Chimera01_cip","6","Graphics/Pictures/ct_tuta1；Graphics/Pictures/ct_tuta2；Graphics/Pictures/ct_utubo2；Graphics/Pictures/ct_haetori2","贞德"
"476","モコメ","Graphics/Faces/yomotu_fc1","0","Graphics/Characters/silk2","6","","黄泉女"
"477","フェルメサーラ","Graphics/Faces/fermesara_fc1","0","Graphics/Characters/silk3","4","","拉之子美西芙"
"478","ユリアレスカ","Graphics/Faces/angelghoul_fc1","0","Graphics/Characters/silk2","1","","尤莉亚雷斯卡"
"479","ドルバレル","Graphics/Faces/dragonzonbe_fc1","0","Graphics/Characters/$DragonZonbiMusume01_cip","0","Graphics/Pictures/ct_dragonzonbe1","多尔巴雷尔"
"480","ラック","Graphics/Faces/sarlacc_fc1","0","Graphics/Characters/$SarlaccMusume01_cip","0","","拉克"
"481","シリエル","Graphics/Faces/siriel_fc1","0","Graphics/Characters/Angel06_cip","0","","希莉艾尔"
"482","エグエル","Graphics/Faces/eggel_fc1","0","Graphics/Characters/$Egel01.cip","0","","艾格艾尔"
"483","チェリオ","Graphics/Faces/c_chariot_fc1","0","Graphics/Characters/$ChimeraChariott01_cip","0","","切里奥"
"484","レイローズ","Graphics/Faces/knightloid_fc1","0","Graphics/Characters/silk4","2","Graphics/Pictures/ct_knightloid1","蕾洛斯"
"485","ミネビア","Graphics/Faces/assassinloid_fc1","3","Graphics/Characters/silk4","1","Graphics/Pictures/ct_assassinloid1","米涅比亚"
"486","ユリエル","Graphics/Faces/yuriel_fc1","0","Graphics/Characters/Angel06_cip","1","","尤莉艾尔"
"487","メルシエル","Graphics/Faces/merusiel_fc1","0","Graphics/Characters/silk16","6","","梅尔希艾尔"
"488","セバスイール","Graphics/Faces/sebasiel_fc1","0","Graphics/Characters/silk17","1","","塞巴西艾尔"
"489","ホルミエル","Graphics/Faces/holmiel_fc1","0","Graphics/Characters/Angel02_cip","6","Graphics/Pictures/ct_holmiel1","霍尔米艾尔"
"490","アプティエル","Graphics/Faces/aptiel_fc1","0","Graphics/Characters/Angel05_cip","5","","阿普蒂艾尔"
"491","クリオネラ","Graphics/Faces/clionera_fc1","0","Graphics/Characters/Angel08_cip","0","Graphics/Pictures/ct_clionera1","海天使"
"492","ロズニエル","Graphics/Faces/roseniel_fc1","0","Graphics/Characters/$Roseniel01_cip","0","","罗兹尼艾尔"
"493","キュビエル","Graphics/Faces/cubiel_fc1","0","Graphics/Characters/$Cubiel01_cip","0","","丘比艾尔"
"494","ワミエル","Graphics/Faces/wormiel_fc1","0","Graphics/Characters/$wamiel01_cip","0","Graphics/Pictures/ct_syokusyu1；Graphics/Pictures/ct_syokusyu2；Graphics/Pictures/ct_hiru3；Graphics/Pictures/ct_hiru1；Graphics/Pictures/ct_hiru4","瓦米艾尔"
"496","ジルフィ","Graphics/Faces/zylphe_fc1","0","Graphics/Characters/Elemental01_cip","3","","吉尔菲"
"497","ノーマレン","Graphics/Faces/gnomaren_fc1","0","Graphics/Characters/Elemental01_cip","2","","诺玛伦"
"498","グランディーネ","Graphics/Faces/grandine_fc1","0","Graphics/Characters/Elemental01_cip","1","","格兰蒂妮"
"499","ギガマンドラ","Graphics/Faces/gigamander_fc1","0","Graphics/Characters/Elemental01_cip","0","","千兆曼德拉"
"500","アルカンシエル","Graphics/Faces/arcen_fc1","1","Graphics/Characters/Create02_cip","0","","天空之弧"
"501","ハイヌウェレ","Graphics/Faces/hainu_fc1","1","Graphics/Characters/Create02_cip","1","","海奴韦莱"
"502","アンフィスバエナ","Graphics/Faces/amphis_fc1","0","Graphics/Characters/Create02_cip","2","","双头蛇"
"503","ツクヨミ","Graphics/Faces/tukuyomi_fc1","0","Graphics/Characters/Create02_cip","3","","月读"
"504","ラプンツェル","Graphics/Faces/rapun_fc1","1","Graphics/Characters/Create02_cip","4","","长发公主"
"505","ルカ・ドッペル","Graphics/Faces/doppele_fc2","0","Graphics/Characters/Create04_cip","1","","鲁卡・克隆体"
"506","ルカ・ホリィ","Graphics/Faces/doppele_fc1","0","Graphics/Characters/Create02_cip","7","","鲁卡・霍莉"
"507","ルカ・リノア","Graphics/Faces/doppele_fc1","4","Graphics/Characters/Create02_cip","6","","鲁卡・莉诺雅"
"508","ルカ・ハイネ","Graphics/Faces/doppele_fc1","1","Graphics/Characters/Create04_cip","2","","鲁卡・海涅"
"509","ルカ・キリエ","Graphics/Faces/doppele_fc1","2","Graphics/Characters/Create04_cip","4","","鲁卡・姬莉叶"
"510","ラファエラ","Graphics/Faces/rafaera_fc1","0","Graphics/Characters/Angel03_cip","3","","拉斐艾拉"
"511","ガブリエラ","Graphics/Faces/gaburiera_fc1","0","Graphics/Characters/Angel04_cip","1","Graphics/Pictures/ct_tuta1；Graphics/Pictures/ct_tuta2；Graphics/Pictures/ct_utubo2；Graphics/Pictures/ct_haetori2","加百艾拉"
"512","ウリエラ","Graphics/Faces/uriera_fc1","0","Graphics/Characters/Angel03_cip","5","Graphics/Pictures/ct_uriera1","乌列艾拉"
"513","サリエラ","Graphics/Faces/sariera_fc1","0","Graphics/Characters/Angel03_cip","4","","沙利艾拉"
"514","メタトローネ","Graphics/Faces/metatorone_fc1","0","Graphics/Characters/Angel04_cip","0","","梅塔特隆妮"
"515","サンダルフォーネ","Graphics/Faces/sandalforne_fc1","0","Graphics/Characters/Angel04_cip","2","","圣德芬妮"
"516","プルエル","Graphics/Faces/puruel_fc1","0","Graphics/Characters/Angel06_cip","6","Graphics/Pictures/80_puruel_st01","普露艾尔"
"517","イヌエル","Graphics/Faces/inuel_fc1","0","Graphics/Characters/Angel06_cip","7","Graphics/Pictures/80_inuel_st01","伊努艾尔"
"518","ラファエラ","Graphics/Faces/rafaera_fc3","0","Graphics/Characters/Angel07_cip","4","","拉斐艾拉"
"520","ラザロ","Graphics/Faces/lazarus3_fc1","0","Graphics/Characters/Civlian03_cip","5","Graphics/Pictures/ct_lazarus1；Graphics/Pictures/ct_lazarus3；Graphics/Pictures/ct_lazarus2","拉扎罗"
"521","ラザロ","Graphics/Faces/lazarus4_fc1","0","Graphics/Characters/Civlian04_cip","1","","拉扎罗"
"522","マーリン","Graphics/Faces/merlin_fc1","0","Graphics/Characters/Civlian03_cip","4","Graphics/Pictures/ct_merlin1","梅林"
"523","マルケルス","Graphics/Faces/marcellus_fc1","0","Graphics/Characters/Civlian03_cip","6","Graphics/Pictures/ct_marcellus1","马鲁塞勒斯"
"525","ソニア","Graphics/Faces/sonia_fc1","0","Graphics/Characters/Angel03_cip","1","Graphics/Pictures/ct_sonia1；Graphics/Pictures/ct_sonia3","索尼娅"
"526","サバサ王","Graphics/Faces/sabasa_fc1","0","Graphics/Characters/Royal01_cip","1","Graphics/Pictures/ct_sabasa1；Graphics/Pictures/ct_sabasa3","撒巴萨王"
"527","サバサマン","Graphics/Faces/sabasa_fc3","0","Graphics/Characters/Royal01_cip","7","Graphics/Pictures/80_sabasa_st22","撒巴萨侠"
"528","サラサ","Graphics/Faces/sabasa_fc4","1","Graphics/Characters/Royal03_cip","0","","撒拉萨"
"529","サラ","Graphics/Faces/sara_fc1","0","Graphics/Characters/Roial02_cip","0","Graphics/Pictures/ct_sara2；Graphics/Pictures/ct_sara1","萨拉"
"530","サラ","Graphics/Faces/sara_fc4","0","Graphics/Characters/Roial02_cip","3","Graphics/Pictures/ct_sara3；Graphics/Pictures/ct_sara4","萨拉"
"531","サン・イリア王","Graphics/Faces/saniria_fc2","0","Graphics/Characters/Royal01_cip","5","Graphics/Pictures/ct_saniria2；Graphics/Pictures/ct_saniria1；Graphics/Pictures/80_saniria_st12","圣・伊莉娅王"
"533","グランドノア女王","Graphics/Faces/grandnoa_fc1","0","Graphics/Characters/Royal01_cip","2","Graphics/Pictures/ct_grandnoa","格兰德诺亚女王"
"534","グランドノア女王","Graphics/Faces/madousen_fc1","0","Graphics/Characters/$BlackShip01_cip","0","Graphics/Pictures/ct_grandnoa；Graphics/Pictures/ct_madousen2；Graphics/Pictures/ct_madousen4；Graphics/Pictures/ct_madousen8","格兰德诺亚女王"
"535","グランゴルド王","Graphics/Faces/grangold_fc2","0","Graphics/Characters/$Grandgoldo02_cip","0","Graphics/Pictures/ct_grangold2","格兰戈尔德王"
"536","セレーネ","Graphics/Faces/serene_fc1","3","Graphics/Characters/Civlian01_cip","5","Graphics/Pictures/ct_serene","塞勒涅"
"538","ハインリヒ","Graphics/Faces/heinrich_fc1","7","Graphics/Characters/Civlian02_cip","1","","海因里希"
"539","ハインリヒ","Graphics/Faces/heinrich_fc4","0","Graphics/Characters/Civlian04_cip","0","","海因里希"
"540","アミラ","Graphics/Faces/amira_fc1","0","Graphics/Characters/Civlian01_cip","0","Graphics/Pictures/80_amira_st01；Graphics/Pictures/80_amira_st02","亚米拉"
"541","ピーハー","Graphics/Faces/piha_fc1","0","Graphics/Characters/Civlian02_cip","5","Graphics/Pictures/80_piha_st01","比哈"
"542","ドーメイマ","Graphics/Faces/domeima_fc1","0","Graphics/Characters/Civlian02_cip","6","Graphics/Pictures/80_domeima_st01","鱼人"
"543","さんとす","Graphics/Faces/santos_fc1","0","Graphics/Characters/Civlian02_cip","7","","又猫"
"544","マリー","Graphics/Faces/mob_maid_fc1","0","Graphics/Characters/Mobs01_cip","1","","玛丽"
"545","エリィ","Graphics/Faces/mob_murabito1_fc1","0","Graphics/Characters/Mobs02_cip","7","","艾莉"
"546","ステラ","Graphics/Faces/mob_hurou_fc1","0","Graphics/Characters/Mobs03_cip","0","","斯特拉"
"547","ドン・ダリア","Graphics/Faces/dondaria_fc1","0","Graphics/Characters/dondaria","0","","唐・达利亚"
"548","バニィちゃん","Graphics/Faces/mob_bunny1_fc1","0","Graphics/Characters/Mobs01_cip","2","","芭妮酱"
"549","ルイズ","Graphics/Faces/mob_touzoku_fc1","0","Graphics/Characters/Mobs03_cip","1","","露易丝"
"550","メイリン","Graphics/Faces/mob_kakutou_fc1","0","Graphics/Characters/Mobs03_cip","2","","梅林"
"551","ケイト","Graphics/Faces/mob_maid1_fc1","0","Graphics/Characters/Mobs01_cip","0","","凯特"
"552","エリッサ","Graphics/Faces/mob_elf1_fc1","0","Graphics/Characters/Mobs01_cip","4","","艾莉莎"
"553","フィーズ","Graphics/Faces/mob_gakusya1_fc1","0","Graphics/Characters/Mobs02_cip","3","","菲兹"
"554","ナイチンゲール","Graphics/Faces/mob_nasu1_fc1","0","Graphics/Characters/Mobs01_cip","3","","南丁格尔"
"555","テレサ","Graphics/Faces/mob_murabito2_fc1","0","Graphics/Characters/Mobs02_cip","1","","特蕾莎"
"556","マリア","Graphics/Faces/mob_sister1_fc1","0","Graphics/Characters/Mobs01_cip","5","","玛利亚"
"557","ジャスカ","Graphics/Faces/justice_fc1","0","Graphics/Characters/Mobs01_cip","7","","贾斯卡"
"558","ナイア","Graphics/Faces/mob_uranai1_fc1","0","Graphics/Characters/Mobs02_cip","5","","奈亚"
"559","サラーン","Graphics/Faces/mob_assasin1_fc1","1","Graphics/Characters/Mobs01_cip","6","","萨拉恩"
"560","メロディ","Graphics/Faces/mob_odoriko1_fc1","0","Graphics/Characters/Mobs02_cip","4","","梅洛迪"
"561","ウィッチ","Graphics/Faces/mob_majyo1_fc1","0","Graphics/Characters/Mobs02_cip","2","","女巫"
"562","オーラン","Graphics/Faces/mob_bukiya1_fc1","0","Graphics/Characters/Mobs02_cip","6","","奥兰"
"563","ピラト","Graphics/Faces/People4","7","Graphics/Characters/People4","7","","皮拉托"
"564","ヨハネ","Graphics/Faces/Actor1","4","Graphics/Characters/Actor1","4","","约翰"
"565","サモン","Graphics/Faces/Actor3","6","Graphics/Characters/Actor3","6","","左门"
"566","スカトロ大尉","Graphics/Faces/sukatoro_fc1","0","Graphics/Characters/suka","0","","斯卡托罗大尉"
"567","パンツ先生","Graphics/Faces/pants_fc1","0","Graphics/Characters/zenra","0","","胖次老师"
"569","花京淫","Graphics/Faces/kakyouin_fc1","0","Graphics/Characters/Mobs05_cip","4","","花京淫"
"570","ジーナ","Graphics/Faces/mob_kensi_fc1","0","Graphics/Characters/Mobs05_cip","2","","吉娜"
"571","ミリオ","Graphics/Faces/mob_kaihei_fc1","0","Graphics/Characters/Mobs04_cip","3","","米莉奥"
"572","ララ","Graphics/Faces/mob_murabito3_fc1","0","Graphics/Characters/Mobs05_cip","0","","菈菈"
"573","ジュリア","Graphics/Faces/mob_sensi1_fc1","0","Graphics/Characters/Mobs04_cip","0","","朱莉娅"
"574","さつき","Graphics/Faces/mob_miko1_fc1","0","Graphics/Characters/Mobs04_cip","7","","皋月"
"575","弥生","Graphics/Faces/mob_samurai_fc1","0","Graphics/Characters/Mobs04_cip","1","","弥生"
"576","ルーファ","Graphics/Faces/mob_gakusya2_fc1","0","Graphics/Characters/Mobs03_cip","6","","鲁法"
"577","マジカルまりんちゃん","Graphics/Faces/mob_mahousyouzyo_fc1","0","Graphics/Characters/Mobs05_cip","3","","魔法少女玛琳酱"
"578","アウグスタ","Graphics/Faces/mob_heisi_fc1","0","Graphics/Characters/Mobs04_cip","6","","奥古斯塔"
"579","マグダ","Graphics/Faces/mob_sanzoku_fc1","0","Graphics/Characters/Mobs04_cip","4","","玛格达"
"580","アレリア","Graphics/Faces/mob_ozyou_fc1","0","Graphics/Characters/Mobs04_cip","5","","阿蕾莉亚"
"581","オフィリア","Graphics/Faces/mob_kizoku_fc1","1","Graphics/Characters/Mobs05_cip","1","","奥菲莉亚"
"582","オーロラ","Graphics/Faces/mob_douguya_fc1","0","Graphics/Characters/Mobs03_cip","7","","奥罗拉"
"583","アリアドネ","Graphics/Faces/mob_kaizoku1_fc1","0","Graphics/Characters/Mobs03_cip","5","","阿莉亚多涅"
"584","クレスタ","Graphics/Faces/mob_kaizoku2_fc1","0","Graphics/Characters/Mobs03_cip","4","","克莱斯特"
"585","グロリア","Graphics/Faces/mob_kaizoku3_fc1","1","Graphics/Characters/Mobs03_cip","3","","格洛丽亚"
"586","ショウキ","Graphics/Faces/mob_ninzya1_fc1","0","Graphics/Characters/Mobs04_cip","2","","钟馗"
"587","ルリ","Graphics/Faces/mob_elf2_fc1","0","Graphics/Characters/Mobs06_cip","0","","露莉"
"588","スイキ","Graphics/Faces/mob_ninzya2_fc1","0","Graphics/Characters/Mobs05_cip","6","","水鬼"
"589","フィフィ","Graphics/Faces/mob_murabito5_fc1","0","Graphics/Characters/Mobs07_cip","1","","菲菲"
"590","エメラ","Graphics/Faces/mob_maid2_fc1","0","Graphics/Characters/Mobs06_cip","2","","艾梅拉"
"591","マヤ","Graphics/Faces/mob_syuzin_fc1","0","Graphics/Characters/Mobs07_cip","5","","玛雅"
"592","メル","Graphics/Faces/mob_youzyo_fc1","0","Graphics/Characters/Mobs08_cip","0","","梅露"
"593","イヨ","Graphics/Faces/mob_elf3_fc1","0","Graphics/Characters/Mobs06_cip","1","","伊欧"
"594","ジーン","Graphics/Faces/mob_maid3_fc1","0","Graphics/Characters/Mobs06_cip","3","","吉恩"
"595","フウキ","Graphics/Faces/mob_ninzya3_fc1","0","Graphics/Characters/Mobs05_cip","7","","风鬼"
"596","マイン","Graphics/Faces/mob_maid4_fc1","0","Graphics/Characters/Mobs06_cip","4","","梅因"
"597","ナドカ","Graphics/Faces/mob_miko2_fc1","0","Graphics/Characters/Mobs06_cip","7","","娜多卡"
"598","コトハ","Graphics/Faces/mob_wahu1_fc1","0","Graphics/Characters/Mobs07_cip","6","","珂托哈"
"599","サンディ","Graphics/Faces/mob_rakunou1_fc1","0","Graphics/Characters/Mobs07_cip","2","","珊迪"
"600","オリビア","Graphics/Faces/mob_murabito4_fc1","0","Graphics/Characters/Mobs07_cip","0","","奥莉维亚"
"601","ミラ","Graphics/Faces/mob_syohu_fc1","0","Graphics/Characters/Mobs07_cip","4","","米拉"
"602","カンナ","Graphics/Faces/mob_wahu2_fc1","0","Graphics/Characters/Mobs07_cip","7","","卡娜"
"603","ノア","Graphics/Faces/mob_sister2_fc2","0","Graphics/Characters/Mobs07_cip","3","","诺亚"
"604","コンスタンツェ","Graphics/Faces/mob_kisi_fc1","0","Graphics/Characters/Mobs06_cip","5","","康斯坦策"
"605","レミナ","Graphics/Faces/mob_hime_fc1","0","Graphics/Characters/Mobs06_cip","6","","雷米娜"
"606","レラ","Graphics/Faces/fenrir_fc1","0","Graphics/Characters/Beast02_cip","2","","蕾拉"
"607","ユージィー","Graphics/Faces/garukimasera_fc1","0","Graphics/Characters/silk22","2","","尤吉"
"608","グレッタ","Graphics/Faces/greatorc_fc1","0","Graphics/Characters/Beast05_cip","0","","格蕾塔"
"609","リージュ","Graphics/Faces/ranccubus_fc1","0","Graphics/Characters/Sucbuss02_cip","6","Graphics/Pictures/ct_ranccubus1","莉茱"
"610","ミラノ","Graphics/Faces/leeccubus_fc1","0","Graphics/Characters/Sucbuss02_cip","7","Graphics/Pictures/ct_leeccubus1","米拉娜"
"611","クィーンエヴァ","Graphics/Faces/evaq_fc1","0","Graphics/Characters/Sucbuss04_cip","3","Graphics/Pictures/ct_evaq1","女王伊娃"
"612","バフォム","Graphics/Faces/baphomet_fc1","0","Graphics/Characters/silk21","4","","巴风姆"
"613","くだん","Graphics/Faces/kudan_fc1","0","Graphics/Characters/silk25","1","","件"
"614","ヴェルベラ","Graphics/Faces/vellraune_fc1","0","Graphics/Characters/Plant02_cip","7","Graphics/Pictures/ct_tuta1；Graphics/Pictures/ct_tuta2；Graphics/Pictures/ct_utubo2；Graphics/Pictures/ct_haetori2","维尔贝拉"
"615","スミレ","Graphics/Faces/nependeath_fc1","1","Graphics/Characters/Plant02_cip","6","Graphics/Pictures/ct_tuta1；Graphics/Pictures/ct_tuta2；Graphics/Pictures/ct_utubo2；Graphics/Pictures/ct_haetori2","堇"
"616","ローザ","Graphics/Faces/barakizoku_fc1","0","Graphics/Characters/plant03_cip","5","Graphics/Pictures/ct_tuta1；Graphics/Pictures/ct_tuta2；Graphics/Pictures/ct_utubo2；Graphics/Pictures/ct_haetori2","罗萨"
"617","ボムボム","Graphics/Faces/bombslime_fc1","0","Graphics/Characters/Slime02_cip","4","Graphics/Pictures/ct_bombslime1","嘣嘣"
"618","リキュルン","Graphics/Faces/liqurslime_fc1","0","Graphics/Characters/Slime02_cip","5","Graphics/Pictures/ct_liqurslime1","利口伦"
"619","プリン","Graphics/Faces/slimeprin_fc1","0","Graphics/Characters/Slime02_cip","3","Graphics/Pictures/ct_slimeprin1","布丁"
"620","アスラ","Graphics/Faces/asura_fc1","0","Graphics/Characters/Evil02_cip","0","Graphics/Pictures/ct_asura1","阿修罗"
"621","マキス","Graphics/Faces/gigaslime_fc1","2","Graphics/Characters/$Gigaslime01","0","","马基斯"
"622","レオノーラ","Graphics/Faces/lamia_n_fc1","0","Graphics/Characters/Lamia03_cip","3","","莱奥诺拉"
"623","クローラント","Graphics/Faces/l_medusa_fc1","0","Graphics/Characters/Lamia03_cip","2","","克罗兰"
"624","パンドラ","Graphics/Faces/pandora_fc1","0","Graphics/Characters/silk25","4","","潘多拉"
"625","ニョロ","Graphics/Faces/utubom_fc1","0","Graphics/Characters/Fishes03_cip","5","Graphics/Pictures/ct_utubom1","扭扭"
"626","アンモナ","Graphics/Faces/ancientscylla_fc1","0","Graphics/Characters/Skylla01_cip","6","","阿蒙娜"
"627","さより","Graphics/Faces/s_akaname_fc1","0","Graphics/Characters/silk23","5","","纱世里"
"628","ヒメ","Graphics/Faces/nekogami_fc1","0","Graphics/Characters/Beast05_cip","3","","姬"
"629","ウメ","Graphics/Faces/kizin_fc1","0","Graphics/Characters/Evil05_cip","5","","梅"
"630","エミシ","Graphics/Faces/onmyosasori_fc1","1","Graphics/Characters/Insect03_cip","3","","艾米希"
"631","ケット・シー","Graphics/Faces/caitsith_fc1","0","Graphics/Characters/silk14","3","Graphics/Pictures/ct_caitsith1","凯西猫"
"632","フォキシー","Graphics/Faces/galfox_fc1","0","Graphics/Characters/silk15","4","","芙克斯"
"633","ジュラ","Graphics/Faces/juraabis_fc1","0","Graphics/Characters/silk22","5","","侏罗"
"634","ヴィオラ","Graphics/Faces/marchosias_fc1","0","Graphics/Characters/silk25","3","","维奥拉"
"635","ロビリッチ","Graphics/Faces/loccubus_fc1","0","Graphics/Characters/Sucbuss04_cip","0","Graphics/Pictures/ct_loccubus1","萝比里奇"
"636","ロッサ","Graphics/Faces/testarossa_fc1","0","Graphics/Characters/Evil04_cip","6","Graphics/Pictures/ct_testarossa1","罗飒"
"637","マミ","Graphics/Faces/ek_mermaid_fc1","0","Graphics/Characters/Fishes04_cip","2","","麻美"
"638","セドナ","Graphics/Faces/greatmarman_fc1","0","Graphics/Characters/silk24","5","","赛德娜"
"639","エレグランテ","Graphics/Faces/gigadryad_fc1","0","Graphics/Characters/$Big_Dryad01_cip","0","Graphics/Pictures/ct_tuta1；Graphics/Pictures/ct_tuta2；Graphics/Pictures/ct_utubo2；Graphics/Pictures/ct_haetori2","伊蕾格兰特"
"640","アルキュール","Graphics/Faces/arucubuss_fc1","0","Graphics/Characters/Sucbuss04_cip","7","Graphics/Pictures/ct_arucubuss1","阿尔库尔"
"641","ヴェイユ","Graphics/Faces/lesscubuss_fc1","0","Graphics/Characters/Sucbuss05_cip","0","Graphics/Pictures/ct_lessccubus1","韦伊"
"642","グレイヌ","Graphics/Faces/granabass_fc1","0","Graphics/Characters/Evil04_cip","7","","格蕾娜"
"643","ハーゲンベック","Graphics/Faces/hargenbeck_fc3","0","Graphics/Characters/$Hargenbeck&Doll01_cip","0","","哈根贝克"
"644","サンタマリア","Graphics/Faces/santamaria_fc3","0","Graphics/Characters/$Santamaria&Doll01_cip","0","Graphics/Pictures/ct_santamaria1","圣玛利亚"
"645","エリス","Graphics/Faces/elis_fc1","0","Graphics/Characters/Create05_cip","4","Graphics/Pictures/ct_syoukan_k01","厄里斯"
"646","シャウト","Graphics/Faces/shoutmata_fc1","0","Graphics/Characters/Create05_cip","1","Graphics/Pictures/ct_syoukan_k04","肖特"
"647","ジャイアントセーラ","Graphics/Faces/giantsarah_fc1","0","Graphics/Characters/$Royalelena01_cip","0","Graphics/Pictures/ct_giantsarah1","巨人莎拉"
"648","ズリン","Graphics/Faces/paizuridoll2_fc1","0","Graphics/Characters/Create05_cip","5","Graphics/Pictures/ct_paizuridoll2_1","阿交"
"649","ラブ","Graphics/Faces/lovemata_fc1","0","Graphics/Characters/Create05_cip","3","Graphics/Pictures/ct_syoukan_k05","爱"
"650","ブラヴァツキー","Graphics/Faces/blavatsky_fc1","0","Graphics/Characters/Undead02_cip","3","Graphics/Pictures/ct_blavatsky1","布拉瓦茨基"
"651","アグニ","Graphics/Faces/aguni_fc1","0","Graphics/Characters/Create05_cip","2","Graphics/Pictures/ct_syoukan_k08","阿耆尼"
"652","雅姫","Graphics/Faces/miyabihime_fc1","0","Graphics/Characters/$Miyabi01_cip","0","Graphics/Pictures/ct_syoukan_k09","雅姬"
"653","マヒナ","Graphics/Faces/nanccubus_fc1","0","Graphics/Characters/Sucbuss04_cip","6","","玛希娜"
"654","スカルナ","Graphics/Faces/pabilsag_fc1","0","Graphics/Characters/Insect03_cip","2","","斯卡鲁娜"
"655","ノン","Graphics/Faces/maneater_fc1","0","Graphics/Characters/silk24","1","Graphics/Pictures/ct_syokusyu1；Graphics/Pictures/ct_syokusyu2；Graphics/Pictures/ct_hiru3；Graphics/Pictures/ct_hiru1；Graphics/Pictures/ct_hiru4","诺恩"
"656","シェンホー","Graphics/Faces/kodairyu_fc1","0","Graphics/Characters/$Kodairyu01_cip","0","","仙贺"
"657","ゲート","Graphics/Faces/heavensgate_fc1","0","Graphics/Characters/$Hevan'sGate01_cip","0","","大门"
"658","魔列車","Graphics/Faces/niprell_fc1","0","Graphics/Characters/$Train01","0","","魔列车"
"659","サバト","Graphics/Faces/high_baphomet_fc1","0","Graphics/Characters/Evil06_cip","0","Graphics/Pictures/ct_high_baphomet1","萨巴特"
"660","ミサミサ","Graphics/Faces/rogueelf_fc1","0","Graphics/Characters/DemiHuman03_cip","5","","米萨米萨"
"661","ガーゴー","Graphics/Faces/gargoyle_fc1","0","Graphics/Characters/silk3","1","","伽格"
"662","アテナ","Graphics/Faces/athena_fc1","0","Graphics/Characters/silk24","2","Graphics/Pictures/ct_athena1","雅典娜"
"663","阿吽","Graphics/Faces/aun_fc1","0","Graphics/Characters/$Aun_no_komainu01_cip.","0","","阿吽"
"664","デアフリーゼ","Graphics/Faces/dragonhead_fc1","0","Graphics/Characters/$DagonHead01_cip","0","","德尔芙莉泽"
"665","トロ","Graphics/Faces/monstruo_fc1","1","Graphics/Characters/$Monstruo01_cip","0","Graphics/Pictures/ct_monstruo1","特罗"
"666","シヴァ","Graphics/Faces/siva_fc1","0","Graphics/Characters/silk21","3","Graphics/Pictures/ct_siva1","湿婆"
"667","トリトン","Graphics/Faces/neptune_fc1","0","Graphics/Characters/$Neptune01_cip","0","","特里同"
"668","タオ","Graphics/Faces/tao_fc1","0","Graphics/Characters/$Tao_01_cip","0","","道"
"669","モルボ","Graphics/Faces/moruboru_fc1","0","Graphics/Characters/$Malboro01_cip","0","Graphics/Pictures/ct_tuta1；Graphics/Pictures/ct_tuta2；Graphics/Pictures/ct_utubo2；Graphics/Pictures/ct_haetori2；Graphics/Pictures/ct_moruboru1","毛尔波"
"670","ガリア","Graphics/Faces/a_pterix_fc1","0","Graphics/Characters/$A_pterix01_cip","0","","加利亚"
"671","アデウス","Graphics/Faces/asmodeus_fc1","0","Graphics/Characters/Fishes03_cip","4","","阿蒂斯"
"672","ヨルム","Graphics/Faces/jormungand_fc1","0","Graphics/Characters/$QueenRamia01_cip","0","","耶梦"
"674","アンブロシア","Graphics/Faces/ambrosia_fc1","0","Graphics/Characters/Elemental01_cip","7","Graphics/Pictures/ct_ambrosia1","安布罗西亚"
"675","ロア","Graphics/Faces/loa_fc1","0","Graphics/Characters/Elemental01_cip","6","Graphics/Pictures/ct_loa1","洛阿"
"676","ガタノソア","Graphics/Faces/ghatanothoa_fc1","0","Graphics/Characters/Elemental01_cip","5","Graphics/Pictures/ct_ghatanothoa1","加塔诺托亚"
"677","グリモワール","Graphics/Faces/grimoire_fc1","0","Graphics/Characters/Elemental01_cip","4","Graphics/Pictures/ct_grimoire1","格里莫瓦"
"678","魅凪","Graphics/Faces/minagi_fc1","0","Graphics/Characters/$Minagi01_cip","0","Graphics/Pictures/ct_minagi1；Graphics/Pictures/ct_minagi2；Graphics/Pictures/ct_minagi3","魅凪"
"679","禍撫","Graphics/Faces/kanade_fc1","0","Graphics/Characters/Slime03_cip","0","","祸抚"
"680","蛭蟲","Graphics/Faces/hiruko_fc1","0","Graphics/Characters/Skylla02_cip","2","Graphics/Pictures/ct_hiruko1","蛭虫"
"681","華音","Graphics/Faces/kanon_fc1","0","Graphics/Characters/$Kanon01_cip","0","Graphics/Pictures/ct_tuta1；Graphics/Pictures/ct_tuta2；Graphics/Pictures/iv_ryokuryu3；Graphics/Pictures/iv_ryokuryu7；Graphics/Pictures/ct_utubo2；Graphics/Pictures/ct_haetori2","华音"
"682","玉藻","Graphics/Faces/tamamo_fc3","0","Graphics/Characters/Main03_cip","0","Graphics/Pictures/ct_tamamo1；Graphics/Pictures/ct_tamamo2","玉藻"
"683","沙蛇","Graphics/Faces/sazya_fc1","1","Graphics/Characters/Lamia02_cip","1","","沙蛇"
"684","アリスフィーズ","Graphics/Faces/alice0_fc2","0","Graphics/Characters/Chimera06_cip","5","","爱丽丝菲兹"
"685","アリスフィーズ","Graphics/Faces/alice0_fc1","0","Graphics/Characters/$Alice_the_1st_01_cip","0","","爱丽丝菲兹"
"686","カオスフィーズ","Graphics/Faces/alice0_fc1","1","Graphics/Characters/$Alice_the_1st_02_cip","0","","混沌菲兹"
"692","アドラメレク","Graphics/Faces/adramelek_fc0","0","Graphics/Characters/Evil02_cip","7","Graphics/Pictures/ct_adramelek1","阿德拉梅莱克"
"693","アドラメレク","Graphics/Faces/adramelek_fc2","0","Graphics/Characters/$Adramelech(2nd)01_cip","0","Graphics/Pictures/80_adramelek_st21","阿德拉梅莱克"
"694","アドラメレク","Graphics/Faces/adramelek_fc3","0","Graphics/Characters/$Adramelech(last)01_cip","0","Graphics/Pictures/80_adramelek_st31","阿德拉梅莱克"
"695","クレオ・アドラ","Graphics/Faces/kureo_adora_fc1","0","Graphics/Characters/Evil04_cip","5","Graphics/Pictures/ct_kureo_adora1；Graphics/Pictures/80_kureo_adora_st01b","克莱奥・阿德拉"
"696","白兎","Graphics/Faces/sirousagi_fc1","0","Graphics/Characters/Beast03_cip","5","Graphics/Pictures/ct_sirousagi1","白兔"
"697","アピロ・ラゴス","Graphics/Faces/apiro_ragos_fc1","0","Graphics/Characters/Beast02_cip","3","Graphics/Pictures/ct_apiro_ragos1","阿皮洛・拉戈斯"
"698","死神","Graphics/Faces/sinigami_fc1","0","Graphics/Characters/Evil02_cip","3","Graphics/Pictures/ct_sinigami1","死神"
"699","ニフタ・テロス","Graphics/Faces/nihuta_telos_fc1","0","Graphics/Characters/Evil05_cip","3","Graphics/Pictures/ct_nihuta_telos1","尼菲特・泰罗斯"
"700","イデア・ルカス","Graphics/Faces/idea_rukas_fc1","0","Graphics/Characters/Main03_cip","5","Graphics/Pictures/ct_idea_rukas1；Graphics/Pictures/ct_4spilits","伊迪亚・鲁卡斯"
"701","ネロ","Graphics/Faces/nero_fc2","0","Graphics/Characters/Civlian03_cip","2","Graphics/Pictures/ct_nero2；Graphics/Pictures/ct_nero4","尼禄"
"702","ネロ","Graphics/Faces/nero_fc1","0","Graphics/Characters/Civlian03_cip","1","Graphics/Pictures/ct_nero1；Graphics/Pictures/ct_nero3","尼禄"
"703","ネロ","Graphics/Faces/nero_fc2","0","Graphics/Characters/Civlian03_cip","2","Graphics/Pictures/ct_nero2；Graphics/Pictures/ct_nero4","尼禄"
"704","ネリス","Graphics/Faces/neris_fc1","0","Graphics/Characters/Unknown01","1","","妮莉丝"
"705","ネリス","Graphics/Faces/neris_fc2","0","Graphics/Characters/Unknown01","2","","妮莉丝"
"706","ヌール・コギト","Graphics/Faces/nurukox_fc1","0","Graphics/Characters/$NurukoEX01_cip","0","","努尔・科吉托"
"707","カオス","Graphics/Faces/chaos_fc1","0","Graphics/Characters/$Chaos01_cip","0","","混沌"
"709","黒のアリス","Graphics/Faces/alice8th_fc1","0","Graphics/Characters/Chimera02_cip","7","Graphics/Pictures/ct_alice8th1","黑之爱丽丝"
"710","黒のアリス","Graphics/Faces/alice8th_fc1","5","Graphics/Characters/$Alice_the8th_02_cip","0","","黑之爱丽丝"
"711","黒のアリス","Graphics/Faces/alice8th_fc2","0","Graphics/Characters/$Alice_the8th_03_cip","0","","黑之爱丽丝"
"712","黒のアリス","Graphics/Faces/alice8th_fc2","3","Graphics/Characters/$Alice_the8th_04_cip","0","","黑之爱丽丝"
"713","黒のアリス","Graphics/Faces/alice8th_fc4","0","Graphics/Characters/Chimera04_cip","3","Graphics/Pictures/ct_alice8th2","黑之爱丽丝"
"714","蝕のアリス","Graphics/Faces/alice8th_fc3","0","Graphics/Characters/Chimera04_cip","0","","蚀之爱丽丝"
"715","帽子のアリス","Graphics/Faces/alice8thx_fc1","0","Graphics/Characters/Chimera04_cip","7","","帽之爱丽丝"
"716","傘のアリス","Graphics/Faces/alice8thx_fc1","1","Graphics/Characters/Chimera04_cip","4","","伞之爱丽丝"
"717","赤のアリス","Graphics/Faces/alice8thx_fc1","2","Graphics/Characters/Chimera04_cip","5","","赤之爱丽丝"
"718","冬のアリス","Graphics/Faces/alice8thx_fc1","3","Graphics/Characters/Chimera04_cip","6","","冬之爱丽丝"
"719","剣のアリス","Graphics/Faces/alice8thx_fc1","4","Graphics/Characters/Chimera05_cip","0","","剑之爱丽丝"
"720","武のアリス","Graphics/Faces/alice8thx_fc1","5","Graphics/Characters/Chimera05_cip","1","","武之爱丽丝"
"721","猟のアリス","Graphics/Faces/alice8thx_fc1","6","Graphics/Characters/Chimera05_cip","2","","猎之爱丽丝"
"722","白のアリス","Graphics/Faces/alice8thx_fc1","7","Graphics/Characters/Chimera05_cip","4","","白之爱丽丝"
"723","侍のアリス","Graphics/Faces/alice8thx_fc2","0","Graphics/Characters/Chimera05_cip","3","","侍之爱丽丝"
"724","忍のアリス","Graphics/Faces/alice8thx_fc2","1","Graphics/Characters/Chimera05_cip","5","","忍之爱丽丝"
"725","舞のアリス","Graphics/Faces/alice8thx_fc2","2","Graphics/Characters/Chimera06_cip","0","","舞之爱丽丝"
"726","海のアリス","Graphics/Faces/alice8thx_fc2","3","Graphics/Characters/Chimera05_cip","6","","海之爱丽丝"
"727","呪のアリス","Graphics/Faces/alice8thx_fc2","4","Graphics/Characters/Chimera06_cip","2","","咒之爱丽丝"
"728","兎のアリス","Graphics/Faces/alice8thx_fc2","5","Graphics/Characters/Chimera06_cip","1","","兔之爱丽丝"
"729","魔のアリス","Graphics/Faces/alice8thx_fc2","6","Graphics/Characters/Chimera05_cip","7","","魔之爱丽丝"
"730","アリスフィーズ3世","Graphics/Faces/alice3th_fc1","0","Graphics/Characters/Undead03_cip","2","","爱丽丝菲兹3世"
"731","アリスフィーズ3世","Graphics/Faces/alice3th_fc2","0","Graphics/Characters/bird01_cip","5","","爱丽丝菲兹3世"
"732","アリスフィーズ4世","Graphics/Faces/alice4th_fc1","1","Graphics/Characters/Chimera03_cip","3","Graphics/Pictures/ct_alice4th1","爱丽丝菲兹4世"
"733","アリスフィーズ4世","Graphics/Faces/alice4th_fc2","1","Graphics/Characters/Chimera03_cip","6","","爱丽丝菲兹4世"
"734","アリスフィーズ5世","Graphics/Faces/alice5th_fc1","1","Graphics/Characters/Lamia03_cip","5","","爱丽丝菲兹5世"
"735","アリスフィーズ5世","Graphics/Faces/alice5th_fc2","0","Graphics/Characters/Lamia03_cip","7","","爱丽丝菲兹5世"
"736","アリスフィーズ6世","Graphics/Faces/alice6th_fc1","0","Graphics/Characters/$Alice_wa01_cip","0","","爱丽丝菲兹6世"
"737","アリスフィーズ6世","Graphics/Faces/alice6th_fc2","0","Graphics/Characters/$Aliniwa02_cip","0","","爱丽丝菲兹6世"
"738","アリスフィーズ7世","Graphics/Faces/alice7th_fc1","0","Graphics/Characters/Plant02_cip","5","Graphics/Pictures/ct_alice7th1；Graphics/Pictures/ct_tuta1；Graphics/Pictures/ct_tuta2；Graphics/Pictures/ct_utubo2；Graphics/Pictures/ct_haetori2","爱丽丝菲兹7世"
"739","アリスフィーズ7世","Graphics/Faces/alice7th_fc2","1","Graphics/Characters/Plant04_cip","0","Graphics/Pictures/ct_tuta1；Graphics/Pictures/ct_tuta2；Graphics/Pictures/ct_utubo2；Graphics/Pictures/ct_haetori2","爱丽丝菲兹7世"
"740","アリスフィーズ9世","Graphics/Faces/alice9th_fc1","0","Graphics/Characters/Chimera06_cip","3","","爱丽丝菲兹9世"
"741","アリスフィーズ9世","Graphics/Faces/alice9th_fc2","0","Graphics/Characters/Chimera06_cip","6","","爱丽丝菲兹9世"
"742","アリスフィーズ10世","Graphics/Faces/alice10th_fc1","0","Graphics/Characters/Lamia03_cip","4","Graphics/Pictures/ct_alice10th1","爱丽丝菲兹10世"
"743","アリスフィーズ10世","Graphics/Faces/alice10th_fc2","0","Graphics/Characters/Lamia04_cip","0","","爱丽丝菲兹10世"
"744","アリスフィーズ11+12世","Graphics/Faces/alice11th12th_fc2","0","Graphics/Characters/$Alice_the_11th&12th_01_cip","0","","爱丽丝菲兹11+12世"
"745","アリスフィーズ11世","Graphics/Faces/alice11th_fc1","0","Graphics/Characters/Chimera07_cip","1","","爱丽丝菲兹11世"
"746","アリスフィーズ12世","Graphics/Faces/alice12th_fc1","0","Graphics/Characters/Chimera07_cip","0","","爱丽丝菲兹12世"
"747","アリスフィーズ13世","Graphics/Faces/alice13th_fc1","4","Graphics/Characters/$Aliniwa01_cip","0","Graphics/Pictures/ct_alice13th1；Graphics/Pictures/ct_tuta1；Graphics/Pictures/ct_tuta2；Graphics/Pictures/ct_utubo2；Graphics/Pictures/ct_haetori2","爱丽丝菲兹13世"
"748","アリスフィーズ13世","Graphics/Faces/alice13th_fc2","0","Graphics/Characters/$Alice13_01_cip","0","Graphics/Pictures/ct_tuta1；Graphics/Pictures/ct_tuta2","爱丽丝菲兹13世"
"749","アリスフィーズ14世","Graphics/Faces/alice14th_fc1","0","Graphics/Characters/Chimera06_cip","4","","爱丽丝菲兹14世"
"750","アリスフィーズ14世","Graphics/Faces/alice14th_fc2","0","Graphics/Characters/Chimera06_cip","7","","爱丽丝菲兹14世"
"751","アリスフィーズ15世","Graphics/Faces/alice15th_fc3","0","Graphics/Characters/$Alice_the15th_01_cip","0","","爱丽丝菲兹15世"
"752","アリスフィーズ15世","Graphics/Faces/alice15th_fc4","0","Graphics/Characters/$Alice_the15th_02_cip","0","","爱丽丝菲兹15世"
"753","孫悟空","Graphics/Faces/seitentaisei_fc1","0","Graphics/Characters/silk23","7","Graphics/Pictures/ct_seitentaisei1","孙悟空"
"754","ケツァルコァトル","Graphics/Faces/coatlus_fc1","0","Graphics/Characters/$Coatlus01_cip","0","Graphics/Pictures/ct_coatlus1","羽蛇神"
"755","テスカトリポカ","Graphics/Faces/tezcatlipoca_fc1","0","Graphics/Characters/Beast02_cip","1","Graphics/Pictures/ct_tezcatlipoca1","特斯卡特利波卡"
"756","アジ・ダハーカ","Graphics/Faces/azidahaka_fc1","0","Graphics/Characters/Lamia02_cip","2","Graphics/Pictures/ct_azidahaka1","阿兹・达哈卡"
"757","ヒミコ","Graphics/Faces/tukumokomati_fc1","0","Graphics/Characters/$Himiko","0","","卑弥呼"
"758","イザナミ","Graphics/Faces/izanami_fc1","0","Graphics/Characters/Undead02_cip","2","Graphics/Pictures/ct_izanami1","伊邪那美"
"759","デウスエクスマキナ","Graphics/Faces/deusex_fc2","0","Graphics/Characters/$Brunhild_Enhanced_type01_cip","0","Graphics/Pictures/ct_deusex1；Graphics/Pictures/80_deusex_st21b","机械降神"
"760","デウスエクスマキナ","Graphics/Faces/deusex_fc1","0","Graphics/Characters/$DEM01_cip","0","Graphics/Pictures/80_deusex_st21b","机械降神"
"761","シグルド","Graphics/Faces/sigurd_fc1","0","Graphics/Characters/Create05_cip","6","Graphics/Pictures/ct_sigurd1","希格德"
"762","フレデリカ","Graphics/Faces/frederika_fc2","0","Graphics/Characters/$Frederica_Mk3_01_cip","0","Graphics/Pictures/ct_frederika3","芙蕾德莉卡"
"763","ユー","Graphics/Faces/chromg_fc1","0","Graphics/Characters/silk2","2","","优"
"764","レイ","Graphics/Faces/chromg_fc2","0","Graphics/Characters/silk2","4","","铃"
"765","クロムドール","Graphics/Faces/chromdoll_fc1","2","Graphics/Characters/Undead02_cip","6","","库洛姆木偶"
"766","ラ・クロワ","Graphics/Faces/shirom_fc3","0","Graphics/Characters/silk5","4","","拉・克罗瓦"
"767","影紬","Graphics/Faces/kagetumugi_fc1","0","Graphics/Characters/Evil03_cip","2","Graphics/Pictures/ct_kagetumugi2；Graphics/Pictures/iv_kagetumugi2","影紬"
"768","影紬","Graphics/Faces/kagetumugi_fc8","1","Graphics/Characters/Evil03_cip","7","Graphics/Pictures/80_kagetumugi2_st01","影紬"
"769","黄泉蜘蛛","Graphics/Faces/kagetumugi_fc2","0","Graphics/Characters/Create04_cip","6","","黄泉蜘蛛"
"770","魁狐々","Graphics/Faces/kagetumugi_fc3","0","Graphics/Characters/Create04_cip","7","","魁狐狐"
"771","蘭天狗","Graphics/Faces/kagetumugi_fc4","0","Graphics/Characters/Create04_cip","5","","兰天狗"
"772","マガツカルラ","Graphics/Faces/kagetumugi_fc9","0","Graphics/Characters/$Kagetumugi(last_kugutu)01_cip","0","","祸津迦楼罗"
"773","韋駄天","Graphics/Faces/gob_fc2","0","Graphics/Characters/DemiHuman01_cip","6","","韦驮天"
"774","プッチーナ","Graphics/Faces/pramia_fc2","0","Graphics/Characters/Lamia03_cip","6","","普蒂娜"
"775","ヴァンガード","Graphics/Faces/vgirl_fc2","0","Graphics/Characters/Evil04_cip","3","","万加德"
"776","グランパピー","Graphics/Faces/dragonp_fc2","0","Graphics/Characters/Lizerd01_cip","3","","格兰帕皮"
"777","ミニ","Graphics/Faces/phoenixc_fc1","0","Graphics/Characters/$Phenix_Musume(otona)01_cip","0","Graphics/Pictures/80_phoenixc_st02","米妮"
"778","ミニ","Graphics/Faces/phoenixb_fc1","1","Graphics/Characters/$Phenix_Musume(otona)02_cip","0","Graphics/Pictures/80_phoenixb_st02","米妮"
"779","ギガント","Graphics/Faces/gigantweapon_fc1","0","Graphics/Characters/$GigantWepon01_cip","0","Graphics/Pictures/ct_gigantweapon1","吉甘特"
"780","ネフィリム","Graphics/Faces/nephilim_fc1","0","Graphics/Characters/DemiHuman04_cip","0","Graphics/Pictures/ct_nephilim1","拿非利"
"781","アンゴルモア","Graphics/Faces/angolmois_fc1","0","Graphics/Characters/DemiHuman03_cip","6","Graphics/Pictures/ct_angolmois1","安哥尔摩亚"
"782","マガツオオミカミ","Graphics/Faces/magatuomikami_fc1","0","Graphics/Characters/$Magatu_ookami01_cip","0","Graphics/Pictures/ct_magatuomikami3；Graphics/Pictures/ct_magatuomikami1","祸津大御神"
"783","シンギュラリティ","Graphics/Faces/Singularity_fc1","0","Graphics/Characters/$Singularity01 _cip","0","Graphics/Pictures/ct_singularity_1","奇点"
"784","ワールドドロウン","Graphics/Faces/worlddrown_fc1","0","Graphics/Characters/Undead03_cip","5","","世界沉没者"
"785","コスモス","Graphics/Faces/queenmoss_fc1","4","Graphics/Characters/Insect04_cip","6","","宇宙神蝶"
"786","コスモス","Graphics/Faces/queenmoss_fc1","0","Graphics/Characters/Insect04_cip","5","","宇宙神蝶"
"787","ノーライフキング","Graphics/Faces/dragonbone_fc1","0","Graphics/Characters/Undead03_cip","3","","无生之王"
"788","バアル・ゼブブ","Graphics/Faces/baal_zebub_fc1","0","Graphics/Characters/$Baalzebub01_cip","0","Graphics/Pictures/ct_baal_zebub1","巴力・西卜"
"789","七つの大罪","Graphics/Faces/satan_fc1","0","Graphics/Characters/$Great_devil_succubus01_cip","0","","七宗罪"
"790","メテオラ","Graphics/Faces/skyuba_fc1","0","Graphics/Characters/$ApoptosisSucbuss01_cip","0","","米特奥拉"
"791","エキドナ","Graphics/Faces/echidna_fc1","0","Graphics/Characters/$Echidna01_cip","0","","厄喀德那"
"792","ダークフェニックス","Graphics/Faces/darkphenix_fc1","0","Graphics/Characters/$Dark_Phenix01_cip","0","","黑暗凤凰"
"793","次元侵蝕者","Graphics/Faces/zigen_boss_fc1","0","Graphics/Characters/Evil06_cip","1","Graphics/Pictures/ct_zigen_boss1","次元侵蚀者"
"794","クトゥルフ","Graphics/Faces/cthulhu_fc1","0","Graphics/Characters/$Meijousigatakimono01_cip","0","Graphics/Pictures/ct_cthulhu1","克苏鲁"
"795","星喰い","Graphics/Faces/hosikui_fc1","0","Graphics/Characters/$Hoshikui02_cip","0","Graphics/Pictures/ct_hosikui2","星喰"
"796","虚竜","Graphics/Faces/koron_fc1","0","Graphics/Characters/Lizerd01_cip","5","Graphics/Pictures/ct_koron2","虚龙"
"797","魔神","Graphics/Faces/mazin_fc1","0","Graphics/Characters/$Majin01_cip01","0","","魔神"
"798","鬼神","Graphics/Faces/kizin2_fc1","0","Graphics/Characters/$Kishin01_cip","0","","鬼神"
"799","女神","Graphics/Faces/megami_fc1","0","Graphics/Characters/$Megami01_cip","0","Graphics/Pictures/80_iriasu_st41","女神"
"801","ラルス","Graphics/Faces/lars_fc01","0","Graphics/Characters/Collabo","0","Graphics/Pictures/80_lars_st11；Graphics/Pictures/80_rovissa_st01","拉尔斯"
"802","ルヴィッサ","Graphics/Faces/rovissa_fc1","0","Graphics/Characters/Collabo","1","Graphics/Pictures/80_rovissa_st01；Graphics/Pictures/80_lars_st11","露维莎"
"803","エスト","Graphics/Faces/est_fc1","1","Graphics/Characters/Collabo","2","Graphics/Pictures/ct_est1","艾斯特"
"804","ミュスカ","Graphics/Faces/myuska_fc1","5","Graphics/Characters/Collabo","5","Graphics/Pictures/ct_myuska2；Graphics/Pictures/80_myuska_st11；Graphics/Pictures/ct_myuska1","缪丝卡"
"805","ネメア","Graphics/Faces/nemea_fc1","0","Graphics/Characters/Collabo","6","Graphics/Pictures/ct_nemea1","涅梅雅"
"806","ヴィヌム","Graphics/Faces/vinum_fc1","0","Graphics/Characters/Collabo","7","Graphics/Pictures/ct_vinum1；Graphics/Pictures/ct_vinum2；Graphics/Pictures/80_vinum_st01","薇诺姆"
"807","ロウラット","Graphics/Faces/lawrat_fc1","0","Graphics/Characters/Collaboration03_cip","0","Graphics/Pictures/80_lawrat_st01；Graphics/Pictures/80_rejeo_st01","罗拉特"
"808","リジェオ","Graphics/Faces/rejeo_fc1","0","Graphics/Characters/Collaboration03_cip","1","Graphics/Pictures/80_rejeo_st01；Graphics/Pictures/80_rejeo_st24；Graphics/Pictures/80_rejeo_st21","莉洁奥"
"809","フルビュア","Graphics/Faces/fulbeua_fc1","0","Graphics/Characters/Collaboration03_cip","2","Graphics/Pictures/80_fulbeua_st01","芙尔维娅"
"810","ギルゴーン","Graphics/Faces/gilgoon_fc1","0","Graphics/Characters/Collaboration03_cip","3","Graphics/Pictures/80_gilgoon_st01","吉尔贡"
"811","白念","Graphics/Faces/byakunen_fc1","0","Graphics/Characters/sanmai","4","Graphics/Pictures/ct_haknen1；Graphics/Pictures/ct_haknen2","白念"
"812","マガツ","Graphics/Faces/magatu_fc1","0","Graphics/Characters/sanmai","5","Graphics/Pictures/80_magatu_st01","玛格兹"
"813","夢狐","Graphics/Faces/youkosan_fc1","0","Graphics/Characters/sanmai","1","Graphics/Pictures/80_youkosan_st01","梦狐"
"814","大明海","Graphics/Faces/daimeikai_fc1","0","Graphics/Characters/sanmai","6","Graphics/Pictures/80_daimeikai_st01；Graphics/Pictures/80_daimeikai_st11","大明海"
"815","カズヤ","Graphics/Faces/kazuya_fc1","0","Graphics/Characters/SHRIFT1","0","Graphics/Pictures/ct_kazuya2；Graphics/Pictures/80_kazuya_st01；Graphics/Pictures/ct_kazuya1；Graphics/Pictures/80_mukuro_st02；Graphics/Pictures/ct_shrift01；Graphics/Pictures/ct_shrift01b；Graphics/Pictures/ct_shrift02；Graphics/Pictures/ct_shrift03；Graphics/Pictures/ct_shrift04；Graphics/Pictures/ct_shrift05；Graphics/Pictures/ct_shrift06；Graphics/Pictures/ct_shrift07；Graphics/Pictures/ct_shrift08；Graphics/Pictures/ct_shrift09；Graphics/Pictures/ct_shrift10；Graphics/Pictures/ct_shrift11；Graphics/Pictures/ct_shrift12；Graphics/Pictures/ct_shrift13；Graphics/Pictures/ct_shrift14","和也"
"816","ランパス","Graphics/Faces/lanpass_fc1","0","Graphics/Characters/SHRIFT2","0","Graphics/Pictures/80_lanpass_st11；Graphics/Pictures/ct_tuta1；Graphics/Pictures/ct_tuta2；Graphics/Pictures/ct_utubo2；Graphics/Pictures/ct_haetori2","兰帕丝"
"817","躯","Graphics/Faces/mukuro_fc1","3","Graphics/Characters/SHRIFT3","0","Graphics/Pictures/80_mukuro_st02","躯"
"818","妲己","Graphics/Faces/dakki_fc1","0","Graphics/Characters/$SHRIFT4","0","Graphics/Pictures/80_dakki_st01","妲己"
"819","レスト","Graphics/Faces/rest_fc1","0","Graphics/Characters/Collaboration02_cip","0","Graphics/Pictures/80_rest_st01","雷斯特"
"820","ベル","Graphics/Faces/bell_fc1","0","Graphics/Characters/Collaboration02_cip","3","Graphics/Pictures/80_bell_st01；Graphics/Pictures/ct_bell1","贝尔"
"821","リラ","Graphics/Faces/lira_fc1","0","Graphics/Characters/Collaboration02_cip","2","Graphics/Pictures/80_lira_st01；Graphics/Pictures/ct_bell1","莉拉"
"822","ミュゼット","Graphics/Faces/muzet_fc1","0","Graphics/Characters/Collaboration02_cip","1","Graphics/Pictures/80_muzet_st01","缪泽特"
"823","ノビッサ","Graphics/Faces/nobissa_fc1","0","Graphics/Characters/Collaboration04_cip","0","Graphics/Pictures/80_nobissa_st01；Graphics/Pictures/80_nobissa_st02；Graphics/Pictures/80_tarsa_st13；Graphics/Pictures/ct_tarsa5；Graphics/Pictures/ct_tarsa3；Graphics/Pictures/ct_tarsa1；Graphics/Pictures/ct_tarsa2；Graphics/Pictures/80_tarsa_st11","洛彼沙"
"824","ターサ","Graphics/Faces/tarsa_fc1","0","Graphics/Characters/Collaboration04_cip","1","Graphics/Pictures/80_tarsa_st01","塔莎"
"825","ターサ","Graphics/Faces/tarsa_fc2","1","Graphics/Characters/Collaboration04_cip","2","Graphics/Pictures/80_tarsa_st11；Graphics/Pictures/80_nobissa_st01","塔莎"
"826","エクスキューショナー","Graphics/Faces/executioner_fc1","1","Graphics/Characters/Collaboration04_cip","3","Graphics/Pictures/80_executioner_st01；Graphics/Pictures/80_executioner_st11","艾斯丘雪娜"
"827","オーガトゥース","Graphics/Faces/ogretooth_fc1","0","Graphics/Characters/Collaboration04_cip","5","Graphics/Pictures/80_ogretooth_st01；Graphics/Pictures/80_ogretooth_st11","奥伽图丝"
"828","ミステルテイン","Graphics/Faces/mistilteinn_fc1","0","Graphics/Characters/Collaboration04_cip","4","Graphics/Pictures/80_mistilteinn_st31；Graphics/Pictures/80_mistilteinn_st11；Graphics/Pictures/80_mistilteinn_st34","米斯特汀"
"829","リリン","Graphics/Faces/succubusq_fc1","0","Graphics/Characters/Collabo","3","","莉莉恩"
"830","メア","Graphics/Faces/succubusm_fc1","0","Graphics/Characters/Collaboration03_cip","4","","梅亚"
"831","アヤネ","Graphics/Faces/succubusj_fc1","0","Graphics/Characters/Sucbuss04_cip","2","Graphics/Pictures/ct_succubusj1","绫音"
"832","アマビエ","Graphics/Faces/amabie_fc1","0","Graphics/Characters/Fishes04_cip","0","Graphics/Pictures/ct_amabie","尼彦"
"833","アマビエ","Graphics/Faces/amabie_fc2","0","Graphics/Characters/Fishes04_cip","1","","尼彦"
"834","魔王カサンドラ","Graphics/Faces/cassandra_fc3","0","Graphics/Characters/$Devil_Cassandra01_cip","0","Graphics/Pictures/ct_cassandra2","魔王卡桑德拉"
"835","カサンドラ","Graphics/Faces/cassandra_fc4","0","Graphics/Characters/Chimera03_cip","7","Graphics/Pictures/ct_cassandra4","卡桑德拉"
"836","リリィ","Graphics/Faces/lily_fc2","0","Graphics/Characters/$Lily_Enhanced_version01_cip","0","","莉莉"
"837","ルシア","Graphics/Faces/lusia_fc2","0","Graphics/Characters/$Lucia_Enhanced_version01_cip","0","","露西亚"
"838","牛魔王","Graphics/Faces/nyumaou_fc2","0","Graphics/Characters/$Nyumaou03_cip","0","","牛魔王"
"839","ウィッチ","Graphics/Faces/witchs_fc2","0","Graphics/Characters/Sucbuss05_cip","5","","女巫"
"840","ファティマ","Graphics/Faces/queenvampire_fc2","0","Graphics/Characters/Evil06_cip","6","Graphics/Pictures/ct_queenvampire3","法蒂玛"
"841","ソニア","Graphics/Faces/ex_sonia_fc1","1","Graphics/Characters/Angel05_cip","3","Graphics/Pictures/ct_ex_sonia1","索尼娅"
"842","ソニア","Graphics/Faces/ex_sonia_fc2","1","Graphics/Characters/Angel05_cip","2","Graphics/Pictures/ct_ex_sonia2","索尼娅"
"843","ソニアマズダ","Graphics/Faces/soniamazda_fc1","0","Graphics/Characters/$Soniamazda01_cip","0","","索尼娅・马兹达"
"844","ソニアマンユ","Graphics/Faces/soniamanyu_fc1","2","Graphics/Characters/Angel04_cip","5","","索尼娅・曼纽"
"845","ソニアカオス","Graphics/Faces/soniachaos_fc1","0","Graphics/Characters/$Soniachaos01_cip","0","","索尼娅・卡奥斯"
"846","エクス・ソニア","Graphics/Faces/ex_sonia_fc3","0","Graphics/Characters/Angel05_cip","4","Graphics/Pictures/ct_ex_sonia3","艾克斯・索尼娅"
"848","スローネ","Graphics/Faces/s_gyokuza_fc1","0","Graphics/Characters/$Gyokuza01_cip","0","","斯洛妮"
"849","ダブリン","Graphics/Faces/doubleundead_fc1","0","Graphics/Characters/Undead03_cip","4","","都柏林"
"850","イズン","Graphics/Faces/izun_fc1","0","Graphics/Characters/Evil06_cip","3","Graphics/Pictures/ct_syokusyu1；Graphics/Pictures/ct_syokusyu2；Graphics/Pictures/ct_hiru3；Graphics/Pictures/ct_hiru1","伊敦"
"851","カースエンジェルズ","Graphics/Faces/carthangels_fc1","3","Graphics/Characters/$Curseangel01_cip","0","Graphics/Pictures/ct_carthangels1","诅咒天使"
"852","アルジェミニ","Graphics/Faces/algemini_fc1","0","Graphics/Characters/silk21","1","","阿尔杰米妮"
"853","エルジェミニ","Graphics/Faces/elgemini_fc1","0","Graphics/Characters/silk21","6","","艾尔杰米妮"
"854","シェムハザ","Graphics/Faces/shemhaza_fc1","0","Graphics/Characters/silk17","2","","示米哈扎"
"855","アグレイブ","Graphics/Faces/agrave_fc1","0","Graphics/Characters/$Agrave01_cip","0","","阿格雷夫"
"856","スターマ","Graphics/Faces/starma_fc1","0","Graphics/Characters/Angel06_cip","3","","斯塔玛"
"857","ラジャーラ","Graphics/Faces/rajara_fc1","0","Graphics/Characters/Angel06_cip","4","","拉贾拉"
"858","メギー","Graphics/Faces/megidryad_fc1","0","Graphics/Characters/$Megidryad01_cip","0","Graphics/Pictures/ct_tuta1；Graphics/Pictures/ct_tuta2；Graphics/Pictures/ct_utubo2；Graphics/Pictures/ct_haetori2","米婕"
"859","エグセラ","Graphics/Faces/exsera_fc1","0","Graphics/Characters/Angel06_cip","2","Graphics/Pictures/ct_exsera1","艾克撒拉"
"860","アプサラス","Graphics/Faces/apsaras_fc1","0","Graphics/Characters/DemiHuman02_cip","2","","阿普萨拉丝"
"861","ゾルオクト","Graphics/Faces/zoloct_fc1","0","Graphics/Characters/$Zoloct01_cip","0","","佐尔奥克托"
"862","ティアマト","Graphics/Faces/tiamat_fc1","0","Graphics/Characters/$Biowing01_cip","0","","提亚玛特"
"863","アプティルト","Graphics/Faces/aptiel_fc1","1","Graphics/Characters/Angel05_cip","6","","阿普蒂尔特"
"864","アムナリオ","Graphics/Faces/amnario_fc1","0","Graphics/Characters/$Amnario01_cip","0","","阿姆纳里奥"
"865","サマエル","Graphics/Faces/samael_fc1","0","Graphics/Characters/Evil03_cip","6","","萨麦尔"
"866","シャドウ","Graphics/Faces/shadowassassin_fc1","0","Graphics/Characters/DemiHuman03_cip","7","","暗影"
"867","アナト","Graphics/Faces/unknown1_fc1","0","Graphics/Characters/Insect05_cip","1","","阿娜特"
"868","ベレニケ","Graphics/Faces/unknown2_fc1","0","Graphics/Characters/Unknown02_cip","0","","贝勒尼基"
"869","ケレス","Graphics/Faces/unknown3_fc1","0","Graphics/Characters/Unknown02_cip","1","","克瑞斯"
"870","ドゥルガー","Graphics/Faces/unknown4_fc1","0","Graphics/Characters/plant03_cip","7","Graphics/Pictures/ct_tuta1；Graphics/Pictures/ct_tuta2；Graphics/Pictures/ct_utubo2；Graphics/Pictures/ct_haetori2","杜尔迦"
"871","ロジェスティラ","Graphics/Faces/unknown5_fc1","0","Graphics/Characters/$Shoutaifumei01_cip","0","","洛姬斯蒂拉"
"872","テティス","Graphics/Faces/curseloreley_fc1","0","Graphics/Characters/Fishes04_cip","3","Graphics/Pictures/ct_curseloreley1","忒提丝"
"873","ネレイデス","Graphics/Faces/voremermaid_fc1","0","Graphics/Characters/Fishes04_cip","4","Graphics/Pictures/ct_voremermaid1","涅瑞伊德斯"
"874","パズズ","Graphics/Faces/pazuzu_fc1","0","Graphics/Characters/$Pazuzu01_cip","0","Graphics/Pictures/ct_pazuzu1","帕祖祖"
"875","マステマ","Graphics/Faces/masutema_fc1","0","Graphics/Characters/plant03_cip","6","Graphics/Pictures/ct_masutema1；Graphics/Pictures/ct_tuta1；Graphics/Pictures/ct_tuta2；Graphics/Pictures/ct_utubo2；Graphics/Pictures/ct_haetori2","莫斯提马"
"876","アメノハヅチ","Graphics/Faces/amenohaduti_fc1","0","Graphics/Characters/Evil04_cip","1","","天羽槌"
"877","八尺様","Graphics/Faces/hasyakusama_fc1","0","Graphics/Characters/Undead03_cip","6","Graphics/Pictures/ct_hasyakusama1；Graphics/Pictures/ct_tuta1；Graphics/Pictures/ct_tuta2；Graphics/Pictures/ct_utubo2；Graphics/Pictures/ct_haetori2","八尺大人"
"878","ゲシュタルト","Graphics/Faces/gestalt_fc1","0","Graphics/Characters/Insect03_cip","7","","格式塔"
"879","ハイブマインド","Graphics/Faces/hivemind_fc1","1","Graphics/Characters/Unknown01","6","","蜂巢思维"
"880","ミルフ","Graphics/Faces/madamlamia_fc1","0","Graphics/Characters/Lamia02_cip","3","","米露芙"
"881","サタナキア","Graphics/Faces/satanachia_fc1","0","Graphics/Characters/Sucbuss05_cip","2","","萨塔妮基亚"
"882","ブラディ","Graphics/Faces/bloddydragon_fc1","0","Graphics/Characters/$Blooddragon01_cip","0","","布拉迪"
"883","パズン","Graphics/Faces/paizuridoll3_fc1","0","Graphics/Characters/Create06_cip","0","Graphics/Pictures/ct_paizuridoll3_1","派兹"
"884","エヴォル","Graphics/Faces/ironmaiden_s_fc1","0","Graphics/Characters/$Iron_maiden_syuitai01_cip","0","","埃沃珥"
"885","いおり","Graphics/Faces/doll_itai_fc1","0","Graphics/Characters/Create05_cip","7","Graphics/Pictures/ct_doll_itai1","伊织"
"886","マグダ","Graphics/Faces/magda_fc1","0","Graphics/Characters/Angel06_cip","5","Graphics/Pictures/ct_magda1","玛格达"
"887","シスエル","Graphics/Faces/sisel_fc1","0","Graphics/Characters/$Sisel01_cip","0","","希斯艾尔"
"888","アザゼル","Graphics/Faces/azazel_fc1","0","Graphics/Characters/Sucbuss04_cip","4","","阿撒兹勒"
"889","グリゴリ","Graphics/Faces/grigori_fc1","0","Graphics/Characters/Sucbuss04_cip","5","","守望者"
"890","白天狐","Graphics/Faces/hakutenko_fc1","0","Graphics/Characters/Beast02_cip","6","","白天狐"
"891","妙法絡新婦","Graphics/Faces/myouhouzyorougumo_fc1","0","Graphics/Characters/Insect05_cip","4","","妙法络新妇"
"892","ディーピー","Graphics/Faces/houshi_fc1","0","Graphics/Characters/Unknown01","7","Graphics/Pictures/ct_houshi1","渊嗣"
"893","クトゥ","Graphics/Faces/spawn_fc1","0","Graphics/Characters/Slime02_cip","6","Graphics/Pictures/ct_spawn1","克图"
"894","ワーミィ","Graphics/Faces/zigen_kenzoku_fc1","0","Graphics/Characters/Evil06_cip","2","Graphics/Pictures/ct_zigen_kenzoku1","蠕米"
"895","プラーナ","Graphics/Faces/zigen_kenzoku2_fc1","0","Graphics/Characters/Insect05_cip","2","","涡虫"
"896","アンドロメダ","Graphics/Faces/outerjelly_fc1","0","Graphics/Characters/$Outerjelly01_cip","0","Graphics/Pictures/ct_outerjelly1","安德洛墨达"
"897","ディアマンティナ","Graphics/Faces/outerworm_fc1","0","Graphics/Characters/$Outerworm01_cip","0","Graphics/Pictures/ct_outerworm1","迪亚曼蒂娜"
"898","ヌルアオ","Graphics/Faces/null_kenzoku_fc1","0","Graphics/Characters/Unknown01","3","","黏黏青"
"899","ヌルアカ","Graphics/Faces/null_kenzoku_fc1","1","Graphics/Characters/Unknown01","4","","黏黏红"
"900","ヌルキ","Graphics/Faces/null_kenzoku_fc1","2","Graphics/Characters/Unknown01","5","","黏黏黄"
"901","TT","Graphics/Faces/TT_fc1","0","Graphics/Characters/Evil06_cip","5","Graphics/Pictures/ct_tt1","TT"
"902","QQ","Graphics/Faces/QQ_fc1","0","Graphics/Characters/$QQ01_cip","0","Graphics/Pictures/ct_qq1","QQ"
"903","グラーニェ","Graphics/Faces/gran_arachne_fc1","0","Graphics/Characters/Insect05_cip","3","","格拉涅"
"904","トゥーン","Graphics/Faces/tonberi_fc1","0","Graphics/Characters/Fishes04_cip","5","Graphics/Pictures/ct_tonberi1","冬恩"
"905","インドラ","Graphics/Faces/indora_fc1","0","Graphics/Characters/Evil06_cip","4","","因陀罗"
"906","アバドン","Graphics/Faces/abaddon_fc1","0","Graphics/Characters/$Abadon01","0","","亚巴顿"
"907","ナイン","Graphics/Faces/exkyubi_fc1","0","Graphics/Characters/$Apo_kyuubi01_cip","0","","玖"
"908","ドーラドーラ","Graphics/Faces/dolladolla_fc1","0","Graphics/Characters/$DoraDora01_cip","0","Graphics/Pictures/ct_dolladolla1","朵拉朵拉"
"909","瑠渦","Graphics/Faces/beelzebub_s_fc1","0","Graphics/Characters/$Beelzebub_syuitai01_cip","0","","瑠渦"
"910","メルカヴァ","Graphics/Faces/merkava_fc1","0","Graphics/Characters/$Inorinotou01_cip","0","","灵轮"
"911","フレール","Graphics/Faces/ozum_fc1","0","Graphics/Characters/$Ozum01_cip","0","Graphics/Pictures/ct_ozum1","弗莱尔"
"912","アガリアレプト","Graphics/Faces/agaliarept_fc1","0","Graphics/Characters/Sucbuss05_cip","1","Graphics/Pictures/ct_agaliarept1","阿加利亚雷普特"
"913","ゲイズ","Graphics/Faces/gazer_fc1","0","Graphics/Characters/$Gazer01_cip","0","","盖兹"
"914","ベリアル","Graphics/Faces/berial_fc1","1","Graphics/Characters/$Belial01_cip","0","Graphics/Pictures/ct_berial1","贝利亚尔"
"916","コズミックウーマン","Graphics/Faces/hero_fc1","0","Graphics/Characters/Civlian05_cip","0","Graphics/Pictures/ct_hero1","宇宙女侠"
"917","サイバーナイト","Graphics/Faces/hero_fc2","0","Graphics/Characters/Civlian05_cip","1","Graphics/Pictures/ct_hero2","赛博骑士"
"918","ゴーストフォックス","Graphics/Faces/hero_fc3","0","Graphics/Characters/Beast05_cip","4","Graphics/Pictures/ct_hero3","鬼狐"
"919","狐華","Graphics/Faces/hero_fc4","0","Graphics/Characters/Civlian05_cip","3","","狐华"
"920","ジェサイア","Graphics/Faces/hero_fc5","0","Graphics/Characters/$Hero_No5(Angel)01_cip","0","","杰赛亚"
"921","メルティバット","Graphics/Faces/hero_fc6","0","Graphics/Characters/Sucbuss05_cip","4","","致命蝙蝠"
"922","マーリン","Graphics/Faces/merlin_fc2","0","Graphics/Characters/Civlian05_cip","5","","梅林"
"923","マーリン","Graphics/Faces/merlin_fc3","0","Graphics/Characters/Civlian05_cip","7","","梅林"
"924","ゴーストフォックス","Graphics/Faces/hero_fc3b","0","Graphics/Characters/Beast05_cip","5","Graphics/Pictures/ct_hero4","鬼狐"
"925","狐華","Graphics/Faces/hero_fc4","5","Graphics/Characters/Civlian05_cip","2","","狐华"
"926","メルティバット","Graphics/Faces/hero_fc6","3","Graphics/Characters/Sucbuss05_cip","3","","致命蝙蝠"
"927","カレン","Graphics/Faces/karen_fc1","0","Graphics/Characters/Civlian04_cip","4","Graphics/Pictures/ct_karen2；Graphics/Pictures/ct_karen1","卡莲"
"928","影紬","Graphics/Faces/kagetumugi_fc7","1","Graphics/Characters/Evil05_cip","2","Graphics/Pictures/80_kagetumugi_st82","影紬"
"929","ワイティエル会議","Graphics/Faces/whiteyel_fc2","0","Graphics/Characters/$whiteyel(trio)01_cip","0","Graphics/Pictures/ct_whiteyel1","怀蒂艾尔会议"
"998","コロン","Graphics/Faces/koron_fc1","0","Graphics/Characters/Lizerd01_cip","5","Graphics/Pictures/ct_koron2","科珑"
"999","ヌール・コギト","Graphics/Faces/nurukox_fc1","0","Graphics/Characters/$NurukoEX01_cip","0","","努尔・科吉托"
