ID,名称,中文名称
1,布の服,布衣
2,黒いズタ袋,黑布袋
3,旅人の服,旅行者的服装
4,レザーベスト,皮革背心
5,エンリカの服,恩里卡的服装
6,エンリカの服＋,恩里卡的服装＋
7,ブリガンダイン,板甲衣
8,疾風の服,疾风的服装
9,エンリカの服＋＋,恩里卡的服装＋＋
10,魔導のケープ,魔导的斗篷
11,エンリカの服＋＋＋,恩里卡的服装＋＋＋
12,祝福の巫女服,祝福的巫女服
13,エンリカの服スペシャル,恩里卡的服装特别版
14,エンリカ・ベイルン,恩里卡・贝伦
15,パンデモニウム,万魔殿
16,輝きの巫女服,光辉的巫女服
18,稽古着,练习道服
19,拳法着,拳法服
20,忍びの衣,忍者的衣服
21,忍びの衣改,忍者的衣服改
22,バトルジャケット,战斗夹克
23,ブルージャケット,蓝色夹克
24,師範の羽織,师范羽织
25,武神の闘衣,武神斗衣
26,紅蓮武神闘衣,红莲武神斗衣
27,天使闘衣,天使斗衣
28,覇竜闘衣,霸龙斗衣
29,アサルトスーツ,突击套装
31,アイアンプレート,铁胸甲
32,ハーピーの胸当て,哈比胸甲
33,ゴールドプレート,金胸甲
34,エルフィンプレート,精灵胸甲
35,水のプレート,水之胸甲
36,祝福のプレート,祝福胸甲
37,ミスリルプレート,秘银胸甲
38,涙石プレート,泪石胸甲
39,プチオーガプレート,小鬼胸甲
40,クリスタルプレート,水晶胸甲
41,マーメイドプレート,人鱼胸甲
42,竜鱗の胸当て,龙鳞制胸甲
43,オーガプレート,鬼胸甲
44,オリハルコンプレート,奥利哈钢胸甲
45,神秘のプレート,神秘胸甲
46,プリズムプレート,棱镜胸甲
47,プリズムプレート・マグナ,棱镜胸甲・玛格纳
48,フレイムプレート,火焰胸甲
49,流星の胸当て,流星制胸甲
50,ジャイアントプレート,巨人胸甲
52,革の鎧,皮革之铠
53,青銅の鎧,青铜铠甲
54,青銅の鎧改,青铜铠甲改
55,アイアンメイル,铁铠甲
56,鋼鉄の鎧,钢铁之铠
57,珊瑚の鎧,珊瑚之铠
58,マリンアーマー,海洋铠甲
59,マリンアーマー極,海洋铠甲极
60,ミスリルメイル,秘银铠甲
61,涙石メイル,泪石铠甲
62,ミスリルメイル・アース,秘银铠甲・土
63,ミスリルメイル・アクア,秘银铠甲・水
64,魔法の鎧,魔法之铠
65,魔導の鎧,魔导之铠
66,神機魔導の鎧,神机魔导之铠
67,エンジェルクロス,天使十字
69,ゴールドメイル,黄金铠甲
70,ダークメイル,黑暗铠甲
71,聖堂騎士の鎧,圣堂骑士之铠
72,聖堂騎士の鎧改,圣堂骑士之铠改
73,フォレストガード,森林守卫
74,フォレストエルフカスタム,森精灵定制铠甲
75,ドラゴンメイル,龙铠甲
76,紅武者の鎧,红武士之铠
77,ドラゴンメイル改,龙铠甲改
78,クリスタルメイル,水晶铠甲
79,クリスタルメイル改,水晶铠甲改
80,シルバーアーマー,白银铠甲
81,竜鱗の鎧,龙鳞制铠
82,朱雀の鎧,朱雀之铠
83,竜鱗の鎧・強殻,龙鳞制铠・强壳
84,ジェネラルメイル,将军铠甲
85,マクシミリアン,马克西米利安式板甲
86,オリハルコンの鎧,奥利哈钢制铠
87,オリハルコンの鎧改,奥利哈钢制铠改
88,ブレイブアーマー,勇气铠甲
89,マキシマムブレイブ,极限勇气
90,プリズムメイル,棱镜铠甲
91,プリズムメイル・エア,棱镜铠甲・风
92,グロリアスアーマー,光荣铠甲
93,グロリアスヘブン,荣耀天堂
94,流星の鎧,流星制之铠
95,流星の聖鎧,流星制圣铠
96,流星の魔鎧,流星制魔铠
97,ハインリヒの鎧,海因里希之铠
98,源氏の鎧,源氏之铠
99,蛇帝衣ラミアンティーヌ,蛇帝衣拉米亚提努
100,無敵重装,无敌重装
101,グレイトマキシム,伟大麦克斯姆
102,ドラゴンメイル参式,龙铠参式
104,亀の甲羅,龟的甲壳
105,鉄の甲羅,铁制甲壳
106,金の甲羅,金制甲壳
107,大地の甲羅,大地的甲壳
108,ミスリルの甲羅,秘银制甲壳
109,トゲ付き甲羅,带刺甲壳
110,クリスタルの甲羅,水晶制甲壳
111,マジカル甲羅,魔法甲壳
112,竜鱗の甲羅,龙鳞制甲壳
113,河童の甲羅,河童甲壳
114,紅蓮の甲羅,红莲甲壳
115,オリハルコンの甲羅,奥利哈钢制甲壳
116,神秘の甲羅,神秘甲壳
117,虹の甲羅,虹制甲壳
118,灼熱の甲羅,灼热甲壳
119,流星の甲羅,流星制甲壳
120,悪魔の甲羅,恶魔甲壳
122,木綿のローブ,木绵长袍
123,シルクのローブ,丝绸长袍
124,ハーピーローブ,哈比长袍
125,癒しのローブ,治愈长袍
126,白のローブ,白长袍
127,黒のローブ,黑色长袍
128,緑のローブ,绿长袍
129,茶のローブ,茶长袍
130,青のローブ,蓝长袍
131,白銀のローブ,白银长袍
132,白金のローブ,白金长袍
133,ドグマローブ,教义长袍
134,マーメイドローブ,人鱼长袍
135,天使のローブ,天使长袍
136,陰陽ローブ,阴阳长袍
137,ドラゴンローブ,龙长袍
138,ダブルドラゴンローブ,双龙长袍
139,吸血鬼のローブ,吸血鬼长袍
140,エレメンタルローブ,元素长袍
141,ディジョンローブ,第戎长袍
142,ローブオブロード,长袍主宰
143,九尾のローブ,九尾长袍
144,ガイアのローブ,盖亚长袍
145,メルティローブ,梅尔蒂长袍
146,フラワーロード,花之主宰
148,革のドレス,皮革礼服
149,パーティドレス,派对礼服
150,ふわふわドレス,蓬松礼服
151,ラミアンドレス,拉米亚礼服
152,ホワイトドレス,白色礼服
153,花のドレス,花之礼服
154,水の羽衣,水之羽衣
155,水の羽衣改,水之羽衣改
156,レインボードレス,彩虹礼服
157,プリンセスドレス,公主礼服
158,プリンセスティアーズ,公主之泪
159,エンプレスドレス,皇后礼服
160,九尾のドレス,九尾礼服
161,マスカレード,假面舞会
163,あぶない水着,危险泳装
164,バニースーツ,兔女郎装
165,貝殻水着,贝壳泳装
166,小悪魔バニースーツ,小恶魔兔女郎套装
167,ダンサースーツ,舞者套装
168,ピンクのレオタード,粉色紧身衣
169,魔法のビキニ,魔法比基尼
170,サキュバスビスチェ,魅魔胸衣
171,魔香のビスチェ,魔香胸衣
172,天使のレオタード,天使紧身衣
173,神秘のビキニ,神秘比基尼
174,大天使のブラ,大天使胸衣
176,丈夫な帽子,结实的帽子
177,冒険家の帽子,冒险家的帽子
178,冒険家の帽子改,冒险家的帽子改
179,羽付き帽子,羽毛帽
180,ゴージャス羽付き帽子,豪华羽毛帽
181,バンダナ,头巾
182,エンリカの帽子,恩里卡的帽子
183,カウボーイハット,牛仔帽
184,カウボーイハット改,牛仔帽改
185,ロイヤルハット,皇家帽
186,ロイヤルハット・呪髪,皇家帽子・咒发
187,紅の帽子,红帽子
188,紅猫の帽子,红猫帽子
189,黒頭巾,黑头巾
190,黒頭巾改,黑头巾改
191,紅頭巾,红头巾
193,ブロンズメット,青铜头盔
194,アイアンヘルム,铁头盔
195,珊瑚の兜,珊瑚之盔
196,聖珊瑚の兜,神圣珊瑚之盔
197,ミスリルヘルム,秘银头盔
198,オックスヘルム,牛角之盔
199,グレイトホーン,巨角头盔
200,パイレーツメット,海贼头盔
201,大海賊の兜,大海贼之盔
203,ゴールドヘルム,黄金头盔
204,鉄仮面,铁面具
205,鉄仮面改,铁面具改
206,ジェネラルヘルム,将军头盔
207,アースジェネラル,大地将军
208,クリスタルヘルム,水晶头盔
209,クリスタルヘルム改,水晶头盔改
210,バトルヘルム,战斗头盔
211,竜鱗の兜,龙鳞制头盔
212,もののふの兜,武士之盔
213,青龍の兜,青龙之盔
214,鬼武者の兜,鬼武者之盔
215,グレートヘルム,巨盔
216,レッドヘルム,红头盔
217,オリハルコンの兜,奥利哈钢制头盔
218,オリハルコンの兜改,奥利哈钢制头盔改
219,プリズムヘルム,棱镜头盔
220,プリズムヘルム・マリン,棱镜头盔・海
221,タイガーヘルム,虎盔
222,タイガーヘブン,虎天盔
223,流星の兜,流星制头盔
224,流星の聖兜,流星制圣头盔
225,流星の魔兜,流星制魔头盔
226,ハインリヒの兜,海因里希之盔
227,源氏の兜,源氏之盔
228,修羅の兜,修罗之盔
229,マキナヘッド,器械头盔
230,東覇青龍の兜,东霸青龙之盔
231,竜虎の兜,龙虎之盔
232,桜花修羅兜,樱花修罗盔
234,魔導師の帽子,魔导师的帽子
235,アイアンサークレット,铁头环
236,疾風のサークレット,疾风头环
237,ゴールドサークレット,黄金头环
238,奈落のサークレット,奈落头环
239,大地のサークレット,大地头环
240,大海のサークレット,大海头环
241,ミスリルサークレット,秘银头环
242,ミスリルサークレット・エア,秘银头环・风
243,ミスリルサークレット・アース,秘银头环・土
244,クリスタルサークレット,水晶头环
245,マーメイドサークレット,人鱼头环
246,妖狐のサークレット,妖狐头环
247,竜鱗のサークレット,龙鳞制头环
248,陰陽の烏帽子,阴阳乌帽子
249,ネクロサークレット,死灵头环
250,オリハルコンサークレット,奥利哈钢制头环
251,虹のサークレット,虹制头环
252,エレメンタルサークレット,元素头环
253,ディジョンサークレット,第戎头环
254,流星のサークレット,流星制头环
255,ドラゴンサークレット,龙之头环
256,九尾の烏帽子,九尾乌帽
257,怒りのサークレット,愤怒头环
259,綺麗なティアラ,美丽冠饰
260,安らぎのティアラ,安宁冠饰
261,ゴールドティアラ,黄金冠饰
262,ホーリーティアラ,神圣冠饰
263,ラミアンクラウン,拉米亚王冠
264,ヒュプノクラウン,催眠王冠
265,マーメイドクラウン,人鱼王冠
266,メデューサクラウン,美杜莎王冠
267,ティアラオブティアーズ,泪之冠饰
268,祝福のヴェール,祝福之面纱
269,ロイヤルクラウン,皇家王冠
270,ガイアのティアラ,盖亚之冠饰
272,木の盾,木盾
273,木の盾改,改良木盾
274,軽量シールド,轻量盾
275,フェザーシールド,羽盾
276,シャインディフレクター,闪光反射盾
277,マジカルシールド,魔法盾
279,皮の盾,皮盾
280,青銅の盾,青铜盾
281,青銅の盾改,青铜盾改
282,アイアンシールド,铁盾
283,風の盾,风之盾
284,珊瑚の盾,珊瑚盾
285,大海の盾,大海盾
286,ミスリルシールド,秘银盾
287,ミスリルシールド・エア,秘银盾・风
288,ミスリルシールド・アース,秘银盾・土
289,ミスリルシールド・アクア,秘银盾・水
290,河童の盾,河童盾
291,水鏡の盾,水镜盾
292,イージスの盾,埃癸斯之盾
294,ゴールドシールド,金盾
295,フレイムシールド,火焰之盾
296,アイスシールド,冰霜之盾
297,ゴールドシールド改,金盾改
298,聖なる盾,神圣之盾
299,聖なる盾改,神圣之盾改
300,ダークシールド,黑暗之盾
301,ダークシールド改,黑暗之盾改
302,ドラゴンシールド,龙之盾牌
303,ドラゴンシールド改,龙之盾牌改
304,クリスタルの盾,水晶制盾
305,クリスタルの盾改,水晶制盾改
306,バトルシールド,战斗之盾
307,竜鱗の盾,龙鳞制盾
308,玄武の盾,玄武之盾
309,竜鱗の盾・強殻,龙鳞制盾・强壳
310,グレートシールド,巨盾
311,レッドシールド,红盾
312,オリハルコンの盾,奥利哈钢制盾
313,オリハルコンの盾改,奥利哈钢制盾改
314,プリズムシールド,棱镜盾
315,プリズムシールド・マグナ,棱镜盾・玛格纳
316,超装甲板,""
317,自己増殖装甲板,自我增殖装甲板
318,流星の盾,流星制盾
319,流星の聖盾,流星制圣盾
320,流星の魔盾,流星制魔盾
321,ハインリヒの盾,海因里希之盾
322,源氏の盾,源氏之盾
323,ホプリテス,霍普利特
324,スクトゥム,斯库托姆
325,明星の盾,明星之盾
326,ダブルドラゴンシールド,双龙之盾牌
327,北覇玄武の盾,北霸玄武之盾
328,ミラーシールド,镜盾
329,熾天使の盾,炽天使之盾
330,アサルトシールド,突击盾
331,バイオナノシールド,生化纳米盾
333,ヴィンテージチュニック,复古束腰外衣
334,竜石,龙石
335,クリプティドレス,克里普提礼服
336,クリプティリボン,克里普提缎带
337,黒猫の骨,黑猫之骨
338,エンプティドレス,空灵礼服
339,夢魔の微笑み,梦魔的微笑
340,KUハンドレッド,KU100
341,純白の魔雫,纯白的魔力之滴
342,魔姫の黄金結晶,魔姬的黄金结晶
343,ヴカトゥスの魔衣,维卡托斯的魔衣
344,隷属の首輪,隶属的项圈
345,饗宴のドレス,盛宴的礼服
346,夜空の帯,夜空的腰带
347,統べる冠,统领之冠
348,おひつじさま,小羊大人
349,リア・マーク42,""
350,鎮魂玉,镇魂玉
351,粘液クリーム,粘液膏霜
352,腕部強化ユニットM-ε,腕部强化单元M-ε
353,邪雅,""
354,毘沙門天の闘衣,毗沙门天的斗衣
355,韋駄天の下駄,韦驮天的木屐
356,六魂幡,""
357,鬼酒の瓢箪壺,鬼酒葫芦壶
358,色狐の衣,色狐的衣裳
359,色狐の髪留め,色狐的发饰
360,翼魔の鎧,翼魔之铠
361,光り輝く兜,闪亮的头盔
362,影の盾,影之盾
363,愛のペンダント,爱之吊坠
364,マギ・クロス,玛吉・克罗斯
365,旋風の腕輪,旋风手镯
366,太陽神の兜,太阳神之盔
367,天使の守護,天使的守护
368,アリスカード,爱丽丝卡片
369,悪魔のヘアバンド,恶魔发圈
370,ロードオブデスカード,冥界女王卡片
371,ドッペルゲンガーカード,死灵卡片
372,オシリスカード,俄塞里斯卡片
373,ゴーストリングカード,幽灵波利卡片
374,番天印,""
375,傾世元禳,倾世元禳
376,金霞帽,""
377,風火輪,风火轮
378,八卦鏡,八卦镜
379,千烈手甲,""
380,魔剣装束,魔剑装束
381,まほろばのお守り,宝福山的护身符
385,シーフの疾風衣,盗贼的疾风衣
386,一級市民の服,一级市民的服装
387,リリスのセーター,莉莉丝的毛衣
388,パンデモニウム＋,万魔殿＋
389,医者の白衣,医生的白大褂
390,技師の白衣,技师的白大褂
391,竜脈の巫女服,龙脉的巫女服
392,銃士のコート,铳手的长大衣
393,神民服,""
394,パンデモニウム＋＋,万魔殿＋＋
395,傀儡師装束,傀儡师装束
396,ヒーロースーツ,英雄套装
397,銃士のコート・改,铳手大衣・改
398,侵蝕されたコート,被侵蚀的大衣
399,医者の白衣・改,医生白大褂・改
400,技師の白衣・改,技师白大褂・改
401,輝光神服,辉光神服
402,ナイチンゲール,南丁格尔
403,サンタナ,桑塔纳
404,ガンスリンガーコート,枪手大衣
405,求道者の白衣,求道者白衣
406,求道者の黒衣,求道者黑衣
407,ジャスティススーツ,正义套装
408,ブレイブフォース,勇气之力
409,カムイ,神威
410,プロトコルゼロ,零协议
411,求道者の白衣・瞑目,求道者的白衣・瞑目
412,求道者の黒衣・紬碧,求道者的黑衣・绢碧
413,ナイトメアセーター,噩梦毛衣
414,ブレイブフルフォース,勇气之力
415,侵蝕され尽くしたコート,被侵蚀殆尽的斗篷
417,狩人の衣,猎人的衣服
418,上忍の衣,上忍之衣
419,グリーンハンター,绿色猎人
420,無限闘衣,无限斗衣
421,熾天使の闘衣,炽天使的斗衣
422,淫魔闘衣,淫魔斗衣
423,大剣豪の衣,大剑豪的衣
424,インフィニティアサルト,无限突击
425,オシリスの闘衣,奥西里斯的斗衣
426,極忍龍衣,极忍龙衣
427,極淫艶衣,极淫艳衣
428,熾天使の闘衣・聖誅,炽天使的斗衣・圣诛
429,影衣,""
430,エメラルドハート,翡翠之心
431,天剣の衣,天剑之衣
432,アンリミテッドアサルト,无限突击
433,怒りのドラゴン,愤怒的龙
434,シオンの闘衣,锡安的战斗服
435,神闘衣オシリス,神斗衣奥西里斯
436,リリスの魔装束,莉莉丝的魔装束
438,試作複合素材プレート,试作复合材料胸甲
439,商人の胸当て,商人胸甲
440,獣の胸当て,兽胸甲
441,海賊の胸当て,海贼胸甲
442,ワイルドタイガー,狂野虎
443,疾風の胸当て,疾风胸甲
444,アークチェスト,弧光胸甲
445,大商人の胸当て,大商人胸甲
446,大海賊の胸当て,大海贼胸甲
447,軽複合素材プレート,轻复合材料胸甲
448,ネクストアーク,次世代弧光
449,触手まみれの胸当て,触手缠绕胸甲
450,神聖なる胸当て,神圣胸甲
451,竜の胸当て,龙之胸甲
452,聖皇の胸当て,圣皇制胸甲
453,闇皇の胸当て,暗皇制胸甲
454,スピードガード,速度护甲
455,聖竜の胸当て,圣龙胸甲
456,軽複合素材プレート・改,轻复合材料胸甲・改
457,ヒルベルト変換装甲,希尔伯特转换装甲
458,月虹の胸当て,月虹制胸甲
459,ラストアーク,最终弧光
460,ワールドトレーダー,世界商人
461,触手装甲,""
462,タイドタイガー,潮汐虎
463,無の胸当て,無制胸甲
464,バッカニア,巴卡尼亚
465,ヘルメスガード,赫尔墨斯护甲
466,アトラス,阿特拉斯
467,神竜の胸当て,神龙胸甲
468,ヒルベルト増幅装甲・最終型,希尔伯特增幅装甲・最终型
469,最後の胸当て,最终之胸甲
471,ハイエンジェルクロス,高阶天使十字
472,神仙の鎧,神仙之铠
473,黒騎士の鎧,黑骑士之铠
474,バトラーアームズ,战士之铠
475,神仙万華鎧,神仙万华铠
476,四精万華鎧,四精万华铠
477,ハインの黒鎧,海因的黑铠
478,月虹の鎧,月虹制铠
479,エレメントガード,元素守护
480,ハインの輝黒鎧,海因的辉黑铠
481,屍者の黒鎧,尸者的黑铠
482,ゴッドクロス,神之十字
483,メンアットアームズ,武器在手
484,原罪の蛇,原罪之蛇
485,混沌の鎧,混沌之铠
486,紅星の鎧,红星之铠
488,南覇朱雀の鎧,南霸朱雀之铠
489,七色華鎧,七色华铠
490,グロリアスオズマ,辉煌奥兹玛
491,覇竜の鎧,霸龙之铠
492,ギガントマキシム,巨型麦克斯
493,増殖重装,增殖重装
494,冥府の鎧,冥府之铠
495,聖皇の鎧,圣皇制铠
496,真・聖皇の鎧,真・圣皇制铠
497,闇皇の鎧,暗皇制铠
498,真・闇皇の鎧,真・暗皇制铠
499,バハムートメイル,巴哈姆特之铠
500,魔王の鎧,魔王之铠
501,英雄の鎧,英雄之铠
502,邪神の鎧,邪神之铠
503,昏き鎧,昏暗之铠
504,天軍の鎧,天军之铠
505,八色万華鎧,八色万华铠
506,飛竜鎧,飞龙铠
507,真・覇竜の鎧,真・霸龙之铠
508,黄泉の鎧,黄泉之铠
509,無の鎧,無制铠
510,グロリアスオメガ,辉煌欧米伽
511,アテナの鎧,雅典娜之铠
512,灰燼の王,灰烬之王
513,闇の慟哭,暗之恸哭
514,ヘビーパワード,重型动力
515,エキドナ,厄喀德那
516,楯無,楯无
517,四聖南覇朱雀の鎧,四圣南霸朱雀之铠
518,源氏の鎧・マガツ,源氏之铠・祸津
519,最後の鎧,最终之铠
520,覇竜炎帝の鎧,霸龙炎帝之铠
521,冥府黄泉桜鎧,冥府黄泉樱铠
522,覇天鎧アテナ,霸天铠雅典娜
523,英雄の輝鎧,英雄的光辉铠
524,天軍聖鎧,天军神圣铠
525,神機装甲XIII,神机装甲XIII
526,魔閤覇王鎧,魔阁霸王铠
527,魔帝衣グレゴリア,魔帝衣格雷戈里亚
528,邪神覇皇の鎧,邪神霸皇铠
529,魔神の鎧,魔神之铠
530,英雄の夢幻鎧,英雄的梦幻铠
531,混沌英雄の鎧,混沌英雄之铠
533,大自然の甲羅,大自然的甲壳
534,粘魔の甲羅,粘魔的甲壳
535,剛蟲の甲羅,刚虫的甲壳
536,百獣の甲羅,百兽的甲壳
537,森羅の甲羅,森罗的甲壳
538,無限粘魔の甲羅,无限粘魔的甲壳
539,神蟲の甲羅,神虫的甲壳
540,聖皇の甲羅,圣皇制甲壳
541,闇皇の甲羅,暗皇制甲壳
542,モルボルの甲羅,魔界花的甲壳
543,月虹の甲羅,月虹制甲壳
544,森羅万象の甲羅,森罗万象的甲壳
545,ヌルヌール,滑溜溜
546,マイティビートル,强力甲虫
547,プレセペ,普雷塞佩
548,無の甲羅,無制甲壳
549,ナノデバイス,纳米设备
550,ガイアガーダー,大地守护者
551,ハイブマインド,蜂巢思维
552,魔甲アルケロン,魔甲阿尔凯隆
553,侵蝕された甲羅,被侵蚀的甲壳
554,リボンズシェル,缎带甲壳
555,最後の甲羅,最终之甲壳
557,白聖のローブ,白圣袍
558,科学者のローブ,科学者长袍
559,熾天使のローブ,炽天使长袍
560,オーシャンローブ,海洋长袍
561,メルティロード,梅尔蒂主宰
562,神聖なるローブ,神圣长袍
563,暗黒のローブ,暗黑长袍
564,終末のローブ,终末长袍
565,神仙九尾ローブ,神仙九尾长袍
566,世界樹のローブ,世界树长袍
567,バハムートローブ,巴哈姆特长袍
568,メカニカルローブ,机械长袍
569,熾天使のローブ・聖災,炽天使长袍・圣灾
570,ニライカナイ,龙宫
571,魔装バハムートロード,魔装巴哈姆特主宰
572,無のローブ,無制长袍
573,永劫のローブ,永恒长袍
574,終焉のローブ,终结长袍
575,次元侵蝕者のローブ,次元侵蚀者长袍
576,プラネットガイア,行星盖亚
577,フィロソフィア,哲学
578,デバイスロード,机械主宰
579,グノーシスローブ,格诺西丝长袍
580,混沌のローブ,混沌长袍
581,聖百合のローブ,圣百合之袍
582,九尾の魔装,九尾魔装
583,千樹華音のローブ,千树华音之袍
584,カナデローブ,祸抚袍
585,終末ワンダーランド,终末仙境
586,永劫と終焉のローブ,永劫与终焉之袍
587,輪廻のローブ,轮回之袍
588,神々の足跡,众神的足迹
589,奈落の纏,奈落之缠
591,チャンピオンドレス,冠军礼服
592,灰をかぶったドレス,披着灰烬的礼服
593,光のドレス,光之礼服
594,神姫のドレス,神姬的礼服
595,炎竜姫のドレス,炎龙姬的礼服
596,血を啜るドレス,吸血礼服
597,凍てつく女王のドレス,冰冻女王的礼服
598,天空のドレス,天空的礼服
599,マスタードレス,大师礼服
600,大天使のドレス,大天使的礼服
601,アイドルドレス,偶像礼服
602,女神のドレス,女神的礼服
603,シンデレラ,灰姑娘
604,黒ノ衣,黑之衣
605,コノハナサクヤ,此花咲耶
606,ニヴルヘイム,尼福尔海姆
607,昏き深海のドレス,昏暗深海之礼服
608,創世のドレス,创世之礼服
609,マテリアルガール,材料女孩
610,守護天使のドレス,守护天使的礼服
611,グランドマスタードレス,至尊大师礼服
612,ドールズクィーン,人偶女王
613,究極神姫のドレス,究极神姬的礼服
614,カオスドレス,混沌礼服
615,創世開闢女神のドレス,创世开辟女神的礼服
617,ミラクルビスチェ,奇迹比基尼
618,あぶなすぎる水着,危险至极的泳装
619,大天使のレオタード,大天使的紧身衣
620,灼熱水着,灼热泳装
621,淫らなる極みの水着,淫荡至极的泳装
622,竜のレオタード,龙之紧身衣
623,大淫魔のビスチェ,大淫魔的比基尼
624,エデンの衣,伊甸的衣
625,赤竜のレオタード,赤龙之紧身衣
626,メカニックビキニ,机械比基尼
627,ガイアレオタード,盖亚紧身衣
628,エレメンタルビスチェ,元素比基尼
629,混沌のブラ,混沌胸罩
630,女神のレオタード,女神的紧身衣
631,リリスのビスチェ,莉莉丝的比基尼
632,エデンの衣・聖威,伊甸之衣・圣威
633,叛逆天使の墜落,叛逆天使的坠落
634,明星の聖衣,黎明之星的圣衣
635,四精霊のビスチェ,四精灵比基尼
636,エロスの化身,爱欲的化身
637,オルギア,奥尔吉亚
638,超神乳のブラ,超神乳胸罩
639,レッドロマンス,红色浪漫
640,マーベルレオタード,奇迹紧身衣
641,ラブアンドガイア,爱与盖亚
642,深き混沌のブラ,深层混沌之胸罩
643,サイボーグビキニ,赛博格比基尼
644,トリプルエデンの衣,三重伊甸之衣
645,ナイトメアビスチェ,夜魔胸衣
646,聖衣・黙示二十七ノ明星,圣衣・默示二十七之星
647,聖母の薄衣,圣母的薄衣
648,ディーノサイド,迪诺赛德
649,ナノレオタード,纳米紧身衣
650,バビロンの大淫婦,巴比伦的大淫妇
652,シーフのバンダナ,盗贼的头巾
653,一級市民の帽子,一级市民的帽子
654,メイドカチューシャ,女仆头巾
655,ロイヤルハット・蛇髪,皇家帽子・蛇发
656,高性能バイザー,高性能面罩
657,海賊の帽子,海贼的帽子
658,神紅帽子,神红帽子
659,大海賊の帽子,大海贼的帽子
660,傀儡師の帽子,傀儡师的帽子
661,ベテランカチューシャ,资深女仆头巾
662,怪盗の帽子,怪盗的帽子
663,試作型ラプラスバイザー,试作型拉普拉斯护目镜
664,天空の帽子,天空的帽子
665,侵蝕された帽子,被侵蚀的帽子
666,神紅龍帽,神红龙帽
667,ロイヤルハット・神髪,皇家帽子・神发
668,アルセーヌ,阿尔塞恩
669,ベレニケハット,贝勒尼基帽
670,アドバンスドバイザー,高级护目镜
671,蒼穹の大翼,苍穹大翼
672,アンチライフマター,反生命物质
673,クィーンロイヤル,皇家女王
674,求道者の黒頭巾,求道者黑头巾
675,ブーストメイデン,侍奉女仆
676,紅闘気,红斗气
677,パイレーツクィーン,海盗女王
678,量子観測バイザー,量子观测护目镜
679,求道者の黒頭巾・流影,求道者的黑头巾・流影
680,白兎帽子,白兔帽子
681,死神フード,死神兜帽
682,侵蝕され尽くした帽子,被侵蚀殆尽的帽子
683,永劫の白兎帽子,永劫的白兔帽子
684,終焉の死神フード,终焉的死神兜帽
686,抗う者の兜,反抗者之盔
687,神速の兜,神速之盔
688,武功の兜,武功之盔
689,レジスタンス,反抗军
690,スピードスター,速度之星
691,ヒーローヘルメット,英雄头盔
692,栄光の兜,荣耀之盔
693,ドラゴンホーン,龙角
694,海賊神の兜,海贼神之盔
695,オートフォース,自动力量
696,CHコンバーター,CH转换器
697,月虹の兜,月虹制头盔
698,イェニ・チェリ,耶尼・切里
699,螺旋竜角兜,螺旋龙角盔
700,マスターパイレーツ,海盗大师
701,ジャスティスメット,正义头盔
702,竜角神速の兜,龙角神速之盔
703,栄輝の兜,荣耀之盔
704,CHエクスコンバーター,CH超转换器
705,混沌の兜,混沌之盔
706,紅星の兜,红星之盔
708,覇竜の兜,霸龙之盔
709,セーフガード,守护者
710,天武者の兜,天武者之盔
711,神機ヘッド,神机头盔
712,魔王の兜,魔王之盔
713,王者の兜,王者之盔
714,冥府の兜,冥府之盔
715,聖皇の兜,圣皇制头盔
716,真・聖皇の兜,真・圣皇制头盔
717,闇皇の兜,暗皇制头盔
718,真・闇皇の兜,真・暗皇制头盔
719,セーフガード・ハイ,安全卫士・高
720,英雄の兜,英雄之盔
721,邪神の兜,邪神之盔
722,超重滅兜,超重灭之盔
723,昏き兜,昏暗之盔
724,天軍の兜,天军之盔
725,光の竜虎,光之龙虎
726,桜花闇修羅兜,樱花暗修罗之盔
727,真・覇竜の兜,真・霸龙之盔
728,黄泉の兜,黄泉之盔
729,無の兜,無制头盔
730,神武者の兜,神武者之盔
731,支配する者,支配者
732,闇の咆吼,暗之咆哮
733,ハイセキュリティー,高安全性
734,究極超重滅兜,究极超重灭盔
735,四聖東覇青龍の兜,四圣东霸青龙之盔
736,源氏の兜・マガツ,源氏之盔・祸津
737,最後の兜,最终之头盔
738,覇竜炎帝の兜,霸龙炎帝之盔
739,冥府黄泉神守,""
740,英雄の輝兜,英雄的光辉盔
741,天軍聖兜,天军圣盔
742,最終神機ヘッドXA,最终神机头部XA
743,魔閤覇王兜,魔阁霸王盔
744,魔を統べる者の兜,统御魔物者之盔
745,邪神覇皇の兜,邪神霸皇之盔
746,魔神の兜,魔神之盔
747,英雄の夢幻兜,英雄的梦幻盔
748,混沌英雄の兜,混沌英雄之盔
750,栄光のサークレット,荣耀头环
751,白華のサークレット,白华头环
752,マーメイドウィザード,人鱼巫师
753,召喚士のサークレット,召唤士的头环
754,ダブルドラゴンサークレット,双龙头环
755,神罰のサークレット,神罚头环
756,ホーリーサークレット,圣洁头环
757,ダークサークレット,暗影头环
758,侵蝕されたサークレット,被侵蚀的头环
759,聖皇のサークレット,圣皇制头环
760,闇皇のサークレット,暗皇制头环
761,ラストソーサラー,最后的术士
762,四精霊のサークレット,四精灵头环
763,冥王のサークレット,冥王头环
764,聖魔兎々,圣魔兔兔
765,月虹のサークレット,月虹制头环
766,四精霊のロンド,四精灵的旋律
767,断罪のサークレット,断罪头环
768,サイ・ワーム,心灵蠕虫
769,マーメイドロード,人鱼主宰
770,神竜のサークレット,神龙头环
771,ノーライフキング,无生之王
772,無のサークレット,無制头环
773,テラソーサラー,大地召唤师
774,天罰神雷のサークレット,天罚神雷头环
775,闇の法王,暗之教皇
776,ライトディライト,光之光辉
777,混沌のサークレット,混沌头环
778,最後のサークレット,最终之头环
779,サードアイ,第三只眼
780,上弦の月,上弦之月
781,神魔兎々,神魔兔兔
782,輪廻のサークレット,轮回头环
784,淫らなティアラ,淫荡冠饰
785,ティアラオブヘブン,天堂冠饰
786,灼熱のティアラ,灼热之冠饰
787,闇蛇のティアラ,暗蛇之冠饰
788,ハーピークラウン,哈比皇冠
789,オーシャンクラウン,海洋皇冠
790,熾天使の冠,炽天使之冠
791,天空のハーピークラウン,天空哈比皇冠
792,マキナギア,器械装置
793,クラウンジェル,皇冠果冻
794,アドバンスドギア,高级装置
795,幸運のティアラ,幸运之冠饰
796,ドラグネスクラウン,龙女王之冠
797,輝光のティアラ,辉光之冠饰
798,淫らなる極みのティアラ,淫极之冠饰
799,熾天使の冠・聖天,炽天使之冠・圣天
800,女神のティアラ,女神之冠饰
801,明星の聖冠,黎明之星的圣冠
802,緑皇の冠,绿皇之冠
803,千蛇の女王,千蛇女王
804,天啓のティアラ,天启之冠饰
805,アトランティス,亚特兰蒂斯
806,創世のティアラ,创世之冠饰
807,フェニックスクラウン,不死鸟之冠
808,竜姫炎皇の王冠,龙姬炎皇的王冠
809,パンスペルミア,泛种论
810,オメガティアラ,欧米伽冠饰
811,花嫁のヴェール,新娘的面纱
812,熾天使の冠・聖天歓喜,炽天使之冠・圣天欢喜
813,ナイトメアティアラ,噩梦冠饰
814,聖冠・福音二十四ノ明星,圣冠・福音二十四之明星
815,聖母の魔冠,圣母的魔冠
816,聖百合のティアラ,圣百合之冠饰
817,シリコンギア,硅胶装备
818,アルカディア,阿尔卡迪亚
819,ナノクラウンジェル,纳米皇冠凝胶
820,世界樹の冠,世界树之冠
821,創世開闢女神のティアラ,创世开辟女神之冠饰
822,魔神のティアラ,魔神之冠饰
824,世界樹の盾,世界树之盾
825,サイ・エンパシー,心灵共感
826,ライトレッド,红光
827,ライトレッドプラス,红光增强版
828,ライトエレメント,元素光
829,アークディフレクター,弧光反射器
830,サイ・フォーム,心灵形态
831,カッサンドラ,卡桑德拉
832,ライトエレメント・プラス,元素光增强版
833,八咫烏,八咫乌
834,リフレクター,反射器
835,マザートーラー,母亲之塔
836,シャーデンフロイデ,幸灾乐祸
837,サイ・フィールド,心灵领域
838,ユグドラシルの盾,世界树之盾
840,抗う者の盾,反抗者之盾
841,深海水鏡,深海水镜
842,試作型ビームシールド,试作型光束盾
843,死鱗甲,死鳞甲
844,戦神の盾,战神之盾
845,ルーンシールド,符文盾
846,ミスリルトリニティ,秘银三重奏
847,低出力ビームシールド,低输出光束盾
848,ムーンシールド,月之盾
849,ムーンエナジー,月之能量
850,ハイイージス,高级埃癸斯
851,ビームシールド,光束盾
852,女神の盾,女神之盾
853,月虹の盾,月虹制盾
854,ミカガミトリニティ,御影神盾
855,ルーンガード,符文守护
856,アンゴルモア,安哥尔摩亚
857,創世の盾,创世之盾
858,毘沙門天,毗沙门天
859,マーベラスプロテクト,华丽防护
860,セカンドイージス,第二埃癸斯
861,メガビームシールド,巨型光束盾
862,パーフェクトサイド,完美侧翼
863,混沌の盾,混沌之盾
864,オーディガス,奥德加斯
865,月天装,""
866,創世開闢女神の盾,创世开辟女神之盾
867,輪廻の盾,轮回之盾
868,永劫の盾,永劫之盾
869,終焉の盾,终焉之盾
870,紅星の盾,红星之盾
872,失われし魔王の盾,失落的魔王之盾
873,覇竜の盾,霸龙之盾
874,キャプテンシールド,盾队长
875,聖盾スクトゥム,圣盾斯库托姆
876,アサルトディフェクター,突击防御者
877,冥府の盾,冥府之盾
878,堅固なる城壁,坚固之城墙
879,聖皇の盾,圣皇制盾
880,真・聖皇の盾,真・圣皇制盾
881,闇皇の盾,暗皇制盾
882,真・闇皇の盾,真・暗皇制盾
883,三竜重甲,三龙重甲
884,魔王の盾,魔王之盾
885,ミラーシールド・アリス,镜盾・爱丽丝
886,熾天使の盾・破邪,炽天使之盾・破邪
887,明星回帰の盾,明星回归之盾
888,英雄の盾,英雄之盾
889,邪神の盾,邪神之盾
890,試作型アンチカオスプレート,试作型反混沌板
891,昏き盾,昏暗之盾
892,アンチカオスプレート,反混沌板
893,天軍の盾,天军之盾
894,ドラゴンエンパイア,龙之帝国
895,真・覇竜の盾,真・霸龙之盾
896,不動,不动
897,黄泉の盾,黄泉之盾
898,無の盾,無制盾
899,アルテマアサルト,究极突击
900,ダブルキャップシールド,双重帽盾
901,闇の狂宴,暗之狂宴
902,ガーディアン,守护者
903,羅生門,罗生门
904,絶対防御の盾,绝对防御之盾
905,アンチカオスプレート・最終型,反混沌板・最终型
906,四聖北覇玄武の盾,四圣北霸玄武之盾
907,源氏の盾・マガツ,源氏之盾・祸津
908,熾天使の盾・破邪顕正,炽天使之盾・破邪显正
909,最後の盾,最终之盾
910,覇竜炎帝の盾,霸龙炎帝之盾
911,冥府黄泉雲盾,冥府黄泉云盾
912,オールトの盾,全能之盾
913,英雄の輝盾,英雄的光辉盾
914,天軍聖盾,天军圣盾
915,聖盾・外典十三ノ明星,圣盾・外典十三之明星
916,神機シールドORS,神机护盾ORS
917,ハイディフレクター,高级反射器
918,魔閤覇王盾,魔阁霸王盾
919,十六魔王闇盾,十六魔王暗盾
920,鏡の国のアリス,镜之国的爱丽丝
921,邪神覇皇の盾,邪神霸皇之盾
922,魔神の盾,魔神之盾
923,英雄の夢幻盾,英雄的梦幻盾
924,混沌英雄の盾,混沌英雄之盾
1001,マッスルベルト,肌肉腰带
1002,ハッスルベルト,活力腰带
1003,マックスベルト,极限腰带
1004,オーラベルト,气场腰带
1005,マスターベルト,大师腰带
1006,マジックオーブ,魔法宝珠
1007,ムーンオーブ,月之宝珠
1008,スターオーブ,星之宝珠
1009,クリスタルオーブ,水晶宝珠
1010,マスターオーブ,大师宝珠
1011,不思議なタトゥー,不可思议纹身
1012,底力のタトゥー,底力纹身
1013,波動のタトゥー,波动纹身
1014,勝利のタトゥー,胜利纹身
1015,覇王のタトゥー,霸王纹身
1016,パワーリスト,力量护腕
1017,バトルリスト,战斗护腕
1018,ハイパーリスト,超级护腕
1019,チャンピオンリスト,冠军护腕
1020,ギガントリスト,巨人护腕
1021,鉄の小手,铁制护手
1022,ミスリルの小手,秘银制护手
1023,ガントレット,金属护手
1024,巨人の小手,巨人护手
1025,魔神の小手,魔神护手
1026,イヤリング,耳环
1027,魔力のイヤリング,魔力耳环
1028,不思議のイヤリング,不可思议耳环
1029,神秘のイヤリング,神秘耳环
1030,奇跡のイヤリング,奇迹耳环
1031,ガードロザリオ,守护念珠
1032,バリアロザリオ,屏障念珠
1033,エナジーロザリオ,能量念珠
1034,アースロザリオ,大地念珠
1035,スペースロザリオ,空间念珠
1036,銀の腕輪,银手镯
1037,金の腕輪,金制手镯
1038,俊足の腕輪,疾风手镯
1039,エルメスの腕輪,赫尔墨斯手镯
1040,星降る腕輪,星降手镯
1041,細心の首飾り,细心项链
1042,職人の首飾り,工匠项链
1043,技巧の首飾り,技艺项链
1044,芸術の首飾り,艺术项链
1045,神業の首飾り,神技项链
1046,安心の櫛,安心梳子
1047,エルフの櫛,精灵梳子
1048,千里眼の櫛,千里眼梳子
1049,百発百中の櫛,百发百中梳子
1050,カラテの数珠,空手道念珠
1051,鉄拳の数珠,铁拳念珠
1052,剛拳の数珠,刚拳念珠
1053,神拳の数珠,神拳念珠
1054,危機の数珠,危机念珠
1055,窮地の数珠,绝境念珠
1056,そよ風のマント,微风斗篷
1057,エルフのマント,精灵斗篷
1058,黒影のマント,黑影斗篷
1059,森羅のマント,森罗斗篷
1060,窮地のマント,绝境斗篷
1061,不思議なかんざし,不可思议的发簪
1062,魔法のかんざし,魔法发簪
1063,秘宝のかんざし,秘宝发簪
1064,万象のかんざし,万象之簪
1065,窮地のかんざし,困境之簪
1066,生命の指輪,生命之戒
1067,鼓動の指輪,脉动之戒
1068,情熱の指輪,热情之戒
1069,激情の指輪,激情之戒
1070,回帰の指輪,回归之戒
1071,聖なる指輪,神圣之戒
1072,天使の指輪,天使之戒
1073,大天使の指輪,大天使之戒
1074,熾天使の指輪,炽天使之戒
1075,女神の指輪,女神之戒
1076,闇の指輪,暗之戒
1077,暗黒の指輪,暗黑之戒
1078,漆黒の指輪,漆黑之戒
1079,魔王の指輪,魔王之戒
1080,邪神の指輪,邪神之戒
1081,黒帯,黑带
1082,武道家の黒帯,武道家的黑带
1083,達人の黒帯,达人的黑带
1084,天下無双の黒帯,天下无双的黑带
1085,破のハチマキ,破的围巾
1086,魔のハチマキ,魔的围巾
1087,鏡のハチマキ,镜的围巾
1088,吽のハチマキ,吽的围巾
1089,応報の狐面,报应的狐面
1090,反撃の手甲,反击的手甲
1091,因果の手甲,因果的手甲
1092,魔法の髪飾り,魔法的发饰
1093,金の髪飾り,金制发饰
1094,虹の髪飾り,虹制发饰
1095,スリースターズ,三颗星
1096,技法の勾玉,技法的勾玉
1097,金の勾玉,金制勾玉
1098,虹の勾玉,虹制勾玉
1099,セブンズヘブン,七重天
1100,ミラーリング,镜像反射
1101,反射のリング,反射之戒指
1102,魔鏡のリング,魔镜之戒指
1103,因果応報のリング,因果报应之戒指
1104,痛恨の形代,痛恨的替身
1105,窮地の小手,绝境护手
1106,窮地のロザリオ,绝境的念珠
1107,燃える魂,燃烧的灵魂
1108,燃えろ魂,燃烧吧灵魂
1109,オンリー魂,唯一灵魂
1110,ロンリー魂,孤独灵魂
1111,危機の狐面,危机之狐面
1112,窮地の狐面,绝境之狐面
1113,ライトリング,轻灵戒指
1114,ヘビィリング,重戒
1115,コンバートリング,转换戒指
1116,リフレクトリング,反射手环
1117,魔吸のマント,魔吸斗篷
1118,頑丈な肩パッド,坚固的肩垫
1119,世紀末肩パッド,世纪末肩垫
1120,崖っぷちの鉢巻き,悬崖边的头带
1121,抵抗の鉢巻き,抵抗的头带
1122,往生際の鉢巻き,往生边的头带
1123,蘇生の宝玉,复活之宝玉
1124,復活の宝玉,复苏之宝玉
1125,奇跡の宝玉,奇迹之宝玉
1126,軽バリア発生装置,轻屏障发生装置
1127,重バリア発生装置,重屏障发生装置
1128,シュプルバリア,咻噗露屏障
1129,ナノバリア,纳米屏障
1130,クァンタバリア,量子屏障
1131,ガードビット,防御比特
1132,プロテクトビット,保护比特
1133,フィールドビット,领域比特
1134,アルテマビット,究极比特
1135,気合いのリング,气势戒指
1136,チャージリング,充能戒指
1137,レジェンドリング,传奇戒指
1138,薬屋のレシピ,药屋的配方
1139,医師のレシピ,医师的配方
1140,神医のレシピ,神医的配方
1141,女神のレシピ,女神的配方
1142,清水,""
1143,祓水,""
1144,神水,""
1145,派手なマニキュア,华丽的指甲油
1146,レインボーマニキュア,彩虹指甲油
1147,隠遁のシール,隐遁的贴纸
1148,絶無のシール,绝无的贴纸
1149,暴走の仮面,暴走的假面
1150,狂乱の仮面,狂乱的假面
1151,ゾンビの指輪,僵尸戒指
1152,ヒーローベルト,英雄腰带
1153,アラームピアス,警报耳环
1154,先駆けの靴,先驱之靴
1155,戦士の手甲,战士护手
1156,英雄の手甲,英雄护手
1157,野営リュック,露营背包
1158,レンジャーリュック,猎人背包
1159,再生の砂時計,再生沙漏
1160,輪廻の砂時計,轮回沙漏
1161,盗賊の小手,盗贼护手
1162,保険契約書,保险契约书
1163,幸運のお守り,幸运护符
1164,喜びの袋,喜悦之袋
1165,幸福の袋,幸福之袋
1166,奇跡の袋,奇迹之袋
1167,遺言状,遗嘱
1168,懐中の毒薬,怀中毒药
1169,末期の懐中時計,末期怀表
1170,冥土の懐中時計,冥土怀表
1171,緊縛の縄,紧缚之绳
1172,法王の聖十字,教皇的圣十字
1173,法王の鉄十字,教皇的铁十字
1174,生け贄の松明,祭品的火把
1175,スライムコア,史莱姆核心
1176,ブロブコア,布洛布核心
1177,身代わり型代,替身型代
1178,振動装甲,振动装甲
1179,魔剣士の魂,魔剑士的灵魂
1180,竜神の魂,龙神的灵魂
1181,荒ぶる獣心,狂暴的兽心
1182,獣王の誇り,兽王的骄傲
1183,あやしい宝箱,可疑的宝箱
1184,闇魔導の結晶,暗魔导的结晶
1185,淫魔女王の体液,淫魔女王的体液
1186,キラーピアス,杀手耳环
1187,イリュージョンピアス,幻象耳环
1188,皆伝の証,皆传之证
1189,最終皆伝の証,最终皆传之证
1190,居合いの眼帯,居合的眼罩
1191,捨身の帯,舍身的腰带
1192,理力のリング,理力之戒指
1193,契りの杯,契约之杯
1194,吸精の薔薇,吸精玫瑰
1195,吸魔の薔薇,吸魔玫瑰
1196,暗黒念,黑暗念
1197,無明の眼帯,无明眼带
1198,精霊の遺産,精灵的遗产
1199,神々の遺産,神明的遗产
1200,神々の黄昏,神明的黄昏
1201,快楽のシンボル,快乐之符号
1202,炎のシンボル,炎之符号
1203,氷のシンボル,冰之符号
1204,雷のシンボル,雷之符号
1205,風のシンボル,风之符号
1206,土のシンボル,土之符号
1207,水のシンボル,水之符号
1208,聖なるシンボル,神圣符号
1209,闇のシンボル,暗之符号
1210,サウンドシンボル,音波符号
1211,バイオシンボル,生化符号
1212,人破りの呪符,破人之咒符
1213,妖魔破りの呪符,妖魔破除的咒符
1214,妖怪破りの呪符,妖怪破除的咒符
1215,淫魔破りの呪符,淫魔破除的咒符
1216,吸血鬼破りの呪符,吸血鬼破除的咒符
1217,人魚破りの呪符,人鱼破除的咒符
1218,エルフ破りの呪符,精灵破除的咒符
1219,妖精破りの呪符,妖精破除的咒符
1220,スライム破りの呪符,史莱姆破除符咒
1221,魔獣破りの呪符,魔兽破除符咒
1222,妖狐破りの呪符,妖狐破除符咒
1223,ラミア破りの呪符,拉米亚破除符咒
1224,スキュラ破りの呪符,斯库拉破除符咒
1225,ハーピー破りの呪符,哈比破除符咒
1226,ドラゴン破りの呪符,龙破除符咒
1227,陸棲種破りの呪符,陆栖种破除符咒
1228,海棲種破りの呪符,海栖种破咒符
1229,虫破りの呪符,虫破咒符
1230,植物破りの呪符,植物破咒符
1231,ゾンビ破りの呪符,僵尸破咒符
1232,ゴースト破りの呪符,幽灵破咒符
1233,ドール破りの呪符,人偶破咒符
1234,キメラ破りの呪符,奇美拉破咒符
1235,天使破りの呪符,天使破除的咒符
1236,巨人破りの呪符,巨人破除的咒符
1237,物理の書,物理之书
1238,物理の秘伝書,物理之秘传书
1239,物理の極意書,物理之极意书
1240,快楽の書,快乐之书
1241,快楽の秘伝書,快乐之秘传书
1242,快楽の極意書,快乐之极意书
1243,炎の書,炎之书
1244,炎の秘伝書,炎之秘传书
1245,炎の極意書,炎之极意书
1246,氷の書,冰之书
1247,氷の秘伝書,冰之秘传书
1248,氷の極意書,冰之极意书
1249,雷の書,雷之书
1250,雷の秘伝書,雷之秘传书
1251,雷の極意書,雷之极意书
1252,風の書,风之书
1253,風の秘伝書,风之秘传书
1254,風の極意書,风之极意书
1255,土の書,土之书
1256,土の秘伝書,土之秘传书
1257,土の極意書,土之极意书
1258,水の書,水之书
1259,水の秘伝書,水之秘传书
1260,水の極意書,水之极意书
1261,聖なる書,圣之书
1262,聖なる秘伝書,圣之秘传书
1263,聖なる極意書,圣之极意书
1264,闇の書,暗之书
1265,闇の秘伝書,暗之秘传书
1266,闇の極意書,暗之极意书
1267,音波の書,音波之书
1268,音波の秘伝書,音波之秘传书
1269,音波の極意書,音波之极意书
1270,バイオの書,生化之书
1271,バイオの秘伝書,生化之秘传书
1272,バイオの極意書,生化之极意书
1273,種族特攻の書,种族特攻之书
1274,種族特攻の秘伝書,种族特攻之秘传书
1275,種族特攻の極意書,种族特攻之极意书
1276,回復の書,恢复之书
1277,回復の秘伝書,恢复之秘传书
1278,回復の極意書,恢复之极意书
1279,通常攻撃の書,普通攻击之书
1280,通常攻撃の秘伝書,普通攻击之秘传书
1281,通常攻撃の極意書,普通攻击之极意书
1282,短剣の書,短剑之书
1283,短剣の秘伝書,短剑之秘传书
1284,短剣の極意書,短剑之极意书
1285,剣の書,剑之书
1286,剣の秘伝書,剑之秘传书
1287,剣の極意書,剑之极意书
1288,尖剣の書,尖剑之书
1289,尖剣の秘伝書,尖剑之秘传书
1290,尖剣の極意書,尖剑之极意书
1291,槍の書,枪之书
1292,槍の秘伝書,枪之秘传书
1293,槍の極意書,枪之极意书
1294,刀の書,刀之书
1295,刀の秘伝書,刀之秘传书
1296,刀の極意書,刀之极意书
1297,忍者刀の書,忍者刀之书
1298,忍者刀の秘伝書,忍者刀之秘传书
1299,忍者刀の極意書,忍者刀之极意书
1300,拳の書,拳套之书
1301,拳の秘伝書,拳套之秘传书
1302,拳の極意書,拳套之极意书
1303,牙の書,牙之书
1304,牙の秘伝書,牙之秘传书
1305,牙の極意書,牙之极意书
1306,斧の書,斧之书
1307,斧の秘伝書,斧之秘传书
1308,斧の極意書,斧之极意书
1309,棍の書,棍之书
1310,棍の秘伝書,棍之秘传书
1311,棍の極意書,棍之极意书
1312,鎌の書,镰之书
1313,鎌の秘伝書,镰之秘传书
1314,鎌の極意書,镰之极意书
1315,杖の書,杖之书
1316,杖の秘伝書,杖之秘传书
1317,杖の極意書,杖之极意书
1318,ロッドの書,法杖之书
1319,ロッドの秘伝書,法杖之秘传书
1320,ロッドの極意書,法杖之极意书
1321,弓矢の書,弓箭之书
1322,弓矢の秘伝書,弓箭之秘传书
1323,弓矢の極意書,弓箭之极意书
1324,鞭の書,鞭之书
1325,鞭の秘伝書,鞭之秘传书
1326,鞭の極意書,鞭之极意书
1327,竪琴の書,竖琴之书
1328,竪琴の秘伝書,竖琴之秘传书
1329,竪琴の極意書,竖琴之极意书
1330,ブーメランの書,回旋镖之书
1331,ブーメランの秘伝書,回旋镖之秘传书
1332,ブーメランの極意書,回旋镖之极意书
1333,鉄球の書,铁球之书
1334,鉄球の秘伝書,铁球之秘传书
1335,鉄球の極意書,铁球之极意书
1336,扇の書,扇之书
1337,扇の秘伝書,扇之秘传书
1338,扇の極意書,扇之极意书
1339,包丁の書,菜刀之书
1340,包丁の秘伝書,菜刀之秘传书
1341,包丁の極意書,菜刀之极意书
1342,そろばんの書,算盘之书
1343,そろばんの秘伝書,算盘之秘传书
1344,そろばんの極意書,算盘之极意书
1345,メスの書,手术刀之书
1346,メスの秘伝書,手术刀之秘传书
1347,メスの極意書,手术刀之极意书
1348,カードの書,卡牌之书
1349,カードの秘伝書,卡牌之秘传书
1350,カードの極意書,卡牌之极意书
1351,皿の書,盘之书
1352,皿の秘伝書,盘之秘传书
1353,皿の極意書,盘之极意书
1354,魔導書の書,魔导书之书
1355,魔導書の秘伝書,魔导书之秘传书
1356,魔導書の極意書,魔导书之极意书
1357,銃の書,铳之书
1358,銃の秘伝書,铳之秘传书
1359,銃の極意書,铳之极意书
1360,淫具の書,淫具之书
1361,淫具の秘伝書,淫具之秘传书
1362,淫具の極意書,淫具之极意书
1363,機械の書,机械之书
1364,機械の秘伝書,机械之秘传书
1365,機械の極意書,机械之极意书
1366,魔技の書,魔技之书
1367,魔技の秘伝書,魔技之秘传书
1368,魔技の極意書,魔技之极意书
1369,海技の書,海技之书
1370,海技の秘伝書,海技之秘传书
1371,海技の極意書,海技之极意书
1372,自然感応の書,自然感应之书
1373,自然感応の秘伝書,自然感应之秘传书
1374,自然感応の極意書,自然感应之极意书
1375,粘液技の書,粘液技之书
1376,粘液技の秘伝書,粘液技之秘传书
1377,粘液技の極意書,粘液技之极意书
1378,獣技の書,兽技之书
1379,獣技の秘伝書,兽技之秘传书
1380,獣技の極意書,兽技之极意书
1381,蛇技の書,蛇技之书
1382,蛇技の秘伝書,蛇技之秘传书
1383,蛇技の極意書,蛇技之极意书
1384,触手技の書,触手技之书
1385,触手技の秘伝書,触手技之秘传书
1386,触手技の極意書,触手技之极意书
1387,翼技の書,翼技之书
1388,翼技の秘伝書,翼技之秘传书
1389,翼技の極意書,翼技之极意书
1390,ブレスの書,吐息之书
1391,ブレスの秘伝書,吐息之秘传书
1392,ブレスの極意書,吐息之极意书
1393,虫技の書,虫技之书
1394,虫技の秘伝書,虫技之秘传书
1395,虫技の極意書,虫技之极意书
1396,植物技の書,植物技之书
1397,植物技の秘伝書,植物技之秘传书
1398,植物技の極意書,植物技之极意书
1399,屍技の書,尸技之书
1400,屍技の秘伝書,尸技之秘传书
1401,屍技の極意書,尸技之极意书
1402,造技の書,造技之书
1403,造技の秘伝書,造技之秘传书
1404,造技の極意書,造技之极意书
1405,踊り奥義書,舞蹈奥义书
1406,歌奥義書,歌奥义书
1407,淫技奥義書,淫技奥义书
1408,魔眼奥義書,魔眼奥义书
1409,花粉奥義書,花粉奥义书
1410,群体のコア,群体的核心
1411,闇の契約書,暗之契约书
1412,魔王の証,魔王的证明
1413,即死の印,即死之印
1414,即死の秘印,即死之秘印
1415,即死の真印,即死之真印
1416,昇天の印,升天之印
1417,昇天の秘印,升天之秘印
1418,昇天の真印,升天之真印
1419,絶頂の印,绝顶之印
1420,絶頂の秘印,绝顶之秘印
1421,絶頂の真印,绝顶之真印
1422,毒の印,毒之印
1423,毒の秘印,毒之秘印
1424,毒の真印,毒之真印
1425,暗闇の印,黑暗之印
1426,暗闇の秘印,黑暗之秘印
1427,暗闇の真印,黑暗之真印
1428,沈黙の印,沉默之印
1429,沈黙の秘印,沉默之秘印
1430,沈黙の真印,沉默之真印
1431,混乱の印,混乱之印
1432,混乱の秘印,混乱之秘印
1433,混乱の真印,混乱之真印
1434,睡眠の印,睡眠之印
1435,睡眠の秘印,睡眠之秘印
1436,睡眠の真印,睡眠之真印
1437,麻痺の印,麻痹之印
1438,麻痺の秘印,麻痹之秘印
1439,麻痺の真印,麻痹之真印
1440,バーンの印,燃烧之印
1441,バーンの秘印,燃烧之秘印
1442,バーンの真印,燃烧之真印
1443,フリーズの印,冻结之印
1444,フリーズの秘印,冻结之秘印
1445,フリーズの真印,冻结之真印
1446,ショックの印,电击之印
1447,ショックの秘印,电击之秘印
1448,ショックの真印,电击之真印
1449,スロウの印,减速之印
1450,スロウの秘印,减速之秘印
1451,スロウの真印,减速之真印
1452,ストップの印,停止之印
1453,ストップの秘印,停止之秘印
1454,ストップの真印,停止之真印
1455,ミニマムの印,缩小之印
1456,ミニマムの秘印,缩小之秘印
1457,ミニマムの真印,缩小之真印
1458,ゾンビの印,僵尸之印
1459,ゾンビの秘印,僵尸之秘印
1460,ゾンビの真印,僵尸之真印
1461,石化の印,石化之印
1462,石化の秘印,石化之秘印
1463,石化の真印,石化真印
1464,消化の印,消化之印
1465,消化の秘印,消化秘印
1466,消化の真印,消化真印
1467,スタンの印,眩晕之印
1468,スタンの秘印,眩晕秘印
1469,スタンの真印,眩晕真印
1470,ヌルヌルの印,黏滑之印
1471,ヌルヌルの秘印,黏滑秘印
1472,ヌルヌルの真印,黏滑真印
1473,敏感の印,敏感之印
1474,敏感の秘印,敏感秘印
1475,敏感の真印,敏感真印
1476,恍惚の印,恍惚之印
1477,恍惚の秘印,恍惚之秘印
1478,恍惚の真印,恍惚之真印
1479,誘惑の印,诱惑之印
1480,誘惑の秘印,诱惑之秘印
1481,誘惑の真印,诱惑之真印
1482,失禁の印,失禁之印
1483,失禁の秘印,失禁之秘印
1484,失禁の真印,失禁之真印
1485,物理のペンダント,物理之吊坠
1486,物理のアミュレット,物理之护符
1487,物理のリング,物理之戒指
1488,物理のエンゲージリング,物理之订婚戒指
1489,快楽のペンダント,快乐之吊坠
1490,快楽のアミュレット,快乐之护符
1491,快楽のリング,快乐之戒指
1492,快楽のエンゲージリング,快乐之订婚戒指
1493,炎のペンダント,炎之吊坠
1494,炎のアミュレット,炎之护符
1495,炎のリング,炎之戒指
1496,炎のエンゲージリング,炎之订婚戒指
1497,氷のペンダント,冰之吊坠
1498,氷のアミュレット,冰之护符
1499,氷のリング,冰之戒指
1500,氷のエンゲージリング,冰之订婚戒指
1501,雷のペンダント,雷之吊坠
1502,雷のアミュレット,雷之护符
1503,雷のリング,雷之戒指
1504,雷のエンゲージリング,雷之订婚戒指
1505,風のペンダント,风之吊坠
1506,風のアミュレット,风之护符
1507,風のリング,风之戒指
1508,風のエンゲージリング,风之订婚戒指
1509,土のペンダント,土之吊坠
1510,土のアミュレット,土之护符
1511,土のリング,土之戒指
1512,土のエンゲージリング,土之订婚戒指
1513,水のペンダント,水之吊坠
1514,水のアミュレット,水之护符
1515,水のリング,水之戒指
1516,水のエンゲージリング,水之订婚戒指
1517,聖なるペンダント,神圣吊坠
1518,聖なるアミュレット,神圣护符
1519,聖なるリング,神圣戒指
1520,聖なるエンゲージリング,圣订婚戒指
1521,闇のペンダント,暗之吊坠
1522,闇のアミュレット,暗之护符
1523,闇のリング,暗之戒指
1524,闇のエンゲージリング,暗之订婚戒指
1525,音波のペンダント,音波吊坠
1526,音波のアミュレット,音波之护符
1527,音波のリング,音波之戒指
1528,音波のエンゲージリング,音波之订婚戒指
1529,バイオペンダント,生化吊坠
1530,バイオアミュレット,生化护符
1531,バイオリング,生化戒指
1532,バイオエンゲージリング,生化订婚戒指
1533,エレメンタルペンダント,元素吊坠
1534,エレメンタルアミュレット,元素护符
1535,エレメンタルリング,元素戒指
1536,エレメンタルエンゲージリング,元素订婚戒指
1537,ステータスチェック,弱化抵抗
1538,ステータスガード,弱化防护
1539,デスチェック,即死抵抗
1540,デスガード,即死防护
1541,ヘブンチェック,升天抵抗
1542,ヘブンガード,升天防护
1543,エクスタスチェック,绝顶抵抗
1544,エクスタスガード,绝顶防护
1545,熾天使のお守り,炽天使护符
1546,バインドチェック,束缚抵抗
1547,バインドガード,束缚防护
1548,ポイズンチェック,中毒抵抗
1549,ポイズンガード,中毒防护
1550,ブラインチェック,失明抵抗
1551,ブラインガード,失明防护
1552,サイレスチェック,沉默抵抗
1553,サイレスガード,沉默防护
1554,コンフュチェック,混乱抵抗
1555,コンフュガード,混乱防护
1556,スリープチェック,睡眠抵抗
1557,スリープガード,睡眠防护
1558,パラライチェック,麻痹抵抗
1559,パラライガード,麻痹防护
1560,バーンチェック,燃烧抵抗
1561,バーンガード,燃烧防护
1562,フリーズチェック,冻结抵抗
1563,フリーズガード,冻结防护
1564,ショックチェック,电击抵抗
1565,ショックガード,电击防护
1566,スロウチェック,减速抵抗
1567,スロウガード,减速防护
1568,ストップチェック,停止抵抗
1569,ストップガード,停止防护
1570,ミニマムチェック,缩小抵抗
1571,ミニマムガード,缩小防护
1572,ゾンビチェック,僵尸抵抗
1573,ゾンビガード,僵尸防护
1574,ストーンチェック,石化抵抗
1575,ストーンガード,石化防护
1576,メルトチェック,消化抵抗
1577,メルトガード,消化防护
1578,スタンチェック,眩晕抵抗
1579,スタンガード,眩晕防护
1580,ヌルヌルチェック,黏滑抵抗
1581,ヌルヌルガード,黏滑防护
1582,センシブチェック,敏感抵抗
1583,センシブガード,敏感防护
1584,ラプチャチェック,恍惚抵抗
1585,ラプチャガード,恍惚防护
1586,テンプチェック,诱惑抵抗
1587,テンプガード,诱惑防护
1588,ウリンチェック,失禁抵抗
1589,ウリンガード,失禁防护
1590,ミニリボン,小缎带
1591,リボン,缎带
1592,源氏の小手,源氏护手
1593,短剣の勲章,短剑的奖章
1594,剣の勲章,剑之勋章
1595,巨剣の勲章,巨剑之勋章
1596,尖剣の勲章,尖剑之勋章
1597,魔導剣の勲章,魔导剑之勋章
1598,槍の勲章,枪之勋章
1599,刀の勲章,刀之勋章
1600,忍者刀の勲章,忍者刀之勋章
1601,拳の勲章,拳之勋章
1602,牙の勲章,牙之勋章
1603,斧の勲章,斧之勋章
1604,棍の勲章,棍之勋章
1605,鎌の勲章,镰之勋章
1606,杖の勲章,杖之勋章
1607,ロッドの勲章,法杖之勋章
1608,弓の勲章,弓之勋章
1609,鞭の勲章,鞭子之勋章
1610,竪琴の勲章,竖琴之勋章
1611,ブーメランの勲章,回旋镖之勋章
1612,鉄球の勲章,铁球之勋章
1613,扇の勲章,扇之勋章
1614,包丁の勲章,菜刀之勋章
1615,そろばんの勲章,算盘之勋章
1616,メスの勲章,手术刀之勋章
1617,カードの勲章,卡牌之勋章
1618,皿の勲章,盘之勋章
1619,魔導書の勲章,魔导书之勋章
1620,銃の勲章,铳之勋章
1621,淫具の勲章,淫具之勋章
1622,武道着の勲章,武道服之勋章
1623,鎧の勲章,铠之勋章
1624,ローブの勲章,长袍之勋章
1625,兜の勲章,盔之勋章
1626,魔帽の勲章,魔法帽之勋章
1627,盾の勲章,盾之勋章
1628,シーフの悟り・短剣編,盗贼的领悟・短剑篇
1629,剣士の悟り,剑士的领悟
1630,貴族の悟り,贵族的领悟
1631,侍の悟り,武士的领悟
1632,竜騎士の悟り,龙骑士的领悟
1633,ミノタウロスの悟り,米诺陶洛斯的领悟
1634,鬼神の悟り,鬼神的领悟
1635,死神の悟り,死神的领悟
1636,狩人の悟り,猎人的领悟
1637,魔物使いの悟り,魔物使的领悟
1638,冒険家の悟り,冒险家的领悟
1639,パワーファイターの悟り,力量战士的领悟
1640,踊り子の悟り・扇編,舞者的领悟・扇篇
1641,ガンナーの悟り,铳手的领悟
1642,バトルマスターの悟り,战斗大师的领悟
1643,武道家の悟り,武道家的领悟
1644,白魔導士の悟り,白魔导师的领悟
1645,黒魔導士の悟り,黑魔导师的领悟
1646,時魔導士の悟り,时魔导师的领悟
1647,召喚師の悟り,召唤师的领悟
1648,聖なる悟り,神圣的领悟
1649,闇の悟り,黑暗的领悟
1650,魔法剣士の悟り,魔法剑士的领悟
1651,陰陽師の悟り,阴阳师的领悟
1652,シーフの悟り・盗賊技編,盗贼的领悟・盗贼技篇
1653,忍者の悟り,忍者的领悟
1654,海賊の悟り,海贼的领悟
1655,商人の悟り,商人的领悟
1656,アイテム使いの悟り,物品使用者的领悟
1657,ギャンブラーの悟り,赌徒的领悟
1658,踊り子の悟り・踊り編,舞者的领悟・舞蹈篇
1659,吟遊詩人の悟り,吟游诗人的领悟
1660,話術士の悟り,话术士的领悟
1661,科学者の悟り,科学家的领悟
1662,錬金術師の悟り,炼金术师的领悟
1663,魔導司書の悟り,魔导司书的领悟
1664,技師の悟り,技师的领悟
1665,料理人の悟り,料理人的领悟
1666,医者の悟り,医生的领悟
1667,メイドの悟り,女仆的领悟
1668,王の悟り,王的领悟
1669,勇者の悟り,勇者的领悟
1670,娼婦の悟り,娼妇的领悟
1671,妖魔の悟り・魔技編,妖魔的领悟・魔技篇
1672,人魚の悟り,人鱼的领悟
1673,スライムの悟り,史莱姆的领悟
1674,獣の悟り,兽的领悟
1675,ラミアの悟り,拉米亚的领悟
1676,スキュラの悟り,斯库拉的领悟
1677,ハーピーの悟り,哈比的领悟
1678,妖虫の悟り,妖虫的领悟
1679,アルラウネの悟り,阿娜温的领悟
1680,アンデッドの悟り,不死族的领悟
1681,被造者の悟り,被造者的领悟
1682,フェアリーの悟り,妖精的领悟
1683,ドラゴンの悟り,龙的领悟
1684,ソウルオブアルファ,阿尔法的灵魂
1685,ソウルオブベータ,贝塔的灵魂
1686,ソウルオブシグマ,西格玛的灵魂
1687,ソウルオブデルタ,德尔塔的灵魂
1688,幸せの靴,幸运的鞋子
1689,幸福の靴,幸福的鞋子
1690,究極の靴,究极的鞋子
1691,メイドのヘッドドレス,女仆的头饰
1692,神秘のヘッドドレス,神秘的头饰
1693,究極のヘッドドレス,究极的头饰
1694,たまの鈴,小玉的铃铛
1695,バステトの鈴,芭丝特的铃铛
1696,究極の鈴,究极铃铛
1697,キャットグローブ,猫爪手套
1698,肉球ハンド,肉球手套
1699,肉球レジェンド,肉球传奇
1700,盗賊の腕輪,盗贼手镯
1701,大盗賊の腕輪,大盗贼手镯
1702,盗賊神の腕輪,盗贼神手镯
1703,勧誘のチケット,招募券
1704,魅了のチケット,魅惑券
1705,究極のチケット,究极券
1706,盗賊の手袋,盗贼手套
1707,大盗賊の手袋,大盗贼手套
1708,盗賊神の手袋,盗贼神的手套
1709,エルフのお守り,精灵的护符
1710,エルフの魔晶石,精灵的魔晶石
1711,サソリのお守り,蝎子的护符
1712,サソリの魔晶石,蝎子的魔晶石
1713,人魚のお守り,人鱼的护符
1714,人魚の魔晶石,人鱼的魔晶石
1715,深海魚のお守り,深海鱼的护符
1716,深海魚の魔晶石,深海鱼的魔晶石
1717,コウモリのお守り,蝙蝠的护符
1718,コウモリの魔晶石,蝙蝠的魔晶石
1719,兵士のお守り,士兵的护符
1720,兵士の魔晶石,士兵的魔晶石
1721,守護香,守护香
1722,結界香,结界香
1723,退魔の腕輪,退魔手镯
1724,絶魔の腕輪,绝魔手镯
1725,召魔の腕輪,召魔手镯
1726,還魔の腕輪,还魔手镯
1727,魔王の勲章,魔王之勋章
1728,女神の勲章,女神之勋章
1729,神々の悟り,众神的觉悟
1730,修行リスト,修行手环
1731,瀕死リスト,濒死手环
1732,発情の香水,发情香水
1733,グロウリスト,成长腕带
1734,ハードグロウリスト,困难成长腕带
1735,ジョブリスト,职业腕带
1736,ハードジョブリスト,专注职业手环
1737,うさみみバンド,兔耳发带
1738,占者縛符,占卜师束缚符
1739,話術縛符,谈话术束缚符
1740,メロメロの香水,迷情香水
1741,究極の香水,究极香水
1742,メテオストライク,陨石冲击
1743,ベロリンガール,舔舔女孩
1744,にゃんこ肉球,喵喵肉球
1745,愚神礼讃,愚神礼赞
1746,テスタメント,圣约
1747,シャッフルスキル,技能洗牌
1748,究極の初手,究极先手
1749,ドゥームシステム,末日系统
1750,カオスピラ,混沌之柱
1751,六祖の証,六祖之证
1752,七大天使の証,七大天使的证明
1753,混沌の証,混沌之证
1754,極・盗賊神の手袋,极・盗贼神手套
1755,レミナの指輪,雷米娜的戒指
1756,ギガネ,Giga眼镜
1757,テラネ,Tera眼镜
1758,正史のリング,正史之戒指
1759,カオスのかんざし,混沌发簪
1760,天軍の指輪,天军之戒
1761,明星の指輪,明星的戒指
1762,創世の指輪,创世的戒指
1763,聖者のロザリオ,圣者的念珠
1764,剣聖のハチマキ,剑圣的头巾
1765,MVSP,""
1766,回転ネビュラ,旋转星云
1767,エクスプローダー,爆破者
1768,ゼロ・トレランス,零・容忍
1769,伝説の再来,传说的再现
1770,ガードコンバーター,防御转换器
1771,アタックコンバーター,攻击转换器
1796,##miss,""
1801,ネバネバパンツ,黏糊糊内裤
1802,こあくまインプのパンツ,小恶魔的内裤
1803,おどおどインプのパンツ,发抖小恶魔的内裤
1804,ぐったりインプのパンツ,疲惫小恶魔的内裤
1805,わんわんパンツ,汪汪内裤
1806,ゴブリンパンツ,哥布林内裤
1807,こうもりパンツ,蝙蝠内裤
1808,ミニ竜の腰布,小龙腰布
1809,ネズミ水玉パンツ,鼠娘圆点内裤
1810,フェニックスもふもふパンツ,凤凰绒绒内裤
1811,ウサギ娘のショーツ,兔娘的内裤
1812,羊娘の地味パンツ,羊娘朴素内裤
1813,シェスタのパンツ,谢丝塔的内裤
1814,スズメ娘の羽毛パンツ,麻雀娘的羽毛内裤
1815,ナメクジ高級パンツ,蛞蝓高档内裤
1816,ナメクジシスターパンツ,蛞蝓修女内裤
1817,かぼちゃパンツ,南瓜内裤
1818,ダークエルフショーツ,暗精灵短裤
1819,ダークエルフパンツ,暗精灵内裤
1820,妖精のミニミニパンツ,妖精的迷你迷你内裤
1821,妖狐のひよこパンツ,妖狐的小鸡内裤
1822,かむろのパンツ,神室的内裤
1823,ミミックパンツ,宝箱怪内裤
1824,モリガンパンツ,摩莉甘内裤
1825,257ページのパンツ,257页的内裤
1826,65537ページのパンツ,65537页的内裤
1827,シスキュバスのパンツ,修女魅魔的内裤
1828,アリクイパンツ,食蚁兽内裤
1829,ゴーストパンツ,幽灵内裤
1830,ドールパンツ,人偶内裤
1831,ゾンビ剣士のパンツ,僵尸剑士的内裤
1832,ゾンビ娘のギリギリパンツ,僵尸娘的紧身内裤
1833,ゾンビ娘の黒パンツ,僵尸娘的黑色内裤
1834,ゾンビ娘の赤パンツ,僵尸娘的红内裤
1835,ゾンビエルフのパンツ,僵尸精灵的内裤
1836,フレデリカのパンツ,芙蕾德莉卡的内裤
1837,クロムちゃんパンツ,库洛姆酱内裤
1838,エルフのパンツ,精灵的内裤
1839,ブラウニーズミニパンツ,棕精灵迷你内裤
1840,双子妖精のミニミニパンツ,双胞胎妖精的迷你内裤
1841,妖精達のミニミニパンツ,妖精们的迷你内裤
1842,シルフパンツ,希尔芙内裤
1843,ミノタウロスパンツ,米诺陶洛斯内裤
1844,エヴァパンツ,伊娃内裤
1845,アスタロトパンツ,阿斯塔洛特内裤
1846,アイドルパンツ,偶像内裤
1847,デビルファイターパンツ,恶魔战士内裤
1848,村娘のパンツ,村姑的内裤
1849,リリィのロイヤルパンツ,莉莉的皇家内裤
1850,小鬼のふんどし,小鬼的兜裆布
1851,ナーキュバスのパンツ,护士魅魔的内裤
1852,百々目鬼の腰布,百目鬼的腰布
1853,盗賊竜のスポーツパンツ,盗贼龙的体育内裤
1854,盗賊竜のブランドパンツ,盗贼龙的奢侈内裤
1855,盗賊竜のサポートパンツ,盗贼龙的支撑内裤
1856,蜃気楼のひよこパンツ,海市蜃楼的雏鸡内裤
1857,ノームパンツ,诺姆内裤
1858,絵画のパンツ,绘画的内裤
1859,襖の溶解ふんどし,袄的溶解兜裆布
1860,一反木綿娘のふんどし,一反木绵娘的兜裆布
1861,お花の香りパンツ,花香内裤
1862,幽霊娘のパンツ,幽灵娘的内裤
1863,ハコイリパンツ,箱中千金的内裤
1864,デュラハンのパンツ,杜拉罕的内裤
1865,アルマエルマのパンツ,阿露艾露玛的内裤
1866,グランベリアのパンツ,古兰贝莉娅的内裤
1867,斉天大聖のふんどし,齐天大圣的兜裆布
1868,ハイミノタウロスパンツ,高阶米诺陶洛斯内裤
1869,ミズタウロスパンツ,米诺陶洛斯女士内裤
1870,ジニタウロスパンツ,技师米诺陶洛斯内裤
1871,牛魔王のパンツ,牛魔王的内裤
1872,くのいちエルフのふんどし,女忍精灵的兜裆布
1873,サムライエルフのふんどし,武士精灵的兜裆布
1874,雪女のパンツ,雪女的内裤
1875,あかなめパンツ,垢舐鬼的内裤
1876,二口娘のロリパン,二口娘的萝莉内裤
1877,毛倡妓パンツ,毛倡妓内裤
1878,マジカルアゲハのパンツ,魔法凤蝶的内裤
1879,マジカルフライのパンツ,魔法飞蛾的内裤
1880,マジカルテントウのパンツ,魔法瓢虫的内裤
1881,マジカルピクシーのパンツ,魔法皮克西的内裤
1882,マジカルエルフのパンツ,魔法精灵的内裤
1883,ケツァルパンツ,羽蛇神内裤
1884,シオンのパンツ,锡安的内裤
1885,パイズリ人形のパンツ,乳交人偶的内裤
1886,メデューサのTバック,美杜莎的T字裤
1887,あげはパンツ,凤蝶娘的内裤
1888,フェイクジェリーのパンツ,假水母的内裤
1889,ナイトハーピーのパンツ,骑士哈比的内裤
1890,くのいち三尾のふんどし,女忍三尾的兜裆布
1891,もののふ四尾のふんどし,武士四尾的兜裆布
1892,リリスパンツ,莉莉丝内裤
1893,サキュバスのVパンツ,魅魔的V型内裤
1894,サキュバスの赤パンツ,魅魔的红色内裤
1895,サキュバスのぴっちりパンツ,魅魔的紧身内裤
1896,サキュバスのふんわりパンツ,魅魔的蓬松内裤
1897,メイキュバスのパンツ,女仆魅魔的内裤
1898,キャンディパンツ,坎蒂内裤
1899,妖鬼のふんどし,妖鬼的兜裆布
1900,ヴァンパイアパンツ,吸血鬼内裤
1901,ウィッチサキュバスのパンツ,女巫魅魔的内裤
1902,アマゾネスエルフのパンツ,亚马逊精灵的内裤
1903,ジャイアントパンツ,巨型内裤
1904,クィーンフェアリーのパンツ,妖精女王的内裤
1905,クィーンエルフのパンツ,精灵女王的内裤
1906,コンキスタのパンツ,征服者的内裤
1907,ヴェンデッタのパンツ,仇杀者的内裤
1908,カーミラのパンツ,卡米拉的内裤
1909,エリザベートのパンツ,伊丽莎白的内裤
1910,吸血女王のパンツ,吸血女王的内裤
1911,マスターシャドウのパンツ,幽影之主的内裤
1912,キリンパンツ,麒麟内裤
1913,蛇骨パンツ,蛇骨内裤
1914,格闘淫魔のパンツ,格斗淫魔的内裤
1915,格闘妖魔のパンツ,格斗妖魔的内裤
1916,黒華のパンツ,黑华的内裤
1917,黒薔薇のパンツ,黑蔷薇的内裤
1918,黒のアリスのパンツ,黑之爱丽丝的内裤
1919,氷の魔女のパンツ,冰之魔女的内裤
1920,天使兵のパンツ,天使兵的内裤
1921,トリニティのパンツ,三位一体的内裤
1922,キューピッドのパンツ,丘比特的内裤
1923,ヴァルキリーのパンツ,瓦尔基里穿过的内裤
1924,ソニアパンツ,索尼娅的内裤
1925,フェルナンデスのパンツ,费尔南德斯的内裤
1926,タイタニアのパンツ,缇坦妮雅的内裤
1927,先代ハーピーのパンツ,前代哈比的内裤
1928,玉藻のふんどし,玉藻的兜裆布
1929,ホリィパンツ,霍莉内裤
1930,リノアパンツ,莉诺雅内裤
1931,ハイネパンツ,海涅内裤
1932,キリエパンツ,姬莉叶内裤
1933,ギャルのパンツ,辣妹的内裤
1934,ターサのパンツ,塔莎的内裤
1935,エストのパンツ,艾斯特的内裤
1936,ミュスカのパンツ,缪丝卡的内裤
1937,ネメアのパンツ,涅梅雅的内裤
1938,ヴィヌムのパンツ,薇诺姆的内裤
1939,フルビュアのパンツ,芙尔维娅的内裤
1940,ギルゴーンのパンツ,吉尔贡的内裤
1941,ベルのパンツ,贝尔的内裤
1942,リラのパンツ,莉拉的内裤
1943,ミュゼットのパンツ,缪泽特的内裤
1944,エクスキューショナーのパンツ,艾斯丘雪娜的内裤
1945,オーガトゥースのパンツ,奥伽图丝的内裤
1946,ミステルテインのパンツ,米斯特汀的内裤
1947,夢魔のパンツ,梦魔的内裤
1953,魔王のパンツ,魔王的内裤
1954,死神のパンツ,死神的内裤
1955,ミカエラのパンツ,米迦艾拉的内裤
1956,ルシフィナのパンツ,路西菲娜的内裤
1959,コックローチパンツ,蟑螂内裤
1960,スピードローチパンツ,迅捷蟑螂内裤
1961,たぬきパンツ,狸猫内裤
1962,上狸のふんどし,上狸的兜裆布
1963,忍狸のふんどし,忍狸的兜裆布
1964,隠神刑部狸のパンツ,隐神刑部狸的内裤
1965,黒狸のパンツ,黑狸的内裤
1966,ヒミコのふんどし,卑弥呼的兜裆布
1967,くのいちエルフのふんどし,女忍精灵的兜裆布
1968,くのいちサキュバスのパンツ,女忍魅魔的内裤
1969,くのいちハーピーのパンツ,女忍哈比的内裤
1970,くのいちスキュラのパンツ,女忍斯库拉的内裤
1971,くのいちアラクネのパンツ,女忍阿拉克涅的内裤
1972,エルフ姫のパンツ,精灵公主的内裤
1973,八尾のふんどし,八尾的兜裆布
1974,エルダーサキュバスのパンツ,长老魅魔的内裤
1975,陰陽五尾のふんどし,阴阳五尾的兜裆布
1976,花魁六尾のパンツ,花魁六尾的内裤
1977,たまものふんどし,玉藻的兜裆布
1978,エデンのパンツ,伊甸的内裤
1979,15代魔王のパンツ,15代魔王的内裤
1980,アモルラームのパンツ,阿莫尔忆体的内裤
1981,アモルリームのパンツ,阿莫尔肢体的内裤
1982,マリエルパンツ,玛丽艾尔内裤
1983,淫乳天女のふんどし,淫乳天女的兜裆布
1984,アリエルパンツ,阿莉艾尔内裤
1985,ラタエルのパンツ,菈塔艾尔的内裤
1986,ガブリエラのパンツ,加百艾拉的内裤
1987,サビリエルのパンツ,萨比莉艾尔的内裤
1988,サリエラのパンツ,沙利艾拉的内裤
1989,ドッペルパンツ,克隆体的内裤
1990,キメラバグのパンツ,奇美拉虫的内裤
1991,ラプラスパンツ,拉普拉斯的内裤
1992,フーリエルのパンツ,傅里艾尔的内裤
1993,ハンディロイドのパンツ,巧手机器人的内裤
1994,メタトローネのパンツ,梅塔特隆妮的内裤
1995,メイド天使のパンツ,女仆天使的内裤
1996,コック天使のパンツ,厨师天使的内裤
1997,ワイティエルのパンツ,怀蒂艾尔的内裤
1998,小イリアスのパンツ,小伊莉娅丝的内裤
1999,イヌエルパンツ,伊努艾尔的内裤
2000,ホルミエルのパンツ,霍尔米艾尔的内裤
2001,ジルフィのパンツ,吉尔菲的内裤
2002,シグルドパンツ,希格德内裤
2003,シリエルのパンツ,希莉艾尔的内裤
2004,アサシンロイドのパンツ,刺客机器人的内裤
2005,ユリエルのパンツ,尤莉艾尔的内裤
2006,メルシエルのパンツ,梅尔希艾尔的内裤
2007,キュビエルのパンツ,丘比艾尔的内裤
2008,イリアスのパンツ,伊莉娅丝的内裤
2009,フェンリルのパンツ,芬里尔的内裤
2010,グレートオークのパンツ,巨兽人的内裤
2011,ランキュバスのパンツ,枪兵魅魔的内裤
2012,リーキュバスのパンツ,贪吸魅魔的内裤
2013,エヴァの女王パンツ,伊娃女王内裤
2014,ヴェルラウネのパンツ,丝绒娜温的内裤
2015,ネペンデスのパンツ,食人花的内裤
2016,薔薇貴族のパンツ,蔷薇贵族的内裤
2017,アスラのふんどし,阿修罗的兜裆布
2018,パンドラパンツ,潘多拉内裤
2019,グリモワールのパンツ,格里莫瓦的内裤
2020,三口あかなめのパンツ,三口垢舐鬼的内裤
2021,猫神のパンツ,猫神内裤
2022,銀鬼のパンツ,银鬼内裤
2023,ガルフォックスのパンツ,伽利狐的内裤
2025,ローキュバスのパンツ,领主魅魔的内裤
2026,テスタロッサのパンツ,特斯塔罗飒的内裤
2027,シヴァのふんどし,湿婆的兜裆布
2028,アルキュバスのパンツ,炼金魅魔的内裤
2029,レスキュバスのパンツ,丝带魅魔的内裤
2030,グラナバスのパンツ,熟女魅魔的内裤
2031,ハーゲンベックのパンツ,哈根贝克的内裤
2032,サンタマリアのパンツ,圣玛利亚的内裤
2033,切り裂きエリスのパンツ,开膛手厄里斯的内裤
2034,ジャイアントセーラのパンツ,巨人莎拉的内裤
2035,パイズリ人形Mk.2のパンツ,""
2036,ラブマータのパンツ,爱情人偶的内裤
2037,ブラヴァツキーのパンツ,布拉瓦茨基的内裤
2038,影紬のこうもりパンツ,影䌷的蝙蝠内裤
2039,黄泉蜘蛛のふんどし,黄泉蜘蛛的兜裆布
2040,魁狐々のふんどし,魁狐狐的兜裆布
2041,蘭天狗のパンツ,兰天狗的内裤
2042,ナンキュバスのパンツ,玉女魅魔的内裤
2043,メフィストのパンツ,梅菲斯特的内裤
2044,ハイバフォメットのパンツ,高阶巴风特的内裤
2045,ローグエルフのパンツ,叛逆精灵的内裤
2046,3代魔王のパンツ,三代魔王的内裤
2047,6代魔王のふんどし,六代魔王的兜裆布
2048,7代魔王のパンツ,七代魔王的内裤
2049,9代魔王のパンツ,九代魔王的内裤
2050,13代魔王のパンツ,十三代魔王的内裤
2051,14代魔王のパンツ,十四代魔王的内裤
2052,阿吽のふんどし,阿吽的兜裆布
2053,ドラゴンヘッドのパンツ,龙首的内裤
2054,タオのふんどし,道的兜裆布
2055,邪神のパンツ,邪神内裤
2056,前鬼のふんどし,前鬼的兜裆布
2057,後鬼のふんどし,后鬼的兜裆布
2058,イズンのパンツ,伊敦的内裤
2059,ネリスのパンツ,妮莉丝的内裤
2060,アピロ・ラゴスのパンツ,阿皮洛・拉戈斯的内裤
2061,エクス・ソニアのパンツ,艾克斯・索尼娅的内裤
2062,アンゴルモアのパンツ,安哥尔摩亚的内裤
2063,ラジャーラのふんどし,拉贾拉的兜裆布
2064,メギドリアードのパンツ,米吉多树精的内裤
2065,アプサラスのパンツ,阿普萨拉丝的内裤
2066,アザゼルのパンツ,阿撒兹勒的内裤
2067,グリゴリのパンツ,守望者的内裤
2068,マガツオオミカミの禁衣,祸津大御神的禁衣
2069,ブラッディドラゴンのパンツ,血龙的内裤
2070,サマエルのパンツ,萨麦尔的内裤
2071,シャドウアサシンのパンツ,影之刺客的内裤
2072,竜の腰布,龙腰布
2073,ノーライフキングのパンツ,无生之王的内裤
2074,アメノハヅチのパンツ,天羽槌的内裤
2075,八尺様のパンツ,八尺大人的内裤
2076,ニフタ・テロスのパンツ,尼菲特・泰罗斯的内裤
2077,アリスフィーズ10世のパンツ,爱丽丝菲兹10世的内裤
2078,アリスフィーズ12世のパンツ,爱丽丝菲兹12世的内裤
2079,盗賊鬼のパンツ,盗贼鬼的内裤
2080,盗賊吸血鬼のパンツ,盗贼吸血鬼的内裤
2081,マダムラミアのパンツ,拉米亚夫人的内裤
2082,サタナキアのパンツ,萨塔妮基亚的内裤
2083,パイズリ人形終異体のパンツ,乳交人偶终异体的内裤
2084,呪いの人形終異体のパンツ,诅咒人偶终异体的内裤
2085,白天狐のふんどし,白天狐的兜裆布
2086,妙法絡新婦のふんどし,妙法络新妇的兜裆布
2087,全てを識る者のパンツ,全知者的内裤
2088,次元侵蝕者のパンツ,次元侵蚀者的内裤
2089,フェニックスもふもふ大人パンツ,凤凰毛茸茸大人内裤
2090,ダークフェニックスのパンツ,黑暗凤凰的内裤
2091,星喰いのパンツ,星喰的内裤
2092,虚竜のパンツ,虚龙的内裤
2093,インドラのパンツ,因陀罗的内裤
2094,トンベリ娘のパンツ,冬贝利娘的内裤
2095,ベルゼバブ終異体のパンツ,别西卜终异体的内裤
2096,アガリアレプトのパンツ,阿加利亚雷普特的内裤
2097,カオスのパンツ,混沌的内裤
2501,服,""
2502,巫女服,""
2503,白衣,""
2504,流行,""
2505,制服,""
2506,時代,时代
2507,軍服,军服
2508,燕尾服,""
2509,聖衣,圣衣
2510,闇衣,暗衣
2511,ウェア,服装
2512,ワンピース,连衣裙
2513,シャツ,衬衫
2514,セーター,毛衣
2515,トレンディ,时尚
2516,ジャージ,运动服
2517,ユニフォーム,制服
2518,セーラー,水手服
2519,スーツ,西装
2520,ベスト,背心
2521,カムイ,神威
2522,ジャスティススーツ,正义套装
2523,プロトコルゼロ,零协议
2524,ナイチンゲール,南丁格尔
2525,サンタナ,桑塔纳
2526,ナイトメアセーター,噩梦毛衣
2527,ガンスリンガーコート,枪手大衣
2528,求道者の黒衣・紬碧,求道者的黑衣・绢碧
2529,求道者の白衣・瞑目,求道者的白衣・瞑目
2530,侵蝕され尽くしたコート,被侵蚀殆尽的斗篷
2531,ブレイブフルフォース,勇气之力
2551,拳法着,拳法服
2552,胴着,上身服
2553,腰巻き,腰卷
2554,激闘,激斗
2555,鍛錬,锻炼
2556,大極,大极
2557,武侠,""
2558,鉄血,铁血
2559,武道着,武道服
2560,装束,""
2561,ジャケット,夹克
2562,モンク,僧侣
2563,バトラー,战士
2564,フィンガー,手指
2565,パニック,恐慌
2566,キック,踢
2567,カンフー,功夫
2568,アクション,动作
2569,アーツ,技艺
2570,スピリッツ,精神
2571,怒りのドラゴン,愤怒的龙
2572,天剣の衣,天剑之衣
2573,影衣,""
2574,エメラルドハート,翡翠之心
2575,シオンの闘衣,锡安的战斗服
2576,リリスの魔装束,莉莉丝的魔装束
2577,アンリミテッドアサルト,无限突击
2578,神闘衣オシリス,神斗衣奥西里斯
2601,胸当て,胸甲
2602,憂鬱,忧郁
2603,守り,守护
2604,ねこ,猫
2605,逃亡,""
2606,魔物,""
2607,望み,愿望
2608,黎明,""
2609,豪傑,豪杰
2610,闘志,斗志
2611,プレート,胸甲
2612,チェスト,胸甲
2613,ガード,防御
2614,ケイジ,监狱
2615,サファリ,狩猎
2616,ハッスル,活力
2617,マン,男人
2618,スティール,钢铁
2619,レンジャー,游侠
2620,サバイブ,生存
2621,ヘルメスガード,赫尔墨斯护甲
2622,タイドタイガー,潮汐虎
2623,触手装甲,""
2624,アトラス,阿特拉斯
2625,バッカニア,巴卡尼亚
2626,ワールドトレーダー,世界商人
2627,ヒルベルト増幅装甲・最終型,希尔伯特增幅装甲・最终型
2628,神竜の胸当て,神龙胸甲
2629,ラストアーク,最终弧光
2651,鎧,铠
2652,砂漠,沙漠
2653,諦観,谛观
2654,秘密,""
2655,闘技場,斗技场
2656,王子,""
2657,将星,""
2658,遺産,遗产
2659,掟,""
2660,信念,""
2661,アーマー,盔甲
2662,チェイン,链条
2663,ロウ,罗
2664,シークレット,秘密
2665,ウォーズ,战争
2666,ジャック,杰克
2667,マイスター,工匠
2668,レガシー,遗产
2669,ライン,线
2670,レイダー,掠夺者
2671,メンアットアームズ,武器在手
2672,エレメントガード,元素守护
2673,屍者の黒鎧,尸者的黑铠
2674,原罪の蛇,原罪之蛇
2675,ゴッドクロス,神之十字
2676,ハインの輝黒鎧,海因的辉黑铠
2677,紅星の鎧,红星之铠
2701,重鎧,重铠
2702,甲冑,铠甲
2703,自由,""
2704,罪,""
2705,罰,罚
2706,悪魔,恶魔
2707,聖鎧,圣铠
2708,魔鎧,魔铠
2709,騎士道,骑士道
2710,正義,正义
2711,アーマー,盔甲
2712,メイル,铠甲
2713,クロス,十字
2714,オーバー,超越
2715,ウィッシュ,愿望
2716,リバティ,自由
2717,クラッド,覆层
2718,ジャスティス,正义
2719,フリーダム,自由
2720,マクシミリアン,马克西米利安式板甲
2721,楯無,楯无
2722,英雄の輝鎧,英雄的光辉铠
2723,飛竜鎧,飞龙铠
2724,ヘビーパワード,重型动力
2725,魔帝衣グレゴリア,魔帝衣格雷戈里亚
2726,灰燼の王,灰烬之王
2727,四聖南覇朱雀の鎧,四圣南霸朱雀之铠
2728,八色万華鎧,八色万华铠
2729,グロリアスオメガ,辉煌欧米伽
2730,混沌英雄の鎧,混沌英雄之铠
2731,英雄の夢幻鎧,英雄的梦幻铠
2732,源氏の鎧・マガツ,源氏之铠・祸津
2733,神機装甲XIII,神机装甲XIII
2734,覇竜炎帝の鎧,霸龙炎帝之铠
2735,冥府黄泉桜鎧,冥府黄泉樱铠
2736,魔閤覇王鎧,魔阁霸王铠
2737,邪神覇皇の鎧,邪神霸皇铠
2738,魔神の鎧,魔神之铠
2739,天軍聖鎧,天军神圣铠
2740,エキドナ,厄喀德那
2741,覇天鎧アテナ,霸天铠雅典娜
2801,甲羅,甲壳
2802,亀甲,龟甲
2803,河童,""
2804,卒業,毕业
2805,巨亀,巨龟
2806,背甲,""
2807,荒熊,""
2808,巨象,""
2809,道化,""
2810,寓話,寓言
2811,シェル,壳
2812,タートル,龟壳
2813,アナル,肛门
2814,ポーズ,姿势
2815,ボーグ,博格
2816,ベア,熊
2817,エレファント,大象
2818,シニスター,小丑
2819,スケイル,鳞片
2820,レギオン,军团
2821,プレセペ,普雷塞佩
2822,ナノデバイス,纳米设备
2823,マイティビートル,强力甲虫
2824,ガイアガーダー,大地守护者
2825,ヌルヌール,滑溜溜
2826,森羅万象の甲羅,森罗万象的甲壳
2827,リボンズシェル,缎带甲壳
2828,魔甲アルケロン,魔甲阿尔凯隆
2829,ハイブマインド,蜂巢思维
2830,侵蝕された甲羅,被侵蚀的甲壳
2851,法衣,""
2852,末裔,""
2853,隠者,隐者
2854,信仰,""
2855,殉教,""
2856,儀式,仪式
2857,導衣,导衣
2858,血族,""
2859,異端,异端
2860,狂信,""
2861,ローブ,长袍
2862,ボレロ,薄罗
2863,ケープ,披风
2864,フール,愚者
2865,ホープ,希望
2866,ミステリー,神秘
2867,イノセント,无辜
2868,ビショップ,主教
2869,ドグマ,教义
2870,タブー,禁忌
2871,永劫のローブ,永恒长袍
2872,終焉のローブ,终结长袍
2873,神々の足跡,众神的足迹
2874,プラネットガイア,行星盖亚
2875,フィロソフィア,哲学
2876,ニライカナイ,龙宫
2877,奈落の纏,奈落之缠
2878,九尾の魔装,九尾魔装
2879,魔装バハムートロード,魔装巴哈姆特主宰
2880,グノーシスローブ,格诺西丝长袍
2881,カナデローブ,祸抚袍
2882,聖百合のローブ,圣百合之袍
2883,千樹華音のローブ,千树华音之袍
2884,デバイスロード,机械主宰
2885,終末ワンダーランド,终末仙境
2886,次元侵蝕者のローブ,次元侵蚀者长袍
2887,輪廻のローブ,轮回之袍
2888,永劫と終焉のローブ,永劫与终焉之袍
2951,人妻,""
2952,花嫁,新娘
2953,恋人,""
2954,処女,处女
2955,姫,""
2956,悪女,恶女
2957,羽衣,""
2958,抱擁,拥抱
2959,結婚,结婚
2960,王女,""
2961,ドレス,礼服
2962,パーティ,队伍
2963,コート,外套
2964,ビューティ,美丽
2965,ウェディング,婚礼
2966,ブライド,新娘
2967,スパンコール,亮片
2968,プリンセス,公主
2969,エンプレス,女皇
2970,レインボー,彩虹
2971,コノハナサクヤ,此花咲耶
2972,ニヴルヘイム,尼福尔海姆
2973,守護天使のドレス,守护天使的礼服
2974,シンデレラ,灰姑娘
2975,マテリアルガール,材料女孩
2976,黒ノ衣,黑之衣
2977,究極神姫のドレス,究极神姬的礼服
2978,グランドマスタードレス,至尊大师礼服
2979,創世開闢女神のドレス,创世开辟女神的礼服
2980,昏き深海のドレス,昏暗深海之礼服
2981,ドールズクィーン,人偶女王
2982,カオスドレス,混沌礼服
3051,下着,内衣
3052,露出,""
3053,おっぱい,胸部
3054,性欲,""
3055,乱交,""
3056,自慰,""
3057,水着,泳装
3058,魅惑,""
3059,欲望,""
3060,悩殺,诱惑
3061,パンツ,内裤
3062,ブラ,胸罩
3063,ビキニ,比基尼
3064,スケベ,色狼
3065,エッチ,色情
3066,オナニー,自慰
3067,ハイレグ,高叉泳装
3068,レオタード,紧身衣
3069,ビスチェ,胸衣
3070,ビーナス,维纳斯
3071,叛逆天使の墜落,叛逆天使的坠落
3072,オルギア,奥尔吉亚
3073,エロスの化身,爱欲的化身
3074,サイボーグビキニ,赛博格比基尼
3075,超神乳のブラ,超神乳胸罩
3076,バビロンの大淫婦,巴比伦的大淫妇
3077,聖母の薄衣,圣母的薄衣
3078,マーベルレオタード,奇迹紧身衣
3079,ディーノサイド,迪诺赛德
3080,ナノレオタード,纳米紧身衣
3081,深き混沌のブラ,深层混沌之胸罩
3082,四精霊のビスチェ,四精灵比基尼
3083,レッドロマンス,红色浪漫
3084,トリプルエデンの衣,三重伊甸之衣
3085,ラブアンドガイア,爱与盖亚
3086,聖衣・黙示二十七ノ明星,圣衣・默示二十七之星
3151,帽子,""
3152,頭巾,头巾
3153,被り物,覆盖物
3154,彼女,她
3155,髪型,发型
3156,休日,假日
3157,舞台,""
3158,美女,""
3159,狡猾,""
3160,放浪,流浪
3161,ハット,帽子
3162,フード,兜帽
3163,ファック,插入
3164,デート,约会
3165,キャップ,鸭舌帽
3166,ニット,针织帽
3167,バニー,兔女郎
3168,ヘア,发型
3169,ターバン,头巾
3170,ベレー,贝雷帽
3171,紅闘気,红斗气
3172,パイレーツクィーン,海盗女王
3173,ブーストメイデン,侍奉女仆
3174,ベレニケハット,贝勒尼基帽
3175,アルセーヌ,阿尔塞恩
3176,蒼穹の大翼,苍穹大翼
3177,アンチライフマター,反生命物质
3178,クィーンロイヤル,皇家女王
3179,量子観測バイザー,量子观测护目镜
3180,求道者の黒頭巾・流影,求道者的黑头巾・流影
3181,侵蝕され尽くした帽子,被侵蚀殆尽的帽子
3182,永劫の白兎帽子,永劫的白兔帽子
3183,終焉の死神フード,终焉的死神兜帽
3201,兜,盔
3202,面,""
3203,恥辱,耻辱
3204,息吹,气息
3205,軍団,军团
3206,捕虜,俘虏
3207,旅団,旅团
3208,旗印,""
3209,慈悲,""
3210,真実,真实
3211,メット,头盔
3212,マスク,面具
3213,マスカレード,假面舞会
3214,リアル,真实
3215,フラッグ,旗帜
3216,ローグ,盗贼
3217,フューラー,狂怒
3218,マーベラス,非凡
3219,ヘッド,头部
3220,アバター,化身
3221,イェニ・チェリ,耶尼・切里
3222,栄輝の兜,荣耀之盔
3223,オートフォース,自动力量
3224,ジャスティスメット,正义头盔
3225,螺旋竜角兜,螺旋龙角盔
3226,竜角神速の兜,龙角神速之盔
3227,マスターパイレーツ,海盗大师
3228,CHエクスコンバーター,CH超转换器
3229,紅星の兜,红星之盔
3251,兜,盔
3252,高潔,高洁
3253,傲慢,""
3254,牢獄,监狱
3255,意志,""
3256,友情,友情
3257,聖兜,圣盔
3258,魔兜,魔盔
3259,使徒,""
3260,契約,契约
3261,ヘルム,头盔
3262,ハンサム,帅哥
3263,コリュス,科利乌斯
3264,ガリア,加利亚
3265,サーリット,萨利特
3266,アーメット,阿梅特
3267,オリジン,起源
3268,フェイス,面容
3269,レジスタンス,反抗军
3270,トゥルース,真实
3271,ロードマキシム,罗德・马克斯
3272,ハイセキュリティー,高安全性
3273,英雄の輝兜,英雄的光辉盔
3274,支配する者,支配者
3275,神武者の兜,神武者之盔
3276,四聖東覇青龍の兜,四圣东霸青龙之盔
3277,光の竜虎,光之龙虎
3278,混沌英雄の兜,混沌英雄之盔
3279,英雄の夢幻兜,英雄的梦幻盔
3280,源氏の兜・マガツ,源氏之盔・祸津
3281,桜花闇修羅兜,樱花暗修罗之盔
3282,覇竜炎帝の兜,霸龙炎帝之盔
3283,冥府黄泉神守,""
3284,最終神機ヘッドXA,最终神机头部XA
3285,究極超重滅兜,究极超重灭盔
3286,魔を統べる者の兜,统御魔物者之盔
3287,魔閤覇王兜,魔阁霸王盔
3288,邪神覇皇の兜,邪神霸皇之盔
3289,魔神の兜,魔神之盔
3290,天軍聖兜,天军圣盔
3351,魔帽,""
3352,宮殿,宫殿
3353,烏帽子,乌帽子
3354,星空,""
3355,魔女,""
3356,左道,""
3357,銀河,银河
3358,昴,""
3359,光,""
3360,加護,加护
3361,サークレット,头环
3362,デネブ,德尼布
3363,スピカ,斯皮卡
3364,ステパノ,斯泰帕诺
3365,マギ,玛吉
3366,アルタイル,阿尔泰尔
3367,プリズム,棱镜
3368,キャスター,卡斯塔
3369,シリウス,西里乌斯
3370,ベガ,贝加
3371,ライトディライト,光之光辉
3372,上弦の月,上弦之月
3373,テラソーサラー,大地召唤师
3374,サイ・ワーム,心灵蠕虫
3375,闇の法王,暗之教皇
3376,マーメイドロード,人鱼主宰
3377,サードアイ,第三只眼
3378,神竜のサークレット,神龙头环
3379,四精霊のロンド,四精灵的旋律
3380,神魔兎々,神魔兔兔
3381,天罰神雷のサークレット,天罚神雷头环
3382,ノーライフキング,无生之王
3383,輪廻のサークレット,轮回头环
3401,髪飾り,发饰
3402,蕾,""
3403,百合,百合
3404,金星,""
3405,水星,""
3406,火星,""
3407,帝冠,""
3408,財宝,财宝
3409,王冠,""
3410,玉座,""
3411,ティアラ,冠饰
3412,クラウン,冠冕
3413,ヴェール,面纱
3414,コロネット,头饰
3415,アイドル,偶像
3416,サービス,服务
3417,インペリアル,帝国
3418,ハーレム,后宫
3419,ロイヤル,皇家
3420,グロリア,格洛丽亚
3421,オメガティアラ,欧米伽冠饰
3422,シリコンギア,硅胶装备
3423,アトランティス,亚特兰蒂斯
3424,世界樹の冠,世界树之冠
3425,天啓のティアラ,天启之冠饰
3426,アルカディア,阿尔卡迪亚
3427,千蛇の女王,千蛇女王
3428,聖百合のティアラ,圣百合之冠饰
3429,熾天使の冠・聖天歓喜,炽天使之冠・圣天欢喜
3430,花嫁のヴェール,新娘的面纱
3431,竜姫炎皇の王冠,龙姬炎皇的王冠
3432,パンスペルミア,泛种论
3433,ナイトメアティアラ,噩梦冠饰
3434,聖母の魔冠,圣母的魔冠
3435,フェニックスクラウン,不死鸟之冠
3436,ナノクラウンジェル,纳米皇冠凝胶
3437,創世開闢女神のティアラ,创世开辟女神之冠饰
3438,聖冠・福音二十四ノ明星,圣冠・福音二十四之明星
3439,魔神のティアラ,魔神之冠饰
3451,盾,""
3452,不幸,""
3453,小盾,""
3454,手盾,""
3455,温情,""
3456,円盾,圆盾
3457,令嬢,""
3458,誓い,誓言
3459,幸福,""
3460,約束,""
3461,シールド,""
3462,バックラー,""
3463,アスピス,""
3464,ランタン,""
3465,スィート,甜蜜
3466,サークル,""
3467,ラウンド,""
3468,センス,""
3469,コンプレックス,""
3470,エディション,""
3471,カッサンドラ,卡桑德拉
3472,リフレクター,反射器
3473,八咫烏,八咫乌
3474,シャーデンフロイデ,幸灾乐祸
3475,ユグドラシルの盾,世界树之盾
3476,ライトエレメント・プラス,元素光增强版
3477,マザートーラー,母亲之塔
3478,サイ・フィールド,心灵领域
3501,盾,""
3502,愚者,""
3503,兵士,士兵
3504,団牌,团牌
3505,執着,执着
3506,教練,教练
3507,防衛,防御
3508,悪霊,恶灵
3509,試練,试炼
3510,奈落,""
3511,シールド,""
3512,ポーン,卒
3513,ホプロン,霍普隆
3514,ハード,硬
3515,ガーダー,守卫
3516,キャッスル,城堡
3517,ロード,主宰
3518,ライオット,莱奥特
3519,エスコート,护送
3520,イージス,埃癸斯
3521,セカンドイージス,第二埃癸斯
3522,毘沙門天,毗沙门天
3523,パーフェクトサイド,完美侧翼
3524,ルーンガード,符文守护
3525,マーベラスプロテクト,华丽防护
3526,ミカガミトリニティ,御影神盾
3527,メガビームシールド,巨型光束盾
3528,オーディガス,奥德加斯
3529,月天装,""
3530,輪廻の盾,轮回之盾
3531,永劫の盾,永劫之盾
3532,終焉の盾,终焉之盾
3533,紅星の盾,红星之盾
3534,創世開闢女神の盾,创世开辟女神之盾
3535,アンゴルモア,安哥尔摩亚
3551,盾,""
3552,大盾,""
3553,将軍,将军
3554,城壁,城墙
3555,勝利,胜利
3556,巨山,""
3557,巨盾,""
3558,聖盾,圣盾
3559,魔盾,""
3560,装甲,""
3561,シールド,""
3562,ウォール,城墙
3563,ルーク,卢克
3564,ディフレクト,反射
3565,アルゴス,阿尔戈斯
3566,スクトゥム,斯库托姆
3567,ビクトリー,胜利
3568,マックス,马克斯
3569,ガーダー,守卫
3570,ジエンド,杰恩多
3571,ガーディアン,守护者
3572,羅生門,罗生门
3573,不動,不动
3574,ドラゴンエンパイア,龙之帝国
3575,ハイディフレクター,高级反射器
3576,オールトの盾,全能之盾
3577,ダブルキャップシールド,双重帽盾
3578,熾天使の盾・破邪顕正,炽天使之盾・破邪显正
3579,アルテマアサルト,究极突击
3580,四聖北覇玄武の盾,四圣北霸玄武之盾
3581,神機シールドORS,神机护盾ORS
3582,混沌英雄の盾,混沌英雄之盾
3583,英雄の輝盾,英雄的光辉盾
3584,英雄の夢幻盾,英雄的梦幻盾
3585,源氏の盾・マガツ,源氏之盾・祸津
3586,聖盾・外典十三ノ明星,圣盾・外典十三之明星
3587,鏡の国のアリス,镜之国的爱丽丝
3588,十六魔王闇盾,十六魔王暗盾
3589,魔閤覇王盾,魔阁霸王盾
3590,覇竜炎帝の盾,霸龙炎帝之盾
3591,冥府黄泉雲盾,冥府黄泉云盾
3592,邪神覇皇の盾,邪神霸皇之盾
3593,魔神の盾,魔神之盾
3594,アンチカオスプレート・最終型,反混沌板・最终型
3595,天軍聖盾,天军圣盾
3651,腕輪,手镯
3652,首飾り,项链
3653,靴,""
3654,かんざし,发簪
3655,ハチマキ,头带
3656,数珠,念珠
3657,狐面,""
3658,仮面,假面
3659,黒帯,黑带
3660,リスト,列表
3661,マント,斗篷
3662,イヤリング,耳环
3663,ペンダント,吊坠
3664,ベルト,腰带
3665,オーブ,宝珠
3666,指輪,戒指
3667,勾玉,""
3668,お守り,护身符
3669,勲章,勋章
3670,小手,""
3671,櫛,""
3672,ロザリオ,罗莎莉奥
3673,アミュレット,护符
3674,ヘッドドレス,头饰
3675,エンゲージリング,订婚戒指
3676,メテオストライク,陨石冲击
3677,回転ネビュラ,旋转星云
3678,ベロリンガール,舔舔女孩
3679,にゃんこ肉球,喵喵肉球
3680,エクスプローダー,爆破者
3681,愚神礼讃,愚神礼赞
3682,ゼロ・トレランス,零・容忍
3683,伝説の再来,传说的再现
3684,テスタメント,圣约
3685,シャッフルスキル,技能洗牌
3686,究極の初手,究极先手
3687,ドゥームシステム,末日系统
3688,ガードコンバーター,防御转换器
3689,アタックコンバーター,攻击转换器
3690,カオスピラ,混沌之柱
3691,六祖の証,六祖之证
3692,七大天使の証,七大天使的证明
3693,混沌の証,混沌之证
3694,正史のリング,正史之戒指
3695,レミナの指輪,雷米娜的戒指
3696,テラネ,Tera眼镜
3697,カオスのかんざし,混沌发簪
3698,天軍の指輪,天军之戒
3699,明星の指輪,明星的戒指
3700,創世の指輪,创世的戒指
3701,聖者のロザリオ,圣者的念珠
3702,剣聖のハチマキ,剑圣的头巾
3703,MVSP,""
3751,ヴィンテージチュニック,复古束腰外衣
3752,竜石,龙石
3753,クリプティドレス,克里普提礼服
3754,クリプティリボン,克里普提缎带
3755,黒猫の骨,黑猫之骨
3756,エンプティドレス,空灵礼服
3757,夢魔の微笑み,梦魔的微笑
3758,KUハンドレッド,KU100
3759,純白の魔雫,纯白的魔力之滴
3760,魔姫の黄金結晶,魔姬的黄金结晶
3761,ヴカトゥスの魔衣,维卡托斯的魔衣
3762,隷属の首輪,隶属的项圈
3763,饗宴のドレス,盛宴的礼服
3764,夜空の帯,夜空的腰带
3765,統べる冠,统领之冠
3766,おひつじさま,小羊大人
3767,リア・マーク42,""
3768,鎮魂玉,镇魂玉
3769,粘液クリーム,粘液膏霜
3770,腕部強化ユニットM-ε,腕部强化单元M-ε
3771,邪雅,""
3772,毘沙門天の闘衣,毗沙门天的斗衣
3773,韋駄天の下駄,韦驮天的木屐
3774,六魂幡,""
3775,鬼酒の瓢箪壺,鬼酒葫芦壶
3776,色狐の衣,色狐的衣裳
3777,色狐の髪留め,色狐的发饰
3778,翼魔の鎧,翼魔之铠
3779,光り輝く兜,闪亮的头盔
3780,影の盾,影之盾
3781,愛のペンダント,爱之吊坠
3782,マギ・クロス,玛吉・克罗斯
3783,旋風の腕輪,旋风手镯
3784,太陽神の兜,太阳神之盔
3785,天使の守護,天使的守护
3786,アリスカード,爱丽丝卡片
3787,悪魔のヘアバンド,恶魔发圈
3788,ロードオブデスカード,冥界女王卡片
3789,ドッペルゲンガーカード,死灵卡片
3790,オシリスカード,俄塞里斯卡片
3791,ゴーストリングカード,幽灵波利卡片
3792,番天印,""
3793,傾世元禳,倾世元禳
3794,金霞帽,""
3795,風火輪,风火轮
3796,八卦鏡,八卦镜
3797,千烈手甲,""
3798,魔剣装束,魔剑装束
3799,まほろばのお守り,宝福山的护身符
4001,グランドベルト,大地腰带
4002,アルティメットベルト,究极腰带
4003,インフィニティベルト,""
4004,カオスベルト,""
4005,ファイナルベルト,""
4006,ミラクルオーブ,奇迹宝珠
4007,アルティメットオーブ,究极宝珠
4008,インフィニティオーブ,""
4009,カオスオーブ,""
4010,ファイナルオーブ,""
4011,超覇王のタトゥー,超霸王纹身
4012,究極のタトゥー,究极纹身
4013,無限のタトゥー,无限纹身
4014,混沌のタトゥー,混沌纹身
4015,最後のタトゥー,最后纹身
4016,グランドリスト,至尊护腕
4017,アルティメットリスト,究极护腕
4018,インフィニティリスト,无限护腕
4019,カオスリスト,混沌护腕
4020,ファイナルリスト,最终护腕
4021,超魔神の小手,超魔神护手
4022,究極の小手,究极护手
4023,無限の小手,无限护手
4024,混沌の小手,混沌护手
4025,最後の小手,最终之护手
4026,神威のイヤリング,神威耳环
4027,究極のイヤリング,究极耳环
4028,無限のイヤリング,无限耳环
4029,混沌のイヤリング,混沌耳环
4030,最後のイヤリング,最终之耳环
4031,フォースロザリオ,力量念珠
4032,アルティメットロザリオ,究极念珠
4033,インフィニティロザリオ,无限念珠
4034,カオスロザリオ,混沌念珠
4035,ファイナルロザリオ,最终念珠
4036,星降る腕輪改,星降手镯改
4037,真・星降る腕輪,真・星降手镯
4038,無限・星降る腕輪,无限・星降手镯
4039,混沌・星降る腕輪,混沌・星降手镯
4040,最終・星降る腕輪,最终・星降手镯
4041,職神の首飾り,职神项链
4042,究極の首飾り,究极项链
4043,無限の首飾り,无限项链
4044,混沌の首飾り,混沌项链
4045,最後の首飾り,最终之项链
4046,戦士の秘宝,战士的秘宝
4047,闘士の秘宝,斗士的秘宝
4048,英雄の秘宝,英雄的秘宝
4049,勇者の秘宝,勇者的秘宝
4050,大勇者の秘宝,大勇者的秘宝
4051,破壊者の秘宝,破坏者的秘宝
4052,真・破壊者の秘宝,""
4053,ハッピーブローチ,快乐胸针
4054,スピリチュアルブローチ,精神胸针
4055,ユートピアブローチ,乌托邦胸针
4056,アガルタブローチ,阿卡拉胸针
4057,エクソダスブローチ,天国胸针
4058,ジャッジメントブローチ,审判胸针
4059,真ジャッジメントブローチ,""
4060,命中率50%アップ,命中率提升50%
4061,覇拳の数珠,霸拳念珠
4062,魔法のバングル,魔法手镯
4063,理力のバングル,理力手镯
4064,奇跡のバングル,奇迹手镯
4065,波動のバングル,波动手镯
4066,神器のバングル,神器手镯
4067,破砕鉄甲,破碎铁甲
4068,爆砕鉄甲,爆碎铁甲
4069,神災鉄甲,神灾铁甲
4070,滅災鉄甲,灭灾铁甲
4071,終末鉄甲,终末铁甲
4072,回避率50%,""
4073,回避率75%,""
4074,魔法回避率50%,""
4075,魔法回避率75%,""
4076,混沌回避コア,混沌回避核心
4077,混沌回避システム,混沌回避系统
4078,混沌回避フォース,混沌回避力
4079,混沌回避プロトコル,混沌回避协议
4080,万能回避率75%,""
4081,完全万能回避,""
4082,回生の指輪,回生之戒
4083,神生の指輪,神生之戒
4084,七大天使の指輪,七大天使之戒
4085,真・七大天使の指輪,真・七大天使之戒
4086,MPターン回復50%,MP每回合恢复50%
4087,MPターン回復75%,MP每回合恢复75%
4088,超魔王の指輪,超魔王之戒
4089,混沌魔王の指輪,混沌魔王之戒
4090,カウンター75%,反击75%
4091,魔法カウンター75%,魔法反击75%
4092,混沌反撃システムI,混沌反击系统I
4093,混沌反撃システムII,混沌反击系统II
4094,混沌反撃システムIII,混沌反击系统III
4095,万能カウンター75%,万能反击75%
4096,混沌反撃システムX,混沌反击系统X
4097,覇者の手甲,霸者的手甲
4098,帝王の手甲,""
4099,天帝の手甲,天帝的手甲
4100,魔鏡,魔镜
4101,怨鏡,怨镜
4102,絶鏡,绝镜
4103,物理反射75%,""
4104,滅鏡,灭镜
4105,魔法反射75%,""
4106,物理・魔法反射50%,""
4107,虚の仮面,虚之假面
4108,無の仮面,无之假面
4109,混沌の仮面,混沌之假面
4110,万能反射75%,""
4111,万能反射100%,""
4112,反射ミニブースター,反射小增强
4113,反射ブースター,反射增强
4114,反射ハイブースター,反射高级增强
4115,反射エクスブースター,反射极限增强
4116,反射ゴッドブースター,反射神级增强
4117,瀕死時物理耐性25%,濒死时物理耐性25%
4118,瀕死時完全物理耐性,濒死时完全物理耐性
4119,瀕死時魔法耐性25%,濒死时魔法耐性25%
4120,瀕死時完全魔法耐性,濒死时完全魔法耐性
4121,瀕死時万能耐性50%,濒死时万能耐性50%
4122,瀕死時万能耐性25%,濒死时万能耐性25%
4123,瀕死時完全万能耐性,濒死时完全万能耐性
4124,瀕死時全能力25%アップ,濒死时全能力提升25%
4125,真・燃えろ魂,""
4126,仲間死亡時ステータス強化10%,队友死亡时状态强化10%
4127,真・ロンリー魂,""
4128,みなぎる活力,充盈的活力
4129,超みなぎる活力,超充盈的活力
4130,リミットバースト,极限爆发
4131,力のヘビィリング,力量的重戒
4132,速度のヘビィリング,速度的重戒
4133,器用のヘビィリング,灵巧的重戒
4134,守備のヘビィリング,守备的重戒
4135,精神のヘビィリング,精神的重戒
4136,HPエンジン,HP引擎
4137,MPエンジン,MP引擎
4138,SPエンジン,SP引擎
4139,力のコンバートリング,力量的转换戒指
4140,技量のコンバートリング,技量的转换戒指
4141,守りのコンバートリング,守护的转换戒指
4142,英雄のコンバートリング,英雄的转换戒指
4143,気吸のマント,气吸斗篷
4144,キングザリング,国王戒指
4145,混沌のレシピ,混沌的配方
4146,沌水,""
4147,ギャラクシーマニキュア,银河指甲油
4148,虚無のシール,虚无的贴纸
4149,不滅の肉体,不灭之躯
4150,反生命存在,""
4151,サポートターン延長,支援回合延长
4152,サポートターン超延長,支援回合超延长
4153,特攻ダメージ半減,特攻伤害减半
4154,特攻ダメージ無効,特攻伤害无效
4155,アルヴの肉体,亚尔夫的肉体
4156,アンゴルモアの肉体,安哥尔摩亚的肉体
4157,MP代替消費100%,MP替代消耗100%
4158,MP代替消費50%,MP替代消耗50%
4159,真・英雄の手甲,""
4160,無限英雄の手甲,""
4161,混沌英雄の手甲,""
4162,渾身の一撃,全力一击
4163,超渾身の一撃,超浑身一击
4164,極渾身の一撃,极浑身一击
4165,神渾身の一撃,神之全力一击
4166,ヒートアップコンボ,热力连击
4167,超ヒートアップコンボ,超热力连击
4168,極ヒートアップコンボ,极热力连击
4169,神ヒートアップコンボ,神热力连击
4170,武技SPバースト,武技SP爆发
4171,武技SPハイバースト,武技SP超爆发
4172,職業技SPバースト,职业技能SP爆发
4173,職業技SPハイバースト,职业技能SP超级爆发
4174,魔法MPバースト,魔法MP爆发
4175,魔法MPハイバースト,魔法MP超级爆发
4176,魔物技SPバースト,魔物技SP爆发
4177,魔物技SPハイバースト,魔物技SP超级爆发
4178,先の先,先发制人
4179,先々の先,先发制人II
4180,後の先,后发制人
4181,後々の先,后发制人II
4182,自爆ブースト,自爆增强
4183,自爆超ブースト,自爆超级增强
4184,自爆極ブースト,自爆极强化
4185,短剣技でぶんどる,短剑技抢夺
4186,武技でぶんどる,武技抢夺
4187,体力低下時武技強化,体力降低时武技强化
4188,体力低下時武技超強化,体力降低时武技超强化
4189,体力低下時職技強化,体力降低时职技强化
4190,体力低下時職技超強化,体力降低时职技超强化
4191,体力低下時魔法強化,体力降低时魔法强化
4192,体力低下時魔法超強化,体力降低时魔法超强化
4193,体力低下時魔物技強化,体力降低时魔物技强化
4194,体力低下時魔物技超強化,体力降低时魔物技超强化
4195,強敵との対峙,与强敌对峙
4196,勇者の挑戦,勇者的挑战
4197,真・勇者の挑戦,真・勇者的挑战
4198,獅子奮迅,狮子奋迅
4199,一騎当千,一骑当千
4200,真・一騎当千,真・一骑当千
4201,心尽くしの職技,全心全意的职技
4202,一意専心,一心一意
4203,真・一意専心,真・一心一意
4204,対多職術,对多职业术
4205,孤高の英雄,孤高的英雄
4206,真・孤高の英雄,真・孤高的英雄
4207,収束魔導,收敛魔导
4208,螺旋収束魔導,螺旋收敛魔导
4209,真・螺旋収束魔導,真・螺旋收敛魔导
4210,拡散魔導,扩散魔导
4211,波動拡散魔導,波动扩散魔导
4212,真・波動拡散魔導,真・波动扩散魔导
4213,孤勢の陣,孤势之阵
4214,孤勢の闇陣,孤势之暗阵
4215,真・孤勢の闇陣,真・孤势之暗阵
4216,多勢の陣,多势之阵
4217,多勢の闇陣,多势之暗阵
4218,真・多勢の闇陣,真・多势之暗阵
4219,クリティカルランス,致命长枪
4220,クリティカルレイピア,致命细剑
4221,クリティカルアックス,致命斧
4222,クリティカルハンマー,致命锤击
4223,クリティカルフレイル,致命铁球
4224,クリティカルナイフ,致命小刀
4225,クリティカルスライム,致命史莱姆
4226,追い打ちの鞭,追击的鞭子
4227,快楽の奉仕者,极乐的侍奉者
4228,光を断つ勇技,断光勇技
4229,闇を断つ勇技,断暗勇技
4230,闇への傾倒,向黑暗倾斜
4231,智略の獣暴,智略的兽暴
4232,必殺竜撃,必杀龙击
4233,科学的対処,科学应对
4234,マーベルドール,玛贝尔人偶
4235,混沌への傾倒,向混沌的倾斜
4236,ミカエラの裁き,米迦艾拉的裁决
4237,ルシフィナの裁き,路西菲娜的裁决
4238,ガブリエラの裁き,加百艾拉的裁决
4239,ラファエラの裁き,拉斐艾拉的裁决
4240,ウリエラの裁き,乌列艾拉的裁决
4241,サリエラの裁き,沙利艾拉的裁决
4242,双子天使の裁き,双子天使的裁决
4243,女神の天罰,女神的天罚
4244,邪神の暴威,邪神的暴威
4245,落鳳,落凤
4246,弱体剣技,弱化剑技
4247,目潰しの武技,致盲武技
4248,目潰しの魔法,目盲之魔法
4249,次元侵蝕技,次元侵蚀技
4250,根源的恐怖,""
4251,時を紡ぐ拳,纺时之拳
4252,感染屍技,感染尸技
4253,怨念屍技,怨念尸技
4254,帯電放射,带电放射
4255,回避竜剣,回避龙剑
4256,交錯する魅惑,交错的魅惑
4257,スウェイハッスル,摇摆狂欢
4258,スウェイフェニックス,摇摆凤凰
4259,守護者の祈り,守护者的祈祷
4260,リフレッシュ,刷新
4261,オートクリア,自动清除
4262,サイコリフレッシュ,念动刷新
4263,エクセリオン・クリア,火凤凰・清除
4264,接触的侵蝕,接触性侵蚀
4265,精神的侵蝕,精神性侵蚀
4266,カウンター召喚,反击召唤
4267,魔力ダメージ吸収,魔力伤害吸收
4268,カウンターページ,反击页
4269,カウンター錬金術,反击炼金术
4270,カウンター癒しの雨,反击治愈之雨
4271,悦楽の突風,悦乐突风
4272,怨嗟の人魚,怨嗟人鱼
4273,弱体召喚,弱化召唤
4274,リープタイム,跳跃时间
4275,闇の衣,暗之衣
4276,弱体感応,弱化感应
4277,苛烈なるブレス,苛烈吐息
4278,チェイン・フルーレ,链・弗雷
4279,チェイン・ノイエ,链・诺伊
4280,チェイン・グランテ,链・格兰特
4281,ギャンブルジャンキー,赌博狂
4282,魔石ダメージ強化,魔石伤害强化
4283,魔石ダメージ超強化,魔石伤害超强化
4284,魔石ダメージ極強化,魔石伤害极强化
4285,固定砲台,固定炮台
4286,生身の英雄,肉身的英雄
4287,シルフの助け,希尔芙的帮助
4288,ノームの助け,诺姆的帮助
4289,ウンディーネの助け,温蒂妮的帮助
4290,サラマンダーの助け,萨拉曼达的帮助
4291,シールドバッシュPG,盾击PG
4292,シールドバッシュMG,盾击MG
4293,シールドバッシュPMG,盾击PMG
4294,シールドバッシュ強化,盾击强化
4295,シールドバッシュ大強化,盾击大幅强化
4296,ラーニング,学习
4297,天軍逆撃,天军逆击
4298,明星伏撃,明星伏击
4299,核動力,核动力
4300,支援ビット,支援比特
4301,バスタービット,破坏比特
4302,サテライトビット,卫星比特
4303,アシストバルカン,辅助火神
4304,アシストバースト,辅助爆发
4305,アシストフルバースト,辅助全爆发
4306,多重ロックオン,多重锁定
4307,フルロックオン,全锁定
4308,オーバーロックオン,超锁定
4309,CIWS,""
4310,アドバンスドCIWS,高级CIWS
4311,ハイアドバンスドCIWS,超级CIWS
4312,加速装置,""
4313,チタン装甲,钛装甲
4314,フルシールド,全盾
4315,メガビームシールド,巨型光束盾
4316,量子化,""
4317,完全量子化,""
4318,巨人の暴虐,巨人的暴虐
4319,戦の火蓋,战火揭幕
4320,大戦の火蓋,大战揭幕
4321,溜め持続,蓄力持续
4322,溜め超持続,蓄力超持续
4323,二重溜め,双重蓄力
4324,ディフレクト1枚,反射盾1张
4325,通常攻撃四回攻撃,普通攻击四次攻击
4326,無限皆伝の証,""
4327,滅捨身撃,灭舍身击
4328,精霊の黄昏,""
4329,真・精霊の黄昏,""
4330,真・神々の黄昏,""
4331,銀河のシンボル,银河的象征
4332,修羅のシンボル,修罗的象征
4333,ナイトメアのシンボル,噩梦的象征
4334,核熱のシンボル,核热的象征
4335,量子のシンボル,量子的象征
4336,イオンのシンボル,离子的象征
4337,ハドロンのシンボル,强子的象征
4338,テラのシンボル,大地的象征
4339,ナノのシンボル,纳米的象征
4340,永劫のシンボル,永劫的象征
4341,終焉のシンボル,终焉的象征
4342,ヌルのシンボル,""
4343,人破りの符,破人之符
4344,人破りの極符,破人之极符
4345,人破りの神符,破人之神符
4346,妖魔破りの符,破妖魔之符
4347,妖魔破りの極符,破妖魔之极符
4348,妖魔破りの神符,破妖魔之神符
4349,妖怪破りの符,破妖怪之符
4350,妖怪破りの極符,妖怪破极符
4351,妖怪破りの神符,妖怪破神符
4352,淫魔破りの符,淫魔破符
4353,淫魔破りの極符,淫魔破极符
4354,淫魔破りの神符,淫魔破神符
4355,吸血鬼破りの符,吸血鬼破符
4356,吸血鬼破りの極符,吸血鬼破极符
4357,吸血鬼破りの神符,吸血鬼破神符
4358,人魚破りの符,人鱼破符
4359,人魚破りの極符,人鱼破极符
4360,人魚破りの神符,人鱼破神符
4361,エルフ破りの符,精灵破符
4362,エルフ破りの極符,精灵破极符
4363,エルフ破りの神符,精灵破神符
4364,妖精破りの符,妖精破符
4365,妖精破りの極符,妖精破灭的极符
4366,妖精破りの神符,妖精破灭的神符
4367,スライム破りの符,史莱姆破灭的符
4368,スライム破りの極符,史莱姆破灭的极符
4369,スライム破りの神符,史莱姆破灭的神符
4370,魔獣破りの符,魔兽破灭的符
4371,魔獣破りの極符,魔兽破灭的极符
4372,魔獣破りの神符,魔兽破灭的神符
4373,妖狐破りの符,妖狐破符
4374,妖狐破りの極符,妖狐破极符
4375,妖狐破りの神符,妖狐破神符
4376,ラミア破りの符,拉米亚破符
4377,ラミア破りの極符,拉米亚破极符
4378,ラミア破りの神符,拉米亚破神符
4379,スキュラ破りの符,斯库拉破符
4380,スキュラ破りの極符,斯库拉破之极符
4381,スキュラ破りの神符,斯库拉破之神符
4382,ハーピー破りの符,哈比破之符
4383,ハーピー破りの極符,哈比破之极符
4384,ハーピー破りの神符,哈比破之神符
4385,ドラゴン破りの符,龙破之符
4386,ドラゴン破りの極符,龙破之极符
4387,ドラゴン破りの神符,龙破之神符
4388,陸棲種破りの符,陆栖种破符
4389,陸棲種破りの極符,陆栖种破极符
4390,陸棲種破りの神符,陆栖种破神符
4391,海棲種破りの符,海栖种破符
4392,海棲種破りの極符,海栖种破极符
4393,海棲種破りの神符,海栖种破神符
4394,虫破りの符,虫破符
4395,虫破りの極符,虫破极符
4396,虫破りの神符,虫破神符
4397,植物破りの符,植物破符
4398,植物破りの極符,植物破极符
4399,植物破りの神符,植物破神符
4400,ゾンビ破りの符,僵尸破符
4401,ゾンビ破りの極符,僵尸破极符
4402,ゾンビ破りの神符,僵尸破神符
4403,ゴースト破りの符,幽灵破坏符
4404,ゴースト破りの極符,幽灵破坏极符
4405,ゴースト破りの神符,幽灵破坏神符
4406,ドール破りの符,人偶破坏符
4407,ドール破りの極符,人偶破坏极符
4408,ドール破りの神符,人偶破坏神符
4409,キメラ破りの符,奇美拉破坏符
4410,キメラ破りの極符,奇美拉破极符
4411,キメラ破りの神符,奇美拉破神符
4412,天使破りの符,天使破符
4413,天使破りの極符,天使破极符
4414,天使破りの神符,天使破神符
4415,巨人破りの符,巨人破符
4416,巨人破りの極符,巨人破极符
4417,巨人破りの神符,巨人破神符
4418,ロイド破りの符,机器人破符
4419,ロイド破りの呪符,机器人破咒符
4420,ロイド破りの極符,机器人破极符
4421,ロイド破りの神符,机器人破神符
4422,アポトーシス破りの符,凋零者破符
4423,アポトーシス破りの呪符,凋零者破咒符
4424,アポトーシス破りの極符,凋零者破极符
4425,アポトーシス破りの神符,凋零者破神符
4426,飛行破りの符,飞行破符
4427,飛行破りの呪符,飞行破咒符
4428,飛行破りの極符,飞行破极符
4429,飛行破りの神符,飞行破神符
4430,魔王殺しの符,魔王杀符
4431,魔王殺しの呪符,魔王杀咒符
4432,魔王殺しの極符,魔王杀极符
4433,魔王殺しの神符,魔王杀神符
4434,神殺しの符,弑神符
4435,神殺しの呪符,弑神咒符
4436,神殺しの極符,弑神极符
4437,神殺しの神符,弑神神符
4438,強敵破りの符,强敌破符
4439,強敵破りの呪符,强敌破咒符
4440,強敵破りの極符,强敌破之极符
4441,強敵破りの神符,强敌破之神符
4442,ブレイブベルト,勇气腰带
4443,エグゼクティブベルト,执行者腰带
4444,ロードオブザベルト,腰带之王
4445,ゴッドオブザベルト,""
4446,物理オーバーブースター,物理超增强
4447,物理の神書,物理之神书
4448,物理の混沌書,物理之混沌书
4449,物理の最終書,物理之最终书
4450,快楽オーバーブースター,快乐超增强
4451,快楽の神書,快乐之神书
4452,快楽の混沌書,""
4453,快楽の最終書,快乐之最终书
4454,炎オーバーブースター,炎超增强
4455,炎の神書,炎之神书
4456,炎の混沌書,炎之混沌书
4457,炎の最終書,炎之最终书
4458,氷オーバーブースター,冰超增强
4459,氷の神書,冰之神书
4460,氷の混沌書,冰之混沌书
4461,氷の最終書,冰之最终书
4462,雷オーバーブースター,雷超增强
4463,雷の神書,雷之神书
4464,雷の混沌書,雷之混沌书
4465,雷の最終書,雷之最终书
4466,風オーバーブースター,风超增强
4467,風の神書,风之神书
4468,風の混沌書,风之混沌书
4469,風の最終書,风之最终书
4470,土オーバーブースター,土超增强
4471,土の神書,土之神书
4472,土の混沌書,土之混沌书
4473,土の最終書,土之最终书
4474,水オーバーブースター,水超增强
4475,水の神書,水之神书
4476,水の混沌書,水之混沌书
4477,水の最終書,水之最终书
4478,聖オーバーブースター,圣超增强
4479,聖なる神書,圣之神书
4480,聖なる混沌書,圣之混沌书
4481,聖なる最終書,圣之最终书
4482,闇オーバーブースター,暗超增强
4483,闇の神書,暗之神书
4484,闇の混沌書,暗之混沌书
4485,闇の最終書,暗之最终书
4486,音波オーバーブースター,音波超增强
4487,音波の神書,音波之神书
4488,音波の混沌書,音波之混沌书
4489,音波の最終書,音波之最终书
4490,バイオオーバーブースター,生化超增强
4491,バイオの神書,生化之神书
4492,バイオの混沌書,生化之混沌书
4493,バイオの最終書,生化之最终书
4494,無属性ブースター,无属性增强
4495,無属性ハイブースター,无属性高级增强
4496,無属性エクスブースター,无属性极限增强
4497,無属性オーバーブースター,无属性超增强
4498,無属性の神書,无属性之神书
4499,無属性の混沌書,无属性之混沌书
4500,無属性の最終書,无属性之最终书
4501,銀河の書,银河之书
4502,銀河の秘伝書,银河之秘传书
4503,銀河の極意書,银河之极意书
4504,銀河オーバーブースター,银河超增强
4505,銀河の神書,银河之神书
4506,銀河の混沌書,银河之混沌书
4507,銀河の最終書,银河之最终书
4508,修羅の書,修罗之书
4509,修羅の秘伝書,修罗之秘传书
4510,修羅の極意書,修罗之极意书
4511,修羅オーバーブースター,修罗超增强
4512,修羅の神書,修罗之神书
4513,修羅の混沌書,修罗之混沌书
4514,修羅の最終書,修罗之最终书
4515,ナイトメアの書,噩梦之书
4516,ナイトメアの秘伝書,噩梦之秘传书
4517,ナイトメアの極意書,噩梦之极意书
4518,ナイトメアオーバーブースター,噩梦超增强
4519,ナイトメアの神書,噩梦之神书
4520,ナイトメアの混沌書,噩梦之混沌书
4521,ナイトメアの最終書,噩梦之最终书
4522,核熱の書,核热之书
4523,核熱の秘伝書,核热之秘传书
4524,核熱の極意書,核热之极意书
4525,核熱オーバーブースター,核热超增强
4526,核熱の神書,核热之神书
4527,核熱の混沌書,核热之混沌书
4528,核熱の最終書,核热之最终书
4529,量子の書,量子之书
4530,量子の秘伝書,量子之秘传书
4531,量子の極意書,量子之极意书
4532,量子オーバーブースター,量子超增强
4533,量子の神書,量子之神书
4534,量子の混沌書,量子之混沌书
4535,量子の最終書,量子之最终书
4536,イオンの書,离子之书
4537,イオンの秘伝書,离子之秘传书
4538,イオンの極意書,离子之极意书
4539,イオンオーバーブースター,离子超增强
4540,イオンの神書,离子之神书
4541,イオンの混沌書,离子之混沌书
4542,イオンの最終書,离子之最终书
4543,ハドロンの書,强子之书
4544,ハドロンの秘伝書,强子之秘传书
4545,ハドロンの極意書,强子之极意书
4546,ハドロンオーバーブースター,强子超增强
4547,ハドロンの神書,强子之神书
4548,ハドロンの混沌書,强子之混沌书
4549,ハドロンの最終書,强子之最终书
4550,テラの書,大地之书
4551,テラの秘伝書,大地之秘传书
4552,テラの極意書,大地之极意书
4553,テラオーバーブースター,大地超增强
4554,テラの神書,大地之神书
4555,テラの混沌書,大地之混沌书
4556,テラの最終書,大地之最终书
4557,ナノの書,纳米之书
4558,ナノの秘伝書,纳米之秘传书
4559,ナノの極意書,纳米之极意书
4560,ナノオーバーブースター,纳米超增强
4561,ナノの神書,纳米之神书
4562,ナノの混沌書,纳米之混沌书
4563,ナノの最終書,纳米之最终书
4564,永劫の書,永劫之书
4565,永劫の秘伝書,永劫之秘传书
4566,永劫の極意書,永劫之极意书
4567,永劫オーバーブースター,永劫超增强
4568,永劫の神書,永劫之神书
4569,永劫の混沌書,永劫之混沌书
4570,永劫の最終書,永劫之最终书
4571,終焉の書,终焉之书
4572,終焉の秘伝書,终焉之秘传书
4573,終焉の極意書,终焉之极意书
4574,終焉オーバーブースター,终焉超增强
4575,終焉の神書,终焉之神书
4576,終焉の混沌書,终焉之混沌书
4577,終焉の最終書,终焉之最终书
4578,ヌルの書,虚无之书
4579,ヌルの秘伝書,虚无之秘传书
4580,ヌルの極意書,虚无之极意书
4581,ヌルの神書,虚无之神书
4582,ヌルの混沌書,虚无之混沌书
4583,ヌルの最終書,虚无之最终书
4584,種族特攻オーバーブースター,种族特攻超增强
4585,種族特攻の神書,种族特攻之神书
4586,種族特攻の混沌書,种族特攻之混沌书
4587,種族特攻の最終書,种族特攻之最终书
4588,状態異常特攻の書,状态异常特攻之书
4589,状態異常特攻の秘伝書,状态异常特攻之秘传书
4590,状態異常特攻の極意書,状态异常特攻之极意书
4591,状態異常特攻オーバーブースター,状态异常特攻超增强
4592,状態異常特攻の神書,状态异常特攻之神书
4593,状態異常特攻の混沌書,状态异常特攻之混沌书
4594,回復オーバーブースター,回复超增强
4595,回復の神書,恢复之神书
4596,回復の混沌書,恢复之混沌书
4597,回復の最終書,恢复之最终书
4598,通常攻撃の神書,""
4599,通常攻撃の混沌書,""
4600,通常攻撃の最終書,""
4601,短剣オーバーブースター,短剑超增强
4602,剣オーバーブースター,剑超增强
4603,尖剣オーバーブースター,尖剑超增强
4604,槍オーバーブースター,枪超增强
4605,刀オーバーブースター,刀超增强
4606,忍者刀オーバーブースター,忍者刀超增强
4607,拳オーバーブースター,拳超增强
4608,牙オーバーブースター,牙超增强
4609,斧オーバーブースター,斧超增强
4610,棍オーバーブースター,棍超增强
4611,鎌オーバーブースター,镰超增强
4612,杖オーバーブースター,杖超增强
4613,ロッドオーバーブースター,法杖超增强
4614,弓矢オーバーブースター,弓箭超增强
4615,鞭オーバーブースター,鞭超增强
4616,竪琴オーバーブースター,竖琴超增强
4617,ブーメランオーバーブースター,回旋镖超增强
4618,鉄球オーバーブースター,铁球超增强
4619,扇オーバーブースター,扇超增强
4620,包丁オーバーブースター,菜刀超增强
4621,そろばんオーバーブースター,算盘超增强
4622,メスオーバーブースター,手术刀超增强
4623,カードオーバーブースター,卡牌超增强
4624,皿オーバーブースター,盘超增强
4625,魔導書オーバーブースター,魔导书超增强
4626,銃オーバーブースター,铳超增强
4627,淫具オーバーブースター,淫具超增强
4628,短剣技の書,短剑技之书
4629,短剣技ハイブースター,短剑技高级增强
4630,短剣技エクスブースター,短剑技极限增强
4631,短剣技オーバーブースター,短剑技超增强
4632,短剣技の神書,短剑技之神书
4633,短剣技の混沌書,短剑技之混沌书
4634,短剣技の最終書,短剑技之最终书
4635,剣技の書,剑技之书
4636,剣技ハイブースター,剑技高级增强
4637,剣技エクスブースター,剑技极限增强
4638,剣技オーバーブースター,剑技超增强
4639,剣技の神書,剑技之神书
4640,剣技の混沌書,剑技之混沌书
4641,剣技の最終書,剑技之最终书
4642,尖剣技の書,尖剑技之书
4643,尖剣技ハイブースター,尖剑技高级增强
4644,尖剣技エクスブースター,尖剑技极限增强
4645,尖剣技オーバーブースター,尖剑技超增强
4646,尖剣技の神書,尖剑技之神书
4647,尖剣技の混沌書,尖剑技之混沌书
4648,尖剣技の最終書,尖剑技之最终书
4649,刀技の書,刀技之书
4650,刀技ハイブースター,刀技高级增强
4651,刀技エクスブースター,刀技极限增强
4652,刀技オーバーブースター,刀技超增强
4653,刀技の神書,刀技之神书
4654,刀技の混沌書,刀技之混沌书
4655,刀技の最終書,刀技之最终书
4656,槍技の書,枪技之书
4657,槍技ハイブースター,枪技高级增强
4658,槍技エクスブースター,枪技极限增强
4659,槍技オーバーブースター,枪技超增强
4660,槍技の神書,枪技之神书
4661,槍技の混沌書,枪技之混沌书
4662,槍技の最終書,枪技之最终书
4663,斧技の書,斧技之书
4664,斧技ハイブースター,斧技高级增强
4665,斧技エクスブースター,斧技极限增强
4666,斧技オーバーブースター,斧技超增强
4667,斧技の神書,斧技之神书
4668,斧技の混沌書,斧技之混沌书
4669,斧技の最終書,斧技之最终书
4670,棍技の書,棍技之书
4671,棍技ハイブースター,棍技高级增强
4672,棍技エクスブースター,棍技极限增强
4673,棍技オーバーブースター,棍技超增强
4674,棍技の神書,棍技之神书
4675,棍技の混沌書,棍技之混沌书
4676,棍技の最終書,棍技之最终书
4677,鎌技の書,镰技之书
4678,鎌技ハイブースター,镰技高级增强
4679,鎌技エクスブースター,镰技极限增强
4680,鎌技オーバーブースター,镰技超增强
4681,鎌技の神書,镰技之神书
4682,鎌技の混沌書,镰技之混沌书
4683,鎌技の最終書,镰技之最终书
4684,弓技の書,弓技之书
4685,弓技ハイブースター,弓技高级增强
4686,弓技エクスブースター,弓技极限增强
4687,弓技オーバーブースター,弓技超增强
4688,弓技の神書,弓技之神书
4689,弓技の混沌書,弓技之混沌书
4690,弓技の最終書,弓技之最终书
4691,鞭技の書,鞭技之书
4692,鞭技ハイブースター,鞭技高级增强
4693,鞭技エクスブースター,鞭技极限增强
4694,鞭技オーバーブースター,鞭技超增强
4695,鞭技の神書,鞭技之神书
4696,鞭技の混沌書,鞭技之混沌书
4697,鞭技の最終書,鞭技之最终书
4698,投擲技の書,投掷技之书
4699,投擲技ハイブースター,投掷技高级增强
4700,投擲技エクスブースター,投掷技极限增强
4701,投擲技オーバーブースター,投掷技超增强
4702,投擲技の神書,投掷技之神书
4703,投擲技の混沌書,投掷技之混沌书
4704,投擲技の最終書,投掷技之最终书
4705,鉄球技の書,铁球技之书
4706,鉄球技ハイブースター,铁球技高级增强
4707,鉄球技エクスブースター,铁球技极限增强
4708,鉄球技オーバーブースター,铁球技超增强
4709,鉄球技の神書,铁球技之神书
4710,鉄球技の混沌書,铁球技之混沌书
4711,鉄球技の最終書,铁球技之最终书
4712,扇技の書,扇技之书
4713,扇技ハイブースター,扇技高级增强
4714,扇技エクスブースター,扇技极限增强
4715,扇技オーバーブースター,扇技超增强
4716,扇技の神書,扇技之神书
4717,扇技の混沌書,扇技之混沌书
4718,扇技の最終書,扇技之最终书
4719,銃技の書,铳技之书
4720,銃技ハイブースター,铳技高级增强
4721,銃技エクスブースター,铳技极限增强
4722,銃技オーバーブースター,铳技超增强
4723,銃技の神書,铳技之神书
4724,銃技の混沌書,铳技之混沌书
4725,銃技の最終書,铳技之最终书
4726,多武器技の書,多武器技之书
4727,多武器技ハイブースター,多武器技高级增强
4728,多武器技エクスブースター,多武器技极限增强
4729,多武器技オーバーブースター,多武器技超增强
4730,多武器技の神書,多武器技之神书
4731,多武器技の混沌書,多武器技之混沌书
4732,多武器技の最終書,多武器技之最终书
4733,格闘の書,格斗之书
4734,格闘ハイブースター,格斗高级增强
4735,格闘エクスブースター,格斗极限增强
4736,格闘オーバーブースター,格斗超增强
4737,格闘の神書,格斗之神书
4738,格闘の混沌書,格斗之混沌书
4739,格闘の最終書,格斗之最终书
4740,白魔法の書,白魔法之书
4741,白魔法ハイブースター,白魔法高级增强
4742,白魔法エクスブースター,白魔法极限增强
4743,白魔法オーバーブースター,白魔法超增强
4744,白魔法の神書,白魔法之神书
4745,白魔法の混沌書,白魔法之混沌书
4746,白魔法の最終書,白魔法之最终书
4747,黒魔法の書,黑魔法之书
4748,黒魔法ハイブースター,黑魔法高级增强
4749,黒魔法エクスブースター,黑魔法极限增强
4750,黒魔法オーバーブースター,黑魔法超增强
4751,黒魔法の神書,黑魔法之神书
4752,黒魔法の混沌書,黑魔法之混沌书
4753,黒魔法の最終書,黑魔法之最终书
4754,時魔法の書,时魔法之书
4755,時魔法ハイブースター,时魔法高级增强
4756,時魔法エクスブースター,时魔法极限增强
4757,時魔法オーバーブースター,时魔法超增强
4758,時魔法の神書,时魔法之神书
4759,時魔法の混沌書,时魔法之混沌书
4760,時魔法の最終書,时魔法之最终书
4761,召喚の書,召唤之书
4762,召喚ハイブースター,召唤高级增强
4763,召喚エクスブースター,召唤极限增强
4764,召喚オーバーブースター,召唤超增强
4765,召喚の神書,召唤之神书
4766,召喚の混沌書,召唤之混沌书
4767,召喚の最終書,召唤之最终书
4768,聖技の書,圣技之书
4769,聖技ハイブースター,圣技高级增强
4770,聖技エクスブースター,圣技极限增强
4771,聖技オーバーブースター,圣技超增强
4772,聖技の神書,圣技之神书
4773,聖技の混沌書,圣技之混沌书
4774,聖技の最終書,圣技之最终书
4775,闇技の書,暗技之书
4776,闇技ハイブースター,暗技高级增强
4777,闇技エクスブースター,暗技极限增强
4778,闇技オーバーブースター,暗技超增强
4779,闇技の神書,暗技之神书
4780,闇技の混沌書,暗技之混沌书
4781,闇技の最終書,暗技之最终书
4782,魔法剣の書,魔法剑之书
4783,魔法剣ハイブースター,魔法剑高级增强
4784,魔法剣エクスブースター,魔法剑极限增强
4785,魔法剣オーバーブースター,魔法剑超增强
4786,魔法剣の神書,魔法剑之神书
4787,魔法剣の混沌書,魔法剑之混沌书
4788,魔法剣の最終書,魔法剑之最终书
4789,陰陽術の書,阴阳术之书
4790,陰陽術ハイブースター,阴阳术高级增强
4791,陰陽術エクスブースター,阴阳术极限增强
4792,陰陽術オーバーブースター,阴阳术超增强
4793,陰陽術の神書,阴阳术之神书
4794,陰陽術の混沌書,阴阳术之混沌书
4795,陰陽術の最終書,阴阳术之最终书
4796,盗賊技の書,盗贼技之书
4797,盗賊技ハイブースター,盗贼技高级增强
4798,盗賊技エクスブースター,盗贼技极限增强
4799,盗賊技オーバーブースター,盗贼技超增强
4800,盗賊技の神書,盗贼技之神书
4801,盗賊技の混沌書,盗贼技之混沌书
4802,盗賊技の最終書,盗贼技之最终书
4803,忍術の書,忍术之书
4804,忍術ハイブースター,忍术高级增强
4805,忍術エクスブースター,忍术极限增强
4806,忍術オーバーブースター,忍术超增强
4807,忍術の神書,忍术之神书
4808,忍術の混沌書,忍术之混沌书
4809,忍術の最終書,忍术之最终书
4810,海賊技の書,海贼技之书
4811,海賊技ハイブースター,海贼技高级增强
4812,海賊技エクスブースター,海贼技极限增强
4813,海賊技オーバーブースター,海贼技超增强
4814,海賊技の神書,海贼技之神书
4815,海賊技の混沌書,海贼技之混沌书
4816,海賊技の最終書,海贼技之最终书
4817,ヒーロー技の書,英雄技之书
4818,ヒーロー技ハイブースター,英雄技高级增强
4819,ヒーロー技エクスブースター,英雄技极限增强
4820,ヒーロー技オーバーブースター,英雄技超增强
4821,ヒーロー技の神書,英雄技之神书
4822,ヒーロー技の混沌書,英雄技之混沌书
4823,ヒーロー技の最終書,英雄技之最终书
4824,商技の書,商技之书
4825,商技ハイブースター,商技高级增强
4826,商技エクスブースター,商技极限增强
4827,商技オーバーブースター,商技超增强
4828,商技の神書,商技之神书
4829,商技の混沌書,商技之混沌书
4830,商技の最終書,商技之最终书
4831,EXアイテムの書,EX物品之书
4832,EXアイテムハイブースター,EX物品高级增强
4833,EXアイテムエクスブースター,EX物品极限增强
4834,EXアイテムオーバーブースター,EX物品超增强
4835,EXアイテムの神書,EX物品之神书
4836,EXアイテムの混沌書,EX物品之混沌书
4837,EXアイテムの最終書,EX物品之最终书
4838,オラクルの書,神谕之书
4839,オラクルハイブースター,神谕高级增强
4840,オラクルエクスブースター,神谕极限增强
4841,オラクルオーバーブースター,神谕超增强
4842,オラクルの神書,神谕之神书
4843,オラクルの混沌書,神谕之混沌书
4844,オラクルの最終書,神谕之最终书
4845,踊りの書,舞蹈之书
4846,踊るハイブースター,舞蹈高级增强
4847,踊るエクスブースター,舞蹈极限增强
4848,踊るオーバーブースター,舞蹈超增强
4849,踊りの神書,舞蹈之神书
4850,踊りの混沌書,舞蹈之混沌书
4851,踊りの最終書,舞蹈之最终书
4852,歌の書,歌之书
4853,歌うハイブースター,歌唱高级增强
4854,歌うエクスブースター,歌唱极限增强
4855,歌うオーバーブースター,歌唱超增强
4856,歌の神書,歌之神书
4857,歌の混沌書,歌之混沌书
4858,歌の最終書,歌之最终书
4859,話術の書,话术之书
4860,話すハイブースター,交谈高级增强
4861,話すエクスブースター,交谈极限增强
4862,話すオーバーブースター,交谈超增强
4863,話術の神書,话术之神书
4864,話術の混沌書,话术之混沌书
4865,話術の最終書,话术之最终书
4866,魔導科学の書,魔导科学之书
4867,魔導科学ハイブースター,魔导科学高级增强
4868,魔導科学エクスブースター,魔导科学极限增强
4869,魔導科学オーバーブースター,魔导科学超增强
4870,魔導科学の神書,魔导科学之神书
4871,魔導科学の混沌書,魔导科学之混沌书
4872,魔導科学の最終書,魔导科学之最终书
4873,錬金術の書,炼金术之书
4874,錬金術ハイブースター,炼金术高级增强
4875,錬金術エクスブースター,炼金术极限增强
4876,錬金術オーバーブースター,炼金术超增强
4877,錬金術の神書,炼金术之神书
4878,錬金術の混沌書,炼金术之混沌书
4879,錬金術の最終書,炼金术之最终书
4880,魔本術の書,魔本术之书
4881,魔本術ハイブースター,魔本术高级增强
4882,魔本術エクスブースター,魔本术极限增强
4883,魔本術オーバーブースター,魔本术超增强
4884,魔本術の神書,魔本术之神书
4885,魔本術の混沌書,魔本术之混沌书
4886,魔本術の最終書,魔本术之最终书
4887,マキナオーバーブースター,器械超增强
4888,マキナの神書,器械之神书
4889,マキナの混沌書,器械之混沌书
4890,マキナの最終書,器械之最终书
4891,料理の書,料理之书
4892,料理ハイブースター,料理高级增强
4893,料理エクスブースター,料理极限增强
4894,料理オーバーブースター,料理超增强
4895,料理の神書,料理之神书
4896,料理の混沌書,料理之混沌书
4897,料理の最終書,料理之最终书
4898,医術の書,医术之书
4899,医術ハイブースター,医术高级增强
4900,医術エクスブースター,医术极限增强
4901,医術オーバーブースター,医术超增强
4902,医術の神書,医术之神书
4903,医術の混沌書,医术之混沌书
4904,医術の最終書,医术之最终书
4905,御奉仕の書,侍奉之书
4906,御奉仕ハイブースター,侍奉高级增强
4907,御奉仕エクスブースター,侍奉极限增强
4908,御奉仕オーバーブースター,侍奉超增强
4909,御奉仕の神書,侍奉之神书
4910,御奉仕の混沌書,侍奉之混沌书
4911,御奉仕の最終書,侍奉之最终书
4912,王技の書,王技之书
4913,王技ハイブースター,王技高级增强
4914,王技エクスブースター,王技极限增强
4915,王技オーバーブースター,王技超增强
4916,王技の神書,王技之神书
4917,王技の混沌書,王技之混沌书
4918,王技の最終書,王技之最终书
4919,勇者技の書,勇者技之书
4920,勇者技ハイブースター,勇者技高级增强
4921,勇者技エクスブースター,勇者技极限增强
4922,勇者技オーバーブースター,勇者技超增强
4923,勇者技の神書,勇者技之神书
4924,勇者技の混沌書,勇者技之混沌书
4925,勇者技の最終書,勇者技之最终书
4926,淫技の書,淫技之书
4927,淫技ハイブースター,淫技高级增强
4928,淫技エクスブースター,淫技极限增强
4929,淫技オーバーブースター,淫技超增强
4930,淫技の神書,淫技之神书
4931,淫技の混沌書,淫技之混沌书
4932,淫技の最終書,淫技之最终书
4933,サイコブースター,念动增强
4934,サイコハイブースター,念动高级增强
4935,サイコエクスブースター,念动极限增强
4936,サイコオーバーブースター,念动超增强
4937,サイコの神書,念动之神书
4938,サイコの混沌書,念动之混沌书
4939,サイコの最終書,念动之最终书
4940,魔技オーバーブースター,魔技超增强
4941,魔技の神書,魔技之神书
4942,魔技の混沌書,魔技之混沌书
4943,魔技の最終書,魔技之最终书
4944,海技オーバーブースター,海技超增强
4945,海技の神書,海技之神书
4946,海技の混沌書,海技之混沌书
4947,海技の最終書,海技之最终书
4948,自然感応オーバーブースター,自然感应超增强
4949,自然感応の神書,自然感应之神书
4950,自然感応の混沌書,自然感应之混沌书
4951,自然感応の最終書,自然感应之最终书
4952,粘液技オーバーブースター,粘液技超增强
4953,粘液技の神書,粘液技之神书
4954,粘液技の混沌書,粘液技之混沌书
4955,粘液技の最終書,粘液技之最终书
4956,獣技オーバーブースター,兽技超增强
4957,獣技の神書,兽技之神书
4958,獣技の混沌書,兽技之混沌书
4959,獣技の最終書,兽技之最终书
4960,蛇技オーバーブースター,蛇技超增强
4961,蛇技の神書,蛇技之神书
4962,蛇技の混沌書,蛇技之混沌书
4963,蛇技の最終書,蛇技之最终书
4964,触手技オーバーブースター,触手技超增强
4965,触手技の神書,触手技之神书
4966,触手技の混沌書,触手技之混沌书
4967,触手技の最終書,触手技之最终书
4968,翼技オーバーブースター,翼技超增强
4969,翼技の神書,翼技之神书
4970,翼技の混沌書,翼技之混沌书
4971,翼技の最終書,翼技之最终书
4972,ブレスオーバーブースター,吐息超增强
4973,ブレスの神書,吐息之神书
4974,ブレスの混沌書,吐息之混沌书
4975,ブレスの最終書,吐息之最终书
4976,虫オーバーブースター,虫超增强
4977,虫技の神書,虫技之神书
4978,虫技の混沌書,虫技之混沌书
4979,虫技の最終書,虫技之最终书
4980,植物オーバーブースター,植物超增强
4981,植物技の神書,植物技之神书
4982,植物技の混沌書,植物技之混沌书
4983,植物技の最終書,植物技之最终书
4984,屍技オーバーブースター,尸技超增强
4985,屍技の神書,尸技之神书
4986,屍技の混沌書,尸技之混沌书
4987,屍技の最終書,尸技之最终书
4988,造技オーバーブースター,造技超增强
4989,造技の神書,造技之神书
4990,造技の混沌書,造技之混沌书
4991,造技の最終書,造技之最终书
4992,巨技の書,巨技之书
4993,巨技の秘伝書,巨技之秘传书
4994,巨技の極意書,巨技之极意书
4995,巨技オーバーブースター,巨技超增强
4996,巨技の神書,巨技之神书
4997,巨技の混沌書,巨技之混沌书
4998,巨技の最終書,巨技之最终书
4999,妖術ブースター,妖术增强
5000,妖術ハイブースター,妖术高级增强
5001,妖術エクスブースター,妖术极限增强
5002,妖術オーバーブースター,妖术超增强
5003,妖術の神書,妖术之神书
5004,妖術の混沌書,妖术之混沌书
5005,妖術の最終書,妖术之最终书
5006,特技ブースター,特技增强
5007,特技ハイブースター,特技高级增强
5008,特技エクスブースター,特技极限增强
5009,特技オーバーブースター,特技超增强
5010,特技の神書,特技之神书
5011,特技の混沌書,特技之混沌书
5012,特技の最終書,特技之最终书
5013,装備武器ブースター,装备武器增强
5014,装備武器ハイブースター,装备武器高级增强
5015,装備武器エクスブースター,装备武器极限增强
5016,装備武器オーバーブースター,装备武器超增强
5017,装備武器の神書,装备武器之神书
5018,装備武器の混沌書,装备武器之混沌书
5019,装備武器の最終書,装备武器之最终书
5020,鎌技状態異常率アップ,镰技状态异常率提升
5021,鞭技状態異常率アップ,鞭技状态异常率提升
5022,黒魔法状態異常率アップ,黑魔法状态异常率提升
5023,時魔法状態異常率アップ,时魔法状态异常率提升
5024,陰陽状態異常率アップ,阴阳状态异常率提升
5025,話す状態異常率アップ,交谈状态异常率提升
5026,医術状態異常率アップ,医术状态异常率提升
5027,鱗粉状態異常率アップ,鳞粉状态异常率提升
5028,ブレス状態異常率アップ,吐息状态异常率提升
5029,物理耐性貫通,物理耐性贯通
5030,快楽耐性貫通,快乐耐性贯通
5031,炎耐性貫通,炎耐性贯通
5032,氷耐性貫通,冰耐性贯通
5033,雷耐性貫通,雷耐性贯通
5034,風耐性貫通,风耐性贯通
5035,土耐性貫通,土耐性贯通
5036,水耐性貫通,水耐性贯通
5037,聖耐性貫通,圣耐性贯通
5038,闇耐性貫通,暗耐性贯通
5039,バイオ耐性貫通,生化耐性贯通
5040,音波耐性貫通,音波耐性贯通
5041,銀河耐性貫通,银河耐性贯通
5042,混沌耐性貫通,混沌耐性贯通
5043,即死の極印,即死之极印
5044,即死の神印,即死之神印
5045,昇天の極印,升天之极印
5046,昇天の神印,升天之神印
5047,絶頂の極印,绝顶之极印
5048,絶頂の神印,绝顶之神印
5049,毒の極印,毒之极印
5050,毒の神印,毒之神印
5051,暗闇の極印,黑暗之极印
5052,暗闇の神印,黑暗之神印
5053,沈黙の極印,沉默之极印
5054,沈黙の神印,沉默之神印
5055,混乱の極印,混乱之极印
5056,混乱の神印,混乱之神印
5057,睡眠の極印,睡眠之极印
5058,睡眠の神印,睡眠之神印
5059,麻痺の極印,麻痹之极印
5060,麻痺の神印,麻痹之神印
5061,バーンの極印,燃烧之极印
5062,バーンの神印,燃烧之神印
5063,フリーズの極印,冻结之极印
5064,フリーズの神印,冰冻之神印
5065,ショックの極印,电击之极印
5066,ショックの神印,电击之神印
5067,スロウの極印,减速之极印
5068,スロウの神印,减速之神印
5069,ストップの極印,停止之极印
5070,ストップの神印,停止之神印
5071,ミニマムの極印,缩小之极印
5072,ミニマムの神印,缩小之神印
5073,ゾンビの極印,僵尸之极印
5074,ゾンビの神印,僵尸之神印
5075,石化の極印,石化之极印
5076,石化の神印,石化之神印
5077,消化の極印,消化之极印
5078,消化の神印,消化之神印
5079,スタンの極印,眩晕之极印
5080,スタンの神印,眩晕之神印
5081,ヌルヌルの極印,黏滑之极印
5082,ヌルヌルの神印,黏滑之神印
5083,敏感の極印,敏感之极印
5084,敏感の神印,敏感之神印
5085,恍惚の極印,恍惚之极印
5086,恍惚の神印,恍惚之神印
5087,誘惑の極印,诱惑之极印
5088,誘惑の神印,诱惑之神印
5089,失禁の極印,失禁之极印
5090,失禁の神印,失禁之神印
5091,物理耐性25%,""
5092,物理反射,""
5093,快楽耐性25%,快乐耐性25%
5094,快楽反射,快乐反射
5095,炎耐性25%,""
5096,炎反射,火焰反射
5097,氷耐性25%,冰耐性25%
5098,氷反射,冰反射
5099,雷耐性25%,""
5100,雷反射,""
5101,風耐性25%,风耐性25%
5102,風反射,风反射
5103,土耐性25%,""
5104,土反射,""
5105,水耐性25%,""
5106,水反射,""
5107,聖耐性25%,圣耐性25%
5108,聖反射,圣反射
5109,闇耐性25%,暗耐性25%
5110,闇反射,暗反射
5111,音波耐性25%,""
5112,音波反射,""
5113,バイオ耐性25%,生化耐性25%
5114,バイオ反射,生化反射
5115,炎氷雷耐性75%,炎冰雷耐性75%
5116,炎氷雷耐性50%,炎冰雷耐性50%
5117,炎氷雷耐性25%,炎冰雷耐性25%
5118,炎氷雷無効,炎冰雷无效
5119,炎氷雷吸収,炎冰雷吸收
5120,炎氷雷反射,炎冰雷反射
5121,風土水耐性75%,风土水耐性75%
5122,風土水耐性50%,风土水耐性50%
5123,風土水耐性25%,风土水耐性25%
5124,風土水無効,风土水无效
5125,風土水吸収,风土水吸收
5126,風土水反射,风土水反射
5127,六属性耐性25%,""
5128,六属性反射,""
5129,銀河のペンダント,银河之吊坠
5130,銀河のアミュレット,银河之护符
5131,銀河耐性25%,银河耐性25%
5132,銀河のリング,银河之戒指
5133,銀河のエンゲージリング,银河之订婚戒指
5134,銀河反射,银河反射
5135,修羅のペンダント,修罗之吊坠
5136,修羅のアミュレット,修罗之护符
5137,修羅耐性25%,修罗耐性25%
5138,修羅のリング,修罗之戒指
5139,修羅のエンゲージリング,修罗之订婚戒指
5140,修羅反射,修罗反射
5141,ナイトメアのペンダント,噩梦之吊坠
5142,ナイトメアのアミュレット,噩梦之护符
5143,ナイトメア耐性25%,噩梦耐性25%
5144,ナイトメアのリング,噩梦之戒指
5145,ナイトメアのエンゲージリング,噩梦之订婚戒指
5146,ナイトメア反射,噩梦反射
5147,核熱のペンダント,核热之吊坠
5148,核熱のアミュレット,核热之护符
5149,核熱耐性25%,核热耐性25%
5150,核熱のリング,核热之戒指
5151,核熱のエンゲージリング,核热之订婚戒指
5152,核熱反射,核热反射
5153,量子のペンダント,量子之吊坠
5154,量子のアミュレット,量子之护符
5155,量子耐性25%,""
5156,量子のリング,量子之戒指
5157,量子のエンゲージリング,量子之订婚戒指
5158,量子反射,""
5159,イオンのペンダント,离子之吊坠
5160,イオンのアミュレット,离子之护符
5161,イオン耐性25%,离子耐性25%
5162,イオンのリング,离子之戒指
5163,イオンのエンゲージリング,离子之订婚戒指
5164,イオン反射,离子反射
5165,ハドロンのペンダント,强子的护符
5166,ハドロンのアミュレット,强子之护符
5167,ハドロン耐性25%,强子耐性25%
5168,ハドロンのリング,强子之戒指
5169,ハドロンのエンゲージリング,强子之订婚戒指
5170,ハドロン反射,强子反射
5171,テラのペンダント,大地之吊坠
5172,テラのアミュレット,大地之护符
5173,テラ耐性25%,大地耐性25%
5174,テラのリング,大地之戒指
5175,テラのエンゲージリング,大地之订婚戒指
5176,テラ反射,大地反射
5177,ナノのペンダント,纳米之吊坠
5178,ナノのアミュレット,纳米之护符
5179,ナノ耐性25%,纳米耐性25%
5180,ナノのリング,纳米之戒指
5181,ナノのエンゲージリング,纳米之订婚戒指
5182,ナノ反射,纳米反射
5183,永劫のペンダント,永劫之吊坠
5184,永劫のアミュレット,永劫之护符
5185,永劫耐性25%,""
5186,永劫のリング,永劫之戒指
5187,永劫のエンゲージリング,永劫之订婚戒指
5188,永劫反射,""
5189,終焉のペンダント,终焉之吊坠
5190,終焉のアミュレット,终焉之护符
5191,終焉耐性25%,终焉耐性25%
5192,終焉のリング,终焉之戒指
5193,終焉のエンゲージリング,终焉之订婚戒指
5194,終焉反射,终焉反射
5195,ヌル耐性75%,虚无耐性75%
5196,ヌル耐性50%,虚无耐性50%
5197,ヌル耐性25%,虚无耐性25%
5198,ヌル無効,虚无无效
5199,ヌル吸収,虚无吸收
5200,ヌル反射,虚无反射
5201,快楽状態異常無効,快乐状态异常无效
5202,一刀の誇り,一刀的骄傲
5203,一刀の極み,一刀的极致
5204,二刀流強化,二刀流强化
5205,二刀流超強化,二刀流超强化
5206,三刀流,""
5207,三刀流強化,三刀流强化
5208,三刀流超強化,三刀流超强化
5209,ダブルシールド,双盾
5210,##ダブルシールド時能力,""
5211,ダブルシールド強化,双盾强化
5212,##ダブルシールド強化時能力,""
5213,ダブルシールド超強化,双盾超强化
5214,##ダブルシールド超強化時能力,""
5215,サイコソルジャーの悟り,念动战士的领悟
5216,妖術師の悟り,妖术师的领悟
5217,巨人の悟り,巨人的领悟
5218,あらゆる武技の悟り,所有武技的领悟
5219,あらゆる職技の悟り,所有职业技能的领悟
5220,あらゆる魔法の悟り,所有魔法的领悟
5221,あらゆる魔物の悟り,所有魔物的领悟
5222,短剣技速攻,短剑技速攻
5223,剣技速攻,剑技速攻
5224,尖剣技速攻,尖剑技速攻
5225,刀技速攻,""
5226,槍技速攻,枪技速攻
5227,斧技速攻,""
5228,棍技速攻,""
5229,鎌技速攻,镰技速攻
5230,弓技速攻,""
5231,鞭技速攻,""
5232,投擲技速攻,投掷技速攻
5233,鉄球技速攻,铁球技速攻
5234,扇技速攻,""
5235,銃技速攻,铳技速攻
5236,多武器技速攻,""
5237,格闘速攻,格斗速攻
5238,白魔法速攻,""
5239,黒魔法速攻,黑魔法速攻
5240,時魔法速攻,时魔法速攻
5241,召喚速攻,召唤速攻
5242,聖技速攻,圣技速攻
5243,闇技速攻,暗技速攻
5244,魔法剣速攻,魔法剑速攻
5245,陰陽術速攻,阴阳术速攻
5246,盗賊技速攻,盗贼技速攻
5247,忍術速攻,忍术速攻
5248,海賊技速攻,海贼技速攻
5249,ヒーロー技速攻,英雄技速攻
5250,商技速攻,""
5251,EXアイテム速攻,EX物品速攻
5252,オラクル速攻,神谕速攻
5253,踊る速攻,舞蹈速攻
5254,歌う速攻,歌唱速攻
5255,話す速攻,交谈速攻
5256,魔導科学速攻,魔导科学速攻
5257,錬金術速攻,炼金术速攻
5258,魔本術速攻,魔本术速攻
5259,マキナ速攻,器械速攻
5260,料理速攻,""
5261,医術速攻,医术速攻
5262,御奉仕速攻,侍奉速攻
5263,王技速攻,""
5264,勇者技速攻,""
5265,淫技速攻,""
5266,魔技速攻,""
5267,海技速攻,""
5268,粘液技速攻,""
5269,獣技速攻,兽技速攻
5270,蛇技速攻,""
5271,触手技速攻,""
5272,翼技速攻,""
5273,虫技速攻,""
5274,植物技速攻,""
5275,屍技速攻,尸技速攻
5276,造技速攻,""
5277,自然感応速攻,自然感应速攻
5278,ブレス速攻,吐息速攻
5279,特技速攻,""
5280,装備武器速攻,装备武器速攻
5281,サイコ速攻,念动速攻
5282,妖術速攻,妖术速攻
5283,巨技速攻,""
5284,全武技スキル速攻,全武技技能迅速发动
5285,全職技スキル速攻,全职技技能迅速发动
5286,全魔法スキル速攻,所有魔法技能立即发动
5287,全魔物スキル速攻,全魔物技能速攻
5288,短剣技防御力無視,短剑技无视防御力
5289,剣技防御力無視,剑技无视防御力
5290,尖剣技防御力無視,尖剑技无视防御力
5291,刀技防御力無視,刀技无视防御力
5292,槍技防御力無視,枪技无视防御力
5293,斧技防御力無視,斧技无视防御力
5294,棍技防御力無視,棍技无视防御力
5295,鎌技防御力無視,镰技无视防御力
5296,弓技防御力無視,弓技无视防御力
5297,鞭技防御力無視,鞭技无视防御力
5298,投擲技防御力無視,投掷技防御力无视
5299,鉄球技防御力無視,铁球技防御力无视
5300,扇技防御力無視,扇技防御力无视
5301,銃技防御力無視,铳技防御力无视
5302,多武器技防御力無視,多武器技防御力无视
5303,格闘防御力無視,格斗防御力无视
5304,白魔法防御力無視,白魔法防御力无视
5305,黒魔法防御力無視,黑魔法防御力无视
5306,時魔法防御力無視,时魔法防御力无视
5307,召喚防御力無視,召唤防御力无视
5308,聖技防御力無視,圣技防御力无视
5309,闇技防御力無視,暗技防御力无视
5310,陰陽術防御力無視,阴阳术防御力无视
5311,忍術防御力無視,忍术防御力无视
5312,海賊技防御力無視,海贼技防御力无视
5313,ヒーロー技防御力無視,英雄技防御力无视
5314,商技防御力無視,商技防御力无视
5315,EXアイテム防御力無視,EX物品防御力无视
5316,オラクル防御力無視,神谕防御力无视
5317,踊る防御力無視,舞蹈防御力无视
5318,歌う防御力無視,歌唱防御力无视
5319,話す防御力無視,交谈防御力无视
5320,魔導科学防御力無視,魔导科学防御力无视
5321,錬金術防御力無視,炼金术防御力无视
5322,魔本術防御力無視,魔本术防御力无视
5323,料理防御力無視,烹饪防御力无视
5324,医術防御力無視,医术防御力无视
5325,御奉仕防御力無視,侍奉防御力无视
5326,王技防御力無視,王技防御力无视
5327,勇者技防御力無視,勇者技防御力无视
5328,淫技防御力無視,淫技防御力无视
5329,魔技防御力無視,魔技防御力无视
5330,海技防御力無視,海技防御力无视
5331,粘液技防御力無視,粘液技防御力无视
5332,獣技防御力無視,兽技防御力无视
5333,蛇技防御力無視,蛇技防御力无视
5334,触手技防御力無視,触手技防御力无视
5335,翼技防御力無視,翼技防御力无视
5336,虫技防御力無視,虫技防御力无视
5337,植物技防御力無視,植物技防御力无视
5338,屍技防御力無視,尸技防御力无视
5339,造技防御力無視,造技防御力无视
5340,自然感応防御力無視,自然感应防御力无视
5341,ブレス防御力無視,吐息防御力无视
5342,特技防御力無視,特技防御力无视
5343,装備武器防御力無視,装备武器防御力无视
5344,妖術防御力無視,妖术防御力无视
5345,巨技防御力無視,巨技防御力无视
5346,全武技スキル防御力無視,全武技技能防御力无视
5347,全職技スキル防御力無視,全职技技能防御力无视
5348,全魔法スキル防御力無視,所有魔法技能无视防御力
5349,全魔物スキル防御力無視,全魔物技能防御力无视
5350,短剣技連撃回数2アップ,短剑技连击次数增加2
5351,短剣技連撃回数3アップ,短剑技连击次数增加3
5352,剣技連撃回数2アップ,剑技连击次数增加2
5353,剣技連撃回数3アップ,剑技连击次数增加3
5354,尖剣連撃回数1アップ,尖剑连击次数增加1
5355,尖剣連撃回数2アップ,尖剑连击次数增加2
5356,尖剣連撃回数3アップ,尖剑连击次数增加3
5357,尖剣連撃回数4アップ,尖剑连击次数增加4
5358,刀技連撃回数2アップ,刀技连击次数增加2
5359,刀技連撃回数3アップ,刀技连击次数增加3
5360,槍技連撃回数2アップ,枪技连击次数增加2
5361,槍技連撃回数3アップ,枪技连击次数增加3
5362,斧技連撃回数2アップ,斧技连击次数增加2
5363,斧技連撃回数3アップ,斧技连击次数增加3
5364,棍技連撃回数2アップ,棍技连击次数增加2
5365,棍技連撃回数3アップ,棍技连击次数增加3
5366,鎌技連撃回数2アップ,镰技连击次数增加2
5367,鎌技連撃回数3アップ,镰技连击次数增加3
5368,弓技連撃回数3アップ,弓技连击次数增加3
5369,弓技連撃回数4アップ,弓技连击次数增加4
5370,鞭技連撃回数2アップ,鞭技连击次数增加2
5371,鞭技連撃回数3アップ,鞭技连击次数增加3
5372,投擲技連撃回数2アップ,投掷技连击次数增加2
5373,投擲技連撃回数3アップ,投掷技连击次数增加3
5374,鉄球技連撃回数2アップ,铁球技连击次数增加2
5375,鉄球技連撃回数3アップ,铁球技连击次数增加3
5376,扇技連撃回数2アップ,扇技连击次数增加2
5377,扇技連撃回数3アップ,扇技连击次数增加3
5378,銃連撃回数1アップ,铳连击次数增加1
5379,銃連撃回数2アップ,铳连击次数增加2
5380,銃連撃回数3アップ,铳连击次数增加3
5381,銃連撃回数4アップ,铳连击次数增加4
5382,多武器技連撃回数3アップ,多武器技连击次数增加3
5383,多武器技連撃回数4アップ,多武器技连击次数增加4
5384,格闘連撃回数2アップ,格斗连击次数增加2
5385,格闘連撃回数3アップ,格斗连击次数增加3
5386,魔法連撃回数2アップ,魔法连击次数增加2
5387,魔法連撃回数3アップ,魔法连击次数增加3
5388,忍術連撃回数2アップ,忍术连击次数增加2
5389,忍術連撃回数3アップ,忍术连击次数增加3
5390,海賊技連撃回数2アップ,海贼技连击次数增加2
5391,海賊技連撃回数3アップ,海贼技连击次数增加3
5392,淫技連撃回数2アップ,淫技连击次数增加2
5393,淫技連撃回数3アップ,淫技连击次数增加3
5394,魔技連撃回数2アップ,魔技连击次数增加2
5395,魔技連撃回数3アップ,魔技连击次数增加3
5396,獣技連撃回数2アップ,兽技连击次数增加2
5397,獣技連撃回数3アップ,兽技连击次数增加3
5398,触手技連撃回数3アップ,触手技连击次数增加3
5399,触手技連撃回数4アップ,触手技连击次数增加4
5400,造技連撃回数2アップ,造技连击次数增加2
5401,造技連撃回数3アップ,造技连击次数增加3
5402,妖術連撃回数2アップ,妖术连击次数增加2
5403,妖術連撃回数3アップ,妖术连击次数增加3
5404,テクニカルナイフ,技术小刀
5405,マジカルソード,魔法剑
5406,テクニカルソード,技术之剑
5407,マギレイピア,魔法之刺
5408,スピードレイピア,速度之刺
5409,絶の刃,绝之刃
5410,閃の刃,闪之刃
5411,剛の槍,刚之枪
5412,空の槍,空之枪
5413,マスターシックル,大师之镰
5414,マジカルアロー,魔法之箭
5415,マインドアロー,精神之箭
5416,テクニカルアロー,技术之箭
5417,マジカルウィップ,魔法鞭
5418,マインドウィップ,精神鞭
5419,テクニカルウィップ,技术鞭
5420,ガードブーメラン,防御回旋镖
5421,マインドブーメラン,精神回旋镖
5422,テクニカルブーメラン,技术回旋镖
5423,防護の鉄球,防护铁球
5424,精神の鉄球,精神的铁球
5425,器用の鉄球,灵巧的铁球
5426,重の拳,重拳
5427,躍の拳,跃动的拳
5428,流麗拳法,流丽拳法
5429,クロッシングヒール,交叉治愈
5430,アタックマギ,攻击魔法
5431,ラピッドマギ,快速魔法
5432,テクニカルマギ,技术魔法
5433,マジックサイコ,魔法念动
5434,テクニカルサイコ,技术念动
5435,短剣技魔力半分付加,短剑技附加一半的魔力
5436,短剣技素早さ半分付加,短剑技附加一半的敏捷
5437,剣技防御力半分付加,剑技附加一半的防御力
5438,剣技魔力半分付加,剑技附加一半的魔力
5439,剣技精神力半分付加,剑技附加一半的精神力
5440,尖剣技器用さ半分付加,尖剑技附加一半的灵巧
5441,尖剣技魔力半分付加,尖剑技附加一半的魔力
5442,尖剣技精神力半分付加,尖剑技附加一半的精神力
5443,刀技素早さ半分付加,刀技附加一半的敏捷
5444,槍技器用さ半分付加,枪技附加一半的灵巧
5445,斧技防御力半分付加,斧技附加一半的防御力
5446,棍技防御力半分付加,棍技附加一半的防御力
5447,鎌技精神力半分付加,镰技附加一半的精神力
5448,鎌技器用さ半分付加,镰技附加一半的灵巧
5449,弓技精神力半分付加,弓技附加一半的精神力
5450,弓技素早さ半分付加,弓技附加一半的敏捷
5451,鞭技精神力半分付加,鞭技附加一半的精神力
5452,鞭技素早さ半分付加,鞭技附加一半的敏捷
5453,投擲技防御力半分付加,投掷技附加一半的防御力
5454,投擲技精神力半分付加,投掷技附加一半的精神力
5455,投擲技素早さ半分付加,投掷技附加一半的敏捷
5456,鉄球技防御力半分付加,铁球技附加一半的防御力
5457,扇技魔力半分付加,扇技附加一半的魔力
5458,扇技精神力半分付加,扇技附加一半的精神力
5459,銃技防御力半分付加,铳技附加一半的防御力
5460,銃技素早さ半分付加,铳技附加一半的敏捷
5461,多武器技素早さ半分付加,多武器技附加一半的敏捷
5462,多武器技器用さ半分付加,多武器技附加一半的灵巧
5463,格闘魔力半分付加,格斗附加一半的魔力
5464,格闘防御力半分付加,格斗附加一半的防御力
5465,格闘精神力半分付加,格斗附加一半的精神力
5466,白魔法魔力半分付加,白魔法附加一半的魔力
5467,黒魔法精神力半分付加,黑魔法附加一半的精神力
5468,時魔法精神力半分付加,时魔法附加一半的精神力
5469,召喚精神力半分付加,召唤附加一半的精神力
5470,聖技魔力半分付加,圣技附加一半的魔力
5471,闇技精神力半分付加,暗技附加一半的精神力
5472,陰陽術精神力半分付加,阴阳术附加一半的精神力
5473,忍術魔力半分付加,忍术附加一半的魔力
5474,忍術素早さ半分付加,忍术附加一半的敏捷
5475,海賊技防御力半分付加,海贼技附加一半的防御力
5476,海賊技精神力半分付加,海贼技附加一半的精神力
5477,ヒーロー技防御力半分付加,英雄技附加一半的防御力
5478,ヒーロー技精神力半分付加,英雄技附加一半的精神力
5479,オラクル魔力半分付加,神谕附加一半的魔力
5480,踊る魔力半分付加,舞蹈附加一半的魔力
5481,踊る精神力半分付加,舞蹈附加一半的精神力
5482,踊る素早さ半分付加,舞蹈附加一半的敏捷
5483,歌う魔力半分付加,歌唱附加一半的魔力
5484,歌う精神力半分付加,歌唱附加一半的精神力
5485,歌う素早さ半分付加,歌唱附加一半的敏捷
5486,魔導科学精神力半分付加,魔导科学附加一半的精神力
5487,魔本術精神力半分付加,魔本术附加一半的精神力
5488,マキナ攻撃力半分付加,器械附加一半的攻击力
5489,医術素早さ半分付加,医术附加一半的敏捷
5490,御奉仕素早さ半分付加,侍奉附加一半的敏捷
5491,王技防御力半分付加,王技附加一半的防御力
5492,王技精神力半分付加,王技附加一半的精神力
5493,王技器用さ半分付加,王技附加一半的灵巧
5494,勇者技防御力半分付加,勇者技附加一半的防御力
5495,勇者技精神力半分付加,勇者技附加一半的精神力
5496,淫技精神力半分付加,淫技附加一半的精神力
5497,淫技素早さ半分付加,淫技附加一半的敏捷
5498,魔技攻撃力半分付加,魔技附加一半的攻击力
5499,魔技魔力半分付加,魔技附加一半的魔力
5500,魔技素早さ半分付加,魔技附加一半的敏捷
5501,魔技器用さ半分付加,魔技附加一半的灵巧
5502,海技精神力半分付加,海技附加一半的精神力
5503,粘液技防御力半分付加,粘液技附加一半的防御力
5504,獣技器用さ半分付加,兽技附加一半的灵巧
5505,蛇技精神力半分付加,蛇技附加一半的精神力
5506,触手技素早さ半分付加,触手技附加一半的敏捷
5507,翼技攻撃力半分付加,翼技附加一半的攻击力
5508,虫技素早さ半分付加,虫技附加一半的敏捷
5509,植物技精神力半分付加,植物技附加一半的精神力
5510,屍技防御力半分付加,尸技附加一半的防御力
5511,屍技精神力半分付加,尸技附加一半的精神力
5512,造技攻撃力半分付加,造技附加一半的攻击力
5513,造技素早さ半分付加,造技附加一半的敏捷
5514,自然感応精神力半分付加,自然感应附加一半的精神力
5515,ブレス防御力半分付加,吐息附加一半的防御力
5516,特技精神力半分付加,特技附加一半的精神力
5517,装備武器器用さ半分付加,装备武器附加一半的灵巧
5518,サイコ魔力半分付加,念动附加一半的魔力
5519,サイコ器用さ半分付加,念动附加一半的灵巧
5520,妖術精神力半分付加,妖术附加一半的精神力
5521,巨技防御力半分付加,巨技附加一半的防御力
5522,短剣技頑強発動,短剑技顽强发动
5523,剣技頑強発動,剑技顽强发动
5524,尖剣技頑強発動,尖剑技顽强发动
5525,刀技頑強発動,刀技顽强发动
5526,槍技頑強発動,枪技顽强发动
5527,斧技頑強発動,斧技顽强发动
5528,棍技頑強発動,棍技顽强发动
5529,鎌技頑強発動,镰技顽强发动
5530,弓技頑強発動,弓技顽强发动
5531,鞭技頑強発動,鞭技顽强发动
5532,投擲技頑強発動,投掷技顽强发动
5533,鉄球技頑強発動,铁球技顽强发动
5534,扇技頑強発動,扇技顽强发动
5535,銃技頑強発動,铳技顽强发动
5536,多武器技頑強発動,多武器技顽强发动
5537,格闘頑強発動,格斗顽强发动
5538,白魔法頑強発動,白魔法顽强发动
5539,黒魔法頑強発動,黑魔法顽强发动
5540,時魔法頑強発動,时魔法顽强发动
5541,召喚頑強発動,召唤顽强发动
5542,聖技頑強発動,圣技顽强发动
5543,闇技頑強発動,暗技顽强发动
5544,魔法剣頑強発動,魔法剑顽强发动
5545,陰陽術頑強発動,阴阳术顽强发动
5546,盗賊技頑強発動,盗贼技顽强发动
5547,忍術頑強発動,忍术顽强发动
5548,海賊技頑強発動,海贼技顽强发动
5549,ヒーロー技頑強発動,英雄技顽强发动
5550,商技頑強発動,商技顽强发动
5551,EXアイテム頑強発動,EX物品顽强发动
5552,オラクル頑強発動,神谕顽强发动
5553,踊る頑強発動,舞蹈顽强发动
5554,歌う頑強発動,歌唱顽强发动
5555,話す頑強発動,交谈顽强发动
5556,魔導科学頑強発動,魔导科学顽强发动
5557,錬金術頑強発動,炼金术顽强发动
5558,魔本術頑強発動,魔本术顽强发动
5559,マキナ頑強発動,器械顽强发动
5560,料理頑強発動,料理顽强发动
5561,医術頑強発動,医术顽强发动
5562,御奉仕頑強発動,侍奉顽强发动
5563,王技頑強発動,王技顽强发动
5564,勇者技頑強発動,勇者技顽强发动
5565,淫技頑強発動,淫技顽强发动
5566,魔技頑強発動,魔技顽强发动
5567,海技頑強発動,海技顽强发动
5568,粘液技頑強発動,粘液技顽强发动
5569,獣技頑強発動,兽技顽强发动
5570,蛇技頑強発動,蛇技顽强发动
5571,触手技頑強発動,触手技顽强发动
5572,翼技頑強発動,翼技顽强发动
5573,虫技頑強発動,虫技顽强发动
5574,植物技頑強発動,植物技顽强发动
5575,屍技頑強発動,尸技顽强发动
5576,造技頑強発動,造技顽强发动
5577,自然感応頑強発動,自然感应顽强发动
5578,ブレス頑強発動,吐息顽强发动
5579,特技頑強発動,特技顽强发动
5580,装備武器頑強発動,装备武器顽强发动
5581,サイコ頑強発動,念动顽强发动
5582,妖術頑強発動,妖术顽强发动
5583,巨技頑強発動,巨技顽强发动
5584,全武技スキル頑強発動,全武技技能顽强发动
5585,頑固一徹,顽固一彻
5586,全魔法スキル頑強発動,所有魔法技能顽强发动
5587,全魔物スキル頑強発動,全魔物技能顽强发动
5588,短剣技後ガード,短剑技后防御
5589,剣技後ガード,剑技后防御
5590,尖剣技後ガード,尖剑技后防御
5591,刀技後ガード,刀技后防御
5592,槍技後ガード,枪技后防御
5593,斧技後ガード,斧技后防御
5594,棍技後ガード,棍技后防御
5595,鎌技後ガード,镰技后防御
5596,弓技後ガード,弓技后防御
5597,鞭技後ガード,鞭技后防御
5598,投擲技後ガード,投掷技后防御
5599,鉄球技後ガード,铁球技后防御
5600,扇技後ガード,扇技后防御
5601,銃技後ガード,铳技后防御
5602,多武器技後ガード,多武器技后防御
5603,格闘後ガード,格斗后防御
5604,白魔法後ガード,白魔法后防御
5605,黒魔法後ガード,黑魔法后防御
5606,時魔法後ガード,时魔法后防御
5607,召喚後ガード,召唤后防御
5608,聖技後ガード,圣技后防御
5609,闇技後ガード,暗技后防御
5610,魔法剣後ガード,魔法剑后防御
5611,陰陽術後ガード,阴阳术后防御
5612,盗賊技後ガード,盗贼技后防御
5613,忍術後ガード,忍术后防御
5614,海賊技後ガード,海贼技后防御
5615,ヒーロー技後ガード,英雄技后防御
5616,商技後ガード,商技后防御
5617,EXアイテム後ガード,EX物品后防御
5618,オラクル後ガード,神谕后防御
5619,踊る後ガード,舞蹈后防御
5620,歌う後ガード,歌唱后防御
5621,話す後ガード,交谈后防御
5622,魔導科学後ガード,魔导科学后防御
5623,錬金術後ガード,炼金术后防御
5624,魔本術後ガード,魔本术后防御
5625,マキナ後ガード,器械后防御
5626,料理後ガード,料理后防御
5627,医術後ガード,医术后防御
5628,御奉仕後ガード,侍奉后防御
5629,王技後ガード,王技后防御
5630,勇者技後ガード,勇者技后防御
5631,淫技後ガード,淫技后防御
5632,魔技後ガード,魔技后防御
5633,海技後ガード,海技后防御
5634,粘液技後ガード,粘液技后防御
5635,獣技後ガード,兽技后防御
5636,蛇技後ガード,蛇技后防御
5637,触手技後ガード,触手技后防御
5638,翼技後ガード,翼技后防御
5639,虫技後ガード,虫技后防御
5640,植物技後ガード,植物技后防御
5641,屍技後ガード,尸技后防御
5642,造技後ガード,造技后防御
5643,自然感応後ガード,自然感应后防御
5644,ブレス後ガード,吐息后防御
5645,特技後ガード,特技后防御
5646,装備武器後ガード,装备武器后防御
5647,サイコ後ガード,念动后防御
5648,妖術後ガード,妖术后防御
5649,巨技後ガード,巨技后防御
5650,全武技スキル後ガード,全武技技能后防御
5651,全職技スキル後ガード,全职技技能后防御
5652,全魔法スキル後ガード,所有魔法技能后防御
5653,全魔物スキル後ガード,全魔物技能后防御
5654,短剣技収束オープ,短剑技集中开启
5655,剣技収束オープ,剑技集中开启
5656,尖剣技収束オープ,尖剑技集中开启
5657,刀技収束オープ,刀技收束开放
5658,槍技収束オープ,枪技收束开放
5659,斧技収束オープ,斧技收束开放
5660,棍技収束オープ,棍技收束开放
5661,鎌技収束オープ,镰技收束开放
5662,弓技収束オープ,弓技收束开放
5663,鞭技収束オープ,鞭技收束开放
5664,投擲技収束オープ,投掷技收束开放
5665,鉄球技収束オープ,铁球技收束开放
5666,扇技収束オープ,扇技收束开放
5667,銃技収束オープ,铳技收束开放
5668,多武器技収束オープ,多武器技收束开放
5669,格闘収束オープ,格斗收束开放
5670,白魔法収束オープ,白魔法收束开放
5671,黒魔法収束オープ,黑魔法收束开放
5672,時魔法収束オープ,时魔法收束开放
5673,召喚収束オープ,召唤收束开放
5674,聖技収束オープ,圣技收束开放
5675,闇技収束オープ,暗技收束开放
5676,魔法剣収束オープ,魔法剑收束开放
5677,陰陽術収束オープ,阴阳术收束开放
5678,盗賊技収束オープ,盗贼技收束开放
5679,忍術収束オープ,忍术收束开放
5680,海賊技収束オープ,海贼技收束开放
5681,ヒーロー技収束オープ,英雄技收束开放
5682,商技収束オープ,商技收束开放
5683,EXアイテム収束オープ,EX物品收束开放
5684,オラクル収束オープ,神谕收束开放
5685,踊る収束オープ,舞蹈收束开放
5686,歌う収束オープ,歌唱收束开放
5687,話す収束オープ,交谈收束开放
5688,魔導科学収束オープ,魔导科学收束开放
5689,錬金術収束オープ,炼金术收束开放
5690,魔本術収束オープ,魔本术收束开放
5691,マキナ収束オープ,器械收束开放
5692,料理収束オープ,料理收束开放
5693,医術収束オープ,医术收束开放
5694,御奉仕収束オープ,侍奉收束开放
5695,王技収束オープ,王技收束开放
5696,勇者技収束オープ,勇者技收束开放
5697,淫技収束オープ,""
5698,魔技収束オープ,""
5699,海技収束オープ,""
5700,粘液技収束オープ,""
5701,獣技収束オープ,兽技収束オープ
5702,蛇技収束オープ,""
5703,触手技収束オープ,""
5704,翼技収束オープ,""
5705,虫技収束オープ,""
5706,植物技収束オープ,""
5707,屍技収束オープ,尸技收束开放
5708,造技収束オープ,造技收束开放
5709,自然感応収束オープ,自然感应收束开放
5710,ブレス収束オープ,吐息收束开放
5711,特技収束オープ,特技收束开放
5712,装備武器収束オープ,装备武器收束开放
5713,サイコ収束オープ,念动收束开放
5714,妖術収束オープ,妖术收束开放
5715,巨技収束オープ,巨技收束开放
5716,カオス収束オープ,混沌收束开放
5717,短剣技拡散オープ,短剑技扩散开启
5718,剣技拡散オープ,剑技扩散开启
5719,尖剣技拡散オープ,尖剑技扩散开启
5720,刀技拡散オープ,刀技扩散开启
5721,槍技拡散オープ,枪技扩散开启
5722,斧技拡散オープ,斧技扩散开启
5723,棍技拡散オープ,棍技扩散开启
5724,鎌技拡散オープ,镰技扩散开启
5725,弓技拡散オープ,弓技扩散开启
5726,鞭技拡散オープ,鞭技扩散开启
5727,投擲技拡散オープ,投掷技扩散开放
5728,鉄球技拡散オープ,铁球技扩散开放
5729,扇技拡散オープ,扇技扩散开放
5730,銃技拡散オープ,铳技扩散开放
5731,多武器技拡散オープ,多武器技扩散开放
5732,格闘拡散オープ,格斗扩散开放
5733,白魔法拡散オープ,白魔法扩散开放
5734,黒魔法拡散オープ,黑魔法扩散开放
5735,時魔法拡散オープ,时魔法扩散开放
5736,召喚拡散オープ,召唤扩散开放
5737,聖技拡散オープ,圣技扩散开放
5738,闇技拡散オープ,暗技扩散开放
5739,魔法剣拡散オープ,魔法剑扩散开放
5740,陰陽術拡散オープ,阴阳术扩散开放
5741,盗賊技拡散オープ,盗贼技扩散开放
5742,忍術拡散オープ,忍术扩散开放
5743,海賊技拡散オープ,海贼技扩散开放
5744,ヒーロー技拡散オープ,英雄技扩散开放
5745,商技拡散オープ,商技扩散开放
5746,EXアイテム拡散オープ,EX物品扩散开放
5747,オラクル拡散オープ,神谕扩散开启
5748,踊る拡散オープ,舞蹈扩散开启
5749,歌う拡散オープ,歌唱扩散开启
5750,話す拡散オープ,交谈扩散开启
5751,魔導科学拡散オープ,魔导科学扩散开启
5752,錬金術拡散オープ,炼金术扩散开启
5753,魔本術拡散オープ,魔本术扩散开启
5754,マキナ拡散オープ,器械扩散开启
5755,料理拡散オープ,料理扩散开启
5756,医術拡散オープ,医术扩散开启
5757,御奉仕拡散オープ,侍奉扩散开放
5758,王技拡散オープ,王技扩散开放
5759,勇者技拡散オープ,勇者技扩散开放
5760,淫技拡散オープ,淫技扩散开放
5761,魔技拡散オープ,魔技扩散开放
5762,海技拡散オープ,海技扩散开放
5763,粘液技拡散オープ,粘液技扩散开放
5764,獣技拡散オープ,兽技扩散开放
5765,蛇技拡散オープ,蛇技扩散开放
5766,触手技拡散オープ,触手技扩散开放
5767,翼技拡散オープ,翼技扩散开放
5768,虫技拡散オープ,虫技扩散开放
5769,植物技拡散オープ,植物技扩散开放
5770,屍技拡散オープ,尸技扩散开放
5771,造技拡散オープ,造技扩散开放
5772,自然感応拡散オープ,自然感应扩散开放
5773,ブレス拡散オープ,吐息扩散开放
5774,特技拡散オープ,特技扩散开放
5775,装備武器拡散オープ,装备武器扩散开放
5776,サイコ拡散オープ,念动扩散开放
5777,妖術拡散オープ,妖术扩散开启
5778,巨技拡散オープ,巨技扩散开启
5779,カオス拡散オープ,混沌扩散开启
5780,剣士チェーン,剑士连锁
5781,魔法戦士チェーン,魔法战士连锁
5782,魔法剣チェーン,魔法剑连锁
5783,陰陽剣士チェーン,阴阳剑士连锁
5784,陰陽侍チェーン,阴阳武士连锁
5785,竜騎士チェーン,龙骑士连锁
5786,狩人チェーン,猎人链
5787,武道家チェーン,武道家链
5788,パラディンチェーン,圣堂武士链
5789,魔道士チェーン,魔道士链
5790,召喚士チェーン,召唤士链
5791,陰陽師チェーン,阴阳师链
5792,シーフチェーン,盗贼链
5793,レンジャーチェーン,游侠链
5794,くのいちチェーン,女忍链
5795,アイドルチェーン,偶像链
5796,魔導司書チェーン,魔导司书链
5797,技師チェーン,技师链
5798,魔芸師チェーン,魔艺师链
5799,商人チェーン,商人链
5800,話術士チェーン,话术士链
5801,海賊チェーン,海贼链
5802,王チェーン,王链
5803,勇者チェーン,勇者链
5804,妖術師チェーン,妖术师链
5805,サイコチェーン,念动链
5806,三星剣,三星剑
5807,剛力三連撃,刚力三连击
5808,千刃舞,""
5809,ソーサラーバースト,魔法师爆发
5810,刺・擲・忍,刺・掷・忍
5811,ステージスペシャル,舞台特别
5812,ナイトメアロンド,噩梦轮舞
5813,ジョブマスターコンボ表,职业大师连击表
5814,ジョブマスターコンボ裏,职业大师连击里
5815,ヒーローフィニッシュムーブ,英雄终结技
5816,アルティメットムーブ,究极动作
5817,英雄王の偉業,英雄王的伟业
5818,魔神チェーン,魔神链
5819,魔神乱舞,""
5820,ワームチェーン,蠕虫链
5821,ワームフォース,蠕虫之力
5822,妖魔チェーン,妖魔链
5823,魔王連技,魔王连技
5824,妖怪チェーン,妖怪链
5825,マガツ輪舞,祸津轮舞
5826,淫魔チェーン,淫魔链
5827,大淫魔のワルツ,大淫魔的华尔兹
5828,吸血鬼チェーン,吸血鬼链
5829,フルムーンチェーン,满月链
5830,人魚チェーン,人鱼链
5831,人魚の怒り,人鱼的愤怒
5832,エルフチェーン,精灵链
5833,アマゾネスコンボ,亚马逊组合
5834,フェアリーチェーン,妖精链
5835,大地讃頌,大地赞颂
5836,スライムチェーン,史莱姆链
5837,カナデムーブ,祸抚移动
5838,魔獣チェーン,魔兽链
5839,白兎乱舞,白兔乱舞
5840,妖狐チェーン,妖狐链
5841,マガツ演舞,祸津演舞
5842,ミヤビ演舞,风雅演舞
5843,ラミアチェーン,拉米亚链
5844,オロチ演舞,大蛇演舞
5845,スキュラチェーン,斯库拉链
5846,触手多腕乱撃,触手多腕乱击
5847,ハーピーチェーン,哈比链
5848,天空乱舞,""
5849,ドラゴンチェーン,龙链
5850,猛々しき竜剣士の連撃,猛烈的龙剑士连击
5851,陸棲種チェーン,陆栖种链
5852,ハザマの戯,狭间之戏
5853,海棲種チェーン,海栖种链
5854,深海からの呼び声,深海的呼唤
5855,魔虫チェーン,魔虫链
5856,ハイブマインド,蜂巢思维
5857,アルラウネチェーン,阿娜温链
5858,華音乱花,华音乱花
5859,ゾンビチェーン,僵尸链
5860,屍王鎖技,尸王锁技
5861,ゴーストチェーン,幽灵链
5862,死神乱舞,""
5863,ドールチェーン,人偶链
5864,人形大奉演,人偶大奉演
5865,キメラチェーン,奇美拉链
5866,ウェポンラッシュ,武器狂潮
5867,天使チェーン,天使链
5868,天軍乱舞,天军乱舞
5869,明星乱舞,""
5870,聖百合狂咲,圣百合狂舞
5871,汚れなき輪舞,无垢的轮舞
5872,メギドラッシュ,终极冲锋
5873,獄卒の裁き,狱卒的裁决
5874,メタトローネラッシュ,梅塔特隆妮冲刺
5875,サンダルフォーネラッシュ,圣德芬妮冲刺
5876,ロイドチェーン,机器人链
5877,エクセルドライブ,破界驱动
5878,混沌チェーン,混沌链
5879,混沌礼賛,混沌礼赞
5880,三連神光,三连神光
5881,三連滅鏖,三连灭鏖
5882,混沌回帰,混沌回归
5883,チェーン消費50%,链消耗50%
5884,チェーン消費なし,链消耗无
5885,チェーンスキル強化,链技能强化
5886,チェーンスキル超強化,链技能超强化
5887,チェーンスキル絶強化,连锁技能绝对强化
5888,チェーンスキル極強化,连锁技能极致强化
5889,オート剣殺し,自动剑杀
5890,オート制空,自动制空
5891,オートヘビィカウンター,自动重反击
5892,オート相殺の弾幕,自动相消弹幕
5893,オート断罪者への天誅,自动断罪者天罚
5894,オート後手の格闘王,自动后手格斗王
5895,オート魔導スラッシャー,自动魔导斩杀者
5896,オート忍奥義・古術封じ,自动忍奥义・古术封印
5897,オート海守の刃,自动海守之刃
5898,オート踊り封じの歌,自动舞封之歌
5899,オート歌封じの踊り,自动歌封之舞
5900,オート機構解析,自动机构解析
5901,オート魔封じの陣,自动魔封之阵
5902,オート飽和粘液,自动饱和粘液
5903,オートビーストシージ,自动野兽围攻
5904,オート蛇技殺し,自动蛇技杀
5905,オート触手技殺し,自动触手技杀
5906,オート虫技殺し,自动虫技杀
5907,オート植物技殺し,自动植物技杀
5908,オート不浄撃滅の構え,自动不净击灭之构
5909,オート森羅反転,自动森罗反转
5910,オート追い風,自动顺风
5911,無効化反撃1ターン延長,无效反击1回合延长
5912,無効化反撃2ターン延長,无效反击2回合延长
5913,短剣技二連続発動,""
5914,短剣技二連続発動（消費なし）,""
5915,短剣技三連続発動,""
5916,短剣技三連続発動（消費なし）,""
5917,剣技二連続発動,""
5918,剣技二連続発動（消費なし）,""
5919,剣技三連続発動,""
5920,剣技三連続発動（消費なし）,""
5921,尖剣技二連続発動,""
5922,尖剣技二連続発動（消費なし）,""
5923,尖剣技三連続発動,""
5924,尖剣技三連続発動（消費なし）,""
5925,刀技二連続発動,""
5926,刀技二連続発動（消費なし）,""
5927,刀技三連続発動,""
5928,刀技三連続発動（消費なし）,""
5929,槍技二連続発動,""
5930,槍技二連続発動（消費なし）,""
5931,槍技三連続発動,""
5932,槍技三連続発動（消費なし）,""
5933,斧技二連続発動,""
5934,斧技二連続発動（消費なし）,""
5935,斧技三連続発動,""
5936,斧技三連続発動（消費なし）,""
5937,棍技二連続発動,""
5938,棍技二連続発動（消費なし）,""
5939,棍技三連続発動,""
5940,棍技三連続発動（消費なし）,""
5941,鎌技二連続発動,""
5942,鎌技二連続発動（消費なし）,""
5943,鎌技三連続発動,""
5944,鎌技三連続発動（消費なし）,""
5945,弓技二連続発動,""
5946,弓技二連続発動（消費なし）,""
5947,弓技三連続発動,""
5948,弓技三連続発動（消費なし）,""
5949,鞭技二連続発動,""
5950,鞭技二連続発動（消費なし）,""
5951,鞭技三連続発動,""
5952,鞭技三連続発動（消費なし）,""
5953,投擲技二連続発動,""
5954,投擲技二連続発動（消費なし）,""
5955,投擲技三連続発動,""
5956,投擲技三連続発動（消費なし）,""
5957,鉄球技二連続発動,""
5958,鉄球技二連続発動（消費なし）,""
5959,鉄球技三連続発動,""
5960,鉄球技三連続発動（消費なし）,""
5961,扇技二連続発動,""
5962,扇技二連続発動（消費なし）,""
5963,扇技三連続発動,""
5964,扇技三連続発動（消費なし）,""
5965,銃技二連続発動,""
5966,銃技二連続発動（消費なし）,""
5967,銃技三連続発動,""
5968,銃技三連続発動（消費なし）,""
5969,多武器技二連続発動,""
5970,多武器技二連続発動（消費なし）,""
5971,多武器技三連続発動,""
5972,多武器技三連続発動（消費なし）,""
5973,格闘二連続発動,""
5974,格闘二連続発動（消費なし）,""
5975,格闘三連続発動,""
5976,格闘三連続発動（消費なし）,""
5977,白魔法二連続発動,""
5978,白魔法二連続発動（消費なし）,""
5979,白魔法三連続発動,""
5980,白魔法三連続発動（消費なし）,""
5981,黒魔法二連続発動,""
5982,黒魔法二連続発動（消費なし）,""
5983,黒魔法三連続発動,""
5984,黒魔法三連続発動（消費なし）,""
5985,時魔法二連続発動,""
5986,時魔法二連続発動（消費なし）,""
5987,時魔法三連続発動,""
5988,時魔法三連続発動（消費なし）,""
5989,召喚二連続発動,""
5990,召喚二連続発動（消費なし）,""
5991,召喚三連続発動,""
5992,召喚三連続発動（消費なし）,""
5993,聖技二連続発動,""
5994,聖技二連続発動（消費なし）,""
5995,聖技三連続発動,""
5996,聖技三連続発動（消費なし）,""
5997,闇技二連続発動,""
5998,闇技二連続発動（消費なし）,""
5999,闇技三連続発動,""
6000,闇技三連続発動（消費なし）,""
6001,魔法剣二連続発動,""
6002,魔法剣二連続発動（消費なし）,""
6003,魔法剣三連続発動,""
6004,魔法剣三連続発動（消費なし）,""
6005,陰陽術二連続発動,""
6006,陰陽術二連続発動（消費なし）,""
6007,陰陽術三連続発動,""
6008,陰陽術三連続発動（消費なし）,""
6009,盗賊技二連続発動,""
6010,盗賊技二連続発動（消費なし）,""
6011,盗賊技三連続発動,""
6012,盗賊技三連続発動（消費なし）,""
6013,忍術二連続発動,""
6014,忍術二連続発動（消費なし）,""
6015,忍術三連続発動,""
6016,忍術三連続発動（消費なし）,""
6017,海賊技二連続発動,""
6018,海賊技二連続発動（消費なし）,""
6019,海賊技三連続発動,""
6020,海賊技三連続発動（消費なし）,""
6021,ヒーロー技二連続発動,""
6022,ヒーロー技二連続発動（消費なし）,""
6023,ヒーロー技三連続発動,""
6024,ヒーロー技三連続発動（消費なし）,""
6025,商技二連続発動,""
6026,商技二連続発動（消費なし）,""
6027,商技三連続発動,""
6028,商技三連続発動（消費なし）,""
6029,EXアイテム二連続発動,""
6030,EXアイテム二連続発動（消費なし）,""
6031,EXアイテム三連続発動,""
6032,EXアイテム三連続発動（消費なし）,""
6033,オラクル二連続発動,""
6034,オラクル二連続発動（消費なし）,""
6035,オラクル三連続発動,""
6036,オラクル三連続発動（消費なし）,""
6037,踊る二連続発動,""
6038,踊る二連続発動（消費なし）,""
6039,踊る三連続発動,""
6040,踊る三連続発動（消費なし）,""
6041,歌う二連続発動,""
6042,歌う二連続発動（消費なし）,""
6043,歌う三連続発動,""
6044,歌う三連続発動（消費なし）,""
6045,話す二連続発動,""
6046,話す二連続発動（消費なし）,""
6047,話す三連続発動,""
6048,話す三連続発動（消費なし）,""
6049,魔導科学二連続発動,""
6050,魔導科学二連続発動（消費なし）,""
6051,魔導科学三連続発動,""
6052,魔導科学三連続発動（消費なし）,""
6053,錬金術二連続発動,""
6054,錬金術二連続発動（消費なし）,""
6055,錬金術三連続発動,""
6056,錬金術三連続発動（消費なし）,""
6057,魔本術二連続発動,""
6058,魔本術二連続発動（消費なし）,""
6059,魔本術三連続発動,""
6060,魔本術三連続発動（消費なし）,""
6061,マキナ二連続発動,""
6062,マキナ二連続発動（消費なし）,""
6063,マキナ三連続発動,""
6064,マキナ三連続発動（消費なし）,""
6065,料理二連続発動,""
6066,料理二連続発動（消費なし）,""
6067,料理三連続発動,""
6068,料理三連続発動（消費なし）,""
6069,医術二連続発動,""
6070,医術二連続発動（消費なし）,""
6071,医術三連続発動,""
6072,医術三連続発動（消費なし）,""
6073,御奉仕二連続発動,""
6074,御奉仕二連続発動（消費なし）,""
6075,御奉仕三連続発動,""
6076,御奉仕三連続発動（消費なし）,""
6077,王技二連続発動,""
6078,王技二連続発動（消費なし）,""
6079,王技三連続発動,""
6080,王技三連続発動（消費なし）,""
6081,勇者技二連続発動,""
6082,勇者技二連続発動（消費なし）,""
6083,勇者技三連続発動,""
6084,勇者技三連続発動（消費なし）,""
6085,淫技二連続発動,""
6086,淫技二連続発動（消費なし）,""
6087,淫技三連続発動,""
6088,淫技三連続発動（消費なし）,""
6089,魔技二連続発動,""
6090,魔技二連続発動（消費なし）,""
6091,魔技三連続発動,""
6092,魔技三連続発動（消費なし）,""
6093,海技二連続発動,""
6094,海技二連続発動（消費なし）,""
6095,海技三連続発動,""
6096,海技三連続発動（消費なし）,""
6097,粘液技二連続発動,""
6098,粘液技二連続発動（消費なし）,""
6099,粘液技三連続発動,""
6100,粘液技三連続発動（消費なし）,""
6101,獣技二連続発動,""
6102,獣技二連続発動（消費なし）,""
6103,獣技三連続発動,""
6104,獣技三連続発動（消費なし）,""
6105,蛇技二連続発動,""
6106,蛇技二連続発動（消費なし）,""
6107,蛇技三連続発動,""
6108,蛇技三連続発動（消費なし）,""
6109,触手技二連続発動,""
6110,触手技二連続発動（消費なし）,""
6111,触手技三連続発動,""
6112,触手技三連続発動（消費なし）,""
6113,翼技二連続発動,""
6114,翼技二連続発動（消費なし）,""
6115,翼技三連続発動,""
6116,翼技三連続発動（消費なし）,""
6117,虫技二連続発動,""
6118,虫技二連続発動（消費なし）,""
6119,虫技三連続発動,""
6120,虫技三連続発動（消費なし）,""
6121,植物技二連続発動,""
6122,植物技二連続発動（消費なし）,""
6123,植物技三連続発動,""
6124,植物技三連続発動（消費なし）,""
6125,屍技二連続発動,""
6126,屍技二連続発動（消費なし）,""
6127,屍技三連続発動,""
6128,屍技三連続発動（消費なし）,""
6129,造技二連続発動,""
6130,造技二連続発動（消費なし）,""
6131,造技三連続発動,""
6132,造技三連続発動（消費なし）,""
6133,自然感応二連続発動,""
6134,自然感応二連続発動（消費なし）,""
6135,自然感応三連続発動,""
6136,自然感応三連続発動（消費なし）,""
6137,ブレス二連続発動,""
6138,ブレス二連続発動（消費なし）,""
6139,ブレス三連続発動,""
6140,ブレス三連続発動（消費なし）,""
6141,特技二連続発動,""
6142,特技二連続発動（消費なし）,""
6143,特技三連続発動,""
6144,特技三連続発動（消費なし）,""
6145,装備武器二連続発動,""
6146,装備武器二連続発動（消費なし）,""
6147,装備武器三連続発動,""
6148,装備武器三連続発動（消費なし）,""
6149,サイコ二連続発動,""
6150,サイコ二連続発動（消費なし）,""
6151,サイコ三連続発動,""
6152,サイコ三連続発動（消費なし）,""
6153,妖術二連続発動,""
6154,妖術二連続発動（消費なし）,""
6155,妖術三連続発動,""
6156,妖術三連続発動（消費なし）,""
6157,巨技二連続発動,""
6158,巨技二連続発動（消費なし）,""
6159,巨技三連続発動,""
6160,巨技三連続発動（消費なし）,""
6161,武技二連続発動,""
6162,武技三連続発動,""
6163,武技三連続発動（消費なし）,""
6164,職技二連続発動,""
6165,職技三連続発動,""
6166,職技三連続発動（消費なし）,""
6167,魔法二連続発動,""
6168,魔法三連続発動,""
6169,魔法三連続発動（消費なし）,""
6170,魔物技二連続発動,""
6171,魔物技三連続発動,""
6172,魔物技三連続発動（消費なし）,""
6173,獲得経験値5倍,获得经验值5倍
6174,獲得経験値10倍,获得经验值10倍
6175,獲得職業経験値5倍,获得职业经验值5倍
6176,獲得職業経験値10倍,获得职业经验值10倍
6177,獲得ゴールド5倍,获得金币5倍
6178,獲得ゴールド10倍,获得金币10倍
6179,アイテムドロップ率5倍,物品掉落率5倍
6180,アイテムドロップ率10倍,物品掉落率10倍
6181,盗む確率アップ5倍,偷窃概率提升至5倍
6182,盗む確率アップ10倍,偷窃概率提升至10倍
6183,モンスター仲間確率5倍,魔物同伴概率5倍
6184,料理数アップ,料理数量增加
6185,料理数超アップ,料理数量超增加
6186,錬金素材自動ゲット,炼金素材自动获取
6187,錬金素材大量ゲット,炼金素材大量获得
6188,ページ自動ゲット,页面自动获取
6189,ページ大量ゲット,大量获得页面
6190,EXアイテム節約,EX物品节约
6191,EXアイテム超節約,EX物品超节约
6192,食材節約,食材节约
6193,食材超節約,食材超节约
6194,錬金素材節約,炼金素材节约
6195,錬金素材超節約,炼金素材超节约
6196,ページ節約,页面节约
6197,ページ超節約,页面超节约
6198,求道者の節約,求道者节约
6199,求道者の贅沢,求道者奢华
6200,商人話術,商人话术
6201,備蓄獲得,储备获得
6202,極上備蓄獲得,极上储备获得
6203,全装備可能,可以装备全装备
6204,武器アビリティ強化,武器能力强化
6205,体防具アビリティ強化,身体防具能力强化
6206,頭防具アビリティ強化,头部防具能力强化
6207,盾アビリティ強化,盾能力强化
6208,アクセサリアビリティ強化,饰品能力强化
6209,勝利の証,胜利的证明
6210,バトルファッカーの証,BF斗士的证明
6211,敗北の経験,失败的经验
6212,羞恥の経験,羞耻的经验
6213,歴戦の勇士,历战的勇士
6214,友情の力,友情的力量
6215,盗みの経験,偷窃的经验
6216,混沌存在,""
6217,混沌の使徒,混沌的使徒
6218,混沌の神髄,混沌的精髓
6219,全属性混沌化,""
6220,時間停止無視,时间停止无效
6221,時間停止カウンター,时间停止反击
6222,短剣マスタリー,短剑精通
6223,短剣マスタリー＋,短剑精通＋
6224,剣マスタリー,剑精通
6225,剣マスタリー＋,剑精通＋
6226,尖剣マスタリー,尖剑精通
6227,尖剣マスタリー＋,尖剑精通＋
6228,槍マスタリー,枪精通
6229,槍マスタリー＋,枪精通＋
6230,刀マスタリー,刀精通
6231,刀マスタリー＋,刀精通＋
6232,忍者刀マスタリー,忍者刀精通
6233,忍者刀マスタリー＋,忍者刀精通＋
6234,拳マスタリー,拳精通
6235,拳マスタリー＋,拳精通＋
6236,牙マスタリー,牙精通
6237,牙マスタリー＋,牙精通＋
6238,斧マスタリー,斧精通
6239,斧マスタリー＋,斧精通＋
6240,棍マスタリー,棍精通
6241,棍マスタリー＋,棍精通＋
6242,鎌マスタリー,镰精通
6243,鎌マスタリー＋,镰精通＋
6244,杖マスタリー,杖精通
6245,杖マスタリー＋,杖精通＋
6246,ロッドマスタリー,法杖精通
6247,ロッドマスタリー＋,法杖精通＋
6248,弓矢マスタリー,弓箭精通
6249,弓矢マスタリー＋,弓箭精通＋
6250,鞭マスタリー,鞭子精通
6251,鞭マスタリー＋,鞭子精通＋
6252,竪琴マスタリー,竖琴精通
6253,竪琴マスタリー＋,竖琴精通＋
6254,ブーメランマスタリー,回旋镖精通
6255,ブーメランマスタリー＋,回旋镖精通＋
6256,鉄球マスタリー,铁球精通
6257,鉄球マスタリー＋,铁球精通＋
6258,扇マスタリー,扇精通
6259,扇マスタリー＋,扇精通＋
6260,包丁マスタリー,菜刀精通
6261,包丁マスタリー＋,菜刀精通＋
6262,そろばんマスタリー,算盘精通
6263,そろばんマスタリー＋,算盘精通＋
6264,メスマスタリー,手术刀精通
6265,メスマスタリー＋,手术刀精通＋
6266,カードマスタリー,卡牌精通
6267,カードマスタリー＋,卡牌精通＋
6268,皿マスタリー,盘精通
6269,皿マスタリー＋,盘精通＋
6270,魔導書マスタリー,魔导书精通
6271,魔導書マスタリー＋,魔导书精通＋
6272,銃マスタリー,铳精通
6273,銃マスタリー＋,铳精通＋
6274,淫具マスタリー,淫具精通
6275,淫具マスタリー＋,淫具精通＋
6276,服マスタリー,服装精通
6277,服マスタリー＋,服装精通＋
6278,鎧マスタリー,铠精通
6279,鎧マスタリー＋,铠精通＋
6280,ローブマスタリー,长袍精通
6281,ローブマスタリー＋,长袍精通＋
6282,ドレスマスタリー,礼服精通
6283,ドレスマスタリー＋,礼服精通＋
6284,兜マスタリー,盔精通
6285,兜マスタリー＋,盔精通＋
6286,魔帽マスタリー,魔法帽精通
6287,魔帽マスタリー＋,魔法帽精通＋
6288,盾マスタリー,盾精通
6289,盾マスタリー＋,盾精通＋
6290,混沌マスタリー,混沌精通
6291,混沌マスタリー＋,混沌精通＋
6292,念の剣,念之剑
6293,念の淫具,念之淫具
6294,剣士の備え,剑士的准备
6295,騎士の備え,骑士的准备
6296,重戦士の備え,重战士的准备
6297,武道家の備え,武道家的准备
6298,魔導師の備え,魔导师的准备
6299,狩人の備え,猎人的准备
6300,レンジャーの備え,游侠的准备
6301,海賊の備え,海贼的准备
6302,ヒーローの備え,英雄的准备
6303,アイドルの備え,偶像的准备
6304,魔芸師の備え,魔艺师的准备
6305,職人の備え,工匠的准备
6306,王の備え,王的准备
6307,勇者の備え,勇者的准备
6308,妖怪の備え,妖怪的准备
6309,淫魔の備え,淫魔的准备
6310,人魚の備え,人鱼的准备
6311,エルフの備え,精灵的准备
6312,妖精の備え,妖精的准备
6313,粘魔の備え,粘魔的准备
6314,魔獣の備え,魔兽的准备
6315,妖狐の備え,妖狐的准备
6316,ラミアの備え,拉米亚的准备
6317,スキュラの備え,斯库拉的准备
6318,ハーピーの備え,哈比的准备
6319,竜の備え,龙的准备
6320,虫の備え,虫的准备
6321,植物の備え,植物的准备
6322,ゾンビの備え,僵尸的准备
6323,幽霊の備え,幽灵的准备
6324,人形の備え,人偶的准备
6325,天使の備え,天使的准备
6326,全職の備え,全职业的准备
6327,戦技APコンバーターA,战技AP转换器A
6328,戦技APコンバーターB,战技AP转换器B
6329,戦技APコンバーターC,战技AP转换器C
6330,戦技APコンバーターD,战技AP转换器D
6331,戦技APコンバーターE,战技AP转换器E
6332,職技APコンバーターA,职技AP转换器A
6333,職技APコンバーターB,职技AP转换器B
6334,職技APコンバーターC,职技AP转换器C
6335,職技APコンバーターD,职技AP转换器D
6336,職技APコンバーターE,职技AP转换器E
6337,魔法APコンバーターA,魔法AP转换器A
6338,魔法APコンバーターB,魔法AP转换器B
6339,魔法APコンバーターC,魔法AP转换器C
6340,魔法APコンバーターD,魔法AP转换器D
6341,魔法APコンバーターE,魔法AP转换器E
6342,防御APコンバーターA,防御AP转换器A
6343,防御APコンバーターB,防御AP转换器B
6344,防御APコンバーターC,防御AP转换器C
6345,防御APコンバーターD,防御AP转换器D
6346,防御APコンバーターE,防御AP转换器E
6347,特殊APコンバーターA,特殊AP转换器A
6348,特殊APコンバーターB,特殊AP转换器B
6349,特殊APコンバーターC,特殊AP转换器C
6350,特殊APコンバーターD,特殊AP转换器D
6351,特殊APコンバーターE,特殊AP转换器E
6352,マックスAPコンバーター,最大AP转换器
6353,背水の陣,背水之阵
6354,反回復の陣,反回复之阵
6355,属性否定の陣,属性否定之阵
6356,七つの世界の勇者達,七世界的勇者们
6357,セックスバトル封印,性战斗封印
6363,酒飲み羊,酒鬼羊
6364,器用貧乏淫魔,笨拙淫魔
6365,出世貧乏淫魔,出人头地的淫魔
6366,残念なマーメイド,残念的人鱼
6367,酔いどれおかしら,醉醺醺的船长
6368,魔法少女まじかる☆りじぇお,魔法少女Magical☆莉洁奥
6369,魁の忍,魁忍
6370,キズナの指輪,羁绊之戒
6371,レインボーの力,彩虹之力
6372,白兎の目,白兔之眼
6373,四天王の誓い,四天王的誓言
6374,魔法少女の誓い,魔法少女的誓言
6375,合一クロムちゃんなのじゃ！,""
6376,魅凪の弟子,魅凪的弟子
6401,会心の秘石,会心的秘石
6402,会心の大秘石,会心的大秘石
6403,会心の超秘石,会心的超秘石
6404,会心を繰り出す者の絶秘石,会心一击者的绝秘石
6405,会心を繰り出す者の極秘石,会心一击者的极秘石
6406,回避の秘石,回避的秘石
6407,回避の大秘石,回避的大秘石
6408,回避の超秘石,回避的超秘石
6409,回避の秘石,回避的秘石
6410,回避の秘石,回避的秘石
6411,回避の秘石,回避的秘石
6412,反撃の秘石,反击的秘石
6413,反撃の大秘石,反击的大秘石
6414,反撃の超秘石,反击的超秘石
6415,反撃の秘石4,""
6416,反撃の秘石5,""
6417,反射の秘石,反射的秘石
6418,反射の大秘石,反射的大秘石
6419,反射の超秘石,反射的超秘石
6420,反射の秘石,反射的秘石
6421,反射の秘石,反射的秘石
6422,月の秘石,月的秘石
6423,月の大秘石,月的大秘石
6424,月の超秘石,月的超秘石
6425,月の秘石,月的秘石
6426,SP節約の秘石,SP节约的秘石
6427,SP節約の大秘石,SP节约的大秘石
6428,SP節約の超秘石,SP节约的超秘石
6429,SP節約の秘石,SP节约的秘石
6430,MP節約の秘石,MP节约的秘石
6431,MP節約の大秘石,MP节约的大秘石
6432,MP節約の超秘石,MP节约的超秘石
6433,MP節約の秘石,MP节约的秘石
6434,物理の秘石,物理的秘石
6435,物理の大秘石,物理的大秘石
6436,物理の超秘石,物理的超秘石
6437,物理の秘石,物理的秘石
6438,物理の秘石,物理的秘石
6439,快楽の秘石,快乐的秘石
6440,快楽の大秘石,快乐的大秘石
6441,快楽の超秘石,快乐的超秘石
6442,快楽の秘石,快乐的秘石
6443,快楽の秘石,快乐的秘石
6444,炎の秘石,火焰的秘石
6445,炎の大秘石,火焰的大秘石
6446,炎の超秘石,火焰的超秘石
6447,炎の秘石,火焰的秘石
6448,炎の秘石,火焰的秘石
6449,氷の秘石,冰的秘石
6450,氷の大秘石,冰的大秘石
6451,氷の超秘石,冰的超秘石
6452,氷の秘石,冰的秘石
6453,氷の秘石,冰的秘石
6454,雷の秘石,雷的秘石
6455,雷の大秘石,雷的大秘石
6456,雷の超秘石,雷的超秘石
6457,雷の秘石,雷的秘石
6458,雷の秘石,雷的秘石
6459,風の秘石,风的秘石
6460,風の大秘石,风的大秘石
6461,風の超秘石,风的超秘石
6462,風の秘石,风的秘石
6463,風の秘石,风的秘石
6464,土の秘石,土的秘石
6465,土の大秘石,土的大秘石
6466,土の超秘石,土的超秘石
6467,土の秘石,土的秘石
6468,土の秘石,土的秘石
6469,水の秘石,水的秘石
6470,水の大秘石,水的大秘石
6471,水の超秘石,水的超秘石
6472,水の秘石,水的秘石
6473,水の秘石,水的秘石
6474,聖なる秘石,神圣秘石
6475,聖なる大秘石,神圣大秘石
6476,聖なる超秘石,神圣超秘石
6477,聖なる秘石,神圣秘石
6478,聖なる秘石,神圣秘石
6479,闇の秘石,暗的秘石
6480,闇の大秘石,暗的大秘石
6481,闇の超秘石,暗的超秘石
6482,闇の秘石,暗的秘石
6483,闇の秘石,暗的秘石
6484,音波の秘石,音波的秘石
6485,音波の大秘石,音波的大秘石
6486,音波の超秘石,音波的超秘石
6487,音波の秘石,音波的秘石
6488,音波の秘石,音波的秘石
6489,バイオの秘石,生化的秘石
6490,バイオの大秘石,生化的大秘石
6491,バイオの超秘石,生化的超秘石
6492,バイオの秘石,生化的秘石
6493,バイオの秘石,生化的秘石
6494,癒しの秘石,治愈的秘石
6495,癒しの大秘石,治愈的大秘石
6496,癒しの超秘石,治愈的超秘石
6497,癒しの秘石,治愈的秘石
6498,癒しの秘石,治愈的秘石
6499,銀河の秘石,银河的秘石
6500,銀河の大秘石,银河的大秘石
6501,銀河の超秘石,银河的超秘石
6502,銀河の秘石,银河的秘石
6503,銀河の秘石,银河的秘石
6504,修羅の秘石,修罗的秘石
6505,修羅の大秘石,修罗的大秘石
6506,修羅の超秘石,修罗的超秘石
6507,修羅の秘石,修罗的秘石
6508,修羅の秘石,修罗的秘石
6509,ナイトメアの秘石,噩梦的秘石
6510,ナイトメアの大秘石,噩梦的大秘石
6511,ナイトメアの超秘石,噩梦的超秘石
6512,ナイトメアの秘石,噩梦的秘石
6513,ナイトメアの秘石,噩梦的秘石
6514,核熱の秘石,核热的秘石
6515,核熱の大秘石,核热的大秘石
6516,核熱の超秘石,核热的超秘石
6517,核熱の秘石,核热的秘石
6518,核熱の秘石,核热的秘石
6519,量子の秘石,量子的秘石
6520,量子の大秘石,量子的大秘石
6521,量子の超秘石,量子的超秘石
6522,量子の秘石,量子的秘石
6523,量子の秘石,量子的秘石
6524,イオンの秘石,离子的秘石
6525,イオンの大秘石,离子的大秘石
6526,イオンの超秘石,离子的超秘石
6527,イオンの秘石,离子的秘石
6528,イオンの秘石,离子的秘石
6529,ハドロンの秘石,强子的秘石
6530,ハドロンの大秘石,强子的大秘石
6531,ハドロンの超秘石,强子的超秘石
6532,ハドロンの秘石,强子的秘石
6533,ハドロンの秘石,强子的秘石
6534,テラの秘石,大地的秘石
6535,テラの大秘石,大地的大秘石
6536,テラの超秘石,大地的超秘石
6537,テラの秘石,大地的秘石
6538,テラの秘石,大地的秘石
6539,ナノの秘石,纳米的秘石
6540,ナノの大秘石,纳米的大秘石
6541,ナノの超秘石,纳米的超秘石
6542,ナノの秘石,纳米的秘石
6543,ナノの秘石,纳米的秘石
6544,永劫の秘石,永劫的秘石
6545,永劫の大秘石,永劫的大秘石
6546,永劫の超秘石,永劫的超秘石
6547,永劫の秘石,永劫的秘石
6548,永劫の秘石,永劫的秘石
6549,終焉の秘石,终焉的秘石
6550,終焉の大秘石,终焉的大秘石
6551,終焉の超秘石,终焉的超秘石
6552,終焉の秘石,终焉的秘石
6553,終焉の秘石,终焉的秘石
6554,ヌルの秘石,虚无的秘石
6555,ヌルの大秘石,虚无的大秘石
6556,ヌルの超秘石,虚无的超秘石
6557,ヌルの秘石,虚无的秘石
6558,ヌルの秘石,虚无的秘石
6559,剣士の秘石,剑士的秘石
6560,剣士の大秘石,剑士的大秘石
6561,剣士の超秘石,剑士的超秘石
6562,剣士の秘石,剑士的秘石
6563,剣士の大秘石,剑士的大秘石
6564,剣士の超秘石,剑士的超秘石
6565,竜騎士の秘石,龙骑士的秘石
6566,竜騎士の大秘石,龙骑士的大秘石
6567,竜騎士の超秘石,龙骑士的超秘石
6568,竜騎士の秘石,龙骑士的秘石
6569,竜騎士の大秘石,龙骑士的大秘石
6570,竜騎士の超秘石,龙骑士的超秘石
6571,フェンサーの秘石,护卫的秘石
6572,フェンサーの大秘石,护卫的大秘石
6573,フェンサーの超秘石,护卫的超秘石
6574,フェンサーの秘石,护卫的秘石
6575,フェンサーの大秘石,护卫的大秘石
6576,フェンサーの超秘石,护卫的超秘石
6577,重戦士の秘石,重战士的秘石
6578,重戦士の大秘石,重战士的大秘石
6579,重戦士の超秘石,重战士的超秘石
6580,重戦士の秘石,重战士的秘石
6581,重戦士の大秘石,重战士的大秘石
6582,重戦士の超秘石,重战士的超秘石
6583,侍の秘石,武士的秘石
6584,侍の大秘石,武士的大秘石
6585,侍の超秘石,武士的超秘石
6586,侍の秘石,武士的秘石
6587,侍の大秘石,武士的大秘石
6588,侍の超秘石,武士的超秘石
6589,武道家の秘石,武道家的秘石
6590,武道家の大秘石,武道家的大秘石
6591,武道家の超秘石,武道家的超秘石
6592,武道家の秘石,武道家的秘石
6593,武道家の大秘石,武道家的大秘石
6594,武道家の超秘石,武道家的超秘石
6595,シールドナイトの秘石,盾骑士的秘石
6596,シールドナイトの大秘石,盾骑士的大秘石
6597,シールドナイトの超秘石,盾骑士的超秘石
6598,シールドナイトの秘石,盾骑士的秘石
6599,シールドナイトの大秘石,盾骑士的大秘石
6600,シールドナイトの超秘石,盾骑士的超秘石
6601,魔物使いの秘石,魔物使的秘石
6602,魔物使いの大秘石,魔物使的大秘石
6603,魔物使いの超秘石,魔物使的超秘石
6604,魔物使いの秘石,魔物使的秘石
6605,魔物使いの大秘石,魔物使的大秘石
6606,魔物使いの超秘石,魔物使的超秘石
6607,バトルマスターの秘石,战斗大师的秘石
6608,バトルマスターの大秘石,战斗大师的大秘石
6609,バトルマスターの超秘石,战斗大师的超秘石
6610,バトルマスターの秘石,战斗大师的秘石
6611,バトルマスターの大秘石,战斗大师的大秘石
6612,バトルマスターの超秘石,战斗大师的超秘石
6613,黒魔道士の秘石,黑魔道士的秘石
6614,黒魔道士の大秘石,黑魔道士的大秘石
6615,黒魔道士の超秘石,黑魔道士的超秘石
6616,黒魔道士の秘石,黑魔道士的秘石
6617,黒魔道士の大秘石,黑魔道士的大秘石
6618,黒魔道士の超秘石,黑魔道士的超秘石
6619,時魔道士の秘石,时魔道士的秘石
6620,時魔道士の大秘石,时魔道士的大秘石
6621,時魔道士の超秘石,时魔道士的超秘石
6622,時魔道士の秘石,时魔道士的秘石
6623,時魔道士の大秘石,时魔道士的大秘石
6624,時魔道士の超秘石,时魔道士的超秘石
6625,白魔道士の秘石,白魔道士的秘石
6626,白魔道士の大秘石,白魔道士的大秘石
6627,白魔道士の超秘石,白魔道士的超秘石
6628,白魔道士の秘石,白魔道士的秘石
6629,白魔道士の大秘石,白魔道士的大秘石
6630,白魔道士の超秘石,白魔道士的超秘石
6631,召喚士の秘石,召唤士的秘石
6632,召喚士の大秘石,召唤士的大秘石
6633,召喚士の超秘石,召唤士的超秘石
6634,召喚士の秘石,召唤士的秘石
6635,召喚士の大秘石,召唤士的大秘石
6636,召喚士の超秘石,召唤士的超秘石
6637,陰陽師の秘石,阴阳师的秘石
6638,陰陽師の大秘石,阴阳师的大秘石
6639,陰陽師の超秘石,阴阳师的超秘石
6640,陰陽師の秘石,阴阳师的秘石
6641,陰陽師の大秘石,阴阳师的大秘石
6642,陰陽師の超秘石,阴阳师的超秘石
6643,狩人の秘石,猎人的秘石
6644,狩人の大秘石,猎人的大秘石
6645,狩人の超秘石,猎人的超秘石
6646,狩人の秘石,猎人的秘石
6647,狩人の大秘石,猎人的大秘石
6648,狩人の超秘石,猎人的超秘石
6649,ガンナーの秘石,铳手的秘石
6650,ガンナーの大秘石,铳手的大秘石
6651,ガンナーの超秘石,铳手的超秘石
6652,ガンナーの秘石,铳手的秘石
6653,ガンナーの大秘石,铳手的大秘石
6654,ガンナーの超秘石,铳手的超秘石
6655,シーフの秘石,盗贼的秘石
6656,シーフの大秘石,盗贼的大秘石
6657,シーフの超秘石,盗贼的超秘石
6658,シーフの秘石,盗贼的秘石
6659,シーフの大秘石,盗贼的大秘石
6660,シーフの超秘石,盗贼的超秘石
6661,忍者の秘石,忍者的秘石
6662,忍者の大秘石,忍者的大秘石
6663,忍者の超秘石,忍者的超秘石
6664,忍者の秘石,忍者的秘石
6665,忍者の大秘石,忍者的大秘石
6666,忍者の超秘石,忍者的超秘石
6667,踊り子の秘石,舞者的秘石
6668,踊り子の大秘石,舞者的大秘石
6669,踊り子の超秘石,舞者的超秘石
6670,踊り子の秘石,舞者的秘石
6671,踊り子の大秘石,舞者的大秘石
6672,踊り子の超秘石,舞者的超秘石
6673,吟遊詩人の秘石,吟游诗人的秘石
6674,吟遊詩人の大秘石,吟游诗人的大秘石
6675,吟遊詩人の超秘石,吟游诗人的超秘石
6676,吟遊詩人の秘石,吟游诗人的秘石
6677,吟遊詩人の大秘石,吟游诗人的大秘石
6678,吟遊詩人の超秘石,吟游诗人的超秘石
6679,娼婦の秘石,娼妇的秘石
6680,娼婦の大秘石,娼妇的大秘石
6681,娼婦の超秘石,娼妇的超秘石
6682,娼婦の秘石,娼妇的秘石
6683,娼婦の大秘石,娼妇的大秘石
6684,娼婦の超秘石,娼妇的超秘石
6685,サイコソルジャーの秘石,念动战士的秘石
6686,サイコソルジャーの大秘石,念动战士的大秘石
6687,サイコソルジャーの超秘石,念动战士的超秘石
6688,サイコソルジャーの秘石,念动战士的秘石
6689,サイコソルジャーの大秘石,念动战士的大秘石
6690,サイコソルジャーの超秘石,念动战士的超秘石
6691,魔導学者の秘石,魔导学者的秘石
6692,魔導学者の大秘石,魔导学者的大秘石
6693,魔導学者の超秘石,魔导学者的超秘石
6694,魔導学者の秘石,魔导学者的秘石
6695,魔導学者の大秘石,魔导学者的大秘石
6696,魔導学者の超秘石,魔导学者的超秘石
6697,錬金術士の秘石,炼金术士的秘石
6698,錬金術士の大秘石,炼金术士的大秘石
6699,錬金術士の超秘石,炼金术士的超秘石
6700,錬金術士の秘石,炼金术士的秘石
6701,錬金術士の大秘石,炼金术士的大秘石
6702,錬金術士の超秘石,炼金术士的超秘石
6703,魔導司書の秘石,魔导司书的秘石
6704,魔導司書の大秘石,魔导司书的大秘石
6705,魔導司書の超秘石,魔导司书的超秘石
6706,魔導司書の秘石,魔导司书的秘石
6707,魔導司書の大秘石,魔导司书的大秘石
6708,魔導司書の超秘石,魔导司书的超秘石
6709,技師の秘石,技师的秘石
6710,技師の大秘石,技师的大秘石
6711,技師の超秘石,技师的超秘石
6712,技師の秘石,技师的秘石
6713,技師の大秘石,技师的大秘石
6714,技師の超秘石,技师的超秘石
6715,魔芸師の秘石,魔艺师的秘石
6716,魔芸師の大秘石,魔艺师的大秘石
6717,魔芸師の超秘石,魔艺师的超秘石
6718,魔芸師の秘石,魔艺师的秘石
6719,魔芸師の大秘石,魔艺师的大秘石
6720,魔芸師の超秘石,魔艺师的超秘石
6721,商人の秘石,商人的秘石
6722,商人の大秘石,商人的大秘石
6723,商人の超秘石,商人的超秘石
6724,商人の秘石,商人的秘石
6725,商人の大秘石,商人的大秘石
6726,商人の超秘石,商人的超秘石
6727,ギャンブラーの秘石,赌徒的秘石
6728,ギャンブラーの大秘石,赌徒的大秘石
6729,ギャンブラーの超秘石,赌徒的超秘石
6730,ギャンブラーの秘石,赌徒的秘石
6731,ギャンブラーの大秘石,赌徒的大秘石
6732,ギャンブラーの超秘石,赌徒的超秘石
6733,話術士の秘石,话术士的秘石
6734,話術士の大秘石,话术士的大秘石
6735,話術士の超秘石,话术士的超秘石
6736,話術士の秘石,话术士的秘石
6737,話術士の大秘石,话术士的大秘石
6738,話術士の超秘石,话术士的超秘石
6739,料理人の秘石,料理人的秘石
6740,料理人の大秘石,料理人的大秘石
6741,料理人の超秘石,料理人的超秘石
6742,料理人の秘石,料理人的秘石
6743,料理人の大秘石,料理人的大秘石
6744,料理人の超秘石,料理人的超秘石
6745,医者の秘石,医生的秘石
6746,医者の大秘石,医生的大秘石
6747,医者の超秘石,医生的超秘石
6748,医者の秘石,医生的秘石
6749,医者の大秘石,医生的大秘石
6750,医者の超秘石,医生的超秘石
6751,メイドの秘石,女仆的秘石
6752,メイドの大秘石,女仆的大秘石
6753,メイドの超秘石,女仆的超秘石
6754,メイドの秘石,女仆的秘石
6755,メイドの大秘石,女仆的大秘石
6756,メイドの超秘石,女仆的超秘石
6757,海賊の秘石,海贼的秘石
6758,海賊の大秘石,海贼的大秘石
6759,海賊の超秘石,海贼的超秘石
6760,海賊の秘石,海贼的秘石
6761,海賊の大秘石,海贼的大秘石
6762,海賊の超秘石,海贼的超秘石
6763,王の秘石,王的秘石
6764,王の大秘石,王的大秘石
6765,王の超秘石,王的超秘石
6766,王の秘石,王的秘石
6767,王の大秘石,王的大秘石
6768,王の超秘石,王的超秘石
6769,勇者の秘石,勇者的秘石
6770,勇者の大秘石,勇者的大秘石
6771,勇者の超秘石,勇者的超秘石
6772,勇者の秘石,勇者的秘石
6773,勇者の大秘石,勇者的大秘石
6774,勇者の超秘石,勇者的超秘石
6775,ヒーローの秘石,英雄的秘石
6776,ヒーローの大秘石,英雄的大秘石
6777,ヒーローの超秘石,英雄的超秘石
6778,ヒーローの秘石,英雄的秘石
6779,ヒーローの大秘石,英雄的大秘石
6780,ヒーローの超秘石,英雄的超秘石
6781,魔法少女の秘石1,""
6782,魔法少女の秘石2,""
6783,魔法少女の秘石3,""
6784,魔法少女の秘石4,""
6785,魔法少女の秘石5,""
6786,魔法少女の秘石6,""
6787,妖術師の秘石,妖术师的秘石
6788,妖術師の大秘石,妖术师的大秘石
6789,妖術師の超秘石,妖术师的超秘石
6790,妖術師の秘石,妖术师的秘石
6791,妖術師の大秘石,妖术师的大秘石
6792,妖術師の超秘石,妖术师的超秘石
6793,魔神の秘石,魔神的秘石
6794,魔神の大秘石,魔神的大秘石
6795,魔神の超秘石,魔神的超秘石
6796,魔神の秘石,魔神的秘石
6797,魔神の大秘石,魔神的大秘石
6798,魔神の超秘石,魔神的超秘石
6799,ワームサマナーの秘石,蠕虫召唤师的秘石
6800,ワームサマナーの大秘石,蠕虫召唤师的大秘石
6801,ワームサマナーの超秘石,蠕虫召唤师的超秘石
6802,ワームサマナーの秘石,蠕虫召唤师的秘石
6803,ワームサマナーの大秘石,蠕虫召唤师的大秘石
6804,ワームサマナーの超秘石,蠕虫召唤师的超秘石
6805,妖魔の秘石,妖魔的秘石
6806,妖魔の大秘石,妖魔的大秘石
6807,妖魔の超秘石,妖魔的超秘石
6808,妖魔の秘石,妖魔的秘石
6809,妖魔の大秘石,妖魔的大秘石
6810,妖魔の超秘石,妖魔的超秘石
6811,妖怪の秘石,妖怪的秘石
6812,妖怪の大秘石,妖怪的大秘石
6813,妖怪の超秘石,妖怪的超秘石
6814,妖怪の秘石,妖怪的秘石
6815,妖怪の大秘石,妖怪的大秘石
6816,妖怪の超秘石,妖怪的超秘石
6817,サキュバスの秘石,魅魔的秘石
6818,サキュバスの大秘石,魅魔的大秘石
6819,サキュバスの超秘石,魅魔的超秘石
6820,サキュバスの秘石,魅魔的秘石
6821,サキュバスの大秘石,魅魔的大秘石
6822,サキュバスの超秘石,魅魔的超秘石
6823,吸血鬼の秘石,吸血鬼的秘石
6824,吸血鬼の大秘石,吸血鬼的大秘石
6825,吸血鬼の超秘石,吸血鬼的超秘石
6826,吸血鬼の秘石,吸血鬼的秘石
6827,吸血鬼の大秘石,吸血鬼的大秘石
6828,吸血鬼の超秘石,吸血鬼的超秘石
6829,人魚の秘石,人鱼的秘石
6830,人魚の大秘石,人鱼的大秘石
6831,人魚の超秘石,人鱼的超秘石
6832,人魚の秘石,人鱼的秘石
6833,人魚の大秘石,人鱼的大秘石
6834,人魚の超秘石,人鱼的超秘石
6835,エルフの秘石,精灵的秘石
6836,エルフの大秘石,精灵的大秘石
6837,エルフの超秘石,精灵的超秘石
6838,エルフの秘石,精灵的秘石
6839,エルフの大秘石,精灵的大秘石
6840,エルフの超秘石,精灵的超秘石
6841,フェアリーの秘石,妖精的秘石
6842,フェアリーの大秘石,妖精的大秘石
6843,フェアリーの超秘石,妖精的超秘石
6844,フェアリーの秘石,妖精的秘石
6845,フェアリーの大秘石,妖精的大秘石
6846,フェアリーの超秘石,妖精的超秘石
6847,スライムの秘石,史莱姆的秘石
6848,スライムの大秘石,史莱姆的大秘石
6849,スライムの超秘石,史莱姆的超秘石
6850,スライムの秘石,史莱姆的秘石
6851,スライムの大秘石,史莱姆的大秘石
6852,スライムの超秘石,史莱姆的超秘石
6853,魔獣の秘石,魔兽的秘石
6854,魔獣の大秘石,魔兽的大秘石
6855,魔獣の超秘石,魔兽的超秘石
6856,魔獣の秘石,魔兽的秘石
6857,魔獣の大秘石,魔兽的大秘石
6858,魔獣の超秘石,魔兽的超秘石
6859,妖狐の秘石,妖狐的秘石
6860,妖狐の大秘石,妖狐的大秘石
6861,妖狐の超秘石,妖狐的超秘石
6862,妖狐の秘石,妖狐的秘石
6863,妖狐の大秘石,妖狐的大秘石
6864,妖狐の超秘石,妖狐的超秘石
6865,ラミアの秘石,拉米亚的秘石
6866,ラミアの大秘石,拉米亚的大秘石
6867,ラミアの超秘石,拉米亚的超秘石
6868,ラミアの秘石,拉米亚的秘石
6869,ラミアの大秘石,拉米亚的大秘石
6870,ラミアの超秘石,拉米亚的超秘石
6871,スキュラの秘石,斯库拉的秘石
6872,スキュラの大秘石,斯库拉的大秘石
6873,スキュラの超秘石,斯库拉的超秘石
6874,スキュラの秘石,斯库拉的秘石
6875,スキュラの大秘石,斯库拉的大秘石
6876,スキュラの超秘石,斯库拉的超秘石
6877,ハーピーの秘石,哈比的秘石
6878,ハーピーの大秘石,哈比的大秘石
6879,ハーピーの超秘石,哈比的超秘石
6880,ハーピーの秘石,哈比的秘石
6881,ハーピーの大秘石,哈比的大秘石
6882,ハーピーの超秘石,哈比的超秘石
6883,ドラゴンの秘石,龙的秘石
6884,ドラゴンの大秘石,龙的大秘石
6885,ドラゴンの超秘石,龙的超秘石
6886,ドラゴンの秘石,龙的秘石
6887,ドラゴンの大秘石,龙的大秘石
6888,ドラゴンの超秘石,龙的超秘石
6889,陸棲種の秘石,陆栖种的秘石
6890,陸棲種の大秘石,陆栖种的大秘石
6891,陸棲種の超秘石,陆栖种的超秘石
6892,陸棲種の秘石,陆栖种的秘石
6893,陸棲種の大秘石,陆栖种的大秘石
6894,陸棲種の超秘石,陆栖种的超秘石
6895,海棲種の秘石,海栖种的秘石
6896,海棲種の大秘石,海栖种的大秘石
6897,海棲種の超秘石,海栖种的超秘石
6898,海棲種の秘石,海栖种的秘石
6899,海棲種の大秘石,海栖种的大秘石
6900,海棲種の超秘石,海栖种的超秘石
6901,妖虫の秘石,妖虫的秘石
6902,妖虫の大秘石,妖虫的大秘石
6903,妖虫の超秘石,妖虫的超秘石
6904,妖虫の秘石,妖虫的秘石
6905,妖虫の大秘石,妖虫的大秘石
6906,妖虫の超秘石,妖虫的超秘石
6907,アルラウネの秘石,阿娜温的秘石
6908,アルラウネの大秘石,阿娜温的大秘石
6909,アルラウネの超秘石,阿娜温的超秘石
6910,アルラウネの秘石,阿娜温的秘石
6911,アルラウネの大秘石,阿娜温的大秘石
6912,アルラウネの超秘石,阿娜温的超秘石
6913,ゾンビの秘石,僵尸的秘石
6914,ゾンビの大秘石,僵尸的大秘石
6915,ゾンビの超秘石,僵尸的超秘石
6916,ゾンビの秘石,僵尸的秘石
6917,ゾンビの大秘石,僵尸的大秘石
6918,ゾンビの超秘石,僵尸的超秘石
6919,ゴーストの秘石,幽灵的秘石
6920,ゴーストの大秘石,幽灵的大秘石
6921,ゴーストの超秘石,幽灵的超秘石
6922,ゴーストの秘石,幽灵的秘石
6923,ゴーストの大秘石,幽灵的大秘石
6924,ゴーストの超秘石,幽灵的超秘石
6925,ドールの秘石,人偶的秘石
6926,ドールの大秘石,人偶的大秘石
6927,ドールの超秘石,人偶的超秘石
6928,ドールの秘石,人偶的秘石
6929,ドールの大秘石,人偶的大秘石
6930,ドールの超秘石,人偶的超秘石
6931,キメラの秘石,奇美拉的秘石
6932,キメラの大秘石,奇美拉的大秘石
6933,キメラの超秘石,奇美拉的超秘石
6934,キメラの秘石,奇美拉的秘石
6935,キメラの大秘石,奇美拉的大秘石
6936,キメラの超秘石,奇美拉的超秘石
6937,天使の秘石,天使的秘石
6938,天使の大秘石,天使的大秘石
6939,天使の超秘石,天使的超秘石
6940,天使の秘石,天使的秘石
6941,天使の大秘石,天使的大秘石
6942,天使の超秘石,天使的超秘石
6943,ロイドの秘石,机器人的秘石
6944,ロイドの大秘石,机器人的大秘石
6945,ロイドの超秘石,机器人的超秘石
6946,ロイドの秘石,机器人的秘石
6947,ロイドの大秘石,机器人的大秘石
6948,ロイドの超秘石,机器人的超秘石
6949,巨人の秘石,巨人的秘石
6950,巨人の大秘石,巨人的大秘石
6951,巨人の超秘石,巨人的超秘石
6952,巨人の秘石,巨人的秘石
6953,巨人の大秘石,巨人的大秘石
6954,巨人の超秘石,巨人的超秘石
6955,アポトーシスの秘石,凋零者的秘石
6956,アポトーシスの大秘石,凋零者的大秘石
6957,アポトーシスの超秘石,凋零者的超秘石
6958,アポトーシスの秘石,凋零者的秘石
6959,アポトーシスの大秘石,凋零者的大秘石
6960,アポトーシスの超秘石,凋零者的超秘石
6961,女神の秘石,女神的秘石
6962,女神の大秘石,女神的大秘石
6963,女神の超秘石,女神的超秘石
6964,女神の秘石,女神的秘石
6965,女神の大秘石,女神的大秘石
6966,女神の超秘石,女神的超秘石
6967,邪神の秘石,邪神的秘石
6968,邪神の大秘石,邪神的大秘石
6969,邪神の超秘石,邪神的超秘石
6970,邪神の秘石,邪神的秘石
6971,邪神の大秘石,邪神的大秘石
6972,邪神の超秘石,邪神的超秘石
6973,清き市民の秘石,清结市民的秘石
6974,天使兵の秘石,天使兵的秘石
6975,神官の秘石,神官的秘石
6976,奴隷の秘石,奴隶的秘石
6977,奢りし者の秘石,奢靡者的秘石
6978,奢りし者の大秘石,奢侈者的大秘石
6979,奢りし者の超秘石,奢靡者的超秘石
6980,奢りし者の秘石,奢靡者的秘石
6981,奢りし者の秘石,奢靡者的秘石
6982,奢りし者の秘石,奢靡者的秘石
6983,物理軽減の秘石,物理减伤的秘石
6984,物理軽減の大秘石,物理减伤的大秘石
6985,物理軽減の超秘石,物理减伤的超秘石
6986,物理軽減の秘石,物理减伤的秘石
6987,物理軽減の秘石,物理减伤的秘石
6988,魔法軽減の秘石,魔法减伤的秘石
6989,魔法軽減の大秘石,魔法减伤的大秘石
6990,魔法軽減の超秘石,魔法减伤的超秘石
6991,魔法軽減の秘石,魔法减伤的秘石
6992,魔法軽減の秘石,魔法减伤的秘石
6993,万能軽減の秘石,万能减伤的秘石
6994,万能軽減の大秘石,万能减伤的大秘石
6995,万能軽減の超秘石,万能减伤的超秘石
6996,万能軽減の秘石,万能减伤的秘石
6997,万能軽減の秘石,万能减伤的秘石
6998,魔を嫌う者の秘石,厌恶魔物者的秘石
6999,魔を嫌う者の大秘石,厌恶魔物者的大秘石
7000,魔を嫌う者の秘石,厌恶魔物者的秘石
7001,魔を嫌う者の秘石,厌恶魔物者的秘石
7002,魔を嫌う者の秘石,厌恶魔物者的秘石
7003,緑を嫌う者の秘石,厌恶绿色者的秘石
7004,緑を嫌う者の大秘石,厌恶绿色者的大秘石
7005,緑を嫌う者の秘石,厌恶绿色者的秘石
7006,緑を嫌う者の秘石,厌恶绿色者的秘石
7007,緑を嫌う者の秘石,厌恶绿色者的秘石
7008,海を嫌う者の秘石,厌恶海洋者的秘石
7009,海を嫌う者の大秘石,厌恶海洋者的大秘石
7010,海を嫌う者の秘石,厌恶海洋者的秘石
7011,海を嫌う者の秘石,厌恶海洋者的秘石
7012,海を嫌う者の秘石,厌恶海洋者的秘石
7013,牙を嫌う者の秘石,厌恶利齿者的秘石
7014,牙を嫌う者の大秘石,厌恶利齿者的大秘石
7015,牙を嫌う者の秘石,厌恶利齿者的秘石
7016,牙を嫌う者の秘石,厌恶利齿者的秘石
7017,牙を嫌う者の秘石,厌恶利齿者的秘石
7018,羽を嫌う者の秘石,厌恶羽毛者的秘石
7019,羽を嫌う者の大秘石,厌恶羽毛者的大秘石
7020,羽を嫌う者の秘石,厌恶羽毛者的秘石
7021,羽を嫌う者の秘石,厌恶羽毛者的秘石
7022,羽を嫌う者の秘石,厌恶羽毛者的秘石
7023,死を嫌う者の秘石,厌恶死亡者的秘石
7024,死を嫌う者の大秘石,厌恶死亡者的大秘石
7025,死を嫌う者の秘石,厌恶死亡者的秘石
7026,死を嫌う者の秘石,厌恶死亡者的秘石
7027,死を嫌う者の秘石,厌恶死亡者的秘石
7028,無を嫌う者の秘石,厌恶虚无者的秘石
7029,無を嫌う者の大秘石,厌恶虚无者的大秘石
7030,無を嫌う者の秘石,厌恶虚无者的秘石
7031,無を嫌う者の秘石,厌恶虚无者的秘石
7032,無を嫌う者の秘石,厌恶虚无者的秘石
7033,勇気ある者の秘石,勇敢者的秘石
7034,勇気ある者の大秘石,勇敢者的大秘石
7035,勇気ある者の超秘石,勇敢者的超秘石
7036,勇気ある者の秘石,勇敢者的秘石
7037,勇気ある者の秘石,勇敢者的秘石
7038,勇気ある者の秘石,勇敢者的秘石
7039,道を求める者の秘石,追寻者的秘石
7040,道を求める者の秘石,追寻者的秘石
7041,道を求める者の秘石,追寻者的秘石
7042,道を求める者の秘石,追寻者的秘石
7043,道を求める者の秘石,追寻者的秘石
7044,道を求める者の秘石,追寻者的秘石
7045,カオスの極意書,混沌之极意书
7046,カオスの神書,混沌之神书
7047,カオスの混沌書,混沌之混沌书
7048,カオスの最終書,混沌之最终书
7050,カウンター攻撃力1段階アップ,反击攻击力提升1级
7051,クリティカルシックル,致命镰刀
7052,クリティカルアロー,致命箭
7053,クリティカルファン,致命扇
7054,クリティカルバレット,致命子弹
7055,クリティカルハープ,致命竖琴
7056,クリティカルメディスン,致命治疗
7057,クリティカルラミア,致命拉米亚
7058,クリティカルプラント,致命植物
7059,クリティカルデッド,致命死灵
7060,クリティカルゴースト,致命幽灵
7061,クリティカルウェポン,致命武器
7062,毒殺し,毒杀
7063,闇を支配する者のレイピア,支配黑暗者的细剑
7064,ヌルヌル殺しの刃,黏滑杀手的刀刃
7065,暗闇からの槍先,来自黑暗的枪
7066,暗闇からの斧撃,来自黑暗的斧击
7067,快楽昇天の鞭,快乐升天的鞭子
7068,粘度反応ブーメラン,粘度反应回旋镖
7069,重刃必殺,重刃必杀
7070,時刻みの拳,时刻之拳
7071,快楽昇天の拳,快乐升天的拳
7072,バリアントマジック,变异魔法
7073,通電黒魔法,通电黑魔法
7074,快楽昇天の魔導,快乐升天的魔导
7075,時の浸食,时间的侵蚀
7076,不覚の召喚,失策的召唤
7077,白の洗礼,白的洗礼
7078,黒の洗礼,黑的洗礼
7079,対反応陰陽術,对反应阴阳术
7080,ダークフォース,黑暗之力
7081,アルティメットフォース,究极之力
7082,快楽昇天の踊り,极乐升天的舞蹈
7083,快楽昇天の歌,极乐升天的歌声
7084,バリアントブック,变种书
7085,ヌルヌル殺しの御奉仕,黏滑杀手的侍奉
7086,快楽ラッシュ,极乐冲击
7087,滅びの海難,毁灭的海难
7088,快楽反応スライム,快乐反应史莱姆
7089,バリアントサイコ,变种念动
7090,バリアントインパクト,变异冲击
7091,長物断ちのナイフ,长物斩断的小刀
7092,勇気ある者の剣,勇者的剑
7093,勇気を極めた剣,极致勇气的剑
7094,高貴なる決闘,高贵的决斗
7095,破邪の刃,破邪之刃
7096,蛇殺しの刃,蛇杀之刃
7097,斬鉄,斩铁
7098,鳥刺しの槍,刺鸟之枪
7099,大樹断ちの斧,大树斩斧
7100,スライム潰しの棍,史莱姆粉碎棍
7101,使役者の鎌,使役者之镰
7102,混沌を狩る鎌,混沌猎镰
7103,獣狩りの矢,猎兽之矢
7104,人狩りの矢,猎人之矢
7105,アルフの弓技,亚尔夫的弓技
7106,アンゴルモアの弓技,安哥尔摩亚的弓技
7107,対カオス投射兵器,对混沌投射武器
7108,獣狩りの鞭,猎兽之鞭
7109,竜狩りの鞭,屠龙鞭
7110,対LSサバイバルブーメラン,对LS生存回旋镖
7111,対IPサバイバルブーメラン,对IP生存回旋镖
7112,甲殻潰しの鉄球,破甲铁球
7113,触手殺しの鉄球,触手杀手的铁球
7114,扇舞決闘,扇舞决斗
7115,自然破壊の弾丸,自然破坏弹丸
7116,軟体殺刃,软体杀刃
7117,竜滅の拳,龙灭之拳
7118,成仏拳,成佛拳
7119,吸魔殺しの魔術,吸魔杀之魔术
7120,アンチエレメンタル,反元素
7121,人形劣化術,人偶劣化术
7122,抹消措置：白,抹消措施：白
7123,抹消措置：黒,抹消措施：黑
7124,抹消措置：時,抹消措施：时
7125,カオス対処措置：白,混沌应对措施：白
7126,カオス対処措置：黒,混沌应对措施：黑
7127,カオス対処措置：時,混沌应对措施：时
7128,対神抹消措置：白,对神抹消措施：白
7129,対神抹消措置：黒,对神抹消措施：黑
7130,対神抹消措置：時,对神抹消措施：时
7131,破邪の符,破邪之符
7132,破邪のクナイ,破邪的苦无
7133,海狩り,海狩
7134,強敵を打ち破る一撃,击破强敌的一击
7135,真の必殺技,真正的必杀技
7136,欲喰いギャンブル,贪食赌博
7137,ダンスで勝負,舞蹈对决
7138,歌唱対決,歌唱对决
7139,除霊の話術,除灵的谈话术
7140,被造物への対抗策,对造物的对策
7141,妖魔殺しの本,妖魔杀手之书
7142,対兵器用マキナ,对兵器用器械
7143,巨人対抗処置,巨人对抗处置
7144,高貴なる者も満足の味,高贵者也满足的味道
7145,天使をも魅了する味,连天使也为之倾倒的味道
7146,効率的人体破壊,高效的人体破坏
7147,高貴なる者への御奉仕,对高贵者的侍奉
7148,天地を統べる,统御天地
7149,天軍の技能,天军技能
7150,堕天の技能,堕天技能
7151,天使を滅ぼす魔技,灭天使的魔技
7152,陸への敵対種,陆地的敌对种
7153,海への敵対種,海洋的敌对种
7154,触手殺しの蛇技,触手杀手的蛇技
7155,蛇殺しの触手,蛇杀手的触手
7156,植物殺しの虫技,植物杀手的虫技
7157,虫殺しの植物技,虫杀手的植物技
7158,破邪の屍技,破邪的尸技
7159,不浄,不净
7160,対天使機構,对天使机构
7161,被造物破壊処置,被造物破坏处置
7162,対カオス兵器,对混沌兵器
7163,キメラ殺しのブレス,奇美拉杀手的吐息
7164,星を貪る巨人,贪星巨人
7165,猛毒のナイフ,剧毒之小刀
7166,機先の剣,先机之剑
7167,絶命の刃,绝命之刃
7168,足止めの火矢,止步之火矢
7169,猛毒のブーメラン,猛毒之回旋镖
7170,アンチガードバレット,反防御子弹
7171,重刃圧倒,重刃压倒
7172,昇天拳,升天拳
7173,聖魔反応時魔法,圣魔反应时魔法
7174,猛毒のクナイ,猛毒的苦无
7175,海賊の搦め手,海贼的绞杀技
7176,ショッキングダンス,震撼舞蹈
7177,ショッキングソング,震撼歌曲
7178,アイドルダンス,偶像舞蹈
7179,アイドルソング,偶像歌曲
7180,極まりし偶像の踊り,极致偶像之舞
7181,極まりし偶像の歌,极致偶像之歌
7182,精神錯乱の話術,精神错乱的言术
7183,精神錯乱の本,精神错乱之书
7184,致死のマキナ,致命的器械
7185,洗礼料理,""
7186,サバト料理,萨巴特料理
7187,非道なる医術,非道的医术
7188,過剰な御奉仕,过度的侍奉
7189,クィーンの淫技,女王的淫技
7190,アドバンスドサイコ,高级念动
7191,天国技巧,天堂技巧
7192,ヌルヌルの触手,黏滑的触手
7193,ジャイアントインパクト,巨人冲击
7194,ホーリークリティカル,神圣致命
7195,ダーククリティカル,暗黑暴击
7196,神槍,神枪
7197,邪剣,邪剑
7198,修羅の刃,修罗之刃
7199,烈風の矢,烈风之矢
7200,修羅の弾丸,修罗之弹
7201,ナイトメアマギ,噩梦魔法
7202,快楽を極めし者,快乐达到极致者
7203,悪夢の触手,恶梦触手
7204,悪夢の突風,恶梦突风
7205,堕天反転,堕天反转
7206,残心,""
7207,常時肉斬骨断,常时肉斩骨断
7208,オート聖槍発動,自动圣枪发动
7209,オーバーウェイト,超重
7210,フォースエッジ,力量之刃
7211,ランダムフォース,随机之力
7212,魔法剣混沌属性付加,魔法剑混沌属性附加
7213,先駆けの召喚,先驱召唤
7214,過重召喚,过重召唤
7215,手裏剣ダメージ強化,手里剑伤害强化
7216,手裏剣ダメージ超強化,手里剑伤害超强化
7217,魅了の開幕,魅惑的开场
7218,ノンストップダンシング,不停歇的舞蹈
7219,ノンストップシンギング,不停歌唱
7220,ディレイダンス,延迟舞蹈
7221,オートランダマイザ,自动随机发生器
7222,属性ルーレット,属性轮盘
7223,スキルルーレット,技能轮盘
7224,サポートターン永続,支援回合永久
7225,ファーストアッセンブル,初次集结
7226,シールドガード自動発動,盾防御自动发动
7227,シールドリフレクト自動発動,盾反射自动发动
7228,ウィズヒール,治愈之力
7229,ウィズブレイブ,勇气之力
7230,ウィズアタック,攻击之力
7231,ウィズガード,防御之力
7232,ウィズマジック,魔法之力
7233,ウィズクイック,迅捷之力
7234,ウィズテクニック,技巧之力
7235,ウィズオール,全能之力
7236,ファーストスティール,初次偷窃
7237,盗賊神の心得,盗贼神的心得
7238,回避握手,""
7239,オートクッキング,自动烹饪
7240,元気モリモリ料理,元气满满料理
7241,活力モリモリ料理,活力满满料理
7242,メイドの片手間料理,女仆的空闲料理
7243,海賊技でぶんどる,海贼技抢夺
7244,魔神の肉体,魔神之躯
7245,無謬の肉体,无谬之肉体
7246,時間停止時能力アップ,时间停止时能力提升
7247,魔神の憤怒,魔神之愤怒
7248,ドレインカウンター,吸血反击
7249,バッドトリップ,坏旅行
7250,カナデフルライフ,祸抚全生命
7251,侵蝕粘液の眷属,侵蚀粘液的眷属
7252,不言の覚醒,不言的觉醒
7253,不見の覚醒,不见的觉醒
7254,オメガCIWS,欧米伽CIWS
7255,アシストギガバースト,辅助千兆爆发
7256,オメガビット,欧米伽比特
7257,プレスコンボ,压力连击
7258,六回攻撃,六次攻击
7259,強敵破りの神符,强敌破之神符
7260,俊足時魔法,敏捷时魔法
7261,剣技器用さ半分付加,剑技附加一半的灵巧
7262,刀技魔力半分付加,刀技附加一半的魔力
7263,槍技魔力半分付加,枪技附加一半的魔力
7264,槍技精神力半分付加,枪技附加一半的精神力
7265,斧技魔力半分付加,斧技附加一半的魔力
7266,棍技魔力半分付加,棍技附加一半的魔力
7267,弓技魔力半分付加,弓技附加一半的魔力
7268,鞭技魔力半分付加,鞭技附加一半的魔力
7269,鉄球技精神力半分付加,铁球技附加一半的精神力
7270,銃技精神力半分付加,铳技附加一半的精神力
7271,多武器技魔力半分付加,多武器技附加一半的魔力
7272,格闘器用さ半分付加,格斗附加一半的灵巧
7273,白魔法攻撃力半分付加,白魔法附加一半的攻击力
7274,黒魔法攻撃力半分付加,黑魔法附加一半的攻击力
7275,黒魔法器用さ半分付加,黑魔法附加一半的灵巧
7276,時魔法攻撃力半分付加,时魔法附加一半的攻击力
7277,時魔法素早さ半分付加,时魔法附加一半的敏捷
7278,召喚攻撃力半分付加,召唤附加一半的攻击力
7279,召喚器用さ半分付加,召唤附加一半的灵巧
7280,聖技攻撃力半分付加,圣技附加一半的攻击力
7281,闇技素早さ半分付加,暗技附加一半的敏捷
7282,闇技器用さ半分付加,暗技附加一半的灵巧
7283,陰陽術攻撃力半分付加,阴阳术附加一半的攻击力
7284,淫技攻撃力半分付加,淫技附加一半的攻击力
7285,淫技魔力半分付加,淫技附加一半的魔力
7286,海技器用さ半分付加,海技附加一半的灵巧
7287,粘液技魔力半分付加,粘液技附加一半的魔力
7288,触手技魔力半分付加,触手技附加一半的魔力
7289,翼技魔力半分付加,翼技附加一半的魔力
7290,造技精神力半分付加,造技附加一半的精神力
7291,自然感応素早さ半分付加,自然感应附加一半的敏捷
7292,自然感応器用さ半分付加,自然感应附加一半的灵巧
7293,ブレス器用さ半分付加,吐息附加一半的灵巧
7294,サイコ素早さ半分付加,念动附加一半的敏捷
7295,巨技魔力半分付加,巨技附加一半的魔力
7296,巨技器用さ半分付加,巨技附加一半的灵巧
7297,忍者チェーン,忍者链
7298,錬金術師チェーン,炼金术师链
7299,メイドチェーン,女仆链
7300,シェフチェーン,厨师链
7301,ドクターチェーン,医生链
7302,求道者コンボ,求道者连击
7303,特技チェーンA,特技链A
7304,特技チェーンJ,特技链J
7305,特技チェーンM,特技链M
7306,特技チェーンX,特技链X
7307,イズモ輪舞,伊兹莫轮舞
7308,人魚の神秘,人鱼的神秘
7309,土精チェーン,土精链
7310,土精コンボ,土精组合
7311,猛鳥乱舞,猛鸟乱舞
7312,荒れ狂う竜の乱撃,狂暴的龙之乱击
7313,巨人チェーン,巨人链
7314,カオスチェーン,卡奥斯链
7315,魔王獣,魔王兽
7316,鬼神王,""
7317,阿修羅王,阿修罗王
7318,クノイチドラキュリーナ,女忍德古莉娜
7319,アークドラキュリーナ,大魔导士德古莉娜
7320,伝説の海賊人魚,传说中的海贼人鱼
7321,アルフの剣士,亚尔夫剑士
7322,コスモノーム,诺姆之子
7323,猫又王,""
7324,人馬王,人马王
7325,牛魔王,""
7326,零尾獣,零尾兽
7327,無限聖蛇,无限圣蛇
7328,神蜘蛛,""
7329,カオスマミー,混沌木乃伊
7330,カオスドクター,混沌医生
7331,エターニティミミック,永恒宝箱怪
7332,究極至高ゴーレム,究极至高魔像
7333,バスター特化兵装,破坏者特化装备
7334,アサルト特化兵装,突击特化装备
7335,闇を貫く槍,贯穿黑暗的枪
7336,光を貫く槍,贯穿光之枪
7337,槍剣チェーン,枪剑链
7338,防御破壊の槍,防御破坏之枪
7339,洗礼の光,洗礼之光
7340,サイコソードチェーン,念动剑链
7342,究極剣士の証,究极剑士的证明
7343,フォースマスターの証,力量大师的证明
7344,神竜の騎士の証,神龙骑士的证明
7345,修羅の証,修罗的证明
7346,メテオブレイカーの証,流星破坏者的证明
7347,拳神の証,拳神的证明
7348,神の守護者の証,神之守护者的证明
7349,終焉魔導師の証,终焉魔导师的证明
7350,銀河魔導師の証,银河魔导师的证明
7351,混沌召喚士の証,混沌召唤士的证明
7352,太極陰陽師の証,太极阴阳师的证明
7353,永劫魔導師の証,永劫魔导师的证明
7354,ソーサラースプリームの証,至高魔法师的证明
7355,魔女の証,魔女的证明
7356,アルティメット魔法少女の証,终极魔法少女的证明
7357,狩神の証,狩神的证明
7358,銃神の証,铳神的证明
7359,カオスバスターの証,混沌破坏者的证明
7360,パーフェクトアームズの証,完美武器的证明
7361,盗神の証,盗神的证明
7362,忍神の証,忍神的证明
7363,七海覇王の証,七海霸王的证明
7364,ジャスティスカイザーの証,正义凯撒的证明
7365,エクセルシオールの証,破界英雄的证明
7366,商神の証,商神的证明
7367,ラストサバイバーの証,最后幸存者的证明
7368,ゴッドギャンブラーの証,赌神的证明
7369,舞踏神の証,舞蹈神的证明
7370,歌唱神の証,歌唱神的证明
7371,コズミックアイドルの証,宇宙偶像的证明
7372,QOBFの証,QOBF的证明
7373,禁忌科学者の証,禁忌科学家的证明
7374,トリスメギストスの証,三重伟大的证明
7375,アカシックレコードの証,阿卡西记录的证明
7376,ゴッドマシーナリーの証,神之机械的证明
7377,究極魔芸師の証,究极魔艺师的证明
7378,言霊神の証,言灵神的证明
7379,料理神の証,料理神的证明
7380,禁医の証,禁医的证明
7381,ゴッドメイドの証,神之女仆的证明
7382,オールジョブラウンダーの証,全能职业者的证明
7383,覇王の証,霸王的证明
7384,勇者の証,勇者的证明
7385,混沌の勇者の証,混沌的勇者的证明
7386,サイコトリニティの証,念动三位一体的证明
7387,ラストノーブルの証,最后的贵族的证明
7388,禁忌妖術師の証,禁忌妖术师的证明
7389,シールドヒーローの証,盾牌英雄的证明
7390,剣ヲ極メシ者の証,剑之极致者的证明
7391,全テヲ穿ツ者の証,贯穿一切者的证明
7392,全テヲ壊ス者の証,破坏一切者的证明
7393,拳ヲ極メシ者の証,拳之极致者的证明
7394,全テヲ護ル者の証,守护一切者的证明
7395,千ノ武具ヲ極メシ者の証,千种武具之极致者的证明
7396,全テヲ識ル者の証,全知者的证明
7397,全テヲ撃チ抜ク者の証,全能击穿者的证明
7398,音ヨリモ速キ者の証,超音速者的证明
7399,極マリシ偶像の証,极致偶像的证明
7400,快楽ヲ極メシ者の証,追求快乐者的证明
7401,真理ノ探究者の証,真理探究者的证明
7402,万職ヲ極メシ仕事人の証,万职极尽的工匠的证明
7403,英雄王の証,英雄王的证明
7404,ジャッジメントの証,审判者的证明
7405,ワールドブレイカーの証,世界破坏者的证明
7406,職無キ者の証,无职者的证明
7407,もんむす・くえすと！の証,勇者大战魔物娘！的证明
7409,魔神の証,魔神的证明
7410,超魔神の証,超魔神的证明
7411,混沌の魔神の証,混沌的魔神的证明
7412,ワームエンプレスの証,蠕虫女皇的证明
7413,万魔の宿主の証,万魔之宿主的证明
7414,魔王の証,魔王的证明
7415,大魔王の証,大魔王的证明
7416,妖怪王の証,妖怪王的证明
7417,マガツオオミカミの証,祸津大御神的证明
7418,リリスナイトメアの証,莉莉丝梦魇的证明
7419,バビロンの大淫婦の証,巴比伦的大淫妇的证明
7420,ドラキュリーナの証,德古莉娜的证明
7421,神祖の証,神祖的证明
7422,伝説の神魚の証,传说之神鱼的证明
7423,ワールドドロウンの証,世界沉没者的证明
7424,アルフ神族の証,亚尔夫神族的证明
7425,アンゴルモアの証,安哥尔摩亚的证明
7426,コスモフェアリーの証,宇宙妖精的证明
7427,コスモスの証,宇宙神蝶的证明
7428,究極群体生命の証,究极群体生命的证明
7429,カナデの証,祸抚的证明
7430,百獣王の証,百兽王的证明
7431,時の神獣の証,时之神兽的证明
7432,零尾の狐の証,零尾狐的证明
7433,白面金毛九尾の狐の証,白面金毛九尾狐的证明
7434,ウロボロスの証,衔尾蛇的证明
7435,淫欲の堕蛇の証,淫欲的堕蛇的证明
7436,インフィニティスキュラの証,无限斯库拉的证明
7437,正体不明触手禍の証,正体不明触手祸的证明
7438,神鳥の証,神鸟的证明
7439,フェニックスの証,凤凰的证明
7440,神竜の証,神龙的证明
7441,虚竜の証,虚龙的证明
7442,百魔の王の証,百魔之王的证明
7443,次元侵蝕者の証,次元侵蚀者的证明
7444,海神の証,海神的证明
7445,名状しがたきものの証,不可名状之物的证明
7446,神蟲の証,神虫的证明
7447,バアル・ゼブルの証,巴尔・泽布尔的证明
7448,世界樹花の証,世界树之花的证明
7449,千樹華音の証,千树华音的证明
7450,カオスアンデッドの証,混沌不死者的证明
7451,ノーライフキングの証,无生之王的证明
7452,エターニティの証,永恒的证明
7453,死神の証,死神的证明
7454,究極至高人形の証,究极至高人偶的证明
7455,影、紬ぐ人形の証,影、䌷人偶的证明
7456,ウェポンタイプの証,武器类型的证明
7457,オメガタイプの証,欧米伽之型的证明
7458,熾天使の証,炽天使的证明
7459,七大天使の証,七大天使的证明
7460,アサルトバスターの証,突击破坏者的证明
7461,シンギュラリティの証,奇点的证明
7462,巨神王の証,巨神王的证明
7463,星喰いの証,星喰的证明
7464,X型アポトーシスの証,X型凋零者的证明
7465,XX型アポトーシスの証,XX型凋零者的证明
7466,混沌の使徒の証,混沌的使徒的证明
7467,創世の女神の証,创世女神的证明
7468,邪神の証,邪神的证明
7469,第三の神の証,第三神的证明
7470,カオスの証,混沌的证明
7472,斬武器マスタリーΩ,斩武器精通Ω
7473,突武器マスタリーΩ,突武器精通Ω
7474,打武器マスタリーΩ,打武器精通Ω
7475,体武器マスタリーΩ,体武器精通Ω
7476,魔武器マスタリーΩ,魔武器精通Ω
7477,射武器マスタリーΩ,射武器精通Ω
7478,速武器マスタリーΩ,速武器精通Ω
7479,楽武器マスタリーΩ,乐武器精通Ω
7480,淫武器マスタリーΩ,淫武器精通Ω
7481,職武器マスタリーΩ,职武器精通Ω
7482,混沌マスタリーΩ,混沌精通Ω
7483,服マスタリーΩ,服装精通Ω
7484,鎧マスタリーΩ,铠精通Ω
7485,ローブマスタリーΩ,长袍精通Ω
7486,ドレスマスタリーΩ,礼服精通Ω
7487,兜マスタリーΩ,盔精通Ω
7488,魔帽マスタリーΩ,魔法帽精通Ω
7489,盾マスタリーΩ,盾精通Ω
7491,天軍の長の証,天军之长的证明
7492,明けの明星の証,璀璨之明星的证明
7493,全テヲ癒ス者の証,全治愈者的证明
7498,歴史を超えし者の極秘石,超越历史者的极秘石
7499,歴史を超えし者の無限秘石,超越历史者的无限秘石
7500,歴史を超えし者の最終秘石,超越历史者的最终秘石
7501,アサシンソウルの極秘石,刺客灵魂的极秘石
7502,アサシンソウルの無限秘石,刺客灵魂的无限秘石
7503,アサシンソウルの最終秘石,刺客灵魂的最终秘石
7504,絶技剣皇の極秘石,绝技剑皇的极秘石
7505,絶技剣皇の無限秘石,绝技剑皇的无限秘石
7506,絶技剣皇の最終秘石,绝技剑皇的最终秘石
7507,アーサーソウルの極秘石,亚瑟灵魂的极秘石
7508,アーサーソウルの無限秘石,亚瑟灵魂的无限秘石
7509,アーサーソウルの最終秘石,亚瑟灵魂的最终秘石
7510,斬鉄覇王の極秘石,斩铁霸王的极秘石
7511,斬鉄覇王の無限秘石,斩铁霸王的无限秘石
7512,斬鉄覇王の最終秘石,斩铁霸王的最终秘石
7513,エビルハートの極秘石,恶魔之心的极秘石
7514,エビルハートの無限秘石,恶魔之心的无限秘石
7515,エビルハートの最終秘石,恶魔之心的最终秘石
7516,飛竜覇道の極秘石,飞龙霸道的极秘石
7517,飛竜覇道の無限秘石,飞龙霸道的无限秘石
7518,飛竜覇道の最終秘石,飞龙霸道的最终秘石
7519,征魔大将軍の極秘石,征魔大将军的极秘石
7520,征魔大将軍の無限秘石,征魔大将军的无限秘石
7521,征魔大将軍の最終秘石,征魔大将军的最终秘石
7522,塵隠忍皇の極秘石,尘隐忍皇的极秘石
7523,塵隠忍皇の無限秘石,尘隐忍皇的无限秘石
7524,塵隠忍皇の最終秘石,尘隐忍皇的最终秘石
7525,カイザーハートの極秘石,凯撒之心的极秘石
7526,カイザーハートの無限秘石,凯撒之心的无限秘石
7527,カイザーハートの最終秘石,凯撒之心的最终秘石
7528,ドラゴンブラッドの極秘石,龙血的极秘石
7529,ドラゴンブラッドの無限秘石,龙血的无限秘石
7530,ドラゴンブラッドの最終秘石,龙血的最终秘石
7531,アクスジハードの極秘石,斧之圣战的极秘石
7532,アクスジハードの無限秘石,斧之圣战的无限秘石
7533,アクスジハードの最終秘石,斧之圣战的最终秘石
7534,壊皇の極秘石,破坏皇的极秘石
7535,壊皇の無限秘石,破坏皇的无限秘石
7536,壊皇の最終秘石,破坏皇的最终秘石
7537,ダークデスサイズの極秘石,暗黑死亡镰刀的极秘石
7538,ダークデスサイズの無限秘石,暗黑死亡镰刀的无限秘石
7539,ダークデスサイズの最終秘石,暗黑死亡镰刀的最终秘石
7540,ホーリーソウルの極秘石,神圣灵魂的极秘石
7541,ホーリーソウルの無限秘石,神圣灵魂的无限秘石
7542,ホーリーソウルの最終秘石,神圣灵魂的最终秘石
7543,アークロードの極秘石,霸王的极秘石
7544,アークロードの無限秘石,霸王的无限秘石
7545,アークロードの最終秘石,霸王的最终秘石
7546,アルテミスムーンの極秘石,月神的极秘石
7547,アルテミスムーンの無限秘石,月神的无限秘石
7548,アルテミスムーンの最終秘石,月神的最终秘石
7549,月覇鞭姫の極秘石,月霸鞭姬的极秘石
7550,月覇鞭姫の無限秘石,月霸鞭姬的无限秘石
7551,月覇鞭姫の最終秘石,月霸鞭姬的最终秘石
7552,スターダストハートの極秘石,星尘之心的极秘石
7553,スターダストハートの無限秘石,星尘之心的无限秘石
7554,スターダストハートの最終秘石,星尘之心的最终秘石
7555,天魔扇舞の極秘石,天魔扇舞的极秘石
7556,天魔扇舞の無限秘石,天魔扇舞的无限秘石
7557,天魔扇舞の最終秘石,天魔扇舞的最终秘石
7558,ガンズオブヘブンの極秘石,天堂之铳的极秘石
7559,ガンズオブヘブンの無限秘石,天堂之铳的无限秘石
7560,ガンズオブヘブンの最終秘石,天堂之铳的最终秘石
7562,アンゴルモアの極秘石,安哥尔摩亚的极秘石
7563,アンゴルモアの無限秘石,安哥尔摩亚的无限秘石
7564,アンゴルモアの最終秘石,安哥尔摩亚的最终秘石
7565,マガツオオミカミの極秘石,祸津大御神的极秘石
7566,マガツオオミカミの無限秘石,祸津大御神的无限秘石
7567,マガツオオミカミの最終秘石,祸津大御神的最终秘石
7568,シンギュラリティの極秘石,奇点的极秘石
7569,シンギュラリティの無限秘石,奇点的无限秘石
7570,シンギュラリティの最終秘石,奇点的最终秘石
7571,ワールドドロウンの極秘石,世界沉没者的极秘石
7572,ワールドドロウンの無限秘石,世界沉没者的无限秘石
7573,ワールドドロウンの最終秘石,世界沉没者的最终秘石
7574,コスモスの極秘石,宇宙神蝶的极秘石
7575,コスモスの無限秘石,宇宙神蝶的无限秘石
7576,コスモスの最終秘石,宇宙神蝶的最终秘石
7577,ノーライフキングの極秘石,无生之王的极秘石
7578,ノーライフキングの無限秘石,无生之王的无限秘石
7579,ノーライフキングの最終秘石,无生之王的最终秘石
7580,バアル・ゼブブの極秘石,巴力・西卜的极秘石
7581,バアル・ゼブブの無限秘石,巴力・西卜的无限秘石
7582,バアル・ゼブブの最終秘石,巴力・西卜的最终秘石
7583,七つの大罪の極秘石,七宗罪的极秘石
7584,七つの大罪の無限秘石,七宗罪的无限秘石
7585,七つの大罪の最終秘石,七宗罪的最终秘石
7586,全てを識る者の極秘石,全知者的极秘石
7587,全てを識る者の無限秘石,全知者的无限秘石
7588,全てを識る者の最終秘石,全知者的最终秘石
7589,エキドナの極秘石,厄喀德那的极秘石
7590,エキドナの無限秘石,厄喀德那的无限秘石
7591,エキドナの最終秘石,厄喀德那的最终秘石
7592,ダークフェニックスの極秘石,暗黑凤凰的极秘石
7593,ダークフェニックスの無限秘石,暗黑凤凰的无限秘石
7594,ダークフェニックスの最終秘石,暗黑凤凰的最终秘石
7595,次元侵蝕者の極秘石,次元侵蚀者的极秘石
7596,次元侵蝕者の無限秘石,次元侵蚀者的无限秘石
7597,次元侵蝕者の最終秘石,次元侵蚀者的最终秘石
7598,クトゥルフの極秘石,克苏鲁的极秘石
7599,クトゥルフの無限秘石,克苏鲁的无限秘石
7600,クトゥルフの最終秘石,克苏鲁的最终秘石
7601,星喰いの極秘石,星喰的极秘石
7602,星喰いの無限秘石,星喰的无限秘石
7603,星喰いの最終秘石,星喰的最终秘石
7604,虚竜の極秘石,虚龙的极秘石
7605,虚竜の無限秘石,虚龙的无限秘石
7606,虚竜の最終秘石,虚龙的最终秘石
7607,三闘神・光の極秘石,三斗神・光的极秘石
7608,三闘神・光の無限秘石,三斗神・光的无限秘石
7609,三闘神・光の最終秘石,三斗神・光的最终秘石
7610,三闘神・闇の極秘石,三斗神・暗的极秘石
7611,三闘神・闇の無限秘石,三斗神・暗的无限秘石
7612,三闘神・闇の最終秘石,三斗神・暗的最终秘石
7613,三闘神・混沌の極秘石,三斗神・混沌的极秘石
7614,三闘神・混沌の無限秘石,三斗神・混沌的无限秘石
7615,三闘神・混沌の最終秘石,三斗神・混沌的最终秘石
7616,破滅を制する者の神秘石,破灭征服者的神秘石
7617,破滅を制する者の究極秘石,破灭征服者的究极秘石
7618,破滅を制する者の最終秘石,破灭征服者的最终秘石
7619,ワールドブレイカーの神秘石,世界破坏者的神秘石
7620,ワールドブレイカーの究極秘石,世界破坏者的究极秘石
7621,ワールドブレイカーの最終秘石,世界破坏者的最终秘石
7622,ジャッジメントの神秘石,审判者的神秘石
7623,ジャッジメントの究極秘石,审判者的究极秘石
7624,ジャッジメントの最終秘石,审判的最终秘石
7625,カオスの神秘石,混沌的神秘石
7626,カオスの究極秘石,混沌的究极秘石
7627,カオスの最終秘石,混沌的最终秘石
7628,混沌を晴らす者の神秘石,使混沌放晴之人的神秘石
7629,混沌を晴らす者の究極秘石,使混沌放晴之人的究极秘石
7630,混沌を晴らす者の最終秘石,使混沌放晴之人的最终秘石
7632,力のオーバーロード,力量超负荷
7633,守りのオーバーロード,守护超负荷
7634,魔力のオーバーロード,魔力超负荷
7635,精神のオーバーロード,精神超负荷
7636,素早さのオーバーロード,敏捷超负荷
7637,器用さのオーバーロード,灵巧超负荷
7638,絶対的神聖存在,绝对神圣存在
7639,絶対的破壊存在,绝对的破坏存在
7640,フォトンエンジン,光子引擎
7641,ワールドエンジン,世界引擎
7642,全能のオーバーロード,全能超负荷
7644,魔物技消費SP3/4,""
7645,魔物技消費SP1/2,""
7646,魔物技消費SP1/4,""
7647,魔物技消費SPなし,魔物技无消耗SP
7648,魔物技精神力付加,魔物技精神力附加
7649,暴徹,暴彻
7650,守徹,守彻
7651,魔徹,魔彻
7652,精徹,精彻
7653,速徹,速彻
7654,技徹,技彻
7655,魔物技ダブルチェーン,魔物技双重链
7656,魔物技トリプルチェーン,魔物技三重链
7657,魔物技ブースター,魔物技增强
7658,魔物技ハイブースター,魔物技高级增强
7659,魔物技エクスブースター,魔物技极限增强
7660,魔物技オーバーブースター,魔物技超增强
7661,獣性,兽性
7662,過剰獣性,过度兽性
7663,破滅獣性,毁灭兽性
7664,捕食無効,捕食无效
7665,貪欲の極み,贪婪之极
7666,破滅の晩鐘,毁灭的晚钟
7667,破滅の遮蔽,破灭的遮蔽
7668,破滅の追撃,破灭的追击
7669,破滅の逆境,破灭的逆境
7670,超魔生物の証,超魔生物的证明
7671,破滅事象の証,破灭事象的证明
7672,バレットタイム,子弹时间
7673,灰燼の武技,灰烬武技
7674,驚速の武技,惊速武技
7675,圧壊の武技,压碎武技
7676,追打の武技,追打武技
7677,逆境の武技,逆境武技
7678,暗殺の武技,暗杀武技
7679,お仕置きの武技,惩罚的武技
7680,乾坤一擲,孤注一掷
7681,全武技防御力付加,全武技防御力附加
7682,全武技魔力付加,全武技魔力附加
7683,全武技精神力付加,全武技精神力附加
7684,全武技素早さ付加,全武技敏捷附加
7685,全武技器用さ付加,全武技灵巧附加
7686,お仕置きの職技,惩罚的职技
7687,絶え間なき魅惑,无尽的魅惑
7688,ランダムアクト,随机行动
7689,全職技防御力付加,全职技防御力附加
7690,全職技魔力付加,全职技魔力附加
7691,全職技精神力付加,全职技精神力附加
7692,全職技素早さ付加,全职技敏捷附加
7693,対聖素消滅反応,对圣素消亡反应
7694,対魔素消滅反応,对魔素消亡反应
7695,ウィッチタイム,魔女时间
7696,癒し手の使命,治愈者的使命
7697,癒しより他に道無し,除了治愈别无他法
7698,麒麟の助け,麒麟的帮助
7699,氷帰蝶の助け,冰归蝶的援助
7700,全魔法攻撃力付加,所有魔法附加攻击力
7701,全魔法防御力付加,所有魔法附加防御力
7702,全魔法精神力付加,所有魔法附加精神力
7703,全魔法素早さ付加,所有魔法附加敏捷
7704,全魔法器用さ付加,所有魔法附加灵巧
7705,真・守護者の祈り,真・守护者的祈祷
7706,警戒職技,警戒职技
7707,回避パワーチャージ,回避力量充能
7708,回避マジックチャージ,回避魔法充能
7709,回避テクニックチャージ,回避技巧充能
7710,衝撃吸収パワーチャージ,冲击吸收力量充能
7711,衝撃吸収マジックチャージ,冲击吸收魔法充能
7712,衝撃吸収テクニックチャージ,冲击吸收技巧充能
7713,混沌武器の書,混沌武器之书
7714,混沌武器の秘伝書,混沌武器之秘传书
7715,混沌武器の極意書,混沌武器之极意书
7716,混沌武器オーバーブースター,混沌武器超增强
7717,癒し手のコンボ,治愈手组合
7718,トリは踊りで,鸟跃舞
7719,トリは歌で,鸟鸣曲
7720,極上の一本,极上的一击
7721,至高の一本,至高的一击
7722,混沌乾坤一擲,混沌乾坤一掷
7723,混沌バレットタイム,混沌子弹时间
7724,混沌念,""
7725,銃技連撃回数5アップ,铳技连击次数增加5
7726,寝技,""
7727,影紬大爆発,影䌷大爆炸
7728,混沌ウィッチタイム,混沌魔女时间
7729,聖技連撃回数3アップ,圣技连击次数增加3
7730,聖技連撃回数4アップ,圣技连击次数增加4
7731,闇技連撃回数3アップ,暗技连击次数增加3
7732,闇技連撃回数4アップ,暗技连击次数增加4
7733,混沌より迫るもの,混沌逼近之物
7734,混沌を祓う混沌,驱除混沌的混沌
7735,触手技連撃回数5アップ,触手技连击次数增加5
7736,造技連撃回数4アップ,造技连击次数增加4
7737,カオス連撃回数3アップ,混沌连击次数增加3
7738,カオス連撃回数4アップ,混沌连击次数增加4
7739,デウスの鼓動,神之鼓动
7740,ヌル・コンボ,软・连击
7741,デウスの連技,神之连技
7742,女神連技,女神连技
7743,邪神連技,邪神连技
7744,三番目のロンド,第三乐章
7745,混沌の精霊の証,混沌精灵的证明
7746,デウスエクスマキナの証,机械降神的证明
7747,ラッシュターン延長,急速回合延长
7748,ラッシュターン超延長,急速回合超延长
7749,ラッシュターン永続,连击回合永久
7750,ウルトラチャンス,超级机会
7751,精霊強化,精灵强化
7756,ロイド破りの沌符,""
7757,ロイド破りの終符,""
7758,アポトーシス破りの沌符,""
7759,アポトーシス破りの終符,""
7760,飛行破りの沌符,""
7761,飛行破りの終符,""
7763,人破りの沌符,""
7764,人破りの終符,""
7765,妖魔破りの沌符,""
7766,妖魔破りの終符,""
7767,妖怪破りの沌符,""
7768,妖怪破りの終符,""
7769,淫魔破りの沌符,""
7770,淫魔破りの終符,""
7771,吸血鬼破りの沌符,""
7772,吸血鬼破りの終符,""
7773,人魚破りの沌符,""
7774,人魚破りの終符,""
7775,エルフ破りの沌符,""
7776,エルフ破りの終符,""
7777,妖精破りの沌符,""
7778,妖精破りの終符,""
7779,スライム破りの沌符,""
7780,スライム破りの終符,""
7781,魔獣破りの沌符,""
7782,魔獣破りの終符,""
7783,妖狐破りの沌符,""
7784,妖狐破りの終符,""
7785,ラミア破りの沌符,""
7786,ラミア破りの終符,""
7787,スキュラ破りの沌符,""
7788,スキュラ破りの終符,""
7789,ハーピー破りの沌符,""
7790,ハーピー破りの終符,""
7791,ドラゴン破りの沌符,""
7792,ドラゴン破りの終符,""
7793,陸棲種破りの沌符,""
7794,陸棲種破りの終符,""
7795,海棲種破りの沌符,""
7796,海棲種破りの終符,""
7797,虫破りの沌符,""
7798,虫破りの終符,""
7799,植物破りの沌符,""
7800,植物破りの終符,""
7801,ゾンビ破りの沌符,""
7802,ゾンビ破りの終符,""
7803,ゴースト破りの沌符,""
7804,ゴースト破りの終符,""
7805,ドール破りの沌符,""
7806,ドール破りの終符,""
7807,キメラ破りの沌符,""
7808,キメラ破りの終符,""
7809,天使破りの沌符,""
7810,天使破りの終符,""
7811,巨人破りの沌符,""
7812,巨人破りの終符,""
7813,通常攻撃6段階,""
7814,会心を繰り出す者の神秘石,""
7815,会心を繰り出す者の無限秘石,""
7816,会心を繰り出す者の究極秘石,""
7817,会心を繰り出す者の混沌秘石,""
7818,会心を繰り出す者の最終秘石,""
7819,魔を嫌う者の最終秘石,厌恶魔物者的最终秘石
7820,緑を嫌う者の最終秘石,厌恶绿色者的最终秘石
7821,海を嫌う者の最終秘石,厌恶海洋者的最终秘石
7822,牙を嫌う者の最終秘石,厌恶利齿者的最终秘石
7823,羽を嫌う者の最終秘石,厌恶羽毛者的最终秘石
7824,死を嫌う者の最終秘石,厌恶死亡者的最终秘石
7825,無を嫌う者の最終秘石,厌恶虚无者的最终秘石
7827,SP消費1/10,""
7828,MP消費1/10,""
7829,世紀末覇王肩パッド,世纪末霸王肩垫
7830,究極世紀末覇王肩パッド,究极世纪末霸王肩垫
7831,反射ダメージ6段階アップ,反射伤害提升6级
7832,反射ダメージ7段階アップ,反射伤害提升7级
7833,反射ダメージ8段階アップ,反射伤害提升8级
7834,カオスザリング,混沌戒指
7835,エンドザリング,终末戒指
7836,終水,终水
7837,最終英雄の手甲,""
7838,物理に親しむ者の最終秘石,物理亲和者的最终秘石
7839,快楽に親しむ者の最終秘石,快乐亲和者的最终秘石
7840,炎に親しむ者の最終秘石,炎之亲和者的最终秘石
7841,氷に親しむ者の最終秘石,冰之亲和者的最终秘石
7842,雷に親しむ者の最終秘石,雷之亲和者的最终秘石
7843,風に親しむ者の最終秘石,风之亲和者的最终秘石
7844,土に親しむ者の最終秘石,土之亲和者的最终秘石
7845,水に親しむ者の最終秘石,水之亲和者的最终秘石
7846,光に親しむ者の最終秘石,光之亲和者的最终秘石
7847,闇に親しむ者の最終秘石,暗之亲和者的最终秘石
7848,音波に親しむ者の最終秘石,音波亲和者的最终秘石
7849,バイオに親しむ者の最終秘石,生化亲和者的最终秘石
7850,癒しに親しむ者の最終秘石,治愈亲和者的最终秘石
7851,固有アビリティ発動無効化,""
8001,終焉を添い遂げる者の指輪,终焉之伴者戒指
8002,永劫を共に歩む者のチョーカー,永劫同行者项圈
8003,蔓日々草の指輪,蔓日草之戒
8004,剣の誓い,剑之誓约
8005,枷を破る者のリスト,破枷者的手镯
8006,誓久の符,誓久的符
8007,ひとつになれるゼリー,合为一体的果冻
8008,天軍煌輝の指輪,天军煌辉之戒
8009,明星回帰の指輪,明星回归之戒
8010,勇者装束の第二ボタン,勇者装束的第二枚纽扣
8011,お揃いの白衣,配套的白衣
8012,謎の骨,谜之骨
8013,既成事実,既成事实
8014,紬の手甲,䌷之护手
8015,だいすきブーメラン,最喜欢的回旋镖
8016,母への手紙,致母亲的信件
8017,秘密のかんざし,秘密的发簪
8018,パパへの結婚指輪,送给爸爸的婚戒
8019,不思議な角,不可思议的角
8020,エデンの土,伊甸之土
